lot,wafer,x,y,hbin,sbin,leakage,voltage,frequency
CLUST-LOT-03,W01,-19,-3,1,10,2.35,1.81,2094.19
CLUST-LOT-03,W01,-19,-2,1,10,2.59,1.82,2096.43
CLUST-LOT-03,W01,-19,-1,1,10,2.88,1.79,2077.5
CLUST-LOT-03,W01,-19,0,1,10,2.46,1.79,2063.22
CLUST-LOT-03,W01,-19,1,1,10,3.36,1.79,2111.67
CLUST-LOT-03,W01,-19,2,1,10,3.06,1.81,2101.67
CLUST-LOT-03,W01,-19,3,1,10,2.53,1.84,2130
CLUST-LOT-03,W01,-18,-6,1,10,2.82,1.84,2103.04
CLUST-LOT-03,W01,-18,-5,1,10,2.7,1.82,2070.79
CLUST-LOT-03,W01,-18,-4,1,10,3.44,1.78,2061.67
CLUST-LOT-03,W01,-18,-3,1,10,3.23,1.8,2065.26
CLUST-LOT-03,W01,-18,-2,1,10,3.1,1.84,2055.79
CLUST-LOT-03,W01,-18,-1,1,10,2.76,1.77,2089.13
CLUST-LOT-03,W01,-18,0,1,10,2.49,1.83,2062.17
CLUST-LOT-03,W01,-18,1,1,10,2.33,1.8,2093.39
CLUST-LOT-03,W01,-18,2,1,10,2.92,1.81,2106.52
CLUST-LOT-03,W01,-18,3,1,10,2.45,1.78,2086.8
CLUST-LOT-03,W01,-18,4,1,10,3,1.81,2085.12
CLUST-LOT-03,W01,-18,5,1,10,2.25,1.79,2095.37
CLUST-LOT-03,W01,-18,6,1,10,3.48,1.8,2050.02
CLUST-LOT-03,W01,-17,-9,1,10,2.18,1.84,2102.17
CLUST-LOT-03,W01,-17,-8,1,10,2.68,1.79,2074.72
CLUST-LOT-03,W01,-17,-7,1,10,2.96,1.81,2140.04
CLUST-LOT-03,W01,-17,-6,1,10,3.23,1.82,2037.38
CLUST-LOT-03,W01,-17,-5,1,10,3.54,1.76,2063.25
CLUST-LOT-03,W01,-17,-4,1,10,2.72,1.75,2065.35
CLUST-LOT-03,W01,-17,-3,1,10,2.71,1.81,2079.81
CLUST-LOT-03,W01,-17,-2,1,10,2.93,1.81,2070.24
CLUST-LOT-03,W01,-17,-1,1,10,2.8,1.85,2054.29
CLUST-LOT-03,W01,-17,0,1,10,2.91,1.82,2086.34
CLUST-LOT-03,W01,-17,1,1,10,2.52,1.8,2059.77
CLUST-LOT-03,W01,-17,2,1,10,2.76,1.82,2121.02
CLUST-LOT-03,W01,-17,3,1,10,2.65,1.78,2130.99
CLUST-LOT-03,W01,-17,4,1,10,2.91,1.77,2112.9
CLUST-LOT-03,W01,-17,5,1,10,2.83,1.82,2066.05
CLUST-LOT-03,W01,-17,6,1,10,2.97,1.75,2059.38
CLUST-LOT-03,W01,-17,7,1,10,2.79,1.88,2068.44
CLUST-LOT-03,W01,-17,8,1,10,2.33,1.76,2099.4
CLUST-LOT-03,W01,-17,9,1,10,2.6,1.8,2131.62
CLUST-LOT-03,W01,-16,-10,1,10,2.96,1.8,2093.42
CLUST-LOT-03,W01,-16,-9,2,23,2.93,1.83,2109.48
CLUST-LOT-03,W01,-16,-8,1,10,2.3,1.8,2084.02
CLUST-LOT-03,W01,-16,-7,1,10,3,1.78,2104.56
CLUST-LOT-03,W01,-16,-6,1,10,2.73,1.83,2083.76
CLUST-LOT-03,W01,-16,-5,1,10,2.83,1.75,2135.41
CLUST-LOT-03,W01,-16,-4,1,10,2.88,1.8,2095.29
CLUST-LOT-03,W01,-16,-3,1,10,2.91,1.86,2061.99
CLUST-LOT-03,W01,-16,-2,1,10,3.37,1.82,2121.76
CLUST-LOT-03,W01,-16,-1,1,10,2.82,1.81,2073.69
CLUST-LOT-03,W01,-16,0,1,10,2.8,1.78,2124.13
CLUST-LOT-03,W01,-16,1,1,10,3.04,1.8,2089.97
CLUST-LOT-03,W01,-16,2,1,10,2.93,1.8,2107.73
CLUST-LOT-03,W01,-16,3,1,10,2.67,1.77,2076.29
CLUST-LOT-03,W01,-16,4,1,10,2.8,1.76,2098.87
CLUST-LOT-03,W01,-16,5,1,10,3.08,1.79,2079.78
CLUST-LOT-03,W01,-16,6,1,10,3.13,1.81,2077.1
CLUST-LOT-03,W01,-16,7,1,10,2.45,1.79,2098.53
CLUST-LOT-03,W01,-16,8,1,10,3.82,1.73,2107.91
CLUST-LOT-03,W01,-16,9,1,10,2.6,1.78,2080.64
CLUST-LOT-03,W01,-16,10,1,10,2.67,1.78,2123.26
CLUST-LOT-03,W01,-15,-12,1,10,3.01,1.79,2091.81
CLUST-LOT-03,W01,-15,-11,1,10,3.27,1.82,2072.24
CLUST-LOT-03,W01,-15,-10,1,11,2.43,1.77,2089.74
CLUST-LOT-03,W01,-15,-9,1,10,3.06,1.8,2063.12
CLUST-LOT-03,W01,-15,-8,1,10,2.94,1.76,2104.16
CLUST-LOT-03,W01,-15,-7,1,10,2.56,1.79,2080.8
CLUST-LOT-03,W01,-15,-6,1,10,2.63,1.83,2088.92
CLUST-LOT-03,W01,-15,-5,1,10,2.56,1.8,2094.16
CLUST-LOT-03,W01,-15,-4,1,10,3.13,1.82,2099.5
CLUST-LOT-03,W01,-15,-3,1,10,3.61,1.78,2123.62
CLUST-LOT-03,W01,-15,-2,1,10,3.38,1.82,2089.74
CLUST-LOT-03,W01,-15,-1,1,10,2.32,1.81,2092.84
CLUST-LOT-03,W01,-15,0,1,10,2.61,1.79,2110.39
CLUST-LOT-03,W01,-15,1,2,21,3.12,1.8,2153.41
CLUST-LOT-03,W01,-15,2,1,10,2.58,1.84,2121.8
CLUST-LOT-03,W01,-15,3,1,10,2.8,1.8,2096.67
CLUST-LOT-03,W01,-15,4,1,10,2.8,1.8,2127.49
CLUST-LOT-03,W01,-15,5,1,10,2.1,1.82,2075.2
CLUST-LOT-03,W01,-15,6,1,10,2.71,1.84,2117.05
CLUST-LOT-03,W01,-15,7,1,10,2.83,1.82,2127.69
CLUST-LOT-03,W01,-15,8,1,10,2.52,1.77,2090.23
CLUST-LOT-03,W01,-15,9,1,10,3.21,1.84,2080.36
CLUST-LOT-03,W01,-15,10,1,10,3.31,1.86,2098.42
CLUST-LOT-03,W01,-15,11,1,10,2.59,1.8,2105.52
CLUST-LOT-03,W01,-15,12,1,10,2.51,1.81,2144.47
CLUST-LOT-03,W01,-14,-13,1,10,1.99,1.78,2126.1
CLUST-LOT-03,W01,-14,-12,1,10,2.34,1.77,2142.25
CLUST-LOT-03,W01,-14,-11,1,10,3.38,1.82,2090.31
CLUST-LOT-03,W01,-14,-10,1,10,2.95,1.82,2083.1
CLUST-LOT-03,W01,-14,-9,1,10,2.87,1.81,2116.13
CLUST-LOT-03,W01,-14,-8,1,10,2.53,1.79,2105.67
CLUST-LOT-03,W01,-14,-7,1,10,2.47,1.81,2124.65
CLUST-LOT-03,W01,-14,-6,1,10,2.77,1.82,2136.36
CLUST-LOT-03,W01,-14,-5,1,10,2.68,1.81,2090.48
CLUST-LOT-03,W01,-14,-4,1,10,3.28,1.84,2100.19
CLUST-LOT-03,W01,-14,-3,1,10,2.94,1.8,2091.52
CLUST-LOT-03,W01,-14,-2,1,10,3.13,1.79,2128.62
CLUST-LOT-03,W01,-14,-1,1,10,2.48,1.76,2104.69
CLUST-LOT-03,W01,-14,0,1,10,3.1,1.78,2081.77
CLUST-LOT-03,W01,-14,1,1,10,2.79,1.77,2068.52
CLUST-LOT-03,W01,-14,2,1,10,3.16,1.82,2132.84
CLUST-LOT-03,W01,-14,3,1,10,2.63,1.76,2132.93
CLUST-LOT-03,W01,-14,4,1,10,2.82,1.83,2105.73
CLUST-LOT-03,W01,-14,5,1,10,3.52,1.82,2131.29
CLUST-LOT-03,W01,-14,6,1,10,3,1.73,2071.95
CLUST-LOT-03,W01,-14,7,1,10,2.6,1.75,2081.84
CLUST-LOT-03,W01,-14,8,1,10,2.25,1.81,2070.79
CLUST-LOT-03,W01,-14,9,1,10,2.43,1.8,2104.31
CLUST-LOT-03,W01,-14,10,1,11,2.55,1.8,2096.06
CLUST-LOT-03,W01,-14,11,2,23,2.83,1.79,2112.63
CLUST-LOT-03,W01,-14,12,1,10,2.15,1.78,2097.91
CLUST-LOT-03,W01,-14,13,1,10,2.79,1.77,2084.04
CLUST-LOT-03,W01,-13,-14,1,10,2.44,1.8,2106.98
CLUST-LOT-03,W01,-13,-13,1,10,2.73,1.8,2092.2
CLUST-LOT-03,W01,-13,-12,1,10,3.27,1.81,2105.75
CLUST-LOT-03,W01,-13,-11,1,10,2.39,1.79,2126.14
CLUST-LOT-03,W01,-13,-10,1,10,2.74,1.79,2105.81
CLUST-LOT-03,W01,-13,-9,1,10,2.13,1.77,2119.66
CLUST-LOT-03,W01,-13,-8,1,10,2.92,1.77,2089.29
CLUST-LOT-03,W01,-13,-7,1,10,2.04,1.82,2126.09
CLUST-LOT-03,W01,-13,-6,1,11,2.8,1.78,2113.04
CLUST-LOT-03,W01,-13,-5,1,10,2.46,1.79,2094.36
CLUST-LOT-03,W01,-13,-4,1,10,2.75,1.82,2060.44
CLUST-LOT-03,W01,-13,-3,1,10,3.05,1.82,2094.95
CLUST-LOT-03,W01,-13,-2,1,10,2.16,1.81,2081.2
CLUST-LOT-03,W01,-13,-1,1,10,2.33,1.76,2098.06
CLUST-LOT-03,W01,-13,0,1,10,2.98,1.79,2088.72
CLUST-LOT-03,W01,-13,1,1,10,3.17,1.78,2057.82
CLUST-LOT-03,W01,-13,2,1,10,2.42,1.79,2055.62
CLUST-LOT-03,W01,-13,3,1,10,3.06,1.81,2112.12
CLUST-LOT-03,W01,-13,4,1,10,2.88,1.81,2068.87
CLUST-LOT-03,W01,-13,5,1,10,2.07,1.82,2104.58
CLUST-LOT-03,W01,-13,6,1,10,3.2,1.86,2103.4
CLUST-LOT-03,W01,-13,7,1,10,2.78,1.76,2099.04
CLUST-LOT-03,W01,-13,8,1,10,2.3,1.78,2058.12
CLUST-LOT-03,W01,-13,9,1,10,2.62,1.8,2120.68
CLUST-LOT-03,W01,-13,10,1,10,2.61,1.81,2050.56
CLUST-LOT-03,W01,-13,11,1,10,2.99,1.76,2128.38
CLUST-LOT-03,W01,-13,12,1,10,2.98,1.82,2099.58
CLUST-LOT-03,W01,-13,13,1,10,2.46,1.78,2125.57
CLUST-LOT-03,W01,-13,14,1,10,2.59,1.78,2113.54
CLUST-LOT-03,W01,-12,-15,1,10,3.13,1.78,2127.27
CLUST-LOT-03,W01,-12,-14,1,11,2.32,1.81,2112.39
CLUST-LOT-03,W01,-12,-13,1,10,2.61,1.86,2111.24
CLUST-LOT-03,W01,-12,-12,1,11,3.19,1.79,2077.32
CLUST-LOT-03,W01,-12,-11,1,10,2.74,1.82,2077.07
CLUST-LOT-03,W01,-12,-10,1,10,2.3,1.83,2100.36
CLUST-LOT-03,W01,-12,-9,1,10,2.7,1.77,2104.05
CLUST-LOT-03,W01,-12,-8,1,10,3.18,1.79,2101.17
CLUST-LOT-03,W01,-12,-7,1,10,3.21,1.86,2088.17
CLUST-LOT-03,W01,-12,-6,1,10,3.32,1.79,2096.94
CLUST-LOT-03,W01,-12,-5,1,10,1.9,1.83,2091.61
CLUST-LOT-03,W01,-12,-4,1,10,2.86,1.78,2099.41
CLUST-LOT-03,W01,-12,-3,1,10,3.14,1.76,2067.86
CLUST-LOT-03,W01,-12,-2,1,10,2.99,1.83,2087.71
CLUST-LOT-03,W01,-12,-1,1,10,2.78,1.8,2064.09
CLUST-LOT-03,W01,-12,0,1,10,2.18,1.8,2113.75
CLUST-LOT-03,W01,-12,1,1,10,3.06,1.81,2116.79
CLUST-LOT-03,W01,-12,2,1,11,3.16,1.8,2087.2
CLUST-LOT-03,W01,-12,3,1,10,2.72,1.78,2081.05
CLUST-LOT-03,W01,-12,4,1,10,3.07,1.81,2093.72
CLUST-LOT-03,W01,-12,5,1,10,2.03,1.8,2071.09
CLUST-LOT-03,W01,-12,6,1,10,2.7,1.75,2060.56
CLUST-LOT-03,W01,-12,7,1,10,2.75,1.8,2119.13
CLUST-LOT-03,W01,-12,8,1,10,3.02,1.79,2107.28
CLUST-LOT-03,W01,-12,9,1,10,2.81,1.78,2076.03
CLUST-LOT-03,W01,-12,10,1,10,2.52,1.84,2067.7
CLUST-LOT-03,W01,-12,11,1,11,2.37,1.8,2079.68
CLUST-LOT-03,W01,-12,12,1,10,3.06,1.88,2085.41
CLUST-LOT-03,W01,-12,13,1,10,3.35,1.82,2088.64
CLUST-LOT-03,W01,-12,14,1,10,3.06,1.81,2096.64
CLUST-LOT-03,W01,-12,15,1,10,2.56,1.81,2105.8
CLUST-LOT-03,W01,-11,-15,1,10,3.22,1.74,2069.34
CLUST-LOT-03,W01,-11,-14,1,10,3.29,1.78,2114.03
CLUST-LOT-03,W01,-11,-13,1,10,3.12,1.77,2104.31
CLUST-LOT-03,W01,-11,-12,1,10,2.57,1.8,2128.62
CLUST-LOT-03,W01,-11,-11,1,10,2.66,1.76,2096.62
CLUST-LOT-03,W01,-11,-10,1,10,2.94,1.82,2093.23
CLUST-LOT-03,W01,-11,-9,1,10,1.9,1.8,2104.05
CLUST-LOT-03,W01,-11,-8,1,10,2.83,1.81,2104.38
CLUST-LOT-03,W01,-11,-7,1,10,2.81,1.82,2124.58
CLUST-LOT-03,W01,-11,-6,1,10,2.73,1.81,2077.77
CLUST-LOT-03,W01,-11,-5,1,10,2.82,1.82,2144.18
CLUST-LOT-03,W01,-11,-4,1,10,2.64,1.76,2121.98
CLUST-LOT-03,W01,-11,-3,1,10,3.37,1.81,2134.59
CLUST-LOT-03,W01,-11,-2,1,10,2.71,1.76,2118.82
CLUST-LOT-03,W01,-11,-1,1,10,2.33,1.82,2070
CLUST-LOT-03,W01,-11,0,1,10,2.93,1.76,2112.62
CLUST-LOT-03,W01,-11,1,1,10,2.64,1.78,2074.08
CLUST-LOT-03,W01,-11,2,1,10,2.4,1.8,2089.85
CLUST-LOT-03,W01,-11,3,1,10,2.73,1.83,2093.6
CLUST-LOT-03,W01,-11,4,1,10,2.43,1.79,2101.38
CLUST-LOT-03,W01,-11,5,1,10,2.57,1.78,2125.71
CLUST-LOT-03,W01,-11,6,1,10,2.94,1.84,2140.1
CLUST-LOT-03,W01,-11,7,1,10,2.73,1.79,2087.54
CLUST-LOT-03,W01,-11,8,1,10,2.71,1.82,2138.54
CLUST-LOT-03,W01,-11,9,1,10,3.44,1.87,2093.27
CLUST-LOT-03,W01,-11,10,1,10,2.96,1.78,2113.82
CLUST-LOT-03,W01,-11,11,1,10,2.82,1.76,2133.68
CLUST-LOT-03,W01,-11,12,1,10,3,1.79,2145.7
CLUST-LOT-03,W01,-11,13,1,10,2.68,1.84,2090.32
CLUST-LOT-03,W01,-11,14,1,10,2.94,1.79,2130.23
CLUST-LOT-03,W01,-11,15,1,10,2.48,1.72,2098.89
CLUST-LOT-03,W01,-10,-16,1,10,2.62,1.8,2074.87
CLUST-LOT-03,W01,-10,-15,1,10,2.78,1.81,2080.93
CLUST-LOT-03,W01,-10,-14,1,10,3.14,1.8,2125.23
CLUST-LOT-03,W01,-10,-13,1,10,2.84,1.78,2090.64
CLUST-LOT-03,W01,-10,-12,1,10,2.98,1.83,2108.56
CLUST-LOT-03,W01,-10,-11,1,10,2.93,1.77,2108.08
CLUST-LOT-03,W01,-10,-10,1,10,3.05,1.78,2112.5
CLUST-LOT-03,W01,-10,-9,1,10,3.19,1.82,2083.66
CLUST-LOT-03,W01,-10,-8,1,10,2.9,1.85,2098.09
CLUST-LOT-03,W01,-10,-7,1,10,2.39,1.79,2081.32
CLUST-LOT-03,W01,-10,-6,1,10,3.08,1.81,2117.47
CLUST-LOT-03,W01,-10,-5,1,10,2.88,1.84,2091.45
CLUST-LOT-03,W01,-10,-4,1,10,2.42,1.82,2121.47
CLUST-LOT-03,W01,-10,-3,1,10,2.41,1.8,2085.65
CLUST-LOT-03,W01,-10,-2,1,10,2.76,1.83,2085.35
CLUST-LOT-03,W01,-10,-1,1,10,2.44,1.86,2101.36
CLUST-LOT-03,W01,-10,0,1,10,3.18,1.8,2092.47
CLUST-LOT-03,W01,-10,1,1,10,2.2,1.82,2091.56
CLUST-LOT-03,W01,-10,2,1,10,2.21,1.83,2092.08
CLUST-LOT-03,W01,-10,3,1,10,2.76,1.79,2088.4
CLUST-LOT-03,W01,-10,4,1,10,3.06,1.78,2101.66
CLUST-LOT-03,W01,-10,5,1,10,3.45,1.84,2123.64
CLUST-LOT-03,W01,-10,6,1,10,2.88,1.79,2087
CLUST-LOT-03,W01,-10,7,1,10,2.76,1.79,2134.41
CLUST-LOT-03,W01,-10,8,1,10,2.48,1.85,2095.32
CLUST-LOT-03,W01,-10,9,1,10,1.74,1.77,2082.46
CLUST-LOT-03,W01,-10,10,1,10,2.4,1.78,2102.03
CLUST-LOT-03,W01,-10,11,1,10,2.44,1.8,2100.25
CLUST-LOT-03,W01,-10,12,1,10,3.13,1.79,2103.19
CLUST-LOT-03,W01,-10,13,1,10,3.25,1.8,2101.48
CLUST-LOT-03,W01,-10,14,1,10,2.2,1.79,2106.54
CLUST-LOT-03,W01,-10,15,1,10,3.48,1.83,2118.38
CLUST-LOT-03,W01,-10,16,1,10,3.37,1.79,2098.36
CLUST-LOT-03,W01,-9,-17,1,10,2.8,1.85,2108.05
CLUST-LOT-03,W01,-9,-16,1,10,2.63,1.79,2077.21
CLUST-LOT-03,W01,-9,-15,1,10,2.83,1.74,2082.72
CLUST-LOT-03,W01,-9,-14,1,10,3.16,1.8,2153.86
CLUST-LOT-03,W01,-9,-13,1,10,3.01,1.84,2043.63
CLUST-LOT-03,W01,-9,-12,1,10,2.96,1.78,2109.23
CLUST-LOT-03,W01,-9,-11,1,10,2.75,1.85,2082.65
CLUST-LOT-03,W01,-9,-10,1,10,2.61,1.8,2108.95
CLUST-LOT-03,W01,-9,-9,1,10,3.15,1.77,2099.51
CLUST-LOT-03,W01,-9,-8,1,10,3.25,1.81,2049.47
CLUST-LOT-03,W01,-9,-7,1,11,2.47,1.76,2099.19
CLUST-LOT-03,W01,-9,-6,1,10,2.39,1.8,2067.06
CLUST-LOT-03,W01,-9,-5,1,11,2.73,1.84,2116.93
CLUST-LOT-03,W01,-9,-4,1,10,2.48,1.78,2141.52
CLUST-LOT-03,W01,-9,-3,1,10,2.76,1.76,2138.03
CLUST-LOT-03,W01,-9,-2,1,10,2.69,1.81,2082.78
CLUST-LOT-03,W01,-9,-1,1,10,2.9,1.75,2066.68
CLUST-LOT-03,W01,-9,0,1,10,2.42,1.79,2092.52
CLUST-LOT-03,W01,-9,1,1,10,3.21,1.78,2067.09
CLUST-LOT-03,W01,-9,2,1,10,2.93,1.78,2122.1
CLUST-LOT-03,W01,-9,3,1,11,3.14,1.76,2093.34
CLUST-LOT-03,W01,-9,4,1,10,2.7,1.82,2118.04
CLUST-LOT-03,W01,-9,5,1,10,2.08,1.81,2090.28
CLUST-LOT-03,W01,-9,6,1,10,2.59,1.83,2109.73
CLUST-LOT-03,W01,-9,7,1,10,2.72,1.83,2134.1
CLUST-LOT-03,W01,-9,8,1,10,2.73,1.81,2035.14
CLUST-LOT-03,W01,-9,9,1,10,2.78,1.84,2106.19
CLUST-LOT-03,W01,-9,10,1,10,3.12,1.8,2089.62
CLUST-LOT-03,W01,-9,11,1,11,2.19,1.85,2065.53
CLUST-LOT-03,W01,-9,12,1,10,3.33,1.76,2081.69
CLUST-LOT-03,W01,-9,13,1,10,3.32,1.76,2111.92
CLUST-LOT-03,W01,-9,14,1,10,3.31,1.79,2095.88
CLUST-LOT-03,W01,-9,15,1,10,2.87,1.72,2139.93
CLUST-LOT-03,W01,-9,16,1,10,2.88,1.79,2082.11
CLUST-LOT-03,W01,-9,17,1,10,2.67,1.83,2123.82
CLUST-LOT-03,W01,-8,-17,1,10,3.18,1.77,2112.43
CLUST-LOT-03,W01,-8,-16,1,10,3.2,1.77,2097.15
CLUST-LOT-03,W01,-8,-15,1,10,3.02,1.8,2141.08
CLUST-LOT-03,W01,-8,-14,1,10,3.09,1.79,2091.8
CLUST-LOT-03,W01,-8,-13,1,10,2.76,1.83,2129.19
CLUST-LOT-03,W01,-8,-12,1,10,2.99,1.74,2073.9
CLUST-LOT-03,W01,-8,-11,1,10,2.14,1.83,2085.13
CLUST-LOT-03,W01,-8,-10,1,10,2.42,1.76,2085.66
CLUST-LOT-03,W01,-8,-9,1,10,3.1,1.78,2084.01
CLUST-LOT-03,W01,-8,-8,1,10,3.18,1.82,2119.17
CLUST-LOT-03,W01,-8,-7,1,10,3.37,1.85,2061.5
CLUST-LOT-03,W01,-8,-6,1,10,3.59,1.8,2105.04
CLUST-LOT-03,W01,-8,-5,1,10,2.32,1.79,2115.58
CLUST-LOT-03,W01,-8,-4,1,10,2.69,1.76,2053.01
CLUST-LOT-03,W01,-8,-3,1,10,2.68,1.83,2083.58
CLUST-LOT-03,W01,-8,-2,1,10,2.76,1.88,2113.44
CLUST-LOT-03,W01,-8,-1,1,10,3.17,1.78,2080.24
CLUST-LOT-03,W01,-8,0,1,10,2.09,1.77,2126.5
CLUST-LOT-03,W01,-8,1,1,10,3.33,1.74,2109.86
CLUST-LOT-03,W01,-8,2,1,11,2.73,1.81,2125.09
CLUST-LOT-03,W01,-8,3,1,10,2.74,1.81,2136.9
CLUST-LOT-03,W01,-8,4,1,10,2.85,1.82,2100.25
CLUST-LOT-03,W01,-8,5,1,10,2.94,1.76,2134.01
CLUST-LOT-03,W01,-8,6,1,10,2.75,1.76,2054.87
CLUST-LOT-03,W01,-8,7,1,10,2.61,1.8,2083.79
CLUST-LOT-03,W01,-8,8,1,10,2.82,1.8,2131.65
CLUST-LOT-03,W01,-8,9,2,23,2.78,1.78,2091.27
CLUST-LOT-03,W01,-8,10,1,10,3.15,1.77,2147.66
CLUST-LOT-03,W01,-8,11,1,10,2.69,1.8,2077.02
CLUST-LOT-03,W01,-8,12,1,10,3.34,1.81,2107.71
CLUST-LOT-03,W01,-8,13,1,10,3.05,1.82,2072.85
CLUST-LOT-03,W01,-8,14,1,10,3.18,1.8,2118.91
CLUST-LOT-03,W01,-8,15,1,10,3.11,1.81,2091.87
CLUST-LOT-03,W01,-8,16,1,10,3.18,1.77,2094.41
CLUST-LOT-03,W01,-8,17,1,10,3.03,1.84,2085.9
CLUST-LOT-03,W01,-7,-17,1,10,3,1.8,2098.01
CLUST-LOT-03,W01,-7,-16,1,10,3.63,1.77,2092.41
CLUST-LOT-03,W01,-7,-15,1,10,3,1.79,2094.92
CLUST-LOT-03,W01,-7,-14,1,10,3.2,1.78,2088.43
CLUST-LOT-03,W01,-7,-13,1,10,2.52,1.79,2064.78
CLUST-LOT-03,W01,-7,-12,1,10,2.66,1.79,2093.67
CLUST-LOT-03,W01,-7,-11,1,10,2.93,1.8,2093.08
CLUST-LOT-03,W01,-7,-10,1,10,2.74,1.81,2099.54
CLUST-LOT-03,W01,-7,-9,1,10,2.44,1.81,2076.98
CLUST-LOT-03,W01,-7,-8,1,10,3.06,1.79,2070.44
CLUST-LOT-03,W01,-7,-7,1,10,3.66,1.81,2109.47
CLUST-LOT-03,W01,-7,-6,1,10,2.73,1.83,2088.15
CLUST-LOT-03,W01,-7,-5,1,10,3.05,1.81,2127.42
CLUST-LOT-03,W01,-7,-4,1,10,2.85,1.8,2095.74
CLUST-LOT-03,W01,-7,-3,1,10,2.02,1.77,2080.37
CLUST-LOT-03,W01,-7,-2,1,10,2.59,1.75,2087.94
CLUST-LOT-03,W01,-7,-1,1,10,2.78,1.79,2163.19
CLUST-LOT-03,W01,-7,0,1,10,2.64,1.75,2068.19
CLUST-LOT-03,W01,-7,1,1,10,2.58,1.77,2127.09
CLUST-LOT-03,W01,-7,2,1,10,3.8,1.77,2062.04
CLUST-LOT-03,W01,-7,3,1,10,2.72,1.81,2082.07
CLUST-LOT-03,W01,-7,4,1,10,2.34,1.82,2115.74
CLUST-LOT-03,W01,-7,5,1,10,2.26,1.77,2098.12
CLUST-LOT-03,W01,-7,6,1,10,3.11,1.86,2111.47
CLUST-LOT-03,W01,-7,7,1,10,3.06,1.79,2087.43
CLUST-LOT-03,W01,-7,8,1,10,3.05,1.81,2126.77
CLUST-LOT-03,W01,-7,9,1,10,2.69,1.81,2094.28
CLUST-LOT-03,W01,-7,10,1,10,2.94,1.83,2156.56
CLUST-LOT-03,W01,-7,11,1,10,2.98,1.75,2131.42
CLUST-LOT-03,W01,-7,12,1,10,2.93,1.82,2099.51
CLUST-LOT-03,W01,-7,13,1,10,2.58,1.76,2124.49
CLUST-LOT-03,W01,-7,14,1,10,2.97,1.8,2055.85
CLUST-LOT-03,W01,-7,15,1,10,3.64,1.83,2106.24
CLUST-LOT-03,W01,-7,16,1,10,2.29,1.8,2119.46
CLUST-LOT-03,W01,-7,17,1,10,2.43,1.8,2102.2
CLUST-LOT-03,W01,-6,-18,1,10,2.88,1.75,2110.45
CLUST-LOT-03,W01,-6,-17,1,10,3.18,1.79,2119.53
CLUST-LOT-03,W01,-6,-16,1,10,3.5,1.78,2102.26
CLUST-LOT-03,W01,-6,-15,1,10,2.76,1.82,2067.53
CLUST-LOT-03,W01,-6,-14,1,10,2.41,1.85,2080.59
CLUST-LOT-03,W01,-6,-13,1,10,2.06,1.79,2107.39
CLUST-LOT-03,W01,-6,-12,1,10,2.06,1.74,2071.45
CLUST-LOT-03,W01,-6,-11,1,10,1.84,1.81,2129.27
CLUST-LOT-03,W01,-6,-10,1,10,2.35,1.8,2094.13
CLUST-LOT-03,W01,-6,-9,1,10,2.32,1.78,2102.01
CLUST-LOT-03,W01,-6,-8,1,10,3.04,1.82,2101.92
CLUST-LOT-03,W01,-6,-7,1,10,3.02,1.81,2080.45
CLUST-LOT-03,W01,-6,-6,1,10,3.13,1.76,2121.02
CLUST-LOT-03,W01,-6,-5,1,10,2.86,1.83,2107.26
CLUST-LOT-03,W01,-6,-4,1,10,2.61,1.75,2094.1
CLUST-LOT-03,W01,-6,-3,1,10,2.56,1.78,2081.3
CLUST-LOT-03,W01,-6,-2,1,10,2.94,1.74,2069.86
CLUST-LOT-03,W01,-6,-1,1,10,3.2,1.82,2101.43
CLUST-LOT-03,W01,-6,0,1,10,2.72,1.84,2105.58
CLUST-LOT-03,W01,-6,1,1,10,3.44,1.8,2116.57
CLUST-LOT-03,W01,-6,2,1,10,2.59,1.79,2137.26
CLUST-LOT-03,W01,-6,3,1,10,2.78,1.81,2088.71
CLUST-LOT-03,W01,-6,4,1,10,2.95,1.81,2086.79
CLUST-LOT-03,W01,-6,5,1,10,3.4,1.75,2053.69
CLUST-LOT-03,W01,-6,6,1,10,2.45,1.82,2099.38
CLUST-LOT-03,W01,-6,7,1,10,2.73,1.79,2093.82
CLUST-LOT-03,W01,-6,8,1,10,2.49,1.82,2108.69
CLUST-LOT-03,W01,-6,9,1,11,3.68,1.77,2086.17
CLUST-LOT-03,W01,-6,10,1,10,2.47,1.75,2135.89
CLUST-LOT-03,W01,-6,11,1,10,2.93,1.84,2079.14
CLUST-LOT-03,W01,-6,12,1,11,2.98,1.8,2071.07
CLUST-LOT-03,W01,-6,13,1,10,2.83,1.82,2116.01
CLUST-LOT-03,W01,-6,14,1,10,2.86,1.85,2094.3
CLUST-LOT-03,W01,-6,15,1,10,3.11,1.84,2128.32
CLUST-LOT-03,W01,-6,16,1,10,2.58,1.77,2111.46
CLUST-LOT-03,W01,-6,17,1,10,3.04,1.87,2078.25
CLUST-LOT-03,W01,-6,18,1,10,2.55,1.81,2096.61
CLUST-LOT-03,W01,-5,-18,1,10,2.9,1.82,2126.2
CLUST-LOT-03,W01,-5,-17,1,11,3.44,1.77,2094.2
CLUST-LOT-03,W01,-5,-16,1,10,2.44,1.77,2102.19
CLUST-LOT-03,W01,-5,-15,1,10,2.6,1.78,2079.34
CLUST-LOT-03,W01,-5,-14,1,10,2.92,1.83,2108.05
CLUST-LOT-03,W01,-5,-13,1,10,3.09,1.82,2083.77
CLUST-LOT-03,W01,-5,-12,1,10,2.92,1.77,2109.16
CLUST-LOT-03,W01,-5,-11,1,10,2.44,1.79,2105.15
CLUST-LOT-03,W01,-5,-10,1,10,3.21,1.8,2064.56
CLUST-LOT-03,W01,-5,-9,1,10,2.95,1.76,2119.65
CLUST-LOT-03,W01,-5,-8,1,10,2.67,1.82,2089.68
CLUST-LOT-03,W01,-5,-7,1,10,2.64,1.83,2089.67
CLUST-LOT-03,W01,-5,-6,1,10,2.8,1.81,2124.45
CLUST-LOT-03,W01,-5,-5,1,10,2.32,1.83,2087.37
CLUST-LOT-03,W01,-5,-4,1,10,2.81,1.87,2102.01
CLUST-LOT-03,W01,-5,-3,1,10,3.05,1.81,2087.01
CLUST-LOT-03,W01,-5,-2,1,10,2.44,1.79,2118.25
CLUST-LOT-03,W01,-5,-1,1,10,2.53,1.82,2117.82
CLUST-LOT-03,W01,-5,0,1,10,1.89,1.78,2077.12
CLUST-LOT-03,W01,-5,1,1,10,2.61,1.85,2079.96
CLUST-LOT-03,W01,-5,2,1,10,2.83,1.86,2099.21
CLUST-LOT-03,W01,-5,3,1,10,2.84,1.8,2071.9
CLUST-LOT-03,W01,-5,4,1,10,2.95,1.8,2107.74
CLUST-LOT-03,W01,-5,5,1,10,2.84,1.8,2128.77
CLUST-LOT-03,W01,-5,6,1,10,2.61,1.84,2070.36
CLUST-LOT-03,W01,-5,7,1,10,3.25,1.76,2073.46
CLUST-LOT-03,W01,-5,8,1,10,2.75,1.8,2113.51
CLUST-LOT-03,W01,-5,9,1,10,3.33,1.76,2098.85
CLUST-LOT-03,W01,-5,10,1,10,2.27,1.75,2131.13
CLUST-LOT-03,W01,-5,11,1,10,2.77,1.82,2102.59
CLUST-LOT-03,W01,-5,12,1,10,3.11,1.77,2098.43
CLUST-LOT-03,W01,-5,13,1,10,2.4,1.79,2104.47
CLUST-LOT-03,W01,-5,14,1,10,3.21,1.75,2130.66
CLUST-LOT-03,W01,-5,15,1,10,2.57,1.81,2094.5
CLUST-LOT-03,W01,-5,16,1,10,3.03,1.81,2103.2
CLUST-LOT-03,W01,-5,17,1,10,2.78,1.81,2054.01
CLUST-LOT-03,W01,-5,18,1,10,2.1,1.81,2097.82
CLUST-LOT-03,W01,-4,-18,1,10,2.59,1.8,2092.62
CLUST-LOT-03,W01,-4,-17,1,10,2.5,1.82,2095.24
CLUST-LOT-03,W01,-4,-16,1,10,2.65,1.81,2131.12
CLUST-LOT-03,W01,-4,-15,1,10,2.44,1.79,2134.37
CLUST-LOT-03,W01,-4,-14,1,10,3.35,1.81,2099.93
CLUST-LOT-03,W01,-4,-13,1,10,3.21,1.83,2107.08
CLUST-LOT-03,W01,-4,-12,1,10,2.81,1.77,2120.16
CLUST-LOT-03,W01,-4,-11,1,10,2.44,1.75,2100.19
CLUST-LOT-03,W01,-4,-10,1,10,2.87,1.8,2135.65
CLUST-LOT-03,W01,-4,-9,1,11,3.55,1.8,2065.2
CLUST-LOT-03,W01,-4,-8,1,10,3.27,1.78,2095.12
CLUST-LOT-03,W01,-4,-7,1,10,3.16,1.77,2113.83
CLUST-LOT-03,W01,-4,-6,1,10,3.32,1.8,2108.99
CLUST-LOT-03,W01,-4,-5,1,10,1.73,1.79,2076.34
CLUST-LOT-03,W01,-4,-4,1,10,2.57,1.77,2132.85
CLUST-LOT-03,W01,-4,-3,1,10,2.11,1.82,2112.66
CLUST-LOT-03,W01,-4,-2,1,10,3.56,1.84,2070.29
CLUST-LOT-03,W01,-4,-1,3,32,2.15,1.76,2096.66
CLUST-LOT-03,W01,-4,0,1,10,3.13,1.79,2100.44
CLUST-LOT-03,W01,-4,1,1,10,3.2,1.76,2084.25
CLUST-LOT-03,W01,-4,2,1,10,2.02,1.72,2098.39
CLUST-LOT-03,W01,-4,3,1,10,2.6,1.81,2120.03
CLUST-LOT-03,W01,-4,4,1,10,2.31,1.78,2115.9
CLUST-LOT-03,W01,-4,5,1,10,2.98,1.75,2083.41
CLUST-LOT-03,W01,-4,6,1,10,2.93,1.77,2122.36
CLUST-LOT-03,W01,-4,7,1,10,2.3,1.85,2080.66
CLUST-LOT-03,W01,-4,8,1,10,2.78,1.8,2098.48
CLUST-LOT-03,W01,-4,9,1,10,2.99,1.79,2114.16
CLUST-LOT-03,W01,-4,10,1,10,2.97,1.77,2106.3
CLUST-LOT-03,W01,-4,11,1,10,3.22,1.77,2096.08
CLUST-LOT-03,W01,-4,12,1,10,2.54,1.78,2136.71
CLUST-LOT-03,W01,-4,13,1,10,2.96,1.81,2108.79
CLUST-LOT-03,W01,-4,14,1,10,2.61,1.75,2145.78
CLUST-LOT-03,W01,-4,15,1,10,2.78,1.76,2054.68
CLUST-LOT-03,W01,-4,16,1,10,3.76,1.78,2087.34
CLUST-LOT-03,W01,-4,17,1,10,2.85,1.78,2106.46
CLUST-LOT-03,W01,-4,18,1,10,3,1.75,2120.03
CLUST-LOT-03,W01,-3,-19,1,10,2.9,1.76,2065.32
CLUST-LOT-03,W01,-3,-18,1,10,3.27,1.78,2086.05
CLUST-LOT-03,W01,-3,-17,1,10,2.65,1.82,2155.62
CLUST-LOT-03,W01,-3,-16,1,11,3.2,1.8,2082.83
CLUST-LOT-03,W01,-3,-15,1,10,3.01,1.77,2105.78
CLUST-LOT-03,W01,-3,-14,1,10,2.58,1.8,2100.85
CLUST-LOT-03,W01,-3,-13,1,11,3.11,1.81,2153.11
CLUST-LOT-03,W01,-3,-12,1,10,3.67,1.74,2073.72
CLUST-LOT-03,W01,-3,-11,1,10,3.39,1.77,2095.81
CLUST-LOT-03,W01,-3,-10,1,10,3.12,1.83,2094.87
CLUST-LOT-03,W01,-3,-9,1,10,3.05,1.83,2077.63
CLUST-LOT-03,W01,-3,-8,1,10,2.71,1.75,2068.21
CLUST-LOT-03,W01,-3,-7,1,10,2.55,1.87,2140.54
CLUST-LOT-03,W01,-3,-6,1,10,3.21,1.82,2080.39
CLUST-LOT-03,W01,-3,-5,1,10,2.7,1.79,2111.61
CLUST-LOT-03,W01,-3,-4,1,10,2.83,1.84,2107.51
CLUST-LOT-03,W01,-3,-3,1,10,2.59,1.76,2133.25
CLUST-LOT-03,W01,-3,-2,1,10,2.09,1.8,2117
CLUST-LOT-03,W01,-3,-1,1,10,2.93,1.75,2115.25
CLUST-LOT-03,W01,-3,0,1,10,3.32,1.8,2080.72
CLUST-LOT-03,W01,-3,1,1,10,3.07,1.77,2092.71
CLUST-LOT-03,W01,-3,2,1,10,2.83,1.76,2110.02
CLUST-LOT-03,W01,-3,3,1,10,3.38,1.81,2107.15
CLUST-LOT-03,W01,-3,4,1,10,2.48,1.81,2099.82
CLUST-LOT-03,W01,-3,5,1,10,2.44,1.77,2152.26
CLUST-LOT-03,W01,-3,6,1,10,3.03,1.76,2126.48
CLUST-LOT-03,W01,-3,7,1,10,2.34,1.83,2103.11
CLUST-LOT-03,W01,-3,8,1,10,2.12,1.82,2110.54
CLUST-LOT-03,W01,-3,9,1,10,2.39,1.79,2106.31
CLUST-LOT-03,W01,-3,10,1,10,2.39,1.81,2084.97
CLUST-LOT-03,W01,-3,11,1,10,2.78,1.83,2127.33
CLUST-LOT-03,W01,-3,12,1,10,3.45,1.79,2073.9
CLUST-LOT-03,W01,-3,13,1,10,3.07,1.82,2083.33
CLUST-LOT-03,W01,-3,14,1,10,2.8,1.74,2123.79
CLUST-LOT-03,W01,-3,15,1,10,2.98,1.76,2129.87
CLUST-LOT-03,W01,-3,16,1,10,2.88,1.81,2077.42
CLUST-LOT-03,W01,-3,17,1,10,3.1,1.79,2103.55
CLUST-LOT-03,W01,-3,18,1,10,3.01,1.81,2092.46
CLUST-LOT-03,W01,-3,19,1,10,2.27,1.82,2097.72
CLUST-LOT-03,W01,-2,-19,1,10,2.33,1.76,2058.28
CLUST-LOT-03,W01,-2,-18,1,10,2.84,1.79,2099.99
CLUST-LOT-03,W01,-2,-17,1,10,2.55,1.75,2099.73
CLUST-LOT-03,W01,-2,-16,1,10,2.59,1.78,2079.31
CLUST-LOT-03,W01,-2,-15,1,10,3.02,1.78,2061.92
CLUST-LOT-03,W01,-2,-14,1,10,2.88,1.84,2114.61
CLUST-LOT-03,W01,-2,-13,1,10,2.34,1.79,2069.26
CLUST-LOT-03,W01,-2,-12,1,10,2.65,1.78,2113.5
CLUST-LOT-03,W01,-2,-11,1,10,3.04,1.8,2138.02
CLUST-LOT-03,W01,-2,-10,1,10,2.94,1.81,2092.95
CLUST-LOT-03,W01,-2,-9,1,10,2.87,1.79,2093.64
CLUST-LOT-03,W01,-2,-8,1,10,3.07,1.77,2082.32
CLUST-LOT-03,W01,-2,-7,1,11,2.55,1.81,2101.2
CLUST-LOT-03,W01,-2,-6,1,10,2.54,1.77,2121.37
CLUST-LOT-03,W01,-2,-5,1,10,3.11,1.77,2116.92
CLUST-LOT-03,W01,-2,-4,1,10,2.85,1.83,2089.16
CLUST-LOT-03,W01,-2,-3,1,10,3.25,1.76,2082.02
CLUST-LOT-03,W01,-2,-2,1,10,3.17,1.8,2102.24
CLUST-LOT-03,W01,-2,-1,1,10,2.5,1.83,2081.39
CLUST-LOT-03,W01,-2,0,1,10,2.88,1.81,2075.62
CLUST-LOT-03,W01,-2,1,1,10,2.78,1.76,2102.99
CLUST-LOT-03,W01,-2,2,1,10,3.1,1.73,2079.7
CLUST-LOT-03,W01,-2,3,1,10,2.42,1.78,2093.13
CLUST-LOT-03,W01,-2,4,1,10,2.53,1.77,2085.71
CLUST-LOT-03,W01,-2,5,1,10,2.45,1.84,2068.48
CLUST-LOT-03,W01,-2,6,1,10,2.96,1.84,2077.96
CLUST-LOT-03,W01,-2,7,1,10,2.76,1.76,2116.64
CLUST-LOT-03,W01,-2,8,1,10,2.69,1.82,2122.15
CLUST-LOT-03,W01,-2,9,1,10,3.26,1.8,2073.73
CLUST-LOT-03,W01,-2,10,1,10,2.87,1.79,2085.77
CLUST-LOT-03,W01,-2,11,1,10,2.48,1.79,2072.05
CLUST-LOT-03,W01,-2,12,1,10,2.56,1.83,2121.6
CLUST-LOT-03,W01,-2,13,1,10,3.38,1.82,2105.84
CLUST-LOT-03,W01,-2,14,1,10,2.62,1.82,2076.46
CLUST-LOT-03,W01,-2,15,1,10,2.38,1.81,2075.16
CLUST-LOT-03,W01,-2,16,1,10,2.79,1.78,2122.36
CLUST-LOT-03,W01,-2,17,1,10,2.63,1.83,2121.72
CLUST-LOT-03,W01,-2,18,1,10,2.65,1.77,2128.85
CLUST-LOT-03,W01,-2,19,1,10,3.13,1.82,2090.3
CLUST-LOT-03,W01,-1,-19,1,10,2.97,1.8,2094.04
CLUST-LOT-03,W01,-1,-18,1,10,3.23,1.81,2104.06
CLUST-LOT-03,W01,-1,-17,1,10,3.35,1.78,2114.78
CLUST-LOT-03,W01,-1,-16,1,10,2.7,1.89,2114.77
CLUST-LOT-03,W01,-1,-15,1,10,2.37,1.83,2129.38
CLUST-LOT-03,W01,-1,-14,1,10,3.42,1.78,2132.53
CLUST-LOT-03,W01,-1,-13,1,10,3.15,1.85,2099.93
CLUST-LOT-03,W01,-1,-12,1,11,2.57,1.79,2073.68
CLUST-LOT-03,W01,-1,-11,1,10,3.18,1.78,2090.14
CLUST-LOT-03,W01,-1,-10,1,10,2.97,1.8,2128.16
CLUST-LOT-03,W01,-1,-9,1,10,2.88,1.81,2054.95
CLUST-LOT-03,W01,-1,-8,1,10,2.45,1.79,2111.53
CLUST-LOT-03,W01,-1,-7,1,10,2.36,1.8,2100.35
CLUST-LOT-03,W01,-1,-6,1,10,2.99,1.8,2095.41
CLUST-LOT-03,W01,-1,-5,1,10,3.21,1.75,2138.88
CLUST-LOT-03,W01,-1,-4,1,10,2.78,1.8,2104.74
CLUST-LOT-03,W01,-1,-3,2,23,2.55,1.78,2088.39
CLUST-LOT-03,W01,-1,-2,2,23,3.19,1.81,2109.01
CLUST-LOT-03,W01,-1,-1,2,23,3.11,1.76,2082.74
CLUST-LOT-03,W01,-1,0,1,10,3.25,1.83,2107.67
CLUST-LOT-03,W01,-1,1,1,10,2.51,1.8,2105.64
CLUST-LOT-03,W01,-1,2,1,10,2.82,1.8,2064.08
CLUST-LOT-03,W01,-1,3,1,10,3.31,1.82,2061.01
CLUST-LOT-03,W01,-1,4,1,10,3.01,1.79,2101.88
CLUST-LOT-03,W01,-1,5,1,10,2.22,1.74,2096.51
CLUST-LOT-03,W01,-1,6,1,10,2.63,1.81,2107.06
CLUST-LOT-03,W01,-1,7,1,10,2.07,1.76,2094.3
CLUST-LOT-03,W01,-1,8,1,10,3.2,1.86,2115.06
CLUST-LOT-03,W01,-1,9,1,10,2.84,1.82,2097.05
CLUST-LOT-03,W01,-1,10,1,10,2.61,1.79,2139.24
CLUST-LOT-03,W01,-1,11,1,10,3.51,1.82,2082.12
CLUST-LOT-03,W01,-1,12,1,10,2.83,1.78,2095.81
CLUST-LOT-03,W01,-1,13,1,10,2.67,1.81,2150.21
CLUST-LOT-03,W01,-1,14,1,10,3.19,1.76,2112.55
CLUST-LOT-03,W01,-1,15,1,10,3.54,1.8,2067.24
CLUST-LOT-03,W01,-1,16,1,10,2.72,1.8,2097.6
CLUST-LOT-03,W01,-1,17,1,10,2.83,1.82,2078.88
CLUST-LOT-03,W01,-1,18,1,10,2.33,1.86,2078.66
CLUST-LOT-03,W01,-1,19,1,10,2.4,1.8,2084.85
CLUST-LOT-03,W01,0,-19,1,10,3.51,1.84,2098.5
CLUST-LOT-03,W01,0,-18,1,10,3.27,1.78,2115.71
CLUST-LOT-03,W01,0,-17,1,10,2.86,1.8,2120.11
CLUST-LOT-03,W01,0,-16,1,10,3.01,1.76,2074.25
CLUST-LOT-03,W01,0,-15,1,10,3.06,1.8,2080.32
CLUST-LOT-03,W01,0,-14,1,10,2.57,1.8,2080.49
CLUST-LOT-03,W01,0,-13,1,10,2.94,1.84,2101.73
CLUST-LOT-03,W01,0,-12,1,10,3.02,1.8,2054.99
CLUST-LOT-03,W01,0,-11,1,10,2.88,1.81,2087.13
CLUST-LOT-03,W01,0,-10,1,10,3.26,1.76,2132.98
CLUST-LOT-03,W01,0,-9,1,10,2.51,1.79,2132.48
CLUST-LOT-03,W01,0,-8,1,10,2.63,1.83,2090.89
CLUST-LOT-03,W01,0,-7,1,10,3.01,1.8,2110.69
CLUST-LOT-03,W01,0,-6,1,10,3.22,1.82,2035.62
CLUST-LOT-03,W01,0,-5,1,10,2.08,1.78,2101.35
CLUST-LOT-03,W01,0,-4,1,10,2.93,1.82,2110.67
CLUST-LOT-03,W01,0,-3,2,23,2.43,1.81,2074.76
CLUST-LOT-03,W01,0,-2,3,32,2.54,1.74,2132.36
CLUST-LOT-03,W01,0,-1,1,10,3.18,1.78,2080.99
CLUST-LOT-03,W01,0,0,1,10,2.1,1.78,2115.37
CLUST-LOT-03,W01,0,1,1,10,2.71,1.81,2125.88
CLUST-LOT-03,W01,0,2,1,10,2.85,1.77,2089.99
CLUST-LOT-03,W01,0,3,1,10,2.62,1.77,2096.21
CLUST-LOT-03,W01,0,4,1,10,3.08,1.82,2105.83
CLUST-LOT-03,W01,0,5,1,10,3.07,1.81,2113.28
CLUST-LOT-03,W01,0,6,1,10,2.94,1.81,2101.33
CLUST-LOT-03,W01,0,7,1,10,2.44,1.78,2102.34
CLUST-LOT-03,W01,0,8,1,10,2.75,1.79,2083.68
CLUST-LOT-03,W01,0,9,1,10,2.67,1.85,2092.46
CLUST-LOT-03,W01,0,10,1,10,2.76,1.81,2116.23
CLUST-LOT-03,W01,0,11,1,10,2.81,1.8,2137.6
CLUST-LOT-03,W01,0,12,1,10,2.65,1.78,2085.91
CLUST-LOT-03,W01,0,13,1,10,2.95,1.83,2074.81
CLUST-LOT-03,W01,0,14,1,10,2.12,1.86,2133.41
CLUST-LOT-03,W01,0,15,1,10,2.81,1.79,2106.18
CLUST-LOT-03,W01,0,16,1,10,2.48,1.79,2092.64
CLUST-LOT-03,W01,0,17,1,10,3.01,1.78,2106.84
CLUST-LOT-03,W01,0,18,1,10,2.85,1.79,2073.55
CLUST-LOT-03,W01,0,19,1,10,2.28,1.78,2102.58
CLUST-LOT-03,W01,1,-19,1,10,2.86,1.76,2096.5
CLUST-LOT-03,W01,1,-18,1,10,3.01,1.78,2124.21
CLUST-LOT-03,W01,1,-17,1,10,2.85,1.8,2080.51
CLUST-LOT-03,W01,1,-16,1,10,2.14,1.78,2136.02
CLUST-LOT-03,W01,1,-15,1,10,2.67,1.77,2099.72
CLUST-LOT-03,W01,1,-14,1,10,3.07,1.8,2101.33
CLUST-LOT-03,W01,1,-13,1,10,3,1.81,2155.25
CLUST-LOT-03,W01,1,-12,1,10,2.56,1.8,2098.74
CLUST-LOT-03,W01,1,-11,1,11,2.28,1.8,2113.48
CLUST-LOT-03,W01,1,-10,1,10,2.14,1.86,2102.03
CLUST-LOT-03,W01,1,-9,1,10,2.56,1.81,2112.48
CLUST-LOT-03,W01,1,-8,1,10,2.89,1.82,2106.49
CLUST-LOT-03,W01,1,-7,1,10,3.12,1.82,2107.46
CLUST-LOT-03,W01,1,-6,1,10,2.81,1.75,2116.1
CLUST-LOT-03,W01,1,-5,1,10,2.92,1.76,2100.5
CLUST-LOT-03,W01,1,-4,1,10,3.1,1.83,2113.37
CLUST-LOT-03,W01,1,-3,2,23,3.06,1.84,2101.31
CLUST-LOT-03,W01,1,-2,2,23,2.72,1.76,2093.34
CLUST-LOT-03,W01,1,-1,2,21,2.52,1.74,2086.13
CLUST-LOT-03,W01,1,0,2,21,3.01,1.79,2143.53
CLUST-LOT-03,W01,1,1,3,32,3.29,1.76,2122.82
CLUST-LOT-03,W01,1,2,2,23,2.28,1.77,2115.56
CLUST-LOT-03,W01,1,3,3,32,3.2,1.8,2083.05
CLUST-LOT-03,W01,1,4,1,10,2.61,1.8,2105.73
CLUST-LOT-03,W01,1,5,1,10,2.9,1.83,2141.49
CLUST-LOT-03,W01,1,6,1,10,2.73,1.81,2114.34
CLUST-LOT-03,W01,1,7,1,10,3.31,1.81,2082.64
CLUST-LOT-03,W01,1,8,1,10,2.54,1.78,2110.28
CLUST-LOT-03,W01,1,9,1,10,2.68,1.8,2103.36
CLUST-LOT-03,W01,1,10,1,10,2.8,1.86,2094.38
CLUST-LOT-03,W01,1,11,1,10,2.37,1.81,2061.58
CLUST-LOT-03,W01,1,12,1,10,2.92,1.82,2103.79
CLUST-LOT-03,W01,1,13,1,10,2.23,1.81,2099.19
CLUST-LOT-03,W01,1,14,1,10,2.5,1.77,2111.94
CLUST-LOT-03,W01,1,15,1,10,2.37,1.83,2084.23
CLUST-LOT-03,W01,1,16,1,10,3.11,1.8,2121.39
CLUST-LOT-03,W01,1,17,1,10,2.96,1.79,2124.34
CLUST-LOT-03,W01,1,18,1,10,3.05,1.84,2133.08
CLUST-LOT-03,W01,1,19,1,10,2.61,1.81,2110.51
CLUST-LOT-03,W01,2,-19,1,10,3.75,1.82,2081.19
CLUST-LOT-03,W01,2,-18,1,10,2.8,1.76,2134.86
CLUST-LOT-03,W01,2,-17,1,10,3,1.76,2090.99
CLUST-LOT-03,W01,2,-16,1,10,3.04,1.83,2120.97
CLUST-LOT-03,W01,2,-15,1,10,2.44,1.83,2094.7
CLUST-LOT-03,W01,2,-14,1,10,2.29,1.74,2130.24
CLUST-LOT-03,W01,2,-13,1,10,2.24,1.78,2089.03
CLUST-LOT-03,W01,2,-12,1,10,2.25,1.84,2140.32
CLUST-LOT-03,W01,2,-11,1,10,2.49,1.78,2068.8
CLUST-LOT-03,W01,2,-10,1,10,2.94,1.82,2067.83
CLUST-LOT-03,W01,2,-9,1,10,3.11,1.82,2078.5
CLUST-LOT-03,W01,2,-8,1,10,2.22,1.83,2059.82
CLUST-LOT-03,W01,2,-7,1,10,2.71,1.83,2104.55
CLUST-LOT-03,W01,2,-6,1,10,2.99,1.78,2092.38
CLUST-LOT-03,W01,2,-5,1,10,2.48,1.79,2089.11
CLUST-LOT-03,W01,2,-4,2,21,2.64,1.74,2125.43
CLUST-LOT-03,W01,2,-3,3,32,2.82,1.84,2062.15
CLUST-LOT-03,W01,2,-2,2,23,2.95,1.82,2075.04
CLUST-LOT-03,W01,2,-1,2,23,2.48,1.83,2125.19
CLUST-LOT-03,W01,2,0,3,32,2.39,1.84,2066.74
CLUST-LOT-03,W01,2,1,3,32,2.01,1.81,2119.72
CLUST-LOT-03,W01,2,2,1,10,3.08,1.81,2075.98
CLUST-LOT-03,W01,2,3,1,10,3.05,1.78,2103.29
CLUST-LOT-03,W01,2,4,1,10,2.29,1.83,2116.01
CLUST-LOT-03,W01,2,5,1,10,2.46,1.81,2090.98
CLUST-LOT-03,W01,2,6,1,10,2.88,1.79,2075
CLUST-LOT-03,W01,2,7,1,10,2.78,1.8,2118.66
CLUST-LOT-03,W01,2,8,1,10,2.61,1.75,2089.6
CLUST-LOT-03,W01,2,9,1,10,3.39,1.83,2105.04
CLUST-LOT-03,W01,2,10,1,10,3.16,1.79,2092.49
CLUST-LOT-03,W01,2,11,1,10,3.01,1.79,2190
CLUST-LOT-03,W01,2,12,1,10,3.08,1.83,2109.13
CLUST-LOT-03,W01,2,13,1,10,2.57,1.82,2100.76
CLUST-LOT-03,W01,2,14,1,11,2.46,1.84,2101.97
CLUST-LOT-03,W01,2,15,1,10,2.55,1.8,2112.46
CLUST-LOT-03,W01,2,16,1,10,2.33,1.83,2126.8
CLUST-LOT-03,W01,2,17,1,10,3.05,1.84,2091.77
CLUST-LOT-03,W01,2,18,1,10,2.88,1.85,2104.72
CLUST-LOT-03,W01,2,19,1,11,2.23,1.83,2086.9
CLUST-LOT-03,W01,3,-19,1,10,3.28,1.81,2110.58
CLUST-LOT-03,W01,3,-18,1,10,2.45,1.85,2084.27
CLUST-LOT-03,W01,3,-17,1,10,2.59,1.8,2082.55
CLUST-LOT-03,W01,3,-16,1,10,2.55,1.79,2080.84
CLUST-LOT-03,W01,3,-15,1,10,2.86,1.81,2098.77
CLUST-LOT-03,W01,3,-14,1,10,2.64,1.81,2087.68
CLUST-LOT-03,W01,3,-13,1,10,2.12,1.81,2099.22
CLUST-LOT-03,W01,3,-12,1,10,2.59,1.77,2110.96
CLUST-LOT-03,W01,3,-11,1,10,2.51,1.77,2108.08
CLUST-LOT-03,W01,3,-10,1,10,3.03,1.78,2079.38
CLUST-LOT-03,W01,3,-9,1,10,2.65,1.83,2108.87
CLUST-LOT-03,W01,3,-8,1,10,2.44,1.83,2111.9
CLUST-LOT-03,W01,3,-7,1,10,2.58,1.8,2111.6
CLUST-LOT-03,W01,3,-6,1,10,2.49,1.79,2086.77
CLUST-LOT-03,W01,3,-5,1,10,2.68,1.8,2099.21
CLUST-LOT-03,W01,3,-4,2,21,2.73,1.8,2089.72
CLUST-LOT-03,W01,3,-3,1,10,2.74,1.8,2080.1
CLUST-LOT-03,W01,3,-2,1,10,2.71,1.84,2084.59
CLUST-LOT-03,W01,3,-1,1,10,2.89,1.81,2067.39
CLUST-LOT-03,W01,3,0,1,10,2.61,1.83,2096.68
CLUST-LOT-03,W01,3,1,1,10,2.32,1.8,2113.91
CLUST-LOT-03,W01,3,2,1,10,2.89,1.81,2084.82
CLUST-LOT-03,W01,3,3,1,10,3.28,1.77,2101.7
CLUST-LOT-03,W01,3,4,1,10,2.95,1.75,2117.28
CLUST-LOT-03,W01,3,5,1,10,3,1.77,2123.89
CLUST-LOT-03,W01,3,6,1,10,3.61,1.82,2110.62
CLUST-LOT-03,W01,3,7,1,10,2.99,1.79,2116.96
CLUST-LOT-03,W01,3,8,1,10,2.88,1.78,2096.1
CLUST-LOT-03,W01,3,9,1,10,3.4,1.83,2092.9
CLUST-LOT-03,W01,3,10,1,10,3.09,1.79,2114.91
CLUST-LOT-03,W01,3,11,1,10,3.35,1.78,2147.63
CLUST-LOT-03,W01,3,12,1,10,2.68,1.8,2130.46
CLUST-LOT-03,W01,3,13,1,10,3.4,1.77,2086.81
CLUST-LOT-03,W01,3,14,1,10,2.2,1.78,2101.66
CLUST-LOT-03,W01,3,15,1,10,2.67,1.79,2090.75
CLUST-LOT-03,W01,3,16,1,10,3.35,1.81,2109.04
CLUST-LOT-03,W01,3,17,1,10,2.95,1.84,2122.43
CLUST-LOT-03,W01,3,18,1,10,2.39,1.82,2133.81
CLUST-LOT-03,W01,3,19,1,10,3.04,1.78,2099.42
CLUST-LOT-03,W01,4,-18,1,10,2.67,1.83,2093.23
CLUST-LOT-03,W01,4,-17,1,10,2.89,1.79,2066.3
CLUST-LOT-03,W01,4,-16,1,10,2.69,1.82,2085.02
CLUST-LOT-03,W01,4,-15,1,10,2.63,1.81,2083.46
CLUST-LOT-03,W01,4,-14,1,10,2.77,1.79,2115.38
CLUST-LOT-03,W01,4,-13,1,11,3.03,1.78,2081.2
CLUST-LOT-03,W01,4,-12,1,10,3.22,1.82,2087.78
CLUST-LOT-03,W01,4,-11,1,11,2.68,1.76,2086.47
CLUST-LOT-03,W01,4,-10,1,10,3.15,1.78,2087.19
CLUST-LOT-03,W01,4,-9,1,10,2.66,1.77,2114.46
CLUST-LOT-03,W01,4,-8,1,10,3.05,1.79,2097.98
CLUST-LOT-03,W01,4,-7,1,10,2.54,1.81,2106.09
CLUST-LOT-03,W01,4,-6,1,10,2.53,1.73,2130.45
CLUST-LOT-03,W01,4,-5,1,10,3.17,1.83,2126.47
CLUST-LOT-03,W01,4,-4,1,10,2.67,1.81,2105.02
CLUST-LOT-03,W01,4,-3,1,10,3.12,1.75,2066.54
CLUST-LOT-03,W01,4,-2,2,23,3.08,1.81,2118.03
CLUST-LOT-03,W01,4,-1,1,10,2.8,1.79,2119.8
CLUST-LOT-03,W01,4,0,2,23,2.85,1.86,2102.9
CLUST-LOT-03,W01,4,1,1,10,2.8,1.79,2088.24
CLUST-LOT-03,W01,4,2,1,10,2.03,1.78,2118.8
CLUST-LOT-03,W01,4,3,1,10,2.85,1.81,2083.64
CLUST-LOT-03,W01,4,4,1,10,2.87,1.8,2099.22
CLUST-LOT-03,W01,4,5,1,10,2.65,1.82,2119.53
CLUST-LOT-03,W01,4,6,1,10,3.53,1.82,2097.94
CLUST-LOT-03,W01,4,7,1,10,2.77,1.8,2085.22
CLUST-LOT-03,W01,4,8,1,10,3.51,1.81,2095.08
CLUST-LOT-03,W01,4,9,1,11,2.71,1.8,2105.16
CLUST-LOT-03,W01,4,10,1,10,2.23,1.85,2070.98
CLUST-LOT-03,W01,4,11,1,10,2.32,1.79,2080.29
CLUST-LOT-03,W01,4,12,1,10,3.37,1.77,2098.47
CLUST-LOT-03,W01,4,13,1,10,2.75,1.79,2049.93
CLUST-LOT-03,W01,4,14,1,10,3.53,1.79,2100.81
CLUST-LOT-03,W01,4,15,1,10,2.88,1.88,2113.65
CLUST-LOT-03,W01,4,16,1,10,2.77,1.82,2090.61
CLUST-LOT-03,W01,4,17,1,10,2.41,1.76,2095.03
CLUST-LOT-03,W01,4,18,1,10,2.23,1.85,2075.44
CLUST-LOT-03,W01,5,-18,1,10,2.52,1.82,2135.95
CLUST-LOT-03,W01,5,-17,1,10,2.92,1.79,2121.42
CLUST-LOT-03,W01,5,-16,1,10,2.81,1.78,2076.3
CLUST-LOT-03,W01,5,-15,1,10,3.16,1.83,2125.68
CLUST-LOT-03,W01,5,-14,1,10,2.27,1.74,2073.86
CLUST-LOT-03,W01,5,-13,1,10,2.35,1.75,2114.39
CLUST-LOT-03,W01,5,-12,1,10,2.91,1.81,2095.69
CLUST-LOT-03,W01,5,-11,1,10,2.95,1.81,2053.79
CLUST-LOT-03,W01,5,-10,1,10,3.07,1.8,2114.66
CLUST-LOT-03,W01,5,-9,1,10,3.47,1.8,2103.34
CLUST-LOT-03,W01,5,-8,1,10,2.93,1.8,2166.74
CLUST-LOT-03,W01,5,-7,1,10,2.53,1.8,2124.88
CLUST-LOT-03,W01,5,-6,1,10,2.79,1.79,2101.87
CLUST-LOT-03,W01,5,-5,1,10,3.05,1.79,2125.32
CLUST-LOT-03,W01,5,-4,1,10,2.68,1.78,2063.56
CLUST-LOT-03,W01,5,-3,1,10,2.47,1.76,2110.29
CLUST-LOT-03,W01,5,-2,1,10,2.17,1.74,2089.18
CLUST-LOT-03,W01,5,-1,1,11,3.1,1.81,2089.6
CLUST-LOT-03,W01,5,0,1,10,2.82,1.83,2108.93
CLUST-LOT-03,W01,5,1,1,10,3.29,1.9,2101.36
CLUST-LOT-03,W01,5,2,1,10,2.85,1.8,2067.78
CLUST-LOT-03,W01,5,3,1,10,2.71,1.8,2134.76
CLUST-LOT-03,W01,5,4,1,10,2.97,1.82,2106.9
CLUST-LOT-03,W01,5,5,1,10,2.88,1.8,2099.8
CLUST-LOT-03,W01,5,6,1,10,2.65,1.78,2095.44
CLUST-LOT-03,W01,5,7,1,10,2.44,1.75,2101.83
CLUST-LOT-03,W01,5,8,1,10,2.78,1.8,2115.28
CLUST-LOT-03,W01,5,9,1,10,3.01,1.77,2098.76
CLUST-LOT-03,W01,5,10,1,10,2.03,1.84,2082.21
CLUST-LOT-03,W01,5,11,1,10,2.87,1.79,2108.87
CLUST-LOT-03,W01,5,12,1,10,3.26,1.85,2103.25
CLUST-LOT-03,W01,5,13,1,10,2.78,1.81,2124.6
CLUST-LOT-03,W01,5,14,1,10,2.67,1.84,2105.63
CLUST-LOT-03,W01,5,15,1,10,2.1,1.78,2076.44
CLUST-LOT-03,W01,5,16,1,10,3.09,1.8,2135.74
CLUST-LOT-03,W01,5,17,1,10,3.25,1.79,2101.33
CLUST-LOT-03,W01,5,18,1,10,2.81,1.79,2113.23
CLUST-LOT-03,W01,6,-18,1,10,3.54,1.79,2108.75
CLUST-LOT-03,W01,6,-17,1,10,3.09,1.8,2090.33
CLUST-LOT-03,W01,6,-16,1,10,2.66,1.82,2041.32
CLUST-LOT-03,W01,6,-15,1,10,2.77,1.79,2078.91
CLUST-LOT-03,W01,6,-14,1,10,2.92,1.86,2077.42
CLUST-LOT-03,W01,6,-13,1,10,3.02,1.88,2106.73
CLUST-LOT-03,W01,6,-12,1,10,3.15,1.83,2111.91
CLUST-LOT-03,W01,6,-11,1,10,2.78,1.82,2103.83
CLUST-LOT-03,W01,6,-10,1,10,2.39,1.78,2114.92
CLUST-LOT-03,W01,6,-9,1,11,2.03,1.82,2076.35
CLUST-LOT-03,W01,6,-8,1,10,2.61,1.84,2063.97
CLUST-LOT-03,W01,6,-7,1,10,3.2,1.83,2086.05
CLUST-LOT-03,W01,6,-6,1,10,2.72,1.86,2096.11
CLUST-LOT-03,W01,6,-5,1,10,2.66,1.8,2058.11
CLUST-LOT-03,W01,6,-4,1,10,2.2,1.86,2122.71
CLUST-LOT-03,W01,6,-3,1,10,2.66,1.81,2063.97
CLUST-LOT-03,W01,6,-2,1,11,2.71,1.8,2080.91
CLUST-LOT-03,W01,6,-1,1,10,2.59,1.74,2127.94
CLUST-LOT-03,W01,6,0,1,10,3.04,1.77,2084.11
CLUST-LOT-03,W01,6,1,1,10,2.63,1.83,2068.83
CLUST-LOT-03,W01,6,2,1,10,3.14,1.77,2143.41
CLUST-LOT-03,W01,6,3,1,10,2.8,1.77,2112.42
CLUST-LOT-03,W01,6,4,1,10,3.29,1.78,2114.08
CLUST-LOT-03,W01,6,5,1,10,3.2,1.81,2140.75
CLUST-LOT-03,W01,6,6,1,10,3.03,1.81,2111.63
CLUST-LOT-03,W01,6,7,1,10,2.22,1.8,2072.73
CLUST-LOT-03,W01,6,8,1,10,2.56,1.85,2123
CLUST-LOT-03,W01,6,9,1,10,3.05,1.79,2066.16
CLUST-LOT-03,W01,6,10,1,10,2.76,1.79,2112.27
CLUST-LOT-03,W01,6,11,1,10,2.52,1.85,2095.49
CLUST-LOT-03,W01,6,12,1,10,2.89,1.81,2087.63
CLUST-LOT-03,W01,6,13,1,10,3.26,1.78,2109.8
CLUST-LOT-03,W01,6,14,1,10,2.68,1.8,2084.86
CLUST-LOT-03,W01,6,15,1,10,2.82,1.78,2067.97
CLUST-LOT-03,W01,6,16,1,10,2.65,1.81,2093.89
CLUST-LOT-03,W01,6,17,1,10,3.53,1.82,2104.61
CLUST-LOT-03,W01,6,18,1,10,2.53,1.81,2117.75
CLUST-LOT-03,W01,7,-17,1,10,2.96,1.78,2094.1
CLUST-LOT-03,W01,7,-16,1,10,3,1.8,2094.5
CLUST-LOT-03,W01,7,-15,1,10,2.42,1.85,2076.68
CLUST-LOT-03,W01,7,-14,1,10,2.88,1.77,2131.71
CLUST-LOT-03,W01,7,-13,1,10,2.53,1.76,2129.49
CLUST-LOT-03,W01,7,-12,1,10,2.5,1.81,2133.38
CLUST-LOT-03,W01,7,-11,1,10,3.19,1.77,2139.01
CLUST-LOT-03,W01,7,-10,1,10,3.36,1.82,2080.3
CLUST-LOT-03,W01,7,-9,1,10,2.71,1.8,2127.3
CLUST-LOT-03,W01,7,-8,1,10,3.08,1.78,2076.36
CLUST-LOT-03,W01,7,-7,1,10,2.65,1.74,2114.32
CLUST-LOT-03,W01,7,-6,1,10,3.15,1.83,2141.22
CLUST-LOT-03,W01,7,-5,1,10,2.26,1.83,2076.82
CLUST-LOT-03,W01,7,-4,1,10,3.34,1.82,2076.68
CLUST-LOT-03,W01,7,-3,1,10,2.72,1.82,2082.41
CLUST-LOT-03,W01,7,-2,1,10,2.97,1.82,2130.59
CLUST-LOT-03,W01,7,-1,1,10,2.98,1.78,2095.55
CLUST-LOT-03,W01,7,0,1,10,2.39,1.81,2113.53
CLUST-LOT-03,W01,7,1,1,10,2.48,1.87,2116.2
CLUST-LOT-03,W01,7,2,1,10,2.89,1.84,2081.15
CLUST-LOT-03,W01,7,3,1,10,3.72,1.86,2096.07
CLUST-LOT-03,W01,7,4,1,11,2.95,1.78,2135.96
CLUST-LOT-03,W01,7,5,1,10,2.38,1.82,2086.69
CLUST-LOT-03,W01,7,6,1,10,2.8,1.83,2131.17
CLUST-LOT-03,W01,7,7,1,10,2.36,1.74,2115.82
CLUST-LOT-03,W01,7,8,1,10,2.49,1.81,2114.84
CLUST-LOT-03,W01,7,9,1,10,3.14,1.8,2111.53
CLUST-LOT-03,W01,7,10,1,10,2.99,1.78,2106.51
CLUST-LOT-03,W01,7,11,1,10,2.67,1.76,2089.45
CLUST-LOT-03,W01,7,12,1,10,3.1,1.81,2080.57
CLUST-LOT-03,W01,7,13,1,10,3.35,1.84,2091.58
CLUST-LOT-03,W01,7,14,1,10,3.21,1.8,2066.79
CLUST-LOT-03,W01,7,15,1,10,3.13,1.79,2125.11
CLUST-LOT-03,W01,7,16,1,10,2.96,1.79,2091.03
CLUST-LOT-03,W01,7,17,1,10,2.82,1.8,2089.38
CLUST-LOT-03,W01,8,-17,1,10,2.81,1.81,2072.69
CLUST-LOT-03,W01,8,-16,1,10,3.17,1.83,2071.01
CLUST-LOT-03,W01,8,-15,1,10,2.13,1.83,2094.46
CLUST-LOT-03,W01,8,-14,1,10,2.67,1.82,2129.4
CLUST-LOT-03,W01,8,-13,1,10,3.43,1.84,2077.73
CLUST-LOT-03,W01,8,-12,1,10,2.91,1.83,2078.32
CLUST-LOT-03,W01,8,-11,1,10,2.92,1.8,2112.58
CLUST-LOT-03,W01,8,-10,1,10,2.96,1.78,2066.84
CLUST-LOT-03,W01,8,-9,1,10,2.71,1.75,2164.01
CLUST-LOT-03,W01,8,-8,1,10,2.35,1.84,2065.57
CLUST-LOT-03,W01,8,-7,1,10,3,1.81,2065.24
CLUST-LOT-03,W01,8,-6,1,10,2.8,1.81,2073.41
CLUST-LOT-03,W01,8,-5,1,10,3.74,1.77,2092.38
CLUST-LOT-03,W01,8,-4,1,10,2.69,1.86,2108.17
CLUST-LOT-03,W01,8,-3,1,10,2.69,1.83,2121.67
CLUST-LOT-03,W01,8,-2,1,10,2.51,1.85,2110.71
CLUST-LOT-03,W01,8,-1,1,10,3,1.76,2120.09
CLUST-LOT-03,W01,8,0,1,10,2.49,1.82,2055.68
CLUST-LOT-03,W01,8,1,1,10,2.96,1.84,2124.78
CLUST-LOT-03,W01,8,2,1,10,2.86,1.73,2094.38
CLUST-LOT-03,W01,8,3,1,10,2.42,1.79,2128.96
CLUST-LOT-03,W01,8,4,1,10,2.71,1.82,2091.31
CLUST-LOT-03,W01,8,5,1,10,2.38,1.75,2107.52
CLUST-LOT-03,W01,8,6,1,11,2.44,1.84,2084.09
CLUST-LOT-03,W01,8,7,1,10,2.08,1.8,2113.5
CLUST-LOT-03,W01,8,8,1,10,3.16,1.86,2107.2
CLUST-LOT-03,W01,8,9,1,10,3.1,1.9,2096.25
CLUST-LOT-03,W01,8,10,1,10,2.01,1.8,2092.72
CLUST-LOT-03,W01,8,11,1,10,3.7,1.79,2095.06
CLUST-LOT-03,W01,8,12,1,10,3.42,1.8,2116.76
CLUST-LOT-03,W01,8,13,1,10,2.7,1.75,2100.34
CLUST-LOT-03,W01,8,14,1,10,2.18,1.82,2111.3
CLUST-LOT-03,W01,8,15,1,10,2.75,1.78,2087.09
CLUST-LOT-03,W01,8,16,1,10,3.3,1.78,2096.56
CLUST-LOT-03,W01,8,17,1,10,2.72,1.8,2119.06
CLUST-LOT-03,W01,9,-17,1,11,3.07,1.82,2071.41
CLUST-LOT-03,W01,9,-16,1,10,2.99,1.84,2097.89
CLUST-LOT-03,W01,9,-15,1,10,2.65,1.84,2109.15
CLUST-LOT-03,W01,9,-14,1,10,2.66,1.81,2097.85
CLUST-LOT-03,W01,9,-13,1,10,3.04,1.75,2078.28
CLUST-LOT-03,W01,9,-12,1,10,2.64,1.81,2096.04
CLUST-LOT-03,W01,9,-11,1,10,2.93,1.79,2085.16
CLUST-LOT-03,W01,9,-10,1,10,2.94,1.79,2133.63
CLUST-LOT-03,W01,9,-9,1,10,2.46,1.77,2090.13
CLUST-LOT-03,W01,9,-8,1,10,2.88,1.79,2092.99
CLUST-LOT-03,W01,9,-7,1,10,2.23,1.76,2141.68
CLUST-LOT-03,W01,9,-6,1,10,2.86,1.84,2102.84
CLUST-LOT-03,W01,9,-5,1,10,2.59,1.83,2087.1
CLUST-LOT-03,W01,9,-4,1,10,3.19,1.82,2118.37
CLUST-LOT-03,W01,9,-3,1,10,2.55,1.78,2134.12
CLUST-LOT-03,W01,9,-2,1,10,2.67,1.75,2101.49
CLUST-LOT-03,W01,9,-1,1,11,3.14,1.82,2122.9
CLUST-LOT-03,W01,9,0,1,10,3.17,1.8,2118.2
CLUST-LOT-03,W01,9,1,1,10,2.06,1.8,2146.8
CLUST-LOT-03,W01,9,2,1,10,2.54,1.78,2098.26
CLUST-LOT-03,W01,9,3,1,10,2.21,1.79,2128.26
CLUST-LOT-03,W01,9,4,1,10,2.5,1.79,2107.57
CLUST-LOT-03,W01,9,5,1,10,3.11,1.77,2134.67
CLUST-LOT-03,W01,9,6,1,10,2.77,1.79,2079.58
CLUST-LOT-03,W01,9,7,1,10,2.95,1.76,2131.51
CLUST-LOT-03,W01,9,8,1,10,2.12,1.79,2132.97
CLUST-LOT-03,W01,9,9,1,11,3.33,1.78,2099.87
CLUST-LOT-03,W01,9,10,1,10,2.85,1.8,2070.1
CLUST-LOT-03,W01,9,11,1,10,2.81,1.81,2132.31
CLUST-LOT-03,W01,9,12,1,10,3.03,1.75,2096.31
CLUST-LOT-03,W01,9,13,1,10,2.68,1.83,2100.36
CLUST-LOT-03,W01,9,14,1,10,3,1.74,2056.22
CLUST-LOT-03,W01,9,15,1,10,2.72,1.84,2098.44
CLUST-LOT-03,W01,9,16,1,10,2.63,1.82,2114.79
CLUST-LOT-03,W01,9,17,1,10,3.01,1.81,2129.74
CLUST-LOT-03,W01,10,-16,1,10,3.07,1.77,2116.08
CLUST-LOT-03,W01,10,-15,1,10,3.39,1.82,2098.01
CLUST-LOT-03,W01,10,-14,1,10,2.62,1.81,2090.51
CLUST-LOT-03,W01,10,-13,1,10,2.92,1.82,2110.32
CLUST-LOT-03,W01,10,-12,1,10,2.36,1.77,2060.06
CLUST-LOT-03,W01,10,-11,1,10,2.88,1.8,2093.49
CLUST-LOT-03,W01,10,-10,1,10,2.45,1.82,2086.93
CLUST-LOT-03,W01,10,-9,1,10,3.28,1.77,2076.03
CLUST-LOT-03,W01,10,-8,1,10,3.66,1.8,2111.38
CLUST-LOT-03,W01,10,-7,1,10,2.7,1.87,2110.26
CLUST-LOT-03,W01,10,-6,1,10,3.15,1.77,2132.2
CLUST-LOT-03,W01,10,-5,1,10,2.63,1.8,2074.27
CLUST-LOT-03,W01,10,-4,1,10,2.57,1.79,2144.11
CLUST-LOT-03,W01,10,-3,1,10,2.87,1.82,2109.88
CLUST-LOT-03,W01,10,-2,1,10,3.01,1.82,2117.6
CLUST-LOT-03,W01,10,-1,1,10,2.52,1.77,2066.94
CLUST-LOT-03,W01,10,0,1,10,3.14,1.78,2108.89
CLUST-LOT-03,W01,10,1,1,10,2.82,1.76,2066.83
CLUST-LOT-03,W01,10,2,1,10,2.97,1.76,2092.81
CLUST-LOT-03,W01,10,3,1,10,2.56,1.79,2070.53
CLUST-LOT-03,W01,10,4,1,10,2.85,1.8,2123.57
CLUST-LOT-03,W01,10,5,1,10,2.76,1.78,2091.52
CLUST-LOT-03,W01,10,6,1,11,2.8,1.88,2110.74
CLUST-LOT-03,W01,10,7,1,10,2.89,1.77,2092.8
CLUST-LOT-03,W01,10,8,1,10,2.53,1.8,2088.72
CLUST-LOT-03,W01,10,9,1,10,2.94,1.76,2075.94
CLUST-LOT-03,W01,10,10,1,10,2.47,1.82,2106.4
CLUST-LOT-03,W01,10,11,1,10,2.96,1.79,2097.67
CLUST-LOT-03,W01,10,12,1,10,2.78,1.82,2132.84
CLUST-LOT-03,W01,10,13,1,10,2.26,1.81,2087.28
CLUST-LOT-03,W01,10,14,1,10,2.24,1.84,2121.28
CLUST-LOT-03,W01,10,15,1,10,3.01,1.74,2102.97
CLUST-LOT-03,W01,10,16,1,10,2.79,1.77,2110.76
CLUST-LOT-03,W01,11,-15,1,10,3.31,1.84,2088.79
CLUST-LOT-03,W01,11,-14,1,10,2.42,1.76,2097.75
CLUST-LOT-03,W01,11,-13,1,10,2.66,1.8,2079.24
CLUST-LOT-03,W01,11,-12,1,10,2.78,1.75,2124.13
CLUST-LOT-03,W01,11,-11,1,10,2.6,1.83,2080.64
CLUST-LOT-03,W01,11,-10,1,10,3,1.78,2089.14
CLUST-LOT-03,W01,11,-9,1,11,2.17,1.78,2100.6
CLUST-LOT-03,W01,11,-8,1,10,3.16,1.79,2123.99
CLUST-LOT-03,W01,11,-7,1,10,2.57,1.81,2090.31
CLUST-LOT-03,W01,11,-6,1,10,2.82,1.83,2088.13
CLUST-LOT-03,W01,11,-5,1,10,3.39,1.8,2068.82
CLUST-LOT-03,W01,11,-4,1,10,2.92,1.79,2101.16
CLUST-LOT-03,W01,11,-3,1,10,2.52,1.82,2112.98
CLUST-LOT-03,W01,11,-2,1,10,2.71,1.8,2118.7
CLUST-LOT-03,W01,11,-1,1,10,2,1.87,2119.66
CLUST-LOT-03,W01,11,0,1,10,2.79,1.8,2043.65
CLUST-LOT-03,W01,11,1,1,10,3.09,1.8,2120.05
CLUST-LOT-03,W01,11,2,1,10,2.86,1.73,2091.58
CLUST-LOT-03,W01,11,3,1,10,2.84,1.81,2117.89
CLUST-LOT-03,W01,11,4,1,10,3.25,1.84,2129.96
CLUST-LOT-03,W01,11,5,1,10,1.97,1.79,2091.78
CLUST-LOT-03,W01,11,6,1,10,2.81,1.8,2134.26
CLUST-LOT-03,W01,11,7,1,10,2.66,1.78,2062.18
CLUST-LOT-03,W01,11,8,1,10,2.95,1.84,2100.77
CLUST-LOT-03,W01,11,9,1,10,2.48,1.77,2113.1
CLUST-LOT-03,W01,11,10,1,10,2.66,1.75,2116.25
CLUST-LOT-03,W01,11,11,1,10,3.11,1.83,2071.73
CLUST-LOT-03,W01,11,12,1,10,2.66,1.81,2068.89
CLUST-LOT-03,W01,11,13,1,10,2.57,1.76,2142.1
CLUST-LOT-03,W01,11,14,1,10,2.55,1.81,2097.55
CLUST-LOT-03,W01,11,15,1,10,2.59,1.79,2104.03
CLUST-LOT-03,W01,12,-15,1,10,2.83,1.78,2105.97
CLUST-LOT-03,W01,12,-14,1,10,2.55,1.78,2125.67
CLUST-LOT-03,W01,12,-13,1,10,2.62,1.78,2070.08
CLUST-LOT-03,W01,12,-12,1,11,2.28,1.86,2092.13
CLUST-LOT-03,W01,12,-11,1,10,2.74,1.84,2084.61
CLUST-LOT-03,W01,12,-10,1,10,2.71,1.83,2092.93
CLUST-LOT-03,W01,12,-9,1,10,2.87,1.78,2067.2
CLUST-LOT-03,W01,12,-8,1,10,2.42,1.8,2155.04
CLUST-LOT-03,W01,12,-7,1,10,2.7,1.76,2085.01
CLUST-LOT-03,W01,12,-6,1,10,2.88,1.78,2101.6
CLUST-LOT-03,W01,12,-5,1,10,2.22,1.83,2107.63
CLUST-LOT-03,W01,12,-4,1,10,2.79,1.81,2069.27
CLUST-LOT-03,W01,12,-3,1,10,2.66,1.84,2081.71
CLUST-LOT-03,W01,12,-2,1,10,3.1,1.78,2049.69
CLUST-LOT-03,W01,12,-1,1,10,3.56,1.79,2138.77
CLUST-LOT-03,W01,12,0,1,10,2.58,1.8,2108.64
CLUST-LOT-03,W01,12,1,1,10,2.43,1.78,2102.99
CLUST-LOT-03,W01,12,2,1,10,2.94,1.79,2079.43
CLUST-LOT-03,W01,12,3,1,10,3.37,1.79,2104.44
CLUST-LOT-03,W01,12,4,1,10,2.46,1.85,2082.03
CLUST-LOT-03,W01,12,5,1,10,2.73,1.82,2102.28
CLUST-LOT-03,W01,12,6,1,10,3,1.76,2129.86
CLUST-LOT-03,W01,12,7,1,10,2.72,1.84,2094.72
CLUST-LOT-03,W01,12,8,1,10,2.75,1.76,2081.98
CLUST-LOT-03,W01,12,9,1,10,2.81,1.82,2138.77
CLUST-LOT-03,W01,12,10,1,10,2.89,1.79,2104.79
CLUST-LOT-03,W01,12,11,1,10,2.47,1.81,2133.15
CLUST-LOT-03,W01,12,12,1,10,2.31,1.76,2113.6
CLUST-LOT-03,W01,12,13,1,10,2.53,1.79,2081.39
CLUST-LOT-03,W01,12,14,1,10,2.53,1.77,2092.89
CLUST-LOT-03,W01,12,15,1,10,2.18,1.79,2114.58
CLUST-LOT-03,W01,13,-14,1,10,2.96,1.84,2062.11
CLUST-LOT-03,W01,13,-13,1,10,2.37,1.84,2125.5
CLUST-LOT-03,W01,13,-12,1,10,3.22,1.78,2102.88
CLUST-LOT-03,W01,13,-11,1,10,3.21,1.77,2129.75
CLUST-LOT-03,W01,13,-10,1,10,3.07,1.79,2121.48
CLUST-LOT-03,W01,13,-9,1,10,3.29,1.84,2091.28
CLUST-LOT-03,W01,13,-8,1,10,3.11,1.83,2097.72
CLUST-LOT-03,W01,13,-7,1,10,3.13,1.86,2123.4
CLUST-LOT-03,W01,13,-6,1,10,2.51,1.88,2151.79
CLUST-LOT-03,W01,13,-5,1,10,2.58,1.78,2105.06
CLUST-LOT-03,W01,13,-4,1,10,3.27,1.84,2126.03
CLUST-LOT-03,W01,13,-3,1,10,2.71,1.8,2102.46
CLUST-LOT-03,W01,13,-2,1,10,3.4,1.81,2135.34
CLUST-LOT-03,W01,13,-1,1,10,3.5,1.8,2103.59
CLUST-LOT-03,W01,13,0,1,11,2.6,1.84,2104.28
CLUST-LOT-03,W01,13,1,1,10,3.07,1.78,2120.71
CLUST-LOT-03,W01,13,2,2,21,2.94,1.86,2115.9
CLUST-LOT-03,W01,13,3,1,10,2.87,1.82,2110.44
CLUST-LOT-03,W01,13,4,1,10,2.06,1.86,2086.93
CLUST-LOT-03,W01,13,5,1,10,3.43,1.83,2067.19
CLUST-LOT-03,W01,13,6,1,10,3.11,1.83,2087.68
CLUST-LOT-03,W01,13,7,1,10,3.3,1.8,2103.91
CLUST-LOT-03,W01,13,8,1,10,3.04,1.79,2097.81
CLUST-LOT-03,W01,13,9,1,10,2.57,1.79,2088.04
CLUST-LOT-03,W01,13,10,1,10,2.7,1.82,2099.42
CLUST-LOT-03,W01,13,11,1,10,2.91,1.81,2097.7
CLUST-LOT-03,W01,13,12,1,10,3.04,1.84,2088.9
CLUST-LOT-03,W01,13,13,1,10,2.4,1.79,2105.18
CLUST-LOT-03,W01,13,14,1,10,3.16,1.83,2112.64
CLUST-LOT-03,W01,14,-13,1,10,3.24,1.82,2148.6
CLUST-LOT-03,W01,14,-12,1,10,2.84,1.79,2069.97
CLUST-LOT-03,W01,14,-11,1,10,1.72,1.8,2104.2
CLUST-LOT-03,W01,14,-10,1,10,3.02,1.78,2116.99
CLUST-LOT-03,W01,14,-9,1,10,2.85,1.79,2114.3
CLUST-LOT-03,W01,14,-8,1,10,2.86,1.82,2102.66
CLUST-LOT-03,W01,14,-7,1,10,2.63,1.78,2137.9
CLUST-LOT-03,W01,14,-6,1,10,3,1.85,2068.91
CLUST-LOT-03,W01,14,-5,1,10,3.42,1.76,2091.24
CLUST-LOT-03,W01,14,-4,1,10,2.95,1.78,2130.93
CLUST-LOT-03,W01,14,-3,1,10,3.02,1.76,2099.22
CLUST-LOT-03,W01,14,-2,1,10,2.73,1.82,2090.01
CLUST-LOT-03,W01,14,-1,1,10,2.98,1.75,2081.26
CLUST-LOT-03,W01,14,0,1,10,2.67,1.87,2086.34
CLUST-LOT-03,W01,14,1,1,10,3.36,1.85,2100.1
CLUST-LOT-03,W01,14,2,1,10,2.94,1.82,2140.79
CLUST-LOT-03,W01,14,3,1,10,2.54,1.76,2101.74
CLUST-LOT-03,W01,14,4,1,10,2.38,1.78,2080.56
CLUST-LOT-03,W01,14,5,1,10,2.97,1.78,2063.67
CLUST-LOT-03,W01,14,6,1,10,3.11,1.79,2104.93
CLUST-LOT-03,W01,14,7,1,10,2.06,1.76,2084.55
CLUST-LOT-03,W01,14,8,1,10,2.11,1.82,2041.11
CLUST-LOT-03,W01,14,9,1,10,2.84,1.76,2111.95
CLUST-LOT-03,W01,14,10,1,10,2.19,1.8,2114.97
CLUST-LOT-03,W01,14,11,1,10,3.07,1.81,2091.74
CLUST-LOT-03,W01,14,12,1,10,2.9,1.81,2112.97
CLUST-LOT-03,W01,14,13,1,10,2.32,1.76,2116.29
CLUST-LOT-03,W01,15,-12,1,10,2.23,1.79,2076.09
CLUST-LOT-03,W01,15,-11,1,10,2.43,1.74,2034.59
CLUST-LOT-03,W01,15,-10,1,10,2.45,1.8,2140.94
CLUST-LOT-03,W01,15,-9,1,10,3.18,1.83,2141.09
CLUST-LOT-03,W01,15,-8,1,10,2.48,1.79,2079.87
CLUST-LOT-03,W01,15,-7,1,10,2.32,1.82,2130.43
CLUST-LOT-03,W01,15,-6,1,10,2.76,1.81,2109.65
CLUST-LOT-03,W01,15,-5,1,10,3.09,1.87,2100.14
CLUST-LOT-03,W01,15,-4,1,10,3.07,1.82,2101.39
CLUST-LOT-03,W01,15,-3,1,10,2.9,1.78,2076.47
CLUST-LOT-03,W01,15,-2,1,10,2.63,1.77,2097.61
CLUST-LOT-03,W01,15,-1,1,10,2.67,1.8,2106.91
CLUST-LOT-03,W01,15,0,1,10,2.53,1.79,2106.62
CLUST-LOT-03,W01,15,1,1,10,3.03,1.81,2120.42
CLUST-LOT-03,W01,15,2,1,10,2.46,1.8,2089.34
CLUST-LOT-03,W01,15,3,1,11,2.69,1.77,2075.87
CLUST-LOT-03,W01,15,4,1,10,2.92,1.79,2127.78
CLUST-LOT-03,W01,15,5,1,10,2.26,1.84,2127.73
CLUST-LOT-03,W01,15,6,1,10,2.69,1.84,2142.77
CLUST-LOT-03,W01,15,7,1,10,2.14,1.74,2065.54
CLUST-LOT-03,W01,15,8,1,10,2.77,1.83,2087.05
CLUST-LOT-03,W01,15,9,1,10,2.68,1.83,2107.29
CLUST-LOT-03,W01,15,10,1,10,3.59,1.79,2110.8
CLUST-LOT-03,W01,15,11,1,10,3.44,1.81,2103.55
CLUST-LOT-03,W01,15,12,1,10,2.57,1.77,2096.48
CLUST-LOT-03,W01,16,-10,1,10,3.28,1.85,2111.16
CLUST-LOT-03,W01,16,-9,1,10,2.32,1.8,2082.41
CLUST-LOT-03,W01,16,-8,1,11,2.64,1.84,2102.21
CLUST-LOT-03,W01,16,-7,1,10,3.12,1.84,2107.45
CLUST-LOT-03,W01,16,-6,1,10,2.62,1.8,2116.62
CLUST-LOT-03,W01,16,-5,1,10,2.92,1.85,2093.38
CLUST-LOT-03,W01,16,-4,1,10,3.4,1.82,2114.47
CLUST-LOT-03,W01,16,-3,1,10,2.29,1.79,2078.72
CLUST-LOT-03,W01,16,-2,1,10,2.61,1.81,2091.02
CLUST-LOT-03,W01,16,-1,1,10,2.62,1.77,2075.84
CLUST-LOT-03,W01,16,0,1,10,2.88,1.82,2074.43
CLUST-LOT-03,W01,16,1,1,10,2.95,1.81,2073.11
CLUST-LOT-03,W01,16,2,1,10,3.26,1.8,2081.14
CLUST-LOT-03,W01,16,3,1,11,2.72,1.78,2133.83
CLUST-LOT-03,W01,16,4,1,10,2.94,1.8,2075.45
CLUST-LOT-03,W01,16,5,1,10,3.03,1.79,2074.28
CLUST-LOT-03,W01,16,6,1,10,3.05,1.76,2102.37
CLUST-LOT-03,W01,16,7,1,10,2.84,1.79,2101.43
CLUST-LOT-03,W01,16,8,1,10,2.82,1.84,2104.72
CLUST-LOT-03,W01,16,9,1,10,2.62,1.82,2106.1
CLUST-LOT-03,W01,16,10,1,10,3.13,1.8,2043.29
CLUST-LOT-03,W01,17,-9,1,10,2.9,1.78,2099.92
CLUST-LOT-03,W01,17,-8,1,10,3.21,1.78,2134.47
CLUST-LOT-03,W01,17,-7,1,10,2.64,1.8,2103.5
CLUST-LOT-03,W01,17,-6,1,10,3.87,1.74,2072.65
CLUST-LOT-03,W01,17,-5,1,10,2.88,1.74,2072.01
CLUST-LOT-03,W01,17,-4,1,10,2.81,1.8,2112.02
CLUST-LOT-03,W01,17,-3,1,10,3.52,1.81,2130
CLUST-LOT-03,W01,17,-2,1,10,2.68,1.79,2108.28
CLUST-LOT-03,W01,17,-1,1,10,2.54,1.77,2109.67
CLUST-LOT-03,W01,17,0,1,10,2.54,1.78,2068.96
CLUST-LOT-03,W01,17,1,1,10,2.99,1.77,2089.48
CLUST-LOT-03,W01,17,2,1,10,2.68,1.78,2155.41
CLUST-LOT-03,W01,17,3,1,10,3.11,1.76,2102.94
CLUST-LOT-03,W01,17,4,1,11,3.32,1.83,2127.88
CLUST-LOT-03,W01,17,5,1,10,3.09,1.79,2107.09
CLUST-LOT-03,W01,17,6,1,10,2.49,1.85,2105.8
CLUST-LOT-03,W01,17,7,1,10,2.76,1.78,2117.57
CLUST-LOT-03,W01,17,8,1,10,2.65,1.73,2113.74
CLUST-LOT-03,W01,17,9,1,10,2.78,1.82,2107.63
CLUST-LOT-03,W01,18,-6,1,10,2.78,1.77,2084.87
CLUST-LOT-03,W01,18,-5,1,10,2.62,1.8,2116.84
CLUST-LOT-03,W01,18,-4,1,10,3.17,1.76,2117.45
CLUST-LOT-03,W01,18,-3,1,10,3.14,1.77,2128.12
CLUST-LOT-03,W01,18,-2,1,10,2.56,1.79,2097.6
CLUST-LOT-03,W01,18,-1,1,10,2.74,1.76,2105.05
CLUST-LOT-03,W01,18,0,1,10,2.71,1.78,2092.72
CLUST-LOT-03,W01,18,1,1,10,2.44,1.81,2108.24
CLUST-LOT-03,W01,18,2,1,10,2.9,1.77,2104.35
CLUST-LOT-03,W01,18,3,1,10,2.65,1.74,2092.17
CLUST-LOT-03,W01,18,4,1,10,2.65,1.83,2116.53
CLUST-LOT-03,W01,18,5,1,10,2.67,1.85,2091.14
CLUST-LOT-03,W01,18,6,1,10,2.75,1.82,2095.13
CLUST-LOT-03,W01,19,-3,2,21,2.55,1.83,2122.83
CLUST-LOT-03,W01,19,-2,1,10,3.46,1.79,2039.67
CLUST-LOT-03,W01,19,-1,1,10,3.26,1.77,2083.39
CLUST-LOT-03,W01,19,0,1,10,2.42,1.8,2098.38
CLUST-LOT-03,W01,19,1,1,10,2.9,1.85,2138.58
CLUST-LOT-03,W01,19,2,1,10,2,1.84,2100.05
CLUST-LOT-03,W01,19,3,1,10,2.23,1.81,2123.53
CLUST-LOT-03,W02,-19,-3,1,10,2.84,1.83,2061.37
CLUST-LOT-03,W02,-19,-2,1,10,2.38,1.79,2114.77
CLUST-LOT-03,W02,-19,-1,1,10,2.57,1.78,2068.82
CLUST-LOT-03,W02,-19,0,1,10,3.12,1.77,2065.07
CLUST-LOT-03,W02,-19,1,1,10,3.48,1.78,2124.66
CLUST-LOT-03,W02,-19,2,1,10,3.07,1.79,2090.23
CLUST-LOT-03,W02,-19,3,1,10,3.08,1.77,2127.63
CLUST-LOT-03,W02,-18,-6,1,10,3.13,1.79,2125.84
CLUST-LOT-03,W02,-18,-5,1,10,2.6,1.78,2099.77
CLUST-LOT-03,W02,-18,-4,1,10,2.3,1.77,2130.63
CLUST-LOT-03,W02,-18,-3,1,10,2.49,1.79,2098.98
CLUST-LOT-03,W02,-18,-2,1,10,3.19,1.79,2049.71
CLUST-LOT-03,W02,-18,-1,1,10,2.81,1.81,2089.55
CLUST-LOT-03,W02,-18,0,1,10,3.01,1.81,2120.43
CLUST-LOT-03,W02,-18,1,1,10,3.19,1.79,2135.81
CLUST-LOT-03,W02,-18,2,1,10,3.34,1.81,2057.14
CLUST-LOT-03,W02,-18,3,1,10,2.38,1.76,2091.61
CLUST-LOT-03,W02,-18,4,1,10,2.43,1.81,2093.26
CLUST-LOT-03,W02,-18,5,1,10,2.95,1.83,2089.87
CLUST-LOT-03,W02,-18,6,1,10,3.06,1.81,2120.46
CLUST-LOT-03,W02,-17,-9,1,10,3.11,1.79,2124.55
CLUST-LOT-03,W02,-17,-8,1,10,3.22,1.77,2119.23
CLUST-LOT-03,W02,-17,-7,1,10,2.24,1.82,2107.19
CLUST-LOT-03,W02,-17,-6,1,10,2.01,1.8,2091.4
CLUST-LOT-03,W02,-17,-5,1,10,2.88,1.77,2119.57
CLUST-LOT-03,W02,-17,-4,1,10,3.24,1.81,2107.51
CLUST-LOT-03,W02,-17,-3,1,10,2.32,1.8,2104.04
CLUST-LOT-03,W02,-17,-2,1,10,3.15,1.75,2085.42
CLUST-LOT-03,W02,-17,-1,1,10,3.21,1.8,2100.81
CLUST-LOT-03,W02,-17,0,1,10,2.65,1.85,2107.4
CLUST-LOT-03,W02,-17,1,1,10,3.46,1.8,2074.61
CLUST-LOT-03,W02,-17,2,1,10,2.73,1.78,2066.08
CLUST-LOT-03,W02,-17,3,1,10,2.25,1.8,2116.87
CLUST-LOT-03,W02,-17,4,1,10,2.55,1.78,2091.55
CLUST-LOT-03,W02,-17,5,1,10,3,1.81,2072.38
CLUST-LOT-03,W02,-17,6,1,10,2.45,1.78,2084.35
CLUST-LOT-03,W02,-17,7,1,10,2.62,1.79,2090.45
CLUST-LOT-03,W02,-17,8,1,11,3.36,1.82,2100.03
CLUST-LOT-03,W02,-17,9,1,10,2.33,1.75,2083.94
CLUST-LOT-03,W02,-16,-10,1,10,2.46,1.79,2098.94
CLUST-LOT-03,W02,-16,-9,1,10,2.9,1.78,2102.28
CLUST-LOT-03,W02,-16,-8,1,10,3.21,1.8,2112.95
CLUST-LOT-03,W02,-16,-7,1,10,3.56,1.79,2107.44
CLUST-LOT-03,W02,-16,-6,1,10,2.91,1.8,2109.64
CLUST-LOT-03,W02,-16,-5,1,11,2.71,1.82,2072.24
CLUST-LOT-03,W02,-16,-4,1,10,3.24,1.83,2098.12
CLUST-LOT-03,W02,-16,-3,1,10,2.81,1.78,2118.54
CLUST-LOT-03,W02,-16,-2,1,10,2.75,1.8,2121.43
CLUST-LOT-03,W02,-16,-1,1,10,3.11,1.78,2119.3
CLUST-LOT-03,W02,-16,0,1,10,2.38,1.77,2102.69
CLUST-LOT-03,W02,-16,1,1,10,2.05,1.8,2047.99
CLUST-LOT-03,W02,-16,2,1,10,3.05,1.84,2096.63
CLUST-LOT-03,W02,-16,3,1,10,2.77,1.8,2118
CLUST-LOT-03,W02,-16,4,1,10,2.53,1.82,2101.15
CLUST-LOT-03,W02,-16,5,1,10,2.5,1.77,2100.12
CLUST-LOT-03,W02,-16,6,1,10,3.12,1.78,2081.19
CLUST-LOT-03,W02,-16,7,1,10,2.62,1.8,2104
CLUST-LOT-03,W02,-16,8,1,10,2.26,1.77,2117.5
CLUST-LOT-03,W02,-16,9,1,10,2.76,1.79,2115.94
CLUST-LOT-03,W02,-16,10,1,10,2.88,1.8,2073.52
CLUST-LOT-03,W02,-15,-12,1,10,2.55,1.82,2104.99
CLUST-LOT-03,W02,-15,-11,1,10,3.54,1.8,2090.63
CLUST-LOT-03,W02,-15,-10,1,10,2.64,1.86,2106.03
CLUST-LOT-03,W02,-15,-9,1,10,2.72,1.78,2111.01
CLUST-LOT-03,W02,-15,-8,1,10,2.71,1.8,2078.02
CLUST-LOT-03,W02,-15,-7,1,10,2.58,1.75,2117.69
CLUST-LOT-03,W02,-15,-6,1,10,2.14,1.8,2120.69
CLUST-LOT-03,W02,-15,-5,1,10,2.93,1.8,2079.18
CLUST-LOT-03,W02,-15,-4,1,10,3.09,1.79,2115.93
CLUST-LOT-03,W02,-15,-3,1,10,2.97,1.8,2064.64
CLUST-LOT-03,W02,-15,-2,1,10,2.84,1.79,2121.78
CLUST-LOT-03,W02,-15,-1,1,10,3,1.81,2073.89
CLUST-LOT-03,W02,-15,0,1,10,2.88,1.86,2097.11
CLUST-LOT-03,W02,-15,1,1,10,2.7,1.82,2125.14
CLUST-LOT-03,W02,-15,2,1,10,2.83,1.79,2101.09
CLUST-LOT-03,W02,-15,3,1,10,2.92,1.78,2079.79
CLUST-LOT-03,W02,-15,4,1,11,2.71,1.84,2098.54
CLUST-LOT-03,W02,-15,5,1,10,2.94,1.82,2112.11
CLUST-LOT-03,W02,-15,6,1,10,2.81,1.74,2078.81
CLUST-LOT-03,W02,-15,7,1,10,2.98,1.81,2111.53
CLUST-LOT-03,W02,-15,8,1,10,2.99,1.83,2059.86
CLUST-LOT-03,W02,-15,9,1,10,2.79,1.75,2078.71
CLUST-LOT-03,W02,-15,10,1,10,2.93,1.79,2106.38
CLUST-LOT-03,W02,-15,11,1,10,2.2,1.8,2108.58
CLUST-LOT-03,W02,-15,12,1,10,3.17,1.78,2117.41
CLUST-LOT-03,W02,-14,-13,1,10,2.85,1.77,2130.01
CLUST-LOT-03,W02,-14,-12,1,10,2.99,1.75,2081.3
CLUST-LOT-03,W02,-14,-11,1,10,2.54,1.73,2087.44
CLUST-LOT-03,W02,-14,-10,1,10,2.73,1.82,2089.19
CLUST-LOT-03,W02,-14,-9,1,10,2.6,1.85,2113.09
CLUST-LOT-03,W02,-14,-8,1,10,2.06,1.8,2057.73
CLUST-LOT-03,W02,-14,-7,1,10,3.44,1.75,2112.3
CLUST-LOT-03,W02,-14,-6,1,10,2.79,1.8,2058.15
CLUST-LOT-03,W02,-14,-5,1,10,2.55,1.75,2086.43
CLUST-LOT-03,W02,-14,-4,1,10,2.89,1.82,2060.97
CLUST-LOT-03,W02,-14,-3,1,10,2.37,1.81,2046.4
CLUST-LOT-03,W02,-14,-2,1,10,2.62,1.78,2100.83
CLUST-LOT-03,W02,-14,-1,1,10,3.14,1.8,2094.94
CLUST-LOT-03,W02,-14,0,1,10,2.49,1.8,2089.14
CLUST-LOT-03,W02,-14,1,1,10,2.83,1.83,2123.42
CLUST-LOT-03,W02,-14,2,1,10,2.87,1.82,2057.57
CLUST-LOT-03,W02,-14,3,1,10,2.66,1.78,2105.88
CLUST-LOT-03,W02,-14,4,1,10,3.03,1.77,2044.18
CLUST-LOT-03,W02,-14,5,1,10,2.58,1.78,2072.59
CLUST-LOT-03,W02,-14,6,1,10,3.11,1.81,2096.06
CLUST-LOT-03,W02,-14,7,1,10,2.87,1.78,2093.52
CLUST-LOT-03,W02,-14,8,1,10,2.62,1.77,2056.56
CLUST-LOT-03,W02,-14,9,1,10,2.46,1.79,2118.74
CLUST-LOT-03,W02,-14,10,1,10,2.8,1.8,2086.83
CLUST-LOT-03,W02,-14,11,1,10,3.34,1.82,2091.71
CLUST-LOT-03,W02,-14,12,1,10,3.51,1.79,2112.87
CLUST-LOT-03,W02,-14,13,1,10,3.11,1.79,2067.49
CLUST-LOT-03,W02,-13,-14,1,10,2.54,1.84,2126.28
CLUST-LOT-03,W02,-13,-13,1,10,2.66,1.76,2091.65
CLUST-LOT-03,W02,-13,-12,1,10,2.65,1.84,2115.05
CLUST-LOT-03,W02,-13,-11,1,10,2.52,1.81,2130.53
CLUST-LOT-03,W02,-13,-10,1,10,2.7,1.81,2086.14
CLUST-LOT-03,W02,-13,-9,1,10,3.35,1.76,2094.63
CLUST-LOT-03,W02,-13,-8,1,10,2.54,1.77,2102.69
CLUST-LOT-03,W02,-13,-7,1,10,2.68,1.78,2107.4
CLUST-LOT-03,W02,-13,-6,1,10,2.59,1.8,2111.4
CLUST-LOT-03,W02,-13,-5,1,10,2.53,1.8,2081.68
CLUST-LOT-03,W02,-13,-4,1,10,2.5,1.79,2134.78
CLUST-LOT-03,W02,-13,-3,1,10,2.33,1.79,2105.68
CLUST-LOT-03,W02,-13,-2,1,10,2.69,1.81,2111.93
CLUST-LOT-03,W02,-13,-1,1,10,2.13,1.79,2109.22
CLUST-LOT-03,W02,-13,0,1,10,2.86,1.82,2091.42
CLUST-LOT-03,W02,-13,1,1,10,2.78,1.8,2094.92
CLUST-LOT-03,W02,-13,2,1,10,3.33,1.83,2098.12
CLUST-LOT-03,W02,-13,3,1,10,2.31,1.76,2107.35
CLUST-LOT-03,W02,-13,4,1,10,2.99,1.86,2122.27
CLUST-LOT-03,W02,-13,5,1,10,2.99,1.78,2096.12
CLUST-LOT-03,W02,-13,6,1,10,2.81,1.8,2135.01
CLUST-LOT-03,W02,-13,7,1,10,2.72,1.82,2104.71
CLUST-LOT-03,W02,-13,8,1,10,3.06,1.81,2097.28
CLUST-LOT-03,W02,-13,9,1,10,3.07,1.77,2113.63
CLUST-LOT-03,W02,-13,10,1,10,2.96,1.81,2067.55
CLUST-LOT-03,W02,-13,11,1,10,2.76,1.86,2089.1
CLUST-LOT-03,W02,-13,12,1,10,2.47,1.8,2080.56
CLUST-LOT-03,W02,-13,13,1,10,2.77,1.77,2151.96
CLUST-LOT-03,W02,-13,14,1,10,2.41,1.82,2117.31
CLUST-LOT-03,W02,-12,-15,1,10,2.6,1.8,2100.85
CLUST-LOT-03,W02,-12,-14,1,10,2.94,1.73,2110.35
CLUST-LOT-03,W02,-12,-13,1,10,2.11,1.85,2105.07
CLUST-LOT-03,W02,-12,-12,1,10,2.56,1.81,2083.42
CLUST-LOT-03,W02,-12,-11,1,10,2.57,1.79,2122.9
CLUST-LOT-03,W02,-12,-10,1,10,2.63,1.84,2068.9
CLUST-LOT-03,W02,-12,-9,1,10,2.58,1.76,2113.18
CLUST-LOT-03,W02,-12,-8,1,10,2.76,1.79,2119.03
CLUST-LOT-03,W02,-12,-7,1,10,2.5,1.75,2103.8
CLUST-LOT-03,W02,-12,-6,1,10,3.15,1.87,2107.61
CLUST-LOT-03,W02,-12,-5,1,10,2.76,1.8,2110.12
CLUST-LOT-03,W02,-12,-4,1,11,2.28,1.76,2103.37
CLUST-LOT-03,W02,-12,-3,1,10,2.88,1.75,2060.77
CLUST-LOT-03,W02,-12,-2,1,10,2.75,1.85,2088.68
CLUST-LOT-03,W02,-12,-1,1,10,2.75,1.83,2058.81
CLUST-LOT-03,W02,-12,0,1,10,2.47,1.77,2133.52
CLUST-LOT-03,W02,-12,1,1,10,2.4,1.75,2106.51
CLUST-LOT-03,W02,-12,2,1,10,2.63,1.76,2101.47
CLUST-LOT-03,W02,-12,3,1,10,2.58,1.88,2110.98
CLUST-LOT-03,W02,-12,4,1,10,2.93,1.75,2086.42
CLUST-LOT-03,W02,-12,5,1,10,2.75,1.81,2085.56
CLUST-LOT-03,W02,-12,6,1,10,2.92,1.81,2102.46
CLUST-LOT-03,W02,-12,7,1,10,2.84,1.76,2131.06
CLUST-LOT-03,W02,-12,8,1,10,2.37,1.83,2103.89
CLUST-LOT-03,W02,-12,9,1,10,2.56,1.77,2065.13
CLUST-LOT-03,W02,-12,10,1,10,2.64,1.78,2075.51
CLUST-LOT-03,W02,-12,11,1,10,2.77,1.81,2109.25
CLUST-LOT-03,W02,-12,12,1,10,2.46,1.8,2082.07
CLUST-LOT-03,W02,-12,13,1,10,2.42,1.82,2118.5
CLUST-LOT-03,W02,-12,14,1,10,2.47,1.76,2081.23
CLUST-LOT-03,W02,-12,15,2,23,3.11,1.77,2070.7
CLUST-LOT-03,W02,-11,-15,1,10,3,1.83,2116.61
CLUST-LOT-03,W02,-11,-14,1,10,2.8,1.8,2090.85
CLUST-LOT-03,W02,-11,-13,1,10,2.33,1.77,2134.42
CLUST-LOT-03,W02,-11,-12,1,10,3.15,1.79,2040.96
CLUST-LOT-03,W02,-11,-11,1,10,2.76,1.82,2108.53
CLUST-LOT-03,W02,-11,-10,1,10,2.41,1.82,2139.48
CLUST-LOT-03,W02,-11,-9,1,10,3.33,1.79,2108.72
CLUST-LOT-03,W02,-11,-8,1,10,2.58,1.83,2129.46
CLUST-LOT-03,W02,-11,-7,1,10,2.89,1.82,2119.25
CLUST-LOT-03,W02,-11,-6,1,10,2.88,1.83,2091.06
CLUST-LOT-03,W02,-11,-5,1,10,2.61,1.79,2095.75
CLUST-LOT-03,W02,-11,-4,1,10,3.38,1.8,2078.4
CLUST-LOT-03,W02,-11,-3,1,10,2.78,1.79,2119.5
CLUST-LOT-03,W02,-11,-2,1,10,2.94,1.76,2116.65
CLUST-LOT-03,W02,-11,-1,1,10,2.59,1.81,2109.8
CLUST-LOT-03,W02,-11,0,1,10,2.68,1.9,2100.24
CLUST-LOT-03,W02,-11,1,1,10,2.79,1.83,2063.12
CLUST-LOT-03,W02,-11,2,1,10,2.46,1.8,2074.79
CLUST-LOT-03,W02,-11,3,1,10,2.5,1.8,2178.7
CLUST-LOT-03,W02,-11,4,1,10,3,1.77,2105.28
CLUST-LOT-03,W02,-11,5,1,10,2.77,1.76,2101.47
CLUST-LOT-03,W02,-11,6,1,10,3.36,1.73,2050.52
CLUST-LOT-03,W02,-11,7,1,10,2.23,1.83,2095.24
CLUST-LOT-03,W02,-11,8,1,10,2.49,1.81,2065.75
CLUST-LOT-03,W02,-11,9,1,10,3.41,1.81,2108.7
CLUST-LOT-03,W02,-11,10,1,10,2.53,1.81,2106.75
CLUST-LOT-03,W02,-11,11,1,10,2.72,1.79,2122.67
CLUST-LOT-03,W02,-11,12,1,10,2.36,1.78,2107.71
CLUST-LOT-03,W02,-11,13,1,10,3.24,1.74,2125.43
CLUST-LOT-03,W02,-11,14,1,10,2.78,1.8,2077.68
CLUST-LOT-03,W02,-11,15,1,10,2.73,1.78,2111.79
CLUST-LOT-03,W02,-10,-16,1,10,1.88,1.78,2057.23
CLUST-LOT-03,W02,-10,-15,1,10,2.74,1.79,2106.34
CLUST-LOT-03,W02,-10,-14,1,10,2.96,1.77,2127.76
CLUST-LOT-03,W02,-10,-13,1,10,3.29,1.83,2147.99
CLUST-LOT-03,W02,-10,-12,1,10,3.09,1.83,2108.62
CLUST-LOT-03,W02,-10,-11,1,10,3.12,1.79,2108.38
CLUST-LOT-03,W02,-10,-10,1,10,3.19,1.82,2100.65
CLUST-LOT-03,W02,-10,-9,1,10,2.35,1.82,2118.91
CLUST-LOT-03,W02,-10,-8,1,10,2.82,1.82,2093.01
CLUST-LOT-03,W02,-10,-7,1,10,3.11,1.8,2073.25
CLUST-LOT-03,W02,-10,-6,1,10,3.36,1.81,2102.8
CLUST-LOT-03,W02,-10,-5,1,10,2.49,1.76,2119.49
CLUST-LOT-03,W02,-10,-4,1,10,2.77,1.84,2097.35
CLUST-LOT-03,W02,-10,-3,1,10,2.72,1.79,2127.99
CLUST-LOT-03,W02,-10,-2,1,10,2.96,1.81,2061.92
CLUST-LOT-03,W02,-10,-1,1,10,2.84,1.84,2141.39
CLUST-LOT-03,W02,-10,0,1,10,2.78,1.84,2130.29
CLUST-LOT-03,W02,-10,1,1,10,2.8,1.77,2107.57
CLUST-LOT-03,W02,-10,2,1,10,2.75,1.79,2068.55
CLUST-LOT-03,W02,-10,3,1,10,2.48,1.76,2068.44
CLUST-LOT-03,W02,-10,4,1,10,3.07,1.79,2063.38
CLUST-LOT-03,W02,-10,5,1,10,2.74,1.82,2097.48
CLUST-LOT-03,W02,-10,6,1,10,2.91,1.79,2108.19
CLUST-LOT-03,W02,-10,7,1,11,2.86,1.81,2093.32
CLUST-LOT-03,W02,-10,8,1,10,2.55,1.77,2110.68
CLUST-LOT-03,W02,-10,9,1,10,3.79,1.8,2119.8
CLUST-LOT-03,W02,-10,10,1,10,2.87,1.8,2069.08
CLUST-LOT-03,W02,-10,11,1,10,3.2,1.79,2103.27
CLUST-LOT-03,W02,-10,12,1,10,2.54,1.77,2107.04
CLUST-LOT-03,W02,-10,13,1,10,2.27,1.79,2085.76
CLUST-LOT-03,W02,-10,14,1,10,2.63,1.82,2082.02
CLUST-LOT-03,W02,-10,15,1,10,3.12,1.77,2096.48
CLUST-LOT-03,W02,-10,16,1,10,2.69,1.8,2109.08
CLUST-LOT-03,W02,-9,-17,1,10,2.97,1.74,2087.55
CLUST-LOT-03,W02,-9,-16,1,10,3.38,1.8,2069.06
CLUST-LOT-03,W02,-9,-15,1,10,2.55,1.83,2099.15
CLUST-LOT-03,W02,-9,-14,1,10,3.2,1.82,2124.27
CLUST-LOT-03,W02,-9,-13,1,10,2.52,1.79,2079.39
CLUST-LOT-03,W02,-9,-12,1,10,3.48,1.8,2129.01
CLUST-LOT-03,W02,-9,-11,1,10,2.76,1.79,2082.81
CLUST-LOT-03,W02,-9,-10,1,10,2.4,1.82,2093.41
CLUST-LOT-03,W02,-9,-9,1,10,3.2,1.8,2120.36
CLUST-LOT-03,W02,-9,-8,1,10,2.74,1.8,2138.69
CLUST-LOT-03,W02,-9,-7,1,10,2.99,1.83,2074.82
CLUST-LOT-03,W02,-9,-6,1,10,2.41,1.77,2064.58
CLUST-LOT-03,W02,-9,-5,1,10,2.34,1.86,2112.06
CLUST-LOT-03,W02,-9,-4,1,10,2.75,1.8,2141.86
CLUST-LOT-03,W02,-9,-3,1,10,3.03,1.76,2126.04
CLUST-LOT-03,W02,-9,-2,1,10,2.56,1.82,2106.37
CLUST-LOT-03,W02,-9,-1,1,10,2.73,1.74,2131.29
CLUST-LOT-03,W02,-9,0,1,10,2.76,1.75,2075.62
CLUST-LOT-03,W02,-9,1,1,10,2.25,1.82,2079.79
CLUST-LOT-03,W02,-9,2,1,10,2.92,1.82,2085.15
CLUST-LOT-03,W02,-9,3,1,10,3.47,1.82,2125.72
CLUST-LOT-03,W02,-9,4,1,10,2.81,1.78,2086.96
CLUST-LOT-03,W02,-9,5,1,10,2.38,1.78,2099.29
CLUST-LOT-03,W02,-9,6,1,10,3.03,1.82,2106.34
CLUST-LOT-03,W02,-9,7,1,10,2.57,1.81,2049.21
CLUST-LOT-03,W02,-9,8,1,10,2.53,1.78,2106.37
CLUST-LOT-03,W02,-9,9,1,10,2.95,1.79,2074.48
CLUST-LOT-03,W02,-9,10,1,10,2.69,1.81,2137.33
CLUST-LOT-03,W02,-9,11,1,10,2.57,1.78,2118.48
CLUST-LOT-03,W02,-9,12,1,10,2.79,1.8,2109.35
CLUST-LOT-03,W02,-9,13,1,10,3.27,1.79,2097.52
CLUST-LOT-03,W02,-9,14,1,10,3.16,1.78,2142.55
CLUST-LOT-03,W02,-9,15,1,10,2.95,1.81,2100.02
CLUST-LOT-03,W02,-9,16,1,10,2.79,1.79,2090.57
CLUST-LOT-03,W02,-9,17,1,10,2.58,1.78,2139.7
CLUST-LOT-03,W02,-8,-17,1,10,2.29,1.81,2066.16
CLUST-LOT-03,W02,-8,-16,1,10,2.21,1.81,2065.63
CLUST-LOT-03,W02,-8,-15,1,10,2.82,1.81,2103.07
CLUST-LOT-03,W02,-8,-14,1,10,2.9,1.81,2100.44
CLUST-LOT-03,W02,-8,-13,1,10,2.98,1.76,2107.85
CLUST-LOT-03,W02,-8,-12,1,10,3.01,1.82,2062.77
CLUST-LOT-03,W02,-8,-11,1,10,3.07,1.86,2096.08
CLUST-LOT-03,W02,-8,-10,1,10,3.09,1.79,2106.37
CLUST-LOT-03,W02,-8,-9,1,10,3,1.82,2101.82
CLUST-LOT-03,W02,-8,-8,1,10,2.9,1.85,2061.81
CLUST-LOT-03,W02,-8,-7,1,10,2.8,1.84,2094.65
CLUST-LOT-03,W02,-8,-6,1,10,2.88,1.81,2132.95
CLUST-LOT-03,W02,-8,-5,1,10,2.56,1.78,2093.82
CLUST-LOT-03,W02,-8,-4,1,10,3.3,1.83,2110.81
CLUST-LOT-03,W02,-8,-3,1,10,3.51,1.83,2120.22
CLUST-LOT-03,W02,-8,-2,1,10,3,1.78,2109.49
CLUST-LOT-03,W02,-8,-1,1,10,2.87,1.75,2109.8
CLUST-LOT-03,W02,-8,0,1,10,2.86,1.81,2142.07
CLUST-LOT-03,W02,-8,1,1,10,3.32,1.79,2087.93
CLUST-LOT-03,W02,-8,2,1,10,2.51,1.81,2110.18
CLUST-LOT-03,W02,-8,3,1,10,3.2,1.82,2137.48
CLUST-LOT-03,W02,-8,4,1,10,3.11,1.77,2048.43
CLUST-LOT-03,W02,-8,5,1,10,2.89,1.78,2105.5
CLUST-LOT-03,W02,-8,6,1,10,2.51,1.76,2104.07
CLUST-LOT-03,W02,-8,7,1,10,2.91,1.81,2113.13
CLUST-LOT-03,W02,-8,8,1,10,2.92,1.79,2079.79
CLUST-LOT-03,W02,-8,9,1,10,3.16,1.83,2085.97
CLUST-LOT-03,W02,-8,10,1,10,2.67,1.81,2077.1
CLUST-LOT-03,W02,-8,11,1,10,2.89,1.77,2108.38
CLUST-LOT-03,W02,-8,12,1,10,2.57,1.74,2097.82
CLUST-LOT-03,W02,-8,13,1,10,3.12,1.75,2113.49
CLUST-LOT-03,W02,-8,14,1,10,2.68,1.81,2094.51
CLUST-LOT-03,W02,-8,15,1,10,3.04,1.8,2090.65
CLUST-LOT-03,W02,-8,16,1,10,2.77,1.8,2075.97
CLUST-LOT-03,W02,-8,17,1,10,2.74,1.81,2082.77
CLUST-LOT-03,W02,-7,-17,1,10,2.96,1.77,2104.83
CLUST-LOT-03,W02,-7,-16,1,10,2.75,1.82,2100.29
CLUST-LOT-03,W02,-7,-15,1,10,2.3,1.81,2038.77
CLUST-LOT-03,W02,-7,-14,1,10,2.15,1.83,2090.27
CLUST-LOT-03,W02,-7,-13,1,10,3.3,1.83,2085.55
CLUST-LOT-03,W02,-7,-12,1,10,2.63,1.81,2088.01
CLUST-LOT-03,W02,-7,-11,1,10,3.18,1.8,2095.54
CLUST-LOT-03,W02,-7,-10,1,10,3.81,1.79,2126.09
CLUST-LOT-03,W02,-7,-9,1,10,3.07,1.83,2104.24
CLUST-LOT-03,W02,-7,-8,1,10,3.17,1.86,2119.51
CLUST-LOT-03,W02,-7,-7,1,10,2.12,1.78,2131.09
CLUST-LOT-03,W02,-7,-6,1,10,2.69,1.76,2117.09
CLUST-LOT-03,W02,-7,-5,1,10,2.85,1.78,2107.54
CLUST-LOT-03,W02,-7,-4,1,10,2.02,1.77,2096.19
CLUST-LOT-03,W02,-7,-3,1,10,2.73,1.77,2114.27
CLUST-LOT-03,W02,-7,-2,1,10,3.01,1.76,2117.37
CLUST-LOT-03,W02,-7,-1,1,10,2.47,1.82,2094.54
CLUST-LOT-03,W02,-7,0,1,10,3.1,1.7,2092.89
CLUST-LOT-03,W02,-7,1,1,10,2.7,1.8,2109.47
CLUST-LOT-03,W02,-7,2,1,10,2.58,1.82,2099.21
CLUST-LOT-03,W02,-7,3,1,10,2.85,1.76,2086.22
CLUST-LOT-03,W02,-7,4,1,10,2.84,1.82,2133.73
CLUST-LOT-03,W02,-7,5,1,10,2.65,1.83,2098.49
CLUST-LOT-03,W02,-7,6,1,10,2.58,1.81,2096.06
CLUST-LOT-03,W02,-7,7,2,23,2.97,1.77,2149.28
CLUST-LOT-03,W02,-7,8,1,10,2.58,1.79,2120.16
CLUST-LOT-03,W02,-7,9,1,11,3.01,1.78,2077.24
CLUST-LOT-03,W02,-7,10,1,10,2.69,1.86,2100.66
CLUST-LOT-03,W02,-7,11,1,10,2.43,1.74,2131.05
CLUST-LOT-03,W02,-7,12,1,10,2.93,1.78,2091.68
CLUST-LOT-03,W02,-7,13,1,10,2.86,1.8,2079.92
CLUST-LOT-03,W02,-7,14,1,10,2.88,1.86,2087.86
CLUST-LOT-03,W02,-7,15,2,23,3.03,1.83,2100.46
CLUST-LOT-03,W02,-7,16,1,10,2.61,1.77,2084.16
CLUST-LOT-03,W02,-7,17,1,10,2.8,1.81,2091.52
CLUST-LOT-03,W02,-6,-18,1,10,2.88,1.78,2121.07
CLUST-LOT-03,W02,-6,-17,1,10,2.47,1.8,2041.22
CLUST-LOT-03,W02,-6,-16,2,23,3.06,1.82,2124.46
CLUST-LOT-03,W02,-6,-15,1,10,2.27,1.82,2118.16
CLUST-LOT-03,W02,-6,-14,1,10,2.62,1.84,2114.66
CLUST-LOT-03,W02,-6,-13,1,10,2.87,1.82,2098.93
CLUST-LOT-03,W02,-6,-12,1,10,3.44,1.82,2106.47
CLUST-LOT-03,W02,-6,-11,1,10,3.26,1.79,2126.58
CLUST-LOT-03,W02,-6,-10,1,10,2.87,1.8,2120.01
CLUST-LOT-03,W02,-6,-9,1,10,3.42,1.78,2113.12
CLUST-LOT-03,W02,-6,-8,1,10,3.22,1.75,2083.19
CLUST-LOT-03,W02,-6,-7,1,10,2.29,1.83,2083.19
CLUST-LOT-03,W02,-6,-6,1,10,1.85,1.79,2127.59
CLUST-LOT-03,W02,-6,-5,1,10,2.98,1.8,2076.46
CLUST-LOT-03,W02,-6,-4,1,10,2.47,1.82,2094.89
CLUST-LOT-03,W02,-6,-3,1,10,2.83,1.75,2139.27
CLUST-LOT-03,W02,-6,-2,1,10,3.55,1.8,2057.4
CLUST-LOT-03,W02,-6,-1,1,10,2.95,1.81,2129.04
CLUST-LOT-03,W02,-6,0,1,10,3.23,1.85,2128.77
CLUST-LOT-03,W02,-6,1,1,10,2.73,1.75,2120.99
CLUST-LOT-03,W02,-6,2,1,10,3.03,1.76,2096.05
CLUST-LOT-03,W02,-6,3,1,10,3.05,1.78,2137.91
CLUST-LOT-03,W02,-6,4,1,10,2.88,1.83,2100.37
CLUST-LOT-03,W02,-6,5,1,10,2.87,1.86,2118.88
CLUST-LOT-03,W02,-6,6,1,10,3.18,1.82,2093.62
CLUST-LOT-03,W02,-6,7,1,10,2.94,1.78,2090.5
CLUST-LOT-03,W02,-6,8,1,10,2.87,1.79,2116.69
CLUST-LOT-03,W02,-6,9,1,10,2.11,1.9,2134.23
CLUST-LOT-03,W02,-6,10,1,10,3.03,1.84,2082.29
CLUST-LOT-03,W02,-6,11,1,10,3.54,1.79,2101.36
CLUST-LOT-03,W02,-6,12,1,10,2.76,1.76,2111.83
CLUST-LOT-03,W02,-6,13,1,10,2.59,1.86,2062.44
CLUST-LOT-03,W02,-6,14,1,10,2.34,1.79,2065.73
CLUST-LOT-03,W02,-6,15,1,10,2.58,1.78,2145.4
CLUST-LOT-03,W02,-6,16,1,10,3.03,1.79,2117.6
CLUST-LOT-03,W02,-6,17,1,10,3.19,1.83,2100.86
CLUST-LOT-03,W02,-6,18,1,11,2.67,1.75,2095.37
CLUST-LOT-03,W02,-5,-18,1,10,3.13,1.79,2088.46
CLUST-LOT-03,W02,-5,-17,1,10,2.6,1.77,2083.72
CLUST-LOT-03,W02,-5,-16,1,10,3.32,1.77,2138.37
CLUST-LOT-03,W02,-5,-15,1,10,2.46,1.79,2104.17
CLUST-LOT-03,W02,-5,-14,1,10,2.65,1.79,2105.66
CLUST-LOT-03,W02,-5,-13,1,10,3.44,1.76,2126.89
CLUST-LOT-03,W02,-5,-12,1,10,2.53,1.77,2107.86
CLUST-LOT-03,W02,-5,-11,1,10,2.93,1.88,2062.96
CLUST-LOT-03,W02,-5,-10,1,10,2.46,1.81,2097.57
CLUST-LOT-03,W02,-5,-9,1,10,2.43,1.79,2096.81
CLUST-LOT-03,W02,-5,-8,1,11,2.81,1.88,2107.25
CLUST-LOT-03,W02,-5,-7,1,10,3.37,1.8,2069.8
CLUST-LOT-03,W02,-5,-6,1,10,2.95,1.81,2118.82
CLUST-LOT-03,W02,-5,-5,1,10,2.5,1.79,2135.83
CLUST-LOT-03,W02,-5,-4,1,10,2.37,1.77,2089.31
CLUST-LOT-03,W02,-5,-3,1,10,3.18,1.78,2112.57
CLUST-LOT-03,W02,-5,-2,2,21,2.41,1.8,2121.18
CLUST-LOT-03,W02,-5,-1,2,23,2.87,1.82,2080.85
CLUST-LOT-03,W02,-5,0,1,10,3.05,1.81,2101.42
CLUST-LOT-03,W02,-5,1,1,10,2.39,1.76,2084.56
CLUST-LOT-03,W02,-5,2,2,21,2.73,1.77,2104.01
CLUST-LOT-03,W02,-5,3,1,10,2.47,1.79,2087.15
CLUST-LOT-03,W02,-5,4,1,10,3.04,1.77,2085.68
CLUST-LOT-03,W02,-5,5,1,10,2.81,1.87,2088.69
CLUST-LOT-03,W02,-5,6,1,10,2.37,1.77,2091.02
CLUST-LOT-03,W02,-5,7,1,10,2.34,1.84,2110.92
CLUST-LOT-03,W02,-5,8,1,10,2.05,1.8,2076.94
CLUST-LOT-03,W02,-5,9,1,10,2.31,1.8,2108.11
CLUST-LOT-03,W02,-5,10,1,10,2.21,1.81,2098.45
CLUST-LOT-03,W02,-5,11,1,10,3.09,1.76,2084.73
CLUST-LOT-03,W02,-5,12,1,10,2.84,1.83,2062.48
CLUST-LOT-03,W02,-5,13,1,10,2.73,1.77,2108.28
CLUST-LOT-03,W02,-5,14,1,10,3.13,1.77,2105.76
CLUST-LOT-03,W02,-5,15,1,10,3.12,1.8,2089.86
CLUST-LOT-03,W02,-5,16,1,10,3.51,1.8,2120.7
CLUST-LOT-03,W02,-5,17,1,10,2.96,1.8,2094.93
CLUST-LOT-03,W02,-5,18,1,10,3.17,1.8,2103.49
CLUST-LOT-03,W02,-4,-18,1,10,2.45,1.84,2113.33
CLUST-LOT-03,W02,-4,-17,1,10,2.18,1.76,2119.9
CLUST-LOT-03,W02,-4,-16,1,10,3.12,1.8,2108.42
CLUST-LOT-03,W02,-4,-15,1,10,2.97,1.79,2084.76
CLUST-LOT-03,W02,-4,-14,1,10,3.26,1.81,2104.09
CLUST-LOT-03,W02,-4,-13,1,10,2.74,1.81,2149.25
CLUST-LOT-03,W02,-4,-12,1,10,2.79,1.83,2123.22
CLUST-LOT-03,W02,-4,-11,1,11,2.89,1.79,2118.26
CLUST-LOT-03,W02,-4,-10,1,10,2.52,1.88,2087.88
CLUST-LOT-03,W02,-4,-9,1,10,2.3,1.78,2110.63
CLUST-LOT-03,W02,-4,-8,1,10,2.67,1.78,2092.49
CLUST-LOT-03,W02,-4,-7,1,10,3.03,1.81,2110.19
CLUST-LOT-03,W02,-4,-6,1,10,2,1.81,2048.12
CLUST-LOT-03,W02,-4,-5,1,10,2.9,1.76,2113.29
CLUST-LOT-03,W02,-4,-4,1,10,2.65,1.78,2129.51
CLUST-LOT-03,W02,-4,-3,2,21,2.59,1.79,2063.83
CLUST-LOT-03,W02,-4,-2,1,10,2.57,1.82,2103.11
CLUST-LOT-03,W02,-4,-1,1,10,2.69,1.78,2099.14
CLUST-LOT-03,W02,-4,0,1,10,2.65,1.78,2127.98
CLUST-LOT-03,W02,-4,1,2,21,2.52,1.8,2086.14
CLUST-LOT-03,W02,-4,2,2,21,2.65,1.77,2089.51
CLUST-LOT-03,W02,-4,3,2,23,2.59,1.82,2091.67
CLUST-LOT-03,W02,-4,4,1,10,2.91,1.74,2087.82
CLUST-LOT-03,W02,-4,5,1,10,2.57,1.83,2132.6
CLUST-LOT-03,W02,-4,6,1,10,2.96,1.8,2090.19
CLUST-LOT-03,W02,-4,7,1,10,3.52,1.76,2071.26
CLUST-LOT-03,W02,-4,8,1,10,2.75,1.83,2073.44
CLUST-LOT-03,W02,-4,9,1,10,2.88,1.81,2113.94
CLUST-LOT-03,W02,-4,10,1,10,3.58,1.75,2089.06
CLUST-LOT-03,W02,-4,11,1,10,2.6,1.78,2111.18
CLUST-LOT-03,W02,-4,12,1,10,2.75,1.83,2079.01
CLUST-LOT-03,W02,-4,13,1,10,2.73,1.79,2073.54
CLUST-LOT-03,W02,-4,14,1,10,2.98,1.82,2124.04
CLUST-LOT-03,W02,-4,15,1,10,3.23,1.8,2088.66
CLUST-LOT-03,W02,-4,16,1,10,3.13,1.79,2088.76
CLUST-LOT-03,W02,-4,17,1,10,3.29,1.75,2074.29
CLUST-LOT-03,W02,-4,18,1,10,2.43,1.85,2095.41
CLUST-LOT-03,W02,-3,-19,1,10,2.85,1.81,2108.26
CLUST-LOT-03,W02,-3,-18,1,10,2.77,1.82,2106.03
CLUST-LOT-03,W02,-3,-17,1,10,2.52,1.77,2110.91
CLUST-LOT-03,W02,-3,-16,1,10,2.58,1.8,2069.76
CLUST-LOT-03,W02,-3,-15,1,10,2.31,1.76,2109.43
CLUST-LOT-03,W02,-3,-14,1,10,3.07,1.83,2087.92
CLUST-LOT-03,W02,-3,-13,1,10,3.51,1.81,2090.58
CLUST-LOT-03,W02,-3,-12,1,10,2.04,1.78,2090.49
CLUST-LOT-03,W02,-3,-11,1,10,2.95,1.76,2096.52
CLUST-LOT-03,W02,-3,-10,1,10,2.57,1.78,2113.96
CLUST-LOT-03,W02,-3,-9,1,10,3.34,1.79,2079.24
CLUST-LOT-03,W02,-3,-8,1,10,3.09,1.79,2056.58
CLUST-LOT-03,W02,-3,-7,1,10,2.45,1.81,2088.18
CLUST-LOT-03,W02,-3,-6,1,10,2.79,1.82,2087.82
CLUST-LOT-03,W02,-3,-5,1,10,3.2,1.83,2059.21
CLUST-LOT-03,W02,-3,-4,1,10,2.64,1.85,2078.66
CLUST-LOT-03,W02,-3,-3,1,10,2.88,1.85,2108
CLUST-LOT-03,W02,-3,-2,2,21,2.01,1.79,2081.16
CLUST-LOT-03,W02,-3,-1,3,32,2.5,1.72,2085.85
CLUST-LOT-03,W02,-3,0,3,32,3,1.83,2105.67
CLUST-LOT-03,W02,-3,1,2,23,2.45,1.78,2130.28
CLUST-LOT-03,W02,-3,2,1,10,2.38,1.74,2118.28
CLUST-LOT-03,W02,-3,3,1,10,2.95,1.79,2134.79
CLUST-LOT-03,W02,-3,4,1,10,2.33,1.78,2114.25
CLUST-LOT-03,W02,-3,5,1,10,2.82,1.8,2095
CLUST-LOT-03,W02,-3,6,1,10,3.07,1.77,2083.9
CLUST-LOT-03,W02,-3,7,1,10,2.68,1.78,2133.11
CLUST-LOT-03,W02,-3,8,1,10,2.48,1.8,2104.76
CLUST-LOT-03,W02,-3,9,1,10,2.76,1.8,2123.63
CLUST-LOT-03,W02,-3,10,1,10,3.13,1.77,2063.73
CLUST-LOT-03,W02,-3,11,1,10,2.96,1.77,2117.27
CLUST-LOT-03,W02,-3,12,1,10,2.83,1.76,2080.07
CLUST-LOT-03,W02,-3,13,1,10,2.74,1.79,2079.07
CLUST-LOT-03,W02,-3,14,1,10,2.9,1.85,2082.86
CLUST-LOT-03,W02,-3,15,1,10,2.53,1.76,2109.71
CLUST-LOT-03,W02,-3,16,1,10,2.87,1.77,2060.21
CLUST-LOT-03,W02,-3,17,1,10,3.2,1.77,2099.57
CLUST-LOT-03,W02,-3,18,1,10,3.02,1.82,2102.24
CLUST-LOT-03,W02,-3,19,1,10,2.92,1.78,2124.51
CLUST-LOT-03,W02,-2,-19,1,10,2.87,1.79,2078.61
CLUST-LOT-03,W02,-2,-18,1,10,3.45,1.83,2121.81
CLUST-LOT-03,W02,-2,-17,1,10,2.61,1.76,2107.99
CLUST-LOT-03,W02,-2,-16,1,10,3.11,1.8,2131.85
CLUST-LOT-03,W02,-2,-15,1,10,3,1.82,2089.56
CLUST-LOT-03,W02,-2,-14,1,10,2.94,1.77,2099.28
CLUST-LOT-03,W02,-2,-13,1,10,2.67,1.79,2104.33
CLUST-LOT-03,W02,-2,-12,1,10,1.87,1.78,2094.08
CLUST-LOT-03,W02,-2,-11,1,10,2.57,1.87,2110.93
CLUST-LOT-03,W02,-2,-10,1,10,2.75,1.77,2062.2
CLUST-LOT-03,W02,-2,-9,1,10,1.83,1.76,2111.97
CLUST-LOT-03,W02,-2,-8,1,10,2.54,1.77,2094.27
CLUST-LOT-03,W02,-2,-7,1,10,2.76,1.82,2070.91
CLUST-LOT-03,W02,-2,-6,1,10,2.9,1.81,2099.93
CLUST-LOT-03,W02,-2,-5,1,10,2.98,1.78,2148.5
CLUST-LOT-03,W02,-2,-4,1,10,2.46,1.82,2106.95
CLUST-LOT-03,W02,-2,-3,1,10,3.2,1.84,2090.42
CLUST-LOT-03,W02,-2,-2,3,32,3.03,1.89,2109.54
CLUST-LOT-03,W02,-2,-1,2,21,2.88,1.8,2101.62
CLUST-LOT-03,W02,-2,0,1,10,2.55,1.8,2123.12
CLUST-LOT-03,W02,-2,1,2,21,2.5,1.81,2088.3
CLUST-LOT-03,W02,-2,2,1,10,2.75,1.77,2134.41
CLUST-LOT-03,W02,-2,3,1,10,2.85,1.81,2114.07
CLUST-LOT-03,W02,-2,4,1,10,2.92,1.81,2136.91
CLUST-LOT-03,W02,-2,5,1,10,2.6,1.76,2088.79
CLUST-LOT-03,W02,-2,6,1,10,2.6,1.83,2114.54
CLUST-LOT-03,W02,-2,7,1,10,3.47,1.8,2127.75
CLUST-LOT-03,W02,-2,8,1,10,2.71,1.78,2103.95
CLUST-LOT-03,W02,-2,9,1,10,3.1,1.75,2062.99
CLUST-LOT-03,W02,-2,10,1,11,3.52,1.79,2102.18
CLUST-LOT-03,W02,-2,11,1,10,2.51,1.75,2094.56
CLUST-LOT-03,W02,-2,12,1,10,2.97,1.78,2100.54
CLUST-LOT-03,W02,-2,13,1,10,2.61,1.78,2105.79
CLUST-LOT-03,W02,-2,14,1,10,2.54,1.77,2119.63
CLUST-LOT-03,W02,-2,15,1,10,2.68,1.81,2068.34
CLUST-LOT-03,W02,-2,16,1,10,3.32,1.78,2098.11
CLUST-LOT-03,W02,-2,17,1,10,2.34,1.8,2137.69
CLUST-LOT-03,W02,-2,18,1,10,3.16,1.81,2097.34
CLUST-LOT-03,W02,-2,19,1,10,2.51,1.8,2098.79
CLUST-LOT-03,W02,-1,-19,1,10,3.33,1.81,2081.19
CLUST-LOT-03,W02,-1,-18,1,10,2.45,1.78,2084.75
CLUST-LOT-03,W02,-1,-17,1,10,3.23,1.81,2100.92
CLUST-LOT-03,W02,-1,-16,1,10,2.81,1.81,2093.21
CLUST-LOT-03,W02,-1,-15,1,10,2.8,1.71,2090.41
CLUST-LOT-03,W02,-1,-14,1,10,2.58,1.83,2125.99
CLUST-LOT-03,W02,-1,-13,1,10,2.58,1.84,2108.58
CLUST-LOT-03,W02,-1,-12,1,10,2.43,1.84,2075.69
CLUST-LOT-03,W02,-1,-11,1,11,2.82,1.82,2119.25
CLUST-LOT-03,W02,-1,-10,1,10,3.04,1.82,2116.16
CLUST-LOT-03,W02,-1,-9,1,10,3.2,1.81,2121.02
CLUST-LOT-03,W02,-1,-8,1,10,2.77,1.79,2102.2
CLUST-LOT-03,W02,-1,-7,1,11,2.61,1.81,2049.02
CLUST-LOT-03,W02,-1,-6,1,10,3.2,1.74,2100.04
CLUST-LOT-03,W02,-1,-5,1,10,3.54,1.81,2122.58
CLUST-LOT-03,W02,-1,-4,1,10,3.19,1.8,2073.37
CLUST-LOT-03,W02,-1,-3,1,10,2.65,1.83,2099.67
CLUST-LOT-03,W02,-1,-2,1,10,2.83,1.79,2140.16
CLUST-LOT-03,W02,-1,-1,1,10,2.86,1.82,2097.59
CLUST-LOT-03,W02,-1,0,2,23,2.9,1.8,2100.15
CLUST-LOT-03,W02,-1,1,2,21,3.19,1.76,2092.32
CLUST-LOT-03,W02,-1,2,1,10,3.26,1.81,2153.01
CLUST-LOT-03,W02,-1,3,1,10,2.63,1.78,2116.38
CLUST-LOT-03,W02,-1,4,1,10,3.15,1.78,2130.87
CLUST-LOT-03,W02,-1,5,1,10,2.11,1.79,2105.35
CLUST-LOT-03,W02,-1,6,1,10,2.2,1.78,2121.76
CLUST-LOT-03,W02,-1,7,1,10,2.31,1.77,2117.25
CLUST-LOT-03,W02,-1,8,1,10,2.6,1.78,2114.33
CLUST-LOT-03,W02,-1,9,1,10,3.21,1.84,2115.13
CLUST-LOT-03,W02,-1,10,1,10,3.12,1.75,2104.21
CLUST-LOT-03,W02,-1,11,1,10,2.83,1.78,2124.44
CLUST-LOT-03,W02,-1,12,1,10,2.49,1.79,2097.26
CLUST-LOT-03,W02,-1,13,1,10,2.8,1.78,2091.62
CLUST-LOT-03,W02,-1,14,1,10,3.38,1.85,2054.43
CLUST-LOT-03,W02,-1,15,1,10,2.54,1.84,2053.87
CLUST-LOT-03,W02,-1,16,1,10,2.09,1.78,2111.99
CLUST-LOT-03,W02,-1,17,1,10,2.65,1.77,2064.09
CLUST-LOT-03,W02,-1,18,1,10,2.39,1.75,2090.52
CLUST-LOT-03,W02,-1,19,1,10,2.59,1.74,2093.52
CLUST-LOT-03,W02,0,-19,1,10,2.61,1.79,2090.36
CLUST-LOT-03,W02,0,-18,1,10,2.63,1.8,2114.89
CLUST-LOT-03,W02,0,-17,1,10,2.56,1.81,2110.15
CLUST-LOT-03,W02,0,-16,1,10,2.93,1.76,2123.38
CLUST-LOT-03,W02,0,-15,1,10,2.85,1.78,2106.31
CLUST-LOT-03,W02,0,-14,1,10,2.61,1.81,2135.36
CLUST-LOT-03,W02,0,-13,1,10,3.11,1.84,2096.6
CLUST-LOT-03,W02,0,-12,1,10,2.53,1.8,2119.88
CLUST-LOT-03,W02,0,-11,1,11,3.3,1.8,2132.74
CLUST-LOT-03,W02,0,-10,1,10,2.67,1.86,2086.4
CLUST-LOT-03,W02,0,-9,1,10,2.56,1.79,2092.35
CLUST-LOT-03,W02,0,-8,1,10,2.69,1.84,2140.49
CLUST-LOT-03,W02,0,-7,1,10,2.45,1.8,2099.48
CLUST-LOT-03,W02,0,-6,1,10,3.06,1.79,2118.81
CLUST-LOT-03,W02,0,-5,1,10,2.58,1.77,2078.66
CLUST-LOT-03,W02,0,-4,2,23,2.84,1.76,2075.8
CLUST-LOT-03,W02,0,-3,1,11,2.56,1.8,2092.04
CLUST-LOT-03,W02,0,-2,2,23,3.42,1.75,2086.15
CLUST-LOT-03,W02,0,-1,1,10,2.98,1.8,2102.84
CLUST-LOT-03,W02,0,0,3,32,2.52,1.78,2120.53
CLUST-LOT-03,W02,0,1,2,21,2.98,1.81,2098.58
CLUST-LOT-03,W02,0,2,2,23,3.14,1.79,2108.46
CLUST-LOT-03,W02,0,3,1,10,3.31,1.78,2087.05
CLUST-LOT-03,W02,0,4,1,10,2.65,1.76,2108.3
CLUST-LOT-03,W02,0,5,1,10,2.46,1.83,2104.25
CLUST-LOT-03,W02,0,6,1,10,3.09,1.75,2105.77
CLUST-LOT-03,W02,0,7,1,10,2.87,1.75,2119.05
CLUST-LOT-03,W02,0,8,1,10,2.89,1.79,2107.09
CLUST-LOT-03,W02,0,9,1,11,2.66,1.82,2087.24
CLUST-LOT-03,W02,0,10,1,10,2.27,1.79,2074.15
CLUST-LOT-03,W02,0,11,1,10,2.58,1.78,2091.72
CLUST-LOT-03,W02,0,12,1,10,2.8,1.81,2104.07
CLUST-LOT-03,W02,0,13,1,10,3.05,1.8,2090.06
CLUST-LOT-03,W02,0,14,1,10,2.81,1.85,2074.57
CLUST-LOT-03,W02,0,15,1,10,2.92,1.72,2114.61
CLUST-LOT-03,W02,0,16,1,10,2.84,1.79,2106.22
CLUST-LOT-03,W02,0,17,1,10,3.15,1.78,2060.27
CLUST-LOT-03,W02,0,18,1,10,2.97,1.79,2112.25
CLUST-LOT-03,W02,0,19,1,10,3.12,1.82,2101.87
CLUST-LOT-03,W02,1,-19,1,10,2.87,1.8,2096.64
CLUST-LOT-03,W02,1,-18,1,10,2.26,1.79,2124.57
CLUST-LOT-03,W02,1,-17,1,10,2.67,1.82,2082.71
CLUST-LOT-03,W02,1,-16,1,10,2.69,1.82,2103.07
CLUST-LOT-03,W02,1,-15,1,10,3.41,1.75,2091.41
CLUST-LOT-03,W02,1,-14,1,10,3.32,1.79,2124.33
CLUST-LOT-03,W02,1,-13,1,10,2.5,1.75,2125.18
CLUST-LOT-03,W02,1,-12,1,10,2.97,1.77,2079.23
CLUST-LOT-03,W02,1,-11,1,10,2.26,1.79,2085.9
CLUST-LOT-03,W02,1,-10,1,10,2.45,1.79,2081.27
CLUST-LOT-03,W02,1,-9,1,10,2.75,1.85,2097.03
CLUST-LOT-03,W02,1,-8,1,10,2.58,1.85,2108.95
CLUST-LOT-03,W02,1,-7,1,10,3.3,1.75,2060.09
CLUST-LOT-03,W02,1,-6,1,10,2.72,1.86,2126.6
CLUST-LOT-03,W02,1,-5,1,10,2.57,1.76,2110.04
CLUST-LOT-03,W02,1,-4,1,10,3.05,1.77,2096.56
CLUST-LOT-03,W02,1,-3,1,10,3.38,1.8,2097.59
CLUST-LOT-03,W02,1,-2,1,10,3.16,1.84,2076.23
CLUST-LOT-03,W02,1,-1,1,10,3.11,1.8,2062.43
CLUST-LOT-03,W02,1,0,1,10,2.53,1.76,2075.55
CLUST-LOT-03,W02,1,1,3,32,2.35,1.75,2083.62
CLUST-LOT-03,W02,1,2,1,10,2.58,1.79,2072.58
CLUST-LOT-03,W02,1,3,2,21,2.83,1.81,2088.53
CLUST-LOT-03,W02,1,4,1,10,2.6,1.8,2058.03
CLUST-LOT-03,W02,1,5,1,10,2.78,1.79,2110.59
CLUST-LOT-03,W02,1,6,1,10,3.21,1.77,2107.19
CLUST-LOT-03,W02,1,7,1,10,2.14,1.82,2100.44
CLUST-LOT-03,W02,1,8,1,10,2.94,1.81,2096.48
CLUST-LOT-03,W02,1,9,1,10,2.98,1.81,2113.11
CLUST-LOT-03,W02,1,10,1,10,2.62,1.8,2114.86
CLUST-LOT-03,W02,1,11,1,10,2.78,1.77,2104.81
CLUST-LOT-03,W02,1,12,1,10,2.65,1.86,2118.16
CLUST-LOT-03,W02,1,13,1,11,3.44,1.86,2100.98
CLUST-LOT-03,W02,1,14,1,10,3.14,1.78,2086.31
CLUST-LOT-03,W02,1,15,1,10,3.51,1.77,2089.43
CLUST-LOT-03,W02,1,16,1,11,2.53,1.76,2101.44
CLUST-LOT-03,W02,1,17,1,10,3.21,1.83,2101.81
CLUST-LOT-03,W02,1,18,1,10,2.54,1.82,2087.19
CLUST-LOT-03,W02,1,19,1,10,2.62,1.81,2083.53
CLUST-LOT-03,W02,2,-19,1,10,3.08,1.82,2074.09
CLUST-LOT-03,W02,2,-18,1,10,2.46,1.79,2096.22
CLUST-LOT-03,W02,2,-17,1,10,2.76,1.8,2136.48
CLUST-LOT-03,W02,2,-16,1,10,2.07,1.81,2106.06
CLUST-LOT-03,W02,2,-15,1,11,2.62,1.84,2091.21
CLUST-LOT-03,W02,2,-14,1,10,3.26,1.78,2114.7
CLUST-LOT-03,W02,2,-13,1,10,2.76,1.8,2092.99
CLUST-LOT-03,W02,2,-12,1,10,3.12,1.79,2105.27
CLUST-LOT-03,W02,2,-11,1,10,2.85,1.8,2105.91
CLUST-LOT-03,W02,2,-10,1,10,3.2,1.78,2062.76
CLUST-LOT-03,W02,2,-9,1,10,2.22,1.74,2109.18
CLUST-LOT-03,W02,2,-8,1,10,3.01,1.77,2077.45
CLUST-LOT-03,W02,2,-7,1,10,2.89,1.78,2078.82
CLUST-LOT-03,W02,2,-6,1,10,2.42,1.81,2138.23
CLUST-LOT-03,W02,2,-5,1,11,3.4,1.73,2061.08
CLUST-LOT-03,W02,2,-4,1,10,3.22,1.84,2147.95
CLUST-LOT-03,W02,2,-3,1,10,2.49,1.83,2109.61
CLUST-LOT-03,W02,2,-2,1,10,2.66,1.81,2096.19
CLUST-LOT-03,W02,2,-1,1,10,3.06,1.82,2074.87
CLUST-LOT-03,W02,2,0,1,10,3.31,1.81,2109.09
CLUST-LOT-03,W02,2,1,1,10,2.23,1.84,2100.29
CLUST-LOT-03,W02,2,2,1,10,2.38,1.81,2073.89
CLUST-LOT-03,W02,2,3,1,10,2.76,1.79,2106.97
CLUST-LOT-03,W02,2,4,1,10,2.83,1.84,2105.2
CLUST-LOT-03,W02,2,5,1,10,2.94,1.82,2152.05
CLUST-LOT-03,W02,2,6,1,10,2.67,1.8,2090.09
CLUST-LOT-03,W02,2,7,1,10,2.26,1.81,2093.93
CLUST-LOT-03,W02,2,8,1,10,2.99,1.78,2101.38
CLUST-LOT-03,W02,2,9,1,10,2.8,1.82,2123.9
CLUST-LOT-03,W02,2,10,1,10,2.61,1.76,2065.42
CLUST-LOT-03,W02,2,11,1,10,3.04,1.77,2073.14
CLUST-LOT-03,W02,2,12,1,10,2.17,1.79,2104.49
CLUST-LOT-03,W02,2,13,1,10,2.5,1.79,2096.82
CLUST-LOT-03,W02,2,14,1,10,2.7,1.8,2086.6
CLUST-LOT-03,W02,2,15,1,10,2.9,1.84,2099.13
CLUST-LOT-03,W02,2,16,1,10,1.96,1.82,2100.6
CLUST-LOT-03,W02,2,17,1,10,2.53,1.8,2109.16
CLUST-LOT-03,W02,2,18,1,10,3.47,1.78,2118.27
CLUST-LOT-03,W02,2,19,1,10,2.82,1.75,2101.51
CLUST-LOT-03,W02,3,-19,1,10,3,1.81,2117.79
CLUST-LOT-03,W02,3,-18,1,10,1.98,1.86,2080.92
CLUST-LOT-03,W02,3,-17,1,10,3.46,1.84,2067.39
CLUST-LOT-03,W02,3,-16,1,10,2.76,1.82,2078.05
CLUST-LOT-03,W02,3,-15,1,10,3.14,1.82,2099.65
CLUST-LOT-03,W02,3,-14,1,10,2.94,1.76,2090.35
CLUST-LOT-03,W02,3,-13,1,10,2.88,1.83,2110.53
CLUST-LOT-03,W02,3,-12,1,10,2.57,1.75,2076.82
CLUST-LOT-03,W02,3,-11,1,10,3.75,1.8,2147.88
CLUST-LOT-03,W02,3,-10,1,10,2.52,1.81,2128.71
CLUST-LOT-03,W02,3,-9,1,10,3.05,1.79,2068.05
CLUST-LOT-03,W02,3,-8,1,10,2.52,1.81,2096.86
CLUST-LOT-03,W02,3,-7,1,10,3.37,1.82,2085.27
CLUST-LOT-03,W02,3,-6,1,10,3.18,1.83,2142.66
CLUST-LOT-03,W02,3,-5,1,11,2.46,1.8,2100.7
CLUST-LOT-03,W02,3,-4,1,10,2.63,1.81,2121.23
CLUST-LOT-03,W02,3,-3,1,10,2.92,1.82,2089.35
CLUST-LOT-03,W02,3,-2,1,10,2.57,1.79,2099.36
CLUST-LOT-03,W02,3,-1,1,10,2.72,1.82,2124.88
CLUST-LOT-03,W02,3,0,3,32,2.53,1.83,2094.15
CLUST-LOT-03,W02,3,1,1,10,3.52,1.78,2112.63
CLUST-LOT-03,W02,3,2,1,10,2.17,1.79,2097.12
CLUST-LOT-03,W02,3,3,1,11,2.62,1.81,2073.26
CLUST-LOT-03,W02,3,4,1,10,2.73,1.81,2050.49
CLUST-LOT-03,W02,3,5,1,10,2.91,1.83,2067.99
CLUST-LOT-03,W02,3,6,1,10,3.04,1.83,2095.77
CLUST-LOT-03,W02,3,7,1,10,2.84,1.8,2082.15
CLUST-LOT-03,W02,3,8,1,10,3.01,1.85,2098.82
CLUST-LOT-03,W02,3,9,1,10,2.74,1.83,2130.18
CLUST-LOT-03,W02,3,10,1,10,2.54,1.88,2120.44
CLUST-LOT-03,W02,3,11,1,10,2.93,1.74,2141.8
CLUST-LOT-03,W02,3,12,1,10,2.08,1.89,2105.08
CLUST-LOT-03,W02,3,13,1,10,3.22,1.8,2119.58
CLUST-LOT-03,W02,3,14,1,10,2.64,1.78,2106.34
CLUST-LOT-03,W02,3,15,1,10,2.14,1.8,2056.36
CLUST-LOT-03,W02,3,16,1,10,2.84,1.85,2087.45
CLUST-LOT-03,W02,3,17,1,10,2.31,1.8,2104.91
CLUST-LOT-03,W02,3,18,1,11,2.27,1.83,2091.44
CLUST-LOT-03,W02,3,19,1,10,2.86,1.78,2081.79
CLUST-LOT-03,W02,4,-18,1,10,1.94,1.84,2108.15
CLUST-LOT-03,W02,4,-17,1,10,2.52,1.82,2110.03
CLUST-LOT-03,W02,4,-16,1,10,3.06,1.75,2071.19
CLUST-LOT-03,W02,4,-15,1,10,3.04,1.83,2129.9
CLUST-LOT-03,W02,4,-14,1,10,2.7,1.81,2054.98
CLUST-LOT-03,W02,4,-13,1,10,2.7,1.77,2046.52
CLUST-LOT-03,W02,4,-12,1,10,2.97,1.84,2098.83
CLUST-LOT-03,W02,4,-11,1,10,2.96,1.79,2074.7
CLUST-LOT-03,W02,4,-10,1,10,2.51,1.79,2090.42
CLUST-LOT-03,W02,4,-9,1,10,2.29,1.83,2093.34
CLUST-LOT-03,W02,4,-8,1,10,2.82,1.83,2075.12
CLUST-LOT-03,W02,4,-7,1,10,2.27,1.74,2108.5
CLUST-LOT-03,W02,4,-6,1,10,3.13,1.78,2091.09
CLUST-LOT-03,W02,4,-5,1,10,2.89,1.8,2061.21
CLUST-LOT-03,W02,4,-4,1,10,3.11,1.78,2135.38
CLUST-LOT-03,W02,4,-3,1,10,2.42,1.73,2155.72
CLUST-LOT-03,W02,4,-2,1,10,2.83,1.83,2107.09
CLUST-LOT-03,W02,4,-1,3,32,2.39,1.83,2134.33
CLUST-LOT-03,W02,4,0,2,21,3.05,1.8,2063.67
CLUST-LOT-03,W02,4,1,2,21,2.3,1.83,2075.12
CLUST-LOT-03,W02,4,2,1,10,2.63,1.79,2082.09
CLUST-LOT-03,W02,4,3,1,10,2.82,1.83,2109.13
CLUST-LOT-03,W02,4,4,1,10,2.98,1.77,2097.75
CLUST-LOT-03,W02,4,5,1,10,2.82,1.81,2101.13
CLUST-LOT-03,W02,4,6,1,10,2.74,1.75,2117.32
CLUST-LOT-03,W02,4,7,1,11,2.91,1.8,2117.69
CLUST-LOT-03,W02,4,8,1,10,3.08,1.76,2113.31
CLUST-LOT-03,W02,4,9,1,10,2.76,1.84,2111.04
CLUST-LOT-03,W02,4,10,1,10,2.67,1.82,2072.7
CLUST-LOT-03,W02,4,11,1,10,2.65,1.8,2115.92
CLUST-LOT-03,W02,4,12,1,10,3.75,1.82,2114.16
CLUST-LOT-03,W02,4,13,1,10,2.13,1.82,2109.05
CLUST-LOT-03,W02,4,14,1,10,2.56,1.81,2125.9
CLUST-LOT-03,W02,4,15,1,10,2.42,1.8,2144.36
CLUST-LOT-03,W02,4,16,1,10,2.87,1.82,2154.1
CLUST-LOT-03,W02,4,17,1,10,2.67,1.81,2116.72
CLUST-LOT-03,W02,4,18,1,10,2.6,1.78,2074.15
CLUST-LOT-03,W02,5,-18,1,10,2.76,1.81,2104.5
CLUST-LOT-03,W02,5,-17,1,10,2.69,1.83,2104.96
CLUST-LOT-03,W02,5,-16,1,10,2.52,1.76,2070.85
CLUST-LOT-03,W02,5,-15,1,11,2.83,1.78,2079.45
CLUST-LOT-03,W02,5,-14,1,10,2.96,1.79,2114.77
CLUST-LOT-03,W02,5,-13,1,11,2.47,1.84,2082.53
CLUST-LOT-03,W02,5,-12,1,10,3.15,1.82,2110
CLUST-LOT-03,W02,5,-11,1,10,3.21,1.8,2087.14
CLUST-LOT-03,W02,5,-10,1,10,2.28,1.79,2083.69
CLUST-LOT-03,W02,5,-9,1,10,2.14,1.85,2041.15
CLUST-LOT-03,W02,5,-8,1,10,2.54,1.83,2097.78
CLUST-LOT-03,W02,5,-7,1,10,2.76,1.75,2045.39
CLUST-LOT-03,W02,5,-6,1,10,2.65,1.77,2103.7
CLUST-LOT-03,W02,5,-5,1,10,2.41,1.76,2109.12
CLUST-LOT-03,W02,5,-4,1,10,2.44,1.84,2111.9
CLUST-LOT-03,W02,5,-3,1,10,2.98,1.79,2077.6
CLUST-LOT-03,W02,5,-2,1,10,3.02,1.79,2153.21
CLUST-LOT-03,W02,5,-1,1,10,3.2,1.82,2146.41
CLUST-LOT-03,W02,5,0,1,10,2.88,1.83,2110.9
CLUST-LOT-03,W02,5,1,1,10,2.31,1.8,2115.73
CLUST-LOT-03,W02,5,2,1,10,2.78,1.76,2120.15
CLUST-LOT-03,W02,5,3,1,10,2.63,1.77,2068.83
CLUST-LOT-03,W02,5,4,1,10,2.89,1.77,2133.71
CLUST-LOT-03,W02,5,5,1,10,2.36,1.79,2095.17
CLUST-LOT-03,W02,5,6,1,10,2.64,1.84,2138.24
CLUST-LOT-03,W02,5,7,1,10,2.74,1.78,2148.76
CLUST-LOT-03,W02,5,8,1,10,2.57,1.77,2123.09
CLUST-LOT-03,W02,5,9,1,10,3.18,1.78,2111.91
CLUST-LOT-03,W02,5,10,1,10,3.22,1.78,2113.49
CLUST-LOT-03,W02,5,11,1,10,1.91,1.75,2109.84
CLUST-LOT-03,W02,5,12,1,10,3.24,1.73,2098.73
CLUST-LOT-03,W02,5,13,1,10,2.84,1.81,2089.29
CLUST-LOT-03,W02,5,14,1,10,2.7,1.78,2094.29
CLUST-LOT-03,W02,5,15,1,10,3.34,1.76,2096.2
CLUST-LOT-03,W02,5,16,1,10,2.64,1.8,2085.8
CLUST-LOT-03,W02,5,17,1,10,2.48,1.8,2121.2
CLUST-LOT-03,W02,5,18,1,10,3.4,1.84,2110.4
CLUST-LOT-03,W02,6,-18,1,10,2.77,1.8,2108.5
CLUST-LOT-03,W02,6,-17,1,10,2.89,1.76,2113.81
CLUST-LOT-03,W02,6,-16,1,10,3.44,1.8,2109.76
CLUST-LOT-03,W02,6,-15,1,10,3.2,1.8,2068.29
CLUST-LOT-03,W02,6,-14,1,10,2.58,1.75,2080.06
CLUST-LOT-03,W02,6,-13,1,10,3.04,1.81,2109.3
CLUST-LOT-03,W02,6,-12,1,10,2.36,1.82,2108.81
CLUST-LOT-03,W02,6,-11,1,10,3,1.83,2114.92
CLUST-LOT-03,W02,6,-10,1,10,3.26,1.81,2093.66
CLUST-LOT-03,W02,6,-9,1,10,2.4,1.81,2074.74
CLUST-LOT-03,W02,6,-8,1,10,2.71,1.84,2096.23
CLUST-LOT-03,W02,6,-7,1,11,2.18,1.8,2134.96
CLUST-LOT-03,W02,6,-6,1,10,3.42,1.78,2099.03
CLUST-LOT-03,W02,6,-5,1,10,2.99,1.78,2101
CLUST-LOT-03,W02,6,-4,1,10,3.15,1.82,2153.24
CLUST-LOT-03,W02,6,-3,1,10,3.01,1.79,2110.54
CLUST-LOT-03,W02,6,-2,1,10,2.6,1.81,2103.71
CLUST-LOT-03,W02,6,-1,1,10,2.48,1.78,2094.23
CLUST-LOT-03,W02,6,0,1,10,3.41,1.78,2065.16
CLUST-LOT-03,W02,6,1,1,10,2.28,1.8,2111.52
CLUST-LOT-03,W02,6,2,1,10,3.13,1.84,2049.15
CLUST-LOT-03,W02,6,3,1,10,2.94,1.85,2104.27
CLUST-LOT-03,W02,6,4,1,10,3.37,1.83,2110.13
CLUST-LOT-03,W02,6,5,1,10,2.82,1.75,2090
CLUST-LOT-03,W02,6,6,1,10,3.17,1.78,2087.85
CLUST-LOT-03,W02,6,7,1,10,3.46,1.73,2108.71
CLUST-LOT-03,W02,6,8,1,10,2.57,1.79,2107.25
CLUST-LOT-03,W02,6,9,1,10,2.98,1.8,2091.04
CLUST-LOT-03,W02,6,10,1,10,2.96,1.8,2124.53
CLUST-LOT-03,W02,6,11,1,10,2.7,1.83,2097.02
CLUST-LOT-03,W02,6,12,1,10,2.17,1.76,2101.36
CLUST-LOT-03,W02,6,13,1,10,3.42,1.79,2106.78
CLUST-LOT-03,W02,6,14,1,10,2.83,1.81,2099.04
CLUST-LOT-03,W02,6,15,1,10,2.91,1.8,2116.46
CLUST-LOT-03,W02,6,16,1,10,2.36,1.8,2079.85
CLUST-LOT-03,W02,6,17,1,10,3,1.76,2068.18
CLUST-LOT-03,W02,6,18,1,10,3.46,1.83,2107.06
CLUST-LOT-03,W02,7,-17,1,10,2.79,1.84,2105.69
CLUST-LOT-03,W02,7,-16,1,10,2.41,1.77,2097.07
CLUST-LOT-03,W02,7,-15,1,10,2.53,1.83,2132.24
CLUST-LOT-03,W02,7,-14,1,10,3.52,1.77,2154.86
CLUST-LOT-03,W02,7,-13,1,10,3.06,1.85,2119.69
CLUST-LOT-03,W02,7,-12,1,10,2.78,1.82,2096.55
CLUST-LOT-03,W02,7,-11,1,10,2.2,1.84,2109.39
CLUST-LOT-03,W02,7,-10,1,10,2.55,1.78,2121.79
CLUST-LOT-03,W02,7,-9,1,10,2.39,1.78,2104.63
CLUST-LOT-03,W02,7,-8,1,10,2.75,1.83,2099.53
CLUST-LOT-03,W02,7,-7,1,10,3.24,1.79,2149.12
CLUST-LOT-03,W02,7,-6,1,10,2.9,1.79,2093.53
CLUST-LOT-03,W02,7,-5,1,10,3.19,1.83,2108.37
CLUST-LOT-03,W02,7,-4,1,10,3.01,1.81,2094.29
CLUST-LOT-03,W02,7,-3,1,10,2.67,1.75,2109.1
CLUST-LOT-03,W02,7,-2,1,10,3.36,1.8,2124.78
CLUST-LOT-03,W02,7,-1,1,10,2.73,1.83,2069.96
CLUST-LOT-03,W02,7,0,1,10,2.65,1.8,2057.97
CLUST-LOT-03,W02,7,1,1,10,2.19,1.79,2090.4
CLUST-LOT-03,W02,7,2,1,10,2.7,1.82,2103.12
CLUST-LOT-03,W02,7,3,1,10,2.97,1.81,2085.47
CLUST-LOT-03,W02,7,4,1,10,2.14,1.81,2088.68
CLUST-LOT-03,W02,7,5,1,10,2.54,1.82,2056.16
CLUST-LOT-03,W02,7,6,1,10,2.92,1.84,2091.16
CLUST-LOT-03,W02,7,7,1,10,2.92,1.83,2127.87
CLUST-LOT-03,W02,7,8,1,10,2.47,1.71,2070.01
CLUST-LOT-03,W02,7,9,1,10,2.48,1.76,2092.68
CLUST-LOT-03,W02,7,10,1,10,2.64,1.78,2098.21
CLUST-LOT-03,W02,7,11,1,10,2.64,1.78,2120.28
CLUST-LOT-03,W02,7,12,1,10,3.09,1.86,2099.76
CLUST-LOT-03,W02,7,13,1,10,2.36,1.82,2117.23
CLUST-LOT-03,W02,7,14,1,10,2.25,1.78,2116.49
CLUST-LOT-03,W02,7,15,1,10,2.8,1.75,2115.6
CLUST-LOT-03,W02,7,16,1,10,3,1.77,2109.08
CLUST-LOT-03,W02,7,17,1,10,2.48,1.78,2077.66
CLUST-LOT-03,W02,8,-17,1,10,3.44,1.82,2148.06
CLUST-LOT-03,W02,8,-16,1,10,2.77,1.81,2120.92
CLUST-LOT-03,W02,8,-15,1,10,2.71,1.78,2078.49
CLUST-LOT-03,W02,8,-14,1,10,2.9,1.84,2113.92
CLUST-LOT-03,W02,8,-13,1,10,2.53,1.81,2075.69
CLUST-LOT-03,W02,8,-12,1,10,2.7,1.81,2079.79
CLUST-LOT-03,W02,8,-11,1,10,2.68,1.78,2112.89
CLUST-LOT-03,W02,8,-10,1,10,3.48,1.82,2142.94
CLUST-LOT-03,W02,8,-9,1,10,2.58,1.79,2088.03
CLUST-LOT-03,W02,8,-8,1,10,3.66,1.83,2074.92
CLUST-LOT-03,W02,8,-7,1,10,2.18,1.8,2054.87
CLUST-LOT-03,W02,8,-6,1,10,3.13,1.79,2073.09
CLUST-LOT-03,W02,8,-5,1,10,2.02,1.78,2119.19
CLUST-LOT-03,W02,8,-4,1,10,2.34,1.83,2110.99
CLUST-LOT-03,W02,8,-3,1,10,2.66,1.78,2087.71
CLUST-LOT-03,W02,8,-2,1,11,2.82,1.78,2105.53
CLUST-LOT-03,W02,8,-1,1,10,3.11,1.84,2126.81
CLUST-LOT-03,W02,8,0,1,10,2.71,1.76,2098.19
CLUST-LOT-03,W02,8,1,1,10,3.38,1.8,2103.83
CLUST-LOT-03,W02,8,2,1,10,2.52,1.78,2067.19
CLUST-LOT-03,W02,8,3,1,10,3.27,1.86,2126.54
CLUST-LOT-03,W02,8,4,1,10,2.98,1.83,2133.37
CLUST-LOT-03,W02,8,5,1,11,3,1.79,2103.49
CLUST-LOT-03,W02,8,6,1,10,3.18,1.78,2076.45
CLUST-LOT-03,W02,8,7,1,11,2.38,1.75,2100.1
CLUST-LOT-03,W02,8,8,1,10,2.16,1.85,2117.62
CLUST-LOT-03,W02,8,9,1,11,2.44,1.8,2087.21
CLUST-LOT-03,W02,8,10,1,10,2.78,1.79,2128.44
CLUST-LOT-03,W02,8,11,1,10,3.17,1.79,2084.9
CLUST-LOT-03,W02,8,12,1,10,2.26,1.82,2106.9
CLUST-LOT-03,W02,8,13,1,10,3.13,1.76,2109.13
CLUST-LOT-03,W02,8,14,1,10,2.74,1.81,2092.41
CLUST-LOT-03,W02,8,15,1,10,2.35,1.75,2116.68
CLUST-LOT-03,W02,8,16,1,10,2.97,1.78,2096.79
CLUST-LOT-03,W02,8,17,1,10,2.93,1.8,2114.77
CLUST-LOT-03,W02,9,-17,1,10,3.37,1.82,2088.98
CLUST-LOT-03,W02,9,-16,1,10,2,1.78,2118.35
CLUST-LOT-03,W02,9,-15,1,10,3.27,1.84,2098.42
CLUST-LOT-03,W02,9,-14,1,10,2.94,1.73,2135.37
CLUST-LOT-03,W02,9,-13,1,10,2.14,1.82,2131.18
CLUST-LOT-03,W02,9,-12,1,10,3.11,1.76,2077.01
CLUST-LOT-03,W02,9,-11,1,10,2.25,1.81,2102.07
CLUST-LOT-03,W02,9,-10,1,10,2.38,1.81,2116.88
CLUST-LOT-03,W02,9,-9,1,11,2.82,1.79,2129.33
CLUST-LOT-03,W02,9,-8,1,10,2.53,1.82,2071.25
CLUST-LOT-03,W02,9,-7,1,10,3.09,1.8,2106.73
CLUST-LOT-03,W02,9,-6,1,10,2.91,1.77,2144.48
CLUST-LOT-03,W02,9,-5,1,10,2.89,1.81,2079.4
CLUST-LOT-03,W02,9,-4,1,10,3.03,1.8,2088.9
CLUST-LOT-03,W02,9,-3,1,10,2.6,1.79,2075.93
CLUST-LOT-03,W02,9,-2,1,10,2.9,1.79,2103.87
CLUST-LOT-03,W02,9,-1,1,10,2.62,1.81,2126.36
CLUST-LOT-03,W02,9,0,1,11,3.16,1.81,2093.82
CLUST-LOT-03,W02,9,1,1,10,2.71,1.84,2078.23
CLUST-LOT-03,W02,9,2,1,10,3.04,1.78,2049.38
CLUST-LOT-03,W02,9,3,1,10,2.76,1.88,2119.04
CLUST-LOT-03,W02,9,4,1,10,2.85,1.81,2056.31
CLUST-LOT-03,W02,9,5,1,10,2.82,1.77,2087.99
CLUST-LOT-03,W02,9,6,1,10,2.38,1.79,2089.98
CLUST-LOT-03,W02,9,7,1,10,2.19,1.81,2062.03
CLUST-LOT-03,W02,9,8,1,11,2.76,1.77,2116.39
CLUST-LOT-03,W02,9,9,1,10,2.54,1.76,2101.61
CLUST-LOT-03,W02,9,10,1,10,3.25,1.8,2145.84
CLUST-LOT-03,W02,9,11,1,10,3.06,1.87,2127.1
CLUST-LOT-03,W02,9,12,1,10,3.35,1.79,2106.16
CLUST-LOT-03,W02,9,13,1,10,2.61,1.82,2119.53
CLUST-LOT-03,W02,9,14,1,10,2.69,1.81,2108.08
CLUST-LOT-03,W02,9,15,1,10,2.76,1.82,2095.4
CLUST-LOT-03,W02,9,16,1,10,2.35,1.83,2090.83
CLUST-LOT-03,W02,9,17,1,10,2.92,1.8,2113.65
CLUST-LOT-03,W02,10,-16,1,10,2.27,1.79,2121.29
CLUST-LOT-03,W02,10,-15,1,10,2.98,1.81,2081.59
CLUST-LOT-03,W02,10,-14,1,10,3.05,1.7,2087.08
CLUST-LOT-03,W02,10,-13,1,11,3.36,1.83,2114.95
CLUST-LOT-03,W02,10,-12,1,10,2.11,1.77,2076.22
CLUST-LOT-03,W02,10,-11,1,10,2.18,1.82,2111.46
CLUST-LOT-03,W02,10,-10,1,10,2.9,1.76,2118.09
CLUST-LOT-03,W02,10,-9,1,10,2.82,1.81,2100.93
CLUST-LOT-03,W02,10,-8,1,10,2.61,1.75,2108.93
CLUST-LOT-03,W02,10,-7,1,10,3,1.8,2084.42
CLUST-LOT-03,W02,10,-6,1,10,2.9,1.82,2109.39
CLUST-LOT-03,W02,10,-5,1,10,3.44,1.74,2105.94
CLUST-LOT-03,W02,10,-4,1,11,2.56,1.79,2121.8
CLUST-LOT-03,W02,10,-3,1,10,2.57,1.79,2127.06
CLUST-LOT-03,W02,10,-2,1,10,3.06,1.73,2101.6
CLUST-LOT-03,W02,10,-1,1,10,3.24,1.79,2135.5
CLUST-LOT-03,W02,10,0,1,10,3.08,1.79,2101.71
CLUST-LOT-03,W02,10,1,1,10,2.25,1.76,2107.4
CLUST-LOT-03,W02,10,2,1,10,3.34,1.8,2099.1
CLUST-LOT-03,W02,10,3,1,10,3.3,1.85,2124.93
CLUST-LOT-03,W02,10,4,1,10,3.05,1.72,2142.72
CLUST-LOT-03,W02,10,5,1,10,2.42,1.83,2108.59
CLUST-LOT-03,W02,10,6,1,10,2.31,1.79,2128.1
CLUST-LOT-03,W02,10,7,1,10,2.93,1.79,2109.06
CLUST-LOT-03,W02,10,8,1,10,3.13,1.76,2065.45
CLUST-LOT-03,W02,10,9,1,10,2.6,1.84,2053.62
CLUST-LOT-03,W02,10,10,1,10,3,1.79,2085.04
CLUST-LOT-03,W02,10,11,1,10,2.47,1.79,2054.52
CLUST-LOT-03,W02,10,12,1,10,2.8,1.82,2105.46
CLUST-LOT-03,W02,10,13,1,10,2.69,1.87,2084.27
CLUST-LOT-03,W02,10,14,1,10,3.42,1.84,2112.31
CLUST-LOT-03,W02,10,15,1,10,2.73,1.81,2128.96
CLUST-LOT-03,W02,10,16,1,10,2.99,1.83,2091.4
CLUST-LOT-03,W02,11,-15,1,10,3.04,1.81,2137.71
CLUST-LOT-03,W02,11,-14,1,10,2.87,1.78,2147.37
CLUST-LOT-03,W02,11,-13,1,10,2.67,1.84,2088.02
CLUST-LOT-03,W02,11,-12,1,10,2.98,1.8,2096.74
CLUST-LOT-03,W02,11,-11,1,10,2.69,1.8,2122.54
CLUST-LOT-03,W02,11,-10,1,10,2.71,1.84,2108.94
CLUST-LOT-03,W02,11,-9,1,10,2.99,1.8,2099.52
CLUST-LOT-03,W02,11,-8,1,10,2.86,1.81,2082.09
CLUST-LOT-03,W02,11,-7,1,11,3.26,1.81,2106.45
CLUST-LOT-03,W02,11,-6,1,10,3.71,1.81,2082.59
CLUST-LOT-03,W02,11,-5,1,10,2.8,1.8,2104.12
CLUST-LOT-03,W02,11,-4,1,10,3.16,1.77,2087.31
CLUST-LOT-03,W02,11,-3,1,10,2.82,1.81,2076.99
CLUST-LOT-03,W02,11,-2,1,10,1.95,1.8,2132.39
CLUST-LOT-03,W02,11,-1,1,10,2.48,1.79,2094.52
CLUST-LOT-03,W02,11,0,1,10,2.99,1.81,2106.79
CLUST-LOT-03,W02,11,1,1,10,2.23,1.77,2132.87
CLUST-LOT-03,W02,11,2,1,10,3.09,1.76,2108.18
CLUST-LOT-03,W02,11,3,1,10,2.97,1.82,2073.35
CLUST-LOT-03,W02,11,4,1,10,2.33,1.78,2084.12
CLUST-LOT-03,W02,11,5,1,10,3.08,1.77,2071.53
CLUST-LOT-03,W02,11,6,1,10,3.56,1.81,2095.02
CLUST-LOT-03,W02,11,7,1,10,2.98,1.75,2117.07
CLUST-LOT-03,W02,11,8,1,10,2.58,1.76,2092.12
CLUST-LOT-03,W02,11,9,1,10,2.67,1.85,2122.58
CLUST-LOT-03,W02,11,10,1,11,2.41,1.89,2119.6
CLUST-LOT-03,W02,11,11,1,10,2.67,1.8,2076.08
CLUST-LOT-03,W02,11,12,1,10,2.74,1.8,2108.66
CLUST-LOT-03,W02,11,13,1,10,2.16,1.84,2101.1
CLUST-LOT-03,W02,11,14,1,10,3.03,1.8,2097.41
CLUST-LOT-03,W02,11,15,1,10,2.28,1.82,2083.76
CLUST-LOT-03,W02,12,-15,1,10,2.92,1.79,2075.64
CLUST-LOT-03,W02,12,-14,1,10,2.37,1.86,2123.52
CLUST-LOT-03,W02,12,-13,1,10,2.86,1.81,2080.21
CLUST-LOT-03,W02,12,-12,1,10,3.44,1.81,2140.39
CLUST-LOT-03,W02,12,-11,1,10,3,1.79,2086.22
CLUST-LOT-03,W02,12,-10,1,10,3.21,1.81,2052.73
CLUST-LOT-03,W02,12,-9,1,10,2.93,1.81,2085.95
CLUST-LOT-03,W02,12,-8,1,10,2.67,1.81,2125.72
CLUST-LOT-03,W02,12,-7,1,10,3.28,1.85,2114.9
CLUST-LOT-03,W02,12,-6,1,10,2.89,1.81,2108.02
CLUST-LOT-03,W02,12,-5,1,10,2.41,1.82,2107.59
CLUST-LOT-03,W02,12,-4,1,10,2.93,1.82,2102.86
CLUST-LOT-03,W02,12,-3,1,10,3.03,1.79,2071.98
CLUST-LOT-03,W02,12,-2,1,10,3.36,1.77,2092.67
CLUST-LOT-03,W02,12,-1,1,10,3.13,1.82,2049.71
CLUST-LOT-03,W02,12,0,1,10,1.7,1.82,2099.76
CLUST-LOT-03,W02,12,1,1,10,3.01,1.75,2076.57
CLUST-LOT-03,W02,12,2,1,10,2.68,1.81,2072.83
CLUST-LOT-03,W02,12,3,1,10,2.66,1.74,2116.51
CLUST-LOT-03,W02,12,4,1,10,2.38,1.77,2122.41
CLUST-LOT-03,W02,12,5,1,10,3.13,1.78,2071.78
CLUST-LOT-03,W02,12,6,1,10,2.76,1.72,2115.84
CLUST-LOT-03,W02,12,7,1,10,2.47,1.75,2053
CLUST-LOT-03,W02,12,8,1,10,3.01,1.78,2093.25
CLUST-LOT-03,W02,12,9,1,10,3.36,1.81,2094.79
CLUST-LOT-03,W02,12,10,1,10,2.83,1.82,2127.63
CLUST-LOT-03,W02,12,11,1,10,3.26,1.82,2074.91
CLUST-LOT-03,W02,12,12,1,10,2.81,1.78,2094.31
CLUST-LOT-03,W02,12,13,1,10,3.07,1.79,2081.87
CLUST-LOT-03,W02,12,14,1,10,2.63,1.79,2105.81
CLUST-LOT-03,W02,12,15,1,10,2.27,1.81,2124.5
CLUST-LOT-03,W02,13,-14,1,10,2.21,1.77,2136.05
CLUST-LOT-03,W02,13,-13,1,10,2.79,1.81,2102.01
CLUST-LOT-03,W02,13,-12,1,10,2.89,1.79,2110.83
CLUST-LOT-03,W02,13,-11,1,10,1.62,1.78,2118.15
CLUST-LOT-03,W02,13,-10,1,10,3.06,1.79,2122.97
CLUST-LOT-03,W02,13,-9,1,10,2.49,1.8,2117.29
CLUST-LOT-03,W02,13,-8,1,10,3.15,1.81,2075.77
CLUST-LOT-03,W02,13,-7,1,10,2.66,1.79,2090.2
CLUST-LOT-03,W02,13,-6,1,10,2.54,1.84,2118.46
CLUST-LOT-03,W02,13,-5,1,10,3.05,1.82,2108.77
CLUST-LOT-03,W02,13,-4,1,10,2.74,1.78,2102.14
CLUST-LOT-03,W02,13,-3,1,10,3.04,1.81,2102.16
CLUST-LOT-03,W02,13,-2,1,10,1.74,1.78,2093.07
CLUST-LOT-03,W02,13,-1,1,10,2.39,1.81,2061.75
CLUST-LOT-03,W02,13,0,1,10,2.31,1.77,2092.89
CLUST-LOT-03,W02,13,1,2,21,2.9,1.79,2124.98
CLUST-LOT-03,W02,13,2,1,10,2.38,1.82,2114.21
CLUST-LOT-03,W02,13,3,1,10,2.51,1.77,2118.06
CLUST-LOT-03,W02,13,4,1,10,3.13,1.86,2154.72
CLUST-LOT-03,W02,13,5,1,10,2.75,1.81,2079.21
CLUST-LOT-03,W02,13,6,1,10,2.64,1.83,2100.63
CLUST-LOT-03,W02,13,7,1,10,2.88,1.81,2094.19
CLUST-LOT-03,W02,13,8,1,10,2.58,1.8,2122.41
CLUST-LOT-03,W02,13,9,1,10,3.22,1.76,2118.23
CLUST-LOT-03,W02,13,10,1,10,3.18,1.8,2091.49
CLUST-LOT-03,W02,13,11,1,10,2.62,1.8,2098.58
CLUST-LOT-03,W02,13,12,1,10,2.71,1.78,2093.33
CLUST-LOT-03,W02,13,13,1,10,2.92,1.77,2095.29
CLUST-LOT-03,W02,13,14,1,10,2.65,1.78,2055.01
CLUST-LOT-03,W02,14,-13,1,10,2.6,1.8,2088.09
CLUST-LOT-03,W02,14,-12,1,10,2.21,1.79,2110.84
CLUST-LOT-03,W02,14,-11,1,10,2.29,1.84,2113.25
CLUST-LOT-03,W02,14,-10,1,10,2.73,1.82,2131.57
CLUST-LOT-03,W02,14,-9,1,10,2.53,1.8,2140.74
CLUST-LOT-03,W02,14,-8,1,10,2.52,1.78,2079.44
CLUST-LOT-03,W02,14,-7,1,10,2.94,1.81,2088.95
CLUST-LOT-03,W02,14,-6,1,10,2.7,1.8,2101.67
CLUST-LOT-03,W02,14,-5,1,10,2.43,1.8,2090.55
CLUST-LOT-03,W02,14,-4,1,11,2.64,1.76,2099.35
CLUST-LOT-03,W02,14,-3,1,10,2.57,1.8,2121.31
CLUST-LOT-03,W02,14,-2,1,10,2.92,1.77,2114.1
CLUST-LOT-03,W02,14,-1,1,10,2.51,1.82,2113.7
CLUST-LOT-03,W02,14,0,1,10,2.55,1.83,2120.74
CLUST-LOT-03,W02,14,1,1,10,3.11,1.79,2099.01
CLUST-LOT-03,W02,14,2,1,10,2.77,1.78,2084.42
CLUST-LOT-03,W02,14,3,1,10,2.95,1.78,2092.46
CLUST-LOT-03,W02,14,4,1,10,2.9,1.82,2122.99
CLUST-LOT-03,W02,14,5,1,10,3.01,1.75,2105.73
CLUST-LOT-03,W02,14,6,1,10,2.05,1.79,2113.67
CLUST-LOT-03,W02,14,7,1,10,3.1,1.8,2113.12
CLUST-LOT-03,W02,14,8,1,10,2.99,1.79,2089.64
CLUST-LOT-03,W02,14,9,1,10,3.01,1.77,2127.94
CLUST-LOT-03,W02,14,10,1,10,2.88,1.84,2067.35
CLUST-LOT-03,W02,14,11,1,10,2.97,1.8,2049.7
CLUST-LOT-03,W02,14,12,1,10,3.12,1.85,2108.75
CLUST-LOT-03,W02,14,13,1,10,2.74,1.78,2066.11
CLUST-LOT-03,W02,15,-12,1,10,3.38,1.78,2093.9
CLUST-LOT-03,W02,15,-11,1,10,3.27,1.8,2095.03
CLUST-LOT-03,W02,15,-10,1,10,2.48,1.85,2078.55
CLUST-LOT-03,W02,15,-9,1,10,3.32,1.82,2088.33
CLUST-LOT-03,W02,15,-8,1,10,2.79,1.81,2062.17
CLUST-LOT-03,W02,15,-7,1,10,3,1.82,2083.81
CLUST-LOT-03,W02,15,-6,1,11,2.76,1.78,2087.39
CLUST-LOT-03,W02,15,-5,1,10,2.89,1.85,2104.31
CLUST-LOT-03,W02,15,-4,1,10,3.16,1.83,2088.96
CLUST-LOT-03,W02,15,-3,1,10,2.35,1.79,2098.33
CLUST-LOT-03,W02,15,-2,1,10,2.48,1.86,2131.35
CLUST-LOT-03,W02,15,-1,1,10,2.81,1.82,2098.48
CLUST-LOT-03,W02,15,0,1,10,2.84,1.81,2091.18
CLUST-LOT-03,W02,15,1,1,10,2.63,1.82,2146.1
CLUST-LOT-03,W02,15,2,1,10,3.38,1.78,2138.77
CLUST-LOT-03,W02,15,3,1,10,2.68,1.82,2112.79
CLUST-LOT-03,W02,15,4,1,10,2.65,1.77,2060.27
CLUST-LOT-03,W02,15,5,1,10,2.69,1.81,2133.78
CLUST-LOT-03,W02,15,6,1,10,3.02,1.77,2103.65
CLUST-LOT-03,W02,15,7,1,10,2.72,1.76,2112.17
CLUST-LOT-03,W02,15,8,1,10,2.5,1.79,2106.99
CLUST-LOT-03,W02,15,9,1,10,2.93,1.85,2056.24
CLUST-LOT-03,W02,15,10,1,10,3.19,1.79,2122.94
CLUST-LOT-03,W02,15,11,1,10,2.76,1.77,2123.4
CLUST-LOT-03,W02,15,12,1,10,2.46,1.81,2108.86
CLUST-LOT-03,W02,16,-10,1,10,3.11,1.82,2156.91
CLUST-LOT-03,W02,16,-9,1,10,2.4,1.82,2085.65
CLUST-LOT-03,W02,16,-8,1,10,2.69,1.83,2099.83
CLUST-LOT-03,W02,16,-7,1,10,3.28,1.82,2070.04
CLUST-LOT-03,W02,16,-6,1,10,2.61,1.81,2104.02
CLUST-LOT-03,W02,16,-5,1,10,2.71,1.84,2101.45
CLUST-LOT-03,W02,16,-4,1,10,3.13,1.81,2072.69
CLUST-LOT-03,W02,16,-3,1,10,2.12,1.78,2075.64
CLUST-LOT-03,W02,16,-2,1,10,3.37,1.75,2063.27
CLUST-LOT-03,W02,16,-1,1,10,2.27,1.73,2098.47
CLUST-LOT-03,W02,16,0,1,10,2.9,1.85,2120.24
CLUST-LOT-03,W02,16,1,1,10,1.98,1.82,2070.36
CLUST-LOT-03,W02,16,2,1,10,2.65,1.78,2085.38
CLUST-LOT-03,W02,16,3,1,10,2.82,1.82,2071.54
CLUST-LOT-03,W02,16,4,1,10,3.55,1.81,2140.15
CLUST-LOT-03,W02,16,5,1,10,3.28,1.82,2103.34
CLUST-LOT-03,W02,16,6,1,10,2.49,1.81,2094.75
CLUST-LOT-03,W02,16,7,1,10,2.82,1.81,2104.32
CLUST-LOT-03,W02,16,8,1,10,2.48,1.78,2089.58
CLUST-LOT-03,W02,16,9,1,10,2.46,1.87,2092.12
CLUST-LOT-03,W02,16,10,1,10,2.74,1.79,2122.94
CLUST-LOT-03,W02,17,-9,1,10,2.82,1.81,2111.98
CLUST-LOT-03,W02,17,-8,1,10,3.13,1.77,2102.03
CLUST-LOT-03,W02,17,-7,1,10,2.52,1.81,2066.22
CLUST-LOT-03,W02,17,-6,1,10,2.8,1.75,2091.48
CLUST-LOT-03,W02,17,-5,1,10,2.78,1.79,2118.1
CLUST-LOT-03,W02,17,-4,1,10,2.82,1.78,2093.82
CLUST-LOT-03,W02,17,-3,1,10,3.19,1.81,2109.28
CLUST-LOT-03,W02,17,-2,1,10,2.43,1.81,2114.63
CLUST-LOT-03,W02,17,-1,1,10,2.77,1.75,2086.58
CLUST-LOT-03,W02,17,0,1,10,2.05,1.84,2093.3
CLUST-LOT-03,W02,17,1,1,10,2.67,1.8,2071.94
CLUST-LOT-03,W02,17,2,1,10,2.38,1.82,2103.27
CLUST-LOT-03,W02,17,3,1,10,2.32,1.84,2109.63
CLUST-LOT-03,W02,17,4,1,10,2.85,1.78,2084.44
CLUST-LOT-03,W02,17,5,1,10,2.28,1.82,2113.42
CLUST-LOT-03,W02,17,6,1,10,2.9,1.79,2105.47
CLUST-LOT-03,W02,17,7,1,10,2.86,1.78,2106.5
CLUST-LOT-03,W02,17,8,1,10,3.04,1.84,2109.35
CLUST-LOT-03,W02,17,9,1,10,3.34,1.81,2111.5
CLUST-LOT-03,W02,18,-6,1,10,2.71,1.74,2075.2
CLUST-LOT-03,W02,18,-5,1,10,2.81,1.71,2082.82
CLUST-LOT-03,W02,18,-4,1,10,2.66,1.76,2092.52
CLUST-LOT-03,W02,18,-3,1,10,3.14,1.82,2072.97
CLUST-LOT-03,W02,18,-2,1,10,2.7,1.74,2095.66
CLUST-LOT-03,W02,18,-1,1,10,2.95,1.81,2087.17
CLUST-LOT-03,W02,18,0,1,10,2.99,1.74,2067.18
CLUST-LOT-03,W02,18,1,1,10,3.43,1.81,2133.52
CLUST-LOT-03,W02,18,2,1,10,1.94,1.81,2140.97
CLUST-LOT-03,W02,18,3,1,10,2.43,1.84,2109.3
CLUST-LOT-03,W02,18,4,1,11,2.87,1.79,2082.39
CLUST-LOT-03,W02,18,5,1,10,2.62,1.8,2082.63
CLUST-LOT-03,W02,18,6,1,10,3.2,1.82,2093.23
CLUST-LOT-03,W02,19,-3,1,10,3.43,1.82,2078.57
CLUST-LOT-03,W02,19,-2,1,11,2.91,1.83,2116.73
CLUST-LOT-03,W02,19,-1,1,10,2.39,1.78,2124.19
CLUST-LOT-03,W02,19,0,1,10,2.63,1.77,2089.09
CLUST-LOT-03,W02,19,1,1,10,2.87,1.81,2102.62
CLUST-LOT-03,W02,19,2,1,10,3.12,1.8,2071.05
CLUST-LOT-03,W02,19,3,1,10,2.23,1.8,2100.42
CLUST-LOT-03,W03,-19,-3,1,11,3.01,1.79,2113.38
CLUST-LOT-03,W03,-19,-2,1,10,2.29,1.86,2099.58
CLUST-LOT-03,W03,-19,-1,1,11,2.78,1.79,2089.53
CLUST-LOT-03,W03,-19,0,1,10,2.86,1.78,2151.62
CLUST-LOT-03,W03,-19,1,1,10,2.56,1.78,2079.76
CLUST-LOT-03,W03,-19,2,1,10,3.05,1.82,2091.49
CLUST-LOT-03,W03,-19,3,1,10,3.04,1.82,2095.92
CLUST-LOT-03,W03,-18,-6,1,10,2.7,1.8,2098.41
CLUST-LOT-03,W03,-18,-5,1,10,3.09,1.79,2121.51
CLUST-LOT-03,W03,-18,-4,1,10,2.43,1.8,2105.32
CLUST-LOT-03,W03,-18,-3,1,10,2.52,1.83,2109.32
CLUST-LOT-03,W03,-18,-2,1,11,2.6,1.81,2109.11
CLUST-LOT-03,W03,-18,-1,1,10,2.68,1.8,2123.22
CLUST-LOT-03,W03,-18,0,1,10,2.83,1.82,2085.17
CLUST-LOT-03,W03,-18,1,1,10,3.01,1.79,2110.36
CLUST-LOT-03,W03,-18,2,1,10,2.8,1.8,2075.36
CLUST-LOT-03,W03,-18,3,1,10,2.77,1.82,2133.4
CLUST-LOT-03,W03,-18,4,1,10,3.65,1.72,2097.39
CLUST-LOT-03,W03,-18,5,1,10,2.86,1.85,2073.86
CLUST-LOT-03,W03,-18,6,1,10,2.44,1.83,2113.76
CLUST-LOT-03,W03,-17,-9,1,10,2.85,1.79,2089.34
CLUST-LOT-03,W03,-17,-8,1,10,2.82,1.78,2106.52
CLUST-LOT-03,W03,-17,-7,1,10,3.17,1.77,2076.16
CLUST-LOT-03,W03,-17,-6,1,10,3.11,1.82,2132.73
CLUST-LOT-03,W03,-17,-5,1,10,2.82,1.82,2102.45
CLUST-LOT-03,W03,-17,-4,1,10,3.03,1.8,2110.14
CLUST-LOT-03,W03,-17,-3,1,10,2.45,1.77,2146.22
CLUST-LOT-03,W03,-17,-2,1,10,2.97,1.78,2086.66
CLUST-LOT-03,W03,-17,-1,1,10,2.5,1.82,2098.97
CLUST-LOT-03,W03,-17,0,1,10,2.42,1.8,2109.92
CLUST-LOT-03,W03,-17,1,1,10,2.83,1.82,2117
CLUST-LOT-03,W03,-17,2,1,10,2.86,1.78,2078.48
CLUST-LOT-03,W03,-17,3,1,11,3.37,1.79,2111.99
CLUST-LOT-03,W03,-17,4,1,10,3.86,1.81,2093.95
CLUST-LOT-03,W03,-17,5,1,10,3.25,1.81,2142.05
CLUST-LOT-03,W03,-17,6,1,10,2.42,1.82,2090.11
CLUST-LOT-03,W03,-17,7,1,10,2.67,1.79,2092.72
CLUST-LOT-03,W03,-17,8,1,10,3.03,1.8,2110.77
CLUST-LOT-03,W03,-17,9,1,10,2.81,1.79,2127.09
CLUST-LOT-03,W03,-16,-10,1,10,3.08,1.77,2099.09
CLUST-LOT-03,W03,-16,-9,1,10,3.18,1.73,2076.99
CLUST-LOT-03,W03,-16,-8,1,10,2.87,1.81,2104.94
CLUST-LOT-03,W03,-16,-7,1,10,2.72,1.77,2080.47
CLUST-LOT-03,W03,-16,-6,1,10,3.12,1.84,2152.54
CLUST-LOT-03,W03,-16,-5,1,10,2.68,1.76,2097.06
CLUST-LOT-03,W03,-16,-4,1,10,3.42,1.8,2117.48
CLUST-LOT-03,W03,-16,-3,1,10,3.24,1.79,2099.07
CLUST-LOT-03,W03,-16,-2,1,10,2.66,1.75,2064.97
CLUST-LOT-03,W03,-16,-1,1,10,3.17,1.79,2086.46
CLUST-LOT-03,W03,-16,0,1,10,2.77,1.79,2110.13
CLUST-LOT-03,W03,-16,1,1,10,2.8,1.77,2109.52
CLUST-LOT-03,W03,-16,2,1,10,3.24,1.78,2107.53
CLUST-LOT-03,W03,-16,3,1,10,2.25,1.8,2123.37
CLUST-LOT-03,W03,-16,4,1,10,2.4,1.77,2088.58
CLUST-LOT-03,W03,-16,5,1,10,2.76,1.76,2077.14
CLUST-LOT-03,W03,-16,6,1,10,3.17,1.8,2118.71
CLUST-LOT-03,W03,-16,7,1,10,2.98,1.83,2083.98
CLUST-LOT-03,W03,-16,8,1,10,3.25,1.87,2117.01
CLUST-LOT-03,W03,-16,9,1,10,2.7,1.79,2079.85
CLUST-LOT-03,W03,-16,10,1,10,2.71,1.86,2113.53
CLUST-LOT-03,W03,-15,-12,1,10,2.64,1.83,2100.82
CLUST-LOT-03,W03,-15,-11,1,10,2.71,1.8,2082.14
CLUST-LOT-03,W03,-15,-10,1,10,2.69,1.88,2097.16
CLUST-LOT-03,W03,-15,-9,1,10,3.02,1.81,2079.15
CLUST-LOT-03,W03,-15,-8,1,10,2.56,1.85,2098.08
CLUST-LOT-03,W03,-15,-7,1,10,2.14,1.77,2094.25
CLUST-LOT-03,W03,-15,-6,1,10,2.57,1.78,2078.69
CLUST-LOT-03,W03,-15,-5,1,10,2.58,1.86,2064.19
CLUST-LOT-03,W03,-15,-4,1,10,3.69,1.8,2073.64
CLUST-LOT-03,W03,-15,-3,1,10,3.51,1.83,2078.5
CLUST-LOT-03,W03,-15,-2,1,10,2.68,1.82,2133.2
CLUST-LOT-03,W03,-15,-1,1,10,3.53,1.76,2066.89
CLUST-LOT-03,W03,-15,0,1,10,2.39,1.78,2064.28
CLUST-LOT-03,W03,-15,1,1,10,2.94,1.79,2101.56
CLUST-LOT-03,W03,-15,2,1,10,2.77,1.83,2115.75
CLUST-LOT-03,W03,-15,3,1,10,2.64,1.79,2065.3
CLUST-LOT-03,W03,-15,4,1,10,3.18,1.77,2093.57
CLUST-LOT-03,W03,-15,5,1,10,2.83,1.81,2142.94
CLUST-LOT-03,W03,-15,6,1,10,2.41,1.84,2066.37
CLUST-LOT-03,W03,-15,7,1,10,2.6,1.83,2110.84
CLUST-LOT-03,W03,-15,8,1,10,3.18,1.8,2116.41
CLUST-LOT-03,W03,-15,9,1,10,3.05,1.82,2094.32
CLUST-LOT-03,W03,-15,10,1,10,2.29,1.83,2079.47
CLUST-LOT-03,W03,-15,11,1,10,2.44,1.79,2079.88
CLUST-LOT-03,W03,-15,12,1,10,2.87,1.8,2078.83
CLUST-LOT-03,W03,-14,-13,1,10,2.54,1.8,2100.51
CLUST-LOT-03,W03,-14,-12,1,10,2.7,1.78,2125.42
CLUST-LOT-03,W03,-14,-11,1,10,2.92,1.78,2120.31
CLUST-LOT-03,W03,-14,-10,1,10,3.18,1.81,2046.41
CLUST-LOT-03,W03,-14,-9,1,10,3.01,1.86,2105.88
CLUST-LOT-03,W03,-14,-8,1,10,2.33,1.82,2075.86
CLUST-LOT-03,W03,-14,-7,1,10,2.21,1.87,2115.72
CLUST-LOT-03,W03,-14,-6,1,10,2.59,1.83,2096.67
CLUST-LOT-03,W03,-14,-5,1,10,2.6,1.77,2110.78
CLUST-LOT-03,W03,-14,-4,1,10,2.57,1.78,2103.51
CLUST-LOT-03,W03,-14,-3,1,10,2.96,1.84,2106.1
CLUST-LOT-03,W03,-14,-2,1,10,2.98,1.78,2136.09
CLUST-LOT-03,W03,-14,-1,1,10,2.96,1.77,2103.82
CLUST-LOT-03,W03,-14,0,1,10,2.51,1.79,2103.01
CLUST-LOT-03,W03,-14,1,1,10,2.85,1.78,2095
CLUST-LOT-03,W03,-14,2,1,10,2.43,1.73,2142.32
CLUST-LOT-03,W03,-14,3,1,10,2.33,1.82,2099.8
CLUST-LOT-03,W03,-14,4,1,10,2.77,1.82,2091
CLUST-LOT-03,W03,-14,5,1,10,2.21,1.79,2131.62
CLUST-LOT-03,W03,-14,6,1,10,2.52,1.77,2099
CLUST-LOT-03,W03,-14,7,1,10,2.42,1.77,2151.69
CLUST-LOT-03,W03,-14,8,1,10,2.65,1.81,2099.53
CLUST-LOT-03,W03,-14,9,1,10,2.91,1.8,2097.71
CLUST-LOT-03,W03,-14,10,1,10,3.01,1.77,2092.15
CLUST-LOT-03,W03,-14,11,1,10,3.29,1.78,2109.7
CLUST-LOT-03,W03,-14,12,1,10,3.05,1.72,2087.15
CLUST-LOT-03,W03,-14,13,1,10,2.67,1.86,2082.62
CLUST-LOT-03,W03,-13,-14,1,10,3.15,1.81,2094.7
CLUST-LOT-03,W03,-13,-13,1,10,3.12,1.83,2083.99
CLUST-LOT-03,W03,-13,-12,1,10,3.27,1.8,2087.5
CLUST-LOT-03,W03,-13,-11,1,10,2.52,1.72,2095.65
CLUST-LOT-03,W03,-13,-10,1,10,2.8,1.84,2131.96
CLUST-LOT-03,W03,-13,-9,1,10,2.96,1.77,2113.2
CLUST-LOT-03,W03,-13,-8,1,10,2.55,1.81,2104.78
CLUST-LOT-03,W03,-13,-7,1,10,2.49,1.78,2086.61
CLUST-LOT-03,W03,-13,-6,1,10,3.01,1.79,2081.44
CLUST-LOT-03,W03,-13,-5,1,10,2.86,1.75,2088.76
CLUST-LOT-03,W03,-13,-4,1,10,2.64,1.78,2081.74
CLUST-LOT-03,W03,-13,-3,1,10,2.71,1.8,2056.8
CLUST-LOT-03,W03,-13,-2,1,10,2.9,1.81,2116.17
CLUST-LOT-03,W03,-13,-1,1,10,2.47,1.82,2102.54
CLUST-LOT-03,W03,-13,0,1,10,2.89,1.76,2106.61
CLUST-LOT-03,W03,-13,1,1,10,2.75,1.77,2081.39
CLUST-LOT-03,W03,-13,2,1,10,2.76,1.8,2131.63
CLUST-LOT-03,W03,-13,3,1,10,2.76,1.78,2109.53
CLUST-LOT-03,W03,-13,4,1,10,3.35,1.8,2127.76
CLUST-LOT-03,W03,-13,5,1,10,2.34,1.78,2100.91
CLUST-LOT-03,W03,-13,6,1,10,2.51,1.78,2068.3
CLUST-LOT-03,W03,-13,7,1,10,2.93,1.76,2100.83
CLUST-LOT-03,W03,-13,8,1,10,2.73,1.78,2114.42
CLUST-LOT-03,W03,-13,9,1,10,2.81,1.85,2096.59
CLUST-LOT-03,W03,-13,10,1,10,3.33,1.79,2103.78
CLUST-LOT-03,W03,-13,11,1,10,3.33,1.83,2098.67
CLUST-LOT-03,W03,-13,12,1,10,2.48,1.75,2093.54
CLUST-LOT-03,W03,-13,13,1,10,2.66,1.73,2109.84
CLUST-LOT-03,W03,-13,14,1,10,2.79,1.77,2084.51
CLUST-LOT-03,W03,-12,-15,1,10,3.17,1.76,2123.57
CLUST-LOT-03,W03,-12,-14,1,10,2.86,1.77,2098.69
CLUST-LOT-03,W03,-12,-13,1,10,2.32,1.81,2085.61
CLUST-LOT-03,W03,-12,-12,1,10,3.42,1.8,2098.25
CLUST-LOT-03,W03,-12,-11,1,10,2.92,1.79,2086.55
CLUST-LOT-03,W03,-12,-10,1,10,3.07,1.79,2098.42
CLUST-LOT-03,W03,-12,-9,1,10,2.76,1.83,2107.35
CLUST-LOT-03,W03,-12,-8,1,10,3.26,1.8,2103.32
CLUST-LOT-03,W03,-12,-7,1,10,2.3,1.85,2097.62
CLUST-LOT-03,W03,-12,-6,1,10,2.55,1.77,2088.06
CLUST-LOT-03,W03,-12,-5,1,10,2.73,1.82,2084.34
CLUST-LOT-03,W03,-12,-4,1,10,1.98,1.74,2125.43
CLUST-LOT-03,W03,-12,-3,1,10,2.85,1.8,2051.03
CLUST-LOT-03,W03,-12,-2,1,10,2.88,1.83,2099.17
CLUST-LOT-03,W03,-12,-1,1,10,2.33,1.79,2078.24
CLUST-LOT-03,W03,-12,0,1,10,2.95,1.82,2110.88
CLUST-LOT-03,W03,-12,1,1,10,2.28,1.84,2097.16
CLUST-LOT-03,W03,-12,2,1,10,3.18,1.84,2096.71
CLUST-LOT-03,W03,-12,3,1,10,3.29,1.81,2096.96
CLUST-LOT-03,W03,-12,4,1,10,2.58,1.78,2063.41
CLUST-LOT-03,W03,-12,5,1,10,3.17,1.84,2089.76
CLUST-LOT-03,W03,-12,6,1,10,2.45,1.84,2105.34
CLUST-LOT-03,W03,-12,7,1,10,2.47,1.75,2068.19
CLUST-LOT-03,W03,-12,8,1,10,2.3,1.84,2081
CLUST-LOT-03,W03,-12,9,1,10,2.57,1.77,2092.32
CLUST-LOT-03,W03,-12,10,1,10,2.3,1.82,2046.42
CLUST-LOT-03,W03,-12,11,1,10,2.32,1.8,2121.23
CLUST-LOT-03,W03,-12,12,1,10,2.85,1.78,2113.05
CLUST-LOT-03,W03,-12,13,1,10,3.36,1.81,2110.98
CLUST-LOT-03,W03,-12,14,1,10,3.06,1.79,2125.71
CLUST-LOT-03,W03,-12,15,1,10,2.25,1.78,2059.84
CLUST-LOT-03,W03,-11,-15,1,10,2.24,1.82,2062.53
CLUST-LOT-03,W03,-11,-14,1,10,2.82,1.84,2049.42
CLUST-LOT-03,W03,-11,-13,1,10,2.97,1.84,2123.83
CLUST-LOT-03,W03,-11,-12,1,10,3.26,1.8,2128.79
CLUST-LOT-03,W03,-11,-11,1,10,2.28,1.82,2122.71
CLUST-LOT-03,W03,-11,-10,1,10,3.07,1.82,2073.49
CLUST-LOT-03,W03,-11,-9,1,10,2.09,1.79,2094.58
CLUST-LOT-03,W03,-11,-8,1,10,3.36,1.82,2096.36
CLUST-LOT-03,W03,-11,-7,1,10,2.61,1.75,2103.98
CLUST-LOT-03,W03,-11,-6,1,10,2.79,1.82,2115.13
CLUST-LOT-03,W03,-11,-5,1,10,2.28,1.77,2090.91
CLUST-LOT-03,W03,-11,-4,1,10,3.27,1.81,2078.82
CLUST-LOT-03,W03,-11,-3,1,10,3.12,1.77,2079.27
CLUST-LOT-03,W03,-11,-2,1,10,3.22,1.8,2122.23
CLUST-LOT-03,W03,-11,-1,1,10,3.24,1.79,2091.2
CLUST-LOT-03,W03,-11,0,1,10,2.65,1.84,2092.72
CLUST-LOT-03,W03,-11,1,1,10,2.4,1.8,2106.26
CLUST-LOT-03,W03,-11,2,1,10,2.48,1.81,2091.63
CLUST-LOT-03,W03,-11,3,1,10,2.41,1.81,2103.63
CLUST-LOT-03,W03,-11,4,1,10,2.79,1.78,2104.78
CLUST-LOT-03,W03,-11,5,1,10,3.55,1.76,2091.33
CLUST-LOT-03,W03,-11,6,1,10,3.38,1.77,2107.58
CLUST-LOT-03,W03,-11,7,1,10,2.57,1.81,2107.11
CLUST-LOT-03,W03,-11,8,1,10,3.23,1.75,2093.38
CLUST-LOT-03,W03,-11,9,1,10,2.86,1.78,2102.93
CLUST-LOT-03,W03,-11,10,1,10,2.64,1.77,2112.48
CLUST-LOT-03,W03,-11,11,1,10,2.41,1.86,2129.14
CLUST-LOT-03,W03,-11,12,1,10,3.11,1.81,2081.27
CLUST-LOT-03,W03,-11,13,1,10,2.79,1.81,2093.83
CLUST-LOT-03,W03,-11,14,1,11,3.11,1.78,2104.28
CLUST-LOT-03,W03,-11,15,1,10,2.34,1.77,2123.05
CLUST-LOT-03,W03,-10,-16,1,10,2.88,1.79,2071.93
CLUST-LOT-03,W03,-10,-15,1,10,2.8,1.8,2118.59
CLUST-LOT-03,W03,-10,-14,1,10,2.75,1.83,2118.15
CLUST-LOT-03,W03,-10,-13,1,11,2.36,1.82,2114.27
CLUST-LOT-03,W03,-10,-12,1,10,2.92,1.8,2074.96
CLUST-LOT-03,W03,-10,-11,1,10,2.76,1.83,2051.09
CLUST-LOT-03,W03,-10,-10,1,10,2.12,1.79,2091.5
CLUST-LOT-03,W03,-10,-9,1,10,2.27,1.79,2113.32
CLUST-LOT-03,W03,-10,-8,1,10,2.82,1.81,2106.66
CLUST-LOT-03,W03,-10,-7,1,10,3.18,1.79,2065
CLUST-LOT-03,W03,-10,-6,1,10,3.2,1.83,2121.64
CLUST-LOT-03,W03,-10,-5,1,10,2.6,1.81,2088.38
CLUST-LOT-03,W03,-10,-4,1,11,2.76,1.81,2120.62
CLUST-LOT-03,W03,-10,-3,1,10,3.01,1.77,2102.97
CLUST-LOT-03,W03,-10,-2,1,11,3.04,1.78,2114.36
CLUST-LOT-03,W03,-10,-1,1,10,2.48,1.84,2117.28
CLUST-LOT-03,W03,-10,0,1,10,3.06,1.78,2085.03
CLUST-LOT-03,W03,-10,1,1,10,3.07,1.76,2142.07
CLUST-LOT-03,W03,-10,2,1,10,2.72,1.76,2128.42
CLUST-LOT-03,W03,-10,3,1,10,2.36,1.77,2145.48
CLUST-LOT-03,W03,-10,4,1,10,2.91,1.8,2093.09
CLUST-LOT-03,W03,-10,5,1,10,2.2,1.74,2110.97
CLUST-LOT-03,W03,-10,6,1,10,3.68,1.79,2060.12
CLUST-LOT-03,W03,-10,7,1,10,2.45,1.8,2046.2
CLUST-LOT-03,W03,-10,8,1,10,2.56,1.81,2108.56
CLUST-LOT-03,W03,-10,9,1,10,2.96,1.81,2079.09
CLUST-LOT-03,W03,-10,10,1,10,2.97,1.8,2108.04
CLUST-LOT-03,W03,-10,11,1,10,2.36,1.77,2094.88
CLUST-LOT-03,W03,-10,12,1,10,3.35,1.8,2083.38
CLUST-LOT-03,W03,-10,13,1,10,2.99,1.76,2126.32
CLUST-LOT-03,W03,-10,14,1,10,2.31,1.84,2113.73
CLUST-LOT-03,W03,-10,15,1,10,3.11,1.81,2136.09
CLUST-LOT-03,W03,-10,16,1,10,3.25,1.79,2086.12
CLUST-LOT-03,W03,-9,-17,1,10,3.06,1.77,2115.48
CLUST-LOT-03,W03,-9,-16,1,10,2.58,1.8,2081.13
CLUST-LOT-03,W03,-9,-15,1,10,2.69,1.79,2130.62
CLUST-LOT-03,W03,-9,-14,1,10,3.1,1.84,2091.34
CLUST-LOT-03,W03,-9,-13,1,10,2.93,1.84,2098.46
CLUST-LOT-03,W03,-9,-12,1,10,3.15,1.8,2077.76
CLUST-LOT-03,W03,-9,-11,1,10,2.53,1.79,2126.41
CLUST-LOT-03,W03,-9,-10,1,10,3.23,1.81,2103.74
CLUST-LOT-03,W03,-9,-9,1,10,2.7,1.79,2081.43
CLUST-LOT-03,W03,-9,-8,1,10,2.62,1.78,2068.76
CLUST-LOT-03,W03,-9,-7,1,10,3.27,1.78,2060.57
CLUST-LOT-03,W03,-9,-6,1,10,2.97,1.8,2104.63
CLUST-LOT-03,W03,-9,-5,1,10,2.97,1.81,2066.88
CLUST-LOT-03,W03,-9,-4,1,10,2.91,1.78,2081.29
CLUST-LOT-03,W03,-9,-3,1,10,2.52,1.82,2133.47
CLUST-LOT-03,W03,-9,-2,1,10,2.42,1.79,2090.4
CLUST-LOT-03,W03,-9,-1,1,10,3.26,1.87,2079.39
CLUST-LOT-03,W03,-9,0,1,10,2.92,1.78,2101.54
CLUST-LOT-03,W03,-9,1,1,10,3.1,1.76,2119.18
CLUST-LOT-03,W03,-9,2,1,10,2.44,1.91,2111.91
CLUST-LOT-03,W03,-9,3,1,10,2.96,1.81,2103.76
CLUST-LOT-03,W03,-9,4,1,10,2.5,1.77,2099.86
CLUST-LOT-03,W03,-9,5,1,10,2.89,1.73,2084.8
CLUST-LOT-03,W03,-9,6,1,10,2.34,1.79,2119.51
CLUST-LOT-03,W03,-9,7,1,10,2.37,1.79,2109.76
CLUST-LOT-03,W03,-9,8,1,10,3.05,1.87,2134.54
CLUST-LOT-03,W03,-9,9,1,10,2.65,1.78,2079.03
CLUST-LOT-03,W03,-9,10,1,10,2.76,1.81,2099.52
CLUST-LOT-03,W03,-9,11,1,10,3.31,1.8,2098.62
CLUST-LOT-03,W03,-9,12,1,10,2.6,1.84,2125.88
CLUST-LOT-03,W03,-9,13,1,11,2.15,1.81,2141.1
CLUST-LOT-03,W03,-9,14,1,10,3.2,1.79,2091.14
CLUST-LOT-03,W03,-9,15,1,10,2.57,1.81,2080.16
CLUST-LOT-03,W03,-9,16,1,10,2.92,1.77,2124.03
CLUST-LOT-03,W03,-9,17,1,10,2.5,1.74,2095.93
CLUST-LOT-03,W03,-8,-17,1,10,2.67,1.78,2104.32
CLUST-LOT-03,W03,-8,-16,1,10,3.22,1.83,2134.02
CLUST-LOT-03,W03,-8,-15,1,10,2.41,1.79,2127.74
CLUST-LOT-03,W03,-8,-14,1,11,2.24,1.8,2075.53
CLUST-LOT-03,W03,-8,-13,1,10,3.2,1.82,2092.05
CLUST-LOT-03,W03,-8,-12,1,10,3.1,1.75,2061.7
CLUST-LOT-03,W03,-8,-11,1,11,2.75,1.74,2079.53
CLUST-LOT-03,W03,-8,-10,1,10,3.01,1.8,2105.25
CLUST-LOT-03,W03,-8,-9,1,10,3.17,1.86,2079.29
CLUST-LOT-03,W03,-8,-8,1,10,2.69,1.77,2093.15
CLUST-LOT-03,W03,-8,-7,1,10,2.92,1.82,2097.58
CLUST-LOT-03,W03,-8,-6,1,10,2.99,1.87,2100.44
CLUST-LOT-03,W03,-8,-5,1,10,3.36,1.83,2079.96
CLUST-LOT-03,W03,-8,-4,1,10,2.63,1.75,2086.88
CLUST-LOT-03,W03,-8,-3,1,10,3.3,1.83,2092.65
CLUST-LOT-03,W03,-8,-2,1,10,2.66,1.83,2119.31
CLUST-LOT-03,W03,-8,-1,1,10,2.77,1.81,2054.15
CLUST-LOT-03,W03,-8,0,1,10,2.51,1.76,2112.48
CLUST-LOT-03,W03,-8,1,1,10,2.75,1.82,2099.15
CLUST-LOT-03,W03,-8,2,1,10,3.35,1.76,2116.5
CLUST-LOT-03,W03,-8,3,1,10,3.11,1.84,2132.33
CLUST-LOT-03,W03,-8,4,1,10,3.16,1.82,2116.06
CLUST-LOT-03,W03,-8,5,1,10,3.37,1.74,2131.37
CLUST-LOT-03,W03,-8,6,1,10,2.56,1.81,2101.27
CLUST-LOT-03,W03,-8,7,1,10,2.95,1.81,2093.24
CLUST-LOT-03,W03,-8,8,1,10,2.92,1.82,2102.48
CLUST-LOT-03,W03,-8,9,1,10,2.66,1.8,2130.93
CLUST-LOT-03,W03,-8,10,1,10,2.74,1.83,2089.86
CLUST-LOT-03,W03,-8,11,1,10,2.96,1.77,2081.07
CLUST-LOT-03,W03,-8,12,1,10,2.8,1.83,2077.77
CLUST-LOT-03,W03,-8,13,1,10,2.59,1.82,2094.05
CLUST-LOT-03,W03,-8,14,1,11,2.66,1.82,2099.3
CLUST-LOT-03,W03,-8,15,1,10,2.66,1.79,2113.9
CLUST-LOT-03,W03,-8,16,1,10,2.02,1.79,2122.05
CLUST-LOT-03,W03,-8,17,1,10,2.53,1.83,2099.37
CLUST-LOT-03,W03,-7,-17,1,10,2.54,1.75,2104.24
CLUST-LOT-03,W03,-7,-16,1,10,3,1.79,2087.19
CLUST-LOT-03,W03,-7,-15,1,10,3.11,1.82,2111.82
CLUST-LOT-03,W03,-7,-14,1,10,2.71,1.77,2111.08
CLUST-LOT-03,W03,-7,-13,1,10,3.02,1.8,2069
CLUST-LOT-03,W03,-7,-12,1,10,2.29,1.81,2089.35
CLUST-LOT-03,W03,-7,-11,1,10,2.57,1.78,2093.03
CLUST-LOT-03,W03,-7,-10,1,11,2.38,1.8,2150.1
CLUST-LOT-03,W03,-7,-9,1,10,2.92,1.83,2079.65
CLUST-LOT-03,W03,-7,-8,1,10,2.47,1.82,2091.21
CLUST-LOT-03,W03,-7,-7,1,10,2.92,1.77,2143.56
CLUST-LOT-03,W03,-7,-6,1,10,2.61,1.76,2083.24
CLUST-LOT-03,W03,-7,-5,1,10,3.09,1.76,2132.33
CLUST-LOT-03,W03,-7,-4,1,10,2.81,1.84,2099.13
CLUST-LOT-03,W03,-7,-3,1,10,2.96,1.82,2117.2
CLUST-LOT-03,W03,-7,-2,1,10,2.8,1.83,2063.92
CLUST-LOT-03,W03,-7,-1,1,10,2.28,1.75,2092.83
CLUST-LOT-03,W03,-7,0,1,10,2.74,1.81,2093.73
CLUST-LOT-03,W03,-7,1,1,10,2.82,1.8,2123.33
CLUST-LOT-03,W03,-7,2,1,10,2.76,1.82,2084.42
CLUST-LOT-03,W03,-7,3,1,10,3.35,1.82,2108.9
CLUST-LOT-03,W03,-7,4,1,10,3.07,1.79,2088.9
CLUST-LOT-03,W03,-7,5,1,10,3.05,1.77,2084.92
CLUST-LOT-03,W03,-7,6,1,10,2.34,1.79,2089.63
CLUST-LOT-03,W03,-7,7,1,10,2.46,1.85,2110.7
CLUST-LOT-03,W03,-7,8,1,10,2.98,1.83,2075.83
CLUST-LOT-03,W03,-7,9,1,10,3.14,1.85,2098.58
CLUST-LOT-03,W03,-7,10,1,11,2.73,1.8,2095.88
CLUST-LOT-03,W03,-7,11,1,10,2.76,1.79,2103.3
CLUST-LOT-03,W03,-7,12,1,10,2.55,1.77,2086.74
CLUST-LOT-03,W03,-7,13,1,10,2.99,1.74,2097.56
CLUST-LOT-03,W03,-7,14,1,10,2.54,1.77,2104.41
CLUST-LOT-03,W03,-7,15,1,10,2.79,1.77,2095.84
CLUST-LOT-03,W03,-7,16,1,10,2.92,1.82,2093
CLUST-LOT-03,W03,-7,17,1,10,2.52,1.8,2106.43
CLUST-LOT-03,W03,-6,-18,1,10,2.77,1.78,2115.31
CLUST-LOT-03,W03,-6,-17,1,10,3.15,1.82,2085.35
CLUST-LOT-03,W03,-6,-16,1,11,3.22,1.75,2113.35
CLUST-LOT-03,W03,-6,-15,1,10,2.71,1.78,2097.72
CLUST-LOT-03,W03,-6,-14,1,10,2.18,1.83,2077
CLUST-LOT-03,W03,-6,-13,1,10,2.48,1.82,2125.08
CLUST-LOT-03,W03,-6,-12,1,10,3.15,1.77,2113.41
CLUST-LOT-03,W03,-6,-11,1,10,3.12,1.8,2101.68
CLUST-LOT-03,W03,-6,-10,1,10,2.96,1.79,2086.6
CLUST-LOT-03,W03,-6,-9,1,10,2.66,1.77,2114.02
CLUST-LOT-03,W03,-6,-8,1,10,2.75,1.79,2114.64
CLUST-LOT-03,W03,-6,-7,1,10,2.45,1.77,2094.11
CLUST-LOT-03,W03,-6,-6,1,10,3.36,1.81,2101.52
CLUST-LOT-03,W03,-6,-5,1,11,2.55,1.81,2076.59
CLUST-LOT-03,W03,-6,-4,1,10,3.05,1.79,2085.61
CLUST-LOT-03,W03,-6,-3,1,10,3.04,1.77,2091.48
CLUST-LOT-03,W03,-6,-2,1,10,2.36,1.81,2121.72
CLUST-LOT-03,W03,-6,-1,1,10,2.98,1.79,2124.97
CLUST-LOT-03,W03,-6,0,1,11,3.2,1.8,2076.24
CLUST-LOT-03,W03,-6,1,2,21,3.04,1.84,2094.92
CLUST-LOT-03,W03,-6,2,1,10,3.29,1.74,2096.85
CLUST-LOT-03,W03,-6,3,1,10,2.9,1.76,2110.77
CLUST-LOT-03,W03,-6,4,1,10,3.17,1.79,2113.59
CLUST-LOT-03,W03,-6,5,1,10,2.56,1.78,2093.94
CLUST-LOT-03,W03,-6,6,1,10,2.63,1.76,2119.99
CLUST-LOT-03,W03,-6,7,1,10,2.7,1.79,2107.33
CLUST-LOT-03,W03,-6,8,1,10,2.79,1.81,2076.84
CLUST-LOT-03,W03,-6,9,1,10,2.84,1.81,2105.73
CLUST-LOT-03,W03,-6,10,1,10,3.02,1.81,2108.16
CLUST-LOT-03,W03,-6,11,1,10,2.62,1.82,2116.82
CLUST-LOT-03,W03,-6,12,1,10,2.67,1.87,2094.6
CLUST-LOT-03,W03,-6,13,1,10,2.81,1.82,2089.4
CLUST-LOT-03,W03,-6,14,1,10,2.18,1.85,2076.9
CLUST-LOT-03,W03,-6,15,1,10,2.85,1.82,2071.47
CLUST-LOT-03,W03,-6,16,1,10,2.44,1.8,2073.78
CLUST-LOT-03,W03,-6,17,1,10,2.35,1.84,2113.04
CLUST-LOT-03,W03,-6,18,1,10,2.83,1.8,2090.65
CLUST-LOT-03,W03,-5,-18,1,10,3.9,1.79,2107.16
CLUST-LOT-03,W03,-5,-17,1,10,2.77,1.83,2086.45
CLUST-LOT-03,W03,-5,-16,1,10,2.57,1.73,2112.99
CLUST-LOT-03,W03,-5,-15,1,10,2.72,1.8,2127.1
CLUST-LOT-03,W03,-5,-14,1,10,2.63,1.77,2092.65
CLUST-LOT-03,W03,-5,-13,1,10,2.24,1.81,2113.32
CLUST-LOT-03,W03,-5,-12,1,10,2.83,1.79,2149.59
CLUST-LOT-03,W03,-5,-11,1,10,2.68,1.83,2090.87
CLUST-LOT-03,W03,-5,-10,1,11,2.73,1.74,2082.88
CLUST-LOT-03,W03,-5,-9,1,10,2.14,1.78,2080.81
CLUST-LOT-03,W03,-5,-8,1,10,3.1,1.8,2094.89
CLUST-LOT-03,W03,-5,-7,1,10,2.46,1.77,2070.24
CLUST-LOT-03,W03,-5,-6,1,10,2.77,1.8,2078.78
CLUST-LOT-03,W03,-5,-5,1,11,2.71,1.83,2135.04
CLUST-LOT-03,W03,-5,-4,1,10,2.82,1.79,2081.7
CLUST-LOT-03,W03,-5,-3,1,10,1.78,1.82,2062.86
CLUST-LOT-03,W03,-5,-2,1,10,2.96,1.84,2068.55
CLUST-LOT-03,W03,-5,-1,1,10,3.09,1.78,2109.45
CLUST-LOT-03,W03,-5,0,3,32,3.06,1.82,2093.11
CLUST-LOT-03,W03,-5,1,1,10,3.1,1.76,2073.28
CLUST-LOT-03,W03,-5,2,2,23,2.39,1.8,2047.7
CLUST-LOT-03,W03,-5,3,2,21,2.67,1.82,2113.69
CLUST-LOT-03,W03,-5,4,1,10,2.85,1.78,2114.82
CLUST-LOT-03,W03,-5,5,1,10,2.71,1.81,2118
CLUST-LOT-03,W03,-5,6,1,10,2.55,1.81,2132.31
CLUST-LOT-03,W03,-5,7,1,10,2.45,1.8,2114.83
CLUST-LOT-03,W03,-5,8,1,10,2.77,1.81,2108.69
CLUST-LOT-03,W03,-5,9,1,10,2.77,1.79,2129.72
CLUST-LOT-03,W03,-5,10,1,10,2.17,1.8,2108.96
CLUST-LOT-03,W03,-5,11,1,10,2.67,1.78,2097.33
CLUST-LOT-03,W03,-5,12,1,10,2.28,1.82,2086.23
CLUST-LOT-03,W03,-5,13,1,10,2.9,1.77,2081.08
CLUST-LOT-03,W03,-5,14,1,10,3.03,1.73,2134.58
CLUST-LOT-03,W03,-5,15,1,10,3.29,1.79,2131.69
CLUST-LOT-03,W03,-5,16,1,10,2.71,1.78,2111.47
CLUST-LOT-03,W03,-5,17,1,10,2.67,1.83,2099.9
CLUST-LOT-03,W03,-5,18,1,10,2.61,1.78,2107.4
CLUST-LOT-03,W03,-4,-18,1,10,2.83,1.84,2108.61
CLUST-LOT-03,W03,-4,-17,1,10,2.68,1.8,2112.84
CLUST-LOT-03,W03,-4,-16,1,10,2.95,1.78,2143.18
CLUST-LOT-03,W03,-4,-15,1,10,2.42,1.77,2116.46
CLUST-LOT-03,W03,-4,-14,1,10,3,1.8,2095.39
CLUST-LOT-03,W03,-4,-13,1,10,2.34,1.76,2033.64
CLUST-LOT-03,W03,-4,-12,1,10,3.09,1.76,2112.86
CLUST-LOT-03,W03,-4,-11,1,10,3,1.78,2076.54
CLUST-LOT-03,W03,-4,-10,1,10,2.72,1.77,2110.21
CLUST-LOT-03,W03,-4,-9,1,10,2.91,1.78,2089.15
CLUST-LOT-03,W03,-4,-8,1,10,3.15,1.78,2100.23
CLUST-LOT-03,W03,-4,-7,1,10,2.44,1.79,2137.64
CLUST-LOT-03,W03,-4,-6,1,10,3.21,1.79,2100.33
CLUST-LOT-03,W03,-4,-5,1,10,2.69,1.85,2089.14
CLUST-LOT-03,W03,-4,-4,1,10,3.02,1.83,2106.32
CLUST-LOT-03,W03,-4,-3,1,10,2.75,1.78,2090.09
CLUST-LOT-03,W03,-4,-2,1,10,2.6,1.78,2098.36
CLUST-LOT-03,W03,-4,-1,1,11,2.86,1.74,2093.89
CLUST-LOT-03,W03,-4,0,1,10,2.7,1.75,2101.35
CLUST-LOT-03,W03,-4,1,1,10,3.1,1.76,2091.16
CLUST-LOT-03,W03,-4,2,1,11,2.44,1.85,2104.63
CLUST-LOT-03,W03,-4,3,1,10,2.56,1.75,2102.21
CLUST-LOT-03,W03,-4,4,1,10,2.79,1.81,2060.34
CLUST-LOT-03,W03,-4,5,1,10,2.87,1.84,2095.04
CLUST-LOT-03,W03,-4,6,1,10,2.9,1.79,2146.19
CLUST-LOT-03,W03,-4,7,1,10,2.69,1.74,2068.41
CLUST-LOT-03,W03,-4,8,1,10,3.02,1.76,2110.64
CLUST-LOT-03,W03,-4,9,1,10,2.2,1.82,2108.51
CLUST-LOT-03,W03,-4,10,1,10,2.79,1.8,2111.56
CLUST-LOT-03,W03,-4,11,1,10,3.25,1.87,2087.95
CLUST-LOT-03,W03,-4,12,1,10,2.89,1.79,2123.91
CLUST-LOT-03,W03,-4,13,1,10,2.68,1.86,2083.77
CLUST-LOT-03,W03,-4,14,1,11,2.13,1.84,2107.56
CLUST-LOT-03,W03,-4,15,1,10,3.06,1.76,2123.66
CLUST-LOT-03,W03,-4,16,1,10,2.64,1.83,2109.33
CLUST-LOT-03,W03,-4,17,1,10,2.16,1.8,2055.44
CLUST-LOT-03,W03,-4,18,1,10,3.84,1.79,2080.31
CLUST-LOT-03,W03,-3,-19,1,10,3,1.88,2088.52
CLUST-LOT-03,W03,-3,-18,1,10,2.91,1.8,2063.54
CLUST-LOT-03,W03,-3,-17,1,10,2.85,1.84,2078.93
CLUST-LOT-03,W03,-3,-16,1,10,2.47,1.85,2089.01
CLUST-LOT-03,W03,-3,-15,1,10,3.05,1.83,2131.26
CLUST-LOT-03,W03,-3,-14,1,10,3.25,1.8,2111.58
CLUST-LOT-03,W03,-3,-13,1,10,4.19,1.81,2157.4
CLUST-LOT-03,W03,-3,-12,1,10,3.35,1.79,2055.58
CLUST-LOT-03,W03,-3,-11,1,10,2.63,1.85,2101.46
CLUST-LOT-03,W03,-3,-10,1,10,2.92,1.81,2093.93
CLUST-LOT-03,W03,-3,-9,1,10,3.32,1.74,2137.36
CLUST-LOT-03,W03,-3,-8,1,10,2.67,1.83,2141.6
CLUST-LOT-03,W03,-3,-7,1,10,2.84,1.81,2083.86
CLUST-LOT-03,W03,-3,-6,1,10,2.87,1.76,2108.92
CLUST-LOT-03,W03,-3,-5,1,10,2.51,1.82,2109.16
CLUST-LOT-03,W03,-3,-4,1,10,2.69,1.81,2138.23
CLUST-LOT-03,W03,-3,-3,1,10,2.47,1.85,2110.72
CLUST-LOT-03,W03,-3,-2,2,23,2.4,1.81,2080.63
CLUST-LOT-03,W03,-3,-1,1,10,2.92,1.81,2081.16
CLUST-LOT-03,W03,-3,0,1,10,2.56,1.77,2110.21
CLUST-LOT-03,W03,-3,1,1,10,2.58,1.79,2097.78
CLUST-LOT-03,W03,-3,2,1,10,2.57,1.77,2073.98
CLUST-LOT-03,W03,-3,3,1,10,2.79,1.79,2092.91
CLUST-LOT-03,W03,-3,4,1,10,2.91,1.81,2098
CLUST-LOT-03,W03,-3,5,1,10,3.06,1.78,2101.75
CLUST-LOT-03,W03,-3,6,1,10,2.71,1.81,2072.01
CLUST-LOT-03,W03,-3,7,1,10,2.48,1.82,2084.15
CLUST-LOT-03,W03,-3,8,1,10,2,1.79,2109.18
CLUST-LOT-03,W03,-3,9,1,10,2.25,1.81,2095.91
CLUST-LOT-03,W03,-3,10,1,10,2.94,1.81,2116.82
CLUST-LOT-03,W03,-3,11,1,10,2.53,1.83,2148.01
CLUST-LOT-03,W03,-3,12,1,10,3.04,1.8,2090.51
CLUST-LOT-03,W03,-3,13,1,10,2.39,1.78,2068.33
CLUST-LOT-03,W03,-3,14,1,10,3.59,1.77,2108.97
CLUST-LOT-03,W03,-3,15,1,10,2.51,1.78,2109.82
CLUST-LOT-03,W03,-3,16,1,10,2.33,1.8,2113.54
CLUST-LOT-03,W03,-3,17,1,10,3.24,1.79,2063.56
CLUST-LOT-03,W03,-3,18,1,10,3.38,1.74,2083.2
CLUST-LOT-03,W03,-3,19,1,10,2.88,1.78,2101.92
CLUST-LOT-03,W03,-2,-19,1,10,2.73,1.75,2098.77
CLUST-LOT-03,W03,-2,-18,1,10,2.94,1.82,2076.96
CLUST-LOT-03,W03,-2,-17,1,10,2.59,1.82,2122.13
CLUST-LOT-03,W03,-2,-16,1,10,2.68,1.77,2079.71
CLUST-LOT-03,W03,-2,-15,1,10,2.81,1.77,2135.07
CLUST-LOT-03,W03,-2,-14,1,10,3.36,1.78,2096.42
CLUST-LOT-03,W03,-2,-13,1,10,2.63,1.79,2099.93
CLUST-LOT-03,W03,-2,-12,1,10,2.8,1.8,2115.66
CLUST-LOT-03,W03,-2,-11,1,10,2.39,1.81,2096
CLUST-LOT-03,W03,-2,-10,1,10,2.78,1.8,2110.02
CLUST-LOT-03,W03,-2,-9,1,10,2.68,1.81,2097.26
CLUST-LOT-03,W03,-2,-8,1,10,3.42,1.81,2088.65
CLUST-LOT-03,W03,-2,-7,1,10,3.08,1.75,2080.51
CLUST-LOT-03,W03,-2,-6,1,10,2.57,1.83,2118.24
CLUST-LOT-03,W03,-2,-5,1,10,2.69,1.78,2110.68
CLUST-LOT-03,W03,-2,-4,2,21,2.32,1.82,2129.57
CLUST-LOT-03,W03,-2,-3,2,21,3.54,1.79,2100.77
CLUST-LOT-03,W03,-2,-2,2,23,2.33,1.78,2053.53
CLUST-LOT-03,W03,-2,-1,1,10,3.02,1.7,2098.41
CLUST-LOT-03,W03,-2,0,1,10,2.37,1.82,2141.99
CLUST-LOT-03,W03,-2,1,1,10,3.25,1.77,2068.45
CLUST-LOT-03,W03,-2,2,1,10,3.28,1.81,2119.11
CLUST-LOT-03,W03,-2,3,1,10,2.26,1.76,2060.14
CLUST-LOT-03,W03,-2,4,1,10,2.64,1.79,2088.97
CLUST-LOT-03,W03,-2,5,1,10,2.87,1.83,2129.67
CLUST-LOT-03,W03,-2,6,1,10,2.7,1.8,2114.62
CLUST-LOT-03,W03,-2,7,1,10,2.24,1.81,2115.27
CLUST-LOT-03,W03,-2,8,1,10,2.8,1.8,2110.65
CLUST-LOT-03,W03,-2,9,1,10,2.91,1.81,2091.61
CLUST-LOT-03,W03,-2,10,1,10,2.9,1.81,2103.29
CLUST-LOT-03,W03,-2,11,1,10,2.94,1.77,2107.21
CLUST-LOT-03,W03,-2,12,1,10,2.75,1.75,2069.82
CLUST-LOT-03,W03,-2,13,1,10,2.63,1.79,2098.27
CLUST-LOT-03,W03,-2,14,1,10,3.19,1.83,2104.28
CLUST-LOT-03,W03,-2,15,1,10,2.35,1.81,2115.25
CLUST-LOT-03,W03,-2,16,1,10,2.62,1.78,2084.2
CLUST-LOT-03,W03,-2,17,1,10,3.02,1.81,2105.28
CLUST-LOT-03,W03,-2,18,1,10,2.4,1.78,2144.67
CLUST-LOT-03,W03,-2,19,1,10,2.64,1.82,2071.19
CLUST-LOT-03,W03,-1,-19,1,10,2.69,1.83,2129.74
CLUST-LOT-03,W03,-1,-18,1,10,2.82,1.83,2120.7
CLUST-LOT-03,W03,-1,-17,1,11,2.97,1.79,2094.91
CLUST-LOT-03,W03,-1,-16,1,10,2.87,1.85,2081.8
CLUST-LOT-03,W03,-1,-15,1,10,2.99,1.8,2063.09
CLUST-LOT-03,W03,-1,-14,1,10,2.88,1.8,2116.96
CLUST-LOT-03,W03,-1,-13,1,10,2.51,1.82,2135.24
CLUST-LOT-03,W03,-1,-12,1,10,2.27,1.81,2124.32
CLUST-LOT-03,W03,-1,-11,1,10,2.88,1.78,2097.29
CLUST-LOT-03,W03,-1,-10,1,10,3.1,1.78,2087.04
CLUST-LOT-03,W03,-1,-9,1,11,2.99,1.79,2093.43
CLUST-LOT-03,W03,-1,-8,1,10,2.97,1.79,2100.24
CLUST-LOT-03,W03,-1,-7,1,10,3.03,1.72,2091.59
CLUST-LOT-03,W03,-1,-6,1,10,2.71,1.79,2117.24
CLUST-LOT-03,W03,-1,-5,1,10,2.98,1.78,2076.37
CLUST-LOT-03,W03,-1,-4,1,10,2.68,1.8,2123.65
CLUST-LOT-03,W03,-1,-3,1,10,2.94,1.78,2115.89
CLUST-LOT-03,W03,-1,-2,1,10,2.74,1.8,2059.99
CLUST-LOT-03,W03,-1,-1,2,23,2.91,1.8,2113.74
CLUST-LOT-03,W03,-1,0,1,10,3.28,1.82,2086.41
CLUST-LOT-03,W03,-1,1,2,21,2.78,1.85,2105.05
CLUST-LOT-03,W03,-1,2,1,10,2.51,1.74,2122.29
CLUST-LOT-03,W03,-1,3,1,10,2.45,1.78,2075.41
CLUST-LOT-03,W03,-1,4,1,10,2.47,1.76,2105.94
CLUST-LOT-03,W03,-1,5,1,10,2.69,1.81,2087.14
CLUST-LOT-03,W03,-1,6,1,10,2.58,1.81,2099.35
CLUST-LOT-03,W03,-1,7,1,10,2.58,1.82,2155.16
CLUST-LOT-03,W03,-1,8,1,10,3.24,1.87,2091.78
CLUST-LOT-03,W03,-1,9,1,10,2.69,1.78,2110.35
CLUST-LOT-03,W03,-1,10,1,10,2.76,1.83,2128.97
CLUST-LOT-03,W03,-1,11,1,10,2.83,1.76,2068.62
CLUST-LOT-03,W03,-1,12,1,10,3.02,1.75,2125.35
CLUST-LOT-03,W03,-1,13,1,10,2.86,1.8,2079.01
CLUST-LOT-03,W03,-1,14,1,10,3.13,1.78,2084.11
CLUST-LOT-03,W03,-1,15,1,10,3.26,1.78,2106.93
CLUST-LOT-03,W03,-1,16,1,10,2.76,1.8,2097.28
CLUST-LOT-03,W03,-1,17,1,10,3.11,1.77,2099.36
CLUST-LOT-03,W03,-1,18,1,10,2.91,1.83,2090.68
CLUST-LOT-03,W03,-1,19,1,10,3.31,1.76,2123.67
CLUST-LOT-03,W03,0,-19,1,11,2.26,1.79,2078.98
CLUST-LOT-03,W03,0,-18,1,10,3.2,1.77,2122.94
CLUST-LOT-03,W03,0,-17,1,10,2.61,1.84,2147.79
CLUST-LOT-03,W03,0,-16,1,10,3.17,1.82,2084.36
CLUST-LOT-03,W03,0,-15,1,10,2.24,1.82,2081.07
CLUST-LOT-03,W03,0,-14,1,10,3.28,1.8,2117.43
CLUST-LOT-03,W03,0,-13,1,10,2.73,1.85,2090.41
CLUST-LOT-03,W03,0,-12,1,10,3.05,1.78,2111.28
CLUST-LOT-03,W03,0,-11,1,10,2.55,1.82,2115.14
CLUST-LOT-03,W03,0,-10,1,10,2.6,1.73,2156.91
CLUST-LOT-03,W03,0,-9,1,10,3.83,1.79,2143.47
CLUST-LOT-03,W03,0,-8,1,10,2.77,1.8,2111.18
CLUST-LOT-03,W03,0,-7,1,10,2.31,1.77,2133.13
CLUST-LOT-03,W03,0,-6,3,32,3.04,1.88,2091.37
CLUST-LOT-03,W03,0,-5,1,10,2.29,1.78,2085.06
CLUST-LOT-03,W03,0,-4,3,32,2.66,1.81,2110.49
CLUST-LOT-03,W03,0,-3,2,21,2.97,1.8,2111.1
CLUST-LOT-03,W03,0,-2,2,21,2.59,1.8,2083.4
CLUST-LOT-03,W03,0,-1,1,10,2.71,1.77,2093.66
CLUST-LOT-03,W03,0,0,2,23,3.26,1.84,2104.36
CLUST-LOT-03,W03,0,1,3,32,2.72,1.83,2080.25
CLUST-LOT-03,W03,0,2,1,10,3.13,1.83,2086.81
CLUST-LOT-03,W03,0,3,1,10,2.3,1.77,2113.61
CLUST-LOT-03,W03,0,4,1,10,2.72,1.82,2073.46
CLUST-LOT-03,W03,0,5,1,10,3,1.81,2134.14
CLUST-LOT-03,W03,0,6,1,10,3.22,1.79,2083.5
CLUST-LOT-03,W03,0,7,1,10,3.16,1.81,2104.88
CLUST-LOT-03,W03,0,8,1,10,2.28,1.77,2078.02
CLUST-LOT-03,W03,0,9,1,10,3.13,1.8,2133.18
CLUST-LOT-03,W03,0,10,1,10,3.04,1.82,2057.51
CLUST-LOT-03,W03,0,11,1,10,2.24,1.74,2087.88
CLUST-LOT-03,W03,0,12,1,10,3.12,1.8,2104.36
CLUST-LOT-03,W03,0,13,1,10,3.15,1.84,2128.87
CLUST-LOT-03,W03,0,14,1,10,2.66,1.86,2093.01
CLUST-LOT-03,W03,0,15,1,10,2.97,1.8,2134.23
CLUST-LOT-03,W03,0,16,1,10,3.09,1.77,2102.56
CLUST-LOT-03,W03,0,17,1,10,3.33,1.85,2085.2
CLUST-LOT-03,W03,0,18,1,10,2.36,1.79,2087.95
CLUST-LOT-03,W03,0,19,1,10,2.51,1.83,2086.89
CLUST-LOT-03,W03,1,-19,1,10,2.83,1.79,2090.9
CLUST-LOT-03,W03,1,-18,1,10,3.14,1.78,2083.27
CLUST-LOT-03,W03,1,-17,1,10,2.31,1.83,2115.3
CLUST-LOT-03,W03,1,-16,1,10,2.65,1.76,2102.8
CLUST-LOT-03,W03,1,-15,1,10,2.77,1.8,2099.36
CLUST-LOT-03,W03,1,-14,1,10,2.94,1.81,2097.17
CLUST-LOT-03,W03,1,-13,1,10,2.66,1.83,2058.56
CLUST-LOT-03,W03,1,-12,1,10,2.26,1.84,2078.52
CLUST-LOT-03,W03,1,-11,1,10,2.37,1.81,2133.67
CLUST-LOT-03,W03,1,-10,1,10,3.02,1.82,2087.66
CLUST-LOT-03,W03,1,-9,1,11,2.18,1.85,2098.49
CLUST-LOT-03,W03,1,-8,1,10,2.82,1.83,2111.21
CLUST-LOT-03,W03,1,-7,1,10,2.45,1.79,2084.6
CLUST-LOT-03,W03,1,-6,1,10,2.72,1.76,2121.88
CLUST-LOT-03,W03,1,-5,1,10,2.54,1.8,2123.7
CLUST-LOT-03,W03,1,-4,1,10,2.72,1.81,2090.74
CLUST-LOT-03,W03,1,-3,2,21,3.23,1.81,2091.86
CLUST-LOT-03,W03,1,-2,1,10,2.8,1.79,2084.35
CLUST-LOT-03,W03,1,-1,1,10,2.64,1.81,2114.78
CLUST-LOT-03,W03,1,0,2,21,3.28,1.83,2094.75
CLUST-LOT-03,W03,1,1,2,23,2.7,1.8,2139.02
CLUST-LOT-03,W03,1,2,1,10,2.7,1.77,2077.74
CLUST-LOT-03,W03,1,3,1,10,2.39,1.75,2127.76
CLUST-LOT-03,W03,1,4,1,10,2.86,1.82,2069.25
CLUST-LOT-03,W03,1,5,1,10,2.78,1.78,2057.43
CLUST-LOT-03,W03,1,6,1,10,2.93,1.82,2068.12
CLUST-LOT-03,W03,1,7,1,10,2.6,1.76,2073.17
CLUST-LOT-03,W03,1,8,1,10,2.81,1.8,2083.85
CLUST-LOT-03,W03,1,9,1,10,3.14,1.8,2101.9
CLUST-LOT-03,W03,1,10,1,10,2.57,1.74,2041.48
CLUST-LOT-03,W03,1,11,1,10,3.07,1.8,2080.5
CLUST-LOT-03,W03,1,12,1,10,2.93,1.83,2092.73
CLUST-LOT-03,W03,1,13,1,10,3.07,1.8,2130.91
CLUST-LOT-03,W03,1,14,1,10,2.71,1.75,2079.1
CLUST-LOT-03,W03,1,15,1,10,2.94,1.79,2109.37
CLUST-LOT-03,W03,1,16,1,10,2.18,1.8,2075.64
CLUST-LOT-03,W03,1,17,1,10,3.31,1.82,2134.45
CLUST-LOT-03,W03,1,18,1,10,2.66,1.81,2109.93
CLUST-LOT-03,W03,1,19,1,10,2.76,1.8,2086.1
CLUST-LOT-03,W03,2,-19,1,10,2.6,1.83,2115.92
CLUST-LOT-03,W03,2,-18,1,10,2.8,1.8,2072.57
CLUST-LOT-03,W03,2,-17,1,10,3.11,1.8,2066.71
CLUST-LOT-03,W03,2,-16,1,10,2.64,1.82,2100.8
CLUST-LOT-03,W03,2,-15,1,11,2.84,1.8,2122.52
CLUST-LOT-03,W03,2,-14,1,10,2.67,1.77,2081.77
CLUST-LOT-03,W03,2,-13,1,10,2.69,1.82,2095.89
CLUST-LOT-03,W03,2,-12,1,10,2.54,1.79,2123.15
CLUST-LOT-03,W03,2,-11,1,10,2.5,1.79,2109.74
CLUST-LOT-03,W03,2,-10,1,10,3.02,1.83,2120.79
CLUST-LOT-03,W03,2,-9,1,10,2.64,1.73,2078.72
CLUST-LOT-03,W03,2,-8,1,10,3.03,1.76,2097.29
CLUST-LOT-03,W03,2,-7,1,10,3.2,1.82,2128.12
CLUST-LOT-03,W03,2,-6,1,10,3.38,1.77,2128.07
CLUST-LOT-03,W03,2,-5,1,10,2.21,1.78,2063.22
CLUST-LOT-03,W03,2,-4,1,10,2.73,1.81,2104.68
CLUST-LOT-03,W03,2,-3,1,10,2.47,1.8,2133.15
CLUST-LOT-03,W03,2,-2,3,32,2.5,1.82,2057.93
CLUST-LOT-03,W03,2,-1,2,21,2.6,1.83,2114.17
CLUST-LOT-03,W03,2,0,1,10,3.09,1.83,2121.35
CLUST-LOT-03,W03,2,1,2,21,2.69,1.82,2129.78
CLUST-LOT-03,W03,2,2,1,11,3.16,1.78,2054.98
CLUST-LOT-03,W03,2,3,1,10,2.69,1.84,2083.33
CLUST-LOT-03,W03,2,4,1,10,2.61,1.82,2037.14
CLUST-LOT-03,W03,2,5,1,10,3.05,1.73,2109.79
CLUST-LOT-03,W03,2,6,1,10,2.91,1.82,2126.71
CLUST-LOT-03,W03,2,7,1,10,2.95,1.78,2050.86
CLUST-LOT-03,W03,2,8,1,10,3.52,1.71,2070.14
CLUST-LOT-03,W03,2,9,1,10,3.08,1.82,2069.59
CLUST-LOT-03,W03,2,10,1,10,2.97,1.83,2076.08
CLUST-LOT-03,W03,2,11,1,10,2.68,1.78,2093.99
CLUST-LOT-03,W03,2,12,2,23,2.75,1.81,2112.77
CLUST-LOT-03,W03,2,13,1,11,2.46,1.79,2117.87
CLUST-LOT-03,W03,2,14,1,10,2.48,1.77,2089.98
CLUST-LOT-03,W03,2,15,1,10,2.99,1.81,2081.59
CLUST-LOT-03,W03,2,16,1,10,2.45,1.8,2109.97
CLUST-LOT-03,W03,2,17,1,10,2.4,1.78,2100.58
CLUST-LOT-03,W03,2,18,1,10,2.79,1.83,2086.02
CLUST-LOT-03,W03,2,19,1,10,2.72,1.83,2112.94
CLUST-LOT-03,W03,3,-19,1,10,2.59,1.8,2099.69
CLUST-LOT-03,W03,3,-18,1,10,3.01,1.77,2083.27
CLUST-LOT-03,W03,3,-17,1,11,2.76,1.8,2096.94
CLUST-LOT-03,W03,3,-16,1,10,2.12,1.77,2119.04
CLUST-LOT-03,W03,3,-15,1,10,3.08,1.82,2072.03
CLUST-LOT-03,W03,3,-14,1,10,3.24,1.84,2039.38
CLUST-LOT-03,W03,3,-13,1,10,3.35,1.76,2110.52
CLUST-LOT-03,W03,3,-12,1,10,3.18,1.79,2085.77
CLUST-LOT-03,W03,3,-11,1,11,2.65,1.84,2096.72
CLUST-LOT-03,W03,3,-10,1,10,2.93,1.78,2125.02
CLUST-LOT-03,W03,3,-9,1,10,3.8,1.82,2094.14
CLUST-LOT-03,W03,3,-8,1,10,2.53,1.82,2075.34
CLUST-LOT-03,W03,3,-7,1,10,3.15,1.81,2128.8
CLUST-LOT-03,W03,3,-6,1,10,2.58,1.81,2106.73
CLUST-LOT-03,W03,3,-5,2,21,2.72,1.78,2074.06
CLUST-LOT-03,W03,3,-4,3,32,1.83,1.82,2099.03
CLUST-LOT-03,W03,3,-3,2,23,2.54,1.78,2112.25
CLUST-LOT-03,W03,3,-2,1,10,2.41,1.77,2096.22
CLUST-LOT-03,W03,3,-1,2,21,2.47,1.81,2094.15
CLUST-LOT-03,W03,3,0,1,10,2.84,1.81,2115.72
CLUST-LOT-03,W03,3,1,1,10,2.75,1.75,2105.86
CLUST-LOT-03,W03,3,2,1,10,2.55,1.82,2112.83
CLUST-LOT-03,W03,3,3,1,10,3.53,1.8,2100.98
CLUST-LOT-03,W03,3,4,1,10,2.73,1.74,2089.46
CLUST-LOT-03,W03,3,5,1,10,2.71,1.78,2077.48
CLUST-LOT-03,W03,3,6,1,10,2.86,1.79,2099.69
CLUST-LOT-03,W03,3,7,1,10,2.85,1.84,2080.89
CLUST-LOT-03,W03,3,8,1,10,2.64,1.79,2096.43
CLUST-LOT-03,W03,3,9,1,11,2.56,1.72,2161.15
CLUST-LOT-03,W03,3,10,1,10,3.04,1.78,2095.51
CLUST-LOT-03,W03,3,11,1,10,2.7,1.78,2101.63
CLUST-LOT-03,W03,3,12,1,10,2.96,1.83,2105.45
CLUST-LOT-03,W03,3,13,1,10,2.84,1.83,2107.8
CLUST-LOT-03,W03,3,14,1,10,3.1,1.77,2124.25
CLUST-LOT-03,W03,3,15,1,10,2.11,1.77,2117.04
CLUST-LOT-03,W03,3,16,1,10,2.58,1.76,2068.11
CLUST-LOT-03,W03,3,17,1,10,2.93,1.78,2116.18
CLUST-LOT-03,W03,3,18,1,10,2.5,1.79,2124.82
CLUST-LOT-03,W03,3,19,1,10,2.25,1.76,2109.74
CLUST-LOT-03,W03,4,-18,1,10,3.08,1.82,2101.56
CLUST-LOT-03,W03,4,-17,2,23,2.33,1.77,2101.57
CLUST-LOT-03,W03,4,-16,1,10,3.08,1.76,2115.49
CLUST-LOT-03,W03,4,-15,1,10,2.61,1.86,2145.96
CLUST-LOT-03,W03,4,-14,1,10,2.58,1.75,2109.25
CLUST-LOT-03,W03,4,-13,1,10,3.28,1.79,2100.55
CLUST-LOT-03,W03,4,-12,1,10,2.6,1.75,2128.95
CLUST-LOT-03,W03,4,-11,1,10,2.44,1.8,2134.62
CLUST-LOT-03,W03,4,-10,1,11,3.01,1.8,2099.9
CLUST-LOT-03,W03,4,-9,1,10,2.86,1.77,2103.04
CLUST-LOT-03,W03,4,-8,1,10,2.63,1.78,2103.14
CLUST-LOT-03,W03,4,-7,1,10,2.99,1.76,2111.31
CLUST-LOT-03,W03,4,-6,1,10,3.18,1.84,2073.04
CLUST-LOT-03,W03,4,-5,1,10,2.79,1.83,2096.33
CLUST-LOT-03,W03,4,-4,1,10,2.41,1.82,2089.33
CLUST-LOT-03,W03,4,-3,1,10,2.55,1.79,2084.2
CLUST-LOT-03,W03,4,-2,1,10,2.56,1.83,2108.24
CLUST-LOT-03,W03,4,-1,1,11,2.72,1.82,2130.5
CLUST-LOT-03,W03,4,0,2,23,3.36,1.8,2101.31
CLUST-LOT-03,W03,4,1,1,10,2.25,1.82,2130.27
CLUST-LOT-03,W03,4,2,1,10,2.02,1.78,2108.3
CLUST-LOT-03,W03,4,3,1,10,2.7,1.83,2058.14
CLUST-LOT-03,W03,4,4,1,10,2.49,1.76,2114.72
CLUST-LOT-03,W03,4,5,1,10,2.59,1.88,2104.08
CLUST-LOT-03,W03,4,6,1,10,2.61,1.73,2108.97
CLUST-LOT-03,W03,4,7,1,10,2.73,1.77,2112.37
CLUST-LOT-03,W03,4,8,1,10,2.9,1.76,2115.6
CLUST-LOT-03,W03,4,9,1,10,2.41,1.78,2066.72
CLUST-LOT-03,W03,4,10,1,10,2.54,1.77,2053.89
CLUST-LOT-03,W03,4,11,1,10,2.93,1.78,2101.94
CLUST-LOT-03,W03,4,12,1,10,2.54,1.85,2165.82
CLUST-LOT-03,W03,4,13,1,10,2.68,1.87,2093.25
CLUST-LOT-03,W03,4,14,1,10,2.76,1.8,2092.12
CLUST-LOT-03,W03,4,15,1,10,2.79,1.77,2091.69
CLUST-LOT-03,W03,4,16,1,10,2.83,1.8,2104.67
CLUST-LOT-03,W03,4,17,1,10,2.25,1.81,2139.52
CLUST-LOT-03,W03,4,18,1,10,2.53,1.83,2096.76
CLUST-LOT-03,W03,5,-18,1,10,2.8,1.77,2096.06
CLUST-LOT-03,W03,5,-17,1,10,2.53,1.82,2072.7
CLUST-LOT-03,W03,5,-16,1,10,3.43,1.82,2090.12
CLUST-LOT-03,W03,5,-15,1,10,2.58,1.83,2089.63
CLUST-LOT-03,W03,5,-14,1,10,2.66,1.83,2112.59
CLUST-LOT-03,W03,5,-13,1,10,3.28,1.87,2098.1
CLUST-LOT-03,W03,5,-12,1,10,3.35,1.79,2113.47
CLUST-LOT-03,W03,5,-11,1,10,2.97,1.81,2124.13
CLUST-LOT-03,W03,5,-10,1,10,3.43,1.77,2090.19
CLUST-LOT-03,W03,5,-9,1,10,3.05,1.85,2118.75
CLUST-LOT-03,W03,5,-8,1,10,3.1,1.8,2059.79
CLUST-LOT-03,W03,5,-7,1,10,2.48,1.85,2108.39
CLUST-LOT-03,W03,5,-6,1,10,2.58,1.75,2113.14
CLUST-LOT-03,W03,5,-5,1,10,2.45,1.79,2077.5
CLUST-LOT-03,W03,5,-4,1,10,2.77,1.82,2086.44
CLUST-LOT-03,W03,5,-3,1,10,2.51,1.78,2091.05
CLUST-LOT-03,W03,5,-2,1,10,2.65,1.79,2120.26
CLUST-LOT-03,W03,5,-1,1,10,2.72,1.78,2110.33
CLUST-LOT-03,W03,5,0,1,10,2.78,1.86,2092.75
CLUST-LOT-03,W03,5,1,1,10,2.3,1.8,2068.8
CLUST-LOT-03,W03,5,2,1,10,2.52,1.82,2091.49
CLUST-LOT-03,W03,5,3,1,10,2.95,1.82,2109.87
CLUST-LOT-03,W03,5,4,1,10,3.01,1.77,2037.49
CLUST-LOT-03,W03,5,5,1,10,2.14,1.77,2115.41
CLUST-LOT-03,W03,5,6,1,10,2.51,1.79,2089.93
CLUST-LOT-03,W03,5,7,1,10,2.76,1.79,2085.49
CLUST-LOT-03,W03,5,8,1,10,2.37,1.79,2110.33
CLUST-LOT-03,W03,5,9,1,10,2.97,1.83,2062.9
CLUST-LOT-03,W03,5,10,1,10,2.95,1.84,2142.87
CLUST-LOT-03,W03,5,11,1,10,2.62,1.8,2124.92
CLUST-LOT-03,W03,5,12,1,10,2.93,1.8,2114.28
CLUST-LOT-03,W03,5,13,1,10,3.41,1.81,2110.51
CLUST-LOT-03,W03,5,14,1,10,2.52,1.83,2102.43
CLUST-LOT-03,W03,5,15,1,10,2.5,1.8,2133.35
CLUST-LOT-03,W03,5,16,1,10,3.46,1.83,2100.9
CLUST-LOT-03,W03,5,17,3,32,2.65,1.83,2089.46
CLUST-LOT-03,W03,5,18,1,10,2.72,1.84,2117.47
CLUST-LOT-03,W03,6,-18,1,10,2.51,1.76,2108.69
CLUST-LOT-03,W03,6,-17,1,10,3.33,1.8,2081.36
CLUST-LOT-03,W03,6,-16,1,10,2.59,1.8,2119.03
CLUST-LOT-03,W03,6,-15,1,10,2.44,1.81,2104.17
CLUST-LOT-03,W03,6,-14,1,10,2.12,1.81,2101.53
CLUST-LOT-03,W03,6,-13,1,10,2.8,1.78,2092.1
CLUST-LOT-03,W03,6,-12,1,10,2.78,1.81,2120.26
CLUST-LOT-03,W03,6,-11,1,10,3.11,1.77,2069.59
CLUST-LOT-03,W03,6,-10,1,10,3.46,1.8,2133.91
CLUST-LOT-03,W03,6,-9,1,10,2.79,1.77,2075.36
CLUST-LOT-03,W03,6,-8,1,10,2.83,1.83,2064.74
CLUST-LOT-03,W03,6,-7,1,10,2.76,1.77,2102.83
CLUST-LOT-03,W03,6,-6,1,10,2.43,1.83,2107.78
CLUST-LOT-03,W03,6,-5,1,11,2.92,1.74,2097.53
CLUST-LOT-03,W03,6,-4,1,10,3.17,1.77,2087.24
CLUST-LOT-03,W03,6,-3,1,10,2.06,1.77,2115.84
CLUST-LOT-03,W03,6,-2,1,10,2.47,1.81,2110.75
CLUST-LOT-03,W03,6,-1,1,10,2.87,1.8,2096.72
CLUST-LOT-03,W03,6,0,1,10,2.53,1.82,2103.88
CLUST-LOT-03,W03,6,1,1,10,3.47,1.77,2075.17
CLUST-LOT-03,W03,6,2,1,10,3.21,1.8,2078.39
CLUST-LOT-03,W03,6,3,1,10,2.6,1.8,2125.09
CLUST-LOT-03,W03,6,4,1,10,2.96,1.76,2104.38
CLUST-LOT-03,W03,6,5,1,10,2.61,1.81,2119.6
CLUST-LOT-03,W03,6,6,1,10,2.78,1.82,2075.97
CLUST-LOT-03,W03,6,7,1,10,2.8,1.82,2093.92
CLUST-LOT-03,W03,6,8,1,10,3.07,1.79,2116.36
CLUST-LOT-03,W03,6,9,1,10,3.12,1.8,2123.68
CLUST-LOT-03,W03,6,10,1,10,2.69,1.8,2129.32
CLUST-LOT-03,W03,6,11,1,10,2.84,1.79,2085.19
CLUST-LOT-03,W03,6,12,1,10,2.85,1.77,2070.27
CLUST-LOT-03,W03,6,13,1,10,2.77,1.82,2070.65
CLUST-LOT-03,W03,6,14,1,10,2.88,1.8,2120.46
CLUST-LOT-03,W03,6,15,1,10,2.88,1.77,2107.83
CLUST-LOT-03,W03,6,16,1,10,3.09,1.76,2076.71
CLUST-LOT-03,W03,6,17,1,10,3.43,1.78,2103.53
CLUST-LOT-03,W03,6,18,1,10,2.25,1.83,2074.45
CLUST-LOT-03,W03,7,-17,1,10,2.86,1.83,2078.03
CLUST-LOT-03,W03,7,-16,1,10,2.39,1.8,2080.93
CLUST-LOT-03,W03,7,-15,1,10,3.66,1.79,2126.08
CLUST-LOT-03,W03,7,-14,1,10,2.27,1.82,2078.63
CLUST-LOT-03,W03,7,-13,1,10,2.63,1.78,2131.3
CLUST-LOT-03,W03,7,-12,3,32,3.04,1.78,2073.08
CLUST-LOT-03,W03,7,-11,1,10,2.63,1.78,2129.61
CLUST-LOT-03,W03,7,-10,1,10,3.3,1.81,2101.87
CLUST-LOT-03,W03,7,-9,1,10,2.24,1.77,2086.17
CLUST-LOT-03,W03,7,-8,1,10,2.95,1.74,2097.24
CLUST-LOT-03,W03,7,-7,1,10,2.79,1.83,2089.04
CLUST-LOT-03,W03,7,-6,1,10,3.25,1.81,2066.92
CLUST-LOT-03,W03,7,-5,1,10,2.81,1.79,2109.43
CLUST-LOT-03,W03,7,-4,1,10,3.21,1.79,2094.18
CLUST-LOT-03,W03,7,-3,1,10,2.29,1.82,2090.27
CLUST-LOT-03,W03,7,-2,1,10,2.41,1.78,2100.21
CLUST-LOT-03,W03,7,-1,1,10,2.75,1.77,2101.87
CLUST-LOT-03,W03,7,0,1,10,2.92,1.81,2117.04
CLUST-LOT-03,W03,7,1,1,10,2.18,1.8,2108.65
CLUST-LOT-03,W03,7,2,1,10,3.05,1.81,2091.82
CLUST-LOT-03,W03,7,3,1,10,2.66,1.86,2073.74
CLUST-LOT-03,W03,7,4,1,10,2.63,1.75,2065.96
CLUST-LOT-03,W03,7,5,1,10,3.26,1.79,2132.07
CLUST-LOT-03,W03,7,6,1,10,2.7,1.78,2077.63
CLUST-LOT-03,W03,7,7,1,10,3.07,1.85,2093.17
CLUST-LOT-03,W03,7,8,1,10,3,1.81,2089.04
CLUST-LOT-03,W03,7,9,1,10,2.84,1.83,2092.71
CLUST-LOT-03,W03,7,10,1,10,2.63,1.8,2099.08
CLUST-LOT-03,W03,7,11,1,10,2.78,1.82,2074.55
CLUST-LOT-03,W03,7,12,1,10,3.05,1.8,2136.97
CLUST-LOT-03,W03,7,13,1,10,2.79,1.8,2099.65
CLUST-LOT-03,W03,7,14,1,10,2.61,1.77,2089.87
CLUST-LOT-03,W03,7,15,2,21,3.02,1.74,2087.09
CLUST-LOT-03,W03,7,16,1,10,1.95,1.84,2115.33
CLUST-LOT-03,W03,7,17,1,11,2.62,1.85,2072.5
CLUST-LOT-03,W03,8,-17,1,10,2.75,1.82,2101.45
CLUST-LOT-03,W03,8,-16,1,11,2.98,1.83,2061.39
CLUST-LOT-03,W03,8,-15,1,10,3.2,1.8,2124.83
CLUST-LOT-03,W03,8,-14,1,10,2.67,1.8,2084.26
CLUST-LOT-03,W03,8,-13,1,10,2.71,1.79,2112.98
CLUST-LOT-03,W03,8,-12,1,10,2.74,1.81,2079.65
CLUST-LOT-03,W03,8,-11,1,10,3.25,1.77,2108.43
CLUST-LOT-03,W03,8,-10,1,10,2.49,1.8,2098.47
CLUST-LOT-03,W03,8,-9,1,11,2.68,1.79,2103.43
CLUST-LOT-03,W03,8,-8,1,10,3.29,1.8,2110.29
CLUST-LOT-03,W03,8,-7,1,10,2.51,1.8,2124.9
CLUST-LOT-03,W03,8,-6,1,10,3.13,1.78,2172.79
CLUST-LOT-03,W03,8,-5,1,10,2.1,1.84,2086.78
CLUST-LOT-03,W03,8,-4,1,10,2.72,1.8,2155.95
CLUST-LOT-03,W03,8,-3,1,11,2.58,1.78,2106.99
CLUST-LOT-03,W03,8,-2,1,10,3.01,1.8,2107.14
CLUST-LOT-03,W03,8,-1,1,10,2.27,1.8,2143.75
CLUST-LOT-03,W03,8,0,1,10,2.2,1.81,2094.32
CLUST-LOT-03,W03,8,1,1,10,2.97,1.81,2096.45
CLUST-LOT-03,W03,8,2,1,10,3.03,1.79,2085.8
CLUST-LOT-03,W03,8,3,1,10,3.41,1.79,2145.78
CLUST-LOT-03,W03,8,4,1,10,2.41,1.8,2070.12
CLUST-LOT-03,W03,8,5,1,10,2.78,1.78,2152.32
CLUST-LOT-03,W03,8,6,1,10,2.75,1.79,2101.88
CLUST-LOT-03,W03,8,7,1,10,2.02,1.8,2091.32
CLUST-LOT-03,W03,8,8,1,10,3.03,1.81,2117.54
CLUST-LOT-03,W03,8,9,1,10,2.61,1.8,2092.43
CLUST-LOT-03,W03,8,10,1,10,3.04,1.83,2129.31
CLUST-LOT-03,W03,8,11,1,10,3.41,1.79,2092.93
CLUST-LOT-03,W03,8,12,1,10,2.82,1.8,2128.12
CLUST-LOT-03,W03,8,13,1,11,2.18,1.84,2085.68
CLUST-LOT-03,W03,8,14,1,10,3.23,1.85,2113.29
CLUST-LOT-03,W03,8,15,1,10,2.95,1.81,2080.04
CLUST-LOT-03,W03,8,16,1,10,2.55,1.82,2092.4
CLUST-LOT-03,W03,8,17,1,10,2.72,1.81,2120.32
CLUST-LOT-03,W03,9,-17,1,10,2.03,1.81,2099.82
CLUST-LOT-03,W03,9,-16,1,10,2.5,1.8,2125.09
CLUST-LOT-03,W03,9,-15,1,10,2.75,1.8,2095.55
CLUST-LOT-03,W03,9,-14,1,10,2.83,1.8,2120.06
CLUST-LOT-03,W03,9,-13,1,10,3.17,1.85,2078.6
CLUST-LOT-03,W03,9,-12,1,10,2.83,1.76,2073.43
CLUST-LOT-03,W03,9,-11,1,10,2.92,1.77,2081.48
CLUST-LOT-03,W03,9,-10,1,10,2.76,1.83,2105.08
CLUST-LOT-03,W03,9,-9,1,10,3.13,1.78,2071.36
CLUST-LOT-03,W03,9,-8,1,10,3.24,1.88,2046.75
CLUST-LOT-03,W03,9,-7,1,10,3.31,1.83,2105.73
CLUST-LOT-03,W03,9,-6,1,10,3.49,1.78,2097.36
CLUST-LOT-03,W03,9,-5,1,10,3.06,1.77,2110.75
CLUST-LOT-03,W03,9,-4,1,10,2.16,1.81,2084.79
CLUST-LOT-03,W03,9,-3,1,10,3.45,1.82,2117.75
CLUST-LOT-03,W03,9,-2,1,11,3.11,1.78,2085.76
CLUST-LOT-03,W03,9,-1,1,10,2.78,1.8,2087.48
CLUST-LOT-03,W03,9,0,1,10,2.46,1.82,2083.84
CLUST-LOT-03,W03,9,1,1,10,2.36,1.81,2119.88
CLUST-LOT-03,W03,9,2,1,10,2.84,1.82,2094.99
CLUST-LOT-03,W03,9,3,1,10,2.31,1.82,2085.63
CLUST-LOT-03,W03,9,4,1,11,2.91,1.81,2111.78
CLUST-LOT-03,W03,9,5,1,10,2.6,1.76,2087.82
CLUST-LOT-03,W03,9,6,1,10,2.84,1.85,2066.33
CLUST-LOT-03,W03,9,7,1,10,2.57,1.76,2089.03
CLUST-LOT-03,W03,9,8,1,10,2.94,1.81,2107.25
CLUST-LOT-03,W03,9,9,1,10,2.5,1.85,2119.9
CLUST-LOT-03,W03,9,10,1,10,2.91,1.77,2095.93
CLUST-LOT-03,W03,9,11,1,10,2.5,1.75,2090.99
CLUST-LOT-03,W03,9,12,1,10,2.42,1.76,2081.34
CLUST-LOT-03,W03,9,13,1,10,3.12,1.79,2112.42
CLUST-LOT-03,W03,9,14,1,10,2.66,1.75,2109.75
CLUST-LOT-03,W03,9,15,1,10,2.87,1.76,2122.04
CLUST-LOT-03,W03,9,16,1,10,2.97,1.82,2090.75
CLUST-LOT-03,W03,9,17,1,10,2.99,1.82,2092.93
CLUST-LOT-03,W03,10,-16,1,10,2.54,1.85,2104.61
CLUST-LOT-03,W03,10,-15,1,10,3.3,1.86,2102.48
CLUST-LOT-03,W03,10,-14,1,10,2.97,1.78,2117.47
CLUST-LOT-03,W03,10,-13,1,11,2.81,1.83,2094.97
CLUST-LOT-03,W03,10,-12,1,10,2.76,1.85,2133.62
CLUST-LOT-03,W03,10,-11,2,21,3.18,1.8,2137.37
CLUST-LOT-03,W03,10,-10,1,10,2.37,1.81,2090.79
CLUST-LOT-03,W03,10,-9,1,10,2.7,1.82,2088.48
CLUST-LOT-03,W03,10,-8,1,10,2.43,1.8,2067.01
CLUST-LOT-03,W03,10,-7,1,10,2.97,1.8,2129.83
CLUST-LOT-03,W03,10,-6,1,10,2.43,1.83,2104.89
CLUST-LOT-03,W03,10,-5,1,10,2.94,1.78,2123.21
CLUST-LOT-03,W03,10,-4,1,11,2.25,1.83,2047.56
CLUST-LOT-03,W03,10,-3,1,10,2.86,1.82,2103.97
CLUST-LOT-03,W03,10,-2,1,10,2.37,1.78,2079.84
CLUST-LOT-03,W03,10,-1,1,10,2.71,1.8,2091.8
CLUST-LOT-03,W03,10,0,1,10,2.5,1.79,2134.9
CLUST-LOT-03,W03,10,1,1,10,2.5,1.79,2129.17
CLUST-LOT-03,W03,10,2,1,10,2.78,1.88,2101.07
CLUST-LOT-03,W03,10,3,1,10,3.01,1.82,2079.12
CLUST-LOT-03,W03,10,4,1,10,3.03,1.76,2083.52
CLUST-LOT-03,W03,10,5,1,10,2.94,1.79,2122.88
CLUST-LOT-03,W03,10,6,1,10,3.03,1.78,2127.82
CLUST-LOT-03,W03,10,7,1,11,3.51,1.81,2099.1
CLUST-LOT-03,W03,10,8,1,10,2.65,1.78,2127.81
CLUST-LOT-03,W03,10,9,1,10,2.87,1.8,2082.47
CLUST-LOT-03,W03,10,10,1,10,2.51,1.84,2081.7
CLUST-LOT-03,W03,10,11,1,10,2.98,1.77,2105.93
CLUST-LOT-03,W03,10,12,1,11,3.05,1.8,2092.03
CLUST-LOT-03,W03,10,13,1,10,2.74,1.76,2084.29
CLUST-LOT-03,W03,10,14,1,10,3.2,1.77,2084.19
CLUST-LOT-03,W03,10,15,1,10,2.96,1.75,2072.3
CLUST-LOT-03,W03,10,16,1,10,2.91,1.83,2067.08
CLUST-LOT-03,W03,11,-15,1,10,3.25,1.78,2067.97
CLUST-LOT-03,W03,11,-14,1,10,2.4,1.81,2076.04
CLUST-LOT-03,W03,11,-13,1,10,2.52,1.84,2128.21
CLUST-LOT-03,W03,11,-12,1,10,2.91,1.81,2094.48
CLUST-LOT-03,W03,11,-11,1,10,3.14,1.79,2094.39
CLUST-LOT-03,W03,11,-10,1,10,3,1.78,2072.73
CLUST-LOT-03,W03,11,-9,1,10,2.7,1.79,2090.87
CLUST-LOT-03,W03,11,-8,1,10,2.94,1.82,2098.31
CLUST-LOT-03,W03,11,-7,1,10,2.79,1.82,2079.58
CLUST-LOT-03,W03,11,-6,1,10,2.65,1.83,2102.67
CLUST-LOT-03,W03,11,-5,1,10,2.83,1.83,2074.18
CLUST-LOT-03,W03,11,-4,1,10,2.49,1.79,2067.32
CLUST-LOT-03,W03,11,-3,1,10,3.06,1.8,2087.17
CLUST-LOT-03,W03,11,-2,1,10,2.85,1.81,2111.11
CLUST-LOT-03,W03,11,-1,1,10,2.4,1.77,2111.49
CLUST-LOT-03,W03,11,0,1,10,2.33,1.79,2129.25
CLUST-LOT-03,W03,11,1,1,10,3.6,1.81,2135.11
CLUST-LOT-03,W03,11,2,1,10,2.7,1.82,2123.44
CLUST-LOT-03,W03,11,3,1,10,3.11,1.79,2129.6
CLUST-LOT-03,W03,11,4,1,10,2.51,1.8,2125.05
CLUST-LOT-03,W03,11,5,1,10,2.85,1.82,2094.78
CLUST-LOT-03,W03,11,6,1,10,3.02,1.81,2112.24
CLUST-LOT-03,W03,11,7,1,10,3.11,1.8,2088.72
CLUST-LOT-03,W03,11,8,1,10,2.88,1.83,2048.98
CLUST-LOT-03,W03,11,9,1,10,2.57,1.79,2091.62
CLUST-LOT-03,W03,11,10,1,10,2.6,1.8,2127.51
CLUST-LOT-03,W03,11,11,1,10,2.89,1.78,2116.24
CLUST-LOT-03,W03,11,12,1,10,3.06,1.8,2113.88
CLUST-LOT-03,W03,11,13,1,11,2.84,1.8,2121.61
CLUST-LOT-03,W03,11,14,1,11,3.15,1.82,2089.25
CLUST-LOT-03,W03,11,15,1,10,3.04,1.77,2074.01
CLUST-LOT-03,W03,12,-15,1,10,2.7,1.82,2134.75
CLUST-LOT-03,W03,12,-14,1,10,3,1.84,2066.52
CLUST-LOT-03,W03,12,-13,1,10,2.52,1.77,2093.54
CLUST-LOT-03,W03,12,-12,1,10,2.43,1.77,2117.75
CLUST-LOT-03,W03,12,-11,1,10,3,1.8,2094.4
CLUST-LOT-03,W03,12,-10,1,10,3.1,1.83,2093.9
CLUST-LOT-03,W03,12,-9,1,11,2.41,1.82,2068.98
CLUST-LOT-03,W03,12,-8,1,10,3.24,1.86,2081.48
CLUST-LOT-03,W03,12,-7,1,10,3.12,1.83,2089.13
CLUST-LOT-03,W03,12,-6,1,10,1.75,1.84,2084.45
CLUST-LOT-03,W03,12,-5,1,10,2.84,1.82,2102.65
CLUST-LOT-03,W03,12,-4,1,10,2.43,1.8,2066.41
CLUST-LOT-03,W03,12,-3,1,10,2.64,1.78,2093.56
CLUST-LOT-03,W03,12,-2,1,10,3.41,1.82,2108.77
CLUST-LOT-03,W03,12,-1,1,10,3.33,1.79,2101.18
CLUST-LOT-03,W03,12,0,1,10,2.69,1.84,2095.72
CLUST-LOT-03,W03,12,1,1,10,2.26,1.81,2090.19
CLUST-LOT-03,W03,12,2,1,10,2.47,1.77,2093.55
CLUST-LOT-03,W03,12,3,1,10,2.13,1.84,2121.86
CLUST-LOT-03,W03,12,4,1,10,2.93,1.8,2121.38
CLUST-LOT-03,W03,12,5,1,10,2.74,1.84,2096.95
CLUST-LOT-03,W03,12,6,1,10,3.24,1.82,2091.85
CLUST-LOT-03,W03,12,7,1,10,3.1,1.84,2106.76
CLUST-LOT-03,W03,12,8,1,10,2.91,1.81,2135.16
CLUST-LOT-03,W03,12,9,1,10,2.76,1.82,2100.15
CLUST-LOT-03,W03,12,10,1,10,3.11,1.78,2108.23
CLUST-LOT-03,W03,12,11,1,11,3.07,1.81,2016.29
CLUST-LOT-03,W03,12,12,1,10,2.43,1.77,2108.71
CLUST-LOT-03,W03,12,13,1,10,2.88,1.8,2112.19
CLUST-LOT-03,W03,12,14,1,10,2.23,1.78,2072.93
CLUST-LOT-03,W03,12,15,1,10,2.78,1.83,2098.78
CLUST-LOT-03,W03,13,-14,1,10,2.87,1.77,2093.94
CLUST-LOT-03,W03,13,-13,1,10,2.91,1.82,2087.12
CLUST-LOT-03,W03,13,-12,1,10,2.77,1.82,2123.57
CLUST-LOT-03,W03,13,-11,1,10,2.96,1.77,2082.59
CLUST-LOT-03,W03,13,-10,1,10,2.97,1.84,2079.66
CLUST-LOT-03,W03,13,-9,1,10,3.19,1.8,2060.65
CLUST-LOT-03,W03,13,-8,1,11,2.38,1.76,2127.6
CLUST-LOT-03,W03,13,-7,1,10,2.2,1.82,2092.52
CLUST-LOT-03,W03,13,-6,1,10,2.58,1.82,2130.52
CLUST-LOT-03,W03,13,-5,1,10,2.26,1.78,2115.64
CLUST-LOT-03,W03,13,-4,1,10,2.28,1.86,2131.25
CLUST-LOT-03,W03,13,-3,1,10,2.2,1.74,2076.02
CLUST-LOT-03,W03,13,-2,1,10,2.69,1.82,2092.74
CLUST-LOT-03,W03,13,-1,1,10,3.01,1.83,2106.82
CLUST-LOT-03,W03,13,0,1,10,2.04,1.8,2131.4
CLUST-LOT-03,W03,13,1,1,10,2.45,1.8,2098.75
CLUST-LOT-03,W03,13,2,1,11,3.05,1.79,2055.7
CLUST-LOT-03,W03,13,3,1,10,2.78,1.81,2109.9
CLUST-LOT-03,W03,13,4,1,10,3.58,1.75,2079.93
CLUST-LOT-03,W03,13,5,1,10,3.09,1.82,2106.35
CLUST-LOT-03,W03,13,6,1,10,2.89,1.85,2080.74
CLUST-LOT-03,W03,13,7,1,10,3.16,1.76,2110.59
CLUST-LOT-03,W03,13,8,1,10,2.72,1.77,2100.7
CLUST-LOT-03,W03,13,9,1,10,3.38,1.76,2114.01
CLUST-LOT-03,W03,13,10,1,10,3.07,1.76,2084.97
CLUST-LOT-03,W03,13,11,1,10,2.43,1.78,2100.95
CLUST-LOT-03,W03,13,12,1,10,2.73,1.81,2092.35
CLUST-LOT-03,W03,13,13,1,10,2.65,1.82,2095.58
CLUST-LOT-03,W03,13,14,1,10,3.09,1.87,2132.88
CLUST-LOT-03,W03,14,-13,1,10,3.52,1.8,2102.32
CLUST-LOT-03,W03,14,-12,1,10,3.35,1.77,2118
CLUST-LOT-03,W03,14,-11,1,10,2.45,1.82,2080.94
CLUST-LOT-03,W03,14,-10,1,11,2.95,1.76,2146.64
CLUST-LOT-03,W03,14,-9,1,10,2.41,1.77,2093.31
CLUST-LOT-03,W03,14,-8,1,10,2.73,1.82,2071.44
CLUST-LOT-03,W03,14,-7,1,11,2.44,1.85,2105.02
CLUST-LOT-03,W03,14,-6,1,11,2.83,1.82,2111.9
CLUST-LOT-03,W03,14,-5,1,10,2.72,1.79,2077.81
CLUST-LOT-03,W03,14,-4,1,10,2.96,1.82,2106.16
CLUST-LOT-03,W03,14,-3,1,10,2.23,1.8,2101.42
CLUST-LOT-03,W03,14,-2,1,10,2.24,1.79,2157.05
CLUST-LOT-03,W03,14,-1,1,10,2.71,1.78,2088.24
CLUST-LOT-03,W03,14,0,1,10,2.44,1.79,2076.46
CLUST-LOT-03,W03,14,1,1,10,2.58,1.81,2102.63
CLUST-LOT-03,W03,14,2,1,10,2.73,1.82,2122.82
CLUST-LOT-03,W03,14,3,1,10,2.67,1.86,2108.72
CLUST-LOT-03,W03,14,4,1,10,3.42,1.8,2070.76
CLUST-LOT-03,W03,14,5,1,10,2.12,1.86,2089.37
CLUST-LOT-03,W03,14,6,1,10,2.29,1.82,2124.27
CLUST-LOT-03,W03,14,7,1,10,3,1.81,2128.46
CLUST-LOT-03,W03,14,8,1,10,2.5,1.82,2080
CLUST-LOT-03,W03,14,9,1,10,2.59,1.74,2092.61
CLUST-LOT-03,W03,14,10,1,10,2.58,1.78,2107.15
CLUST-LOT-03,W03,14,11,1,10,2.48,1.78,2059.62
CLUST-LOT-03,W03,14,12,1,10,3.18,1.79,2100.01
CLUST-LOT-03,W03,14,13,1,10,2.74,1.79,2127.76
CLUST-LOT-03,W03,15,-12,1,10,2.66,1.8,2136.26
CLUST-LOT-03,W03,15,-11,1,10,3.03,1.81,2084.23
CLUST-LOT-03,W03,15,-10,1,11,3.08,1.8,2072.19
CLUST-LOT-03,W03,15,-9,1,10,2.84,1.77,2167.07
CLUST-LOT-03,W03,15,-8,1,10,3.13,1.77,2090.92
CLUST-LOT-03,W03,15,-7,1,10,2.83,1.79,2114.61
CLUST-LOT-03,W03,15,-6,1,10,3.03,1.77,2103.59
CLUST-LOT-03,W03,15,-5,1,11,2.88,1.73,2092.82
CLUST-LOT-03,W03,15,-4,1,10,2.51,1.84,2086.3
CLUST-LOT-03,W03,15,-3,1,10,2.82,1.75,2121.37
CLUST-LOT-03,W03,15,-2,1,10,2.93,1.78,2134.29
CLUST-LOT-03,W03,15,-1,1,10,3.05,1.79,2115.9
CLUST-LOT-03,W03,15,0,1,10,2.93,1.79,2099.66
CLUST-LOT-03,W03,15,1,1,10,2.78,1.8,2118.02
CLUST-LOT-03,W03,15,2,1,10,2.39,1.82,2101.63
CLUST-LOT-03,W03,15,3,1,10,2.9,1.78,2087.82
CLUST-LOT-03,W03,15,4,1,10,2.79,1.82,2126.21
CLUST-LOT-03,W03,15,5,1,10,2.86,1.84,2127.82
CLUST-LOT-03,W03,15,6,1,10,2.79,1.82,2131.97
CLUST-LOT-03,W03,15,7,1,10,3.13,1.82,2096.51
CLUST-LOT-03,W03,15,8,1,10,2.08,1.76,2106.05
CLUST-LOT-03,W03,15,9,1,10,3.55,1.75,2091.89
CLUST-LOT-03,W03,15,10,1,10,2.93,1.79,2068.39
CLUST-LOT-03,W03,15,11,1,10,2.37,1.8,2098.72
CLUST-LOT-03,W03,15,12,1,10,2.18,1.78,2105.67
CLUST-LOT-03,W03,16,-10,1,10,2.7,1.8,2112.9
CLUST-LOT-03,W03,16,-9,2,21,2.06,1.8,2093.55
CLUST-LOT-03,W03,16,-8,1,10,3.08,1.75,2123.38
CLUST-LOT-03,W03,16,-7,1,10,2.38,1.82,2085.17
CLUST-LOT-03,W03,16,-6,1,10,2.67,1.81,2089.87
CLUST-LOT-03,W03,16,-5,1,10,3.36,1.76,2095.7
CLUST-LOT-03,W03,16,-4,1,10,2.98,1.74,2105.34
CLUST-LOT-03,W03,16,-3,1,10,2.93,1.79,2140.8
CLUST-LOT-03,W03,16,-2,1,10,3.01,1.74,2118.11
CLUST-LOT-03,W03,16,-1,1,10,2.41,1.81,2131.1
CLUST-LOT-03,W03,16,0,1,10,2.62,1.81,2086.87
CLUST-LOT-03,W03,16,1,1,10,2.47,1.79,2107.83
CLUST-LOT-03,W03,16,2,1,10,2.08,1.78,2095.3
CLUST-LOT-03,W03,16,3,1,11,2.68,1.79,2094.4
CLUST-LOT-03,W03,16,4,1,10,3.43,1.81,2121.12
CLUST-LOT-03,W03,16,5,1,10,2.78,1.8,2085.01
CLUST-LOT-03,W03,16,6,1,10,2.86,1.8,2123.55
CLUST-LOT-03,W03,16,7,1,10,3.5,1.77,2115.71
CLUST-LOT-03,W03,16,8,1,10,2.89,1.76,2141.7
CLUST-LOT-03,W03,16,9,1,10,3.1,1.8,2072.92
CLUST-LOT-03,W03,16,10,1,10,2.25,1.79,2111.87
CLUST-LOT-03,W03,17,-9,1,10,2.93,1.82,2106.3
CLUST-LOT-03,W03,17,-8,1,10,3.04,1.78,2111.9
CLUST-LOT-03,W03,17,-7,1,10,3.07,1.82,2122.99
CLUST-LOT-03,W03,17,-6,1,10,2.37,1.81,2133.34
CLUST-LOT-03,W03,17,-5,1,11,2.82,1.81,2080.47
CLUST-LOT-03,W03,17,-4,1,10,3.24,1.77,2094.78
CLUST-LOT-03,W03,17,-3,1,10,2.95,1.8,2076.57
CLUST-LOT-03,W03,17,-2,1,10,2.97,1.81,2097.67
CLUST-LOT-03,W03,17,-1,1,10,2.9,1.77,2092.74
CLUST-LOT-03,W03,17,0,1,10,2.9,1.83,2079.83
CLUST-LOT-03,W03,17,1,1,10,2.98,1.82,2093.97
CLUST-LOT-03,W03,17,2,1,10,2.81,1.78,2108.01
CLUST-LOT-03,W03,17,3,1,11,3.08,1.79,2101.36
CLUST-LOT-03,W03,17,4,1,10,3.13,1.78,2104.22
CLUST-LOT-03,W03,17,5,1,10,2.7,1.73,2112.11
CLUST-LOT-03,W03,17,6,1,10,3.17,1.8,2107.11
CLUST-LOT-03,W03,17,7,1,10,2.74,1.79,2113.1
CLUST-LOT-03,W03,17,8,1,10,2.18,1.83,2067.77
CLUST-LOT-03,W03,17,9,1,10,3.14,1.8,2079.03
CLUST-LOT-03,W03,18,-6,1,10,2.83,1.82,2094.42
CLUST-LOT-03,W03,18,-5,1,10,2.72,1.88,2098.55
CLUST-LOT-03,W03,18,-4,1,10,3.19,1.75,2068.41
CLUST-LOT-03,W03,18,-3,1,10,2.85,1.78,2082.9
CLUST-LOT-03,W03,18,-2,1,10,2.7,1.78,2068.98
CLUST-LOT-03,W03,18,-1,1,10,3.44,1.77,2098.73
CLUST-LOT-03,W03,18,0,1,10,2.52,1.78,2088.04
CLUST-LOT-03,W03,18,1,1,10,2.33,1.79,2112.39
CLUST-LOT-03,W03,18,2,1,10,3.06,1.77,2086.5
CLUST-LOT-03,W03,18,3,1,10,2.49,1.83,2098.86
CLUST-LOT-03,W03,18,4,1,10,2.92,1.83,2107.6
CLUST-LOT-03,W03,18,5,1,10,3.21,1.77,2091.13
CLUST-LOT-03,W03,18,6,1,10,2.48,1.78,2107.31
CLUST-LOT-03,W03,19,-3,1,10,3.21,1.81,2035.65
CLUST-LOT-03,W03,19,-2,1,10,2.67,1.83,2100.53
CLUST-LOT-03,W03,19,-1,1,10,2.44,1.81,2090.53
CLUST-LOT-03,W03,19,0,1,10,2.66,1.81,2081.17
CLUST-LOT-03,W03,19,1,1,10,2.99,1.81,2071.7
CLUST-LOT-03,W03,19,2,1,10,3.17,1.85,2111.35
CLUST-LOT-03,W03,19,3,1,10,3.09,1.77,2097.21
CLUST-LOT-03,W04,-19,-3,1,10,2.66,1.82,2096.89
CLUST-LOT-03,W04,-19,-2,1,10,3.36,1.66,2060.93
CLUST-LOT-03,W04,-19,-1,1,10,2.8,1.82,2075.11
CLUST-LOT-03,W04,-19,0,1,10,2.09,1.77,2124.97
CLUST-LOT-03,W04,-19,1,1,10,2.54,1.84,2073.84
CLUST-LOT-03,W04,-19,2,1,10,3.36,1.82,2115.96
CLUST-LOT-03,W04,-19,3,1,10,2.79,1.77,2117.57
CLUST-LOT-03,W04,-18,-6,1,10,2.99,1.82,2127.82
CLUST-LOT-03,W04,-18,-5,1,10,2.39,1.81,2119.45
CLUST-LOT-03,W04,-18,-4,1,10,3.38,1.74,2089.89
CLUST-LOT-03,W04,-18,-3,1,10,2.77,1.79,2097.08
CLUST-LOT-03,W04,-18,-2,1,10,2.99,1.84,2109.3
CLUST-LOT-03,W04,-18,-1,1,10,2.62,1.84,2113.52
CLUST-LOT-03,W04,-18,0,1,10,2.35,1.83,2076.46
CLUST-LOT-03,W04,-18,1,1,10,3.1,1.79,2125.22
CLUST-LOT-03,W04,-18,2,1,10,3.13,1.79,2107.67
CLUST-LOT-03,W04,-18,3,1,10,2.8,1.87,2063.57
CLUST-LOT-03,W04,-18,4,1,10,2.86,1.8,2148.1
CLUST-LOT-03,W04,-18,5,1,10,2.53,1.73,2120.67
CLUST-LOT-03,W04,-18,6,1,10,2.42,1.83,2111.92
CLUST-LOT-03,W04,-17,-9,1,10,2.64,1.77,2101.07
CLUST-LOT-03,W04,-17,-8,1,10,2.76,1.78,2090.43
CLUST-LOT-03,W04,-17,-7,1,10,3.4,1.8,2111.16
CLUST-LOT-03,W04,-17,-6,1,10,3.06,1.77,2125.68
CLUST-LOT-03,W04,-17,-5,1,10,3.11,1.77,2145.91
CLUST-LOT-03,W04,-17,-4,1,10,2.76,1.75,2096.36
CLUST-LOT-03,W04,-17,-3,1,10,3.58,1.83,2113.94
CLUST-LOT-03,W04,-17,-2,1,10,2.57,1.79,2099.36
CLUST-LOT-03,W04,-17,-1,1,10,3.07,1.84,2093.24
CLUST-LOT-03,W04,-17,0,1,10,3.25,1.81,2111.02
CLUST-LOT-03,W04,-17,1,1,10,2.39,1.78,2115.24
CLUST-LOT-03,W04,-17,2,1,10,2.1,1.83,2093.71
CLUST-LOT-03,W04,-17,3,1,10,2.32,1.77,2091.48
CLUST-LOT-03,W04,-17,4,1,10,3.06,1.81,2086.69
CLUST-LOT-03,W04,-17,5,1,10,2.81,1.79,2058.5
CLUST-LOT-03,W04,-17,6,1,10,2.43,1.84,2095.58
CLUST-LOT-03,W04,-17,7,1,10,2.95,1.74,2151.69
CLUST-LOT-03,W04,-17,8,1,10,2.35,1.77,2111.12
CLUST-LOT-03,W04,-17,9,1,10,2.77,1.81,2058.4
CLUST-LOT-03,W04,-16,-10,1,10,2.65,1.79,2092.93
CLUST-LOT-03,W04,-16,-9,1,10,3.23,1.86,2102.3
CLUST-LOT-03,W04,-16,-8,1,10,3.17,1.78,2124.4
CLUST-LOT-03,W04,-16,-7,1,10,2.62,1.77,2074.65
CLUST-LOT-03,W04,-16,-6,1,10,2.88,1.78,2073.15
CLUST-LOT-03,W04,-16,-5,1,10,2.83,1.81,2122.41
CLUST-LOT-03,W04,-16,-4,1,10,2.83,1.83,2075.33
CLUST-LOT-03,W04,-16,-3,1,10,2.48,1.82,2092.63
CLUST-LOT-03,W04,-16,-2,1,10,2.35,1.82,2107.54
CLUST-LOT-03,W04,-16,-1,1,10,2.88,1.75,2102.49
CLUST-LOT-03,W04,-16,0,1,10,3.6,1.8,2095.33
CLUST-LOT-03,W04,-16,1,1,10,2.28,1.76,2092.31
CLUST-LOT-03,W04,-16,2,1,10,2.1,1.79,2085.93
CLUST-LOT-03,W04,-16,3,1,10,3.61,1.83,2094.79
CLUST-LOT-03,W04,-16,4,1,10,2.62,1.77,2130.57
CLUST-LOT-03,W04,-16,5,1,10,2.78,1.79,2097.28
CLUST-LOT-03,W04,-16,6,1,10,3.07,1.83,2119.19
CLUST-LOT-03,W04,-16,7,1,10,3.24,1.86,2089.87
CLUST-LOT-03,W04,-16,8,1,10,2.78,1.8,2103.95
CLUST-LOT-03,W04,-16,9,1,10,2.96,1.81,2103.51
CLUST-LOT-03,W04,-16,10,1,10,2.71,1.85,2078.6
CLUST-LOT-03,W04,-15,-12,1,10,2.59,1.82,2098.03
CLUST-LOT-03,W04,-15,-11,1,10,3.27,1.84,2124.66
CLUST-LOT-03,W04,-15,-10,1,10,3.16,1.77,2112.28
CLUST-LOT-03,W04,-15,-9,1,10,2.87,1.8,2094.27
CLUST-LOT-03,W04,-15,-8,1,10,2.97,1.82,2101.79
CLUST-LOT-03,W04,-15,-7,1,10,2.14,1.79,2118.28
CLUST-LOT-03,W04,-15,-6,1,10,2.88,1.78,2071.81
CLUST-LOT-03,W04,-15,-5,1,10,2.25,1.81,2089.27
CLUST-LOT-03,W04,-15,-4,1,10,2.41,1.8,2078.51
CLUST-LOT-03,W04,-15,-3,1,10,2.77,1.8,2126.76
CLUST-LOT-03,W04,-15,-2,1,10,2.46,1.75,2110.95
CLUST-LOT-03,W04,-15,-1,1,10,3.13,1.83,2076.26
CLUST-LOT-03,W04,-15,0,1,11,2.77,1.8,2102.35
CLUST-LOT-03,W04,-15,1,1,10,3.21,1.77,2121.59
CLUST-LOT-03,W04,-15,2,1,10,2.97,1.81,2108.42
CLUST-LOT-03,W04,-15,3,1,10,3.16,1.74,2158.12
CLUST-LOT-03,W04,-15,4,1,10,3.15,1.8,2099.85
CLUST-LOT-03,W04,-15,5,1,10,2.54,1.79,2126.94
CLUST-LOT-03,W04,-15,6,1,10,2.97,1.79,2132.87
CLUST-LOT-03,W04,-15,7,1,10,2.78,1.82,2088.08
CLUST-LOT-03,W04,-15,8,1,10,2.86,1.82,2098.68
CLUST-LOT-03,W04,-15,9,1,10,2.88,1.79,2089.73
CLUST-LOT-03,W04,-15,10,1,10,2.63,1.81,2102.73
CLUST-LOT-03,W04,-15,11,1,10,2.97,1.78,2100.73
CLUST-LOT-03,W04,-15,12,1,10,2.63,1.84,2095.31
CLUST-LOT-03,W04,-14,-13,1,10,2.98,1.77,2088.01
CLUST-LOT-03,W04,-14,-12,1,10,2.99,1.78,2118.79
CLUST-LOT-03,W04,-14,-11,1,10,2.9,1.76,2133.58
CLUST-LOT-03,W04,-14,-10,1,10,2.42,1.77,2101.39
CLUST-LOT-03,W04,-14,-9,1,10,2.25,1.78,2073.97
CLUST-LOT-03,W04,-14,-8,1,10,2.46,1.8,2105.42
CLUST-LOT-03,W04,-14,-7,1,10,2.63,1.78,2109.91
CLUST-LOT-03,W04,-14,-6,1,10,2.62,1.82,2080.44
CLUST-LOT-03,W04,-14,-5,1,10,3.12,1.74,2091.55
CLUST-LOT-03,W04,-14,-4,1,10,2.73,1.77,2112.86
CLUST-LOT-03,W04,-14,-3,1,10,2.69,1.81,2061.81
CLUST-LOT-03,W04,-14,-2,1,10,3.13,1.83,2139.09
CLUST-LOT-03,W04,-14,-1,1,10,2.49,1.88,2089.39
CLUST-LOT-03,W04,-14,0,1,10,3.03,1.84,2114.06
CLUST-LOT-03,W04,-14,1,1,10,2.51,1.78,2076.99
CLUST-LOT-03,W04,-14,2,1,11,2.81,1.73,2091.59
CLUST-LOT-03,W04,-14,3,1,10,2.86,1.82,2051.47
CLUST-LOT-03,W04,-14,4,1,10,3.11,1.8,2065.58
CLUST-LOT-03,W04,-14,5,1,11,3.17,1.87,2102.43
CLUST-LOT-03,W04,-14,6,1,10,2.42,1.8,2123.48
CLUST-LOT-03,W04,-14,7,1,10,2.17,1.81,2061.34
CLUST-LOT-03,W04,-14,8,1,10,2.59,1.83,2116.34
CLUST-LOT-03,W04,-14,9,1,10,2.8,1.8,2084.19
CLUST-LOT-03,W04,-14,10,1,10,3.08,1.8,2117.5
CLUST-LOT-03,W04,-14,11,1,10,2.96,1.81,2131.17
CLUST-LOT-03,W04,-14,12,1,10,2.25,1.81,2086.88
CLUST-LOT-03,W04,-14,13,1,10,2.45,1.84,2077.51
CLUST-LOT-03,W04,-13,-14,1,10,3.21,1.81,2097.24
CLUST-LOT-03,W04,-13,-13,1,10,3.19,1.83,2093.82
CLUST-LOT-03,W04,-13,-12,1,10,2.74,1.79,2096.09
CLUST-LOT-03,W04,-13,-11,1,10,2.84,1.81,2088.37
CLUST-LOT-03,W04,-13,-10,1,10,2.95,1.79,2134.92
CLUST-LOT-03,W04,-13,-9,1,10,3.24,1.77,2121.37
CLUST-LOT-03,W04,-13,-8,1,10,2.75,1.87,2066.91
CLUST-LOT-03,W04,-13,-7,1,10,1.97,1.79,2120.42
CLUST-LOT-03,W04,-13,-6,1,10,2.92,1.78,2070.36
CLUST-LOT-03,W04,-13,-5,1,10,3.1,1.83,2078.92
CLUST-LOT-03,W04,-13,-4,1,10,2.46,1.78,2088.89
CLUST-LOT-03,W04,-13,-3,1,10,2.58,1.82,2059.79
CLUST-LOT-03,W04,-13,-2,1,10,2.46,1.82,2128.3
CLUST-LOT-03,W04,-13,-1,1,10,2.93,1.8,2072.95
CLUST-LOT-03,W04,-13,0,1,10,2.62,1.74,2118.8
CLUST-LOT-03,W04,-13,1,1,10,2.41,1.84,2101.25
CLUST-LOT-03,W04,-13,2,1,11,2.97,1.8,2098.94
CLUST-LOT-03,W04,-13,3,1,10,2.85,1.78,2071.93
CLUST-LOT-03,W04,-13,4,1,10,3.08,1.8,2117.99
CLUST-LOT-03,W04,-13,5,1,10,2.74,1.79,2101.3
CLUST-LOT-03,W04,-13,6,1,10,3,1.8,2127.03
CLUST-LOT-03,W04,-13,7,3,32,2.76,1.78,2076.77
CLUST-LOT-03,W04,-13,8,1,10,2.64,1.88,2060.99
CLUST-LOT-03,W04,-13,9,1,10,2.6,1.81,2110.22
CLUST-LOT-03,W04,-13,10,1,10,2.45,1.84,2119.09
CLUST-LOT-03,W04,-13,11,1,10,3.07,1.81,2088.76
CLUST-LOT-03,W04,-13,12,1,10,3,1.77,2093.77
CLUST-LOT-03,W04,-13,13,1,11,2.66,1.79,2103.04
CLUST-LOT-03,W04,-13,14,1,10,2.8,1.8,2129.22
CLUST-LOT-03,W04,-12,-15,1,10,2.91,1.82,2075.21
CLUST-LOT-03,W04,-12,-14,1,10,3.19,1.78,2089.86
CLUST-LOT-03,W04,-12,-13,1,10,2.68,1.84,2120.21
CLUST-LOT-03,W04,-12,-12,1,10,3.16,1.75,2082.81
CLUST-LOT-03,W04,-12,-11,1,10,2.73,1.83,2137.14
CLUST-LOT-03,W04,-12,-10,1,10,2.46,1.77,2083.27
CLUST-LOT-03,W04,-12,-9,1,10,2.52,1.81,2097.4
CLUST-LOT-03,W04,-12,-8,1,10,3.29,1.84,2099.44
CLUST-LOT-03,W04,-12,-7,1,10,2.9,1.78,2071.91
CLUST-LOT-03,W04,-12,-6,1,10,3.03,1.8,2104.7
CLUST-LOT-03,W04,-12,-5,1,10,3.38,1.79,2077.14
CLUST-LOT-03,W04,-12,-4,1,10,2.83,1.76,2093.98
CLUST-LOT-03,W04,-12,-3,1,10,2.57,1.81,2100.77
CLUST-LOT-03,W04,-12,-2,1,10,2.89,1.82,2097.38
CLUST-LOT-03,W04,-12,-1,1,11,3.08,1.81,2075.34
CLUST-LOT-03,W04,-12,0,1,10,3.12,1.8,2095.82
CLUST-LOT-03,W04,-12,1,1,10,3.13,1.77,2081
CLUST-LOT-03,W04,-12,2,1,10,2.68,1.77,2108.46
CLUST-LOT-03,W04,-12,3,1,10,2.71,1.83,2132.92
CLUST-LOT-03,W04,-12,4,1,10,2.67,1.82,2088.23
CLUST-LOT-03,W04,-12,5,1,10,2.71,1.84,2130.04
CLUST-LOT-03,W04,-12,6,1,10,2.71,1.77,2113.67
CLUST-LOT-03,W04,-12,7,1,10,3.45,1.81,2090.14
CLUST-LOT-03,W04,-12,8,1,10,2.4,1.82,2084.16
CLUST-LOT-03,W04,-12,9,1,10,2.63,1.88,2132.17
CLUST-LOT-03,W04,-12,10,1,10,2.36,1.8,2101.97
CLUST-LOT-03,W04,-12,11,1,10,2.84,1.8,2092.06
CLUST-LOT-03,W04,-12,12,1,10,2.68,1.81,2082.55
CLUST-LOT-03,W04,-12,13,1,10,2.66,1.82,2123.5
CLUST-LOT-03,W04,-12,14,1,10,2.46,1.81,2095.59
CLUST-LOT-03,W04,-12,15,1,10,2.93,1.81,2148.58
CLUST-LOT-03,W04,-11,-15,1,11,2.98,1.79,2088.36
CLUST-LOT-03,W04,-11,-14,1,10,2.9,1.83,2099.15
CLUST-LOT-03,W04,-11,-13,1,10,2.24,1.8,2099.59
CLUST-LOT-03,W04,-11,-12,1,10,2.77,1.84,2071.43
CLUST-LOT-03,W04,-11,-11,1,10,3.16,1.8,2074.52
CLUST-LOT-03,W04,-11,-10,1,10,3.25,1.8,2143.04
CLUST-LOT-03,W04,-11,-9,1,10,2.02,1.82,2080.63
CLUST-LOT-03,W04,-11,-8,1,10,2.67,1.85,2066.1
CLUST-LOT-03,W04,-11,-7,1,11,2.62,1.81,2117.94
CLUST-LOT-03,W04,-11,-6,1,10,2.87,1.78,2087.19
CLUST-LOT-03,W04,-11,-5,1,10,2.84,1.82,2102.93
CLUST-LOT-03,W04,-11,-4,1,10,3.02,1.86,2117.11
CLUST-LOT-03,W04,-11,-3,1,11,2.18,1.8,2100.94
CLUST-LOT-03,W04,-11,-2,1,11,3.66,1.79,2088.01
CLUST-LOT-03,W04,-11,-1,1,10,2.59,1.85,2094.61
CLUST-LOT-03,W04,-11,0,1,10,3.03,1.79,2079.75
CLUST-LOT-03,W04,-11,1,1,10,3.51,1.82,2091.96
CLUST-LOT-03,W04,-11,2,1,10,2.96,1.79,2082.38
CLUST-LOT-03,W04,-11,3,1,10,2.53,1.79,2104.29
CLUST-LOT-03,W04,-11,4,1,10,3.31,1.8,2102.53
CLUST-LOT-03,W04,-11,5,1,10,2.88,1.77,2090.94
CLUST-LOT-03,W04,-11,6,1,10,2.28,1.8,2126.71
CLUST-LOT-03,W04,-11,7,1,10,2.87,1.85,2083.46
CLUST-LOT-03,W04,-11,8,1,11,3.24,1.81,2160.22
CLUST-LOT-03,W04,-11,9,1,10,2.52,1.78,2121.82
CLUST-LOT-03,W04,-11,10,1,10,2.66,1.81,2125.49
CLUST-LOT-03,W04,-11,11,1,10,2.39,1.84,2077.36
CLUST-LOT-03,W04,-11,12,1,10,2.29,1.83,2112.49
CLUST-LOT-03,W04,-11,13,1,10,2.71,1.8,2116.94
CLUST-LOT-03,W04,-11,14,1,10,3.12,1.84,2075.87
CLUST-LOT-03,W04,-11,15,1,10,3.29,1.74,2107.42
CLUST-LOT-03,W04,-10,-16,1,10,2.46,1.8,2051.21
CLUST-LOT-03,W04,-10,-15,1,10,3.69,1.79,2106.72
CLUST-LOT-03,W04,-10,-14,1,10,2.64,1.79,2092.85
CLUST-LOT-03,W04,-10,-13,1,10,2.54,1.82,2040.41
CLUST-LOT-03,W04,-10,-12,1,10,2.22,1.84,2090.61
CLUST-LOT-03,W04,-10,-11,1,10,3.44,1.87,2101.52
CLUST-LOT-03,W04,-10,-10,1,10,2.44,1.81,2068.6
CLUST-LOT-03,W04,-10,-9,1,10,2.45,1.81,2105.07
CLUST-LOT-03,W04,-10,-8,1,10,1.9,1.79,2114.24
CLUST-LOT-03,W04,-10,-7,1,10,2.79,1.77,2092.03
CLUST-LOT-03,W04,-10,-6,1,10,2.94,1.78,2083.89
CLUST-LOT-03,W04,-10,-5,1,10,2.63,1.74,2122.77
CLUST-LOT-03,W04,-10,-4,1,10,3.2,1.8,2086.19
CLUST-LOT-03,W04,-10,-3,1,10,3.19,1.8,2100.77
CLUST-LOT-03,W04,-10,-2,1,10,2.83,1.83,2073.99
CLUST-LOT-03,W04,-10,-1,1,10,3.45,1.79,2137.21
CLUST-LOT-03,W04,-10,0,1,11,2.51,1.77,2110.31
CLUST-LOT-03,W04,-10,1,1,10,3.4,1.81,2115.77
CLUST-LOT-03,W04,-10,2,1,10,2.79,1.79,2095.37
CLUST-LOT-03,W04,-10,3,1,10,2.94,1.8,2114.41
CLUST-LOT-03,W04,-10,4,1,10,2.27,1.8,2135.12
CLUST-LOT-03,W04,-10,5,1,10,2.58,1.84,2114.65
CLUST-LOT-03,W04,-10,6,1,10,3.05,1.81,2059.58
CLUST-LOT-03,W04,-10,7,1,10,2.93,1.83,2059.92
CLUST-LOT-03,W04,-10,8,1,10,3.24,1.8,2096.68
CLUST-LOT-03,W04,-10,9,1,10,2.47,1.79,2104.35
CLUST-LOT-03,W04,-10,10,1,10,2.96,1.79,2081.04
CLUST-LOT-03,W04,-10,11,1,10,2.53,1.82,2062.51
CLUST-LOT-03,W04,-10,12,1,10,2.13,1.84,2095.3
CLUST-LOT-03,W04,-10,13,1,10,3.07,1.77,2114.22
CLUST-LOT-03,W04,-10,14,1,10,2.76,1.81,2138.8
CLUST-LOT-03,W04,-10,15,1,10,2.51,1.84,2126.97
CLUST-LOT-03,W04,-10,16,1,10,3.2,1.82,2099.84
CLUST-LOT-03,W04,-9,-17,1,10,2.84,1.74,2073.96
CLUST-LOT-03,W04,-9,-16,1,10,2.62,1.8,2072.42
CLUST-LOT-03,W04,-9,-15,1,10,2.59,1.79,2084.43
CLUST-LOT-03,W04,-9,-14,1,10,2.81,1.8,2083.18
CLUST-LOT-03,W04,-9,-13,1,10,3.12,1.78,2104.63
CLUST-LOT-03,W04,-9,-12,1,10,2.59,1.78,2110.05
CLUST-LOT-03,W04,-9,-11,1,10,2.73,1.81,2109.05
CLUST-LOT-03,W04,-9,-10,1,10,2.74,1.81,2108.31
CLUST-LOT-03,W04,-9,-9,1,10,2.72,1.72,2095.5
CLUST-LOT-03,W04,-9,-8,1,10,2.62,1.74,2101.05
CLUST-LOT-03,W04,-9,-7,1,10,2.55,1.83,2069.14
CLUST-LOT-03,W04,-9,-6,1,10,2.91,1.74,2081.23
CLUST-LOT-03,W04,-9,-5,1,10,2.66,1.79,2104.05
CLUST-LOT-03,W04,-9,-4,1,10,3.54,1.79,2075.14
CLUST-LOT-03,W04,-9,-3,1,10,2.64,1.84,2116.97
CLUST-LOT-03,W04,-9,-2,1,10,2.96,1.86,2094.1
CLUST-LOT-03,W04,-9,-1,1,10,2.08,1.72,2075.05
CLUST-LOT-03,W04,-9,0,1,10,2.79,1.8,2091.87
CLUST-LOT-03,W04,-9,1,1,10,2.69,1.79,2098.39
CLUST-LOT-03,W04,-9,2,1,10,3.02,1.86,2141.74
CLUST-LOT-03,W04,-9,3,1,10,2.98,1.82,2081.74
CLUST-LOT-03,W04,-9,4,1,10,2.66,1.86,2081.94
CLUST-LOT-03,W04,-9,5,1,10,2.66,1.79,2105.09
CLUST-LOT-03,W04,-9,6,1,10,2.62,1.77,2107.14
CLUST-LOT-03,W04,-9,7,1,10,2.57,1.81,2081.44
CLUST-LOT-03,W04,-9,8,1,10,3.12,1.82,2078.59
CLUST-LOT-03,W04,-9,9,1,10,2.41,1.78,2141.42
CLUST-LOT-03,W04,-9,10,1,10,2.44,1.8,2103.37
CLUST-LOT-03,W04,-9,11,1,10,2.41,1.87,2100.64
CLUST-LOT-03,W04,-9,12,1,10,2.81,1.75,2126.34
CLUST-LOT-03,W04,-9,13,1,10,3.59,1.79,2117.78
CLUST-LOT-03,W04,-9,14,1,10,3.08,1.76,2096.49
CLUST-LOT-03,W04,-9,15,1,10,3.17,1.78,2120
CLUST-LOT-03,W04,-9,16,1,10,3.12,1.76,2130.09
CLUST-LOT-03,W04,-9,17,1,10,2.34,1.77,2089.19
CLUST-LOT-03,W04,-8,-17,1,10,2.54,1.72,2073.11
CLUST-LOT-03,W04,-8,-16,1,10,2.57,1.82,2086.07
CLUST-LOT-03,W04,-8,-15,1,10,2.46,1.76,2097.34
CLUST-LOT-03,W04,-8,-14,1,10,3.12,1.8,2113.93
CLUST-LOT-03,W04,-8,-13,1,10,3.31,1.79,2057.29
CLUST-LOT-03,W04,-8,-12,1,10,2.77,1.74,2049.2
CLUST-LOT-03,W04,-8,-11,1,10,2.63,1.77,2099.7
CLUST-LOT-03,W04,-8,-10,1,10,2.62,1.78,2126.78
CLUST-LOT-03,W04,-8,-9,1,10,2.09,1.77,2140.49
CLUST-LOT-03,W04,-8,-8,1,10,3.39,1.82,2083.1
CLUST-LOT-03,W04,-8,-7,1,10,2.57,1.84,2117.16
CLUST-LOT-03,W04,-8,-6,1,10,3.24,1.82,2094.92
CLUST-LOT-03,W04,-8,-5,1,11,2.84,1.79,2108.94
CLUST-LOT-03,W04,-8,-4,1,10,3.01,1.78,2118.51
CLUST-LOT-03,W04,-8,-3,1,10,2.76,1.86,2105.88
CLUST-LOT-03,W04,-8,-2,1,10,3.21,1.8,2082.33
CLUST-LOT-03,W04,-8,-1,1,10,2.38,1.8,2093.99
CLUST-LOT-03,W04,-8,0,1,10,2.56,1.81,2079.06
CLUST-LOT-03,W04,-8,1,1,10,2.82,1.79,2102.53
CLUST-LOT-03,W04,-8,2,1,10,2.54,1.8,2093.46
CLUST-LOT-03,W04,-8,3,1,10,2.25,1.76,2064.28
CLUST-LOT-03,W04,-8,4,1,10,2.73,1.81,2094.8
CLUST-LOT-03,W04,-8,5,1,10,3.3,1.83,2153.08
CLUST-LOT-03,W04,-8,6,1,10,2.62,1.71,2069.61
CLUST-LOT-03,W04,-8,7,1,10,3.21,1.84,2116.23
CLUST-LOT-03,W04,-8,8,1,10,2.69,1.77,2112.26
CLUST-LOT-03,W04,-8,9,1,10,3.29,1.74,2106.92
CLUST-LOT-03,W04,-8,10,1,10,2.4,1.8,2128.58
CLUST-LOT-03,W04,-8,11,1,10,2.58,1.81,2050.39
CLUST-LOT-03,W04,-8,12,2,23,3.07,1.81,2100.09
CLUST-LOT-03,W04,-8,13,1,10,3.07,1.79,2088.35
CLUST-LOT-03,W04,-8,14,1,10,3.06,1.84,2067.77
CLUST-LOT-03,W04,-8,15,1,10,2.76,1.79,2095
CLUST-LOT-03,W04,-8,16,1,10,2.78,1.77,2094.05
CLUST-LOT-03,W04,-8,17,1,10,3.56,1.75,2102.17
CLUST-LOT-03,W04,-7,-17,1,10,2.35,1.79,2083.23
CLUST-LOT-03,W04,-7,-16,1,10,2.89,1.78,2107.01
CLUST-LOT-03,W04,-7,-15,1,10,3.28,1.74,2107.21
CLUST-LOT-03,W04,-7,-14,1,10,2.97,1.82,2102.66
CLUST-LOT-03,W04,-7,-13,1,10,2.67,1.85,2084.1
CLUST-LOT-03,W04,-7,-12,1,10,3.17,1.84,2046.51
CLUST-LOT-03,W04,-7,-11,1,10,2.76,1.82,2097.79
CLUST-LOT-03,W04,-7,-10,1,11,3.1,1.78,2088.76
CLUST-LOT-03,W04,-7,-9,1,10,2.56,1.83,2114.35
CLUST-LOT-03,W04,-7,-8,1,10,2.67,1.82,2117.43
CLUST-LOT-03,W04,-7,-7,1,10,2.28,1.82,2133.61
CLUST-LOT-03,W04,-7,-6,1,10,2.86,1.82,2076.12
CLUST-LOT-03,W04,-7,-5,1,10,2.75,1.8,2102.09
CLUST-LOT-03,W04,-7,-4,1,10,2.91,1.8,2116.33
CLUST-LOT-03,W04,-7,-3,1,10,2.29,1.83,2106.81
CLUST-LOT-03,W04,-7,-2,1,10,2.42,1.77,2108.59
CLUST-LOT-03,W04,-7,-1,1,10,2.54,1.78,2114.94
CLUST-LOT-03,W04,-7,0,1,10,2.97,1.8,2119.74
CLUST-LOT-03,W04,-7,1,1,10,2.73,1.82,2121.33
CLUST-LOT-03,W04,-7,2,1,10,2.39,1.76,2102.42
CLUST-LOT-03,W04,-7,3,1,10,2.26,1.75,2076.42
CLUST-LOT-03,W04,-7,4,1,10,2.96,1.79,2120.82
CLUST-LOT-03,W04,-7,5,1,10,2.73,1.85,2086.4
CLUST-LOT-03,W04,-7,6,1,10,3.23,1.8,2113.4
CLUST-LOT-03,W04,-7,7,1,10,2.66,1.82,2122.43
CLUST-LOT-03,W04,-7,8,1,10,2.86,1.8,2133.93
CLUST-LOT-03,W04,-7,9,1,10,2.78,1.77,2104.63
CLUST-LOT-03,W04,-7,10,1,10,2.54,1.8,2079.47
CLUST-LOT-03,W04,-7,11,1,10,3.26,1.8,2089.78
CLUST-LOT-03,W04,-7,12,1,10,2.47,1.81,2109.18
CLUST-LOT-03,W04,-7,13,1,10,2.82,1.76,2106.74
CLUST-LOT-03,W04,-7,14,1,10,2.57,1.79,2063.09
CLUST-LOT-03,W04,-7,15,1,10,3.1,1.82,2095.75
CLUST-LOT-03,W04,-7,16,1,10,2.72,1.79,2109.52
CLUST-LOT-03,W04,-7,17,1,10,1.98,1.87,2105.48
CLUST-LOT-03,W04,-6,-18,1,11,2.69,1.8,2074.77
CLUST-LOT-03,W04,-6,-17,1,10,2.57,1.75,2116.05
CLUST-LOT-03,W04,-6,-16,1,10,3.22,1.74,2066
CLUST-LOT-03,W04,-6,-15,1,10,2.91,1.8,2074.39
CLUST-LOT-03,W04,-6,-14,1,10,2.49,1.78,2075.81
CLUST-LOT-03,W04,-6,-13,1,10,2.81,1.81,2093.22
CLUST-LOT-03,W04,-6,-12,1,10,2.96,1.82,2110.4
CLUST-LOT-03,W04,-6,-11,1,10,3.24,1.85,2109.96
CLUST-LOT-03,W04,-6,-10,1,10,3.07,1.79,2130.37
CLUST-LOT-03,W04,-6,-9,1,10,3.11,1.82,2070.83
CLUST-LOT-03,W04,-6,-8,1,10,2.66,1.76,2104.35
CLUST-LOT-03,W04,-6,-7,1,10,2.73,1.83,2118.5
CLUST-LOT-03,W04,-6,-6,1,10,2.1,1.8,2101.81
CLUST-LOT-03,W04,-6,-5,1,10,2.54,1.82,2095.13
CLUST-LOT-03,W04,-6,-4,1,10,3.24,1.82,2118.97
CLUST-LOT-03,W04,-6,-3,1,10,3.04,1.77,2068.95
CLUST-LOT-03,W04,-6,-2,1,10,2.69,1.84,2111.99
CLUST-LOT-03,W04,-6,-1,1,10,3.02,1.8,2110.36
CLUST-LOT-03,W04,-6,0,1,10,2.89,1.81,2109.16
CLUST-LOT-03,W04,-6,1,1,10,2.99,1.78,2079.17
CLUST-LOT-03,W04,-6,2,1,10,2.92,1.74,2090.22
CLUST-LOT-03,W04,-6,3,1,10,2.38,1.83,2124.89
CLUST-LOT-03,W04,-6,4,1,10,3.02,1.83,2124.26
CLUST-LOT-03,W04,-6,5,1,10,2.85,1.8,2112.89
CLUST-LOT-03,W04,-6,6,1,10,3.03,1.81,2120.9
CLUST-LOT-03,W04,-6,7,1,10,2.8,1.82,2101.73
CLUST-LOT-03,W04,-6,8,1,10,2.52,1.78,2144.48
CLUST-LOT-03,W04,-6,9,1,10,2.3,1.79,2143.68
CLUST-LOT-03,W04,-6,10,1,11,2.94,1.74,2132.61
CLUST-LOT-03,W04,-6,11,1,10,2.87,1.85,2051.37
CLUST-LOT-03,W04,-6,12,1,10,2.65,1.79,2110.4
CLUST-LOT-03,W04,-6,13,1,10,2.61,1.81,2134.67
CLUST-LOT-03,W04,-6,14,1,10,2.91,1.74,2098.48
CLUST-LOT-03,W04,-6,15,1,10,2.57,1.8,2076.7
CLUST-LOT-03,W04,-6,16,1,10,2.73,1.8,2082.51
CLUST-LOT-03,W04,-6,17,1,10,2.45,1.86,2104.45
CLUST-LOT-03,W04,-6,18,1,10,3.19,1.81,2099.73
CLUST-LOT-03,W04,-5,-18,1,10,3.05,1.79,2098.97
CLUST-LOT-03,W04,-5,-17,1,10,2.6,1.75,2085.57
CLUST-LOT-03,W04,-5,-16,1,10,3.33,1.84,2050.08
CLUST-LOT-03,W04,-5,-15,1,10,2.74,1.82,2123.19
CLUST-LOT-03,W04,-5,-14,1,10,2.85,1.75,2092.24
CLUST-LOT-03,W04,-5,-13,1,10,2.75,1.85,2118.5
CLUST-LOT-03,W04,-5,-12,1,10,3.17,1.81,2109.01
CLUST-LOT-03,W04,-5,-11,1,10,2.33,1.79,2087.01
CLUST-LOT-03,W04,-5,-10,1,10,2.79,1.8,2103.58
CLUST-LOT-03,W04,-5,-9,1,10,3.18,1.79,2100.63
CLUST-LOT-03,W04,-5,-8,1,11,2.69,1.84,2074.61
CLUST-LOT-03,W04,-5,-7,1,10,3.16,1.82,2098.75
CLUST-LOT-03,W04,-5,-6,1,10,2.64,1.79,2061.09
CLUST-LOT-03,W04,-5,-5,1,10,2.99,1.76,2095.47
CLUST-LOT-03,W04,-5,-4,1,10,2.33,1.76,2109.21
CLUST-LOT-03,W04,-5,-3,1,10,2.32,1.8,2085.32
CLUST-LOT-03,W04,-5,-2,1,10,2.85,1.86,2088.83
CLUST-LOT-03,W04,-5,-1,1,10,2.78,1.79,2095.99
CLUST-LOT-03,W04,-5,0,1,10,3.33,1.81,2081.44
CLUST-LOT-03,W04,-5,1,1,10,2.81,1.81,2111.73
CLUST-LOT-03,W04,-5,2,1,10,2.54,1.86,2132.04
CLUST-LOT-03,W04,-5,3,1,10,2.64,1.78,2083.33
CLUST-LOT-03,W04,-5,4,1,11,2.45,1.83,2120.29
CLUST-LOT-03,W04,-5,5,1,10,3.01,1.79,2096.49
CLUST-LOT-03,W04,-5,6,1,10,3.18,1.77,2097.1
CLUST-LOT-03,W04,-5,7,1,10,2.86,1.8,2106.52
CLUST-LOT-03,W04,-5,8,1,10,2.78,1.86,2100.93
CLUST-LOT-03,W04,-5,9,1,10,2.85,1.78,2087.34
CLUST-LOT-03,W04,-5,10,1,11,3.27,1.84,2088
CLUST-LOT-03,W04,-5,11,1,10,2.21,1.84,2121.97
CLUST-LOT-03,W04,-5,12,1,10,2.9,1.73,2098.02
CLUST-LOT-03,W04,-5,13,1,10,2.72,1.87,2092.62
CLUST-LOT-03,W04,-5,14,1,10,3.11,1.86,2105.49
CLUST-LOT-03,W04,-5,15,1,10,3.3,1.82,2143.41
CLUST-LOT-03,W04,-5,16,1,10,2.79,1.83,2097.68
CLUST-LOT-03,W04,-5,17,1,10,2.75,1.78,2095.46
CLUST-LOT-03,W04,-5,18,1,10,2.82,1.83,2095.38
CLUST-LOT-03,W04,-4,-18,1,10,2.66,1.76,2096.46
CLUST-LOT-03,W04,-4,-17,1,10,2.97,1.78,2059.78
CLUST-LOT-03,W04,-4,-16,1,10,2.62,1.83,2064.57
CLUST-LOT-03,W04,-4,-15,1,10,3.26,1.78,2086.42
CLUST-LOT-03,W04,-4,-14,1,10,2.69,1.84,2101.13
CLUST-LOT-03,W04,-4,-13,1,10,2.55,1.8,2132.86
CLUST-LOT-03,W04,-4,-12,1,10,3.87,1.77,2106.04
CLUST-LOT-03,W04,-4,-11,1,10,2.52,1.83,2098.35
CLUST-LOT-03,W04,-4,-10,1,10,2.15,1.79,2147.41
CLUST-LOT-03,W04,-4,-9,1,10,2.41,1.82,2119.16
CLUST-LOT-03,W04,-4,-8,1,10,3,1.82,2082.12
CLUST-LOT-03,W04,-4,-7,1,10,2.62,1.77,2056.55
CLUST-LOT-03,W04,-4,-6,1,10,2.19,1.78,2123.47
CLUST-LOT-03,W04,-4,-5,1,10,2.72,1.77,2085.25
CLUST-LOT-03,W04,-4,-4,1,10,2.69,1.78,2079.49
CLUST-LOT-03,W04,-4,-3,1,10,3.65,1.74,2042.92
CLUST-LOT-03,W04,-4,-2,1,10,2.95,1.78,2085.19
CLUST-LOT-03,W04,-4,-1,1,10,3.19,1.79,2080.48
CLUST-LOT-03,W04,-4,0,1,10,3.05,1.8,2135.9
CLUST-LOT-03,W04,-4,1,1,10,2.89,1.84,2099.15
CLUST-LOT-03,W04,-4,2,1,10,2.96,1.82,2082.27
CLUST-LOT-03,W04,-4,3,1,11,2.77,1.81,2123.58
CLUST-LOT-03,W04,-4,4,1,10,2.96,1.77,2135.15
CLUST-LOT-03,W04,-4,5,1,10,2.93,1.81,2057.87
CLUST-LOT-03,W04,-4,6,1,10,3.07,1.8,2054.21
CLUST-LOT-03,W04,-4,7,1,10,2.64,1.83,2103.86
CLUST-LOT-03,W04,-4,8,1,10,2.94,1.82,2099.23
CLUST-LOT-03,W04,-4,9,1,10,2.96,1.79,2102.24
CLUST-LOT-03,W04,-4,10,1,10,2.95,1.76,2087.43
CLUST-LOT-03,W04,-4,11,1,10,2.56,1.77,2091.85
CLUST-LOT-03,W04,-4,12,1,10,2.95,1.8,2107.46
CLUST-LOT-03,W04,-4,13,1,10,3.26,1.79,2097.79
CLUST-LOT-03,W04,-4,14,1,10,2.39,1.79,2102.92
CLUST-LOT-03,W04,-4,15,1,10,2.98,1.79,2070.13
CLUST-LOT-03,W04,-4,16,1,10,2.23,1.83,2089.25
CLUST-LOT-03,W04,-4,17,1,10,2.7,1.81,2103.86
CLUST-LOT-03,W04,-4,18,1,10,2.32,1.72,2052.45
CLUST-LOT-03,W04,-3,-19,1,10,2.55,1.75,2080.39
CLUST-LOT-03,W04,-3,-18,1,10,3.41,1.77,2087.85
CLUST-LOT-03,W04,-3,-17,1,10,2.66,1.8,2090.66
CLUST-LOT-03,W04,-3,-16,1,11,3.26,1.82,2094.57
CLUST-LOT-03,W04,-3,-15,1,10,2.56,1.82,2132.01
CLUST-LOT-03,W04,-3,-14,1,10,2.57,1.8,2093.62
CLUST-LOT-03,W04,-3,-13,1,10,3.14,1.81,2137.13
CLUST-LOT-03,W04,-3,-12,1,10,2.66,1.79,2073.09
CLUST-LOT-03,W04,-3,-11,1,11,3.65,1.78,2076.85
CLUST-LOT-03,W04,-3,-10,1,10,2.1,1.82,2120.6
CLUST-LOT-03,W04,-3,-9,1,10,2.92,1.79,2125.64
CLUST-LOT-03,W04,-3,-8,1,11,3.42,1.81,2083.95
CLUST-LOT-03,W04,-3,-7,1,10,2.37,1.84,2098.61
CLUST-LOT-03,W04,-3,-6,1,10,3.22,1.82,2102.25
CLUST-LOT-03,W04,-3,-5,1,10,2.22,1.81,2035.48
CLUST-LOT-03,W04,-3,-4,1,10,2.02,1.78,2099.16
CLUST-LOT-03,W04,-3,-3,1,10,2.82,1.79,2148.36
CLUST-LOT-03,W04,-3,-2,1,10,3.23,1.82,2089.21
CLUST-LOT-03,W04,-3,-1,1,10,2.5,1.8,2124.12
CLUST-LOT-03,W04,-3,0,1,10,2.2,1.77,2106.17
CLUST-LOT-03,W04,-3,1,1,10,2.88,1.77,2137.71
CLUST-LOT-03,W04,-3,2,1,10,2.95,1.82,2108.78
CLUST-LOT-03,W04,-3,3,1,10,2.76,1.79,2104.23
CLUST-LOT-03,W04,-3,4,1,10,2.74,1.81,2091.2
CLUST-LOT-03,W04,-3,5,1,10,2.82,1.82,2092.21
CLUST-LOT-03,W04,-3,6,1,11,2.88,1.8,2094.22
CLUST-LOT-03,W04,-3,7,1,10,2.65,1.8,2103.17
CLUST-LOT-03,W04,-3,8,1,10,2.57,1.84,2137.72
CLUST-LOT-03,W04,-3,9,1,10,2.66,1.78,2078.79
CLUST-LOT-03,W04,-3,10,1,10,2.62,1.75,2144.36
CLUST-LOT-03,W04,-3,11,1,10,2.53,1.88,2109.58
CLUST-LOT-03,W04,-3,12,1,11,2.76,1.85,2107.92
CLUST-LOT-03,W04,-3,13,2,23,2.72,1.81,2079.09
CLUST-LOT-03,W04,-3,14,1,10,2.26,1.8,2105.91
CLUST-LOT-03,W04,-3,15,1,10,3.2,1.75,2097.06
CLUST-LOT-03,W04,-3,16,1,10,3.19,1.79,2087.98
CLUST-LOT-03,W04,-3,17,1,10,3.44,1.81,2128.23
CLUST-LOT-03,W04,-3,18,1,10,2.94,1.83,2083.68
CLUST-LOT-03,W04,-3,19,1,10,3.18,1.82,2108.25
CLUST-LOT-03,W04,-2,-19,1,10,2.57,1.76,2086.5
CLUST-LOT-03,W04,-2,-18,1,10,2.8,1.83,2084.04
CLUST-LOT-03,W04,-2,-17,1,10,3.44,1.8,2092.09
CLUST-LOT-03,W04,-2,-16,1,10,2.73,1.8,2088.4
CLUST-LOT-03,W04,-2,-15,1,10,2.94,1.84,2111.57
CLUST-LOT-03,W04,-2,-14,1,10,2.65,1.81,2097.62
CLUST-LOT-03,W04,-2,-13,1,10,2.54,1.78,2055.82
CLUST-LOT-03,W04,-2,-12,1,10,2.85,1.78,2075.03
CLUST-LOT-03,W04,-2,-11,1,10,2.36,1.85,2052.35
CLUST-LOT-03,W04,-2,-10,1,10,2.83,1.84,2103.27
CLUST-LOT-03,W04,-2,-9,1,11,2.37,1.77,2126.84
CLUST-LOT-03,W04,-2,-8,1,10,2.46,1.78,2077.5
CLUST-LOT-03,W04,-2,-7,1,10,2.21,1.85,2095.86
CLUST-LOT-03,W04,-2,-6,1,10,2.91,1.81,2128.04
CLUST-LOT-03,W04,-2,-5,1,10,3.18,1.77,2079.22
CLUST-LOT-03,W04,-2,-4,1,10,2.7,1.88,2125.08
CLUST-LOT-03,W04,-2,-3,1,10,3.2,1.77,2089.87
CLUST-LOT-03,W04,-2,-2,1,10,2.89,1.81,2136.01
CLUST-LOT-03,W04,-2,-1,1,10,3.37,1.77,2126.52
CLUST-LOT-03,W04,-2,0,1,10,2.46,1.79,2099.53
CLUST-LOT-03,W04,-2,1,1,10,2.84,1.79,2135.66
CLUST-LOT-03,W04,-2,2,1,10,2.96,1.77,2109.82
CLUST-LOT-03,W04,-2,3,1,10,3.16,1.76,2073.8
CLUST-LOT-03,W04,-2,4,1,10,2.4,1.83,2092.85
CLUST-LOT-03,W04,-2,5,1,10,2.82,1.78,2067.42
CLUST-LOT-03,W04,-2,6,1,10,2.59,1.82,2121.72
CLUST-LOT-03,W04,-2,7,1,10,2.26,1.84,2096.4
CLUST-LOT-03,W04,-2,8,1,10,3.14,1.79,2087.99
CLUST-LOT-03,W04,-2,9,1,10,2.86,1.78,2137.6
CLUST-LOT-03,W04,-2,10,1,11,2.6,1.82,2103.27
CLUST-LOT-03,W04,-2,11,1,10,3.08,1.8,2121.81
CLUST-LOT-03,W04,-2,12,1,10,3.63,1.81,2094.12
CLUST-LOT-03,W04,-2,13,1,10,3.08,1.78,2143.18
CLUST-LOT-03,W04,-2,14,1,10,3.33,1.83,2077.7
CLUST-LOT-03,W04,-2,15,1,10,2.72,1.74,2078.65
CLUST-LOT-03,W04,-2,16,1,10,2.73,1.78,2112.63
CLUST-LOT-03,W04,-2,17,1,10,2.8,1.78,2076.93
CLUST-LOT-03,W04,-2,18,1,10,3.09,1.79,2123.4
CLUST-LOT-03,W04,-2,19,1,10,2.97,1.8,2102.82
CLUST-LOT-03,W04,-1,-19,1,10,2.86,1.79,2128.98
CLUST-LOT-03,W04,-1,-18,1,10,2.63,1.74,2128.79
CLUST-LOT-03,W04,-1,-17,1,10,2.77,1.82,2078.04
CLUST-LOT-03,W04,-1,-16,1,10,2.38,1.78,2050.54
CLUST-LOT-03,W04,-1,-15,1,10,2.96,1.77,2077.96
CLUST-LOT-03,W04,-1,-14,1,10,2.17,1.87,2144.79
CLUST-LOT-03,W04,-1,-13,1,10,2.77,1.8,2071.32
CLUST-LOT-03,W04,-1,-12,1,10,3.3,1.85,2145.98
CLUST-LOT-03,W04,-1,-11,1,10,2.73,1.85,2111.67
CLUST-LOT-03,W04,-1,-10,1,10,2.87,1.79,2061.34
CLUST-LOT-03,W04,-1,-9,1,10,3.03,1.76,2101.44
CLUST-LOT-03,W04,-1,-8,1,10,3.17,1.79,2106.25
CLUST-LOT-03,W04,-1,-7,1,10,2.5,1.78,2122.52
CLUST-LOT-03,W04,-1,-6,1,10,3.21,1.81,2113.81
CLUST-LOT-03,W04,-1,-5,3,32,2.64,1.8,2114.09
CLUST-LOT-03,W04,-1,-4,3,32,2.56,1.83,2087.89
CLUST-LOT-03,W04,-1,-3,1,10,3.78,1.83,2126.09
CLUST-LOT-03,W04,-1,-2,3,32,2.15,1.77,2115.39
CLUST-LOT-03,W04,-1,-1,2,23,2.37,1.8,2078.03
CLUST-LOT-03,W04,-1,0,1,10,2.69,1.82,2067.37
CLUST-LOT-03,W04,-1,1,1,10,2.48,1.79,2143.15
CLUST-LOT-03,W04,-1,2,1,10,2.31,1.78,2074.12
CLUST-LOT-03,W04,-1,3,3,32,2.78,1.77,2105.64
CLUST-LOT-03,W04,-1,4,1,10,3.31,1.78,2121.32
CLUST-LOT-03,W04,-1,5,1,10,2.93,1.73,2077.92
CLUST-LOT-03,W04,-1,6,1,10,2.7,1.83,2095.29
CLUST-LOT-03,W04,-1,7,1,10,2.93,1.81,2095.01
CLUST-LOT-03,W04,-1,8,1,10,2.03,1.79,2126.58
CLUST-LOT-03,W04,-1,9,1,10,2.67,1.79,2137
CLUST-LOT-03,W04,-1,10,1,10,2.15,1.82,2103.67
CLUST-LOT-03,W04,-1,11,1,10,2.78,1.82,2132.72
CLUST-LOT-03,W04,-1,12,1,10,2.47,1.86,2098.77
CLUST-LOT-03,W04,-1,13,1,10,3.29,1.81,2082.56
CLUST-LOT-03,W04,-1,14,1,10,2.17,1.8,2066.68
CLUST-LOT-03,W04,-1,15,1,10,2.13,1.8,2119.89
CLUST-LOT-03,W04,-1,16,1,10,2.61,1.8,2081.4
CLUST-LOT-03,W04,-1,17,1,10,2.85,1.83,2086.73
CLUST-LOT-03,W04,-1,18,1,10,2.89,1.76,2125.44
CLUST-LOT-03,W04,-1,19,1,10,2.81,1.76,2080.27
CLUST-LOT-03,W04,0,-19,1,10,2.62,1.81,2096.54
CLUST-LOT-03,W04,0,-18,1,10,2.98,1.78,2099.3
CLUST-LOT-03,W04,0,-17,1,10,2.87,1.8,2112.16
CLUST-LOT-03,W04,0,-16,1,11,2.38,1.79,2115.77
CLUST-LOT-03,W04,0,-15,1,10,2.95,1.81,2127.7
CLUST-LOT-03,W04,0,-14,1,11,3.1,1.82,2123.32
CLUST-LOT-03,W04,0,-13,1,10,3.16,1.85,2092.78
CLUST-LOT-03,W04,0,-12,1,10,2.88,1.79,2128.57
CLUST-LOT-03,W04,0,-11,1,10,2.97,1.81,2077.81
CLUST-LOT-03,W04,0,-10,1,10,3.14,1.79,2077.79
CLUST-LOT-03,W04,0,-9,1,10,2.88,1.82,2108.28
CLUST-LOT-03,W04,0,-8,1,10,2.79,1.79,2100.51
CLUST-LOT-03,W04,0,-7,1,10,2.96,1.81,2070.43
CLUST-LOT-03,W04,0,-6,1,10,2.77,1.78,2108.27
CLUST-LOT-03,W04,0,-5,1,10,2.64,1.8,2102.52
CLUST-LOT-03,W04,0,-4,1,10,2.36,1.79,2117.54
CLUST-LOT-03,W04,0,-3,1,10,2.72,1.81,2084.07
CLUST-LOT-03,W04,0,-2,2,21,2.59,1.79,2106.03
CLUST-LOT-03,W04,0,-1,2,23,2.72,1.78,2116.75
CLUST-LOT-03,W04,0,0,1,10,2.6,1.79,2116.4
CLUST-LOT-03,W04,0,1,2,21,3.2,1.78,2115.03
CLUST-LOT-03,W04,0,2,3,32,2.45,1.82,2099
CLUST-LOT-03,W04,0,3,3,32,3.37,1.8,2129.93
CLUST-LOT-03,W04,0,4,1,10,2.92,1.81,2100.63
CLUST-LOT-03,W04,0,5,1,10,2.78,1.8,2094.14
CLUST-LOT-03,W04,0,6,1,10,2.97,1.8,2121.53
CLUST-LOT-03,W04,0,7,1,10,2.79,1.81,2049.05
CLUST-LOT-03,W04,0,8,1,10,2.59,1.79,2140.31
CLUST-LOT-03,W04,0,9,1,10,3.62,1.83,2125.84
CLUST-LOT-03,W04,0,10,1,10,2.93,1.87,2131.66
CLUST-LOT-03,W04,0,11,1,10,3.1,1.79,2113.63
CLUST-LOT-03,W04,0,12,1,10,2.83,1.84,2063.32
CLUST-LOT-03,W04,0,13,1,10,3.19,1.76,2079.2
CLUST-LOT-03,W04,0,14,1,10,2.4,1.83,2088.26
CLUST-LOT-03,W04,0,15,1,10,2.09,1.81,2104.66
CLUST-LOT-03,W04,0,16,1,10,2.29,1.78,2089.46
CLUST-LOT-03,W04,0,17,1,10,3.12,1.8,2066.1
CLUST-LOT-03,W04,0,18,1,10,2.89,1.75,2105.53
CLUST-LOT-03,W04,0,19,1,10,3.03,1.79,2101.12
CLUST-LOT-03,W04,1,-19,1,10,2.88,1.86,2071.65
CLUST-LOT-03,W04,1,-18,1,10,3.12,1.81,2128.84
CLUST-LOT-03,W04,1,-17,1,10,2.83,1.77,2108.63
CLUST-LOT-03,W04,1,-16,1,10,2.31,1.8,2067.95
CLUST-LOT-03,W04,1,-15,1,10,2.58,1.86,2144.65
CLUST-LOT-03,W04,1,-14,1,10,2.36,1.76,2123.28
CLUST-LOT-03,W04,1,-13,1,10,2.36,1.79,2097.74
CLUST-LOT-03,W04,1,-12,1,10,3.03,1.81,2146.64
CLUST-LOT-03,W04,1,-11,1,10,2.55,1.81,2068.47
CLUST-LOT-03,W04,1,-10,1,10,3.21,1.76,2112.12
CLUST-LOT-03,W04,1,-9,1,10,3.01,1.84,2118.04
CLUST-LOT-03,W04,1,-8,1,11,2.39,1.86,2104.85
CLUST-LOT-03,W04,1,-7,1,10,2.86,1.79,2101.68
CLUST-LOT-03,W04,1,-6,1,10,3.07,1.84,2115.32
CLUST-LOT-03,W04,1,-5,1,10,3.49,1.81,2112.29
CLUST-LOT-03,W04,1,-4,1,10,2.87,1.82,2083.43
CLUST-LOT-03,W04,1,-3,1,10,2.8,1.79,2159.34
CLUST-LOT-03,W04,1,-2,2,23,2.71,1.84,2099.26
CLUST-LOT-03,W04,1,-1,1,10,2.96,1.8,2094.29
CLUST-LOT-03,W04,1,0,1,10,2.4,1.76,2072.72
CLUST-LOT-03,W04,1,1,1,10,2.33,1.79,2133.81
CLUST-LOT-03,W04,1,2,1,10,2.52,1.85,2123.78
CLUST-LOT-03,W04,1,3,2,23,3.31,1.81,2109.66
CLUST-LOT-03,W04,1,4,1,10,2.66,1.81,2094.73
CLUST-LOT-03,W04,1,5,1,10,2.73,1.84,2123.23
CLUST-LOT-03,W04,1,6,1,10,2.78,1.79,2133.36
CLUST-LOT-03,W04,1,7,1,10,2.96,1.8,2091.45
CLUST-LOT-03,W04,1,8,1,10,2.49,1.81,2126.68
CLUST-LOT-03,W04,1,9,1,10,2.74,1.81,2140.97
CLUST-LOT-03,W04,1,10,1,10,2.93,1.81,2083.5
CLUST-LOT-03,W04,1,11,1,10,2.55,1.82,2101
CLUST-LOT-03,W04,1,12,1,10,2.39,1.84,2093.32
CLUST-LOT-03,W04,1,13,1,10,3.04,1.81,2069.29
CLUST-LOT-03,W04,1,14,1,10,3.51,1.82,2145.65
CLUST-LOT-03,W04,1,15,1,11,3.23,1.8,2113.8
CLUST-LOT-03,W04,1,16,1,10,2.36,1.8,2064.93
CLUST-LOT-03,W04,1,17,1,10,2.85,1.82,2092.16
CLUST-LOT-03,W04,1,18,1,10,2.97,1.79,2077.9
CLUST-LOT-03,W04,1,19,1,10,3.28,1.78,2098.79
CLUST-LOT-03,W04,2,-19,1,10,2.48,1.82,2069.48
CLUST-LOT-03,W04,2,-18,1,10,3.17,1.79,2081.78
CLUST-LOT-03,W04,2,-17,1,10,2.57,1.84,2094.37
CLUST-LOT-03,W04,2,-16,1,10,3.05,1.8,2103.34
CLUST-LOT-03,W04,2,-15,1,10,2.58,1.81,2048.64
CLUST-LOT-03,W04,2,-14,1,10,2.92,1.81,2088.98
CLUST-LOT-03,W04,2,-13,1,10,3.42,1.74,2071.71
CLUST-LOT-03,W04,2,-12,1,10,3.21,1.75,2115.99
CLUST-LOT-03,W04,2,-11,1,10,2.55,1.81,2138.59
CLUST-LOT-03,W04,2,-10,1,10,2.34,1.75,2108.75
CLUST-LOT-03,W04,2,-9,1,10,2.82,1.81,2086.36
CLUST-LOT-03,W04,2,-8,1,11,2.66,1.81,2108.74
CLUST-LOT-03,W04,2,-7,1,10,2.74,1.78,2106.92
CLUST-LOT-03,W04,2,-6,1,10,2.82,1.82,2093
CLUST-LOT-03,W04,2,-5,1,10,3.07,1.77,2096.8
CLUST-LOT-03,W04,2,-4,1,11,2.99,1.82,2064.86
CLUST-LOT-03,W04,2,-3,1,10,3.1,1.79,2077.54
CLUST-LOT-03,W04,2,-2,1,10,2.57,1.75,2093.68
CLUST-LOT-03,W04,2,-1,1,10,2.35,1.75,2121.03
CLUST-LOT-03,W04,2,0,1,10,3.09,1.82,2125.8
CLUST-LOT-03,W04,2,1,2,23,2.65,1.77,2135.38
CLUST-LOT-03,W04,2,2,2,23,3.02,1.78,2131.46
CLUST-LOT-03,W04,2,3,2,21,3.11,1.76,2088.1
CLUST-LOT-03,W04,2,4,1,10,2.99,1.8,2069.79
CLUST-LOT-03,W04,2,5,1,10,2.58,1.74,2115.28
CLUST-LOT-03,W04,2,6,1,10,2.34,1.77,2102.78
CLUST-LOT-03,W04,2,7,3,32,2.76,1.8,2116.15
CLUST-LOT-03,W04,2,8,1,10,2.3,1.81,2135.18
CLUST-LOT-03,W04,2,9,1,10,2.6,1.82,2122.47
CLUST-LOT-03,W04,2,10,1,10,2.36,1.75,2116.73
CLUST-LOT-03,W04,2,11,1,10,2.79,1.81,2088.95
CLUST-LOT-03,W04,2,12,1,10,3.06,1.86,2115.75
CLUST-LOT-03,W04,2,13,1,10,2.77,1.83,2094.12
CLUST-LOT-03,W04,2,14,1,10,2.42,1.79,2054.51
CLUST-LOT-03,W04,2,15,1,10,2.91,1.8,2096.83
CLUST-LOT-03,W04,2,16,1,10,3,1.82,2117.28
CLUST-LOT-03,W04,2,17,1,10,2.89,1.76,2094.84
CLUST-LOT-03,W04,2,18,1,10,3.41,1.78,2104.34
CLUST-LOT-03,W04,2,19,1,10,2.39,1.78,2088.63
CLUST-LOT-03,W04,3,-19,1,10,2.66,1.8,2076.83
CLUST-LOT-03,W04,3,-18,1,10,3.7,1.87,2089.76
CLUST-LOT-03,W04,3,-17,1,10,2.88,1.78,2099.69
CLUST-LOT-03,W04,3,-16,1,10,2.46,1.8,2089.22
CLUST-LOT-03,W04,3,-15,1,10,3.26,1.77,2081.56
CLUST-LOT-03,W04,3,-14,1,10,2.23,1.78,2072.15
CLUST-LOT-03,W04,3,-13,1,10,2.67,1.81,2063.03
CLUST-LOT-03,W04,3,-12,1,11,2.54,1.77,2127.54
CLUST-LOT-03,W04,3,-11,1,10,2.45,1.82,2079.55
CLUST-LOT-03,W04,3,-10,1,10,2.19,1.8,2080.59
CLUST-LOT-03,W04,3,-9,1,10,2.81,1.85,2131.02
CLUST-LOT-03,W04,3,-8,1,10,2.68,1.83,2099.98
CLUST-LOT-03,W04,3,-7,1,10,3.22,1.75,2094.83
CLUST-LOT-03,W04,3,-6,1,10,3.37,1.83,2108.64
CLUST-LOT-03,W04,3,-5,1,10,3.11,1.82,2105.06
CLUST-LOT-03,W04,3,-4,1,10,2.75,1.79,2114.39
CLUST-LOT-03,W04,3,-3,1,10,2.58,1.77,2076.78
CLUST-LOT-03,W04,3,-2,1,10,3.12,1.82,2096.84
CLUST-LOT-03,W04,3,-1,1,10,3.08,1.84,2074.56
CLUST-LOT-03,W04,3,0,1,10,2.99,1.75,2148.19
CLUST-LOT-03,W04,3,1,1,10,3.15,1.86,2138.22
CLUST-LOT-03,W04,3,2,1,10,3.35,1.85,2109.39
CLUST-LOT-03,W04,3,3,1,11,2.56,1.83,2095.08
CLUST-LOT-03,W04,3,4,1,10,2.93,1.78,2098.45
CLUST-LOT-03,W04,3,5,1,10,2.45,1.76,2135.8
CLUST-LOT-03,W04,3,6,1,10,2.55,1.84,2121.89
CLUST-LOT-03,W04,3,7,1,10,3.09,1.82,2070.47
CLUST-LOT-03,W04,3,8,2,23,2.82,1.82,2036.39
CLUST-LOT-03,W04,3,9,1,10,2.5,1.76,2107.69
CLUST-LOT-03,W04,3,10,1,10,3.29,1.81,2122.67
CLUST-LOT-03,W04,3,11,1,10,2.38,1.83,2065.9
CLUST-LOT-03,W04,3,12,1,10,2.99,1.81,2076.1
CLUST-LOT-03,W04,3,13,1,10,2.62,1.76,2094.56
CLUST-LOT-03,W04,3,14,1,10,2.55,1.77,2118.98
CLUST-LOT-03,W04,3,15,1,10,2.28,1.74,2124.11
CLUST-LOT-03,W04,3,16,1,11,3.23,1.81,2114.71
CLUST-LOT-03,W04,3,17,1,10,3.03,1.8,2105.53
CLUST-LOT-03,W04,3,18,1,10,2.85,1.81,2097.05
CLUST-LOT-03,W04,3,19,1,10,2.72,1.83,2104.01
CLUST-LOT-03,W04,4,-18,1,10,2.99,1.82,2105.35
CLUST-LOT-03,W04,4,-17,1,10,2.63,1.8,2131.14
CLUST-LOT-03,W04,4,-16,1,11,2.5,1.79,2099.67
CLUST-LOT-03,W04,4,-15,1,10,3.81,1.77,2105.37
CLUST-LOT-03,W04,4,-14,1,10,2.96,1.82,2132.44
CLUST-LOT-03,W04,4,-13,1,10,3.32,1.85,2067.61
CLUST-LOT-03,W04,4,-12,1,10,3.09,1.78,2143.7
CLUST-LOT-03,W04,4,-11,1,10,3.43,1.86,2094.62
CLUST-LOT-03,W04,4,-10,1,10,2.82,1.82,2120.29
CLUST-LOT-03,W04,4,-9,1,10,3.22,1.81,2109.16
CLUST-LOT-03,W04,4,-8,1,10,2.29,1.77,2117.16
CLUST-LOT-03,W04,4,-7,1,10,2.96,1.78,2059.94
CLUST-LOT-03,W04,4,-6,1,10,2.87,1.8,2094.59
CLUST-LOT-03,W04,4,-5,1,10,2.97,1.81,2084.46
CLUST-LOT-03,W04,4,-4,1,10,2.53,1.72,2091.49
CLUST-LOT-03,W04,4,-3,1,10,3.04,1.8,2106.25
CLUST-LOT-03,W04,4,-2,1,10,3.09,1.82,2116.2
CLUST-LOT-03,W04,4,-1,1,10,3.21,1.78,2114.27
CLUST-LOT-03,W04,4,0,1,10,2.93,1.82,2085.84
CLUST-LOT-03,W04,4,1,1,10,2.74,1.78,2083.61
CLUST-LOT-03,W04,4,2,1,10,2.58,1.81,2093.08
CLUST-LOT-03,W04,4,3,1,10,2.26,1.82,2112.65
CLUST-LOT-03,W04,4,4,1,10,3.14,1.81,2120.83
CLUST-LOT-03,W04,4,5,1,10,3.27,1.86,2083.91
CLUST-LOT-03,W04,4,6,1,10,2.52,1.79,2099.47
CLUST-LOT-03,W04,4,7,1,10,2.81,1.8,2106.98
CLUST-LOT-03,W04,4,8,1,10,2.05,1.77,2125.25
CLUST-LOT-03,W04,4,9,1,10,2.75,1.83,2107
CLUST-LOT-03,W04,4,10,1,10,2.75,1.83,2100.63
CLUST-LOT-03,W04,4,11,1,10,2.69,1.8,2091.06
CLUST-LOT-03,W04,4,12,1,10,3.05,1.84,2068.67
CLUST-LOT-03,W04,4,13,1,10,2.86,1.76,2094.88
CLUST-LOT-03,W04,4,14,1,10,2.44,1.8,2115.41
CLUST-LOT-03,W04,4,15,1,10,2.43,1.76,2108.38
CLUST-LOT-03,W04,4,16,1,10,2.86,1.8,2124.63
CLUST-LOT-03,W04,4,17,1,10,2.52,1.74,2097.53
CLUST-LOT-03,W04,4,18,1,10,2.62,1.82,2092.47
CLUST-LOT-03,W04,5,-18,1,10,3.07,1.81,2083.59
CLUST-LOT-03,W04,5,-17,1,10,2.94,1.79,2098.44
CLUST-LOT-03,W04,5,-16,1,10,2.99,1.77,2056.54
CLUST-LOT-03,W04,5,-15,1,10,3.05,1.78,2085.08
CLUST-LOT-03,W04,5,-14,1,10,3.08,1.85,2096.11
CLUST-LOT-03,W04,5,-13,1,10,2.99,1.84,2087.68
CLUST-LOT-03,W04,5,-12,1,10,2.67,1.79,2080.6
CLUST-LOT-03,W04,5,-11,1,11,2.49,1.79,2089.41
CLUST-LOT-03,W04,5,-10,1,10,3.38,1.83,2083.32
CLUST-LOT-03,W04,5,-9,1,10,2.82,1.8,2088.18
CLUST-LOT-03,W04,5,-8,1,10,2.79,1.8,2088.72
CLUST-LOT-03,W04,5,-7,1,10,3.12,1.82,2171.23
CLUST-LOT-03,W04,5,-6,1,10,2.54,1.78,2136.58
CLUST-LOT-03,W04,5,-5,1,10,2.56,1.77,2131.02
CLUST-LOT-03,W04,5,-4,1,10,3.09,1.82,2074.73
CLUST-LOT-03,W04,5,-3,1,10,2.33,1.86,2076.32
CLUST-LOT-03,W04,5,-2,1,10,2.41,1.79,2088.27
CLUST-LOT-03,W04,5,-1,1,10,3.23,1.76,2101.31
CLUST-LOT-03,W04,5,0,1,10,2.4,1.79,2098.6
CLUST-LOT-03,W04,5,1,1,10,3.06,1.8,2096.78
CLUST-LOT-03,W04,5,2,1,10,2.82,1.85,2125.25
CLUST-LOT-03,W04,5,3,1,10,3.09,1.78,2089.37
CLUST-LOT-03,W04,5,4,1,10,2.72,1.76,2114.78
CLUST-LOT-03,W04,5,5,1,10,2.85,1.77,2149.8
CLUST-LOT-03,W04,5,6,1,10,2.92,1.76,2110.93
CLUST-LOT-03,W04,5,7,1,10,3.18,1.8,2048.85
CLUST-LOT-03,W04,5,8,1,10,2.75,1.79,2094.39
CLUST-LOT-03,W04,5,9,1,10,3.69,1.78,2139.04
CLUST-LOT-03,W04,5,10,1,10,2.5,1.85,2124.67
CLUST-LOT-03,W04,5,11,1,10,1.51,1.74,2093.87
CLUST-LOT-03,W04,5,12,1,10,2.79,1.8,2111.7
CLUST-LOT-03,W04,5,13,1,10,2.76,1.82,2121.79
CLUST-LOT-03,W04,5,14,1,10,2.75,1.75,2110.48
CLUST-LOT-03,W04,5,15,1,10,2.87,1.85,2147.34
CLUST-LOT-03,W04,5,16,1,10,2.57,1.79,2062.78
CLUST-LOT-03,W04,5,17,1,10,3.28,1.79,2116.48
CLUST-LOT-03,W04,5,18,1,10,2.78,1.79,2065.45
CLUST-LOT-03,W04,6,-18,1,10,3.14,1.78,2137.61
CLUST-LOT-03,W04,6,-17,1,10,3.05,1.85,2107.04
CLUST-LOT-03,W04,6,-16,1,10,2.74,1.78,2092.94
CLUST-LOT-03,W04,6,-15,1,10,2.99,1.79,2098.71
CLUST-LOT-03,W04,6,-14,1,10,2.91,1.81,2087.02
CLUST-LOT-03,W04,6,-13,1,10,3.05,1.77,2098.96
CLUST-LOT-03,W04,6,-12,1,11,2.58,1.76,2128.83
CLUST-LOT-03,W04,6,-11,1,10,3.52,1.77,2089.85
CLUST-LOT-03,W04,6,-10,1,10,2.54,1.78,2061.8
CLUST-LOT-03,W04,6,-9,1,10,2.83,1.88,2099.46
CLUST-LOT-03,W04,6,-8,1,10,3.22,1.84,2086.88
CLUST-LOT-03,W04,6,-7,1,10,2.74,1.79,2078.95
CLUST-LOT-03,W04,6,-6,1,10,2.77,1.81,2130.27
CLUST-LOT-03,W04,6,-5,1,10,2.69,1.89,2123.09
CLUST-LOT-03,W04,6,-4,1,10,2.39,1.77,2113.54
CLUST-LOT-03,W04,6,-3,1,10,3.07,1.79,2142.85
CLUST-LOT-03,W04,6,-2,1,10,2.47,1.87,2111.79
CLUST-LOT-03,W04,6,-1,1,10,2.27,1.76,2094.59
CLUST-LOT-03,W04,6,0,1,10,3.12,1.82,2084.04
CLUST-LOT-03,W04,6,1,1,10,3.02,1.79,2119.75
CLUST-LOT-03,W04,6,2,1,10,2.2,1.79,2113.54
CLUST-LOT-03,W04,6,3,1,10,3.47,1.83,2121.61
CLUST-LOT-03,W04,6,4,1,10,3.03,1.81,2070.59
CLUST-LOT-03,W04,6,5,1,10,3.64,1.78,2103.61
CLUST-LOT-03,W04,6,6,1,10,2.68,1.76,2119.09
CLUST-LOT-03,W04,6,7,1,10,3.34,1.8,2094.58
CLUST-LOT-03,W04,6,8,1,10,3.25,1.8,2125.08
CLUST-LOT-03,W04,6,9,1,10,3.27,1.82,2095.69
CLUST-LOT-03,W04,6,10,1,10,2.51,1.83,2105.36
CLUST-LOT-03,W04,6,11,1,10,3.39,1.83,2067.28
CLUST-LOT-03,W04,6,12,1,10,3.46,1.78,2085.19
CLUST-LOT-03,W04,6,13,1,10,3.15,1.78,2112.38
CLUST-LOT-03,W04,6,14,1,10,3.19,1.75,2071.85
CLUST-LOT-03,W04,6,15,1,10,3.12,1.82,2120.11
CLUST-LOT-03,W04,6,16,1,10,2.45,1.82,2122.79
CLUST-LOT-03,W04,6,17,1,10,2.91,1.78,2121.73
CLUST-LOT-03,W04,6,18,1,10,2.66,1.82,2096.83
CLUST-LOT-03,W04,7,-17,1,10,2.22,1.83,2106.69
CLUST-LOT-03,W04,7,-16,1,10,2.35,1.83,2108.51
CLUST-LOT-03,W04,7,-15,1,10,2.92,1.85,2095.33
CLUST-LOT-03,W04,7,-14,1,10,2.71,1.77,2078.23
CLUST-LOT-03,W04,7,-13,1,10,3.1,1.8,2092.63
CLUST-LOT-03,W04,7,-12,1,10,3.7,1.82,2135.64
CLUST-LOT-03,W04,7,-11,1,10,3.02,1.82,2088.31
CLUST-LOT-03,W04,7,-10,1,10,2.61,1.82,2111.29
CLUST-LOT-03,W04,7,-9,1,10,3.09,1.81,2146
CLUST-LOT-03,W04,7,-8,1,10,2.68,1.78,2114.68
CLUST-LOT-03,W04,7,-7,1,10,3.04,1.83,2123.95
CLUST-LOT-03,W04,7,-6,1,10,3.34,1.82,2114.19
CLUST-LOT-03,W04,7,-5,1,10,2.53,1.8,2136.5
CLUST-LOT-03,W04,7,-4,1,10,3,1.86,2099.01
CLUST-LOT-03,W04,7,-3,1,10,3.2,1.76,2122.14
CLUST-LOT-03,W04,7,-2,1,10,2.46,1.74,2109.46
CLUST-LOT-03,W04,7,-1,1,10,2.75,1.82,2098.1
CLUST-LOT-03,W04,7,0,1,10,3.16,1.82,2107.21
CLUST-LOT-03,W04,7,1,1,10,3.12,1.8,2091.27
CLUST-LOT-03,W04,7,2,1,10,3.05,1.79,2103.7
CLUST-LOT-03,W04,7,3,1,10,2.98,1.81,2108.69
CLUST-LOT-03,W04,7,4,1,10,2.98,1.8,2081.64
CLUST-LOT-03,W04,7,5,1,10,2.38,1.8,2098.61
CLUST-LOT-03,W04,7,6,1,10,2.96,1.79,2098.8
CLUST-LOT-03,W04,7,7,1,10,3.36,1.83,2116.08
CLUST-LOT-03,W04,7,8,1,10,2.64,1.8,2137.21
CLUST-LOT-03,W04,7,9,1,10,2.78,1.74,2100.36
CLUST-LOT-03,W04,7,10,1,10,2.89,1.82,2109.57
CLUST-LOT-03,W04,7,11,1,10,2.34,1.77,2079.65
CLUST-LOT-03,W04,7,12,1,10,2.81,1.76,2117.14
CLUST-LOT-03,W04,7,13,1,11,3.21,1.78,2097.84
CLUST-LOT-03,W04,7,14,1,10,2.83,1.84,2080.44
CLUST-LOT-03,W04,7,15,1,10,2.94,1.87,2113.13
CLUST-LOT-03,W04,7,16,1,10,2.73,1.79,2065.26
CLUST-LOT-03,W04,7,17,1,10,2.6,1.86,2090.09
CLUST-LOT-03,W04,8,-17,3,32,2.91,1.79,2133.24
CLUST-LOT-03,W04,8,-16,1,11,2.6,1.83,2085.38
CLUST-LOT-03,W04,8,-15,1,10,2.47,1.83,2125.19
CLUST-LOT-03,W04,8,-14,1,10,2.93,1.82,2127.94
CLUST-LOT-03,W04,8,-13,1,10,2.72,1.84,2066.12
CLUST-LOT-03,W04,8,-12,1,10,3.64,1.74,2120.53
CLUST-LOT-03,W04,8,-11,1,10,3.34,1.81,2073.24
CLUST-LOT-03,W04,8,-10,1,10,3.49,1.8,2082.63
CLUST-LOT-03,W04,8,-9,1,10,3.1,1.82,2080.8
CLUST-LOT-03,W04,8,-8,1,10,2.9,1.78,2110.2
CLUST-LOT-03,W04,8,-7,1,10,2.54,1.81,2113.79
CLUST-LOT-03,W04,8,-6,1,11,2.77,1.8,2077.07
CLUST-LOT-03,W04,8,-5,1,10,3.48,1.79,2087.4
CLUST-LOT-03,W04,8,-4,1,10,3.04,1.76,2109.73
CLUST-LOT-03,W04,8,-3,1,10,2.85,1.76,2099.63
CLUST-LOT-03,W04,8,-2,1,10,2.91,1.83,2091.71
CLUST-LOT-03,W04,8,-1,1,10,2.63,1.8,2079.54
CLUST-LOT-03,W04,8,0,1,10,2.82,1.79,2117.18
CLUST-LOT-03,W04,8,1,1,10,3.07,1.78,2081.04
CLUST-LOT-03,W04,8,2,1,10,2.99,1.83,2096.65
CLUST-LOT-03,W04,8,3,1,10,3.09,1.86,2080.84
CLUST-LOT-03,W04,8,4,1,10,2.49,1.84,2111.67
CLUST-LOT-03,W04,8,5,1,11,3.01,1.76,2110.23
CLUST-LOT-03,W04,8,6,1,10,3.13,1.82,2087.91
CLUST-LOT-03,W04,8,7,1,10,2.86,1.81,2082.39
CLUST-LOT-03,W04,8,8,1,10,2.86,1.9,2096.5
CLUST-LOT-03,W04,8,9,1,10,3.4,1.83,2074.66
CLUST-LOT-03,W04,8,10,1,10,2.79,1.82,2115.38
CLUST-LOT-03,W04,8,11,1,10,2.82,1.73,2126.51
CLUST-LOT-03,W04,8,12,1,10,3.05,1.76,2078.65
CLUST-LOT-03,W04,8,13,1,10,3.07,1.79,2116.78
CLUST-LOT-03,W04,8,14,1,10,2.75,1.81,2098.52
CLUST-LOT-03,W04,8,15,1,10,3.43,1.85,2106.56
CLUST-LOT-03,W04,8,16,1,10,2.31,1.8,2069.95
CLUST-LOT-03,W04,8,17,1,10,3.1,1.87,2094.32
CLUST-LOT-03,W04,9,-17,1,10,2.53,1.83,2077.54
CLUST-LOT-03,W04,9,-16,1,10,3.18,1.83,2029.79
CLUST-LOT-03,W04,9,-15,1,10,2.79,1.82,2088.75
CLUST-LOT-03,W04,9,-14,1,10,3.42,1.78,2146.01
CLUST-LOT-03,W04,9,-13,1,10,2.54,1.87,2060.82
CLUST-LOT-03,W04,9,-12,1,10,2.51,1.79,2103.27
CLUST-LOT-03,W04,9,-11,1,10,3.15,1.83,2114.11
CLUST-LOT-03,W04,9,-10,1,10,2.66,1.78,2081.07
CLUST-LOT-03,W04,9,-9,1,10,2.64,1.83,2108.63
CLUST-LOT-03,W04,9,-8,1,10,2.85,1.82,2083.51
CLUST-LOT-03,W04,9,-7,1,10,2.36,1.78,2065.33
CLUST-LOT-03,W04,9,-6,1,10,2.51,1.81,2127.42
CLUST-LOT-03,W04,9,-5,1,11,2.84,1.82,2079.91
CLUST-LOT-03,W04,9,-4,1,10,2.27,1.79,2085.28
CLUST-LOT-03,W04,9,-3,1,10,1.94,1.83,2109.84
CLUST-LOT-03,W04,9,-2,1,10,2.7,1.78,2107.33
CLUST-LOT-03,W04,9,-1,1,10,2.42,1.8,2121.4
CLUST-LOT-03,W04,9,0,1,10,2.49,1.79,2102.49
CLUST-LOT-03,W04,9,1,1,10,2.74,1.8,2149.64
CLUST-LOT-03,W04,9,2,1,10,2.82,1.83,2077.66
CLUST-LOT-03,W04,9,3,1,10,2.48,1.78,2107.5
CLUST-LOT-03,W04,9,4,1,10,2.78,1.81,2066.99
CLUST-LOT-03,W04,9,5,1,10,2.55,1.84,2085.33
CLUST-LOT-03,W04,9,6,1,10,3.14,1.8,2085.66
CLUST-LOT-03,W04,9,7,1,10,3.07,1.77,2095.23
CLUST-LOT-03,W04,9,8,1,10,3.01,1.81,2100.26
CLUST-LOT-03,W04,9,9,1,10,3.11,1.81,2126.64
CLUST-LOT-03,W04,9,10,1,10,2.85,1.84,2136.54
CLUST-LOT-03,W04,9,11,1,10,3.17,1.81,2090.81
CLUST-LOT-03,W04,9,12,1,10,2.91,1.78,2113.33
CLUST-LOT-03,W04,9,13,1,10,2.25,1.78,2110.62
CLUST-LOT-03,W04,9,14,1,10,2.65,1.86,2101.14
CLUST-LOT-03,W04,9,15,1,10,2.99,1.8,2098.33
CLUST-LOT-03,W04,9,16,1,11,2.79,1.8,2090.53
CLUST-LOT-03,W04,9,17,1,10,2.97,1.81,2106.63
CLUST-LOT-03,W04,10,-16,1,10,2.8,1.8,2118.27
CLUST-LOT-03,W04,10,-15,1,10,2.8,1.77,2095.12
CLUST-LOT-03,W04,10,-14,1,10,2.48,1.78,2110.67
CLUST-LOT-03,W04,10,-13,1,10,2.63,1.81,2069.08
CLUST-LOT-03,W04,10,-12,1,10,3.08,1.75,2116.01
CLUST-LOT-03,W04,10,-11,1,10,2.9,1.77,2106.36
CLUST-LOT-03,W04,10,-10,1,10,2.62,1.82,2064
CLUST-LOT-03,W04,10,-9,1,10,2.28,1.83,2078.68
CLUST-LOT-03,W04,10,-8,1,10,3.12,1.78,2114.26
CLUST-LOT-03,W04,10,-7,1,11,2.51,1.82,2061.39
CLUST-LOT-03,W04,10,-6,1,11,2.72,1.77,2086.71
CLUST-LOT-03,W04,10,-5,1,10,2.28,1.82,2134
CLUST-LOT-03,W04,10,-4,1,10,3.42,1.79,2133.83
CLUST-LOT-03,W04,10,-3,1,10,2.47,1.82,2082.69
CLUST-LOT-03,W04,10,-2,1,10,2.29,1.83,2092.58
CLUST-LOT-03,W04,10,-1,1,10,3.05,1.76,2108.16
CLUST-LOT-03,W04,10,0,1,10,2.13,1.77,2111.56
CLUST-LOT-03,W04,10,1,1,10,2.59,1.82,2109.77
CLUST-LOT-03,W04,10,2,1,10,2.39,1.83,2068.63
CLUST-LOT-03,W04,10,3,1,10,3.44,1.79,2102.1
CLUST-LOT-03,W04,10,4,1,10,2.62,1.8,2060.51
CLUST-LOT-03,W04,10,5,1,10,2.55,1.81,2114.35
CLUST-LOT-03,W04,10,6,1,10,2.77,1.8,2073.41
CLUST-LOT-03,W04,10,7,1,10,2.53,1.8,2097.61
CLUST-LOT-03,W04,10,8,1,11,2.85,1.8,2134.08
CLUST-LOT-03,W04,10,9,1,11,3.33,1.84,2075.05
CLUST-LOT-03,W04,10,10,1,11,2.77,1.85,2109.86
CLUST-LOT-03,W04,10,11,1,10,3.2,1.76,2119.75
CLUST-LOT-03,W04,10,12,1,10,2.91,1.81,2092.97
CLUST-LOT-03,W04,10,13,1,10,3.26,1.82,2079.96
CLUST-LOT-03,W04,10,14,1,10,3.05,1.85,2086.43
CLUST-LOT-03,W04,10,15,1,10,2.64,1.81,2108.13
CLUST-LOT-03,W04,10,16,1,11,2.4,1.79,2069.21
CLUST-LOT-03,W04,11,-15,1,11,3.06,1.78,2097.83
CLUST-LOT-03,W04,11,-14,1,11,3.12,1.81,2052.72
CLUST-LOT-03,W04,11,-13,1,10,2.37,1.79,2084.77
CLUST-LOT-03,W04,11,-12,1,10,3.52,1.81,2104.67
CLUST-LOT-03,W04,11,-11,1,10,2.24,1.79,2123.36
CLUST-LOT-03,W04,11,-10,1,10,3.25,1.73,2089.79
CLUST-LOT-03,W04,11,-9,1,10,3.31,1.79,2124.35
CLUST-LOT-03,W04,11,-8,1,10,2.81,1.82,2101.66
CLUST-LOT-03,W04,11,-7,1,10,3.07,1.79,2102.35
CLUST-LOT-03,W04,11,-6,1,10,2.39,1.79,2089.28
CLUST-LOT-03,W04,11,-5,1,10,2.93,1.82,2130.7
CLUST-LOT-03,W04,11,-4,1,11,2.54,1.83,2110.44
CLUST-LOT-03,W04,11,-3,1,10,3.25,1.75,2074.93
CLUST-LOT-03,W04,11,-2,1,10,2.92,1.76,2114.08
CLUST-LOT-03,W04,11,-1,1,10,3.1,1.82,2098.64
CLUST-LOT-03,W04,11,0,1,10,2.83,1.78,2102.62
CLUST-LOT-03,W04,11,1,1,10,3.08,1.82,2095.48
CLUST-LOT-03,W04,11,2,1,10,2.36,1.84,2072.31
CLUST-LOT-03,W04,11,3,1,10,2.6,1.78,2063.11
CLUST-LOT-03,W04,11,4,1,10,2.64,1.83,2095.46
CLUST-LOT-03,W04,11,5,1,10,2.69,1.8,2107.9
CLUST-LOT-03,W04,11,6,1,10,2.5,1.78,2087.5
CLUST-LOT-03,W04,11,7,1,10,3.05,1.82,2090.51
CLUST-LOT-03,W04,11,8,1,11,2.65,1.81,2043.91
CLUST-LOT-03,W04,11,9,1,10,3.16,1.83,2088.79
CLUST-LOT-03,W04,11,10,1,10,2.78,1.79,2092.59
CLUST-LOT-03,W04,11,11,1,10,2.78,1.8,2079.23
CLUST-LOT-03,W04,11,12,1,10,3.14,1.81,2107.29
CLUST-LOT-03,W04,11,13,1,10,2.58,1.86,2136.7
CLUST-LOT-03,W04,11,14,1,10,2.88,1.8,2069.48
CLUST-LOT-03,W04,11,15,3,32,2.56,1.79,2077.55
CLUST-LOT-03,W04,12,-15,1,10,3.16,1.75,2099.78
CLUST-LOT-03,W04,12,-14,1,10,3.67,1.8,2095.13
CLUST-LOT-03,W04,12,-13,1,10,2.74,1.83,2109.56
CLUST-LOT-03,W04,12,-12,1,10,2.53,1.82,2059.82
CLUST-LOT-03,W04,12,-11,1,10,3.12,1.83,2096.1
CLUST-LOT-03,W04,12,-10,1,10,2.36,1.82,2120.27
CLUST-LOT-03,W04,12,-9,1,10,2.86,1.81,2107.52
CLUST-LOT-03,W04,12,-8,1,10,2.9,1.8,2128.83
CLUST-LOT-03,W04,12,-7,1,10,2.95,1.82,2105.55
CLUST-LOT-03,W04,12,-6,1,10,2.69,1.8,2097.98
CLUST-LOT-03,W04,12,-5,1,10,2.57,1.8,2096.55
CLUST-LOT-03,W04,12,-4,1,10,1.85,1.78,2078.63
CLUST-LOT-03,W04,12,-3,1,11,3.16,1.77,2109.54
CLUST-LOT-03,W04,12,-2,1,10,2.32,1.86,2094.77
CLUST-LOT-03,W04,12,-1,1,10,2.84,1.85,2115.23
CLUST-LOT-03,W04,12,0,1,10,2.88,1.79,2126.3
CLUST-LOT-03,W04,12,1,1,10,2.93,1.78,2110.5
CLUST-LOT-03,W04,12,2,1,10,2.66,1.81,2089.34
CLUST-LOT-03,W04,12,3,1,10,3.24,1.8,2108.15
CLUST-LOT-03,W04,12,4,1,10,2.72,1.86,2112.45
CLUST-LOT-03,W04,12,5,1,10,2.63,1.78,2104.6
CLUST-LOT-03,W04,12,6,1,10,3.65,1.8,2119.9
CLUST-LOT-03,W04,12,7,2,23,2.59,1.73,2069.59
CLUST-LOT-03,W04,12,8,1,10,2.53,1.76,2118.62
CLUST-LOT-03,W04,12,9,1,10,2.32,1.82,2102.74
CLUST-LOT-03,W04,12,10,1,10,2.32,1.74,2108.6
CLUST-LOT-03,W04,12,11,1,10,2.61,1.84,2095.12
CLUST-LOT-03,W04,12,12,1,10,2.97,1.81,2098.89
CLUST-LOT-03,W04,12,13,1,10,3.09,1.78,2123.89
CLUST-LOT-03,W04,12,14,1,10,2.66,1.8,2078.57
CLUST-LOT-03,W04,12,15,1,10,2.96,1.79,2081.44
CLUST-LOT-03,W04,13,-14,1,10,3.68,1.84,2108.01
CLUST-LOT-03,W04,13,-13,1,10,2.69,1.81,2076.76
CLUST-LOT-03,W04,13,-12,1,10,2.8,1.8,2104.86
CLUST-LOT-03,W04,13,-11,1,10,2.56,1.8,2070.66
CLUST-LOT-03,W04,13,-10,1,10,2.95,1.79,2112.96
CLUST-LOT-03,W04,13,-9,1,10,2.74,1.83,2085.18
CLUST-LOT-03,W04,13,-8,1,10,2.49,1.78,2075.7
CLUST-LOT-03,W04,13,-7,1,10,2.93,1.8,2102.05
CLUST-LOT-03,W04,13,-6,1,10,3.26,1.85,2130.81
CLUST-LOT-03,W04,13,-5,1,10,2.63,1.77,2084.6
CLUST-LOT-03,W04,13,-4,1,10,2.97,1.79,2068.71
CLUST-LOT-03,W04,13,-3,1,10,2.96,1.77,2137.8
CLUST-LOT-03,W04,13,-2,1,10,2.55,1.78,2095.79
CLUST-LOT-03,W04,13,-1,1,11,3.14,1.81,2118.5
CLUST-LOT-03,W04,13,0,1,10,2.48,1.8,2128.75
CLUST-LOT-03,W04,13,1,1,10,2.52,1.8,2091.77
CLUST-LOT-03,W04,13,2,1,10,2.75,1.71,2120.58
CLUST-LOT-03,W04,13,3,1,10,3.14,1.78,2108.09
CLUST-LOT-03,W04,13,4,1,10,2.7,1.75,2115.07
CLUST-LOT-03,W04,13,5,1,10,2.84,1.83,2137.61
CLUST-LOT-03,W04,13,6,1,10,2.42,1.8,2109.6
CLUST-LOT-03,W04,13,7,1,10,2.25,1.83,2085.81
CLUST-LOT-03,W04,13,8,1,10,3.28,1.81,2081.63
CLUST-LOT-03,W04,13,9,1,10,2.73,1.81,2113.99
CLUST-LOT-03,W04,13,10,1,10,2.07,1.82,2103.63
CLUST-LOT-03,W04,13,11,1,10,2.31,1.79,2101.17
CLUST-LOT-03,W04,13,12,1,10,2.42,1.77,2097.79
CLUST-LOT-03,W04,13,13,1,10,3.23,1.82,2088.92
CLUST-LOT-03,W04,13,14,1,10,2.42,1.79,2126.3
CLUST-LOT-03,W04,14,-13,1,10,3.17,1.77,2096.5
CLUST-LOT-03,W04,14,-12,1,10,3.07,1.82,2089.78
CLUST-LOT-03,W04,14,-11,1,10,1.98,1.76,2109.93
CLUST-LOT-03,W04,14,-10,1,10,2.76,1.84,2084.88
CLUST-LOT-03,W04,14,-9,1,10,2.7,1.79,2129.41
CLUST-LOT-03,W04,14,-8,1,10,2.53,1.81,2123.64
CLUST-LOT-03,W04,14,-7,1,10,2.38,1.86,2096.64
CLUST-LOT-03,W04,14,-6,1,10,2.56,1.74,2107.61
CLUST-LOT-03,W04,14,-5,1,10,2.58,1.81,2077.41
CLUST-LOT-03,W04,14,-4,1,10,3.24,1.82,2077.29
CLUST-LOT-03,W04,14,-3,1,10,2.25,1.79,2102.43
CLUST-LOT-03,W04,14,-2,1,10,2.6,1.83,2094.51
CLUST-LOT-03,W04,14,-1,1,10,2.57,1.75,2104.5
CLUST-LOT-03,W04,14,0,1,10,3.17,1.79,2123.52
CLUST-LOT-03,W04,14,1,1,10,2.24,1.77,2095.41
CLUST-LOT-03,W04,14,2,1,10,2.26,1.77,2102.05
CLUST-LOT-03,W04,14,3,1,10,2.99,1.8,2126.94
CLUST-LOT-03,W04,14,4,1,10,3.48,1.83,2128.18
CLUST-LOT-03,W04,14,5,1,10,2.79,1.79,2096.63
CLUST-LOT-03,W04,14,6,1,10,2.8,1.82,2090.64
CLUST-LOT-03,W04,14,7,1,10,3.01,1.76,2114.57
CLUST-LOT-03,W04,14,8,1,10,2.35,1.8,2095.08
CLUST-LOT-03,W04,14,9,1,10,2.37,1.85,2101.39
CLUST-LOT-03,W04,14,10,1,10,3.13,1.76,2124.18
CLUST-LOT-03,W04,14,11,1,10,2.34,1.8,2144.25
CLUST-LOT-03,W04,14,12,1,10,2.95,1.8,2060.09
CLUST-LOT-03,W04,14,13,1,10,2.97,1.77,2131.81
CLUST-LOT-03,W04,15,-12,1,10,3.1,1.8,2124.94
CLUST-LOT-03,W04,15,-11,1,10,2.09,1.8,2091.04
CLUST-LOT-03,W04,15,-10,1,10,2.72,1.79,2067.39
CLUST-LOT-03,W04,15,-9,1,10,2.64,1.81,2113.11
CLUST-LOT-03,W04,15,-8,1,10,2.5,1.81,2105
CLUST-LOT-03,W04,15,-7,1,10,2.6,1.78,2090.98
CLUST-LOT-03,W04,15,-6,1,10,3.05,1.84,2103.09
CLUST-LOT-03,W04,15,-5,1,10,2.5,1.8,2116.95
CLUST-LOT-03,W04,15,-4,1,10,1.91,1.81,2113.42
CLUST-LOT-03,W04,15,-3,1,10,3.16,1.77,2099.14
CLUST-LOT-03,W04,15,-2,1,10,2.95,1.8,2117.28
CLUST-LOT-03,W04,15,-1,1,10,2.5,1.8,2117.24
CLUST-LOT-03,W04,15,0,1,10,3.59,1.8,2153.74
CLUST-LOT-03,W04,15,1,1,10,3.1,1.77,2100.44
CLUST-LOT-03,W04,15,2,1,11,3.07,1.81,2093.44
CLUST-LOT-03,W04,15,3,1,10,2.65,1.8,2101.74
CLUST-LOT-03,W04,15,4,1,11,3.1,1.74,2110.99
CLUST-LOT-03,W04,15,5,1,10,3.73,1.77,2091.44
CLUST-LOT-03,W04,15,6,1,10,2.85,1.79,2028.57
CLUST-LOT-03,W04,15,7,1,10,3.47,1.79,2078.96
CLUST-LOT-03,W04,15,8,1,10,3.15,1.83,2081.23
CLUST-LOT-03,W04,15,9,1,10,2.85,1.8,2070.7
CLUST-LOT-03,W04,15,10,1,10,3.11,1.78,2090.29
CLUST-LOT-03,W04,15,11,1,10,3.02,1.8,2164.42
CLUST-LOT-03,W04,15,12,1,10,2.67,1.8,2123.55
CLUST-LOT-03,W04,16,-10,1,10,2.59,1.79,2094.39
CLUST-LOT-03,W04,16,-9,1,10,2.48,1.84,2072.13
CLUST-LOT-03,W04,16,-8,1,10,2.41,1.81,2081.89
CLUST-LOT-03,W04,16,-7,1,10,3.5,1.79,2081.64
CLUST-LOT-03,W04,16,-6,1,10,2.92,1.76,2078.42
CLUST-LOT-03,W04,16,-5,1,10,3.1,1.81,2101.87
CLUST-LOT-03,W04,16,-4,1,10,2.66,1.77,2108.76
CLUST-LOT-03,W04,16,-3,1,10,2.32,1.8,2129.84
CLUST-LOT-03,W04,16,-2,1,10,2.81,1.81,2088.52
CLUST-LOT-03,W04,16,-1,1,10,2.83,1.79,2069.73
CLUST-LOT-03,W04,16,0,1,10,2.67,1.8,2059.46
CLUST-LOT-03,W04,16,1,1,11,2.69,1.8,2057.03
CLUST-LOT-03,W04,16,2,1,10,2.69,1.88,2121.1
CLUST-LOT-03,W04,16,3,1,10,3.25,1.81,2090.17
CLUST-LOT-03,W04,16,4,1,10,3.17,1.85,2105.11
CLUST-LOT-03,W04,16,5,1,10,3.11,1.81,2065.91
CLUST-LOT-03,W04,16,6,1,10,2.6,1.77,2106.23
CLUST-LOT-03,W04,16,7,1,10,3.03,1.88,2109.68
CLUST-LOT-03,W04,16,8,1,10,2.36,1.76,2074.63
CLUST-LOT-03,W04,16,9,1,10,2.43,1.8,2055.54
CLUST-LOT-03,W04,16,10,1,10,2.97,1.82,2160.33
CLUST-LOT-03,W04,17,-9,1,10,2.82,1.75,2101.91
CLUST-LOT-03,W04,17,-8,1,10,2.58,1.86,2071.31
CLUST-LOT-03,W04,17,-7,1,10,2.7,1.81,2117.73
CLUST-LOT-03,W04,17,-6,1,10,3.57,1.81,2124.38
CLUST-LOT-03,W04,17,-5,1,10,2.96,1.81,2066.8
CLUST-LOT-03,W04,17,-4,1,10,3.29,1.77,2117.63
CLUST-LOT-03,W04,17,-3,1,10,2.91,1.8,2103.22
CLUST-LOT-03,W04,17,-2,1,11,2.26,1.82,2110.77
CLUST-LOT-03,W04,17,-1,1,10,2.7,1.75,2127.86
CLUST-LOT-03,W04,17,0,1,10,2.45,1.77,2069.16
CLUST-LOT-03,W04,17,1,1,10,2.48,1.78,2156.9
CLUST-LOT-03,W04,17,2,1,10,2.26,1.78,2124.67
CLUST-LOT-03,W04,17,3,1,10,2.96,1.83,2077.82
CLUST-LOT-03,W04,17,4,1,10,2.74,1.8,2117.3
CLUST-LOT-03,W04,17,5,1,10,2.63,1.76,2100.8
CLUST-LOT-03,W04,17,6,1,10,1.84,1.78,2090.23
CLUST-LOT-03,W04,17,7,1,10,2.83,1.81,2101.54
CLUST-LOT-03,W04,17,8,1,10,2.58,1.78,2058.27
CLUST-LOT-03,W04,17,9,1,10,3.22,1.8,2101.58
CLUST-LOT-03,W04,18,-6,1,10,3.03,1.86,2073.4
CLUST-LOT-03,W04,18,-5,1,10,2.69,1.81,2122.53
CLUST-LOT-03,W04,18,-4,1,10,2.5,1.77,2071.35
CLUST-LOT-03,W04,18,-3,1,10,2.99,1.78,2131.84
CLUST-LOT-03,W04,18,-2,1,10,2.8,1.74,2096.02
CLUST-LOT-03,W04,18,-1,1,10,2.27,1.72,2105.65
CLUST-LOT-03,W04,18,0,1,10,2.91,1.79,2095.35
CLUST-LOT-03,W04,18,1,1,10,2.81,1.81,2086.89
CLUST-LOT-03,W04,18,2,1,10,2.95,1.78,2094.28
CLUST-LOT-03,W04,18,3,1,10,2.35,1.77,2102.77
CLUST-LOT-03,W04,18,4,1,10,2.92,1.8,2116.05
CLUST-LOT-03,W04,18,5,1,10,2.73,1.78,2106.91
CLUST-LOT-03,W04,18,6,1,10,2.53,1.8,2086.58
CLUST-LOT-03,W04,19,-3,1,10,3.02,1.85,2090.44
CLUST-LOT-03,W04,19,-2,1,10,2.44,1.77,2095.77
CLUST-LOT-03,W04,19,-1,1,10,2.76,1.85,2093.23
CLUST-LOT-03,W04,19,0,1,10,1.82,1.89,2104.77
CLUST-LOT-03,W04,19,1,1,10,2.57,1.78,2120.07
CLUST-LOT-03,W04,19,2,1,10,3.55,1.85,2107.68
CLUST-LOT-03,W04,19,3,1,10,2.98,1.81,2103.18
CLUST-LOT-03,W05,-19,-3,1,10,3.24,1.82,2100.14
CLUST-LOT-03,W05,-19,-2,1,10,2.66,1.78,2102.68
CLUST-LOT-03,W05,-19,-1,1,10,2.95,1.84,2077.92
CLUST-LOT-03,W05,-19,0,1,10,2.53,1.77,2098.85
CLUST-LOT-03,W05,-19,1,1,10,2.86,1.83,2120.84
CLUST-LOT-03,W05,-19,2,2,23,2.2,1.79,2118.1
CLUST-LOT-03,W05,-19,3,1,10,2.83,1.82,2066.47
CLUST-LOT-03,W05,-18,-6,1,10,2.09,1.82,2095.55
CLUST-LOT-03,W05,-18,-5,1,10,2.81,1.8,2098.35
CLUST-LOT-03,W05,-18,-4,1,10,2.59,1.79,2098.68
CLUST-LOT-03,W05,-18,-3,1,10,3.36,1.8,2112.83
CLUST-LOT-03,W05,-18,-2,1,10,2.66,1.81,2110.03
CLUST-LOT-03,W05,-18,-1,1,10,2.74,1.74,2102.27
CLUST-LOT-03,W05,-18,0,1,10,2.72,1.82,2142.38
CLUST-LOT-03,W05,-18,1,1,10,2.29,1.82,2064.28
CLUST-LOT-03,W05,-18,2,1,10,3.01,1.79,2092.13
CLUST-LOT-03,W05,-18,3,1,10,2.39,1.82,2113.95
CLUST-LOT-03,W05,-18,4,1,10,3.42,1.74,2116.42
CLUST-LOT-03,W05,-18,5,1,10,2.54,1.78,2083.69
CLUST-LOT-03,W05,-18,6,1,10,3.03,1.81,2114.28
CLUST-LOT-03,W05,-17,-9,1,10,3.41,1.77,2126.85
CLUST-LOT-03,W05,-17,-8,1,10,2.5,1.75,2125.3
CLUST-LOT-03,W05,-17,-7,1,10,2.63,1.79,2051.16
CLUST-LOT-03,W05,-17,-6,1,10,2.93,1.79,2112.92
CLUST-LOT-03,W05,-17,-5,1,10,2.73,1.78,2071.24
CLUST-LOT-03,W05,-17,-4,1,10,2.24,1.81,2135.29
CLUST-LOT-03,W05,-17,-3,1,10,2.78,1.84,2099.56
CLUST-LOT-03,W05,-17,-2,1,10,2.53,1.82,2073.89
CLUST-LOT-03,W05,-17,-1,1,10,2.85,1.87,2066.79
CLUST-LOT-03,W05,-17,0,1,10,3.4,1.83,2118.38
CLUST-LOT-03,W05,-17,1,1,10,2.83,1.79,2118.43
CLUST-LOT-03,W05,-17,2,1,10,3.35,1.76,2108.23
CLUST-LOT-03,W05,-17,3,1,10,2.07,1.77,2121.52
CLUST-LOT-03,W05,-17,4,1,10,2.64,1.83,2090.63
CLUST-LOT-03,W05,-17,5,1,10,2.88,1.84,2073.46
CLUST-LOT-03,W05,-17,6,1,10,3.19,1.8,2092.85
CLUST-LOT-03,W05,-17,7,1,10,2.77,1.8,2121.98
CLUST-LOT-03,W05,-17,8,1,10,3.04,1.78,2120.48
CLUST-LOT-03,W05,-17,9,1,10,2.96,1.81,2086.08
CLUST-LOT-03,W05,-16,-10,1,10,2.61,1.85,2096.74
CLUST-LOT-03,W05,-16,-9,1,10,2.86,1.78,2063.16
CLUST-LOT-03,W05,-16,-8,2,23,2.87,1.81,2118.42
CLUST-LOT-03,W05,-16,-7,1,10,2.99,1.81,2106.91
CLUST-LOT-03,W05,-16,-6,1,10,3.04,1.81,2123.71
CLUST-LOT-03,W05,-16,-5,1,10,2.93,1.8,2108.72
CLUST-LOT-03,W05,-16,-4,1,11,3.82,1.81,2112.26
CLUST-LOT-03,W05,-16,-3,1,10,2.74,1.81,2079.47
CLUST-LOT-03,W05,-16,-2,1,11,2.93,1.82,2091.29
CLUST-LOT-03,W05,-16,-1,1,11,2.65,1.73,2094.74
CLUST-LOT-03,W05,-16,0,1,11,2.67,1.81,2096.32
CLUST-LOT-03,W05,-16,1,1,10,3.03,1.8,2085.3
CLUST-LOT-03,W05,-16,2,1,10,2.99,1.74,2101.56
CLUST-LOT-03,W05,-16,3,1,10,2.91,1.84,2077.06
CLUST-LOT-03,W05,-16,4,1,10,2.79,1.81,2066.82
CLUST-LOT-03,W05,-16,5,1,10,3.16,1.77,2087.04
CLUST-LOT-03,W05,-16,6,1,10,2.41,1.78,2086.95
CLUST-LOT-03,W05,-16,7,1,10,2.72,1.81,2148.2
CLUST-LOT-03,W05,-16,8,1,10,2.2,1.81,2126.34
CLUST-LOT-03,W05,-16,9,1,10,2.93,1.79,2097.37
CLUST-LOT-03,W05,-16,10,1,10,3.19,1.83,2083.72
CLUST-LOT-03,W05,-15,-12,1,10,2.81,1.81,2039.32
CLUST-LOT-03,W05,-15,-11,1,10,2.68,1.8,2124.34
CLUST-LOT-03,W05,-15,-10,1,10,3.24,1.79,2118.56
CLUST-LOT-03,W05,-15,-9,1,10,2.91,1.83,2123.68
CLUST-LOT-03,W05,-15,-8,1,10,3.11,1.84,2112.8
CLUST-LOT-03,W05,-15,-7,1,10,2.79,1.76,2113.64
CLUST-LOT-03,W05,-15,-6,1,10,3.03,1.82,2098.92
CLUST-LOT-03,W05,-15,-5,1,10,3.3,1.85,2108.23
CLUST-LOT-03,W05,-15,-4,1,10,3.08,1.82,2120.69
CLUST-LOT-03,W05,-15,-3,1,10,1.9,1.81,2060.61
CLUST-LOT-03,W05,-15,-2,1,11,3.05,1.82,2097.2
CLUST-LOT-03,W05,-15,-1,1,10,3.04,1.83,2119.53
CLUST-LOT-03,W05,-15,0,1,10,2.27,1.86,2070.16
CLUST-LOT-03,W05,-15,1,1,10,2.23,1.77,2108.81
CLUST-LOT-03,W05,-15,2,1,10,2.85,1.81,2110.82
CLUST-LOT-03,W05,-15,3,1,10,2.67,1.82,2080.91
CLUST-LOT-03,W05,-15,4,1,10,3.12,1.82,2115.17
CLUST-LOT-03,W05,-15,5,1,10,3.15,1.77,2085.27
CLUST-LOT-03,W05,-15,6,1,10,2.88,1.82,2104.43
CLUST-LOT-03,W05,-15,7,1,10,2.51,1.8,2055
CLUST-LOT-03,W05,-15,8,1,10,2.95,1.81,2102.04
CLUST-LOT-03,W05,-15,9,1,10,2.98,1.79,2093.11
CLUST-LOT-03,W05,-15,10,1,11,2.8,1.78,2118.77
CLUST-LOT-03,W05,-15,11,1,10,2.98,1.8,2107.6
CLUST-LOT-03,W05,-15,12,1,10,1.97,1.8,2096.24
CLUST-LOT-03,W05,-14,-13,1,10,2.7,1.84,2108.21
CLUST-LOT-03,W05,-14,-12,1,10,3.42,1.76,2106.8
CLUST-LOT-03,W05,-14,-11,1,10,3.03,1.8,2126.33
CLUST-LOT-03,W05,-14,-10,1,10,3.41,1.82,2130.17
CLUST-LOT-03,W05,-14,-9,1,10,2.91,1.83,2057.62
CLUST-LOT-03,W05,-14,-8,1,10,3.2,1.81,2083.84
CLUST-LOT-03,W05,-14,-7,1,10,2.75,1.83,2137.84
CLUST-LOT-03,W05,-14,-6,1,10,2.71,1.79,2076.44
CLUST-LOT-03,W05,-14,-5,1,10,3.1,1.83,2077.45
CLUST-LOT-03,W05,-14,-4,1,10,2.28,1.79,2078.07
CLUST-LOT-03,W05,-14,-3,1,10,3.1,1.82,2135.22
CLUST-LOT-03,W05,-14,-2,1,10,2.7,1.8,2094.44
CLUST-LOT-03,W05,-14,-1,1,10,2.62,1.73,2104.99
CLUST-LOT-03,W05,-14,0,1,11,2.82,1.79,2066.58
CLUST-LOT-03,W05,-14,1,1,10,3.22,1.77,2108.5
CLUST-LOT-03,W05,-14,2,1,10,2.94,1.85,2060.02
CLUST-LOT-03,W05,-14,3,1,10,2.78,1.78,2083.43
CLUST-LOT-03,W05,-14,4,1,10,2.19,1.8,2106.12
CLUST-LOT-03,W05,-14,5,1,10,3.41,1.82,2100.49
CLUST-LOT-03,W05,-14,6,1,10,2.62,1.79,2115.62
CLUST-LOT-03,W05,-14,7,1,10,2.43,1.8,2098.01
CLUST-LOT-03,W05,-14,8,1,10,2.87,1.76,2090.09
CLUST-LOT-03,W05,-14,9,1,11,2.4,1.84,2115.42
CLUST-LOT-03,W05,-14,10,1,10,3.27,1.78,2081.41
CLUST-LOT-03,W05,-14,11,1,10,2.99,1.8,2112.56
CLUST-LOT-03,W05,-14,12,1,10,2.7,1.81,2104.36
CLUST-LOT-03,W05,-14,13,1,10,2.81,1.79,2080.09
CLUST-LOT-03,W05,-13,-14,1,11,2.93,1.79,2111.72
CLUST-LOT-03,W05,-13,-13,1,10,2.75,1.77,2058.18
CLUST-LOT-03,W05,-13,-12,1,10,3.32,1.85,2108.78
CLUST-LOT-03,W05,-13,-11,1,10,2.45,1.79,2072.46
CLUST-LOT-03,W05,-13,-10,1,10,2.19,1.83,2107.5
CLUST-LOT-03,W05,-13,-9,1,10,3.27,1.77,2104.08
CLUST-LOT-03,W05,-13,-8,1,10,3.09,1.8,2092.86
CLUST-LOT-03,W05,-13,-7,1,10,2.3,1.8,2103.33
CLUST-LOT-03,W05,-13,-6,1,10,2.83,1.82,2089.13
CLUST-LOT-03,W05,-13,-5,1,10,2.69,1.83,2131.4
CLUST-LOT-03,W05,-13,-4,1,10,2.69,1.8,2057.77
CLUST-LOT-03,W05,-13,-3,1,10,3.01,1.77,2165.57
CLUST-LOT-03,W05,-13,-2,1,10,2.35,1.84,2086.57
CLUST-LOT-03,W05,-13,-1,1,10,2.49,1.79,2104.14
CLUST-LOT-03,W05,-13,0,1,10,3.22,1.83,2097.84
CLUST-LOT-03,W05,-13,1,1,10,3.08,1.76,2075.18
CLUST-LOT-03,W05,-13,2,1,10,2.9,1.84,2098.64
CLUST-LOT-03,W05,-13,3,1,10,2.68,1.77,2089.06
CLUST-LOT-03,W05,-13,4,1,10,3.12,1.81,2105.98
CLUST-LOT-03,W05,-13,5,1,10,2.71,1.82,2135.26
CLUST-LOT-03,W05,-13,6,1,10,2.53,1.79,2092.85
CLUST-LOT-03,W05,-13,7,1,10,3.51,1.81,2136.09
CLUST-LOT-03,W05,-13,8,1,10,2.98,1.79,2135.61
CLUST-LOT-03,W05,-13,9,1,10,3.27,1.8,2109.39
CLUST-LOT-03,W05,-13,10,1,10,2.77,1.78,2124.98
CLUST-LOT-03,W05,-13,11,1,10,2.53,1.81,2107.32
CLUST-LOT-03,W05,-13,12,1,10,2.5,1.84,2078.27
CLUST-LOT-03,W05,-13,13,1,10,3.14,1.82,2133
CLUST-LOT-03,W05,-13,14,1,10,2.78,1.78,2141.74
CLUST-LOT-03,W05,-12,-15,1,10,3.3,1.79,2139.47
CLUST-LOT-03,W05,-12,-14,1,10,2.87,1.78,2147.64
CLUST-LOT-03,W05,-12,-13,1,10,3.17,1.83,2117.32
CLUST-LOT-03,W05,-12,-12,1,10,2.74,1.77,2108.2
CLUST-LOT-03,W05,-12,-11,1,11,2.93,1.76,2102.04
CLUST-LOT-03,W05,-12,-10,1,10,2.73,1.8,2097.79
CLUST-LOT-03,W05,-12,-9,1,10,2.51,1.83,2113.66
CLUST-LOT-03,W05,-12,-8,1,10,3.02,1.83,2133.28
CLUST-LOT-03,W05,-12,-7,1,10,2.18,1.85,2120.5
CLUST-LOT-03,W05,-12,-6,1,10,3.01,1.83,2099.57
CLUST-LOT-03,W05,-12,-5,1,10,2.31,1.78,2070.11
CLUST-LOT-03,W05,-12,-4,1,10,3.24,1.82,2114.27
CLUST-LOT-03,W05,-12,-3,1,10,3.16,1.84,2059.98
CLUST-LOT-03,W05,-12,-2,1,10,2.38,1.79,2126.54
CLUST-LOT-03,W05,-12,-1,1,10,2.74,1.81,2102.54
CLUST-LOT-03,W05,-12,0,1,10,2.92,1.77,2081.48
CLUST-LOT-03,W05,-12,1,1,10,2.39,1.85,2097.29
CLUST-LOT-03,W05,-12,2,1,10,3.5,1.77,2104.72
CLUST-LOT-03,W05,-12,3,1,10,2.06,1.8,2086.43
CLUST-LOT-03,W05,-12,4,1,10,3.17,1.82,2119.97
CLUST-LOT-03,W05,-12,5,1,10,3.39,1.78,2075.12
CLUST-LOT-03,W05,-12,6,1,10,2.51,1.79,2131.27
CLUST-LOT-03,W05,-12,7,1,10,2.59,1.78,2084.07
CLUST-LOT-03,W05,-12,8,1,10,2.88,1.83,2092.65
CLUST-LOT-03,W05,-12,9,1,10,2.78,1.78,2122.59
CLUST-LOT-03,W05,-12,10,1,10,3.26,1.75,2062.86
CLUST-LOT-03,W05,-12,11,1,10,3.01,1.8,2115.42
CLUST-LOT-03,W05,-12,12,1,10,2.32,1.85,2056.86
CLUST-LOT-03,W05,-12,13,1,10,2.29,1.79,2105.8
CLUST-LOT-03,W05,-12,14,1,10,2.77,1.83,2093.09
CLUST-LOT-03,W05,-12,15,1,10,3.02,1.75,2092.57
CLUST-LOT-03,W05,-11,-15,1,10,2.84,1.79,2127.25
CLUST-LOT-03,W05,-11,-14,1,10,1.98,1.8,2082.95
CLUST-LOT-03,W05,-11,-13,1,10,2.85,1.82,2071.85
CLUST-LOT-03,W05,-11,-12,1,10,3.06,1.81,2140.06
CLUST-LOT-03,W05,-11,-11,1,10,2.94,1.78,2101.28
CLUST-LOT-03,W05,-11,-10,1,10,2.66,1.81,2101.01
CLUST-LOT-03,W05,-11,-9,1,10,2.82,1.79,2089.5
CLUST-LOT-03,W05,-11,-8,1,10,3.44,1.82,2110.88
CLUST-LOT-03,W05,-11,-7,1,10,2.67,1.8,2107.99
CLUST-LOT-03,W05,-11,-6,1,10,3.5,1.82,2076.52
CLUST-LOT-03,W05,-11,-5,1,10,2.79,1.79,2105.49
CLUST-LOT-03,W05,-11,-4,1,10,2.88,1.78,2122.97
CLUST-LOT-03,W05,-11,-3,1,10,3.34,1.77,2072.88
CLUST-LOT-03,W05,-11,-2,1,10,2.72,1.82,2098.28
CLUST-LOT-03,W05,-11,-1,1,10,3.02,1.81,2133.9
CLUST-LOT-03,W05,-11,0,1,10,3.14,1.82,2135.81
CLUST-LOT-03,W05,-11,1,1,10,2.44,1.79,2089.65
CLUST-LOT-03,W05,-11,2,1,10,2.86,1.8,2084.55
CLUST-LOT-03,W05,-11,3,1,10,2.9,1.74,2093.98
CLUST-LOT-03,W05,-11,4,1,10,2.56,1.78,2070.73
CLUST-LOT-03,W05,-11,5,1,10,2.71,1.74,2096.43
CLUST-LOT-03,W05,-11,6,1,10,2.8,1.8,2119.82
CLUST-LOT-03,W05,-11,7,1,10,2.52,1.77,2087.23
CLUST-LOT-03,W05,-11,8,1,10,2.66,1.74,2111.3
CLUST-LOT-03,W05,-11,9,1,10,3.3,1.78,2120.97
CLUST-LOT-03,W05,-11,10,1,10,2.55,1.82,2113.66
CLUST-LOT-03,W05,-11,11,1,10,2.95,1.78,2122.27
CLUST-LOT-03,W05,-11,12,1,10,2.83,1.76,2100.55
CLUST-LOT-03,W05,-11,13,1,10,2.9,1.78,2106.48
CLUST-LOT-03,W05,-11,14,1,10,2.23,1.77,2091.4
CLUST-LOT-03,W05,-11,15,1,10,3,1.81,2118.26
CLUST-LOT-03,W05,-10,-16,1,10,3.2,1.76,2052.04
CLUST-LOT-03,W05,-10,-15,1,10,3.26,1.79,2108.01
CLUST-LOT-03,W05,-10,-14,1,10,2.93,1.79,2099.96
CLUST-LOT-03,W05,-10,-13,1,11,2.8,1.76,2086.17
CLUST-LOT-03,W05,-10,-12,1,10,2.42,1.8,2129.38
CLUST-LOT-03,W05,-10,-11,1,10,2.75,1.79,2143.38
CLUST-LOT-03,W05,-10,-10,1,10,2.83,1.8,2123.08
CLUST-LOT-03,W05,-10,-9,1,10,2.15,1.82,2131.7
CLUST-LOT-03,W05,-10,-8,1,10,3.25,1.77,2047.72
CLUST-LOT-03,W05,-10,-7,1,10,2.51,1.79,2076.03
CLUST-LOT-03,W05,-10,-6,1,10,2.31,1.84,2077.39
CLUST-LOT-03,W05,-10,-5,1,10,3.28,1.81,2104.71
CLUST-LOT-03,W05,-10,-4,1,10,2.91,1.79,2128.43
CLUST-LOT-03,W05,-10,-3,1,10,2.85,1.78,2094.54
CLUST-LOT-03,W05,-10,-2,1,10,2.82,1.79,2081.86
CLUST-LOT-03,W05,-10,-1,1,10,3.41,1.8,2076.97
CLUST-LOT-03,W05,-10,0,1,11,2.29,1.81,2115.31
CLUST-LOT-03,W05,-10,1,1,10,2.92,1.84,2125.41
CLUST-LOT-03,W05,-10,2,1,10,3.17,1.77,2151.83
CLUST-LOT-03,W05,-10,3,1,10,3.53,1.79,2116.72
CLUST-LOT-03,W05,-10,4,1,10,3.06,1.75,2086.33
CLUST-LOT-03,W05,-10,5,1,10,2.86,1.79,2099.55
CLUST-LOT-03,W05,-10,6,1,10,2.05,1.76,2122.55
CLUST-LOT-03,W05,-10,7,1,10,2.9,1.77,2064.29
CLUST-LOT-03,W05,-10,8,1,10,2.7,1.81,2057.75
CLUST-LOT-03,W05,-10,9,1,10,3.14,1.79,2137.7
CLUST-LOT-03,W05,-10,10,1,10,2.71,1.77,2101.06
CLUST-LOT-03,W05,-10,11,1,10,2.55,1.86,2123.35
CLUST-LOT-03,W05,-10,12,1,10,3.12,1.84,2111.85
CLUST-LOT-03,W05,-10,13,1,10,2.69,1.77,2106.93
CLUST-LOT-03,W05,-10,14,1,10,2.72,1.78,2099.18
CLUST-LOT-03,W05,-10,15,1,10,2.67,1.8,2103.31
CLUST-LOT-03,W05,-10,16,1,10,3,1.82,2110.87
CLUST-LOT-03,W05,-9,-17,1,11,2.77,1.76,2084.79
CLUST-LOT-03,W05,-9,-16,1,10,2.22,1.77,2132.9
CLUST-LOT-03,W05,-9,-15,1,10,2.1,1.8,2103.07
CLUST-LOT-03,W05,-9,-14,1,10,2.5,1.79,2090.72
CLUST-LOT-03,W05,-9,-13,1,10,3.2,1.78,2084.15
CLUST-LOT-03,W05,-9,-12,1,10,2.87,1.86,2083.58
CLUST-LOT-03,W05,-9,-11,1,10,2.36,1.82,2126.41
CLUST-LOT-03,W05,-9,-10,1,10,2.9,1.86,2130.46
CLUST-LOT-03,W05,-9,-9,1,10,2.91,1.81,2111.05
CLUST-LOT-03,W05,-9,-8,1,10,2.04,1.84,2105.91
CLUST-LOT-03,W05,-9,-7,1,10,2.16,1.8,2129.8
CLUST-LOT-03,W05,-9,-6,1,10,2.47,1.84,2100.74
CLUST-LOT-03,W05,-9,-5,1,10,3.35,1.81,2080.59
CLUST-LOT-03,W05,-9,-4,1,10,3.27,1.78,2109.43
CLUST-LOT-03,W05,-9,-3,1,10,3.02,1.82,2118.93
CLUST-LOT-03,W05,-9,-2,1,10,2.96,1.82,2121.47
CLUST-LOT-03,W05,-9,-1,1,10,3.18,1.79,2103.44
CLUST-LOT-03,W05,-9,0,1,10,2.82,1.82,2147.61
CLUST-LOT-03,W05,-9,1,1,10,2.5,1.76,2102.53
CLUST-LOT-03,W05,-9,2,1,10,3,1.79,2101.5
CLUST-LOT-03,W05,-9,3,1,10,2.73,1.85,2106.58
CLUST-LOT-03,W05,-9,4,1,10,2.78,1.8,2091.19
CLUST-LOT-03,W05,-9,5,1,10,2.7,1.76,2086.79
CLUST-LOT-03,W05,-9,6,1,10,2.84,1.82,2067.75
CLUST-LOT-03,W05,-9,7,1,10,3.09,1.78,2103.77
CLUST-LOT-03,W05,-9,8,1,10,2.9,1.81,2095.72
CLUST-LOT-03,W05,-9,9,1,10,2.41,1.8,2093.69
CLUST-LOT-03,W05,-9,10,1,10,2.78,1.81,2089.17
CLUST-LOT-03,W05,-9,11,1,10,2.78,1.8,2143.43
CLUST-LOT-03,W05,-9,12,1,10,2.91,1.84,2094.99
CLUST-LOT-03,W05,-9,13,1,10,2.94,1.76,2078.74
CLUST-LOT-03,W05,-9,14,1,10,2.2,1.72,2115.31
CLUST-LOT-03,W05,-9,15,1,10,3.1,1.75,2140.56
CLUST-LOT-03,W05,-9,16,1,10,2.99,1.85,2109.95
CLUST-LOT-03,W05,-9,17,1,10,2.18,1.81,2129.08
CLUST-LOT-03,W05,-8,-17,1,10,2.27,1.83,2080.55
CLUST-LOT-03,W05,-8,-16,1,10,2.35,1.82,2140.12
CLUST-LOT-03,W05,-8,-15,1,10,2.6,1.86,2152.09
CLUST-LOT-03,W05,-8,-14,1,10,3.18,1.76,2090.32
CLUST-LOT-03,W05,-8,-13,1,10,3.01,1.81,2101.4
CLUST-LOT-03,W05,-8,-12,1,10,2.65,1.78,2078.97
CLUST-LOT-03,W05,-8,-11,1,10,3.15,1.84,2090.27
CLUST-LOT-03,W05,-8,-10,1,11,2.42,1.81,2091.23
CLUST-LOT-03,W05,-8,-9,1,10,2.98,1.77,2076.83
CLUST-LOT-03,W05,-8,-8,1,10,2.88,1.81,2084.53
CLUST-LOT-03,W05,-8,-7,1,10,2.89,1.79,2108.69
CLUST-LOT-03,W05,-8,-6,1,11,3.12,1.84,2100.87
CLUST-LOT-03,W05,-8,-5,1,10,2.74,1.85,2081.2
CLUST-LOT-03,W05,-8,-4,1,10,3.17,1.73,2093.42
CLUST-LOT-03,W05,-8,-3,1,10,2.98,1.76,2078.28
CLUST-LOT-03,W05,-8,-2,1,10,3.15,1.83,2105.49
CLUST-LOT-03,W05,-8,-1,1,10,3.08,1.85,2145.01
CLUST-LOT-03,W05,-8,0,1,10,2.49,1.76,2116.56
CLUST-LOT-03,W05,-8,1,1,10,2.92,1.82,2117.15
CLUST-LOT-03,W05,-8,2,1,10,3.17,1.74,2105.14
CLUST-LOT-03,W05,-8,3,1,10,2.43,1.79,2066.46
CLUST-LOT-03,W05,-8,4,1,10,3.28,1.88,2085.02
CLUST-LOT-03,W05,-8,5,1,10,2.57,1.77,2105.07
CLUST-LOT-03,W05,-8,6,1,10,3.19,1.82,2130.64
CLUST-LOT-03,W05,-8,7,1,10,3.07,1.78,2089.82
CLUST-LOT-03,W05,-8,8,1,10,2.68,1.81,2103.12
CLUST-LOT-03,W05,-8,9,1,10,3,1.79,2114.81
CLUST-LOT-03,W05,-8,10,1,10,2.62,1.8,2100.54
CLUST-LOT-03,W05,-8,11,1,10,2.8,1.81,2101.63
CLUST-LOT-03,W05,-8,12,1,10,2.73,1.8,2081.79
CLUST-LOT-03,W05,-8,13,1,10,2.87,1.77,2084.2
CLUST-LOT-03,W05,-8,14,1,10,3.05,1.84,2094.35
CLUST-LOT-03,W05,-8,15,1,10,3.1,1.75,2128.91
CLUST-LOT-03,W05,-8,16,1,10,2.95,1.82,2077.12
CLUST-LOT-03,W05,-8,17,1,10,3.26,1.75,2083.67
CLUST-LOT-03,W05,-7,-17,1,10,2.38,1.8,2104.69
CLUST-LOT-03,W05,-7,-16,1,11,2.78,1.77,2075.8
CLUST-LOT-03,W05,-7,-15,1,10,2.78,1.82,2091.18
CLUST-LOT-03,W05,-7,-14,1,10,3.32,1.81,2115.86
CLUST-LOT-03,W05,-7,-13,1,10,3.45,1.81,2120.15
CLUST-LOT-03,W05,-7,-12,1,10,2.81,1.78,2103.36
CLUST-LOT-03,W05,-7,-11,1,10,2.86,1.81,2114.08
CLUST-LOT-03,W05,-7,-10,1,10,2.48,1.79,2120.01
CLUST-LOT-03,W05,-7,-9,1,10,2.73,1.79,2047.64
CLUST-LOT-03,W05,-7,-8,1,11,2.84,1.77,2116
CLUST-LOT-03,W05,-7,-7,1,10,2.95,1.81,2142.77
CLUST-LOT-03,W05,-7,-6,1,10,3.13,1.76,2058.98
CLUST-LOT-03,W05,-7,-5,1,10,2.78,1.77,2106.27
CLUST-LOT-03,W05,-7,-4,1,10,2.08,1.82,2095.63
CLUST-LOT-03,W05,-7,-3,1,10,2.71,1.77,2083.37
CLUST-LOT-03,W05,-7,-2,1,10,3.05,1.84,2117.17
CLUST-LOT-03,W05,-7,-1,1,10,3.23,1.78,2087.65
CLUST-LOT-03,W05,-7,0,1,10,2.74,1.78,2092.96
CLUST-LOT-03,W05,-7,1,1,10,2.88,1.77,2125.44
CLUST-LOT-03,W05,-7,2,1,10,2.97,1.83,2099.78
CLUST-LOT-03,W05,-7,3,1,10,2.84,1.8,2094.21
CLUST-LOT-03,W05,-7,4,1,10,2.46,1.74,2162.67
CLUST-LOT-03,W05,-7,5,1,11,2.51,1.83,2093.15
CLUST-LOT-03,W05,-7,6,1,10,3,1.74,2090.17
CLUST-LOT-03,W05,-7,7,1,10,2.45,1.79,2126.39
CLUST-LOT-03,W05,-7,8,1,10,3.21,1.79,2093.67
CLUST-LOT-03,W05,-7,9,1,10,2.99,1.8,2130.26
CLUST-LOT-03,W05,-7,10,1,10,2.5,1.84,2134.8
CLUST-LOT-03,W05,-7,11,1,10,3.04,1.78,2083.94
CLUST-LOT-03,W05,-7,12,1,10,2.56,1.81,2123.52
CLUST-LOT-03,W05,-7,13,1,10,2.36,1.84,2079.69
CLUST-LOT-03,W05,-7,14,1,10,2.55,1.78,2080.76
CLUST-LOT-03,W05,-7,15,1,10,3,1.79,2108.18
CLUST-LOT-03,W05,-7,16,1,10,3.06,1.8,2111.72
CLUST-LOT-03,W05,-7,17,1,10,2.26,1.81,2091.31
CLUST-LOT-03,W05,-6,-18,1,10,3.3,1.82,2077.87
CLUST-LOT-03,W05,-6,-17,1,10,3.06,1.77,2104.76
CLUST-LOT-03,W05,-6,-16,1,10,3.07,1.82,2083.05
CLUST-LOT-03,W05,-6,-15,1,10,2.96,1.78,2095.3
CLUST-LOT-03,W05,-6,-14,1,10,2.78,1.81,2051.89
CLUST-LOT-03,W05,-6,-13,1,10,2.86,1.79,2089.49
CLUST-LOT-03,W05,-6,-12,1,10,2.66,1.86,2086.21
CLUST-LOT-03,W05,-6,-11,1,10,2.47,1.81,2094.26
CLUST-LOT-03,W05,-6,-10,1,10,2.52,1.82,2133.34
CLUST-LOT-03,W05,-6,-9,1,10,2.92,1.83,2103.04
CLUST-LOT-03,W05,-6,-8,1,10,2.85,1.84,2094.09
CLUST-LOT-03,W05,-6,-7,1,11,2.72,1.81,2136.65
CLUST-LOT-03,W05,-6,-6,1,10,2.37,1.8,2089.02
CLUST-LOT-03,W05,-6,-5,1,10,2.02,1.79,2069.96
CLUST-LOT-03,W05,-6,-4,1,10,2.7,1.82,2067.84
CLUST-LOT-03,W05,-6,-3,1,10,2.93,1.79,2134.76
CLUST-LOT-03,W05,-6,-2,1,10,2.8,1.79,2113.01
CLUST-LOT-03,W05,-6,-1,1,10,2.21,1.8,2079.86
CLUST-LOT-03,W05,-6,0,1,10,3,1.78,2125.51
CLUST-LOT-03,W05,-6,1,1,10,3.06,1.83,2093.49
CLUST-LOT-03,W05,-6,2,1,10,2.87,1.79,2081.09
CLUST-LOT-03,W05,-6,3,1,10,2.26,1.78,2107.06
CLUST-LOT-03,W05,-6,4,1,10,2.53,1.82,2121.74
CLUST-LOT-03,W05,-6,5,1,10,2.73,1.84,2082.62
CLUST-LOT-03,W05,-6,6,1,10,2.71,1.88,2106.9
CLUST-LOT-03,W05,-6,7,1,10,3.01,1.8,2076.99
CLUST-LOT-03,W05,-6,8,1,10,3.3,1.83,2128.1
CLUST-LOT-03,W05,-6,9,1,10,2.86,1.82,2116.9
CLUST-LOT-03,W05,-6,10,1,10,2.39,1.71,2112.43
CLUST-LOT-03,W05,-6,11,1,10,2.4,1.8,2102.23
CLUST-LOT-03,W05,-6,12,1,10,2.55,1.79,2154.66
CLUST-LOT-03,W05,-6,13,1,10,3.01,1.77,2108.34
CLUST-LOT-03,W05,-6,14,1,10,3.34,1.79,2111.87
CLUST-LOT-03,W05,-6,15,1,10,2.97,1.79,2121.95
CLUST-LOT-03,W05,-6,16,1,10,2.78,1.83,2098.53
CLUST-LOT-03,W05,-6,17,1,10,2.76,1.83,2084.34
CLUST-LOT-03,W05,-6,18,1,10,2.8,1.84,2086.83
CLUST-LOT-03,W05,-5,-18,1,10,3.19,1.75,2082.78
CLUST-LOT-03,W05,-5,-17,1,10,3.15,1.88,2109.33
CLUST-LOT-03,W05,-5,-16,1,10,3.25,1.83,2102.41
CLUST-LOT-03,W05,-5,-15,1,10,2.48,1.76,2069.4
CLUST-LOT-03,W05,-5,-14,1,10,2.19,1.79,2103.92
CLUST-LOT-03,W05,-5,-13,1,10,2.68,1.73,2112.54
CLUST-LOT-03,W05,-5,-12,1,10,2.53,1.85,2091.61
CLUST-LOT-03,W05,-5,-11,1,10,3.37,1.79,2087.69
CLUST-LOT-03,W05,-5,-10,1,10,2.75,1.79,2099.26
CLUST-LOT-03,W05,-5,-9,1,11,2.6,1.77,2102.8
CLUST-LOT-03,W05,-5,-8,1,10,2.91,1.79,2094.41
CLUST-LOT-03,W05,-5,-7,1,10,3.13,1.76,2105.23
CLUST-LOT-03,W05,-5,-6,1,10,3.52,1.85,2104.61
CLUST-LOT-03,W05,-5,-5,1,10,2.64,1.82,2092.02
CLUST-LOT-03,W05,-5,-4,1,10,2.56,1.79,2099.61
CLUST-LOT-03,W05,-5,-3,1,10,3.03,1.76,2117.11
CLUST-LOT-03,W05,-5,-2,1,10,3.02,1.8,2137.7
CLUST-LOT-03,W05,-5,-1,1,10,2.84,1.76,2083.73
CLUST-LOT-03,W05,-5,0,1,10,3.15,1.78,2069.29
CLUST-LOT-03,W05,-5,1,1,10,3,1.76,2102.57
CLUST-LOT-03,W05,-5,2,1,11,2.86,1.79,2135.41
CLUST-LOT-03,W05,-5,3,1,10,3.16,1.86,2109.24
CLUST-LOT-03,W05,-5,4,1,10,2.77,1.75,2046.08
CLUST-LOT-03,W05,-5,5,1,10,2.59,1.82,2117.86
CLUST-LOT-03,W05,-5,6,1,10,2.7,1.78,2094.79
CLUST-LOT-03,W05,-5,7,1,10,2.8,1.8,2096.65
CLUST-LOT-03,W05,-5,8,1,10,2.85,1.8,2096.38
CLUST-LOT-03,W05,-5,9,1,10,2.73,1.79,2110.94
CLUST-LOT-03,W05,-5,10,1,10,2.9,1.77,2105.02
CLUST-LOT-03,W05,-5,11,1,10,2.87,1.79,2111.77
CLUST-LOT-03,W05,-5,12,1,10,2.82,1.79,2053.1
CLUST-LOT-03,W05,-5,13,1,10,3.15,1.82,2055.86
CLUST-LOT-03,W05,-5,14,1,10,2.6,1.8,2142.96
CLUST-LOT-03,W05,-5,15,1,10,2.96,1.8,2060.36
CLUST-LOT-03,W05,-5,16,1,10,2.98,1.8,2135.5
CLUST-LOT-03,W05,-5,17,1,10,2.26,1.77,2066.12
CLUST-LOT-03,W05,-5,18,1,10,2.57,1.84,2108.77
CLUST-LOT-03,W05,-4,-18,1,10,2.73,1.79,2089.3
CLUST-LOT-03,W05,-4,-17,1,10,2.48,1.78,2108.34
CLUST-LOT-03,W05,-4,-16,1,10,2.94,1.76,2121.76
CLUST-LOT-03,W05,-4,-15,1,10,2.65,1.81,2068.32
CLUST-LOT-03,W05,-4,-14,1,10,2.71,1.81,2171.04
CLUST-LOT-03,W05,-4,-13,1,10,2.46,1.83,2088.21
CLUST-LOT-03,W05,-4,-12,1,10,2.81,1.77,2103.09
CLUST-LOT-03,W05,-4,-11,1,10,2.1,1.8,2104.13
CLUST-LOT-03,W05,-4,-10,1,10,3.01,1.9,2077.94
CLUST-LOT-03,W05,-4,-9,1,10,2.5,1.77,2106.29
CLUST-LOT-03,W05,-4,-8,1,10,2.37,1.86,2097.76
CLUST-LOT-03,W05,-4,-7,1,10,2.52,1.84,2123.26
CLUST-LOT-03,W05,-4,-6,1,11,3.18,1.78,2117.74
CLUST-LOT-03,W05,-4,-5,1,10,2.97,1.84,2103.57
CLUST-LOT-03,W05,-4,-4,1,10,2.36,1.82,2049.06
CLUST-LOT-03,W05,-4,-3,2,23,2.75,1.8,2077.91
CLUST-LOT-03,W05,-4,-2,3,32,2.58,1.82,2083.57
CLUST-LOT-03,W05,-4,-1,1,10,2.8,1.82,2108.61
CLUST-LOT-03,W05,-4,0,1,10,2.16,1.8,2115.61
CLUST-LOT-03,W05,-4,1,1,10,2.48,1.81,2081.79
CLUST-LOT-03,W05,-4,2,1,10,2.98,1.8,2127.1
CLUST-LOT-03,W05,-4,3,1,11,3.15,1.77,2073.43
CLUST-LOT-03,W05,-4,4,2,23,2.63,1.78,2044.21
CLUST-LOT-03,W05,-4,5,1,10,2.94,1.83,2025.24
CLUST-LOT-03,W05,-4,6,2,23,3.07,1.78,2109.86
CLUST-LOT-03,W05,-4,7,1,10,2.25,1.79,2111.51
CLUST-LOT-03,W05,-4,8,1,10,2.22,1.81,2092.52
CLUST-LOT-03,W05,-4,9,1,10,2.43,1.8,2093.42
CLUST-LOT-03,W05,-4,10,1,10,2.6,1.8,2090.34
CLUST-LOT-03,W05,-4,11,1,10,2.46,1.82,2123.86
CLUST-LOT-03,W05,-4,12,1,10,2.52,1.81,2084.79
CLUST-LOT-03,W05,-4,13,1,10,3.03,1.79,2100
CLUST-LOT-03,W05,-4,14,1,10,2.63,1.8,2116.8
CLUST-LOT-03,W05,-4,15,1,10,2.61,1.78,2111.58
CLUST-LOT-03,W05,-4,16,1,10,2.57,1.83,2103.43
CLUST-LOT-03,W05,-4,17,1,10,2.25,1.8,2082.86
CLUST-LOT-03,W05,-4,18,1,10,2.69,1.78,2116.24
CLUST-LOT-03,W05,-3,-19,1,10,3.29,1.78,2072.58
CLUST-LOT-03,W05,-3,-18,3,32,3.02,1.8,2088.89
CLUST-LOT-03,W05,-3,-17,1,10,3.54,1.82,2104.82
CLUST-LOT-03,W05,-3,-16,1,10,2.74,1.79,2124.67
CLUST-LOT-03,W05,-3,-15,1,10,2.59,1.76,2075.76
CLUST-LOT-03,W05,-3,-14,1,10,2.7,1.83,2104.9
CLUST-LOT-03,W05,-3,-13,1,10,2.72,1.77,2109.27
CLUST-LOT-03,W05,-3,-12,1,10,3.38,1.8,2080.69
CLUST-LOT-03,W05,-3,-11,1,10,3,1.77,2105.82
CLUST-LOT-03,W05,-3,-10,1,10,2.54,1.82,2092.66
CLUST-LOT-03,W05,-3,-9,1,10,3.2,1.75,2102.45
CLUST-LOT-03,W05,-3,-8,1,10,2.67,1.81,2136.38
CLUST-LOT-03,W05,-3,-7,1,10,2.34,1.8,2086.12
CLUST-LOT-03,W05,-3,-6,1,10,2.71,1.84,2109.71
CLUST-LOT-03,W05,-3,-5,1,10,2.75,1.75,2104.21
CLUST-LOT-03,W05,-3,-4,1,10,2.39,1.75,2106.96
CLUST-LOT-03,W05,-3,-3,1,10,2.61,1.84,2129.58
CLUST-LOT-03,W05,-3,-2,3,32,2.57,1.79,2088.95
CLUST-LOT-03,W05,-3,-1,2,21,3.02,1.8,2119.48
CLUST-LOT-03,W05,-3,0,1,10,2.25,1.76,2098.87
CLUST-LOT-03,W05,-3,1,1,10,2.98,1.83,2095.89
CLUST-LOT-03,W05,-3,2,3,32,2.89,1.8,2061.72
CLUST-LOT-03,W05,-3,3,1,10,2.65,1.81,2106.48
CLUST-LOT-03,W05,-3,4,1,10,3.11,1.79,2086
CLUST-LOT-03,W05,-3,5,2,21,2.55,1.77,2123.14
CLUST-LOT-03,W05,-3,6,1,10,3.01,1.75,2120.95
CLUST-LOT-03,W05,-3,7,1,10,2.18,1.81,2120.67
CLUST-LOT-03,W05,-3,8,1,10,2.73,1.8,2086.47
CLUST-LOT-03,W05,-3,9,1,10,3.07,1.75,2142.45
CLUST-LOT-03,W05,-3,10,1,10,2.08,1.78,2099.75
CLUST-LOT-03,W05,-3,11,1,10,2.44,1.74,2117.14
CLUST-LOT-03,W05,-3,12,1,10,2.5,1.75,2096.46
CLUST-LOT-03,W05,-3,13,1,10,2.65,1.81,2110.51
CLUST-LOT-03,W05,-3,14,1,10,2.88,1.77,2106.79
CLUST-LOT-03,W05,-3,15,1,10,2.68,1.78,2113.41
CLUST-LOT-03,W05,-3,16,1,10,3.02,1.85,2138.76
CLUST-LOT-03,W05,-3,17,1,10,2.67,1.76,2089.51
CLUST-LOT-03,W05,-3,18,1,10,2.48,1.78,2111.61
CLUST-LOT-03,W05,-3,19,1,10,2.31,1.81,2139.67
CLUST-LOT-03,W05,-2,-19,1,10,2.63,1.74,2098.77
CLUST-LOT-03,W05,-2,-18,1,10,3.17,1.82,2091.59
CLUST-LOT-03,W05,-2,-17,1,10,2.85,1.79,2106.33
CLUST-LOT-03,W05,-2,-16,1,10,2.85,1.81,2108.5
CLUST-LOT-03,W05,-2,-15,1,10,2.64,1.8,2087.6
CLUST-LOT-03,W05,-2,-14,1,10,2.81,1.78,2098.67
CLUST-LOT-03,W05,-2,-13,1,10,2.95,1.83,2100.35
CLUST-LOT-03,W05,-2,-12,1,10,2.74,1.8,2112.31
CLUST-LOT-03,W05,-2,-11,1,10,2.98,1.8,2126.78
CLUST-LOT-03,W05,-2,-10,1,10,2.41,1.81,2094.63
CLUST-LOT-03,W05,-2,-9,1,10,2.77,1.78,2112.93
CLUST-LOT-03,W05,-2,-8,1,10,3.23,1.78,2115.2
CLUST-LOT-03,W05,-2,-7,1,10,3.3,1.78,2081.8
CLUST-LOT-03,W05,-2,-6,1,10,3,1.77,2107.32
CLUST-LOT-03,W05,-2,-5,1,10,3.1,1.83,2090.4
CLUST-LOT-03,W05,-2,-4,1,10,3.26,1.83,2081.85
CLUST-LOT-03,W05,-2,-3,1,10,3.31,1.82,2072.39
CLUST-LOT-03,W05,-2,-2,1,10,3.35,1.83,2104.22
CLUST-LOT-03,W05,-2,-1,1,10,3.1,1.78,2072.43
CLUST-LOT-03,W05,-2,0,1,10,3.48,1.8,2070.94
CLUST-LOT-03,W05,-2,1,2,21,3.06,1.82,2118.62
CLUST-LOT-03,W05,-2,2,1,10,3.13,1.78,2077.31
CLUST-LOT-03,W05,-2,3,1,10,2.97,1.87,2059.69
CLUST-LOT-03,W05,-2,4,2,21,2.32,1.79,2088.77
CLUST-LOT-03,W05,-2,5,1,10,2.8,1.77,2130.16
CLUST-LOT-03,W05,-2,6,2,23,2.68,1.84,2116.66
CLUST-LOT-03,W05,-2,7,1,10,2.74,1.78,2093.33
CLUST-LOT-03,W05,-2,8,1,10,2.43,1.77,2069.88
CLUST-LOT-03,W05,-2,9,1,10,2.47,1.79,2103.61
CLUST-LOT-03,W05,-2,10,1,10,2.59,1.82,2099.36
CLUST-LOT-03,W05,-2,11,1,10,2.73,1.81,2084.83
CLUST-LOT-03,W05,-2,12,1,10,2.84,1.78,2098.13
CLUST-LOT-03,W05,-2,13,1,10,2.56,1.76,2102.27
CLUST-LOT-03,W05,-2,14,1,10,2.2,1.79,2095.44
CLUST-LOT-03,W05,-2,15,1,10,2.68,1.81,2121.53
CLUST-LOT-03,W05,-2,16,1,10,2.5,1.76,2097.51
CLUST-LOT-03,W05,-2,17,1,10,2.86,1.82,2073.21
CLUST-LOT-03,W05,-2,18,1,11,3.03,1.78,2070.84
CLUST-LOT-03,W05,-2,19,1,10,2.99,1.81,2102.98
CLUST-LOT-03,W05,-1,-19,1,11,2.57,1.8,2084.13
CLUST-LOT-03,W05,-1,-18,1,10,2.61,1.82,2105.72
CLUST-LOT-03,W05,-1,-17,1,10,3.07,1.8,2066.79
CLUST-LOT-03,W05,-1,-16,1,10,2.51,1.83,2099.48
CLUST-LOT-03,W05,-1,-15,1,10,3.44,1.81,2072.59
CLUST-LOT-03,W05,-1,-14,1,10,2.35,1.76,2117.12
CLUST-LOT-03,W05,-1,-13,1,10,2.75,1.81,2087.18
CLUST-LOT-03,W05,-1,-12,1,10,3.17,1.79,2127.01
CLUST-LOT-03,W05,-1,-11,1,10,2.12,1.82,2126.77
CLUST-LOT-03,W05,-1,-10,1,10,2.47,1.8,2074.94
CLUST-LOT-03,W05,-1,-9,1,10,2.1,1.85,2071.51
CLUST-LOT-03,W05,-1,-8,1,10,3.03,1.78,2070.38
CLUST-LOT-03,W05,-1,-7,1,10,2.17,1.79,2081.04
CLUST-LOT-03,W05,-1,-6,1,10,2.69,1.81,2113.32
CLUST-LOT-03,W05,-1,-5,1,10,2.84,1.8,2145.29
CLUST-LOT-03,W05,-1,-4,1,10,2.05,1.8,2098.3
CLUST-LOT-03,W05,-1,-3,1,10,2.79,1.8,2087.63
CLUST-LOT-03,W05,-1,-2,1,11,2.97,1.76,2129.12
CLUST-LOT-03,W05,-1,-1,1,10,3.14,1.79,2137.7
CLUST-LOT-03,W05,-1,0,1,10,2.57,1.83,2156.65
CLUST-LOT-03,W05,-1,1,2,23,2.55,1.87,2104.67
CLUST-LOT-03,W05,-1,2,3,32,3.02,1.84,2100.38
CLUST-LOT-03,W05,-1,3,1,10,2.56,1.85,2083.08
CLUST-LOT-03,W05,-1,4,2,21,2.81,1.78,2147.23
CLUST-LOT-03,W05,-1,5,2,21,2.49,1.84,2091.88
CLUST-LOT-03,W05,-1,6,1,10,2.8,1.77,2090.42
CLUST-LOT-03,W05,-1,7,3,32,3.09,1.78,2078.35
CLUST-LOT-03,W05,-1,8,2,21,2.92,1.8,2097.52
CLUST-LOT-03,W05,-1,9,1,10,2.86,1.77,2130.54
CLUST-LOT-03,W05,-1,10,1,10,2.88,1.75,2097.89
CLUST-LOT-03,W05,-1,11,1,10,3.17,1.8,2080.4
CLUST-LOT-03,W05,-1,12,1,10,3.05,1.75,2095.53
CLUST-LOT-03,W05,-1,13,1,10,2.4,1.77,2090.68
CLUST-LOT-03,W05,-1,14,1,10,2.78,1.77,2081.01
CLUST-LOT-03,W05,-1,15,1,10,3.52,1.8,2103.71
CLUST-LOT-03,W05,-1,16,1,10,2.61,1.86,2086.49
CLUST-LOT-03,W05,-1,17,1,10,2.44,1.77,2103.28
CLUST-LOT-03,W05,-1,18,1,10,2.65,1.81,2123.32
CLUST-LOT-03,W05,-1,19,1,10,3,1.81,2078.79
CLUST-LOT-03,W05,0,-19,1,10,2.51,1.8,2082.56
CLUST-LOT-03,W05,0,-18,1,10,2.01,1.82,2126.72
CLUST-LOT-03,W05,0,-17,1,10,2.73,1.82,2082.58
CLUST-LOT-03,W05,0,-16,1,10,2.48,1.8,2058.69
CLUST-LOT-03,W05,0,-15,1,10,2.81,1.83,2106.41
CLUST-LOT-03,W05,0,-14,1,10,3,1.78,2118.83
CLUST-LOT-03,W05,0,-13,1,10,2.77,1.78,2067.18
CLUST-LOT-03,W05,0,-12,1,10,2.64,1.77,2107.23
CLUST-LOT-03,W05,0,-11,1,10,2.45,1.84,2110.86
CLUST-LOT-03,W05,0,-10,1,10,2.69,1.81,2133.94
CLUST-LOT-03,W05,0,-9,1,10,2.21,1.86,2109.33
CLUST-LOT-03,W05,0,-8,1,10,3.05,1.75,2087.17
CLUST-LOT-03,W05,0,-7,1,10,2.48,1.8,2080.09
CLUST-LOT-03,W05,0,-6,1,10,2.77,1.82,2115.15
CLUST-LOT-03,W05,0,-5,1,10,3.09,1.83,2054.41
CLUST-LOT-03,W05,0,-4,1,10,3.37,1.78,2063.39
CLUST-LOT-03,W05,0,-3,1,10,2.6,1.79,2132.68
CLUST-LOT-03,W05,0,-2,1,10,2.89,1.85,2095.63
CLUST-LOT-03,W05,0,-1,1,10,2.79,1.84,2125.08
CLUST-LOT-03,W05,0,0,1,10,3,1.8,2065.99
CLUST-LOT-03,W05,0,1,1,10,2.43,1.82,2104.38
CLUST-LOT-03,W05,0,2,1,10,2.98,1.8,2100.67
CLUST-LOT-03,W05,0,3,1,10,2.25,1.79,2122.51
CLUST-LOT-03,W05,0,4,2,21,2.64,1.75,2113.22
CLUST-LOT-03,W05,0,5,3,32,1.87,1.85,2066.08
CLUST-LOT-03,W05,0,6,3,32,2.47,1.76,2089.55
CLUST-LOT-03,W05,0,7,1,11,3.07,1.77,2096.29
CLUST-LOT-03,W05,0,8,1,10,2.38,1.77,2097.13
CLUST-LOT-03,W05,0,9,1,10,3.07,1.79,2124.55
CLUST-LOT-03,W05,0,10,1,10,3.18,1.84,2109.14
CLUST-LOT-03,W05,0,11,1,10,3.35,1.84,2096.56
CLUST-LOT-03,W05,0,12,1,11,2.87,1.78,2069.17
CLUST-LOT-03,W05,0,13,1,10,2.68,1.82,2119.43
CLUST-LOT-03,W05,0,14,1,10,3.67,1.77,2042.74
CLUST-LOT-03,W05,0,15,1,10,2.71,1.78,2081.52
CLUST-LOT-03,W05,0,16,1,10,2.96,1.77,2147.47
CLUST-LOT-03,W05,0,17,1,10,2.71,1.84,2131.23
CLUST-LOT-03,W05,0,18,1,10,4.05,1.85,2096.59
CLUST-LOT-03,W05,0,19,1,11,2.75,1.79,2074.86
CLUST-LOT-03,W05,1,-19,1,10,2.81,1.82,2097.27
CLUST-LOT-03,W05,1,-18,1,10,2.36,1.77,2104.93
CLUST-LOT-03,W05,1,-17,1,10,2.97,1.74,2116.22
CLUST-LOT-03,W05,1,-16,1,10,3.36,1.84,2086.9
CLUST-LOT-03,W05,1,-15,1,10,3.37,1.81,2107
CLUST-LOT-03,W05,1,-14,1,10,3.34,1.77,2112.81
CLUST-LOT-03,W05,1,-13,1,10,2.59,1.81,2063.68
CLUST-LOT-03,W05,1,-12,1,10,2.71,1.82,2074.71
CLUST-LOT-03,W05,1,-11,1,10,3.1,1.82,2114.61
CLUST-LOT-03,W05,1,-10,1,10,2.2,1.78,2094.83
CLUST-LOT-03,W05,1,-9,1,10,3.19,1.79,2094.36
CLUST-LOT-03,W05,1,-8,1,10,2.93,1.8,2120.31
CLUST-LOT-03,W05,1,-7,1,10,2.85,1.79,2072.62
CLUST-LOT-03,W05,1,-6,1,10,2.83,1.81,2109.61
CLUST-LOT-03,W05,1,-5,1,10,2.44,1.85,2085.82
CLUST-LOT-03,W05,1,-4,1,10,3.18,1.79,2107.14
CLUST-LOT-03,W05,1,-3,1,10,3.02,1.81,2077.53
CLUST-LOT-03,W05,1,-2,1,10,3.49,1.81,2129.91
CLUST-LOT-03,W05,1,-1,1,10,2.55,1.9,2117.76
CLUST-LOT-03,W05,1,0,2,23,2.67,1.82,2102.86
CLUST-LOT-03,W05,1,1,1,10,2.81,1.81,2129.35
CLUST-LOT-03,W05,1,2,1,10,2.05,1.81,2153.7
CLUST-LOT-03,W05,1,3,1,10,2.71,1.77,2141.41
CLUST-LOT-03,W05,1,4,1,10,2.27,1.76,2130.05
CLUST-LOT-03,W05,1,5,2,23,2.32,1.81,2092.17
CLUST-LOT-03,W05,1,6,3,32,2.65,1.77,2101.28
CLUST-LOT-03,W05,1,7,1,10,2.61,1.77,2102.09
CLUST-LOT-03,W05,1,8,1,10,2.19,1.78,2099.52
CLUST-LOT-03,W05,1,9,1,10,2.71,1.82,2073.14
CLUST-LOT-03,W05,1,10,1,10,2.43,1.78,2076.03
CLUST-LOT-03,W05,1,11,1,10,2.63,1.8,2137.39
CLUST-LOT-03,W05,1,12,1,10,2.94,1.81,2088.88
CLUST-LOT-03,W05,1,13,1,10,3.49,1.75,2086.42
CLUST-LOT-03,W05,1,14,1,11,2.81,1.8,2107.64
CLUST-LOT-03,W05,1,15,1,10,2.04,1.79,2082.39
CLUST-LOT-03,W05,1,16,1,10,3.1,1.77,2116.38
CLUST-LOT-03,W05,1,17,1,10,2.99,1.83,2104.13
CLUST-LOT-03,W05,1,18,1,10,2.53,1.79,2089.05
CLUST-LOT-03,W05,1,19,1,10,2.65,1.83,2109.34
CLUST-LOT-03,W05,2,-19,1,10,2.4,1.76,2118.11
CLUST-LOT-03,W05,2,-18,1,10,2.83,1.84,2117.36
CLUST-LOT-03,W05,2,-17,1,10,3.24,1.76,2091.1
CLUST-LOT-03,W05,2,-16,1,10,2.99,1.75,2109.08
CLUST-LOT-03,W05,2,-15,1,10,2.31,1.79,2090.98
CLUST-LOT-03,W05,2,-14,1,10,3.2,1.76,2084.83
CLUST-LOT-03,W05,2,-13,1,10,2.9,1.8,2096.62
CLUST-LOT-03,W05,2,-12,1,10,2.58,1.78,2099.12
CLUST-LOT-03,W05,2,-11,1,10,2.09,1.83,2105.62
CLUST-LOT-03,W05,2,-10,1,10,2.64,1.8,2071.53
CLUST-LOT-03,W05,2,-9,1,10,2.61,1.76,2119.27
CLUST-LOT-03,W05,2,-8,1,10,3.2,1.77,2123.06
CLUST-LOT-03,W05,2,-7,1,10,2.83,1.75,2135.66
CLUST-LOT-03,W05,2,-6,1,10,2.56,1.82,2096.61
CLUST-LOT-03,W05,2,-5,1,10,2.74,1.8,2107.47
CLUST-LOT-03,W05,2,-4,1,10,2.48,1.83,2075.64
CLUST-LOT-03,W05,2,-3,1,10,2.99,1.81,2109.36
CLUST-LOT-03,W05,2,-2,1,10,2.78,1.82,2148.82
CLUST-LOT-03,W05,2,-1,1,10,2.42,1.75,2131.32
CLUST-LOT-03,W05,2,0,1,10,2.35,1.77,2116.04
CLUST-LOT-03,W05,2,1,1,10,2.29,1.89,2078.63
CLUST-LOT-03,W05,2,2,2,21,3.64,1.79,2113.51
CLUST-LOT-03,W05,2,3,2,21,3.12,1.84,2104.77
CLUST-LOT-03,W05,2,4,2,21,2.93,1.78,2142.81
CLUST-LOT-03,W05,2,5,3,32,3.12,1.84,2115.74
CLUST-LOT-03,W05,2,6,1,10,2.73,1.8,2097.73
CLUST-LOT-03,W05,2,7,1,10,2.75,1.77,2099.97
CLUST-LOT-03,W05,2,8,1,10,2.94,1.85,2100.78
CLUST-LOT-03,W05,2,9,1,10,2.95,1.75,2085.04
CLUST-LOT-03,W05,2,10,1,10,2.71,1.84,2065.48
CLUST-LOT-03,W05,2,11,1,10,3.69,1.8,2083.86
CLUST-LOT-03,W05,2,12,1,10,3.02,1.78,2105.44
CLUST-LOT-03,W05,2,13,1,10,2.73,1.82,2064.96
CLUST-LOT-03,W05,2,14,1,10,2.99,1.81,2103.58
CLUST-LOT-03,W05,2,15,1,10,3.67,1.78,2125.69
CLUST-LOT-03,W05,2,16,1,10,2.67,1.82,2121.08
CLUST-LOT-03,W05,2,17,1,10,2.37,1.8,2080.99
CLUST-LOT-03,W05,2,18,1,10,2.65,1.76,2100.4
CLUST-LOT-03,W05,2,19,1,10,2.01,1.83,2093.05
CLUST-LOT-03,W05,3,-19,1,10,2.49,1.79,2141.97
CLUST-LOT-03,W05,3,-18,1,10,2.81,1.81,2092.42
CLUST-LOT-03,W05,3,-17,1,10,3.21,1.77,2106.23
CLUST-LOT-03,W05,3,-16,1,10,3,1.82,2076.86
CLUST-LOT-03,W05,3,-15,1,10,3.63,1.83,2085.3
CLUST-LOT-03,W05,3,-14,1,10,2.99,1.79,2125.94
CLUST-LOT-03,W05,3,-13,1,10,3.18,1.82,2122
CLUST-LOT-03,W05,3,-12,1,10,2.1,1.77,2131.9
CLUST-LOT-03,W05,3,-11,1,10,3.69,1.81,2097.47
CLUST-LOT-03,W05,3,-10,1,10,2.85,1.82,2085.7
CLUST-LOT-03,W05,3,-9,1,10,3.08,1.8,2088.31
CLUST-LOT-03,W05,3,-8,1,10,2.48,1.82,2097.49
CLUST-LOT-03,W05,3,-7,1,10,2.58,1.79,2105.28
CLUST-LOT-03,W05,3,-6,1,10,3.14,1.85,2114.69
CLUST-LOT-03,W05,3,-5,1,11,2.76,1.79,2094.5
CLUST-LOT-03,W05,3,-4,1,10,3.08,1.77,2109.11
CLUST-LOT-03,W05,3,-3,1,10,2.75,1.77,2109.12
CLUST-LOT-03,W05,3,-2,1,10,2.83,1.81,2115.54
CLUST-LOT-03,W05,3,-1,1,10,3.09,1.78,2077.04
CLUST-LOT-03,W05,3,0,1,10,2.65,1.77,2118.78
CLUST-LOT-03,W05,3,1,1,10,3.17,1.83,2100.62
CLUST-LOT-03,W05,3,2,1,10,3.02,1.81,2109.6
CLUST-LOT-03,W05,3,3,1,10,2.06,1.82,2099.07
CLUST-LOT-03,W05,3,4,1,10,3.12,1.8,2118.5
CLUST-LOT-03,W05,3,5,1,10,3.3,1.82,2068.87
CLUST-LOT-03,W05,3,6,1,10,3.46,1.82,2038.34
CLUST-LOT-03,W05,3,7,1,10,2.93,1.86,2109.01
CLUST-LOT-03,W05,3,8,2,21,2.24,1.83,2127.81
CLUST-LOT-03,W05,3,9,1,10,2.68,1.82,2075.12
CLUST-LOT-03,W05,3,10,1,10,2.26,1.81,2084.67
CLUST-LOT-03,W05,3,11,1,10,2.79,1.8,2103.54
CLUST-LOT-03,W05,3,12,1,10,3.3,1.82,2127.72
CLUST-LOT-03,W05,3,13,1,10,2.98,1.79,2102.82
CLUST-LOT-03,W05,3,14,1,10,3.03,1.78,2063.91
CLUST-LOT-03,W05,3,15,1,10,2.69,1.85,2132.83
CLUST-LOT-03,W05,3,16,1,10,2.85,1.81,2075.79
CLUST-LOT-03,W05,3,17,1,10,2.64,1.76,2123.7
CLUST-LOT-03,W05,3,18,1,11,2.69,1.78,2086.59
CLUST-LOT-03,W05,3,19,1,10,2.4,1.81,2094.33
CLUST-LOT-03,W05,4,-18,1,10,3.48,1.88,2148.47
CLUST-LOT-03,W05,4,-17,1,10,2.79,1.89,2098.01
CLUST-LOT-03,W05,4,-16,1,10,1.86,1.75,2133.03
CLUST-LOT-03,W05,4,-15,1,10,2.28,1.77,2083.64
CLUST-LOT-03,W05,4,-14,1,10,2.76,1.77,2061.61
CLUST-LOT-03,W05,4,-13,1,10,2.49,1.81,2065.58
CLUST-LOT-03,W05,4,-12,1,10,2.8,1.75,2086.71
CLUST-LOT-03,W05,4,-11,1,10,2.51,1.8,2090.78
CLUST-LOT-03,W05,4,-10,1,10,2.5,1.76,2152.19
CLUST-LOT-03,W05,4,-9,1,10,2.08,1.85,2127.34
CLUST-LOT-03,W05,4,-8,1,10,2.14,1.74,2105.1
CLUST-LOT-03,W05,4,-7,1,10,2.57,1.76,2112.28
CLUST-LOT-03,W05,4,-6,1,10,3.14,1.85,2115.88
CLUST-LOT-03,W05,4,-5,1,10,3.35,1.8,2060.35
CLUST-LOT-03,W05,4,-4,1,10,3.41,1.84,2051.59
CLUST-LOT-03,W05,4,-3,1,10,2.55,1.76,2081.36
CLUST-LOT-03,W05,4,-2,1,10,3.44,1.77,2116.1
CLUST-LOT-03,W05,4,-1,1,10,2.03,1.84,2096.52
CLUST-LOT-03,W05,4,0,1,10,3.16,1.78,2123.05
CLUST-LOT-03,W05,4,1,1,10,3.04,1.8,2084.49
CLUST-LOT-03,W05,4,2,1,10,2.97,1.8,2114.13
CLUST-LOT-03,W05,4,3,1,10,2.62,1.79,2116.47
CLUST-LOT-03,W05,4,4,1,10,2.35,1.74,2139.55
CLUST-LOT-03,W05,4,5,1,10,2.8,1.83,2097.86
CLUST-LOT-03,W05,4,6,1,10,2.88,1.85,2112.87
CLUST-LOT-03,W05,4,7,1,11,2.97,1.79,2123.67
CLUST-LOT-03,W05,4,8,1,10,3.11,1.77,2091.92
CLUST-LOT-03,W05,4,9,1,10,2.52,1.81,2117.58
CLUST-LOT-03,W05,4,10,1,10,2.33,1.8,2134.26
CLUST-LOT-03,W05,4,11,1,10,2.97,1.79,2145.37
CLUST-LOT-03,W05,4,12,1,10,2.78,1.81,2099.4
CLUST-LOT-03,W05,4,13,1,10,2.66,1.81,2074.71
CLUST-LOT-03,W05,4,14,1,10,2.77,1.82,2153.27
CLUST-LOT-03,W05,4,15,1,10,3.43,1.78,2130.1
CLUST-LOT-03,W05,4,16,1,10,2.8,1.81,2115.44
CLUST-LOT-03,W05,4,17,1,10,2.61,1.81,2096.99
CLUST-LOT-03,W05,4,18,1,10,2.81,1.84,2084.72
CLUST-LOT-03,W05,5,-18,1,10,2.82,1.8,2118.47
CLUST-LOT-03,W05,5,-17,1,10,3.59,1.76,2078.18
CLUST-LOT-03,W05,5,-16,1,10,2.77,1.76,2095.42
CLUST-LOT-03,W05,5,-15,1,10,2.64,1.79,2087.72
CLUST-LOT-03,W05,5,-14,1,10,3.16,1.84,2128.75
CLUST-LOT-03,W05,5,-13,1,10,2.91,1.79,2125.7
CLUST-LOT-03,W05,5,-12,1,10,3.22,1.79,2112.12
CLUST-LOT-03,W05,5,-11,1,10,2.26,1.83,2125.9
CLUST-LOT-03,W05,5,-10,1,10,2.29,1.79,2096.39
CLUST-LOT-03,W05,5,-9,1,10,2.35,1.78,2062.08
CLUST-LOT-03,W05,5,-8,1,10,2.89,1.81,2065.12
CLUST-LOT-03,W05,5,-7,1,10,3.38,1.81,2124.94
CLUST-LOT-03,W05,5,-6,1,10,2.57,1.79,2087.5
CLUST-LOT-03,W05,5,-5,1,10,3.15,1.77,2088.37
CLUST-LOT-03,W05,5,-4,1,10,3.01,1.83,2080.87
CLUST-LOT-03,W05,5,-3,1,10,2.06,1.8,2121.29
CLUST-LOT-03,W05,5,-2,1,10,2.72,1.77,2075.14
CLUST-LOT-03,W05,5,-1,1,10,3.22,1.78,2129.25
CLUST-LOT-03,W05,5,0,1,10,2.42,1.76,2089.84
CLUST-LOT-03,W05,5,1,1,10,3.24,1.79,2124.62
CLUST-LOT-03,W05,5,2,1,10,2.67,1.77,2123.52
CLUST-LOT-03,W05,5,3,1,10,2.77,1.83,2086.58
CLUST-LOT-03,W05,5,4,1,10,3.18,1.8,2088.16
CLUST-LOT-03,W05,5,5,1,10,3.33,1.76,2097.59
CLUST-LOT-03,W05,5,6,1,10,3.01,1.8,2112.72
CLUST-LOT-03,W05,5,7,1,10,2.93,1.81,2090.98
CLUST-LOT-03,W05,5,8,1,10,2.58,1.77,2088.59
CLUST-LOT-03,W05,5,9,1,10,2.88,1.77,2113.47
CLUST-LOT-03,W05,5,10,1,10,2.64,1.8,2094.77
CLUST-LOT-03,W05,5,11,1,10,3.51,1.8,2115.26
CLUST-LOT-03,W05,5,12,1,10,2.97,1.8,2094.31
CLUST-LOT-03,W05,5,13,1,10,2.41,1.81,2077.48
CLUST-LOT-03,W05,5,14,1,10,2.53,1.82,2124.39
CLUST-LOT-03,W05,5,15,1,10,2.67,1.77,2133.48
CLUST-LOT-03,W05,5,16,1,10,2.91,1.78,2101.69
CLUST-LOT-03,W05,5,17,1,10,3.45,1.76,2065.97
CLUST-LOT-03,W05,5,18,1,10,2.49,1.81,2076.92
CLUST-LOT-03,W05,6,-18,1,10,2.42,1.81,2080.38
CLUST-LOT-03,W05,6,-17,1,10,2.68,1.81,2126.28
CLUST-LOT-03,W05,6,-16,1,10,3.2,1.79,2096.73
CLUST-LOT-03,W05,6,-15,1,10,2.37,1.85,2087.4
CLUST-LOT-03,W05,6,-14,1,10,2.28,1.8,2116.59
CLUST-LOT-03,W05,6,-13,1,10,2.6,1.78,2102.2
CLUST-LOT-03,W05,6,-12,1,10,2.56,1.8,2091.24
CLUST-LOT-03,W05,6,-11,1,10,2.23,1.79,2036.89
CLUST-LOT-03,W05,6,-10,1,10,2.98,1.76,2099.6
CLUST-LOT-03,W05,6,-9,1,10,2.69,1.85,2079.64
CLUST-LOT-03,W05,6,-8,1,10,3.1,1.76,2101.36
CLUST-LOT-03,W05,6,-7,1,10,3.32,1.83,2085.29
CLUST-LOT-03,W05,6,-6,1,10,2.5,1.76,2091.45
CLUST-LOT-03,W05,6,-5,1,10,3.01,1.74,2074.71
CLUST-LOT-03,W05,6,-4,1,10,2.53,1.78,2104.67
CLUST-LOT-03,W05,6,-3,1,10,2.82,1.79,2080.56
CLUST-LOT-03,W05,6,-2,1,10,3.11,1.87,2077.55
CLUST-LOT-03,W05,6,-1,1,10,2.74,1.8,2116.2
CLUST-LOT-03,W05,6,0,1,10,3.16,1.79,2119.77
CLUST-LOT-03,W05,6,1,1,10,2.73,1.83,2114.69
CLUST-LOT-03,W05,6,2,1,10,2.29,1.83,2082.82
CLUST-LOT-03,W05,6,3,1,10,3.19,1.79,2128.64
CLUST-LOT-03,W05,6,4,1,10,1.97,1.82,2095.18
CLUST-LOT-03,W05,6,5,1,10,3.29,1.79,2103.62
CLUST-LOT-03,W05,6,6,3,32,2.48,1.77,2107.47
CLUST-LOT-03,W05,6,7,1,10,2.6,1.8,2048.64
CLUST-LOT-03,W05,6,8,1,10,2.79,1.79,2089.46
CLUST-LOT-03,W05,6,9,1,10,2.96,1.8,2071.55
CLUST-LOT-03,W05,6,10,1,10,3.22,1.76,2044.02
CLUST-LOT-03,W05,6,11,1,10,3.2,1.81,2104.55
CLUST-LOT-03,W05,6,12,1,10,3.07,1.76,2131.08
CLUST-LOT-03,W05,6,13,1,10,3.09,1.79,2083.94
CLUST-LOT-03,W05,6,14,1,10,2.92,1.8,2086.24
CLUST-LOT-03,W05,6,15,1,10,3.23,1.8,2121.45
CLUST-LOT-03,W05,6,16,1,10,2.1,1.77,2068.81
CLUST-LOT-03,W05,6,17,1,10,3.21,1.8,2128.86
CLUST-LOT-03,W05,6,18,1,10,2.55,1.81,2134.07
CLUST-LOT-03,W05,7,-17,1,10,2.57,1.8,2135.74
CLUST-LOT-03,W05,7,-16,1,10,3.12,1.8,2133.87
CLUST-LOT-03,W05,7,-15,1,10,3.37,1.81,2071.35
CLUST-LOT-03,W05,7,-14,1,10,2.47,1.89,2123.27
CLUST-LOT-03,W05,7,-13,1,10,2.64,1.77,2077.33
CLUST-LOT-03,W05,7,-12,1,10,2.52,1.81,2107.95
CLUST-LOT-03,W05,7,-11,1,10,3.06,1.83,2068.49
CLUST-LOT-03,W05,7,-10,1,10,3.12,1.76,2099.31
CLUST-LOT-03,W05,7,-9,1,10,3.02,1.83,2103.98
CLUST-LOT-03,W05,7,-8,1,10,3.3,1.78,2083.02
CLUST-LOT-03,W05,7,-7,1,10,2.91,1.86,2100.98
CLUST-LOT-03,W05,7,-6,1,10,3.37,1.83,2110.34
CLUST-LOT-03,W05,7,-5,1,10,2.35,1.81,2107.01
CLUST-LOT-03,W05,7,-4,1,10,2.5,1.78,2103.12
CLUST-LOT-03,W05,7,-3,1,10,2.72,1.8,2119.57
CLUST-LOT-03,W05,7,-2,1,10,3.23,1.82,2075.3
CLUST-LOT-03,W05,7,-1,1,10,3.67,1.77,2096.98
CLUST-LOT-03,W05,7,0,1,10,2.41,1.77,2064.18
CLUST-LOT-03,W05,7,1,1,10,2.52,1.78,2074.82
CLUST-LOT-03,W05,7,2,1,10,2.81,1.79,2085.58
CLUST-LOT-03,W05,7,3,1,10,2.61,1.8,2120.49
CLUST-LOT-03,W05,7,4,1,10,3.01,1.84,2103.83
CLUST-LOT-03,W05,7,5,2,21,3.69,1.83,2107.54
CLUST-LOT-03,W05,7,6,1,10,2.9,1.76,2127.13
CLUST-LOT-03,W05,7,7,1,11,3.57,1.83,2089.69
CLUST-LOT-03,W05,7,8,1,10,3.04,1.8,2067.41
CLUST-LOT-03,W05,7,9,1,10,2.6,1.86,2083.53
CLUST-LOT-03,W05,7,10,1,10,2.25,1.79,2140.89
CLUST-LOT-03,W05,7,11,1,10,2.55,1.84,2101.18
CLUST-LOT-03,W05,7,12,1,10,3.05,1.76,2077.33
CLUST-LOT-03,W05,7,13,1,10,3.42,1.86,2093.39
CLUST-LOT-03,W05,7,14,1,10,2.42,1.76,2099.99
CLUST-LOT-03,W05,7,15,1,10,2.76,1.79,2080.21
CLUST-LOT-03,W05,7,16,1,10,2.83,1.8,2086.36
CLUST-LOT-03,W05,7,17,1,10,2.94,1.85,2081.92
CLUST-LOT-03,W05,8,-17,1,10,2.49,1.84,2100.97
CLUST-LOT-03,W05,8,-16,1,10,2.07,1.83,2129.59
CLUST-LOT-03,W05,8,-15,1,10,2.97,1.86,2112.32
CLUST-LOT-03,W05,8,-14,1,10,3.14,1.81,2102.77
CLUST-LOT-03,W05,8,-13,1,10,2.67,1.8,2163.82
CLUST-LOT-03,W05,8,-12,1,10,3.39,1.78,2091.2
CLUST-LOT-03,W05,8,-11,1,10,1.73,1.81,2083.57
CLUST-LOT-03,W05,8,-10,1,10,2.53,1.77,2097.46
CLUST-LOT-03,W05,8,-9,1,10,2.36,1.84,2119
CLUST-LOT-03,W05,8,-8,1,10,3.1,1.79,2069.93
CLUST-LOT-03,W05,8,-7,1,10,3.15,1.77,2113.72
CLUST-LOT-03,W05,8,-6,1,10,2.91,1.77,2091.52
CLUST-LOT-03,W05,8,-5,1,10,3.22,1.83,2127.47
CLUST-LOT-03,W05,8,-4,1,10,2.79,1.83,2089.41
CLUST-LOT-03,W05,8,-3,1,10,3.05,1.82,2139.07
CLUST-LOT-03,W05,8,-2,1,10,2.81,1.81,2110.99
CLUST-LOT-03,W05,8,-1,1,10,3.47,1.75,2092.73
CLUST-LOT-03,W05,8,0,1,10,2.48,1.79,2083.35
CLUST-LOT-03,W05,8,1,1,10,2.4,1.83,2092.77
CLUST-LOT-03,W05,8,2,1,10,2.51,1.79,2122.64
CLUST-LOT-03,W05,8,3,1,10,2.74,1.78,2148.12
CLUST-LOT-03,W05,8,4,1,10,3.17,1.82,2098.08
CLUST-LOT-03,W05,8,5,1,10,3.25,1.79,2121.64
CLUST-LOT-03,W05,8,6,1,10,3.33,1.77,2138.41
CLUST-LOT-03,W05,8,7,1,10,2.73,1.79,2110.39
CLUST-LOT-03,W05,8,8,1,11,2.49,1.79,2108.55
CLUST-LOT-03,W05,8,9,1,10,2.56,1.79,2120.82
CLUST-LOT-03,W05,8,10,1,10,2.53,1.82,2093.19
CLUST-LOT-03,W05,8,11,1,10,2.66,1.81,2118.27
CLUST-LOT-03,W05,8,12,1,10,2.87,1.83,2129.76
CLUST-LOT-03,W05,8,13,1,10,2.54,1.83,2094.41
CLUST-LOT-03,W05,8,14,1,10,2.65,1.8,2101
CLUST-LOT-03,W05,8,15,1,10,2.55,1.8,2099.51
CLUST-LOT-03,W05,8,16,1,10,2.72,1.76,2107.75
CLUST-LOT-03,W05,8,17,1,10,2.68,1.83,2117.54
CLUST-LOT-03,W05,9,-17,1,10,2.39,1.73,2110.22
CLUST-LOT-03,W05,9,-16,1,10,2.66,1.84,2106.48
CLUST-LOT-03,W05,9,-15,1,10,3.12,1.81,2102.92
CLUST-LOT-03,W05,9,-14,1,10,2.73,1.8,2109.36
CLUST-LOT-03,W05,9,-13,1,10,2.79,1.8,2093.83
CLUST-LOT-03,W05,9,-12,1,10,2.85,1.77,2099.7
CLUST-LOT-03,W05,9,-11,1,10,2.68,1.8,2056.76
CLUST-LOT-03,W05,9,-10,1,10,2.71,1.82,2083.38
CLUST-LOT-03,W05,9,-9,1,10,3.12,1.78,2130.28
CLUST-LOT-03,W05,9,-8,1,10,2.72,1.79,2092.28
CLUST-LOT-03,W05,9,-7,1,10,2.1,1.77,2061.28
CLUST-LOT-03,W05,9,-6,1,10,2.6,1.83,2093.78
CLUST-LOT-03,W05,9,-5,1,10,3.57,1.78,2094.08
CLUST-LOT-03,W05,9,-4,1,10,2.37,1.8,2080.96
CLUST-LOT-03,W05,9,-3,1,10,3.35,1.81,2113.35
CLUST-LOT-03,W05,9,-2,1,10,3.47,1.81,2109.36
CLUST-LOT-03,W05,9,-1,1,10,2.3,1.79,2070.32
CLUST-LOT-03,W05,9,0,1,10,2.74,1.78,2066.93
CLUST-LOT-03,W05,9,1,1,10,2.71,1.78,2093.15
CLUST-LOT-03,W05,9,2,1,10,2.62,1.81,2086.56
CLUST-LOT-03,W05,9,3,1,10,2.13,1.81,2090.15
CLUST-LOT-03,W05,9,4,1,10,2.65,1.8,2088.4
CLUST-LOT-03,W05,9,5,1,11,3.04,1.83,2137.87
CLUST-LOT-03,W05,9,6,1,10,2.78,1.77,2082.14
CLUST-LOT-03,W05,9,7,1,10,2.86,1.8,2134.24
CLUST-LOT-03,W05,9,8,1,10,2.7,1.82,2072.86
CLUST-LOT-03,W05,9,9,1,10,2.48,1.83,2103.97
CLUST-LOT-03,W05,9,10,1,10,2.92,1.85,2121.69
CLUST-LOT-03,W05,9,11,1,11,2.83,1.82,2102.91
CLUST-LOT-03,W05,9,12,1,10,2.92,1.77,2094.18
CLUST-LOT-03,W05,9,13,1,10,3.09,1.83,2115.68
CLUST-LOT-03,W05,9,14,1,10,3.04,1.78,2093.66
CLUST-LOT-03,W05,9,15,1,10,2.76,1.84,2123.68
CLUST-LOT-03,W05,9,16,1,10,2.77,1.79,2092.96
CLUST-LOT-03,W05,9,17,1,10,2.65,1.8,2090
CLUST-LOT-03,W05,10,-16,1,10,2.38,1.77,2071.46
CLUST-LOT-03,W05,10,-15,1,10,3.36,1.79,2110.21
CLUST-LOT-03,W05,10,-14,1,10,2.99,1.78,2083.09
CLUST-LOT-03,W05,10,-13,1,10,2.98,1.8,2118.07
CLUST-LOT-03,W05,10,-12,1,10,3.74,1.78,2105.67
CLUST-LOT-03,W05,10,-11,1,10,2.19,1.76,2092.04
CLUST-LOT-03,W05,10,-10,1,10,2.7,1.78,2083.18
CLUST-LOT-03,W05,10,-9,1,11,2.85,1.78,2104.3
CLUST-LOT-03,W05,10,-8,1,10,2.84,1.78,2106.65
CLUST-LOT-03,W05,10,-7,1,10,3.13,1.78,2124.81
CLUST-LOT-03,W05,10,-6,1,10,2.84,1.8,2082.43
CLUST-LOT-03,W05,10,-5,1,10,2.47,1.82,2119.7
CLUST-LOT-03,W05,10,-4,1,10,2.82,1.81,2089.65
CLUST-LOT-03,W05,10,-3,1,10,2.66,1.82,2099.83
CLUST-LOT-03,W05,10,-2,1,10,4.1,1.79,2086.02
CLUST-LOT-03,W05,10,-1,1,11,2.73,1.79,2122.96
CLUST-LOT-03,W05,10,0,1,10,2.27,1.83,2113.91
CLUST-LOT-03,W05,10,1,1,10,3.01,1.82,2052.11
CLUST-LOT-03,W05,10,2,1,10,2.91,1.76,2062.01
CLUST-LOT-03,W05,10,3,1,11,2.53,1.83,2125.86
CLUST-LOT-03,W05,10,4,1,10,2.91,1.79,2049.69
CLUST-LOT-03,W05,10,5,1,10,3.58,1.8,2105.14
CLUST-LOT-03,W05,10,6,1,10,3.06,1.77,2117.65
CLUST-LOT-03,W05,10,7,1,10,3.56,1.75,2078.6
CLUST-LOT-03,W05,10,8,1,10,1.95,1.84,2131.91
CLUST-LOT-03,W05,10,9,1,10,3.12,1.79,2123.96
CLUST-LOT-03,W05,10,10,1,10,2.66,1.81,2110.9
CLUST-LOT-03,W05,10,11,1,10,2.36,1.77,2099.87
CLUST-LOT-03,W05,10,12,1,10,3.32,1.82,2085.81
CLUST-LOT-03,W05,10,13,1,10,2.59,1.8,2121.29
CLUST-LOT-03,W05,10,14,1,10,2.74,1.75,2153.3
CLUST-LOT-03,W05,10,15,1,10,2.97,1.78,2086.86
CLUST-LOT-03,W05,10,16,1,11,3.39,1.82,2118.06
CLUST-LOT-03,W05,11,-15,1,10,2.62,1.79,2135.01
CLUST-LOT-03,W05,11,-14,1,10,2.86,1.82,2108.63
CLUST-LOT-03,W05,11,-13,1,10,3.18,1.83,2110.51
CLUST-LOT-03,W05,11,-12,1,10,2.66,1.78,2124.31
CLUST-LOT-03,W05,11,-11,1,10,3.07,1.79,2056.76
CLUST-LOT-03,W05,11,-10,1,10,2.59,1.8,2071.61
CLUST-LOT-03,W05,11,-9,1,10,2.77,1.78,2131.91
CLUST-LOT-03,W05,11,-8,1,11,2.75,1.76,2077.39
CLUST-LOT-03,W05,11,-7,1,10,2.98,1.82,2050.7
CLUST-LOT-03,W05,11,-6,1,11,1.91,1.79,2109.27
CLUST-LOT-03,W05,11,-5,1,10,2.53,1.78,2064.44
CLUST-LOT-03,W05,11,-4,1,10,2.77,1.76,2091.94
CLUST-LOT-03,W05,11,-3,1,10,2.9,1.8,2089.08
CLUST-LOT-03,W05,11,-2,1,11,2.2,1.78,2074.85
CLUST-LOT-03,W05,11,-1,1,10,2.97,1.78,2081.93
CLUST-LOT-03,W05,11,0,1,10,2.61,1.78,2122.75
CLUST-LOT-03,W05,11,1,1,10,2.62,1.85,2110.43
CLUST-LOT-03,W05,11,2,1,10,3.03,1.85,2131.95
CLUST-LOT-03,W05,11,3,1,10,2.52,1.83,2095.61
CLUST-LOT-03,W05,11,4,1,10,2.62,1.8,2105.6
CLUST-LOT-03,W05,11,5,1,10,2.64,1.82,2116.21
CLUST-LOT-03,W05,11,6,1,10,2.89,1.83,2117.15
CLUST-LOT-03,W05,11,7,1,10,2.74,1.83,2089.85
CLUST-LOT-03,W05,11,8,1,10,2.98,1.84,2125.05
CLUST-LOT-03,W05,11,9,1,11,3,1.8,2109.48
CLUST-LOT-03,W05,11,10,1,10,3.56,1.84,2112.81
CLUST-LOT-03,W05,11,11,1,10,2.56,1.8,2090.72
CLUST-LOT-03,W05,11,12,1,10,2.58,1.78,2112.47
CLUST-LOT-03,W05,11,13,1,10,2.64,1.72,2105.9
CLUST-LOT-03,W05,11,14,1,10,2.93,1.81,2134.64
CLUST-LOT-03,W05,11,15,1,10,2.74,1.76,2071.31
CLUST-LOT-03,W05,12,-15,1,10,3,1.84,2138.72
CLUST-LOT-03,W05,12,-14,1,10,3.04,1.76,2121.61
CLUST-LOT-03,W05,12,-13,1,10,2.32,1.82,2094.82
CLUST-LOT-03,W05,12,-12,1,10,2.67,1.78,2074.27
CLUST-LOT-03,W05,12,-11,1,10,3.06,1.81,2096.9
CLUST-LOT-03,W05,12,-10,1,10,2.88,1.8,2107.87
CLUST-LOT-03,W05,12,-9,1,11,2.66,1.78,2095.56
CLUST-LOT-03,W05,12,-8,1,10,3,1.77,2088.96
CLUST-LOT-03,W05,12,-7,1,11,2.95,1.75,2111.92
CLUST-LOT-03,W05,12,-6,1,10,2.95,1.73,2088.08
CLUST-LOT-03,W05,12,-5,1,10,2.84,1.79,2122.05
CLUST-LOT-03,W05,12,-4,1,10,2.97,1.82,2103.41
CLUST-LOT-03,W05,12,-3,1,10,3.41,1.8,2145.59
CLUST-LOT-03,W05,12,-2,1,10,3.34,1.74,2077.44
CLUST-LOT-03,W05,12,-1,1,10,2.49,1.8,2128.48
CLUST-LOT-03,W05,12,0,1,10,2.8,1.79,2088.81
CLUST-LOT-03,W05,12,1,1,10,2.19,1.8,2124.35
CLUST-LOT-03,W05,12,2,1,10,3.45,1.86,2095.84
CLUST-LOT-03,W05,12,3,1,10,2.87,1.82,2094.68
CLUST-LOT-03,W05,12,4,1,10,2.16,1.78,2110.8
CLUST-LOT-03,W05,12,5,1,10,2.76,1.82,2077.14
CLUST-LOT-03,W05,12,6,1,10,3.46,1.83,2088.07
CLUST-LOT-03,W05,12,7,1,10,1.85,1.82,2078.77
CLUST-LOT-03,W05,12,8,1,10,3.07,1.79,2102.48
CLUST-LOT-03,W05,12,9,1,10,2.56,1.76,2109.2
CLUST-LOT-03,W05,12,10,1,10,3.07,1.8,2117.8
CLUST-LOT-03,W05,12,11,1,10,3.05,1.77,2125.94
CLUST-LOT-03,W05,12,12,1,10,2.63,1.82,2076.29
CLUST-LOT-03,W05,12,13,1,10,3.1,1.78,2086.13
CLUST-LOT-03,W05,12,14,1,10,2.99,1.8,2077.45
CLUST-LOT-03,W05,12,15,1,10,3.02,1.84,2143.9
CLUST-LOT-03,W05,13,-14,1,10,2.41,1.8,2052.66
CLUST-LOT-03,W05,13,-13,1,10,3.07,1.82,2117.35
CLUST-LOT-03,W05,13,-12,1,10,3.13,1.84,2081.07
CLUST-LOT-03,W05,13,-11,1,10,2.89,1.83,2081.03
CLUST-LOT-03,W05,13,-10,1,10,2.94,1.79,2116.02
CLUST-LOT-03,W05,13,-9,1,10,2.78,1.84,2087.78
CLUST-LOT-03,W05,13,-8,1,10,2.99,1.82,2059.71
CLUST-LOT-03,W05,13,-7,1,10,2.52,1.83,2116.44
CLUST-LOT-03,W05,13,-6,1,10,2.78,1.72,2091.9
CLUST-LOT-03,W05,13,-5,1,10,3.38,1.79,2083.49
CLUST-LOT-03,W05,13,-4,1,10,2.34,1.82,2084.53
CLUST-LOT-03,W05,13,-3,1,10,3.6,1.77,2082.5
CLUST-LOT-03,W05,13,-2,1,10,2.46,1.79,2064.47
CLUST-LOT-03,W05,13,-1,1,10,3.09,1.82,2131.99
CLUST-LOT-03,W05,13,0,1,10,2.97,1.8,2092.17
CLUST-LOT-03,W05,13,1,1,10,3.2,1.86,2110.16
CLUST-LOT-03,W05,13,2,1,10,2.48,1.82,2114.69
CLUST-LOT-03,W05,13,3,1,10,3.32,1.84,2102.9
CLUST-LOT-03,W05,13,4,3,32,2.67,1.81,2130.75
CLUST-LOT-03,W05,13,5,1,10,2.68,1.79,2096.75
CLUST-LOT-03,W05,13,6,1,10,3.31,1.85,2063.58
CLUST-LOT-03,W05,13,7,1,10,2.73,1.79,2139.46
CLUST-LOT-03,W05,13,8,1,10,3,1.76,2064.41
CLUST-LOT-03,W05,13,9,1,10,2.7,1.8,2102.99
CLUST-LOT-03,W05,13,10,1,10,2.96,1.78,2083.69
CLUST-LOT-03,W05,13,11,1,10,2.63,1.78,2074.36
CLUST-LOT-03,W05,13,12,1,10,2.36,1.78,2083.5
CLUST-LOT-03,W05,13,13,1,10,2.28,1.79,2150.14
CLUST-LOT-03,W05,13,14,1,10,2.81,1.78,2089.21
CLUST-LOT-03,W05,14,-13,1,10,2.9,1.82,2137.01
CLUST-LOT-03,W05,14,-12,1,10,2.61,1.82,2102.51
CLUST-LOT-03,W05,14,-11,1,10,2.49,1.75,2069.31
CLUST-LOT-03,W05,14,-10,1,10,3.08,1.81,2097.29
CLUST-LOT-03,W05,14,-9,1,11,2.78,1.81,2143.06
CLUST-LOT-03,W05,14,-8,1,10,2.83,1.78,2060.36
CLUST-LOT-03,W05,14,-7,1,10,2.41,1.79,2100.29
CLUST-LOT-03,W05,14,-6,1,10,3.54,1.87,2116.4
CLUST-LOT-03,W05,14,-5,1,10,3.25,1.84,2124.36
CLUST-LOT-03,W05,14,-4,1,10,2.94,1.78,2129.44
CLUST-LOT-03,W05,14,-3,1,10,2.73,1.81,2074.39
CLUST-LOT-03,W05,14,-2,1,10,2.28,1.8,2065.88
CLUST-LOT-03,W05,14,-1,1,10,2.2,1.81,2109.83
CLUST-LOT-03,W05,14,0,1,10,2.8,1.8,2111.58
CLUST-LOT-03,W05,14,1,1,10,2.87,1.78,2103.22
CLUST-LOT-03,W05,14,2,1,10,2.58,1.85,2106.87
CLUST-LOT-03,W05,14,3,1,10,2.53,1.83,2085.39
CLUST-LOT-03,W05,14,4,1,10,2.77,1.85,2110.39
CLUST-LOT-03,W05,14,5,1,10,2.38,1.77,2078.46
CLUST-LOT-03,W05,14,6,1,10,2.73,1.73,2084.42
CLUST-LOT-03,W05,14,7,1,10,3.21,1.82,2118.84
CLUST-LOT-03,W05,14,8,1,10,3.15,1.83,2089.6
CLUST-LOT-03,W05,14,9,1,10,2.54,1.78,2071.36
CLUST-LOT-03,W05,14,10,1,10,2.53,1.74,2086.04
CLUST-LOT-03,W05,14,11,1,10,2.78,1.79,2112.01
CLUST-LOT-03,W05,14,12,1,10,3.19,1.82,2108.92
CLUST-LOT-03,W05,14,13,1,10,3.13,1.79,2092.78
CLUST-LOT-03,W05,15,-12,1,10,3.08,1.76,2096.74
CLUST-LOT-03,W05,15,-11,1,10,3.04,1.78,2122.23
CLUST-LOT-03,W05,15,-10,1,10,2.69,1.81,2102.38
CLUST-LOT-03,W05,15,-9,1,10,3.1,1.78,2081.32
CLUST-LOT-03,W05,15,-8,1,10,2.92,1.81,2129.61
CLUST-LOT-03,W05,15,-7,1,10,2.63,1.76,2094.54
CLUST-LOT-03,W05,15,-6,1,10,3.08,1.82,2094.37
CLUST-LOT-03,W05,15,-5,1,10,2.88,1.82,2100.57
CLUST-LOT-03,W05,15,-4,1,10,2.76,1.76,2053.12
CLUST-LOT-03,W05,15,-3,1,10,3.16,1.81,2101.08
CLUST-LOT-03,W05,15,-2,1,10,2.64,1.78,2099.99
CLUST-LOT-03,W05,15,-1,1,10,3.34,1.81,2085.13
CLUST-LOT-03,W05,15,0,1,10,2.67,1.77,2119.33
CLUST-LOT-03,W05,15,1,1,10,2.88,1.76,2096.35
CLUST-LOT-03,W05,15,2,1,11,2.5,1.81,2088.45
CLUST-LOT-03,W05,15,3,1,10,3.26,1.79,2059.02
CLUST-LOT-03,W05,15,4,1,10,2.85,1.74,2072.11
CLUST-LOT-03,W05,15,5,1,10,3.05,1.78,2085.87
CLUST-LOT-03,W05,15,6,1,10,2.43,1.83,2091.99
CLUST-LOT-03,W05,15,7,1,10,2.91,1.76,2071.74
CLUST-LOT-03,W05,15,8,1,10,2.77,1.76,2124.11
CLUST-LOT-03,W05,15,9,1,10,2.43,1.8,2059.35
CLUST-LOT-03,W05,15,10,1,10,3.18,1.74,2075
CLUST-LOT-03,W05,15,11,1,10,2.25,1.8,2104.22
CLUST-LOT-03,W05,15,12,1,10,2.02,1.79,2098.88
CLUST-LOT-03,W05,16,-10,1,10,3.39,1.82,2092.13
CLUST-LOT-03,W05,16,-9,1,10,2.43,1.74,2078.11
CLUST-LOT-03,W05,16,-8,1,10,2.37,1.8,2091.16
CLUST-LOT-03,W05,16,-7,1,11,2.31,1.79,2153.01
CLUST-LOT-03,W05,16,-6,1,10,3.04,1.8,2112.41
CLUST-LOT-03,W05,16,-5,1,10,3.35,1.84,2127.12
CLUST-LOT-03,W05,16,-4,1,10,2.96,1.85,2120.82
CLUST-LOT-03,W05,16,-3,1,10,2.89,1.77,2125.11
CLUST-LOT-03,W05,16,-2,1,10,2.52,1.8,2090.19
CLUST-LOT-03,W05,16,-1,1,10,2.39,1.84,2137.72
CLUST-LOT-03,W05,16,0,1,10,2.07,1.8,2042.91
CLUST-LOT-03,W05,16,1,1,10,2.1,1.73,2123.03
CLUST-LOT-03,W05,16,2,1,10,2.26,1.79,2075.15
CLUST-LOT-03,W05,16,3,1,10,3.22,1.78,2107.16
CLUST-LOT-03,W05,16,4,1,10,2.63,1.82,2102.17
CLUST-LOT-03,W05,16,5,1,10,3,1.82,2117.9
CLUST-LOT-03,W05,16,6,1,10,2.95,1.8,2099.01
CLUST-LOT-03,W05,16,7,1,10,3.55,1.84,2072.42
CLUST-LOT-03,W05,16,8,1,10,2.68,1.81,2092.34
CLUST-LOT-03,W05,16,9,1,10,2.74,1.76,2133.1
CLUST-LOT-03,W05,16,10,1,10,2.41,1.81,2091.28
CLUST-LOT-03,W05,17,-9,3,32,2.6,1.82,2126.85
CLUST-LOT-03,W05,17,-8,1,11,2.24,1.78,2097.7
CLUST-LOT-03,W05,17,-7,1,10,2.66,1.81,2138.42
CLUST-LOT-03,W05,17,-6,1,10,2.82,1.83,2087.5
CLUST-LOT-03,W05,17,-5,1,10,3.31,1.8,2086.88
CLUST-LOT-03,W05,17,-4,1,10,3.1,1.85,2087.2
CLUST-LOT-03,W05,17,-3,1,10,1.89,1.8,2143.11
CLUST-LOT-03,W05,17,-2,1,10,2.48,1.8,2121.43
CLUST-LOT-03,W05,17,-1,1,10,3.13,1.77,2103.65
CLUST-LOT-03,W05,17,0,1,10,2.76,1.77,2087.86
CLUST-LOT-03,W05,17,1,1,10,3.08,1.8,2142.26
CLUST-LOT-03,W05,17,2,1,10,2.66,1.84,2085.56
CLUST-LOT-03,W05,17,3,1,10,2.52,1.81,2117.31
CLUST-LOT-03,W05,17,4,1,10,2.95,1.8,2100.22
CLUST-LOT-03,W05,17,5,1,10,2.24,1.79,2105.19
CLUST-LOT-03,W05,17,6,1,10,3.24,1.74,2102.43
CLUST-LOT-03,W05,17,7,1,10,2.79,1.82,2089.57
CLUST-LOT-03,W05,17,8,1,10,3.62,1.76,2107.64
CLUST-LOT-03,W05,17,9,1,10,2.69,1.79,2072.69
CLUST-LOT-03,W05,18,-6,1,10,3.08,1.83,2083.29
CLUST-LOT-03,W05,18,-5,1,10,2.78,1.82,2068.04
CLUST-LOT-03,W05,18,-4,1,10,3.15,1.78,2099.32
CLUST-LOT-03,W05,18,-3,1,10,2.88,1.79,2081.31
CLUST-LOT-03,W05,18,-2,1,10,2.72,1.77,2089.75
CLUST-LOT-03,W05,18,-1,1,10,2.41,1.78,2065.63
CLUST-LOT-03,W05,18,0,1,10,2.88,1.84,2106.3
CLUST-LOT-03,W05,18,1,1,10,2.86,1.78,2104.16
CLUST-LOT-03,W05,18,2,1,10,2.97,1.81,2107
CLUST-LOT-03,W05,18,3,1,10,2.9,1.84,2069.27
CLUST-LOT-03,W05,18,4,1,10,2.32,1.76,2064.71
CLUST-LOT-03,W05,18,5,1,10,3.18,1.82,2114.7
CLUST-LOT-03,W05,18,6,1,10,2.66,1.77,2096.03
CLUST-LOT-03,W05,19,-3,1,10,2.35,1.76,2089.32
CLUST-LOT-03,W05,19,-2,1,10,2.61,1.74,2089.58
CLUST-LOT-03,W05,19,-1,1,10,2.83,1.81,2116.37
CLUST-LOT-03,W05,19,0,1,10,3.31,1.82,2138.55
CLUST-LOT-03,W05,19,1,1,10,2.61,1.79,2103.79
CLUST-LOT-03,W05,19,2,1,10,2.46,1.79,2113.75
CLUST-LOT-03,W05,19,3,1,10,3.06,1.74,2082.1
CLUST-LOT-03,W06,-19,-3,1,10,3.15,1.82,2121.69
CLUST-LOT-03,W06,-19,-2,1,10,2.83,1.82,2119.63
CLUST-LOT-03,W06,-19,-1,1,10,3,1.75,2121.46
CLUST-LOT-03,W06,-19,0,1,10,2.74,1.85,2126.22
CLUST-LOT-03,W06,-19,1,1,10,2.42,1.79,2077.8
CLUST-LOT-03,W06,-19,2,1,10,2.72,1.81,2112.45
CLUST-LOT-03,W06,-19,3,1,10,1.78,1.78,2119.73
CLUST-LOT-03,W06,-18,-6,1,10,3.27,1.82,2084.04
CLUST-LOT-03,W06,-18,-5,1,10,3.06,1.75,2105.82
CLUST-LOT-03,W06,-18,-4,1,10,2.47,1.8,2110.16
CLUST-LOT-03,W06,-18,-3,1,10,2.36,1.8,2116.81
CLUST-LOT-03,W06,-18,-2,1,10,2.87,1.78,2146.59
CLUST-LOT-03,W06,-18,-1,1,10,3.38,1.8,2131.46
CLUST-LOT-03,W06,-18,0,1,10,3.07,1.73,2116.27
CLUST-LOT-03,W06,-18,1,1,10,2.89,1.82,2102.59
CLUST-LOT-03,W06,-18,2,1,10,2.91,1.84,2085.16
CLUST-LOT-03,W06,-18,3,1,10,2.67,1.78,2097.29
CLUST-LOT-03,W06,-18,4,1,10,2.95,1.86,2142.06
CLUST-LOT-03,W06,-18,5,1,10,3.53,1.79,2117.94
CLUST-LOT-03,W06,-18,6,1,11,3.27,1.79,2075.32
CLUST-LOT-03,W06,-17,-9,1,10,3.12,1.84,2107.53
CLUST-LOT-03,W06,-17,-8,1,10,3.16,1.79,2071.65
CLUST-LOT-03,W06,-17,-7,1,10,2.98,1.77,2128.82
CLUST-LOT-03,W06,-17,-6,1,10,2.01,1.76,2157.74
CLUST-LOT-03,W06,-17,-5,1,10,2.27,1.76,2023.94
CLUST-LOT-03,W06,-17,-4,1,11,3.62,1.85,2126.22
CLUST-LOT-03,W06,-17,-3,1,10,2.55,1.79,2082.63
CLUST-LOT-03,W06,-17,-2,1,10,2.79,1.83,2095.12
CLUST-LOT-03,W06,-17,-1,1,10,3.2,1.83,2099.12
CLUST-LOT-03,W06,-17,0,1,10,2.92,1.82,2114.48
CLUST-LOT-03,W06,-17,1,1,10,2.86,1.77,2114.64
CLUST-LOT-03,W06,-17,2,1,10,2.4,1.81,2096.12
CLUST-LOT-03,W06,-17,3,1,10,2.37,1.82,2104.1
CLUST-LOT-03,W06,-17,4,1,10,2.64,1.88,2069.75
CLUST-LOT-03,W06,-17,5,1,10,2.63,1.8,2139.83
CLUST-LOT-03,W06,-17,6,1,10,2.31,1.8,2065.94
CLUST-LOT-03,W06,-17,7,1,10,2.53,1.82,2139.27
CLUST-LOT-03,W06,-17,8,1,10,3.39,1.78,2116.31
CLUST-LOT-03,W06,-17,9,1,10,3.01,1.77,2113.3
CLUST-LOT-03,W06,-16,-10,1,10,3.11,1.81,2079.46
CLUST-LOT-03,W06,-16,-9,1,10,2.98,1.83,2123.64
CLUST-LOT-03,W06,-16,-8,1,10,2.68,1.78,2070.2
CLUST-LOT-03,W06,-16,-7,1,10,2.51,1.84,2066.81
CLUST-LOT-03,W06,-16,-6,1,10,2.37,1.82,2126.69
CLUST-LOT-03,W06,-16,-5,1,10,2.75,1.81,2078.33
CLUST-LOT-03,W06,-16,-4,1,10,3.28,1.76,2142.59
CLUST-LOT-03,W06,-16,-3,1,10,2.8,1.79,2136.04
CLUST-LOT-03,W06,-16,-2,1,10,2.71,1.8,2097.98
CLUST-LOT-03,W06,-16,-1,1,10,2.34,1.77,2117.2
CLUST-LOT-03,W06,-16,0,1,10,2.93,1.86,2088.51
CLUST-LOT-03,W06,-16,1,1,10,2.86,1.76,2075.91
CLUST-LOT-03,W06,-16,2,1,10,2.53,1.82,2078.25
CLUST-LOT-03,W06,-16,3,1,10,2.56,1.84,2083.8
CLUST-LOT-03,W06,-16,4,1,10,3.09,1.81,2080.91
CLUST-LOT-03,W06,-16,5,1,10,2.75,1.82,2121.33
CLUST-LOT-03,W06,-16,6,1,10,3.22,1.82,2118.08
CLUST-LOT-03,W06,-16,7,1,10,3.79,1.82,2098.63
CLUST-LOT-03,W06,-16,8,1,10,3.44,1.84,2104.97
CLUST-LOT-03,W06,-16,9,1,10,2.81,1.79,2121.03
CLUST-LOT-03,W06,-16,10,1,11,3.05,1.82,2124.14
CLUST-LOT-03,W06,-15,-12,1,10,2.8,1.81,2118.29
CLUST-LOT-03,W06,-15,-11,1,10,3.05,1.81,2091.45
CLUST-LOT-03,W06,-15,-10,1,10,2.73,1.81,2085.01
CLUST-LOT-03,W06,-15,-9,1,10,3.02,1.77,2115.04
CLUST-LOT-03,W06,-15,-8,1,10,3.11,1.84,2127.35
CLUST-LOT-03,W06,-15,-7,1,10,3.06,1.86,2077.9
CLUST-LOT-03,W06,-15,-6,1,10,2.72,1.85,2113.52
CLUST-LOT-03,W06,-15,-5,1,10,2.76,1.78,2083.65
CLUST-LOT-03,W06,-15,-4,1,10,3.04,1.77,2127.43
CLUST-LOT-03,W06,-15,-3,1,10,3.05,1.82,2091.74
CLUST-LOT-03,W06,-15,-2,1,10,2.86,1.85,2132.27
CLUST-LOT-03,W06,-15,-1,2,21,2.33,1.76,2121.72
CLUST-LOT-03,W06,-15,0,1,10,2.78,1.83,2084.03
CLUST-LOT-03,W06,-15,1,1,10,2.37,1.82,2098.6
CLUST-LOT-03,W06,-15,2,1,10,2.79,1.78,2088.68
CLUST-LOT-03,W06,-15,3,1,10,3.11,1.76,2106.67
CLUST-LOT-03,W06,-15,4,1,10,2.38,1.8,2136.61
CLUST-LOT-03,W06,-15,5,1,10,2.77,1.83,2096.31
CLUST-LOT-03,W06,-15,6,1,10,3.12,1.84,2103.35
CLUST-LOT-03,W06,-15,7,1,10,3.25,1.82,2106.04
CLUST-LOT-03,W06,-15,8,1,10,2.6,1.77,2071.75
CLUST-LOT-03,W06,-15,9,1,10,2.67,1.79,2112.95
CLUST-LOT-03,W06,-15,10,1,10,3.26,1.82,2118.66
CLUST-LOT-03,W06,-15,11,1,10,3.04,1.8,2087.37
CLUST-LOT-03,W06,-15,12,1,10,2.64,1.84,2124.35
CLUST-LOT-03,W06,-14,-13,1,10,3,1.81,2151.83
CLUST-LOT-03,W06,-14,-12,1,10,2.17,1.8,2094.28
CLUST-LOT-03,W06,-14,-11,1,10,2.85,1.8,2070.23
CLUST-LOT-03,W06,-14,-10,1,10,3.05,1.72,2096.93
CLUST-LOT-03,W06,-14,-9,1,10,2.79,1.82,2112.81
CLUST-LOT-03,W06,-14,-8,1,10,2.35,1.75,2116.41
CLUST-LOT-03,W06,-14,-7,1,10,2.99,1.78,2049.57
CLUST-LOT-03,W06,-14,-6,1,10,3.2,1.81,2078.81
CLUST-LOT-03,W06,-14,-5,1,10,2.97,1.76,2117.85
CLUST-LOT-03,W06,-14,-4,1,10,3.61,1.81,2081.52
CLUST-LOT-03,W06,-14,-3,1,10,2.39,1.77,2083.2
CLUST-LOT-03,W06,-14,-2,1,10,2.9,1.83,2097.79
CLUST-LOT-03,W06,-14,-1,1,10,2.6,1.74,2079.64
CLUST-LOT-03,W06,-14,0,1,10,2.78,1.81,2120.83
CLUST-LOT-03,W06,-14,1,1,10,3.41,1.84,2117.74
CLUST-LOT-03,W06,-14,2,1,10,2.49,1.83,2118.15
CLUST-LOT-03,W06,-14,3,1,10,3.25,1.83,2093.07
CLUST-LOT-03,W06,-14,4,1,11,2.61,1.84,2099.75
CLUST-LOT-03,W06,-14,5,1,10,2.85,1.76,2100.51
CLUST-LOT-03,W06,-14,6,1,10,3.16,1.85,2075.03
CLUST-LOT-03,W06,-14,7,1,10,3.25,1.84,2099.35
CLUST-LOT-03,W06,-14,8,1,10,3.29,1.8,2084.46
CLUST-LOT-03,W06,-14,9,1,10,2.71,1.76,2130.87
CLUST-LOT-03,W06,-14,10,1,10,2.62,1.77,2147.04
CLUST-LOT-03,W06,-14,11,1,10,2.57,1.79,2040.07
CLUST-LOT-03,W06,-14,12,1,10,2.98,1.8,2104.7
CLUST-LOT-03,W06,-14,13,1,10,2.59,1.75,2087.75
CLUST-LOT-03,W06,-13,-14,1,10,2.49,1.81,2068.36
CLUST-LOT-03,W06,-13,-13,1,10,2.93,1.8,2098.17
CLUST-LOT-03,W06,-13,-12,1,10,2.79,1.72,2108.85
CLUST-LOT-03,W06,-13,-11,1,10,2.24,1.8,2113.43
CLUST-LOT-03,W06,-13,-10,1,10,2.94,1.85,2095.28
CLUST-LOT-03,W06,-13,-9,1,10,3.23,1.82,2122.66
CLUST-LOT-03,W06,-13,-8,1,10,3.07,1.8,2091.11
CLUST-LOT-03,W06,-13,-7,1,10,2.77,1.78,2093.3
CLUST-LOT-03,W06,-13,-6,1,10,2.78,1.83,2126.97
CLUST-LOT-03,W06,-13,-5,1,10,2.62,1.81,2063.58
CLUST-LOT-03,W06,-13,-4,1,10,2.68,1.79,2099.48
CLUST-LOT-03,W06,-13,-3,1,10,2.64,1.79,2091.7
CLUST-LOT-03,W06,-13,-2,1,10,2.47,1.81,2110.11
CLUST-LOT-03,W06,-13,-1,1,10,2.58,1.81,2073.41
CLUST-LOT-03,W06,-13,0,1,10,2.64,1.81,2126.93
CLUST-LOT-03,W06,-13,1,1,10,3.01,1.77,2077.4
CLUST-LOT-03,W06,-13,2,1,10,2.54,1.75,2136.99
CLUST-LOT-03,W06,-13,3,1,10,2.56,1.79,2133.66
CLUST-LOT-03,W06,-13,4,1,10,2.9,1.83,2116.89
CLUST-LOT-03,W06,-13,5,1,10,2.88,1.82,2093.42
CLUST-LOT-03,W06,-13,6,1,10,2.8,1.85,2114.26
CLUST-LOT-03,W06,-13,7,1,10,2.58,1.77,2054.84
CLUST-LOT-03,W06,-13,8,1,10,2.42,1.76,2105.07
CLUST-LOT-03,W06,-13,9,1,10,2.87,1.78,2126.34
CLUST-LOT-03,W06,-13,10,1,10,2.63,1.81,2046.57
CLUST-LOT-03,W06,-13,11,1,10,2.53,1.82,2099.19
CLUST-LOT-03,W06,-13,12,1,10,3.31,1.83,2081.85
CLUST-LOT-03,W06,-13,13,1,10,2.52,1.86,2081.31
CLUST-LOT-03,W06,-13,14,1,10,2.68,1.78,2095.7
CLUST-LOT-03,W06,-12,-15,1,10,3.1,1.86,2106.94
CLUST-LOT-03,W06,-12,-14,1,10,2.84,1.85,2078.67
CLUST-LOT-03,W06,-12,-13,1,10,2.68,1.81,2060.95
CLUST-LOT-03,W06,-12,-12,1,10,3.42,1.81,2066.9
CLUST-LOT-03,W06,-12,-11,1,10,2.74,1.81,2105.25
CLUST-LOT-03,W06,-12,-10,1,10,2.91,1.84,2117.6
CLUST-LOT-03,W06,-12,-9,1,10,1.92,1.81,2120.95
CLUST-LOT-03,W06,-12,-8,1,10,2.68,1.79,2142.69
CLUST-LOT-03,W06,-12,-7,1,10,2.8,1.8,2117.31
CLUST-LOT-03,W06,-12,-6,1,10,3.26,1.8,2104.25
CLUST-LOT-03,W06,-12,-5,1,10,2.36,1.75,2094.28
CLUST-LOT-03,W06,-12,-4,1,10,2.17,1.76,2076.98
CLUST-LOT-03,W06,-12,-3,1,10,2.11,1.81,2093.17
CLUST-LOT-03,W06,-12,-2,1,10,2.89,1.84,2082.96
CLUST-LOT-03,W06,-12,-1,1,10,3.19,1.79,2100.57
CLUST-LOT-03,W06,-12,0,1,10,2.98,1.82,2097.72
CLUST-LOT-03,W06,-12,1,1,10,3.08,1.8,2052.05
CLUST-LOT-03,W06,-12,2,1,10,3.13,1.79,2089.49
CLUST-LOT-03,W06,-12,3,1,11,2.75,1.85,2100.13
CLUST-LOT-03,W06,-12,4,1,10,2.64,1.76,2117.26
CLUST-LOT-03,W06,-12,5,1,10,2.93,1.78,2045.86
CLUST-LOT-03,W06,-12,6,1,11,1.97,1.78,2066.23
CLUST-LOT-03,W06,-12,7,1,10,2.4,1.79,2140.73
CLUST-LOT-03,W06,-12,8,1,10,2.15,1.79,2072.6
CLUST-LOT-03,W06,-12,9,1,10,3.49,1.85,2119.74
CLUST-LOT-03,W06,-12,10,1,10,3.3,1.78,2124.55
CLUST-LOT-03,W06,-12,11,1,10,3.03,1.79,2101.62
CLUST-LOT-03,W06,-12,12,1,10,3.45,1.82,2098.45
CLUST-LOT-03,W06,-12,13,1,10,2.48,1.86,2102.75
CLUST-LOT-03,W06,-12,14,1,11,2.6,1.82,2095.12
CLUST-LOT-03,W06,-12,15,1,10,2.65,1.74,2154.14
CLUST-LOT-03,W06,-11,-15,1,10,2.5,1.77,2122.18
CLUST-LOT-03,W06,-11,-14,1,10,2.58,1.82,2103.42
CLUST-LOT-03,W06,-11,-13,1,10,3.21,1.86,2091.96
CLUST-LOT-03,W06,-11,-12,1,10,2.58,1.78,2114.35
CLUST-LOT-03,W06,-11,-11,2,21,2.75,1.83,2164.4
CLUST-LOT-03,W06,-11,-10,1,10,2.59,1.8,2102.6
CLUST-LOT-03,W06,-11,-9,1,10,2.83,1.77,2126.7
CLUST-LOT-03,W06,-11,-8,1,10,3.45,1.85,2129.23
CLUST-LOT-03,W06,-11,-7,1,10,2.87,1.78,2087.69
CLUST-LOT-03,W06,-11,-6,1,10,2.28,1.84,2095.48
CLUST-LOT-03,W06,-11,-5,1,10,2.57,1.84,2095.34
CLUST-LOT-03,W06,-11,-4,1,10,2.72,1.82,2091.79
CLUST-LOT-03,W06,-11,-3,1,10,2.76,1.81,2122.98
CLUST-LOT-03,W06,-11,-2,1,11,2.46,1.79,2093.29
CLUST-LOT-03,W06,-11,-1,1,10,3.18,1.8,2148.1
CLUST-LOT-03,W06,-11,0,1,10,2.69,1.83,2083.12
CLUST-LOT-03,W06,-11,1,1,10,2.5,1.79,2130.58
CLUST-LOT-03,W06,-11,2,1,10,2.25,1.8,2116.12
CLUST-LOT-03,W06,-11,3,1,10,3.42,1.81,2114.45
CLUST-LOT-03,W06,-11,4,1,10,2.9,1.83,2050.19
CLUST-LOT-03,W06,-11,5,1,10,2.39,1.82,2147.4
CLUST-LOT-03,W06,-11,6,1,10,3.12,1.81,2080.48
CLUST-LOT-03,W06,-11,7,1,10,2.66,1.75,2080.12
CLUST-LOT-03,W06,-11,8,1,10,2.01,1.82,2120.7
CLUST-LOT-03,W06,-11,9,1,10,2.6,1.85,2114.98
CLUST-LOT-03,W06,-11,10,1,10,2.23,1.8,2084.37
CLUST-LOT-03,W06,-11,11,1,11,3.05,1.78,2099.43
CLUST-LOT-03,W06,-11,12,1,10,3.07,1.83,2092.99
CLUST-LOT-03,W06,-11,13,1,10,2.66,1.83,2087.85
CLUST-LOT-03,W06,-11,14,1,10,2.51,1.75,2123.26
CLUST-LOT-03,W06,-11,15,1,10,2.57,1.81,2087.93
CLUST-LOT-03,W06,-10,-16,1,10,2.35,1.77,2117.51
CLUST-LOT-03,W06,-10,-15,1,10,2.85,1.81,2142.4
CLUST-LOT-03,W06,-10,-14,1,11,2.65,1.79,2077.75
CLUST-LOT-03,W06,-10,-13,1,10,2.72,1.75,2104.42
CLUST-LOT-03,W06,-10,-12,1,10,2.9,1.84,2081.59
CLUST-LOT-03,W06,-10,-11,1,10,3.37,1.84,2094.6
CLUST-LOT-03,W06,-10,-10,1,10,2.7,1.79,2095.98
CLUST-LOT-03,W06,-10,-9,1,10,2.15,1.8,2121.25
CLUST-LOT-03,W06,-10,-8,1,10,2.75,1.82,2106.27
CLUST-LOT-03,W06,-10,-7,1,10,2.48,1.77,2092.92
CLUST-LOT-03,W06,-10,-6,1,10,3.2,1.8,2102.63
CLUST-LOT-03,W06,-10,-5,1,10,2.76,1.81,2116.43
CLUST-LOT-03,W06,-10,-4,1,10,2.92,1.78,2053.82
CLUST-LOT-03,W06,-10,-3,1,10,2.97,1.79,2069.38
CLUST-LOT-03,W06,-10,-2,1,10,3.46,1.81,2104.89
CLUST-LOT-03,W06,-10,-1,1,10,3.24,1.77,2111.53
CLUST-LOT-03,W06,-10,0,1,10,2.64,1.81,2095.92
CLUST-LOT-03,W06,-10,1,1,10,3.35,1.8,2082.57
CLUST-LOT-03,W06,-10,2,1,10,2.95,1.82,2100.03
CLUST-LOT-03,W06,-10,3,1,10,3,1.83,2118.96
CLUST-LOT-03,W06,-10,4,1,10,3.05,1.79,2099.28
CLUST-LOT-03,W06,-10,5,1,10,2.45,1.76,2100.47
CLUST-LOT-03,W06,-10,6,1,10,2.88,1.79,2086.74
CLUST-LOT-03,W06,-10,7,1,10,2.83,1.81,2102.21
CLUST-LOT-03,W06,-10,8,1,10,2.91,1.82,2068.41
CLUST-LOT-03,W06,-10,9,1,10,2.67,1.83,2109.65
CLUST-LOT-03,W06,-10,10,1,10,2.94,1.83,2130.99
CLUST-LOT-03,W06,-10,11,1,10,2.94,1.75,2076
CLUST-LOT-03,W06,-10,12,1,10,2.83,1.79,2053.59
CLUST-LOT-03,W06,-10,13,1,10,3.36,1.8,2104.19
CLUST-LOT-03,W06,-10,14,1,10,3.06,1.8,2139.39
CLUST-LOT-03,W06,-10,15,1,10,2.44,1.82,2045.74
CLUST-LOT-03,W06,-10,16,1,10,2.68,1.75,2122.65
CLUST-LOT-03,W06,-9,-17,1,10,3.34,1.83,2122.93
CLUST-LOT-03,W06,-9,-16,1,10,3.12,1.81,2088.62
CLUST-LOT-03,W06,-9,-15,1,10,2.8,1.83,2124.92
CLUST-LOT-03,W06,-9,-14,1,10,3.03,1.84,2101.53
CLUST-LOT-03,W06,-9,-13,1,10,2.3,1.77,2086.22
CLUST-LOT-03,W06,-9,-12,1,10,2.97,1.82,2117.72
CLUST-LOT-03,W06,-9,-11,1,10,2.59,1.77,2119.28
CLUST-LOT-03,W06,-9,-10,1,10,2.55,1.79,2126.73
CLUST-LOT-03,W06,-9,-9,1,11,2.7,1.81,2125.05
CLUST-LOT-03,W06,-9,-8,1,10,2.32,1.77,2115.69
CLUST-LOT-03,W06,-9,-7,1,10,2.08,1.78,2109.22
CLUST-LOT-03,W06,-9,-6,1,10,3.5,1.84,2122.9
CLUST-LOT-03,W06,-9,-5,1,10,2.82,1.8,2109.58
CLUST-LOT-03,W06,-9,-4,1,10,2.84,1.78,2111.09
CLUST-LOT-03,W06,-9,-3,1,10,3.24,1.8,2086.99
CLUST-LOT-03,W06,-9,-2,1,10,2.32,1.79,2156.11
CLUST-LOT-03,W06,-9,-1,1,10,2.65,1.75,2105.68
CLUST-LOT-03,W06,-9,0,1,10,2.77,1.81,2104.99
CLUST-LOT-03,W06,-9,1,1,10,3.02,1.79,2102.01
CLUST-LOT-03,W06,-9,2,1,10,3.54,1.78,2127.07
CLUST-LOT-03,W06,-9,3,1,10,3,1.84,2119.97
CLUST-LOT-03,W06,-9,4,1,10,2.4,1.8,2115.75
CLUST-LOT-03,W06,-9,5,1,10,2.53,1.81,2122.32
CLUST-LOT-03,W06,-9,6,1,10,2.52,1.82,2066.25
CLUST-LOT-03,W06,-9,7,1,10,2.64,1.83,2088.12
CLUST-LOT-03,W06,-9,8,1,10,2.74,1.83,2059.15
CLUST-LOT-03,W06,-9,9,1,11,2.92,1.79,2090.84
CLUST-LOT-03,W06,-9,10,1,10,2.32,1.8,2132.39
CLUST-LOT-03,W06,-9,11,1,10,2.94,1.77,2077.15
CLUST-LOT-03,W06,-9,12,1,10,3.71,1.83,2124.99
CLUST-LOT-03,W06,-9,13,1,10,3.74,1.8,2065.11
CLUST-LOT-03,W06,-9,14,1,10,2.22,1.85,2076.78
CLUST-LOT-03,W06,-9,15,1,10,2.68,1.77,2115.18
CLUST-LOT-03,W06,-9,16,1,11,2.71,1.82,2073.69
CLUST-LOT-03,W06,-9,17,1,10,2.91,1.76,2126.16
CLUST-LOT-03,W06,-8,-17,1,10,2.75,1.79,2112.36
CLUST-LOT-03,W06,-8,-16,1,10,3.31,1.79,2091.09
CLUST-LOT-03,W06,-8,-15,1,11,2.87,1.8,2099.76
CLUST-LOT-03,W06,-8,-14,1,10,2.45,1.85,2091.85
CLUST-LOT-03,W06,-8,-13,1,10,3.21,1.82,2113.36
CLUST-LOT-03,W06,-8,-12,1,10,3.3,1.84,2090.21
CLUST-LOT-03,W06,-8,-11,1,10,2.52,1.85,2132.16
CLUST-LOT-03,W06,-8,-10,1,10,2.34,1.8,2097.61
CLUST-LOT-03,W06,-8,-9,1,10,2.47,1.81,2066.24
CLUST-LOT-03,W06,-8,-8,1,10,2.27,1.76,2106.56
CLUST-LOT-03,W06,-8,-7,1,10,2.63,1.81,2113.43
CLUST-LOT-03,W06,-8,-6,1,10,2.86,1.82,2062.07
CLUST-LOT-03,W06,-8,-5,1,10,2.39,1.81,2115.25
CLUST-LOT-03,W06,-8,-4,1,10,3.28,1.8,2101.26
CLUST-LOT-03,W06,-8,-3,1,10,2.67,1.79,2086.95
CLUST-LOT-03,W06,-8,-2,1,10,2.4,1.79,2100.91
CLUST-LOT-03,W06,-8,-1,1,10,2.53,1.83,2070.96
CLUST-LOT-03,W06,-8,0,1,10,3.04,1.75,2069.78
CLUST-LOT-03,W06,-8,1,1,10,3.48,1.82,2091.28
CLUST-LOT-03,W06,-8,2,1,10,2.72,1.81,2083.71
CLUST-LOT-03,W06,-8,3,1,10,2.83,1.82,2154.82
CLUST-LOT-03,W06,-8,4,1,10,2.79,1.79,2075.97
CLUST-LOT-03,W06,-8,5,1,10,3.3,1.84,2073.93
CLUST-LOT-03,W06,-8,6,1,10,2.99,1.76,2086.94
CLUST-LOT-03,W06,-8,7,1,11,2.54,1.81,2131.9
CLUST-LOT-03,W06,-8,8,1,10,2.89,1.81,2085.79
CLUST-LOT-03,W06,-8,9,1,10,2.54,1.8,2099.41
CLUST-LOT-03,W06,-8,10,1,10,2.49,1.76,2099
CLUST-LOT-03,W06,-8,11,1,11,3.26,1.77,2106.88
CLUST-LOT-03,W06,-8,12,1,10,2.76,1.78,2098.3
CLUST-LOT-03,W06,-8,13,1,10,3.29,1.81,2084.16
CLUST-LOT-03,W06,-8,14,1,10,3.24,1.76,2085.62
CLUST-LOT-03,W06,-8,15,1,10,3.16,1.78,2120.91
CLUST-LOT-03,W06,-8,16,1,10,2.63,1.76,2088.53
CLUST-LOT-03,W06,-8,17,1,10,2.73,1.79,2107.59
CLUST-LOT-03,W06,-7,-17,1,10,2.41,1.78,2052.37
CLUST-LOT-03,W06,-7,-16,1,10,2.94,1.82,2070.09
CLUST-LOT-03,W06,-7,-15,1,10,1.99,1.8,2069.35
CLUST-LOT-03,W06,-7,-14,1,10,2.66,1.81,2071.68
CLUST-LOT-03,W06,-7,-13,1,10,3.08,1.79,2059.83
CLUST-LOT-03,W06,-7,-12,1,10,3.22,1.79,2107.81
CLUST-LOT-03,W06,-7,-11,1,10,3.34,1.84,2081.38
CLUST-LOT-03,W06,-7,-10,1,10,2.05,1.76,2113.28
CLUST-LOT-03,W06,-7,-9,1,10,3.35,1.83,2126.82
CLUST-LOT-03,W06,-7,-8,1,10,2.29,1.8,2116.18
CLUST-LOT-03,W06,-7,-7,1,10,2.84,1.78,2092.98
CLUST-LOT-03,W06,-7,-6,1,11,2.81,1.81,2074.63
CLUST-LOT-03,W06,-7,-5,1,10,3.06,1.86,2118.65
CLUST-LOT-03,W06,-7,-4,1,10,2.8,1.72,2111.35
CLUST-LOT-03,W06,-7,-3,1,10,2.8,1.78,2098.33
CLUST-LOT-03,W06,-7,-2,1,10,2.67,1.82,2066.12
CLUST-LOT-03,W06,-7,-1,1,10,2.62,1.8,2095.69
CLUST-LOT-03,W06,-7,0,1,10,2.7,1.79,2080.38
CLUST-LOT-03,W06,-7,1,1,10,2.92,1.81,2104.03
CLUST-LOT-03,W06,-7,2,1,10,3,1.83,2102.37
CLUST-LOT-03,W06,-7,3,1,10,2.01,1.8,2091.25
CLUST-LOT-03,W06,-7,4,1,10,3.02,1.76,2082.28
CLUST-LOT-03,W06,-7,5,1,10,2.74,1.8,2124.23
CLUST-LOT-03,W06,-7,6,1,10,3.22,1.82,2098.85
CLUST-LOT-03,W06,-7,7,1,10,3.07,1.85,2068.71
CLUST-LOT-03,W06,-7,8,1,10,3.05,1.83,2093.89
CLUST-LOT-03,W06,-7,9,1,10,2.33,1.8,2095.26
CLUST-LOT-03,W06,-7,10,1,10,2.58,1.78,2099.34
CLUST-LOT-03,W06,-7,11,1,10,3.06,1.8,2113.29
CLUST-LOT-03,W06,-7,12,1,10,2.75,1.81,2100.69
CLUST-LOT-03,W06,-7,13,1,10,2.76,1.78,2082.42
CLUST-LOT-03,W06,-7,14,1,10,2.85,1.78,2128.36
CLUST-LOT-03,W06,-7,15,1,10,3,1.83,2104.7
CLUST-LOT-03,W06,-7,16,1,10,3.32,1.81,2118.35
CLUST-LOT-03,W06,-7,17,1,10,2.32,1.75,2144.68
CLUST-LOT-03,W06,-6,-18,1,10,3.3,1.74,2091.25
CLUST-LOT-03,W06,-6,-17,1,10,2.74,1.77,2087.11
CLUST-LOT-03,W06,-6,-16,1,10,2.45,1.82,2134.17
CLUST-LOT-03,W06,-6,-15,1,10,2.96,1.81,2084.39
CLUST-LOT-03,W06,-6,-14,1,10,2.68,1.79,2083.56
CLUST-LOT-03,W06,-6,-13,1,10,2.8,1.84,2073.58
CLUST-LOT-03,W06,-6,-12,1,10,2.79,1.78,2071.86
CLUST-LOT-03,W06,-6,-11,1,10,3.07,1.82,2109.44
CLUST-LOT-03,W06,-6,-10,1,10,2.65,1.75,2097.97
CLUST-LOT-03,W06,-6,-9,1,10,2.53,1.84,2111.6
CLUST-LOT-03,W06,-6,-8,1,10,2.78,1.83,2119.01
CLUST-LOT-03,W06,-6,-7,1,10,2.96,1.76,2096.13
CLUST-LOT-03,W06,-6,-6,1,10,2.71,1.79,2080.77
CLUST-LOT-03,W06,-6,-5,1,10,2.96,1.83,2139.94
CLUST-LOT-03,W06,-6,-4,1,10,3,1.79,2095.89
CLUST-LOT-03,W06,-6,-3,1,10,2.4,1.79,2098.11
CLUST-LOT-03,W06,-6,-2,1,10,3.49,1.79,2083.48
CLUST-LOT-03,W06,-6,-1,1,10,3.22,1.78,2077.04
CLUST-LOT-03,W06,-6,0,1,11,2.28,1.81,2156.78
CLUST-LOT-03,W06,-6,1,2,23,2.79,1.77,2125.7
CLUST-LOT-03,W06,-6,2,1,10,2.96,1.75,2119.48
CLUST-LOT-03,W06,-6,3,1,10,3.05,1.8,2124.1
CLUST-LOT-03,W06,-6,4,1,10,2.74,1.83,2101.61
CLUST-LOT-03,W06,-6,5,1,10,2.64,1.81,2082.75
CLUST-LOT-03,W06,-6,6,1,10,2.87,1.79,2071.02
CLUST-LOT-03,W06,-6,7,1,10,3.25,1.83,2126.69
CLUST-LOT-03,W06,-6,8,1,10,2.57,1.8,2129.33
CLUST-LOT-03,W06,-6,9,1,10,3.37,1.78,2160.76
CLUST-LOT-03,W06,-6,10,1,10,2.9,1.81,2105.99
CLUST-LOT-03,W06,-6,11,1,10,2.23,1.79,2109.83
CLUST-LOT-03,W06,-6,12,1,10,2.39,1.82,2078.74
CLUST-LOT-03,W06,-6,13,1,10,2.78,1.83,2083.91
CLUST-LOT-03,W06,-6,14,1,11,2.82,1.76,2089.09
CLUST-LOT-03,W06,-6,15,1,10,2.98,1.78,2087.79
CLUST-LOT-03,W06,-6,16,1,10,2.43,1.84,2097.05
CLUST-LOT-03,W06,-6,17,1,10,2.92,1.74,2098.49
CLUST-LOT-03,W06,-6,18,1,11,3.28,1.77,2129.17
CLUST-LOT-03,W06,-5,-18,1,10,2.55,1.81,2092.38
CLUST-LOT-03,W06,-5,-17,1,10,3.79,1.78,2081.76
CLUST-LOT-03,W06,-5,-16,1,11,3.17,1.82,2078.37
CLUST-LOT-03,W06,-5,-15,1,10,2.67,1.8,2094.79
CLUST-LOT-03,W06,-5,-14,1,10,2.85,1.82,2080.43
CLUST-LOT-03,W06,-5,-13,1,10,2.63,1.78,2084.35
CLUST-LOT-03,W06,-5,-12,1,10,2.36,1.76,2096.37
CLUST-LOT-03,W06,-5,-11,1,10,3.13,1.86,2141.61
CLUST-LOT-03,W06,-5,-10,1,10,2.84,1.82,2096.12
CLUST-LOT-03,W06,-5,-9,1,10,2.91,1.75,2089.87
CLUST-LOT-03,W06,-5,-8,1,10,2.99,1.81,2081.05
CLUST-LOT-03,W06,-5,-7,1,10,2.82,1.75,2106.13
CLUST-LOT-03,W06,-5,-6,1,10,2.75,1.81,2118.48
CLUST-LOT-03,W06,-5,-5,1,11,2.89,1.86,2094.24
CLUST-LOT-03,W06,-5,-4,1,10,3,1.81,2089.43
CLUST-LOT-03,W06,-5,-3,1,10,2.46,1.82,2128.15
CLUST-LOT-03,W06,-5,-2,1,10,2.28,1.77,2101.51
CLUST-LOT-03,W06,-5,-1,1,10,2.88,1.83,2064.25
CLUST-LOT-03,W06,-5,0,3,32,3.01,1.79,2077.02
CLUST-LOT-03,W06,-5,1,1,10,2.32,1.76,2083.73
CLUST-LOT-03,W06,-5,2,1,10,2.86,1.78,2083.6
CLUST-LOT-03,W06,-5,3,1,10,2.82,1.76,2126.37
CLUST-LOT-03,W06,-5,4,1,11,3.55,1.79,2115.69
CLUST-LOT-03,W06,-5,5,1,10,2.8,1.79,2120.08
CLUST-LOT-03,W06,-5,6,1,10,2.04,1.81,2084.93
CLUST-LOT-03,W06,-5,7,1,10,2.52,1.77,2096.55
CLUST-LOT-03,W06,-5,8,1,10,3.22,1.84,2113.65
CLUST-LOT-03,W06,-5,9,1,10,2.84,1.8,2092
CLUST-LOT-03,W06,-5,10,1,10,2.85,1.8,2138.1
CLUST-LOT-03,W06,-5,11,1,11,3.04,1.79,2072.03
CLUST-LOT-03,W06,-5,12,1,10,2.71,1.82,2075.82
CLUST-LOT-03,W06,-5,13,1,10,2.26,1.8,2096.42
CLUST-LOT-03,W06,-5,14,1,10,2.53,1.79,2115.17
CLUST-LOT-03,W06,-5,15,1,10,2.13,1.77,2120.18
CLUST-LOT-03,W06,-5,16,1,10,2.97,1.77,2131.74
CLUST-LOT-03,W06,-5,17,1,11,3.41,1.86,2120.34
CLUST-LOT-03,W06,-5,18,1,10,3.42,1.84,2100.97
CLUST-LOT-03,W06,-4,-18,1,10,2.68,1.84,2065.17
CLUST-LOT-03,W06,-4,-17,1,10,2.18,1.76,2107.34
CLUST-LOT-03,W06,-4,-16,1,10,2.17,1.8,2116.75
CLUST-LOT-03,W06,-4,-15,1,10,2.76,1.84,2138.44
CLUST-LOT-03,W06,-4,-14,1,10,2.5,1.83,2081.47
CLUST-LOT-03,W06,-4,-13,1,10,2.84,1.79,2087.52
CLUST-LOT-03,W06,-4,-12,1,10,2.59,1.86,2072
CLUST-LOT-03,W06,-4,-11,1,10,3.23,1.83,2056.8
CLUST-LOT-03,W06,-4,-10,1,10,2.44,1.79,2106.3
CLUST-LOT-03,W06,-4,-9,1,10,3.01,1.8,2096.86
CLUST-LOT-03,W06,-4,-8,1,10,2.72,1.75,2091.61
CLUST-LOT-03,W06,-4,-7,1,10,2.83,1.82,2119.34
CLUST-LOT-03,W06,-4,-6,1,10,3.05,1.76,2058.39
CLUST-LOT-03,W06,-4,-5,1,10,3.64,1.75,2118.81
CLUST-LOT-03,W06,-4,-4,1,10,2.91,1.81,2118.88
CLUST-LOT-03,W06,-4,-3,1,10,3.17,1.79,2100.3
CLUST-LOT-03,W06,-4,-2,1,10,2.75,1.79,2094.68
CLUST-LOT-03,W06,-4,-1,1,10,2.63,1.81,2153.88
CLUST-LOT-03,W06,-4,0,1,10,3.41,1.83,2113.12
CLUST-LOT-03,W06,-4,1,3,32,3.36,1.83,2126.11
CLUST-LOT-03,W06,-4,2,2,21,3.33,1.8,2101.64
CLUST-LOT-03,W06,-4,3,1,10,2.83,1.78,2078.32
CLUST-LOT-03,W06,-4,4,1,10,2.97,1.85,2083.54
CLUST-LOT-03,W06,-4,5,1,10,2.75,1.81,2104.51
CLUST-LOT-03,W06,-4,6,1,10,2.71,1.8,2083.44
CLUST-LOT-03,W06,-4,7,1,10,2,1.83,2086.29
CLUST-LOT-03,W06,-4,8,1,10,3.3,1.78,2096.02
CLUST-LOT-03,W06,-4,9,1,10,3,1.8,2075.29
CLUST-LOT-03,W06,-4,10,1,10,2.79,1.76,2116.22
CLUST-LOT-03,W06,-4,11,1,10,2.85,1.79,2125.05
CLUST-LOT-03,W06,-4,12,1,11,2.09,1.82,2113.15
CLUST-LOT-03,W06,-4,13,1,10,2.48,1.82,2148.24
CLUST-LOT-03,W06,-4,14,1,10,1.72,1.77,2114.07
CLUST-LOT-03,W06,-4,15,1,10,2.39,1.85,2102.51
CLUST-LOT-03,W06,-4,16,1,10,2.64,1.84,2097.5
CLUST-LOT-03,W06,-4,17,1,10,2.85,1.82,2083.21
CLUST-LOT-03,W06,-4,18,1,10,3.34,1.8,2086.5
CLUST-LOT-03,W06,-3,-19,1,10,3,1.84,2132.82
CLUST-LOT-03,W06,-3,-18,1,10,2.56,1.81,2110.36
CLUST-LOT-03,W06,-3,-17,1,10,2.78,1.8,2113
CLUST-LOT-03,W06,-3,-16,1,10,2.87,1.77,2085.88
CLUST-LOT-03,W06,-3,-15,1,10,3.12,1.78,2106.66
CLUST-LOT-03,W06,-3,-14,1,10,2.23,1.75,2117.9
CLUST-LOT-03,W06,-3,-13,1,10,2.75,1.8,2069.16
CLUST-LOT-03,W06,-3,-12,1,10,3.09,1.81,2068.5
CLUST-LOT-03,W06,-3,-11,1,10,2.88,1.79,2077.63
CLUST-LOT-03,W06,-3,-10,1,10,3.29,1.8,2101.1
CLUST-LOT-03,W06,-3,-9,1,10,3,1.83,2112.7
CLUST-LOT-03,W06,-3,-8,1,10,2.82,1.77,2113.67
CLUST-LOT-03,W06,-3,-7,1,10,3.14,1.79,2077.41
CLUST-LOT-03,W06,-3,-6,1,10,2.64,1.79,2141.59
CLUST-LOT-03,W06,-3,-5,1,10,2.65,1.79,2113.68
CLUST-LOT-03,W06,-3,-4,1,10,2.53,1.8,2108.21
CLUST-LOT-03,W06,-3,-3,1,10,2.4,1.79,2082.73
CLUST-LOT-03,W06,-3,-2,1,10,2.36,1.86,2060.74
CLUST-LOT-03,W06,-3,-1,1,10,2.68,1.82,2103.27
CLUST-LOT-03,W06,-3,0,3,32,2.62,1.79,2120.49
CLUST-LOT-03,W06,-3,1,3,32,2.91,1.78,2108.56
CLUST-LOT-03,W06,-3,2,1,10,2.95,1.8,2131.9
CLUST-LOT-03,W06,-3,3,1,10,2.8,1.77,2089.48
CLUST-LOT-03,W06,-3,4,2,23,2.65,1.81,2049.88
CLUST-LOT-03,W06,-3,5,1,10,2.97,1.82,2050.94
CLUST-LOT-03,W06,-3,6,1,10,3.16,1.78,2120.88
CLUST-LOT-03,W06,-3,7,1,10,2.27,1.81,2073.45
CLUST-LOT-03,W06,-3,8,1,10,3.2,1.83,2114.23
CLUST-LOT-03,W06,-3,9,1,10,2.97,1.78,2107.57
CLUST-LOT-03,W06,-3,10,1,10,2.44,1.79,2104.02
CLUST-LOT-03,W06,-3,11,1,10,2.59,1.8,2099.53
CLUST-LOT-03,W06,-3,12,1,10,3.13,1.78,2112.08
CLUST-LOT-03,W06,-3,13,1,10,2.83,1.85,2093.3
CLUST-LOT-03,W06,-3,14,1,10,2.75,1.76,2101.42
CLUST-LOT-03,W06,-3,15,1,10,2.97,1.83,2068.8
CLUST-LOT-03,W06,-3,16,1,10,3.13,1.77,2084.77
CLUST-LOT-03,W06,-3,17,1,10,3.31,1.76,2106.58
CLUST-LOT-03,W06,-3,18,1,10,2.86,1.83,2147.1
CLUST-LOT-03,W06,-3,19,1,10,2.74,1.84,2129.27
CLUST-LOT-03,W06,-2,-19,1,11,2.86,1.78,2064.86
CLUST-LOT-03,W06,-2,-18,1,10,2.36,1.77,2124
CLUST-LOT-03,W06,-2,-17,1,10,2.77,1.83,2116.61
CLUST-LOT-03,W06,-2,-16,1,10,3.04,1.83,2051.28
CLUST-LOT-03,W06,-2,-15,1,10,2,1.77,2095.31
CLUST-LOT-03,W06,-2,-14,1,10,2.59,1.83,2112.52
CLUST-LOT-03,W06,-2,-13,1,10,3.56,1.8,2119.43
CLUST-LOT-03,W06,-2,-12,1,10,2.7,1.86,2120.78
CLUST-LOT-03,W06,-2,-11,1,10,2.61,1.8,2094.47
CLUST-LOT-03,W06,-2,-10,1,10,2.52,1.82,2104.58
CLUST-LOT-03,W06,-2,-9,1,10,2.48,1.74,2085.87
CLUST-LOT-03,W06,-2,-8,1,10,2.51,1.83,2064.55
CLUST-LOT-03,W06,-2,-7,1,10,2.6,1.83,2095.93
CLUST-LOT-03,W06,-2,-6,1,10,2.73,1.79,2091.6
CLUST-LOT-03,W06,-2,-5,1,10,2.89,1.84,2084.17
CLUST-LOT-03,W06,-2,-4,1,10,2.88,1.78,2091.61
CLUST-LOT-03,W06,-2,-3,1,10,2.75,1.79,2088.12
CLUST-LOT-03,W06,-2,-2,1,10,2.39,1.81,2126.3
CLUST-LOT-03,W06,-2,-1,1,11,2.97,1.77,2113.44
CLUST-LOT-03,W06,-2,0,3,32,2.87,1.75,2098.48
CLUST-LOT-03,W06,-2,1,3,32,2.85,1.83,2093.32
CLUST-LOT-03,W06,-2,2,1,10,2.78,1.79,2109.3
CLUST-LOT-03,W06,-2,3,1,11,2.54,1.75,2100.96
CLUST-LOT-03,W06,-2,4,1,10,2.91,1.83,2125.43
CLUST-LOT-03,W06,-2,5,1,10,3.04,1.79,2082.49
CLUST-LOT-03,W06,-2,6,1,10,2.68,1.8,2103.46
CLUST-LOT-03,W06,-2,7,1,10,2.36,1.84,2116.66
CLUST-LOT-03,W06,-2,8,1,10,3.11,1.82,2109.39
CLUST-LOT-03,W06,-2,9,1,10,3.35,1.73,2083.36
CLUST-LOT-03,W06,-2,10,1,10,2.88,1.83,2086.6
CLUST-LOT-03,W06,-2,11,1,10,2.72,1.79,2071.89
CLUST-LOT-03,W06,-2,12,1,10,2.97,1.81,2057.96
CLUST-LOT-03,W06,-2,13,1,10,2.61,1.82,2092.63
CLUST-LOT-03,W06,-2,14,1,10,3.24,1.8,2047.06
CLUST-LOT-03,W06,-2,15,1,10,2.38,1.85,2090.23
CLUST-LOT-03,W06,-2,16,1,11,2.74,1.85,2109.83
CLUST-LOT-03,W06,-2,17,1,10,3.36,1.82,2084.09
CLUST-LOT-03,W06,-2,18,1,10,2.26,1.82,2117.18
CLUST-LOT-03,W06,-2,19,1,10,2.95,1.82,2077.28
CLUST-LOT-03,W06,-1,-19,1,10,2.64,1.83,2116.21
CLUST-LOT-03,W06,-1,-18,1,11,3.12,1.82,2102.63
CLUST-LOT-03,W06,-1,-17,1,10,3.54,1.75,2082.64
CLUST-LOT-03,W06,-1,-16,1,10,2.76,1.81,2103.4
CLUST-LOT-03,W06,-1,-15,1,10,2.69,1.76,2088.24
CLUST-LOT-03,W06,-1,-14,1,10,3.01,1.75,2091.21
CLUST-LOT-03,W06,-1,-13,1,11,2.77,1.8,2135.4
CLUST-LOT-03,W06,-1,-12,1,10,2.8,1.78,2057.51
CLUST-LOT-03,W06,-1,-11,1,10,2.57,1.8,2064.69
CLUST-LOT-03,W06,-1,-10,1,10,2.9,1.78,2089.24
CLUST-LOT-03,W06,-1,-9,1,10,2.53,1.79,2033.41
CLUST-LOT-03,W06,-1,-8,1,10,3.14,1.76,2098.29
CLUST-LOT-03,W06,-1,-7,1,10,2.44,1.81,2085.07
CLUST-LOT-03,W06,-1,-6,1,10,1.86,1.8,2087.64
CLUST-LOT-03,W06,-1,-5,1,10,2.86,1.78,2097.21
CLUST-LOT-03,W06,-1,-4,1,10,3.25,1.8,2066.18
CLUST-LOT-03,W06,-1,-3,1,10,3.01,1.84,2085.52
CLUST-LOT-03,W06,-1,-2,1,10,3.02,1.74,2107.63
CLUST-LOT-03,W06,-1,-1,1,10,2.92,1.8,2107.96
CLUST-LOT-03,W06,-1,0,1,10,2.07,1.76,2104.44
CLUST-LOT-03,W06,-1,1,2,23,2.76,1.83,2076.08
CLUST-LOT-03,W06,-1,2,2,23,3.34,1.8,2099.59
CLUST-LOT-03,W06,-1,3,1,10,2.81,1.82,2108.51
CLUST-LOT-03,W06,-1,4,2,23,2.54,1.79,2103.78
CLUST-LOT-03,W06,-1,5,1,10,2.34,1.82,2105.49
CLUST-LOT-03,W06,-1,6,1,10,4.05,1.82,2112.06
CLUST-LOT-03,W06,-1,7,1,10,3.1,1.78,2093.26
CLUST-LOT-03,W06,-1,8,1,10,2.93,1.79,2109.19
CLUST-LOT-03,W06,-1,9,1,10,3.14,1.8,2082.98
CLUST-LOT-03,W06,-1,10,1,10,3.23,1.85,2078.5
CLUST-LOT-03,W06,-1,11,1,10,2.77,1.8,2118.52
CLUST-LOT-03,W06,-1,12,1,10,2.22,1.78,2093.77
CLUST-LOT-03,W06,-1,13,1,10,2.73,1.8,2100.62
CLUST-LOT-03,W06,-1,14,1,10,3.1,1.8,2108.6
CLUST-LOT-03,W06,-1,15,1,10,2.79,1.76,2065.39
CLUST-LOT-03,W06,-1,16,1,10,2.77,1.81,2081.75
CLUST-LOT-03,W06,-1,17,1,10,2.5,1.83,2120.37
CLUST-LOT-03,W06,-1,18,1,10,2.36,1.81,2110.45
CLUST-LOT-03,W06,-1,19,1,10,2.64,1.75,2121.71
CLUST-LOT-03,W06,0,-19,1,10,2.84,1.74,2111.82
CLUST-LOT-03,W06,0,-18,1,10,2.68,1.77,2095.52
CLUST-LOT-03,W06,0,-17,1,10,3.18,1.81,2096.65
CLUST-LOT-03,W06,0,-16,1,10,2.78,1.82,2085.54
CLUST-LOT-03,W06,0,-15,1,10,2.61,1.83,2115.27
CLUST-LOT-03,W06,0,-14,1,10,2.47,1.79,2079.27
CLUST-LOT-03,W06,0,-13,1,10,3.3,1.82,2134.14
CLUST-LOT-03,W06,0,-12,1,10,2.21,1.78,2132.21
CLUST-LOT-03,W06,0,-11,1,10,1.84,1.83,2106.57
CLUST-LOT-03,W06,0,-10,1,10,3.04,1.79,2111.41
CLUST-LOT-03,W06,0,-9,1,10,2.83,1.82,2069.88
CLUST-LOT-03,W06,0,-8,1,10,3.03,1.87,2147.64
CLUST-LOT-03,W06,0,-7,1,10,3.18,1.76,2124.58
CLUST-LOT-03,W06,0,-6,1,10,2.45,1.82,2083.22
CLUST-LOT-03,W06,0,-5,1,10,2.88,1.78,2073.35
CLUST-LOT-03,W06,0,-4,1,10,2.98,1.86,2072.39
CLUST-LOT-03,W06,0,-3,1,10,2.66,1.84,2067.62
CLUST-LOT-03,W06,0,-2,1,10,2.7,1.77,2113.02
CLUST-LOT-03,W06,0,-1,1,10,2.49,1.8,2106.25
CLUST-LOT-03,W06,0,0,1,10,2.87,1.8,2123.49
CLUST-LOT-03,W06,0,1,1,10,2.29,1.81,2083.92
CLUST-LOT-03,W06,0,2,1,10,3.25,1.78,2121.82
CLUST-LOT-03,W06,0,3,2,21,2.64,1.81,2083.53
CLUST-LOT-03,W06,0,4,1,10,3.23,1.77,2108.86
CLUST-LOT-03,W06,0,5,2,21,2.34,1.79,2068.45
CLUST-LOT-03,W06,0,6,1,10,2.52,1.82,2144.68
CLUST-LOT-03,W06,0,7,1,10,3.1,1.82,2111.97
CLUST-LOT-03,W06,0,8,1,10,2.87,1.77,2114.42
CLUST-LOT-03,W06,0,9,1,10,3.07,1.82,2114.8
CLUST-LOT-03,W06,0,10,1,10,2.49,1.75,2086.61
CLUST-LOT-03,W06,0,11,1,10,2.83,1.82,2108.02
CLUST-LOT-03,W06,0,12,1,10,2.33,1.75,2084.52
CLUST-LOT-03,W06,0,13,1,10,2.59,1.87,2108.21
CLUST-LOT-03,W06,0,14,1,10,2.47,1.81,2073.03
CLUST-LOT-03,W06,0,15,1,10,2.66,1.82,2116.04
CLUST-LOT-03,W06,0,16,1,10,3.27,1.75,2108.48
CLUST-LOT-03,W06,0,17,1,10,2.75,1.81,2101.38
CLUST-LOT-03,W06,0,18,1,10,3.02,1.73,2120.63
CLUST-LOT-03,W06,0,19,1,10,2.51,1.77,2103.38
CLUST-LOT-03,W06,1,-19,1,10,3.32,1.82,2089.8
CLUST-LOT-03,W06,1,-18,1,10,3.3,1.82,2123.89
CLUST-LOT-03,W06,1,-17,1,10,2.8,1.76,2085.44
CLUST-LOT-03,W06,1,-16,1,10,3.03,1.78,2103.14
CLUST-LOT-03,W06,1,-15,1,10,2.53,1.8,2096.95
CLUST-LOT-03,W06,1,-14,1,10,2.59,1.85,2103.04
CLUST-LOT-03,W06,1,-13,1,10,3.37,1.82,2124.75
CLUST-LOT-03,W06,1,-12,1,10,2.98,1.8,2099.58
CLUST-LOT-03,W06,1,-11,1,11,2.9,1.77,2067.05
CLUST-LOT-03,W06,1,-10,1,10,2.19,1.77,2123.02
CLUST-LOT-03,W06,1,-9,1,10,3.06,1.78,2104.61
CLUST-LOT-03,W06,1,-8,1,10,2.89,1.77,2120.49
CLUST-LOT-03,W06,1,-7,1,10,3.16,1.79,2085.67
CLUST-LOT-03,W06,1,-6,1,10,2.44,1.86,2108.54
CLUST-LOT-03,W06,1,-5,1,10,3.2,1.76,2123.18
CLUST-LOT-03,W06,1,-4,1,10,2.19,1.78,2104.53
CLUST-LOT-03,W06,1,-3,1,10,2.93,1.79,2094.67
CLUST-LOT-03,W06,1,-2,1,10,1.97,1.82,2104.79
CLUST-LOT-03,W06,1,-1,1,10,2.62,1.83,2094.55
CLUST-LOT-03,W06,1,0,1,10,2.74,1.82,2108.38
CLUST-LOT-03,W06,1,1,1,10,2.49,1.77,2065
CLUST-LOT-03,W06,1,2,1,10,3.05,1.78,2106.92
CLUST-LOT-03,W06,1,3,1,10,2.73,1.81,2137.14
CLUST-LOT-03,W06,1,4,1,10,3.03,1.82,2128.49
CLUST-LOT-03,W06,1,5,1,10,2.89,1.81,2050.86
CLUST-LOT-03,W06,1,6,1,10,2.63,1.75,2087.9
CLUST-LOT-03,W06,1,7,1,10,2.77,1.82,2089.74
CLUST-LOT-03,W06,1,8,1,10,2.23,1.83,2120.67
CLUST-LOT-03,W06,1,9,1,10,2.94,1.78,2128.61
CLUST-LOT-03,W06,1,10,1,10,2.63,1.81,2126.88
CLUST-LOT-03,W06,1,11,1,11,2.63,1.81,2123.87
CLUST-LOT-03,W06,1,12,1,10,2.93,1.79,2157.8
CLUST-LOT-03,W06,1,13,1,10,2.77,1.82,2107.18
CLUST-LOT-03,W06,1,14,1,10,3.11,1.83,2088.92
CLUST-LOT-03,W06,1,15,1,10,2.34,1.82,2113.49
CLUST-LOT-03,W06,1,16,1,10,2.28,1.83,2088.45
CLUST-LOT-03,W06,1,17,1,10,3.17,1.83,2058.81
CLUST-LOT-03,W06,1,18,1,10,2.22,1.81,2106.27
CLUST-LOT-03,W06,1,19,1,10,3.05,1.76,2082.77
CLUST-LOT-03,W06,2,-19,1,10,3.31,1.76,2128.86
CLUST-LOT-03,W06,2,-18,2,21,3.58,1.82,2115.98
CLUST-LOT-03,W06,2,-17,1,10,2.92,1.8,2103.32
CLUST-LOT-03,W06,2,-16,1,10,2.65,1.82,2092.3
CLUST-LOT-03,W06,2,-15,1,10,2.49,1.81,2087.92
CLUST-LOT-03,W06,2,-14,1,10,3.25,1.83,2076.64
CLUST-LOT-03,W06,2,-13,1,10,3.1,1.77,2095.83
CLUST-LOT-03,W06,2,-12,1,10,2.41,1.76,2110.02
CLUST-LOT-03,W06,2,-11,1,10,2.2,1.82,2113.25
CLUST-LOT-03,W06,2,-10,1,10,3.27,1.82,2116.45
CLUST-LOT-03,W06,2,-9,1,10,3.12,1.79,2098.94
CLUST-LOT-03,W06,2,-8,1,10,3.1,1.8,2113.46
CLUST-LOT-03,W06,2,-7,1,10,2.58,1.8,2105.24
CLUST-LOT-03,W06,2,-6,1,10,3.15,1.8,2093.48
CLUST-LOT-03,W06,2,-5,1,11,2.73,1.79,2081.23
CLUST-LOT-03,W06,2,-4,1,10,2.76,1.78,2062.61
CLUST-LOT-03,W06,2,-3,1,10,2.52,1.78,2114.91
CLUST-LOT-03,W06,2,-2,1,10,2.96,1.77,2142.6
CLUST-LOT-03,W06,2,-1,1,10,2.89,1.8,2110.4
CLUST-LOT-03,W06,2,0,1,10,2.87,1.85,2130.57
CLUST-LOT-03,W06,2,1,1,10,3.3,1.82,2101.67
CLUST-LOT-03,W06,2,2,1,10,3.21,1.82,2105.29
CLUST-LOT-03,W06,2,3,1,10,2.16,1.82,2123.73
CLUST-LOT-03,W06,2,4,1,10,2.68,1.82,2091.37
CLUST-LOT-03,W06,2,5,1,10,2.55,1.78,2095.52
CLUST-LOT-03,W06,2,6,1,10,2.93,1.79,2122.67
CLUST-LOT-03,W06,2,7,1,10,3.04,1.79,2078.04
CLUST-LOT-03,W06,2,8,1,11,3.34,1.81,2069.79
CLUST-LOT-03,W06,2,9,1,10,2.75,1.8,2086.86
CLUST-LOT-03,W06,2,10,1,10,2.58,1.82,2102.06
CLUST-LOT-03,W06,2,11,1,10,2.67,1.77,2117.89
CLUST-LOT-03,W06,2,12,1,10,2.53,1.84,2102.62
CLUST-LOT-03,W06,2,13,1,10,2.77,1.82,2052.7
CLUST-LOT-03,W06,2,14,1,10,3.15,1.77,2098.93
CLUST-LOT-03,W06,2,15,1,10,2.76,1.81,2110.66
CLUST-LOT-03,W06,2,16,1,10,2.88,1.74,2104.79
CLUST-LOT-03,W06,2,17,1,10,3.22,1.79,2088.57
CLUST-LOT-03,W06,2,18,1,10,2.58,1.82,2085.17
CLUST-LOT-03,W06,2,19,1,10,2.73,1.81,2138.39
CLUST-LOT-03,W06,3,-19,1,10,2.28,1.81,2046.13
CLUST-LOT-03,W06,3,-18,1,10,3.19,1.82,2085.85
CLUST-LOT-03,W06,3,-17,1,10,3.41,1.8,2145.37
CLUST-LOT-03,W06,3,-16,1,11,2.59,1.82,2081.14
CLUST-LOT-03,W06,3,-15,1,10,3.47,1.79,2115.55
CLUST-LOT-03,W06,3,-14,1,10,2.7,1.75,2087.95
CLUST-LOT-03,W06,3,-13,1,10,3.1,1.85,2104.12
CLUST-LOT-03,W06,3,-12,1,10,3.21,1.77,2108.76
CLUST-LOT-03,W06,3,-11,1,10,2.47,1.77,2098.87
CLUST-LOT-03,W06,3,-10,1,10,2.64,1.8,2134.72
CLUST-LOT-03,W06,3,-9,1,10,2.65,1.79,2083.76
CLUST-LOT-03,W06,3,-8,1,10,3.38,1.85,2111.82
CLUST-LOT-03,W06,3,-7,1,10,3.25,1.82,2116.67
CLUST-LOT-03,W06,3,-6,1,10,2.37,1.82,2151.16
CLUST-LOT-03,W06,3,-5,1,10,1.98,1.83,2125.33
CLUST-LOT-03,W06,3,-4,1,10,3.23,1.77,2077.5
CLUST-LOT-03,W06,3,-3,1,10,2.82,1.79,2070.52
CLUST-LOT-03,W06,3,-2,1,10,2.45,1.79,2063.24
CLUST-LOT-03,W06,3,-1,1,10,2.69,1.83,2105.3
CLUST-LOT-03,W06,3,0,1,10,2.73,1.8,2105.61
CLUST-LOT-03,W06,3,1,1,10,3.15,1.83,2088.39
CLUST-LOT-03,W06,3,2,1,10,3.14,1.82,2077.5
CLUST-LOT-03,W06,3,3,1,10,2.82,1.75,2089.74
CLUST-LOT-03,W06,3,4,1,10,3.44,1.8,2063.39
CLUST-LOT-03,W06,3,5,1,10,2.7,1.78,2067.71
CLUST-LOT-03,W06,3,6,1,10,2.62,1.82,2086.8
CLUST-LOT-03,W06,3,7,1,10,2.94,1.78,2125.32
CLUST-LOT-03,W06,3,8,1,10,3.02,1.8,2070.25
CLUST-LOT-03,W06,3,9,1,10,2.97,1.76,2118.37
CLUST-LOT-03,W06,3,10,1,10,2.97,1.78,2085.54
CLUST-LOT-03,W06,3,11,1,10,2.62,1.87,2102.31
CLUST-LOT-03,W06,3,12,1,10,2.95,1.77,2132.29
CLUST-LOT-03,W06,3,13,1,10,2.87,1.8,2058.38
CLUST-LOT-03,W06,3,14,1,10,2.79,1.84,2120.26
CLUST-LOT-03,W06,3,15,1,10,3.34,1.77,2052.71
CLUST-LOT-03,W06,3,16,1,10,3.59,1.79,2133.03
CLUST-LOT-03,W06,3,17,1,10,2.89,1.8,2108.43
CLUST-LOT-03,W06,3,18,1,10,2.84,1.74,2098.76
CLUST-LOT-03,W06,3,19,1,10,2.33,1.77,2101.49
CLUST-LOT-03,W06,4,-18,1,11,2.26,1.77,2144.07
CLUST-LOT-03,W06,4,-17,1,10,2.99,1.8,2125.27
CLUST-LOT-03,W06,4,-16,1,10,2.98,1.82,2100.97
CLUST-LOT-03,W06,4,-15,1,10,3,1.76,2093.48
CLUST-LOT-03,W06,4,-14,1,10,2.78,1.82,2095.91
CLUST-LOT-03,W06,4,-13,1,10,2.5,1.78,2100
CLUST-LOT-03,W06,4,-12,1,10,3.18,1.73,2115
CLUST-LOT-03,W06,4,-11,1,10,3.18,1.82,2092.02
CLUST-LOT-03,W06,4,-10,1,10,2.94,1.83,2091.51
CLUST-LOT-03,W06,4,-9,1,10,2.74,1.77,2094.69
CLUST-LOT-03,W06,4,-8,1,10,2.18,1.79,2085.2
CLUST-LOT-03,W06,4,-7,1,10,2.22,1.79,2085.9
CLUST-LOT-03,W06,4,-6,1,10,3.06,1.79,2075.64
CLUST-LOT-03,W06,4,-5,1,10,2.65,1.8,2082.78
CLUST-LOT-03,W06,4,-4,1,10,2.98,1.77,2062.69
CLUST-LOT-03,W06,4,-3,1,10,3.16,1.81,2067.16
CLUST-LOT-03,W06,4,-2,1,10,3.43,1.78,2079.91
CLUST-LOT-03,W06,4,-1,1,10,3.48,1.83,2127.14
CLUST-LOT-03,W06,4,0,3,32,2.93,1.81,2081.69
CLUST-LOT-03,W06,4,1,1,10,2.76,1.77,2083.03
CLUST-LOT-03,W06,4,2,1,10,2.36,1.82,2085.83
CLUST-LOT-03,W06,4,3,1,10,2.63,1.86,2101.86
CLUST-LOT-03,W06,4,4,1,10,3.33,1.85,2095.49
CLUST-LOT-03,W06,4,5,1,10,2.38,1.76,2110.01
CLUST-LOT-03,W06,4,6,1,10,2.65,1.81,2128.42
CLUST-LOT-03,W06,4,7,1,10,3.51,1.8,2087.3
CLUST-LOT-03,W06,4,8,1,10,2.8,1.81,2106.24
CLUST-LOT-03,W06,4,9,1,10,2.86,1.84,2068.84
CLUST-LOT-03,W06,4,10,1,10,3.04,1.8,2103.47
CLUST-LOT-03,W06,4,11,1,10,2.8,1.81,2134.68
CLUST-LOT-03,W06,4,12,1,10,3.07,1.8,2090.91
CLUST-LOT-03,W06,4,13,1,10,2.94,1.78,2109.67
CLUST-LOT-03,W06,4,14,1,10,2.31,1.75,2085.49
CLUST-LOT-03,W06,4,15,1,10,3.09,1.8,2103.72
CLUST-LOT-03,W06,4,16,1,10,3.3,1.79,2133.06
CLUST-LOT-03,W06,4,17,1,10,2.41,1.85,2091.98
CLUST-LOT-03,W06,4,18,1,10,2.54,1.84,2099.95
CLUST-LOT-03,W06,5,-18,1,10,3.09,1.77,2065.68
CLUST-LOT-03,W06,5,-17,1,10,2.65,1.79,2099.11
CLUST-LOT-03,W06,5,-16,1,10,2.53,1.83,2099.3
CLUST-LOT-03,W06,5,-15,1,10,3.62,1.82,2082.39
CLUST-LOT-03,W06,5,-14,1,10,2.52,1.82,2115.2
CLUST-LOT-03,W06,5,-13,1,11,3.18,1.78,2097.94
CLUST-LOT-03,W06,5,-12,1,10,2.66,1.77,2112.19
CLUST-LOT-03,W06,5,-11,1,10,2.56,1.79,2112.8
CLUST-LOT-03,W06,5,-10,1,10,2.69,1.78,2100.84
CLUST-LOT-03,W06,5,-9,1,10,3,1.83,2109.01
CLUST-LOT-03,W06,5,-8,1,10,3.51,1.8,2129.78
CLUST-LOT-03,W06,5,-7,1,10,2.97,1.83,2115.04
CLUST-LOT-03,W06,5,-6,1,10,2.15,1.76,2101.43
CLUST-LOT-03,W06,5,-5,1,10,2.78,1.81,2134.26
CLUST-LOT-03,W06,5,-4,1,10,3.71,1.77,2125.53
CLUST-LOT-03,W06,5,-3,1,11,2.21,1.81,2077.57
CLUST-LOT-03,W06,5,-2,1,10,3.1,1.78,2129.68
CLUST-LOT-03,W06,5,-1,1,10,3.24,1.78,2075.97
CLUST-LOT-03,W06,5,0,1,10,2.5,1.78,2085.98
CLUST-LOT-03,W06,5,1,1,10,2.8,1.77,2090.67
CLUST-LOT-03,W06,5,2,1,10,3.06,1.8,2096.23
CLUST-LOT-03,W06,5,3,1,10,3.48,1.79,2085.4
CLUST-LOT-03,W06,5,4,1,10,3.41,1.81,2118.8
CLUST-LOT-03,W06,5,5,1,10,2.95,1.78,2103.8
CLUST-LOT-03,W06,5,6,1,10,2.74,1.78,2099.66
CLUST-LOT-03,W06,5,7,1,10,2.59,1.77,2109.67
CLUST-LOT-03,W06,5,8,1,10,2.44,1.87,2110.84
CLUST-LOT-03,W06,5,9,1,10,3.04,1.79,2086.6
CLUST-LOT-03,W06,5,10,1,10,3.07,1.77,2087.01
CLUST-LOT-03,W06,5,11,1,10,2.81,1.79,2082.1
CLUST-LOT-03,W06,5,12,1,10,3.25,1.79,2070.11
CLUST-LOT-03,W06,5,13,1,10,2.3,1.81,2134.34
CLUST-LOT-03,W06,5,14,1,10,2.85,1.85,2115.95
CLUST-LOT-03,W06,5,15,1,10,2.69,1.73,2100.42
CLUST-LOT-03,W06,5,16,1,10,2.72,1.8,2145.86
CLUST-LOT-03,W06,5,17,1,10,2.62,1.74,2090.42
CLUST-LOT-03,W06,5,18,1,10,3.02,1.83,2106.74
CLUST-LOT-03,W06,6,-18,1,10,2.51,1.84,2060.05
CLUST-LOT-03,W06,6,-17,1,10,2.58,1.85,2101.81
CLUST-LOT-03,W06,6,-16,1,10,2.31,1.8,2149.75
CLUST-LOT-03,W06,6,-15,1,10,3.18,1.77,2073.58
CLUST-LOT-03,W06,6,-14,1,10,2.6,1.79,2071.61
CLUST-LOT-03,W06,6,-13,1,10,3.14,1.81,2111.94
CLUST-LOT-03,W06,6,-12,1,10,2.73,1.82,2079.27
CLUST-LOT-03,W06,6,-11,1,10,2.83,1.82,2123.47
CLUST-LOT-03,W06,6,-10,1,10,2.68,1.77,2154.86
CLUST-LOT-03,W06,6,-9,1,11,2.81,1.84,2096.81
CLUST-LOT-03,W06,6,-8,1,10,3.1,1.75,2122.31
CLUST-LOT-03,W06,6,-7,1,10,3.01,1.79,2118.5
CLUST-LOT-03,W06,6,-6,1,10,3.24,1.76,2089.26
CLUST-LOT-03,W06,6,-5,1,10,2.28,1.81,2080.89
CLUST-LOT-03,W06,6,-4,1,10,2.11,1.85,2121.96
CLUST-LOT-03,W06,6,-3,1,10,2.44,1.82,2146.36
CLUST-LOT-03,W06,6,-2,1,10,3.11,1.79,2118.25
CLUST-LOT-03,W06,6,-1,1,10,2.88,1.79,2099.64
CLUST-LOT-03,W06,6,0,1,10,2.71,1.85,2083.66
CLUST-LOT-03,W06,6,1,1,10,3.41,1.82,2087.68
CLUST-LOT-03,W06,6,2,1,10,2.73,1.79,2103.18
CLUST-LOT-03,W06,6,3,1,10,2.67,1.82,2099.4
CLUST-LOT-03,W06,6,4,1,10,3.26,1.82,2105.75
CLUST-LOT-03,W06,6,5,1,10,3.22,1.79,2112.16
CLUST-LOT-03,W06,6,6,1,10,2.83,1.76,2088.71
CLUST-LOT-03,W06,6,7,1,10,1.92,1.75,2102.23
CLUST-LOT-03,W06,6,8,1,10,2.56,1.84,2126.28
CLUST-LOT-03,W06,6,9,1,10,2.3,1.83,2084.92
CLUST-LOT-03,W06,6,10,1,10,2.82,1.82,2094.3
CLUST-LOT-03,W06,6,11,1,10,2.77,1.84,2101.2
CLUST-LOT-03,W06,6,12,1,10,2.36,1.82,2096.46
CLUST-LOT-03,W06,6,13,1,10,2.68,1.74,2136.89
CLUST-LOT-03,W06,6,14,1,10,3.19,1.8,2103.85
CLUST-LOT-03,W06,6,15,1,10,3.09,1.78,2075.13
CLUST-LOT-03,W06,6,16,1,10,2.07,1.82,2112.29
CLUST-LOT-03,W06,6,17,1,10,2.79,1.82,2120.8
CLUST-LOT-03,W06,6,18,1,10,2.42,1.83,2139.61
CLUST-LOT-03,W06,7,-17,1,10,2.76,1.8,2127.9
CLUST-LOT-03,W06,7,-16,1,10,3.22,1.81,2114.06
CLUST-LOT-03,W06,7,-15,1,10,3.06,1.85,2099.33
CLUST-LOT-03,W06,7,-14,1,10,2.05,1.8,2068.73
CLUST-LOT-03,W06,7,-13,1,10,2.67,1.83,2115.26
CLUST-LOT-03,W06,7,-12,1,10,2.56,1.82,2099.98
CLUST-LOT-03,W06,7,-11,1,10,2.63,1.78,2109.08
CLUST-LOT-03,W06,7,-10,1,10,2.78,1.8,2085.16
CLUST-LOT-03,W06,7,-9,1,11,2.77,1.75,2079.14
CLUST-LOT-03,W06,7,-8,1,10,2.94,1.78,2041.57
CLUST-LOT-03,W06,7,-7,1,10,2.64,1.82,2130.71
CLUST-LOT-03,W06,7,-6,1,10,2.79,1.79,2132.23
CLUST-LOT-03,W06,7,-5,1,10,2.75,1.78,2097.55
CLUST-LOT-03,W06,7,-4,1,10,2.73,1.8,2117.01
CLUST-LOT-03,W06,7,-3,1,10,2.14,1.8,2105.09
CLUST-LOT-03,W06,7,-2,1,10,2.64,1.77,2104.16
CLUST-LOT-03,W06,7,-1,1,10,2.74,1.76,2119.46
CLUST-LOT-03,W06,7,0,1,10,2.71,1.79,2083.82
CLUST-LOT-03,W06,7,1,1,10,3.16,1.79,2117.74
CLUST-LOT-03,W06,7,2,1,10,2.55,1.79,2130.83
CLUST-LOT-03,W06,7,3,1,10,2.6,1.79,2103.51
CLUST-LOT-03,W06,7,4,1,10,2.68,1.77,2087.74
CLUST-LOT-03,W06,7,5,1,11,3.34,1.79,2131.7
CLUST-LOT-03,W06,7,6,1,10,2.89,1.79,2130.9
CLUST-LOT-03,W06,7,7,1,10,3.09,1.84,2103.72
CLUST-LOT-03,W06,7,8,1,10,2.42,1.77,2086.8
CLUST-LOT-03,W06,7,9,1,10,2.99,1.79,2157.31
CLUST-LOT-03,W06,7,10,1,10,2.76,1.76,2106.57
CLUST-LOT-03,W06,7,11,1,10,3,1.78,2095.12
CLUST-LOT-03,W06,7,12,1,10,2.61,1.81,2077.98
CLUST-LOT-03,W06,7,13,1,10,3.07,1.81,2084.15
CLUST-LOT-03,W06,7,14,1,10,2.52,1.76,2107.4
CLUST-LOT-03,W06,7,15,1,10,2.55,1.78,2086.92
CLUST-LOT-03,W06,7,16,1,10,2.92,1.77,2132.22
CLUST-LOT-03,W06,7,17,1,10,3.2,1.82,2077.58
CLUST-LOT-03,W06,8,-17,1,11,2.6,1.84,2115.07
CLUST-LOT-03,W06,8,-16,1,10,2.31,1.8,2103.54
CLUST-LOT-03,W06,8,-15,1,10,2.26,1.85,2053.96
CLUST-LOT-03,W06,8,-14,1,10,2.77,1.78,2131.64
CLUST-LOT-03,W06,8,-13,1,10,2.35,1.79,2116.51
CLUST-LOT-03,W06,8,-12,1,10,3.16,1.8,2089.47
CLUST-LOT-03,W06,8,-11,1,10,3.23,1.81,2126.64
CLUST-LOT-03,W06,8,-10,1,11,2.49,1.8,2108.26
CLUST-LOT-03,W06,8,-9,1,10,2.39,1.83,2107.39
CLUST-LOT-03,W06,8,-8,1,10,2.93,1.81,2113.7
CLUST-LOT-03,W06,8,-7,1,10,3.14,1.81,2102.91
CLUST-LOT-03,W06,8,-6,1,10,2.94,1.87,2081.41
CLUST-LOT-03,W06,8,-5,1,10,2.34,1.79,2105.19
CLUST-LOT-03,W06,8,-4,1,10,2.95,1.81,2116.03
CLUST-LOT-03,W06,8,-3,1,10,2.5,1.77,2078.94
CLUST-LOT-03,W06,8,-2,1,10,3.19,1.85,2135.34
CLUST-LOT-03,W06,8,-1,1,10,2.58,1.82,2057.62
CLUST-LOT-03,W06,8,0,1,10,2.93,1.8,2096.82
CLUST-LOT-03,W06,8,1,1,10,2.58,1.81,2087.68
CLUST-LOT-03,W06,8,2,1,10,1.99,1.81,2119.79
CLUST-LOT-03,W06,8,3,1,10,2.3,1.77,2138.82
CLUST-LOT-03,W06,8,4,1,10,2.98,1.81,2086.38
CLUST-LOT-03,W06,8,5,1,10,3.33,1.79,2103.94
CLUST-LOT-03,W06,8,6,1,10,3.16,1.8,2077.92
CLUST-LOT-03,W06,8,7,1,10,3.18,1.83,2078.13
CLUST-LOT-03,W06,8,8,1,10,2.9,1.78,2066.26
CLUST-LOT-03,W06,8,9,1,10,3.17,1.77,2105.64
CLUST-LOT-03,W06,8,10,1,10,2.55,1.8,2118.86
CLUST-LOT-03,W06,8,11,1,10,3.18,1.77,2072.21
CLUST-LOT-03,W06,8,12,1,10,2.95,1.77,2082.67
CLUST-LOT-03,W06,8,13,1,10,2.78,1.78,2122.84
CLUST-LOT-03,W06,8,14,1,10,2.56,1.77,2101.92
CLUST-LOT-03,W06,8,15,1,10,2.69,1.8,2092.92
CLUST-LOT-03,W06,8,16,1,10,3.03,1.78,2083.69
CLUST-LOT-03,W06,8,17,1,10,2.36,1.81,2056.87
CLUST-LOT-03,W06,9,-17,1,10,3.09,1.77,2103.33
CLUST-LOT-03,W06,9,-16,1,10,2.94,1.84,2112.02
CLUST-LOT-03,W06,9,-15,1,10,3.03,1.82,2040.05
CLUST-LOT-03,W06,9,-14,1,10,2.89,1.78,2105
CLUST-LOT-03,W06,9,-13,1,10,3.53,1.82,2116.63
CLUST-LOT-03,W06,9,-12,1,10,2.66,1.75,2125.3
CLUST-LOT-03,W06,9,-11,1,10,2.84,1.79,2171.3
CLUST-LOT-03,W06,9,-10,1,10,3.72,1.82,2093.91
CLUST-LOT-03,W06,9,-9,1,10,2.98,1.81,2140.9
CLUST-LOT-03,W06,9,-8,1,10,2.9,1.74,2099.57
CLUST-LOT-03,W06,9,-7,1,10,2.97,1.76,2089.76
CLUST-LOT-03,W06,9,-6,1,10,2.57,1.8,2148.56
CLUST-LOT-03,W06,9,-5,1,10,2.94,1.77,2125.89
CLUST-LOT-03,W06,9,-4,1,10,2.41,1.8,2129.25
CLUST-LOT-03,W06,9,-3,1,10,2.65,1.76,2074.91
CLUST-LOT-03,W06,9,-2,1,10,3.15,1.82,2108.24
CLUST-LOT-03,W06,9,-1,1,10,3.19,1.81,2117.93
CLUST-LOT-03,W06,9,0,2,23,2.55,1.75,2112.58
CLUST-LOT-03,W06,9,1,1,11,3.04,1.81,2118.86
CLUST-LOT-03,W06,9,2,1,10,2.89,1.82,2078.16
CLUST-LOT-03,W06,9,3,1,10,2.58,1.82,2120.41
CLUST-LOT-03,W06,9,4,1,10,2.44,1.78,2081
CLUST-LOT-03,W06,9,5,1,10,2.98,1.83,2082.74
CLUST-LOT-03,W06,9,6,1,10,2.68,1.79,2068.89
CLUST-LOT-03,W06,9,7,1,10,3.09,1.82,2060.36
CLUST-LOT-03,W06,9,8,1,11,3.01,1.76,2092.4
CLUST-LOT-03,W06,9,9,1,10,3.14,1.78,2082.89
CLUST-LOT-03,W06,9,10,1,10,2.71,1.8,2097.14
CLUST-LOT-03,W06,9,11,1,10,3.47,1.85,2127.49
CLUST-LOT-03,W06,9,12,1,10,2.94,1.76,2078.51
CLUST-LOT-03,W06,9,13,1,10,2.87,1.72,2104.97
CLUST-LOT-03,W06,9,14,1,10,2.65,1.79,2146.2
CLUST-LOT-03,W06,9,15,1,10,2.9,1.75,2128.29
CLUST-LOT-03,W06,9,16,1,10,3.54,1.83,2116.76
CLUST-LOT-03,W06,9,17,1,10,2.32,1.8,2132.79
CLUST-LOT-03,W06,10,-16,1,10,2.65,1.84,2102.54
CLUST-LOT-03,W06,10,-15,1,10,2.78,1.78,2050.42
CLUST-LOT-03,W06,10,-14,1,10,2.68,1.83,2122.22
CLUST-LOT-03,W06,10,-13,1,11,2.74,1.79,2097.08
CLUST-LOT-03,W06,10,-12,1,10,2.88,1.8,2104.75
CLUST-LOT-03,W06,10,-11,1,10,3.34,1.8,2081.65
CLUST-LOT-03,W06,10,-10,1,10,3.08,1.82,2098.38
CLUST-LOT-03,W06,10,-9,1,10,3.12,1.82,2147.35
CLUST-LOT-03,W06,10,-8,1,11,2.86,1.77,2081.85
CLUST-LOT-03,W06,10,-7,1,10,2.32,1.77,2122.15
CLUST-LOT-03,W06,10,-6,1,10,2.51,1.78,2095.82
CLUST-LOT-03,W06,10,-5,1,10,2.95,1.79,2072.6
CLUST-LOT-03,W06,10,-4,1,10,2.82,1.8,2121.61
CLUST-LOT-03,W06,10,-3,1,10,2.71,1.8,2088.81
CLUST-LOT-03,W06,10,-2,1,10,3.29,1.8,2084.92
CLUST-LOT-03,W06,10,-1,1,10,2.91,1.81,2106.48
CLUST-LOT-03,W06,10,0,1,10,3.1,1.79,2114.84
CLUST-LOT-03,W06,10,1,1,10,2.58,1.79,2101.55
CLUST-LOT-03,W06,10,2,1,10,3.01,1.78,2105.48
CLUST-LOT-03,W06,10,3,1,10,2.59,1.79,2086.99
CLUST-LOT-03,W06,10,4,1,10,2.68,1.72,2054.26
CLUST-LOT-03,W06,10,5,1,10,2.66,1.77,2126.71
CLUST-LOT-03,W06,10,6,1,10,2.59,1.82,2105.57
CLUST-LOT-03,W06,10,7,1,10,2.57,1.82,2110.79
CLUST-LOT-03,W06,10,8,1,10,2.68,1.81,2087.3
CLUST-LOT-03,W06,10,9,1,10,2.95,1.8,2098.13
CLUST-LOT-03,W06,10,10,1,10,2.69,1.77,2114.54
CLUST-LOT-03,W06,10,11,1,10,2.59,1.78,2131.8
CLUST-LOT-03,W06,10,12,1,10,2.54,1.81,2098.83
CLUST-LOT-03,W06,10,13,1,10,2.58,1.77,2076.54
CLUST-LOT-03,W06,10,14,1,10,2.91,1.79,2102.77
CLUST-LOT-03,W06,10,15,1,10,2.51,1.8,2113.73
CLUST-LOT-03,W06,10,16,1,10,2.49,1.83,2113.2
CLUST-LOT-03,W06,11,-15,1,10,2.97,1.82,2086.81
CLUST-LOT-03,W06,11,-14,1,10,2.48,1.87,2074.82
CLUST-LOT-03,W06,11,-13,1,10,2.93,1.81,2091.56
CLUST-LOT-03,W06,11,-12,1,10,3.48,1.78,2129.29
CLUST-LOT-03,W06,11,-11,1,10,2.71,1.81,2086.03
CLUST-LOT-03,W06,11,-10,1,10,2.37,1.79,2082.93
CLUST-LOT-03,W06,11,-9,1,10,2.67,1.79,2119.58
CLUST-LOT-03,W06,11,-8,1,10,3.42,1.81,2143.56
CLUST-LOT-03,W06,11,-7,1,10,2.54,1.79,2058.57
CLUST-LOT-03,W06,11,-6,1,10,2.54,1.77,2147.39
CLUST-LOT-03,W06,11,-5,1,10,2.9,1.81,2085.95
CLUST-LOT-03,W06,11,-4,1,10,2.64,1.8,2076.05
CLUST-LOT-03,W06,11,-3,1,10,2.88,1.75,2131.73
CLUST-LOT-03,W06,11,-2,1,10,1.84,1.82,2103.78
CLUST-LOT-03,W06,11,-1,1,10,2.64,1.79,2121.25
CLUST-LOT-03,W06,11,0,1,10,3.44,1.86,2102.3
CLUST-LOT-03,W06,11,1,1,10,3.03,1.8,2078.03
CLUST-LOT-03,W06,11,2,1,10,2.64,1.81,2084.48
CLUST-LOT-03,W06,11,3,1,10,2.43,1.8,2110.29
CLUST-LOT-03,W06,11,4,1,11,3.06,1.82,2113.68
CLUST-LOT-03,W06,11,5,1,10,2.71,1.77,2094.49
CLUST-LOT-03,W06,11,6,1,10,2.39,1.83,2083.53
CLUST-LOT-03,W06,11,7,1,11,3.21,1.86,2089.12
CLUST-LOT-03,W06,11,8,1,10,2.17,1.8,2110.7
CLUST-LOT-03,W06,11,9,1,10,3.13,1.78,2111.22
CLUST-LOT-03,W06,11,10,1,10,2.57,1.83,2106.1
CLUST-LOT-03,W06,11,11,1,10,2.64,1.8,2078.85
CLUST-LOT-03,W06,11,12,1,10,2.49,1.75,2086.77
CLUST-LOT-03,W06,11,13,1,10,2.97,1.82,2134.65
CLUST-LOT-03,W06,11,14,1,10,2.43,1.78,2115.32
CLUST-LOT-03,W06,11,15,1,10,2.7,1.82,2127.02
CLUST-LOT-03,W06,12,-15,1,10,2.89,1.83,2130.96
CLUST-LOT-03,W06,12,-14,1,10,2.98,1.79,2073.66
CLUST-LOT-03,W06,12,-13,1,10,2.3,1.85,2142.53
CLUST-LOT-03,W06,12,-12,1,10,2.77,1.82,2090.43
CLUST-LOT-03,W06,12,-11,1,10,2.5,1.8,2120.87
CLUST-LOT-03,W06,12,-10,1,10,2.99,1.84,2063.73
CLUST-LOT-03,W06,12,-9,1,11,3.45,1.79,2092.69
CLUST-LOT-03,W06,12,-8,1,10,2.87,1.81,2106.74
CLUST-LOT-03,W06,12,-7,1,10,1.97,1.8,2090.36
CLUST-LOT-03,W06,12,-6,1,10,3.07,1.75,2079.45
CLUST-LOT-03,W06,12,-5,1,10,3.29,1.82,2075.35
CLUST-LOT-03,W06,12,-4,1,10,2.98,1.86,2083.39
CLUST-LOT-03,W06,12,-3,1,10,3.44,1.77,2104.29
CLUST-LOT-03,W06,12,-2,1,10,2.51,1.84,2155.44
CLUST-LOT-03,W06,12,-1,1,10,2.14,1.79,2107.55
CLUST-LOT-03,W06,12,0,1,10,2.91,1.84,2104.12
CLUST-LOT-03,W06,12,1,1,10,3.26,1.84,2092.22
CLUST-LOT-03,W06,12,2,1,10,2.59,1.81,2127.98
CLUST-LOT-03,W06,12,3,1,10,2.47,1.8,2125.47
CLUST-LOT-03,W06,12,4,1,10,3,1.78,2127.61
CLUST-LOT-03,W06,12,5,1,10,3.38,1.8,2110.13
CLUST-LOT-03,W06,12,6,1,10,3.24,1.76,2089.4
CLUST-LOT-03,W06,12,7,1,10,2.81,1.77,2086.39
CLUST-LOT-03,W06,12,8,1,10,2.39,1.79,2112.85
CLUST-LOT-03,W06,12,9,1,10,3.59,1.81,2062.79
CLUST-LOT-03,W06,12,10,1,10,2.81,1.77,2096.66
CLUST-LOT-03,W06,12,11,1,10,3.08,1.82,2126.13
CLUST-LOT-03,W06,12,12,1,10,3.11,1.82,2116.82
CLUST-LOT-03,W06,12,13,1,10,2.84,1.79,2142.95
CLUST-LOT-03,W06,12,14,1,10,2.86,1.82,2114.63
CLUST-LOT-03,W06,12,15,1,10,2.7,1.8,2134.03
CLUST-LOT-03,W06,13,-14,1,10,2.97,1.76,2128.9
CLUST-LOT-03,W06,13,-13,1,10,2.41,1.73,2091.24
CLUST-LOT-03,W06,13,-12,1,10,2.51,1.78,2093.35
CLUST-LOT-03,W06,13,-11,1,10,3,1.84,2071.78
CLUST-LOT-03,W06,13,-10,1,10,2.38,1.75,2123.76
CLUST-LOT-03,W06,13,-9,1,10,2.9,1.76,2104.54
CLUST-LOT-03,W06,13,-8,1,10,2.42,1.78,2081.62
CLUST-LOT-03,W06,13,-7,1,10,3.12,1.79,2134.26
CLUST-LOT-03,W06,13,-6,1,10,2.44,1.8,2099.34
CLUST-LOT-03,W06,13,-5,1,10,2.57,1.79,2088.3
CLUST-LOT-03,W06,13,-4,1,10,2.63,1.81,2073.61
CLUST-LOT-03,W06,13,-3,1,10,3,1.79,2135.97
CLUST-LOT-03,W06,13,-2,1,10,2.54,1.83,2088.17
CLUST-LOT-03,W06,13,-1,1,10,3.44,1.8,2103.78
CLUST-LOT-03,W06,13,0,1,10,2.64,1.77,2085.84
CLUST-LOT-03,W06,13,1,1,10,2.85,1.84,2132.37
CLUST-LOT-03,W06,13,2,1,10,3.06,1.81,2065.65
CLUST-LOT-03,W06,13,3,1,10,2.5,1.82,2112.34
CLUST-LOT-03,W06,13,4,1,10,2.92,1.78,2108.43
CLUST-LOT-03,W06,13,5,1,10,3.09,1.82,2132.25
CLUST-LOT-03,W06,13,6,1,10,2.39,1.83,2124.25
CLUST-LOT-03,W06,13,7,1,10,2.24,1.77,2091.6
CLUST-LOT-03,W06,13,8,1,10,2.47,1.81,2126.34
CLUST-LOT-03,W06,13,9,1,10,2.33,1.87,2092.11
CLUST-LOT-03,W06,13,10,1,10,2.77,1.75,2111.55
CLUST-LOT-03,W06,13,11,1,11,2.84,1.84,2078.67
CLUST-LOT-03,W06,13,12,1,10,2.91,1.82,2108.84
CLUST-LOT-03,W06,13,13,1,10,3.14,1.76,2098.43
CLUST-LOT-03,W06,13,14,1,10,2.73,1.83,2140.25
CLUST-LOT-03,W06,14,-13,1,10,3.53,1.87,2096.96
CLUST-LOT-03,W06,14,-12,1,10,2.65,1.82,2150.84
CLUST-LOT-03,W06,14,-11,1,10,2.94,1.8,2083.35
CLUST-LOT-03,W06,14,-10,1,10,2.63,1.8,2124.29
CLUST-LOT-03,W06,14,-9,1,11,3.09,1.85,2111.06
CLUST-LOT-03,W06,14,-8,1,10,2.22,1.77,2070
CLUST-LOT-03,W06,14,-7,1,10,3.12,1.79,2082.52
CLUST-LOT-03,W06,14,-6,1,10,2.83,1.84,2103.23
CLUST-LOT-03,W06,14,-5,1,10,2.31,1.82,2051.68
CLUST-LOT-03,W06,14,-4,1,10,2.69,1.84,2086.23
CLUST-LOT-03,W06,14,-3,1,10,2.65,1.76,2083.05
CLUST-LOT-03,W06,14,-2,1,10,2.52,1.81,2107.7
CLUST-LOT-03,W06,14,-1,1,10,3.18,1.75,2085.61
CLUST-LOT-03,W06,14,0,1,10,2.87,1.81,2110.97
CLUST-LOT-03,W06,14,1,1,10,3,1.8,2093.6
CLUST-LOT-03,W06,14,2,1,10,2.29,1.77,2084.35
CLUST-LOT-03,W06,14,3,1,10,2.6,1.8,2084.91
CLUST-LOT-03,W06,14,4,1,10,2.55,1.74,2104.45
CLUST-LOT-03,W06,14,5,1,10,2.8,1.78,2134.93
CLUST-LOT-03,W06,14,6,1,10,2.45,1.81,2111.05
CLUST-LOT-03,W06,14,7,1,10,2.38,1.84,2064.49
CLUST-LOT-03,W06,14,8,2,21,2.63,1.83,2121.23
CLUST-LOT-03,W06,14,9,1,10,2.67,1.82,2117.34
CLUST-LOT-03,W06,14,10,1,10,2.74,1.82,2106.37
CLUST-LOT-03,W06,14,11,1,10,3.23,1.78,2126.44
CLUST-LOT-03,W06,14,12,1,10,2.9,1.81,2112.37
CLUST-LOT-03,W06,14,13,1,10,2.8,1.8,2127.52
CLUST-LOT-03,W06,15,-12,1,11,3.18,1.81,2063.29
CLUST-LOT-03,W06,15,-11,1,10,2.71,1.77,2134.13
CLUST-LOT-03,W06,15,-10,1,10,2.98,1.78,2125.75
CLUST-LOT-03,W06,15,-9,1,10,2.39,1.85,2115.74
CLUST-LOT-03,W06,15,-8,1,10,2.51,1.78,2117.28
CLUST-LOT-03,W06,15,-7,1,10,3.35,1.81,2049.35
CLUST-LOT-03,W06,15,-6,1,10,2.89,1.76,2064.9
CLUST-LOT-03,W06,15,-5,1,10,2.58,1.81,2145.7
CLUST-LOT-03,W06,15,-4,1,10,3.21,1.84,2070.83
CLUST-LOT-03,W06,15,-3,1,10,2.79,1.73,2112.67
CLUST-LOT-03,W06,15,-2,1,10,2.37,1.73,2099.29
CLUST-LOT-03,W06,15,-1,1,10,2.21,1.78,2147.23
CLUST-LOT-03,W06,15,0,1,10,2.77,1.77,2111.47
CLUST-LOT-03,W06,15,1,1,10,3.35,1.81,2059.53
CLUST-LOT-03,W06,15,2,1,10,2.31,1.84,2098.99
CLUST-LOT-03,W06,15,3,1,10,2.62,1.76,2069.4
CLUST-LOT-03,W06,15,4,1,10,2.97,1.77,2097.42
CLUST-LOT-03,W06,15,5,1,10,3.32,1.83,2097.79
CLUST-LOT-03,W06,15,6,1,10,2.79,1.84,2080.46
CLUST-LOT-03,W06,15,7,1,10,2.87,1.77,2084.59
CLUST-LOT-03,W06,15,8,1,10,2.64,1.82,2110.93
CLUST-LOT-03,W06,15,9,1,10,2.56,1.78,2135.48
CLUST-LOT-03,W06,15,10,1,11,3.25,1.83,2096.21
CLUST-LOT-03,W06,15,11,1,10,2.61,1.79,2135.23
CLUST-LOT-03,W06,15,12,1,10,2.56,1.84,2103.92
CLUST-LOT-03,W06,16,-10,1,10,2.49,1.81,2094.44
CLUST-LOT-03,W06,16,-9,1,10,2.66,1.81,2069.76
CLUST-LOT-03,W06,16,-8,1,10,2.82,1.81,2084.21
CLUST-LOT-03,W06,16,-7,1,10,2.72,1.85,2130.87
CLUST-LOT-03,W06,16,-6,1,10,2.47,1.82,2121.95
CLUST-LOT-03,W06,16,-5,1,10,2.38,1.81,2123.13
CLUST-LOT-03,W06,16,-4,1,10,3.36,1.82,2114.72
CLUST-LOT-03,W06,16,-3,1,10,2.71,1.76,2048.93
CLUST-LOT-03,W06,16,-2,1,10,2.93,1.78,2146.73
CLUST-LOT-03,W06,16,-1,1,10,2.84,1.74,2059.97
CLUST-LOT-03,W06,16,0,1,10,2.48,1.78,2102.28
CLUST-LOT-03,W06,16,1,1,10,2.96,1.79,2115.55
CLUST-LOT-03,W06,16,2,1,10,3.73,1.8,2103.16
CLUST-LOT-03,W06,16,3,1,11,2.64,1.81,2098.28
CLUST-LOT-03,W06,16,4,1,10,2.88,1.79,2131.74
CLUST-LOT-03,W06,16,5,1,10,3.01,1.86,2107.16
CLUST-LOT-03,W06,16,6,1,10,3.14,1.83,2090.95
CLUST-LOT-03,W06,16,7,1,10,2.7,1.85,2140.44
CLUST-LOT-03,W06,16,8,1,11,2.87,1.82,2091.37
CLUST-LOT-03,W06,16,9,1,10,3.07,1.78,2082.95
CLUST-LOT-03,W06,16,10,1,10,2.54,1.8,2102.8
CLUST-LOT-03,W06,17,-9,1,10,2.44,1.79,2074.45
CLUST-LOT-03,W06,17,-8,1,10,3.09,1.76,2108.61
CLUST-LOT-03,W06,17,-7,1,10,2.88,1.8,2125.73
CLUST-LOT-03,W06,17,-6,1,10,2.54,1.81,2094.44
CLUST-LOT-03,W06,17,-5,1,10,2.19,1.84,2069.56
CLUST-LOT-03,W06,17,-4,1,10,3.25,1.81,2051.98
CLUST-LOT-03,W06,17,-3,1,10,2.57,1.83,2078.31
CLUST-LOT-03,W06,17,-2,1,10,3.26,1.85,2089.7
CLUST-LOT-03,W06,17,-1,1,10,2.96,1.82,2083.1
CLUST-LOT-03,W06,17,0,1,10,2.88,1.78,2142.95
CLUST-LOT-03,W06,17,1,1,10,2.24,1.8,2119.06
CLUST-LOT-03,W06,17,2,1,10,2.16,1.85,2071.75
CLUST-LOT-03,W06,17,3,1,10,2.9,1.78,2106.83
CLUST-LOT-03,W06,17,4,1,10,2.6,1.81,2128.97
CLUST-LOT-03,W06,17,5,1,10,2.57,1.79,2129.38
CLUST-LOT-03,W06,17,6,1,10,3.55,1.81,2080.23
CLUST-LOT-03,W06,17,7,1,10,2.12,1.74,2115.66
CLUST-LOT-03,W06,17,8,1,10,3.16,1.83,2072.25
CLUST-LOT-03,W06,17,9,1,10,2.83,1.79,2075.49
CLUST-LOT-03,W06,18,-6,1,10,2.66,1.86,2076.27
CLUST-LOT-03,W06,18,-5,1,10,3.04,1.84,2081.8
CLUST-LOT-03,W06,18,-4,1,10,2.18,1.78,2093.76
CLUST-LOT-03,W06,18,-3,1,10,3.07,1.82,2072.15
CLUST-LOT-03,W06,18,-2,1,10,2.81,1.79,2081.56
CLUST-LOT-03,W06,18,-1,1,10,3.23,1.72,2123.9
CLUST-LOT-03,W06,18,0,1,10,2.77,1.77,2127.28
CLUST-LOT-03,W06,18,1,1,10,2.37,1.83,2099.88
CLUST-LOT-03,W06,18,2,1,11,3.13,1.81,2111.52
CLUST-LOT-03,W06,18,3,1,10,2.13,1.83,2100.63
CLUST-LOT-03,W06,18,4,1,10,2.65,1.75,2096.86
CLUST-LOT-03,W06,18,5,1,10,3.58,1.84,2080.75
CLUST-LOT-03,W06,18,6,1,10,2.99,1.81,2120.05
CLUST-LOT-03,W06,19,-3,1,10,3.22,1.77,2130.44
CLUST-LOT-03,W06,19,-2,1,10,2.99,1.76,2082.58
CLUST-LOT-03,W06,19,-1,1,10,3.33,1.83,2082.44
CLUST-LOT-03,W06,19,0,1,10,3.22,1.76,2109.96
CLUST-LOT-03,W06,19,1,1,10,2.72,1.84,2088.12
CLUST-LOT-03,W06,19,2,1,10,2.45,1.79,2079.95
CLUST-LOT-03,W06,19,3,1,10,2.89,1.8,2094.87
CLUST-LOT-03,W07,-19,-3,1,10,3.51,1.77,2098.87
CLUST-LOT-03,W07,-19,-2,1,10,2.42,1.86,2084.8
CLUST-LOT-03,W07,-19,-1,1,10,3.11,1.79,2093.79
CLUST-LOT-03,W07,-19,0,1,10,2.33,1.81,2133.12
CLUST-LOT-03,W07,-19,1,1,10,2.73,1.83,2088.01
CLUST-LOT-03,W07,-19,2,1,10,3,1.82,2066.68
CLUST-LOT-03,W07,-19,3,1,10,2.16,1.83,2114.03
CLUST-LOT-03,W07,-18,-6,1,10,2.92,1.77,2083.74
CLUST-LOT-03,W07,-18,-5,1,10,2.74,1.75,2095.52
CLUST-LOT-03,W07,-18,-4,1,10,2.59,1.79,2097.82
CLUST-LOT-03,W07,-18,-3,1,10,2.93,1.75,2093.98
CLUST-LOT-03,W07,-18,-2,1,10,2.37,1.84,2103.97
CLUST-LOT-03,W07,-18,-1,1,10,2.42,1.79,2108.7
CLUST-LOT-03,W07,-18,0,1,10,3.06,1.78,2123.39
CLUST-LOT-03,W07,-18,1,1,10,3.26,1.78,2104.32
CLUST-LOT-03,W07,-18,2,1,10,2.29,1.86,2093.37
CLUST-LOT-03,W07,-18,3,1,10,2.66,1.73,2066.28
CLUST-LOT-03,W07,-18,4,1,10,3.09,1.81,2062.94
CLUST-LOT-03,W07,-18,5,1,10,2.94,1.77,2110.51
CLUST-LOT-03,W07,-18,6,1,10,2.52,1.8,2102.75
CLUST-LOT-03,W07,-17,-9,1,10,3.07,1.78,2084.71
CLUST-LOT-03,W07,-17,-8,1,10,2.42,1.82,2091.1
CLUST-LOT-03,W07,-17,-7,1,10,3.09,1.83,2104.56
CLUST-LOT-03,W07,-17,-6,1,10,2.96,1.84,2091.57
CLUST-LOT-03,W07,-17,-5,1,10,2.75,1.79,2070.72
CLUST-LOT-03,W07,-17,-4,1,10,2.34,1.82,2142.56
CLUST-LOT-03,W07,-17,-3,1,10,3.05,1.78,2118.91
CLUST-LOT-03,W07,-17,-2,1,10,2.76,1.76,2124.31
CLUST-LOT-03,W07,-17,-1,1,10,3.19,1.78,2085.81
CLUST-LOT-03,W07,-17,0,1,10,2.59,1.86,2093.14
CLUST-LOT-03,W07,-17,1,1,10,2.33,1.77,2113.08
CLUST-LOT-03,W07,-17,2,1,10,2.7,1.82,2088.37
CLUST-LOT-03,W07,-17,3,1,10,3.03,1.83,2085.93
CLUST-LOT-03,W07,-17,4,1,10,3.39,1.79,2105.23
CLUST-LOT-03,W07,-17,5,1,10,2.51,1.82,2105.94
CLUST-LOT-03,W07,-17,6,1,10,2.59,1.84,2098.56
CLUST-LOT-03,W07,-17,7,1,10,3.04,1.8,2090.67
CLUST-LOT-03,W07,-17,8,1,10,3.35,1.8,2120.12
CLUST-LOT-03,W07,-17,9,1,10,3.37,1.84,2089.64
CLUST-LOT-03,W07,-16,-10,1,10,2.76,1.87,2100.86
CLUST-LOT-03,W07,-16,-9,1,10,3.52,1.75,2116.12
CLUST-LOT-03,W07,-16,-8,1,10,3.17,1.75,2109.64
CLUST-LOT-03,W07,-16,-7,1,10,2.86,1.81,2142.77
CLUST-LOT-03,W07,-16,-6,1,10,3.13,1.75,2086.89
CLUST-LOT-03,W07,-16,-5,1,10,2.95,1.83,2114.47
CLUST-LOT-03,W07,-16,-4,1,10,2.93,1.79,2086.88
CLUST-LOT-03,W07,-16,-3,1,10,3.11,1.77,2120.79
CLUST-LOT-03,W07,-16,-2,1,10,2.87,1.81,2073.12
CLUST-LOT-03,W07,-16,-1,1,10,3.26,1.79,2104.72
CLUST-LOT-03,W07,-16,0,1,10,3.13,1.8,2125.41
CLUST-LOT-03,W07,-16,1,1,10,2.77,1.82,2145.1
CLUST-LOT-03,W07,-16,2,1,10,3.55,1.8,2107.13
CLUST-LOT-03,W07,-16,3,1,10,2.78,1.82,2075.69
CLUST-LOT-03,W07,-16,4,1,10,2.69,1.81,2097.18
CLUST-LOT-03,W07,-16,5,1,10,2.47,1.82,2091.4
CLUST-LOT-03,W07,-16,6,1,10,2.64,1.81,2090.19
CLUST-LOT-03,W07,-16,7,1,10,2.87,1.8,2105.5
CLUST-LOT-03,W07,-16,8,1,10,3.04,1.83,2123.54
CLUST-LOT-03,W07,-16,9,1,10,3.5,1.73,2137.66
CLUST-LOT-03,W07,-16,10,1,10,2.35,1.84,2075.01
CLUST-LOT-03,W07,-15,-12,1,10,2.25,1.81,2096.31
CLUST-LOT-03,W07,-15,-11,1,10,3.07,1.77,2086.78
CLUST-LOT-03,W07,-15,-10,1,10,2.92,1.81,2104.55
CLUST-LOT-03,W07,-15,-9,1,10,3.1,1.83,2144.59
CLUST-LOT-03,W07,-15,-8,1,10,2.97,1.8,2100.05
CLUST-LOT-03,W07,-15,-7,1,10,2.09,1.79,2099.99
CLUST-LOT-03,W07,-15,-6,1,10,2.65,1.78,2104.35
CLUST-LOT-03,W07,-15,-5,1,10,3.01,1.83,2110.26
CLUST-LOT-03,W07,-15,-4,1,11,2.6,1.8,2098.77
CLUST-LOT-03,W07,-15,-3,1,11,2.52,1.81,2088.14
CLUST-LOT-03,W07,-15,-2,1,10,2.7,1.8,2109.74
CLUST-LOT-03,W07,-15,-1,1,10,3.26,1.83,2118.78
CLUST-LOT-03,W07,-15,0,1,10,2.33,1.79,2122.71
CLUST-LOT-03,W07,-15,1,1,10,2.44,1.83,2126.18
CLUST-LOT-03,W07,-15,2,1,10,3.08,1.79,2136.08
CLUST-LOT-03,W07,-15,3,1,10,2.93,1.78,2082.88
CLUST-LOT-03,W07,-15,4,1,10,2.39,1.83,2099.29
CLUST-LOT-03,W07,-15,5,1,10,2.64,1.81,2135.72
CLUST-LOT-03,W07,-15,6,1,10,2.2,1.86,2087.64
CLUST-LOT-03,W07,-15,7,1,10,3.11,1.81,2085.47
CLUST-LOT-03,W07,-15,8,1,10,2.71,1.81,2103.49
CLUST-LOT-03,W07,-15,9,1,10,3.18,1.76,2130.77
CLUST-LOT-03,W07,-15,10,1,10,2.68,1.78,2149.97
CLUST-LOT-03,W07,-15,11,1,10,2.48,1.78,2134.78
CLUST-LOT-03,W07,-15,12,1,10,2.73,1.81,2088.57
CLUST-LOT-03,W07,-14,-13,1,10,2.86,1.79,2045.3
CLUST-LOT-03,W07,-14,-12,1,10,3.4,1.87,2086.84
CLUST-LOT-03,W07,-14,-11,1,11,2.71,1.8,2130.51
CLUST-LOT-03,W07,-14,-10,1,10,2.24,1.78,2103.63
CLUST-LOT-03,W07,-14,-9,1,10,2.48,1.82,2099.24
CLUST-LOT-03,W07,-14,-8,1,10,2.59,1.84,2125.17
CLUST-LOT-03,W07,-14,-7,1,10,2.48,1.81,2116.87
CLUST-LOT-03,W07,-14,-6,1,10,1.95,1.84,2110.88
CLUST-LOT-03,W07,-14,-5,1,10,2.68,1.77,2111.27
CLUST-LOT-03,W07,-14,-4,1,10,3.02,1.8,2112.95
CLUST-LOT-03,W07,-14,-3,1,10,2.78,1.85,2096.34
CLUST-LOT-03,W07,-14,-2,1,10,2.46,1.77,2086.42
CLUST-LOT-03,W07,-14,-1,1,10,2.95,1.81,2102.22
CLUST-LOT-03,W07,-14,0,1,10,2.75,1.81,2118.61
CLUST-LOT-03,W07,-14,1,1,10,2.84,1.83,2095.4
CLUST-LOT-03,W07,-14,2,1,10,2.51,1.82,2063.54
CLUST-LOT-03,W07,-14,3,1,10,2.89,1.76,2117.34
CLUST-LOT-03,W07,-14,4,1,11,2.88,1.8,2079.05
CLUST-LOT-03,W07,-14,5,1,10,3.39,1.79,2113.28
CLUST-LOT-03,W07,-14,6,1,10,2.71,1.86,2128.89
CLUST-LOT-03,W07,-14,7,1,10,2.37,1.8,2109.19
CLUST-LOT-03,W07,-14,8,1,10,3.24,1.77,2102.61
CLUST-LOT-03,W07,-14,9,1,10,3.1,1.85,2131.12
CLUST-LOT-03,W07,-14,10,1,10,2.93,1.81,2065.85
CLUST-LOT-03,W07,-14,11,1,10,3.36,1.74,2067.84
CLUST-LOT-03,W07,-14,12,1,10,3.14,1.79,2109.54
CLUST-LOT-03,W07,-14,13,1,10,2.51,1.79,2055.93
CLUST-LOT-03,W07,-13,-14,1,10,2.92,1.77,2079.9
CLUST-LOT-03,W07,-13,-13,1,10,2.85,1.82,2113.4
CLUST-LOT-03,W07,-13,-12,1,10,2.78,1.78,2078.18
CLUST-LOT-03,W07,-13,-11,1,10,2.77,1.81,2107.58
CLUST-LOT-03,W07,-13,-10,1,10,3.24,1.81,2129.06
CLUST-LOT-03,W07,-13,-9,1,10,3.1,1.77,2121.96
CLUST-LOT-03,W07,-13,-8,1,10,2.84,1.86,2100.47
CLUST-LOT-03,W07,-13,-7,1,11,3.35,1.77,2133.61
CLUST-LOT-03,W07,-13,-6,1,10,2.72,1.8,2132.04
CLUST-LOT-03,W07,-13,-5,1,10,2.86,1.77,2052.17
CLUST-LOT-03,W07,-13,-4,1,10,2.48,1.83,2104.18
CLUST-LOT-03,W07,-13,-3,1,10,3.56,1.75,2111.33
CLUST-LOT-03,W07,-13,-2,1,10,2.61,1.81,2137.7
CLUST-LOT-03,W07,-13,-1,1,10,3.72,1.78,2077.87
CLUST-LOT-03,W07,-13,0,1,10,3.11,1.83,2133.61
CLUST-LOT-03,W07,-13,1,1,10,2.81,1.81,2078.6
CLUST-LOT-03,W07,-13,2,1,10,3.43,1.79,2059.13
CLUST-LOT-03,W07,-13,3,1,10,2.83,1.79,2101.16
CLUST-LOT-03,W07,-13,4,1,10,3.36,1.8,2118.86
CLUST-LOT-03,W07,-13,5,1,10,2.69,1.77,2100.74
CLUST-LOT-03,W07,-13,6,1,10,2.56,1.77,2098.55
CLUST-LOT-03,W07,-13,7,1,10,2.83,1.76,2109.01
CLUST-LOT-03,W07,-13,8,1,10,2.32,1.8,2100.74
CLUST-LOT-03,W07,-13,9,1,11,2.93,1.8,2082.12
CLUST-LOT-03,W07,-13,10,1,10,2.92,1.76,2100.01
CLUST-LOT-03,W07,-13,11,1,10,3.03,1.8,2120.56
CLUST-LOT-03,W07,-13,12,1,10,3.6,1.78,2115.73
CLUST-LOT-03,W07,-13,13,1,10,2.48,1.79,2115.39
CLUST-LOT-03,W07,-13,14,1,10,2.81,1.75,2103.95
CLUST-LOT-03,W07,-12,-15,1,10,3.04,1.8,2101.55
CLUST-LOT-03,W07,-12,-14,1,10,3.43,1.8,2115.86
CLUST-LOT-03,W07,-12,-13,1,10,2.98,1.82,2114.42
CLUST-LOT-03,W07,-12,-12,1,10,2.43,1.77,2118.84
CLUST-LOT-03,W07,-12,-11,1,10,3.21,1.81,2101.42
CLUST-LOT-03,W07,-12,-10,1,10,2.97,1.78,2116.11
CLUST-LOT-03,W07,-12,-9,1,11,3.02,1.81,2101.04
CLUST-LOT-03,W07,-12,-8,1,10,2.45,1.77,2071.92
CLUST-LOT-03,W07,-12,-7,1,10,2.74,1.8,2077.08
CLUST-LOT-03,W07,-12,-6,1,10,3.07,1.81,2113.24
CLUST-LOT-03,W07,-12,-5,1,10,3.48,1.79,2084.92
CLUST-LOT-03,W07,-12,-4,1,10,2.54,1.83,2085.54
CLUST-LOT-03,W07,-12,-3,1,10,2.87,1.85,2072.12
CLUST-LOT-03,W07,-12,-2,1,10,2.96,1.83,2112.6
CLUST-LOT-03,W07,-12,-1,1,10,2.94,1.78,2082.17
CLUST-LOT-03,W07,-12,0,1,10,3.04,1.76,2135.91
CLUST-LOT-03,W07,-12,1,1,10,2.53,1.82,2129
CLUST-LOT-03,W07,-12,2,1,10,3.22,1.79,2083.11
CLUST-LOT-03,W07,-12,3,1,10,3.26,1.87,2106.1
CLUST-LOT-03,W07,-12,4,1,10,2.98,1.77,2112.01
CLUST-LOT-03,W07,-12,5,1,10,2.75,1.81,2111.5
CLUST-LOT-03,W07,-12,6,1,10,3.08,1.85,2147.48
CLUST-LOT-03,W07,-12,7,1,10,1.95,1.79,2086.4
CLUST-LOT-03,W07,-12,8,1,10,3.42,1.79,2095.44
CLUST-LOT-03,W07,-12,9,1,10,2.87,1.76,2082.58
CLUST-LOT-03,W07,-12,10,1,10,3.16,1.86,2125.54
CLUST-LOT-03,W07,-12,11,1,10,3.3,1.81,2133.04
CLUST-LOT-03,W07,-12,12,1,10,2.67,1.82,2113.54
CLUST-LOT-03,W07,-12,13,1,10,2.4,1.84,2116.13
CLUST-LOT-03,W07,-12,14,1,10,3.19,1.84,2135.86
CLUST-LOT-03,W07,-12,15,1,11,3.55,1.8,2112.42
CLUST-LOT-03,W07,-11,-15,3,32,2.5,1.82,2091.66
CLUST-LOT-03,W07,-11,-14,1,10,2.5,1.8,2089.66
CLUST-LOT-03,W07,-11,-13,1,10,3.35,1.79,2114.72
CLUST-LOT-03,W07,-11,-12,1,10,3.05,1.8,2097.71
CLUST-LOT-03,W07,-11,-11,1,11,3,1.82,2130.95
CLUST-LOT-03,W07,-11,-10,1,10,2.65,1.74,2089.93
CLUST-LOT-03,W07,-11,-9,1,10,2.84,1.79,2094.84
CLUST-LOT-03,W07,-11,-8,1,11,3.22,1.84,2126.46
CLUST-LOT-03,W07,-11,-7,1,10,2.6,1.85,2089.83
CLUST-LOT-03,W07,-11,-6,1,10,2.63,1.79,2062.18
CLUST-LOT-03,W07,-11,-5,1,10,2.81,1.79,2097.93
CLUST-LOT-03,W07,-11,-4,1,10,2.44,1.84,2100.43
CLUST-LOT-03,W07,-11,-3,1,10,3.12,1.82,2084.22
CLUST-LOT-03,W07,-11,-2,1,10,3.29,1.79,2113.99
CLUST-LOT-03,W07,-11,-1,1,10,3.2,1.81,2109.76
CLUST-LOT-03,W07,-11,0,1,10,2.88,1.79,2124.64
CLUST-LOT-03,W07,-11,1,1,10,2.81,1.79,2084.91
CLUST-LOT-03,W07,-11,2,1,10,2.76,1.81,2099.86
CLUST-LOT-03,W07,-11,3,1,10,3.49,1.82,2038.16
CLUST-LOT-03,W07,-11,4,1,10,3,1.81,2088.59
CLUST-LOT-03,W07,-11,5,1,10,2.55,1.84,2129.76
CLUST-LOT-03,W07,-11,6,1,10,2.95,1.78,2097.14
CLUST-LOT-03,W07,-11,7,1,10,3.53,1.83,2115.43
CLUST-LOT-03,W07,-11,8,1,10,2.27,1.8,2116.51
CLUST-LOT-03,W07,-11,9,1,10,3.32,1.83,2107.9
CLUST-LOT-03,W07,-11,10,1,10,2.61,1.81,2105.41
CLUST-LOT-03,W07,-11,11,1,10,3.02,1.79,2107.56
CLUST-LOT-03,W07,-11,12,1,10,2.65,1.78,2090.17
CLUST-LOT-03,W07,-11,13,1,10,2.15,1.81,2099.06
CLUST-LOT-03,W07,-11,14,1,10,3.47,1.83,2099.98
CLUST-LOT-03,W07,-11,15,1,10,3.16,1.79,2066.74
CLUST-LOT-03,W07,-10,-16,1,10,2.72,1.88,2109.85
CLUST-LOT-03,W07,-10,-15,1,10,2.65,1.84,2094.52
CLUST-LOT-03,W07,-10,-14,1,10,3.05,1.79,2124.21
CLUST-LOT-03,W07,-10,-13,1,10,2.58,1.82,2102.94
CLUST-LOT-03,W07,-10,-12,1,10,3.11,1.78,2077.9
CLUST-LOT-03,W07,-10,-11,1,11,2.79,1.8,2113.57
CLUST-LOT-03,W07,-10,-10,1,11,2.52,1.83,2132.67
CLUST-LOT-03,W07,-10,-9,1,10,3,1.83,2102.2
CLUST-LOT-03,W07,-10,-8,1,10,2.82,1.8,2090.4
CLUST-LOT-03,W07,-10,-7,1,10,2.82,1.81,2144.03
CLUST-LOT-03,W07,-10,-6,1,10,2.77,1.8,2104.91
CLUST-LOT-03,W07,-10,-5,1,10,2.64,1.81,2094.15
CLUST-LOT-03,W07,-10,-4,1,10,2.95,1.8,2090.88
CLUST-LOT-03,W07,-10,-3,1,10,3.15,1.79,2098.88
CLUST-LOT-03,W07,-10,-2,1,10,2.99,1.89,2088.16
CLUST-LOT-03,W07,-10,-1,1,10,2.86,1.76,2094.34
CLUST-LOT-03,W07,-10,0,1,10,3.21,1.77,2089.31
CLUST-LOT-03,W07,-10,1,1,10,3.12,1.76,2110.09
CLUST-LOT-03,W07,-10,2,1,10,2.74,1.8,2080.09
CLUST-LOT-03,W07,-10,3,1,10,3.2,1.81,2101.64
CLUST-LOT-03,W07,-10,4,1,10,2.06,1.85,2106.63
CLUST-LOT-03,W07,-10,5,1,10,2.75,1.84,2100.94
CLUST-LOT-03,W07,-10,6,1,10,2.41,1.76,2102.79
CLUST-LOT-03,W07,-10,7,1,10,3.05,1.75,2097.12
CLUST-LOT-03,W07,-10,8,1,10,2.47,1.79,2086.99
CLUST-LOT-03,W07,-10,9,1,10,2.46,1.8,2142.56
CLUST-LOT-03,W07,-10,10,1,10,2.04,1.76,2086.74
CLUST-LOT-03,W07,-10,11,1,10,3.59,1.83,2083.24
CLUST-LOT-03,W07,-10,12,1,10,3.17,1.8,2100.49
CLUST-LOT-03,W07,-10,13,1,10,2.55,1.79,2082.2
CLUST-LOT-03,W07,-10,14,1,10,3.11,1.84,2114.96
CLUST-LOT-03,W07,-10,15,1,10,2.81,1.71,2088.15
CLUST-LOT-03,W07,-10,16,1,10,2.84,1.79,2086.38
CLUST-LOT-03,W07,-9,-17,1,10,2.58,1.84,2110.55
CLUST-LOT-03,W07,-9,-16,1,10,3.21,1.83,2086.79
CLUST-LOT-03,W07,-9,-15,1,10,2.73,1.77,2094.07
CLUST-LOT-03,W07,-9,-14,1,11,3.03,1.83,2087.54
CLUST-LOT-03,W07,-9,-13,1,10,2.88,1.78,2111.59
CLUST-LOT-03,W07,-9,-12,1,10,2.65,1.84,2080.58
CLUST-LOT-03,W07,-9,-11,1,10,3.25,1.79,2112.76
CLUST-LOT-03,W07,-9,-10,1,10,2.84,1.82,2146.68
CLUST-LOT-03,W07,-9,-9,1,10,2.96,1.8,2102.45
CLUST-LOT-03,W07,-9,-8,1,10,2.52,1.86,2072.99
CLUST-LOT-03,W07,-9,-7,1,10,3.04,1.81,2092.24
CLUST-LOT-03,W07,-9,-6,1,10,2.35,1.78,2125.95
CLUST-LOT-03,W07,-9,-5,1,10,2.92,1.87,2116.28
CLUST-LOT-03,W07,-9,-4,1,10,2.93,1.8,2123.43
CLUST-LOT-03,W07,-9,-3,1,10,2.98,1.77,2093.79
CLUST-LOT-03,W07,-9,-2,1,10,3.25,1.82,2108.33
CLUST-LOT-03,W07,-9,-1,1,10,2.83,1.8,2076.73
CLUST-LOT-03,W07,-9,0,1,10,3.17,1.83,2083.69
CLUST-LOT-03,W07,-9,1,1,10,3.19,1.79,2107.92
CLUST-LOT-03,W07,-9,2,1,10,2.95,1.77,2122.28
CLUST-LOT-03,W07,-9,3,1,10,2.71,1.78,2135.12
CLUST-LOT-03,W07,-9,4,1,10,3.68,1.81,2111.37
CLUST-LOT-03,W07,-9,5,1,10,2.62,1.76,2060.26
CLUST-LOT-03,W07,-9,6,1,11,2.84,1.75,2094.63
CLUST-LOT-03,W07,-9,7,1,10,2.92,1.79,2115.01
CLUST-LOT-03,W07,-9,8,1,10,3.08,1.82,2125.51
CLUST-LOT-03,W07,-9,9,1,10,2.13,1.86,2107.68
CLUST-LOT-03,W07,-9,10,1,10,2.08,1.79,2153.53
CLUST-LOT-03,W07,-9,11,1,10,2.84,1.82,2103.91
CLUST-LOT-03,W07,-9,12,1,10,2.79,1.79,2094.31
CLUST-LOT-03,W07,-9,13,1,10,3.23,1.83,2137.17
CLUST-LOT-03,W07,-9,14,1,10,2.85,1.8,2100.4
CLUST-LOT-03,W07,-9,15,1,10,2.88,1.78,2099.26
CLUST-LOT-03,W07,-9,16,1,10,2.48,1.81,2116.76
CLUST-LOT-03,W07,-9,17,1,10,2.56,1.79,2102.67
CLUST-LOT-03,W07,-8,-17,1,10,2.73,1.86,2085.92
CLUST-LOT-03,W07,-8,-16,1,10,2.65,1.8,2125.81
CLUST-LOT-03,W07,-8,-15,1,10,3.35,1.77,2107.78
CLUST-LOT-03,W07,-8,-14,1,10,2.94,1.77,2088.27
CLUST-LOT-03,W07,-8,-13,1,10,3.17,1.8,2128.32
CLUST-LOT-03,W07,-8,-12,1,10,3.27,1.77,2122.02
CLUST-LOT-03,W07,-8,-11,1,10,2.87,1.77,2105.28
CLUST-LOT-03,W07,-8,-10,1,10,2.68,1.82,2075.79
CLUST-LOT-03,W07,-8,-9,1,10,3.36,1.82,2100.07
CLUST-LOT-03,W07,-8,-8,1,10,2.74,1.75,2087.11
CLUST-LOT-03,W07,-8,-7,1,11,3.46,1.79,2047.59
CLUST-LOT-03,W07,-8,-6,1,10,2.8,1.83,2076.82
CLUST-LOT-03,W07,-8,-5,1,10,3.01,1.82,2105.42
CLUST-LOT-03,W07,-8,-4,1,10,2.9,1.83,2081.45
CLUST-LOT-03,W07,-8,-3,1,10,2.22,1.79,2102.58
CLUST-LOT-03,W07,-8,-2,1,10,2.46,1.84,2124.24
CLUST-LOT-03,W07,-8,-1,1,10,2.89,1.81,2103.9
CLUST-LOT-03,W07,-8,0,1,10,2.97,1.85,2069.29
CLUST-LOT-03,W07,-8,1,1,10,2.28,1.78,2115.64
CLUST-LOT-03,W07,-8,2,1,11,3.04,1.82,2121.71
CLUST-LOT-03,W07,-8,3,1,10,2.59,1.84,2073.17
CLUST-LOT-03,W07,-8,4,1,10,2.71,1.78,2113.41
CLUST-LOT-03,W07,-8,5,1,10,2.76,1.8,2083.81
CLUST-LOT-03,W07,-8,6,1,10,3.37,1.75,2085.98
CLUST-LOT-03,W07,-8,7,1,10,2.93,1.8,2095.55
CLUST-LOT-03,W07,-8,8,1,10,3.11,1.78,2124.5
CLUST-LOT-03,W07,-8,9,1,10,2.58,1.79,2104.7
CLUST-LOT-03,W07,-8,10,1,10,2.45,1.83,2133.93
CLUST-LOT-03,W07,-8,11,1,10,2.72,1.77,2101.11
CLUST-LOT-03,W07,-8,12,1,10,2.02,1.83,2094.54
CLUST-LOT-03,W07,-8,13,1,10,3.4,1.78,2103.42
CLUST-LOT-03,W07,-8,14,1,11,3.08,1.8,2127.07
CLUST-LOT-03,W07,-8,15,1,10,2.89,1.83,2145.01
CLUST-LOT-03,W07,-8,16,1,10,2.44,1.76,2099.23
CLUST-LOT-03,W07,-8,17,1,10,2.7,1.85,2069.97
CLUST-LOT-03,W07,-7,-17,1,10,3.14,1.83,2122.88
CLUST-LOT-03,W07,-7,-16,1,10,2.98,1.8,2072.76
CLUST-LOT-03,W07,-7,-15,1,10,2.91,1.85,2100.39
CLUST-LOT-03,W07,-7,-14,1,10,2.65,1.78,2080.53
CLUST-LOT-03,W07,-7,-13,1,10,2.78,1.83,2136.43
CLUST-LOT-03,W07,-7,-12,1,10,3.58,1.82,2126.46
CLUST-LOT-03,W07,-7,-11,1,10,2.48,1.83,2134.27
CLUST-LOT-03,W07,-7,-10,1,10,2.9,1.81,2084.21
CLUST-LOT-03,W07,-7,-9,1,10,2.38,1.87,2101.28
CLUST-LOT-03,W07,-7,-8,1,10,2.56,1.82,2109.46
CLUST-LOT-03,W07,-7,-7,1,10,2.26,1.79,2069.53
CLUST-LOT-03,W07,-7,-6,3,32,3.17,1.79,2123.95
CLUST-LOT-03,W07,-7,-5,1,10,2.51,1.78,2146.25
CLUST-LOT-03,W07,-7,-4,1,10,2.98,1.8,2086.33
CLUST-LOT-03,W07,-7,-3,1,10,2.75,1.84,2103.49
CLUST-LOT-03,W07,-7,-2,1,10,3.17,1.81,2080.03
CLUST-LOT-03,W07,-7,-1,1,10,2.96,1.79,2081.21
CLUST-LOT-03,W07,-7,0,1,10,3.39,1.81,2101.17
CLUST-LOT-03,W07,-7,1,1,10,3.11,1.83,2084.73
CLUST-LOT-03,W07,-7,2,1,11,2.44,1.79,2052.6
CLUST-LOT-03,W07,-7,3,1,10,2.61,1.83,2104.43
CLUST-LOT-03,W07,-7,4,1,11,2.88,1.8,2111.64
CLUST-LOT-03,W07,-7,5,1,10,2.35,1.77,2143.47
CLUST-LOT-03,W07,-7,6,1,10,3.11,1.79,2063.81
CLUST-LOT-03,W07,-7,7,1,10,3.17,1.74,2088.09
CLUST-LOT-03,W07,-7,8,1,10,2.57,1.83,2080.75
CLUST-LOT-03,W07,-7,9,1,10,3.1,1.82,2105.92
CLUST-LOT-03,W07,-7,10,1,10,2.81,1.8,2106.93
CLUST-LOT-03,W07,-7,11,1,10,3.24,1.74,2063.64
CLUST-LOT-03,W07,-7,12,1,10,2.68,1.77,2070.76
CLUST-LOT-03,W07,-7,13,1,10,3.07,1.76,2130.15
CLUST-LOT-03,W07,-7,14,1,10,2.95,1.8,2112.81
CLUST-LOT-03,W07,-7,15,1,10,2.64,1.84,2119.72
CLUST-LOT-03,W07,-7,16,1,10,2.84,1.8,2101.47
CLUST-LOT-03,W07,-7,17,1,10,2.32,1.83,2083.65
CLUST-LOT-03,W07,-6,-18,1,10,2.1,1.78,2111.82
CLUST-LOT-03,W07,-6,-17,1,10,2.23,1.85,2133.95
CLUST-LOT-03,W07,-6,-16,1,10,2.56,1.81,2108.31
CLUST-LOT-03,W07,-6,-15,1,10,2.88,1.84,2101.1
CLUST-LOT-03,W07,-6,-14,1,11,2.71,1.78,2073.61
CLUST-LOT-03,W07,-6,-13,1,10,2.71,1.79,2112.02
CLUST-LOT-03,W07,-6,-12,1,10,3.17,1.79,2094.45
CLUST-LOT-03,W07,-6,-11,1,10,3.57,1.84,2069.57
CLUST-LOT-03,W07,-6,-10,1,10,3.22,1.79,2095.58
CLUST-LOT-03,W07,-6,-9,1,11,3.01,1.79,2079.48
CLUST-LOT-03,W07,-6,-8,1,10,2.71,1.81,2111.68
CLUST-LOT-03,W07,-6,-7,1,10,3.04,1.82,2112.86
CLUST-LOT-03,W07,-6,-6,1,10,3.17,1.76,2057.17
CLUST-LOT-03,W07,-6,-5,1,10,2.75,1.78,2116.17
CLUST-LOT-03,W07,-6,-4,1,10,2.31,1.78,2082.08
CLUST-LOT-03,W07,-6,-3,1,10,2.21,1.81,2093.73
CLUST-LOT-03,W07,-6,-2,1,10,2.91,1.78,2070.58
CLUST-LOT-03,W07,-6,-1,1,10,2.14,1.81,2135
CLUST-LOT-03,W07,-6,0,1,10,3.31,1.8,2091.19
CLUST-LOT-03,W07,-6,1,1,10,2.67,1.82,2097.81
CLUST-LOT-03,W07,-6,2,1,10,3.3,1.73,2117.19
CLUST-LOT-03,W07,-6,3,1,10,2.61,1.81,2081.48
CLUST-LOT-03,W07,-6,4,1,10,3.24,1.77,2110.67
CLUST-LOT-03,W07,-6,5,1,10,3.06,1.78,2126.79
CLUST-LOT-03,W07,-6,6,1,10,2.9,1.79,2131.07
CLUST-LOT-03,W07,-6,7,1,10,2.89,1.81,2080.04
CLUST-LOT-03,W07,-6,8,1,10,2.42,1.77,2116.9
CLUST-LOT-03,W07,-6,9,1,10,2.4,1.81,2075.55
CLUST-LOT-03,W07,-6,10,1,10,3.05,1.81,2131.09
CLUST-LOT-03,W07,-6,11,1,10,2.53,1.81,2088.91
CLUST-LOT-03,W07,-6,12,1,10,3.06,1.78,2098.12
CLUST-LOT-03,W07,-6,13,1,10,2.67,1.86,2088.71
CLUST-LOT-03,W07,-6,14,1,10,2.38,1.84,2121.32
CLUST-LOT-03,W07,-6,15,1,10,3.24,1.78,2081.24
CLUST-LOT-03,W07,-6,16,1,10,3.52,1.8,2105.65
CLUST-LOT-03,W07,-6,17,1,10,2.72,1.82,2087.54
CLUST-LOT-03,W07,-6,18,1,10,2.83,1.77,2082.73
CLUST-LOT-03,W07,-5,-18,1,10,2.9,1.76,2122.7
CLUST-LOT-03,W07,-5,-17,1,10,2.31,1.82,2094.01
CLUST-LOT-03,W07,-5,-16,1,10,2.96,1.79,2080.52
CLUST-LOT-03,W07,-5,-15,1,10,2.45,1.79,2083.07
CLUST-LOT-03,W07,-5,-14,1,10,2.86,1.81,2077.1
CLUST-LOT-03,W07,-5,-13,1,10,2.41,1.79,2095.52
CLUST-LOT-03,W07,-5,-12,1,10,2.36,1.74,2069.54
CLUST-LOT-03,W07,-5,-11,1,10,2.89,1.79,2091.79
CLUST-LOT-03,W07,-5,-10,1,10,3.21,1.8,2076.27
CLUST-LOT-03,W07,-5,-9,1,10,3.32,1.85,2126.74
CLUST-LOT-03,W07,-5,-8,1,10,2.76,1.78,2083.86
CLUST-LOT-03,W07,-5,-7,1,10,2.88,1.77,2138.52
CLUST-LOT-03,W07,-5,-6,1,10,2.36,1.79,2076.83
CLUST-LOT-03,W07,-5,-5,1,10,3.35,1.84,2079.33
CLUST-LOT-03,W07,-5,-4,1,10,3.33,1.82,2058.54
CLUST-LOT-03,W07,-5,-3,1,10,3.16,1.75,2123.08
CLUST-LOT-03,W07,-5,-2,1,10,2.88,1.76,2116.11
CLUST-LOT-03,W07,-5,-1,1,10,2.45,1.83,2086.48
CLUST-LOT-03,W07,-5,0,1,10,3.22,1.77,2084.59
CLUST-LOT-03,W07,-5,1,1,10,2.64,1.81,2133.91
CLUST-LOT-03,W07,-5,2,1,10,3.04,1.8,2087.84
CLUST-LOT-03,W07,-5,3,1,10,2.97,1.81,2096.82
CLUST-LOT-03,W07,-5,4,1,10,2.88,1.78,2081.89
CLUST-LOT-03,W07,-5,5,1,10,2.65,1.81,2071.53
CLUST-LOT-03,W07,-5,6,1,10,3,1.79,2097.88
CLUST-LOT-03,W07,-5,7,1,10,3.26,1.75,2076.83
CLUST-LOT-03,W07,-5,8,1,10,2.24,1.86,2070.04
CLUST-LOT-03,W07,-5,9,1,10,2.76,1.83,2097.14
CLUST-LOT-03,W07,-5,10,1,10,2.45,1.83,2068.38
CLUST-LOT-03,W07,-5,11,1,10,3.1,1.83,2122.2
CLUST-LOT-03,W07,-5,12,1,10,2.75,1.8,2110.97
CLUST-LOT-03,W07,-5,13,1,10,2.82,1.79,2091.78
CLUST-LOT-03,W07,-5,14,1,10,2.49,1.79,2086.37
CLUST-LOT-03,W07,-5,15,1,10,2.48,1.82,2111.07
CLUST-LOT-03,W07,-5,16,1,10,3.35,1.76,2096.21
CLUST-LOT-03,W07,-5,17,1,10,2.8,1.76,2107.23
CLUST-LOT-03,W07,-5,18,1,10,2.77,1.81,2125.99
CLUST-LOT-03,W07,-4,-18,1,10,2.86,1.82,2119.23
CLUST-LOT-03,W07,-4,-17,1,10,2.77,1.82,2118.94
CLUST-LOT-03,W07,-4,-16,1,10,2.83,1.81,2094.03
CLUST-LOT-03,W07,-4,-15,1,11,2.74,1.8,2086.79
CLUST-LOT-03,W07,-4,-14,1,10,2.77,1.76,2050.24
CLUST-LOT-03,W07,-4,-13,1,10,2.53,1.74,2099.31
CLUST-LOT-03,W07,-4,-12,1,10,3.08,1.81,2110.2
CLUST-LOT-03,W07,-4,-11,1,10,3.03,1.84,2079.76
CLUST-LOT-03,W07,-4,-10,1,10,3.57,1.81,2073.68
CLUST-LOT-03,W07,-4,-9,1,10,2.29,1.81,2081.5
CLUST-LOT-03,W07,-4,-8,1,10,2.94,1.79,2078.89
CLUST-LOT-03,W07,-4,-7,1,10,3,1.77,2102.94
CLUST-LOT-03,W07,-4,-6,1,10,3.37,1.77,2101.7
CLUST-LOT-03,W07,-4,-5,1,10,3.12,1.82,2107.56
CLUST-LOT-03,W07,-4,-4,1,10,3.07,1.8,2079.23
CLUST-LOT-03,W07,-4,-3,1,10,2.38,1.76,2067.76
CLUST-LOT-03,W07,-4,-2,1,10,2.74,1.78,2105.58
CLUST-LOT-03,W07,-4,-1,1,10,2.03,1.79,2107.16
CLUST-LOT-03,W07,-4,0,1,10,2.44,1.8,2092.47
CLUST-LOT-03,W07,-4,1,1,10,3,1.74,2098.64
CLUST-LOT-03,W07,-4,2,1,10,2.73,1.86,2125.61
CLUST-LOT-03,W07,-4,3,1,10,3.46,1.75,2059.55
CLUST-LOT-03,W07,-4,4,1,10,3.21,1.83,2089.77
CLUST-LOT-03,W07,-4,5,1,10,3.16,1.8,2065.8
CLUST-LOT-03,W07,-4,6,1,10,1.99,1.8,2097.73
CLUST-LOT-03,W07,-4,7,1,10,3.14,1.82,2067.49
CLUST-LOT-03,W07,-4,8,1,10,2.27,1.8,2087.67
CLUST-LOT-03,W07,-4,9,1,10,2.33,1.78,2088.78
CLUST-LOT-03,W07,-4,10,1,10,2.94,1.82,2120.38
CLUST-LOT-03,W07,-4,11,1,10,2.58,1.84,2098.06
CLUST-LOT-03,W07,-4,12,1,10,1.87,1.8,2097.92
CLUST-LOT-03,W07,-4,13,1,10,2.22,1.83,2103.87
CLUST-LOT-03,W07,-4,14,1,10,2.94,1.84,2071.97
CLUST-LOT-03,W07,-4,15,1,10,2.01,1.84,2147.77
CLUST-LOT-03,W07,-4,16,1,10,2.73,1.79,2098.62
CLUST-LOT-03,W07,-4,17,1,10,2.89,1.77,2134.26
CLUST-LOT-03,W07,-4,18,1,10,2.79,1.78,2104.94
CLUST-LOT-03,W07,-3,-19,1,10,2.77,1.83,2135.51
CLUST-LOT-03,W07,-3,-18,1,10,2.95,1.82,2100.85
CLUST-LOT-03,W07,-3,-17,1,10,2.74,1.81,2101.64
CLUST-LOT-03,W07,-3,-16,1,10,2.64,1.86,2087.48
CLUST-LOT-03,W07,-3,-15,1,10,3.26,1.79,2082.44
CLUST-LOT-03,W07,-3,-14,1,10,2.9,1.82,2099.07
CLUST-LOT-03,W07,-3,-13,1,10,2.28,1.79,2091.53
CLUST-LOT-03,W07,-3,-12,1,10,3.19,1.83,2126.12
CLUST-LOT-03,W07,-3,-11,1,10,2.97,1.82,2071.7
CLUST-LOT-03,W07,-3,-10,1,10,2.76,1.76,2062.03
CLUST-LOT-03,W07,-3,-9,1,10,3.19,1.84,2139.38
CLUST-LOT-03,W07,-3,-8,1,10,2.59,1.77,2079.03
CLUST-LOT-03,W07,-3,-7,1,10,3.07,1.82,2090
CLUST-LOT-03,W07,-3,-6,1,10,2.88,1.77,2087.31
CLUST-LOT-03,W07,-3,-5,1,10,2.71,1.79,2151.01
CLUST-LOT-03,W07,-3,-4,1,10,2.17,1.73,2092.58
CLUST-LOT-03,W07,-3,-3,1,11,2.89,1.79,2089.74
CLUST-LOT-03,W07,-3,-2,2,23,2.6,1.8,2120.45
CLUST-LOT-03,W07,-3,-1,1,10,3.08,1.85,2148.35
CLUST-LOT-03,W07,-3,0,1,10,2.89,1.77,2093.37
CLUST-LOT-03,W07,-3,1,1,10,2.7,1.85,2100.14
CLUST-LOT-03,W07,-3,2,1,10,2.38,1.83,2099.73
CLUST-LOT-03,W07,-3,3,1,10,2.69,1.8,2102.47
CLUST-LOT-03,W07,-3,4,1,10,2.33,1.8,2082.18
CLUST-LOT-03,W07,-3,5,1,10,3.04,1.83,2114.34
CLUST-LOT-03,W07,-3,6,1,10,3.36,1.81,2091.14
CLUST-LOT-03,W07,-3,7,1,10,2.67,1.79,2115.95
CLUST-LOT-03,W07,-3,8,1,10,2.7,1.8,2112.48
CLUST-LOT-03,W07,-3,9,1,10,2.32,1.79,2080.99
CLUST-LOT-03,W07,-3,10,1,10,3.05,1.84,2096.6
CLUST-LOT-03,W07,-3,11,1,10,2.91,1.82,2089.69
CLUST-LOT-03,W07,-3,12,1,10,3.02,1.83,2063.73
CLUST-LOT-03,W07,-3,13,1,10,2.53,1.78,2111.02
CLUST-LOT-03,W07,-3,14,1,10,2.24,1.8,2138.59
CLUST-LOT-03,W07,-3,15,1,10,2.77,1.84,2083.16
CLUST-LOT-03,W07,-3,16,1,10,3.62,1.83,2065.16
CLUST-LOT-03,W07,-3,17,1,10,2.62,1.81,2113.18
CLUST-LOT-03,W07,-3,18,1,10,2.67,1.77,2096.54
CLUST-LOT-03,W07,-3,19,1,11,2.65,1.85,2117.97
CLUST-LOT-03,W07,-2,-19,1,10,2.23,1.82,2135.83
CLUST-LOT-03,W07,-2,-18,1,10,3.08,1.8,2111.58
CLUST-LOT-03,W07,-2,-17,1,10,2.51,1.82,2135.46
CLUST-LOT-03,W07,-2,-16,1,10,3.21,1.81,2081.99
CLUST-LOT-03,W07,-2,-15,1,10,3.52,1.86,2088.25
CLUST-LOT-03,W07,-2,-14,1,10,2.32,1.77,2113.93
CLUST-LOT-03,W07,-2,-13,1,10,3.01,1.73,2085.02
CLUST-LOT-03,W07,-2,-12,1,10,2.5,1.81,2135.23
CLUST-LOT-03,W07,-2,-11,1,11,3.34,1.78,2138.62
CLUST-LOT-03,W07,-2,-10,1,10,2.14,1.79,2117.77
CLUST-LOT-03,W07,-2,-9,1,10,2.32,1.75,2090.92
CLUST-LOT-03,W07,-2,-8,1,11,2.71,1.78,2087.14
CLUST-LOT-03,W07,-2,-7,1,10,3.38,1.8,2088.46
CLUST-LOT-03,W07,-2,-6,1,10,2.64,1.8,2105.73
CLUST-LOT-03,W07,-2,-5,1,10,3.29,1.83,2079.78
CLUST-LOT-03,W07,-2,-4,1,10,2.5,1.8,2092.37
CLUST-LOT-03,W07,-2,-3,1,10,2.98,1.8,2110.56
CLUST-LOT-03,W07,-2,-2,2,23,2.69,1.79,2105.05
CLUST-LOT-03,W07,-2,-1,2,23,2.75,1.83,2115.54
CLUST-LOT-03,W07,-2,0,1,10,2.19,1.74,2168.84
CLUST-LOT-03,W07,-2,1,2,21,2.69,1.83,2109.03
CLUST-LOT-03,W07,-2,2,1,10,2.55,1.77,2154.45
CLUST-LOT-03,W07,-2,3,1,10,2.61,1.84,2120.21
CLUST-LOT-03,W07,-2,4,1,10,3.24,1.78,2087.27
CLUST-LOT-03,W07,-2,5,1,10,2.9,1.8,2102.05
CLUST-LOT-03,W07,-2,6,1,11,2.74,1.75,2103.69
CLUST-LOT-03,W07,-2,7,1,10,2.21,1.79,2090.18
CLUST-LOT-03,W07,-2,8,1,10,3.08,1.85,2082.9
CLUST-LOT-03,W07,-2,9,1,10,2.47,1.74,2096.23
CLUST-LOT-03,W07,-2,10,1,10,3.03,1.81,2094.3
CLUST-LOT-03,W07,-2,11,1,11,3.43,1.82,2096.53
CLUST-LOT-03,W07,-2,12,1,10,2.71,1.77,2077.44
CLUST-LOT-03,W07,-2,13,1,10,2.71,1.82,2114.06
CLUST-LOT-03,W07,-2,14,1,10,2.57,1.79,2138.5
CLUST-LOT-03,W07,-2,15,1,10,3.47,1.77,2083.21
CLUST-LOT-03,W07,-2,16,1,10,2.65,1.79,2074.8
CLUST-LOT-03,W07,-2,17,1,10,3.35,1.81,2084.31
CLUST-LOT-03,W07,-2,18,1,10,2.19,1.8,2110.79
CLUST-LOT-03,W07,-2,19,1,10,3.19,1.83,2102.45
CLUST-LOT-03,W07,-1,-19,1,10,2.4,1.78,2116.67
CLUST-LOT-03,W07,-1,-18,1,10,2.3,1.83,2110.31
CLUST-LOT-03,W07,-1,-17,1,10,2.87,1.77,2076.13
CLUST-LOT-03,W07,-1,-16,1,10,2.68,1.85,2091.53
CLUST-LOT-03,W07,-1,-15,1,10,3.25,1.81,2105.81
CLUST-LOT-03,W07,-1,-14,1,10,2.61,1.77,2133.28
CLUST-LOT-03,W07,-1,-13,1,10,2.71,1.76,2087.45
CLUST-LOT-03,W07,-1,-12,1,10,3,1.82,2131.83
CLUST-LOT-03,W07,-1,-11,1,10,2.91,1.82,2108.07
CLUST-LOT-03,W07,-1,-10,1,10,2.69,1.84,2059.76
CLUST-LOT-03,W07,-1,-9,1,10,2.52,1.77,2085.42
CLUST-LOT-03,W07,-1,-8,1,10,3,1.78,2072.79
CLUST-LOT-03,W07,-1,-7,1,10,2.83,1.87,2116.65
CLUST-LOT-03,W07,-1,-6,1,10,3.02,1.71,2119.29
CLUST-LOT-03,W07,-1,-5,1,10,2.77,1.75,2109.35
CLUST-LOT-03,W07,-1,-4,2,21,2.75,1.8,2073.33
CLUST-LOT-03,W07,-1,-3,2,23,2.02,1.81,2095.25
CLUST-LOT-03,W07,-1,-2,2,21,2.79,1.81,2089.83
CLUST-LOT-03,W07,-1,-1,2,21,2.62,1.78,2103.73
CLUST-LOT-03,W07,-1,0,1,10,3.36,1.77,2085.39
CLUST-LOT-03,W07,-1,1,1,10,2.46,1.8,2082.76
CLUST-LOT-03,W07,-1,2,1,10,2.33,1.77,2078.16
CLUST-LOT-03,W07,-1,3,1,11,2.42,1.77,2102.43
CLUST-LOT-03,W07,-1,4,1,10,2.66,1.81,2085.34
CLUST-LOT-03,W07,-1,5,1,10,2.47,1.79,2109.13
CLUST-LOT-03,W07,-1,6,1,10,2.69,1.76,2105.45
CLUST-LOT-03,W07,-1,7,1,11,3.42,1.8,2059.88
CLUST-LOT-03,W07,-1,8,1,10,2.63,1.83,2097.85
CLUST-LOT-03,W07,-1,9,1,10,2.87,1.82,2107.83
CLUST-LOT-03,W07,-1,10,1,10,2.75,1.81,2108.57
CLUST-LOT-03,W07,-1,11,1,10,2.73,1.8,2100.99
CLUST-LOT-03,W07,-1,12,1,10,3.25,1.79,2097.93
CLUST-LOT-03,W07,-1,13,1,10,2.23,1.74,2107.84
CLUST-LOT-03,W07,-1,14,1,10,3.01,1.81,2130.4
CLUST-LOT-03,W07,-1,15,1,10,2.98,1.83,2100.97
CLUST-LOT-03,W07,-1,16,1,10,2.4,1.81,2095.97
CLUST-LOT-03,W07,-1,17,1,10,2.22,1.83,2155.03
CLUST-LOT-03,W07,-1,18,1,10,2.37,1.79,2112.34
CLUST-LOT-03,W07,-1,19,1,10,2.49,1.77,2083.19
CLUST-LOT-03,W07,0,-19,1,10,2.46,1.81,2079.12
CLUST-LOT-03,W07,0,-18,1,10,3.17,1.76,2086.78
CLUST-LOT-03,W07,0,-17,1,10,1.93,1.89,2123.62
CLUST-LOT-03,W07,0,-16,1,10,2.53,1.77,2104.21
CLUST-LOT-03,W07,0,-15,1,10,2.57,1.8,2094.16
CLUST-LOT-03,W07,0,-14,1,10,3.35,1.78,2082.34
CLUST-LOT-03,W07,0,-13,1,10,2.51,1.79,2089.26
CLUST-LOT-03,W07,0,-12,1,10,2.95,1.79,2111.35
CLUST-LOT-03,W07,0,-11,1,10,2.69,1.77,2078.38
CLUST-LOT-03,W07,0,-10,1,10,2.65,1.85,2090.81
CLUST-LOT-03,W07,0,-9,1,10,2.08,1.79,2112.48
CLUST-LOT-03,W07,0,-8,1,10,3.3,1.81,2093.6
CLUST-LOT-03,W07,0,-7,1,10,2.9,1.83,2104.27
CLUST-LOT-03,W07,0,-6,1,10,3.27,1.79,2135.89
CLUST-LOT-03,W07,0,-5,1,11,3.11,1.77,2120.38
CLUST-LOT-03,W07,0,-4,1,10,2.42,1.83,2104.54
CLUST-LOT-03,W07,0,-3,2,21,2.96,1.79,2090.84
CLUST-LOT-03,W07,0,-2,2,23,2.23,1.79,2091.05
CLUST-LOT-03,W07,0,-1,2,21,2.83,1.86,2113.25
CLUST-LOT-03,W07,0,0,1,10,2.8,1.81,2076.11
CLUST-LOT-03,W07,0,1,1,11,2.76,1.79,2070.89
CLUST-LOT-03,W07,0,2,2,21,2.14,1.83,2146.24
CLUST-LOT-03,W07,0,3,1,10,2.52,1.78,2067.91
CLUST-LOT-03,W07,0,4,1,11,2.23,1.76,2116.61
CLUST-LOT-03,W07,0,5,1,10,2.65,1.78,2093.76
CLUST-LOT-03,W07,0,6,1,10,2.7,1.84,2109.9
CLUST-LOT-03,W07,0,7,1,10,2.49,1.86,2076.58
CLUST-LOT-03,W07,0,8,1,10,2.9,1.78,2140.04
CLUST-LOT-03,W07,0,9,1,10,2.87,1.81,2078.07
CLUST-LOT-03,W07,0,10,1,10,2.73,1.83,2089.88
CLUST-LOT-03,W07,0,11,1,10,3.21,1.82,2091.84
CLUST-LOT-03,W07,0,12,1,11,2.56,1.84,2098.87
CLUST-LOT-03,W07,0,13,1,10,3.27,1.81,2089.74
CLUST-LOT-03,W07,0,14,1,10,2.8,1.8,2077.55
CLUST-LOT-03,W07,0,15,1,10,2.89,1.72,2130.25
CLUST-LOT-03,W07,0,16,1,10,2.33,1.83,2094.58
CLUST-LOT-03,W07,0,17,2,21,2.74,1.82,2087.19
CLUST-LOT-03,W07,0,18,1,10,2.56,1.86,2074.59
CLUST-LOT-03,W07,0,19,1,10,3.07,1.78,2115.3
CLUST-LOT-03,W07,1,-19,1,10,3.06,1.83,2125.44
CLUST-LOT-03,W07,1,-18,1,10,2.65,1.8,2125.89
CLUST-LOT-03,W07,1,-17,1,10,2.71,1.78,2066.02
CLUST-LOT-03,W07,1,-16,1,10,2.88,1.76,2123.33
CLUST-LOT-03,W07,1,-15,1,10,3.18,1.83,2119.82
CLUST-LOT-03,W07,1,-14,1,10,2.73,1.79,2104.23
CLUST-LOT-03,W07,1,-13,1,10,2.47,1.82,2091.33
CLUST-LOT-03,W07,1,-12,1,10,2.93,1.8,2116.59
CLUST-LOT-03,W07,1,-11,1,10,2.14,1.79,2120.26
CLUST-LOT-03,W07,1,-10,1,10,2.98,1.79,2054.23
CLUST-LOT-03,W07,1,-9,1,11,2.24,1.76,2040.02
CLUST-LOT-03,W07,1,-8,1,10,2.98,1.83,2097.33
CLUST-LOT-03,W07,1,-7,1,11,2.88,1.79,2119.28
CLUST-LOT-03,W07,1,-6,1,10,2.49,1.83,2095.84
CLUST-LOT-03,W07,1,-5,1,10,2.27,1.77,2110.79
CLUST-LOT-03,W07,1,-4,1,10,2.56,1.79,2091.74
CLUST-LOT-03,W07,1,-3,1,10,2.31,1.79,2135.87
CLUST-LOT-03,W07,1,-2,2,21,2.74,1.78,2118.92
CLUST-LOT-03,W07,1,-1,1,10,2.51,1.71,2123.96
CLUST-LOT-03,W07,1,0,1,10,2.18,1.84,2074.59
CLUST-LOT-03,W07,1,1,2,21,2.53,1.81,2117.23
CLUST-LOT-03,W07,1,2,1,10,2.79,1.78,2079.55
CLUST-LOT-03,W07,1,3,1,10,3.02,1.82,2085.07
CLUST-LOT-03,W07,1,4,1,10,2.64,1.87,2145.43
CLUST-LOT-03,W07,1,5,1,10,2.8,1.79,2083.39
CLUST-LOT-03,W07,1,6,1,10,3.12,1.78,2096.49
CLUST-LOT-03,W07,1,7,1,10,3.54,1.79,2092.91
CLUST-LOT-03,W07,1,8,1,11,2.45,1.78,2096.35
CLUST-LOT-03,W07,1,9,1,10,3.09,1.86,2115.06
CLUST-LOT-03,W07,1,10,1,10,3.1,1.81,2109.32
CLUST-LOT-03,W07,1,11,1,10,2.54,1.77,2093.28
CLUST-LOT-03,W07,1,12,1,10,3.3,1.77,2093.37
CLUST-LOT-03,W07,1,13,1,11,2.84,1.81,2097.48
CLUST-LOT-03,W07,1,14,1,10,2.35,1.84,2062.06
CLUST-LOT-03,W07,1,15,1,10,3.41,1.8,2110.41
CLUST-LOT-03,W07,1,16,1,10,2.33,1.8,2116.75
CLUST-LOT-03,W07,1,17,1,10,2.94,1.84,2113.38
CLUST-LOT-03,W07,1,18,1,10,3.14,1.83,2097.85
CLUST-LOT-03,W07,1,19,1,10,2.36,1.83,2087.28
CLUST-LOT-03,W07,2,-19,1,10,2.63,1.79,2131.58
CLUST-LOT-03,W07,2,-18,1,10,2.25,1.83,2079.97
CLUST-LOT-03,W07,2,-17,1,10,2.31,1.77,2096.97
CLUST-LOT-03,W07,2,-16,1,10,3.27,1.81,2091.74
CLUST-LOT-03,W07,2,-15,1,10,2.99,1.8,2094.12
CLUST-LOT-03,W07,2,-14,1,10,2.72,1.81,2066.99
CLUST-LOT-03,W07,2,-13,1,10,2.45,1.79,2108.7
CLUST-LOT-03,W07,2,-12,1,10,2.39,1.81,2078.58
CLUST-LOT-03,W07,2,-11,1,10,2.15,1.83,2091.38
CLUST-LOT-03,W07,2,-10,1,10,2.63,1.81,2065.09
CLUST-LOT-03,W07,2,-9,1,10,3.23,1.85,2108.25
CLUST-LOT-03,W07,2,-8,1,10,3.23,1.78,2084.46
CLUST-LOT-03,W07,2,-7,1,10,2.89,1.74,2085.56
CLUST-LOT-03,W07,2,-6,1,10,2.73,1.8,2120.3
CLUST-LOT-03,W07,2,-5,1,10,3.05,1.81,2103.71
CLUST-LOT-03,W07,2,-4,1,11,2.27,1.82,2124.75
CLUST-LOT-03,W07,2,-3,1,10,2.6,1.82,2082.06
CLUST-LOT-03,W07,2,-2,1,10,3.13,1.79,2121.54
CLUST-LOT-03,W07,2,-1,1,10,2.58,1.8,2111.12
CLUST-LOT-03,W07,2,0,1,10,2.53,1.79,2109.35
CLUST-LOT-03,W07,2,1,3,32,2.4,1.76,2106.76
CLUST-LOT-03,W07,2,2,1,10,2.95,1.77,2109.87
CLUST-LOT-03,W07,2,3,1,10,2.48,1.78,2070.43
CLUST-LOT-03,W07,2,4,1,11,2.38,1.81,2125.67
CLUST-LOT-03,W07,2,5,1,10,2.16,1.79,2092.45
CLUST-LOT-03,W07,2,6,1,10,3.14,1.82,2155.91
CLUST-LOT-03,W07,2,7,1,10,2.74,1.79,2100.52
CLUST-LOT-03,W07,2,8,1,10,2.95,1.79,2124.14
CLUST-LOT-03,W07,2,9,1,10,2.4,1.81,2086.32
CLUST-LOT-03,W07,2,10,1,10,3.05,1.86,2120.73
CLUST-LOT-03,W07,2,11,1,10,3.47,1.79,2113.73
CLUST-LOT-03,W07,2,12,1,10,2.57,1.81,2106.67
CLUST-LOT-03,W07,2,13,1,10,3.26,1.78,2142.84
CLUST-LOT-03,W07,2,14,1,10,2.37,1.82,2092.17
CLUST-LOT-03,W07,2,15,1,10,3.37,1.84,2080.86
CLUST-LOT-03,W07,2,16,1,10,2.65,1.82,2111.56
CLUST-LOT-03,W07,2,17,1,11,2.79,1.76,2075.55
CLUST-LOT-03,W07,2,18,1,10,2.66,1.82,2097.29
CLUST-LOT-03,W07,2,19,1,10,2.69,1.82,2081.25
CLUST-LOT-03,W07,3,-19,1,10,1.64,1.78,2064.69
CLUST-LOT-03,W07,3,-18,1,10,2.76,1.8,2100.97
CLUST-LOT-03,W07,3,-17,1,10,2.31,1.77,2088.4
CLUST-LOT-03,W07,3,-16,1,10,2.36,1.87,2139.41
CLUST-LOT-03,W07,3,-15,1,10,2.52,1.78,2081.53
CLUST-LOT-03,W07,3,-14,1,10,3.27,1.78,2111.56
CLUST-LOT-03,W07,3,-13,1,10,2.69,1.83,2077.57
CLUST-LOT-03,W07,3,-12,1,10,3.47,1.81,2074.57
CLUST-LOT-03,W07,3,-11,1,10,2.41,1.8,2103.33
CLUST-LOT-03,W07,3,-10,1,11,2.99,1.82,2053.8
CLUST-LOT-03,W07,3,-9,1,10,3.61,1.79,2081.94
CLUST-LOT-03,W07,3,-8,1,10,2.32,1.73,2093.07
CLUST-LOT-03,W07,3,-7,1,10,2.92,1.84,2103.67
CLUST-LOT-03,W07,3,-6,1,10,2.67,1.71,2142.33
CLUST-LOT-03,W07,3,-5,1,10,2.69,1.81,2069.22
CLUST-LOT-03,W07,3,-4,1,10,3.14,1.76,2105.74
CLUST-LOT-03,W07,3,-3,1,10,3.02,1.82,2093.8
CLUST-LOT-03,W07,3,-2,1,10,2.97,1.83,2101.57
CLUST-LOT-03,W07,3,-1,1,10,3.12,1.76,2118.65
CLUST-LOT-03,W07,3,0,2,23,2.84,1.85,2090.64
CLUST-LOT-03,W07,3,1,1,10,2.97,1.8,2099.54
CLUST-LOT-03,W07,3,2,1,10,2.58,1.82,2076.41
CLUST-LOT-03,W07,3,3,1,10,3.29,1.79,2094.58
CLUST-LOT-03,W07,3,4,1,10,2.9,1.82,2088.87
CLUST-LOT-03,W07,3,5,1,10,2.59,1.78,2068.17
CLUST-LOT-03,W07,3,6,1,10,2.68,1.78,2064.94
CLUST-LOT-03,W07,3,7,1,10,3.12,1.86,2110.41
CLUST-LOT-03,W07,3,8,1,10,2.48,1.77,2125.35
CLUST-LOT-03,W07,3,9,1,10,3.18,1.79,2100.18
CLUST-LOT-03,W07,3,10,1,10,2.82,1.84,2103.58
CLUST-LOT-03,W07,3,11,1,10,2.86,1.82,2078.49
CLUST-LOT-03,W07,3,12,1,10,2.96,1.77,2103.78
CLUST-LOT-03,W07,3,13,1,10,2.74,1.86,2104.97
CLUST-LOT-03,W07,3,14,1,10,2.95,1.8,2137.84
CLUST-LOT-03,W07,3,15,1,10,2.81,1.81,2108.05
CLUST-LOT-03,W07,3,16,1,10,3.15,1.75,2106.96
CLUST-LOT-03,W07,3,17,1,10,2.11,1.77,2079.65
CLUST-LOT-03,W07,3,18,1,10,2.96,1.82,2108.38
CLUST-LOT-03,W07,3,19,1,10,3.13,1.83,2130.64
CLUST-LOT-03,W07,4,-18,1,10,2.75,1.81,2081.26
CLUST-LOT-03,W07,4,-17,1,10,2.63,1.78,2101.99
CLUST-LOT-03,W07,4,-16,1,10,3.12,1.81,2113.83
CLUST-LOT-03,W07,4,-15,1,10,3.32,1.79,2110.21
CLUST-LOT-03,W07,4,-14,1,10,2.84,1.76,2095.11
CLUST-LOT-03,W07,4,-13,1,10,2.98,1.8,2067.87
CLUST-LOT-03,W07,4,-12,1,10,2.98,1.8,2081.09
CLUST-LOT-03,W07,4,-11,1,10,3.16,1.81,2065.49
CLUST-LOT-03,W07,4,-10,1,10,2.74,1.81,2095.25
CLUST-LOT-03,W07,4,-9,1,10,2.76,1.84,2093.64
CLUST-LOT-03,W07,4,-8,1,10,2.62,1.8,2125.88
CLUST-LOT-03,W07,4,-7,1,10,3,1.82,2105.12
CLUST-LOT-03,W07,4,-6,1,10,2.3,1.82,2122.5
CLUST-LOT-03,W07,4,-5,1,10,3.04,1.78,2090.91
CLUST-LOT-03,W07,4,-4,1,11,2.18,1.84,2082.19
CLUST-LOT-03,W07,4,-3,1,10,2.34,1.77,2095.27
CLUST-LOT-03,W07,4,-2,1,10,2.82,1.85,2101.73
CLUST-LOT-03,W07,4,-1,1,10,2.83,1.83,2085.38
CLUST-LOT-03,W07,4,0,2,21,2.94,1.85,2128.7
CLUST-LOT-03,W07,4,1,1,10,2.27,1.84,2111.9
CLUST-LOT-03,W07,4,2,1,10,2.85,1.79,2113.79
CLUST-LOT-03,W07,4,3,1,10,2.96,1.81,2118.25
CLUST-LOT-03,W07,4,4,1,10,1.92,1.79,2070.26
CLUST-LOT-03,W07,4,5,1,10,3.13,1.82,2102.77
CLUST-LOT-03,W07,4,6,1,10,2.35,1.75,2057.37
CLUST-LOT-03,W07,4,7,1,10,3.21,1.76,2074.98
CLUST-LOT-03,W07,4,8,1,10,3.41,1.8,2096.86
CLUST-LOT-03,W07,4,9,1,10,2.12,1.82,2118.58
CLUST-LOT-03,W07,4,10,1,10,2.42,1.76,2099.19
CLUST-LOT-03,W07,4,11,1,10,2.1,1.77,2140.63
CLUST-LOT-03,W07,4,12,1,10,3.01,1.81,2118
CLUST-LOT-03,W07,4,13,1,10,2.59,1.81,2136.63
CLUST-LOT-03,W07,4,14,1,10,2.79,1.81,2094.34
CLUST-LOT-03,W07,4,15,1,10,2.79,1.78,2139.85
CLUST-LOT-03,W07,4,16,1,10,3.04,1.82,2078.54
CLUST-LOT-03,W07,4,17,1,10,3.23,1.79,2075.55
CLUST-LOT-03,W07,4,18,1,10,3.25,1.76,2094.03
CLUST-LOT-03,W07,5,-18,1,10,3.18,1.8,2100.33
CLUST-LOT-03,W07,5,-17,1,10,2.52,1.86,2101.57
CLUST-LOT-03,W07,5,-16,1,10,3.25,1.8,2121.46
CLUST-LOT-03,W07,5,-15,1,10,2.88,1.84,2093.92
CLUST-LOT-03,W07,5,-14,1,11,3.21,1.79,2098.23
CLUST-LOT-03,W07,5,-13,1,10,3.29,1.77,2103.3
CLUST-LOT-03,W07,5,-12,1,10,2.51,1.82,2097.99
CLUST-LOT-03,W07,5,-11,1,10,2.86,1.8,2129.88
CLUST-LOT-03,W07,5,-10,1,10,2.75,1.78,2054.25
CLUST-LOT-03,W07,5,-9,1,10,2.6,1.77,2117.79
CLUST-LOT-03,W07,5,-8,1,10,2.83,1.8,2111.2
CLUST-LOT-03,W07,5,-7,1,10,2.53,1.86,2077.26
CLUST-LOT-03,W07,5,-6,1,10,2.82,1.82,2103.82
CLUST-LOT-03,W07,5,-5,1,10,2.41,1.79,2097.89
CLUST-LOT-03,W07,5,-4,1,10,3.11,1.83,2104.68
CLUST-LOT-03,W07,5,-3,1,10,2.33,1.85,2106.44
CLUST-LOT-03,W07,5,-2,1,10,2.91,1.81,2083.59
CLUST-LOT-03,W07,5,-1,1,10,2.85,1.81,2094.12
CLUST-LOT-03,W07,5,0,1,10,2.95,1.77,2152.4
CLUST-LOT-03,W07,5,1,1,10,2.6,1.81,2086.55
CLUST-LOT-03,W07,5,2,1,10,2.43,1.76,2055.71
CLUST-LOT-03,W07,5,3,1,10,3.2,1.84,2131.78
CLUST-LOT-03,W07,5,4,1,10,2.75,1.8,2144
CLUST-LOT-03,W07,5,5,1,10,2.13,1.74,2103.22
CLUST-LOT-03,W07,5,6,1,10,3.24,1.89,2106.33
CLUST-LOT-03,W07,5,7,1,10,3.4,1.76,2105.09
CLUST-LOT-03,W07,5,8,1,10,3.15,1.74,2097.72
CLUST-LOT-03,W07,5,9,1,10,2.4,1.82,2072.9
CLUST-LOT-03,W07,5,10,1,10,2.55,1.82,2106.12
CLUST-LOT-03,W07,5,11,1,10,3.04,1.81,2115.59
CLUST-LOT-03,W07,5,12,1,10,2.7,1.83,2109.39
CLUST-LOT-03,W07,5,13,1,10,3.38,1.8,2051.49
CLUST-LOT-03,W07,5,14,1,10,2.89,1.86,2061.97
CLUST-LOT-03,W07,5,15,1,10,2.62,1.83,2061.15
CLUST-LOT-03,W07,5,16,1,10,2.96,1.82,2071.44
CLUST-LOT-03,W07,5,17,1,10,3.03,1.82,2074.49
CLUST-LOT-03,W07,5,18,1,10,2.35,1.81,2105.64
CLUST-LOT-03,W07,6,-18,1,10,2.74,1.81,2065.55
CLUST-LOT-03,W07,6,-17,1,10,2.96,1.81,2119.94
CLUST-LOT-03,W07,6,-16,1,10,2.79,1.81,2109.25
CLUST-LOT-03,W07,6,-15,1,10,2.76,1.78,2093.5
CLUST-LOT-03,W07,6,-14,1,10,2.75,1.83,2080.64
CLUST-LOT-03,W07,6,-13,1,10,2.71,1.79,2093.02
CLUST-LOT-03,W07,6,-12,1,11,2.57,1.8,2093.36
CLUST-LOT-03,W07,6,-11,1,10,2.56,1.77,2085.43
CLUST-LOT-03,W07,6,-10,1,10,2.6,1.84,2058.67
CLUST-LOT-03,W07,6,-9,1,10,3.2,1.75,2099.26
CLUST-LOT-03,W07,6,-8,1,10,2.93,1.83,2103.54
CLUST-LOT-03,W07,6,-7,1,10,2.93,1.79,2100.96
CLUST-LOT-03,W07,6,-6,1,10,3.28,1.78,2102.46
CLUST-LOT-03,W07,6,-5,1,11,2.69,1.76,2101.29
CLUST-LOT-03,W07,6,-4,1,10,2.66,1.85,2118.48
CLUST-LOT-03,W07,6,-3,1,10,3.14,1.8,2103.58
CLUST-LOT-03,W07,6,-2,1,10,3.06,1.76,2105.09
CLUST-LOT-03,W07,6,-1,1,10,3.14,1.8,2090.37
CLUST-LOT-03,W07,6,0,2,23,3.33,1.81,2130.3
CLUST-LOT-03,W07,6,1,1,10,3.1,1.79,2094.8
CLUST-LOT-03,W07,6,2,1,10,2.75,1.78,2114.81
CLUST-LOT-03,W07,6,3,1,10,3.05,1.76,2102.44
CLUST-LOT-03,W07,6,4,1,10,3.23,1.78,2109.92
CLUST-LOT-03,W07,6,5,1,10,2.84,1.78,2102.09
CLUST-LOT-03,W07,6,6,1,10,2.71,1.76,2138.33
CLUST-LOT-03,W07,6,7,1,10,3.2,1.85,2122.99
CLUST-LOT-03,W07,6,8,1,10,2.85,1.8,2108.85
CLUST-LOT-03,W07,6,9,1,10,2.74,1.79,2121.95
CLUST-LOT-03,W07,6,10,1,11,2.51,1.78,2132.16
CLUST-LOT-03,W07,6,11,1,10,2.97,1.79,2099.96
CLUST-LOT-03,W07,6,12,1,10,1.75,1.77,2124.56
CLUST-LOT-03,W07,6,13,1,10,3.11,1.79,2121.98
CLUST-LOT-03,W07,6,14,1,10,2.98,1.8,2122.79
CLUST-LOT-03,W07,6,15,1,10,2.39,1.83,2121.22
CLUST-LOT-03,W07,6,16,1,10,2.58,1.8,2101.66
CLUST-LOT-03,W07,6,17,1,10,3.02,1.75,2115.27
CLUST-LOT-03,W07,6,18,1,10,3.17,1.81,2114.33
CLUST-LOT-03,W07,7,-17,1,10,3.39,1.77,2060.91
CLUST-LOT-03,W07,7,-16,1,10,3.08,1.8,2128.15
CLUST-LOT-03,W07,7,-15,1,10,2.81,1.8,2086.14
CLUST-LOT-03,W07,7,-14,1,10,3.62,1.78,2076.43
CLUST-LOT-03,W07,7,-13,1,10,2.97,1.78,2148.57
CLUST-LOT-03,W07,7,-12,1,10,2.64,1.83,2133.16
CLUST-LOT-03,W07,7,-11,1,10,2.61,1.81,2056.11
CLUST-LOT-03,W07,7,-10,1,10,2.96,1.82,2120.98
CLUST-LOT-03,W07,7,-9,1,10,2.54,1.8,2109.18
CLUST-LOT-03,W07,7,-8,1,10,2.7,1.77,2083.1
CLUST-LOT-03,W07,7,-7,1,10,3.05,1.84,2117.6
CLUST-LOT-03,W07,7,-6,1,10,2.77,1.82,2139.16
CLUST-LOT-03,W07,7,-5,1,10,3.39,1.8,2111.7
CLUST-LOT-03,W07,7,-4,1,10,3.18,1.77,2112.63
CLUST-LOT-03,W07,7,-3,1,10,2.02,1.76,2109.35
CLUST-LOT-03,W07,7,-2,1,10,2.94,1.8,2144.11
CLUST-LOT-03,W07,7,-1,1,10,3.17,1.79,2110.62
CLUST-LOT-03,W07,7,0,1,10,2.91,1.78,2074.03
CLUST-LOT-03,W07,7,1,1,10,2.63,1.77,2090.91
CLUST-LOT-03,W07,7,2,1,10,2.92,1.8,2103.88
CLUST-LOT-03,W07,7,3,1,10,2.89,1.85,2128.5
CLUST-LOT-03,W07,7,4,1,10,2.44,1.83,2081.74
CLUST-LOT-03,W07,7,5,1,10,2.61,1.83,2083.79
CLUST-LOT-03,W07,7,6,1,10,2.37,1.84,2105.89
CLUST-LOT-03,W07,7,7,1,10,2.76,1.8,2062.52
CLUST-LOT-03,W07,7,8,1,10,3.31,1.8,2106.62
CLUST-LOT-03,W07,7,9,1,10,3,1.84,2094.95
CLUST-LOT-03,W07,7,10,1,10,2.54,1.82,2054.22
CLUST-LOT-03,W07,7,11,1,10,2.72,1.76,2102.69
CLUST-LOT-03,W07,7,12,1,10,3.16,1.8,2086.62
CLUST-LOT-03,W07,7,13,1,10,2.7,1.8,2113.32
CLUST-LOT-03,W07,7,14,1,10,2.29,1.81,2119.73
CLUST-LOT-03,W07,7,15,1,10,2.92,1.82,2113.05
CLUST-LOT-03,W07,7,16,1,10,2.79,1.85,2111.41
CLUST-LOT-03,W07,7,17,1,10,3.13,1.8,2125.63
CLUST-LOT-03,W07,8,-17,1,10,3.18,1.81,2098.55
CLUST-LOT-03,W07,8,-16,1,10,2.84,1.78,2106.91
CLUST-LOT-03,W07,8,-15,1,10,2.56,1.78,2087.59
CLUST-LOT-03,W07,8,-14,1,10,3.34,1.8,2079.92
CLUST-LOT-03,W07,8,-13,1,10,2.49,1.77,2125.63
CLUST-LOT-03,W07,8,-12,1,10,3.09,1.76,2105.68
CLUST-LOT-03,W07,8,-11,1,10,2.02,1.8,2104.38
CLUST-LOT-03,W07,8,-10,1,10,3.2,1.79,2112.63
CLUST-LOT-03,W07,8,-9,1,10,3.25,1.75,2074.45
CLUST-LOT-03,W07,8,-8,1,10,2.57,1.79,2142.14
CLUST-LOT-03,W07,8,-7,1,10,3.14,1.78,2097.05
CLUST-LOT-03,W07,8,-6,1,10,2.34,1.8,2114.15
CLUST-LOT-03,W07,8,-5,1,10,2.4,1.86,2133.53
CLUST-LOT-03,W07,8,-4,1,10,1.98,1.82,2068.48
CLUST-LOT-03,W07,8,-3,1,10,3.91,1.74,2068.74
CLUST-LOT-03,W07,8,-2,1,10,3.24,1.8,2115.1
CLUST-LOT-03,W07,8,-1,1,10,2.7,1.84,2082.13
CLUST-LOT-03,W07,8,0,1,10,3.39,1.81,2121.08
CLUST-LOT-03,W07,8,1,1,10,2.96,1.81,2077.7
CLUST-LOT-03,W07,8,2,1,10,3.01,1.83,2119.29
CLUST-LOT-03,W07,8,3,1,10,2.47,1.82,2107.47
CLUST-LOT-03,W07,8,4,1,10,2.78,1.77,2127.42
CLUST-LOT-03,W07,8,5,1,10,2.75,1.79,2098.77
CLUST-LOT-03,W07,8,6,1,10,2.58,1.79,2106.79
CLUST-LOT-03,W07,8,7,1,10,2.61,1.84,2102.67
CLUST-LOT-03,W07,8,8,1,10,3.33,1.77,2104.02
CLUST-LOT-03,W07,8,9,1,10,2.76,1.85,2075.37
CLUST-LOT-03,W07,8,10,1,10,2.46,1.82,2107.19
CLUST-LOT-03,W07,8,11,1,10,2.58,1.76,2103.1
CLUST-LOT-03,W07,8,12,1,10,2.69,1.81,2083
CLUST-LOT-03,W07,8,13,1,10,3.13,1.77,2069.38
CLUST-LOT-03,W07,8,14,1,10,3.24,1.77,2073.35
CLUST-LOT-03,W07,8,15,1,10,2.97,1.79,2075.94
CLUST-LOT-03,W07,8,16,1,11,2.58,1.86,2119.62
CLUST-LOT-03,W07,8,17,1,10,3.17,1.77,2096.25
CLUST-LOT-03,W07,9,-17,1,10,2.5,1.83,2124.44
CLUST-LOT-03,W07,9,-16,1,10,3.26,1.74,2067.11
CLUST-LOT-03,W07,9,-15,1,10,3.15,1.82,2100.87
CLUST-LOT-03,W07,9,-14,1,10,2.97,1.78,2114.69
CLUST-LOT-03,W07,9,-13,1,10,2.86,1.82,2092.44
CLUST-LOT-03,W07,9,-12,1,10,3.23,1.81,2087.55
CLUST-LOT-03,W07,9,-11,1,10,3.16,1.79,2115.34
CLUST-LOT-03,W07,9,-10,1,10,2.98,1.78,2134.05
CLUST-LOT-03,W07,9,-9,1,10,3,1.84,2104.52
CLUST-LOT-03,W07,9,-8,1,10,2.79,1.82,2086.45
CLUST-LOT-03,W07,9,-7,1,10,2.35,1.84,2127.46
CLUST-LOT-03,W07,9,-6,1,10,3.11,1.75,2148.19
CLUST-LOT-03,W07,9,-5,1,11,2.41,1.8,2075.37
CLUST-LOT-03,W07,9,-4,1,10,2.8,1.78,2081.81
CLUST-LOT-03,W07,9,-3,1,10,2.96,1.79,2109.06
CLUST-LOT-03,W07,9,-2,1,10,2.68,1.78,2128.1
CLUST-LOT-03,W07,9,-1,1,10,2.58,1.81,2080.06
CLUST-LOT-03,W07,9,0,1,10,2.66,1.82,2141.6
CLUST-LOT-03,W07,9,1,1,10,3.48,1.8,2115.99
CLUST-LOT-03,W07,9,2,1,10,3.21,1.8,2096.6
CLUST-LOT-03,W07,9,3,1,10,2.94,1.75,2110.81
CLUST-LOT-03,W07,9,4,1,10,2.52,1.8,2099
CLUST-LOT-03,W07,9,5,1,10,2.97,1.82,2081.7
CLUST-LOT-03,W07,9,6,1,10,2.63,1.8,2073.7
CLUST-LOT-03,W07,9,7,1,10,2.29,1.82,2111.46
CLUST-LOT-03,W07,9,8,1,10,2.34,1.79,2091.46
CLUST-LOT-03,W07,9,9,1,10,2.76,1.75,2081.98
CLUST-LOT-03,W07,9,10,1,10,2.59,1.84,2079.57
CLUST-LOT-03,W07,9,11,1,10,3.17,1.84,2086.84
CLUST-LOT-03,W07,9,12,1,10,2.9,1.76,2104.09
CLUST-LOT-03,W07,9,13,1,10,3.71,1.8,2113.14
CLUST-LOT-03,W07,9,14,1,10,2.57,1.79,2080.78
CLUST-LOT-03,W07,9,15,1,10,2.65,1.79,2117.99
CLUST-LOT-03,W07,9,16,1,10,3.03,1.76,2103.37
CLUST-LOT-03,W07,9,17,1,10,2.63,1.78,2117.7
CLUST-LOT-03,W07,10,-16,1,10,3.48,1.82,2109.45
CLUST-LOT-03,W07,10,-15,1,10,3.32,1.8,2121.56
CLUST-LOT-03,W07,10,-14,1,10,2.78,1.82,2116.86
CLUST-LOT-03,W07,10,-13,1,10,2.75,1.85,2115.38
CLUST-LOT-03,W07,10,-12,1,10,3.23,1.81,2154.47
CLUST-LOT-03,W07,10,-11,1,10,3.15,1.79,2138.3
CLUST-LOT-03,W07,10,-10,1,10,1.67,1.85,2052.39
CLUST-LOT-03,W07,10,-9,2,21,2.44,1.76,2114.72
CLUST-LOT-03,W07,10,-8,1,10,2.48,1.8,2083.42
CLUST-LOT-03,W07,10,-7,1,10,3.04,1.78,2105.44
CLUST-LOT-03,W07,10,-6,1,10,2.84,1.84,2105.9
CLUST-LOT-03,W07,10,-5,1,10,2.89,1.81,2077.29
CLUST-LOT-03,W07,10,-4,1,10,3.24,1.77,2104.81
CLUST-LOT-03,W07,10,-3,1,10,2.9,1.73,2104.35
CLUST-LOT-03,W07,10,-2,1,10,3.1,1.81,2092.6
CLUST-LOT-03,W07,10,-1,1,10,2.86,1.78,2166.46
CLUST-LOT-03,W07,10,0,1,10,3.14,1.86,2124.7
CLUST-LOT-03,W07,10,1,1,10,3.63,1.77,2127.1
CLUST-LOT-03,W07,10,2,1,10,2.78,1.82,2109.87
CLUST-LOT-03,W07,10,3,1,10,2.67,1.81,2073.66
CLUST-LOT-03,W07,10,4,1,10,2.24,1.81,2128.54
CLUST-LOT-03,W07,10,5,1,10,2.93,1.84,2122.37
CLUST-LOT-03,W07,10,6,1,10,2.46,1.84,2064.1
CLUST-LOT-03,W07,10,7,1,11,2.84,1.82,2092.85
CLUST-LOT-03,W07,10,8,1,10,3.22,1.81,2086.16
CLUST-LOT-03,W07,10,9,1,10,2.8,1.76,2097.02
CLUST-LOT-03,W07,10,10,1,10,3.29,1.79,2103.83
CLUST-LOT-03,W07,10,11,1,10,3.12,1.82,2125.8
CLUST-LOT-03,W07,10,12,1,10,3.4,1.74,2112.71
CLUST-LOT-03,W07,10,13,1,10,3.06,1.77,2076.52
CLUST-LOT-03,W07,10,14,1,10,2.29,1.81,2117.84
CLUST-LOT-03,W07,10,15,1,10,2.5,1.77,2084.28
CLUST-LOT-03,W07,10,16,1,10,2.81,1.83,2083.84
CLUST-LOT-03,W07,11,-15,1,10,3.28,1.81,2094.26
CLUST-LOT-03,W07,11,-14,1,10,2.74,1.76,2118.26
CLUST-LOT-03,W07,11,-13,1,10,2.83,1.8,2112.4
CLUST-LOT-03,W07,11,-12,1,10,3.04,1.83,2097.84
CLUST-LOT-03,W07,11,-11,1,10,2.62,1.76,2090.89
CLUST-LOT-03,W07,11,-10,1,10,2.74,1.77,2049.1
CLUST-LOT-03,W07,11,-9,1,10,2.95,1.75,2063.08
CLUST-LOT-03,W07,11,-8,1,10,2.44,1.82,2089.52
CLUST-LOT-03,W07,11,-7,1,10,2.96,1.77,2074.49
CLUST-LOT-03,W07,11,-6,1,10,2.72,1.79,2091.81
CLUST-LOT-03,W07,11,-5,1,10,2,1.79,2077.91
CLUST-LOT-03,W07,11,-4,1,10,3.54,1.79,2099.89
CLUST-LOT-03,W07,11,-3,1,10,3.15,1.81,2126.17
CLUST-LOT-03,W07,11,-2,1,10,2.28,1.8,2144.65
CLUST-LOT-03,W07,11,-1,1,10,3.02,1.78,2096.76
CLUST-LOT-03,W07,11,0,1,10,2.37,1.8,2094.6
CLUST-LOT-03,W07,11,1,1,10,2.96,1.79,2120.35
CLUST-LOT-03,W07,11,2,1,10,3.1,1.82,2100
CLUST-LOT-03,W07,11,3,1,10,2.43,1.8,2091.02
CLUST-LOT-03,W07,11,4,1,10,3.33,1.77,2134.54
CLUST-LOT-03,W07,11,5,1,10,2.58,1.8,2124.25
CLUST-LOT-03,W07,11,6,1,10,3.32,1.76,2092.16
CLUST-LOT-03,W07,11,7,1,10,2.94,1.8,2097.89
CLUST-LOT-03,W07,11,8,1,10,3.23,1.76,2125.88
CLUST-LOT-03,W07,11,9,1,10,2.72,1.83,2080.81
CLUST-LOT-03,W07,11,10,1,10,3.53,1.81,2055.71
CLUST-LOT-03,W07,11,11,1,10,2.95,1.82,2075.2
CLUST-LOT-03,W07,11,12,1,10,3,1.78,2098.63
CLUST-LOT-03,W07,11,13,1,10,2.82,1.84,2117.69
CLUST-LOT-03,W07,11,14,1,10,2.61,1.78,2111.73
CLUST-LOT-03,W07,11,15,1,10,3.47,1.82,2113.73
CLUST-LOT-03,W07,12,-15,1,10,2.72,1.82,2087.19
CLUST-LOT-03,W07,12,-14,1,10,2.93,1.81,2089.97
CLUST-LOT-03,W07,12,-13,1,10,2.63,1.81,2114.11
CLUST-LOT-03,W07,12,-12,1,10,2.84,1.79,2125.74
CLUST-LOT-03,W07,12,-11,1,10,3.42,1.84,2100.74
CLUST-LOT-03,W07,12,-10,1,10,2.87,1.78,2060.89
CLUST-LOT-03,W07,12,-9,1,10,3.14,1.8,2105.88
CLUST-LOT-03,W07,12,-8,1,10,2.25,1.79,2145.49
CLUST-LOT-03,W07,12,-7,1,10,2.11,1.79,2097.15
CLUST-LOT-03,W07,12,-6,1,10,2.48,1.82,2089.01
CLUST-LOT-03,W07,12,-5,1,10,2.59,1.83,2056.33
CLUST-LOT-03,W07,12,-4,1,10,2.69,1.74,2082.31
CLUST-LOT-03,W07,12,-3,1,10,2.12,1.83,2089.04
CLUST-LOT-03,W07,12,-2,1,10,2.78,1.83,2137.74
CLUST-LOT-03,W07,12,-1,1,10,2.58,1.76,2089.48
CLUST-LOT-03,W07,12,0,1,10,2.84,1.85,2093.79
CLUST-LOT-03,W07,12,1,1,10,2.31,1.8,2079.79
CLUST-LOT-03,W07,12,2,1,10,2.5,1.79,2103.4
CLUST-LOT-03,W07,12,3,1,11,2.8,1.77,2086.98
CLUST-LOT-03,W07,12,4,1,10,3.51,1.77,2131.15
CLUST-LOT-03,W07,12,5,1,10,2.56,1.81,2118.73
CLUST-LOT-03,W07,12,6,1,10,2.29,1.8,2106.06
CLUST-LOT-03,W07,12,7,1,10,2.77,1.74,2128.61
CLUST-LOT-03,W07,12,8,1,10,2.77,1.78,2069.01
CLUST-LOT-03,W07,12,9,1,10,2.63,1.8,2137.88
CLUST-LOT-03,W07,12,10,1,10,3.28,1.81,2108.45
CLUST-LOT-03,W07,12,11,1,10,3.12,1.79,2125.63
CLUST-LOT-03,W07,12,12,1,10,2.98,1.83,2132.01
CLUST-LOT-03,W07,12,13,1,10,3.24,1.77,2130.72
CLUST-LOT-03,W07,12,14,1,10,2.71,1.76,2107.83
CLUST-LOT-03,W07,12,15,1,10,2.41,1.83,2070.77
CLUST-LOT-03,W07,13,-14,1,10,2.4,1.78,2080.3
CLUST-LOT-03,W07,13,-13,1,10,2.52,1.85,2100.95
CLUST-LOT-03,W07,13,-12,1,10,2.87,1.81,2128.41
CLUST-LOT-03,W07,13,-11,1,10,2.95,1.78,2110.21
CLUST-LOT-03,W07,13,-10,1,10,2.82,1.81,2116.26
CLUST-LOT-03,W07,13,-9,1,10,2.95,1.78,2133.14
CLUST-LOT-03,W07,13,-8,1,10,2.98,1.8,2157.51
CLUST-LOT-03,W07,13,-7,1,10,2.8,1.76,2095.08
CLUST-LOT-03,W07,13,-6,1,11,2.56,1.78,2099.39
CLUST-LOT-03,W07,13,-5,1,10,3.15,1.78,2074.76
CLUST-LOT-03,W07,13,-4,1,10,2.88,1.79,2095.32
CLUST-LOT-03,W07,13,-3,1,10,2.57,1.84,2092.99
CLUST-LOT-03,W07,13,-2,1,10,2.61,1.81,2104.15
CLUST-LOT-03,W07,13,-1,1,10,2.9,1.78,2117.76
CLUST-LOT-03,W07,13,0,1,10,2.87,1.81,2098.66
CLUST-LOT-03,W07,13,1,1,10,3.42,1.8,2080.56
CLUST-LOT-03,W07,13,2,1,10,3.51,1.8,2122.5
CLUST-LOT-03,W07,13,3,1,10,2.92,1.8,2081.81
CLUST-LOT-03,W07,13,4,1,10,2.83,1.81,2130.48
CLUST-LOT-03,W07,13,5,1,10,2.71,1.81,2141.27
CLUST-LOT-03,W07,13,6,1,10,2.71,1.8,2094.31
CLUST-LOT-03,W07,13,7,1,10,2.63,1.78,2108.24
CLUST-LOT-03,W07,13,8,1,10,2.62,1.77,2103.54
CLUST-LOT-03,W07,13,9,1,10,3.19,1.83,2093.41
CLUST-LOT-03,W07,13,10,1,10,2.58,1.8,2125.17
CLUST-LOT-03,W07,13,11,1,10,2.95,1.79,2074.83
CLUST-LOT-03,W07,13,12,1,10,3.06,1.81,2113.2
CLUST-LOT-03,W07,13,13,1,10,2.85,1.81,2094.91
CLUST-LOT-03,W07,13,14,1,10,2.28,1.75,2059.24
CLUST-LOT-03,W07,14,-13,1,10,1.53,1.79,2104.82
CLUST-LOT-03,W07,14,-12,1,10,3.11,1.85,2130.77
CLUST-LOT-03,W07,14,-11,1,10,2.67,1.77,2072.54
CLUST-LOT-03,W07,14,-10,1,10,2.62,1.83,2096.77
CLUST-LOT-03,W07,14,-9,1,10,2.74,1.83,2070.63
CLUST-LOT-03,W07,14,-8,1,10,3.09,1.76,2081.92
CLUST-LOT-03,W07,14,-7,1,10,2.84,1.8,2100.62
CLUST-LOT-03,W07,14,-6,1,10,2.49,1.74,2125.36
CLUST-LOT-03,W07,14,-5,1,10,2.58,1.83,2096.2
CLUST-LOT-03,W07,14,-4,1,10,2.61,1.77,2121.96
CLUST-LOT-03,W07,14,-3,1,10,2.77,1.78,2105.38
CLUST-LOT-03,W07,14,-2,1,10,2.41,1.76,2105.51
CLUST-LOT-03,W07,14,-1,1,10,2.87,1.79,2058.79
CLUST-LOT-03,W07,14,0,1,10,2.42,1.77,2085.73
CLUST-LOT-03,W07,14,1,1,10,3.44,1.77,2051.11
CLUST-LOT-03,W07,14,2,1,10,2.73,1.78,2079.09
CLUST-LOT-03,W07,14,3,1,10,2.74,1.82,2086.97
CLUST-LOT-03,W07,14,4,1,11,2.72,1.86,2136.61
CLUST-LOT-03,W07,14,5,1,10,2.69,1.84,2088.99
CLUST-LOT-03,W07,14,6,1,10,2.68,1.85,2105.91
CLUST-LOT-03,W07,14,7,1,10,3.12,1.82,2162.31
CLUST-LOT-03,W07,14,8,1,10,2.1,1.77,2072.88
CLUST-LOT-03,W07,14,9,1,10,2.77,1.82,2099.64
CLUST-LOT-03,W07,14,10,1,10,2.67,1.83,2108.43
CLUST-LOT-03,W07,14,11,1,10,2.81,1.81,2060.55
CLUST-LOT-03,W07,14,12,1,10,2.63,1.82,2092.61
CLUST-LOT-03,W07,14,13,1,10,2.67,1.82,2080.16
CLUST-LOT-03,W07,15,-12,1,10,2.86,1.74,2059.36
CLUST-LOT-03,W07,15,-11,1,10,2.83,1.86,2122.97
CLUST-LOT-03,W07,15,-10,1,10,3.23,1.78,2057.78
CLUST-LOT-03,W07,15,-9,1,10,2.65,1.82,2108.38
CLUST-LOT-03,W07,15,-8,1,10,2.54,1.76,2107.87
CLUST-LOT-03,W07,15,-7,1,10,2.38,1.85,2103.11
CLUST-LOT-03,W07,15,-6,1,10,2.71,1.88,2095.81
CLUST-LOT-03,W07,15,-5,1,10,2.83,1.74,2085.44
CLUST-LOT-03,W07,15,-4,1,10,3.33,1.82,2071.67
CLUST-LOT-03,W07,15,-3,1,10,2.5,1.8,2120.28
CLUST-LOT-03,W07,15,-2,1,10,3.11,1.79,2087.51
CLUST-LOT-03,W07,15,-1,1,10,3.15,1.83,2115.18
CLUST-LOT-03,W07,15,0,1,10,2.42,1.83,2073.37
CLUST-LOT-03,W07,15,1,1,10,2.45,1.77,2124.47
CLUST-LOT-03,W07,15,2,1,10,2.76,1.8,2085.31
CLUST-LOT-03,W07,15,3,1,10,2.89,1.82,2067.49
CLUST-LOT-03,W07,15,4,1,10,2.59,1.81,2105.84
CLUST-LOT-03,W07,15,5,1,10,2.71,1.77,2093.82
CLUST-LOT-03,W07,15,6,1,10,2.81,1.77,2091.68
CLUST-LOT-03,W07,15,7,1,10,2.74,1.83,2144.55
CLUST-LOT-03,W07,15,8,1,10,3,1.79,2117.41
CLUST-LOT-03,W07,15,9,1,10,3.27,1.82,2135.14
CLUST-LOT-03,W07,15,10,1,10,2.99,1.83,2121.51
CLUST-LOT-03,W07,15,11,1,10,3.07,1.72,2106.67
CLUST-LOT-03,W07,15,12,1,10,3.57,1.76,2084.7
CLUST-LOT-03,W07,16,-10,1,10,2.72,1.84,2091.78
CLUST-LOT-03,W07,16,-9,1,11,2.68,1.77,2086.3
CLUST-LOT-03,W07,16,-8,1,11,3.09,1.81,2131.86
CLUST-LOT-03,W07,16,-7,1,10,2.77,1.84,2118.17
CLUST-LOT-03,W07,16,-6,1,10,2.72,1.79,2084.65
CLUST-LOT-03,W07,16,-5,1,10,2.94,1.83,2059.27
CLUST-LOT-03,W07,16,-4,1,10,3.63,1.76,2107.83
CLUST-LOT-03,W07,16,-3,1,10,3.03,1.83,2121.15
CLUST-LOT-03,W07,16,-2,1,10,2.91,1.79,2116.91
CLUST-LOT-03,W07,16,-1,1,10,2.04,1.88,2065.37
CLUST-LOT-03,W07,16,0,1,10,2.8,1.83,2111.37
CLUST-LOT-03,W07,16,1,1,10,3.06,1.78,2082.86
CLUST-LOT-03,W07,16,2,1,10,2.25,1.76,2079.34
CLUST-LOT-03,W07,16,3,1,10,2.93,1.76,2108.07
CLUST-LOT-03,W07,16,4,1,10,3.11,1.75,2104.92
CLUST-LOT-03,W07,16,5,1,10,3.14,1.84,2107.05
CLUST-LOT-03,W07,16,6,1,10,2.68,1.78,2077.87
CLUST-LOT-03,W07,16,7,1,10,3.12,1.76,2110.26
CLUST-LOT-03,W07,16,8,1,10,2.5,1.79,2111.78
CLUST-LOT-03,W07,16,9,1,10,2.64,1.77,2095.53
CLUST-LOT-03,W07,16,10,1,10,2.7,1.81,2106.57
CLUST-LOT-03,W07,17,-9,1,11,2.21,1.76,2095.9
CLUST-LOT-03,W07,17,-8,1,10,3.09,1.82,2100.04
CLUST-LOT-03,W07,17,-7,1,10,2.93,1.8,2096.93
CLUST-LOT-03,W07,17,-6,1,10,2.52,1.84,2092.25
CLUST-LOT-03,W07,17,-5,1,10,3.41,1.74,2094.86
CLUST-LOT-03,W07,17,-4,1,10,2.68,1.79,2066.31
CLUST-LOT-03,W07,17,-3,1,10,2.95,1.79,2056.44
CLUST-LOT-03,W07,17,-2,1,10,3.37,1.82,2103.05
CLUST-LOT-03,W07,17,-1,1,10,2.8,1.8,2101.5
CLUST-LOT-03,W07,17,0,1,10,3.24,1.76,2114.78
CLUST-LOT-03,W07,17,1,1,10,3.19,1.77,2109.71
CLUST-LOT-03,W07,17,2,2,23,3.06,1.84,2118.91
CLUST-LOT-03,W07,17,3,1,10,3.03,1.78,2110.26
CLUST-LOT-03,W07,17,4,1,10,2.67,1.83,2091.16
CLUST-LOT-03,W07,17,5,1,10,2.03,1.78,2082.15
CLUST-LOT-03,W07,17,6,1,10,3.29,1.84,2108.56
CLUST-LOT-03,W07,17,7,1,10,2.54,1.76,2085.08
CLUST-LOT-03,W07,17,8,1,10,2.95,1.8,2076.86
CLUST-LOT-03,W07,17,9,1,10,3.05,1.76,2120.88
CLUST-LOT-03,W07,18,-6,1,10,3.74,1.83,2108.9
CLUST-LOT-03,W07,18,-5,1,10,2.69,1.83,2178.44
CLUST-LOT-03,W07,18,-4,1,10,2.72,1.79,2112.21
CLUST-LOT-03,W07,18,-3,1,10,2.3,1.78,2106.68
CLUST-LOT-03,W07,18,-2,1,10,2.57,1.79,2093.26
CLUST-LOT-03,W07,18,-1,1,11,2.36,1.81,2100.98
CLUST-LOT-03,W07,18,0,1,10,3.07,1.8,2097.52
CLUST-LOT-03,W07,18,1,1,10,2.51,1.83,2051.96
CLUST-LOT-03,W07,18,2,1,10,3.17,1.79,2101.01
CLUST-LOT-03,W07,18,3,1,10,2.56,1.88,2107.3
CLUST-LOT-03,W07,18,4,1,10,2.83,1.79,2112.64
CLUST-LOT-03,W07,18,5,1,10,3.01,1.78,2112.71
CLUST-LOT-03,W07,18,6,1,10,2.86,1.77,2103.77
CLUST-LOT-03,W07,19,-3,1,10,2.38,1.85,2114.63
CLUST-LOT-03,W07,19,-2,1,10,2.12,1.79,2118.95
CLUST-LOT-03,W07,19,-1,1,10,2.89,1.79,2093.84
CLUST-LOT-03,W07,19,0,1,10,2.78,1.78,2076.18
CLUST-LOT-03,W07,19,1,1,10,2.58,1.8,2091.16
CLUST-LOT-03,W07,19,2,1,10,2.56,1.8,2075.06
CLUST-LOT-03,W07,19,3,1,10,2.56,1.85,2093.78
