lot,wafer,x,y,hbin,sbin,leakage,voltage,frequency
EDGE-LOT-01,W01,-19,-3,3,31,4.3,1.63,2067.66
EDGE-LOT-01,W01,-19,-2,2,21,4.99,1.65,2038.72
EDGE-LOT-01,W01,-19,-1,2,21,6.12,1.74,2049.1
EDGE-LOT-01,W01,-19,0,1,10,3.03,1.75,2051.76
EDGE-LOT-01,W01,-19,1,3,31,3.92,1.72,2017.87
EDGE-LOT-01,W01,-19,2,3,31,5.39,1.74,2034.71
EDGE-LOT-01,W01,-19,3,2,22,5.6,1.64,2010.96
EDGE-LOT-01,W01,-18,-6,1,11,3.01,1.71,2020.06
EDGE-LOT-01,W01,-18,-5,2,21,4.29,1.78,2013.85
EDGE-LOT-01,W01,-18,-4,1,10,3.95,1.76,2013.37
EDGE-LOT-01,W01,-18,-3,1,10,5.49,1.76,2019.51
EDGE-LOT-01,W01,-18,-2,1,10,3.32,1.75,2126.24
EDGE-LOT-01,W01,-18,-1,1,10,2.87,1.79,2064.11
EDGE-LOT-01,W01,-18,0,1,10,2.85,1.77,2045.28
EDGE-LOT-01,W01,-18,1,1,10,2.76,1.68,2081.42
EDGE-LOT-01,W01,-18,2,1,10,3.04,1.8,2087.36
EDGE-LOT-01,W01,-18,3,2,21,3.93,1.73,2075.74
EDGE-LOT-01,W01,-18,4,1,10,3.51,1.69,2019.26
EDGE-LOT-01,W01,-18,5,2,22,3.18,1.74,2047.86
EDGE-LOT-01,W01,-18,6,3,31,5.04,1.74,2017.65
EDGE-LOT-01,W01,-17,-9,1,11,4.65,1.7,2014.7
EDGE-LOT-01,W01,-17,-8,1,10,4.39,1.67,2079.69
EDGE-LOT-01,W01,-17,-7,2,21,4.14,1.75,2035.04
EDGE-LOT-01,W01,-17,-6,1,10,4.21,1.76,2068.93
EDGE-LOT-01,W01,-17,-5,1,10,2.69,1.73,2072.13
EDGE-LOT-01,W01,-17,-4,1,10,2.97,1.77,2131.58
EDGE-LOT-01,W01,-17,-3,1,10,2.83,1.77,2057.76
EDGE-LOT-01,W01,-17,-2,1,10,2.6,1.68,2063.75
EDGE-LOT-01,W01,-17,-1,1,10,3.19,1.87,2112.88
EDGE-LOT-01,W01,-17,0,1,10,2.2,1.83,2089.44
EDGE-LOT-01,W01,-17,1,1,10,2.88,1.72,2101.19
EDGE-LOT-01,W01,-17,2,1,11,3.37,1.74,2101.67
EDGE-LOT-01,W01,-17,3,1,11,2.77,1.84,2056.18
EDGE-LOT-01,W01,-17,4,1,11,3.66,1.83,2043.04
EDGE-LOT-01,W01,-17,5,3,31,2.87,1.78,2081.44
EDGE-LOT-01,W01,-17,6,1,10,4.16,1.73,2123.39
EDGE-LOT-01,W01,-17,7,1,10,4.6,1.7,2031.53
EDGE-LOT-01,W01,-17,8,1,10,4.79,1.66,1995.89
EDGE-LOT-01,W01,-17,9,1,10,3.71,1.69,2015.06
EDGE-LOT-01,W01,-16,-10,1,10,4.35,1.69,2055.52
EDGE-LOT-01,W01,-16,-9,1,10,4.53,1.79,2020.37
EDGE-LOT-01,W01,-16,-8,1,10,3.1,1.76,2129.14
EDGE-LOT-01,W01,-16,-7,1,10,2.94,1.85,2124.21
EDGE-LOT-01,W01,-16,-6,1,10,2.31,1.86,2053.88
EDGE-LOT-01,W01,-16,-5,1,10,2.67,1.74,2101.4
EDGE-LOT-01,W01,-16,-4,1,10,2.91,1.75,2047.24
EDGE-LOT-01,W01,-16,-3,1,10,2.6,1.72,2117.52
EDGE-LOT-01,W01,-16,-2,1,10,2.41,1.79,2062.48
EDGE-LOT-01,W01,-16,-1,1,10,2.18,1.76,2075.16
EDGE-LOT-01,W01,-16,0,1,10,2.47,1.76,2126
EDGE-LOT-01,W01,-16,1,1,10,2.22,1.8,2085.82
EDGE-LOT-01,W01,-16,2,1,10,2.74,1.8,2110.72
EDGE-LOT-01,W01,-16,3,1,10,2.54,1.82,2138.56
EDGE-LOT-01,W01,-16,4,1,10,3.12,1.82,2095.53
EDGE-LOT-01,W01,-16,5,1,10,1.73,1.79,2081.83
EDGE-LOT-01,W01,-16,6,1,10,2.14,1.79,2123.56
EDGE-LOT-01,W01,-16,7,1,10,2.91,1.78,2084.37
EDGE-LOT-01,W01,-16,8,1,10,3.01,1.81,2081.81
EDGE-LOT-01,W01,-16,9,1,10,3.68,1.7,2001.79
EDGE-LOT-01,W01,-16,10,2,22,4.88,1.66,2009.12
EDGE-LOT-01,W01,-15,-12,1,10,4.77,1.72,2026.56
EDGE-LOT-01,W01,-15,-11,1,10,2.89,1.71,2026.44
EDGE-LOT-01,W01,-15,-10,1,10,3.92,1.66,2043.01
EDGE-LOT-01,W01,-15,-9,1,10,2.39,1.8,2054.46
EDGE-LOT-01,W01,-15,-8,1,10,1.59,1.9,2139.84
EDGE-LOT-01,W01,-15,-7,1,10,2.65,1.83,2045.54
EDGE-LOT-01,W01,-15,-6,1,10,2.87,1.84,2100.35
EDGE-LOT-01,W01,-15,-5,1,10,2.83,1.78,2067.99
EDGE-LOT-01,W01,-15,-4,1,10,2.78,1.75,2100.5
EDGE-LOT-01,W01,-15,-3,1,10,2.63,1.75,2115.9
EDGE-LOT-01,W01,-15,-2,1,10,2.04,1.83,2054.62
EDGE-LOT-01,W01,-15,-1,1,10,2.77,1.79,2103.64
EDGE-LOT-01,W01,-15,0,1,10,2.22,1.76,2086.64
EDGE-LOT-01,W01,-15,1,1,10,2.47,1.77,2092.68
EDGE-LOT-01,W01,-15,2,1,10,2.24,1.77,2138.14
EDGE-LOT-01,W01,-15,3,1,10,2.66,1.81,2063.72
EDGE-LOT-01,W01,-15,4,1,10,2.16,1.75,2119.64
EDGE-LOT-01,W01,-15,5,1,11,2.29,1.78,2056.83
EDGE-LOT-01,W01,-15,6,1,10,3.01,1.79,2133.58
EDGE-LOT-01,W01,-15,7,1,10,2.86,1.84,2065.99
EDGE-LOT-01,W01,-15,8,1,10,3.26,1.79,2065.39
EDGE-LOT-01,W01,-15,9,1,10,2.69,1.8,2085.46
EDGE-LOT-01,W01,-15,10,1,11,2.82,1.75,2054.07
EDGE-LOT-01,W01,-15,11,2,22,2.73,1.74,1997.32
EDGE-LOT-01,W01,-15,12,1,11,4.16,1.7,1949.41
EDGE-LOT-01,W01,-14,-13,2,21,4.94,1.6,2023.74
EDGE-LOT-01,W01,-14,-12,1,10,3.89,1.71,1995.26
EDGE-LOT-01,W01,-14,-11,1,10,3.57,1.72,2041.38
EDGE-LOT-01,W01,-14,-10,1,10,2.97,1.79,2065.08
EDGE-LOT-01,W01,-14,-9,1,10,1.37,1.82,2152.95
EDGE-LOT-01,W01,-14,-8,1,11,2.37,1.78,2100.34
EDGE-LOT-01,W01,-14,-7,1,10,2.72,1.82,2101.65
EDGE-LOT-01,W01,-14,-6,1,10,2.34,1.78,2151.8
EDGE-LOT-01,W01,-14,-5,1,10,2.72,1.77,2087.45
EDGE-LOT-01,W01,-14,-4,1,10,2.33,1.9,2134.07
EDGE-LOT-01,W01,-14,-3,1,10,2.57,1.82,2077.45
EDGE-LOT-01,W01,-14,-2,1,10,2.35,1.82,2130.7
EDGE-LOT-01,W01,-14,-1,1,10,2.11,1.9,2111.88
EDGE-LOT-01,W01,-14,0,1,10,2.24,1.8,2125.33
EDGE-LOT-01,W01,-14,1,1,11,2.3,1.79,2080.77
EDGE-LOT-01,W01,-14,2,1,10,2.55,1.81,2135.04
EDGE-LOT-01,W01,-14,3,1,10,2.68,1.84,2088
EDGE-LOT-01,W01,-14,4,1,10,1.95,1.8,2123.53
EDGE-LOT-01,W01,-14,5,1,10,3.1,1.75,2054.56
EDGE-LOT-01,W01,-14,6,1,10,2.41,1.76,2089.78
EDGE-LOT-01,W01,-14,7,1,10,2.49,1.84,2064.77
EDGE-LOT-01,W01,-14,8,1,10,2.8,1.79,2062.71
EDGE-LOT-01,W01,-14,9,1,10,2.66,1.82,2110.3
EDGE-LOT-01,W01,-14,10,1,10,2.52,1.79,2049.83
EDGE-LOT-01,W01,-14,11,1,10,2.82,1.79,2064.77
EDGE-LOT-01,W01,-14,12,1,10,4.14,1.66,2054.41
EDGE-LOT-01,W01,-14,13,3,31,4.86,1.72,2000.37
EDGE-LOT-01,W01,-13,-14,1,10,4.18,1.7,2020.73
EDGE-LOT-01,W01,-13,-13,1,10,5.19,1.79,2077.56
EDGE-LOT-01,W01,-13,-12,1,10,3.94,1.73,2045.14
EDGE-LOT-01,W01,-13,-11,1,10,2.22,1.91,2075.82
EDGE-LOT-01,W01,-13,-10,1,10,2.16,1.73,2135.86
EDGE-LOT-01,W01,-13,-9,1,10,2.58,1.76,2086.74
EDGE-LOT-01,W01,-13,-8,1,10,2.83,1.83,2061.2
EDGE-LOT-01,W01,-13,-7,1,10,2.63,1.86,2115.37
EDGE-LOT-01,W01,-13,-6,1,10,1.69,1.84,2131.75
EDGE-LOT-01,W01,-13,-5,1,10,2.93,1.82,2101.14
EDGE-LOT-01,W01,-13,-4,1,10,3.33,1.76,2119.06
EDGE-LOT-01,W01,-13,-3,1,10,3.69,1.74,2063.5
EDGE-LOT-01,W01,-13,-2,1,10,1.79,1.81,2140.89
EDGE-LOT-01,W01,-13,-1,1,10,2.65,1.79,2069.38
EDGE-LOT-01,W01,-13,0,1,10,2.35,1.78,2084.48
EDGE-LOT-01,W01,-13,1,1,10,2.86,1.8,2120.24
EDGE-LOT-01,W01,-13,2,1,10,1.99,1.76,2094.33
EDGE-LOT-01,W01,-13,3,1,10,2.85,1.77,2058.9
EDGE-LOT-01,W01,-13,4,1,10,2.39,1.83,2067.52
EDGE-LOT-01,W01,-13,5,1,10,2.33,1.73,2164.2
EDGE-LOT-01,W01,-13,6,1,10,2.06,1.83,2087.95
EDGE-LOT-01,W01,-13,7,1,10,3.1,1.83,2082.5
EDGE-LOT-01,W01,-13,8,1,10,2.43,1.82,2109.16
EDGE-LOT-01,W01,-13,9,1,10,1.9,1.75,2084.4
EDGE-LOT-01,W01,-13,10,1,10,2.68,1.78,2099.39
EDGE-LOT-01,W01,-13,11,1,10,2.13,1.78,2096.47
EDGE-LOT-01,W01,-13,12,2,21,3.11,1.78,2062.94
EDGE-LOT-01,W01,-13,13,1,10,4.29,1.76,2057.34
EDGE-LOT-01,W01,-13,14,3,31,5.83,1.72,2001
EDGE-LOT-01,W01,-12,-15,1,10,4.54,1.73,2000.64
EDGE-LOT-01,W01,-12,-14,1,10,5.11,1.76,2036.24
EDGE-LOT-01,W01,-12,-13,1,10,3.45,1.75,2055.84
EDGE-LOT-01,W01,-12,-12,1,10,2.58,1.82,2115.14
EDGE-LOT-01,W01,-12,-11,1,10,3.33,1.77,2139.32
EDGE-LOT-01,W01,-12,-10,1,10,2.2,1.74,2079.1
EDGE-LOT-01,W01,-12,-9,1,10,1.97,1.77,2080.17
EDGE-LOT-01,W01,-12,-8,1,10,2.3,1.75,2080.06
EDGE-LOT-01,W01,-12,-7,1,10,2.29,1.88,2003.46
EDGE-LOT-01,W01,-12,-6,1,10,2.08,1.84,2120.49
EDGE-LOT-01,W01,-12,-5,1,10,1.85,1.82,2080.68
EDGE-LOT-01,W01,-12,-4,1,10,2.69,1.85,2057.31
EDGE-LOT-01,W01,-12,-3,1,10,2.74,1.81,2129.86
EDGE-LOT-01,W01,-12,-2,1,10,1.68,1.79,2093.49
EDGE-LOT-01,W01,-12,-1,1,10,2.19,1.72,2133.25
EDGE-LOT-01,W01,-12,0,1,10,2.62,1.77,2084.68
EDGE-LOT-01,W01,-12,1,1,10,3.35,1.84,2136.65
EDGE-LOT-01,W01,-12,2,1,10,2.95,1.76,2086.79
EDGE-LOT-01,W01,-12,3,1,10,2.12,1.76,2086.75
EDGE-LOT-01,W01,-12,4,1,11,3.46,1.86,2111.84
EDGE-LOT-01,W01,-12,5,1,10,2.67,1.77,2071.48
EDGE-LOT-01,W01,-12,6,1,10,2.97,1.8,2093.56
EDGE-LOT-01,W01,-12,7,1,10,2.34,1.79,2056.97
EDGE-LOT-01,W01,-12,8,1,10,2.09,1.8,2060.09
EDGE-LOT-01,W01,-12,9,1,10,2.53,1.76,2091.57
EDGE-LOT-01,W01,-12,10,1,10,2.73,1.82,2096.92
EDGE-LOT-01,W01,-12,11,1,10,2.78,1.77,2140.08
EDGE-LOT-01,W01,-12,12,1,10,1.89,1.77,2083.74
EDGE-LOT-01,W01,-12,13,1,10,3.46,1.72,2043.14
EDGE-LOT-01,W01,-12,14,1,10,4.32,1.64,2055.32
EDGE-LOT-01,W01,-12,15,2,21,4.74,1.7,2028.58
EDGE-LOT-01,W01,-11,-15,2,22,3.96,1.75,2032.1
EDGE-LOT-01,W01,-11,-14,1,10,3.15,1.76,2087.55
EDGE-LOT-01,W01,-11,-13,1,11,2.63,1.81,2060.2
EDGE-LOT-01,W01,-11,-12,1,10,2.85,1.82,2125.02
EDGE-LOT-01,W01,-11,-11,1,10,3.04,1.78,2058.43
EDGE-LOT-01,W01,-11,-10,1,10,2.26,1.8,2058.44
EDGE-LOT-01,W01,-11,-9,1,10,1.94,1.81,2112.67
EDGE-LOT-01,W01,-11,-8,1,11,2.38,1.76,2074.58
EDGE-LOT-01,W01,-11,-7,1,10,2.88,1.79,2071.59
EDGE-LOT-01,W01,-11,-6,1,10,2.2,1.82,2099.2
EDGE-LOT-01,W01,-11,-5,1,10,2.93,1.81,2066.98
EDGE-LOT-01,W01,-11,-4,1,10,2.43,1.85,2075.96
EDGE-LOT-01,W01,-11,-3,1,10,2.33,1.83,2083.72
EDGE-LOT-01,W01,-11,-2,1,10,2.46,1.75,2124.97
EDGE-LOT-01,W01,-11,-1,1,10,1.64,1.88,2111.56
EDGE-LOT-01,W01,-11,0,1,10,3.28,1.81,2144.54
EDGE-LOT-01,W01,-11,1,1,10,2.62,1.83,2081.32
EDGE-LOT-01,W01,-11,2,1,10,1.93,1.77,2084.31
EDGE-LOT-01,W01,-11,3,1,10,1.7,1.82,2132.52
EDGE-LOT-01,W01,-11,4,2,22,2.66,1.85,2095.43
EDGE-LOT-01,W01,-11,5,1,10,2.58,1.84,2118.78
EDGE-LOT-01,W01,-11,6,1,10,2.59,1.82,2130.41
EDGE-LOT-01,W01,-11,7,1,11,2.41,1.79,2098.69
EDGE-LOT-01,W01,-11,8,1,10,2.73,1.76,2124.45
EDGE-LOT-01,W01,-11,9,1,10,2.7,1.83,2109.23
EDGE-LOT-01,W01,-11,10,1,11,2.98,1.73,2052.24
EDGE-LOT-01,W01,-11,11,1,10,3.13,1.8,2089.27
EDGE-LOT-01,W01,-11,12,1,10,2.1,1.81,2092.35
EDGE-LOT-01,W01,-11,13,1,10,2.12,1.83,2118.84
EDGE-LOT-01,W01,-11,14,1,10,3.96,1.76,2058.43
EDGE-LOT-01,W01,-11,15,1,11,4.64,1.74,2045.02
EDGE-LOT-01,W01,-10,-16,1,10,4.13,1.68,2043.13
EDGE-LOT-01,W01,-10,-15,1,10,4.1,1.7,2031.74
EDGE-LOT-01,W01,-10,-14,1,10,3.43,1.74,2066.78
EDGE-LOT-01,W01,-10,-13,1,10,2.92,1.77,2077.21
EDGE-LOT-01,W01,-10,-12,1,10,2.11,1.8,2087.69
EDGE-LOT-01,W01,-10,-11,1,10,2.4,1.77,2078.65
EDGE-LOT-01,W01,-10,-10,1,10,2.62,1.8,2088.13
EDGE-LOT-01,W01,-10,-9,1,10,2.44,1.77,2105.7
EDGE-LOT-01,W01,-10,-8,1,10,2.38,1.81,2072.64
EDGE-LOT-01,W01,-10,-7,1,10,1.73,1.77,2100.43
EDGE-LOT-01,W01,-10,-6,1,10,2.36,1.82,2120.56
EDGE-LOT-01,W01,-10,-5,1,10,1.87,1.77,2146.69
EDGE-LOT-01,W01,-10,-4,1,10,1.66,1.85,2092.03
EDGE-LOT-01,W01,-10,-3,1,10,2.27,1.82,2095.5
EDGE-LOT-01,W01,-10,-2,1,11,2.02,1.76,2099.04
EDGE-LOT-01,W01,-10,-1,1,10,2.84,1.72,2091.51
EDGE-LOT-01,W01,-10,0,1,10,3.05,1.78,2172.7
EDGE-LOT-01,W01,-10,1,1,10,2.62,1.83,2108.3
EDGE-LOT-01,W01,-10,2,1,10,2.08,1.79,2130.03
EDGE-LOT-01,W01,-10,3,1,10,2.57,1.83,2110.22
EDGE-LOT-01,W01,-10,4,1,11,2.21,1.87,2087.95
EDGE-LOT-01,W01,-10,5,3,31,3.05,1.74,2051.37
EDGE-LOT-01,W01,-10,6,1,10,2.71,1.81,2031.41
EDGE-LOT-01,W01,-10,7,1,10,2.76,1.8,2112.57
EDGE-LOT-01,W01,-10,8,1,10,2.91,1.76,2119.89
EDGE-LOT-01,W01,-10,9,1,10,1.96,1.76,2118.24
EDGE-LOT-01,W01,-10,10,1,10,2.08,1.82,2084.38
EDGE-LOT-01,W01,-10,11,1,10,2.3,1.8,2087.43
EDGE-LOT-01,W01,-10,12,1,10,3.36,1.84,2135.12
EDGE-LOT-01,W01,-10,13,1,11,2.73,1.88,2099.1
EDGE-LOT-01,W01,-10,14,1,10,3.3,1.77,2084.08
EDGE-LOT-01,W01,-10,15,1,10,3.1,1.75,2035.18
EDGE-LOT-01,W01,-10,16,3,31,4.38,1.67,2042.76
EDGE-LOT-01,W01,-9,-17,2,22,4.8,1.7,1981.98
EDGE-LOT-01,W01,-9,-16,1,10,4.19,1.77,2020.89
EDGE-LOT-01,W01,-9,-15,1,10,3.16,1.73,2106.1
EDGE-LOT-01,W01,-9,-14,1,10,2.46,1.74,2135.4
EDGE-LOT-01,W01,-9,-13,1,10,2.55,1.78,2088.25
EDGE-LOT-01,W01,-9,-12,1,10,2.64,1.85,2056.42
EDGE-LOT-01,W01,-9,-11,1,10,2.92,1.78,2105.59
EDGE-LOT-01,W01,-9,-10,1,10,2.41,1.8,2108.81
EDGE-LOT-01,W01,-9,-9,1,10,2.5,1.81,2091.23
EDGE-LOT-01,W01,-9,-8,1,10,2.12,1.82,2125.28
EDGE-LOT-01,W01,-9,-7,1,10,2.91,1.8,2097.41
EDGE-LOT-01,W01,-9,-6,1,10,3.43,1.8,2168.21
EDGE-LOT-01,W01,-9,-5,1,10,3.04,1.86,2139.55
EDGE-LOT-01,W01,-9,-4,1,10,2.03,1.75,2080.38
EDGE-LOT-01,W01,-9,-3,1,10,2.69,1.86,2073.91
EDGE-LOT-01,W01,-9,-2,1,10,2.28,1.78,2085.66
EDGE-LOT-01,W01,-9,-1,1,10,2.46,1.78,2113.93
EDGE-LOT-01,W01,-9,0,1,10,1.99,1.84,2122.53
EDGE-LOT-01,W01,-9,1,1,10,2.74,1.77,2046.19
EDGE-LOT-01,W01,-9,2,1,10,2.23,1.76,2115.73
EDGE-LOT-01,W01,-9,3,1,10,2.47,1.75,2089.39
EDGE-LOT-01,W01,-9,4,1,10,2.05,1.76,2093.43
EDGE-LOT-01,W01,-9,5,1,10,2.63,1.81,2128.78
EDGE-LOT-01,W01,-9,6,1,10,2.18,1.8,2069.33
EDGE-LOT-01,W01,-9,7,1,10,2.98,1.79,2163.44
EDGE-LOT-01,W01,-9,8,1,10,2.45,1.77,2097.5
EDGE-LOT-01,W01,-9,9,1,10,2.58,1.8,2142.46
EDGE-LOT-01,W01,-9,10,1,10,2.71,1.8,2098.26
EDGE-LOT-01,W01,-9,11,1,10,2.15,1.82,2097.54
EDGE-LOT-01,W01,-9,12,1,10,2.24,1.77,2151.56
EDGE-LOT-01,W01,-9,13,1,10,2.51,1.79,2149.31
EDGE-LOT-01,W01,-9,14,1,10,2.2,1.72,2119.05
EDGE-LOT-01,W01,-9,15,1,10,2.62,1.79,2025.47
EDGE-LOT-01,W01,-9,16,1,10,3.02,1.74,2034.76
EDGE-LOT-01,W01,-9,17,1,10,4.03,1.67,1946.34
EDGE-LOT-01,W01,-8,-17,2,21,3.5,1.71,2011.63
EDGE-LOT-01,W01,-8,-16,1,10,3.67,1.76,2088.48
EDGE-LOT-01,W01,-8,-15,1,10,2.63,1.91,2114.85
EDGE-LOT-01,W01,-8,-14,1,10,3.11,1.81,2103.92
EDGE-LOT-01,W01,-8,-13,1,10,2.96,1.77,2088.05
EDGE-LOT-01,W01,-8,-12,1,10,2.36,1.85,2102.44
EDGE-LOT-01,W01,-8,-11,1,10,3.37,1.75,2099.85
EDGE-LOT-01,W01,-8,-10,1,10,2.53,1.78,2090.88
EDGE-LOT-01,W01,-8,-9,1,10,1.98,1.82,2115.84
EDGE-LOT-01,W01,-8,-8,1,10,2.5,1.77,2113.97
EDGE-LOT-01,W01,-8,-7,1,10,2.54,1.76,2065.14
EDGE-LOT-01,W01,-8,-6,1,10,2.25,1.85,2096.42
EDGE-LOT-01,W01,-8,-5,1,10,2.3,1.81,2107.47
EDGE-LOT-01,W01,-8,-4,1,10,2.43,1.82,2067.54
EDGE-LOT-01,W01,-8,-3,1,10,2.36,1.76,2124.47
EDGE-LOT-01,W01,-8,-2,1,10,3.17,1.74,2082.23
EDGE-LOT-01,W01,-8,-1,1,10,2.62,1.73,2031.4
EDGE-LOT-01,W01,-8,0,1,10,2.68,1.78,2056.98
EDGE-LOT-01,W01,-8,1,1,10,2.37,1.91,2150.84
EDGE-LOT-01,W01,-8,2,1,10,2.75,1.82,2117.54
EDGE-LOT-01,W01,-8,3,1,10,2.91,1.86,2100.37
EDGE-LOT-01,W01,-8,4,1,10,2.44,1.83,2099.25
EDGE-LOT-01,W01,-8,5,1,10,2.32,1.78,2077.72
EDGE-LOT-01,W01,-8,6,1,10,2.81,1.81,2126.96
EDGE-LOT-01,W01,-8,7,1,10,2.57,1.86,2059.27
EDGE-LOT-01,W01,-8,8,1,10,2.57,1.82,2060.59
EDGE-LOT-01,W01,-8,9,1,10,2.47,1.8,2119.21
EDGE-LOT-01,W01,-8,10,1,10,2.56,1.81,2121.21
EDGE-LOT-01,W01,-8,11,1,10,2.55,1.79,2114.81
EDGE-LOT-01,W01,-8,12,1,11,2.22,1.79,2102.92
EDGE-LOT-01,W01,-8,13,1,10,1.2,1.75,2061.63
EDGE-LOT-01,W01,-8,14,1,10,2.05,1.78,2110.65
EDGE-LOT-01,W01,-8,15,1,10,2.41,1.84,2085.58
EDGE-LOT-01,W01,-8,16,1,10,3.52,1.79,2080.43
EDGE-LOT-01,W01,-8,17,2,21,3.76,1.69,2054.8
EDGE-LOT-01,W01,-7,-17,1,10,4.67,1.75,2085.86
EDGE-LOT-01,W01,-7,-16,1,10,2.59,1.79,2097.01
EDGE-LOT-01,W01,-7,-15,1,10,2.93,1.76,2122.86
EDGE-LOT-01,W01,-7,-14,1,10,2.83,1.77,2091.38
EDGE-LOT-01,W01,-7,-13,1,10,2.65,1.88,2018.21
EDGE-LOT-01,W01,-7,-12,1,10,3.05,1.83,2146.57
EDGE-LOT-01,W01,-7,-11,1,10,2.16,1.84,2076.35
EDGE-LOT-01,W01,-7,-10,1,10,2.52,1.82,2091.45
EDGE-LOT-01,W01,-7,-9,1,10,1.92,1.81,2088.91
EDGE-LOT-01,W01,-7,-8,1,10,2.44,1.76,2099.37
EDGE-LOT-01,W01,-7,-7,1,10,1.32,1.83,2082.99
EDGE-LOT-01,W01,-7,-6,1,10,2.14,1.85,2110.85
EDGE-LOT-01,W01,-7,-5,1,10,2.27,1.77,2068.84
EDGE-LOT-01,W01,-7,-4,1,10,2.54,1.82,2122.58
EDGE-LOT-01,W01,-7,-3,1,10,2.44,1.75,2145.09
EDGE-LOT-01,W01,-7,-2,1,10,3,1.73,2095.61
EDGE-LOT-01,W01,-7,-1,1,10,2.52,1.84,2119.3
EDGE-LOT-01,W01,-7,0,1,11,1.89,1.8,2101.07
EDGE-LOT-01,W01,-7,1,1,10,2.79,1.75,2099.47
EDGE-LOT-01,W01,-7,2,1,10,2.01,1.85,2143.93
EDGE-LOT-01,W01,-7,3,1,10,2.78,1.86,2120.96
EDGE-LOT-01,W01,-7,4,1,10,2.31,1.88,2136.81
EDGE-LOT-01,W01,-7,5,1,10,2.91,1.76,2105.53
EDGE-LOT-01,W01,-7,6,1,10,2.23,1.78,2065.73
EDGE-LOT-01,W01,-7,7,1,10,2.38,1.83,2122.53
EDGE-LOT-01,W01,-7,8,1,10,1.99,1.88,2109.62
EDGE-LOT-01,W01,-7,9,1,10,2.14,1.81,2117.56
EDGE-LOT-01,W01,-7,10,1,10,3.19,1.79,2111.38
EDGE-LOT-01,W01,-7,11,1,10,2.89,1.79,2051.45
EDGE-LOT-01,W01,-7,12,1,11,2.26,1.84,2112.53
EDGE-LOT-01,W01,-7,13,1,10,2.17,1.8,2155.33
EDGE-LOT-01,W01,-7,14,1,10,2.95,1.8,2113.78
EDGE-LOT-01,W01,-7,15,1,10,2.16,1.81,2095.29
EDGE-LOT-01,W01,-7,16,1,10,3.01,1.83,2080.39
EDGE-LOT-01,W01,-7,17,1,10,4.59,1.7,2007.72
EDGE-LOT-01,W01,-6,-18,2,21,4.05,1.69,2023.56
EDGE-LOT-01,W01,-6,-17,1,10,2.77,1.73,2077.63
EDGE-LOT-01,W01,-6,-16,1,10,1.57,1.75,2106.59
EDGE-LOT-01,W01,-6,-15,1,10,2.5,1.81,2060.79
EDGE-LOT-01,W01,-6,-14,1,10,2.27,1.81,2080.97
EDGE-LOT-01,W01,-6,-13,1,11,2.16,1.78,2072.06
EDGE-LOT-01,W01,-6,-12,1,10,2.56,1.84,2140.54
EDGE-LOT-01,W01,-6,-11,1,10,3.45,1.78,2084.57
EDGE-LOT-01,W01,-6,-10,1,10,3.16,1.77,2112.22
EDGE-LOT-01,W01,-6,-9,1,10,2.27,1.77,2100.91
EDGE-LOT-01,W01,-6,-8,1,11,2.44,1.88,2175.95
EDGE-LOT-01,W01,-6,-7,1,10,1.38,1.8,2090.08
EDGE-LOT-01,W01,-6,-6,1,10,2.88,1.79,2101.26
EDGE-LOT-01,W01,-6,-5,1,10,2.49,1.78,2145.58
EDGE-LOT-01,W01,-6,-4,1,10,1.84,1.78,2077.37
EDGE-LOT-01,W01,-6,-3,1,10,2.96,1.81,2115.69
EDGE-LOT-01,W01,-6,-2,1,10,2.77,1.83,2100.06
EDGE-LOT-01,W01,-6,-1,1,10,1.76,1.82,2091.05
EDGE-LOT-01,W01,-6,0,1,10,2.78,1.85,2075.76
EDGE-LOT-01,W01,-6,1,1,10,2.44,1.84,2081.43
EDGE-LOT-01,W01,-6,2,1,10,1.69,1.82,2118.98
EDGE-LOT-01,W01,-6,3,1,11,2.69,1.78,2083.06
EDGE-LOT-01,W01,-6,4,1,10,2.47,1.81,2122.03
EDGE-LOT-01,W01,-6,5,1,10,2.22,1.79,2057.42
EDGE-LOT-01,W01,-6,6,1,10,2.96,1.74,2098.33
EDGE-LOT-01,W01,-6,7,1,11,2.28,1.85,2124.24
EDGE-LOT-01,W01,-6,8,1,10,2.74,1.91,2121.02
EDGE-LOT-01,W01,-6,9,1,10,3.46,1.75,2101.68
EDGE-LOT-01,W01,-6,10,1,10,2.22,1.81,2148.92
EDGE-LOT-01,W01,-6,11,1,11,2.66,1.81,2115.22
EDGE-LOT-01,W01,-6,12,1,10,2.12,1.82,2104.04
EDGE-LOT-01,W01,-6,13,1,10,1.69,1.74,2178.01
EDGE-LOT-01,W01,-6,14,1,10,2.76,1.83,2139.56
EDGE-LOT-01,W01,-6,15,1,10,3.35,1.77,2107.98
EDGE-LOT-01,W01,-6,16,1,10,2.34,1.75,2082.89
EDGE-LOT-01,W01,-6,17,1,11,3.53,1.73,2068.45
EDGE-LOT-01,W01,-6,18,3,31,4.07,1.68,2056.15
EDGE-LOT-01,W01,-5,-18,1,10,3.62,1.75,2037.73
EDGE-LOT-01,W01,-5,-17,1,10,2.71,1.7,2121.24
EDGE-LOT-01,W01,-5,-16,1,11,2.53,1.82,2126.71
EDGE-LOT-01,W01,-5,-15,1,10,2.21,1.76,2118.07
EDGE-LOT-01,W01,-5,-14,1,10,2.37,1.84,2101.09
EDGE-LOT-01,W01,-5,-13,1,10,1.99,1.79,2120.15
EDGE-LOT-01,W01,-5,-12,1,10,3.29,1.78,2080.03
EDGE-LOT-01,W01,-5,-11,1,10,3.35,1.79,2138.88
EDGE-LOT-01,W01,-5,-10,1,10,2.97,1.79,2065.93
EDGE-LOT-01,W01,-5,-9,1,10,1.99,1.82,2051.01
EDGE-LOT-01,W01,-5,-8,1,10,2.38,1.81,2113.86
EDGE-LOT-01,W01,-5,-7,1,10,2.61,1.83,2069.84
EDGE-LOT-01,W01,-5,-6,1,10,2.43,1.79,2124.48
EDGE-LOT-01,W01,-5,-5,1,10,2.52,1.8,2112.14
EDGE-LOT-01,W01,-5,-4,1,10,2.42,1.77,2099.62
EDGE-LOT-01,W01,-5,-3,1,10,2.2,1.77,2069.55
EDGE-LOT-01,W01,-5,-2,1,10,1.24,1.79,2069.22
EDGE-LOT-01,W01,-5,-1,1,10,2.73,1.75,2060.43
EDGE-LOT-01,W01,-5,0,1,10,2.52,1.76,2147.64
EDGE-LOT-01,W01,-5,1,1,10,2.59,1.75,2100.69
EDGE-LOT-01,W01,-5,2,1,10,1.84,1.79,2122.68
EDGE-LOT-01,W01,-5,3,1,10,2.91,1.83,2054.26
EDGE-LOT-01,W01,-5,4,1,10,1.86,1.76,2098.35
EDGE-LOT-01,W01,-5,5,1,10,2.25,1.78,2100.58
EDGE-LOT-01,W01,-5,6,1,10,2.53,1.86,2076.27
EDGE-LOT-01,W01,-5,7,1,10,1.95,1.83,2072.05
EDGE-LOT-01,W01,-5,8,1,10,2.48,1.81,2131.91
EDGE-LOT-01,W01,-5,9,1,10,2.42,1.81,2054.86
EDGE-LOT-01,W01,-5,10,1,10,2.78,1.76,2120.22
EDGE-LOT-01,W01,-5,11,1,10,2.43,1.76,2089.43
EDGE-LOT-01,W01,-5,12,1,10,1.88,1.84,2148.49
EDGE-LOT-01,W01,-5,13,1,10,2.79,1.75,2121.99
EDGE-LOT-01,W01,-5,14,1,11,2.21,1.84,2129.55
EDGE-LOT-01,W01,-5,15,1,11,2.55,1.77,2087.1
EDGE-LOT-01,W01,-5,16,1,10,2.61,1.82,2105.57
EDGE-LOT-01,W01,-5,17,1,10,3.83,1.78,2073.75
EDGE-LOT-01,W01,-5,18,1,10,3.98,1.77,2037.31
EDGE-LOT-01,W01,-4,-18,1,10,3.94,1.72,2032.41
EDGE-LOT-01,W01,-4,-17,1,10,2.57,1.85,2076.61
EDGE-LOT-01,W01,-4,-16,1,10,2.68,1.8,2129.08
EDGE-LOT-01,W01,-4,-15,1,10,3.12,1.79,2098.18
EDGE-LOT-01,W01,-4,-14,1,10,3.06,1.8,2117.34
EDGE-LOT-01,W01,-4,-13,1,10,2.47,1.81,2097.11
EDGE-LOT-01,W01,-4,-12,1,10,2.71,1.81,2124.34
EDGE-LOT-01,W01,-4,-11,1,10,2.66,1.81,2074.66
EDGE-LOT-01,W01,-4,-10,1,10,2.56,1.77,2178.95
EDGE-LOT-01,W01,-4,-9,1,10,2.02,1.79,2100.42
EDGE-LOT-01,W01,-4,-8,1,10,2.33,1.81,2103.16
EDGE-LOT-01,W01,-4,-7,1,10,2.43,1.78,2108.95
EDGE-LOT-01,W01,-4,-6,1,10,2.26,1.78,2124.33
EDGE-LOT-01,W01,-4,-5,1,10,3.08,1.8,2097.4
EDGE-LOT-01,W01,-4,-4,1,10,2.95,1.82,2144.86
EDGE-LOT-01,W01,-4,-3,1,10,2.89,1.81,2133.71
EDGE-LOT-01,W01,-4,-2,1,10,2.37,1.81,2091.37
EDGE-LOT-01,W01,-4,-1,1,10,2.33,1.79,2151.13
EDGE-LOT-01,W01,-4,0,1,10,3.1,1.79,2109.3
EDGE-LOT-01,W01,-4,1,1,10,2.51,1.84,2135.09
EDGE-LOT-01,W01,-4,2,1,10,2.25,1.79,2095.7
EDGE-LOT-01,W01,-4,3,1,11,2.7,1.8,2070.08
EDGE-LOT-01,W01,-4,4,1,10,1.82,1.8,2054.96
EDGE-LOT-01,W01,-4,5,1,10,2.6,1.76,2110.23
EDGE-LOT-01,W01,-4,6,1,10,2.22,1.77,2080.76
EDGE-LOT-01,W01,-4,7,1,10,2.37,1.8,2103.88
EDGE-LOT-01,W01,-4,8,1,10,1.91,1.88,2103.8
EDGE-LOT-01,W01,-4,9,1,10,2.69,1.77,2040.91
EDGE-LOT-01,W01,-4,10,1,10,2.52,1.83,2121.98
EDGE-LOT-01,W01,-4,11,1,10,3.33,1.86,2085.32
EDGE-LOT-01,W01,-4,12,1,11,2.45,1.8,2076.73
EDGE-LOT-01,W01,-4,13,1,10,2.51,1.84,2097.27
EDGE-LOT-01,W01,-4,14,1,10,2.7,1.8,2096.67
EDGE-LOT-01,W01,-4,15,1,10,2.3,1.82,2091.53
EDGE-LOT-01,W01,-4,16,1,10,2.31,1.78,2045.58
EDGE-LOT-01,W01,-4,17,1,10,3.45,1.71,2092.57
EDGE-LOT-01,W01,-4,18,1,10,4.44,1.79,2065.97
EDGE-LOT-01,W01,-3,-19,2,22,3.65,1.71,2024.06
EDGE-LOT-01,W01,-3,-18,1,10,4.32,1.73,2025.52
EDGE-LOT-01,W01,-3,-17,1,10,2.98,1.82,2122.7
EDGE-LOT-01,W01,-3,-16,1,10,2.26,1.81,2078.49
EDGE-LOT-01,W01,-3,-15,1,10,2.58,1.8,2053.74
EDGE-LOT-01,W01,-3,-14,1,10,2.45,1.82,2144
EDGE-LOT-01,W01,-3,-13,1,10,1.82,1.86,2125.85
EDGE-LOT-01,W01,-3,-12,1,11,2.6,1.83,2093.34
EDGE-LOT-01,W01,-3,-11,1,10,2.33,1.8,2092.75
EDGE-LOT-01,W01,-3,-10,1,10,2,1.77,2098.48
EDGE-LOT-01,W01,-3,-9,1,10,2.94,1.8,2113.77
EDGE-LOT-01,W01,-3,-8,1,10,2.51,1.81,2099.17
EDGE-LOT-01,W01,-3,-7,1,10,2.59,1.74,2106.16
EDGE-LOT-01,W01,-3,-6,1,10,2.11,1.81,2061.62
EDGE-LOT-01,W01,-3,-5,1,10,2.37,1.67,2073.27
EDGE-LOT-01,W01,-3,-4,1,10,2.47,1.81,2132.73
EDGE-LOT-01,W01,-3,-3,1,10,2.34,1.75,2058.08
EDGE-LOT-01,W01,-3,-2,1,10,2.64,1.77,2133.96
EDGE-LOT-01,W01,-3,-1,1,10,2.08,1.79,2097.39
EDGE-LOT-01,W01,-3,0,1,11,2.47,1.75,2075.36
EDGE-LOT-01,W01,-3,1,1,10,2.79,1.76,2130.29
EDGE-LOT-01,W01,-3,2,1,10,2.76,1.86,2067.44
EDGE-LOT-01,W01,-3,3,1,10,2.01,1.85,2066.07
EDGE-LOT-01,W01,-3,4,1,10,2.42,1.77,2130.42
EDGE-LOT-01,W01,-3,5,1,10,2.8,1.74,2147.84
EDGE-LOT-01,W01,-3,6,1,10,2.7,1.75,2064.52
EDGE-LOT-01,W01,-3,7,1,10,3.3,1.77,2096.11
EDGE-LOT-01,W01,-3,8,1,10,2.1,1.75,2034.18
EDGE-LOT-01,W01,-3,9,1,10,2.78,1.83,2058.44
EDGE-LOT-01,W01,-3,10,1,10,2.64,1.81,2095.15
EDGE-LOT-01,W01,-3,11,1,10,2.54,1.88,2018.83
EDGE-LOT-01,W01,-3,12,1,10,2.13,1.85,2109.73
EDGE-LOT-01,W01,-3,13,1,10,2.63,1.79,2121.51
EDGE-LOT-01,W01,-3,14,1,10,2.45,1.84,2059.63
EDGE-LOT-01,W01,-3,15,1,10,2.11,1.83,2092.94
EDGE-LOT-01,W01,-3,16,1,10,2.38,1.79,2054.27
EDGE-LOT-01,W01,-3,17,2,21,2.57,1.77,2114.38
EDGE-LOT-01,W01,-3,18,3,31,3.49,1.82,2066.07
EDGE-LOT-01,W01,-3,19,1,10,5,1.6,2041.29
EDGE-LOT-01,W01,-2,-19,2,22,4.28,1.72,2010.61
EDGE-LOT-01,W01,-2,-18,1,10,3.85,1.77,2070.04
EDGE-LOT-01,W01,-2,-17,1,10,3.21,1.82,2064.29
EDGE-LOT-01,W01,-2,-16,1,10,3.33,1.82,2122.72
EDGE-LOT-01,W01,-2,-15,1,10,1.73,1.78,2117.51
EDGE-LOT-01,W01,-2,-14,3,31,2.98,1.75,2149.89
EDGE-LOT-01,W01,-2,-13,1,10,1.89,1.86,2123.32
EDGE-LOT-01,W01,-2,-12,1,10,2.56,1.82,2065.59
EDGE-LOT-01,W01,-2,-11,1,10,2.95,1.84,2117.21
EDGE-LOT-01,W01,-2,-10,1,10,2.87,1.81,2069.13
EDGE-LOT-01,W01,-2,-9,1,11,1.93,1.82,2095.58
EDGE-LOT-01,W01,-2,-8,1,11,2.34,1.79,2093.54
EDGE-LOT-01,W01,-2,-7,1,10,2.34,1.83,2019.59
EDGE-LOT-01,W01,-2,-6,1,10,1.99,1.8,2143.33
EDGE-LOT-01,W01,-2,-5,1,10,2.67,1.77,2070.93
EDGE-LOT-01,W01,-2,-4,1,10,2.8,1.73,2139.1
EDGE-LOT-01,W01,-2,-3,1,10,2.63,1.79,2095.39
EDGE-LOT-01,W01,-2,-2,1,10,2.74,1.89,2142.82
EDGE-LOT-01,W01,-2,-1,1,10,2.44,1.84,2082.11
EDGE-LOT-01,W01,-2,0,1,10,1.79,1.81,2051.28
EDGE-LOT-01,W01,-2,1,1,10,2.49,1.78,2143.58
EDGE-LOT-01,W01,-2,2,1,10,2.54,1.85,2106.77
EDGE-LOT-01,W01,-2,3,1,10,2.71,1.79,2123.34
EDGE-LOT-01,W01,-2,4,1,10,1.73,1.85,2085.35
EDGE-LOT-01,W01,-2,5,1,10,2.19,1.75,2162.97
EDGE-LOT-01,W01,-2,6,1,10,2.37,1.81,2089.64
EDGE-LOT-01,W01,-2,7,1,10,2.87,1.9,2031.4
EDGE-LOT-01,W01,-2,8,1,10,2.16,1.81,2045.22
EDGE-LOT-01,W01,-2,9,1,10,2.56,1.82,2113
EDGE-LOT-01,W01,-2,10,1,10,2.75,1.92,2073.19
EDGE-LOT-01,W01,-2,11,1,10,2.75,1.84,2166.63
EDGE-LOT-01,W01,-2,12,1,10,2.33,1.8,2052.27
EDGE-LOT-01,W01,-2,13,1,10,2.6,1.78,2044.5
EDGE-LOT-01,W01,-2,14,1,10,2.96,1.84,2118.78
EDGE-LOT-01,W01,-2,15,1,10,2.39,1.83,2120.47
EDGE-LOT-01,W01,-2,16,1,10,2.35,1.9,2129.94
EDGE-LOT-01,W01,-2,17,1,10,2.72,1.85,2103.97
EDGE-LOT-01,W01,-2,18,1,10,4.77,1.73,2056.18
EDGE-LOT-01,W01,-2,19,1,10,5.08,1.66,2043.86
EDGE-LOT-01,W01,-1,-19,3,31,4.22,1.65,2013.92
EDGE-LOT-01,W01,-1,-18,1,10,3.85,1.78,2030.46
EDGE-LOT-01,W01,-1,-17,1,10,3.05,1.79,2104.61
EDGE-LOT-01,W01,-1,-16,1,10,1.64,1.82,2048.04
EDGE-LOT-01,W01,-1,-15,1,10,2.36,1.8,2058.99
EDGE-LOT-01,W01,-1,-14,1,11,2.75,1.79,2134.51
EDGE-LOT-01,W01,-1,-13,1,10,2.59,1.75,2073.59
EDGE-LOT-01,W01,-1,-12,1,10,3.01,1.78,2109.54
EDGE-LOT-01,W01,-1,-11,1,10,2.59,1.8,2061.26
EDGE-LOT-01,W01,-1,-10,1,10,2.73,1.81,2077.21
EDGE-LOT-01,W01,-1,-9,1,11,2.89,1.83,2059.17
EDGE-LOT-01,W01,-1,-8,1,10,2.35,1.84,2129.91
EDGE-LOT-01,W01,-1,-7,1,10,3.04,1.83,2099.8
EDGE-LOT-01,W01,-1,-6,1,10,2.57,1.87,2117.5
EDGE-LOT-01,W01,-1,-5,1,10,3.18,1.77,2059.04
EDGE-LOT-01,W01,-1,-4,1,10,1.94,1.77,2065.49
EDGE-LOT-01,W01,-1,-3,3,31,2.39,1.78,2118.44
EDGE-LOT-01,W01,-1,-2,1,10,3.22,1.76,2036.28
EDGE-LOT-01,W01,-1,-1,1,10,2.79,1.83,2110.59
EDGE-LOT-01,W01,-1,0,1,10,2.59,1.79,2100.31
EDGE-LOT-01,W01,-1,1,1,10,3.02,1.76,2092.73
EDGE-LOT-01,W01,-1,2,1,10,3.11,1.78,2115.73
EDGE-LOT-01,W01,-1,3,1,10,2.47,1.82,2065.95
EDGE-LOT-01,W01,-1,4,1,10,2.4,1.82,2123.46
EDGE-LOT-01,W01,-1,5,1,10,2.37,1.75,2097.59
EDGE-LOT-01,W01,-1,6,1,11,2.56,1.76,2092.81
EDGE-LOT-01,W01,-1,7,1,10,2.72,1.77,2060.66
EDGE-LOT-01,W01,-1,8,1,10,2.24,1.8,2091.73
EDGE-LOT-01,W01,-1,9,1,10,3.32,1.8,2062.93
EDGE-LOT-01,W01,-1,10,1,10,1.98,1.79,2148.07
EDGE-LOT-01,W01,-1,11,1,10,2.16,1.76,2093.96
EDGE-LOT-01,W01,-1,12,1,10,2.21,1.85,2123.3
EDGE-LOT-01,W01,-1,13,1,10,2.36,1.8,2095.2
EDGE-LOT-01,W01,-1,14,1,10,3.14,1.85,2098.48
EDGE-LOT-01,W01,-1,15,1,10,2.17,1.81,2093.83
EDGE-LOT-01,W01,-1,16,1,10,1.92,1.8,2093.63
EDGE-LOT-01,W01,-1,17,1,10,2.45,1.76,2091.97
EDGE-LOT-01,W01,-1,18,1,11,2.88,1.74,2044.09
EDGE-LOT-01,W01,-1,19,1,10,3.43,1.7,2010.18
EDGE-LOT-01,W01,0,-19,1,10,5.11,1.7,2065.36
EDGE-LOT-01,W01,0,-18,1,10,3.22,1.76,2063.9
EDGE-LOT-01,W01,0,-17,1,10,2.75,1.78,2084.04
EDGE-LOT-01,W01,0,-16,1,11,2.11,1.83,2069.02
EDGE-LOT-01,W01,0,-15,1,10,2.62,1.82,2075.61
EDGE-LOT-01,W01,0,-14,1,10,2.26,1.81,2104.19
EDGE-LOT-01,W01,0,-13,1,10,2.61,1.79,2093.12
EDGE-LOT-01,W01,0,-12,1,10,2.8,1.78,2076.82
EDGE-LOT-01,W01,0,-11,1,10,2.31,1.86,2106.16
EDGE-LOT-01,W01,0,-10,1,10,2.49,1.86,2042.43
EDGE-LOT-01,W01,0,-9,1,10,1.99,1.79,2114.11
EDGE-LOT-01,W01,0,-8,1,10,1.85,1.85,2090.76
EDGE-LOT-01,W01,0,-7,1,11,2.93,1.83,2116.43
EDGE-LOT-01,W01,0,-6,1,10,1.31,1.77,2054.7
EDGE-LOT-01,W01,0,-5,1,10,2.24,1.81,2074.84
EDGE-LOT-01,W01,0,-4,1,10,2.54,1.76,2053.5
EDGE-LOT-01,W01,0,-3,1,10,2.5,1.83,2123.22
EDGE-LOT-01,W01,0,-2,1,10,1.98,1.79,2104.3
EDGE-LOT-01,W01,0,-1,1,10,2.32,1.73,2097.33
EDGE-LOT-01,W01,0,0,1,10,2.11,1.81,2130.46
EDGE-LOT-01,W01,0,1,1,10,3.03,1.8,2077.39
EDGE-LOT-01,W01,0,2,1,10,1.9,1.91,2108.41
EDGE-LOT-01,W01,0,3,1,10,2.46,1.73,2135.92
EDGE-LOT-01,W01,0,4,1,10,2.81,1.76,2111.1
EDGE-LOT-01,W01,0,5,1,10,1.98,1.84,2073.14
EDGE-LOT-01,W01,0,6,1,10,2.04,1.74,2136.72
EDGE-LOT-01,W01,0,7,1,10,2.29,1.9,2042.45
EDGE-LOT-01,W01,0,8,1,10,2.82,1.83,2077.71
EDGE-LOT-01,W01,0,9,1,10,2.9,1.86,2041.78
EDGE-LOT-01,W01,0,10,1,10,2.76,1.77,2171.89
EDGE-LOT-01,W01,0,11,1,11,2.11,1.78,2076.72
EDGE-LOT-01,W01,0,12,1,10,3.22,1.81,2114.41
EDGE-LOT-01,W01,0,13,1,10,2.55,1.77,2088.41
EDGE-LOT-01,W01,0,14,1,10,3.14,1.8,2136.02
EDGE-LOT-01,W01,0,15,1,11,2.71,1.81,2165.13
EDGE-LOT-01,W01,0,16,1,10,1.94,1.78,2077.85
EDGE-LOT-01,W01,0,17,1,10,2.54,1.8,2062.76
EDGE-LOT-01,W01,0,18,1,10,3.88,1.8,2068.27
EDGE-LOT-01,W01,0,19,1,10,4.56,1.7,1948.1
EDGE-LOT-01,W01,1,-19,1,10,5.38,1.69,2069.73
EDGE-LOT-01,W01,1,-18,1,10,4.46,1.76,2073.12
EDGE-LOT-01,W01,1,-17,1,10,2.38,1.83,2075.45
EDGE-LOT-01,W01,1,-16,1,10,1.88,1.84,2094.06
EDGE-LOT-01,W01,1,-15,1,10,2.25,1.8,2114.03
EDGE-LOT-01,W01,1,-14,1,10,2.62,1.79,2085.31
EDGE-LOT-01,W01,1,-13,1,10,2.48,1.82,2066.39
EDGE-LOT-01,W01,1,-12,1,10,2.18,1.78,2075.35
EDGE-LOT-01,W01,1,-11,1,11,1.92,1.76,2094.93
EDGE-LOT-01,W01,1,-10,1,10,2.47,1.81,2117.64
EDGE-LOT-01,W01,1,-9,1,10,2.21,1.88,2096.77
EDGE-LOT-01,W01,1,-8,1,10,2.65,1.83,2085.47
EDGE-LOT-01,W01,1,-7,1,10,2,1.84,2138.73
EDGE-LOT-01,W01,1,-6,1,11,2.34,1.8,2110.93
EDGE-LOT-01,W01,1,-5,1,10,3.44,1.78,2105.15
EDGE-LOT-01,W01,1,-4,1,10,2.67,1.76,2101.64
EDGE-LOT-01,W01,1,-3,1,10,3.03,1.81,2122.47
EDGE-LOT-01,W01,1,-2,1,11,2.47,1.82,2104.87
EDGE-LOT-01,W01,1,-1,1,10,1.8,1.73,2136.05
EDGE-LOT-01,W01,1,0,1,10,2.58,1.83,2110.73
EDGE-LOT-01,W01,1,1,1,10,2.63,1.81,2046.58
EDGE-LOT-01,W01,1,2,1,10,2.73,1.85,2196.27
EDGE-LOT-01,W01,1,3,1,10,2.31,1.73,2114.79
EDGE-LOT-01,W01,1,4,1,10,1.76,1.8,2088.95
EDGE-LOT-01,W01,1,5,1,10,2.58,1.89,2064.1
EDGE-LOT-01,W01,1,6,1,10,2.6,1.83,2094.96
EDGE-LOT-01,W01,1,7,1,11,2.44,1.79,2160.47
EDGE-LOT-01,W01,1,8,1,10,2.53,1.8,2152.36
EDGE-LOT-01,W01,1,9,1,10,2.31,1.79,2069.6
EDGE-LOT-01,W01,1,10,1,11,1.87,1.84,2082.22
EDGE-LOT-01,W01,1,11,1,10,2.36,1.84,2103.6
EDGE-LOT-01,W01,1,12,1,10,2.31,1.76,2091.33
EDGE-LOT-01,W01,1,13,1,10,2.83,1.86,2097.74
EDGE-LOT-01,W01,1,14,1,10,3.17,1.88,2125.99
EDGE-LOT-01,W01,1,15,1,10,2.17,1.81,2114.21
EDGE-LOT-01,W01,1,16,1,10,2.56,1.72,2114.32
EDGE-LOT-01,W01,1,17,1,11,2.75,1.83,2032.08
EDGE-LOT-01,W01,1,18,3,31,4.51,1.71,2048.99
EDGE-LOT-01,W01,1,19,2,22,4.61,1.73,2010.28
EDGE-LOT-01,W01,2,-19,2,21,5.21,1.62,2007.36
EDGE-LOT-01,W01,2,-18,1,10,3.58,1.73,2017.57
EDGE-LOT-01,W01,2,-17,1,10,2.97,1.84,2100.08
EDGE-LOT-01,W01,2,-16,1,10,2.55,1.77,2117.94
EDGE-LOT-01,W01,2,-15,1,10,1.89,1.84,2120.83
EDGE-LOT-01,W01,2,-14,1,10,2.6,1.81,2083.78
EDGE-LOT-01,W01,2,-13,1,10,2.97,1.8,2113.13
EDGE-LOT-01,W01,2,-12,1,10,3.07,1.77,2106.71
EDGE-LOT-01,W01,2,-11,1,10,2.23,1.77,2088.43
EDGE-LOT-01,W01,2,-10,1,10,2.24,1.92,2144.72
EDGE-LOT-01,W01,2,-9,1,10,2.53,1.85,2098.08
EDGE-LOT-01,W01,2,-8,1,10,2.45,1.77,2117.54
EDGE-LOT-01,W01,2,-7,1,10,2.72,1.78,2040.79
EDGE-LOT-01,W01,2,-6,1,10,3.08,1.79,2080.42
EDGE-LOT-01,W01,2,-5,1,10,2.54,1.82,2020.77
EDGE-LOT-01,W01,2,-4,1,10,2.09,1.8,2031.3
EDGE-LOT-01,W01,2,-3,1,10,2.99,1.78,2151.7
EDGE-LOT-01,W01,2,-2,1,10,2.99,1.76,2136.78
EDGE-LOT-01,W01,2,-1,1,10,2.38,1.82,2076.74
EDGE-LOT-01,W01,2,0,1,10,2.33,1.79,2126.03
EDGE-LOT-01,W01,2,1,1,10,1.94,1.8,2087.14
EDGE-LOT-01,W01,2,2,1,10,2.23,1.83,2099.38
EDGE-LOT-01,W01,2,3,1,10,2.18,1.82,2102.68
EDGE-LOT-01,W01,2,4,1,10,2.46,1.86,2144.59
EDGE-LOT-01,W01,2,5,1,10,2.1,1.83,2081.13
EDGE-LOT-01,W01,2,6,1,11,2.28,1.79,2105.44
EDGE-LOT-01,W01,2,7,1,10,2.97,1.78,2147.03
EDGE-LOT-01,W01,2,8,1,10,2.49,1.87,2099.11
EDGE-LOT-01,W01,2,9,1,10,3.29,1.76,2150.2
EDGE-LOT-01,W01,2,10,1,10,2.49,1.69,2150.75
EDGE-LOT-01,W01,2,11,1,10,2.34,1.8,2085.19
EDGE-LOT-01,W01,2,12,1,10,2.6,1.85,2097.99
EDGE-LOT-01,W01,2,13,1,10,2.6,1.81,2130.13
EDGE-LOT-01,W01,2,14,1,10,2.28,1.8,2138.43
EDGE-LOT-01,W01,2,15,1,10,2.19,1.82,2133.13
EDGE-LOT-01,W01,2,16,1,11,2.02,1.76,2124.64
EDGE-LOT-01,W01,2,17,1,10,2.74,1.78,2102.45
EDGE-LOT-01,W01,2,18,1,10,3.69,1.77,2067.02
EDGE-LOT-01,W01,2,19,1,10,5.53,1.78,1991.01
EDGE-LOT-01,W01,3,-19,1,11,4.27,1.71,2026.55
EDGE-LOT-01,W01,3,-18,1,10,3.69,1.76,2001.23
EDGE-LOT-01,W01,3,-17,1,10,3.4,1.83,2122.27
EDGE-LOT-01,W01,3,-16,1,10,2.15,1.87,2088.87
EDGE-LOT-01,W01,3,-15,1,10,2.44,1.78,2067.7
EDGE-LOT-01,W01,3,-14,1,10,2.26,1.82,2105.11
EDGE-LOT-01,W01,3,-13,1,10,2.48,1.78,2124.57
EDGE-LOT-01,W01,3,-12,1,10,2.15,1.82,2109.57
EDGE-LOT-01,W01,3,-11,1,10,2.83,1.8,2060.25
EDGE-LOT-01,W01,3,-10,1,10,2.61,1.89,2065.57
EDGE-LOT-01,W01,3,-9,1,10,2.32,1.82,2111.27
EDGE-LOT-01,W01,3,-8,1,10,2.24,1.78,2128.49
EDGE-LOT-01,W01,3,-7,1,10,2.61,1.77,2125.5
EDGE-LOT-01,W01,3,-6,1,10,1.91,1.8,2197.82
EDGE-LOT-01,W01,3,-5,1,10,2.83,1.78,2118.02
EDGE-LOT-01,W01,3,-4,1,10,3.28,1.86,2070.63
EDGE-LOT-01,W01,3,-3,1,10,2.46,1.84,2068.26
EDGE-LOT-01,W01,3,-2,1,10,2.51,1.78,2140
EDGE-LOT-01,W01,3,-1,1,11,2.32,1.83,2084.86
EDGE-LOT-01,W01,3,0,1,10,2.61,1.77,2075.31
EDGE-LOT-01,W01,3,1,1,10,2.54,1.8,2074.06
EDGE-LOT-01,W01,3,2,1,10,2.71,1.78,2128.35
EDGE-LOT-01,W01,3,3,1,10,1.62,1.75,2118.24
EDGE-LOT-01,W01,3,4,1,10,2.07,1.76,2055.5
EDGE-LOT-01,W01,3,5,1,10,1.89,1.76,2115.59
EDGE-LOT-01,W01,3,6,1,11,2.99,1.79,2071.5
EDGE-LOT-01,W01,3,7,1,10,2.7,1.84,2133.24
EDGE-LOT-01,W01,3,8,1,10,2.18,1.77,2130.05
EDGE-LOT-01,W01,3,9,1,10,3.14,1.8,2103.4
EDGE-LOT-01,W01,3,10,1,10,2.11,1.8,2077.92
EDGE-LOT-01,W01,3,11,1,10,1.95,1.76,2089.83
EDGE-LOT-01,W01,3,12,1,10,1.98,1.75,2047.48
EDGE-LOT-01,W01,3,13,1,11,3.18,1.79,2129.14
EDGE-LOT-01,W01,3,14,1,10,2.69,1.86,2077.1
EDGE-LOT-01,W01,3,15,1,10,2.04,1.72,2115.61
EDGE-LOT-01,W01,3,16,1,10,2.46,1.81,2123.59
EDGE-LOT-01,W01,3,17,1,10,3.3,1.79,2045.88
EDGE-LOT-01,W01,3,18,1,10,3.82,1.75,2060.26
EDGE-LOT-01,W01,3,19,2,22,5.25,1.69,2043.61
EDGE-LOT-01,W01,4,-18,1,10,4.47,1.68,2049.71
EDGE-LOT-01,W01,4,-17,1,11,2.54,1.82,2067.62
EDGE-LOT-01,W01,4,-16,1,10,2.3,1.76,2097.16
EDGE-LOT-01,W01,4,-15,1,10,2.65,1.8,2095.19
EDGE-LOT-01,W01,4,-14,1,10,3.18,1.77,2079.25
EDGE-LOT-01,W01,4,-13,1,10,1.6,1.83,2043.02
EDGE-LOT-01,W01,4,-12,1,10,2.36,1.83,2092.86
EDGE-LOT-01,W01,4,-11,1,10,3.08,1.75,2109.82
EDGE-LOT-01,W01,4,-10,1,10,3.1,1.81,2124.19
EDGE-LOT-01,W01,4,-9,1,10,3,1.79,2077.86
EDGE-LOT-01,W01,4,-8,1,10,3.08,1.81,2092.58
EDGE-LOT-01,W01,4,-7,1,10,2.98,1.78,2057.35
EDGE-LOT-01,W01,4,-6,1,10,2.59,1.83,2103.27
EDGE-LOT-01,W01,4,-5,1,10,2.98,1.82,2093.37
EDGE-LOT-01,W01,4,-4,1,10,2.86,1.82,2060.09
EDGE-LOT-01,W01,4,-3,1,10,1.58,1.87,2084.34
EDGE-LOT-01,W01,4,-2,1,10,2.71,1.74,2100.81
EDGE-LOT-01,W01,4,-1,1,10,2.7,1.76,2110.41
EDGE-LOT-01,W01,4,0,1,10,2.73,1.8,2090.08
EDGE-LOT-01,W01,4,1,1,10,2.67,1.76,2120.93
EDGE-LOT-01,W01,4,2,1,10,2.8,1.8,2093.2
EDGE-LOT-01,W01,4,3,1,10,2.86,1.87,2102.67
EDGE-LOT-01,W01,4,4,1,10,2.04,1.82,2107.77
EDGE-LOT-01,W01,4,5,1,10,1.62,1.81,2083.7
EDGE-LOT-01,W01,4,6,1,10,2.77,1.77,2068.18
EDGE-LOT-01,W01,4,7,1,10,1.97,1.77,2110
EDGE-LOT-01,W01,4,8,1,11,2.24,1.87,2108.64
EDGE-LOT-01,W01,4,9,1,10,1.77,1.76,2076.28
EDGE-LOT-01,W01,4,10,1,10,2.5,1.86,2129.19
EDGE-LOT-01,W01,4,11,1,10,2.87,1.84,2104.76
EDGE-LOT-01,W01,4,12,1,10,3.25,1.82,2060.89
EDGE-LOT-01,W01,4,13,1,10,2.18,1.8,2062.57
EDGE-LOT-01,W01,4,14,1,10,2.81,1.74,2065.07
EDGE-LOT-01,W01,4,15,1,11,1.89,1.82,2079.39
EDGE-LOT-01,W01,4,16,1,10,2.66,1.79,2119.94
EDGE-LOT-01,W01,4,17,1,10,2.7,1.8,2087.5
EDGE-LOT-01,W01,4,18,1,10,4.67,1.79,2036.89
EDGE-LOT-01,W01,5,-18,1,10,4.83,1.72,2001.91
EDGE-LOT-01,W01,5,-17,1,10,3.92,1.76,2037.94
EDGE-LOT-01,W01,5,-16,1,10,2.67,1.78,2102.87
EDGE-LOT-01,W01,5,-15,1,10,2.97,1.75,2054.78
EDGE-LOT-01,W01,5,-14,1,10,3.02,1.82,2141.28
EDGE-LOT-01,W01,5,-13,1,10,2.55,1.84,2118.34
EDGE-LOT-01,W01,5,-12,1,10,3.09,1.84,2110.37
EDGE-LOT-01,W01,5,-11,1,10,2.84,1.77,2078.63
EDGE-LOT-01,W01,5,-10,1,10,2.17,1.8,2079.94
EDGE-LOT-01,W01,5,-9,1,10,2.47,1.76,2087.4
EDGE-LOT-01,W01,5,-8,1,10,2.34,1.78,2085.63
EDGE-LOT-01,W01,5,-7,1,10,2.91,1.87,2142.39
EDGE-LOT-01,W01,5,-6,1,10,2.26,1.81,2079.95
EDGE-LOT-01,W01,5,-5,1,10,2.47,1.79,2083.98
EDGE-LOT-01,W01,5,-4,1,10,3.01,1.8,2081.93
EDGE-LOT-01,W01,5,-3,1,10,2.78,1.75,2115.66
EDGE-LOT-01,W01,5,-2,1,10,2.71,1.81,2078.62
EDGE-LOT-01,W01,5,-1,1,10,2.38,1.81,2103.98
EDGE-LOT-01,W01,5,0,1,10,2.86,1.79,2086.84
EDGE-LOT-01,W01,5,1,1,10,1.62,1.83,2103.38
EDGE-LOT-01,W01,5,2,1,10,2.33,1.8,2093.89
EDGE-LOT-01,W01,5,3,1,10,2.86,1.81,2091.14
EDGE-LOT-01,W01,5,4,1,11,2.87,1.78,2074.2
EDGE-LOT-01,W01,5,5,1,10,1.77,1.81,2145.56
EDGE-LOT-01,W01,5,6,1,10,2.41,1.73,2106.23
EDGE-LOT-01,W01,5,7,1,10,1.89,1.81,2109.72
EDGE-LOT-01,W01,5,8,1,10,2.24,1.71,2100.04
EDGE-LOT-01,W01,5,9,1,10,2,1.83,2126.64
EDGE-LOT-01,W01,5,10,1,10,1.99,1.82,2143.18
EDGE-LOT-01,W01,5,11,1,10,2.6,1.84,2068.38
EDGE-LOT-01,W01,5,12,1,10,2.76,1.83,2081.77
EDGE-LOT-01,W01,5,13,1,10,2.52,1.8,2050.03
EDGE-LOT-01,W01,5,14,1,10,1.97,1.77,2081.46
EDGE-LOT-01,W01,5,15,1,11,3.28,1.88,2147.48
EDGE-LOT-01,W01,5,16,1,10,3.11,1.89,2114.64
EDGE-LOT-01,W01,5,17,1,10,3.6,1.76,2052.52
EDGE-LOT-01,W01,5,18,1,10,4.54,1.75,2079.48
EDGE-LOT-01,W01,6,-18,1,10,5.18,1.72,2055.7
EDGE-LOT-01,W01,6,-17,1,10,4.44,1.76,2070.65
EDGE-LOT-01,W01,6,-16,1,10,2.99,1.79,2091.44
EDGE-LOT-01,W01,6,-15,1,10,2.7,1.88,2105.12
EDGE-LOT-01,W01,6,-14,1,10,2.66,1.81,2102.42
EDGE-LOT-01,W01,6,-13,1,10,3.4,1.79,2048.68
EDGE-LOT-01,W01,6,-12,1,11,2.3,1.79,2100.03
EDGE-LOT-01,W01,6,-11,1,10,2.27,1.71,2068.09
EDGE-LOT-01,W01,6,-10,1,10,1.88,1.8,2151.28
EDGE-LOT-01,W01,6,-9,1,10,2.06,1.76,2074.7
EDGE-LOT-01,W01,6,-8,1,11,2.87,1.88,2091.58
EDGE-LOT-01,W01,6,-7,1,10,2.13,1.75,2077.55
EDGE-LOT-01,W01,6,-6,1,10,2.33,1.83,2104.15
EDGE-LOT-01,W01,6,-5,1,10,3.06,1.75,2113.89
EDGE-LOT-01,W01,6,-4,1,10,2.13,1.83,2116.29
EDGE-LOT-01,W01,6,-3,1,10,2.88,1.75,2110.9
EDGE-LOT-01,W01,6,-2,1,10,1.95,1.77,2017.11
EDGE-LOT-01,W01,6,-1,1,10,2.56,1.9,2060.6
EDGE-LOT-01,W01,6,0,1,10,3.43,1.76,2124.05
EDGE-LOT-01,W01,6,1,1,10,2.65,1.83,2093.3
EDGE-LOT-01,W01,6,2,1,10,1.98,1.82,2065.9
EDGE-LOT-01,W01,6,3,1,10,2.35,1.77,2104.15
EDGE-LOT-01,W01,6,4,1,10,2.06,1.81,2106.64
EDGE-LOT-01,W01,6,5,1,10,2.62,1.76,2109.25
EDGE-LOT-01,W01,6,6,1,10,1.73,1.8,2113.67
EDGE-LOT-01,W01,6,7,1,10,2.65,1.78,2112.46
EDGE-LOT-01,W01,6,8,1,10,2.87,1.77,2109.35
EDGE-LOT-01,W01,6,9,1,11,2.45,1.77,2059.8
EDGE-LOT-01,W01,6,10,1,10,1.96,1.84,2080.96
EDGE-LOT-01,W01,6,11,1,10,2.5,1.78,2085.88
EDGE-LOT-01,W01,6,12,1,10,3.08,1.86,2116.08
EDGE-LOT-01,W01,6,13,1,10,2.45,1.82,2110.37
EDGE-LOT-01,W01,6,14,1,10,2.07,1.83,2092.39
EDGE-LOT-01,W01,6,15,1,10,3.1,1.79,2124.5
EDGE-LOT-01,W01,6,16,1,10,3.08,1.86,2123.01
EDGE-LOT-01,W01,6,17,1,10,4.13,1.79,2051.34
EDGE-LOT-01,W01,6,18,1,10,3.88,1.67,2068.99
EDGE-LOT-01,W01,7,-17,1,11,3.63,1.73,2036.43
EDGE-LOT-01,W01,7,-16,1,10,2.13,1.82,2080.43
EDGE-LOT-01,W01,7,-15,1,10,2.61,1.82,2075.87
EDGE-LOT-01,W01,7,-14,1,10,2.7,1.83,2118.68
EDGE-LOT-01,W01,7,-13,1,11,1.89,1.73,2135.27
EDGE-LOT-01,W01,7,-12,1,10,2.73,1.79,2082.45
EDGE-LOT-01,W01,7,-11,1,10,2.4,1.78,2139.43
EDGE-LOT-01,W01,7,-10,1,11,3.66,1.85,2081.57
EDGE-LOT-01,W01,7,-9,1,11,2.04,1.81,2115.09
EDGE-LOT-01,W01,7,-8,1,11,2.41,1.81,2117.26
EDGE-LOT-01,W01,7,-7,1,10,2.1,1.8,2151.04
EDGE-LOT-01,W01,7,-6,1,10,2.94,1.83,2122.33
EDGE-LOT-01,W01,7,-5,1,11,2.17,1.85,2137.49
EDGE-LOT-01,W01,7,-4,1,10,2.82,1.83,2058.89
EDGE-LOT-01,W01,7,-3,1,10,1.92,1.79,2144.16
EDGE-LOT-01,W01,7,-2,1,10,2.25,1.81,2137.78
EDGE-LOT-01,W01,7,-1,1,10,1.82,1.77,2104.36
EDGE-LOT-01,W01,7,0,1,10,2.74,1.74,2112.43
EDGE-LOT-01,W01,7,1,1,10,3.02,1.81,2090.81
EDGE-LOT-01,W01,7,2,1,10,2.16,1.77,2115.42
EDGE-LOT-01,W01,7,3,1,10,2.47,1.77,2107.4
EDGE-LOT-01,W01,7,4,1,10,2.08,1.81,2055.66
EDGE-LOT-01,W01,7,5,1,10,2.51,1.73,2126.53
EDGE-LOT-01,W01,7,6,1,10,2.13,1.75,2122.9
EDGE-LOT-01,W01,7,7,1,10,2.63,1.83,2093.11
EDGE-LOT-01,W01,7,8,1,10,2.34,1.8,2130.76
EDGE-LOT-01,W01,7,9,1,10,2.75,1.8,2102.38
EDGE-LOT-01,W01,7,10,1,10,2.67,1.74,2099.65
EDGE-LOT-01,W01,7,11,1,10,3.02,1.81,2075.98
EDGE-LOT-01,W01,7,12,1,10,2.86,1.9,2087.27
EDGE-LOT-01,W01,7,13,1,10,2.58,1.83,2109.97
EDGE-LOT-01,W01,7,14,1,10,2.04,1.77,2115.86
EDGE-LOT-01,W01,7,15,1,10,1.97,1.83,2118.23
EDGE-LOT-01,W01,7,16,1,10,2.78,1.75,2054.12
EDGE-LOT-01,W01,7,17,1,10,3.87,1.73,1984.6
EDGE-LOT-01,W01,8,-17,1,10,3.4,1.68,2012.85
EDGE-LOT-01,W01,8,-16,1,10,3.49,1.76,2123.65
EDGE-LOT-01,W01,8,-15,1,11,2.24,1.78,2158.52
EDGE-LOT-01,W01,8,-14,1,10,1.97,1.75,2060.72
EDGE-LOT-01,W01,8,-13,1,10,2.65,1.89,2118.07
EDGE-LOT-01,W01,8,-12,1,10,2.1,1.78,2131.05
EDGE-LOT-01,W01,8,-11,1,10,2.22,1.75,2062.92
EDGE-LOT-01,W01,8,-10,1,10,2.16,1.83,2076.15
EDGE-LOT-01,W01,8,-9,1,10,2.16,1.77,2113.49
EDGE-LOT-01,W01,8,-8,1,10,3.11,1.86,2103.6
EDGE-LOT-01,W01,8,-7,1,10,2.78,1.79,2047.31
EDGE-LOT-01,W01,8,-6,1,10,2.99,1.75,2091.85
EDGE-LOT-01,W01,8,-5,1,10,2.53,1.82,2082.67
EDGE-LOT-01,W01,8,-4,1,10,2.21,1.82,2131.19
EDGE-LOT-01,W01,8,-3,1,10,2.7,1.8,2080.76
EDGE-LOT-01,W01,8,-2,1,10,2.7,1.79,2151.59
EDGE-LOT-01,W01,8,-1,1,10,2.75,1.87,2080.53
EDGE-LOT-01,W01,8,0,1,10,2.36,1.73,2108.02
EDGE-LOT-01,W01,8,1,1,10,1.98,1.79,2130.45
EDGE-LOT-01,W01,8,2,1,10,2.78,1.73,2104.93
EDGE-LOT-01,W01,8,3,1,11,2.27,1.78,2094.04
EDGE-LOT-01,W01,8,4,1,10,1.84,1.77,2103
EDGE-LOT-01,W01,8,5,1,10,2.46,1.78,2122.13
EDGE-LOT-01,W01,8,6,1,10,2.56,1.77,2074
EDGE-LOT-01,W01,8,7,1,10,2.22,1.78,2089.08
EDGE-LOT-01,W01,8,8,1,10,2.55,1.81,2092.74
EDGE-LOT-01,W01,8,9,1,10,2.56,1.82,2106.4
EDGE-LOT-01,W01,8,10,1,10,2.78,1.85,2121.84
EDGE-LOT-01,W01,8,11,1,10,1.86,1.89,2077.09
EDGE-LOT-01,W01,8,12,1,10,2.77,1.79,2105.78
EDGE-LOT-01,W01,8,13,1,10,3.27,1.79,2094.59
EDGE-LOT-01,W01,8,14,1,11,2.71,1.77,2089.03
EDGE-LOT-01,W01,8,15,1,10,3.25,1.78,2042.14
EDGE-LOT-01,W01,8,16,1,10,3.27,1.8,2035.6
EDGE-LOT-01,W01,8,17,2,21,5.85,1.69,2027.93
EDGE-LOT-01,W01,9,-17,1,10,3.38,1.63,2051.06
EDGE-LOT-01,W01,9,-16,1,10,3.45,1.74,2051.42
EDGE-LOT-01,W01,9,-15,1,10,3.67,1.75,2072.05
EDGE-LOT-01,W01,9,-14,1,10,1.89,1.77,2102.9
EDGE-LOT-01,W01,9,-13,1,10,2.19,1.81,2084.72
EDGE-LOT-01,W01,9,-12,1,10,2.22,1.77,2099.18
EDGE-LOT-01,W01,9,-11,1,10,2.74,1.75,2122.93
EDGE-LOT-01,W01,9,-10,1,10,1.7,1.85,2065.13
EDGE-LOT-01,W01,9,-9,1,10,2.83,1.75,2134.12
EDGE-LOT-01,W01,9,-8,1,10,3.08,1.83,2079.37
EDGE-LOT-01,W01,9,-7,1,11,2.19,1.79,2100.25
EDGE-LOT-01,W01,9,-6,1,10,2.34,1.84,2108.31
EDGE-LOT-01,W01,9,-5,1,10,2.3,1.8,2131.12
EDGE-LOT-01,W01,9,-4,1,10,3.01,1.83,2115.33
EDGE-LOT-01,W01,9,-3,1,10,2.15,1.74,2096.41
EDGE-LOT-01,W01,9,-2,1,10,2.57,1.82,2084.51
EDGE-LOT-01,W01,9,-1,1,10,2.33,1.72,2096.02
EDGE-LOT-01,W01,9,0,1,10,2.5,1.81,2150.89
EDGE-LOT-01,W01,9,1,1,10,3.47,1.85,2054.99
EDGE-LOT-01,W01,9,2,1,10,2.18,1.79,2089.97
EDGE-LOT-01,W01,9,3,1,10,2.33,1.85,2119.92
EDGE-LOT-01,W01,9,4,1,10,2.25,1.86,2059.65
EDGE-LOT-01,W01,9,5,1,10,2.44,1.88,2105.58
EDGE-LOT-01,W01,9,6,1,10,1.53,1.74,2169.36
EDGE-LOT-01,W01,9,7,1,10,2.29,1.84,2105.48
EDGE-LOT-01,W01,9,8,1,10,2.41,1.81,2073.2
EDGE-LOT-01,W01,9,9,1,10,2,1.76,2112.38
EDGE-LOT-01,W01,9,10,1,10,3.49,1.8,2078.6
EDGE-LOT-01,W01,9,11,1,10,2.6,1.79,2110.62
EDGE-LOT-01,W01,9,12,1,10,3.12,1.78,2090.02
EDGE-LOT-01,W01,9,13,1,10,2.73,1.86,2098.34
EDGE-LOT-01,W01,9,14,1,10,2.17,1.8,2104.65
EDGE-LOT-01,W01,9,15,1,10,4.02,1.75,2077.88
EDGE-LOT-01,W01,9,16,1,10,3.32,1.69,2045.53
EDGE-LOT-01,W01,9,17,1,10,4.78,1.67,2053.15
EDGE-LOT-01,W01,10,-16,1,10,4.38,1.62,2035.64
EDGE-LOT-01,W01,10,-15,1,11,2.43,1.69,2052.4
EDGE-LOT-01,W01,10,-14,1,10,2.45,1.72,2103.84
EDGE-LOT-01,W01,10,-13,1,10,3.36,1.73,2047.84
EDGE-LOT-01,W01,10,-12,1,10,3.21,1.79,2103.94
EDGE-LOT-01,W01,10,-11,1,10,2.19,1.85,2090.93
EDGE-LOT-01,W01,10,-10,1,10,2.69,1.82,2104.32
EDGE-LOT-01,W01,10,-9,1,10,2.26,1.76,2108.18
EDGE-LOT-01,W01,10,-8,1,10,3.12,1.77,2045.42
EDGE-LOT-01,W01,10,-7,1,10,2.4,1.81,2099
EDGE-LOT-01,W01,10,-6,1,10,1.98,1.74,2114.02
EDGE-LOT-01,W01,10,-5,1,10,2.25,1.84,2089.38
EDGE-LOT-01,W01,10,-4,1,10,2.71,1.79,2135.01
EDGE-LOT-01,W01,10,-3,1,10,2.67,1.79,2098.4
EDGE-LOT-01,W01,10,-2,1,10,2.46,1.85,2105.26
EDGE-LOT-01,W01,10,-1,1,10,1.92,1.77,2150.47
EDGE-LOT-01,W01,10,0,1,10,2.33,1.86,2066.34
EDGE-LOT-01,W01,10,1,1,10,3.3,1.87,2097.05
EDGE-LOT-01,W01,10,2,1,10,2.29,1.85,2060.51
EDGE-LOT-01,W01,10,3,1,10,2.41,1.89,2097
EDGE-LOT-01,W01,10,4,1,10,2.71,1.8,2105.54
EDGE-LOT-01,W01,10,5,1,10,3.11,1.79,2068.93
EDGE-LOT-01,W01,10,6,1,10,3.07,1.76,2081.74
EDGE-LOT-01,W01,10,7,1,10,2.8,1.79,2066.51
EDGE-LOT-01,W01,10,8,1,10,3.16,1.76,2076.71
EDGE-LOT-01,W01,10,9,1,10,2.05,1.76,2074.94
EDGE-LOT-01,W01,10,10,1,10,2.55,1.85,2072.28
EDGE-LOT-01,W01,10,11,1,10,2.92,1.83,2091.99
EDGE-LOT-01,W01,10,12,1,10,2.54,1.75,2106.7
EDGE-LOT-01,W01,10,13,1,10,2.54,1.78,2106.21
EDGE-LOT-01,W01,10,14,1,10,2.37,1.78,2076.02
EDGE-LOT-01,W01,10,15,1,11,3.7,1.79,2058.46
EDGE-LOT-01,W01,10,16,1,11,2.78,1.7,2042.77
EDGE-LOT-01,W01,11,-15,2,21,4.99,1.68,2075.05
EDGE-LOT-01,W01,11,-14,1,10,3.19,1.8,2090.48
EDGE-LOT-01,W01,11,-13,1,10,3.12,1.74,2103.86
EDGE-LOT-01,W01,11,-12,1,10,2.73,1.79,2069.93
EDGE-LOT-01,W01,11,-11,1,10,2.44,1.84,2135.95
EDGE-LOT-01,W01,11,-10,1,10,2.67,1.79,2073.71
EDGE-LOT-01,W01,11,-9,1,10,2.5,1.79,2037.87
EDGE-LOT-01,W01,11,-8,1,10,1.8,1.79,2079.23
EDGE-LOT-01,W01,11,-7,1,10,2.79,1.82,2112.56
EDGE-LOT-01,W01,11,-6,1,10,3.18,1.83,2091.59
EDGE-LOT-01,W01,11,-5,1,10,2.16,1.76,2085.63
EDGE-LOT-01,W01,11,-4,1,10,2.03,1.86,2118.15
EDGE-LOT-01,W01,11,-3,1,10,2.93,1.79,2048.87
EDGE-LOT-01,W01,11,-2,1,10,2.13,1.78,2112.83
EDGE-LOT-01,W01,11,-1,1,10,2.95,1.8,2154.05
EDGE-LOT-01,W01,11,0,1,10,3.18,1.87,2080.65
EDGE-LOT-01,W01,11,1,1,10,2.57,1.84,2162.4
EDGE-LOT-01,W01,11,2,1,10,2.09,1.81,2084.2
EDGE-LOT-01,W01,11,3,1,10,2.47,1.79,2122.04
EDGE-LOT-01,W01,11,4,1,10,2.6,1.79,2069.62
EDGE-LOT-01,W01,11,5,1,11,2.84,1.79,2099.06
EDGE-LOT-01,W01,11,6,1,10,2.34,1.88,2108.71
EDGE-LOT-01,W01,11,7,1,10,2.43,1.76,2075.8
EDGE-LOT-01,W01,11,8,1,10,2.46,1.83,2148.22
EDGE-LOT-01,W01,11,9,1,10,2.04,1.9,2050.55
EDGE-LOT-01,W01,11,10,1,10,1.64,1.85,2122.11
EDGE-LOT-01,W01,11,11,1,10,3.36,1.79,2049.29
EDGE-LOT-01,W01,11,12,1,10,2.85,1.8,2118.24
EDGE-LOT-01,W01,11,13,1,10,3.33,1.83,2134.58
EDGE-LOT-01,W01,11,14,1,10,3.51,1.8,2109.17
EDGE-LOT-01,W01,11,15,1,10,4.9,1.7,2025.93
EDGE-LOT-01,W01,12,-15,1,10,4.97,1.64,2006.64
EDGE-LOT-01,W01,12,-14,3,31,4.11,1.73,2076.97
EDGE-LOT-01,W01,12,-13,1,10,2.61,1.76,2067.17
EDGE-LOT-01,W01,12,-12,1,10,3.41,1.8,2078.69
EDGE-LOT-01,W01,12,-11,1,10,2.77,1.85,2138.55
EDGE-LOT-01,W01,12,-10,1,11,1.67,1.8,2095.25
EDGE-LOT-01,W01,12,-9,1,10,2.56,1.84,2111.86
EDGE-LOT-01,W01,12,-8,1,10,2.46,1.84,2098.75
EDGE-LOT-01,W01,12,-7,1,10,2.63,1.82,2113.37
EDGE-LOT-01,W01,12,-6,1,10,2.72,1.73,2178.82
EDGE-LOT-01,W01,12,-5,1,10,2.48,1.78,2090.43
EDGE-LOT-01,W01,12,-4,1,10,1.92,1.8,2059.01
EDGE-LOT-01,W01,12,-3,1,10,2.43,1.86,2131.41
EDGE-LOT-01,W01,12,-2,1,10,2.35,1.79,2128.73
EDGE-LOT-01,W01,12,-1,1,10,2.41,1.79,2122.38
EDGE-LOT-01,W01,12,0,1,10,2.27,1.83,2056.61
EDGE-LOT-01,W01,12,1,1,11,2.05,1.78,2120.54
EDGE-LOT-01,W01,12,2,1,11,3.14,1.76,2092.22
EDGE-LOT-01,W01,12,3,1,10,2.37,1.83,2179.1
EDGE-LOT-01,W01,12,4,1,10,3.24,1.71,2125.95
EDGE-LOT-01,W01,12,5,1,10,1.97,1.83,2071.56
EDGE-LOT-01,W01,12,6,1,10,2.82,1.77,2125.24
EDGE-LOT-01,W01,12,7,1,10,1.9,1.81,2117.15
EDGE-LOT-01,W01,12,8,1,10,2.93,1.84,2028
EDGE-LOT-01,W01,12,9,1,10,2.22,1.79,2115.46
EDGE-LOT-01,W01,12,10,1,10,2.11,1.79,2116.59
EDGE-LOT-01,W01,12,11,1,10,2.43,1.78,2070.1
EDGE-LOT-01,W01,12,12,1,10,2.88,1.74,2155.85
EDGE-LOT-01,W01,12,13,1,10,2.81,1.79,2084.12
EDGE-LOT-01,W01,12,14,1,10,3.72,1.76,2012.44
EDGE-LOT-01,W01,12,15,1,10,5.09,1.75,1978.88
EDGE-LOT-01,W01,13,-14,1,10,4.76,1.72,2020.41
EDGE-LOT-01,W01,13,-13,1,10,4.12,1.7,2045.47
EDGE-LOT-01,W01,13,-12,1,10,3.23,1.7,2067.85
EDGE-LOT-01,W01,13,-11,1,10,3.05,1.8,2150.37
EDGE-LOT-01,W01,13,-10,1,10,2.62,1.85,2119.81
EDGE-LOT-01,W01,13,-9,1,10,2.31,1.88,2078.03
EDGE-LOT-01,W01,13,-8,1,10,1.64,1.85,2097.28
EDGE-LOT-01,W01,13,-7,1,10,2.14,1.8,2141.54
EDGE-LOT-01,W01,13,-6,1,10,2.46,1.82,2084.82
EDGE-LOT-01,W01,13,-5,1,10,2.89,1.87,2164.01
EDGE-LOT-01,W01,13,-4,1,10,2.79,1.84,2106.12
EDGE-LOT-01,W01,13,-3,1,10,2.16,1.85,2087.48
EDGE-LOT-01,W01,13,-2,1,10,2.35,1.81,2096.99
EDGE-LOT-01,W01,13,-1,1,10,2.88,1.77,2069.48
EDGE-LOT-01,W01,13,0,1,10,2.5,1.87,2062.14
EDGE-LOT-01,W01,13,1,1,10,2.35,1.8,2079.23
EDGE-LOT-01,W01,13,2,1,10,2.77,1.84,2062.79
EDGE-LOT-01,W01,13,3,1,10,2.38,1.85,2129.5
EDGE-LOT-01,W01,13,4,1,10,2.4,1.77,2073.7
EDGE-LOT-01,W01,13,5,1,10,1.74,1.91,2096.14
EDGE-LOT-01,W01,13,6,1,10,2.72,1.79,2047.7
EDGE-LOT-01,W01,13,7,1,10,3.67,1.75,2124.77
EDGE-LOT-01,W01,13,8,1,10,2.36,1.84,2092.26
EDGE-LOT-01,W01,13,9,1,10,3.53,1.86,2083.9
EDGE-LOT-01,W01,13,10,1,10,2.33,1.76,2072.93
EDGE-LOT-01,W01,13,11,1,10,2.79,1.8,2121.02
EDGE-LOT-01,W01,13,12,1,10,3.48,1.74,2081.75
EDGE-LOT-01,W01,13,13,2,22,2.88,1.77,2017.55
EDGE-LOT-01,W01,13,14,3,31,5.44,1.76,2029.54
EDGE-LOT-01,W01,14,-13,1,10,5.17,1.63,1963.89
EDGE-LOT-01,W01,14,-12,1,10,4.19,1.67,2043.52
EDGE-LOT-01,W01,14,-11,1,10,3.6,1.85,2049.74
EDGE-LOT-01,W01,14,-10,1,10,2.65,1.72,2076.38
EDGE-LOT-01,W01,14,-9,1,10,2.07,1.85,2145.06
EDGE-LOT-01,W01,14,-8,1,10,3.11,1.83,2086.76
EDGE-LOT-01,W01,14,-7,1,10,2.24,1.77,2078.08
EDGE-LOT-01,W01,14,-6,1,10,2.24,1.78,2146.44
EDGE-LOT-01,W01,14,-5,1,10,2.24,1.8,2134.6
EDGE-LOT-01,W01,14,-4,1,10,3.2,1.86,2055.95
EDGE-LOT-01,W01,14,-3,1,10,2.42,1.85,2098.87
EDGE-LOT-01,W01,14,-2,1,10,2.55,1.79,2090.13
EDGE-LOT-01,W01,14,-1,1,10,2.47,1.72,2078.53
EDGE-LOT-01,W01,14,0,1,10,2.61,1.77,2140.17
EDGE-LOT-01,W01,14,1,1,10,2.86,1.81,2112.37
EDGE-LOT-01,W01,14,2,1,10,2.2,1.8,2078.72
EDGE-LOT-01,W01,14,3,1,11,2.01,1.84,2124.83
EDGE-LOT-01,W01,14,4,1,10,2.84,1.81,2061.19
EDGE-LOT-01,W01,14,5,1,10,2.36,1.82,2093.54
EDGE-LOT-01,W01,14,6,1,10,2.86,1.82,2117.1
EDGE-LOT-01,W01,14,7,1,10,2.86,1.8,2101.83
EDGE-LOT-01,W01,14,8,1,10,2.75,1.76,2073.53
EDGE-LOT-01,W01,14,9,1,10,2.13,1.85,2115.97
EDGE-LOT-01,W01,14,10,1,10,2.63,1.75,2111.99
EDGE-LOT-01,W01,14,11,1,10,3.27,1.82,2125.1
EDGE-LOT-01,W01,14,12,1,10,3.52,1.75,2050.48
EDGE-LOT-01,W01,14,13,1,10,3.54,1.75,1993.81
EDGE-LOT-01,W01,15,-12,3,31,4.46,1.71,1998.81
EDGE-LOT-01,W01,15,-11,1,10,3.39,1.68,2018.46
EDGE-LOT-01,W01,15,-10,1,10,4.47,1.75,2044.35
EDGE-LOT-01,W01,15,-9,1,10,3.36,1.76,2059.97
EDGE-LOT-01,W01,15,-8,1,10,2.17,1.81,2106.07
EDGE-LOT-01,W01,15,-7,1,10,2.64,1.81,2074.05
EDGE-LOT-01,W01,15,-6,1,10,2.44,1.76,2106.09
EDGE-LOT-01,W01,15,-5,1,10,3.21,1.8,2045.24
EDGE-LOT-01,W01,15,-4,1,10,2.15,1.82,2044.7
EDGE-LOT-01,W01,15,-3,1,10,3.59,1.79,2127.57
EDGE-LOT-01,W01,15,-2,1,10,2.32,1.77,2106.62
EDGE-LOT-01,W01,15,-1,3,31,2.53,1.72,2115.11
EDGE-LOT-01,W01,15,0,1,10,2.53,1.84,2096.4
EDGE-LOT-01,W01,15,1,1,10,2.3,1.79,2057.68
EDGE-LOT-01,W01,15,2,1,10,2.65,1.83,2139.72
EDGE-LOT-01,W01,15,3,1,10,2.08,1.85,2090.36
EDGE-LOT-01,W01,15,4,1,10,2.58,1.8,2100.23
EDGE-LOT-01,W01,15,5,1,10,2.36,1.83,2069.09
EDGE-LOT-01,W01,15,6,1,10,2.38,1.85,2104.67
EDGE-LOT-01,W01,15,7,1,10,2.36,1.83,2106.34
EDGE-LOT-01,W01,15,8,1,10,2.49,1.78,2102.36
EDGE-LOT-01,W01,15,9,1,10,3.72,1.77,2124.73
EDGE-LOT-01,W01,15,10,1,10,2.63,1.78,2082.66
EDGE-LOT-01,W01,15,11,1,10,4.45,1.72,2012.27
EDGE-LOT-01,W01,15,12,1,10,4.01,1.67,2010.2
EDGE-LOT-01,W01,16,-10,2,21,4.96,1.69,2039.96
EDGE-LOT-01,W01,16,-9,1,10,3.55,1.76,2034.42
EDGE-LOT-01,W01,16,-8,1,10,3.03,1.78,2050.44
EDGE-LOT-01,W01,16,-7,1,10,3.24,1.78,2067.36
EDGE-LOT-01,W01,16,-6,1,10,2.17,1.74,2047.93
EDGE-LOT-01,W01,16,-5,1,10,2.08,1.84,2083.15
EDGE-LOT-01,W01,16,-4,1,10,2.91,1.81,2120.98
EDGE-LOT-01,W01,16,-3,1,10,2.49,1.74,2118.32
EDGE-LOT-01,W01,16,-2,1,11,2.54,1.74,2149.01
EDGE-LOT-01,W01,16,-1,1,10,2.14,1.8,2062.82
EDGE-LOT-01,W01,16,0,1,10,2.25,1.78,2109.76
EDGE-LOT-01,W01,16,1,1,10,2.69,1.73,2146.97
EDGE-LOT-01,W01,16,2,1,10,2,1.76,2111.52
EDGE-LOT-01,W01,16,3,1,10,2.55,1.81,2113.19
EDGE-LOT-01,W01,16,4,1,10,2.69,1.79,2081.92
EDGE-LOT-01,W01,16,5,1,10,2.45,1.85,2051.12
EDGE-LOT-01,W01,16,6,1,10,3.15,1.75,2102.68
EDGE-LOT-01,W01,16,7,1,10,2.49,1.71,2129.24
EDGE-LOT-01,W01,16,8,1,10,3.19,1.74,2082.06
EDGE-LOT-01,W01,16,9,1,10,4.15,1.74,2047.92
EDGE-LOT-01,W01,16,10,1,10,4.33,1.81,2045.34
EDGE-LOT-01,W01,17,-9,1,10,4.96,1.63,2045.37
EDGE-LOT-01,W01,17,-8,1,10,3.94,1.74,2019.03
EDGE-LOT-01,W01,17,-7,1,10,4.1,1.75,2037.63
EDGE-LOT-01,W01,17,-6,1,10,3.67,1.75,2055.04
EDGE-LOT-01,W01,17,-5,3,31,3.04,1.7,2087.27
EDGE-LOT-01,W01,17,-4,1,10,3.17,1.8,2113
EDGE-LOT-01,W01,17,-3,1,10,2.15,1.8,2057.37
EDGE-LOT-01,W01,17,-2,1,11,2.56,1.83,2064.9
EDGE-LOT-01,W01,17,-1,1,10,2.22,1.79,2094.2
EDGE-LOT-01,W01,17,0,1,10,1.92,1.87,2084.06
EDGE-LOT-01,W01,17,1,1,10,2.56,1.8,2129.2
EDGE-LOT-01,W01,17,2,1,10,2.07,1.84,2063.22
EDGE-LOT-01,W01,17,3,1,10,3.16,1.89,2092.24
EDGE-LOT-01,W01,17,4,1,10,2.86,1.71,2115.16
EDGE-LOT-01,W01,17,5,1,10,3.3,1.79,2095.85
EDGE-LOT-01,W01,17,6,1,11,3.94,1.79,2055.02
EDGE-LOT-01,W01,17,7,1,10,3.2,1.77,1996.86
EDGE-LOT-01,W01,17,8,1,10,5.22,1.71,2045.49
EDGE-LOT-01,W01,17,9,1,10,6.43,1.66,1988.29
EDGE-LOT-01,W01,18,-6,2,21,4.74,1.75,2003.8
EDGE-LOT-01,W01,18,-5,3,31,3.5,1.68,2044.42
EDGE-LOT-01,W01,18,-4,1,10,4.26,1.8,2049.16
EDGE-LOT-01,W01,18,-3,1,10,2.19,1.69,2067.48
EDGE-LOT-01,W01,18,-2,1,11,3.8,1.79,2066.24
EDGE-LOT-01,W01,18,-1,1,10,3.82,1.77,2036.82
EDGE-LOT-01,W01,18,0,1,10,4.92,1.74,2040.84
EDGE-LOT-01,W01,18,1,3,31,4.16,1.77,2072.22
EDGE-LOT-01,W01,18,2,1,10,3.98,1.74,2017.18
EDGE-LOT-01,W01,18,3,1,10,3.69,1.74,2048.35
EDGE-LOT-01,W01,18,4,1,10,3.3,1.75,2041.88
EDGE-LOT-01,W01,18,5,3,31,4.98,1.72,2031.55
EDGE-LOT-01,W01,18,6,1,10,5.37,1.74,2015.42
EDGE-LOT-01,W01,19,-3,1,10,3.34,1.7,1957.49
EDGE-LOT-01,W01,19,-2,3,31,3.41,1.68,2018.5
EDGE-LOT-01,W01,19,-1,2,21,4.88,1.72,2002.32
EDGE-LOT-01,W01,19,0,3,31,4.45,1.69,2058.21
EDGE-LOT-01,W01,19,1,1,11,3.94,1.72,1994.65
EDGE-LOT-01,W01,19,2,2,22,4.99,1.66,2015.05
EDGE-LOT-01,W01,19,3,2,21,4.7,1.72,2027.35
EDGE-LOT-01,W02,-19,-3,2,22,5.05,1.68,2030.82
EDGE-LOT-01,W02,-19,-2,2,21,4.74,1.64,2061.75
EDGE-LOT-01,W02,-19,-1,2,22,4.43,1.7,2040.36
EDGE-LOT-01,W02,-19,0,1,10,3.95,1.71,2048.24
EDGE-LOT-01,W02,-19,1,1,10,5.39,1.63,2069.86
EDGE-LOT-01,W02,-19,2,1,10,4.85,1.59,2005.34
EDGE-LOT-01,W02,-19,3,2,22,4.53,1.66,1989.1
EDGE-LOT-01,W02,-18,-6,3,31,3.78,1.72,1988.45
EDGE-LOT-01,W02,-18,-5,3,31,4.97,1.67,2015.99
EDGE-LOT-01,W02,-18,-4,1,10,4.27,1.76,2050.34
EDGE-LOT-01,W02,-18,-3,1,10,2.96,1.77,2087.04
EDGE-LOT-01,W02,-18,-2,1,10,3.9,1.73,1998.38
EDGE-LOT-01,W02,-18,-1,1,11,3.05,1.77,2073.95
EDGE-LOT-01,W02,-18,0,1,10,3.1,1.78,2086.86
EDGE-LOT-01,W02,-18,1,2,21,3.13,1.74,2041.76
EDGE-LOT-01,W02,-18,2,1,10,3.92,1.77,2060.18
EDGE-LOT-01,W02,-18,3,1,10,2.86,1.78,2026.34
EDGE-LOT-01,W02,-18,4,1,10,4.02,1.72,1971.67
EDGE-LOT-01,W02,-18,5,1,10,3.64,1.65,2007.02
EDGE-LOT-01,W02,-18,6,3,31,4.93,1.77,1999.49
EDGE-LOT-01,W02,-17,-9,3,31,2.96,1.66,2025.15
EDGE-LOT-01,W02,-17,-8,2,21,4.79,1.68,1996.18
EDGE-LOT-01,W02,-17,-7,2,22,5,1.72,2113.87
EDGE-LOT-01,W02,-17,-6,1,10,3.78,1.77,2051.68
EDGE-LOT-01,W02,-17,-5,1,10,3.6,1.74,1995.94
EDGE-LOT-01,W02,-17,-4,1,11,3.02,1.8,2114.14
EDGE-LOT-01,W02,-17,-3,1,10,3,1.83,2096.7
EDGE-LOT-01,W02,-17,-2,1,11,3.38,1.72,2053.04
EDGE-LOT-01,W02,-17,-1,1,10,1.97,1.79,2047.36
EDGE-LOT-01,W02,-17,0,1,10,2.31,1.83,2076.94
EDGE-LOT-01,W02,-17,1,1,10,2.88,1.78,2071.22
EDGE-LOT-01,W02,-17,2,1,10,2.85,1.78,2068.22
EDGE-LOT-01,W02,-17,3,1,10,3.41,1.78,2070.71
EDGE-LOT-01,W02,-17,4,1,10,3.19,1.78,2054.43
EDGE-LOT-01,W02,-17,5,1,10,3.98,1.78,2055.15
EDGE-LOT-01,W02,-17,6,1,10,3.5,1.77,2045.36
EDGE-LOT-01,W02,-17,7,1,10,4.3,1.76,2048.79
EDGE-LOT-01,W02,-17,8,1,10,4.15,1.75,2007.12
EDGE-LOT-01,W02,-17,9,1,10,5,1.67,2019.51
EDGE-LOT-01,W02,-16,-10,1,10,3.65,1.81,2029.63
EDGE-LOT-01,W02,-16,-9,1,10,2.92,1.76,2064.59
EDGE-LOT-01,W02,-16,-8,1,10,3.06,1.71,2064.66
EDGE-LOT-01,W02,-16,-7,1,10,2.99,1.75,2051.34
EDGE-LOT-01,W02,-16,-6,1,10,3.7,1.83,2078.99
EDGE-LOT-01,W02,-16,-5,1,10,2.59,1.81,2065.97
EDGE-LOT-01,W02,-16,-4,1,11,2.27,1.75,2070.01
EDGE-LOT-01,W02,-16,-3,1,10,2.78,1.78,2097.17
EDGE-LOT-01,W02,-16,-2,1,10,2.78,1.83,2057.75
EDGE-LOT-01,W02,-16,-1,1,11,1.62,1.85,2121.24
EDGE-LOT-01,W02,-16,0,1,11,2.33,1.75,2108.86
EDGE-LOT-01,W02,-16,1,1,10,2.03,1.77,2104.71
EDGE-LOT-01,W02,-16,2,1,10,2.14,1.77,2129.04
EDGE-LOT-01,W02,-16,3,1,10,2.81,1.81,2148.54
EDGE-LOT-01,W02,-16,4,1,10,2.25,1.86,2068.37
EDGE-LOT-01,W02,-16,5,1,10,2.23,1.8,2081.15
EDGE-LOT-01,W02,-16,6,1,10,2.86,1.77,2140.75
EDGE-LOT-01,W02,-16,7,1,10,2.76,1.74,2081.65
EDGE-LOT-01,W02,-16,8,1,10,2.83,1.77,2033.54
EDGE-LOT-01,W02,-16,9,1,10,3.67,1.73,2088.98
EDGE-LOT-01,W02,-16,10,1,10,4.96,1.7,2034.13
EDGE-LOT-01,W02,-15,-12,1,10,3.64,1.68,1974.33
EDGE-LOT-01,W02,-15,-11,1,10,3.48,1.7,2013.12
EDGE-LOT-01,W02,-15,-10,1,10,2.47,1.77,2095.69
EDGE-LOT-01,W02,-15,-9,1,10,2.7,1.77,2120.82
EDGE-LOT-01,W02,-15,-8,1,10,1.45,1.82,2118.94
EDGE-LOT-01,W02,-15,-7,1,10,2.78,1.82,2090.23
EDGE-LOT-01,W02,-15,-6,1,10,2.03,1.75,2056.29
EDGE-LOT-01,W02,-15,-5,1,10,2.96,1.78,2107.38
EDGE-LOT-01,W02,-15,-4,1,10,2.54,1.79,2092.68
EDGE-LOT-01,W02,-15,-3,1,10,2.66,1.82,2127.92
EDGE-LOT-01,W02,-15,-2,1,10,2.55,1.83,2126.81
EDGE-LOT-01,W02,-15,-1,1,10,2.47,1.81,2084.7
EDGE-LOT-01,W02,-15,0,1,11,2.63,1.73,2147.43
EDGE-LOT-01,W02,-15,1,1,11,2.37,1.75,2141.33
EDGE-LOT-01,W02,-15,2,1,10,3.01,1.78,2047.97
EDGE-LOT-01,W02,-15,3,1,10,2.28,1.83,2107.08
EDGE-LOT-01,W02,-15,4,1,10,2.15,1.79,2103.5
EDGE-LOT-01,W02,-15,5,1,10,2.4,1.79,2139.32
EDGE-LOT-01,W02,-15,6,1,10,2.21,1.81,2085.73
EDGE-LOT-01,W02,-15,7,1,10,2.57,1.75,2109.98
EDGE-LOT-01,W02,-15,8,1,10,2.2,1.86,2126.93
EDGE-LOT-01,W02,-15,9,1,10,2.54,1.74,2079.87
EDGE-LOT-01,W02,-15,10,1,10,4.37,1.73,2043.48
EDGE-LOT-01,W02,-15,11,2,21,3.33,1.69,2067.27
EDGE-LOT-01,W02,-15,12,1,10,3.38,1.74,2001.75
EDGE-LOT-01,W02,-14,-13,2,22,3.47,1.74,2016.62
EDGE-LOT-01,W02,-14,-12,1,10,4.01,1.8,2073.02
EDGE-LOT-01,W02,-14,-11,1,10,2.21,1.8,2072.37
EDGE-LOT-01,W02,-14,-10,1,10,3.11,1.76,2061.93
EDGE-LOT-01,W02,-14,-9,1,10,3.03,1.87,2042.83
EDGE-LOT-01,W02,-14,-8,1,10,2.53,1.8,2051.09
EDGE-LOT-01,W02,-14,-7,1,10,2.88,1.81,2110.35
EDGE-LOT-01,W02,-14,-6,1,10,1.9,1.68,2072.06
EDGE-LOT-01,W02,-14,-5,1,10,2.57,1.82,2092.55
EDGE-LOT-01,W02,-14,-4,1,10,1.56,1.76,2155.08
EDGE-LOT-01,W02,-14,-3,1,10,2.89,1.84,2030.54
EDGE-LOT-01,W02,-14,-2,1,10,2.66,1.78,2120.02
EDGE-LOT-01,W02,-14,-1,1,10,2.56,1.83,2104.2
EDGE-LOT-01,W02,-14,0,1,10,2.3,1.8,2091.48
EDGE-LOT-01,W02,-14,1,1,10,2.72,1.76,2075.35
EDGE-LOT-01,W02,-14,2,1,10,2.86,1.76,2130.07
EDGE-LOT-01,W02,-14,3,1,11,2.29,1.72,2062.75
EDGE-LOT-01,W02,-14,4,1,10,2.81,1.8,2100.14
EDGE-LOT-01,W02,-14,5,1,10,1.69,1.78,2132.53
EDGE-LOT-01,W02,-14,6,1,10,2.43,1.81,2126.27
EDGE-LOT-01,W02,-14,7,1,10,2.25,1.78,2085.07
EDGE-LOT-01,W02,-14,8,1,10,2.01,1.81,2104.48
EDGE-LOT-01,W02,-14,9,1,10,1.78,1.92,2073.25
EDGE-LOT-01,W02,-14,10,1,10,2.46,1.76,2093.3
EDGE-LOT-01,W02,-14,11,1,10,3.43,1.69,2062.54
EDGE-LOT-01,W02,-14,12,1,10,4.42,1.79,2011.03
EDGE-LOT-01,W02,-14,13,1,10,4.84,1.66,2014.73
EDGE-LOT-01,W02,-13,-14,2,22,4.8,1.7,2050.61
EDGE-LOT-01,W02,-13,-13,1,10,3.68,1.67,2016.72
EDGE-LOT-01,W02,-13,-12,2,22,3.6,1.77,2092.69
EDGE-LOT-01,W02,-13,-11,1,10,2.03,1.75,2079.16
EDGE-LOT-01,W02,-13,-10,1,10,1.98,1.81,2178.78
EDGE-LOT-01,W02,-13,-9,1,10,2.31,1.84,2104.29
EDGE-LOT-01,W02,-13,-8,1,10,2.84,1.76,2088.34
EDGE-LOT-01,W02,-13,-7,1,10,2.96,1.82,2072.13
EDGE-LOT-01,W02,-13,-6,1,10,3.02,1.73,2099.95
EDGE-LOT-01,W02,-13,-5,1,10,2.13,1.85,2060.96
EDGE-LOT-01,W02,-13,-4,1,10,1.94,1.81,2111.53
EDGE-LOT-01,W02,-13,-3,1,10,2.38,1.85,2093.63
EDGE-LOT-01,W02,-13,-2,1,10,2.49,1.78,2065.46
EDGE-LOT-01,W02,-13,-1,1,10,2.64,1.81,2056.54
EDGE-LOT-01,W02,-13,0,1,10,3.16,1.82,2075.64
EDGE-LOT-01,W02,-13,1,1,10,3.1,1.85,2060.53
EDGE-LOT-01,W02,-13,2,1,10,2.71,1.77,2082.27
EDGE-LOT-01,W02,-13,3,1,10,1.56,1.78,2075.07
EDGE-LOT-01,W02,-13,4,1,10,2.38,1.78,2127.74
EDGE-LOT-01,W02,-13,5,1,10,2.41,1.79,2070.43
EDGE-LOT-01,W02,-13,6,1,10,2.34,1.84,2055.84
EDGE-LOT-01,W02,-13,7,1,10,2.36,1.79,2111.96
EDGE-LOT-01,W02,-13,8,1,10,2.95,1.82,2130.21
EDGE-LOT-01,W02,-13,9,1,10,2.99,1.82,2092.31
EDGE-LOT-01,W02,-13,10,1,10,2.61,1.72,2105.81
EDGE-LOT-01,W02,-13,11,1,10,2.96,1.75,2109.05
EDGE-LOT-01,W02,-13,12,1,10,3.38,1.73,2085.03
EDGE-LOT-01,W02,-13,13,2,22,3.83,1.82,2047.64
EDGE-LOT-01,W02,-13,14,1,11,4.9,1.61,1973.83
EDGE-LOT-01,W02,-12,-15,1,10,4.98,1.74,2022.84
EDGE-LOT-01,W02,-12,-14,1,10,4,1.71,2075.23
EDGE-LOT-01,W02,-12,-13,1,10,3.59,1.8,2026.81
EDGE-LOT-01,W02,-12,-12,1,11,2.74,1.79,2089.27
EDGE-LOT-01,W02,-12,-11,1,10,3.62,1.87,2053.95
EDGE-LOT-01,W02,-12,-10,1,10,2.07,1.79,2079.85
EDGE-LOT-01,W02,-12,-9,1,10,2.07,1.83,2121.23
EDGE-LOT-01,W02,-12,-8,1,10,2.94,1.79,2124.56
EDGE-LOT-01,W02,-12,-7,1,10,2.84,1.8,2043.41
EDGE-LOT-01,W02,-12,-6,1,10,2.72,1.75,2054.78
EDGE-LOT-01,W02,-12,-5,1,10,2.46,1.84,2109.06
EDGE-LOT-01,W02,-12,-4,1,10,2.83,1.82,2088.77
EDGE-LOT-01,W02,-12,-3,1,10,3.53,1.87,2176.03
EDGE-LOT-01,W02,-12,-2,1,10,2.96,1.7,2086.26
EDGE-LOT-01,W02,-12,-1,1,10,2.22,1.79,2091.59
EDGE-LOT-01,W02,-12,0,1,10,2.59,1.82,2059.72
EDGE-LOT-01,W02,-12,1,1,10,2.99,1.82,2073.64
EDGE-LOT-01,W02,-12,2,1,10,2.44,1.81,2108.35
EDGE-LOT-01,W02,-12,3,1,10,2.7,1.84,2123.49
EDGE-LOT-01,W02,-12,4,1,10,2.77,1.8,2148.35
EDGE-LOT-01,W02,-12,5,1,10,2.1,1.69,2071.02
EDGE-LOT-01,W02,-12,6,1,11,2.28,1.76,2143.19
EDGE-LOT-01,W02,-12,7,1,10,2.98,1.88,2105.52
EDGE-LOT-01,W02,-12,8,1,10,2.45,1.81,2108.91
EDGE-LOT-01,W02,-12,9,1,11,1.81,1.73,2098.98
EDGE-LOT-01,W02,-12,10,1,10,2.91,1.82,2096.54
EDGE-LOT-01,W02,-12,11,1,10,2.47,1.81,2053.37
EDGE-LOT-01,W02,-12,12,1,10,2.63,1.83,2102.54
EDGE-LOT-01,W02,-12,13,1,10,3.23,1.78,2039.19
EDGE-LOT-01,W02,-12,14,1,11,3.28,1.73,2025.32
EDGE-LOT-01,W02,-12,15,1,10,5.12,1.71,2028.78
EDGE-LOT-01,W02,-11,-15,1,10,4.93,1.73,2115.95
EDGE-LOT-01,W02,-11,-14,1,10,4.24,1.78,2063.36
EDGE-LOT-01,W02,-11,-13,1,10,2.73,1.77,2138.11
EDGE-LOT-01,W02,-11,-12,1,10,2.48,1.86,2096.07
EDGE-LOT-01,W02,-11,-11,1,10,2.6,1.76,2111.17
EDGE-LOT-01,W02,-11,-10,1,10,3.1,1.84,2094.91
EDGE-LOT-01,W02,-11,-9,1,10,2.5,1.82,2050.09
EDGE-LOT-01,W02,-11,-8,1,10,2.26,1.81,2095.2
EDGE-LOT-01,W02,-11,-7,1,10,2.72,1.76,2058.03
EDGE-LOT-01,W02,-11,-6,1,10,2.75,1.79,2095.32
EDGE-LOT-01,W02,-11,-5,1,10,1.97,1.81,2090.21
EDGE-LOT-01,W02,-11,-4,1,10,3.15,1.88,2052.63
EDGE-LOT-01,W02,-11,-3,1,10,1.81,1.76,2056.14
EDGE-LOT-01,W02,-11,-2,1,10,2.85,1.82,2110.92
EDGE-LOT-01,W02,-11,-1,1,10,3.03,1.84,2053.35
EDGE-LOT-01,W02,-11,0,1,10,2.77,1.8,2083.6
EDGE-LOT-01,W02,-11,1,1,10,2.52,1.81,2117.47
EDGE-LOT-01,W02,-11,2,1,10,2.93,1.75,2144.64
EDGE-LOT-01,W02,-11,3,1,10,2.26,1.84,2011.17
EDGE-LOT-01,W02,-11,4,1,10,2.66,1.81,2075.43
EDGE-LOT-01,W02,-11,5,1,10,2.06,1.76,2156.06
EDGE-LOT-01,W02,-11,6,1,10,2.59,1.81,2075.62
EDGE-LOT-01,W02,-11,7,1,10,2.29,1.8,2096.94
EDGE-LOT-01,W02,-11,8,1,10,2.65,1.8,2083.99
EDGE-LOT-01,W02,-11,9,1,10,2.62,1.81,2096.75
EDGE-LOT-01,W02,-11,10,1,10,2.35,1.79,2071.67
EDGE-LOT-01,W02,-11,11,1,10,2.32,1.8,2146.18
EDGE-LOT-01,W02,-11,12,1,10,1.86,1.85,2107.33
EDGE-LOT-01,W02,-11,13,1,10,3.34,1.77,2068.14
EDGE-LOT-01,W02,-11,14,1,10,3.75,1.8,2046.72
EDGE-LOT-01,W02,-11,15,1,10,4.64,1.77,2026.88
EDGE-LOT-01,W02,-10,-16,3,31,3.3,1.66,2003.88
EDGE-LOT-01,W02,-10,-15,1,10,3.99,1.76,2057.17
EDGE-LOT-01,W02,-10,-14,1,10,2.83,1.87,2088.05
EDGE-LOT-01,W02,-10,-13,1,10,2.32,1.75,2086.18
EDGE-LOT-01,W02,-10,-12,1,11,2.96,1.75,2114.86
EDGE-LOT-01,W02,-10,-11,1,10,2.36,1.88,2118.76
EDGE-LOT-01,W02,-10,-10,1,10,2.64,1.77,2115.47
EDGE-LOT-01,W02,-10,-9,1,10,1.93,1.73,2044.5
EDGE-LOT-01,W02,-10,-8,1,11,2.69,1.85,2099.2
EDGE-LOT-01,W02,-10,-7,1,10,2.73,1.79,2133.5
EDGE-LOT-01,W02,-10,-6,1,10,2.4,1.78,2093.95
EDGE-LOT-01,W02,-10,-5,1,10,2.68,1.8,2158.78
EDGE-LOT-01,W02,-10,-4,1,10,2.51,1.76,2090.04
EDGE-LOT-01,W02,-10,-3,1,10,2.04,1.81,2143.46
EDGE-LOT-01,W02,-10,-2,1,10,3.48,1.73,2109.29
EDGE-LOT-01,W02,-10,-1,1,10,2.45,1.74,2052.95
EDGE-LOT-01,W02,-10,0,1,10,2.5,1.8,2121.69
EDGE-LOT-01,W02,-10,1,1,10,2.57,1.71,2093.86
EDGE-LOT-01,W02,-10,2,1,10,1.88,1.77,2075.53
EDGE-LOT-01,W02,-10,3,1,11,2.97,1.79,2135.38
EDGE-LOT-01,W02,-10,4,1,10,2.62,1.83,2111.98
EDGE-LOT-01,W02,-10,5,1,10,3.15,1.79,2101.15
EDGE-LOT-01,W02,-10,6,1,10,2.19,1.85,2126.65
EDGE-LOT-01,W02,-10,7,1,10,2.1,1.87,2102.87
EDGE-LOT-01,W02,-10,8,1,10,2.91,1.86,2111.08
EDGE-LOT-01,W02,-10,9,1,10,2.5,1.82,2059.82
EDGE-LOT-01,W02,-10,10,1,10,2.28,1.81,2095.95
EDGE-LOT-01,W02,-10,11,1,10,1.78,1.78,2099.64
EDGE-LOT-01,W02,-10,12,1,10,2.45,1.75,2095.4
EDGE-LOT-01,W02,-10,13,1,10,2.18,1.77,2068.62
EDGE-LOT-01,W02,-10,14,1,10,2.45,1.7,2125.09
EDGE-LOT-01,W02,-10,15,1,10,2.27,1.73,2101.89
EDGE-LOT-01,W02,-10,16,1,10,4.32,1.71,1993.88
EDGE-LOT-01,W02,-9,-17,1,10,5.17,1.72,1976.97
EDGE-LOT-01,W02,-9,-16,1,10,3.71,1.76,2031.95
EDGE-LOT-01,W02,-9,-15,1,10,2.25,1.78,2095.08
EDGE-LOT-01,W02,-9,-14,1,10,2.01,1.69,2148.74
EDGE-LOT-01,W02,-9,-13,1,10,1.83,1.8,2104.19
EDGE-LOT-01,W02,-9,-12,1,10,2.08,1.86,2081.74
EDGE-LOT-01,W02,-9,-11,1,10,2.74,1.77,2038.41
EDGE-LOT-01,W02,-9,-10,1,10,2.46,1.83,2089.82
EDGE-LOT-01,W02,-9,-9,1,10,2.57,1.77,2135.11
EDGE-LOT-01,W02,-9,-8,1,10,2.71,1.81,2115.19
EDGE-LOT-01,W02,-9,-7,1,10,2.61,1.82,2056.29
EDGE-LOT-01,W02,-9,-6,1,10,2.39,1.84,2086.98
EDGE-LOT-01,W02,-9,-5,1,10,2.47,1.77,2079.95
EDGE-LOT-01,W02,-9,-4,1,10,2.83,1.8,2053.79
EDGE-LOT-01,W02,-9,-3,1,10,2.84,1.74,2087.52
EDGE-LOT-01,W02,-9,-2,1,10,2.3,1.85,2098.65
EDGE-LOT-01,W02,-9,-1,1,10,3.1,1.74,2092.58
EDGE-LOT-01,W02,-9,0,1,10,2.63,1.84,2038.48
EDGE-LOT-01,W02,-9,1,1,10,2.38,1.78,2101.14
EDGE-LOT-01,W02,-9,2,1,10,2.86,1.85,2086.88
EDGE-LOT-01,W02,-9,3,1,10,3.03,1.79,2056.05
EDGE-LOT-01,W02,-9,4,1,10,2.15,1.76,2097.69
EDGE-LOT-01,W02,-9,5,2,21,2.93,1.84,2110.15
EDGE-LOT-01,W02,-9,6,1,10,3.21,1.8,2062.72
EDGE-LOT-01,W02,-9,7,1,10,2.46,1.81,2118.86
EDGE-LOT-01,W02,-9,8,1,10,1.84,1.79,2156.89
EDGE-LOT-01,W02,-9,9,1,10,1.77,1.81,2060.23
EDGE-LOT-01,W02,-9,10,1,10,2.53,1.8,2119.2
EDGE-LOT-01,W02,-9,11,1,10,2.48,1.81,2074.18
EDGE-LOT-01,W02,-9,12,1,10,3.25,1.82,2081.11
EDGE-LOT-01,W02,-9,13,1,10,2.7,1.8,2059.93
EDGE-LOT-01,W02,-9,14,1,11,2.83,1.75,2125.84
EDGE-LOT-01,W02,-9,15,1,10,2.7,1.71,2104.87
EDGE-LOT-01,W02,-9,16,2,21,3.75,1.71,2035.03
EDGE-LOT-01,W02,-9,17,1,10,4.81,1.71,2008.48
EDGE-LOT-01,W02,-8,-17,1,10,4.15,1.67,2060.78
EDGE-LOT-01,W02,-8,-16,1,10,3.45,1.7,2063.27
EDGE-LOT-01,W02,-8,-15,1,10,2.18,1.76,2105.29
EDGE-LOT-01,W02,-8,-14,1,11,2.84,1.76,2082.34
EDGE-LOT-01,W02,-8,-13,1,11,3.03,1.8,2141.53
EDGE-LOT-01,W02,-8,-12,1,10,1.42,1.87,2117.29
EDGE-LOT-01,W02,-8,-11,1,10,2.82,1.81,2124.04
EDGE-LOT-01,W02,-8,-10,1,10,2.36,1.84,2110.07
EDGE-LOT-01,W02,-8,-9,1,10,2.87,1.89,2129.73
EDGE-LOT-01,W02,-8,-8,1,10,3.21,1.87,2085.93
EDGE-LOT-01,W02,-8,-7,1,10,2.05,1.76,2148.57
EDGE-LOT-01,W02,-8,-6,1,10,2.62,1.8,2133.61
EDGE-LOT-01,W02,-8,-5,1,10,2.69,1.79,2079.13
EDGE-LOT-01,W02,-8,-4,1,10,2.61,1.83,2087.82
EDGE-LOT-01,W02,-8,-3,1,10,2.45,1.75,2110.62
EDGE-LOT-01,W02,-8,-2,1,10,2.82,1.82,2133.23
EDGE-LOT-01,W02,-8,-1,1,10,3.07,1.79,2084.49
EDGE-LOT-01,W02,-8,0,1,10,2.02,1.83,2084.38
EDGE-LOT-01,W02,-8,1,1,10,2.44,1.86,2065.24
EDGE-LOT-01,W02,-8,2,1,10,2.39,1.79,2078.12
EDGE-LOT-01,W02,-8,3,1,10,1.92,1.71,2112.58
EDGE-LOT-01,W02,-8,4,1,10,2.66,1.81,2117.47
EDGE-LOT-01,W02,-8,5,1,10,2.26,1.8,2074.93
EDGE-LOT-01,W02,-8,6,1,10,2.41,1.75,2067.38
EDGE-LOT-01,W02,-8,7,1,10,2.14,1.89,2109.55
EDGE-LOT-01,W02,-8,8,1,10,2.35,1.8,2088.06
EDGE-LOT-01,W02,-8,9,1,11,2.47,1.77,2082.15
EDGE-LOT-01,W02,-8,10,1,10,2.68,1.77,2120.83
EDGE-LOT-01,W02,-8,11,1,10,1.56,1.83,2093.26
EDGE-LOT-01,W02,-8,12,1,10,2.06,1.84,2092.28
EDGE-LOT-01,W02,-8,13,1,10,2.85,1.87,2060.52
EDGE-LOT-01,W02,-8,14,1,10,2.44,1.8,2110.46
EDGE-LOT-01,W02,-8,15,1,10,2.54,1.8,2113.98
EDGE-LOT-01,W02,-8,16,1,10,2.68,1.75,2009.47
EDGE-LOT-01,W02,-8,17,2,22,4.01,1.72,2044.82
EDGE-LOT-01,W02,-7,-17,1,10,3.6,1.73,2059.9
EDGE-LOT-01,W02,-7,-16,1,10,3.87,1.75,2078.38
EDGE-LOT-01,W02,-7,-15,1,10,2.82,1.76,2055.32
EDGE-LOT-01,W02,-7,-14,1,10,2.25,1.78,2169.24
EDGE-LOT-01,W02,-7,-13,1,10,2.36,1.8,2114.29
EDGE-LOT-01,W02,-7,-12,1,10,2.43,1.77,2122.3
EDGE-LOT-01,W02,-7,-11,1,11,1.95,1.75,2113.85
EDGE-LOT-01,W02,-7,-10,1,10,3.4,1.8,2071.92
EDGE-LOT-01,W02,-7,-9,1,10,3.01,1.85,2013.69
EDGE-LOT-01,W02,-7,-8,1,10,2.58,1.89,2167.38
EDGE-LOT-01,W02,-7,-7,1,10,2.43,1.79,2116.84
EDGE-LOT-01,W02,-7,-6,1,10,2.32,1.83,2121.73
EDGE-LOT-01,W02,-7,-5,1,10,2.2,1.78,2061.09
EDGE-LOT-01,W02,-7,-4,1,10,1.73,1.83,2089.41
EDGE-LOT-01,W02,-7,-3,1,10,2.03,1.84,2157.27
EDGE-LOT-01,W02,-7,-2,1,10,3.04,1.79,2111.67
EDGE-LOT-01,W02,-7,-1,1,10,2.99,1.81,2149.03
EDGE-LOT-01,W02,-7,0,1,10,3.1,1.77,2096.53
EDGE-LOT-01,W02,-7,1,1,10,2.47,1.85,2113.97
EDGE-LOT-01,W02,-7,2,1,10,2.59,1.83,2150.56
EDGE-LOT-01,W02,-7,3,1,11,2.26,1.81,2075.72
EDGE-LOT-01,W02,-7,4,1,10,2.86,1.83,2037.63
EDGE-LOT-01,W02,-7,5,1,10,2.55,1.8,2122.49
EDGE-LOT-01,W02,-7,6,1,10,2.26,1.77,2071.32
EDGE-LOT-01,W02,-7,7,1,10,1.98,1.78,2082.3
EDGE-LOT-01,W02,-7,8,1,10,2.29,1.78,2106.16
EDGE-LOT-01,W02,-7,9,1,10,2.35,1.79,2129.21
EDGE-LOT-01,W02,-7,10,1,10,2.77,1.74,2092.98
EDGE-LOT-01,W02,-7,11,1,10,3.08,1.9,2066.33
EDGE-LOT-01,W02,-7,12,1,10,2.07,1.83,2093.69
EDGE-LOT-01,W02,-7,13,1,10,2.33,1.78,2096.06
EDGE-LOT-01,W02,-7,14,1,10,2.8,1.73,2088.53
EDGE-LOT-01,W02,-7,15,1,11,2.95,1.82,2105.79
EDGE-LOT-01,W02,-7,16,1,10,2.5,1.76,2023.78
EDGE-LOT-01,W02,-7,17,1,10,2.54,1.73,2087.9
EDGE-LOT-01,W02,-6,-18,1,10,3.67,1.67,2026.73
EDGE-LOT-01,W02,-6,-17,1,10,4.23,1.83,2103.61
EDGE-LOT-01,W02,-6,-16,1,10,2.76,1.72,2092.13
EDGE-LOT-01,W02,-6,-15,1,10,1.72,1.8,2101.02
EDGE-LOT-01,W02,-6,-14,1,10,2.89,1.76,2107.42
EDGE-LOT-01,W02,-6,-13,1,10,2.41,1.74,2110.44
EDGE-LOT-01,W02,-6,-12,1,10,2.11,1.82,2015.99
EDGE-LOT-01,W02,-6,-11,1,10,2.68,1.8,2089.04
EDGE-LOT-01,W02,-6,-10,1,10,1.8,1.81,2080.02
EDGE-LOT-01,W02,-6,-9,1,10,2.58,1.9,2157.98
EDGE-LOT-01,W02,-6,-8,1,10,2.93,1.83,2107.79
EDGE-LOT-01,W02,-6,-7,1,10,2.26,1.78,2079.15
EDGE-LOT-01,W02,-6,-6,1,10,2.19,1.85,2123.21
EDGE-LOT-01,W02,-6,-5,1,10,2.08,1.78,2092.55
EDGE-LOT-01,W02,-6,-4,1,10,2.99,1.72,2098.29
EDGE-LOT-01,W02,-6,-3,1,10,2.39,1.8,2084.19
EDGE-LOT-01,W02,-6,-2,1,10,1.8,1.76,2076.6
EDGE-LOT-01,W02,-6,-1,1,10,2.52,1.85,2070.24
EDGE-LOT-01,W02,-6,0,1,10,3.28,1.79,2054.29
EDGE-LOT-01,W02,-6,1,1,10,2.89,1.83,2111.56
EDGE-LOT-01,W02,-6,2,1,10,2.76,1.84,2057.55
EDGE-LOT-01,W02,-6,3,1,10,2.39,1.74,2085.9
EDGE-LOT-01,W02,-6,4,1,10,2.03,1.85,2057.18
EDGE-LOT-01,W02,-6,5,1,10,3,1.76,2071.48
EDGE-LOT-01,W02,-6,6,1,10,2.76,1.84,2138.72
EDGE-LOT-01,W02,-6,7,1,10,2.21,1.86,2083.25
EDGE-LOT-01,W02,-6,8,1,10,2.82,1.68,2119.57
EDGE-LOT-01,W02,-6,9,1,10,2.38,1.76,2037.24
EDGE-LOT-01,W02,-6,10,1,10,2.32,1.8,2130.5
EDGE-LOT-01,W02,-6,11,1,10,2.49,1.79,2106.28
EDGE-LOT-01,W02,-6,12,1,10,2.43,1.81,2080.44
EDGE-LOT-01,W02,-6,13,1,10,2.94,1.86,2064.32
EDGE-LOT-01,W02,-6,14,1,10,2.19,1.85,2093.03
EDGE-LOT-01,W02,-6,15,1,10,1.94,1.78,2090.86
EDGE-LOT-01,W02,-6,16,1,10,2.28,1.78,2132.81
EDGE-LOT-01,W02,-6,17,1,10,3.43,1.78,2053.76
EDGE-LOT-01,W02,-6,18,3,31,4.78,1.8,2014.19
EDGE-LOT-01,W02,-5,-18,1,10,4.1,1.71,2032.12
EDGE-LOT-01,W02,-5,-17,1,10,3.92,1.75,2070.45
EDGE-LOT-01,W02,-5,-16,1,10,2.47,1.83,2084.43
EDGE-LOT-01,W02,-5,-15,1,11,1.83,1.79,2108.3
EDGE-LOT-01,W02,-5,-14,1,10,2.49,1.84,2097.19
EDGE-LOT-01,W02,-5,-13,1,10,2.28,1.81,2128.19
EDGE-LOT-01,W02,-5,-12,1,10,2.43,1.84,2069.08
EDGE-LOT-01,W02,-5,-11,1,10,2.35,1.8,2142.3
EDGE-LOT-01,W02,-5,-10,1,10,2.31,1.73,2078.58
EDGE-LOT-01,W02,-5,-9,1,11,2.9,1.86,2106.04
EDGE-LOT-01,W02,-5,-8,1,10,1.96,1.75,2103.21
EDGE-LOT-01,W02,-5,-7,1,10,2.29,1.81,2073.24
EDGE-LOT-01,W02,-5,-6,1,10,2.37,1.83,2088.86
EDGE-LOT-01,W02,-5,-5,1,10,2.43,1.78,2108.02
EDGE-LOT-01,W02,-5,-4,1,10,2.74,1.84,2094.29
EDGE-LOT-01,W02,-5,-3,1,10,2.37,1.78,2081.27
EDGE-LOT-01,W02,-5,-2,1,10,2.58,1.72,2113.41
EDGE-LOT-01,W02,-5,-1,1,10,1.96,1.86,2133.66
EDGE-LOT-01,W02,-5,0,1,10,2.17,1.77,2107.4
EDGE-LOT-01,W02,-5,1,1,10,2.15,1.77,2093.33
EDGE-LOT-01,W02,-5,2,1,10,2.18,1.74,2116.65
EDGE-LOT-01,W02,-5,3,1,10,2.66,1.76,2107.35
EDGE-LOT-01,W02,-5,4,1,10,2.16,1.74,2050.96
EDGE-LOT-01,W02,-5,5,1,10,2.16,1.77,2045.14
EDGE-LOT-01,W02,-5,6,1,10,3.26,1.72,2081.02
EDGE-LOT-01,W02,-5,7,1,10,3.15,1.84,2148.72
EDGE-LOT-01,W02,-5,8,1,10,1.81,1.74,2072.62
EDGE-LOT-01,W02,-5,9,1,10,2.34,1.81,2168.1
EDGE-LOT-01,W02,-5,10,2,21,2,1.79,2096.23
EDGE-LOT-01,W02,-5,11,1,10,2.74,1.84,2105.62
EDGE-LOT-01,W02,-5,12,1,11,2.52,1.83,2101.51
EDGE-LOT-01,W02,-5,13,1,11,2.26,1.79,2076.52
EDGE-LOT-01,W02,-5,14,1,10,2.97,1.89,2135.29
EDGE-LOT-01,W02,-5,15,1,10,3.09,1.81,2165.7
EDGE-LOT-01,W02,-5,16,1,10,1.67,1.88,2121.39
EDGE-LOT-01,W02,-5,17,1,10,3.89,1.79,2079.08
EDGE-LOT-01,W02,-5,18,1,10,2.16,1.8,2104.01
EDGE-LOT-01,W02,-4,-18,1,10,5.37,1.76,2034.56
EDGE-LOT-01,W02,-4,-17,1,10,2.98,1.81,2031.2
EDGE-LOT-01,W02,-4,-16,1,10,2.56,1.78,2096.13
EDGE-LOT-01,W02,-4,-15,1,10,1.97,1.81,2091.91
EDGE-LOT-01,W02,-4,-14,1,10,2.66,1.73,2096.84
EDGE-LOT-01,W02,-4,-13,1,10,2.35,1.77,2120.13
EDGE-LOT-01,W02,-4,-12,1,10,2.04,1.73,2095.81
EDGE-LOT-01,W02,-4,-11,1,10,2.73,1.81,2102.51
EDGE-LOT-01,W02,-4,-10,1,10,2.4,1.86,2067.87
EDGE-LOT-01,W02,-4,-9,1,11,2.38,1.82,2147.34
EDGE-LOT-01,W02,-4,-8,1,10,2.36,1.76,2117.5
EDGE-LOT-01,W02,-4,-7,1,10,2.18,1.81,2103
EDGE-LOT-01,W02,-4,-6,1,10,1.53,1.76,2122.11
EDGE-LOT-01,W02,-4,-5,1,10,2.63,1.78,2077.57
EDGE-LOT-01,W02,-4,-4,1,10,2.67,1.87,2100.4
EDGE-LOT-01,W02,-4,-3,1,10,2.73,1.68,2093.43
EDGE-LOT-01,W02,-4,-2,1,10,2.13,1.84,2086.67
EDGE-LOT-01,W02,-4,-1,1,10,2.48,1.77,2067.13
EDGE-LOT-01,W02,-4,0,1,10,2.94,1.72,2094.72
EDGE-LOT-01,W02,-4,1,1,11,1.84,1.8,2076.63
EDGE-LOT-01,W02,-4,2,1,10,2.38,1.78,2072.44
EDGE-LOT-01,W02,-4,3,1,10,1.8,1.86,2074.21
EDGE-LOT-01,W02,-4,4,1,10,2.17,1.82,2084.84
EDGE-LOT-01,W02,-4,5,1,10,3,1.81,2090.51
EDGE-LOT-01,W02,-4,6,1,10,1.64,1.85,2158.4
EDGE-LOT-01,W02,-4,7,1,10,1.88,1.82,2078.52
EDGE-LOT-01,W02,-4,8,1,10,2.55,1.78,2106.2
EDGE-LOT-01,W02,-4,9,1,10,1.94,1.73,2037.37
EDGE-LOT-01,W02,-4,10,1,10,2.95,1.81,2098.05
EDGE-LOT-01,W02,-4,11,1,10,2.08,1.8,2089.12
EDGE-LOT-01,W02,-4,12,1,10,2.23,1.72,2070.63
EDGE-LOT-01,W02,-4,13,1,10,2.04,1.77,2179.96
EDGE-LOT-01,W02,-4,14,1,11,2.53,1.79,2080.88
EDGE-LOT-01,W02,-4,15,1,10,2.97,1.74,2030.5
EDGE-LOT-01,W02,-4,16,1,10,2.21,1.84,2151.64
EDGE-LOT-01,W02,-4,17,1,10,2.93,1.79,2097.23
EDGE-LOT-01,W02,-4,18,2,22,3.13,1.72,2072.74
EDGE-LOT-01,W02,-3,-19,3,31,5.43,1.59,2035.13
EDGE-LOT-01,W02,-3,-18,1,10,3.47,1.76,2031.7
EDGE-LOT-01,W02,-3,-17,1,10,3.12,1.75,2136.86
EDGE-LOT-01,W02,-3,-16,1,10,2.46,1.76,2097.66
EDGE-LOT-01,W02,-3,-15,1,10,2.57,1.86,2056.42
EDGE-LOT-01,W02,-3,-14,1,10,2.01,1.81,2103.95
EDGE-LOT-01,W02,-3,-13,1,10,2.68,1.79,2113.34
EDGE-LOT-01,W02,-3,-12,1,10,2.32,1.78,2178.04
EDGE-LOT-01,W02,-3,-11,1,10,1.81,1.78,2078.27
EDGE-LOT-01,W02,-3,-10,1,10,2.57,1.82,2066.92
EDGE-LOT-01,W02,-3,-9,1,10,2.19,1.77,2134.7
EDGE-LOT-01,W02,-3,-8,1,10,2.63,1.88,2079.91
EDGE-LOT-01,W02,-3,-7,1,10,2.51,1.8,2070.63
EDGE-LOT-01,W02,-3,-6,1,10,2.53,1.89,2097.87
EDGE-LOT-01,W02,-3,-5,1,10,3.08,1.79,2045.76
EDGE-LOT-01,W02,-3,-4,1,10,2.73,1.91,2053.47
EDGE-LOT-01,W02,-3,-3,1,10,2.9,1.79,2106.95
EDGE-LOT-01,W02,-3,-2,1,11,2.15,1.84,2092.31
EDGE-LOT-01,W02,-3,-1,1,10,2.62,1.77,2068.69
EDGE-LOT-01,W02,-3,0,1,10,2.2,1.81,2126.74
EDGE-LOT-01,W02,-3,1,1,10,2.97,1.81,2031.25
EDGE-LOT-01,W02,-3,2,1,10,2.73,1.86,2140.2
EDGE-LOT-01,W02,-3,3,1,10,2.91,1.71,2073.9
EDGE-LOT-01,W02,-3,4,1,10,2.45,1.8,2123.82
EDGE-LOT-01,W02,-3,5,1,10,2.56,1.83,2062.89
EDGE-LOT-01,W02,-3,6,1,10,2.15,1.79,2106.11
EDGE-LOT-01,W02,-3,7,1,10,1.91,1.81,2148.16
EDGE-LOT-01,W02,-3,8,1,10,2.43,1.8,2100.81
EDGE-LOT-01,W02,-3,9,1,10,1.85,1.76,2066.9
EDGE-LOT-01,W02,-3,10,1,10,2.52,1.74,2097.25
EDGE-LOT-01,W02,-3,11,1,10,2.17,1.82,2069.28
EDGE-LOT-01,W02,-3,12,1,10,3.23,1.76,2127.49
EDGE-LOT-01,W02,-3,13,1,10,2.23,1.77,2109.24
EDGE-LOT-01,W02,-3,14,1,10,2.24,1.81,2113.1
EDGE-LOT-01,W02,-3,15,1,10,2.67,1.85,2108.12
EDGE-LOT-01,W02,-3,16,1,10,1.92,1.88,2094.87
EDGE-LOT-01,W02,-3,17,1,10,2.22,1.83,2088.02
EDGE-LOT-01,W02,-3,18,1,10,2.93,1.78,2035.2
EDGE-LOT-01,W02,-3,19,3,31,4.83,1.67,2038.88
EDGE-LOT-01,W02,-2,-19,1,10,5.77,1.67,2043.27
EDGE-LOT-01,W02,-2,-18,1,10,3.38,1.71,2049.78
EDGE-LOT-01,W02,-2,-17,1,10,3.03,1.75,2098.16
EDGE-LOT-01,W02,-2,-16,1,10,2.76,1.81,2125
EDGE-LOT-01,W02,-2,-15,1,10,2.73,1.76,2112.85
EDGE-LOT-01,W02,-2,-14,1,10,2.21,1.77,2133.51
EDGE-LOT-01,W02,-2,-13,1,10,2.26,1.77,2113.74
EDGE-LOT-01,W02,-2,-12,1,10,2.16,1.83,2063.77
EDGE-LOT-01,W02,-2,-11,1,10,2.2,1.77,2097.6
EDGE-LOT-01,W02,-2,-10,1,10,2.75,1.83,2072.12
EDGE-LOT-01,W02,-2,-9,1,10,2.58,1.77,2084.18
EDGE-LOT-01,W02,-2,-8,1,10,2.45,1.79,2095.78
EDGE-LOT-01,W02,-2,-7,1,10,1.86,1.75,2077.39
EDGE-LOT-01,W02,-2,-6,1,10,2.92,1.72,2073.65
EDGE-LOT-01,W02,-2,-5,1,10,2.63,1.73,2070
EDGE-LOT-01,W02,-2,-4,1,10,2.46,1.79,2068.34
EDGE-LOT-01,W02,-2,-3,1,11,2.59,1.85,2093.1
EDGE-LOT-01,W02,-2,-2,1,10,2.7,1.78,2178.27
EDGE-LOT-01,W02,-2,-1,1,10,2.87,1.87,2128.3
EDGE-LOT-01,W02,-2,0,1,10,1.6,1.81,2077.11
EDGE-LOT-01,W02,-2,1,1,10,2.48,1.82,2115.61
EDGE-LOT-01,W02,-2,2,1,10,2.28,1.82,2160.35
EDGE-LOT-01,W02,-2,3,1,10,1.96,1.8,2128.36
EDGE-LOT-01,W02,-2,4,1,11,3.31,1.84,2110.81
EDGE-LOT-01,W02,-2,5,1,10,2.24,1.81,2058.39
EDGE-LOT-01,W02,-2,6,1,10,3.06,1.83,2185.92
EDGE-LOT-01,W02,-2,7,1,10,2.79,1.76,2090.62
EDGE-LOT-01,W02,-2,8,1,10,2.59,1.83,2076.64
EDGE-LOT-01,W02,-2,9,1,10,2.47,1.83,2108.14
EDGE-LOT-01,W02,-2,10,1,10,1.93,1.71,2181.86
EDGE-LOT-01,W02,-2,11,1,10,3.19,1.79,2102.58
EDGE-LOT-01,W02,-2,12,1,10,2.14,1.75,2084.66
EDGE-LOT-01,W02,-2,13,1,10,2.07,1.79,2088.32
EDGE-LOT-01,W02,-2,14,1,10,2.71,1.83,2073.89
EDGE-LOT-01,W02,-2,15,1,10,2.39,1.75,2177.57
EDGE-LOT-01,W02,-2,16,1,10,2.94,1.78,2088.25
EDGE-LOT-01,W02,-2,17,1,10,2.66,1.85,2122.53
EDGE-LOT-01,W02,-2,18,1,10,3.34,1.73,2035.76
EDGE-LOT-01,W02,-2,19,3,31,3.85,1.73,2028.03
EDGE-LOT-01,W02,-1,-19,2,21,4.53,1.79,2022.03
EDGE-LOT-01,W02,-1,-18,1,11,4.32,1.73,2028.87
EDGE-LOT-01,W02,-1,-17,1,10,2.32,1.83,2062.39
EDGE-LOT-01,W02,-1,-16,1,11,2.53,1.86,2127.7
EDGE-LOT-01,W02,-1,-15,1,10,2.19,1.79,2098.01
EDGE-LOT-01,W02,-1,-14,1,10,2.58,1.77,2122.03
EDGE-LOT-01,W02,-1,-13,1,11,2.59,1.76,2124.75
EDGE-LOT-01,W02,-1,-12,1,10,2.57,1.72,2090.65
EDGE-LOT-01,W02,-1,-11,1,10,2.44,1.73,2055.1
EDGE-LOT-01,W02,-1,-10,1,10,2.24,1.78,2111.48
EDGE-LOT-01,W02,-1,-9,1,10,2.82,1.84,2124.57
EDGE-LOT-01,W02,-1,-8,1,10,2.41,1.81,2138.71
EDGE-LOT-01,W02,-1,-7,1,10,2.76,1.79,2078.47
EDGE-LOT-01,W02,-1,-6,1,11,2.61,1.75,2083.97
EDGE-LOT-01,W02,-1,-5,1,10,1.94,1.77,2056.86
EDGE-LOT-01,W02,-1,-4,1,10,2.29,1.82,2116.23
EDGE-LOT-01,W02,-1,-3,1,11,2.73,1.84,2059.72
EDGE-LOT-01,W02,-1,-2,1,10,2.56,1.88,2009.53
EDGE-LOT-01,W02,-1,-1,1,10,2.9,1.75,2140.5
EDGE-LOT-01,W02,-1,0,1,10,2.06,1.83,2064.6
EDGE-LOT-01,W02,-1,1,1,10,2.32,1.82,2046.77
EDGE-LOT-01,W02,-1,2,1,10,2.75,1.87,2110.62
EDGE-LOT-01,W02,-1,3,1,10,2.93,1.83,2096.89
EDGE-LOT-01,W02,-1,4,1,10,2.31,1.77,2125.6
EDGE-LOT-01,W02,-1,5,1,10,3.27,1.83,2104.24
EDGE-LOT-01,W02,-1,6,1,10,2.53,1.82,2116.91
EDGE-LOT-01,W02,-1,7,1,10,3.03,1.77,2099.05
EDGE-LOT-01,W02,-1,8,1,10,2.59,1.84,2093.4
EDGE-LOT-01,W02,-1,9,1,10,2.49,1.78,2090.62
EDGE-LOT-01,W02,-1,10,1,10,3.26,1.79,2121.75
EDGE-LOT-01,W02,-1,11,1,10,2.3,1.8,2109.72
EDGE-LOT-01,W02,-1,12,1,11,2.66,1.77,2112.33
EDGE-LOT-01,W02,-1,13,1,10,1.9,1.78,2141.43
EDGE-LOT-01,W02,-1,14,1,10,1.97,1.81,2087.05
EDGE-LOT-01,W02,-1,15,1,10,2.44,1.81,2119.29
EDGE-LOT-01,W02,-1,16,1,11,2.53,1.8,2096.14
EDGE-LOT-01,W02,-1,17,1,10,1.93,1.83,2115.97
EDGE-LOT-01,W02,-1,18,1,10,3.95,1.74,2082.81
EDGE-LOT-01,W02,-1,19,1,10,3.2,1.68,1990.29
EDGE-LOT-01,W02,0,-19,3,31,3.7,1.73,2003.11
EDGE-LOT-01,W02,0,-18,1,10,3.29,1.66,1990.97
EDGE-LOT-01,W02,0,-17,1,10,2.49,1.76,2088.63
EDGE-LOT-01,W02,0,-16,1,11,3.12,1.83,2117.17
EDGE-LOT-01,W02,0,-15,1,10,3.1,1.83,2069.46
EDGE-LOT-01,W02,0,-14,1,11,2.83,1.8,2108.59
EDGE-LOT-01,W02,0,-13,1,10,2.35,1.77,2096.05
EDGE-LOT-01,W02,0,-12,1,10,1.96,1.78,2069.94
EDGE-LOT-01,W02,0,-11,1,10,2.68,1.82,2136.31
EDGE-LOT-01,W02,0,-10,1,10,2.53,1.81,2074.58
EDGE-LOT-01,W02,0,-9,1,10,1.83,1.86,2099.9
EDGE-LOT-01,W02,0,-8,1,10,2.41,1.8,2105.93
EDGE-LOT-01,W02,0,-7,1,10,2.41,1.83,2154.87
EDGE-LOT-01,W02,0,-6,1,10,3.03,1.81,2091.47
EDGE-LOT-01,W02,0,-5,1,10,2.3,1.85,2124.68
EDGE-LOT-01,W02,0,-4,1,10,2.15,1.8,2131.79
EDGE-LOT-01,W02,0,-3,1,10,2.47,1.78,2120.16
EDGE-LOT-01,W02,0,-2,1,10,2.89,1.84,2063.15
EDGE-LOT-01,W02,0,-1,1,10,1.47,1.85,2088.08
EDGE-LOT-01,W02,0,0,1,10,1.95,1.85,2111.49
EDGE-LOT-01,W02,0,1,1,10,2.3,1.81,2055.91
EDGE-LOT-01,W02,0,2,1,10,2.34,1.78,2087.01
EDGE-LOT-01,W02,0,3,1,10,2.62,1.7,2067.01
EDGE-LOT-01,W02,0,4,1,10,3.29,1.84,2086.75
EDGE-LOT-01,W02,0,5,1,10,2.93,1.79,2098.96
EDGE-LOT-01,W02,0,6,1,10,2.49,1.79,2142
EDGE-LOT-01,W02,0,7,1,10,1.92,1.78,2070.91
EDGE-LOT-01,W02,0,8,1,10,2.12,1.85,2116.86
EDGE-LOT-01,W02,0,9,1,11,2.87,1.8,2113.14
EDGE-LOT-01,W02,0,10,1,10,1.87,1.79,2120.4
EDGE-LOT-01,W02,0,11,1,10,2.8,1.79,2126.96
EDGE-LOT-01,W02,0,12,1,10,1.74,1.79,2119.08
EDGE-LOT-01,W02,0,13,1,10,2.51,1.74,2099.76
EDGE-LOT-01,W02,0,14,1,10,2.34,1.85,2067.68
EDGE-LOT-01,W02,0,15,1,10,2.74,1.77,2112.96
EDGE-LOT-01,W02,0,16,1,10,2.88,1.85,2115.15
EDGE-LOT-01,W02,0,17,1,10,2.57,1.78,2064.12
EDGE-LOT-01,W02,0,18,1,10,3.18,1.74,2055.22
EDGE-LOT-01,W02,0,19,3,31,4.36,1.71,2064.94
EDGE-LOT-01,W02,1,-19,1,10,6.4,1.66,2020.03
EDGE-LOT-01,W02,1,-18,1,10,3.27,1.71,2057.48
EDGE-LOT-01,W02,1,-17,1,10,2.79,1.83,2122.28
EDGE-LOT-01,W02,1,-16,1,10,2.98,1.81,2083.12
EDGE-LOT-01,W02,1,-15,1,10,2.86,1.89,2062.7
EDGE-LOT-01,W02,1,-14,1,11,1.72,1.85,2105.47
EDGE-LOT-01,W02,1,-13,1,10,2.45,1.88,2109.82
EDGE-LOT-01,W02,1,-12,1,10,1.98,1.78,2091.28
EDGE-LOT-01,W02,1,-11,1,10,2.24,1.78,2174.05
EDGE-LOT-01,W02,1,-10,1,10,2.93,1.78,2090.64
EDGE-LOT-01,W02,1,-9,1,11,2.72,1.79,2063.11
EDGE-LOT-01,W02,1,-8,1,11,3.03,1.69,2105.51
EDGE-LOT-01,W02,1,-7,1,10,1.9,1.84,2108.57
EDGE-LOT-01,W02,1,-6,1,10,1.88,1.81,2127.23
EDGE-LOT-01,W02,1,-5,1,10,2.92,1.8,2067.7
EDGE-LOT-01,W02,1,-4,1,10,2.98,1.79,2097.59
EDGE-LOT-01,W02,1,-3,1,10,2.24,1.88,2100.95
EDGE-LOT-01,W02,1,-2,1,10,2.46,1.86,2066.67
EDGE-LOT-01,W02,1,-1,1,10,2.37,1.8,2050.59
EDGE-LOT-01,W02,1,0,1,10,2.54,1.8,2104.51
EDGE-LOT-01,W02,1,1,1,10,2.9,1.85,2077.1
EDGE-LOT-01,W02,1,2,1,10,2.81,1.77,2123.07
EDGE-LOT-01,W02,1,3,1,10,2.19,1.75,2084.25
EDGE-LOT-01,W02,1,4,1,10,2.02,1.86,2126.42
EDGE-LOT-01,W02,1,5,1,10,2.52,1.78,2088.68
EDGE-LOT-01,W02,1,6,1,10,3.06,1.76,2124.99
EDGE-LOT-01,W02,1,7,1,10,3.24,1.82,2101.74
EDGE-LOT-01,W02,1,8,1,10,2.55,1.83,2082.62
EDGE-LOT-01,W02,1,9,1,10,2.7,1.79,2128.6
EDGE-LOT-01,W02,1,10,1,10,2.15,1.79,2120.47
EDGE-LOT-01,W02,1,11,1,10,2.75,1.82,2121.09
EDGE-LOT-01,W02,1,12,1,10,2.71,1.85,2115.14
EDGE-LOT-01,W02,1,13,1,10,2.36,1.81,2074.45
EDGE-LOT-01,W02,1,14,1,10,2.75,1.76,2114.1
EDGE-LOT-01,W02,1,15,1,10,2.55,1.67,2116.67
EDGE-LOT-01,W02,1,16,1,10,2.86,1.86,2126.73
EDGE-LOT-01,W02,1,17,1,10,2.17,1.79,2117.58
EDGE-LOT-01,W02,1,18,1,10,3.6,1.75,2037.33
EDGE-LOT-01,W02,1,19,3,31,4.83,1.73,1982.99
EDGE-LOT-01,W02,2,-19,3,31,5.77,1.72,2026.79
EDGE-LOT-01,W02,2,-18,2,21,3.64,1.81,2041.71
EDGE-LOT-01,W02,2,-17,1,10,2.59,1.84,2108.51
EDGE-LOT-01,W02,2,-16,1,10,2.3,1.86,2103.98
EDGE-LOT-01,W02,2,-15,1,10,2.14,1.84,2120.69
EDGE-LOT-01,W02,2,-14,1,10,2.06,1.79,2128.06
EDGE-LOT-01,W02,2,-13,1,10,2.77,1.8,2079.64
EDGE-LOT-01,W02,2,-12,1,10,2.25,1.73,2138.9
EDGE-LOT-01,W02,2,-11,1,10,2,1.84,2096.88
EDGE-LOT-01,W02,2,-10,1,10,2.87,1.79,2113.55
EDGE-LOT-01,W02,2,-9,1,10,2.12,1.78,2113.35
EDGE-LOT-01,W02,2,-8,1,10,2.85,1.82,2118.84
EDGE-LOT-01,W02,2,-7,1,10,2.01,1.86,2120.63
EDGE-LOT-01,W02,2,-6,1,10,2.1,1.8,2096.87
EDGE-LOT-01,W02,2,-5,2,22,2.6,1.74,2070.43
EDGE-LOT-01,W02,2,-4,1,10,2.94,1.79,2100.56
EDGE-LOT-01,W02,2,-3,1,10,2.39,1.81,2144.42
EDGE-LOT-01,W02,2,-2,1,11,2.52,1.71,2066.55
EDGE-LOT-01,W02,2,-1,1,10,2.54,1.83,2088.87
EDGE-LOT-01,W02,2,0,1,10,3.15,1.78,2089
EDGE-LOT-01,W02,2,1,1,10,2.82,1.83,2145.23
EDGE-LOT-01,W02,2,2,1,11,2.59,1.84,2132.28
EDGE-LOT-01,W02,2,3,1,10,2.26,1.84,2117.31
EDGE-LOT-01,W02,2,4,1,10,3.11,1.76,2102.74
EDGE-LOT-01,W02,2,5,1,10,2.26,1.77,2078.34
EDGE-LOT-01,W02,2,6,1,10,3.05,1.75,2075.08
EDGE-LOT-01,W02,2,7,1,10,2.3,1.75,2074.63
EDGE-LOT-01,W02,2,8,1,10,2.38,1.79,2039.82
EDGE-LOT-01,W02,2,9,1,10,2,1.8,2063.35
EDGE-LOT-01,W02,2,10,1,10,2.71,1.79,2131.43
EDGE-LOT-01,W02,2,11,1,10,2.71,1.84,2113.69
EDGE-LOT-01,W02,2,12,1,10,2.53,1.81,2089.97
EDGE-LOT-01,W02,2,13,1,10,2.93,1.82,2131.58
EDGE-LOT-01,W02,2,14,1,10,1.98,1.78,2101.98
EDGE-LOT-01,W02,2,15,1,10,1.92,1.77,2082.74
EDGE-LOT-01,W02,2,16,1,10,3.01,1.79,2049.95
EDGE-LOT-01,W02,2,17,1,10,2.18,1.79,2132.21
EDGE-LOT-01,W02,2,18,1,10,4.47,1.72,2033.59
EDGE-LOT-01,W02,2,19,1,10,4.99,1.65,2044.16
EDGE-LOT-01,W02,3,-19,1,10,4.46,1.67,1980.35
EDGE-LOT-01,W02,3,-18,3,31,3.27,1.73,2086.62
EDGE-LOT-01,W02,3,-17,1,10,2.95,1.83,2096.68
EDGE-LOT-01,W02,3,-16,1,10,2.95,1.7,2111.72
EDGE-LOT-01,W02,3,-15,1,10,2.55,1.83,2079.01
EDGE-LOT-01,W02,3,-14,1,10,2.03,1.82,2063.92
EDGE-LOT-01,W02,3,-13,1,10,2.97,1.84,2089.34
EDGE-LOT-01,W02,3,-12,1,10,2.26,1.79,2075.17
EDGE-LOT-01,W02,3,-11,1,10,2.21,1.89,2097.7
EDGE-LOT-01,W02,3,-10,1,10,2.14,1.83,2078.75
EDGE-LOT-01,W02,3,-9,1,10,1.85,1.82,2076.02
EDGE-LOT-01,W02,3,-8,1,10,2.68,1.8,2070.98
EDGE-LOT-01,W02,3,-7,1,10,2.43,1.7,2083.61
EDGE-LOT-01,W02,3,-6,1,10,3.25,1.77,2105.98
EDGE-LOT-01,W02,3,-5,1,10,2.27,1.82,2093.39
EDGE-LOT-01,W02,3,-4,1,10,2.28,1.8,2120.5
EDGE-LOT-01,W02,3,-3,1,10,2.32,1.79,2152.49
EDGE-LOT-01,W02,3,-2,1,11,2.59,1.78,2108.56
EDGE-LOT-01,W02,3,-1,1,10,2.73,1.74,2084.72
EDGE-LOT-01,W02,3,0,1,10,2.36,1.88,2124.68
EDGE-LOT-01,W02,3,1,1,10,2.12,1.82,2092.73
EDGE-LOT-01,W02,3,2,1,10,2.4,1.87,2092
EDGE-LOT-01,W02,3,3,1,10,2.56,1.78,2135.95
EDGE-LOT-01,W02,3,4,1,10,2.31,1.79,2101.07
EDGE-LOT-01,W02,3,5,1,10,1.91,1.83,2078.87
EDGE-LOT-01,W02,3,6,1,10,1.98,1.85,2139.74
EDGE-LOT-01,W02,3,7,1,10,1.72,1.78,2117.49
EDGE-LOT-01,W02,3,8,1,10,2.32,1.74,2062.57
EDGE-LOT-01,W02,3,9,1,10,2.09,1.78,2155.8
EDGE-LOT-01,W02,3,10,1,10,1.53,1.82,2061.94
EDGE-LOT-01,W02,3,11,1,10,1.94,1.82,2104.64
EDGE-LOT-01,W02,3,12,1,10,2.35,1.75,2102.28
EDGE-LOT-01,W02,3,13,1,10,2.77,1.75,2068.13
EDGE-LOT-01,W02,3,14,1,10,2.43,1.92,2111.12
EDGE-LOT-01,W02,3,15,1,10,2.55,1.78,2103.62
EDGE-LOT-01,W02,3,16,1,10,3.03,1.8,2147.9
EDGE-LOT-01,W02,3,17,1,10,2.78,1.81,2096.64
EDGE-LOT-01,W02,3,18,1,10,2.74,1.77,2053.45
EDGE-LOT-01,W02,3,19,1,10,5.2,1.71,1992.91
EDGE-LOT-01,W02,4,-18,1,10,3.58,1.7,2082.88
EDGE-LOT-01,W02,4,-17,1,10,2.84,1.8,2088.53
EDGE-LOT-01,W02,4,-16,1,10,2.44,1.78,2101.03
EDGE-LOT-01,W02,4,-15,1,10,2.32,1.76,2159.61
EDGE-LOT-01,W02,4,-14,1,10,2.57,1.77,2081.06
EDGE-LOT-01,W02,4,-13,1,10,2.88,1.83,2110.93
EDGE-LOT-01,W02,4,-12,1,10,2.76,1.82,2149.8
EDGE-LOT-01,W02,4,-11,1,10,3.55,1.83,2101.31
EDGE-LOT-01,W02,4,-10,1,10,1.77,1.83,2094.36
EDGE-LOT-01,W02,4,-9,1,10,2.84,1.77,2118.58
EDGE-LOT-01,W02,4,-8,1,10,2.56,1.75,2135.8
EDGE-LOT-01,W02,4,-7,1,10,2.32,1.78,2133.21
EDGE-LOT-01,W02,4,-6,1,10,2.72,1.82,2141.78
EDGE-LOT-01,W02,4,-5,1,10,2.77,1.81,2156.57
EDGE-LOT-01,W02,4,-4,1,10,2.31,1.84,2086.26
EDGE-LOT-01,W02,4,-3,1,10,2.99,1.86,2131.63
EDGE-LOT-01,W02,4,-2,1,10,2.19,1.76,2123.66
EDGE-LOT-01,W02,4,-1,1,10,2.62,1.77,2088.26
EDGE-LOT-01,W02,4,0,1,10,2.53,1.79,2088.45
EDGE-LOT-01,W02,4,1,1,10,2.72,1.81,2101
EDGE-LOT-01,W02,4,2,1,10,2.33,1.87,2114.53
EDGE-LOT-01,W02,4,3,1,10,2.43,1.8,2094.63
EDGE-LOT-01,W02,4,4,1,10,2.33,1.83,2057.62
EDGE-LOT-01,W02,4,5,1,10,2.35,1.8,2108.11
EDGE-LOT-01,W02,4,6,1,11,2.67,1.81,2137.38
EDGE-LOT-01,W02,4,7,1,10,2.56,1.78,2101.72
EDGE-LOT-01,W02,4,8,1,10,2.79,1.8,2127.99
EDGE-LOT-01,W02,4,9,1,10,2.58,1.72,2111.03
EDGE-LOT-01,W02,4,10,1,10,2.84,1.76,2089.35
EDGE-LOT-01,W02,4,11,1,10,1.94,1.84,2113.89
EDGE-LOT-01,W02,4,12,1,10,2.62,1.79,2103.06
EDGE-LOT-01,W02,4,13,1,10,2.83,1.81,2092.59
EDGE-LOT-01,W02,4,14,1,10,3.01,1.79,2181.61
EDGE-LOT-01,W02,4,15,1,10,2.06,1.79,2077.7
EDGE-LOT-01,W02,4,16,1,10,2.79,1.8,2052.01
EDGE-LOT-01,W02,4,17,1,10,3.29,1.86,2074.17
EDGE-LOT-01,W02,4,18,1,10,4.04,1.76,2075.33
EDGE-LOT-01,W02,5,-18,1,10,4.22,1.77,2016.09
EDGE-LOT-01,W02,5,-17,3,31,2.47,1.7,2071.42
EDGE-LOT-01,W02,5,-16,1,10,2.83,1.78,2093.89
EDGE-LOT-01,W02,5,-15,1,10,2.93,1.78,2090.71
EDGE-LOT-01,W02,5,-14,1,10,2.05,1.81,2114.51
EDGE-LOT-01,W02,5,-13,1,10,2.63,1.83,2142.35
EDGE-LOT-01,W02,5,-12,1,10,2.8,1.79,2145.56
EDGE-LOT-01,W02,5,-11,1,10,2.25,1.77,2081.92
EDGE-LOT-01,W02,5,-10,1,11,2.44,1.84,2104.05
EDGE-LOT-01,W02,5,-9,1,10,2.68,1.82,2071.23
EDGE-LOT-01,W02,5,-8,1,10,1.96,1.73,2074.3
EDGE-LOT-01,W02,5,-7,1,11,2.47,1.78,2071.62
EDGE-LOT-01,W02,5,-6,1,10,1.88,1.71,2162.41
EDGE-LOT-01,W02,5,-5,1,10,2.84,1.85,2088.49
EDGE-LOT-01,W02,5,-4,1,10,1.98,1.79,2084
EDGE-LOT-01,W02,5,-3,1,10,2.94,1.8,2116.54
EDGE-LOT-01,W02,5,-2,1,10,3.27,1.85,2085.94
EDGE-LOT-01,W02,5,-1,1,10,2.35,1.84,2109.65
EDGE-LOT-01,W02,5,0,1,11,2.25,1.76,2106.3
EDGE-LOT-01,W02,5,1,1,10,2.51,1.87,2125.28
EDGE-LOT-01,W02,5,2,1,10,2.63,1.77,2100.39
EDGE-LOT-01,W02,5,3,1,10,2.51,1.79,2165.44
EDGE-LOT-01,W02,5,4,1,10,2.69,1.8,2099.08
EDGE-LOT-01,W02,5,5,1,10,2.75,1.8,2025.59
EDGE-LOT-01,W02,5,6,1,10,2.35,1.82,2105.9
EDGE-LOT-01,W02,5,7,1,10,2.3,1.78,2117.89
EDGE-LOT-01,W02,5,8,1,10,2.77,1.81,2066.1
EDGE-LOT-01,W02,5,9,1,10,2.71,1.76,2117.46
EDGE-LOT-01,W02,5,10,1,10,2.42,1.83,2114.04
EDGE-LOT-01,W02,5,11,1,10,2.87,1.72,2093.22
EDGE-LOT-01,W02,5,12,1,10,1.73,1.85,2058.88
EDGE-LOT-01,W02,5,13,1,10,2.62,1.77,2055.35
EDGE-LOT-01,W02,5,14,1,10,2.55,1.74,2135.31
EDGE-LOT-01,W02,5,15,1,10,2.87,1.8,2155.86
EDGE-LOT-01,W02,5,16,1,10,3.45,1.77,2119.2
EDGE-LOT-01,W02,5,17,1,10,3.82,1.82,2063.36
EDGE-LOT-01,W02,5,18,1,10,4.23,1.76,2028.57
EDGE-LOT-01,W02,6,-18,1,10,5.55,1.74,2017.92
EDGE-LOT-01,W02,6,-17,1,10,3.8,1.73,2068.46
EDGE-LOT-01,W02,6,-16,1,10,2.04,1.75,2115.14
EDGE-LOT-01,W02,6,-15,1,10,2.23,1.83,2049.24
EDGE-LOT-01,W02,6,-14,1,10,2.21,1.78,2100.41
EDGE-LOT-01,W02,6,-13,1,10,1.81,1.73,2123.92
EDGE-LOT-01,W02,6,-12,1,10,2.72,1.78,2087.98
EDGE-LOT-01,W02,6,-11,1,10,2.54,1.82,2083.05
EDGE-LOT-01,W02,6,-10,1,10,2.94,1.79,2154.01
EDGE-LOT-01,W02,6,-9,1,10,2.05,1.79,2144.63
EDGE-LOT-01,W02,6,-8,1,10,2.85,1.85,2099.11
EDGE-LOT-01,W02,6,-7,1,10,2.52,1.81,2144.29
EDGE-LOT-01,W02,6,-6,1,10,2.17,1.79,2070.59
EDGE-LOT-01,W02,6,-5,1,10,2.34,1.87,2121.13
EDGE-LOT-01,W02,6,-4,1,10,2.06,1.81,2105.3
EDGE-LOT-01,W02,6,-3,1,10,2.87,1.78,2154.36
EDGE-LOT-01,W02,6,-2,1,10,3.67,1.79,2109.92
EDGE-LOT-01,W02,6,-1,1,10,2.62,1.84,2133.68
EDGE-LOT-01,W02,6,0,1,10,2.82,1.84,2070.6
EDGE-LOT-01,W02,6,1,1,10,3.21,1.77,2143.32
EDGE-LOT-01,W02,6,2,1,10,3.06,1.77,2076.37
EDGE-LOT-01,W02,6,3,1,10,2.97,1.76,2108.58
EDGE-LOT-01,W02,6,4,1,10,2.84,1.83,2112.59
EDGE-LOT-01,W02,6,5,1,10,2.59,1.72,2043.89
EDGE-LOT-01,W02,6,6,1,10,2.51,1.73,2076.45
EDGE-LOT-01,W02,6,7,1,10,2.87,1.79,2056.56
EDGE-LOT-01,W02,6,8,1,10,2.34,1.74,2114.27
EDGE-LOT-01,W02,6,9,1,11,2.49,1.75,2106.46
EDGE-LOT-01,W02,6,10,1,10,2.49,1.87,2154.11
EDGE-LOT-01,W02,6,11,1,10,2.48,1.75,2075.54
EDGE-LOT-01,W02,6,12,1,10,2.59,1.84,2101.2
EDGE-LOT-01,W02,6,13,1,10,2.92,1.87,2104.16
EDGE-LOT-01,W02,6,14,1,10,2.26,1.76,2090.1
EDGE-LOT-01,W02,6,15,1,10,2.19,1.83,2094.98
EDGE-LOT-01,W02,6,16,1,10,2.79,1.83,2076.21
EDGE-LOT-01,W02,6,17,1,10,4.53,1.75,2051.49
EDGE-LOT-01,W02,6,18,3,31,4.3,1.71,2036.15
EDGE-LOT-01,W02,7,-17,1,10,3.88,1.76,2042.98
EDGE-LOT-01,W02,7,-16,1,10,3.45,1.82,2083.76
EDGE-LOT-01,W02,7,-15,1,11,3.05,1.85,2179.7
EDGE-LOT-01,W02,7,-14,1,10,2.45,1.79,2126.66
EDGE-LOT-01,W02,7,-13,1,10,2.02,1.73,2108.66
EDGE-LOT-01,W02,7,-12,1,10,3,1.8,2095.24
EDGE-LOT-01,W02,7,-11,1,10,2.26,1.93,2049.01
EDGE-LOT-01,W02,7,-10,1,10,1.77,1.77,2121.32
EDGE-LOT-01,W02,7,-9,1,10,2.97,1.77,2108.63
EDGE-LOT-01,W02,7,-8,1,10,2.78,1.73,2070.94
EDGE-LOT-01,W02,7,-7,1,10,3.14,1.82,2058.43
EDGE-LOT-01,W02,7,-6,1,10,1.98,1.78,2114.79
EDGE-LOT-01,W02,7,-5,1,10,2.42,1.76,2104.99
EDGE-LOT-01,W02,7,-4,1,10,2.97,1.79,2081.49
EDGE-LOT-01,W02,7,-3,1,10,2.3,1.8,2004.86
EDGE-LOT-01,W02,7,-2,1,11,2.59,1.81,2043
EDGE-LOT-01,W02,7,-1,1,10,1.67,1.74,2041.28
EDGE-LOT-01,W02,7,0,1,10,2.51,1.78,2151.13
EDGE-LOT-01,W02,7,1,1,10,2.09,1.77,2089.21
EDGE-LOT-01,W02,7,2,1,10,2.48,1.82,2074.71
EDGE-LOT-01,W02,7,3,1,10,2.4,1.84,2079.35
EDGE-LOT-01,W02,7,4,1,10,2.77,1.72,2108.54
EDGE-LOT-01,W02,7,5,1,10,3.37,1.77,2096.9
EDGE-LOT-01,W02,7,6,1,10,2.39,1.87,2148.67
EDGE-LOT-01,W02,7,7,1,10,2.6,1.88,2096.95
EDGE-LOT-01,W02,7,8,2,21,2.44,1.75,2083.58
EDGE-LOT-01,W02,7,9,1,10,2.48,1.81,2121.54
EDGE-LOT-01,W02,7,10,1,10,1.89,1.84,2123.58
EDGE-LOT-01,W02,7,11,1,10,1.76,1.82,2072.32
EDGE-LOT-01,W02,7,12,1,10,2.83,1.74,2094.65
EDGE-LOT-01,W02,7,13,1,10,2.66,1.8,2059.5
EDGE-LOT-01,W02,7,14,1,10,2.94,1.83,2072.02
EDGE-LOT-01,W02,7,15,1,10,2.4,1.73,2107.71
EDGE-LOT-01,W02,7,16,3,31,3.34,1.74,2054.96
EDGE-LOT-01,W02,7,17,1,10,3.73,1.7,2026.74
EDGE-LOT-01,W02,8,-17,3,31,4.21,1.73,2033.84
EDGE-LOT-01,W02,8,-16,1,10,4.38,1.74,2047.55
EDGE-LOT-01,W02,8,-15,1,10,2.52,1.75,2115.51
EDGE-LOT-01,W02,8,-14,1,10,2.37,1.86,2102.56
EDGE-LOT-01,W02,8,-13,1,10,2.75,1.77,2069.1
EDGE-LOT-01,W02,8,-12,1,10,2.47,1.8,2138.32
EDGE-LOT-01,W02,8,-11,1,10,1.73,1.76,2079.34
EDGE-LOT-01,W02,8,-10,1,10,2.52,1.78,2125.98
EDGE-LOT-01,W02,8,-9,1,10,2.07,1.79,2128.14
EDGE-LOT-01,W02,8,-8,1,10,2.57,1.92,2091.86
EDGE-LOT-01,W02,8,-7,1,10,2.06,1.82,2082.96
EDGE-LOT-01,W02,8,-6,1,10,2.36,1.76,2162.24
EDGE-LOT-01,W02,8,-5,1,10,3.23,1.85,2068.16
EDGE-LOT-01,W02,8,-4,1,10,1.86,1.84,2162.31
EDGE-LOT-01,W02,8,-3,1,10,2.69,1.82,2107.24
EDGE-LOT-01,W02,8,-2,1,10,2.74,1.73,2072.01
EDGE-LOT-01,W02,8,-1,1,10,1.73,1.82,2110.48
EDGE-LOT-01,W02,8,0,1,10,1.71,1.73,2084.17
EDGE-LOT-01,W02,8,1,1,10,2.84,1.85,2092.52
EDGE-LOT-01,W02,8,2,1,10,2.23,1.75,2136.31
EDGE-LOT-01,W02,8,3,1,10,2.09,1.77,2124.86
EDGE-LOT-01,W02,8,4,1,10,2.61,1.86,2084.64
EDGE-LOT-01,W02,8,5,2,22,2.61,1.78,2054.86
EDGE-LOT-01,W02,8,6,1,10,2.78,1.7,2096.87
EDGE-LOT-01,W02,8,7,1,10,2.53,1.78,2057.48
EDGE-LOT-01,W02,8,8,1,10,2,1.83,2058.8
EDGE-LOT-01,W02,8,9,1,10,2.8,1.8,2107.6
EDGE-LOT-01,W02,8,10,1,10,3.07,1.79,2122.51
EDGE-LOT-01,W02,8,11,1,10,2.88,1.85,2069.9
EDGE-LOT-01,W02,8,12,1,10,2.11,1.84,2154.35
EDGE-LOT-01,W02,8,13,1,10,2.78,1.74,2099.01
EDGE-LOT-01,W02,8,14,1,10,2.71,1.75,2062.74
EDGE-LOT-01,W02,8,15,1,10,2.23,1.75,2139.7
EDGE-LOT-01,W02,8,16,2,21,3.87,1.75,2042.44
EDGE-LOT-01,W02,8,17,1,10,4.8,1.73,1992.64
EDGE-LOT-01,W02,9,-17,1,10,4.85,1.77,1994.4
EDGE-LOT-01,W02,9,-16,1,11,4.19,1.74,2078.62
EDGE-LOT-01,W02,9,-15,1,10,3.06,1.72,2096.18
EDGE-LOT-01,W02,9,-14,1,11,2.73,1.83,2101.52
EDGE-LOT-01,W02,9,-13,1,10,3.05,1.81,2049.78
EDGE-LOT-01,W02,9,-12,1,10,2.73,1.83,2117.57
EDGE-LOT-01,W02,9,-11,1,10,2.1,1.87,2101.09
EDGE-LOT-01,W02,9,-10,1,10,2.3,1.84,2067.09
EDGE-LOT-01,W02,9,-9,1,10,2.28,1.84,2083.76
EDGE-LOT-01,W02,9,-8,1,10,2.73,1.8,2100.24
EDGE-LOT-01,W02,9,-7,1,10,2.02,1.78,2067.33
EDGE-LOT-01,W02,9,-6,1,10,2.84,1.85,2051.37
EDGE-LOT-01,W02,9,-5,1,10,1.65,1.73,2106.17
EDGE-LOT-01,W02,9,-4,1,10,2.54,1.82,2098.47
EDGE-LOT-01,W02,9,-3,1,10,2.42,1.75,2146.06
EDGE-LOT-01,W02,9,-2,1,11,2.73,1.77,2129.03
EDGE-LOT-01,W02,9,-1,1,10,2.64,1.79,2100.61
EDGE-LOT-01,W02,9,0,1,10,2.87,1.83,2099.77
EDGE-LOT-01,W02,9,1,1,10,2.98,1.78,2080.55
EDGE-LOT-01,W02,9,2,1,10,2.74,1.68,2138.87
EDGE-LOT-01,W02,9,3,1,10,2.34,1.84,2087.55
EDGE-LOT-01,W02,9,4,1,10,1.69,1.81,2077.04
EDGE-LOT-01,W02,9,5,1,10,2.83,1.8,2139.58
EDGE-LOT-01,W02,9,6,1,10,2.26,1.79,2050.47
EDGE-LOT-01,W02,9,7,1,10,3.18,1.76,2099.14
EDGE-LOT-01,W02,9,8,1,10,2.67,1.77,2142.84
EDGE-LOT-01,W02,9,9,1,10,2.18,1.82,2150.02
EDGE-LOT-01,W02,9,10,1,10,2.25,1.81,2108.34
EDGE-LOT-01,W02,9,11,1,10,3.09,1.78,2088.48
EDGE-LOT-01,W02,9,12,1,10,2.04,1.81,2103.29
EDGE-LOT-01,W02,9,13,1,10,2.83,1.82,2064.63
EDGE-LOT-01,W02,9,14,1,10,3.85,1.83,2093.4
EDGE-LOT-01,W02,9,15,1,10,1.73,1.84,2072.57
EDGE-LOT-01,W02,9,16,1,11,4.39,1.76,2059.38
EDGE-LOT-01,W02,9,17,3,31,3.37,1.71,2023.27
EDGE-LOT-01,W02,10,-16,1,10,4.46,1.75,2066.99
EDGE-LOT-01,W02,10,-15,1,10,3.56,1.72,2070.71
EDGE-LOT-01,W02,10,-14,1,10,2.86,1.85,2095.35
EDGE-LOT-01,W02,10,-13,1,10,2.71,1.78,2119.08
EDGE-LOT-01,W02,10,-12,1,10,2.94,1.75,2082.23
EDGE-LOT-01,W02,10,-11,1,10,1.83,1.81,2138.29
EDGE-LOT-01,W02,10,-10,1,10,2.66,1.82,2087.74
EDGE-LOT-01,W02,10,-9,1,10,2.9,1.7,2108.03
EDGE-LOT-01,W02,10,-8,1,10,2.23,1.83,2122.53
EDGE-LOT-01,W02,10,-7,1,10,2.07,1.8,2136.42
EDGE-LOT-01,W02,10,-6,1,10,2.51,1.83,2163.07
EDGE-LOT-01,W02,10,-5,1,10,2.83,1.77,2109.77
EDGE-LOT-01,W02,10,-4,1,10,1.66,1.8,2044.13
EDGE-LOT-01,W02,10,-3,1,10,3.13,1.83,2120.09
EDGE-LOT-01,W02,10,-2,1,10,2.31,1.86,2110.92
EDGE-LOT-01,W02,10,-1,1,11,2.95,1.81,2100.28
EDGE-LOT-01,W02,10,0,1,10,1.7,1.84,2098.19
EDGE-LOT-01,W02,10,1,1,11,2.29,1.82,2115.95
EDGE-LOT-01,W02,10,2,1,10,2.68,1.81,2104.23
EDGE-LOT-01,W02,10,3,1,10,2.02,1.82,2070.75
EDGE-LOT-01,W02,10,4,1,10,3.22,1.83,2139.08
EDGE-LOT-01,W02,10,5,1,10,1.94,1.81,2109.47
EDGE-LOT-01,W02,10,6,1,10,3.09,1.76,2107.52
EDGE-LOT-01,W02,10,7,1,10,3.14,1.86,2088.26
EDGE-LOT-01,W02,10,8,1,10,2.52,1.72,2103.53
EDGE-LOT-01,W02,10,9,1,10,3.04,1.83,2128.08
EDGE-LOT-01,W02,10,10,1,10,2,1.76,2063.81
EDGE-LOT-01,W02,10,11,1,10,2.84,1.83,2118.1
EDGE-LOT-01,W02,10,12,1,10,1.83,1.75,2077.51
EDGE-LOT-01,W02,10,13,1,10,2.69,1.8,2060.67
EDGE-LOT-01,W02,10,14,1,10,2.01,1.83,2093.89
EDGE-LOT-01,W02,10,15,1,10,4.7,1.83,2103.48
EDGE-LOT-01,W02,10,16,1,10,4.05,1.79,2056.29
EDGE-LOT-01,W02,11,-15,3,31,3.64,1.73,2096.69
EDGE-LOT-01,W02,11,-14,1,10,3.16,1.8,2082.2
EDGE-LOT-01,W02,11,-13,1,11,3.33,1.85,2130.66
EDGE-LOT-01,W02,11,-12,1,10,2.52,1.78,2074.73
EDGE-LOT-01,W02,11,-11,1,10,2.99,1.7,2108.65
EDGE-LOT-01,W02,11,-10,1,10,3.01,1.84,2123.12
EDGE-LOT-01,W02,11,-9,1,10,2.12,1.89,2124.37
EDGE-LOT-01,W02,11,-8,1,10,2.7,1.85,2018.08
EDGE-LOT-01,W02,11,-7,1,10,2.44,1.81,2107.37
EDGE-LOT-01,W02,11,-6,1,10,2.28,1.78,2118.09
EDGE-LOT-01,W02,11,-5,1,10,2.08,1.81,2033.22
EDGE-LOT-01,W02,11,-4,1,10,2.32,1.79,2128.54
EDGE-LOT-01,W02,11,-3,1,10,2.48,1.79,2124.55
EDGE-LOT-01,W02,11,-2,1,11,2.14,1.74,2185.95
EDGE-LOT-01,W02,11,-1,1,10,1.86,1.79,2078.76
EDGE-LOT-01,W02,11,0,1,10,1.89,1.8,2140.48
EDGE-LOT-01,W02,11,1,1,10,2.52,1.79,2116.77
EDGE-LOT-01,W02,11,2,1,10,2.85,1.79,2140.8
EDGE-LOT-01,W02,11,3,1,10,2.43,1.85,2105.47
EDGE-LOT-01,W02,11,4,1,10,2.57,1.77,2131.34
EDGE-LOT-01,W02,11,5,1,10,1.98,1.79,2208.23
EDGE-LOT-01,W02,11,6,1,10,2.38,1.79,2065.36
EDGE-LOT-01,W02,11,7,1,10,1.96,1.88,2108.52
EDGE-LOT-01,W02,11,8,1,10,2.14,1.76,2127.35
EDGE-LOT-01,W02,11,9,1,10,3.23,1.82,2086.84
EDGE-LOT-01,W02,11,10,1,10,2.42,1.81,2119.19
EDGE-LOT-01,W02,11,11,1,10,3.38,1.8,2126.58
EDGE-LOT-01,W02,11,12,1,10,2.91,1.68,2094.76
EDGE-LOT-01,W02,11,13,1,10,3.59,1.76,2116.48
EDGE-LOT-01,W02,11,14,1,10,3.42,1.75,2099.21
EDGE-LOT-01,W02,11,15,1,11,4.58,1.7,2006.09
EDGE-LOT-01,W02,12,-15,2,21,5.04,1.73,1999.33
EDGE-LOT-01,W02,12,-14,1,10,4.54,1.71,2024.69
EDGE-LOT-01,W02,12,-13,1,10,3.58,1.78,2121.95
EDGE-LOT-01,W02,12,-12,1,10,2.5,1.79,2131.29
EDGE-LOT-01,W02,12,-11,1,10,2.1,1.83,2089.26
EDGE-LOT-01,W02,12,-10,1,10,2.64,1.88,2138.57
EDGE-LOT-01,W02,12,-9,1,10,1.99,1.79,2126.55
EDGE-LOT-01,W02,12,-8,1,10,2.85,1.74,2089.78
EDGE-LOT-01,W02,12,-7,1,10,2.26,1.81,2063.85
EDGE-LOT-01,W02,12,-6,1,10,2.69,1.77,2077.21
EDGE-LOT-01,W02,12,-5,1,10,1.67,1.74,2132.07
EDGE-LOT-01,W02,12,-4,1,10,2.73,1.79,2111.34
EDGE-LOT-01,W02,12,-3,1,10,2.76,1.73,2072.63
EDGE-LOT-01,W02,12,-2,1,10,2.85,1.75,2044.4
EDGE-LOT-01,W02,12,-1,1,10,2.86,1.81,2080.53
EDGE-LOT-01,W02,12,0,1,10,2.34,1.83,2127.2
EDGE-LOT-01,W02,12,1,1,10,2.65,1.81,2100.41
EDGE-LOT-01,W02,12,2,1,10,1.85,1.84,2124.23
EDGE-LOT-01,W02,12,3,1,10,2.3,1.83,2051.58
EDGE-LOT-01,W02,12,4,1,10,2.9,1.8,2070.7
EDGE-LOT-01,W02,12,5,1,10,2.61,1.81,2077.99
EDGE-LOT-01,W02,12,6,1,10,2.42,1.81,2149.59
EDGE-LOT-01,W02,12,7,1,10,2.32,1.81,2110.87
EDGE-LOT-01,W02,12,8,1,10,2.84,1.78,2113.09
EDGE-LOT-01,W02,12,9,1,10,2.34,1.82,2122.04
EDGE-LOT-01,W02,12,10,1,10,2.47,1.8,2083.37
EDGE-LOT-01,W02,12,11,1,10,2.57,1.8,2105.94
EDGE-LOT-01,W02,12,12,1,10,2.73,1.77,2041.77
EDGE-LOT-01,W02,12,13,1,10,4.02,1.73,2060.87
EDGE-LOT-01,W02,12,14,1,10,3.61,1.77,2072.33
EDGE-LOT-01,W02,12,15,1,10,5.08,1.65,1969.25
EDGE-LOT-01,W02,13,-14,3,31,4.95,1.68,2029.74
EDGE-LOT-01,W02,13,-13,1,10,3.33,1.76,2028.02
EDGE-LOT-01,W02,13,-12,1,10,3.07,1.78,2116.41
EDGE-LOT-01,W02,13,-11,1,10,2.25,1.7,2094.43
EDGE-LOT-01,W02,13,-10,1,10,2.33,1.79,2034.31
EDGE-LOT-01,W02,13,-9,1,10,2.07,1.77,2070.98
EDGE-LOT-01,W02,13,-8,1,10,2.96,1.78,2110.06
EDGE-LOT-01,W02,13,-7,1,10,2.56,1.82,2047.86
EDGE-LOT-01,W02,13,-6,1,10,1.82,1.81,2070.34
EDGE-LOT-01,W02,13,-5,1,10,3.09,1.74,2119.43
EDGE-LOT-01,W02,13,-4,1,11,2.37,1.8,2035.11
EDGE-LOT-01,W02,13,-3,1,10,2.88,1.81,2019.42
EDGE-LOT-01,W02,13,-2,1,10,2.64,1.84,2114.38
EDGE-LOT-01,W02,13,-1,1,11,2.52,1.8,2128.13
EDGE-LOT-01,W02,13,0,1,10,2.48,1.78,2085.39
EDGE-LOT-01,W02,13,1,1,10,2.76,1.83,2124.71
EDGE-LOT-01,W02,13,2,1,10,2.3,1.71,2154.64
EDGE-LOT-01,W02,13,3,1,10,1.7,1.83,2135.47
EDGE-LOT-01,W02,13,4,1,10,2.12,1.82,2097.18
EDGE-LOT-01,W02,13,5,1,10,2.21,1.84,2101.88
EDGE-LOT-01,W02,13,6,1,10,2.15,1.72,2085.79
EDGE-LOT-01,W02,13,7,1,10,2.87,1.78,2091.12
EDGE-LOT-01,W02,13,8,1,10,3.14,1.74,2056.9
EDGE-LOT-01,W02,13,9,1,10,1.98,1.74,2098.1
EDGE-LOT-01,W02,13,10,1,10,2.6,1.78,2125.73
EDGE-LOT-01,W02,13,11,1,10,3.16,1.76,2067.01
EDGE-LOT-01,W02,13,12,1,10,3.46,1.75,2063.57
EDGE-LOT-01,W02,13,13,2,21,3.93,1.72,2025.46
EDGE-LOT-01,W02,13,14,1,10,4.41,1.69,2024.89
EDGE-LOT-01,W02,14,-13,1,10,4.48,1.73,2010.33
EDGE-LOT-01,W02,14,-12,1,10,3.28,1.72,1994.72
EDGE-LOT-01,W02,14,-11,1,10,2.67,1.62,2065.39
EDGE-LOT-01,W02,14,-10,1,10,2.64,1.84,2097.92
EDGE-LOT-01,W02,14,-9,1,10,2.09,1.7,2119.56
EDGE-LOT-01,W02,14,-8,1,10,2.41,1.81,2109.57
EDGE-LOT-01,W02,14,-7,1,10,2.69,1.78,2062.71
EDGE-LOT-01,W02,14,-6,1,11,2.6,1.82,2096.62
EDGE-LOT-01,W02,14,-5,1,10,2.73,1.83,2096.63
EDGE-LOT-01,W02,14,-4,1,10,2.71,1.88,2174.88
EDGE-LOT-01,W02,14,-3,1,10,2.32,1.8,2073.45
EDGE-LOT-01,W02,14,-2,1,10,2.6,1.77,2062.34
EDGE-LOT-01,W02,14,-1,1,10,2.51,1.8,2110
EDGE-LOT-01,W02,14,0,1,10,2.67,1.82,2134.32
EDGE-LOT-01,W02,14,1,1,10,3.2,1.83,2081.16
EDGE-LOT-01,W02,14,2,1,10,2.72,1.84,2081.84
EDGE-LOT-01,W02,14,3,1,10,3.11,1.85,2098.92
EDGE-LOT-01,W02,14,4,1,10,3.39,1.81,2071.96
EDGE-LOT-01,W02,14,5,1,10,2.73,1.79,2059.28
EDGE-LOT-01,W02,14,6,1,10,3.24,1.8,2091.6
EDGE-LOT-01,W02,14,7,1,10,3.06,1.78,2116.96
EDGE-LOT-01,W02,14,8,1,10,2.77,1.82,2102.88
EDGE-LOT-01,W02,14,9,1,10,2.97,1.8,2148.32
EDGE-LOT-01,W02,14,10,1,10,2.43,1.81,2108.42
EDGE-LOT-01,W02,14,11,1,10,2.91,1.73,2063.37
EDGE-LOT-01,W02,14,12,3,31,5.04,1.76,2026.61
EDGE-LOT-01,W02,14,13,1,10,4.91,1.7,1989.68
EDGE-LOT-01,W02,15,-12,1,10,4.07,1.74,2050.34
EDGE-LOT-01,W02,15,-11,1,10,3.83,1.81,2030.46
EDGE-LOT-01,W02,15,-10,1,10,5.1,1.72,2087.33
EDGE-LOT-01,W02,15,-9,1,10,2.59,1.73,2067.56
EDGE-LOT-01,W02,15,-8,1,10,2.62,1.73,2142.89
EDGE-LOT-01,W02,15,-7,1,10,2.59,1.77,2111.68
EDGE-LOT-01,W02,15,-6,1,10,2.54,1.75,2099.33
EDGE-LOT-01,W02,15,-5,1,10,2.95,1.79,2082.49
EDGE-LOT-01,W02,15,-4,1,10,3.07,1.81,2051.13
EDGE-LOT-01,W02,15,-3,1,10,2.39,1.81,2044.8
EDGE-LOT-01,W02,15,-2,1,10,2.45,1.77,2116.5
EDGE-LOT-01,W02,15,-1,1,10,2.85,1.82,2122.31
EDGE-LOT-01,W02,15,0,1,10,2.77,1.83,2156.08
EDGE-LOT-01,W02,15,1,1,10,2.76,1.77,2142.61
EDGE-LOT-01,W02,15,2,1,10,2.19,1.83,2078.06
EDGE-LOT-01,W02,15,3,1,10,2.51,1.8,2105.47
EDGE-LOT-01,W02,15,4,1,10,2.48,1.82,2079.8
EDGE-LOT-01,W02,15,5,1,10,2.49,1.82,2066.37
EDGE-LOT-01,W02,15,6,1,10,2.53,1.79,2084.92
EDGE-LOT-01,W02,15,7,1,10,2.37,1.79,2091.28
EDGE-LOT-01,W02,15,8,1,10,2.51,1.82,2060.47
EDGE-LOT-01,W02,15,9,1,10,3.87,1.87,2057.89
EDGE-LOT-01,W02,15,10,1,10,3.41,1.77,2088.76
EDGE-LOT-01,W02,15,11,2,21,3.62,1.71,2061.08
EDGE-LOT-01,W02,15,12,2,22,6.08,1.66,2044.24
EDGE-LOT-01,W02,16,-10,2,22,3.72,1.7,2060.07
EDGE-LOT-01,W02,16,-9,1,10,3.67,1.78,2045.61
EDGE-LOT-01,W02,16,-8,1,10,3.11,1.8,2075.2
EDGE-LOT-01,W02,16,-7,1,10,3,1.75,2128.95
EDGE-LOT-01,W02,16,-6,1,11,2.49,1.81,2063.6
EDGE-LOT-01,W02,16,-5,1,10,2.22,1.8,2133.56
EDGE-LOT-01,W02,16,-4,1,10,2.66,1.88,2120.23
EDGE-LOT-01,W02,16,-3,1,10,2.93,1.79,2134.92
EDGE-LOT-01,W02,16,-2,1,10,2.53,1.77,2111.51
EDGE-LOT-01,W02,16,-1,1,10,2.26,1.76,2093.79
EDGE-LOT-01,W02,16,0,1,10,2.76,1.82,2076.11
EDGE-LOT-01,W02,16,1,1,10,2.68,1.84,2118.75
EDGE-LOT-01,W02,16,2,1,10,2.84,1.8,2056.81
EDGE-LOT-01,W02,16,3,1,10,2.35,1.83,2071.77
EDGE-LOT-01,W02,16,4,1,10,2.35,1.83,2075.22
EDGE-LOT-01,W02,16,5,1,10,2.57,1.81,2101.35
EDGE-LOT-01,W02,16,6,1,10,3.23,1.82,2100.07
EDGE-LOT-01,W02,16,7,1,10,2.99,1.76,2101.21
EDGE-LOT-01,W02,16,8,3,31,2.7,1.74,2066.48
EDGE-LOT-01,W02,16,9,3,31,3.27,1.78,2022.93
EDGE-LOT-01,W02,16,10,1,10,3.18,1.7,2010.92
EDGE-LOT-01,W02,17,-9,1,10,5.05,1.73,2016.71
EDGE-LOT-01,W02,17,-8,1,10,4.03,1.73,2047.78
EDGE-LOT-01,W02,17,-7,1,10,4.57,1.79,2048.36
EDGE-LOT-01,W02,17,-6,1,10,3.44,1.73,2070.33
EDGE-LOT-01,W02,17,-5,1,10,2.78,1.81,2086.75
EDGE-LOT-01,W02,17,-4,1,10,2.73,1.81,2050.86
EDGE-LOT-01,W02,17,-3,1,10,2.8,1.8,2110.28
EDGE-LOT-01,W02,17,-2,1,10,2.73,1.8,2112.16
EDGE-LOT-01,W02,17,-1,1,10,2.51,1.81,2097.7
EDGE-LOT-01,W02,17,0,1,10,1.95,1.79,2092.41
EDGE-LOT-01,W02,17,1,1,11,2.52,1.75,2118.48
EDGE-LOT-01,W02,17,2,1,10,2.5,1.9,2135.65
EDGE-LOT-01,W02,17,3,1,10,2.88,1.85,2113.56
EDGE-LOT-01,W02,17,4,3,31,3.43,1.7,2110.93
EDGE-LOT-01,W02,17,5,1,10,3.17,1.73,2083.62
EDGE-LOT-01,W02,17,6,1,10,4.3,1.72,2024.94
EDGE-LOT-01,W02,17,7,1,10,3.85,1.65,2003.42
EDGE-LOT-01,W02,17,8,3,31,4.87,1.7,2096.45
EDGE-LOT-01,W02,17,9,3,31,6.42,1.63,2030.99
EDGE-LOT-01,W02,18,-6,1,10,5.24,1.71,2051.05
EDGE-LOT-01,W02,18,-5,1,11,4.82,1.75,2050.45
EDGE-LOT-01,W02,18,-4,1,10,4.44,1.69,2040.81
EDGE-LOT-01,W02,18,-3,1,10,3.19,1.77,2031.4
EDGE-LOT-01,W02,18,-2,1,11,3.89,1.7,2068.6
EDGE-LOT-01,W02,18,-1,3,31,3.46,1.78,2041.23
EDGE-LOT-01,W02,18,0,1,10,3.91,1.8,1982.49
EDGE-LOT-01,W02,18,1,1,10,1.96,1.75,2070.59
EDGE-LOT-01,W02,18,2,1,11,3.37,1.79,2033.72
EDGE-LOT-01,W02,18,3,1,10,5.42,1.74,2077.88
EDGE-LOT-01,W02,18,4,1,10,3.53,1.7,2027.59
EDGE-LOT-01,W02,18,5,3,31,4.64,1.69,2033.74
EDGE-LOT-01,W02,18,6,1,10,3.93,1.73,2003.98
EDGE-LOT-01,W02,19,-3,3,31,4.59,1.72,2022.2
EDGE-LOT-01,W02,19,-2,3,31,5.13,1.72,1987.58
EDGE-LOT-01,W02,19,-1,2,22,3.2,1.71,2045.89
EDGE-LOT-01,W02,19,0,1,10,4.47,1.7,2112.65
EDGE-LOT-01,W02,19,1,3,31,5.17,1.68,1993.18
EDGE-LOT-01,W02,19,2,1,10,5.09,1.68,2046.1
EDGE-LOT-01,W02,19,3,2,22,5.33,1.66,2002.24
EDGE-LOT-01,W03,-19,-3,3,31,5.93,1.68,2000.52
EDGE-LOT-01,W03,-19,-2,1,10,3.64,1.67,2013.16
EDGE-LOT-01,W03,-19,-1,1,10,6.06,1.68,2028.23
EDGE-LOT-01,W03,-19,0,2,22,5.19,1.75,2042.56
EDGE-LOT-01,W03,-19,1,1,10,3.42,1.65,1956.36
EDGE-LOT-01,W03,-19,2,3,31,4.68,1.78,2056.14
EDGE-LOT-01,W03,-19,3,1,10,5.34,1.68,1978.89
EDGE-LOT-01,W03,-18,-6,1,10,5.14,1.72,1984.6
EDGE-LOT-01,W03,-18,-5,1,10,3.23,1.71,2059.36
EDGE-LOT-01,W03,-18,-4,1,11,3.26,1.68,2021.35
EDGE-LOT-01,W03,-18,-3,3,31,4.47,1.73,2059.68
EDGE-LOT-01,W03,-18,-2,3,31,4.14,1.71,2059.61
EDGE-LOT-01,W03,-18,-1,1,10,3.55,1.76,2093.52
EDGE-LOT-01,W03,-18,0,1,10,3.74,1.73,2054.27
EDGE-LOT-01,W03,-18,1,1,10,3.44,1.78,2029.99
EDGE-LOT-01,W03,-18,2,1,10,4.23,1.78,2035.66
EDGE-LOT-01,W03,-18,3,1,10,4.76,1.76,2016.39
EDGE-LOT-01,W03,-18,4,3,31,3.66,1.63,2036.69
EDGE-LOT-01,W03,-18,5,1,10,4.62,1.73,2034.7
EDGE-LOT-01,W03,-18,6,3,31,4.41,1.68,2020.04
EDGE-LOT-01,W03,-17,-9,1,10,5.06,1.63,1983.2
EDGE-LOT-01,W03,-17,-8,2,22,5.15,1.73,2013.81
EDGE-LOT-01,W03,-17,-7,3,31,4.46,1.69,1974.85
EDGE-LOT-01,W03,-17,-6,1,10,4.15,1.74,2063.76
EDGE-LOT-01,W03,-17,-5,1,11,3.57,1.71,2037.01
EDGE-LOT-01,W03,-17,-4,1,10,3.2,1.73,2061.94
EDGE-LOT-01,W03,-17,-3,1,10,1.93,1.79,2111.38
EDGE-LOT-01,W03,-17,-2,1,10,3.26,1.76,2125.19
EDGE-LOT-01,W03,-17,-1,1,10,2.95,1.85,2132.18
EDGE-LOT-01,W03,-17,0,1,10,2.58,1.83,2090.96
EDGE-LOT-01,W03,-17,1,1,10,2.57,1.79,2081.42
EDGE-LOT-01,W03,-17,2,1,10,2.79,1.79,2107.67
EDGE-LOT-01,W03,-17,3,1,10,3.99,1.73,2078.25
EDGE-LOT-01,W03,-17,4,1,10,2.64,1.76,2074.9
EDGE-LOT-01,W03,-17,5,1,10,3.01,1.76,2093.62
EDGE-LOT-01,W03,-17,6,1,10,4.04,1.72,2024.23
EDGE-LOT-01,W03,-17,7,1,10,3.14,1.7,2080.45
EDGE-LOT-01,W03,-17,8,1,10,4.83,1.7,2027.9
EDGE-LOT-01,W03,-17,9,2,22,4.72,1.67,2050.02
EDGE-LOT-01,W03,-16,-10,3,31,4.57,1.66,1982.43
EDGE-LOT-01,W03,-16,-9,1,10,3.04,1.7,2002.24
EDGE-LOT-01,W03,-16,-8,1,10,2.78,1.72,2055.41
EDGE-LOT-01,W03,-16,-7,1,10,2.64,1.78,2077.97
EDGE-LOT-01,W03,-16,-6,1,10,2.78,1.78,2098.74
EDGE-LOT-01,W03,-16,-5,2,22,2.64,1.85,2114.94
EDGE-LOT-01,W03,-16,-4,1,11,2.56,1.84,2079.71
EDGE-LOT-01,W03,-16,-3,1,10,3.21,1.79,2100.79
EDGE-LOT-01,W03,-16,-2,1,10,2.31,1.76,2115.2
EDGE-LOT-01,W03,-16,-1,1,10,2.83,1.78,2108.8
EDGE-LOT-01,W03,-16,0,3,31,3.16,1.79,2118.23
EDGE-LOT-01,W03,-16,1,1,10,3.46,1.82,2097.8
EDGE-LOT-01,W03,-16,2,1,10,2.52,1.76,2083.01
EDGE-LOT-01,W03,-16,3,1,10,2.6,1.78,2085.5
EDGE-LOT-01,W03,-16,4,1,10,2.93,1.87,2094.94
EDGE-LOT-01,W03,-16,5,1,10,2.16,1.77,2050.11
EDGE-LOT-01,W03,-16,6,1,10,2.85,1.86,2085.42
EDGE-LOT-01,W03,-16,7,1,10,2.87,1.82,2054.74
EDGE-LOT-01,W03,-16,8,1,10,4.12,1.72,2058.15
EDGE-LOT-01,W03,-16,9,1,10,4.16,1.71,2035.16
EDGE-LOT-01,W03,-16,10,1,10,4.48,1.75,2042.49
EDGE-LOT-01,W03,-15,-12,1,11,5.43,1.68,2078.76
EDGE-LOT-01,W03,-15,-11,1,10,3.69,1.71,2016.56
EDGE-LOT-01,W03,-15,-10,1,10,3.81,1.72,2081.33
EDGE-LOT-01,W03,-15,-9,1,10,3.38,1.75,2105.78
EDGE-LOT-01,W03,-15,-8,1,10,2.5,1.75,2114.47
EDGE-LOT-01,W03,-15,-7,1,10,2.06,1.83,2114.07
EDGE-LOT-01,W03,-15,-6,1,10,2.6,1.77,2107.03
EDGE-LOT-01,W03,-15,-5,1,11,2.28,1.79,2133.88
EDGE-LOT-01,W03,-15,-4,1,10,2.84,1.76,2085.92
EDGE-LOT-01,W03,-15,-3,1,10,1.92,1.74,2084.93
EDGE-LOT-01,W03,-15,-2,1,10,2.38,1.79,2076.62
EDGE-LOT-01,W03,-15,-1,1,11,1.81,1.79,2086.36
EDGE-LOT-01,W03,-15,0,1,10,2.39,1.82,2080.05
EDGE-LOT-01,W03,-15,1,1,10,2.21,1.83,2097.75
EDGE-LOT-01,W03,-15,2,1,10,1.69,1.84,2064.48
EDGE-LOT-01,W03,-15,3,1,10,2.65,1.77,2095.18
EDGE-LOT-01,W03,-15,4,1,10,2.16,1.78,2100.21
EDGE-LOT-01,W03,-15,5,1,10,2.86,1.74,2120.04
EDGE-LOT-01,W03,-15,6,1,10,2.67,1.73,2075.66
EDGE-LOT-01,W03,-15,7,1,10,2.42,1.75,2122.26
EDGE-LOT-01,W03,-15,8,1,11,1.97,1.82,2133.11
EDGE-LOT-01,W03,-15,9,1,11,2.96,1.7,2085.46
EDGE-LOT-01,W03,-15,10,1,10,4.8,1.75,2073.77
EDGE-LOT-01,W03,-15,11,1,11,4.18,1.71,2034.17
EDGE-LOT-01,W03,-15,12,2,21,5.23,1.65,2029.28
EDGE-LOT-01,W03,-14,-13,1,11,5.69,1.72,2029.63
EDGE-LOT-01,W03,-14,-12,1,10,4.59,1.73,2025.6
EDGE-LOT-01,W03,-14,-11,1,10,2.37,1.77,2142.26
EDGE-LOT-01,W03,-14,-10,1,10,2.08,1.72,2128.02
EDGE-LOT-01,W03,-14,-9,1,10,2.67,1.83,2146.83
EDGE-LOT-01,W03,-14,-8,1,10,2.21,1.82,2134.54
EDGE-LOT-01,W03,-14,-7,1,10,2.03,1.76,2107.78
EDGE-LOT-01,W03,-14,-6,1,10,1.98,1.83,2120.37
EDGE-LOT-01,W03,-14,-5,1,10,2.9,1.79,2139.44
EDGE-LOT-01,W03,-14,-4,1,10,2.63,1.78,2104.97
EDGE-LOT-01,W03,-14,-3,1,10,2.39,1.86,2091.61
EDGE-LOT-01,W03,-14,-2,1,10,2.83,1.79,2085.98
EDGE-LOT-01,W03,-14,-1,1,10,2.8,1.83,2111.05
EDGE-LOT-01,W03,-14,0,1,10,2.45,1.82,2102.6
EDGE-LOT-01,W03,-14,1,1,10,2,1.87,2099.25
EDGE-LOT-01,W03,-14,2,1,10,2.79,1.83,2133.87
EDGE-LOT-01,W03,-14,3,1,10,2.25,1.79,2078.6
EDGE-LOT-01,W03,-14,4,1,10,1.97,1.85,2107.75
EDGE-LOT-01,W03,-14,5,1,10,1.6,1.79,2110.48
EDGE-LOT-01,W03,-14,6,1,10,2.55,1.84,2134.41
EDGE-LOT-01,W03,-14,7,1,10,2.55,1.78,2080.46
EDGE-LOT-01,W03,-14,8,1,10,2.82,1.82,2085.25
EDGE-LOT-01,W03,-14,9,1,10,2.55,1.75,2133.8
EDGE-LOT-01,W03,-14,10,1,10,3.06,1.78,2127.03
EDGE-LOT-01,W03,-14,11,2,22,3.01,1.7,2080.42
EDGE-LOT-01,W03,-14,12,1,10,4.73,1.71,2044.38
EDGE-LOT-01,W03,-14,13,1,10,3.9,1.59,1964.52
EDGE-LOT-01,W03,-13,-14,2,21,3.78,1.7,2027.94
EDGE-LOT-01,W03,-13,-13,1,10,2.7,1.71,1987.81
EDGE-LOT-01,W03,-13,-12,1,10,4.02,1.74,2103.58
EDGE-LOT-01,W03,-13,-11,1,10,2.07,1.74,2084.19
EDGE-LOT-01,W03,-13,-10,1,10,2.45,1.81,2138.48
EDGE-LOT-01,W03,-13,-9,1,10,2.37,1.84,2120.49
EDGE-LOT-01,W03,-13,-8,1,10,2.35,1.74,2109.93
EDGE-LOT-01,W03,-13,-7,1,10,1.96,1.78,2124.04
EDGE-LOT-01,W03,-13,-6,1,10,2.11,1.89,2109.33
EDGE-LOT-01,W03,-13,-5,1,10,2.53,1.77,2097.86
EDGE-LOT-01,W03,-13,-4,1,10,2.11,1.81,2103.33
EDGE-LOT-01,W03,-13,-3,1,10,2.66,1.87,2118.99
EDGE-LOT-01,W03,-13,-2,1,10,2.18,1.85,2149.39
EDGE-LOT-01,W03,-13,-1,1,10,2.41,1.78,2120.91
EDGE-LOT-01,W03,-13,0,1,10,3.12,1.83,2097.57
EDGE-LOT-01,W03,-13,1,1,10,2.59,1.81,2078.81
EDGE-LOT-01,W03,-13,2,1,10,2.77,1.82,2093.04
EDGE-LOT-01,W03,-13,3,1,11,2.47,1.82,2153.4
EDGE-LOT-01,W03,-13,4,1,11,2.87,1.82,2120.05
EDGE-LOT-01,W03,-13,5,1,10,2.37,1.82,2066.01
EDGE-LOT-01,W03,-13,6,1,10,2.5,1.75,2083.35
EDGE-LOT-01,W03,-13,7,1,10,2.47,1.78,2168.33
EDGE-LOT-01,W03,-13,8,1,10,2.4,1.86,2173.89
EDGE-LOT-01,W03,-13,9,1,10,1.71,1.77,2111.27
EDGE-LOT-01,W03,-13,10,1,10,2.52,1.81,2040.05
EDGE-LOT-01,W03,-13,11,1,10,2.92,1.83,2091.56
EDGE-LOT-01,W03,-13,12,1,10,3.15,1.74,2072.81
EDGE-LOT-01,W03,-13,13,1,10,3.23,1.66,2003.22
EDGE-LOT-01,W03,-13,14,2,22,5.36,1.7,2004.29
EDGE-LOT-01,W03,-12,-15,3,31,3.59,1.74,2011.85
EDGE-LOT-01,W03,-12,-14,1,11,3.88,1.77,2067.67
EDGE-LOT-01,W03,-12,-13,1,10,3.6,1.73,2068.76
EDGE-LOT-01,W03,-12,-12,1,10,2.36,1.8,2099.78
EDGE-LOT-01,W03,-12,-11,1,10,2.69,1.89,2061.87
EDGE-LOT-01,W03,-12,-10,1,10,1.99,1.8,2135.92
EDGE-LOT-01,W03,-12,-9,1,10,2.38,1.8,2080.89
EDGE-LOT-01,W03,-12,-8,1,10,2.54,1.78,2131.37
EDGE-LOT-01,W03,-12,-7,1,10,2.66,1.73,2130.78
EDGE-LOT-01,W03,-12,-6,1,10,1.97,1.85,2105.51
EDGE-LOT-01,W03,-12,-5,1,10,1.94,1.82,2051.42
EDGE-LOT-01,W03,-12,-4,1,10,3.36,1.82,2088.19
EDGE-LOT-01,W03,-12,-3,1,10,2.89,1.84,2071.12
EDGE-LOT-01,W03,-12,-2,1,10,3.34,1.82,2081.36
EDGE-LOT-01,W03,-12,-1,1,10,2.19,1.85,2101.82
EDGE-LOT-01,W03,-12,0,1,10,2.28,1.85,2098.79
EDGE-LOT-01,W03,-12,1,1,10,2.74,1.76,2099.26
EDGE-LOT-01,W03,-12,2,1,10,1.96,1.87,2104.6
EDGE-LOT-01,W03,-12,3,1,10,2.61,1.83,2100.84
EDGE-LOT-01,W03,-12,4,1,10,2.22,1.82,2106.03
EDGE-LOT-01,W03,-12,5,1,10,2.88,1.82,2123.22
EDGE-LOT-01,W03,-12,6,1,10,2.48,1.82,2116.27
EDGE-LOT-01,W03,-12,7,1,10,2.09,1.77,2071.15
EDGE-LOT-01,W03,-12,8,1,10,2.02,1.82,2130.28
EDGE-LOT-01,W03,-12,9,1,11,2.6,1.74,2114.73
EDGE-LOT-01,W03,-12,10,1,10,3.06,1.78,2057.77
EDGE-LOT-01,W03,-12,11,1,10,2.67,1.78,2100.41
EDGE-LOT-01,W03,-12,12,1,10,2.36,1.77,2103.79
EDGE-LOT-01,W03,-12,13,1,10,3.61,1.76,2077.21
EDGE-LOT-01,W03,-12,14,2,22,2.47,1.7,2049.28
EDGE-LOT-01,W03,-12,15,2,22,5.38,1.69,1981.46
EDGE-LOT-01,W03,-11,-15,1,10,4.89,1.75,2078.87
EDGE-LOT-01,W03,-11,-14,1,11,3.96,1.79,2055.9
EDGE-LOT-01,W03,-11,-13,1,10,3.29,1.75,2102.96
EDGE-LOT-01,W03,-11,-12,1,10,2.33,1.83,2122.22
EDGE-LOT-01,W03,-11,-11,1,10,2.78,1.81,2027.03
EDGE-LOT-01,W03,-11,-10,1,10,2.31,1.8,2097.75
EDGE-LOT-01,W03,-11,-9,1,10,2.62,1.7,2146.45
EDGE-LOT-01,W03,-11,-8,1,10,2.67,1.85,2165.69
EDGE-LOT-01,W03,-11,-7,1,10,2.22,1.82,2133.37
EDGE-LOT-01,W03,-11,-6,1,11,2.5,1.77,2161.53
EDGE-LOT-01,W03,-11,-5,1,10,2.86,1.81,2108.39
EDGE-LOT-01,W03,-11,-4,1,11,3.13,1.82,2104.41
EDGE-LOT-01,W03,-11,-3,1,10,3.13,1.78,2121.08
EDGE-LOT-01,W03,-11,-2,1,10,2.36,1.78,2082.4
EDGE-LOT-01,W03,-11,-1,1,10,2.49,1.84,2058.77
EDGE-LOT-01,W03,-11,0,1,11,3.08,1.81,2135.67
EDGE-LOT-01,W03,-11,1,1,10,2.1,1.72,2100.43
EDGE-LOT-01,W03,-11,2,1,10,2.11,1.88,2088.7
EDGE-LOT-01,W03,-11,3,1,10,2.83,1.86,2113.07
EDGE-LOT-01,W03,-11,4,1,10,3.08,1.76,2145.06
EDGE-LOT-01,W03,-11,5,1,10,2.75,1.79,2115.34
EDGE-LOT-01,W03,-11,6,1,10,2.55,1.81,2108.61
EDGE-LOT-01,W03,-11,7,1,10,2.87,1.86,2065.32
EDGE-LOT-01,W03,-11,8,1,10,2.97,1.83,2138.65
EDGE-LOT-01,W03,-11,9,1,10,2.5,1.79,2127.86
EDGE-LOT-01,W03,-11,10,1,10,2.8,1.81,2176.93
EDGE-LOT-01,W03,-11,11,1,10,2.5,1.76,2045.37
EDGE-LOT-01,W03,-11,12,1,10,2.09,1.8,2079.8
EDGE-LOT-01,W03,-11,13,1,10,1.87,1.72,2097.56
EDGE-LOT-01,W03,-11,14,1,10,3.38,1.77,2066.62
EDGE-LOT-01,W03,-11,15,1,10,2.63,1.68,2049.19
EDGE-LOT-01,W03,-10,-16,1,10,3.48,1.71,2106.9
EDGE-LOT-01,W03,-10,-15,1,10,2.86,1.76,2077.87
EDGE-LOT-01,W03,-10,-14,1,10,2.6,1.76,2079.46
EDGE-LOT-01,W03,-10,-13,1,10,3.09,1.81,2087.8
EDGE-LOT-01,W03,-10,-12,1,11,2.53,1.81,2124.87
EDGE-LOT-01,W03,-10,-11,1,10,2.42,1.81,2126.86
EDGE-LOT-01,W03,-10,-10,1,10,2.6,1.81,2081.27
EDGE-LOT-01,W03,-10,-9,1,10,2.8,1.76,2077.77
EDGE-LOT-01,W03,-10,-8,1,10,1.88,1.82,2122.53
EDGE-LOT-01,W03,-10,-7,1,10,2.18,1.83,2083.77
EDGE-LOT-01,W03,-10,-6,1,10,2.17,1.84,2067.61
EDGE-LOT-01,W03,-10,-5,1,10,1.89,1.79,2120.23
EDGE-LOT-01,W03,-10,-4,1,10,2.43,1.75,2068.19
EDGE-LOT-01,W03,-10,-3,1,10,2.46,1.84,2129.59
EDGE-LOT-01,W03,-10,-2,1,10,2.31,1.89,2074.6
EDGE-LOT-01,W03,-10,-1,1,11,3.11,1.78,2084.32
EDGE-LOT-01,W03,-10,0,1,10,2.12,1.81,2149.87
EDGE-LOT-01,W03,-10,1,1,10,1.96,1.85,2003.03
EDGE-LOT-01,W03,-10,2,1,10,2.02,1.81,2068.46
EDGE-LOT-01,W03,-10,3,1,10,3.01,1.87,2089.82
EDGE-LOT-01,W03,-10,4,1,10,2.23,1.83,2098.66
EDGE-LOT-01,W03,-10,5,1,10,2.4,1.79,2140.61
EDGE-LOT-01,W03,-10,6,1,10,3.02,1.79,2098.85
EDGE-LOT-01,W03,-10,7,1,10,2.6,1.83,2117.53
EDGE-LOT-01,W03,-10,8,1,10,2.62,1.79,2114.29
EDGE-LOT-01,W03,-10,9,1,10,2.26,1.75,2125.42
EDGE-LOT-01,W03,-10,10,1,10,2.12,1.77,2110.03
EDGE-LOT-01,W03,-10,11,1,10,2.04,1.81,2043.17
EDGE-LOT-01,W03,-10,12,1,10,2.54,1.8,2120.62
EDGE-LOT-01,W03,-10,13,1,10,2.07,1.76,2078.56
EDGE-LOT-01,W03,-10,14,1,10,2.58,1.8,2081.43
EDGE-LOT-01,W03,-10,15,1,10,3.44,1.8,2034.45
EDGE-LOT-01,W03,-10,16,2,22,3.94,1.73,2019.98
EDGE-LOT-01,W03,-9,-17,3,31,4.38,1.62,2039.56
EDGE-LOT-01,W03,-9,-16,1,10,4.52,1.73,2053.19
EDGE-LOT-01,W03,-9,-15,1,10,2.61,1.74,2079.69
EDGE-LOT-01,W03,-9,-14,1,10,3.09,1.83,2086.11
EDGE-LOT-01,W03,-9,-13,1,10,2.4,1.88,2064.96
EDGE-LOT-01,W03,-9,-12,1,10,2.19,1.85,2121.48
EDGE-LOT-01,W03,-9,-11,1,10,2.53,1.77,2156.55
EDGE-LOT-01,W03,-9,-10,1,10,2.12,1.75,2076.43
EDGE-LOT-01,W03,-9,-9,1,10,2.39,1.82,2136.45
EDGE-LOT-01,W03,-9,-8,1,10,2.96,1.8,2093.6
EDGE-LOT-01,W03,-9,-7,1,11,2.71,1.78,2106.19
EDGE-LOT-01,W03,-9,-6,1,10,2.81,1.85,2098.24
EDGE-LOT-01,W03,-9,-5,1,10,1.94,1.83,2122.09
EDGE-LOT-01,W03,-9,-4,1,10,2.93,1.74,2092.44
EDGE-LOT-01,W03,-9,-3,1,10,2.1,1.79,2083.74
EDGE-LOT-01,W03,-9,-2,1,10,2.14,1.81,2091.84
EDGE-LOT-01,W03,-9,-1,1,10,2.43,1.81,2150.97
EDGE-LOT-01,W03,-9,0,1,10,2.34,1.83,2098.43
EDGE-LOT-01,W03,-9,1,1,10,2.27,1.78,2025.93
EDGE-LOT-01,W03,-9,2,1,10,2.07,1.82,2161.36
EDGE-LOT-01,W03,-9,3,1,10,2.42,1.81,2081.81
EDGE-LOT-01,W03,-9,4,1,10,3.34,1.77,2098.77
EDGE-LOT-01,W03,-9,5,1,10,2.65,1.81,2116.07
EDGE-LOT-01,W03,-9,6,1,10,2.84,1.8,2124.81
EDGE-LOT-01,W03,-9,7,1,10,2.83,1.87,2083.87
EDGE-LOT-01,W03,-9,8,1,11,1.9,1.82,2086.21
EDGE-LOT-01,W03,-9,9,1,10,1.97,1.7,2117.87
EDGE-LOT-01,W03,-9,10,1,10,2.53,1.79,2139.11
EDGE-LOT-01,W03,-9,11,1,10,2.83,1.72,2108.03
EDGE-LOT-01,W03,-9,12,1,10,2.99,1.79,2075.31
EDGE-LOT-01,W03,-9,13,1,10,2.68,1.78,2025.03
EDGE-LOT-01,W03,-9,14,1,10,1.66,1.81,2110.12
EDGE-LOT-01,W03,-9,15,1,10,2.24,1.75,2102.64
EDGE-LOT-01,W03,-9,16,1,10,3.45,1.79,2036.56
EDGE-LOT-01,W03,-9,17,2,22,3.24,1.71,1998.7
EDGE-LOT-01,W03,-8,-17,1,10,4.23,1.69,2022.49
EDGE-LOT-01,W03,-8,-16,1,11,3.46,1.84,2039.49
EDGE-LOT-01,W03,-8,-15,1,10,2.5,1.8,2057.81
EDGE-LOT-01,W03,-8,-14,1,10,2.04,1.87,2074.67
EDGE-LOT-01,W03,-8,-13,1,10,2.89,1.83,2099.72
EDGE-LOT-01,W03,-8,-12,1,11,1.94,1.77,2061.38
EDGE-LOT-01,W03,-8,-11,1,10,2.11,1.77,2111.75
EDGE-LOT-01,W03,-8,-10,1,10,2.75,1.8,2112.23
EDGE-LOT-01,W03,-8,-9,1,11,3.22,1.75,2061.42
EDGE-LOT-01,W03,-8,-8,1,10,2.83,1.78,2055.17
EDGE-LOT-01,W03,-8,-7,1,10,1.98,1.76,2095.5
EDGE-LOT-01,W03,-8,-6,1,10,3.19,1.79,2146.06
EDGE-LOT-01,W03,-8,-5,1,10,2.02,1.8,2072.57
EDGE-LOT-01,W03,-8,-4,1,10,2.4,1.8,2077.01
EDGE-LOT-01,W03,-8,-3,1,10,2.36,1.83,2122.25
EDGE-LOT-01,W03,-8,-2,1,10,2.39,1.83,2095.99
EDGE-LOT-01,W03,-8,-1,1,10,2.64,1.82,1995.8
EDGE-LOT-01,W03,-8,0,1,10,2.66,1.84,2062.21
EDGE-LOT-01,W03,-8,1,1,10,2.5,1.77,2125.6
EDGE-LOT-01,W03,-8,2,1,10,2.73,1.85,2146.64
EDGE-LOT-01,W03,-8,3,1,10,2.57,1.79,2070.93
EDGE-LOT-01,W03,-8,4,1,10,2.82,1.79,2137.06
EDGE-LOT-01,W03,-8,5,1,10,2.23,1.8,2137.04
EDGE-LOT-01,W03,-8,6,1,10,2.69,1.89,2109.93
EDGE-LOT-01,W03,-8,7,1,10,3.1,1.73,2092.44
EDGE-LOT-01,W03,-8,8,1,10,2.06,1.82,2122.51
EDGE-LOT-01,W03,-8,9,1,10,2.17,1.8,2124.79
EDGE-LOT-01,W03,-8,10,1,10,2.14,1.83,2090.98
EDGE-LOT-01,W03,-8,11,1,10,3.34,1.69,2170.08
EDGE-LOT-01,W03,-8,12,1,10,2.87,1.85,2098.6
EDGE-LOT-01,W03,-8,13,1,10,2.54,1.82,2137.98
EDGE-LOT-01,W03,-8,14,1,10,2.22,1.81,2100.97
EDGE-LOT-01,W03,-8,15,1,10,2.88,1.84,2102.67
EDGE-LOT-01,W03,-8,16,1,10,3.66,1.73,2079.41
EDGE-LOT-01,W03,-8,17,1,10,4.5,1.7,2058.68
EDGE-LOT-01,W03,-7,-17,1,10,3.28,1.68,2027.31
EDGE-LOT-01,W03,-7,-16,1,10,3.16,1.8,2075.17
EDGE-LOT-01,W03,-7,-15,1,10,2.86,1.8,2121.97
EDGE-LOT-01,W03,-7,-14,1,11,2.6,1.81,2125.12
EDGE-LOT-01,W03,-7,-13,1,10,2.65,1.83,2108.19
EDGE-LOT-01,W03,-7,-12,1,10,2.69,1.78,2117.32
EDGE-LOT-01,W03,-7,-11,1,10,2.33,1.83,2085.23
EDGE-LOT-01,W03,-7,-10,1,10,2.69,1.93,2132.13
EDGE-LOT-01,W03,-7,-9,1,10,2.56,1.81,2103.02
EDGE-LOT-01,W03,-7,-8,1,10,2.67,1.81,2062.78
EDGE-LOT-01,W03,-7,-7,1,10,2.52,1.86,2095.79
EDGE-LOT-01,W03,-7,-6,1,10,1.74,1.78,2118.75
EDGE-LOT-01,W03,-7,-5,1,10,3.05,1.76,2087.93
EDGE-LOT-01,W03,-7,-4,1,10,1.73,1.74,2091.32
EDGE-LOT-01,W03,-7,-3,1,10,2.68,1.78,2113.06
EDGE-LOT-01,W03,-7,-2,1,10,1.84,1.8,2071.65
EDGE-LOT-01,W03,-7,-1,1,11,2.91,1.81,2113.29
EDGE-LOT-01,W03,-7,0,1,10,2.12,1.81,2067.98
EDGE-LOT-01,W03,-7,1,1,10,2.03,1.81,2133.18
EDGE-LOT-01,W03,-7,2,1,10,3.25,1.84,2140.09
EDGE-LOT-01,W03,-7,3,1,10,2.67,1.79,2105.14
EDGE-LOT-01,W03,-7,4,1,10,2.58,1.81,2098.9
EDGE-LOT-01,W03,-7,5,1,10,3.13,1.83,2166.23
EDGE-LOT-01,W03,-7,6,1,10,2.38,1.9,2133.48
EDGE-LOT-01,W03,-7,7,1,10,2.34,1.76,2075.74
EDGE-LOT-01,W03,-7,8,1,10,2.43,1.76,2113.48
EDGE-LOT-01,W03,-7,9,1,10,1.92,1.73,2064.27
EDGE-LOT-01,W03,-7,10,1,10,2.74,1.78,2073.49
EDGE-LOT-01,W03,-7,11,1,10,3.31,1.84,2092.17
EDGE-LOT-01,W03,-7,12,1,10,2.82,1.83,2077.34
EDGE-LOT-01,W03,-7,13,1,10,2.44,1.81,2074.85
EDGE-LOT-01,W03,-7,14,1,10,3.09,1.79,2092.77
EDGE-LOT-01,W03,-7,15,1,10,2.26,1.84,2077.04
EDGE-LOT-01,W03,-7,16,1,10,2.39,1.76,2103.53
EDGE-LOT-01,W03,-7,17,3,31,3.99,1.67,2047.25
EDGE-LOT-01,W03,-6,-18,2,21,5.78,1.73,2009.78
EDGE-LOT-01,W03,-6,-17,1,10,3.93,1.77,2021.39
EDGE-LOT-01,W03,-6,-16,1,10,2.51,1.79,2095.7
EDGE-LOT-01,W03,-6,-15,1,10,2.48,1.77,2122.46
EDGE-LOT-01,W03,-6,-14,1,10,1.92,1.77,2136.86
EDGE-LOT-01,W03,-6,-13,1,10,2.67,1.76,2054.4
EDGE-LOT-01,W03,-6,-12,1,11,2.34,1.81,2075.73
EDGE-LOT-01,W03,-6,-11,1,11,2.42,1.8,2136.88
EDGE-LOT-01,W03,-6,-10,1,10,1.82,1.84,2105.27
EDGE-LOT-01,W03,-6,-9,1,10,1.37,1.77,2078.38
EDGE-LOT-01,W03,-6,-8,1,10,1.95,1.78,2045.4
EDGE-LOT-01,W03,-6,-7,1,10,2.85,1.84,2064.36
EDGE-LOT-01,W03,-6,-6,1,10,2.46,1.81,2076.28
EDGE-LOT-01,W03,-6,-5,1,10,3.48,1.82,2085.63
EDGE-LOT-01,W03,-6,-4,1,11,3.27,1.77,2093.59
EDGE-LOT-01,W03,-6,-3,1,10,2.52,1.82,2105.13
EDGE-LOT-01,W03,-6,-2,1,10,2.18,1.76,2113.14
EDGE-LOT-01,W03,-6,-1,1,11,2.36,1.75,2072.11
EDGE-LOT-01,W03,-6,0,1,10,2.73,1.77,2074.23
EDGE-LOT-01,W03,-6,1,1,10,2.37,1.85,2109.71
EDGE-LOT-01,W03,-6,2,1,10,2.12,1.84,2091.27
EDGE-LOT-01,W03,-6,3,1,10,2.72,1.85,2076.97
EDGE-LOT-01,W03,-6,4,1,10,3.04,1.83,2066.34
EDGE-LOT-01,W03,-6,5,1,10,2.09,1.75,2060.51
EDGE-LOT-01,W03,-6,6,1,10,2.61,1.78,2113.84
EDGE-LOT-01,W03,-6,7,1,10,2.82,1.73,2143.3
EDGE-LOT-01,W03,-6,8,1,10,2.62,1.87,2161.78
EDGE-LOT-01,W03,-6,9,1,10,2.76,1.82,2084.1
EDGE-LOT-01,W03,-6,10,1,10,2.34,1.8,2127.1
EDGE-LOT-01,W03,-6,11,1,10,3.21,1.83,2108.97
EDGE-LOT-01,W03,-6,12,1,10,2.9,1.79,2147.36
EDGE-LOT-01,W03,-6,13,1,10,2.18,1.82,2118.02
EDGE-LOT-01,W03,-6,14,1,10,2,1.81,2054.68
EDGE-LOT-01,W03,-6,15,1,10,2.66,1.81,2119.37
EDGE-LOT-01,W03,-6,16,1,11,3.09,1.77,2084.51
EDGE-LOT-01,W03,-6,17,1,10,4.01,1.79,2027.22
EDGE-LOT-01,W03,-6,18,2,21,5.93,1.68,2026.89
EDGE-LOT-01,W03,-5,-18,1,10,4.69,1.71,2093.37
EDGE-LOT-01,W03,-5,-17,1,10,2.67,1.76,2072.14
EDGE-LOT-01,W03,-5,-16,1,10,2.64,1.78,2107.51
EDGE-LOT-01,W03,-5,-15,1,10,2.18,1.79,2149.9
EDGE-LOT-01,W03,-5,-14,1,10,3.42,1.84,2064.71
EDGE-LOT-01,W03,-5,-13,1,11,2.07,1.83,2127.44
EDGE-LOT-01,W03,-5,-12,1,10,3.12,1.78,2117.87
EDGE-LOT-01,W03,-5,-11,1,10,2.77,1.86,2077.96
EDGE-LOT-01,W03,-5,-10,1,10,3.05,1.76,2077.2
EDGE-LOT-01,W03,-5,-9,1,10,2.78,1.75,2097.71
EDGE-LOT-01,W03,-5,-8,1,10,2.52,1.83,2099.15
EDGE-LOT-01,W03,-5,-7,1,11,1.9,1.83,2104.56
EDGE-LOT-01,W03,-5,-6,1,10,1.77,1.79,2027.6
EDGE-LOT-01,W03,-5,-5,1,10,2.21,1.82,2137.29
EDGE-LOT-01,W03,-5,-4,1,10,2.82,1.79,2088.64
EDGE-LOT-01,W03,-5,-3,1,10,2.04,1.84,2096.99
EDGE-LOT-01,W03,-5,-2,1,10,2.57,1.86,2087.53
EDGE-LOT-01,W03,-5,-1,1,11,2.41,1.76,2108.86
EDGE-LOT-01,W03,-5,0,1,10,2.48,1.79,2098.94
EDGE-LOT-01,W03,-5,1,1,10,2.02,1.83,2111.33
EDGE-LOT-01,W03,-5,2,1,10,2.85,1.79,2065.58
EDGE-LOT-01,W03,-5,3,1,10,2.43,1.86,2120.54
EDGE-LOT-01,W03,-5,4,1,10,2.51,1.77,2091.66
EDGE-LOT-01,W03,-5,5,1,10,2.72,1.82,2029.44
EDGE-LOT-01,W03,-5,6,1,10,2.24,1.8,2122.36
EDGE-LOT-01,W03,-5,7,1,10,2.8,1.85,2134.37
EDGE-LOT-01,W03,-5,8,1,10,2.48,1.77,2096.64
EDGE-LOT-01,W03,-5,9,1,10,2.7,1.76,2092.43
EDGE-LOT-01,W03,-5,10,1,10,2.53,1.82,2164.58
EDGE-LOT-01,W03,-5,11,1,10,2.71,1.82,2098.83
EDGE-LOT-01,W03,-5,12,1,10,2.53,1.78,2070.23
EDGE-LOT-01,W03,-5,13,1,10,3.21,1.78,2113.12
EDGE-LOT-01,W03,-5,14,1,10,1.79,1.8,2130.67
EDGE-LOT-01,W03,-5,15,1,10,2.44,1.81,2085.46
EDGE-LOT-01,W03,-5,16,1,10,2.22,1.86,2063.36
EDGE-LOT-01,W03,-5,17,1,10,2.48,1.81,2035.31
EDGE-LOT-01,W03,-5,18,1,11,3.26,1.74,2055.59
EDGE-LOT-01,W03,-4,-18,1,10,3.78,1.69,2082.42
EDGE-LOT-01,W03,-4,-17,1,10,3.29,1.79,2072.78
EDGE-LOT-01,W03,-4,-16,1,10,2.32,1.8,2138.26
EDGE-LOT-01,W03,-4,-15,1,10,2.38,1.84,2083.45
EDGE-LOT-01,W03,-4,-14,1,10,3.08,1.82,2093.39
EDGE-LOT-01,W03,-4,-13,1,10,2.53,1.79,2082.5
EDGE-LOT-01,W03,-4,-12,1,10,2.15,1.81,2069.29
EDGE-LOT-01,W03,-4,-11,1,10,2.54,1.75,2138.97
EDGE-LOT-01,W03,-4,-10,1,11,2.24,1.81,2198.35
EDGE-LOT-01,W03,-4,-9,1,10,2.44,1.78,2109.23
EDGE-LOT-01,W03,-4,-8,1,10,2.4,1.79,2045.02
EDGE-LOT-01,W03,-4,-7,1,10,2.7,1.82,2128.33
EDGE-LOT-01,W03,-4,-6,1,10,1.97,1.87,2070.28
EDGE-LOT-01,W03,-4,-5,1,10,2.31,1.75,2115.05
EDGE-LOT-01,W03,-4,-4,1,10,2.64,1.87,2131.47
EDGE-LOT-01,W03,-4,-3,1,10,2.44,1.87,2084.18
EDGE-LOT-01,W03,-4,-2,1,10,2.13,1.85,2142.1
EDGE-LOT-01,W03,-4,-1,1,10,2.89,1.72,2116.33
EDGE-LOT-01,W03,-4,0,1,10,2.02,1.82,2156.25
EDGE-LOT-01,W03,-4,1,1,10,2.62,1.84,2074.63
EDGE-LOT-01,W03,-4,2,1,10,2.88,1.87,2081.79
EDGE-LOT-01,W03,-4,3,1,10,2.97,1.78,2109.37
EDGE-LOT-01,W03,-4,4,1,10,2.75,1.79,2084.37
EDGE-LOT-01,W03,-4,5,1,10,2.49,1.81,2155.76
EDGE-LOT-01,W03,-4,6,1,10,2.38,1.73,2109.75
EDGE-LOT-01,W03,-4,7,1,10,2.28,1.79,2129.66
EDGE-LOT-01,W03,-4,8,1,10,3.02,1.81,2094.11
EDGE-LOT-01,W03,-4,9,1,10,2.66,1.79,2164.55
EDGE-LOT-01,W03,-4,10,1,10,1.78,1.8,2059.3
EDGE-LOT-01,W03,-4,11,1,10,2.37,1.78,2092.98
EDGE-LOT-01,W03,-4,12,1,10,2.02,1.83,2076.67
EDGE-LOT-01,W03,-4,13,1,10,1.68,1.76,2120.2
EDGE-LOT-01,W03,-4,14,1,10,2.26,1.78,2125.26
EDGE-LOT-01,W03,-4,15,1,10,2.36,1.76,2071.91
EDGE-LOT-01,W03,-4,16,1,10,2.4,1.78,2111.69
EDGE-LOT-01,W03,-4,17,1,10,3.18,1.79,2096.27
EDGE-LOT-01,W03,-4,18,1,10,4.75,1.67,2041.85
EDGE-LOT-01,W03,-3,-19,1,10,5.36,1.64,2052.51
EDGE-LOT-01,W03,-3,-18,1,11,3.86,1.71,2043.83
EDGE-LOT-01,W03,-3,-17,1,10,2.76,1.8,2075.94
EDGE-LOT-01,W03,-3,-16,1,10,2.79,1.78,2130.48
EDGE-LOT-01,W03,-3,-15,1,10,2.66,1.78,2102.87
EDGE-LOT-01,W03,-3,-14,1,10,2.54,1.86,2091.67
EDGE-LOT-01,W03,-3,-13,1,10,2.69,1.81,2095.39
EDGE-LOT-01,W03,-3,-12,1,10,3.22,1.82,2122.12
EDGE-LOT-01,W03,-3,-11,1,10,2.95,1.77,2062.69
EDGE-LOT-01,W03,-3,-10,1,10,1.76,1.84,2105.68
EDGE-LOT-01,W03,-3,-9,1,10,2.62,1.75,2093.83
EDGE-LOT-01,W03,-3,-8,1,10,2.44,1.77,2149.6
EDGE-LOT-01,W03,-3,-7,1,10,2.73,1.81,2125.34
EDGE-LOT-01,W03,-3,-6,1,10,2,1.79,2094.34
EDGE-LOT-01,W03,-3,-5,1,10,2.66,1.83,2088.65
EDGE-LOT-01,W03,-3,-4,1,11,2.74,1.75,2128.33
EDGE-LOT-01,W03,-3,-3,1,11,2.5,1.8,2075.98
EDGE-LOT-01,W03,-3,-2,1,10,2.01,1.81,2127.92
EDGE-LOT-01,W03,-3,-1,1,10,1.68,1.75,2076.05
EDGE-LOT-01,W03,-3,0,1,10,2.16,1.78,2116.92
EDGE-LOT-01,W03,-3,1,1,10,2.38,1.82,2159.46
EDGE-LOT-01,W03,-3,2,1,10,2.75,1.77,2119.17
EDGE-LOT-01,W03,-3,3,1,10,1.94,1.8,2149.06
EDGE-LOT-01,W03,-3,4,1,10,3.41,1.8,2112.8
EDGE-LOT-01,W03,-3,5,1,10,2.26,1.84,2095.08
EDGE-LOT-01,W03,-3,6,1,10,3.06,1.8,2112.87
EDGE-LOT-01,W03,-3,7,1,10,3.23,1.84,2063.43
EDGE-LOT-01,W03,-3,8,1,10,2.81,1.79,2119.71
EDGE-LOT-01,W03,-3,9,1,10,2.43,1.75,2070.36
EDGE-LOT-01,W03,-3,10,1,10,2.79,1.79,2098.87
EDGE-LOT-01,W03,-3,11,1,10,2.6,1.78,2146.52
EDGE-LOT-01,W03,-3,12,1,10,2.23,1.85,2098.37
EDGE-LOT-01,W03,-3,13,1,10,3,1.78,2100.47
EDGE-LOT-01,W03,-3,14,1,10,3.04,1.75,2093.06
EDGE-LOT-01,W03,-3,15,1,10,2.72,1.82,2027.46
EDGE-LOT-01,W03,-3,16,1,10,2,1.79,2088.12
EDGE-LOT-01,W03,-3,17,1,10,3.37,1.78,2098.89
EDGE-LOT-01,W03,-3,18,1,10,3.51,1.77,2060.56
EDGE-LOT-01,W03,-3,19,1,10,4.75,1.71,1946.16
EDGE-LOT-01,W03,-2,-19,1,11,6.13,1.66,1983.78
EDGE-LOT-01,W03,-2,-18,3,31,2.87,1.7,2089.23
EDGE-LOT-01,W03,-2,-17,1,10,3.22,1.75,2060.13
EDGE-LOT-01,W03,-2,-16,1,10,2.82,1.83,2127.49
EDGE-LOT-01,W03,-2,-15,1,10,2.37,1.82,2116.87
EDGE-LOT-01,W03,-2,-14,1,10,2.11,1.81,2084.26
EDGE-LOT-01,W03,-2,-13,1,10,3.34,1.84,2126.07
EDGE-LOT-01,W03,-2,-12,1,10,3.67,1.73,2094.82
EDGE-LOT-01,W03,-2,-11,1,11,2.89,1.82,2116.47
EDGE-LOT-01,W03,-2,-10,1,10,2.31,1.72,2148.35
EDGE-LOT-01,W03,-2,-9,1,10,2.39,1.84,2102.52
EDGE-LOT-01,W03,-2,-8,1,10,2.72,1.76,2043.64
EDGE-LOT-01,W03,-2,-7,1,10,2.57,1.79,2066.09
EDGE-LOT-01,W03,-2,-6,1,10,3.18,1.74,2116.05
EDGE-LOT-01,W03,-2,-5,1,10,2.63,1.88,2085.34
EDGE-LOT-01,W03,-2,-4,1,10,1.9,1.78,2047.9
EDGE-LOT-01,W03,-2,-3,1,11,2.92,1.78,2093.71
EDGE-LOT-01,W03,-2,-2,1,10,3.08,1.78,2057.66
EDGE-LOT-01,W03,-2,-1,1,10,2.55,1.77,2099.21
EDGE-LOT-01,W03,-2,0,1,10,2.44,1.81,2131.82
EDGE-LOT-01,W03,-2,1,1,10,2.36,1.79,2113.27
EDGE-LOT-01,W03,-2,2,1,10,2.64,1.8,2048.02
EDGE-LOT-01,W03,-2,3,1,10,3.07,1.82,2096.9
EDGE-LOT-01,W03,-2,4,1,10,2.29,1.78,2150.07
EDGE-LOT-01,W03,-2,5,1,10,2.91,1.88,2145.82
EDGE-LOT-01,W03,-2,6,1,10,3.02,1.76,2076.84
EDGE-LOT-01,W03,-2,7,1,10,3.16,1.82,2098.06
EDGE-LOT-01,W03,-2,8,1,10,2.72,1.89,2038.2
EDGE-LOT-01,W03,-2,9,1,11,2.06,1.87,2077.3
EDGE-LOT-01,W03,-2,10,1,10,2.99,1.83,2100.33
EDGE-LOT-01,W03,-2,11,1,10,3.34,1.75,2069.91
EDGE-LOT-01,W03,-2,12,1,10,2.54,1.8,2075.14
EDGE-LOT-01,W03,-2,13,1,10,1.99,1.8,2084.06
EDGE-LOT-01,W03,-2,14,1,10,1.77,1.83,2069.28
EDGE-LOT-01,W03,-2,15,1,10,2.5,1.86,2092.61
EDGE-LOT-01,W03,-2,16,1,10,2.06,1.81,2167.43
EDGE-LOT-01,W03,-2,17,1,11,2.69,1.81,2032.32
EDGE-LOT-01,W03,-2,18,2,22,4.04,1.82,2038.89
EDGE-LOT-01,W03,-2,19,1,10,4.21,1.66,2027.79
EDGE-LOT-01,W03,-1,-19,2,21,4.31,1.71,2010.32
EDGE-LOT-01,W03,-1,-18,1,10,3.25,1.68,2040.87
EDGE-LOT-01,W03,-1,-17,1,10,2.59,1.76,2118.97
EDGE-LOT-01,W03,-1,-16,1,10,3,1.89,2060.54
EDGE-LOT-01,W03,-1,-15,1,10,2.65,1.75,2098.21
EDGE-LOT-01,W03,-1,-14,1,10,2.89,1.79,2088.73
EDGE-LOT-01,W03,-1,-13,1,10,1.91,1.74,2055.6
EDGE-LOT-01,W03,-1,-12,1,10,1.88,1.84,2084.71
EDGE-LOT-01,W03,-1,-11,1,11,3.48,1.83,2126.79
EDGE-LOT-01,W03,-1,-10,1,10,2.25,1.74,2030.65
EDGE-LOT-01,W03,-1,-9,1,10,3.67,1.84,2153.4
EDGE-LOT-01,W03,-1,-8,1,10,2.61,1.82,2066.22
EDGE-LOT-01,W03,-1,-7,1,10,2.82,1.78,2063.04
EDGE-LOT-01,W03,-1,-6,1,10,1.9,1.77,2082.98
EDGE-LOT-01,W03,-1,-5,1,10,2.17,1.71,2124.33
EDGE-LOT-01,W03,-1,-4,1,10,3.44,1.76,2088.57
EDGE-LOT-01,W03,-1,-3,1,10,2.72,1.77,2050.41
EDGE-LOT-01,W03,-1,-2,1,10,1.53,1.82,2123.45
EDGE-LOT-01,W03,-1,-1,1,10,2.77,1.77,2088.91
EDGE-LOT-01,W03,-1,0,1,10,2.98,1.83,2112.17
EDGE-LOT-01,W03,-1,1,1,10,2.55,1.74,2068.96
EDGE-LOT-01,W03,-1,2,1,10,3,1.81,2109.4
EDGE-LOT-01,W03,-1,3,1,10,2.17,1.79,2047.46
EDGE-LOT-01,W03,-1,4,1,10,3.03,1.8,2086.2
EDGE-LOT-01,W03,-1,5,1,10,1.98,1.79,2142.08
EDGE-LOT-01,W03,-1,6,1,10,2.44,1.78,2110.89
EDGE-LOT-01,W03,-1,7,1,10,2.23,1.85,2085.33
EDGE-LOT-01,W03,-1,8,1,10,2.83,1.85,2097.34
EDGE-LOT-01,W03,-1,9,1,11,1.98,1.73,2109.12
EDGE-LOT-01,W03,-1,10,1,10,2.47,1.8,2109.78
EDGE-LOT-01,W03,-1,11,1,10,2.14,1.78,2120.09
EDGE-LOT-01,W03,-1,12,1,10,2.96,1.71,2094.6
EDGE-LOT-01,W03,-1,13,1,10,1.95,1.8,2114.66
EDGE-LOT-01,W03,-1,14,1,10,2.45,1.77,2058.47
EDGE-LOT-01,W03,-1,15,1,10,2.98,1.78,2087.2
EDGE-LOT-01,W03,-1,16,1,10,2.47,1.79,2047.4
EDGE-LOT-01,W03,-1,17,1,10,2.11,1.78,2104.93
EDGE-LOT-01,W03,-1,18,1,10,4.51,1.72,2034.34
EDGE-LOT-01,W03,-1,19,2,21,4.47,1.75,2013.67
EDGE-LOT-01,W03,0,-19,2,22,3.66,1.67,1997.17
EDGE-LOT-01,W03,0,-18,1,10,3.59,1.71,2105.08
EDGE-LOT-01,W03,0,-17,1,10,2.65,1.9,2147.12
EDGE-LOT-01,W03,0,-16,1,10,2.65,1.83,2058.07
EDGE-LOT-01,W03,0,-15,1,10,2.97,1.79,2111.3
EDGE-LOT-01,W03,0,-14,1,10,2.52,1.83,2175.73
EDGE-LOT-01,W03,0,-13,1,10,1.75,1.73,2054.95
EDGE-LOT-01,W03,0,-12,1,10,2.59,1.85,2131.52
EDGE-LOT-01,W03,0,-11,1,10,1.89,1.77,2085.73
EDGE-LOT-01,W03,0,-10,1,10,2.64,1.77,2082.54
EDGE-LOT-01,W03,0,-9,1,11,2.98,1.88,2100.22
EDGE-LOT-01,W03,0,-8,1,10,2.79,1.86,2155.47
EDGE-LOT-01,W03,0,-7,1,10,2.41,1.78,2101.81
EDGE-LOT-01,W03,0,-6,1,10,2.73,1.84,2096.02
EDGE-LOT-01,W03,0,-5,1,10,1.94,1.76,2084.82
EDGE-LOT-01,W03,0,-4,1,10,2.73,1.74,2093.14
EDGE-LOT-01,W03,0,-3,1,10,2.18,1.74,2081.72
EDGE-LOT-01,W03,0,-2,1,10,3.29,1.87,2070.92
EDGE-LOT-01,W03,0,-1,1,10,2.42,1.78,2103.04
EDGE-LOT-01,W03,0,0,1,10,2.63,1.82,2125.96
EDGE-LOT-01,W03,0,1,1,10,2.5,1.77,2130.1
EDGE-LOT-01,W03,0,2,1,10,2.48,1.8,2100.87
EDGE-LOT-01,W03,0,3,1,10,2.73,1.8,2104.62
EDGE-LOT-01,W03,0,4,1,10,2.5,1.75,2074.53
EDGE-LOT-01,W03,0,5,1,10,2.87,1.77,2111.01
EDGE-LOT-01,W03,0,6,1,10,2.58,1.89,2055.95
EDGE-LOT-01,W03,0,7,1,10,3.15,1.89,2150.65
EDGE-LOT-01,W03,0,8,3,31,2.3,1.85,2122.78
EDGE-LOT-01,W03,0,9,1,10,1.52,1.84,2111.89
EDGE-LOT-01,W03,0,10,1,10,2.32,1.79,2126.75
EDGE-LOT-01,W03,0,11,1,10,2.41,1.8,2118.42
EDGE-LOT-01,W03,0,12,1,10,2.72,1.84,2081.09
EDGE-LOT-01,W03,0,13,1,10,2.56,1.79,2040.55
EDGE-LOT-01,W03,0,14,1,10,2.73,1.85,2083.72
EDGE-LOT-01,W03,0,15,1,11,2.53,1.8,2118.47
EDGE-LOT-01,W03,0,16,1,10,2.8,1.8,2128.26
EDGE-LOT-01,W03,0,17,1,10,3.26,1.76,2089.07
EDGE-LOT-01,W03,0,18,2,21,3.12,1.74,2087.32
EDGE-LOT-01,W03,0,19,1,10,3.63,1.75,2032.2
EDGE-LOT-01,W03,1,-19,1,10,5.2,1.7,2060.85
EDGE-LOT-01,W03,1,-18,1,10,3.37,1.75,1997.13
EDGE-LOT-01,W03,1,-17,1,10,3.19,1.83,2148.45
EDGE-LOT-01,W03,1,-16,1,10,2.15,1.79,2053.84
EDGE-LOT-01,W03,1,-15,1,10,1.9,1.84,2099.7
EDGE-LOT-01,W03,1,-14,1,10,2.47,1.81,2089.27
EDGE-LOT-01,W03,1,-13,1,10,1.69,1.89,2095.5
EDGE-LOT-01,W03,1,-12,1,10,2.51,1.81,2073.62
EDGE-LOT-01,W03,1,-11,1,10,2.99,1.81,2126.95
EDGE-LOT-01,W03,1,-10,1,10,2.08,1.82,2060.89
EDGE-LOT-01,W03,1,-9,1,10,2.3,1.81,2084.11
EDGE-LOT-01,W03,1,-8,1,10,3,1.76,2106.51
EDGE-LOT-01,W03,1,-7,1,10,3.41,1.82,2059.53
EDGE-LOT-01,W03,1,-6,1,10,1.62,1.84,2115.22
EDGE-LOT-01,W03,1,-5,1,10,2.72,1.79,2103.45
EDGE-LOT-01,W03,1,-4,1,10,2.6,1.79,2153.16
EDGE-LOT-01,W03,1,-3,1,10,2.64,1.8,2093.39
EDGE-LOT-01,W03,1,-2,1,10,2.47,1.8,2050.81
EDGE-LOT-01,W03,1,-1,1,10,2.47,1.8,2096.33
EDGE-LOT-01,W03,1,0,1,10,2.05,1.84,2103.9
EDGE-LOT-01,W03,1,1,1,11,2.17,1.79,2110.13
EDGE-LOT-01,W03,1,2,1,10,2.41,1.85,2107.68
EDGE-LOT-01,W03,1,3,1,10,2.66,1.8,2139.4
EDGE-LOT-01,W03,1,4,1,10,3.17,1.82,2070.57
EDGE-LOT-01,W03,1,5,1,10,2.25,1.81,2113.81
EDGE-LOT-01,W03,1,6,1,10,2.47,1.75,2132.73
EDGE-LOT-01,W03,1,7,1,10,2.41,1.77,2169.58
EDGE-LOT-01,W03,1,8,1,11,2.13,1.84,2096.5
EDGE-LOT-01,W03,1,9,1,10,2.16,1.81,2096.18
EDGE-LOT-01,W03,1,10,1,10,1.92,1.78,2084.4
EDGE-LOT-01,W03,1,11,1,10,2.59,1.81,2153.59
EDGE-LOT-01,W03,1,12,1,10,2.39,1.74,2173.19
EDGE-LOT-01,W03,1,13,1,10,2.92,1.76,2097.2
EDGE-LOT-01,W03,1,14,1,10,2.57,1.83,2071.74
EDGE-LOT-01,W03,1,15,1,10,2.45,1.85,2103.63
EDGE-LOT-01,W03,1,16,1,10,2.77,1.78,2025.92
EDGE-LOT-01,W03,1,17,1,10,3.23,1.75,2128.49
EDGE-LOT-01,W03,1,18,1,11,3.12,1.72,2073.63
EDGE-LOT-01,W03,1,19,1,10,5.63,1.72,2049.51
EDGE-LOT-01,W03,2,-19,2,22,3.39,1.66,2041
EDGE-LOT-01,W03,2,-18,1,10,3.04,1.73,2041.7
EDGE-LOT-01,W03,2,-17,1,10,1.73,1.77,2111.31
EDGE-LOT-01,W03,2,-16,1,10,2.64,1.81,2058.87
EDGE-LOT-01,W03,2,-15,1,10,2.5,1.78,2091.26
EDGE-LOT-01,W03,2,-14,1,11,2.3,1.76,2097.97
EDGE-LOT-01,W03,2,-13,1,10,2.93,1.83,2092.66
EDGE-LOT-01,W03,2,-12,1,10,2.28,1.75,2107.96
EDGE-LOT-01,W03,2,-11,1,10,3.4,1.81,2098.91
EDGE-LOT-01,W03,2,-10,1,10,2.4,1.86,2136.88
EDGE-LOT-01,W03,2,-9,1,10,2.09,1.81,2079.33
EDGE-LOT-01,W03,2,-8,1,10,2.44,1.75,2084.92
EDGE-LOT-01,W03,2,-7,1,10,2.77,1.81,2100.39
EDGE-LOT-01,W03,2,-6,1,10,2.82,1.79,2136.59
EDGE-LOT-01,W03,2,-5,1,10,2.21,1.75,2104.78
EDGE-LOT-01,W03,2,-4,1,10,1.58,1.84,2092.01
EDGE-LOT-01,W03,2,-3,1,10,2.45,1.77,2110.64
EDGE-LOT-01,W03,2,-2,1,10,2.81,1.73,2080.16
EDGE-LOT-01,W03,2,-1,1,10,3.28,1.83,2095.77
EDGE-LOT-01,W03,2,0,2,22,2.21,1.78,2027.41
EDGE-LOT-01,W03,2,1,1,10,2.43,1.84,2166.25
EDGE-LOT-01,W03,2,2,1,10,2.43,1.79,2097.59
EDGE-LOT-01,W03,2,3,1,10,2.38,1.78,2112
EDGE-LOT-01,W03,2,4,1,10,1.97,1.83,2099.07
EDGE-LOT-01,W03,2,5,1,10,3.16,1.8,2127.18
EDGE-LOT-01,W03,2,6,1,10,2.1,1.77,2053.32
EDGE-LOT-01,W03,2,7,1,10,2.78,1.83,2110.29
EDGE-LOT-01,W03,2,8,1,10,3.02,1.74,2145.94
EDGE-LOT-01,W03,2,9,1,10,2.82,1.76,2087.5
EDGE-LOT-01,W03,2,10,1,10,2.59,1.78,2114.36
EDGE-LOT-01,W03,2,11,1,10,2.53,1.81,2159.15
EDGE-LOT-01,W03,2,12,1,10,2.37,1.77,2093.71
EDGE-LOT-01,W03,2,13,1,10,2.42,1.81,2130
EDGE-LOT-01,W03,2,14,1,10,2.99,1.88,2094.34
EDGE-LOT-01,W03,2,15,1,10,2.45,1.73,2097.88
EDGE-LOT-01,W03,2,16,1,10,1.82,1.84,2109.65
EDGE-LOT-01,W03,2,17,1,10,3.03,1.76,2095.64
EDGE-LOT-01,W03,2,18,1,10,4.1,1.74,2054.51
EDGE-LOT-01,W03,2,19,1,10,3.82,1.72,2037.88
EDGE-LOT-01,W03,3,-19,2,22,5.24,1.65,1964.92
EDGE-LOT-01,W03,3,-18,1,10,3.37,1.71,1961.07
EDGE-LOT-01,W03,3,-17,1,10,2.66,1.82,2066.76
EDGE-LOT-01,W03,3,-16,2,22,2.93,1.79,2125.35
EDGE-LOT-01,W03,3,-15,1,10,1.5,1.85,2110.63
EDGE-LOT-01,W03,3,-14,1,10,2.2,1.79,2088.33
EDGE-LOT-01,W03,3,-13,1,10,2.76,1.82,2156.92
EDGE-LOT-01,W03,3,-12,1,10,2.53,1.8,2105.85
EDGE-LOT-01,W03,3,-11,1,10,1.8,1.82,2055.12
EDGE-LOT-01,W03,3,-10,1,10,2.67,1.78,2128.32
EDGE-LOT-01,W03,3,-9,1,10,2.18,1.88,2131.59
EDGE-LOT-01,W03,3,-8,1,10,2.7,1.84,2124.21
EDGE-LOT-01,W03,3,-7,1,10,1.82,1.84,2128.1
EDGE-LOT-01,W03,3,-6,1,10,2.44,1.82,2111.28
EDGE-LOT-01,W03,3,-5,1,10,3,1.81,2084.09
EDGE-LOT-01,W03,3,-4,1,10,2.89,1.75,2105.61
EDGE-LOT-01,W03,3,-3,1,10,2.42,1.78,2038.93
EDGE-LOT-01,W03,3,-2,1,10,2.72,1.72,2106.27
EDGE-LOT-01,W03,3,-1,1,10,2.05,1.81,2084.09
EDGE-LOT-01,W03,3,0,1,10,2.43,1.83,2051.17
EDGE-LOT-01,W03,3,1,1,10,2.22,1.78,2145.02
EDGE-LOT-01,W03,3,2,1,10,3.07,1.83,2102.36
EDGE-LOT-01,W03,3,3,1,10,3,1.74,2100.42
EDGE-LOT-01,W03,3,4,1,10,2.6,1.81,2065.35
EDGE-LOT-01,W03,3,5,1,10,2.99,1.71,2093.27
EDGE-LOT-01,W03,3,6,1,10,2.11,1.8,2098.71
EDGE-LOT-01,W03,3,7,1,10,2.57,1.73,2120.85
EDGE-LOT-01,W03,3,8,1,10,2.25,1.83,2104.5
EDGE-LOT-01,W03,3,9,1,10,2.45,1.8,2136.5
EDGE-LOT-01,W03,3,10,1,10,2.18,1.8,2101.84
EDGE-LOT-01,W03,3,11,1,10,2.06,1.79,2076.58
EDGE-LOT-01,W03,3,12,1,10,2.53,1.83,2105.07
EDGE-LOT-01,W03,3,13,1,10,1.61,1.78,2142.77
EDGE-LOT-01,W03,3,14,1,10,2.55,1.8,2079.76
EDGE-LOT-01,W03,3,15,1,10,2.85,1.79,2106.54
EDGE-LOT-01,W03,3,16,1,10,2.2,1.77,2124.2
EDGE-LOT-01,W03,3,17,1,10,3.03,1.7,2089.07
EDGE-LOT-01,W03,3,18,1,10,3.91,1.7,2065.78
EDGE-LOT-01,W03,3,19,2,22,4.87,1.72,2002.61
EDGE-LOT-01,W03,4,-18,1,10,2.55,1.71,2068.35
EDGE-LOT-01,W03,4,-17,1,11,2.55,1.79,2115.99
EDGE-LOT-01,W03,4,-16,1,10,2.47,1.79,2114.93
EDGE-LOT-01,W03,4,-15,1,10,1.78,1.78,2113.33
EDGE-LOT-01,W03,4,-14,1,10,2.07,1.84,2052.25
EDGE-LOT-01,W03,4,-13,1,10,2.52,1.76,2048.01
EDGE-LOT-01,W03,4,-12,1,10,3.62,1.83,2144.49
EDGE-LOT-01,W03,4,-11,1,10,1.97,1.76,2113.33
EDGE-LOT-01,W03,4,-10,1,11,2.62,1.77,2087.89
EDGE-LOT-01,W03,4,-9,1,10,2.25,1.86,2066.83
EDGE-LOT-01,W03,4,-8,1,10,3.21,1.81,2084.53
EDGE-LOT-01,W03,4,-7,1,10,2.52,1.84,2119.23
EDGE-LOT-01,W03,4,-6,1,10,2.39,1.75,2135.93
EDGE-LOT-01,W03,4,-5,1,10,2.82,1.84,2126.47
EDGE-LOT-01,W03,4,-4,1,10,2.48,1.84,2115.14
EDGE-LOT-01,W03,4,-3,1,10,2.67,1.78,2179.5
EDGE-LOT-01,W03,4,-2,1,10,2.35,1.82,2089.31
EDGE-LOT-01,W03,4,-1,1,10,2.61,1.77,2162.26
EDGE-LOT-01,W03,4,0,1,10,2.03,1.83,2068.74
EDGE-LOT-01,W03,4,1,1,10,2.42,1.78,2110.78
EDGE-LOT-01,W03,4,2,1,10,2.61,1.75,2119.22
EDGE-LOT-01,W03,4,3,1,10,2.28,1.77,2098.91
EDGE-LOT-01,W03,4,4,1,10,2.69,1.87,2153.73
EDGE-LOT-01,W03,4,5,1,10,1.94,1.87,2111.39
EDGE-LOT-01,W03,4,6,1,10,2.17,1.86,2099.65
EDGE-LOT-01,W03,4,7,1,11,2.88,1.79,2167.03
EDGE-LOT-01,W03,4,8,1,10,2.92,1.84,2122.2
EDGE-LOT-01,W03,4,9,1,10,2.14,1.78,2110.06
EDGE-LOT-01,W03,4,10,1,10,2.26,1.75,2129.38
EDGE-LOT-01,W03,4,11,1,11,1.57,1.78,2141.2
EDGE-LOT-01,W03,4,12,1,11,2.18,1.82,2129.14
EDGE-LOT-01,W03,4,13,1,11,2.82,1.8,2166.31
EDGE-LOT-01,W03,4,14,1,10,3,1.89,2091.51
EDGE-LOT-01,W03,4,15,1,10,2.57,1.83,2081.57
EDGE-LOT-01,W03,4,16,1,10,2.3,1.83,2092.77
EDGE-LOT-01,W03,4,17,1,10,2.78,1.86,2035.28
EDGE-LOT-01,W03,4,18,1,11,4.54,1.8,2033.62
EDGE-LOT-01,W03,5,-18,1,11,3.27,1.73,2108.18
EDGE-LOT-01,W03,5,-17,1,10,2.73,1.75,2077.53
EDGE-LOT-01,W03,5,-16,1,10,2.18,1.76,2113.7
EDGE-LOT-01,W03,5,-15,1,10,2.84,1.84,2135.39
EDGE-LOT-01,W03,5,-14,1,10,2.51,1.69,2077.36
EDGE-LOT-01,W03,5,-13,1,10,2.42,1.74,2109.74
EDGE-LOT-01,W03,5,-12,1,10,2.24,1.83,2160.61
EDGE-LOT-01,W03,5,-11,1,10,2.48,1.81,2059.23
EDGE-LOT-01,W03,5,-10,1,10,2.47,1.75,2105.17
EDGE-LOT-01,W03,5,-9,1,10,2.25,1.77,2060.14
EDGE-LOT-01,W03,5,-8,1,10,2.71,1.78,2086.92
EDGE-LOT-01,W03,5,-7,1,10,2.74,1.77,2146.41
EDGE-LOT-01,W03,5,-6,1,10,2.61,1.72,2111.01
EDGE-LOT-01,W03,5,-5,1,10,1.82,1.8,2105.27
EDGE-LOT-01,W03,5,-4,1,10,2.6,1.8,2107.9
EDGE-LOT-01,W03,5,-3,1,10,2.21,1.8,2114.43
EDGE-LOT-01,W03,5,-2,1,10,2.33,1.86,2108.78
EDGE-LOT-01,W03,5,-1,1,10,1.74,1.82,2084.59
EDGE-LOT-01,W03,5,0,1,10,3.01,1.81,2125.4
EDGE-LOT-01,W03,5,1,1,10,2.53,1.8,2130.04
EDGE-LOT-01,W03,5,2,1,10,3,1.79,2093.82
EDGE-LOT-01,W03,5,3,1,10,2.8,1.79,2086.23
EDGE-LOT-01,W03,5,4,1,10,2.07,1.82,2129.27
EDGE-LOT-01,W03,5,5,1,10,2.49,1.84,2078.49
EDGE-LOT-01,W03,5,6,1,11,2.81,1.84,2123.98
EDGE-LOT-01,W03,5,7,1,11,2.39,1.77,2099.17
EDGE-LOT-01,W03,5,8,1,10,2.75,1.74,2073.99
EDGE-LOT-01,W03,5,9,1,10,2.17,1.81,2064.43
EDGE-LOT-01,W03,5,10,1,11,2.93,1.81,2091.58
EDGE-LOT-01,W03,5,11,1,10,2.64,1.75,2078.76
EDGE-LOT-01,W03,5,12,1,10,3.03,1.76,2064.48
EDGE-LOT-01,W03,5,13,1,10,2.1,1.84,2104.16
EDGE-LOT-01,W03,5,14,1,10,2.57,1.8,2038.7
EDGE-LOT-01,W03,5,15,1,10,2.47,1.79,2113.3
EDGE-LOT-01,W03,5,16,1,11,2.29,1.83,2084.1
EDGE-LOT-01,W03,5,17,1,10,3.18,1.83,2081.27
EDGE-LOT-01,W03,5,18,2,21,4.63,1.71,2043.13
EDGE-LOT-01,W03,6,-18,3,31,5.24,1.67,1990.8
EDGE-LOT-01,W03,6,-17,1,10,4.4,1.77,2083.84
EDGE-LOT-01,W03,6,-16,1,10,2.87,1.81,2053.48
EDGE-LOT-01,W03,6,-15,1,10,2.79,1.77,2103
EDGE-LOT-01,W03,6,-14,1,10,2.22,1.8,2056.68
EDGE-LOT-01,W03,6,-13,1,10,2.63,1.77,2103.86
EDGE-LOT-01,W03,6,-12,1,10,2.51,1.71,2120.69
EDGE-LOT-01,W03,6,-11,1,10,3.35,1.84,2148.81
EDGE-LOT-01,W03,6,-10,1,10,2.51,1.89,2110.49
EDGE-LOT-01,W03,6,-9,1,10,2.38,1.76,2088.75
EDGE-LOT-01,W03,6,-8,1,10,2.77,1.83,2098.19
EDGE-LOT-01,W03,6,-7,1,11,3.02,1.78,2117.8
EDGE-LOT-01,W03,6,-6,1,10,2.26,1.72,2187.29
EDGE-LOT-01,W03,6,-5,1,10,2.48,1.7,2131.8
EDGE-LOT-01,W03,6,-4,1,10,2,1.84,2088.85
EDGE-LOT-01,W03,6,-3,1,10,2.23,1.8,2133.71
EDGE-LOT-01,W03,6,-2,1,10,1.93,1.78,2099.87
EDGE-LOT-01,W03,6,-1,1,10,2.71,1.81,2133.69
EDGE-LOT-01,W03,6,0,1,10,2.98,1.83,2112.17
EDGE-LOT-01,W03,6,1,1,10,3.36,1.78,2107.1
EDGE-LOT-01,W03,6,2,1,10,2.83,1.82,2097.45
EDGE-LOT-01,W03,6,3,1,10,3.09,1.83,2099.18
EDGE-LOT-01,W03,6,4,1,10,1.69,1.77,2080.71
EDGE-LOT-01,W03,6,5,1,10,2.31,1.73,2056.23
EDGE-LOT-01,W03,6,6,1,10,2.54,1.78,2126.34
EDGE-LOT-01,W03,6,7,1,10,2.67,1.75,2090.75
EDGE-LOT-01,W03,6,8,1,10,3.37,1.75,2133.99
EDGE-LOT-01,W03,6,9,1,10,3.06,1.79,2145.23
EDGE-LOT-01,W03,6,10,1,10,2.78,1.8,2100.89
EDGE-LOT-01,W03,6,11,1,10,2.73,1.77,2097.29
EDGE-LOT-01,W03,6,12,1,10,2.73,1.78,2057.6
EDGE-LOT-01,W03,6,13,1,10,2.61,1.89,2063.16
EDGE-LOT-01,W03,6,14,1,10,2.61,1.77,2135.26
EDGE-LOT-01,W03,6,15,1,10,2.31,1.8,2101.79
EDGE-LOT-01,W03,6,16,1,10,2.5,1.77,2067.16
EDGE-LOT-01,W03,6,17,1,10,4.76,1.72,2090.85
EDGE-LOT-01,W03,6,18,3,31,4.39,1.69,2018.77
EDGE-LOT-01,W03,7,-17,1,10,2.95,1.72,2076.35
EDGE-LOT-01,W03,7,-16,1,10,3.23,1.74,2144.16
EDGE-LOT-01,W03,7,-15,1,10,2.78,1.82,2090.4
EDGE-LOT-01,W03,7,-14,1,10,2.61,1.84,2071.1
EDGE-LOT-01,W03,7,-13,1,10,2.28,1.82,2137.36
EDGE-LOT-01,W03,7,-12,1,10,2.42,1.76,2093.26
EDGE-LOT-01,W03,7,-11,1,10,2.29,1.74,2086.88
EDGE-LOT-01,W03,7,-10,1,10,2.19,1.73,2147.92
EDGE-LOT-01,W03,7,-9,1,10,2.9,1.77,2069.06
EDGE-LOT-01,W03,7,-8,1,10,2.91,1.82,2067.59
EDGE-LOT-01,W03,7,-7,1,10,2.5,1.85,2093.81
EDGE-LOT-01,W03,7,-6,1,10,2.38,1.76,2074.75
EDGE-LOT-01,W03,7,-5,1,10,2.41,1.73,2099.52
EDGE-LOT-01,W03,7,-4,1,10,2.34,1.76,2099.95
EDGE-LOT-01,W03,7,-3,1,10,2.56,1.8,2112.23
EDGE-LOT-01,W03,7,-2,1,10,2.66,1.8,2061.32
EDGE-LOT-01,W03,7,-1,1,10,2.14,1.77,2130.42
EDGE-LOT-01,W03,7,0,1,10,2.8,1.8,2056.97
EDGE-LOT-01,W03,7,1,1,10,2.53,1.83,2048.5
EDGE-LOT-01,W03,7,2,1,10,1.85,1.83,2135.83
EDGE-LOT-01,W03,7,3,1,10,2.55,1.69,2120.77
EDGE-LOT-01,W03,7,4,1,10,2.36,1.83,2148.41
EDGE-LOT-01,W03,7,5,1,10,1.89,1.85,2056.18
EDGE-LOT-01,W03,7,6,1,10,2.26,1.77,2114.16
EDGE-LOT-01,W03,7,7,1,11,3.62,1.72,2085.84
EDGE-LOT-01,W03,7,8,1,10,2.85,1.82,2107.97
EDGE-LOT-01,W03,7,9,1,10,3.22,1.78,2052.3
EDGE-LOT-01,W03,7,10,1,10,2.44,1.77,2117.88
EDGE-LOT-01,W03,7,11,1,10,2.68,1.82,2074.47
EDGE-LOT-01,W03,7,12,1,10,2.12,1.77,2123.43
EDGE-LOT-01,W03,7,13,1,10,2.46,1.76,2122.64
EDGE-LOT-01,W03,7,14,1,10,2.38,1.78,2130.32
EDGE-LOT-01,W03,7,15,1,10,2.98,1.77,2094.63
EDGE-LOT-01,W03,7,16,1,10,2.98,1.77,2104.49
EDGE-LOT-01,W03,7,17,3,31,3.19,1.75,2040.02
EDGE-LOT-01,W03,8,-17,1,10,4.55,1.7,2040.11
EDGE-LOT-01,W03,8,-16,1,10,2.97,1.75,2087.88
EDGE-LOT-01,W03,8,-15,1,10,1.98,1.76,2113.27
EDGE-LOT-01,W03,8,-14,1,11,2.7,1.8,2101.62
EDGE-LOT-01,W03,8,-13,1,10,2.38,1.78,2134.39
EDGE-LOT-01,W03,8,-12,1,10,2.21,1.85,2171.3
EDGE-LOT-01,W03,8,-11,1,10,2.76,1.79,2086.14
EDGE-LOT-01,W03,8,-10,1,10,2.08,1.84,2063.83
EDGE-LOT-01,W03,8,-9,1,10,3.37,1.77,2144.05
EDGE-LOT-01,W03,8,-8,1,10,2.46,1.79,2085
EDGE-LOT-01,W03,8,-7,1,10,2.55,1.75,2109.89
EDGE-LOT-01,W03,8,-6,1,10,2.93,1.84,2093.18
EDGE-LOT-01,W03,8,-5,1,10,3.11,1.83,2095.78
EDGE-LOT-01,W03,8,-4,1,10,3.18,1.75,2118.17
EDGE-LOT-01,W03,8,-3,1,11,2.3,1.85,2112.44
EDGE-LOT-01,W03,8,-2,1,10,2.4,1.8,2082.04
EDGE-LOT-01,W03,8,-1,1,10,2.38,1.83,2047.74
EDGE-LOT-01,W03,8,0,1,11,2.31,1.83,2075.73
EDGE-LOT-01,W03,8,1,1,10,2.33,1.83,2112.81
EDGE-LOT-01,W03,8,2,1,10,3.03,1.77,2134.74
EDGE-LOT-01,W03,8,3,1,11,2.58,1.79,2137.78
EDGE-LOT-01,W03,8,4,1,10,2.71,1.76,2116.43
EDGE-LOT-01,W03,8,5,1,10,2.48,1.79,2061.63
EDGE-LOT-01,W03,8,6,1,10,2.32,1.76,2100.51
EDGE-LOT-01,W03,8,7,1,10,1.79,1.79,2142.84
EDGE-LOT-01,W03,8,8,1,10,2.79,1.76,2102.33
EDGE-LOT-01,W03,8,9,1,10,1.97,1.85,2115.11
EDGE-LOT-01,W03,8,10,1,10,2.87,1.81,2128.76
EDGE-LOT-01,W03,8,11,1,10,2.48,1.81,2109.49
EDGE-LOT-01,W03,8,12,1,10,2.61,1.73,2050.6
EDGE-LOT-01,W03,8,13,1,10,3.31,1.81,2098.39
EDGE-LOT-01,W03,8,14,1,10,2.87,1.8,2107.72
EDGE-LOT-01,W03,8,15,1,10,2.23,1.75,2090.82
EDGE-LOT-01,W03,8,16,1,10,3.51,1.74,2044.02
EDGE-LOT-01,W03,8,17,1,10,3.32,1.66,2051.8
EDGE-LOT-01,W03,9,-17,2,21,3.93,1.74,1957.01
EDGE-LOT-01,W03,9,-16,1,10,4.7,1.69,2083.36
EDGE-LOT-01,W03,9,-15,1,10,2.31,1.74,2072.09
EDGE-LOT-01,W03,9,-14,1,11,2.49,1.85,2119.43
EDGE-LOT-01,W03,9,-13,1,10,2.62,1.84,2110.59
EDGE-LOT-01,W03,9,-12,1,10,3.27,1.79,2040.19
EDGE-LOT-01,W03,9,-11,1,10,2.96,1.84,2081.94
EDGE-LOT-01,W03,9,-10,1,10,2.48,1.86,2125.6
EDGE-LOT-01,W03,9,-9,1,10,1.88,1.81,2065.74
EDGE-LOT-01,W03,9,-8,1,10,2.22,1.86,2142.81
EDGE-LOT-01,W03,9,-7,1,10,1.67,1.81,2113.58
EDGE-LOT-01,W03,9,-6,1,10,1.99,1.78,2100.68
EDGE-LOT-01,W03,9,-5,1,10,2.67,1.76,2105.52
EDGE-LOT-01,W03,9,-4,1,10,2.78,1.83,2107.41
EDGE-LOT-01,W03,9,-3,1,10,1.88,1.85,2091.23
EDGE-LOT-01,W03,9,-2,1,10,2.68,1.75,2059.64
EDGE-LOT-01,W03,9,-1,1,10,2.04,1.76,2102.07
EDGE-LOT-01,W03,9,0,1,10,2.53,1.82,2138.89
EDGE-LOT-01,W03,9,1,1,10,2.21,1.78,2091.98
EDGE-LOT-01,W03,9,2,1,10,2.41,1.77,2205.34
EDGE-LOT-01,W03,9,3,1,10,2.68,1.83,2116.68
EDGE-LOT-01,W03,9,4,1,10,2.46,1.88,2087.35
EDGE-LOT-01,W03,9,5,1,10,2.37,1.83,2111.4
EDGE-LOT-01,W03,9,6,1,10,2.59,1.84,2067.27
EDGE-LOT-01,W03,9,7,1,10,2.88,1.81,2080.11
EDGE-LOT-01,W03,9,8,1,10,2.82,1.74,2087.97
EDGE-LOT-01,W03,9,9,1,10,2.79,1.77,2093.65
EDGE-LOT-01,W03,9,10,1,10,2.71,1.84,2075.9
EDGE-LOT-01,W03,9,11,1,10,2.61,1.78,2085.32
EDGE-LOT-01,W03,9,12,1,10,2.76,1.82,2101.58
EDGE-LOT-01,W03,9,13,1,10,2.53,1.78,2125.17
EDGE-LOT-01,W03,9,14,1,10,3.24,1.76,2134.16
EDGE-LOT-01,W03,9,15,1,10,3.3,1.8,2050.6
EDGE-LOT-01,W03,9,16,1,10,4.14,1.71,2107.92
EDGE-LOT-01,W03,9,17,1,10,3.81,1.75,2017.44
EDGE-LOT-01,W03,10,-16,1,10,3.85,1.71,2042.97
EDGE-LOT-01,W03,10,-15,1,10,4.19,1.77,2064.9
EDGE-LOT-01,W03,10,-14,1,10,2.12,1.83,2097.98
EDGE-LOT-01,W03,10,-13,1,11,2.88,1.76,2103.04
EDGE-LOT-01,W03,10,-12,1,10,2.32,1.86,2069.18
EDGE-LOT-01,W03,10,-11,1,10,3.33,1.86,2136.87
EDGE-LOT-01,W03,10,-10,1,10,2.8,1.83,2130.87
EDGE-LOT-01,W03,10,-9,2,21,2.03,1.83,2070.73
EDGE-LOT-01,W03,10,-8,1,10,2.97,1.74,2114.35
EDGE-LOT-01,W03,10,-7,1,11,2.01,1.81,2106.06
EDGE-LOT-01,W03,10,-6,1,10,2.7,1.83,2115.5
EDGE-LOT-01,W03,10,-5,1,10,2.7,1.82,2145.67
EDGE-LOT-01,W03,10,-4,1,10,3.12,1.83,2056.3
EDGE-LOT-01,W03,10,-3,1,10,2.43,1.84,2135.43
EDGE-LOT-01,W03,10,-2,1,10,2.35,1.78,2021.1
EDGE-LOT-01,W03,10,-1,1,11,2.56,1.84,2112.9
EDGE-LOT-01,W03,10,0,1,10,2.03,1.8,2081.23
EDGE-LOT-01,W03,10,1,1,10,2.03,1.71,2134.23
EDGE-LOT-01,W03,10,2,1,10,2.57,1.79,2073.77
EDGE-LOT-01,W03,10,3,1,10,2.17,1.73,2091.44
EDGE-LOT-01,W03,10,4,1,10,3.01,1.79,2148.98
EDGE-LOT-01,W03,10,5,1,10,2.54,1.76,2147.47
EDGE-LOT-01,W03,10,6,1,10,2.27,1.8,2110.72
EDGE-LOT-01,W03,10,7,1,10,2.41,1.75,2140.07
EDGE-LOT-01,W03,10,8,1,10,2.48,1.83,2092.01
EDGE-LOT-01,W03,10,9,1,10,1.97,1.72,2085.3
EDGE-LOT-01,W03,10,10,3,31,2.22,1.84,2075.51
EDGE-LOT-01,W03,10,11,1,10,2.62,1.85,2151.68
EDGE-LOT-01,W03,10,12,1,10,2.33,1.82,2135.92
EDGE-LOT-01,W03,10,13,1,10,2.81,1.8,2072.83
EDGE-LOT-01,W03,10,14,1,10,1.79,1.81,2105.31
EDGE-LOT-01,W03,10,15,1,10,3.69,1.73,2064.17
EDGE-LOT-01,W03,10,16,2,22,5.36,1.71,2036.3
EDGE-LOT-01,W03,11,-15,2,21,3.56,1.71,1994.97
EDGE-LOT-01,W03,11,-14,1,10,3.31,1.79,2045.35
EDGE-LOT-01,W03,11,-13,1,10,1.98,1.77,2052.44
EDGE-LOT-01,W03,11,-12,1,10,2.41,1.83,2110.3
EDGE-LOT-01,W03,11,-11,1,10,2.4,1.76,2070.94
EDGE-LOT-01,W03,11,-10,1,10,2.13,1.81,2066.86
EDGE-LOT-01,W03,11,-9,1,10,2.21,1.78,2095.88
EDGE-LOT-01,W03,11,-8,1,10,2.6,1.81,2083.86
EDGE-LOT-01,W03,11,-7,1,10,2.55,1.88,2171.64
EDGE-LOT-01,W03,11,-6,1,10,3.21,1.7,2088.68
EDGE-LOT-01,W03,11,-5,1,10,2.54,1.85,2152.01
EDGE-LOT-01,W03,11,-4,1,11,2.34,1.73,2131.84
EDGE-LOT-01,W03,11,-3,1,10,3.03,1.82,2079.58
EDGE-LOT-01,W03,11,-2,1,10,3.3,1.83,2090.87
EDGE-LOT-01,W03,11,-1,1,10,2.83,1.79,2106.02
EDGE-LOT-01,W03,11,0,1,10,2.09,1.8,2075.29
EDGE-LOT-01,W03,11,1,1,10,2.81,1.75,2111.61
EDGE-LOT-01,W03,11,2,1,10,1.67,1.79,2134.52
EDGE-LOT-01,W03,11,3,1,10,2.47,1.81,2148.2
EDGE-LOT-01,W03,11,4,1,11,2.86,1.79,2096.8
EDGE-LOT-01,W03,11,5,1,11,2,1.83,2039.74
EDGE-LOT-01,W03,11,6,1,10,2.71,1.91,2096.86
EDGE-LOT-01,W03,11,7,1,10,2.17,1.8,2095.3
EDGE-LOT-01,W03,11,8,1,10,2.01,1.79,2155.74
EDGE-LOT-01,W03,11,9,1,10,2.39,1.83,2068.63
EDGE-LOT-01,W03,11,10,1,11,2.32,1.8,2104.43
EDGE-LOT-01,W03,11,11,1,10,2.64,1.79,2077.07
EDGE-LOT-01,W03,11,12,1,10,2.63,1.73,2099.34
EDGE-LOT-01,W03,11,13,1,10,3.02,1.86,2118.37
EDGE-LOT-01,W03,11,14,1,10,4.06,1.75,2124.6
EDGE-LOT-01,W03,11,15,1,10,3.85,1.68,2023.57
EDGE-LOT-01,W03,12,-15,3,31,3.54,1.72,1999.83
EDGE-LOT-01,W03,12,-14,2,21,3.42,1.7,2070.52
EDGE-LOT-01,W03,12,-13,1,10,3.06,1.76,2058.77
EDGE-LOT-01,W03,12,-12,1,10,2.8,1.76,2085.09
EDGE-LOT-01,W03,12,-11,1,10,2.55,1.81,2151.36
EDGE-LOT-01,W03,12,-10,1,10,2.43,1.8,2094.24
EDGE-LOT-01,W03,12,-9,1,10,2.75,1.82,2078.26
EDGE-LOT-01,W03,12,-8,1,10,2.46,1.75,2089.32
EDGE-LOT-01,W03,12,-7,1,10,2.85,1.83,2106.29
EDGE-LOT-01,W03,12,-6,1,11,2.67,1.83,2114.17
EDGE-LOT-01,W03,12,-5,1,10,2.76,1.81,2056.74
EDGE-LOT-01,W03,12,-4,1,10,2.72,1.78,2052.49
EDGE-LOT-01,W03,12,-3,1,10,2.77,1.75,2075.91
EDGE-LOT-01,W03,12,-2,1,10,2.02,1.76,2084.17
EDGE-LOT-01,W03,12,-1,1,10,2.94,1.78,2073.29
EDGE-LOT-01,W03,12,0,1,10,2.42,1.83,2057.78
EDGE-LOT-01,W03,12,1,1,10,1.98,1.77,2157.9
EDGE-LOT-01,W03,12,2,1,10,2.89,1.82,2090.8
EDGE-LOT-01,W03,12,3,1,10,2.41,1.83,2077.34
EDGE-LOT-01,W03,12,4,1,10,2.42,1.77,2091.22
EDGE-LOT-01,W03,12,5,1,10,2.69,1.81,2042.85
EDGE-LOT-01,W03,12,6,1,10,2.7,1.8,2051.83
EDGE-LOT-01,W03,12,7,1,10,2.78,1.77,2171.35
EDGE-LOT-01,W03,12,8,1,11,2.91,1.81,2127.87
EDGE-LOT-01,W03,12,9,1,11,2.73,1.86,2105.86
EDGE-LOT-01,W03,12,10,1,10,2.82,1.82,2100.15
EDGE-LOT-01,W03,12,11,1,10,2.7,1.8,2138.14
EDGE-LOT-01,W03,12,12,1,10,2.58,1.73,2105.02
EDGE-LOT-01,W03,12,13,1,10,2.94,1.76,2043.91
EDGE-LOT-01,W03,12,14,1,10,2.8,1.7,2026.01
EDGE-LOT-01,W03,12,15,2,22,5.64,1.68,1929.01
EDGE-LOT-01,W03,13,-14,1,10,3.15,1.7,2046.25
EDGE-LOT-01,W03,13,-13,1,10,4.38,1.7,2019.38
EDGE-LOT-01,W03,13,-12,1,10,3.62,1.74,2058.92
EDGE-LOT-01,W03,13,-11,1,10,3.09,1.8,2096.12
EDGE-LOT-01,W03,13,-10,1,10,2.28,1.77,2118.23
EDGE-LOT-01,W03,13,-9,1,10,2.2,1.75,2130.12
EDGE-LOT-01,W03,13,-8,1,10,2.82,1.82,2084.49
EDGE-LOT-01,W03,13,-7,1,10,2.79,1.77,2058.47
EDGE-LOT-01,W03,13,-6,1,10,1.75,1.9,2101.64
EDGE-LOT-01,W03,13,-5,1,10,2.62,1.8,2049.12
EDGE-LOT-01,W03,13,-4,1,10,3.23,1.85,2097.54
EDGE-LOT-01,W03,13,-3,1,10,2.64,1.8,2114.38
EDGE-LOT-01,W03,13,-2,1,10,2.16,1.82,2073.99
EDGE-LOT-01,W03,13,-1,1,10,1.62,1.8,2119.19
EDGE-LOT-01,W03,13,0,1,10,2.45,1.73,2138.41
EDGE-LOT-01,W03,13,1,1,10,2.36,1.83,2029.74
EDGE-LOT-01,W03,13,2,1,10,3.02,1.81,2115.16
EDGE-LOT-01,W03,13,3,1,10,2.5,1.84,2131.4
EDGE-LOT-01,W03,13,4,1,10,2.57,1.77,2135.78
EDGE-LOT-01,W03,13,5,1,10,2.85,1.75,2116.7
EDGE-LOT-01,W03,13,6,1,10,2.16,1.77,2060.81
EDGE-LOT-01,W03,13,7,1,10,3.09,1.8,2128.87
EDGE-LOT-01,W03,13,8,1,10,2.88,1.85,2103
EDGE-LOT-01,W03,13,9,1,10,2.06,1.74,2137.96
EDGE-LOT-01,W03,13,10,1,10,2.12,1.72,2122.89
EDGE-LOT-01,W03,13,11,1,10,2.26,1.72,2064.48
EDGE-LOT-01,W03,13,12,1,10,3.28,1.74,2049.45
EDGE-LOT-01,W03,13,13,1,10,4.63,1.71,2069.99
EDGE-LOT-01,W03,13,14,2,22,5.07,1.8,2013.32
EDGE-LOT-01,W03,14,-13,1,11,5.04,1.73,2061.53
EDGE-LOT-01,W03,14,-12,1,10,3.19,1.72,2082.28
EDGE-LOT-01,W03,14,-11,1,10,3.15,1.79,1990.6
EDGE-LOT-01,W03,14,-10,1,10,2.78,1.84,2109.66
EDGE-LOT-01,W03,14,-9,1,10,1.86,1.84,2113.38
EDGE-LOT-01,W03,14,-8,1,10,2.35,1.82,2074.36
EDGE-LOT-01,W03,14,-7,1,10,2.41,1.69,2123.87
EDGE-LOT-01,W03,14,-6,1,10,2.76,1.73,2084.37
EDGE-LOT-01,W03,14,-5,1,10,2.73,1.81,2132.25
EDGE-LOT-01,W03,14,-4,1,10,2.03,1.74,2140.48
EDGE-LOT-01,W03,14,-3,1,10,2.86,1.74,2099.06
EDGE-LOT-01,W03,14,-2,1,10,2.76,1.83,2050.73
EDGE-LOT-01,W03,14,-1,1,10,2.23,1.82,2089.42
EDGE-LOT-01,W03,14,0,1,10,2.53,1.8,2091.06
EDGE-LOT-01,W03,14,1,1,10,2.65,1.88,2066.98
EDGE-LOT-01,W03,14,2,1,10,2.79,1.87,2156.51
EDGE-LOT-01,W03,14,3,1,10,2.17,1.78,2077.8
EDGE-LOT-01,W03,14,4,1,10,1.97,1.87,2109.59
EDGE-LOT-01,W03,14,5,1,10,2.61,1.82,2150.21
EDGE-LOT-01,W03,14,6,1,10,2.31,1.83,2085.85
EDGE-LOT-01,W03,14,7,1,10,2.17,1.72,2138.71
EDGE-LOT-01,W03,14,8,1,10,2.79,1.84,2080.49
EDGE-LOT-01,W03,14,9,1,10,2.7,1.79,2105.72
EDGE-LOT-01,W03,14,10,1,10,3.05,1.78,2056.14
EDGE-LOT-01,W03,14,11,2,22,3.57,1.73,2052.11
EDGE-LOT-01,W03,14,12,1,10,3.89,1.68,2008.6
EDGE-LOT-01,W03,14,13,3,31,4.58,1.63,1982.32
EDGE-LOT-01,W03,15,-12,2,21,4.62,1.64,2061.01
EDGE-LOT-01,W03,15,-11,1,10,4.58,1.67,1977.08
EDGE-LOT-01,W03,15,-10,1,11,3.69,1.8,2063.46
EDGE-LOT-01,W03,15,-9,1,10,2.54,1.74,2066.15
EDGE-LOT-01,W03,15,-8,1,10,2.7,1.74,2090.4
EDGE-LOT-01,W03,15,-7,1,10,2.14,1.74,2113.91
EDGE-LOT-01,W03,15,-6,1,10,1.94,1.79,2092.27
EDGE-LOT-01,W03,15,-5,1,10,2.28,1.77,2089.77
EDGE-LOT-01,W03,15,-4,1,10,2.11,1.78,2079.07
EDGE-LOT-01,W03,15,-3,1,10,2.59,1.89,2135.39
EDGE-LOT-01,W03,15,-2,1,10,2,1.78,2091.01
EDGE-LOT-01,W03,15,-1,1,10,2.36,1.81,2100.3
EDGE-LOT-01,W03,15,0,1,10,3.24,1.8,2117.31
EDGE-LOT-01,W03,15,1,1,10,3.4,1.73,2108.32
EDGE-LOT-01,W03,15,2,1,10,2.56,1.8,2100.62
EDGE-LOT-01,W03,15,3,1,10,2.05,1.81,2050.02
EDGE-LOT-01,W03,15,4,1,10,2.11,1.84,2109.08
EDGE-LOT-01,W03,15,5,1,10,2.67,1.86,2148.5
EDGE-LOT-01,W03,15,6,1,10,2.91,1.84,2050.59
EDGE-LOT-01,W03,15,7,1,10,2.09,1.75,2141.63
EDGE-LOT-01,W03,15,8,1,11,2.41,1.85,2100.65
EDGE-LOT-01,W03,15,9,1,10,2.97,1.76,2137.59
EDGE-LOT-01,W03,15,10,1,10,3.34,1.7,2021.37
EDGE-LOT-01,W03,15,11,1,10,3.96,1.78,2024.54
EDGE-LOT-01,W03,15,12,3,31,5.77,1.77,2011.77
EDGE-LOT-01,W03,16,-10,3,31,3.97,1.71,2045.55
EDGE-LOT-01,W03,16,-9,2,21,3.89,1.72,2107.68
EDGE-LOT-01,W03,16,-8,1,10,3.92,1.69,2017.46
EDGE-LOT-01,W03,16,-7,1,10,2.54,1.78,2039.46
EDGE-LOT-01,W03,16,-6,1,10,2.93,1.79,2127.62
EDGE-LOT-01,W03,16,-5,1,10,2.55,1.77,2111.67
EDGE-LOT-01,W03,16,-4,1,10,2.67,1.77,2122.56
EDGE-LOT-01,W03,16,-3,1,10,2.08,1.8,2079.56
EDGE-LOT-01,W03,16,-2,1,10,3.03,1.85,2067.58
EDGE-LOT-01,W03,16,-1,1,10,2.39,1.78,2111.2
EDGE-LOT-01,W03,16,0,1,10,2.6,1.83,2151.59
EDGE-LOT-01,W03,16,1,1,10,2.82,1.81,2037.01
EDGE-LOT-01,W03,16,2,1,10,1.76,1.83,2141.01
EDGE-LOT-01,W03,16,3,1,10,2.4,1.78,2105.06
EDGE-LOT-01,W03,16,4,1,10,2.06,1.8,2077.33
EDGE-LOT-01,W03,16,5,1,11,2.61,1.8,2134.56
EDGE-LOT-01,W03,16,6,1,10,2.76,1.77,2126.47
EDGE-LOT-01,W03,16,7,1,10,3.07,1.73,2036.99
EDGE-LOT-01,W03,16,8,1,10,3.02,1.84,2043.65
EDGE-LOT-01,W03,16,9,2,21,4.05,1.67,2017.26
EDGE-LOT-01,W03,16,10,1,11,3.83,1.68,2086.02
EDGE-LOT-01,W03,17,-9,2,22,4.41,1.68,2049.51
EDGE-LOT-01,W03,17,-8,1,11,3.33,1.71,2036.74
EDGE-LOT-01,W03,17,-7,1,10,4.65,1.65,2007.26
EDGE-LOT-01,W03,17,-6,1,10,3.44,1.72,2016.71
EDGE-LOT-01,W03,17,-5,1,10,2.19,1.76,2065.76
EDGE-LOT-01,W03,17,-4,1,10,2.22,1.75,2049.9
EDGE-LOT-01,W03,17,-3,1,10,2.32,1.75,2060.88
EDGE-LOT-01,W03,17,-2,1,10,2.6,1.76,2115.72
EDGE-LOT-01,W03,17,-1,1,10,2,1.8,2102.44
EDGE-LOT-01,W03,17,0,1,11,2.57,1.85,2123.34
EDGE-LOT-01,W03,17,1,1,10,2.84,1.83,2139.64
EDGE-LOT-01,W03,17,2,1,10,2.44,1.77,2099.47
EDGE-LOT-01,W03,17,3,1,10,2.68,1.73,2006.9
EDGE-LOT-01,W03,17,4,1,10,2.7,1.83,2039
EDGE-LOT-01,W03,17,5,1,10,3.63,1.79,2091.83
EDGE-LOT-01,W03,17,6,1,10,3.47,1.74,2057.35
EDGE-LOT-01,W03,17,7,1,10,3.5,1.71,2026.16
EDGE-LOT-01,W03,17,8,3,31,4.26,1.68,2048.71
EDGE-LOT-01,W03,17,9,2,22,3.86,1.74,1985.71
EDGE-LOT-01,W03,18,-6,2,21,3.87,1.69,2072.33
EDGE-LOT-01,W03,18,-5,1,10,3.11,1.71,2067.01
EDGE-LOT-01,W03,18,-4,1,10,3.41,1.82,2031.16
EDGE-LOT-01,W03,18,-3,1,10,4.68,1.7,2078.78
EDGE-LOT-01,W03,18,-2,1,10,3.76,1.76,2064.68
EDGE-LOT-01,W03,18,-1,1,10,3.37,1.8,2089.26
EDGE-LOT-01,W03,18,0,1,10,4.34,1.67,2122.81
EDGE-LOT-01,W03,18,1,1,10,3.54,1.75,2077.76
EDGE-LOT-01,W03,18,2,1,10,4.29,1.7,2078.41
EDGE-LOT-01,W03,18,3,1,11,4.44,1.8,2081.43
EDGE-LOT-01,W03,18,4,1,10,4.77,1.78,2083.28
EDGE-LOT-01,W03,18,5,1,10,4.5,1.79,2064.58
EDGE-LOT-01,W03,18,6,1,10,5.05,1.63,2043.35
EDGE-LOT-01,W03,19,-3,1,11,5.75,1.66,2023.42
EDGE-LOT-01,W03,19,-2,3,31,6.1,1.72,2030.46
EDGE-LOT-01,W03,19,-1,1,10,3.94,1.66,2035.98
EDGE-LOT-01,W03,19,0,1,10,3.73,1.69,2066.49
EDGE-LOT-01,W03,19,1,1,10,4.41,1.71,2047.01
EDGE-LOT-01,W03,19,2,1,10,4.59,1.73,1964.72
EDGE-LOT-01,W03,19,3,2,21,5.4,1.75,2035.7
EDGE-LOT-01,W04,-19,-3,1,10,4.82,1.63,1963.21
EDGE-LOT-01,W04,-19,-2,2,22,4.63,1.74,2025.67
EDGE-LOT-01,W04,-19,-1,1,10,4.23,1.68,2017.91
EDGE-LOT-01,W04,-19,0,1,10,5.36,1.69,2081.02
EDGE-LOT-01,W04,-19,1,3,31,4.38,1.72,2002.16
EDGE-LOT-01,W04,-19,2,2,21,5.15,1.66,1958.66
EDGE-LOT-01,W04,-19,3,1,10,3.85,1.63,2025.29
EDGE-LOT-01,W04,-18,-6,1,10,3.69,1.78,2028.87
EDGE-LOT-01,W04,-18,-5,1,10,4.55,1.7,2067.52
EDGE-LOT-01,W04,-18,-4,1,10,4.87,1.74,2025.57
EDGE-LOT-01,W04,-18,-3,1,11,3.96,1.74,2073.87
EDGE-LOT-01,W04,-18,-2,1,10,3.49,1.72,2068.77
EDGE-LOT-01,W04,-18,-1,1,10,3.02,1.76,2091.57
EDGE-LOT-01,W04,-18,0,1,10,3.15,1.76,2089
EDGE-LOT-01,W04,-18,1,2,22,3.85,1.72,1997.12
EDGE-LOT-01,W04,-18,2,1,10,3.21,1.77,2010.09
EDGE-LOT-01,W04,-18,3,1,10,4.04,1.79,2055.41
EDGE-LOT-01,W04,-18,4,1,10,4.26,1.69,1986.09
EDGE-LOT-01,W04,-18,5,1,10,5.33,1.71,2031.81
EDGE-LOT-01,W04,-18,6,1,10,4.1,1.71,2023.72
EDGE-LOT-01,W04,-17,-9,3,31,4.89,1.65,1971.95
EDGE-LOT-01,W04,-17,-8,1,10,4.72,1.7,2042.82
EDGE-LOT-01,W04,-17,-7,3,31,4.58,1.66,2072.75
EDGE-LOT-01,W04,-17,-6,3,31,3.28,1.77,2024.34
EDGE-LOT-01,W04,-17,-5,1,10,2.9,1.71,2044.39
EDGE-LOT-01,W04,-17,-4,1,10,2.43,1.76,2053.66
EDGE-LOT-01,W04,-17,-3,1,10,3.03,1.78,2098.73
EDGE-LOT-01,W04,-17,-2,1,11,2.38,1.79,2120.34
EDGE-LOT-01,W04,-17,-1,1,10,2.51,1.79,2136
EDGE-LOT-01,W04,-17,0,1,10,2.11,1.88,2075.21
EDGE-LOT-01,W04,-17,1,1,10,2.46,1.86,2090.97
EDGE-LOT-01,W04,-17,2,1,10,2.55,1.85,2117.74
EDGE-LOT-01,W04,-17,3,1,10,3.13,1.82,2120
EDGE-LOT-01,W04,-17,4,1,10,2.88,1.83,2137.38
EDGE-LOT-01,W04,-17,5,1,11,3.67,1.73,2076.21
EDGE-LOT-01,W04,-17,6,1,11,4.14,1.82,2087.2
EDGE-LOT-01,W04,-17,7,1,10,3.69,1.73,2035.99
EDGE-LOT-01,W04,-17,8,1,10,5.99,1.7,2058.64
EDGE-LOT-01,W04,-17,9,1,10,4.24,1.68,2029.37
EDGE-LOT-01,W04,-16,-10,1,11,3.58,1.64,2070.29
EDGE-LOT-01,W04,-16,-9,1,10,5.74,1.74,2033
EDGE-LOT-01,W04,-16,-8,1,10,3,1.8,2097.69
EDGE-LOT-01,W04,-16,-7,1,10,2.94,1.73,2134.49
EDGE-LOT-01,W04,-16,-6,1,10,2.88,1.78,2056.12
EDGE-LOT-01,W04,-16,-5,1,10,2.61,1.79,2094.76
EDGE-LOT-01,W04,-16,-4,1,10,2.26,1.72,2105.33
EDGE-LOT-01,W04,-16,-3,1,10,2.37,1.89,2095.92
EDGE-LOT-01,W04,-16,-2,1,10,2.65,1.79,2065.32
EDGE-LOT-01,W04,-16,-1,1,10,2.03,1.84,2083.79
EDGE-LOT-01,W04,-16,0,1,11,2.6,1.81,2038.01
EDGE-LOT-01,W04,-16,1,1,10,2.24,1.78,2108.69
EDGE-LOT-01,W04,-16,2,1,10,2.09,1.81,2132.35
EDGE-LOT-01,W04,-16,3,1,10,1.49,1.85,2155.6
EDGE-LOT-01,W04,-16,4,1,10,2.04,1.85,2123.58
EDGE-LOT-01,W04,-16,5,1,10,2.42,1.82,2126.68
EDGE-LOT-01,W04,-16,6,1,10,3.08,1.75,2151.31
EDGE-LOT-01,W04,-16,7,1,10,2.93,1.82,2083.75
EDGE-LOT-01,W04,-16,8,1,10,3.53,1.79,2040.18
EDGE-LOT-01,W04,-16,9,1,10,3.72,1.69,2047.52
EDGE-LOT-01,W04,-16,10,2,21,3.42,1.72,1995.51
EDGE-LOT-01,W04,-15,-12,1,11,5.2,1.68,2004.53
EDGE-LOT-01,W04,-15,-11,1,10,5.35,1.69,2042.05
EDGE-LOT-01,W04,-15,-10,1,10,4.16,1.86,2056.87
EDGE-LOT-01,W04,-15,-9,1,10,3.01,1.77,2118.34
EDGE-LOT-01,W04,-15,-8,1,10,2.49,1.73,2106.2
EDGE-LOT-01,W04,-15,-7,1,10,2.34,1.84,2119.68
EDGE-LOT-01,W04,-15,-6,1,10,2.44,1.84,2125.38
EDGE-LOT-01,W04,-15,-5,1,10,3.01,1.77,2093.98
EDGE-LOT-01,W04,-15,-4,1,10,2.35,1.76,2109.79
EDGE-LOT-01,W04,-15,-3,1,11,2.89,1.8,2151.89
EDGE-LOT-01,W04,-15,-2,1,10,1.55,1.8,2119.31
EDGE-LOT-01,W04,-15,-1,1,11,2.76,1.76,2086.36
EDGE-LOT-01,W04,-15,0,1,10,2.37,1.84,2126.32
EDGE-LOT-01,W04,-15,1,1,10,2.44,1.77,2050.53
EDGE-LOT-01,W04,-15,2,1,10,2.57,1.86,2157.34
EDGE-LOT-01,W04,-15,3,1,10,2.32,1.82,2055.76
EDGE-LOT-01,W04,-15,4,1,10,3.16,1.81,2061.03
EDGE-LOT-01,W04,-15,5,1,10,2.53,1.81,2089.69
EDGE-LOT-01,W04,-15,6,1,10,2.61,1.78,2115.71
EDGE-LOT-01,W04,-15,7,1,10,2.12,1.8,2129.89
EDGE-LOT-01,W04,-15,8,1,10,2.55,1.75,2069.34
EDGE-LOT-01,W04,-15,9,1,10,3.23,1.7,2080.02
EDGE-LOT-01,W04,-15,10,1,10,3.31,1.74,2083.95
EDGE-LOT-01,W04,-15,11,1,10,4.22,1.81,2055.55
EDGE-LOT-01,W04,-15,12,2,22,5.22,1.67,2047.8
EDGE-LOT-01,W04,-14,-13,1,11,6.34,1.73,1987.53
EDGE-LOT-01,W04,-14,-12,1,10,4.15,1.72,2029.88
EDGE-LOT-01,W04,-14,-11,1,10,3.37,1.78,2022.49
EDGE-LOT-01,W04,-14,-10,1,10,2.32,1.8,2106.42
EDGE-LOT-01,W04,-14,-9,1,11,2.84,1.86,2121.57
EDGE-LOT-01,W04,-14,-8,1,10,2.74,1.8,2041.61
EDGE-LOT-01,W04,-14,-7,1,10,2.37,1.8,2076.56
EDGE-LOT-01,W04,-14,-6,1,10,2.06,1.77,2144.31
EDGE-LOT-01,W04,-14,-5,1,10,2.06,1.81,2157.24
EDGE-LOT-01,W04,-14,-4,1,10,2.2,1.77,2091.38
EDGE-LOT-01,W04,-14,-3,1,10,1.45,1.73,2094.53
EDGE-LOT-01,W04,-14,-2,1,10,2.95,1.78,2105.85
EDGE-LOT-01,W04,-14,-1,1,10,2.58,1.76,2064.95
EDGE-LOT-01,W04,-14,0,1,10,2.43,1.81,2067.11
EDGE-LOT-01,W04,-14,1,1,10,1.62,1.77,2081.38
EDGE-LOT-01,W04,-14,2,1,11,1.88,1.8,2161.83
EDGE-LOT-01,W04,-14,3,1,10,2.04,1.81,2129.36
EDGE-LOT-01,W04,-14,4,1,10,2.87,1.69,2102.54
EDGE-LOT-01,W04,-14,5,1,10,2.74,1.86,2037.1
EDGE-LOT-01,W04,-14,6,1,10,2.28,1.76,2103.56
EDGE-LOT-01,W04,-14,7,1,10,2.4,1.86,2070.65
EDGE-LOT-01,W04,-14,8,1,10,2.65,1.82,2110.52
EDGE-LOT-01,W04,-14,9,1,10,2.02,1.75,2125.44
EDGE-LOT-01,W04,-14,10,1,10,3.1,1.77,2082.56
EDGE-LOT-01,W04,-14,11,1,10,3.58,1.75,2065.5
EDGE-LOT-01,W04,-14,12,1,10,5.3,1.76,2004.05
EDGE-LOT-01,W04,-14,13,2,22,3.91,1.73,1997.81
EDGE-LOT-01,W04,-13,-14,1,10,4.36,1.73,2047.57
EDGE-LOT-01,W04,-13,-13,1,10,4.8,1.73,2007.93
EDGE-LOT-01,W04,-13,-12,1,10,3.13,1.76,2087.57
EDGE-LOT-01,W04,-13,-11,1,10,2.52,1.79,2099.68
EDGE-LOT-01,W04,-13,-10,1,10,2.5,1.78,2109.38
EDGE-LOT-01,W04,-13,-9,1,10,2.42,1.82,2097.21
EDGE-LOT-01,W04,-13,-8,1,10,2.2,1.77,2076.85
EDGE-LOT-01,W04,-13,-7,1,10,2.1,1.79,2115.28
EDGE-LOT-01,W04,-13,-6,1,10,2.61,1.78,2058.02
EDGE-LOT-01,W04,-13,-5,1,10,2.56,1.7,2121.26
EDGE-LOT-01,W04,-13,-4,1,10,3.22,1.8,2077.86
EDGE-LOT-01,W04,-13,-3,1,10,2.58,1.81,2110.54
EDGE-LOT-01,W04,-13,-2,1,10,3.31,1.72,2055.62
EDGE-LOT-01,W04,-13,-1,1,10,2.27,1.85,2118.27
EDGE-LOT-01,W04,-13,0,1,10,3.02,1.74,2039.45
EDGE-LOT-01,W04,-13,1,1,10,2.34,1.85,2087.01
EDGE-LOT-01,W04,-13,2,1,10,2.42,1.78,2053.38
EDGE-LOT-01,W04,-13,3,1,10,2.29,1.84,2126.29
EDGE-LOT-01,W04,-13,4,1,10,2.43,1.76,2074.9
EDGE-LOT-01,W04,-13,5,1,11,2.61,1.8,2097.71
EDGE-LOT-01,W04,-13,6,1,10,2.37,1.79,2106.77
EDGE-LOT-01,W04,-13,7,1,10,2.32,1.82,2100.32
EDGE-LOT-01,W04,-13,8,1,10,2.8,1.82,2139.91
EDGE-LOT-01,W04,-13,9,1,10,2.98,1.82,2070.07
EDGE-LOT-01,W04,-13,10,1,10,1.29,1.78,2135.82
EDGE-LOT-01,W04,-13,11,1,11,2.66,1.8,2082.85
EDGE-LOT-01,W04,-13,12,1,10,2.98,1.81,2051.44
EDGE-LOT-01,W04,-13,13,1,10,3.11,1.71,2051.49
EDGE-LOT-01,W04,-13,14,1,10,3.86,1.72,2005.03
EDGE-LOT-01,W04,-12,-15,1,10,5.39,1.63,1996.09
EDGE-LOT-01,W04,-12,-14,1,10,3.29,1.7,2037.06
EDGE-LOT-01,W04,-12,-13,1,10,3.59,1.77,2067.66
EDGE-LOT-01,W04,-12,-12,1,10,2.8,1.77,2070.39
EDGE-LOT-01,W04,-12,-11,1,10,1.75,1.69,2084.36
EDGE-LOT-01,W04,-12,-10,1,10,3.15,1.77,2096.21
EDGE-LOT-01,W04,-12,-9,1,10,2.56,1.78,2093.78
EDGE-LOT-01,W04,-12,-8,1,10,2.57,1.79,2095.94
EDGE-LOT-01,W04,-12,-7,1,10,1.85,1.78,2130.11
EDGE-LOT-01,W04,-12,-6,1,10,2.65,1.79,2050.56
EDGE-LOT-01,W04,-12,-5,1,10,2.21,1.73,2126.67
EDGE-LOT-01,W04,-12,-4,1,10,2.98,1.77,2115.81
EDGE-LOT-01,W04,-12,-3,1,10,2.69,1.75,2117.92
EDGE-LOT-01,W04,-12,-2,1,10,2.34,1.84,2043.76
EDGE-LOT-01,W04,-12,-1,1,10,2.47,1.79,2111.57
EDGE-LOT-01,W04,-12,0,1,10,2.31,1.76,2092.74
EDGE-LOT-01,W04,-12,1,1,11,1.95,1.84,2099.59
EDGE-LOT-01,W04,-12,2,1,10,2.3,1.81,2135.85
EDGE-LOT-01,W04,-12,3,1,10,2.25,1.81,2086.74
EDGE-LOT-01,W04,-12,4,1,10,2.8,1.8,2097.36
EDGE-LOT-01,W04,-12,5,1,11,1.99,1.71,2137.08
EDGE-LOT-01,W04,-12,6,1,10,2.67,1.82,2055.54
EDGE-LOT-01,W04,-12,7,1,10,1.97,1.79,2071.84
EDGE-LOT-01,W04,-12,8,1,10,3.12,1.88,2114.4
EDGE-LOT-01,W04,-12,9,1,10,2.69,1.79,2124.97
EDGE-LOT-01,W04,-12,10,1,10,2.52,1.73,2108.78
EDGE-LOT-01,W04,-12,11,1,10,2.1,1.75,2050.19
EDGE-LOT-01,W04,-12,12,1,10,2.49,1.81,2088.83
EDGE-LOT-01,W04,-12,13,1,10,3.65,1.76,2074.67
EDGE-LOT-01,W04,-12,14,1,10,3.44,1.8,2060.9
EDGE-LOT-01,W04,-12,15,3,31,3.62,1.66,2005.79
EDGE-LOT-01,W04,-11,-15,1,10,4.8,1.76,2058.59
EDGE-LOT-01,W04,-11,-14,1,10,3.73,1.77,2101.16
EDGE-LOT-01,W04,-11,-13,1,11,2.73,1.77,2085.72
EDGE-LOT-01,W04,-11,-12,1,10,2.49,1.8,2082.1
EDGE-LOT-01,W04,-11,-11,1,10,2.96,1.81,2121.3
EDGE-LOT-01,W04,-11,-10,1,10,2.7,1.81,2121.45
EDGE-LOT-01,W04,-11,-9,1,10,2.18,1.82,2090.04
EDGE-LOT-01,W04,-11,-8,1,10,2.22,1.78,2105.29
EDGE-LOT-01,W04,-11,-7,1,10,2.2,1.84,2075.89
EDGE-LOT-01,W04,-11,-6,1,10,2.08,1.79,2118.84
EDGE-LOT-01,W04,-11,-5,1,10,2.6,1.82,2113.53
EDGE-LOT-01,W04,-11,-4,1,10,2.9,1.82,2160.3
EDGE-LOT-01,W04,-11,-3,1,10,2.7,1.8,2088.46
EDGE-LOT-01,W04,-11,-2,1,10,3.75,1.89,2096.5
EDGE-LOT-01,W04,-11,-1,1,10,2.81,1.75,2147.93
EDGE-LOT-01,W04,-11,0,1,11,2.37,1.78,2082.97
EDGE-LOT-01,W04,-11,1,1,11,2.4,1.75,2155.69
EDGE-LOT-01,W04,-11,2,1,10,2.88,1.78,2098.5
EDGE-LOT-01,W04,-11,3,1,10,2.16,1.84,2105.36
EDGE-LOT-01,W04,-11,4,1,10,2.38,1.84,2065.89
EDGE-LOT-01,W04,-11,5,1,10,1.9,1.86,2093.89
EDGE-LOT-01,W04,-11,6,1,11,2.39,1.8,2078.54
EDGE-LOT-01,W04,-11,7,1,10,2.18,1.76,2103.78
EDGE-LOT-01,W04,-11,8,1,10,3.12,1.8,2119.7
EDGE-LOT-01,W04,-11,9,1,10,2.3,1.79,2107.85
EDGE-LOT-01,W04,-11,10,1,10,2.33,1.76,2128.25
EDGE-LOT-01,W04,-11,11,1,10,3.03,1.8,2118.52
EDGE-LOT-01,W04,-11,12,1,11,2.26,1.75,2081.07
EDGE-LOT-01,W04,-11,13,1,10,2.25,1.72,2151.75
EDGE-LOT-01,W04,-11,14,1,10,4.19,1.78,2065.92
EDGE-LOT-01,W04,-11,15,1,10,2.17,1.7,2014.94
EDGE-LOT-01,W04,-10,-16,1,10,2.98,1.68,2075.2
EDGE-LOT-01,W04,-10,-15,1,10,5.14,1.84,2050.55
EDGE-LOT-01,W04,-10,-14,1,10,2.6,1.76,2102.23
EDGE-LOT-01,W04,-10,-13,1,10,2.63,1.76,2059.59
EDGE-LOT-01,W04,-10,-12,1,10,2.61,1.8,2113.39
EDGE-LOT-01,W04,-10,-11,1,10,2.28,1.8,2086.57
EDGE-LOT-01,W04,-10,-10,1,10,2.16,1.81,2103.75
EDGE-LOT-01,W04,-10,-9,1,11,2.26,1.82,2111.94
EDGE-LOT-01,W04,-10,-8,1,10,2.92,1.76,2134.41
EDGE-LOT-01,W04,-10,-7,1,10,2.51,1.81,2100.31
EDGE-LOT-01,W04,-10,-6,1,10,1.92,1.81,2036.84
EDGE-LOT-01,W04,-10,-5,1,10,2.89,1.83,2075.44
EDGE-LOT-01,W04,-10,-4,1,10,2.45,1.83,2151.24
EDGE-LOT-01,W04,-10,-3,1,10,2.54,1.74,2058.39
EDGE-LOT-01,W04,-10,-2,1,10,2.62,1.77,2070
EDGE-LOT-01,W04,-10,-1,1,10,2.82,1.8,2085.61
EDGE-LOT-01,W04,-10,0,1,10,2.5,1.8,2165.13
EDGE-LOT-01,W04,-10,1,1,10,2.39,1.79,2092.49
EDGE-LOT-01,W04,-10,2,1,10,2.18,1.84,2103.36
EDGE-LOT-01,W04,-10,3,1,10,2.15,1.77,2068.52
EDGE-LOT-01,W04,-10,4,1,10,1.74,1.79,2154.28
EDGE-LOT-01,W04,-10,5,1,10,3.04,1.84,2120.09
EDGE-LOT-01,W04,-10,6,1,10,2.51,1.82,2072.03
EDGE-LOT-01,W04,-10,7,1,11,2.51,1.79,2092.57
EDGE-LOT-01,W04,-10,8,1,10,2.8,1.84,2115.06
EDGE-LOT-01,W04,-10,9,1,10,2.89,1.82,2061.02
EDGE-LOT-01,W04,-10,10,1,10,2.31,1.81,2091.11
EDGE-LOT-01,W04,-10,11,1,10,2.16,1.79,2080.66
EDGE-LOT-01,W04,-10,12,1,10,2.75,1.78,2168.05
EDGE-LOT-01,W04,-10,13,1,10,2.19,1.79,2129.55
EDGE-LOT-01,W04,-10,14,1,10,2.09,1.79,2120.1
EDGE-LOT-01,W04,-10,15,1,10,4.64,1.73,2072.08
EDGE-LOT-01,W04,-10,16,1,10,4.37,1.77,2074.82
EDGE-LOT-01,W04,-9,-17,2,21,3.91,1.63,2041.93
EDGE-LOT-01,W04,-9,-16,1,10,3.46,1.7,2077.43
EDGE-LOT-01,W04,-9,-15,1,10,2.27,1.73,2055.6
EDGE-LOT-01,W04,-9,-14,1,10,2.95,1.86,2104.37
EDGE-LOT-01,W04,-9,-13,1,10,2.5,1.77,2111.72
EDGE-LOT-01,W04,-9,-12,1,10,1.81,1.8,2111.3
EDGE-LOT-01,W04,-9,-11,1,10,2.89,1.86,2089.12
EDGE-LOT-01,W04,-9,-10,1,10,1.69,1.84,2144.09
EDGE-LOT-01,W04,-9,-9,1,11,2.21,1.82,2062.84
EDGE-LOT-01,W04,-9,-8,1,10,3.08,1.77,2124.32
EDGE-LOT-01,W04,-9,-7,1,10,2.62,1.83,2141.06
EDGE-LOT-01,W04,-9,-6,1,10,2.2,1.77,2084.57
EDGE-LOT-01,W04,-9,-5,1,10,2.35,1.79,2114.38
EDGE-LOT-01,W04,-9,-4,1,10,2.41,1.81,2070.27
EDGE-LOT-01,W04,-9,-3,1,10,1.82,1.79,2060.91
EDGE-LOT-01,W04,-9,-2,1,10,2.79,1.81,2136.47
EDGE-LOT-01,W04,-9,-1,1,10,1.92,1.79,2161.45
EDGE-LOT-01,W04,-9,0,1,10,2.24,1.79,2082.94
EDGE-LOT-01,W04,-9,1,1,10,2.73,1.81,2097.79
EDGE-LOT-01,W04,-9,2,1,10,2.57,1.82,2153.96
EDGE-LOT-01,W04,-9,3,1,10,2.86,1.75,2058.87
EDGE-LOT-01,W04,-9,4,1,10,1.82,1.8,2115.03
EDGE-LOT-01,W04,-9,5,1,10,2.43,1.83,2092.2
EDGE-LOT-01,W04,-9,6,1,10,2.11,1.8,2136.33
EDGE-LOT-01,W04,-9,7,1,10,2.41,1.75,2106.28
EDGE-LOT-01,W04,-9,8,1,10,2.28,1.84,2106.38
EDGE-LOT-01,W04,-9,9,1,10,2.39,1.78,2101.7
EDGE-LOT-01,W04,-9,10,1,10,2.3,1.73,2020.47
EDGE-LOT-01,W04,-9,11,1,10,3.52,1.9,2150.63
EDGE-LOT-01,W04,-9,12,1,10,2.94,1.76,2099.13
EDGE-LOT-01,W04,-9,13,1,10,3.05,1.77,2079.32
EDGE-LOT-01,W04,-9,14,1,10,2.64,1.67,2155
EDGE-LOT-01,W04,-9,15,1,10,2.39,1.76,2084.12
EDGE-LOT-01,W04,-9,16,1,10,3.58,1.78,2063.88
EDGE-LOT-01,W04,-9,17,1,11,3.72,1.67,1979.43
EDGE-LOT-01,W04,-8,-17,1,10,3.76,1.7,2034.59
EDGE-LOT-01,W04,-8,-16,3,31,3.22,1.7,2074.07
EDGE-LOT-01,W04,-8,-15,1,10,2.38,1.9,2150.46
EDGE-LOT-01,W04,-8,-14,1,10,2.64,1.83,2080.78
EDGE-LOT-01,W04,-8,-13,1,10,1.87,1.8,2084.84
EDGE-LOT-01,W04,-8,-12,1,10,2,1.83,2126.6
EDGE-LOT-01,W04,-8,-11,1,10,1.98,1.82,2143.38
EDGE-LOT-01,W04,-8,-10,1,10,2.93,1.75,2133.56
EDGE-LOT-01,W04,-8,-9,1,11,3.15,1.84,2104.75
EDGE-LOT-01,W04,-8,-8,1,10,2.77,1.79,2136.37
EDGE-LOT-01,W04,-8,-7,1,10,2.56,1.78,2139.4
EDGE-LOT-01,W04,-8,-6,1,10,2.08,1.81,2080.38
EDGE-LOT-01,W04,-8,-5,1,10,2.13,1.8,2101.22
EDGE-LOT-01,W04,-8,-4,1,10,2.63,1.86,2093.41
EDGE-LOT-01,W04,-8,-3,1,10,2.03,1.75,2077.48
EDGE-LOT-01,W04,-8,-2,1,10,2.36,1.82,2088.23
EDGE-LOT-01,W04,-8,-1,1,10,3.02,1.76,2045.58
EDGE-LOT-01,W04,-8,0,1,10,2.49,1.79,2098.05
EDGE-LOT-01,W04,-8,1,1,10,1.95,1.86,2080.46
EDGE-LOT-01,W04,-8,2,1,10,2.25,1.74,2110.8
EDGE-LOT-01,W04,-8,3,1,10,2.98,1.76,2104.57
EDGE-LOT-01,W04,-8,4,1,10,1.87,1.77,2081.38
EDGE-LOT-01,W04,-8,5,1,10,2.39,1.84,2053.49
EDGE-LOT-01,W04,-8,6,1,10,2.52,1.85,2080.06
EDGE-LOT-01,W04,-8,7,1,10,2.36,1.77,2071.28
EDGE-LOT-01,W04,-8,8,1,10,1.7,1.82,2095.57
EDGE-LOT-01,W04,-8,9,1,10,3.04,1.73,2090.55
EDGE-LOT-01,W04,-8,10,1,10,2.62,1.79,2111.14
EDGE-LOT-01,W04,-8,11,1,10,2.59,1.81,2115.74
EDGE-LOT-01,W04,-8,12,1,10,2.48,1.84,2145.22
EDGE-LOT-01,W04,-8,13,1,10,2.92,1.78,2058.77
EDGE-LOT-01,W04,-8,14,1,10,2.85,1.77,2107.56
EDGE-LOT-01,W04,-8,15,1,10,2.53,1.78,2115.77
EDGE-LOT-01,W04,-8,16,1,10,3.62,1.76,2115.66
EDGE-LOT-01,W04,-8,17,1,10,3.79,1.68,2033.69
EDGE-LOT-01,W04,-7,-17,1,10,3.95,1.74,2081.54
EDGE-LOT-01,W04,-7,-16,1,11,2.36,1.75,2113.88
EDGE-LOT-01,W04,-7,-15,1,10,2.48,1.82,2099.93
EDGE-LOT-01,W04,-7,-14,1,10,2.6,1.85,2115.45
EDGE-LOT-01,W04,-7,-13,1,10,2.18,1.8,2085.94
EDGE-LOT-01,W04,-7,-12,1,10,2.68,1.85,2078.62
EDGE-LOT-01,W04,-7,-11,1,10,3.34,1.81,2106.25
EDGE-LOT-01,W04,-7,-10,1,10,2.1,1.79,2101.9
EDGE-LOT-01,W04,-7,-9,1,10,2.78,1.83,2132.13
EDGE-LOT-01,W04,-7,-8,1,10,2.82,1.73,2126.74
EDGE-LOT-01,W04,-7,-7,1,10,2.75,1.82,2050.62
EDGE-LOT-01,W04,-7,-6,1,10,2.64,1.82,2062.5
EDGE-LOT-01,W04,-7,-5,1,10,3.42,1.85,2105.84
EDGE-LOT-01,W04,-7,-4,1,10,2.24,1.82,2062.11
EDGE-LOT-01,W04,-7,-3,1,10,2.46,1.76,2084.66
EDGE-LOT-01,W04,-7,-2,1,10,3.03,1.9,2121.85
EDGE-LOT-01,W04,-7,-1,1,10,2.45,1.78,2065.48
EDGE-LOT-01,W04,-7,0,1,10,2.34,1.74,2086.76
EDGE-LOT-01,W04,-7,1,1,10,3.26,1.83,2119.09
EDGE-LOT-01,W04,-7,2,1,10,2.71,1.68,2142.47
EDGE-LOT-01,W04,-7,3,1,10,2.69,1.76,2046.42
EDGE-LOT-01,W04,-7,4,1,10,2.66,1.82,2104.42
EDGE-LOT-01,W04,-7,5,1,10,2.07,1.78,2128.41
EDGE-LOT-01,W04,-7,6,1,10,1.75,1.73,2041.53
EDGE-LOT-01,W04,-7,7,1,11,2.64,1.79,2100.32
EDGE-LOT-01,W04,-7,8,1,10,2.87,1.85,2076.14
EDGE-LOT-01,W04,-7,9,1,10,2.64,1.74,2159.02
EDGE-LOT-01,W04,-7,10,1,10,2.35,1.82,2150.16
EDGE-LOT-01,W04,-7,11,1,10,2.71,1.77,2110.08
EDGE-LOT-01,W04,-7,12,1,10,1.69,1.88,2043.88
EDGE-LOT-01,W04,-7,13,1,10,2.39,1.75,2059.86
EDGE-LOT-01,W04,-7,14,1,10,2.9,1.7,2107.46
EDGE-LOT-01,W04,-7,15,1,10,2.29,1.79,2117.03
EDGE-LOT-01,W04,-7,16,1,10,2.1,1.82,2130.67
EDGE-LOT-01,W04,-7,17,2,22,3.42,1.68,2077.81
EDGE-LOT-01,W04,-6,-18,1,10,5.19,1.63,2051.89
EDGE-LOT-01,W04,-6,-17,1,10,3.85,1.74,2057.39
EDGE-LOT-01,W04,-6,-16,1,10,2.01,1.78,2081.64
EDGE-LOT-01,W04,-6,-15,1,11,2.54,1.74,2097.5
EDGE-LOT-01,W04,-6,-14,1,10,2.38,1.74,2089.62
EDGE-LOT-01,W04,-6,-13,1,10,2.63,1.75,2128.32
EDGE-LOT-01,W04,-6,-12,1,10,2.57,1.76,2134.61
EDGE-LOT-01,W04,-6,-11,1,10,3.26,1.92,2119.52
EDGE-LOT-01,W04,-6,-10,1,10,2.64,1.81,2059.06
EDGE-LOT-01,W04,-6,-9,1,10,2.26,1.75,2092.89
EDGE-LOT-01,W04,-6,-8,1,11,2.83,1.84,2096
EDGE-LOT-01,W04,-6,-7,1,10,2.23,1.78,2140.01
EDGE-LOT-01,W04,-6,-6,1,10,2.23,1.77,2156.89
EDGE-LOT-01,W04,-6,-5,1,11,2.03,1.83,2074.44
EDGE-LOT-01,W04,-6,-4,1,10,2.02,1.76,2089.38
EDGE-LOT-01,W04,-6,-3,1,10,2.31,1.81,2083.21
EDGE-LOT-01,W04,-6,-2,1,10,2.33,1.84,2087.71
EDGE-LOT-01,W04,-6,-1,1,10,1.55,1.8,2058.12
EDGE-LOT-01,W04,-6,0,1,10,2.1,1.85,2087.12
EDGE-LOT-01,W04,-6,1,1,10,2.97,1.77,2106.04
EDGE-LOT-01,W04,-6,2,1,10,2.29,1.77,2133.08
EDGE-LOT-01,W04,-6,3,1,10,1.87,1.72,2108.08
EDGE-LOT-01,W04,-6,4,1,10,2.51,1.82,2105.44
EDGE-LOT-01,W04,-6,5,1,10,2.32,1.75,2092.46
EDGE-LOT-01,W04,-6,6,1,10,1.38,1.77,2071.16
EDGE-LOT-01,W04,-6,7,1,10,2.19,1.89,2116.83
EDGE-LOT-01,W04,-6,8,1,10,1.66,1.74,2099.37
EDGE-LOT-01,W04,-6,9,1,10,2.39,1.85,2048.18
EDGE-LOT-01,W04,-6,10,1,10,2.39,1.76,2090.62
EDGE-LOT-01,W04,-6,11,1,10,2.82,1.89,2092.2
EDGE-LOT-01,W04,-6,12,1,10,2.43,1.76,2110.74
EDGE-LOT-01,W04,-6,13,1,10,2.38,1.78,2149.76
EDGE-LOT-01,W04,-6,14,1,10,1.46,1.73,2113.24
EDGE-LOT-01,W04,-6,15,1,10,2.18,1.82,2084.15
EDGE-LOT-01,W04,-6,16,1,10,3.42,1.79,2044.19
EDGE-LOT-01,W04,-6,17,1,10,3.39,1.75,2094.39
EDGE-LOT-01,W04,-6,18,1,10,4.63,1.69,1979.44
EDGE-LOT-01,W04,-5,-18,1,10,4.24,1.72,2020.05
EDGE-LOT-01,W04,-5,-17,2,22,3.04,1.86,2116.62
EDGE-LOT-01,W04,-5,-16,1,10,2.65,1.85,2055.78
EDGE-LOT-01,W04,-5,-15,1,10,2.68,1.76,2107.58
EDGE-LOT-01,W04,-5,-14,1,10,2.92,1.79,2061.45
EDGE-LOT-01,W04,-5,-13,1,10,2.62,1.83,2074.23
EDGE-LOT-01,W04,-5,-12,1,10,2.83,1.81,2132.62
EDGE-LOT-01,W04,-5,-11,1,10,2.21,1.76,2077.23
EDGE-LOT-01,W04,-5,-10,1,10,2.1,1.76,2083.5
EDGE-LOT-01,W04,-5,-9,1,11,2.51,1.84,2150.07
EDGE-LOT-01,W04,-5,-8,1,11,2.75,1.81,2112.96
EDGE-LOT-01,W04,-5,-7,1,10,2.32,1.8,2042
EDGE-LOT-01,W04,-5,-6,1,10,2.26,1.78,2105.68
EDGE-LOT-01,W04,-5,-5,1,10,3.55,1.81,2046.4
EDGE-LOT-01,W04,-5,-4,1,10,2.35,1.79,2078.46
EDGE-LOT-01,W04,-5,-3,1,10,2.65,1.85,2102.95
EDGE-LOT-01,W04,-5,-2,1,10,2.5,1.8,2056.67
EDGE-LOT-01,W04,-5,-1,1,10,2.73,1.79,2185.03
EDGE-LOT-01,W04,-5,0,1,10,2.8,1.72,2080.54
EDGE-LOT-01,W04,-5,1,1,10,2.62,1.85,2073.88
EDGE-LOT-01,W04,-5,2,1,10,2.75,1.79,2120.01
EDGE-LOT-01,W04,-5,3,1,10,2.29,1.87,2121.85
EDGE-LOT-01,W04,-5,4,1,10,2.47,1.84,2122.78
EDGE-LOT-01,W04,-5,5,1,10,2.37,1.77,2117.82
EDGE-LOT-01,W04,-5,6,1,10,2.09,1.77,2094.18
EDGE-LOT-01,W04,-5,7,1,10,2.57,1.89,2058.06
EDGE-LOT-01,W04,-5,8,1,10,2.46,1.79,2098.13
EDGE-LOT-01,W04,-5,9,1,10,2.39,1.78,2127.53
EDGE-LOT-01,W04,-5,10,1,11,2.44,1.84,2106.57
EDGE-LOT-01,W04,-5,11,1,10,1.93,1.76,2112.95
EDGE-LOT-01,W04,-5,12,1,10,2.39,1.82,2085.19
EDGE-LOT-01,W04,-5,13,1,10,2.45,1.79,2085.09
EDGE-LOT-01,W04,-5,14,1,11,3.57,1.82,2129.9
EDGE-LOT-01,W04,-5,15,1,10,2.39,1.79,2067.34
EDGE-LOT-01,W04,-5,16,1,10,2.32,1.77,2091.02
EDGE-LOT-01,W04,-5,17,1,10,3.05,1.81,2038.87
EDGE-LOT-01,W04,-5,18,3,31,5.15,1.69,2041.39
EDGE-LOT-01,W04,-4,-18,1,11,4.01,1.66,2060.83
EDGE-LOT-01,W04,-4,-17,1,10,2.6,1.84,2084.56
EDGE-LOT-01,W04,-4,-16,1,11,3.12,1.75,2084.51
EDGE-LOT-01,W04,-4,-15,1,10,2.67,1.75,2145.35
EDGE-LOT-01,W04,-4,-14,1,11,3.03,1.8,2075.33
EDGE-LOT-01,W04,-4,-13,1,10,2.4,1.8,2059.88
EDGE-LOT-01,W04,-4,-12,1,10,3.22,1.81,2057.12
EDGE-LOT-01,W04,-4,-11,1,10,2.84,1.86,2087.71
EDGE-LOT-01,W04,-4,-10,1,10,2.27,1.83,2105.86
EDGE-LOT-01,W04,-4,-9,1,10,2.19,1.79,2090.04
EDGE-LOT-01,W04,-4,-8,1,10,2.02,1.8,2116.19
EDGE-LOT-01,W04,-4,-7,1,10,2.95,1.93,2093.66
EDGE-LOT-01,W04,-4,-6,1,10,1.95,1.84,2040.76
EDGE-LOT-01,W04,-4,-5,1,10,1.95,1.76,2063.54
EDGE-LOT-01,W04,-4,-4,1,10,2.32,1.87,2109.7
EDGE-LOT-01,W04,-4,-3,1,10,2.17,1.85,2146.89
EDGE-LOT-01,W04,-4,-2,1,10,2.14,1.77,2104.09
EDGE-LOT-01,W04,-4,-1,1,10,2.74,1.76,2144.73
EDGE-LOT-01,W04,-4,0,1,10,1.74,1.77,2090.27
EDGE-LOT-01,W04,-4,1,1,10,3.17,1.79,2098.16
EDGE-LOT-01,W04,-4,2,1,10,2.76,1.8,2123.33
EDGE-LOT-01,W04,-4,3,1,10,3.24,1.78,2073.31
EDGE-LOT-01,W04,-4,4,1,10,2.58,1.73,2142.72
EDGE-LOT-01,W04,-4,5,1,10,2.3,1.83,2033.66
EDGE-LOT-01,W04,-4,6,1,10,2.77,1.76,2111.12
EDGE-LOT-01,W04,-4,7,1,10,1.6,1.81,2136.75
EDGE-LOT-01,W04,-4,8,1,10,2.68,1.76,2087.55
EDGE-LOT-01,W04,-4,9,1,10,3.02,1.77,2109.85
EDGE-LOT-01,W04,-4,10,1,10,3.1,1.82,2138.47
EDGE-LOT-01,W04,-4,11,1,10,2.18,1.84,2117.32
EDGE-LOT-01,W04,-4,12,1,10,2.26,1.76,2111.14
EDGE-LOT-01,W04,-4,13,1,10,2.57,1.77,2054.55
EDGE-LOT-01,W04,-4,14,1,10,2.53,1.84,2127.45
EDGE-LOT-01,W04,-4,15,1,10,3,1.78,2103.31
EDGE-LOT-01,W04,-4,16,1,10,2.2,1.77,2130.43
EDGE-LOT-01,W04,-4,17,1,10,2.56,1.84,2073.4
EDGE-LOT-01,W04,-4,18,1,10,4.08,1.74,2011.54
EDGE-LOT-01,W04,-3,-19,1,10,5.08,1.69,1987.84
EDGE-LOT-01,W04,-3,-18,1,10,3.87,1.7,2029.22
EDGE-LOT-01,W04,-3,-17,1,10,3.02,1.79,2130.59
EDGE-LOT-01,W04,-3,-16,1,10,2.51,1.8,2166.04
EDGE-LOT-01,W04,-3,-15,1,10,1.65,1.78,2072.12
EDGE-LOT-01,W04,-3,-14,1,10,2.69,1.75,2101.68
EDGE-LOT-01,W04,-3,-13,1,10,2.92,1.78,2083.85
EDGE-LOT-01,W04,-3,-12,1,10,2.57,1.85,2110.48
EDGE-LOT-01,W04,-3,-11,1,10,2.76,1.8,2096.94
EDGE-LOT-01,W04,-3,-10,1,10,2.11,1.81,2091.84
EDGE-LOT-01,W04,-3,-9,1,10,2.09,1.84,2055.09
EDGE-LOT-01,W04,-3,-8,1,10,2.29,1.73,2080.94
EDGE-LOT-01,W04,-3,-7,1,10,2.9,1.8,2118.74
EDGE-LOT-01,W04,-3,-6,1,10,2.08,1.83,2108.87
EDGE-LOT-01,W04,-3,-5,1,10,2.57,1.82,2106.57
EDGE-LOT-01,W04,-3,-4,1,10,2.55,1.86,2105.34
EDGE-LOT-01,W04,-3,-3,1,10,2.65,1.82,2082.73
EDGE-LOT-01,W04,-3,-2,1,10,2.96,1.76,2093.89
EDGE-LOT-01,W04,-3,-1,1,10,2.19,1.8,2097.2
EDGE-LOT-01,W04,-3,0,1,10,2.46,1.85,2111.93
EDGE-LOT-01,W04,-3,1,1,10,2.34,1.85,2137.78
EDGE-LOT-01,W04,-3,2,1,10,2.2,1.81,2120.21
EDGE-LOT-01,W04,-3,3,1,10,1.93,1.88,2092.5
EDGE-LOT-01,W04,-3,4,1,10,2.63,1.75,2116.44
EDGE-LOT-01,W04,-3,5,1,10,2.98,1.78,2116.65
EDGE-LOT-01,W04,-3,6,1,10,2.23,1.76,2130.34
EDGE-LOT-01,W04,-3,7,1,10,2.14,1.78,2138.61
EDGE-LOT-01,W04,-3,8,1,10,2.55,1.77,2144.67
EDGE-LOT-01,W04,-3,9,1,10,2.32,1.75,2153.74
EDGE-LOT-01,W04,-3,10,1,10,2.54,1.82,2170.89
EDGE-LOT-01,W04,-3,11,1,10,2.47,1.79,2069.45
EDGE-LOT-01,W04,-3,12,1,10,3.22,1.78,2112.67
EDGE-LOT-01,W04,-3,13,1,10,2.07,1.76,2065.72
EDGE-LOT-01,W04,-3,14,1,10,2.18,1.84,2085.79
EDGE-LOT-01,W04,-3,15,1,10,2.49,1.8,2069.22
EDGE-LOT-01,W04,-3,16,1,10,2.52,1.81,2134.56
EDGE-LOT-01,W04,-3,17,1,10,2.96,1.82,2076.42
EDGE-LOT-01,W04,-3,18,1,11,3.97,1.67,2082.5
EDGE-LOT-01,W04,-3,19,1,10,4.02,1.71,1981.35
EDGE-LOT-01,W04,-2,-19,2,21,4.4,1.63,1974.37
EDGE-LOT-01,W04,-2,-18,1,10,2.95,1.68,2102.25
EDGE-LOT-01,W04,-2,-17,1,10,3.66,1.79,2078.61
EDGE-LOT-01,W04,-2,-16,1,10,2.14,1.74,2080.75
EDGE-LOT-01,W04,-2,-15,1,10,2.81,1.82,2075.74
EDGE-LOT-01,W04,-2,-14,1,10,2.47,1.76,2086.48
EDGE-LOT-01,W04,-2,-13,1,10,3.15,1.89,2071.62
EDGE-LOT-01,W04,-2,-12,1,10,2.31,1.79,2071.83
EDGE-LOT-01,W04,-2,-11,1,10,2.34,1.81,2120.04
EDGE-LOT-01,W04,-2,-10,1,10,2.9,1.86,2099.64
EDGE-LOT-01,W04,-2,-9,1,10,2.26,1.77,2114.39
EDGE-LOT-01,W04,-2,-8,1,10,2.34,1.83,2078.31
EDGE-LOT-01,W04,-2,-7,1,10,2.52,1.81,2111.08
EDGE-LOT-01,W04,-2,-6,1,10,2.21,1.84,2084.97
EDGE-LOT-01,W04,-2,-5,1,10,2.67,1.82,2123.71
EDGE-LOT-01,W04,-2,-4,1,10,3.1,1.76,2092.74
EDGE-LOT-01,W04,-2,-3,1,10,2.84,1.83,2108.86
EDGE-LOT-01,W04,-2,-2,1,10,2.56,1.8,2058.9
EDGE-LOT-01,W04,-2,-1,1,10,2.75,1.78,2116.45
EDGE-LOT-01,W04,-2,0,1,11,2.57,1.8,2107.75
EDGE-LOT-01,W04,-2,1,1,11,2.62,1.81,2075.82
EDGE-LOT-01,W04,-2,2,1,10,1.87,1.75,2108.71
EDGE-LOT-01,W04,-2,3,1,10,2.45,1.86,2113.18
EDGE-LOT-01,W04,-2,4,1,10,2.81,1.79,2082.3
EDGE-LOT-01,W04,-2,5,1,10,2.8,1.78,2065.33
EDGE-LOT-01,W04,-2,6,1,10,1.66,1.83,2091.71
EDGE-LOT-01,W04,-2,7,1,10,2.13,1.76,2105.66
EDGE-LOT-01,W04,-2,8,1,10,2.12,1.78,2094.97
EDGE-LOT-01,W04,-2,9,1,10,2.65,1.85,2100.86
EDGE-LOT-01,W04,-2,10,1,10,2.6,1.75,2070.23
EDGE-LOT-01,W04,-2,11,1,11,2.23,1.77,2090.14
EDGE-LOT-01,W04,-2,12,1,10,2.71,1.78,2073.56
EDGE-LOT-01,W04,-2,13,1,11,2.55,1.87,2126.7
EDGE-LOT-01,W04,-2,14,1,10,1.69,1.78,2134.11
EDGE-LOT-01,W04,-2,15,1,10,2.1,1.72,2154.19
EDGE-LOT-01,W04,-2,16,1,10,2.91,1.84,2101.07
EDGE-LOT-01,W04,-2,17,1,10,2.73,1.81,2108.67
EDGE-LOT-01,W04,-2,18,2,21,2.79,1.74,2075.53
EDGE-LOT-01,W04,-2,19,1,11,4.31,1.73,2002.41
EDGE-LOT-01,W04,-1,-19,1,10,3.79,1.81,2052.3
EDGE-LOT-01,W04,-1,-18,1,10,2.83,1.67,2036.66
EDGE-LOT-01,W04,-1,-17,1,11,2.95,1.76,2076.78
EDGE-LOT-01,W04,-1,-16,1,10,2.34,1.88,2078.07
EDGE-LOT-01,W04,-1,-15,1,10,2.44,1.83,2124.2
EDGE-LOT-01,W04,-1,-14,1,10,2.25,1.81,2108.23
EDGE-LOT-01,W04,-1,-13,1,10,3,1.86,2125.68
EDGE-LOT-01,W04,-1,-12,1,11,3.08,1.78,2095.22
EDGE-LOT-01,W04,-1,-11,1,11,2.39,1.82,2112.07
EDGE-LOT-01,W04,-1,-10,1,10,2.51,1.74,2037.14
EDGE-LOT-01,W04,-1,-9,1,10,3.27,1.84,2066.83
EDGE-LOT-01,W04,-1,-8,1,10,2.61,1.82,2081.37
EDGE-LOT-01,W04,-1,-7,1,11,1.8,1.8,2111.08
EDGE-LOT-01,W04,-1,-6,1,10,2.89,1.82,2077.16
EDGE-LOT-01,W04,-1,-5,1,10,4.36,1.79,2088.22
EDGE-LOT-01,W04,-1,-4,1,10,1.55,1.77,2135.41
EDGE-LOT-01,W04,-1,-3,1,10,2.5,1.75,2068.85
EDGE-LOT-01,W04,-1,-2,1,10,2.17,1.8,2139.45
EDGE-LOT-01,W04,-1,-1,1,10,2.59,1.84,2098.03
EDGE-LOT-01,W04,-1,0,1,11,2.72,1.83,2071.96
EDGE-LOT-01,W04,-1,1,1,10,2.23,1.77,2071.78
EDGE-LOT-01,W04,-1,2,1,10,2.26,1.75,2138.34
EDGE-LOT-01,W04,-1,3,1,10,1.68,1.77,2046.04
EDGE-LOT-01,W04,-1,4,1,10,2.96,1.77,2119.72
EDGE-LOT-01,W04,-1,5,1,10,2.41,1.86,2055.12
EDGE-LOT-01,W04,-1,6,1,10,1.96,1.88,2120.35
EDGE-LOT-01,W04,-1,7,1,10,3.11,1.74,2097.88
EDGE-LOT-01,W04,-1,8,1,10,2.57,1.85,2059.29
EDGE-LOT-01,W04,-1,9,1,10,2.84,1.83,2063.19
EDGE-LOT-01,W04,-1,10,1,10,2.79,1.78,2080.42
EDGE-LOT-01,W04,-1,11,1,11,2.41,1.79,2151.32
EDGE-LOT-01,W04,-1,12,1,10,1.99,1.72,2100.77
EDGE-LOT-01,W04,-1,13,1,10,2.58,1.81,2100.72
EDGE-LOT-01,W04,-1,14,1,10,2.29,1.85,2153.64
EDGE-LOT-01,W04,-1,15,1,10,1.99,1.81,2066.32
EDGE-LOT-01,W04,-1,16,1,10,2.55,1.85,2066.66
EDGE-LOT-01,W04,-1,17,1,10,2.91,1.82,2111.48
EDGE-LOT-01,W04,-1,18,1,10,3.8,1.75,2050.13
EDGE-LOT-01,W04,-1,19,3,31,3.19,1.64,2070.73
EDGE-LOT-01,W04,0,-19,2,22,4.43,1.69,2048.22
EDGE-LOT-01,W04,0,-18,1,10,2.6,1.8,2027.89
EDGE-LOT-01,W04,0,-17,1,11,2.63,1.78,2127.26
EDGE-LOT-01,W04,0,-16,1,10,2.35,1.86,2114.45
EDGE-LOT-01,W04,0,-15,1,10,2.19,1.81,2047.73
EDGE-LOT-01,W04,0,-14,1,10,3.11,1.78,2104.83
EDGE-LOT-01,W04,0,-13,1,11,2.84,1.77,2097.91
EDGE-LOT-01,W04,0,-12,1,10,2.83,1.78,2099.32
EDGE-LOT-01,W04,0,-11,1,10,2.35,1.82,2054.42
EDGE-LOT-01,W04,0,-10,1,10,2.74,1.85,2044.02
EDGE-LOT-01,W04,0,-9,1,10,2.29,1.82,2093.54
EDGE-LOT-01,W04,0,-8,1,10,2.36,1.8,2041.68
EDGE-LOT-01,W04,0,-7,1,10,2.04,1.73,2083.94
EDGE-LOT-01,W04,0,-6,1,10,2.76,1.81,2064.69
EDGE-LOT-01,W04,0,-5,1,10,2.66,1.81,2057.04
EDGE-LOT-01,W04,0,-4,1,10,2.08,1.74,2118.72
EDGE-LOT-01,W04,0,-3,1,10,2.28,1.8,2128.81
EDGE-LOT-01,W04,0,-2,1,10,2.44,1.74,2094.95
EDGE-LOT-01,W04,0,-1,1,10,2.51,1.83,2078.6
EDGE-LOT-01,W04,0,0,1,10,2.6,1.75,2095.12
EDGE-LOT-01,W04,0,1,1,10,2.48,1.76,2087.42
EDGE-LOT-01,W04,0,2,1,10,2.35,1.73,2069.99
EDGE-LOT-01,W04,0,3,1,10,2.16,1.72,2109.19
EDGE-LOT-01,W04,0,4,1,10,2.57,1.85,2115.47
EDGE-LOT-01,W04,0,5,1,10,2.64,1.78,2101.41
EDGE-LOT-01,W04,0,6,1,10,2.86,1.82,2101.15
EDGE-LOT-01,W04,0,7,1,10,2.24,1.83,2110.42
EDGE-LOT-01,W04,0,8,1,10,2.29,1.76,2134.75
EDGE-LOT-01,W04,0,9,1,10,2.12,1.81,2125.56
EDGE-LOT-01,W04,0,10,1,10,2.67,1.79,2121.03
EDGE-LOT-01,W04,0,11,1,10,2.28,1.84,2114.3
EDGE-LOT-01,W04,0,12,1,10,2.42,1.79,2098.66
EDGE-LOT-01,W04,0,13,1,10,2.33,1.78,2138.01
EDGE-LOT-01,W04,0,14,1,10,2.55,1.87,2104.29
EDGE-LOT-01,W04,0,15,1,10,2.59,1.85,2131.25
EDGE-LOT-01,W04,0,16,1,10,2.56,1.76,2094.53
EDGE-LOT-01,W04,0,17,1,10,2.74,1.77,2109.99
EDGE-LOT-01,W04,0,18,1,10,4.26,1.82,2079.77
EDGE-LOT-01,W04,0,19,1,10,4.43,1.77,2010.02
EDGE-LOT-01,W04,1,-19,1,10,5.27,1.66,2028.17
EDGE-LOT-01,W04,1,-18,1,10,3.83,1.77,2037.2
EDGE-LOT-01,W04,1,-17,1,10,2.64,1.82,2087.93
EDGE-LOT-01,W04,1,-16,1,10,3.32,1.79,2070.72
EDGE-LOT-01,W04,1,-15,1,10,2.24,1.83,2098.34
EDGE-LOT-01,W04,1,-14,1,10,2.02,1.89,2083.48
EDGE-LOT-01,W04,1,-13,1,11,2.38,1.77,2133.85
EDGE-LOT-01,W04,1,-12,1,10,2.38,1.85,2104.24
EDGE-LOT-01,W04,1,-11,1,10,2.79,1.8,2079.41
EDGE-LOT-01,W04,1,-10,1,10,2.62,1.79,2145.58
EDGE-LOT-01,W04,1,-9,1,10,2.55,1.79,2052.46
EDGE-LOT-01,W04,1,-8,1,10,2.67,1.81,2049.7
EDGE-LOT-01,W04,1,-7,1,10,2.66,1.81,2111.11
EDGE-LOT-01,W04,1,-6,1,10,2.65,1.79,2099.9
EDGE-LOT-01,W04,1,-5,1,10,2.66,1.81,2077.27
EDGE-LOT-01,W04,1,-4,1,10,1.8,1.79,2086.4
EDGE-LOT-01,W04,1,-3,1,10,2.33,1.84,2106.91
EDGE-LOT-01,W04,1,-2,1,11,3.17,1.75,2131.08
EDGE-LOT-01,W04,1,-1,1,10,2.29,1.77,2046.87
EDGE-LOT-01,W04,1,0,1,10,2.37,1.88,2082.3
EDGE-LOT-01,W04,1,1,1,10,1.92,1.71,2114.16
EDGE-LOT-01,W04,1,2,1,10,2.84,1.75,2083.99
EDGE-LOT-01,W04,1,3,1,10,2.34,1.8,2067.59
EDGE-LOT-01,W04,1,4,1,10,3.21,1.85,2095.97
EDGE-LOT-01,W04,1,5,1,10,1.94,1.8,2040.55
EDGE-LOT-01,W04,1,6,1,10,2.91,1.83,2084.25
EDGE-LOT-01,W04,1,7,1,10,2.3,1.78,2089
EDGE-LOT-01,W04,1,8,1,10,1.84,1.74,2102
EDGE-LOT-01,W04,1,9,1,10,1.96,1.8,2073.82
EDGE-LOT-01,W04,1,10,1,10,2.77,1.75,2060.26
EDGE-LOT-01,W04,1,11,1,10,2.48,1.83,2085.42
EDGE-LOT-01,W04,1,12,1,10,2.17,1.8,2046.33
EDGE-LOT-01,W04,1,13,1,10,2.9,1.8,2103.52
EDGE-LOT-01,W04,1,14,1,11,2.7,1.82,2066.53
EDGE-LOT-01,W04,1,15,1,10,2.7,1.8,2159.14
EDGE-LOT-01,W04,1,16,1,10,2.45,1.75,2063.99
EDGE-LOT-01,W04,1,17,1,11,2.99,1.77,2066.31
EDGE-LOT-01,W04,1,18,1,10,3.95,1.75,2056.96
EDGE-LOT-01,W04,1,19,3,31,5.3,1.64,1994.93
EDGE-LOT-01,W04,2,-19,1,11,4.15,1.68,2037.24
EDGE-LOT-01,W04,2,-18,1,10,3.39,1.74,2059.75
EDGE-LOT-01,W04,2,-17,1,10,2.57,1.82,2103.68
EDGE-LOT-01,W04,2,-16,1,10,1.54,1.73,2040.08
EDGE-LOT-01,W04,2,-15,1,10,3.01,1.78,2050.89
EDGE-LOT-01,W04,2,-14,1,10,2.12,1.83,2144.89
EDGE-LOT-01,W04,2,-13,1,10,2.82,1.74,2111.9
EDGE-LOT-01,W04,2,-12,1,11,2.43,1.76,2089.03
EDGE-LOT-01,W04,2,-11,1,10,2.95,1.81,2093.81
EDGE-LOT-01,W04,2,-10,1,10,2.6,1.8,2120.51
EDGE-LOT-01,W04,2,-9,1,10,2.35,1.81,2086.94
EDGE-LOT-01,W04,2,-8,1,11,2.54,1.76,2062.96
EDGE-LOT-01,W04,2,-7,1,10,1.87,1.78,2105.13
EDGE-LOT-01,W04,2,-6,1,10,2.64,1.85,2102.68
EDGE-LOT-01,W04,2,-5,1,11,2.18,1.77,2108.99
EDGE-LOT-01,W04,2,-4,1,10,2.87,1.83,2089.71
EDGE-LOT-01,W04,2,-3,1,10,2.15,1.8,2110.93
EDGE-LOT-01,W04,2,-2,1,10,1.98,1.77,2128.73
EDGE-LOT-01,W04,2,-1,1,10,3.05,1.85,2083.94
EDGE-LOT-01,W04,2,0,1,11,2.42,1.85,2106.97
EDGE-LOT-01,W04,2,1,1,10,1.92,1.76,2120.75
EDGE-LOT-01,W04,2,2,1,10,2.87,1.82,2104.11
EDGE-LOT-01,W04,2,3,1,10,2.69,1.8,2088.7
EDGE-LOT-01,W04,2,4,1,11,2.64,1.76,2077.8
EDGE-LOT-01,W04,2,5,1,10,2.18,1.8,2140.94
EDGE-LOT-01,W04,2,6,1,10,2.11,1.88,2126.86
EDGE-LOT-01,W04,2,7,1,11,2.67,1.83,2083.64
EDGE-LOT-01,W04,2,8,1,10,2.51,1.79,2096.35
EDGE-LOT-01,W04,2,9,1,10,2.3,1.81,2095.87
EDGE-LOT-01,W04,2,10,1,11,1.6,1.77,2158.59
EDGE-LOT-01,W04,2,11,1,10,2.38,1.79,2101.62
EDGE-LOT-01,W04,2,12,1,10,2.9,1.83,2067.37
EDGE-LOT-01,W04,2,13,1,10,2.14,1.8,2093.16
EDGE-LOT-01,W04,2,14,1,11,2.93,1.78,2114.24
EDGE-LOT-01,W04,2,15,3,31,2.05,1.82,2074.58
EDGE-LOT-01,W04,2,16,1,10,2.3,1.87,2125.72
EDGE-LOT-01,W04,2,17,1,10,1.73,1.8,2062.3
EDGE-LOT-01,W04,2,18,1,10,3.86,1.75,2051.38
EDGE-LOT-01,W04,2,19,2,22,4.4,1.68,1985.82
EDGE-LOT-01,W04,3,-19,1,10,4.8,1.66,2012.84
EDGE-LOT-01,W04,3,-18,2,22,4.15,1.74,2032.02
EDGE-LOT-01,W04,3,-17,1,10,2.89,1.72,2094.61
EDGE-LOT-01,W04,3,-16,1,10,3.39,1.83,2143.6
EDGE-LOT-01,W04,3,-15,1,10,2.32,1.82,2097.42
EDGE-LOT-01,W04,3,-14,1,11,2.7,1.84,2118.54
EDGE-LOT-01,W04,3,-13,1,10,2.95,1.78,2071.12
EDGE-LOT-01,W04,3,-12,1,10,2.77,1.73,2118.27
EDGE-LOT-01,W04,3,-11,1,10,2.72,1.83,2116.9
EDGE-LOT-01,W04,3,-10,1,10,2.58,1.77,2063.61
EDGE-LOT-01,W04,3,-9,1,11,2.63,1.79,2085.61
EDGE-LOT-01,W04,3,-8,1,10,2.88,1.82,2167.07
EDGE-LOT-01,W04,3,-7,1,11,2.71,1.81,2103.83
EDGE-LOT-01,W04,3,-6,1,10,2.75,1.83,2105.32
EDGE-LOT-01,W04,3,-5,1,10,2.72,1.85,2099.91
EDGE-LOT-01,W04,3,-4,1,10,2.06,1.81,2076.38
EDGE-LOT-01,W04,3,-3,1,10,2.35,1.81,2091.54
EDGE-LOT-01,W04,3,-2,1,10,2.51,1.81,2085.9
EDGE-LOT-01,W04,3,-1,1,10,2.05,1.76,2126.65
EDGE-LOT-01,W04,3,0,1,10,2.04,1.8,2101.55
EDGE-LOT-01,W04,3,1,1,10,2.55,1.79,2157.4
EDGE-LOT-01,W04,3,2,1,10,2.65,1.73,2155.82
EDGE-LOT-01,W04,3,3,1,10,2.45,1.76,2065.72
EDGE-LOT-01,W04,3,4,1,11,1.8,1.81,2103
EDGE-LOT-01,W04,3,5,1,10,2.15,1.83,2129.44
EDGE-LOT-01,W04,3,6,1,10,2.06,1.79,2079.52
EDGE-LOT-01,W04,3,7,1,10,2.71,1.83,2099.92
EDGE-LOT-01,W04,3,8,1,10,1.88,1.79,2083.24
EDGE-LOT-01,W04,3,9,1,11,3.06,1.75,2076.18
EDGE-LOT-01,W04,3,10,1,10,2.55,1.79,2113.76
EDGE-LOT-01,W04,3,11,1,10,3,1.79,2111.41
EDGE-LOT-01,W04,3,12,1,10,1.63,1.79,2093.75
EDGE-LOT-01,W04,3,13,1,10,1.97,1.78,2103.75
EDGE-LOT-01,W04,3,14,1,10,2.39,1.83,2121.52
EDGE-LOT-01,W04,3,15,1,10,2.56,1.84,2110.04
EDGE-LOT-01,W04,3,16,1,10,3.43,1.76,2065.11
EDGE-LOT-01,W04,3,17,1,10,1.81,1.77,2097.96
EDGE-LOT-01,W04,3,18,1,10,4,1.69,2098.29
EDGE-LOT-01,W04,3,19,1,10,5.7,1.76,2020.94
EDGE-LOT-01,W04,4,-18,1,10,4.07,1.64,2040.26
EDGE-LOT-01,W04,4,-17,1,10,3.27,1.81,2054.58
EDGE-LOT-01,W04,4,-16,1,10,2.95,1.8,2059.78
EDGE-LOT-01,W04,4,-15,1,10,2.46,1.76,2083.88
EDGE-LOT-01,W04,4,-14,1,10,2.4,1.84,2069.2
EDGE-LOT-01,W04,4,-13,1,10,2.36,1.86,2100.76
EDGE-LOT-01,W04,4,-12,1,10,2.92,1.8,2109.19
EDGE-LOT-01,W04,4,-11,1,10,2.53,1.83,2092.52
EDGE-LOT-01,W04,4,-10,1,10,3.47,1.73,2124.26
EDGE-LOT-01,W04,4,-9,1,10,2.59,1.78,2120.91
EDGE-LOT-01,W04,4,-8,1,10,2.95,1.81,2115.5
EDGE-LOT-01,W04,4,-7,1,10,2.76,1.73,2044.87
EDGE-LOT-01,W04,4,-6,1,10,2.59,1.78,2037.49
EDGE-LOT-01,W04,4,-5,1,10,2.3,1.79,2046.54
EDGE-LOT-01,W04,4,-4,1,10,2,1.8,2100.47
EDGE-LOT-01,W04,4,-3,1,10,3.27,1.79,2111.84
EDGE-LOT-01,W04,4,-2,1,10,2.34,1.82,2089
EDGE-LOT-01,W04,4,-1,1,10,2.14,1.83,2063.41
EDGE-LOT-01,W04,4,0,1,10,2.6,1.76,2122.96
EDGE-LOT-01,W04,4,1,1,10,2.8,1.78,2093.91
EDGE-LOT-01,W04,4,2,1,10,2.38,1.74,2097.18
EDGE-LOT-01,W04,4,3,1,10,2.55,1.74,2099.04
EDGE-LOT-01,W04,4,4,1,10,2.81,1.88,2115.23
EDGE-LOT-01,W04,4,5,1,10,1.59,1.81,2081.53
EDGE-LOT-01,W04,4,6,1,10,3.25,1.79,2108.59
EDGE-LOT-01,W04,4,7,1,10,2.45,1.83,2154.74
EDGE-LOT-01,W04,4,8,1,10,2.3,1.83,2152.89
EDGE-LOT-01,W04,4,9,1,10,1.9,1.84,2135.15
EDGE-LOT-01,W04,4,10,1,11,1.93,1.77,2086.89
EDGE-LOT-01,W04,4,11,1,10,2.26,1.78,2075.58
EDGE-LOT-01,W04,4,12,1,10,2.36,1.76,2106.83
EDGE-LOT-01,W04,4,13,1,10,2.76,1.73,2168.23
EDGE-LOT-01,W04,4,14,1,10,1.81,1.76,2108.21
EDGE-LOT-01,W04,4,15,1,10,2.99,1.88,2124.45
EDGE-LOT-01,W04,4,16,1,10,2.05,1.83,2062.32
EDGE-LOT-01,W04,4,17,1,10,3.2,1.81,2069.25
EDGE-LOT-01,W04,4,18,1,10,3.22,1.72,2038.04
EDGE-LOT-01,W04,5,-18,2,21,5.21,1.69,2067.49
EDGE-LOT-01,W04,5,-17,1,10,3.02,1.82,2066.6
EDGE-LOT-01,W04,5,-16,1,10,2.48,1.88,2056.73
EDGE-LOT-01,W04,5,-15,1,10,2.89,1.8,2166.54
EDGE-LOT-01,W04,5,-14,1,10,2.81,1.76,2118.35
EDGE-LOT-01,W04,5,-13,1,10,2.25,1.76,2094.4
EDGE-LOT-01,W04,5,-12,1,10,2.6,1.77,2118.25
EDGE-LOT-01,W04,5,-11,1,10,2.4,1.81,2069.78
EDGE-LOT-01,W04,5,-10,1,10,2.26,1.76,2109.71
EDGE-LOT-01,W04,5,-9,1,10,2.32,1.84,2073.04
EDGE-LOT-01,W04,5,-8,1,10,2.99,1.78,2061.28
EDGE-LOT-01,W04,5,-7,1,11,2.18,1.74,2083.34
EDGE-LOT-01,W04,5,-6,1,10,2.44,1.83,2079.5
EDGE-LOT-01,W04,5,-5,1,10,2.57,1.81,2115.28
EDGE-LOT-01,W04,5,-4,1,10,2.93,1.83,2092.01
EDGE-LOT-01,W04,5,-3,1,11,2.51,1.83,2092.98
EDGE-LOT-01,W04,5,-2,1,10,2.74,1.79,2129.7
EDGE-LOT-01,W04,5,-1,1,10,2.85,1.81,2070.68
EDGE-LOT-01,W04,5,0,1,10,2.63,1.78,2097.36
EDGE-LOT-01,W04,5,1,1,10,2.51,1.86,2046.54
EDGE-LOT-01,W04,5,2,1,10,2.91,1.76,2111.27
EDGE-LOT-01,W04,5,3,1,11,2.64,1.85,2091.74
EDGE-LOT-01,W04,5,4,1,10,2.27,1.83,2107.26
EDGE-LOT-01,W04,5,5,1,10,1.73,1.84,2072.38
EDGE-LOT-01,W04,5,6,1,10,2.44,1.78,2136.54
EDGE-LOT-01,W04,5,7,1,10,1.54,1.9,2103
EDGE-LOT-01,W04,5,8,1,10,2.14,1.79,2134.49
EDGE-LOT-01,W04,5,9,1,10,2.46,1.79,2086.22
EDGE-LOT-01,W04,5,10,1,10,2.85,1.85,2086.48
EDGE-LOT-01,W04,5,11,1,11,2.03,1.81,2137.77
EDGE-LOT-01,W04,5,12,1,10,2.89,1.8,2038.72
EDGE-LOT-01,W04,5,13,1,10,2.43,1.77,2098.31
EDGE-LOT-01,W04,5,14,1,10,2.84,1.78,2103.8
EDGE-LOT-01,W04,5,15,1,10,2.9,1.86,2106.52
EDGE-LOT-01,W04,5,16,1,10,2,1.84,2103.28
EDGE-LOT-01,W04,5,17,1,10,2.88,1.8,2031.19
EDGE-LOT-01,W04,5,18,1,10,4.58,1.7,2024.55
EDGE-LOT-01,W04,6,-18,2,22,3.5,1.7,2015.8
EDGE-LOT-01,W04,6,-17,1,10,4.31,1.76,2022.65
EDGE-LOT-01,W04,6,-16,1,10,2.38,1.81,2085.09
EDGE-LOT-01,W04,6,-15,1,10,1.61,1.75,2127.29
EDGE-LOT-01,W04,6,-14,1,10,2.66,1.8,2105.26
EDGE-LOT-01,W04,6,-13,1,10,2.62,1.81,2041.02
EDGE-LOT-01,W04,6,-12,1,10,2.51,1.81,2082.37
EDGE-LOT-01,W04,6,-11,1,10,2.37,1.78,2114.42
EDGE-LOT-01,W04,6,-10,1,10,3.43,1.82,2110.54
EDGE-LOT-01,W04,6,-9,1,10,1.85,1.78,2117.16
EDGE-LOT-01,W04,6,-8,1,10,2.71,1.82,2087.83
EDGE-LOT-01,W04,6,-7,1,10,2.19,1.84,2132.75
EDGE-LOT-01,W04,6,-6,1,11,2.64,1.76,2093.28
EDGE-LOT-01,W04,6,-5,1,10,2.83,1.81,2073.64
EDGE-LOT-01,W04,6,-4,1,10,2.04,1.75,2072.45
EDGE-LOT-01,W04,6,-3,1,11,3.24,1.83,2100.01
EDGE-LOT-01,W04,6,-2,1,10,2.01,1.78,2099.58
EDGE-LOT-01,W04,6,-1,1,10,1.89,1.82,2124.7
EDGE-LOT-01,W04,6,0,1,10,2.44,1.76,2073.67
EDGE-LOT-01,W04,6,1,1,10,1.95,1.73,2117.24
EDGE-LOT-01,W04,6,2,1,10,2.21,1.81,2127.96
EDGE-LOT-01,W04,6,3,1,10,2.4,1.82,2097.14
EDGE-LOT-01,W04,6,4,1,10,2.55,1.75,2104.14
EDGE-LOT-01,W04,6,5,1,10,2.96,1.79,2102.88
EDGE-LOT-01,W04,6,6,1,10,2.49,1.8,2040.55
EDGE-LOT-01,W04,6,7,1,10,3.33,1.77,2114.63
EDGE-LOT-01,W04,6,8,1,10,2.43,1.82,2044.87
EDGE-LOT-01,W04,6,9,1,10,2.35,1.71,2110.47
EDGE-LOT-01,W04,6,10,1,10,2.42,1.78,2038.32
EDGE-LOT-01,W04,6,11,1,10,1.56,1.77,2122.9
EDGE-LOT-01,W04,6,12,1,10,2.38,1.82,2090.99
EDGE-LOT-01,W04,6,13,1,10,2.82,1.81,2064.47
EDGE-LOT-01,W04,6,14,1,10,2.07,1.75,2112.57
EDGE-LOT-01,W04,6,15,1,10,2.7,1.79,2107.73
EDGE-LOT-01,W04,6,16,1,10,2.73,1.85,2130.39
EDGE-LOT-01,W04,6,17,1,10,3.78,1.8,2020.72
EDGE-LOT-01,W04,6,18,2,21,5.51,1.75,2054.31
EDGE-LOT-01,W04,7,-17,1,10,5.87,1.74,2006.37
EDGE-LOT-01,W04,7,-16,1,10,3.37,1.81,2099.73
EDGE-LOT-01,W04,7,-15,1,10,1.48,1.8,2128.84
EDGE-LOT-01,W04,7,-14,1,10,2.43,1.75,2074.49
EDGE-LOT-01,W04,7,-13,1,10,2.9,1.81,2151.79
EDGE-LOT-01,W04,7,-12,1,10,2.62,1.83,2069.35
EDGE-LOT-01,W04,7,-11,1,10,2.44,1.78,2101.28
EDGE-LOT-01,W04,7,-10,1,10,2.15,1.84,2089.88
EDGE-LOT-01,W04,7,-9,1,10,2.09,1.81,2107.94
EDGE-LOT-01,W04,7,-8,1,10,2.8,1.77,2108.18
EDGE-LOT-01,W04,7,-7,1,10,2.27,1.86,2126.64
EDGE-LOT-01,W04,7,-6,1,10,2.55,1.8,2081.69
EDGE-LOT-01,W04,7,-5,1,10,2.56,1.84,2107.74
EDGE-LOT-01,W04,7,-4,1,10,1.99,1.81,2139.32
EDGE-LOT-01,W04,7,-3,1,10,2.98,1.88,2069.56
EDGE-LOT-01,W04,7,-2,1,10,2.91,1.79,2101.52
EDGE-LOT-01,W04,7,-1,1,10,2.21,1.84,2086.68
EDGE-LOT-01,W04,7,0,1,10,2.41,1.82,2132.09
EDGE-LOT-01,W04,7,1,1,10,1.8,1.84,2108.35
EDGE-LOT-01,W04,7,2,1,10,2.17,1.73,2078.8
EDGE-LOT-01,W04,7,3,1,10,2.1,1.77,2095.33
EDGE-LOT-01,W04,7,4,1,10,2.35,1.76,2109.05
EDGE-LOT-01,W04,7,5,1,10,3.42,1.74,2099.33
EDGE-LOT-01,W04,7,6,1,10,1.95,1.8,2075.82
EDGE-LOT-01,W04,7,7,1,10,2.21,1.83,2106.25
EDGE-LOT-01,W04,7,8,1,10,2.28,1.8,2077.17
EDGE-LOT-01,W04,7,9,1,10,2.52,1.73,2099.27
EDGE-LOT-01,W04,7,10,1,10,3.05,1.8,2111.09
EDGE-LOT-01,W04,7,11,1,11,2.57,1.81,2124.65
EDGE-LOT-01,W04,7,12,1,10,2.69,1.85,2126.46
EDGE-LOT-01,W04,7,13,1,10,2.84,1.84,2113.2
EDGE-LOT-01,W04,7,14,1,11,3.71,1.83,2057.59
EDGE-LOT-01,W04,7,15,1,10,1.95,1.83,2089.58
EDGE-LOT-01,W04,7,16,1,10,3.1,1.75,2110.52
EDGE-LOT-01,W04,7,17,1,10,3.73,1.75,2039.32
EDGE-LOT-01,W04,8,-17,1,10,4.06,1.72,2018.23
EDGE-LOT-01,W04,8,-16,1,10,3.4,1.84,2060.07
EDGE-LOT-01,W04,8,-15,1,10,2.58,1.85,2117.84
EDGE-LOT-01,W04,8,-14,1,10,2.37,1.8,2087.78
EDGE-LOT-01,W04,8,-13,1,10,2.52,1.8,2136.4
EDGE-LOT-01,W04,8,-12,1,10,2.74,1.82,2091.13
EDGE-LOT-01,W04,8,-11,1,10,2.58,1.71,2043.68
EDGE-LOT-01,W04,8,-10,1,10,2.02,1.8,2096.29
EDGE-LOT-01,W04,8,-9,1,10,2.58,1.85,2098.36
EDGE-LOT-01,W04,8,-8,1,10,2.51,1.85,2126.01
EDGE-LOT-01,W04,8,-7,1,10,2.65,1.8,2115.28
EDGE-LOT-01,W04,8,-6,1,10,2.6,1.81,2119.5
EDGE-LOT-01,W04,8,-5,1,10,1.75,1.83,2067.02
EDGE-LOT-01,W04,8,-4,1,10,2.19,1.85,2102.04
EDGE-LOT-01,W04,8,-3,1,10,2.31,1.83,2072.95
EDGE-LOT-01,W04,8,-2,1,10,2.03,1.77,2130
EDGE-LOT-01,W04,8,-1,1,11,2.61,1.77,2116
EDGE-LOT-01,W04,8,0,1,10,2.13,1.79,2102.54
EDGE-LOT-01,W04,8,1,1,10,2.61,1.77,2118.28
EDGE-LOT-01,W04,8,2,1,11,2.68,1.78,2066.96
EDGE-LOT-01,W04,8,3,1,10,2.92,1.81,2141.14
EDGE-LOT-01,W04,8,4,1,10,1.92,1.84,2095.93
EDGE-LOT-01,W04,8,5,1,10,2.01,1.75,2116.22
EDGE-LOT-01,W04,8,6,1,10,2.86,1.82,2077.28
EDGE-LOT-01,W04,8,7,1,10,3.35,1.77,2101.51
EDGE-LOT-01,W04,8,8,1,11,2.08,1.69,2086.96
EDGE-LOT-01,W04,8,9,1,10,1.7,1.75,2104.57
EDGE-LOT-01,W04,8,10,1,10,3.28,1.83,2074.7
EDGE-LOT-01,W04,8,11,1,10,2.69,1.8,2115.49
EDGE-LOT-01,W04,8,12,1,10,2.36,1.83,2124.27
EDGE-LOT-01,W04,8,13,1,10,2.45,1.84,2099.79
EDGE-LOT-01,W04,8,14,1,10,3.05,1.78,2151.98
EDGE-LOT-01,W04,8,15,1,10,1.93,1.77,2084.81
EDGE-LOT-01,W04,8,16,1,10,2.85,1.72,2086.71
EDGE-LOT-01,W04,8,17,1,10,5.56,1.73,2015.06
EDGE-LOT-01,W04,9,-17,1,10,4.41,1.69,1971.49
EDGE-LOT-01,W04,9,-16,1,10,3.81,1.73,2008.38
EDGE-LOT-01,W04,9,-15,1,10,2.43,1.79,2082.55
EDGE-LOT-01,W04,9,-14,1,10,2.1,1.84,2149.02
EDGE-LOT-01,W04,9,-13,1,10,2.92,1.85,2136.02
EDGE-LOT-01,W04,9,-12,1,10,2.99,1.73,2102.41
EDGE-LOT-01,W04,9,-11,1,10,3.48,1.78,2048.61
EDGE-LOT-01,W04,9,-10,1,10,2.08,1.84,2095.63
EDGE-LOT-01,W04,9,-9,1,10,2.6,1.82,2137.36
EDGE-LOT-01,W04,9,-8,1,10,2.54,1.77,2108.35
EDGE-LOT-01,W04,9,-7,1,10,2.42,1.82,2148.37
EDGE-LOT-01,W04,9,-6,1,10,3.35,1.82,2071.32
EDGE-LOT-01,W04,9,-5,1,10,3.2,1.75,2141.35
EDGE-LOT-01,W04,9,-4,1,10,3.07,1.82,2095.08
EDGE-LOT-01,W04,9,-3,1,10,2.04,1.81,2125.07
EDGE-LOT-01,W04,9,-2,1,10,2.9,1.86,2066.28
EDGE-LOT-01,W04,9,-1,1,10,2.35,1.78,2083.24
EDGE-LOT-01,W04,9,0,1,10,2.2,1.76,2118.22
EDGE-LOT-01,W04,9,1,1,10,2.45,1.81,2098.99
EDGE-LOT-01,W04,9,2,1,10,2.47,1.84,2110.23
EDGE-LOT-01,W04,9,3,1,10,2,1.85,2044.54
EDGE-LOT-01,W04,9,4,1,10,2.68,1.81,2093.39
EDGE-LOT-01,W04,9,5,1,10,2.85,1.8,2112.27
EDGE-LOT-01,W04,9,6,1,10,2.06,1.79,2100.51
EDGE-LOT-01,W04,9,7,1,10,2.47,1.84,2074.55
EDGE-LOT-01,W04,9,8,1,10,2.43,1.82,2063.32
EDGE-LOT-01,W04,9,9,1,10,2.7,1.74,2112.23
EDGE-LOT-01,W04,9,10,1,10,2.48,1.84,2069.38
EDGE-LOT-01,W04,9,11,1,10,2.74,1.83,2066.55
EDGE-LOT-01,W04,9,12,1,10,3.08,1.77,2141.11
EDGE-LOT-01,W04,9,13,1,10,2.36,1.79,2125.92
EDGE-LOT-01,W04,9,14,1,10,2.24,1.79,2148.13
EDGE-LOT-01,W04,9,15,1,10,2.41,1.77,2056.7
EDGE-LOT-01,W04,9,16,1,10,4.21,1.71,1998.69
EDGE-LOT-01,W04,9,17,1,10,5.22,1.69,2067.48
EDGE-LOT-01,W04,10,-16,1,11,3.75,1.66,2052.74
EDGE-LOT-01,W04,10,-15,1,10,4.31,1.75,2051.42
EDGE-LOT-01,W04,10,-14,1,10,2.46,1.81,2087.17
EDGE-LOT-01,W04,10,-13,1,10,2.84,1.81,2122.21
EDGE-LOT-01,W04,10,-12,1,10,2.15,1.79,2124.65
EDGE-LOT-01,W04,10,-11,1,10,2.76,1.82,2113.04
EDGE-LOT-01,W04,10,-10,1,10,2.34,1.86,2099.5
EDGE-LOT-01,W04,10,-9,1,10,2.51,1.8,2151.77
EDGE-LOT-01,W04,10,-8,1,10,1.8,1.81,2074.48
EDGE-LOT-01,W04,10,-7,1,11,3.21,1.81,2117.02
EDGE-LOT-01,W04,10,-6,1,10,2.59,1.74,2129.59
EDGE-LOT-01,W04,10,-5,1,10,2.36,1.86,2079.1
EDGE-LOT-01,W04,10,-4,1,10,2.4,1.77,2097.84
EDGE-LOT-01,W04,10,-3,1,10,3.06,1.84,2053.61
EDGE-LOT-01,W04,10,-2,1,10,2.34,1.74,2098.17
EDGE-LOT-01,W04,10,-1,1,10,1.86,1.72,2090.67
EDGE-LOT-01,W04,10,0,1,11,2.4,1.76,2154.55
EDGE-LOT-01,W04,10,1,1,10,2.74,1.79,2124.93
EDGE-LOT-01,W04,10,2,1,10,2.75,1.77,2119.94
EDGE-LOT-01,W04,10,3,1,10,2.37,1.82,2104.47
EDGE-LOT-01,W04,10,4,1,10,2.33,1.76,2131.14
EDGE-LOT-01,W04,10,5,1,10,2.75,1.78,2136.86
EDGE-LOT-01,W04,10,6,1,10,2.09,1.84,2090.86
EDGE-LOT-01,W04,10,7,1,11,2.15,1.76,2122.94
EDGE-LOT-01,W04,10,8,1,10,2.62,1.74,2077.75
EDGE-LOT-01,W04,10,9,1,10,2.27,1.77,2059.93
EDGE-LOT-01,W04,10,10,1,10,2.58,1.83,2074.19
EDGE-LOT-01,W04,10,11,1,10,2.34,1.75,2067.89
EDGE-LOT-01,W04,10,12,1,10,2.55,1.8,2106.38
EDGE-LOT-01,W04,10,13,1,10,2.78,1.8,2105.08
EDGE-LOT-01,W04,10,14,2,22,3.09,1.83,2102.72
EDGE-LOT-01,W04,10,15,1,10,4.13,1.88,2079.46
EDGE-LOT-01,W04,10,16,1,10,3.46,1.66,2035.89
EDGE-LOT-01,W04,11,-15,1,10,3.83,1.73,2052.2
EDGE-LOT-01,W04,11,-14,1,10,3.61,1.77,2092.4
EDGE-LOT-01,W04,11,-13,1,11,2.01,1.82,2099.75
EDGE-LOT-01,W04,11,-12,1,10,2.33,1.83,2101.35
EDGE-LOT-01,W04,11,-11,1,10,1.97,1.81,2100.36
EDGE-LOT-01,W04,11,-10,1,10,2.78,1.77,2174.69
EDGE-LOT-01,W04,11,-9,1,10,1.94,1.86,2061.59
EDGE-LOT-01,W04,11,-8,1,10,2.26,1.83,2090.57
EDGE-LOT-01,W04,11,-7,1,11,2.47,1.82,2097.95
EDGE-LOT-01,W04,11,-6,1,10,2.48,1.84,2139.05
EDGE-LOT-01,W04,11,-5,1,10,3.15,1.79,2116.23
EDGE-LOT-01,W04,11,-4,1,11,2.17,1.83,2081.19
EDGE-LOT-01,W04,11,-3,1,10,2.71,1.75,2121.7
EDGE-LOT-01,W04,11,-2,1,10,2.73,1.77,2189.84
EDGE-LOT-01,W04,11,-1,1,10,1.99,1.81,2061.9
EDGE-LOT-01,W04,11,0,1,10,2.61,1.74,2071.94
EDGE-LOT-01,W04,11,1,1,10,2.44,1.79,2069.72
EDGE-LOT-01,W04,11,2,1,11,2.09,1.83,2049.8
EDGE-LOT-01,W04,11,3,1,10,3.17,1.8,2100.02
EDGE-LOT-01,W04,11,4,1,10,2.71,1.84,2105.51
EDGE-LOT-01,W04,11,5,1,10,2.26,1.85,2104.18
EDGE-LOT-01,W04,11,6,1,10,2.76,1.82,2076.07
EDGE-LOT-01,W04,11,7,1,10,3.29,1.76,2089.79
EDGE-LOT-01,W04,11,8,1,11,2.77,1.83,2143.43
EDGE-LOT-01,W04,11,9,1,10,2.76,1.79,2072.86
EDGE-LOT-01,W04,11,10,1,10,2.06,1.82,2109.94
EDGE-LOT-01,W04,11,11,1,10,2.81,1.84,2057.92
EDGE-LOT-01,W04,11,12,1,10,2.51,1.78,2040.97
EDGE-LOT-01,W04,11,13,1,11,2.59,1.87,2125.42
EDGE-LOT-01,W04,11,14,1,10,3.47,1.78,2047.27
EDGE-LOT-01,W04,11,15,1,10,2.57,1.78,2045.87
EDGE-LOT-01,W04,12,-15,3,31,5.28,1.7,2018.21
EDGE-LOT-01,W04,12,-14,1,11,4.22,1.71,2064.22
EDGE-LOT-01,W04,12,-13,1,10,1.92,1.86,2067.69
EDGE-LOT-01,W04,12,-12,1,10,2.65,1.83,2114.96
EDGE-LOT-01,W04,12,-11,1,10,1.73,1.79,2103.15
EDGE-LOT-01,W04,12,-10,1,10,2.49,1.83,2129.73
EDGE-LOT-01,W04,12,-9,1,10,2,1.77,2098.98
EDGE-LOT-01,W04,12,-8,1,11,2.78,1.8,2064.02
EDGE-LOT-01,W04,12,-7,1,10,2.35,1.73,2134.48
EDGE-LOT-01,W04,12,-6,1,10,2.4,1.82,2121.34
EDGE-LOT-01,W04,12,-5,1,10,2.46,1.72,2091.81
EDGE-LOT-01,W04,12,-4,1,10,2.87,1.84,2085.86
EDGE-LOT-01,W04,12,-3,1,10,3.02,1.72,2071.21
EDGE-LOT-01,W04,12,-2,1,10,2.18,1.8,2071.8
EDGE-LOT-01,W04,12,-1,1,10,2.14,1.76,2134.14
EDGE-LOT-01,W04,12,0,1,10,2.23,1.82,2074.82
EDGE-LOT-01,W04,12,1,1,10,3.08,1.82,2124.69
EDGE-LOT-01,W04,12,2,1,10,2.01,1.74,2071.31
EDGE-LOT-01,W04,12,3,1,10,2.51,1.79,2093.82
EDGE-LOT-01,W04,12,4,1,10,3.01,1.79,2059.97
EDGE-LOT-01,W04,12,5,1,10,2.46,1.76,2055.58
EDGE-LOT-01,W04,12,6,1,10,3.27,1.81,2116.03
EDGE-LOT-01,W04,12,7,1,10,2.75,1.88,2075.49
EDGE-LOT-01,W04,12,8,1,10,2.65,1.75,2075.52
EDGE-LOT-01,W04,12,9,1,10,2.7,1.83,2122.66
EDGE-LOT-01,W04,12,10,1,10,3.14,1.81,2120.35
EDGE-LOT-01,W04,12,11,1,10,1.6,1.77,2087.43
EDGE-LOT-01,W04,12,12,1,10,2.53,1.8,2088.66
EDGE-LOT-01,W04,12,13,1,10,3.28,1.78,2116.31
EDGE-LOT-01,W04,12,14,1,10,3.85,1.74,2041.61
EDGE-LOT-01,W04,12,15,1,10,5.85,1.71,2003.02
EDGE-LOT-01,W04,13,-14,1,10,3.94,1.72,1998.84
EDGE-LOT-01,W04,13,-13,1,10,4.01,1.72,2041.31
EDGE-LOT-01,W04,13,-12,1,11,3.35,1.78,2105.68
EDGE-LOT-01,W04,13,-11,1,10,3.06,1.78,2082.63
EDGE-LOT-01,W04,13,-10,1,10,3.15,1.86,2039.59
EDGE-LOT-01,W04,13,-9,1,10,2.68,1.87,2090.64
EDGE-LOT-01,W04,13,-8,1,10,2.56,1.72,2077.54
EDGE-LOT-01,W04,13,-7,1,10,2.98,1.87,2048.98
EDGE-LOT-01,W04,13,-6,1,10,2.73,1.79,2065.31
EDGE-LOT-01,W04,13,-5,1,10,2.32,1.8,2076.43
EDGE-LOT-01,W04,13,-4,3,31,2.3,1.78,2124.62
EDGE-LOT-01,W04,13,-3,1,10,2.19,1.75,2089.41
EDGE-LOT-01,W04,13,-2,1,10,2.69,1.73,2099.44
EDGE-LOT-01,W04,13,-1,1,10,2.97,1.79,2060.78
EDGE-LOT-01,W04,13,0,1,10,2.58,1.77,2122.7
EDGE-LOT-01,W04,13,1,1,10,2.4,1.84,2069.74
EDGE-LOT-01,W04,13,2,1,10,2.17,1.78,2111.89
EDGE-LOT-01,W04,13,3,1,10,1.97,1.77,2077.33
EDGE-LOT-01,W04,13,4,1,10,2.48,1.78,2125.12
EDGE-LOT-01,W04,13,5,1,10,2.13,1.8,2053.33
EDGE-LOT-01,W04,13,6,1,10,2.6,1.82,2115.67
EDGE-LOT-01,W04,13,7,1,10,2.71,1.79,2083.59
EDGE-LOT-01,W04,13,8,1,11,2.02,1.82,2084.08
EDGE-LOT-01,W04,13,9,1,10,2.28,1.78,2120.91
EDGE-LOT-01,W04,13,10,1,10,1.69,1.83,2074.86
EDGE-LOT-01,W04,13,11,1,10,2.99,1.76,2100
EDGE-LOT-01,W04,13,12,1,10,4.22,1.67,2039.46
EDGE-LOT-01,W04,13,13,1,10,3.06,1.8,2004.11
EDGE-LOT-01,W04,13,14,1,10,4.68,1.64,2067.24
EDGE-LOT-01,W04,14,-13,2,22,3.98,1.73,2016.02
EDGE-LOT-01,W04,14,-12,1,10,3.11,1.65,1958.88
EDGE-LOT-01,W04,14,-11,1,10,3.11,1.74,2077.24
EDGE-LOT-01,W04,14,-10,1,10,2.57,1.79,2123.34
EDGE-LOT-01,W04,14,-9,1,10,2.59,1.78,2085.29
EDGE-LOT-01,W04,14,-8,1,10,2.16,1.83,2118.28
EDGE-LOT-01,W04,14,-7,1,10,2.94,1.75,2053.5
EDGE-LOT-01,W04,14,-6,1,11,2.52,1.79,2111.61
EDGE-LOT-01,W04,14,-5,1,10,2.84,1.83,2078.81
EDGE-LOT-01,W04,14,-4,1,10,2.09,1.68,2102.59
EDGE-LOT-01,W04,14,-3,1,10,2.58,1.81,2108.7
EDGE-LOT-01,W04,14,-2,1,10,2.2,1.79,2094.59
EDGE-LOT-01,W04,14,-1,1,10,2.78,1.81,2098.02
EDGE-LOT-01,W04,14,0,1,10,1.99,1.76,2089.39
EDGE-LOT-01,W04,14,1,1,10,2.16,1.81,2089.81
EDGE-LOT-01,W04,14,2,1,10,2.97,1.81,2172.25
EDGE-LOT-01,W04,14,3,1,10,2.52,1.83,2062.64
EDGE-LOT-01,W04,14,4,1,10,2.2,1.77,2068.4
EDGE-LOT-01,W04,14,5,1,10,2.52,1.8,2111.44
EDGE-LOT-01,W04,14,6,1,10,2.94,1.81,2111.19
EDGE-LOT-01,W04,14,7,1,10,2.05,1.81,2074.27
EDGE-LOT-01,W04,14,8,1,10,2.41,1.85,2142.42
EDGE-LOT-01,W04,14,9,1,10,2.06,1.83,2073.11
EDGE-LOT-01,W04,14,10,1,10,2.03,1.71,2093.76
EDGE-LOT-01,W04,14,11,1,11,2.56,1.75,2084.99
EDGE-LOT-01,W04,14,12,1,10,3.74,1.75,2038.72
EDGE-LOT-01,W04,14,13,2,21,3.86,1.7,2013.15
EDGE-LOT-01,W04,15,-12,1,10,5.88,1.71,1994.44
EDGE-LOT-01,W04,15,-11,1,10,4.71,1.77,2000.18
EDGE-LOT-01,W04,15,-10,1,10,3.19,1.74,2054.6
EDGE-LOT-01,W04,15,-9,1,10,3.18,1.81,2109.41
EDGE-LOT-01,W04,15,-8,1,10,2.68,1.86,2109.9
EDGE-LOT-01,W04,15,-7,1,10,2.21,1.86,2141.35
EDGE-LOT-01,W04,15,-6,1,10,2.76,1.79,2155.96
EDGE-LOT-01,W04,15,-5,1,10,2.87,1.8,2131.62
EDGE-LOT-01,W04,15,-4,1,10,2.77,1.84,2092.29
EDGE-LOT-01,W04,15,-3,1,11,3.05,1.79,2098.14
EDGE-LOT-01,W04,15,-2,1,10,2.26,1.8,2126.55
EDGE-LOT-01,W04,15,-1,1,10,2.8,1.81,2117.78
EDGE-LOT-01,W04,15,0,1,10,2.68,1.82,2117.35
EDGE-LOT-01,W04,15,1,1,10,2.71,1.82,2077.89
EDGE-LOT-01,W04,15,2,1,10,2.17,1.87,2075.72
EDGE-LOT-01,W04,15,3,1,10,2.38,1.79,2138.64
EDGE-LOT-01,W04,15,4,1,10,2.41,1.77,2101.33
EDGE-LOT-01,W04,15,5,1,10,2.42,1.8,2082.09
EDGE-LOT-01,W04,15,6,1,10,2.76,1.79,2081.75
EDGE-LOT-01,W04,15,7,1,10,2.16,1.79,2118.97
EDGE-LOT-01,W04,15,8,1,10,2.25,1.79,2150.33
EDGE-LOT-01,W04,15,9,1,10,3.29,1.74,2098.83
EDGE-LOT-01,W04,15,10,1,10,3.34,1.72,2075.39
EDGE-LOT-01,W04,15,11,1,10,3.57,1.79,2055.37
EDGE-LOT-01,W04,15,12,1,10,4.72,1.72,2003.18
EDGE-LOT-01,W04,16,-10,1,11,5.76,1.72,1998.12
EDGE-LOT-01,W04,16,-9,1,10,3.64,1.76,2003.52
EDGE-LOT-01,W04,16,-8,1,10,3.77,1.72,2047.05
EDGE-LOT-01,W04,16,-7,1,10,3.86,1.74,2084.62
EDGE-LOT-01,W04,16,-6,1,10,3.58,1.86,2114.09
EDGE-LOT-01,W04,16,-5,1,10,2.01,1.82,2084.38
EDGE-LOT-01,W04,16,-4,1,10,2.3,1.82,2100.6
EDGE-LOT-01,W04,16,-3,1,10,2.25,1.78,2087.15
EDGE-LOT-01,W04,16,-2,1,10,3.1,1.76,2157.82
EDGE-LOT-01,W04,16,-1,1,10,2.17,1.81,2112.27
EDGE-LOT-01,W04,16,0,1,10,2.1,1.88,2081.14
EDGE-LOT-01,W04,16,1,1,10,2.76,1.82,2074.68
EDGE-LOT-01,W04,16,2,1,10,2.05,1.86,2125.62
EDGE-LOT-01,W04,16,3,1,10,3.14,1.75,2133.74
EDGE-LOT-01,W04,16,4,1,10,2.15,1.81,2098.41
EDGE-LOT-01,W04,16,5,1,10,2.73,1.84,2120.62
EDGE-LOT-01,W04,16,6,1,10,2.81,1.8,2078.5
EDGE-LOT-01,W04,16,7,1,11,3.41,1.78,2069.8
EDGE-LOT-01,W04,16,8,1,10,3.53,1.68,2107.31
EDGE-LOT-01,W04,16,9,1,10,3.73,1.68,2004.27
EDGE-LOT-01,W04,16,10,1,10,2.8,1.76,2040.14
EDGE-LOT-01,W04,17,-9,1,10,4.61,1.67,2025.93
EDGE-LOT-01,W04,17,-8,1,10,4.52,1.72,1994.23
EDGE-LOT-01,W04,17,-7,2,22,4.25,1.67,2040.26
EDGE-LOT-01,W04,17,-6,1,10,2.43,1.7,2074.33
EDGE-LOT-01,W04,17,-5,3,31,3.53,1.7,2068.32
EDGE-LOT-01,W04,17,-4,1,10,3.35,1.75,2097.33
EDGE-LOT-01,W04,17,-3,1,10,2.02,1.78,2162.72
EDGE-LOT-01,W04,17,-2,1,10,2.78,1.84,2105.29
EDGE-LOT-01,W04,17,-1,1,10,2.45,1.86,2139.82
EDGE-LOT-01,W04,17,0,1,11,2.93,1.77,2073.97
EDGE-LOT-01,W04,17,1,1,10,3.03,1.85,2104.86
EDGE-LOT-01,W04,17,2,1,10,2.86,1.79,2144.44
EDGE-LOT-01,W04,17,3,1,10,2.92,1.8,2042.24
EDGE-LOT-01,W04,17,4,1,10,3.67,1.83,2175.5
EDGE-LOT-01,W04,17,5,1,11,3.33,1.76,2126.07
EDGE-LOT-01,W04,17,6,1,10,3.9,1.72,2086.79
EDGE-LOT-01,W04,17,7,1,10,3.83,1.78,2062.51
EDGE-LOT-01,W04,17,8,1,10,4.72,1.74,2009.05
EDGE-LOT-01,W04,17,9,3,31,4.8,1.6,2013.16
EDGE-LOT-01,W04,18,-6,1,10,4.9,1.67,2013.17
EDGE-LOT-01,W04,18,-5,1,10,4.48,1.74,1998.08
EDGE-LOT-01,W04,18,-4,1,10,4.35,1.72,2063.84
EDGE-LOT-01,W04,18,-3,1,10,3.14,1.72,2042.54
EDGE-LOT-01,W04,18,-2,1,10,3.03,1.73,2009.06
EDGE-LOT-01,W04,18,-1,3,31,3.34,1.76,2043.95
EDGE-LOT-01,W04,18,0,1,10,3.63,1.81,2070.73
EDGE-LOT-01,W04,18,1,1,10,3.48,1.72,2093.36
EDGE-LOT-01,W04,18,2,1,10,3.42,1.72,2020.03
EDGE-LOT-01,W04,18,3,1,10,4.7,1.69,2071.3
EDGE-LOT-01,W04,18,4,1,10,4.44,1.83,2040.62
EDGE-LOT-01,W04,18,5,1,10,4.33,1.68,2031.64
EDGE-LOT-01,W04,18,6,3,31,4.75,1.76,2005.92
EDGE-LOT-01,W04,19,-3,1,10,4.91,1.65,2029.74
EDGE-LOT-01,W04,19,-2,3,31,3.53,1.69,2008.5
EDGE-LOT-01,W04,19,-1,3,31,6.32,1.67,1996.4
EDGE-LOT-01,W04,19,0,1,10,4.96,1.7,2016.85
EDGE-LOT-01,W04,19,1,2,21,3.99,1.64,2024.45
EDGE-LOT-01,W04,19,2,2,21,3.8,1.68,1996.15
EDGE-LOT-01,W04,19,3,1,10,3.91,1.67,2017.59
EDGE-LOT-01,W05,-19,-3,1,10,4.96,1.73,2010.78
EDGE-LOT-01,W05,-19,-2,1,10,2.41,1.73,2026.29
EDGE-LOT-01,W05,-19,-1,1,10,4.86,1.67,2000.64
EDGE-LOT-01,W05,-19,0,1,10,5.38,1.71,2043.45
EDGE-LOT-01,W05,-19,1,2,22,4.16,1.69,2000.47
EDGE-LOT-01,W05,-19,2,1,10,3.87,1.7,2023.55
EDGE-LOT-01,W05,-19,3,2,21,5.06,1.76,2048.91
EDGE-LOT-01,W05,-18,-6,1,10,4.99,1.68,2051.4
EDGE-LOT-01,W05,-18,-5,1,10,2.72,1.79,2010.35
EDGE-LOT-01,W05,-18,-4,1,10,3.47,1.74,2017.3
EDGE-LOT-01,W05,-18,-3,2,21,3.85,1.73,2102.59
EDGE-LOT-01,W05,-18,-2,1,10,4.14,1.8,2072.57
EDGE-LOT-01,W05,-18,-1,1,10,3.67,1.72,2054.42
EDGE-LOT-01,W05,-18,0,1,10,4.07,1.71,2013.2
EDGE-LOT-01,W05,-18,1,1,10,3.89,1.83,2047.83
EDGE-LOT-01,W05,-18,2,1,10,3.57,1.77,2071.76
EDGE-LOT-01,W05,-18,3,1,10,3.77,1.72,2062.93
EDGE-LOT-01,W05,-18,4,1,10,4.56,1.72,2055.67
EDGE-LOT-01,W05,-18,5,1,10,4.26,1.72,2001.32
EDGE-LOT-01,W05,-18,6,2,22,3.55,1.67,2053.29
EDGE-LOT-01,W05,-17,-9,3,31,5.36,1.73,2036.94
EDGE-LOT-01,W05,-17,-8,1,10,3.48,1.62,2056.26
EDGE-LOT-01,W05,-17,-7,1,10,2.92,1.71,2071.54
EDGE-LOT-01,W05,-17,-6,1,11,3.76,1.72,2013.3
EDGE-LOT-01,W05,-17,-5,1,10,3.46,1.8,2096.87
EDGE-LOT-01,W05,-17,-4,1,10,3.66,1.73,2107.46
EDGE-LOT-01,W05,-17,-3,1,10,3.1,1.8,2070
EDGE-LOT-01,W05,-17,-2,1,10,2.83,1.83,2064.83
EDGE-LOT-01,W05,-17,-1,1,10,2.39,1.81,2130.03
EDGE-LOT-01,W05,-17,0,1,10,2.25,1.82,2051.95
EDGE-LOT-01,W05,-17,1,1,10,2.35,1.79,2098.9
EDGE-LOT-01,W05,-17,2,1,11,1.53,1.78,2098.72
EDGE-LOT-01,W05,-17,3,1,10,2.65,1.74,2145.78
EDGE-LOT-01,W05,-17,4,1,10,2.86,1.74,2030.75
EDGE-LOT-01,W05,-17,5,1,10,3.26,1.79,2152.97
EDGE-LOT-01,W05,-17,6,1,11,3.13,1.74,2053.38
EDGE-LOT-01,W05,-17,7,1,10,3.22,1.74,2044.38
EDGE-LOT-01,W05,-17,8,1,10,3.35,1.72,2083.21
EDGE-LOT-01,W05,-17,9,1,10,3.06,1.65,2028.35
EDGE-LOT-01,W05,-16,-10,1,10,4.57,1.67,2020.47
EDGE-LOT-01,W05,-16,-9,3,31,4.49,1.69,2020.07
EDGE-LOT-01,W05,-16,-8,1,10,3.21,1.76,2034.41
EDGE-LOT-01,W05,-16,-7,1,10,3.09,1.75,2008.8
EDGE-LOT-01,W05,-16,-6,1,10,2.24,1.86,2087.77
EDGE-LOT-01,W05,-16,-5,1,10,2.47,1.82,2176.46
EDGE-LOT-01,W05,-16,-4,1,10,3.18,1.77,2110.33
EDGE-LOT-01,W05,-16,-3,1,10,2.31,1.82,2119.49
EDGE-LOT-01,W05,-16,-2,1,10,2.31,1.86,2065.27
EDGE-LOT-01,W05,-16,-1,1,10,2.38,1.89,2086.32
EDGE-LOT-01,W05,-16,0,1,10,2.76,1.76,2123.27
EDGE-LOT-01,W05,-16,1,1,10,2.83,1.79,2100.17
EDGE-LOT-01,W05,-16,2,1,10,2.89,1.83,2106.21
EDGE-LOT-01,W05,-16,3,1,10,1.74,1.86,2085.2
EDGE-LOT-01,W05,-16,4,1,10,2.98,1.75,2103.13
EDGE-LOT-01,W05,-16,5,1,10,2.21,1.82,2118.29
EDGE-LOT-01,W05,-16,6,3,31,2.56,1.78,2138.05
EDGE-LOT-01,W05,-16,7,1,10,2.4,1.84,2105.48
EDGE-LOT-01,W05,-16,8,1,10,3.57,1.81,2014.14
EDGE-LOT-01,W05,-16,9,1,10,5.09,1.76,2071.95
EDGE-LOT-01,W05,-16,10,2,21,4.49,1.76,2003.59
EDGE-LOT-01,W05,-15,-12,2,22,3.6,1.63,2039.03
EDGE-LOT-01,W05,-15,-11,1,10,3.95,1.67,2016.61
EDGE-LOT-01,W05,-15,-10,3,31,3.3,1.78,2094.13
EDGE-LOT-01,W05,-15,-9,1,10,2.79,1.79,2104.4
EDGE-LOT-01,W05,-15,-8,1,10,2.56,1.82,2100.36
EDGE-LOT-01,W05,-15,-7,1,10,2.9,1.82,2072.86
EDGE-LOT-01,W05,-15,-6,1,10,2.9,1.82,2068.19
EDGE-LOT-01,W05,-15,-5,1,10,2.8,1.75,2191.63
EDGE-LOT-01,W05,-15,-4,1,10,2.77,1.79,2116.46
EDGE-LOT-01,W05,-15,-3,1,10,2.72,1.78,2107.4
EDGE-LOT-01,W05,-15,-2,1,10,3.64,1.72,2096.8
EDGE-LOT-01,W05,-15,-1,1,10,2.46,1.83,2044.6
EDGE-LOT-01,W05,-15,0,1,10,2.75,1.89,2086.29
EDGE-LOT-01,W05,-15,1,1,10,2.94,1.76,2116.6
EDGE-LOT-01,W05,-15,2,1,10,2.78,1.73,2135.45
EDGE-LOT-01,W05,-15,3,1,10,2.36,1.81,2054.57
EDGE-LOT-01,W05,-15,4,1,10,3.2,1.76,2122.52
EDGE-LOT-01,W05,-15,5,1,10,2.96,1.77,2101.81
EDGE-LOT-01,W05,-15,6,1,10,2.4,1.82,2109.82
EDGE-LOT-01,W05,-15,7,1,10,2.75,1.76,2110.05
EDGE-LOT-01,W05,-15,8,1,10,2.35,1.82,2116.59
EDGE-LOT-01,W05,-15,9,1,10,3.01,1.79,2077.13
EDGE-LOT-01,W05,-15,10,1,10,3.33,1.79,2048.44
EDGE-LOT-01,W05,-15,11,1,10,4.24,1.73,2065.66
EDGE-LOT-01,W05,-15,12,1,10,4.91,1.69,1996.69
EDGE-LOT-01,W05,-14,-13,1,10,4.51,1.71,2004.68
EDGE-LOT-01,W05,-14,-12,3,31,4.47,1.74,2035.53
EDGE-LOT-01,W05,-14,-11,1,10,4.01,1.76,2002.81
EDGE-LOT-01,W05,-14,-10,1,10,2.25,1.82,2125.44
EDGE-LOT-01,W05,-14,-9,1,10,2.44,1.84,2149.16
EDGE-LOT-01,W05,-14,-8,1,10,2.52,1.83,2119.73
EDGE-LOT-01,W05,-14,-7,1,10,1.75,1.79,2037.1
EDGE-LOT-01,W05,-14,-6,1,10,2.7,1.83,2095.81
EDGE-LOT-01,W05,-14,-5,1,10,2.38,1.77,2070.48
EDGE-LOT-01,W05,-14,-4,1,10,2.57,1.77,2147.28
EDGE-LOT-01,W05,-14,-3,1,10,2.17,1.79,2121.84
EDGE-LOT-01,W05,-14,-2,1,10,2.48,1.79,2073.6
EDGE-LOT-01,W05,-14,-1,1,10,1.96,1.85,2087.67
EDGE-LOT-01,W05,-14,0,1,10,2.61,1.81,2080.57
EDGE-LOT-01,W05,-14,1,1,10,2.33,1.77,2061.55
EDGE-LOT-01,W05,-14,2,1,10,2.55,1.81,2082.89
EDGE-LOT-01,W05,-14,3,1,10,2.48,1.78,2111.6
EDGE-LOT-01,W05,-14,4,1,10,1.37,1.82,2124.77
EDGE-LOT-01,W05,-14,5,1,10,2.79,1.78,2139.79
EDGE-LOT-01,W05,-14,6,1,10,3.16,1.78,2088.1
EDGE-LOT-01,W05,-14,7,1,10,2.62,1.76,2099.33
EDGE-LOT-01,W05,-14,8,1,10,2.32,1.85,2079.97
EDGE-LOT-01,W05,-14,9,1,11,2.93,1.73,2141.44
EDGE-LOT-01,W05,-14,10,1,10,2.52,1.81,2072.61
EDGE-LOT-01,W05,-14,11,2,21,3.12,1.78,2069.51
EDGE-LOT-01,W05,-14,12,1,11,4.43,1.79,1990.89
EDGE-LOT-01,W05,-14,13,1,10,3.76,1.75,2027.92
EDGE-LOT-01,W05,-13,-14,2,21,4.83,1.66,2019.76
EDGE-LOT-01,W05,-13,-13,1,10,4.46,1.8,2013.61
EDGE-LOT-01,W05,-13,-12,1,10,3.29,1.83,2108.05
EDGE-LOT-01,W05,-13,-11,1,11,3.56,1.81,2102.89
EDGE-LOT-01,W05,-13,-10,1,10,2.94,1.81,2119.83
EDGE-LOT-01,W05,-13,-9,1,10,1.42,1.8,2113.47
EDGE-LOT-01,W05,-13,-8,1,11,2.44,1.84,2125.96
EDGE-LOT-01,W05,-13,-7,1,10,2.42,1.79,2051.46
EDGE-LOT-01,W05,-13,-6,1,10,2.59,1.8,2116.16
EDGE-LOT-01,W05,-13,-5,1,11,2.91,1.76,2119.67
EDGE-LOT-01,W05,-13,-4,1,10,2.6,1.77,2063.26
EDGE-LOT-01,W05,-13,-3,1,10,2.93,1.76,2107.74
EDGE-LOT-01,W05,-13,-2,1,11,2.69,1.89,2133.63
EDGE-LOT-01,W05,-13,-1,1,10,2.23,1.84,2120.99
EDGE-LOT-01,W05,-13,0,1,10,2.47,1.77,2137.47
EDGE-LOT-01,W05,-13,1,1,10,2.03,1.85,2120.2
EDGE-LOT-01,W05,-13,2,1,10,2.74,1.84,2109.26
EDGE-LOT-01,W05,-13,3,1,11,1.98,1.76,2091.63
EDGE-LOT-01,W05,-13,4,1,11,2.25,1.76,2166.69
EDGE-LOT-01,W05,-13,5,1,11,2.3,1.77,2108.48
EDGE-LOT-01,W05,-13,6,1,10,2.99,1.83,2106.73
EDGE-LOT-01,W05,-13,7,1,11,2.31,1.77,2064.26
EDGE-LOT-01,W05,-13,8,1,10,2.5,1.82,2105.59
EDGE-LOT-01,W05,-13,9,1,10,2.36,1.72,2076.67
EDGE-LOT-01,W05,-13,10,1,10,2.62,1.82,2142.45
EDGE-LOT-01,W05,-13,11,1,10,2.92,1.81,2095.57
EDGE-LOT-01,W05,-13,12,1,10,3.44,1.7,2069.86
EDGE-LOT-01,W05,-13,13,1,10,4.53,1.63,2047.9
EDGE-LOT-01,W05,-13,14,1,10,4.92,1.67,2027.87
EDGE-LOT-01,W05,-12,-15,2,22,4.35,1.73,2037.42
EDGE-LOT-01,W05,-12,-14,1,10,3.12,1.65,2047.47
EDGE-LOT-01,W05,-12,-13,1,10,3.58,1.74,2062.4
EDGE-LOT-01,W05,-12,-12,1,10,2.08,1.75,2142.31
EDGE-LOT-01,W05,-12,-11,1,10,2.85,1.82,2122.93
EDGE-LOT-01,W05,-12,-10,1,10,2.62,1.74,2130.69
EDGE-LOT-01,W05,-12,-9,1,10,3.23,1.8,2086.81
EDGE-LOT-01,W05,-12,-8,1,10,2.21,1.8,2121.4
EDGE-LOT-01,W05,-12,-7,1,10,2.51,1.79,2099.44
EDGE-LOT-01,W05,-12,-6,1,10,2.2,1.84,2104.84
EDGE-LOT-01,W05,-12,-5,1,11,2.21,1.78,2120.43
EDGE-LOT-01,W05,-12,-4,1,10,2.53,1.75,2069.57
EDGE-LOT-01,W05,-12,-3,1,10,2.08,1.86,2157.97
EDGE-LOT-01,W05,-12,-2,1,11,2.55,1.8,2071.48
EDGE-LOT-01,W05,-12,-1,1,10,2.29,1.82,2114.47
EDGE-LOT-01,W05,-12,0,1,10,2.76,1.82,2093.4
EDGE-LOT-01,W05,-12,1,1,10,2.71,1.81,2115.37
EDGE-LOT-01,W05,-12,2,1,10,2.78,1.77,2063.85
EDGE-LOT-01,W05,-12,3,1,10,2.42,1.83,2122.29
EDGE-LOT-01,W05,-12,4,1,11,1.6,1.85,2152.73
EDGE-LOT-01,W05,-12,5,1,10,2.69,1.84,2105.55
EDGE-LOT-01,W05,-12,6,1,10,1.84,1.86,2103.15
EDGE-LOT-01,W05,-12,7,1,10,2.17,1.82,2091.41
EDGE-LOT-01,W05,-12,8,1,11,2.23,1.84,2109.04
EDGE-LOT-01,W05,-12,9,1,11,3.16,1.84,2102.67
EDGE-LOT-01,W05,-12,10,1,10,2.4,1.79,2055.73
EDGE-LOT-01,W05,-12,11,1,10,2.71,1.73,2061.91
EDGE-LOT-01,W05,-12,12,1,10,2.09,1.79,2091.27
EDGE-LOT-01,W05,-12,13,1,10,4.05,1.78,2091.73
EDGE-LOT-01,W05,-12,14,1,10,3.65,1.72,2062.26
EDGE-LOT-01,W05,-12,15,1,10,5.86,1.76,1973.45
EDGE-LOT-01,W05,-11,-15,1,10,4.13,1.79,2015.39
EDGE-LOT-01,W05,-11,-14,1,10,3.15,1.69,2014.97
EDGE-LOT-01,W05,-11,-13,1,10,2.7,1.77,2123.08
EDGE-LOT-01,W05,-11,-12,1,10,3.03,1.86,2075.08
EDGE-LOT-01,W05,-11,-11,1,10,2.31,1.83,2127.94
EDGE-LOT-01,W05,-11,-10,1,10,2.28,1.79,2100.61
EDGE-LOT-01,W05,-11,-9,1,10,2.21,1.87,2098.48
EDGE-LOT-01,W05,-11,-8,1,10,2.55,1.78,2072.65
EDGE-LOT-01,W05,-11,-7,1,10,2.29,1.76,2142.01
EDGE-LOT-01,W05,-11,-6,1,10,3,1.86,2041.9
EDGE-LOT-01,W05,-11,-5,1,11,1.85,1.81,2136.97
EDGE-LOT-01,W05,-11,-4,1,10,2.42,1.74,2125.63
EDGE-LOT-01,W05,-11,-3,1,10,3.17,1.85,2113.85
EDGE-LOT-01,W05,-11,-2,1,10,2.35,1.83,2059.14
EDGE-LOT-01,W05,-11,-1,1,10,2.36,1.87,2067.96
EDGE-LOT-01,W05,-11,0,1,10,2.01,1.82,2109.99
EDGE-LOT-01,W05,-11,1,1,10,2.59,1.82,2123.98
EDGE-LOT-01,W05,-11,2,1,10,2.56,1.8,2101.96
EDGE-LOT-01,W05,-11,3,1,10,2.17,1.77,2159.46
EDGE-LOT-01,W05,-11,4,1,10,2.29,1.75,2094.98
EDGE-LOT-01,W05,-11,5,1,10,2.67,1.83,2128.81
EDGE-LOT-01,W05,-11,6,1,10,2.61,1.72,2065.8
EDGE-LOT-01,W05,-11,7,1,10,2.65,1.81,2095.15
EDGE-LOT-01,W05,-11,8,1,10,3.34,1.85,2058.96
EDGE-LOT-01,W05,-11,9,1,10,2.82,1.78,2110.75
EDGE-LOT-01,W05,-11,10,1,10,1.84,1.8,2115.55
EDGE-LOT-01,W05,-11,11,1,10,2.13,1.78,2121.07
EDGE-LOT-01,W05,-11,12,1,10,2.37,1.83,2131.9
EDGE-LOT-01,W05,-11,13,1,10,2.8,1.8,2078.75
EDGE-LOT-01,W05,-11,14,1,10,3.14,1.75,2055.68
EDGE-LOT-01,W05,-11,15,1,10,4.43,1.75,2007.54
EDGE-LOT-01,W05,-10,-16,2,22,3.76,1.72,2026.18
EDGE-LOT-01,W05,-10,-15,1,10,4.27,1.67,1982.18
EDGE-LOT-01,W05,-10,-14,1,11,2.99,1.89,2097.54
EDGE-LOT-01,W05,-10,-13,1,10,3.34,1.8,2055.73
EDGE-LOT-01,W05,-10,-12,1,10,2.27,1.76,2115.58
EDGE-LOT-01,W05,-10,-11,1,10,2.6,1.78,2099.74
EDGE-LOT-01,W05,-10,-10,1,10,1.42,1.86,2111.01
EDGE-LOT-01,W05,-10,-9,1,10,1.61,1.83,2098.26
EDGE-LOT-01,W05,-10,-8,1,10,2.16,1.78,2135.53
EDGE-LOT-01,W05,-10,-7,1,10,2.45,1.74,2059.51
EDGE-LOT-01,W05,-10,-6,1,10,2.32,1.75,2097.52
EDGE-LOT-01,W05,-10,-5,1,10,2.58,1.83,2106.17
EDGE-LOT-01,W05,-10,-4,1,11,2.46,1.85,2069.21
EDGE-LOT-01,W05,-10,-3,1,10,2.58,1.8,2107.96
EDGE-LOT-01,W05,-10,-2,1,10,1.77,1.79,2111.17
EDGE-LOT-01,W05,-10,-1,1,10,1.95,1.86,2081.14
EDGE-LOT-01,W05,-10,0,1,11,2.88,1.76,2037.37
EDGE-LOT-01,W05,-10,1,1,10,2.28,1.79,2055.27
EDGE-LOT-01,W05,-10,2,1,10,2.26,1.83,2095.64
EDGE-LOT-01,W05,-10,3,1,10,2.62,1.78,2112.13
EDGE-LOT-01,W05,-10,4,1,10,2.37,1.76,2142.16
EDGE-LOT-01,W05,-10,5,1,10,2.69,1.8,2077.03
EDGE-LOT-01,W05,-10,6,1,10,2.56,1.85,2109.8
EDGE-LOT-01,W05,-10,7,1,10,2.84,1.79,2099.7
EDGE-LOT-01,W05,-10,8,1,10,2.44,1.8,2120.17
EDGE-LOT-01,W05,-10,9,1,10,2.62,1.84,2094.1
EDGE-LOT-01,W05,-10,10,1,10,2.59,1.8,2039.37
EDGE-LOT-01,W05,-10,11,1,10,2.7,1.73,2133.34
EDGE-LOT-01,W05,-10,12,1,10,1.57,1.77,2062.18
EDGE-LOT-01,W05,-10,13,1,10,2.17,1.74,2098.88
EDGE-LOT-01,W05,-10,14,1,10,2.76,1.85,2095.78
EDGE-LOT-01,W05,-10,15,1,10,3.64,1.77,2101.41
EDGE-LOT-01,W05,-10,16,1,10,3.87,1.68,2037.42
EDGE-LOT-01,W05,-9,-17,1,10,5.42,1.73,2057.66
EDGE-LOT-01,W05,-9,-16,1,10,4.56,1.75,2053.36
EDGE-LOT-01,W05,-9,-15,1,10,2.54,1.78,2101.66
EDGE-LOT-01,W05,-9,-14,1,10,3.35,1.79,2079.54
EDGE-LOT-01,W05,-9,-13,1,10,2.31,1.76,2104.07
EDGE-LOT-01,W05,-9,-12,1,11,3.02,1.8,2114.57
EDGE-LOT-01,W05,-9,-11,1,10,2.74,1.79,2184.86
EDGE-LOT-01,W05,-9,-10,1,10,2.46,1.82,2152.28
EDGE-LOT-01,W05,-9,-9,1,10,2.88,1.89,2106.49
EDGE-LOT-01,W05,-9,-8,1,10,2.93,1.75,2062.93
EDGE-LOT-01,W05,-9,-7,1,10,2.35,1.76,2053.16
EDGE-LOT-01,W05,-9,-6,1,10,2.36,1.8,2093.35
EDGE-LOT-01,W05,-9,-5,1,11,2.78,1.69,2114.22
EDGE-LOT-01,W05,-9,-4,1,10,2.53,1.83,2098.59
EDGE-LOT-01,W05,-9,-3,1,11,2.36,1.86,2128.91
EDGE-LOT-01,W05,-9,-2,1,10,2.25,1.84,2093.05
EDGE-LOT-01,W05,-9,-1,1,10,2.31,1.78,2112.25
EDGE-LOT-01,W05,-9,0,1,10,2.76,1.83,2150.82
EDGE-LOT-01,W05,-9,1,1,11,2.86,1.81,2103.4
EDGE-LOT-01,W05,-9,2,1,10,2.87,1.83,2027.16
EDGE-LOT-01,W05,-9,3,1,10,2.41,1.75,2068.58
EDGE-LOT-01,W05,-9,4,1,10,1.98,1.78,2114.53
EDGE-LOT-01,W05,-9,5,1,10,2.68,1.83,2099.13
EDGE-LOT-01,W05,-9,6,1,10,2,1.79,2054.58
EDGE-LOT-01,W05,-9,7,1,10,2.59,1.76,2107.32
EDGE-LOT-01,W05,-9,8,1,10,1.67,1.75,2113
EDGE-LOT-01,W05,-9,9,1,10,1.82,1.77,2025.45
EDGE-LOT-01,W05,-9,10,1,10,2.87,1.84,2088.68
EDGE-LOT-01,W05,-9,11,1,10,2.06,1.83,2145.07
EDGE-LOT-01,W05,-9,12,1,10,2.34,1.85,2105.81
EDGE-LOT-01,W05,-9,13,1,10,2.78,1.75,2130.57
EDGE-LOT-01,W05,-9,14,1,10,2.6,1.85,2131.5
EDGE-LOT-01,W05,-9,15,1,11,3.81,1.79,2083.61
EDGE-LOT-01,W05,-9,16,1,10,3.23,1.72,2058.3
EDGE-LOT-01,W05,-9,17,1,10,4.83,1.68,1945.5
EDGE-LOT-01,W05,-8,-17,1,10,4.81,1.69,2075.98
EDGE-LOT-01,W05,-8,-16,2,22,3.62,1.8,2066.42
EDGE-LOT-01,W05,-8,-15,1,11,2.55,1.8,2124.2
EDGE-LOT-01,W05,-8,-14,3,31,2,1.83,2073.16
EDGE-LOT-01,W05,-8,-13,1,10,2.37,1.8,2108.76
EDGE-LOT-01,W05,-8,-12,1,10,2.97,1.81,2100.75
EDGE-LOT-01,W05,-8,-11,1,10,2.47,1.84,2110.03
EDGE-LOT-01,W05,-8,-10,1,10,2.18,1.88,2092.24
EDGE-LOT-01,W05,-8,-9,1,10,2.9,1.82,2115.46
EDGE-LOT-01,W05,-8,-8,1,10,2.08,1.84,2068.66
EDGE-LOT-01,W05,-8,-7,1,10,2,1.82,2041.4
EDGE-LOT-01,W05,-8,-6,1,10,2.64,1.87,2093.96
EDGE-LOT-01,W05,-8,-5,1,10,2.49,1.77,2073.29
EDGE-LOT-01,W05,-8,-4,1,10,2.89,1.82,2136.84
EDGE-LOT-01,W05,-8,-3,1,10,1.91,1.79,2051.94
EDGE-LOT-01,W05,-8,-2,1,10,1.82,1.87,2079.7
EDGE-LOT-01,W05,-8,-1,1,10,2.98,1.84,2111.07
EDGE-LOT-01,W05,-8,0,1,10,2.68,1.75,2093.69
EDGE-LOT-01,W05,-8,1,1,10,2.21,1.84,2104.4
EDGE-LOT-01,W05,-8,2,1,10,2.41,1.79,2128.92
EDGE-LOT-01,W05,-8,3,1,10,2.11,1.83,2108.66
EDGE-LOT-01,W05,-8,4,1,11,2.14,1.81,2059.62
EDGE-LOT-01,W05,-8,5,1,10,1.78,1.83,2174.01
EDGE-LOT-01,W05,-8,6,1,10,2.3,1.81,2144.91
EDGE-LOT-01,W05,-8,7,1,10,2.34,1.83,2059.97
EDGE-LOT-01,W05,-8,8,1,11,1.76,1.8,2070.32
EDGE-LOT-01,W05,-8,9,1,10,2.49,1.77,2091.22
EDGE-LOT-01,W05,-8,10,1,10,1.85,1.82,2116.25
EDGE-LOT-01,W05,-8,11,1,11,2.8,1.81,2164.69
EDGE-LOT-01,W05,-8,12,1,10,1.94,1.76,2098.44
EDGE-LOT-01,W05,-8,13,1,10,2.07,1.77,2109.83
EDGE-LOT-01,W05,-8,14,1,10,3.3,1.82,2084.57
EDGE-LOT-01,W05,-8,15,1,10,3,1.85,2116.23
EDGE-LOT-01,W05,-8,16,1,10,3.38,1.72,2046.13
EDGE-LOT-01,W05,-8,17,1,10,4.56,1.69,2004.81
EDGE-LOT-01,W05,-7,-17,2,21,3.71,1.71,2070.19
EDGE-LOT-01,W05,-7,-16,1,10,2.23,1.8,2092.98
EDGE-LOT-01,W05,-7,-15,1,10,2.55,1.82,2087.45
EDGE-LOT-01,W05,-7,-14,1,10,1.41,1.79,2121.78
EDGE-LOT-01,W05,-7,-13,1,10,1.92,1.85,2072.48
EDGE-LOT-01,W05,-7,-12,1,10,2.27,1.81,2067.46
EDGE-LOT-01,W05,-7,-11,1,10,2.66,1.74,2087.32
EDGE-LOT-01,W05,-7,-10,1,10,1.59,1.8,2080.55
EDGE-LOT-01,W05,-7,-9,1,10,2.68,1.79,2128.12
EDGE-LOT-01,W05,-7,-8,1,11,2.84,1.76,2113.17
EDGE-LOT-01,W05,-7,-7,1,10,2.99,1.79,2099.96
EDGE-LOT-01,W05,-7,-6,1,10,2.26,1.75,2098
EDGE-LOT-01,W05,-7,-5,1,10,1.78,1.77,2130.32
EDGE-LOT-01,W05,-7,-4,1,10,2.48,1.83,2119.75
EDGE-LOT-01,W05,-7,-3,1,10,2.45,1.8,2091.67
EDGE-LOT-01,W05,-7,-2,1,10,2.5,1.71,2089.75
EDGE-LOT-01,W05,-7,-1,1,10,2.37,1.83,2104
EDGE-LOT-01,W05,-7,0,1,10,2.31,1.8,2079.49
EDGE-LOT-01,W05,-7,1,1,10,2.97,1.8,2144.43
EDGE-LOT-01,W05,-7,2,1,10,2.19,1.86,2087.23
EDGE-LOT-01,W05,-7,3,1,10,2.72,1.72,2132.28
EDGE-LOT-01,W05,-7,4,1,11,2.81,1.84,2054.36
EDGE-LOT-01,W05,-7,5,1,10,2.54,1.75,2082.9
EDGE-LOT-01,W05,-7,6,1,10,2.77,1.86,2111.63
EDGE-LOT-01,W05,-7,7,1,10,2.53,1.75,2112.1
EDGE-LOT-01,W05,-7,8,1,10,2.01,1.86,2155.1
EDGE-LOT-01,W05,-7,9,1,10,2.36,1.82,2132.06
EDGE-LOT-01,W05,-7,10,1,10,2.34,1.72,2102
EDGE-LOT-01,W05,-7,11,1,10,2.73,1.66,2081.33
EDGE-LOT-01,W05,-7,12,1,10,2.75,1.77,2120.4
EDGE-LOT-01,W05,-7,13,1,10,2.51,1.85,2078.77
EDGE-LOT-01,W05,-7,14,1,10,2.8,1.78,2076.64
EDGE-LOT-01,W05,-7,15,1,10,3.01,1.75,2069.65
EDGE-LOT-01,W05,-7,16,1,10,2.99,1.72,2073.86
EDGE-LOT-01,W05,-7,17,1,10,3.88,1.71,2003.36
EDGE-LOT-01,W05,-6,-18,1,10,4.42,1.72,1950.79
EDGE-LOT-01,W05,-6,-17,1,10,3.92,1.73,2052.47
EDGE-LOT-01,W05,-6,-16,1,10,2.85,1.81,2050.29
EDGE-LOT-01,W05,-6,-15,1,10,2.05,1.72,2089.72
EDGE-LOT-01,W05,-6,-14,1,10,2.71,1.79,2037.46
EDGE-LOT-01,W05,-6,-13,1,10,2.31,1.74,2079.82
EDGE-LOT-01,W05,-6,-12,1,10,2.48,1.86,2137.91
EDGE-LOT-01,W05,-6,-11,1,10,2.03,1.71,2069.07
EDGE-LOT-01,W05,-6,-10,1,10,2.43,1.79,2100.49
EDGE-LOT-01,W05,-6,-9,1,10,2.64,1.82,2055.16
EDGE-LOT-01,W05,-6,-8,1,10,2.18,1.85,2107.06
EDGE-LOT-01,W05,-6,-7,1,11,2.44,1.82,2086.48
EDGE-LOT-01,W05,-6,-6,1,10,2.16,1.79,2071.67
EDGE-LOT-01,W05,-6,-5,1,10,2.49,1.78,2116.58
EDGE-LOT-01,W05,-6,-4,1,10,1.84,1.84,2074.73
EDGE-LOT-01,W05,-6,-3,1,10,2.7,1.83,2103.94
EDGE-LOT-01,W05,-6,-2,1,11,2.99,1.81,2127.23
EDGE-LOT-01,W05,-6,-1,1,10,2.56,1.82,2065.38
EDGE-LOT-01,W05,-6,0,1,10,1.69,1.79,2062.27
EDGE-LOT-01,W05,-6,1,1,10,2.07,1.78,2084.49
EDGE-LOT-01,W05,-6,2,1,10,1.71,1.75,2101.75
EDGE-LOT-01,W05,-6,3,1,10,2.59,1.78,2094.87
EDGE-LOT-01,W05,-6,4,1,10,2.76,1.79,2090.81
EDGE-LOT-01,W05,-6,5,1,10,2.01,1.77,2111.67
EDGE-LOT-01,W05,-6,6,1,10,2.16,1.77,2096.01
EDGE-LOT-01,W05,-6,7,1,10,2.37,1.78,2127.24
EDGE-LOT-01,W05,-6,8,1,10,2.21,1.81,2110.66
EDGE-LOT-01,W05,-6,9,1,10,2.46,1.74,2110.05
EDGE-LOT-01,W05,-6,10,1,10,2.4,1.84,2106.1
EDGE-LOT-01,W05,-6,11,1,10,2.38,1.78,2124.25
EDGE-LOT-01,W05,-6,12,1,10,2.12,1.82,2090.72
EDGE-LOT-01,W05,-6,13,1,10,2.78,1.81,2097.9
EDGE-LOT-01,W05,-6,14,1,10,3.63,1.72,2102.34
EDGE-LOT-01,W05,-6,15,1,10,2.5,1.73,2074.72
EDGE-LOT-01,W05,-6,16,1,10,2.76,1.85,2137.75
EDGE-LOT-01,W05,-6,17,1,10,2.89,1.73,2049.24
EDGE-LOT-01,W05,-6,18,1,10,4.12,1.72,2008.8
EDGE-LOT-01,W05,-5,-18,2,22,5.09,1.71,2001.74
EDGE-LOT-01,W05,-5,-17,1,11,3.54,1.78,2034.61
EDGE-LOT-01,W05,-5,-16,1,10,2.59,1.86,2075.02
EDGE-LOT-01,W05,-5,-15,1,10,2.12,1.8,2152.22
EDGE-LOT-01,W05,-5,-14,1,10,2.1,1.82,2126.25
EDGE-LOT-01,W05,-5,-13,1,10,2.43,1.76,2155.85
EDGE-LOT-01,W05,-5,-12,1,10,2.91,1.79,2071.22
EDGE-LOT-01,W05,-5,-11,1,10,2.25,1.8,2135.42
EDGE-LOT-01,W05,-5,-10,1,10,2.33,1.75,2125.99
EDGE-LOT-01,W05,-5,-9,1,10,2.81,1.79,2052.49
EDGE-LOT-01,W05,-5,-8,1,10,2.7,1.78,2101.77
EDGE-LOT-01,W05,-5,-7,1,10,2.87,1.79,2068.97
EDGE-LOT-01,W05,-5,-6,1,10,2.17,1.78,2118.02
EDGE-LOT-01,W05,-5,-5,1,10,2.21,1.81,2148.25
EDGE-LOT-01,W05,-5,-4,1,10,1.88,1.78,2066.19
EDGE-LOT-01,W05,-5,-3,1,10,2.62,1.87,2049.95
EDGE-LOT-01,W05,-5,-2,1,10,2.67,1.82,2125.71
EDGE-LOT-01,W05,-5,-1,1,10,2.43,1.8,2066.07
EDGE-LOT-01,W05,-5,0,1,10,2.43,1.79,2085.65
EDGE-LOT-01,W05,-5,1,1,10,1.79,1.71,2148.83
EDGE-LOT-01,W05,-5,2,1,10,2.09,1.8,2108.83
EDGE-LOT-01,W05,-5,3,1,10,2.08,1.84,2030.86
EDGE-LOT-01,W05,-5,4,1,10,2.97,1.8,2102.2
EDGE-LOT-01,W05,-5,5,1,10,2.46,1.75,2078.04
EDGE-LOT-01,W05,-5,6,1,10,2.25,1.89,2044.84
EDGE-LOT-01,W05,-5,7,1,11,2.25,1.78,2074.99
EDGE-LOT-01,W05,-5,8,1,11,2.86,1.75,2060.02
EDGE-LOT-01,W05,-5,9,1,10,2.88,1.82,2126.76
EDGE-LOT-01,W05,-5,10,1,10,3.28,1.81,2094.08
EDGE-LOT-01,W05,-5,11,1,10,2.08,1.79,2120.63
EDGE-LOT-01,W05,-5,12,1,10,2.53,1.84,2130.53
EDGE-LOT-01,W05,-5,13,1,10,2.36,1.82,2101.51
EDGE-LOT-01,W05,-5,14,1,10,2.43,1.82,2042.17
EDGE-LOT-01,W05,-5,15,1,10,2.87,1.89,2089.45
EDGE-LOT-01,W05,-5,16,1,10,2.6,1.79,2074.34
EDGE-LOT-01,W05,-5,17,1,10,3.06,1.74,2067.58
EDGE-LOT-01,W05,-5,18,1,10,2.9,1.7,2033.11
EDGE-LOT-01,W05,-4,-18,1,10,3.22,1.76,2005.77
EDGE-LOT-01,W05,-4,-17,1,10,2.91,1.75,2088.83
EDGE-LOT-01,W05,-4,-16,1,10,2.34,1.75,2046.89
EDGE-LOT-01,W05,-4,-15,1,11,2.32,1.75,2123.46
EDGE-LOT-01,W05,-4,-14,1,10,2.83,1.75,2045.59
EDGE-LOT-01,W05,-4,-13,1,10,2.53,1.83,2082.96
EDGE-LOT-01,W05,-4,-12,1,10,2.62,1.82,2102.75
EDGE-LOT-01,W05,-4,-11,1,10,2.33,1.76,2113.09
EDGE-LOT-01,W05,-4,-10,1,10,2.58,1.77,2114.89
EDGE-LOT-01,W05,-4,-9,1,10,2.57,1.79,2064.85
EDGE-LOT-01,W05,-4,-8,1,10,2.86,1.75,2104.91
EDGE-LOT-01,W05,-4,-7,1,10,2.3,1.81,2120.18
EDGE-LOT-01,W05,-4,-6,1,11,2.47,1.8,2109.79
EDGE-LOT-01,W05,-4,-5,1,10,2.06,1.79,2074.63
EDGE-LOT-01,W05,-4,-4,1,10,2.33,1.84,2130.03
EDGE-LOT-01,W05,-4,-3,1,10,2.45,1.81,2099.55
EDGE-LOT-01,W05,-4,-2,1,10,2.42,1.78,2072.68
EDGE-LOT-01,W05,-4,-1,1,10,2.46,1.83,2124.17
EDGE-LOT-01,W05,-4,0,1,10,2.4,1.79,2137.81
EDGE-LOT-01,W05,-4,1,1,10,2.51,1.75,2075.14
EDGE-LOT-01,W05,-4,2,1,10,2.7,1.82,2136.3
EDGE-LOT-01,W05,-4,3,1,10,2.07,1.75,2107.86
EDGE-LOT-01,W05,-4,4,1,10,3.13,1.86,2072.74
EDGE-LOT-01,W05,-4,5,1,10,2.8,1.77,2121.59
EDGE-LOT-01,W05,-4,6,1,10,2.91,1.8,2072.83
EDGE-LOT-01,W05,-4,7,1,10,2.78,1.82,2033.4
EDGE-LOT-01,W05,-4,8,1,11,2.55,1.85,2095.78
EDGE-LOT-01,W05,-4,9,1,10,2.95,1.7,2086.41
EDGE-LOT-01,W05,-4,10,1,10,2.93,1.82,2064.28
EDGE-LOT-01,W05,-4,11,1,10,2.6,1.8,2097.23
EDGE-LOT-01,W05,-4,12,1,10,2.3,1.86,2126.52
EDGE-LOT-01,W05,-4,13,1,10,2.21,1.76,2116.94
EDGE-LOT-01,W05,-4,14,1,10,3.13,1.85,2067.7
EDGE-LOT-01,W05,-4,15,1,10,3.21,1.75,2051.8
EDGE-LOT-01,W05,-4,16,1,10,2.7,1.81,2123.65
EDGE-LOT-01,W05,-4,17,1,10,2.77,1.88,2063.72
EDGE-LOT-01,W05,-4,18,1,11,3.2,1.68,2009.4
EDGE-LOT-01,W05,-3,-19,2,21,3.07,1.73,1999.86
EDGE-LOT-01,W05,-3,-18,1,10,3.5,1.82,2050.26
EDGE-LOT-01,W05,-3,-17,1,10,2.47,1.78,2111.02
EDGE-LOT-01,W05,-3,-16,1,10,3.55,1.82,2081.34
EDGE-LOT-01,W05,-3,-15,1,10,2.24,1.75,2124.48
EDGE-LOT-01,W05,-3,-14,1,10,1.6,1.77,2090.67
EDGE-LOT-01,W05,-3,-13,1,10,1.58,1.75,2118.05
EDGE-LOT-01,W05,-3,-12,1,10,3.18,1.85,2092.26
EDGE-LOT-01,W05,-3,-11,1,10,2.34,1.85,2054.94
EDGE-LOT-01,W05,-3,-10,1,11,2.29,1.76,2053.05
EDGE-LOT-01,W05,-3,-9,1,10,2.44,1.81,2124.69
EDGE-LOT-01,W05,-3,-8,1,10,2.33,1.79,2100.52
EDGE-LOT-01,W05,-3,-7,1,10,1.8,1.81,2062.2
EDGE-LOT-01,W05,-3,-6,1,11,3,1.72,2143.84
EDGE-LOT-01,W05,-3,-5,1,10,2.14,1.79,2114.7
EDGE-LOT-01,W05,-3,-4,1,10,2.04,1.8,2071.44
EDGE-LOT-01,W05,-3,-3,1,10,2.04,1.78,2140.15
EDGE-LOT-01,W05,-3,-2,1,10,2.23,1.77,2113.68
EDGE-LOT-01,W05,-3,-1,1,10,2.88,1.79,2105.08
EDGE-LOT-01,W05,-3,0,1,10,2.95,1.76,2072.68
EDGE-LOT-01,W05,-3,1,1,10,2.71,1.79,2078.97
EDGE-LOT-01,W05,-3,2,1,10,2.37,1.81,2132.98
EDGE-LOT-01,W05,-3,3,1,10,2.36,1.78,2107.1
EDGE-LOT-01,W05,-3,4,1,10,2.12,1.78,2109.28
EDGE-LOT-01,W05,-3,5,1,11,2.39,1.81,2055.36
EDGE-LOT-01,W05,-3,6,1,10,2.46,1.82,2041.74
EDGE-LOT-01,W05,-3,7,1,10,2.45,1.82,2119.43
EDGE-LOT-01,W05,-3,8,1,10,2.65,1.85,2087.13
EDGE-LOT-01,W05,-3,9,1,11,2.64,1.67,2058.17
EDGE-LOT-01,W05,-3,10,1,10,2.63,1.76,2127.03
EDGE-LOT-01,W05,-3,11,1,10,2.6,1.87,2107.28
EDGE-LOT-01,W05,-3,12,1,10,2.67,1.8,2103
EDGE-LOT-01,W05,-3,13,1,10,2.35,1.78,2121.1
EDGE-LOT-01,W05,-3,14,1,10,2.88,1.85,2122.29
EDGE-LOT-01,W05,-3,15,1,10,2.05,1.76,2133.07
EDGE-LOT-01,W05,-3,16,1,10,2.7,1.8,2143.96
EDGE-LOT-01,W05,-3,17,1,10,2.74,1.79,2102.92
EDGE-LOT-01,W05,-3,18,1,10,2.99,1.74,2078.14
EDGE-LOT-01,W05,-3,19,1,10,5.75,1.66,2036.83
EDGE-LOT-01,W05,-2,-19,1,10,4.7,1.72,1979.12
EDGE-LOT-01,W05,-2,-18,3,31,3.56,1.73,2030.15
EDGE-LOT-01,W05,-2,-17,1,10,2.07,1.83,2045.36
EDGE-LOT-01,W05,-2,-16,1,10,2.45,1.8,2135.49
EDGE-LOT-01,W05,-2,-15,1,10,1.79,1.78,2062.22
EDGE-LOT-01,W05,-2,-14,1,10,1.74,1.86,2109.87
EDGE-LOT-01,W05,-2,-13,1,10,2.38,1.79,2027.56
EDGE-LOT-01,W05,-2,-12,1,10,3.13,1.85,2135.89
EDGE-LOT-01,W05,-2,-11,1,10,2.39,1.77,2150.27
EDGE-LOT-01,W05,-2,-10,1,10,3.16,1.75,2091.58
EDGE-LOT-01,W05,-2,-9,1,10,2.4,1.72,2082.5
EDGE-LOT-01,W05,-2,-8,1,10,2.17,1.77,2054.39
EDGE-LOT-01,W05,-2,-7,1,10,2.6,1.79,2047.83
EDGE-LOT-01,W05,-2,-6,1,10,2.28,1.87,2125.74
EDGE-LOT-01,W05,-2,-5,1,10,2.48,1.8,2099.19
EDGE-LOT-01,W05,-2,-4,1,10,2.77,1.83,2084.81
EDGE-LOT-01,W05,-2,-3,1,10,2.92,1.86,2074.73
EDGE-LOT-01,W05,-2,-2,1,10,2.76,1.77,2116.07
EDGE-LOT-01,W05,-2,-1,1,10,2.58,1.8,2137.78
EDGE-LOT-01,W05,-2,0,1,11,2.4,1.81,2084.04
EDGE-LOT-01,W05,-2,1,1,10,3.34,1.9,2176.37
EDGE-LOT-01,W05,-2,2,1,10,2.14,1.82,2109.27
EDGE-LOT-01,W05,-2,3,1,10,2.69,1.78,2105.17
EDGE-LOT-01,W05,-2,4,1,10,2.51,1.81,2102.93
EDGE-LOT-01,W05,-2,5,1,10,2.28,1.74,2109.61
EDGE-LOT-01,W05,-2,6,1,10,2.07,1.74,2102.75
EDGE-LOT-01,W05,-2,7,1,10,2.88,1.81,2147.32
EDGE-LOT-01,W05,-2,8,1,10,1.87,1.78,2070.93
EDGE-LOT-01,W05,-2,9,1,10,2.25,1.74,2134.58
EDGE-LOT-01,W05,-2,10,1,10,2.19,1.78,2095.83
EDGE-LOT-01,W05,-2,11,1,10,2.3,1.8,2078.03
EDGE-LOT-01,W05,-2,12,1,10,1.88,1.8,2116.95
EDGE-LOT-01,W05,-2,13,1,10,2.84,1.8,2110.58
EDGE-LOT-01,W05,-2,14,1,11,2.72,1.79,2103.94
EDGE-LOT-01,W05,-2,15,1,10,2.38,1.74,2058.42
EDGE-LOT-01,W05,-2,16,1,10,2.31,1.73,2098.82
EDGE-LOT-01,W05,-2,17,1,10,2.61,1.79,2113.26
EDGE-LOT-01,W05,-2,18,1,10,3.39,1.76,2085.05
EDGE-LOT-01,W05,-2,19,1,10,4.47,1.68,1992.03
EDGE-LOT-01,W05,-1,-19,3,31,5.24,1.66,1947.8
EDGE-LOT-01,W05,-1,-18,2,22,3.15,1.68,2031.4
EDGE-LOT-01,W05,-1,-17,1,10,2.44,1.85,2096.55
EDGE-LOT-01,W05,-1,-16,1,10,3.44,1.73,2082.83
EDGE-LOT-01,W05,-1,-15,1,11,2.06,1.83,2162.62
EDGE-LOT-01,W05,-1,-14,1,10,2.66,1.78,2144.62
EDGE-LOT-01,W05,-1,-13,1,10,2.69,1.79,2119
EDGE-LOT-01,W05,-1,-12,1,10,2.11,1.7,2095.75
EDGE-LOT-01,W05,-1,-11,1,10,2.86,1.81,2153.02
EDGE-LOT-01,W05,-1,-10,1,10,3.16,1.74,2071.69
EDGE-LOT-01,W05,-1,-9,1,10,3.36,1.77,2100.68
EDGE-LOT-01,W05,-1,-8,1,10,2.66,1.82,2139.04
EDGE-LOT-01,W05,-1,-7,1,10,2.55,1.8,2067.98
EDGE-LOT-01,W05,-1,-6,1,10,2.7,1.82,2157.48
EDGE-LOT-01,W05,-1,-5,1,10,3.16,1.82,2068.71
EDGE-LOT-01,W05,-1,-4,1,11,2.85,1.87,2087.08
EDGE-LOT-01,W05,-1,-3,1,11,3.05,1.82,2100.68
EDGE-LOT-01,W05,-1,-2,1,10,3.17,1.81,2126.99
EDGE-LOT-01,W05,-1,-1,1,10,2.01,1.82,2096.23
EDGE-LOT-01,W05,-1,0,1,10,2.56,1.75,2113.28
EDGE-LOT-01,W05,-1,1,1,10,2.76,1.84,2169.15
EDGE-LOT-01,W05,-1,2,1,10,2.64,1.76,2147.21
EDGE-LOT-01,W05,-1,3,1,10,2.23,1.85,2120.96
EDGE-LOT-01,W05,-1,4,1,10,3.01,1.83,2051.51
EDGE-LOT-01,W05,-1,5,1,10,1.44,1.82,2089.53
EDGE-LOT-01,W05,-1,6,1,11,2.61,1.87,2095.41
EDGE-LOT-01,W05,-1,7,1,10,2.02,1.87,2110.48
EDGE-LOT-01,W05,-1,8,1,11,1.9,1.88,2152.77
EDGE-LOT-01,W05,-1,9,1,10,2.8,1.75,2111.35
EDGE-LOT-01,W05,-1,10,1,10,2.41,1.83,2117.79
EDGE-LOT-01,W05,-1,11,1,10,2.63,1.78,2121.87
EDGE-LOT-01,W05,-1,12,1,10,1.97,1.75,2114.08
EDGE-LOT-01,W05,-1,13,1,10,2.69,1.79,2058.4
EDGE-LOT-01,W05,-1,14,1,10,2.16,1.86,2112.4
EDGE-LOT-01,W05,-1,15,1,10,2.05,1.8,2080.4
EDGE-LOT-01,W05,-1,16,1,10,2.16,1.74,2117.01
EDGE-LOT-01,W05,-1,17,1,10,2.22,1.79,2178.91
EDGE-LOT-01,W05,-1,18,1,10,3.44,1.76,2018.03
EDGE-LOT-01,W05,-1,19,3,31,4.72,1.73,2049.37
EDGE-LOT-01,W05,0,-19,2,21,3.69,1.73,2010.69
EDGE-LOT-01,W05,0,-18,3,31,2.56,1.79,2078.61
EDGE-LOT-01,W05,0,-17,1,10,3.08,1.74,2135.52
EDGE-LOT-01,W05,0,-16,1,10,1.75,1.82,2105.17
EDGE-LOT-01,W05,0,-15,1,10,2.07,1.84,2127.19
EDGE-LOT-01,W05,0,-14,1,10,1.97,1.81,2100.23
EDGE-LOT-01,W05,0,-13,1,11,2.38,1.8,2077.06
EDGE-LOT-01,W05,0,-12,1,10,2.2,1.8,2122.16
EDGE-LOT-01,W05,0,-11,1,10,1.91,1.75,2114.95
EDGE-LOT-01,W05,0,-10,1,10,2.07,1.83,2148.37
EDGE-LOT-01,W05,0,-9,1,10,2.9,1.71,2085.44
EDGE-LOT-01,W05,0,-8,1,10,2.44,1.82,2116.01
EDGE-LOT-01,W05,0,-7,1,11,2.26,1.82,2086.68
EDGE-LOT-01,W05,0,-6,1,10,2.61,1.73,2067.57
EDGE-LOT-01,W05,0,-5,1,10,2.01,1.8,2082.05
EDGE-LOT-01,W05,0,-4,1,10,2.91,1.73,2116.19
EDGE-LOT-01,W05,0,-3,1,10,2.26,1.73,2128.32
EDGE-LOT-01,W05,0,-2,1,10,2.14,1.75,2127.72
EDGE-LOT-01,W05,0,-1,1,10,3.02,1.82,2064.55
EDGE-LOT-01,W05,0,0,1,10,3.03,1.77,2102.69
EDGE-LOT-01,W05,0,1,1,10,1.77,1.77,2091.98
EDGE-LOT-01,W05,0,2,1,10,2.03,1.86,2125.61
EDGE-LOT-01,W05,0,3,1,10,2.2,1.87,2110.05
EDGE-LOT-01,W05,0,4,1,11,2.93,1.76,2156.7
EDGE-LOT-01,W05,0,5,1,10,2.12,1.73,2096.87
EDGE-LOT-01,W05,0,6,1,10,2.18,1.8,2068.9
EDGE-LOT-01,W05,0,7,1,10,2.27,1.76,2100.51
EDGE-LOT-01,W05,0,8,1,10,2.77,1.81,2095.65
EDGE-LOT-01,W05,0,9,1,10,2.27,1.81,2116.17
EDGE-LOT-01,W05,0,10,1,10,2.48,1.85,2100.69
EDGE-LOT-01,W05,0,11,1,10,2.1,1.75,2138.86
EDGE-LOT-01,W05,0,12,1,10,2.88,1.87,2110.32
EDGE-LOT-01,W05,0,13,1,10,1.79,1.8,2106.43
EDGE-LOT-01,W05,0,14,1,10,2.53,1.87,2055.8
EDGE-LOT-01,W05,0,15,1,10,2.24,1.87,2081.51
EDGE-LOT-01,W05,0,16,1,10,2.48,1.78,2127.26
EDGE-LOT-01,W05,0,17,1,10,2.58,1.74,2102.73
EDGE-LOT-01,W05,0,18,3,31,2.85,1.79,2064.04
EDGE-LOT-01,W05,0,19,1,10,5.13,1.68,1989.79
EDGE-LOT-01,W05,1,-19,1,10,4.72,1.73,2056.87
EDGE-LOT-01,W05,1,-18,1,11,3.7,1.77,2074.23
EDGE-LOT-01,W05,1,-17,1,10,2.93,1.68,2090.03
EDGE-LOT-01,W05,1,-16,1,10,3.64,1.79,2138.89
EDGE-LOT-01,W05,1,-15,1,10,2.29,1.81,2084.2
EDGE-LOT-01,W05,1,-14,1,11,3.04,1.84,2120.43
EDGE-LOT-01,W05,1,-13,1,10,2.11,1.82,2106.86
EDGE-LOT-01,W05,1,-12,1,10,2.18,1.82,2085.04
EDGE-LOT-01,W05,1,-11,1,10,2.98,1.8,2114.92
EDGE-LOT-01,W05,1,-10,1,10,2,1.84,2144.46
EDGE-LOT-01,W05,1,-9,1,10,2.49,1.85,2104.83
EDGE-LOT-01,W05,1,-8,1,10,1.88,1.74,2038.75
EDGE-LOT-01,W05,1,-7,1,10,2.4,1.8,2043.36
EDGE-LOT-01,W05,1,-6,1,10,2.99,1.79,2065.35
EDGE-LOT-01,W05,1,-5,1,10,3.13,1.85,2073.88
EDGE-LOT-01,W05,1,-4,1,10,2.7,1.7,2143.9
EDGE-LOT-01,W05,1,-3,1,10,1.98,1.86,2151.38
EDGE-LOT-01,W05,1,-2,1,10,2.31,1.78,2154.47
EDGE-LOT-01,W05,1,-1,1,10,2.54,1.82,2110.06
EDGE-LOT-01,W05,1,0,1,10,2.52,1.8,2121.42
EDGE-LOT-01,W05,1,1,1,10,2.7,1.72,2095.83
EDGE-LOT-01,W05,1,2,1,10,2.22,1.76,2086.27
EDGE-LOT-01,W05,1,3,1,10,2.66,1.82,2059.21
EDGE-LOT-01,W05,1,4,1,10,2.34,1.81,2054.38
EDGE-LOT-01,W05,1,5,1,10,2.48,1.85,2124.26
EDGE-LOT-01,W05,1,6,1,10,1.77,1.85,2088.47
EDGE-LOT-01,W05,1,7,1,10,3.04,1.77,2064.57
EDGE-LOT-01,W05,1,8,1,10,2.94,1.76,2088.36
EDGE-LOT-01,W05,1,9,1,10,1.98,1.69,2110.84
EDGE-LOT-01,W05,1,10,1,10,2.42,1.9,2092.22
EDGE-LOT-01,W05,1,11,1,10,2.35,1.79,2144.71
EDGE-LOT-01,W05,1,12,1,10,2.55,1.85,2034.81
EDGE-LOT-01,W05,1,13,1,10,3.47,1.8,2128.15
EDGE-LOT-01,W05,1,14,1,10,2.9,1.71,2114.72
EDGE-LOT-01,W05,1,15,1,10,2.69,1.81,2144.17
EDGE-LOT-01,W05,1,16,1,10,2.68,1.71,2113.63
EDGE-LOT-01,W05,1,17,1,10,2.39,1.77,2098.1
EDGE-LOT-01,W05,1,18,2,22,4.06,1.74,2124.25
EDGE-LOT-01,W05,1,19,2,21,4.68,1.71,1996.72
EDGE-LOT-01,W05,2,-19,2,22,4.3,1.71,1942.61
EDGE-LOT-01,W05,2,-18,1,10,4.26,1.74,2001.12
EDGE-LOT-01,W05,2,-17,1,10,2.92,1.85,2127.14
EDGE-LOT-01,W05,2,-16,1,10,2.77,1.85,2111.72
EDGE-LOT-01,W05,2,-15,1,10,2.46,1.89,2098.58
EDGE-LOT-01,W05,2,-14,1,10,1.96,1.78,2091
EDGE-LOT-01,W05,2,-13,1,10,1.9,1.82,2103.56
EDGE-LOT-01,W05,2,-12,1,10,2.41,1.81,2078.91
EDGE-LOT-01,W05,2,-11,1,10,2.22,1.79,2152.33
EDGE-LOT-01,W05,2,-10,1,10,2.75,1.8,2049
EDGE-LOT-01,W05,2,-9,1,10,2.43,1.81,2135.86
EDGE-LOT-01,W05,2,-8,1,10,2.55,1.78,2090.17
EDGE-LOT-01,W05,2,-7,1,10,2.44,1.85,2071.79
EDGE-LOT-01,W05,2,-6,1,10,2.94,1.79,2125.09
EDGE-LOT-01,W05,2,-5,1,10,2.69,1.81,2067.7
EDGE-LOT-01,W05,2,-4,1,10,2.55,1.86,2110.08
EDGE-LOT-01,W05,2,-3,1,10,1.9,1.81,2127.01
EDGE-LOT-01,W05,2,-2,1,10,1.69,1.8,2053.76
EDGE-LOT-01,W05,2,-1,1,10,1.96,1.78,2066.33
EDGE-LOT-01,W05,2,0,1,10,3.06,1.76,2049.05
EDGE-LOT-01,W05,2,1,1,10,2.02,1.76,2039.97
EDGE-LOT-01,W05,2,2,1,10,3.04,1.72,2069.58
EDGE-LOT-01,W05,2,3,1,11,2.52,1.8,2137.82
EDGE-LOT-01,W05,2,4,1,10,1.41,1.8,2070.64
EDGE-LOT-01,W05,2,5,1,10,2.02,1.81,2101.42
EDGE-LOT-01,W05,2,6,1,10,2.59,1.81,2156.45
EDGE-LOT-01,W05,2,7,1,11,2.57,1.84,2075.75
EDGE-LOT-01,W05,2,8,1,10,2.63,1.82,2154.68
EDGE-LOT-01,W05,2,9,1,10,2.46,1.79,2158.14
EDGE-LOT-01,W05,2,10,1,10,1.98,1.77,2104.01
EDGE-LOT-01,W05,2,11,1,10,2.8,1.83,2114.6
EDGE-LOT-01,W05,2,12,1,10,2.64,1.75,2066.36
EDGE-LOT-01,W05,2,13,1,10,2.52,1.74,2067.98
EDGE-LOT-01,W05,2,14,1,10,3.3,1.83,2076.41
EDGE-LOT-01,W05,2,15,1,10,2.4,1.77,2093.38
EDGE-LOT-01,W05,2,16,1,10,2.1,1.79,2093.18
EDGE-LOT-01,W05,2,17,1,10,2.68,1.81,2178.64
EDGE-LOT-01,W05,2,18,3,31,3.56,1.8,2035.52
EDGE-LOT-01,W05,2,19,1,10,5.29,1.73,1939.23
EDGE-LOT-01,W05,3,-19,2,22,6.06,1.72,2014.25
EDGE-LOT-01,W05,3,-18,1,10,3.66,1.74,2034.28
EDGE-LOT-01,W05,3,-17,1,10,2.45,1.79,2101.94
EDGE-LOT-01,W05,3,-16,1,10,2.48,1.86,2131.17
EDGE-LOT-01,W05,3,-15,1,10,2.32,1.84,2059.16
EDGE-LOT-01,W05,3,-14,1,10,2.32,1.78,2085.81
EDGE-LOT-01,W05,3,-13,1,10,2.2,1.82,2077.79
EDGE-LOT-01,W05,3,-12,1,10,2.07,1.79,2080.29
EDGE-LOT-01,W05,3,-11,1,10,2.15,1.8,2098.4
EDGE-LOT-01,W05,3,-10,1,10,2.68,1.8,2082.67
EDGE-LOT-01,W05,3,-9,1,10,2.57,1.77,2085.46
EDGE-LOT-01,W05,3,-8,1,10,2.66,1.79,2116.16
EDGE-LOT-01,W05,3,-7,1,10,2.19,1.85,2106.79
EDGE-LOT-01,W05,3,-6,1,10,2.21,1.83,2070.46
EDGE-LOT-01,W05,3,-5,1,11,2.09,1.72,2069.05
EDGE-LOT-01,W05,3,-4,1,10,1.97,1.78,2058.82
EDGE-LOT-01,W05,3,-3,1,10,2.51,1.84,2132.27
EDGE-LOT-01,W05,3,-2,1,10,2.21,1.81,2052.08
EDGE-LOT-01,W05,3,-1,1,10,2.75,1.78,2087.2
EDGE-LOT-01,W05,3,0,1,10,2.59,1.82,2086.28
EDGE-LOT-01,W05,3,1,1,10,2.29,1.76,2130.7
EDGE-LOT-01,W05,3,2,1,10,2.49,1.78,2145.12
EDGE-LOT-01,W05,3,3,1,10,2.27,1.78,2128.21
EDGE-LOT-01,W05,3,4,1,10,2.46,1.83,2127.49
EDGE-LOT-01,W05,3,5,1,10,3.17,1.79,2073.02
EDGE-LOT-01,W05,3,6,1,10,1.94,1.84,2087.03
EDGE-LOT-01,W05,3,7,1,10,2.28,1.8,2087.84
EDGE-LOT-01,W05,3,8,1,10,2.63,1.77,2102.73
EDGE-LOT-01,W05,3,9,1,10,2.72,1.76,2129.28
EDGE-LOT-01,W05,3,10,1,10,2.66,1.85,2118
EDGE-LOT-01,W05,3,11,1,10,2.25,1.8,2110
EDGE-LOT-01,W05,3,12,1,10,2.73,1.77,2092.94
EDGE-LOT-01,W05,3,13,1,10,1.69,1.85,2108.14
EDGE-LOT-01,W05,3,14,1,10,2.58,1.86,2121.65
EDGE-LOT-01,W05,3,15,1,10,2.41,1.79,2124.59
EDGE-LOT-01,W05,3,16,1,10,2.71,1.85,2031.12
EDGE-LOT-01,W05,3,17,1,10,2.01,1.81,2082.5
EDGE-LOT-01,W05,3,18,1,10,4.19,1.73,2059.02
EDGE-LOT-01,W05,3,19,3,31,4.83,1.72,2035.64
EDGE-LOT-01,W05,4,-18,1,11,4.26,1.77,2017.72
EDGE-LOT-01,W05,4,-17,1,10,2.75,1.78,2110.3
EDGE-LOT-01,W05,4,-16,1,11,1.71,1.83,2099.51
EDGE-LOT-01,W05,4,-15,1,10,2.58,1.8,2117.54
EDGE-LOT-01,W05,4,-14,1,10,2.24,1.84,2052.27
EDGE-LOT-01,W05,4,-13,1,10,2.66,1.82,2077.07
EDGE-LOT-01,W05,4,-12,1,10,2.75,1.84,2142.18
EDGE-LOT-01,W05,4,-11,1,10,2.49,1.8,2045.13
EDGE-LOT-01,W05,4,-10,1,10,2.65,1.89,2123.94
EDGE-LOT-01,W05,4,-9,1,10,2.61,1.86,2104.85
EDGE-LOT-01,W05,4,-8,1,10,2.98,1.79,2113.38
EDGE-LOT-01,W05,4,-7,1,10,2.92,1.81,2116.38
EDGE-LOT-01,W05,4,-6,1,11,2.43,1.8,2073.15
EDGE-LOT-01,W05,4,-5,1,10,2.94,1.75,2064.72
EDGE-LOT-01,W05,4,-4,1,10,2.94,1.77,2125.51
EDGE-LOT-01,W05,4,-3,1,10,2.91,1.77,2089.06
EDGE-LOT-01,W05,4,-2,1,10,2.77,1.78,2117.58
EDGE-LOT-01,W05,4,-1,1,10,2.43,1.78,2151.21
EDGE-LOT-01,W05,4,0,1,11,2.02,1.81,2122.92
EDGE-LOT-01,W05,4,1,1,11,2.91,1.93,2106.39
EDGE-LOT-01,W05,4,2,1,10,2,1.84,2089.18
EDGE-LOT-01,W05,4,3,1,10,2.62,1.8,2088.54
EDGE-LOT-01,W05,4,4,1,10,2.34,1.79,2096.67
EDGE-LOT-01,W05,4,5,1,10,2.21,1.79,2057.61
EDGE-LOT-01,W05,4,6,1,10,2.93,1.78,2103.68
EDGE-LOT-01,W05,4,7,1,10,2.51,1.78,2123.63
EDGE-LOT-01,W05,4,8,1,10,2.76,1.78,2125.5
EDGE-LOT-01,W05,4,9,1,10,1.93,1.84,2109.59
EDGE-LOT-01,W05,4,10,1,10,3.2,1.78,2079.29
EDGE-LOT-01,W05,4,11,1,10,2.35,1.85,2086.68
EDGE-LOT-01,W05,4,12,1,10,3.08,1.79,2048.07
EDGE-LOT-01,W05,4,13,1,10,2.51,1.78,2109.16
EDGE-LOT-01,W05,4,14,1,10,2.35,1.85,2078.16
EDGE-LOT-01,W05,4,15,1,10,2.4,1.75,2159.57
EDGE-LOT-01,W05,4,16,1,10,2.53,1.79,2121.59
EDGE-LOT-01,W05,4,17,1,10,2.9,1.77,2101.86
EDGE-LOT-01,W05,4,18,3,31,4.1,1.78,2012.67
EDGE-LOT-01,W05,5,-18,1,10,4.6,1.7,2044.81
EDGE-LOT-01,W05,5,-17,1,10,2.49,1.77,2077.46
EDGE-LOT-01,W05,5,-16,1,10,2.29,1.76,2091.85
EDGE-LOT-01,W05,5,-15,1,10,2,1.82,2063.03
EDGE-LOT-01,W05,5,-14,1,10,2.23,1.84,2084.62
EDGE-LOT-01,W05,5,-13,1,10,2.19,1.81,2105.27
EDGE-LOT-01,W05,5,-12,1,10,2.29,1.77,2124.66
EDGE-LOT-01,W05,5,-11,1,10,2.32,1.8,2070.17
EDGE-LOT-01,W05,5,-10,1,10,2.31,1.71,2077.61
EDGE-LOT-01,W05,5,-9,1,10,2.17,1.81,2159.15
EDGE-LOT-01,W05,5,-8,1,10,1.8,1.74,2061.25
EDGE-LOT-01,W05,5,-7,1,10,2.65,1.71,2151.23
EDGE-LOT-01,W05,5,-6,1,10,2.53,1.79,2103.28
EDGE-LOT-01,W05,5,-5,1,10,2.34,1.83,2111.94
EDGE-LOT-01,W05,5,-4,1,10,2.32,1.83,2099.36
EDGE-LOT-01,W05,5,-3,1,10,2.57,1.86,2044.81
EDGE-LOT-01,W05,5,-2,1,10,3.09,1.76,2113.9
EDGE-LOT-01,W05,5,-1,1,10,2.63,1.76,2107.7
EDGE-LOT-01,W05,5,0,1,11,2.31,1.77,2104.41
EDGE-LOT-01,W05,5,1,1,10,3.05,1.82,2136.01
EDGE-LOT-01,W05,5,2,1,11,3.21,1.82,2099.8
EDGE-LOT-01,W05,5,3,1,10,2.24,1.8,2130.02
EDGE-LOT-01,W05,5,4,1,10,2.05,1.83,2113.5
EDGE-LOT-01,W05,5,5,1,10,2.51,1.83,2074.98
EDGE-LOT-01,W05,5,6,1,11,1.69,1.74,2082.61
EDGE-LOT-01,W05,5,7,1,10,1.66,1.81,2140.71
EDGE-LOT-01,W05,5,8,1,10,3.34,1.8,2091.42
EDGE-LOT-01,W05,5,9,1,10,2.31,1.81,2155.9
EDGE-LOT-01,W05,5,10,1,11,2.75,1.76,2133.5
EDGE-LOT-01,W05,5,11,1,10,3.12,1.76,2123.78
EDGE-LOT-01,W05,5,12,1,10,2.48,1.79,2115.41
EDGE-LOT-01,W05,5,13,1,10,2.29,1.78,2156.21
EDGE-LOT-01,W05,5,14,1,10,2.61,1.82,2035.05
EDGE-LOT-01,W05,5,15,1,10,1.95,1.83,2032.8
EDGE-LOT-01,W05,5,16,1,10,2.51,1.73,2093.22
EDGE-LOT-01,W05,5,17,1,11,3.42,1.74,2104.66
EDGE-LOT-01,W05,5,18,3,31,5.14,1.69,1998.06
EDGE-LOT-01,W05,6,-18,1,10,4.65,1.71,2003.65
EDGE-LOT-01,W05,6,-17,2,22,3.56,1.72,2051.36
EDGE-LOT-01,W05,6,-16,1,10,3.43,1.78,2087.77
EDGE-LOT-01,W05,6,-15,1,10,2.62,1.76,2082.67
EDGE-LOT-01,W05,6,-14,1,10,2.01,1.74,2054.46
EDGE-LOT-01,W05,6,-13,1,10,2.31,1.82,2117.67
EDGE-LOT-01,W05,6,-12,1,10,2.79,1.73,2099.34
EDGE-LOT-01,W05,6,-11,1,10,2.43,1.83,2087.95
EDGE-LOT-01,W05,6,-10,1,10,2.02,1.85,2091.76
EDGE-LOT-01,W05,6,-9,1,10,2.76,1.82,2122.15
EDGE-LOT-01,W05,6,-8,1,10,2.36,1.77,2149.19
EDGE-LOT-01,W05,6,-7,1,10,1.96,1.87,2061.09
EDGE-LOT-01,W05,6,-6,1,10,1.9,1.82,2095.02
EDGE-LOT-01,W05,6,-5,1,11,2.7,1.81,2099.62
EDGE-LOT-01,W05,6,-4,1,10,2.82,1.82,2095.63
EDGE-LOT-01,W05,6,-3,1,10,2.51,1.77,2130.3
EDGE-LOT-01,W05,6,-2,1,10,3.12,1.87,2160.07
EDGE-LOT-01,W05,6,-1,1,10,2.71,1.78,2106.66
EDGE-LOT-01,W05,6,0,1,10,3.11,1.75,2132.87
EDGE-LOT-01,W05,6,1,1,10,2.37,1.87,2110.93
EDGE-LOT-01,W05,6,2,1,10,2.76,1.74,2173.71
EDGE-LOT-01,W05,6,3,1,10,2.65,1.79,2138.89
EDGE-LOT-01,W05,6,4,1,10,2.82,1.82,2065.36
EDGE-LOT-01,W05,6,5,1,10,2.42,1.8,2122.94
EDGE-LOT-01,W05,6,6,1,10,1.67,1.82,2093.07
EDGE-LOT-01,W05,6,7,1,10,2.55,1.77,2090.85
EDGE-LOT-01,W05,6,8,1,11,3.03,1.75,2109.98
EDGE-LOT-01,W05,6,9,1,10,3.1,1.8,2116.81
EDGE-LOT-01,W05,6,10,1,10,2.12,1.8,2101.37
EDGE-LOT-01,W05,6,11,1,10,2.77,1.77,2126.32
EDGE-LOT-01,W05,6,12,1,10,2.46,1.76,2100.53
EDGE-LOT-01,W05,6,13,1,10,2.15,1.83,2125.97
EDGE-LOT-01,W05,6,14,1,10,2.32,1.81,2101.62
EDGE-LOT-01,W05,6,15,1,10,2.51,1.79,2133.87
EDGE-LOT-01,W05,6,16,1,10,3.23,1.8,2081.4
EDGE-LOT-01,W05,6,17,2,22,3.65,1.77,2069.8
EDGE-LOT-01,W05,6,18,1,10,3.99,1.64,2054.36
EDGE-LOT-01,W05,7,-17,2,22,4.17,1.74,2016.04
EDGE-LOT-01,W05,7,-16,1,10,3.53,1.79,2084.26
EDGE-LOT-01,W05,7,-15,1,11,2.47,1.79,2102.2
EDGE-LOT-01,W05,7,-14,1,10,1.95,1.81,2133.08
EDGE-LOT-01,W05,7,-13,1,10,2.54,1.75,2064.42
EDGE-LOT-01,W05,7,-12,1,10,2.7,1.85,2085.87
EDGE-LOT-01,W05,7,-11,1,10,2.82,1.83,2095.39
EDGE-LOT-01,W05,7,-10,1,10,2.69,1.83,2061.82
EDGE-LOT-01,W05,7,-9,1,11,2.85,1.83,2083.41
EDGE-LOT-01,W05,7,-8,1,10,2.62,1.76,2113.07
EDGE-LOT-01,W05,7,-7,1,10,2.21,1.78,2036.26
EDGE-LOT-01,W05,7,-6,1,10,3.74,1.85,2098.77
EDGE-LOT-01,W05,7,-5,1,11,3.28,1.76,2064.92
EDGE-LOT-01,W05,7,-4,1,11,2.28,1.91,2028.92
EDGE-LOT-01,W05,7,-3,1,10,2.73,1.77,2067.04
EDGE-LOT-01,W05,7,-2,1,10,2.27,1.83,2095.32
EDGE-LOT-01,W05,7,-1,1,10,2.27,1.74,2098.26
EDGE-LOT-01,W05,7,0,1,11,2.91,1.77,2101.17
EDGE-LOT-01,W05,7,1,1,10,2.22,1.77,2106.5
EDGE-LOT-01,W05,7,2,1,10,2.94,1.75,2115.95
EDGE-LOT-01,W05,7,3,1,10,2.77,1.81,2064.38
EDGE-LOT-01,W05,7,4,1,11,3.31,1.81,2075.21
EDGE-LOT-01,W05,7,5,1,10,1.95,1.79,2096
EDGE-LOT-01,W05,7,6,1,10,3.1,1.81,2105.4
EDGE-LOT-01,W05,7,7,1,10,2.82,1.87,2131.31
EDGE-LOT-01,W05,7,8,1,11,1.83,1.84,2114.06
EDGE-LOT-01,W05,7,9,1,10,2.68,1.84,2121.15
EDGE-LOT-01,W05,7,10,1,10,2.58,1.82,2104.32
EDGE-LOT-01,W05,7,11,1,10,2.94,1.84,2095.35
EDGE-LOT-01,W05,7,12,1,11,1.74,1.8,2047.56
EDGE-LOT-01,W05,7,13,1,10,3.04,1.81,2120.91
EDGE-LOT-01,W05,7,14,1,10,2.7,1.78,2138.48
EDGE-LOT-01,W05,7,15,1,10,2.77,1.75,2070.92
EDGE-LOT-01,W05,7,16,1,10,2.07,1.74,2083.78
EDGE-LOT-01,W05,7,17,1,10,3.15,1.78,2013.72
EDGE-LOT-01,W05,8,-17,1,10,3.43,1.74,2042.81
EDGE-LOT-01,W05,8,-16,1,10,3.83,1.72,2073.6
EDGE-LOT-01,W05,8,-15,1,10,3.09,1.9,2141.01
EDGE-LOT-01,W05,8,-14,1,10,2.82,1.75,2086.79
EDGE-LOT-01,W05,8,-13,1,10,2.1,1.81,2110.06
EDGE-LOT-01,W05,8,-12,1,10,2.56,1.88,2126.87
EDGE-LOT-01,W05,8,-11,1,10,2.62,1.75,2070.46
EDGE-LOT-01,W05,8,-10,1,10,2.27,1.82,2077.57
EDGE-LOT-01,W05,8,-9,1,10,2.63,1.78,2129.76
EDGE-LOT-01,W05,8,-8,1,10,2.67,1.8,2109.28
EDGE-LOT-01,W05,8,-7,1,10,2.7,1.74,2170.01
EDGE-LOT-01,W05,8,-6,1,10,2.18,1.78,2116.65
EDGE-LOT-01,W05,8,-5,1,10,2.59,1.71,2135.57
EDGE-LOT-01,W05,8,-4,1,10,2.79,1.8,2116.08
EDGE-LOT-01,W05,8,-3,1,11,2.11,1.79,2115.98
EDGE-LOT-01,W05,8,-2,1,10,2.04,1.87,2092.41
EDGE-LOT-01,W05,8,-1,1,10,2.52,1.84,2084.29
EDGE-LOT-01,W05,8,0,1,10,2.54,1.8,2048.81
EDGE-LOT-01,W05,8,1,1,10,2.35,1.8,2093.73
EDGE-LOT-01,W05,8,2,1,10,3.06,1.79,2052.92
EDGE-LOT-01,W05,8,3,1,10,2.48,1.77,2069.46
EDGE-LOT-01,W05,8,4,1,10,2.27,1.77,2079.55
EDGE-LOT-01,W05,8,5,1,10,3.12,1.78,2066.21
EDGE-LOT-01,W05,8,6,1,10,2.33,1.74,2105.3
EDGE-LOT-01,W05,8,7,1,10,2.54,1.79,2149.18
EDGE-LOT-01,W05,8,8,1,10,3.08,1.77,2050.03
EDGE-LOT-01,W05,8,9,1,10,2.36,1.83,2135.46
EDGE-LOT-01,W05,8,10,1,10,2.22,1.83,2148.57
EDGE-LOT-01,W05,8,11,1,10,2.67,1.86,2131.69
EDGE-LOT-01,W05,8,12,1,10,1.9,1.75,2111.15
EDGE-LOT-01,W05,8,13,1,10,2.22,1.82,2120.09
EDGE-LOT-01,W05,8,14,1,10,2.88,1.8,2085.04
EDGE-LOT-01,W05,8,15,1,10,2.26,1.83,2114.17
EDGE-LOT-01,W05,8,16,1,10,2.52,1.73,2105.72
EDGE-LOT-01,W05,8,17,3,31,2.8,1.73,2043.97
EDGE-LOT-01,W05,9,-17,1,10,4.69,1.67,1974.48
EDGE-LOT-01,W05,9,-16,1,10,4.29,1.71,2080.05
EDGE-LOT-01,W05,9,-15,1,10,2.22,1.76,2101.56
EDGE-LOT-01,W05,9,-14,1,11,3.36,1.82,2074.58
EDGE-LOT-01,W05,9,-13,1,10,1.81,1.77,2119.04
EDGE-LOT-01,W05,9,-12,1,10,2.35,1.79,2073.83
EDGE-LOT-01,W05,9,-11,1,10,1.98,1.79,2122.49
EDGE-LOT-01,W05,9,-10,1,10,2.78,1.74,2118.02
EDGE-LOT-01,W05,9,-9,1,10,2.79,1.83,2063.94
EDGE-LOT-01,W05,9,-8,1,10,2.29,1.75,2086.54
EDGE-LOT-01,W05,9,-7,1,10,2.54,1.82,2143.02
EDGE-LOT-01,W05,9,-6,1,10,2.41,1.72,2134.7
EDGE-LOT-01,W05,9,-5,1,10,2.47,1.75,2097.41
EDGE-LOT-01,W05,9,-4,1,10,3.11,1.83,2111.85
EDGE-LOT-01,W05,9,-3,1,10,1.89,1.84,2050
EDGE-LOT-01,W05,9,-2,1,10,2.98,1.75,2131.75
EDGE-LOT-01,W05,9,-1,1,10,2.61,1.83,2138
EDGE-LOT-01,W05,9,0,1,10,3.24,1.9,2090.58
EDGE-LOT-01,W05,9,1,1,10,2.99,1.82,2095.24
EDGE-LOT-01,W05,9,2,1,10,2.18,1.81,2165.82
EDGE-LOT-01,W05,9,3,1,10,1.92,1.8,2080.99
EDGE-LOT-01,W05,9,4,1,10,2.09,1.76,2065.78
EDGE-LOT-01,W05,9,5,1,10,2.05,1.82,2107.38
EDGE-LOT-01,W05,9,6,1,10,1.98,1.82,2121.49
EDGE-LOT-01,W05,9,7,1,10,2.67,1.81,2107.89
EDGE-LOT-01,W05,9,8,1,11,2.18,1.82,2067.85
EDGE-LOT-01,W05,9,9,1,10,2.56,1.75,2116.16
EDGE-LOT-01,W05,9,10,1,10,1.97,1.81,2104.34
EDGE-LOT-01,W05,9,11,1,11,2.68,1.79,2080.85
EDGE-LOT-01,W05,9,12,1,10,3.15,1.75,2141.5
EDGE-LOT-01,W05,9,13,1,10,2.24,1.8,2100.55
EDGE-LOT-01,W05,9,14,1,11,2.43,1.84,2109.63
EDGE-LOT-01,W05,9,15,1,10,3.3,1.74,2084.73
EDGE-LOT-01,W05,9,16,3,31,3.92,1.74,2044.28
EDGE-LOT-01,W05,9,17,1,10,5.71,1.61,2031.8
EDGE-LOT-01,W05,10,-16,3,31,4.81,1.74,1995.98
EDGE-LOT-01,W05,10,-15,1,11,3.98,1.75,2033.46
EDGE-LOT-01,W05,10,-14,1,10,3.03,1.77,2148.23
EDGE-LOT-01,W05,10,-13,1,11,2.64,1.84,2086.46
EDGE-LOT-01,W05,10,-12,1,10,2.9,1.78,2152.45
EDGE-LOT-01,W05,10,-11,1,10,2.23,1.82,2115.02
EDGE-LOT-01,W05,10,-10,1,10,2.39,1.78,2158.52
EDGE-LOT-01,W05,10,-9,1,10,1.79,1.81,2110.74
EDGE-LOT-01,W05,10,-8,1,10,2.48,1.8,2166.18
EDGE-LOT-01,W05,10,-7,1,10,2.99,1.84,2152.08
EDGE-LOT-01,W05,10,-6,1,10,2.3,1.76,2074.75
EDGE-LOT-01,W05,10,-5,1,10,2.88,1.79,2097.49
EDGE-LOT-01,W05,10,-4,1,10,2.73,1.81,2144.91
EDGE-LOT-01,W05,10,-3,1,10,2.75,1.77,2111.85
EDGE-LOT-01,W05,10,-2,1,10,2.2,1.81,2109.99
EDGE-LOT-01,W05,10,-1,1,10,2.82,1.78,2055.63
EDGE-LOT-01,W05,10,0,1,10,2.8,1.8,2108.51
EDGE-LOT-01,W05,10,1,1,10,2.81,1.82,2053.7
EDGE-LOT-01,W05,10,2,1,10,2.41,1.82,2117.17
EDGE-LOT-01,W05,10,3,1,10,2.53,1.82,2087.93
EDGE-LOT-01,W05,10,4,1,10,2.24,1.8,2105.14
EDGE-LOT-01,W05,10,5,1,10,2.7,1.78,2070.49
EDGE-LOT-01,W05,10,6,1,10,1.68,1.78,2064.34
EDGE-LOT-01,W05,10,7,1,10,1.94,1.73,2072.95
EDGE-LOT-01,W05,10,8,1,10,2.98,1.79,2113.56
EDGE-LOT-01,W05,10,9,1,10,2.32,1.81,2090.66
EDGE-LOT-01,W05,10,10,1,10,2.27,1.78,2103.46
EDGE-LOT-01,W05,10,11,1,10,3.1,1.79,2097.62
EDGE-LOT-01,W05,10,12,1,10,1.78,1.82,2101.47
EDGE-LOT-01,W05,10,13,1,10,1.67,1.84,2164.31
EDGE-LOT-01,W05,10,14,1,11,2.21,1.8,2152.41
EDGE-LOT-01,W05,10,15,1,10,4.06,1.77,2068.24
EDGE-LOT-01,W05,10,16,1,10,3.64,1.69,2003.6
EDGE-LOT-01,W05,11,-15,1,10,3.08,1.67,2062.94
EDGE-LOT-01,W05,11,-14,1,10,3.4,1.72,2032.7
EDGE-LOT-01,W05,11,-13,1,11,2.31,1.79,2089.36
EDGE-LOT-01,W05,11,-12,1,10,2.83,1.79,2091.47
EDGE-LOT-01,W05,11,-11,1,10,2.91,1.84,2144.01
EDGE-LOT-01,W05,11,-10,1,10,2.44,1.73,2096.97
EDGE-LOT-01,W05,11,-9,1,10,2.25,1.76,2106.22
EDGE-LOT-01,W05,11,-8,1,11,2.26,1.83,2143.81
EDGE-LOT-01,W05,11,-7,1,10,2.47,1.77,2106.78
EDGE-LOT-01,W05,11,-6,1,10,2.65,1.78,2125.02
EDGE-LOT-01,W05,11,-5,1,10,2.62,1.81,2143.19
EDGE-LOT-01,W05,11,-4,1,10,2.87,1.82,2124.63
EDGE-LOT-01,W05,11,-3,1,10,2.8,1.71,2063.26
EDGE-LOT-01,W05,11,-2,1,10,2.39,1.85,2091.94
EDGE-LOT-01,W05,11,-1,1,10,2.33,1.79,2075.65
EDGE-LOT-01,W05,11,0,1,10,2.89,1.8,2144.08
EDGE-LOT-01,W05,11,1,1,10,2.66,1.86,2067.12
EDGE-LOT-01,W05,11,2,1,10,2.09,1.79,2072.79
EDGE-LOT-01,W05,11,3,1,11,1.94,1.8,2104.44
EDGE-LOT-01,W05,11,4,1,10,2.54,1.86,2084.79
EDGE-LOT-01,W05,11,5,1,10,2.24,1.74,2131.52
EDGE-LOT-01,W05,11,6,1,10,2.75,1.78,2052.4
EDGE-LOT-01,W05,11,7,1,10,1.91,1.82,2117.05
EDGE-LOT-01,W05,11,8,1,10,2.68,1.81,2068.35
EDGE-LOT-01,W05,11,9,1,10,2.52,1.86,2140.13
EDGE-LOT-01,W05,11,10,1,10,2.63,1.85,2099.14
EDGE-LOT-01,W05,11,11,1,10,1.91,1.69,2131.02
EDGE-LOT-01,W05,11,12,1,10,2.4,1.86,2078.31
EDGE-LOT-01,W05,11,13,1,10,2.81,1.77,2073.38
EDGE-LOT-01,W05,11,14,1,10,4.26,1.81,2045
EDGE-LOT-01,W05,11,15,1,10,3.76,1.74,2008.83
EDGE-LOT-01,W05,12,-15,3,31,5.67,1.66,2027.09
EDGE-LOT-01,W05,12,-14,1,10,4.1,1.73,2004.07
EDGE-LOT-01,W05,12,-13,1,10,3.7,1.74,2054.29
EDGE-LOT-01,W05,12,-12,1,10,2.19,1.82,2114.22
EDGE-LOT-01,W05,12,-11,1,10,2.64,1.83,2080.03
EDGE-LOT-01,W05,12,-10,1,10,2.48,1.79,2116.19
EDGE-LOT-01,W05,12,-9,1,11,2.92,1.84,2102.21
EDGE-LOT-01,W05,12,-8,1,10,1.69,1.74,2079.43
EDGE-LOT-01,W05,12,-7,1,10,2.9,1.9,2094
EDGE-LOT-01,W05,12,-6,1,10,2.23,1.79,2118.3
EDGE-LOT-01,W05,12,-5,1,11,2.52,1.78,2112.08
EDGE-LOT-01,W05,12,-4,1,10,2.18,1.88,2073.08
EDGE-LOT-01,W05,12,-3,1,10,2.5,1.83,2115.5
EDGE-LOT-01,W05,12,-2,1,10,2.78,1.75,2097.94
EDGE-LOT-01,W05,12,-1,1,10,3.01,1.81,2098.31
EDGE-LOT-01,W05,12,0,1,10,2.47,1.92,2131.72
EDGE-LOT-01,W05,12,1,1,10,2.55,1.76,2105.02
EDGE-LOT-01,W05,12,2,1,10,3.04,1.78,2085.54
EDGE-LOT-01,W05,12,3,1,10,2.6,1.71,2085.08
EDGE-LOT-01,W05,12,4,1,10,1.7,1.69,2110.41
EDGE-LOT-01,W05,12,5,1,10,2.41,1.83,2094.35
EDGE-LOT-01,W05,12,6,1,10,1.88,1.81,2088.17
EDGE-LOT-01,W05,12,7,1,10,2.77,1.81,2058.68
EDGE-LOT-01,W05,12,8,1,10,2.59,1.8,2035.28
EDGE-LOT-01,W05,12,9,1,11,2.63,1.78,2143.41
EDGE-LOT-01,W05,12,10,1,10,2.24,1.88,2145.82
EDGE-LOT-01,W05,12,11,1,10,3.28,1.74,2068.85
EDGE-LOT-01,W05,12,12,1,10,2.26,1.79,2107.12
EDGE-LOT-01,W05,12,13,1,10,3.04,1.79,2041.42
EDGE-LOT-01,W05,12,14,2,21,4.24,1.71,2040.85
EDGE-LOT-01,W05,12,15,1,10,3.55,1.7,2061.71
EDGE-LOT-01,W05,13,-14,1,10,5.32,1.69,2009.3
EDGE-LOT-01,W05,13,-13,2,21,3.22,1.71,2048.01
EDGE-LOT-01,W05,13,-12,1,11,3.3,1.82,2016.72
EDGE-LOT-01,W05,13,-11,1,10,2.38,1.8,2104.1
EDGE-LOT-01,W05,13,-10,1,11,2.8,1.78,2123.6
EDGE-LOT-01,W05,13,-9,1,11,2.71,1.73,2127.21
EDGE-LOT-01,W05,13,-8,1,11,3.18,1.81,2100.73
EDGE-LOT-01,W05,13,-7,1,10,2.22,1.82,2045.55
EDGE-LOT-01,W05,13,-6,1,11,3.04,1.8,2110.4
EDGE-LOT-01,W05,13,-5,1,10,2.47,1.78,2086.84
EDGE-LOT-01,W05,13,-4,1,10,3.08,1.77,2134.96
EDGE-LOT-01,W05,13,-3,1,11,2.44,1.87,2105.31
EDGE-LOT-01,W05,13,-2,1,10,2.47,1.75,2133.2
EDGE-LOT-01,W05,13,-1,1,10,2.37,1.85,2126.57
EDGE-LOT-01,W05,13,0,1,10,2.14,1.75,2094.81
EDGE-LOT-01,W05,13,1,1,10,2.83,1.85,2177.48
EDGE-LOT-01,W05,13,2,1,10,2.49,1.77,2084.13
EDGE-LOT-01,W05,13,3,1,11,3.11,1.81,2083.48
EDGE-LOT-01,W05,13,4,1,10,2.78,1.68,2124.74
EDGE-LOT-01,W05,13,5,1,10,2.44,1.79,2089.08
EDGE-LOT-01,W05,13,6,1,10,3.46,1.85,2125.65
EDGE-LOT-01,W05,13,7,1,10,2.45,1.83,2122.28
EDGE-LOT-01,W05,13,8,1,10,2.5,1.71,2038.63
EDGE-LOT-01,W05,13,9,1,10,1.93,1.86,2079.06
EDGE-LOT-01,W05,13,10,1,10,2.3,1.79,2145.49
EDGE-LOT-01,W05,13,11,1,10,2.79,1.77,2095.39
EDGE-LOT-01,W05,13,12,1,10,3.91,1.73,2035.92
EDGE-LOT-01,W05,13,13,1,10,4.66,1.71,2024.37
EDGE-LOT-01,W05,13,14,3,31,4.83,1.67,2010.42
EDGE-LOT-01,W05,14,-13,1,10,4.86,1.75,2032.52
EDGE-LOT-01,W05,14,-12,1,10,2.85,1.7,2025.61
EDGE-LOT-01,W05,14,-11,1,10,3.6,1.76,2085.86
EDGE-LOT-01,W05,14,-10,1,10,2.97,1.78,2069.22
EDGE-LOT-01,W05,14,-9,1,10,2.22,1.84,2049.77
EDGE-LOT-01,W05,14,-8,1,10,2.46,1.8,2076.55
EDGE-LOT-01,W05,14,-7,1,10,2.66,1.79,2151.56
EDGE-LOT-01,W05,14,-6,1,11,2.46,1.78,2123.72
EDGE-LOT-01,W05,14,-5,1,10,2.91,1.79,2098.22
EDGE-LOT-01,W05,14,-4,1,10,2.86,1.76,2147.46
EDGE-LOT-01,W05,14,-3,1,10,2.26,1.79,2094.47
EDGE-LOT-01,W05,14,-2,1,10,2.68,1.8,2096.84
EDGE-LOT-01,W05,14,-1,1,10,2.47,1.78,2073.98
EDGE-LOT-01,W05,14,0,1,10,2.34,1.83,2102.56
EDGE-LOT-01,W05,14,1,1,10,2.47,1.8,2131.2
EDGE-LOT-01,W05,14,2,1,10,2.43,1.8,2082.74
EDGE-LOT-01,W05,14,3,1,10,1.96,1.8,2126.41
EDGE-LOT-01,W05,14,4,1,10,1.78,1.76,2084.21
EDGE-LOT-01,W05,14,5,1,10,2.55,1.75,2090.48
EDGE-LOT-01,W05,14,6,1,10,3.13,1.82,2129.98
EDGE-LOT-01,W05,14,7,1,10,2.79,1.76,2088.43
EDGE-LOT-01,W05,14,8,1,10,2.19,1.82,2102.01
EDGE-LOT-01,W05,14,9,1,10,2.06,1.78,2139.07
EDGE-LOT-01,W05,14,10,1,10,2.5,1.77,2068.81
EDGE-LOT-01,W05,14,11,1,10,3.88,1.71,2099.43
EDGE-LOT-01,W05,14,12,1,10,3.75,1.79,2041.4
EDGE-LOT-01,W05,14,13,3,31,3.84,1.67,1951.04
EDGE-LOT-01,W05,15,-12,1,10,3.16,1.66,2040.65
EDGE-LOT-01,W05,15,-11,1,10,3.22,1.63,2048.64
EDGE-LOT-01,W05,15,-10,1,10,4.02,1.83,2029.89
EDGE-LOT-01,W05,15,-9,1,10,3.12,1.74,2081.68
EDGE-LOT-01,W05,15,-8,1,10,2.51,1.84,2097.97
EDGE-LOT-01,W05,15,-7,1,10,2.9,1.79,2122.65
EDGE-LOT-01,W05,15,-6,1,10,2.51,1.86,2118.05
EDGE-LOT-01,W05,15,-5,1,10,2.65,1.78,2097.53
EDGE-LOT-01,W05,15,-4,1,10,2.35,1.8,2067.48
EDGE-LOT-01,W05,15,-3,1,10,2.96,1.83,2077.1
EDGE-LOT-01,W05,15,-2,1,10,2.33,1.74,2103.12
EDGE-LOT-01,W05,15,-1,1,10,2.96,1.81,2127.52
EDGE-LOT-01,W05,15,0,1,10,2,1.7,2091.49
EDGE-LOT-01,W05,15,1,1,10,2.5,1.79,2126.96
EDGE-LOT-01,W05,15,2,1,10,2.43,1.84,2155.48
EDGE-LOT-01,W05,15,3,1,10,3.06,1.77,2054.96
EDGE-LOT-01,W05,15,4,1,10,2.6,1.76,2127.99
EDGE-LOT-01,W05,15,5,1,10,2.61,1.85,2083.36
EDGE-LOT-01,W05,15,6,1,10,2.38,1.87,2121.32
EDGE-LOT-01,W05,15,7,1,10,1.81,1.78,2141.13
EDGE-LOT-01,W05,15,8,1,10,2.62,1.86,2058.09
EDGE-LOT-01,W05,15,9,1,10,2.42,1.82,2110.63
EDGE-LOT-01,W05,15,10,1,11,4.12,1.73,2037.61
EDGE-LOT-01,W05,15,11,1,10,4.17,1.66,2055.91
EDGE-LOT-01,W05,15,12,3,31,5.46,1.72,1944.51
EDGE-LOT-01,W05,16,-10,2,22,5.43,1.68,2049.9
EDGE-LOT-01,W05,16,-9,1,10,5.02,1.7,2030.7
EDGE-LOT-01,W05,16,-8,1,10,3.24,1.77,2093.27
EDGE-LOT-01,W05,16,-7,1,10,3.32,1.77,2101.22
EDGE-LOT-01,W05,16,-6,1,10,1.64,1.84,2046.84
EDGE-LOT-01,W05,16,-5,1,10,2.86,1.81,2039.91
EDGE-LOT-01,W05,16,-4,1,10,2.44,1.78,2112.05
EDGE-LOT-01,W05,16,-3,1,10,2.82,1.81,2107.29
EDGE-LOT-01,W05,16,-2,1,10,2.32,1.78,2156.07
EDGE-LOT-01,W05,16,-1,1,10,2.61,1.84,2088.48
EDGE-LOT-01,W05,16,0,1,10,2.22,1.83,2127.41
EDGE-LOT-01,W05,16,1,1,11,2.32,1.75,2031.08
EDGE-LOT-01,W05,16,2,1,10,2.72,1.72,2085.87
EDGE-LOT-01,W05,16,3,1,11,2.36,1.79,2060.53
EDGE-LOT-01,W05,16,4,1,10,2.83,1.76,2133.09
EDGE-LOT-01,W05,16,5,1,10,3.28,1.83,2081.18
EDGE-LOT-01,W05,16,6,1,10,2.58,1.81,2056.78
EDGE-LOT-01,W05,16,7,1,10,2.41,1.79,2092.25
EDGE-LOT-01,W05,16,8,2,21,3.24,1.78,2063.82
EDGE-LOT-01,W05,16,9,1,10,2.67,1.75,2004.24
EDGE-LOT-01,W05,16,10,2,21,4.82,1.71,2048.17
EDGE-LOT-01,W05,17,-9,3,31,3.74,1.63,2019.44
EDGE-LOT-01,W05,17,-8,1,10,4.24,1.67,2038.82
EDGE-LOT-01,W05,17,-7,1,10,4.31,1.72,2070.52
EDGE-LOT-01,W05,17,-6,1,10,3.63,1.7,1989.33
EDGE-LOT-01,W05,17,-5,1,10,2.86,1.72,2034.62
EDGE-LOT-01,W05,17,-4,1,10,2.13,1.74,2116.36
EDGE-LOT-01,W05,17,-3,1,10,3.08,1.87,2050.85
EDGE-LOT-01,W05,17,-2,1,10,2.62,1.71,2149.69
EDGE-LOT-01,W05,17,-1,1,10,2.76,1.77,2089.31
EDGE-LOT-01,W05,17,0,1,10,2.57,1.77,2061.29
EDGE-LOT-01,W05,17,1,1,10,2.31,1.79,2091.73
EDGE-LOT-01,W05,17,2,1,10,2.48,1.72,2136.3
EDGE-LOT-01,W05,17,3,1,10,3.19,1.8,2054.8
EDGE-LOT-01,W05,17,4,1,10,3.08,1.77,2056.72
EDGE-LOT-01,W05,17,5,1,10,3.11,1.76,2049.21
EDGE-LOT-01,W05,17,6,2,22,3.02,1.78,2067.82
EDGE-LOT-01,W05,17,7,1,11,4.12,1.69,2070.53
EDGE-LOT-01,W05,17,8,2,21,4.97,1.71,2029.12
EDGE-LOT-01,W05,17,9,1,10,4.74,1.68,1977.2
EDGE-LOT-01,W05,18,-6,1,10,4.93,1.69,2012.23
EDGE-LOT-01,W05,18,-5,2,21,3.43,1.71,2034.45
EDGE-LOT-01,W05,18,-4,1,10,3.55,1.76,2053.18
EDGE-LOT-01,W05,18,-3,1,10,4.42,1.79,2038.97
EDGE-LOT-01,W05,18,-2,1,10,3.59,1.72,2045.61
EDGE-LOT-01,W05,18,-1,1,10,4.24,1.77,2003.15
EDGE-LOT-01,W05,18,0,2,21,3.83,1.67,2063.86
EDGE-LOT-01,W05,18,1,1,10,3.25,1.77,2035.04
EDGE-LOT-01,W05,18,2,2,21,2.89,1.67,2012.13
EDGE-LOT-01,W05,18,3,1,10,3.19,1.7,2065.34
EDGE-LOT-01,W05,18,4,1,10,3.71,1.69,2032.7
EDGE-LOT-01,W05,18,5,1,10,3.48,1.66,2066.99
EDGE-LOT-01,W05,18,6,3,31,4.19,1.69,2024.73
EDGE-LOT-01,W05,19,-3,2,21,4.58,1.69,2006.51
EDGE-LOT-01,W05,19,-2,3,31,4.97,1.72,2055.38
EDGE-LOT-01,W05,19,-1,1,10,4.79,1.66,2010.07
EDGE-LOT-01,W05,19,0,3,31,3.5,1.66,2089.28
EDGE-LOT-01,W05,19,1,1,10,3.62,1.73,1984.01
EDGE-LOT-01,W05,19,2,2,22,3.99,1.66,2010.37
EDGE-LOT-01,W05,19,3,1,10,4.23,1.62,2001.83
EDGE-LOT-01,W06,-19,-3,3,31,3.55,1.74,2031.11
EDGE-LOT-01,W06,-19,-2,1,10,4.73,1.69,2064.47
EDGE-LOT-01,W06,-19,-1,1,10,5.01,1.7,2028.61
EDGE-LOT-01,W06,-19,0,1,10,5.55,1.66,2066.33
EDGE-LOT-01,W06,-19,1,1,10,4.58,1.76,2040.35
EDGE-LOT-01,W06,-19,2,1,11,3.83,1.7,2023.4
EDGE-LOT-01,W06,-19,3,3,31,3.61,1.72,2006.26
EDGE-LOT-01,W06,-18,-6,1,10,3.79,1.71,2023.69
EDGE-LOT-01,W06,-18,-5,1,10,4.49,1.73,2035.64
EDGE-LOT-01,W06,-18,-4,1,10,4.66,1.76,2032.49
EDGE-LOT-01,W06,-18,-3,1,10,3.58,1.71,2042.2
EDGE-LOT-01,W06,-18,-2,1,10,4.46,1.72,2020.02
EDGE-LOT-01,W06,-18,-1,1,10,2.92,1.79,1999.69
EDGE-LOT-01,W06,-18,0,1,10,1.9,1.76,2082.5
EDGE-LOT-01,W06,-18,1,1,10,3.67,1.74,1977.3
EDGE-LOT-01,W06,-18,2,1,10,3.69,1.71,2077.86
EDGE-LOT-01,W06,-18,3,1,10,4.72,1.68,2067.76
EDGE-LOT-01,W06,-18,4,1,10,3.63,1.71,2047.79
EDGE-LOT-01,W06,-18,5,1,11,4.33,1.77,2002.4
EDGE-LOT-01,W06,-18,6,1,10,3.91,1.76,2010.91
EDGE-LOT-01,W06,-17,-9,1,10,5.34,1.68,2017.67
EDGE-LOT-01,W06,-17,-8,3,31,2.95,1.74,1979.14
EDGE-LOT-01,W06,-17,-7,1,10,3.32,1.67,1994.63
EDGE-LOT-01,W06,-17,-6,1,10,3.28,1.73,2102.85
EDGE-LOT-01,W06,-17,-5,1,11,2.76,1.79,1987.27
EDGE-LOT-01,W06,-17,-4,1,10,3.53,1.83,2047.5
EDGE-LOT-01,W06,-17,-3,1,10,2.74,1.82,2134.96
EDGE-LOT-01,W06,-17,-2,1,10,2.67,1.77,2114.7
EDGE-LOT-01,W06,-17,-1,1,10,2.45,1.8,2040.89
EDGE-LOT-01,W06,-17,0,1,10,2.58,1.83,2046.23
EDGE-LOT-01,W06,-17,1,1,10,2.75,1.75,2134.12
EDGE-LOT-01,W06,-17,2,1,10,2.59,1.77,2097.59
EDGE-LOT-01,W06,-17,3,1,11,3.01,1.73,2120.55
EDGE-LOT-01,W06,-17,4,1,10,3.45,1.79,2141.74
EDGE-LOT-01,W06,-17,5,1,10,3.11,1.77,2035.47
EDGE-LOT-01,W06,-17,6,1,10,4.11,1.72,2099.78
EDGE-LOT-01,W06,-17,7,1,10,4.54,1.75,1987.18
EDGE-LOT-01,W06,-17,8,1,10,5.15,1.59,2041.07
EDGE-LOT-01,W06,-17,9,1,11,4.28,1.67,2024.74
EDGE-LOT-01,W06,-16,-10,2,21,4.46,1.73,2076.95
EDGE-LOT-01,W06,-16,-9,1,10,4.09,1.78,2025.57
EDGE-LOT-01,W06,-16,-8,1,10,3.39,1.77,2060.93
EDGE-LOT-01,W06,-16,-7,1,10,3.4,1.66,2085.88
EDGE-LOT-01,W06,-16,-6,1,10,2.65,1.78,2111.79
EDGE-LOT-01,W06,-16,-5,1,10,2.27,1.82,2113.46
EDGE-LOT-01,W06,-16,-4,1,10,2.25,1.86,2142.53
EDGE-LOT-01,W06,-16,-3,1,10,2.45,1.81,2110.27
EDGE-LOT-01,W06,-16,-2,1,10,1.69,1.82,2082.16
EDGE-LOT-01,W06,-16,-1,1,10,2.81,1.83,2074.2
EDGE-LOT-01,W06,-16,0,1,10,3.11,1.83,2062.1
EDGE-LOT-01,W06,-16,1,1,10,1.84,1.76,2097.25
EDGE-LOT-01,W06,-16,2,1,10,2.08,1.8,2084.12
EDGE-LOT-01,W06,-16,3,1,10,2.86,1.86,2103.71
EDGE-LOT-01,W06,-16,4,1,10,2.77,1.78,2081.01
EDGE-LOT-01,W06,-16,5,1,10,2.7,1.68,2124.65
EDGE-LOT-01,W06,-16,6,1,10,2.73,1.76,2094.86
EDGE-LOT-01,W06,-16,7,1,10,3.64,1.82,2091.72
EDGE-LOT-01,W06,-16,8,1,10,3.3,1.8,2015.37
EDGE-LOT-01,W06,-16,9,1,10,2.93,1.83,2032.72
EDGE-LOT-01,W06,-16,10,1,10,4.96,1.68,2041.18
EDGE-LOT-01,W06,-15,-12,1,10,3.75,1.68,1956.38
EDGE-LOT-01,W06,-15,-11,2,21,3.25,1.75,2037.66
EDGE-LOT-01,W06,-15,-10,1,10,3.28,1.68,2003.62
EDGE-LOT-01,W06,-15,-9,1,10,2.55,1.76,2031.15
EDGE-LOT-01,W06,-15,-8,1,10,2.19,1.85,2111.06
EDGE-LOT-01,W06,-15,-7,1,10,1.97,1.75,2125.12
EDGE-LOT-01,W06,-15,-6,1,10,2.3,1.78,2091.82
EDGE-LOT-01,W06,-15,-5,1,10,2.39,1.81,2108.3
EDGE-LOT-01,W06,-15,-4,1,10,2.35,1.71,2082.29
EDGE-LOT-01,W06,-15,-3,1,10,2.86,1.77,2073.98
EDGE-LOT-01,W06,-15,-2,1,10,2.7,1.81,2042.13
EDGE-LOT-01,W06,-15,-1,1,10,2.93,1.81,2103.12
EDGE-LOT-01,W06,-15,0,1,10,2.14,1.79,2065.22
EDGE-LOT-01,W06,-15,1,1,10,2.35,1.85,2126.12
EDGE-LOT-01,W06,-15,2,1,10,2.5,1.79,2084.03
EDGE-LOT-01,W06,-15,3,1,11,2,1.8,2092.07
EDGE-LOT-01,W06,-15,4,1,10,2.67,1.84,2088.04
EDGE-LOT-01,W06,-15,5,1,10,2.07,1.84,2113.49
EDGE-LOT-01,W06,-15,6,1,10,2.15,1.75,2087.93
EDGE-LOT-01,W06,-15,7,1,10,2.71,1.78,2095.43
EDGE-LOT-01,W06,-15,8,1,10,2.54,1.78,2113.05
EDGE-LOT-01,W06,-15,9,1,10,3.2,1.76,2116.96
EDGE-LOT-01,W06,-15,10,1,10,2.99,1.7,2057.17
EDGE-LOT-01,W06,-15,11,3,31,4.68,1.77,2051.7
EDGE-LOT-01,W06,-15,12,1,11,4.67,1.63,1995.86
EDGE-LOT-01,W06,-14,-13,2,22,6.05,1.64,2007.71
EDGE-LOT-01,W06,-14,-12,3,31,4.41,1.74,2066.49
EDGE-LOT-01,W06,-14,-11,1,10,2.85,1.71,2043.68
EDGE-LOT-01,W06,-14,-10,1,10,3.12,1.76,2087.98
EDGE-LOT-01,W06,-14,-9,1,10,3.46,1.79,2161
EDGE-LOT-01,W06,-14,-8,1,10,2.87,1.8,2084.66
EDGE-LOT-01,W06,-14,-7,1,10,2.33,1.79,2153.24
EDGE-LOT-01,W06,-14,-6,1,10,2.84,1.89,2091.33
EDGE-LOT-01,W06,-14,-5,1,10,2.56,1.84,2118.96
EDGE-LOT-01,W06,-14,-4,1,10,2.23,1.79,2128.19
EDGE-LOT-01,W06,-14,-3,1,10,3.18,1.88,2052.46
EDGE-LOT-01,W06,-14,-2,1,10,2.05,1.83,2109.49
EDGE-LOT-01,W06,-14,-1,1,10,3.07,1.79,2125.31
EDGE-LOT-01,W06,-14,0,1,10,2.26,1.77,2082.4
EDGE-LOT-01,W06,-14,1,1,10,3.15,1.87,2105.72
EDGE-LOT-01,W06,-14,2,1,10,2.14,1.87,2083.58
EDGE-LOT-01,W06,-14,3,1,10,1.88,1.78,2141.34
EDGE-LOT-01,W06,-14,4,1,10,2.33,1.78,2148.69
EDGE-LOT-01,W06,-14,5,1,10,2.91,1.73,2082.83
EDGE-LOT-01,W06,-14,6,1,10,2.02,1.79,2112.05
EDGE-LOT-01,W06,-14,7,1,10,2.16,1.81,2118.07
EDGE-LOT-01,W06,-14,8,1,10,2.13,1.82,2130.92
EDGE-LOT-01,W06,-14,9,1,10,2.81,1.75,2076.31
EDGE-LOT-01,W06,-14,10,1,10,2.59,1.81,2093.36
EDGE-LOT-01,W06,-14,11,1,10,3.21,1.78,2069.42
EDGE-LOT-01,W06,-14,12,3,31,3.73,1.73,2047.44
EDGE-LOT-01,W06,-14,13,2,21,4.87,1.61,2022.03
EDGE-LOT-01,W06,-13,-14,1,10,4.12,1.68,2031.94
EDGE-LOT-01,W06,-13,-13,1,11,4.09,1.7,2071.27
EDGE-LOT-01,W06,-13,-12,1,10,3.33,1.77,2092.9
EDGE-LOT-01,W06,-13,-11,1,11,3.08,1.79,2152.04
EDGE-LOT-01,W06,-13,-10,1,10,1.77,1.74,2098.14
EDGE-LOT-01,W06,-13,-9,1,10,2.54,1.84,2094.12
EDGE-LOT-01,W06,-13,-8,1,10,2.9,1.85,2078.7
EDGE-LOT-01,W06,-13,-7,1,10,1.94,1.88,2114.11
EDGE-LOT-01,W06,-13,-6,1,10,2.65,1.81,2104.36
EDGE-LOT-01,W06,-13,-5,1,10,2.76,1.8,2112.42
EDGE-LOT-01,W06,-13,-4,1,10,2.79,1.78,2075.82
EDGE-LOT-01,W06,-13,-3,1,11,2.63,1.82,2110.64
EDGE-LOT-01,W06,-13,-2,1,10,1.99,1.78,2081.58
EDGE-LOT-01,W06,-13,-1,1,10,3.14,1.84,2064.18
EDGE-LOT-01,W06,-13,0,1,10,2.48,1.8,2066.86
EDGE-LOT-01,W06,-13,1,1,10,2.38,1.79,2115.62
EDGE-LOT-01,W06,-13,2,1,10,2.96,1.77,2107.59
EDGE-LOT-01,W06,-13,3,1,10,2.56,1.86,2093.55
EDGE-LOT-01,W06,-13,4,1,10,2.94,1.77,2065.67
EDGE-LOT-01,W06,-13,5,1,10,2.84,1.85,2115.73
EDGE-LOT-01,W06,-13,6,1,10,2.14,1.79,2052.4
EDGE-LOT-01,W06,-13,7,1,10,2.75,1.79,2096.94
EDGE-LOT-01,W06,-13,8,1,10,2.81,1.79,2116.66
EDGE-LOT-01,W06,-13,9,1,10,2.3,1.8,2135.11
EDGE-LOT-01,W06,-13,10,1,10,2.95,1.79,2056.9
EDGE-LOT-01,W06,-13,11,1,10,2.51,1.89,2145.24
EDGE-LOT-01,W06,-13,12,1,10,2.85,1.86,2061.77
EDGE-LOT-01,W06,-13,13,1,10,4.59,1.67,2072.02
EDGE-LOT-01,W06,-13,14,2,21,4.12,1.73,1985.23
EDGE-LOT-01,W06,-12,-15,3,31,5.84,1.7,2025.23
EDGE-LOT-01,W06,-12,-14,3,31,4.65,1.68,2035.97
EDGE-LOT-01,W06,-12,-13,1,10,3.29,1.81,2073.68
EDGE-LOT-01,W06,-12,-12,1,10,2.93,1.81,2086.29
EDGE-LOT-01,W06,-12,-11,1,10,2.37,1.74,2091.05
EDGE-LOT-01,W06,-12,-10,1,10,2.51,1.79,2086.64
EDGE-LOT-01,W06,-12,-9,1,10,2.12,1.79,2124.76
EDGE-LOT-01,W06,-12,-8,1,10,3.41,1.79,2086.96
EDGE-LOT-01,W06,-12,-7,1,10,2.77,1.78,2116.7
EDGE-LOT-01,W06,-12,-6,1,11,2.14,1.84,2104.23
EDGE-LOT-01,W06,-12,-5,1,10,3.04,1.87,2101.17
EDGE-LOT-01,W06,-12,-4,1,10,2.26,1.76,2073.97
EDGE-LOT-01,W06,-12,-3,1,10,1.95,1.82,2123.6
EDGE-LOT-01,W06,-12,-2,1,10,2.24,1.79,2123.81
EDGE-LOT-01,W06,-12,-1,1,10,2.11,1.84,2165.06
EDGE-LOT-01,W06,-12,0,1,10,2.41,1.81,2128.58
EDGE-LOT-01,W06,-12,1,1,10,2.12,1.86,2063.53
EDGE-LOT-01,W06,-12,2,1,10,1.88,1.79,2110.88
EDGE-LOT-01,W06,-12,3,1,10,2.47,1.8,2100.07
EDGE-LOT-01,W06,-12,4,1,10,3,1.81,2078.58
EDGE-LOT-01,W06,-12,5,3,31,3.52,1.8,2115.23
EDGE-LOT-01,W06,-12,6,1,10,3.3,1.76,2165.28
EDGE-LOT-01,W06,-12,7,1,11,2.73,1.85,2049.96
EDGE-LOT-01,W06,-12,8,1,10,2.99,1.85,2091.86
EDGE-LOT-01,W06,-12,9,1,10,3.16,1.82,2098.73
EDGE-LOT-01,W06,-12,10,1,10,3.1,1.83,2135.42
EDGE-LOT-01,W06,-12,11,1,10,2.42,1.84,2062.15
EDGE-LOT-01,W06,-12,12,1,10,2.62,1.75,2105.58
EDGE-LOT-01,W06,-12,13,1,10,2.67,1.81,2100.36
EDGE-LOT-01,W06,-12,14,1,10,3.37,1.77,2024.25
EDGE-LOT-01,W06,-12,15,2,21,3.78,1.63,2038.23
EDGE-LOT-01,W06,-11,-15,1,10,3.93,1.69,2021.4
EDGE-LOT-01,W06,-11,-14,1,10,3.74,1.84,2020.38
EDGE-LOT-01,W06,-11,-13,1,10,2.84,1.9,2084.62
EDGE-LOT-01,W06,-11,-12,1,10,2.85,1.83,2108.7
EDGE-LOT-01,W06,-11,-11,1,10,3.1,1.74,2109.51
EDGE-LOT-01,W06,-11,-10,1,11,2.27,1.75,2129.19
EDGE-LOT-01,W06,-11,-9,1,10,2.44,1.79,2091.77
EDGE-LOT-01,W06,-11,-8,1,10,2.57,1.77,2161.71
EDGE-LOT-01,W06,-11,-7,1,10,1.84,1.83,2043.3
EDGE-LOT-01,W06,-11,-6,1,10,2.25,1.76,2079.27
EDGE-LOT-01,W06,-11,-5,1,10,2.77,1.78,2048.63
EDGE-LOT-01,W06,-11,-4,1,11,2.98,1.85,2101.24
EDGE-LOT-01,W06,-11,-3,1,10,2.57,1.83,2077.33
EDGE-LOT-01,W06,-11,-2,1,10,2.5,1.82,2110.02
EDGE-LOT-01,W06,-11,-1,1,10,2.41,1.8,2095.24
EDGE-LOT-01,W06,-11,0,1,10,2.58,1.8,2119.15
EDGE-LOT-01,W06,-11,1,1,10,2.48,1.81,2130.96
EDGE-LOT-01,W06,-11,2,1,10,2.22,1.8,2040.71
EDGE-LOT-01,W06,-11,3,1,10,2.37,1.75,2075.7
EDGE-LOT-01,W06,-11,4,1,10,2.36,1.8,2133.15
EDGE-LOT-01,W06,-11,5,1,10,2.84,1.79,2099.62
EDGE-LOT-01,W06,-11,6,1,11,2.72,1.82,2097.59
EDGE-LOT-01,W06,-11,7,1,10,2.24,1.79,2139.17
EDGE-LOT-01,W06,-11,8,1,10,2.73,1.79,2092.19
EDGE-LOT-01,W06,-11,9,1,10,3.02,1.81,2125.63
EDGE-LOT-01,W06,-11,10,1,10,2.37,1.78,2089.51
EDGE-LOT-01,W06,-11,11,1,10,2.55,1.81,2106.95
EDGE-LOT-01,W06,-11,12,1,10,2.93,1.81,2136.68
EDGE-LOT-01,W06,-11,13,1,10,3.3,1.82,2126.97
EDGE-LOT-01,W06,-11,14,1,10,3.76,1.75,2085.89
EDGE-LOT-01,W06,-11,15,1,10,4.44,1.81,2001.41
EDGE-LOT-01,W06,-10,-16,1,10,4.94,1.71,2013.57
EDGE-LOT-01,W06,-10,-15,1,10,2.45,1.75,2034.83
EDGE-LOT-01,W06,-10,-14,1,10,2.47,1.76,2146.61
EDGE-LOT-01,W06,-10,-13,1,10,3.01,1.78,2125.83
EDGE-LOT-01,W06,-10,-12,1,10,2.84,1.86,2077.84
EDGE-LOT-01,W06,-10,-11,1,10,2.11,1.82,2098.86
EDGE-LOT-01,W06,-10,-10,1,10,2.72,1.8,2079.56
EDGE-LOT-01,W06,-10,-9,1,10,2.23,1.75,2105.75
EDGE-LOT-01,W06,-10,-8,1,11,2.55,1.76,2094.28
EDGE-LOT-01,W06,-10,-7,1,10,2.77,1.82,2089.98
EDGE-LOT-01,W06,-10,-6,1,10,2.1,1.78,2099.61
EDGE-LOT-01,W06,-10,-5,1,10,2.98,1.78,2104.35
EDGE-LOT-01,W06,-10,-4,1,10,3.07,1.78,2099.48
EDGE-LOT-01,W06,-10,-3,1,10,2.67,1.78,2070.96
EDGE-LOT-01,W06,-10,-2,1,10,3.04,1.81,2066.69
EDGE-LOT-01,W06,-10,-1,1,11,2.82,1.78,2093.38
EDGE-LOT-01,W06,-10,0,1,10,2.99,1.75,2075.22
EDGE-LOT-01,W06,-10,1,1,10,2.62,1.79,2083.08
EDGE-LOT-01,W06,-10,2,1,10,3.26,1.79,2114.05
EDGE-LOT-01,W06,-10,3,1,10,2.79,1.7,2059.59
EDGE-LOT-01,W06,-10,4,1,10,2.45,1.74,2090.29
EDGE-LOT-01,W06,-10,5,1,10,2.5,1.76,2105.86
EDGE-LOT-01,W06,-10,6,1,10,2.35,1.77,2127.93
EDGE-LOT-01,W06,-10,7,1,10,2.87,1.73,2055.02
EDGE-LOT-01,W06,-10,8,1,10,2.8,1.74,2103.94
EDGE-LOT-01,W06,-10,9,1,10,2.23,1.74,2063.84
EDGE-LOT-01,W06,-10,10,1,10,2.51,1.81,2132.82
EDGE-LOT-01,W06,-10,11,1,11,2.44,1.77,2078.43
EDGE-LOT-01,W06,-10,12,1,10,3.14,1.83,2071.42
EDGE-LOT-01,W06,-10,13,1,10,2.85,1.83,2081.67
EDGE-LOT-01,W06,-10,14,1,10,3.49,1.87,2091.82
EDGE-LOT-01,W06,-10,15,1,10,3.69,1.82,2084.37
EDGE-LOT-01,W06,-10,16,1,10,5.77,1.69,2060.22
EDGE-LOT-01,W06,-9,-17,2,22,4.77,1.66,1995.51
EDGE-LOT-01,W06,-9,-16,2,21,3.49,1.73,2067.71
EDGE-LOT-01,W06,-9,-15,1,10,2.53,1.76,2114.09
EDGE-LOT-01,W06,-9,-14,1,10,2.4,1.82,2126.27
EDGE-LOT-01,W06,-9,-13,1,10,2.22,1.81,2066.57
EDGE-LOT-01,W06,-9,-12,1,10,2.41,1.78,2115.09
EDGE-LOT-01,W06,-9,-11,1,10,2.74,1.75,2047.56
EDGE-LOT-01,W06,-9,-10,1,11,2.76,1.84,2082.56
EDGE-LOT-01,W06,-9,-9,1,10,2.72,1.76,2086.36
EDGE-LOT-01,W06,-9,-8,1,11,2.37,1.84,2119.03
EDGE-LOT-01,W06,-9,-7,1,10,2.38,1.84,2101.62
EDGE-LOT-01,W06,-9,-6,1,10,2.47,1.86,2102.73
EDGE-LOT-01,W06,-9,-5,1,10,2.19,1.82,2128.72
EDGE-LOT-01,W06,-9,-4,1,10,2.6,1.87,2072.33
EDGE-LOT-01,W06,-9,-3,1,10,1.96,1.81,2109.99
EDGE-LOT-01,W06,-9,-2,1,10,2.28,1.77,2111.84
EDGE-LOT-01,W06,-9,-1,1,10,2.32,1.78,2056.63
EDGE-LOT-01,W06,-9,0,1,10,2.46,1.81,2057.69
EDGE-LOT-01,W06,-9,1,1,10,2.19,1.85,2071.41
EDGE-LOT-01,W06,-9,2,1,10,2.42,1.79,2071.73
EDGE-LOT-01,W06,-9,3,1,11,2.34,1.82,2049.87
EDGE-LOT-01,W06,-9,4,1,10,2.19,1.78,2089.07
EDGE-LOT-01,W06,-9,5,1,10,2.09,1.78,2093.04
EDGE-LOT-01,W06,-9,6,1,10,3.46,1.82,2058.2
EDGE-LOT-01,W06,-9,7,1,10,2.56,1.82,2136.23
EDGE-LOT-01,W06,-9,8,1,10,2.03,1.83,2072.8
EDGE-LOT-01,W06,-9,9,1,11,2.7,1.76,2092.03
EDGE-LOT-01,W06,-9,10,1,10,1.92,1.79,2121.43
EDGE-LOT-01,W06,-9,11,1,10,2.3,1.83,2123.1
EDGE-LOT-01,W06,-9,12,1,10,1.88,1.78,2050.74
EDGE-LOT-01,W06,-9,13,1,10,3.13,1.79,2067.17
EDGE-LOT-01,W06,-9,14,1,10,2.98,1.8,2085.92
EDGE-LOT-01,W06,-9,15,1,10,2.53,1.81,2150.51
EDGE-LOT-01,W06,-9,16,1,10,2.93,1.71,2120.15
EDGE-LOT-01,W06,-9,17,1,10,4.57,1.71,2019.86
EDGE-LOT-01,W06,-8,-17,2,22,4.08,1.65,2057.6
EDGE-LOT-01,W06,-8,-16,1,10,3.67,1.8,2113.13
EDGE-LOT-01,W06,-8,-15,1,10,2.54,1.76,2093.69
EDGE-LOT-01,W06,-8,-14,1,10,2.84,1.79,2062.37
EDGE-LOT-01,W06,-8,-13,1,10,3.35,1.86,2072.56
EDGE-LOT-01,W06,-8,-12,1,10,2.14,1.77,2123.76
EDGE-LOT-01,W06,-8,-11,1,10,2.57,1.77,2084.1
EDGE-LOT-01,W06,-8,-10,1,10,2.27,1.86,2022.87
EDGE-LOT-01,W06,-8,-9,1,10,2.08,1.73,2098.36
EDGE-LOT-01,W06,-8,-8,1,10,2.58,1.8,2157.23
EDGE-LOT-01,W06,-8,-7,1,11,2.24,1.84,2066.63
EDGE-LOT-01,W06,-8,-6,1,10,2.71,1.78,2089.1
EDGE-LOT-01,W06,-8,-5,1,10,2.09,1.75,2119.73
EDGE-LOT-01,W06,-8,-4,1,10,1.58,1.76,2116.47
EDGE-LOT-01,W06,-8,-3,1,10,2.24,1.74,2115.01
EDGE-LOT-01,W06,-8,-2,1,10,2.56,1.88,2074.47
EDGE-LOT-01,W06,-8,-1,1,10,2.71,1.84,2140.16
EDGE-LOT-01,W06,-8,0,1,10,2.54,1.73,2092.49
EDGE-LOT-01,W06,-8,1,1,10,2.52,1.79,2139.57
EDGE-LOT-01,W06,-8,2,1,10,2.93,1.84,2107.27
EDGE-LOT-01,W06,-8,3,1,10,2.87,1.79,2108.19
EDGE-LOT-01,W06,-8,4,1,11,3.14,1.79,2058
EDGE-LOT-01,W06,-8,5,1,10,2.11,1.85,2077.36
EDGE-LOT-01,W06,-8,6,1,10,2.16,1.74,2099.35
EDGE-LOT-01,W06,-8,7,1,11,1.73,1.85,2127.84
EDGE-LOT-01,W06,-8,8,1,10,2.48,1.81,2153.58
EDGE-LOT-01,W06,-8,9,1,10,2.13,1.81,2072.63
EDGE-LOT-01,W06,-8,10,1,10,2.32,1.78,2099.15
EDGE-LOT-01,W06,-8,11,1,10,2.5,1.85,2076.45
EDGE-LOT-01,W06,-8,12,2,22,1.86,1.77,2119.8
EDGE-LOT-01,W06,-8,13,1,10,2.27,1.78,2090.3
EDGE-LOT-01,W06,-8,14,1,10,1.84,1.81,2102.76
EDGE-LOT-01,W06,-8,15,1,10,2.41,1.78,2136.59
EDGE-LOT-01,W06,-8,16,1,10,2.8,1.73,2087.75
EDGE-LOT-01,W06,-8,17,1,10,3.84,1.7,2086
EDGE-LOT-01,W06,-7,-17,3,31,3.3,1.74,2048.23
EDGE-LOT-01,W06,-7,-16,1,10,2.55,1.73,2002.11
EDGE-LOT-01,W06,-7,-15,1,10,2.31,1.8,2126.45
EDGE-LOT-01,W06,-7,-14,1,10,2.17,1.76,2077.12
EDGE-LOT-01,W06,-7,-13,1,10,2.41,1.78,2121.84
EDGE-LOT-01,W06,-7,-12,1,10,2.26,1.84,2048.51
EDGE-LOT-01,W06,-7,-11,1,10,2.04,1.77,2143.25
EDGE-LOT-01,W06,-7,-10,1,10,2.94,1.86,2131.76
EDGE-LOT-01,W06,-7,-9,1,10,2.76,1.81,2075.27
EDGE-LOT-01,W06,-7,-8,1,10,2.61,1.86,2068.83
EDGE-LOT-01,W06,-7,-7,1,10,2.63,1.87,2076.63
EDGE-LOT-01,W06,-7,-6,1,10,2.74,1.73,2098.33
EDGE-LOT-01,W06,-7,-5,1,10,2.4,1.78,2051.19
EDGE-LOT-01,W06,-7,-4,1,10,2.11,1.74,2103.83
EDGE-LOT-01,W06,-7,-3,1,10,2.32,1.81,2084.19
EDGE-LOT-01,W06,-7,-2,1,10,1.89,1.84,2143.92
EDGE-LOT-01,W06,-7,-1,1,11,2.92,1.83,2032.27
EDGE-LOT-01,W06,-7,0,1,10,3.15,1.76,2116.18
EDGE-LOT-01,W06,-7,1,1,10,1.88,1.83,2098.74
EDGE-LOT-01,W06,-7,2,1,10,2.92,1.81,2086.42
EDGE-LOT-01,W06,-7,3,1,10,2.52,1.83,2175.77
EDGE-LOT-01,W06,-7,4,1,10,2.25,1.88,2102.29
EDGE-LOT-01,W06,-7,5,2,21,2.7,1.9,2073.14
EDGE-LOT-01,W06,-7,6,1,10,2.31,1.83,2122.09
EDGE-LOT-01,W06,-7,7,1,10,2.34,1.75,2097.01
EDGE-LOT-01,W06,-7,8,1,10,2.43,1.8,2114.37
EDGE-LOT-01,W06,-7,9,1,10,2.93,1.78,2109.7
EDGE-LOT-01,W06,-7,10,1,10,3.3,1.78,2102.02
EDGE-LOT-01,W06,-7,11,1,10,2.79,1.81,2120.8
EDGE-LOT-01,W06,-7,12,1,10,2.8,1.72,2117.47
EDGE-LOT-01,W06,-7,13,1,10,3.03,1.8,2080.07
EDGE-LOT-01,W06,-7,14,1,10,2.84,1.79,2091.03
EDGE-LOT-01,W06,-7,15,1,10,2.58,1.83,2073.52
EDGE-LOT-01,W06,-7,16,1,10,3.61,1.74,2105.81
EDGE-LOT-01,W06,-7,17,3,31,3.64,1.7,2119.61
EDGE-LOT-01,W06,-6,-18,3,31,4.93,1.67,2008.88
EDGE-LOT-01,W06,-6,-17,1,11,3.78,1.75,2052.28
EDGE-LOT-01,W06,-6,-16,1,10,3.04,1.73,2145.18
EDGE-LOT-01,W06,-6,-15,1,10,2.57,1.77,2083.86
EDGE-LOT-01,W06,-6,-14,1,10,2.78,1.78,2142.69
EDGE-LOT-01,W06,-6,-13,1,10,1.77,1.75,2094.81
EDGE-LOT-01,W06,-6,-12,1,11,2.42,1.74,2069.81
EDGE-LOT-01,W06,-6,-11,1,10,2.91,1.85,2145.87
EDGE-LOT-01,W06,-6,-10,1,10,2.32,1.81,2134.51
EDGE-LOT-01,W06,-6,-9,1,10,3.49,1.82,2108.32
EDGE-LOT-01,W06,-6,-8,1,10,2.15,1.8,2074.64
EDGE-LOT-01,W06,-6,-7,1,10,2,1.79,2151.04
EDGE-LOT-01,W06,-6,-6,1,10,2.45,1.83,2117.53
EDGE-LOT-01,W06,-6,-5,1,10,3.33,1.77,2092.02
EDGE-LOT-01,W06,-6,-4,1,10,2.28,1.79,2115.35
EDGE-LOT-01,W06,-6,-3,1,10,2.27,1.76,2080.31
EDGE-LOT-01,W06,-6,-2,1,10,2.63,1.8,2103.64
EDGE-LOT-01,W06,-6,-1,1,10,2.23,1.78,2136.17
EDGE-LOT-01,W06,-6,0,1,10,3.1,1.75,2078.99
EDGE-LOT-01,W06,-6,1,1,10,2.16,1.72,2099.56
EDGE-LOT-01,W06,-6,2,1,10,2.97,1.79,2087.39
EDGE-LOT-01,W06,-6,3,1,10,2.37,1.76,2127.21
EDGE-LOT-01,W06,-6,4,1,11,1.63,1.77,2135.8
EDGE-LOT-01,W06,-6,5,1,10,2.21,1.78,2076.02
EDGE-LOT-01,W06,-6,6,1,11,2.38,1.76,2109.49
EDGE-LOT-01,W06,-6,7,1,10,2.49,1.83,2080.36
EDGE-LOT-01,W06,-6,8,1,10,2.7,1.73,2137.29
EDGE-LOT-01,W06,-6,9,1,10,2.03,1.82,2154.71
EDGE-LOT-01,W06,-6,10,1,10,2.72,1.78,2046.3
EDGE-LOT-01,W06,-6,11,1,10,2.03,1.67,2096.15
EDGE-LOT-01,W06,-6,12,1,10,2.27,1.84,2081.44
EDGE-LOT-01,W06,-6,13,1,10,2.54,1.81,2108.92
EDGE-LOT-01,W06,-6,14,1,10,2.74,1.84,2097.09
EDGE-LOT-01,W06,-6,15,1,10,2.91,1.7,2068.76
EDGE-LOT-01,W06,-6,16,1,10,1.82,1.77,2103.12
EDGE-LOT-01,W06,-6,17,1,10,3.13,1.81,2083.42
EDGE-LOT-01,W06,-6,18,1,10,3.94,1.71,1981.42
EDGE-LOT-01,W06,-5,-18,3,31,3.41,1.72,2034.19
EDGE-LOT-01,W06,-5,-17,1,10,3.71,1.7,2015.55
EDGE-LOT-01,W06,-5,-16,1,10,1.99,1.76,2106.71
EDGE-LOT-01,W06,-5,-15,1,10,2.47,1.8,2106.47
EDGE-LOT-01,W06,-5,-14,1,10,2.57,1.85,2098.58
EDGE-LOT-01,W06,-5,-13,1,10,2.18,1.83,2111.99
EDGE-LOT-01,W06,-5,-12,1,11,2.08,1.79,2113.15
EDGE-LOT-01,W06,-5,-11,1,10,3.18,1.75,2088.25
EDGE-LOT-01,W06,-5,-10,1,10,1.38,1.8,2095.23
EDGE-LOT-01,W06,-5,-9,1,10,3.09,1.82,2114.77
EDGE-LOT-01,W06,-5,-8,1,10,2.67,1.8,2094.43
EDGE-LOT-01,W06,-5,-7,1,10,2.74,1.88,2080.93
EDGE-LOT-01,W06,-5,-6,1,10,2.24,1.89,2120.54
EDGE-LOT-01,W06,-5,-5,1,10,3.47,1.82,2092.93
EDGE-LOT-01,W06,-5,-4,1,10,2.93,1.8,2100.48
EDGE-LOT-01,W06,-5,-3,1,10,2.39,1.79,2064.84
EDGE-LOT-01,W06,-5,-2,1,10,2.18,1.79,2112.45
EDGE-LOT-01,W06,-5,-1,1,10,3.02,1.81,2039.32
EDGE-LOT-01,W06,-5,0,1,10,2.24,1.84,2122.98
EDGE-LOT-01,W06,-5,1,1,10,2.76,1.82,2118.97
EDGE-LOT-01,W06,-5,2,1,10,3.04,1.83,2085.81
EDGE-LOT-01,W06,-5,3,1,10,2.72,1.81,2143.26
EDGE-LOT-01,W06,-5,4,1,11,2.12,1.78,2108.07
EDGE-LOT-01,W06,-5,5,1,10,2.53,1.86,2137.09
EDGE-LOT-01,W06,-5,6,1,10,2.87,1.83,2054.41
EDGE-LOT-01,W06,-5,7,1,10,2.35,1.82,2097.02
EDGE-LOT-01,W06,-5,8,1,10,2.2,1.81,2088.76
EDGE-LOT-01,W06,-5,9,1,10,2.99,1.79,2089.82
EDGE-LOT-01,W06,-5,10,1,11,2.62,1.76,2111.74
EDGE-LOT-01,W06,-5,11,1,10,1.72,1.79,2052.23
EDGE-LOT-01,W06,-5,12,1,10,1.93,1.79,2110.03
EDGE-LOT-01,W06,-5,13,1,10,2.61,1.84,2106.48
EDGE-LOT-01,W06,-5,14,1,10,2.22,1.77,2093.32
EDGE-LOT-01,W06,-5,15,1,10,2.4,1.84,2153.09
EDGE-LOT-01,W06,-5,16,1,10,2.96,1.8,2034.39
EDGE-LOT-01,W06,-5,17,1,10,3.5,1.73,2107.66
EDGE-LOT-01,W06,-5,18,2,22,4.38,1.66,2042.46
EDGE-LOT-01,W06,-4,-18,1,10,4.7,1.74,2051.79
EDGE-LOT-01,W06,-4,-17,1,10,3.21,1.72,2088.13
EDGE-LOT-01,W06,-4,-16,1,10,2.76,1.8,2070.79
EDGE-LOT-01,W06,-4,-15,1,10,1.95,1.73,2093.93
EDGE-LOT-01,W06,-4,-14,1,10,2.32,1.79,2106.93
EDGE-LOT-01,W06,-4,-13,1,10,2.86,1.83,2071.8
EDGE-LOT-01,W06,-4,-12,1,10,3.2,1.78,2103.72
EDGE-LOT-01,W06,-4,-11,1,10,2.76,1.81,2114.81
EDGE-LOT-01,W06,-4,-10,1,10,2.75,1.88,2123.74
EDGE-LOT-01,W06,-4,-9,1,11,1.68,1.78,2095.45
EDGE-LOT-01,W06,-4,-8,1,10,2.23,1.83,2105
EDGE-LOT-01,W06,-4,-7,1,10,1.93,1.77,2133.88
EDGE-LOT-01,W06,-4,-6,1,10,2.45,1.76,2121.7
EDGE-LOT-01,W06,-4,-5,1,10,2.32,1.77,2118.02
EDGE-LOT-01,W06,-4,-4,1,10,2.12,1.8,2138.45
EDGE-LOT-01,W06,-4,-3,1,10,2.43,1.88,2097.71
EDGE-LOT-01,W06,-4,-2,1,10,2.78,1.77,2113.41
EDGE-LOT-01,W06,-4,-1,1,10,2.8,1.83,2088.65
EDGE-LOT-01,W06,-4,0,1,10,2.69,1.75,2115.74
EDGE-LOT-01,W06,-4,1,1,10,2.49,1.8,2059.63
EDGE-LOT-01,W06,-4,2,1,10,1.62,1.82,2095.45
EDGE-LOT-01,W06,-4,3,1,10,2.35,1.78,2103.9
EDGE-LOT-01,W06,-4,4,1,10,2.45,1.77,2025.05
EDGE-LOT-01,W06,-4,5,1,10,2.7,1.87,2131.68
EDGE-LOT-01,W06,-4,6,1,10,2.15,1.82,1997.32
EDGE-LOT-01,W06,-4,7,3,31,2.6,1.82,2052.01
EDGE-LOT-01,W06,-4,8,1,10,2.66,1.81,2102
EDGE-LOT-01,W06,-4,9,1,10,1.98,1.76,2142.56
EDGE-LOT-01,W06,-4,10,1,10,2.36,1.77,2085.24
EDGE-LOT-01,W06,-4,11,1,10,2.56,1.84,2106.08
EDGE-LOT-01,W06,-4,12,1,10,2.14,1.8,2075.75
EDGE-LOT-01,W06,-4,13,1,10,3.13,1.83,2090.2
EDGE-LOT-01,W06,-4,14,1,10,2.12,1.81,2099.45
EDGE-LOT-01,W06,-4,15,1,10,2.47,1.79,2110.07
EDGE-LOT-01,W06,-4,16,1,10,2.84,1.78,2104.89
EDGE-LOT-01,W06,-4,17,1,10,2.95,1.77,2118.03
EDGE-LOT-01,W06,-4,18,1,10,3.72,1.76,2047.19
EDGE-LOT-01,W06,-3,-19,2,21,4.2,1.74,2022.01
EDGE-LOT-01,W06,-3,-18,1,10,4.86,1.72,2075.19
EDGE-LOT-01,W06,-3,-17,1,10,3.42,1.78,2078.97
EDGE-LOT-01,W06,-3,-16,1,10,2.76,1.83,2028.24
EDGE-LOT-01,W06,-3,-15,1,11,2.57,1.76,2097.52
EDGE-LOT-01,W06,-3,-14,1,10,2.68,1.78,2106.94
EDGE-LOT-01,W06,-3,-13,1,10,2.51,1.79,2159.17
EDGE-LOT-01,W06,-3,-12,1,10,3.04,1.72,2060.15
EDGE-LOT-01,W06,-3,-11,1,10,2.43,1.74,2078.2
EDGE-LOT-01,W06,-3,-10,1,10,2.3,1.82,2068.61
EDGE-LOT-01,W06,-3,-9,1,10,2.4,1.73,2154.33
EDGE-LOT-01,W06,-3,-8,1,10,2.95,1.82,2079.21
EDGE-LOT-01,W06,-3,-7,1,10,2.43,1.75,2144.09
EDGE-LOT-01,W06,-3,-6,1,10,2.85,1.82,2058.43
EDGE-LOT-01,W06,-3,-5,1,11,2.66,1.83,2098.23
EDGE-LOT-01,W06,-3,-4,1,10,2.57,1.79,2138.35
EDGE-LOT-01,W06,-3,-3,1,10,2.77,1.73,2061.35
EDGE-LOT-01,W06,-3,-2,1,11,2.4,1.79,2086.59
EDGE-LOT-01,W06,-3,-1,1,10,2.8,1.76,2066.86
EDGE-LOT-01,W06,-3,0,1,10,2.79,1.81,2100.83
EDGE-LOT-01,W06,-3,1,1,10,2.55,1.81,2104.24
EDGE-LOT-01,W06,-3,2,1,10,2.45,1.63,2093.41
EDGE-LOT-01,W06,-3,3,1,11,2.18,1.8,2107.36
EDGE-LOT-01,W06,-3,4,1,10,2.64,1.81,2116.48
EDGE-LOT-01,W06,-3,5,1,10,2.12,1.81,2099.48
EDGE-LOT-01,W06,-3,6,1,10,2.91,1.79,2125.33
EDGE-LOT-01,W06,-3,7,1,10,2.75,1.8,2055.6
EDGE-LOT-01,W06,-3,8,1,10,2.29,1.8,2087.65
EDGE-LOT-01,W06,-3,9,1,10,2.76,1.84,2114.02
EDGE-LOT-01,W06,-3,10,1,10,2.42,1.84,2128.77
EDGE-LOT-01,W06,-3,11,1,10,2.28,1.78,2057.02
EDGE-LOT-01,W06,-3,12,1,10,2.22,1.73,2078.78
EDGE-LOT-01,W06,-3,13,1,10,2.07,1.77,2160.01
EDGE-LOT-01,W06,-3,14,1,10,1.87,1.79,2110.83
EDGE-LOT-01,W06,-3,15,1,10,1.67,1.89,2073.61
EDGE-LOT-01,W06,-3,16,1,10,2.62,1.85,2090.02
EDGE-LOT-01,W06,-3,17,1,10,2.96,1.77,2112.11
EDGE-LOT-01,W06,-3,18,1,10,3.42,1.7,2084.5
EDGE-LOT-01,W06,-3,19,1,10,4.21,1.71,2002.31
EDGE-LOT-01,W06,-2,-19,2,22,4.36,1.71,2056.75
EDGE-LOT-01,W06,-2,-18,1,10,2.83,1.73,2055.9
EDGE-LOT-01,W06,-2,-17,1,10,2.62,1.82,2110.26
EDGE-LOT-01,W06,-2,-16,1,10,2.48,1.84,2077.81
EDGE-LOT-01,W06,-2,-15,1,10,2.09,1.79,2094.1
EDGE-LOT-01,W06,-2,-14,1,10,2.97,1.79,2068.72
EDGE-LOT-01,W06,-2,-13,1,10,2.24,1.82,2104.53
EDGE-LOT-01,W06,-2,-12,1,11,2.61,1.74,2066.86
EDGE-LOT-01,W06,-2,-11,1,10,2.71,1.79,2072.36
EDGE-LOT-01,W06,-2,-10,1,10,1.8,1.81,2118.08
EDGE-LOT-01,W06,-2,-9,1,10,2.68,1.82,2049.29
EDGE-LOT-01,W06,-2,-8,1,10,2.82,1.79,2119.76
EDGE-LOT-01,W06,-2,-7,1,10,3.12,1.8,2116.28
EDGE-LOT-01,W06,-2,-6,1,10,2.33,1.82,2099.94
EDGE-LOT-01,W06,-2,-5,1,10,2.86,1.83,2104.87
EDGE-LOT-01,W06,-2,-4,1,10,3.08,1.82,2088.37
EDGE-LOT-01,W06,-2,-3,1,10,2.32,1.8,2109.64
EDGE-LOT-01,W06,-2,-2,1,10,2.74,1.75,2101.5
EDGE-LOT-01,W06,-2,-1,1,10,2.3,1.78,2091.92
EDGE-LOT-01,W06,-2,0,1,10,3.41,1.85,2101.47
EDGE-LOT-01,W06,-2,1,1,10,1.77,1.79,2046.69
EDGE-LOT-01,W06,-2,2,1,10,2.39,1.76,2118.16
EDGE-LOT-01,W06,-2,3,1,10,2.42,1.79,2109.41
EDGE-LOT-01,W06,-2,4,1,11,2.81,1.82,2104.25
EDGE-LOT-01,W06,-2,5,1,10,1.89,1.71,2088.82
EDGE-LOT-01,W06,-2,6,1,10,1.8,1.77,2120.94
EDGE-LOT-01,W06,-2,7,1,10,2.52,1.79,2152.81
EDGE-LOT-01,W06,-2,8,1,10,2,1.84,2114.75
EDGE-LOT-01,W06,-2,9,1,10,3.27,1.89,2146.57
EDGE-LOT-01,W06,-2,10,1,10,1.7,1.79,2067.1
EDGE-LOT-01,W06,-2,11,1,10,3.03,1.77,2033.69
EDGE-LOT-01,W06,-2,12,1,10,2.54,1.85,2100.71
EDGE-LOT-01,W06,-2,13,1,10,2.18,1.84,2102.44
EDGE-LOT-01,W06,-2,14,1,10,2.74,1.79,2127.71
EDGE-LOT-01,W06,-2,15,1,11,2.29,1.83,2054.04
EDGE-LOT-01,W06,-2,16,1,10,2.58,1.82,2089.5
EDGE-LOT-01,W06,-2,17,1,10,2.43,1.77,2107.93
EDGE-LOT-01,W06,-2,18,1,10,1.98,1.77,2051.01
EDGE-LOT-01,W06,-2,19,2,22,4.02,1.75,1975.94
EDGE-LOT-01,W06,-1,-19,2,21,3.47,1.65,2060.96
EDGE-LOT-01,W06,-1,-18,1,10,3.2,1.68,2018.53
EDGE-LOT-01,W06,-1,-17,1,10,2.79,1.82,2086.41
EDGE-LOT-01,W06,-1,-16,1,10,2.9,1.79,2102.67
EDGE-LOT-01,W06,-1,-15,1,10,2.41,1.74,2162.14
EDGE-LOT-01,W06,-1,-14,1,10,3.38,1.84,2072.74
EDGE-LOT-01,W06,-1,-13,1,10,2.34,1.77,2068.59
EDGE-LOT-01,W06,-1,-12,1,10,2.79,1.83,2093.64
EDGE-LOT-01,W06,-1,-11,1,10,2.57,1.88,2106.2
EDGE-LOT-01,W06,-1,-10,1,10,2.43,1.84,2094.9
EDGE-LOT-01,W06,-1,-9,1,10,2.09,1.78,2194.16
EDGE-LOT-01,W06,-1,-8,1,10,2.32,1.8,2127.95
EDGE-LOT-01,W06,-1,-7,1,11,2.72,1.74,2077.72
EDGE-LOT-01,W06,-1,-6,1,10,2.71,1.82,2095.63
EDGE-LOT-01,W06,-1,-5,1,10,2.58,1.81,2129.56
EDGE-LOT-01,W06,-1,-4,1,10,2.17,1.86,2093.54
EDGE-LOT-01,W06,-1,-3,1,10,3.11,1.74,2108.41
EDGE-LOT-01,W06,-1,-2,1,10,2.86,1.82,2110.35
EDGE-LOT-01,W06,-1,-1,1,10,2.33,1.85,2107.51
EDGE-LOT-01,W06,-1,0,1,10,2.83,1.82,2104.02
EDGE-LOT-01,W06,-1,1,1,10,2.55,1.73,2058.65
EDGE-LOT-01,W06,-1,2,1,10,2.79,1.75,2100.45
EDGE-LOT-01,W06,-1,3,1,10,2.29,1.78,2091.26
EDGE-LOT-01,W06,-1,4,1,10,2.7,1.89,2108.13
EDGE-LOT-01,W06,-1,5,1,10,2.06,1.82,2104.19
EDGE-LOT-01,W06,-1,6,1,10,2.96,1.79,2015.56
EDGE-LOT-01,W06,-1,7,1,10,2.7,1.81,2123.79
EDGE-LOT-01,W06,-1,8,1,10,2.63,1.87,2113.16
EDGE-LOT-01,W06,-1,9,1,10,2.58,1.81,2043.15
EDGE-LOT-01,W06,-1,10,1,10,3.07,1.77,2049.01
EDGE-LOT-01,W06,-1,11,1,10,3.11,1.73,2084.16
EDGE-LOT-01,W06,-1,12,1,10,2.67,1.76,2115.13
EDGE-LOT-01,W06,-1,13,1,10,2.08,1.76,2097.69
EDGE-LOT-01,W06,-1,14,1,10,2.34,1.75,2119.33
EDGE-LOT-01,W06,-1,15,1,10,2.76,1.82,2142.7
EDGE-LOT-01,W06,-1,16,1,10,2.05,1.79,2088.08
EDGE-LOT-01,W06,-1,17,1,10,2.62,1.72,2139.24
EDGE-LOT-01,W06,-1,18,1,11,2.93,1.7,2013.28
EDGE-LOT-01,W06,-1,19,2,22,4.92,1.73,2047.32
EDGE-LOT-01,W06,0,-19,3,31,4.79,1.69,2036.94
EDGE-LOT-01,W06,0,-18,1,10,3.63,1.71,2084.27
EDGE-LOT-01,W06,0,-17,1,10,2.03,1.8,2100.13
EDGE-LOT-01,W06,0,-16,1,10,2.48,1.74,2074.93
EDGE-LOT-01,W06,0,-15,1,10,2.81,1.79,2081.13
EDGE-LOT-01,W06,0,-14,1,10,2.59,1.83,2084.96
EDGE-LOT-01,W06,0,-13,1,10,2.54,1.8,2114.98
EDGE-LOT-01,W06,0,-12,1,10,2.11,1.84,2073.71
EDGE-LOT-01,W06,0,-11,1,10,2.94,1.82,2129.99
EDGE-LOT-01,W06,0,-10,1,10,2.05,1.76,2112.88
EDGE-LOT-01,W06,0,-9,1,10,2.61,1.75,2074.63
EDGE-LOT-01,W06,0,-8,1,10,2.14,1.8,2079.98
EDGE-LOT-01,W06,0,-7,1,10,2.94,1.84,2130.4
EDGE-LOT-01,W06,0,-6,1,10,2.38,1.87,2095.09
EDGE-LOT-01,W06,0,-5,1,10,2.92,1.74,2081.6
EDGE-LOT-01,W06,0,-4,1,10,2.09,1.77,2073.17
EDGE-LOT-01,W06,0,-3,1,10,2.1,1.81,2122.86
EDGE-LOT-01,W06,0,-2,1,10,2.85,1.83,2116.14
EDGE-LOT-01,W06,0,-1,1,10,2.41,1.8,2119.72
EDGE-LOT-01,W06,0,0,1,10,2.64,1.74,2067.73
EDGE-LOT-01,W06,0,1,1,10,2.94,1.77,2094.74
EDGE-LOT-01,W06,0,2,1,10,2.68,1.83,2067.61
EDGE-LOT-01,W06,0,3,1,10,2.98,1.86,2099.61
EDGE-LOT-01,W06,0,4,1,10,2.56,1.85,2068.36
EDGE-LOT-01,W06,0,5,1,10,2.47,1.77,2071.32
EDGE-LOT-01,W06,0,6,1,10,1.69,1.86,2146.19
EDGE-LOT-01,W06,0,7,1,10,1.85,1.82,2094.11
EDGE-LOT-01,W06,0,8,1,10,2.67,1.79,2133.84
EDGE-LOT-01,W06,0,9,1,10,2.41,1.87,2055.89
EDGE-LOT-01,W06,0,10,1,10,1.79,1.73,2145.69
EDGE-LOT-01,W06,0,11,1,10,2.57,1.87,2107.16
EDGE-LOT-01,W06,0,12,1,10,2.13,1.8,2133.54
EDGE-LOT-01,W06,0,13,1,10,2.03,1.84,2083.83
EDGE-LOT-01,W06,0,14,1,10,2.87,1.82,2133.25
EDGE-LOT-01,W06,0,15,1,10,2.26,1.8,2047.63
EDGE-LOT-01,W06,0,16,1,10,2.27,1.74,2098.17
EDGE-LOT-01,W06,0,17,1,10,2.31,1.8,2143.54
EDGE-LOT-01,W06,0,18,1,10,3.86,1.73,2085.29
EDGE-LOT-01,W06,0,19,1,10,4.21,1.71,2019.57
EDGE-LOT-01,W06,1,-19,1,10,5.41,1.68,2058.92
EDGE-LOT-01,W06,1,-18,1,10,3.98,1.7,2064.48
EDGE-LOT-01,W06,1,-17,1,10,3.12,1.77,2142.41
EDGE-LOT-01,W06,1,-16,1,10,2.57,1.81,2107.92
EDGE-LOT-01,W06,1,-15,1,10,2.49,1.78,2150.47
EDGE-LOT-01,W06,1,-14,1,10,3.05,1.74,2102.77
EDGE-LOT-01,W06,1,-13,1,10,2.5,1.77,2054.11
EDGE-LOT-01,W06,1,-12,1,11,2.33,1.81,2138.05
EDGE-LOT-01,W06,1,-11,1,10,2.51,1.79,2080.85
EDGE-LOT-01,W06,1,-10,1,10,2.35,1.75,2092.43
EDGE-LOT-01,W06,1,-9,1,10,2.59,1.8,2100.88
EDGE-LOT-01,W06,1,-8,1,10,3.2,1.74,2075.83
EDGE-LOT-01,W06,1,-7,1,10,2.17,1.83,2146.48
EDGE-LOT-01,W06,1,-6,1,10,2.63,1.76,2108.72
EDGE-LOT-01,W06,1,-5,1,10,2.89,1.76,2141.54
EDGE-LOT-01,W06,1,-4,1,10,2.89,1.76,2149.69
EDGE-LOT-01,W06,1,-3,1,10,2.33,1.83,2129.57
EDGE-LOT-01,W06,1,-2,1,10,2.35,1.76,2086.53
EDGE-LOT-01,W06,1,-1,1,10,2.91,1.75,2097.46
EDGE-LOT-01,W06,1,0,1,10,3.07,1.79,2110.65
EDGE-LOT-01,W06,1,1,1,10,2.94,1.8,2078.07
EDGE-LOT-01,W06,1,2,1,10,2.63,1.81,2105.05
EDGE-LOT-01,W06,1,3,1,10,3.23,1.74,2113.72
EDGE-LOT-01,W06,1,4,1,10,3.23,1.78,2113.37
EDGE-LOT-01,W06,1,5,1,10,2.39,1.71,2154.02
EDGE-LOT-01,W06,1,6,1,10,2.32,1.82,2061.02
EDGE-LOT-01,W06,1,7,1,10,2.67,1.82,2106.68
EDGE-LOT-01,W06,1,8,1,10,2.71,1.78,2092.5
EDGE-LOT-01,W06,1,9,1,10,3.26,1.83,2109.86
EDGE-LOT-01,W06,1,10,1,10,2.24,1.84,2025.22
EDGE-LOT-01,W06,1,11,1,10,2.52,1.82,2142.93
EDGE-LOT-01,W06,1,12,1,10,2.9,1.82,2102.11
EDGE-LOT-01,W06,1,13,1,10,2.67,1.8,2078
EDGE-LOT-01,W06,1,14,1,10,2.79,1.84,2101.66
EDGE-LOT-01,W06,1,15,1,11,2.54,1.84,2140.97
EDGE-LOT-01,W06,1,16,1,10,2.55,1.83,2077.06
EDGE-LOT-01,W06,1,17,1,10,2.5,1.76,2111.16
EDGE-LOT-01,W06,1,18,1,10,3.73,1.75,2002.02
EDGE-LOT-01,W06,1,19,1,10,4.74,1.69,1982.09
EDGE-LOT-01,W06,2,-19,1,10,3.56,1.75,2025.31
EDGE-LOT-01,W06,2,-18,1,10,4.39,1.7,2100.54
EDGE-LOT-01,W06,2,-17,1,10,3.05,1.78,2089.55
EDGE-LOT-01,W06,2,-16,1,10,2,1.83,2074.73
EDGE-LOT-01,W06,2,-15,1,11,2.57,1.85,2151.52
EDGE-LOT-01,W06,2,-14,1,10,2.3,1.76,2108.29
EDGE-LOT-01,W06,2,-13,1,10,2.67,1.8,2024.55
EDGE-LOT-01,W06,2,-12,1,10,2.99,1.78,2136.79
EDGE-LOT-01,W06,2,-11,1,10,2.21,1.79,2107.28
EDGE-LOT-01,W06,2,-10,1,10,1.8,1.77,2079.45
EDGE-LOT-01,W06,2,-9,1,10,2.81,1.87,2124.69
EDGE-LOT-01,W06,2,-8,1,10,2.24,1.85,2090.77
EDGE-LOT-01,W06,2,-7,1,10,2.86,1.86,2104.66
EDGE-LOT-01,W06,2,-6,1,10,2.48,1.82,2068.89
EDGE-LOT-01,W06,2,-5,1,10,2.48,1.82,2082.43
EDGE-LOT-01,W06,2,-4,1,10,1.78,1.87,2087.33
EDGE-LOT-01,W06,2,-3,1,10,2.85,1.75,2140.27
EDGE-LOT-01,W06,2,-2,1,11,3.5,1.81,2068.44
EDGE-LOT-01,W06,2,-1,1,10,2.3,1.78,2103.99
EDGE-LOT-01,W06,2,0,1,10,2.25,1.79,2133.43
EDGE-LOT-01,W06,2,1,1,10,2.55,1.83,2082.08
EDGE-LOT-01,W06,2,2,1,10,2.66,1.8,2135.56
EDGE-LOT-01,W06,2,3,1,10,3.36,1.82,2131.79
EDGE-LOT-01,W06,2,4,1,10,3.07,1.88,2138.64
EDGE-LOT-01,W06,2,5,1,10,2.52,1.84,2065.44
EDGE-LOT-01,W06,2,6,3,31,2.9,1.86,2057.53
EDGE-LOT-01,W06,2,7,1,10,2.75,1.78,2137.86
EDGE-LOT-01,W06,2,8,1,10,2.98,1.82,2169.26
EDGE-LOT-01,W06,2,9,1,10,2.25,1.77,2072.85
EDGE-LOT-01,W06,2,10,1,10,2.57,1.84,2058.93
EDGE-LOT-01,W06,2,11,1,11,1.87,1.74,2088.58
EDGE-LOT-01,W06,2,12,1,10,2.37,1.84,2054.25
EDGE-LOT-01,W06,2,13,1,10,2.41,1.8,2087.34
EDGE-LOT-01,W06,2,14,1,10,2.03,1.78,2108.43
EDGE-LOT-01,W06,2,15,1,10,2.84,1.81,2131.38
EDGE-LOT-01,W06,2,16,1,10,2.23,1.79,2066.39
EDGE-LOT-01,W06,2,17,1,10,2.39,1.86,2141.93
EDGE-LOT-01,W06,2,18,1,10,3.6,1.73,2021.55
EDGE-LOT-01,W06,2,19,1,10,4.61,1.69,2006.28
EDGE-LOT-01,W06,3,-19,2,22,5,1.7,2010.38
EDGE-LOT-01,W06,3,-18,1,10,3.24,1.76,2100.84
EDGE-LOT-01,W06,3,-17,1,10,3.11,1.76,2090.79
EDGE-LOT-01,W06,3,-16,1,10,2.98,1.83,2094.47
EDGE-LOT-01,W06,3,-15,1,10,2.93,1.74,2132.05
EDGE-LOT-01,W06,3,-14,1,11,2.45,1.78,2165.48
EDGE-LOT-01,W06,3,-13,1,10,2.69,1.8,2118.19
EDGE-LOT-01,W06,3,-12,1,10,2.62,1.83,2092.93
EDGE-LOT-01,W06,3,-11,1,10,1.99,1.88,2135.8
EDGE-LOT-01,W06,3,-10,1,10,2.74,1.85,2074.58
EDGE-LOT-01,W06,3,-9,1,10,2.42,1.79,2089.25
EDGE-LOT-01,W06,3,-8,1,10,2.8,1.87,2137.18
EDGE-LOT-01,W06,3,-7,1,10,2.85,1.73,2069.42
EDGE-LOT-01,W06,3,-6,1,10,2.2,1.78,2091.83
EDGE-LOT-01,W06,3,-5,1,10,1.87,1.78,2106.53
EDGE-LOT-01,W06,3,-4,1,10,3.17,1.8,2117.63
EDGE-LOT-01,W06,3,-3,1,10,2.06,1.91,2127.44
EDGE-LOT-01,W06,3,-2,1,10,2.84,1.79,2084.22
EDGE-LOT-01,W06,3,-1,1,11,2.79,1.81,2082.42
EDGE-LOT-01,W06,3,0,1,10,2.81,1.7,2117.37
EDGE-LOT-01,W06,3,1,1,10,1.85,1.86,2107.92
EDGE-LOT-01,W06,3,2,1,10,2.12,1.81,2098.93
EDGE-LOT-01,W06,3,3,1,11,3.01,1.79,2107.5
EDGE-LOT-01,W06,3,4,1,10,2.23,1.83,2071.79
EDGE-LOT-01,W06,3,5,1,10,2.78,1.81,2071.49
EDGE-LOT-01,W06,3,6,1,10,2.46,1.83,2082.22
EDGE-LOT-01,W06,3,7,1,10,2.88,1.79,2115.94
EDGE-LOT-01,W06,3,8,1,11,2.82,1.83,2071.3
EDGE-LOT-01,W06,3,9,1,10,2.99,1.81,2071.92
EDGE-LOT-01,W06,3,10,1,10,2.98,1.83,2112.85
EDGE-LOT-01,W06,3,11,1,10,2.39,1.79,2100.03
EDGE-LOT-01,W06,3,12,1,10,2.03,1.87,2091.5
EDGE-LOT-01,W06,3,13,1,10,2.42,1.85,2084.12
EDGE-LOT-01,W06,3,14,1,10,2.38,1.79,2110.33
EDGE-LOT-01,W06,3,15,1,10,2.63,1.85,2057.73
EDGE-LOT-01,W06,3,16,1,10,2.41,1.81,2124.73
EDGE-LOT-01,W06,3,17,1,11,2.66,1.78,2091.77
EDGE-LOT-01,W06,3,18,2,22,4.36,1.71,2027.12
EDGE-LOT-01,W06,3,19,3,31,5.21,1.74,2003.19
EDGE-LOT-01,W06,4,-18,2,22,3.65,1.77,2018.02
EDGE-LOT-01,W06,4,-17,1,10,2.55,1.78,2042.23
EDGE-LOT-01,W06,4,-16,1,10,2.65,1.77,2081.66
EDGE-LOT-01,W06,4,-15,1,10,1.89,1.73,2111.85
EDGE-LOT-01,W06,4,-14,1,10,2.16,1.78,2091.17
EDGE-LOT-01,W06,4,-13,1,10,2.83,1.8,2106.74
EDGE-LOT-01,W06,4,-12,1,10,2.29,1.77,2113.29
EDGE-LOT-01,W06,4,-11,1,10,1.8,1.8,2084.98
EDGE-LOT-01,W06,4,-10,1,10,2.11,1.83,2089.2
EDGE-LOT-01,W06,4,-9,1,10,2.75,1.74,2113.45
EDGE-LOT-01,W06,4,-8,1,10,2.82,1.83,2091.74
EDGE-LOT-01,W06,4,-7,1,10,1.57,1.76,2104.9
EDGE-LOT-01,W06,4,-6,1,10,3.04,1.79,2140.58
EDGE-LOT-01,W06,4,-5,1,10,2.97,1.84,2080.91
EDGE-LOT-01,W06,4,-4,1,11,2.96,1.81,2123.14
EDGE-LOT-01,W06,4,-3,1,10,1.91,1.8,2130.02
EDGE-LOT-01,W06,4,-2,1,10,2.02,1.84,2096.1
EDGE-LOT-01,W06,4,-1,1,10,2.52,1.76,2156.36
EDGE-LOT-01,W06,4,0,1,10,2.4,1.76,2104.17
EDGE-LOT-01,W06,4,1,1,10,2.17,1.85,2081.36
EDGE-LOT-01,W06,4,2,1,11,1.87,1.81,2114.88
EDGE-LOT-01,W06,4,3,1,10,2.45,1.8,2117.69
EDGE-LOT-01,W06,4,4,1,10,3.09,1.85,2089.94
EDGE-LOT-01,W06,4,5,1,10,2.2,1.76,2104.78
EDGE-LOT-01,W06,4,6,1,10,2.55,1.84,2137.1
EDGE-LOT-01,W06,4,7,1,10,2.54,1.84,2138.19
EDGE-LOT-01,W06,4,8,1,10,3.09,1.79,2144.49
EDGE-LOT-01,W06,4,9,1,10,2.21,1.92,2109.35
EDGE-LOT-01,W06,4,10,1,10,2.93,1.81,2134.86
EDGE-LOT-01,W06,4,11,1,10,3.29,1.8,2112.31
EDGE-LOT-01,W06,4,12,1,10,2.87,1.79,2054.64
EDGE-LOT-01,W06,4,13,1,10,2.69,1.74,2067.28
EDGE-LOT-01,W06,4,14,1,10,2.58,1.85,2083.38
EDGE-LOT-01,W06,4,15,1,10,2.14,1.79,2109.58
EDGE-LOT-01,W06,4,16,1,10,2.26,1.81,2077.48
EDGE-LOT-01,W06,4,17,1,10,2.17,1.84,2151.29
EDGE-LOT-01,W06,4,18,1,10,3.47,1.66,2016.58
EDGE-LOT-01,W06,5,-18,1,10,4.75,1.66,2086.27
EDGE-LOT-01,W06,5,-17,1,10,3.57,1.82,2037.66
EDGE-LOT-01,W06,5,-16,1,10,2.3,1.88,2098.29
EDGE-LOT-01,W06,5,-15,1,10,2.82,1.73,2130.43
EDGE-LOT-01,W06,5,-14,1,10,2.68,1.75,2071.56
EDGE-LOT-01,W06,5,-13,1,10,2.12,1.84,2135.04
EDGE-LOT-01,W06,5,-12,1,10,2.38,1.78,2074.8
EDGE-LOT-01,W06,5,-11,1,10,2.23,1.78,2100.19
EDGE-LOT-01,W06,5,-10,1,10,2.72,1.83,2140.92
EDGE-LOT-01,W06,5,-9,1,10,2.44,1.78,2056.31
EDGE-LOT-01,W06,5,-8,1,10,2.8,1.76,2077.82
EDGE-LOT-01,W06,5,-7,1,10,2.95,1.84,2080.31
EDGE-LOT-01,W06,5,-6,1,10,3.18,1.79,2154.45
EDGE-LOT-01,W06,5,-5,1,11,3.04,1.83,2120.19
EDGE-LOT-01,W06,5,-4,1,10,2.3,1.81,2114.15
EDGE-LOT-01,W06,5,-3,1,10,2.37,1.81,2136.53
EDGE-LOT-01,W06,5,-2,1,10,2.3,1.78,2071.51
EDGE-LOT-01,W06,5,-1,1,10,2.76,1.76,2093.4
EDGE-LOT-01,W06,5,0,1,10,2.62,1.82,2106.29
EDGE-LOT-01,W06,5,1,1,10,2.58,1.76,2106.7
EDGE-LOT-01,W06,5,2,1,10,1.91,1.81,2084.51
EDGE-LOT-01,W06,5,3,1,11,2.91,1.72,2114.67
EDGE-LOT-01,W06,5,4,1,10,2.37,1.75,2116.27
EDGE-LOT-01,W06,5,5,1,10,1.74,1.82,2076.73
EDGE-LOT-01,W06,5,6,1,10,2.68,1.78,2081.42
EDGE-LOT-01,W06,5,7,1,10,2.33,1.72,2069.15
EDGE-LOT-01,W06,5,8,1,10,2.43,1.85,2036.4
EDGE-LOT-01,W06,5,9,1,10,1.52,1.82,2062.59
EDGE-LOT-01,W06,5,10,1,10,2.34,1.86,2091.89
EDGE-LOT-01,W06,5,11,1,10,2.28,1.79,2128.09
EDGE-LOT-01,W06,5,12,1,10,2.53,1.77,2111.37
EDGE-LOT-01,W06,5,13,1,10,2.22,1.84,2072.35
EDGE-LOT-01,W06,5,14,1,10,2.54,1.77,2094.66
EDGE-LOT-01,W06,5,15,1,10,2.32,1.78,2064.97
EDGE-LOT-01,W06,5,16,1,10,1.5,1.81,2109.22
EDGE-LOT-01,W06,5,17,1,10,3.01,1.76,2058.4
EDGE-LOT-01,W06,5,18,1,10,4.51,1.75,2029.77
EDGE-LOT-01,W06,6,-18,2,22,6.23,1.68,2035.73
EDGE-LOT-01,W06,6,-17,1,10,2.89,1.81,2020.84
EDGE-LOT-01,W06,6,-16,1,10,2.65,1.83,2075.43
EDGE-LOT-01,W06,6,-15,1,10,1.77,1.79,2087.2
EDGE-LOT-01,W06,6,-14,1,10,2.58,1.82,2116.66
EDGE-LOT-01,W06,6,-13,1,10,1.94,1.88,2145.42
EDGE-LOT-01,W06,6,-12,1,10,2.73,1.78,2036.57
EDGE-LOT-01,W06,6,-11,1,10,2.21,1.82,2115.74
EDGE-LOT-01,W06,6,-10,1,10,2.08,1.84,2105.35
EDGE-LOT-01,W06,6,-9,1,10,2.41,1.75,2160.99
EDGE-LOT-01,W06,6,-8,1,10,1.69,1.76,2095.77
EDGE-LOT-01,W06,6,-7,1,10,2.78,1.75,2114.01
EDGE-LOT-01,W06,6,-6,1,10,2.44,1.82,2093.67
EDGE-LOT-01,W06,6,-5,1,10,2.9,1.8,2052.85
EDGE-LOT-01,W06,6,-4,1,10,2.82,1.8,2107.06
EDGE-LOT-01,W06,6,-3,1,10,2.92,1.76,2124.22
EDGE-LOT-01,W06,6,-2,1,10,2.36,1.72,2040.54
EDGE-LOT-01,W06,6,-1,1,10,2.37,1.77,2089.6
EDGE-LOT-01,W06,6,0,1,10,2.6,1.81,2055.88
EDGE-LOT-01,W06,6,1,1,10,2.12,1.77,2060.61
EDGE-LOT-01,W06,6,2,1,10,2.25,1.78,2126.38
EDGE-LOT-01,W06,6,3,1,10,2.46,1.8,2141.44
EDGE-LOT-01,W06,6,4,1,10,2.62,1.84,2117.5
EDGE-LOT-01,W06,6,5,1,10,2.15,1.7,2072.74
EDGE-LOT-01,W06,6,6,1,10,2.62,1.85,2077.89
EDGE-LOT-01,W06,6,7,1,10,2.88,1.8,2108.12
EDGE-LOT-01,W06,6,8,1,10,2.41,1.76,2099.91
EDGE-LOT-01,W06,6,9,1,11,2.61,1.79,2113.33
EDGE-LOT-01,W06,6,10,1,10,3.31,1.77,2112.68
EDGE-LOT-01,W06,6,11,1,10,2.59,1.83,2094.93
EDGE-LOT-01,W06,6,12,1,10,2.58,1.79,2124.93
EDGE-LOT-01,W06,6,13,1,10,2.01,1.81,2125.47
EDGE-LOT-01,W06,6,14,1,10,2.08,1.84,2039.64
EDGE-LOT-01,W06,6,15,1,10,2.53,1.77,2056.45
EDGE-LOT-01,W06,6,16,1,10,2.74,1.73,2111.29
EDGE-LOT-01,W06,6,17,1,10,3.15,1.72,2103.11
EDGE-LOT-01,W06,6,18,2,22,4.04,1.7,2031.29
EDGE-LOT-01,W06,7,-17,1,10,3.93,1.67,2091.44
EDGE-LOT-01,W06,7,-16,1,10,2.69,1.8,2066.17
EDGE-LOT-01,W06,7,-15,1,10,2.27,1.83,2117.5
EDGE-LOT-01,W06,7,-14,1,10,2.77,1.73,2102.93
EDGE-LOT-01,W06,7,-13,1,10,2.62,1.81,2087.65
EDGE-LOT-01,W06,7,-12,1,10,2.27,1.77,2139.83
EDGE-LOT-01,W06,7,-11,1,10,2.12,1.8,2135.88
EDGE-LOT-01,W06,7,-10,1,10,2.03,1.76,2115.4
EDGE-LOT-01,W06,7,-9,1,10,3.18,1.79,2085.24
EDGE-LOT-01,W06,7,-8,1,10,2.52,1.84,2120.06
EDGE-LOT-01,W06,7,-7,1,10,2.91,1.72,2117.78
EDGE-LOT-01,W06,7,-6,1,10,2.9,1.78,2084.46
EDGE-LOT-01,W06,7,-5,1,10,2.33,1.77,2107.67
EDGE-LOT-01,W06,7,-4,1,10,3.16,1.86,2061.84
EDGE-LOT-01,W06,7,-3,1,10,2.58,1.76,2160.93
EDGE-LOT-01,W06,7,-2,1,10,3.13,1.71,2153.89
EDGE-LOT-01,W06,7,-1,1,10,2.11,1.8,2103.72
EDGE-LOT-01,W06,7,0,1,10,2.18,1.88,2112.85
EDGE-LOT-01,W06,7,1,1,10,2.05,1.88,2121.39
EDGE-LOT-01,W06,7,2,1,10,2.45,1.83,2097.86
EDGE-LOT-01,W06,7,3,1,10,3.03,1.86,2057.17
EDGE-LOT-01,W06,7,4,1,10,2.68,1.77,2114.07
EDGE-LOT-01,W06,7,5,1,10,2.37,1.81,2075.42
EDGE-LOT-01,W06,7,6,1,10,2.19,1.83,2038.86
EDGE-LOT-01,W06,7,7,1,10,2.9,1.81,2100.35
EDGE-LOT-01,W06,7,8,1,10,2.86,1.85,2075.58
EDGE-LOT-01,W06,7,9,1,10,2.66,1.83,1997.61
EDGE-LOT-01,W06,7,10,1,10,3.17,1.83,2124.91
EDGE-LOT-01,W06,7,11,1,10,2.39,1.81,2133.44
EDGE-LOT-01,W06,7,12,1,10,2.12,1.8,2142.62
EDGE-LOT-01,W06,7,13,1,10,1.9,1.82,2101.61
EDGE-LOT-01,W06,7,14,1,11,2.61,1.82,2153.08
EDGE-LOT-01,W06,7,15,1,10,2.47,1.85,2108.71
EDGE-LOT-01,W06,7,16,1,10,2.56,1.78,2117.59
EDGE-LOT-01,W06,7,17,2,21,3.93,1.73,2031.41
EDGE-LOT-01,W06,8,-17,1,10,2.77,1.74,2013.57
EDGE-LOT-01,W06,8,-16,2,21,4,1.81,2076.58
EDGE-LOT-01,W06,8,-15,1,11,2.7,1.75,2147.74
EDGE-LOT-01,W06,8,-14,1,10,2.46,1.86,2080.06
EDGE-LOT-01,W06,8,-13,1,10,2.43,1.78,2080.77
EDGE-LOT-01,W06,8,-12,1,10,2.81,1.78,2035.47
EDGE-LOT-01,W06,8,-11,1,10,2.96,1.84,2040.35
EDGE-LOT-01,W06,8,-10,1,10,3.23,1.78,2094.7
EDGE-LOT-01,W06,8,-9,1,10,2.61,1.77,2076.52
EDGE-LOT-01,W06,8,-8,1,10,2.51,1.85,2096.85
EDGE-LOT-01,W06,8,-7,1,10,3.07,1.75,2136.1
EDGE-LOT-01,W06,8,-6,1,11,2.94,1.82,2094.14
EDGE-LOT-01,W06,8,-5,1,10,2.02,1.78,2120.25
EDGE-LOT-01,W06,8,-4,1,10,3.14,1.78,2080.55
EDGE-LOT-01,W06,8,-3,1,10,2.75,1.76,2105.23
EDGE-LOT-01,W06,8,-2,1,11,1.65,1.84,2097.8
EDGE-LOT-01,W06,8,-1,1,10,2.41,1.8,2141.01
EDGE-LOT-01,W06,8,0,1,10,2.33,1.77,2119.49
EDGE-LOT-01,W06,8,1,1,10,2.5,1.8,2110.78
EDGE-LOT-01,W06,8,2,1,10,2.78,1.87,2114.61
EDGE-LOT-01,W06,8,3,1,10,2.3,1.78,2103.19
EDGE-LOT-01,W06,8,4,1,10,2.03,1.75,2086.16
EDGE-LOT-01,W06,8,5,1,10,2.45,1.82,2080.31
EDGE-LOT-01,W06,8,6,1,10,2.27,1.86,2138.37
EDGE-LOT-01,W06,8,7,1,10,1.82,1.82,2123.8
EDGE-LOT-01,W06,8,8,1,10,1.38,1.77,2070.7
EDGE-LOT-01,W06,8,9,1,10,2.43,1.78,2177.32
EDGE-LOT-01,W06,8,10,1,10,2.37,1.88,2108.61
EDGE-LOT-01,W06,8,11,1,10,2.56,1.84,2111.45
EDGE-LOT-01,W06,8,12,1,10,3.22,1.72,2149.42
EDGE-LOT-01,W06,8,13,1,10,2.21,1.76,2125.19
EDGE-LOT-01,W06,8,14,1,10,2.75,1.78,2083.99
EDGE-LOT-01,W06,8,15,1,10,2.69,1.8,2104.85
EDGE-LOT-01,W06,8,16,1,10,3.46,1.82,2049.23
EDGE-LOT-01,W06,8,17,1,10,3.96,1.73,2080.58
EDGE-LOT-01,W06,9,-17,2,22,4.19,1.69,2005.58
EDGE-LOT-01,W06,9,-16,1,10,3.62,1.73,2032.07
EDGE-LOT-01,W06,9,-15,1,10,3.45,1.84,2121.47
EDGE-LOT-01,W06,9,-14,1,11,2.94,1.78,2069.72
EDGE-LOT-01,W06,9,-13,1,11,2.59,1.85,2123.38
EDGE-LOT-01,W06,9,-12,1,10,3,1.81,2066.16
EDGE-LOT-01,W06,9,-11,1,10,2.15,1.78,2102.11
EDGE-LOT-01,W06,9,-10,1,10,2.82,1.79,2082.95
EDGE-LOT-01,W06,9,-9,1,10,3.08,1.81,2083.43
EDGE-LOT-01,W06,9,-8,1,10,2.91,1.73,2107.62
EDGE-LOT-01,W06,9,-7,1,10,2.2,1.79,2107.26
EDGE-LOT-01,W06,9,-6,1,10,2.83,1.76,2153.44
EDGE-LOT-01,W06,9,-5,1,11,2.96,1.78,2091.19
EDGE-LOT-01,W06,9,-4,1,10,2.42,1.73,2031
EDGE-LOT-01,W06,9,-3,1,10,2.54,1.76,2169.56
EDGE-LOT-01,W06,9,-2,1,10,2.98,1.88,2111.51
EDGE-LOT-01,W06,9,-1,1,10,2.19,1.78,2067.71
EDGE-LOT-01,W06,9,0,1,10,2.76,1.77,2132.25
EDGE-LOT-01,W06,9,1,1,10,2.41,1.82,2075.31
EDGE-LOT-01,W06,9,2,1,11,2.93,1.72,2139
EDGE-LOT-01,W06,9,3,1,10,2.52,1.76,2052.49
EDGE-LOT-01,W06,9,4,1,10,1.78,1.78,2076.94
EDGE-LOT-01,W06,9,5,1,10,2.6,1.79,2023.55
EDGE-LOT-01,W06,9,6,1,10,3.25,1.83,2102.36
EDGE-LOT-01,W06,9,7,1,11,3.02,1.85,2146.59
EDGE-LOT-01,W06,9,8,1,10,2.74,1.79,2057.16
EDGE-LOT-01,W06,9,9,1,10,3.03,1.81,2053.79
EDGE-LOT-01,W06,9,10,1,10,2.93,1.82,2010.31
EDGE-LOT-01,W06,9,11,1,10,2.48,1.85,2061.19
EDGE-LOT-01,W06,9,12,1,10,3.07,1.88,2115.13
EDGE-LOT-01,W06,9,13,1,10,1.92,1.83,2125.34
EDGE-LOT-01,W06,9,14,1,10,2.21,1.83,2038.96
EDGE-LOT-01,W06,9,15,1,10,3.37,1.75,2140.29
EDGE-LOT-01,W06,9,16,1,10,4.27,1.78,1982.08
EDGE-LOT-01,W06,9,17,1,10,4.68,1.64,1971
EDGE-LOT-01,W06,10,-16,1,10,4.05,1.72,2005.21
EDGE-LOT-01,W06,10,-15,1,10,4.37,1.74,2083.06
EDGE-LOT-01,W06,10,-14,1,10,2.74,1.83,2075.22
EDGE-LOT-01,W06,10,-13,1,10,2.41,1.75,2083.94
EDGE-LOT-01,W06,10,-12,1,10,2.85,1.76,2059.36
EDGE-LOT-01,W06,10,-11,1,10,3.19,1.79,2123.3
EDGE-LOT-01,W06,10,-10,1,10,2.56,1.84,2098.15
EDGE-LOT-01,W06,10,-9,1,10,2.77,1.78,2135.22
EDGE-LOT-01,W06,10,-8,1,10,2.58,1.84,2120.27
EDGE-LOT-01,W06,10,-7,1,10,2.72,1.86,2100.57
EDGE-LOT-01,W06,10,-6,1,10,2.8,1.8,2087.31
EDGE-LOT-01,W06,10,-5,1,10,2.39,1.76,2075.32
EDGE-LOT-01,W06,10,-4,1,10,2.96,1.79,2084.54
EDGE-LOT-01,W06,10,-3,1,10,3.18,1.82,2093.14
EDGE-LOT-01,W06,10,-2,1,10,2.65,1.86,2071.2
EDGE-LOT-01,W06,10,-1,1,10,3.15,1.73,2132.77
EDGE-LOT-01,W06,10,0,1,10,1.86,1.82,2081.2
EDGE-LOT-01,W06,10,1,1,10,2.19,1.83,2141.31
EDGE-LOT-01,W06,10,2,1,10,2.49,1.77,2115.37
EDGE-LOT-01,W06,10,3,1,10,1.89,1.85,2103.14
EDGE-LOT-01,W06,10,4,1,10,2.62,1.82,2092.15
EDGE-LOT-01,W06,10,5,1,10,2.49,1.78,2066.63
EDGE-LOT-01,W06,10,6,1,10,2.34,1.8,2084.6
EDGE-LOT-01,W06,10,7,1,10,1.94,1.8,2062.34
EDGE-LOT-01,W06,10,8,1,10,2.77,1.76,2112.44
EDGE-LOT-01,W06,10,9,1,10,2.95,1.77,2130.68
EDGE-LOT-01,W06,10,10,1,10,1.66,1.77,2052.45
EDGE-LOT-01,W06,10,11,1,10,2.1,1.81,2061.54
EDGE-LOT-01,W06,10,12,1,10,2.44,1.77,2123.36
EDGE-LOT-01,W06,10,13,1,10,2.06,1.82,2047.16
EDGE-LOT-01,W06,10,14,1,10,1.98,1.79,2086.2
EDGE-LOT-01,W06,10,15,1,10,3.63,1.72,2014.31
EDGE-LOT-01,W06,10,16,2,22,4.09,1.68,2009.6
EDGE-LOT-01,W06,11,-15,1,11,3.44,1.67,2057.83
EDGE-LOT-01,W06,11,-14,1,10,3.4,1.73,2052.84
EDGE-LOT-01,W06,11,-13,1,10,2.22,1.8,2106.02
EDGE-LOT-01,W06,11,-12,1,10,2.53,1.82,2055.63
EDGE-LOT-01,W06,11,-11,1,10,2.41,1.75,2047.21
EDGE-LOT-01,W06,11,-10,1,10,2.3,1.8,2083.7
EDGE-LOT-01,W06,11,-9,1,10,2.28,1.81,2112.22
EDGE-LOT-01,W06,11,-8,1,10,2.49,1.85,2159.7
EDGE-LOT-01,W06,11,-7,1,10,2.76,1.8,2117.57
EDGE-LOT-01,W06,11,-6,1,10,1.8,1.84,2088.85
EDGE-LOT-01,W06,11,-5,1,10,2.47,1.74,2050.18
EDGE-LOT-01,W06,11,-4,1,10,3,1.76,2126.99
EDGE-LOT-01,W06,11,-3,1,10,2.43,1.81,2086.05
EDGE-LOT-01,W06,11,-2,1,10,3.12,1.81,2163.31
EDGE-LOT-01,W06,11,-1,1,10,2.1,1.8,2134.89
EDGE-LOT-01,W06,11,0,1,10,2.08,1.75,2109.73
EDGE-LOT-01,W06,11,1,1,10,2.6,1.8,2142.92
EDGE-LOT-01,W06,11,2,1,10,2.71,1.73,2130.56
EDGE-LOT-01,W06,11,3,1,10,2.39,1.79,2113.58
EDGE-LOT-01,W06,11,4,1,10,2.09,1.78,2093.96
EDGE-LOT-01,W06,11,5,1,10,1.92,1.77,2088.48
EDGE-LOT-01,W06,11,6,1,10,3.25,1.89,2118.76
EDGE-LOT-01,W06,11,7,1,10,2.2,1.83,2149.12
EDGE-LOT-01,W06,11,8,1,10,2.79,1.8,2105.93
EDGE-LOT-01,W06,11,9,1,10,2.59,1.83,2122.56
EDGE-LOT-01,W06,11,10,1,10,2.3,1.76,2120.73
EDGE-LOT-01,W06,11,11,1,10,2.25,1.76,2058.02
EDGE-LOT-01,W06,11,12,1,11,2.28,1.79,2105.47
EDGE-LOT-01,W06,11,13,1,10,2.83,1.85,2091.99
EDGE-LOT-01,W06,11,14,1,10,3.58,1.81,2119.76
EDGE-LOT-01,W06,11,15,2,22,4.64,1.71,2073.36
EDGE-LOT-01,W06,12,-15,3,31,4.74,1.69,1970.27
EDGE-LOT-01,W06,12,-14,1,10,2.94,1.66,2015.07
EDGE-LOT-01,W06,12,-13,1,10,3.66,1.74,2044.25
EDGE-LOT-01,W06,12,-12,1,10,2.41,1.78,2107
EDGE-LOT-01,W06,12,-11,1,10,2.34,1.77,2140.84
EDGE-LOT-01,W06,12,-10,1,10,3.19,1.81,2089.4
EDGE-LOT-01,W06,12,-9,1,10,2.36,1.73,2127.13
EDGE-LOT-01,W06,12,-8,1,11,2.29,1.81,2161.51
EDGE-LOT-01,W06,12,-7,1,10,2.41,1.84,2118.23
EDGE-LOT-01,W06,12,-6,2,21,3.03,1.78,2113.18
EDGE-LOT-01,W06,12,-5,1,10,2.22,1.83,2164.8
EDGE-LOT-01,W06,12,-4,1,10,2.05,1.83,2091.78
EDGE-LOT-01,W06,12,-3,1,10,2.15,1.81,2093.38
EDGE-LOT-01,W06,12,-2,1,10,2.39,1.79,2092.35
EDGE-LOT-01,W06,12,-1,1,10,2.65,1.82,2113.56
EDGE-LOT-01,W06,12,0,1,10,2.69,1.83,2102.91
EDGE-LOT-01,W06,12,1,1,10,2.74,1.76,2109.48
EDGE-LOT-01,W06,12,2,1,10,2.36,1.76,2090.31
EDGE-LOT-01,W06,12,3,1,10,2.63,1.81,2131.59
EDGE-LOT-01,W06,12,4,1,10,1.96,1.76,2123.72
EDGE-LOT-01,W06,12,5,1,10,2.53,1.79,2122.52
EDGE-LOT-01,W06,12,6,1,10,2.53,1.85,2142.94
EDGE-LOT-01,W06,12,7,1,10,2.34,1.8,2119.74
EDGE-LOT-01,W06,12,8,1,10,2.87,1.89,2046.37
EDGE-LOT-01,W06,12,9,1,10,2.91,1.86,2136.64
EDGE-LOT-01,W06,12,10,1,10,2.32,1.86,2081.73
EDGE-LOT-01,W06,12,11,1,10,2.25,1.86,2063.93
EDGE-LOT-01,W06,12,12,1,10,1.86,1.81,2086.06
EDGE-LOT-01,W06,12,13,1,10,3.23,1.78,2074.23
EDGE-LOT-01,W06,12,14,1,11,2.59,1.69,2005.13
EDGE-LOT-01,W06,12,15,1,10,4.96,1.69,2053.96
EDGE-LOT-01,W06,13,-14,3,31,5.71,1.7,1982.09
EDGE-LOT-01,W06,13,-13,1,11,3.27,1.77,2044.44
EDGE-LOT-01,W06,13,-12,1,10,3.02,1.75,2136.96
EDGE-LOT-01,W06,13,-11,1,10,1.97,1.77,2119.25
EDGE-LOT-01,W06,13,-10,1,10,2.75,1.81,2059.07
EDGE-LOT-01,W06,13,-9,1,10,2.51,1.87,2055.41
EDGE-LOT-01,W06,13,-8,1,10,2.49,1.82,2083.08
EDGE-LOT-01,W06,13,-7,1,10,3.21,1.86,2069.86
EDGE-LOT-01,W06,13,-6,1,10,2.27,1.81,2090.13
EDGE-LOT-01,W06,13,-5,1,10,2.81,1.81,2111.67
EDGE-LOT-01,W06,13,-4,1,10,2.42,1.76,2161.98
EDGE-LOT-01,W06,13,-3,1,10,2.64,1.73,2086.33
EDGE-LOT-01,W06,13,-2,1,10,2.65,1.82,2105.89
EDGE-LOT-01,W06,13,-1,1,10,2.65,1.81,2134.96
EDGE-LOT-01,W06,13,0,1,10,2.7,1.83,2131.15
EDGE-LOT-01,W06,13,1,1,10,2.28,1.77,2163.37
EDGE-LOT-01,W06,13,2,1,10,2.74,1.78,2094.71
EDGE-LOT-01,W06,13,3,1,10,2.38,1.8,2076.49
EDGE-LOT-01,W06,13,4,1,10,2.1,1.79,2086.95
EDGE-LOT-01,W06,13,5,1,10,2.59,1.79,2114.04
EDGE-LOT-01,W06,13,6,1,10,2.54,1.79,2065.76
EDGE-LOT-01,W06,13,7,1,10,3.11,1.81,2079.43
EDGE-LOT-01,W06,13,8,1,10,2.84,1.76,2093.72
EDGE-LOT-01,W06,13,9,1,10,2.99,1.82,2104.97
EDGE-LOT-01,W06,13,10,1,10,2.29,1.84,2114.83
EDGE-LOT-01,W06,13,11,1,10,2.98,1.8,2110.75
EDGE-LOT-01,W06,13,12,1,10,3.07,1.8,2108.17
EDGE-LOT-01,W06,13,13,1,11,3.28,1.7,2049.53
EDGE-LOT-01,W06,13,14,1,10,5.45,1.69,1986.77
EDGE-LOT-01,W06,14,-13,1,11,4.95,1.62,2002.7
EDGE-LOT-01,W06,14,-12,1,10,4.15,1.7,2057.4
EDGE-LOT-01,W06,14,-11,3,31,3.83,1.73,2079.91
EDGE-LOT-01,W06,14,-10,1,10,3.12,1.9,2040.85
EDGE-LOT-01,W06,14,-9,1,10,2.88,1.82,2130.59
EDGE-LOT-01,W06,14,-8,1,10,3.08,1.74,2158.59
EDGE-LOT-01,W06,14,-7,1,10,2.46,1.78,2100.9
EDGE-LOT-01,W06,14,-6,1,10,2.5,1.83,2145.43
EDGE-LOT-01,W06,14,-5,1,10,2.1,1.79,2104.48
EDGE-LOT-01,W06,14,-4,1,10,2.29,1.8,2064.62
EDGE-LOT-01,W06,14,-3,1,10,2.59,1.82,2108.73
EDGE-LOT-01,W06,14,-2,1,10,1.87,1.82,2137.21
EDGE-LOT-01,W06,14,-1,1,10,2.37,1.8,2096.51
EDGE-LOT-01,W06,14,0,1,10,3.11,1.82,2080.58
EDGE-LOT-01,W06,14,1,1,10,2.7,1.78,2124.43
EDGE-LOT-01,W06,14,2,1,10,1.91,1.79,2110.59
EDGE-LOT-01,W06,14,3,1,10,2.14,1.74,2159.59
EDGE-LOT-01,W06,14,4,1,10,2.35,1.78,2099.28
EDGE-LOT-01,W06,14,5,1,10,2.52,1.83,2114.59
EDGE-LOT-01,W06,14,6,1,10,1.79,1.76,2107.33
EDGE-LOT-01,W06,14,7,1,10,2.13,1.84,2067.79
EDGE-LOT-01,W06,14,8,1,10,1.97,1.85,2090.68
EDGE-LOT-01,W06,14,9,1,10,2.5,1.77,2152.81
EDGE-LOT-01,W06,14,10,1,11,3.17,1.79,2089.89
EDGE-LOT-01,W06,14,11,1,10,3.32,1.83,2055.62
EDGE-LOT-01,W06,14,12,1,10,4.17,1.68,2046.7
EDGE-LOT-01,W06,14,13,2,22,4.73,1.73,2044.25
EDGE-LOT-01,W06,15,-12,1,10,5.14,1.71,1968.71
EDGE-LOT-01,W06,15,-11,1,10,3.91,1.72,2046.09
EDGE-LOT-01,W06,15,-10,1,10,3.8,1.72,2012.52
EDGE-LOT-01,W06,15,-9,1,10,3.26,1.77,2068.58
EDGE-LOT-01,W06,15,-8,1,11,2.17,1.78,2072.77
EDGE-LOT-01,W06,15,-7,1,10,2.91,1.86,2108.39
EDGE-LOT-01,W06,15,-6,1,10,2.33,1.79,2120.09
EDGE-LOT-01,W06,15,-5,1,11,1.9,1.76,2076.9
EDGE-LOT-01,W06,15,-4,1,10,2.29,1.81,2088.6
EDGE-LOT-01,W06,15,-3,1,10,2.51,1.77,2113.09
EDGE-LOT-01,W06,15,-2,1,10,2.76,1.81,2128.2
EDGE-LOT-01,W06,15,-1,1,10,2.56,1.78,2120.93
EDGE-LOT-01,W06,15,0,1,10,2.36,1.81,2101.73
EDGE-LOT-01,W06,15,1,1,10,2.11,1.85,2102.19
EDGE-LOT-01,W06,15,2,1,10,2.96,1.79,2051.38
EDGE-LOT-01,W06,15,3,1,10,2.38,1.82,2102.57
EDGE-LOT-01,W06,15,4,1,10,2.97,1.74,2111.56
EDGE-LOT-01,W06,15,5,1,11,3.07,1.81,2063.18
EDGE-LOT-01,W06,15,6,1,10,2.57,1.77,2139.85
EDGE-LOT-01,W06,15,7,1,10,2.58,1.84,2096.46
EDGE-LOT-01,W06,15,8,1,10,2.63,1.82,2146.81
EDGE-LOT-01,W06,15,9,1,10,3.72,1.82,2074.42
EDGE-LOT-01,W06,15,10,1,10,2.89,1.79,2058.85
EDGE-LOT-01,W06,15,11,1,10,3.44,1.71,2003.92
EDGE-LOT-01,W06,15,12,1,10,4.6,1.65,2010.63
EDGE-LOT-01,W06,16,-10,2,22,4.01,1.72,2001.24
EDGE-LOT-01,W06,16,-9,1,10,4.23,1.74,2068.61
EDGE-LOT-01,W06,16,-8,1,10,3.44,1.8,2086.45
EDGE-LOT-01,W06,16,-7,1,10,2.71,1.72,2083.58
EDGE-LOT-01,W06,16,-6,1,10,2.37,1.8,2126.54
EDGE-LOT-01,W06,16,-5,1,10,2.38,1.93,2128.5
EDGE-LOT-01,W06,16,-4,1,11,3.04,1.76,2073.2
EDGE-LOT-01,W06,16,-3,1,10,3.1,1.77,2147.88
EDGE-LOT-01,W06,16,-2,1,10,2.88,1.76,2069.96
EDGE-LOT-01,W06,16,-1,1,10,2.5,1.86,2177.25
EDGE-LOT-01,W06,16,0,1,10,2.56,1.84,2106.02
EDGE-LOT-01,W06,16,1,1,11,2.89,1.79,2082.45
EDGE-LOT-01,W06,16,2,1,10,2.25,1.78,2100.14
EDGE-LOT-01,W06,16,3,1,10,2.31,1.73,2065.69
EDGE-LOT-01,W06,16,4,1,10,2.32,1.79,2100.78
EDGE-LOT-01,W06,16,5,1,10,2.58,1.75,2071.05
EDGE-LOT-01,W06,16,6,1,10,2.86,1.84,2088.51
EDGE-LOT-01,W06,16,7,1,10,3.89,1.86,2072.18
EDGE-LOT-01,W06,16,8,2,21,3.64,1.78,2069.88
EDGE-LOT-01,W06,16,9,1,10,4.25,1.67,1991
EDGE-LOT-01,W06,16,10,1,11,5.64,1.69,2052.36
EDGE-LOT-01,W06,17,-9,1,10,6.09,1.64,2030.17
EDGE-LOT-01,W06,17,-8,2,21,3.79,1.69,2005.04
EDGE-LOT-01,W06,17,-7,3,31,4.19,1.74,2113.82
EDGE-LOT-01,W06,17,-6,1,10,3,1.77,2060.29
EDGE-LOT-01,W06,17,-5,1,10,2.83,1.78,2057.1
EDGE-LOT-01,W06,17,-4,1,10,1.91,1.74,2059.47
EDGE-LOT-01,W06,17,-3,1,10,3.07,1.78,2070.72
EDGE-LOT-01,W06,17,-2,1,10,2.65,1.86,2122.45
EDGE-LOT-01,W06,17,-1,1,10,1.82,1.79,2109.3
EDGE-LOT-01,W06,17,0,1,10,2.91,1.81,2100.87
EDGE-LOT-01,W06,17,1,1,11,1.97,1.84,2089.22
EDGE-LOT-01,W06,17,2,1,10,2.12,1.8,2070.3
EDGE-LOT-01,W06,17,3,1,10,2.78,1.77,2105.68
EDGE-LOT-01,W06,17,4,1,10,3.46,1.72,2071.96
EDGE-LOT-01,W06,17,5,1,10,3.32,1.83,2061.73
EDGE-LOT-01,W06,17,6,3,31,2.94,1.77,2029.61
EDGE-LOT-01,W06,17,7,1,10,3.19,1.8,2030.1
EDGE-LOT-01,W06,17,8,1,10,2.44,1.73,2012.95
EDGE-LOT-01,W06,17,9,2,22,5.3,1.68,2019.46
EDGE-LOT-01,W06,18,-6,1,10,4.14,1.69,1968.77
EDGE-LOT-01,W06,18,-5,1,10,4.2,1.7,2077.14
EDGE-LOT-01,W06,18,-4,1,10,3.6,1.7,2083.43
EDGE-LOT-01,W06,18,-3,1,10,4.27,1.75,2035.93
EDGE-LOT-01,W06,18,-2,1,10,4.28,1.75,2058.8
EDGE-LOT-01,W06,18,-1,1,10,3.76,1.73,2081.49
EDGE-LOT-01,W06,18,0,1,10,2.82,1.79,2046.72
EDGE-LOT-01,W06,18,1,2,22,3,1.73,2091.88
EDGE-LOT-01,W06,18,2,1,10,3.45,1.8,2095.5
EDGE-LOT-01,W06,18,3,1,10,2.62,1.75,2009.21
EDGE-LOT-01,W06,18,4,1,10,4.75,1.7,1983.43
EDGE-LOT-01,W06,18,5,1,10,3.98,1.73,2004
EDGE-LOT-01,W06,18,6,1,10,4.05,1.84,2046.42
EDGE-LOT-01,W06,19,-3,2,21,4.2,1.75,1984.33
EDGE-LOT-01,W06,19,-2,1,10,5.1,1.69,2015.19
EDGE-LOT-01,W06,19,-1,3,31,6.22,1.73,2016.65
EDGE-LOT-01,W06,19,0,1,10,4.41,1.72,2068.35
EDGE-LOT-01,W06,19,1,1,10,4.71,1.66,2058.99
EDGE-LOT-01,W06,19,2,1,10,2.49,1.68,2023.23
EDGE-LOT-01,W06,19,3,1,10,4.63,1.75,2034.26
EDGE-LOT-01,W07,-19,-3,1,10,4.45,1.74,2059.28
EDGE-LOT-01,W07,-19,-2,2,22,3.79,1.73,2027.04
EDGE-LOT-01,W07,-19,-1,3,31,5.38,1.8,2036.01
EDGE-LOT-01,W07,-19,0,1,10,4.44,1.73,2064.18
EDGE-LOT-01,W07,-19,1,1,10,2.86,1.72,2046.6
EDGE-LOT-01,W07,-19,2,1,10,5.08,1.66,2000.72
EDGE-LOT-01,W07,-19,3,3,31,4.27,1.74,2002.29
EDGE-LOT-01,W07,-18,-6,2,22,4.63,1.7,2020
EDGE-LOT-01,W07,-18,-5,1,10,3.81,1.69,2013.31
EDGE-LOT-01,W07,-18,-4,1,10,3.49,1.81,2015.63
EDGE-LOT-01,W07,-18,-3,1,10,3.88,1.66,2054.3
EDGE-LOT-01,W07,-18,-2,1,10,3.32,1.75,2024.93
EDGE-LOT-01,W07,-18,-1,1,10,3.44,1.77,2170.2
EDGE-LOT-01,W07,-18,0,1,10,3.26,1.75,2068.66
EDGE-LOT-01,W07,-18,1,1,10,2.14,1.71,2039.08
EDGE-LOT-01,W07,-18,2,2,22,3.59,1.72,2015.63
EDGE-LOT-01,W07,-18,3,1,10,3.6,1.76,2066.41
EDGE-LOT-01,W07,-18,4,1,11,3.25,1.75,2071.9
EDGE-LOT-01,W07,-18,5,2,22,4.46,1.69,2021.03
EDGE-LOT-01,W07,-18,6,1,10,5.49,1.71,1991.74
EDGE-LOT-01,W07,-17,-9,2,21,4.36,1.66,1976.09
EDGE-LOT-01,W07,-17,-8,1,10,6.11,1.72,2048.01
EDGE-LOT-01,W07,-17,-7,1,10,3.85,1.73,2007.42
EDGE-LOT-01,W07,-17,-6,1,10,3.62,1.75,2084.97
EDGE-LOT-01,W07,-17,-5,1,10,2.14,1.79,2102.17
EDGE-LOT-01,W07,-17,-4,1,10,2.77,1.79,2015.99
EDGE-LOT-01,W07,-17,-3,1,10,3.24,1.84,2138.65
EDGE-LOT-01,W07,-17,-2,1,10,1.92,1.8,2092
EDGE-LOT-01,W07,-17,-1,1,10,3.04,1.86,2113.66
EDGE-LOT-01,W07,-17,0,1,11,2.63,1.82,2099.39
EDGE-LOT-01,W07,-17,1,1,10,2.65,1.75,2139.06
EDGE-LOT-01,W07,-17,2,1,10,2.91,1.74,2112.07
EDGE-LOT-01,W07,-17,3,1,10,1.94,1.89,2076.95
EDGE-LOT-01,W07,-17,4,1,10,3.54,1.78,2148.82
EDGE-LOT-01,W07,-17,5,1,10,3.3,1.83,2084.73
EDGE-LOT-01,W07,-17,6,1,10,3.87,1.75,2044.45
EDGE-LOT-01,W07,-17,7,1,10,3.96,1.74,2064.46
EDGE-LOT-01,W07,-17,8,1,10,3.74,1.76,2028.46
EDGE-LOT-01,W07,-17,9,1,10,4.38,1.7,2021.16
EDGE-LOT-01,W07,-16,-10,3,31,4.02,1.76,2063.87
EDGE-LOT-01,W07,-16,-9,1,10,3.14,1.75,2062.08
EDGE-LOT-01,W07,-16,-8,1,10,4.33,1.74,2075.9
EDGE-LOT-01,W07,-16,-7,1,10,2.86,1.76,2072.93
EDGE-LOT-01,W07,-16,-6,1,10,2.54,1.86,2119.93
EDGE-LOT-01,W07,-16,-5,1,10,2.27,1.79,2097.56
EDGE-LOT-01,W07,-16,-4,1,10,2.35,1.82,2084.7
EDGE-LOT-01,W07,-16,-3,1,10,2.79,1.81,2060.46
EDGE-LOT-01,W07,-16,-2,1,10,2.68,1.8,2152.58
EDGE-LOT-01,W07,-16,-1,1,10,2.53,1.74,2124.14
EDGE-LOT-01,W07,-16,0,1,11,2.87,1.84,2104.84
EDGE-LOT-01,W07,-16,1,1,10,1.84,1.77,2073.23
EDGE-LOT-01,W07,-16,2,1,10,1.97,1.87,2087.07
EDGE-LOT-01,W07,-16,3,1,10,2.26,1.84,2081.19
EDGE-LOT-01,W07,-16,4,1,10,2.5,1.85,2134.72
EDGE-LOT-01,W07,-16,5,1,11,2.88,1.75,2066.52
EDGE-LOT-01,W07,-16,6,1,10,2.38,1.81,2120.18
EDGE-LOT-01,W07,-16,7,1,10,3.26,1.72,2046.26
EDGE-LOT-01,W07,-16,8,1,10,3.66,1.71,2112.38
EDGE-LOT-01,W07,-16,9,1,10,4.46,1.66,1993.5
EDGE-LOT-01,W07,-16,10,2,22,4.77,1.71,2047.47
EDGE-LOT-01,W07,-15,-12,2,21,4.85,1.75,1952.63
EDGE-LOT-01,W07,-15,-11,1,10,5.12,1.66,2033.36
EDGE-LOT-01,W07,-15,-10,1,10,3.9,1.73,2105.47
EDGE-LOT-01,W07,-15,-9,1,10,4.1,1.76,2077.08
EDGE-LOT-01,W07,-15,-8,1,10,2.06,1.9,2071
EDGE-LOT-01,W07,-15,-7,1,10,2.52,1.82,2090.21
EDGE-LOT-01,W07,-15,-6,1,10,2.46,1.79,2129.4
EDGE-LOT-01,W07,-15,-5,1,10,2.71,1.79,2153.7
EDGE-LOT-01,W07,-15,-4,1,10,2.51,1.82,2132.1
EDGE-LOT-01,W07,-15,-3,1,10,2.27,1.81,2070.39
EDGE-LOT-01,W07,-15,-2,1,10,2.08,1.79,2071.07
EDGE-LOT-01,W07,-15,-1,1,10,1.81,1.83,2127.94
EDGE-LOT-01,W07,-15,0,1,10,2.71,1.77,2067.65
EDGE-LOT-01,W07,-15,1,1,10,3.35,1.88,2044.4
EDGE-LOT-01,W07,-15,2,1,11,1.99,1.81,2047.08
EDGE-LOT-01,W07,-15,3,1,10,2.45,1.77,2091.1
EDGE-LOT-01,W07,-15,4,1,10,2.4,1.85,2107.41
EDGE-LOT-01,W07,-15,5,1,10,2.4,1.79,2071.83
EDGE-LOT-01,W07,-15,6,1,10,2.47,1.75,2155
EDGE-LOT-01,W07,-15,7,1,10,2.47,1.87,2130.93
EDGE-LOT-01,W07,-15,8,1,10,2.5,1.84,2090.91
EDGE-LOT-01,W07,-15,9,1,10,2.54,1.71,2069.41
EDGE-LOT-01,W07,-15,10,1,10,3.93,1.74,2018.57
EDGE-LOT-01,W07,-15,11,1,10,4.63,1.68,2010.54
EDGE-LOT-01,W07,-15,12,3,31,4.17,1.64,2029.65
EDGE-LOT-01,W07,-14,-13,2,22,4.83,1.7,2040.7
EDGE-LOT-01,W07,-14,-12,1,10,4.08,1.71,2064.67
EDGE-LOT-01,W07,-14,-11,1,10,3.44,1.79,2055.8
EDGE-LOT-01,W07,-14,-10,1,10,2.05,1.81,2108.45
EDGE-LOT-01,W07,-14,-9,1,10,2.47,1.82,2091.88
EDGE-LOT-01,W07,-14,-8,1,10,2.42,1.82,2114.65
EDGE-LOT-01,W07,-14,-7,1,10,2.45,1.81,2097.54
EDGE-LOT-01,W07,-14,-6,1,10,2.39,1.77,2007.91
EDGE-LOT-01,W07,-14,-5,1,10,2.84,1.83,2078.9
EDGE-LOT-01,W07,-14,-4,1,10,3.18,1.81,2071.22
EDGE-LOT-01,W07,-14,-3,1,10,2.3,1.79,2120.24
EDGE-LOT-01,W07,-14,-2,1,10,3.08,1.82,2136.68
EDGE-LOT-01,W07,-14,-1,1,11,2.84,1.73,2136.61
EDGE-LOT-01,W07,-14,0,1,10,2.41,1.77,2093.19
EDGE-LOT-01,W07,-14,1,1,10,2.85,1.83,2125.97
EDGE-LOT-01,W07,-14,2,3,31,2.17,1.72,2110.87
EDGE-LOT-01,W07,-14,3,1,10,3.54,1.76,2068.49
EDGE-LOT-01,W07,-14,4,1,10,2.47,1.79,2065.91
EDGE-LOT-01,W07,-14,5,1,10,2.38,1.82,2126.14
EDGE-LOT-01,W07,-14,6,1,10,2.51,1.8,2148.26
EDGE-LOT-01,W07,-14,7,1,10,2.71,1.82,2116.15
EDGE-LOT-01,W07,-14,8,1,10,2.17,1.78,2069.12
EDGE-LOT-01,W07,-14,9,1,10,2.43,1.81,2032.57
EDGE-LOT-01,W07,-14,10,1,10,2.68,1.77,2187.15
EDGE-LOT-01,W07,-14,11,1,10,3.91,1.76,2062.15
EDGE-LOT-01,W07,-14,12,1,10,3.5,1.75,2009.25
EDGE-LOT-01,W07,-14,13,1,10,5.48,1.69,2023.48
EDGE-LOT-01,W07,-13,-14,2,21,3.04,1.7,2061.22
EDGE-LOT-01,W07,-13,-13,1,10,3.91,1.72,2081.85
EDGE-LOT-01,W07,-13,-12,1,10,2.75,1.76,2120.57
EDGE-LOT-01,W07,-13,-11,1,10,2.31,1.74,2098.49
EDGE-LOT-01,W07,-13,-10,1,10,2.22,1.81,2119.54
EDGE-LOT-01,W07,-13,-9,1,10,2.19,1.81,2154.06
EDGE-LOT-01,W07,-13,-8,1,10,2.33,1.79,2096.69
EDGE-LOT-01,W07,-13,-7,1,10,2.37,1.85,2118.13
EDGE-LOT-01,W07,-13,-6,1,10,2.11,1.76,2123.64
EDGE-LOT-01,W07,-13,-5,1,10,3.1,1.82,2095.19
EDGE-LOT-01,W07,-13,-4,1,10,2.79,1.82,2080.44
EDGE-LOT-01,W07,-13,-3,1,10,2.01,1.78,2085.92
EDGE-LOT-01,W07,-13,-2,1,10,2.97,1.82,2085.78
EDGE-LOT-01,W07,-13,-1,1,10,1.91,1.79,2149.22
EDGE-LOT-01,W07,-13,0,1,10,2.27,1.79,2070.93
EDGE-LOT-01,W07,-13,1,1,10,2.72,1.78,2099.45
EDGE-LOT-01,W07,-13,2,1,10,1.81,1.81,2082.67
EDGE-LOT-01,W07,-13,3,1,10,2.05,1.87,2087.07
EDGE-LOT-01,W07,-13,4,1,10,2.01,1.74,2143.64
EDGE-LOT-01,W07,-13,5,1,10,3.16,1.73,2089.91
EDGE-LOT-01,W07,-13,6,1,11,2.11,1.8,2150.08
EDGE-LOT-01,W07,-13,7,1,10,2.19,1.82,2120.72
EDGE-LOT-01,W07,-13,8,1,10,3.26,1.8,2155.99
EDGE-LOT-01,W07,-13,9,1,10,2.7,1.84,2119.63
EDGE-LOT-01,W07,-13,10,1,10,1.82,1.77,2075
EDGE-LOT-01,W07,-13,11,1,10,2.26,1.7,2077.25
EDGE-LOT-01,W07,-13,12,1,10,2.94,1.72,2088.56
EDGE-LOT-01,W07,-13,13,3,31,2.27,1.74,2063.74
EDGE-LOT-01,W07,-13,14,1,11,4.13,1.64,2041.66
EDGE-LOT-01,W07,-12,-15,2,21,4.86,1.73,1966.59
EDGE-LOT-01,W07,-12,-14,2,21,3.11,1.74,2022.87
EDGE-LOT-01,W07,-12,-13,1,10,3.22,1.73,2084.63
EDGE-LOT-01,W07,-12,-12,1,11,2.67,1.75,2047.32
EDGE-LOT-01,W07,-12,-11,1,10,2.19,1.77,2170.58
EDGE-LOT-01,W07,-12,-10,1,10,3.19,1.76,2049.02
EDGE-LOT-01,W07,-12,-9,1,10,2.99,1.8,2115.06
EDGE-LOT-01,W07,-12,-8,1,10,2.36,1.77,2120.95
EDGE-LOT-01,W07,-12,-7,1,10,2.81,1.85,2110.13
EDGE-LOT-01,W07,-12,-6,1,10,2.97,1.79,2006.25
EDGE-LOT-01,W07,-12,-5,1,10,2.31,1.8,2050.24
EDGE-LOT-01,W07,-12,-4,1,10,3.04,1.86,2104.78
EDGE-LOT-01,W07,-12,-3,1,10,2.38,1.84,2082.28
EDGE-LOT-01,W07,-12,-2,1,10,2.83,1.76,2120.69
EDGE-LOT-01,W07,-12,-1,1,10,2.47,1.76,2160.52
EDGE-LOT-01,W07,-12,0,1,10,2.42,1.74,2110.86
EDGE-LOT-01,W07,-12,1,1,10,2.05,1.8,2121.71
EDGE-LOT-01,W07,-12,2,1,10,2.82,1.79,2083.58
EDGE-LOT-01,W07,-12,3,1,10,1.89,1.84,2068.27
EDGE-LOT-01,W07,-12,4,1,11,2.33,1.87,2147.58
EDGE-LOT-01,W07,-12,5,1,10,2.31,1.83,2025.56
EDGE-LOT-01,W07,-12,6,1,10,2.3,1.81,2054.3
EDGE-LOT-01,W07,-12,7,1,10,2.19,1.85,2131.74
EDGE-LOT-01,W07,-12,8,1,10,2.64,1.81,2062.7
EDGE-LOT-01,W07,-12,9,1,11,2.16,1.8,2148.5
EDGE-LOT-01,W07,-12,10,1,10,2.29,1.84,2128.73
EDGE-LOT-01,W07,-12,11,1,10,2.21,1.84,2099.17
EDGE-LOT-01,W07,-12,12,1,10,3.35,1.76,2090.08
EDGE-LOT-01,W07,-12,13,1,11,3.36,1.82,2114.63
EDGE-LOT-01,W07,-12,14,1,11,4.1,1.68,2026.92
EDGE-LOT-01,W07,-12,15,2,22,3.38,1.72,1920.31
EDGE-LOT-01,W07,-11,-15,1,10,4.22,1.69,2024.06
EDGE-LOT-01,W07,-11,-14,1,10,2.69,1.77,2126.91
EDGE-LOT-01,W07,-11,-13,1,10,2.42,1.82,2131.8
EDGE-LOT-01,W07,-11,-12,1,10,3.05,1.85,2130.47
EDGE-LOT-01,W07,-11,-11,1,10,2.6,1.81,2125.19
EDGE-LOT-01,W07,-11,-10,1,10,2.81,1.84,2095.09
EDGE-LOT-01,W07,-11,-9,1,10,3.2,1.79,2102.68
EDGE-LOT-01,W07,-11,-8,1,10,2.07,1.79,2062.66
EDGE-LOT-01,W07,-11,-7,2,22,2.26,1.79,2080.69
EDGE-LOT-01,W07,-11,-6,1,10,1.96,1.82,2112.32
EDGE-LOT-01,W07,-11,-5,1,11,2.56,1.82,2055.8
EDGE-LOT-01,W07,-11,-4,1,11,2.54,1.82,2165.8
EDGE-LOT-01,W07,-11,-3,1,11,1.56,1.81,2161.65
EDGE-LOT-01,W07,-11,-2,1,10,2.54,1.8,2077.74
EDGE-LOT-01,W07,-11,-1,1,10,2.54,1.8,2068.43
EDGE-LOT-01,W07,-11,0,1,10,2.22,1.81,2125.5
EDGE-LOT-01,W07,-11,1,1,10,2.83,1.76,2087.17
EDGE-LOT-01,W07,-11,2,1,10,2.48,1.8,2052.87
EDGE-LOT-01,W07,-11,3,1,10,2.57,1.85,2090.07
EDGE-LOT-01,W07,-11,4,1,10,2,1.74,2098.34
EDGE-LOT-01,W07,-11,5,1,10,2.78,1.79,2091.89
EDGE-LOT-01,W07,-11,6,1,10,2.6,1.81,2115.39
EDGE-LOT-01,W07,-11,7,1,10,2.29,1.82,2069.07
EDGE-LOT-01,W07,-11,8,1,10,2.86,1.81,2046.57
EDGE-LOT-01,W07,-11,9,1,10,2.01,1.82,2077.53
EDGE-LOT-01,W07,-11,10,1,10,3.05,1.84,2130.66
EDGE-LOT-01,W07,-11,11,1,10,2.78,1.81,2120.98
EDGE-LOT-01,W07,-11,12,1,11,2.97,1.74,2145.79
EDGE-LOT-01,W07,-11,13,1,10,2.31,1.74,2095.55
EDGE-LOT-01,W07,-11,14,3,31,3.25,1.67,2066.77
EDGE-LOT-01,W07,-11,15,1,10,4.26,1.69,2022.62
EDGE-LOT-01,W07,-10,-16,1,11,3.81,1.73,1962.34
EDGE-LOT-01,W07,-10,-15,1,10,2.52,1.74,2058.89
EDGE-LOT-01,W07,-10,-14,1,10,3.33,1.73,2062.92
EDGE-LOT-01,W07,-10,-13,1,10,2.47,1.8,2110.96
EDGE-LOT-01,W07,-10,-12,1,10,2.69,1.75,2058.55
EDGE-LOT-01,W07,-10,-11,1,10,2.55,1.8,2100.9
EDGE-LOT-01,W07,-10,-10,1,10,2.02,1.8,2073.88
EDGE-LOT-01,W07,-10,-9,1,10,3.12,1.82,2096.31
EDGE-LOT-01,W07,-10,-8,1,10,2.46,1.73,2100.51
EDGE-LOT-01,W07,-10,-7,1,10,3.3,1.82,2116.14
EDGE-LOT-01,W07,-10,-6,1,10,2.3,1.74,2112.71
EDGE-LOT-01,W07,-10,-5,1,10,2.44,1.82,2124.1
EDGE-LOT-01,W07,-10,-4,1,10,3.67,1.78,2077.92
EDGE-LOT-01,W07,-10,-3,1,10,2.34,1.81,2098.98
EDGE-LOT-01,W07,-10,-2,1,10,2.38,1.7,2092.04
EDGE-LOT-01,W07,-10,-1,1,10,2.44,1.79,2135.51
EDGE-LOT-01,W07,-10,0,1,10,2.58,1.71,2149.33
EDGE-LOT-01,W07,-10,1,1,10,3.22,1.73,2116.37
EDGE-LOT-01,W07,-10,2,1,10,2.51,1.82,2116.31
EDGE-LOT-01,W07,-10,3,1,10,2.15,1.71,2079.83
EDGE-LOT-01,W07,-10,4,1,10,2.1,1.82,2068.43
EDGE-LOT-01,W07,-10,5,1,10,2.77,1.83,2080.18
EDGE-LOT-01,W07,-10,6,1,10,2.47,1.8,2121.49
EDGE-LOT-01,W07,-10,7,1,10,3.05,1.74,2071.3
EDGE-LOT-01,W07,-10,8,1,10,2.06,1.8,2114.15
EDGE-LOT-01,W07,-10,9,1,10,2.71,1.79,2058.15
EDGE-LOT-01,W07,-10,10,1,10,2.32,1.82,2080.44
EDGE-LOT-01,W07,-10,11,1,10,2.79,1.76,2138.28
EDGE-LOT-01,W07,-10,12,1,10,2.55,1.85,2073.99
EDGE-LOT-01,W07,-10,13,1,10,2.3,1.75,2098.83
EDGE-LOT-01,W07,-10,14,1,10,3.06,1.74,2070.4
EDGE-LOT-01,W07,-10,15,1,10,4.31,1.74,2062.74
EDGE-LOT-01,W07,-10,16,1,10,3.73,1.68,2013.95
EDGE-LOT-01,W07,-9,-17,1,10,4.38,1.69,2036.32
EDGE-LOT-01,W07,-9,-16,1,10,3.62,1.68,2030.72
EDGE-LOT-01,W07,-9,-15,1,10,2.99,1.72,2048.99
EDGE-LOT-01,W07,-9,-14,1,10,2.96,1.78,2083.47
EDGE-LOT-01,W07,-9,-13,1,10,3.48,1.84,2164.32
EDGE-LOT-01,W07,-9,-12,1,11,2.51,1.87,2084.89
EDGE-LOT-01,W07,-9,-11,1,10,2.14,1.83,2061.3
EDGE-LOT-01,W07,-9,-10,1,10,2.31,1.84,2106.5
EDGE-LOT-01,W07,-9,-9,1,10,2.74,1.86,2073.42
EDGE-LOT-01,W07,-9,-8,1,10,2.89,1.84,2124.53
EDGE-LOT-01,W07,-9,-7,1,10,2.65,1.8,2160.23
EDGE-LOT-01,W07,-9,-6,1,10,1.53,1.82,2061.68
EDGE-LOT-01,W07,-9,-5,1,11,2.78,1.85,2031.65
EDGE-LOT-01,W07,-9,-4,1,10,2.54,1.77,2128.34
EDGE-LOT-01,W07,-9,-3,1,10,2.41,1.85,2103.35
EDGE-LOT-01,W07,-9,-2,1,10,1.7,1.75,2125.18
EDGE-LOT-01,W07,-9,-1,1,10,3.05,1.75,2111
EDGE-LOT-01,W07,-9,0,1,10,2.04,1.83,2084.85
EDGE-LOT-01,W07,-9,1,1,10,2.24,1.79,2094.27
EDGE-LOT-01,W07,-9,2,1,10,2.34,1.77,2093.57
EDGE-LOT-01,W07,-9,3,1,10,3.21,1.83,2135.35
EDGE-LOT-01,W07,-9,4,1,10,2.27,1.83,2053.25
EDGE-LOT-01,W07,-9,5,1,10,3.07,1.8,2107.45
EDGE-LOT-01,W07,-9,6,1,10,2.25,1.8,2081.57
EDGE-LOT-01,W07,-9,7,1,10,1.96,1.72,2156.4
EDGE-LOT-01,W07,-9,8,1,10,2.24,1.81,2119.05
EDGE-LOT-01,W07,-9,9,1,10,3.57,1.86,2065.14
EDGE-LOT-01,W07,-9,10,1,10,1.98,1.77,2140.74
EDGE-LOT-01,W07,-9,11,1,10,2.47,1.81,2097.39
EDGE-LOT-01,W07,-9,12,1,10,2.83,1.71,2144.19
EDGE-LOT-01,W07,-9,13,1,10,2.66,1.83,2054.79
EDGE-LOT-01,W07,-9,14,1,10,3.15,1.93,2094.06
EDGE-LOT-01,W07,-9,15,1,10,3.27,1.75,2082.64
EDGE-LOT-01,W07,-9,16,1,10,2.86,1.78,2026.54
EDGE-LOT-01,W07,-9,17,1,10,4.63,1.68,2004.14
EDGE-LOT-01,W07,-8,-17,1,10,5.08,1.65,2051.08
EDGE-LOT-01,W07,-8,-16,1,10,2.45,1.8,2092.13
EDGE-LOT-01,W07,-8,-15,1,10,2.21,1.83,2096.19
EDGE-LOT-01,W07,-8,-14,1,11,2.18,1.83,2091.54
EDGE-LOT-01,W07,-8,-13,1,10,1.78,1.81,2053.68
EDGE-LOT-01,W07,-8,-12,1,10,2.61,1.78,2065.85
EDGE-LOT-01,W07,-8,-11,1,10,2.48,1.77,2105.43
EDGE-LOT-01,W07,-8,-10,1,10,2.71,1.82,2154.2
EDGE-LOT-01,W07,-8,-9,1,10,2.59,1.84,2132.54
EDGE-LOT-01,W07,-8,-8,1,11,2.82,1.77,2147.88
EDGE-LOT-01,W07,-8,-7,1,10,2.84,1.78,2118.81
EDGE-LOT-01,W07,-8,-6,1,11,2.35,1.82,2091.19
EDGE-LOT-01,W07,-8,-5,1,10,2.24,1.81,2055.98
EDGE-LOT-01,W07,-8,-4,1,10,2.55,1.82,2141.74
EDGE-LOT-01,W07,-8,-3,1,10,2.69,1.81,2123.15
EDGE-LOT-01,W07,-8,-2,1,10,2.85,1.81,2154.89
EDGE-LOT-01,W07,-8,-1,1,10,2.46,1.87,2136.4
EDGE-LOT-01,W07,-8,0,1,10,2.61,1.82,2130.34
EDGE-LOT-01,W07,-8,1,1,10,2.98,1.78,2135.52
EDGE-LOT-01,W07,-8,2,1,10,2.6,1.9,2129.9
EDGE-LOT-01,W07,-8,3,1,10,2.11,1.72,2166.19
EDGE-LOT-01,W07,-8,4,1,10,2.49,1.76,2032.54
EDGE-LOT-01,W07,-8,5,1,10,2.2,1.78,2097.87
EDGE-LOT-01,W07,-8,6,1,10,1.77,1.82,2124.75
EDGE-LOT-01,W07,-8,7,1,10,2.96,1.8,2100.52
EDGE-LOT-01,W07,-8,8,1,10,2.71,1.8,2066.87
EDGE-LOT-01,W07,-8,9,1,10,2.76,1.84,2074
EDGE-LOT-01,W07,-8,10,1,10,2.98,1.81,2123.14
EDGE-LOT-01,W07,-8,11,1,10,2.5,1.82,2126.71
EDGE-LOT-01,W07,-8,12,1,10,2.87,1.74,2140.66
EDGE-LOT-01,W07,-8,13,1,10,2.67,1.78,2082.96
EDGE-LOT-01,W07,-8,14,1,10,2.79,1.85,2139.97
EDGE-LOT-01,W07,-8,15,1,10,1.4,1.8,2109.16
EDGE-LOT-01,W07,-8,16,1,10,3.18,1.76,2056.48
EDGE-LOT-01,W07,-8,17,1,10,4.55,1.66,1993.07
EDGE-LOT-01,W07,-7,-17,3,31,5.55,1.71,2045.67
EDGE-LOT-01,W07,-7,-16,1,10,1.8,1.75,2077.02
EDGE-LOT-01,W07,-7,-15,1,10,2.75,1.79,2116.45
EDGE-LOT-01,W07,-7,-14,1,10,2.18,1.77,2119.99
EDGE-LOT-01,W07,-7,-13,1,10,2.75,1.82,2120.29
EDGE-LOT-01,W07,-7,-12,1,10,2.95,1.82,2098.84
EDGE-LOT-01,W07,-7,-11,1,11,2.57,1.82,2105.67
EDGE-LOT-01,W07,-7,-10,1,10,2.39,1.83,2117.73
EDGE-LOT-01,W07,-7,-9,1,10,3.02,1.78,2097.17
EDGE-LOT-01,W07,-7,-8,1,10,3,1.86,2117.84
EDGE-LOT-01,W07,-7,-7,1,10,2.26,1.81,2040.71
EDGE-LOT-01,W07,-7,-6,1,10,3.06,1.86,2111.52
EDGE-LOT-01,W07,-7,-5,1,10,2.54,1.82,2093.1
EDGE-LOT-01,W07,-7,-4,1,10,3.75,1.83,2137.94
EDGE-LOT-01,W07,-7,-3,1,10,1.85,1.83,2148.88
EDGE-LOT-01,W07,-7,-2,1,10,2.7,1.87,2086.25
EDGE-LOT-01,W07,-7,-1,1,10,1.97,1.72,2095.95
EDGE-LOT-01,W07,-7,0,1,10,2.81,1.78,2159.52
EDGE-LOT-01,W07,-7,1,1,10,3.17,1.74,2083.18
EDGE-LOT-01,W07,-7,2,1,10,2.49,1.81,2138.39
EDGE-LOT-01,W07,-7,3,1,10,2.9,1.84,2151.74
EDGE-LOT-01,W07,-7,4,1,11,2.89,1.76,2101.3
EDGE-LOT-01,W07,-7,5,1,10,2.37,1.81,2151.45
EDGE-LOT-01,W07,-7,6,1,10,2.69,1.83,2094.18
EDGE-LOT-01,W07,-7,7,1,10,2.11,1.8,2157.3
EDGE-LOT-01,W07,-7,8,1,10,1.75,1.79,2074.38
EDGE-LOT-01,W07,-7,9,1,10,2.9,1.83,2116.08
EDGE-LOT-01,W07,-7,10,1,10,3.14,1.77,2104.19
EDGE-LOT-01,W07,-7,11,1,10,2.66,1.74,2115.71
EDGE-LOT-01,W07,-7,12,1,10,2.75,1.8,2117.88
EDGE-LOT-01,W07,-7,13,1,10,2.65,1.8,2088.97
EDGE-LOT-01,W07,-7,14,1,10,2.74,1.77,2068.67
EDGE-LOT-01,W07,-7,15,1,10,2,1.82,2097.22
EDGE-LOT-01,W07,-7,16,1,10,3.13,1.76,2022.28
EDGE-LOT-01,W07,-7,17,1,10,4.62,1.73,2048.76
EDGE-LOT-01,W07,-6,-18,3,31,2.67,1.65,2005.94
EDGE-LOT-01,W07,-6,-17,1,10,4.06,1.76,2043.5
EDGE-LOT-01,W07,-6,-16,1,10,2.95,1.76,2131.61
EDGE-LOT-01,W07,-6,-15,1,10,2.7,1.82,2081.51
EDGE-LOT-01,W07,-6,-14,1,10,3.16,1.75,2120.92
EDGE-LOT-01,W07,-6,-13,1,10,3.01,1.79,2077.38
EDGE-LOT-01,W07,-6,-12,1,11,3.48,1.72,2092.58
EDGE-LOT-01,W07,-6,-11,1,10,3.06,1.78,2102.56
EDGE-LOT-01,W07,-6,-10,1,10,2.73,1.75,2078.64
EDGE-LOT-01,W07,-6,-9,1,10,2.39,1.83,2103.31
EDGE-LOT-01,W07,-6,-8,1,10,2.68,1.77,2115.4
EDGE-LOT-01,W07,-6,-7,1,10,2.64,1.75,2117.06
EDGE-LOT-01,W07,-6,-6,1,10,3.02,1.88,2109.27
EDGE-LOT-01,W07,-6,-5,1,11,2.45,1.82,2103.21
EDGE-LOT-01,W07,-6,-4,1,10,3.07,1.71,2161.25
EDGE-LOT-01,W07,-6,-3,1,10,1.73,1.78,2164.13
EDGE-LOT-01,W07,-6,-2,1,10,2.03,1.81,2065.26
EDGE-LOT-01,W07,-6,-1,1,10,3.13,1.77,2099.57
EDGE-LOT-01,W07,-6,0,1,10,2.33,1.77,2075.39
EDGE-LOT-01,W07,-6,1,1,10,2.52,1.8,2118.59
EDGE-LOT-01,W07,-6,2,1,10,2.1,1.82,2073.24
EDGE-LOT-01,W07,-6,3,1,10,2.16,1.76,2116.15
EDGE-LOT-01,W07,-6,4,1,10,3.6,1.75,2090.89
EDGE-LOT-01,W07,-6,5,1,10,2.29,1.84,2085.4
EDGE-LOT-01,W07,-6,6,1,10,2.63,1.82,2093.31
EDGE-LOT-01,W07,-6,7,1,10,2.36,1.78,2119.39
EDGE-LOT-01,W07,-6,8,1,10,2.54,1.9,2075.15
EDGE-LOT-01,W07,-6,9,1,10,2.39,1.83,2083.12
EDGE-LOT-01,W07,-6,10,1,10,2.09,1.74,2077.03
EDGE-LOT-01,W07,-6,11,1,10,2.93,1.82,2138.09
EDGE-LOT-01,W07,-6,12,1,10,3,1.84,2109.84
EDGE-LOT-01,W07,-6,13,1,10,2.07,1.76,2073.65
EDGE-LOT-01,W07,-6,14,1,10,2.47,1.84,2036.64
EDGE-LOT-01,W07,-6,15,1,10,1.69,1.82,2093.69
EDGE-LOT-01,W07,-6,16,1,10,2.42,1.78,2100.01
EDGE-LOT-01,W07,-6,17,1,10,2.94,1.73,1996.44
EDGE-LOT-01,W07,-6,18,1,10,2.66,1.72,1999.7
EDGE-LOT-01,W07,-5,-18,1,10,4.4,1.63,2053.52
EDGE-LOT-01,W07,-5,-17,1,10,3.53,1.8,2067.63
EDGE-LOT-01,W07,-5,-16,1,11,2.49,1.74,2108.05
EDGE-LOT-01,W07,-5,-15,1,10,2.35,1.76,2125.65
EDGE-LOT-01,W07,-5,-14,1,10,2.68,1.83,2069.17
EDGE-LOT-01,W07,-5,-13,1,11,2.47,1.76,2016.41
EDGE-LOT-01,W07,-5,-12,1,10,2.45,1.75,2149.65
EDGE-LOT-01,W07,-5,-11,1,10,2.31,1.83,2146.09
EDGE-LOT-01,W07,-5,-10,1,10,2.57,1.78,2122.16
EDGE-LOT-01,W07,-5,-9,1,10,2.49,1.77,2105.85
EDGE-LOT-01,W07,-5,-8,1,10,2.09,1.82,2131.02
EDGE-LOT-01,W07,-5,-7,1,10,2.12,1.81,2135.8
EDGE-LOT-01,W07,-5,-6,1,10,2.93,1.88,2070.56
EDGE-LOT-01,W07,-5,-5,1,10,2.05,1.77,2107.5
EDGE-LOT-01,W07,-5,-4,3,31,2.23,1.91,2091.44
EDGE-LOT-01,W07,-5,-3,1,10,2.75,1.84,2113.62
EDGE-LOT-01,W07,-5,-2,1,10,2.42,1.83,2078.85
EDGE-LOT-01,W07,-5,-1,1,10,2.76,1.8,2073.6
EDGE-LOT-01,W07,-5,0,1,10,2.19,1.84,2125.97
EDGE-LOT-01,W07,-5,1,3,31,2.58,1.72,2071.21
EDGE-LOT-01,W07,-5,2,1,10,2.66,1.83,2136.57
EDGE-LOT-01,W07,-5,3,1,10,2.42,1.75,2090.09
EDGE-LOT-01,W07,-5,4,1,10,2.15,1.8,2124.19
EDGE-LOT-01,W07,-5,5,1,10,2.27,1.89,2097.14
EDGE-LOT-01,W07,-5,6,1,10,2.35,1.75,2087.38
EDGE-LOT-01,W07,-5,7,1,10,3.09,1.77,2081.31
EDGE-LOT-01,W07,-5,8,1,10,2.74,1.84,2110.02
EDGE-LOT-01,W07,-5,9,1,10,2.51,1.85,2097.34
EDGE-LOT-01,W07,-5,10,1,10,3.32,1.82,2164.94
EDGE-LOT-01,W07,-5,11,1,10,2.06,1.79,2086.36
EDGE-LOT-01,W07,-5,12,1,10,2.62,1.86,2089.09
EDGE-LOT-01,W07,-5,13,1,10,2.88,1.86,2084.97
EDGE-LOT-01,W07,-5,14,1,10,3.23,1.87,2096.31
EDGE-LOT-01,W07,-5,15,1,10,2.12,1.76,2109.69
EDGE-LOT-01,W07,-5,16,1,11,1.89,1.74,2063.47
EDGE-LOT-01,W07,-5,17,1,10,2.27,1.74,2039.65
EDGE-LOT-01,W07,-5,18,1,10,3.65,1.74,2032.39
EDGE-LOT-01,W07,-4,-18,1,10,3.53,1.67,2021.21
EDGE-LOT-01,W07,-4,-17,1,10,3,1.84,2059.13
EDGE-LOT-01,W07,-4,-16,1,10,2.49,1.81,2080.15
EDGE-LOT-01,W07,-4,-15,1,10,2.41,1.79,2104.3
EDGE-LOT-01,W07,-4,-14,1,10,2.85,1.82,2072.45
EDGE-LOT-01,W07,-4,-13,1,10,2.2,1.76,2091.66
EDGE-LOT-01,W07,-4,-12,1,10,3.07,1.85,2102.47
EDGE-LOT-01,W07,-4,-11,1,10,2.69,1.88,2108.21
EDGE-LOT-01,W07,-4,-10,1,10,1.89,1.83,2127.94
EDGE-LOT-01,W07,-4,-9,1,10,1.97,1.77,2101.09
EDGE-LOT-01,W07,-4,-8,1,10,2.58,1.78,2086.3
EDGE-LOT-01,W07,-4,-7,1,10,2.62,1.83,2147.08
EDGE-LOT-01,W07,-4,-6,1,10,1.99,1.8,2123.03
EDGE-LOT-01,W07,-4,-5,1,10,2.34,1.8,2112.61
EDGE-LOT-01,W07,-4,-4,1,10,3.05,1.75,2066.74
EDGE-LOT-01,W07,-4,-3,1,10,2.37,1.83,2118.1
EDGE-LOT-01,W07,-4,-2,1,10,2.39,1.81,2025.28
EDGE-LOT-01,W07,-4,-1,1,10,2.09,1.87,2066.94
EDGE-LOT-01,W07,-4,0,1,10,2.67,1.85,2103.31
EDGE-LOT-01,W07,-4,1,1,10,2.98,1.81,2114.46
EDGE-LOT-01,W07,-4,2,1,10,3.04,1.86,2070.2
EDGE-LOT-01,W07,-4,3,1,10,2.37,1.78,2101.1
EDGE-LOT-01,W07,-4,4,1,10,2.13,1.79,2114.99
EDGE-LOT-01,W07,-4,5,1,10,2.55,1.75,2058.25
EDGE-LOT-01,W07,-4,6,1,11,2.66,1.83,2098.17
EDGE-LOT-01,W07,-4,7,1,10,2.71,1.83,2078.25
EDGE-LOT-01,W07,-4,8,1,10,2.96,1.85,2124.4
EDGE-LOT-01,W07,-4,9,1,10,2.37,1.84,2132.8
EDGE-LOT-01,W07,-4,10,1,10,2.34,1.82,2081.43
EDGE-LOT-01,W07,-4,11,1,10,2.81,1.8,2118.08
EDGE-LOT-01,W07,-4,12,1,10,3.2,1.79,2129.57
EDGE-LOT-01,W07,-4,13,1,10,2.72,1.8,2150.42
EDGE-LOT-01,W07,-4,14,1,10,2.67,1.77,2144.77
EDGE-LOT-01,W07,-4,15,1,10,1.77,1.79,2060.97
EDGE-LOT-01,W07,-4,16,1,10,2.32,1.86,2138.81
EDGE-LOT-01,W07,-4,17,1,10,2.99,1.76,2078.29
EDGE-LOT-01,W07,-4,18,1,10,3.95,1.77,2083.94
EDGE-LOT-01,W07,-3,-19,2,22,5.89,1.72,2040.31
EDGE-LOT-01,W07,-3,-18,1,10,4.2,1.77,2081.53
EDGE-LOT-01,W07,-3,-17,1,10,2.78,1.86,2056.83
EDGE-LOT-01,W07,-3,-16,1,10,2.9,1.83,2116.3
EDGE-LOT-01,W07,-3,-15,1,10,2.41,1.77,2131.46
EDGE-LOT-01,W07,-3,-14,1,10,2.06,1.8,2110.17
EDGE-LOT-01,W07,-3,-13,1,10,2.87,1.81,2074.91
EDGE-LOT-01,W07,-3,-12,1,10,3.03,1.8,2079.3
EDGE-LOT-01,W07,-3,-11,1,10,2.65,1.79,2104.02
EDGE-LOT-01,W07,-3,-10,1,10,1.76,1.78,2101.86
EDGE-LOT-01,W07,-3,-9,1,10,2.87,1.78,2094.02
EDGE-LOT-01,W07,-3,-8,1,10,2.52,1.75,2128.93
EDGE-LOT-01,W07,-3,-7,1,10,2.91,1.8,2113.93
EDGE-LOT-01,W07,-3,-6,1,10,2.26,1.8,2056.65
EDGE-LOT-01,W07,-3,-5,1,10,1.98,1.83,2120.57
EDGE-LOT-01,W07,-3,-4,1,10,2.73,1.77,2101.25
EDGE-LOT-01,W07,-3,-3,1,10,2.65,1.76,2104.82
EDGE-LOT-01,W07,-3,-2,1,11,2.05,1.78,2126.06
EDGE-LOT-01,W07,-3,-1,1,10,2.55,1.82,2103.15
EDGE-LOT-01,W07,-3,0,1,10,2.49,1.87,2101.37
EDGE-LOT-01,W07,-3,1,1,10,1.92,1.76,2154.55
EDGE-LOT-01,W07,-3,2,1,11,2.95,1.85,2118.03
EDGE-LOT-01,W07,-3,3,1,10,2.47,1.74,2100.84
EDGE-LOT-01,W07,-3,4,1,10,2.75,1.77,2106.28
EDGE-LOT-01,W07,-3,5,1,10,2.71,1.78,2092.54
EDGE-LOT-01,W07,-3,6,1,10,2.06,1.75,2093.6
EDGE-LOT-01,W07,-3,7,1,10,3.79,1.78,2069.95
EDGE-LOT-01,W07,-3,8,1,10,2.03,1.79,2145.29
EDGE-LOT-01,W07,-3,9,1,10,2.59,1.77,2143.03
EDGE-LOT-01,W07,-3,10,1,11,2.27,1.85,2026.94
EDGE-LOT-01,W07,-3,11,1,10,2.67,1.77,2107.78
EDGE-LOT-01,W07,-3,12,1,10,2.49,1.83,2097.37
EDGE-LOT-01,W07,-3,13,1,10,2.68,1.76,2045.1
EDGE-LOT-01,W07,-3,14,1,10,2.27,1.81,2069.74
EDGE-LOT-01,W07,-3,15,1,10,2.75,1.88,2073.16
EDGE-LOT-01,W07,-3,16,1,10,3.19,1.86,2069.26
EDGE-LOT-01,W07,-3,17,1,10,2.48,1.81,2085.85
EDGE-LOT-01,W07,-3,18,1,10,4.38,1.7,2039.78
EDGE-LOT-01,W07,-3,19,2,21,4.6,1.66,1968.57
EDGE-LOT-01,W07,-2,-19,2,21,4.04,1.74,1969.53
EDGE-LOT-01,W07,-2,-18,3,31,3.9,1.82,2031.54
EDGE-LOT-01,W07,-2,-17,1,10,3.03,1.82,2131.84
EDGE-LOT-01,W07,-2,-16,1,10,2.76,1.79,2093.53
EDGE-LOT-01,W07,-2,-15,1,10,2.97,1.82,2125.09
EDGE-LOT-01,W07,-2,-14,1,10,2.41,1.83,2094.41
EDGE-LOT-01,W07,-2,-13,1,11,1.89,1.79,2122.04
EDGE-LOT-01,W07,-2,-12,1,10,2.67,1.74,2136.14
EDGE-LOT-01,W07,-2,-11,1,10,2.42,1.79,2089.71
EDGE-LOT-01,W07,-2,-10,1,10,2.59,1.75,2094.23
EDGE-LOT-01,W07,-2,-9,1,10,2.32,1.83,2073.65
EDGE-LOT-01,W07,-2,-8,1,10,2.42,1.84,2129.69
EDGE-LOT-01,W07,-2,-7,1,10,2.95,1.77,2121.65
EDGE-LOT-01,W07,-2,-6,1,10,2.79,1.81,2137.46
EDGE-LOT-01,W07,-2,-5,1,10,2.91,1.71,2136.98
EDGE-LOT-01,W07,-2,-4,1,10,1.71,1.76,2121.29
EDGE-LOT-01,W07,-2,-3,1,10,2.48,1.81,2120.8
EDGE-LOT-01,W07,-2,-2,1,10,3.59,1.79,2129.42
EDGE-LOT-01,W07,-2,-1,1,10,2.62,1.76,2148.62
EDGE-LOT-01,W07,-2,0,1,10,2.94,1.8,2112.53
EDGE-LOT-01,W07,-2,1,1,10,2.25,1.83,2087.03
EDGE-LOT-01,W07,-2,2,1,10,2.65,1.87,2082.67
EDGE-LOT-01,W07,-2,3,1,11,2.31,1.79,2085.92
EDGE-LOT-01,W07,-2,4,1,10,2.78,1.81,2135.38
EDGE-LOT-01,W07,-2,5,1,10,2.89,1.85,2084.68
EDGE-LOT-01,W07,-2,6,1,10,2.54,1.73,2115.73
EDGE-LOT-01,W07,-2,7,1,10,2.77,1.83,2123.26
EDGE-LOT-01,W07,-2,8,1,10,2.87,1.75,2105.44
EDGE-LOT-01,W07,-2,9,1,10,2.23,1.81,2108.27
EDGE-LOT-01,W07,-2,10,1,10,2.26,1.81,2094.12
EDGE-LOT-01,W07,-2,11,1,10,2.82,1.77,2116.79
EDGE-LOT-01,W07,-2,12,1,10,2.25,1.79,2148.76
EDGE-LOT-01,W07,-2,13,1,10,2.3,1.82,2109.8
EDGE-LOT-01,W07,-2,14,1,10,2.68,1.77,2055.65
EDGE-LOT-01,W07,-2,15,1,10,2.6,1.73,2045.25
EDGE-LOT-01,W07,-2,16,1,10,2.52,1.8,2107.57
EDGE-LOT-01,W07,-2,17,1,10,2.43,1.81,2063.02
EDGE-LOT-01,W07,-2,18,1,10,4.09,1.86,2084.86
EDGE-LOT-01,W07,-2,19,3,31,3.96,1.66,2002.28
EDGE-LOT-01,W07,-1,-19,2,21,5.11,1.71,2020.33
EDGE-LOT-01,W07,-1,-18,1,10,3.54,1.74,2044.76
EDGE-LOT-01,W07,-1,-17,1,10,2.43,1.79,2066.34
EDGE-LOT-01,W07,-1,-16,1,10,1.99,1.74,2147.74
EDGE-LOT-01,W07,-1,-15,1,10,2.21,1.83,2147.42
EDGE-LOT-01,W07,-1,-14,1,10,2.34,1.82,2064.32
EDGE-LOT-01,W07,-1,-13,1,10,2.72,1.8,2042.78
EDGE-LOT-01,W07,-1,-12,1,10,1.74,1.89,2066.99
EDGE-LOT-01,W07,-1,-11,1,10,2.74,1.78,2131.38
EDGE-LOT-01,W07,-1,-10,1,10,2.43,1.78,2080.87
EDGE-LOT-01,W07,-1,-9,1,10,2.28,1.82,2092.66
EDGE-LOT-01,W07,-1,-8,1,10,2.08,1.77,2070.02
EDGE-LOT-01,W07,-1,-7,1,10,2.46,1.77,2029.95
EDGE-LOT-01,W07,-1,-6,1,10,2.25,1.81,2111.67
EDGE-LOT-01,W07,-1,-5,1,10,2.58,1.76,2091.63
EDGE-LOT-01,W07,-1,-4,1,10,2.92,1.77,2148.5
EDGE-LOT-01,W07,-1,-3,1,10,2.86,1.82,2078.6
EDGE-LOT-01,W07,-1,-2,1,10,2.72,1.87,2090.33
EDGE-LOT-01,W07,-1,-1,1,10,2.19,1.76,2101.54
EDGE-LOT-01,W07,-1,0,1,10,2.78,1.83,2042.59
EDGE-LOT-01,W07,-1,1,1,10,2.15,1.81,2128.87
EDGE-LOT-01,W07,-1,2,1,10,1.87,1.85,2133.71
EDGE-LOT-01,W07,-1,3,1,10,2.18,1.76,2133.08
EDGE-LOT-01,W07,-1,4,1,10,2.26,1.83,2123.73
EDGE-LOT-01,W07,-1,5,1,10,2.42,1.82,2076.99
EDGE-LOT-01,W07,-1,6,1,10,2.18,1.76,2137.57
EDGE-LOT-01,W07,-1,7,1,10,2.25,1.72,2119.16
EDGE-LOT-01,W07,-1,8,1,10,2.51,1.84,2080
EDGE-LOT-01,W07,-1,9,1,10,2.38,1.81,2115.69
EDGE-LOT-01,W07,-1,10,1,10,2.87,1.8,2084.7
EDGE-LOT-01,W07,-1,11,1,10,2.37,1.74,2069.06
EDGE-LOT-01,W07,-1,12,1,10,2.81,1.79,2075.22
EDGE-LOT-01,W07,-1,13,1,10,1.61,1.78,2055.86
EDGE-LOT-01,W07,-1,14,1,10,2.72,1.84,2112.78
EDGE-LOT-01,W07,-1,15,1,10,2.67,1.77,2103.57
EDGE-LOT-01,W07,-1,16,1,10,2.38,1.83,2120.33
EDGE-LOT-01,W07,-1,17,1,10,3.39,1.79,2096.43
EDGE-LOT-01,W07,-1,18,1,10,3.33,1.79,1977.72
EDGE-LOT-01,W07,-1,19,2,22,2.84,1.67,1998.78
EDGE-LOT-01,W07,0,-19,2,21,4.22,1.69,2072.41
EDGE-LOT-01,W07,0,-18,1,10,2.29,1.73,2053.49
EDGE-LOT-01,W07,0,-17,1,10,2.56,1.81,2106.63
EDGE-LOT-01,W07,0,-16,1,10,2.73,1.84,2074.33
EDGE-LOT-01,W07,0,-15,1,10,2.58,1.82,2114.37
EDGE-LOT-01,W07,0,-14,1,10,1.33,1.67,2138.92
EDGE-LOT-01,W07,0,-13,1,10,2.76,1.87,2108.13
EDGE-LOT-01,W07,0,-12,1,10,2.53,1.76,2037.45
EDGE-LOT-01,W07,0,-11,1,10,2.27,1.72,2037.58
EDGE-LOT-01,W07,0,-10,1,10,3,1.78,2058.77
EDGE-LOT-01,W07,0,-9,1,10,2.53,1.83,2091.22
EDGE-LOT-01,W07,0,-8,1,10,2.33,1.79,2090.16
EDGE-LOT-01,W07,0,-7,1,10,2.41,1.79,2088.97
EDGE-LOT-01,W07,0,-6,1,10,2.72,1.74,2095.77
EDGE-LOT-01,W07,0,-5,1,10,1.84,1.78,2101.71
EDGE-LOT-01,W07,0,-4,1,10,3.22,1.73,2142.06
EDGE-LOT-01,W07,0,-3,1,10,2.37,1.82,2097.83
EDGE-LOT-01,W07,0,-2,1,10,2.6,1.86,2094.31
EDGE-LOT-01,W07,0,-1,1,11,2.33,1.79,2095.15
EDGE-LOT-01,W07,0,0,1,10,2.28,1.8,2061.76
EDGE-LOT-01,W07,0,1,1,10,2.43,1.74,2132.34
EDGE-LOT-01,W07,0,2,1,11,2.17,1.81,2077.29
EDGE-LOT-01,W07,0,3,1,10,2.76,1.7,2095.09
EDGE-LOT-01,W07,0,4,1,10,2.39,1.75,2095.8
EDGE-LOT-01,W07,0,5,1,10,1.45,1.82,2106.46
EDGE-LOT-01,W07,0,6,1,10,2.26,1.73,2044.52
EDGE-LOT-01,W07,0,7,1,10,2.09,1.8,2055.05
EDGE-LOT-01,W07,0,8,1,10,2.36,1.81,2165.68
EDGE-LOT-01,W07,0,9,1,10,2.67,1.75,2120.9
EDGE-LOT-01,W07,0,10,1,10,2.14,1.77,2119.72
EDGE-LOT-01,W07,0,11,1,10,2.14,1.71,2085.27
EDGE-LOT-01,W07,0,12,1,10,2.67,1.8,2048.67
EDGE-LOT-01,W07,0,13,1,10,2.27,1.87,2100.46
EDGE-LOT-01,W07,0,14,1,10,2.65,1.79,2141.09
EDGE-LOT-01,W07,0,15,1,10,2.62,1.82,2062.7
EDGE-LOT-01,W07,0,16,1,11,2.82,1.79,2055.59
EDGE-LOT-01,W07,0,17,1,10,1.99,1.85,2123.1
EDGE-LOT-01,W07,0,18,3,31,4.42,1.77,2017.87
EDGE-LOT-01,W07,0,19,2,21,3.62,1.76,2143.4
EDGE-LOT-01,W07,1,-19,3,31,4.74,1.69,2061.18
EDGE-LOT-01,W07,1,-18,1,10,3.39,1.75,2091.54
EDGE-LOT-01,W07,1,-17,1,10,2.18,1.78,2129.61
EDGE-LOT-01,W07,1,-16,1,10,2.68,1.79,2052.73
EDGE-LOT-01,W07,1,-15,1,10,2.04,1.76,2046.85
EDGE-LOT-01,W07,1,-14,1,10,2.08,1.77,2120.11
EDGE-LOT-01,W07,1,-13,1,10,2.49,1.77,2110.93
EDGE-LOT-01,W07,1,-12,1,10,2.11,1.79,2124.66
EDGE-LOT-01,W07,1,-11,1,10,2.24,1.83,2123.3
EDGE-LOT-01,W07,1,-10,1,10,2.01,1.81,2075.17
EDGE-LOT-01,W07,1,-9,1,10,2.7,1.76,2110.81
EDGE-LOT-01,W07,1,-8,1,10,2.51,1.83,2060.79
EDGE-LOT-01,W07,1,-7,1,10,2.14,1.88,2107.75
EDGE-LOT-01,W07,1,-6,1,10,2.38,1.8,2116.82
EDGE-LOT-01,W07,1,-5,1,10,2,1.86,2094.77
EDGE-LOT-01,W07,1,-4,1,10,2.86,1.79,2092.01
EDGE-LOT-01,W07,1,-3,1,10,2.68,1.79,2114.41
EDGE-LOT-01,W07,1,-2,1,10,2.4,1.79,2137.78
EDGE-LOT-01,W07,1,-1,1,10,3.3,1.86,2061.2
EDGE-LOT-01,W07,1,0,1,10,2.61,1.79,2110.73
EDGE-LOT-01,W07,1,1,1,11,2.58,1.75,2064.23
EDGE-LOT-01,W07,1,2,1,10,2.61,1.83,2122.83
EDGE-LOT-01,W07,1,3,1,10,2.32,1.8,2152.02
EDGE-LOT-01,W07,1,4,1,10,2.27,1.81,2117.11
EDGE-LOT-01,W07,1,5,1,11,3.26,1.75,2067.38
EDGE-LOT-01,W07,1,6,1,10,1.68,1.79,2080.88
EDGE-LOT-01,W07,1,7,1,10,2.83,1.76,2090.28
EDGE-LOT-01,W07,1,8,1,10,2.49,1.76,2088.91
EDGE-LOT-01,W07,1,9,1,10,2.89,1.86,2101.17
EDGE-LOT-01,W07,1,10,1,11,1.68,1.84,2162.15
EDGE-LOT-01,W07,1,11,1,10,3.28,1.78,2081.22
EDGE-LOT-01,W07,1,12,1,10,2.16,1.84,2088.42
EDGE-LOT-01,W07,1,13,1,10,3.11,1.78,2069.51
EDGE-LOT-01,W07,1,14,1,10,2.6,1.76,2038.78
EDGE-LOT-01,W07,1,15,1,10,2.37,1.82,2154.82
EDGE-LOT-01,W07,1,16,1,10,2.23,1.73,2078.47
EDGE-LOT-01,W07,1,17,1,10,1.91,1.8,2068.28
EDGE-LOT-01,W07,1,18,2,22,3.41,1.75,2054.12
EDGE-LOT-01,W07,1,19,2,21,4.62,1.67,2068.84
EDGE-LOT-01,W07,2,-19,1,10,4.16,1.84,2044.88
EDGE-LOT-01,W07,2,-18,1,10,3.41,1.72,2027.57
EDGE-LOT-01,W07,2,-17,1,10,2.67,1.72,2097.24
EDGE-LOT-01,W07,2,-16,1,10,2.7,1.83,2132.94
EDGE-LOT-01,W07,2,-15,1,10,2.37,1.82,2142.8
EDGE-LOT-01,W07,2,-14,1,10,2.11,1.72,2120.03
EDGE-LOT-01,W07,2,-13,1,10,2.16,1.82,2080.62
EDGE-LOT-01,W07,2,-12,1,10,2.18,1.72,2132.75
EDGE-LOT-01,W07,2,-11,1,11,3.01,1.71,2110.51
EDGE-LOT-01,W07,2,-10,1,10,1.57,1.84,2091.66
EDGE-LOT-01,W07,2,-9,1,10,2.11,1.85,2095.27
EDGE-LOT-01,W07,2,-8,1,10,2.83,1.8,2080.79
EDGE-LOT-01,W07,2,-7,1,10,3.09,1.78,2090.72
EDGE-LOT-01,W07,2,-6,1,10,1.69,1.82,2129.9
EDGE-LOT-01,W07,2,-5,1,10,2.41,1.91,2098.05
EDGE-LOT-01,W07,2,-4,1,10,2.96,1.76,2106.93
EDGE-LOT-01,W07,2,-3,1,10,2.97,1.77,2108.66
EDGE-LOT-01,W07,2,-2,1,10,2.94,1.84,2088.4
EDGE-LOT-01,W07,2,-1,1,10,2.53,1.79,2024.49
EDGE-LOT-01,W07,2,0,1,10,2.59,1.8,2074.22
EDGE-LOT-01,W07,2,1,1,10,2.14,1.76,2080.8
EDGE-LOT-01,W07,2,2,1,11,2.38,1.82,2130.98
EDGE-LOT-01,W07,2,3,1,10,2.41,1.81,2097.61
EDGE-LOT-01,W07,2,4,1,10,2.79,1.74,2115.97
EDGE-LOT-01,W07,2,5,1,11,2.54,1.82,2076.07
EDGE-LOT-01,W07,2,6,1,10,2.2,1.87,2137.21
EDGE-LOT-01,W07,2,7,1,10,2.73,1.77,2126.61
EDGE-LOT-01,W07,2,8,1,10,2.44,1.81,2078.55
EDGE-LOT-01,W07,2,9,1,10,2.59,1.77,2108.34
EDGE-LOT-01,W07,2,10,1,10,2.59,1.81,2099.58
EDGE-LOT-01,W07,2,11,1,10,2.81,1.74,2081.84
EDGE-LOT-01,W07,2,12,1,10,2.53,1.8,2169.69
EDGE-LOT-01,W07,2,13,1,10,1.54,1.83,2113.34
EDGE-LOT-01,W07,2,14,1,10,2.23,1.82,2089.71
EDGE-LOT-01,W07,2,15,1,11,2.56,1.76,2119.26
EDGE-LOT-01,W07,2,16,1,10,3.12,1.85,2062.08
EDGE-LOT-01,W07,2,17,1,10,2.28,1.78,2110.84
EDGE-LOT-01,W07,2,18,1,10,3.37,1.67,2022.85
EDGE-LOT-01,W07,2,19,3,31,4.01,1.67,2025.85
EDGE-LOT-01,W07,3,-19,1,10,6.26,1.68,2010.47
EDGE-LOT-01,W07,3,-18,1,10,4.39,1.72,2021.81
EDGE-LOT-01,W07,3,-17,1,10,3.41,1.81,2124.57
EDGE-LOT-01,W07,3,-16,1,10,2.15,1.86,2140.87
EDGE-LOT-01,W07,3,-15,1,10,2.37,1.79,2111.44
EDGE-LOT-01,W07,3,-14,1,10,3.33,1.81,2099.69
EDGE-LOT-01,W07,3,-13,1,10,2.84,1.78,2089.24
EDGE-LOT-01,W07,3,-12,1,10,1.76,1.82,2090.82
EDGE-LOT-01,W07,3,-11,1,10,2.84,1.73,2109.91
EDGE-LOT-01,W07,3,-10,1,10,2.16,1.85,2115.88
EDGE-LOT-01,W07,3,-9,1,10,2.31,1.85,2089.46
EDGE-LOT-01,W07,3,-8,1,10,2.8,1.8,2053.1
EDGE-LOT-01,W07,3,-7,1,10,2.44,1.8,2067.01
EDGE-LOT-01,W07,3,-6,1,10,3.07,1.84,2080.88
EDGE-LOT-01,W07,3,-5,1,10,2.6,1.84,2160.31
EDGE-LOT-01,W07,3,-4,1,10,1.84,1.85,2117.07
EDGE-LOT-01,W07,3,-3,1,10,2.46,1.77,2025.19
EDGE-LOT-01,W07,3,-2,1,10,2.28,1.76,2133.62
EDGE-LOT-01,W07,3,-1,1,10,2.41,1.84,2119.61
EDGE-LOT-01,W07,3,0,1,10,2.29,1.81,2068.55
EDGE-LOT-01,W07,3,1,1,10,2.43,1.82,2188.72
EDGE-LOT-01,W07,3,2,1,10,1.89,1.79,2100.06
EDGE-LOT-01,W07,3,3,1,10,2.34,1.82,2094.85
EDGE-LOT-01,W07,3,4,1,10,1.85,1.76,2128.25
EDGE-LOT-01,W07,3,5,1,10,1.88,1.78,2084.82
EDGE-LOT-01,W07,3,6,1,10,1.89,1.77,2095.35
EDGE-LOT-01,W07,3,7,1,10,2.15,1.78,2101.63
EDGE-LOT-01,W07,3,8,1,11,2.72,1.7,2115.43
EDGE-LOT-01,W07,3,9,1,10,1.8,1.75,2097.81
EDGE-LOT-01,W07,3,10,1,10,2.42,1.78,2094.06
EDGE-LOT-01,W07,3,11,1,10,2.36,1.86,2155.7
EDGE-LOT-01,W07,3,12,1,10,2.6,1.78,2065.92
EDGE-LOT-01,W07,3,13,1,10,2.43,1.77,2043.27
EDGE-LOT-01,W07,3,14,1,10,2.5,1.77,2087.48
EDGE-LOT-01,W07,3,15,1,10,2.11,1.88,2062.1
EDGE-LOT-01,W07,3,16,1,10,1.61,1.78,2068.33
EDGE-LOT-01,W07,3,17,1,10,2.68,1.81,2109.79
EDGE-LOT-01,W07,3,18,1,10,3.79,1.78,2057.55
EDGE-LOT-01,W07,3,19,2,22,5.53,1.7,1983.06
EDGE-LOT-01,W07,4,-18,1,10,2.4,1.73,1990.87
EDGE-LOT-01,W07,4,-17,1,10,3.14,1.75,2080.39
EDGE-LOT-01,W07,4,-16,1,10,3.31,1.82,2121.19
EDGE-LOT-01,W07,4,-15,1,11,2.16,1.85,2085.36
EDGE-LOT-01,W07,4,-14,1,10,2.73,1.87,2104.27
EDGE-LOT-01,W07,4,-13,1,11,2.06,1.77,2141.87
EDGE-LOT-01,W07,4,-12,1,10,3.52,1.79,2070.29
EDGE-LOT-01,W07,4,-11,1,10,2.9,1.81,2059.46
EDGE-LOT-01,W07,4,-10,1,10,3.02,1.85,2145.4
EDGE-LOT-01,W07,4,-9,1,10,2.52,1.81,2080.3
EDGE-LOT-01,W07,4,-8,1,10,2.82,1.87,2112.16
EDGE-LOT-01,W07,4,-7,1,10,2.79,1.88,2131.98
EDGE-LOT-01,W07,4,-6,1,10,2.41,1.79,2107.84
EDGE-LOT-01,W07,4,-5,1,10,2.37,1.79,2089.36
EDGE-LOT-01,W07,4,-4,1,10,2.47,1.88,2121.12
EDGE-LOT-01,W07,4,-3,1,10,1.89,1.81,2106.43
EDGE-LOT-01,W07,4,-2,1,10,2.38,1.88,2123.2
EDGE-LOT-01,W07,4,-1,1,10,2.53,1.73,2088
EDGE-LOT-01,W07,4,0,1,10,1.98,1.75,2129.57
EDGE-LOT-01,W07,4,1,1,10,2.33,1.81,2132.82
EDGE-LOT-01,W07,4,2,1,10,2.6,1.79,2126.92
EDGE-LOT-01,W07,4,3,1,10,2.23,1.82,2104.57
EDGE-LOT-01,W07,4,4,1,10,2.21,1.77,2086.12
EDGE-LOT-01,W07,4,5,1,10,3.3,1.81,2053.51
EDGE-LOT-01,W07,4,6,1,10,2.76,1.77,2116.65
EDGE-LOT-01,W07,4,7,1,10,1.87,1.87,2101.12
EDGE-LOT-01,W07,4,8,1,10,2.21,1.77,2077.03
EDGE-LOT-01,W07,4,9,1,11,3.33,1.8,2118.99
EDGE-LOT-01,W07,4,10,1,10,2.74,1.86,2066.16
EDGE-LOT-01,W07,4,11,1,10,2.91,1.77,2127.88
EDGE-LOT-01,W07,4,12,1,10,2.55,1.79,2084.97
EDGE-LOT-01,W07,4,13,1,11,2.3,1.81,2105.12
EDGE-LOT-01,W07,4,14,1,10,2.43,1.79,2140.63
EDGE-LOT-01,W07,4,15,1,10,2.34,1.78,2098.02
EDGE-LOT-01,W07,4,16,1,10,1.95,1.8,2115.59
EDGE-LOT-01,W07,4,17,1,10,3.56,1.81,2013.17
EDGE-LOT-01,W07,4,18,1,10,4.22,1.71,2032.75
EDGE-LOT-01,W07,5,-18,2,21,3.66,1.7,1983.72
EDGE-LOT-01,W07,5,-17,2,21,4.65,1.71,2110.32
EDGE-LOT-01,W07,5,-16,1,10,2.36,1.77,2142.99
EDGE-LOT-01,W07,5,-15,1,10,2.97,1.82,2101.87
EDGE-LOT-01,W07,5,-14,1,10,1.97,1.77,2071.22
EDGE-LOT-01,W07,5,-13,1,10,2.82,1.82,2096.43
EDGE-LOT-01,W07,5,-12,1,10,2.16,1.81,2122.61
EDGE-LOT-01,W07,5,-11,1,10,2.75,1.79,2146.44
EDGE-LOT-01,W07,5,-10,1,10,1.63,1.75,2090.51
EDGE-LOT-01,W07,5,-9,1,10,2.44,1.8,2136.62
EDGE-LOT-01,W07,5,-8,1,10,2.3,1.76,2039.5
EDGE-LOT-01,W07,5,-7,1,10,2.29,1.76,2100.34
EDGE-LOT-01,W07,5,-6,1,10,3.14,1.81,2169.24
EDGE-LOT-01,W07,5,-5,1,10,3.04,1.77,2090.44
EDGE-LOT-01,W07,5,-4,1,10,2.5,1.8,2091.82
EDGE-LOT-01,W07,5,-3,1,10,2.8,1.92,2096.59
EDGE-LOT-01,W07,5,-2,1,10,2.49,1.86,2090.42
EDGE-LOT-01,W07,5,-1,1,10,3.15,1.78,2088.57
EDGE-LOT-01,W07,5,0,1,10,2.29,1.81,2110.22
EDGE-LOT-01,W07,5,1,1,10,2.08,1.89,2085.61
EDGE-LOT-01,W07,5,2,1,10,1.83,1.8,2057.98
EDGE-LOT-01,W07,5,3,1,10,2.79,1.79,2076.33
EDGE-LOT-01,W07,5,4,1,10,2.48,1.85,2109.09
EDGE-LOT-01,W07,5,5,1,10,2.27,1.78,2059.98
EDGE-LOT-01,W07,5,6,1,11,2.31,1.75,2084.62
EDGE-LOT-01,W07,5,7,1,10,2.62,1.75,2086.35
EDGE-LOT-01,W07,5,8,1,10,2.58,1.77,2101.49
EDGE-LOT-01,W07,5,9,1,10,2.55,1.73,2103.84
EDGE-LOT-01,W07,5,10,1,11,2.01,1.82,2085.51
EDGE-LOT-01,W07,5,11,1,10,2.37,1.74,2092.34
EDGE-LOT-01,W07,5,12,1,10,2.47,1.81,2085.16
EDGE-LOT-01,W07,5,13,1,10,2.65,1.79,2112.98
EDGE-LOT-01,W07,5,14,1,10,2.71,1.78,2110.61
EDGE-LOT-01,W07,5,15,1,10,2.65,1.8,2039.67
EDGE-LOT-01,W07,5,16,1,10,2.93,1.72,2081.24
EDGE-LOT-01,W07,5,17,1,10,3.02,1.76,2109.04
EDGE-LOT-01,W07,5,18,2,22,4.34,1.73,2028.97
EDGE-LOT-01,W07,6,-18,1,10,4.25,1.7,2071.33
EDGE-LOT-01,W07,6,-17,1,11,4.16,1.71,2060.22
EDGE-LOT-01,W07,6,-16,1,10,2.75,1.85,2105.54
EDGE-LOT-01,W07,6,-15,1,10,2.97,1.85,2124.36
EDGE-LOT-01,W07,6,-14,1,10,3.03,1.8,2070.47
EDGE-LOT-01,W07,6,-13,1,10,2.02,1.71,2066.18
EDGE-LOT-01,W07,6,-12,1,10,2.67,1.75,2125.7
EDGE-LOT-01,W07,6,-11,1,10,2.89,1.83,2044.21
EDGE-LOT-01,W07,6,-10,1,10,2.49,1.77,2080.59
EDGE-LOT-01,W07,6,-9,1,10,1.98,1.82,2134.26
EDGE-LOT-01,W07,6,-8,1,10,2.23,1.76,2102.84
EDGE-LOT-01,W07,6,-7,1,10,2.02,1.85,2065.65
EDGE-LOT-01,W07,6,-6,1,10,2.3,1.79,2138.19
EDGE-LOT-01,W07,6,-5,1,10,2.68,1.77,2050.38
EDGE-LOT-01,W07,6,-4,1,10,2.55,1.83,2105.38
EDGE-LOT-01,W07,6,-3,1,10,2.95,1.78,2060.73
EDGE-LOT-01,W07,6,-2,1,10,3.22,1.86,2103.22
EDGE-LOT-01,W07,6,-1,1,10,1.84,1.79,2086.4
EDGE-LOT-01,W07,6,0,1,11,2.51,1.81,2075.29
EDGE-LOT-01,W07,6,1,1,10,2.18,1.8,2059.35
EDGE-LOT-01,W07,6,2,1,10,2.67,1.8,2079.42
EDGE-LOT-01,W07,6,3,1,10,3.03,1.75,2071.49
EDGE-LOT-01,W07,6,4,1,10,1.69,1.83,2089.34
EDGE-LOT-01,W07,6,5,1,10,2.55,1.8,2067.95
EDGE-LOT-01,W07,6,6,1,10,2.75,1.85,2150.88
EDGE-LOT-01,W07,6,7,1,10,2.11,1.82,2085.21
EDGE-LOT-01,W07,6,8,1,10,2.89,1.7,2129.95
EDGE-LOT-01,W07,6,9,1,11,3.1,1.86,2102.22
EDGE-LOT-01,W07,6,10,1,10,2.34,1.82,2051.88
EDGE-LOT-01,W07,6,11,1,10,2.76,1.78,2115.77
EDGE-LOT-01,W07,6,12,3,31,2.6,1.79,2166.5
EDGE-LOT-01,W07,6,13,1,10,1.76,1.83,2086.45
EDGE-LOT-01,W07,6,14,1,10,3.26,1.8,2112.51
EDGE-LOT-01,W07,6,15,1,11,2.76,1.74,2136.66
EDGE-LOT-01,W07,6,16,1,10,2.58,1.84,2090.19
EDGE-LOT-01,W07,6,17,1,10,3.52,1.76,2026.46
EDGE-LOT-01,W07,6,18,1,10,5.39,1.66,2064.02
EDGE-LOT-01,W07,7,-17,1,11,4.39,1.69,2015.66
EDGE-LOT-01,W07,7,-16,1,10,3.03,1.8,2063.44
EDGE-LOT-01,W07,7,-15,1,10,2.86,1.79,2076.37
EDGE-LOT-01,W07,7,-14,1,10,2.85,1.76,2073.94
EDGE-LOT-01,W07,7,-13,1,11,1.99,1.8,2089.08
EDGE-LOT-01,W07,7,-12,1,11,1.91,1.81,2071.81
EDGE-LOT-01,W07,7,-11,1,10,2.65,1.8,2091.65
EDGE-LOT-01,W07,7,-10,1,10,2.43,1.81,2128.95
EDGE-LOT-01,W07,7,-9,1,10,1.95,1.78,2141.74
EDGE-LOT-01,W07,7,-8,1,10,2.03,1.84,2134.73
EDGE-LOT-01,W07,7,-7,1,10,2.38,1.83,2118.04
EDGE-LOT-01,W07,7,-6,1,10,3.11,1.75,2102.54
EDGE-LOT-01,W07,7,-5,1,10,2.94,1.82,2087.44
EDGE-LOT-01,W07,7,-4,1,10,2.91,1.85,2122.69
EDGE-LOT-01,W07,7,-3,1,10,2.33,1.76,2080.68
EDGE-LOT-01,W07,7,-2,1,10,2.26,1.79,2148.2
EDGE-LOT-01,W07,7,-1,1,10,2.53,1.77,2082.51
EDGE-LOT-01,W07,7,0,1,10,2.07,1.81,2064.38
EDGE-LOT-01,W07,7,1,1,10,2.74,1.79,2106.34
EDGE-LOT-01,W07,7,2,1,10,2.7,1.84,2078.23
EDGE-LOT-01,W07,7,3,1,10,2.96,1.81,2096.31
EDGE-LOT-01,W07,7,4,1,10,2.55,1.76,2122.92
EDGE-LOT-01,W07,7,5,1,10,2.37,1.87,2104.89
EDGE-LOT-01,W07,7,6,1,11,2.82,1.79,2049.69
EDGE-LOT-01,W07,7,7,1,10,2.14,1.88,2080.3
EDGE-LOT-01,W07,7,8,1,10,2.82,1.79,2095.72
EDGE-LOT-01,W07,7,9,1,10,2.89,1.71,2139.97
EDGE-LOT-01,W07,7,10,1,10,2.45,1.85,2106.65
EDGE-LOT-01,W07,7,11,1,11,1.56,1.77,2147.58
EDGE-LOT-01,W07,7,12,1,10,3.09,1.83,2143.93
EDGE-LOT-01,W07,7,13,1,10,2.73,1.82,2144.32
EDGE-LOT-01,W07,7,14,1,10,2.56,1.78,2091.7
EDGE-LOT-01,W07,7,15,1,10,2.6,1.8,2091.41
EDGE-LOT-01,W07,7,16,1,10,2.89,1.75,2023.68
EDGE-LOT-01,W07,7,17,1,10,3.33,1.71,2080.41
EDGE-LOT-01,W07,8,-17,1,10,3.31,1.73,2059.96
EDGE-LOT-01,W07,8,-16,1,10,3.4,1.77,2079.18
EDGE-LOT-01,W07,8,-15,1,10,2.92,1.82,2117.13
EDGE-LOT-01,W07,8,-14,1,10,2.51,1.79,2086.44
EDGE-LOT-01,W07,8,-13,1,10,2.7,1.69,2089
EDGE-LOT-01,W07,8,-12,1,10,2.58,1.84,2141.93
EDGE-LOT-01,W07,8,-11,1,10,2.61,1.81,2098.17
EDGE-LOT-01,W07,8,-10,1,10,2.63,1.76,2081.08
EDGE-LOT-01,W07,8,-9,1,10,3.26,1.79,2131.01
EDGE-LOT-01,W07,8,-8,1,10,2.83,1.8,2105.64
EDGE-LOT-01,W07,8,-7,1,10,2.93,1.81,2129.16
EDGE-LOT-01,W07,8,-6,1,10,2.34,1.8,2112.31
EDGE-LOT-01,W07,8,-5,1,10,2.73,1.73,2081.88
EDGE-LOT-01,W07,8,-4,1,10,2.65,1.82,2109.52
EDGE-LOT-01,W07,8,-3,1,10,2.63,1.74,2063.56
EDGE-LOT-01,W07,8,-2,1,10,1.63,1.79,2081.18
EDGE-LOT-01,W07,8,-1,1,10,2.56,1.86,2111.61
EDGE-LOT-01,W07,8,0,1,10,2.77,1.83,2041.18
EDGE-LOT-01,W07,8,1,1,11,2.09,1.74,2110.94
EDGE-LOT-01,W07,8,2,1,10,2.54,1.8,2124.48
EDGE-LOT-01,W07,8,3,1,10,2.51,1.81,2121.15
EDGE-LOT-01,W07,8,4,1,10,2.33,1.78,2119.61
EDGE-LOT-01,W07,8,5,1,10,2.42,1.82,2086.35
EDGE-LOT-01,W07,8,6,1,10,3.46,1.8,2094.05
EDGE-LOT-01,W07,8,7,1,10,1.87,1.81,2122.53
EDGE-LOT-01,W07,8,8,1,11,2.04,1.83,2108.47
EDGE-LOT-01,W07,8,9,1,10,2.46,1.84,2068.93
EDGE-LOT-01,W07,8,10,1,10,2.94,1.75,2125.54
EDGE-LOT-01,W07,8,11,1,10,2.69,1.77,2109.38
EDGE-LOT-01,W07,8,12,1,10,2.71,1.88,2106.3
EDGE-LOT-01,W07,8,13,1,10,2.19,1.74,2083.6
EDGE-LOT-01,W07,8,14,1,10,2.45,1.78,2068.6
EDGE-LOT-01,W07,8,15,1,10,3.03,1.74,2099.04
EDGE-LOT-01,W07,8,16,1,11,3.03,1.81,2087.3
EDGE-LOT-01,W07,8,17,1,10,3.68,1.69,2046.8
EDGE-LOT-01,W07,9,-17,2,22,4.32,1.69,2043.55
EDGE-LOT-01,W07,9,-16,1,10,4.48,1.63,2022.15
EDGE-LOT-01,W07,9,-15,1,10,3.36,1.79,2101.44
EDGE-LOT-01,W07,9,-14,1,10,2.33,1.87,2158.67
EDGE-LOT-01,W07,9,-13,1,10,2.21,1.79,2135.62
EDGE-LOT-01,W07,9,-12,1,10,3.32,1.82,2115.78
EDGE-LOT-01,W07,9,-11,1,10,2.75,1.87,2133.21
EDGE-LOT-01,W07,9,-10,1,10,2.71,1.79,2092.61
EDGE-LOT-01,W07,9,-9,1,10,2.7,1.77,2138.35
EDGE-LOT-01,W07,9,-8,1,10,2.7,1.81,2095.02
EDGE-LOT-01,W07,9,-7,1,10,2.78,1.77,2088.32
EDGE-LOT-01,W07,9,-6,1,10,2.99,1.76,2104.84
EDGE-LOT-01,W07,9,-5,1,10,2.65,1.81,2070.68
EDGE-LOT-01,W07,9,-4,1,10,2.69,1.77,2118.74
EDGE-LOT-01,W07,9,-3,1,10,2.05,1.73,2051.62
EDGE-LOT-01,W07,9,-2,1,11,2.73,1.8,2085.01
EDGE-LOT-01,W07,9,-1,1,10,2.73,1.84,2134.13
EDGE-LOT-01,W07,9,0,1,10,1.82,1.87,2079.95
EDGE-LOT-01,W07,9,1,1,10,2.47,1.77,2090.26
EDGE-LOT-01,W07,9,2,1,10,2.46,1.81,2120.84
EDGE-LOT-01,W07,9,3,1,10,2.28,1.74,2090.24
EDGE-LOT-01,W07,9,4,1,10,2.47,1.78,2148.93
EDGE-LOT-01,W07,9,5,1,10,2.94,1.82,2057.68
EDGE-LOT-01,W07,9,6,1,10,2.58,1.82,2036.2
EDGE-LOT-01,W07,9,7,1,10,3.25,1.77,2087.09
EDGE-LOT-01,W07,9,8,1,10,2.86,1.79,2091.53
EDGE-LOT-01,W07,9,9,1,10,2.51,1.76,2103.73
EDGE-LOT-01,W07,9,10,1,10,3.39,1.84,2118.38
EDGE-LOT-01,W07,9,11,1,10,1.76,1.77,2073.16
EDGE-LOT-01,W07,9,12,1,10,3.15,1.75,2147.53
EDGE-LOT-01,W07,9,13,1,10,3.25,1.81,2098.19
EDGE-LOT-01,W07,9,14,1,10,2.82,1.77,2142.65
EDGE-LOT-01,W07,9,15,1,10,3.18,1.76,2070.49
EDGE-LOT-01,W07,9,16,1,10,3.69,1.72,2056.52
EDGE-LOT-01,W07,9,17,3,31,3.59,1.72,2022.33
EDGE-LOT-01,W07,10,-16,1,10,4.14,1.73,2021.96
EDGE-LOT-01,W07,10,-15,1,10,3.26,1.77,2061.66
EDGE-LOT-01,W07,10,-14,1,10,3.63,1.81,2075.42
EDGE-LOT-01,W07,10,-13,1,10,3.45,1.87,2116.57
EDGE-LOT-01,W07,10,-12,1,10,2.25,1.78,2090.52
EDGE-LOT-01,W07,10,-11,1,10,3.08,1.91,2081.63
EDGE-LOT-01,W07,10,-10,1,10,2.18,1.74,2028.7
EDGE-LOT-01,W07,10,-9,1,10,2.65,1.74,2134.32
EDGE-LOT-01,W07,10,-8,1,10,2.27,1.84,2109.47
EDGE-LOT-01,W07,10,-7,1,10,2.43,1.8,2086.11
EDGE-LOT-01,W07,10,-6,1,11,3.19,1.8,2111.8
EDGE-LOT-01,W07,10,-5,1,10,2.89,1.8,2126.36
EDGE-LOT-01,W07,10,-4,1,10,2.35,1.8,2137.5
EDGE-LOT-01,W07,10,-3,1,10,2.12,1.87,2105.69
EDGE-LOT-01,W07,10,-2,1,10,2.62,1.84,2136.37
EDGE-LOT-01,W07,10,-1,1,10,2.46,1.75,2049.1
EDGE-LOT-01,W07,10,0,1,10,1.97,1.81,2108.36
EDGE-LOT-01,W07,10,1,1,10,1.7,1.85,2094.48
EDGE-LOT-01,W07,10,2,1,10,2.29,1.81,2079.35
EDGE-LOT-01,W07,10,3,1,10,2.22,1.8,2120.21
EDGE-LOT-01,W07,10,4,1,10,2.71,1.71,2152.29
EDGE-LOT-01,W07,10,5,1,10,2.64,1.82,2062.08
EDGE-LOT-01,W07,10,6,1,10,3.23,1.84,2150.72
EDGE-LOT-01,W07,10,7,1,10,2.09,1.78,2131.68
EDGE-LOT-01,W07,10,8,1,10,2.57,1.81,2082.48
EDGE-LOT-01,W07,10,9,1,10,3.21,1.78,2063.48
EDGE-LOT-01,W07,10,10,1,10,1.63,1.8,2143.87
EDGE-LOT-01,W07,10,11,1,10,2.64,1.77,2120.89
EDGE-LOT-01,W07,10,12,1,10,3.2,1.87,2096.81
EDGE-LOT-01,W07,10,13,1,11,2.81,1.84,2055.77
EDGE-LOT-01,W07,10,14,1,10,2.81,1.75,2087.89
EDGE-LOT-01,W07,10,15,1,10,3.2,1.76,2034
EDGE-LOT-01,W07,10,16,1,10,3.81,1.68,2009.02
EDGE-LOT-01,W07,11,-15,1,11,3.7,1.7,2054.92
EDGE-LOT-01,W07,11,-14,1,11,3.94,1.82,2139.24
EDGE-LOT-01,W07,11,-13,1,10,2.66,1.8,2120.93
EDGE-LOT-01,W07,11,-12,1,10,2.38,1.84,2101.45
EDGE-LOT-01,W07,11,-11,1,10,2.19,1.88,2094.32
EDGE-LOT-01,W07,11,-10,1,10,2.75,1.83,2083
EDGE-LOT-01,W07,11,-9,1,10,2.07,1.77,2150.35
EDGE-LOT-01,W07,11,-8,1,10,2.6,1.79,2098.87
EDGE-LOT-01,W07,11,-7,1,10,2.21,1.82,2085.4
EDGE-LOT-01,W07,11,-6,1,10,2.38,1.85,2143.91
EDGE-LOT-01,W07,11,-5,1,10,2.27,1.87,2089.45
EDGE-LOT-01,W07,11,-4,1,11,2.43,1.97,2104.07
EDGE-LOT-01,W07,11,-3,1,10,2.61,1.81,2113.01
EDGE-LOT-01,W07,11,-2,1,10,2.39,1.82,2010.88
EDGE-LOT-01,W07,11,-1,1,10,2.9,1.83,2120.4
EDGE-LOT-01,W07,11,0,1,10,2.07,1.74,2080.89
EDGE-LOT-01,W07,11,1,1,11,3.2,1.85,2100.51
EDGE-LOT-01,W07,11,2,1,11,2.52,1.78,2073.92
EDGE-LOT-01,W07,11,3,1,10,3.37,1.74,2107.93
EDGE-LOT-01,W07,11,4,1,10,1.68,1.76,2113.4
EDGE-LOT-01,W07,11,5,1,10,2.53,1.82,2095
EDGE-LOT-01,W07,11,6,1,10,2.8,1.88,2105.96
EDGE-LOT-01,W07,11,7,1,10,2.69,1.79,2049.01
EDGE-LOT-01,W07,11,8,1,10,2.63,1.77,2104.78
EDGE-LOT-01,W07,11,9,1,10,2.29,1.72,2093.5
EDGE-LOT-01,W07,11,10,1,10,2.54,1.78,2073.47
EDGE-LOT-01,W07,11,11,1,11,2.34,1.87,2132.62
EDGE-LOT-01,W07,11,12,1,10,2.48,1.86,2130.72
EDGE-LOT-01,W07,11,13,1,10,3.17,1.83,2062.17
EDGE-LOT-01,W07,11,14,1,10,3.42,1.78,2083.26
EDGE-LOT-01,W07,11,15,1,10,4.22,1.73,2053.13
EDGE-LOT-01,W07,12,-15,1,10,5.13,1.7,1985.57
EDGE-LOT-01,W07,12,-14,1,10,4.12,1.8,2048.64
EDGE-LOT-01,W07,12,-13,1,10,2.9,1.82,2057.06
EDGE-LOT-01,W07,12,-12,1,10,1.8,1.85,2085.97
EDGE-LOT-01,W07,12,-11,1,10,3,1.8,2138.54
EDGE-LOT-01,W07,12,-10,1,10,2.32,1.81,2065.86
EDGE-LOT-01,W07,12,-9,1,10,2.91,1.73,2114.28
EDGE-LOT-01,W07,12,-8,1,10,2.19,1.77,2079.93
EDGE-LOT-01,W07,12,-7,1,10,2.05,1.77,2134.07
EDGE-LOT-01,W07,12,-6,1,10,2.64,1.88,2050.91
EDGE-LOT-01,W07,12,-5,1,11,3.06,1.77,2111.23
EDGE-LOT-01,W07,12,-4,1,10,2.94,1.77,2071.79
EDGE-LOT-01,W07,12,-3,1,10,3.4,1.75,2116.62
EDGE-LOT-01,W07,12,-2,1,10,1.78,1.82,2053.69
EDGE-LOT-01,W07,12,-1,1,10,2.25,1.78,2149.68
EDGE-LOT-01,W07,12,0,1,10,2.61,1.84,2084.28
EDGE-LOT-01,W07,12,1,1,10,1.89,1.83,2132.81
EDGE-LOT-01,W07,12,2,1,10,2.6,1.85,2148.45
EDGE-LOT-01,W07,12,3,1,10,2.32,1.77,2104.45
EDGE-LOT-01,W07,12,4,1,10,2.75,1.78,2105.94
EDGE-LOT-01,W07,12,5,1,10,2.81,1.82,2086.6
EDGE-LOT-01,W07,12,6,1,10,2.08,1.75,2092.42
EDGE-LOT-01,W07,12,7,1,10,2.35,1.78,2126.96
EDGE-LOT-01,W07,12,8,1,10,1.93,1.8,2099.06
EDGE-LOT-01,W07,12,9,1,10,2.77,1.82,2122.9
EDGE-LOT-01,W07,12,10,1,10,2.88,1.8,2103.72
EDGE-LOT-01,W07,12,11,1,10,1.88,1.79,2133.82
EDGE-LOT-01,W07,12,12,1,10,1.93,1.76,2125.07
EDGE-LOT-01,W07,12,13,1,10,2.6,1.78,2035.21
EDGE-LOT-01,W07,12,14,1,10,4.33,1.69,2114.75
EDGE-LOT-01,W07,12,15,1,10,4.42,1.69,2021.45
EDGE-LOT-01,W07,13,-14,2,21,3.26,1.76,2003.35
EDGE-LOT-01,W07,13,-13,1,10,3.5,1.75,1984.41
EDGE-LOT-01,W07,13,-12,1,10,2.98,1.82,2081.14
EDGE-LOT-01,W07,13,-11,1,10,2.63,1.79,2108.58
EDGE-LOT-01,W07,13,-10,1,10,2.57,1.86,2149.6
EDGE-LOT-01,W07,13,-9,1,10,2.93,1.87,2102.93
EDGE-LOT-01,W07,13,-8,1,10,2.51,1.81,2145.02
EDGE-LOT-01,W07,13,-7,1,10,2.85,1.76,2081.22
EDGE-LOT-01,W07,13,-6,1,10,3.23,1.78,2112.13
EDGE-LOT-01,W07,13,-5,1,10,1.94,1.8,2107.62
EDGE-LOT-01,W07,13,-4,1,10,2.89,1.8,2077.42
EDGE-LOT-01,W07,13,-3,1,10,2.09,1.78,2066.49
EDGE-LOT-01,W07,13,-2,1,10,2.65,1.79,2093.29
EDGE-LOT-01,W07,13,-1,1,10,2.65,1.74,2113.05
EDGE-LOT-01,W07,13,0,1,10,2.96,1.7,2135.37
EDGE-LOT-01,W07,13,1,1,10,2.56,1.84,2062.52
EDGE-LOT-01,W07,13,2,1,10,2.15,1.83,2087.19
EDGE-LOT-01,W07,13,3,1,10,2.79,1.78,2106.37
EDGE-LOT-01,W07,13,4,1,10,2.87,1.79,2057.08
EDGE-LOT-01,W07,13,5,1,10,2.31,1.85,2135.7
EDGE-LOT-01,W07,13,6,1,10,2.16,1.86,2110.63
EDGE-LOT-01,W07,13,7,1,10,2.09,1.79,2080.77
EDGE-LOT-01,W07,13,8,1,10,2.23,1.79,2071.99
EDGE-LOT-01,W07,13,9,1,10,3.02,1.89,2101.54
EDGE-LOT-01,W07,13,10,1,10,2.57,1.8,2086.99
EDGE-LOT-01,W07,13,11,1,10,2.42,1.82,2097
EDGE-LOT-01,W07,13,12,1,10,3.36,1.75,2075.09
EDGE-LOT-01,W07,13,13,1,10,3.35,1.67,2045.39
EDGE-LOT-01,W07,13,14,3,31,4.39,1.58,1994.45
EDGE-LOT-01,W07,14,-13,1,10,5.35,1.72,2051.89
EDGE-LOT-01,W07,14,-12,1,10,3.67,1.65,1989.06
EDGE-LOT-01,W07,14,-11,1,10,3.43,1.81,2066.99
EDGE-LOT-01,W07,14,-10,1,10,1.91,1.79,2101.93
EDGE-LOT-01,W07,14,-9,1,10,1.65,1.79,2084.03
EDGE-LOT-01,W07,14,-8,1,10,1.87,1.8,2102.04
EDGE-LOT-01,W07,14,-7,1,10,2.58,1.81,2080.4
EDGE-LOT-01,W07,14,-6,1,10,1.93,1.82,2076.35
EDGE-LOT-01,W07,14,-5,1,10,2.18,1.77,2110.93
EDGE-LOT-01,W07,14,-4,1,10,3.03,1.77,2146.2
EDGE-LOT-01,W07,14,-3,1,10,2.56,1.83,2114.28
EDGE-LOT-01,W07,14,-2,1,10,2.57,1.84,2091.84
EDGE-LOT-01,W07,14,-1,1,10,1.96,1.82,2065.9
EDGE-LOT-01,W07,14,0,1,10,2.05,1.84,2130.22
EDGE-LOT-01,W07,14,1,1,10,2.53,1.84,2142.75
EDGE-LOT-01,W07,14,2,1,10,2.23,1.82,2080
EDGE-LOT-01,W07,14,3,1,10,1.94,1.79,2047.67
EDGE-LOT-01,W07,14,4,1,11,2.86,1.75,2082.49
EDGE-LOT-01,W07,14,5,1,10,1.99,1.79,2133.16
EDGE-LOT-01,W07,14,6,1,10,2.29,1.76,2085.5
EDGE-LOT-01,W07,14,7,1,10,3.09,1.88,2139.66
EDGE-LOT-01,W07,14,8,1,10,2.31,1.77,2092.52
EDGE-LOT-01,W07,14,9,1,10,2.63,1.8,2080.85
EDGE-LOT-01,W07,14,10,1,10,2.76,1.84,2101.46
EDGE-LOT-01,W07,14,11,1,10,3.43,1.69,2089.15
EDGE-LOT-01,W07,14,12,1,10,4.19,1.77,2085.12
EDGE-LOT-01,W07,14,13,1,10,4.44,1.69,2021.07
EDGE-LOT-01,W07,15,-12,1,10,4.74,1.68,1995.73
EDGE-LOT-01,W07,15,-11,2,21,3.77,1.67,2044.48
EDGE-LOT-01,W07,15,-10,1,11,3.55,1.73,2040.37
EDGE-LOT-01,W07,15,-9,1,10,3.73,1.76,2091.25
EDGE-LOT-01,W07,15,-8,1,10,2.67,1.82,2053.86
EDGE-LOT-01,W07,15,-7,1,10,2.5,1.85,2069.25
EDGE-LOT-01,W07,15,-6,1,10,2.34,1.8,2052.19
EDGE-LOT-01,W07,15,-5,1,10,1.91,1.82,2075.03
EDGE-LOT-01,W07,15,-4,1,10,2.12,1.77,2118.55
EDGE-LOT-01,W07,15,-3,1,10,1.88,1.8,2134.48
EDGE-LOT-01,W07,15,-2,1,10,2.05,1.82,2098.48
EDGE-LOT-01,W07,15,-1,1,10,2.65,1.76,2116.6
EDGE-LOT-01,W07,15,0,1,10,2.28,1.82,2085.55
EDGE-LOT-01,W07,15,1,1,10,2.54,1.77,2109.67
EDGE-LOT-01,W07,15,2,1,10,2.19,1.84,2064.54
EDGE-LOT-01,W07,15,3,1,10,2.53,1.82,2110.32
EDGE-LOT-01,W07,15,4,1,10,2.31,1.84,2079.74
EDGE-LOT-01,W07,15,5,1,11,3.07,1.78,2123.5
EDGE-LOT-01,W07,15,6,1,10,2.57,1.85,2035.79
EDGE-LOT-01,W07,15,7,1,10,2.95,1.74,2134.34
EDGE-LOT-01,W07,15,8,1,10,1.76,1.8,2133.87
EDGE-LOT-01,W07,15,9,1,10,2.52,1.79,2100.67
EDGE-LOT-01,W07,15,10,1,10,2.63,1.82,2018.89
EDGE-LOT-01,W07,15,11,1,10,3.99,1.75,2036.7
EDGE-LOT-01,W07,15,12,2,22,4.79,1.72,1982.02
EDGE-LOT-01,W07,16,-10,1,10,5.16,1.73,2007.07
EDGE-LOT-01,W07,16,-9,1,10,2.73,1.75,2033.88
EDGE-LOT-01,W07,16,-8,1,10,2.76,1.79,2066.15
EDGE-LOT-01,W07,16,-7,1,10,3.2,1.81,2098.65
EDGE-LOT-01,W07,16,-6,1,10,2.71,1.83,2037.92
EDGE-LOT-01,W07,16,-5,1,10,1.92,1.75,2087.44
EDGE-LOT-01,W07,16,-4,1,10,1.93,1.72,2087.52
EDGE-LOT-01,W07,16,-3,1,10,2.61,1.79,2154.26
EDGE-LOT-01,W07,16,-2,1,10,2.65,1.8,2098.52
EDGE-LOT-01,W07,16,-1,1,10,2.33,1.79,2109.95
EDGE-LOT-01,W07,16,0,1,10,2.25,1.82,2087.3
EDGE-LOT-01,W07,16,1,1,10,2.58,1.78,2108.61
EDGE-LOT-01,W07,16,2,1,10,2.66,1.83,2088.22
EDGE-LOT-01,W07,16,3,1,10,2.41,1.85,2122.67
EDGE-LOT-01,W07,16,4,1,10,2.64,1.76,2087.17
EDGE-LOT-01,W07,16,5,1,11,2.5,1.8,2078.93
EDGE-LOT-01,W07,16,6,1,10,2.53,1.86,2063.51
EDGE-LOT-01,W07,16,7,1,10,3.28,1.68,2088.52
EDGE-LOT-01,W07,16,8,1,10,3.49,1.76,2066.16
EDGE-LOT-01,W07,16,9,1,10,4.99,1.66,1986.67
EDGE-LOT-01,W07,16,10,1,10,5.67,1.68,2005.38
EDGE-LOT-01,W07,17,-9,1,10,4.38,1.67,1998.65
EDGE-LOT-01,W07,17,-8,3,31,4.1,1.7,2028.38
EDGE-LOT-01,W07,17,-7,1,10,4.14,1.68,2050.72
EDGE-LOT-01,W07,17,-6,1,10,3.46,1.78,2073.85
EDGE-LOT-01,W07,17,-5,1,11,3.63,1.84,2081.94
EDGE-LOT-01,W07,17,-4,1,10,2.88,1.77,2052.61
EDGE-LOT-01,W07,17,-3,1,10,2.56,1.76,2116.94
EDGE-LOT-01,W07,17,-2,1,11,2.45,1.81,2099.07
EDGE-LOT-01,W07,17,-1,1,10,2.65,1.7,2102.3
EDGE-LOT-01,W07,17,0,1,10,2.01,1.77,2094.08
EDGE-LOT-01,W07,17,1,1,10,2.96,1.78,2110.62
EDGE-LOT-01,W07,17,2,1,10,2.98,1.84,2030.88
EDGE-LOT-01,W07,17,3,1,11,2.77,1.72,2062.07
EDGE-LOT-01,W07,17,4,1,10,2.88,1.76,2103.44
EDGE-LOT-01,W07,17,5,1,11,2.6,1.76,2062.93
EDGE-LOT-01,W07,17,6,1,10,3.07,1.72,2035.76
EDGE-LOT-01,W07,17,7,1,10,3.95,1.69,2027.98
EDGE-LOT-01,W07,17,8,2,22,4.37,1.7,2031.09
EDGE-LOT-01,W07,17,9,2,22,4.29,1.7,2034.21
EDGE-LOT-01,W07,18,-6,1,10,4.08,1.68,2017.82
EDGE-LOT-01,W07,18,-5,1,10,5,1.69,2016.84
EDGE-LOT-01,W07,18,-4,1,10,4.84,1.71,2071.03
EDGE-LOT-01,W07,18,-3,1,10,4.17,1.7,2092.66
EDGE-LOT-01,W07,18,-2,1,10,4.05,1.72,2040.06
EDGE-LOT-01,W07,18,-1,1,10,3.39,1.8,2060.2
EDGE-LOT-01,W07,18,0,1,10,2.95,1.76,2079.24
EDGE-LOT-01,W07,18,1,1,10,4.43,1.74,2076.03
EDGE-LOT-01,W07,18,2,1,10,3.79,1.8,2108
EDGE-LOT-01,W07,18,3,1,10,3.88,1.7,2074.27
EDGE-LOT-01,W07,18,4,1,10,3.62,1.75,2052.94
EDGE-LOT-01,W07,18,5,1,10,3.89,1.63,2045.19
EDGE-LOT-01,W07,18,6,1,10,3.53,1.7,2014.66
EDGE-LOT-01,W07,19,-3,2,22,4.18,1.68,2070.35
EDGE-LOT-01,W07,19,-2,1,10,4.89,1.72,2042.51
EDGE-LOT-01,W07,19,-1,1,10,4.57,1.75,2018
EDGE-LOT-01,W07,19,0,1,10,4.48,1.74,1992.08
EDGE-LOT-01,W07,19,1,3,31,3.19,1.79,1956.02
EDGE-LOT-01,W07,19,2,1,10,4.22,1.76,2023.53
EDGE-LOT-01,W07,19,3,1,10,4.93,1.73,2021.7
EDGE-LOT-01,W08,-19,-3,3,31,5.03,1.64,1964.44
EDGE-LOT-01,W08,-19,-2,2,21,4.53,1.69,2055.5
EDGE-LOT-01,W08,-19,-1,1,10,5.57,1.71,2040.13
EDGE-LOT-01,W08,-19,0,1,10,5.02,1.75,2004.2
EDGE-LOT-01,W08,-19,1,2,22,4.33,1.66,2021.96
EDGE-LOT-01,W08,-19,2,2,22,4.04,1.64,2052.57
EDGE-LOT-01,W08,-19,3,1,10,4.56,1.68,1967.17
EDGE-LOT-01,W08,-18,-6,1,10,4.61,1.72,2050.66
EDGE-LOT-01,W08,-18,-5,2,21,2.04,1.72,2022.57
EDGE-LOT-01,W08,-18,-4,1,10,3.85,1.75,2060.36
EDGE-LOT-01,W08,-18,-3,1,10,4.1,1.75,2034.56
EDGE-LOT-01,W08,-18,-2,1,10,2.32,1.79,2092.23
EDGE-LOT-01,W08,-18,-1,1,10,3.86,1.7,2079.91
EDGE-LOT-01,W08,-18,0,1,10,3.86,1.65,2141.59
EDGE-LOT-01,W08,-18,1,1,10,3.32,1.72,2119.63
EDGE-LOT-01,W08,-18,2,1,10,3.95,1.68,2033.53
EDGE-LOT-01,W08,-18,3,1,10,3.1,1.68,2019.96
EDGE-LOT-01,W08,-18,4,1,10,5.07,1.71,1992.91
EDGE-LOT-01,W08,-18,5,2,22,4.58,1.72,1907.45
EDGE-LOT-01,W08,-18,6,3,31,5.11,1.68,2014.99
EDGE-LOT-01,W08,-17,-9,3,31,5.48,1.64,2007.6
EDGE-LOT-01,W08,-17,-8,1,10,4.49,1.74,2013.74
EDGE-LOT-01,W08,-17,-7,1,10,3.39,1.75,2035.94
EDGE-LOT-01,W08,-17,-6,1,10,3.81,1.78,2063.75
EDGE-LOT-01,W08,-17,-5,1,10,2.9,1.77,2064.74
EDGE-LOT-01,W08,-17,-4,3,31,2.39,1.78,2068.12
EDGE-LOT-01,W08,-17,-3,1,10,2.65,1.82,2093.9
EDGE-LOT-01,W08,-17,-2,1,10,2.17,1.86,2104.38
EDGE-LOT-01,W08,-17,-1,1,10,2.62,1.83,2141.81
EDGE-LOT-01,W08,-17,0,1,10,3.07,1.81,2066.56
EDGE-LOT-01,W08,-17,1,1,10,2.4,1.75,2121.43
EDGE-LOT-01,W08,-17,2,1,10,2.94,1.77,2096.01
EDGE-LOT-01,W08,-17,3,1,10,3.3,1.7,2072.68
EDGE-LOT-01,W08,-17,4,1,10,3,1.73,2148.9
EDGE-LOT-01,W08,-17,5,1,10,4.11,1.76,2067.84
EDGE-LOT-01,W08,-17,6,1,10,3.95,1.81,2060.84
EDGE-LOT-01,W08,-17,7,1,10,3.9,1.71,2074.15
EDGE-LOT-01,W08,-17,8,1,10,4.23,1.73,2003.63
EDGE-LOT-01,W08,-17,9,3,31,4.91,1.65,1994.92
EDGE-LOT-01,W08,-16,-10,1,10,5.45,1.7,1994.81
EDGE-LOT-01,W08,-16,-9,1,10,3.72,1.71,2025.27
EDGE-LOT-01,W08,-16,-8,1,10,3.99,1.7,2112.63
EDGE-LOT-01,W08,-16,-7,1,10,2.19,1.75,2084.17
EDGE-LOT-01,W08,-16,-6,1,10,3.02,1.78,2094.17
EDGE-LOT-01,W08,-16,-5,1,11,2.71,1.79,2078.36
EDGE-LOT-01,W08,-16,-4,1,10,3.01,1.77,2120.84
EDGE-LOT-01,W08,-16,-3,1,10,2.84,1.81,2054.63
EDGE-LOT-01,W08,-16,-2,1,10,2.82,1.73,2065.98
EDGE-LOT-01,W08,-16,-1,1,10,2.3,1.8,2136.26
EDGE-LOT-01,W08,-16,0,1,10,1.99,1.8,2060.59
EDGE-LOT-01,W08,-16,1,1,11,2.44,1.84,2084.69
EDGE-LOT-01,W08,-16,2,1,10,1.77,1.78,2134.44
EDGE-LOT-01,W08,-16,3,1,10,2.66,1.83,2103.15
EDGE-LOT-01,W08,-16,4,1,10,1.91,1.87,2081.08
EDGE-LOT-01,W08,-16,5,1,10,2.98,1.75,2116.61
EDGE-LOT-01,W08,-16,6,1,10,2.87,1.8,2117.44
EDGE-LOT-01,W08,-16,7,1,10,3.06,1.81,2081.55
EDGE-LOT-01,W08,-16,8,1,10,3.52,1.74,2049.65
EDGE-LOT-01,W08,-16,9,1,10,3.38,1.8,2032.15
EDGE-LOT-01,W08,-16,10,2,21,3.87,1.69,2045.53
EDGE-LOT-01,W08,-15,-12,2,21,3.51,1.66,2043.4
EDGE-LOT-01,W08,-15,-11,1,10,4.59,1.75,2104.65
EDGE-LOT-01,W08,-15,-10,1,10,4.25,1.75,2082.41
EDGE-LOT-01,W08,-15,-9,1,10,2.54,1.78,2018.52
EDGE-LOT-01,W08,-15,-8,1,10,2.38,1.79,2077.14
EDGE-LOT-01,W08,-15,-7,1,10,2.33,1.77,2076.31
EDGE-LOT-01,W08,-15,-6,1,10,2.26,1.82,2102.42
EDGE-LOT-01,W08,-15,-5,1,10,2.55,1.79,2102.42
EDGE-LOT-01,W08,-15,-4,1,10,1.67,1.82,2121.38
EDGE-LOT-01,W08,-15,-3,1,10,2.36,1.83,2064.93
EDGE-LOT-01,W08,-15,-2,1,10,2.84,1.87,2115
EDGE-LOT-01,W08,-15,-1,1,10,2.53,1.77,2132.17
EDGE-LOT-01,W08,-15,0,1,10,2.56,1.8,2008.7
EDGE-LOT-01,W08,-15,1,1,10,1.69,1.78,2129.25
EDGE-LOT-01,W08,-15,2,1,10,2.12,1.7,2094.2
EDGE-LOT-01,W08,-15,3,1,11,2.41,1.86,2136.09
EDGE-LOT-01,W08,-15,4,1,10,2.45,1.77,2099.88
EDGE-LOT-01,W08,-15,5,1,10,2.63,1.72,2109.45
EDGE-LOT-01,W08,-15,6,1,10,2.65,1.81,2098.31
EDGE-LOT-01,W08,-15,7,1,10,2.45,1.79,2064.88
EDGE-LOT-01,W08,-15,8,1,10,1.89,1.77,2155.91
EDGE-LOT-01,W08,-15,9,1,10,3.16,1.81,2106.25
EDGE-LOT-01,W08,-15,10,2,21,2.62,1.82,2101.65
EDGE-LOT-01,W08,-15,11,1,10,3.38,1.74,2043.62
EDGE-LOT-01,W08,-15,12,3,31,3.28,1.66,1963.12
EDGE-LOT-01,W08,-14,-13,2,22,3.87,1.72,2061.9
EDGE-LOT-01,W08,-14,-12,1,10,3.68,1.72,2024.6
EDGE-LOT-01,W08,-14,-11,1,10,3.74,1.77,2081.2
EDGE-LOT-01,W08,-14,-10,1,10,2.94,1.82,2082.44
EDGE-LOT-01,W08,-14,-9,1,10,2.56,1.82,2096.23
EDGE-LOT-01,W08,-14,-8,1,10,1.7,1.8,2099.32
EDGE-LOT-01,W08,-14,-7,1,10,3.02,1.76,2147.02
EDGE-LOT-01,W08,-14,-6,1,10,2.93,1.8,2115.68
EDGE-LOT-01,W08,-14,-5,1,10,2.87,1.75,2075.9
EDGE-LOT-01,W08,-14,-4,1,10,2.83,1.76,2147.14
EDGE-LOT-01,W08,-14,-3,1,11,2.14,1.82,2083.52
EDGE-LOT-01,W08,-14,-2,1,10,2.28,1.83,2078.28
EDGE-LOT-01,W08,-14,-1,1,10,2.4,1.84,2057.63
EDGE-LOT-01,W08,-14,0,1,10,2.88,1.78,2055.86
EDGE-LOT-01,W08,-14,1,1,10,3.81,1.78,2117.18
EDGE-LOT-01,W08,-14,2,1,10,3.08,1.71,2130.82
EDGE-LOT-01,W08,-14,3,1,10,1.62,1.79,2053.75
EDGE-LOT-01,W08,-14,4,1,10,3.05,1.78,2097.01
EDGE-LOT-01,W08,-14,5,1,10,1.98,1.8,2088.91
EDGE-LOT-01,W08,-14,6,1,10,3.35,1.78,2112.52
EDGE-LOT-01,W08,-14,7,1,10,1.93,1.85,2047.82
EDGE-LOT-01,W08,-14,8,1,11,2.31,1.78,2094.34
EDGE-LOT-01,W08,-14,9,1,10,2.09,1.86,2129.61
EDGE-LOT-01,W08,-14,10,1,10,3.26,1.73,2145.64
EDGE-LOT-01,W08,-14,11,1,10,3.37,1.81,2101.89
EDGE-LOT-01,W08,-14,12,2,22,4.21,1.69,2020.84
EDGE-LOT-01,W08,-14,13,2,21,4.68,1.73,2008.71
EDGE-LOT-01,W08,-13,-14,1,10,4.91,1.74,2043.97
EDGE-LOT-01,W08,-13,-13,1,10,3.13,1.74,2059.16
EDGE-LOT-01,W08,-13,-12,1,10,3.47,1.79,2098.8
EDGE-LOT-01,W08,-13,-11,1,10,1.97,1.86,2063.81
EDGE-LOT-01,W08,-13,-10,1,10,2.67,1.84,2073.04
EDGE-LOT-01,W08,-13,-9,1,10,2.58,1.86,2094.56
EDGE-LOT-01,W08,-13,-8,1,10,2.33,1.81,2098.31
EDGE-LOT-01,W08,-13,-7,1,10,2.14,1.78,2070.49
EDGE-LOT-01,W08,-13,-6,1,10,2.43,1.77,2091.9
EDGE-LOT-01,W08,-13,-5,1,10,2.7,1.82,2026.87
EDGE-LOT-01,W08,-13,-4,1,10,2.47,1.85,2082.65
EDGE-LOT-01,W08,-13,-3,1,10,2.39,1.74,2118.82
EDGE-LOT-01,W08,-13,-2,1,10,2.3,1.78,2065.91
EDGE-LOT-01,W08,-13,-1,1,10,2.01,1.79,2042.6
EDGE-LOT-01,W08,-13,0,1,10,3.65,1.89,2109.44
EDGE-LOT-01,W08,-13,1,1,10,2.37,1.82,2041.42
EDGE-LOT-01,W08,-13,2,1,10,2.09,1.8,2053.15
EDGE-LOT-01,W08,-13,3,1,10,1.69,1.78,2134.41
EDGE-LOT-01,W08,-13,4,1,10,2.86,1.88,2081.93
EDGE-LOT-01,W08,-13,5,1,11,1.16,1.79,2101.07
EDGE-LOT-01,W08,-13,6,1,10,2.38,1.77,2130.76
EDGE-LOT-01,W08,-13,7,1,10,2.07,1.76,2106.49
EDGE-LOT-01,W08,-13,8,1,10,2.42,1.82,2093.72
EDGE-LOT-01,W08,-13,9,1,10,2.78,1.78,2105.39
EDGE-LOT-01,W08,-13,10,1,11,2.73,1.78,2076.63
EDGE-LOT-01,W08,-13,11,1,10,3.16,1.83,2099.99
EDGE-LOT-01,W08,-13,12,1,10,3.72,1.77,2036.9
EDGE-LOT-01,W08,-13,13,1,10,4.49,1.76,2073.28
EDGE-LOT-01,W08,-13,14,1,10,4.34,1.69,1977.27
EDGE-LOT-01,W08,-12,-15,2,21,4.29,1.72,2036.45
EDGE-LOT-01,W08,-12,-14,1,10,3.84,1.76,2034.04
EDGE-LOT-01,W08,-12,-13,1,10,2.91,1.81,2045.74
EDGE-LOT-01,W08,-12,-12,1,10,2.45,1.76,2126.13
EDGE-LOT-01,W08,-12,-11,1,10,1.97,1.84,2114.78
EDGE-LOT-01,W08,-12,-10,1,10,2.51,1.82,2130.4
EDGE-LOT-01,W08,-12,-9,1,10,2.59,1.76,2134.31
EDGE-LOT-01,W08,-12,-8,1,10,2.48,1.79,2154.77
EDGE-LOT-01,W08,-12,-7,1,10,2.59,1.83,2158.58
EDGE-LOT-01,W08,-12,-6,1,10,2.79,1.91,2126.59
EDGE-LOT-01,W08,-12,-5,1,10,2.51,1.92,2085.56
EDGE-LOT-01,W08,-12,-4,1,10,2.38,1.78,2114.58
EDGE-LOT-01,W08,-12,-3,1,11,2.16,1.85,2065
EDGE-LOT-01,W08,-12,-2,1,10,2.34,1.84,2056.9
EDGE-LOT-01,W08,-12,-1,1,10,2.08,1.8,2111.83
EDGE-LOT-01,W08,-12,0,1,10,2.33,1.82,2174.42
EDGE-LOT-01,W08,-12,1,1,10,1.82,1.73,2086.36
EDGE-LOT-01,W08,-12,2,1,10,2.39,1.75,2062.04
EDGE-LOT-01,W08,-12,3,1,10,2.61,1.82,2140.04
EDGE-LOT-01,W08,-12,4,1,10,2.92,1.8,2073.44
EDGE-LOT-01,W08,-12,5,1,11,2.2,1.83,2108.79
EDGE-LOT-01,W08,-12,6,1,10,1.37,1.79,2073.02
EDGE-LOT-01,W08,-12,7,1,10,2.38,1.82,2136.82
EDGE-LOT-01,W08,-12,8,1,10,3.2,1.81,2105.56
EDGE-LOT-01,W08,-12,9,1,10,2.25,1.81,2098.5
EDGE-LOT-01,W08,-12,10,1,10,2.71,1.77,2149.84
EDGE-LOT-01,W08,-12,11,1,11,1.87,1.75,2151.89
EDGE-LOT-01,W08,-12,12,1,11,2.87,1.82,2116.31
EDGE-LOT-01,W08,-12,13,1,10,3.09,1.71,2123.24
EDGE-LOT-01,W08,-12,14,1,10,3.94,1.76,2014.04
EDGE-LOT-01,W08,-12,15,1,10,5.35,1.73,1982.97
EDGE-LOT-01,W08,-11,-15,1,10,4.66,1.71,2068.44
EDGE-LOT-01,W08,-11,-14,1,10,3.29,1.72,2107.07
EDGE-LOT-01,W08,-11,-13,1,10,2.77,1.77,2129.1
EDGE-LOT-01,W08,-11,-12,1,10,2.25,1.79,2112.94
EDGE-LOT-01,W08,-11,-11,1,10,3.22,1.85,2087.31
EDGE-LOT-01,W08,-11,-10,1,10,2.58,1.81,2122.66
EDGE-LOT-01,W08,-11,-9,1,10,2.62,1.83,2104.03
EDGE-LOT-01,W08,-11,-8,1,10,2.47,1.83,2114.78
EDGE-LOT-01,W08,-11,-7,1,10,2.01,1.82,2135.93
EDGE-LOT-01,W08,-11,-6,1,10,2.09,1.88,2098.1
EDGE-LOT-01,W08,-11,-5,2,21,3.05,1.79,2114.36
EDGE-LOT-01,W08,-11,-4,1,10,2.33,1.82,2055.87
EDGE-LOT-01,W08,-11,-3,1,10,3.18,1.81,2098.67
EDGE-LOT-01,W08,-11,-2,1,10,1.7,1.76,2107.31
EDGE-LOT-01,W08,-11,-1,1,10,2.01,1.76,2105.26
EDGE-LOT-01,W08,-11,0,1,10,2.57,1.87,2100.2
EDGE-LOT-01,W08,-11,1,1,10,1.7,1.82,2129.73
EDGE-LOT-01,W08,-11,2,1,10,2.48,1.77,2091.35
EDGE-LOT-01,W08,-11,3,1,10,2.1,1.82,2070.33
EDGE-LOT-01,W08,-11,4,1,10,2.76,1.8,2096.39
EDGE-LOT-01,W08,-11,5,1,10,2.23,1.77,2116.3
EDGE-LOT-01,W08,-11,6,1,10,2,1.83,2115.77
EDGE-LOT-01,W08,-11,7,1,10,3.26,1.86,2066.75
EDGE-LOT-01,W08,-11,8,1,10,1.92,1.82,2162.2
EDGE-LOT-01,W08,-11,9,1,10,2.6,1.82,2062.68
EDGE-LOT-01,W08,-11,10,1,10,2.25,1.83,2080.19
EDGE-LOT-01,W08,-11,11,1,10,2.74,1.81,2110.31
EDGE-LOT-01,W08,-11,12,1,10,2.9,1.71,2120.52
EDGE-LOT-01,W08,-11,13,1,10,2.01,1.78,2093.75
EDGE-LOT-01,W08,-11,14,1,10,2.66,1.77,2047.64
EDGE-LOT-01,W08,-11,15,1,11,4.63,1.79,2064.35
EDGE-LOT-01,W08,-10,-16,1,10,3.78,1.71,1962.28
EDGE-LOT-01,W08,-10,-15,1,10,3.36,1.82,2096.23
EDGE-LOT-01,W08,-10,-14,1,10,1.82,1.73,2110.92
EDGE-LOT-01,W08,-10,-13,1,11,2.11,1.82,2081.57
EDGE-LOT-01,W08,-10,-12,1,10,3.37,1.73,2124.82
EDGE-LOT-01,W08,-10,-11,1,10,2.08,1.74,2126.03
EDGE-LOT-01,W08,-10,-10,1,10,2.74,1.79,2070.79
EDGE-LOT-01,W08,-10,-9,1,10,2.56,1.8,2119.53
EDGE-LOT-01,W08,-10,-8,1,10,2.13,1.82,2031.59
EDGE-LOT-01,W08,-10,-7,1,10,1.8,1.77,2067.41
EDGE-LOT-01,W08,-10,-6,1,10,1.42,1.81,2032.81
EDGE-LOT-01,W08,-10,-5,1,10,2.64,1.82,2080.74
EDGE-LOT-01,W08,-10,-4,1,10,2.44,1.73,2106.86
EDGE-LOT-01,W08,-10,-3,1,10,2.41,1.84,2034.85
EDGE-LOT-01,W08,-10,-2,1,10,1.8,1.81,2110.77
EDGE-LOT-01,W08,-10,-1,1,10,2.41,1.82,2087.68
EDGE-LOT-01,W08,-10,0,1,10,2.08,1.77,2125.37
EDGE-LOT-01,W08,-10,1,1,10,2.83,1.85,2123.28
EDGE-LOT-01,W08,-10,2,1,10,2.37,1.85,2129.45
EDGE-LOT-01,W08,-10,3,1,10,2.35,1.79,2099.99
EDGE-LOT-01,W08,-10,4,1,10,2.36,1.77,2063.54
EDGE-LOT-01,W08,-10,5,1,10,1.5,1.76,2129.72
EDGE-LOT-01,W08,-10,6,1,10,2.35,1.82,2168.42
EDGE-LOT-01,W08,-10,7,1,10,2.65,1.86,2151.81
EDGE-LOT-01,W08,-10,8,2,22,2.78,1.81,2131.32
EDGE-LOT-01,W08,-10,9,1,10,2.47,1.79,2074.79
EDGE-LOT-01,W08,-10,10,1,10,2.59,1.8,2083.56
EDGE-LOT-01,W08,-10,11,1,10,3.1,1.81,2032.9
EDGE-LOT-01,W08,-10,12,1,10,2.43,1.78,2058.69
EDGE-LOT-01,W08,-10,13,1,10,2.3,1.81,2126.2
EDGE-LOT-01,W08,-10,14,1,10,3.77,1.76,2116.11
EDGE-LOT-01,W08,-10,15,2,22,4.6,1.77,2105.5
EDGE-LOT-01,W08,-10,16,2,22,4.34,1.74,2037.9
EDGE-LOT-01,W08,-9,-17,3,31,5.37,1.72,2016.98
EDGE-LOT-01,W08,-9,-16,1,10,3.12,1.69,2060.95
EDGE-LOT-01,W08,-9,-15,1,11,2.41,1.74,2103.01
EDGE-LOT-01,W08,-9,-14,1,10,3.08,1.83,2097.94
EDGE-LOT-01,W08,-9,-13,1,10,2.6,1.74,2107.68
EDGE-LOT-01,W08,-9,-12,1,10,3.28,1.8,2088.53
EDGE-LOT-01,W08,-9,-11,1,10,2.66,1.77,2105.9
EDGE-LOT-01,W08,-9,-10,1,10,1.75,1.82,2047.76
EDGE-LOT-01,W08,-9,-9,1,10,2.87,1.81,2132.89
EDGE-LOT-01,W08,-9,-8,1,10,2.28,1.84,2106.06
EDGE-LOT-01,W08,-9,-7,1,10,2.34,1.77,2105.6
EDGE-LOT-01,W08,-9,-6,1,10,2.65,1.81,2096.45
EDGE-LOT-01,W08,-9,-5,1,11,2.53,1.86,2116.55
EDGE-LOT-01,W08,-9,-4,1,10,2.49,1.79,2074.07
EDGE-LOT-01,W08,-9,-3,1,10,3.13,1.85,2092.86
EDGE-LOT-01,W08,-9,-2,1,11,2.51,1.81,2106.79
EDGE-LOT-01,W08,-9,-1,1,10,1.78,1.81,2106.02
EDGE-LOT-01,W08,-9,0,1,10,2.51,1.84,2132.88
EDGE-LOT-01,W08,-9,1,1,10,2.33,1.8,2099.63
EDGE-LOT-01,W08,-9,2,1,10,3.12,1.76,2074.29
EDGE-LOT-01,W08,-9,3,1,10,2.28,1.85,2132.49
EDGE-LOT-01,W08,-9,4,1,10,2.95,1.76,2134.35
EDGE-LOT-01,W08,-9,5,1,10,2.32,1.81,2075.85
EDGE-LOT-01,W08,-9,6,1,10,2.67,1.81,2095.38
EDGE-LOT-01,W08,-9,7,1,10,3.11,1.8,2078.04
EDGE-LOT-01,W08,-9,8,1,10,2.71,1.72,2077.79
EDGE-LOT-01,W08,-9,9,1,10,2.21,1.79,2079.65
EDGE-LOT-01,W08,-9,10,1,10,2.84,1.77,2118.07
EDGE-LOT-01,W08,-9,11,1,10,2.49,1.83,2124.09
EDGE-LOT-01,W08,-9,12,1,10,1.87,1.74,2156.99
EDGE-LOT-01,W08,-9,13,1,10,1.89,1.74,2095.18
EDGE-LOT-01,W08,-9,14,1,10,2.39,1.81,2117.01
EDGE-LOT-01,W08,-9,15,1,10,2.43,1.76,2106.48
EDGE-LOT-01,W08,-9,16,2,22,4.25,1.74,1948.75
EDGE-LOT-01,W08,-9,17,1,10,5.44,1.7,2052.36
EDGE-LOT-01,W08,-8,-17,1,10,4.5,1.7,1999.5
EDGE-LOT-01,W08,-8,-16,1,10,3.16,1.71,2061.08
EDGE-LOT-01,W08,-8,-15,1,10,1.91,1.79,2111.95
EDGE-LOT-01,W08,-8,-14,1,10,2.17,1.78,2137.96
EDGE-LOT-01,W08,-8,-13,1,10,1.97,1.83,2110.75
EDGE-LOT-01,W08,-8,-12,1,10,2.64,1.74,2100.4
EDGE-LOT-01,W08,-8,-11,1,10,3.18,1.79,2131.29
EDGE-LOT-01,W08,-8,-10,1,11,3.09,1.78,2109.33
EDGE-LOT-01,W08,-8,-9,1,10,3.07,1.79,2096.33
EDGE-LOT-01,W08,-8,-8,1,11,2.46,1.75,2069.07
EDGE-LOT-01,W08,-8,-7,1,10,1.99,1.78,2116.07
EDGE-LOT-01,W08,-8,-6,1,10,1.81,1.78,2169.15
EDGE-LOT-01,W08,-8,-5,1,10,2.65,1.85,2085.87
EDGE-LOT-01,W08,-8,-4,1,11,2.51,1.83,2081.12
EDGE-LOT-01,W08,-8,-3,1,10,2.64,1.79,2065.85
EDGE-LOT-01,W08,-8,-2,1,10,2.57,1.8,2069.83
EDGE-LOT-01,W08,-8,-1,1,10,2.77,1.79,2124.73
EDGE-LOT-01,W08,-8,0,1,10,2.35,1.74,2092.76
EDGE-LOT-01,W08,-8,1,1,11,3.21,1.86,2082.03
EDGE-LOT-01,W08,-8,2,1,11,2.83,1.86,2102.06
EDGE-LOT-01,W08,-8,3,1,10,2.29,1.85,2068.34
EDGE-LOT-01,W08,-8,4,1,10,2.74,1.82,2128.13
EDGE-LOT-01,W08,-8,5,1,10,2.49,1.84,2109.72
EDGE-LOT-01,W08,-8,6,1,10,2.13,1.85,2140.44
EDGE-LOT-01,W08,-8,7,1,10,2.76,1.77,2074.08
EDGE-LOT-01,W08,-8,8,1,10,1.63,1.77,2087.68
EDGE-LOT-01,W08,-8,9,1,10,2.09,1.86,2146.19
EDGE-LOT-01,W08,-8,10,1,10,2.31,1.81,2099.96
EDGE-LOT-01,W08,-8,11,1,10,2.3,1.81,2145.7
EDGE-LOT-01,W08,-8,12,1,10,2.67,1.8,2113.12
EDGE-LOT-01,W08,-8,13,1,10,2.85,1.76,2097.48
EDGE-LOT-01,W08,-8,14,1,10,2.86,1.81,2103.31
EDGE-LOT-01,W08,-8,15,1,10,2.27,1.79,2110.5
EDGE-LOT-01,W08,-8,16,1,10,2.13,1.71,2057.93
EDGE-LOT-01,W08,-8,17,1,10,4.18,1.77,2001.72
EDGE-LOT-01,W08,-7,-17,1,10,3.69,1.77,2100.31
EDGE-LOT-01,W08,-7,-16,1,10,2.63,1.8,2064.68
EDGE-LOT-01,W08,-7,-15,1,10,2.53,1.84,2138.13
EDGE-LOT-01,W08,-7,-14,1,10,2.69,1.78,2065.85
EDGE-LOT-01,W08,-7,-13,1,10,2.65,1.79,2104.51
EDGE-LOT-01,W08,-7,-12,1,10,2.54,1.89,2107.95
EDGE-LOT-01,W08,-7,-11,1,10,2.45,1.79,2042.9
EDGE-LOT-01,W08,-7,-10,1,10,2.97,1.81,2060.83
EDGE-LOT-01,W08,-7,-9,1,10,2.16,1.86,2080.17
EDGE-LOT-01,W08,-7,-8,1,10,2.67,1.81,2093.11
EDGE-LOT-01,W08,-7,-7,1,10,2.49,1.8,2073.92
EDGE-LOT-01,W08,-7,-6,1,10,1.88,1.86,2065.69
EDGE-LOT-01,W08,-7,-5,1,10,2.47,1.8,2130.41
EDGE-LOT-01,W08,-7,-4,1,10,3.39,1.77,2061.64
EDGE-LOT-01,W08,-7,-3,1,10,2.06,1.77,2155.49
EDGE-LOT-01,W08,-7,-2,1,10,2.2,1.82,2106.63
EDGE-LOT-01,W08,-7,-1,1,10,2.76,1.83,2086.35
EDGE-LOT-01,W08,-7,0,1,10,2.75,1.82,2111.8
EDGE-LOT-01,W08,-7,1,1,10,2.83,1.76,2101.72
EDGE-LOT-01,W08,-7,2,1,10,2.32,1.78,2162.27
EDGE-LOT-01,W08,-7,3,1,10,1.76,1.81,2055.39
EDGE-LOT-01,W08,-7,4,1,10,2.15,1.76,2080.37
EDGE-LOT-01,W08,-7,5,1,10,2.88,1.85,2131.69
EDGE-LOT-01,W08,-7,6,1,10,2.62,1.79,2031.91
EDGE-LOT-01,W08,-7,7,1,10,2.18,1.77,2123.16
EDGE-LOT-01,W08,-7,8,1,10,2.45,1.82,2038.98
EDGE-LOT-01,W08,-7,9,1,10,2.9,1.77,2123.63
EDGE-LOT-01,W08,-7,10,1,10,2.07,1.83,2118.56
EDGE-LOT-01,W08,-7,11,1,10,3.25,1.78,2103.98
EDGE-LOT-01,W08,-7,12,1,10,1.83,1.79,2072.32
EDGE-LOT-01,W08,-7,13,1,10,2.02,1.76,2120.31
EDGE-LOT-01,W08,-7,14,1,10,2.78,1.77,2104.55
EDGE-LOT-01,W08,-7,15,1,10,2.96,1.84,2106.39
EDGE-LOT-01,W08,-7,16,1,10,2.88,1.74,2029.74
EDGE-LOT-01,W08,-7,17,1,10,4.56,1.7,2032.16
EDGE-LOT-01,W08,-6,-18,1,10,3.34,1.73,2050.09
EDGE-LOT-01,W08,-6,-17,2,21,3.07,1.75,2067.99
EDGE-LOT-01,W08,-6,-16,1,10,2.28,1.79,2126.28
EDGE-LOT-01,W08,-6,-15,1,10,2.42,1.75,2124.78
EDGE-LOT-01,W08,-6,-14,1,10,2.41,1.84,2075.71
EDGE-LOT-01,W08,-6,-13,1,10,2.21,1.8,2149.09
EDGE-LOT-01,W08,-6,-12,3,31,2.58,1.82,2081.31
EDGE-LOT-01,W08,-6,-11,1,10,3.17,1.73,2098.81
EDGE-LOT-01,W08,-6,-10,1,10,2.32,1.81,2127.24
EDGE-LOT-01,W08,-6,-9,1,10,2.01,1.82,2128.17
EDGE-LOT-01,W08,-6,-8,1,10,3.22,1.82,2147.78
EDGE-LOT-01,W08,-6,-7,1,10,2.92,1.72,2080.83
EDGE-LOT-01,W08,-6,-6,1,10,3.2,1.86,2113.54
EDGE-LOT-01,W08,-6,-5,1,10,2.54,1.77,2070.55
EDGE-LOT-01,W08,-6,-4,1,10,2.01,1.78,2070.41
EDGE-LOT-01,W08,-6,-3,1,11,2.76,1.83,2054.41
EDGE-LOT-01,W08,-6,-2,1,10,3.09,1.76,2114.13
EDGE-LOT-01,W08,-6,-1,1,10,2.82,1.77,2114.84
EDGE-LOT-01,W08,-6,0,1,10,2.98,1.77,2068.42
EDGE-LOT-01,W08,-6,1,1,10,1.63,1.81,2130.61
EDGE-LOT-01,W08,-6,2,1,10,2.86,1.79,2136.15
EDGE-LOT-01,W08,-6,3,1,10,2.58,1.86,2153.95
EDGE-LOT-01,W08,-6,4,1,10,2.58,1.77,2127.06
EDGE-LOT-01,W08,-6,5,1,10,3.06,1.87,2155.52
EDGE-LOT-01,W08,-6,6,1,10,1.37,1.82,2064.31
EDGE-LOT-01,W08,-6,7,1,10,2.69,1.81,2082.25
EDGE-LOT-01,W08,-6,8,1,10,3.52,1.82,2108.02
EDGE-LOT-01,W08,-6,9,1,10,2.29,1.72,2117.64
EDGE-LOT-01,W08,-6,10,1,10,1.89,1.75,2096.85
EDGE-LOT-01,W08,-6,11,1,10,2.29,1.77,2101.98
EDGE-LOT-01,W08,-6,12,1,11,2.14,1.83,2079.75
EDGE-LOT-01,W08,-6,13,1,10,2.54,1.72,2184.48
EDGE-LOT-01,W08,-6,14,1,10,2.49,1.79,2112.36
EDGE-LOT-01,W08,-6,15,1,10,2.15,1.87,2104.86
EDGE-LOT-01,W08,-6,16,1,10,2.93,1.81,2065.07
EDGE-LOT-01,W08,-6,17,1,10,2.49,1.74,2142.6
EDGE-LOT-01,W08,-6,18,1,10,5.47,1.71,2029.35
EDGE-LOT-01,W08,-5,-18,1,11,4.71,1.66,2043.94
EDGE-LOT-01,W08,-5,-17,1,10,2.59,1.8,2029.65
EDGE-LOT-01,W08,-5,-16,1,10,2.66,1.76,2082.23
EDGE-LOT-01,W08,-5,-15,1,10,2.69,1.77,2146.87
EDGE-LOT-01,W08,-5,-14,1,10,2.03,1.85,2157.11
EDGE-LOT-01,W08,-5,-13,1,11,2.89,1.79,2146.51
EDGE-LOT-01,W08,-5,-12,1,10,2.52,1.82,2115.37
EDGE-LOT-01,W08,-5,-11,1,10,2.59,1.89,2103.93
EDGE-LOT-01,W08,-5,-10,1,10,1.67,1.82,2078.19
EDGE-LOT-01,W08,-5,-9,1,10,2.65,1.75,2089.52
EDGE-LOT-01,W08,-5,-8,1,10,2.48,1.82,2068.76
EDGE-LOT-01,W08,-5,-7,1,10,2.61,1.83,2100.32
EDGE-LOT-01,W08,-5,-6,1,10,1.95,1.85,2107.39
EDGE-LOT-01,W08,-5,-5,1,10,2.38,1.78,2105.67
EDGE-LOT-01,W08,-5,-4,1,10,2.83,1.79,2117.93
EDGE-LOT-01,W08,-5,-3,1,10,2.36,1.81,2168.77
EDGE-LOT-01,W08,-5,-2,1,11,2.54,1.83,2139.33
EDGE-LOT-01,W08,-5,-1,1,10,3.26,1.79,2064.77
EDGE-LOT-01,W08,-5,0,1,10,2.38,1.77,2101.59
EDGE-LOT-01,W08,-5,1,1,11,2.47,1.76,2100.62
EDGE-LOT-01,W08,-5,2,1,10,2.53,1.85,2143.21
EDGE-LOT-01,W08,-5,3,1,10,2.81,1.86,2092.8
EDGE-LOT-01,W08,-5,4,1,10,2.84,1.79,2146.8
EDGE-LOT-01,W08,-5,5,1,10,2.68,1.76,2163.78
EDGE-LOT-01,W08,-5,6,1,10,3.56,1.86,2150.13
EDGE-LOT-01,W08,-5,7,1,10,2.44,1.78,2091.2
EDGE-LOT-01,W08,-5,8,1,10,2.65,1.84,2028.82
EDGE-LOT-01,W08,-5,9,1,10,2.26,1.76,2066.05
EDGE-LOT-01,W08,-5,10,1,10,2.01,1.73,2086.63
EDGE-LOT-01,W08,-5,11,1,10,2.19,1.81,2050.52
EDGE-LOT-01,W08,-5,12,1,10,2.85,1.88,2083.39
EDGE-LOT-01,W08,-5,13,1,10,2.46,1.79,2095.01
EDGE-LOT-01,W08,-5,14,1,10,2.43,1.83,2114.19
EDGE-LOT-01,W08,-5,15,1,10,2.34,1.78,2093.67
EDGE-LOT-01,W08,-5,16,1,10,2.51,1.81,2112.62
EDGE-LOT-01,W08,-5,17,1,10,4.05,1.74,2055.26
EDGE-LOT-01,W08,-5,18,3,31,3.55,1.67,1971.63
EDGE-LOT-01,W08,-4,-18,2,22,3.67,1.73,2031.68
EDGE-LOT-01,W08,-4,-17,1,10,2.92,1.79,2101.47
EDGE-LOT-01,W08,-4,-16,1,10,2.08,1.79,2120.45
EDGE-LOT-01,W08,-4,-15,1,10,2.46,1.78,2123.53
EDGE-LOT-01,W08,-4,-14,1,10,3.57,1.78,2099.46
EDGE-LOT-01,W08,-4,-13,1,10,2.82,1.88,2095.87
EDGE-LOT-01,W08,-4,-12,1,10,1.95,1.8,2072.43
EDGE-LOT-01,W08,-4,-11,1,10,2.83,1.82,2111.71
EDGE-LOT-01,W08,-4,-10,1,10,2.07,1.87,2167.86
EDGE-LOT-01,W08,-4,-9,1,10,2.62,1.83,2091.26
EDGE-LOT-01,W08,-4,-8,1,10,3.19,1.7,2077.46
EDGE-LOT-01,W08,-4,-7,1,10,2.73,1.8,2082.2
EDGE-LOT-01,W08,-4,-6,1,10,2.24,1.85,2112.94
EDGE-LOT-01,W08,-4,-5,1,10,2.22,1.79,2111.21
EDGE-LOT-01,W08,-4,-4,1,10,2.48,1.91,2131.28
EDGE-LOT-01,W08,-4,-3,1,10,2.48,1.78,2100.16
EDGE-LOT-01,W08,-4,-2,1,10,2.23,1.85,2111.05
EDGE-LOT-01,W08,-4,-1,1,10,2.5,1.8,2072.77
EDGE-LOT-01,W08,-4,0,1,10,2.57,1.7,2115.13
EDGE-LOT-01,W08,-4,1,1,10,2.25,1.8,2066.59
EDGE-LOT-01,W08,-4,2,1,10,2.55,1.79,2066.49
EDGE-LOT-01,W08,-4,3,1,10,2.72,1.81,2083.99
EDGE-LOT-01,W08,-4,4,1,10,2.23,1.85,2067.76
EDGE-LOT-01,W08,-4,5,1,10,2.61,1.85,2058
EDGE-LOT-01,W08,-4,6,1,10,3.06,1.75,2065.2
EDGE-LOT-01,W08,-4,7,1,11,2.87,1.81,2105.86
EDGE-LOT-01,W08,-4,8,1,10,2.2,1.82,2078.91
EDGE-LOT-01,W08,-4,9,1,10,2.04,1.77,2032.66
EDGE-LOT-01,W08,-4,10,1,10,2.23,1.85,2114.52
EDGE-LOT-01,W08,-4,11,1,10,2.92,1.83,2097.42
EDGE-LOT-01,W08,-4,12,1,11,1.85,1.84,2115.72
EDGE-LOT-01,W08,-4,13,1,10,2.53,1.82,2086.14
EDGE-LOT-01,W08,-4,14,1,10,2.58,1.83,2084.03
EDGE-LOT-01,W08,-4,15,1,10,1.8,1.75,2080.69
EDGE-LOT-01,W08,-4,16,1,10,2.68,1.76,2063.21
EDGE-LOT-01,W08,-4,17,1,10,2.82,1.7,2068.91
EDGE-LOT-01,W08,-4,18,1,10,4.27,1.7,2038.38
EDGE-LOT-01,W08,-3,-19,3,31,4.26,1.73,2029.61
EDGE-LOT-01,W08,-3,-18,1,10,3.1,1.84,2001.02
EDGE-LOT-01,W08,-3,-17,1,10,2.89,1.74,2062.06
EDGE-LOT-01,W08,-3,-16,1,10,2.61,1.89,2070.93
EDGE-LOT-01,W08,-3,-15,1,10,2.19,1.86,2112.88
EDGE-LOT-01,W08,-3,-14,1,10,2.02,1.77,2085.04
EDGE-LOT-01,W08,-3,-13,1,10,2.67,1.77,2145.02
EDGE-LOT-01,W08,-3,-12,1,10,1.95,1.88,2081.92
EDGE-LOT-01,W08,-3,-11,1,10,1.24,1.79,2091.71
EDGE-LOT-01,W08,-3,-10,1,10,2.45,1.81,2109.56
EDGE-LOT-01,W08,-3,-9,1,10,2.61,1.86,2096.4
EDGE-LOT-01,W08,-3,-8,1,10,1.86,1.88,2147.57
EDGE-LOT-01,W08,-3,-7,1,10,2.68,1.82,2131.2
EDGE-LOT-01,W08,-3,-6,1,10,2.67,1.81,2127.95
EDGE-LOT-01,W08,-3,-5,1,10,3.03,1.72,2090.53
EDGE-LOT-01,W08,-3,-4,1,10,3.23,1.78,2095
EDGE-LOT-01,W08,-3,-3,1,10,2.53,1.83,2071.44
EDGE-LOT-01,W08,-3,-2,1,10,2.25,1.76,2108.26
EDGE-LOT-01,W08,-3,-1,1,10,2.89,1.78,2059.55
EDGE-LOT-01,W08,-3,0,1,10,2.38,1.81,2063.68
EDGE-LOT-01,W08,-3,1,1,10,3.1,1.88,2086.58
EDGE-LOT-01,W08,-3,2,1,10,2.64,1.74,2115.88
EDGE-LOT-01,W08,-3,3,1,10,2.76,1.86,2152
EDGE-LOT-01,W08,-3,4,1,10,2.41,1.8,2092.39
EDGE-LOT-01,W08,-3,5,1,10,2.96,1.84,2089.93
EDGE-LOT-01,W08,-3,6,1,10,2.13,1.83,2102.69
EDGE-LOT-01,W08,-3,7,1,10,2.72,1.8,2091.52
EDGE-LOT-01,W08,-3,8,1,10,1.8,1.8,2094.38
EDGE-LOT-01,W08,-3,9,1,10,2.68,1.81,2159.91
EDGE-LOT-01,W08,-3,10,1,10,2.61,1.82,2088.34
EDGE-LOT-01,W08,-3,11,1,10,2.41,1.81,2118.67
EDGE-LOT-01,W08,-3,12,1,10,3.11,1.8,2075.67
EDGE-LOT-01,W08,-3,13,1,10,1.79,1.77,2126.05
EDGE-LOT-01,W08,-3,14,1,10,1.86,1.73,2061.13
EDGE-LOT-01,W08,-3,15,1,10,2.93,1.79,2071.63
EDGE-LOT-01,W08,-3,16,1,10,2.33,1.81,2125.27
EDGE-LOT-01,W08,-3,17,1,10,3.03,1.82,2114.13
EDGE-LOT-01,W08,-3,18,1,10,3.96,1.74,2039.91
EDGE-LOT-01,W08,-3,19,1,10,5.33,1.77,2100.73
EDGE-LOT-01,W08,-2,-19,1,10,5.13,1.68,1995.56
EDGE-LOT-01,W08,-2,-18,1,10,3.82,1.81,2069.09
EDGE-LOT-01,W08,-2,-17,1,11,2.82,1.79,2102.59
EDGE-LOT-01,W08,-2,-16,1,10,1.96,1.75,2112.59
EDGE-LOT-01,W08,-2,-15,1,10,2.71,1.8,2090.81
EDGE-LOT-01,W08,-2,-14,1,10,2.7,1.78,2096.87
EDGE-LOT-01,W08,-2,-13,1,10,2.44,1.79,2094.83
EDGE-LOT-01,W08,-2,-12,1,10,2.14,1.8,2118.01
EDGE-LOT-01,W08,-2,-11,1,11,2.54,1.83,2116.42
EDGE-LOT-01,W08,-2,-10,1,10,2.17,1.86,2105.03
EDGE-LOT-01,W08,-2,-9,1,10,2.81,1.84,2065.87
EDGE-LOT-01,W08,-2,-8,1,10,2.19,1.76,2064.54
EDGE-LOT-01,W08,-2,-7,1,10,2.01,1.81,2122.46
EDGE-LOT-01,W08,-2,-6,1,10,2.64,1.85,2111.3
EDGE-LOT-01,W08,-2,-5,1,10,1.92,1.77,2050.58
EDGE-LOT-01,W08,-2,-4,1,10,2.08,1.83,2085.27
EDGE-LOT-01,W08,-2,-3,1,10,2.13,1.78,2084.08
EDGE-LOT-01,W08,-2,-2,1,10,2.32,1.81,2078.84
EDGE-LOT-01,W08,-2,-1,1,10,1.84,1.82,2085.4
EDGE-LOT-01,W08,-2,0,1,10,1.43,1.73,2109.03
EDGE-LOT-01,W08,-2,1,1,10,3.01,1.77,2066.98
EDGE-LOT-01,W08,-2,2,1,10,2.48,1.77,2197.9
EDGE-LOT-01,W08,-2,3,1,10,2.84,1.77,2091.51
EDGE-LOT-01,W08,-2,4,1,10,2.13,1.78,2087.33
EDGE-LOT-01,W08,-2,5,1,10,2.38,1.83,2067.87
EDGE-LOT-01,W08,-2,6,1,10,2.07,1.78,2076.92
EDGE-LOT-01,W08,-2,7,1,10,2.67,1.8,2092.85
EDGE-LOT-01,W08,-2,8,1,10,2.65,1.83,2108.83
EDGE-LOT-01,W08,-2,9,1,10,2.2,1.84,2066.78
EDGE-LOT-01,W08,-2,10,1,10,2.08,1.83,2111.62
EDGE-LOT-01,W08,-2,11,1,10,2.08,1.72,2122.12
EDGE-LOT-01,W08,-2,12,1,11,2.43,1.79,2047.59
EDGE-LOT-01,W08,-2,13,1,10,2.73,1.8,2107.38
EDGE-LOT-01,W08,-2,14,1,10,3.4,1.75,2091.04
EDGE-LOT-01,W08,-2,15,1,10,2.74,1.71,2139.34
EDGE-LOT-01,W08,-2,16,1,10,2.67,1.81,2085.57
EDGE-LOT-01,W08,-2,17,1,10,2.99,1.76,2130.71
EDGE-LOT-01,W08,-2,18,3,31,4.31,1.81,2021.91
EDGE-LOT-01,W08,-2,19,3,31,5.36,1.72,1969.07
EDGE-LOT-01,W08,-1,-19,1,10,4.27,1.68,2011.43
EDGE-LOT-01,W08,-1,-18,1,11,3.96,1.75,2012.3
EDGE-LOT-01,W08,-1,-17,1,10,2.48,1.78,2100.8
EDGE-LOT-01,W08,-1,-16,1,10,1.98,1.83,2076.39
EDGE-LOT-01,W08,-1,-15,1,10,2.23,1.84,2139.86
EDGE-LOT-01,W08,-1,-14,1,10,2.25,1.9,2167.93
EDGE-LOT-01,W08,-1,-13,1,10,3.25,1.73,2144.39
EDGE-LOT-01,W08,-1,-12,1,10,1.13,1.81,2076.81
EDGE-LOT-01,W08,-1,-11,1,10,2.55,1.82,2054.78
EDGE-LOT-01,W08,-1,-10,1,10,3.36,1.8,2111.03
EDGE-LOT-01,W08,-1,-9,1,10,2.89,1.8,2129.18
EDGE-LOT-01,W08,-1,-8,1,10,2.04,1.84,2054.76
EDGE-LOT-01,W08,-1,-7,1,10,2.82,1.8,2140.84
EDGE-LOT-01,W08,-1,-6,1,10,2.71,1.84,2125.2
EDGE-LOT-01,W08,-1,-5,1,10,2.39,1.91,2104.47
EDGE-LOT-01,W08,-1,-4,1,10,2.85,1.76,2062.64
EDGE-LOT-01,W08,-1,-3,1,10,2.58,1.78,2069.34
EDGE-LOT-01,W08,-1,-2,1,10,2.92,1.83,2158.67
EDGE-LOT-01,W08,-1,-1,1,10,2.07,1.74,2148.32
EDGE-LOT-01,W08,-1,0,1,10,3.19,1.77,2081
EDGE-LOT-01,W08,-1,1,1,10,1.99,1.85,2109.09
EDGE-LOT-01,W08,-1,2,1,10,2.5,1.78,2038.78
EDGE-LOT-01,W08,-1,3,1,10,2.59,1.81,2142.15
EDGE-LOT-01,W08,-1,4,1,10,1.89,1.81,2075.85
EDGE-LOT-01,W08,-1,5,1,10,2.39,1.78,2086.06
EDGE-LOT-01,W08,-1,6,1,10,2.41,1.83,2037.66
EDGE-LOT-01,W08,-1,7,1,10,2.04,1.82,2077.39
EDGE-LOT-01,W08,-1,8,1,10,1.9,1.81,2133.25
EDGE-LOT-01,W08,-1,9,1,10,1.45,1.82,2082.05
EDGE-LOT-01,W08,-1,10,1,10,2.66,1.81,2066.32
EDGE-LOT-01,W08,-1,11,1,10,2.24,1.85,2104.64
EDGE-LOT-01,W08,-1,12,1,10,2.95,1.82,2104.53
EDGE-LOT-01,W08,-1,13,1,10,2.68,1.76,2122.26
EDGE-LOT-01,W08,-1,14,1,11,2.48,1.79,2092.32
EDGE-LOT-01,W08,-1,15,1,10,1.85,1.78,2106.45
EDGE-LOT-01,W08,-1,16,1,10,1.77,1.79,2102.3
EDGE-LOT-01,W08,-1,17,1,10,2.51,1.83,2078.77
EDGE-LOT-01,W08,-1,18,1,11,4.61,1.76,2027.59
EDGE-LOT-01,W08,-1,19,3,31,4.81,1.67,2065.46
EDGE-LOT-01,W08,0,-19,1,10,4.33,1.71,2028.34
EDGE-LOT-01,W08,0,-18,1,10,3.69,1.75,2077.54
EDGE-LOT-01,W08,0,-17,1,10,2.62,1.78,2105.68
EDGE-LOT-01,W08,0,-16,1,10,2.54,1.79,2112.52
EDGE-LOT-01,W08,0,-15,1,10,2.84,1.83,2084.91
EDGE-LOT-01,W08,0,-14,1,10,2.01,1.79,2099.51
EDGE-LOT-01,W08,0,-13,1,10,2.37,1.8,2057.39
EDGE-LOT-01,W08,0,-12,1,10,2.66,1.81,2093.32
EDGE-LOT-01,W08,0,-11,1,10,1.85,1.8,2094.66
EDGE-LOT-01,W08,0,-10,1,10,2.67,1.82,2087.3
EDGE-LOT-01,W08,0,-9,1,10,2.69,1.84,2109.47
EDGE-LOT-01,W08,0,-8,1,11,2.26,1.84,2092.98
EDGE-LOT-01,W08,0,-7,1,10,1.97,1.76,2094.72
EDGE-LOT-01,W08,0,-6,1,10,3.05,1.78,2107.4
EDGE-LOT-01,W08,0,-5,1,10,2.66,1.8,2103.13
EDGE-LOT-01,W08,0,-4,1,10,2.49,1.75,2066.91
EDGE-LOT-01,W08,0,-3,1,10,2.23,1.8,2085.82
EDGE-LOT-01,W08,0,-2,1,10,2.07,1.74,2185.3
EDGE-LOT-01,W08,0,-1,1,10,2.51,1.76,2095.46
EDGE-LOT-01,W08,0,0,1,10,2.83,1.77,2097.96
EDGE-LOT-01,W08,0,1,1,10,2.64,1.76,2095.98
EDGE-LOT-01,W08,0,2,1,10,2.47,1.78,2140.22
EDGE-LOT-01,W08,0,3,1,10,2.77,1.78,2065.18
EDGE-LOT-01,W08,0,4,1,10,1.63,1.75,2133.68
EDGE-LOT-01,W08,0,5,1,10,2.2,1.82,2072.93
EDGE-LOT-01,W08,0,6,1,10,1.5,1.8,2162.33
EDGE-LOT-01,W08,0,7,1,10,2.23,1.79,2098.61
EDGE-LOT-01,W08,0,8,1,10,2.27,1.7,2124.01
EDGE-LOT-01,W08,0,9,1,10,2.52,1.8,2089.31
EDGE-LOT-01,W08,0,10,1,10,2.49,1.77,2108.67
EDGE-LOT-01,W08,0,11,1,10,2.65,1.8,2120.96
EDGE-LOT-01,W08,0,12,1,10,2.37,1.81,2086.33
EDGE-LOT-01,W08,0,13,1,10,2.4,1.83,2128.02
EDGE-LOT-01,W08,0,14,1,11,2.91,1.79,2081.59
EDGE-LOT-01,W08,0,15,1,10,2.92,1.74,2073.83
EDGE-LOT-01,W08,0,16,1,10,2.84,1.84,2116.93
EDGE-LOT-01,W08,0,17,1,10,2.72,1.77,2098.98
EDGE-LOT-01,W08,0,18,1,10,3.34,1.78,2013.98
EDGE-LOT-01,W08,0,19,2,22,4.38,1.75,2027.91
EDGE-LOT-01,W08,1,-19,1,10,4.21,1.74,1983.02
EDGE-LOT-01,W08,1,-18,1,10,2.47,1.75,2057.06
EDGE-LOT-01,W08,1,-17,1,10,2.48,1.84,2067.63
EDGE-LOT-01,W08,1,-16,1,10,2.22,1.81,2142.81
EDGE-LOT-01,W08,1,-15,1,10,2.17,1.74,2051.39
EDGE-LOT-01,W08,1,-14,1,10,2.54,1.87,2087.9
EDGE-LOT-01,W08,1,-13,1,10,2.19,1.75,2110.69
EDGE-LOT-01,W08,1,-12,1,10,2.87,1.77,2122.36
EDGE-LOT-01,W08,1,-11,1,10,2.93,1.78,2091.17
EDGE-LOT-01,W08,1,-10,1,10,3.19,1.74,2110.96
EDGE-LOT-01,W08,1,-9,1,10,2.43,1.8,2101.64
EDGE-LOT-01,W08,1,-8,1,10,2.95,1.81,2064.46
EDGE-LOT-01,W08,1,-7,1,10,1.64,1.77,2101.43
EDGE-LOT-01,W08,1,-6,2,21,2.3,1.77,2019.79
EDGE-LOT-01,W08,1,-5,1,10,2.04,1.81,2079.75
EDGE-LOT-01,W08,1,-4,1,10,2.28,1.85,2174.99
EDGE-LOT-01,W08,1,-3,1,10,1.74,1.73,2125.17
EDGE-LOT-01,W08,1,-2,1,10,2.65,1.79,2065.42
EDGE-LOT-01,W08,1,-1,1,10,2.77,1.8,2100.03
EDGE-LOT-01,W08,1,0,1,10,2.49,1.86,2115.8
EDGE-LOT-01,W08,1,1,1,10,2.68,1.82,2124.7
EDGE-LOT-01,W08,1,2,1,10,2.48,1.81,2093.2
EDGE-LOT-01,W08,1,3,1,10,1.85,1.85,2072.65
EDGE-LOT-01,W08,1,4,1,10,2.09,1.8,2086.4
EDGE-LOT-01,W08,1,5,1,10,2.91,1.82,2112.95
EDGE-LOT-01,W08,1,6,1,10,2.32,1.79,2095.47
EDGE-LOT-01,W08,1,7,1,10,2.47,1.8,2077.6
EDGE-LOT-01,W08,1,8,1,10,2.51,1.83,2079.1
EDGE-LOT-01,W08,1,9,1,10,2.88,1.79,2055.02
EDGE-LOT-01,W08,1,10,1,11,2.81,1.75,2112.03
EDGE-LOT-01,W08,1,11,1,10,2.25,1.78,2084.71
EDGE-LOT-01,W08,1,12,1,10,2.85,1.8,2111.71
EDGE-LOT-01,W08,1,13,1,10,1.94,1.85,2140.97
EDGE-LOT-01,W08,1,14,1,10,2.79,1.81,2126.88
EDGE-LOT-01,W08,1,15,1,10,1.8,1.79,2017.97
EDGE-LOT-01,W08,1,16,1,10,2.75,1.82,2121.77
EDGE-LOT-01,W08,1,17,1,10,2.65,1.79,2089.16
EDGE-LOT-01,W08,1,18,1,10,2.08,1.72,2050.57
EDGE-LOT-01,W08,1,19,1,10,5.87,1.7,2022.42
EDGE-LOT-01,W08,2,-19,1,10,4.49,1.77,2011.53
EDGE-LOT-01,W08,2,-18,1,10,2.48,1.65,2050.84
EDGE-LOT-01,W08,2,-17,1,10,3.42,1.8,2070.23
EDGE-LOT-01,W08,2,-16,1,10,2.32,1.83,2128.55
EDGE-LOT-01,W08,2,-15,1,10,2.38,1.81,2160.61
EDGE-LOT-01,W08,2,-14,1,10,2.95,1.75,2112.56
EDGE-LOT-01,W08,2,-13,1,10,2.78,1.87,2156.13
EDGE-LOT-01,W08,2,-12,1,10,2.89,1.78,2086.97
EDGE-LOT-01,W08,2,-11,1,10,1.62,1.8,2125.5
EDGE-LOT-01,W08,2,-10,1,11,2.59,1.74,2133.32
EDGE-LOT-01,W08,2,-9,1,11,3.04,1.82,2138.07
EDGE-LOT-01,W08,2,-8,1,10,2.66,1.85,2098.12
EDGE-LOT-01,W08,2,-7,1,10,2.75,1.88,2097.17
EDGE-LOT-01,W08,2,-6,1,10,2.39,1.83,2071.79
EDGE-LOT-01,W08,2,-5,1,10,2.34,1.8,2094.17
EDGE-LOT-01,W08,2,-4,1,10,2.81,1.8,2175.91
EDGE-LOT-01,W08,2,-3,1,10,2.68,1.82,2121.85
EDGE-LOT-01,W08,2,-2,1,11,2.46,1.8,2107.08
EDGE-LOT-01,W08,2,-1,1,10,2.33,1.78,2109.31
EDGE-LOT-01,W08,2,0,1,10,2.55,1.76,2131.31
EDGE-LOT-01,W08,2,1,1,10,2.19,1.79,2093.38
EDGE-LOT-01,W08,2,2,1,10,2.6,1.83,2074.69
EDGE-LOT-01,W08,2,3,1,11,2.6,1.8,2082.76
EDGE-LOT-01,W08,2,4,1,10,2.93,1.69,2108.69
EDGE-LOT-01,W08,2,5,1,10,2.69,1.81,2067.95
EDGE-LOT-01,W08,2,6,1,10,2.53,1.73,2039.83
EDGE-LOT-01,W08,2,7,1,10,2.64,1.8,2130.73
EDGE-LOT-01,W08,2,8,1,10,2.73,1.78,2110.57
EDGE-LOT-01,W08,2,9,1,10,2.28,1.72,2106.89
EDGE-LOT-01,W08,2,10,1,10,2.61,1.84,2074.97
EDGE-LOT-01,W08,2,11,1,10,2.07,1.83,2075.06
EDGE-LOT-01,W08,2,12,1,10,2.22,1.83,2109.49
EDGE-LOT-01,W08,2,13,1,10,2.46,1.79,2071.44
EDGE-LOT-01,W08,2,14,1,10,2.74,1.84,2101.39
EDGE-LOT-01,W08,2,15,1,11,1.87,1.77,2098.56
EDGE-LOT-01,W08,2,16,1,10,2.39,1.82,2117.89
EDGE-LOT-01,W08,2,17,1,10,2.33,1.77,2103.67
EDGE-LOT-01,W08,2,18,3,31,3.33,1.75,2054.91
EDGE-LOT-01,W08,2,19,1,10,4.02,1.7,2057.58
EDGE-LOT-01,W08,3,-19,1,10,5.82,1.72,2016.55
EDGE-LOT-01,W08,3,-18,1,10,3.29,1.73,2066.53
EDGE-LOT-01,W08,3,-17,1,10,3.06,1.85,2094.71
EDGE-LOT-01,W08,3,-16,1,10,3.02,1.81,2096.16
EDGE-LOT-01,W08,3,-15,1,10,2.13,1.81,2137.42
EDGE-LOT-01,W08,3,-14,1,10,2.54,1.88,2106.35
EDGE-LOT-01,W08,3,-13,1,10,1.86,1.76,2076.2
EDGE-LOT-01,W08,3,-12,1,10,2.31,1.79,2081.7
EDGE-LOT-01,W08,3,-11,1,10,2.01,1.84,2074.69
EDGE-LOT-01,W08,3,-10,1,10,2.43,1.83,2057.48
EDGE-LOT-01,W08,3,-9,1,10,2.96,1.77,2127.53
EDGE-LOT-01,W08,3,-8,1,10,2.26,1.75,2124.44
EDGE-LOT-01,W08,3,-7,1,10,2.04,1.82,2125.48
EDGE-LOT-01,W08,3,-6,1,10,3.1,1.83,2076.2
EDGE-LOT-01,W08,3,-5,1,10,2.38,1.83,2084.2
EDGE-LOT-01,W08,3,-4,1,10,1.61,1.74,2016.39
EDGE-LOT-01,W08,3,-3,1,10,2.63,1.82,2092.93
EDGE-LOT-01,W08,3,-2,1,10,2.14,1.85,2104.72
EDGE-LOT-01,W08,3,-1,1,10,2.06,1.84,2138.73
EDGE-LOT-01,W08,3,0,1,10,2.85,1.79,2105.6
EDGE-LOT-01,W08,3,1,1,10,3.16,1.84,2042.06
EDGE-LOT-01,W08,3,2,1,10,1.58,1.79,2081.48
EDGE-LOT-01,W08,3,3,1,10,2.05,1.81,2042.17
EDGE-LOT-01,W08,3,4,1,10,2.22,1.78,2127.26
EDGE-LOT-01,W08,3,5,1,10,2.3,1.8,2098.24
EDGE-LOT-01,W08,3,6,1,10,2.86,1.79,2091.61
EDGE-LOT-01,W08,3,7,1,10,2.35,1.8,2156.46
EDGE-LOT-01,W08,3,8,1,10,1.2,1.73,2098.28
EDGE-LOT-01,W08,3,9,1,10,2.85,1.82,2069.92
EDGE-LOT-01,W08,3,10,1,10,2.64,1.88,2103.54
EDGE-LOT-01,W08,3,11,1,10,2.83,1.85,2111.57
EDGE-LOT-01,W08,3,12,1,10,2.52,1.75,2081.56
EDGE-LOT-01,W08,3,13,1,10,2.01,1.82,2106.72
EDGE-LOT-01,W08,3,14,1,10,1.87,1.81,2089.91
EDGE-LOT-01,W08,3,15,1,10,2,1.81,2131.63
EDGE-LOT-01,W08,3,16,1,10,2.56,1.73,2095.22
EDGE-LOT-01,W08,3,17,1,10,2.69,1.77,2054.32
EDGE-LOT-01,W08,3,18,1,10,3.78,1.74,2039.68
EDGE-LOT-01,W08,3,19,1,10,4.09,1.66,2026.28
EDGE-LOT-01,W08,4,-18,3,31,3.6,1.7,2041.97
EDGE-LOT-01,W08,4,-17,1,10,3.68,1.83,2090.61
EDGE-LOT-01,W08,4,-16,1,10,2.35,1.82,2090.88
EDGE-LOT-01,W08,4,-15,1,10,2.35,1.76,2120.07
EDGE-LOT-01,W08,4,-14,1,10,2.65,1.81,2127.26
EDGE-LOT-01,W08,4,-13,1,10,2.78,1.76,2070.68
EDGE-LOT-01,W08,4,-12,1,10,2.54,1.75,2120.41
EDGE-LOT-01,W08,4,-11,1,10,2.24,1.77,2118.01
EDGE-LOT-01,W08,4,-10,1,10,2.05,1.78,2105.94
EDGE-LOT-01,W08,4,-9,1,10,3.25,1.78,2179.25
EDGE-LOT-01,W08,4,-8,1,10,2.57,1.88,2110.4
EDGE-LOT-01,W08,4,-7,1,10,2.83,1.79,2070.61
EDGE-LOT-01,W08,4,-6,1,10,2.17,1.79,2098.33
EDGE-LOT-01,W08,4,-5,1,10,3.08,1.88,2113.11
EDGE-LOT-01,W08,4,-4,1,10,2.36,1.82,2088.5
EDGE-LOT-01,W08,4,-3,1,10,2.75,1.88,2111.32
EDGE-LOT-01,W08,4,-2,1,10,2.56,1.89,2066.31
EDGE-LOT-01,W08,4,-1,1,10,2.3,1.87,2035.54
EDGE-LOT-01,W08,4,0,1,10,2.35,1.85,2082.35
EDGE-LOT-01,W08,4,1,1,10,2.14,1.78,2144.23
EDGE-LOT-01,W08,4,2,1,10,1.59,1.83,2124.13
EDGE-LOT-01,W08,4,3,1,11,2.36,1.87,2099.18
EDGE-LOT-01,W08,4,4,1,10,2.09,1.81,2046.16
EDGE-LOT-01,W08,4,5,1,10,2.88,1.77,2155.67
EDGE-LOT-01,W08,4,6,1,10,2.06,1.83,2108.9
EDGE-LOT-01,W08,4,7,1,10,2.49,1.76,2056.24
EDGE-LOT-01,W08,4,8,1,10,2.45,1.85,2129.04
EDGE-LOT-01,W08,4,9,1,10,2.08,1.68,2112.45
EDGE-LOT-01,W08,4,10,1,10,2.56,1.84,2110.02
EDGE-LOT-01,W08,4,11,1,10,2.72,1.79,2050.92
EDGE-LOT-01,W08,4,12,1,10,2.2,1.78,2116.8
EDGE-LOT-01,W08,4,13,1,10,2.98,1.81,2067.95
EDGE-LOT-01,W08,4,14,1,10,2.8,1.81,2074.87
EDGE-LOT-01,W08,4,15,1,10,2.56,1.76,2126.72
EDGE-LOT-01,W08,4,16,1,10,2.26,1.78,2046.24
EDGE-LOT-01,W08,4,17,1,10,2.87,1.66,2105.69
EDGE-LOT-01,W08,4,18,2,21,4.53,1.64,2041.54
EDGE-LOT-01,W08,5,-18,1,10,3.08,1.73,2040.45
EDGE-LOT-01,W08,5,-17,1,10,3.53,1.76,2051.54
EDGE-LOT-01,W08,5,-16,1,10,2.95,1.78,2086.33
EDGE-LOT-01,W08,5,-15,1,10,2.08,1.86,2070.51
EDGE-LOT-01,W08,5,-14,1,10,2.94,1.84,2083.81
EDGE-LOT-01,W08,5,-13,1,10,3.16,1.78,2106.29
EDGE-LOT-01,W08,5,-12,1,10,2.48,1.79,2097.63
EDGE-LOT-01,W08,5,-11,1,10,2.44,1.78,2102.85
EDGE-LOT-01,W08,5,-10,1,10,1.96,1.77,2103.42
EDGE-LOT-01,W08,5,-9,1,10,2.55,1.75,2091.56
EDGE-LOT-01,W08,5,-8,1,10,2.94,1.7,2126.4
EDGE-LOT-01,W08,5,-7,1,10,2.68,1.72,2100.92
EDGE-LOT-01,W08,5,-6,1,10,3.32,1.79,2091.31
EDGE-LOT-01,W08,5,-5,1,10,2.36,1.76,2115.07
EDGE-LOT-01,W08,5,-4,1,10,3.01,1.78,2106.32
EDGE-LOT-01,W08,5,-3,1,10,3.59,1.78,2212.92
EDGE-LOT-01,W08,5,-2,1,10,2.51,1.79,2134.04
EDGE-LOT-01,W08,5,-1,1,10,2.45,1.84,2109.13
EDGE-LOT-01,W08,5,0,1,10,2.1,1.83,2135.58
EDGE-LOT-01,W08,5,1,1,10,3.15,1.78,2126.11
EDGE-LOT-01,W08,5,2,1,10,2.89,1.79,2068.5
EDGE-LOT-01,W08,5,3,1,11,2.19,1.85,2107.57
EDGE-LOT-01,W08,5,4,1,10,1.93,1.8,2136.84
EDGE-LOT-01,W08,5,5,1,10,2.06,1.72,2139.96
EDGE-LOT-01,W08,5,6,1,11,3.31,1.77,2102.21
EDGE-LOT-01,W08,5,7,1,10,2.58,1.82,2057.12
EDGE-LOT-01,W08,5,8,1,11,1.93,1.83,2101.98
EDGE-LOT-01,W08,5,9,1,10,2.68,1.77,2112.91
EDGE-LOT-01,W08,5,10,1,10,2.46,1.85,2061.65
EDGE-LOT-01,W08,5,11,1,10,2.65,1.79,2089.09
EDGE-LOT-01,W08,5,12,1,10,2.49,1.76,2082.02
EDGE-LOT-01,W08,5,13,1,10,2.91,1.81,2027.18
EDGE-LOT-01,W08,5,14,1,10,2.46,1.8,2113.83
EDGE-LOT-01,W08,5,15,1,10,1.93,1.82,2138.05
EDGE-LOT-01,W08,5,16,1,10,2.71,1.78,2088.23
EDGE-LOT-01,W08,5,17,1,10,3.38,1.75,2061.43
EDGE-LOT-01,W08,5,18,1,10,3.45,1.74,2009.14
EDGE-LOT-01,W08,6,-18,2,22,6.06,1.72,2008.6
EDGE-LOT-01,W08,6,-17,1,10,2.81,1.71,2073.91
EDGE-LOT-01,W08,6,-16,1,10,2.4,1.78,2092.46
EDGE-LOT-01,W08,6,-15,1,10,2.38,1.88,2122.37
EDGE-LOT-01,W08,6,-14,1,10,2.6,1.82,2112.45
EDGE-LOT-01,W08,6,-13,1,10,3.56,1.77,2021.08
EDGE-LOT-01,W08,6,-12,1,10,2.53,1.77,2105.8
EDGE-LOT-01,W08,6,-11,1,10,2.59,1.76,2110.32
EDGE-LOT-01,W08,6,-10,1,10,2.58,1.81,2047.07
EDGE-LOT-01,W08,6,-9,1,10,2.48,1.78,2064.18
EDGE-LOT-01,W08,6,-8,1,10,2.29,1.83,2111.3
EDGE-LOT-01,W08,6,-7,1,10,2.68,1.85,2104.6
EDGE-LOT-01,W08,6,-6,1,10,2.69,1.82,2072.55
EDGE-LOT-01,W08,6,-5,1,10,1.84,1.81,2128.28
EDGE-LOT-01,W08,6,-4,1,10,2.9,1.88,2104.93
EDGE-LOT-01,W08,6,-3,1,10,2.46,1.76,2118.04
EDGE-LOT-01,W08,6,-2,1,10,2.48,1.84,2090.64
EDGE-LOT-01,W08,6,-1,1,10,2.62,1.76,2141.39
EDGE-LOT-01,W08,6,0,1,10,2.11,1.87,2055.96
EDGE-LOT-01,W08,6,1,1,10,2.66,1.78,2083.59
EDGE-LOT-01,W08,6,2,1,10,3.07,1.75,2093.5
EDGE-LOT-01,W08,6,3,1,10,2.29,1.83,2130.67
EDGE-LOT-01,W08,6,4,1,10,2.31,1.83,2101.19
EDGE-LOT-01,W08,6,5,1,10,2.95,1.73,2102.5
EDGE-LOT-01,W08,6,6,1,10,2.51,1.78,2111.34
EDGE-LOT-01,W08,6,7,1,10,3.01,1.7,2153.59
EDGE-LOT-01,W08,6,8,1,10,2.96,1.79,2083.5
EDGE-LOT-01,W08,6,9,1,10,2.15,1.82,2078.19
EDGE-LOT-01,W08,6,10,1,10,2.54,1.85,2143
EDGE-LOT-01,W08,6,11,1,10,2.64,1.82,2115.83
EDGE-LOT-01,W08,6,12,1,10,2.17,1.79,2142.7
EDGE-LOT-01,W08,6,13,1,11,2.69,1.8,2098.51
EDGE-LOT-01,W08,6,14,1,10,3.23,1.84,2108.64
EDGE-LOT-01,W08,6,15,1,10,2.77,1.8,2138.39
EDGE-LOT-01,W08,6,16,1,10,2.24,1.83,2182.2
EDGE-LOT-01,W08,6,17,1,11,3.01,1.85,2002.9
EDGE-LOT-01,W08,6,18,3,31,4.34,1.68,2001.62
EDGE-LOT-01,W08,7,-17,1,10,2.42,1.73,1996.09
EDGE-LOT-01,W08,7,-16,1,10,4.17,1.79,2099.58
EDGE-LOT-01,W08,7,-15,1,10,2.96,1.81,2137.5
EDGE-LOT-01,W08,7,-14,1,10,2.33,1.74,2043.51
EDGE-LOT-01,W08,7,-13,1,10,3,1.78,2110.76
EDGE-LOT-01,W08,7,-12,1,11,3.65,1.81,2089.34
EDGE-LOT-01,W08,7,-11,1,10,1.77,1.81,2098.22
EDGE-LOT-01,W08,7,-10,1,10,3.42,1.82,2140.05
EDGE-LOT-01,W08,7,-9,1,10,2.21,1.82,2049.08
EDGE-LOT-01,W08,7,-8,1,10,2.56,1.9,2108.59
EDGE-LOT-01,W08,7,-7,1,10,2.34,1.73,2118.59
EDGE-LOT-01,W08,7,-6,1,10,2.64,1.75,2091.97
EDGE-LOT-01,W08,7,-5,1,10,2.49,1.78,2132.98
EDGE-LOT-01,W08,7,-4,1,10,2.45,1.73,2106.85
EDGE-LOT-01,W08,7,-3,1,10,3.3,1.86,2099.53
EDGE-LOT-01,W08,7,-2,1,10,2.33,1.77,2082.25
EDGE-LOT-01,W08,7,-1,1,10,2.55,1.8,2097.43
EDGE-LOT-01,W08,7,0,1,10,2.55,1.84,2123.19
EDGE-LOT-01,W08,7,1,1,10,2.4,1.78,2121.47
EDGE-LOT-01,W08,7,2,1,10,2.56,1.84,2092.45
EDGE-LOT-01,W08,7,3,1,10,2.07,1.79,2131.44
EDGE-LOT-01,W08,7,4,1,10,2.08,1.78,2107.01
EDGE-LOT-01,W08,7,5,1,10,2.58,1.78,2031.8
EDGE-LOT-01,W08,7,6,1,10,3.1,1.86,2113.41
EDGE-LOT-01,W08,7,7,1,10,2.74,1.75,2101.25
EDGE-LOT-01,W08,7,8,1,10,2.04,1.71,2121.07
EDGE-LOT-01,W08,7,9,1,10,2.67,1.76,2087.08
EDGE-LOT-01,W08,7,10,1,10,2.49,1.79,2073.87
EDGE-LOT-01,W08,7,11,1,10,2.96,1.77,2131.3
EDGE-LOT-01,W08,7,12,1,10,2.1,1.81,2096.15
EDGE-LOT-01,W08,7,13,1,10,2.9,1.77,2070.56
EDGE-LOT-01,W08,7,14,1,10,2.52,1.77,2150.69
EDGE-LOT-01,W08,7,15,1,10,3.12,1.79,2116.8
EDGE-LOT-01,W08,7,16,1,10,2.93,1.73,2118.36
EDGE-LOT-01,W08,7,17,1,10,3.64,1.79,2018.61
EDGE-LOT-01,W08,8,-17,1,10,4.18,1.73,2017.62
EDGE-LOT-01,W08,8,-16,1,10,3.75,1.73,2058.18
EDGE-LOT-01,W08,8,-15,1,10,2.62,1.77,2123.25
EDGE-LOT-01,W08,8,-14,1,10,2.25,1.79,2156.71
EDGE-LOT-01,W08,8,-13,1,10,2.25,1.78,2109.73
EDGE-LOT-01,W08,8,-12,1,10,2.74,1.78,2067.68
EDGE-LOT-01,W08,8,-11,1,10,2.84,1.83,2099.96
EDGE-LOT-01,W08,8,-10,1,10,2.25,1.83,2060.13
EDGE-LOT-01,W08,8,-9,1,11,2.29,1.84,2049.41
EDGE-LOT-01,W08,8,-8,1,10,1.82,1.78,2071.64
EDGE-LOT-01,W08,8,-7,1,10,2.25,1.71,2146.98
EDGE-LOT-01,W08,8,-6,1,10,2.1,1.82,2104.76
EDGE-LOT-01,W08,8,-5,1,10,2.53,1.81,2056.01
EDGE-LOT-01,W08,8,-4,1,10,2.18,1.82,2098.22
EDGE-LOT-01,W08,8,-3,1,10,2.38,1.69,2066.24
EDGE-LOT-01,W08,8,-2,1,10,2.3,1.79,2151.07
EDGE-LOT-01,W08,8,-1,1,10,2.27,1.83,2066.51
EDGE-LOT-01,W08,8,0,1,10,2.56,1.73,2110.16
EDGE-LOT-01,W08,8,1,1,10,2.79,1.81,2159.11
EDGE-LOT-01,W08,8,2,1,10,2.49,1.82,2112.54
EDGE-LOT-01,W08,8,3,2,22,2.06,1.79,2116.21
EDGE-LOT-01,W08,8,4,1,10,2.74,1.83,2052.07
EDGE-LOT-01,W08,8,5,1,10,2.78,1.81,2167.57
EDGE-LOT-01,W08,8,6,1,10,2.29,1.79,2149.29
EDGE-LOT-01,W08,8,7,1,10,2.25,1.77,2085.99
EDGE-LOT-01,W08,8,8,1,10,2.64,1.85,2091.92
EDGE-LOT-01,W08,8,9,1,10,2.92,1.78,2126.77
EDGE-LOT-01,W08,8,10,1,10,2.09,1.78,2127.87
EDGE-LOT-01,W08,8,11,1,10,2.07,1.87,2127.21
EDGE-LOT-01,W08,8,12,1,10,2.34,1.83,2123.77
EDGE-LOT-01,W08,8,13,1,10,2.4,1.78,2060.4
EDGE-LOT-01,W08,8,14,1,10,2.59,1.87,2087.85
EDGE-LOT-01,W08,8,15,1,10,2.24,1.79,2123.33
EDGE-LOT-01,W08,8,16,1,10,3.57,1.75,2088.09
EDGE-LOT-01,W08,8,17,1,10,3.9,1.68,2005.27
EDGE-LOT-01,W08,9,-17,2,21,4,1.7,2004.24
EDGE-LOT-01,W08,9,-16,1,10,4.74,1.75,2022.29
EDGE-LOT-01,W08,9,-15,1,10,2.61,1.74,2060.25
EDGE-LOT-01,W08,9,-14,1,10,2.39,1.76,2096.92
EDGE-LOT-01,W08,9,-13,1,10,1.88,1.76,2124.31
EDGE-LOT-01,W08,9,-12,1,10,1.57,1.85,2143.56
EDGE-LOT-01,W08,9,-11,1,10,2.83,1.83,2024.88
EDGE-LOT-01,W08,9,-10,1,10,2.37,1.79,2063.6
EDGE-LOT-01,W08,9,-9,1,10,3.19,1.81,2092.11
EDGE-LOT-01,W08,9,-8,1,10,2.25,1.76,2059.35
EDGE-LOT-01,W08,9,-7,1,10,2.49,1.75,2054.5
EDGE-LOT-01,W08,9,-6,1,10,2.47,1.83,2097.14
EDGE-LOT-01,W08,9,-5,1,10,3.18,1.82,2107.78
EDGE-LOT-01,W08,9,-4,1,10,2.76,1.81,2120.29
EDGE-LOT-01,W08,9,-3,1,10,1.98,1.77,2109.95
EDGE-LOT-01,W08,9,-2,1,10,2.37,1.81,2070.32
EDGE-LOT-01,W08,9,-1,1,10,2.55,1.81,2084.16
EDGE-LOT-01,W08,9,0,1,10,2.79,1.73,2147.6
EDGE-LOT-01,W08,9,1,1,10,2.6,1.85,2102.69
EDGE-LOT-01,W08,9,2,1,10,2.49,1.8,2091.02
EDGE-LOT-01,W08,9,3,1,10,2.36,1.84,2125.65
EDGE-LOT-01,W08,9,4,1,10,2.89,1.77,2146.6
EDGE-LOT-01,W08,9,5,1,10,2.57,1.78,2121.74
EDGE-LOT-01,W08,9,6,1,11,2.11,1.78,2107.23
EDGE-LOT-01,W08,9,7,1,10,2.83,1.82,2096.89
EDGE-LOT-01,W08,9,8,1,10,2.57,1.73,2105.46
EDGE-LOT-01,W08,9,9,1,10,2.46,1.83,2088.5
EDGE-LOT-01,W08,9,10,1,11,1.73,1.79,2080.18
EDGE-LOT-01,W08,9,11,1,10,2.99,1.86,2106.83
EDGE-LOT-01,W08,9,12,1,10,2.37,1.74,2060.81
EDGE-LOT-01,W08,9,13,1,10,2.13,1.88,2107.9
EDGE-LOT-01,W08,9,14,1,10,2.11,1.81,2059.35
EDGE-LOT-01,W08,9,15,1,11,2.85,1.84,2028.9
EDGE-LOT-01,W08,9,16,1,10,4.55,1.67,2077.41
EDGE-LOT-01,W08,9,17,1,10,4.37,1.62,2038.72
EDGE-LOT-01,W08,10,-16,3,31,3.35,1.74,1990.47
EDGE-LOT-01,W08,10,-15,1,10,4.2,1.76,2112.22
EDGE-LOT-01,W08,10,-14,1,10,2.14,1.81,2109.76
EDGE-LOT-01,W08,10,-13,1,10,2.25,1.84,2126.26
EDGE-LOT-01,W08,10,-12,1,10,2.43,1.82,2151.89
EDGE-LOT-01,W08,10,-11,1,10,2.91,1.78,2160.02
EDGE-LOT-01,W08,10,-10,1,10,1.52,1.79,2104.25
EDGE-LOT-01,W08,10,-9,1,10,2.83,1.77,2102.29
EDGE-LOT-01,W08,10,-8,1,10,2.61,1.8,2109.28
EDGE-LOT-01,W08,10,-7,1,10,2.6,1.8,2111.7
EDGE-LOT-01,W08,10,-6,1,10,2.5,1.81,2077.44
EDGE-LOT-01,W08,10,-5,1,10,3.11,1.79,2103.2
EDGE-LOT-01,W08,10,-4,1,10,2.72,1.76,2066.08
EDGE-LOT-01,W08,10,-3,1,10,2.29,1.75,2160.38
EDGE-LOT-01,W08,10,-2,1,10,2.54,1.85,2089.3
EDGE-LOT-01,W08,10,-1,1,10,2.44,1.76,2096.81
EDGE-LOT-01,W08,10,0,1,10,2.4,1.73,2055.37
EDGE-LOT-01,W08,10,1,1,11,2.8,1.83,2097.8
EDGE-LOT-01,W08,10,2,1,10,1.96,1.76,2112.08
EDGE-LOT-01,W08,10,3,1,10,1.57,1.79,2104.97
EDGE-LOT-01,W08,10,4,1,10,1.75,1.8,2068.37
EDGE-LOT-01,W08,10,5,1,10,2.19,1.75,2124.39
EDGE-LOT-01,W08,10,6,1,10,2.03,1.79,2069.64
EDGE-LOT-01,W08,10,7,1,10,2.52,1.86,2096.01
EDGE-LOT-01,W08,10,8,1,10,2.59,1.82,2056.28
EDGE-LOT-01,W08,10,9,1,10,3.33,1.76,2080.59
EDGE-LOT-01,W08,10,10,1,10,2.42,1.8,2114.71
EDGE-LOT-01,W08,10,11,1,10,2.68,1.78,2086.52
EDGE-LOT-01,W08,10,12,1,10,2.7,1.78,2128.59
EDGE-LOT-01,W08,10,13,1,10,3.21,1.84,2121.8
EDGE-LOT-01,W08,10,14,1,10,2.95,1.79,2096.22
EDGE-LOT-01,W08,10,15,1,10,4.23,1.76,2038.78
EDGE-LOT-01,W08,10,16,1,10,4.66,1.77,2035.92
EDGE-LOT-01,W08,11,-15,2,22,4.69,1.71,2095.03
EDGE-LOT-01,W08,11,-14,1,10,3.53,1.82,2053.14
EDGE-LOT-01,W08,11,-13,1,10,2.71,1.74,2108.23
EDGE-LOT-01,W08,11,-12,1,10,1.91,1.83,2080.68
EDGE-LOT-01,W08,11,-11,1,10,2.4,1.77,2103.29
EDGE-LOT-01,W08,11,-10,1,11,2.77,1.81,2078.44
EDGE-LOT-01,W08,11,-9,1,10,2.08,1.82,2067.61
EDGE-LOT-01,W08,11,-8,1,10,2,1.86,2110.9
EDGE-LOT-01,W08,11,-7,1,10,2.14,1.74,2075.49
EDGE-LOT-01,W08,11,-6,1,10,2.74,1.8,2097.2
EDGE-LOT-01,W08,11,-5,1,10,2.67,1.8,2118.13
EDGE-LOT-01,W08,11,-4,1,10,2.33,1.84,2056.51
EDGE-LOT-01,W08,11,-3,1,10,2.67,1.76,2116.61
EDGE-LOT-01,W08,11,-2,1,10,2.55,1.75,2055.54
EDGE-LOT-01,W08,11,-1,1,10,1.69,1.79,2080.47
EDGE-LOT-01,W08,11,0,1,10,2.43,1.83,2065.9
EDGE-LOT-01,W08,11,1,1,11,3,1.76,2161.28
EDGE-LOT-01,W08,11,2,1,10,3.04,1.76,2159.58
EDGE-LOT-01,W08,11,3,1,10,3.07,1.8,2113.11
EDGE-LOT-01,W08,11,4,1,10,2.68,1.9,2108.12
EDGE-LOT-01,W08,11,5,1,10,3.41,1.8,2108.64
EDGE-LOT-01,W08,11,6,1,10,2.41,1.81,2094.97
EDGE-LOT-01,W08,11,7,1,10,2.2,1.8,2075.66
EDGE-LOT-01,W08,11,8,1,10,2.45,1.79,2122.15
EDGE-LOT-01,W08,11,9,1,10,2.57,1.86,2121.82
EDGE-LOT-01,W08,11,10,1,10,3.39,1.75,2049.01
EDGE-LOT-01,W08,11,11,1,10,2.88,1.81,2106.2
EDGE-LOT-01,W08,11,12,1,10,2.41,1.78,2077.01
EDGE-LOT-01,W08,11,13,1,10,2.59,1.81,2086.55
EDGE-LOT-01,W08,11,14,1,10,3.27,1.82,2118.72
EDGE-LOT-01,W08,11,15,1,10,4.06,1.72,2113.23
EDGE-LOT-01,W08,12,-15,1,10,5.69,1.7,2063.33
EDGE-LOT-01,W08,12,-14,1,10,3.68,1.7,2030.48
EDGE-LOT-01,W08,12,-13,1,10,3.16,1.82,2091.44
EDGE-LOT-01,W08,12,-12,1,10,2.89,1.85,2095.01
EDGE-LOT-01,W08,12,-11,1,10,2.4,1.81,2076.06
EDGE-LOT-01,W08,12,-10,1,10,1.94,1.78,2108.44
EDGE-LOT-01,W08,12,-9,1,10,2.91,1.81,2129.85
EDGE-LOT-01,W08,12,-8,1,10,2.05,1.75,2091.34
EDGE-LOT-01,W08,12,-7,1,10,2.85,1.77,2122.08
EDGE-LOT-01,W08,12,-6,1,10,2.5,1.83,2031.32
EDGE-LOT-01,W08,12,-5,1,11,2.69,1.84,2104.2
EDGE-LOT-01,W08,12,-4,1,10,2.03,1.78,2094.36
EDGE-LOT-01,W08,12,-3,1,11,3.01,1.86,2068.6
EDGE-LOT-01,W08,12,-2,1,10,2.43,1.83,2108.67
EDGE-LOT-01,W08,12,-1,1,10,2.39,1.79,2121.36
EDGE-LOT-01,W08,12,0,1,10,2.67,1.81,2131.89
EDGE-LOT-01,W08,12,1,1,10,2.16,1.88,2106.21
EDGE-LOT-01,W08,12,2,1,10,1.91,1.75,2136.97
EDGE-LOT-01,W08,12,3,1,10,2.28,1.76,2095.66
EDGE-LOT-01,W08,12,4,1,10,2.91,1.87,2122.18
EDGE-LOT-01,W08,12,5,1,10,2.64,1.73,2138.4
EDGE-LOT-01,W08,12,6,1,11,2.36,1.87,2096.12
EDGE-LOT-01,W08,12,7,1,10,2.31,1.8,2060.56
EDGE-LOT-01,W08,12,8,1,11,1.96,1.83,2098.99
EDGE-LOT-01,W08,12,9,1,10,2.41,1.82,2064.15
EDGE-LOT-01,W08,12,10,1,10,2.52,1.8,2111.55
EDGE-LOT-01,W08,12,11,1,10,3.33,1.83,2115.22
EDGE-LOT-01,W08,12,12,1,10,2.45,1.79,2127.49
EDGE-LOT-01,W08,12,13,2,22,3.12,1.76,2049.89
EDGE-LOT-01,W08,12,14,1,10,3.86,1.76,2000.03
EDGE-LOT-01,W08,12,15,2,21,5.24,1.73,2010.72
EDGE-LOT-01,W08,13,-14,2,22,4.48,1.71,2003.77
EDGE-LOT-01,W08,13,-13,1,10,4.25,1.75,2080.77
EDGE-LOT-01,W08,13,-12,1,10,2.43,1.89,2051.86
EDGE-LOT-01,W08,13,-11,1,10,2.72,1.79,2069.6
EDGE-LOT-01,W08,13,-10,1,10,2.21,1.73,2113.16
EDGE-LOT-01,W08,13,-9,1,10,2.23,1.84,2117.41
EDGE-LOT-01,W08,13,-8,1,10,1.73,1.8,2070.77
EDGE-LOT-01,W08,13,-7,1,10,2.61,1.75,2071.38
EDGE-LOT-01,W08,13,-6,1,10,2.45,1.83,2137.43
EDGE-LOT-01,W08,13,-5,1,10,2.74,1.87,2101.8
EDGE-LOT-01,W08,13,-4,1,10,2.06,1.86,2098.35
EDGE-LOT-01,W08,13,-3,1,10,2.88,1.81,2093.8
EDGE-LOT-01,W08,13,-2,1,11,2.08,1.86,2038.17
EDGE-LOT-01,W08,13,-1,1,10,2.02,1.81,2148.45
EDGE-LOT-01,W08,13,0,1,10,2.12,1.87,2157.91
EDGE-LOT-01,W08,13,1,1,10,2.98,1.85,2105.34
EDGE-LOT-01,W08,13,2,1,10,1.88,1.78,2090.33
EDGE-LOT-01,W08,13,3,1,10,2.8,1.79,2119.92
EDGE-LOT-01,W08,13,4,1,10,3.03,1.83,2072.43
EDGE-LOT-01,W08,13,5,1,10,2.41,1.8,2112.88
EDGE-LOT-01,W08,13,6,1,10,2.26,1.76,2070.31
EDGE-LOT-01,W08,13,7,1,10,3.39,1.78,2092.95
EDGE-LOT-01,W08,13,8,1,10,2.15,1.8,2125.19
EDGE-LOT-01,W08,13,9,1,10,2.95,1.82,2108.84
EDGE-LOT-01,W08,13,10,1,10,1.49,1.79,2137.59
EDGE-LOT-01,W08,13,11,1,10,3.14,1.77,2095.95
EDGE-LOT-01,W08,13,12,1,10,3.24,1.87,2101.18
EDGE-LOT-01,W08,13,13,2,22,3.73,1.7,2017.35
EDGE-LOT-01,W08,13,14,1,10,3.69,1.69,2018.97
EDGE-LOT-01,W08,14,-13,2,21,4.6,1.73,1997.6
EDGE-LOT-01,W08,14,-12,1,10,4.29,1.77,2022.09
EDGE-LOT-01,W08,14,-11,1,11,2.32,1.75,2060.44
EDGE-LOT-01,W08,14,-10,1,10,2.48,1.8,2074.03
EDGE-LOT-01,W08,14,-9,1,10,2.28,1.79,2055.14
EDGE-LOT-01,W08,14,-8,1,10,2.25,1.75,2164.32
EDGE-LOT-01,W08,14,-7,1,10,2.38,1.79,2128.73
EDGE-LOT-01,W08,14,-6,1,10,2.01,1.8,2096.73
EDGE-LOT-01,W08,14,-5,1,10,1.62,1.8,2038.98
EDGE-LOT-01,W08,14,-4,1,10,1.55,1.86,2015.37
EDGE-LOT-01,W08,14,-3,1,10,2.35,1.78,2136.59
EDGE-LOT-01,W08,14,-2,1,10,2.45,1.81,2081.24
EDGE-LOT-01,W08,14,-1,1,10,2.93,1.87,2101.43
EDGE-LOT-01,W08,14,0,1,10,1.99,1.78,2131.37
EDGE-LOT-01,W08,14,1,1,10,2.22,1.79,2043.28
EDGE-LOT-01,W08,14,2,1,10,2.5,1.82,2068.4
EDGE-LOT-01,W08,14,3,1,10,2.04,1.8,2103.19
EDGE-LOT-01,W08,14,4,1,10,3.54,1.79,2088.03
EDGE-LOT-01,W08,14,5,1,10,2.78,1.81,2085.88
EDGE-LOT-01,W08,14,6,1,10,2.93,1.82,2108.59
EDGE-LOT-01,W08,14,7,1,10,2.43,1.79,2082.02
EDGE-LOT-01,W08,14,8,1,10,2.18,1.81,2118.79
EDGE-LOT-01,W08,14,9,1,10,1.92,1.76,2105.69
EDGE-LOT-01,W08,14,10,1,10,1.88,1.82,2055.3
EDGE-LOT-01,W08,14,11,1,10,3.83,1.76,2100.2
EDGE-LOT-01,W08,14,12,1,10,2.16,1.79,2029.21
EDGE-LOT-01,W08,14,13,2,22,4.98,1.68,2005.92
EDGE-LOT-01,W08,15,-12,2,21,4.69,1.69,2037.73
EDGE-LOT-01,W08,15,-11,2,21,4.42,1.74,2066.35
EDGE-LOT-01,W08,15,-10,1,10,2.8,1.82,2079.53
EDGE-LOT-01,W08,15,-9,1,10,3.03,1.8,2073.24
EDGE-LOT-01,W08,15,-8,1,10,2.87,1.8,2052.93
EDGE-LOT-01,W08,15,-7,1,10,2.27,1.8,2098.75
EDGE-LOT-01,W08,15,-6,1,10,2.44,1.85,2053.08
EDGE-LOT-01,W08,15,-5,1,11,1.96,1.71,2047.61
EDGE-LOT-01,W08,15,-4,1,10,2.25,1.85,2101.89
EDGE-LOT-01,W08,15,-3,1,10,2.2,1.8,2105.68
EDGE-LOT-01,W08,15,-2,1,10,2.63,1.82,2097.26
EDGE-LOT-01,W08,15,-1,1,10,2.98,1.83,2092.93
EDGE-LOT-01,W08,15,0,1,10,1.65,1.83,2126.62
EDGE-LOT-01,W08,15,1,1,10,2.32,1.84,2077.62
EDGE-LOT-01,W08,15,2,1,10,2.11,1.8,2098.09
EDGE-LOT-01,W08,15,3,1,10,2.8,1.82,2077.09
EDGE-LOT-01,W08,15,4,1,10,2.74,1.79,2082.92
EDGE-LOT-01,W08,15,5,1,10,2.78,1.79,2161.5
EDGE-LOT-01,W08,15,6,1,10,2.5,1.79,2115.55
EDGE-LOT-01,W08,15,7,1,10,2.49,1.8,2111.87
EDGE-LOT-01,W08,15,8,1,10,2.66,1.81,2111.12
EDGE-LOT-01,W08,15,9,2,21,3.39,1.78,2005.77
EDGE-LOT-01,W08,15,10,1,10,3.37,1.77,1983.54
EDGE-LOT-01,W08,15,11,1,10,3.96,1.72,2042.57
EDGE-LOT-01,W08,15,12,2,21,4.42,1.74,1993.66
EDGE-LOT-01,W08,16,-10,1,10,4.63,1.69,2045.03
EDGE-LOT-01,W08,16,-9,3,31,2.83,1.75,2053.86
EDGE-LOT-01,W08,16,-8,1,10,3.74,1.81,2113.75
EDGE-LOT-01,W08,16,-7,1,10,3.03,1.73,2099.73
EDGE-LOT-01,W08,16,-6,1,10,2.61,1.78,2076.55
EDGE-LOT-01,W08,16,-5,1,11,2.87,1.74,2116.01
EDGE-LOT-01,W08,16,-4,1,10,2.3,1.82,2115.4
EDGE-LOT-01,W08,16,-3,1,10,2.3,1.81,2079.92
EDGE-LOT-01,W08,16,-2,1,10,2.63,1.8,2084.14
EDGE-LOT-01,W08,16,-1,1,10,3.21,1.82,2080.17
EDGE-LOT-01,W08,16,0,1,10,2.65,1.77,2062.34
EDGE-LOT-01,W08,16,1,1,10,2.77,1.76,2129.96
EDGE-LOT-01,W08,16,2,1,10,1.91,1.82,2132.86
EDGE-LOT-01,W08,16,3,1,10,1.91,1.7,2060.25
EDGE-LOT-01,W08,16,4,1,10,2.47,1.83,2065.37
EDGE-LOT-01,W08,16,5,1,10,2.32,1.77,2094.44
EDGE-LOT-01,W08,16,6,1,10,3.68,1.87,2091.46
EDGE-LOT-01,W08,16,7,1,10,2.85,1.82,2016.77
EDGE-LOT-01,W08,16,8,1,11,3.91,1.78,2071.67
EDGE-LOT-01,W08,16,9,1,10,4.57,1.73,2108.1
EDGE-LOT-01,W08,16,10,1,10,3.13,1.68,2014.2
EDGE-LOT-01,W08,17,-9,1,10,4.87,1.69,2062.33
EDGE-LOT-01,W08,17,-8,2,21,3.69,1.7,1969.63
EDGE-LOT-01,W08,17,-7,1,10,4.21,1.76,1975.74
EDGE-LOT-01,W08,17,-6,1,10,3.26,1.69,2038.33
EDGE-LOT-01,W08,17,-5,1,10,2.79,1.76,2075.61
EDGE-LOT-01,W08,17,-4,2,22,3.39,1.73,2118.05
EDGE-LOT-01,W08,17,-3,1,10,2.11,1.72,2057.35
EDGE-LOT-01,W08,17,-2,1,10,2.63,1.78,2144.35
EDGE-LOT-01,W08,17,-1,1,10,2.61,1.81,2138.9
EDGE-LOT-01,W08,17,0,1,11,2.27,1.83,2060.63
EDGE-LOT-01,W08,17,1,1,10,2.83,1.79,2106.87
EDGE-LOT-01,W08,17,2,1,10,2.86,1.83,2137.53
EDGE-LOT-01,W08,17,3,1,10,3.35,1.82,2054.16
EDGE-LOT-01,W08,17,4,1,10,2.54,1.76,2069.88
EDGE-LOT-01,W08,17,5,1,10,2.96,1.74,2094.86
EDGE-LOT-01,W08,17,6,1,10,4.76,1.76,2074.18
EDGE-LOT-01,W08,17,7,2,22,4.1,1.77,2076.09
EDGE-LOT-01,W08,17,8,1,11,2.71,1.66,2009.32
EDGE-LOT-01,W08,17,9,1,10,6.07,1.76,1974.54
EDGE-LOT-01,W08,18,-6,2,21,4.19,1.66,2012.82
EDGE-LOT-01,W08,18,-5,2,22,4.97,1.81,2062.8
EDGE-LOT-01,W08,18,-4,3,31,3.44,1.74,2027.48
EDGE-LOT-01,W08,18,-3,2,21,3.79,1.75,2092.94
EDGE-LOT-01,W08,18,-2,1,10,3.52,1.72,2057.47
EDGE-LOT-01,W08,18,-1,1,10,3.71,1.76,2071
EDGE-LOT-01,W08,18,0,1,10,2.82,1.78,2020.85
EDGE-LOT-01,W08,18,1,1,10,3.15,1.71,2103.48
EDGE-LOT-01,W08,18,2,1,10,3.81,1.66,2034.6
EDGE-LOT-01,W08,18,3,1,10,4.88,1.73,2070.39
EDGE-LOT-01,W08,18,4,3,31,4.55,1.65,1979.34
EDGE-LOT-01,W08,18,5,1,10,5.55,1.75,2026.41
EDGE-LOT-01,W08,18,6,2,21,5,1.69,1994.27
EDGE-LOT-01,W08,19,-3,2,22,3.81,1.6,2016.15
EDGE-LOT-01,W08,19,-2,2,21,4.7,1.65,2023.86
EDGE-LOT-01,W08,19,-1,1,10,4.59,1.61,2022.07
EDGE-LOT-01,W08,19,0,1,10,4.81,1.72,1998.36
EDGE-LOT-01,W08,19,1,3,31,4.81,1.71,2058.87
EDGE-LOT-01,W08,19,2,1,10,4.56,1.75,2024.66
EDGE-LOT-01,W08,19,3,2,21,4.96,1.64,2025.59
