lot,wafer,x,y,hbin,sbin,leakage,voltage,frequency
HY-LOT-04,W01,-19,-3,1,10,2.023,1.822,2088.19
HY-LOT-04,W01,-19,-2,1,10,1.932,1.842,2097.53
HY-LOT-04,W01,-19,-1,1,10,2.008,1.803,2086.29
HY-LOT-04,W01,-19,0,1,10,2.197,1.784,2080.29
HY-LOT-04,W01,-19,1,1,10,2.057,1.783,2067.83
HY-LOT-04,W01,-19,2,1,10,1.99,1.799,2081.69
HY-LOT-04,W01,-19,3,1,10,2.368,1.8,2106.92
HY-LOT-04,W01,-18,-6,1,10,2.664,1.756,2126.94
HY-LOT-04,W01,-18,-5,1,10,2.166,1.819,2103.33
HY-LOT-04,W01,-18,-4,1,10,2.287,1.762,2106.15
HY-LOT-04,W01,-18,-3,1,10,2.226,1.793,2107.12
HY-LOT-04,W01,-18,-2,1,10,2.081,1.797,2104.21
HY-LOT-04,W01,-18,-1,1,10,2.246,1.794,2092.04
HY-LOT-04,W01,-18,0,1,10,2.076,1.82,2097.88
HY-LOT-04,W01,-18,1,1,10,2.244,1.798,2105.78
HY-LOT-04,W01,-18,2,1,10,2.213,1.815,2067.84
HY-LOT-04,W01,-18,3,1,10,2.51,1.816,2087.18
HY-LOT-04,W01,-18,4,1,10,2.085,1.809,2084.61
HY-LOT-04,W01,-18,5,1,10,2.174,1.772,2088.1
HY-LOT-04,W01,-18,6,1,10,2.454,1.818,2092.06
HY-LOT-04,W01,-17,-9,1,10,2.373,1.793,2099.59
HY-LOT-04,W01,-17,-8,1,10,2.193,1.821,2075.52
HY-LOT-04,W01,-17,-7,1,10,2.507,1.782,2085.82
HY-LOT-04,W01,-17,-6,1,10,2.205,1.815,2096.77
HY-LOT-04,W01,-17,-5,1,10,2.46,1.805,2065.65
HY-LOT-04,W01,-17,-4,1,10,1.922,1.803,2095.22
HY-LOT-04,W01,-17,-3,1,10,2.266,1.804,2078.09
HY-LOT-04,W01,-17,-2,1,10,2.298,1.814,2102.93
HY-LOT-04,W01,-17,-1,1,10,1.912,1.804,2091.2
HY-LOT-04,W01,-17,0,1,10,2.331,1.83,2100.63
HY-LOT-04,W01,-17,1,1,10,2.19,1.789,2089.72
HY-LOT-04,W01,-17,2,1,10,2.393,1.798,2105.89
HY-LOT-04,W01,-17,3,1,10,2.069,1.803,2107.85
HY-LOT-04,W01,-17,4,1,10,1.937,1.822,2102.49
HY-LOT-04,W01,-17,5,1,10,2.213,1.792,2053.4
HY-LOT-04,W01,-17,6,1,10,1.811,1.826,2084.44
HY-LOT-04,W01,-17,7,1,10,1.919,1.804,2116.54
HY-LOT-04,W01,-17,8,1,10,2.308,1.812,2084.78
HY-LOT-04,W01,-17,9,1,10,2.032,1.786,2106.95
HY-LOT-04,W01,-16,-10,1,10,1.98,1.83,2090
HY-LOT-04,W01,-16,-9,1,10,2.216,1.795,2099.8
HY-LOT-04,W01,-16,-8,1,10,2.054,1.814,2107.12
HY-LOT-04,W01,-16,-7,1,10,2.228,1.831,2107.97
HY-LOT-04,W01,-16,-6,1,10,2.492,1.794,2084.6
HY-LOT-04,W01,-16,-5,1,10,2.3,1.775,2111.36
HY-LOT-04,W01,-16,-4,1,10,1.991,1.789,2127.21
HY-LOT-04,W01,-16,-3,1,10,2.47,1.814,2084.96
HY-LOT-04,W01,-16,-2,1,10,2.388,1.821,2112.23
HY-LOT-04,W01,-16,-1,1,10,2.392,1.779,2123.17
HY-LOT-04,W01,-16,0,1,10,2.276,1.8,2078.03
HY-LOT-04,W01,-16,1,1,10,2.179,1.798,2090.41
HY-LOT-04,W01,-16,2,1,10,1.759,1.802,2135.25
HY-LOT-04,W01,-16,3,1,10,1.926,1.782,2065.21
HY-LOT-04,W01,-16,4,1,10,2.063,1.826,2095.26
HY-LOT-04,W01,-16,5,1,10,2.22,1.804,2122.15
HY-LOT-04,W01,-16,6,1,10,2.221,1.791,2116.84
HY-LOT-04,W01,-16,7,1,10,2.506,1.785,2094.62
HY-LOT-04,W01,-16,8,1,10,2.453,1.812,2086.61
HY-LOT-04,W01,-16,9,1,10,2.144,1.773,2111.51
HY-LOT-04,W01,-16,10,1,10,2.612,1.812,2119.36
HY-LOT-04,W01,-15,-12,1,10,2.39,1.808,2096.64
HY-LOT-04,W01,-15,-11,1,10,1.925,1.815,2086.4
HY-LOT-04,W01,-15,-10,1,10,1.998,1.854,2093.21
HY-LOT-04,W01,-15,-9,1,10,1.861,1.823,2099.09
HY-LOT-04,W01,-15,-8,1,10,2.215,1.806,2078.74
HY-LOT-04,W01,-15,-7,1,10,2.258,1.812,2121.57
HY-LOT-04,W01,-15,-6,1,10,1.972,1.789,2097.14
HY-LOT-04,W01,-15,-5,1,10,2.26,1.786,2077.12
HY-LOT-04,W01,-15,-4,1,10,2.103,1.795,2095.1
HY-LOT-04,W01,-15,-3,1,10,2.048,1.795,2112.94
HY-LOT-04,W01,-15,-2,1,10,2.269,1.814,2105.73
HY-LOT-04,W01,-15,-1,1,10,2.574,1.783,2116.4
HY-LOT-04,W01,-15,0,1,10,2.065,1.826,2096.22
HY-LOT-04,W01,-15,1,1,10,2.243,1.798,2102.95
HY-LOT-04,W01,-15,2,1,10,2.219,1.807,2110.86
HY-LOT-04,W01,-15,3,1,10,2.082,1.803,2071.49
HY-LOT-04,W01,-15,4,1,10,2.444,1.817,2096.85
HY-LOT-04,W01,-15,5,1,10,2.207,1.786,2079.19
HY-LOT-04,W01,-15,6,1,10,2.108,1.789,2109.92
HY-LOT-04,W01,-15,7,1,10,2.269,1.793,2111.02
HY-LOT-04,W01,-15,8,1,10,2.261,1.789,2085.96
HY-LOT-04,W01,-15,9,1,10,2.469,1.823,2094.63
HY-LOT-04,W01,-15,10,1,10,1.789,1.785,2132.88
HY-LOT-04,W01,-15,11,1,10,2.15,1.81,2129.11
HY-LOT-04,W01,-15,12,1,10,2.2,1.791,2102.44
HY-LOT-04,W01,-14,-13,1,10,2.201,1.817,2092.53
HY-LOT-04,W01,-14,-12,1,10,1.985,1.836,2104.72
HY-LOT-04,W01,-14,-11,1,10,2.185,1.826,2082.96
HY-LOT-04,W01,-14,-10,1,10,2.153,1.798,2109.22
HY-LOT-04,W01,-14,-9,1,10,2.502,1.807,2109.4
HY-LOT-04,W01,-14,-8,1,10,2.295,1.791,2098.1
HY-LOT-04,W01,-14,-7,1,10,2.524,1.796,2106.82
HY-LOT-04,W01,-14,-6,1,10,2.346,1.821,2077.09
HY-LOT-04,W01,-14,-5,1,10,2.678,1.793,2085.7
HY-LOT-04,W01,-14,-4,1,10,2.112,1.808,2098.49
HY-LOT-04,W01,-14,-3,1,10,2.086,1.805,2079.56
HY-LOT-04,W01,-14,-2,1,10,2.316,1.823,2118.43
HY-LOT-04,W01,-14,-1,1,10,2.44,1.808,2115.37
HY-LOT-04,W01,-14,0,1,10,2.265,1.8,2125.25
HY-LOT-04,W01,-14,1,1,10,2.074,1.766,2100.72
HY-LOT-04,W01,-14,2,1,10,2.013,1.824,2103.84
HY-LOT-04,W01,-14,3,1,10,2.267,1.819,2090.15
HY-LOT-04,W01,-14,4,1,10,2.497,1.813,2097.44
HY-LOT-04,W01,-14,5,1,10,2.005,1.811,2084.59
HY-LOT-04,W01,-14,6,1,10,2.087,1.808,2128.54
HY-LOT-04,W01,-14,7,1,10,2.12,1.791,2114.09
HY-LOT-04,W01,-14,8,1,10,2.024,1.816,2085.57
HY-LOT-04,W01,-14,9,1,10,1.821,1.802,2114.26
HY-LOT-04,W01,-14,10,1,10,2.349,1.786,2092.26
HY-LOT-04,W01,-14,11,1,10,2.161,1.801,2095.53
HY-LOT-04,W01,-14,12,1,10,2.649,1.79,2109.95
HY-LOT-04,W01,-14,13,1,10,2.239,1.795,2116.19
HY-LOT-04,W01,-13,-14,1,10,2.52,1.788,2099.95
HY-LOT-04,W01,-13,-13,1,10,2.523,1.806,2087.52
HY-LOT-04,W01,-13,-12,1,10,2.004,1.782,2099.5
HY-LOT-04,W01,-13,-11,1,10,2.022,1.825,2098.36
HY-LOT-04,W01,-13,-10,1,10,2.169,1.786,2076.57
HY-LOT-04,W01,-13,-9,1,10,1.722,1.808,2073
HY-LOT-04,W01,-13,-8,1,10,2.192,1.797,2084.8
HY-LOT-04,W01,-13,-7,1,10,2.159,1.788,2105.12
HY-LOT-04,W01,-13,-6,1,10,2.177,1.797,2106.05
HY-LOT-04,W01,-13,-5,1,10,2.18,1.811,2117.76
HY-LOT-04,W01,-13,-4,1,10,2.627,1.774,2110.74
HY-LOT-04,W01,-13,-3,1,10,2.259,1.823,2110.32
HY-LOT-04,W01,-13,-2,1,10,2.341,1.796,2085.5
HY-LOT-04,W01,-13,-1,1,10,2.527,1.788,2087.07
HY-LOT-04,W01,-13,0,1,10,2.311,1.805,2118.53
HY-LOT-04,W01,-13,1,1,10,2.144,1.785,2095.92
HY-LOT-04,W01,-13,2,1,10,2.214,1.805,2126.19
HY-LOT-04,W01,-13,3,1,10,2.33,1.785,2095.49
HY-LOT-04,W01,-13,4,1,10,2.274,1.789,2082.79
HY-LOT-04,W01,-13,5,1,10,2.115,1.8,2071.96
HY-LOT-04,W01,-13,6,1,10,2.253,1.799,2086.08
HY-LOT-04,W01,-13,7,1,10,2.201,1.766,2087.5
HY-LOT-04,W01,-13,8,1,10,2.416,1.817,2099.13
HY-LOT-04,W01,-13,9,1,10,2.151,1.812,2086.31
HY-LOT-04,W01,-13,10,1,10,2.211,1.814,2121.48
HY-LOT-04,W01,-13,11,1,10,2.421,1.803,2100.05
HY-LOT-04,W01,-13,12,1,10,1.95,1.809,2128.04
HY-LOT-04,W01,-13,13,1,10,1.923,1.755,2126.67
HY-LOT-04,W01,-13,14,1,10,2.287,1.805,2097.85
HY-LOT-04,W01,-12,-15,1,10,2.421,1.761,2097.67
HY-LOT-04,W01,-12,-14,1,10,2.388,1.776,2094.4
HY-LOT-04,W01,-12,-13,1,10,2.262,1.817,2097.77
HY-LOT-04,W01,-12,-12,1,10,2.025,1.797,2100.51
HY-LOT-04,W01,-12,-11,1,10,1.988,1.809,2103.01
HY-LOT-04,W01,-12,-10,1,10,1.948,1.818,2090.41
HY-LOT-04,W01,-12,-9,1,10,2.405,1.83,2087.18
HY-LOT-04,W01,-12,-8,1,10,1.946,1.769,2096.86
HY-LOT-04,W01,-12,-7,1,10,2.306,1.801,2096.93
HY-LOT-04,W01,-12,-6,1,10,1.546,1.822,2084.69
HY-LOT-04,W01,-12,-5,1,10,2.183,1.802,2096.7
HY-LOT-04,W01,-12,-4,1,10,2.364,1.78,2119.5
HY-LOT-04,W01,-12,-3,1,10,2.587,1.783,2087.94
HY-LOT-04,W01,-12,-2,1,10,2.271,1.807,2095.31
HY-LOT-04,W01,-12,-1,1,10,2.037,1.82,2111.64
HY-LOT-04,W01,-12,0,1,10,2.387,1.795,2108.88
HY-LOT-04,W01,-12,1,1,10,2.334,1.802,2108.95
HY-LOT-04,W01,-12,2,1,10,2.179,1.79,2101.8
HY-LOT-04,W01,-12,3,1,10,2.445,1.791,2104.03
HY-LOT-04,W01,-12,4,1,10,2.185,1.791,2068.91
HY-LOT-04,W01,-12,5,1,10,2.812,1.798,2080.39
HY-LOT-04,W01,-12,6,1,10,2.317,1.807,2084
HY-LOT-04,W01,-12,7,1,10,2.216,1.79,2119.13
HY-LOT-04,W01,-12,8,1,10,2.206,1.795,2085.25
HY-LOT-04,W01,-12,9,1,10,2.228,1.791,2120.8
HY-LOT-04,W01,-12,10,1,10,2.171,1.824,2102.83
HY-LOT-04,W01,-12,11,1,10,2.215,1.808,2106.28
HY-LOT-04,W01,-12,12,1,10,2.335,1.816,2073.91
HY-LOT-04,W01,-12,13,1,10,2.113,1.804,2102.19
HY-LOT-04,W01,-12,14,1,10,3.005,1.837,2084.91
HY-LOT-04,W01,-12,15,1,10,2.16,1.8,2070.88
HY-LOT-04,W01,-11,-15,1,10,2.163,1.777,2097.89
HY-LOT-04,W01,-11,-14,1,10,1.784,1.788,2101.74
HY-LOT-04,W01,-11,-13,1,10,1.983,1.794,2099.64
HY-LOT-04,W01,-11,-12,1,10,2.902,1.824,2102.63
HY-LOT-04,W01,-11,-11,1,10,2.018,1.797,2123.1
HY-LOT-04,W01,-11,-10,1,10,2.045,1.801,2067.91
HY-LOT-04,W01,-11,-9,1,10,2.27,1.785,2103.29
HY-LOT-04,W01,-11,-8,1,10,2.285,1.775,2121.2
HY-LOT-04,W01,-11,-7,1,10,2.255,1.807,2120.01
HY-LOT-04,W01,-11,-6,1,10,1.888,1.747,2084.51
HY-LOT-04,W01,-11,-5,1,10,2.227,1.825,2110.87
HY-LOT-04,W01,-11,-4,1,10,2.148,1.832,2098.55
HY-LOT-04,W01,-11,-3,1,10,2.473,1.792,2097.59
HY-LOT-04,W01,-11,-2,1,10,2.269,1.787,2076.66
HY-LOT-04,W01,-11,-1,1,10,2.204,1.781,2090.85
HY-LOT-04,W01,-11,0,1,10,2.581,1.763,2103.2
HY-LOT-04,W01,-11,1,1,10,2.464,1.802,2069.77
HY-LOT-04,W01,-11,2,1,10,2.377,1.812,2078.69
HY-LOT-04,W01,-11,3,1,10,2.339,1.805,2108.16
HY-LOT-04,W01,-11,4,1,10,2.369,1.817,2107.96
HY-LOT-04,W01,-11,5,1,10,2.471,1.801,2101.4
HY-LOT-04,W01,-11,6,1,10,2.258,1.811,2108.74
HY-LOT-04,W01,-11,7,1,10,1.881,1.784,2103.17
HY-LOT-04,W01,-11,8,1,10,2.375,1.809,2116.07
HY-LOT-04,W01,-11,9,1,10,2.268,1.779,2097.28
HY-LOT-04,W01,-11,10,1,10,2.39,1.788,2084.75
HY-LOT-04,W01,-11,11,1,10,2.361,1.813,2093.56
HY-LOT-04,W01,-11,12,1,10,2.059,1.783,2116.32
HY-LOT-04,W01,-11,13,1,10,2.353,1.796,2122.76
HY-LOT-04,W01,-11,14,1,10,2.25,1.773,2070.68
HY-LOT-04,W01,-11,15,1,10,2.108,1.786,2107.98
HY-LOT-04,W01,-10,-16,1,10,2.278,1.81,2085.82
HY-LOT-04,W01,-10,-15,1,10,2.363,1.794,2090.46
HY-LOT-04,W01,-10,-14,1,10,2.342,1.824,2090.63
HY-LOT-04,W01,-10,-13,1,10,1.955,1.816,2107.79
HY-LOT-04,W01,-10,-12,1,10,2.26,1.784,2105.15
HY-LOT-04,W01,-10,-11,1,10,1.775,1.8,2095.87
HY-LOT-04,W01,-10,-10,1,10,2.345,1.807,2108.75
HY-LOT-04,W01,-10,-9,1,10,2.244,1.784,2105.84
HY-LOT-04,W01,-10,-8,1,10,2.309,1.789,2102.6
HY-LOT-04,W01,-10,-7,1,10,2.085,1.779,2110.01
HY-LOT-04,W01,-10,-6,1,10,2.513,1.813,2088.56
HY-LOT-04,W01,-10,-5,1,10,2.504,1.819,2146.71
HY-LOT-04,W01,-10,-4,1,10,2.248,1.787,2134.9
HY-LOT-04,W01,-10,-3,1,10,2.162,1.804,2094.21
HY-LOT-04,W01,-10,-2,1,10,2.285,1.775,2118.87
HY-LOT-04,W01,-10,-1,1,10,2.375,1.806,2127.19
HY-LOT-04,W01,-10,0,1,10,2.169,1.827,2112.33
HY-LOT-04,W01,-10,1,1,10,2.142,1.809,2091.58
HY-LOT-04,W01,-10,2,1,10,2.293,1.836,2110.79
HY-LOT-04,W01,-10,3,1,10,2.068,1.845,2077.7
HY-LOT-04,W01,-10,4,1,10,1.898,1.776,2109.92
HY-LOT-04,W01,-10,5,1,10,2.204,1.776,2102.14
HY-LOT-04,W01,-10,6,1,10,2.139,1.842,2128.18
HY-LOT-04,W01,-10,7,1,10,2.161,1.816,2138.76
HY-LOT-04,W01,-10,8,1,10,2.224,1.784,2087.47
HY-LOT-04,W01,-10,9,1,10,2.279,1.807,2093.99
HY-LOT-04,W01,-10,10,1,10,2.259,1.812,2087.58
HY-LOT-04,W01,-10,11,1,10,2.451,1.805,2083.26
HY-LOT-04,W01,-10,12,1,10,1.897,1.821,2092.07
HY-LOT-04,W01,-10,13,1,10,2.014,1.783,2083.78
HY-LOT-04,W01,-10,14,1,10,2.115,1.82,2118.95
HY-LOT-04,W01,-10,15,1,10,2.173,1.789,2111.75
HY-LOT-04,W01,-10,16,1,10,1.987,1.778,2112.57
HY-LOT-04,W01,-9,-17,1,10,1.878,1.787,2100.98
HY-LOT-04,W01,-9,-16,1,10,2.055,1.805,2089.81
HY-LOT-04,W01,-9,-15,1,10,1.858,1.752,2104.73
HY-LOT-04,W01,-9,-14,1,10,2.074,1.804,2069.25
HY-LOT-04,W01,-9,-13,1,10,1.978,1.8,2142.04
HY-LOT-04,W01,-9,-12,1,10,2.225,1.812,2068.5
HY-LOT-04,W01,-9,-11,1,10,2.187,1.801,2128.12
HY-LOT-04,W01,-9,-10,1,10,2.723,1.799,2076.8
HY-LOT-04,W01,-9,-9,1,10,2.242,1.8,2091.85
HY-LOT-04,W01,-9,-8,1,10,1.895,1.797,2116.96
HY-LOT-04,W01,-9,-7,1,10,2.335,1.818,2093.18
HY-LOT-04,W01,-9,-6,1,10,2.387,1.808,2118.69
HY-LOT-04,W01,-9,-5,1,10,2.131,1.79,2102.73
HY-LOT-04,W01,-9,-4,1,10,2.193,1.823,2074.16
HY-LOT-04,W01,-9,-3,1,10,2.281,1.788,2083.21
HY-LOT-04,W01,-9,-2,1,10,2.379,1.834,2091.17
HY-LOT-04,W01,-9,-1,1,10,2.028,1.812,2101.75
HY-LOT-04,W01,-9,0,1,10,2.203,1.81,2106.16
HY-LOT-04,W01,-9,1,1,10,2.407,1.808,2083.41
HY-LOT-04,W01,-9,2,1,10,2.128,1.809,2070.72
HY-LOT-04,W01,-9,3,1,10,2.265,1.838,2143.43
HY-LOT-04,W01,-9,4,1,10,2.301,1.812,2101.61
HY-LOT-04,W01,-9,5,1,10,2.351,1.803,2090.17
HY-LOT-04,W01,-9,6,1,10,2.135,1.81,2113.77
HY-LOT-04,W01,-9,7,1,10,2.312,1.791,2109.28
HY-LOT-04,W01,-9,8,1,10,2.27,1.759,2116.73
HY-LOT-04,W01,-9,9,1,10,1.939,1.811,2100.81
HY-LOT-04,W01,-9,10,1,10,1.763,1.787,2113.9
HY-LOT-04,W01,-9,11,1,10,2.173,1.811,2066.96
HY-LOT-04,W01,-9,12,1,10,2.131,1.799,2092.42
HY-LOT-04,W01,-9,13,1,10,2.287,1.783,2060.84
HY-LOT-04,W01,-9,14,1,10,2.108,1.812,2099.97
HY-LOT-04,W01,-9,15,1,10,2.527,1.787,2090.67
HY-LOT-04,W01,-9,16,1,10,2.188,1.812,2141.75
HY-LOT-04,W01,-9,17,1,10,2.188,1.82,2111.53
HY-LOT-04,W01,-8,-17,1,10,2.471,1.82,2095.17
HY-LOT-04,W01,-8,-16,1,10,1.923,1.827,2097.26
HY-LOT-04,W01,-8,-15,1,10,1.839,1.815,2093.15
HY-LOT-04,W01,-8,-14,1,10,1.763,1.8,2108.08
HY-LOT-04,W01,-8,-13,1,10,1.888,1.782,2099.16
HY-LOT-04,W01,-8,-12,1,10,1.902,1.8,2107.45
HY-LOT-04,W01,-8,-11,1,10,2.205,1.793,2120.56
HY-LOT-04,W01,-8,-10,1,10,2.097,1.791,2060.77
HY-LOT-04,W01,-8,-9,1,10,2.182,1.809,2101.38
HY-LOT-04,W01,-8,-8,1,10,2.101,1.825,2085.8
HY-LOT-04,W01,-8,-7,1,10,2.46,1.796,2075.61
HY-LOT-04,W01,-8,-6,1,10,2.183,1.797,2116.13
HY-LOT-04,W01,-8,-5,1,10,2.371,1.817,2101.68
HY-LOT-04,W01,-8,-4,1,10,1.875,1.789,2096.74
HY-LOT-04,W01,-8,-3,1,10,2.043,1.803,2092.56
HY-LOT-04,W01,-8,-2,1,10,2.247,1.85,2090.15
HY-LOT-04,W01,-8,-1,1,10,2.148,1.827,2108.12
HY-LOT-04,W01,-8,0,1,10,2.144,1.788,2099.42
HY-LOT-04,W01,-8,1,1,10,1.949,1.793,2108.44
HY-LOT-04,W01,-8,2,1,10,2.266,1.807,2064.99
HY-LOT-04,W01,-8,3,1,10,1.779,1.814,2098.32
HY-LOT-04,W01,-8,4,1,10,2.08,1.786,2104.9
HY-LOT-04,W01,-8,5,1,10,2.223,1.794,2077.19
HY-LOT-04,W01,-8,6,1,10,2.49,1.805,2111.32
HY-LOT-04,W01,-8,7,1,10,2.645,1.815,2119.22
HY-LOT-04,W01,-8,8,1,10,2.004,1.827,2104.86
HY-LOT-04,W01,-8,9,1,10,2.037,1.771,2088.5
HY-LOT-04,W01,-8,10,1,10,2.379,1.8,2089.29
HY-LOT-04,W01,-8,11,1,10,2.189,1.766,2069.99
HY-LOT-04,W01,-8,12,1,10,2.309,1.809,2096.66
HY-LOT-04,W01,-8,13,1,10,2.284,1.779,2092.4
HY-LOT-04,W01,-8,14,1,10,1.856,1.776,2086.69
HY-LOT-04,W01,-8,15,1,10,2.399,1.813,2081.13
HY-LOT-04,W01,-8,16,1,10,2.186,1.808,2105.52
HY-LOT-04,W01,-8,17,1,10,2.491,1.802,2083.91
HY-LOT-04,W01,-7,-17,1,10,2.226,1.786,2087.02
HY-LOT-04,W01,-7,-16,1,10,2.111,1.766,2106.14
HY-LOT-04,W01,-7,-15,1,10,2.305,1.773,2062.46
HY-LOT-04,W01,-7,-14,1,10,2.265,1.795,2081.51
HY-LOT-04,W01,-7,-13,1,10,2.098,1.816,2074.07
HY-LOT-04,W01,-7,-12,1,10,2.303,1.775,2095.9
HY-LOT-04,W01,-7,-11,1,10,2.488,1.794,2058.01
HY-LOT-04,W01,-7,-10,1,10,2.096,1.799,2098.2
HY-LOT-04,W01,-7,-9,1,10,2.288,1.816,2126.85
HY-LOT-04,W01,-7,-8,1,10,2.342,1.78,2097.84
HY-LOT-04,W01,-7,-7,1,10,2.241,1.829,2099.02
HY-LOT-04,W01,-7,-6,1,10,2.319,1.78,2103.91
HY-LOT-04,W01,-7,-5,1,10,1.939,1.811,2076.07
HY-LOT-04,W01,-7,-4,1,10,2.419,1.792,2081.43
HY-LOT-04,W01,-7,-3,1,10,1.932,1.798,2089.19
HY-LOT-04,W01,-7,-2,1,10,2.082,1.847,2110.96
HY-LOT-04,W01,-7,-1,1,10,2.118,1.828,2088.32
HY-LOT-04,W01,-7,0,1,10,1.985,1.782,2101.67
HY-LOT-04,W01,-7,1,1,10,2.173,1.798,2057.47
HY-LOT-04,W01,-7,2,1,10,2.338,1.821,2114.05
HY-LOT-04,W01,-7,3,1,10,2.38,1.829,2099.14
HY-LOT-04,W01,-7,4,1,10,2.521,1.802,2098.64
HY-LOT-04,W01,-7,5,1,10,1.943,1.823,2117.35
HY-LOT-04,W01,-7,6,1,10,2.581,1.817,2105.97
HY-LOT-04,W01,-7,7,1,10,2.169,1.779,2110.94
HY-LOT-04,W01,-7,8,1,10,1.989,1.805,2098.15
HY-LOT-04,W01,-7,9,1,10,2.817,1.784,2109.79
HY-LOT-04,W01,-7,10,1,10,2.183,1.814,2080.06
HY-LOT-04,W01,-7,11,1,10,2.283,1.813,2094.18
HY-LOT-04,W01,-7,12,1,10,2.143,1.807,2108.56
HY-LOT-04,W01,-7,13,1,10,2.189,1.794,2092.36
HY-LOT-04,W01,-7,14,1,10,1.907,1.811,2060.94
HY-LOT-04,W01,-7,15,1,10,2.075,1.784,2100.59
HY-LOT-04,W01,-7,16,1,10,2.041,1.779,2076.18
HY-LOT-04,W01,-7,17,1,10,2.03,1.837,2076.13
HY-LOT-04,W01,-6,-18,1,10,2.121,1.823,2115.22
HY-LOT-04,W01,-6,-17,1,10,2.303,1.813,2101.71
HY-LOT-04,W01,-6,-16,1,10,2.409,1.807,2104.6
HY-LOT-04,W01,-6,-15,1,10,2.369,1.768,2078.78
HY-LOT-04,W01,-6,-14,1,10,2.08,1.814,2120.48
HY-LOT-04,W01,-6,-13,1,10,2.298,1.782,2118.78
HY-LOT-04,W01,-6,-12,1,10,2.136,1.858,2099.04
HY-LOT-04,W01,-6,-11,1,10,2.252,1.8,2083.68
HY-LOT-04,W01,-6,-10,1,10,1.8,1.777,2099.93
HY-LOT-04,W01,-6,-9,1,10,2.383,1.826,2107.26
HY-LOT-04,W01,-6,-8,1,10,2.144,1.821,2084.6
HY-LOT-04,W01,-6,-7,1,10,2.031,1.808,2126.41
HY-LOT-04,W01,-6,-6,1,10,2.237,1.832,2099.06
HY-LOT-04,W01,-6,-5,1,10,1.939,1.772,2100.89
HY-LOT-04,W01,-6,-4,1,10,2.377,1.812,2072.68
HY-LOT-04,W01,-6,-3,1,10,2.206,1.791,2127.49
HY-LOT-04,W01,-6,-2,1,10,2.218,1.806,2116.54
HY-LOT-04,W01,-6,-1,1,10,1.858,1.808,2098.14
HY-LOT-04,W01,-6,0,1,10,2.326,1.804,2108.22
HY-LOT-04,W01,-6,1,1,10,2.317,1.804,2098.87
HY-LOT-04,W01,-6,2,1,10,2.127,1.825,2104.22
HY-LOT-04,W01,-6,3,1,10,2.437,1.82,2072.18
HY-LOT-04,W01,-6,4,1,10,2.592,1.818,2096.48
HY-LOT-04,W01,-6,5,1,10,2.152,1.806,2089.15
HY-LOT-04,W01,-6,6,1,10,2.142,1.793,2081.14
HY-LOT-04,W01,-6,7,1,10,2.271,1.788,2086.29
HY-LOT-04,W01,-6,8,1,10,2.144,1.792,2071.43
HY-LOT-04,W01,-6,9,1,10,2.055,1.785,2096.98
HY-LOT-04,W01,-6,10,1,10,2.509,1.784,2112.52
HY-LOT-04,W01,-6,11,1,10,1.973,1.813,2101.46
HY-LOT-04,W01,-6,12,1,10,2.388,1.802,2069.02
HY-LOT-04,W01,-6,13,1,10,2.096,1.798,2113.92
HY-LOT-04,W01,-6,14,1,10,2.198,1.78,2087.54
HY-LOT-04,W01,-6,15,1,10,2.208,1.814,2074.5
HY-LOT-04,W01,-6,16,1,10,2.316,1.789,2083.19
HY-LOT-04,W01,-6,17,1,10,2.158,1.789,2106.6
HY-LOT-04,W01,-6,18,1,10,2.192,1.767,2139.96
HY-LOT-04,W01,-5,-18,1,10,2.116,1.824,2105.32
HY-LOT-04,W01,-5,-17,1,10,2.448,1.782,2094.41
HY-LOT-04,W01,-5,-16,1,10,1.961,1.838,2107.06
HY-LOT-04,W01,-5,-15,1,10,2.425,1.774,2133.57
HY-LOT-04,W01,-5,-14,1,10,2.039,1.815,2108.93
HY-LOT-04,W01,-5,-13,1,10,1.883,1.786,2088.6
HY-LOT-04,W01,-5,-12,1,10,2.239,1.837,2125.21
HY-LOT-04,W01,-5,-11,1,10,2.052,1.805,2112.47
HY-LOT-04,W01,-5,-10,1,10,2.462,1.809,2080.64
HY-LOT-04,W01,-5,-9,1,10,2.148,1.787,2086.89
HY-LOT-04,W01,-5,-8,1,10,1.961,1.816,2106.2
HY-LOT-04,W01,-5,-7,1,10,2.194,1.829,2121.17
HY-LOT-04,W01,-5,-6,1,10,2.326,1.789,2097.96
HY-LOT-04,W01,-5,-5,1,10,2.048,1.822,2057.66
HY-LOT-04,W01,-5,-4,1,10,2.43,1.767,2105.28
HY-LOT-04,W01,-5,-3,1,10,1.983,1.803,2124.76
HY-LOT-04,W01,-5,-2,1,10,2.378,1.778,2082.52
HY-LOT-04,W01,-5,-1,1,10,1.899,1.825,2108.8
HY-LOT-04,W01,-5,0,1,10,2.186,1.804,2108.56
HY-LOT-04,W01,-5,1,1,10,2.3,1.827,2111.69
HY-LOT-04,W01,-5,2,1,10,2.211,1.799,2092.27
HY-LOT-04,W01,-5,3,1,10,2.246,1.791,2077.52
HY-LOT-04,W01,-5,4,1,10,2.244,1.819,2096.71
HY-LOT-04,W01,-5,5,1,10,2.07,1.819,2090.6
HY-LOT-04,W01,-5,6,1,10,2.328,1.785,2107.87
HY-LOT-04,W01,-5,7,1,10,1.98,1.808,2117.76
HY-LOT-04,W01,-5,8,2,21,2.328,1.798,2107.24
HY-LOT-04,W01,-5,9,1,10,2.187,1.784,2077.99
HY-LOT-04,W01,-5,10,1,10,2.388,1.792,2120.46
HY-LOT-04,W01,-5,11,1,10,2.064,1.771,2077.87
HY-LOT-04,W01,-5,12,1,10,2.283,1.783,2114.94
HY-LOT-04,W01,-5,13,1,10,2.059,1.8,2108.33
HY-LOT-04,W01,-5,14,1,10,2.209,1.79,2125.48
HY-LOT-04,W01,-5,15,1,10,2.646,1.781,2120.07
HY-LOT-04,W01,-5,16,1,10,2.579,1.773,2096.02
HY-LOT-04,W01,-5,17,1,10,2.255,1.796,2100.47
HY-LOT-04,W01,-5,18,1,10,1.977,1.814,2092.97
HY-LOT-04,W01,-4,-18,1,10,2.38,1.794,2100.48
HY-LOT-04,W01,-4,-17,1,10,2.213,1.785,2093.24
HY-LOT-04,W01,-4,-16,1,10,2.107,1.8,2087.72
HY-LOT-04,W01,-4,-15,1,10,2.293,1.796,2069.46
HY-LOT-04,W01,-4,-14,1,10,2.192,1.803,2093.89
HY-LOT-04,W01,-4,-13,1,10,2.094,1.786,2086.91
HY-LOT-04,W01,-4,-12,1,10,1.927,1.798,2132.53
HY-LOT-04,W01,-4,-11,1,10,2.303,1.821,2092.76
HY-LOT-04,W01,-4,-10,1,10,1.911,1.81,2071.96
HY-LOT-04,W01,-4,-9,1,10,2.354,1.802,2092.85
HY-LOT-04,W01,-4,-8,1,10,2.388,1.808,2085.54
HY-LOT-04,W01,-4,-7,1,10,2.244,1.772,2123.64
HY-LOT-04,W01,-4,-6,1,10,1.867,1.808,2103.05
HY-LOT-04,W01,-4,-5,1,10,2.195,1.788,2118.24
HY-LOT-04,W01,-4,-4,1,10,2.501,1.819,2084.78
HY-LOT-04,W01,-4,-3,1,10,2.444,1.794,2104.48
HY-LOT-04,W01,-4,-2,1,10,2.052,1.798,2079.34
HY-LOT-04,W01,-4,-1,1,10,2.131,1.793,2073.37
HY-LOT-04,W01,-4,0,1,10,1.799,1.815,2106.85
HY-LOT-04,W01,-4,1,1,10,2.457,1.808,2108.35
HY-LOT-04,W01,-4,2,1,10,1.977,1.802,2116.62
HY-LOT-04,W01,-4,3,1,10,2.058,1.778,2092.31
HY-LOT-04,W01,-4,4,2,21,2.192,1.809,2119.11
HY-LOT-04,W01,-4,5,1,10,2.17,1.823,2104.56
HY-LOT-04,W01,-4,6,1,10,2.15,1.83,2066.53
HY-LOT-04,W01,-4,7,1,10,2.125,1.823,2088.42
HY-LOT-04,W01,-4,8,1,10,1.996,1.776,2106.35
HY-LOT-04,W01,-4,9,1,10,2.011,1.814,2102.64
HY-LOT-04,W01,-4,10,1,10,2.052,1.798,2120.57
HY-LOT-04,W01,-4,11,1,10,1.976,1.815,2073.25
HY-LOT-04,W01,-4,12,1,10,2.306,1.802,2101.35
HY-LOT-04,W01,-4,13,1,10,2.036,1.799,2111.96
HY-LOT-04,W01,-4,14,1,10,2.319,1.801,2109.17
HY-LOT-04,W01,-4,15,1,10,2.262,1.813,2124.2
HY-LOT-04,W01,-4,16,1,10,2.094,1.8,2082.36
HY-LOT-04,W01,-4,17,1,10,2.156,1.811,2070.87
HY-LOT-04,W01,-4,18,1,10,2.432,1.77,2105.2
HY-LOT-04,W01,-3,-19,1,10,2.181,1.788,2093.21
HY-LOT-04,W01,-3,-18,1,10,1.842,1.794,2077.44
HY-LOT-04,W01,-3,-17,1,10,2.157,1.816,2113.96
HY-LOT-04,W01,-3,-16,1,10,2.003,1.834,2128.66
HY-LOT-04,W01,-3,-15,1,10,2.153,1.834,2095.48
HY-LOT-04,W01,-3,-14,1,10,2.42,1.793,2095.09
HY-LOT-04,W01,-3,-13,1,10,2.329,1.81,2101.34
HY-LOT-04,W01,-3,-12,1,10,2.121,1.824,2081.26
HY-LOT-04,W01,-3,-11,1,10,1.864,1.777,2064.42
HY-LOT-04,W01,-3,-10,1,10,1.904,1.834,2124.04
HY-LOT-04,W01,-3,-9,1,10,2.229,1.78,2122.04
HY-LOT-04,W01,-3,-8,1,10,2.193,1.788,2086.89
HY-LOT-04,W01,-3,-7,1,10,2.132,1.782,2102.27
HY-LOT-04,W01,-3,-6,1,10,2.013,1.79,2102.48
HY-LOT-04,W01,-3,-5,1,10,2.132,1.812,2093.02
HY-LOT-04,W01,-3,-4,1,10,2.072,1.762,2141.82
HY-LOT-04,W01,-3,-3,1,10,2.106,1.798,2086.19
HY-LOT-04,W01,-3,-2,1,10,2.128,1.783,2092.24
HY-LOT-04,W01,-3,-1,1,10,2.397,1.813,2091.15
HY-LOT-04,W01,-3,0,1,10,2.312,1.789,2100.99
HY-LOT-04,W01,-3,1,1,10,2.032,1.796,2088.23
HY-LOT-04,W01,-3,2,1,10,2.226,1.795,2116.17
HY-LOT-04,W01,-3,3,1,10,2.402,1.808,2114.28
HY-LOT-04,W01,-3,4,1,10,1.968,1.817,2092.06
HY-LOT-04,W01,-3,5,1,10,2.31,1.808,2105.32
HY-LOT-04,W01,-3,6,1,10,2.294,1.789,2116.41
HY-LOT-04,W01,-3,7,1,10,2.23,1.811,2075.24
HY-LOT-04,W01,-3,8,1,10,2.554,1.776,2092.79
HY-LOT-04,W01,-3,9,1,10,2.011,1.801,2100.49
HY-LOT-04,W01,-3,10,1,10,2.193,1.787,2108.9
HY-LOT-04,W01,-3,11,1,10,2.249,1.834,2103.2
HY-LOT-04,W01,-3,12,1,10,2.175,1.796,2083.78
HY-LOT-04,W01,-3,13,1,10,2.019,1.803,2113.29
HY-LOT-04,W01,-3,14,2,21,2.155,1.791,2068.86
HY-LOT-04,W01,-3,15,1,10,2.01,1.806,2114.66
HY-LOT-04,W01,-3,16,1,10,2.212,1.82,2109.02
HY-LOT-04,W01,-3,17,1,10,1.95,1.817,2113.6
HY-LOT-04,W01,-3,18,1,10,2.184,1.837,2096.08
HY-LOT-04,W01,-3,19,1,10,2.363,1.8,2094.33
HY-LOT-04,W01,-2,-19,1,10,2.291,1.79,2081.38
HY-LOT-04,W01,-2,-18,2,21,2.27,1.797,2076.26
HY-LOT-04,W01,-2,-17,1,10,2.318,1.811,2101.14
HY-LOT-04,W01,-2,-16,1,10,2.498,1.826,2117.83
HY-LOT-04,W01,-2,-15,1,10,2.44,1.81,2126.64
HY-LOT-04,W01,-2,-14,1,10,2.372,1.808,2104.07
HY-LOT-04,W01,-2,-13,1,10,2.308,1.807,2139.64
HY-LOT-04,W01,-2,-12,1,10,1.984,1.801,2120.9
HY-LOT-04,W01,-2,-11,1,10,2.305,1.805,2108.44
HY-LOT-04,W01,-2,-10,1,10,2.253,1.831,2103.02
HY-LOT-04,W01,-2,-9,1,10,2.211,1.805,2085.5
HY-LOT-04,W01,-2,-8,1,10,2.066,1.794,2098.29
HY-LOT-04,W01,-2,-7,1,10,2.309,1.786,2086.51
HY-LOT-04,W01,-2,-6,1,10,2.165,1.827,2133.04
HY-LOT-04,W01,-2,-5,1,10,2.48,1.838,2083.06
HY-LOT-04,W01,-2,-4,1,10,2.235,1.797,2096.28
HY-LOT-04,W01,-2,-3,1,10,1.797,1.797,2124.3
HY-LOT-04,W01,-2,-2,1,10,2.196,1.819,2077.67
HY-LOT-04,W01,-2,-1,1,10,1.97,1.798,2126.14
HY-LOT-04,W01,-2,0,1,10,2.209,1.814,2093.4
HY-LOT-04,W01,-2,1,1,10,2.275,1.775,2127.05
HY-LOT-04,W01,-2,2,1,10,2.286,1.777,2067.53
HY-LOT-04,W01,-2,3,1,10,2.076,1.799,2132.31
HY-LOT-04,W01,-2,4,1,10,2.27,1.804,2105.52
HY-LOT-04,W01,-2,5,1,10,1.866,1.827,2103.92
HY-LOT-04,W01,-2,6,1,10,2.01,1.81,2112.61
HY-LOT-04,W01,-2,7,1,10,2.389,1.817,2084.54
HY-LOT-04,W01,-2,8,1,10,2.129,1.823,2116.3
HY-LOT-04,W01,-2,9,1,10,2.106,1.791,2094.49
HY-LOT-04,W01,-2,10,1,10,2.082,1.78,2078.79
HY-LOT-04,W01,-2,11,1,10,2.355,1.805,2100.39
HY-LOT-04,W01,-2,12,1,10,2.163,1.82,2132.48
HY-LOT-04,W01,-2,13,1,10,1.975,1.797,2113.97
HY-LOT-04,W01,-2,14,1,10,2.21,1.783,2095.97
HY-LOT-04,W01,-2,15,1,10,2.455,1.802,2098.19
HY-LOT-04,W01,-2,16,1,10,2.208,1.786,2127.37
HY-LOT-04,W01,-2,17,1,10,2.417,1.823,2096.09
HY-LOT-04,W01,-2,18,1,10,2.199,1.783,2129.3
HY-LOT-04,W01,-2,19,1,10,2.416,1.796,2097.73
HY-LOT-04,W01,-1,-19,1,10,1.923,1.824,2098.17
HY-LOT-04,W01,-1,-18,1,10,2.505,1.802,2079.74
HY-LOT-04,W01,-1,-17,1,10,2.119,1.804,2099.58
HY-LOT-04,W01,-1,-16,1,10,2.205,1.801,2121.46
HY-LOT-04,W01,-1,-15,1,10,1.901,1.826,2102.61
HY-LOT-04,W01,-1,-14,1,10,2.075,1.786,2100.92
HY-LOT-04,W01,-1,-13,1,10,1.949,1.802,2117.14
HY-LOT-04,W01,-1,-12,1,10,2.169,1.802,2107.45
HY-LOT-04,W01,-1,-11,1,10,2.203,1.798,2071.05
HY-LOT-04,W01,-1,-10,1,10,2.24,1.787,2100.11
HY-LOT-04,W01,-1,-9,1,10,2.061,1.791,2114.38
HY-LOT-04,W01,-1,-8,1,10,2.3,1.795,2114.94
HY-LOT-04,W01,-1,-7,1,10,2.167,1.807,2089.69
HY-LOT-04,W01,-1,-6,1,10,2.234,1.779,2089.64
HY-LOT-04,W01,-1,-5,1,10,1.834,1.818,2086.94
HY-LOT-04,W01,-1,-4,1,10,2.451,1.785,2073.76
HY-LOT-04,W01,-1,-3,1,10,2.281,1.811,2141.15
HY-LOT-04,W01,-1,-2,1,10,2.052,1.806,2111.55
HY-LOT-04,W01,-1,-1,1,10,2.464,1.787,2120.9
HY-LOT-04,W01,-1,0,1,10,2.222,1.795,2071.37
HY-LOT-04,W01,-1,1,1,10,2.357,1.794,2102.04
HY-LOT-04,W01,-1,2,1,10,2.337,1.817,2082.5
HY-LOT-04,W01,-1,3,1,10,2.5,1.829,2092.17
HY-LOT-04,W01,-1,4,1,10,2.526,1.838,2105.67
HY-LOT-04,W01,-1,5,1,10,2.064,1.768,2098.86
HY-LOT-04,W01,-1,6,1,10,2.437,1.811,2116.06
HY-LOT-04,W01,-1,7,1,10,2.417,1.794,2076.57
HY-LOT-04,W01,-1,8,1,10,2.337,1.816,2097.94
HY-LOT-04,W01,-1,9,1,10,2.35,1.784,2113.94
HY-LOT-04,W01,-1,10,1,10,2.014,1.807,2101.51
HY-LOT-04,W01,-1,11,1,10,2.066,1.792,2113.88
HY-LOT-04,W01,-1,12,1,10,2.096,1.794,2087.44
HY-LOT-04,W01,-1,13,1,10,2.039,1.789,2126.47
HY-LOT-04,W01,-1,14,1,10,2.045,1.799,2056.89
HY-LOT-04,W01,-1,15,1,10,2.434,1.789,2090.33
HY-LOT-04,W01,-1,16,1,10,2.138,1.802,2110.59
HY-LOT-04,W01,-1,17,1,10,2.286,1.823,2118.37
HY-LOT-04,W01,-1,18,1,10,2.126,1.799,2113.74
HY-LOT-04,W01,-1,19,1,10,2.061,1.79,2090.15
HY-LOT-04,W01,0,-19,1,10,2.387,1.814,2101.95
HY-LOT-04,W01,0,-18,1,10,2.281,1.816,2116.66
HY-LOT-04,W01,0,-17,1,10,2.081,1.802,2116.75
HY-LOT-04,W01,0,-16,1,10,2.149,1.781,2123.45
HY-LOT-04,W01,0,-15,1,10,2.145,1.785,2090.25
HY-LOT-04,W01,0,-14,1,10,2.253,1.834,2077.41
HY-LOT-04,W01,0,-13,1,10,2.459,1.801,2109.96
HY-LOT-04,W01,0,-12,1,10,2.272,1.806,2137.44
HY-LOT-04,W01,0,-11,1,10,2.114,1.834,2113.05
HY-LOT-04,W01,0,-10,1,10,2.133,1.824,2099.12
HY-LOT-04,W01,0,-9,1,10,2.591,1.846,2087.13
HY-LOT-04,W01,0,-8,1,10,1.837,1.812,2103.29
HY-LOT-04,W01,0,-7,1,10,2.203,1.808,2064.4
HY-LOT-04,W01,0,-6,1,10,1.975,1.767,2104.64
HY-LOT-04,W01,0,-5,1,10,2.159,1.778,2078.81
HY-LOT-04,W01,0,-4,1,10,2.259,1.798,2140.74
HY-LOT-04,W01,0,-3,1,10,2.297,1.784,2079.38
HY-LOT-04,W01,0,-2,1,10,1.875,1.787,2126.54
HY-LOT-04,W01,0,-1,1,10,2.336,1.809,2080.33
HY-LOT-04,W01,0,0,1,10,2.031,1.808,2070.82
HY-LOT-04,W01,0,1,1,10,2.568,1.818,2106.28
HY-LOT-04,W01,0,2,1,10,2.294,1.799,2121.27
HY-LOT-04,W01,0,3,1,10,2.378,1.812,2119.75
HY-LOT-04,W01,0,4,1,10,2.078,1.781,2093.62
HY-LOT-04,W01,0,5,1,10,2.422,1.817,2100.45
HY-LOT-04,W01,0,6,1,10,2.381,1.789,2095.34
HY-LOT-04,W01,0,7,1,10,1.981,1.809,2102.62
HY-LOT-04,W01,0,8,1,10,2.028,1.807,2126.64
HY-LOT-04,W01,0,9,1,10,2.252,1.78,2117.54
HY-LOT-04,W01,0,10,1,10,2.416,1.794,2102.55
HY-LOT-04,W01,0,11,1,10,2.055,1.775,2071.18
HY-LOT-04,W01,0,12,2,21,2.355,1.81,2087.61
HY-LOT-04,W01,0,13,1,10,2.142,1.807,2064.53
HY-LOT-04,W01,0,14,1,10,2.271,1.816,2112.13
HY-LOT-04,W01,0,15,1,10,2.389,1.831,2095.09
HY-LOT-04,W01,0,16,1,10,2.271,1.8,2124.66
HY-LOT-04,W01,0,17,1,10,1.99,1.774,2098.95
HY-LOT-04,W01,0,18,1,10,2.66,1.823,2101.21
HY-LOT-04,W01,0,19,1,10,2.294,1.836,2136.06
HY-LOT-04,W01,1,-19,1,10,2.54,1.791,2105.34
HY-LOT-04,W01,1,-18,1,10,2.267,1.788,2102.19
HY-LOT-04,W01,1,-17,1,10,2.383,1.801,2079.97
HY-LOT-04,W01,1,-16,1,10,2.073,1.821,2117.04
HY-LOT-04,W01,1,-15,1,10,2.161,1.779,2106.35
HY-LOT-04,W01,1,-14,1,10,2.199,1.814,2101.18
HY-LOT-04,W01,1,-13,1,10,2.127,1.771,2078.1
HY-LOT-04,W01,1,-12,1,10,2.087,1.827,2108.3
HY-LOT-04,W01,1,-11,1,10,2.506,1.797,2066.98
HY-LOT-04,W01,1,-10,1,10,2.539,1.794,2129.39
HY-LOT-04,W01,1,-9,1,10,1.961,1.822,2086.8
HY-LOT-04,W01,1,-8,1,10,1.891,1.816,2099.55
HY-LOT-04,W01,1,-7,2,21,2.458,1.763,2100.11
HY-LOT-04,W01,1,-6,1,10,2.256,1.81,2107.82
HY-LOT-04,W01,1,-5,1,10,2.452,1.791,2095.59
HY-LOT-04,W01,1,-4,1,10,2.469,1.803,2119.66
HY-LOT-04,W01,1,-3,1,10,2.15,1.824,2100.64
HY-LOT-04,W01,1,-2,1,10,2.236,1.795,2100.59
HY-LOT-04,W01,1,-1,1,10,2.254,1.787,2059.07
HY-LOT-04,W01,1,0,1,10,2.458,1.812,2140.12
HY-LOT-04,W01,1,1,1,10,2.12,1.841,2102.8
HY-LOT-04,W01,1,2,1,10,2.127,1.785,2117.78
HY-LOT-04,W01,1,3,1,10,2.6,1.786,2089.62
HY-LOT-04,W01,1,4,1,10,2.204,1.785,2080.71
HY-LOT-04,W01,1,5,1,10,2.035,1.821,2136.61
HY-LOT-04,W01,1,6,1,10,2.25,1.819,2076.29
HY-LOT-04,W01,1,7,1,10,2.338,1.806,2114.22
HY-LOT-04,W01,1,8,1,10,2.529,1.817,2099.5
HY-LOT-04,W01,1,9,1,10,2.591,1.827,2103.88
HY-LOT-04,W01,1,10,1,10,2.263,1.823,2138.25
HY-LOT-04,W01,1,11,1,10,2.177,1.823,2107.43
HY-LOT-04,W01,1,12,1,10,2.308,1.815,2071.57
HY-LOT-04,W01,1,13,1,10,2.144,1.781,2095.42
HY-LOT-04,W01,1,14,1,10,2.356,1.786,2095.12
HY-LOT-04,W01,1,15,1,10,2.115,1.786,2101.99
HY-LOT-04,W01,1,16,1,10,2.012,1.818,2103.25
HY-LOT-04,W01,1,17,1,10,2.132,1.799,2115.27
HY-LOT-04,W01,1,18,1,10,2.39,1.806,2078.69
HY-LOT-04,W01,1,19,1,10,2.289,1.77,2085.74
HY-LOT-04,W01,2,-19,1,10,2.187,1.782,2082.71
HY-LOT-04,W01,2,-18,1,10,2.152,1.823,2097
HY-LOT-04,W01,2,-17,1,10,2.306,1.774,2103.6
HY-LOT-04,W01,2,-16,1,10,2.677,1.842,2131.92
HY-LOT-04,W01,2,-15,1,10,1.846,1.804,2104.82
HY-LOT-04,W01,2,-14,1,10,2.083,1.79,2088.74
HY-LOT-04,W01,2,-13,1,10,2.308,1.762,2095.26
HY-LOT-04,W01,2,-12,1,10,2.243,1.774,2110.66
HY-LOT-04,W01,2,-11,1,10,2.107,1.805,2096.17
HY-LOT-04,W01,2,-10,1,10,2.176,1.828,2100.31
HY-LOT-04,W01,2,-9,1,10,1.977,1.806,2106.96
HY-LOT-04,W01,2,-8,1,10,2.304,1.816,2077.7
HY-LOT-04,W01,2,-7,1,10,1.988,1.779,2114.77
HY-LOT-04,W01,2,-6,1,10,2.438,1.791,2098.63
HY-LOT-04,W01,2,-5,1,10,2.227,1.772,2113.84
HY-LOT-04,W01,2,-4,1,10,2.019,1.828,2106.08
HY-LOT-04,W01,2,-3,1,10,2.392,1.813,2090.63
HY-LOT-04,W01,2,-2,1,10,2.455,1.792,2109.43
HY-LOT-04,W01,2,-1,1,10,2.156,1.808,2111.84
HY-LOT-04,W01,2,0,1,10,2.02,1.812,2098.49
HY-LOT-04,W01,2,1,1,10,2.22,1.806,2081.91
HY-LOT-04,W01,2,2,1,10,1.929,1.791,2087.44
HY-LOT-04,W01,2,3,1,10,2.595,1.807,2086.72
HY-LOT-04,W01,2,4,1,10,2.124,1.795,2118.51
HY-LOT-04,W01,2,5,1,10,2.026,1.799,2088.59
HY-LOT-04,W01,2,6,1,10,2.139,1.803,2074.4
HY-LOT-04,W01,2,7,1,10,2.323,1.788,2095.43
HY-LOT-04,W01,2,8,1,10,2.313,1.811,2079.37
HY-LOT-04,W01,2,9,1,10,2.193,1.781,2128.82
HY-LOT-04,W01,2,10,1,10,1.757,1.802,2101
HY-LOT-04,W01,2,11,1,10,2.145,1.822,2098.41
HY-LOT-04,W01,2,12,1,10,2.4,1.818,2114.53
HY-LOT-04,W01,2,13,1,10,1.97,1.787,2105.4
HY-LOT-04,W01,2,14,1,10,1.932,1.81,2077.54
HY-LOT-04,W01,2,15,1,10,2.188,1.797,2107.06
HY-LOT-04,W01,2,16,1,10,2.111,1.804,2091.86
HY-LOT-04,W01,2,17,1,10,2.298,1.806,2106.49
HY-LOT-04,W01,2,18,1,10,2.354,1.79,2094.95
HY-LOT-04,W01,2,19,1,10,2.465,1.795,2098.91
HY-LOT-04,W01,3,-19,1,10,1.891,1.766,2108.47
HY-LOT-04,W01,3,-18,1,10,2.04,1.79,2086.47
HY-LOT-04,W01,3,-17,1,10,2.122,1.793,2078.99
HY-LOT-04,W01,3,-16,1,10,2.578,1.81,2113.35
HY-LOT-04,W01,3,-15,1,10,2.049,1.806,2100
HY-LOT-04,W01,3,-14,1,10,1.751,1.769,2110.05
HY-LOT-04,W01,3,-13,1,10,2.317,1.818,2104.76
HY-LOT-04,W01,3,-12,1,10,2.107,1.812,2119.36
HY-LOT-04,W01,3,-11,1,10,2.228,1.804,2082.15
HY-LOT-04,W01,3,-10,1,10,2.357,1.802,2103.9
HY-LOT-04,W01,3,-9,1,10,2.343,1.784,2094.36
HY-LOT-04,W01,3,-8,1,10,2.001,1.8,2092.87
HY-LOT-04,W01,3,-7,1,10,2.201,1.774,2105.37
HY-LOT-04,W01,3,-6,1,10,2.212,1.8,2112.15
HY-LOT-04,W01,3,-5,1,10,2.39,1.788,2095.12
HY-LOT-04,W01,3,-4,1,10,2.251,1.788,2081.92
HY-LOT-04,W01,3,-3,1,10,2.235,1.818,2077.38
HY-LOT-04,W01,3,-2,1,10,1.982,1.821,2068.71
HY-LOT-04,W01,3,-1,1,10,2.134,1.799,2097.87
HY-LOT-04,W01,3,0,1,10,2.414,1.826,2074.82
HY-LOT-04,W01,3,1,1,10,2.176,1.796,2090.39
HY-LOT-04,W01,3,2,1,10,2.248,1.798,2087.42
HY-LOT-04,W01,3,3,1,10,2.086,1.811,2122.46
HY-LOT-04,W01,3,4,1,10,2.355,1.827,2102.61
HY-LOT-04,W01,3,5,1,10,2.023,1.788,2096.84
HY-LOT-04,W01,3,6,1,10,2.201,1.798,2111.42
HY-LOT-04,W01,3,7,1,10,2.529,1.808,2099.79
HY-LOT-04,W01,3,8,1,10,2.531,1.79,2139.41
HY-LOT-04,W01,3,9,1,10,2.348,1.801,2100.96
HY-LOT-04,W01,3,10,1,10,2.657,1.823,2117.74
HY-LOT-04,W01,3,11,1,10,2.224,1.802,2067.38
HY-LOT-04,W01,3,12,1,10,2.326,1.811,2089.45
HY-LOT-04,W01,3,13,1,10,2.177,1.798,2101.33
HY-LOT-04,W01,3,14,1,10,2.2,1.815,2055.3
HY-LOT-04,W01,3,15,1,10,2.298,1.795,2110.53
HY-LOT-04,W01,3,16,1,10,2.004,1.787,2074.03
HY-LOT-04,W01,3,17,1,10,2.138,1.76,2086.25
HY-LOT-04,W01,3,18,1,10,2.38,1.769,2093.67
HY-LOT-04,W01,3,19,1,10,2.054,1.795,2062.46
HY-LOT-04,W01,4,-18,1,10,2.35,1.792,2106.1
HY-LOT-04,W01,4,-17,1,10,2.247,1.819,2089.73
HY-LOT-04,W01,4,-16,1,10,2.012,1.822,2117.09
HY-LOT-04,W01,4,-15,1,10,2.116,1.811,2093.74
HY-LOT-04,W01,4,-14,1,10,1.956,1.804,2098.68
HY-LOT-04,W01,4,-13,1,10,2.169,1.8,2101.58
HY-LOT-04,W01,4,-12,1,10,2.332,1.802,2110.57
HY-LOT-04,W01,4,-11,1,10,1.718,1.795,2088.63
HY-LOT-04,W01,4,-10,1,10,2.603,1.799,2126.44
HY-LOT-04,W01,4,-9,1,10,2.116,1.791,2103.74
HY-LOT-04,W01,4,-8,1,10,1.747,1.775,2075.11
HY-LOT-04,W01,4,-7,1,10,2.448,1.813,2108.45
HY-LOT-04,W01,4,-6,1,10,2.057,1.824,2108.14
HY-LOT-04,W01,4,-5,1,10,2.352,1.777,2114.06
HY-LOT-04,W01,4,-4,1,10,1.906,1.802,2077.14
HY-LOT-04,W01,4,-3,1,10,2.277,1.784,2101.14
HY-LOT-04,W01,4,-2,1,10,2.316,1.813,2103.26
HY-LOT-04,W01,4,-1,1,10,2.156,1.807,2103.7
HY-LOT-04,W01,4,0,1,10,2.198,1.779,2114.96
HY-LOT-04,W01,4,1,1,10,2.226,1.796,2096.12
HY-LOT-04,W01,4,2,1,10,2.485,1.781,2093.51
HY-LOT-04,W01,4,3,1,10,2.148,1.811,2139.59
HY-LOT-04,W01,4,4,1,10,2.452,1.792,2095.15
HY-LOT-04,W01,4,5,1,10,1.914,1.792,2086.14
HY-LOT-04,W01,4,6,1,10,2.382,1.793,2089.09
HY-LOT-04,W01,4,7,1,10,2.391,1.796,2110.09
HY-LOT-04,W01,4,8,1,10,2.291,1.815,2091.56
HY-LOT-04,W01,4,9,1,10,2.26,1.794,2089.22
HY-LOT-04,W01,4,10,1,10,2.496,1.784,2095.4
HY-LOT-04,W01,4,11,1,10,2.239,1.817,2119.6
HY-LOT-04,W01,4,12,1,10,2.048,1.788,2080.39
HY-LOT-04,W01,4,13,1,10,2.145,1.766,2094.18
HY-LOT-04,W01,4,14,1,10,2.56,1.793,2078.46
HY-LOT-04,W01,4,15,1,10,2.471,1.79,2130.16
HY-LOT-04,W01,4,16,1,10,2.285,1.786,2102.13
HY-LOT-04,W01,4,17,1,10,2.313,1.775,2110.63
HY-LOT-04,W01,4,18,1,10,2.333,1.809,2114.85
HY-LOT-04,W01,5,-18,1,10,2.269,1.799,2115.56
HY-LOT-04,W01,5,-17,1,10,2.375,1.807,2069.95
HY-LOT-04,W01,5,-16,1,10,2.048,1.81,2105.65
HY-LOT-04,W01,5,-15,1,10,2.435,1.796,2113.43
HY-LOT-04,W01,5,-14,1,10,1.978,1.808,2085.19
HY-LOT-04,W01,5,-13,1,10,2.272,1.793,2100.24
HY-LOT-04,W01,5,-12,1,10,2.262,1.811,2116.34
HY-LOT-04,W01,5,-11,1,10,2.385,1.806,2093.03
HY-LOT-04,W01,5,-10,1,10,2.383,1.792,2120.06
HY-LOT-04,W01,5,-9,1,10,2.339,1.784,2066.32
HY-LOT-04,W01,5,-8,1,10,2.05,1.816,2094.1
HY-LOT-04,W01,5,-7,1,10,2.25,1.81,2080
HY-LOT-04,W01,5,-6,1,10,1.963,1.825,2104.78
HY-LOT-04,W01,5,-5,1,10,2.371,1.797,2064.94
HY-LOT-04,W01,5,-4,1,10,1.778,1.799,2086.99
HY-LOT-04,W01,5,-3,1,10,2.308,1.772,2107.06
HY-LOT-04,W01,5,-2,1,10,2.056,1.778,2090.89
HY-LOT-04,W01,5,-1,1,10,2.345,1.818,2121.7
HY-LOT-04,W01,5,0,1,10,2.456,1.796,2110.54
HY-LOT-04,W01,5,1,1,10,2.187,1.806,2094.11
HY-LOT-04,W01,5,2,1,10,2.269,1.829,2092.06
HY-LOT-04,W01,5,3,1,10,2.066,1.812,2078.55
HY-LOT-04,W01,5,4,1,10,2.441,1.802,2079.49
HY-LOT-04,W01,5,5,1,10,2.255,1.807,2097.37
HY-LOT-04,W01,5,6,1,10,1.781,1.788,2085.55
HY-LOT-04,W01,5,7,1,10,2.229,1.792,2125.59
HY-LOT-04,W01,5,8,1,10,2.157,1.765,2100.69
HY-LOT-04,W01,5,9,1,10,2.198,1.774,2094.5
HY-LOT-04,W01,5,10,1,10,2.136,1.792,2128.39
HY-LOT-04,W01,5,11,1,10,2.106,1.777,2084.31
HY-LOT-04,W01,5,12,1,10,2.157,1.785,2127.23
HY-LOT-04,W01,5,13,1,10,2.068,1.826,2083.61
HY-LOT-04,W01,5,14,1,10,1.907,1.823,2051.02
HY-LOT-04,W01,5,15,1,10,2.291,1.804,2120.38
HY-LOT-04,W01,5,16,1,10,2.429,1.815,2079.47
HY-LOT-04,W01,5,17,1,10,2.387,1.758,2078.97
HY-LOT-04,W01,5,18,1,10,1.999,1.811,2094.75
HY-LOT-04,W01,6,-18,1,10,2.089,1.807,2120.75
HY-LOT-04,W01,6,-17,1,10,2.16,1.801,2127.38
HY-LOT-04,W01,6,-16,1,10,2.299,1.786,2086.75
HY-LOT-04,W01,6,-15,1,10,2.312,1.827,2097.75
HY-LOT-04,W01,6,-14,1,10,2.415,1.818,2093.17
HY-LOT-04,W01,6,-13,1,10,1.976,1.807,2106.55
HY-LOT-04,W01,6,-12,1,10,2.431,1.799,2074.88
HY-LOT-04,W01,6,-11,1,10,2.205,1.804,2078.89
HY-LOT-04,W01,6,-10,1,10,2.251,1.768,2082.46
HY-LOT-04,W01,6,-9,1,10,2.271,1.807,2102.37
HY-LOT-04,W01,6,-8,1,10,2.241,1.814,2097.57
HY-LOT-04,W01,6,-7,1,10,2.276,1.808,2096.6
HY-LOT-04,W01,6,-6,1,10,2.374,1.812,2087.49
HY-LOT-04,W01,6,-5,1,10,1.993,1.82,2076.04
HY-LOT-04,W01,6,-4,1,10,1.986,1.807,2081.23
HY-LOT-04,W01,6,-3,1,10,2.329,1.815,2114.93
HY-LOT-04,W01,6,-2,1,10,2.054,1.808,2104.06
HY-LOT-04,W01,6,-1,1,10,2.198,1.805,2121.49
HY-LOT-04,W01,6,0,1,10,2.255,1.793,2138.64
HY-LOT-04,W01,6,1,1,10,2.387,1.783,2060.78
HY-LOT-04,W01,6,2,1,10,2.075,1.817,2126.6
HY-LOT-04,W01,6,3,1,10,2.281,1.81,2122.27
HY-LOT-04,W01,6,4,1,10,2.048,1.802,2109.17
HY-LOT-04,W01,6,5,1,10,2.301,1.769,2080.06
HY-LOT-04,W01,6,6,1,10,2.33,1.806,2112.94
HY-LOT-04,W01,6,7,1,10,2.466,1.782,2095.52
HY-LOT-04,W01,6,8,1,10,2.189,1.78,2094.15
HY-LOT-04,W01,6,9,1,10,2.322,1.811,2100.4
HY-LOT-04,W01,6,10,1,10,2.21,1.793,2124.76
HY-LOT-04,W01,6,11,1,10,2.404,1.793,2070.21
HY-LOT-04,W01,6,12,1,10,1.895,1.773,2088
HY-LOT-04,W01,6,13,1,10,2.272,1.796,2114.33
HY-LOT-04,W01,6,14,2,21,1.915,1.798,2096.54
HY-LOT-04,W01,6,15,2,21,2.093,1.803,2117.63
HY-LOT-04,W01,6,16,1,10,2.286,1.827,2104.62
HY-LOT-04,W01,6,17,1,10,2.241,1.794,2128.45
HY-LOT-04,W01,6,18,1,10,2.465,1.771,2096.09
HY-LOT-04,W01,7,-17,1,10,2.051,1.796,2091.74
HY-LOT-04,W01,7,-16,1,10,2.271,1.804,2102.83
HY-LOT-04,W01,7,-15,1,10,2.205,1.818,2115.08
HY-LOT-04,W01,7,-14,1,10,2.598,1.809,2101.13
HY-LOT-04,W01,7,-13,1,10,1.653,1.782,2088.98
HY-LOT-04,W01,7,-12,1,10,2.421,1.79,2095.41
HY-LOT-04,W01,7,-11,1,10,2.008,1.832,2109.6
HY-LOT-04,W01,7,-10,1,10,2.388,1.824,2110.4
HY-LOT-04,W01,7,-9,1,10,2.279,1.778,2084.43
HY-LOT-04,W01,7,-8,1,10,1.866,1.797,2101.62
HY-LOT-04,W01,7,-7,1,10,2.467,1.795,2112.38
HY-LOT-04,W01,7,-6,1,10,2.146,1.799,2137.1
HY-LOT-04,W01,7,-5,1,10,2.167,1.797,2116.73
HY-LOT-04,W01,7,-4,1,10,2.139,1.805,2102.76
HY-LOT-04,W01,7,-3,1,10,1.937,1.787,2087.49
HY-LOT-04,W01,7,-2,1,10,2.101,1.786,2106.48
HY-LOT-04,W01,7,-1,1,10,1.793,1.778,2106.63
HY-LOT-04,W01,7,0,1,10,1.992,1.78,2118.6
HY-LOT-04,W01,7,1,1,10,2.429,1.784,2085.92
HY-LOT-04,W01,7,2,1,10,2.253,1.798,2084.77
HY-LOT-04,W01,7,3,1,10,2.001,1.787,2098.97
HY-LOT-04,W01,7,4,1,10,1.991,1.812,2098.94
HY-LOT-04,W01,7,5,1,10,2.241,1.813,2079.61
HY-LOT-04,W01,7,6,1,10,2.384,1.765,2116.87
HY-LOT-04,W01,7,7,1,10,2.337,1.841,2120.41
HY-LOT-04,W01,7,8,1,10,2.51,1.792,2099.99
HY-LOT-04,W01,7,9,1,10,2.316,1.817,2095.82
HY-LOT-04,W01,7,10,1,10,2.369,1.805,2108.66
HY-LOT-04,W01,7,11,1,10,2.122,1.819,2112.19
HY-LOT-04,W01,7,12,1,10,2.194,1.789,2080.53
HY-LOT-04,W01,7,13,1,10,2.105,1.819,2091.83
HY-LOT-04,W01,7,14,1,10,2.099,1.785,2070.88
HY-LOT-04,W01,7,15,1,10,1.939,1.814,2122.64
HY-LOT-04,W01,7,16,1,10,1.896,1.782,2094.39
HY-LOT-04,W01,7,17,1,10,2.307,1.827,2117.16
HY-LOT-04,W01,8,-17,1,10,2.332,1.802,2081.75
HY-LOT-04,W01,8,-16,1,10,2.106,1.805,2090.54
HY-LOT-04,W01,8,-15,1,10,2.283,1.805,2057.13
HY-LOT-04,W01,8,-14,1,10,2.218,1.79,2099.13
HY-LOT-04,W01,8,-13,1,10,2.07,1.805,2085.43
HY-LOT-04,W01,8,-12,1,10,2.002,1.767,2104.16
HY-LOT-04,W01,8,-11,1,10,2,1.8,2119.77
HY-LOT-04,W01,8,-10,1,10,2.257,1.826,2080.74
HY-LOT-04,W01,8,-9,1,10,1.983,1.783,2084.11
HY-LOT-04,W01,8,-8,1,10,2.194,1.784,2111.58
HY-LOT-04,W01,8,-7,1,10,2.168,1.823,2088.7
HY-LOT-04,W01,8,-6,1,10,2.307,1.793,2104.2
HY-LOT-04,W01,8,-5,1,10,2.761,1.787,2092.66
HY-LOT-04,W01,8,-4,1,10,2.029,1.797,2100.65
HY-LOT-04,W01,8,-3,1,10,2.228,1.811,2088.54
HY-LOT-04,W01,8,-2,1,10,1.847,1.82,2077.08
HY-LOT-04,W01,8,-1,1,10,1.878,1.811,2089.19
HY-LOT-04,W01,8,0,1,10,2.192,1.768,2110.32
HY-LOT-04,W01,8,1,1,10,2.064,1.784,2097.4
HY-LOT-04,W01,8,2,1,10,2.202,1.778,2109.04
HY-LOT-04,W01,8,3,1,10,2.405,1.802,2111.5
HY-LOT-04,W01,8,4,1,10,1.817,1.769,2115.31
HY-LOT-04,W01,8,5,1,10,2.312,1.784,2144.55
HY-LOT-04,W01,8,6,2,21,1.988,1.814,2087.78
HY-LOT-04,W01,8,7,1,10,2.287,1.75,2069.29
HY-LOT-04,W01,8,8,1,10,2.167,1.766,2082.64
HY-LOT-04,W01,8,9,1,10,2.215,1.775,2122.44
HY-LOT-04,W01,8,10,1,10,2.179,1.799,2069.96
HY-LOT-04,W01,8,11,1,10,2.389,1.829,2102.78
HY-LOT-04,W01,8,12,1,10,2.344,1.815,2084.73
HY-LOT-04,W01,8,13,1,10,2.413,1.831,2120.49
HY-LOT-04,W01,8,14,1,10,2.107,1.77,2095.55
HY-LOT-04,W01,8,15,1,10,2.215,1.792,2103.4
HY-LOT-04,W01,8,16,1,10,1.922,1.822,2154.7
HY-LOT-04,W01,8,17,1,10,1.88,1.82,2096.2
HY-LOT-04,W01,9,-17,1,10,2.41,1.796,2091.87
HY-LOT-04,W01,9,-16,1,10,2.3,1.799,2121.06
HY-LOT-04,W01,9,-15,1,10,2.38,1.779,2079.24
HY-LOT-04,W01,9,-14,1,10,2.448,1.823,2103.7
HY-LOT-04,W01,9,-13,1,10,2.121,1.795,2106.46
HY-LOT-04,W01,9,-12,1,10,2.328,1.779,2114.56
HY-LOT-04,W01,9,-11,1,10,2.106,1.811,2105.44
HY-LOT-04,W01,9,-10,1,10,1.972,1.807,2102.48
HY-LOT-04,W01,9,-9,1,10,2.314,1.777,2097.12
HY-LOT-04,W01,9,-8,1,10,2.158,1.773,2112.42
HY-LOT-04,W01,9,-7,1,10,2.048,1.811,2112.45
HY-LOT-04,W01,9,-6,1,10,2.505,1.78,2099.41
HY-LOT-04,W01,9,-5,1,10,1.926,1.783,2114.72
HY-LOT-04,W01,9,-4,1,10,2.413,1.819,2078.51
HY-LOT-04,W01,9,-3,1,10,2.255,1.803,2113.48
HY-LOT-04,W01,9,-2,1,10,2.446,1.776,2123.45
HY-LOT-04,W01,9,-1,1,10,2.281,1.804,2099.27
HY-LOT-04,W01,9,0,1,10,1.844,1.772,2105.45
HY-LOT-04,W01,9,1,1,10,2.498,1.797,2078.31
HY-LOT-04,W01,9,2,1,10,2.252,1.81,2118.93
HY-LOT-04,W01,9,3,1,10,2.117,1.793,2144.84
HY-LOT-04,W01,9,4,1,10,2.462,1.806,2100.97
HY-LOT-04,W01,9,5,1,10,2.167,1.768,2107.54
HY-LOT-04,W01,9,6,1,10,2.282,1.8,2104.54
HY-LOT-04,W01,9,7,1,10,2.021,1.775,2129.55
HY-LOT-04,W01,9,8,1,10,2.244,1.817,2118.28
HY-LOT-04,W01,9,9,1,10,1.818,1.774,2092.04
HY-LOT-04,W01,9,10,1,10,2.168,1.814,2122.22
HY-LOT-04,W01,9,11,1,10,2.034,1.796,2055.34
HY-LOT-04,W01,9,12,1,10,2.358,1.809,2120.88
HY-LOT-04,W01,9,13,1,10,2.23,1.796,2126.33
HY-LOT-04,W01,9,14,1,10,2.248,1.805,2097.53
HY-LOT-04,W01,9,15,1,10,2.153,1.823,2111.49
HY-LOT-04,W01,9,16,1,10,2.241,1.836,2100.35
HY-LOT-04,W01,9,17,1,10,2.512,1.812,2111.32
HY-LOT-04,W01,10,-16,1,10,2.034,1.794,2091.75
HY-LOT-04,W01,10,-15,1,10,1.851,1.826,2118.37
HY-LOT-04,W01,10,-14,1,10,1.934,1.794,2103.94
HY-LOT-04,W01,10,-13,1,10,2.497,1.819,2105.6
HY-LOT-04,W01,10,-12,1,10,2.198,1.818,2111.46
HY-LOT-04,W01,10,-11,1,10,1.909,1.827,2095.32
HY-LOT-04,W01,10,-10,1,10,1.79,1.785,2085.91
HY-LOT-04,W01,10,-9,1,10,2.304,1.815,2080.95
HY-LOT-04,W01,10,-8,2,21,2.224,1.803,2097.37
HY-LOT-04,W01,10,-7,1,10,2.018,1.802,2088.07
HY-LOT-04,W01,10,-6,1,10,2.241,1.783,2141.16
HY-LOT-04,W01,10,-5,1,10,2.189,1.788,2110.95
HY-LOT-04,W01,10,-4,1,10,2.16,1.79,2071.9
HY-LOT-04,W01,10,-3,1,10,2.156,1.801,2084.9
HY-LOT-04,W01,10,-2,1,10,2.261,1.785,2107.13
HY-LOT-04,W01,10,-1,1,10,1.823,1.79,2103.74
HY-LOT-04,W01,10,0,1,10,2.265,1.821,2109.15
HY-LOT-04,W01,10,1,1,10,1.866,1.823,2117.21
HY-LOT-04,W01,10,2,1,10,2.138,1.759,2090.23
HY-LOT-04,W01,10,3,1,10,1.969,1.816,2107
HY-LOT-04,W01,10,4,1,10,2.307,1.84,2116.25
HY-LOT-04,W01,10,5,1,10,2.439,1.807,2098.81
HY-LOT-04,W01,10,6,1,10,2.266,1.795,2096.3
HY-LOT-04,W01,10,7,1,10,2.189,1.804,2119.84
HY-LOT-04,W01,10,8,1,10,2.172,1.792,2088.76
HY-LOT-04,W01,10,9,1,10,2.373,1.816,2104.44
HY-LOT-04,W01,10,10,1,10,1.956,1.791,2092.11
HY-LOT-04,W01,10,11,1,10,2.284,1.788,2095.98
HY-LOT-04,W01,10,12,1,10,1.989,1.841,2113.09
HY-LOT-04,W01,10,13,1,10,1.699,1.8,2141.18
HY-LOT-04,W01,10,14,1,10,2.219,1.802,2071.53
HY-LOT-04,W01,10,15,1,10,2.229,1.801,2114.15
HY-LOT-04,W01,10,16,1,10,2.084,1.804,2098.51
HY-LOT-04,W01,11,-15,1,10,2.468,1.788,2118.5
HY-LOT-04,W01,11,-14,1,10,2.435,1.778,2098.99
HY-LOT-04,W01,11,-13,1,10,1.846,1.771,2089.32
HY-LOT-04,W01,11,-12,1,10,2.066,1.798,2062.49
HY-LOT-04,W01,11,-11,1,10,2.317,1.826,2103.3
HY-LOT-04,W01,11,-10,1,10,2.315,1.796,2095.09
HY-LOT-04,W01,11,-9,1,10,2.183,1.811,2091.15
HY-LOT-04,W01,11,-8,1,10,2.234,1.804,2111.42
HY-LOT-04,W01,11,-7,1,10,2.246,1.777,2076.23
HY-LOT-04,W01,11,-6,1,10,2.288,1.827,2144.02
HY-LOT-04,W01,11,-5,1,10,1.862,1.812,2094.51
HY-LOT-04,W01,11,-4,1,10,2.318,1.783,2121.72
HY-LOT-04,W01,11,-3,1,10,2.209,1.793,2120.01
HY-LOT-04,W01,11,-2,1,10,1.729,1.821,2081.04
HY-LOT-04,W01,11,-1,1,10,2.654,1.798,2071.67
HY-LOT-04,W01,11,0,1,10,1.997,1.784,2087.73
HY-LOT-04,W01,11,1,1,10,2.126,1.833,2088.54
HY-LOT-04,W01,11,2,1,10,1.816,1.812,2073.77
HY-LOT-04,W01,11,3,1,10,2.272,1.822,2114.46
HY-LOT-04,W01,11,4,1,10,2.213,1.78,2107.22
HY-LOT-04,W01,11,5,1,10,1.712,1.81,2055.4
HY-LOT-04,W01,11,6,1,10,2.085,1.802,2110.82
HY-LOT-04,W01,11,7,1,10,2.75,1.787,2089.24
HY-LOT-04,W01,11,8,1,10,2.288,1.803,2121.84
HY-LOT-04,W01,11,9,1,10,1.984,1.813,2105.17
HY-LOT-04,W01,11,10,1,10,2.028,1.843,2107.24
HY-LOT-04,W01,11,11,1,10,2.115,1.789,2102.47
HY-LOT-04,W01,11,12,1,10,2.125,1.773,2079.42
HY-LOT-04,W01,11,13,1,10,2.56,1.793,2116.65
HY-LOT-04,W01,11,14,1,10,1.965,1.813,2100.91
HY-LOT-04,W01,11,15,1,10,2.336,1.841,2137.36
HY-LOT-04,W01,12,-15,1,10,2.481,1.785,2108.39
HY-LOT-04,W01,12,-14,1,10,2.303,1.81,2101.84
HY-LOT-04,W01,12,-13,1,10,2.182,1.801,2086.58
HY-LOT-04,W01,12,-12,1,10,2.211,1.796,2111.62
HY-LOT-04,W01,12,-11,1,10,2.387,1.783,2082.87
HY-LOT-04,W01,12,-10,1,10,2.59,1.809,2088.9
HY-LOT-04,W01,12,-9,1,10,2.409,1.829,2097.56
HY-LOT-04,W01,12,-8,1,10,2.135,1.814,2093.21
HY-LOT-04,W01,12,-7,1,10,2.41,1.794,2119.27
HY-LOT-04,W01,12,-6,1,10,2.165,1.821,2132.42
HY-LOT-04,W01,12,-5,1,10,2.429,1.803,2115.95
HY-LOT-04,W01,12,-4,1,10,2.254,1.778,2092.64
HY-LOT-04,W01,12,-3,1,10,2.149,1.764,2096.24
HY-LOT-04,W01,12,-2,1,10,2.261,1.807,2110.95
HY-LOT-04,W01,12,-1,1,10,2.202,1.799,2101.56
HY-LOT-04,W01,12,0,1,10,2.489,1.79,2128.51
HY-LOT-04,W01,12,1,1,10,2.302,1.815,2073.95
HY-LOT-04,W01,12,2,1,10,2.019,1.766,2100.99
HY-LOT-04,W01,12,3,1,10,1.826,1.812,2098.53
HY-LOT-04,W01,12,4,1,10,2.102,1.797,2054.12
HY-LOT-04,W01,12,5,1,10,1.855,1.754,2104.52
HY-LOT-04,W01,12,6,1,10,2.198,1.789,2085.72
HY-LOT-04,W01,12,7,1,10,2.637,1.822,2085.58
HY-LOT-04,W01,12,8,1,10,2.217,1.785,2077.62
HY-LOT-04,W01,12,9,1,10,2.308,1.82,2101.36
HY-LOT-04,W01,12,10,1,10,2.185,1.798,2097.11
HY-LOT-04,W01,12,11,1,10,2.209,1.794,2113.42
HY-LOT-04,W01,12,12,1,10,1.933,1.787,2063.55
HY-LOT-04,W01,12,13,1,10,2.386,1.795,2107.26
HY-LOT-04,W01,12,14,1,10,2.373,1.824,2119.96
HY-LOT-04,W01,12,15,1,10,2.417,1.805,2100.42
HY-LOT-04,W01,13,-14,1,10,2.268,1.786,2124.96
HY-LOT-04,W01,13,-13,1,10,2.224,1.787,2079.84
HY-LOT-04,W01,13,-12,1,10,2.404,1.785,2079.57
HY-LOT-04,W01,13,-11,1,10,1.971,1.784,2135.78
HY-LOT-04,W01,13,-10,1,10,1.938,1.783,2065.47
HY-LOT-04,W01,13,-9,1,10,2.28,1.809,2079.96
HY-LOT-04,W01,13,-8,1,10,2.405,1.776,2110.14
HY-LOT-04,W01,13,-7,1,10,2.181,1.84,2094.42
HY-LOT-04,W01,13,-6,1,10,2.071,1.829,2126.21
HY-LOT-04,W01,13,-5,1,10,1.957,1.818,2084.52
HY-LOT-04,W01,13,-4,1,10,2.708,1.813,2113.98
HY-LOT-04,W01,13,-3,1,10,1.952,1.782,2134.43
HY-LOT-04,W01,13,-2,1,10,2.354,1.818,2104.78
HY-LOT-04,W01,13,-1,1,10,2.183,1.813,2090.09
HY-LOT-04,W01,13,0,1,10,2.103,1.782,2105.56
HY-LOT-04,W01,13,1,1,10,2.081,1.795,2121.91
HY-LOT-04,W01,13,2,1,10,2.481,1.796,2119.76
HY-LOT-04,W01,13,3,1,10,1.984,1.788,2100
HY-LOT-04,W01,13,4,1,10,2.153,1.782,2095.71
HY-LOT-04,W01,13,5,1,10,2.529,1.811,2104.73
HY-LOT-04,W01,13,6,1,10,2.058,1.793,2111.43
HY-LOT-04,W01,13,7,1,10,2.333,1.775,2084.27
HY-LOT-04,W01,13,8,1,10,2.005,1.809,2104.99
HY-LOT-04,W01,13,9,1,10,2.234,1.829,2095.79
HY-LOT-04,W01,13,10,1,10,2.099,1.81,2102.37
HY-LOT-04,W01,13,11,1,10,2.284,1.803,2117.03
HY-LOT-04,W01,13,12,1,10,2.171,1.786,2099.53
HY-LOT-04,W01,13,13,1,10,2.199,1.795,2102.68
HY-LOT-04,W01,13,14,1,10,2.237,1.788,2092.77
HY-LOT-04,W01,14,-13,1,10,2.107,1.814,2065.24
HY-LOT-04,W01,14,-12,1,10,2.401,1.803,2106.14
HY-LOT-04,W01,14,-11,1,10,2.348,1.789,2087.48
HY-LOT-04,W01,14,-10,1,10,2.226,1.782,2089.43
HY-LOT-04,W01,14,-9,1,10,2.23,1.823,2107.91
HY-LOT-04,W01,14,-8,1,10,2.209,1.836,2113.11
HY-LOT-04,W01,14,-7,1,10,2.223,1.77,2091.15
HY-LOT-04,W01,14,-6,1,10,1.997,1.801,2119.41
HY-LOT-04,W01,14,-5,1,10,2.262,1.799,2103.18
HY-LOT-04,W01,14,-4,1,10,2.18,1.794,2059.13
HY-LOT-04,W01,14,-3,1,10,2.102,1.794,2098.86
HY-LOT-04,W01,14,-2,1,10,2.37,1.831,2115.35
HY-LOT-04,W01,14,-1,1,10,2.523,1.792,2079.64
HY-LOT-04,W01,14,0,1,10,1.874,1.817,2108.49
HY-LOT-04,W01,14,1,1,10,1.951,1.851,2086.39
HY-LOT-04,W01,14,2,1,10,2.152,1.817,2102.85
HY-LOT-04,W01,14,3,1,10,2.174,1.786,2114.39
HY-LOT-04,W01,14,4,1,10,2.243,1.797,2100.65
HY-LOT-04,W01,14,5,1,10,2.574,1.78,2088.06
HY-LOT-04,W01,14,6,1,10,2.063,1.802,2075.37
HY-LOT-04,W01,14,7,1,10,2.489,1.805,2084.45
HY-LOT-04,W01,14,8,1,10,2.209,1.815,2102.84
HY-LOT-04,W01,14,9,1,10,2.243,1.818,2099.46
HY-LOT-04,W01,14,10,1,10,2.284,1.771,2115.27
HY-LOT-04,W01,14,11,1,10,2.562,1.825,2097.58
HY-LOT-04,W01,14,12,1,10,2.266,1.811,2098.8
HY-LOT-04,W01,14,13,1,10,1.921,1.75,2084.52
HY-LOT-04,W01,15,-12,1,10,2.406,1.806,2094.21
HY-LOT-04,W01,15,-11,1,10,2.249,1.814,2101.17
HY-LOT-04,W01,15,-10,1,10,2.127,1.773,2092.38
HY-LOT-04,W01,15,-9,1,10,1.811,1.8,2077.06
HY-LOT-04,W01,15,-8,1,10,2.146,1.789,2075.63
HY-LOT-04,W01,15,-7,1,10,2.348,1.755,2094.06
HY-LOT-04,W01,15,-6,1,10,2.102,1.814,2122.03
HY-LOT-04,W01,15,-5,1,10,2.281,1.808,2117.89
HY-LOT-04,W01,15,-4,1,10,2.134,1.809,2111.35
HY-LOT-04,W01,15,-3,1,10,2.364,1.809,2106.44
HY-LOT-04,W01,15,-2,1,10,2.224,1.812,2099.9
HY-LOT-04,W01,15,-1,1,10,2.253,1.799,2099.78
HY-LOT-04,W01,15,0,1,10,2.146,1.822,2099.97
HY-LOT-04,W01,15,1,1,10,1.89,1.793,2069.62
HY-LOT-04,W01,15,2,1,10,2.434,1.781,2106.63
HY-LOT-04,W01,15,3,1,10,1.899,1.806,2110.31
HY-LOT-04,W01,15,4,1,10,2.202,1.811,2132.45
HY-LOT-04,W01,15,5,1,10,2.131,1.787,2139.61
HY-LOT-04,W01,15,6,1,10,1.884,1.817,2137.78
HY-LOT-04,W01,15,7,1,10,1.875,1.821,2083.47
HY-LOT-04,W01,15,8,1,10,2.134,1.82,2103.79
HY-LOT-04,W01,15,9,1,10,2.223,1.811,2090.82
HY-LOT-04,W01,15,10,1,10,2.27,1.8,2114.82
HY-LOT-04,W01,15,11,1,10,2.366,1.823,2101.32
HY-LOT-04,W01,15,12,1,10,2.225,1.784,2069.82
HY-LOT-04,W01,16,-10,1,10,1.904,1.785,2075.35
HY-LOT-04,W01,16,-9,1,10,2.35,1.834,2098.32
HY-LOT-04,W01,16,-8,1,10,2.149,1.813,2108.02
HY-LOT-04,W01,16,-7,1,10,2.072,1.739,2125.34
HY-LOT-04,W01,16,-6,1,10,1.934,1.797,2094.24
HY-LOT-04,W01,16,-5,1,10,2.03,1.77,2112.44
HY-LOT-04,W01,16,-4,1,10,2.18,1.799,2070.1
HY-LOT-04,W01,16,-3,1,10,2.223,1.791,2125.34
HY-LOT-04,W01,16,-2,1,10,2.379,1.79,2096.85
HY-LOT-04,W01,16,-1,1,10,2.298,1.786,2106.35
HY-LOT-04,W01,16,0,1,10,2.026,1.809,2078.6
HY-LOT-04,W01,16,1,1,10,2.211,1.779,2117.49
HY-LOT-04,W01,16,2,1,10,2.262,1.807,2096.44
HY-LOT-04,W01,16,3,1,10,2.069,1.801,2114.2
HY-LOT-04,W01,16,4,1,10,2.525,1.772,2090.76
HY-LOT-04,W01,16,5,1,10,2.498,1.776,2106.82
HY-LOT-04,W01,16,6,1,10,1.915,1.846,2091.1
HY-LOT-04,W01,16,7,1,10,2.013,1.795,2095.72
HY-LOT-04,W01,16,8,1,10,2.328,1.798,2112.27
HY-LOT-04,W01,16,9,1,10,2.256,1.801,2092.45
HY-LOT-04,W01,16,10,1,10,2.074,1.781,2103.12
HY-LOT-04,W01,17,-9,1,10,2.332,1.788,2108.71
HY-LOT-04,W01,17,-8,1,10,2.068,1.803,2070.09
HY-LOT-04,W01,17,-7,1,10,2.625,1.786,2082.89
HY-LOT-04,W01,17,-6,1,10,2.088,1.803,2091.97
HY-LOT-04,W01,17,-5,1,10,1.756,1.814,2101.04
HY-LOT-04,W01,17,-4,1,10,2.145,1.784,2106.9
HY-LOT-04,W01,17,-3,1,10,2.322,1.794,2094.29
HY-LOT-04,W01,17,-2,1,10,2.069,1.794,2100.14
HY-LOT-04,W01,17,-1,1,10,2.413,1.804,2089.73
HY-LOT-04,W01,17,0,1,10,2.25,1.837,2121.38
HY-LOT-04,W01,17,1,1,10,2.162,1.782,2072.9
HY-LOT-04,W01,17,2,1,10,2.136,1.806,2081.74
HY-LOT-04,W01,17,3,1,10,1.931,1.802,2069.38
HY-LOT-04,W01,17,4,1,10,1.903,1.796,2106.66
HY-LOT-04,W01,17,5,1,10,2.303,1.778,2098.33
HY-LOT-04,W01,17,6,1,10,1.858,1.793,2089.5
HY-LOT-04,W01,17,7,1,10,2.215,1.804,2108.14
HY-LOT-04,W01,17,8,1,10,2.226,1.83,2108.16
HY-LOT-04,W01,17,9,1,10,2.455,1.81,2107.45
HY-LOT-04,W01,18,-6,1,10,2.339,1.818,2100.15
HY-LOT-04,W01,18,-5,1,10,1.955,1.789,2088.98
HY-LOT-04,W01,18,-4,1,10,2.492,1.792,2097.8
HY-LOT-04,W01,18,-3,1,10,2.302,1.797,2124.76
HY-LOT-04,W01,18,-2,1,10,2.455,1.831,2130.39
HY-LOT-04,W01,18,-1,1,10,2.352,1.793,2094.05
HY-LOT-04,W01,18,0,1,10,2.066,1.805,2118.53
HY-LOT-04,W01,18,1,1,10,2.127,1.798,2122.31
HY-LOT-04,W01,18,2,1,10,2.212,1.82,2092.01
HY-LOT-04,W01,18,3,1,10,1.826,1.815,2099.28
HY-LOT-04,W01,18,4,1,10,2.117,1.811,2112.14
HY-LOT-04,W01,18,5,1,10,2.287,1.77,2122.01
HY-LOT-04,W01,18,6,1,10,2.103,1.815,2110.85
HY-LOT-04,W01,19,-3,1,10,2.097,1.796,2093.93
HY-LOT-04,W01,19,-2,1,10,2.054,1.779,2098.99
HY-LOT-04,W01,19,-1,1,10,1.866,1.764,2134.42
HY-LOT-04,W01,19,0,1,10,1.901,1.802,2091.56
HY-LOT-04,W01,19,1,1,10,2.43,1.815,2102.15
HY-LOT-04,W01,19,2,1,10,2.12,1.827,2107.59
HY-LOT-04,W01,19,3,1,10,2.23,1.792,2104.41
HY-LOT-04,W02,-19,-3,1,10,2.125,1.784,2113.79
HY-LOT-04,W02,-19,-2,1,10,1.75,1.812,2086.29
HY-LOT-04,W02,-19,-1,1,10,1.887,1.777,2105.14
HY-LOT-04,W02,-19,0,1,10,2.062,1.791,2088.13
HY-LOT-04,W02,-19,1,1,10,2.46,1.817,2065.97
HY-LOT-04,W02,-19,2,1,10,1.686,1.815,2121.62
HY-LOT-04,W02,-19,3,1,10,1.912,1.789,2102.54
HY-LOT-04,W02,-18,-6,1,10,2.234,1.8,2111.08
HY-LOT-04,W02,-18,-5,1,10,1.834,1.787,2090.82
HY-LOT-04,W02,-18,-4,1,10,1.986,1.814,2098.01
HY-LOT-04,W02,-18,-3,1,10,2.207,1.812,2084.85
HY-LOT-04,W02,-18,-2,1,10,1.899,1.781,2099.1
HY-LOT-04,W02,-18,-1,1,10,1.88,1.825,2109.06
HY-LOT-04,W02,-18,0,1,10,1.874,1.817,2096.42
HY-LOT-04,W02,-18,1,1,10,2.005,1.849,2086.23
HY-LOT-04,W02,-18,2,1,10,1.979,1.797,2070.35
HY-LOT-04,W02,-18,3,1,10,2.409,1.798,2086.44
HY-LOT-04,W02,-18,4,1,10,2.356,1.813,2072.8
HY-LOT-04,W02,-18,5,1,10,2.044,1.802,2081.79
HY-LOT-04,W02,-18,6,1,10,1.688,1.789,2107.4
HY-LOT-04,W02,-17,-9,1,10,1.907,1.802,2090.01
HY-LOT-04,W02,-17,-8,1,10,1.967,1.775,2119.87
HY-LOT-04,W02,-17,-7,1,10,1.946,1.792,2102.63
HY-LOT-04,W02,-17,-6,1,10,2.111,1.78,2097.61
HY-LOT-04,W02,-17,-5,1,10,1.98,1.842,2078.6
HY-LOT-04,W02,-17,-4,1,10,1.756,1.792,2109.47
HY-LOT-04,W02,-17,-3,1,10,2.156,1.8,2093.2
HY-LOT-04,W02,-17,-2,1,10,2.014,1.786,2097.13
HY-LOT-04,W02,-17,-1,1,10,2.172,1.796,2121.18
HY-LOT-04,W02,-17,0,1,10,2.043,1.757,2099.83
HY-LOT-04,W02,-17,1,1,10,2.25,1.811,2099.17
HY-LOT-04,W02,-17,2,1,10,1.8,1.832,2110.22
HY-LOT-04,W02,-17,3,2,21,2.398,1.806,2079.48
HY-LOT-04,W02,-17,4,1,10,2.398,1.814,2104.72
HY-LOT-04,W02,-17,5,1,10,2.383,1.814,2100.95
HY-LOT-04,W02,-17,6,1,10,1.993,1.828,2101.8
HY-LOT-04,W02,-17,7,1,10,2.107,1.817,2116.8
HY-LOT-04,W02,-17,8,1,10,2.222,1.795,2060.04
HY-LOT-04,W02,-17,9,1,10,2.009,1.818,2118.99
HY-LOT-04,W02,-16,-10,1,10,2.096,1.793,2092.14
HY-LOT-04,W02,-16,-9,1,10,1.899,1.805,2140.85
HY-LOT-04,W02,-16,-8,1,10,2.058,1.822,2084.38
HY-LOT-04,W02,-16,-7,1,10,2.009,1.813,2090.7
HY-LOT-04,W02,-16,-6,1,10,2.162,1.84,2092.88
HY-LOT-04,W02,-16,-5,1,10,1.98,1.777,2084.02
HY-LOT-04,W02,-16,-4,1,10,2.129,1.832,2130.83
HY-LOT-04,W02,-16,-3,1,10,1.964,1.789,2127.24
HY-LOT-04,W02,-16,-2,1,10,2.134,1.778,2139.01
HY-LOT-04,W02,-16,-1,1,10,2.35,1.79,2124.72
HY-LOT-04,W02,-16,0,1,10,2.052,1.831,2105.61
HY-LOT-04,W02,-16,1,1,10,1.856,1.796,2080.71
HY-LOT-04,W02,-16,2,1,10,2.135,1.799,2092.02
HY-LOT-04,W02,-16,3,1,10,1.691,1.772,2104.87
HY-LOT-04,W02,-16,4,1,10,2.104,1.801,2136.01
HY-LOT-04,W02,-16,5,1,10,2.168,1.792,2081.18
HY-LOT-04,W02,-16,6,1,10,2.155,1.822,2086.75
HY-LOT-04,W02,-16,7,1,10,2.025,1.838,2097.97
HY-LOT-04,W02,-16,8,1,10,2.351,1.792,2078.03
HY-LOT-04,W02,-16,9,1,10,2.281,1.793,2079.93
HY-LOT-04,W02,-16,10,1,10,1.743,1.796,2127.02
HY-LOT-04,W02,-15,-12,1,10,2.148,1.801,2129.84
HY-LOT-04,W02,-15,-11,1,10,2.387,1.83,2110.32
HY-LOT-04,W02,-15,-10,1,10,1.96,1.801,2086.22
HY-LOT-04,W02,-15,-9,1,10,2.112,1.798,2097.05
HY-LOT-04,W02,-15,-8,1,10,2.045,1.795,2124.61
HY-LOT-04,W02,-15,-7,1,10,2.153,1.798,2099.2
HY-LOT-04,W02,-15,-6,1,10,2.117,1.784,2105.37
HY-LOT-04,W02,-15,-5,1,10,2.134,1.76,2109.22
HY-LOT-04,W02,-15,-4,1,10,1.599,1.783,2101.49
HY-LOT-04,W02,-15,-3,1,10,1.816,1.815,2108.28
HY-LOT-04,W02,-15,-2,1,10,1.855,1.79,2103.2
HY-LOT-04,W02,-15,-1,1,10,2.11,1.794,2095.22
HY-LOT-04,W02,-15,0,1,10,2.13,1.788,2102.13
HY-LOT-04,W02,-15,1,1,10,1.988,1.793,2109.83
HY-LOT-04,W02,-15,2,1,10,1.989,1.826,2111.26
HY-LOT-04,W02,-15,3,1,10,2.219,1.78,2096.03
HY-LOT-04,W02,-15,4,1,10,1.526,1.807,2092.6
HY-LOT-04,W02,-15,5,1,10,2.035,1.821,2106.7
HY-LOT-04,W02,-15,6,1,10,2.115,1.842,2101.47
HY-LOT-04,W02,-15,7,1,10,2.329,1.763,2090.71
HY-LOT-04,W02,-15,8,2,21,2.283,1.805,2063.21
HY-LOT-04,W02,-15,9,1,10,2.055,1.768,2107.04
HY-LOT-04,W02,-15,10,1,10,1.862,1.798,2083.8
HY-LOT-04,W02,-15,11,1,10,1.947,1.805,2074.61
HY-LOT-04,W02,-15,12,1,10,1.9,1.791,2112.96
HY-LOT-04,W02,-14,-13,1,10,2.305,1.794,2122.07
HY-LOT-04,W02,-14,-12,1,10,1.968,1.745,2090.99
HY-LOT-04,W02,-14,-11,1,10,2.13,1.769,2072.29
HY-LOT-04,W02,-14,-10,1,10,1.853,1.807,2108.05
HY-LOT-04,W02,-14,-9,1,10,1.964,1.8,2121.24
HY-LOT-04,W02,-14,-8,2,21,2.237,1.8,2104.14
HY-LOT-04,W02,-14,-7,1,10,2.012,1.798,2102.32
HY-LOT-04,W02,-14,-6,1,10,1.826,1.807,2131.09
HY-LOT-04,W02,-14,-5,1,10,1.978,1.809,2090.06
HY-LOT-04,W02,-14,-4,1,10,2.082,1.814,2104.11
HY-LOT-04,W02,-14,-3,1,10,2.104,1.789,2123.61
HY-LOT-04,W02,-14,-2,1,10,2.005,1.8,2118.49
HY-LOT-04,W02,-14,-1,1,10,1.979,1.798,2109.02
HY-LOT-04,W02,-14,0,1,10,1.93,1.81,2126.36
HY-LOT-04,W02,-14,1,1,10,1.887,1.786,2112.75
HY-LOT-04,W02,-14,2,1,10,2.151,1.788,2081.14
HY-LOT-04,W02,-14,3,1,10,2.134,1.818,2079.11
HY-LOT-04,W02,-14,4,1,10,1.692,1.824,2119.4
HY-LOT-04,W02,-14,5,1,10,2.028,1.786,2082.09
HY-LOT-04,W02,-14,6,1,10,2.251,1.81,2092.78
HY-LOT-04,W02,-14,7,1,10,2.393,1.805,2104.7
HY-LOT-04,W02,-14,8,1,10,2.43,1.829,2088.9
HY-LOT-04,W02,-14,9,1,10,1.87,1.808,2103.8
HY-LOT-04,W02,-14,10,1,10,2.254,1.819,2099.6
HY-LOT-04,W02,-14,11,1,10,1.945,1.81,2113.86
HY-LOT-04,W02,-14,12,1,10,1.983,1.81,2066.52
HY-LOT-04,W02,-14,13,1,10,2.188,1.777,2109.7
HY-LOT-04,W02,-13,-14,1,10,2.531,1.786,2115.92
HY-LOT-04,W02,-13,-13,1,10,1.971,1.78,2093.74
HY-LOT-04,W02,-13,-12,1,10,1.795,1.791,2123.32
HY-LOT-04,W02,-13,-11,1,10,1.834,1.784,2088.46
HY-LOT-04,W02,-13,-10,1,10,2.088,1.785,2101.07
HY-LOT-04,W02,-13,-9,1,10,2.029,1.813,2088.54
HY-LOT-04,W02,-13,-8,1,10,1.782,1.789,2111.28
HY-LOT-04,W02,-13,-7,1,10,2.093,1.804,2113.14
HY-LOT-04,W02,-13,-6,1,10,2.231,1.817,2072.65
HY-LOT-04,W02,-13,-5,1,10,1.887,1.791,2094.4
HY-LOT-04,W02,-13,-4,1,10,2.248,1.788,2103.23
HY-LOT-04,W02,-13,-3,1,10,1.72,1.794,2096.16
HY-LOT-04,W02,-13,-2,1,10,1.936,1.812,2113.21
HY-LOT-04,W02,-13,-1,1,10,2.181,1.759,2084.35
HY-LOT-04,W02,-13,0,2,21,2.372,1.765,2095.12
HY-LOT-04,W02,-13,1,1,10,1.901,1.769,2124.77
HY-LOT-04,W02,-13,2,1,10,2.065,1.813,2102.4
HY-LOT-04,W02,-13,3,1,10,1.853,1.802,2139.25
HY-LOT-04,W02,-13,4,1,10,2.292,1.784,2069.04
HY-LOT-04,W02,-13,5,1,10,2.135,1.806,2075.31
HY-LOT-04,W02,-13,6,1,10,2.093,1.774,2136.71
HY-LOT-04,W02,-13,7,1,10,2.494,1.798,2094.83
HY-LOT-04,W02,-13,8,1,10,2.155,1.805,2105.98
HY-LOT-04,W02,-13,9,1,10,1.83,1.768,2107.43
HY-LOT-04,W02,-13,10,1,10,2.131,1.773,2088.75
HY-LOT-04,W02,-13,11,1,10,2.283,1.78,2136.62
HY-LOT-04,W02,-13,12,1,10,2.082,1.803,2097.16
HY-LOT-04,W02,-13,13,1,10,1.871,1.782,2110.35
HY-LOT-04,W02,-13,14,1,10,2.138,1.782,2079.32
HY-LOT-04,W02,-12,-15,1,10,2.135,1.78,2097.78
HY-LOT-04,W02,-12,-14,1,10,2.02,1.816,2080.31
HY-LOT-04,W02,-12,-13,1,10,2.376,1.81,2060.32
HY-LOT-04,W02,-12,-12,1,10,2.189,1.81,2107.92
HY-LOT-04,W02,-12,-11,1,10,2.067,1.778,2125.17
HY-LOT-04,W02,-12,-10,1,10,2.445,1.768,2079.84
HY-LOT-04,W02,-12,-9,1,10,1.594,1.807,2094.92
HY-LOT-04,W02,-12,-8,1,10,2.348,1.758,2077.83
HY-LOT-04,W02,-12,-7,1,10,1.6,1.788,2105.5
HY-LOT-04,W02,-12,-6,1,10,2.065,1.812,2083.3
HY-LOT-04,W02,-12,-5,1,10,1.975,1.755,2078.29
HY-LOT-04,W02,-12,-4,1,10,2.117,1.811,2090.59
HY-LOT-04,W02,-12,-3,1,10,1.794,1.774,2105.28
HY-LOT-04,W02,-12,-2,1,10,2.082,1.782,2078.85
HY-LOT-04,W02,-12,-1,1,10,2.132,1.787,2107.62
HY-LOT-04,W02,-12,0,1,10,2.357,1.803,2109.89
HY-LOT-04,W02,-12,1,1,10,1.725,1.822,2150.12
HY-LOT-04,W02,-12,2,1,10,2.001,1.82,2106.71
HY-LOT-04,W02,-12,3,1,10,2.21,1.759,2099.86
HY-LOT-04,W02,-12,4,1,10,2.04,1.792,2086.08
HY-LOT-04,W02,-12,5,1,10,2.183,1.755,2099.57
HY-LOT-04,W02,-12,6,1,10,1.794,1.778,2084.35
HY-LOT-04,W02,-12,7,1,10,2.279,1.816,2130
HY-LOT-04,W02,-12,8,1,10,1.845,1.786,2122.7
HY-LOT-04,W02,-12,9,1,10,1.968,1.78,2083.64
HY-LOT-04,W02,-12,10,1,10,2.065,1.809,2102.25
HY-LOT-04,W02,-12,11,1,10,1.803,1.803,2115.08
HY-LOT-04,W02,-12,12,1,10,1.975,1.792,2094.47
HY-LOT-04,W02,-12,13,1,10,1.829,1.817,2072.83
HY-LOT-04,W02,-12,14,1,10,1.992,1.79,2132.27
HY-LOT-04,W02,-12,15,1,10,2.015,1.783,2112.46
HY-LOT-04,W02,-11,-15,1,10,2.161,1.805,2139.69
HY-LOT-04,W02,-11,-14,1,10,2.208,1.837,2104.73
HY-LOT-04,W02,-11,-13,2,21,2.16,1.775,2093.4
HY-LOT-04,W02,-11,-12,1,10,2.354,1.824,2070.95
HY-LOT-04,W02,-11,-11,1,10,1.931,1.814,2097.58
HY-LOT-04,W02,-11,-10,1,10,2.111,1.822,2079.31
HY-LOT-04,W02,-11,-9,1,10,2.156,1.789,2106.58
HY-LOT-04,W02,-11,-8,1,10,2.165,1.801,2106.72
HY-LOT-04,W02,-11,-7,1,10,2.07,1.798,2094.81
HY-LOT-04,W02,-11,-6,1,10,2.19,1.797,2117.04
HY-LOT-04,W02,-11,-5,1,10,2.098,1.783,2078.93
HY-LOT-04,W02,-11,-4,1,10,1.963,1.813,2118.46
HY-LOT-04,W02,-11,-3,1,10,2.132,1.77,2109.16
HY-LOT-04,W02,-11,-2,1,10,2.013,1.788,2103.62
HY-LOT-04,W02,-11,-1,1,10,1.824,1.814,2102.93
HY-LOT-04,W02,-11,0,1,10,1.993,1.828,2107.1
HY-LOT-04,W02,-11,1,1,10,2.069,1.817,2082.61
HY-LOT-04,W02,-11,2,2,21,1.993,1.771,2076.55
HY-LOT-04,W02,-11,3,1,10,2.16,1.797,2113.71
HY-LOT-04,W02,-11,4,1,10,1.782,1.78,2078.24
HY-LOT-04,W02,-11,5,1,10,2.132,1.805,2121.26
HY-LOT-04,W02,-11,6,1,10,2.126,1.771,2117.9
HY-LOT-04,W02,-11,7,1,10,1.941,1.823,2088
HY-LOT-04,W02,-11,8,1,10,2.228,1.817,2118.89
HY-LOT-04,W02,-11,9,1,10,2.132,1.797,2135.19
HY-LOT-04,W02,-11,10,1,10,1.86,1.814,2092.75
HY-LOT-04,W02,-11,11,1,10,2.046,1.79,2097.96
HY-LOT-04,W02,-11,12,1,10,1.957,1.793,2077.93
HY-LOT-04,W02,-11,13,1,10,2.124,1.829,2091.66
HY-LOT-04,W02,-11,14,1,10,2.077,1.783,2099.7
HY-LOT-04,W02,-11,15,1,10,2.065,1.782,2097.69
HY-LOT-04,W02,-10,-16,1,10,2.204,1.785,2127.84
HY-LOT-04,W02,-10,-15,1,10,2.186,1.831,2096.8
HY-LOT-04,W02,-10,-14,1,10,2.05,1.779,2095.12
HY-LOT-04,W02,-10,-13,1,10,1.898,1.799,2084.41
HY-LOT-04,W02,-10,-12,1,10,1.709,1.828,2115.87
HY-LOT-04,W02,-10,-11,1,10,2.094,1.783,2111.85
HY-LOT-04,W02,-10,-10,1,10,2.272,1.818,2087.14
HY-LOT-04,W02,-10,-9,1,10,1.891,1.836,2133.73
HY-LOT-04,W02,-10,-8,1,10,2.361,1.766,2093.15
HY-LOT-04,W02,-10,-7,1,10,2.237,1.771,2074.56
HY-LOT-04,W02,-10,-6,1,10,1.984,1.815,2091.81
HY-LOT-04,W02,-10,-5,1,10,1.739,1.798,2123.34
HY-LOT-04,W02,-10,-4,1,10,1.968,1.826,2089.72
HY-LOT-04,W02,-10,-3,1,10,2.301,1.836,2102.49
HY-LOT-04,W02,-10,-2,1,10,2.201,1.816,2093.83
HY-LOT-04,W02,-10,-1,1,10,1.876,1.79,2096.75
HY-LOT-04,W02,-10,0,1,10,2.184,1.811,2098.21
HY-LOT-04,W02,-10,1,1,10,1.848,1.82,2131.43
HY-LOT-04,W02,-10,2,1,10,1.864,1.816,2090.46
HY-LOT-04,W02,-10,3,1,10,2.072,1.796,2104.18
HY-LOT-04,W02,-10,4,1,10,2.077,1.803,2083.11
HY-LOT-04,W02,-10,5,1,10,2.4,1.772,2104.15
HY-LOT-04,W02,-10,6,1,10,2.323,1.819,2116.64
HY-LOT-04,W02,-10,7,1,10,2.007,1.804,2095.64
HY-LOT-04,W02,-10,8,1,10,2.203,1.796,2126.36
HY-LOT-04,W02,-10,9,1,10,1.929,1.811,2116.24
HY-LOT-04,W02,-10,10,1,10,2.319,1.823,2064.14
HY-LOT-04,W02,-10,11,1,10,1.919,1.801,2093.45
HY-LOT-04,W02,-10,12,1,10,1.846,1.803,2112.38
HY-LOT-04,W02,-10,13,1,10,2.363,1.81,2112
HY-LOT-04,W02,-10,14,1,10,2.222,1.788,2080.6
HY-LOT-04,W02,-10,15,1,10,2.408,1.782,2115.05
HY-LOT-04,W02,-10,16,1,10,1.979,1.795,2100.79
HY-LOT-04,W02,-9,-17,1,10,1.695,1.818,2124.68
HY-LOT-04,W02,-9,-16,1,10,1.916,1.792,2081.01
HY-LOT-04,W02,-9,-15,1,10,2.13,1.779,2088.27
HY-LOT-04,W02,-9,-14,1,10,2.079,1.807,2068.83
HY-LOT-04,W02,-9,-13,1,10,1.931,1.809,2093.3
HY-LOT-04,W02,-9,-12,1,10,1.799,1.771,2075.75
HY-LOT-04,W02,-9,-11,1,10,2.141,1.789,2104.37
HY-LOT-04,W02,-9,-10,1,10,2.479,1.818,2104.7
HY-LOT-04,W02,-9,-9,1,10,2.148,1.824,2079.69
HY-LOT-04,W02,-9,-8,1,10,2.051,1.804,2095.27
HY-LOT-04,W02,-9,-7,1,10,2.011,1.803,2092.72
HY-LOT-04,W02,-9,-6,1,10,1.987,1.834,2098.27
HY-LOT-04,W02,-9,-5,1,10,2.113,1.786,2123.23
HY-LOT-04,W02,-9,-4,1,10,2.164,1.8,2110.42
HY-LOT-04,W02,-9,-3,1,10,1.801,1.777,2132.97
HY-LOT-04,W02,-9,-2,1,10,2.221,1.809,2083.75
HY-LOT-04,W02,-9,-1,1,10,2.507,1.793,2095.61
HY-LOT-04,W02,-9,0,1,10,2.219,1.777,2093.49
HY-LOT-04,W02,-9,1,1,10,1.828,1.771,2091.48
HY-LOT-04,W02,-9,2,1,10,2.064,1.806,2087.44
HY-LOT-04,W02,-9,3,1,10,1.905,1.802,2106.38
HY-LOT-04,W02,-9,4,1,10,2.098,1.766,2111.18
HY-LOT-04,W02,-9,5,1,10,2.132,1.802,2128.21
HY-LOT-04,W02,-9,6,1,10,2.086,1.81,2091.37
HY-LOT-04,W02,-9,7,1,10,1.876,1.8,2087.84
HY-LOT-04,W02,-9,8,1,10,2.332,1.777,2083.67
HY-LOT-04,W02,-9,9,1,10,1.917,1.796,2101.36
HY-LOT-04,W02,-9,10,1,10,2.159,1.821,2060.72
HY-LOT-04,W02,-9,11,1,10,2.344,1.792,2096.03
HY-LOT-04,W02,-9,12,1,10,1.946,1.796,2083.93
HY-LOT-04,W02,-9,13,1,10,1.796,1.795,2107.05
HY-LOT-04,W02,-9,14,1,10,2.035,1.776,2072.72
HY-LOT-04,W02,-9,15,1,10,2.14,1.79,2109.48
HY-LOT-04,W02,-9,16,1,10,2.396,1.799,2106.09
HY-LOT-04,W02,-9,17,1,10,1.859,1.786,2137.74
HY-LOT-04,W02,-8,-17,2,21,2.076,1.799,2082.04
HY-LOT-04,W02,-8,-16,1,10,1.722,1.802,2074.46
HY-LOT-04,W02,-8,-15,1,10,1.894,1.786,2099.74
HY-LOT-04,W02,-8,-14,1,10,2.372,1.803,2101.77
HY-LOT-04,W02,-8,-13,1,10,2.295,1.806,2108.64
HY-LOT-04,W02,-8,-12,1,10,2.166,1.807,2133.33
HY-LOT-04,W02,-8,-11,1,10,2.155,1.792,2079.62
HY-LOT-04,W02,-8,-10,1,10,1.989,1.764,2154.88
HY-LOT-04,W02,-8,-9,2,21,2.198,1.798,2119.33
HY-LOT-04,W02,-8,-8,1,10,1.556,1.791,2101.48
HY-LOT-04,W02,-8,-7,1,10,1.876,1.791,2131.52
HY-LOT-04,W02,-8,-6,1,10,2.057,1.809,2123.28
HY-LOT-04,W02,-8,-5,1,10,2.105,1.785,2117
HY-LOT-04,W02,-8,-4,1,10,2.106,1.798,2090.3
HY-LOT-04,W02,-8,-3,1,10,2.273,1.801,2062.74
HY-LOT-04,W02,-8,-2,1,10,1.846,1.772,2083.91
HY-LOT-04,W02,-8,-1,1,10,2.177,1.798,2074.7
HY-LOT-04,W02,-8,0,1,10,2.117,1.78,2089.09
HY-LOT-04,W02,-8,1,2,21,2.15,1.821,2088.72
HY-LOT-04,W02,-8,2,1,10,2.252,1.784,2114.92
HY-LOT-04,W02,-8,3,1,10,2.409,1.812,2074.16
HY-LOT-04,W02,-8,4,1,10,2.296,1.793,2123.84
HY-LOT-04,W02,-8,5,1,10,2.07,1.803,2098.27
HY-LOT-04,W02,-8,6,1,10,1.943,1.795,2096.33
HY-LOT-04,W02,-8,7,1,10,2.353,1.8,2087.14
HY-LOT-04,W02,-8,8,1,10,1.881,1.806,2119.82
HY-LOT-04,W02,-8,9,1,10,2.038,1.792,2077.4
HY-LOT-04,W02,-8,10,1,10,2.188,1.808,2088.1
HY-LOT-04,W02,-8,11,1,10,2.077,1.809,2114.8
HY-LOT-04,W02,-8,12,1,10,1.997,1.811,2085.82
HY-LOT-04,W02,-8,13,1,10,2.154,1.791,2078.3
HY-LOT-04,W02,-8,14,1,10,2.095,1.825,2106.51
HY-LOT-04,W02,-8,15,1,10,2.078,1.796,2096.16
HY-LOT-04,W02,-8,16,1,10,1.844,1.792,2114.89
HY-LOT-04,W02,-8,17,1,10,1.975,1.789,2110.24
HY-LOT-04,W02,-7,-17,1,10,1.947,1.806,2107.52
HY-LOT-04,W02,-7,-16,1,10,1.935,1.765,2113.95
HY-LOT-04,W02,-7,-15,1,10,1.966,1.816,2118.24
HY-LOT-04,W02,-7,-14,1,10,2.125,1.795,2104.92
HY-LOT-04,W02,-7,-13,1,10,1.847,1.809,2071.89
HY-LOT-04,W02,-7,-12,1,10,2.208,1.81,2098.86
HY-LOT-04,W02,-7,-11,1,10,2.089,1.8,2136.35
HY-LOT-04,W02,-7,-10,1,10,1.947,1.781,2112.96
HY-LOT-04,W02,-7,-9,1,10,2.249,1.756,2085.8
HY-LOT-04,W02,-7,-8,1,10,1.705,1.775,2108.8
HY-LOT-04,W02,-7,-7,1,10,1.844,1.811,2116.67
HY-LOT-04,W02,-7,-6,1,10,2.064,1.806,2070.36
HY-LOT-04,W02,-7,-5,1,10,2.111,1.78,2106.79
HY-LOT-04,W02,-7,-4,1,10,1.919,1.791,2079.79
HY-LOT-04,W02,-7,-3,1,10,1.997,1.78,2117.05
HY-LOT-04,W02,-7,-2,1,10,1.813,1.822,2071.55
HY-LOT-04,W02,-7,-1,1,10,2.151,1.785,2084.23
HY-LOT-04,W02,-7,0,1,10,1.621,1.785,2092.4
HY-LOT-04,W02,-7,1,1,10,1.843,1.785,2108.16
HY-LOT-04,W02,-7,2,1,10,2.027,1.795,2122.29
HY-LOT-04,W02,-7,3,1,10,1.996,1.791,2091.43
HY-LOT-04,W02,-7,4,1,10,1.972,1.791,2078.52
HY-LOT-04,W02,-7,5,1,10,2.161,1.825,2093.06
HY-LOT-04,W02,-7,6,1,10,1.853,1.794,2111.67
HY-LOT-04,W02,-7,7,1,10,2.006,1.794,2119.58
HY-LOT-04,W02,-7,8,1,10,1.869,1.775,2121.45
HY-LOT-04,W02,-7,9,1,10,2.236,1.801,2130.84
HY-LOT-04,W02,-7,10,1,10,2.208,1.812,2102.42
HY-LOT-04,W02,-7,11,1,10,1.935,1.801,2091.54
HY-LOT-04,W02,-7,12,1,10,2.308,1.813,2098.68
HY-LOT-04,W02,-7,13,1,10,1.749,1.799,2125.96
HY-LOT-04,W02,-7,14,1,10,2.481,1.774,2113.08
HY-LOT-04,W02,-7,15,1,10,2.177,1.82,2105.12
HY-LOT-04,W02,-7,16,1,10,1.752,1.796,2143.07
HY-LOT-04,W02,-7,17,1,10,2.554,1.805,2136.58
HY-LOT-04,W02,-6,-18,1,10,2.006,1.79,2124.15
HY-LOT-04,W02,-6,-17,1,10,1.909,1.787,2069.93
HY-LOT-04,W02,-6,-16,1,10,2.362,1.804,2113.45
HY-LOT-04,W02,-6,-15,1,10,2.207,1.776,2083.82
HY-LOT-04,W02,-6,-14,1,10,2.362,1.788,2087.65
HY-LOT-04,W02,-6,-13,1,10,1.927,1.768,2100.76
HY-LOT-04,W02,-6,-12,1,10,2.174,1.824,2111.24
HY-LOT-04,W02,-6,-11,1,10,1.973,1.793,2101.58
HY-LOT-04,W02,-6,-10,1,10,1.987,1.8,2121.18
HY-LOT-04,W02,-6,-9,1,10,2.026,1.811,2104.42
HY-LOT-04,W02,-6,-8,1,10,1.917,1.782,2098.85
HY-LOT-04,W02,-6,-7,1,10,2.157,1.799,2086.68
HY-LOT-04,W02,-6,-6,1,10,2.163,1.809,2093.12
HY-LOT-04,W02,-6,-5,1,10,2.372,1.784,2108.51
HY-LOT-04,W02,-6,-4,1,10,2.224,1.783,2110.56
HY-LOT-04,W02,-6,-3,1,10,2.11,1.785,2102.81
HY-LOT-04,W02,-6,-2,1,10,2.112,1.792,2068.38
HY-LOT-04,W02,-6,-1,1,10,1.945,1.773,2111.03
HY-LOT-04,W02,-6,0,1,10,2.003,1.809,2104.17
HY-LOT-04,W02,-6,1,1,10,1.725,1.793,2096.76
HY-LOT-04,W02,-6,2,1,10,2.248,1.808,2088.77
HY-LOT-04,W02,-6,3,1,10,2.011,1.804,2113.69
HY-LOT-04,W02,-6,4,2,21,1.936,1.812,2101.38
HY-LOT-04,W02,-6,5,1,10,2.06,1.823,2085.99
HY-LOT-04,W02,-6,6,1,10,2.443,1.805,2092.9
HY-LOT-04,W02,-6,7,1,10,2.113,1.795,2121.74
HY-LOT-04,W02,-6,8,1,10,2.153,1.811,2089.3
HY-LOT-04,W02,-6,9,1,10,1.964,1.813,2120.18
HY-LOT-04,W02,-6,10,1,10,2.358,1.792,2086.53
HY-LOT-04,W02,-6,11,1,10,1.856,1.779,2091.25
HY-LOT-04,W02,-6,12,1,10,2.253,1.811,2103.53
HY-LOT-04,W02,-6,13,1,10,1.718,1.795,2086.6
HY-LOT-04,W02,-6,14,1,10,2.094,1.793,2084.9
HY-LOT-04,W02,-6,15,1,10,2.013,1.795,2115.98
HY-LOT-04,W02,-6,16,1,10,2.356,1.777,2117.91
HY-LOT-04,W02,-6,17,1,10,2.038,1.801,2086.97
HY-LOT-04,W02,-6,18,1,10,1.911,1.815,2096.42
HY-LOT-04,W02,-5,-18,1,10,2.199,1.774,2087.5
HY-LOT-04,W02,-5,-17,1,10,1.79,1.78,2071.85
HY-LOT-04,W02,-5,-16,1,10,1.847,1.785,2102.14
HY-LOT-04,W02,-5,-15,1,10,2.343,1.796,2095.07
HY-LOT-04,W02,-5,-14,1,10,1.899,1.832,2081.98
HY-LOT-04,W02,-5,-13,1,10,1.959,1.815,2102.55
HY-LOT-04,W02,-5,-12,1,10,1.858,1.8,2136.19
HY-LOT-04,W02,-5,-11,1,10,2.189,1.787,2118.76
HY-LOT-04,W02,-5,-10,1,10,1.946,1.775,2110.56
HY-LOT-04,W02,-5,-9,1,10,1.959,1.835,2106.59
HY-LOT-04,W02,-5,-8,1,10,1.98,1.82,2070.47
HY-LOT-04,W02,-5,-7,1,10,2.412,1.806,2092.43
HY-LOT-04,W02,-5,-6,1,10,2.003,1.786,2087.77
HY-LOT-04,W02,-5,-5,1,10,2.004,1.787,2083.18
HY-LOT-04,W02,-5,-4,1,10,1.999,1.791,2139.96
HY-LOT-04,W02,-5,-3,1,10,1.907,1.814,2114.78
HY-LOT-04,W02,-5,-2,1,10,2.199,1.811,2096.81
HY-LOT-04,W02,-5,-1,1,10,2.085,1.809,2081.55
HY-LOT-04,W02,-5,0,1,10,1.858,1.804,2111.99
HY-LOT-04,W02,-5,1,1,10,2.092,1.83,2120.43
HY-LOT-04,W02,-5,2,1,10,1.979,1.81,2100.6
HY-LOT-04,W02,-5,3,1,10,2.09,1.8,2054.41
HY-LOT-04,W02,-5,4,1,10,1.691,1.788,2057.83
HY-LOT-04,W02,-5,5,1,10,1.934,1.824,2114.75
HY-LOT-04,W02,-5,6,1,10,2.13,1.808,2085.46
HY-LOT-04,W02,-5,7,1,10,1.973,1.817,2100.96
HY-LOT-04,W02,-5,8,1,10,2.025,1.786,2099.39
HY-LOT-04,W02,-5,9,1,10,1.982,1.797,2098.87
HY-LOT-04,W02,-5,10,1,10,2.103,1.782,2107.24
HY-LOT-04,W02,-5,11,1,10,2.017,1.786,2115.16
HY-LOT-04,W02,-5,12,1,10,2.337,1.8,2101.37
HY-LOT-04,W02,-5,13,1,10,1.788,1.777,2112.04
HY-LOT-04,W02,-5,14,1,10,1.983,1.812,2085.68
HY-LOT-04,W02,-5,15,1,10,2.033,1.808,2122.93
HY-LOT-04,W02,-5,16,1,10,2.289,1.795,2129.02
HY-LOT-04,W02,-5,17,1,10,1.989,1.78,2085.67
HY-LOT-04,W02,-5,18,1,10,2.203,1.792,2108.39
HY-LOT-04,W02,-4,-18,1,10,2.233,1.802,2117.04
HY-LOT-04,W02,-4,-17,1,10,2.137,1.814,2065.54
HY-LOT-04,W02,-4,-16,1,10,1.849,1.808,2091.34
HY-LOT-04,W02,-4,-15,1,10,2.266,1.801,2083.54
HY-LOT-04,W02,-4,-14,1,10,2.312,1.806,2123.23
HY-LOT-04,W02,-4,-13,1,10,2.033,1.793,2101.08
HY-LOT-04,W02,-4,-12,1,10,2.361,1.826,2103.19
HY-LOT-04,W02,-4,-11,1,10,1.593,1.783,2087.33
HY-LOT-04,W02,-4,-10,1,10,2.036,1.795,2102.84
HY-LOT-04,W02,-4,-9,1,10,2.038,1.793,2092.19
HY-LOT-04,W02,-4,-8,1,10,2.078,1.8,2113.65
HY-LOT-04,W02,-4,-7,1,10,1.911,1.821,2104.36
HY-LOT-04,W02,-4,-6,1,10,2.29,1.763,2125.88
HY-LOT-04,W02,-4,-5,1,10,2.122,1.792,2128.75
HY-LOT-04,W02,-4,-4,1,10,2.409,1.799,2122.12
HY-LOT-04,W02,-4,-3,1,10,1.976,1.8,2092.8
HY-LOT-04,W02,-4,-2,1,10,2.092,1.789,2106.47
HY-LOT-04,W02,-4,-1,1,10,2.012,1.775,2071.73
HY-LOT-04,W02,-4,0,1,10,1.599,1.806,2116.21
HY-LOT-04,W02,-4,1,1,10,1.872,1.823,2110.24
HY-LOT-04,W02,-4,2,1,10,1.948,1.817,2134.44
HY-LOT-04,W02,-4,3,1,10,1.921,1.804,2119.09
HY-LOT-04,W02,-4,4,1,10,1.871,1.8,2081.42
HY-LOT-04,W02,-4,5,1,10,1.842,1.784,2109.26
HY-LOT-04,W02,-4,6,1,10,2.23,1.787,2122.89
HY-LOT-04,W02,-4,7,1,10,1.773,1.765,2100.07
HY-LOT-04,W02,-4,8,1,10,1.8,1.799,2071.07
HY-LOT-04,W02,-4,9,1,10,1.843,1.797,2091.36
HY-LOT-04,W02,-4,10,1,10,2.074,1.808,2093.92
HY-LOT-04,W02,-4,11,1,10,2.12,1.782,2110.96
HY-LOT-04,W02,-4,12,1,10,2.062,1.814,2122.99
HY-LOT-04,W02,-4,13,1,10,1.954,1.816,2125.83
HY-LOT-04,W02,-4,14,1,10,1.936,1.767,2090.94
HY-LOT-04,W02,-4,15,1,10,2.429,1.824,2089.5
HY-LOT-04,W02,-4,16,1,10,1.998,1.788,2114.83
HY-LOT-04,W02,-4,17,1,10,1.982,1.827,2113.3
HY-LOT-04,W02,-4,18,1,10,2.097,1.807,2102.84
HY-LOT-04,W02,-3,-19,1,10,2.144,1.806,2096.94
HY-LOT-04,W02,-3,-18,1,10,2.26,1.818,2094.36
HY-LOT-04,W02,-3,-17,1,10,1.611,1.797,2074.32
HY-LOT-04,W02,-3,-16,1,10,1.913,1.823,2056.76
HY-LOT-04,W02,-3,-15,1,10,2.016,1.796,2102.66
HY-LOT-04,W02,-3,-14,1,10,2.062,1.769,2110.98
HY-LOT-04,W02,-3,-13,1,10,1.989,1.829,2106.6
HY-LOT-04,W02,-3,-12,1,10,1.88,1.792,2094.07
HY-LOT-04,W02,-3,-11,1,10,1.618,1.771,2085.47
HY-LOT-04,W02,-3,-10,1,10,2.32,1.808,2107.03
HY-LOT-04,W02,-3,-9,1,10,1.94,1.82,2086.28
HY-LOT-04,W02,-3,-8,1,10,1.756,1.839,2070.04
HY-LOT-04,W02,-3,-7,1,10,2.018,1.81,2110.14
HY-LOT-04,W02,-3,-6,1,10,2.133,1.806,2071.48
HY-LOT-04,W02,-3,-5,1,10,1.707,1.777,2085.78
HY-LOT-04,W02,-3,-4,1,10,2.204,1.796,2071.23
HY-LOT-04,W02,-3,-3,1,10,1.963,1.816,2118.87
HY-LOT-04,W02,-3,-2,1,10,2.387,1.811,2116.67
HY-LOT-04,W02,-3,-1,1,10,2.201,1.791,2096.18
HY-LOT-04,W02,-3,0,1,10,2.002,1.764,2066.96
HY-LOT-04,W02,-3,1,1,10,1.964,1.814,2091.43
HY-LOT-04,W02,-3,2,1,10,2.234,1.781,2105.91
HY-LOT-04,W02,-3,3,2,21,2.205,1.811,2098.39
HY-LOT-04,W02,-3,4,1,10,2.172,1.809,2064.7
HY-LOT-04,W02,-3,5,1,10,1.917,1.764,2085.96
HY-LOT-04,W02,-3,6,1,10,2.121,1.805,2099.46
HY-LOT-04,W02,-3,7,1,10,2.04,1.801,2096.93
HY-LOT-04,W02,-3,8,1,10,1.876,1.811,2115.94
HY-LOT-04,W02,-3,9,1,10,2.164,1.803,2092.22
HY-LOT-04,W02,-3,10,1,10,1.989,1.77,2102.18
HY-LOT-04,W02,-3,11,1,10,1.914,1.819,2085.19
HY-LOT-04,W02,-3,12,1,10,2.312,1.79,2083.13
HY-LOT-04,W02,-3,13,1,10,2.025,1.784,2093.44
HY-LOT-04,W02,-3,14,1,10,1.737,1.796,2075.4
HY-LOT-04,W02,-3,15,1,10,2.425,1.793,2099.47
HY-LOT-04,W02,-3,16,1,10,2.053,1.798,2094
HY-LOT-04,W02,-3,17,1,10,1.765,1.814,2120.07
HY-LOT-04,W02,-3,18,1,10,2.278,1.838,2122.3
HY-LOT-04,W02,-3,19,1,10,2.068,1.796,2114.38
HY-LOT-04,W02,-2,-19,1,10,2.112,1.787,2105.43
HY-LOT-04,W02,-2,-18,2,21,1.996,1.8,2099.52
HY-LOT-04,W02,-2,-17,1,10,1.824,1.783,2083.9
HY-LOT-04,W02,-2,-16,1,10,2.283,1.799,2126.63
HY-LOT-04,W02,-2,-15,1,10,2.05,1.764,2080.83
HY-LOT-04,W02,-2,-14,1,10,2.261,1.818,2095.64
HY-LOT-04,W02,-2,-13,1,10,1.924,1.822,2086
HY-LOT-04,W02,-2,-12,1,10,2.096,1.813,2086.28
HY-LOT-04,W02,-2,-11,1,10,1.838,1.791,2073.45
HY-LOT-04,W02,-2,-10,1,10,2.012,1.799,2103.96
HY-LOT-04,W02,-2,-9,1,10,1.918,1.824,2093.63
HY-LOT-04,W02,-2,-8,1,10,2.106,1.783,2075.62
HY-LOT-04,W02,-2,-7,1,10,2.196,1.773,2064.12
HY-LOT-04,W02,-2,-6,1,10,1.873,1.8,2081.02
HY-LOT-04,W02,-2,-5,1,10,2.219,1.793,2069.36
HY-LOT-04,W02,-2,-4,1,10,2.08,1.794,2082.91
HY-LOT-04,W02,-2,-3,1,10,2.019,1.826,2114.86
HY-LOT-04,W02,-2,-2,1,10,1.972,1.811,2076.26
HY-LOT-04,W02,-2,-1,1,10,2.007,1.797,2076.25
HY-LOT-04,W02,-2,0,1,10,1.833,1.788,2071.47
HY-LOT-04,W02,-2,1,1,10,2.551,1.795,2095.34
HY-LOT-04,W02,-2,2,1,10,1.807,1.791,2090.12
HY-LOT-04,W02,-2,3,1,10,2.053,1.795,2094.17
HY-LOT-04,W02,-2,4,1,10,1.782,1.793,2106.94
HY-LOT-04,W02,-2,5,1,10,2.027,1.797,2119.58
HY-LOT-04,W02,-2,6,1,10,2.235,1.8,2084.55
HY-LOT-04,W02,-2,7,1,10,2.013,1.806,2095.21
HY-LOT-04,W02,-2,8,1,10,2.172,1.833,2078.28
HY-LOT-04,W02,-2,9,1,10,2.012,1.803,2111.17
HY-LOT-04,W02,-2,10,1,10,2.147,1.818,2098.63
HY-LOT-04,W02,-2,11,1,10,1.937,1.813,2076.01
HY-LOT-04,W02,-2,12,1,10,2.008,1.793,2085.03
HY-LOT-04,W02,-2,13,1,10,2.018,1.811,2082.6
HY-LOT-04,W02,-2,14,1,10,2.183,1.771,2121.13
HY-LOT-04,W02,-2,15,1,10,1.978,1.778,2084.39
HY-LOT-04,W02,-2,16,1,10,1.749,1.811,2098.66
HY-LOT-04,W02,-2,17,1,10,2.332,1.798,2152.14
HY-LOT-04,W02,-2,18,1,10,1.972,1.795,2084.8
HY-LOT-04,W02,-2,19,1,10,2.092,1.801,2100.2
HY-LOT-04,W02,-1,-19,1,10,1.75,1.791,2062.83
HY-LOT-04,W02,-1,-18,1,10,1.904,1.782,2084.27
HY-LOT-04,W02,-1,-17,1,10,2.019,1.773,2094.8
HY-LOT-04,W02,-1,-16,1,10,1.994,1.839,2085.19
HY-LOT-04,W02,-1,-15,1,10,2.007,1.785,2093.26
HY-LOT-04,W02,-1,-14,1,10,1.966,1.8,2101.91
HY-LOT-04,W02,-1,-13,1,10,2.028,1.822,2081.18
HY-LOT-04,W02,-1,-12,1,10,2.073,1.809,2055.1
HY-LOT-04,W02,-1,-11,1,10,1.951,1.816,2098.9
HY-LOT-04,W02,-1,-10,1,10,1.937,1.793,2082.4
HY-LOT-04,W02,-1,-9,1,10,1.887,1.813,2086.81
HY-LOT-04,W02,-1,-8,1,10,2.127,1.778,2115.86
HY-LOT-04,W02,-1,-7,2,21,2.177,1.822,2102.49
HY-LOT-04,W02,-1,-6,1,10,1.902,1.806,2087.6
HY-LOT-04,W02,-1,-5,1,10,2.293,1.807,2082.88
HY-LOT-04,W02,-1,-4,1,10,1.665,1.81,2117.07
HY-LOT-04,W02,-1,-3,1,10,2.039,1.794,2095.08
HY-LOT-04,W02,-1,-2,1,10,2.357,1.795,2092.26
HY-LOT-04,W02,-1,-1,1,10,2.106,1.826,2096.09
HY-LOT-04,W02,-1,0,1,10,1.956,1.816,2094.81
HY-LOT-04,W02,-1,1,1,10,1.822,1.8,2110.2
HY-LOT-04,W02,-1,2,1,10,2.096,1.786,2104.96
HY-LOT-04,W02,-1,3,1,10,2.023,1.807,2092.92
HY-LOT-04,W02,-1,4,1,10,2.068,1.79,2116.62
HY-LOT-04,W02,-1,5,1,10,1.772,1.787,2123.02
HY-LOT-04,W02,-1,6,1,10,1.99,1.792,2112.16
HY-LOT-04,W02,-1,7,1,10,1.938,1.793,2074.53
HY-LOT-04,W02,-1,8,1,10,2.562,1.785,2071.63
HY-LOT-04,W02,-1,9,1,10,2.312,1.813,2053.61
HY-LOT-04,W02,-1,10,1,10,2.158,1.802,2110.9
HY-LOT-04,W02,-1,11,1,10,2.081,1.768,2085.91
HY-LOT-04,W02,-1,12,1,10,1.933,1.764,2101.93
HY-LOT-04,W02,-1,13,1,10,1.936,1.771,2110.32
HY-LOT-04,W02,-1,14,1,10,1.924,1.8,2097.92
HY-LOT-04,W02,-1,15,1,10,1.861,1.816,2104.5
HY-LOT-04,W02,-1,16,1,10,1.705,1.772,2106.86
HY-LOT-04,W02,-1,17,1,10,2.398,1.813,2097.28
HY-LOT-04,W02,-1,18,1,10,2.22,1.777,2108.17
HY-LOT-04,W02,-1,19,1,10,2.232,1.81,2088.39
HY-LOT-04,W02,0,-19,1,10,2.051,1.824,2096.77
HY-LOT-04,W02,0,-18,1,10,2.087,1.785,2109.94
HY-LOT-04,W02,0,-17,1,10,2.351,1.825,2104.16
HY-LOT-04,W02,0,-16,1,10,1.912,1.798,2114.55
HY-LOT-04,W02,0,-15,1,10,1.848,1.814,2096.71
HY-LOT-04,W02,0,-14,1,10,1.786,1.805,2052.6
HY-LOT-04,W02,0,-13,1,10,2.384,1.796,2112.89
HY-LOT-04,W02,0,-12,1,10,2.225,1.771,2076.88
HY-LOT-04,W02,0,-11,1,10,2.348,1.826,2106.94
HY-LOT-04,W02,0,-10,1,10,1.809,1.832,2098.43
HY-LOT-04,W02,0,-9,1,10,2.142,1.787,2073.55
HY-LOT-04,W02,0,-8,1,10,2.283,1.842,2115.89
HY-LOT-04,W02,0,-7,1,10,1.89,1.773,2122.13
HY-LOT-04,W02,0,-6,1,10,2.53,1.828,2090.13
HY-LOT-04,W02,0,-5,1,10,1.752,1.822,2118.42
HY-LOT-04,W02,0,-4,1,10,1.669,1.798,2091.48
HY-LOT-04,W02,0,-3,1,10,1.849,1.791,2066.48
HY-LOT-04,W02,0,-2,1,10,2.136,1.799,2098.58
HY-LOT-04,W02,0,-1,1,10,2.037,1.812,2111.25
HY-LOT-04,W02,0,0,1,10,2.007,1.78,2085.79
HY-LOT-04,W02,0,1,1,10,2.054,1.806,2078.47
HY-LOT-04,W02,0,2,1,10,2.197,1.8,2096.63
HY-LOT-04,W02,0,3,1,10,1.925,1.828,2116.58
HY-LOT-04,W02,0,4,1,10,2.035,1.776,2103.74
HY-LOT-04,W02,0,5,1,10,1.984,1.818,2077.09
HY-LOT-04,W02,0,6,1,10,2.286,1.793,2109.88
HY-LOT-04,W02,0,7,1,10,2.018,1.831,2093.24
HY-LOT-04,W02,0,8,1,10,1.91,1.815,2118.31
HY-LOT-04,W02,0,9,1,10,1.826,1.788,2126.85
HY-LOT-04,W02,0,10,1,10,1.653,1.793,2115.52
HY-LOT-04,W02,0,11,1,10,2.491,1.795,2109.06
HY-LOT-04,W02,0,12,1,10,2.301,1.809,2111.18
HY-LOT-04,W02,0,13,1,10,1.5,1.783,2121.84
HY-LOT-04,W02,0,14,1,10,2.102,1.798,2106.23
HY-LOT-04,W02,0,15,1,10,1.708,1.802,2088.08
HY-LOT-04,W02,0,16,1,10,2.011,1.811,2087.44
HY-LOT-04,W02,0,17,1,10,2.117,1.797,2066.92
HY-LOT-04,W02,0,18,1,10,2.234,1.767,2093.4
HY-LOT-04,W02,0,19,1,10,2.145,1.8,2115.43
HY-LOT-04,W02,1,-19,1,10,1.865,1.806,2115.41
HY-LOT-04,W02,1,-18,1,10,2.013,1.815,2140.04
HY-LOT-04,W02,1,-17,1,10,1.805,1.784,2105.22
HY-LOT-04,W02,1,-16,1,10,2.37,1.822,2090.23
HY-LOT-04,W02,1,-15,1,10,2.161,1.818,2081.87
HY-LOT-04,W02,1,-14,1,10,1.888,1.799,2058.97
HY-LOT-04,W02,1,-13,1,10,1.78,1.833,2089.91
HY-LOT-04,W02,1,-12,1,10,1.862,1.79,2099.52
HY-LOT-04,W02,1,-11,1,10,2.265,1.83,2099.03
HY-LOT-04,W02,1,-10,1,10,2.232,1.811,2118.49
HY-LOT-04,W02,1,-9,1,10,1.744,1.811,2106.02
HY-LOT-04,W02,1,-8,1,10,1.488,1.744,2124.05
HY-LOT-04,W02,1,-7,1,10,1.681,1.791,2097.58
HY-LOT-04,W02,1,-6,1,10,1.86,1.802,2118.92
HY-LOT-04,W02,1,-5,1,10,1.746,1.828,2091.28
HY-LOT-04,W02,1,-4,1,10,2.318,1.77,2092.22
HY-LOT-04,W02,1,-3,1,10,2.058,1.8,2083.33
HY-LOT-04,W02,1,-2,1,10,2.287,1.809,2105.72
HY-LOT-04,W02,1,-1,1,10,2.34,1.812,2101.82
HY-LOT-04,W02,1,0,1,10,2.046,1.82,2075.54
HY-LOT-04,W02,1,1,1,10,2.081,1.794,2076.1
HY-LOT-04,W02,1,2,1,10,1.807,1.806,2082.5
HY-LOT-04,W02,1,3,1,10,2.056,1.804,2094.14
HY-LOT-04,W02,1,4,1,10,1.932,1.813,2105.55
HY-LOT-04,W02,1,5,1,10,1.74,1.756,2108.14
HY-LOT-04,W02,1,6,1,10,1.923,1.779,2109.49
HY-LOT-04,W02,1,7,1,10,1.909,1.811,2088.27
HY-LOT-04,W02,1,8,1,10,1.944,1.765,2074.05
HY-LOT-04,W02,1,9,1,10,2.172,1.794,2107.49
HY-LOT-04,W02,1,10,1,10,1.963,1.793,2120.42
HY-LOT-04,W02,1,11,1,10,1.868,1.796,2076.26
HY-LOT-04,W02,1,12,1,10,2.277,1.8,2051.76
HY-LOT-04,W02,1,13,1,10,2.082,1.805,2049.85
HY-LOT-04,W02,1,14,1,10,1.637,1.78,2098.44
HY-LOT-04,W02,1,15,1,10,1.891,1.805,2095.22
HY-LOT-04,W02,1,16,2,21,2.06,1.79,2105.47
HY-LOT-04,W02,1,17,1,10,1.909,1.796,2090.74
HY-LOT-04,W02,1,18,1,10,2.015,1.802,2117.51
HY-LOT-04,W02,1,19,1,10,2.108,1.76,2128.84
HY-LOT-04,W02,2,-19,1,10,2.121,1.789,2099.49
HY-LOT-04,W02,2,-18,1,10,1.965,1.786,2089.91
HY-LOT-04,W02,2,-17,1,10,2.172,1.809,2112.57
HY-LOT-04,W02,2,-16,1,10,2.017,1.762,2103.23
HY-LOT-04,W02,2,-15,1,10,1.727,1.783,2103.8
HY-LOT-04,W02,2,-14,1,10,2.298,1.808,2089.38
HY-LOT-04,W02,2,-13,1,10,2.192,1.812,2076.46
HY-LOT-04,W02,2,-12,1,10,2.135,1.801,2096.11
HY-LOT-04,W02,2,-11,1,10,2.226,1.813,2105.38
HY-LOT-04,W02,2,-10,1,10,1.997,1.807,2117.54
HY-LOT-04,W02,2,-9,1,10,2.333,1.799,2084.62
HY-LOT-04,W02,2,-8,1,10,2.081,1.786,2080.03
HY-LOT-04,W02,2,-7,1,10,1.726,1.832,2092.58
HY-LOT-04,W02,2,-6,1,10,2.002,1.803,2085.79
HY-LOT-04,W02,2,-5,1,10,1.963,1.805,2116.51
HY-LOT-04,W02,2,-4,1,10,2.258,1.826,2080.54
HY-LOT-04,W02,2,-3,1,10,2.178,1.837,2113.71
HY-LOT-04,W02,2,-2,1,10,2.367,1.782,2109.02
HY-LOT-04,W02,2,-1,1,10,1.999,1.82,2087.51
HY-LOT-04,W02,2,0,1,10,1.754,1.768,2100.04
HY-LOT-04,W02,2,1,1,10,1.96,1.812,2081.27
HY-LOT-04,W02,2,2,1,10,2.225,1.81,2079.26
HY-LOT-04,W02,2,3,1,10,1.926,1.809,2074.13
HY-LOT-04,W02,2,4,1,10,2.184,1.807,2091.75
HY-LOT-04,W02,2,5,1,10,2.081,1.806,2101.41
HY-LOT-04,W02,2,6,1,10,2.148,1.776,2096.03
HY-LOT-04,W02,2,7,1,10,2.139,1.819,2107.79
HY-LOT-04,W02,2,8,1,10,1.979,1.806,2097.91
HY-LOT-04,W02,2,9,1,10,2.462,1.805,2098.43
HY-LOT-04,W02,2,10,1,10,2.177,1.817,2103.87
HY-LOT-04,W02,2,11,1,10,2.398,1.816,2112.37
HY-LOT-04,W02,2,12,1,10,1.646,1.765,2081.97
HY-LOT-04,W02,2,13,1,10,2.215,1.789,2072.4
HY-LOT-04,W02,2,14,1,10,2.256,1.803,2106.76
HY-LOT-04,W02,2,15,1,10,2.536,1.791,2117.09
HY-LOT-04,W02,2,16,1,10,1.979,1.773,2112.46
HY-LOT-04,W02,2,17,1,10,1.676,1.796,2076.81
HY-LOT-04,W02,2,18,1,10,1.801,1.807,2112.92
HY-LOT-04,W02,2,19,1,10,1.816,1.829,2116.77
HY-LOT-04,W02,3,-19,1,10,1.772,1.803,2095.17
HY-LOT-04,W02,3,-18,1,10,1.959,1.79,2086.53
HY-LOT-04,W02,3,-17,1,10,1.953,1.809,2112.53
HY-LOT-04,W02,3,-16,1,10,1.875,1.811,2100.77
HY-LOT-04,W02,3,-15,1,10,2.227,1.789,2080.89
HY-LOT-04,W02,3,-14,1,10,1.904,1.797,2117.66
HY-LOT-04,W02,3,-13,1,10,2.035,1.819,2113.25
HY-LOT-04,W02,3,-12,1,10,2.125,1.829,2095.62
HY-LOT-04,W02,3,-11,2,21,1.84,1.856,2088.89
HY-LOT-04,W02,3,-10,1,10,1.972,1.797,2093.65
HY-LOT-04,W02,3,-9,1,10,2.057,1.824,2105.04
HY-LOT-04,W02,3,-8,1,10,1.94,1.794,2080.24
HY-LOT-04,W02,3,-7,1,10,2.28,1.788,2097.22
HY-LOT-04,W02,3,-6,1,10,2.124,1.815,2099.32
HY-LOT-04,W02,3,-5,1,10,1.674,1.827,2089.01
HY-LOT-04,W02,3,-4,1,10,2.28,1.808,2102.26
HY-LOT-04,W02,3,-3,1,10,2.545,1.839,2074.65
HY-LOT-04,W02,3,-2,1,10,2.352,1.847,2081
HY-LOT-04,W02,3,-1,1,10,2.107,1.825,2117.42
HY-LOT-04,W02,3,0,1,10,2.115,1.789,2074.47
HY-LOT-04,W02,3,1,1,10,2.452,1.78,2135.61
HY-LOT-04,W02,3,2,1,10,2.009,1.832,2099.6
HY-LOT-04,W02,3,3,1,10,1.931,1.793,2114.4
HY-LOT-04,W02,3,4,1,10,2.279,1.769,2123.95
HY-LOT-04,W02,3,5,1,10,2.205,1.785,2094.97
HY-LOT-04,W02,3,6,1,10,1.963,1.811,2098.46
HY-LOT-04,W02,3,7,1,10,1.843,1.8,2076.33
HY-LOT-04,W02,3,8,1,10,2.147,1.808,2082.51
HY-LOT-04,W02,3,9,1,10,1.628,1.795,2130.48
HY-LOT-04,W02,3,10,1,10,2.122,1.856,2097.11
HY-LOT-04,W02,3,11,1,10,2.011,1.782,2081.92
HY-LOT-04,W02,3,12,1,10,2.186,1.814,2090.11
HY-LOT-04,W02,3,13,1,10,1.788,1.804,2078.51
HY-LOT-04,W02,3,14,1,10,2.254,1.799,2118.91
HY-LOT-04,W02,3,15,1,10,2.046,1.835,2085.59
HY-LOT-04,W02,3,16,1,10,2.379,1.783,2120.04
HY-LOT-04,W02,3,17,1,10,1.767,1.811,2124.87
HY-LOT-04,W02,3,18,1,10,2.095,1.791,2105.75
HY-LOT-04,W02,3,19,1,10,2.052,1.78,2080.9
HY-LOT-04,W02,4,-18,1,10,2.146,1.833,2099.16
HY-LOT-04,W02,4,-17,1,10,2.054,1.819,2104.44
HY-LOT-04,W02,4,-16,1,10,1.684,1.785,2102.69
HY-LOT-04,W02,4,-15,1,10,1.86,1.777,2098.37
HY-LOT-04,W02,4,-14,1,10,2.064,1.807,2100.67
HY-LOT-04,W02,4,-13,1,10,2.099,1.784,2060.78
HY-LOT-04,W02,4,-12,1,10,2.051,1.826,2114.34
HY-LOT-04,W02,4,-11,1,10,2.181,1.844,2072.35
HY-LOT-04,W02,4,-10,1,10,2.144,1.785,2121.09
HY-LOT-04,W02,4,-9,1,10,2.402,1.803,2100.14
HY-LOT-04,W02,4,-8,1,10,1.857,1.81,2105.49
HY-LOT-04,W02,4,-7,1,10,2.263,1.796,2108.7
HY-LOT-04,W02,4,-6,1,10,2.228,1.794,2109.36
HY-LOT-04,W02,4,-5,1,10,1.813,1.791,2115.46
HY-LOT-04,W02,4,-4,1,10,1.885,1.806,2117.29
HY-LOT-04,W02,4,-3,1,10,1.978,1.781,2103.67
HY-LOT-04,W02,4,-2,1,10,2.137,1.818,2108.84
HY-LOT-04,W02,4,-1,1,10,2.199,1.787,2096.33
HY-LOT-04,W02,4,0,1,10,2.022,1.786,2120.43
HY-LOT-04,W02,4,1,1,10,1.816,1.799,2101.83
HY-LOT-04,W02,4,2,1,10,1.959,1.821,2071.19
HY-LOT-04,W02,4,3,1,10,1.826,1.81,2063.45
HY-LOT-04,W02,4,4,1,10,1.722,1.831,2094.19
HY-LOT-04,W02,4,5,1,10,2.397,1.797,2123.92
HY-LOT-04,W02,4,6,1,10,2.052,1.792,2098.94
HY-LOT-04,W02,4,7,1,10,2.028,1.778,2113.13
HY-LOT-04,W02,4,8,1,10,2.378,1.786,2127.94
HY-LOT-04,W02,4,9,1,10,2.173,1.817,2092.81
HY-LOT-04,W02,4,10,1,10,2.123,1.807,2109.44
HY-LOT-04,W02,4,11,1,10,2.046,1.778,2108.19
HY-LOT-04,W02,4,12,1,10,2.299,1.829,2116.13
HY-LOT-04,W02,4,13,1,10,1.926,1.785,2079.17
HY-LOT-04,W02,4,14,1,10,2.101,1.78,2087.33
HY-LOT-04,W02,4,15,1,10,1.913,1.785,2098.33
HY-LOT-04,W02,4,16,1,10,1.773,1.841,2081.89
HY-LOT-04,W02,4,17,1,10,2.258,1.815,2101.03
HY-LOT-04,W02,4,18,1,10,2.034,1.765,2077.02
HY-LOT-04,W02,5,-18,1,10,1.868,1.786,2128.96
HY-LOT-04,W02,5,-17,1,10,1.846,1.803,2104.06
HY-LOT-04,W02,5,-16,1,10,2.232,1.789,2084.88
HY-LOT-04,W02,5,-15,1,10,2.089,1.782,2107.38
HY-LOT-04,W02,5,-14,1,10,1.794,1.808,2091.06
HY-LOT-04,W02,5,-13,1,10,1.924,1.776,2088.57
HY-LOT-04,W02,5,-12,1,10,2.174,1.771,2085.71
HY-LOT-04,W02,5,-11,1,10,2.105,1.809,2092.82
HY-LOT-04,W02,5,-10,1,10,1.7,1.821,2108.28
HY-LOT-04,W02,5,-9,1,10,2.12,1.81,2092.03
HY-LOT-04,W02,5,-8,1,10,1.815,1.837,2102.14
HY-LOT-04,W02,5,-7,1,10,1.844,1.783,2107.34
HY-LOT-04,W02,5,-6,1,10,2.001,1.823,2088.9
HY-LOT-04,W02,5,-5,1,10,2.117,1.83,2091.95
HY-LOT-04,W02,5,-4,1,10,2.176,1.785,2053.78
HY-LOT-04,W02,5,-3,1,10,2.081,1.758,2108.16
HY-LOT-04,W02,5,-2,1,10,1.98,1.801,2079.23
HY-LOT-04,W02,5,-1,1,10,2.313,1.781,2122.24
HY-LOT-04,W02,5,0,1,10,2.012,1.801,2126.48
HY-LOT-04,W02,5,1,1,10,2.15,1.796,2108.21
HY-LOT-04,W02,5,2,1,10,2.03,1.794,2107.81
HY-LOT-04,W02,5,3,1,10,2.076,1.781,2125.42
HY-LOT-04,W02,5,4,1,10,2.088,1.799,2125.97
HY-LOT-04,W02,5,5,1,10,2.012,1.798,2138.96
HY-LOT-04,W02,5,6,1,10,2.061,1.787,2089.66
HY-LOT-04,W02,5,7,1,10,1.809,1.795,2102.47
HY-LOT-04,W02,5,8,1,10,2.116,1.783,2100.85
HY-LOT-04,W02,5,9,1,10,1.756,1.776,2101.33
HY-LOT-04,W02,5,10,1,10,1.871,1.82,2078.91
HY-LOT-04,W02,5,11,1,10,2.297,1.798,2094.26
HY-LOT-04,W02,5,12,1,10,2.359,1.804,2073.37
HY-LOT-04,W02,5,13,1,10,1.824,1.767,2090.97
HY-LOT-04,W02,5,14,1,10,1.879,1.811,2070.83
HY-LOT-04,W02,5,15,1,10,1.959,1.8,2123.07
HY-LOT-04,W02,5,16,1,10,1.871,1.828,2060.26
HY-LOT-04,W02,5,17,1,10,2.124,1.834,2078.76
HY-LOT-04,W02,5,18,1,10,2.341,1.799,2097.61
HY-LOT-04,W02,6,-18,1,10,2.266,1.77,2101.11
HY-LOT-04,W02,6,-17,1,10,2.134,1.786,2095.45
HY-LOT-04,W02,6,-16,1,10,2.203,1.811,2099.34
HY-LOT-04,W02,6,-15,1,10,2.034,1.783,2065.48
HY-LOT-04,W02,6,-14,1,10,2.006,1.772,2077.76
HY-LOT-04,W02,6,-13,1,10,1.707,1.807,2098.4
HY-LOT-04,W02,6,-12,1,10,2.123,1.808,2108.46
HY-LOT-04,W02,6,-11,1,10,1.801,1.802,2099
HY-LOT-04,W02,6,-10,1,10,2.313,1.796,2123.07
HY-LOT-04,W02,6,-9,1,10,2.03,1.8,2120.03
HY-LOT-04,W02,6,-8,1,10,2.105,1.797,2103.76
HY-LOT-04,W02,6,-7,1,10,2.112,1.802,2118.27
HY-LOT-04,W02,6,-6,1,10,2.22,1.762,2079.09
HY-LOT-04,W02,6,-5,1,10,2.331,1.819,2058.52
HY-LOT-04,W02,6,-4,1,10,2.052,1.796,2087.56
HY-LOT-04,W02,6,-3,1,10,1.706,1.798,2098.77
HY-LOT-04,W02,6,-2,1,10,2.168,1.793,2074.84
HY-LOT-04,W02,6,-1,1,10,2.341,1.775,2061.27
HY-LOT-04,W02,6,0,1,10,2.554,1.836,2111.05
HY-LOT-04,W02,6,1,1,10,1.958,1.818,2074.24
HY-LOT-04,W02,6,2,1,10,2.273,1.825,2097.92
HY-LOT-04,W02,6,3,1,10,2.121,1.788,2060.63
HY-LOT-04,W02,6,4,1,10,1.995,1.79,2092.79
HY-LOT-04,W02,6,5,1,10,2.616,1.799,2092.22
HY-LOT-04,W02,6,6,1,10,2.298,1.803,2090.41
HY-LOT-04,W02,6,7,1,10,2.325,1.769,2104.6
HY-LOT-04,W02,6,8,1,10,1.974,1.784,2107.51
HY-LOT-04,W02,6,9,1,10,2.077,1.787,2084.44
HY-LOT-04,W02,6,10,1,10,2.179,1.809,2101.23
HY-LOT-04,W02,6,11,1,10,1.693,1.828,2122.43
HY-LOT-04,W02,6,12,1,10,2.09,1.777,2061.3
HY-LOT-04,W02,6,13,1,10,1.814,1.772,2103.51
HY-LOT-04,W02,6,14,1,10,1.801,1.802,2119.12
HY-LOT-04,W02,6,15,1,10,2.137,1.768,2099.37
HY-LOT-04,W02,6,16,1,10,2.087,1.788,2135.52
HY-LOT-04,W02,6,17,1,10,2.017,1.82,2081.48
HY-LOT-04,W02,6,18,1,10,1.888,1.804,2102.32
HY-LOT-04,W02,7,-17,1,10,2.105,1.8,2129.57
HY-LOT-04,W02,7,-16,1,10,1.98,1.796,2130.6
HY-LOT-04,W02,7,-15,1,10,2.216,1.839,2115.5
HY-LOT-04,W02,7,-14,1,10,1.985,1.795,2059.94
HY-LOT-04,W02,7,-13,1,10,1.827,1.817,2077.09
HY-LOT-04,W02,7,-12,1,10,2.093,1.814,2081.53
HY-LOT-04,W02,7,-11,1,10,2.079,1.795,2116.03
HY-LOT-04,W02,7,-10,1,10,2.274,1.786,2079.5
HY-LOT-04,W02,7,-9,1,10,2.116,1.781,2100.75
HY-LOT-04,W02,7,-8,1,10,1.647,1.794,2108.65
HY-LOT-04,W02,7,-7,1,10,1.997,1.786,2079.13
HY-LOT-04,W02,7,-6,1,10,2.135,1.79,2105.85
HY-LOT-04,W02,7,-5,1,10,2.169,1.815,2079.7
HY-LOT-04,W02,7,-4,1,10,1.853,1.778,2080.56
HY-LOT-04,W02,7,-3,1,10,1.824,1.796,2116.46
HY-LOT-04,W02,7,-2,1,10,1.872,1.813,2112.29
HY-LOT-04,W02,7,-1,1,10,1.778,1.768,2098.89
HY-LOT-04,W02,7,0,1,10,2.095,1.789,2120.74
HY-LOT-04,W02,7,1,1,10,1.939,1.773,2128.28
HY-LOT-04,W02,7,2,1,10,2.287,1.778,2095.38
HY-LOT-04,W02,7,3,1,10,2.199,1.83,2135.75
HY-LOT-04,W02,7,4,1,10,2.161,1.798,2071.61
HY-LOT-04,W02,7,5,1,10,2.242,1.794,2127.71
HY-LOT-04,W02,7,6,1,10,2.503,1.829,2092.09
HY-LOT-04,W02,7,7,1,10,1.896,1.795,2091.62
HY-LOT-04,W02,7,8,1,10,1.748,1.831,2104.62
HY-LOT-04,W02,7,9,1,10,1.869,1.799,2113.68
HY-LOT-04,W02,7,10,1,10,1.844,1.779,2111.66
HY-LOT-04,W02,7,11,1,10,2.116,1.789,2098.96
HY-LOT-04,W02,7,12,1,10,1.926,1.808,2115.8
HY-LOT-04,W02,7,13,1,10,1.851,1.81,2093.82
HY-LOT-04,W02,7,14,1,10,1.963,1.777,2116.38
HY-LOT-04,W02,7,15,1,10,2.133,1.773,2114.67
HY-LOT-04,W02,7,16,1,10,1.842,1.798,2146.83
HY-LOT-04,W02,7,17,1,10,1.759,1.808,2119.04
HY-LOT-04,W02,8,-17,1,10,2.312,1.841,2107.31
HY-LOT-04,W02,8,-16,1,10,1.951,1.806,2100.23
HY-LOT-04,W02,8,-15,1,10,2.038,1.775,2093.84
HY-LOT-04,W02,8,-14,1,10,2.077,1.801,2099.48
HY-LOT-04,W02,8,-13,1,10,2.144,1.777,2106.99
HY-LOT-04,W02,8,-12,1,10,2.319,1.792,2094.09
HY-LOT-04,W02,8,-11,1,10,2.246,1.777,2098.29
HY-LOT-04,W02,8,-10,1,10,1.995,1.773,2089.59
HY-LOT-04,W02,8,-9,1,10,2.058,1.828,2086.54
HY-LOT-04,W02,8,-8,1,10,2.086,1.782,2097.85
HY-LOT-04,W02,8,-7,1,10,2.214,1.8,2137.32
HY-LOT-04,W02,8,-6,1,10,2.05,1.809,2086.93
HY-LOT-04,W02,8,-5,1,10,1.958,1.807,2088.28
HY-LOT-04,W02,8,-4,1,10,1.979,1.809,2112.5
HY-LOT-04,W02,8,-3,1,10,1.697,1.788,2085.35
HY-LOT-04,W02,8,-2,1,10,2.076,1.788,2118.41
HY-LOT-04,W02,8,-1,1,10,1.968,1.797,2078.06
HY-LOT-04,W02,8,0,2,21,2.129,1.815,2125.54
HY-LOT-04,W02,8,1,1,10,2.241,1.803,2115.56
HY-LOT-04,W02,8,2,1,10,2.101,1.769,2070.2
HY-LOT-04,W02,8,3,1,10,2.284,1.825,2115.67
HY-LOT-04,W02,8,4,1,10,2.203,1.805,2088.66
HY-LOT-04,W02,8,5,1,10,1.997,1.81,2112.18
HY-LOT-04,W02,8,6,1,10,2.066,1.786,2098.93
HY-LOT-04,W02,8,7,1,10,2.104,1.855,2085.4
HY-LOT-04,W02,8,8,1,10,1.79,1.821,2139.33
HY-LOT-04,W02,8,9,1,10,1.699,1.815,2085.68
HY-LOT-04,W02,8,10,1,10,2.128,1.803,2096.13
HY-LOT-04,W02,8,11,1,10,2.241,1.813,2080.36
HY-LOT-04,W02,8,12,1,10,2.027,1.782,2086.84
HY-LOT-04,W02,8,13,1,10,2.128,1.794,2083.17
HY-LOT-04,W02,8,14,1,10,1.854,1.771,2081.66
HY-LOT-04,W02,8,15,1,10,1.921,1.795,2074.15
HY-LOT-04,W02,8,16,1,10,2.003,1.804,2126.44
HY-LOT-04,W02,8,17,1,10,1.928,1.801,2093.46
HY-LOT-04,W02,9,-17,1,10,1.851,1.761,2094.25
HY-LOT-04,W02,9,-16,1,10,2.12,1.792,2129.81
HY-LOT-04,W02,9,-15,1,10,2.007,1.776,2068.52
HY-LOT-04,W02,9,-14,1,10,2.14,1.802,2081.02
HY-LOT-04,W02,9,-13,1,10,2.06,1.818,2091.73
HY-LOT-04,W02,9,-12,1,10,1.954,1.83,2115.33
HY-LOT-04,W02,9,-11,1,10,2.013,1.805,2107.65
HY-LOT-04,W02,9,-10,1,10,1.709,1.815,2140.22
HY-LOT-04,W02,9,-9,1,10,2.288,1.78,2091.13
HY-LOT-04,W02,9,-8,1,10,2.247,1.809,2104.08
HY-LOT-04,W02,9,-7,1,10,2.026,1.79,2124.72
HY-LOT-04,W02,9,-6,1,10,2.12,1.825,2085.38
HY-LOT-04,W02,9,-5,1,10,2.106,1.793,2113.26
HY-LOT-04,W02,9,-4,1,10,2.097,1.802,2093.8
HY-LOT-04,W02,9,-3,1,10,2.012,1.81,2094.72
HY-LOT-04,W02,9,-2,1,10,2.209,1.743,2116.97
HY-LOT-04,W02,9,-1,1,10,1.909,1.794,2086.94
HY-LOT-04,W02,9,0,1,10,2.066,1.812,2071.04
HY-LOT-04,W02,9,1,1,10,2.253,1.799,2110.54
HY-LOT-04,W02,9,2,1,10,2.049,1.813,2126.67
HY-LOT-04,W02,9,3,1,10,2.121,1.806,2069.76
HY-LOT-04,W02,9,4,1,10,2.034,1.824,2059.79
HY-LOT-04,W02,9,5,1,10,1.753,1.781,2080.28
HY-LOT-04,W02,9,6,1,10,1.669,1.799,2100.36
HY-LOT-04,W02,9,7,1,10,1.616,1.78,2081.98
HY-LOT-04,W02,9,8,1,10,1.661,1.797,2096.79
HY-LOT-04,W02,9,9,1,10,1.807,1.814,2086.78
HY-LOT-04,W02,9,10,1,10,2.499,1.81,2126.11
HY-LOT-04,W02,9,11,1,10,1.98,1.788,2092.61
HY-LOT-04,W02,9,12,2,21,2.014,1.806,2104.27
HY-LOT-04,W02,9,13,1,10,2.108,1.814,2097.72
HY-LOT-04,W02,9,14,1,10,2.154,1.762,2111.83
HY-LOT-04,W02,9,15,1,10,2.149,1.819,2111.48
HY-LOT-04,W02,9,16,1,10,1.966,1.805,2093.2
HY-LOT-04,W02,9,17,1,10,2.012,1.787,2084.5
HY-LOT-04,W02,10,-16,1,10,1.957,1.821,2092.91
HY-LOT-04,W02,10,-15,1,10,2.445,1.816,2089.16
HY-LOT-04,W02,10,-14,1,10,2.095,1.809,2085.5
HY-LOT-04,W02,10,-13,1,10,2.103,1.787,2112.81
HY-LOT-04,W02,10,-12,1,10,2.217,1.791,2100.84
HY-LOT-04,W02,10,-11,1,10,2.162,1.788,2098.21
HY-LOT-04,W02,10,-10,1,10,2.078,1.786,2093.39
HY-LOT-04,W02,10,-9,1,10,2.333,1.791,2072.63
HY-LOT-04,W02,10,-8,1,10,2.167,1.813,2088.97
HY-LOT-04,W02,10,-7,1,10,1.904,1.784,2116.9
HY-LOT-04,W02,10,-6,1,10,1.96,1.758,2100.84
HY-LOT-04,W02,10,-5,1,10,2.079,1.773,2111.86
HY-LOT-04,W02,10,-4,1,10,2.158,1.799,2106.07
HY-LOT-04,W02,10,-3,1,10,2.137,1.821,2097.16
HY-LOT-04,W02,10,-2,1,10,1.626,1.785,2059.93
HY-LOT-04,W02,10,-1,1,10,1.985,1.8,2128.46
HY-LOT-04,W02,10,0,1,10,2.292,1.8,2106.19
HY-LOT-04,W02,10,1,1,10,1.948,1.768,2090.61
HY-LOT-04,W02,10,2,1,10,1.69,1.808,2097.3
HY-LOT-04,W02,10,3,1,10,1.89,1.813,2102.98
HY-LOT-04,W02,10,4,1,10,2.111,1.828,2070.2
HY-LOT-04,W02,10,5,1,10,2.205,1.796,2125.81
HY-LOT-04,W02,10,6,1,10,2.209,1.783,2089.2
HY-LOT-04,W02,10,7,1,10,2.27,1.802,2095.97
HY-LOT-04,W02,10,8,1,10,1.791,1.776,2113.9
HY-LOT-04,W02,10,9,1,10,1.738,1.804,2115.43
HY-LOT-04,W02,10,10,1,10,2.031,1.784,2076.17
HY-LOT-04,W02,10,11,1,10,2.093,1.799,2074.64
HY-LOT-04,W02,10,12,1,10,1.924,1.814,2039.01
HY-LOT-04,W02,10,13,1,10,1.895,1.789,2135.11
HY-LOT-04,W02,10,14,1,10,2.242,1.806,2105.58
HY-LOT-04,W02,10,15,1,10,2.011,1.806,2087.47
HY-LOT-04,W02,10,16,1,10,2.004,1.798,2092.95
HY-LOT-04,W02,11,-15,1,10,2.558,1.837,2093.43
HY-LOT-04,W02,11,-14,1,10,2.143,1.8,2091.73
HY-LOT-04,W02,11,-13,1,10,1.468,1.756,2095.79
HY-LOT-04,W02,11,-12,1,10,1.987,1.781,2097.93
HY-LOT-04,W02,11,-11,1,10,1.977,1.807,2144.53
HY-LOT-04,W02,11,-10,1,10,1.987,1.787,2117.33
HY-LOT-04,W02,11,-9,1,10,1.678,1.746,2113.25
HY-LOT-04,W02,11,-8,1,10,2.246,1.804,2094.2
HY-LOT-04,W02,11,-7,1,10,2.034,1.779,2088.55
HY-LOT-04,W02,11,-6,1,10,2.072,1.774,2107.25
HY-LOT-04,W02,11,-5,1,10,1.9,1.813,2083.21
HY-LOT-04,W02,11,-4,1,10,1.957,1.853,2130.39
HY-LOT-04,W02,11,-3,1,10,2.161,1.794,2113.41
HY-LOT-04,W02,11,-2,1,10,1.913,1.806,2127.25
HY-LOT-04,W02,11,-1,1,10,2.276,1.785,2093.46
HY-LOT-04,W02,11,0,1,10,2.256,1.827,2099.26
HY-LOT-04,W02,11,1,1,10,1.975,1.808,2098.89
HY-LOT-04,W02,11,2,1,10,2.309,1.806,2097.26
HY-LOT-04,W02,11,3,1,10,1.813,1.785,2089.09
HY-LOT-04,W02,11,4,1,10,1.841,1.818,2087.47
HY-LOT-04,W02,11,5,1,10,1.792,1.795,2132.81
HY-LOT-04,W02,11,6,1,10,1.779,1.771,2097.27
HY-LOT-04,W02,11,7,1,10,2.209,1.822,2089.75
HY-LOT-04,W02,11,8,1,10,2.007,1.785,2087.56
HY-LOT-04,W02,11,9,1,10,1.754,1.814,2077.04
HY-LOT-04,W02,11,10,1,10,2.58,1.795,2063.92
HY-LOT-04,W02,11,11,1,10,2.319,1.785,2121.48
HY-LOT-04,W02,11,12,1,10,2.01,1.831,2109.59
HY-LOT-04,W02,11,13,1,10,2.178,1.807,2084.36
HY-LOT-04,W02,11,14,1,10,1.912,1.774,2099.24
HY-LOT-04,W02,11,15,1,10,2.137,1.819,2107.7
HY-LOT-04,W02,12,-15,1,10,2.139,1.812,2133.7
HY-LOT-04,W02,12,-14,1,10,2.059,1.788,2093.43
HY-LOT-04,W02,12,-13,1,10,2.1,1.801,2084.47
HY-LOT-04,W02,12,-12,1,10,2.182,1.807,2107.15
HY-LOT-04,W02,12,-11,1,10,1.879,1.796,2106
HY-LOT-04,W02,12,-10,1,10,2.051,1.797,2133.48
HY-LOT-04,W02,12,-9,1,10,1.979,1.748,2111.63
HY-LOT-04,W02,12,-8,1,10,2.034,1.777,2102.1
HY-LOT-04,W02,12,-7,1,10,2.17,1.808,2105.14
HY-LOT-04,W02,12,-6,1,10,1.961,1.797,2115.4
HY-LOT-04,W02,12,-5,1,10,2.002,1.824,2072.62
HY-LOT-04,W02,12,-4,1,10,2.051,1.771,2072.84
HY-LOT-04,W02,12,-3,1,10,2.111,1.798,2123.44
HY-LOT-04,W02,12,-2,1,10,1.944,1.803,2110.57
HY-LOT-04,W02,12,-1,1,10,1.984,1.78,2077.44
HY-LOT-04,W02,12,0,1,10,2,1.8,2090.64
HY-LOT-04,W02,12,1,1,10,2.083,1.811,2101.61
HY-LOT-04,W02,12,2,1,10,1.673,1.823,2085.3
HY-LOT-04,W02,12,3,1,10,2.1,1.808,2118.92
HY-LOT-04,W02,12,4,1,10,2.383,1.78,2078.86
HY-LOT-04,W02,12,5,1,10,2.289,1.753,2120.24
HY-LOT-04,W02,12,6,1,10,1.768,1.79,2079.41
HY-LOT-04,W02,12,7,1,10,1.885,1.826,2105.28
HY-LOT-04,W02,12,8,1,10,2.598,1.827,2113.16
HY-LOT-04,W02,12,9,1,10,1.936,1.822,2078.48
HY-LOT-04,W02,12,10,1,10,1.93,1.843,2096.89
HY-LOT-04,W02,12,11,1,10,2.259,1.817,2082.37
HY-LOT-04,W02,12,12,1,10,1.977,1.769,2074.04
HY-LOT-04,W02,12,13,1,10,2.253,1.807,2079.15
HY-LOT-04,W02,12,14,1,10,2.085,1.814,2077.87
HY-LOT-04,W02,12,15,1,10,1.63,1.78,2111.66
HY-LOT-04,W02,13,-14,1,10,1.984,1.801,2107.3
HY-LOT-04,W02,13,-13,1,10,2.27,1.782,2113.69
HY-LOT-04,W02,13,-12,1,10,2.283,1.788,2108.14
HY-LOT-04,W02,13,-11,1,10,2.067,1.801,2109.48
HY-LOT-04,W02,13,-10,1,10,1.95,1.772,2071.11
HY-LOT-04,W02,13,-9,1,10,1.815,1.784,2096.2
HY-LOT-04,W02,13,-8,1,10,2.1,1.795,2107.07
HY-LOT-04,W02,13,-7,1,10,1.625,1.819,2095.61
HY-LOT-04,W02,13,-6,1,10,2.494,1.813,2097.71
HY-LOT-04,W02,13,-5,1,10,2.074,1.784,2080.95
HY-LOT-04,W02,13,-4,1,10,2.296,1.78,2105.16
HY-LOT-04,W02,13,-3,1,10,2.068,1.816,2105.96
HY-LOT-04,W02,13,-2,1,10,2.324,1.794,2123.46
HY-LOT-04,W02,13,-1,1,10,2.158,1.784,2077.08
HY-LOT-04,W02,13,0,1,10,2.208,1.824,2104.57
HY-LOT-04,W02,13,1,1,10,2.499,1.803,2107.81
HY-LOT-04,W02,13,2,1,10,2.287,1.795,2131.41
HY-LOT-04,W02,13,3,1,10,1.993,1.8,2110.86
HY-LOT-04,W02,13,4,1,10,2.19,1.799,2078.8
HY-LOT-04,W02,13,5,1,10,1.78,1.804,2129.12
HY-LOT-04,W02,13,6,1,10,1.853,1.811,2076.59
HY-LOT-04,W02,13,7,1,10,2.294,1.765,2098.42
HY-LOT-04,W02,13,8,1,10,2.186,1.8,2107.21
HY-LOT-04,W02,13,9,1,10,2.174,1.806,2107.67
HY-LOT-04,W02,13,10,1,10,2.292,1.797,2105.37
HY-LOT-04,W02,13,11,2,21,1.986,1.827,2076.31
HY-LOT-04,W02,13,12,1,10,1.882,1.769,2112.31
HY-LOT-04,W02,13,13,1,10,2.243,1.776,2089.13
HY-LOT-04,W02,13,14,1,10,1.927,1.836,2110.44
HY-LOT-04,W02,14,-13,1,10,2.335,1.818,2042.36
HY-LOT-04,W02,14,-12,1,10,1.88,1.802,2120.99
HY-LOT-04,W02,14,-11,1,10,2.255,1.806,2091.35
HY-LOT-04,W02,14,-10,1,10,2.318,1.791,2105.15
HY-LOT-04,W02,14,-9,1,10,2.247,1.802,2109.01
HY-LOT-04,W02,14,-8,1,10,2.129,1.775,2102.91
HY-LOT-04,W02,14,-7,1,10,2.348,1.81,2085.62
HY-LOT-04,W02,14,-6,1,10,2.234,1.803,2091.73
HY-LOT-04,W02,14,-5,1,10,2.475,1.773,2081.58
HY-LOT-04,W02,14,-4,1,10,2.121,1.76,2113.79
HY-LOT-04,W02,14,-3,1,10,2.268,1.822,2101.25
HY-LOT-04,W02,14,-2,1,10,1.956,1.817,2087.1
HY-LOT-04,W02,14,-1,1,10,2.258,1.785,2096.01
HY-LOT-04,W02,14,0,1,10,2.12,1.787,2095.13
HY-LOT-04,W02,14,1,1,10,2.134,1.804,2074.13
HY-LOT-04,W02,14,2,1,10,2.181,1.807,2088.34
HY-LOT-04,W02,14,3,1,10,2.094,1.807,2075.99
HY-LOT-04,W02,14,4,1,10,1.806,1.807,2123.66
HY-LOT-04,W02,14,5,1,10,2.026,1.779,2102.65
HY-LOT-04,W02,14,6,1,10,1.819,1.833,2120.85
HY-LOT-04,W02,14,7,1,10,1.689,1.788,2095.38
HY-LOT-04,W02,14,8,1,10,1.868,1.834,2100.7
HY-LOT-04,W02,14,9,1,10,2.03,1.788,2100.07
HY-LOT-04,W02,14,10,1,10,1.788,1.805,2091.32
HY-LOT-04,W02,14,11,1,10,1.953,1.797,2100.01
HY-LOT-04,W02,14,12,1,10,1.8,1.779,2079.34
HY-LOT-04,W02,14,13,1,10,2.164,1.775,2081.8
HY-LOT-04,W02,15,-12,1,10,1.916,1.79,2107.33
HY-LOT-04,W02,15,-11,1,10,1.713,1.81,2091.45
HY-LOT-04,W02,15,-10,1,10,2.066,1.789,2103.32
HY-LOT-04,W02,15,-9,1,10,1.929,1.765,2081.95
HY-LOT-04,W02,15,-8,1,10,1.621,1.765,2106.66
HY-LOT-04,W02,15,-7,1,10,1.882,1.838,2091.66
HY-LOT-04,W02,15,-6,1,10,2.24,1.823,2111.31
HY-LOT-04,W02,15,-5,1,10,2.114,1.789,2093.63
HY-LOT-04,W02,15,-4,1,10,2.177,1.79,2104.78
HY-LOT-04,W02,15,-3,1,10,2.134,1.806,2072.8
HY-LOT-04,W02,15,-2,1,10,2.186,1.794,2119.26
HY-LOT-04,W02,15,-1,1,10,2.107,1.795,2101.13
HY-LOT-04,W02,15,0,1,10,1.768,1.791,2097.59
HY-LOT-04,W02,15,1,1,10,2.444,1.783,2125.46
HY-LOT-04,W02,15,2,1,10,2.031,1.782,2103.81
HY-LOT-04,W02,15,3,1,10,1.979,1.806,2068.48
HY-LOT-04,W02,15,4,1,10,1.675,1.798,2092.53
HY-LOT-04,W02,15,5,1,10,2.226,1.78,2098.37
HY-LOT-04,W02,15,6,1,10,2.023,1.81,2112.25
HY-LOT-04,W02,15,7,1,10,1.909,1.811,2093.46
HY-LOT-04,W02,15,8,1,10,1.784,1.784,2109.53
HY-LOT-04,W02,15,9,1,10,2.355,1.769,2093.47
HY-LOT-04,W02,15,10,1,10,1.986,1.768,2066.17
HY-LOT-04,W02,15,11,1,10,2.019,1.817,2125.73
HY-LOT-04,W02,15,12,1,10,2.21,1.824,2103.7
HY-LOT-04,W02,16,-10,1,10,1.89,1.793,2069.22
HY-LOT-04,W02,16,-9,1,10,2.351,1.793,2098.35
HY-LOT-04,W02,16,-8,1,10,2.151,1.815,2083.48
HY-LOT-04,W02,16,-7,1,10,2.327,1.748,2091.96
HY-LOT-04,W02,16,-6,1,10,2.247,1.786,2072.7
HY-LOT-04,W02,16,-5,1,10,2.092,1.804,2118.76
HY-LOT-04,W02,16,-4,1,10,2.023,1.785,2108.61
HY-LOT-04,W02,16,-3,1,10,2.293,1.811,2108.07
HY-LOT-04,W02,16,-2,1,10,2.104,1.777,2077.64
HY-LOT-04,W02,16,-1,1,10,1.972,1.792,2098.3
HY-LOT-04,W02,16,0,2,21,2.029,1.797,2090.79
HY-LOT-04,W02,16,1,1,10,2.357,1.795,2083.29
HY-LOT-04,W02,16,2,1,10,2.138,1.814,2116.11
HY-LOT-04,W02,16,3,1,10,1.762,1.791,2100.67
HY-LOT-04,W02,16,4,1,10,1.886,1.779,2108.05
HY-LOT-04,W02,16,5,1,10,2.152,1.811,2094.33
HY-LOT-04,W02,16,6,1,10,2.336,1.791,2106.06
HY-LOT-04,W02,16,7,1,10,1.952,1.785,2129.79
HY-LOT-04,W02,16,8,1,10,2.012,1.783,2070.02
HY-LOT-04,W02,16,9,1,10,1.853,1.795,2115.26
HY-LOT-04,W02,16,10,1,10,1.968,1.792,2082.08
HY-LOT-04,W02,17,-9,1,10,2.153,1.84,2078.59
HY-LOT-04,W02,17,-8,1,10,2.135,1.819,2106.1
HY-LOT-04,W02,17,-7,1,10,2.055,1.83,2116.1
HY-LOT-04,W02,17,-6,1,10,1.944,1.785,2084.55
HY-LOT-04,W02,17,-5,1,10,1.952,1.821,2096.65
HY-LOT-04,W02,17,-4,1,10,1.747,1.798,2064.89
HY-LOT-04,W02,17,-3,1,10,1.892,1.791,2090.8
HY-LOT-04,W02,17,-2,1,10,1.761,1.797,2097.64
HY-LOT-04,W02,17,-1,1,10,1.612,1.821,2063.02
HY-LOT-04,W02,17,0,1,10,1.92,1.787,2087.62
HY-LOT-04,W02,17,1,1,10,1.935,1.828,2094.11
HY-LOT-04,W02,17,2,1,10,1.827,1.776,2082.05
HY-LOT-04,W02,17,3,1,10,1.875,1.79,2072.24
HY-LOT-04,W02,17,4,1,10,1.97,1.774,2089.44
HY-LOT-04,W02,17,5,1,10,1.987,1.836,2090.28
HY-LOT-04,W02,17,6,1,10,1.943,1.807,2083.87
HY-LOT-04,W02,17,7,1,10,2.052,1.801,2101.11
HY-LOT-04,W02,17,8,1,10,2.091,1.811,2127.34
HY-LOT-04,W02,17,9,1,10,2.006,1.811,2102.88
HY-LOT-04,W02,18,-6,1,10,2.184,1.793,2092.32
HY-LOT-04,W02,18,-5,1,10,2.067,1.81,2100.51
HY-LOT-04,W02,18,-4,1,10,1.944,1.818,2083.22
HY-LOT-04,W02,18,-3,1,10,1.973,1.815,2104.56
HY-LOT-04,W02,18,-2,1,10,2.102,1.83,2095.96
HY-LOT-04,W02,18,-1,1,10,2.008,1.789,2107.74
HY-LOT-04,W02,18,0,1,10,2.012,1.826,2086.99
HY-LOT-04,W02,18,1,1,10,1.942,1.78,2108.42
HY-LOT-04,W02,18,2,1,10,2.239,1.791,2078.88
HY-LOT-04,W02,18,3,1,10,2.222,1.775,2086.25
HY-LOT-04,W02,18,4,1,10,1.909,1.827,2107.78
HY-LOT-04,W02,18,5,1,10,2.076,1.843,2087.98
HY-LOT-04,W02,18,6,1,10,1.886,1.739,2142.51
HY-LOT-04,W02,19,-3,1,10,2.223,1.781,2125.67
HY-LOT-04,W02,19,-2,1,10,1.886,1.805,2109.06
HY-LOT-04,W02,19,-1,1,10,2.061,1.819,2125.62
HY-LOT-04,W02,19,0,1,10,1.992,1.804,2089.05
HY-LOT-04,W02,19,1,1,10,1.701,1.805,2076.53
HY-LOT-04,W02,19,2,1,10,1.911,1.818,2115.16
HY-LOT-04,W02,19,3,1,10,2.149,1.804,2101.87
HY-LOT-04,W03,-19,-3,1,10,2.241,1.824,2085.85
HY-LOT-04,W03,-19,-2,2,21,2.596,1.845,2055.39
HY-LOT-04,W03,-19,-1,1,10,2.135,1.828,2108.65
HY-LOT-04,W03,-19,0,1,10,2.497,1.824,2114.44
HY-LOT-04,W03,-19,1,2,21,2.159,1.791,2087.88
HY-LOT-04,W03,-19,2,2,21,2.116,1.804,2099.83
HY-LOT-04,W03,-19,3,1,10,2.178,1.815,2124.73
HY-LOT-04,W03,-18,-6,1,10,2.217,1.806,2065.16
HY-LOT-04,W03,-18,-5,1,10,2.037,1.785,2099.63
HY-LOT-04,W03,-18,-4,1,10,2.408,1.802,2109.34
HY-LOT-04,W03,-18,-3,1,10,2.207,1.795,2120.52
HY-LOT-04,W03,-18,-2,1,10,2.244,1.801,2134.52
HY-LOT-04,W03,-18,-1,1,10,2.562,1.838,2101.87
HY-LOT-04,W03,-18,0,1,10,2.316,1.785,2107.12
HY-LOT-04,W03,-18,1,1,10,2.211,1.784,2099.19
HY-LOT-04,W03,-18,2,1,10,2.325,1.781,2081.12
HY-LOT-04,W03,-18,3,1,10,2.538,1.827,2086.75
HY-LOT-04,W03,-18,4,1,10,2.207,1.778,2128.2
HY-LOT-04,W03,-18,5,1,10,2.173,1.802,2123.91
HY-LOT-04,W03,-18,6,1,10,2.357,1.806,2099.56
HY-LOT-04,W03,-17,-9,1,10,2.538,1.79,2109.92
HY-LOT-04,W03,-17,-8,1,10,2.164,1.785,2094.72
HY-LOT-04,W03,-17,-7,1,10,2.024,1.782,2088.61
HY-LOT-04,W03,-17,-6,1,10,2.214,1.797,2140.13
HY-LOT-04,W03,-17,-5,1,10,2.368,1.835,2129.29
HY-LOT-04,W03,-17,-4,1,10,2.514,1.798,2084.36
HY-LOT-04,W03,-17,-3,1,10,2.438,1.781,2129.04
HY-LOT-04,W03,-17,-2,1,10,2.361,1.789,2095.97
HY-LOT-04,W03,-17,-1,1,10,2.381,1.784,2107.11
HY-LOT-04,W03,-17,0,1,10,2.092,1.793,2127.16
HY-LOT-04,W03,-17,1,1,10,2.305,1.787,2073.75
HY-LOT-04,W03,-17,2,1,10,2.559,1.805,2107.69
HY-LOT-04,W03,-17,3,1,10,2.463,1.775,2098.13
HY-LOT-04,W03,-17,4,1,10,2.629,1.785,2115.37
HY-LOT-04,W03,-17,5,1,10,2.309,1.782,2112.63
HY-LOT-04,W03,-17,6,1,10,2.08,1.803,2108.15
HY-LOT-04,W03,-17,7,1,10,2.194,1.791,2087.39
HY-LOT-04,W03,-17,8,1,10,2.513,1.788,2108.29
HY-LOT-04,W03,-17,9,1,10,2.596,1.8,2081.46
HY-LOT-04,W03,-16,-10,1,10,2.576,1.818,2078.23
HY-LOT-04,W03,-16,-9,2,21,2.594,1.817,2080.49
HY-LOT-04,W03,-16,-8,1,10,2.065,1.802,2091.74
HY-LOT-04,W03,-16,-7,1,10,1.953,1.807,2116.39
HY-LOT-04,W03,-16,-6,1,10,2.614,1.772,2084.79
HY-LOT-04,W03,-16,-5,1,10,2.312,1.806,2089.97
HY-LOT-04,W03,-16,-4,1,10,2.229,1.78,2090.08
HY-LOT-04,W03,-16,-3,1,10,2.328,1.808,2062.06
HY-LOT-04,W03,-16,-2,1,10,2.724,1.792,2097.69
HY-LOT-04,W03,-16,-1,1,10,2.17,1.801,2118.22
HY-LOT-04,W03,-16,0,1,10,2.169,1.814,2107.17
HY-LOT-04,W03,-16,1,1,10,2.718,1.787,2104.81
HY-LOT-04,W03,-16,2,1,10,2.348,1.789,2116.51
HY-LOT-04,W03,-16,3,1,10,2.135,1.806,2089.3
HY-LOT-04,W03,-16,4,1,10,2.422,1.805,2118.74
HY-LOT-04,W03,-16,5,1,10,2.396,1.804,2095.93
HY-LOT-04,W03,-16,6,1,10,2.007,1.792,2071.64
HY-LOT-04,W03,-16,7,1,10,2.282,1.799,2082.66
HY-LOT-04,W03,-16,8,1,10,2.437,1.776,2116.16
HY-LOT-04,W03,-16,9,1,10,2.148,1.795,2107.74
HY-LOT-04,W03,-16,10,2,21,2.126,1.782,2096.06
HY-LOT-04,W03,-15,-12,1,10,2.134,1.79,2093.25
HY-LOT-04,W03,-15,-11,1,10,2.747,1.831,2106.07
HY-LOT-04,W03,-15,-10,1,10,2.32,1.776,2133.16
HY-LOT-04,W03,-15,-9,1,10,2.508,1.775,2096.77
HY-LOT-04,W03,-15,-8,1,10,2.166,1.8,2118.84
HY-LOT-04,W03,-15,-7,1,10,2.242,1.778,2098.69
HY-LOT-04,W03,-15,-6,1,10,2.534,1.791,2085.1
HY-LOT-04,W03,-15,-5,1,10,2.415,1.83,2080.05
HY-LOT-04,W03,-15,-4,1,10,2.554,1.823,2104.01
HY-LOT-04,W03,-15,-3,1,10,2.415,1.78,2095.17
HY-LOT-04,W03,-15,-2,1,10,2.555,1.818,2132.77
HY-LOT-04,W03,-15,-1,1,10,2.85,1.803,2093.57
HY-LOT-04,W03,-15,0,1,10,2.102,1.793,2113.47
HY-LOT-04,W03,-15,1,1,10,2.723,1.818,2068.52
HY-LOT-04,W03,-15,2,1,10,2.089,1.787,2117.93
HY-LOT-04,W03,-15,3,1,10,2.216,1.814,2125.9
HY-LOT-04,W03,-15,4,1,10,2.463,1.836,2118.26
HY-LOT-04,W03,-15,5,1,10,2.246,1.783,2095.33
HY-LOT-04,W03,-15,6,1,10,2.337,1.807,2127.55
HY-LOT-04,W03,-15,7,1,10,1.91,1.824,2123.2
HY-LOT-04,W03,-15,8,1,10,2.258,1.795,2098.46
HY-LOT-04,W03,-15,9,1,10,2.592,1.817,2131.86
HY-LOT-04,W03,-15,10,1,10,2.094,1.809,2092.97
HY-LOT-04,W03,-15,11,1,10,2.226,1.821,2098.38
HY-LOT-04,W03,-15,12,1,10,1.88,1.789,2093.23
HY-LOT-04,W03,-14,-13,1,10,2.129,1.799,2101.99
HY-LOT-04,W03,-14,-12,1,10,2.266,1.787,2122.83
HY-LOT-04,W03,-14,-11,1,10,2.106,1.779,2078.23
HY-LOT-04,W03,-14,-10,1,10,2.283,1.801,2093.37
HY-LOT-04,W03,-14,-9,1,10,2.068,1.795,2120.27
HY-LOT-04,W03,-14,-8,1,10,2.005,1.793,2109.34
HY-LOT-04,W03,-14,-7,1,10,2.217,1.769,2083.47
HY-LOT-04,W03,-14,-6,1,10,2.395,1.786,2080.92
HY-LOT-04,W03,-14,-5,1,10,2.433,1.77,2123.98
HY-LOT-04,W03,-14,-4,1,10,2.257,1.807,2126.22
HY-LOT-04,W03,-14,-3,1,10,2.318,1.778,2129.44
HY-LOT-04,W03,-14,-2,1,10,2.34,1.844,2083.35
HY-LOT-04,W03,-14,-1,1,10,2.18,1.833,2131.13
HY-LOT-04,W03,-14,0,1,10,2.139,1.811,2103.35
HY-LOT-04,W03,-14,1,1,10,2.258,1.817,2063.89
HY-LOT-04,W03,-14,2,1,10,2.056,1.784,2110.18
HY-LOT-04,W03,-14,3,1,10,2.183,1.784,2123.98
HY-LOT-04,W03,-14,4,1,10,2.049,1.795,2108.97
HY-LOT-04,W03,-14,5,1,10,2.113,1.81,2090.44
HY-LOT-04,W03,-14,6,1,10,2.111,1.784,2098.2
HY-LOT-04,W03,-14,7,1,10,2.373,1.809,2116.72
HY-LOT-04,W03,-14,8,1,10,2.158,1.801,2113.57
HY-LOT-04,W03,-14,9,1,10,2.312,1.823,2096.59
HY-LOT-04,W03,-14,10,1,10,2.509,1.791,2105.87
HY-LOT-04,W03,-14,11,1,10,2.114,1.79,2105.92
HY-LOT-04,W03,-14,12,1,10,2.096,1.798,2083.97
HY-LOT-04,W03,-14,13,1,10,2.272,1.799,2115.62
HY-LOT-04,W03,-13,-14,1,10,2.29,1.798,2114.65
HY-LOT-04,W03,-13,-13,1,10,2.39,1.798,2107.3
HY-LOT-04,W03,-13,-12,1,10,2.645,1.795,2090.87
HY-LOT-04,W03,-13,-11,1,10,2.382,1.796,2127.61
HY-LOT-04,W03,-13,-10,1,10,2.602,1.809,2113.09
HY-LOT-04,W03,-13,-9,1,10,2.096,1.816,2067.24
HY-LOT-04,W03,-13,-8,1,10,2.273,1.817,2103.56
HY-LOT-04,W03,-13,-7,1,10,2.565,1.819,2061.23
HY-LOT-04,W03,-13,-6,1,10,2.225,1.791,2076.52
HY-LOT-04,W03,-13,-5,1,10,2.278,1.792,2129.37
HY-LOT-04,W03,-13,-4,1,10,2.397,1.807,2107.88
HY-LOT-04,W03,-13,-3,1,10,2.484,1.812,2103.34
HY-LOT-04,W03,-13,-2,1,10,2.085,1.771,2107.43
HY-LOT-04,W03,-13,-1,1,10,2.462,1.822,2129.93
HY-LOT-04,W03,-13,0,1,10,2.522,1.797,2136.28
HY-LOT-04,W03,-13,1,1,10,2.529,1.847,2092.6
HY-LOT-04,W03,-13,2,1,10,2.199,1.775,2069.15
HY-LOT-04,W03,-13,3,1,10,2.484,1.785,2101.08
HY-LOT-04,W03,-13,4,1,10,2.394,1.792,2098.05
HY-LOT-04,W03,-13,5,1,10,2.613,1.799,2094.98
HY-LOT-04,W03,-13,6,1,10,2.208,1.807,2105.76
HY-LOT-04,W03,-13,7,1,10,2.262,1.789,2078.81
HY-LOT-04,W03,-13,8,1,10,2.166,1.803,2112.58
HY-LOT-04,W03,-13,9,1,10,2.302,1.813,2085.38
HY-LOT-04,W03,-13,10,1,10,2.345,1.792,2083.74
HY-LOT-04,W03,-13,11,1,10,1.923,1.811,2124.17
HY-LOT-04,W03,-13,12,1,10,2.507,1.824,2098.7
HY-LOT-04,W03,-13,13,1,10,2.447,1.777,2117.29
HY-LOT-04,W03,-13,14,1,10,2.31,1.808,2113.89
HY-LOT-04,W03,-12,-15,1,10,2.223,1.788,2092.1
HY-LOT-04,W03,-12,-14,1,10,2.558,1.781,2089.8
HY-LOT-04,W03,-12,-13,1,10,2.319,1.789,2113.69
HY-LOT-04,W03,-12,-12,1,10,2.441,1.814,2082.95
HY-LOT-04,W03,-12,-11,1,10,1.995,1.779,2059.61
HY-LOT-04,W03,-12,-10,1,10,2.188,1.795,2119.92
HY-LOT-04,W03,-12,-9,1,10,2.439,1.789,2110.77
HY-LOT-04,W03,-12,-8,1,10,2.21,1.774,2082.04
HY-LOT-04,W03,-12,-7,1,10,2.327,1.82,2106.36
HY-LOT-04,W03,-12,-6,1,10,1.998,1.8,2050.54
HY-LOT-04,W03,-12,-5,1,10,1.98,1.778,2090.9
HY-LOT-04,W03,-12,-4,1,10,2.746,1.766,2131.77
HY-LOT-04,W03,-12,-3,1,10,2.553,1.794,2116.29
HY-LOT-04,W03,-12,-2,1,10,2.112,1.815,2098.98
HY-LOT-04,W03,-12,-1,1,10,2.168,1.781,2131.08
HY-LOT-04,W03,-12,0,1,10,2.789,1.787,2111.25
HY-LOT-04,W03,-12,1,1,10,2.538,1.803,2115.84
HY-LOT-04,W03,-12,2,1,10,2.11,1.819,2063.04
HY-LOT-04,W03,-12,3,1,10,2.1,1.806,2100.5
HY-LOT-04,W03,-12,4,1,10,1.972,1.793,2098.64
HY-LOT-04,W03,-12,5,1,10,2.116,1.792,2129.59
HY-LOT-04,W03,-12,6,1,10,2.493,1.815,2139
HY-LOT-04,W03,-12,7,1,10,1.975,1.817,2082.15
HY-LOT-04,W03,-12,8,1,10,2.474,1.801,2083.34
HY-LOT-04,W03,-12,9,1,10,2.021,1.795,2118.84
HY-LOT-04,W03,-12,10,1,10,2.198,1.801,2094.66
HY-LOT-04,W03,-12,11,1,10,2.3,1.804,2090.2
HY-LOT-04,W03,-12,12,1,10,2.661,1.795,2082.59
HY-LOT-04,W03,-12,13,1,10,2.451,1.802,2096.78
HY-LOT-04,W03,-12,14,1,10,2.374,1.801,2087.28
HY-LOT-04,W03,-12,15,1,10,2.138,1.792,2111.4
HY-LOT-04,W03,-11,-15,1,10,1.863,1.801,2112.4
HY-LOT-04,W03,-11,-14,1,10,2.01,1.798,2097.16
HY-LOT-04,W03,-11,-13,1,10,2.533,1.795,2102.05
HY-LOT-04,W03,-11,-12,1,10,2.474,1.783,2109.4
HY-LOT-04,W03,-11,-11,1,10,2.265,1.83,2126.08
HY-LOT-04,W03,-11,-10,1,10,2.585,1.791,2102.82
HY-LOT-04,W03,-11,-9,1,10,2.243,1.757,2116.13
HY-LOT-04,W03,-11,-8,1,10,2.511,1.847,2102.74
HY-LOT-04,W03,-11,-7,1,10,2.256,1.788,2119.62
HY-LOT-04,W03,-11,-6,1,10,2.324,1.804,2112.41
HY-LOT-04,W03,-11,-5,1,10,2.694,1.782,2108.85
HY-LOT-04,W03,-11,-4,1,10,2.509,1.801,2091.67
HY-LOT-04,W03,-11,-3,1,10,2.473,1.805,2086.83
HY-LOT-04,W03,-11,-2,1,10,2.372,1.821,2079.99
HY-LOT-04,W03,-11,-1,1,10,2.148,1.816,2119.82
HY-LOT-04,W03,-11,0,1,10,2.534,1.792,2111.59
HY-LOT-04,W03,-11,1,1,10,2.304,1.792,2105.48
HY-LOT-04,W03,-11,2,1,10,2.15,1.772,2079.06
HY-LOT-04,W03,-11,3,1,10,2.27,1.78,2058.72
HY-LOT-04,W03,-11,4,1,10,2.14,1.808,2115.69
HY-LOT-04,W03,-11,5,1,10,2.643,1.768,2091.74
HY-LOT-04,W03,-11,6,1,10,2.428,1.772,2097.07
HY-LOT-04,W03,-11,7,1,10,2.443,1.813,2085.54
HY-LOT-04,W03,-11,8,1,10,2.104,1.83,2103.96
HY-LOT-04,W03,-11,9,1,10,2.367,1.797,2106.73
HY-LOT-04,W03,-11,10,2,21,2.17,1.786,2095.36
HY-LOT-04,W03,-11,11,1,10,2.297,1.803,2117.33
HY-LOT-04,W03,-11,12,1,10,2.286,1.792,2086.28
HY-LOT-04,W03,-11,13,1,10,2.464,1.82,2094.55
HY-LOT-04,W03,-11,14,1,10,2.469,1.801,2119.07
HY-LOT-04,W03,-11,15,1,10,2.52,1.809,2106.1
HY-LOT-04,W03,-10,-16,1,10,2.423,1.784,2124.9
HY-LOT-04,W03,-10,-15,1,10,2.233,1.813,2101.2
HY-LOT-04,W03,-10,-14,1,10,2.263,1.799,2126.43
HY-LOT-04,W03,-10,-13,1,10,2.325,1.805,2115.09
HY-LOT-04,W03,-10,-12,1,10,2.281,1.805,2108.05
HY-LOT-04,W03,-10,-11,1,10,2.366,1.794,2107.77
HY-LOT-04,W03,-10,-10,1,10,2.09,1.806,2094.73
HY-LOT-04,W03,-10,-9,1,10,2.464,1.809,2104.18
HY-LOT-04,W03,-10,-8,1,10,2.328,1.824,2105.88
HY-LOT-04,W03,-10,-7,1,10,2.264,1.789,2091.59
HY-LOT-04,W03,-10,-6,1,10,1.932,1.797,2089.84
HY-LOT-04,W03,-10,-5,1,10,1.968,1.802,2124
HY-LOT-04,W03,-10,-4,1,10,2.394,1.778,2100.65
HY-LOT-04,W03,-10,-3,1,10,2.202,1.796,2077.75
HY-LOT-04,W03,-10,-2,1,10,2.294,1.793,2068.01
HY-LOT-04,W03,-10,-1,1,10,2.402,1.813,2096.97
HY-LOT-04,W03,-10,0,1,10,2.177,1.798,2105.31
HY-LOT-04,W03,-10,1,1,10,2.286,1.798,2104.7
HY-LOT-04,W03,-10,2,1,10,2.493,1.777,2087.87
HY-LOT-04,W03,-10,3,1,10,2.245,1.781,2120.55
HY-LOT-04,W03,-10,4,1,10,2.394,1.797,2087.05
HY-LOT-04,W03,-10,5,1,10,2.409,1.797,2104.9
HY-LOT-04,W03,-10,6,1,10,2.186,1.783,2096.26
HY-LOT-04,W03,-10,7,1,10,2.034,1.79,2083.71
HY-LOT-04,W03,-10,8,1,10,1.773,1.818,2088.3
HY-LOT-04,W03,-10,9,1,10,2.631,1.817,2078.02
HY-LOT-04,W03,-10,10,1,10,2.082,1.785,2097.71
HY-LOT-04,W03,-10,11,1,10,2.409,1.795,2110.09
HY-LOT-04,W03,-10,12,1,10,2.269,1.774,2104.89
HY-LOT-04,W03,-10,13,1,10,2.503,1.791,2128.55
HY-LOT-04,W03,-10,14,1,10,2.23,1.803,2079.11
HY-LOT-04,W03,-10,15,1,10,2.672,1.824,2082.6
HY-LOT-04,W03,-10,16,1,10,2.296,1.782,2129.8
HY-LOT-04,W03,-9,-17,1,10,2.275,1.79,2101.25
HY-LOT-04,W03,-9,-16,1,10,1.875,1.79,2117.53
HY-LOT-04,W03,-9,-15,1,10,2.594,1.786,2120.54
HY-LOT-04,W03,-9,-14,1,10,2.493,1.782,2113.06
HY-LOT-04,W03,-9,-13,1,10,2.193,1.788,2051.78
HY-LOT-04,W03,-9,-12,1,10,2.462,1.8,2079.34
HY-LOT-04,W03,-9,-11,1,10,2.39,1.807,2072.55
HY-LOT-04,W03,-9,-10,1,10,2.05,1.772,2119.88
HY-LOT-04,W03,-9,-9,1,10,2.226,1.81,2125.23
HY-LOT-04,W03,-9,-8,1,10,2.371,1.803,2099.85
HY-LOT-04,W03,-9,-7,2,21,2.291,1.819,2079.16
HY-LOT-04,W03,-9,-6,1,10,2.493,1.819,2111.05
HY-LOT-04,W03,-9,-5,1,10,2.547,1.793,2088.26
HY-LOT-04,W03,-9,-4,1,10,2.165,1.802,2120.52
HY-LOT-04,W03,-9,-3,1,10,2.455,1.811,2109.32
HY-LOT-04,W03,-9,-2,1,10,2.001,1.83,2113.47
HY-LOT-04,W03,-9,-1,1,10,2.311,1.783,2111.21
HY-LOT-04,W03,-9,0,1,10,2.123,1.82,2131.33
HY-LOT-04,W03,-9,1,1,10,2.531,1.813,2122.42
HY-LOT-04,W03,-9,2,1,10,2.296,1.781,2098.55
HY-LOT-04,W03,-9,3,1,10,2.635,1.801,2087.77
HY-LOT-04,W03,-9,4,1,10,2.208,1.796,2125.57
HY-LOT-04,W03,-9,5,1,10,2.381,1.791,2106.85
HY-LOT-04,W03,-9,6,1,10,2.157,1.81,2136.27
HY-LOT-04,W03,-9,7,1,10,2.69,1.812,2113
HY-LOT-04,W03,-9,8,1,10,2.231,1.81,2105.66
HY-LOT-04,W03,-9,9,1,10,2.536,1.763,2084.49
HY-LOT-04,W03,-9,10,1,10,2.02,1.803,2099.21
HY-LOT-04,W03,-9,11,1,10,2.538,1.8,2104.13
HY-LOT-04,W03,-9,12,1,10,2.103,1.798,2075
HY-LOT-04,W03,-9,13,1,10,2.451,1.83,2093.83
HY-LOT-04,W03,-9,14,1,10,2.288,1.81,2088.88
HY-LOT-04,W03,-9,15,1,10,2.327,1.798,2113.5
HY-LOT-04,W03,-9,16,1,10,2.184,1.765,2088.16
HY-LOT-04,W03,-9,17,1,10,2.626,1.823,2099.24
HY-LOT-04,W03,-8,-17,1,10,2.373,1.773,2099.94
HY-LOT-04,W03,-8,-16,1,10,2.226,1.811,2119.64
HY-LOT-04,W03,-8,-15,1,10,2.304,1.806,2100.06
HY-LOT-04,W03,-8,-14,1,10,2.29,1.794,2139.16
HY-LOT-04,W03,-8,-13,1,10,2.004,1.791,2099.74
HY-LOT-04,W03,-8,-12,1,10,2.082,1.823,2108.17
HY-LOT-04,W03,-8,-11,1,10,2.432,1.798,2094.51
HY-LOT-04,W03,-8,-10,1,10,2.685,1.795,2110.4
HY-LOT-04,W03,-8,-9,1,10,2.415,1.81,2127.57
HY-LOT-04,W03,-8,-8,1,10,2.128,1.807,2113.8
HY-LOT-04,W03,-8,-7,1,10,2.543,1.794,2118.17
HY-LOT-04,W03,-8,-6,1,10,2.625,1.795,2099.06
HY-LOT-04,W03,-8,-5,1,10,2.491,1.795,2080.63
HY-LOT-04,W03,-8,-4,1,10,2.47,1.829,2097.17
HY-LOT-04,W03,-8,-3,1,10,1.991,1.801,2088.54
HY-LOT-04,W03,-8,-2,1,10,2.388,1.811,2064.87
HY-LOT-04,W03,-8,-1,1,10,2.071,1.825,2107.87
HY-LOT-04,W03,-8,0,1,10,2.118,1.818,2122.66
HY-LOT-04,W03,-8,1,1,10,2.313,1.817,2094.01
HY-LOT-04,W03,-8,2,1,10,2.401,1.802,2092.32
HY-LOT-04,W03,-8,3,1,10,2.606,1.796,2080.65
HY-LOT-04,W03,-8,4,1,10,2.138,1.807,2102.18
HY-LOT-04,W03,-8,5,1,10,2.217,1.813,2095.68
HY-LOT-04,W03,-8,6,1,10,2.239,1.802,2112.49
HY-LOT-04,W03,-8,7,2,21,1.915,1.81,2134.92
HY-LOT-04,W03,-8,8,1,10,2.198,1.8,2098.77
HY-LOT-04,W03,-8,9,2,21,2.165,1.779,2123.34
HY-LOT-04,W03,-8,10,1,10,2.439,1.791,2085.16
HY-LOT-04,W03,-8,11,1,10,2.063,1.815,2120.02
HY-LOT-04,W03,-8,12,1,10,2.034,1.791,2070.43
HY-LOT-04,W03,-8,13,2,21,2.488,1.779,2074.53
HY-LOT-04,W03,-8,14,1,10,2.386,1.762,2093.1
HY-LOT-04,W03,-8,15,1,10,2.47,1.806,2097.13
HY-LOT-04,W03,-8,16,1,10,2.554,1.779,2062.59
HY-LOT-04,W03,-8,17,1,10,2.59,1.805,2094.37
HY-LOT-04,W03,-7,-17,1,10,2.366,1.795,2072.57
HY-LOT-04,W03,-7,-16,1,10,2.367,1.798,2106.62
HY-LOT-04,W03,-7,-15,1,10,2.755,1.785,2120.13
HY-LOT-04,W03,-7,-14,1,10,2.268,1.794,2114.15
HY-LOT-04,W03,-7,-13,1,10,2.374,1.8,2100.48
HY-LOT-04,W03,-7,-12,1,10,2.095,1.818,2083.68
HY-LOT-04,W03,-7,-11,1,10,2.332,1.769,2080.34
HY-LOT-04,W03,-7,-10,1,10,2.16,1.78,2117.59
HY-LOT-04,W03,-7,-9,1,10,2.272,1.796,2098.46
HY-LOT-04,W03,-7,-8,1,10,2.435,1.752,2097.18
HY-LOT-04,W03,-7,-7,1,10,2.435,1.806,2112.36
HY-LOT-04,W03,-7,-6,1,10,2.196,1.804,2076.74
HY-LOT-04,W03,-7,-5,1,10,2.603,1.789,2100.08
HY-LOT-04,W03,-7,-4,1,10,2.448,1.792,2095.34
HY-LOT-04,W03,-7,-3,1,10,2.115,1.789,2085.91
HY-LOT-04,W03,-7,-2,2,21,1.996,1.791,2110.93
HY-LOT-04,W03,-7,-1,1,10,2.081,1.797,2102.12
HY-LOT-04,W03,-7,0,1,10,2.208,1.808,2094.86
HY-LOT-04,W03,-7,1,1,10,2.337,1.818,2099.87
HY-LOT-04,W03,-7,2,1,10,2.341,1.772,2119.72
HY-LOT-04,W03,-7,3,1,10,2.507,1.819,2060.52
HY-LOT-04,W03,-7,4,1,10,2.164,1.829,2077.87
HY-LOT-04,W03,-7,5,1,10,2.025,1.817,2079.56
HY-LOT-04,W03,-7,6,1,10,2.344,1.838,2067.93
HY-LOT-04,W03,-7,7,1,10,2.65,1.817,2107.45
HY-LOT-04,W03,-7,8,1,10,2.125,1.778,2095.03
HY-LOT-04,W03,-7,9,1,10,2.126,1.793,2076.67
HY-LOT-04,W03,-7,10,1,10,2.221,1.831,2086.12
HY-LOT-04,W03,-7,11,1,10,2.347,1.818,2102.03
HY-LOT-04,W03,-7,12,1,10,2.766,1.838,2080.35
HY-LOT-04,W03,-7,13,1,10,2.309,1.78,2137.34
HY-LOT-04,W03,-7,14,1,10,2.369,1.803,2086.9
HY-LOT-04,W03,-7,15,1,10,2.167,1.824,2088.55
HY-LOT-04,W03,-7,16,1,10,1.749,1.818,2082.96
HY-LOT-04,W03,-7,17,1,10,2.158,1.8,2080.82
HY-LOT-04,W03,-6,-18,1,10,2.304,1.812,2121.75
HY-LOT-04,W03,-6,-17,1,10,2.517,1.809,2077.82
HY-LOT-04,W03,-6,-16,1,10,2.086,1.821,2089.68
HY-LOT-04,W03,-6,-15,1,10,2.333,1.812,2083.71
HY-LOT-04,W03,-6,-14,1,10,2.308,1.835,2117.25
HY-LOT-04,W03,-6,-13,1,10,2.286,1.813,2083.1
HY-LOT-04,W03,-6,-12,1,10,2.65,1.781,2108.22
HY-LOT-04,W03,-6,-11,1,10,1.891,1.794,2115.06
HY-LOT-04,W03,-6,-10,1,10,2.209,1.761,2141.04
HY-LOT-04,W03,-6,-9,1,10,2.248,1.808,2115.45
HY-LOT-04,W03,-6,-8,1,10,2.214,1.798,2122.8
HY-LOT-04,W03,-6,-7,1,10,2.112,1.807,2123.69
HY-LOT-04,W03,-6,-6,1,10,2.069,1.811,2103.4
HY-LOT-04,W03,-6,-5,1,10,1.982,1.754,2106.38
HY-LOT-04,W03,-6,-4,1,10,2.405,1.786,2101.91
HY-LOT-04,W03,-6,-3,1,10,2.457,1.797,2089.37
HY-LOT-04,W03,-6,-2,1,10,1.98,1.785,2102.82
HY-LOT-04,W03,-6,-1,1,10,2.394,1.809,2100.74
HY-LOT-04,W03,-6,0,1,10,2.061,1.811,2108.46
HY-LOT-04,W03,-6,1,1,10,2.263,1.81,2112.5
HY-LOT-04,W03,-6,2,1,10,2.402,1.817,2126.74
HY-LOT-04,W03,-6,3,1,10,2.055,1.803,2094.43
HY-LOT-04,W03,-6,4,1,10,2.33,1.822,2064.96
HY-LOT-04,W03,-6,5,1,10,2.642,1.826,2117.33
HY-LOT-04,W03,-6,6,1,10,2.213,1.788,2082.9
HY-LOT-04,W03,-6,7,1,10,2.414,1.782,2116.77
HY-LOT-04,W03,-6,8,1,10,2.141,1.809,2114.27
HY-LOT-04,W03,-6,9,1,10,2.204,1.817,2112.48
HY-LOT-04,W03,-6,10,1,10,2.498,1.807,2114.11
HY-LOT-04,W03,-6,11,1,10,2.368,1.811,2114.87
HY-LOT-04,W03,-6,12,1,10,1.973,1.841,2091.14
HY-LOT-04,W03,-6,13,1,10,2.304,1.823,2100.39
HY-LOT-04,W03,-6,14,1,10,2.277,1.782,2088.8
HY-LOT-04,W03,-6,15,1,10,2.494,1.801,2119.01
HY-LOT-04,W03,-6,16,1,10,2.258,1.797,2127.1
HY-LOT-04,W03,-6,17,1,10,2.229,1.839,2109.78
HY-LOT-04,W03,-6,18,1,10,2.444,1.802,2090.14
HY-LOT-04,W03,-5,-18,1,10,2.001,1.806,2085.34
HY-LOT-04,W03,-5,-17,1,10,2.049,1.785,2097.41
HY-LOT-04,W03,-5,-16,1,10,2.243,1.805,2095.41
HY-LOT-04,W03,-5,-15,1,10,2.632,1.81,2087.33
HY-LOT-04,W03,-5,-14,1,10,2.383,1.794,2115.69
HY-LOT-04,W03,-5,-13,1,10,2.1,1.77,2088.81
HY-LOT-04,W03,-5,-12,1,10,2.557,1.814,2133.82
HY-LOT-04,W03,-5,-11,1,10,2.248,1.808,2116.28
HY-LOT-04,W03,-5,-10,1,10,2.563,1.794,2096.22
HY-LOT-04,W03,-5,-9,1,10,2.376,1.811,2113.21
HY-LOT-04,W03,-5,-8,1,10,2.246,1.786,2087.73
HY-LOT-04,W03,-5,-7,1,10,2.507,1.773,2110.86
HY-LOT-04,W03,-5,-6,1,10,2.284,1.812,2111.9
HY-LOT-04,W03,-5,-5,1,10,2.368,1.79,2113.41
HY-LOT-04,W03,-5,-4,1,10,2.298,1.784,2133.87
HY-LOT-04,W03,-5,-3,1,10,1.806,1.786,2116.17
HY-LOT-04,W03,-5,-2,1,10,2.209,1.784,2106.99
HY-LOT-04,W03,-5,-1,1,10,2.271,1.801,2094.54
HY-LOT-04,W03,-5,0,1,10,2.488,1.79,2129.92
HY-LOT-04,W03,-5,1,1,10,2.087,1.771,2085.11
HY-LOT-04,W03,-5,2,1,10,2.625,1.78,2071.45
HY-LOT-04,W03,-5,3,1,10,2.069,1.801,2092.63
HY-LOT-04,W03,-5,4,1,10,2.263,1.845,2099.32
HY-LOT-04,W03,-5,5,1,10,2.713,1.773,2144.8
HY-LOT-04,W03,-5,6,1,10,1.928,1.801,2112.89
HY-LOT-04,W03,-5,7,1,10,2.141,1.798,2109.94
HY-LOT-04,W03,-5,8,1,10,1.912,1.821,2122.22
HY-LOT-04,W03,-5,9,1,10,2.267,1.752,2081.41
HY-LOT-04,W03,-5,10,1,10,2.624,1.772,2090.84
HY-LOT-04,W03,-5,11,1,10,2.207,1.805,2088.7
HY-LOT-04,W03,-5,12,1,10,2.345,1.815,2102.38
HY-LOT-04,W03,-5,13,1,10,2.576,1.791,2133.32
HY-LOT-04,W03,-5,14,1,10,2.019,1.824,2074.22
HY-LOT-04,W03,-5,15,1,10,2.268,1.816,2093.98
HY-LOT-04,W03,-5,16,1,10,2.463,1.794,2115.83
HY-LOT-04,W03,-5,17,1,10,1.957,1.775,2101.64
HY-LOT-04,W03,-5,18,1,10,2.301,1.771,2121.38
HY-LOT-04,W03,-4,-18,1,10,2.198,1.803,2080.97
HY-LOT-04,W03,-4,-17,1,10,2.267,1.8,2106.78
HY-LOT-04,W03,-4,-16,1,10,2.345,1.826,2121.36
HY-LOT-04,W03,-4,-15,1,10,2.369,1.799,2097.73
HY-LOT-04,W03,-4,-14,2,21,2.266,1.8,2102.8
HY-LOT-04,W03,-4,-13,1,10,2.686,1.803,2105.02
HY-LOT-04,W03,-4,-12,1,10,2.045,1.811,2078.04
HY-LOT-04,W03,-4,-11,1,10,2.148,1.805,2096.41
HY-LOT-04,W03,-4,-10,1,10,2.27,1.822,2108.94
HY-LOT-04,W03,-4,-9,2,21,2.377,1.792,2070.92
HY-LOT-04,W03,-4,-8,1,10,1.988,1.803,2123.5
HY-LOT-04,W03,-4,-7,1,10,2.17,1.794,2090.56
HY-LOT-04,W03,-4,-6,1,10,2.365,1.822,2113.46
HY-LOT-04,W03,-4,-5,1,10,2.14,1.779,2103.69
HY-LOT-04,W03,-4,-4,1,10,2.115,1.811,2095.89
HY-LOT-04,W03,-4,-3,1,10,2.357,1.812,2087.91
HY-LOT-04,W03,-4,-2,1,10,2.101,1.792,2105.12
HY-LOT-04,W03,-4,-1,1,10,2.454,1.816,2112.21
HY-LOT-04,W03,-4,0,1,10,2.11,1.801,2073.87
HY-LOT-04,W03,-4,1,1,10,2.127,1.768,2122.03
HY-LOT-04,W03,-4,2,1,10,2.379,1.798,2075.86
HY-LOT-04,W03,-4,3,1,10,2.204,1.804,2117.34
HY-LOT-04,W03,-4,4,1,10,2.372,1.787,2084.81
HY-LOT-04,W03,-4,5,1,10,2.197,1.805,2127.35
HY-LOT-04,W03,-4,6,1,10,2.262,1.783,2101.73
HY-LOT-04,W03,-4,7,1,10,2.36,1.786,2102.58
HY-LOT-04,W03,-4,8,1,10,2.316,1.817,2108.43
HY-LOT-04,W03,-4,9,1,10,2.136,1.826,2095.4
HY-LOT-04,W03,-4,10,1,10,2.462,1.799,2106.15
HY-LOT-04,W03,-4,11,1,10,2.183,1.818,2054.18
HY-LOT-04,W03,-4,12,1,10,2.243,1.792,2091.03
HY-LOT-04,W03,-4,13,1,10,2.541,1.796,2087.21
HY-LOT-04,W03,-4,14,1,10,2.63,1.778,2093.41
HY-LOT-04,W03,-4,15,1,10,2.313,1.81,2126.94
HY-LOT-04,W03,-4,16,1,10,1.964,1.783,2084.74
HY-LOT-04,W03,-4,17,1,10,2.317,1.766,2112.38
HY-LOT-04,W03,-4,18,1,10,2.185,1.811,2085.32
HY-LOT-04,W03,-3,-19,1,10,2.179,1.791,2063.76
HY-LOT-04,W03,-3,-18,1,10,2.498,1.793,2098.98
HY-LOT-04,W03,-3,-17,1,10,1.908,1.796,2124.38
HY-LOT-04,W03,-3,-16,1,10,2.667,1.808,2115.28
HY-LOT-04,W03,-3,-15,1,10,2.303,1.801,2092.46
HY-LOT-04,W03,-3,-14,1,10,2.243,1.782,2115.29
HY-LOT-04,W03,-3,-13,1,10,2.247,1.81,2073.45
HY-LOT-04,W03,-3,-12,1,10,1.959,1.791,2090.06
HY-LOT-04,W03,-3,-11,1,10,2.475,1.805,2106.15
HY-LOT-04,W03,-3,-10,1,10,2.405,1.789,2112.63
HY-LOT-04,W03,-3,-9,1,10,2.177,1.79,2113.86
HY-LOT-04,W03,-3,-8,1,10,2.622,1.799,2130.08
HY-LOT-04,W03,-3,-7,1,10,2.29,1.788,2088.75
HY-LOT-04,W03,-3,-6,1,10,2.303,1.815,2100.25
HY-LOT-04,W03,-3,-5,1,10,2.399,1.758,2124.74
HY-LOT-04,W03,-3,-4,1,10,2.408,1.784,2104.03
HY-LOT-04,W03,-3,-3,1,10,2.031,1.833,2128.15
HY-LOT-04,W03,-3,-2,1,10,2.037,1.813,2112.96
HY-LOT-04,W03,-3,-1,1,10,2.046,1.783,2095.77
HY-LOT-04,W03,-3,0,1,10,2.119,1.781,2112.81
HY-LOT-04,W03,-3,1,1,10,2.431,1.817,2083.06
HY-LOT-04,W03,-3,2,1,10,2.573,1.832,2097.68
HY-LOT-04,W03,-3,3,1,10,2.246,1.803,2084.64
HY-LOT-04,W03,-3,4,1,10,2.498,1.821,2121.32
HY-LOT-04,W03,-3,5,1,10,2.76,1.772,2090.82
HY-LOT-04,W03,-3,6,1,10,2.36,1.767,2086.93
HY-LOT-04,W03,-3,7,1,10,2.317,1.829,2130.39
HY-LOT-04,W03,-3,8,1,10,1.843,1.784,2129.11
HY-LOT-04,W03,-3,9,1,10,2.149,1.787,2122.98
HY-LOT-04,W03,-3,10,1,10,1.788,1.786,2122.14
HY-LOT-04,W03,-3,11,1,10,2.726,1.769,2084.76
HY-LOT-04,W03,-3,12,1,10,2.098,1.807,2110.41
HY-LOT-04,W03,-3,13,1,10,2.565,1.775,2146.58
HY-LOT-04,W03,-3,14,1,10,2.248,1.804,2101.92
HY-LOT-04,W03,-3,15,1,10,2.568,1.85,2076.86
HY-LOT-04,W03,-3,16,1,10,2.779,1.829,2089.68
HY-LOT-04,W03,-3,17,1,10,2.182,1.832,2124.93
HY-LOT-04,W03,-3,18,1,10,2.322,1.824,2087.93
HY-LOT-04,W03,-3,19,1,10,2.329,1.803,2097.59
HY-LOT-04,W03,-2,-19,1,10,2.207,1.775,2083.85
HY-LOT-04,W03,-2,-18,1,10,2.563,1.836,2100.05
HY-LOT-04,W03,-2,-17,1,10,2.366,1.815,2124.03
HY-LOT-04,W03,-2,-16,1,10,2.441,1.782,2096.98
HY-LOT-04,W03,-2,-15,1,10,2.326,1.807,2084.25
HY-LOT-04,W03,-2,-14,1,10,2.425,1.775,2118.94
HY-LOT-04,W03,-2,-13,1,10,2.159,1.811,2086.4
HY-LOT-04,W03,-2,-12,1,10,2.184,1.794,2101.78
HY-LOT-04,W03,-2,-11,1,10,2.427,1.782,2084.96
HY-LOT-04,W03,-2,-10,1,10,2.279,1.837,2134.4
HY-LOT-04,W03,-2,-9,1,10,2.44,1.774,2059.16
HY-LOT-04,W03,-2,-8,1,10,2.319,1.798,2137.4
HY-LOT-04,W03,-2,-7,1,10,2.6,1.813,2117.14
HY-LOT-04,W03,-2,-6,1,10,2.251,1.796,2105.88
HY-LOT-04,W03,-2,-5,1,10,2.255,1.807,2082.36
HY-LOT-04,W03,-2,-4,1,10,2.119,1.785,2088.91
HY-LOT-04,W03,-2,-3,1,10,2.561,1.793,2120.94
HY-LOT-04,W03,-2,-2,1,10,2.276,1.819,2092.71
HY-LOT-04,W03,-2,-1,1,10,2.199,1.818,2082.89
HY-LOT-04,W03,-2,0,1,10,2.224,1.779,2138.2
HY-LOT-04,W03,-2,1,1,10,2.145,1.795,2097.01
HY-LOT-04,W03,-2,2,1,10,2.247,1.826,2080.52
HY-LOT-04,W03,-2,3,1,10,2.371,1.815,2074.71
HY-LOT-04,W03,-2,4,1,10,2.192,1.794,2106.66
HY-LOT-04,W03,-2,5,1,10,1.992,1.863,2090.01
HY-LOT-04,W03,-2,6,1,10,2.133,1.805,2094.2
HY-LOT-04,W03,-2,7,1,10,2.456,1.787,2098.14
HY-LOT-04,W03,-2,8,1,10,2.027,1.803,2107.14
HY-LOT-04,W03,-2,9,1,10,2.114,1.793,2082.45
HY-LOT-04,W03,-2,10,1,10,2.55,1.818,2074.28
HY-LOT-04,W03,-2,11,1,10,2.299,1.834,2125.99
HY-LOT-04,W03,-2,12,1,10,2.086,1.805,2119.69
HY-LOT-04,W03,-2,13,1,10,2.251,1.813,2082.21
HY-LOT-04,W03,-2,14,1,10,2.453,1.844,2089.38
HY-LOT-04,W03,-2,15,1,10,2.037,1.824,2091.74
HY-LOT-04,W03,-2,16,1,10,2.247,1.808,2120.48
HY-LOT-04,W03,-2,17,1,10,2.285,1.821,2125.63
HY-LOT-04,W03,-2,18,1,10,2.546,1.796,2093.63
HY-LOT-04,W03,-2,19,1,10,2.408,1.774,2097.44
HY-LOT-04,W03,-1,-19,1,10,2.279,1.747,2109.52
HY-LOT-04,W03,-1,-18,1,10,2.204,1.809,2072.44
HY-LOT-04,W03,-1,-17,1,10,2.499,1.799,2131.55
HY-LOT-04,W03,-1,-16,1,10,2.266,1.823,2133.84
HY-LOT-04,W03,-1,-15,1,10,2.592,1.791,2066.35
HY-LOT-04,W03,-1,-14,1,10,2.212,1.788,2107.5
HY-LOT-04,W03,-1,-13,1,10,2.257,1.768,2100.39
HY-LOT-04,W03,-1,-12,1,10,2.441,1.81,2098.39
HY-LOT-04,W03,-1,-11,1,10,2.139,1.788,2095.53
HY-LOT-04,W03,-1,-10,1,10,2.322,1.792,2102.27
HY-LOT-04,W03,-1,-9,1,10,2.524,1.8,2105.1
HY-LOT-04,W03,-1,-8,1,10,2.649,1.801,2115.75
HY-LOT-04,W03,-1,-7,1,10,2.541,1.794,2133.2
HY-LOT-04,W03,-1,-6,1,10,1.937,1.818,2105.07
HY-LOT-04,W03,-1,-5,1,10,2.498,1.815,2111.44
HY-LOT-04,W03,-1,-4,1,10,2.233,1.805,2101.49
HY-LOT-04,W03,-1,-3,1,10,2.551,1.818,2083.16
HY-LOT-04,W03,-1,-2,1,10,2.364,1.794,2117.93
HY-LOT-04,W03,-1,-1,1,10,2.398,1.812,2127.59
HY-LOT-04,W03,-1,0,1,10,2.461,1.813,2097.69
HY-LOT-04,W03,-1,1,1,10,2.783,1.814,2130.86
HY-LOT-04,W03,-1,2,1,10,2.578,1.808,2120.56
HY-LOT-04,W03,-1,3,1,10,2.119,1.803,2096.58
HY-LOT-04,W03,-1,4,1,10,2.484,1.797,2096.54
HY-LOT-04,W03,-1,5,1,10,2.362,1.786,2098.12
HY-LOT-04,W03,-1,6,1,10,2.271,1.765,2092.3
HY-LOT-04,W03,-1,7,1,10,1.973,1.775,2104.11
HY-LOT-04,W03,-1,8,1,10,2.252,1.783,2119.1
HY-LOT-04,W03,-1,9,1,10,2.223,1.816,2083.75
HY-LOT-04,W03,-1,10,1,10,2.222,1.827,2092.71
HY-LOT-04,W03,-1,11,1,10,2.635,1.796,2073.28
HY-LOT-04,W03,-1,12,1,10,2.074,1.775,2074.27
HY-LOT-04,W03,-1,13,1,10,2.175,1.792,2070.66
HY-LOT-04,W03,-1,14,1,10,2.08,1.819,2087.55
HY-LOT-04,W03,-1,15,1,10,2.349,1.792,2100.68
HY-LOT-04,W03,-1,16,1,10,2.186,1.817,2095.96
HY-LOT-04,W03,-1,17,1,10,2.139,1.785,2106.93
HY-LOT-04,W03,-1,18,1,10,2.337,1.762,2088.36
HY-LOT-04,W03,-1,19,1,10,2.312,1.793,2101.19
HY-LOT-04,W03,0,-19,1,10,2.394,1.818,2145.92
HY-LOT-04,W03,0,-18,1,10,2.494,1.785,2120.64
HY-LOT-04,W03,0,-17,1,10,2.47,1.807,2110.68
HY-LOT-04,W03,0,-16,1,10,2.384,1.773,2127.96
HY-LOT-04,W03,0,-15,1,10,2.563,1.791,2110.02
HY-LOT-04,W03,0,-14,1,10,2.273,1.802,2084.14
HY-LOT-04,W03,0,-13,1,10,2.124,1.825,2087.99
HY-LOT-04,W03,0,-12,1,10,2.018,1.81,2114.37
HY-LOT-04,W03,0,-11,2,21,2.581,1.804,2104.15
HY-LOT-04,W03,0,-10,1,10,2.264,1.779,2109.65
HY-LOT-04,W03,0,-9,1,10,2.243,1.82,2091.77
HY-LOT-04,W03,0,-8,2,21,2.137,1.818,2093.56
HY-LOT-04,W03,0,-7,1,10,2.602,1.787,2088.82
HY-LOT-04,W03,0,-6,1,10,2.463,1.788,2120.15
HY-LOT-04,W03,0,-5,1,10,2.26,1.779,2121.22
HY-LOT-04,W03,0,-4,1,10,2.127,1.804,2096.04
HY-LOT-04,W03,0,-3,1,10,2.331,1.797,2123.79
HY-LOT-04,W03,0,-2,1,10,2.414,1.809,2128.15
HY-LOT-04,W03,0,-1,1,10,2.371,1.79,2060.44
HY-LOT-04,W03,0,0,2,21,2.037,1.789,2111.61
HY-LOT-04,W03,0,1,1,10,2.38,1.786,2078.93
HY-LOT-04,W03,0,2,1,10,2.2,1.817,2075.6
HY-LOT-04,W03,0,3,1,10,2.672,1.774,2101.38
HY-LOT-04,W03,0,4,1,10,2.452,1.791,2084.99
HY-LOT-04,W03,0,5,1,10,2.013,1.78,2108.87
HY-LOT-04,W03,0,6,1,10,2.149,1.819,2096.57
HY-LOT-04,W03,0,7,1,10,2.289,1.794,2094.56
HY-LOT-04,W03,0,8,1,10,2.162,1.806,2087.11
HY-LOT-04,W03,0,9,1,10,2.307,1.792,2096.06
HY-LOT-04,W03,0,10,1,10,1.976,1.82,2139.39
HY-LOT-04,W03,0,11,1,10,1.966,1.82,2112.54
HY-LOT-04,W03,0,12,1,10,2.036,1.82,2121.43
HY-LOT-04,W03,0,13,1,10,2.366,1.796,2104.46
HY-LOT-04,W03,0,14,1,10,2.061,1.798,2104.66
HY-LOT-04,W03,0,15,1,10,2.484,1.831,2112.64
HY-LOT-04,W03,0,16,1,10,2.279,1.788,2106.73
HY-LOT-04,W03,0,17,1,10,2.256,1.811,2082.18
HY-LOT-04,W03,0,18,1,10,2.416,1.796,2095.26
HY-LOT-04,W03,0,19,1,10,1.878,1.767,2058.3
HY-LOT-04,W03,1,-19,1,10,2.367,1.807,2094.42
HY-LOT-04,W03,1,-18,1,10,2.348,1.789,2081.8
HY-LOT-04,W03,1,-17,1,10,2.138,1.798,2085.53
HY-LOT-04,W03,1,-16,1,10,2.231,1.816,2075.39
HY-LOT-04,W03,1,-15,1,10,2.438,1.806,2103.27
HY-LOT-04,W03,1,-14,1,10,2.568,1.808,2088.32
HY-LOT-04,W03,1,-13,1,10,2.426,1.827,2065.73
HY-LOT-04,W03,1,-12,1,10,1.85,1.778,2075.61
HY-LOT-04,W03,1,-11,1,10,2.416,1.83,2126.54
HY-LOT-04,W03,1,-10,1,10,2.144,1.81,2088.17
HY-LOT-04,W03,1,-9,1,10,2.529,1.804,2109.91
HY-LOT-04,W03,1,-8,1,10,2.659,1.79,2087.23
HY-LOT-04,W03,1,-7,1,10,2.179,1.835,2095.66
HY-LOT-04,W03,1,-6,1,10,2.275,1.804,2090.2
HY-LOT-04,W03,1,-5,1,10,2.538,1.781,2108.44
HY-LOT-04,W03,1,-4,1,10,2.396,1.819,2093.64
HY-LOT-04,W03,1,-3,1,10,2.196,1.775,2092.55
HY-LOT-04,W03,1,-2,1,10,2.267,1.79,2106.3
HY-LOT-04,W03,1,-1,1,10,2.059,1.798,2101.08
HY-LOT-04,W03,1,0,1,10,2.225,1.791,2087.07
HY-LOT-04,W03,1,1,1,10,2.201,1.777,2087.65
HY-LOT-04,W03,1,2,1,10,2.33,1.814,2097.08
HY-LOT-04,W03,1,3,1,10,2.451,1.793,2111.86
HY-LOT-04,W03,1,4,1,10,2.22,1.757,2086.48
HY-LOT-04,W03,1,5,1,10,2.152,1.783,2104.11
HY-LOT-04,W03,1,6,1,10,2.395,1.782,2107.98
HY-LOT-04,W03,1,7,1,10,2.503,1.77,2113.2
HY-LOT-04,W03,1,8,1,10,2.595,1.796,2107.67
HY-LOT-04,W03,1,9,1,10,2.222,1.805,2105.61
HY-LOT-04,W03,1,10,1,10,2.305,1.818,2131.57
HY-LOT-04,W03,1,11,1,10,2.422,1.817,2108.36
HY-LOT-04,W03,1,12,1,10,2.073,1.811,2082.53
HY-LOT-04,W03,1,13,1,10,2.47,1.796,2126.45
HY-LOT-04,W03,1,14,1,10,2.403,1.81,2106.06
HY-LOT-04,W03,1,15,1,10,2.158,1.819,2088.04
HY-LOT-04,W03,1,16,1,10,2.269,1.784,2103.83
HY-LOT-04,W03,1,17,1,10,2.669,1.802,2111.98
HY-LOT-04,W03,1,18,1,10,2.032,1.793,2096.17
HY-LOT-04,W03,1,19,1,10,2.66,1.812,2110.67
HY-LOT-04,W03,2,-19,1,10,2.478,1.827,2129.71
HY-LOT-04,W03,2,-18,1,10,2.472,1.826,2122.21
HY-LOT-04,W03,2,-17,1,10,2.41,1.769,2066.8
HY-LOT-04,W03,2,-16,1,10,2.29,1.788,2097.76
HY-LOT-04,W03,2,-15,1,10,1.792,1.808,2141.42
HY-LOT-04,W03,2,-14,1,10,2.471,1.828,2092.44
HY-LOT-04,W03,2,-13,1,10,2.514,1.802,2121.8
HY-LOT-04,W03,2,-12,1,10,1.948,1.812,2076.46
HY-LOT-04,W03,2,-11,1,10,2.542,1.78,2113.57
HY-LOT-04,W03,2,-10,1,10,2.417,1.798,2104.69
HY-LOT-04,W03,2,-9,1,10,2.486,1.834,2122.76
HY-LOT-04,W03,2,-8,1,10,2.132,1.804,2130.6
HY-LOT-04,W03,2,-7,1,10,2.232,1.8,2092.96
HY-LOT-04,W03,2,-6,1,10,2.379,1.829,2062.79
HY-LOT-04,W03,2,-5,1,10,2.467,1.802,2112.31
HY-LOT-04,W03,2,-4,1,10,2.504,1.801,2069.12
HY-LOT-04,W03,2,-3,1,10,2.34,1.819,2103.79
HY-LOT-04,W03,2,-2,1,10,2.638,1.774,2116.87
HY-LOT-04,W03,2,-1,1,10,2.299,1.809,2099.74
HY-LOT-04,W03,2,0,1,10,2.425,1.791,2108.67
HY-LOT-04,W03,2,1,1,10,2.385,1.783,2121.47
HY-LOT-04,W03,2,2,1,10,2.358,1.806,2106.16
HY-LOT-04,W03,2,3,1,10,2.067,1.812,2109.94
HY-LOT-04,W03,2,4,1,10,1.93,1.737,2076.26
HY-LOT-04,W03,2,5,1,10,2.338,1.791,2094.8
HY-LOT-04,W03,2,6,1,10,2.234,1.802,2101.86
HY-LOT-04,W03,2,7,1,10,2.578,1.783,2092.27
HY-LOT-04,W03,2,8,1,10,2.23,1.783,2099.37
HY-LOT-04,W03,2,9,1,10,2.337,1.786,2083.14
HY-LOT-04,W03,2,10,1,10,2.417,1.77,2092.88
HY-LOT-04,W03,2,11,1,10,2.471,1.841,2105.25
HY-LOT-04,W03,2,12,1,10,2.113,1.801,2118.04
HY-LOT-04,W03,2,13,1,10,2.119,1.796,2103.1
HY-LOT-04,W03,2,14,1,10,2.261,1.824,2121.86
HY-LOT-04,W03,2,15,1,10,2.473,1.816,2115.75
HY-LOT-04,W03,2,16,1,10,2.295,1.788,2120.01
HY-LOT-04,W03,2,17,1,10,2.426,1.786,2121.13
HY-LOT-04,W03,2,18,1,10,2.358,1.835,2108.92
HY-LOT-04,W03,2,19,1,10,2.323,1.839,2120.4
HY-LOT-04,W03,3,-19,1,10,2.346,1.799,2116.63
HY-LOT-04,W03,3,-18,1,10,2.238,1.806,2095.57
HY-LOT-04,W03,3,-17,1,10,2.136,1.778,2087.86
HY-LOT-04,W03,3,-16,1,10,2.115,1.816,2076.67
HY-LOT-04,W03,3,-15,1,10,2.637,1.775,2098.16
HY-LOT-04,W03,3,-14,1,10,2.364,1.801,2100.28
HY-LOT-04,W03,3,-13,1,10,2.329,1.816,2100.6
HY-LOT-04,W03,3,-12,1,10,2.389,1.822,2088.95
HY-LOT-04,W03,3,-11,1,10,2.442,1.814,2066.2
HY-LOT-04,W03,3,-10,1,10,2.421,1.796,2062.76
HY-LOT-04,W03,3,-9,2,21,2.324,1.825,2104.1
HY-LOT-04,W03,3,-8,1,10,2.255,1.816,2095.01
HY-LOT-04,W03,3,-7,1,10,2.584,1.807,2083.75
HY-LOT-04,W03,3,-6,1,10,2.147,1.807,2103.31
HY-LOT-04,W03,3,-5,1,10,2.262,1.791,2100.45
HY-LOT-04,W03,3,-4,1,10,2.288,1.807,2117.11
HY-LOT-04,W03,3,-3,1,10,2.1,1.863,2076.79
HY-LOT-04,W03,3,-2,1,10,2.09,1.825,2104.69
HY-LOT-04,W03,3,-1,1,10,2.354,1.788,2106.67
HY-LOT-04,W03,3,0,1,10,2.269,1.812,2111.42
HY-LOT-04,W03,3,1,1,10,2.174,1.789,2089.15
HY-LOT-04,W03,3,2,1,10,2.42,1.787,2103.79
HY-LOT-04,W03,3,3,1,10,2.548,1.791,2098.74
HY-LOT-04,W03,3,4,1,10,2.432,1.799,2124.13
HY-LOT-04,W03,3,5,1,10,2.23,1.826,2100.41
HY-LOT-04,W03,3,6,1,10,2.302,1.826,2112.03
HY-LOT-04,W03,3,7,1,10,2.37,1.794,2112.76
HY-LOT-04,W03,3,8,1,10,2.38,1.801,2073.54
HY-LOT-04,W03,3,9,1,10,2.064,1.831,2092.15
HY-LOT-04,W03,3,10,1,10,2.32,1.795,2099.12
HY-LOT-04,W03,3,11,1,10,2.034,1.777,2096.76
HY-LOT-04,W03,3,12,1,10,2,1.767,2121.25
HY-LOT-04,W03,3,13,1,10,2.147,1.783,2098.52
HY-LOT-04,W03,3,14,1,10,2.374,1.794,2103.65
HY-LOT-04,W03,3,15,1,10,2.332,1.815,2098.29
HY-LOT-04,W03,3,16,1,10,2.559,1.852,2112.55
HY-LOT-04,W03,3,17,1,10,2.402,1.814,2093.94
HY-LOT-04,W03,3,18,1,10,2.244,1.794,2088.27
HY-LOT-04,W03,3,19,1,10,2.357,1.765,2098
HY-LOT-04,W03,4,-18,1,10,2.553,1.81,2102.58
HY-LOT-04,W03,4,-17,1,10,2.61,1.781,2120.72
HY-LOT-04,W03,4,-16,1,10,2.361,1.821,2110.82
HY-LOT-04,W03,4,-15,1,10,2.267,1.821,2091.97
HY-LOT-04,W03,4,-14,1,10,2.121,1.809,2085.76
HY-LOT-04,W03,4,-13,1,10,2.332,1.8,2116.73
HY-LOT-04,W03,4,-12,1,10,2.542,1.776,2108.75
HY-LOT-04,W03,4,-11,1,10,2.296,1.802,2089.02
HY-LOT-04,W03,4,-10,1,10,2.292,1.798,2091.69
HY-LOT-04,W03,4,-9,1,10,1.855,1.801,2097.36
HY-LOT-04,W03,4,-8,1,10,2.645,1.829,2102.84
HY-LOT-04,W03,4,-7,1,10,2.276,1.794,2094.96
HY-LOT-04,W03,4,-6,1,10,2.417,1.797,2087.09
HY-LOT-04,W03,4,-5,1,10,2.296,1.8,2051.4
HY-LOT-04,W03,4,-4,1,10,2.369,1.814,2068.01
HY-LOT-04,W03,4,-3,1,10,2.521,1.815,2108.24
HY-LOT-04,W03,4,-2,1,10,2.15,1.767,2101.97
HY-LOT-04,W03,4,-1,1,10,2.175,1.804,2101.6
HY-LOT-04,W03,4,0,1,10,2.207,1.812,2098.48
HY-LOT-04,W03,4,1,1,10,2.171,1.829,2101.21
HY-LOT-04,W03,4,2,1,10,2.739,1.795,2101.35
HY-LOT-04,W03,4,3,1,10,2.434,1.806,2114.83
HY-LOT-04,W03,4,4,1,10,2.157,1.799,2118.4
HY-LOT-04,W03,4,5,1,10,2.396,1.796,2083.56
HY-LOT-04,W03,4,6,1,10,2.306,1.799,2094.07
HY-LOT-04,W03,4,7,1,10,2.272,1.793,2124.84
HY-LOT-04,W03,4,8,1,10,2.238,1.805,2134.98
HY-LOT-04,W03,4,9,1,10,2.485,1.804,2093.53
HY-LOT-04,W03,4,10,1,10,2.759,1.807,2094.13
HY-LOT-04,W03,4,11,1,10,2.374,1.795,2072.64
HY-LOT-04,W03,4,12,1,10,2.132,1.816,2079.99
HY-LOT-04,W03,4,13,1,10,2.399,1.767,2122.02
HY-LOT-04,W03,4,14,1,10,2.025,1.778,2085.72
HY-LOT-04,W03,4,15,1,10,2.13,1.804,2084.79
HY-LOT-04,W03,4,16,1,10,2.249,1.775,2123.21
HY-LOT-04,W03,4,17,1,10,2.228,1.799,2110.33
HY-LOT-04,W03,4,18,1,10,2.041,1.815,2088.99
HY-LOT-04,W03,5,-18,2,21,1.958,1.824,2085.77
HY-LOT-04,W03,5,-17,1,10,2.16,1.806,2076.95
HY-LOT-04,W03,5,-16,1,10,2.312,1.815,2100.62
HY-LOT-04,W03,5,-15,1,10,2.564,1.785,2071.99
HY-LOT-04,W03,5,-14,1,10,2.286,1.809,2079.72
HY-LOT-04,W03,5,-13,1,10,1.862,1.814,2150.04
HY-LOT-04,W03,5,-12,1,10,2.405,1.773,2087.1
HY-LOT-04,W03,5,-11,1,10,2.551,1.816,2092.08
HY-LOT-04,W03,5,-10,1,10,2.172,1.782,2121.25
HY-LOT-04,W03,5,-9,1,10,1.92,1.801,2089.16
HY-LOT-04,W03,5,-8,1,10,2.243,1.818,2098.38
HY-LOT-04,W03,5,-7,1,10,2.689,1.825,2089.13
HY-LOT-04,W03,5,-6,1,10,2.159,1.791,2120.87
HY-LOT-04,W03,5,-5,1,10,2.279,1.803,2073.18
HY-LOT-04,W03,5,-4,1,10,2.207,1.804,2107.89
HY-LOT-04,W03,5,-3,1,10,2.138,1.788,2101.05
HY-LOT-04,W03,5,-2,1,10,2.039,1.808,2095.67
HY-LOT-04,W03,5,-1,1,10,2.372,1.807,2101.24
HY-LOT-04,W03,5,0,1,10,2.253,1.833,2081.2
HY-LOT-04,W03,5,1,1,10,2.665,1.817,2107.3
HY-LOT-04,W03,5,2,1,10,2.453,1.841,2099.92
HY-LOT-04,W03,5,3,1,10,2.438,1.803,2111.04
HY-LOT-04,W03,5,4,1,10,2.3,1.783,2094.22
HY-LOT-04,W03,5,5,1,10,2.239,1.772,2068.47
HY-LOT-04,W03,5,6,1,10,2.363,1.832,2145.84
HY-LOT-04,W03,5,7,1,10,1.957,1.812,2114.19
HY-LOT-04,W03,5,8,1,10,2.73,1.795,2089.34
HY-LOT-04,W03,5,9,1,10,2.063,1.792,2048.74
HY-LOT-04,W03,5,10,1,10,2.526,1.82,2118.78
HY-LOT-04,W03,5,11,1,10,2.186,1.784,2084.97
HY-LOT-04,W03,5,12,1,10,2.109,1.769,2125.73
HY-LOT-04,W03,5,13,1,10,2.241,1.79,2103.5
HY-LOT-04,W03,5,14,1,10,2.454,1.778,2092.92
HY-LOT-04,W03,5,15,1,10,2.327,1.792,2084.03
HY-LOT-04,W03,5,16,1,10,2.215,1.782,2117.4
HY-LOT-04,W03,5,17,1,10,2.567,1.823,2082.57
HY-LOT-04,W03,5,18,1,10,2.119,1.792,2096.51
HY-LOT-04,W03,6,-18,1,10,2.059,1.819,2107.4
HY-LOT-04,W03,6,-17,1,10,2.08,1.794,2081.97
HY-LOT-04,W03,6,-16,1,10,2.385,1.808,2069.09
HY-LOT-04,W03,6,-15,1,10,2.44,1.797,2088.44
HY-LOT-04,W03,6,-14,1,10,2.372,1.779,2107.94
HY-LOT-04,W03,6,-13,1,10,2.307,1.836,2090.91
HY-LOT-04,W03,6,-12,1,10,2.201,1.792,2101.51
HY-LOT-04,W03,6,-11,1,10,2.365,1.806,2098.79
HY-LOT-04,W03,6,-10,1,10,2.601,1.82,2120.48
HY-LOT-04,W03,6,-9,1,10,2.151,1.831,2095.34
HY-LOT-04,W03,6,-8,1,10,2.25,1.805,2107.38
HY-LOT-04,W03,6,-7,1,10,2.067,1.802,2104.41
HY-LOT-04,W03,6,-6,1,10,2.019,1.781,2091.3
HY-LOT-04,W03,6,-5,1,10,2.147,1.803,2069.38
HY-LOT-04,W03,6,-4,1,10,1.965,1.846,2098.55
HY-LOT-04,W03,6,-3,1,10,2.344,1.802,2081.12
HY-LOT-04,W03,6,-2,1,10,2.305,1.817,2132.94
HY-LOT-04,W03,6,-1,1,10,2.429,1.768,2114.85
HY-LOT-04,W03,6,0,1,10,2.517,1.814,2108.88
HY-LOT-04,W03,6,1,1,10,2.266,1.788,2117.82
HY-LOT-04,W03,6,2,1,10,2.477,1.81,2052.86
HY-LOT-04,W03,6,3,1,10,2.403,1.798,2093.11
HY-LOT-04,W03,6,4,1,10,2.088,1.769,2090.91
HY-LOT-04,W03,6,5,1,10,2.319,1.808,2112.59
HY-LOT-04,W03,6,6,1,10,2.507,1.804,2105.73
HY-LOT-04,W03,6,7,1,10,2.219,1.825,2090.78
HY-LOT-04,W03,6,8,1,10,2.126,1.809,2127.39
HY-LOT-04,W03,6,9,1,10,2.685,1.795,2090.45
HY-LOT-04,W03,6,10,1,10,2.404,1.815,2102.76
HY-LOT-04,W03,6,11,1,10,2.561,1.774,2099.83
HY-LOT-04,W03,6,12,1,10,2.119,1.806,2084.45
HY-LOT-04,W03,6,13,1,10,1.965,1.781,2128.2
HY-LOT-04,W03,6,14,1,10,2.259,1.763,2097.49
HY-LOT-04,W03,6,15,1,10,2.289,1.812,2109.74
HY-LOT-04,W03,6,16,1,10,2.526,1.797,2104.58
HY-LOT-04,W03,6,17,1,10,2.303,1.808,2080.14
HY-LOT-04,W03,6,18,1,10,2.122,1.793,2097.22
HY-LOT-04,W03,7,-17,1,10,2.462,1.814,2094.98
HY-LOT-04,W03,7,-16,1,10,2.29,1.838,2110.47
HY-LOT-04,W03,7,-15,1,10,2.212,1.79,2109.32
HY-LOT-04,W03,7,-14,1,10,2.542,1.789,2097.37
HY-LOT-04,W03,7,-13,1,10,1.973,1.789,2104.21
HY-LOT-04,W03,7,-12,1,10,2.256,1.791,2096.36
HY-LOT-04,W03,7,-11,1,10,2.632,1.77,2103.97
HY-LOT-04,W03,7,-10,1,10,2.592,1.806,2076.87
HY-LOT-04,W03,7,-9,1,10,2.235,1.775,2067.26
HY-LOT-04,W03,7,-8,1,10,2.44,1.808,2095.04
HY-LOT-04,W03,7,-7,1,10,2.115,1.791,2112.85
HY-LOT-04,W03,7,-6,1,10,1.921,1.802,2091.49
HY-LOT-04,W03,7,-5,1,10,2.395,1.794,2088.54
HY-LOT-04,W03,7,-4,1,10,2.247,1.817,2116.77
HY-LOT-04,W03,7,-3,1,10,2.315,1.781,2115.96
HY-LOT-04,W03,7,-2,1,10,2.48,1.821,2106.87
HY-LOT-04,W03,7,-1,1,10,2.492,1.801,2078.16
HY-LOT-04,W03,7,0,1,10,2.371,1.807,2103.77
HY-LOT-04,W03,7,1,1,10,2.256,1.775,2089.76
HY-LOT-04,W03,7,2,1,10,2.086,1.798,2075.48
HY-LOT-04,W03,7,3,1,10,2.106,1.767,2088.67
HY-LOT-04,W03,7,4,1,10,2.738,1.801,2115.73
HY-LOT-04,W03,7,5,1,10,2.33,1.817,2116.47
HY-LOT-04,W03,7,6,1,10,2.523,1.824,2101.92
HY-LOT-04,W03,7,7,1,10,1.909,1.802,2107.69
HY-LOT-04,W03,7,8,1,10,2.546,1.794,2075.79
HY-LOT-04,W03,7,9,1,10,2.462,1.813,2112.05
HY-LOT-04,W03,7,10,1,10,2.096,1.808,2124.91
HY-LOT-04,W03,7,11,1,10,2.186,1.79,2069.87
HY-LOT-04,W03,7,12,1,10,2.165,1.826,2112.25
HY-LOT-04,W03,7,13,1,10,2.648,1.803,2092.39
HY-LOT-04,W03,7,14,1,10,2.209,1.798,2104.04
HY-LOT-04,W03,7,15,1,10,2.146,1.803,2086.53
HY-LOT-04,W03,7,16,1,10,2.002,1.776,2092.95
HY-LOT-04,W03,7,17,1,10,2.353,1.795,2092.14
HY-LOT-04,W03,8,-17,1,10,2.203,1.752,2089.77
HY-LOT-04,W03,8,-16,1,10,2.249,1.811,2103.02
HY-LOT-04,W03,8,-15,1,10,2.44,1.796,2096.23
HY-LOT-04,W03,8,-14,1,10,2.112,1.805,2110.73
HY-LOT-04,W03,8,-13,1,10,2.599,1.79,2080.65
HY-LOT-04,W03,8,-12,1,10,2.328,1.798,2124.66
HY-LOT-04,W03,8,-11,1,10,2.392,1.806,2129.87
HY-LOT-04,W03,8,-10,1,10,2.182,1.819,2082.71
HY-LOT-04,W03,8,-9,1,10,2.117,1.791,2121.62
HY-LOT-04,W03,8,-8,1,10,2.064,1.799,2119.15
HY-LOT-04,W03,8,-7,1,10,2.309,1.826,2085.92
HY-LOT-04,W03,8,-6,1,10,2.104,1.801,2087.58
HY-LOT-04,W03,8,-5,1,10,2.338,1.829,2104.89
HY-LOT-04,W03,8,-4,1,10,2.185,1.795,2113.25
HY-LOT-04,W03,8,-3,1,10,2.441,1.812,2090.21
HY-LOT-04,W03,8,-2,1,10,2.306,1.796,2080.91
HY-LOT-04,W03,8,-1,1,10,2.185,1.793,2117.22
HY-LOT-04,W03,8,0,1,10,2.121,1.762,2082.54
HY-LOT-04,W03,8,1,1,10,2.108,1.781,2105.1
HY-LOT-04,W03,8,2,1,10,2.132,1.802,2132.85
HY-LOT-04,W03,8,3,1,10,1.947,1.794,2098.18
HY-LOT-04,W03,8,4,1,10,1.993,1.791,2096.45
HY-LOT-04,W03,8,5,1,10,1.861,1.825,2120.87
HY-LOT-04,W03,8,6,1,10,2.127,1.801,2085.31
HY-LOT-04,W03,8,7,1,10,2.384,1.789,2111.65
HY-LOT-04,W03,8,8,1,10,2.428,1.8,2107.31
HY-LOT-04,W03,8,9,1,10,2.064,1.807,2103.94
HY-LOT-04,W03,8,10,1,10,2.719,1.842,2097.91
HY-LOT-04,W03,8,11,1,10,2.118,1.8,2098.62
HY-LOT-04,W03,8,12,1,10,2.225,1.797,2082.47
HY-LOT-04,W03,8,13,1,10,1.989,1.789,2083.6
HY-LOT-04,W03,8,14,1,10,2.309,1.773,2114.22
HY-LOT-04,W03,8,15,1,10,2.366,1.798,2104.3
HY-LOT-04,W03,8,16,1,10,2.003,1.795,2119.92
HY-LOT-04,W03,8,17,1,10,2.398,1.811,2098.48
HY-LOT-04,W03,9,-17,1,10,2.213,1.804,2104.91
HY-LOT-04,W03,9,-16,1,10,2.385,1.819,2084.69
HY-LOT-04,W03,9,-15,1,10,2.023,1.783,2105.5
HY-LOT-04,W03,9,-14,1,10,2.336,1.798,2091.92
HY-LOT-04,W03,9,-13,1,10,2.128,1.789,2093.79
HY-LOT-04,W03,9,-12,1,10,2.1,1.796,2114.45
HY-LOT-04,W03,9,-11,1,10,2.17,1.788,2071.55
HY-LOT-04,W03,9,-10,1,10,2.145,1.815,2120.76
HY-LOT-04,W03,9,-9,1,10,2.105,1.805,2084.2
HY-LOT-04,W03,9,-8,1,10,1.974,1.805,2094.39
HY-LOT-04,W03,9,-7,1,10,2.179,1.832,2116.53
HY-LOT-04,W03,9,-6,1,10,2.017,1.798,2107.72
HY-LOT-04,W03,9,-5,1,10,2.404,1.819,2108.04
HY-LOT-04,W03,9,-4,1,10,2.315,1.796,2103.9
HY-LOT-04,W03,9,-3,1,10,2.007,1.798,2070.16
HY-LOT-04,W03,9,-2,1,10,2.459,1.811,2114.68
HY-LOT-04,W03,9,-1,1,10,2.447,1.778,2122.84
HY-LOT-04,W03,9,0,1,10,2.711,1.815,2091.92
HY-LOT-04,W03,9,1,1,10,2.166,1.823,2080.38
HY-LOT-04,W03,9,2,1,10,2.213,1.787,2099.21
HY-LOT-04,W03,9,3,1,10,2.107,1.804,2112.3
HY-LOT-04,W03,9,4,1,10,2.082,1.763,2080.76
HY-LOT-04,W03,9,5,1,10,2.195,1.823,2115.83
HY-LOT-04,W03,9,6,1,10,2.169,1.813,2129.04
HY-LOT-04,W03,9,7,1,10,2.27,1.815,2115.53
HY-LOT-04,W03,9,8,1,10,2.165,1.784,2128.45
HY-LOT-04,W03,9,9,1,10,2.141,1.776,2117.79
HY-LOT-04,W03,9,10,1,10,2.282,1.804,2097.78
HY-LOT-04,W03,9,11,1,10,2.555,1.789,2116.96
HY-LOT-04,W03,9,12,1,10,2.27,1.787,2115.91
HY-LOT-04,W03,9,13,1,10,1.927,1.775,2113.31
HY-LOT-04,W03,9,14,1,10,2.135,1.813,2060.36
HY-LOT-04,W03,9,15,1,10,2.268,1.768,2103.37
HY-LOT-04,W03,9,16,1,10,2.131,1.817,2120.33
HY-LOT-04,W03,9,17,1,10,2.06,1.774,2103.25
HY-LOT-04,W03,10,-16,1,10,2.153,1.818,2092.31
HY-LOT-04,W03,10,-15,1,10,2.123,1.769,2112.26
HY-LOT-04,W03,10,-14,1,10,2.621,1.816,2130.18
HY-LOT-04,W03,10,-13,1,10,2.188,1.822,2120.15
HY-LOT-04,W03,10,-12,1,10,2.391,1.819,2102.75
HY-LOT-04,W03,10,-11,1,10,2.433,1.781,2114.07
HY-LOT-04,W03,10,-10,1,10,1.91,1.764,2087.32
HY-LOT-04,W03,10,-9,1,10,2.382,1.82,2092
HY-LOT-04,W03,10,-8,1,10,2.304,1.821,2105.39
HY-LOT-04,W03,10,-7,1,10,2.357,1.805,2134.7
HY-LOT-04,W03,10,-6,1,10,2.403,1.82,2105.46
HY-LOT-04,W03,10,-5,1,10,1.992,1.803,2064.58
HY-LOT-04,W03,10,-4,1,10,2.3,1.802,2108.4
HY-LOT-04,W03,10,-3,1,10,2.216,1.818,2082.93
HY-LOT-04,W03,10,-2,1,10,2.358,1.821,2122.83
HY-LOT-04,W03,10,-1,1,10,2.422,1.779,2108.56
HY-LOT-04,W03,10,0,1,10,2.076,1.816,2077.04
HY-LOT-04,W03,10,1,1,10,1.844,1.835,2128.82
HY-LOT-04,W03,10,2,1,10,2.535,1.788,2115.83
HY-LOT-04,W03,10,3,1,10,2.19,1.802,2105.42
HY-LOT-04,W03,10,4,1,10,2.164,1.835,2062.48
HY-LOT-04,W03,10,5,1,10,2.453,1.802,2082.22
HY-LOT-04,W03,10,6,1,10,2.412,1.815,2097.96
HY-LOT-04,W03,10,7,2,21,2.429,1.812,2110.45
HY-LOT-04,W03,10,8,1,10,2.03,1.779,2111.98
HY-LOT-04,W03,10,9,1,10,2.255,1.812,2082.89
HY-LOT-04,W03,10,10,1,10,2.494,1.777,2107.18
HY-LOT-04,W03,10,11,1,10,2.087,1.81,2117.02
HY-LOT-04,W03,10,12,1,10,2.268,1.811,2109.04
HY-LOT-04,W03,10,13,1,10,2.348,1.785,2110.42
HY-LOT-04,W03,10,14,1,10,2.151,1.8,2111.18
HY-LOT-04,W03,10,15,1,10,2.326,1.81,2095.55
HY-LOT-04,W03,10,16,1,10,2.436,1.782,2081.16
HY-LOT-04,W03,11,-15,1,10,2.297,1.803,2082.1
HY-LOT-04,W03,11,-14,1,10,2.365,1.802,2081.98
HY-LOT-04,W03,11,-13,1,10,2.501,1.812,2098.33
HY-LOT-04,W03,11,-12,1,10,2.375,1.794,2116.54
HY-LOT-04,W03,11,-11,1,10,1.573,1.788,2087.65
HY-LOT-04,W03,11,-10,1,10,2.403,1.841,2110.96
HY-LOT-04,W03,11,-9,1,10,2.053,1.821,2093.77
HY-LOT-04,W03,11,-8,1,10,2.052,1.771,2092.6
HY-LOT-04,W03,11,-7,1,10,2.117,1.775,2086.94
HY-LOT-04,W03,11,-6,1,10,2.478,1.829,2096.56
HY-LOT-04,W03,11,-5,1,10,2.48,1.808,2087.9
HY-LOT-04,W03,11,-4,1,10,2.029,1.786,2098.81
HY-LOT-04,W03,11,-3,1,10,2.551,1.793,2107.92
HY-LOT-04,W03,11,-2,1,10,2.264,1.813,2116.49
HY-LOT-04,W03,11,-1,1,10,2.501,1.826,2108.43
HY-LOT-04,W03,11,0,1,10,1.911,1.779,2130.29
HY-LOT-04,W03,11,1,1,10,2.203,1.817,2083.43
HY-LOT-04,W03,11,2,1,10,2.251,1.811,2077.55
HY-LOT-04,W03,11,3,1,10,2.221,1.799,2098.1
HY-LOT-04,W03,11,4,1,10,2.325,1.789,2082
HY-LOT-04,W03,11,5,1,10,2.614,1.795,2114.08
HY-LOT-04,W03,11,6,1,10,2.323,1.798,2128.32
HY-LOT-04,W03,11,7,1,10,2.622,1.788,2109.24
HY-LOT-04,W03,11,8,1,10,2.263,1.8,2122.38
HY-LOT-04,W03,11,9,1,10,2.074,1.794,2096.04
HY-LOT-04,W03,11,10,1,10,2.61,1.813,2079.22
HY-LOT-04,W03,11,11,1,10,2.59,1.818,2108.6
HY-LOT-04,W03,11,12,1,10,2.125,1.811,2084.88
HY-LOT-04,W03,11,13,1,10,2.602,1.799,2121.45
HY-LOT-04,W03,11,14,1,10,2.139,1.783,2106.34
HY-LOT-04,W03,11,15,1,10,2.246,1.769,2083.11
HY-LOT-04,W03,12,-15,1,10,2.04,1.798,2110.21
HY-LOT-04,W03,12,-14,1,10,2.285,1.786,2091.4
HY-LOT-04,W03,12,-13,1,10,2.292,1.796,2068.74
HY-LOT-04,W03,12,-12,1,10,2.196,1.813,2087.66
HY-LOT-04,W03,12,-11,1,10,2.567,1.803,2096.9
HY-LOT-04,W03,12,-10,1,10,2.24,1.833,2077.01
HY-LOT-04,W03,12,-9,1,10,2.437,1.828,2108.78
HY-LOT-04,W03,12,-8,1,10,2.148,1.812,2130.69
HY-LOT-04,W03,12,-7,1,10,2.179,1.833,2049
HY-LOT-04,W03,12,-6,1,10,2.393,1.799,2097.31
HY-LOT-04,W03,12,-5,1,10,2.259,1.786,2095.83
HY-LOT-04,W03,12,-4,1,10,1.816,1.785,2130.29
HY-LOT-04,W03,12,-3,1,10,2.449,1.821,2085.75
HY-LOT-04,W03,12,-2,1,10,2.026,1.824,2088.32
HY-LOT-04,W03,12,-1,1,10,1.953,1.783,2111.27
HY-LOT-04,W03,12,0,1,10,2.322,1.784,2103
HY-LOT-04,W03,12,1,1,10,2.042,1.782,2099.52
HY-LOT-04,W03,12,2,1,10,2.216,1.804,2119.75
HY-LOT-04,W03,12,3,1,10,2.447,1.79,2096.14
HY-LOT-04,W03,12,4,1,10,2.254,1.811,2116.79
HY-LOT-04,W03,12,5,1,10,2.578,1.825,2109.95
HY-LOT-04,W03,12,6,1,10,2.506,1.773,2106.9
HY-LOT-04,W03,12,7,1,10,1.995,1.787,2102.25
HY-LOT-04,W03,12,8,1,10,2.625,1.81,2062.04
HY-LOT-04,W03,12,9,1,10,2.342,1.824,2102.96
HY-LOT-04,W03,12,10,1,10,2.03,1.781,2121.13
HY-LOT-04,W03,12,11,2,21,2.11,1.82,2104.37
HY-LOT-04,W03,12,12,1,10,2.217,1.792,2103.62
HY-LOT-04,W03,12,13,1,10,2.356,1.802,2070.56
HY-LOT-04,W03,12,14,1,10,2.294,1.804,2100.28
HY-LOT-04,W03,12,15,1,10,2.093,1.82,2126.02
HY-LOT-04,W03,13,-14,1,10,2.558,1.8,2098.04
HY-LOT-04,W03,13,-13,1,10,2.12,1.804,2126.61
HY-LOT-04,W03,13,-12,1,10,2.232,1.827,2090.96
HY-LOT-04,W03,13,-11,1,10,1.904,1.827,2118.24
HY-LOT-04,W03,13,-10,1,10,2.444,1.824,2082.11
HY-LOT-04,W03,13,-9,1,10,2.429,1.81,2096.67
HY-LOT-04,W03,13,-8,1,10,2.457,1.747,2099.22
HY-LOT-04,W03,13,-7,1,10,2.023,1.823,2096.95
HY-LOT-04,W03,13,-6,1,10,2.715,1.82,2078.42
HY-LOT-04,W03,13,-5,1,10,2.033,1.806,2096.52
HY-LOT-04,W03,13,-4,1,10,1.913,1.783,2057.97
HY-LOT-04,W03,13,-3,1,10,2.351,1.813,2111.49
HY-LOT-04,W03,13,-2,1,10,2.412,1.786,2108.49
HY-LOT-04,W03,13,-1,1,10,2.628,1.788,2078.02
HY-LOT-04,W03,13,0,1,10,2.545,1.793,2080.52
HY-LOT-04,W03,13,1,1,10,2.383,1.77,2124.87
HY-LOT-04,W03,13,2,1,10,2.15,1.802,2126.64
HY-LOT-04,W03,13,3,1,10,1.984,1.797,2066.87
HY-LOT-04,W03,13,4,1,10,1.933,1.829,2100.02
HY-LOT-04,W03,13,5,1,10,2.686,1.814,2084.02
HY-LOT-04,W03,13,6,1,10,2.091,1.791,2102.61
HY-LOT-04,W03,13,7,1,10,2.784,1.775,2112.78
HY-LOT-04,W03,13,8,1,10,2.667,1.79,2086.24
HY-LOT-04,W03,13,9,1,10,2.427,1.776,2104.54
HY-LOT-04,W03,13,10,1,10,2.557,1.786,2094.93
HY-LOT-04,W03,13,11,1,10,2.215,1.8,2094.02
HY-LOT-04,W03,13,12,1,10,2.108,1.785,2080.35
HY-LOT-04,W03,13,13,1,10,1.957,1.799,2118.22
HY-LOT-04,W03,13,14,1,10,2.14,1.802,2068.32
HY-LOT-04,W03,14,-13,1,10,2.146,1.789,2088.82
HY-LOT-04,W03,14,-12,1,10,2.493,1.823,2122.89
HY-LOT-04,W03,14,-11,1,10,2.549,1.788,2096.99
HY-LOT-04,W03,14,-10,1,10,2.502,1.79,2099.98
HY-LOT-04,W03,14,-9,1,10,2.338,1.823,2112.51
HY-LOT-04,W03,14,-8,1,10,2.064,1.812,2111.57
HY-LOT-04,W03,14,-7,1,10,2.122,1.789,2091.24
HY-LOT-04,W03,14,-6,1,10,2.163,1.786,2071.91
HY-LOT-04,W03,14,-5,1,10,2.546,1.79,2101.11
HY-LOT-04,W03,14,-4,1,10,2.26,1.821,2087.91
HY-LOT-04,W03,14,-3,1,10,2.306,1.804,2118.96
HY-LOT-04,W03,14,-2,1,10,2.258,1.802,2095.6
HY-LOT-04,W03,14,-1,1,10,2.449,1.798,2090.29
HY-LOT-04,W03,14,0,1,10,2.23,1.811,2088.53
HY-LOT-04,W03,14,1,1,10,2.589,1.786,2082.36
HY-LOT-04,W03,14,2,1,10,2.253,1.789,2071.2
HY-LOT-04,W03,14,3,1,10,2.17,1.82,2075.05
HY-LOT-04,W03,14,4,1,10,2.007,1.79,2118.87
HY-LOT-04,W03,14,5,1,10,2.445,1.807,2118.52
HY-LOT-04,W03,14,6,1,10,2.363,1.769,2098.37
HY-LOT-04,W03,14,7,1,10,2.462,1.773,2096.63
HY-LOT-04,W03,14,8,1,10,2.386,1.757,2085.54
HY-LOT-04,W03,14,9,1,10,2.424,1.799,2125.74
HY-LOT-04,W03,14,10,1,10,2.276,1.799,2069.64
HY-LOT-04,W03,14,11,1,10,2.137,1.781,2108.44
HY-LOT-04,W03,14,12,1,10,2.459,1.833,2108.99
HY-LOT-04,W03,14,13,1,10,2.383,1.787,2071.17
HY-LOT-04,W03,15,-12,1,10,2.288,1.799,2103.22
HY-LOT-04,W03,15,-11,1,10,2.299,1.804,2088.52
HY-LOT-04,W03,15,-10,1,10,2.51,1.769,2131.6
HY-LOT-04,W03,15,-9,1,10,2.408,1.792,2119.58
HY-LOT-04,W03,15,-8,1,10,1.988,1.797,2107.55
HY-LOT-04,W03,15,-7,1,10,2.556,1.803,2113.96
HY-LOT-04,W03,15,-6,1,10,2.16,1.808,2126.75
HY-LOT-04,W03,15,-5,1,10,2.436,1.823,2103.45
HY-LOT-04,W03,15,-4,1,10,1.953,1.801,2091.65
HY-LOT-04,W03,15,-3,1,10,2.162,1.794,2131.57
HY-LOT-04,W03,15,-2,1,10,2.016,1.806,2094.02
HY-LOT-04,W03,15,-1,1,10,2.215,1.789,2097.78
HY-LOT-04,W03,15,0,1,10,2.205,1.83,2111.89
HY-LOT-04,W03,15,1,1,10,2.249,1.794,2124.37
HY-LOT-04,W03,15,2,1,10,2.34,1.794,2139.34
HY-LOT-04,W03,15,3,1,10,2.278,1.755,2068.47
HY-LOT-04,W03,15,4,1,10,2.318,1.778,2081.16
HY-LOT-04,W03,15,5,1,10,2.283,1.791,2101.74
HY-LOT-04,W03,15,6,1,10,2.064,1.835,2121.52
HY-LOT-04,W03,15,7,1,10,2.17,1.825,2087
HY-LOT-04,W03,15,8,1,10,2.459,1.789,2108.97
HY-LOT-04,W03,15,9,1,10,2.356,1.819,2057.06
HY-LOT-04,W03,15,10,1,10,2.437,1.803,2104.94
HY-LOT-04,W03,15,11,1,10,2.266,1.766,2085.94
HY-LOT-04,W03,15,12,1,10,2.282,1.792,2099.4
HY-LOT-04,W03,16,-10,1,10,2.366,1.788,2085.01
HY-LOT-04,W03,16,-9,1,10,2.316,1.799,2087.42
HY-LOT-04,W03,16,-8,1,10,2.075,1.801,2106.28
HY-LOT-04,W03,16,-7,1,10,2.419,1.805,2106.2
HY-LOT-04,W03,16,-6,1,10,2.491,1.796,2100.14
HY-LOT-04,W03,16,-5,1,10,2.599,1.795,2087.05
HY-LOT-04,W03,16,-4,1,10,2.151,1.804,2072.75
HY-LOT-04,W03,16,-3,1,10,2.485,1.781,2120.48
HY-LOT-04,W03,16,-2,1,10,2.24,1.793,2115.63
HY-LOT-04,W03,16,-1,1,10,2.102,1.81,2119.25
HY-LOT-04,W03,16,0,1,10,2.224,1.808,2093.54
HY-LOT-04,W03,16,1,1,10,2.478,1.815,2090.43
HY-LOT-04,W03,16,2,1,10,2.208,1.784,2085.41
HY-LOT-04,W03,16,3,1,10,2.65,1.834,2101.52
HY-LOT-04,W03,16,4,1,10,2.4,1.778,2101.47
HY-LOT-04,W03,16,5,1,10,2.094,1.812,2085.45
HY-LOT-04,W03,16,6,1,10,2.092,1.778,2085.87
HY-LOT-04,W03,16,7,1,10,2.884,1.784,2096.37
HY-LOT-04,W03,16,8,1,10,2.249,1.758,2100.53
HY-LOT-04,W03,16,9,1,10,2.479,1.809,2077.02
HY-LOT-04,W03,16,10,1,10,1.955,1.793,2115.15
HY-LOT-04,W03,17,-9,1,10,2.232,1.804,2082.86
HY-LOT-04,W03,17,-8,1,10,2.268,1.78,2067.64
HY-LOT-04,W03,17,-7,1,10,2.451,1.795,2113.12
HY-LOT-04,W03,17,-6,1,10,2.023,1.831,2115.97
HY-LOT-04,W03,17,-5,1,10,2.564,1.795,2116.11
HY-LOT-04,W03,17,-4,1,10,2.172,1.817,2104.75
HY-LOT-04,W03,17,-3,1,10,1.999,1.825,2112.22
HY-LOT-04,W03,17,-2,1,10,2.21,1.816,2091.77
HY-LOT-04,W03,17,-1,1,10,2.436,1.825,2083.76
HY-LOT-04,W03,17,0,1,10,2.065,1.806,2112.39
HY-LOT-04,W03,17,1,1,10,2.483,1.834,2095.05
HY-LOT-04,W03,17,2,1,10,2.305,1.817,2079.86
HY-LOT-04,W03,17,3,1,10,2.858,1.805,2102.97
HY-LOT-04,W03,17,4,1,10,2.409,1.802,2072.36
HY-LOT-04,W03,17,5,1,10,2.061,1.832,2091.67
HY-LOT-04,W03,17,6,1,10,2.055,1.795,2105.9
HY-LOT-04,W03,17,7,1,10,1.959,1.769,2082.9
HY-LOT-04,W03,17,8,1,10,1.978,1.809,2090.32
HY-LOT-04,W03,17,9,1,10,2.656,1.8,2109.11
HY-LOT-04,W03,18,-6,1,10,2.164,1.809,2107.41
HY-LOT-04,W03,18,-5,1,10,2.544,1.808,2117.97
HY-LOT-04,W03,18,-4,1,10,2.179,1.797,2078.18
HY-LOT-04,W03,18,-3,1,10,2.506,1.762,2124.44
HY-LOT-04,W03,18,-2,1,10,2.361,1.793,2100.05
HY-LOT-04,W03,18,-1,1,10,2.298,1.821,2081.37
HY-LOT-04,W03,18,0,1,10,1.969,1.806,2096.11
HY-LOT-04,W03,18,1,1,10,2.134,1.782,2111.06
HY-LOT-04,W03,18,2,1,10,2.166,1.805,2082.88
HY-LOT-04,W03,18,3,1,10,2.216,1.84,2119.26
HY-LOT-04,W03,18,4,1,10,2.44,1.814,2120.28
HY-LOT-04,W03,18,5,1,10,2.434,1.789,2095.69
HY-LOT-04,W03,18,6,1,10,2.295,1.779,2132.74
HY-LOT-04,W03,19,-3,1,10,2.459,1.824,2083.85
HY-LOT-04,W03,19,-2,1,10,2.189,1.793,2114.83
HY-LOT-04,W03,19,-1,1,10,2.846,1.809,2100.24
HY-LOT-04,W03,19,0,1,10,2.037,1.809,2108.99
HY-LOT-04,W03,19,1,1,10,2.271,1.814,2094.71
HY-LOT-04,W03,19,2,1,10,1.852,1.794,2093.95
HY-LOT-04,W03,19,3,1,10,2.199,1.797,2096.55
HY-LOT-04,W04,-19,-3,1,10,2.265,1.808,2126.06
HY-LOT-04,W04,-19,-2,1,10,2.036,1.781,2041.49
HY-LOT-04,W04,-19,-1,1,10,2.089,1.815,2082.42
HY-LOT-04,W04,-19,0,1,10,1.961,1.807,2106.04
HY-LOT-04,W04,-19,1,1,10,1.999,1.789,2119.57
HY-LOT-04,W04,-19,2,1,10,2.176,1.833,2062.23
HY-LOT-04,W04,-19,3,1,10,2.167,1.814,2096.44
HY-LOT-04,W04,-18,-6,1,10,1.922,1.822,2077.85
HY-LOT-04,W04,-18,-5,1,10,2.128,1.817,2092.01
HY-LOT-04,W04,-18,-4,1,10,2.19,1.79,2088.71
HY-LOT-04,W04,-18,-3,1,10,2.362,1.814,2121.27
HY-LOT-04,W04,-18,-2,1,10,2.245,1.784,2099.67
HY-LOT-04,W04,-18,-1,1,10,1.782,1.795,2100.34
HY-LOT-04,W04,-18,0,1,10,1.882,1.821,2135.16
HY-LOT-04,W04,-18,1,1,10,1.857,1.804,2061.83
HY-LOT-04,W04,-18,2,1,10,2.227,1.8,2099.95
HY-LOT-04,W04,-18,3,1,10,2.204,1.794,2084.14
HY-LOT-04,W04,-18,4,1,10,2.127,1.775,2054.43
HY-LOT-04,W04,-18,5,1,10,2.187,1.815,2110.6
HY-LOT-04,W04,-18,6,1,10,1.997,1.79,2094.51
HY-LOT-04,W04,-17,-9,1,10,1.767,1.761,2115.26
HY-LOT-04,W04,-17,-8,1,10,2.08,1.819,2093.06
HY-LOT-04,W04,-17,-7,1,10,1.927,1.788,2053.63
HY-LOT-04,W04,-17,-6,1,10,2.006,1.8,2081.23
HY-LOT-04,W04,-17,-5,1,10,2.101,1.793,2075.96
HY-LOT-04,W04,-17,-4,1,10,2.024,1.784,2105.5
HY-LOT-04,W04,-17,-3,1,10,2.406,1.799,2118.35
HY-LOT-04,W04,-17,-2,1,10,2.17,1.795,2091.55
HY-LOT-04,W04,-17,-1,1,10,2.103,1.793,2066.94
HY-LOT-04,W04,-17,0,1,10,2.24,1.811,2120.01
HY-LOT-04,W04,-17,1,1,10,2.2,1.797,2095.38
HY-LOT-04,W04,-17,2,1,10,2.018,1.809,2079.75
HY-LOT-04,W04,-17,3,1,10,2.482,1.805,2094.46
HY-LOT-04,W04,-17,4,1,10,1.956,1.808,2096.36
HY-LOT-04,W04,-17,5,1,10,2.1,1.798,2118.23
HY-LOT-04,W04,-17,6,1,10,1.757,1.806,2153.72
HY-LOT-04,W04,-17,7,1,10,2.039,1.769,2058.9
HY-LOT-04,W04,-17,8,1,10,2.239,1.791,2105.54
HY-LOT-04,W04,-17,9,1,10,1.743,1.768,2086.86
HY-LOT-04,W04,-16,-10,1,10,2.2,1.777,2106.39
HY-LOT-04,W04,-16,-9,1,10,2.334,1.79,2119.83
HY-LOT-04,W04,-16,-8,1,10,2.021,1.778,2057.04
HY-LOT-04,W04,-16,-7,1,10,2.228,1.782,2105.65
HY-LOT-04,W04,-16,-6,1,10,2.153,1.789,2068.61
HY-LOT-04,W04,-16,-5,1,10,2.1,1.804,2089.68
HY-LOT-04,W04,-16,-4,1,10,2.522,1.806,2089.35
HY-LOT-04,W04,-16,-3,1,10,1.864,1.796,2070.88
HY-LOT-04,W04,-16,-2,1,10,2.173,1.803,2138.06
HY-LOT-04,W04,-16,-1,1,10,1.83,1.815,2081.32
HY-LOT-04,W04,-16,0,1,10,1.885,1.798,2098.07
HY-LOT-04,W04,-16,1,1,10,2.278,1.813,2094.96
HY-LOT-04,W04,-16,2,1,10,2.092,1.796,2099.61
HY-LOT-04,W04,-16,3,1,10,1.854,1.8,2114.06
HY-LOT-04,W04,-16,4,1,10,2.168,1.778,2128.51
HY-LOT-04,W04,-16,5,1,10,2.148,1.796,2084.96
HY-LOT-04,W04,-16,6,1,10,2.516,1.806,2076.62
HY-LOT-04,W04,-16,7,1,10,2.308,1.832,2097.79
HY-LOT-04,W04,-16,8,1,10,2.273,1.785,2094.13
HY-LOT-04,W04,-16,9,1,10,2.202,1.803,2091.7
HY-LOT-04,W04,-16,10,1,10,2.064,1.784,2098.48
HY-LOT-04,W04,-15,-12,1,10,1.656,1.821,2083.31
HY-LOT-04,W04,-15,-11,1,10,2.028,1.792,2120.7
HY-LOT-04,W04,-15,-10,1,10,2.072,1.813,2097.64
HY-LOT-04,W04,-15,-9,1,10,2.074,1.814,2113.1
HY-LOT-04,W04,-15,-8,1,10,2.313,1.807,2079.35
HY-LOT-04,W04,-15,-7,1,10,2.013,1.813,2086.84
HY-LOT-04,W04,-15,-6,1,10,2.162,1.762,2136.3
HY-LOT-04,W04,-15,-5,1,10,2.17,1.827,2090.24
HY-LOT-04,W04,-15,-4,1,10,2.009,1.798,2091.6
HY-LOT-04,W04,-15,-3,1,10,1.997,1.767,2100.99
HY-LOT-04,W04,-15,-2,1,10,2.177,1.78,2120.98
HY-LOT-04,W04,-15,-1,1,10,2.153,1.81,2118.18
HY-LOT-04,W04,-15,0,1,10,2.079,1.75,2138.88
HY-LOT-04,W04,-15,1,1,10,2.566,1.777,2088.98
HY-LOT-04,W04,-15,2,1,10,1.937,1.785,2118.96
HY-LOT-04,W04,-15,3,1,10,1.832,1.79,2111.45
HY-LOT-04,W04,-15,4,1,10,1.822,1.8,2106.47
HY-LOT-04,W04,-15,5,1,10,2.267,1.77,2104.92
HY-LOT-04,W04,-15,6,2,21,2.214,1.782,2079.22
HY-LOT-04,W04,-15,7,1,10,2.526,1.79,2119.04
HY-LOT-04,W04,-15,8,1,10,2.139,1.779,2079.38
HY-LOT-04,W04,-15,9,1,10,2.317,1.782,2114.42
HY-LOT-04,W04,-15,10,1,10,2.554,1.805,2075.47
HY-LOT-04,W04,-15,11,1,10,2.36,1.802,2039.45
HY-LOT-04,W04,-15,12,1,10,1.977,1.742,2121.83
HY-LOT-04,W04,-14,-13,1,10,2.05,1.807,2087.4
HY-LOT-04,W04,-14,-12,1,10,1.899,1.769,2099.92
HY-LOT-04,W04,-14,-11,1,10,2.334,1.804,2082.51
HY-LOT-04,W04,-14,-10,1,10,2.161,1.832,2111.48
HY-LOT-04,W04,-14,-9,1,10,1.989,1.8,2119.99
HY-LOT-04,W04,-14,-8,1,10,1.97,1.778,2091.43
HY-LOT-04,W04,-14,-7,1,10,2.376,1.808,2089.55
HY-LOT-04,W04,-14,-6,1,10,1.937,1.796,2106.36
HY-LOT-04,W04,-14,-5,1,10,1.827,1.792,2092.01
HY-LOT-04,W04,-14,-4,1,10,2.007,1.805,2098.5
HY-LOT-04,W04,-14,-3,1,10,1.951,1.791,2086.03
HY-LOT-04,W04,-14,-2,1,10,2.395,1.808,2091.29
HY-LOT-04,W04,-14,-1,1,10,1.837,1.783,2113.07
HY-LOT-04,W04,-14,0,1,10,2.217,1.811,2074.16
HY-LOT-04,W04,-14,1,2,21,1.84,1.8,2113.85
HY-LOT-04,W04,-14,2,1,10,2.174,1.792,2074.58
HY-LOT-04,W04,-14,3,1,10,1.842,1.771,2125.23
HY-LOT-04,W04,-14,4,1,10,2.079,1.814,2094.17
HY-LOT-04,W04,-14,5,1,10,2.115,1.752,2099.31
HY-LOT-04,W04,-14,6,1,10,1.933,1.807,2086.18
HY-LOT-04,W04,-14,7,1,10,1.945,1.793,2127.16
HY-LOT-04,W04,-14,8,1,10,1.926,1.787,2103.12
HY-LOT-04,W04,-14,9,1,10,2.459,1.79,2105.41
HY-LOT-04,W04,-14,10,1,10,2.391,1.784,2093.83
HY-LOT-04,W04,-14,11,1,10,2.193,1.786,2084.62
HY-LOT-04,W04,-14,12,1,10,2.103,1.819,2088.54
HY-LOT-04,W04,-14,13,1,10,1.896,1.796,2111.24
HY-LOT-04,W04,-13,-14,1,10,1.983,1.802,2093.9
HY-LOT-04,W04,-13,-13,1,10,2.183,1.813,2114.76
HY-LOT-04,W04,-13,-12,1,10,2.333,1.815,2090.09
HY-LOT-04,W04,-13,-11,1,10,2.084,1.837,2098.75
HY-LOT-04,W04,-13,-10,1,10,2.082,1.773,2083.44
HY-LOT-04,W04,-13,-9,1,10,2.018,1.789,2131.65
HY-LOT-04,W04,-13,-8,1,10,2.25,1.807,2106.12
HY-LOT-04,W04,-13,-7,1,10,1.646,1.803,2081.1
HY-LOT-04,W04,-13,-6,1,10,1.922,1.802,2106.4
HY-LOT-04,W04,-13,-5,1,10,2.321,1.771,2091.73
HY-LOT-04,W04,-13,-4,1,10,2.109,1.795,2075.25
HY-LOT-04,W04,-13,-3,1,10,2.161,1.825,2088.81
HY-LOT-04,W04,-13,-2,1,10,2.316,1.778,2105.87
HY-LOT-04,W04,-13,-1,1,10,1.956,1.818,2070.8
HY-LOT-04,W04,-13,0,1,10,2.226,1.793,2087.05
HY-LOT-04,W04,-13,1,1,10,1.922,1.801,2105.26
HY-LOT-04,W04,-13,2,1,10,2.26,1.8,2065.03
HY-LOT-04,W04,-13,3,1,10,2.32,1.794,2099.01
HY-LOT-04,W04,-13,4,1,10,2.075,1.804,2091.03
HY-LOT-04,W04,-13,5,1,10,2.165,1.795,2098.66
HY-LOT-04,W04,-13,6,1,10,2.469,1.775,2098.32
HY-LOT-04,W04,-13,7,1,10,1.738,1.815,2085.32
HY-LOT-04,W04,-13,8,1,10,2.296,1.823,2095.46
HY-LOT-04,W04,-13,9,1,10,2.285,1.801,2112.64
HY-LOT-04,W04,-13,10,1,10,2.314,1.782,2074.73
HY-LOT-04,W04,-13,11,1,10,1.899,1.831,2107.92
HY-LOT-04,W04,-13,12,1,10,2.267,1.792,2108.83
HY-LOT-04,W04,-13,13,1,10,2.061,1.818,2111.4
HY-LOT-04,W04,-13,14,1,10,1.925,1.791,2068
HY-LOT-04,W04,-12,-15,2,21,2.142,1.783,2094.86
HY-LOT-04,W04,-12,-14,1,10,1.928,1.777,2076.83
HY-LOT-04,W04,-12,-13,1,10,2,1.835,2099.5
HY-LOT-04,W04,-12,-12,1,10,2.234,1.791,2090.46
HY-LOT-04,W04,-12,-11,1,10,1.968,1.817,2115.67
HY-LOT-04,W04,-12,-10,1,10,2.074,1.793,2084.01
HY-LOT-04,W04,-12,-9,1,10,1.963,1.801,2090.82
HY-LOT-04,W04,-12,-8,1,10,2.33,1.811,2089.9
HY-LOT-04,W04,-12,-7,1,10,1.9,1.795,2051.16
HY-LOT-04,W04,-12,-6,1,10,2.138,1.791,2097.55
HY-LOT-04,W04,-12,-5,1,10,2.194,1.807,2096.05
HY-LOT-04,W04,-12,-4,1,10,1.905,1.819,2081.22
HY-LOT-04,W04,-12,-3,1,10,2.02,1.795,2112.4
HY-LOT-04,W04,-12,-2,1,10,2.337,1.798,2113.33
HY-LOT-04,W04,-12,-1,1,10,2.168,1.812,2109.76
HY-LOT-04,W04,-12,0,1,10,2.262,1.821,2092.95
HY-LOT-04,W04,-12,1,1,10,1.851,1.826,2112.08
HY-LOT-04,W04,-12,2,1,10,2.125,1.8,2089.49
HY-LOT-04,W04,-12,3,1,10,1.629,1.802,2087.37
HY-LOT-04,W04,-12,4,1,10,1.979,1.795,2094.29
HY-LOT-04,W04,-12,5,1,10,2.366,1.816,2092.66
HY-LOT-04,W04,-12,6,1,10,1.769,1.806,2109.46
HY-LOT-04,W04,-12,7,1,10,2.188,1.781,2072.04
HY-LOT-04,W04,-12,8,1,10,1.813,1.784,2104.28
HY-LOT-04,W04,-12,9,1,10,1.989,1.821,2105.93
HY-LOT-04,W04,-12,10,1,10,2.516,1.806,2103.32
HY-LOT-04,W04,-12,11,1,10,1.989,1.826,2117.75
HY-LOT-04,W04,-12,12,1,10,2.522,1.77,2078.31
HY-LOT-04,W04,-12,13,1,10,2.531,1.816,2100.54
HY-LOT-04,W04,-12,14,1,10,2.066,1.796,2095.66
HY-LOT-04,W04,-12,15,1,10,1.916,1.767,2080.82
HY-LOT-04,W04,-11,-15,1,10,2.012,1.764,2103.7
HY-LOT-04,W04,-11,-14,1,10,2.483,1.792,2083.32
HY-LOT-04,W04,-11,-13,1,10,2.174,1.784,2107.85
HY-LOT-04,W04,-11,-12,1,10,2.143,1.817,2089.29
HY-LOT-04,W04,-11,-11,1,10,1.797,1.797,2098.18
HY-LOT-04,W04,-11,-10,1,10,1.863,1.777,2094.21
HY-LOT-04,W04,-11,-9,1,10,2.105,1.794,2094.9
HY-LOT-04,W04,-11,-8,1,10,2.095,1.795,2092.85
HY-LOT-04,W04,-11,-7,1,10,1.99,1.796,2103.39
HY-LOT-04,W04,-11,-6,1,10,2.045,1.788,2095.44
HY-LOT-04,W04,-11,-5,1,10,2.255,1.769,2052.63
HY-LOT-04,W04,-11,-4,1,10,2.085,1.802,2093.96
HY-LOT-04,W04,-11,-3,1,10,2.114,1.777,2101.61
HY-LOT-04,W04,-11,-2,1,10,2.235,1.798,2110.84
HY-LOT-04,W04,-11,-1,1,10,2.007,1.799,2089.21
HY-LOT-04,W04,-11,0,1,10,2.103,1.807,2108.36
HY-LOT-04,W04,-11,1,1,10,1.982,1.776,2089.84
HY-LOT-04,W04,-11,2,1,10,2.004,1.781,2073.03
HY-LOT-04,W04,-11,3,1,10,1.82,1.81,2079.98
HY-LOT-04,W04,-11,4,1,10,2.097,1.817,2087.93
HY-LOT-04,W04,-11,5,1,10,2.16,1.809,2071.27
HY-LOT-04,W04,-11,6,1,10,2.217,1.781,2099.94
HY-LOT-04,W04,-11,7,1,10,1.998,1.796,2077.89
HY-LOT-04,W04,-11,8,1,10,2.289,1.793,2060.76
HY-LOT-04,W04,-11,9,1,10,1.978,1.8,2069.49
HY-LOT-04,W04,-11,10,1,10,1.999,1.765,2082.16
HY-LOT-04,W04,-11,11,1,10,2.042,1.803,2102.74
HY-LOT-04,W04,-11,12,1,10,2.142,1.8,2074.48
HY-LOT-04,W04,-11,13,1,10,2.346,1.776,2087.47
HY-LOT-04,W04,-11,14,1,10,1.952,1.784,2108.37
HY-LOT-04,W04,-11,15,1,10,2.071,1.816,2059.48
HY-LOT-04,W04,-10,-16,1,10,2.112,1.751,2105.06
HY-LOT-04,W04,-10,-15,1,10,2.099,1.804,2084.31
HY-LOT-04,W04,-10,-14,1,10,2.272,1.781,2123.78
HY-LOT-04,W04,-10,-13,1,10,2.421,1.774,2080.65
HY-LOT-04,W04,-10,-12,1,10,2.207,1.792,2069.72
HY-LOT-04,W04,-10,-11,1,10,1.942,1.768,2086.07
HY-LOT-04,W04,-10,-10,1,10,1.906,1.807,2093.67
HY-LOT-04,W04,-10,-9,2,21,1.796,1.796,2103.71
HY-LOT-04,W04,-10,-8,1,10,1.75,1.835,2074.67
HY-LOT-04,W04,-10,-7,1,10,2.022,1.8,2068.91
HY-LOT-04,W04,-10,-6,1,10,2.288,1.761,2090.04
HY-LOT-04,W04,-10,-5,1,10,2.286,1.83,2096.56
HY-LOT-04,W04,-10,-4,1,10,2.306,1.81,2119.92
HY-LOT-04,W04,-10,-3,1,10,1.702,1.809,2101.89
HY-LOT-04,W04,-10,-2,1,10,2.028,1.782,2103.73
HY-LOT-04,W04,-10,-1,1,10,2.017,1.818,2070.81
HY-LOT-04,W04,-10,0,1,10,1.864,1.81,2080.35
HY-LOT-04,W04,-10,1,1,10,1.914,1.799,2102.11
HY-LOT-04,W04,-10,2,1,10,1.811,1.815,2106.19
HY-LOT-04,W04,-10,3,1,10,1.906,1.776,2085.1
HY-LOT-04,W04,-10,4,1,10,2.114,1.792,2088.38
HY-LOT-04,W04,-10,5,1,10,2.115,1.821,2074.5
HY-LOT-04,W04,-10,6,1,10,2.062,1.791,2097.9
HY-LOT-04,W04,-10,7,1,10,1.898,1.789,2129.01
HY-LOT-04,W04,-10,8,1,10,2.504,1.831,2080.87
HY-LOT-04,W04,-10,9,1,10,2.112,1.824,2119.98
HY-LOT-04,W04,-10,10,1,10,2.004,1.789,2084.22
HY-LOT-04,W04,-10,11,1,10,2.237,1.788,2085.14
HY-LOT-04,W04,-10,12,1,10,1.92,1.797,2115.95
HY-LOT-04,W04,-10,13,1,10,2.173,1.79,2131.99
HY-LOT-04,W04,-10,14,1,10,1.991,1.806,2131.31
HY-LOT-04,W04,-10,15,1,10,1.932,1.781,2152.29
HY-LOT-04,W04,-10,16,1,10,1.888,1.79,2128.36
HY-LOT-04,W04,-9,-17,1,10,2.084,1.815,2080.53
HY-LOT-04,W04,-9,-16,1,10,2.218,1.802,2087.72
HY-LOT-04,W04,-9,-15,1,10,2.082,1.844,2103.96
HY-LOT-04,W04,-9,-14,1,10,2.127,1.794,2091.4
HY-LOT-04,W04,-9,-13,1,10,2.052,1.79,2089.37
HY-LOT-04,W04,-9,-12,1,10,2.132,1.797,2087.43
HY-LOT-04,W04,-9,-11,1,10,1.793,1.792,2097.98
HY-LOT-04,W04,-9,-10,1,10,2.292,1.779,2117.99
HY-LOT-04,W04,-9,-9,1,10,2.095,1.782,2126.1
HY-LOT-04,W04,-9,-8,1,10,2.181,1.82,2091.9
HY-LOT-04,W04,-9,-7,1,10,1.943,1.796,2105.16
HY-LOT-04,W04,-9,-6,1,10,2.311,1.784,2097.58
HY-LOT-04,W04,-9,-5,1,10,2.323,1.808,2103.84
HY-LOT-04,W04,-9,-4,1,10,2.316,1.805,2103.64
HY-LOT-04,W04,-9,-3,1,10,2.206,1.803,2105.42
HY-LOT-04,W04,-9,-2,1,10,1.993,1.793,2092.37
HY-LOT-04,W04,-9,-1,1,10,2.418,1.842,2099.24
HY-LOT-04,W04,-9,0,1,10,2.046,1.814,2104.82
HY-LOT-04,W04,-9,1,1,10,2.127,1.792,2096.8
HY-LOT-04,W04,-9,2,1,10,2.086,1.781,2080.13
HY-LOT-04,W04,-9,3,1,10,2.263,1.791,2079.35
HY-LOT-04,W04,-9,4,1,10,1.871,1.81,2119.68
HY-LOT-04,W04,-9,5,1,10,1.749,1.773,2094.88
HY-LOT-04,W04,-9,6,1,10,1.907,1.814,2111.4
HY-LOT-04,W04,-9,7,1,10,1.868,1.787,2082.95
HY-LOT-04,W04,-9,8,1,10,1.863,1.826,2103.46
HY-LOT-04,W04,-9,9,1,10,1.938,1.791,2106
HY-LOT-04,W04,-9,10,1,10,1.741,1.791,2130.11
HY-LOT-04,W04,-9,11,1,10,1.837,1.785,2092.67
HY-LOT-04,W04,-9,12,1,10,2.108,1.797,2107.51
HY-LOT-04,W04,-9,13,1,10,2.06,1.789,2103.78
HY-LOT-04,W04,-9,14,1,10,2.427,1.815,2106.84
HY-LOT-04,W04,-9,15,1,10,2.475,1.782,2140.37
HY-LOT-04,W04,-9,16,1,10,2.279,1.811,2097.13
HY-LOT-04,W04,-9,17,1,10,1.812,1.8,2081.56
HY-LOT-04,W04,-8,-17,1,10,1.881,1.806,2114.36
HY-LOT-04,W04,-8,-16,1,10,2.351,1.849,2096.35
HY-LOT-04,W04,-8,-15,1,10,1.902,1.8,2079.92
HY-LOT-04,W04,-8,-14,1,10,1.945,1.804,2085.23
HY-LOT-04,W04,-8,-13,1,10,1.997,1.818,2093.76
HY-LOT-04,W04,-8,-12,1,10,1.807,1.819,2102.88
HY-LOT-04,W04,-8,-11,1,10,2.535,1.792,2088.66
HY-LOT-04,W04,-8,-10,1,10,2.362,1.784,2105.24
HY-LOT-04,W04,-8,-9,1,10,2.18,1.821,2069.81
HY-LOT-04,W04,-8,-8,1,10,2.251,1.814,2107.85
HY-LOT-04,W04,-8,-7,1,10,1.971,1.788,2090.04
HY-LOT-04,W04,-8,-6,1,10,1.642,1.81,2080.43
HY-LOT-04,W04,-8,-5,1,10,1.797,1.801,2104.32
HY-LOT-04,W04,-8,-4,1,10,2.272,1.786,2104.22
HY-LOT-04,W04,-8,-3,1,10,2.115,1.789,2092.83
HY-LOT-04,W04,-8,-2,1,10,2.409,1.816,2092.46
HY-LOT-04,W04,-8,-1,1,10,1.844,1.801,2088.71
HY-LOT-04,W04,-8,0,1,10,1.937,1.811,2127.23
HY-LOT-04,W04,-8,1,1,10,2.051,1.812,2054.24
HY-LOT-04,W04,-8,2,1,10,2.657,1.818,2103.44
HY-LOT-04,W04,-8,3,1,10,1.92,1.792,2116.12
HY-LOT-04,W04,-8,4,1,10,2.049,1.768,2097.66
HY-LOT-04,W04,-8,5,1,10,2.245,1.825,2105.46
HY-LOT-04,W04,-8,6,1,10,2.323,1.838,2140.09
HY-LOT-04,W04,-8,7,1,10,1.993,1.825,2077.78
HY-LOT-04,W04,-8,8,1,10,2.296,1.846,2081.78
HY-LOT-04,W04,-8,9,1,10,2.102,1.801,2092.38
HY-LOT-04,W04,-8,10,1,10,2.441,1.81,2112.57
HY-LOT-04,W04,-8,11,1,10,2.183,1.806,2123.9
HY-LOT-04,W04,-8,12,1,10,2.485,1.791,2115.17
HY-LOT-04,W04,-8,13,1,10,2.175,1.788,2105.86
HY-LOT-04,W04,-8,14,1,10,2.071,1.801,2103.94
HY-LOT-04,W04,-8,15,1,10,1.88,1.827,2122.14
HY-LOT-04,W04,-8,16,1,10,2.53,1.773,2141.05
HY-LOT-04,W04,-8,17,1,10,2.118,1.808,2084.39
HY-LOT-04,W04,-7,-17,1,10,1.906,1.794,2081.1
HY-LOT-04,W04,-7,-16,1,10,2.016,1.827,2088.55
HY-LOT-04,W04,-7,-15,1,10,2.052,1.771,2091.8
HY-LOT-04,W04,-7,-14,1,10,1.876,1.812,2088.69
HY-LOT-04,W04,-7,-13,1,10,2.367,1.79,2098.94
HY-LOT-04,W04,-7,-12,1,10,2.1,1.832,2083.49
HY-LOT-04,W04,-7,-11,1,10,1.628,1.82,2097.48
HY-LOT-04,W04,-7,-10,1,10,1.975,1.79,2124.2
HY-LOT-04,W04,-7,-9,1,10,2.237,1.801,2059.93
HY-LOT-04,W04,-7,-8,1,10,2.461,1.819,2066.79
HY-LOT-04,W04,-7,-7,1,10,2.5,1.791,2138.78
HY-LOT-04,W04,-7,-6,1,10,2.176,1.776,2107.45
HY-LOT-04,W04,-7,-5,1,10,1.868,1.806,2075.08
HY-LOT-04,W04,-7,-4,1,10,1.957,1.771,2113.8
HY-LOT-04,W04,-7,-3,1,10,2.044,1.786,2102.81
HY-LOT-04,W04,-7,-2,1,10,2.194,1.794,2108.62
HY-LOT-04,W04,-7,-1,1,10,1.725,1.815,2101.07
HY-LOT-04,W04,-7,0,1,10,2.403,1.8,2114.44
HY-LOT-04,W04,-7,1,1,10,1.956,1.824,2090.36
HY-LOT-04,W04,-7,2,1,10,1.837,1.806,2116.15
HY-LOT-04,W04,-7,3,1,10,1.826,1.786,2081.66
HY-LOT-04,W04,-7,4,1,10,2.069,1.831,2069.18
HY-LOT-04,W04,-7,5,1,10,1.819,1.839,2111.42
HY-LOT-04,W04,-7,6,1,10,2.032,1.783,2098.12
HY-LOT-04,W04,-7,7,1,10,1.779,1.805,2094.78
HY-LOT-04,W04,-7,8,1,10,1.853,1.787,2100.33
HY-LOT-04,W04,-7,9,1,10,2.175,1.797,2094.28
HY-LOT-04,W04,-7,10,1,10,2.195,1.799,2123.76
HY-LOT-04,W04,-7,11,1,10,1.894,1.801,2068.42
HY-LOT-04,W04,-7,12,1,10,1.805,1.822,2090.66
HY-LOT-04,W04,-7,13,1,10,1.882,1.799,2104.29
HY-LOT-04,W04,-7,14,1,10,2.286,1.805,2129.69
HY-LOT-04,W04,-7,15,1,10,2.022,1.784,2085.15
HY-LOT-04,W04,-7,16,1,10,2.045,1.802,2118.2
HY-LOT-04,W04,-7,17,1,10,2.043,1.803,2101.89
HY-LOT-04,W04,-6,-18,1,10,2.377,1.787,2105.81
HY-LOT-04,W04,-6,-17,1,10,2.156,1.814,2115.58
HY-LOT-04,W04,-6,-16,1,10,1.936,1.806,2133.61
HY-LOT-04,W04,-6,-15,1,10,2.481,1.79,2099.61
HY-LOT-04,W04,-6,-14,1,10,1.884,1.791,2096.63
HY-LOT-04,W04,-6,-13,1,10,2.129,1.815,2120.1
HY-LOT-04,W04,-6,-12,1,10,1.961,1.814,2114.1
HY-LOT-04,W04,-6,-11,1,10,1.951,1.79,2076.95
HY-LOT-04,W04,-6,-10,1,10,1.927,1.798,2123.02
HY-LOT-04,W04,-6,-9,1,10,1.707,1.806,2099.6
HY-LOT-04,W04,-6,-8,1,10,2.029,1.812,2096.83
HY-LOT-04,W04,-6,-7,1,10,2.067,1.815,2077.54
HY-LOT-04,W04,-6,-6,1,10,1.989,1.757,2111.07
HY-LOT-04,W04,-6,-5,1,10,2.363,1.826,2113.57
HY-LOT-04,W04,-6,-4,1,10,2.337,1.8,2108.4
HY-LOT-04,W04,-6,-3,1,10,2.023,1.832,2108.23
HY-LOT-04,W04,-6,-2,1,10,2.149,1.804,2077.63
HY-LOT-04,W04,-6,-1,1,10,1.927,1.781,2085.04
HY-LOT-04,W04,-6,0,1,10,2.252,1.786,2105.02
HY-LOT-04,W04,-6,1,1,10,1.648,1.78,2097.48
HY-LOT-04,W04,-6,2,1,10,2.278,1.802,2106.33
HY-LOT-04,W04,-6,3,1,10,2.331,1.809,2128.71
HY-LOT-04,W04,-6,4,1,10,1.686,1.807,2104.71
HY-LOT-04,W04,-6,5,1,10,2.167,1.8,2101.6
HY-LOT-04,W04,-6,6,1,10,2.253,1.843,2063.77
HY-LOT-04,W04,-6,7,1,10,2.459,1.799,2089.77
HY-LOT-04,W04,-6,8,1,10,1.927,1.773,2104.99
HY-LOT-04,W04,-6,9,1,10,1.95,1.796,2093.83
HY-LOT-04,W04,-6,10,1,10,2.447,1.804,2107.67
HY-LOT-04,W04,-6,11,1,10,1.846,1.789,2123.46
HY-LOT-04,W04,-6,12,1,10,1.966,1.812,2102.91
HY-LOT-04,W04,-6,13,1,10,2.161,1.787,2079.79
HY-LOT-04,W04,-6,14,1,10,1.98,1.795,2094.85
HY-LOT-04,W04,-6,15,1,10,2.155,1.818,2095.8
HY-LOT-04,W04,-6,16,1,10,1.993,1.786,2089.08
HY-LOT-04,W04,-6,17,1,10,2.234,1.8,2118.14
HY-LOT-04,W04,-6,18,1,10,2.055,1.804,2108.4
HY-LOT-04,W04,-5,-18,1,10,2.457,1.787,2110.08
HY-LOT-04,W04,-5,-17,1,10,2.365,1.815,2107.5
HY-LOT-04,W04,-5,-16,1,10,2.049,1.777,2109.32
HY-LOT-04,W04,-5,-15,1,10,2.362,1.814,2104.54
HY-LOT-04,W04,-5,-14,1,10,2.399,1.757,2075.75
HY-LOT-04,W04,-5,-13,1,10,2.076,1.778,2090.24
HY-LOT-04,W04,-5,-12,1,10,1.927,1.79,2106.01
HY-LOT-04,W04,-5,-11,1,10,1.961,1.782,2104.54
HY-LOT-04,W04,-5,-10,1,10,2.227,1.781,2107.25
HY-LOT-04,W04,-5,-9,1,10,2.296,1.801,2114.56
HY-LOT-04,W04,-5,-8,1,10,1.846,1.796,2104.45
HY-LOT-04,W04,-5,-7,1,10,2.439,1.807,2106.54
HY-LOT-04,W04,-5,-6,1,10,1.967,1.779,2106.62
HY-LOT-04,W04,-5,-5,1,10,1.884,1.795,2093.72
HY-LOT-04,W04,-5,-4,1,10,1.603,1.784,2098.97
HY-LOT-04,W04,-5,-3,1,10,1.594,1.783,2097.75
HY-LOT-04,W04,-5,-2,1,10,2.196,1.795,2104.56
HY-LOT-04,W04,-5,-1,1,10,1.976,1.818,2077.31
HY-LOT-04,W04,-5,0,1,10,2.334,1.822,2066.49
HY-LOT-04,W04,-5,1,1,10,2.21,1.789,2104.34
HY-LOT-04,W04,-5,2,1,10,1.8,1.807,2114.72
HY-LOT-04,W04,-5,3,1,10,2.167,1.767,2102.79
HY-LOT-04,W04,-5,4,1,10,2.031,1.833,2087.07
HY-LOT-04,W04,-5,5,1,10,1.692,1.797,2096.86
HY-LOT-04,W04,-5,6,1,10,2.016,1.796,2122.51
HY-LOT-04,W04,-5,7,1,10,2.401,1.817,2078.67
HY-LOT-04,W04,-5,8,1,10,2.249,1.788,2116.48
HY-LOT-04,W04,-5,9,1,10,2.049,1.799,2101.07
HY-LOT-04,W04,-5,10,1,10,1.874,1.795,2086.67
HY-LOT-04,W04,-5,11,1,10,2.069,1.805,2088.88
HY-LOT-04,W04,-5,12,1,10,2.035,1.822,2097.81
HY-LOT-04,W04,-5,13,1,10,2.18,1.803,2116.32
HY-LOT-04,W04,-5,14,1,10,2.252,1.802,2092.72
HY-LOT-04,W04,-5,15,1,10,2.148,1.805,2120.21
HY-LOT-04,W04,-5,16,1,10,1.891,1.793,2117.43
HY-LOT-04,W04,-5,17,1,10,1.842,1.806,2129.29
HY-LOT-04,W04,-5,18,1,10,1.982,1.77,2099.1
HY-LOT-04,W04,-4,-18,1,10,2.058,1.796,2086.77
HY-LOT-04,W04,-4,-17,1,10,2.498,1.779,2115.99
HY-LOT-04,W04,-4,-16,1,10,2.014,1.809,2110.87
HY-LOT-04,W04,-4,-15,1,10,2.048,1.788,2107.06
HY-LOT-04,W04,-4,-14,1,10,2.017,1.801,2084.45
HY-LOT-04,W04,-4,-13,1,10,1.772,1.787,2100.8
HY-LOT-04,W04,-4,-12,1,10,1.87,1.788,2120
HY-LOT-04,W04,-4,-11,1,10,2.133,1.79,2090.8
HY-LOT-04,W04,-4,-10,1,10,2.042,1.802,2104.06
HY-LOT-04,W04,-4,-9,1,10,1.855,1.777,2100.73
HY-LOT-04,W04,-4,-8,1,10,2.052,1.781,2077.54
HY-LOT-04,W04,-4,-7,1,10,2.032,1.796,2099.88
HY-LOT-04,W04,-4,-6,1,10,2.499,1.802,2091.09
HY-LOT-04,W04,-4,-5,1,10,2.307,1.77,2090.46
HY-LOT-04,W04,-4,-4,1,10,1.847,1.816,2133.75
HY-LOT-04,W04,-4,-3,1,10,1.837,1.809,2096.1
HY-LOT-04,W04,-4,-2,1,10,2.011,1.807,2135.54
HY-LOT-04,W04,-4,-1,1,10,1.739,1.788,2084.65
HY-LOT-04,W04,-4,0,1,10,2.033,1.777,2076.38
HY-LOT-04,W04,-4,1,1,10,2.157,1.773,2137.67
HY-LOT-04,W04,-4,2,1,10,2.21,1.799,2134.24
HY-LOT-04,W04,-4,3,1,10,2.089,1.822,2114.57
HY-LOT-04,W04,-4,4,1,10,2.441,1.81,2096
HY-LOT-04,W04,-4,5,1,10,2.21,1.844,2089.83
HY-LOT-04,W04,-4,6,1,10,2.067,1.79,2121.25
HY-LOT-04,W04,-4,7,1,10,1.832,1.799,2111.5
HY-LOT-04,W04,-4,8,1,10,2.088,1.802,2089.51
HY-LOT-04,W04,-4,9,1,10,1.759,1.817,2104.73
HY-LOT-04,W04,-4,10,1,10,2.33,1.793,2111.15
HY-LOT-04,W04,-4,11,1,10,2.118,1.778,2069.63
HY-LOT-04,W04,-4,12,1,10,2.023,1.818,2119.89
HY-LOT-04,W04,-4,13,1,10,1.867,1.83,2089.15
HY-LOT-04,W04,-4,14,1,10,2.105,1.804,2094.48
HY-LOT-04,W04,-4,15,1,10,2.074,1.814,2118.86
HY-LOT-04,W04,-4,16,1,10,2.227,1.787,2125.88
HY-LOT-04,W04,-4,17,1,10,2.049,1.811,2107.52
HY-LOT-04,W04,-4,18,1,10,1.983,1.776,2094.7
HY-LOT-04,W04,-3,-19,1,10,1.676,1.772,2111.78
HY-LOT-04,W04,-3,-18,1,10,2.079,1.789,2099.91
HY-LOT-04,W04,-3,-17,1,10,2.249,1.8,2120.47
HY-LOT-04,W04,-3,-16,1,10,2.376,1.776,2115.18
HY-LOT-04,W04,-3,-15,1,10,2.327,1.808,2089.18
HY-LOT-04,W04,-3,-14,1,10,1.854,1.791,2059.72
HY-LOT-04,W04,-3,-13,1,10,1.969,1.815,2116.6
HY-LOT-04,W04,-3,-12,1,10,2.039,1.824,2067.53
HY-LOT-04,W04,-3,-11,1,10,2.135,1.797,2085.65
HY-LOT-04,W04,-3,-10,1,10,2.012,1.81,2124.78
HY-LOT-04,W04,-3,-9,1,10,2.098,1.799,2129.94
HY-LOT-04,W04,-3,-8,1,10,1.822,1.766,2102.13
HY-LOT-04,W04,-3,-7,1,10,2.171,1.811,2097.86
HY-LOT-04,W04,-3,-6,1,10,2.091,1.795,2111.94
HY-LOT-04,W04,-3,-5,1,10,2.393,1.777,2061.65
HY-LOT-04,W04,-3,-4,1,10,1.748,1.788,2104.64
HY-LOT-04,W04,-3,-3,1,10,2.167,1.813,2060.71
HY-LOT-04,W04,-3,-2,1,10,2.525,1.796,2115.49
HY-LOT-04,W04,-3,-1,1,10,2.246,1.81,2058.61
HY-LOT-04,W04,-3,0,1,10,2.163,1.803,2113.55
HY-LOT-04,W04,-3,1,1,10,2.235,1.801,2095.92
HY-LOT-04,W04,-3,2,1,10,2.23,1.852,2127.86
HY-LOT-04,W04,-3,3,1,10,2.22,1.796,2091.66
HY-LOT-04,W04,-3,4,1,10,2.054,1.8,2080.98
HY-LOT-04,W04,-3,5,1,10,1.972,1.809,2102.81
HY-LOT-04,W04,-3,6,1,10,2.58,1.82,2084.63
HY-LOT-04,W04,-3,7,1,10,2.044,1.805,2092.26
HY-LOT-04,W04,-3,8,1,10,1.993,1.795,2096.86
HY-LOT-04,W04,-3,9,1,10,1.874,1.759,2074.71
HY-LOT-04,W04,-3,10,1,10,2.447,1.774,2081.63
HY-LOT-04,W04,-3,11,1,10,2.126,1.789,2108.32
HY-LOT-04,W04,-3,12,1,10,1.822,1.779,2075.04
HY-LOT-04,W04,-3,13,1,10,2.051,1.774,2136.47
HY-LOT-04,W04,-3,14,1,10,2.262,1.819,2103.77
HY-LOT-04,W04,-3,15,1,10,2.178,1.815,2104.83
HY-LOT-04,W04,-3,16,1,10,2.106,1.785,2101.81
HY-LOT-04,W04,-3,17,1,10,1.872,1.823,2082.95
HY-LOT-04,W04,-3,18,1,10,2.124,1.79,2099.19
HY-LOT-04,W04,-3,19,1,10,1.985,1.809,2088.25
HY-LOT-04,W04,-2,-19,1,10,2.352,1.781,2096.65
HY-LOT-04,W04,-2,-18,1,10,2.264,1.799,2104.76
HY-LOT-04,W04,-2,-17,2,21,1.606,1.817,2095.46
HY-LOT-04,W04,-2,-16,1,10,2.177,1.811,2102.9
HY-LOT-04,W04,-2,-15,1,10,1.888,1.797,2075.94
HY-LOT-04,W04,-2,-14,1,10,2.346,1.825,2109.81
HY-LOT-04,W04,-2,-13,1,10,2.009,1.821,2097.64
HY-LOT-04,W04,-2,-12,1,10,1.999,1.776,2111.01
HY-LOT-04,W04,-2,-11,1,10,2.295,1.794,2083.11
HY-LOT-04,W04,-2,-10,1,10,2.013,1.79,2059.09
HY-LOT-04,W04,-2,-9,1,10,1.812,1.787,2114.75
HY-LOT-04,W04,-2,-8,1,10,2.108,1.783,2113.94
HY-LOT-04,W04,-2,-7,1,10,2.041,1.811,2092.74
HY-LOT-04,W04,-2,-6,1,10,2.138,1.786,2090.54
HY-LOT-04,W04,-2,-5,1,10,1.947,1.768,2115.77
HY-LOT-04,W04,-2,-4,1,10,2.048,1.792,2132.69
HY-LOT-04,W04,-2,-3,1,10,1.84,1.803,2126.49
HY-LOT-04,W04,-2,-2,1,10,1.992,1.822,2112.75
HY-LOT-04,W04,-2,-1,1,10,1.963,1.807,2063.37
HY-LOT-04,W04,-2,0,1,10,1.854,1.808,2117.92
HY-LOT-04,W04,-2,1,1,10,2.249,1.757,2091.37
HY-LOT-04,W04,-2,2,1,10,1.888,1.78,2091
HY-LOT-04,W04,-2,3,1,10,2.183,1.789,2097
HY-LOT-04,W04,-2,4,1,10,2.313,1.796,2097
HY-LOT-04,W04,-2,5,1,10,1.842,1.786,2083.67
HY-LOT-04,W04,-2,6,1,10,1.855,1.801,2102.84
HY-LOT-04,W04,-2,7,1,10,1.861,1.818,2107.18
HY-LOT-04,W04,-2,8,1,10,2.087,1.774,2095.84
HY-LOT-04,W04,-2,9,1,10,2.269,1.79,2111.49
HY-LOT-04,W04,-2,10,1,10,2.119,1.806,2111.76
HY-LOT-04,W04,-2,11,1,10,2.072,1.772,2105.91
HY-LOT-04,W04,-2,12,1,10,1.932,1.796,2114.86
HY-LOT-04,W04,-2,13,1,10,2.168,1.805,2124.56
HY-LOT-04,W04,-2,14,1,10,2.278,1.791,2107.56
HY-LOT-04,W04,-2,15,1,10,2.241,1.795,2095.32
HY-LOT-04,W04,-2,16,1,10,2.174,1.785,2129.8
HY-LOT-04,W04,-2,17,1,10,1.729,1.793,2075.39
HY-LOT-04,W04,-2,18,1,10,2.103,1.814,2085.76
HY-LOT-04,W04,-2,19,1,10,2.065,1.788,2121.63
HY-LOT-04,W04,-1,-19,1,10,2.28,1.77,2126.46
HY-LOT-04,W04,-1,-18,1,10,2.342,1.776,2096.47
HY-LOT-04,W04,-1,-17,1,10,2.096,1.82,2087.7
HY-LOT-04,W04,-1,-16,1,10,2.246,1.801,2102.8
HY-LOT-04,W04,-1,-15,1,10,1.803,1.752,2093.3
HY-LOT-04,W04,-1,-14,1,10,2.1,1.798,2123.13
HY-LOT-04,W04,-1,-13,2,21,2.327,1.798,2114.94
HY-LOT-04,W04,-1,-12,1,10,2.104,1.79,2105.29
HY-LOT-04,W04,-1,-11,1,10,2.392,1.851,2081.82
HY-LOT-04,W04,-1,-10,1,10,2.253,1.799,2088.88
HY-LOT-04,W04,-1,-9,1,10,2.157,1.788,2076.06
HY-LOT-04,W04,-1,-8,1,10,2.124,1.796,2098.15
HY-LOT-04,W04,-1,-7,1,10,1.956,1.789,2081.3
HY-LOT-04,W04,-1,-6,1,10,1.942,1.806,2094.89
HY-LOT-04,W04,-1,-5,1,10,2.314,1.801,2115.28
HY-LOT-04,W04,-1,-4,1,10,1.988,1.785,2107.21
HY-LOT-04,W04,-1,-3,1,10,1.643,1.761,2115
HY-LOT-04,W04,-1,-2,1,10,1.862,1.79,2104.08
HY-LOT-04,W04,-1,-1,1,10,1.994,1.774,2081.17
HY-LOT-04,W04,-1,0,1,10,1.987,1.83,2145.06
HY-LOT-04,W04,-1,1,1,10,2.274,1.802,2088
HY-LOT-04,W04,-1,2,1,10,1.723,1.797,2080.48
HY-LOT-04,W04,-1,3,1,10,1.963,1.807,2126.17
HY-LOT-04,W04,-1,4,1,10,2.421,1.799,2088.45
HY-LOT-04,W04,-1,5,1,10,1.987,1.804,2100.54
HY-LOT-04,W04,-1,6,1,10,2.043,1.799,2100.7
HY-LOT-04,W04,-1,7,1,10,2.196,1.763,2096.39
HY-LOT-04,W04,-1,8,1,10,2.149,1.783,2069.38
HY-LOT-04,W04,-1,9,1,10,2.113,1.816,2115.4
HY-LOT-04,W04,-1,10,1,10,2.454,1.812,2099.12
HY-LOT-04,W04,-1,11,1,10,1.898,1.818,2091.89
HY-LOT-04,W04,-1,12,1,10,1.873,1.8,2110.03
HY-LOT-04,W04,-1,13,1,10,2.213,1.788,2079.46
HY-LOT-04,W04,-1,14,1,10,1.948,1.784,2107.77
HY-LOT-04,W04,-1,15,1,10,1.819,1.798,2098.14
HY-LOT-04,W04,-1,16,1,10,2.205,1.769,2122.44
HY-LOT-04,W04,-1,17,1,10,2.227,1.803,2109.64
HY-LOT-04,W04,-1,18,1,10,2.201,1.772,2088.09
HY-LOT-04,W04,-1,19,1,10,1.922,1.862,2117.82
HY-LOT-04,W04,0,-19,1,10,2.149,1.791,2092.87
HY-LOT-04,W04,0,-18,1,10,2.31,1.783,2102.02
HY-LOT-04,W04,0,-17,1,10,2.04,1.804,2076.46
HY-LOT-04,W04,0,-16,1,10,1.886,1.799,2102.79
HY-LOT-04,W04,0,-15,1,10,1.938,1.826,2078.38
HY-LOT-04,W04,0,-14,1,10,2.015,1.819,2084.31
HY-LOT-04,W04,0,-13,1,10,2.378,1.786,2090.97
HY-LOT-04,W04,0,-12,1,10,1.9,1.802,2101.07
HY-LOT-04,W04,0,-11,1,10,2.001,1.806,2087.29
HY-LOT-04,W04,0,-10,1,10,2.136,1.785,2107.72
HY-LOT-04,W04,0,-9,1,10,2.136,1.786,2101.58
HY-LOT-04,W04,0,-8,1,10,1.772,1.805,2105.1
HY-LOT-04,W04,0,-7,1,10,1.85,1.78,2117.19
HY-LOT-04,W04,0,-6,1,10,2.005,1.782,2114.11
HY-LOT-04,W04,0,-5,1,10,1.822,1.798,2096.47
HY-LOT-04,W04,0,-4,1,10,1.913,1.804,2099.16
HY-LOT-04,W04,0,-3,2,21,2.167,1.811,2080.68
HY-LOT-04,W04,0,-2,1,10,2.001,1.781,2056.68
HY-LOT-04,W04,0,-1,1,10,2.118,1.801,2080.64
HY-LOT-04,W04,0,0,1,10,2.077,1.815,2097.04
HY-LOT-04,W04,0,1,1,10,1.904,1.757,2137.04
HY-LOT-04,W04,0,2,1,10,2.133,1.816,2094.72
HY-LOT-04,W04,0,3,1,10,2.071,1.79,2077.33
HY-LOT-04,W04,0,4,1,10,1.966,1.795,2123.71
HY-LOT-04,W04,0,5,1,10,2.045,1.778,2125.73
HY-LOT-04,W04,0,6,1,10,1.924,1.824,2115.47
HY-LOT-04,W04,0,7,1,10,2.303,1.798,2075.99
HY-LOT-04,W04,0,8,1,10,2.352,1.782,2082.88
HY-LOT-04,W04,0,9,1,10,1.811,1.819,2086.13
HY-LOT-04,W04,0,10,1,10,1.916,1.827,2106.15
HY-LOT-04,W04,0,11,1,10,2.17,1.79,2083.12
HY-LOT-04,W04,0,12,1,10,2.18,1.825,2103.2
HY-LOT-04,W04,0,13,1,10,1.982,1.789,2073.48
HY-LOT-04,W04,0,14,1,10,2.337,1.766,2102.41
HY-LOT-04,W04,0,15,1,10,1.739,1.794,2080.82
HY-LOT-04,W04,0,16,1,10,2.017,1.789,2114.15
HY-LOT-04,W04,0,17,1,10,2.141,1.831,2115.2
HY-LOT-04,W04,0,18,1,10,1.731,1.779,2106.61
HY-LOT-04,W04,0,19,1,10,2.283,1.784,2113.75
HY-LOT-04,W04,1,-19,1,10,2.124,1.773,2134.01
HY-LOT-04,W04,1,-18,1,10,2.173,1.77,2086.53
HY-LOT-04,W04,1,-17,1,10,2.16,1.819,2084.16
HY-LOT-04,W04,1,-16,1,10,2.517,1.823,2106.87
HY-LOT-04,W04,1,-15,1,10,2.337,1.794,2092.21
HY-LOT-04,W04,1,-14,1,10,2.088,1.822,2057.39
HY-LOT-04,W04,1,-13,1,10,2.038,1.799,2106.8
HY-LOT-04,W04,1,-12,1,10,2.047,1.793,2095.67
HY-LOT-04,W04,1,-11,1,10,2.186,1.801,2101.75
HY-LOT-04,W04,1,-10,1,10,1.779,1.821,2122.9
HY-LOT-04,W04,1,-9,1,10,1.968,1.783,2078.97
HY-LOT-04,W04,1,-8,1,10,2.091,1.775,2106.93
HY-LOT-04,W04,1,-7,1,10,1.953,1.79,2113.05
HY-LOT-04,W04,1,-6,1,10,1.806,1.802,2106.36
HY-LOT-04,W04,1,-5,1,10,1.781,1.81,2098.68
HY-LOT-04,W04,1,-4,1,10,2.016,1.828,2082.4
HY-LOT-04,W04,1,-3,1,10,1.97,1.796,2096.55
HY-LOT-04,W04,1,-2,1,10,1.866,1.815,2125.75
HY-LOT-04,W04,1,-1,1,10,2.303,1.774,2085.57
HY-LOT-04,W04,1,0,1,10,1.864,1.82,2100.25
HY-LOT-04,W04,1,1,1,10,2.133,1.812,2104.15
HY-LOT-04,W04,1,2,1,10,2.023,1.79,2074.27
HY-LOT-04,W04,1,3,1,10,2.542,1.782,2077.57
HY-LOT-04,W04,1,4,1,10,2.026,1.806,2129.39
HY-LOT-04,W04,1,5,1,10,1.403,1.815,2092.4
HY-LOT-04,W04,1,6,1,10,2.087,1.801,2075.7
HY-LOT-04,W04,1,7,1,10,2.214,1.832,2111.73
HY-LOT-04,W04,1,8,1,10,2.083,1.818,2089.37
HY-LOT-04,W04,1,9,1,10,1.821,1.782,2096.64
HY-LOT-04,W04,1,10,1,10,2.434,1.8,2091.62
HY-LOT-04,W04,1,11,1,10,2.104,1.772,2110.29
HY-LOT-04,W04,1,12,1,10,2.266,1.785,2093.98
HY-LOT-04,W04,1,13,1,10,2.192,1.833,2081.75
HY-LOT-04,W04,1,14,1,10,2.178,1.817,2110.84
HY-LOT-04,W04,1,15,1,10,2.291,1.808,2078.48
HY-LOT-04,W04,1,16,1,10,2.121,1.796,2130.36
HY-LOT-04,W04,1,17,1,10,2.011,1.782,2107.03
HY-LOT-04,W04,1,18,1,10,2.346,1.812,2123.19
HY-LOT-04,W04,1,19,1,10,2.089,1.804,2087.59
HY-LOT-04,W04,2,-19,1,10,2.271,1.826,2125.92
HY-LOT-04,W04,2,-18,1,10,2.245,1.808,2083.96
HY-LOT-04,W04,2,-17,1,10,2.218,1.819,2080.02
HY-LOT-04,W04,2,-16,1,10,1.965,1.838,2096.23
HY-LOT-04,W04,2,-15,1,10,2.327,1.789,2111.89
HY-LOT-04,W04,2,-14,1,10,2.412,1.802,2093.51
HY-LOT-04,W04,2,-13,1,10,1.988,1.786,2115.16
HY-LOT-04,W04,2,-12,1,10,1.992,1.815,2089.18
HY-LOT-04,W04,2,-11,1,10,1.975,1.804,2126.93
HY-LOT-04,W04,2,-10,1,10,2.338,1.815,2088.01
HY-LOT-04,W04,2,-9,1,10,2.135,1.778,2104.98
HY-LOT-04,W04,2,-8,1,10,1.794,1.777,2078.63
HY-LOT-04,W04,2,-7,1,10,2.226,1.804,2085.71
HY-LOT-04,W04,2,-6,1,10,2.222,1.775,2094.03
HY-LOT-04,W04,2,-5,1,10,2.094,1.797,2120.95
HY-LOT-04,W04,2,-4,1,10,1.912,1.788,2076.32
HY-LOT-04,W04,2,-3,1,10,1.812,1.786,2081.67
HY-LOT-04,W04,2,-2,1,10,1.65,1.791,2110.35
HY-LOT-04,W04,2,-1,1,10,1.853,1.809,2103.97
HY-LOT-04,W04,2,0,1,10,2.078,1.797,2086.43
HY-LOT-04,W04,2,1,1,10,1.955,1.798,2099.1
HY-LOT-04,W04,2,2,2,21,2.154,1.813,2120.71
HY-LOT-04,W04,2,3,1,10,1.844,1.792,2097.19
HY-LOT-04,W04,2,4,1,10,2.016,1.779,2050.58
HY-LOT-04,W04,2,5,1,10,1.814,1.799,2095.78
HY-LOT-04,W04,2,6,1,10,1.937,1.797,2099.59
HY-LOT-04,W04,2,7,1,10,2.143,1.79,2102.1
HY-LOT-04,W04,2,8,1,10,1.65,1.807,2131.14
HY-LOT-04,W04,2,9,1,10,2.06,1.814,2114.75
HY-LOT-04,W04,2,10,1,10,2.052,1.764,2104.72
HY-LOT-04,W04,2,11,1,10,2.235,1.779,2078.46
HY-LOT-04,W04,2,12,1,10,2.455,1.778,2103.75
HY-LOT-04,W04,2,13,1,10,1.998,1.764,2107.99
HY-LOT-04,W04,2,14,1,10,2.089,1.788,2089.05
HY-LOT-04,W04,2,15,1,10,1.929,1.794,2116.07
HY-LOT-04,W04,2,16,1,10,1.843,1.788,2100.05
HY-LOT-04,W04,2,17,1,10,2.319,1.83,2092.24
HY-LOT-04,W04,2,18,1,10,2.347,1.769,2080.24
HY-LOT-04,W04,2,19,1,10,2.454,1.8,2101.11
HY-LOT-04,W04,3,-19,1,10,2.477,1.786,2106.58
HY-LOT-04,W04,3,-18,1,10,2.324,1.804,2106.42
HY-LOT-04,W04,3,-17,1,10,1.998,1.796,2103.45
HY-LOT-04,W04,3,-16,1,10,2.391,1.792,2088.05
HY-LOT-04,W04,3,-15,1,10,2.176,1.789,2125.23
HY-LOT-04,W04,3,-14,1,10,2.325,1.789,2103.52
HY-LOT-04,W04,3,-13,1,10,2.008,1.775,2111.55
HY-LOT-04,W04,3,-12,1,10,2.438,1.834,2098.96
HY-LOT-04,W04,3,-11,1,10,2.29,1.823,2108.07
HY-LOT-04,W04,3,-10,1,10,1.927,1.79,2103.44
HY-LOT-04,W04,3,-9,1,10,1.753,1.797,2111.46
HY-LOT-04,W04,3,-8,1,10,2.173,1.771,2084.38
HY-LOT-04,W04,3,-7,1,10,2.048,1.804,2066.81
HY-LOT-04,W04,3,-6,1,10,2.448,1.818,2076.13
HY-LOT-04,W04,3,-5,1,10,2.331,1.808,2095.89
HY-LOT-04,W04,3,-4,1,10,2.122,1.777,2096.49
HY-LOT-04,W04,3,-3,1,10,1.934,1.789,2099.74
HY-LOT-04,W04,3,-2,1,10,2.256,1.822,2102.7
HY-LOT-04,W04,3,-1,1,10,2.1,1.782,2098.57
HY-LOT-04,W04,3,0,1,10,2.203,1.822,2105.02
HY-LOT-04,W04,3,1,1,10,2.339,1.788,2083.82
HY-LOT-04,W04,3,2,1,10,2.126,1.791,2095.97
HY-LOT-04,W04,3,3,1,10,1.715,1.795,2092.4
HY-LOT-04,W04,3,4,1,10,1.939,1.806,2125.14
HY-LOT-04,W04,3,5,1,10,2.281,1.81,2101.81
HY-LOT-04,W04,3,6,2,21,2.216,1.776,2090.59
HY-LOT-04,W04,3,7,1,10,1.992,1.798,2095.26
HY-LOT-04,W04,3,8,1,10,2.248,1.776,2102.08
HY-LOT-04,W04,3,9,1,10,2.227,1.78,2099.59
HY-LOT-04,W04,3,10,1,10,2.666,1.804,2083.67
HY-LOT-04,W04,3,11,1,10,1.666,1.805,2112.46
HY-LOT-04,W04,3,12,1,10,1.922,1.79,2103.48
HY-LOT-04,W04,3,13,1,10,2.049,1.801,2110.62
HY-LOT-04,W04,3,14,1,10,2.107,1.808,2090.85
HY-LOT-04,W04,3,15,1,10,2.24,1.786,2125.37
HY-LOT-04,W04,3,16,1,10,2.159,1.814,2081.98
HY-LOT-04,W04,3,17,1,10,2.439,1.784,2117.8
HY-LOT-04,W04,3,18,1,10,2.187,1.799,2085.36
HY-LOT-04,W04,3,19,1,10,2.437,1.789,2102.97
HY-LOT-04,W04,4,-18,1,10,1.886,1.77,2077.68
HY-LOT-04,W04,4,-17,1,10,2.035,1.821,2097.3
HY-LOT-04,W04,4,-16,1,10,1.932,1.792,2102.28
HY-LOT-04,W04,4,-15,1,10,2.263,1.804,2095.16
HY-LOT-04,W04,4,-14,1,10,2.202,1.826,2110
HY-LOT-04,W04,4,-13,1,10,2.06,1.785,2109.83
HY-LOT-04,W04,4,-12,1,10,1.938,1.787,2110.18
HY-LOT-04,W04,4,-11,1,10,2.102,1.835,2072.48
HY-LOT-04,W04,4,-10,1,10,2.1,1.805,2088.24
HY-LOT-04,W04,4,-9,1,10,1.995,1.773,2078.56
HY-LOT-04,W04,4,-8,1,10,2.173,1.79,2090.6
HY-LOT-04,W04,4,-7,1,10,2.374,1.801,2094.88
HY-LOT-04,W04,4,-6,1,10,2.109,1.81,2071.79
HY-LOT-04,W04,4,-5,1,10,2.056,1.776,2110.73
HY-LOT-04,W04,4,-4,1,10,2.15,1.814,2081.79
HY-LOT-04,W04,4,-3,1,10,1.989,1.785,2086.37
HY-LOT-04,W04,4,-2,1,10,2.597,1.822,2094.97
HY-LOT-04,W04,4,-1,1,10,2.064,1.824,2103.52
HY-LOT-04,W04,4,0,1,10,1.775,1.786,2112.61
HY-LOT-04,W04,4,1,1,10,2.393,1.757,2088.63
HY-LOT-04,W04,4,2,1,10,1.871,1.795,2085.61
HY-LOT-04,W04,4,3,1,10,2.108,1.79,2093.43
HY-LOT-04,W04,4,4,1,10,1.835,1.802,2101.54
HY-LOT-04,W04,4,5,1,10,2.287,1.776,2087.64
HY-LOT-04,W04,4,6,1,10,2.211,1.805,2102.89
HY-LOT-04,W04,4,7,1,10,2.301,1.79,2103.89
HY-LOT-04,W04,4,8,1,10,2.213,1.778,2110.96
HY-LOT-04,W04,4,9,1,10,1.955,1.797,2095.2
HY-LOT-04,W04,4,10,1,10,2.032,1.761,2109.37
HY-LOT-04,W04,4,11,1,10,2.103,1.815,2077.64
HY-LOT-04,W04,4,12,1,10,2.214,1.804,2115.08
HY-LOT-04,W04,4,13,1,10,1.832,1.777,2094.52
HY-LOT-04,W04,4,14,1,10,2.026,1.798,2129.44
HY-LOT-04,W04,4,15,1,10,1.875,1.791,2070.48
HY-LOT-04,W04,4,16,1,10,2.243,1.8,2099.14
HY-LOT-04,W04,4,17,1,10,2.206,1.806,2112.21
HY-LOT-04,W04,4,18,1,10,1.905,1.795,2097.87
HY-LOT-04,W04,5,-18,1,10,2.015,1.775,2093.76
HY-LOT-04,W04,5,-17,1,10,2.186,1.777,2066.17
HY-LOT-04,W04,5,-16,1,10,2.206,1.79,2086.93
HY-LOT-04,W04,5,-15,1,10,2.051,1.803,2116.92
HY-LOT-04,W04,5,-14,1,10,2.374,1.811,2086.05
HY-LOT-04,W04,5,-13,1,10,2.287,1.792,2096.41
HY-LOT-04,W04,5,-12,1,10,2.176,1.746,2110.95
HY-LOT-04,W04,5,-11,1,10,2.373,1.776,2124.09
HY-LOT-04,W04,5,-10,1,10,2.123,1.823,2100.53
HY-LOT-04,W04,5,-9,1,10,1.847,1.823,2065.45
HY-LOT-04,W04,5,-8,1,10,1.685,1.773,2097.61
HY-LOT-04,W04,5,-7,1,10,2.255,1.791,2071.98
HY-LOT-04,W04,5,-6,1,10,2.413,1.825,2100.36
HY-LOT-04,W04,5,-5,1,10,1.998,1.776,2088.3
HY-LOT-04,W04,5,-4,2,21,2.202,1.835,2084.48
HY-LOT-04,W04,5,-3,1,10,1.965,1.793,2098.61
HY-LOT-04,W04,5,-2,1,10,2.217,1.776,2096.58
HY-LOT-04,W04,5,-1,1,10,1.933,1.829,2075.44
HY-LOT-04,W04,5,0,1,10,1.978,1.791,2109.4
HY-LOT-04,W04,5,1,1,10,2.318,1.802,2082.51
HY-LOT-04,W04,5,2,1,10,2.276,1.803,2073.24
HY-LOT-04,W04,5,3,1,10,2.34,1.758,2136.06
HY-LOT-04,W04,5,4,1,10,2.166,1.807,2109.18
HY-LOT-04,W04,5,5,1,10,2.079,1.784,2096.41
HY-LOT-04,W04,5,6,1,10,1.913,1.791,2108.8
HY-LOT-04,W04,5,7,1,10,2.459,1.809,2140.27
HY-LOT-04,W04,5,8,1,10,2.265,1.786,2074.92
HY-LOT-04,W04,5,9,1,10,2.483,1.822,2143
HY-LOT-04,W04,5,10,1,10,2.057,1.786,2089.95
HY-LOT-04,W04,5,11,1,10,1.858,1.799,2105.65
HY-LOT-04,W04,5,12,1,10,2.281,1.839,2114.33
HY-LOT-04,W04,5,13,1,10,1.926,1.837,2082.81
HY-LOT-04,W04,5,14,1,10,2.041,1.807,2100.4
HY-LOT-04,W04,5,15,1,10,2.14,1.81,2093.28
HY-LOT-04,W04,5,16,1,10,2.204,1.812,2073.8
HY-LOT-04,W04,5,17,1,10,2.426,1.798,2077.79
HY-LOT-04,W04,5,18,1,10,2.07,1.798,2078.81
HY-LOT-04,W04,6,-18,1,10,2.405,1.821,2074.35
HY-LOT-04,W04,6,-17,1,10,1.998,1.776,2056.83
HY-LOT-04,W04,6,-16,1,10,1.909,1.792,2102.89
HY-LOT-04,W04,6,-15,1,10,1.997,1.773,2123.76
HY-LOT-04,W04,6,-14,1,10,2.249,1.801,2099.21
HY-LOT-04,W04,6,-13,1,10,1.987,1.786,2107.71
HY-LOT-04,W04,6,-12,1,10,2.12,1.83,2103.8
HY-LOT-04,W04,6,-11,1,10,1.853,1.798,2080.67
HY-LOT-04,W04,6,-10,1,10,1.89,1.774,2099.38
HY-LOT-04,W04,6,-9,1,10,2.096,1.779,2078.1
HY-LOT-04,W04,6,-8,1,10,1.677,1.819,2089.6
HY-LOT-04,W04,6,-7,1,10,2.352,1.816,2093.57
HY-LOT-04,W04,6,-6,1,10,1.88,1.802,2129.05
HY-LOT-04,W04,6,-5,1,10,2.202,1.815,2087.49
HY-LOT-04,W04,6,-4,1,10,2.375,1.802,2103.09
HY-LOT-04,W04,6,-3,1,10,1.984,1.841,2069.44
HY-LOT-04,W04,6,-2,1,10,2.076,1.8,2118.22
HY-LOT-04,W04,6,-1,1,10,2.148,1.787,2074.21
HY-LOT-04,W04,6,0,1,10,1.899,1.8,2103.69
HY-LOT-04,W04,6,1,1,10,2.056,1.763,2072.79
HY-LOT-04,W04,6,2,1,10,2.225,1.794,2138.25
HY-LOT-04,W04,6,3,1,10,1.868,1.793,2101.98
HY-LOT-04,W04,6,4,1,10,2.019,1.786,2093.4
HY-LOT-04,W04,6,5,1,10,2.021,1.8,2111.52
HY-LOT-04,W04,6,6,1,10,1.962,1.784,2128.66
HY-LOT-04,W04,6,7,1,10,1.668,1.801,2137.3
HY-LOT-04,W04,6,8,1,10,1.995,1.798,2104.22
HY-LOT-04,W04,6,9,1,10,1.813,1.766,2090.39
HY-LOT-04,W04,6,10,1,10,1.917,1.808,2117.24
HY-LOT-04,W04,6,11,1,10,1.877,1.832,2080.7
HY-LOT-04,W04,6,12,1,10,1.681,1.797,2090.64
HY-LOT-04,W04,6,13,1,10,1.997,1.83,2091.36
HY-LOT-04,W04,6,14,1,10,2.263,1.795,2087.9
HY-LOT-04,W04,6,15,1,10,2.524,1.791,2092.47
HY-LOT-04,W04,6,16,1,10,2.079,1.766,2081.31
HY-LOT-04,W04,6,17,1,10,2.088,1.801,2100.09
HY-LOT-04,W04,6,18,1,10,2.007,1.754,2090.35
HY-LOT-04,W04,7,-17,1,10,1.916,1.765,2103.55
HY-LOT-04,W04,7,-16,1,10,1.78,1.804,2067.95
HY-LOT-04,W04,7,-15,1,10,2.244,1.8,2097.33
HY-LOT-04,W04,7,-14,1,10,2.079,1.798,2092.3
HY-LOT-04,W04,7,-13,1,10,2.286,1.799,2112.41
HY-LOT-04,W04,7,-12,1,10,2.133,1.786,2100.52
HY-LOT-04,W04,7,-11,1,10,2.056,1.821,2066.94
HY-LOT-04,W04,7,-10,1,10,2.184,1.816,2069.88
HY-LOT-04,W04,7,-9,1,10,1.935,1.82,2108.84
HY-LOT-04,W04,7,-8,2,21,2.059,1.828,2077.19
HY-LOT-04,W04,7,-7,1,10,2.155,1.795,2065.76
HY-LOT-04,W04,7,-6,1,10,2.39,1.787,2072.3
HY-LOT-04,W04,7,-5,1,10,1.935,1.796,2102.9
HY-LOT-04,W04,7,-4,1,10,2.181,1.794,2116.7
HY-LOT-04,W04,7,-3,1,10,1.848,1.821,2090.06
HY-LOT-04,W04,7,-2,1,10,2.298,1.794,2095.47
HY-LOT-04,W04,7,-1,1,10,2.23,1.805,2084.66
HY-LOT-04,W04,7,0,1,10,2.138,1.809,2097
HY-LOT-04,W04,7,1,1,10,2.169,1.812,2105.55
HY-LOT-04,W04,7,2,1,10,2.236,1.8,2124.76
HY-LOT-04,W04,7,3,1,10,2.332,1.798,2097.64
HY-LOT-04,W04,7,4,1,10,2.26,1.812,2094.33
HY-LOT-04,W04,7,5,1,10,2.308,1.79,2095.56
HY-LOT-04,W04,7,6,1,10,2.409,1.797,2085.65
HY-LOT-04,W04,7,7,1,10,1.925,1.754,2116.56
HY-LOT-04,W04,7,8,1,10,2.002,1.8,2133.95
HY-LOT-04,W04,7,9,1,10,2.447,1.791,2093.67
HY-LOT-04,W04,7,10,1,10,1.838,1.768,2081.51
HY-LOT-04,W04,7,11,1,10,2.163,1.781,2069.66
HY-LOT-04,W04,7,12,1,10,2.421,1.799,2087.1
HY-LOT-04,W04,7,13,1,10,2.248,1.796,2114.29
HY-LOT-04,W04,7,14,1,10,2.236,1.782,2080.45
HY-LOT-04,W04,7,15,1,10,2.272,1.809,2117.91
HY-LOT-04,W04,7,16,1,10,1.946,1.8,2109.02
HY-LOT-04,W04,7,17,1,10,1.473,1.794,2120.85
HY-LOT-04,W04,8,-17,1,10,1.942,1.792,2109.99
HY-LOT-04,W04,8,-16,1,10,1.859,1.792,2112.69
HY-LOT-04,W04,8,-15,1,10,1.909,1.79,2072.41
HY-LOT-04,W04,8,-14,1,10,1.978,1.792,2126.68
HY-LOT-04,W04,8,-13,1,10,2.069,1.758,2103.57
HY-LOT-04,W04,8,-12,1,10,2.068,1.798,2122.14
HY-LOT-04,W04,8,-11,1,10,2.223,1.82,2074.91
HY-LOT-04,W04,8,-10,1,10,2.012,1.815,2105.12
HY-LOT-04,W04,8,-9,1,10,2.215,1.793,2116.24
HY-LOT-04,W04,8,-8,1,10,2.108,1.815,2088.64
HY-LOT-04,W04,8,-7,1,10,2.487,1.783,2083.15
HY-LOT-04,W04,8,-6,1,10,1.916,1.849,2089.52
HY-LOT-04,W04,8,-5,1,10,2.511,1.808,2089.37
HY-LOT-04,W04,8,-4,1,10,1.823,1.797,2128.37
HY-LOT-04,W04,8,-3,1,10,2.211,1.781,2114.69
HY-LOT-04,W04,8,-2,1,10,2.174,1.794,2103.64
HY-LOT-04,W04,8,-1,1,10,1.992,1.783,2116.53
HY-LOT-04,W04,8,0,1,10,1.991,1.821,2096.02
HY-LOT-04,W04,8,1,1,10,2.048,1.798,2101.73
HY-LOT-04,W04,8,2,1,10,1.829,1.806,2090.42
HY-LOT-04,W04,8,3,1,10,2.385,1.824,2093.5
HY-LOT-04,W04,8,4,1,10,2.107,1.775,2119.05
HY-LOT-04,W04,8,5,1,10,2.069,1.815,2083.2
HY-LOT-04,W04,8,6,1,10,1.66,1.813,2140.89
HY-LOT-04,W04,8,7,1,10,2.387,1.806,2060.59
HY-LOT-04,W04,8,8,1,10,1.99,1.799,2115.01
HY-LOT-04,W04,8,9,1,10,1.973,1.842,2092.5
HY-LOT-04,W04,8,10,1,10,2.295,1.777,2112.82
HY-LOT-04,W04,8,11,1,10,2.26,1.825,2092.78
HY-LOT-04,W04,8,12,1,10,2.079,1.815,2082.83
HY-LOT-04,W04,8,13,1,10,2.146,1.802,2072.98
HY-LOT-04,W04,8,14,1,10,2.211,1.815,2076.91
HY-LOT-04,W04,8,15,1,10,1.861,1.81,2095.4
HY-LOT-04,W04,8,16,1,10,2.011,1.834,2067.25
HY-LOT-04,W04,8,17,1,10,2.136,1.774,2115.15
HY-LOT-04,W04,9,-17,1,10,2.349,1.801,2078.88
HY-LOT-04,W04,9,-16,1,10,2.113,1.789,2119.65
HY-LOT-04,W04,9,-15,1,10,1.77,1.807,2114.99
HY-LOT-04,W04,9,-14,1,10,2.174,1.815,2093.68
HY-LOT-04,W04,9,-13,1,10,2.013,1.771,2123.48
HY-LOT-04,W04,9,-12,1,10,1.855,1.811,2060.8
HY-LOT-04,W04,9,-11,1,10,2.219,1.784,2124.22
HY-LOT-04,W04,9,-10,1,10,2.139,1.813,2095.19
HY-LOT-04,W04,9,-9,1,10,2.177,1.806,2101.34
HY-LOT-04,W04,9,-8,1,10,2.063,1.794,2119.62
HY-LOT-04,W04,9,-7,1,10,1.654,1.846,2101.35
HY-LOT-04,W04,9,-6,1,10,1.973,1.799,2089.46
HY-LOT-04,W04,9,-5,1,10,1.82,1.805,2077.86
HY-LOT-04,W04,9,-4,1,10,2.149,1.803,2103.57
HY-LOT-04,W04,9,-3,1,10,1.894,1.77,2114.64
HY-LOT-04,W04,9,-2,1,10,1.996,1.805,2091.51
HY-LOT-04,W04,9,-1,1,10,2.038,1.831,2094.03
HY-LOT-04,W04,9,0,1,10,1.937,1.814,2087.93
HY-LOT-04,W04,9,1,1,10,1.777,1.808,2117.64
HY-LOT-04,W04,9,2,1,10,2.179,1.782,2091.74
HY-LOT-04,W04,9,3,1,10,2.492,1.787,2103.26
HY-LOT-04,W04,9,4,1,10,1.752,1.771,2118.53
HY-LOT-04,W04,9,5,1,10,2.039,1.8,2088.89
HY-LOT-04,W04,9,6,1,10,2.323,1.772,2075.22
HY-LOT-04,W04,9,7,1,10,2.055,1.785,2092.38
HY-LOT-04,W04,9,8,1,10,2.057,1.808,2118.94
HY-LOT-04,W04,9,9,1,10,1.911,1.814,2115.48
HY-LOT-04,W04,9,10,1,10,2.263,1.781,2088.9
HY-LOT-04,W04,9,11,1,10,1.875,1.75,2116.46
HY-LOT-04,W04,9,12,1,10,1.792,1.818,2080.19
HY-LOT-04,W04,9,13,1,10,1.884,1.784,2079.57
HY-LOT-04,W04,9,14,1,10,1.731,1.772,2108.93
HY-LOT-04,W04,9,15,1,10,2.083,1.802,2062.64
HY-LOT-04,W04,9,16,1,10,2.385,1.836,2087.32
HY-LOT-04,W04,9,17,1,10,1.948,1.785,2082.1
HY-LOT-04,W04,10,-16,1,10,1.959,1.77,2134.31
HY-LOT-04,W04,10,-15,1,10,2.062,1.765,2089.86
HY-LOT-04,W04,10,-14,1,10,2.189,1.814,2111.88
HY-LOT-04,W04,10,-13,1,10,2.012,1.802,2112.48
HY-LOT-04,W04,10,-12,1,10,1.936,1.756,2101.92
HY-LOT-04,W04,10,-11,1,10,2.38,1.806,2101.62
HY-LOT-04,W04,10,-10,1,10,2.166,1.796,2129.41
HY-LOT-04,W04,10,-9,1,10,2.221,1.778,2094.97
HY-LOT-04,W04,10,-8,1,10,2.167,1.801,2088.05
HY-LOT-04,W04,10,-7,1,10,2.343,1.798,2086.32
HY-LOT-04,W04,10,-6,1,10,1.927,1.784,2101.35
HY-LOT-04,W04,10,-5,1,10,1.94,1.789,2093.15
HY-LOT-04,W04,10,-4,1,10,2.213,1.81,2135.99
HY-LOT-04,W04,10,-3,1,10,1.729,1.804,2113.55
HY-LOT-04,W04,10,-2,1,10,2.107,1.788,2125.87
HY-LOT-04,W04,10,-1,1,10,1.764,1.816,2092.05
HY-LOT-04,W04,10,0,1,10,2.07,1.769,2081.53
HY-LOT-04,W04,10,1,1,10,2.247,1.766,2084.71
HY-LOT-04,W04,10,2,1,10,1.799,1.807,2115.46
HY-LOT-04,W04,10,3,1,10,2.274,1.793,2106.53
HY-LOT-04,W04,10,4,1,10,1.998,1.808,2110.64
HY-LOT-04,W04,10,5,1,10,2.653,1.797,2120.15
HY-LOT-04,W04,10,6,1,10,2.487,1.809,2097.91
HY-LOT-04,W04,10,7,1,10,1.884,1.818,2106.04
HY-LOT-04,W04,10,8,1,10,2.188,1.748,2098.47
HY-LOT-04,W04,10,9,1,10,2.201,1.79,2108.45
HY-LOT-04,W04,10,10,1,10,2.008,1.773,2116.26
HY-LOT-04,W04,10,11,1,10,1.792,1.792,2128.58
HY-LOT-04,W04,10,12,1,10,1.984,1.768,2119.29
HY-LOT-04,W04,10,13,1,10,1.7,1.755,2090.65
HY-LOT-04,W04,10,14,1,10,2.157,1.8,2140.59
HY-LOT-04,W04,10,15,1,10,2.337,1.824,2134.26
HY-LOT-04,W04,10,16,1,10,2.288,1.81,2101.57
HY-LOT-04,W04,11,-15,1,10,2.418,1.782,2086.93
HY-LOT-04,W04,11,-14,1,10,2.015,1.757,2087.44
HY-LOT-04,W04,11,-13,1,10,2.218,1.824,2074.98
HY-LOT-04,W04,11,-12,1,10,1.765,1.795,2102.34
HY-LOT-04,W04,11,-11,1,10,2.039,1.824,2099.7
HY-LOT-04,W04,11,-10,1,10,1.922,1.78,2111.06
HY-LOT-04,W04,11,-9,1,10,1.807,1.77,2122.15
HY-LOT-04,W04,11,-8,1,10,1.935,1.788,2102.86
HY-LOT-04,W04,11,-7,1,10,1.958,1.814,2087.46
HY-LOT-04,W04,11,-6,1,10,2.008,1.81,2151.25
HY-LOT-04,W04,11,-5,1,10,2.067,1.793,2113.12
HY-LOT-04,W04,11,-4,1,10,2.207,1.81,2123.06
HY-LOT-04,W04,11,-3,1,10,2.277,1.831,2106.02
HY-LOT-04,W04,11,-2,1,10,2.033,1.835,2107.24
HY-LOT-04,W04,11,-1,1,10,1.628,1.826,2101.97
HY-LOT-04,W04,11,0,1,10,1.716,1.815,2087.9
HY-LOT-04,W04,11,1,1,10,2.442,1.798,2111.97
HY-LOT-04,W04,11,2,1,10,2.008,1.807,2077.62
HY-LOT-04,W04,11,3,1,10,2.19,1.813,2124.67
HY-LOT-04,W04,11,4,1,10,2.075,1.81,2094.22
HY-LOT-04,W04,11,5,1,10,1.989,1.799,2083.29
HY-LOT-04,W04,11,6,1,10,2.471,1.788,2125.7
HY-LOT-04,W04,11,7,1,10,2.261,1.801,2115.31
HY-LOT-04,W04,11,8,1,10,1.99,1.79,2096.12
HY-LOT-04,W04,11,9,1,10,1.725,1.82,2130.77
HY-LOT-04,W04,11,10,1,10,2.34,1.802,2089.02
HY-LOT-04,W04,11,11,1,10,2.258,1.798,2091.49
HY-LOT-04,W04,11,12,1,10,1.974,1.777,2095.52
HY-LOT-04,W04,11,13,1,10,1.986,1.797,2108.96
HY-LOT-04,W04,11,14,1,10,2.27,1.783,2091.54
HY-LOT-04,W04,11,15,1,10,2.285,1.82,2148.08
HY-LOT-04,W04,12,-15,1,10,2.126,1.82,2114.18
HY-LOT-04,W04,12,-14,2,21,2.049,1.797,2117.89
HY-LOT-04,W04,12,-13,1,10,1.981,1.794,2092.19
HY-LOT-04,W04,12,-12,1,10,2.299,1.781,2085.05
HY-LOT-04,W04,12,-11,1,10,2.213,1.811,2097.51
HY-LOT-04,W04,12,-10,1,10,2.148,1.789,2122.17
HY-LOT-04,W04,12,-9,1,10,2.172,1.787,2076.52
HY-LOT-04,W04,12,-8,1,10,2.11,1.823,2085.48
HY-LOT-04,W04,12,-7,1,10,1.857,1.787,2075.03
HY-LOT-04,W04,12,-6,1,10,1.993,1.803,2070.32
HY-LOT-04,W04,12,-5,1,10,2.146,1.809,2107.83
HY-LOT-04,W04,12,-4,1,10,1.968,1.814,2104.52
HY-LOT-04,W04,12,-3,1,10,2.231,1.788,2088.73
HY-LOT-04,W04,12,-2,1,10,2.151,1.834,2106.69
HY-LOT-04,W04,12,-1,1,10,1.989,1.791,2084.79
HY-LOT-04,W04,12,0,1,10,1.997,1.779,2109.18
HY-LOT-04,W04,12,1,1,10,1.712,1.822,2126.6
HY-LOT-04,W04,12,2,1,10,2.212,1.786,2111.46
HY-LOT-04,W04,12,3,1,10,2.094,1.813,2092.34
HY-LOT-04,W04,12,4,1,10,2.024,1.802,2134.36
HY-LOT-04,W04,12,5,1,10,2.011,1.785,2111.26
HY-LOT-04,W04,12,6,1,10,2.156,1.811,2117.37
HY-LOT-04,W04,12,7,1,10,1.799,1.831,2096.42
HY-LOT-04,W04,12,8,1,10,2.18,1.807,2115.29
HY-LOT-04,W04,12,9,1,10,2.017,1.792,2107.05
HY-LOT-04,W04,12,10,1,10,2.558,1.783,2092.91
HY-LOT-04,W04,12,11,1,10,1.874,1.811,2088.9
HY-LOT-04,W04,12,12,1,10,2.037,1.812,2082.48
HY-LOT-04,W04,12,13,1,10,2.367,1.802,2110.33
HY-LOT-04,W04,12,14,1,10,1.997,1.811,2104.56
HY-LOT-04,W04,12,15,1,10,2.246,1.793,2131.23
HY-LOT-04,W04,13,-14,1,10,2.525,1.774,2078.41
HY-LOT-04,W04,13,-13,1,10,2.264,1.791,2094.86
HY-LOT-04,W04,13,-12,1,10,1.604,1.812,2107.43
HY-LOT-04,W04,13,-11,1,10,2.338,1.807,2120.98
HY-LOT-04,W04,13,-10,1,10,2.398,1.79,2099.28
HY-LOT-04,W04,13,-9,1,10,2.156,1.814,2128.54
HY-LOT-04,W04,13,-8,1,10,1.919,1.797,2103.06
HY-LOT-04,W04,13,-7,1,10,2.201,1.81,2125.71
HY-LOT-04,W04,13,-6,1,10,2.146,1.813,2073.01
HY-LOT-04,W04,13,-5,1,10,2.213,1.802,2084.07
HY-LOT-04,W04,13,-4,1,10,1.858,1.801,2110.33
HY-LOT-04,W04,13,-3,1,10,2.194,1.806,2108.12
HY-LOT-04,W04,13,-2,1,10,1.817,1.786,2122.43
HY-LOT-04,W04,13,-1,1,10,1.945,1.792,2114.76
HY-LOT-04,W04,13,0,1,10,1.959,1.814,2094.96
HY-LOT-04,W04,13,1,1,10,1.715,1.799,2109.78
HY-LOT-04,W04,13,2,1,10,2.2,1.762,2084.19
HY-LOT-04,W04,13,3,1,10,2.317,1.777,2083.83
HY-LOT-04,W04,13,4,1,10,2.089,1.819,2077.13
HY-LOT-04,W04,13,5,1,10,1.875,1.802,2097.7
HY-LOT-04,W04,13,6,1,10,2.285,1.781,2095.17
HY-LOT-04,W04,13,7,1,10,1.73,1.806,2074.81
HY-LOT-04,W04,13,8,1,10,2.023,1.814,2129.01
HY-LOT-04,W04,13,9,1,10,2.316,1.783,2080.3
HY-LOT-04,W04,13,10,1,10,2.008,1.83,2080.23
HY-LOT-04,W04,13,11,1,10,2.363,1.82,2111.65
HY-LOT-04,W04,13,12,1,10,1.706,1.806,2110.7
HY-LOT-04,W04,13,13,1,10,2.074,1.802,2101.26
HY-LOT-04,W04,13,14,1,10,2.254,1.811,2103.52
HY-LOT-04,W04,14,-13,1,10,2.162,1.794,2126.34
HY-LOT-04,W04,14,-12,1,10,1.987,1.823,2084.75
HY-LOT-04,W04,14,-11,1,10,2.032,1.791,2084.83
HY-LOT-04,W04,14,-10,1,10,2.057,1.772,2063.51
HY-LOT-04,W04,14,-9,1,10,1.519,1.777,2113.51
HY-LOT-04,W04,14,-8,1,10,2.278,1.815,2091.45
HY-LOT-04,W04,14,-7,1,10,1.826,1.818,2082.5
HY-LOT-04,W04,14,-6,1,10,2.156,1.807,2066.57
HY-LOT-04,W04,14,-5,1,10,2.097,1.809,2086.11
HY-LOT-04,W04,14,-4,1,10,2.238,1.827,2101.99
HY-LOT-04,W04,14,-3,1,10,2.019,1.789,2123.81
HY-LOT-04,W04,14,-2,1,10,2.105,1.818,2077.26
HY-LOT-04,W04,14,-1,1,10,2.302,1.797,2109.72
HY-LOT-04,W04,14,0,1,10,2.016,1.819,2108.58
HY-LOT-04,W04,14,1,1,10,2.67,1.802,2102.59
HY-LOT-04,W04,14,2,1,10,2.142,1.805,2096.65
HY-LOT-04,W04,14,3,1,10,1.876,1.783,2119.41
HY-LOT-04,W04,14,4,1,10,2.118,1.798,2097.14
HY-LOT-04,W04,14,5,1,10,2.162,1.813,2103.11
HY-LOT-04,W04,14,6,1,10,2.046,1.8,2098.87
HY-LOT-04,W04,14,7,1,10,2.606,1.795,2086.61
HY-LOT-04,W04,14,8,1,10,2.143,1.759,2070.95
HY-LOT-04,W04,14,9,1,10,2.347,1.8,2127.67
HY-LOT-04,W04,14,10,1,10,1.854,1.794,2127.03
HY-LOT-04,W04,14,11,1,10,1.934,1.763,2114.18
HY-LOT-04,W04,14,12,1,10,2.048,1.762,2046.13
HY-LOT-04,W04,14,13,1,10,1.877,1.807,2102.95
HY-LOT-04,W04,15,-12,1,10,1.77,1.785,2069.69
HY-LOT-04,W04,15,-11,1,10,2.04,1.77,2072.81
HY-LOT-04,W04,15,-10,1,10,2.258,1.803,2083.63
HY-LOT-04,W04,15,-9,1,10,1.998,1.789,2120.79
HY-LOT-04,W04,15,-8,1,10,1.842,1.823,2092.21
HY-LOT-04,W04,15,-7,1,10,2.004,1.794,2116.23
HY-LOT-04,W04,15,-6,1,10,2.177,1.788,2112.27
HY-LOT-04,W04,15,-5,1,10,2.134,1.794,2133.24
HY-LOT-04,W04,15,-4,1,10,2.085,1.822,2091.4
HY-LOT-04,W04,15,-3,1,10,2.238,1.826,2094.86
HY-LOT-04,W04,15,-2,1,10,2.23,1.8,2125.37
HY-LOT-04,W04,15,-1,1,10,2.204,1.798,2124.76
HY-LOT-04,W04,15,0,1,10,2.345,1.778,2103.89
HY-LOT-04,W04,15,1,1,10,2.029,1.798,2105.21
HY-LOT-04,W04,15,2,1,10,1.914,1.833,2108.94
HY-LOT-04,W04,15,3,1,10,1.953,1.803,2107.06
HY-LOT-04,W04,15,4,1,10,2.426,1.821,2118.19
HY-LOT-04,W04,15,5,1,10,1.801,1.791,2083.79
HY-LOT-04,W04,15,6,1,10,2.126,1.81,2075.44
HY-LOT-04,W04,15,7,1,10,2.062,1.808,2104.64
HY-LOT-04,W04,15,8,1,10,1.758,1.788,2103.19
HY-LOT-04,W04,15,9,1,10,1.995,1.812,2101.08
HY-LOT-04,W04,15,10,1,10,1.894,1.817,2097.69
HY-LOT-04,W04,15,11,1,10,1.854,1.821,2093.56
HY-LOT-04,W04,15,12,1,10,2.053,1.797,2101.57
HY-LOT-04,W04,16,-10,1,10,2.479,1.777,2108.04
HY-LOT-04,W04,16,-9,1,10,2.024,1.79,2073.69
HY-LOT-04,W04,16,-8,1,10,1.839,1.829,2103.61
HY-LOT-04,W04,16,-7,1,10,2.01,1.785,2137.01
HY-LOT-04,W04,16,-6,1,10,1.954,1.804,2120.55
HY-LOT-04,W04,16,-5,1,10,2.294,1.782,2063.06
HY-LOT-04,W04,16,-4,1,10,1.966,1.804,2093.88
HY-LOT-04,W04,16,-3,1,10,1.873,1.8,2076.08
HY-LOT-04,W04,16,-2,1,10,1.933,1.796,2086.24
HY-LOT-04,W04,16,-1,1,10,2.476,1.828,2079.17
HY-LOT-04,W04,16,0,1,10,2.28,1.798,2126.2
HY-LOT-04,W04,16,1,1,10,1.791,1.804,2097.67
HY-LOT-04,W04,16,2,1,10,2.133,1.788,2092.26
HY-LOT-04,W04,16,3,1,10,1.888,1.798,2085.68
HY-LOT-04,W04,16,4,1,10,2.378,1.775,2092.02
HY-LOT-04,W04,16,5,1,10,2.013,1.809,2068.25
HY-LOT-04,W04,16,6,1,10,2.148,1.827,2092.79
HY-LOT-04,W04,16,7,1,10,1.87,1.797,2135.2
HY-LOT-04,W04,16,8,1,10,2.016,1.811,2085.78
HY-LOT-04,W04,16,9,1,10,2.36,1.825,2132.4
HY-LOT-04,W04,16,10,1,10,1.994,1.776,2134.37
HY-LOT-04,W04,17,-9,1,10,2.148,1.832,2072.44
HY-LOT-04,W04,17,-8,1,10,2.152,1.799,2097.44
HY-LOT-04,W04,17,-7,1,10,2.114,1.768,2101.97
HY-LOT-04,W04,17,-6,1,10,2.148,1.812,2131.64
HY-LOT-04,W04,17,-5,1,10,2.093,1.793,2109.41
HY-LOT-04,W04,17,-4,1,10,1.933,1.797,2078.28
HY-LOT-04,W04,17,-3,1,10,1.988,1.772,2117.62
HY-LOT-04,W04,17,-2,1,10,2.179,1.805,2080.14
HY-LOT-04,W04,17,-1,1,10,2.66,1.825,2105.09
HY-LOT-04,W04,17,0,1,10,2.299,1.773,2082.8
HY-LOT-04,W04,17,1,1,10,2.155,1.814,2101.5
HY-LOT-04,W04,17,2,1,10,2.086,1.777,2088.12
HY-LOT-04,W04,17,3,1,10,2.287,1.81,2116.48
HY-LOT-04,W04,17,4,1,10,1.926,1.789,2108.59
HY-LOT-04,W04,17,5,1,10,2.101,1.806,2118.73
HY-LOT-04,W04,17,6,1,10,2.002,1.779,2098.76
HY-LOT-04,W04,17,7,1,10,1.802,1.799,2115.64
HY-LOT-04,W04,17,8,1,10,1.98,1.825,2093.77
HY-LOT-04,W04,17,9,1,10,2.147,1.75,2099.37
HY-LOT-04,W04,18,-6,1,10,2.36,1.781,2130.65
HY-LOT-04,W04,18,-5,1,10,2.053,1.789,2114.98
HY-LOT-04,W04,18,-4,1,10,1.72,1.855,2099.23
HY-LOT-04,W04,18,-3,1,10,2.135,1.797,2063.29
HY-LOT-04,W04,18,-2,1,10,2.281,1.792,2118.75
HY-LOT-04,W04,18,-1,1,10,2.209,1.827,2097.72
HY-LOT-04,W04,18,0,1,10,1.701,1.767,2066.04
HY-LOT-04,W04,18,1,1,10,2.52,1.802,2112.69
HY-LOT-04,W04,18,2,1,10,2.179,1.797,2118.12
HY-LOT-04,W04,18,3,1,10,1.967,1.83,2101.65
HY-LOT-04,W04,18,4,1,10,2.14,1.812,2109.8
HY-LOT-04,W04,18,5,1,10,2.535,1.787,2113.7
HY-LOT-04,W04,18,6,1,10,2.063,1.809,2113.96
HY-LOT-04,W04,19,-3,1,10,2.069,1.806,2083.59
HY-LOT-04,W04,19,-2,1,10,2.151,1.792,2094.52
HY-LOT-04,W04,19,-1,1,10,2.272,1.784,2114.64
HY-LOT-04,W04,19,0,1,10,1.83,1.777,2059.83
HY-LOT-04,W04,19,1,1,10,1.907,1.79,2110.05
HY-LOT-04,W04,19,2,1,10,1.868,1.788,2092.06
HY-LOT-04,W04,19,3,1,10,2.009,1.777,2093.44
HY-LOT-04,W05,-19,-3,1,10,2.268,1.815,2127.74
HY-LOT-04,W05,-19,-2,1,10,2.281,1.782,2110.59
HY-LOT-04,W05,-19,-1,1,10,1.958,1.801,2086.73
HY-LOT-04,W05,-19,0,1,10,2.514,1.802,2083.05
HY-LOT-04,W05,-19,1,1,10,2.006,1.801,2111.25
HY-LOT-04,W05,-19,2,1,10,2.191,1.796,2093.72
HY-LOT-04,W05,-19,3,1,10,2.136,1.823,2113.62
HY-LOT-04,W05,-18,-6,1,10,2.473,1.824,2098.97
HY-LOT-04,W05,-18,-5,1,10,2.413,1.814,2104.44
HY-LOT-04,W05,-18,-4,1,10,2.292,1.807,2113.42
HY-LOT-04,W05,-18,-3,1,10,2.123,1.808,2099.19
HY-LOT-04,W05,-18,-2,1,10,2.218,1.836,2108.22
HY-LOT-04,W05,-18,-1,1,10,2.131,1.793,2069.94
HY-LOT-04,W05,-18,0,1,10,2.317,1.807,2104.7
HY-LOT-04,W05,-18,1,1,10,1.924,1.797,2085.2
HY-LOT-04,W05,-18,2,1,10,2.161,1.813,2079.75
HY-LOT-04,W05,-18,3,2,21,2.146,1.792,2099.93
HY-LOT-04,W05,-18,4,1,10,2.126,1.797,2112.17
HY-LOT-04,W05,-18,5,1,10,2.154,1.797,2117.51
HY-LOT-04,W05,-18,6,1,10,2.127,1.806,2114.04
HY-LOT-04,W05,-17,-9,1,10,2.156,1.8,2111.44
HY-LOT-04,W05,-17,-8,1,10,2.436,1.785,2080.02
HY-LOT-04,W05,-17,-7,1,10,2.308,1.799,2095.98
HY-LOT-04,W05,-17,-6,1,10,2.18,1.818,2097.25
HY-LOT-04,W05,-17,-5,1,10,1.734,1.808,2099.19
HY-LOT-04,W05,-17,-4,1,10,1.945,1.812,2102.72
HY-LOT-04,W05,-17,-3,1,10,2.497,1.819,2078.11
HY-LOT-04,W05,-17,-2,1,10,2.205,1.807,2155.74
HY-LOT-04,W05,-17,-1,1,10,2.218,1.795,2129.74
HY-LOT-04,W05,-17,0,1,10,2.435,1.768,2106.83
HY-LOT-04,W05,-17,1,1,10,2.105,1.807,2095.1
HY-LOT-04,W05,-17,2,1,10,2.258,1.824,2105.34
HY-LOT-04,W05,-17,3,1,10,2.014,1.806,2091.37
HY-LOT-04,W05,-17,4,1,10,2.414,1.817,2107.39
HY-LOT-04,W05,-17,5,1,10,2.141,1.814,2117.56
HY-LOT-04,W05,-17,6,1,10,2.47,1.795,2092.68
HY-LOT-04,W05,-17,7,1,10,2.176,1.778,2106.39
HY-LOT-04,W05,-17,8,1,10,2.122,1.775,2096.5
HY-LOT-04,W05,-17,9,1,10,2.422,1.8,2103.42
HY-LOT-04,W05,-16,-10,1,10,2.534,1.804,2108.09
HY-LOT-04,W05,-16,-9,1,10,2.056,1.765,2109.28
HY-LOT-04,W05,-16,-8,1,10,1.798,1.826,2114.94
HY-LOT-04,W05,-16,-7,1,10,2.588,1.773,2111.55
HY-LOT-04,W05,-16,-6,1,10,2.437,1.792,2068.88
HY-LOT-04,W05,-16,-5,1,10,2.545,1.816,2119.45
HY-LOT-04,W05,-16,-4,1,10,1.927,1.771,2140.31
HY-LOT-04,W05,-16,-3,1,10,2.292,1.773,2094.43
HY-LOT-04,W05,-16,-2,2,21,2.389,1.813,2084.25
HY-LOT-04,W05,-16,-1,1,10,2.039,1.798,2114.89
HY-LOT-04,W05,-16,0,1,10,1.91,1.825,2130.52
HY-LOT-04,W05,-16,1,1,10,2.116,1.777,2092.63
HY-LOT-04,W05,-16,2,1,10,2.078,1.796,2114.8
HY-LOT-04,W05,-16,3,1,10,2.266,1.821,2090.11
HY-LOT-04,W05,-16,4,1,10,2.077,1.84,2110.1
HY-LOT-04,W05,-16,5,1,10,2.209,1.764,2095.16
HY-LOT-04,W05,-16,6,1,10,2.043,1.814,2122.31
HY-LOT-04,W05,-16,7,1,10,2.131,1.768,2102.21
HY-LOT-04,W05,-16,8,1,10,2.369,1.804,2068.79
HY-LOT-04,W05,-16,9,1,10,2.134,1.829,2076.87
HY-LOT-04,W05,-16,10,1,10,2.169,1.79,2127.17
HY-LOT-04,W05,-15,-12,1,10,2.604,1.822,2081.44
HY-LOT-04,W05,-15,-11,1,10,1.787,1.773,2113.88
HY-LOT-04,W05,-15,-10,1,10,2.196,1.805,2126.18
HY-LOT-04,W05,-15,-9,1,10,2.294,1.816,2097.79
HY-LOT-04,W05,-15,-8,1,10,1.978,1.771,2104
HY-LOT-04,W05,-15,-7,2,21,2.09,1.788,2102.72
HY-LOT-04,W05,-15,-6,1,10,2.137,1.82,2124.52
HY-LOT-04,W05,-15,-5,1,10,2.142,1.823,2083.04
HY-LOT-04,W05,-15,-4,1,10,1.996,1.814,2112.13
HY-LOT-04,W05,-15,-3,1,10,2.141,1.801,2071.58
HY-LOT-04,W05,-15,-2,1,10,2.164,1.797,2071.86
HY-LOT-04,W05,-15,-1,1,10,2.076,1.795,2109.17
HY-LOT-04,W05,-15,0,1,10,2.312,1.798,2089.13
HY-LOT-04,W05,-15,1,1,10,2.529,1.758,2064.08
HY-LOT-04,W05,-15,2,1,10,2.284,1.796,2103.58
HY-LOT-04,W05,-15,3,1,10,2.198,1.811,2120
HY-LOT-04,W05,-15,4,1,10,1.988,1.819,2064.89
HY-LOT-04,W05,-15,5,1,10,2.263,1.837,2118.02
HY-LOT-04,W05,-15,6,1,10,1.981,1.843,2080.75
HY-LOT-04,W05,-15,7,1,10,2.266,1.771,2090.55
HY-LOT-04,W05,-15,8,1,10,1.986,1.818,2113.3
HY-LOT-04,W05,-15,9,1,10,2.394,1.815,2095.89
HY-LOT-04,W05,-15,10,1,10,2.319,1.792,2104.94
HY-LOT-04,W05,-15,11,1,10,2.291,1.819,2111.91
HY-LOT-04,W05,-15,12,1,10,2.366,1.836,2115.81
HY-LOT-04,W05,-14,-13,1,10,2.258,1.797,2114.28
HY-LOT-04,W05,-14,-12,1,10,2.241,1.8,2106.87
HY-LOT-04,W05,-14,-11,1,10,2.305,1.806,2094.13
HY-LOT-04,W05,-14,-10,1,10,2.458,1.802,2120.65
HY-LOT-04,W05,-14,-9,1,10,2.287,1.803,2079.96
HY-LOT-04,W05,-14,-8,1,10,2.314,1.795,2102.16
HY-LOT-04,W05,-14,-7,1,10,2.045,1.814,2096.83
HY-LOT-04,W05,-14,-6,1,10,2.379,1.787,2100.72
HY-LOT-04,W05,-14,-5,1,10,2.544,1.788,2091.37
HY-LOT-04,W05,-14,-4,1,10,2.643,1.806,2107.13
HY-LOT-04,W05,-14,-3,1,10,2.203,1.822,2092.59
HY-LOT-04,W05,-14,-2,1,10,2.141,1.805,2087.52
HY-LOT-04,W05,-14,-1,1,10,2.032,1.772,2112.31
HY-LOT-04,W05,-14,0,1,10,2.006,1.783,2112.88
HY-LOT-04,W05,-14,1,1,10,2.003,1.767,2100.51
HY-LOT-04,W05,-14,2,1,10,1.922,1.794,2102.15
HY-LOT-04,W05,-14,3,1,10,2.519,1.822,2090.38
HY-LOT-04,W05,-14,4,1,10,2.119,1.822,2136.95
HY-LOT-04,W05,-14,5,1,10,2.05,1.8,2075.28
HY-LOT-04,W05,-14,6,1,10,2.004,1.791,2095.27
HY-LOT-04,W05,-14,7,1,10,2.115,1.809,2096.18
HY-LOT-04,W05,-14,8,1,10,2.072,1.811,2078.62
HY-LOT-04,W05,-14,9,1,10,1.898,1.826,2102.36
HY-LOT-04,W05,-14,10,1,10,2.072,1.775,2081.2
HY-LOT-04,W05,-14,11,1,10,2.419,1.834,2092.75
HY-LOT-04,W05,-14,12,1,10,2.344,1.772,2105.96
HY-LOT-04,W05,-14,13,1,10,2.106,1.776,2110.14
HY-LOT-04,W05,-13,-14,1,10,2.191,1.777,2102.26
HY-LOT-04,W05,-13,-13,1,10,2.04,1.807,2109.86
HY-LOT-04,W05,-13,-12,1,10,1.961,1.819,2084.2
HY-LOT-04,W05,-13,-11,1,10,2.552,1.821,2130.22
HY-LOT-04,W05,-13,-10,1,10,2.181,1.79,2095.88
HY-LOT-04,W05,-13,-9,1,10,2.169,1.796,2081.39
HY-LOT-04,W05,-13,-8,1,10,2.263,1.797,2094.08
HY-LOT-04,W05,-13,-7,1,10,2.085,1.83,2108.5
HY-LOT-04,W05,-13,-6,1,10,2.222,1.806,2095.17
HY-LOT-04,W05,-13,-5,1,10,2.352,1.807,2106.71
HY-LOT-04,W05,-13,-4,1,10,2.175,1.785,2129.88
HY-LOT-04,W05,-13,-3,1,10,2.657,1.81,2095.75
HY-LOT-04,W05,-13,-2,1,10,2.258,1.8,2107.02
HY-LOT-04,W05,-13,-1,1,10,2.006,1.805,2099.05
HY-LOT-04,W05,-13,0,1,10,2.435,1.814,2118.88
HY-LOT-04,W05,-13,1,1,10,2.19,1.751,2150.64
HY-LOT-04,W05,-13,2,1,10,2.128,1.797,2129.38
HY-LOT-04,W05,-13,3,1,10,2.337,1.776,2111.77
HY-LOT-04,W05,-13,4,1,10,1.851,1.824,2089.07
HY-LOT-04,W05,-13,5,1,10,2.291,1.784,2095.77
HY-LOT-04,W05,-13,6,1,10,2.094,1.804,2075.78
HY-LOT-04,W05,-13,7,1,10,2.246,1.785,2112.88
HY-LOT-04,W05,-13,8,1,10,2.079,1.812,2077.24
HY-LOT-04,W05,-13,9,1,10,2.08,1.796,2115.41
HY-LOT-04,W05,-13,10,1,10,2.07,1.783,2130.42
HY-LOT-04,W05,-13,11,1,10,2.32,1.789,2107.43
HY-LOT-04,W05,-13,12,1,10,2.015,1.805,2095.78
HY-LOT-04,W05,-13,13,1,10,2.202,1.78,2092.95
HY-LOT-04,W05,-13,14,1,10,2.339,1.822,2129.39
HY-LOT-04,W05,-12,-15,1,10,2.154,1.812,2115.57
HY-LOT-04,W05,-12,-14,1,10,2.317,1.806,2114.16
HY-LOT-04,W05,-12,-13,1,10,2.509,1.828,2114.16
HY-LOT-04,W05,-12,-12,1,10,2.126,1.806,2092.59
HY-LOT-04,W05,-12,-11,1,10,2.452,1.815,2107.85
HY-LOT-04,W05,-12,-10,1,10,2.057,1.813,2096.31
HY-LOT-04,W05,-12,-9,1,10,2.14,1.782,2090.6
HY-LOT-04,W05,-12,-8,1,10,2.256,1.784,2115.97
HY-LOT-04,W05,-12,-7,1,10,1.828,1.796,2108.27
HY-LOT-04,W05,-12,-6,1,10,2.006,1.782,2121.08
HY-LOT-04,W05,-12,-5,1,10,1.965,1.792,2122.15
HY-LOT-04,W05,-12,-4,1,10,2.052,1.808,2082.34
HY-LOT-04,W05,-12,-3,1,10,2.369,1.798,2088.19
HY-LOT-04,W05,-12,-2,1,10,2.216,1.822,2123.29
HY-LOT-04,W05,-12,-1,1,10,1.993,1.767,2056.12
HY-LOT-04,W05,-12,0,1,10,2.059,1.814,2104.95
HY-LOT-04,W05,-12,1,1,10,1.781,1.801,2093.74
HY-LOT-04,W05,-12,2,1,10,2.121,1.808,2090.12
HY-LOT-04,W05,-12,3,1,10,2.025,1.789,2130.16
HY-LOT-04,W05,-12,4,1,10,2.185,1.774,2137.21
HY-LOT-04,W05,-12,5,1,10,1.895,1.816,2110.1
HY-LOT-04,W05,-12,6,1,10,2.204,1.79,2084.16
HY-LOT-04,W05,-12,7,1,10,2.487,1.804,2091.97
HY-LOT-04,W05,-12,8,1,10,2.357,1.793,2121.52
HY-LOT-04,W05,-12,9,1,10,2.349,1.797,2094.1
HY-LOT-04,W05,-12,10,1,10,2.217,1.789,2096.58
HY-LOT-04,W05,-12,11,1,10,1.714,1.787,2096.48
HY-LOT-04,W05,-12,12,1,10,2.179,1.78,2073.08
HY-LOT-04,W05,-12,13,1,10,1.88,1.781,2099.91
HY-LOT-04,W05,-12,14,1,10,2.197,1.8,2105.07
HY-LOT-04,W05,-12,15,1,10,2.392,1.803,2087.52
HY-LOT-04,W05,-11,-15,1,10,2.076,1.786,2099.53
HY-LOT-04,W05,-11,-14,1,10,2.239,1.818,2075.7
HY-LOT-04,W05,-11,-13,1,10,2.486,1.814,2116.24
HY-LOT-04,W05,-11,-12,1,10,2.481,1.805,2085.94
HY-LOT-04,W05,-11,-11,1,10,2.53,1.777,2125.81
HY-LOT-04,W05,-11,-10,1,10,2.288,1.793,2109.59
HY-LOT-04,W05,-11,-9,1,10,2.045,1.808,2102.41
HY-LOT-04,W05,-11,-8,1,10,2.167,1.804,2093.5
HY-LOT-04,W05,-11,-7,1,10,2.215,1.799,2093.54
HY-LOT-04,W05,-11,-6,1,10,2.323,1.793,2072.37
HY-LOT-04,W05,-11,-5,1,10,2.322,1.807,2080.17
HY-LOT-04,W05,-11,-4,1,10,2.313,1.81,2087.66
HY-LOT-04,W05,-11,-3,1,10,2.02,1.818,2104.39
HY-LOT-04,W05,-11,-2,1,10,2.21,1.805,2099.64
HY-LOT-04,W05,-11,-1,1,10,1.775,1.804,2099.26
HY-LOT-04,W05,-11,0,1,10,2.245,1.804,2083.5
HY-LOT-04,W05,-11,1,1,10,2.259,1.795,2121.24
HY-LOT-04,W05,-11,2,1,10,2.084,1.824,2083.08
HY-LOT-04,W05,-11,3,1,10,2.072,1.783,2091.69
HY-LOT-04,W05,-11,4,1,10,2.48,1.754,2124.19
HY-LOT-04,W05,-11,5,1,10,2.144,1.807,2116.98
HY-LOT-04,W05,-11,6,1,10,2.471,1.778,2107.2
HY-LOT-04,W05,-11,7,1,10,2.312,1.795,2123.58
HY-LOT-04,W05,-11,8,1,10,2.198,1.785,2082.71
HY-LOT-04,W05,-11,9,1,10,2.409,1.773,2074.32
HY-LOT-04,W05,-11,10,1,10,2.296,1.793,2107.9
HY-LOT-04,W05,-11,11,1,10,2.148,1.782,2117.25
HY-LOT-04,W05,-11,12,1,10,2.358,1.781,2095.04
HY-LOT-04,W05,-11,13,1,10,2.224,1.809,2133.1
HY-LOT-04,W05,-11,14,1,10,2.28,1.81,2111.01
HY-LOT-04,W05,-11,15,1,10,2.327,1.79,2100.75
HY-LOT-04,W05,-10,-16,1,10,1.867,1.796,2109.01
HY-LOT-04,W05,-10,-15,1,10,2.571,1.795,2078.04
HY-LOT-04,W05,-10,-14,1,10,2.103,1.792,2100.83
HY-LOT-04,W05,-10,-13,1,10,2.07,1.802,2110.15
HY-LOT-04,W05,-10,-12,1,10,2.527,1.806,2092.43
HY-LOT-04,W05,-10,-11,1,10,2.373,1.815,2122.99
HY-LOT-04,W05,-10,-10,1,10,2.479,1.809,2101.17
HY-LOT-04,W05,-10,-9,1,10,2.148,1.797,2078.51
HY-LOT-04,W05,-10,-8,1,10,2.772,1.787,2075.95
HY-LOT-04,W05,-10,-7,1,10,2.134,1.782,2100.91
HY-LOT-04,W05,-10,-6,1,10,2.132,1.799,2068.53
HY-LOT-04,W05,-10,-5,1,10,2.059,1.797,2082.85
HY-LOT-04,W05,-10,-4,1,10,2.362,1.806,2104.55
HY-LOT-04,W05,-10,-3,1,10,2.345,1.781,2114.13
HY-LOT-04,W05,-10,-2,1,10,1.77,1.811,2079.51
HY-LOT-04,W05,-10,-1,1,10,2.322,1.785,2092.8
HY-LOT-04,W05,-10,0,1,10,2.236,1.797,2116.17
HY-LOT-04,W05,-10,1,1,10,2.144,1.818,2082.1
HY-LOT-04,W05,-10,2,1,10,2.106,1.806,2108.78
HY-LOT-04,W05,-10,3,1,10,2.134,1.795,2099.96
HY-LOT-04,W05,-10,4,1,10,2.354,1.81,2081.13
HY-LOT-04,W05,-10,5,1,10,2.028,1.816,2095.15
HY-LOT-04,W05,-10,6,1,10,2.336,1.82,2099.51
HY-LOT-04,W05,-10,7,1,10,2.382,1.803,2082.2
HY-LOT-04,W05,-10,8,1,10,2.153,1.76,2108.01
HY-LOT-04,W05,-10,9,1,10,2.384,1.807,2128.44
HY-LOT-04,W05,-10,10,1,10,2.355,1.797,2090.34
HY-LOT-04,W05,-10,11,1,10,2.315,1.798,2069.75
HY-LOT-04,W05,-10,12,1,10,2.543,1.769,2110.58
HY-LOT-04,W05,-10,13,1,10,2.156,1.781,2072.02
HY-LOT-04,W05,-10,14,1,10,2.144,1.806,2075.45
HY-LOT-04,W05,-10,15,1,10,2.197,1.782,2108.84
HY-LOT-04,W05,-10,16,1,10,1.966,1.785,2104.81
HY-LOT-04,W05,-9,-17,1,10,2.223,1.804,2091.49
HY-LOT-04,W05,-9,-16,1,10,1.986,1.813,2101.96
HY-LOT-04,W05,-9,-15,1,10,2.207,1.831,2165
HY-LOT-04,W05,-9,-14,2,21,1.86,1.79,2112.82
HY-LOT-04,W05,-9,-13,1,10,1.988,1.797,2103.02
HY-LOT-04,W05,-9,-12,1,10,2.184,1.805,2080.66
HY-LOT-04,W05,-9,-11,1,10,2.083,1.798,2104.28
HY-LOT-04,W05,-9,-10,1,10,2.198,1.807,2093.37
HY-LOT-04,W05,-9,-9,1,10,2.533,1.785,2108.02
HY-LOT-04,W05,-9,-8,1,10,1.983,1.779,2104.47
HY-LOT-04,W05,-9,-7,1,10,2.186,1.803,2123.42
HY-LOT-04,W05,-9,-6,1,10,2.585,1.794,2076.26
HY-LOT-04,W05,-9,-5,1,10,2.469,1.759,2105.4
HY-LOT-04,W05,-9,-4,1,10,2.239,1.786,2079.98
HY-LOT-04,W05,-9,-3,1,10,2.139,1.786,2100.25
HY-LOT-04,W05,-9,-2,1,10,2.455,1.83,2120.04
HY-LOT-04,W05,-9,-1,1,10,2.286,1.772,2120.06
HY-LOT-04,W05,-9,0,1,10,2.249,1.82,2093.37
HY-LOT-04,W05,-9,1,1,10,2.056,1.797,2094.32
HY-LOT-04,W05,-9,2,1,10,2.039,1.812,2106.7
HY-LOT-04,W05,-9,3,1,10,2.42,1.8,2107.91
HY-LOT-04,W05,-9,4,1,10,2.232,1.829,2081.41
HY-LOT-04,W05,-9,5,1,10,2.069,1.782,2113.31
HY-LOT-04,W05,-9,6,1,10,2.109,1.802,2094.04
HY-LOT-04,W05,-9,7,1,10,2.204,1.748,2108.34
HY-LOT-04,W05,-9,8,1,10,2.107,1.807,2102.32
HY-LOT-04,W05,-9,9,1,10,1.713,1.787,2078.75
HY-LOT-04,W05,-9,10,1,10,1.953,1.807,2109.21
HY-LOT-04,W05,-9,11,1,10,2.276,1.811,2115.42
HY-LOT-04,W05,-9,12,1,10,2.118,1.748,2131.35
HY-LOT-04,W05,-9,13,1,10,1.913,1.776,2121.7
HY-LOT-04,W05,-9,14,1,10,2.387,1.824,2106.68
HY-LOT-04,W05,-9,15,1,10,2.336,1.811,2111.31
HY-LOT-04,W05,-9,16,1,10,2.14,1.801,2115.47
HY-LOT-04,W05,-9,17,1,10,2.361,1.781,2101.1
HY-LOT-04,W05,-8,-17,1,10,2.338,1.782,2107.33
HY-LOT-04,W05,-8,-16,1,10,1.797,1.795,2083.07
HY-LOT-04,W05,-8,-15,1,10,2.348,1.827,2109.52
HY-LOT-04,W05,-8,-14,1,10,2.249,1.813,2078.05
HY-LOT-04,W05,-8,-13,1,10,2.383,1.773,2099.69
HY-LOT-04,W05,-8,-12,1,10,2.298,1.791,2086.92
HY-LOT-04,W05,-8,-11,1,10,2.239,1.788,2102.29
HY-LOT-04,W05,-8,-10,1,10,2.436,1.807,2119.99
HY-LOT-04,W05,-8,-9,1,10,1.918,1.776,2093.68
HY-LOT-04,W05,-8,-8,1,10,1.959,1.788,2103.59
HY-LOT-04,W05,-8,-7,1,10,2.122,1.832,2088.85
HY-LOT-04,W05,-8,-6,1,10,2.274,1.825,2094.22
HY-LOT-04,W05,-8,-5,1,10,2.001,1.804,2137.34
HY-LOT-04,W05,-8,-4,1,10,2.158,1.799,2076.77
HY-LOT-04,W05,-8,-3,1,10,2.166,1.827,2121.9
HY-LOT-04,W05,-8,-2,1,10,2.58,1.815,2100.65
HY-LOT-04,W05,-8,-1,1,10,2.381,1.811,2107.47
HY-LOT-04,W05,-8,0,1,10,1.989,1.822,2092.17
HY-LOT-04,W05,-8,1,1,10,1.883,1.778,2130.91
HY-LOT-04,W05,-8,2,1,10,1.936,1.812,2109.09
HY-LOT-04,W05,-8,3,1,10,1.798,1.817,2091.25
HY-LOT-04,W05,-8,4,1,10,1.84,1.791,2093.71
HY-LOT-04,W05,-8,5,1,10,2.164,1.779,2075.84
HY-LOT-04,W05,-8,6,1,10,2.23,1.801,2089.08
HY-LOT-04,W05,-8,7,1,10,2.242,1.8,2123.89
HY-LOT-04,W05,-8,8,1,10,2.099,1.785,2099.08
HY-LOT-04,W05,-8,9,1,10,1.768,1.788,2076.61
HY-LOT-04,W05,-8,10,1,10,2.202,1.806,2104.19
HY-LOT-04,W05,-8,11,1,10,1.712,1.794,2053.29
HY-LOT-04,W05,-8,12,1,10,2.192,1.774,2093.12
HY-LOT-04,W05,-8,13,1,10,2.577,1.803,2086.92
HY-LOT-04,W05,-8,14,1,10,2.249,1.784,2106.27
HY-LOT-04,W05,-8,15,1,10,2.058,1.782,2095.25
HY-LOT-04,W05,-8,16,1,10,2.162,1.8,2071.18
HY-LOT-04,W05,-8,17,1,10,2.096,1.81,2116.61
HY-LOT-04,W05,-7,-17,1,10,2.297,1.825,2111.81
HY-LOT-04,W05,-7,-16,1,10,1.987,1.81,2092.79
HY-LOT-04,W05,-7,-15,1,10,2.654,1.824,2107.08
HY-LOT-04,W05,-7,-14,1,10,2.158,1.813,2072.27
HY-LOT-04,W05,-7,-13,1,10,2.227,1.776,2100
HY-LOT-04,W05,-7,-12,1,10,2.266,1.769,2101.07
HY-LOT-04,W05,-7,-11,1,10,1.956,1.852,2108.77
HY-LOT-04,W05,-7,-10,1,10,1.799,1.809,2095.51
HY-LOT-04,W05,-7,-9,1,10,1.72,1.834,2075.29
HY-LOT-04,W05,-7,-8,1,10,2.311,1.808,2117.35
HY-LOT-04,W05,-7,-7,1,10,2.548,1.816,2087.14
HY-LOT-04,W05,-7,-6,1,10,2.196,1.77,2103.3
HY-LOT-04,W05,-7,-5,1,10,2.196,1.798,2121.32
HY-LOT-04,W05,-7,-4,1,10,2.514,1.816,2086.17
HY-LOT-04,W05,-7,-3,1,10,2.277,1.836,2116.53
HY-LOT-04,W05,-7,-2,1,10,2.26,1.809,2093.67
HY-LOT-04,W05,-7,-1,1,10,2.186,1.797,2096.02
HY-LOT-04,W05,-7,0,1,10,2.066,1.812,2109.34
HY-LOT-04,W05,-7,1,1,10,1.921,1.803,2086.98
HY-LOT-04,W05,-7,2,1,10,2.266,1.798,2111.52
HY-LOT-04,W05,-7,3,1,10,2.052,1.803,2101
HY-LOT-04,W05,-7,4,1,10,2.358,1.792,2091.1
HY-LOT-04,W05,-7,5,1,10,2.309,1.793,2095.32
HY-LOT-04,W05,-7,6,1,10,2.134,1.776,2048.93
HY-LOT-04,W05,-7,7,1,10,2.285,1.796,2094.23
HY-LOT-04,W05,-7,8,1,10,2.041,1.782,2094.86
HY-LOT-04,W05,-7,9,1,10,2.108,1.816,2074.13
HY-LOT-04,W05,-7,10,1,10,2.027,1.802,2111.92
HY-LOT-04,W05,-7,11,1,10,2.605,1.782,2108.05
HY-LOT-04,W05,-7,12,1,10,2.503,1.798,2110.11
HY-LOT-04,W05,-7,13,1,10,2.366,1.822,2099.66
HY-LOT-04,W05,-7,14,1,10,2.452,1.786,2116.22
HY-LOT-04,W05,-7,15,1,10,2.232,1.762,2121.81
HY-LOT-04,W05,-7,16,1,10,1.828,1.806,2119.16
HY-LOT-04,W05,-7,17,1,10,2.098,1.831,2107.6
HY-LOT-04,W05,-6,-18,1,10,2.248,1.805,2101.24
HY-LOT-04,W05,-6,-17,1,10,2.426,1.776,2082.19
HY-LOT-04,W05,-6,-16,1,10,1.766,1.779,2114.24
HY-LOT-04,W05,-6,-15,1,10,1.812,1.77,2131.97
HY-LOT-04,W05,-6,-14,1,10,2.203,1.787,2086.71
HY-LOT-04,W05,-6,-13,1,10,2.281,1.824,2089.55
HY-LOT-04,W05,-6,-12,1,10,2.269,1.796,2105.03
HY-LOT-04,W05,-6,-11,1,10,1.807,1.823,2096.91
HY-LOT-04,W05,-6,-10,1,10,2.396,1.804,2089.98
HY-LOT-04,W05,-6,-9,1,10,2.384,1.782,2078.16
HY-LOT-04,W05,-6,-8,1,10,1.958,1.824,2112.46
HY-LOT-04,W05,-6,-7,1,10,2.194,1.768,2104.32
HY-LOT-04,W05,-6,-6,1,10,2.063,1.808,2095.35
HY-LOT-04,W05,-6,-5,1,10,2.301,1.78,2101.44
HY-LOT-04,W05,-6,-4,1,10,1.941,1.837,2093.04
HY-LOT-04,W05,-6,-3,1,10,2.009,1.792,2076.57
HY-LOT-04,W05,-6,-2,1,10,2.137,1.803,2095.76
HY-LOT-04,W05,-6,-1,1,10,2.312,1.782,2138.7
HY-LOT-04,W05,-6,0,1,10,2.108,1.812,2113.25
HY-LOT-04,W05,-6,1,1,10,2.38,1.802,2066.52
HY-LOT-04,W05,-6,2,1,10,2.211,1.761,2126.1
HY-LOT-04,W05,-6,3,1,10,1.909,1.82,2063.69
HY-LOT-04,W05,-6,4,1,10,2.318,1.797,2102.23
HY-LOT-04,W05,-6,5,1,10,2.074,1.766,2112.22
HY-LOT-04,W05,-6,6,1,10,2.243,1.788,2097.01
HY-LOT-04,W05,-6,7,1,10,1.979,1.8,2088.36
HY-LOT-04,W05,-6,8,1,10,1.947,1.818,2091.42
HY-LOT-04,W05,-6,9,1,10,2.237,1.79,2088.77
HY-LOT-04,W05,-6,10,1,10,2.262,1.792,2109.15
HY-LOT-04,W05,-6,11,1,10,2.592,1.819,2110.44
HY-LOT-04,W05,-6,12,1,10,1.978,1.818,2104.61
HY-LOT-04,W05,-6,13,1,10,2.339,1.824,2129.2
HY-LOT-04,W05,-6,14,1,10,2.323,1.762,2090.81
HY-LOT-04,W05,-6,15,1,10,2.147,1.809,2119.26
HY-LOT-04,W05,-6,16,1,10,2.222,1.788,2099.33
HY-LOT-04,W05,-6,17,1,10,2.062,1.786,2085.61
HY-LOT-04,W05,-6,18,1,10,1.86,1.826,2136.14
HY-LOT-04,W05,-5,-18,1,10,2.375,1.795,2090.72
HY-LOT-04,W05,-5,-17,1,10,2.361,1.802,2120.35
HY-LOT-04,W05,-5,-16,1,10,2.295,1.753,2071.54
HY-LOT-04,W05,-5,-15,1,10,2.302,1.784,2087.2
HY-LOT-04,W05,-5,-14,1,10,2.541,1.811,2112.4
HY-LOT-04,W05,-5,-13,1,10,2.324,1.771,2087
HY-LOT-04,W05,-5,-12,1,10,2.241,1.803,2088.59
HY-LOT-04,W05,-5,-11,1,10,1.951,1.807,2082.31
HY-LOT-04,W05,-5,-10,1,10,2.442,1.771,2119.23
HY-LOT-04,W05,-5,-9,1,10,1.959,1.811,2094.4
HY-LOT-04,W05,-5,-8,1,10,1.937,1.793,2131.56
HY-LOT-04,W05,-5,-7,1,10,2.348,1.823,2072.12
HY-LOT-04,W05,-5,-6,1,10,2.304,1.753,2088.3
HY-LOT-04,W05,-5,-5,1,10,2.184,1.787,2089.66
HY-LOT-04,W05,-5,-4,1,10,2.257,1.797,2122.38
HY-LOT-04,W05,-5,-3,1,10,2.238,1.804,2098.37
HY-LOT-04,W05,-5,-2,1,10,2.08,1.797,2075.02
HY-LOT-04,W05,-5,-1,1,10,1.845,1.8,2080.69
HY-LOT-04,W05,-5,0,1,10,2.315,1.801,2046.17
HY-LOT-04,W05,-5,1,1,10,2.289,1.771,2092.49
HY-LOT-04,W05,-5,2,1,10,2.089,1.809,2105.53
HY-LOT-04,W05,-5,3,1,10,2.089,1.813,2137.54
HY-LOT-04,W05,-5,4,1,10,2.182,1.787,2101.57
HY-LOT-04,W05,-5,5,1,10,2.026,1.798,2080.41
HY-LOT-04,W05,-5,6,1,10,2.029,1.768,2112.01
HY-LOT-04,W05,-5,7,1,10,2.244,1.809,2080.04
HY-LOT-04,W05,-5,8,1,10,2.17,1.788,2066.44
HY-LOT-04,W05,-5,9,1,10,2.056,1.803,2071.74
HY-LOT-04,W05,-5,10,1,10,2.292,1.84,2118.07
HY-LOT-04,W05,-5,11,1,10,2.277,1.789,2077.56
HY-LOT-04,W05,-5,12,1,10,2.222,1.793,2079.22
HY-LOT-04,W05,-5,13,1,10,2.167,1.798,2084.46
HY-LOT-04,W05,-5,14,1,10,2.078,1.825,2102.29
HY-LOT-04,W05,-5,15,1,10,2.092,1.773,2102.78
HY-LOT-04,W05,-5,16,1,10,2.031,1.769,2102.45
HY-LOT-04,W05,-5,17,1,10,2.091,1.809,2080.95
HY-LOT-04,W05,-5,18,1,10,2.681,1.795,2080.88
HY-LOT-04,W05,-4,-18,1,10,2.209,1.794,2081.79
HY-LOT-04,W05,-4,-17,1,10,2.147,1.787,2120.88
HY-LOT-04,W05,-4,-16,1,10,2.639,1.816,2107.28
HY-LOT-04,W05,-4,-15,1,10,1.91,1.793,2101.39
HY-LOT-04,W05,-4,-14,1,10,2.177,1.807,2103.1
HY-LOT-04,W05,-4,-13,1,10,2.41,1.802,2111.46
HY-LOT-04,W05,-4,-12,1,10,2.513,1.761,2120.49
HY-LOT-04,W05,-4,-11,1,10,2.159,1.782,2115.8
HY-LOT-04,W05,-4,-10,1,10,2.339,1.779,2123.81
HY-LOT-04,W05,-4,-9,1,10,2.372,1.795,2097.12
HY-LOT-04,W05,-4,-8,1,10,2.297,1.797,2127.75
HY-LOT-04,W05,-4,-7,1,10,2.068,1.796,2106.95
HY-LOT-04,W05,-4,-6,1,10,2.086,1.776,2060.78
HY-LOT-04,W05,-4,-5,1,10,2.007,1.803,2109.95
HY-LOT-04,W05,-4,-4,1,10,2.218,1.808,2114.66
HY-LOT-04,W05,-4,-3,1,10,2.144,1.822,2141.77
HY-LOT-04,W05,-4,-2,1,10,2.118,1.75,2129.9
HY-LOT-04,W05,-4,-1,1,10,2.167,1.79,2133.82
HY-LOT-04,W05,-4,0,1,10,2.015,1.818,2088.9
HY-LOT-04,W05,-4,1,1,10,2.198,1.806,2117.05
HY-LOT-04,W05,-4,2,1,10,2.487,1.788,2093.32
HY-LOT-04,W05,-4,3,1,10,2.13,1.792,2106.97
HY-LOT-04,W05,-4,4,1,10,1.779,1.779,2086.12
HY-LOT-04,W05,-4,5,1,10,2.336,1.788,2088.2
HY-LOT-04,W05,-4,6,1,10,2.102,1.778,2108.83
HY-LOT-04,W05,-4,7,1,10,2.223,1.787,2119.33
HY-LOT-04,W05,-4,8,1,10,2.036,1.838,2076.23
HY-LOT-04,W05,-4,9,1,10,2.157,1.785,2092.34
HY-LOT-04,W05,-4,10,1,10,2.074,1.804,2107.16
HY-LOT-04,W05,-4,11,1,10,2.326,1.789,2093.99
HY-LOT-04,W05,-4,12,1,10,2.266,1.78,2113.26
HY-LOT-04,W05,-4,13,1,10,2.207,1.766,2128.57
HY-LOT-04,W05,-4,14,1,10,2.168,1.825,2071.99
HY-LOT-04,W05,-4,15,1,10,2.087,1.777,2116.99
HY-LOT-04,W05,-4,16,1,10,2,1.794,2068.24
HY-LOT-04,W05,-4,17,1,10,2.572,1.773,2122.59
HY-LOT-04,W05,-4,18,1,10,2.123,1.813,2086.58
HY-LOT-04,W05,-3,-19,1,10,2.522,1.813,2085.62
HY-LOT-04,W05,-3,-18,1,10,2.136,1.787,2115.7
HY-LOT-04,W05,-3,-17,1,10,2.403,1.77,2095.07
HY-LOT-04,W05,-3,-16,1,10,2.245,1.782,2153.61
HY-LOT-04,W05,-3,-15,1,10,2.214,1.792,2143.16
HY-LOT-04,W05,-3,-14,1,10,2.404,1.808,2093.18
HY-LOT-04,W05,-3,-13,1,10,1.903,1.8,2121.81
HY-LOT-04,W05,-3,-12,1,10,2.007,1.819,2105.81
HY-LOT-04,W05,-3,-11,1,10,2.232,1.808,2095.89
HY-LOT-04,W05,-3,-10,1,10,1.989,1.813,2129.18
HY-LOT-04,W05,-3,-9,1,10,2.153,1.818,2081.29
HY-LOT-04,W05,-3,-8,1,10,1.823,1.818,2107.65
HY-LOT-04,W05,-3,-7,1,10,2.151,1.815,2123.79
HY-LOT-04,W05,-3,-6,1,10,2.284,1.821,2080.61
HY-LOT-04,W05,-3,-5,1,10,2.344,1.788,2094.36
HY-LOT-04,W05,-3,-4,1,10,2.324,1.799,2082.34
HY-LOT-04,W05,-3,-3,1,10,2.108,1.809,2067.17
HY-LOT-04,W05,-3,-2,1,10,1.806,1.783,2111.71
HY-LOT-04,W05,-3,-1,2,21,2.297,1.808,2095.15
HY-LOT-04,W05,-3,0,1,10,2.124,1.788,2122.22
HY-LOT-04,W05,-3,1,1,10,2.372,1.791,2097.42
HY-LOT-04,W05,-3,2,1,10,2.35,1.801,2120.29
HY-LOT-04,W05,-3,3,1,10,2.473,1.784,2116.65
HY-LOT-04,W05,-3,4,1,10,2.362,1.791,2075.81
HY-LOT-04,W05,-3,5,1,10,2.177,1.813,2125.66
HY-LOT-04,W05,-3,6,1,10,2.152,1.807,2096.38
HY-LOT-04,W05,-3,7,1,10,2.29,1.781,2096.61
HY-LOT-04,W05,-3,8,1,10,2.099,1.833,2078.19
HY-LOT-04,W05,-3,9,1,10,2.352,1.805,2081.02
HY-LOT-04,W05,-3,10,1,10,2.006,1.801,2120.1
HY-LOT-04,W05,-3,11,1,10,2.134,1.783,2096.5
HY-LOT-04,W05,-3,12,1,10,2.192,1.779,2092.7
HY-LOT-04,W05,-3,13,1,10,2.153,1.801,2124.78
HY-LOT-04,W05,-3,14,1,10,2.147,1.781,2082.83
HY-LOT-04,W05,-3,15,1,10,2.344,1.778,2090.35
HY-LOT-04,W05,-3,16,1,10,2.004,1.808,2107.83
HY-LOT-04,W05,-3,17,1,10,2.215,1.786,2098.28
HY-LOT-04,W05,-3,18,1,10,2.252,1.793,2089.2
HY-LOT-04,W05,-3,19,1,10,2.219,1.79,2103.48
HY-LOT-04,W05,-2,-19,1,10,2.016,1.792,2118.54
HY-LOT-04,W05,-2,-18,1,10,1.785,1.806,2088.81
HY-LOT-04,W05,-2,-17,1,10,1.806,1.782,2104.33
HY-LOT-04,W05,-2,-16,1,10,2.082,1.806,2103.9
HY-LOT-04,W05,-2,-15,1,10,2.522,1.797,2088.57
HY-LOT-04,W05,-2,-14,1,10,2.424,1.81,2110.37
HY-LOT-04,W05,-2,-13,1,10,1.898,1.805,2080.85
HY-LOT-04,W05,-2,-12,1,10,2.088,1.811,2063.66
HY-LOT-04,W05,-2,-11,1,10,1.952,1.796,2097.45
HY-LOT-04,W05,-2,-10,1,10,1.774,1.827,2109.42
HY-LOT-04,W05,-2,-9,1,10,2.573,1.785,2096.91
HY-LOT-04,W05,-2,-8,1,10,2.366,1.783,2112.88
HY-LOT-04,W05,-2,-7,1,10,2.493,1.823,2076.22
HY-LOT-04,W05,-2,-6,1,10,2.127,1.749,2086.9
HY-LOT-04,W05,-2,-5,1,10,2.23,1.79,2129.46
HY-LOT-04,W05,-2,-4,1,10,1.965,1.819,2093.16
HY-LOT-04,W05,-2,-3,1,10,2.111,1.772,2053.11
HY-LOT-04,W05,-2,-2,1,10,2.078,1.832,2092.84
HY-LOT-04,W05,-2,-1,1,10,2.028,1.777,2082.92
HY-LOT-04,W05,-2,0,1,10,1.861,1.814,2114.37
HY-LOT-04,W05,-2,1,1,10,2.399,1.791,2066.99
HY-LOT-04,W05,-2,2,1,10,2.276,1.802,2077.72
HY-LOT-04,W05,-2,3,1,10,2.238,1.805,2087.09
HY-LOT-04,W05,-2,4,1,10,2.178,1.8,2096.45
HY-LOT-04,W05,-2,5,1,10,2.377,1.783,2086.7
HY-LOT-04,W05,-2,6,1,10,2.03,1.786,2093.94
HY-LOT-04,W05,-2,7,1,10,2.499,1.804,2075.79
HY-LOT-04,W05,-2,8,1,10,2.07,1.771,2109.89
HY-LOT-04,W05,-2,9,1,10,1.936,1.798,2115.17
HY-LOT-04,W05,-2,10,1,10,2.048,1.817,2111.45
HY-LOT-04,W05,-2,11,1,10,2.026,1.847,2099.52
HY-LOT-04,W05,-2,12,1,10,2.379,1.781,2116.16
HY-LOT-04,W05,-2,13,1,10,2.092,1.792,2097.85
HY-LOT-04,W05,-2,14,1,10,2.529,1.795,2100.82
HY-LOT-04,W05,-2,15,1,10,1.913,1.815,2115.43
HY-LOT-04,W05,-2,16,1,10,2.389,1.813,2119.33
HY-LOT-04,W05,-2,17,1,10,2.109,1.825,2079.18
HY-LOT-04,W05,-2,18,1,10,1.904,1.807,2101.94
HY-LOT-04,W05,-2,19,1,10,2.118,1.808,2075.94
HY-LOT-04,W05,-1,-19,1,10,2.387,1.817,2105.11
HY-LOT-04,W05,-1,-18,1,10,2.596,1.792,2109.94
HY-LOT-04,W05,-1,-17,1,10,2.454,1.824,2089.22
HY-LOT-04,W05,-1,-16,1,10,2.343,1.79,2113.95
HY-LOT-04,W05,-1,-15,1,10,2.355,1.791,2105.5
HY-LOT-04,W05,-1,-14,1,10,2.049,1.776,2099.43
HY-LOT-04,W05,-1,-13,1,10,2.264,1.816,2140.79
HY-LOT-04,W05,-1,-12,1,10,2.33,1.795,2105.5
HY-LOT-04,W05,-1,-11,1,10,2.138,1.804,2065.97
HY-LOT-04,W05,-1,-10,1,10,2.005,1.807,2111.34
HY-LOT-04,W05,-1,-9,1,10,2.029,1.841,2115.76
HY-LOT-04,W05,-1,-8,1,10,2.395,1.807,2109.87
HY-LOT-04,W05,-1,-7,1,10,2.001,1.803,2107.6
HY-LOT-04,W05,-1,-6,1,10,2.342,1.814,2101.71
HY-LOT-04,W05,-1,-5,1,10,1.941,1.829,2097.3
HY-LOT-04,W05,-1,-4,1,10,2.547,1.806,2078.14
HY-LOT-04,W05,-1,-3,1,10,1.946,1.802,2094.55
HY-LOT-04,W05,-1,-2,1,10,2.079,1.789,2108.06
HY-LOT-04,W05,-1,-1,1,10,2.152,1.791,2100.58
HY-LOT-04,W05,-1,0,1,10,2.09,1.779,2098.36
HY-LOT-04,W05,-1,1,1,10,2.322,1.788,2071.21
HY-LOT-04,W05,-1,2,1,10,1.829,1.813,2124.24
HY-LOT-04,W05,-1,3,1,10,2.171,1.783,2116.59
HY-LOT-04,W05,-1,4,1,10,2.224,1.797,2089.95
HY-LOT-04,W05,-1,5,1,10,2.049,1.822,2096.99
HY-LOT-04,W05,-1,6,1,10,2.273,1.829,2088.66
HY-LOT-04,W05,-1,7,1,10,2.166,1.824,2108.25
HY-LOT-04,W05,-1,8,1,10,2.172,1.765,2096.26
HY-LOT-04,W05,-1,9,1,10,1.851,1.768,2126.44
HY-LOT-04,W05,-1,10,1,10,1.566,1.822,2064.1
HY-LOT-04,W05,-1,11,2,21,2.239,1.783,2094.32
HY-LOT-04,W05,-1,12,1,10,2.349,1.803,2115.4
HY-LOT-04,W05,-1,13,1,10,2.014,1.773,2120.52
HY-LOT-04,W05,-1,14,1,10,2.122,1.802,2095.19
HY-LOT-04,W05,-1,15,1,10,2.143,1.796,2098.38
HY-LOT-04,W05,-1,16,1,10,2.319,1.811,2111.11
HY-LOT-04,W05,-1,17,1,10,2.208,1.794,2081.19
HY-LOT-04,W05,-1,18,1,10,2.346,1.801,2098.2
HY-LOT-04,W05,-1,19,1,10,2.228,1.802,2130.76
HY-LOT-04,W05,0,-19,1,10,2.142,1.772,2113.52
HY-LOT-04,W05,0,-18,1,10,2.314,1.845,2133.49
HY-LOT-04,W05,0,-17,1,10,2.286,1.781,2128.67
HY-LOT-04,W05,0,-16,1,10,1.885,1.798,2089.83
HY-LOT-04,W05,0,-15,1,10,1.994,1.797,2144.51
HY-LOT-04,W05,0,-14,1,10,2.459,1.773,2108.34
HY-LOT-04,W05,0,-13,1,10,2.225,1.826,2132.6
HY-LOT-04,W05,0,-12,1,10,2.394,1.823,2065.26
HY-LOT-04,W05,0,-11,1,10,2.174,1.794,2106.09
HY-LOT-04,W05,0,-10,1,10,2.087,1.776,2103.28
HY-LOT-04,W05,0,-9,1,10,2.147,1.785,2088.64
HY-LOT-04,W05,0,-8,1,10,2.655,1.8,2107.31
HY-LOT-04,W05,0,-7,1,10,2.026,1.827,2082.15
HY-LOT-04,W05,0,-6,1,10,1.779,1.774,2101.91
HY-LOT-04,W05,0,-5,1,10,2.387,1.808,2118.93
HY-LOT-04,W05,0,-4,1,10,2.366,1.792,2113.43
HY-LOT-04,W05,0,-3,1,10,2.082,1.775,2069.79
HY-LOT-04,W05,0,-2,1,10,2.239,1.792,2088.92
HY-LOT-04,W05,0,-1,1,10,2.084,1.738,2119.04
HY-LOT-04,W05,0,0,1,10,2.252,1.813,2074.74
HY-LOT-04,W05,0,1,1,10,2.249,1.76,2129.9
HY-LOT-04,W05,0,2,1,10,2.009,1.812,2109.21
HY-LOT-04,W05,0,3,1,10,2.22,1.815,2066.71
HY-LOT-04,W05,0,4,1,10,2.298,1.802,2103.73
HY-LOT-04,W05,0,5,1,10,2.448,1.816,2117.73
HY-LOT-04,W05,0,6,1,10,2.292,1.819,2098.74
HY-LOT-04,W05,0,7,1,10,1.777,1.826,2116.32
HY-LOT-04,W05,0,8,1,10,2.455,1.805,2074.76
HY-LOT-04,W05,0,9,1,10,2.309,1.829,2102.16
HY-LOT-04,W05,0,10,1,10,2.077,1.779,2101.73
HY-LOT-04,W05,0,11,1,10,2.292,1.817,2053.21
HY-LOT-04,W05,0,12,1,10,2.009,1.806,2079.07
HY-LOT-04,W05,0,13,1,10,2.21,1.796,2100.01
HY-LOT-04,W05,0,14,1,10,2.001,1.798,2094.47
HY-LOT-04,W05,0,15,1,10,2.209,1.8,2095.73
HY-LOT-04,W05,0,16,1,10,2.09,1.796,2042.27
HY-LOT-04,W05,0,17,1,10,2.189,1.798,2107.54
HY-LOT-04,W05,0,18,1,10,2.329,1.781,2123.56
HY-LOT-04,W05,0,19,1,10,1.787,1.794,2104.35
HY-LOT-04,W05,1,-19,1,10,2.234,1.807,2120.86
HY-LOT-04,W05,1,-18,1,10,2.216,1.791,2077.67
HY-LOT-04,W05,1,-17,1,10,1.966,1.807,2106.17
HY-LOT-04,W05,1,-16,1,10,2.316,1.8,2132.36
HY-LOT-04,W05,1,-15,1,10,2.318,1.81,2136.14
HY-LOT-04,W05,1,-14,1,10,2.146,1.79,2100.07
HY-LOT-04,W05,1,-13,1,10,1.907,1.819,2101.63
HY-LOT-04,W05,1,-12,1,10,1.901,1.79,2084.36
HY-LOT-04,W05,1,-11,1,10,2.422,1.803,2109.4
HY-LOT-04,W05,1,-10,1,10,2.345,1.81,2101.62
HY-LOT-04,W05,1,-9,1,10,2.068,1.831,2111.29
HY-LOT-04,W05,1,-8,1,10,2.674,1.794,2123.37
HY-LOT-04,W05,1,-7,1,10,2.324,1.815,2131.48
HY-LOT-04,W05,1,-6,1,10,2.077,1.777,2109.18
HY-LOT-04,W05,1,-5,1,10,2.001,1.795,2122.04
HY-LOT-04,W05,1,-4,1,10,2.353,1.796,2064.73
HY-LOT-04,W05,1,-3,1,10,2.474,1.801,2128.46
HY-LOT-04,W05,1,-2,1,10,2.516,1.818,2069.07
HY-LOT-04,W05,1,-1,1,10,2.105,1.79,2087.47
HY-LOT-04,W05,1,0,1,10,2.244,1.768,2094.87
HY-LOT-04,W05,1,1,1,10,2.356,1.821,2114.21
HY-LOT-04,W05,1,2,1,10,2.102,1.755,2099.95
HY-LOT-04,W05,1,3,1,10,2.188,1.821,2131.94
HY-LOT-04,W05,1,4,1,10,2.251,1.79,2117.33
HY-LOT-04,W05,1,5,1,10,1.828,1.793,2101.01
HY-LOT-04,W05,1,6,1,10,2.066,1.776,2108.45
HY-LOT-04,W05,1,7,1,10,1.952,1.77,2102.72
HY-LOT-04,W05,1,8,1,10,2.037,1.782,2114.49
HY-LOT-04,W05,1,9,1,10,2.169,1.818,2098.32
HY-LOT-04,W05,1,10,1,10,2.266,1.782,2129.15
HY-LOT-04,W05,1,11,1,10,2.531,1.813,2101.12
HY-LOT-04,W05,1,12,1,10,2.532,1.821,2085.13
HY-LOT-04,W05,1,13,1,10,2.191,1.789,2098.32
HY-LOT-04,W05,1,14,1,10,2.238,1.776,2077.68
HY-LOT-04,W05,1,15,1,10,2.065,1.819,2095.84
HY-LOT-04,W05,1,16,1,10,2.107,1.81,2094.68
HY-LOT-04,W05,1,17,1,10,2.292,1.849,2122.9
HY-LOT-04,W05,1,18,1,10,2.488,1.798,2097.41
HY-LOT-04,W05,1,19,1,10,2.135,1.787,2076.82
HY-LOT-04,W05,2,-19,1,10,1.862,1.8,2108.34
HY-LOT-04,W05,2,-18,1,10,2.432,1.761,2083.19
HY-LOT-04,W05,2,-17,1,10,2.225,1.808,2108.72
HY-LOT-04,W05,2,-16,1,10,2.179,1.797,2102.61
HY-LOT-04,W05,2,-15,1,10,2.203,1.779,2092.83
HY-LOT-04,W05,2,-14,1,10,2.307,1.79,2088.91
HY-LOT-04,W05,2,-13,1,10,2.24,1.774,2096.48
HY-LOT-04,W05,2,-12,1,10,1.981,1.793,2094.83
HY-LOT-04,W05,2,-11,1,10,2.143,1.798,2075.45
HY-LOT-04,W05,2,-10,1,10,2.207,1.8,2116
HY-LOT-04,W05,2,-9,1,10,2.284,1.781,2070.56
HY-LOT-04,W05,2,-8,1,10,2.156,1.78,2136.09
HY-LOT-04,W05,2,-7,1,10,2.278,1.802,2092.12
HY-LOT-04,W05,2,-6,1,10,1.79,1.795,2100.03
HY-LOT-04,W05,2,-5,1,10,2.12,1.839,2068.49
HY-LOT-04,W05,2,-4,1,10,1.993,1.798,2099.56
HY-LOT-04,W05,2,-3,1,10,2.141,1.804,2132.07
HY-LOT-04,W05,2,-2,1,10,2.206,1.79,2122.78
HY-LOT-04,W05,2,-1,1,10,2.335,1.797,2148.36
HY-LOT-04,W05,2,0,1,10,2.085,1.797,2117.37
HY-LOT-04,W05,2,1,1,10,2.331,1.811,2112.92
HY-LOT-04,W05,2,2,1,10,2.22,1.801,2108.36
HY-LOT-04,W05,2,3,1,10,2.025,1.807,2085.75
HY-LOT-04,W05,2,4,1,10,2.011,1.808,2076.61
HY-LOT-04,W05,2,5,1,10,2.097,1.815,2113.24
HY-LOT-04,W05,2,6,1,10,2.828,1.785,2100.49
HY-LOT-04,W05,2,7,1,10,2.189,1.801,2072
HY-LOT-04,W05,2,8,1,10,2.37,1.797,2068.62
HY-LOT-04,W05,2,9,1,10,2.698,1.796,2104.88
HY-LOT-04,W05,2,10,1,10,2.15,1.835,2114.43
HY-LOT-04,W05,2,11,1,10,1.924,1.798,2107.98
HY-LOT-04,W05,2,12,1,10,1.874,1.791,2116.74
HY-LOT-04,W05,2,13,1,10,2.457,1.8,2126.16
HY-LOT-04,W05,2,14,1,10,2.08,1.781,2110.28
HY-LOT-04,W05,2,15,1,10,2.22,1.791,2102.79
HY-LOT-04,W05,2,16,1,10,1.999,1.799,2143.18
HY-LOT-04,W05,2,17,1,10,2.017,1.813,2127.65
HY-LOT-04,W05,2,18,1,10,2.35,1.792,2104.67
HY-LOT-04,W05,2,19,1,10,2.606,1.783,2093.65
HY-LOT-04,W05,3,-19,1,10,2.346,1.844,2110.28
HY-LOT-04,W05,3,-18,1,10,2.11,1.765,2111.29
HY-LOT-04,W05,3,-17,1,10,2.122,1.798,2100.78
HY-LOT-04,W05,3,-16,1,10,1.888,1.802,2112.52
HY-LOT-04,W05,3,-15,1,10,2.246,1.826,2093.65
HY-LOT-04,W05,3,-14,1,10,2.175,1.783,2102.83
HY-LOT-04,W05,3,-13,1,10,2.115,1.823,2084.98
HY-LOT-04,W05,3,-12,1,10,2.416,1.859,2101.38
HY-LOT-04,W05,3,-11,1,10,2.089,1.809,2077.8
HY-LOT-04,W05,3,-10,1,10,2.125,1.777,2094.03
HY-LOT-04,W05,3,-9,1,10,2.286,1.808,2123.56
HY-LOT-04,W05,3,-8,1,10,2.132,1.791,2119.35
HY-LOT-04,W05,3,-7,1,10,2.266,1.803,2109.67
HY-LOT-04,W05,3,-6,1,10,2.255,1.821,2079.56
HY-LOT-04,W05,3,-5,1,10,2.382,1.801,2098.42
HY-LOT-04,W05,3,-4,1,10,2.196,1.8,2099.4
HY-LOT-04,W05,3,-3,1,10,2.135,1.79,2118.23
HY-LOT-04,W05,3,-2,1,10,2.472,1.801,2077.23
HY-LOT-04,W05,3,-1,1,10,2.034,1.816,2080.66
HY-LOT-04,W05,3,0,1,10,2.355,1.771,2097.36
HY-LOT-04,W05,3,1,1,10,1.882,1.805,2110.97
HY-LOT-04,W05,3,2,1,10,2.305,1.796,2086.26
HY-LOT-04,W05,3,3,1,10,1.973,1.78,2085.3
HY-LOT-04,W05,3,4,1,10,2.377,1.812,2128.9
HY-LOT-04,W05,3,5,1,10,2.315,1.805,2130.98
HY-LOT-04,W05,3,6,1,10,2.114,1.824,2082.46
HY-LOT-04,W05,3,7,1,10,2.018,1.781,2061.01
HY-LOT-04,W05,3,8,1,10,2.05,1.794,2114.72
HY-LOT-04,W05,3,9,1,10,2.362,1.821,2095.61
HY-LOT-04,W05,3,10,1,10,2.289,1.793,2101.01
HY-LOT-04,W05,3,11,1,10,2.313,1.797,2104.59
HY-LOT-04,W05,3,12,2,21,2.479,1.81,2101.02
HY-LOT-04,W05,3,13,1,10,2.356,1.798,2090.01
HY-LOT-04,W05,3,14,1,10,2.089,1.809,2075.23
HY-LOT-04,W05,3,15,1,10,2.379,1.825,2093.58
HY-LOT-04,W05,3,16,1,10,2.292,1.793,2085.73
HY-LOT-04,W05,3,17,1,10,2.338,1.831,2091.06
HY-LOT-04,W05,3,18,1,10,2.354,1.816,2112.19
HY-LOT-04,W05,3,19,1,10,1.98,1.822,2119.37
HY-LOT-04,W05,4,-18,1,10,2.247,1.8,2080.93
HY-LOT-04,W05,4,-17,1,10,2.223,1.804,2120.07
HY-LOT-04,W05,4,-16,1,10,2.375,1.806,2101.23
HY-LOT-04,W05,4,-15,1,10,2.379,1.785,2092.97
HY-LOT-04,W05,4,-14,1,10,2.157,1.791,2077.75
HY-LOT-04,W05,4,-13,1,10,2.072,1.821,2073.41
HY-LOT-04,W05,4,-12,1,10,2.434,1.781,2121.42
HY-LOT-04,W05,4,-11,1,10,2.247,1.801,2077.11
HY-LOT-04,W05,4,-10,1,10,2.193,1.789,2062.3
HY-LOT-04,W05,4,-9,1,10,2.191,1.783,2069.42
HY-LOT-04,W05,4,-8,1,10,2.23,1.785,2100.94
HY-LOT-04,W05,4,-7,1,10,2.084,1.775,2117.74
HY-LOT-04,W05,4,-6,1,10,2.129,1.806,2122.74
HY-LOT-04,W05,4,-5,1,10,2.609,1.821,2093.46
HY-LOT-04,W05,4,-4,1,10,2.612,1.855,2079.34
HY-LOT-04,W05,4,-3,1,10,2.062,1.809,2115.19
HY-LOT-04,W05,4,-2,1,10,2.067,1.8,2094.82
HY-LOT-04,W05,4,-1,1,10,2.06,1.804,2094.07
HY-LOT-04,W05,4,0,1,10,2.2,1.797,2084.81
HY-LOT-04,W05,4,1,1,10,2.2,1.799,2104.32
HY-LOT-04,W05,4,2,1,10,1.929,1.785,2147.32
HY-LOT-04,W05,4,3,1,10,2.253,1.78,2096.58
HY-LOT-04,W05,4,4,1,10,2.127,1.818,2088.99
HY-LOT-04,W05,4,5,1,10,2.001,1.78,2092
HY-LOT-04,W05,4,6,1,10,2.202,1.797,2077.45
HY-LOT-04,W05,4,7,1,10,2.11,1.813,2062.42
HY-LOT-04,W05,4,8,1,10,2.108,1.793,2072.45
HY-LOT-04,W05,4,9,1,10,2.555,1.832,2105.4
HY-LOT-04,W05,4,10,1,10,2.181,1.811,2112.39
HY-LOT-04,W05,4,11,1,10,1.96,1.79,2103.38
HY-LOT-04,W05,4,12,1,10,2.095,1.787,2079.25
HY-LOT-04,W05,4,13,1,10,2.192,1.817,2081.53
HY-LOT-04,W05,4,14,1,10,2.2,1.798,2085.76
HY-LOT-04,W05,4,15,1,10,2.455,1.797,2111.34
HY-LOT-04,W05,4,16,1,10,2.225,1.808,2118.02
HY-LOT-04,W05,4,17,1,10,2.042,1.827,2112.61
HY-LOT-04,W05,4,18,1,10,2.184,1.794,2127.69
HY-LOT-04,W05,5,-18,1,10,1.838,1.79,2105.59
HY-LOT-04,W05,5,-17,1,10,2.004,1.828,2122.61
HY-LOT-04,W05,5,-16,1,10,2.328,1.827,2091.81
HY-LOT-04,W05,5,-15,1,10,1.89,1.789,2120.85
HY-LOT-04,W05,5,-14,2,21,2.554,1.838,2072.5
HY-LOT-04,W05,5,-13,1,10,2.412,1.772,2143.43
HY-LOT-04,W05,5,-12,1,10,2.311,1.787,2089.41
HY-LOT-04,W05,5,-11,1,10,2.133,1.798,2083.51
HY-LOT-04,W05,5,-10,1,10,2.291,1.783,2092.43
HY-LOT-04,W05,5,-9,1,10,2.001,1.821,2116.09
HY-LOT-04,W05,5,-8,1,10,2.152,1.789,2095.9
HY-LOT-04,W05,5,-7,1,10,1.752,1.859,2109.23
HY-LOT-04,W05,5,-6,1,10,2.41,1.78,2079.58
HY-LOT-04,W05,5,-5,1,10,2.092,1.832,2092.26
HY-LOT-04,W05,5,-4,1,10,2.283,1.807,2117.99
HY-LOT-04,W05,5,-3,1,10,2.323,1.784,2112.26
HY-LOT-04,W05,5,-2,1,10,2.043,1.791,2113.15
HY-LOT-04,W05,5,-1,1,10,2.324,1.812,2105.17
HY-LOT-04,W05,5,0,1,10,2.256,1.786,2065.6
HY-LOT-04,W05,5,1,1,10,2.345,1.812,2111.48
HY-LOT-04,W05,5,2,1,10,2.306,1.799,2075.03
HY-LOT-04,W05,5,3,1,10,2.182,1.803,2110.24
HY-LOT-04,W05,5,4,1,10,2.053,1.814,2097.49
HY-LOT-04,W05,5,5,1,10,2.732,1.806,2099.65
HY-LOT-04,W05,5,6,1,10,2.303,1.8,2131.57
HY-LOT-04,W05,5,7,1,10,2.538,1.832,2090.91
HY-LOT-04,W05,5,8,1,10,2.199,1.795,2091.85
HY-LOT-04,W05,5,9,1,10,2.087,1.768,2139.71
HY-LOT-04,W05,5,10,1,10,2.313,1.797,2101.96
HY-LOT-04,W05,5,11,1,10,2.105,1.767,2128.91
HY-LOT-04,W05,5,12,1,10,2.31,1.782,2077.52
HY-LOT-04,W05,5,13,1,10,2.021,1.773,2070.83
HY-LOT-04,W05,5,14,1,10,2.147,1.783,2117.16
HY-LOT-04,W05,5,15,1,10,2.405,1.799,2099.69
HY-LOT-04,W05,5,16,1,10,2.089,1.79,2106.85
HY-LOT-04,W05,5,17,1,10,1.9,1.806,2094.22
HY-LOT-04,W05,5,18,1,10,1.927,1.824,2098.47
HY-LOT-04,W05,6,-18,1,10,1.913,1.829,2082.33
HY-LOT-04,W05,6,-17,1,10,2.22,1.802,2103.09
HY-LOT-04,W05,6,-16,1,10,2.534,1.786,2114.96
HY-LOT-04,W05,6,-15,1,10,2.352,1.785,2087.22
HY-LOT-04,W05,6,-14,1,10,2.273,1.797,2080.06
HY-LOT-04,W05,6,-13,1,10,2.07,1.781,2116.2
HY-LOT-04,W05,6,-12,1,10,2.052,1.79,2103.27
HY-LOT-04,W05,6,-11,1,10,1.958,1.804,2102.78
HY-LOT-04,W05,6,-10,1,10,2.372,1.778,2091.5
HY-LOT-04,W05,6,-9,1,10,2.072,1.787,2084.78
HY-LOT-04,W05,6,-8,1,10,2.119,1.793,2082.61
HY-LOT-04,W05,6,-7,1,10,2.317,1.801,2078.1
HY-LOT-04,W05,6,-6,1,10,2.326,1.834,2101.49
HY-LOT-04,W05,6,-5,1,10,2.534,1.829,2078.53
HY-LOT-04,W05,6,-4,1,10,2.312,1.787,2071.14
HY-LOT-04,W05,6,-3,1,10,2.051,1.816,2095.21
HY-LOT-04,W05,6,-2,1,10,2.402,1.83,2101.41
HY-LOT-04,W05,6,-1,1,10,2.294,1.774,2092.84
HY-LOT-04,W05,6,0,1,10,1.982,1.794,2085.42
HY-LOT-04,W05,6,1,1,10,2.389,1.785,2110.89
HY-LOT-04,W05,6,2,1,10,2.313,1.823,2091.85
HY-LOT-04,W05,6,3,1,10,2.691,1.791,2099.7
HY-LOT-04,W05,6,4,1,10,2.03,1.797,2095.56
HY-LOT-04,W05,6,5,1,10,2.364,1.793,2121.77
HY-LOT-04,W05,6,6,1,10,1.898,1.807,2089.44
HY-LOT-04,W05,6,7,1,10,2.11,1.774,2083.03
HY-LOT-04,W05,6,8,1,10,2.242,1.787,2111.33
HY-LOT-04,W05,6,9,1,10,2.233,1.792,2136.6
HY-LOT-04,W05,6,10,1,10,2.394,1.812,2069.76
HY-LOT-04,W05,6,11,1,10,1.946,1.791,2083.03
HY-LOT-04,W05,6,12,1,10,2.064,1.813,2112.72
HY-LOT-04,W05,6,13,1,10,2.2,1.82,2090.58
HY-LOT-04,W05,6,14,1,10,2.224,1.844,2113.5
HY-LOT-04,W05,6,15,1,10,1.981,1.803,2101.78
HY-LOT-04,W05,6,16,1,10,2.262,1.776,2099.85
HY-LOT-04,W05,6,17,1,10,2.427,1.779,2095.28
HY-LOT-04,W05,6,18,1,10,2.337,1.795,2114.55
HY-LOT-04,W05,7,-17,1,10,2.332,1.816,2086.9
HY-LOT-04,W05,7,-16,1,10,2.553,1.791,2103.23
HY-LOT-04,W05,7,-15,1,10,2.689,1.804,2086.41
HY-LOT-04,W05,7,-14,1,10,2.213,1.8,2093.48
HY-LOT-04,W05,7,-13,1,10,1.927,1.811,2136.11
HY-LOT-04,W05,7,-12,1,10,2.222,1.799,2077.19
HY-LOT-04,W05,7,-11,1,10,2.226,1.801,2105.88
HY-LOT-04,W05,7,-10,1,10,2.228,1.789,2127.63
HY-LOT-04,W05,7,-9,1,10,2.147,1.807,2089.84
HY-LOT-04,W05,7,-8,1,10,2.453,1.821,2093.59
HY-LOT-04,W05,7,-7,1,10,1.882,1.802,2090.03
HY-LOT-04,W05,7,-6,1,10,2.341,1.807,2093.53
HY-LOT-04,W05,7,-5,1,10,2.279,1.777,2076.52
HY-LOT-04,W05,7,-4,1,10,2.119,1.765,2118.13
HY-LOT-04,W05,7,-3,1,10,2.267,1.799,2069.02
HY-LOT-04,W05,7,-2,1,10,2.211,1.788,2096.6
HY-LOT-04,W05,7,-1,1,10,2.44,1.785,2088.5
HY-LOT-04,W05,7,0,1,10,2.358,1.796,2115.44
HY-LOT-04,W05,7,1,1,10,2.266,1.791,2086.06
HY-LOT-04,W05,7,2,1,10,2.017,1.797,2121.39
HY-LOT-04,W05,7,3,1,10,2.282,1.799,2095.48
HY-LOT-04,W05,7,4,1,10,2.047,1.791,2100.23
HY-LOT-04,W05,7,5,1,10,2.314,1.799,2067.89
HY-LOT-04,W05,7,6,1,10,2.333,1.789,2139.75
HY-LOT-04,W05,7,7,1,10,1.878,1.766,2110.96
HY-LOT-04,W05,7,8,1,10,2.342,1.811,2094.83
HY-LOT-04,W05,7,9,1,10,2.232,1.811,2105.71
HY-LOT-04,W05,7,10,1,10,2.262,1.796,2102.51
HY-LOT-04,W05,7,11,1,10,2.21,1.807,2087.08
HY-LOT-04,W05,7,12,1,10,2.07,1.785,2120.57
HY-LOT-04,W05,7,13,1,10,2.304,1.81,2080.11
HY-LOT-04,W05,7,14,1,10,1.971,1.819,2120.37
HY-LOT-04,W05,7,15,1,10,2.175,1.802,2125.06
HY-LOT-04,W05,7,16,1,10,1.991,1.823,2123.78
HY-LOT-04,W05,7,17,1,10,2.281,1.823,2140.01
HY-LOT-04,W05,8,-17,1,10,2.087,1.789,2098.1
HY-LOT-04,W05,8,-16,1,10,2.196,1.808,2090.43
HY-LOT-04,W05,8,-15,1,10,2.11,1.804,2089.72
HY-LOT-04,W05,8,-14,1,10,2.068,1.789,2124.61
HY-LOT-04,W05,8,-13,1,10,1.983,1.829,2129.14
HY-LOT-04,W05,8,-12,1,10,2.077,1.795,2131.03
HY-LOT-04,W05,8,-11,1,10,2.361,1.828,2089.66
HY-LOT-04,W05,8,-10,1,10,2.13,1.795,2103.64
HY-LOT-04,W05,8,-9,1,10,2.257,1.789,2114.24
HY-LOT-04,W05,8,-8,1,10,2.783,1.803,2089.87
HY-LOT-04,W05,8,-7,1,10,2.185,1.807,2122.94
HY-LOT-04,W05,8,-6,1,10,1.984,1.785,2102.41
HY-LOT-04,W05,8,-5,1,10,2.319,1.806,2104.62
HY-LOT-04,W05,8,-4,1,10,2.116,1.835,2092.29
HY-LOT-04,W05,8,-3,1,10,2.075,1.802,2091.34
HY-LOT-04,W05,8,-2,1,10,2.227,1.806,2118.99
HY-LOT-04,W05,8,-1,1,10,1.973,1.783,2091.48
HY-LOT-04,W05,8,0,1,10,2.123,1.779,2118.75
HY-LOT-04,W05,8,1,1,10,2.094,1.798,2110.85
HY-LOT-04,W05,8,2,1,10,2.322,1.79,2091.68
HY-LOT-04,W05,8,3,1,10,2.264,1.817,2093.52
HY-LOT-04,W05,8,4,1,10,2.404,1.813,2124.46
HY-LOT-04,W05,8,5,1,10,2.214,1.802,2115.37
HY-LOT-04,W05,8,6,1,10,2.214,1.803,2109.91
HY-LOT-04,W05,8,7,1,10,2.168,1.797,2119.28
HY-LOT-04,W05,8,8,1,10,2.314,1.794,2109.24
HY-LOT-04,W05,8,9,1,10,2.246,1.767,2069.41
HY-LOT-04,W05,8,10,1,10,2.425,1.829,2103.59
HY-LOT-04,W05,8,11,1,10,2.223,1.806,2128.07
HY-LOT-04,W05,8,12,1,10,2.243,1.807,2093.9
HY-LOT-04,W05,8,13,1,10,2.117,1.794,2100.12
HY-LOT-04,W05,8,14,1,10,2.419,1.812,2076.41
HY-LOT-04,W05,8,15,1,10,2.005,1.818,2086.68
HY-LOT-04,W05,8,16,1,10,2.263,1.792,2103.96
HY-LOT-04,W05,8,17,1,10,2.543,1.805,2104.63
HY-LOT-04,W05,9,-17,1,10,2.329,1.811,2080.1
HY-LOT-04,W05,9,-16,1,10,2.246,1.82,2104.88
HY-LOT-04,W05,9,-15,1,10,2.446,1.815,2139.93
HY-LOT-04,W05,9,-14,1,10,2.068,1.79,2101.8
HY-LOT-04,W05,9,-13,1,10,2.376,1.811,2066.94
HY-LOT-04,W05,9,-12,1,10,2.388,1.785,2067.8
HY-LOT-04,W05,9,-11,1,10,2.39,1.8,2105.63
HY-LOT-04,W05,9,-10,1,10,2.187,1.823,2114.05
HY-LOT-04,W05,9,-9,1,10,1.892,1.802,2114.51
HY-LOT-04,W05,9,-8,1,10,2.354,1.776,2084.83
HY-LOT-04,W05,9,-7,1,10,2.665,1.8,2114.51
HY-LOT-04,W05,9,-6,1,10,2.382,1.802,2080.28
HY-LOT-04,W05,9,-5,1,10,2.353,1.767,2097.34
HY-LOT-04,W05,9,-4,1,10,2.35,1.796,2097.82
HY-LOT-04,W05,9,-3,1,10,2.062,1.792,2118.86
HY-LOT-04,W05,9,-2,1,10,2.422,1.813,2104.91
HY-LOT-04,W05,9,-1,1,10,2.082,1.801,2087.38
HY-LOT-04,W05,9,0,1,10,2.185,1.824,2108.43
HY-LOT-04,W05,9,1,1,10,1.976,1.783,2099.77
HY-LOT-04,W05,9,2,1,10,2.088,1.798,2103.44
HY-LOT-04,W05,9,3,1,10,2.207,1.816,2093.5
HY-LOT-04,W05,9,4,1,10,2.18,1.814,2108.11
HY-LOT-04,W05,9,5,1,10,2.377,1.794,2111.7
HY-LOT-04,W05,9,6,1,10,2.64,1.772,2127.49
HY-LOT-04,W05,9,7,1,10,2.348,1.834,2121.33
HY-LOT-04,W05,9,8,1,10,2.361,1.784,2121.02
HY-LOT-04,W05,9,9,1,10,2.481,1.805,2063.07
HY-LOT-04,W05,9,10,1,10,1.836,1.822,2099.56
HY-LOT-04,W05,9,11,1,10,2.03,1.798,2126.38
HY-LOT-04,W05,9,12,1,10,2.234,1.798,2092.6
HY-LOT-04,W05,9,13,1,10,2.278,1.804,2062.85
HY-LOT-04,W05,9,14,1,10,2.209,1.752,2080.75
HY-LOT-04,W05,9,15,1,10,2.422,1.775,2091.26
HY-LOT-04,W05,9,16,1,10,2.172,1.809,2104.02
HY-LOT-04,W05,9,17,1,10,2.098,1.798,2098.78
HY-LOT-04,W05,10,-16,1,10,2.37,1.811,2097.75
HY-LOT-04,W05,10,-15,1,10,2.454,1.777,2095.22
HY-LOT-04,W05,10,-14,1,10,2.419,1.781,2090.44
HY-LOT-04,W05,10,-13,1,10,2.052,1.804,2091.33
HY-LOT-04,W05,10,-12,1,10,2.373,1.798,2086.42
HY-LOT-04,W05,10,-11,1,10,2.243,1.812,2092.67
HY-LOT-04,W05,10,-10,1,10,2.187,1.808,2096.71
HY-LOT-04,W05,10,-9,1,10,2.179,1.784,2112.12
HY-LOT-04,W05,10,-8,1,10,2.247,1.81,2112.88
HY-LOT-04,W05,10,-7,1,10,2.504,1.813,2101.42
HY-LOT-04,W05,10,-6,1,10,2.297,1.825,2103.19
HY-LOT-04,W05,10,-5,1,10,2.034,1.799,2108.36
HY-LOT-04,W05,10,-4,1,10,1.801,1.783,2110.54
HY-LOT-04,W05,10,-3,1,10,2.275,1.806,2089.2
HY-LOT-04,W05,10,-2,1,10,2.104,1.817,2103.71
HY-LOT-04,W05,10,-1,1,10,2.118,1.813,2101.83
HY-LOT-04,W05,10,0,1,10,1.853,1.807,2043.44
HY-LOT-04,W05,10,1,1,10,1.925,1.792,2086.86
HY-LOT-04,W05,10,2,1,10,2.066,1.793,2093.31
HY-LOT-04,W05,10,3,1,10,2.214,1.799,2102.92
HY-LOT-04,W05,10,4,1,10,1.869,1.782,2082.53
HY-LOT-04,W05,10,5,1,10,2.454,1.783,2128.06
HY-LOT-04,W05,10,6,1,10,2.232,1.81,2108.11
HY-LOT-04,W05,10,7,1,10,2.104,1.813,2099.37
HY-LOT-04,W05,10,8,1,10,1.882,1.78,2096.35
HY-LOT-04,W05,10,9,1,10,2.523,1.771,2099.96
HY-LOT-04,W05,10,10,1,10,2.12,1.791,2086.12
HY-LOT-04,W05,10,11,1,10,2.548,1.816,2120.45
HY-LOT-04,W05,10,12,1,10,2.307,1.775,2096.6
HY-LOT-04,W05,10,13,1,10,2.25,1.8,2110.92
HY-LOT-04,W05,10,14,1,10,2.3,1.815,2124.51
HY-LOT-04,W05,10,15,1,10,2.039,1.795,2104.42
HY-LOT-04,W05,10,16,1,10,2.13,1.805,2069.79
HY-LOT-04,W05,11,-15,1,10,2.305,1.82,2095.6
HY-LOT-04,W05,11,-14,1,10,1.957,1.778,2094.47
HY-LOT-04,W05,11,-13,1,10,2.484,1.789,2089.89
HY-LOT-04,W05,11,-12,1,10,2.184,1.785,2110.62
HY-LOT-04,W05,11,-11,1,10,2.916,1.826,2100.61
HY-LOT-04,W05,11,-10,1,10,2.352,1.797,2084.71
HY-LOT-04,W05,11,-9,1,10,1.991,1.813,2125.68
HY-LOT-04,W05,11,-8,1,10,2.104,1.817,2116.38
HY-LOT-04,W05,11,-7,1,10,2.41,1.819,2092.83
HY-LOT-04,W05,11,-6,1,10,2.299,1.78,2112.01
HY-LOT-04,W05,11,-5,1,10,2.122,1.794,2109.57
HY-LOT-04,W05,11,-4,1,10,2.634,1.812,2065.84
HY-LOT-04,W05,11,-3,1,10,2.444,1.844,2084.07
HY-LOT-04,W05,11,-2,1,10,2.024,1.815,2098.51
HY-LOT-04,W05,11,-1,1,10,2.206,1.762,2121.13
HY-LOT-04,W05,11,0,1,10,2.303,1.79,2090.82
HY-LOT-04,W05,11,1,1,10,1.849,1.779,2112.87
HY-LOT-04,W05,11,2,1,10,2.584,1.791,2111.5
HY-LOT-04,W05,11,3,1,10,2.489,1.847,2057.59
HY-LOT-04,W05,11,4,1,10,2.5,1.786,2109.69
HY-LOT-04,W05,11,5,1,10,2.39,1.798,2088.32
HY-LOT-04,W05,11,6,1,10,2.08,1.762,2102.08
HY-LOT-04,W05,11,7,2,21,2.269,1.838,2075.35
HY-LOT-04,W05,11,8,1,10,2.127,1.795,2108.89
HY-LOT-04,W05,11,9,1,10,2.336,1.761,2102.1
HY-LOT-04,W05,11,10,1,10,2.308,1.788,2081.55
HY-LOT-04,W05,11,11,1,10,2.499,1.797,2102.06
HY-LOT-04,W05,11,12,1,10,2.127,1.82,2093.66
HY-LOT-04,W05,11,13,1,10,2.418,1.796,2122.97
HY-LOT-04,W05,11,14,1,10,2.19,1.742,2114.7
HY-LOT-04,W05,11,15,1,10,2.168,1.813,2109.77
HY-LOT-04,W05,12,-15,1,10,2.503,1.822,2103.02
HY-LOT-04,W05,12,-14,1,10,2.046,1.774,2125.92
HY-LOT-04,W05,12,-13,1,10,2.342,1.807,2084.08
HY-LOT-04,W05,12,-12,1,10,1.779,1.804,2130.08
HY-LOT-04,W05,12,-11,1,10,2.438,1.775,2072.2
HY-LOT-04,W05,12,-10,1,10,2.233,1.793,2098.03
HY-LOT-04,W05,12,-9,1,10,2.164,1.826,2136.65
HY-LOT-04,W05,12,-8,1,10,2.46,1.809,2099.98
HY-LOT-04,W05,12,-7,1,10,2.574,1.822,2125.53
HY-LOT-04,W05,12,-6,1,10,2.405,1.799,2101.23
HY-LOT-04,W05,12,-5,1,10,2.194,1.796,2121.26
HY-LOT-04,W05,12,-4,1,10,2.205,1.793,2074.72
HY-LOT-04,W05,12,-3,1,10,2.469,1.817,2105.46
HY-LOT-04,W05,12,-2,1,10,2.126,1.803,2112.72
HY-LOT-04,W05,12,-1,1,10,2.121,1.818,2113.18
HY-LOT-04,W05,12,0,1,10,2.226,1.839,2100.1
HY-LOT-04,W05,12,1,1,10,2.385,1.803,2109.63
HY-LOT-04,W05,12,2,1,10,2.419,1.796,2114.47
HY-LOT-04,W05,12,3,1,10,1.919,1.806,2100.19
HY-LOT-04,W05,12,4,1,10,2.106,1.766,2076.69
HY-LOT-04,W05,12,5,1,10,2.028,1.767,2091.73
HY-LOT-04,W05,12,6,1,10,2.173,1.806,2096.29
HY-LOT-04,W05,12,7,1,10,2.306,1.786,2117.2
HY-LOT-04,W05,12,8,1,10,2.134,1.829,2080.64
HY-LOT-04,W05,12,9,1,10,2.133,1.797,2113.73
HY-LOT-04,W05,12,10,1,10,2.076,1.798,2084.16
HY-LOT-04,W05,12,11,1,10,2.383,1.781,2098.69
HY-LOT-04,W05,12,12,1,10,2.051,1.788,2089.02
HY-LOT-04,W05,12,13,1,10,2.323,1.827,2090.5
HY-LOT-04,W05,12,14,1,10,2.037,1.815,2112.3
HY-LOT-04,W05,12,15,1,10,2.252,1.805,2129.47
HY-LOT-04,W05,13,-14,1,10,2.18,1.793,2075.89
HY-LOT-04,W05,13,-13,1,10,2.225,1.794,2123.87
HY-LOT-04,W05,13,-12,1,10,2.019,1.768,2110.52
HY-LOT-04,W05,13,-11,1,10,2.387,1.784,2097.74
HY-LOT-04,W05,13,-10,1,10,2.155,1.803,2102.98
HY-LOT-04,W05,13,-9,1,10,2.138,1.774,2121.69
HY-LOT-04,W05,13,-8,1,10,2.054,1.783,2114.27
HY-LOT-04,W05,13,-7,1,10,2.058,1.805,2115.19
HY-LOT-04,W05,13,-6,1,10,2.118,1.815,2111.67
HY-LOT-04,W05,13,-5,1,10,2.502,1.849,2086.07
HY-LOT-04,W05,13,-4,1,10,2.151,1.794,2091.49
HY-LOT-04,W05,13,-3,1,10,2.568,1.825,2104.3
HY-LOT-04,W05,13,-2,1,10,2.226,1.818,2109.87
HY-LOT-04,W05,13,-1,1,10,1.902,1.804,2105.6
HY-LOT-04,W05,13,0,1,10,2.254,1.809,2101.73
HY-LOT-04,W05,13,1,1,10,2.278,1.766,2114.53
HY-LOT-04,W05,13,2,1,10,1.908,1.816,2110.5
HY-LOT-04,W05,13,3,1,10,2.322,1.751,2110.28
HY-LOT-04,W05,13,4,1,10,2.167,1.802,2117.74
HY-LOT-04,W05,13,5,1,10,2.375,1.793,2082.97
HY-LOT-04,W05,13,6,1,10,2.311,1.808,2095.67
HY-LOT-04,W05,13,7,1,10,2.331,1.81,2106.01
HY-LOT-04,W05,13,8,1,10,2.037,1.811,2081.56
HY-LOT-04,W05,13,9,1,10,2.314,1.804,2103.64
HY-LOT-04,W05,13,10,1,10,2.332,1.777,2099.58
HY-LOT-04,W05,13,11,1,10,2.335,1.823,2084.78
HY-LOT-04,W05,13,12,1,10,2.457,1.812,2098.26
HY-LOT-04,W05,13,13,1,10,2.373,1.803,2121.56
HY-LOT-04,W05,13,14,1,10,1.876,1.793,2107.68
HY-LOT-04,W05,14,-13,1,10,2.319,1.792,2080.63
HY-LOT-04,W05,14,-12,1,10,2.185,1.798,2094.53
HY-LOT-04,W05,14,-11,1,10,2.235,1.808,2081.76
HY-LOT-04,W05,14,-10,1,10,2.34,1.775,2086.02
HY-LOT-04,W05,14,-9,1,10,2.179,1.775,2118.7
HY-LOT-04,W05,14,-8,1,10,2.392,1.792,2094.63
HY-LOT-04,W05,14,-7,1,10,1.974,1.83,2092.17
HY-LOT-04,W05,14,-6,1,10,2.316,1.806,2077.9
HY-LOT-04,W05,14,-5,1,10,2.174,1.817,2052.07
HY-LOT-04,W05,14,-4,1,10,2.199,1.815,2079.48
HY-LOT-04,W05,14,-3,1,10,2.191,1.798,2121.97
HY-LOT-04,W05,14,-2,1,10,2.007,1.803,2103.49
HY-LOT-04,W05,14,-1,1,10,2.216,1.828,2109.56
HY-LOT-04,W05,14,0,1,10,1.874,1.775,2110.79
HY-LOT-04,W05,14,1,1,10,2.143,1.816,2089.51
HY-LOT-04,W05,14,2,1,10,1.989,1.81,2122.68
HY-LOT-04,W05,14,3,1,10,2.323,1.774,2104.27
HY-LOT-04,W05,14,4,1,10,2.176,1.792,2127.84
HY-LOT-04,W05,14,5,1,10,2.032,1.782,2078.75
HY-LOT-04,W05,14,6,1,10,1.834,1.787,2103.2
HY-LOT-04,W05,14,7,1,10,2.02,1.788,2092.44
HY-LOT-04,W05,14,8,1,10,2.322,1.774,2131.36
HY-LOT-04,W05,14,9,1,10,2.009,1.818,2134.36
HY-LOT-04,W05,14,10,1,10,2.433,1.818,2093.34
HY-LOT-04,W05,14,11,1,10,2.012,1.786,2101.76
HY-LOT-04,W05,14,12,1,10,2.104,1.818,2091.9
HY-LOT-04,W05,14,13,1,10,2.129,1.819,2132.27
HY-LOT-04,W05,15,-12,1,10,2.171,1.814,2114.61
HY-LOT-04,W05,15,-11,1,10,2.289,1.804,2118.16
HY-LOT-04,W05,15,-10,1,10,1.868,1.8,2057.83
HY-LOT-04,W05,15,-9,1,10,2.145,1.813,2126.97
HY-LOT-04,W05,15,-8,1,10,1.828,1.792,2111.39
HY-LOT-04,W05,15,-7,1,10,2.416,1.797,2084.8
HY-LOT-04,W05,15,-6,1,10,1.85,1.812,2130.91
HY-LOT-04,W05,15,-5,1,10,2.382,1.778,2077.59
HY-LOT-04,W05,15,-4,1,10,1.847,1.807,2101.76
HY-LOT-04,W05,15,-3,1,10,2.306,1.807,2073.54
HY-LOT-04,W05,15,-2,1,10,1.929,1.788,2081.07
HY-LOT-04,W05,15,-1,1,10,2.407,1.829,2139.84
HY-LOT-04,W05,15,0,1,10,2.378,1.799,2133.07
HY-LOT-04,W05,15,1,1,10,1.96,1.809,2078.32
HY-LOT-04,W05,15,2,1,10,2.248,1.809,2101.52
HY-LOT-04,W05,15,3,1,10,2.592,1.786,2123.03
HY-LOT-04,W05,15,4,1,10,2.469,1.794,2066.77
HY-LOT-04,W05,15,5,1,10,2.441,1.804,2133.99
HY-LOT-04,W05,15,6,1,10,1.924,1.843,2097.23
HY-LOT-04,W05,15,7,1,10,2.227,1.815,2144.65
HY-LOT-04,W05,15,8,1,10,1.767,1.807,2084.87
HY-LOT-04,W05,15,9,1,10,2.828,1.756,2112.22
HY-LOT-04,W05,15,10,1,10,2.059,1.83,2136.66
HY-LOT-04,W05,15,11,1,10,2.183,1.784,2106.8
HY-LOT-04,W05,15,12,1,10,2.273,1.787,2078.65
HY-LOT-04,W05,16,-10,1,10,2.137,1.804,2091.81
HY-LOT-04,W05,16,-9,1,10,2.103,1.796,2122.62
HY-LOT-04,W05,16,-8,1,10,2.1,1.792,2104.89
HY-LOT-04,W05,16,-7,1,10,2.318,1.82,2105.44
HY-LOT-04,W05,16,-6,1,10,2.218,1.798,2115.86
HY-LOT-04,W05,16,-5,1,10,2.176,1.777,2100.59
HY-LOT-04,W05,16,-4,1,10,2.183,1.813,2100.46
HY-LOT-04,W05,16,-3,1,10,2.375,1.822,2088.86
HY-LOT-04,W05,16,-2,1,10,2.114,1.798,2100.92
HY-LOT-04,W05,16,-1,1,10,2.236,1.815,2088.11
HY-LOT-04,W05,16,0,1,10,1.896,1.831,2097.53
HY-LOT-04,W05,16,1,1,10,2.174,1.812,2074.64
HY-LOT-04,W05,16,2,1,10,2.311,1.813,2092.68
HY-LOT-04,W05,16,3,1,10,1.801,1.79,2101.33
HY-LOT-04,W05,16,4,1,10,2.381,1.812,2097.93
HY-LOT-04,W05,16,5,1,10,1.895,1.766,2108.85
HY-LOT-04,W05,16,6,1,10,2.105,1.85,2083.33
HY-LOT-04,W05,16,7,1,10,2.303,1.788,2124.25
HY-LOT-04,W05,16,8,1,10,2.087,1.8,2090.43
HY-LOT-04,W05,16,9,1,10,1.915,1.801,2111.54
HY-LOT-04,W05,16,10,1,10,1.901,1.835,2111.76
HY-LOT-04,W05,17,-9,1,10,2.317,1.8,2103.54
HY-LOT-04,W05,17,-8,1,10,1.929,1.76,2106.64
HY-LOT-04,W05,17,-7,1,10,2.338,1.79,2095.02
HY-LOT-04,W05,17,-6,1,10,2.269,1.776,2087.79
HY-LOT-04,W05,17,-5,1,10,2.479,1.784,2089.28
HY-LOT-04,W05,17,-4,1,10,1.915,1.819,2132.16
HY-LOT-04,W05,17,-3,1,10,2.344,1.798,2114.21
HY-LOT-04,W05,17,-2,1,10,2.045,1.805,2089.45
HY-LOT-04,W05,17,-1,1,10,2.067,1.788,2091.19
HY-LOT-04,W05,17,0,1,10,2.501,1.811,2070.3
HY-LOT-04,W05,17,1,1,10,2.249,1.811,2118.76
HY-LOT-04,W05,17,2,1,10,2.006,1.808,2080.33
HY-LOT-04,W05,17,3,1,10,1.932,1.8,2088.89
HY-LOT-04,W05,17,4,1,10,2.152,1.804,2108.27
HY-LOT-04,W05,17,5,1,10,2.3,1.794,2112.89
HY-LOT-04,W05,17,6,1,10,1.959,1.821,2103.2
HY-LOT-04,W05,17,7,1,10,2.025,1.816,2095.18
HY-LOT-04,W05,17,8,1,10,2.353,1.788,2079.25
HY-LOT-04,W05,17,9,1,10,2.179,1.812,2091.49
HY-LOT-04,W05,18,-6,1,10,1.757,1.782,2088.26
HY-LOT-04,W05,18,-5,1,10,2.155,1.81,2080.19
HY-LOT-04,W05,18,-4,1,10,2.358,1.78,2118.14
HY-LOT-04,W05,18,-3,1,10,2.388,1.806,2091.92
HY-LOT-04,W05,18,-2,1,10,2.532,1.819,2111.37
HY-LOT-04,W05,18,-1,1,10,2.296,1.793,2106.44
HY-LOT-04,W05,18,0,1,10,2.358,1.777,2131.03
HY-LOT-04,W05,18,1,1,10,2.148,1.785,2110.93
HY-LOT-04,W05,18,2,1,10,2.393,1.791,2107.51
HY-LOT-04,W05,18,3,1,10,2.279,1.796,2096.95
HY-LOT-04,W05,18,4,1,10,2.137,1.797,2107.66
HY-LOT-04,W05,18,5,1,10,2.246,1.789,2103.18
HY-LOT-04,W05,18,6,1,10,2.239,1.754,2118.3
HY-LOT-04,W05,19,-3,1,10,2.516,1.782,2100.58
HY-LOT-04,W05,19,-2,1,10,2.203,1.82,2083.13
HY-LOT-04,W05,19,-1,1,10,2.151,1.774,2140.79
HY-LOT-04,W05,19,0,1,10,2.183,1.82,2114.4
HY-LOT-04,W05,19,1,1,10,2.211,1.766,2120.06
HY-LOT-04,W05,19,2,1,10,2.084,1.805,2088.41
HY-LOT-04,W05,19,3,1,10,2.111,1.813,2084.08
HY-LOT-04,W06,-19,-3,1,10,2.126,1.825,2108.45
HY-LOT-04,W06,-19,-2,1,10,1.982,1.797,2088.12
HY-LOT-04,W06,-19,-1,1,10,2.242,1.778,2118.63
HY-LOT-04,W06,-19,0,1,10,2.136,1.774,2059.19
HY-LOT-04,W06,-19,1,1,10,2.072,1.799,2079.99
HY-LOT-04,W06,-19,2,1,10,2.06,1.781,2097.87
HY-LOT-04,W06,-19,3,1,10,2.043,1.795,2102.6
HY-LOT-04,W06,-18,-6,1,10,2.411,1.794,2118.67
HY-LOT-04,W06,-18,-5,1,10,1.836,1.777,2089.38
HY-LOT-04,W06,-18,-4,1,10,2.057,1.798,2121.29
HY-LOT-04,W06,-18,-3,1,10,2.032,1.785,2079.88
HY-LOT-04,W06,-18,-2,1,10,1.916,1.809,2096.1
HY-LOT-04,W06,-18,-1,1,10,2.173,1.808,2105.59
HY-LOT-04,W06,-18,0,1,10,2.051,1.797,2137.25
HY-LOT-04,W06,-18,1,1,10,2.014,1.791,2082.31
HY-LOT-04,W06,-18,2,1,10,1.889,1.785,2096.4
HY-LOT-04,W06,-18,3,1,10,2.315,1.789,2080.84
HY-LOT-04,W06,-18,4,1,10,2.043,1.799,2092.04
HY-LOT-04,W06,-18,5,1,10,1.902,1.824,2078.13
HY-LOT-04,W06,-18,6,1,10,1.891,1.801,2143.53
HY-LOT-04,W06,-17,-9,1,10,2.292,1.814,2117.16
HY-LOT-04,W06,-17,-8,1,10,2.215,1.772,2094.69
HY-LOT-04,W06,-17,-7,1,10,2.005,1.798,2097.92
HY-LOT-04,W06,-17,-6,1,10,2.159,1.796,2110.12
HY-LOT-04,W06,-17,-5,1,10,1.948,1.8,2098.54
HY-LOT-04,W06,-17,-4,1,10,1.928,1.766,2127.46
HY-LOT-04,W06,-17,-3,1,10,2.078,1.759,2120.44
HY-LOT-04,W06,-17,-2,1,10,2.128,1.802,2102.13
HY-LOT-04,W06,-17,-1,1,10,1.92,1.781,2110.09
HY-LOT-04,W06,-17,0,1,10,2.157,1.784,2111.52
HY-LOT-04,W06,-17,1,1,10,2.184,1.827,2087.73
HY-LOT-04,W06,-17,2,1,10,2.21,1.772,2096.74
HY-LOT-04,W06,-17,3,1,10,2.257,1.808,2125.31
HY-LOT-04,W06,-17,4,1,10,2.368,1.789,2094.63
HY-LOT-04,W06,-17,5,1,10,1.805,1.773,2112.87
HY-LOT-04,W06,-17,6,1,10,2.461,1.806,2095.86
HY-LOT-04,W06,-17,7,1,10,1.856,1.781,2099.41
HY-LOT-04,W06,-17,8,1,10,1.977,1.797,2096.57
HY-LOT-04,W06,-17,9,1,10,2.325,1.799,2088.93
HY-LOT-04,W06,-16,-10,1,10,1.955,1.813,2099.14
HY-LOT-04,W06,-16,-9,1,10,1.907,1.8,2066.58
HY-LOT-04,W06,-16,-8,1,10,2.387,1.792,2089.11
HY-LOT-04,W06,-16,-7,1,10,2.358,1.795,2096.72
HY-LOT-04,W06,-16,-6,1,10,1.98,1.8,2088.58
HY-LOT-04,W06,-16,-5,1,10,2.196,1.818,2095.03
HY-LOT-04,W06,-16,-4,1,10,2.395,1.789,2121.76
HY-LOT-04,W06,-16,-3,1,10,2.367,1.803,2117.57
HY-LOT-04,W06,-16,-2,1,10,2.125,1.795,2133.49
HY-LOT-04,W06,-16,-1,1,10,2.04,1.805,2123.71
HY-LOT-04,W06,-16,0,1,10,2.084,1.838,2133.23
HY-LOT-04,W06,-16,1,1,10,2.379,1.816,2097.25
HY-LOT-04,W06,-16,2,1,10,2.394,1.782,2141.17
HY-LOT-04,W06,-16,3,1,10,2.131,1.812,2087.8
HY-LOT-04,W06,-16,4,1,10,2.32,1.79,2092.45
HY-LOT-04,W06,-16,5,1,10,2.366,1.813,2103.9
HY-LOT-04,W06,-16,6,1,10,1.953,1.795,2113.82
HY-LOT-04,W06,-16,7,1,10,2.279,1.804,2134.13
HY-LOT-04,W06,-16,8,1,10,2.303,1.818,2109.91
HY-LOT-04,W06,-16,9,1,10,2.156,1.806,2111.41
HY-LOT-04,W06,-16,10,1,10,2.358,1.789,2133.01
HY-LOT-04,W06,-15,-12,1,10,2.554,1.803,2124.21
HY-LOT-04,W06,-15,-11,1,10,2.41,1.779,2088.87
HY-LOT-04,W06,-15,-10,1,10,2.232,1.792,2090.38
HY-LOT-04,W06,-15,-9,1,10,2.208,1.806,2106.02
HY-LOT-04,W06,-15,-8,1,10,2.161,1.822,2125.06
HY-LOT-04,W06,-15,-7,1,10,2.06,1.787,2076.55
HY-LOT-04,W06,-15,-6,1,10,2.357,1.818,2130.89
HY-LOT-04,W06,-15,-5,1,10,2.141,1.8,2105.73
HY-LOT-04,W06,-15,-4,1,10,2.188,1.773,2120.76
HY-LOT-04,W06,-15,-3,1,10,1.643,1.799,2113.14
HY-LOT-04,W06,-15,-2,1,10,1.936,1.77,2120.99
HY-LOT-04,W06,-15,-1,1,10,1.85,1.795,2145.64
HY-LOT-04,W06,-15,0,1,10,2.315,1.801,2108.57
HY-LOT-04,W06,-15,1,1,10,2.196,1.805,2113.8
HY-LOT-04,W06,-15,2,1,10,2.178,1.782,2111.08
HY-LOT-04,W06,-15,3,1,10,2.092,1.792,2091.82
HY-LOT-04,W06,-15,4,1,10,1.564,1.803,2114.73
HY-LOT-04,W06,-15,5,1,10,1.904,1.795,2110.23
HY-LOT-04,W06,-15,6,1,10,2.235,1.792,2100.94
HY-LOT-04,W06,-15,7,1,10,2.457,1.81,2090.8
HY-LOT-04,W06,-15,8,1,10,2.232,1.794,2095.11
HY-LOT-04,W06,-15,9,1,10,2.049,1.757,2072.16
HY-LOT-04,W06,-15,10,1,10,2.287,1.828,2080.44
HY-LOT-04,W06,-15,11,1,10,1.985,1.83,2080.86
HY-LOT-04,W06,-15,12,1,10,2.136,1.766,2103.64
HY-LOT-04,W06,-14,-13,1,10,2.284,1.837,2113.99
HY-LOT-04,W06,-14,-12,1,10,1.975,1.79,2146.68
HY-LOT-04,W06,-14,-11,1,10,2.183,1.811,2072.48
HY-LOT-04,W06,-14,-10,1,10,2.451,1.855,2107.31
HY-LOT-04,W06,-14,-9,1,10,2.204,1.84,2113
HY-LOT-04,W06,-14,-8,1,10,2.068,1.789,2103.9
HY-LOT-04,W06,-14,-7,1,10,2.293,1.798,2094.91
HY-LOT-04,W06,-14,-6,1,10,2.115,1.771,2102.06
HY-LOT-04,W06,-14,-5,1,10,2.018,1.81,2077.59
HY-LOT-04,W06,-14,-4,1,10,2.143,1.792,2074.82
HY-LOT-04,W06,-14,-3,1,10,1.863,1.775,2117.75
HY-LOT-04,W06,-14,-2,1,10,2.516,1.798,2084.44
HY-LOT-04,W06,-14,-1,1,10,2.469,1.777,2071.13
HY-LOT-04,W06,-14,0,1,10,2.099,1.832,2127.23
HY-LOT-04,W06,-14,1,1,10,2.264,1.789,2110.88
HY-LOT-04,W06,-14,2,1,10,2.005,1.807,2093.38
HY-LOT-04,W06,-14,3,1,10,2.148,1.778,2073.46
HY-LOT-04,W06,-14,4,1,10,1.942,1.825,2067.24
HY-LOT-04,W06,-14,5,1,10,2.028,1.764,2085.05
HY-LOT-04,W06,-14,6,1,10,2.159,1.788,2107.19
HY-LOT-04,W06,-14,7,1,10,1.865,1.825,2123.36
HY-LOT-04,W06,-14,8,1,10,1.89,1.808,2086.93
HY-LOT-04,W06,-14,9,1,10,2.039,1.784,2108.73
HY-LOT-04,W06,-14,10,1,10,2.281,1.784,2098.15
HY-LOT-04,W06,-14,11,1,10,2.236,1.796,2108.31
HY-LOT-04,W06,-14,12,1,10,1.999,1.792,2127.54
HY-LOT-04,W06,-14,13,1,10,2.067,1.83,2109.22
HY-LOT-04,W06,-13,-14,1,10,2.241,1.807,2094.68
HY-LOT-04,W06,-13,-13,1,10,1.753,1.808,2080.05
HY-LOT-04,W06,-13,-12,1,10,1.888,1.781,2088.41
HY-LOT-04,W06,-13,-11,1,10,2.103,1.829,2074.5
HY-LOT-04,W06,-13,-10,1,10,2.503,1.819,2129.73
HY-LOT-04,W06,-13,-9,1,10,2.073,1.823,2108.7
HY-LOT-04,W06,-13,-8,1,10,1.721,1.799,2105.75
HY-LOT-04,W06,-13,-7,1,10,2.178,1.787,2107.42
HY-LOT-04,W06,-13,-6,1,10,2.464,1.795,2076.81
HY-LOT-04,W06,-13,-5,1,10,2.266,1.805,2072.63
HY-LOT-04,W06,-13,-4,1,10,1.719,1.8,2056.17
HY-LOT-04,W06,-13,-3,2,21,1.983,1.782,2128.11
HY-LOT-04,W06,-13,-2,1,10,2.275,1.761,2088.5
HY-LOT-04,W06,-13,-1,1,10,1.901,1.792,2107.54
HY-LOT-04,W06,-13,0,1,10,2.299,1.793,2103.74
HY-LOT-04,W06,-13,1,1,10,2.187,1.788,2120.08
HY-LOT-04,W06,-13,2,1,10,2.003,1.81,2122.8
HY-LOT-04,W06,-13,3,1,10,2.146,1.76,2102.76
HY-LOT-04,W06,-13,4,1,10,2.154,1.825,2110.25
HY-LOT-04,W06,-13,5,1,10,2.34,1.796,2109.88
HY-LOT-04,W06,-13,6,1,10,2.297,1.812,2072.51
HY-LOT-04,W06,-13,7,1,10,2.061,1.807,2101.61
HY-LOT-04,W06,-13,8,1,10,2.028,1.811,2125.7
HY-LOT-04,W06,-13,9,1,10,2.042,1.807,2117.25
HY-LOT-04,W06,-13,10,1,10,2.115,1.807,2050.88
HY-LOT-04,W06,-13,11,1,10,2.081,1.799,2122.6
HY-LOT-04,W06,-13,12,1,10,2.082,1.783,2107.75
HY-LOT-04,W06,-13,13,1,10,2.112,1.774,2114.84
HY-LOT-04,W06,-13,14,1,10,1.728,1.766,2092.37
HY-LOT-04,W06,-12,-15,1,10,2.218,1.812,2085.15
HY-LOT-04,W06,-12,-14,1,10,1.946,1.792,2106.43
HY-LOT-04,W06,-12,-13,1,10,2.164,1.802,2087.37
HY-LOT-04,W06,-12,-12,1,10,2.272,1.824,2104.89
HY-LOT-04,W06,-12,-11,1,10,1.605,1.839,2096.83
HY-LOT-04,W06,-12,-10,1,10,2.176,1.779,2102.85
HY-LOT-04,W06,-12,-9,1,10,2.324,1.814,2102.7
HY-LOT-04,W06,-12,-8,1,10,2.316,1.817,2073.74
HY-LOT-04,W06,-12,-7,1,10,2.162,1.81,2086.7
HY-LOT-04,W06,-12,-6,1,10,2,1.842,2089.8
HY-LOT-04,W06,-12,-5,1,10,2.087,1.796,2089.4
HY-LOT-04,W06,-12,-4,1,10,1.856,1.793,2106.1
HY-LOT-04,W06,-12,-3,1,10,1.934,1.827,2110.41
HY-LOT-04,W06,-12,-2,1,10,1.57,1.801,2111.74
HY-LOT-04,W06,-12,-1,1,10,2.326,1.814,2088.21
HY-LOT-04,W06,-12,0,1,10,1.949,1.769,2112.76
HY-LOT-04,W06,-12,1,1,10,2,1.809,2076.87
HY-LOT-04,W06,-12,2,1,10,2.133,1.794,2106.58
HY-LOT-04,W06,-12,3,1,10,2.018,1.787,2093.53
HY-LOT-04,W06,-12,4,1,10,2.195,1.805,2083.29
HY-LOT-04,W06,-12,5,1,10,2.106,1.787,2117.24
HY-LOT-04,W06,-12,6,1,10,2.274,1.811,2098.8
HY-LOT-04,W06,-12,7,1,10,1.851,1.789,2102.74
HY-LOT-04,W06,-12,8,1,10,2.096,1.798,2106.54
HY-LOT-04,W06,-12,9,1,10,2.255,1.784,2095.31
HY-LOT-04,W06,-12,10,1,10,2.339,1.835,2065.18
HY-LOT-04,W06,-12,11,1,10,2.203,1.787,2106.47
HY-LOT-04,W06,-12,12,1,10,2.085,1.805,2067.12
HY-LOT-04,W06,-12,13,1,10,2.262,1.774,2075.48
HY-LOT-04,W06,-12,14,1,10,1.794,1.779,2114.24
HY-LOT-04,W06,-12,15,1,10,2.141,1.809,2119.91
HY-LOT-04,W06,-11,-15,1,10,1.919,1.807,2092.53
HY-LOT-04,W06,-11,-14,1,10,2.084,1.798,2099.35
HY-LOT-04,W06,-11,-13,1,10,2.109,1.796,2106.51
HY-LOT-04,W06,-11,-12,1,10,2.286,1.786,2109.22
HY-LOT-04,W06,-11,-11,1,10,2.175,1.816,2108.19
HY-LOT-04,W06,-11,-10,1,10,2.234,1.849,2107.96
HY-LOT-04,W06,-11,-9,1,10,1.995,1.824,2074.08
HY-LOT-04,W06,-11,-8,1,10,2.14,1.795,2119.18
HY-LOT-04,W06,-11,-7,1,10,2.033,1.796,2091.72
HY-LOT-04,W06,-11,-6,1,10,2.315,1.781,2119.08
HY-LOT-04,W06,-11,-5,1,10,2.169,1.801,2090.09
HY-LOT-04,W06,-11,-4,1,10,1.882,1.799,2116.12
HY-LOT-04,W06,-11,-3,1,10,2.668,1.807,2118.63
HY-LOT-04,W06,-11,-2,1,10,1.855,1.766,2102.65
HY-LOT-04,W06,-11,-1,1,10,2.523,1.795,2091.53
HY-LOT-04,W06,-11,0,1,10,2.266,1.801,2092.95
HY-LOT-04,W06,-11,1,1,10,1.926,1.753,2092.53
HY-LOT-04,W06,-11,2,1,10,1.884,1.803,2118.04
HY-LOT-04,W06,-11,3,1,10,2.041,1.807,2100.6
HY-LOT-04,W06,-11,4,1,10,1.983,1.797,2113.56
HY-LOT-04,W06,-11,5,1,10,2.197,1.818,2091.21
HY-LOT-04,W06,-11,6,1,10,2.187,1.824,2096.68
HY-LOT-04,W06,-11,7,1,10,2.037,1.807,2086.05
HY-LOT-04,W06,-11,8,1,10,2.092,1.778,2088.71
HY-LOT-04,W06,-11,9,1,10,1.977,1.805,2082.88
HY-LOT-04,W06,-11,10,1,10,2.282,1.801,2150.82
HY-LOT-04,W06,-11,11,1,10,2.259,1.817,2093.71
HY-LOT-04,W06,-11,12,1,10,1.984,1.798,2112.64
HY-LOT-04,W06,-11,13,1,10,1.99,1.795,2117.14
HY-LOT-04,W06,-11,14,1,10,1.984,1.8,2076.65
HY-LOT-04,W06,-11,15,1,10,1.718,1.821,2106.93
HY-LOT-04,W06,-10,-16,1,10,1.955,1.807,2086.68
HY-LOT-04,W06,-10,-15,1,10,2.45,1.802,2099.33
HY-LOT-04,W06,-10,-14,1,10,1.855,1.786,2101.15
HY-LOT-04,W06,-10,-13,1,10,2.143,1.808,2071.52
HY-LOT-04,W06,-10,-12,1,10,2.277,1.792,2116.99
HY-LOT-04,W06,-10,-11,1,10,2.293,1.829,2075.89
HY-LOT-04,W06,-10,-10,1,10,2.127,1.776,2101.78
HY-LOT-04,W06,-10,-9,1,10,2.178,1.78,2126.14
HY-LOT-04,W06,-10,-8,1,10,2.338,1.795,2082.77
HY-LOT-04,W06,-10,-7,1,10,2.186,1.784,2114.24
HY-LOT-04,W06,-10,-6,1,10,2.127,1.779,2089.25
HY-LOT-04,W06,-10,-5,1,10,2.064,1.781,2107.89
HY-LOT-04,W06,-10,-4,1,10,2.052,1.801,2108.64
HY-LOT-04,W06,-10,-3,1,10,2.502,1.824,2113.02
HY-LOT-04,W06,-10,-2,1,10,2.013,1.803,2099.5
HY-LOT-04,W06,-10,-1,1,10,2.334,1.815,2086.36
HY-LOT-04,W06,-10,0,1,10,2.225,1.794,2074
HY-LOT-04,W06,-10,1,1,10,2.041,1.768,2116.2
HY-LOT-04,W06,-10,2,1,10,2.087,1.774,2080.25
HY-LOT-04,W06,-10,3,1,10,2.122,1.814,2089.47
HY-LOT-04,W06,-10,4,1,10,2.048,1.797,2074.4
HY-LOT-04,W06,-10,5,1,10,2.144,1.804,2069.13
HY-LOT-04,W06,-10,6,1,10,2.181,1.788,2099.31
HY-LOT-04,W06,-10,7,1,10,1.834,1.812,2092.49
HY-LOT-04,W06,-10,8,1,10,2.151,1.782,2083.86
HY-LOT-04,W06,-10,9,1,10,2.154,1.774,2111.99
HY-LOT-04,W06,-10,10,1,10,2.223,1.791,2135.25
HY-LOT-04,W06,-10,11,1,10,2.058,1.824,2098.68
HY-LOT-04,W06,-10,12,1,10,2.315,1.821,2104.07
HY-LOT-04,W06,-10,13,1,10,2.098,1.805,2118.91
HY-LOT-04,W06,-10,14,1,10,2.028,1.782,2096.63
HY-LOT-04,W06,-10,15,1,10,2.259,1.789,2117.13
HY-LOT-04,W06,-10,16,1,10,2.188,1.813,2091.51
HY-LOT-04,W06,-9,-17,1,10,2.151,1.809,2127.88
HY-LOT-04,W06,-9,-16,1,10,2.126,1.751,2121.65
HY-LOT-04,W06,-9,-15,1,10,2.061,1.837,2092.02
HY-LOT-04,W06,-9,-14,1,10,1.919,1.828,2094.17
HY-LOT-04,W06,-9,-13,1,10,2.145,1.795,2098.82
HY-LOT-04,W06,-9,-12,1,10,2.038,1.758,2111.36
HY-LOT-04,W06,-9,-11,1,10,2.059,1.809,2092.04
HY-LOT-04,W06,-9,-10,1,10,2.377,1.813,2087.49
HY-LOT-04,W06,-9,-9,1,10,1.835,1.804,2094.75
HY-LOT-04,W06,-9,-8,1,10,2.448,1.792,2092.1
HY-LOT-04,W06,-9,-7,1,10,2.222,1.8,2108.4
HY-LOT-04,W06,-9,-6,1,10,2.23,1.808,2098.33
HY-LOT-04,W06,-9,-5,1,10,2.158,1.809,2081.36
HY-LOT-04,W06,-9,-4,1,10,2.286,1.79,2116.95
HY-LOT-04,W06,-9,-3,1,10,2.44,1.797,2096.94
HY-LOT-04,W06,-9,-2,1,10,2.182,1.763,2094.87
HY-LOT-04,W06,-9,-1,1,10,1.783,1.795,2112.29
HY-LOT-04,W06,-9,0,1,10,2.028,1.786,2114.05
HY-LOT-04,W06,-9,1,1,10,1.841,1.784,2116.95
HY-LOT-04,W06,-9,2,1,10,2.106,1.806,2103.95
HY-LOT-04,W06,-9,3,1,10,2.225,1.757,2080.07
HY-LOT-04,W06,-9,4,1,10,2.063,1.781,2107.11
HY-LOT-04,W06,-9,5,1,10,2.185,1.797,2112.27
HY-LOT-04,W06,-9,6,1,10,2.272,1.781,2104.16
HY-LOT-04,W06,-9,7,1,10,2.373,1.813,2126.95
HY-LOT-04,W06,-9,8,1,10,2.2,1.78,2096.71
HY-LOT-04,W06,-9,9,1,10,2.1,1.816,2081.41
HY-LOT-04,W06,-9,10,1,10,1.907,1.81,2063.3
HY-LOT-04,W06,-9,11,1,10,1.793,1.783,2130.99
HY-LOT-04,W06,-9,12,1,10,1.912,1.799,2101.05
HY-LOT-04,W06,-9,13,1,10,1.919,1.803,2118.16
HY-LOT-04,W06,-9,14,1,10,2.318,1.801,2112.38
HY-LOT-04,W06,-9,15,1,10,2.048,1.803,2080
HY-LOT-04,W06,-9,16,1,10,2.259,1.794,2072.42
HY-LOT-04,W06,-9,17,1,10,2.288,1.789,2062.93
HY-LOT-04,W06,-8,-17,1,10,1.728,1.774,2125.37
HY-LOT-04,W06,-8,-16,1,10,2.33,1.796,2112.42
HY-LOT-04,W06,-8,-15,1,10,2.256,1.793,2132.99
HY-LOT-04,W06,-8,-14,1,10,2.107,1.767,2093.27
HY-LOT-04,W06,-8,-13,1,10,2.12,1.781,2089.7
HY-LOT-04,W06,-8,-12,1,10,1.839,1.782,2105.08
HY-LOT-04,W06,-8,-11,1,10,1.721,1.778,2115.33
HY-LOT-04,W06,-8,-10,1,10,2.462,1.787,2118.89
HY-LOT-04,W06,-8,-9,1,10,2.067,1.808,2144.07
HY-LOT-04,W06,-8,-8,1,10,2.42,1.785,2093.46
HY-LOT-04,W06,-8,-7,1,10,2.388,1.776,2113
HY-LOT-04,W06,-8,-6,1,10,1.96,1.767,2125.56
HY-LOT-04,W06,-8,-5,1,10,1.931,1.78,2074.51
HY-LOT-04,W06,-8,-4,1,10,2.265,1.805,2078.4
HY-LOT-04,W06,-8,-3,1,10,2.3,1.805,2109.5
HY-LOT-04,W06,-8,-2,1,10,2.053,1.804,2104.83
HY-LOT-04,W06,-8,-1,1,10,1.836,1.788,2119.57
HY-LOT-04,W06,-8,0,1,10,2.345,1.766,2125.42
HY-LOT-04,W06,-8,1,1,10,2.348,1.825,2100.21
HY-LOT-04,W06,-8,2,1,10,2.261,1.809,2085.58
HY-LOT-04,W06,-8,3,1,10,2.171,1.81,2083.22
HY-LOT-04,W06,-8,4,1,10,2.188,1.787,2091.21
HY-LOT-04,W06,-8,5,1,10,2.247,1.828,2115.49
HY-LOT-04,W06,-8,6,1,10,2.318,1.788,2089.57
HY-LOT-04,W06,-8,7,1,10,2.266,1.808,2069.3
HY-LOT-04,W06,-8,8,1,10,2.075,1.782,2121.54
HY-LOT-04,W06,-8,9,1,10,2.122,1.773,2088.43
HY-LOT-04,W06,-8,10,1,10,2.226,1.809,2089.36
HY-LOT-04,W06,-8,11,1,10,1.755,1.835,2066.93
HY-LOT-04,W06,-8,12,1,10,2.306,1.78,2069.8
HY-LOT-04,W06,-8,13,1,10,2.115,1.808,2080.87
HY-LOT-04,W06,-8,14,1,10,2.1,1.792,2115.59
HY-LOT-04,W06,-8,15,1,10,2.193,1.799,2133.24
HY-LOT-04,W06,-8,16,1,10,2.141,1.812,2091.75
HY-LOT-04,W06,-8,17,1,10,2.305,1.782,2124.01
HY-LOT-04,W06,-7,-17,1,10,2.334,1.802,2102
HY-LOT-04,W06,-7,-16,1,10,1.637,1.786,2076.03
HY-LOT-04,W06,-7,-15,1,10,2.207,1.828,2079.06
HY-LOT-04,W06,-7,-14,1,10,2.295,1.764,2148.87
HY-LOT-04,W06,-7,-13,1,10,2.171,1.791,2110.08
HY-LOT-04,W06,-7,-12,1,10,2.327,1.8,2069.46
HY-LOT-04,W06,-7,-11,1,10,2.174,1.832,2128.86
HY-LOT-04,W06,-7,-10,1,10,1.794,1.823,2101.81
HY-LOT-04,W06,-7,-9,1,10,2.313,1.842,2091.94
HY-LOT-04,W06,-7,-8,1,10,1.951,1.803,2075.72
HY-LOT-04,W06,-7,-7,1,10,2.302,1.784,2096.61
HY-LOT-04,W06,-7,-6,1,10,2.194,1.798,2103.36
HY-LOT-04,W06,-7,-5,1,10,2.04,1.823,2109.67
HY-LOT-04,W06,-7,-4,1,10,1.859,1.793,2120.99
HY-LOT-04,W06,-7,-3,1,10,1.964,1.829,2124.34
HY-LOT-04,W06,-7,-2,1,10,2.143,1.834,2105.65
HY-LOT-04,W06,-7,-1,1,10,2.274,1.782,2092.77
HY-LOT-04,W06,-7,0,1,10,2.146,1.798,2064.94
HY-LOT-04,W06,-7,1,1,10,1.911,1.807,2094.79
HY-LOT-04,W06,-7,2,1,10,2.059,1.816,2093.77
HY-LOT-04,W06,-7,3,1,10,2.447,1.8,2082.52
HY-LOT-04,W06,-7,4,1,10,2.22,1.822,2103.79
HY-LOT-04,W06,-7,5,1,10,1.881,1.789,2103.22
HY-LOT-04,W06,-7,6,1,10,2.058,1.814,2105.55
HY-LOT-04,W06,-7,7,1,10,2.229,1.797,2128.02
HY-LOT-04,W06,-7,8,1,10,2.24,1.779,2124.12
HY-LOT-04,W06,-7,9,1,10,2.247,1.829,2112.72
HY-LOT-04,W06,-7,10,1,10,1.884,1.797,2118.55
HY-LOT-04,W06,-7,11,1,10,2.045,1.769,2116.14
HY-LOT-04,W06,-7,12,1,10,2.406,1.807,2118.12
HY-LOT-04,W06,-7,13,1,10,2.232,1.797,2090.55
HY-LOT-04,W06,-7,14,1,10,2.247,1.823,2136.9
HY-LOT-04,W06,-7,15,1,10,2.486,1.773,2118.95
HY-LOT-04,W06,-7,16,1,10,2.086,1.775,2076.84
HY-LOT-04,W06,-7,17,1,10,2.192,1.815,2084.31
HY-LOT-04,W06,-6,-18,1,10,2.144,1.808,2093.42
HY-LOT-04,W06,-6,-17,1,10,2.498,1.766,2097.91
HY-LOT-04,W06,-6,-16,1,10,2.127,1.805,2126.84
HY-LOT-04,W06,-6,-15,1,10,2,1.799,2054.48
HY-LOT-04,W06,-6,-14,1,10,2.179,1.783,2098.84
HY-LOT-04,W06,-6,-13,1,10,2.109,1.791,2116.96
HY-LOT-04,W06,-6,-12,1,10,1.923,1.839,2107.29
HY-LOT-04,W06,-6,-11,1,10,2.12,1.834,2091.9
HY-LOT-04,W06,-6,-10,1,10,1.898,1.784,2102.12
HY-LOT-04,W06,-6,-9,1,10,1.965,1.822,2098.34
HY-LOT-04,W06,-6,-8,1,10,1.866,1.778,2110.07
HY-LOT-04,W06,-6,-7,1,10,2.122,1.799,2084.65
HY-LOT-04,W06,-6,-6,1,10,2.209,1.792,2090.75
HY-LOT-04,W06,-6,-5,1,10,2.053,1.793,2059.12
HY-LOT-04,W06,-6,-4,1,10,1.857,1.816,2112.33
HY-LOT-04,W06,-6,-3,1,10,2.293,1.802,2085.81
HY-LOT-04,W06,-6,-2,1,10,1.983,1.79,2098.06
HY-LOT-04,W06,-6,-1,1,10,2.387,1.808,2093.89
HY-LOT-04,W06,-6,0,1,10,2.372,1.826,2098.25
HY-LOT-04,W06,-6,1,1,10,2.161,1.809,2084.8
HY-LOT-04,W06,-6,2,1,10,2.015,1.798,2123.38
HY-LOT-04,W06,-6,3,1,10,1.91,1.807,2125.84
HY-LOT-04,W06,-6,4,1,10,1.798,1.782,2104.88
HY-LOT-04,W06,-6,5,1,10,1.94,1.791,2043.62
HY-LOT-04,W06,-6,6,1,10,2.254,1.802,2132.73
HY-LOT-04,W06,-6,7,1,10,2.262,1.819,2085.32
HY-LOT-04,W06,-6,8,1,10,2.299,1.8,2064.31
HY-LOT-04,W06,-6,9,1,10,2.498,1.773,2101.22
HY-LOT-04,W06,-6,10,1,10,2.562,1.789,2104.44
HY-LOT-04,W06,-6,11,1,10,2.044,1.811,2110.65
HY-LOT-04,W06,-6,12,1,10,2.002,1.827,2113.52
HY-LOT-04,W06,-6,13,1,10,2.184,1.831,2094.82
HY-LOT-04,W06,-6,14,1,10,1.858,1.811,2069.41
HY-LOT-04,W06,-6,15,1,10,2.219,1.816,2095.68
HY-LOT-04,W06,-6,16,1,10,1.931,1.778,2121.44
HY-LOT-04,W06,-6,17,1,10,2.318,1.822,2116.09
HY-LOT-04,W06,-6,18,1,10,2.189,1.817,2066
HY-LOT-04,W06,-5,-18,1,10,1.841,1.795,2094.92
HY-LOT-04,W06,-5,-17,1,10,1.775,1.821,2092.68
HY-LOT-04,W06,-5,-16,1,10,1.853,1.82,2095.55
HY-LOT-04,W06,-5,-15,1,10,1.935,1.802,2100.46
HY-LOT-04,W06,-5,-14,1,10,2.063,1.767,2091.21
HY-LOT-04,W06,-5,-13,1,10,2.229,1.795,2077.91
HY-LOT-04,W06,-5,-12,1,10,2.12,1.796,2104.37
HY-LOT-04,W06,-5,-11,1,10,2.238,1.786,2102.04
HY-LOT-04,W06,-5,-10,1,10,2.301,1.797,2084.01
HY-LOT-04,W06,-5,-9,1,10,2.088,1.8,2082.14
HY-LOT-04,W06,-5,-8,1,10,2.003,1.849,2088.78
HY-LOT-04,W06,-5,-7,1,10,1.723,1.814,2090.85
HY-LOT-04,W06,-5,-6,1,10,2.36,1.792,2118.28
HY-LOT-04,W06,-5,-5,1,10,1.996,1.836,2130.78
HY-LOT-04,W06,-5,-4,1,10,1.945,1.792,2098.75
HY-LOT-04,W06,-5,-3,1,10,1.717,1.777,2074.59
HY-LOT-04,W06,-5,-2,1,10,2.138,1.765,2108.73
HY-LOT-04,W06,-5,-1,1,10,1.747,1.827,2139.92
HY-LOT-04,W06,-5,0,1,10,2.555,1.793,2112.37
HY-LOT-04,W06,-5,1,1,10,2.147,1.8,2124.54
HY-LOT-04,W06,-5,2,1,10,2.288,1.782,2092.23
HY-LOT-04,W06,-5,3,1,10,2.228,1.794,2094.7
HY-LOT-04,W06,-5,4,1,10,2.145,1.758,2085.3
HY-LOT-04,W06,-5,5,1,10,2.098,1.799,2085.21
HY-LOT-04,W06,-5,6,1,10,2.123,1.793,2099.95
HY-LOT-04,W06,-5,7,1,10,2.177,1.783,2086.26
HY-LOT-04,W06,-5,8,1,10,2.308,1.785,2117.67
HY-LOT-04,W06,-5,9,1,10,2.258,1.799,2084.42
HY-LOT-04,W06,-5,10,1,10,2.004,1.807,2113.93
HY-LOT-04,W06,-5,11,1,10,2.402,1.781,2063.31
HY-LOT-04,W06,-5,12,1,10,1.976,1.788,2122.19
HY-LOT-04,W06,-5,13,1,10,1.885,1.806,2104.93
HY-LOT-04,W06,-5,14,1,10,1.75,1.825,2070.99
HY-LOT-04,W06,-5,15,1,10,1.777,1.836,2076.97
HY-LOT-04,W06,-5,16,1,10,2.549,1.794,2100.44
HY-LOT-04,W06,-5,17,1,10,2.061,1.822,2102.62
HY-LOT-04,W06,-5,18,1,10,2.366,1.816,2112.49
HY-LOT-04,W06,-4,-18,1,10,2.335,1.815,2076.25
HY-LOT-04,W06,-4,-17,1,10,2.32,1.793,2139.03
HY-LOT-04,W06,-4,-16,1,10,2.562,1.776,2114.88
HY-LOT-04,W06,-4,-15,1,10,2.028,1.804,2110.8
HY-LOT-04,W06,-4,-14,1,10,2.123,1.836,2097.84
HY-LOT-04,W06,-4,-13,1,10,2.459,1.796,2095.45
HY-LOT-04,W06,-4,-12,1,10,2.345,1.811,2106.92
HY-LOT-04,W06,-4,-11,1,10,2.219,1.798,2096.8
HY-LOT-04,W06,-4,-10,1,10,2.465,1.804,2110.66
HY-LOT-04,W06,-4,-9,1,10,2.147,1.784,2125.77
HY-LOT-04,W06,-4,-8,1,10,2.03,1.799,2082.72
HY-LOT-04,W06,-4,-7,1,10,1.871,1.837,2093.63
HY-LOT-04,W06,-4,-6,1,10,2.126,1.788,2095.86
HY-LOT-04,W06,-4,-5,1,10,2.438,1.783,2109.69
HY-LOT-04,W06,-4,-4,1,10,2.536,1.806,2113.82
HY-LOT-04,W06,-4,-3,1,10,2.096,1.8,2092.11
HY-LOT-04,W06,-4,-2,1,10,1.76,1.817,2110.56
HY-LOT-04,W06,-4,-1,1,10,2.179,1.794,2126.41
HY-LOT-04,W06,-4,0,1,10,1.922,1.83,2073.99
HY-LOT-04,W06,-4,1,1,10,2.461,1.776,2095.15
HY-LOT-04,W06,-4,2,1,10,2.194,1.801,2111.23
HY-LOT-04,W06,-4,3,1,10,2.174,1.773,2094.12
HY-LOT-04,W06,-4,4,1,10,2.245,1.81,2060.24
HY-LOT-04,W06,-4,5,1,10,2.246,1.782,2102.92
HY-LOT-04,W06,-4,6,1,10,2.313,1.81,2098.13
HY-LOT-04,W06,-4,7,1,10,1.974,1.799,2114.88
HY-LOT-04,W06,-4,8,2,21,2.043,1.792,2079.82
HY-LOT-04,W06,-4,9,1,10,2.33,1.797,2061.86
HY-LOT-04,W06,-4,10,1,10,2.244,1.82,2070.89
HY-LOT-04,W06,-4,11,1,10,2.261,1.825,2092.27
HY-LOT-04,W06,-4,12,1,10,1.871,1.797,2096.26
HY-LOT-04,W06,-4,13,1,10,1.638,1.806,2090.13
HY-LOT-04,W06,-4,14,1,10,2.077,1.794,2113.9
HY-LOT-04,W06,-4,15,1,10,2.202,1.806,2077.2
HY-LOT-04,W06,-4,16,1,10,1.986,1.797,2105.5
HY-LOT-04,W06,-4,17,1,10,2.106,1.808,2115.04
HY-LOT-04,W06,-4,18,1,10,2.509,1.796,2083.69
HY-LOT-04,W06,-3,-19,1,10,2.196,1.811,2103.59
HY-LOT-04,W06,-3,-18,1,10,2.161,1.853,2095.34
HY-LOT-04,W06,-3,-17,1,10,2.462,1.813,2112.95
HY-LOT-04,W06,-3,-16,1,10,1.991,1.802,2122.43
HY-LOT-04,W06,-3,-15,1,10,2.005,1.783,2119.21
HY-LOT-04,W06,-3,-14,1,10,2.1,1.766,2104.24
HY-LOT-04,W06,-3,-13,1,10,2.458,1.799,2121.28
HY-LOT-04,W06,-3,-12,1,10,2.202,1.776,2113.04
HY-LOT-04,W06,-3,-11,1,10,2.263,1.809,2112.98
HY-LOT-04,W06,-3,-10,1,10,1.94,1.815,2102
HY-LOT-04,W06,-3,-9,1,10,2.326,1.797,2084.66
HY-LOT-04,W06,-3,-8,1,10,1.888,1.772,2087.87
HY-LOT-04,W06,-3,-7,1,10,2.29,1.78,2102.11
HY-LOT-04,W06,-3,-6,1,10,2.317,1.81,2103.23
HY-LOT-04,W06,-3,-5,2,21,2.138,1.786,2115.68
HY-LOT-04,W06,-3,-4,1,10,1.885,1.816,2094.24
HY-LOT-04,W06,-3,-3,1,10,2.26,1.795,2074.84
HY-LOT-04,W06,-3,-2,1,10,2.214,1.784,2084.59
HY-LOT-04,W06,-3,-1,1,10,1.998,1.83,2113.96
HY-LOT-04,W06,-3,0,1,10,2.327,1.766,2113.94
HY-LOT-04,W06,-3,1,1,10,2.232,1.81,2106.13
HY-LOT-04,W06,-3,2,1,10,2.018,1.786,2076.29
HY-LOT-04,W06,-3,3,1,10,2.409,1.813,2099.74
HY-LOT-04,W06,-3,4,1,10,2.307,1.802,2113.11
HY-LOT-04,W06,-3,5,1,10,2.291,1.787,2122.9
HY-LOT-04,W06,-3,6,1,10,1.967,1.802,2106.6
HY-LOT-04,W06,-3,7,1,10,2.003,1.781,2095.65
HY-LOT-04,W06,-3,8,1,10,2.071,1.783,2071.59
HY-LOT-04,W06,-3,9,1,10,2.534,1.816,2121.62
HY-LOT-04,W06,-3,10,1,10,2.23,1.822,2093.87
HY-LOT-04,W06,-3,11,1,10,2.236,1.821,2127.18
HY-LOT-04,W06,-3,12,1,10,2.156,1.773,2102.59
HY-LOT-04,W06,-3,13,1,10,2.407,1.792,2096.9
HY-LOT-04,W06,-3,14,1,10,2.063,1.852,2124.5
HY-LOT-04,W06,-3,15,1,10,2.151,1.801,2114.49
HY-LOT-04,W06,-3,16,1,10,2.375,1.801,2119.23
HY-LOT-04,W06,-3,17,1,10,2.451,1.8,2109.27
HY-LOT-04,W06,-3,18,1,10,2.129,1.788,2083.56
HY-LOT-04,W06,-3,19,1,10,2.055,1.811,2113.86
HY-LOT-04,W06,-2,-19,1,10,2.327,1.834,2082.29
HY-LOT-04,W06,-2,-18,1,10,2.239,1.841,2113.22
HY-LOT-04,W06,-2,-17,1,10,2.084,1.799,2093.15
HY-LOT-04,W06,-2,-16,1,10,2.136,1.812,2077.62
HY-LOT-04,W06,-2,-15,1,10,2.079,1.819,2093.01
HY-LOT-04,W06,-2,-14,1,10,2.227,1.785,2106.51
HY-LOT-04,W06,-2,-13,1,10,2.092,1.8,2098.87
HY-LOT-04,W06,-2,-12,1,10,2.074,1.774,2092.94
HY-LOT-04,W06,-2,-11,1,10,2.247,1.771,2126.08
HY-LOT-04,W06,-2,-10,1,10,2.083,1.785,2129.86
HY-LOT-04,W06,-2,-9,1,10,1.874,1.799,2136.25
HY-LOT-04,W06,-2,-8,1,10,2.396,1.809,2091.51
HY-LOT-04,W06,-2,-7,1,10,2.054,1.771,2115.17
HY-LOT-04,W06,-2,-6,1,10,2.227,1.806,2090.66
HY-LOT-04,W06,-2,-5,1,10,1.849,1.824,2109.31
HY-LOT-04,W06,-2,-4,1,10,2.601,1.798,2093.87
HY-LOT-04,W06,-2,-3,1,10,1.737,1.827,2098.97
HY-LOT-04,W06,-2,-2,1,10,2.32,1.775,2093.29
HY-LOT-04,W06,-2,-1,1,10,2.053,1.782,2118.73
HY-LOT-04,W06,-2,0,1,10,1.92,1.804,2083.23
HY-LOT-04,W06,-2,1,1,10,2.225,1.792,2036.32
HY-LOT-04,W06,-2,2,1,10,1.848,1.808,2079.14
HY-LOT-04,W06,-2,3,1,10,1.998,1.789,2071.17
HY-LOT-04,W06,-2,4,1,10,2.015,1.795,2119.64
HY-LOT-04,W06,-2,5,1,10,2.275,1.752,2102.09
HY-LOT-04,W06,-2,6,1,10,2.223,1.797,2099.17
HY-LOT-04,W06,-2,7,1,10,1.897,1.819,2104.96
HY-LOT-04,W06,-2,8,1,10,2.022,1.784,2097.41
HY-LOT-04,W06,-2,9,1,10,2.288,1.789,2130.48
HY-LOT-04,W06,-2,10,1,10,2.301,1.83,2096.37
HY-LOT-04,W06,-2,11,1,10,2.194,1.786,2092.86
HY-LOT-04,W06,-2,12,1,10,2.277,1.795,2092.4
HY-LOT-04,W06,-2,13,1,10,2.072,1.781,2074.11
HY-LOT-04,W06,-2,14,1,10,2.12,1.806,2141.25
HY-LOT-04,W06,-2,15,1,10,1.948,1.807,2108.6
HY-LOT-04,W06,-2,16,1,10,1.961,1.757,2106.39
HY-LOT-04,W06,-2,17,1,10,2.002,1.785,2104.07
HY-LOT-04,W06,-2,18,1,10,1.936,1.759,2124.63
HY-LOT-04,W06,-2,19,1,10,1.967,1.819,2097.19
HY-LOT-04,W06,-1,-19,1,10,1.668,1.821,2135.59
HY-LOT-04,W06,-1,-18,1,10,2.087,1.78,2107.55
HY-LOT-04,W06,-1,-17,1,10,2.242,1.817,2103.3
HY-LOT-04,W06,-1,-16,1,10,2.001,1.768,2109.53
HY-LOT-04,W06,-1,-15,1,10,1.876,1.808,2106.1
HY-LOT-04,W06,-1,-14,1,10,1.817,1.83,2117.64
HY-LOT-04,W06,-1,-13,1,10,2.292,1.792,2123.48
HY-LOT-04,W06,-1,-12,1,10,1.743,1.791,2103.38
HY-LOT-04,W06,-1,-11,1,10,1.834,1.788,2104.54
HY-LOT-04,W06,-1,-10,1,10,2.186,1.774,2082.13
HY-LOT-04,W06,-1,-9,1,10,2.254,1.785,2075.95
HY-LOT-04,W06,-1,-8,1,10,2.223,1.796,2079.08
HY-LOT-04,W06,-1,-7,1,10,2.174,1.789,2109.26
HY-LOT-04,W06,-1,-6,1,10,1.946,1.784,2121.53
HY-LOT-04,W06,-1,-5,1,10,1.486,1.78,2110.82
HY-LOT-04,W06,-1,-4,1,10,1.994,1.793,2109.85
HY-LOT-04,W06,-1,-3,1,10,2.066,1.763,2086.2
HY-LOT-04,W06,-1,-2,1,10,2.278,1.799,2075.55
HY-LOT-04,W06,-1,-1,1,10,2.584,1.823,2103.61
HY-LOT-04,W06,-1,0,1,10,2.23,1.793,2097.36
HY-LOT-04,W06,-1,1,1,10,2.367,1.808,2121.84
HY-LOT-04,W06,-1,2,1,10,2.172,1.819,2098.66
HY-LOT-04,W06,-1,3,1,10,2.364,1.784,2069.81
HY-LOT-04,W06,-1,4,1,10,1.819,1.799,2111
HY-LOT-04,W06,-1,5,1,10,2.204,1.815,2063.37
HY-LOT-04,W06,-1,6,1,10,2.033,1.83,2130.25
HY-LOT-04,W06,-1,7,1,10,2.377,1.814,2104.49
HY-LOT-04,W06,-1,8,1,10,2.046,1.809,2101.54
HY-LOT-04,W06,-1,9,1,10,2.045,1.832,2119.78
HY-LOT-04,W06,-1,10,1,10,2.359,1.792,2107.54
HY-LOT-04,W06,-1,11,1,10,1.748,1.779,2085.55
HY-LOT-04,W06,-1,12,1,10,1.705,1.785,2084.31
HY-LOT-04,W06,-1,13,1,10,2.116,1.785,2089.04
HY-LOT-04,W06,-1,14,1,10,2.065,1.819,2076.82
HY-LOT-04,W06,-1,15,1,10,2.311,1.79,2121.5
HY-LOT-04,W06,-1,16,1,10,2.275,1.779,2120.29
HY-LOT-04,W06,-1,17,1,10,2.237,1.784,2085.4
HY-LOT-04,W06,-1,18,1,10,2.083,1.79,2110.99
HY-LOT-04,W06,-1,19,1,10,2.093,1.792,2110.89
HY-LOT-04,W06,0,-19,1,10,2.105,1.754,2109.75
HY-LOT-04,W06,0,-18,1,10,1.97,1.824,2093.67
HY-LOT-04,W06,0,-17,1,10,2.047,1.792,2079.17
HY-LOT-04,W06,0,-16,1,10,1.915,1.783,2091.76
HY-LOT-04,W06,0,-15,1,10,1.908,1.797,2114.27
HY-LOT-04,W06,0,-14,1,10,2.122,1.808,2106.13
HY-LOT-04,W06,0,-13,1,10,2.2,1.815,2093.98
HY-LOT-04,W06,0,-12,1,10,1.77,1.814,2121.27
HY-LOT-04,W06,0,-11,1,10,2.298,1.808,2115.35
HY-LOT-04,W06,0,-10,1,10,1.926,1.81,2106.31
HY-LOT-04,W06,0,-9,1,10,2.205,1.776,2098.82
HY-LOT-04,W06,0,-8,1,10,2.451,1.792,2083.87
HY-LOT-04,W06,0,-7,1,10,2.132,1.827,2106.38
HY-LOT-04,W06,0,-6,1,10,2.461,1.774,2099.15
HY-LOT-04,W06,0,-5,1,10,2.066,1.788,2094.8
HY-LOT-04,W06,0,-4,1,10,2.347,1.762,2125.47
HY-LOT-04,W06,0,-3,1,10,1.767,1.81,2050.94
HY-LOT-04,W06,0,-2,1,10,2.11,1.782,2121.47
HY-LOT-04,W06,0,-1,1,10,2.008,1.794,2107.26
HY-LOT-04,W06,0,0,1,10,1.71,1.806,2119.94
HY-LOT-04,W06,0,1,1,10,2.288,1.807,2111.3
HY-LOT-04,W06,0,2,1,10,2.21,1.795,2135.09
HY-LOT-04,W06,0,3,1,10,2.014,1.799,2139.81
HY-LOT-04,W06,0,4,1,10,2.103,1.813,2106.67
HY-LOT-04,W06,0,5,1,10,2.079,1.789,2096.61
HY-LOT-04,W06,0,6,1,10,2.222,1.824,2133.49
HY-LOT-04,W06,0,7,1,10,1.798,1.826,2117.14
HY-LOT-04,W06,0,8,1,10,2.514,1.795,2124.29
HY-LOT-04,W06,0,9,1,10,2.169,1.805,2104.19
HY-LOT-04,W06,0,10,1,10,1.869,1.812,2083.4
HY-LOT-04,W06,0,11,1,10,2.063,1.803,2106.28
HY-LOT-04,W06,0,12,1,10,1.809,1.819,2136.86
HY-LOT-04,W06,0,13,1,10,2.384,1.807,2112.19
HY-LOT-04,W06,0,14,1,10,2.043,1.791,2105.68
HY-LOT-04,W06,0,15,1,10,1.86,1.798,2091.9
HY-LOT-04,W06,0,16,1,10,1.875,1.801,2133.52
HY-LOT-04,W06,0,17,1,10,2.103,1.8,2121.16
HY-LOT-04,W06,0,18,1,10,2.431,1.817,2089.64
HY-LOT-04,W06,0,19,2,21,2.047,1.798,2091.43
HY-LOT-04,W06,1,-19,1,10,2.182,1.817,2120.51
HY-LOT-04,W06,1,-18,1,10,2.21,1.792,2074.24
HY-LOT-04,W06,1,-17,1,10,1.678,1.809,2104.46
HY-LOT-04,W06,1,-16,1,10,1.99,1.77,2075.52
HY-LOT-04,W06,1,-15,1,10,2.197,1.809,2102.02
HY-LOT-04,W06,1,-14,1,10,2.42,1.801,2102.13
HY-LOT-04,W06,1,-13,1,10,2.106,1.79,2089
HY-LOT-04,W06,1,-12,1,10,2.299,1.8,2101.92
HY-LOT-04,W06,1,-11,1,10,1.94,1.822,2088.68
HY-LOT-04,W06,1,-10,1,10,2.397,1.811,2069.28
HY-LOT-04,W06,1,-9,1,10,1.99,1.774,2105.28
HY-LOT-04,W06,1,-8,1,10,2.759,1.821,2144.79
HY-LOT-04,W06,1,-7,1,10,1.935,1.805,2090.35
HY-LOT-04,W06,1,-6,1,10,2.33,1.823,2116.52
HY-LOT-04,W06,1,-5,1,10,2.185,1.795,2117.24
HY-LOT-04,W06,1,-4,1,10,1.706,1.795,2101.34
HY-LOT-04,W06,1,-3,1,10,2.316,1.817,2097.62
HY-LOT-04,W06,1,-2,1,10,2.505,1.783,2084.96
HY-LOT-04,W06,1,-1,1,10,2.199,1.791,2093.3
HY-LOT-04,W06,1,0,1,10,1.915,1.804,2085.92
HY-LOT-04,W06,1,1,1,10,1.918,1.814,2105.74
HY-LOT-04,W06,1,2,1,10,2.09,1.797,2099.98
HY-LOT-04,W06,1,3,1,10,2.088,1.807,2101.81
HY-LOT-04,W06,1,4,1,10,2.055,1.791,2087.44
HY-LOT-04,W06,1,5,1,10,2.124,1.792,2093.95
HY-LOT-04,W06,1,6,1,10,2.187,1.815,2148.57
HY-LOT-04,W06,1,7,1,10,2.013,1.808,2089.75
HY-LOT-04,W06,1,8,1,10,2.016,1.798,2114.43
HY-LOT-04,W06,1,9,1,10,2.43,1.8,2102.34
HY-LOT-04,W06,1,10,1,10,2.239,1.766,2109.34
HY-LOT-04,W06,1,11,1,10,2.057,1.836,2120.98
HY-LOT-04,W06,1,12,1,10,2.351,1.819,2085.44
HY-LOT-04,W06,1,13,1,10,1.873,1.8,2087.17
HY-LOT-04,W06,1,14,2,21,1.823,1.784,2089.78
HY-LOT-04,W06,1,15,1,10,2.005,1.8,2085.97
HY-LOT-04,W06,1,16,1,10,1.999,1.807,2117.52
HY-LOT-04,W06,1,17,1,10,2.158,1.82,2107.84
HY-LOT-04,W06,1,18,1,10,1.718,1.781,2120.99
HY-LOT-04,W06,1,19,1,10,2.136,1.781,2098.24
HY-LOT-04,W06,2,-19,1,10,1.943,1.799,2098.44
HY-LOT-04,W06,2,-18,1,10,2.059,1.817,2091.75
HY-LOT-04,W06,2,-17,1,10,1.907,1.807,2107.91
HY-LOT-04,W06,2,-16,1,10,2.334,1.795,2067.77
HY-LOT-04,W06,2,-15,1,10,2.097,1.809,2075.12
HY-LOT-04,W06,2,-14,1,10,2.115,1.801,2087.27
HY-LOT-04,W06,2,-13,1,10,2.07,1.793,2130.76
HY-LOT-04,W06,2,-12,1,10,2.523,1.796,2101.94
HY-LOT-04,W06,2,-11,1,10,2.002,1.813,2111.01
HY-LOT-04,W06,2,-10,1,10,2.082,1.802,2090.8
HY-LOT-04,W06,2,-9,1,10,2.169,1.787,2116.46
HY-LOT-04,W06,2,-8,1,10,1.986,1.793,2079.88
HY-LOT-04,W06,2,-7,1,10,2.177,1.791,2097.88
HY-LOT-04,W06,2,-6,1,10,1.769,1.812,2135.89
HY-LOT-04,W06,2,-5,1,10,2.212,1.77,2093.36
HY-LOT-04,W06,2,-4,1,10,2.37,1.804,2063.04
HY-LOT-04,W06,2,-3,1,10,2.083,1.796,2114.51
HY-LOT-04,W06,2,-2,1,10,2.23,1.781,2071.87
HY-LOT-04,W06,2,-1,1,10,2.048,1.77,2058.68
HY-LOT-04,W06,2,0,1,10,2.124,1.82,2130.76
HY-LOT-04,W06,2,1,1,10,2.236,1.805,2091.32
HY-LOT-04,W06,2,2,1,10,2.008,1.792,2078.37
HY-LOT-04,W06,2,3,1,10,2.418,1.814,2092.14
HY-LOT-04,W06,2,4,1,10,2.253,1.811,2058.08
HY-LOT-04,W06,2,5,1,10,2.222,1.783,2073.26
HY-LOT-04,W06,2,6,1,10,2.102,1.793,2104.68
HY-LOT-04,W06,2,7,1,10,1.856,1.8,2110.24
HY-LOT-04,W06,2,8,1,10,2.164,1.84,2080.83
HY-LOT-04,W06,2,9,1,10,2.203,1.774,2089.11
HY-LOT-04,W06,2,10,1,10,2.038,1.79,2065.41
HY-LOT-04,W06,2,11,1,10,2.214,1.774,2127.62
HY-LOT-04,W06,2,12,1,10,2.208,1.794,2117.11
HY-LOT-04,W06,2,13,1,10,2.251,1.796,2084.58
HY-LOT-04,W06,2,14,1,10,2.271,1.809,2099.98
HY-LOT-04,W06,2,15,1,10,2.344,1.788,2127.31
HY-LOT-04,W06,2,16,1,10,2.227,1.787,2112.83
HY-LOT-04,W06,2,17,1,10,2.09,1.812,2056.14
HY-LOT-04,W06,2,18,1,10,2.319,1.809,2067.66
HY-LOT-04,W06,2,19,1,10,2.491,1.779,2076.88
HY-LOT-04,W06,3,-19,1,10,1.891,1.798,2088.69
HY-LOT-04,W06,3,-18,1,10,1.988,1.818,2122.32
HY-LOT-04,W06,3,-17,1,10,2.124,1.804,2095.24
HY-LOT-04,W06,3,-16,1,10,2.419,1.819,2086.12
HY-LOT-04,W06,3,-15,1,10,2.195,1.82,2088.84
HY-LOT-04,W06,3,-14,1,10,2.354,1.79,2095.83
HY-LOT-04,W06,3,-13,1,10,2.148,1.824,2075.81
HY-LOT-04,W06,3,-12,1,10,1.999,1.834,2105.86
HY-LOT-04,W06,3,-11,1,10,2.235,1.815,2108.37
HY-LOT-04,W06,3,-10,1,10,2.29,1.76,2095.41
HY-LOT-04,W06,3,-9,1,10,1.928,1.81,2137.96
HY-LOT-04,W06,3,-8,1,10,1.938,1.796,2080.56
HY-LOT-04,W06,3,-7,1,10,2.097,1.806,2108.79
HY-LOT-04,W06,3,-6,1,10,1.708,1.786,2099.56
HY-LOT-04,W06,3,-5,1,10,1.595,1.798,2102.8
HY-LOT-04,W06,3,-4,1,10,1.681,1.792,2124.39
HY-LOT-04,W06,3,-3,1,10,2.254,1.803,2112.67
HY-LOT-04,W06,3,-2,1,10,2.4,1.804,2106.77
HY-LOT-04,W06,3,-1,1,10,1.892,1.818,2132.06
HY-LOT-04,W06,3,0,1,10,2.372,1.812,2101.87
HY-LOT-04,W06,3,1,1,10,2.189,1.816,2070.93
HY-LOT-04,W06,3,2,1,10,2.046,1.812,2118.83
HY-LOT-04,W06,3,3,1,10,2.282,1.797,2087.54
HY-LOT-04,W06,3,4,1,10,2.347,1.756,2126.62
HY-LOT-04,W06,3,5,1,10,2.416,1.801,2117.78
HY-LOT-04,W06,3,6,1,10,2.051,1.819,2099.95
HY-LOT-04,W06,3,7,1,10,2.227,1.816,2125.73
HY-LOT-04,W06,3,8,1,10,2.185,1.796,2066.38
HY-LOT-04,W06,3,9,1,10,2.075,1.81,2084.22
HY-LOT-04,W06,3,10,1,10,1.83,1.782,2088.41
HY-LOT-04,W06,3,11,1,10,2.227,1.822,2088.7
HY-LOT-04,W06,3,12,1,10,1.948,1.767,2117.29
HY-LOT-04,W06,3,13,1,10,2.014,1.781,2116.94
HY-LOT-04,W06,3,14,1,10,2.291,1.776,2099.48
HY-LOT-04,W06,3,15,1,10,2.126,1.776,2093.09
HY-LOT-04,W06,3,16,1,10,2.098,1.807,2106.91
HY-LOT-04,W06,3,17,1,10,2.309,1.793,2111.24
HY-LOT-04,W06,3,18,1,10,2.268,1.791,2104.83
HY-LOT-04,W06,3,19,1,10,2.506,1.827,2107.73
HY-LOT-04,W06,4,-18,1,10,2.156,1.795,2077.49
HY-LOT-04,W06,4,-17,1,10,2.426,1.776,2097.82
HY-LOT-04,W06,4,-16,1,10,2.245,1.835,2080.12
HY-LOT-04,W06,4,-15,1,10,1.852,1.757,2091.48
HY-LOT-04,W06,4,-14,1,10,2.088,1.793,2088.15
HY-LOT-04,W06,4,-13,1,10,2.054,1.801,2085.72
HY-LOT-04,W06,4,-12,1,10,2.187,1.814,2074.8
HY-LOT-04,W06,4,-11,1,10,2.231,1.808,2114.64
HY-LOT-04,W06,4,-10,1,10,2.318,1.794,2087.54
HY-LOT-04,W06,4,-9,1,10,1.908,1.809,2099.22
HY-LOT-04,W06,4,-8,1,10,2.319,1.812,2080.5
HY-LOT-04,W06,4,-7,1,10,1.99,1.826,2110.65
HY-LOT-04,W06,4,-6,1,10,2.054,1.787,2090.28
HY-LOT-04,W06,4,-5,1,10,1.899,1.837,2061.15
HY-LOT-04,W06,4,-4,1,10,2.115,1.755,2085.45
HY-LOT-04,W06,4,-3,1,10,2.3,1.788,2103.14
HY-LOT-04,W06,4,-2,1,10,1.854,1.8,2113.73
HY-LOT-04,W06,4,-1,1,10,2.413,1.8,2080.13
HY-LOT-04,W06,4,0,1,10,1.737,1.805,2116.73
HY-LOT-04,W06,4,1,1,10,2.149,1.792,2093.41
HY-LOT-04,W06,4,2,1,10,2.48,1.793,2099.71
HY-LOT-04,W06,4,3,1,10,1.975,1.807,2086.73
HY-LOT-04,W06,4,4,1,10,2.456,1.793,2121
HY-LOT-04,W06,4,5,1,10,2.01,1.825,2118.71
HY-LOT-04,W06,4,6,1,10,1.696,1.787,2121.68
HY-LOT-04,W06,4,7,1,10,2.279,1.815,2107.05
HY-LOT-04,W06,4,8,1,10,2.344,1.805,2101.25
HY-LOT-04,W06,4,9,1,10,2.241,1.812,2137.36
HY-LOT-04,W06,4,10,1,10,2.151,1.801,2094.35
HY-LOT-04,W06,4,11,1,10,2.051,1.78,2084.22
HY-LOT-04,W06,4,12,1,10,2.166,1.824,2076.99
HY-LOT-04,W06,4,13,1,10,1.975,1.813,2078.21
HY-LOT-04,W06,4,14,1,10,2.261,1.77,2120.07
HY-LOT-04,W06,4,15,1,10,2.495,1.815,2097.83
HY-LOT-04,W06,4,16,1,10,2.274,1.796,2077.41
HY-LOT-04,W06,4,17,2,21,2.228,1.808,2129.35
HY-LOT-04,W06,4,18,1,10,2.104,1.81,2097.59
HY-LOT-04,W06,5,-18,1,10,1.861,1.791,2091.57
HY-LOT-04,W06,5,-17,1,10,2.103,1.813,2095.4
HY-LOT-04,W06,5,-16,1,10,1.783,1.807,2100.04
HY-LOT-04,W06,5,-15,1,10,1.979,1.795,2100.2
HY-LOT-04,W06,5,-14,1,10,2.06,1.822,2097.46
HY-LOT-04,W06,5,-13,1,10,2.251,1.788,2102.05
HY-LOT-04,W06,5,-12,1,10,2.62,1.822,2090.7
HY-LOT-04,W06,5,-11,1,10,2.085,1.82,2113.86
HY-LOT-04,W06,5,-10,1,10,2.018,1.817,2072.96
HY-LOT-04,W06,5,-9,1,10,2.109,1.79,2103.35
HY-LOT-04,W06,5,-8,1,10,1.988,1.808,2125.52
HY-LOT-04,W06,5,-7,1,10,1.994,1.803,2085.66
HY-LOT-04,W06,5,-6,1,10,1.861,1.804,2120.27
HY-LOT-04,W06,5,-5,1,10,2.043,1.823,2099.57
HY-LOT-04,W06,5,-4,1,10,2.148,1.758,2108.5
HY-LOT-04,W06,5,-3,1,10,1.784,1.799,2106.3
HY-LOT-04,W06,5,-2,1,10,2.352,1.795,2105.1
HY-LOT-04,W06,5,-1,1,10,2.094,1.81,2098.07
HY-LOT-04,W06,5,0,1,10,1.965,1.8,2089.72
HY-LOT-04,W06,5,1,1,10,1.799,1.801,2090.05
HY-LOT-04,W06,5,2,1,10,2.224,1.792,2116.52
HY-LOT-04,W06,5,3,1,10,2.16,1.806,2069.75
HY-LOT-04,W06,5,4,1,10,2.255,1.808,2069.71
HY-LOT-04,W06,5,5,1,10,1.992,1.803,2072.99
HY-LOT-04,W06,5,6,1,10,1.884,1.779,2095.13
HY-LOT-04,W06,5,7,1,10,2.212,1.793,2117.43
HY-LOT-04,W06,5,8,1,10,1.816,1.773,2081.25
HY-LOT-04,W06,5,9,1,10,2.35,1.805,2109.07
HY-LOT-04,W06,5,10,1,10,2,1.791,2097.99
HY-LOT-04,W06,5,11,1,10,2.207,1.852,2098.38
HY-LOT-04,W06,5,12,1,10,2.067,1.811,2101.12
HY-LOT-04,W06,5,13,1,10,2.026,1.811,2087.26
HY-LOT-04,W06,5,14,1,10,2.455,1.801,2115.91
HY-LOT-04,W06,5,15,1,10,2.221,1.782,2068.03
HY-LOT-04,W06,5,16,2,21,2.323,1.779,2091.28
HY-LOT-04,W06,5,17,1,10,2.287,1.799,2114
HY-LOT-04,W06,5,18,1,10,2.208,1.783,2077.01
HY-LOT-04,W06,6,-18,1,10,1.883,1.863,2105.2
HY-LOT-04,W06,6,-17,1,10,2.099,1.826,2087.43
HY-LOT-04,W06,6,-16,1,10,2.464,1.802,2057.11
HY-LOT-04,W06,6,-15,1,10,1.971,1.795,2120.03
HY-LOT-04,W06,6,-14,1,10,2.175,1.795,2090.97
HY-LOT-04,W06,6,-13,1,10,2.31,1.792,2114.45
HY-LOT-04,W06,6,-12,1,10,2.181,1.817,2102.57
HY-LOT-04,W06,6,-11,1,10,2.001,1.792,2084.07
HY-LOT-04,W06,6,-10,1,10,2.018,1.827,2088.53
HY-LOT-04,W06,6,-9,1,10,2.044,1.78,2103.68
HY-LOT-04,W06,6,-8,1,10,2.224,1.79,2111.99
HY-LOT-04,W06,6,-7,1,10,2.081,1.826,2065.98
HY-LOT-04,W06,6,-6,1,10,2.202,1.758,2095.13
HY-LOT-04,W06,6,-5,1,10,2.654,1.814,2094.51
HY-LOT-04,W06,6,-4,1,10,1.996,1.807,2082.73
HY-LOT-04,W06,6,-3,1,10,2.177,1.819,2114.69
HY-LOT-04,W06,6,-2,1,10,2.377,1.793,2068.64
HY-LOT-04,W06,6,-1,1,10,2.117,1.81,2093.43
HY-LOT-04,W06,6,0,1,10,1.968,1.798,2091.2
HY-LOT-04,W06,6,1,1,10,1.844,1.824,2091.59
HY-LOT-04,W06,6,2,1,10,2.016,1.758,2118.68
HY-LOT-04,W06,6,3,1,10,2.186,1.81,2096.64
HY-LOT-04,W06,6,4,1,10,1.981,1.796,2117.67
HY-LOT-04,W06,6,5,1,10,2.218,1.792,2098.27
HY-LOT-04,W06,6,6,1,10,2.286,1.807,2080.87
HY-LOT-04,W06,6,7,1,10,2.108,1.801,2122.18
HY-LOT-04,W06,6,8,1,10,1.88,1.785,2089.25
HY-LOT-04,W06,6,9,1,10,1.93,1.802,2088.44
HY-LOT-04,W06,6,10,1,10,2.403,1.811,2095.53
HY-LOT-04,W06,6,11,1,10,2.078,1.799,2070.42
HY-LOT-04,W06,6,12,1,10,2.34,1.77,2109.62
HY-LOT-04,W06,6,13,1,10,1.918,1.789,2097.72
HY-LOT-04,W06,6,14,1,10,2.358,1.767,2074.05
HY-LOT-04,W06,6,15,1,10,2.488,1.829,2108.14
HY-LOT-04,W06,6,16,1,10,1.886,1.776,2110.13
HY-LOT-04,W06,6,17,1,10,2.164,1.784,2091.67
HY-LOT-04,W06,6,18,1,10,1.985,1.777,2103.11
HY-LOT-04,W06,7,-17,1,10,2.318,1.807,2117.27
HY-LOT-04,W06,7,-16,1,10,1.806,1.801,2102.64
HY-LOT-04,W06,7,-15,1,10,1.911,1.791,2103.01
HY-LOT-04,W06,7,-14,1,10,1.984,1.802,2089.17
HY-LOT-04,W06,7,-13,1,10,2.383,1.819,2133.98
HY-LOT-04,W06,7,-12,1,10,1.717,1.808,2129.41
HY-LOT-04,W06,7,-11,1,10,1.85,1.792,2129.02
HY-LOT-04,W06,7,-10,1,10,2.203,1.791,2104.2
HY-LOT-04,W06,7,-9,1,10,2.373,1.792,2094.26
HY-LOT-04,W06,7,-8,1,10,1.834,1.798,2097.67
HY-LOT-04,W06,7,-7,1,10,2.097,1.801,2114.54
HY-LOT-04,W06,7,-6,1,10,2.298,1.791,2092.57
HY-LOT-04,W06,7,-5,1,10,1.99,1.791,2111.82
HY-LOT-04,W06,7,-4,1,10,2.166,1.814,2057.31
HY-LOT-04,W06,7,-3,1,10,2.131,1.811,2087.57
HY-LOT-04,W06,7,-2,1,10,2.354,1.76,2088.06
HY-LOT-04,W06,7,-1,1,10,2.04,1.818,2119.19
HY-LOT-04,W06,7,0,1,10,2.075,1.805,2093.06
HY-LOT-04,W06,7,1,1,10,2.256,1.814,2105.25
HY-LOT-04,W06,7,2,1,10,2.183,1.789,2109.36
HY-LOT-04,W06,7,3,1,10,2.155,1.845,2093.63
HY-LOT-04,W06,7,4,1,10,1.941,1.799,2091.12
HY-LOT-04,W06,7,5,1,10,2.181,1.762,2089.82
HY-LOT-04,W06,7,6,1,10,1.917,1.791,2108.74
HY-LOT-04,W06,7,7,1,10,2.2,1.776,2110.68
HY-LOT-04,W06,7,8,1,10,2.247,1.791,2083.75
HY-LOT-04,W06,7,9,1,10,2.255,1.813,2100.38
HY-LOT-04,W06,7,10,1,10,2.234,1.786,2092.16
HY-LOT-04,W06,7,11,1,10,2.189,1.779,2104.93
HY-LOT-04,W06,7,12,1,10,2.056,1.791,2104.31
HY-LOT-04,W06,7,13,1,10,2.157,1.788,2087.35
HY-LOT-04,W06,7,14,1,10,2.08,1.797,2064.57
HY-LOT-04,W06,7,15,1,10,2.028,1.777,2097.47
HY-LOT-04,W06,7,16,1,10,2.189,1.804,2106.41
HY-LOT-04,W06,7,17,1,10,2.237,1.761,2107.01
HY-LOT-04,W06,8,-17,1,10,2.543,1.822,2095.3
HY-LOT-04,W06,8,-16,1,10,2.248,1.765,2084.47
HY-LOT-04,W06,8,-15,1,10,2.158,1.762,2151.95
HY-LOT-04,W06,8,-14,1,10,1.833,1.819,2092.93
HY-LOT-04,W06,8,-13,1,10,1.923,1.784,2102.92
HY-LOT-04,W06,8,-12,1,10,2.137,1.842,2085.29
HY-LOT-04,W06,8,-11,1,10,2.276,1.802,2097.2
HY-LOT-04,W06,8,-10,1,10,2.675,1.769,2061
HY-LOT-04,W06,8,-9,1,10,2.05,1.817,2111.46
HY-LOT-04,W06,8,-8,1,10,2.083,1.816,2107.55
HY-LOT-04,W06,8,-7,1,10,2.14,1.786,2099.75
HY-LOT-04,W06,8,-6,1,10,2.339,1.785,2105.34
HY-LOT-04,W06,8,-5,1,10,2.082,1.804,2106.55
HY-LOT-04,W06,8,-4,1,10,2.035,1.785,2074.91
HY-LOT-04,W06,8,-3,1,10,2.175,1.777,2126.7
HY-LOT-04,W06,8,-2,1,10,2.29,1.78,2097.3
HY-LOT-04,W06,8,-1,1,10,2.366,1.843,2073.91
HY-LOT-04,W06,8,0,1,10,2.025,1.822,2072.65
HY-LOT-04,W06,8,1,1,10,2.206,1.792,2124.1
HY-LOT-04,W06,8,2,1,10,1.689,1.81,2082.02
HY-LOT-04,W06,8,3,1,10,2.222,1.799,2127.79
HY-LOT-04,W06,8,4,1,10,2.515,1.776,2118.13
HY-LOT-04,W06,8,5,1,10,1.6,1.778,2107.82
HY-LOT-04,W06,8,6,1,10,2.021,1.794,2116.03
HY-LOT-04,W06,8,7,1,10,1.888,1.813,2092.98
HY-LOT-04,W06,8,8,1,10,2.025,1.807,2087.12
HY-LOT-04,W06,8,9,1,10,2.023,1.814,2063.03
HY-LOT-04,W06,8,10,1,10,2.194,1.789,2118.92
HY-LOT-04,W06,8,11,1,10,2.142,1.812,2097.27
HY-LOT-04,W06,8,12,1,10,2.368,1.797,2097.88
HY-LOT-04,W06,8,13,1,10,2.07,1.809,2087.92
HY-LOT-04,W06,8,14,1,10,2.218,1.785,2091.99
HY-LOT-04,W06,8,15,1,10,2.187,1.802,2071.96
HY-LOT-04,W06,8,16,1,10,1.939,1.808,2123.65
HY-LOT-04,W06,8,17,1,10,2.398,1.815,2102.43
HY-LOT-04,W06,9,-17,1,10,1.815,1.804,2087.92
HY-LOT-04,W06,9,-16,1,10,2.007,1.788,2115.25
HY-LOT-04,W06,9,-15,1,10,2.047,1.803,2089.75
HY-LOT-04,W06,9,-14,1,10,2.332,1.805,2115.53
HY-LOT-04,W06,9,-13,1,10,2.136,1.8,2072.05
HY-LOT-04,W06,9,-12,1,10,2.079,1.781,2065.56
HY-LOT-04,W06,9,-11,1,10,1.935,1.819,2085.63
HY-LOT-04,W06,9,-10,1,10,1.946,1.814,2119.55
HY-LOT-04,W06,9,-9,1,10,2.136,1.817,2047.98
HY-LOT-04,W06,9,-8,1,10,2.158,1.797,2114.47
HY-LOT-04,W06,9,-7,1,10,2.303,1.814,2085.92
HY-LOT-04,W06,9,-6,1,10,2.487,1.816,2098.44
HY-LOT-04,W06,9,-5,1,10,2.626,1.785,2097.39
HY-LOT-04,W06,9,-4,1,10,2.311,1.808,2087.62
HY-LOT-04,W06,9,-3,1,10,1.994,1.788,2085.58
HY-LOT-04,W06,9,-2,1,10,2.074,1.776,2102.69
HY-LOT-04,W06,9,-1,1,10,2.254,1.794,2099.58
HY-LOT-04,W06,9,0,1,10,2.294,1.829,2091.7
HY-LOT-04,W06,9,1,1,10,1.942,1.762,2098.1
HY-LOT-04,W06,9,2,1,10,2.028,1.798,2102.43
HY-LOT-04,W06,9,3,1,10,2.296,1.81,2075.47
HY-LOT-04,W06,9,4,1,10,1.714,1.803,2109.4
HY-LOT-04,W06,9,5,1,10,2.037,1.79,2075.92
HY-LOT-04,W06,9,6,1,10,2.179,1.78,2082.86
HY-LOT-04,W06,9,7,1,10,2.445,1.795,2104.8
HY-LOT-04,W06,9,8,1,10,1.916,1.791,2107.35
HY-LOT-04,W06,9,9,1,10,2.407,1.784,2109.11
HY-LOT-04,W06,9,10,1,10,2.034,1.796,2090.95
HY-LOT-04,W06,9,11,1,10,1.979,1.788,2070.47
HY-LOT-04,W06,9,12,1,10,1.828,1.794,2093.91
HY-LOT-04,W06,9,13,1,10,2.038,1.815,2094.84
HY-LOT-04,W06,9,14,1,10,1.982,1.776,2100.17
HY-LOT-04,W06,9,15,1,10,2.105,1.791,2113.41
HY-LOT-04,W06,9,16,1,10,1.944,1.819,2102.88
HY-LOT-04,W06,9,17,1,10,1.906,1.788,2095.55
HY-LOT-04,W06,10,-16,1,10,2.12,1.797,2090.91
HY-LOT-04,W06,10,-15,1,10,1.99,1.788,2082.03
HY-LOT-04,W06,10,-14,1,10,1.972,1.794,2118.49
HY-LOT-04,W06,10,-13,1,10,2.177,1.817,2115.71
HY-LOT-04,W06,10,-12,1,10,2.118,1.787,2090.45
HY-LOT-04,W06,10,-11,1,10,1.756,1.79,2068.97
HY-LOT-04,W06,10,-10,1,10,2.197,1.831,2102.01
HY-LOT-04,W06,10,-9,1,10,2.054,1.805,2103.95
HY-LOT-04,W06,10,-8,1,10,1.926,1.811,2106.97
HY-LOT-04,W06,10,-7,1,10,2.558,1.802,2081.03
HY-LOT-04,W06,10,-6,1,10,2.184,1.789,2104.99
HY-LOT-04,W06,10,-5,1,10,1.769,1.784,2085.2
HY-LOT-04,W06,10,-4,1,10,1.891,1.829,2067.15
HY-LOT-04,W06,10,-3,1,10,2.02,1.802,2099.31
HY-LOT-04,W06,10,-2,1,10,2.09,1.804,2095.41
HY-LOT-04,W06,10,-1,1,10,2.389,1.836,2115.31
HY-LOT-04,W06,10,0,1,10,2.496,1.767,2099.69
HY-LOT-04,W06,10,1,1,10,2.259,1.793,2071.35
HY-LOT-04,W06,10,2,1,10,2.557,1.803,2105.86
HY-LOT-04,W06,10,3,1,10,2.251,1.779,2092.01
HY-LOT-04,W06,10,4,1,10,2.279,1.81,2100.68
HY-LOT-04,W06,10,5,1,10,2.24,1.784,2110.44
HY-LOT-04,W06,10,6,1,10,1.937,1.772,2084.88
HY-LOT-04,W06,10,7,1,10,1.775,1.769,2101.16
HY-LOT-04,W06,10,8,1,10,1.833,1.785,2108.38
HY-LOT-04,W06,10,9,1,10,1.928,1.811,2068.9
HY-LOT-04,W06,10,10,1,10,2.216,1.818,2103.9
HY-LOT-04,W06,10,11,1,10,2.206,1.784,2094.4
HY-LOT-04,W06,10,12,1,10,2.059,1.808,2106.37
HY-LOT-04,W06,10,13,1,10,1.799,1.77,2117.88
HY-LOT-04,W06,10,14,1,10,2.028,1.781,2106.03
HY-LOT-04,W06,10,15,1,10,1.961,1.791,2122.67
HY-LOT-04,W06,10,16,1,10,2.066,1.775,2117.62
HY-LOT-04,W06,11,-15,1,10,2.263,1.813,2111.92
HY-LOT-04,W06,11,-14,1,10,1.907,1.815,2108.18
HY-LOT-04,W06,11,-13,1,10,2.2,1.821,2119.65
HY-LOT-04,W06,11,-12,1,10,2.22,1.776,2113.79
HY-LOT-04,W06,11,-11,1,10,2.643,1.816,2111.35
HY-LOT-04,W06,11,-10,1,10,2.14,1.797,2115.71
HY-LOT-04,W06,11,-9,1,10,1.861,1.804,2101.22
HY-LOT-04,W06,11,-8,1,10,2.547,1.826,2153.97
HY-LOT-04,W06,11,-7,1,10,1.986,1.752,2106.57
HY-LOT-04,W06,11,-6,1,10,2.039,1.776,2089.82
HY-LOT-04,W06,11,-5,1,10,2.084,1.857,2119.36
HY-LOT-04,W06,11,-4,1,10,2.189,1.786,2106.22
HY-LOT-04,W06,11,-3,1,10,2.359,1.796,2111.75
HY-LOT-04,W06,11,-2,1,10,2.144,1.817,2093.54
HY-LOT-04,W06,11,-1,1,10,1.981,1.791,2143.15
HY-LOT-04,W06,11,0,1,10,2.062,1.773,2118.08
HY-LOT-04,W06,11,1,1,10,2.216,1.786,2047.72
HY-LOT-04,W06,11,2,1,10,2.055,1.815,2100.08
HY-LOT-04,W06,11,3,1,10,1.953,1.805,2120.47
HY-LOT-04,W06,11,4,1,10,2.152,1.797,2096.21
HY-LOT-04,W06,11,5,1,10,2.087,1.792,2080.23
HY-LOT-04,W06,11,6,1,10,2.138,1.826,2106.94
HY-LOT-04,W06,11,7,1,10,2.225,1.803,2092.06
HY-LOT-04,W06,11,8,1,10,2.08,1.797,2104.37
HY-LOT-04,W06,11,9,1,10,2.041,1.816,2099.29
HY-LOT-04,W06,11,10,1,10,1.96,1.759,2091.92
HY-LOT-04,W06,11,11,1,10,2.148,1.822,2067.42
HY-LOT-04,W06,11,12,1,10,2.559,1.778,2120.17
HY-LOT-04,W06,11,13,1,10,1.817,1.8,2071.38
HY-LOT-04,W06,11,14,1,10,1.917,1.792,2110.87
HY-LOT-04,W06,11,15,1,10,2.007,1.795,2093.99
HY-LOT-04,W06,12,-15,1,10,2.104,1.83,2113.02
HY-LOT-04,W06,12,-14,1,10,2.271,1.795,2120.42
HY-LOT-04,W06,12,-13,1,10,1.672,1.791,2108.26
HY-LOT-04,W06,12,-12,1,10,1.891,1.786,2134.54
HY-LOT-04,W06,12,-11,1,10,2.046,1.789,2114.12
HY-LOT-04,W06,12,-10,1,10,2.065,1.788,2094.76
HY-LOT-04,W06,12,-9,1,10,2.115,1.806,2081.18
HY-LOT-04,W06,12,-8,1,10,2.1,1.815,2066.09
HY-LOT-04,W06,12,-7,1,10,2.1,1.827,2111.8
HY-LOT-04,W06,12,-6,1,10,1.893,1.806,2098.62
HY-LOT-04,W06,12,-5,1,10,2.247,1.798,2097.01
HY-LOT-04,W06,12,-4,1,10,1.873,1.78,2063.75
HY-LOT-04,W06,12,-3,1,10,2.248,1.843,2102.93
HY-LOT-04,W06,12,-2,1,10,2.21,1.785,2136.29
HY-LOT-04,W06,12,-1,1,10,2.215,1.824,2119.65
HY-LOT-04,W06,12,0,1,10,2.029,1.816,2062.54
HY-LOT-04,W06,12,1,1,10,1.926,1.793,2107.91
HY-LOT-04,W06,12,2,1,10,2.38,1.797,2083.75
HY-LOT-04,W06,12,3,1,10,2.101,1.835,2090.34
HY-LOT-04,W06,12,4,1,10,2.158,1.828,2103.55
HY-LOT-04,W06,12,5,1,10,2.274,1.828,2091.96
HY-LOT-04,W06,12,6,1,10,1.88,1.79,2120.23
HY-LOT-04,W06,12,7,1,10,2.222,1.8,2075.04
HY-LOT-04,W06,12,8,1,10,2.046,1.816,2106.31
HY-LOT-04,W06,12,9,1,10,2.07,1.847,2087.39
HY-LOT-04,W06,12,10,1,10,1.982,1.812,2083.05
HY-LOT-04,W06,12,11,1,10,2.322,1.823,2102.76
HY-LOT-04,W06,12,12,1,10,1.825,1.778,2097.8
HY-LOT-04,W06,12,13,1,10,2.283,1.772,2086.5
HY-LOT-04,W06,12,14,1,10,1.972,1.83,2096.73
HY-LOT-04,W06,12,15,1,10,2.015,1.776,2086.68
HY-LOT-04,W06,13,-14,1,10,2.224,1.781,2072.95
HY-LOT-04,W06,13,-13,1,10,1.862,1.781,2087.04
HY-LOT-04,W06,13,-12,1,10,2.053,1.808,2132.91
HY-LOT-04,W06,13,-11,1,10,2.228,1.81,2116.67
HY-LOT-04,W06,13,-10,1,10,1.803,1.808,2101.63
HY-LOT-04,W06,13,-9,1,10,2.323,1.786,2122.27
HY-LOT-04,W06,13,-8,1,10,2.332,1.801,2082.34
HY-LOT-04,W06,13,-7,1,10,2.116,1.813,2091.04
HY-LOT-04,W06,13,-6,1,10,2.042,1.84,2114.13
HY-LOT-04,W06,13,-5,1,10,1.922,1.803,2109.67
HY-LOT-04,W06,13,-4,1,10,1.849,1.778,2052.72
HY-LOT-04,W06,13,-3,1,10,1.891,1.801,2055.58
HY-LOT-04,W06,13,-2,1,10,2.306,1.808,2079.95
HY-LOT-04,W06,13,-1,1,10,2.152,1.837,2102.95
HY-LOT-04,W06,13,0,1,10,1.854,1.801,2088.74
HY-LOT-04,W06,13,1,1,10,2.003,1.816,2077.79
HY-LOT-04,W06,13,2,1,10,2.114,1.78,2148.22
HY-LOT-04,W06,13,3,1,10,2.315,1.792,2105.06
HY-LOT-04,W06,13,4,1,10,2.399,1.793,2097.58
HY-LOT-04,W06,13,5,1,10,2.111,1.814,2111.64
HY-LOT-04,W06,13,6,1,10,2.218,1.797,2113.76
HY-LOT-04,W06,13,7,1,10,2.337,1.788,2082.12
HY-LOT-04,W06,13,8,1,10,2.415,1.813,2067.79
HY-LOT-04,W06,13,9,1,10,2.415,1.828,2101.12
HY-LOT-04,W06,13,10,1,10,2.06,1.803,2123.71
HY-LOT-04,W06,13,11,1,10,2.231,1.845,2090.36
HY-LOT-04,W06,13,12,1,10,2.12,1.812,2089.32
HY-LOT-04,W06,13,13,1,10,2.06,1.777,2067.15
HY-LOT-04,W06,13,14,1,10,1.887,1.801,2098.58
HY-LOT-04,W06,14,-13,1,10,1.839,1.779,2082.31
HY-LOT-04,W06,14,-12,1,10,2.376,1.802,2098.27
HY-LOT-04,W06,14,-11,1,10,2.467,1.778,2107.12
HY-LOT-04,W06,14,-10,1,10,2.038,1.785,2111.09
HY-LOT-04,W06,14,-9,1,10,2.157,1.827,2114.05
HY-LOT-04,W06,14,-8,1,10,2.082,1.798,2096.08
HY-LOT-04,W06,14,-7,1,10,1.928,1.776,2118.45
HY-LOT-04,W06,14,-6,1,10,1.905,1.769,2083.33
HY-LOT-04,W06,14,-5,1,10,2.388,1.821,2093.13
HY-LOT-04,W06,14,-4,1,10,2.12,1.819,2069.95
HY-LOT-04,W06,14,-3,1,10,2.117,1.799,2115.41
HY-LOT-04,W06,14,-2,1,10,2.067,1.828,2071.79
HY-LOT-04,W06,14,-1,1,10,2.21,1.791,2083.83
HY-LOT-04,W06,14,0,1,10,1.958,1.816,2147.52
HY-LOT-04,W06,14,1,1,10,2.231,1.815,2079.16
HY-LOT-04,W06,14,2,1,10,2.235,1.817,2135.75
HY-LOT-04,W06,14,3,1,10,2.083,1.816,2103.63
HY-LOT-04,W06,14,4,1,10,2.081,1.823,2121.25
HY-LOT-04,W06,14,5,1,10,2.17,1.788,2108.43
HY-LOT-04,W06,14,6,1,10,2.084,1.811,2126.68
HY-LOT-04,W06,14,7,1,10,2.197,1.833,2128.53
HY-LOT-04,W06,14,8,1,10,2.467,1.791,2074.35
HY-LOT-04,W06,14,9,1,10,1.808,1.815,2088.76
HY-LOT-04,W06,14,10,1,10,1.848,1.772,2133.04
HY-LOT-04,W06,14,11,1,10,2.261,1.791,2083.8
HY-LOT-04,W06,14,12,1,10,1.649,1.77,2105.01
HY-LOT-04,W06,14,13,1,10,2.023,1.836,2103.79
HY-LOT-04,W06,15,-12,1,10,1.989,1.811,2120.62
HY-LOT-04,W06,15,-11,1,10,1.804,1.811,2146.77
HY-LOT-04,W06,15,-10,1,10,2.464,1.792,2113.06
HY-LOT-04,W06,15,-9,1,10,2.285,1.803,2096.05
HY-LOT-04,W06,15,-8,1,10,2.053,1.823,2121.52
HY-LOT-04,W06,15,-7,1,10,2.612,1.84,2110.5
HY-LOT-04,W06,15,-6,1,10,2.23,1.797,2105.31
HY-LOT-04,W06,15,-5,1,10,1.978,1.82,2092.25
HY-LOT-04,W06,15,-4,1,10,2.14,1.806,2074.16
HY-LOT-04,W06,15,-3,1,10,1.885,1.812,2080.6
HY-LOT-04,W06,15,-2,1,10,2.231,1.822,2104.08
HY-LOT-04,W06,15,-1,1,10,2.141,1.811,2097.97
HY-LOT-04,W06,15,0,1,10,2.394,1.796,2117.45
HY-LOT-04,W06,15,1,1,10,1.944,1.783,2121.28
HY-LOT-04,W06,15,2,1,10,2.219,1.79,2111.75
HY-LOT-04,W06,15,3,1,10,2.053,1.805,2123.81
HY-LOT-04,W06,15,4,1,10,2.127,1.798,2108.23
HY-LOT-04,W06,15,5,1,10,2.154,1.797,2084.58
HY-LOT-04,W06,15,6,1,10,2.019,1.814,2066.8
HY-LOT-04,W06,15,7,1,10,2.109,1.846,2083.84
HY-LOT-04,W06,15,8,1,10,1.896,1.806,2091.88
HY-LOT-04,W06,15,9,1,10,2.343,1.768,2118.85
HY-LOT-04,W06,15,10,1,10,2.209,1.825,2091.11
HY-LOT-04,W06,15,11,1,10,2.273,1.815,2093.97
HY-LOT-04,W06,15,12,1,10,2.346,1.851,2085.51
HY-LOT-04,W06,16,-10,1,10,2.364,1.779,2115.5
HY-LOT-04,W06,16,-9,1,10,2.199,1.812,2086.38
HY-LOT-04,W06,16,-8,1,10,1.791,1.814,2088.38
HY-LOT-04,W06,16,-7,1,10,2.366,1.793,2073.02
HY-LOT-04,W06,16,-6,1,10,2.111,1.803,2079.35
HY-LOT-04,W06,16,-5,1,10,2.198,1.794,2118.35
HY-LOT-04,W06,16,-4,1,10,1.711,1.81,2088.82
HY-LOT-04,W06,16,-3,1,10,1.876,1.796,2086.5
HY-LOT-04,W06,16,-2,1,10,2.361,1.819,2092.83
HY-LOT-04,W06,16,-1,1,10,2.044,1.775,2114.04
HY-LOT-04,W06,16,0,1,10,2.278,1.821,2108.7
HY-LOT-04,W06,16,1,1,10,1.951,1.792,2086.43
HY-LOT-04,W06,16,2,1,10,1.99,1.809,2099.12
HY-LOT-04,W06,16,3,1,10,2.135,1.796,2118.14
HY-LOT-04,W06,16,4,1,10,2.003,1.777,2102.15
HY-LOT-04,W06,16,5,1,10,2.239,1.794,2091.23
HY-LOT-04,W06,16,6,1,10,2.167,1.801,2113.64
HY-LOT-04,W06,16,7,1,10,2.423,1.815,2121.29
HY-LOT-04,W06,16,8,1,10,2.027,1.797,2119.54
HY-LOT-04,W06,16,9,1,10,1.886,1.79,2083.69
HY-LOT-04,W06,16,10,1,10,2.672,1.794,2087.21
HY-LOT-04,W06,17,-9,1,10,2.206,1.81,2109.38
HY-LOT-04,W06,17,-8,1,10,1.664,1.768,2105.8
HY-LOT-04,W06,17,-7,1,10,2.065,1.78,2042.49
HY-LOT-04,W06,17,-6,1,10,2.554,1.826,2084.38
HY-LOT-04,W06,17,-5,1,10,2.146,1.764,2115.47
HY-LOT-04,W06,17,-4,1,10,1.729,1.809,2094.65
HY-LOT-04,W06,17,-3,1,10,2.007,1.81,2105.8
HY-LOT-04,W06,17,-2,1,10,2.1,1.79,2114.88
HY-LOT-04,W06,17,-1,1,10,1.991,1.805,2124.13
HY-LOT-04,W06,17,0,1,10,2.164,1.788,2147.91
HY-LOT-04,W06,17,1,1,10,2.37,1.781,2104.72
HY-LOT-04,W06,17,2,1,10,2.388,1.798,2083.71
HY-LOT-04,W06,17,3,1,10,2.164,1.831,2087.18
HY-LOT-04,W06,17,4,1,10,2.053,1.797,2106.83
HY-LOT-04,W06,17,5,1,10,2.024,1.778,2106.77
HY-LOT-04,W06,17,6,1,10,2.282,1.804,2102.29
HY-LOT-04,W06,17,7,1,10,1.882,1.806,2069.08
HY-LOT-04,W06,17,8,1,10,1.908,1.825,2084.52
HY-LOT-04,W06,17,9,1,10,2.014,1.799,2098.62
HY-LOT-04,W06,18,-6,1,10,1.955,1.801,2119.72
HY-LOT-04,W06,18,-5,1,10,2.274,1.796,2092.41
HY-LOT-04,W06,18,-4,1,10,2.294,1.763,2093.21
HY-LOT-04,W06,18,-3,1,10,1.956,1.79,2092.04
HY-LOT-04,W06,18,-2,1,10,1.899,1.803,2101.32
HY-LOT-04,W06,18,-1,1,10,2.17,1.808,2093.82
HY-LOT-04,W06,18,0,1,10,2.432,1.789,2088.28
HY-LOT-04,W06,18,1,1,10,2.161,1.804,2070.39
HY-LOT-04,W06,18,2,1,10,2.156,1.791,2125.22
HY-LOT-04,W06,18,3,1,10,2.272,1.784,2110.54
HY-LOT-04,W06,18,4,1,10,2.117,1.822,2107.75
HY-LOT-04,W06,18,5,1,10,1.904,1.817,2076.49
HY-LOT-04,W06,18,6,1,10,1.729,1.806,2091.31
HY-LOT-04,W06,19,-3,1,10,2.346,1.799,2105.68
HY-LOT-04,W06,19,-2,1,10,2.224,1.809,2101.08
HY-LOT-04,W06,19,-1,1,10,1.976,1.771,2109.27
HY-LOT-04,W06,19,0,1,10,2.204,1.814,2150.03
HY-LOT-04,W06,19,1,1,10,2.234,1.77,2076.44
HY-LOT-04,W06,19,2,1,10,2.083,1.812,2119.36
HY-LOT-04,W06,19,3,1,10,2.457,1.807,2130.76
HY-LOT-04,W07,-19,-3,1,10,2.241,1.85,2106.44
HY-LOT-04,W07,-19,-2,1,10,2.131,1.81,2105.33
HY-LOT-04,W07,-19,-1,1,10,2.207,1.791,2122.38
HY-LOT-04,W07,-19,0,1,10,2.577,1.815,2110.74
HY-LOT-04,W07,-19,1,1,10,2.163,1.768,2073.63
HY-LOT-04,W07,-19,2,1,10,2.078,1.827,2098.91
HY-LOT-04,W07,-19,3,2,21,1.976,1.815,2105.22
HY-LOT-04,W07,-18,-6,1,10,2.068,1.811,2121.77
HY-LOT-04,W07,-18,-5,1,10,2.198,1.745,2066.09
HY-LOT-04,W07,-18,-4,1,10,2.319,1.795,2092.47
HY-LOT-04,W07,-18,-3,1,10,2.286,1.786,2083.36
HY-LOT-04,W07,-18,-2,1,10,2.386,1.828,2102.79
HY-LOT-04,W07,-18,-1,1,10,2.413,1.8,2112.15
HY-LOT-04,W07,-18,0,1,10,2.16,1.817,2090.16
HY-LOT-04,W07,-18,1,1,10,2.049,1.802,2123.21
HY-LOT-04,W07,-18,2,1,10,2.098,1.816,2083.53
HY-LOT-04,W07,-18,3,1,10,1.899,1.807,2079.45
HY-LOT-04,W07,-18,4,1,10,2.078,1.801,2077.39
HY-LOT-04,W07,-18,5,1,10,2.428,1.814,2083.61
HY-LOT-04,W07,-18,6,1,10,1.88,1.818,2084.27
HY-LOT-04,W07,-17,-9,1,10,2.154,1.781,2121.39
HY-LOT-04,W07,-17,-8,1,10,2.481,1.823,2093.48
HY-LOT-04,W07,-17,-7,1,10,2.494,1.763,2125.65
HY-LOT-04,W07,-17,-6,1,10,2.553,1.844,2066.69
HY-LOT-04,W07,-17,-5,1,10,2.669,1.85,2114.26
HY-LOT-04,W07,-17,-4,1,10,2.319,1.782,2095.97
HY-LOT-04,W07,-17,-3,1,10,1.964,1.821,2116.44
HY-LOT-04,W07,-17,-2,1,10,2.021,1.795,2115.11
HY-LOT-04,W07,-17,-1,1,10,2.112,1.797,2054.91
HY-LOT-04,W07,-17,0,1,10,2.12,1.798,2109.29
HY-LOT-04,W07,-17,1,1,10,2.515,1.792,2127.64
HY-LOT-04,W07,-17,2,1,10,2.826,1.775,2105.45
HY-LOT-04,W07,-17,3,1,10,2.288,1.809,2111.41
HY-LOT-04,W07,-17,4,1,10,1.835,1.797,2110.56
HY-LOT-04,W07,-17,5,1,10,2.613,1.82,2079.29
HY-LOT-04,W07,-17,6,1,10,2.033,1.793,2098.38
HY-LOT-04,W07,-17,7,1,10,2.552,1.807,2091.14
HY-LOT-04,W07,-17,8,1,10,2.224,1.765,2101.65
HY-LOT-04,W07,-17,9,1,10,1.874,1.79,2123.58
HY-LOT-04,W07,-16,-10,1,10,2.548,1.805,2096.38
HY-LOT-04,W07,-16,-9,1,10,2.27,1.797,2080.44
HY-LOT-04,W07,-16,-8,1,10,2.126,1.787,2087.04
HY-LOT-04,W07,-16,-7,1,10,2.429,1.786,2114.27
HY-LOT-04,W07,-16,-6,1,10,2.322,1.839,2136.07
HY-LOT-04,W07,-16,-5,1,10,2.245,1.781,2081.75
HY-LOT-04,W07,-16,-4,1,10,2.122,1.807,2098.67
HY-LOT-04,W07,-16,-3,1,10,2.284,1.823,2099.94
HY-LOT-04,W07,-16,-2,1,10,2.98,1.813,2145.92
HY-LOT-04,W07,-16,-1,1,10,2.359,1.758,2084
HY-LOT-04,W07,-16,0,1,10,2.074,1.824,2122.14
HY-LOT-04,W07,-16,1,1,10,2.202,1.772,2084.71
HY-LOT-04,W07,-16,2,1,10,2.16,1.82,2081.17
HY-LOT-04,W07,-16,3,1,10,2.563,1.773,2099.73
HY-LOT-04,W07,-16,4,1,10,2.278,1.81,2110.83
HY-LOT-04,W07,-16,5,1,10,2.258,1.804,2104.18
HY-LOT-04,W07,-16,6,1,10,2.411,1.783,2115.4
HY-LOT-04,W07,-16,7,1,10,2.22,1.794,2113.81
HY-LOT-04,W07,-16,8,1,10,2.081,1.79,2080.85
HY-LOT-04,W07,-16,9,1,10,2.241,1.814,2106.52
HY-LOT-04,W07,-16,10,1,10,2.178,1.795,2118.02
HY-LOT-04,W07,-15,-12,1,10,2.41,1.791,2077.09
HY-LOT-04,W07,-15,-11,1,10,1.909,1.815,2100.07
HY-LOT-04,W07,-15,-10,1,10,2.471,1.786,2100.66
HY-LOT-04,W07,-15,-9,1,10,2.478,1.78,2113.64
HY-LOT-04,W07,-15,-8,1,10,2.399,1.816,2140.64
HY-LOT-04,W07,-15,-7,1,10,2.388,1.794,2118.81
HY-LOT-04,W07,-15,-6,1,10,2.52,1.817,2097.31
HY-LOT-04,W07,-15,-5,1,10,2.097,1.825,2121.95
HY-LOT-04,W07,-15,-4,1,10,2.338,1.796,2093.2
HY-LOT-04,W07,-15,-3,1,10,2.293,1.782,2081.22
HY-LOT-04,W07,-15,-2,1,10,2.547,1.804,2127.26
HY-LOT-04,W07,-15,-1,1,10,2.052,1.784,2092.14
HY-LOT-04,W07,-15,0,1,10,2.009,1.801,2123.08
HY-LOT-04,W07,-15,1,1,10,2.328,1.786,2082.82
HY-LOT-04,W07,-15,2,1,10,2.4,1.807,2104.7
HY-LOT-04,W07,-15,3,1,10,2.442,1.796,2088.06
HY-LOT-04,W07,-15,4,1,10,2.117,1.771,2092.07
HY-LOT-04,W07,-15,5,1,10,2.406,1.835,2105.61
HY-LOT-04,W07,-15,6,1,10,2.38,1.802,2096.32
HY-LOT-04,W07,-15,7,1,10,2.413,1.801,2106.07
HY-LOT-04,W07,-15,8,1,10,2.333,1.818,2097.94
HY-LOT-04,W07,-15,9,1,10,2.463,1.845,2117.69
HY-LOT-04,W07,-15,10,1,10,2.502,1.798,2081.32
HY-LOT-04,W07,-15,11,1,10,2.241,1.787,2107.43
HY-LOT-04,W07,-15,12,1,10,2.109,1.789,2103.61
HY-LOT-04,W07,-14,-13,1,10,2.385,1.768,2125.01
HY-LOT-04,W07,-14,-12,1,10,2.438,1.764,2108.21
HY-LOT-04,W07,-14,-11,1,10,2.294,1.803,2098.29
HY-LOT-04,W07,-14,-10,1,10,2.504,1.82,2129.88
HY-LOT-04,W07,-14,-9,1,10,2.367,1.819,2090.28
HY-LOT-04,W07,-14,-8,1,10,2.355,1.815,2124.34
HY-LOT-04,W07,-14,-7,1,10,2.074,1.787,2092.87
HY-LOT-04,W07,-14,-6,1,10,2.362,1.8,2050.94
HY-LOT-04,W07,-14,-5,1,10,2.179,1.791,2131.82
HY-LOT-04,W07,-14,-4,1,10,2.515,1.811,2080.86
HY-LOT-04,W07,-14,-3,1,10,2.325,1.822,2103.45
HY-LOT-04,W07,-14,-2,1,10,2.064,1.828,2092.99
HY-LOT-04,W07,-14,-1,1,10,2.474,1.804,2115.09
HY-LOT-04,W07,-14,0,1,10,1.918,1.813,2076
HY-LOT-04,W07,-14,1,1,10,2.39,1.79,2121.36
HY-LOT-04,W07,-14,2,1,10,2.472,1.804,2093.41
HY-LOT-04,W07,-14,3,1,10,2.301,1.796,2105.95
HY-LOT-04,W07,-14,4,1,10,2.417,1.82,2100.98
HY-LOT-04,W07,-14,5,1,10,1.959,1.783,2098.92
HY-LOT-04,W07,-14,6,1,10,2.093,1.808,2090.33
HY-LOT-04,W07,-14,7,1,10,2.506,1.799,2052.83
HY-LOT-04,W07,-14,8,1,10,2.372,1.809,2059.89
HY-LOT-04,W07,-14,9,1,10,2.432,1.805,2121.42
HY-LOT-04,W07,-14,10,1,10,2.136,1.795,2095.32
HY-LOT-04,W07,-14,11,1,10,2.274,1.815,2107.66
HY-LOT-04,W07,-14,12,1,10,2.205,1.774,2093.23
HY-LOT-04,W07,-14,13,1,10,1.905,1.816,2109.93
HY-LOT-04,W07,-13,-14,1,10,2.23,1.819,2089.17
HY-LOT-04,W07,-13,-13,1,10,2.268,1.792,2101.41
HY-LOT-04,W07,-13,-12,1,10,2.503,1.804,2100.57
HY-LOT-04,W07,-13,-11,1,10,2.479,1.832,2086.03
HY-LOT-04,W07,-13,-10,1,10,2.019,1.809,2088.29
HY-LOT-04,W07,-13,-9,1,10,2.311,1.81,2095.84
HY-LOT-04,W07,-13,-8,1,10,2.204,1.818,2080.72
HY-LOT-04,W07,-13,-7,1,10,2.223,1.795,2089.39
HY-LOT-04,W07,-13,-6,1,10,2.33,1.791,2087.94
HY-LOT-04,W07,-13,-5,1,10,2.34,1.762,2161.06
HY-LOT-04,W07,-13,-4,1,10,1.973,1.802,2112.93
HY-LOT-04,W07,-13,-3,1,10,2.178,1.797,2127.69
HY-LOT-04,W07,-13,-2,1,10,2.185,1.804,2141.69
HY-LOT-04,W07,-13,-1,2,21,2.156,1.786,2113.22
HY-LOT-04,W07,-13,0,1,10,1.946,1.775,2095.51
HY-LOT-04,W07,-13,1,1,10,2.423,1.857,2108.34
HY-LOT-04,W07,-13,2,1,10,2.614,1.786,2086.59
HY-LOT-04,W07,-13,3,1,10,1.876,1.817,2104.4
HY-LOT-04,W07,-13,4,1,10,1.883,1.763,2105
HY-LOT-04,W07,-13,5,1,10,2.131,1.821,2117.54
HY-LOT-04,W07,-13,6,1,10,2.158,1.77,2082.25
HY-LOT-04,W07,-13,7,1,10,2.174,1.794,2089.03
HY-LOT-04,W07,-13,8,1,10,2.251,1.788,2080.78
HY-LOT-04,W07,-13,9,1,10,2.293,1.799,2053.24
HY-LOT-04,W07,-13,10,1,10,2.073,1.829,2119.78
HY-LOT-04,W07,-13,11,1,10,2.54,1.778,2083.05
HY-LOT-04,W07,-13,12,1,10,2.253,1.785,2105.5
HY-LOT-04,W07,-13,13,1,10,2.309,1.798,2107.03
HY-LOT-04,W07,-13,14,1,10,2.117,1.776,2081.8
HY-LOT-04,W07,-12,-15,1,10,2.295,1.783,2100.58
HY-LOT-04,W07,-12,-14,1,10,2.277,1.809,2063.05
HY-LOT-04,W07,-12,-13,1,10,2.135,1.83,2106.38
HY-LOT-04,W07,-12,-12,1,10,2.33,1.82,2067.34
HY-LOT-04,W07,-12,-11,1,10,2.524,1.847,2094.31
HY-LOT-04,W07,-12,-10,1,10,2.269,1.76,2096.75
HY-LOT-04,W07,-12,-9,1,10,2.112,1.782,2107.62
HY-LOT-04,W07,-12,-8,1,10,2.271,1.805,2112.2
HY-LOT-04,W07,-12,-7,1,10,2.027,1.796,2103.21
HY-LOT-04,W07,-12,-6,1,10,1.846,1.813,2094.3
HY-LOT-04,W07,-12,-5,1,10,2.376,1.802,2093.83
HY-LOT-04,W07,-12,-4,1,10,2.327,1.775,2091.22
HY-LOT-04,W07,-12,-3,1,10,2.392,1.792,2095.39
HY-LOT-04,W07,-12,-2,1,10,2.226,1.815,2114.24
HY-LOT-04,W07,-12,-1,1,10,2.016,1.808,2102.45
HY-LOT-04,W07,-12,0,1,10,2.335,1.817,2123.66
HY-LOT-04,W07,-12,1,1,10,2.25,1.793,2084.66
HY-LOT-04,W07,-12,2,1,10,2.102,1.807,2063.37
HY-LOT-04,W07,-12,3,1,10,1.841,1.792,2119.59
HY-LOT-04,W07,-12,4,1,10,2.307,1.787,2101.3
HY-LOT-04,W07,-12,5,1,10,2.434,1.784,2106.33
HY-LOT-04,W07,-12,6,1,10,2.514,1.785,2119.01
HY-LOT-04,W07,-12,7,1,10,2.263,1.803,2108.51
HY-LOT-04,W07,-12,8,1,10,1.964,1.793,2106.05
HY-LOT-04,W07,-12,9,1,10,2.17,1.775,2080.01
HY-LOT-04,W07,-12,10,1,10,2.319,1.812,2102.51
HY-LOT-04,W07,-12,11,1,10,2.299,1.79,2105.29
HY-LOT-04,W07,-12,12,1,10,2.533,1.794,2100.73
HY-LOT-04,W07,-12,13,1,10,2.658,1.765,2113.82
HY-LOT-04,W07,-12,14,1,10,2.042,1.775,2104.34
HY-LOT-04,W07,-12,15,1,10,2.564,1.79,2126.69
HY-LOT-04,W07,-11,-15,1,10,2.472,1.801,2117.13
HY-LOT-04,W07,-11,-14,1,10,2.345,1.769,2131.91
HY-LOT-04,W07,-11,-13,1,10,2.336,1.797,2075.55
HY-LOT-04,W07,-11,-12,1,10,2.023,1.796,2083.18
HY-LOT-04,W07,-11,-11,1,10,2.491,1.797,2089.86
HY-LOT-04,W07,-11,-10,1,10,2.671,1.798,2101.52
HY-LOT-04,W07,-11,-9,1,10,2.317,1.787,2123.33
HY-LOT-04,W07,-11,-8,1,10,2.527,1.758,2099.73
HY-LOT-04,W07,-11,-7,1,10,2.108,1.815,2088.71
HY-LOT-04,W07,-11,-6,1,10,2.299,1.802,2089.38
HY-LOT-04,W07,-11,-5,1,10,2.318,1.787,2090.13
HY-LOT-04,W07,-11,-4,1,10,2.206,1.809,2124.69
HY-LOT-04,W07,-11,-3,1,10,2.034,1.783,2087.61
HY-LOT-04,W07,-11,-2,1,10,2.326,1.81,2076.85
HY-LOT-04,W07,-11,-1,1,10,1.906,1.818,2114.18
HY-LOT-04,W07,-11,0,1,10,2.264,1.809,2134.45
HY-LOT-04,W07,-11,1,1,10,2.233,1.773,2133.12
HY-LOT-04,W07,-11,2,1,10,2.306,1.798,2137.8
HY-LOT-04,W07,-11,3,1,10,2.264,1.8,2137.42
HY-LOT-04,W07,-11,4,1,10,2.456,1.819,2092.15
HY-LOT-04,W07,-11,5,1,10,2.59,1.786,2121.38
HY-LOT-04,W07,-11,6,1,10,2.181,1.842,2075.16
HY-LOT-04,W07,-11,7,1,10,1.963,1.807,2079.65
HY-LOT-04,W07,-11,8,1,10,1.836,1.792,2082.55
HY-LOT-04,W07,-11,9,1,10,2.159,1.816,2107.51
HY-LOT-04,W07,-11,10,1,10,2.619,1.777,2117.62
HY-LOT-04,W07,-11,11,1,10,2.311,1.832,2095.95
HY-LOT-04,W07,-11,12,1,10,2.116,1.78,2137.92
HY-LOT-04,W07,-11,13,1,10,2.204,1.759,2108.59
HY-LOT-04,W07,-11,14,1,10,2.469,1.831,2084.6
HY-LOT-04,W07,-11,15,1,10,2.219,1.812,2127.63
HY-LOT-04,W07,-10,-16,1,10,2.293,1.8,2139.12
HY-LOT-04,W07,-10,-15,1,10,2.504,1.796,2124.33
HY-LOT-04,W07,-10,-14,1,10,2.312,1.795,2125
HY-LOT-04,W07,-10,-13,1,10,2.304,1.791,2121.18
HY-LOT-04,W07,-10,-12,1,10,1.849,1.755,2089.82
HY-LOT-04,W07,-10,-11,1,10,2.243,1.753,2096.58
HY-LOT-04,W07,-10,-10,1,10,2.51,1.819,2148.36
HY-LOT-04,W07,-10,-9,1,10,2.372,1.797,2102.62
HY-LOT-04,W07,-10,-8,1,10,2.708,1.775,2086.07
HY-LOT-04,W07,-10,-7,1,10,2.328,1.804,2084.96
HY-LOT-04,W07,-10,-6,1,10,2.205,1.772,2104.98
HY-LOT-04,W07,-10,-5,1,10,2.073,1.804,2085.51
HY-LOT-04,W07,-10,-4,1,10,2.221,1.778,2080.72
HY-LOT-04,W07,-10,-3,1,10,2.454,1.8,2137.53
HY-LOT-04,W07,-10,-2,1,10,2.277,1.813,2097.22
HY-LOT-04,W07,-10,-1,1,10,2.376,1.793,2109.38
HY-LOT-04,W07,-10,0,1,10,2.206,1.786,2144.01
HY-LOT-04,W07,-10,1,1,10,2.392,1.821,2101.86
HY-LOT-04,W07,-10,2,1,10,2.455,1.809,2133.44
HY-LOT-04,W07,-10,3,1,10,2.5,1.792,2098.23
HY-LOT-04,W07,-10,4,1,10,2.199,1.785,2096.58
HY-LOT-04,W07,-10,5,1,10,2.112,1.795,2097.1
HY-LOT-04,W07,-10,6,1,10,1.997,1.82,2118.16
HY-LOT-04,W07,-10,7,1,10,2.627,1.82,2111.21
HY-LOT-04,W07,-10,8,1,10,2.258,1.814,2101.45
HY-LOT-04,W07,-10,9,1,10,2.249,1.81,2062.19
HY-LOT-04,W07,-10,10,1,10,2.16,1.819,2103.75
HY-LOT-04,W07,-10,11,1,10,2.596,1.815,2102.27
HY-LOT-04,W07,-10,12,1,10,2.46,1.807,2079.53
HY-LOT-04,W07,-10,13,1,10,2.195,1.8,2081.42
HY-LOT-04,W07,-10,14,1,10,2.388,1.818,2115.3
HY-LOT-04,W07,-10,15,1,10,2.18,1.794,2054.17
HY-LOT-04,W07,-10,16,1,10,1.566,1.857,2121.8
HY-LOT-04,W07,-9,-17,1,10,1.937,1.812,2121.81
HY-LOT-04,W07,-9,-16,1,10,2.287,1.79,2091.35
HY-LOT-04,W07,-9,-15,1,10,2.515,1.781,2117.19
HY-LOT-04,W07,-9,-14,1,10,1.958,1.794,2088.95
HY-LOT-04,W07,-9,-13,1,10,2.431,1.804,2107.69
HY-LOT-04,W07,-9,-12,1,10,2.455,1.804,2064.02
HY-LOT-04,W07,-9,-11,1,10,2.186,1.827,2088.19
HY-LOT-04,W07,-9,-10,1,10,2.126,1.792,2096.54
HY-LOT-04,W07,-9,-9,1,10,2.27,1.788,2097.2
HY-LOT-04,W07,-9,-8,2,21,2.327,1.776,2125.68
HY-LOT-04,W07,-9,-7,1,10,2.427,1.795,2116.4
HY-LOT-04,W07,-9,-6,1,10,2.43,1.782,2107.7
HY-LOT-04,W07,-9,-5,1,10,2.716,1.835,2116.37
HY-LOT-04,W07,-9,-4,1,10,2.39,1.78,2083.93
HY-LOT-04,W07,-9,-3,1,10,2.381,1.789,2138.69
HY-LOT-04,W07,-9,-2,1,10,2.419,1.83,2106.8
HY-LOT-04,W07,-9,-1,1,10,2.115,1.79,2133.57
HY-LOT-04,W07,-9,0,1,10,2.14,1.816,2114.1
HY-LOT-04,W07,-9,1,1,10,2.553,1.783,2084.2
HY-LOT-04,W07,-9,2,1,10,1.959,1.816,2107.57
HY-LOT-04,W07,-9,3,1,10,2.433,1.795,2082.92
HY-LOT-04,W07,-9,4,1,10,2.209,1.781,2106.45
HY-LOT-04,W07,-9,5,1,10,2.468,1.794,2081.61
HY-LOT-04,W07,-9,6,1,10,2.544,1.809,2084.6
HY-LOT-04,W07,-9,7,1,10,2.323,1.838,2109.26
HY-LOT-04,W07,-9,8,1,10,2.455,1.801,2084.98
HY-LOT-04,W07,-9,9,1,10,2.724,1.808,2095.26
HY-LOT-04,W07,-9,10,1,10,2.689,1.793,2096.28
HY-LOT-04,W07,-9,11,1,10,2.541,1.806,2117.33
HY-LOT-04,W07,-9,12,1,10,2.29,1.83,2097.3
HY-LOT-04,W07,-9,13,1,10,2.108,1.806,2094.9
HY-LOT-04,W07,-9,14,1,10,2.531,1.806,2139.5
HY-LOT-04,W07,-9,15,1,10,2.021,1.801,2114.52
HY-LOT-04,W07,-9,16,1,10,2.229,1.804,2099
HY-LOT-04,W07,-9,17,1,10,2.41,1.83,2102.8
HY-LOT-04,W07,-8,-17,1,10,2.354,1.792,2108.93
HY-LOT-04,W07,-8,-16,1,10,2.13,1.802,2096.79
HY-LOT-04,W07,-8,-15,1,10,2.027,1.785,2111.45
HY-LOT-04,W07,-8,-14,1,10,2.029,1.769,2073.9
HY-LOT-04,W07,-8,-13,1,10,2.099,1.802,2111.53
HY-LOT-04,W07,-8,-12,1,10,2.304,1.79,2091.74
HY-LOT-04,W07,-8,-11,1,10,2.021,1.799,2112.42
HY-LOT-04,W07,-8,-10,1,10,2.402,1.801,2086.12
HY-LOT-04,W07,-8,-9,1,10,2.147,1.808,2082.01
HY-LOT-04,W07,-8,-8,1,10,2.14,1.797,2113.65
HY-LOT-04,W07,-8,-7,1,10,2.254,1.817,2090.79
HY-LOT-04,W07,-8,-6,1,10,2.455,1.8,2105.68
HY-LOT-04,W07,-8,-5,1,10,2.029,1.772,2071.54
HY-LOT-04,W07,-8,-4,1,10,2.136,1.814,2091.78
HY-LOT-04,W07,-8,-3,1,10,2.526,1.768,2107.46
HY-LOT-04,W07,-8,-2,1,10,2.349,1.814,2119.7
HY-LOT-04,W07,-8,-1,1,10,2.583,1.811,2138.54
HY-LOT-04,W07,-8,0,1,10,2.375,1.776,2085.19
HY-LOT-04,W07,-8,1,1,10,2.273,1.817,2104.81
HY-LOT-04,W07,-8,2,1,10,2.447,1.78,2127.76
HY-LOT-04,W07,-8,3,1,10,2.327,1.785,2133.32
HY-LOT-04,W07,-8,4,1,10,2.122,1.824,2105.24
HY-LOT-04,W07,-8,5,1,10,2.452,1.802,2124.14
HY-LOT-04,W07,-8,6,1,10,2.234,1.792,2085.42
HY-LOT-04,W07,-8,7,1,10,1.956,1.796,2135.47
HY-LOT-04,W07,-8,8,1,10,1.959,1.815,2067.73
HY-LOT-04,W07,-8,9,1,10,2.389,1.781,2093.62
HY-LOT-04,W07,-8,10,1,10,2.38,1.804,2105.84
HY-LOT-04,W07,-8,11,1,10,2.071,1.801,2104.02
HY-LOT-04,W07,-8,12,1,10,2.316,1.76,2093.44
HY-LOT-04,W07,-8,13,1,10,2.465,1.773,2120.97
HY-LOT-04,W07,-8,14,1,10,2.503,1.776,2082.24
HY-LOT-04,W07,-8,15,1,10,2.198,1.788,2091.91
HY-LOT-04,W07,-8,16,1,10,2.276,1.769,2112.15
HY-LOT-04,W07,-8,17,1,10,1.985,1.815,2091.17
HY-LOT-04,W07,-7,-17,1,10,2.28,1.795,2089.7
HY-LOT-04,W07,-7,-16,1,10,2.075,1.779,2103.72
HY-LOT-04,W07,-7,-15,1,10,2.072,1.783,2119.5
HY-LOT-04,W07,-7,-14,1,10,2.338,1.805,2127.15
HY-LOT-04,W07,-7,-13,1,10,2.403,1.808,2088.9
HY-LOT-04,W07,-7,-12,1,10,2.34,1.797,2078.66
HY-LOT-04,W07,-7,-11,1,10,1.99,1.807,2120.5
HY-LOT-04,W07,-7,-10,1,10,2.708,1.79,2095.12
HY-LOT-04,W07,-7,-9,1,10,2.074,1.802,2130.38
HY-LOT-04,W07,-7,-8,1,10,2.318,1.81,2116.75
HY-LOT-04,W07,-7,-7,1,10,2.167,1.817,2113.24
HY-LOT-04,W07,-7,-6,1,10,2.379,1.838,2107.65
HY-LOT-04,W07,-7,-5,1,10,1.973,1.8,2084.12
HY-LOT-04,W07,-7,-4,1,10,2.304,1.792,2063.45
HY-LOT-04,W07,-7,-3,1,10,2.353,1.788,2049.87
HY-LOT-04,W07,-7,-2,1,10,2.59,1.849,2105.99
HY-LOT-04,W07,-7,-1,1,10,1.883,1.784,2098.4
HY-LOT-04,W07,-7,0,1,10,2.243,1.813,2120.36
HY-LOT-04,W07,-7,1,1,10,2.239,1.805,2117.05
HY-LOT-04,W07,-7,2,1,10,2.166,1.825,2099.16
HY-LOT-04,W07,-7,3,1,10,2.465,1.786,2095.9
HY-LOT-04,W07,-7,4,1,10,1.915,1.823,2076.73
HY-LOT-04,W07,-7,5,1,10,2.4,1.809,2097.62
HY-LOT-04,W07,-7,6,1,10,2.288,1.798,2134.49
HY-LOT-04,W07,-7,7,1,10,2.028,1.806,2115.13
HY-LOT-04,W07,-7,8,1,10,2.33,1.833,2081.2
HY-LOT-04,W07,-7,9,1,10,2.458,1.797,2078.88
HY-LOT-04,W07,-7,10,1,10,2.46,1.794,2120.69
HY-LOT-04,W07,-7,11,1,10,2.03,1.77,2106.05
HY-LOT-04,W07,-7,12,1,10,2.193,1.791,2112.49
HY-LOT-04,W07,-7,13,1,10,2.27,1.764,2065.39
HY-LOT-04,W07,-7,14,1,10,2.159,1.78,2094.79
HY-LOT-04,W07,-7,15,1,10,1.729,1.805,2144.4
HY-LOT-04,W07,-7,16,1,10,2.12,1.801,2077.19
HY-LOT-04,W07,-7,17,1,10,2.635,1.771,2075.55
HY-LOT-04,W07,-6,-18,1,10,2.212,1.806,2110.56
HY-LOT-04,W07,-6,-17,1,10,2.314,1.817,2109.3
HY-LOT-04,W07,-6,-16,1,10,2.309,1.795,2105.97
HY-LOT-04,W07,-6,-15,1,10,2.117,1.81,2097.64
HY-LOT-04,W07,-6,-14,1,10,2.275,1.798,2092.38
HY-LOT-04,W07,-6,-13,1,10,1.991,1.773,2070.21
HY-LOT-04,W07,-6,-12,1,10,2.393,1.749,2081.4
HY-LOT-04,W07,-6,-11,1,10,2.267,1.811,2113.18
HY-LOT-04,W07,-6,-10,1,10,2.506,1.794,2071.51
HY-LOT-04,W07,-6,-9,1,10,2.14,1.8,2105.43
HY-LOT-04,W07,-6,-8,1,10,2.33,1.77,2086.73
HY-LOT-04,W07,-6,-7,1,10,2.414,1.817,2108.79
HY-LOT-04,W07,-6,-6,1,10,2.253,1.772,2108.71
HY-LOT-04,W07,-6,-5,1,10,2.384,1.791,2099.34
HY-LOT-04,W07,-6,-4,1,10,2.289,1.816,2070.74
HY-LOT-04,W07,-6,-3,1,10,2.279,1.812,2090.43
HY-LOT-04,W07,-6,-2,1,10,2.005,1.799,2083.6
HY-LOT-04,W07,-6,-1,1,10,2.285,1.808,2088.84
HY-LOT-04,W07,-6,0,1,10,2.236,1.808,2093.37
HY-LOT-04,W07,-6,1,1,10,2.624,1.798,2090.73
HY-LOT-04,W07,-6,2,1,10,2.389,1.824,2126.44
HY-LOT-04,W07,-6,3,1,10,2.274,1.795,2120.22
HY-LOT-04,W07,-6,4,1,10,2.467,1.782,2102.55
HY-LOT-04,W07,-6,5,1,10,2.314,1.82,2082.51
HY-LOT-04,W07,-6,6,1,10,1.801,1.834,2084.98
HY-LOT-04,W07,-6,7,1,10,2.399,1.797,2106.71
HY-LOT-04,W07,-6,8,1,10,2.213,1.81,2109.53
HY-LOT-04,W07,-6,9,1,10,2.485,1.792,2095.79
HY-LOT-04,W07,-6,10,1,10,2.352,1.811,2074.9
HY-LOT-04,W07,-6,11,1,10,1.826,1.795,2089.38
HY-LOT-04,W07,-6,12,1,10,1.917,1.79,2100.57
HY-LOT-04,W07,-6,13,1,10,2.434,1.823,2094.12
HY-LOT-04,W07,-6,14,1,10,2.159,1.799,2083.91
HY-LOT-04,W07,-6,15,1,10,2.367,1.793,2066.56
HY-LOT-04,W07,-6,16,1,10,2.119,1.797,2097.48
HY-LOT-04,W07,-6,17,1,10,2.102,1.778,2077.81
HY-LOT-04,W07,-6,18,1,10,2.42,1.818,2080.25
HY-LOT-04,W07,-5,-18,1,10,2.579,1.805,2142.45
HY-LOT-04,W07,-5,-17,1,10,1.836,1.802,2108.09
HY-LOT-04,W07,-5,-16,1,10,2.559,1.795,2076.11
HY-LOT-04,W07,-5,-15,1,10,2.53,1.808,2121.32
HY-LOT-04,W07,-5,-14,1,10,2.084,1.799,2086.27
HY-LOT-04,W07,-5,-13,1,10,2.312,1.795,2099.14
HY-LOT-04,W07,-5,-12,1,10,2.598,1.798,2122.76
HY-LOT-04,W07,-5,-11,1,10,2.254,1.787,2077.83
HY-LOT-04,W07,-5,-10,1,10,2.334,1.803,2109.01
HY-LOT-04,W07,-5,-9,2,21,2.114,1.801,2066.02
HY-LOT-04,W07,-5,-8,1,10,2.153,1.825,2088.25
HY-LOT-04,W07,-5,-7,1,10,2.366,1.805,2095.65
HY-LOT-04,W07,-5,-6,1,10,2.095,1.776,2108.8
HY-LOT-04,W07,-5,-5,1,10,2.321,1.796,2098.79
HY-LOT-04,W07,-5,-4,1,10,2.33,1.818,2114.36
HY-LOT-04,W07,-5,-3,1,10,2.121,1.797,2117.74
HY-LOT-04,W07,-5,-2,1,10,2.301,1.799,2117.12
HY-LOT-04,W07,-5,-1,1,10,2.532,1.787,2137.9
HY-LOT-04,W07,-5,0,1,10,2.124,1.795,2074.34
HY-LOT-04,W07,-5,1,1,10,2.335,1.795,2077.9
HY-LOT-04,W07,-5,2,1,10,2.307,1.779,2086.2
HY-LOT-04,W07,-5,3,1,10,2.135,1.809,2075.07
HY-LOT-04,W07,-5,4,1,10,2.067,1.762,2132.96
HY-LOT-04,W07,-5,5,1,10,2.431,1.774,2089.69
HY-LOT-04,W07,-5,6,1,10,2.241,1.796,2106.33
HY-LOT-04,W07,-5,7,1,10,2.46,1.807,2085.32
HY-LOT-04,W07,-5,8,1,10,2.4,1.82,2073.49
HY-LOT-04,W07,-5,9,1,10,2.425,1.779,2078.59
HY-LOT-04,W07,-5,10,1,10,2.211,1.816,2101.1
HY-LOT-04,W07,-5,11,1,10,2.077,1.801,2103.49
HY-LOT-04,W07,-5,12,1,10,2.359,1.813,2068.88
HY-LOT-04,W07,-5,13,1,10,2.251,1.817,2111.76
HY-LOT-04,W07,-5,14,1,10,2.552,1.783,2115.95
HY-LOT-04,W07,-5,15,1,10,2.33,1.786,2098.2
HY-LOT-04,W07,-5,16,1,10,2.708,1.816,2086.54
HY-LOT-04,W07,-5,17,1,10,2.362,1.803,2114.87
HY-LOT-04,W07,-5,18,1,10,2.244,1.814,2119.86
HY-LOT-04,W07,-4,-18,1,10,2.164,1.784,2099.97
HY-LOT-04,W07,-4,-17,1,10,2.149,1.817,2127.05
HY-LOT-04,W07,-4,-16,1,10,2.492,1.814,2099.7
HY-LOT-04,W07,-4,-15,1,10,2.533,1.777,2103.4
HY-LOT-04,W07,-4,-14,1,10,2.389,1.82,2101.02
HY-LOT-04,W07,-4,-13,1,10,2.749,1.797,2098.31
HY-LOT-04,W07,-4,-12,1,10,2.125,1.808,2111.95
HY-LOT-04,W07,-4,-11,1,10,2.51,1.823,2104.43
HY-LOT-04,W07,-4,-10,1,10,1.7,1.792,2081.97
HY-LOT-04,W07,-4,-9,1,10,2.439,1.791,2096.2
HY-LOT-04,W07,-4,-8,1,10,2.443,1.766,2070.45
HY-LOT-04,W07,-4,-7,1,10,2.541,1.801,2076.89
HY-LOT-04,W07,-4,-6,1,10,2.2,1.813,2073.38
HY-LOT-04,W07,-4,-5,1,10,2.167,1.813,2126.97
HY-LOT-04,W07,-4,-4,1,10,2.183,1.815,2121.31
HY-LOT-04,W07,-4,-3,1,10,2.152,1.824,2113.41
HY-LOT-04,W07,-4,-2,1,10,2.058,1.804,2099.1
HY-LOT-04,W07,-4,-1,1,10,2.036,1.756,2095.99
HY-LOT-04,W07,-4,0,1,10,2.081,1.819,2132.73
HY-LOT-04,W07,-4,1,1,10,2.052,1.817,2123.97
HY-LOT-04,W07,-4,2,1,10,2.356,1.839,2124.78
HY-LOT-04,W07,-4,3,1,10,2.349,1.798,2124.53
HY-LOT-04,W07,-4,4,1,10,2.44,1.812,2128.38
HY-LOT-04,W07,-4,5,1,10,2.388,1.828,2085.87
HY-LOT-04,W07,-4,6,1,10,2.097,1.818,2097.73
HY-LOT-04,W07,-4,7,1,10,2.406,1.795,2081.19
HY-LOT-04,W07,-4,8,1,10,2.335,1.82,2119.18
HY-LOT-04,W07,-4,9,1,10,2.204,1.811,2096.57
HY-LOT-04,W07,-4,10,1,10,2.187,1.829,2082.77
HY-LOT-04,W07,-4,11,1,10,2.378,1.783,2077.41
HY-LOT-04,W07,-4,12,1,10,2.359,1.813,2069.3
HY-LOT-04,W07,-4,13,1,10,2.269,1.82,2124.07
HY-LOT-04,W07,-4,14,1,10,1.992,1.823,2105.22
HY-LOT-04,W07,-4,15,1,10,1.742,1.823,2091.31
HY-LOT-04,W07,-4,16,1,10,2.225,1.824,2081.97
HY-LOT-04,W07,-4,17,1,10,2.271,1.812,2105.05
HY-LOT-04,W07,-4,18,1,10,2.025,1.776,2099.06
HY-LOT-04,W07,-3,-19,1,10,2.642,1.788,2098.47
HY-LOT-04,W07,-3,-18,1,10,2.115,1.808,2070.67
HY-LOT-04,W07,-3,-17,1,10,2.249,1.794,2087.62
HY-LOT-04,W07,-3,-16,1,10,2.21,1.794,2092.1
HY-LOT-04,W07,-3,-15,1,10,2.172,1.82,2133.07
HY-LOT-04,W07,-3,-14,1,10,2.529,1.817,2124.39
HY-LOT-04,W07,-3,-13,1,10,2.096,1.792,2108.37
HY-LOT-04,W07,-3,-12,1,10,2.163,1.8,2143.91
HY-LOT-04,W07,-3,-11,1,10,2.232,1.814,2094.2
HY-LOT-04,W07,-3,-10,1,10,2.505,1.816,2100.17
HY-LOT-04,W07,-3,-9,1,10,2.101,1.803,2093.97
HY-LOT-04,W07,-3,-8,1,10,2.383,1.804,2106.61
HY-LOT-04,W07,-3,-7,2,21,2.013,1.802,2099.65
HY-LOT-04,W07,-3,-6,1,10,1.829,1.799,2090.34
HY-LOT-04,W07,-3,-5,1,10,2.043,1.779,2074.76
HY-LOT-04,W07,-3,-4,1,10,2.36,1.793,2091.27
HY-LOT-04,W07,-3,-3,1,10,2.286,1.812,2070.2
HY-LOT-04,W07,-3,-2,1,10,2.345,1.805,2111.37
HY-LOT-04,W07,-3,-1,1,10,2.359,1.803,2108.12
HY-LOT-04,W07,-3,0,1,10,2.441,1.795,2093.12
HY-LOT-04,W07,-3,1,1,10,2.257,1.837,2097.79
HY-LOT-04,W07,-3,2,1,10,2.524,1.836,2086.63
HY-LOT-04,W07,-3,3,1,10,2.435,1.765,2084.21
HY-LOT-04,W07,-3,4,1,10,2.239,1.821,2119.93
HY-LOT-04,W07,-3,5,1,10,2.202,1.791,2101.94
HY-LOT-04,W07,-3,6,1,10,2.522,1.808,2099.96
HY-LOT-04,W07,-3,7,1,10,2.136,1.83,2084.93
HY-LOT-04,W07,-3,8,1,10,1.88,1.804,2125.08
HY-LOT-04,W07,-3,9,1,10,2.447,1.792,2117.64
HY-LOT-04,W07,-3,10,1,10,2.215,1.801,2118.45
HY-LOT-04,W07,-3,11,1,10,1.966,1.786,2076.76
HY-LOT-04,W07,-3,12,1,10,2.351,1.797,2096.66
HY-LOT-04,W07,-3,13,1,10,2.454,1.782,2115.91
HY-LOT-04,W07,-3,14,1,10,2.474,1.807,2120.31
HY-LOT-04,W07,-3,15,1,10,2.311,1.815,2074.81
HY-LOT-04,W07,-3,16,1,10,1.779,1.797,2107.52
HY-LOT-04,W07,-3,17,1,10,2.372,1.823,2112.57
HY-LOT-04,W07,-3,18,1,10,2.339,1.774,2095.42
HY-LOT-04,W07,-3,19,1,10,2.385,1.821,2109.43
HY-LOT-04,W07,-2,-19,1,10,2.097,1.783,2104.42
HY-LOT-04,W07,-2,-18,1,10,2.434,1.802,2084.02
HY-LOT-04,W07,-2,-17,1,10,2.125,1.83,2089.24
HY-LOT-04,W07,-2,-16,1,10,2.498,1.794,2091.14
HY-LOT-04,W07,-2,-15,1,10,1.994,1.835,2097.17
HY-LOT-04,W07,-2,-14,1,10,2.628,1.798,2121.67
HY-LOT-04,W07,-2,-13,1,10,2.311,1.819,2115.41
HY-LOT-04,W07,-2,-12,1,10,2.341,1.803,2094.52
HY-LOT-04,W07,-2,-11,1,10,2.216,1.816,2117.38
HY-LOT-04,W07,-2,-10,1,10,1.953,1.785,2101.24
HY-LOT-04,W07,-2,-9,1,10,2.182,1.776,2105.77
HY-LOT-04,W07,-2,-8,1,10,2.508,1.817,2104.19
HY-LOT-04,W07,-2,-7,1,10,2.637,1.81,2107.72
HY-LOT-04,W07,-2,-6,1,10,2.17,1.784,2100.24
HY-LOT-04,W07,-2,-5,1,10,2.011,1.789,2115.94
HY-LOT-04,W07,-2,-4,1,10,2.121,1.797,2053.67
HY-LOT-04,W07,-2,-3,1,10,2.103,1.797,2069.48
HY-LOT-04,W07,-2,-2,1,10,2.217,1.819,2110.7
HY-LOT-04,W07,-2,-1,1,10,2.501,1.822,2072.63
HY-LOT-04,W07,-2,0,1,10,2.308,1.808,2084.82
HY-LOT-04,W07,-2,1,1,10,1.984,1.821,2104.84
HY-LOT-04,W07,-2,2,1,10,2.351,1.813,2100.49
HY-LOT-04,W07,-2,3,1,10,2.153,1.824,2110.9
HY-LOT-04,W07,-2,4,1,10,2.414,1.813,2110.97
HY-LOT-04,W07,-2,5,1,10,2.196,1.784,2092.95
HY-LOT-04,W07,-2,6,1,10,2.187,1.79,2105.34
HY-LOT-04,W07,-2,7,1,10,2.469,1.793,2072.91
HY-LOT-04,W07,-2,8,2,21,2.587,1.795,2120.42
HY-LOT-04,W07,-2,9,1,10,2.297,1.838,2114.77
HY-LOT-04,W07,-2,10,1,10,2.225,1.816,2086.68
HY-LOT-04,W07,-2,11,1,10,2.301,1.825,2109.01
HY-LOT-04,W07,-2,12,1,10,2.058,1.806,2107.86
HY-LOT-04,W07,-2,13,1,10,2.851,1.809,2102.27
HY-LOT-04,W07,-2,14,1,10,1.993,1.814,2093.27
HY-LOT-04,W07,-2,15,1,10,2.048,1.783,2073.79
HY-LOT-04,W07,-2,16,1,10,2.519,1.763,2105.8
HY-LOT-04,W07,-2,17,1,10,2.143,1.819,2078.32
HY-LOT-04,W07,-2,18,1,10,2.4,1.821,2109.35
HY-LOT-04,W07,-2,19,1,10,2.339,1.807,2120.02
HY-LOT-04,W07,-1,-19,1,10,2.408,1.782,2068.67
HY-LOT-04,W07,-1,-18,1,10,2.468,1.799,2108.97
HY-LOT-04,W07,-1,-17,1,10,2.584,1.802,2097.14
HY-LOT-04,W07,-1,-16,1,10,2.108,1.793,2088.79
HY-LOT-04,W07,-1,-15,1,10,2.078,1.795,2129.94
HY-LOT-04,W07,-1,-14,1,10,2.549,1.805,2076.12
HY-LOT-04,W07,-1,-13,1,10,2.297,1.806,2118.95
HY-LOT-04,W07,-1,-12,1,10,2.305,1.807,2080.94
HY-LOT-04,W07,-1,-11,1,10,2.453,1.78,2105.88
HY-LOT-04,W07,-1,-10,1,10,2.253,1.816,2116.5
HY-LOT-04,W07,-1,-9,1,10,2.005,1.801,2077.53
HY-LOT-04,W07,-1,-8,1,10,2.111,1.816,2064.45
HY-LOT-04,W07,-1,-7,1,10,2.134,1.796,2095.73
HY-LOT-04,W07,-1,-6,1,10,2.382,1.797,2103.91
HY-LOT-04,W07,-1,-5,1,10,2.328,1.825,2103.82
HY-LOT-04,W07,-1,-4,1,10,2.202,1.814,2113.59
HY-LOT-04,W07,-1,-3,1,10,2.503,1.828,2124.22
HY-LOT-04,W07,-1,-2,1,10,2.448,1.794,2090.45
HY-LOT-04,W07,-1,-1,1,10,2.328,1.782,2087.39
HY-LOT-04,W07,-1,0,1,10,2.196,1.819,2098.37
HY-LOT-04,W07,-1,1,1,10,2.116,1.804,2081.63
HY-LOT-04,W07,-1,2,1,10,2.232,1.786,2101.11
HY-LOT-04,W07,-1,3,1,10,2.252,1.787,2127.44
HY-LOT-04,W07,-1,4,1,10,1.854,1.783,2071.44
HY-LOT-04,W07,-1,5,1,10,2.322,1.825,2116.21
HY-LOT-04,W07,-1,6,1,10,2.12,1.821,2117.07
HY-LOT-04,W07,-1,7,1,10,2.109,1.802,2075.71
HY-LOT-04,W07,-1,8,1,10,1.859,1.81,2093.91
HY-LOT-04,W07,-1,9,1,10,2.193,1.8,2101.57
HY-LOT-04,W07,-1,10,1,10,2.244,1.792,2125.14
HY-LOT-04,W07,-1,11,1,10,1.915,1.808,2094.73
HY-LOT-04,W07,-1,12,1,10,2.099,1.829,2087.2
HY-LOT-04,W07,-1,13,1,10,2.138,1.817,2082.62
HY-LOT-04,W07,-1,14,1,10,1.956,1.79,2104.11
HY-LOT-04,W07,-1,15,1,10,2.69,1.807,2109.28
HY-LOT-04,W07,-1,16,1,10,2.638,1.801,2120.7
HY-LOT-04,W07,-1,17,1,10,2.534,1.798,2132.58
HY-LOT-04,W07,-1,18,1,10,2.142,1.775,2124.67
HY-LOT-04,W07,-1,19,1,10,2.12,1.817,2088.69
HY-LOT-04,W07,0,-19,1,10,2.257,1.804,2122.25
HY-LOT-04,W07,0,-18,1,10,2.537,1.81,2088.08
HY-LOT-04,W07,0,-17,1,10,2.442,1.773,2066.41
HY-LOT-04,W07,0,-16,1,10,2.372,1.805,2125.62
HY-LOT-04,W07,0,-15,1,10,2.291,1.797,2088.54
HY-LOT-04,W07,0,-14,1,10,2.001,1.812,2138.33
HY-LOT-04,W07,0,-13,1,10,2.215,1.822,2078.24
HY-LOT-04,W07,0,-12,1,10,2.119,1.842,2075.21
HY-LOT-04,W07,0,-11,1,10,2.138,1.818,2124.32
HY-LOT-04,W07,0,-10,1,10,2.146,1.789,2108.91
HY-LOT-04,W07,0,-9,1,10,2.346,1.807,2067.18
HY-LOT-04,W07,0,-8,1,10,2.197,1.786,2101.15
HY-LOT-04,W07,0,-7,1,10,2.072,1.798,2109.02
HY-LOT-04,W07,0,-6,1,10,2.549,1.773,2095.68
HY-LOT-04,W07,0,-5,1,10,2.205,1.806,2113.74
HY-LOT-04,W07,0,-4,1,10,2.37,1.807,2067.92
HY-LOT-04,W07,0,-3,1,10,2.367,1.817,2111.9
HY-LOT-04,W07,0,-2,1,10,2.222,1.786,2098.01
HY-LOT-04,W07,0,-1,1,10,2.119,1.8,2085.79
HY-LOT-04,W07,0,0,1,10,1.992,1.806,2078.29
HY-LOT-04,W07,0,1,1,10,2.414,1.82,2090.89
HY-LOT-04,W07,0,2,1,10,2.075,1.773,2092.86
HY-LOT-04,W07,0,3,1,10,2.65,1.815,2108.4
HY-LOT-04,W07,0,4,1,10,2.384,1.783,2096.77
HY-LOT-04,W07,0,5,1,10,1.946,1.82,2123.09
HY-LOT-04,W07,0,6,1,10,2.253,1.79,2055.13
HY-LOT-04,W07,0,7,1,10,2.438,1.773,2137.33
HY-LOT-04,W07,0,8,1,10,2.122,1.784,2114.2
HY-LOT-04,W07,0,9,1,10,2.448,1.798,2052.03
HY-LOT-04,W07,0,10,1,10,2.363,1.834,2077.33
HY-LOT-04,W07,0,11,1,10,2.178,1.775,2086.38
HY-LOT-04,W07,0,12,1,10,2.53,1.785,2099.45
HY-LOT-04,W07,0,13,1,10,2.2,1.802,2125.7
HY-LOT-04,W07,0,14,1,10,2.084,1.811,2101.88
HY-LOT-04,W07,0,15,1,10,2.33,1.806,2086.48
HY-LOT-04,W07,0,16,1,10,2.302,1.798,2115.78
HY-LOT-04,W07,0,17,1,10,2.177,1.806,2106.16
HY-LOT-04,W07,0,18,1,10,2.42,1.783,2114
HY-LOT-04,W07,0,19,1,10,2.132,1.806,2098.49
HY-LOT-04,W07,1,-19,1,10,2.318,1.798,2080.64
HY-LOT-04,W07,1,-18,1,10,2.305,1.805,2123.88
HY-LOT-04,W07,1,-17,1,10,2.332,1.818,2088.94
HY-LOT-04,W07,1,-16,1,10,2.605,1.812,2138.29
HY-LOT-04,W07,1,-15,1,10,2.212,1.795,2107.53
HY-LOT-04,W07,1,-14,1,10,2.533,1.807,2096.87
HY-LOT-04,W07,1,-13,1,10,2.07,1.805,2115.98
HY-LOT-04,W07,1,-12,1,10,2.041,1.788,2067.17
HY-LOT-04,W07,1,-11,1,10,2.631,1.797,2075.55
HY-LOT-04,W07,1,-10,1,10,2.113,1.81,2114.72
HY-LOT-04,W07,1,-9,1,10,2.223,1.793,2086.03
HY-LOT-04,W07,1,-8,1,10,2.147,1.811,2098.39
HY-LOT-04,W07,1,-7,1,10,2.47,1.776,2123.96
HY-LOT-04,W07,1,-6,1,10,2.531,1.787,2102.27
HY-LOT-04,W07,1,-5,1,10,2.365,1.821,2108.22
HY-LOT-04,W07,1,-4,1,10,2.553,1.782,2108.21
HY-LOT-04,W07,1,-3,1,10,2.685,1.81,2083.83
HY-LOT-04,W07,1,-2,1,10,2.182,1.812,2108.81
HY-LOT-04,W07,1,-1,1,10,2.458,1.763,2100.92
HY-LOT-04,W07,1,0,1,10,2.243,1.808,2096.14
HY-LOT-04,W07,1,1,1,10,2.324,1.794,2125.01
HY-LOT-04,W07,1,2,1,10,2.423,1.786,2133.98
HY-LOT-04,W07,1,3,1,10,2.367,1.822,2105.16
HY-LOT-04,W07,1,4,1,10,2.599,1.787,2107.21
HY-LOT-04,W07,1,5,1,10,2.299,1.801,2098.25
HY-LOT-04,W07,1,6,1,10,2.397,1.789,2098.23
HY-LOT-04,W07,1,7,1,10,2.221,1.799,2095
HY-LOT-04,W07,1,8,1,10,2.285,1.821,2126.85
HY-LOT-04,W07,1,9,1,10,2.359,1.798,2093.71
HY-LOT-04,W07,1,10,1,10,1.917,1.797,2093.56
HY-LOT-04,W07,1,11,1,10,2.515,1.799,2109.85
HY-LOT-04,W07,1,12,1,10,1.803,1.814,2095.39
HY-LOT-04,W07,1,13,1,10,2.4,1.803,2109.52
HY-LOT-04,W07,1,14,1,10,2.169,1.758,2101.51
HY-LOT-04,W07,1,15,2,21,2.602,1.774,2110.45
HY-LOT-04,W07,1,16,1,10,2.344,1.813,2070.61
HY-LOT-04,W07,1,17,1,10,2.389,1.805,2092.38
HY-LOT-04,W07,1,18,1,10,2.3,1.791,2103.15
HY-LOT-04,W07,1,19,1,10,2.56,1.812,2096.4
HY-LOT-04,W07,2,-19,1,10,2.437,1.827,2076.2
HY-LOT-04,W07,2,-18,1,10,2.125,1.785,2118.05
HY-LOT-04,W07,2,-17,1,10,2.189,1.802,2078.34
HY-LOT-04,W07,2,-16,1,10,1.933,1.82,2077.45
HY-LOT-04,W07,2,-15,1,10,2.45,1.781,2095.34
HY-LOT-04,W07,2,-14,1,10,2.218,1.771,2086.71
HY-LOT-04,W07,2,-13,1,10,2.265,1.791,2084.88
HY-LOT-04,W07,2,-12,1,10,1.978,1.788,2136.55
HY-LOT-04,W07,2,-11,1,10,2.291,1.789,2092.9
HY-LOT-04,W07,2,-10,1,10,2.231,1.804,2111.17
HY-LOT-04,W07,2,-9,1,10,2.122,1.823,2112.72
HY-LOT-04,W07,2,-8,1,10,2.101,1.775,2116.44
HY-LOT-04,W07,2,-7,1,10,2.662,1.787,2109.98
HY-LOT-04,W07,2,-6,1,10,2.637,1.795,2099.68
HY-LOT-04,W07,2,-5,1,10,2.182,1.812,2114.18
HY-LOT-04,W07,2,-4,1,10,2.159,1.788,2108.57
HY-LOT-04,W07,2,-3,1,10,2.371,1.81,2092.36
HY-LOT-04,W07,2,-2,1,10,2.141,1.836,2084.3
HY-LOT-04,W07,2,-1,1,10,1.996,1.85,2106.97
HY-LOT-04,W07,2,0,1,10,2.274,1.797,2107.61
HY-LOT-04,W07,2,1,1,10,2.068,1.797,2117.58
HY-LOT-04,W07,2,2,1,10,2.165,1.824,2089.05
HY-LOT-04,W07,2,3,1,10,2.228,1.792,2088.9
HY-LOT-04,W07,2,4,1,10,2.154,1.781,2113.71
HY-LOT-04,W07,2,5,1,10,2.191,1.819,2074.1
HY-LOT-04,W07,2,6,1,10,2.244,1.803,2127.27
HY-LOT-04,W07,2,7,1,10,1.933,1.821,2080.39
HY-LOT-04,W07,2,8,1,10,1.843,1.79,2117.51
HY-LOT-04,W07,2,9,1,10,2.29,1.78,2092.69
HY-LOT-04,W07,2,10,1,10,2.256,1.844,2104.83
HY-LOT-04,W07,2,11,1,10,2.35,1.791,2090.46
HY-LOT-04,W07,2,12,1,10,2.089,1.808,2071.49
HY-LOT-04,W07,2,13,1,10,1.991,1.812,2088.1
HY-LOT-04,W07,2,14,1,10,2.202,1.787,2105.73
HY-LOT-04,W07,2,15,1,10,2.492,1.807,2092.03
HY-LOT-04,W07,2,16,1,10,1.898,1.807,2093.94
HY-LOT-04,W07,2,17,1,10,2.205,1.819,2110.85
HY-LOT-04,W07,2,18,1,10,2.499,1.817,2087.99
HY-LOT-04,W07,2,19,1,10,2.221,1.81,2085.93
HY-LOT-04,W07,3,-19,1,10,2.358,1.788,2113.49
HY-LOT-04,W07,3,-18,1,10,2.494,1.825,2106.67
HY-LOT-04,W07,3,-17,1,10,2.262,1.782,2088.74
HY-LOT-04,W07,3,-16,1,10,2.263,1.785,2084.51
HY-LOT-04,W07,3,-15,1,10,2.046,1.815,2062.3
HY-LOT-04,W07,3,-14,1,10,2.312,1.794,2078.51
HY-LOT-04,W07,3,-13,1,10,2.585,1.801,2119.48
HY-LOT-04,W07,3,-12,1,10,1.997,1.813,2110.58
HY-LOT-04,W07,3,-11,1,10,2.265,1.794,2082.66
HY-LOT-04,W07,3,-10,1,10,2.29,1.793,2101.48
HY-LOT-04,W07,3,-9,1,10,2.519,1.798,2082.41
HY-LOT-04,W07,3,-8,1,10,2.092,1.789,2097.76
HY-LOT-04,W07,3,-7,1,10,2.279,1.79,2142.83
HY-LOT-04,W07,3,-6,1,10,2.062,1.782,2105.65
HY-LOT-04,W07,3,-5,1,10,2.435,1.821,2104.67
HY-LOT-04,W07,3,-4,1,10,2.457,1.812,2087.76
HY-LOT-04,W07,3,-3,1,10,2.476,1.814,2073.62
HY-LOT-04,W07,3,-2,1,10,2.125,1.802,2119.86
HY-LOT-04,W07,3,-1,1,10,2.055,1.8,2100.57
HY-LOT-04,W07,3,0,1,10,2.321,1.818,2115.61
HY-LOT-04,W07,3,1,1,10,2.282,1.816,2083.12
HY-LOT-04,W07,3,2,1,10,2.564,1.779,2128.12
HY-LOT-04,W07,3,3,1,10,1.987,1.819,2114.62
HY-LOT-04,W07,3,4,1,10,2.084,1.79,2088.08
HY-LOT-04,W07,3,5,1,10,2.345,1.786,2093.68
HY-LOT-04,W07,3,6,1,10,2.381,1.763,2084.31
HY-LOT-04,W07,3,7,1,10,2.271,1.794,2117.61
HY-LOT-04,W07,3,8,1,10,2.218,1.779,2095.55
HY-LOT-04,W07,3,9,1,10,2.491,1.811,2098.44
HY-LOT-04,W07,3,10,1,10,2.244,1.81,2096.52
HY-LOT-04,W07,3,11,1,10,2.103,1.808,2104.23
HY-LOT-04,W07,3,12,1,10,2.294,1.824,2111.62
HY-LOT-04,W07,3,13,1,10,2.299,1.81,2099.65
HY-LOT-04,W07,3,14,1,10,2.209,1.793,2084.75
HY-LOT-04,W07,3,15,1,10,2.359,1.792,2102.86
HY-LOT-04,W07,3,16,1,10,2.265,1.814,2119.13
HY-LOT-04,W07,3,17,1,10,2.264,1.777,2101.32
HY-LOT-04,W07,3,18,1,10,2.295,1.804,2125.3
HY-LOT-04,W07,3,19,1,10,2.453,1.788,2102.41
HY-LOT-04,W07,4,-18,1,10,1.963,1.811,2088.98
HY-LOT-04,W07,4,-17,1,10,2.196,1.833,2069.05
HY-LOT-04,W07,4,-16,1,10,2.056,1.819,2085.1
HY-LOT-04,W07,4,-15,1,10,2.081,1.823,2081.92
HY-LOT-04,W07,4,-14,1,10,2.17,1.834,2109.44
HY-LOT-04,W07,4,-13,1,10,2.162,1.791,2103.93
HY-LOT-04,W07,4,-12,1,10,2.248,1.803,2071.1
HY-LOT-04,W07,4,-11,1,10,2.204,1.795,2086.34
HY-LOT-04,W07,4,-10,1,10,2.183,1.802,2101.16
HY-LOT-04,W07,4,-9,1,10,2.269,1.78,2065.28
HY-LOT-04,W07,4,-8,1,10,2.461,1.798,2104.17
HY-LOT-04,W07,4,-7,1,10,2.241,1.762,2079.4
HY-LOT-04,W07,4,-6,1,10,2.01,1.801,2125.7
HY-LOT-04,W07,4,-5,1,10,1.921,1.825,2098.72
HY-LOT-04,W07,4,-4,1,10,2.401,1.796,2099.47
HY-LOT-04,W07,4,-3,1,10,2.536,1.787,2132.47
HY-LOT-04,W07,4,-2,1,10,2.324,1.787,2092.32
HY-LOT-04,W07,4,-1,1,10,2.274,1.808,2085.4
HY-LOT-04,W07,4,0,1,10,2.25,1.767,2097.77
HY-LOT-04,W07,4,1,1,10,2.658,1.804,2115.47
HY-LOT-04,W07,4,2,1,10,2.302,1.795,2097.94
HY-LOT-04,W07,4,3,1,10,2.549,1.789,2088.92
HY-LOT-04,W07,4,4,1,10,1.681,1.757,2115.17
HY-LOT-04,W07,4,5,1,10,2.303,1.782,2066.31
HY-LOT-04,W07,4,6,1,10,2.348,1.798,2118.09
HY-LOT-04,W07,4,7,1,10,2.25,1.778,2102.16
HY-LOT-04,W07,4,8,1,10,2.142,1.835,2117.15
HY-LOT-04,W07,4,9,1,10,2.292,1.821,2086.52
HY-LOT-04,W07,4,10,1,10,2.341,1.819,2107.01
HY-LOT-04,W07,4,11,1,10,2.355,1.798,2063.57
HY-LOT-04,W07,4,12,1,10,2.689,1.81,2111.26
HY-LOT-04,W07,4,13,1,10,2.23,1.791,2104.14
HY-LOT-04,W07,4,14,1,10,2.364,1.788,2084.25
HY-LOT-04,W07,4,15,1,10,2.416,1.812,2110.95
HY-LOT-04,W07,4,16,1,10,2.456,1.792,2116.32
HY-LOT-04,W07,4,17,1,10,2.28,1.795,2095.12
HY-LOT-04,W07,4,18,1,10,2.196,1.82,2077.39
HY-LOT-04,W07,5,-18,1,10,2.626,1.791,2122.67
HY-LOT-04,W07,5,-17,1,10,2.652,1.815,2077.47
HY-LOT-04,W07,5,-16,1,10,1.906,1.8,2087.51
HY-LOT-04,W07,5,-15,1,10,1.975,1.818,2118.95
HY-LOT-04,W07,5,-14,1,10,2.099,1.829,2099.13
HY-LOT-04,W07,5,-13,1,10,2.263,1.797,2069.14
HY-LOT-04,W07,5,-12,1,10,2.125,1.802,2059.87
HY-LOT-04,W07,5,-11,1,10,2.055,1.794,2112.23
HY-LOT-04,W07,5,-10,1,10,2.492,1.8,2080.8
HY-LOT-04,W07,5,-9,1,10,2.713,1.821,2079.09
HY-LOT-04,W07,5,-8,1,10,2.136,1.831,2105.9
HY-LOT-04,W07,5,-7,1,10,2.14,1.814,2058.35
HY-LOT-04,W07,5,-6,1,10,2.051,1.839,2130.29
HY-LOT-04,W07,5,-5,1,10,2.239,1.808,2107.51
HY-LOT-04,W07,5,-4,1,10,2.327,1.819,2075.97
HY-LOT-04,W07,5,-3,1,10,2.174,1.811,2100.2
HY-LOT-04,W07,5,-2,1,10,2.33,1.819,2073.21
HY-LOT-04,W07,5,-1,1,10,2.301,1.804,2082.39
HY-LOT-04,W07,5,0,1,10,2.091,1.81,2112.03
HY-LOT-04,W07,5,1,1,10,2.388,1.806,2098.41
HY-LOT-04,W07,5,2,1,10,2.223,1.783,2088.68
HY-LOT-04,W07,5,3,1,10,2.155,1.789,2113.53
HY-LOT-04,W07,5,4,1,10,2.357,1.759,2071.34
HY-LOT-04,W07,5,5,1,10,2.649,1.777,2098.51
HY-LOT-04,W07,5,6,1,10,2.318,1.798,2107.23
HY-LOT-04,W07,5,7,1,10,2.116,1.835,2098.42
HY-LOT-04,W07,5,8,1,10,2.334,1.812,2135.06
HY-LOT-04,W07,5,9,1,10,2.2,1.773,2110.66
HY-LOT-04,W07,5,10,1,10,2.052,1.783,2062.35
HY-LOT-04,W07,5,11,1,10,2.286,1.786,2106.39
HY-LOT-04,W07,5,12,1,10,2.583,1.771,2079.61
HY-LOT-04,W07,5,13,1,10,2.027,1.792,2103.1
HY-LOT-04,W07,5,14,1,10,2.274,1.76,2088.06
HY-LOT-04,W07,5,15,1,10,2.21,1.814,2124.23
HY-LOT-04,W07,5,16,1,10,2.38,1.81,2103.1
HY-LOT-04,W07,5,17,1,10,2.272,1.78,2126.99
HY-LOT-04,W07,5,18,1,10,2.055,1.793,2090.42
HY-LOT-04,W07,6,-18,1,10,2.131,1.835,2098.22
HY-LOT-04,W07,6,-17,1,10,2.315,1.791,2124.27
HY-LOT-04,W07,6,-16,1,10,2.35,1.818,2081.11
HY-LOT-04,W07,6,-15,1,10,2.233,1.797,2092.77
HY-LOT-04,W07,6,-14,1,10,2.126,1.789,2053.59
HY-LOT-04,W07,6,-13,1,10,2.328,1.794,2115.34
HY-LOT-04,W07,6,-12,1,10,2.324,1.747,2069.67
HY-LOT-04,W07,6,-11,1,10,2.385,1.801,2100.03
HY-LOT-04,W07,6,-10,1,10,2.198,1.811,2090.57
HY-LOT-04,W07,6,-9,1,10,2.596,1.799,2079.58
HY-LOT-04,W07,6,-8,1,10,2.274,1.797,2121.86
HY-LOT-04,W07,6,-7,1,10,2.341,1.809,2111.36
HY-LOT-04,W07,6,-6,1,10,2.393,1.788,2114.48
HY-LOT-04,W07,6,-5,1,10,2.227,1.805,2094.15
HY-LOT-04,W07,6,-4,1,10,2.52,1.797,2121.32
HY-LOT-04,W07,6,-3,1,10,2.069,1.759,2104.19
HY-LOT-04,W07,6,-2,1,10,2.462,1.816,2097.67
HY-LOT-04,W07,6,-1,1,10,2.431,1.835,2104.25
HY-LOT-04,W07,6,0,1,10,2.123,1.809,2088.98
HY-LOT-04,W07,6,1,1,10,2.424,1.816,2111.87
HY-LOT-04,W07,6,2,1,10,1.957,1.786,2123.31
HY-LOT-04,W07,6,3,1,10,2.205,1.797,2074.88
HY-LOT-04,W07,6,4,1,10,2.233,1.788,2101.71
HY-LOT-04,W07,6,5,1,10,2.35,1.791,2108.86
HY-LOT-04,W07,6,6,1,10,2.089,1.799,2081.39
HY-LOT-04,W07,6,7,1,10,2.636,1.798,2101.98
HY-LOT-04,W07,6,8,1,10,2.113,1.759,2100.58
HY-LOT-04,W07,6,9,1,10,2.283,1.804,2121.79
HY-LOT-04,W07,6,10,1,10,1.873,1.787,2104.7
HY-LOT-04,W07,6,11,1,10,2.643,1.796,2092
HY-LOT-04,W07,6,12,1,10,2.038,1.806,2100.91
HY-LOT-04,W07,6,13,1,10,2.218,1.782,2115.48
HY-LOT-04,W07,6,14,1,10,2.214,1.777,2131.88
HY-LOT-04,W07,6,15,1,10,2.499,1.805,2103.22
HY-LOT-04,W07,6,16,1,10,2.291,1.802,2108.96
HY-LOT-04,W07,6,17,1,10,2.13,1.749,2099.38
HY-LOT-04,W07,6,18,1,10,2.215,1.778,2108.52
HY-LOT-04,W07,7,-17,1,10,2.423,1.837,2114.44
HY-LOT-04,W07,7,-16,1,10,2.072,1.783,2101.85
HY-LOT-04,W07,7,-15,1,10,2.353,1.811,2099.71
HY-LOT-04,W07,7,-14,1,10,2.184,1.794,2108.19
HY-LOT-04,W07,7,-13,1,10,2.137,1.838,2102.75
HY-LOT-04,W07,7,-12,1,10,2.564,1.802,2099.44
HY-LOT-04,W07,7,-11,1,10,2.313,1.818,2093.63
HY-LOT-04,W07,7,-10,1,10,2.343,1.82,2079.55
HY-LOT-04,W07,7,-9,1,10,2.275,1.804,2142.68
HY-LOT-04,W07,7,-8,1,10,2.452,1.804,2085.61
HY-LOT-04,W07,7,-7,1,10,1.964,1.808,2105.32
HY-LOT-04,W07,7,-6,1,10,2.064,1.779,2101.98
HY-LOT-04,W07,7,-5,1,10,2.467,1.799,2113.07
HY-LOT-04,W07,7,-4,1,10,2.302,1.806,2104.32
HY-LOT-04,W07,7,-3,1,10,2.266,1.809,2104.65
HY-LOT-04,W07,7,-2,1,10,2.095,1.798,2086.42
HY-LOT-04,W07,7,-1,1,10,2.139,1.82,2125.19
HY-LOT-04,W07,7,0,1,10,2.238,1.785,2127.9
HY-LOT-04,W07,7,1,1,10,2.091,1.804,2113.54
HY-LOT-04,W07,7,2,1,10,1.683,1.792,2090.76
HY-LOT-04,W07,7,3,1,10,2.237,1.796,2086.04
HY-LOT-04,W07,7,4,1,10,2.121,1.793,2063.8
HY-LOT-04,W07,7,5,1,10,2.184,1.81,2122.27
HY-LOT-04,W07,7,6,1,10,2.257,1.773,2084.36
HY-LOT-04,W07,7,7,1,10,2.42,1.79,2097.12
HY-LOT-04,W07,7,8,1,10,2.402,1.784,2105.13
HY-LOT-04,W07,7,9,1,10,2.304,1.782,2110.93
HY-LOT-04,W07,7,10,1,10,1.993,1.795,2075.8
HY-LOT-04,W07,7,11,1,10,2.066,1.828,2116.67
HY-LOT-04,W07,7,12,1,10,2.337,1.778,2109.17
HY-LOT-04,W07,7,13,1,10,2.093,1.794,2119.37
HY-LOT-04,W07,7,14,1,10,2.132,1.791,2064.69
HY-LOT-04,W07,7,15,1,10,2.608,1.819,2068.08
HY-LOT-04,W07,7,16,1,10,2.532,1.81,2093
HY-LOT-04,W07,7,17,1,10,2.112,1.787,2086.68
HY-LOT-04,W07,8,-17,2,21,2.363,1.786,2123.84
HY-LOT-04,W07,8,-16,2,21,2.331,1.8,2126.1
HY-LOT-04,W07,8,-15,1,10,2.153,1.784,2106.97
HY-LOT-04,W07,8,-14,1,10,2.245,1.77,2122.38
HY-LOT-04,W07,8,-13,1,10,2.404,1.809,2091.36
HY-LOT-04,W07,8,-12,1,10,2.29,1.77,2071.45
HY-LOT-04,W07,8,-11,1,10,2.365,1.816,2100.07
HY-LOT-04,W07,8,-10,1,10,2.294,1.81,2115.77
HY-LOT-04,W07,8,-9,1,10,2.313,1.8,2111.53
HY-LOT-04,W07,8,-8,1,10,2.571,1.818,2116.16
HY-LOT-04,W07,8,-7,1,10,2.373,1.798,2094.96
HY-LOT-04,W07,8,-6,1,10,2.36,1.773,2081.23
HY-LOT-04,W07,8,-5,1,10,2.084,1.85,2103.42
HY-LOT-04,W07,8,-4,1,10,2.24,1.806,2141.01
HY-LOT-04,W07,8,-3,1,10,2.597,1.807,2084.13
HY-LOT-04,W07,8,-2,1,10,2.14,1.801,2074.93
HY-LOT-04,W07,8,-1,1,10,2.142,1.801,2097.73
HY-LOT-04,W07,8,0,1,10,2.362,1.785,2093.08
HY-LOT-04,W07,8,1,1,10,2.213,1.777,2083.09
HY-LOT-04,W07,8,2,1,10,2.198,1.803,2106.09
HY-LOT-04,W07,8,3,1,10,2.39,1.787,2115.86
HY-LOT-04,W07,8,4,1,10,2.292,1.827,2116.05
HY-LOT-04,W07,8,5,1,10,2.215,1.812,2111.59
HY-LOT-04,W07,8,6,1,10,2.491,1.77,2124.99
HY-LOT-04,W07,8,7,1,10,2.36,1.789,2089.32
HY-LOT-04,W07,8,8,1,10,1.939,1.82,2124.63
HY-LOT-04,W07,8,9,1,10,2.149,1.802,2110.77
HY-LOT-04,W07,8,10,1,10,2.147,1.829,2083.78
HY-LOT-04,W07,8,11,1,10,2.208,1.796,2098.46
HY-LOT-04,W07,8,12,1,10,2.533,1.81,2102
HY-LOT-04,W07,8,13,1,10,2.539,1.806,2127.38
HY-LOT-04,W07,8,14,1,10,2.396,1.827,2111.28
HY-LOT-04,W07,8,15,1,10,2.106,1.792,2102.33
HY-LOT-04,W07,8,16,1,10,2.38,1.815,2125.46
HY-LOT-04,W07,8,17,1,10,2.067,1.774,2111.56
HY-LOT-04,W07,9,-17,1,10,2.345,1.827,2076.41
HY-LOT-04,W07,9,-16,1,10,2.254,1.792,2105.5
HY-LOT-04,W07,9,-15,1,10,2.2,1.787,2109.21
HY-LOT-04,W07,9,-14,1,10,2.536,1.781,2092.59
HY-LOT-04,W07,9,-13,1,10,2.452,1.837,2076.8
HY-LOT-04,W07,9,-12,1,10,2.515,1.787,2099.45
HY-LOT-04,W07,9,-11,1,10,2.029,1.804,2128.99
HY-LOT-04,W07,9,-10,1,10,2.062,1.778,2131.94
HY-LOT-04,W07,9,-9,1,10,1.947,1.789,2096.6
HY-LOT-04,W07,9,-8,1,10,2.231,1.792,2107.68
HY-LOT-04,W07,9,-7,1,10,2.212,1.79,2089.7
HY-LOT-04,W07,9,-6,1,10,2.264,1.8,2103.25
HY-LOT-04,W07,9,-5,2,21,2.423,1.778,2074.29
HY-LOT-04,W07,9,-4,1,10,2.061,1.811,2089.12
HY-LOT-04,W07,9,-3,1,10,2.411,1.787,2108.69
HY-LOT-04,W07,9,-2,1,10,2.338,1.807,2116.11
HY-LOT-04,W07,9,-1,1,10,2.507,1.795,2076.9
HY-LOT-04,W07,9,0,1,10,2.258,1.796,2091.98
HY-LOT-04,W07,9,1,1,10,2.348,1.799,2080.78
HY-LOT-04,W07,9,2,1,10,1.883,1.803,2097.61
HY-LOT-04,W07,9,3,1,10,2.129,1.803,2080.12
HY-LOT-04,W07,9,4,1,10,2.133,1.776,2107.19
HY-LOT-04,W07,9,5,1,10,2.366,1.804,2103.45
HY-LOT-04,W07,9,6,1,10,2.007,1.792,2097.45
HY-LOT-04,W07,9,7,1,10,2.377,1.806,2107.79
HY-LOT-04,W07,9,8,1,10,1.96,1.776,2099.97
HY-LOT-04,W07,9,9,1,10,2.098,1.806,2099.42
HY-LOT-04,W07,9,10,1,10,2.343,1.768,2088.7
HY-LOT-04,W07,9,11,1,10,2.614,1.789,2092.92
HY-LOT-04,W07,9,12,1,10,2.016,1.793,2090.58
HY-LOT-04,W07,9,13,1,10,2.247,1.804,2102.2
HY-LOT-04,W07,9,14,1,10,2.376,1.808,2126.13
HY-LOT-04,W07,9,15,1,10,1.93,1.8,2076.92
HY-LOT-04,W07,9,16,1,10,2.148,1.789,2092.52
HY-LOT-04,W07,9,17,1,10,2.425,1.806,2088.93
HY-LOT-04,W07,10,-16,1,10,1.969,1.802,2106.3
HY-LOT-04,W07,10,-15,1,10,2.078,1.819,2111
HY-LOT-04,W07,10,-14,1,10,2.355,1.808,2071.27
HY-LOT-04,W07,10,-13,1,10,2.071,1.772,2085.73
HY-LOT-04,W07,10,-12,1,10,2.376,1.819,2074.06
HY-LOT-04,W07,10,-11,1,10,2.203,1.795,2112.11
HY-LOT-04,W07,10,-10,1,10,2.35,1.822,2143.56
HY-LOT-04,W07,10,-9,1,10,2.253,1.78,2086.69
HY-LOT-04,W07,10,-8,1,10,2.254,1.82,2099.45
HY-LOT-04,W07,10,-7,1,10,2.254,1.819,2079.61
HY-LOT-04,W07,10,-6,1,10,2.46,1.792,2104.28
HY-LOT-04,W07,10,-5,1,10,2.424,1.784,2092.64
HY-LOT-04,W07,10,-4,1,10,2.432,1.801,2084.65
HY-LOT-04,W07,10,-3,1,10,2.155,1.817,2108.11
HY-LOT-04,W07,10,-2,1,10,2.298,1.767,2100.64
HY-LOT-04,W07,10,-1,1,10,2.204,1.83,2093.36
HY-LOT-04,W07,10,0,1,10,2.089,1.78,2124.19
HY-LOT-04,W07,10,1,1,10,1.911,1.769,2106.28
HY-LOT-04,W07,10,2,1,10,2.653,1.801,2105.65
HY-LOT-04,W07,10,3,1,10,2.239,1.801,2063.99
HY-LOT-04,W07,10,4,1,10,2.811,1.832,2100.16
HY-LOT-04,W07,10,5,1,10,2.362,1.779,2088.88
HY-LOT-04,W07,10,6,1,10,2.407,1.807,2096.49
HY-LOT-04,W07,10,7,1,10,2.339,1.769,2086.34
HY-LOT-04,W07,10,8,1,10,2.479,1.797,2109.02
HY-LOT-04,W07,10,9,1,10,2.448,1.782,2119.29
HY-LOT-04,W07,10,10,1,10,2.237,1.825,2083.15
HY-LOT-04,W07,10,11,1,10,2.275,1.828,2118.1
HY-LOT-04,W07,10,12,1,10,2.406,1.792,2125.17
HY-LOT-04,W07,10,13,1,10,2.426,1.79,2110.93
HY-LOT-04,W07,10,14,1,10,2.312,1.787,2129.6
HY-LOT-04,W07,10,15,1,10,2.111,1.811,2133.67
HY-LOT-04,W07,10,16,1,10,2.214,1.816,2092.16
HY-LOT-04,W07,11,-15,1,10,2.158,1.787,2091.33
HY-LOT-04,W07,11,-14,1,10,2.219,1.785,2108.4
HY-LOT-04,W07,11,-13,1,10,2.212,1.828,2097.92
HY-LOT-04,W07,11,-12,1,10,2.097,1.823,2122.35
HY-LOT-04,W07,11,-11,1,10,2.456,1.824,2118.79
HY-LOT-04,W07,11,-10,1,10,2.446,1.764,2091.88
HY-LOT-04,W07,11,-9,1,10,1.939,1.805,2093.49
HY-LOT-04,W07,11,-8,1,10,1.774,1.761,2090.49
HY-LOT-04,W07,11,-7,1,10,1.954,1.825,2102.05
HY-LOT-04,W07,11,-6,1,10,2.535,1.832,2100.85
HY-LOT-04,W07,11,-5,1,10,2.404,1.801,2106.91
HY-LOT-04,W07,11,-4,1,10,2.106,1.802,2150.83
HY-LOT-04,W07,11,-3,1,10,2.152,1.817,2076.5
HY-LOT-04,W07,11,-2,1,10,2.579,1.816,2110.63
HY-LOT-04,W07,11,-1,1,10,2.357,1.808,2070.24
HY-LOT-04,W07,11,0,1,10,2.28,1.801,2093.09
HY-LOT-04,W07,11,1,1,10,2.253,1.795,2086.99
HY-LOT-04,W07,11,2,1,10,2.208,1.771,2079.1
HY-LOT-04,W07,11,3,1,10,2.159,1.788,2131.12
HY-LOT-04,W07,11,4,1,10,2.271,1.811,2082.71
HY-LOT-04,W07,11,5,1,10,2.589,1.811,2099.06
HY-LOT-04,W07,11,6,1,10,2.586,1.821,2089.97
HY-LOT-04,W07,11,7,1,10,2.43,1.816,2120.35
HY-LOT-04,W07,11,8,1,10,2.385,1.816,2127.58
HY-LOT-04,W07,11,9,1,10,2.114,1.795,2070.16
HY-LOT-04,W07,11,10,1,10,2.11,1.832,2110.57
HY-LOT-04,W07,11,11,1,10,2.276,1.809,2089.75
HY-LOT-04,W07,11,12,1,10,2.356,1.802,2116.41
HY-LOT-04,W07,11,13,1,10,2.155,1.784,2088.84
HY-LOT-04,W07,11,14,1,10,2.215,1.797,2120.96
HY-LOT-04,W07,11,15,1,10,2.475,1.805,2091.85
HY-LOT-04,W07,12,-15,1,10,2.778,1.815,2114.75
HY-LOT-04,W07,12,-14,1,10,2.03,1.831,2083.06
HY-LOT-04,W07,12,-13,2,21,2.23,1.776,2110.01
HY-LOT-04,W07,12,-12,1,10,2.65,1.793,2136.68
HY-LOT-04,W07,12,-11,1,10,2.064,1.798,2095.43
HY-LOT-04,W07,12,-10,1,10,2.452,1.8,2089.43
HY-LOT-04,W07,12,-9,1,10,2.18,1.793,2066.06
HY-LOT-04,W07,12,-8,1,10,2.154,1.793,2087.64
HY-LOT-04,W07,12,-7,1,10,2.131,1.763,2092.2
HY-LOT-04,W07,12,-6,1,10,2.321,1.806,2076.22
HY-LOT-04,W07,12,-5,1,10,1.839,1.788,2139.6
HY-LOT-04,W07,12,-4,1,10,2.349,1.811,2088.03
HY-LOT-04,W07,12,-3,1,10,2.084,1.796,2119.66
HY-LOT-04,W07,12,-2,1,10,2.34,1.78,2103.45
HY-LOT-04,W07,12,-1,1,10,2.137,1.79,2077.13
HY-LOT-04,W07,12,0,1,10,2.327,1.812,2087.55
HY-LOT-04,W07,12,1,1,10,2.086,1.794,2115.31
HY-LOT-04,W07,12,2,1,10,2.189,1.802,2108.98
HY-LOT-04,W07,12,3,1,10,2.536,1.81,2096.7
HY-LOT-04,W07,12,4,1,10,2.104,1.807,2098.2
HY-LOT-04,W07,12,5,1,10,2.269,1.803,2114.09
HY-LOT-04,W07,12,6,1,10,1.822,1.792,2106.55
HY-LOT-04,W07,12,7,1,10,2.155,1.793,2078.78
HY-LOT-04,W07,12,8,1,10,2.126,1.806,2106.77
HY-LOT-04,W07,12,9,1,10,2.302,1.839,2107.53
HY-LOT-04,W07,12,10,1,10,2.167,1.772,2094.24
HY-LOT-04,W07,12,11,1,10,2.149,1.82,2084.27
HY-LOT-04,W07,12,12,1,10,2.345,1.794,2061.75
HY-LOT-04,W07,12,13,1,10,2.081,1.801,2123.67
HY-LOT-04,W07,12,14,1,10,2.116,1.808,2095.55
HY-LOT-04,W07,12,15,1,10,2.184,1.799,2087.74
HY-LOT-04,W07,13,-14,1,10,2.26,1.802,2116.55
HY-LOT-04,W07,13,-13,1,10,2.269,1.784,2073.54
HY-LOT-04,W07,13,-12,1,10,2.199,1.786,2093.16
HY-LOT-04,W07,13,-11,1,10,2.156,1.795,2071.95
HY-LOT-04,W07,13,-10,1,10,2.319,1.787,2088.91
HY-LOT-04,W07,13,-9,1,10,2.267,1.786,2100.73
HY-LOT-04,W07,13,-8,1,10,2.086,1.809,2120.98
HY-LOT-04,W07,13,-7,1,10,2.678,1.808,2100.41
HY-LOT-04,W07,13,-6,1,10,2.073,1.783,2074.81
HY-LOT-04,W07,13,-5,1,10,2.336,1.779,2110.01
HY-LOT-04,W07,13,-4,1,10,2.447,1.783,2125.73
HY-LOT-04,W07,13,-3,1,10,2.334,1.799,2114.71
HY-LOT-04,W07,13,-2,1,10,2.181,1.784,2085.64
HY-LOT-04,W07,13,-1,1,10,2.344,1.835,2102.3
HY-LOT-04,W07,13,0,1,10,2.673,1.827,2100.08
HY-LOT-04,W07,13,1,1,10,2.261,1.829,2102.12
HY-LOT-04,W07,13,2,1,10,2.141,1.806,2078.92
HY-LOT-04,W07,13,3,1,10,1.838,1.801,2114.02
HY-LOT-04,W07,13,4,1,10,2.32,1.756,2147.89
HY-LOT-04,W07,13,5,1,10,2.642,1.812,2085.15
HY-LOT-04,W07,13,6,1,10,2.467,1.788,2091.78
HY-LOT-04,W07,13,7,1,10,2.016,1.79,2110.19
HY-LOT-04,W07,13,8,1,10,2.468,1.805,2120.76
HY-LOT-04,W07,13,9,1,10,1.757,1.791,2111.32
HY-LOT-04,W07,13,10,1,10,2.131,1.789,2082.23
HY-LOT-04,W07,13,11,1,10,2.398,1.804,2098.47
HY-LOT-04,W07,13,12,1,10,2.153,1.768,2089.75
HY-LOT-04,W07,13,13,1,10,2.421,1.812,2085.66
HY-LOT-04,W07,13,14,1,10,2.284,1.805,2093.96
HY-LOT-04,W07,14,-13,1,10,2.267,1.769,2095.54
HY-LOT-04,W07,14,-12,1,10,2.061,1.79,2086.02
HY-LOT-04,W07,14,-11,1,10,2.223,1.786,2110.46
HY-LOT-04,W07,14,-10,1,10,2.583,1.8,2084.46
HY-LOT-04,W07,14,-9,1,10,1.934,1.761,2080.81
HY-LOT-04,W07,14,-8,1,10,1.945,1.784,2068.35
HY-LOT-04,W07,14,-7,1,10,2.399,1.754,2065.96
HY-LOT-04,W07,14,-6,1,10,2.296,1.795,2095.37
HY-LOT-04,W07,14,-5,1,10,2.054,1.821,2068.68
HY-LOT-04,W07,14,-4,1,10,2.106,1.81,2105.18
HY-LOT-04,W07,14,-3,1,10,1.92,1.818,2117.85
HY-LOT-04,W07,14,-2,1,10,2.163,1.791,2109.67
HY-LOT-04,W07,14,-1,1,10,2.412,1.822,2114.65
HY-LOT-04,W07,14,0,1,10,2.316,1.806,2104.56
HY-LOT-04,W07,14,1,1,10,2.159,1.793,2071.46
HY-LOT-04,W07,14,2,1,10,2.434,1.843,2091.9
HY-LOT-04,W07,14,3,1,10,2.045,1.83,2104.39
HY-LOT-04,W07,14,4,1,10,2.274,1.819,2067.58
HY-LOT-04,W07,14,5,1,10,2.25,1.795,2109.06
HY-LOT-04,W07,14,6,1,10,2.286,1.788,2085.43
HY-LOT-04,W07,14,7,1,10,2.218,1.81,2072.73
HY-LOT-04,W07,14,8,1,10,2.519,1.815,2105.42
HY-LOT-04,W07,14,9,1,10,2.387,1.816,2089.75
HY-LOT-04,W07,14,10,1,10,2.199,1.787,2102
HY-LOT-04,W07,14,11,1,10,2.434,1.824,2091.83
HY-LOT-04,W07,14,12,1,10,2.46,1.814,2087.91
HY-LOT-04,W07,14,13,1,10,2.127,1.81,2114.33
HY-LOT-04,W07,15,-12,1,10,2.028,1.792,2090.78
HY-LOT-04,W07,15,-11,1,10,2.603,1.78,2057.8
HY-LOT-04,W07,15,-10,1,10,2.326,1.824,2102.55
HY-LOT-04,W07,15,-9,1,10,2.44,1.788,2090.13
HY-LOT-04,W07,15,-8,1,10,2.197,1.828,2091.28
HY-LOT-04,W07,15,-7,1,10,2.227,1.778,2098.25
HY-LOT-04,W07,15,-6,1,10,2.339,1.804,2085.13
HY-LOT-04,W07,15,-5,1,10,2.065,1.783,2123.85
HY-LOT-04,W07,15,-4,1,10,2.71,1.817,2106.28
HY-LOT-04,W07,15,-3,1,10,2.293,1.822,2097.46
HY-LOT-04,W07,15,-2,1,10,2.233,1.791,2110.31
HY-LOT-04,W07,15,-1,1,10,2.27,1.818,2113.01
HY-LOT-04,W07,15,0,1,10,2.298,1.823,2107.7
HY-LOT-04,W07,15,1,1,10,1.752,1.789,2081.56
HY-LOT-04,W07,15,2,1,10,2.059,1.824,2120.01
HY-LOT-04,W07,15,3,1,10,2.036,1.795,2099.89
HY-LOT-04,W07,15,4,1,10,2.365,1.8,2108.31
HY-LOT-04,W07,15,5,1,10,2.083,1.796,2098.75
HY-LOT-04,W07,15,6,1,10,2.475,1.797,2089.43
HY-LOT-04,W07,15,7,1,10,2.502,1.75,2088.53
HY-LOT-04,W07,15,8,1,10,2.227,1.775,2097.17
HY-LOT-04,W07,15,9,1,10,2.094,1.803,2143.71
HY-LOT-04,W07,15,10,1,10,2.333,1.812,2107.09
HY-LOT-04,W07,15,11,1,10,2.342,1.798,2083.9
HY-LOT-04,W07,15,12,1,10,2.378,1.776,2080.2
HY-LOT-04,W07,16,-10,1,10,2.13,1.763,2057.26
HY-LOT-04,W07,16,-9,1,10,2.671,1.822,2070.11
HY-LOT-04,W07,16,-8,1,10,2.107,1.791,2080.47
HY-LOT-04,W07,16,-7,1,10,2.644,1.807,2109.71
HY-LOT-04,W07,16,-6,1,10,2.77,1.785,2089.54
HY-LOT-04,W07,16,-5,1,10,2.085,1.763,2095.69
HY-LOT-04,W07,16,-4,1,10,1.873,1.832,2098.13
HY-LOT-04,W07,16,-3,1,10,2.08,1.812,2109.09
HY-LOT-04,W07,16,-2,1,10,2.363,1.821,2103.24
HY-LOT-04,W07,16,-1,1,10,1.893,1.792,2092.1
HY-LOT-04,W07,16,0,1,10,2.434,1.785,2088.55
HY-LOT-04,W07,16,1,1,10,2.442,1.795,2085.7
HY-LOT-04,W07,16,2,1,10,2.41,1.856,2102.02
HY-LOT-04,W07,16,3,1,10,2.192,1.751,2076.49
HY-LOT-04,W07,16,4,1,10,2.314,1.804,2130.54
HY-LOT-04,W07,16,5,1,10,2.401,1.785,2117.09
HY-LOT-04,W07,16,6,1,10,2.316,1.802,2081.05
HY-LOT-04,W07,16,7,1,10,1.909,1.78,2104.63
HY-LOT-04,W07,16,8,2,21,2.107,1.779,2069.7
HY-LOT-04,W07,16,9,1,10,2.489,1.777,2100.46
HY-LOT-04,W07,16,10,1,10,2.01,1.802,2078.57
HY-LOT-04,W07,17,-9,1,10,2.483,1.793,2103.14
HY-LOT-04,W07,17,-8,1,10,2.298,1.834,2087.8
HY-LOT-04,W07,17,-7,1,10,2.305,1.797,2119.46
HY-LOT-04,W07,17,-6,1,10,2.07,1.807,2104.3
HY-LOT-04,W07,17,-5,1,10,1.996,1.813,2131.91
HY-LOT-04,W07,17,-4,1,10,2.375,1.811,2100.32
HY-LOT-04,W07,17,-3,1,10,2.35,1.771,2087.03
HY-LOT-04,W07,17,-2,1,10,2.321,1.818,2119
HY-LOT-04,W07,17,-1,1,10,2.302,1.827,2106.02
HY-LOT-04,W07,17,0,1,10,2.533,1.792,2115.5
HY-LOT-04,W07,17,1,1,10,2.719,1.826,2086.89
HY-LOT-04,W07,17,2,1,10,2.444,1.806,2086.85
HY-LOT-04,W07,17,3,1,10,2.312,1.773,2083.99
HY-LOT-04,W07,17,4,1,10,2.069,1.787,2081.71
HY-LOT-04,W07,17,5,1,10,2.126,1.817,2098.06
HY-LOT-04,W07,17,6,1,10,1.89,1.791,2094.92
HY-LOT-04,W07,17,7,1,10,2.292,1.783,2114.18
HY-LOT-04,W07,17,8,1,10,1.988,1.785,2084.76
HY-LOT-04,W07,17,9,1,10,2.2,1.773,2111.19
HY-LOT-04,W07,18,-6,1,10,2.299,1.789,2123.53
HY-LOT-04,W07,18,-5,1,10,1.932,1.808,2086.02
HY-LOT-04,W07,18,-4,1,10,2.397,1.794,2127.13
HY-LOT-04,W07,18,-3,1,10,2.591,1.792,2098.52
HY-LOT-04,W07,18,-2,1,10,2.128,1.823,2094.9
HY-LOT-04,W07,18,-1,1,10,2.442,1.822,2092.62
HY-LOT-04,W07,18,0,1,10,2.031,1.811,2060.15
HY-LOT-04,W07,18,1,1,10,2.153,1.8,2108.41
HY-LOT-04,W07,18,2,1,10,2.133,1.806,2130.43
HY-LOT-04,W07,18,3,1,10,2.271,1.813,2111.31
HY-LOT-04,W07,18,4,1,10,1.988,1.766,2092.47
HY-LOT-04,W07,18,5,1,10,2.138,1.824,2084.15
HY-LOT-04,W07,18,6,1,10,2.476,1.78,2078.09
HY-LOT-04,W07,19,-3,1,10,2.424,1.806,2077.92
HY-LOT-04,W07,19,-2,1,10,2.756,1.833,2105.18
HY-LOT-04,W07,19,-1,1,10,2.125,1.821,2089.59
HY-LOT-04,W07,19,0,1,10,2.435,1.82,2085.56
HY-LOT-04,W07,19,1,1,10,2.266,1.796,2139.78
HY-LOT-04,W07,19,2,1,10,2.607,1.804,2059.56
HY-LOT-04,W07,19,3,1,10,2.224,1.773,2085.24
HY-LOT-04,W08,-19,-3,1,10,2.201,1.813,2087.44
HY-LOT-04,W08,-19,-2,1,10,2.32,1.806,2098.82
HY-LOT-04,W08,-19,-1,1,10,2.054,1.799,2097.82
HY-LOT-04,W08,-19,0,1,10,2.259,1.813,2086.54
HY-LOT-04,W08,-19,1,1,10,1.908,1.839,2084.26
HY-LOT-04,W08,-19,2,1,10,2.116,1.818,2109.07
HY-LOT-04,W08,-19,3,1,10,2.478,1.806,2068.87
HY-LOT-04,W08,-18,-6,1,10,2.177,1.796,2091.59
HY-LOT-04,W08,-18,-5,1,10,1.914,1.798,2102.16
HY-LOT-04,W08,-18,-4,1,10,2.087,1.763,2077.04
HY-LOT-04,W08,-18,-3,1,10,2.287,1.832,2117.13
HY-LOT-04,W08,-18,-2,1,10,2.242,1.833,2124.19
HY-LOT-04,W08,-18,-1,1,10,2.2,1.777,2091.15
HY-LOT-04,W08,-18,0,1,10,2.316,1.816,2114.36
HY-LOT-04,W08,-18,1,1,10,2.139,1.817,2089.22
HY-LOT-04,W08,-18,2,1,10,2.143,1.78,2124.09
HY-LOT-04,W08,-18,3,1,10,2.465,1.781,2085.02
HY-LOT-04,W08,-18,4,1,10,2.404,1.759,2119.81
HY-LOT-04,W08,-18,5,1,10,1.959,1.812,2119.54
HY-LOT-04,W08,-18,6,1,10,2.034,1.794,2107.3
HY-LOT-04,W08,-17,-9,1,10,2.132,1.778,2086.43
HY-LOT-04,W08,-17,-8,1,10,2.321,1.821,2115.25
HY-LOT-04,W08,-17,-7,1,10,2.071,1.785,2120.14
HY-LOT-04,W08,-17,-6,1,10,2.275,1.81,2077.57
HY-LOT-04,W08,-17,-5,1,10,2.288,1.816,2085.82
HY-LOT-04,W08,-17,-4,1,10,2.177,1.826,2106.83
HY-LOT-04,W08,-17,-3,1,10,1.762,1.777,2094.07
HY-LOT-04,W08,-17,-2,1,10,2.288,1.793,2091.16
HY-LOT-04,W08,-17,-1,1,10,2.261,1.808,2097.55
HY-LOT-04,W08,-17,0,1,10,2.3,1.805,2112.17
HY-LOT-04,W08,-17,1,1,10,2.082,1.795,2089.29
HY-LOT-04,W08,-17,2,1,10,2.161,1.772,2078.81
HY-LOT-04,W08,-17,3,1,10,2.326,1.807,2082.1
HY-LOT-04,W08,-17,4,1,10,1.763,1.799,2099.44
HY-LOT-04,W08,-17,5,1,10,2.062,1.769,2089.83
HY-LOT-04,W08,-17,6,1,10,2.283,1.85,2086.16
HY-LOT-04,W08,-17,7,1,10,2.071,1.786,2120.31
HY-LOT-04,W08,-17,8,1,10,2.428,1.819,2085.96
HY-LOT-04,W08,-17,9,1,10,1.762,1.798,2109.03
HY-LOT-04,W08,-16,-10,1,10,2.216,1.783,2105.14
HY-LOT-04,W08,-16,-9,1,10,1.835,1.785,2075.93
HY-LOT-04,W08,-16,-8,1,10,2.16,1.812,2093.61
HY-LOT-04,W08,-16,-7,1,10,1.923,1.804,2110.99
HY-LOT-04,W08,-16,-6,1,10,1.903,1.795,2094.11
HY-LOT-04,W08,-16,-5,1,10,2.07,1.738,2090.9
HY-LOT-04,W08,-16,-4,1,10,2.416,1.823,2107.14
HY-LOT-04,W08,-16,-3,1,10,2.077,1.81,2114.15
HY-LOT-04,W08,-16,-2,1,10,1.983,1.776,2098.24
HY-LOT-04,W08,-16,-1,1,10,1.857,1.794,2103.19
HY-LOT-04,W08,-16,0,1,10,1.863,1.811,2097.52
HY-LOT-04,W08,-16,1,1,10,2.185,1.78,2104.87
HY-LOT-04,W08,-16,2,1,10,1.773,1.808,2099.38
HY-LOT-04,W08,-16,3,1,10,2.066,1.796,2069.18
HY-LOT-04,W08,-16,4,1,10,2.529,1.834,2099.18
HY-LOT-04,W08,-16,5,1,10,2.519,1.772,2077.26
HY-LOT-04,W08,-16,6,1,10,2.423,1.817,2065.73
HY-LOT-04,W08,-16,7,1,10,2.321,1.799,2088.51
HY-LOT-04,W08,-16,8,1,10,1.881,1.801,2107.44
HY-LOT-04,W08,-16,9,1,10,2.254,1.788,2066.93
HY-LOT-04,W08,-16,10,1,10,2.171,1.807,2125.99
HY-LOT-04,W08,-15,-12,1,10,2.15,1.788,2086.16
HY-LOT-04,W08,-15,-11,1,10,2.413,1.793,2112.73
HY-LOT-04,W08,-15,-10,1,10,1.816,1.771,2075.81
HY-LOT-04,W08,-15,-9,1,10,2.352,1.783,2116.94
HY-LOT-04,W08,-15,-8,1,10,2.312,1.775,2102.71
HY-LOT-04,W08,-15,-7,1,10,1.69,1.801,2104.95
HY-LOT-04,W08,-15,-6,1,10,2.135,1.83,2069.91
HY-LOT-04,W08,-15,-5,1,10,1.959,1.809,2117.39
HY-LOT-04,W08,-15,-4,1,10,1.991,1.785,2112.73
HY-LOT-04,W08,-15,-3,1,10,1.995,1.819,2099.97
HY-LOT-04,W08,-15,-2,1,10,2.308,1.821,2111.45
HY-LOT-04,W08,-15,-1,1,10,2.196,1.816,2092.02
HY-LOT-04,W08,-15,0,1,10,2.437,1.801,2106.47
HY-LOT-04,W08,-15,1,1,10,2.181,1.812,2127.92
HY-LOT-04,W08,-15,2,1,10,2.661,1.813,2092.96
HY-LOT-04,W08,-15,3,1,10,1.934,1.792,2085.26
HY-LOT-04,W08,-15,4,1,10,2.401,1.812,2115.93
HY-LOT-04,W08,-15,5,1,10,2.197,1.81,2098.48
HY-LOT-04,W08,-15,6,1,10,2.099,1.805,2094.07
HY-LOT-04,W08,-15,7,1,10,2.489,1.787,2088.62
HY-LOT-04,W08,-15,8,1,10,2.506,1.76,2104.62
HY-LOT-04,W08,-15,9,1,10,2.276,1.781,2115.27
HY-LOT-04,W08,-15,10,1,10,2.033,1.785,2097.59
HY-LOT-04,W08,-15,11,1,10,2.126,1.802,2101.65
HY-LOT-04,W08,-15,12,1,10,1.75,1.848,2066.18
HY-LOT-04,W08,-14,-13,1,10,1.769,1.813,2094.29
HY-LOT-04,W08,-14,-12,1,10,2.457,1.809,2104.21
HY-LOT-04,W08,-14,-11,1,10,2.204,1.83,2111.02
HY-LOT-04,W08,-14,-10,1,10,2.624,1.824,2098.71
HY-LOT-04,W08,-14,-9,1,10,2.309,1.783,2102.08
HY-LOT-04,W08,-14,-8,1,10,2.008,1.784,2092.11
HY-LOT-04,W08,-14,-7,1,10,2.096,1.774,2083.55
HY-LOT-04,W08,-14,-6,1,10,2.335,1.834,2113.37
HY-LOT-04,W08,-14,-5,1,10,1.906,1.801,2100.16
HY-LOT-04,W08,-14,-4,1,10,2.171,1.798,2116.64
HY-LOT-04,W08,-14,-3,1,10,2.247,1.798,2065.43
HY-LOT-04,W08,-14,-2,1,10,2.221,1.805,2086.55
HY-LOT-04,W08,-14,-1,1,10,1.802,1.776,2084.78
HY-LOT-04,W08,-14,0,1,10,2.173,1.791,2101.9
HY-LOT-04,W08,-14,1,1,10,1.642,1.796,2066.72
HY-LOT-04,W08,-14,2,1,10,1.979,1.811,2091.16
HY-LOT-04,W08,-14,3,1,10,2.354,1.804,2092.36
HY-LOT-04,W08,-14,4,1,10,2.112,1.819,2105.23
HY-LOT-04,W08,-14,5,1,10,2.369,1.758,2102.07
HY-LOT-04,W08,-14,6,1,10,2.099,1.792,2129.28
HY-LOT-04,W08,-14,7,1,10,2.105,1.813,2087.93
HY-LOT-04,W08,-14,8,1,10,2.182,1.763,2103.4
HY-LOT-04,W08,-14,9,1,10,2.497,1.8,2089.69
HY-LOT-04,W08,-14,10,1,10,2.072,1.804,2060.32
HY-LOT-04,W08,-14,11,1,10,2.102,1.787,2101.83
HY-LOT-04,W08,-14,12,1,10,2.075,1.791,2100.91
HY-LOT-04,W08,-14,13,1,10,1.857,1.778,2119.73
HY-LOT-04,W08,-13,-14,1,10,2.05,1.824,2095.97
HY-LOT-04,W08,-13,-13,1,10,2.498,1.826,2068.89
HY-LOT-04,W08,-13,-12,1,10,2.052,1.817,2105.79
HY-LOT-04,W08,-13,-11,1,10,2.679,1.791,2101.2
HY-LOT-04,W08,-13,-10,1,10,2.204,1.807,2087.3
HY-LOT-04,W08,-13,-9,1,10,2.145,1.792,2114.51
HY-LOT-04,W08,-13,-8,1,10,1.979,1.766,2098.83
HY-LOT-04,W08,-13,-7,1,10,2.06,1.794,2100.8
HY-LOT-04,W08,-13,-6,1,10,2.188,1.78,2076.67
HY-LOT-04,W08,-13,-5,1,10,2.252,1.781,2132.26
HY-LOT-04,W08,-13,-4,1,10,2.174,1.807,2076.65
HY-LOT-04,W08,-13,-3,1,10,2.221,1.799,2105.18
HY-LOT-04,W08,-13,-2,1,10,2.053,1.762,2102.08
HY-LOT-04,W08,-13,-1,1,10,2.297,1.8,2112.04
HY-LOT-04,W08,-13,0,1,10,2.353,1.799,2111.58
HY-LOT-04,W08,-13,1,1,10,2.515,1.803,2079.11
HY-LOT-04,W08,-13,2,1,10,2.384,1.813,2102.22
HY-LOT-04,W08,-13,3,1,10,2.123,1.818,2080.78
HY-LOT-04,W08,-13,4,1,10,2.068,1.805,2101.09
HY-LOT-04,W08,-13,5,1,10,1.97,1.792,2091.61
HY-LOT-04,W08,-13,6,1,10,1.736,1.823,2070.42
HY-LOT-04,W08,-13,7,1,10,2.23,1.799,2086.21
HY-LOT-04,W08,-13,8,1,10,2.224,1.82,2114.98
HY-LOT-04,W08,-13,9,1,10,2.243,1.829,2109.85
HY-LOT-04,W08,-13,10,1,10,1.929,1.788,2087.58
HY-LOT-04,W08,-13,11,1,10,2.436,1.769,2125.65
HY-LOT-04,W08,-13,12,1,10,2.318,1.794,2081.8
HY-LOT-04,W08,-13,13,1,10,1.815,1.781,2088.78
HY-LOT-04,W08,-13,14,1,10,2.008,1.823,2078.55
HY-LOT-04,W08,-12,-15,1,10,2.052,1.786,2111.96
HY-LOT-04,W08,-12,-14,1,10,2.552,1.782,2115.73
HY-LOT-04,W08,-12,-13,1,10,2.002,1.793,2100.19
HY-LOT-04,W08,-12,-12,1,10,2.262,1.802,2084.71
HY-LOT-04,W08,-12,-11,1,10,1.91,1.806,2104.77
HY-LOT-04,W08,-12,-10,1,10,2.649,1.792,2076.94
HY-LOT-04,W08,-12,-9,1,10,2.17,1.77,2103.1
HY-LOT-04,W08,-12,-8,1,10,2.016,1.78,2076.09
HY-LOT-04,W08,-12,-7,1,10,2.32,1.791,2108.53
HY-LOT-04,W08,-12,-6,1,10,2.487,1.776,2104.71
HY-LOT-04,W08,-12,-5,1,10,1.959,1.812,2086.52
HY-LOT-04,W08,-12,-4,1,10,2.223,1.788,2091.85
HY-LOT-04,W08,-12,-3,1,10,1.902,1.779,2106.95
HY-LOT-04,W08,-12,-2,1,10,2.184,1.796,2116.7
HY-LOT-04,W08,-12,-1,1,10,2.434,1.78,2109.81
HY-LOT-04,W08,-12,0,1,10,2.129,1.788,2131.91
HY-LOT-04,W08,-12,1,1,10,2.015,1.786,2104.13
HY-LOT-04,W08,-12,2,1,10,2.039,1.792,2114.21
HY-LOT-04,W08,-12,3,1,10,2.242,1.788,2113.53
HY-LOT-04,W08,-12,4,1,10,2.383,1.797,2074.49
HY-LOT-04,W08,-12,5,1,10,1.897,1.8,2081.86
HY-LOT-04,W08,-12,6,1,10,1.835,1.776,2151.63
HY-LOT-04,W08,-12,7,1,10,2.169,1.798,2102.31
HY-LOT-04,W08,-12,8,1,10,2.435,1.812,2109.89
HY-LOT-04,W08,-12,9,1,10,2.141,1.8,2092
HY-LOT-04,W08,-12,10,1,10,2.059,1.791,2097.73
HY-LOT-04,W08,-12,11,1,10,2.023,1.757,2080.51
HY-LOT-04,W08,-12,12,1,10,2.346,1.807,2100.8
HY-LOT-04,W08,-12,13,1,10,2.334,1.802,2086.75
HY-LOT-04,W08,-12,14,1,10,2.137,1.789,2107.21
HY-LOT-04,W08,-12,15,1,10,1.906,1.801,2097.02
HY-LOT-04,W08,-11,-15,1,10,2.336,1.81,2098.23
HY-LOT-04,W08,-11,-14,1,10,1.935,1.778,2104.42
HY-LOT-04,W08,-11,-13,1,10,1.999,1.786,2105.06
HY-LOT-04,W08,-11,-12,1,10,1.821,1.781,2116.07
HY-LOT-04,W08,-11,-11,1,10,2.332,1.801,2117.08
HY-LOT-04,W08,-11,-10,1,10,2.061,1.771,2120.22
HY-LOT-04,W08,-11,-9,1,10,1.814,1.801,2136.91
HY-LOT-04,W08,-11,-8,1,10,1.682,1.802,2108.93
HY-LOT-04,W08,-11,-7,1,10,2.403,1.776,2097.76
HY-LOT-04,W08,-11,-6,1,10,2.371,1.76,2077.29
HY-LOT-04,W08,-11,-5,1,10,1.954,1.804,2106.09
HY-LOT-04,W08,-11,-4,1,10,2.126,1.819,2095.55
HY-LOT-04,W08,-11,-3,1,10,1.922,1.793,2126.7
HY-LOT-04,W08,-11,-2,1,10,2.248,1.799,2085.32
HY-LOT-04,W08,-11,-1,1,10,2.241,1.837,2100.81
HY-LOT-04,W08,-11,0,1,10,2.328,1.781,2090.73
HY-LOT-04,W08,-11,1,1,10,1.893,1.796,2083.93
HY-LOT-04,W08,-11,2,1,10,2.115,1.796,2106.36
HY-LOT-04,W08,-11,3,1,10,1.857,1.771,2110.23
HY-LOT-04,W08,-11,4,1,10,2.241,1.801,2091.8
HY-LOT-04,W08,-11,5,1,10,2.102,1.83,2106.56
HY-LOT-04,W08,-11,6,1,10,1.991,1.784,2119.79
HY-LOT-04,W08,-11,7,1,10,1.986,1.798,2135.97
HY-LOT-04,W08,-11,8,1,10,2,1.79,2093.72
HY-LOT-04,W08,-11,9,1,10,2.419,1.796,2077.29
HY-LOT-04,W08,-11,10,1,10,1.937,1.779,2119.05
HY-LOT-04,W08,-11,11,1,10,2.158,1.817,2109.34
HY-LOT-04,W08,-11,12,1,10,2.101,1.825,2091.2
HY-LOT-04,W08,-11,13,1,10,1.977,1.806,2102.73
HY-LOT-04,W08,-11,14,1,10,1.856,1.767,2095.86
HY-LOT-04,W08,-11,15,1,10,2.021,1.784,2105.11
HY-LOT-04,W08,-10,-16,1,10,2.078,1.806,2095.52
HY-LOT-04,W08,-10,-15,1,10,2.125,1.834,2103.71
HY-LOT-04,W08,-10,-14,1,10,1.859,1.803,2099.8
HY-LOT-04,W08,-10,-13,1,10,2.32,1.793,2079.11
HY-LOT-04,W08,-10,-12,1,10,2.393,1.792,2103.72
HY-LOT-04,W08,-10,-11,1,10,2.079,1.807,2125.25
HY-LOT-04,W08,-10,-10,1,10,2.226,1.789,2118.75
HY-LOT-04,W08,-10,-9,1,10,2.025,1.827,2101.8
HY-LOT-04,W08,-10,-8,1,10,2.16,1.76,2101.75
HY-LOT-04,W08,-10,-7,1,10,2.018,1.792,2115.95
HY-LOT-04,W08,-10,-6,2,21,2.341,1.809,2092.71
HY-LOT-04,W08,-10,-5,1,10,1.986,1.829,2110.09
HY-LOT-04,W08,-10,-4,1,10,2.389,1.81,2120.63
HY-LOT-04,W08,-10,-3,1,10,2.301,1.796,2101.33
HY-LOT-04,W08,-10,-2,1,10,2.147,1.799,2114.95
HY-LOT-04,W08,-10,-1,1,10,2.274,1.793,2116.85
HY-LOT-04,W08,-10,0,1,10,1.686,1.795,2113.36
HY-LOT-04,W08,-10,1,2,21,1.871,1.776,2092.4
HY-LOT-04,W08,-10,2,1,10,1.966,1.843,2085.07
HY-LOT-04,W08,-10,3,1,10,2.028,1.807,2095.16
HY-LOT-04,W08,-10,4,1,10,2.144,1.799,2103.72
HY-LOT-04,W08,-10,5,1,10,1.996,1.781,2092.52
HY-LOT-04,W08,-10,6,1,10,2.197,1.809,2124.37
HY-LOT-04,W08,-10,7,1,10,2.069,1.81,2063.32
HY-LOT-04,W08,-10,8,1,10,2.086,1.792,2080.03
HY-LOT-04,W08,-10,9,1,10,2.233,1.828,2108.75
HY-LOT-04,W08,-10,10,1,10,2.363,1.788,2102.99
HY-LOT-04,W08,-10,11,1,10,2.165,1.786,2113.49
HY-LOT-04,W08,-10,12,1,10,2.251,1.795,2076.81
HY-LOT-04,W08,-10,13,1,10,2.34,1.823,2089.34
HY-LOT-04,W08,-10,14,1,10,2.285,1.809,2090.49
HY-LOT-04,W08,-10,15,1,10,2.195,1.83,2092.61
HY-LOT-04,W08,-10,16,1,10,2.153,1.785,2125.35
HY-LOT-04,W08,-9,-17,1,10,2.013,1.832,2101.49
HY-LOT-04,W08,-9,-16,1,10,1.809,1.804,2118.36
HY-LOT-04,W08,-9,-15,1,10,1.991,1.8,2102.25
HY-LOT-04,W08,-9,-14,1,10,2.264,1.809,2099.07
HY-LOT-04,W08,-9,-13,1,10,1.645,1.842,2124.42
HY-LOT-04,W08,-9,-12,1,10,2.218,1.823,2085.56
HY-LOT-04,W08,-9,-11,1,10,2.321,1.786,2108.34
HY-LOT-04,W08,-9,-10,1,10,2.118,1.807,2107.48
HY-LOT-04,W08,-9,-9,1,10,1.921,1.802,2119.12
HY-LOT-04,W08,-9,-8,1,10,2.031,1.783,2090.18
HY-LOT-04,W08,-9,-7,1,10,1.944,1.833,2089.87
HY-LOT-04,W08,-9,-6,1,10,2.031,1.79,2061.34
HY-LOT-04,W08,-9,-5,1,10,2.537,1.815,2124.36
HY-LOT-04,W08,-9,-4,1,10,2.215,1.814,2076.69
HY-LOT-04,W08,-9,-3,1,10,1.95,1.795,2108.64
HY-LOT-04,W08,-9,-2,1,10,2.242,1.742,2137.07
HY-LOT-04,W08,-9,-1,1,10,2.092,1.774,2079.01
HY-LOT-04,W08,-9,0,1,10,2.201,1.798,2125.38
HY-LOT-04,W08,-9,1,1,10,1.873,1.84,2088.1
HY-LOT-04,W08,-9,2,1,10,2.066,1.809,2079.54
HY-LOT-04,W08,-9,3,1,10,2.054,1.81,2116.67
HY-LOT-04,W08,-9,4,1,10,2.347,1.795,2165
HY-LOT-04,W08,-9,5,1,10,1.932,1.789,2119.78
HY-LOT-04,W08,-9,6,1,10,1.797,1.794,2123.46
HY-LOT-04,W08,-9,7,1,10,2.349,1.786,2099.01
HY-LOT-04,W08,-9,8,1,10,2.246,1.801,2102.05
HY-LOT-04,W08,-9,9,1,10,2.137,1.808,2112.3
HY-LOT-04,W08,-9,10,1,10,1.874,1.781,2088.07
HY-LOT-04,W08,-9,11,1,10,2.284,1.781,2086.04
HY-LOT-04,W08,-9,12,1,10,1.896,1.791,2089.7
HY-LOT-04,W08,-9,13,1,10,2.066,1.775,2075.65
HY-LOT-04,W08,-9,14,1,10,2.552,1.791,2099.04
HY-LOT-04,W08,-9,15,1,10,2.365,1.819,2098.11
HY-LOT-04,W08,-9,16,1,10,2.533,1.802,2148.99
HY-LOT-04,W08,-9,17,1,10,2.057,1.794,2059.98
HY-LOT-04,W08,-8,-17,1,10,2.359,1.783,2086.91
HY-LOT-04,W08,-8,-16,1,10,2.377,1.778,2154.08
HY-LOT-04,W08,-8,-15,1,10,2.338,1.81,2123.68
HY-LOT-04,W08,-8,-14,1,10,2.348,1.795,2080.34
HY-LOT-04,W08,-8,-13,1,10,1.934,1.81,2121.99
HY-LOT-04,W08,-8,-12,1,10,2.411,1.825,2094.62
HY-LOT-04,W08,-8,-11,1,10,2.318,1.809,2114.62
HY-LOT-04,W08,-8,-10,1,10,2.275,1.809,2136.43
HY-LOT-04,W08,-8,-9,1,10,1.909,1.762,2110.09
HY-LOT-04,W08,-8,-8,1,10,2.071,1.774,2059.56
HY-LOT-04,W08,-8,-7,1,10,1.894,1.792,2128.67
HY-LOT-04,W08,-8,-6,1,10,1.759,1.779,2096.05
HY-LOT-04,W08,-8,-5,1,10,2.092,1.785,2093.89
HY-LOT-04,W08,-8,-4,1,10,1.854,1.818,2100.1
HY-LOT-04,W08,-8,-3,1,10,2.187,1.78,2075.13
HY-LOT-04,W08,-8,-2,1,10,2.02,1.791,2099.2
HY-LOT-04,W08,-8,-1,1,10,2.031,1.801,2094.48
HY-LOT-04,W08,-8,0,1,10,2.059,1.804,2100.02
HY-LOT-04,W08,-8,1,1,10,2.022,1.819,2134.86
HY-LOT-04,W08,-8,2,1,10,2.081,1.808,2111.45
HY-LOT-04,W08,-8,3,1,10,2.036,1.82,2108.16
HY-LOT-04,W08,-8,4,1,10,2.285,1.796,2076.4
HY-LOT-04,W08,-8,5,1,10,2.388,1.813,2099.03
HY-LOT-04,W08,-8,6,1,10,2.127,1.802,2107.79
HY-LOT-04,W08,-8,7,1,10,2.099,1.753,2035
HY-LOT-04,W08,-8,8,1,10,2.262,1.783,2124.45
HY-LOT-04,W08,-8,9,1,10,2.324,1.806,2094.59
HY-LOT-04,W08,-8,10,1,10,1.993,1.768,2108.27
HY-LOT-04,W08,-8,11,1,10,2.232,1.77,2078.89
HY-LOT-04,W08,-8,12,1,10,2.227,1.837,2075.31
HY-LOT-04,W08,-8,13,1,10,2.059,1.798,2125.19
HY-LOT-04,W08,-8,14,1,10,1.832,1.775,2118.88
HY-LOT-04,W08,-8,15,1,10,2.083,1.801,2098.39
HY-LOT-04,W08,-8,16,1,10,1.714,1.788,2078.65
HY-LOT-04,W08,-8,17,1,10,2.086,1.776,2075.77
HY-LOT-04,W08,-7,-17,1,10,2.333,1.786,2082.2
HY-LOT-04,W08,-7,-16,1,10,2.12,1.807,2130.02
HY-LOT-04,W08,-7,-15,1,10,2.475,1.804,2077.03
HY-LOT-04,W08,-7,-14,1,10,2.124,1.799,2077.53
HY-LOT-04,W08,-7,-13,1,10,2.508,1.798,2135.21
HY-LOT-04,W08,-7,-12,1,10,2.239,1.796,2121.54
HY-LOT-04,W08,-7,-11,1,10,1.987,1.799,2103.58
HY-LOT-04,W08,-7,-10,1,10,2.196,1.78,2104.12
HY-LOT-04,W08,-7,-9,1,10,1.965,1.816,2105.21
HY-LOT-04,W08,-7,-8,1,10,2.499,1.797,2068.23
HY-LOT-04,W08,-7,-7,1,10,2.516,1.851,2116.76
HY-LOT-04,W08,-7,-6,1,10,2.356,1.772,2101.13
HY-LOT-04,W08,-7,-5,1,10,2.128,1.784,2091.14
HY-LOT-04,W08,-7,-4,1,10,1.906,1.814,2114.08
HY-LOT-04,W08,-7,-3,1,10,1.92,1.767,2104.87
HY-LOT-04,W08,-7,-2,1,10,2.143,1.787,2090.14
HY-LOT-04,W08,-7,-1,1,10,2.487,1.799,2105.31
HY-LOT-04,W08,-7,0,1,10,1.986,1.786,2106.07
HY-LOT-04,W08,-7,1,1,10,2.043,1.764,2126.58
HY-LOT-04,W08,-7,2,1,10,2.199,1.792,2101.25
HY-LOT-04,W08,-7,3,1,10,2.332,1.784,2120.7
HY-LOT-04,W08,-7,4,1,10,1.891,1.783,2110.18
HY-LOT-04,W08,-7,5,1,10,2.436,1.798,2075.38
HY-LOT-04,W08,-7,6,1,10,2.224,1.802,2094.06
HY-LOT-04,W08,-7,7,1,10,2.144,1.798,2122.34
HY-LOT-04,W08,-7,8,1,10,2.388,1.776,2089.87
HY-LOT-04,W08,-7,9,1,10,1.769,1.799,2071.4
HY-LOT-04,W08,-7,10,1,10,2.215,1.793,2097.77
HY-LOT-04,W08,-7,11,1,10,2.122,1.797,2105.35
HY-LOT-04,W08,-7,12,1,10,1.997,1.804,2111.62
HY-LOT-04,W08,-7,13,1,10,2.027,1.803,2118.59
HY-LOT-04,W08,-7,14,1,10,2.07,1.826,2066.78
HY-LOT-04,W08,-7,15,1,10,2.541,1.782,2094.4
HY-LOT-04,W08,-7,16,1,10,2.465,1.801,2118.69
HY-LOT-04,W08,-7,17,1,10,2.329,1.758,2096.09
HY-LOT-04,W08,-6,-18,1,10,2.303,1.806,2102.06
HY-LOT-04,W08,-6,-17,1,10,2.077,1.778,2119.02
HY-LOT-04,W08,-6,-16,1,10,2.23,1.79,2092.7
HY-LOT-04,W08,-6,-15,1,10,1.968,1.792,2088.65
HY-LOT-04,W08,-6,-14,1,10,2.109,1.815,2086.07
HY-LOT-04,W08,-6,-13,1,10,2.159,1.809,2080.72
HY-LOT-04,W08,-6,-12,1,10,1.872,1.81,2124.47
HY-LOT-04,W08,-6,-11,1,10,2.41,1.8,2115.42
HY-LOT-04,W08,-6,-10,1,10,1.949,1.834,2084.79
HY-LOT-04,W08,-6,-9,1,10,1.762,1.801,2129.54
HY-LOT-04,W08,-6,-8,1,10,1.772,1.804,2078.41
HY-LOT-04,W08,-6,-7,1,10,2.267,1.809,2125.07
HY-LOT-04,W08,-6,-6,1,10,2.584,1.816,2129.39
HY-LOT-04,W08,-6,-5,1,10,2.153,1.82,2073.73
HY-LOT-04,W08,-6,-4,1,10,2.439,1.774,2081.37
HY-LOT-04,W08,-6,-3,1,10,1.908,1.842,2109.89
HY-LOT-04,W08,-6,-2,1,10,2.143,1.79,2091.51
HY-LOT-04,W08,-6,-1,1,10,2.093,1.812,2077.41
HY-LOT-04,W08,-6,0,1,10,1.996,1.799,2080.44
HY-LOT-04,W08,-6,1,1,10,2.019,1.799,2120.84
HY-LOT-04,W08,-6,2,1,10,1.9,1.816,2121.63
HY-LOT-04,W08,-6,3,1,10,1.716,1.792,2112.86
HY-LOT-04,W08,-6,4,1,10,2.129,1.795,2080.09
HY-LOT-04,W08,-6,5,1,10,2.122,1.812,2086.7
HY-LOT-04,W08,-6,6,1,10,2.098,1.782,2094.94
HY-LOT-04,W08,-6,7,1,10,1.641,1.803,2088.32
HY-LOT-04,W08,-6,8,1,10,2.096,1.779,2098.91
HY-LOT-04,W08,-6,9,1,10,2.279,1.792,2059.11
HY-LOT-04,W08,-6,10,1,10,2.262,1.82,2111.73
HY-LOT-04,W08,-6,11,1,10,2.194,1.777,2126.23
HY-LOT-04,W08,-6,12,1,10,2.098,1.798,2093.64
HY-LOT-04,W08,-6,13,1,10,2.228,1.83,2092.54
HY-LOT-04,W08,-6,14,1,10,2.199,1.822,2081.41
HY-LOT-04,W08,-6,15,1,10,2.21,1.791,2074.19
HY-LOT-04,W08,-6,16,1,10,2.152,1.782,2069.71
HY-LOT-04,W08,-6,17,1,10,2.194,1.787,2123.54
HY-LOT-04,W08,-6,18,1,10,2.206,1.814,2099.4
HY-LOT-04,W08,-5,-18,1,10,2.157,1.789,2084.91
HY-LOT-04,W08,-5,-17,1,10,1.976,1.807,2092.37
HY-LOT-04,W08,-5,-16,1,10,1.85,1.771,2072.74
HY-LOT-04,W08,-5,-15,1,10,1.955,1.802,2100.18
HY-LOT-04,W08,-5,-14,1,10,2.22,1.767,2097.13
HY-LOT-04,W08,-5,-13,1,10,1.755,1.815,2080.74
HY-LOT-04,W08,-5,-12,1,10,2.246,1.813,2081.86
HY-LOT-04,W08,-5,-11,1,10,2.245,1.786,2091.82
HY-LOT-04,W08,-5,-10,1,10,2.239,1.787,2092.87
HY-LOT-04,W08,-5,-9,1,10,2.142,1.798,2076.42
HY-LOT-04,W08,-5,-8,1,10,2.086,1.807,2093.38
HY-LOT-04,W08,-5,-7,1,10,2.165,1.813,2094.19
HY-LOT-04,W08,-5,-6,1,10,2.174,1.814,2099.28
HY-LOT-04,W08,-5,-5,1,10,2.405,1.8,2107.16
HY-LOT-04,W08,-5,-4,1,10,2.14,1.808,2094.64
HY-LOT-04,W08,-5,-3,1,10,1.984,1.785,2106.79
HY-LOT-04,W08,-5,-2,1,10,2.232,1.779,2127.29
HY-LOT-04,W08,-5,-1,1,10,2.447,1.773,2089.3
HY-LOT-04,W08,-5,0,1,10,1.901,1.795,2096.49
HY-LOT-04,W08,-5,1,1,10,1.792,1.79,2109.33
HY-LOT-04,W08,-5,2,1,10,1.811,1.806,2105.19
HY-LOT-04,W08,-5,3,1,10,1.886,1.807,2099.07
HY-LOT-04,W08,-5,4,1,10,2.035,1.778,2101.44
HY-LOT-04,W08,-5,5,1,10,2.299,1.785,2104.12
HY-LOT-04,W08,-5,6,1,10,2.269,1.829,2120.53
HY-LOT-04,W08,-5,7,1,10,2.261,1.788,2096.13
HY-LOT-04,W08,-5,8,1,10,2.504,1.814,2081.96
HY-LOT-04,W08,-5,9,1,10,1.976,1.819,2071.85
HY-LOT-04,W08,-5,10,1,10,2.341,1.788,2073.29
HY-LOT-04,W08,-5,11,1,10,2.107,1.832,2099.32
HY-LOT-04,W08,-5,12,1,10,2.147,1.771,2098.37
HY-LOT-04,W08,-5,13,1,10,2.307,1.796,2101.09
HY-LOT-04,W08,-5,14,1,10,2.43,1.798,2093.67
HY-LOT-04,W08,-5,15,1,10,1.903,1.823,2117.89
HY-LOT-04,W08,-5,16,1,10,2.102,1.787,2077.19
HY-LOT-04,W08,-5,17,1,10,2.286,1.81,2103.36
HY-LOT-04,W08,-5,18,1,10,2.081,1.784,2096.68
HY-LOT-04,W08,-4,-18,1,10,2.096,1.79,2071.51
HY-LOT-04,W08,-4,-17,1,10,2.108,1.787,2120.55
HY-LOT-04,W08,-4,-16,1,10,1.901,1.804,2101.16
HY-LOT-04,W08,-4,-15,1,10,2.235,1.789,2108.76
HY-LOT-04,W08,-4,-14,1,10,2.271,1.814,2076.92
HY-LOT-04,W08,-4,-13,1,10,2.2,1.794,2087.11
HY-LOT-04,W08,-4,-12,1,10,2.116,1.799,2091.37
HY-LOT-04,W08,-4,-11,1,10,2.09,1.769,2111.33
HY-LOT-04,W08,-4,-10,1,10,2.263,1.778,2103.77
HY-LOT-04,W08,-4,-9,1,10,2.103,1.787,2046.67
HY-LOT-04,W08,-4,-8,1,10,2.545,1.787,2080.88
HY-LOT-04,W08,-4,-7,1,10,2.183,1.797,2117.34
HY-LOT-04,W08,-4,-6,1,10,1.682,1.787,2085.31
HY-LOT-04,W08,-4,-5,1,10,1.657,1.788,2100
HY-LOT-04,W08,-4,-4,1,10,1.663,1.781,2098.07
HY-LOT-04,W08,-4,-3,1,10,1.93,1.799,2111.21
HY-LOT-04,W08,-4,-2,1,10,2.258,1.811,2096.54
HY-LOT-04,W08,-4,-1,1,10,2.129,1.783,2108.2
HY-LOT-04,W08,-4,0,1,10,2.419,1.8,2104.68
HY-LOT-04,W08,-4,1,1,10,2.038,1.824,2078.51
HY-LOT-04,W08,-4,2,1,10,2.102,1.818,2100.37
HY-LOT-04,W08,-4,3,1,10,2.097,1.781,2086.78
HY-LOT-04,W08,-4,4,1,10,2.03,1.793,2091.76
HY-LOT-04,W08,-4,5,1,10,2.139,1.785,2086.28
HY-LOT-04,W08,-4,6,1,10,1.962,1.788,2112.5
HY-LOT-04,W08,-4,7,1,10,2.141,1.8,2103.18
HY-LOT-04,W08,-4,8,1,10,2.191,1.805,2111.5
HY-LOT-04,W08,-4,9,1,10,1.963,1.793,2090.59
HY-LOT-04,W08,-4,10,1,10,1.97,1.785,2121.02
HY-LOT-04,W08,-4,11,1,10,2.27,1.789,2084.91
HY-LOT-04,W08,-4,12,1,10,2.517,1.798,2104.88
HY-LOT-04,W08,-4,13,1,10,2.117,1.828,2129.55
HY-LOT-04,W08,-4,14,1,10,2.317,1.775,2102.27
HY-LOT-04,W08,-4,15,1,10,2.178,1.78,2088.6
HY-LOT-04,W08,-4,16,1,10,2.137,1.808,2110.67
HY-LOT-04,W08,-4,17,1,10,2.498,1.787,2114.57
HY-LOT-04,W08,-4,18,1,10,2.054,1.794,2104.21
HY-LOT-04,W08,-3,-19,1,10,1.655,1.805,2096.83
HY-LOT-04,W08,-3,-18,1,10,2.349,1.825,2139.9
HY-LOT-04,W08,-3,-17,1,10,2.226,1.784,2094.8
HY-LOT-04,W08,-3,-16,1,10,2.376,1.781,2128.59
HY-LOT-04,W08,-3,-15,1,10,1.993,1.809,2099.48
HY-LOT-04,W08,-3,-14,1,10,2.303,1.779,2112.13
HY-LOT-04,W08,-3,-13,1,10,2.185,1.818,2097.04
HY-LOT-04,W08,-3,-12,1,10,1.945,1.794,2090.04
HY-LOT-04,W08,-3,-11,1,10,2.057,1.809,2125.74
HY-LOT-04,W08,-3,-10,1,10,2.082,1.783,2116.58
HY-LOT-04,W08,-3,-9,1,10,2.574,1.769,2107.56
HY-LOT-04,W08,-3,-8,1,10,2.155,1.842,2102.51
HY-LOT-04,W08,-3,-7,1,10,1.831,1.818,2078.37
HY-LOT-04,W08,-3,-6,1,10,1.905,1.805,2096.65
HY-LOT-04,W08,-3,-5,1,10,2.314,1.804,2099.54
HY-LOT-04,W08,-3,-4,1,10,2.283,1.774,2094.43
HY-LOT-04,W08,-3,-3,1,10,2.138,1.787,2094.15
HY-LOT-04,W08,-3,-2,1,10,2.249,1.799,2088.53
HY-LOT-04,W08,-3,-1,1,10,2.098,1.806,2067.25
HY-LOT-04,W08,-3,0,1,10,2.243,1.803,2093.31
HY-LOT-04,W08,-3,1,1,10,2.135,1.791,2134.18
HY-LOT-04,W08,-3,2,1,10,2.073,1.799,2103.99
HY-LOT-04,W08,-3,3,1,10,2.121,1.78,2108.51
HY-LOT-04,W08,-3,4,1,10,1.807,1.804,2089.49
HY-LOT-04,W08,-3,5,1,10,2.427,1.812,2103.69
HY-LOT-04,W08,-3,6,1,10,2.147,1.801,2101.55
HY-LOT-04,W08,-3,7,1,10,2.135,1.762,2095.47
HY-LOT-04,W08,-3,8,1,10,2.221,1.825,2112.31
HY-LOT-04,W08,-3,9,1,10,1.872,1.81,2115.51
HY-LOT-04,W08,-3,10,1,10,2.043,1.812,2053.04
HY-LOT-04,W08,-3,11,1,10,2.277,1.799,2114.23
HY-LOT-04,W08,-3,12,1,10,2.055,1.766,2120.26
HY-LOT-04,W08,-3,13,1,10,2.269,1.839,2081.18
HY-LOT-04,W08,-3,14,1,10,1.927,1.805,2093.8
HY-LOT-04,W08,-3,15,1,10,1.868,1.787,2087.21
HY-LOT-04,W08,-3,16,1,10,2.308,1.8,2112.62
HY-LOT-04,W08,-3,17,1,10,2.338,1.775,2105.12
HY-LOT-04,W08,-3,18,1,10,1.872,1.802,2078.57
HY-LOT-04,W08,-3,19,1,10,1.801,1.791,2117.46
HY-LOT-04,W08,-2,-19,1,10,2.181,1.81,2097.4
HY-LOT-04,W08,-2,-18,1,10,2.125,1.791,2101.17
HY-LOT-04,W08,-2,-17,1,10,2.193,1.79,2094.58
HY-LOT-04,W08,-2,-16,1,10,2.267,1.789,2091.82
HY-LOT-04,W08,-2,-15,1,10,2.228,1.784,2073.78
HY-LOT-04,W08,-2,-14,1,10,1.851,1.802,2069.43
HY-LOT-04,W08,-2,-13,1,10,2.232,1.825,2137.97
HY-LOT-04,W08,-2,-12,1,10,2.101,1.802,2117.45
HY-LOT-04,W08,-2,-11,1,10,1.8,1.8,2093.18
HY-LOT-04,W08,-2,-10,1,10,2.206,1.801,2110.46
HY-LOT-04,W08,-2,-9,1,10,2.214,1.783,2090.14
HY-LOT-04,W08,-2,-8,1,10,2.163,1.792,2085.52
HY-LOT-04,W08,-2,-7,1,10,2.063,1.84,2101.11
HY-LOT-04,W08,-2,-6,1,10,2.087,1.788,2105.22
HY-LOT-04,W08,-2,-5,1,10,2.347,1.804,2114.21
HY-LOT-04,W08,-2,-4,1,10,2.205,1.811,2071.9
HY-LOT-04,W08,-2,-3,1,10,2.229,1.797,2057.54
HY-LOT-04,W08,-2,-2,1,10,2.072,1.766,2079.27
HY-LOT-04,W08,-2,-1,1,10,2.176,1.799,2089.91
HY-LOT-04,W08,-2,0,1,10,2.057,1.831,2110.99
HY-LOT-04,W08,-2,1,2,21,1.988,1.788,2136.87
HY-LOT-04,W08,-2,2,1,10,2.277,1.8,2090.91
HY-LOT-04,W08,-2,3,1,10,2.145,1.838,2121.68
HY-LOT-04,W08,-2,4,1,10,1.946,1.804,2112.34
HY-LOT-04,W08,-2,5,1,10,1.987,1.806,2112.77
HY-LOT-04,W08,-2,6,1,10,2.256,1.803,2122.21
HY-LOT-04,W08,-2,7,1,10,2.191,1.811,2096.56
HY-LOT-04,W08,-2,8,1,10,2.245,1.817,2060.38
HY-LOT-04,W08,-2,9,1,10,1.795,1.808,2081.7
HY-LOT-04,W08,-2,10,1,10,1.884,1.826,2108.82
HY-LOT-04,W08,-2,11,1,10,2.076,1.807,2087.81
HY-LOT-04,W08,-2,12,1,10,1.906,1.805,2074.55
HY-LOT-04,W08,-2,13,1,10,2.224,1.79,2070.51
HY-LOT-04,W08,-2,14,1,10,2.074,1.776,2100.07
HY-LOT-04,W08,-2,15,1,10,2.349,1.805,2077.91
HY-LOT-04,W08,-2,16,1,10,1.978,1.806,2067.81
HY-LOT-04,W08,-2,17,1,10,1.994,1.81,2094.37
HY-LOT-04,W08,-2,18,1,10,2.174,1.799,2116.77
HY-LOT-04,W08,-2,19,1,10,2.521,1.77,2106.22
HY-LOT-04,W08,-1,-19,1,10,2.366,1.806,2122.26
HY-LOT-04,W08,-1,-18,1,10,1.692,1.794,2101.57
HY-LOT-04,W08,-1,-17,1,10,1.905,1.794,2111.1
HY-LOT-04,W08,-1,-16,1,10,2.224,1.817,2100.66
HY-LOT-04,W08,-1,-15,1,10,2.005,1.804,2084.66
HY-LOT-04,W08,-1,-14,1,10,2.46,1.799,2083.91
HY-LOT-04,W08,-1,-13,1,10,2.348,1.783,2103.97
HY-LOT-04,W08,-1,-12,1,10,1.869,1.8,2125.4
HY-LOT-04,W08,-1,-11,1,10,2.164,1.782,2102.88
HY-LOT-04,W08,-1,-10,1,10,2.347,1.785,2128.49
HY-LOT-04,W08,-1,-9,1,10,2.262,1.807,2095.09
HY-LOT-04,W08,-1,-8,1,10,2.085,1.798,2072.72
HY-LOT-04,W08,-1,-7,1,10,2.175,1.789,2091.77
HY-LOT-04,W08,-1,-6,1,10,2.113,1.77,2128.37
HY-LOT-04,W08,-1,-5,1,10,1.864,1.831,2100.89
HY-LOT-04,W08,-1,-4,1,10,2.045,1.825,2113.4
HY-LOT-04,W08,-1,-3,1,10,2.224,1.798,2098.14
HY-LOT-04,W08,-1,-2,1,10,2.252,1.794,2100.13
HY-LOT-04,W08,-1,-1,1,10,1.985,1.821,2102.93
HY-LOT-04,W08,-1,0,1,10,2.277,1.787,2092.76
HY-LOT-04,W08,-1,1,1,10,1.922,1.781,2097.13
HY-LOT-04,W08,-1,2,1,10,2.237,1.802,2092.44
HY-LOT-04,W08,-1,3,1,10,2.573,1.768,2103.2
HY-LOT-04,W08,-1,4,1,10,2.214,1.781,2097.41
HY-LOT-04,W08,-1,5,1,10,2.102,1.778,2098.63
HY-LOT-04,W08,-1,6,1,10,2.095,1.803,2082.52
HY-LOT-04,W08,-1,7,1,10,1.813,1.794,2102.68
HY-LOT-04,W08,-1,8,1,10,2.194,1.811,2087.86
HY-LOT-04,W08,-1,9,1,10,2.268,1.8,2067.81
HY-LOT-04,W08,-1,10,1,10,2.088,1.819,2050.3
HY-LOT-04,W08,-1,11,1,10,2.327,1.8,2111.1
HY-LOT-04,W08,-1,12,1,10,2.444,1.843,2111.75
HY-LOT-04,W08,-1,13,1,10,2.052,1.804,2095.79
HY-LOT-04,W08,-1,14,1,10,2.006,1.837,2132.92
HY-LOT-04,W08,-1,15,1,10,1.853,1.793,2098.55
HY-LOT-04,W08,-1,16,1,10,2.625,1.807,2118.94
HY-LOT-04,W08,-1,17,1,10,2.175,1.769,2065.61
HY-LOT-04,W08,-1,18,1,10,2.543,1.824,2126.12
HY-LOT-04,W08,-1,19,1,10,2.18,1.79,2103.73
HY-LOT-04,W08,0,-19,1,10,1.942,1.772,2091.3
HY-LOT-04,W08,0,-18,1,10,2.206,1.809,2073.84
HY-LOT-04,W08,0,-17,1,10,2.257,1.819,2081.65
HY-LOT-04,W08,0,-16,1,10,2.022,1.797,2081.37
HY-LOT-04,W08,0,-15,1,10,2.031,1.803,2118
HY-LOT-04,W08,0,-14,1,10,2.167,1.792,2080.94
HY-LOT-04,W08,0,-13,1,10,2,1.76,2126.24
HY-LOT-04,W08,0,-12,1,10,2.02,1.787,2117.46
HY-LOT-04,W08,0,-11,1,10,2.039,1.772,2098.82
HY-LOT-04,W08,0,-10,1,10,2.106,1.828,2076.38
HY-LOT-04,W08,0,-9,1,10,2.214,1.802,2098.21
HY-LOT-04,W08,0,-8,1,10,2.325,1.817,2087.1
HY-LOT-04,W08,0,-7,1,10,1.924,1.755,2105.81
HY-LOT-04,W08,0,-6,1,10,2.344,1.817,2115.12
HY-LOT-04,W08,0,-5,1,10,2.072,1.805,2104.04
HY-LOT-04,W08,0,-4,1,10,1.925,1.8,2112.87
HY-LOT-04,W08,0,-3,1,10,2.531,1.784,2071.79
HY-LOT-04,W08,0,-2,1,10,2.303,1.823,2121.98
HY-LOT-04,W08,0,-1,1,10,2.248,1.782,2106.7
HY-LOT-04,W08,0,0,1,10,2.309,1.79,2113.18
HY-LOT-04,W08,0,1,1,10,1.588,1.794,2125.14
HY-LOT-04,W08,0,2,1,10,1.821,1.777,2120.06
HY-LOT-04,W08,0,3,1,10,2.092,1.788,2112.34
HY-LOT-04,W08,0,4,1,10,1.946,1.8,2101.37
HY-LOT-04,W08,0,5,1,10,1.912,1.828,2084.54
HY-LOT-04,W08,0,6,1,10,2.284,1.811,2102.26
HY-LOT-04,W08,0,7,1,10,2.545,1.798,2144.16
HY-LOT-04,W08,0,8,1,10,2.122,1.824,2067.15
HY-LOT-04,W08,0,9,1,10,2.705,1.816,2121.92
HY-LOT-04,W08,0,10,1,10,1.749,1.804,2078.54
HY-LOT-04,W08,0,11,1,10,1.969,1.803,2137.1
HY-LOT-04,W08,0,12,1,10,2.243,1.773,2106.42
HY-LOT-04,W08,0,13,1,10,1.791,1.777,2101.11
HY-LOT-04,W08,0,14,1,10,1.91,1.82,2107.27
HY-LOT-04,W08,0,15,1,10,2.014,1.806,2087.38
HY-LOT-04,W08,0,16,1,10,2.25,1.788,2084.58
HY-LOT-04,W08,0,17,1,10,2.461,1.807,2090.96
HY-LOT-04,W08,0,18,1,10,2.071,1.773,2093.52
HY-LOT-04,W08,0,19,1,10,2.098,1.822,2102.54
HY-LOT-04,W08,1,-19,1,10,2.296,1.799,2116.69
HY-LOT-04,W08,1,-18,1,10,1.94,1.774,2072.5
HY-LOT-04,W08,1,-17,1,10,2.22,1.765,2103.91
HY-LOT-04,W08,1,-16,1,10,1.962,1.817,2073.39
HY-LOT-04,W08,1,-15,1,10,2.165,1.783,2100.45
HY-LOT-04,W08,1,-14,1,10,2.078,1.787,2106.34
HY-LOT-04,W08,1,-13,1,10,2.095,1.803,2102.36
HY-LOT-04,W08,1,-12,1,10,1.976,1.813,2122.05
HY-LOT-04,W08,1,-11,1,10,2.048,1.825,2044.51
HY-LOT-04,W08,1,-10,1,10,1.808,1.818,2118.61
HY-LOT-04,W08,1,-9,1,10,2.48,1.79,2117.57
HY-LOT-04,W08,1,-8,1,10,2.217,1.802,2102.56
HY-LOT-04,W08,1,-7,1,10,2.327,1.788,2117.4
HY-LOT-04,W08,1,-6,1,10,2.386,1.789,2096.84
HY-LOT-04,W08,1,-5,1,10,2.102,1.8,2122.77
HY-LOT-04,W08,1,-4,1,10,2.246,1.794,2140.55
HY-LOT-04,W08,1,-3,1,10,2.367,1.82,2086.89
HY-LOT-04,W08,1,-2,1,10,1.821,1.797,2094.16
HY-LOT-04,W08,1,-1,1,10,1.98,1.811,2106.71
HY-LOT-04,W08,1,0,1,10,2.08,1.819,2102.18
HY-LOT-04,W08,1,1,1,10,2.08,1.802,2111.29
HY-LOT-04,W08,1,2,1,10,2.206,1.781,2092.43
HY-LOT-04,W08,1,3,1,10,1.956,1.791,2062.52
HY-LOT-04,W08,1,4,1,10,2.235,1.806,2098.21
HY-LOT-04,W08,1,5,1,10,2.272,1.797,2089.56
HY-LOT-04,W08,1,6,1,10,2.383,1.789,2120.74
HY-LOT-04,W08,1,7,1,10,2.353,1.801,2137.01
HY-LOT-04,W08,1,8,1,10,2.27,1.779,2099.63
HY-LOT-04,W08,1,9,1,10,1.736,1.807,2120.48
HY-LOT-04,W08,1,10,1,10,2.43,1.778,2106.73
HY-LOT-04,W08,1,11,1,10,1.94,1.792,2058.78
HY-LOT-04,W08,1,12,1,10,2.346,1.788,2135.31
HY-LOT-04,W08,1,13,1,10,2.299,1.79,2108.66
HY-LOT-04,W08,1,14,1,10,2.278,1.821,2092.63
HY-LOT-04,W08,1,15,1,10,2.148,1.792,2086.9
HY-LOT-04,W08,1,16,1,10,2.297,1.814,2120.24
HY-LOT-04,W08,1,17,1,10,2.237,1.775,2094.67
HY-LOT-04,W08,1,18,1,10,2.175,1.78,2102.72
HY-LOT-04,W08,1,19,1,10,2.269,1.815,2097.33
HY-LOT-04,W08,2,-19,1,10,2.441,1.789,2062.48
HY-LOT-04,W08,2,-18,1,10,1.938,1.817,2118.76
HY-LOT-04,W08,2,-17,1,10,2.333,1.792,2108.28
HY-LOT-04,W08,2,-16,1,10,2.045,1.78,2105.91
HY-LOT-04,W08,2,-15,1,10,2.242,1.797,2066.22
HY-LOT-04,W08,2,-14,1,10,2.453,1.803,2123.57
HY-LOT-04,W08,2,-13,1,10,2.005,1.787,2108.44
HY-LOT-04,W08,2,-12,1,10,2.201,1.815,2093.96
HY-LOT-04,W08,2,-11,1,10,2.344,1.814,2078.52
HY-LOT-04,W08,2,-10,1,10,1.94,1.804,2078.71
HY-LOT-04,W08,2,-9,1,10,1.937,1.808,2108.44
HY-LOT-04,W08,2,-8,1,10,1.912,1.807,2097.86
HY-LOT-04,W08,2,-7,1,10,1.996,1.783,2091.94
HY-LOT-04,W08,2,-6,1,10,2.103,1.785,2084.9
HY-LOT-04,W08,2,-5,1,10,2.08,1.801,2100.77
HY-LOT-04,W08,2,-4,1,10,1.849,1.813,2103.92
HY-LOT-04,W08,2,-3,1,10,2.427,1.797,2110.35
HY-LOT-04,W08,2,-2,1,10,2.275,1.823,2124.54
HY-LOT-04,W08,2,-1,1,10,1.747,1.821,2069.6
HY-LOT-04,W08,2,0,1,10,2.063,1.793,2082.97
HY-LOT-04,W08,2,1,1,10,2.174,1.801,2117.7
HY-LOT-04,W08,2,2,1,10,2.237,1.806,2093.02
HY-LOT-04,W08,2,3,1,10,2.339,1.781,2126.17
HY-LOT-04,W08,2,4,1,10,2.499,1.806,2116.17
HY-LOT-04,W08,2,5,1,10,2.275,1.811,2112.02
HY-LOT-04,W08,2,6,1,10,2.256,1.76,2105.08
HY-LOT-04,W08,2,7,1,10,1.917,1.826,2083.69
HY-LOT-04,W08,2,8,1,10,2.527,1.805,2117.77
HY-LOT-04,W08,2,9,1,10,1.953,1.778,2098.82
HY-LOT-04,W08,2,10,1,10,2.15,1.806,2115.03
HY-LOT-04,W08,2,11,1,10,2.078,1.806,2086.79
HY-LOT-04,W08,2,12,1,10,2.379,1.808,2138.49
HY-LOT-04,W08,2,13,1,10,2.316,1.802,2084.31
HY-LOT-04,W08,2,14,1,10,2.259,1.808,2096.92
HY-LOT-04,W08,2,15,1,10,1.763,1.803,2087.39
HY-LOT-04,W08,2,16,1,10,2.097,1.809,2093.35
HY-LOT-04,W08,2,17,1,10,2.103,1.82,2125.79
HY-LOT-04,W08,2,18,1,10,2.127,1.794,2129.4
HY-LOT-04,W08,2,19,1,10,2.286,1.793,2134.15
HY-LOT-04,W08,3,-19,1,10,1.922,1.842,2067.61
HY-LOT-04,W08,3,-18,1,10,1.945,1.781,2091.86
HY-LOT-04,W08,3,-17,1,10,2.023,1.811,2097.27
HY-LOT-04,W08,3,-16,1,10,1.947,1.8,2097.85
HY-LOT-04,W08,3,-15,1,10,2.302,1.806,2085.32
HY-LOT-04,W08,3,-14,1,10,2.261,1.825,2092.44
HY-LOT-04,W08,3,-13,1,10,2.017,1.778,2141.7
HY-LOT-04,W08,3,-12,1,10,1.927,1.804,2080.68
HY-LOT-04,W08,3,-11,1,10,1.825,1.832,2098.63
HY-LOT-04,W08,3,-10,1,10,2.265,1.818,2112.53
HY-LOT-04,W08,3,-9,1,10,2.42,1.797,2089.92
HY-LOT-04,W08,3,-8,1,10,2.299,1.772,2120.17
HY-LOT-04,W08,3,-7,1,10,2.111,1.847,2131.68
HY-LOT-04,W08,3,-6,1,10,2.078,1.793,2091.06
HY-LOT-04,W08,3,-5,1,10,1.99,1.805,2086.07
HY-LOT-04,W08,3,-4,1,10,2.132,1.795,2083.95
HY-LOT-04,W08,3,-3,1,10,2.308,1.802,2128.24
HY-LOT-04,W08,3,-2,1,10,2.117,1.789,2122.9
HY-LOT-04,W08,3,-1,1,10,2.317,1.799,2076.05
HY-LOT-04,W08,3,0,1,10,2.098,1.806,2084.94
HY-LOT-04,W08,3,1,1,10,2.163,1.808,2112.49
HY-LOT-04,W08,3,2,1,10,1.894,1.802,2101.64
HY-LOT-04,W08,3,3,1,10,1.985,1.753,2102.57
HY-LOT-04,W08,3,4,1,10,2.202,1.818,2122.55
HY-LOT-04,W08,3,5,1,10,2.437,1.769,2091.53
HY-LOT-04,W08,3,6,1,10,2.062,1.819,2079.95
HY-LOT-04,W08,3,7,1,10,1.958,1.811,2093.88
HY-LOT-04,W08,3,8,1,10,1.966,1.804,2122.03
HY-LOT-04,W08,3,9,1,10,2.149,1.755,2123.62
HY-LOT-04,W08,3,10,1,10,1.954,1.782,2096.82
HY-LOT-04,W08,3,11,1,10,2.14,1.798,2097.87
HY-LOT-04,W08,3,12,1,10,1.814,1.822,2110.28
HY-LOT-04,W08,3,13,1,10,2.344,1.757,2106.88
HY-LOT-04,W08,3,14,1,10,1.917,1.805,2100.5
HY-LOT-04,W08,3,15,1,10,2.055,1.778,2097.44
HY-LOT-04,W08,3,16,1,10,1.935,1.808,2116.89
HY-LOT-04,W08,3,17,1,10,2.476,1.819,2104.66
HY-LOT-04,W08,3,18,1,10,1.815,1.818,2109.27
HY-LOT-04,W08,3,19,1,10,2.187,1.812,2105.45
HY-LOT-04,W08,4,-18,1,10,2.365,1.804,2086.69
HY-LOT-04,W08,4,-17,1,10,2.182,1.787,2111.32
HY-LOT-04,W08,4,-16,1,10,1.869,1.792,2085.38
HY-LOT-04,W08,4,-15,1,10,1.834,1.78,2098.41
HY-LOT-04,W08,4,-14,1,10,1.981,1.797,2109.78
HY-LOT-04,W08,4,-13,1,10,2.323,1.808,2094.93
HY-LOT-04,W08,4,-12,1,10,2.334,1.779,2102.74
HY-LOT-04,W08,4,-11,1,10,2.197,1.792,2116.08
HY-LOT-04,W08,4,-10,1,10,2.259,1.814,2095.92
HY-LOT-04,W08,4,-9,1,10,2.264,1.799,2088.76
HY-LOT-04,W08,4,-8,1,10,2.102,1.791,2114.7
HY-LOT-04,W08,4,-7,1,10,2.292,1.8,2082.26
HY-LOT-04,W08,4,-6,1,10,1.817,1.79,2110.58
HY-LOT-04,W08,4,-5,1,10,2.455,1.802,2081.03
HY-LOT-04,W08,4,-4,1,10,2.203,1.831,2106.49
HY-LOT-04,W08,4,-3,1,10,2.348,1.84,2062.08
HY-LOT-04,W08,4,-2,1,10,1.847,1.818,2077.21
HY-LOT-04,W08,4,-1,1,10,1.813,1.75,2134.63
HY-LOT-04,W08,4,0,1,10,2.214,1.802,2133.55
HY-LOT-04,W08,4,1,1,10,2.138,1.831,2091.44
HY-LOT-04,W08,4,2,1,10,2.076,1.788,2095.23
HY-LOT-04,W08,4,3,1,10,1.804,1.831,2073.11
HY-LOT-04,W08,4,4,1,10,2.223,1.77,2111.35
HY-LOT-04,W08,4,5,1,10,1.989,1.762,2090.1
HY-LOT-04,W08,4,6,1,10,2.03,1.804,2101.65
HY-LOT-04,W08,4,7,1,10,2.345,1.822,2080.37
HY-LOT-04,W08,4,8,1,10,2.02,1.799,2097.21
HY-LOT-04,W08,4,9,1,10,2.138,1.788,2090.7
HY-LOT-04,W08,4,10,1,10,2.129,1.797,2108.19
HY-LOT-04,W08,4,11,1,10,2.105,1.786,2107.75
HY-LOT-04,W08,4,12,1,10,1.996,1.797,2074.53
HY-LOT-04,W08,4,13,1,10,2.307,1.803,2101.74
HY-LOT-04,W08,4,14,1,10,2.174,1.808,2112.68
HY-LOT-04,W08,4,15,1,10,2.05,1.834,2105.51
HY-LOT-04,W08,4,16,1,10,1.955,1.807,2117.68
HY-LOT-04,W08,4,17,1,10,2.47,1.789,2111.86
HY-LOT-04,W08,4,18,1,10,1.844,1.783,2115.12
HY-LOT-04,W08,5,-18,1,10,1.97,1.796,2082.4
HY-LOT-04,W08,5,-17,1,10,2.217,1.8,2100.88
HY-LOT-04,W08,5,-16,1,10,2.241,1.821,2089.2
HY-LOT-04,W08,5,-15,1,10,1.738,1.792,2076.57
HY-LOT-04,W08,5,-14,1,10,2.114,1.82,2131.77
HY-LOT-04,W08,5,-13,1,10,1.875,1.796,2130.42
HY-LOT-04,W08,5,-12,1,10,1.959,1.77,2082.21
HY-LOT-04,W08,5,-11,1,10,2.353,1.796,2122.27
HY-LOT-04,W08,5,-10,1,10,1.794,1.799,2122.87
HY-LOT-04,W08,5,-9,1,10,2.33,1.836,2091.13
HY-LOT-04,W08,5,-8,1,10,1.977,1.805,2105.07
HY-LOT-04,W08,5,-7,1,10,2.1,1.788,2080.99
HY-LOT-04,W08,5,-6,1,10,2.537,1.793,2092.4
HY-LOT-04,W08,5,-5,1,10,2.192,1.812,2063.81
HY-LOT-04,W08,5,-4,1,10,1.964,1.781,2112.12
HY-LOT-04,W08,5,-3,1,10,1.944,1.827,2083.64
HY-LOT-04,W08,5,-2,1,10,2.16,1.8,2089.38
HY-LOT-04,W08,5,-1,1,10,2.228,1.78,2071.7
HY-LOT-04,W08,5,0,1,10,2.187,1.789,2101.46
HY-LOT-04,W08,5,1,1,10,2.135,1.792,2124.18
HY-LOT-04,W08,5,2,1,10,2.465,1.809,2093.06
HY-LOT-04,W08,5,3,1,10,1.972,1.828,2097.81
HY-LOT-04,W08,5,4,1,10,2.119,1.834,2091.73
HY-LOT-04,W08,5,5,1,10,2.183,1.795,2130.74
HY-LOT-04,W08,5,6,1,10,2.561,1.813,2107.28
HY-LOT-04,W08,5,7,1,10,1.969,1.817,2086.94
HY-LOT-04,W08,5,8,1,10,2.323,1.809,2084.85
HY-LOT-04,W08,5,9,1,10,2.256,1.787,2102.79
HY-LOT-04,W08,5,10,1,10,2.263,1.779,2095.87
HY-LOT-04,W08,5,11,1,10,2.16,1.787,2086.81
HY-LOT-04,W08,5,12,1,10,2.147,1.815,2122.59
HY-LOT-04,W08,5,13,1,10,1.999,1.815,2071.78
HY-LOT-04,W08,5,14,1,10,2.035,1.82,2125.87
HY-LOT-04,W08,5,15,1,10,2.26,1.833,2081.2
HY-LOT-04,W08,5,16,1,10,1.833,1.812,2083.66
HY-LOT-04,W08,5,17,1,10,2.161,1.816,2107.12
HY-LOT-04,W08,5,18,1,10,2.131,1.808,2085.13
HY-LOT-04,W08,6,-18,1,10,2.071,1.774,2108.51
HY-LOT-04,W08,6,-17,1,10,1.985,1.806,2088.15
HY-LOT-04,W08,6,-16,1,10,1.897,1.801,2110.42
HY-LOT-04,W08,6,-15,2,21,2.153,1.803,2079.52
HY-LOT-04,W08,6,-14,1,10,2.168,1.796,2082.84
HY-LOT-04,W08,6,-13,1,10,2.09,1.78,2076.7
HY-LOT-04,W08,6,-12,1,10,1.976,1.784,2059.85
HY-LOT-04,W08,6,-11,1,10,2.484,1.81,2074.37
HY-LOT-04,W08,6,-10,1,10,2.373,1.802,2113.66
HY-LOT-04,W08,6,-9,1,10,2.127,1.785,2121.81
HY-LOT-04,W08,6,-8,1,10,1.852,1.788,2122.94
HY-LOT-04,W08,6,-7,1,10,2.283,1.774,2115.06
HY-LOT-04,W08,6,-6,1,10,1.846,1.797,2139.97
HY-LOT-04,W08,6,-5,1,10,2.592,1.786,2110.15
HY-LOT-04,W08,6,-4,1,10,2.485,1.821,2106.18
HY-LOT-04,W08,6,-3,1,10,2.173,1.81,2084.6
HY-LOT-04,W08,6,-2,1,10,1.852,1.815,2080.79
HY-LOT-04,W08,6,-1,1,10,2.363,1.801,2112.36
HY-LOT-04,W08,6,0,1,10,2.077,1.796,2117.28
HY-LOT-04,W08,6,1,1,10,2.035,1.775,2110.93
HY-LOT-04,W08,6,2,1,10,2.169,1.796,2098.08
HY-LOT-04,W08,6,3,1,10,2.025,1.815,2125.95
HY-LOT-04,W08,6,4,1,10,2.51,1.811,2133.35
HY-LOT-04,W08,6,5,1,10,1.865,1.803,2104.9
HY-LOT-04,W08,6,6,1,10,2.128,1.806,2070.79
HY-LOT-04,W08,6,7,1,10,1.907,1.823,2115.08
HY-LOT-04,W08,6,8,1,10,1.838,1.815,2121.33
HY-LOT-04,W08,6,9,1,10,1.706,1.794,2110.35
HY-LOT-04,W08,6,10,1,10,2.127,1.81,2087.95
HY-LOT-04,W08,6,11,1,10,2.192,1.806,2090.73
HY-LOT-04,W08,6,12,1,10,1.739,1.816,2076.5
HY-LOT-04,W08,6,13,1,10,2.201,1.814,2093.99
HY-LOT-04,W08,6,14,1,10,2.192,1.799,2048.27
HY-LOT-04,W08,6,15,1,10,1.996,1.807,2110.11
HY-LOT-04,W08,6,16,1,10,2.591,1.789,2129.26
HY-LOT-04,W08,6,17,1,10,2.216,1.801,2096.01
HY-LOT-04,W08,6,18,1,10,1.917,1.804,2099.93
HY-LOT-04,W08,7,-17,1,10,1.985,1.815,2137.5
HY-LOT-04,W08,7,-16,1,10,2.112,1.834,2073.82
HY-LOT-04,W08,7,-15,1,10,2.614,1.793,2100.63
HY-LOT-04,W08,7,-14,1,10,2.127,1.799,2113
HY-LOT-04,W08,7,-13,1,10,2.329,1.81,2104.77
HY-LOT-04,W08,7,-12,1,10,2.148,1.808,2129.87
HY-LOT-04,W08,7,-11,1,10,2.125,1.782,2097.48
HY-LOT-04,W08,7,-10,1,10,2.171,1.796,2109.91
HY-LOT-04,W08,7,-9,1,10,2.28,1.805,2118.41
HY-LOT-04,W08,7,-8,1,10,2.402,1.796,2098.76
HY-LOT-04,W08,7,-7,1,10,2.518,1.836,2115.28
HY-LOT-04,W08,7,-6,1,10,1.817,1.824,2093.8
HY-LOT-04,W08,7,-5,1,10,2.335,1.807,2096.77
HY-LOT-04,W08,7,-4,1,10,2.078,1.807,2113.51
HY-LOT-04,W08,7,-3,1,10,2.021,1.794,2082.75
HY-LOT-04,W08,7,-2,1,10,2.236,1.788,2101.84
HY-LOT-04,W08,7,-1,1,10,1.993,1.802,2107.21
HY-LOT-04,W08,7,0,1,10,2.567,1.796,2101.17
HY-LOT-04,W08,7,1,1,10,2.042,1.805,2078.8
HY-LOT-04,W08,7,2,1,10,1.944,1.793,2096.62
HY-LOT-04,W08,7,3,1,10,2.212,1.826,2093.3
HY-LOT-04,W08,7,4,1,10,2.15,1.809,2088.12
HY-LOT-04,W08,7,5,1,10,1.96,1.78,2096.46
HY-LOT-04,W08,7,6,1,10,2.256,1.814,2078.24
HY-LOT-04,W08,7,7,1,10,2.339,1.794,2095.4
HY-LOT-04,W08,7,8,1,10,2.161,1.779,2081.09
HY-LOT-04,W08,7,9,1,10,2.28,1.81,2105.32
HY-LOT-04,W08,7,10,1,10,2.138,1.782,2092.65
HY-LOT-04,W08,7,11,1,10,2.124,1.79,2114.93
HY-LOT-04,W08,7,12,1,10,2.587,1.801,2100.23
HY-LOT-04,W08,7,13,1,10,2.066,1.826,2089.93
HY-LOT-04,W08,7,14,1,10,2.002,1.784,2101.29
HY-LOT-04,W08,7,15,1,10,1.861,1.794,2124.38
HY-LOT-04,W08,7,16,1,10,2.478,1.781,2081.2
HY-LOT-04,W08,7,17,1,10,1.873,1.769,2105.53
HY-LOT-04,W08,8,-17,1,10,2.299,1.785,2094.66
HY-LOT-04,W08,8,-16,2,21,1.936,1.805,2127.13
HY-LOT-04,W08,8,-15,1,10,2.08,1.787,2106.71
HY-LOT-04,W08,8,-14,1,10,2.051,1.803,2104.13
HY-LOT-04,W08,8,-13,1,10,2.115,1.807,2103.89
HY-LOT-04,W08,8,-12,1,10,2.305,1.781,2095.65
HY-LOT-04,W08,8,-11,1,10,1.885,1.796,2091.24
HY-LOT-04,W08,8,-10,1,10,2.24,1.804,2084.2
HY-LOT-04,W08,8,-9,2,21,1.899,1.791,2065.73
HY-LOT-04,W08,8,-8,1,10,2.253,1.823,2081.98
HY-LOT-04,W08,8,-7,1,10,2.4,1.82,2123.18
HY-LOT-04,W08,8,-6,1,10,2.165,1.826,2070.4
HY-LOT-04,W08,8,-5,1,10,2.13,1.813,2095.42
HY-LOT-04,W08,8,-4,1,10,2.109,1.767,2122.65
HY-LOT-04,W08,8,-3,1,10,2.143,1.793,2084.46
HY-LOT-04,W08,8,-2,1,10,2.096,1.784,2093.61
HY-LOT-04,W08,8,-1,1,10,1.767,1.811,2095.46
HY-LOT-04,W08,8,0,1,10,2.199,1.806,2077.63
HY-LOT-04,W08,8,1,1,10,1.789,1.758,2113.05
HY-LOT-04,W08,8,2,1,10,1.999,1.796,2058.34
HY-LOT-04,W08,8,3,1,10,2.422,1.797,2097.29
HY-LOT-04,W08,8,4,1,10,2.182,1.795,2124.51
HY-LOT-04,W08,8,5,1,10,2.318,1.787,2125.58
HY-LOT-04,W08,8,6,1,10,2.306,1.787,2084.35
HY-LOT-04,W08,8,7,1,10,2.667,1.795,2116.36
HY-LOT-04,W08,8,8,1,10,2.575,1.785,2139.25
HY-LOT-04,W08,8,9,1,10,1.861,1.766,2096.47
HY-LOT-04,W08,8,10,1,10,2.272,1.814,2084.99
HY-LOT-04,W08,8,11,1,10,2.079,1.816,2125.63
HY-LOT-04,W08,8,12,1,10,2.367,1.79,2103.14
HY-LOT-04,W08,8,13,1,10,2.259,1.799,2092.41
HY-LOT-04,W08,8,14,1,10,1.849,1.789,2122.29
HY-LOT-04,W08,8,15,1,10,2.306,1.789,2130.93
HY-LOT-04,W08,8,16,1,10,2.079,1.814,2086.61
HY-LOT-04,W08,8,17,1,10,1.999,1.831,2129.41
HY-LOT-04,W08,9,-17,1,10,1.981,1.817,2098.01
HY-LOT-04,W08,9,-16,1,10,2.009,1.802,2123.12
HY-LOT-04,W08,9,-15,1,10,2.018,1.798,2080.35
HY-LOT-04,W08,9,-14,1,10,1.981,1.81,2125.64
HY-LOT-04,W08,9,-13,1,10,2.118,1.813,2139.06
HY-LOT-04,W08,9,-12,1,10,1.957,1.791,2106.39
HY-LOT-04,W08,9,-11,1,10,1.774,1.797,2103.86
HY-LOT-04,W08,9,-10,1,10,2.201,1.776,2058.83
HY-LOT-04,W08,9,-9,1,10,1.933,1.807,2093.15
HY-LOT-04,W08,9,-8,1,10,2.316,1.768,2095.79
HY-LOT-04,W08,9,-7,1,10,2.376,1.801,2071.35
HY-LOT-04,W08,9,-6,1,10,2.247,1.786,2112.29
HY-LOT-04,W08,9,-5,1,10,2.106,1.784,2077.29
HY-LOT-04,W08,9,-4,1,10,2.005,1.8,2124.07
HY-LOT-04,W08,9,-3,1,10,2.252,1.779,2112.56
HY-LOT-04,W08,9,-2,1,10,2.113,1.828,2097.31
HY-LOT-04,W08,9,-1,1,10,1.961,1.818,2104.87
HY-LOT-04,W08,9,0,1,10,2.465,1.797,2110.03
HY-LOT-04,W08,9,1,1,10,1.981,1.802,2077.06
HY-LOT-04,W08,9,2,1,10,2.054,1.848,2098.46
HY-LOT-04,W08,9,3,1,10,2.238,1.819,2153.66
HY-LOT-04,W08,9,4,1,10,2.012,1.807,2082.79
HY-LOT-04,W08,9,5,1,10,2.294,1.796,2122.94
HY-LOT-04,W08,9,6,1,10,2.301,1.829,2098.21
HY-LOT-04,W08,9,7,1,10,1.985,1.807,2110.36
HY-LOT-04,W08,9,8,1,10,2.315,1.801,2090.63
HY-LOT-04,W08,9,9,1,10,2.181,1.789,2085.51
HY-LOT-04,W08,9,10,1,10,2.269,1.763,2105.72
HY-LOT-04,W08,9,11,1,10,2.187,1.818,2098.56
HY-LOT-04,W08,9,12,1,10,2.013,1.788,2079.63
HY-LOT-04,W08,9,13,1,10,2.464,1.819,2104.77
HY-LOT-04,W08,9,14,1,10,1.998,1.79,2115.65
HY-LOT-04,W08,9,15,1,10,2.604,1.788,2110.69
HY-LOT-04,W08,9,16,1,10,2.382,1.797,2089.51
HY-LOT-04,W08,9,17,1,10,1.764,1.777,2116.75
HY-LOT-04,W08,10,-16,1,10,2.228,1.795,2107.97
HY-LOT-04,W08,10,-15,1,10,1.944,1.794,2130.88
HY-LOT-04,W08,10,-14,1,10,2.092,1.811,2067.24
HY-LOT-04,W08,10,-13,1,10,2.34,1.792,2113.65
HY-LOT-04,W08,10,-12,1,10,2.136,1.787,2090
HY-LOT-04,W08,10,-11,1,10,2.251,1.786,2139.25
HY-LOT-04,W08,10,-10,1,10,2.04,1.792,2090.74
HY-LOT-04,W08,10,-9,1,10,1.953,1.803,2113.82
HY-LOT-04,W08,10,-8,1,10,2.069,1.802,2138.25
HY-LOT-04,W08,10,-7,1,10,2.301,1.754,2112.37
HY-LOT-04,W08,10,-6,1,10,2.064,1.769,2087.17
HY-LOT-04,W08,10,-5,1,10,2.124,1.802,2067.94
HY-LOT-04,W08,10,-4,1,10,2.224,1.819,2053.93
HY-LOT-04,W08,10,-3,1,10,2.044,1.784,2080.13
HY-LOT-04,W08,10,-2,1,10,2.058,1.766,2108.28
HY-LOT-04,W08,10,-1,1,10,2.204,1.826,2112.18
HY-LOT-04,W08,10,0,1,10,2.177,1.813,2069.53
HY-LOT-04,W08,10,1,1,10,2.023,1.83,2118.69
HY-LOT-04,W08,10,2,1,10,1.87,1.815,2103.29
HY-LOT-04,W08,10,3,1,10,1.905,1.817,2104.27
HY-LOT-04,W08,10,4,1,10,2.411,1.775,2123
HY-LOT-04,W08,10,5,1,10,2.109,1.825,2100.56
HY-LOT-04,W08,10,6,1,10,2.061,1.784,2126.13
HY-LOT-04,W08,10,7,1,10,2.297,1.782,2071.39
HY-LOT-04,W08,10,8,2,21,2.069,1.798,2121.64
HY-LOT-04,W08,10,9,1,10,2.429,1.803,2084.01
HY-LOT-04,W08,10,10,1,10,1.988,1.812,2117.26
HY-LOT-04,W08,10,11,1,10,1.816,1.815,2134.22
HY-LOT-04,W08,10,12,1,10,2.279,1.805,2127.69
HY-LOT-04,W08,10,13,1,10,2.065,1.794,2101.85
HY-LOT-04,W08,10,14,1,10,2.376,1.786,2103.85
HY-LOT-04,W08,10,15,1,10,2.165,1.788,2124.36
HY-LOT-04,W08,10,16,1,10,1.779,1.793,2108.93
HY-LOT-04,W08,11,-15,1,10,2.162,1.791,2093
HY-LOT-04,W08,11,-14,1,10,2.439,1.797,2102.74
HY-LOT-04,W08,11,-13,1,10,2.143,1.81,2111.95
HY-LOT-04,W08,11,-12,1,10,1.846,1.792,2120.37
HY-LOT-04,W08,11,-11,1,10,2.115,1.794,2094.38
HY-LOT-04,W08,11,-10,1,10,2.465,1.815,2133.16
HY-LOT-04,W08,11,-9,1,10,2.635,1.805,2062.75
HY-LOT-04,W08,11,-8,1,10,1.674,1.803,2087.33
HY-LOT-04,W08,11,-7,1,10,2.216,1.813,2118.4
HY-LOT-04,W08,11,-6,1,10,1.985,1.786,2115.87
HY-LOT-04,W08,11,-5,1,10,2.196,1.811,2099.53
HY-LOT-04,W08,11,-4,1,10,1.834,1.798,2094.81
HY-LOT-04,W08,11,-3,1,10,2.026,1.815,2114
HY-LOT-04,W08,11,-2,1,10,1.868,1.813,2095.67
HY-LOT-04,W08,11,-1,1,10,2.296,1.795,2109.34
HY-LOT-04,W08,11,0,1,10,2.032,1.797,2100.2
HY-LOT-04,W08,11,1,1,10,2.231,1.804,2070.03
HY-LOT-04,W08,11,2,1,10,2.208,1.796,2092.7
HY-LOT-04,W08,11,3,1,10,1.995,1.79,2118.79
HY-LOT-04,W08,11,4,1,10,2.509,1.817,2093.24
HY-LOT-04,W08,11,5,1,10,2.176,1.793,2118.96
HY-LOT-04,W08,11,6,1,10,2.115,1.83,2094.97
HY-LOT-04,W08,11,7,1,10,2.174,1.829,2066.31
HY-LOT-04,W08,11,8,1,10,2.243,1.8,2091.63
HY-LOT-04,W08,11,9,1,10,2.165,1.812,2091.91
HY-LOT-04,W08,11,10,1,10,1.856,1.79,2128.05
HY-LOT-04,W08,11,11,1,10,2.363,1.814,2082.01
HY-LOT-04,W08,11,12,1,10,2.35,1.8,2125.07
HY-LOT-04,W08,11,13,1,10,2.418,1.798,2097.55
HY-LOT-04,W08,11,14,1,10,2.173,1.784,2123.67
HY-LOT-04,W08,11,15,1,10,1.984,1.788,2140.53
HY-LOT-04,W08,12,-15,1,10,2.14,1.792,2093.37
HY-LOT-04,W08,12,-14,1,10,2.023,1.805,2109.36
HY-LOT-04,W08,12,-13,1,10,2.285,1.787,2106.22
HY-LOT-04,W08,12,-12,1,10,2.384,1.817,2089.08
HY-LOT-04,W08,12,-11,1,10,2.204,1.776,2090.61
HY-LOT-04,W08,12,-10,1,10,1.975,1.81,2118.41
HY-LOT-04,W08,12,-9,1,10,1.711,1.792,2071.29
HY-LOT-04,W08,12,-8,1,10,2.308,1.804,2102.99
HY-LOT-04,W08,12,-7,1,10,2.161,1.801,2098.19
HY-LOT-04,W08,12,-6,1,10,1.963,1.8,2101.83
HY-LOT-04,W08,12,-5,1,10,2.029,1.81,2118.96
HY-LOT-04,W08,12,-4,1,10,1.853,1.812,2089.69
HY-LOT-04,W08,12,-3,1,10,2.097,1.822,2113.39
HY-LOT-04,W08,12,-2,1,10,2.038,1.773,2106.6
HY-LOT-04,W08,12,-1,1,10,2.004,1.798,2091.67
HY-LOT-04,W08,12,0,1,10,1.803,1.815,2101.66
HY-LOT-04,W08,12,1,1,10,1.736,1.809,2114.98
HY-LOT-04,W08,12,2,1,10,2.013,1.794,2092.81
HY-LOT-04,W08,12,3,1,10,2.303,1.834,2091.05
HY-LOT-04,W08,12,4,1,10,1.943,1.783,2084.83
HY-LOT-04,W08,12,5,1,10,2.394,1.835,2099.9
HY-LOT-04,W08,12,6,1,10,1.992,1.817,2115.73
HY-LOT-04,W08,12,7,1,10,2.567,1.808,2103.63
HY-LOT-04,W08,12,8,1,10,1.934,1.778,2112.76
HY-LOT-04,W08,12,9,1,10,1.779,1.822,2081.62
HY-LOT-04,W08,12,10,1,10,2.028,1.791,2106.02
HY-LOT-04,W08,12,11,1,10,2.347,1.822,2111.75
HY-LOT-04,W08,12,12,1,10,2.131,1.813,2100.55
HY-LOT-04,W08,12,13,1,10,2.014,1.811,2092.18
HY-LOT-04,W08,12,14,1,10,2.496,1.798,2129.73
HY-LOT-04,W08,12,15,1,10,1.887,1.782,2105.94
HY-LOT-04,W08,13,-14,1,10,2.026,1.759,2100.24
HY-LOT-04,W08,13,-13,1,10,2.245,1.801,2084.01
HY-LOT-04,W08,13,-12,1,10,1.967,1.778,2078.17
HY-LOT-04,W08,13,-11,1,10,2.331,1.801,2084.51
HY-LOT-04,W08,13,-10,1,10,2.041,1.786,2073.58
HY-LOT-04,W08,13,-9,1,10,2.29,1.781,2111.23
HY-LOT-04,W08,13,-8,1,10,2.02,1.827,2105.43
HY-LOT-04,W08,13,-7,1,10,2.59,1.788,2058.22
HY-LOT-04,W08,13,-6,2,21,2.508,1.785,2110.79
HY-LOT-04,W08,13,-5,1,10,2.293,1.766,2108.88
HY-LOT-04,W08,13,-4,1,10,2.33,1.82,2092.89
HY-LOT-04,W08,13,-3,1,10,2.466,1.781,2094.5
HY-LOT-04,W08,13,-2,1,10,2.052,1.786,2102.81
HY-LOT-04,W08,13,-1,1,10,1.879,1.8,2138.09
HY-LOT-04,W08,13,0,1,10,2.25,1.777,2122.26
HY-LOT-04,W08,13,1,1,10,2.194,1.817,2055.68
HY-LOT-04,W08,13,2,1,10,2.42,1.794,2118.72
HY-LOT-04,W08,13,3,2,21,2.207,1.778,2085.12
HY-LOT-04,W08,13,4,1,10,1.76,1.805,2119.25
HY-LOT-04,W08,13,5,1,10,2.18,1.787,2101.24
HY-LOT-04,W08,13,6,1,10,2.334,1.809,2101.98
HY-LOT-04,W08,13,7,1,10,1.885,1.827,2059.19
HY-LOT-04,W08,13,8,1,10,2.031,1.774,2083.9
HY-LOT-04,W08,13,9,1,10,2.201,1.791,2094.75
HY-LOT-04,W08,13,10,1,10,1.688,1.778,2117.73
HY-LOT-04,W08,13,11,1,10,2.04,1.813,2092.9
HY-LOT-04,W08,13,12,1,10,1.976,1.793,2106.02
HY-LOT-04,W08,13,13,1,10,2.096,1.824,2089.8
HY-LOT-04,W08,13,14,1,10,1.936,1.834,2085.37
HY-LOT-04,W08,14,-13,1,10,2.012,1.785,2094.52
HY-LOT-04,W08,14,-12,1,10,2.016,1.808,2082.54
HY-LOT-04,W08,14,-11,1,10,1.89,1.784,2103.43
HY-LOT-04,W08,14,-10,1,10,2.032,1.827,2081.35
HY-LOT-04,W08,14,-9,1,10,1.69,1.777,2091.85
HY-LOT-04,W08,14,-8,1,10,1.781,1.803,2099.55
HY-LOT-04,W08,14,-7,1,10,2.267,1.818,2122.38
HY-LOT-04,W08,14,-6,1,10,2.044,1.774,2093.87
HY-LOT-04,W08,14,-5,1,10,2.002,1.784,2110.9
HY-LOT-04,W08,14,-4,1,10,1.921,1.793,2099.96
HY-LOT-04,W08,14,-3,1,10,2.21,1.806,2093.01
HY-LOT-04,W08,14,-2,1,10,1.99,1.819,2113.97
HY-LOT-04,W08,14,-1,1,10,2.62,1.788,2085.06
HY-LOT-04,W08,14,0,1,10,2.469,1.821,2092.24
HY-LOT-04,W08,14,1,1,10,2.567,1.798,2052.72
HY-LOT-04,W08,14,2,1,10,2.435,1.785,2087.82
HY-LOT-04,W08,14,3,1,10,1.952,1.797,2110.3
HY-LOT-04,W08,14,4,1,10,2.212,1.824,2091.72
HY-LOT-04,W08,14,5,1,10,2.147,1.761,2081.55
HY-LOT-04,W08,14,6,1,10,1.909,1.811,2091.83
HY-LOT-04,W08,14,7,1,10,2.011,1.784,2104.84
HY-LOT-04,W08,14,8,1,10,1.807,1.803,2121.53
HY-LOT-04,W08,14,9,1,10,1.868,1.796,2071.34
HY-LOT-04,W08,14,10,1,10,2.065,1.804,2095.91
HY-LOT-04,W08,14,11,1,10,2.1,1.793,2104.24
HY-LOT-04,W08,14,12,1,10,2.531,1.81,2079.04
HY-LOT-04,W08,14,13,1,10,2.239,1.755,2109.02
HY-LOT-04,W08,15,-12,1,10,2.32,1.816,2101.45
HY-LOT-04,W08,15,-11,1,10,2.037,1.806,2054.61
HY-LOT-04,W08,15,-10,1,10,2.124,1.782,2115.23
HY-LOT-04,W08,15,-9,1,10,2.462,1.799,2077.14
HY-LOT-04,W08,15,-8,1,10,2.19,1.799,2071.79
HY-LOT-04,W08,15,-7,1,10,2.138,1.787,2104.4
HY-LOT-04,W08,15,-6,1,10,1.91,1.798,2082.43
HY-LOT-04,W08,15,-5,1,10,1.873,1.801,2107.5
HY-LOT-04,W08,15,-4,1,10,2.428,1.774,2098.12
HY-LOT-04,W08,15,-3,1,10,1.983,1.794,2100.75
HY-LOT-04,W08,15,-2,1,10,2.115,1.82,2109.86
HY-LOT-04,W08,15,-1,1,10,2.086,1.782,2099.13
HY-LOT-04,W08,15,0,1,10,2.142,1.826,2097.47
HY-LOT-04,W08,15,1,1,10,1.953,1.8,2075.59
HY-LOT-04,W08,15,2,1,10,2.143,1.8,2124.79
HY-LOT-04,W08,15,3,1,10,1.95,1.801,2100.64
HY-LOT-04,W08,15,4,1,10,2.121,1.794,2132.27
HY-LOT-04,W08,15,5,1,10,2.11,1.78,2092.12
HY-LOT-04,W08,15,6,1,10,2.286,1.791,2098.7
HY-LOT-04,W08,15,7,1,10,2.135,1.808,2107.78
HY-LOT-04,W08,15,8,1,10,2.484,1.8,2096.89
HY-LOT-04,W08,15,9,1,10,2.018,1.784,2067.3
HY-LOT-04,W08,15,10,1,10,2.088,1.795,2104.97
HY-LOT-04,W08,15,11,1,10,2.21,1.814,2126.67
HY-LOT-04,W08,15,12,1,10,1.989,1.796,2112.09
HY-LOT-04,W08,16,-10,1,10,2.349,1.838,2097.68
HY-LOT-04,W08,16,-9,1,10,2.253,1.807,2066.88
HY-LOT-04,W08,16,-8,1,10,1.95,1.8,2067.91
HY-LOT-04,W08,16,-7,1,10,2.293,1.794,2110.68
HY-LOT-04,W08,16,-6,1,10,2.43,1.763,2084.38
HY-LOT-04,W08,16,-5,1,10,2.368,1.803,2072.12
HY-LOT-04,W08,16,-4,1,10,2.067,1.811,2122.86
HY-LOT-04,W08,16,-3,1,10,2.103,1.769,2089.8
HY-LOT-04,W08,16,-2,1,10,2.108,1.806,2100.39
HY-LOT-04,W08,16,-1,1,10,2.291,1.807,2091.79
HY-LOT-04,W08,16,0,1,10,2.369,1.817,2105.82
HY-LOT-04,W08,16,1,1,10,1.797,1.806,2106.67
HY-LOT-04,W08,16,2,1,10,2.177,1.793,2099.91
HY-LOT-04,W08,16,3,1,10,2.132,1.811,2099.52
HY-LOT-04,W08,16,4,1,10,2.377,1.819,2082.46
HY-LOT-04,W08,16,5,1,10,2.187,1.792,2084.67
HY-LOT-04,W08,16,6,1,10,2.442,1.808,2064.89
HY-LOT-04,W08,16,7,1,10,2.14,1.789,2137.86
HY-LOT-04,W08,16,8,1,10,2.226,1.786,2093.28
HY-LOT-04,W08,16,9,1,10,2.17,1.827,2089.84
HY-LOT-04,W08,16,10,1,10,2.232,1.805,2066.29
HY-LOT-04,W08,17,-9,1,10,2.307,1.828,2112.18
HY-LOT-04,W08,17,-8,1,10,2.276,1.796,2084.12
HY-LOT-04,W08,17,-7,1,10,2.135,1.805,2107.8
HY-LOT-04,W08,17,-6,1,10,1.931,1.773,2082.53
HY-LOT-04,W08,17,-5,1,10,2.37,1.808,2103.27
HY-LOT-04,W08,17,-4,1,10,1.778,1.798,2119.63
HY-LOT-04,W08,17,-3,1,10,2.305,1.801,2078.29
HY-LOT-04,W08,17,-2,1,10,2.046,1.819,2051.65
HY-LOT-04,W08,17,-1,1,10,1.9,1.809,2078.88
HY-LOT-04,W08,17,0,1,10,1.665,1.817,2103.11
HY-LOT-04,W08,17,1,1,10,2.263,1.792,2078.5
HY-LOT-04,W08,17,2,1,10,1.971,1.788,2069.17
HY-LOT-04,W08,17,3,1,10,2.244,1.811,2121.94
HY-LOT-04,W08,17,4,1,10,2.119,1.799,2117.63
HY-LOT-04,W08,17,5,1,10,2.371,1.806,2091.97
HY-LOT-04,W08,17,6,1,10,1.881,1.772,2088.19
HY-LOT-04,W08,17,7,1,10,2.16,1.779,2075.11
HY-LOT-04,W08,17,8,1,10,2.326,1.798,2104.2
HY-LOT-04,W08,17,9,1,10,2.091,1.817,2111.27
HY-LOT-04,W08,18,-6,1,10,2.139,1.8,2107.65
HY-LOT-04,W08,18,-5,1,10,2.385,1.805,2088.13
HY-LOT-04,W08,18,-4,1,10,2.452,1.796,2094.26
HY-LOT-04,W08,18,-3,1,10,2.267,1.809,2100.55
HY-LOT-04,W08,18,-2,1,10,2.11,1.807,2107.08
HY-LOT-04,W08,18,-1,1,10,2.251,1.765,2114.39
HY-LOT-04,W08,18,0,1,10,2.553,1.786,2111.58
HY-LOT-04,W08,18,1,1,10,2.245,1.83,2113.1
HY-LOT-04,W08,18,2,1,10,2.305,1.772,2105.93
HY-LOT-04,W08,18,3,1,10,1.856,1.806,2120.75
HY-LOT-04,W08,18,4,1,10,2.031,1.791,2091.37
HY-LOT-04,W08,18,5,1,10,2.239,1.776,2115.79
HY-LOT-04,W08,18,6,1,10,2.219,1.79,2103.64
HY-LOT-04,W08,19,-3,1,10,2.223,1.799,2079.38
HY-LOT-04,W08,19,-2,2,21,2.073,1.815,2111.98
HY-LOT-04,W08,19,-1,1,10,1.91,1.812,2086.86
HY-LOT-04,W08,19,0,1,10,2.153,1.795,2106.21
HY-LOT-04,W08,19,1,1,10,2.091,1.764,2091.49
HY-LOT-04,W08,19,2,1,10,2.208,1.761,2115.25
HY-LOT-04,W08,19,3,1,10,2.312,1.811,2123.55
HY-LOT-04,W09,-19,-3,1,10,2.151,1.805,2136.38
HY-LOT-04,W09,-19,-2,1,10,2.475,1.776,2099.04
HY-LOT-04,W09,-19,-1,2,21,2.319,1.779,2117.22
HY-LOT-04,W09,-19,0,1,10,2.389,1.791,2065.5
HY-LOT-04,W09,-19,1,1,10,2.155,1.767,2084.75
HY-LOT-04,W09,-19,2,1,10,1.84,1.829,2090.88
HY-LOT-04,W09,-19,3,1,10,2.445,1.798,2107.91
HY-LOT-04,W09,-18,-6,1,10,2.482,1.839,2109.08
HY-LOT-04,W09,-18,-5,1,10,2.086,1.81,2107.74
HY-LOT-04,W09,-18,-4,1,10,2.408,1.802,2118.4
HY-LOT-04,W09,-18,-3,1,10,1.993,1.79,2103.33
HY-LOT-04,W09,-18,-2,1,10,2.27,1.813,2113.95
HY-LOT-04,W09,-18,-1,1,10,2.317,1.792,2095.14
HY-LOT-04,W09,-18,0,1,10,2.026,1.79,2120.85
HY-LOT-04,W09,-18,1,1,10,2.36,1.81,2099.9
HY-LOT-04,W09,-18,2,1,10,2.655,1.814,2107.99
HY-LOT-04,W09,-18,3,1,10,2.45,1.767,2109.57
HY-LOT-04,W09,-18,4,1,10,2.05,1.818,2074.1
HY-LOT-04,W09,-18,5,1,10,2.459,1.816,2084.07
HY-LOT-04,W09,-18,6,1,10,2.555,1.806,2107.69
HY-LOT-04,W09,-17,-9,1,10,1.745,1.791,2107.02
HY-LOT-04,W09,-17,-8,1,10,2.093,1.825,2085.6
HY-LOT-04,W09,-17,-7,1,10,2.031,1.838,2099.02
HY-LOT-04,W09,-17,-6,1,10,2.47,1.779,2137.76
HY-LOT-04,W09,-17,-5,1,10,2.031,1.836,2076.75
HY-LOT-04,W09,-17,-4,1,10,2.665,1.778,2090.74
HY-LOT-04,W09,-17,-3,1,10,2.049,1.779,2134.54
HY-LOT-04,W09,-17,-2,1,10,2.265,1.82,2118.98
HY-LOT-04,W09,-17,-1,1,10,2.551,1.784,2080.69
HY-LOT-04,W09,-17,0,1,10,2.103,1.784,2129.46
HY-LOT-04,W09,-17,1,1,10,1.997,1.775,2091.37
HY-LOT-04,W09,-17,2,1,10,1.818,1.809,2133.81
HY-LOT-04,W09,-17,3,1,10,1.966,1.775,2118.26
HY-LOT-04,W09,-17,4,1,10,2.132,1.802,2102.95
HY-LOT-04,W09,-17,5,1,10,2.305,1.797,2119.3
HY-LOT-04,W09,-17,6,1,10,2.409,1.794,2109.02
HY-LOT-04,W09,-17,7,1,10,1.986,1.809,2117.94
HY-LOT-04,W09,-17,8,1,10,2.265,1.794,2112.48
HY-LOT-04,W09,-17,9,1,10,2.284,1.788,2115.89
HY-LOT-04,W09,-16,-10,1,10,2.374,1.792,2080.23
HY-LOT-04,W09,-16,-9,1,10,2.235,1.793,2089.55
HY-LOT-04,W09,-16,-8,1,10,2.441,1.799,2140.23
HY-LOT-04,W09,-16,-7,1,10,2.137,1.789,2084.15
HY-LOT-04,W09,-16,-6,1,10,2.472,1.813,2135.33
HY-LOT-04,W09,-16,-5,1,10,2.655,1.841,2096.85
HY-LOT-04,W09,-16,-4,1,10,2.33,1.819,2117.03
HY-LOT-04,W09,-16,-3,1,10,2.263,1.811,2122.92
HY-LOT-04,W09,-16,-2,1,10,2.207,1.817,2098.17
HY-LOT-04,W09,-16,-1,1,10,1.95,1.843,2080.39
HY-LOT-04,W09,-16,0,1,10,2.094,1.805,2115.36
HY-LOT-04,W09,-16,1,1,10,2.281,1.793,2113.16
HY-LOT-04,W09,-16,2,1,10,1.916,1.812,2097.85
HY-LOT-04,W09,-16,3,1,10,2.425,1.805,2058.53
HY-LOT-04,W09,-16,4,1,10,2.116,1.812,2094.56
HY-LOT-04,W09,-16,5,1,10,2.542,1.806,2115.67
HY-LOT-04,W09,-16,6,1,10,2.186,1.8,2099.77
HY-LOT-04,W09,-16,7,1,10,2.339,1.78,2112.14
HY-LOT-04,W09,-16,8,1,10,2.428,1.794,2102.19
HY-LOT-04,W09,-16,9,1,10,2.393,1.78,2100.95
HY-LOT-04,W09,-16,10,1,10,2.315,1.796,2093.6
HY-LOT-04,W09,-15,-12,1,10,2.384,1.765,2085.81
HY-LOT-04,W09,-15,-11,1,10,2.247,1.816,2127.61
HY-LOT-04,W09,-15,-10,1,10,1.877,1.8,2101.18
HY-LOT-04,W09,-15,-9,1,10,1.883,1.807,2086.6
HY-LOT-04,W09,-15,-8,1,10,2.417,1.802,2092.97
HY-LOT-04,W09,-15,-7,1,10,2.327,1.82,2087.6
HY-LOT-04,W09,-15,-6,1,10,2.278,1.824,2117.57
HY-LOT-04,W09,-15,-5,1,10,2.393,1.814,2092.9
HY-LOT-04,W09,-15,-4,1,10,2.158,1.804,2103.7
HY-LOT-04,W09,-15,-3,1,10,2.317,1.8,2089.4
HY-LOT-04,W09,-15,-2,1,10,2.647,1.775,2115.59
HY-LOT-04,W09,-15,-1,1,10,2.41,1.8,2105.62
HY-LOT-04,W09,-15,0,2,21,1.967,1.774,2096.65
HY-LOT-04,W09,-15,1,1,10,2.121,1.812,2085.69
HY-LOT-04,W09,-15,2,1,10,2.134,1.811,2074.63
HY-LOT-04,W09,-15,3,1,10,2.167,1.804,2109.81
HY-LOT-04,W09,-15,4,1,10,2.322,1.801,2088.63
HY-LOT-04,W09,-15,5,1,10,2.5,1.769,2106.71
HY-LOT-04,W09,-15,6,1,10,2.11,1.831,2098.79
HY-LOT-04,W09,-15,7,1,10,2.304,1.808,2100.46
HY-LOT-04,W09,-15,8,1,10,2.386,1.794,2120.6
HY-LOT-04,W09,-15,9,1,10,2.415,1.808,2098.2
HY-LOT-04,W09,-15,10,1,10,2.265,1.772,2101.6
HY-LOT-04,W09,-15,11,1,10,1.913,1.79,2100.72
HY-LOT-04,W09,-15,12,1,10,2.354,1.832,2121.69
HY-LOT-04,W09,-14,-13,1,10,2.5,1.785,2104.98
HY-LOT-04,W09,-14,-12,1,10,2.357,1.794,2088.05
HY-LOT-04,W09,-14,-11,1,10,2.328,1.784,2103.62
HY-LOT-04,W09,-14,-10,1,10,2.475,1.832,2066.68
HY-LOT-04,W09,-14,-9,1,10,2.18,1.797,2089.65
HY-LOT-04,W09,-14,-8,1,10,2.061,1.797,2109.83
HY-LOT-04,W09,-14,-7,1,10,2.484,1.803,2086.33
HY-LOT-04,W09,-14,-6,1,10,2.355,1.796,2113.06
HY-LOT-04,W09,-14,-5,1,10,2.41,1.815,2095.33
HY-LOT-04,W09,-14,-4,1,10,2.044,1.793,2102.38
HY-LOT-04,W09,-14,-3,1,10,2.449,1.808,2085.16
HY-LOT-04,W09,-14,-2,1,10,2.393,1.813,2116.19
HY-LOT-04,W09,-14,-1,1,10,2.244,1.794,2093.62
HY-LOT-04,W09,-14,0,1,10,2.231,1.811,2063.12
HY-LOT-04,W09,-14,1,1,10,2.66,1.809,2125.49
HY-LOT-04,W09,-14,2,1,10,1.897,1.838,2092.01
HY-LOT-04,W09,-14,3,1,10,2.302,1.796,2146.12
HY-LOT-04,W09,-14,4,1,10,2.079,1.836,2097.3
HY-LOT-04,W09,-14,5,1,10,2.226,1.789,2107.43
HY-LOT-04,W09,-14,6,1,10,2.596,1.808,2112.09
HY-LOT-04,W09,-14,7,1,10,2.688,1.776,2110.89
HY-LOT-04,W09,-14,8,1,10,2.577,1.833,2129.46
HY-LOT-04,W09,-14,9,1,10,2.186,1.784,2091.41
HY-LOT-04,W09,-14,10,1,10,2.244,1.815,2108.9
HY-LOT-04,W09,-14,11,1,10,2.57,1.821,2085.45
HY-LOT-04,W09,-14,12,1,10,2.456,1.803,2085.44
HY-LOT-04,W09,-14,13,1,10,2.206,1.811,2091.53
HY-LOT-04,W09,-13,-14,1,10,2.337,1.767,2102.69
HY-LOT-04,W09,-13,-13,1,10,2.22,1.812,2108.81
HY-LOT-04,W09,-13,-12,1,10,1.969,1.784,2113.64
HY-LOT-04,W09,-13,-11,1,10,1.912,1.801,2115.71
HY-LOT-04,W09,-13,-10,1,10,2.304,1.817,2083.81
HY-LOT-04,W09,-13,-9,1,10,2.017,1.789,2086.83
HY-LOT-04,W09,-13,-8,1,10,2.407,1.792,2126
HY-LOT-04,W09,-13,-7,1,10,2.366,1.809,2073.28
HY-LOT-04,W09,-13,-6,1,10,2.547,1.805,2119.89
HY-LOT-04,W09,-13,-5,1,10,2.441,1.795,2097.6
HY-LOT-04,W09,-13,-4,1,10,2.432,1.801,2092.36
HY-LOT-04,W09,-13,-3,1,10,2.252,1.814,2121.76
HY-LOT-04,W09,-13,-2,1,10,2.03,1.823,2099.64
HY-LOT-04,W09,-13,-1,1,10,2.421,1.831,2091.24
HY-LOT-04,W09,-13,0,1,10,2.004,1.807,2105.87
HY-LOT-04,W09,-13,1,1,10,2.181,1.791,2094.1
HY-LOT-04,W09,-13,2,1,10,2.423,1.806,2077.03
HY-LOT-04,W09,-13,3,1,10,2.087,1.797,2086.02
HY-LOT-04,W09,-13,4,1,10,2.17,1.802,2089.37
HY-LOT-04,W09,-13,5,1,10,2.23,1.805,2098.03
HY-LOT-04,W09,-13,6,1,10,2.465,1.805,2096.77
HY-LOT-04,W09,-13,7,1,10,2.79,1.843,2119.33
HY-LOT-04,W09,-13,8,1,10,2.265,1.819,2105.15
HY-LOT-04,W09,-13,9,1,10,2.148,1.791,2102.81
HY-LOT-04,W09,-13,10,1,10,2.266,1.812,2110.21
HY-LOT-04,W09,-13,11,1,10,2.352,1.8,2111.32
HY-LOT-04,W09,-13,12,1,10,2.512,1.836,2099.14
HY-LOT-04,W09,-13,13,1,10,2.168,1.816,2095.86
HY-LOT-04,W09,-13,14,1,10,2.066,1.818,2108.83
HY-LOT-04,W09,-12,-15,1,10,1.717,1.822,2081.79
HY-LOT-04,W09,-12,-14,1,10,2.228,1.751,2119.63
HY-LOT-04,W09,-12,-13,1,10,2.138,1.801,2106.99
HY-LOT-04,W09,-12,-12,1,10,2.404,1.784,2121.29
HY-LOT-04,W09,-12,-11,1,10,2.032,1.78,2068.33
HY-LOT-04,W09,-12,-10,1,10,2.263,1.776,2072.12
HY-LOT-04,W09,-12,-9,1,10,2.292,1.767,2123.39
HY-LOT-04,W09,-12,-8,1,10,2.204,1.817,2086.71
HY-LOT-04,W09,-12,-7,1,10,2.53,1.826,2084.01
HY-LOT-04,W09,-12,-6,1,10,2.304,1.792,2101.72
HY-LOT-04,W09,-12,-5,1,10,1.851,1.79,2123.12
HY-LOT-04,W09,-12,-4,1,10,2.55,1.836,2122.8
HY-LOT-04,W09,-12,-3,1,10,2.388,1.838,2119.37
HY-LOT-04,W09,-12,-2,1,10,2.28,1.785,2100.39
HY-LOT-04,W09,-12,-1,1,10,2.354,1.783,2102.57
HY-LOT-04,W09,-12,0,1,10,2.473,1.816,2113.06
HY-LOT-04,W09,-12,1,1,10,2.297,1.806,2111.22
HY-LOT-04,W09,-12,2,1,10,2.28,1.814,2077.05
HY-LOT-04,W09,-12,3,1,10,2.484,1.786,2067.62
HY-LOT-04,W09,-12,4,1,10,2.215,1.78,2106.58
HY-LOT-04,W09,-12,5,1,10,2.034,1.806,2125.44
HY-LOT-04,W09,-12,6,1,10,2.197,1.797,2150.73
HY-LOT-04,W09,-12,7,1,10,2.071,1.8,2085.34
HY-LOT-04,W09,-12,8,1,10,2.475,1.81,2110.44
HY-LOT-04,W09,-12,9,1,10,2.321,1.779,2090.63
HY-LOT-04,W09,-12,10,1,10,2.445,1.795,2108.3
HY-LOT-04,W09,-12,11,1,10,2.593,1.79,2063.99
HY-LOT-04,W09,-12,12,1,10,2.273,1.791,2132.86
HY-LOT-04,W09,-12,13,1,10,2.408,1.789,2111.47
HY-LOT-04,W09,-12,14,1,10,2.496,1.777,2099.11
HY-LOT-04,W09,-12,15,1,10,2.413,1.795,2093.7
HY-LOT-04,W09,-11,-15,1,10,2.719,1.818,2089.79
HY-LOT-04,W09,-11,-14,1,10,2.22,1.799,2086.28
HY-LOT-04,W09,-11,-13,1,10,2.255,1.808,2106.83
HY-LOT-04,W09,-11,-12,1,10,2.136,1.815,2088.61
HY-LOT-04,W09,-11,-11,1,10,2.202,1.796,2109.52
HY-LOT-04,W09,-11,-10,1,10,2.123,1.82,2089.61
HY-LOT-04,W09,-11,-9,1,10,2.136,1.802,2088.84
HY-LOT-04,W09,-11,-8,1,10,2.104,1.799,2097.26
HY-LOT-04,W09,-11,-7,1,10,1.946,1.806,2098.32
HY-LOT-04,W09,-11,-6,1,10,2.223,1.793,2108.84
HY-LOT-04,W09,-11,-5,1,10,2.074,1.799,2103.03
HY-LOT-04,W09,-11,-4,1,10,2.499,1.788,2085.25
HY-LOT-04,W09,-11,-3,1,10,2.158,1.83,2104.17
HY-LOT-04,W09,-11,-2,1,10,2.391,1.787,2094.21
HY-LOT-04,W09,-11,-1,1,10,2.094,1.838,2083.96
HY-LOT-04,W09,-11,0,1,10,2.382,1.759,2121.9
HY-LOT-04,W09,-11,1,1,10,2.639,1.781,2107.36
HY-LOT-04,W09,-11,2,1,10,2.58,1.797,2095.13
HY-LOT-04,W09,-11,3,1,10,2.133,1.767,2123.7
HY-LOT-04,W09,-11,4,1,10,2.148,1.81,2115.48
HY-LOT-04,W09,-11,5,1,10,2.339,1.813,2110.96
HY-LOT-04,W09,-11,6,1,10,2.184,1.797,2107.39
HY-LOT-04,W09,-11,7,2,21,2.6,1.813,2081.85
HY-LOT-04,W09,-11,8,1,10,2.014,1.792,2107.44
HY-LOT-04,W09,-11,9,1,10,1.995,1.81,2109.76
HY-LOT-04,W09,-11,10,1,10,2.367,1.805,2072.07
HY-LOT-04,W09,-11,11,1,10,2.279,1.811,2111.51
HY-LOT-04,W09,-11,12,1,10,1.956,1.826,2098.83
HY-LOT-04,W09,-11,13,1,10,2.141,1.792,2095.69
HY-LOT-04,W09,-11,14,1,10,2.579,1.811,2125.47
HY-LOT-04,W09,-11,15,1,10,2.144,1.807,2094.19
HY-LOT-04,W09,-10,-16,1,10,2.14,1.79,2110.1
HY-LOT-04,W09,-10,-15,1,10,2.624,1.796,2048.89
HY-LOT-04,W09,-10,-14,1,10,2.012,1.79,2087.87
HY-LOT-04,W09,-10,-13,1,10,2.35,1.787,2077.87
HY-LOT-04,W09,-10,-12,1,10,2.657,1.775,2119.5
HY-LOT-04,W09,-10,-11,1,10,2.249,1.806,2092.39
HY-LOT-04,W09,-10,-10,1,10,2.284,1.799,2086.76
HY-LOT-04,W09,-10,-9,1,10,2.07,1.787,2119.48
HY-LOT-04,W09,-10,-8,1,10,2.281,1.796,2096.59
HY-LOT-04,W09,-10,-7,1,10,2.026,1.787,2099.98
HY-LOT-04,W09,-10,-6,1,10,2.422,1.804,2119.65
HY-LOT-04,W09,-10,-5,1,10,2.78,1.821,2102.95
HY-LOT-04,W09,-10,-4,1,10,2.2,1.796,2098.58
HY-LOT-04,W09,-10,-3,1,10,2.484,1.817,2096.54
HY-LOT-04,W09,-10,-2,1,10,2.198,1.816,2099.39
HY-LOT-04,W09,-10,-1,1,10,1.998,1.798,2093.53
HY-LOT-04,W09,-10,0,1,10,2.461,1.788,2084.81
HY-LOT-04,W09,-10,1,1,10,2.228,1.8,2090.46
HY-LOT-04,W09,-10,2,1,10,2.143,1.798,2079.01
HY-LOT-04,W09,-10,3,1,10,2.196,1.812,2108
HY-LOT-04,W09,-10,4,1,10,2.516,1.808,2110.35
HY-LOT-04,W09,-10,5,1,10,2.188,1.826,2123.22
HY-LOT-04,W09,-10,6,1,10,2.091,1.804,2095.91
HY-LOT-04,W09,-10,7,1,10,2.328,1.792,2102.12
HY-LOT-04,W09,-10,8,1,10,1.861,1.798,2112.39
HY-LOT-04,W09,-10,9,1,10,2.1,1.777,2094.86
HY-LOT-04,W09,-10,10,1,10,2.192,1.814,2120.57
HY-LOT-04,W09,-10,11,1,10,2.365,1.798,2112.61
HY-LOT-04,W09,-10,12,1,10,2.452,1.812,2105.87
HY-LOT-04,W09,-10,13,1,10,2.381,1.771,2070.88
HY-LOT-04,W09,-10,14,1,10,2.325,1.799,2065.2
HY-LOT-04,W09,-10,15,1,10,2.164,1.803,2081.11
HY-LOT-04,W09,-10,16,1,10,2.212,1.785,2118.55
HY-LOT-04,W09,-9,-17,1,10,1.92,1.786,2094.2
HY-LOT-04,W09,-9,-16,1,10,2.289,1.803,2133.93
HY-LOT-04,W09,-9,-15,1,10,2.316,1.8,2099.83
HY-LOT-04,W09,-9,-14,1,10,2.294,1.795,2079.01
HY-LOT-04,W09,-9,-13,1,10,2.553,1.816,2097.74
HY-LOT-04,W09,-9,-12,1,10,2.408,1.758,2111.92
HY-LOT-04,W09,-9,-11,1,10,2.399,1.801,2085.02
HY-LOT-04,W09,-9,-10,1,10,2.594,1.8,2086.01
HY-LOT-04,W09,-9,-9,1,10,2.529,1.803,2137.58
HY-LOT-04,W09,-9,-8,1,10,2.029,1.805,2122.78
HY-LOT-04,W09,-9,-7,1,10,1.749,1.793,2115.89
HY-LOT-04,W09,-9,-6,1,10,2.257,1.814,2111.77
HY-LOT-04,W09,-9,-5,1,10,2.425,1.811,2139.49
HY-LOT-04,W09,-9,-4,1,10,2.395,1.821,2104.16
HY-LOT-04,W09,-9,-3,1,10,2.675,1.785,2086.7
HY-LOT-04,W09,-9,-2,1,10,1.998,1.814,2134.2
HY-LOT-04,W09,-9,-1,1,10,2.237,1.777,2097.55
HY-LOT-04,W09,-9,0,1,10,1.945,1.782,2105.88
HY-LOT-04,W09,-9,1,1,10,2.109,1.816,2112.32
HY-LOT-04,W09,-9,2,1,10,2.218,1.817,2094.77
HY-LOT-04,W09,-9,3,1,10,2.451,1.793,2085.15
HY-LOT-04,W09,-9,4,1,10,2.504,1.795,2107.27
HY-LOT-04,W09,-9,5,1,10,2.681,1.811,2100.36
HY-LOT-04,W09,-9,6,1,10,2.177,1.767,2121.34
HY-LOT-04,W09,-9,7,1,10,2.441,1.825,2095.46
HY-LOT-04,W09,-9,8,1,10,2.442,1.799,2107.56
HY-LOT-04,W09,-9,9,1,10,2.226,1.834,2120.73
HY-LOT-04,W09,-9,10,1,10,2.226,1.794,2068.47
HY-LOT-04,W09,-9,11,1,10,2.27,1.798,2134.42
HY-LOT-04,W09,-9,12,1,10,2.184,1.812,2089.08
HY-LOT-04,W09,-9,13,1,10,2.23,1.798,2127.67
HY-LOT-04,W09,-9,14,1,10,2.404,1.83,2113.5
HY-LOT-04,W09,-9,15,1,10,2.319,1.795,2097.59
HY-LOT-04,W09,-9,16,1,10,2.243,1.805,2129.49
HY-LOT-04,W09,-9,17,1,10,2.318,1.789,2083.81
HY-LOT-04,W09,-8,-17,1,10,2.213,1.782,2100.45
HY-LOT-04,W09,-8,-16,1,10,2.217,1.819,2093.39
HY-LOT-04,W09,-8,-15,1,10,2.627,1.795,2092.83
HY-LOT-04,W09,-8,-14,1,10,2.328,1.819,2117.62
HY-LOT-04,W09,-8,-13,1,10,2.621,1.824,2089.44
HY-LOT-04,W09,-8,-12,1,10,2.501,1.819,2107.09
HY-LOT-04,W09,-8,-11,1,10,2.192,1.771,2093.96
HY-LOT-04,W09,-8,-10,1,10,2.23,1.793,2081.68
HY-LOT-04,W09,-8,-9,1,10,2.43,1.814,2085.91
HY-LOT-04,W09,-8,-8,1,10,2.409,1.852,2096.2
HY-LOT-04,W09,-8,-7,1,10,1.985,1.797,2106.11
HY-LOT-04,W09,-8,-6,1,10,2.204,1.818,2114.84
HY-LOT-04,W09,-8,-5,1,10,2.435,1.826,2082.89
HY-LOT-04,W09,-8,-4,1,10,2.367,1.805,2087.68
HY-LOT-04,W09,-8,-3,1,10,2.114,1.787,2105.83
HY-LOT-04,W09,-8,-2,1,10,2.322,1.813,2077.53
HY-LOT-04,W09,-8,-1,1,10,2.144,1.808,2086.29
HY-LOT-04,W09,-8,0,1,10,2.301,1.803,2089.04
HY-LOT-04,W09,-8,1,1,10,2.242,1.79,2090.68
HY-LOT-04,W09,-8,2,1,10,2.808,1.784,2096.14
HY-LOT-04,W09,-8,3,1,10,2.725,1.8,2102.14
HY-LOT-04,W09,-8,4,1,10,2.32,1.816,2080.97
HY-LOT-04,W09,-8,5,1,10,2.518,1.797,2090.26
HY-LOT-04,W09,-8,6,1,10,2.299,1.81,2084.83
HY-LOT-04,W09,-8,7,1,10,2.258,1.789,2083.85
HY-LOT-04,W09,-8,8,1,10,2.703,1.842,2143.38
HY-LOT-04,W09,-8,9,1,10,2.252,1.813,2127.54
HY-LOT-04,W09,-8,10,1,10,2.104,1.809,2111.65
HY-LOT-04,W09,-8,11,1,10,2.547,1.808,2109.57
HY-LOT-04,W09,-8,12,1,10,1.919,1.783,2082.03
HY-LOT-04,W09,-8,13,1,10,2.481,1.786,2111.94
HY-LOT-04,W09,-8,14,1,10,2.707,1.804,2065.34
HY-LOT-04,W09,-8,15,1,10,2.461,1.817,2091.21
HY-LOT-04,W09,-8,16,1,10,2.208,1.795,2080.44
HY-LOT-04,W09,-8,17,1,10,2.278,1.807,2096.1
HY-LOT-04,W09,-7,-17,1,10,2.325,1.797,2129.17
HY-LOT-04,W09,-7,-16,1,10,2.198,1.775,2105.44
HY-LOT-04,W09,-7,-15,1,10,2.228,1.797,2102
HY-LOT-04,W09,-7,-14,1,10,2.447,1.771,2099.52
HY-LOT-04,W09,-7,-13,1,10,2.624,1.804,2085.44
HY-LOT-04,W09,-7,-12,1,10,2.308,1.802,2108.45
HY-LOT-04,W09,-7,-11,1,10,2.119,1.8,2093.22
HY-LOT-04,W09,-7,-10,1,10,2.142,1.777,2063.78
HY-LOT-04,W09,-7,-9,1,10,1.998,1.793,2074.91
HY-LOT-04,W09,-7,-8,1,10,2.356,1.814,2083.71
HY-LOT-04,W09,-7,-7,1,10,2.545,1.815,2125.16
HY-LOT-04,W09,-7,-6,1,10,2.24,1.825,2107.7
HY-LOT-04,W09,-7,-5,1,10,2.658,1.808,2072.6
HY-LOT-04,W09,-7,-4,1,10,2.436,1.815,2090.87
HY-LOT-04,W09,-7,-3,1,10,2.225,1.801,2078.67
HY-LOT-04,W09,-7,-2,1,10,2.358,1.786,2085.27
HY-LOT-04,W09,-7,-1,1,10,2.127,1.794,2104.04
HY-LOT-04,W09,-7,0,1,10,2.414,1.813,2137.31
HY-LOT-04,W09,-7,1,1,10,2.425,1.788,2089.96
HY-LOT-04,W09,-7,2,2,21,2.308,1.795,2102.61
HY-LOT-04,W09,-7,3,1,10,2.387,1.785,2106.05
HY-LOT-04,W09,-7,4,1,10,2.529,1.791,2087.65
HY-LOT-04,W09,-7,5,1,10,2.35,1.783,2092.34
HY-LOT-04,W09,-7,6,1,10,1.97,1.798,2120.88
HY-LOT-04,W09,-7,7,1,10,2.592,1.82,2097.32
HY-LOT-04,W09,-7,8,1,10,2.65,1.757,2112.66
HY-LOT-04,W09,-7,9,1,10,1.983,1.832,2084.16
HY-LOT-04,W09,-7,10,1,10,2.147,1.798,2098.14
HY-LOT-04,W09,-7,11,2,21,2.43,1.818,2138.97
HY-LOT-04,W09,-7,12,1,10,2.552,1.799,2124.13
HY-LOT-04,W09,-7,13,1,10,2.086,1.797,2111.64
HY-LOT-04,W09,-7,14,1,10,2.195,1.792,2113.78
HY-LOT-04,W09,-7,15,1,10,2.037,1.8,2092.87
HY-LOT-04,W09,-7,16,1,10,2.57,1.817,2098.48
HY-LOT-04,W09,-7,17,1,10,2.082,1.825,2084.53
HY-LOT-04,W09,-6,-18,1,10,2.184,1.795,2117.35
HY-LOT-04,W09,-6,-17,1,10,2.131,1.787,2079.79
HY-LOT-04,W09,-6,-16,1,10,2.314,1.831,2101.68
HY-LOT-04,W09,-6,-15,1,10,2.25,1.801,2086.7
HY-LOT-04,W09,-6,-14,1,10,2.116,1.818,2094.42
HY-LOT-04,W09,-6,-13,1,10,2.156,1.776,2101.08
HY-LOT-04,W09,-6,-12,1,10,2.418,1.821,2136.24
HY-LOT-04,W09,-6,-11,1,10,2.326,1.815,2118.51
HY-LOT-04,W09,-6,-10,1,10,2.058,1.777,2110.97
HY-LOT-04,W09,-6,-9,1,10,2.532,1.824,2090.28
HY-LOT-04,W09,-6,-8,1,10,2.097,1.797,2082.28
HY-LOT-04,W09,-6,-7,1,10,2.485,1.811,2085.69
HY-LOT-04,W09,-6,-6,1,10,2.526,1.784,2125.69
HY-LOT-04,W09,-6,-5,1,10,1.894,1.797,2105.25
HY-LOT-04,W09,-6,-4,1,10,2.298,1.791,2070.67
HY-LOT-04,W09,-6,-3,1,10,2.448,1.825,2110.06
HY-LOT-04,W09,-6,-2,1,10,2.221,1.786,2117.26
HY-LOT-04,W09,-6,-1,1,10,2.263,1.806,2116.06
HY-LOT-04,W09,-6,0,1,10,2.062,1.826,2112.58
HY-LOT-04,W09,-6,1,1,10,2.737,1.818,2107.96
HY-LOT-04,W09,-6,2,1,10,2.035,1.785,2095.04
HY-LOT-04,W09,-6,3,1,10,2.312,1.822,2117.53
HY-LOT-04,W09,-6,4,1,10,2.481,1.791,2087.55
HY-LOT-04,W09,-6,5,1,10,2.312,1.804,2102.92
HY-LOT-04,W09,-6,6,1,10,2.338,1.819,2066.24
HY-LOT-04,W09,-6,7,1,10,2.149,1.77,2103.76
HY-LOT-04,W09,-6,8,1,10,2.632,1.82,2098.61
HY-LOT-04,W09,-6,9,1,10,1.794,1.828,2115.53
HY-LOT-04,W09,-6,10,1,10,2.298,1.804,2087.14
HY-LOT-04,W09,-6,11,1,10,2.395,1.792,2090.65
HY-LOT-04,W09,-6,12,1,10,1.959,1.811,2096.9
HY-LOT-04,W09,-6,13,1,10,2.349,1.79,2074.12
HY-LOT-04,W09,-6,14,1,10,1.848,1.805,2098.39
HY-LOT-04,W09,-6,15,1,10,2.369,1.802,2094.81
HY-LOT-04,W09,-6,16,1,10,2.41,1.793,2101.45
HY-LOT-04,W09,-6,17,1,10,2.246,1.822,2088.88
HY-LOT-04,W09,-6,18,1,10,2.546,1.794,2152.49
HY-LOT-04,W09,-5,-18,1,10,2.187,1.772,2112.19
HY-LOT-04,W09,-5,-17,1,10,2.118,1.782,2087.46
HY-LOT-04,W09,-5,-16,1,10,2.7,1.803,2090.16
HY-LOT-04,W09,-5,-15,1,10,2.687,1.807,2115.27
HY-LOT-04,W09,-5,-14,1,10,2.527,1.808,2116.32
HY-LOT-04,W09,-5,-13,1,10,2.22,1.796,2068.66
HY-LOT-04,W09,-5,-12,1,10,2.33,1.792,2114.74
HY-LOT-04,W09,-5,-11,1,10,2.612,1.833,2096.27
HY-LOT-04,W09,-5,-10,1,10,1.942,1.789,2097.01
HY-LOT-04,W09,-5,-9,1,10,2.084,1.833,2100.76
HY-LOT-04,W09,-5,-8,1,10,2.163,1.781,2099.23
HY-LOT-04,W09,-5,-7,1,10,2.435,1.798,2107.66
HY-LOT-04,W09,-5,-6,1,10,2.34,1.814,2082.91
HY-LOT-04,W09,-5,-5,1,10,1.986,1.794,2132.06
HY-LOT-04,W09,-5,-4,1,10,2.483,1.803,2105.12
HY-LOT-04,W09,-5,-3,1,10,2.325,1.8,2127.06
HY-LOT-04,W09,-5,-2,1,10,2.07,1.782,2115.91
HY-LOT-04,W09,-5,-1,1,10,2.267,1.826,2111.28
HY-LOT-04,W09,-5,0,1,10,2.468,1.785,2103.83
HY-LOT-04,W09,-5,1,1,10,2.325,1.795,2066.89
HY-LOT-04,W09,-5,2,1,10,2.51,1.806,2089.02
HY-LOT-04,W09,-5,3,1,10,1.954,1.787,2122.98
HY-LOT-04,W09,-5,4,1,10,2.278,1.788,2116.6
HY-LOT-04,W09,-5,5,1,10,2,1.787,2116.81
HY-LOT-04,W09,-5,6,1,10,2.069,1.787,2119.77
HY-LOT-04,W09,-5,7,1,10,2.006,1.814,2079.87
HY-LOT-04,W09,-5,8,1,10,2.374,1.788,2088.39
HY-LOT-04,W09,-5,9,1,10,2.48,1.809,2089.82
HY-LOT-04,W09,-5,10,1,10,2.161,1.808,2092.63
HY-LOT-04,W09,-5,11,1,10,2.132,1.781,2096.88
HY-LOT-04,W09,-5,12,1,10,2.425,1.813,2096.5
HY-LOT-04,W09,-5,13,1,10,2.316,1.824,2118.57
HY-LOT-04,W09,-5,14,1,10,2.369,1.806,2098.75
HY-LOT-04,W09,-5,15,1,10,2.314,1.816,2102.97
HY-LOT-04,W09,-5,16,1,10,2.477,1.798,2089.65
HY-LOT-04,W09,-5,17,1,10,2.232,1.786,2093.17
HY-LOT-04,W09,-5,18,1,10,2.119,1.774,2111.06
HY-LOT-04,W09,-4,-18,1,10,2.19,1.805,2107.06
HY-LOT-04,W09,-4,-17,1,10,2.17,1.789,2119.79
HY-LOT-04,W09,-4,-16,1,10,2.271,1.786,2077.81
HY-LOT-04,W09,-4,-15,1,10,2.21,1.794,2129.81
HY-LOT-04,W09,-4,-14,1,10,2.177,1.765,2107.92
HY-LOT-04,W09,-4,-13,1,10,2.376,1.816,2126
HY-LOT-04,W09,-4,-12,1,10,2.312,1.792,2081.11
HY-LOT-04,W09,-4,-11,1,10,2.442,1.829,2128.12
HY-LOT-04,W09,-4,-10,1,10,2.706,1.815,2080.92
HY-LOT-04,W09,-4,-9,1,10,2.049,1.804,2121.01
HY-LOT-04,W09,-4,-8,1,10,2.277,1.778,2095.92
HY-LOT-04,W09,-4,-7,1,10,2.328,1.807,2092.42
HY-LOT-04,W09,-4,-6,1,10,2.081,1.799,2110.7
HY-LOT-04,W09,-4,-5,1,10,2.138,1.774,2095.82
HY-LOT-04,W09,-4,-4,1,10,2.176,1.776,2116.52
HY-LOT-04,W09,-4,-3,1,10,2.285,1.785,2088.2
HY-LOT-04,W09,-4,-2,1,10,2.436,1.797,2107.93
HY-LOT-04,W09,-4,-1,1,10,2.294,1.79,2104.56
HY-LOT-04,W09,-4,0,1,10,2.396,1.781,2137.31
HY-LOT-04,W09,-4,1,1,10,2.208,1.822,2073.54
HY-LOT-04,W09,-4,2,1,10,2.426,1.782,2087.51
HY-LOT-04,W09,-4,3,1,10,2.386,1.81,2102.31
HY-LOT-04,W09,-4,4,1,10,2.505,1.801,2127.86
HY-LOT-04,W09,-4,5,1,10,2.171,1.819,2115.35
HY-LOT-04,W09,-4,6,1,10,2.478,1.767,2093.74
HY-LOT-04,W09,-4,7,1,10,2.091,1.804,2101.12
HY-LOT-04,W09,-4,8,1,10,2.492,1.811,2099.59
HY-LOT-04,W09,-4,9,1,10,2.22,1.817,2142.74
HY-LOT-04,W09,-4,10,1,10,2.493,1.819,2092.07
HY-LOT-04,W09,-4,11,1,10,2.016,1.784,2106.08
HY-LOT-04,W09,-4,12,1,10,2.41,1.809,2125.6
HY-LOT-04,W09,-4,13,1,10,2.362,1.788,2104.66
HY-LOT-04,W09,-4,14,1,10,2.565,1.803,2119.29
HY-LOT-04,W09,-4,15,1,10,2.166,1.794,2096.39
HY-LOT-04,W09,-4,16,1,10,2.482,1.824,2106.28
HY-LOT-04,W09,-4,17,1,10,2.311,1.778,2126.47
HY-LOT-04,W09,-4,18,1,10,2.261,1.816,2091.12
HY-LOT-04,W09,-3,-19,1,10,2.255,1.817,2085.09
HY-LOT-04,W09,-3,-18,1,10,2.164,1.775,2100.44
HY-LOT-04,W09,-3,-17,1,10,2.514,1.798,2091.95
HY-LOT-04,W09,-3,-16,1,10,2.22,1.79,2115.47
HY-LOT-04,W09,-3,-15,1,10,2.245,1.795,2079.54
HY-LOT-04,W09,-3,-14,1,10,2.352,1.816,2107.58
HY-LOT-04,W09,-3,-13,1,10,1.656,1.773,2091.67
HY-LOT-04,W09,-3,-12,1,10,2.273,1.81,2114.64
HY-LOT-04,W09,-3,-11,1,10,2.345,1.796,2102.04
HY-LOT-04,W09,-3,-10,1,10,2.066,1.779,2122.52
HY-LOT-04,W09,-3,-9,1,10,2.455,1.79,2090.54
HY-LOT-04,W09,-3,-8,1,10,2.029,1.8,2067.02
HY-LOT-04,W09,-3,-7,1,10,2.437,1.784,2089.21
HY-LOT-04,W09,-3,-6,1,10,1.935,1.812,2068.29
HY-LOT-04,W09,-3,-5,1,10,1.852,1.806,2106.61
HY-LOT-04,W09,-3,-4,1,10,2.507,1.808,2096.27
HY-LOT-04,W09,-3,-3,1,10,2.447,1.791,2115.14
HY-LOT-04,W09,-3,-2,1,10,2.518,1.807,2132.63
HY-LOT-04,W09,-3,-1,1,10,2.264,1.809,2115.27
HY-LOT-04,W09,-3,0,1,10,2.713,1.807,2082.3
HY-LOT-04,W09,-3,1,1,10,2.019,1.809,2089.76
HY-LOT-04,W09,-3,2,1,10,2.386,1.773,2093.13
HY-LOT-04,W09,-3,3,1,10,2.426,1.801,2084.49
HY-LOT-04,W09,-3,4,1,10,2.325,1.787,2078.87
HY-LOT-04,W09,-3,5,1,10,2.559,1.808,2117.58
HY-LOT-04,W09,-3,6,1,10,2.13,1.796,2045.06
HY-LOT-04,W09,-3,7,1,10,2.347,1.782,2083.27
HY-LOT-04,W09,-3,8,1,10,2.515,1.785,2105.81
HY-LOT-04,W09,-3,9,1,10,2.393,1.809,2096.79
HY-LOT-04,W09,-3,10,1,10,2.009,1.782,2064.55
HY-LOT-04,W09,-3,11,1,10,2.145,1.827,2077.36
HY-LOT-04,W09,-3,12,1,10,2.78,1.809,2133.24
HY-LOT-04,W09,-3,13,1,10,2.566,1.749,2108.09
HY-LOT-04,W09,-3,14,1,10,2.512,1.775,2111.37
HY-LOT-04,W09,-3,15,1,10,2.194,1.815,2093.34
HY-LOT-04,W09,-3,16,1,10,2.349,1.837,2067.69
HY-LOT-04,W09,-3,17,1,10,2.225,1.795,2113.4
HY-LOT-04,W09,-3,18,1,10,1.881,1.79,2061.16
HY-LOT-04,W09,-3,19,1,10,2.289,1.783,2078
HY-LOT-04,W09,-2,-19,1,10,2.527,1.797,2080.97
HY-LOT-04,W09,-2,-18,1,10,1.894,1.778,2099.21
HY-LOT-04,W09,-2,-17,1,10,2.183,1.816,2102.17
HY-LOT-04,W09,-2,-16,1,10,2.145,1.815,2109.36
HY-LOT-04,W09,-2,-15,1,10,2.253,1.794,2113.5
HY-LOT-04,W09,-2,-14,1,10,2.134,1.754,2096.26
HY-LOT-04,W09,-2,-13,1,10,2.551,1.79,2075.64
HY-LOT-04,W09,-2,-12,1,10,2.163,1.814,2086.97
HY-LOT-04,W09,-2,-11,1,10,2.43,1.802,2085.42
HY-LOT-04,W09,-2,-10,1,10,2.484,1.753,2103.55
HY-LOT-04,W09,-2,-9,1,10,2.201,1.803,2103.46
HY-LOT-04,W09,-2,-8,1,10,2.641,1.795,2079.23
HY-LOT-04,W09,-2,-7,1,10,2.672,1.792,2075.94
HY-LOT-04,W09,-2,-6,1,10,2.373,1.812,2099.52
HY-LOT-04,W09,-2,-5,1,10,2.223,1.772,2118.57
HY-LOT-04,W09,-2,-4,1,10,2.343,1.781,2133.03
HY-LOT-04,W09,-2,-3,1,10,2.188,1.789,2103.59
HY-LOT-04,W09,-2,-2,1,10,2.437,1.792,2103.85
HY-LOT-04,W09,-2,-1,1,10,2.22,1.812,2120.34
HY-LOT-04,W09,-2,0,1,10,2.532,1.796,2104.98
HY-LOT-04,W09,-2,1,1,10,2.032,1.792,2095.06
HY-LOT-04,W09,-2,2,1,10,2.125,1.799,2101.47
HY-LOT-04,W09,-2,3,1,10,1.862,1.794,2113.41
HY-LOT-04,W09,-2,4,1,10,2.095,1.772,2080.6
HY-LOT-04,W09,-2,5,1,10,2.006,1.781,2102.98
HY-LOT-04,W09,-2,6,1,10,2.069,1.791,2105.65
HY-LOT-04,W09,-2,7,1,10,2.34,1.79,2102.45
HY-LOT-04,W09,-2,8,1,10,2.573,1.854,2106.93
HY-LOT-04,W09,-2,9,1,10,1.92,1.848,2079.47
HY-LOT-04,W09,-2,10,1,10,2.046,1.842,2125.74
HY-LOT-04,W09,-2,11,1,10,2.074,1.811,2092.08
HY-LOT-04,W09,-2,12,1,10,1.828,1.783,2124.58
HY-LOT-04,W09,-2,13,1,10,2.342,1.8,2073.54
HY-LOT-04,W09,-2,14,1,10,1.901,1.776,2102.6
HY-LOT-04,W09,-2,15,1,10,2.273,1.781,2112.12
HY-LOT-04,W09,-2,16,1,10,2.177,1.839,2084.79
HY-LOT-04,W09,-2,17,1,10,1.946,1.82,2113.56
HY-LOT-04,W09,-2,18,1,10,2.333,1.788,2097.63
HY-LOT-04,W09,-2,19,1,10,2.355,1.796,2075.73
HY-LOT-04,W09,-1,-19,1,10,2.353,1.798,2090.76
HY-LOT-04,W09,-1,-18,1,10,1.989,1.819,2096.14
HY-LOT-04,W09,-1,-17,1,10,2.553,1.81,2117.11
HY-LOT-04,W09,-1,-16,1,10,2.24,1.82,2076.82
HY-LOT-04,W09,-1,-15,1,10,2.581,1.801,2130.57
HY-LOT-04,W09,-1,-14,1,10,2.428,1.801,2061.27
HY-LOT-04,W09,-1,-13,1,10,2.616,1.793,2124.03
HY-LOT-04,W09,-1,-12,1,10,2.321,1.819,2107.02
HY-LOT-04,W09,-1,-11,1,10,2.47,1.814,2100.05
HY-LOT-04,W09,-1,-10,1,10,2.416,1.824,2071.88
HY-LOT-04,W09,-1,-9,1,10,2.012,1.814,2074.52
HY-LOT-04,W09,-1,-8,1,10,2.056,1.782,2099.13
HY-LOT-04,W09,-1,-7,1,10,2.432,1.802,2079.78
HY-LOT-04,W09,-1,-6,1,10,2.178,1.792,2129.34
HY-LOT-04,W09,-1,-5,1,10,2.24,1.83,2079.17
HY-LOT-04,W09,-1,-4,1,10,2.346,1.791,2072.41
HY-LOT-04,W09,-1,-3,1,10,2.395,1.823,2091.47
HY-LOT-04,W09,-1,-2,1,10,2.298,1.795,2118.6
HY-LOT-04,W09,-1,-1,1,10,2.314,1.82,2101.5
HY-LOT-04,W09,-1,0,1,10,2.396,1.811,2085.09
HY-LOT-04,W09,-1,1,1,10,2.383,1.776,2119.85
HY-LOT-04,W09,-1,2,1,10,2.335,1.805,2081.48
HY-LOT-04,W09,-1,3,1,10,2.186,1.794,2115.49
HY-LOT-04,W09,-1,4,1,10,2.257,1.775,2116.5
HY-LOT-04,W09,-1,5,1,10,2.26,1.818,2106.85
HY-LOT-04,W09,-1,6,1,10,2.236,1.807,2104.38
HY-LOT-04,W09,-1,7,1,10,2.073,1.79,2110.01
HY-LOT-04,W09,-1,8,2,21,1.902,1.782,2100.62
HY-LOT-04,W09,-1,9,1,10,2.303,1.811,2116.63
HY-LOT-04,W09,-1,10,1,10,2.157,1.808,2100.8
HY-LOT-04,W09,-1,11,1,10,2.031,1.79,2079.38
HY-LOT-04,W09,-1,12,1,10,2.352,1.803,2101.43
HY-LOT-04,W09,-1,13,1,10,2.148,1.794,2107.33
HY-LOT-04,W09,-1,14,1,10,2.513,1.803,2092.21
HY-LOT-04,W09,-1,15,1,10,2.349,1.82,2093.31
HY-LOT-04,W09,-1,16,1,10,2.254,1.785,2085.21
HY-LOT-04,W09,-1,17,1,10,1.863,1.77,2121.26
HY-LOT-04,W09,-1,18,1,10,2.47,1.799,2124.51
HY-LOT-04,W09,-1,19,1,10,2.402,1.821,2106.43
HY-LOT-04,W09,0,-19,1,10,2.272,1.818,2121.07
HY-LOT-04,W09,0,-18,1,10,2.037,1.816,2108.83
HY-LOT-04,W09,0,-17,1,10,2.169,1.803,2112.5
HY-LOT-04,W09,0,-16,1,10,2.059,1.783,2105.34
HY-LOT-04,W09,0,-15,1,10,2.335,1.802,2087.31
HY-LOT-04,W09,0,-14,1,10,2.396,1.826,2078.36
HY-LOT-04,W09,0,-13,1,10,2.462,1.792,2083.34
HY-LOT-04,W09,0,-12,1,10,2.266,1.772,2094.42
HY-LOT-04,W09,0,-11,1,10,2.572,1.82,2067.71
HY-LOT-04,W09,0,-10,1,10,2.233,1.788,2088.21
HY-LOT-04,W09,0,-9,1,10,2.199,1.796,2070.84
HY-LOT-04,W09,0,-8,1,10,2.001,1.8,2104.13
HY-LOT-04,W09,0,-7,1,10,2.302,1.79,2087.63
HY-LOT-04,W09,0,-6,1,10,2.365,1.838,2099.92
HY-LOT-04,W09,0,-5,1,10,2.113,1.779,2122.17
HY-LOT-04,W09,0,-4,1,10,2.322,1.784,2097.69
HY-LOT-04,W09,0,-3,1,10,2.259,1.831,2098.7
HY-LOT-04,W09,0,-2,1,10,2.19,1.782,2111.31
HY-LOT-04,W09,0,-1,1,10,2.523,1.789,2107.94
HY-LOT-04,W09,0,0,1,10,2.303,1.812,2126.06
HY-LOT-04,W09,0,1,1,10,2.155,1.81,2096.2
HY-LOT-04,W09,0,2,1,10,2.106,1.787,2093.55
HY-LOT-04,W09,0,3,1,10,2.296,1.817,2093.07
HY-LOT-04,W09,0,4,1,10,2.185,1.813,2095.26
HY-LOT-04,W09,0,5,1,10,2.417,1.82,2083.03
HY-LOT-04,W09,0,6,1,10,2.239,1.808,2093.65
HY-LOT-04,W09,0,7,1,10,2.502,1.773,2093.17
HY-LOT-04,W09,0,8,1,10,2.486,1.765,2085.62
HY-LOT-04,W09,0,9,1,10,2.246,1.789,2094.36
HY-LOT-04,W09,0,10,1,10,2.387,1.797,2110.59
HY-LOT-04,W09,0,11,1,10,2.256,1.797,2094.52
HY-LOT-04,W09,0,12,1,10,2.239,1.799,2097.96
HY-LOT-04,W09,0,13,1,10,2.478,1.791,2079.86
HY-LOT-04,W09,0,14,1,10,2.064,1.795,2129.2
HY-LOT-04,W09,0,15,1,10,2.659,1.776,2101.68
HY-LOT-04,W09,0,16,1,10,2.392,1.811,2094.39
HY-LOT-04,W09,0,17,1,10,2.196,1.829,2080.82
HY-LOT-04,W09,0,18,1,10,1.969,1.807,2115.58
HY-LOT-04,W09,0,19,1,10,1.623,1.797,2086.09
HY-LOT-04,W09,1,-19,1,10,2.469,1.802,2123.16
HY-LOT-04,W09,1,-18,1,10,2.15,1.808,2087.19
HY-LOT-04,W09,1,-17,1,10,1.928,1.799,2089.65
HY-LOT-04,W09,1,-16,1,10,2.134,1.778,2121.74
HY-LOT-04,W09,1,-15,1,10,2.367,1.788,2118.74
HY-LOT-04,W09,1,-14,1,10,2.118,1.798,2087.02
HY-LOT-04,W09,1,-13,1,10,2.168,1.787,2129.16
HY-LOT-04,W09,1,-12,1,10,2.22,1.784,2122.91
HY-LOT-04,W09,1,-11,1,10,2.136,1.822,2055.1
HY-LOT-04,W09,1,-10,1,10,2.359,1.784,2107.73
HY-LOT-04,W09,1,-9,1,10,2.255,1.785,2115.1
HY-LOT-04,W09,1,-8,1,10,2.069,1.777,2144.15
HY-LOT-04,W09,1,-7,1,10,2.028,1.788,2110.15
HY-LOT-04,W09,1,-6,1,10,2.41,1.808,2073.1
HY-LOT-04,W09,1,-5,1,10,2.306,1.808,2082.2
HY-LOT-04,W09,1,-4,1,10,2.489,1.786,2080.8
HY-LOT-04,W09,1,-3,1,10,2.304,1.807,2125
HY-LOT-04,W09,1,-2,1,10,2.361,1.798,2121.71
HY-LOT-04,W09,1,-1,1,10,2.298,1.784,2113.94
HY-LOT-04,W09,1,0,1,10,2.32,1.804,2093.34
HY-LOT-04,W09,1,1,1,10,2.255,1.814,2125.32
HY-LOT-04,W09,1,2,1,10,2.133,1.76,2096.42
HY-LOT-04,W09,1,3,1,10,2.365,1.816,2103.35
HY-LOT-04,W09,1,4,1,10,2.252,1.829,2096
HY-LOT-04,W09,1,5,1,10,1.99,1.791,2095.74
HY-LOT-04,W09,1,6,1,10,2.564,1.818,2124.3
HY-LOT-04,W09,1,7,1,10,2.266,1.811,2084.54
HY-LOT-04,W09,1,8,1,10,2.606,1.774,2092.03
HY-LOT-04,W09,1,9,1,10,2.203,1.77,2074.64
HY-LOT-04,W09,1,10,1,10,2.214,1.78,2108.01
HY-LOT-04,W09,1,11,1,10,2.323,1.81,2116.64
HY-LOT-04,W09,1,12,1,10,2.469,1.813,2101.31
HY-LOT-04,W09,1,13,1,10,2.264,1.779,2125.33
HY-LOT-04,W09,1,14,1,10,2.289,1.818,2104.42
HY-LOT-04,W09,1,15,1,10,2.091,1.781,2076.78
HY-LOT-04,W09,1,16,1,10,2.196,1.796,2122.08
HY-LOT-04,W09,1,17,1,10,2.346,1.772,2125.56
HY-LOT-04,W09,1,18,1,10,2.666,1.786,2092.02
HY-LOT-04,W09,1,19,1,10,2.361,1.786,2117.12
HY-LOT-04,W09,2,-19,1,10,2.45,1.822,2097.18
HY-LOT-04,W09,2,-18,1,10,2.347,1.769,2136.22
HY-LOT-04,W09,2,-17,1,10,2.382,1.799,2111.29
HY-LOT-04,W09,2,-16,1,10,2.235,1.791,2089.31
HY-LOT-04,W09,2,-15,1,10,2.376,1.799,2092.42
HY-LOT-04,W09,2,-14,1,10,2.146,1.791,2077.65
HY-LOT-04,W09,2,-13,1,10,2.539,1.783,2129.89
HY-LOT-04,W09,2,-12,1,10,2.352,1.808,2108.86
HY-LOT-04,W09,2,-11,1,10,2.492,1.804,2088.09
HY-LOT-04,W09,2,-10,1,10,2.183,1.796,2123.02
HY-LOT-04,W09,2,-9,1,10,2.439,1.791,2142.74
HY-LOT-04,W09,2,-8,1,10,2.789,1.768,2107.44
HY-LOT-04,W09,2,-7,1,10,2.33,1.775,2112.08
HY-LOT-04,W09,2,-6,1,10,2.797,1.789,2123.99
HY-LOT-04,W09,2,-5,1,10,2.299,1.819,2070.67
HY-LOT-04,W09,2,-4,1,10,2.264,1.807,2104.44
HY-LOT-04,W09,2,-3,1,10,2.32,1.808,2107.6
HY-LOT-04,W09,2,-2,1,10,2.147,1.821,2114.97
HY-LOT-04,W09,2,-1,1,10,2.302,1.813,2087.98
HY-LOT-04,W09,2,0,1,10,2.577,1.788,2111.51
HY-LOT-04,W09,2,1,1,10,2.275,1.8,2068.18
HY-LOT-04,W09,2,2,1,10,2.036,1.787,2122.33
HY-LOT-04,W09,2,3,1,10,2.037,1.788,2121.17
HY-LOT-04,W09,2,4,1,10,2.25,1.787,2070.21
HY-LOT-04,W09,2,5,1,10,2.247,1.793,2104.43
HY-LOT-04,W09,2,6,1,10,2.07,1.789,2102.82
HY-LOT-04,W09,2,7,1,10,2.673,1.835,2097.05
HY-LOT-04,W09,2,8,1,10,2.294,1.802,2099.42
HY-LOT-04,W09,2,9,1,10,2.099,1.853,2086
HY-LOT-04,W09,2,10,1,10,2.537,1.792,2122.87
HY-LOT-04,W09,2,11,1,10,1.968,1.803,2090.64
HY-LOT-04,W09,2,12,1,10,2.165,1.786,2111.07
HY-LOT-04,W09,2,13,1,10,1.876,1.796,2150.35
HY-LOT-04,W09,2,14,1,10,2.26,1.778,2101.79
HY-LOT-04,W09,2,15,1,10,2.294,1.775,2103.62
HY-LOT-04,W09,2,16,1,10,2.314,1.801,2092.35
HY-LOT-04,W09,2,17,1,10,1.97,1.84,2120.43
HY-LOT-04,W09,2,18,1,10,2.438,1.788,2072.49
HY-LOT-04,W09,2,19,1,10,2.465,1.753,2080.45
HY-LOT-04,W09,3,-19,1,10,2.544,1.82,2141.7
HY-LOT-04,W09,3,-18,1,10,2.687,1.801,2082.93
HY-LOT-04,W09,3,-17,1,10,2.318,1.778,2073.4
HY-LOT-04,W09,3,-16,1,10,2.27,1.807,2086.31
HY-LOT-04,W09,3,-15,1,10,2.433,1.783,2083.81
HY-LOT-04,W09,3,-14,1,10,2.265,1.796,2088.37
HY-LOT-04,W09,3,-13,1,10,2.237,1.801,2089.26
HY-LOT-04,W09,3,-12,1,10,2.028,1.81,2109.58
HY-LOT-04,W09,3,-11,1,10,2.24,1.803,2086.22
HY-LOT-04,W09,3,-10,1,10,2.674,1.806,2113.99
HY-LOT-04,W09,3,-9,1,10,2.181,1.781,2071.86
HY-LOT-04,W09,3,-8,1,10,2.462,1.846,2117.27
HY-LOT-04,W09,3,-7,1,10,2.496,1.821,2098.33
HY-LOT-04,W09,3,-6,1,10,2.178,1.804,2076.25
HY-LOT-04,W09,3,-5,1,10,1.75,1.786,2086.15
HY-LOT-04,W09,3,-4,1,10,2.359,1.798,2083.04
HY-LOT-04,W09,3,-3,1,10,2.336,1.79,2081.94
HY-LOT-04,W09,3,-2,2,21,2.892,1.832,2104.53
HY-LOT-04,W09,3,-1,1,10,2.517,1.805,2105.26
HY-LOT-04,W09,3,0,1,10,2.235,1.796,2122.06
HY-LOT-04,W09,3,1,1,10,2.17,1.801,2070.88
HY-LOT-04,W09,3,2,1,10,2.32,1.771,2112.04
HY-LOT-04,W09,3,3,1,10,2.626,1.793,2108.89
HY-LOT-04,W09,3,4,1,10,2.095,1.777,2097.91
HY-LOT-04,W09,3,5,1,10,2.117,1.771,2126
HY-LOT-04,W09,3,6,1,10,2.075,1.792,2085.85
HY-LOT-04,W09,3,7,1,10,2.367,1.813,2092.94
HY-LOT-04,W09,3,8,1,10,2.23,1.757,2091.59
HY-LOT-04,W09,3,9,1,10,1.991,1.801,2087.59
HY-LOT-04,W09,3,10,1,10,2.66,1.827,2102.68
HY-LOT-04,W09,3,11,1,10,2.631,1.825,2074.15
HY-LOT-04,W09,3,12,1,10,2.07,1.793,2126.2
HY-LOT-04,W09,3,13,1,10,2.25,1.757,2128.82
HY-LOT-04,W09,3,14,1,10,2.277,1.798,2085.14
HY-LOT-04,W09,3,15,1,10,2.603,1.776,2132.96
HY-LOT-04,W09,3,16,1,10,2.363,1.77,2055.23
HY-LOT-04,W09,3,17,1,10,2.392,1.783,2081.75
HY-LOT-04,W09,3,18,2,21,2.257,1.792,2119.2
HY-LOT-04,W09,3,19,1,10,1.979,1.798,2126.15
HY-LOT-04,W09,4,-18,1,10,2.939,1.812,2094.49
HY-LOT-04,W09,4,-17,1,10,2.044,1.804,2064.2
HY-LOT-04,W09,4,-16,1,10,1.839,1.802,2119.18
HY-LOT-04,W09,4,-15,1,10,2.268,1.785,2124.87
HY-LOT-04,W09,4,-14,1,10,2.127,1.797,2096.43
HY-LOT-04,W09,4,-13,1,10,2.419,1.793,2108.4
HY-LOT-04,W09,4,-12,1,10,2.553,1.787,2120.16
HY-LOT-04,W09,4,-11,1,10,2.067,1.783,2124.31
HY-LOT-04,W09,4,-10,1,10,2.107,1.782,2081.87
HY-LOT-04,W09,4,-9,1,10,2.591,1.809,2094.58
HY-LOT-04,W09,4,-8,1,10,2.412,1.822,2111.86
HY-LOT-04,W09,4,-7,1,10,2.455,1.795,2101.84
HY-LOT-04,W09,4,-6,1,10,2.137,1.788,2114.1
HY-LOT-04,W09,4,-5,1,10,2.325,1.797,2092.37
HY-LOT-04,W09,4,-4,1,10,2.13,1.818,2109.51
HY-LOT-04,W09,4,-3,1,10,2.265,1.789,2125.13
HY-LOT-04,W09,4,-2,1,10,2.378,1.818,2098.18
HY-LOT-04,W09,4,-1,1,10,1.897,1.821,2099.85
HY-LOT-04,W09,4,0,1,10,2.227,1.831,2088.78
HY-LOT-04,W09,4,1,1,10,2.326,1.774,2095.76
HY-LOT-04,W09,4,2,1,10,2.537,1.811,2092.18
HY-LOT-04,W09,4,3,1,10,2.61,1.82,2107.12
HY-LOT-04,W09,4,4,1,10,2.294,1.815,2116.04
HY-LOT-04,W09,4,5,1,10,2.556,1.81,2120.76
HY-LOT-04,W09,4,6,1,10,2.262,1.819,2094.08
HY-LOT-04,W09,4,7,1,10,2.005,1.796,2106.3
HY-LOT-04,W09,4,8,1,10,2.621,1.807,2091.1
HY-LOT-04,W09,4,9,1,10,2.267,1.812,2116.18
HY-LOT-04,W09,4,10,1,10,2.288,1.811,2085.81
HY-LOT-04,W09,4,11,1,10,2.11,1.814,2076.53
HY-LOT-04,W09,4,12,1,10,2.172,1.793,2110.29
HY-LOT-04,W09,4,13,1,10,2.633,1.817,2120.84
HY-LOT-04,W09,4,14,1,10,2.117,1.785,2115.84
HY-LOT-04,W09,4,15,1,10,2.227,1.818,2111.29
HY-LOT-04,W09,4,16,1,10,2.037,1.802,2078.31
HY-LOT-04,W09,4,17,1,10,2.262,1.812,2080.64
HY-LOT-04,W09,4,18,1,10,2.108,1.809,2106.31
HY-LOT-04,W09,5,-18,1,10,1.959,1.799,2094.83
HY-LOT-04,W09,5,-17,1,10,2.15,1.831,2121.1
HY-LOT-04,W09,5,-16,1,10,2.249,1.789,2130.3
HY-LOT-04,W09,5,-15,1,10,2.381,1.811,2114.42
HY-LOT-04,W09,5,-14,1,10,2.516,1.79,2116.35
HY-LOT-04,W09,5,-13,1,10,2.041,1.783,2121.58
HY-LOT-04,W09,5,-12,1,10,2.429,1.769,2127.15
HY-LOT-04,W09,5,-11,1,10,2.334,1.776,2095.65
HY-LOT-04,W09,5,-10,1,10,2.171,1.809,2112.49
HY-LOT-04,W09,5,-9,1,10,1.957,1.803,2107.29
HY-LOT-04,W09,5,-8,1,10,2.245,1.783,2128.49
HY-LOT-04,W09,5,-7,1,10,2.24,1.794,2095.88
HY-LOT-04,W09,5,-6,1,10,2.249,1.82,2100.67
HY-LOT-04,W09,5,-5,1,10,2.321,1.829,2092.35
HY-LOT-04,W09,5,-4,1,10,2.285,1.793,2105.53
HY-LOT-04,W09,5,-3,1,10,2.27,1.81,2093.88
HY-LOT-04,W09,5,-2,1,10,1.927,1.821,2085.42
HY-LOT-04,W09,5,-1,1,10,2.3,1.771,2129.12
HY-LOT-04,W09,5,0,1,10,2.492,1.794,2080.11
HY-LOT-04,W09,5,1,1,10,2.061,1.801,2099.92
HY-LOT-04,W09,5,2,1,10,2.143,1.78,2091.83
HY-LOT-04,W09,5,3,1,10,2.38,1.8,2114.79
HY-LOT-04,W09,5,4,1,10,2.485,1.814,2114.26
HY-LOT-04,W09,5,5,1,10,2.138,1.803,2102.67
HY-LOT-04,W09,5,6,1,10,2.57,1.794,2117.81
HY-LOT-04,W09,5,7,1,10,2.622,1.8,2084.07
HY-LOT-04,W09,5,8,1,10,2.219,1.787,2094.83
HY-LOT-04,W09,5,9,1,10,2.396,1.813,2069.61
HY-LOT-04,W09,5,10,1,10,2.71,1.826,2098.84
HY-LOT-04,W09,5,11,1,10,2.367,1.812,2102.15
HY-LOT-04,W09,5,12,1,10,2.438,1.827,2076.91
HY-LOT-04,W09,5,13,1,10,2.165,1.823,2092.66
HY-LOT-04,W09,5,14,1,10,2.471,1.82,2074.36
HY-LOT-04,W09,5,15,1,10,2.367,1.793,2074.11
HY-LOT-04,W09,5,16,1,10,2.27,1.831,2106.06
HY-LOT-04,W09,5,17,1,10,2.413,1.794,2084.76
HY-LOT-04,W09,5,18,1,10,2.419,1.795,2091.69
HY-LOT-04,W09,6,-18,1,10,1.941,1.821,2119.62
HY-LOT-04,W09,6,-17,1,10,1.752,1.791,2106.57
HY-LOT-04,W09,6,-16,1,10,2.454,1.775,2097.97
HY-LOT-04,W09,6,-15,1,10,2.436,1.789,2070.16
HY-LOT-04,W09,6,-14,1,10,2.233,1.811,2097.37
HY-LOT-04,W09,6,-13,1,10,2.288,1.801,2146.64
HY-LOT-04,W09,6,-12,1,10,2.24,1.801,2098.3
HY-LOT-04,W09,6,-11,1,10,2.485,1.819,2106.54
HY-LOT-04,W09,6,-10,1,10,2.391,1.827,2090.01
HY-LOT-04,W09,6,-9,1,10,2.364,1.81,2087.16
HY-LOT-04,W09,6,-8,1,10,2.377,1.798,2123.03
HY-LOT-04,W09,6,-7,1,10,1.922,1.791,2094.2
HY-LOT-04,W09,6,-6,1,10,2.304,1.801,2095.22
HY-LOT-04,W09,6,-5,1,10,2.29,1.816,2088.38
HY-LOT-04,W09,6,-4,1,10,2.514,1.844,2105.84
HY-LOT-04,W09,6,-3,1,10,2.318,1.802,2135.2
HY-LOT-04,W09,6,-2,1,10,2.128,1.837,2079.85
HY-LOT-04,W09,6,-1,1,10,2.294,1.758,2093.36
HY-LOT-04,W09,6,0,1,10,2.206,1.834,2131.91
HY-LOT-04,W09,6,1,1,10,2.111,1.844,2115.39
HY-LOT-04,W09,6,2,1,10,2.442,1.777,2093.16
HY-LOT-04,W09,6,3,1,10,2.497,1.825,2070.57
HY-LOT-04,W09,6,4,1,10,2.503,1.796,2114.96
HY-LOT-04,W09,6,5,1,10,2.348,1.833,2087.71
HY-LOT-04,W09,6,6,1,10,2.589,1.785,2104.05
HY-LOT-04,W09,6,7,1,10,2.297,1.809,2118.77
HY-LOT-04,W09,6,8,1,10,2.066,1.81,2095.47
HY-LOT-04,W09,6,9,1,10,1.904,1.816,2098.81
HY-LOT-04,W09,6,10,1,10,2.091,1.845,2116.14
HY-LOT-04,W09,6,11,1,10,2.387,1.813,2116.77
HY-LOT-04,W09,6,12,1,10,2.599,1.825,2124.83
HY-LOT-04,W09,6,13,1,10,2.327,1.819,2080.16
HY-LOT-04,W09,6,14,1,10,2.352,1.797,2087.2
HY-LOT-04,W09,6,15,1,10,2.124,1.79,2081.28
HY-LOT-04,W09,6,16,1,10,2.417,1.82,2059.59
HY-LOT-04,W09,6,17,1,10,2.172,1.802,2115.27
HY-LOT-04,W09,6,18,1,10,2.416,1.809,2088.28
HY-LOT-04,W09,7,-17,1,10,2.136,1.795,2080.67
HY-LOT-04,W09,7,-16,1,10,2.068,1.797,2075.47
HY-LOT-04,W09,7,-15,1,10,2.222,1.791,2100.7
HY-LOT-04,W09,7,-14,1,10,2.252,1.78,2124.3
HY-LOT-04,W09,7,-13,1,10,2.387,1.816,2085.27
HY-LOT-04,W09,7,-12,1,10,2.592,1.787,2100.64
HY-LOT-04,W09,7,-11,1,10,2.442,1.79,2103.05
HY-LOT-04,W09,7,-10,1,10,2.608,1.797,2085.48
HY-LOT-04,W09,7,-9,1,10,2.419,1.804,2109.59
HY-LOT-04,W09,7,-8,1,10,2.088,1.783,2095.23
HY-LOT-04,W09,7,-7,1,10,2.296,1.785,2088.64
HY-LOT-04,W09,7,-6,1,10,1.944,1.822,2098.6
HY-LOT-04,W09,7,-5,1,10,2.033,1.799,2116.98
HY-LOT-04,W09,7,-4,1,10,2.287,1.768,2085.96
HY-LOT-04,W09,7,-3,1,10,2.113,1.805,2093.68
HY-LOT-04,W09,7,-2,1,10,2.282,1.81,2104.75
HY-LOT-04,W09,7,-1,1,10,2.519,1.819,2115.8
HY-LOT-04,W09,7,0,1,10,2.22,1.809,2124.95
HY-LOT-04,W09,7,1,1,10,2.497,1.817,2098.76
HY-LOT-04,W09,7,2,1,10,2.215,1.826,2113.67
HY-LOT-04,W09,7,3,1,10,2.147,1.812,2113.49
HY-LOT-04,W09,7,4,1,10,2.374,1.796,2113.9
HY-LOT-04,W09,7,5,1,10,2.357,1.793,2077.73
HY-LOT-04,W09,7,6,1,10,2.384,1.804,2096.23
HY-LOT-04,W09,7,7,1,10,2.394,1.795,2135.46
HY-LOT-04,W09,7,8,1,10,1.986,1.795,2115.83
HY-LOT-04,W09,7,9,1,10,2.726,1.804,2063.92
HY-LOT-04,W09,7,10,1,10,2.173,1.775,2114.14
HY-LOT-04,W09,7,11,1,10,2.051,1.786,2085.45
HY-LOT-04,W09,7,12,1,10,2.01,1.773,2085.13
HY-LOT-04,W09,7,13,1,10,2.482,1.785,2086.34
HY-LOT-04,W09,7,14,1,10,2.597,1.785,2117.47
HY-LOT-04,W09,7,15,1,10,2.351,1.832,2084.1
HY-LOT-04,W09,7,16,1,10,2.299,1.781,2078.3
HY-LOT-04,W09,7,17,1,10,2.028,1.834,2090.41
HY-LOT-04,W09,8,-17,1,10,2.109,1.814,2035
HY-LOT-04,W09,8,-16,1,10,2.402,1.825,2124.12
HY-LOT-04,W09,8,-15,1,10,2.305,1.803,2103.09
HY-LOT-04,W09,8,-14,1,10,2.28,1.788,2120.47
HY-LOT-04,W09,8,-13,1,10,2.311,1.814,2124.35
HY-LOT-04,W09,8,-12,1,10,2.257,1.802,2091.71
HY-LOT-04,W09,8,-11,1,10,2.284,1.794,2100.44
HY-LOT-04,W09,8,-10,1,10,2.372,1.785,2092.51
HY-LOT-04,W09,8,-9,1,10,2.366,1.803,2071.12
HY-LOT-04,W09,8,-8,1,10,2.273,1.824,2104.49
HY-LOT-04,W09,8,-7,1,10,2.213,1.757,2059.87
HY-LOT-04,W09,8,-6,1,10,2.244,1.787,2104.21
HY-LOT-04,W09,8,-5,1,10,2.225,1.771,2109.75
HY-LOT-04,W09,8,-4,1,10,2.344,1.794,2090.53
HY-LOT-04,W09,8,-3,1,10,2.334,1.783,2107.8
HY-LOT-04,W09,8,-2,1,10,2.296,1.777,2097.74
HY-LOT-04,W09,8,-1,1,10,2.253,1.787,2069.26
HY-LOT-04,W09,8,0,1,10,2.355,1.791,2092.62
HY-LOT-04,W09,8,1,1,10,2.559,1.793,2093.03
HY-LOT-04,W09,8,2,1,10,2.455,1.79,2075.97
HY-LOT-04,W09,8,3,1,10,2.323,1.802,2090.1
HY-LOT-04,W09,8,4,1,10,2.669,1.792,2115.55
HY-LOT-04,W09,8,5,1,10,2.297,1.801,2116.97
HY-LOT-04,W09,8,6,1,10,2.242,1.807,2108.66
HY-LOT-04,W09,8,7,1,10,2.271,1.813,2104.81
HY-LOT-04,W09,8,8,1,10,2.408,1.785,2093.89
HY-LOT-04,W09,8,9,1,10,2.217,1.804,2118.9
HY-LOT-04,W09,8,10,1,10,2.419,1.785,2066.46
HY-LOT-04,W09,8,11,1,10,2.467,1.767,2069.72
HY-LOT-04,W09,8,12,1,10,2.392,1.789,2095.37
HY-LOT-04,W09,8,13,1,10,2.034,1.816,2086.47
HY-LOT-04,W09,8,14,1,10,2.275,1.78,2081.85
HY-LOT-04,W09,8,15,1,10,2.361,1.819,2090.52
HY-LOT-04,W09,8,16,1,10,2.257,1.813,2070.94
HY-LOT-04,W09,8,17,1,10,1.906,1.81,2100.92
HY-LOT-04,W09,9,-17,1,10,1.827,1.807,2090.59
HY-LOT-04,W09,9,-16,1,10,2.344,1.815,2083.3
HY-LOT-04,W09,9,-15,1,10,2.332,1.794,2122.28
HY-LOT-04,W09,9,-14,1,10,2.231,1.801,2124.08
HY-LOT-04,W09,9,-13,1,10,2.553,1.785,2100.02
HY-LOT-04,W09,9,-12,1,10,2.208,1.828,2052.09
HY-LOT-04,W09,9,-11,1,10,1.821,1.823,2086.46
HY-LOT-04,W09,9,-10,1,10,2.849,1.813,2116.45
HY-LOT-04,W09,9,-9,1,10,2.268,1.803,2077.73
HY-LOT-04,W09,9,-8,1,10,2.318,1.835,2122.45
HY-LOT-04,W09,9,-7,1,10,2.309,1.795,2065.23
HY-LOT-04,W09,9,-6,1,10,2.261,1.822,2100.64
HY-LOT-04,W09,9,-5,1,10,2.201,1.796,2092.47
HY-LOT-04,W09,9,-4,1,10,2.396,1.789,2126.76
HY-LOT-04,W09,9,-3,1,10,2.405,1.783,2085.95
HY-LOT-04,W09,9,-2,1,10,2.039,1.811,2092.83
HY-LOT-04,W09,9,-1,1,10,2.21,1.783,2135.25
HY-LOT-04,W09,9,0,1,10,2.487,1.79,2103.11
HY-LOT-04,W09,9,1,1,10,2.163,1.782,2101.11
HY-LOT-04,W09,9,2,1,10,2.694,1.791,2086.9
HY-LOT-04,W09,9,3,1,10,2.592,1.787,2129.58
HY-LOT-04,W09,9,4,1,10,2.364,1.788,2066.11
HY-LOT-04,W09,9,5,1,10,2.312,1.816,2073.78
HY-LOT-04,W09,9,6,1,10,2.794,1.825,2071.5
HY-LOT-04,W09,9,7,1,10,2.496,1.813,2068.33
HY-LOT-04,W09,9,8,1,10,1.86,1.804,2107.76
HY-LOT-04,W09,9,9,1,10,2.419,1.79,2103.59
HY-LOT-04,W09,9,10,1,10,2.2,1.793,2093.48
HY-LOT-04,W09,9,11,1,10,2.412,1.781,2114.9
HY-LOT-04,W09,9,12,1,10,2.046,1.777,2105.19
HY-LOT-04,W09,9,13,1,10,2.163,1.823,2080.3
HY-LOT-04,W09,9,14,1,10,2.15,1.776,2074.63
HY-LOT-04,W09,9,15,1,10,2.008,1.79,2098.23
HY-LOT-04,W09,9,16,1,10,2.658,1.789,2097.58
HY-LOT-04,W09,9,17,1,10,2.31,1.792,2113.49
HY-LOT-04,W09,10,-16,1,10,2.053,1.78,2063.86
HY-LOT-04,W09,10,-15,1,10,2.092,1.801,2079.54
HY-LOT-04,W09,10,-14,1,10,2.239,1.818,2099.57
HY-LOT-04,W09,10,-13,1,10,2.133,1.824,2132.09
HY-LOT-04,W09,10,-12,1,10,2.24,1.814,2097.97
HY-LOT-04,W09,10,-11,1,10,2.214,1.805,2106.93
HY-LOT-04,W09,10,-10,1,10,2.539,1.807,2074.2
HY-LOT-04,W09,10,-9,1,10,2.307,1.811,2099.43
HY-LOT-04,W09,10,-8,1,10,2.464,1.806,2085.97
HY-LOT-04,W09,10,-7,1,10,2.233,1.808,2072.84
HY-LOT-04,W09,10,-6,1,10,2.365,1.813,2095.41
HY-LOT-04,W09,10,-5,1,10,2.436,1.793,2088.04
HY-LOT-04,W09,10,-4,1,10,2.513,1.814,2125.69
HY-LOT-04,W09,10,-3,1,10,2.181,1.799,2090.96
HY-LOT-04,W09,10,-2,1,10,2.284,1.833,2119.17
HY-LOT-04,W09,10,-1,1,10,2.343,1.756,2089.96
HY-LOT-04,W09,10,0,1,10,2.446,1.796,2075.52
HY-LOT-04,W09,10,1,1,10,2.337,1.843,2128.47
HY-LOT-04,W09,10,2,1,10,2.076,1.775,2084.19
HY-LOT-04,W09,10,3,1,10,1.974,1.801,2073.45
HY-LOT-04,W09,10,4,1,10,2.31,1.776,2063.6
HY-LOT-04,W09,10,5,1,10,2.082,1.795,2097.41
HY-LOT-04,W09,10,6,1,10,2.276,1.788,2084.23
HY-LOT-04,W09,10,7,1,10,2.394,1.815,2085.81
HY-LOT-04,W09,10,8,1,10,2.307,1.774,2078.68
HY-LOT-04,W09,10,9,1,10,2.412,1.788,2102.47
HY-LOT-04,W09,10,10,1,10,2.453,1.815,2092.13
HY-LOT-04,W09,10,11,1,10,2.643,1.774,2114.46
HY-LOT-04,W09,10,12,1,10,2.109,1.797,2074.59
HY-LOT-04,W09,10,13,1,10,2.289,1.815,2110.37
HY-LOT-04,W09,10,14,1,10,2.079,1.769,2089.79
HY-LOT-04,W09,10,15,1,10,2.231,1.816,2112.09
HY-LOT-04,W09,10,16,1,10,2.512,1.832,2094.42
HY-LOT-04,W09,11,-15,1,10,1.892,1.802,2062.47
HY-LOT-04,W09,11,-14,1,10,2.524,1.806,2105.08
HY-LOT-04,W09,11,-13,1,10,2.196,1.795,2096.19
HY-LOT-04,W09,11,-12,1,10,2.245,1.804,2096.19
HY-LOT-04,W09,11,-11,1,10,2.337,1.788,2095.26
HY-LOT-04,W09,11,-10,1,10,2.528,1.771,2103.69
HY-LOT-04,W09,11,-9,1,10,2.338,1.855,2081.7
HY-LOT-04,W09,11,-8,1,10,2.528,1.792,2108.37
HY-LOT-04,W09,11,-7,1,10,2.226,1.8,2086.72
HY-LOT-04,W09,11,-6,1,10,2.5,1.821,2103.18
HY-LOT-04,W09,11,-5,1,10,2.231,1.821,2102.26
HY-LOT-04,W09,11,-4,2,21,2.753,1.81,2114.56
HY-LOT-04,W09,11,-3,1,10,2.039,1.809,2095.89
HY-LOT-04,W09,11,-2,1,10,2.552,1.794,2102.87
HY-LOT-04,W09,11,-1,1,10,2.282,1.827,2111.15
HY-LOT-04,W09,11,0,1,10,2.203,1.81,2108.18
HY-LOT-04,W09,11,1,1,10,2.343,1.82,2113.99
HY-LOT-04,W09,11,2,1,10,2.139,1.785,2112.6
HY-LOT-04,W09,11,3,1,10,2.368,1.794,2111.82
HY-LOT-04,W09,11,4,1,10,2.077,1.78,2081.37
HY-LOT-04,W09,11,5,1,10,2.208,1.806,2120.16
HY-LOT-04,W09,11,6,1,10,2.379,1.771,2095.02
HY-LOT-04,W09,11,7,1,10,2.232,1.808,2129.77
HY-LOT-04,W09,11,8,1,10,2.258,1.796,2103.88
HY-LOT-04,W09,11,9,1,10,2.077,1.839,2104.96
HY-LOT-04,W09,11,10,1,10,2.041,1.797,2093.14
HY-LOT-04,W09,11,11,1,10,2.163,1.803,2104.16
HY-LOT-04,W09,11,12,1,10,2.275,1.802,2106.27
HY-LOT-04,W09,11,13,1,10,2.329,1.789,2101.69
HY-LOT-04,W09,11,14,1,10,2.579,1.792,2107.37
HY-LOT-04,W09,11,15,1,10,2.215,1.778,2094.47
HY-LOT-04,W09,12,-15,1,10,2.142,1.792,2088.48
HY-LOT-04,W09,12,-14,1,10,2.166,1.803,2126.15
HY-LOT-04,W09,12,-13,1,10,2.268,1.798,2112.94
HY-LOT-04,W09,12,-12,1,10,2.048,1.808,2089.07
HY-LOT-04,W09,12,-11,1,10,2.314,1.801,2096.37
HY-LOT-04,W09,12,-10,1,10,2.174,1.799,2091.3
HY-LOT-04,W09,12,-9,1,10,2.444,1.808,2101.07
HY-LOT-04,W09,12,-8,1,10,2.222,1.786,2116.09
HY-LOT-04,W09,12,-7,1,10,2.307,1.802,2078
HY-LOT-04,W09,12,-6,1,10,2.32,1.779,2091.07
HY-LOT-04,W09,12,-5,1,10,1.993,1.774,2132.12
HY-LOT-04,W09,12,-4,1,10,2.072,1.811,2101.11
HY-LOT-04,W09,12,-3,1,10,2.415,1.806,2124.66
HY-LOT-04,W09,12,-2,1,10,2.294,1.794,2084.21
HY-LOT-04,W09,12,-1,1,10,2.484,1.821,2082.95
HY-LOT-04,W09,12,0,1,10,2.324,1.795,2087.08
HY-LOT-04,W09,12,1,1,10,2.277,1.785,2061.95
HY-LOT-04,W09,12,2,1,10,2.398,1.798,2113.89
HY-LOT-04,W09,12,3,1,10,2.348,1.811,2096.25
HY-LOT-04,W09,12,4,1,10,2.585,1.806,2104.28
HY-LOT-04,W09,12,5,1,10,2.389,1.806,2116.48
HY-LOT-04,W09,12,6,1,10,2.16,1.808,2094.93
HY-LOT-04,W09,12,7,1,10,2.286,1.81,2094.05
HY-LOT-04,W09,12,8,1,10,2.328,1.787,2076.39
HY-LOT-04,W09,12,9,1,10,2.466,1.82,2099.7
HY-LOT-04,W09,12,10,1,10,2.117,1.816,2093.54
HY-LOT-04,W09,12,11,1,10,1.813,1.815,2108.9
HY-LOT-04,W09,12,12,1,10,2.122,1.79,2067.53
HY-LOT-04,W09,12,13,1,10,2.071,1.814,2119.43
HY-LOT-04,W09,12,14,1,10,2.057,1.799,2101.45
HY-LOT-04,W09,12,15,1,10,2.25,1.802,2104.11
HY-LOT-04,W09,13,-14,1,10,1.971,1.823,2089.03
HY-LOT-04,W09,13,-13,2,21,2.19,1.797,2112.82
HY-LOT-04,W09,13,-12,1,10,2.268,1.825,2068.76
HY-LOT-04,W09,13,-11,1,10,2.119,1.829,2111.46
HY-LOT-04,W09,13,-10,1,10,2.157,1.813,2071.6
HY-LOT-04,W09,13,-9,1,10,2.318,1.838,2084.83
HY-LOT-04,W09,13,-8,1,10,2.123,1.803,2084.12
HY-LOT-04,W09,13,-7,1,10,2.394,1.786,2082.34
HY-LOT-04,W09,13,-6,1,10,2.144,1.813,2105.07
HY-LOT-04,W09,13,-5,1,10,2.412,1.827,2122.88
HY-LOT-04,W09,13,-4,1,10,2.655,1.793,2080.67
HY-LOT-04,W09,13,-3,1,10,2.098,1.803,2096.07
HY-LOT-04,W09,13,-2,1,10,2.414,1.802,2067.29
HY-LOT-04,W09,13,-1,1,10,2.028,1.818,2090.99
HY-LOT-04,W09,13,0,1,10,2.379,1.812,2073.91
HY-LOT-04,W09,13,1,1,10,2.422,1.783,2100.8
HY-LOT-04,W09,13,2,1,10,2.173,1.817,2101.57
HY-LOT-04,W09,13,3,1,10,2.087,1.81,2099.48
HY-LOT-04,W09,13,4,1,10,1.942,1.775,2104.37
HY-LOT-04,W09,13,5,1,10,2.484,1.791,2089.76
HY-LOT-04,W09,13,6,1,10,2.547,1.821,2073.56
HY-LOT-04,W09,13,7,1,10,2.404,1.836,2092.56
HY-LOT-04,W09,13,8,1,10,2.116,1.801,2128.95
HY-LOT-04,W09,13,9,1,10,2.407,1.786,2085.89
HY-LOT-04,W09,13,10,1,10,2.179,1.796,2097.81
HY-LOT-04,W09,13,11,1,10,2.49,1.756,2107.25
HY-LOT-04,W09,13,12,1,10,2.246,1.838,2114.59
HY-LOT-04,W09,13,13,1,10,2.216,1.779,2106.5
HY-LOT-04,W09,13,14,1,10,2.343,1.803,2086.99
HY-LOT-04,W09,14,-13,1,10,2.019,1.791,2114.99
HY-LOT-04,W09,14,-12,1,10,2.245,1.787,2065.21
HY-LOT-04,W09,14,-11,1,10,1.992,1.761,2096.97
HY-LOT-04,W09,14,-10,1,10,2.7,1.799,2096.1
HY-LOT-04,W09,14,-9,1,10,2.352,1.821,2099.38
HY-LOT-04,W09,14,-8,1,10,2.354,1.804,2086.29
HY-LOT-04,W09,14,-7,1,10,2.214,1.784,2126.34
HY-LOT-04,W09,14,-6,1,10,2.175,1.804,2086.05
HY-LOT-04,W09,14,-5,1,10,2.191,1.813,2108.91
HY-LOT-04,W09,14,-4,1,10,2.098,1.784,2108.87
HY-LOT-04,W09,14,-3,1,10,2.412,1.798,2107.21
HY-LOT-04,W09,14,-2,1,10,2.523,1.818,2061.54
HY-LOT-04,W09,14,-1,1,10,2.201,1.802,2133.21
HY-LOT-04,W09,14,0,1,10,2.707,1.802,2090.97
HY-LOT-04,W09,14,1,1,10,2.356,1.792,2114.07
HY-LOT-04,W09,14,2,1,10,2.046,1.792,2105.86
HY-LOT-04,W09,14,3,1,10,2.007,1.819,2066.53
HY-LOT-04,W09,14,4,1,10,2.359,1.824,2121.66
HY-LOT-04,W09,14,5,1,10,2.477,1.79,2107.29
HY-LOT-04,W09,14,6,1,10,2.344,1.803,2098.21
HY-LOT-04,W09,14,7,1,10,2.119,1.794,2091.61
HY-LOT-04,W09,14,8,1,10,2.18,1.788,2111.78
HY-LOT-04,W09,14,9,1,10,2.043,1.778,2097.12
HY-LOT-04,W09,14,10,1,10,2.629,1.818,2088.77
HY-LOT-04,W09,14,11,1,10,2.424,1.807,2095.23
HY-LOT-04,W09,14,12,1,10,2.402,1.795,2077.22
HY-LOT-04,W09,14,13,1,10,2.578,1.791,2099.86
HY-LOT-04,W09,15,-12,1,10,2.327,1.796,2111.81
HY-LOT-04,W09,15,-11,1,10,2.163,1.779,2129.75
HY-LOT-04,W09,15,-10,1,10,2.384,1.805,2116.81
HY-LOT-04,W09,15,-9,1,10,2.141,1.793,2080.5
HY-LOT-04,W09,15,-8,1,10,2.158,1.826,2117.66
HY-LOT-04,W09,15,-7,1,10,2.269,1.805,2095.06
HY-LOT-04,W09,15,-6,1,10,2.593,1.776,2087.53
HY-LOT-04,W09,15,-5,1,10,2.215,1.81,2078.22
HY-LOT-04,W09,15,-4,1,10,2.149,1.813,2103.17
HY-LOT-04,W09,15,-3,1,10,2.419,1.796,2065.92
HY-LOT-04,W09,15,-2,1,10,2.084,1.824,2095.69
HY-LOT-04,W09,15,-1,1,10,2.379,1.795,2123.36
HY-LOT-04,W09,15,0,1,10,2.362,1.781,2109.2
HY-LOT-04,W09,15,1,1,10,2.387,1.777,2104.69
HY-LOT-04,W09,15,2,1,10,1.962,1.811,2059.12
HY-LOT-04,W09,15,3,1,10,2.425,1.8,2077.26
HY-LOT-04,W09,15,4,1,10,2.269,1.812,2123.4
HY-LOT-04,W09,15,5,1,10,2.398,1.764,2084.69
HY-LOT-04,W09,15,6,1,10,2.298,1.797,2085.63
HY-LOT-04,W09,15,7,1,10,2.218,1.77,2083.17
HY-LOT-04,W09,15,8,1,10,2.408,1.782,2120.51
HY-LOT-04,W09,15,9,1,10,2.096,1.818,2097.75
HY-LOT-04,W09,15,10,1,10,2.089,1.799,2059.23
HY-LOT-04,W09,15,11,1,10,2.205,1.796,2129.59
HY-LOT-04,W09,15,12,1,10,2.017,1.823,2081.35
HY-LOT-04,W09,16,-10,1,10,2.273,1.785,2098.61
HY-LOT-04,W09,16,-9,1,10,1.882,1.808,2099.49
HY-LOT-04,W09,16,-8,1,10,2.153,1.793,2083.2
HY-LOT-04,W09,16,-7,1,10,2.427,1.801,2066.72
HY-LOT-04,W09,16,-6,1,10,2.002,1.804,2091.89
HY-LOT-04,W09,16,-5,1,10,2.098,1.791,2059.31
HY-LOT-04,W09,16,-4,1,10,2.45,1.774,2131.72
HY-LOT-04,W09,16,-3,1,10,2.261,1.827,2097.08
HY-LOT-04,W09,16,-2,1,10,2.225,1.786,2128.47
HY-LOT-04,W09,16,-1,1,10,2.307,1.799,2075.6
HY-LOT-04,W09,16,0,1,10,2.194,1.829,2096.29
HY-LOT-04,W09,16,1,1,10,2.813,1.789,2104.33
HY-LOT-04,W09,16,2,1,10,2.499,1.806,2066.31
HY-LOT-04,W09,16,3,1,10,2.189,1.782,2123.31
HY-LOT-04,W09,16,4,1,10,2.375,1.797,2094.24
HY-LOT-04,W09,16,5,1,10,2.311,1.795,2091.71
HY-LOT-04,W09,16,6,1,10,2.334,1.77,2111.4
HY-LOT-04,W09,16,7,1,10,2.477,1.783,2059.29
HY-LOT-04,W09,16,8,1,10,2.636,1.79,2105.3
HY-LOT-04,W09,16,9,1,10,2.364,1.792,2115.42
HY-LOT-04,W09,16,10,1,10,2.059,1.791,2110.81
HY-LOT-04,W09,17,-9,1,10,2.732,1.817,2112.63
HY-LOT-04,W09,17,-8,1,10,2.498,1.82,2067.88
HY-LOT-04,W09,17,-7,1,10,2.342,1.761,2128.47
HY-LOT-04,W09,17,-6,1,10,2.366,1.811,2096.96
HY-LOT-04,W09,17,-5,1,10,2.119,1.776,2121.46
HY-LOT-04,W09,17,-4,1,10,2.343,1.808,2109.45
HY-LOT-04,W09,17,-3,1,10,1.995,1.796,2111.19
HY-LOT-04,W09,17,-2,1,10,2.17,1.788,2098.45
HY-LOT-04,W09,17,-1,1,10,2.164,1.794,2103.31
HY-LOT-04,W09,17,0,1,10,2.202,1.806,2100.36
HY-LOT-04,W09,17,1,1,10,2.194,1.79,2096.93
HY-LOT-04,W09,17,2,1,10,2.451,1.793,2102.64
HY-LOT-04,W09,17,3,1,10,2.414,1.809,2104.84
HY-LOT-04,W09,17,4,1,10,2.23,1.819,2103.19
HY-LOT-04,W09,17,5,1,10,2.598,1.793,2058.16
HY-LOT-04,W09,17,6,1,10,2.513,1.796,2083.58
HY-LOT-04,W09,17,7,1,10,2.201,1.811,2069.94
HY-LOT-04,W09,17,8,1,10,2.225,1.82,2104.64
HY-LOT-04,W09,17,9,1,10,2.226,1.805,2111.52
HY-LOT-04,W09,18,-6,1,10,2.435,1.805,2086.84
HY-LOT-04,W09,18,-5,1,10,2.326,1.8,2125.71
HY-LOT-04,W09,18,-4,1,10,2.479,1.798,2096.06
HY-LOT-04,W09,18,-3,1,10,2.201,1.787,2093.4
HY-LOT-04,W09,18,-2,1,10,2.054,1.784,2137.02
HY-LOT-04,W09,18,-1,1,10,2.168,1.809,2108.98
HY-LOT-04,W09,18,0,1,10,2.49,1.787,2109.9
HY-LOT-04,W09,18,1,1,10,2.401,1.79,2133.04
HY-LOT-04,W09,18,2,1,10,2.296,1.837,2129.96
HY-LOT-04,W09,18,3,1,10,2.247,1.787,2118.41
HY-LOT-04,W09,18,4,1,10,1.903,1.787,2077.66
HY-LOT-04,W09,18,5,1,10,2.846,1.794,2138.97
HY-LOT-04,W09,18,6,1,10,2.347,1.858,2064.04
HY-LOT-04,W09,19,-3,1,10,2.208,1.773,2104.32
HY-LOT-04,W09,19,-2,1,10,2.45,1.787,2096.11
HY-LOT-04,W09,19,-1,1,10,2.24,1.789,2122.43
HY-LOT-04,W09,19,0,1,10,2.372,1.821,2093.82
HY-LOT-04,W09,19,1,1,10,2.51,1.804,2078.62
HY-LOT-04,W09,19,2,1,10,1.963,1.82,2093.57
HY-LOT-04,W09,19,3,1,10,2.218,1.803,2098.83
HY-LOT-04,W10,-19,-3,1,10,2.234,1.805,2098.92
HY-LOT-04,W10,-19,-2,1,10,1.97,1.826,2124.18
HY-LOT-04,W10,-19,-1,1,10,1.727,1.789,2091.22
HY-LOT-04,W10,-19,0,1,10,2.09,1.802,2101.12
HY-LOT-04,W10,-19,1,1,10,2.262,1.836,2130.5
HY-LOT-04,W10,-19,2,1,10,2.23,1.773,2103.71
HY-LOT-04,W10,-19,3,1,10,2.316,1.785,2131.77
HY-LOT-04,W10,-18,-6,1,10,2.469,1.799,2103.43
HY-LOT-04,W10,-18,-5,1,10,2.6,1.811,2083.52
HY-LOT-04,W10,-18,-4,1,10,2.057,1.791,2102.89
HY-LOT-04,W10,-18,-3,1,10,1.843,1.746,2107.82
HY-LOT-04,W10,-18,-2,1,10,2.37,1.778,2103.52
HY-LOT-04,W10,-18,-1,1,10,2.109,1.796,2124.37
HY-LOT-04,W10,-18,0,1,10,1.739,1.808,2132.21
HY-LOT-04,W10,-18,1,1,10,1.888,1.827,2113.41
HY-LOT-04,W10,-18,2,1,10,1.722,1.802,2095.52
HY-LOT-04,W10,-18,3,1,10,2.002,1.813,2099.32
HY-LOT-04,W10,-18,4,1,10,2.033,1.78,2114.12
HY-LOT-04,W10,-18,5,1,10,2.287,1.827,2114.6
HY-LOT-04,W10,-18,6,1,10,2.196,1.803,2078.66
HY-LOT-04,W10,-17,-9,1,10,2.248,1.81,2084.84
HY-LOT-04,W10,-17,-8,1,10,2.171,1.803,2076.22
HY-LOT-04,W10,-17,-7,1,10,2.138,1.819,2107.9
HY-LOT-04,W10,-17,-6,1,10,2.079,1.818,2082.85
HY-LOT-04,W10,-17,-5,1,10,2.307,1.785,2099.96
HY-LOT-04,W10,-17,-4,2,21,2.013,1.801,2115.5
HY-LOT-04,W10,-17,-3,1,10,1.985,1.798,2100.31
HY-LOT-04,W10,-17,-2,1,10,1.871,1.775,2109.41
HY-LOT-04,W10,-17,-1,1,10,2.47,1.761,2105.86
HY-LOT-04,W10,-17,0,1,10,2.734,1.782,2120.94
HY-LOT-04,W10,-17,1,1,10,1.96,1.775,2125.03
HY-LOT-04,W10,-17,2,1,10,2.301,1.77,2107.42
HY-LOT-04,W10,-17,3,1,10,2.505,1.769,2110.12
HY-LOT-04,W10,-17,4,1,10,2.113,1.764,2090.74
HY-LOT-04,W10,-17,5,1,10,2.125,1.795,2082.88
HY-LOT-04,W10,-17,6,1,10,2.281,1.816,2125.59
HY-LOT-04,W10,-17,7,1,10,2.671,1.818,2084.3
HY-LOT-04,W10,-17,8,1,10,2.15,1.804,2103.26
HY-LOT-04,W10,-17,9,1,10,2.494,1.829,2111.79
HY-LOT-04,W10,-16,-10,1,10,2.049,1.81,2129.17
HY-LOT-04,W10,-16,-9,1,10,2.381,1.813,2049.74
HY-LOT-04,W10,-16,-8,1,10,2.088,1.778,2086.64
HY-LOT-04,W10,-16,-7,1,10,2.013,1.8,2069.18
HY-LOT-04,W10,-16,-6,1,10,2.307,1.787,2082.34
HY-LOT-04,W10,-16,-5,1,10,1.675,1.8,2094.45
HY-LOT-04,W10,-16,-4,1,10,2.398,1.808,2122.21
HY-LOT-04,W10,-16,-3,1,10,2.217,1.793,2123.01
HY-LOT-04,W10,-16,-2,1,10,2.414,1.779,2114.05
HY-LOT-04,W10,-16,-1,1,10,2.414,1.811,2090.39
HY-LOT-04,W10,-16,0,1,10,2.015,1.81,2086.1
HY-LOT-04,W10,-16,1,1,10,1.977,1.804,2119.48
HY-LOT-04,W10,-16,2,1,10,2.187,1.804,2128.61
HY-LOT-04,W10,-16,3,1,10,2.263,1.775,2087.62
HY-LOT-04,W10,-16,4,1,10,1.976,1.819,2093.2
HY-LOT-04,W10,-16,5,1,10,2.049,1.794,2121.42
HY-LOT-04,W10,-16,6,1,10,2.03,1.845,2062.91
HY-LOT-04,W10,-16,7,1,10,2.281,1.86,2133.23
HY-LOT-04,W10,-16,8,1,10,2.461,1.794,2113.07
HY-LOT-04,W10,-16,9,1,10,1.912,1.8,2093.83
HY-LOT-04,W10,-16,10,1,10,1.908,1.783,2113.84
HY-LOT-04,W10,-15,-12,1,10,2.303,1.792,2114.86
HY-LOT-04,W10,-15,-11,1,10,2.254,1.778,2111.46
HY-LOT-04,W10,-15,-10,1,10,2.243,1.795,2090.7
HY-LOT-04,W10,-15,-9,1,10,1.996,1.792,2097.38
HY-LOT-04,W10,-15,-8,1,10,2.235,1.793,2095.76
HY-LOT-04,W10,-15,-7,1,10,2.291,1.839,2105.8
HY-LOT-04,W10,-15,-6,1,10,2.546,1.8,2086.8
HY-LOT-04,W10,-15,-5,1,10,2.587,1.799,2126.99
HY-LOT-04,W10,-15,-4,1,10,2.332,1.813,2096.53
HY-LOT-04,W10,-15,-3,1,10,1.92,1.815,2124.15
HY-LOT-04,W10,-15,-2,1,10,2.43,1.819,2093.8
HY-LOT-04,W10,-15,-1,1,10,2.273,1.774,2060.71
HY-LOT-04,W10,-15,0,1,10,2.293,1.775,2111.54
HY-LOT-04,W10,-15,1,1,10,1.926,1.784,2102.65
HY-LOT-04,W10,-15,2,1,10,1.795,1.798,2112.48
HY-LOT-04,W10,-15,3,1,10,2.355,1.81,2103.07
HY-LOT-04,W10,-15,4,1,10,2.172,1.813,2107.82
HY-LOT-04,W10,-15,5,1,10,1.942,1.772,2108.85
HY-LOT-04,W10,-15,6,1,10,2.242,1.759,2106.57
HY-LOT-04,W10,-15,7,1,10,2.731,1.807,2094.35
HY-LOT-04,W10,-15,8,1,10,2.363,1.797,2114.91
HY-LOT-04,W10,-15,9,1,10,2.344,1.78,2083.02
HY-LOT-04,W10,-15,10,1,10,2.231,1.819,2111.83
HY-LOT-04,W10,-15,11,1,10,2.392,1.84,2112.78
HY-LOT-04,W10,-15,12,1,10,2.278,1.794,2075.92
HY-LOT-04,W10,-14,-13,1,10,1.976,1.812,2097.94
HY-LOT-04,W10,-14,-12,1,10,2.338,1.823,2070.58
HY-LOT-04,W10,-14,-11,1,10,2.36,1.824,2103.06
HY-LOT-04,W10,-14,-10,1,10,2.304,1.791,2087.84
HY-LOT-04,W10,-14,-9,1,10,2.621,1.783,2129.13
HY-LOT-04,W10,-14,-8,1,10,2.132,1.789,2152.02
HY-LOT-04,W10,-14,-7,1,10,2.179,1.805,2096.19
HY-LOT-04,W10,-14,-6,1,10,2.312,1.817,2127.06
HY-LOT-04,W10,-14,-5,1,10,2.076,1.783,2099.75
HY-LOT-04,W10,-14,-4,1,10,2.009,1.799,2058.23
HY-LOT-04,W10,-14,-3,1,10,2.044,1.807,2071.46
HY-LOT-04,W10,-14,-2,1,10,1.963,1.82,2149.25
HY-LOT-04,W10,-14,-1,1,10,1.942,1.824,2098.43
HY-LOT-04,W10,-14,0,1,10,2.09,1.848,2114.67
HY-LOT-04,W10,-14,1,1,10,1.901,1.765,2102.37
HY-LOT-04,W10,-14,2,1,10,2.125,1.796,2082.24
HY-LOT-04,W10,-14,3,1,10,1.964,1.791,2107.1
HY-LOT-04,W10,-14,4,1,10,1.938,1.782,2092.71
HY-LOT-04,W10,-14,5,1,10,2.013,1.801,2087.59
HY-LOT-04,W10,-14,6,1,10,1.803,1.795,2102.24
HY-LOT-04,W10,-14,7,1,10,2.439,1.816,2108.45
HY-LOT-04,W10,-14,8,1,10,2.698,1.787,2090.32
HY-LOT-04,W10,-14,9,1,10,2.215,1.795,2107.26
HY-LOT-04,W10,-14,10,1,10,2.044,1.812,2093.13
HY-LOT-04,W10,-14,11,1,10,2.424,1.81,2104
HY-LOT-04,W10,-14,12,1,10,2.137,1.814,2130.77
HY-LOT-04,W10,-14,13,1,10,1.995,1.796,2123.38
HY-LOT-04,W10,-13,-14,1,10,1.89,1.806,2101.49
HY-LOT-04,W10,-13,-13,1,10,2.374,1.796,2069.25
HY-LOT-04,W10,-13,-12,1,10,2.011,1.794,2095.1
HY-LOT-04,W10,-13,-11,1,10,1.991,1.818,2102.61
HY-LOT-04,W10,-13,-10,1,10,2.231,1.818,2093.57
HY-LOT-04,W10,-13,-9,1,10,1.918,1.821,2097.98
HY-LOT-04,W10,-13,-8,1,10,2.337,1.775,2081.17
HY-LOT-04,W10,-13,-7,1,10,2.334,1.811,2096.43
HY-LOT-04,W10,-13,-6,1,10,2.397,1.786,2100.46
HY-LOT-04,W10,-13,-5,1,10,2.171,1.804,2077.69
HY-LOT-04,W10,-13,-4,1,10,2.142,1.806,2088.71
HY-LOT-04,W10,-13,-3,1,10,2.151,1.824,2108.35
HY-LOT-04,W10,-13,-2,1,10,2.38,1.794,2074.83
HY-LOT-04,W10,-13,-1,1,10,2.111,1.799,2085.07
HY-LOT-04,W10,-13,0,1,10,2.338,1.802,2087.92
HY-LOT-04,W10,-13,1,1,10,2.148,1.779,2119.93
HY-LOT-04,W10,-13,2,1,10,2.668,1.814,2118.14
HY-LOT-04,W10,-13,3,1,10,1.939,1.786,2085.85
HY-LOT-04,W10,-13,4,1,10,2.581,1.767,2114.01
HY-LOT-04,W10,-13,5,1,10,2.017,1.793,2088.8
HY-LOT-04,W10,-13,6,1,10,1.92,1.774,2082.14
HY-LOT-04,W10,-13,7,1,10,2.319,1.824,2131.64
HY-LOT-04,W10,-13,8,1,10,2.017,1.782,2085.33
HY-LOT-04,W10,-13,9,1,10,2.266,1.797,2117.88
HY-LOT-04,W10,-13,10,1,10,2.114,1.749,2090.6
HY-LOT-04,W10,-13,11,1,10,2.398,1.778,2107.78
HY-LOT-04,W10,-13,12,1,10,2.104,1.785,2119.67
HY-LOT-04,W10,-13,13,1,10,2.188,1.806,2069.41
HY-LOT-04,W10,-13,14,1,10,2.359,1.784,2106.72
HY-LOT-04,W10,-12,-15,1,10,2.263,1.773,2075.97
HY-LOT-04,W10,-12,-14,1,10,2.124,1.775,2122.24
HY-LOT-04,W10,-12,-13,1,10,2.053,1.794,2102.63
HY-LOT-04,W10,-12,-12,1,10,2.324,1.797,2123.98
HY-LOT-04,W10,-12,-11,1,10,2.195,1.79,2077.86
HY-LOT-04,W10,-12,-10,1,10,2.06,1.793,2093.13
HY-LOT-04,W10,-12,-9,1,10,1.944,1.82,2102.78
HY-LOT-04,W10,-12,-8,1,10,2.142,1.822,2068.49
HY-LOT-04,W10,-12,-7,1,10,1.954,1.791,2069.89
HY-LOT-04,W10,-12,-6,1,10,1.988,1.803,2105.09
HY-LOT-04,W10,-12,-5,1,10,2.168,1.797,2110.75
HY-LOT-04,W10,-12,-4,1,10,1.761,1.782,2091.04
HY-LOT-04,W10,-12,-3,1,10,2.364,1.8,2100.52
HY-LOT-04,W10,-12,-2,1,10,2.303,1.786,2080.42
HY-LOT-04,W10,-12,-1,1,10,2.248,1.796,2109.06
HY-LOT-04,W10,-12,0,1,10,2.161,1.793,2072.59
HY-LOT-04,W10,-12,1,1,10,2.186,1.803,2073.32
HY-LOT-04,W10,-12,2,1,10,2.373,1.809,2120.24
HY-LOT-04,W10,-12,3,1,10,2.059,1.805,2104.81
HY-LOT-04,W10,-12,4,1,10,2.391,1.823,2085.45
HY-LOT-04,W10,-12,5,1,10,1.889,1.829,2117.65
HY-LOT-04,W10,-12,6,1,10,1.804,1.823,2100.61
HY-LOT-04,W10,-12,7,1,10,1.91,1.793,2107.04
HY-LOT-04,W10,-12,8,1,10,2.313,1.778,2076.77
HY-LOT-04,W10,-12,9,1,10,2.125,1.81,2122.92
HY-LOT-04,W10,-12,10,1,10,2.181,1.834,2120
HY-LOT-04,W10,-12,11,1,10,2.032,1.766,2084.16
HY-LOT-04,W10,-12,12,1,10,2.355,1.78,2101.54
HY-LOT-04,W10,-12,13,1,10,2.264,1.824,2105.82
HY-LOT-04,W10,-12,14,1,10,2.296,1.81,2097.78
HY-LOT-04,W10,-12,15,1,10,2.067,1.8,2083.57
HY-LOT-04,W10,-11,-15,1,10,2.22,1.766,2112.43
HY-LOT-04,W10,-11,-14,1,10,2.092,1.805,2128.81
HY-LOT-04,W10,-11,-13,1,10,2.399,1.835,2131.29
HY-LOT-04,W10,-11,-12,1,10,2.123,1.791,2092.7
HY-LOT-04,W10,-11,-11,1,10,2.281,1.818,2099.4
HY-LOT-04,W10,-11,-10,1,10,2.004,1.793,2102.38
HY-LOT-04,W10,-11,-9,1,10,2.344,1.775,2101.4
HY-LOT-04,W10,-11,-8,1,10,2.48,1.786,2115.13
HY-LOT-04,W10,-11,-7,1,10,1.999,1.787,2111.87
HY-LOT-04,W10,-11,-6,1,10,2.374,1.783,2080.4
HY-LOT-04,W10,-11,-5,1,10,1.924,1.819,2093.02
HY-LOT-04,W10,-11,-4,1,10,1.921,1.807,2092.8
HY-LOT-04,W10,-11,-3,1,10,2.213,1.785,2114.25
HY-LOT-04,W10,-11,-2,1,10,1.977,1.787,2155.57
HY-LOT-04,W10,-11,-1,1,10,2.226,1.795,2111.49
HY-LOT-04,W10,-11,0,1,10,2.339,1.794,2105.44
HY-LOT-04,W10,-11,1,1,10,1.721,1.803,2095.29
HY-LOT-04,W10,-11,2,1,10,2.448,1.782,2097.48
HY-LOT-04,W10,-11,3,1,10,2.056,1.802,2099.92
HY-LOT-04,W10,-11,4,1,10,2,1.804,2097.73
HY-LOT-04,W10,-11,5,1,10,2.562,1.775,2107.41
HY-LOT-04,W10,-11,6,1,10,2.098,1.799,2131.25
HY-LOT-04,W10,-11,7,1,10,2.014,1.808,2089.82
HY-LOT-04,W10,-11,8,1,10,2.056,1.777,2096.86
HY-LOT-04,W10,-11,9,1,10,2.378,1.813,2069.29
HY-LOT-04,W10,-11,10,1,10,2.084,1.8,2116.64
HY-LOT-04,W10,-11,11,1,10,2.307,1.795,2116.75
HY-LOT-04,W10,-11,12,1,10,1.741,1.805,2101.01
HY-LOT-04,W10,-11,13,1,10,2.361,1.812,2096.11
HY-LOT-04,W10,-11,14,1,10,2.57,1.821,2106.8
HY-LOT-04,W10,-11,15,1,10,2.025,1.787,2085.03
HY-LOT-04,W10,-10,-16,1,10,2.02,1.802,2090.09
HY-LOT-04,W10,-10,-15,1,10,1.967,1.798,2121.65
HY-LOT-04,W10,-10,-14,1,10,1.792,1.809,2082.45
HY-LOT-04,W10,-10,-13,1,10,2.437,1.816,2148.39
HY-LOT-04,W10,-10,-12,1,10,2.147,1.791,2092.06
HY-LOT-04,W10,-10,-11,1,10,2.061,1.804,2083.73
HY-LOT-04,W10,-10,-10,1,10,2.117,1.767,2089.79
HY-LOT-04,W10,-10,-9,1,10,2.188,1.773,2079.66
HY-LOT-04,W10,-10,-8,1,10,1.783,1.806,2075.35
HY-LOT-04,W10,-10,-7,1,10,2.01,1.807,2095.35
HY-LOT-04,W10,-10,-6,1,10,2.028,1.796,2119.97
HY-LOT-04,W10,-10,-5,1,10,2.221,1.819,2095.88
HY-LOT-04,W10,-10,-4,1,10,2.391,1.822,2092.5
HY-LOT-04,W10,-10,-3,1,10,1.744,1.803,2064.95
HY-LOT-04,W10,-10,-2,1,10,1.918,1.797,2108.76
HY-LOT-04,W10,-10,-1,1,10,2.48,1.813,2079.27
HY-LOT-04,W10,-10,0,1,10,2.299,1.821,2109.97
HY-LOT-04,W10,-10,1,1,10,2.271,1.813,2119.34
HY-LOT-04,W10,-10,2,1,10,2.049,1.807,2105.68
HY-LOT-04,W10,-10,3,1,10,1.989,1.797,2135.35
HY-LOT-04,W10,-10,4,1,10,2.182,1.785,2064.18
HY-LOT-04,W10,-10,5,1,10,2.357,1.808,2100.31
HY-LOT-04,W10,-10,6,1,10,1.86,1.754,2096.86
HY-LOT-04,W10,-10,7,1,10,2.04,1.781,2098.46
HY-LOT-04,W10,-10,8,1,10,2.215,1.823,2096.69
HY-LOT-04,W10,-10,9,1,10,2.378,1.814,2093.76
HY-LOT-04,W10,-10,10,1,10,1.945,1.779,2080.06
HY-LOT-04,W10,-10,11,1,10,1.949,1.829,2121.74
HY-LOT-04,W10,-10,12,1,10,2.295,1.782,2094.14
HY-LOT-04,W10,-10,13,1,10,2.346,1.804,2070.62
HY-LOT-04,W10,-10,14,1,10,2.262,1.773,2092.19
HY-LOT-04,W10,-10,15,1,10,2.092,1.807,2110.2
HY-LOT-04,W10,-10,16,1,10,2.27,1.776,2128.98
HY-LOT-04,W10,-9,-17,1,10,2.367,1.822,2121.6
HY-LOT-04,W10,-9,-16,1,10,2.306,1.797,2063.41
HY-LOT-04,W10,-9,-15,1,10,2.083,1.828,2091.92
HY-LOT-04,W10,-9,-14,1,10,2.049,1.807,2096.6
HY-LOT-04,W10,-9,-13,1,10,1.951,1.827,2076.23
HY-LOT-04,W10,-9,-12,1,10,2.168,1.795,2079.94
HY-LOT-04,W10,-9,-11,1,10,2.304,1.799,2050.01
HY-LOT-04,W10,-9,-10,1,10,2.121,1.808,2074.12
HY-LOT-04,W10,-9,-9,1,10,1.936,1.789,2100.23
HY-LOT-04,W10,-9,-8,1,10,2.167,1.796,2066.09
HY-LOT-04,W10,-9,-7,1,10,1.965,1.814,2097.38
HY-LOT-04,W10,-9,-6,1,10,1.933,1.801,2115.65
HY-LOT-04,W10,-9,-5,1,10,2.188,1.801,2097.51
HY-LOT-04,W10,-9,-4,1,10,2.052,1.793,2081.92
HY-LOT-04,W10,-9,-3,1,10,2.343,1.822,2069.88
HY-LOT-04,W10,-9,-2,1,10,1.903,1.801,2099.41
HY-LOT-04,W10,-9,-1,1,10,2.181,1.778,2118.41
HY-LOT-04,W10,-9,0,1,10,2.325,1.82,2079.16
HY-LOT-04,W10,-9,1,1,10,1.946,1.802,2078.73
HY-LOT-04,W10,-9,2,1,10,2.415,1.784,2105.24
HY-LOT-04,W10,-9,3,1,10,2.217,1.802,2103.48
HY-LOT-04,W10,-9,4,1,10,1.975,1.81,2099.3
HY-LOT-04,W10,-9,5,1,10,2.199,1.795,2095.73
HY-LOT-04,W10,-9,6,1,10,1.989,1.826,2073.54
HY-LOT-04,W10,-9,7,1,10,2.135,1.775,2094.49
HY-LOT-04,W10,-9,8,1,10,2.283,1.786,2127
HY-LOT-04,W10,-9,9,1,10,2.623,1.796,2124.94
HY-LOT-04,W10,-9,10,1,10,1.953,1.794,2138.67
HY-LOT-04,W10,-9,11,1,10,2.387,1.809,2126.76
HY-LOT-04,W10,-9,12,1,10,2.263,1.791,2072.08
HY-LOT-04,W10,-9,13,1,10,2.476,1.772,2108.83
HY-LOT-04,W10,-9,14,1,10,2.433,1.832,2068.99
HY-LOT-04,W10,-9,15,1,10,2.115,1.78,2108.37
HY-LOT-04,W10,-9,16,1,10,2.214,1.805,2090.73
HY-LOT-04,W10,-9,17,1,10,1.964,1.809,2119.65
HY-LOT-04,W10,-8,-17,1,10,1.837,1.814,2109.31
HY-LOT-04,W10,-8,-16,1,10,2.544,1.797,2122.39
HY-LOT-04,W10,-8,-15,1,10,2.146,1.728,2057.6
HY-LOT-04,W10,-8,-14,1,10,2.474,1.754,2080.25
HY-LOT-04,W10,-8,-13,1,10,2.005,1.793,2109.21
HY-LOT-04,W10,-8,-12,1,10,2.324,1.809,2113.81
HY-LOT-04,W10,-8,-11,1,10,2.275,1.787,2089.63
HY-LOT-04,W10,-8,-10,1,10,2.361,1.788,2079.07
HY-LOT-04,W10,-8,-9,1,10,2.235,1.809,2091.38
HY-LOT-04,W10,-8,-8,1,10,2.421,1.806,2110.98
HY-LOT-04,W10,-8,-7,1,10,2.073,1.803,2098.76
HY-LOT-04,W10,-8,-6,1,10,2.195,1.814,2103.19
HY-LOT-04,W10,-8,-5,1,10,1.838,1.792,2104.15
HY-LOT-04,W10,-8,-4,1,10,2.256,1.806,2074.5
HY-LOT-04,W10,-8,-3,1,10,2.418,1.785,2128.71
HY-LOT-04,W10,-8,-2,1,10,2.275,1.8,2112.63
HY-LOT-04,W10,-8,-1,1,10,2.2,1.812,2107.16
HY-LOT-04,W10,-8,0,1,10,2.048,1.811,2098.74
HY-LOT-04,W10,-8,1,1,10,2.073,1.796,2108.28
HY-LOT-04,W10,-8,2,1,10,2.249,1.776,2090.35
HY-LOT-04,W10,-8,3,1,10,2.228,1.814,2122.35
HY-LOT-04,W10,-8,4,1,10,2.322,1.806,2079.29
HY-LOT-04,W10,-8,5,1,10,2.092,1.742,2087.62
HY-LOT-04,W10,-8,6,1,10,2.361,1.799,2131.33
HY-LOT-04,W10,-8,7,1,10,1.942,1.797,2109.05
HY-LOT-04,W10,-8,8,1,10,2.183,1.759,2126.21
HY-LOT-04,W10,-8,9,1,10,2.402,1.769,2076.08
HY-LOT-04,W10,-8,10,2,21,1.937,1.788,2102.82
HY-LOT-04,W10,-8,11,1,10,2.289,1.781,2074.45
HY-LOT-04,W10,-8,12,1,10,2.245,1.816,2058.67
HY-LOT-04,W10,-8,13,1,10,2.115,1.798,2109.1
HY-LOT-04,W10,-8,14,1,10,2.306,1.773,2109.29
HY-LOT-04,W10,-8,15,1,10,2.275,1.808,2101.58
HY-LOT-04,W10,-8,16,1,10,2.328,1.809,2092.79
HY-LOT-04,W10,-8,17,1,10,2.368,1.78,2091.92
HY-LOT-04,W10,-7,-17,1,10,1.975,1.774,2126.63
HY-LOT-04,W10,-7,-16,1,10,1.655,1.803,2117.6
HY-LOT-04,W10,-7,-15,1,10,2.14,1.797,2124.9
HY-LOT-04,W10,-7,-14,1,10,2.22,1.784,2100.93
HY-LOT-04,W10,-7,-13,1,10,2.377,1.815,2124.57
HY-LOT-04,W10,-7,-12,1,10,2.14,1.784,2122.75
HY-LOT-04,W10,-7,-11,1,10,2.277,1.808,2103.64
HY-LOT-04,W10,-7,-10,1,10,1.944,1.822,2070.67
HY-LOT-04,W10,-7,-9,1,10,1.815,1.806,2091.2
HY-LOT-04,W10,-7,-8,1,10,2.021,1.812,2098.67
HY-LOT-04,W10,-7,-7,1,10,2.1,1.768,2112.47
HY-LOT-04,W10,-7,-6,1,10,2.1,1.782,2087.13
HY-LOT-04,W10,-7,-5,1,10,2.095,1.815,2131.15
HY-LOT-04,W10,-7,-4,1,10,2.134,1.794,2080.98
HY-LOT-04,W10,-7,-3,1,10,2.253,1.801,2105.76
HY-LOT-04,W10,-7,-2,1,10,2.045,1.811,2097.42
HY-LOT-04,W10,-7,-1,1,10,2.24,1.806,2113.1
HY-LOT-04,W10,-7,0,1,10,2.339,1.797,2097.12
HY-LOT-04,W10,-7,1,1,10,2.175,1.794,2104.25
HY-LOT-04,W10,-7,2,1,10,2.452,1.82,2060.44
HY-LOT-04,W10,-7,3,1,10,2.01,1.802,2100.79
HY-LOT-04,W10,-7,4,1,10,2.113,1.792,2113.74
HY-LOT-04,W10,-7,5,1,10,2.039,1.799,2095.67
HY-LOT-04,W10,-7,6,1,10,2.117,1.815,2102.96
HY-LOT-04,W10,-7,7,1,10,2.074,1.809,2098.11
HY-LOT-04,W10,-7,8,1,10,2.172,1.813,2102.46
HY-LOT-04,W10,-7,9,1,10,2.29,1.795,2051.92
HY-LOT-04,W10,-7,10,1,10,2.158,1.783,2089.07
HY-LOT-04,W10,-7,11,1,10,1.927,1.807,2121.07
HY-LOT-04,W10,-7,12,1,10,2.146,1.83,2097.37
HY-LOT-04,W10,-7,13,1,10,2.179,1.799,2103.47
HY-LOT-04,W10,-7,14,1,10,2.199,1.798,2117.77
HY-LOT-04,W10,-7,15,1,10,2.024,1.788,2118.27
HY-LOT-04,W10,-7,16,1,10,2.143,1.809,2080.87
HY-LOT-04,W10,-7,17,1,10,2.463,1.794,2127.53
HY-LOT-04,W10,-6,-18,1,10,2.29,1.833,2109.11
HY-LOT-04,W10,-6,-17,1,10,2.143,1.776,2068.48
HY-LOT-04,W10,-6,-16,1,10,2.257,1.81,2106.64
HY-LOT-04,W10,-6,-15,1,10,2.357,1.824,2133.66
HY-LOT-04,W10,-6,-14,1,10,2.193,1.795,2110.85
HY-LOT-04,W10,-6,-13,1,10,1.886,1.785,2086.9
HY-LOT-04,W10,-6,-12,1,10,2.058,1.823,2086.05
HY-LOT-04,W10,-6,-11,1,10,2.092,1.791,2115.51
HY-LOT-04,W10,-6,-10,1,10,2.331,1.835,2106.8
HY-LOT-04,W10,-6,-9,1,10,1.914,1.809,2086.68
HY-LOT-04,W10,-6,-8,1,10,2.225,1.814,2082.82
HY-LOT-04,W10,-6,-7,1,10,2.457,1.817,2087.32
HY-LOT-04,W10,-6,-6,1,10,2.399,1.8,2076.27
HY-LOT-04,W10,-6,-5,1,10,2.048,1.785,2107.25
HY-LOT-04,W10,-6,-4,1,10,2.101,1.792,2086.68
HY-LOT-04,W10,-6,-3,1,10,2.156,1.801,2100.03
HY-LOT-04,W10,-6,-2,1,10,1.72,1.793,2125.35
HY-LOT-04,W10,-6,-1,1,10,2.125,1.784,2116.73
HY-LOT-04,W10,-6,0,1,10,2.186,1.828,2131.69
HY-LOT-04,W10,-6,1,1,10,2.006,1.801,2120.7
HY-LOT-04,W10,-6,2,1,10,2.022,1.81,2091.36
HY-LOT-04,W10,-6,3,1,10,1.928,1.81,2112.96
HY-LOT-04,W10,-6,4,1,10,1.824,1.8,2079.68
HY-LOT-04,W10,-6,5,1,10,2.39,1.796,2116.17
HY-LOT-04,W10,-6,6,1,10,2.476,1.781,2104.13
HY-LOT-04,W10,-6,7,1,10,2.274,1.805,2099.15
HY-LOT-04,W10,-6,8,1,10,2.028,1.809,2093.2
HY-LOT-04,W10,-6,9,1,10,1.891,1.84,2107.02
HY-LOT-04,W10,-6,10,1,10,2.058,1.828,2115.1
HY-LOT-04,W10,-6,11,1,10,2.174,1.812,2104.84
HY-LOT-04,W10,-6,12,1,10,2.126,1.81,2093.38
HY-LOT-04,W10,-6,13,1,10,2.057,1.788,2111.51
HY-LOT-04,W10,-6,14,1,10,1.777,1.822,2119.54
HY-LOT-04,W10,-6,15,1,10,2.295,1.788,2123.18
HY-LOT-04,W10,-6,16,1,10,2.123,1.808,2129.76
HY-LOT-04,W10,-6,17,1,10,2.132,1.781,2107.85
HY-LOT-04,W10,-6,18,1,10,2.332,1.817,2096.47
HY-LOT-04,W10,-5,-18,1,10,2.187,1.814,2107.45
HY-LOT-04,W10,-5,-17,1,10,2.029,1.783,2132.98
HY-LOT-04,W10,-5,-16,1,10,1.815,1.811,2118.43
HY-LOT-04,W10,-5,-15,1,10,2.197,1.805,2091.88
HY-LOT-04,W10,-5,-14,1,10,2.101,1.794,2076.68
HY-LOT-04,W10,-5,-13,1,10,2.44,1.83,2092.62
HY-LOT-04,W10,-5,-12,1,10,1.9,1.808,2075.23
HY-LOT-04,W10,-5,-11,1,10,2.097,1.772,2096.33
HY-LOT-04,W10,-5,-10,1,10,1.919,1.791,2127.24
HY-LOT-04,W10,-5,-9,1,10,2.364,1.787,2092.64
HY-LOT-04,W10,-5,-8,1,10,2.326,1.815,2074.64
HY-LOT-04,W10,-5,-7,1,10,1.834,1.78,2104.85
HY-LOT-04,W10,-5,-6,1,10,2.216,1.798,2102.31
HY-LOT-04,W10,-5,-5,1,10,2.536,1.768,2103.25
HY-LOT-04,W10,-5,-4,1,10,2.222,1.814,2077.99
HY-LOT-04,W10,-5,-3,1,10,2.277,1.812,2118.35
HY-LOT-04,W10,-5,-2,1,10,2.143,1.806,2083.29
HY-LOT-04,W10,-5,-1,1,10,2.246,1.82,2094.18
HY-LOT-04,W10,-5,0,1,10,2.349,1.815,2089.21
HY-LOT-04,W10,-5,1,1,10,2.207,1.807,2124.94
HY-LOT-04,W10,-5,2,1,10,2.055,1.806,2088.25
HY-LOT-04,W10,-5,3,1,10,1.887,1.788,2082
HY-LOT-04,W10,-5,4,1,10,2.149,1.791,2114.78
HY-LOT-04,W10,-5,5,1,10,2.039,1.809,2121.03
HY-LOT-04,W10,-5,6,1,10,2.38,1.838,2055.33
HY-LOT-04,W10,-5,7,1,10,2.445,1.811,2094.68
HY-LOT-04,W10,-5,8,1,10,2.355,1.825,2076.5
HY-LOT-04,W10,-5,9,1,10,2.361,1.783,2099.83
HY-LOT-04,W10,-5,10,1,10,2.277,1.773,2073.53
HY-LOT-04,W10,-5,11,1,10,2.393,1.778,2077.11
HY-LOT-04,W10,-5,12,1,10,2.045,1.819,2082.42
HY-LOT-04,W10,-5,13,1,10,2.529,1.796,2136.85
HY-LOT-04,W10,-5,14,1,10,2.609,1.8,2070.68
HY-LOT-04,W10,-5,15,1,10,2.514,1.815,2064.76
HY-LOT-04,W10,-5,16,1,10,2.114,1.797,2117.54
HY-LOT-04,W10,-5,17,1,10,2.419,1.816,2110.47
HY-LOT-04,W10,-5,18,1,10,1.98,1.8,2098.68
HY-LOT-04,W10,-4,-18,1,10,2.202,1.803,2120.31
HY-LOT-04,W10,-4,-17,1,10,2.565,1.791,2093.21
HY-LOT-04,W10,-4,-16,1,10,2.253,1.843,2067.13
HY-LOT-04,W10,-4,-15,1,10,2.153,1.813,2107.68
HY-LOT-04,W10,-4,-14,1,10,2.489,1.811,2067.43
HY-LOT-04,W10,-4,-13,1,10,2.267,1.812,2076.74
HY-LOT-04,W10,-4,-12,1,10,2.346,1.786,2114.68
HY-LOT-04,W10,-4,-11,1,10,2.4,1.79,2077.27
HY-LOT-04,W10,-4,-10,1,10,2.159,1.806,2067.5
HY-LOT-04,W10,-4,-9,1,10,2.168,1.812,2107.58
HY-LOT-04,W10,-4,-8,1,10,2.245,1.788,2124.63
HY-LOT-04,W10,-4,-7,1,10,2.055,1.832,2119.85
HY-LOT-04,W10,-4,-6,1,10,2.184,1.805,2116.51
HY-LOT-04,W10,-4,-5,1,10,2.116,1.827,2062.47
HY-LOT-04,W10,-4,-4,1,10,1.873,1.843,2080.28
HY-LOT-04,W10,-4,-3,1,10,1.866,1.789,2095.4
HY-LOT-04,W10,-4,-2,1,10,2.428,1.782,2083.21
HY-LOT-04,W10,-4,-1,1,10,1.973,1.818,2105.13
HY-LOT-04,W10,-4,0,1,10,2.36,1.83,2084.6
HY-LOT-04,W10,-4,1,1,10,2.408,1.768,2120.11
HY-LOT-04,W10,-4,2,1,10,2.423,1.813,2113.41
HY-LOT-04,W10,-4,3,1,10,2.1,1.785,2090.09
HY-LOT-04,W10,-4,4,1,10,2.298,1.812,2083.64
HY-LOT-04,W10,-4,5,1,10,1.81,1.832,2096.97
HY-LOT-04,W10,-4,6,1,10,2.515,1.802,2109.39
HY-LOT-04,W10,-4,7,1,10,2.346,1.811,2126.51
HY-LOT-04,W10,-4,8,1,10,2.719,1.793,2097.41
HY-LOT-04,W10,-4,9,1,10,2.366,1.804,2089.52
HY-LOT-04,W10,-4,10,1,10,2.197,1.79,2135.75
HY-LOT-04,W10,-4,11,1,10,2.116,1.808,2123.22
HY-LOT-04,W10,-4,12,1,10,2.372,1.827,2103.4
HY-LOT-04,W10,-4,13,1,10,2.153,1.816,2073.68
HY-LOT-04,W10,-4,14,1,10,2.207,1.794,2075.58
HY-LOT-04,W10,-4,15,1,10,2.147,1.794,2115.14
HY-LOT-04,W10,-4,16,1,10,2.04,1.779,2131.44
HY-LOT-04,W10,-4,17,1,10,1.971,1.798,2098.51
HY-LOT-04,W10,-4,18,1,10,1.828,1.824,2109.33
HY-LOT-04,W10,-3,-19,1,10,2.441,1.771,2102.64
HY-LOT-04,W10,-3,-18,1,10,1.898,1.782,2119.16
HY-LOT-04,W10,-3,-17,1,10,1.894,1.828,2131.53
HY-LOT-04,W10,-3,-16,1,10,2.212,1.788,2115.54
HY-LOT-04,W10,-3,-15,1,10,1.791,1.802,2077.87
HY-LOT-04,W10,-3,-14,1,10,2.744,1.785,2138.27
HY-LOT-04,W10,-3,-13,1,10,2.182,1.802,2121.63
HY-LOT-04,W10,-3,-12,1,10,1.825,1.782,2100.21
HY-LOT-04,W10,-3,-11,1,10,1.939,1.788,2086.35
HY-LOT-04,W10,-3,-10,1,10,2.227,1.792,2067.4
HY-LOT-04,W10,-3,-9,1,10,2.141,1.834,2096.08
HY-LOT-04,W10,-3,-8,1,10,2.108,1.798,2091.91
HY-LOT-04,W10,-3,-7,1,10,2.173,1.823,2112.47
HY-LOT-04,W10,-3,-6,1,10,2.062,1.786,2072.57
HY-LOT-04,W10,-3,-5,1,10,2.008,1.823,2110.11
HY-LOT-04,W10,-3,-4,1,10,2.196,1.798,2099.03
HY-LOT-04,W10,-3,-3,1,10,2.317,1.806,2120.9
HY-LOT-04,W10,-3,-2,1,10,2.216,1.775,2150.96
HY-LOT-04,W10,-3,-1,1,10,2.153,1.78,2124.47
HY-LOT-04,W10,-3,0,1,10,2.111,1.792,2096.49
HY-LOT-04,W10,-3,1,1,10,2.105,1.848,2078.55
HY-LOT-04,W10,-3,2,1,10,2.137,1.812,2082.46
HY-LOT-04,W10,-3,3,1,10,1.711,1.814,2080.47
HY-LOT-04,W10,-3,4,1,10,2.028,1.807,2085.38
HY-LOT-04,W10,-3,5,1,10,1.745,1.765,2096.42
HY-LOT-04,W10,-3,6,1,10,2.059,1.801,2114.82
HY-LOT-04,W10,-3,7,1,10,2.194,1.807,2103.06
HY-LOT-04,W10,-3,8,1,10,2.163,1.752,2116.28
HY-LOT-04,W10,-3,9,1,10,2.197,1.805,2105.96
HY-LOT-04,W10,-3,10,1,10,1.993,1.812,2085.35
HY-LOT-04,W10,-3,11,1,10,1.843,1.806,2064.12
HY-LOT-04,W10,-3,12,1,10,2.399,1.788,2108.62
HY-LOT-04,W10,-3,13,1,10,2.251,1.794,2072.87
HY-LOT-04,W10,-3,14,1,10,1.854,1.796,2120.65
HY-LOT-04,W10,-3,15,1,10,2.148,1.799,2067.63
HY-LOT-04,W10,-3,16,1,10,2.176,1.802,2105.5
HY-LOT-04,W10,-3,17,1,10,2.21,1.783,2086.33
HY-LOT-04,W10,-3,18,1,10,1.885,1.804,2101.74
HY-LOT-04,W10,-3,19,1,10,1.746,1.793,2096.18
HY-LOT-04,W10,-2,-19,1,10,2.278,1.792,2081.24
HY-LOT-04,W10,-2,-18,1,10,2.086,1.804,2113.21
HY-LOT-04,W10,-2,-17,1,10,2.163,1.803,2088.14
HY-LOT-04,W10,-2,-16,1,10,2.27,1.801,2076.79
HY-LOT-04,W10,-2,-15,1,10,2.072,1.817,2094.51
HY-LOT-04,W10,-2,-14,1,10,2.449,1.788,2122.17
HY-LOT-04,W10,-2,-13,1,10,2.252,1.835,2072.07
HY-LOT-04,W10,-2,-12,1,10,2.382,1.793,2086.18
HY-LOT-04,W10,-2,-11,1,10,2.294,1.83,2093.66
HY-LOT-04,W10,-2,-10,1,10,2.127,1.836,2069.68
HY-LOT-04,W10,-2,-9,1,10,2.287,1.81,2135.36
HY-LOT-04,W10,-2,-8,1,10,1.922,1.795,2087.16
HY-LOT-04,W10,-2,-7,1,10,2.331,1.797,2072.12
HY-LOT-04,W10,-2,-6,1,10,2.14,1.782,2093.75
HY-LOT-04,W10,-2,-5,1,10,2.261,1.805,2110.22
HY-LOT-04,W10,-2,-4,1,10,2.087,1.774,2072.35
HY-LOT-04,W10,-2,-3,1,10,2.233,1.841,2087.59
HY-LOT-04,W10,-2,-2,1,10,2.226,1.835,2101.1
HY-LOT-04,W10,-2,-1,1,10,2.338,1.786,2131.96
HY-LOT-04,W10,-2,0,1,10,1.557,1.792,2102.39
HY-LOT-04,W10,-2,1,1,10,2.284,1.819,2104.26
HY-LOT-04,W10,-2,2,1,10,2.119,1.818,2096.67
HY-LOT-04,W10,-2,3,1,10,2.222,1.798,2104.62
HY-LOT-04,W10,-2,4,1,10,2.168,1.802,2117.31
HY-LOT-04,W10,-2,5,1,10,1.894,1.8,2111.1
HY-LOT-04,W10,-2,6,1,10,2.141,1.78,2082.41
HY-LOT-04,W10,-2,7,1,10,2.192,1.821,2080.14
HY-LOT-04,W10,-2,8,1,10,2.015,1.802,2075.72
HY-LOT-04,W10,-2,9,1,10,2.539,1.811,2094.35
HY-LOT-04,W10,-2,10,1,10,2.079,1.818,2107.02
HY-LOT-04,W10,-2,11,1,10,2.072,1.789,2105.96
HY-LOT-04,W10,-2,12,1,10,1.895,1.778,2111.91
HY-LOT-04,W10,-2,13,1,10,1.888,1.771,2094.94
HY-LOT-04,W10,-2,14,1,10,2.137,1.783,2075.49
HY-LOT-04,W10,-2,15,1,10,2.208,1.823,2094.28
HY-LOT-04,W10,-2,16,1,10,2.793,1.764,2114.61
HY-LOT-04,W10,-2,17,1,10,2.463,1.806,2118.61
HY-LOT-04,W10,-2,18,1,10,2.282,1.822,2122.56
HY-LOT-04,W10,-2,19,1,10,1.698,1.813,2114.92
HY-LOT-04,W10,-1,-19,1,10,2.022,1.801,2067.13
HY-LOT-04,W10,-1,-18,1,10,2.067,1.799,2128.73
HY-LOT-04,W10,-1,-17,1,10,2.351,1.799,2066.38
HY-LOT-04,W10,-1,-16,1,10,2.179,1.805,2091.08
HY-LOT-04,W10,-1,-15,1,10,2.088,1.813,2122.04
HY-LOT-04,W10,-1,-14,1,10,2.036,1.778,2109.51
HY-LOT-04,W10,-1,-13,1,10,2.338,1.792,2069.35
HY-LOT-04,W10,-1,-12,1,10,1.983,1.797,2105.55
HY-LOT-04,W10,-1,-11,1,10,1.971,1.797,2084.2
HY-LOT-04,W10,-1,-10,1,10,2.046,1.798,2107.73
HY-LOT-04,W10,-1,-9,1,10,2.114,1.801,2104.62
HY-LOT-04,W10,-1,-8,1,10,2.315,1.812,2114.89
HY-LOT-04,W10,-1,-7,1,10,2.275,1.781,2080.42
HY-LOT-04,W10,-1,-6,1,10,2.348,1.767,2115.01
HY-LOT-04,W10,-1,-5,1,10,2.353,1.806,2065.54
HY-LOT-04,W10,-1,-4,1,10,2.159,1.782,2089.03
HY-LOT-04,W10,-1,-3,1,10,1.897,1.818,2068.87
HY-LOT-04,W10,-1,-2,1,10,2.017,1.831,2118.7
HY-LOT-04,W10,-1,-1,1,10,2.105,1.761,2127.54
HY-LOT-04,W10,-1,0,1,10,2.187,1.831,2093.35
HY-LOT-04,W10,-1,1,1,10,2.486,1.795,2129.74
HY-LOT-04,W10,-1,2,1,10,2.145,1.829,2116.75
HY-LOT-04,W10,-1,3,1,10,2.765,1.815,2093.33
HY-LOT-04,W10,-1,4,1,10,2.14,1.852,2111.35
HY-LOT-04,W10,-1,5,1,10,2.521,1.799,2091.33
HY-LOT-04,W10,-1,6,1,10,1.976,1.778,2124.17
HY-LOT-04,W10,-1,7,1,10,1.887,1.802,2088.66
HY-LOT-04,W10,-1,8,1,10,2.287,1.797,2077.84
HY-LOT-04,W10,-1,9,1,10,2.378,1.795,2095.93
HY-LOT-04,W10,-1,10,1,10,2.004,1.811,2095.24
HY-LOT-04,W10,-1,11,1,10,1.816,1.796,2103.06
HY-LOT-04,W10,-1,12,1,10,2.188,1.786,2087.41
HY-LOT-04,W10,-1,13,1,10,2.161,1.792,2086.49
HY-LOT-04,W10,-1,14,1,10,2.495,1.801,2119.27
HY-LOT-04,W10,-1,15,1,10,2.161,1.829,2105.76
HY-LOT-04,W10,-1,16,1,10,2.089,1.788,2100.73
HY-LOT-04,W10,-1,17,1,10,2.204,1.779,2078.58
HY-LOT-04,W10,-1,18,1,10,2.159,1.822,2075.05
HY-LOT-04,W10,-1,19,1,10,2.256,1.775,2105.38
HY-LOT-04,W10,0,-19,1,10,2.355,1.818,2096.02
HY-LOT-04,W10,0,-18,1,10,2.384,1.812,2092.59
HY-LOT-04,W10,0,-17,1,10,2.198,1.773,2066.31
HY-LOT-04,W10,0,-16,1,10,2.061,1.816,2098.74
HY-LOT-04,W10,0,-15,1,10,1.871,1.799,2094.03
HY-LOT-04,W10,0,-14,1,10,2.071,1.831,2110.29
HY-LOT-04,W10,0,-13,1,10,2.004,1.785,2088.4
HY-LOT-04,W10,0,-12,1,10,2.206,1.783,2091.63
HY-LOT-04,W10,0,-11,1,10,1.671,1.809,2098.1
HY-LOT-04,W10,0,-10,1,10,1.907,1.794,2095.05
HY-LOT-04,W10,0,-9,1,10,2.052,1.773,2090.99
HY-LOT-04,W10,0,-8,1,10,2.049,1.805,2115.49
HY-LOT-04,W10,0,-7,1,10,2.168,1.815,2114.53
HY-LOT-04,W10,0,-6,1,10,2.519,1.801,2105.46
HY-LOT-04,W10,0,-5,1,10,2.112,1.835,2072.45
HY-LOT-04,W10,0,-4,1,10,2.149,1.79,2120.43
HY-LOT-04,W10,0,-3,1,10,2.045,1.778,2106.58
HY-LOT-04,W10,0,-2,1,10,2.053,1.829,2114.85
HY-LOT-04,W10,0,-1,1,10,2.048,1.805,2076.79
HY-LOT-04,W10,0,0,1,10,2.411,1.8,2098.21
HY-LOT-04,W10,0,1,1,10,1.969,1.793,2082.77
HY-LOT-04,W10,0,2,1,10,2.284,1.805,2104.38
HY-LOT-04,W10,0,3,1,10,2.159,1.802,2080.97
HY-LOT-04,W10,0,4,1,10,1.963,1.79,2113.34
HY-LOT-04,W10,0,5,1,10,1.862,1.789,2092.25
HY-LOT-04,W10,0,6,1,10,2.236,1.785,2088.8
HY-LOT-04,W10,0,7,1,10,2.222,1.791,2098.82
HY-LOT-04,W10,0,8,1,10,2.366,1.788,2097.04
HY-LOT-04,W10,0,9,1,10,2.102,1.798,2095.7
HY-LOT-04,W10,0,10,1,10,2.237,1.797,2114.36
HY-LOT-04,W10,0,11,1,10,2.46,1.832,2093.81
HY-LOT-04,W10,0,12,1,10,2.256,1.81,2093.87
HY-LOT-04,W10,0,13,1,10,1.973,1.822,2110.47
HY-LOT-04,W10,0,14,1,10,2.076,1.835,2104.96
HY-LOT-04,W10,0,15,1,10,1.928,1.811,2098.63
HY-LOT-04,W10,0,16,1,10,2.132,1.785,2061.62
HY-LOT-04,W10,0,17,1,10,2.224,1.787,2074.64
HY-LOT-04,W10,0,18,1,10,1.882,1.795,2076.99
HY-LOT-04,W10,0,19,1,10,2.231,1.808,2103.02
HY-LOT-04,W10,1,-19,1,10,2.182,1.791,2070.53
HY-LOT-04,W10,1,-18,1,10,2.152,1.787,2090.2
HY-LOT-04,W10,1,-17,1,10,2.185,1.812,2117.92
HY-LOT-04,W10,1,-16,1,10,2.136,1.827,2098.45
HY-LOT-04,W10,1,-15,1,10,2.164,1.847,2083.98
HY-LOT-04,W10,1,-14,1,10,1.954,1.821,2069.06
HY-LOT-04,W10,1,-13,1,10,2.352,1.796,2102.53
HY-LOT-04,W10,1,-12,1,10,2.186,1.807,2125.45
HY-LOT-04,W10,1,-11,1,10,1.945,1.791,2076.24
HY-LOT-04,W10,1,-10,1,10,2.098,1.789,2101.2
HY-LOT-04,W10,1,-9,1,10,2.392,1.828,2070.06
HY-LOT-04,W10,1,-8,1,10,2.222,1.834,2097.31
HY-LOT-04,W10,1,-7,1,10,2.141,1.799,2101.63
HY-LOT-04,W10,1,-6,1,10,2.066,1.748,2112.01
HY-LOT-04,W10,1,-5,1,10,2.247,1.781,2104.72
HY-LOT-04,W10,1,-4,1,10,2.241,1.799,2085.3
HY-LOT-04,W10,1,-3,1,10,2.222,1.778,2089.75
HY-LOT-04,W10,1,-2,1,10,2.115,1.808,2121.78
HY-LOT-04,W10,1,-1,1,10,2.016,1.837,2124.97
HY-LOT-04,W10,1,0,1,10,2.091,1.8,2120.58
HY-LOT-04,W10,1,1,1,10,2.659,1.803,2077.32
HY-LOT-04,W10,1,2,1,10,2.106,1.78,2113.46
HY-LOT-04,W10,1,3,1,10,2.312,1.823,2076.64
HY-LOT-04,W10,1,4,1,10,2.667,1.757,2051.02
HY-LOT-04,W10,1,5,1,10,2.312,1.807,2092.86
HY-LOT-04,W10,1,6,1,10,1.921,1.844,2118.48
HY-LOT-04,W10,1,7,1,10,2.272,1.815,2124.85
HY-LOT-04,W10,1,8,1,10,1.827,1.777,2070.21
HY-LOT-04,W10,1,9,1,10,1.967,1.821,2079.26
HY-LOT-04,W10,1,10,1,10,1.915,1.779,2116.11
HY-LOT-04,W10,1,11,1,10,2.251,1.771,2110.83
HY-LOT-04,W10,1,12,1,10,2.113,1.823,2098.24
HY-LOT-04,W10,1,13,1,10,2.593,1.806,2091.21
HY-LOT-04,W10,1,14,1,10,1.99,1.768,2129.23
HY-LOT-04,W10,1,15,1,10,2.375,1.794,2110.34
HY-LOT-04,W10,1,16,1,10,2.121,1.816,2107.22
HY-LOT-04,W10,1,17,1,10,2.084,1.805,2118.27
HY-LOT-04,W10,1,18,1,10,2.106,1.789,2111.15
HY-LOT-04,W10,1,19,1,10,2.435,1.816,2097
HY-LOT-04,W10,2,-19,1,10,2.116,1.769,2114.05
HY-LOT-04,W10,2,-18,1,10,2.511,1.804,2099.8
HY-LOT-04,W10,2,-17,1,10,2.14,1.811,2093.07
HY-LOT-04,W10,2,-16,1,10,2.198,1.824,2094.91
HY-LOT-04,W10,2,-15,1,10,2.116,1.804,2107.77
HY-LOT-04,W10,2,-14,1,10,2.387,1.802,2103.88
HY-LOT-04,W10,2,-13,1,10,1.876,1.777,2089.07
HY-LOT-04,W10,2,-12,1,10,2.446,1.837,2107.67
HY-LOT-04,W10,2,-11,1,10,2.317,1.784,2093.17
HY-LOT-04,W10,2,-10,1,10,1.898,1.784,2097.15
HY-LOT-04,W10,2,-9,1,10,2.122,1.824,2110.4
HY-LOT-04,W10,2,-8,1,10,2.234,1.79,2062.57
HY-LOT-04,W10,2,-7,1,10,2.072,1.82,2102.5
HY-LOT-04,W10,2,-6,1,10,2.306,1.787,2068.86
HY-LOT-04,W10,2,-5,1,10,2.157,1.839,2125.64
HY-LOT-04,W10,2,-4,1,10,2.04,1.812,2116.59
HY-LOT-04,W10,2,-3,1,10,2.527,1.808,2115.79
HY-LOT-04,W10,2,-2,1,10,2.4,1.811,2125.97
HY-LOT-04,W10,2,-1,1,10,1.764,1.778,2068.37
HY-LOT-04,W10,2,0,1,10,2.295,1.822,2109.65
HY-LOT-04,W10,2,1,1,10,2.096,1.795,2102.1
HY-LOT-04,W10,2,2,1,10,2.076,1.804,2082.75
HY-LOT-04,W10,2,3,1,10,2.244,1.775,2117.39
HY-LOT-04,W10,2,4,1,10,1.986,1.768,2108.67
HY-LOT-04,W10,2,5,1,10,2.187,1.783,2090.14
HY-LOT-04,W10,2,6,1,10,2.056,1.811,2104.58
HY-LOT-04,W10,2,7,1,10,2.43,1.783,2096.11
HY-LOT-04,W10,2,8,1,10,2.109,1.767,2087.33
HY-LOT-04,W10,2,9,1,10,2.191,1.791,2099.62
HY-LOT-04,W10,2,10,1,10,1.879,1.806,2072.08
HY-LOT-04,W10,2,11,1,10,2.005,1.782,2103.03
HY-LOT-04,W10,2,12,1,10,2.262,1.792,2097.1
HY-LOT-04,W10,2,13,1,10,2.174,1.803,2112.17
HY-LOT-04,W10,2,14,1,10,2.182,1.818,2081.76
HY-LOT-04,W10,2,15,1,10,1.846,1.791,2093.7
HY-LOT-04,W10,2,16,1,10,2.25,1.794,2088.93
HY-LOT-04,W10,2,17,1,10,1.969,1.818,2089.58
HY-LOT-04,W10,2,18,1,10,1.833,1.794,2083.85
HY-LOT-04,W10,2,19,1,10,2.354,1.814,2106.09
HY-LOT-04,W10,3,-19,1,10,2.053,1.807,2069.7
HY-LOT-04,W10,3,-18,1,10,2.056,1.76,2076.18
HY-LOT-04,W10,3,-17,1,10,2.205,1.793,2106.69
HY-LOT-04,W10,3,-16,1,10,2.181,1.828,2068.61
HY-LOT-04,W10,3,-15,1,10,2.477,1.806,2095.36
HY-LOT-04,W10,3,-14,1,10,2.062,1.806,2110.12
HY-LOT-04,W10,3,-13,1,10,2.031,1.801,2077.84
HY-LOT-04,W10,3,-12,1,10,1.958,1.808,2075.96
HY-LOT-04,W10,3,-11,1,10,2.154,1.792,2118.27
HY-LOT-04,W10,3,-10,1,10,2.327,1.812,2121.53
HY-LOT-04,W10,3,-9,1,10,2.163,1.829,2098.01
HY-LOT-04,W10,3,-8,1,10,2.4,1.815,2116.39
HY-LOT-04,W10,3,-7,1,10,2.398,1.812,2089.16
HY-LOT-04,W10,3,-6,1,10,2.189,1.81,2117.49
HY-LOT-04,W10,3,-5,1,10,1.914,1.79,2120.28
HY-LOT-04,W10,3,-4,1,10,2.122,1.803,2106.72
HY-LOT-04,W10,3,-3,1,10,2.216,1.788,2102.25
HY-LOT-04,W10,3,-2,1,10,2.107,1.809,2110.55
HY-LOT-04,W10,3,-1,1,10,2.236,1.788,2091.42
HY-LOT-04,W10,3,0,1,10,1.853,1.795,2089.94
HY-LOT-04,W10,3,1,1,10,2.256,1.804,2094.01
HY-LOT-04,W10,3,2,1,10,2.29,1.803,2115.52
HY-LOT-04,W10,3,3,1,10,2.191,1.812,2097.73
HY-LOT-04,W10,3,4,1,10,2.291,1.798,2097.04
HY-LOT-04,W10,3,5,1,10,2.406,1.817,2074.93
HY-LOT-04,W10,3,6,1,10,2.088,1.791,2085.07
HY-LOT-04,W10,3,7,1,10,2.031,1.796,2125.69
HY-LOT-04,W10,3,8,1,10,1.915,1.815,2089.43
HY-LOT-04,W10,3,9,1,10,2.359,1.801,2103.15
HY-LOT-04,W10,3,10,1,10,2.251,1.818,2131.3
HY-LOT-04,W10,3,11,1,10,2.248,1.799,2077.44
HY-LOT-04,W10,3,12,1,10,2.532,1.816,2111.35
HY-LOT-04,W10,3,13,1,10,2.436,1.826,2084.2
HY-LOT-04,W10,3,14,1,10,2.169,1.815,2116.66
HY-LOT-04,W10,3,15,1,10,2.566,1.797,2105.85
HY-LOT-04,W10,3,16,1,10,2.025,1.79,2098.2
HY-LOT-04,W10,3,17,1,10,2.258,1.794,2144.15
HY-LOT-04,W10,3,18,1,10,2.151,1.788,2111.05
HY-LOT-04,W10,3,19,1,10,2.619,1.781,2093.68
HY-LOT-04,W10,4,-18,1,10,2.051,1.779,2124.55
HY-LOT-04,W10,4,-17,1,10,2.336,1.809,2106.6
HY-LOT-04,W10,4,-16,1,10,2.194,1.786,2086.22
HY-LOT-04,W10,4,-15,1,10,2.334,1.811,2095.65
HY-LOT-04,W10,4,-14,1,10,1.859,1.817,2097.3
HY-LOT-04,W10,4,-13,1,10,2.128,1.777,2121.94
HY-LOT-04,W10,4,-12,1,10,2.291,1.818,2111.29
HY-LOT-04,W10,4,-11,1,10,2.472,1.804,2082.52
HY-LOT-04,W10,4,-10,1,10,2.002,1.819,2103.18
HY-LOT-04,W10,4,-9,1,10,2.144,1.817,2084.08
HY-LOT-04,W10,4,-8,1,10,2.238,1.788,2100.16
HY-LOT-04,W10,4,-7,1,10,1.971,1.819,2092.97
HY-LOT-04,W10,4,-6,1,10,1.997,1.802,2101.96
HY-LOT-04,W10,4,-5,1,10,2.055,1.813,2104.97
HY-LOT-04,W10,4,-4,1,10,2.236,1.743,2082.08
HY-LOT-04,W10,4,-3,1,10,2.303,1.826,2090.8
HY-LOT-04,W10,4,-2,1,10,2.11,1.817,2103.86
HY-LOT-04,W10,4,-1,1,10,2.017,1.808,2100.74
HY-LOT-04,W10,4,0,1,10,2.153,1.808,2082.12
HY-LOT-04,W10,4,1,1,10,2.221,1.813,2128.02
HY-LOT-04,W10,4,2,1,10,2.297,1.801,2130.11
HY-LOT-04,W10,4,3,1,10,2.354,1.829,2091.78
HY-LOT-04,W10,4,4,1,10,2.424,1.797,2133.78
HY-LOT-04,W10,4,5,1,10,2.069,1.821,2137.08
HY-LOT-04,W10,4,6,1,10,2.25,1.812,2120.64
HY-LOT-04,W10,4,7,1,10,2.309,1.788,2078.17
HY-LOT-04,W10,4,8,1,10,2.396,1.781,2115
HY-LOT-04,W10,4,9,1,10,2.191,1.804,2081
HY-LOT-04,W10,4,10,1,10,2.087,1.79,2112.24
HY-LOT-04,W10,4,11,1,10,2.359,1.79,2109.3
HY-LOT-04,W10,4,12,1,10,2.084,1.785,2117.11
HY-LOT-04,W10,4,13,1,10,2.687,1.795,2101.1
HY-LOT-04,W10,4,14,1,10,2.181,1.82,2109.22
HY-LOT-04,W10,4,15,1,10,2.141,1.769,2150.38
HY-LOT-04,W10,4,16,1,10,2.331,1.823,2085.39
HY-LOT-04,W10,4,17,1,10,2.189,1.803,2115.24
HY-LOT-04,W10,4,18,1,10,1.893,1.814,2067.99
HY-LOT-04,W10,5,-18,1,10,2.417,1.814,2120.13
HY-LOT-04,W10,5,-17,1,10,2.288,1.781,2087.61
HY-LOT-04,W10,5,-16,1,10,2.325,1.8,2091.48
HY-LOT-04,W10,5,-15,1,10,2.119,1.783,2087.54
HY-LOT-04,W10,5,-14,1,10,2.386,1.803,2092.48
HY-LOT-04,W10,5,-13,1,10,2.375,1.802,2094.95
HY-LOT-04,W10,5,-12,1,10,2.345,1.802,2126.13
HY-LOT-04,W10,5,-11,1,10,2.046,1.808,2136.5
HY-LOT-04,W10,5,-10,1,10,2.276,1.817,2098.89
HY-LOT-04,W10,5,-9,1,10,2.335,1.788,2121.84
HY-LOT-04,W10,5,-8,1,10,2.181,1.798,2145.36
HY-LOT-04,W10,5,-7,1,10,2.183,1.789,2112.86
HY-LOT-04,W10,5,-6,1,10,2.007,1.799,2109.42
HY-LOT-04,W10,5,-5,1,10,1.85,1.791,2124.32
HY-LOT-04,W10,5,-4,1,10,2.119,1.803,2060.75
HY-LOT-04,W10,5,-3,1,10,2.298,1.795,2073.41
HY-LOT-04,W10,5,-2,1,10,2.189,1.799,2073.36
HY-LOT-04,W10,5,-1,1,10,2.757,1.782,2101.78
HY-LOT-04,W10,5,0,1,10,2.187,1.797,2081.02
HY-LOT-04,W10,5,1,1,10,1.79,1.806,2101.82
HY-LOT-04,W10,5,2,1,10,2.214,1.789,2111.07
HY-LOT-04,W10,5,3,1,10,1.869,1.833,2098.83
HY-LOT-04,W10,5,4,1,10,2.427,1.822,2075.55
HY-LOT-04,W10,5,5,1,10,2.044,1.819,2074.8
HY-LOT-04,W10,5,6,1,10,2.493,1.795,2095.5
HY-LOT-04,W10,5,7,1,10,2.378,1.798,2108.27
HY-LOT-04,W10,5,8,1,10,1.669,1.775,2090.31
HY-LOT-04,W10,5,9,1,10,1.835,1.806,2103.78
HY-LOT-04,W10,5,10,1,10,2.204,1.811,2119.78
HY-LOT-04,W10,5,11,1,10,2.124,1.807,2132.86
HY-LOT-04,W10,5,12,1,10,2.282,1.773,2106.01
HY-LOT-04,W10,5,13,1,10,2.334,1.824,2156.86
HY-LOT-04,W10,5,14,1,10,2.3,1.812,2089.57
HY-LOT-04,W10,5,15,1,10,2.208,1.761,2106.32
HY-LOT-04,W10,5,16,1,10,2.183,1.807,2085.83
HY-LOT-04,W10,5,17,1,10,2.113,1.802,2092.45
HY-LOT-04,W10,5,18,1,10,1.977,1.786,2119.48
HY-LOT-04,W10,6,-18,1,10,2.35,1.801,2132.03
HY-LOT-04,W10,6,-17,1,10,2.002,1.825,2100.55
HY-LOT-04,W10,6,-16,1,10,2.263,1.789,2108.87
HY-LOT-04,W10,6,-15,1,10,2.317,1.777,2104.2
HY-LOT-04,W10,6,-14,1,10,2.426,1.784,2098.61
HY-LOT-04,W10,6,-13,1,10,2.219,1.789,2118.47
HY-LOT-04,W10,6,-12,1,10,2.561,1.815,2108.39
HY-LOT-04,W10,6,-11,1,10,2.21,1.789,2117.05
HY-LOT-04,W10,6,-10,1,10,2.669,1.776,2104.37
HY-LOT-04,W10,6,-9,1,10,2.183,1.789,2082.98
HY-LOT-04,W10,6,-8,1,10,2.205,1.787,2097.67
HY-LOT-04,W10,6,-7,1,10,1.98,1.815,2066.77
HY-LOT-04,W10,6,-6,1,10,1.984,1.771,2119.6
HY-LOT-04,W10,6,-5,1,10,2.174,1.802,2098
HY-LOT-04,W10,6,-4,1,10,2.28,1.807,2119.27
HY-LOT-04,W10,6,-3,1,10,1.892,1.831,2098.62
HY-LOT-04,W10,6,-2,1,10,2.103,1.809,2103.66
HY-LOT-04,W10,6,-1,1,10,2.045,1.8,2093.02
HY-LOT-04,W10,6,0,1,10,2.09,1.787,2077.53
HY-LOT-04,W10,6,1,1,10,2.3,1.789,2083.08
HY-LOT-04,W10,6,2,1,10,1.865,1.818,2062.53
HY-LOT-04,W10,6,3,1,10,2.127,1.78,2088.14
HY-LOT-04,W10,6,4,1,10,2.006,1.805,2120.7
HY-LOT-04,W10,6,5,1,10,2.168,1.845,2082.09
HY-LOT-04,W10,6,6,1,10,2.727,1.805,2101.96
HY-LOT-04,W10,6,7,1,10,2.348,1.816,2136.64
HY-LOT-04,W10,6,8,1,10,2.367,1.79,2102.44
HY-LOT-04,W10,6,9,1,10,2.204,1.775,2095.72
HY-LOT-04,W10,6,10,1,10,2.402,1.8,2062.73
HY-LOT-04,W10,6,11,1,10,1.721,1.8,2099.13
HY-LOT-04,W10,6,12,1,10,2.314,1.809,2085.4
HY-LOT-04,W10,6,13,1,10,2.57,1.793,2073.64
HY-LOT-04,W10,6,14,1,10,2.143,1.81,2094.95
HY-LOT-04,W10,6,15,1,10,2.267,1.779,2116.22
HY-LOT-04,W10,6,16,1,10,2.038,1.802,2063.07
HY-LOT-04,W10,6,17,1,10,2.644,1.76,2091.87
HY-LOT-04,W10,6,18,1,10,2.337,1.796,2120.83
HY-LOT-04,W10,7,-17,1,10,1.739,1.786,2109.7
HY-LOT-04,W10,7,-16,1,10,2.244,1.799,2097.9
HY-LOT-04,W10,7,-15,1,10,2.143,1.754,2085.54
HY-LOT-04,W10,7,-14,1,10,1.98,1.79,2121.91
HY-LOT-04,W10,7,-13,1,10,2.38,1.787,2089.6
HY-LOT-04,W10,7,-12,1,10,2.25,1.804,2109.85
HY-LOT-04,W10,7,-11,1,10,2.384,1.805,2077.83
HY-LOT-04,W10,7,-10,1,10,2.12,1.804,2088.27
HY-LOT-04,W10,7,-9,1,10,1.996,1.812,2095.87
HY-LOT-04,W10,7,-8,1,10,2.375,1.799,2104.98
HY-LOT-04,W10,7,-7,1,10,2.029,1.786,2110.84
HY-LOT-04,W10,7,-6,1,10,2.011,1.793,2116.23
HY-LOT-04,W10,7,-5,1,10,2.201,1.848,2124.76
HY-LOT-04,W10,7,-4,1,10,2.215,1.79,2109.93
HY-LOT-04,W10,7,-3,1,10,1.933,1.802,2122.21
HY-LOT-04,W10,7,-2,1,10,1.939,1.834,2125.91
HY-LOT-04,W10,7,-1,1,10,2.128,1.783,2085.94
HY-LOT-04,W10,7,0,1,10,2.227,1.809,2093.1
HY-LOT-04,W10,7,1,1,10,2.175,1.825,2108.15
HY-LOT-04,W10,7,2,1,10,2.252,1.795,2105.06
HY-LOT-04,W10,7,3,1,10,2.153,1.787,2096.24
HY-LOT-04,W10,7,4,1,10,2.456,1.768,2083.25
HY-LOT-04,W10,7,5,1,10,1.988,1.793,2112.57
HY-LOT-04,W10,7,6,1,10,2.472,1.767,2083.15
HY-LOT-04,W10,7,7,1,10,1.943,1.794,2093.16
HY-LOT-04,W10,7,8,1,10,1.912,1.81,2088.2
HY-LOT-04,W10,7,9,1,10,2.26,1.781,2127.8
HY-LOT-04,W10,7,10,1,10,2.374,1.81,2096.5
HY-LOT-04,W10,7,11,1,10,2.35,1.778,2110.17
HY-LOT-04,W10,7,12,1,10,2.461,1.796,2086.6
HY-LOT-04,W10,7,13,1,10,2.12,1.794,2091.5
HY-LOT-04,W10,7,14,1,10,2.228,1.837,2088.34
HY-LOT-04,W10,7,15,1,10,2.28,1.821,2115.69
HY-LOT-04,W10,7,16,1,10,1.744,1.805,2081.11
HY-LOT-04,W10,7,17,1,10,2.131,1.804,2093.23
HY-LOT-04,W10,8,-17,1,10,2.057,1.782,2122.98
HY-LOT-04,W10,8,-16,1,10,2.009,1.782,2095.78
HY-LOT-04,W10,8,-15,1,10,2.254,1.773,2084.78
HY-LOT-04,W10,8,-14,1,10,2.191,1.8,2091.29
HY-LOT-04,W10,8,-13,1,10,2.066,1.785,2068.66
HY-LOT-04,W10,8,-12,1,10,1.708,1.784,2101.58
HY-LOT-04,W10,8,-11,1,10,2.376,1.787,2085.71
HY-LOT-04,W10,8,-10,1,10,2.022,1.77,2107.12
HY-LOT-04,W10,8,-9,1,10,2.539,1.805,2154.7
HY-LOT-04,W10,8,-8,1,10,2.151,1.794,2100.11
HY-LOT-04,W10,8,-7,1,10,2.215,1.796,2113.37
HY-LOT-04,W10,8,-6,1,10,2.352,1.804,2088.86
HY-LOT-04,W10,8,-5,1,10,2.558,1.841,2091.6
HY-LOT-04,W10,8,-4,1,10,2.159,1.769,2106
HY-LOT-04,W10,8,-3,1,10,1.981,1.804,2103.74
HY-LOT-04,W10,8,-2,1,10,2.181,1.815,2086.03
HY-LOT-04,W10,8,-1,1,10,2.487,1.817,2077.54
HY-LOT-04,W10,8,0,1,10,2.229,1.808,2094.53
HY-LOT-04,W10,8,1,1,10,1.967,1.786,2120.11
HY-LOT-04,W10,8,2,1,10,2.541,1.804,2098.48
HY-LOT-04,W10,8,3,1,10,2.177,1.797,2091.73
HY-LOT-04,W10,8,4,1,10,2.153,1.786,2101.76
HY-LOT-04,W10,8,5,1,10,1.98,1.808,2074.3
HY-LOT-04,W10,8,6,1,10,2.06,1.805,2120.33
HY-LOT-04,W10,8,7,1,10,2.49,1.825,2113.59
HY-LOT-04,W10,8,8,1,10,2.236,1.832,2108.64
HY-LOT-04,W10,8,9,1,10,1.84,1.812,2061.18
HY-LOT-04,W10,8,10,1,10,2.251,1.798,2086.57
HY-LOT-04,W10,8,11,1,10,2.2,1.804,2089
HY-LOT-04,W10,8,12,1,10,2.118,1.784,2078.98
HY-LOT-04,W10,8,13,1,10,2.117,1.813,2111.51
HY-LOT-04,W10,8,14,1,10,2.073,1.811,2090.29
HY-LOT-04,W10,8,15,1,10,2.066,1.797,2096.38
HY-LOT-04,W10,8,16,1,10,2.327,1.792,2136.4
HY-LOT-04,W10,8,17,1,10,2.33,1.813,2103.35
HY-LOT-04,W10,9,-17,1,10,2.058,1.796,2100.65
HY-LOT-04,W10,9,-16,1,10,1.832,1.805,2121.57
HY-LOT-04,W10,9,-15,1,10,2.096,1.81,2090.97
HY-LOT-04,W10,9,-14,1,10,2.243,1.778,2126.85
HY-LOT-04,W10,9,-13,1,10,2.191,1.809,2111.92
HY-LOT-04,W10,9,-12,1,10,2.197,1.787,2107.58
HY-LOT-04,W10,9,-11,1,10,2.018,1.765,2099.93
HY-LOT-04,W10,9,-10,1,10,2.24,1.822,2080.22
HY-LOT-04,W10,9,-9,1,10,2.092,1.817,2066.6
HY-LOT-04,W10,9,-8,1,10,2.368,1.808,2110.55
HY-LOT-04,W10,9,-7,1,10,2.392,1.823,2113.5
HY-LOT-04,W10,9,-6,1,10,2.44,1.786,2103.99
HY-LOT-04,W10,9,-5,1,10,2.1,1.799,2112.58
HY-LOT-04,W10,9,-4,1,10,2.018,1.828,2084.35
HY-LOT-04,W10,9,-3,1,10,2.26,1.818,2119.38
HY-LOT-04,W10,9,-2,1,10,2.174,1.82,2082.8
HY-LOT-04,W10,9,-1,1,10,2.326,1.796,2094.39
HY-LOT-04,W10,9,0,1,10,2.188,1.8,2074.94
HY-LOT-04,W10,9,1,1,10,1.833,1.843,2117.5
HY-LOT-04,W10,9,2,1,10,2.104,1.791,2105.59
HY-LOT-04,W10,9,3,1,10,2.091,1.778,2088.54
HY-LOT-04,W10,9,4,1,10,2.103,1.803,2075.66
HY-LOT-04,W10,9,5,1,10,1.887,1.791,2084.94
HY-LOT-04,W10,9,6,1,10,2.365,1.791,2119.72
HY-LOT-04,W10,9,7,1,10,2.083,1.792,2088.4
HY-LOT-04,W10,9,8,1,10,2.027,1.783,2108.87
HY-LOT-04,W10,9,9,1,10,2.298,1.759,2101.67
HY-LOT-04,W10,9,10,1,10,2.1,1.815,2097.3
HY-LOT-04,W10,9,11,1,10,1.806,1.81,2087.83
HY-LOT-04,W10,9,12,1,10,1.885,1.811,2085.49
HY-LOT-04,W10,9,13,1,10,1.914,1.804,2087.12
HY-LOT-04,W10,9,14,1,10,1.504,1.785,2073.73
HY-LOT-04,W10,9,15,1,10,2.108,1.776,2120.7
HY-LOT-04,W10,9,16,1,10,2.154,1.785,2101.81
HY-LOT-04,W10,9,17,1,10,2.025,1.797,2075.79
HY-LOT-04,W10,10,-16,1,10,2.155,1.783,2075.69
HY-LOT-04,W10,10,-15,1,10,2.425,1.794,2103.28
HY-LOT-04,W10,10,-14,1,10,2.081,1.808,2078.8
HY-LOT-04,W10,10,-13,1,10,1.934,1.829,2087.73
HY-LOT-04,W10,10,-12,1,10,2.399,1.804,2086.62
HY-LOT-04,W10,10,-11,1,10,2.083,1.812,2063.73
HY-LOT-04,W10,10,-10,1,10,2.239,1.785,2081.76
HY-LOT-04,W10,10,-9,1,10,2.066,1.777,2107
HY-LOT-04,W10,10,-8,1,10,2.012,1.824,2087.53
HY-LOT-04,W10,10,-7,1,10,1.945,1.808,2133.94
HY-LOT-04,W10,10,-6,1,10,1.963,1.803,2078.14
HY-LOT-04,W10,10,-5,2,21,1.918,1.772,2105.23
HY-LOT-04,W10,10,-4,1,10,2.066,1.797,2122.74
HY-LOT-04,W10,10,-3,1,10,2.466,1.802,2125.48
HY-LOT-04,W10,10,-2,1,10,2.373,1.845,2101.01
HY-LOT-04,W10,10,-1,1,10,1.751,1.812,2068.59
HY-LOT-04,W10,10,0,1,10,2.274,1.786,2108.96
HY-LOT-04,W10,10,1,1,10,1.989,1.816,2107.89
HY-LOT-04,W10,10,2,1,10,1.78,1.796,2112.28
HY-LOT-04,W10,10,3,1,10,2.221,1.774,2090.27
HY-LOT-04,W10,10,4,1,10,2.27,1.803,2105.9
HY-LOT-04,W10,10,5,1,10,2.427,1.805,2147.38
HY-LOT-04,W10,10,6,1,10,2.566,1.789,2089.79
HY-LOT-04,W10,10,7,1,10,2.165,1.788,2043.16
HY-LOT-04,W10,10,8,1,10,2.221,1.76,2119.77
HY-LOT-04,W10,10,9,1,10,2.03,1.786,2071.89
HY-LOT-04,W10,10,10,1,10,1.88,1.752,2078.56
HY-LOT-04,W10,10,11,1,10,2.103,1.795,2106.77
HY-LOT-04,W10,10,12,1,10,1.818,1.83,2102.24
HY-LOT-04,W10,10,13,1,10,1.776,1.796,2101.43
HY-LOT-04,W10,10,14,1,10,1.843,1.801,2075.24
HY-LOT-04,W10,10,15,1,10,2.175,1.791,2099.26
HY-LOT-04,W10,10,16,1,10,1.975,1.774,2093.71
HY-LOT-04,W10,11,-15,1,10,2.036,1.843,2126.3
HY-LOT-04,W10,11,-14,1,10,2.163,1.762,2082.51
HY-LOT-04,W10,11,-13,1,10,1.935,1.797,2093.57
HY-LOT-04,W10,11,-12,1,10,2.04,1.804,2075.14
HY-LOT-04,W10,11,-11,1,10,2.319,1.8,2098.68
HY-LOT-04,W10,11,-10,1,10,1.943,1.798,2090.85
HY-LOT-04,W10,11,-9,1,10,2.363,1.787,2133.2
HY-LOT-04,W10,11,-8,1,10,2.629,1.765,2061.18
HY-LOT-04,W10,11,-7,1,10,2.517,1.768,2095.29
HY-LOT-04,W10,11,-6,1,10,2.538,1.799,2088.78
HY-LOT-04,W10,11,-5,1,10,1.936,1.794,2123.12
HY-LOT-04,W10,11,-4,1,10,2.357,1.771,2076.68
HY-LOT-04,W10,11,-3,1,10,2.166,1.777,2071.99
HY-LOT-04,W10,11,-2,1,10,2.36,1.784,2128.69
HY-LOT-04,W10,11,-1,1,10,1.955,1.778,2060.9
HY-LOT-04,W10,11,0,1,10,2.346,1.802,2086.09
HY-LOT-04,W10,11,1,1,10,2.094,1.796,2077.19
HY-LOT-04,W10,11,2,1,10,2.096,1.774,2080.26
HY-LOT-04,W10,11,3,1,10,2.055,1.825,2141.83
HY-LOT-04,W10,11,4,1,10,2.248,1.829,2066.68
HY-LOT-04,W10,11,5,1,10,2.319,1.801,2097.95
HY-LOT-04,W10,11,6,1,10,2.117,1.803,2089
HY-LOT-04,W10,11,7,1,10,2.242,1.776,2100.05
HY-LOT-04,W10,11,8,1,10,2.343,1.8,2074.99
HY-LOT-04,W10,11,9,1,10,2.275,1.782,2110.08
HY-LOT-04,W10,11,10,1,10,1.966,1.807,2093.93
HY-LOT-04,W10,11,11,1,10,2.593,1.784,2107.24
HY-LOT-04,W10,11,12,1,10,1.726,1.795,2070.41
HY-LOT-04,W10,11,13,1,10,2.181,1.838,2123.11
HY-LOT-04,W10,11,14,1,10,2.312,1.79,2111.53
HY-LOT-04,W10,11,15,1,10,2.35,1.846,2117.3
HY-LOT-04,W10,12,-15,1,10,2.288,1.801,2078.14
HY-LOT-04,W10,12,-14,1,10,2.202,1.796,2088.31
HY-LOT-04,W10,12,-13,1,10,2.13,1.787,2124.9
HY-LOT-04,W10,12,-12,1,10,2.164,1.802,2107.73
HY-LOT-04,W10,12,-11,1,10,2.068,1.81,2117.51
HY-LOT-04,W10,12,-10,1,10,2.271,1.802,2113.24
HY-LOT-04,W10,12,-9,1,10,2.098,1.823,2084.94
HY-LOT-04,W10,12,-8,1,10,2.137,1.78,2146.85
HY-LOT-04,W10,12,-7,1,10,2.235,1.796,2082.84
HY-LOT-04,W10,12,-6,1,10,1.97,1.811,2077.84
HY-LOT-04,W10,12,-5,1,10,1.998,1.822,2113.77
HY-LOT-04,W10,12,-4,1,10,2.139,1.791,2080.66
HY-LOT-04,W10,12,-3,1,10,2.21,1.818,2127.75
HY-LOT-04,W10,12,-2,1,10,1.929,1.795,2103.47
HY-LOT-04,W10,12,-1,1,10,2.289,1.81,2085.85
HY-LOT-04,W10,12,0,1,10,2.13,1.78,2069.95
HY-LOT-04,W10,12,1,1,10,2.165,1.796,2089.32
HY-LOT-04,W10,12,2,1,10,2.348,1.797,2091.05
HY-LOT-04,W10,12,3,1,10,1.79,1.811,2081.93
HY-LOT-04,W10,12,4,1,10,2.034,1.841,2116.65
HY-LOT-04,W10,12,5,1,10,2.178,1.817,2090.17
HY-LOT-04,W10,12,6,1,10,2.122,1.798,2079.74
HY-LOT-04,W10,12,7,1,10,2.017,1.793,2096.73
HY-LOT-04,W10,12,8,1,10,2.05,1.784,2110.46
HY-LOT-04,W10,12,9,1,10,2.101,1.817,2102.44
HY-LOT-04,W10,12,10,1,10,2.127,1.787,2092.06
HY-LOT-04,W10,12,11,1,10,2.118,1.812,2085.89
HY-LOT-04,W10,12,12,1,10,2.206,1.781,2093.58
HY-LOT-04,W10,12,13,1,10,2.126,1.805,2109.47
HY-LOT-04,W10,12,14,1,10,1.893,1.779,2158.44
HY-LOT-04,W10,12,15,1,10,2.438,1.819,2140.79
HY-LOT-04,W10,13,-14,1,10,2.336,1.81,2136.65
HY-LOT-04,W10,13,-13,1,10,2.141,1.798,2147.71
HY-LOT-04,W10,13,-12,1,10,2.264,1.812,2118.27
HY-LOT-04,W10,13,-11,1,10,2.003,1.833,2083.83
HY-LOT-04,W10,13,-10,1,10,2.368,1.805,2077.99
HY-LOT-04,W10,13,-9,1,10,2.271,1.794,2101.08
HY-LOT-04,W10,13,-8,1,10,1.84,1.819,2085.28
HY-LOT-04,W10,13,-7,1,10,2.291,1.785,2081.59
HY-LOT-04,W10,13,-6,1,10,2.792,1.801,2091.95
HY-LOT-04,W10,13,-5,1,10,2.446,1.787,2123.93
HY-LOT-04,W10,13,-4,2,21,2.153,1.815,2070.93
HY-LOT-04,W10,13,-3,1,10,2.243,1.793,2095.73
HY-LOT-04,W10,13,-2,1,10,2.099,1.789,2078.95
HY-LOT-04,W10,13,-1,1,10,1.862,1.773,2103.52
HY-LOT-04,W10,13,0,1,10,2.126,1.783,2068.78
HY-LOT-04,W10,13,1,1,10,2.247,1.818,2110.32
HY-LOT-04,W10,13,2,1,10,2.242,1.815,2093.12
HY-LOT-04,W10,13,3,1,10,2.589,1.803,2093.65
HY-LOT-04,W10,13,4,1,10,2.483,1.786,2084.79
HY-LOT-04,W10,13,5,1,10,2.421,1.804,2079.33
HY-LOT-04,W10,13,6,1,10,1.866,1.834,2106.15
HY-LOT-04,W10,13,7,1,10,2.245,1.802,2122.17
HY-LOT-04,W10,13,8,1,10,2.115,1.839,2074.6
HY-LOT-04,W10,13,9,1,10,2.223,1.81,2075.44
HY-LOT-04,W10,13,10,1,10,2.054,1.812,2089.28
HY-LOT-04,W10,13,11,1,10,2.041,1.794,2086.37
HY-LOT-04,W10,13,12,1,10,2.064,1.808,2107.08
HY-LOT-04,W10,13,13,1,10,2.174,1.798,2075.1
HY-LOT-04,W10,13,14,1,10,2.526,1.811,2075.02
HY-LOT-04,W10,14,-13,1,10,2.153,1.779,2099.06
HY-LOT-04,W10,14,-12,1,10,2.329,1.78,2086.91
HY-LOT-04,W10,14,-11,1,10,2.108,1.808,2081.74
HY-LOT-04,W10,14,-10,1,10,2.564,1.814,2110.67
HY-LOT-04,W10,14,-9,1,10,2.165,1.775,2077.07
HY-LOT-04,W10,14,-8,1,10,2.572,1.783,2117.61
HY-LOT-04,W10,14,-7,1,10,2.097,1.802,2107.88
HY-LOT-04,W10,14,-6,1,10,2.011,1.773,2100.04
HY-LOT-04,W10,14,-5,1,10,2.243,1.808,2093.43
HY-LOT-04,W10,14,-4,1,10,2.243,1.79,2109.96
HY-LOT-04,W10,14,-3,1,10,1.998,1.802,2091.92
HY-LOT-04,W10,14,-2,1,10,2.072,1.758,2097.82
HY-LOT-04,W10,14,-1,1,10,2.448,1.814,2111.96
HY-LOT-04,W10,14,0,1,10,2.06,1.796,2127.18
HY-LOT-04,W10,14,1,1,10,2.222,1.799,2067.46
HY-LOT-04,W10,14,2,1,10,2.214,1.804,2123.42
HY-LOT-04,W10,14,3,1,10,2.298,1.776,2088.68
HY-LOT-04,W10,14,4,1,10,2.415,1.81,2072.52
HY-LOT-04,W10,14,5,1,10,2.219,1.808,2092.25
HY-LOT-04,W10,14,6,1,10,2.411,1.809,2102.86
HY-LOT-04,W10,14,7,1,10,2.347,1.807,2125.3
HY-LOT-04,W10,14,8,1,10,2.023,1.817,2094.57
HY-LOT-04,W10,14,9,1,10,2.19,1.789,2064.82
HY-LOT-04,W10,14,10,1,10,2.352,1.804,2097.2
HY-LOT-04,W10,14,11,1,10,2.366,1.807,2096.63
HY-LOT-04,W10,14,12,1,10,2.139,1.814,2069.98
HY-LOT-04,W10,14,13,1,10,2.212,1.754,2097.42
HY-LOT-04,W10,15,-12,1,10,1.884,1.814,2097.73
HY-LOT-04,W10,15,-11,1,10,2.174,1.78,2105.1
HY-LOT-04,W10,15,-10,1,10,2.091,1.785,2102.56
HY-LOT-04,W10,15,-9,1,10,2.468,1.791,2065.16
HY-LOT-04,W10,15,-8,1,10,2.488,1.805,2078.22
HY-LOT-04,W10,15,-7,2,21,2.445,1.795,2064.77
HY-LOT-04,W10,15,-6,1,10,2.373,1.821,2114.63
HY-LOT-04,W10,15,-5,1,10,1.915,1.793,2089.93
HY-LOT-04,W10,15,-4,1,10,1.948,1.801,2084.55
HY-LOT-04,W10,15,-3,1,10,2.082,1.802,2092.36
HY-LOT-04,W10,15,-2,1,10,2.092,1.814,2113.33
HY-LOT-04,W10,15,-1,1,10,2.146,1.791,2087.22
HY-LOT-04,W10,15,0,1,10,1.912,1.785,2088.68
HY-LOT-04,W10,15,1,1,10,2.266,1.789,2098.52
HY-LOT-04,W10,15,2,1,10,1.994,1.801,2107.22
HY-LOT-04,W10,15,3,1,10,2.484,1.801,2125.3
HY-LOT-04,W10,15,4,1,10,2.435,1.786,2106.1
HY-LOT-04,W10,15,5,1,10,2.436,1.819,2103.69
HY-LOT-04,W10,15,6,1,10,2.402,1.794,2100.74
HY-LOT-04,W10,15,7,1,10,2.403,1.794,2081.57
HY-LOT-04,W10,15,8,1,10,2.165,1.78,2096.17
HY-LOT-04,W10,15,9,1,10,2.448,1.833,2082.27
HY-LOT-04,W10,15,10,1,10,2.17,1.81,2115.26
HY-LOT-04,W10,15,11,1,10,2.099,1.781,2099.1
HY-LOT-04,W10,15,12,1,10,2.254,1.823,2097.66
HY-LOT-04,W10,16,-10,1,10,2.279,1.808,2121.77
HY-LOT-04,W10,16,-9,1,10,2.178,1.781,2119.91
HY-LOT-04,W10,16,-8,1,10,2.136,1.792,2084.85
HY-LOT-04,W10,16,-7,1,10,2.296,1.786,2117.04
HY-LOT-04,W10,16,-6,1,10,2.079,1.806,2113.63
HY-LOT-04,W10,16,-5,1,10,2.103,1.8,2099.88
HY-LOT-04,W10,16,-4,1,10,1.962,1.806,2081.42
HY-LOT-04,W10,16,-3,1,10,2.158,1.794,2105.91
HY-LOT-04,W10,16,-2,1,10,2.044,1.802,2100.66
HY-LOT-04,W10,16,-1,1,10,2.143,1.803,2062.45
HY-LOT-04,W10,16,0,1,10,2.262,1.826,2123.52
HY-LOT-04,W10,16,1,1,10,1.963,1.797,2118.99
HY-LOT-04,W10,16,2,1,10,2.085,1.82,2089.89
HY-LOT-04,W10,16,3,1,10,1.896,1.804,2103.56
HY-LOT-04,W10,16,4,1,10,1.99,1.821,2091.68
HY-LOT-04,W10,16,5,1,10,2.499,1.813,2120.43
HY-LOT-04,W10,16,6,1,10,2.152,1.826,2102.37
HY-LOT-04,W10,16,7,1,10,2.293,1.788,2116.61
HY-LOT-04,W10,16,8,1,10,2.43,1.822,2109.01
HY-LOT-04,W10,16,9,1,10,2.218,1.833,2104.97
HY-LOT-04,W10,16,10,1,10,2.094,1.818,2085.91
HY-LOT-04,W10,17,-9,1,10,2.154,1.785,2087.98
HY-LOT-04,W10,17,-8,1,10,2.109,1.768,2093.16
HY-LOT-04,W10,17,-7,1,10,2.033,1.786,2082.36
HY-LOT-04,W10,17,-6,1,10,2.215,1.829,2113.83
HY-LOT-04,W10,17,-5,1,10,1.842,1.797,2095.35
HY-LOT-04,W10,17,-4,1,10,2.119,1.797,2124.98
HY-LOT-04,W10,17,-3,1,10,2.513,1.802,2073.26
HY-LOT-04,W10,17,-2,1,10,1.896,1.799,2097.36
HY-LOT-04,W10,17,-1,1,10,2.261,1.786,2103.78
HY-LOT-04,W10,17,0,1,10,2.409,1.781,2084.09
HY-LOT-04,W10,17,1,1,10,2.191,1.782,2091.26
HY-LOT-04,W10,17,2,1,10,2.159,1.791,2096.52
HY-LOT-04,W10,17,3,1,10,2.31,1.823,2043.99
HY-LOT-04,W10,17,4,1,10,2.09,1.792,2052.88
HY-LOT-04,W10,17,5,1,10,2.242,1.782,2110.25
HY-LOT-04,W10,17,6,1,10,2.024,1.826,2094.42
HY-LOT-04,W10,17,7,1,10,2.52,1.783,2126.28
HY-LOT-04,W10,17,8,1,10,2.275,1.785,2114.76
HY-LOT-04,W10,17,9,1,10,1.919,1.816,2060.46
HY-LOT-04,W10,18,-6,1,10,1.784,1.811,2100.72
HY-LOT-04,W10,18,-5,1,10,1.943,1.81,2099.85
HY-LOT-04,W10,18,-4,2,21,2.44,1.834,2076.38
HY-LOT-04,W10,18,-3,1,10,1.453,1.801,2096.02
HY-LOT-04,W10,18,-2,1,10,2.144,1.806,2122.45
HY-LOT-04,W10,18,-1,1,10,1.777,1.791,2111.27
HY-LOT-04,W10,18,0,1,10,2.167,1.833,2120.67
HY-LOT-04,W10,18,1,1,10,2.555,1.776,2126.9
HY-LOT-04,W10,18,2,1,10,1.972,1.785,2073.28
HY-LOT-04,W10,18,3,1,10,2.085,1.775,2074.01
HY-LOT-04,W10,18,4,1,10,1.995,1.797,2097.32
HY-LOT-04,W10,18,5,1,10,2.161,1.778,2119.24
HY-LOT-04,W10,18,6,1,10,2.035,1.791,2124.53
HY-LOT-04,W10,19,-3,1,10,2.682,1.802,2106.35
HY-LOT-04,W10,19,-2,1,10,2.342,1.834,2125.88
HY-LOT-04,W10,19,-1,1,10,2.15,1.797,2076.58
HY-LOT-04,W10,19,0,1,10,2.101,1.8,2103.67
HY-LOT-04,W10,19,1,1,10,2.045,1.786,2119.91
HY-LOT-04,W10,19,2,1,10,2.221,1.807,2111.09
HY-LOT-04,W10,19,3,1,10,1.959,1.813,2100.26
