lot,wafer,x,y,hbin,sbin,leakage,voltage,frequency
PARAM-LOT-02,W01,-19,-3,1,10,3.75,1.74,2056.65
PARAM-LOT-02,W01,-19,-2,2,21,5.13,1.74,2121
PARAM-LOT-02,W01,-19,-1,1,10,4.95,1.67,2154.07
PARAM-LOT-02,W01,-19,0,2,21,5.23,1.71,2133.63
PARAM-LOT-02,W01,-19,1,1,10,3.63,1.71,2063.77
PARAM-LOT-02,W01,-19,2,1,10,3.81,1.74,2092.11
PARAM-LOT-02,W01,-19,3,1,10,4.68,1.66,2132.93
PARAM-LOT-02,W01,-18,-6,1,10,4.92,1.68,2113.94
PARAM-LOT-02,W01,-18,-5,2,21,5.02,1.73,2051.79
PARAM-LOT-02,W01,-18,-4,1,10,4.99,1.7,2092.64
PARAM-LOT-02,W01,-18,-3,1,10,3.79,1.69,2080.86
PARAM-LOT-02,W01,-18,-2,1,10,4.27,1.7,2093.5
PARAM-LOT-02,W01,-18,-1,1,10,4.89,1.7,2118.31
PARAM-LOT-02,W01,-18,0,1,10,3.78,1.71,2091.8
PARAM-LOT-02,W01,-18,1,1,10,4.57,1.71,2121.59
PARAM-LOT-02,W01,-18,2,1,10,3.24,1.7,2116.18
PARAM-LOT-02,W01,-18,3,2,21,5.2,1.73,2072.92
PARAM-LOT-02,W01,-18,4,1,10,3.61,1.75,2142.95
PARAM-LOT-02,W01,-18,5,2,21,5.99,1.73,2099.24
PARAM-LOT-02,W01,-18,6,1,10,4.98,1.67,2076.26
PARAM-LOT-02,W01,-17,-9,1,10,3.42,1.71,2089.96
PARAM-LOT-02,W01,-17,-8,2,21,5.1,1.71,2068.31
PARAM-LOT-02,W01,-17,-7,1,10,4.04,1.7,2062.21
PARAM-LOT-02,W01,-17,-6,1,10,4.04,1.72,2106.33
PARAM-LOT-02,W01,-17,-5,1,10,3.29,1.65,2123.92
PARAM-LOT-02,W01,-17,-4,1,10,4.24,1.7,2103.87
PARAM-LOT-02,W01,-17,-3,1,10,3.81,1.71,2060.43
PARAM-LOT-02,W01,-17,-2,1,10,4.31,1.69,2104.49
PARAM-LOT-02,W01,-17,-1,2,21,6.06,1.69,2114.31
PARAM-LOT-02,W01,-17,0,1,10,3.62,1.73,2142.25
PARAM-LOT-02,W01,-17,1,2,21,5.13,1.73,2079.72
PARAM-LOT-02,W01,-17,2,1,10,4.82,1.71,2085.49
PARAM-LOT-02,W01,-17,3,1,10,4.83,1.67,2143.53
PARAM-LOT-02,W01,-17,4,1,10,3.51,1.72,2101.98
PARAM-LOT-02,W01,-17,5,1,10,4.25,1.72,2056.14
PARAM-LOT-02,W01,-17,6,1,10,4.89,1.69,2182.85
PARAM-LOT-02,W01,-17,7,2,21,5.33,1.69,2138.76
PARAM-LOT-02,W01,-17,8,2,21,5.26,1.77,2115.85
PARAM-LOT-02,W01,-17,9,2,21,5.65,1.75,2102.4
PARAM-LOT-02,W01,-16,-10,1,10,4.6,1.7,2127.97
PARAM-LOT-02,W01,-16,-9,1,10,3.95,1.7,2119.33
PARAM-LOT-02,W01,-16,-8,1,10,3.32,1.7,2121.41
PARAM-LOT-02,W01,-16,-7,1,10,4.88,1.73,2087.93
PARAM-LOT-02,W01,-16,-6,1,10,3.05,1.74,2055.11
PARAM-LOT-02,W01,-16,-5,1,10,4.52,1.73,2115.98
PARAM-LOT-02,W01,-16,-4,1,10,4.31,1.74,2072.88
PARAM-LOT-02,W01,-16,-3,1,10,4.01,1.72,2107.87
PARAM-LOT-02,W01,-16,-2,1,10,3.62,1.75,2105.5
PARAM-LOT-02,W01,-16,-1,1,10,4.22,1.7,2053.4
PARAM-LOT-02,W01,-16,0,1,10,4.07,1.72,2117.87
PARAM-LOT-02,W01,-16,1,1,10,3.81,1.68,2097.29
PARAM-LOT-02,W01,-16,2,1,10,3.85,1.7,2092.56
PARAM-LOT-02,W01,-16,3,1,10,4.28,1.7,2079.69
PARAM-LOT-02,W01,-16,4,1,10,3.41,1.7,2096.59
PARAM-LOT-02,W01,-16,5,1,10,4.92,1.72,2105.69
PARAM-LOT-02,W01,-16,6,2,21,5.35,1.72,2133.14
PARAM-LOT-02,W01,-16,7,2,21,5.79,1.73,2112.07
PARAM-LOT-02,W01,-16,8,2,21,5.47,1.76,2100.03
PARAM-LOT-02,W01,-16,9,1,10,3.92,1.71,2119.01
PARAM-LOT-02,W01,-16,10,1,10,3.86,1.78,2108.77
PARAM-LOT-02,W01,-15,-12,1,10,4.97,1.7,2084.67
PARAM-LOT-02,W01,-15,-11,1,10,3.89,1.71,2118.33
PARAM-LOT-02,W01,-15,-10,1,10,3.96,1.79,2091.49
PARAM-LOT-02,W01,-15,-9,2,21,5.38,1.7,2139.92
PARAM-LOT-02,W01,-15,-8,2,21,5.31,1.71,2103.74
PARAM-LOT-02,W01,-15,-7,1,10,4.2,1.67,2109.08
PARAM-LOT-02,W01,-15,-6,2,21,6.46,1.75,2085.05
PARAM-LOT-02,W01,-15,-5,1,10,3.97,1.72,2106.75
PARAM-LOT-02,W01,-15,-4,2,21,5.22,1.72,2097.44
PARAM-LOT-02,W01,-15,-3,1,10,4.79,1.73,2101.96
PARAM-LOT-02,W01,-15,-2,1,10,4.11,1.72,2092.33
PARAM-LOT-02,W01,-15,-1,1,10,4.56,1.72,2064.61
PARAM-LOT-02,W01,-15,0,1,10,3.12,1.72,2076.49
PARAM-LOT-02,W01,-15,1,1,10,4.7,1.72,2101.92
PARAM-LOT-02,W01,-15,2,1,10,4.53,1.71,2083.25
PARAM-LOT-02,W01,-15,3,1,10,3.07,1.73,2084.57
PARAM-LOT-02,W01,-15,4,1,10,4.37,1.73,2116.46
PARAM-LOT-02,W01,-15,5,1,10,4.77,1.74,2092.24
PARAM-LOT-02,W01,-15,6,1,10,3.49,1.68,2099
PARAM-LOT-02,W01,-15,7,1,10,2.37,1.73,2086.5
PARAM-LOT-02,W01,-15,8,1,10,3.32,1.77,2102.69
PARAM-LOT-02,W01,-15,9,1,10,4.39,1.71,2084.32
PARAM-LOT-02,W01,-15,10,1,10,4.1,1.74,2081.85
PARAM-LOT-02,W01,-15,11,1,10,4.84,1.7,2096.98
PARAM-LOT-02,W01,-15,12,2,21,5.52,1.74,2074.22
PARAM-LOT-02,W01,-14,-13,1,10,4.78,1.71,2088.45
PARAM-LOT-02,W01,-14,-12,1,10,4.27,1.75,2093.22
PARAM-LOT-02,W01,-14,-11,1,10,3.43,1.74,2035.39
PARAM-LOT-02,W01,-14,-10,1,10,4.57,1.72,2114.03
PARAM-LOT-02,W01,-14,-9,1,10,3.68,1.7,2128.89
PARAM-LOT-02,W01,-14,-8,1,10,4.3,1.75,2147.49
PARAM-LOT-02,W01,-14,-7,2,21,5.18,1.75,2103.69
PARAM-LOT-02,W01,-14,-6,1,10,4.38,1.74,2079.68
PARAM-LOT-02,W01,-14,-5,1,10,4.21,1.75,2091.35
PARAM-LOT-02,W01,-14,-4,1,10,3.56,1.7,2069.45
PARAM-LOT-02,W01,-14,-3,1,10,3.96,1.75,2076.5
PARAM-LOT-02,W01,-14,-2,1,10,4.65,1.72,2099.16
PARAM-LOT-02,W01,-14,-1,1,10,3.12,1.76,2111.69
PARAM-LOT-02,W01,-14,0,1,10,3.52,1.75,2095.32
PARAM-LOT-02,W01,-14,1,1,10,4.6,1.71,2119.25
PARAM-LOT-02,W01,-14,2,1,10,3.69,1.75,2125.35
PARAM-LOT-02,W01,-14,3,1,10,2.68,1.75,2111.98
PARAM-LOT-02,W01,-14,4,1,10,2.91,1.76,2068.43
PARAM-LOT-02,W01,-14,5,1,10,3.64,1.7,2072.26
PARAM-LOT-02,W01,-14,6,1,10,4.54,1.74,2117.3
PARAM-LOT-02,W01,-14,7,1,10,4.54,1.76,2087.79
PARAM-LOT-02,W01,-14,8,1,10,4.66,1.76,2093.43
PARAM-LOT-02,W01,-14,9,1,10,3.34,1.73,2104.87
PARAM-LOT-02,W01,-14,10,1,10,4.03,1.75,2087.83
PARAM-LOT-02,W01,-14,11,2,21,5.14,1.73,2126.02
PARAM-LOT-02,W01,-14,12,2,21,5.75,1.73,2093.54
PARAM-LOT-02,W01,-14,13,1,10,3.88,1.74,2128.85
PARAM-LOT-02,W01,-13,-14,3,31,6.67,1.75,2041.12
PARAM-LOT-02,W01,-13,-13,1,10,3.91,1.75,2084.65
PARAM-LOT-02,W01,-13,-12,1,10,4.36,1.75,2078.32
PARAM-LOT-02,W01,-13,-11,1,10,3.23,1.75,2069.74
PARAM-LOT-02,W01,-13,-10,1,10,3.84,1.72,2131.98
PARAM-LOT-02,W01,-13,-9,1,10,4.44,1.73,2102.99
PARAM-LOT-02,W01,-13,-8,1,10,3.33,1.69,2108
PARAM-LOT-02,W01,-13,-7,1,10,4.81,1.69,2064.66
PARAM-LOT-02,W01,-13,-6,1,10,4.14,1.76,2086.02
PARAM-LOT-02,W01,-13,-5,1,10,3.2,1.7,2118.39
PARAM-LOT-02,W01,-13,-4,1,10,4.35,1.78,2136.64
PARAM-LOT-02,W01,-13,-3,1,10,2.95,1.74,2068.08
PARAM-LOT-02,W01,-13,-2,1,10,3.96,1.76,2099.55
PARAM-LOT-02,W01,-13,-1,1,10,3.77,1.74,2077.83
PARAM-LOT-02,W01,-13,0,1,10,3.76,1.79,2095.91
PARAM-LOT-02,W01,-13,1,1,10,3.36,1.75,2067.31
PARAM-LOT-02,W01,-13,2,1,10,4.04,1.68,2110.56
PARAM-LOT-02,W01,-13,3,1,10,4.15,1.73,2074.87
PARAM-LOT-02,W01,-13,4,1,10,3.2,1.77,2089.81
PARAM-LOT-02,W01,-13,5,1,10,3.67,1.72,2152.64
PARAM-LOT-02,W01,-13,6,1,10,3.4,1.76,2084.61
PARAM-LOT-02,W01,-13,7,1,10,3.74,1.77,2111.51
PARAM-LOT-02,W01,-13,8,1,10,4.21,1.75,2111.85
PARAM-LOT-02,W01,-13,9,1,10,4.08,1.75,2126.92
PARAM-LOT-02,W01,-13,10,1,10,3.86,1.71,2100.86
PARAM-LOT-02,W01,-13,11,1,10,4.14,1.74,2052.44
PARAM-LOT-02,W01,-13,12,1,10,4.68,1.74,2092.27
PARAM-LOT-02,W01,-13,13,1,10,4.16,1.78,2158.09
PARAM-LOT-02,W01,-13,14,1,10,4.29,1.74,2105.11
PARAM-LOT-02,W01,-12,-15,1,10,4.16,1.72,2087.95
PARAM-LOT-02,W01,-12,-14,1,10,4.2,1.77,2101.48
PARAM-LOT-02,W01,-12,-13,1,10,3.81,1.73,2065.28
PARAM-LOT-02,W01,-12,-12,2,21,5.33,1.78,2044.03
PARAM-LOT-02,W01,-12,-11,1,10,3.48,1.74,2115.62
PARAM-LOT-02,W01,-12,-10,1,10,4.52,1.75,2090.15
PARAM-LOT-02,W01,-12,-9,1,10,4.25,1.78,2113.52
PARAM-LOT-02,W01,-12,-8,1,10,2.73,1.69,2088.16
PARAM-LOT-02,W01,-12,-7,1,10,2.71,1.75,2062.17
PARAM-LOT-02,W01,-12,-6,1,10,3.29,1.71,2124.5
PARAM-LOT-02,W01,-12,-5,1,10,3.25,1.71,2088.12
PARAM-LOT-02,W01,-12,-4,1,10,2.74,1.71,2145.64
PARAM-LOT-02,W01,-12,-3,1,10,2.73,1.76,2121.48
PARAM-LOT-02,W01,-12,-2,1,10,3.78,1.76,2132.9
PARAM-LOT-02,W01,-12,-1,1,10,3.56,1.73,2120.7
PARAM-LOT-02,W01,-12,0,1,10,3.99,1.71,2043.04
PARAM-LOT-02,W01,-12,1,1,10,3.43,1.75,2134.84
PARAM-LOT-02,W01,-12,2,1,10,4.9,1.73,2121.09
PARAM-LOT-02,W01,-12,3,1,10,2.92,1.76,2126.35
PARAM-LOT-02,W01,-12,4,1,10,3.43,1.77,2084.61
PARAM-LOT-02,W01,-12,5,2,21,5.33,1.71,2049.42
PARAM-LOT-02,W01,-12,6,1,10,4.13,1.71,2087.47
PARAM-LOT-02,W01,-12,7,1,10,4.76,1.78,2148.99
PARAM-LOT-02,W01,-12,8,1,10,3.64,1.72,2111.57
PARAM-LOT-02,W01,-12,9,2,21,5.61,1.77,2033.2
PARAM-LOT-02,W01,-12,10,1,10,4.52,1.73,2016.19
PARAM-LOT-02,W01,-12,11,1,10,4.2,1.81,2104.86
PARAM-LOT-02,W01,-12,12,1,10,4.29,1.75,2109.49
PARAM-LOT-02,W01,-12,13,1,10,2.99,1.77,2083.94
PARAM-LOT-02,W01,-12,14,2,21,5.54,1.74,2135.62
PARAM-LOT-02,W01,-12,15,1,10,4.79,1.69,2100.01
PARAM-LOT-02,W01,-11,-15,1,10,2.88,1.73,2093.62
PARAM-LOT-02,W01,-11,-14,1,10,2.87,1.76,2096.54
PARAM-LOT-02,W01,-11,-13,1,10,4.06,1.78,2078.69
PARAM-LOT-02,W01,-11,-12,1,10,4.64,1.76,2068.39
PARAM-LOT-02,W01,-11,-11,1,10,3.3,1.7,2062.93
PARAM-LOT-02,W01,-11,-10,1,10,4.2,1.76,2097.67
PARAM-LOT-02,W01,-11,-9,1,10,4.12,1.72,2101.02
PARAM-LOT-02,W01,-11,-8,1,10,4.38,1.74,2079.19
PARAM-LOT-02,W01,-11,-7,1,10,3.03,1.73,2104.68
PARAM-LOT-02,W01,-11,-6,1,10,3.86,1.78,2131.11
PARAM-LOT-02,W01,-11,-5,1,10,3.59,1.78,2095.18
PARAM-LOT-02,W01,-11,-4,1,10,3.87,1.78,2138.69
PARAM-LOT-02,W01,-11,-3,1,10,3.59,1.73,2096.46
PARAM-LOT-02,W01,-11,-2,1,10,3.09,1.73,2115.04
PARAM-LOT-02,W01,-11,-1,1,10,3.43,1.76,2068.18
PARAM-LOT-02,W01,-11,0,1,10,3.54,1.76,2055.56
PARAM-LOT-02,W01,-11,1,1,10,4.41,1.75,2087.45
PARAM-LOT-02,W01,-11,2,1,10,2.83,1.75,2096.07
PARAM-LOT-02,W01,-11,3,1,10,3.51,1.75,2105.96
PARAM-LOT-02,W01,-11,4,1,10,2.81,1.74,2127.65
PARAM-LOT-02,W01,-11,5,1,10,3.23,1.71,2117.8
PARAM-LOT-02,W01,-11,6,1,10,3.08,1.72,2083.19
PARAM-LOT-02,W01,-11,7,1,10,3.2,1.75,2038.28
PARAM-LOT-02,W01,-11,8,1,10,4.53,1.74,2123.4
PARAM-LOT-02,W01,-11,9,1,10,3.09,1.73,2130.6
PARAM-LOT-02,W01,-11,10,1,10,3.89,1.72,2090.69
PARAM-LOT-02,W01,-11,11,1,10,3.83,1.73,2110.59
PARAM-LOT-02,W01,-11,12,1,10,2.95,1.8,2085.46
PARAM-LOT-02,W01,-11,13,1,10,3.87,1.73,2100.33
PARAM-LOT-02,W01,-11,14,1,10,3.26,1.76,2130.45
PARAM-LOT-02,W01,-11,15,1,10,3.29,1.73,2079.36
PARAM-LOT-02,W01,-10,-16,3,31,7.01,1.76,2121.08
PARAM-LOT-02,W01,-10,-15,1,10,4.02,1.69,2093.17
PARAM-LOT-02,W01,-10,-14,2,21,5.1,1.74,2124.43
PARAM-LOT-02,W01,-10,-13,2,21,5.58,1.76,2082.55
PARAM-LOT-02,W01,-10,-12,1,10,3.87,1.8,2082.78
PARAM-LOT-02,W01,-10,-11,2,21,6.06,1.75,2197.47
PARAM-LOT-02,W01,-10,-10,1,10,3.42,1.71,2144.34
PARAM-LOT-02,W01,-10,-9,2,21,5.19,1.76,2052.96
PARAM-LOT-02,W01,-10,-8,1,10,4.12,1.73,2103.28
PARAM-LOT-02,W01,-10,-7,1,10,4.18,1.81,2096.64
PARAM-LOT-02,W01,-10,-6,1,10,3.14,1.75,2114.19
PARAM-LOT-02,W01,-10,-5,1,10,3.59,1.76,2081.5
PARAM-LOT-02,W01,-10,-4,1,10,3.29,1.79,2104.08
PARAM-LOT-02,W01,-10,-3,1,10,4.06,1.79,2073.14
PARAM-LOT-02,W01,-10,-2,1,10,3.14,1.8,2105.28
PARAM-LOT-02,W01,-10,-1,1,10,3.18,1.73,2068.31
PARAM-LOT-02,W01,-10,0,1,10,3.56,1.75,2121.46
PARAM-LOT-02,W01,-10,1,1,10,3.7,1.75,2108.18
PARAM-LOT-02,W01,-10,2,1,10,5,1.72,2125.39
PARAM-LOT-02,W01,-10,3,1,10,3.25,1.77,2167.79
PARAM-LOT-02,W01,-10,4,1,10,2.87,1.78,2109.52
PARAM-LOT-02,W01,-10,5,1,10,3.32,1.75,2116.14
PARAM-LOT-02,W01,-10,6,1,10,3.43,1.75,2137.8
PARAM-LOT-02,W01,-10,7,1,10,2.37,1.76,2092.74
PARAM-LOT-02,W01,-10,8,1,10,3.45,1.72,2110.86
PARAM-LOT-02,W01,-10,9,1,10,3.89,1.75,2084.49
PARAM-LOT-02,W01,-10,10,1,10,3.02,1.78,2110.42
PARAM-LOT-02,W01,-10,11,1,10,4.47,1.74,2073.45
PARAM-LOT-02,W01,-10,12,1,10,3.88,1.78,2132.11
PARAM-LOT-02,W01,-10,13,1,10,4.35,1.76,2095.25
PARAM-LOT-02,W01,-10,14,1,10,4.89,1.76,2071.52
PARAM-LOT-02,W01,-10,15,1,10,4.35,1.74,2064.64
PARAM-LOT-02,W01,-10,16,2,21,5.37,1.78,2101.16
PARAM-LOT-02,W01,-9,-17,1,10,3.84,1.81,2070.59
PARAM-LOT-02,W01,-9,-16,1,10,3.55,1.75,2120.51
PARAM-LOT-02,W01,-9,-15,1,10,3.84,1.74,2143.88
PARAM-LOT-02,W01,-9,-14,1,10,3.13,1.78,2133.11
PARAM-LOT-02,W01,-9,-13,1,10,3.69,1.78,2074.6
PARAM-LOT-02,W01,-9,-12,1,10,4.38,1.77,2132.51
PARAM-LOT-02,W01,-9,-11,1,10,3.36,1.69,2045.19
PARAM-LOT-02,W01,-9,-10,1,10,3.94,1.78,2130.31
PARAM-LOT-02,W01,-9,-9,1,10,2.56,1.77,2076.4
PARAM-LOT-02,W01,-9,-8,1,10,3.86,1.77,2108.3
PARAM-LOT-02,W01,-9,-7,1,10,4.93,1.73,2096.01
PARAM-LOT-02,W01,-9,-6,1,10,3.66,1.76,2110.62
PARAM-LOT-02,W01,-9,-5,1,10,2.82,1.75,2091.19
PARAM-LOT-02,W01,-9,-4,1,10,4.98,1.76,2135.42
PARAM-LOT-02,W01,-9,-3,1,10,2.79,1.72,2122.37
PARAM-LOT-02,W01,-9,-2,1,10,3.55,1.76,2119.59
PARAM-LOT-02,W01,-9,-1,1,10,2.66,1.75,2069.48
PARAM-LOT-02,W01,-9,0,1,10,2.96,1.79,2123.09
PARAM-LOT-02,W01,-9,1,1,10,2.74,1.73,2134.24
PARAM-LOT-02,W01,-9,2,1,10,3.16,1.77,2102.35
PARAM-LOT-02,W01,-9,3,1,10,4.09,1.76,2112.37
PARAM-LOT-02,W01,-9,4,1,10,3.27,1.73,2128.11
PARAM-LOT-02,W01,-9,5,1,10,3.03,1.74,2098.52
PARAM-LOT-02,W01,-9,6,1,10,2.75,1.78,2061.4
PARAM-LOT-02,W01,-9,7,1,10,4.09,1.74,2110.53
PARAM-LOT-02,W01,-9,8,1,10,3.79,1.78,2130.28
PARAM-LOT-02,W01,-9,9,1,10,3.67,1.77,2094.63
PARAM-LOT-02,W01,-9,10,1,10,3.51,1.77,2117.15
PARAM-LOT-02,W01,-9,11,1,10,4.13,1.76,2112.31
PARAM-LOT-02,W01,-9,12,1,10,4.68,1.74,2069.9
PARAM-LOT-02,W01,-9,13,1,10,4,1.77,2092.23
PARAM-LOT-02,W01,-9,14,1,10,3.83,1.79,2099.9
PARAM-LOT-02,W01,-9,15,2,21,5.25,1.83,2120.56
PARAM-LOT-02,W01,-9,16,2,21,5.14,1.73,2093.66
PARAM-LOT-02,W01,-9,17,1,10,3.66,1.81,2080.92
PARAM-LOT-02,W01,-8,-17,1,10,3.64,1.79,2103.84
PARAM-LOT-02,W01,-8,-16,1,10,3.31,1.73,2106.01
PARAM-LOT-02,W01,-8,-15,1,10,5,1.74,2124.35
PARAM-LOT-02,W01,-8,-14,2,21,5.02,1.76,2093.72
PARAM-LOT-02,W01,-8,-13,1,10,3.19,1.76,2106.5
PARAM-LOT-02,W01,-8,-12,1,10,3.67,1.78,2108.77
PARAM-LOT-02,W01,-8,-11,1,10,3.06,1.8,2090.87
PARAM-LOT-02,W01,-8,-10,1,10,4.74,1.72,2125.53
PARAM-LOT-02,W01,-8,-9,1,10,3.07,1.75,2060.54
PARAM-LOT-02,W01,-8,-8,1,10,4.42,1.78,2106.91
PARAM-LOT-02,W01,-8,-7,1,10,2.84,1.78,2101.02
PARAM-LOT-02,W01,-8,-6,1,10,2.98,1.76,2101.37
PARAM-LOT-02,W01,-8,-5,1,10,3.16,1.78,2113.81
PARAM-LOT-02,W01,-8,-4,1,10,3.11,1.76,2138.75
PARAM-LOT-02,W01,-8,-3,1,10,3.32,1.81,2094.41
PARAM-LOT-02,W01,-8,-2,1,10,3.96,1.78,2085.44
PARAM-LOT-02,W01,-8,-1,1,10,3.43,1.78,2123.67
PARAM-LOT-02,W01,-8,0,1,10,4.28,1.73,2108.52
PARAM-LOT-02,W01,-8,1,1,10,3.69,1.78,2123.28
PARAM-LOT-02,W01,-8,2,1,10,3.53,1.76,2087.93
PARAM-LOT-02,W01,-8,3,1,10,3.9,1.76,2082.68
PARAM-LOT-02,W01,-8,4,1,10,2.58,1.78,2110.23
PARAM-LOT-02,W01,-8,5,1,10,3.07,1.75,2110.27
PARAM-LOT-02,W01,-8,6,1,10,3.35,1.75,2094.67
PARAM-LOT-02,W01,-8,7,1,10,3.93,1.77,2086.9
PARAM-LOT-02,W01,-8,8,1,10,3.84,1.7,2094.31
PARAM-LOT-02,W01,-8,9,1,10,3.54,1.8,2132.17
PARAM-LOT-02,W01,-8,10,1,10,3.91,1.74,2110.72
PARAM-LOT-02,W01,-8,11,2,21,5.21,1.75,2094.12
PARAM-LOT-02,W01,-8,12,1,10,2.69,1.79,2126.63
PARAM-LOT-02,W01,-8,13,1,10,3.43,1.75,2091.56
PARAM-LOT-02,W01,-8,14,2,21,5.67,1.79,2095.39
PARAM-LOT-02,W01,-8,15,1,10,3.62,1.76,2127.27
PARAM-LOT-02,W01,-8,16,1,10,4.87,1.74,2119.7
PARAM-LOT-02,W01,-8,17,1,10,4.73,1.76,2093.95
PARAM-LOT-02,W01,-7,-17,1,10,4.25,1.75,2081.22
PARAM-LOT-02,W01,-7,-16,1,10,4.14,1.76,2105.05
PARAM-LOT-02,W01,-7,-15,2,21,5.15,1.76,2114.36
PARAM-LOT-02,W01,-7,-14,1,10,3.52,1.77,2116.28
PARAM-LOT-02,W01,-7,-13,1,10,4.39,1.74,2087.88
PARAM-LOT-02,W01,-7,-12,1,10,4.8,1.72,2115.27
PARAM-LOT-02,W01,-7,-11,1,10,4.45,1.75,2084.79
PARAM-LOT-02,W01,-7,-10,1,10,3.61,1.78,2058.04
PARAM-LOT-02,W01,-7,-9,1,10,4.05,1.72,2092.72
PARAM-LOT-02,W01,-7,-8,1,10,3.21,1.73,2106.55
PARAM-LOT-02,W01,-7,-7,1,10,3.22,1.76,2117.98
PARAM-LOT-02,W01,-7,-6,1,10,3.92,1.81,2115.75
PARAM-LOT-02,W01,-7,-5,1,10,4.49,1.81,2108.62
PARAM-LOT-02,W01,-7,-4,1,10,3.43,1.79,2100.85
PARAM-LOT-02,W01,-7,-3,1,10,3.08,1.79,2062.04
PARAM-LOT-02,W01,-7,-2,1,10,2.72,1.77,2104.83
PARAM-LOT-02,W01,-7,-1,1,10,3.44,1.76,2113.35
PARAM-LOT-02,W01,-7,0,1,10,4.15,1.79,2116.1
PARAM-LOT-02,W01,-7,1,1,10,3.61,1.82,2099.36
PARAM-LOT-02,W01,-7,2,1,10,2.44,1.78,2087.18
PARAM-LOT-02,W01,-7,3,1,10,2.21,1.77,2127.33
PARAM-LOT-02,W01,-7,4,1,10,3.25,1.74,2101.6
PARAM-LOT-02,W01,-7,5,1,10,4.03,1.8,2115.2
PARAM-LOT-02,W01,-7,6,1,10,2.79,1.77,2095.88
PARAM-LOT-02,W01,-7,7,1,10,2.8,1.76,2111.63
PARAM-LOT-02,W01,-7,8,1,10,3.08,1.76,2116.84
PARAM-LOT-02,W01,-7,9,1,10,3.42,1.77,2105.24
PARAM-LOT-02,W01,-7,10,1,10,2.86,1.75,2085.81
PARAM-LOT-02,W01,-7,11,1,10,3.77,1.73,2097.42
PARAM-LOT-02,W01,-7,12,1,10,3.38,1.74,2064.25
PARAM-LOT-02,W01,-7,13,1,10,3.47,1.76,2096.7
PARAM-LOT-02,W01,-7,14,1,10,4.09,1.78,2069.32
PARAM-LOT-02,W01,-7,15,2,21,5.14,1.73,2112.45
PARAM-LOT-02,W01,-7,16,1,10,3.58,1.75,2091.93
PARAM-LOT-02,W01,-7,17,2,21,5.22,1.77,2111.47
PARAM-LOT-02,W01,-6,-18,2,21,5.34,1.73,2092.13
PARAM-LOT-02,W01,-6,-17,1,10,4.25,1.75,2081.7
PARAM-LOT-02,W01,-6,-16,1,10,3.73,1.76,2145.08
PARAM-LOT-02,W01,-6,-15,1,10,4.39,1.79,2083.94
PARAM-LOT-02,W01,-6,-14,1,10,3.32,1.76,2138.7
PARAM-LOT-02,W01,-6,-13,2,21,6.17,1.73,2099.6
PARAM-LOT-02,W01,-6,-12,1,10,3.04,1.78,2095.87
PARAM-LOT-02,W01,-6,-11,1,10,4.17,1.78,2100.62
PARAM-LOT-02,W01,-6,-10,1,10,3.92,1.74,2081.56
PARAM-LOT-02,W01,-6,-9,1,10,3.43,1.75,2085.9
PARAM-LOT-02,W01,-6,-8,1,10,4.56,1.76,2102.11
PARAM-LOT-02,W01,-6,-7,1,10,2.38,1.74,2133.91
PARAM-LOT-02,W01,-6,-6,1,10,2.64,1.78,2103.47
PARAM-LOT-02,W01,-6,-5,1,10,3.04,1.75,2102.34
PARAM-LOT-02,W01,-6,-4,1,10,3.82,1.72,2088.52
PARAM-LOT-02,W01,-6,-3,1,10,3.7,1.79,2095.38
PARAM-LOT-02,W01,-6,-2,1,10,3.01,1.77,2075.7
PARAM-LOT-02,W01,-6,-1,1,10,1.71,1.76,2111.11
PARAM-LOT-02,W01,-6,0,1,10,2.73,1.73,2053.98
PARAM-LOT-02,W01,-6,1,1,10,3.59,1.8,2106.04
PARAM-LOT-02,W01,-6,2,1,10,2.36,1.74,2102.56
PARAM-LOT-02,W01,-6,3,1,10,2.63,1.82,2089.71
PARAM-LOT-02,W01,-6,4,1,10,3.47,1.77,2099.42
PARAM-LOT-02,W01,-6,5,1,10,3.95,1.76,2099.41
PARAM-LOT-02,W01,-6,6,1,10,2.79,1.75,2141.92
PARAM-LOT-02,W01,-6,7,1,10,2.75,1.8,2056.44
PARAM-LOT-02,W01,-6,8,1,10,3.51,1.74,2109.2
PARAM-LOT-02,W01,-6,9,1,10,3.62,1.79,2082.24
PARAM-LOT-02,W01,-6,10,1,10,3.22,1.77,2052.04
PARAM-LOT-02,W01,-6,11,1,10,2.53,1.76,2128.46
PARAM-LOT-02,W01,-6,12,1,10,3.49,1.75,2114.8
PARAM-LOT-02,W01,-6,13,1,10,3.27,1.72,2115.91
PARAM-LOT-02,W01,-6,14,1,10,3.5,1.77,2121.55
PARAM-LOT-02,W01,-6,15,2,21,5.98,1.77,2078.69
PARAM-LOT-02,W01,-6,16,1,10,3.52,1.73,2097.35
PARAM-LOT-02,W01,-6,17,1,10,3.04,1.77,2117.36
PARAM-LOT-02,W01,-6,18,1,10,3.74,1.8,2119.13
PARAM-LOT-02,W01,-5,-18,1,10,3.43,1.77,2105.84
PARAM-LOT-02,W01,-5,-17,1,10,3.66,1.74,2108.47
PARAM-LOT-02,W01,-5,-16,1,10,4.16,1.79,2086.53
PARAM-LOT-02,W01,-5,-15,1,10,3.66,1.76,2115.94
PARAM-LOT-02,W01,-5,-14,1,10,4.6,1.77,2111.38
PARAM-LOT-02,W01,-5,-13,1,10,4.22,1.82,2091.03
PARAM-LOT-02,W01,-5,-12,1,10,3.31,1.79,2150.64
PARAM-LOT-02,W01,-5,-11,1,10,3.82,1.73,2120
PARAM-LOT-02,W01,-5,-10,1,10,3.47,1.78,2122.31
PARAM-LOT-02,W01,-5,-9,1,10,2.8,1.78,2128.43
PARAM-LOT-02,W01,-5,-8,1,10,3.26,1.77,2114.47
PARAM-LOT-02,W01,-5,-7,1,10,2.94,1.79,2053.97
PARAM-LOT-02,W01,-5,-6,1,10,2.85,1.77,2102.33
PARAM-LOT-02,W01,-5,-5,1,10,3.26,1.77,2124.56
PARAM-LOT-02,W01,-5,-4,1,10,3.24,1.73,2052.37
PARAM-LOT-02,W01,-5,-3,1,10,3.17,1.78,2102.66
PARAM-LOT-02,W01,-5,-2,1,10,3.04,1.78,2132.18
PARAM-LOT-02,W01,-5,-1,1,10,1.65,1.82,2098.09
PARAM-LOT-02,W01,-5,0,1,10,2.57,1.78,2088.32
PARAM-LOT-02,W01,-5,1,1,10,2.08,1.76,2143.81
PARAM-LOT-02,W01,-5,2,1,10,3.3,1.77,2080.06
PARAM-LOT-02,W01,-5,3,1,10,2.87,1.75,2088.62
PARAM-LOT-02,W01,-5,4,1,10,3.94,1.78,2094.64
PARAM-LOT-02,W01,-5,5,1,10,3.11,1.79,2133.62
PARAM-LOT-02,W01,-5,6,1,10,3.11,1.8,2062.99
PARAM-LOT-02,W01,-5,7,1,10,3.22,1.78,2125.89
PARAM-LOT-02,W01,-5,8,1,10,2.98,1.79,2103.15
PARAM-LOT-02,W01,-5,9,1,10,2.71,1.78,2120.57
PARAM-LOT-02,W01,-5,10,1,10,4.41,1.77,2153.23
PARAM-LOT-02,W01,-5,11,1,10,2.76,1.76,2089.32
PARAM-LOT-02,W01,-5,12,1,10,3.18,1.77,2122.2
PARAM-LOT-02,W01,-5,13,1,10,3.14,1.75,2065.01
PARAM-LOT-02,W01,-5,14,1,10,3.62,1.77,2071.59
PARAM-LOT-02,W01,-5,15,1,10,4.1,1.76,2106.81
PARAM-LOT-02,W01,-5,16,1,10,3.4,1.78,2115.37
PARAM-LOT-02,W01,-5,17,2,21,6.04,1.77,2053.53
PARAM-LOT-02,W01,-5,18,2,21,5.05,1.78,2077.71
PARAM-LOT-02,W01,-4,-18,1,10,3.97,1.79,2095.25
PARAM-LOT-02,W01,-4,-17,1,10,4.33,1.79,2107.96
PARAM-LOT-02,W01,-4,-16,1,10,3.76,1.82,2119.84
PARAM-LOT-02,W01,-4,-15,1,10,3.29,1.79,2165.22
PARAM-LOT-02,W01,-4,-14,1,10,4.41,1.77,2100.57
PARAM-LOT-02,W01,-4,-13,1,10,3.56,1.8,2083.34
PARAM-LOT-02,W01,-4,-12,1,10,3.63,1.81,2161.34
PARAM-LOT-02,W01,-4,-11,1,10,2.84,1.74,2100.71
PARAM-LOT-02,W01,-4,-10,1,10,3.57,1.77,2109.37
PARAM-LOT-02,W01,-4,-9,1,10,3.46,1.8,2098.54
PARAM-LOT-02,W01,-4,-8,1,10,2.12,1.74,2103.23
PARAM-LOT-02,W01,-4,-7,1,10,3.14,1.78,2115.51
PARAM-LOT-02,W01,-4,-6,1,10,3.05,1.76,2063.46
PARAM-LOT-02,W01,-4,-5,1,10,3.63,1.77,2104.47
PARAM-LOT-02,W01,-4,-4,1,10,3.24,1.76,2157.38
PARAM-LOT-02,W01,-4,-3,1,10,3.32,1.76,2088.25
PARAM-LOT-02,W01,-4,-2,1,10,2.67,1.84,2124.98
PARAM-LOT-02,W01,-4,-1,1,10,2.48,1.79,2109.47
PARAM-LOT-02,W01,-4,0,1,10,2.56,1.77,2078.99
PARAM-LOT-02,W01,-4,1,1,10,2.71,1.76,2148.32
PARAM-LOT-02,W01,-4,2,1,10,3.46,1.8,2096.51
PARAM-LOT-02,W01,-4,3,1,10,2.94,1.78,2096.36
PARAM-LOT-02,W01,-4,4,1,10,2.91,1.73,2109.04
PARAM-LOT-02,W01,-4,5,1,10,3.4,1.8,2100.3
PARAM-LOT-02,W01,-4,6,1,10,3.94,1.76,2140.27
PARAM-LOT-02,W01,-4,7,1,10,2.85,1.78,2108.64
PARAM-LOT-02,W01,-4,8,1,10,3.3,1.77,2091.62
PARAM-LOT-02,W01,-4,9,1,10,2.33,1.81,2088.87
PARAM-LOT-02,W01,-4,10,1,10,3.31,1.81,2103.65
PARAM-LOT-02,W01,-4,11,1,10,2.84,1.78,2116.92
PARAM-LOT-02,W01,-4,12,1,10,2.69,1.78,2124.7
PARAM-LOT-02,W01,-4,13,1,10,2.96,1.75,2149.61
PARAM-LOT-02,W01,-4,14,1,10,2.57,1.81,2089.42
PARAM-LOT-02,W01,-4,15,2,21,5.6,1.8,2062.12
PARAM-LOT-02,W01,-4,16,1,10,4.1,1.79,2109.46
PARAM-LOT-02,W01,-4,17,1,10,4.47,1.8,2134.49
PARAM-LOT-02,W01,-4,18,1,10,4.36,1.78,2107.64
PARAM-LOT-02,W01,-3,-19,1,10,3.25,1.79,2117.25
PARAM-LOT-02,W01,-3,-18,1,10,4.56,1.78,2109.34
PARAM-LOT-02,W01,-3,-17,1,10,4.24,1.78,2112.92
PARAM-LOT-02,W01,-3,-16,1,10,3.42,1.74,2094.98
PARAM-LOT-02,W01,-3,-15,1,10,3.63,1.82,2052.91
PARAM-LOT-02,W01,-3,-14,1,10,4.52,1.76,2117.5
PARAM-LOT-02,W01,-3,-13,1,10,4.54,1.78,2120.74
PARAM-LOT-02,W01,-3,-12,1,10,2.9,1.81,2108.57
PARAM-LOT-02,W01,-3,-11,1,10,2.67,1.78,2071.5
PARAM-LOT-02,W01,-3,-10,1,10,4.18,1.76,2096.99
PARAM-LOT-02,W01,-3,-9,1,10,3.15,1.79,2113.69
PARAM-LOT-02,W01,-3,-8,1,10,2.48,1.79,2102.31
PARAM-LOT-02,W01,-3,-7,1,10,3.05,1.79,2121.16
PARAM-LOT-02,W01,-3,-6,1,10,2.11,1.81,2075.12
PARAM-LOT-02,W01,-3,-5,1,10,2.63,1.79,2136.75
PARAM-LOT-02,W01,-3,-4,1,10,2.34,1.8,2121.75
PARAM-LOT-02,W01,-3,-3,1,10,2.48,1.78,2082.74
PARAM-LOT-02,W01,-3,-2,1,10,2.31,1.77,2093.81
PARAM-LOT-02,W01,-3,-1,1,10,2.5,1.81,2105.47
PARAM-LOT-02,W01,-3,0,1,10,2.63,1.8,2093.55
PARAM-LOT-02,W01,-3,1,1,10,2.08,1.78,2120.58
PARAM-LOT-02,W01,-3,2,1,10,2.3,1.81,2085.55
PARAM-LOT-02,W01,-3,3,2,21,5.1,1.78,2127.53
PARAM-LOT-02,W01,-3,4,1,10,4.18,1.79,2062.1
PARAM-LOT-02,W01,-3,5,2,21,5.21,1.78,2118.21
PARAM-LOT-02,W01,-3,6,1,10,3.15,1.79,2071.63
PARAM-LOT-02,W01,-3,7,1,10,2.79,1.79,2097.22
PARAM-LOT-02,W01,-3,8,1,10,3.26,1.82,2103.72
PARAM-LOT-02,W01,-3,9,1,10,2.64,1.78,2096.88
PARAM-LOT-02,W01,-3,10,1,10,3.5,1.77,2109.36
PARAM-LOT-02,W01,-3,11,1,10,3.72,1.81,2151.29
PARAM-LOT-02,W01,-3,12,1,10,2.98,1.78,2087.06
PARAM-LOT-02,W01,-3,13,1,10,3.59,1.74,2092.14
PARAM-LOT-02,W01,-3,14,1,10,4.52,1.81,2064.92
PARAM-LOT-02,W01,-3,15,1,10,3.52,1.8,2057.27
PARAM-LOT-02,W01,-3,16,1,10,4.27,1.79,2092.19
PARAM-LOT-02,W01,-3,17,1,10,3.33,1.82,2084.9
PARAM-LOT-02,W01,-3,18,1,10,3.35,1.77,2090.63
PARAM-LOT-02,W01,-3,19,1,10,3.67,1.78,2098.92
PARAM-LOT-02,W01,-2,-19,3,31,6.55,1.82,2101.77
PARAM-LOT-02,W01,-2,-18,1,10,4.19,1.8,2082.85
PARAM-LOT-02,W01,-2,-17,1,10,4.16,1.77,2114.4
PARAM-LOT-02,W01,-2,-16,2,21,5.46,1.85,2175.47
PARAM-LOT-02,W01,-2,-15,1,10,4.16,1.79,2140.54
PARAM-LOT-02,W01,-2,-14,1,10,4.85,1.83,2085.72
PARAM-LOT-02,W01,-2,-13,1,10,3.69,1.77,2076.41
PARAM-LOT-02,W01,-2,-12,1,10,3.61,1.75,2154.6
PARAM-LOT-02,W01,-2,-11,1,10,3.26,1.76,2150.56
PARAM-LOT-02,W01,-2,-10,1,10,2.75,1.79,2085.34
PARAM-LOT-02,W01,-2,-9,1,10,3.59,1.78,2076.82
PARAM-LOT-02,W01,-2,-8,1,10,3.63,1.8,2082.38
PARAM-LOT-02,W01,-2,-7,1,10,2.96,1.76,2108.81
PARAM-LOT-02,W01,-2,-6,1,10,2.48,1.78,2066.65
PARAM-LOT-02,W01,-2,-5,1,10,2.38,1.79,2073.64
PARAM-LOT-02,W01,-2,-4,1,10,2.55,1.79,2096.24
PARAM-LOT-02,W01,-2,-3,1,10,2.47,1.82,2046.16
PARAM-LOT-02,W01,-2,-2,1,10,2.24,1.82,2119.81
PARAM-LOT-02,W01,-2,-1,1,10,2.95,1.8,2112.64
PARAM-LOT-02,W01,-2,0,1,10,2.31,1.82,2139.28
PARAM-LOT-02,W01,-2,1,1,10,2.21,1.76,2103.68
PARAM-LOT-02,W01,-2,2,1,10,2.78,1.77,2099.95
PARAM-LOT-02,W01,-2,3,1,10,4.93,1.76,2098.43
PARAM-LOT-02,W01,-2,4,2,21,5.71,1.78,2095.52
PARAM-LOT-02,W01,-2,5,2,21,5.24,1.78,2094
PARAM-LOT-02,W01,-2,6,2,21,5.83,1.78,2140.83
PARAM-LOT-02,W01,-2,7,1,10,2.43,1.78,2078.73
PARAM-LOT-02,W01,-2,8,1,10,3.18,1.79,2103.64
PARAM-LOT-02,W01,-2,9,1,10,3.91,1.8,2119.74
PARAM-LOT-02,W01,-2,10,1,10,4.16,1.81,2086
PARAM-LOT-02,W01,-2,11,1,10,4.6,1.77,2094.8
PARAM-LOT-02,W01,-2,12,1,10,3.07,1.81,2118.02
PARAM-LOT-02,W01,-2,13,1,10,3.92,1.8,2127.15
PARAM-LOT-02,W01,-2,14,1,10,3.65,1.76,2078.27
PARAM-LOT-02,W01,-2,15,1,10,3.83,1.78,2105.82
PARAM-LOT-02,W01,-2,16,1,10,4.8,1.79,2092.56
PARAM-LOT-02,W01,-2,17,1,10,4.76,1.75,2118.71
PARAM-LOT-02,W01,-2,18,1,10,3.86,1.78,2075.57
PARAM-LOT-02,W01,-2,19,3,31,7.27,1.77,2101.89
PARAM-LOT-02,W01,-1,-19,2,21,6.38,1.82,2084.51
PARAM-LOT-02,W01,-1,-18,2,21,5.1,1.78,2066.9
PARAM-LOT-02,W01,-1,-17,1,10,4.66,1.82,2070.26
PARAM-LOT-02,W01,-1,-16,1,10,3.08,1.78,2076.38
PARAM-LOT-02,W01,-1,-15,1,10,4.29,1.8,2066.06
PARAM-LOT-02,W01,-1,-14,1,10,3.36,1.73,2089.96
PARAM-LOT-02,W01,-1,-13,1,10,3.9,1.79,2095.43
PARAM-LOT-02,W01,-1,-12,1,10,3.24,1.81,2135.52
PARAM-LOT-02,W01,-1,-11,1,10,3.54,1.81,2125.63
PARAM-LOT-02,W01,-1,-10,1,10,4.39,1.76,2142.04
PARAM-LOT-02,W01,-1,-9,1,10,2.96,1.8,2083
PARAM-LOT-02,W01,-1,-8,1,10,2.91,1.82,2079.23
PARAM-LOT-02,W01,-1,-7,1,10,2.46,1.81,2088.35
PARAM-LOT-02,W01,-1,-6,1,10,2.49,1.78,2088.35
PARAM-LOT-02,W01,-1,-5,1,10,2.54,1.79,2107.61
PARAM-LOT-02,W01,-1,-4,1,10,2.78,1.77,2115.52
PARAM-LOT-02,W01,-1,-3,1,10,2.54,1.81,2127.54
PARAM-LOT-02,W01,-1,-2,1,10,2.4,1.77,2080.89
PARAM-LOT-02,W01,-1,-1,1,10,2.06,1.83,2078.9
PARAM-LOT-02,W01,-1,0,1,10,1.86,1.76,2087.45
PARAM-LOT-02,W01,-1,1,1,10,4.4,1.83,2113.55
PARAM-LOT-02,W01,-1,2,1,10,3.52,1.8,2108.4
PARAM-LOT-02,W01,-1,3,1,10,4.94,1.82,2103.64
PARAM-LOT-02,W01,-1,4,3,31,7.44,1.81,2020.32
PARAM-LOT-02,W01,-1,5,2,21,5.91,1.8,2137.31
PARAM-LOT-02,W01,-1,6,1,10,3.53,1.76,2121.84
PARAM-LOT-02,W01,-1,7,1,10,3.92,1.75,2079.63
PARAM-LOT-02,W01,-1,8,1,10,3.33,1.84,2095.56
PARAM-LOT-02,W01,-1,9,1,10,2.92,1.76,2099.19
PARAM-LOT-02,W01,-1,10,1,10,2.43,1.77,2083.55
PARAM-LOT-02,W01,-1,11,1,10,4.49,1.8,2125.61
PARAM-LOT-02,W01,-1,12,1,10,2.97,1.78,2088.98
PARAM-LOT-02,W01,-1,13,1,10,3.71,1.8,2088.28
PARAM-LOT-02,W01,-1,14,1,10,3.06,1.78,2124.21
PARAM-LOT-02,W01,-1,15,1,10,4.27,1.78,2114.54
PARAM-LOT-02,W01,-1,16,1,10,3.76,1.81,2113.93
PARAM-LOT-02,W01,-1,17,1,10,3.18,1.82,2089.09
PARAM-LOT-02,W01,-1,18,1,10,3.81,1.81,2059.22
PARAM-LOT-02,W01,-1,19,1,10,4.83,1.8,2118.7
PARAM-LOT-02,W01,0,-19,1,10,3.93,1.8,2167.05
PARAM-LOT-02,W01,0,-18,2,21,5.38,1.79,2114.25
PARAM-LOT-02,W01,0,-17,1,10,5,1.81,2095.03
PARAM-LOT-02,W01,0,-16,1,10,2.75,1.84,2064.08
PARAM-LOT-02,W01,0,-15,1,10,4.19,1.77,2133.05
PARAM-LOT-02,W01,0,-14,1,10,4.9,1.77,2090.32
PARAM-LOT-02,W01,0,-13,1,10,4.38,1.8,2101.89
PARAM-LOT-02,W01,0,-12,1,10,4.05,1.78,2090.75
PARAM-LOT-02,W01,0,-11,1,10,4.65,1.78,2126.09
PARAM-LOT-02,W01,0,-10,1,10,4.65,1.82,2117.06
PARAM-LOT-02,W01,0,-9,1,10,2.74,1.8,2099.04
PARAM-LOT-02,W01,0,-8,1,10,3.34,1.76,2090.06
PARAM-LOT-02,W01,0,-7,1,10,3.57,1.81,2102.78
PARAM-LOT-02,W01,0,-6,1,10,3.4,1.8,2094.38
PARAM-LOT-02,W01,0,-5,1,10,2.82,1.82,2096.76
PARAM-LOT-02,W01,0,-4,1,10,3.49,1.8,2118.16
PARAM-LOT-02,W01,0,-3,1,10,2.97,1.8,2046.66
PARAM-LOT-02,W01,0,-2,1,10,1.91,1.82,2134.84
PARAM-LOT-02,W01,0,-1,1,10,2.83,1.84,2096.88
PARAM-LOT-02,W01,0,0,1,10,2.65,1.82,2058.88
PARAM-LOT-02,W01,0,1,1,10,2.43,1.78,2095.5
PARAM-LOT-02,W01,0,2,1,10,2.92,1.82,2081.7
PARAM-LOT-02,W01,0,3,1,10,4.07,1.77,2088.8
PARAM-LOT-02,W01,0,4,2,21,5.75,1.78,2107.09
PARAM-LOT-02,W01,0,5,2,21,5.12,1.73,2084.29
PARAM-LOT-02,W01,0,6,2,21,5.46,1.83,2112.88
PARAM-LOT-02,W01,0,7,1,10,4.11,1.82,2068.36
PARAM-LOT-02,W01,0,8,1,10,3.07,1.81,2096.92
PARAM-LOT-02,W01,0,9,1,10,3.31,1.81,2048.79
PARAM-LOT-02,W01,0,10,1,10,3.17,1.79,2080.81
PARAM-LOT-02,W01,0,11,1,10,4.22,1.81,2118.86
PARAM-LOT-02,W01,0,12,1,10,3.26,1.83,2090.02
PARAM-LOT-02,W01,0,13,1,10,3.87,1.75,2115.72
PARAM-LOT-02,W01,0,14,1,10,2.7,1.79,2117.71
PARAM-LOT-02,W01,0,15,1,10,3.78,1.77,2068.52
PARAM-LOT-02,W01,0,16,1,10,4.31,1.75,2067.01
PARAM-LOT-02,W01,0,17,1,10,3.98,1.78,2107.07
PARAM-LOT-02,W01,0,18,1,10,3.71,1.8,2078.55
PARAM-LOT-02,W01,0,19,1,10,4.14,1.85,2110.74
PARAM-LOT-02,W01,1,-19,1,10,3.88,1.79,2098.43
PARAM-LOT-02,W01,1,-18,1,10,4.61,1.8,2095.55
PARAM-LOT-02,W01,1,-17,1,10,4.1,1.8,2153.46
PARAM-LOT-02,W01,1,-16,1,10,4.37,1.78,2080.58
PARAM-LOT-02,W01,1,-15,1,10,3.99,1.81,2069.58
PARAM-LOT-02,W01,1,-14,1,10,3.89,1.83,2098.82
PARAM-LOT-02,W01,1,-13,1,10,3.63,1.81,2103.5
PARAM-LOT-02,W01,1,-12,2,21,5.15,1.88,2077.89
PARAM-LOT-02,W01,1,-11,1,10,3.51,1.76,2068.6
PARAM-LOT-02,W01,1,-10,1,10,4.73,1.78,2111.27
PARAM-LOT-02,W01,1,-9,1,10,3.69,1.77,2070.58
PARAM-LOT-02,W01,1,-8,1,10,3.35,1.82,2102.39
PARAM-LOT-02,W01,1,-7,1,10,3,1.78,2135.56
PARAM-LOT-02,W01,1,-6,1,10,2.93,1.81,2086.23
PARAM-LOT-02,W01,1,-5,1,10,2.51,1.84,2104.19
PARAM-LOT-02,W01,1,-4,1,10,2.73,1.8,2093.66
PARAM-LOT-02,W01,1,-3,1,10,2.28,1.77,2096.84
PARAM-LOT-02,W01,1,-2,1,10,2.6,1.81,2113.38
PARAM-LOT-02,W01,1,-1,1,10,3.14,1.81,2134.82
PARAM-LOT-02,W01,1,0,1,10,2.11,1.85,2056.73
PARAM-LOT-02,W01,1,1,1,10,2.79,1.79,2101.17
PARAM-LOT-02,W01,1,2,1,10,3.29,1.79,2092.25
PARAM-LOT-02,W01,1,3,1,10,3.65,1.82,2056.02
PARAM-LOT-02,W01,1,4,1,10,2.95,1.8,2055.17
PARAM-LOT-02,W01,1,5,1,10,4.95,1.82,2084.67
PARAM-LOT-02,W01,1,6,1,10,3.11,1.81,2090.03
PARAM-LOT-02,W01,1,7,1,10,3.98,1.79,2102.9
PARAM-LOT-02,W01,1,8,1,10,3.2,1.79,2089.28
PARAM-LOT-02,W01,1,9,1,10,2.88,1.78,2117.27
PARAM-LOT-02,W01,1,10,1,10,2.86,1.78,2095.45
PARAM-LOT-02,W01,1,11,1,10,3.02,1.81,2115.45
PARAM-LOT-02,W01,1,12,2,21,5.13,1.8,2093.64
PARAM-LOT-02,W01,1,13,1,10,4.76,1.83,2049.26
PARAM-LOT-02,W01,1,14,1,10,4.25,1.79,2076.28
PARAM-LOT-02,W01,1,15,1,10,4.11,1.81,2111.66
PARAM-LOT-02,W01,1,16,1,10,3.67,1.81,2125.98
PARAM-LOT-02,W01,1,17,1,10,4.54,1.86,2113.26
PARAM-LOT-02,W01,1,18,1,10,3.76,1.79,2069.16
PARAM-LOT-02,W01,1,19,1,10,3.63,1.79,2090.65
PARAM-LOT-02,W01,2,-19,2,21,5.05,1.8,2088.47
PARAM-LOT-02,W01,2,-18,1,10,4.61,1.8,2109.75
PARAM-LOT-02,W01,2,-17,1,10,4.26,1.83,2124.16
PARAM-LOT-02,W01,2,-16,1,10,4.12,1.81,2042.9
PARAM-LOT-02,W01,2,-15,1,10,4.26,1.86,2109.32
PARAM-LOT-02,W01,2,-14,1,10,3.37,1.81,2064.36
PARAM-LOT-02,W01,2,-13,1,10,3.63,1.84,2119.52
PARAM-LOT-02,W01,2,-12,1,10,3.6,1.78,2067.93
PARAM-LOT-02,W01,2,-11,1,10,4.95,1.83,2085.23
PARAM-LOT-02,W01,2,-10,1,10,2.34,1.81,2106.15
PARAM-LOT-02,W01,2,-9,1,10,2.65,1.82,2133.07
PARAM-LOT-02,W01,2,-8,1,10,4.28,1.8,2121.69
PARAM-LOT-02,W01,2,-7,1,10,3.36,1.81,2132.7
PARAM-LOT-02,W01,2,-6,1,10,3.37,1.83,2077.52
PARAM-LOT-02,W01,2,-5,1,10,2.24,1.81,2120.58
PARAM-LOT-02,W01,2,-4,1,10,2.38,1.82,2095.19
PARAM-LOT-02,W01,2,-3,1,10,2.83,1.81,2107.85
PARAM-LOT-02,W01,2,-2,1,10,1.61,1.81,2098.57
PARAM-LOT-02,W01,2,-1,1,10,1.94,1.77,2107.17
PARAM-LOT-02,W01,2,0,1,10,2.03,1.8,2105.98
PARAM-LOT-02,W01,2,1,1,10,2,1.82,2123.42
PARAM-LOT-02,W01,2,2,1,10,2.21,1.84,2091.99
PARAM-LOT-02,W01,2,3,1,10,3.58,1.84,2103.89
PARAM-LOT-02,W01,2,4,1,10,2.9,1.8,2076.92
PARAM-LOT-02,W01,2,5,1,10,3.15,1.81,2140.16
PARAM-LOT-02,W01,2,6,1,10,3.07,1.83,2143.28
PARAM-LOT-02,W01,2,7,1,10,2.7,1.8,2129.82
PARAM-LOT-02,W01,2,8,1,10,3.44,1.81,2080.9
PARAM-LOT-02,W01,2,9,1,10,4.97,1.81,2118.23
PARAM-LOT-02,W01,2,10,1,10,3.09,1.77,2075.13
PARAM-LOT-02,W01,2,11,1,10,3.47,1.81,2147.35
PARAM-LOT-02,W01,2,12,1,10,4.88,1.77,2100.24
PARAM-LOT-02,W01,2,13,1,10,3.04,1.81,2121.27
PARAM-LOT-02,W01,2,14,1,10,3.25,1.83,2094.92
PARAM-LOT-02,W01,2,15,1,10,4.06,1.81,2056.54
PARAM-LOT-02,W01,2,16,1,10,4.44,1.81,2095.33
PARAM-LOT-02,W01,2,17,1,10,3.71,1.8,2084.59
PARAM-LOT-02,W01,2,18,1,10,3.44,1.83,2101.43
PARAM-LOT-02,W01,2,19,1,10,4.43,1.85,2093.52
PARAM-LOT-02,W01,3,-19,1,10,3.73,1.82,2094.56
PARAM-LOT-02,W01,3,-18,2,21,6.11,1.8,2093.45
PARAM-LOT-02,W01,3,-17,1,10,3.06,1.81,2073.34
PARAM-LOT-02,W01,3,-16,1,10,3.75,1.82,2143.92
PARAM-LOT-02,W01,3,-15,1,10,4.08,1.78,2137.27
PARAM-LOT-02,W01,3,-14,1,10,4.83,1.85,2055.9
PARAM-LOT-02,W01,3,-13,1,10,4.1,1.83,2092.47
PARAM-LOT-02,W01,3,-12,1,10,3.01,1.8,2088.19
PARAM-LOT-02,W01,3,-11,1,10,3.37,1.79,2108.8
PARAM-LOT-02,W01,3,-10,1,10,3.55,1.81,2049.32
PARAM-LOT-02,W01,3,-9,1,10,3.63,1.79,2081.23
PARAM-LOT-02,W01,3,-8,1,10,2.01,1.84,2119.9
PARAM-LOT-02,W01,3,-7,1,10,2.44,1.83,2112.27
PARAM-LOT-02,W01,3,-6,1,10,2.72,1.84,2135.7
PARAM-LOT-02,W01,3,-5,1,10,3.25,1.79,2098.7
PARAM-LOT-02,W01,3,-4,1,10,3.09,1.84,2141.62
PARAM-LOT-02,W01,3,-3,1,10,2.73,1.82,2059.54
PARAM-LOT-02,W01,3,-2,1,10,2.46,1.76,2125.87
PARAM-LOT-02,W01,3,-1,1,10,2.74,1.83,2054.87
PARAM-LOT-02,W01,3,0,1,10,2.38,1.79,2072.75
PARAM-LOT-02,W01,3,1,1,10,1.8,1.81,2095.9
PARAM-LOT-02,W01,3,2,1,10,3.6,1.84,2081.05
PARAM-LOT-02,W01,3,3,1,10,2.63,1.81,2097.92
PARAM-LOT-02,W01,3,4,1,10,2.41,1.85,2102.29
PARAM-LOT-02,W01,3,5,1,10,2.1,1.79,2063.98
PARAM-LOT-02,W01,3,6,1,10,3.61,1.78,2071.94
PARAM-LOT-02,W01,3,7,1,10,3.58,1.82,2123.57
PARAM-LOT-02,W01,3,8,1,10,2.98,1.78,2133.28
PARAM-LOT-02,W01,3,9,1,10,2.88,1.82,2100.79
PARAM-LOT-02,W01,3,10,1,10,3.71,1.81,2061.96
PARAM-LOT-02,W01,3,11,1,10,3.87,1.85,2074.95
PARAM-LOT-02,W01,3,12,1,10,4.13,1.78,2076.48
PARAM-LOT-02,W01,3,13,1,10,4,1.79,2078.51
PARAM-LOT-02,W01,3,14,1,10,3.9,1.8,2122.97
PARAM-LOT-02,W01,3,15,1,10,3.85,1.81,2074.14
PARAM-LOT-02,W01,3,16,1,10,4.69,1.81,2115.11
PARAM-LOT-02,W01,3,17,2,21,5.04,1.82,2064.08
PARAM-LOT-02,W01,3,18,1,10,3.19,1.82,2078.14
PARAM-LOT-02,W01,3,19,1,10,3.8,1.81,2107.77
PARAM-LOT-02,W01,4,-18,1,10,4.02,1.8,2112.48
PARAM-LOT-02,W01,4,-17,1,10,4.81,1.78,2117.58
PARAM-LOT-02,W01,4,-16,1,10,3.29,1.81,2077.8
PARAM-LOT-02,W01,4,-15,1,10,4.49,1.85,2114.99
PARAM-LOT-02,W01,4,-14,2,21,5.47,1.82,2088.09
PARAM-LOT-02,W01,4,-13,1,10,3.36,1.85,2066.2
PARAM-LOT-02,W01,4,-12,1,10,2.79,1.82,2123.51
PARAM-LOT-02,W01,4,-11,1,10,4.13,1.85,2107.61
PARAM-LOT-02,W01,4,-10,1,10,3.33,1.82,2072.09
PARAM-LOT-02,W01,4,-9,1,10,3.81,1.82,2109.95
PARAM-LOT-02,W01,4,-8,1,10,2.62,1.83,2076.86
PARAM-LOT-02,W01,4,-7,1,10,2.78,1.8,2120.25
PARAM-LOT-02,W01,4,-6,1,10,4.19,1.83,2154.41
PARAM-LOT-02,W01,4,-5,1,10,3.58,1.81,2082.5
PARAM-LOT-02,W01,4,-4,1,10,2.02,1.82,2157.47
PARAM-LOT-02,W01,4,-3,1,10,2.47,1.81,2097.29
PARAM-LOT-02,W01,4,-2,1,10,3.02,1.79,2079.53
PARAM-LOT-02,W01,4,-1,1,10,2.77,1.82,2117.33
PARAM-LOT-02,W01,4,0,1,10,2.65,1.81,2098.21
PARAM-LOT-02,W01,4,1,1,10,2.54,1.81,2080.08
PARAM-LOT-02,W01,4,2,1,10,3.07,1.85,2088.92
PARAM-LOT-02,W01,4,3,1,10,3.18,1.83,2096.57
PARAM-LOT-02,W01,4,4,1,10,2.3,1.83,2089.31
PARAM-LOT-02,W01,4,5,1,10,3.17,1.87,2063.92
PARAM-LOT-02,W01,4,6,1,10,2.94,1.86,2096.52
PARAM-LOT-02,W01,4,7,1,10,3.06,1.84,2099.86
PARAM-LOT-02,W01,4,8,1,10,3.2,1.77,2091.84
PARAM-LOT-02,W01,4,9,1,10,3.04,1.8,2193.27
PARAM-LOT-02,W01,4,10,1,10,4.04,1.83,2087.07
PARAM-LOT-02,W01,4,11,1,10,3.67,1.86,2119.74
PARAM-LOT-02,W01,4,12,1,10,3.32,1.88,2071.3
PARAM-LOT-02,W01,4,13,1,10,4.06,1.81,2123.54
PARAM-LOT-02,W01,4,14,1,10,3.72,1.83,2098.26
PARAM-LOT-02,W01,4,15,2,21,6.01,1.81,2063.46
PARAM-LOT-02,W01,4,16,1,10,4.81,1.88,2103.59
PARAM-LOT-02,W01,4,17,1,10,4.36,1.81,2049.82
PARAM-LOT-02,W01,4,18,1,10,3.81,1.82,2096.47
PARAM-LOT-02,W01,5,-18,1,10,3.49,1.82,2105.83
PARAM-LOT-02,W01,5,-17,1,10,3.59,1.79,2064.39
PARAM-LOT-02,W01,5,-16,1,10,3.84,1.84,2081.77
PARAM-LOT-02,W01,5,-15,1,10,3.21,1.83,2094.57
PARAM-LOT-02,W01,5,-14,1,10,3.58,1.77,2082.24
PARAM-LOT-02,W01,5,-13,1,10,4.76,1.81,2108.91
PARAM-LOT-02,W01,5,-12,1,10,3.2,1.83,2088.34
PARAM-LOT-02,W01,5,-11,1,10,3.62,1.84,2090.87
PARAM-LOT-02,W01,5,-10,1,10,3.73,1.87,2097.03
PARAM-LOT-02,W01,5,-9,1,10,3.16,1.84,2070.4
PARAM-LOT-02,W01,5,-8,1,10,3.09,1.81,2104.12
PARAM-LOT-02,W01,5,-7,1,10,3.36,1.84,2163.42
PARAM-LOT-02,W01,5,-6,1,10,3.3,1.87,2074.15
PARAM-LOT-02,W01,5,-5,1,10,2.71,1.81,2095.58
PARAM-LOT-02,W01,5,-4,1,10,3.7,1.82,2134.06
PARAM-LOT-02,W01,5,-3,1,10,3.46,1.81,2112.12
PARAM-LOT-02,W01,5,-2,1,10,2.56,1.8,2073.56
PARAM-LOT-02,W01,5,-1,1,10,3.9,1.82,2120.09
PARAM-LOT-02,W01,5,0,1,10,2.52,1.83,2093.01
PARAM-LOT-02,W01,5,1,1,10,2.44,1.85,2065.35
PARAM-LOT-02,W01,5,2,1,10,2.93,1.81,2114.76
PARAM-LOT-02,W01,5,3,1,10,2.5,1.84,2064.74
PARAM-LOT-02,W01,5,4,1,10,4.15,1.82,2096.04
PARAM-LOT-02,W01,5,5,1,10,2.45,1.83,2063.09
PARAM-LOT-02,W01,5,6,1,10,2.77,1.8,2079.05
PARAM-LOT-02,W01,5,7,1,10,3.26,1.82,2057.16
PARAM-LOT-02,W01,5,8,2,21,5.63,1.83,2094.53
PARAM-LOT-02,W01,5,9,1,10,3.14,1.8,2094.54
PARAM-LOT-02,W01,5,10,1,10,3.06,1.83,2096.3
PARAM-LOT-02,W01,5,11,1,10,4.16,1.8,2077.31
PARAM-LOT-02,W01,5,12,1,10,3.48,1.8,2060.77
PARAM-LOT-02,W01,5,13,1,10,3.83,1.81,2100.57
PARAM-LOT-02,W01,5,14,1,10,4.68,1.81,2140.92
PARAM-LOT-02,W01,5,15,1,10,3.71,1.8,2081.78
PARAM-LOT-02,W01,5,16,1,10,4.14,1.83,2135.8
PARAM-LOT-02,W01,5,17,1,10,2.78,1.8,2097.12
PARAM-LOT-02,W01,5,18,2,21,5.82,1.83,2072.74
PARAM-LOT-02,W01,6,-18,1,10,3.18,1.8,2121.33
PARAM-LOT-02,W01,6,-17,1,10,4.67,1.84,2070.06
PARAM-LOT-02,W01,6,-16,1,10,4.22,1.84,2091.25
PARAM-LOT-02,W01,6,-15,1,10,4.15,1.82,2135
PARAM-LOT-02,W01,6,-14,2,21,5.88,1.8,2054.13
PARAM-LOT-02,W01,6,-13,2,21,5.21,1.89,2100.74
PARAM-LOT-02,W01,6,-12,1,10,3.73,1.86,2045.79
PARAM-LOT-02,W01,6,-11,1,10,2.96,1.81,2092.61
PARAM-LOT-02,W01,6,-10,1,10,4.24,1.85,2121.51
PARAM-LOT-02,W01,6,-9,1,10,3.11,1.86,2100.98
PARAM-LOT-02,W01,6,-8,1,10,3.87,1.83,2118.04
PARAM-LOT-02,W01,6,-7,1,10,2.96,1.81,2078.2
PARAM-LOT-02,W01,6,-6,1,10,2.9,1.82,2125.24
PARAM-LOT-02,W01,6,-5,1,10,4.49,1.85,2046.86
PARAM-LOT-02,W01,6,-4,1,10,2.91,1.83,2142.26
PARAM-LOT-02,W01,6,-3,1,10,2.37,1.86,2120.83
PARAM-LOT-02,W01,6,-2,1,10,2.78,1.87,2115.2
PARAM-LOT-02,W01,6,-1,1,10,2.59,1.84,2105.36
PARAM-LOT-02,W01,6,0,1,10,2.44,1.82,2113.78
PARAM-LOT-02,W01,6,1,1,10,2.37,1.84,2092.54
PARAM-LOT-02,W01,6,2,1,10,2.82,1.82,2122.93
PARAM-LOT-02,W01,6,3,1,10,3.13,1.85,2068.41
PARAM-LOT-02,W01,6,4,1,10,3.47,1.83,2093.61
PARAM-LOT-02,W01,6,5,1,10,4.71,1.85,2124.2
PARAM-LOT-02,W01,6,6,1,10,3.27,1.87,2089
PARAM-LOT-02,W01,6,7,1,10,2.34,1.86,2096.84
PARAM-LOT-02,W01,6,8,1,10,3.23,1.85,2070.93
PARAM-LOT-02,W01,6,9,1,10,3.43,1.81,2121.97
PARAM-LOT-02,W01,6,10,1,10,3.58,1.81,2124.14
PARAM-LOT-02,W01,6,11,1,10,3.58,1.87,2090.47
PARAM-LOT-02,W01,6,12,2,21,5.31,1.85,2085.63
PARAM-LOT-02,W01,6,13,2,21,5.69,1.88,2087.59
PARAM-LOT-02,W01,6,14,1,10,4.08,1.79,2087.13
PARAM-LOT-02,W01,6,15,1,10,3.36,1.81,2108.15
PARAM-LOT-02,W01,6,16,1,10,3.64,1.81,2096.97
PARAM-LOT-02,W01,6,17,1,10,4.91,1.82,2140.32
PARAM-LOT-02,W01,6,18,1,10,4.02,1.88,2093.4
PARAM-LOT-02,W01,7,-17,1,10,4.99,1.79,2073.66
PARAM-LOT-02,W01,7,-16,1,10,3.58,1.84,2074.26
PARAM-LOT-02,W01,7,-15,1,10,3.66,1.83,2069.28
PARAM-LOT-02,W01,7,-14,1,10,4.32,1.84,2113.16
PARAM-LOT-02,W01,7,-13,1,10,4.13,1.79,2116
PARAM-LOT-02,W01,7,-12,1,10,4.3,1.83,2084
PARAM-LOT-02,W01,7,-11,1,10,4.29,1.87,2072.69
PARAM-LOT-02,W01,7,-10,1,10,3.71,1.81,2059.93
PARAM-LOT-02,W01,7,-9,1,10,2.87,1.86,2075.14
PARAM-LOT-02,W01,7,-8,1,10,4.32,1.83,2145.66
PARAM-LOT-02,W01,7,-7,1,10,3.75,1.84,2108.54
PARAM-LOT-02,W01,7,-6,1,10,3.34,1.83,2075.12
PARAM-LOT-02,W01,7,-5,1,10,3.29,1.82,2077.31
PARAM-LOT-02,W01,7,-4,1,10,3.97,1.82,2100.4
PARAM-LOT-02,W01,7,-3,1,10,3.11,1.86,2099.13
PARAM-LOT-02,W01,7,-2,1,10,2.5,1.82,2055.18
PARAM-LOT-02,W01,7,-1,1,10,3.28,1.85,2061.14
PARAM-LOT-02,W01,7,0,1,10,2.55,1.86,2073.3
PARAM-LOT-02,W01,7,1,1,10,2.72,1.89,2095.32
PARAM-LOT-02,W01,7,2,1,10,2.65,1.88,2051.61
PARAM-LOT-02,W01,7,3,1,10,2.69,1.84,2096.72
PARAM-LOT-02,W01,7,4,1,10,3.45,1.84,2139.43
PARAM-LOT-02,W01,7,5,1,10,3.76,1.84,2073.64
PARAM-LOT-02,W01,7,6,1,10,3.32,1.84,2129.22
PARAM-LOT-02,W01,7,7,1,10,3.43,1.85,2097.87
PARAM-LOT-02,W01,7,8,1,10,3.25,1.85,2098.04
PARAM-LOT-02,W01,7,9,1,10,3.39,1.79,2124.77
PARAM-LOT-02,W01,7,10,1,10,3.18,1.81,2092.54
PARAM-LOT-02,W01,7,11,1,10,3.27,1.82,2078.98
PARAM-LOT-02,W01,7,12,1,10,3.86,1.81,2106.86
PARAM-LOT-02,W01,7,13,1,10,2.49,1.81,2106.88
PARAM-LOT-02,W01,7,14,1,10,3.21,1.83,2097.57
PARAM-LOT-02,W01,7,15,1,10,4.78,1.82,2103.67
PARAM-LOT-02,W01,7,16,1,10,3.83,1.85,2077.3
PARAM-LOT-02,W01,7,17,1,10,4.95,1.81,2135.65
PARAM-LOT-02,W01,8,-17,1,10,3.66,1.85,2133.43
PARAM-LOT-02,W01,8,-16,1,10,3.14,1.87,2054.44
PARAM-LOT-02,W01,8,-15,1,10,4.45,1.83,2153.49
PARAM-LOT-02,W01,8,-14,2,21,5.4,1.82,2071.37
PARAM-LOT-02,W01,8,-13,1,10,4.33,1.87,2077.91
PARAM-LOT-02,W01,8,-12,1,10,4.09,1.85,2126.46
PARAM-LOT-02,W01,8,-11,1,10,4.27,1.86,2111.96
PARAM-LOT-02,W01,8,-10,1,10,4.01,1.84,2146.83
PARAM-LOT-02,W01,8,-9,1,10,4.7,1.83,2105.45
PARAM-LOT-02,W01,8,-8,1,10,4.48,1.86,2079.78
PARAM-LOT-02,W01,8,-7,1,10,3.7,1.84,2128.21
PARAM-LOT-02,W01,8,-6,1,10,2.98,1.84,2130.68
PARAM-LOT-02,W01,8,-5,1,10,3.46,1.83,2108.24
PARAM-LOT-02,W01,8,-4,1,10,4.32,1.81,2083.09
PARAM-LOT-02,W01,8,-3,1,10,3.35,1.83,2123.01
PARAM-LOT-02,W01,8,-2,1,10,2.67,1.82,2096.46
PARAM-LOT-02,W01,8,-1,1,10,3.1,1.83,2089.51
PARAM-LOT-02,W01,8,0,1,10,3.04,1.83,2107.87
PARAM-LOT-02,W01,8,1,1,10,3.26,1.83,2132.5
PARAM-LOT-02,W01,8,2,1,10,3.87,1.83,2058.47
PARAM-LOT-02,W01,8,3,1,10,2.34,1.87,2091.77
PARAM-LOT-02,W01,8,4,1,10,3.11,1.84,2110.28
PARAM-LOT-02,W01,8,5,1,10,3.3,1.81,2101.52
PARAM-LOT-02,W01,8,6,1,10,3.2,1.87,2104.45
PARAM-LOT-02,W01,8,7,1,10,3.11,1.84,2037.31
PARAM-LOT-02,W01,8,8,1,10,4.17,1.79,2115.18
PARAM-LOT-02,W01,8,9,1,10,4.85,1.84,2121.97
PARAM-LOT-02,W01,8,10,1,10,2.81,1.84,2126.13
PARAM-LOT-02,W01,8,11,1,10,3.23,1.83,2110.69
PARAM-LOT-02,W01,8,12,1,10,3.41,1.87,2107.35
PARAM-LOT-02,W01,8,13,1,10,3.79,1.87,2075.06
PARAM-LOT-02,W01,8,14,1,10,4.71,1.88,2156.57
PARAM-LOT-02,W01,8,15,1,10,3.65,1.85,2062.03
PARAM-LOT-02,W01,8,16,2,21,5.04,1.83,2138.19
PARAM-LOT-02,W01,8,17,1,10,3.58,1.87,2102.74
PARAM-LOT-02,W01,9,-17,1,10,4.24,1.84,2088.25
PARAM-LOT-02,W01,9,-16,1,10,4.45,1.86,2140.36
PARAM-LOT-02,W01,9,-15,1,10,3.99,1.78,2075.95
PARAM-LOT-02,W01,9,-14,1,10,3.76,1.86,2084.92
PARAM-LOT-02,W01,9,-13,1,10,3.37,1.85,2112.58
PARAM-LOT-02,W01,9,-12,1,10,4.93,1.86,2089.42
PARAM-LOT-02,W01,9,-11,1,10,2.85,1.83,2102.35
PARAM-LOT-02,W01,9,-10,1,10,3.85,1.84,2106.64
PARAM-LOT-02,W01,9,-9,1,10,2.4,1.79,2117.48
PARAM-LOT-02,W01,9,-8,1,10,4.63,1.83,2111.47
PARAM-LOT-02,W01,9,-7,1,10,4.13,1.85,2098.79
PARAM-LOT-02,W01,9,-6,1,10,2.71,1.85,2077.68
PARAM-LOT-02,W01,9,-5,1,10,3.15,1.84,2147.32
PARAM-LOT-02,W01,9,-4,1,10,4.07,1.84,2065.64
PARAM-LOT-02,W01,9,-3,1,10,3.1,1.86,2071.3
PARAM-LOT-02,W01,9,-2,1,10,3.65,1.88,2100.36
PARAM-LOT-02,W01,9,-1,1,10,3.12,1.84,2099.01
PARAM-LOT-02,W01,9,0,1,10,3.41,1.83,2094.87
PARAM-LOT-02,W01,9,1,1,10,2.7,1.81,2118.47
PARAM-LOT-02,W01,9,2,1,10,3.25,1.83,2050.31
PARAM-LOT-02,W01,9,3,1,10,2.46,1.79,2103.31
PARAM-LOT-02,W01,9,4,1,10,3.06,1.87,2118.31
PARAM-LOT-02,W01,9,5,1,10,2.81,1.83,2087.97
PARAM-LOT-02,W01,9,6,1,10,2.38,1.88,2147.52
PARAM-LOT-02,W01,9,7,1,10,2.74,1.81,2096.49
PARAM-LOT-02,W01,9,8,1,10,2.79,1.82,2098.43
PARAM-LOT-02,W01,9,9,1,10,3.57,1.8,2074.57
PARAM-LOT-02,W01,9,10,1,10,3.54,1.85,2121.01
PARAM-LOT-02,W01,9,11,1,10,4.65,1.84,2101.19
PARAM-LOT-02,W01,9,12,1,10,4.49,1.84,2060.77
PARAM-LOT-02,W01,9,13,2,21,5.09,1.83,2095.59
PARAM-LOT-02,W01,9,14,1,10,3.47,1.8,2076.84
PARAM-LOT-02,W01,9,15,1,10,4.14,1.86,2089.67
PARAM-LOT-02,W01,9,16,1,10,4.03,1.82,2084.4
PARAM-LOT-02,W01,9,17,1,10,4.59,1.85,2122.88
PARAM-LOT-02,W01,10,-16,1,10,3.4,1.81,2121.14
PARAM-LOT-02,W01,10,-15,1,10,3.62,1.85,2114.87
PARAM-LOT-02,W01,10,-14,1,10,3.41,1.84,2116.22
PARAM-LOT-02,W01,10,-13,1,10,4.25,1.84,2136.55
PARAM-LOT-02,W01,10,-12,1,10,4.24,1.84,2066.48
PARAM-LOT-02,W01,10,-11,1,10,4.84,1.83,2091.91
PARAM-LOT-02,W01,10,-10,1,10,2.8,1.84,2106.83
PARAM-LOT-02,W01,10,-9,1,10,4.16,1.82,2117.72
PARAM-LOT-02,W01,10,-8,1,10,4.79,1.85,2084.69
PARAM-LOT-02,W01,10,-7,1,10,3.53,1.83,2097.71
PARAM-LOT-02,W01,10,-6,1,10,3.15,1.82,2087.21
PARAM-LOT-02,W01,10,-5,1,10,3.8,1.82,2082.82
PARAM-LOT-02,W01,10,-4,1,10,2.94,1.88,2102.82
PARAM-LOT-02,W01,10,-3,1,10,3.04,1.8,2139.91
PARAM-LOT-02,W01,10,-2,1,10,3.52,1.86,2090.86
PARAM-LOT-02,W01,10,-1,1,10,2.83,1.82,2107.61
PARAM-LOT-02,W01,10,0,1,10,3.3,1.87,2069.26
PARAM-LOT-02,W01,10,1,1,10,3.8,1.91,2150.81
PARAM-LOT-02,W01,10,2,1,10,3.74,1.86,2115.92
PARAM-LOT-02,W01,10,3,1,10,3.37,1.82,2125.75
PARAM-LOT-02,W01,10,4,1,10,4.46,1.87,2077.21
PARAM-LOT-02,W01,10,5,1,10,3.23,1.85,2130.17
PARAM-LOT-02,W01,10,6,1,10,3.97,1.85,2097.47
PARAM-LOT-02,W01,10,7,1,10,3.24,1.88,2106.56
PARAM-LOT-02,W01,10,8,1,10,3.22,1.84,2062.31
PARAM-LOT-02,W01,10,9,1,10,3.03,1.85,2098.88
PARAM-LOT-02,W01,10,10,1,10,3.58,1.83,2084.64
PARAM-LOT-02,W01,10,11,1,10,4.43,1.88,2120.64
PARAM-LOT-02,W01,10,12,1,10,3.53,1.82,2160.74
PARAM-LOT-02,W01,10,13,1,10,3.7,1.86,2019.52
PARAM-LOT-02,W01,10,14,1,10,4.52,1.81,2111.74
PARAM-LOT-02,W01,10,15,1,10,4.38,1.84,2087.13
PARAM-LOT-02,W01,10,16,2,21,6.49,1.85,2127.09
PARAM-LOT-02,W01,11,-15,1,10,4.96,1.85,2113.37
PARAM-LOT-02,W01,11,-14,1,10,4.26,1.86,2120.25
PARAM-LOT-02,W01,11,-13,1,10,3.26,1.87,2045.75
PARAM-LOT-02,W01,11,-12,1,10,3.8,1.82,2084.45
PARAM-LOT-02,W01,11,-11,2,21,6.12,1.86,2107.25
PARAM-LOT-02,W01,11,-10,1,10,3.85,1.86,2155.02
PARAM-LOT-02,W01,11,-9,1,10,4.07,1.86,2079.88
PARAM-LOT-02,W01,11,-8,1,10,4.39,1.89,2123.4
PARAM-LOT-02,W01,11,-7,1,10,4.67,1.87,2111.93
PARAM-LOT-02,W01,11,-6,1,10,4.36,1.82,2121.51
PARAM-LOT-02,W01,11,-5,1,10,3.45,1.83,2073.98
PARAM-LOT-02,W01,11,-4,1,10,3.68,1.84,2076.73
PARAM-LOT-02,W01,11,-3,1,10,2.68,1.84,2133.63
PARAM-LOT-02,W01,11,-2,1,10,2.37,1.84,2110.19
PARAM-LOT-02,W01,11,-1,1,10,3.66,1.86,2106.6
PARAM-LOT-02,W01,11,0,1,10,2.59,1.9,2069.31
PARAM-LOT-02,W01,11,1,1,10,3.61,1.82,2058.87
PARAM-LOT-02,W01,11,2,1,10,2.38,1.87,2096.47
PARAM-LOT-02,W01,11,3,1,10,3.27,1.82,2086.37
PARAM-LOT-02,W01,11,4,1,10,3.74,1.82,2097.46
PARAM-LOT-02,W01,11,5,1,10,4.15,1.84,2118.79
PARAM-LOT-02,W01,11,6,1,10,2.83,1.86,2081.2
PARAM-LOT-02,W01,11,7,1,10,4.42,1.84,2097.12
PARAM-LOT-02,W01,11,8,1,10,4.49,1.86,2053.94
PARAM-LOT-02,W01,11,9,1,10,4.94,1.84,2070.88
PARAM-LOT-02,W01,11,10,1,10,3.12,1.85,2101.97
PARAM-LOT-02,W01,11,11,2,21,5.04,1.82,2068.58
PARAM-LOT-02,W01,11,12,2,21,5.22,1.86,2107.92
PARAM-LOT-02,W01,11,13,1,10,3.34,1.89,2060.27
PARAM-LOT-02,W01,11,14,1,10,4.74,1.85,2109.39
PARAM-LOT-02,W01,11,15,1,10,4.87,1.85,2084.3
PARAM-LOT-02,W01,12,-15,1,10,3.83,1.82,2127.9
PARAM-LOT-02,W01,12,-14,1,10,2.95,1.94,2092.59
PARAM-LOT-02,W01,12,-13,2,21,6.16,1.86,2147.36
PARAM-LOT-02,W01,12,-12,2,21,5.33,1.91,2107.18
PARAM-LOT-02,W01,12,-11,1,10,4.4,1.86,2099.91
PARAM-LOT-02,W01,12,-10,1,10,4.58,1.87,2144.4
PARAM-LOT-02,W01,12,-9,1,10,3.86,1.86,2090.16
PARAM-LOT-02,W01,12,-8,1,10,4.28,1.87,2113.64
PARAM-LOT-02,W01,12,-7,1,10,3.33,1.87,2088.06
PARAM-LOT-02,W01,12,-6,1,10,2.96,1.84,2066.29
PARAM-LOT-02,W01,12,-5,1,10,4.83,1.9,2121.97
PARAM-LOT-02,W01,12,-4,1,10,2.94,1.83,2119.8
PARAM-LOT-02,W01,12,-3,1,10,3.77,1.83,2111.23
PARAM-LOT-02,W01,12,-2,1,10,4.28,1.86,2127.45
PARAM-LOT-02,W01,12,-1,1,10,4.52,1.86,2091.93
PARAM-LOT-02,W01,12,0,1,10,4.02,1.88,2096.09
PARAM-LOT-02,W01,12,1,1,10,4.09,1.83,2096.28
PARAM-LOT-02,W01,12,2,1,10,3.37,1.85,2098.58
PARAM-LOT-02,W01,12,3,1,10,3.75,1.85,2076.8
PARAM-LOT-02,W01,12,4,1,10,4.5,1.88,2081.45
PARAM-LOT-02,W01,12,5,1,10,3.95,1.88,2079.76
PARAM-LOT-02,W01,12,6,1,10,2.52,1.87,2085.72
PARAM-LOT-02,W01,12,7,1,10,3.83,1.85,2065.22
PARAM-LOT-02,W01,12,8,1,10,4.13,1.85,2099.79
PARAM-LOT-02,W01,12,9,1,10,3.79,1.87,2088.66
PARAM-LOT-02,W01,12,10,1,10,3.66,1.83,2081.39
PARAM-LOT-02,W01,12,11,1,10,4.72,1.84,2093.56
PARAM-LOT-02,W01,12,12,1,10,4.15,1.86,2096.7
PARAM-LOT-02,W01,12,13,1,10,4.34,1.87,2083.81
PARAM-LOT-02,W01,12,14,1,10,4.9,1.85,2101.56
PARAM-LOT-02,W01,12,15,1,10,3.83,1.87,2107.18
PARAM-LOT-02,W01,13,-14,1,10,4.24,1.88,2078.56
PARAM-LOT-02,W01,13,-13,1,10,4.24,1.83,2088.39
PARAM-LOT-02,W01,13,-12,1,10,3.27,1.85,2124.41
PARAM-LOT-02,W01,13,-11,1,10,3.68,1.91,2115.31
PARAM-LOT-02,W01,13,-10,2,21,5.67,1.83,2054.88
PARAM-LOT-02,W01,13,-9,1,10,4.72,1.84,2080.4
PARAM-LOT-02,W01,13,-8,1,10,3.76,1.88,2070.84
PARAM-LOT-02,W01,13,-7,1,10,3.25,1.86,2133.84
PARAM-LOT-02,W01,13,-6,1,10,4.18,1.88,2066.99
PARAM-LOT-02,W01,13,-5,1,10,4.71,1.88,2089.94
PARAM-LOT-02,W01,13,-4,2,21,6.16,1.87,2126.85
PARAM-LOT-02,W01,13,-3,1,10,3.27,1.88,2107.52
PARAM-LOT-02,W01,13,-2,1,10,3.06,1.88,2070.78
PARAM-LOT-02,W01,13,-1,1,10,3.91,1.84,2143.71
PARAM-LOT-02,W01,13,0,1,10,3.45,1.89,2090.42
PARAM-LOT-02,W01,13,1,1,10,4.04,1.84,2105.39
PARAM-LOT-02,W01,13,2,1,10,4.18,1.88,2080.47
PARAM-LOT-02,W01,13,3,1,10,4.37,1.85,2079.23
PARAM-LOT-02,W01,13,4,1,10,3.46,1.9,2104.32
PARAM-LOT-02,W01,13,5,1,10,3.82,1.87,2090.37
PARAM-LOT-02,W01,13,6,1,10,3.98,1.88,2055.19
PARAM-LOT-02,W01,13,7,1,10,4.39,1.85,2063.75
PARAM-LOT-02,W01,13,8,1,10,3.74,1.91,2090.66
PARAM-LOT-02,W01,13,9,1,10,3.69,1.88,2055.39
PARAM-LOT-02,W01,13,10,1,10,2.88,1.93,2116.37
PARAM-LOT-02,W01,13,11,1,10,3.67,1.85,2134.24
PARAM-LOT-02,W01,13,12,1,10,2.9,1.92,2098.58
PARAM-LOT-02,W01,13,13,1,10,4.67,1.89,2090.76
PARAM-LOT-02,W01,13,14,1,10,4.47,1.86,2115.8
PARAM-LOT-02,W01,14,-13,1,10,4.48,1.84,2093.9
PARAM-LOT-02,W01,14,-12,1,10,4.2,1.88,2076.28
PARAM-LOT-02,W01,14,-11,1,10,3.48,1.89,2099.87
PARAM-LOT-02,W01,14,-10,1,10,3.91,1.88,2071.44
PARAM-LOT-02,W01,14,-9,2,21,5.01,1.91,2114.78
PARAM-LOT-02,W01,14,-8,1,10,3.91,1.86,2094.32
PARAM-LOT-02,W01,14,-7,1,10,3.18,1.85,2118.19
PARAM-LOT-02,W01,14,-6,2,21,5.06,1.87,2090.9
PARAM-LOT-02,W01,14,-5,1,10,3.97,1.89,2101.51
PARAM-LOT-02,W01,14,-4,1,10,2.4,1.9,2071.34
PARAM-LOT-02,W01,14,-3,1,10,3.28,1.86,2105.09
PARAM-LOT-02,W01,14,-2,1,10,4.32,1.89,2107.69
PARAM-LOT-02,W01,14,-1,1,10,4.18,1.87,2137.99
PARAM-LOT-02,W01,14,0,1,10,4.97,1.87,2110.37
PARAM-LOT-02,W01,14,1,1,10,3.51,1.87,2086.9
PARAM-LOT-02,W01,14,2,2,21,5.64,1.89,2101.17
PARAM-LOT-02,W01,14,3,2,21,6.13,1.86,2077.82
PARAM-LOT-02,W01,14,4,1,10,4.18,1.86,2113.37
PARAM-LOT-02,W01,14,5,1,10,3.95,1.87,2164.95
PARAM-LOT-02,W01,14,6,1,10,3.52,1.9,2115.49
PARAM-LOT-02,W01,14,7,1,10,3.81,1.94,2120.34
PARAM-LOT-02,W01,14,8,1,10,3.23,1.88,2074.34
PARAM-LOT-02,W01,14,9,2,21,5.13,1.87,2097.41
PARAM-LOT-02,W01,14,10,1,10,4.08,1.88,2081.89
PARAM-LOT-02,W01,14,11,2,21,5.2,1.88,2102.74
PARAM-LOT-02,W01,14,12,1,10,4.9,1.88,2108.11
PARAM-LOT-02,W01,14,13,1,10,4.39,1.86,2110.59
PARAM-LOT-02,W01,15,-12,2,21,5.79,1.84,2059.05
PARAM-LOT-02,W01,15,-11,2,21,5.03,1.86,2059.14
PARAM-LOT-02,W01,15,-10,1,10,3.89,1.85,2144.31
PARAM-LOT-02,W01,15,-9,1,10,4.71,1.87,2159.2
PARAM-LOT-02,W01,15,-8,1,10,3.76,1.87,2087.55
PARAM-LOT-02,W01,15,-7,1,10,3.05,1.88,2111.41
PARAM-LOT-02,W01,15,-6,1,10,3.47,1.88,2064.98
PARAM-LOT-02,W01,15,-5,1,10,3.66,1.87,2099.34
PARAM-LOT-02,W01,15,-4,1,10,4.87,1.89,2073.33
PARAM-LOT-02,W01,15,-3,1,10,4.19,1.87,2109.2
PARAM-LOT-02,W01,15,-2,1,10,3.66,1.84,2116.16
PARAM-LOT-02,W01,15,-1,1,10,3.33,1.88,2132.01
PARAM-LOT-02,W01,15,0,1,10,4.74,1.89,2100.17
PARAM-LOT-02,W01,15,1,1,10,3.47,1.93,2118.18
PARAM-LOT-02,W01,15,2,1,10,3.47,1.83,2141.78
PARAM-LOT-02,W01,15,3,1,10,4.23,1.87,2065.28
PARAM-LOT-02,W01,15,4,1,10,4.78,1.88,2157.78
PARAM-LOT-02,W01,15,5,1,10,2.93,1.87,2137.34
PARAM-LOT-02,W01,15,6,1,10,4.46,1.92,2078.81
PARAM-LOT-02,W01,15,7,1,10,4.01,1.88,2044.08
PARAM-LOT-02,W01,15,8,1,10,4.82,1.88,2097.15
PARAM-LOT-02,W01,15,9,1,10,3.89,1.83,2086.81
PARAM-LOT-02,W01,15,10,1,10,3.47,1.9,2052.51
PARAM-LOT-02,W01,15,11,1,10,4.42,1.93,2105.9
PARAM-LOT-02,W01,15,12,2,21,5.17,1.88,2121.76
PARAM-LOT-02,W01,16,-10,1,10,3.77,1.91,2065.27
PARAM-LOT-02,W01,16,-9,1,10,4.01,1.93,2111.03
PARAM-LOT-02,W01,16,-8,1,10,3.45,1.84,2103.84
PARAM-LOT-02,W01,16,-7,1,10,4.01,1.91,2112.19
PARAM-LOT-02,W01,16,-6,1,10,3.36,1.84,2109.66
PARAM-LOT-02,W01,16,-5,1,10,4.07,1.94,2108.34
PARAM-LOT-02,W01,16,-4,1,10,3.59,1.9,2100.32
PARAM-LOT-02,W01,16,-3,1,10,3.83,1.87,2073.29
PARAM-LOT-02,W01,16,-2,1,10,4.58,1.84,2075.13
PARAM-LOT-02,W01,16,-1,1,10,3.91,1.92,2100.4
PARAM-LOT-02,W01,16,0,1,10,4.2,1.86,2084.37
PARAM-LOT-02,W01,16,1,2,21,5.47,1.88,2126.31
PARAM-LOT-02,W01,16,2,1,10,4.36,1.81,2055.23
PARAM-LOT-02,W01,16,3,1,10,4.1,1.88,2072.28
PARAM-LOT-02,W01,16,4,1,10,4.3,1.86,2072.64
PARAM-LOT-02,W01,16,5,1,10,3.8,1.81,2107.81
PARAM-LOT-02,W01,16,6,2,21,5.55,1.9,2102.84
PARAM-LOT-02,W01,16,7,2,21,5.3,1.9,2121.11
PARAM-LOT-02,W01,16,8,2,21,5.58,1.9,2108.63
PARAM-LOT-02,W01,16,9,1,10,3,1.9,2097.32
PARAM-LOT-02,W01,16,10,1,10,4.45,1.89,2109.4
PARAM-LOT-02,W01,17,-9,1,10,4.47,1.9,2047.48
PARAM-LOT-02,W01,17,-8,1,10,3.89,1.89,2091.42
PARAM-LOT-02,W01,17,-7,1,10,3.8,1.89,2118.81
PARAM-LOT-02,W01,17,-6,1,10,4.1,1.88,2076.38
PARAM-LOT-02,W01,17,-5,1,10,3.78,1.88,2090.35
PARAM-LOT-02,W01,17,-4,1,10,3.92,1.84,2111.61
PARAM-LOT-02,W01,17,-3,1,10,4.33,1.83,2073.48
PARAM-LOT-02,W01,17,-2,1,10,4.87,1.87,2074.41
PARAM-LOT-02,W01,17,-1,1,10,3.97,1.88,2104.27
PARAM-LOT-02,W01,17,0,1,10,4.09,1.9,2068.69
PARAM-LOT-02,W01,17,1,1,10,3.49,1.87,2153.1
PARAM-LOT-02,W01,17,2,1,10,3.72,1.87,2091.82
PARAM-LOT-02,W01,17,3,1,10,4.38,1.87,2069.4
PARAM-LOT-02,W01,17,4,1,10,3.5,1.84,2101.32
PARAM-LOT-02,W01,17,5,1,10,4.73,1.88,2106.7
PARAM-LOT-02,W01,17,6,1,10,4.6,1.86,2085.44
PARAM-LOT-02,W01,17,7,3,31,8.31,1.89,2104.76
PARAM-LOT-02,W01,17,8,1,10,3.76,1.87,2059.82
PARAM-LOT-02,W01,17,9,1,10,4.1,1.88,2083.92
PARAM-LOT-02,W01,18,-6,1,10,4.9,1.88,2101.7
PARAM-LOT-02,W01,18,-5,1,10,4.12,1.91,2136.7
PARAM-LOT-02,W01,18,-4,1,10,4.53,1.92,2084.46
PARAM-LOT-02,W01,18,-3,2,21,5.91,1.86,2098.45
PARAM-LOT-02,W01,18,-2,1,10,4.26,1.9,2074.07
PARAM-LOT-02,W01,18,-1,1,10,4.32,1.86,2046.68
PARAM-LOT-02,W01,18,0,1,10,4.54,1.89,2108.56
PARAM-LOT-02,W01,18,1,1,10,3.41,1.89,2104.15
PARAM-LOT-02,W01,18,2,1,10,3.85,1.92,2091.71
PARAM-LOT-02,W01,18,3,1,10,3.95,1.88,2050.65
PARAM-LOT-02,W01,18,4,1,10,4.34,1.85,2082.21
PARAM-LOT-02,W01,18,5,1,10,4.35,1.87,2097.15
PARAM-LOT-02,W01,18,6,2,21,5.84,1.88,2094.84
PARAM-LOT-02,W01,19,-3,1,10,3.39,1.91,2105.35
PARAM-LOT-02,W01,19,-2,1,10,3.28,1.94,2132.64
PARAM-LOT-02,W01,19,-1,2,21,5.75,1.92,2109.36
PARAM-LOT-02,W01,19,0,1,10,4.15,1.9,2090.33
PARAM-LOT-02,W01,19,1,1,10,3.97,1.88,2115.12
PARAM-LOT-02,W01,19,2,2,21,5.03,1.89,2129.44
PARAM-LOT-02,W01,19,3,1,10,3.55,1.9,2103.3
PARAM-LOT-02,W02,-19,-3,1,10,3.27,1.74,2112.76
PARAM-LOT-02,W02,-19,-2,1,10,3.53,1.68,2116.34
PARAM-LOT-02,W02,-19,-1,1,10,4.91,1.75,2099.84
PARAM-LOT-02,W02,-19,0,1,10,4.72,1.7,2023.26
PARAM-LOT-02,W02,-19,1,2,21,5.34,1.74,2115.04
PARAM-LOT-02,W02,-19,2,1,10,3.66,1.67,2128.48
PARAM-LOT-02,W02,-19,3,2,21,5.53,1.7,2072.04
PARAM-LOT-02,W02,-18,-6,1,10,3.72,1.73,2063.63
PARAM-LOT-02,W02,-18,-5,1,10,4.69,1.7,2110.19
PARAM-LOT-02,W02,-18,-4,1,10,4.4,1.65,2118.78
PARAM-LOT-02,W02,-18,-3,2,21,5.71,1.7,2126.85
PARAM-LOT-02,W02,-18,-2,1,10,3.62,1.73,2105.8
PARAM-LOT-02,W02,-18,-1,1,10,4.34,1.7,2111.22
PARAM-LOT-02,W02,-18,0,1,10,4.08,1.7,2094.8
PARAM-LOT-02,W02,-18,1,1,10,3.93,1.73,2157.67
PARAM-LOT-02,W02,-18,2,1,10,4.39,1.74,2086.77
PARAM-LOT-02,W02,-18,3,1,10,4.29,1.7,2095
PARAM-LOT-02,W02,-18,4,1,10,3.87,1.68,2064.64
PARAM-LOT-02,W02,-18,5,1,10,4.49,1.69,2090.99
PARAM-LOT-02,W02,-18,6,1,10,4.49,1.74,2098.58
PARAM-LOT-02,W02,-17,-9,1,10,3.65,1.69,2108.79
PARAM-LOT-02,W02,-17,-8,1,10,3.85,1.74,2059.66
PARAM-LOT-02,W02,-17,-7,1,10,4.41,1.74,2121.25
PARAM-LOT-02,W02,-17,-6,1,10,2.77,1.69,2038.22
PARAM-LOT-02,W02,-17,-5,1,10,4.02,1.64,2075.47
PARAM-LOT-02,W02,-17,-4,1,10,4.92,1.71,2104.27
PARAM-LOT-02,W02,-17,-3,1,10,4.18,1.7,2086.2
PARAM-LOT-02,W02,-17,-2,2,21,5.53,1.71,2162.24
PARAM-LOT-02,W02,-17,-1,1,10,3.71,1.75,2121.35
PARAM-LOT-02,W02,-17,0,1,10,4.55,1.69,2088.03
PARAM-LOT-02,W02,-17,1,1,10,3.26,1.7,2116.05
PARAM-LOT-02,W02,-17,2,1,10,3.69,1.68,2094.38
PARAM-LOT-02,W02,-17,3,1,10,4.08,1.78,2059.74
PARAM-LOT-02,W02,-17,4,1,10,3.98,1.7,2090.45
PARAM-LOT-02,W02,-17,5,1,10,4.51,1.75,2092.55
PARAM-LOT-02,W02,-17,6,1,10,2.97,1.72,2068.54
PARAM-LOT-02,W02,-17,7,1,10,4.16,1.75,2085.29
PARAM-LOT-02,W02,-17,8,2,21,5.76,1.74,2084.22
PARAM-LOT-02,W02,-17,9,1,10,3.46,1.67,2086.27
PARAM-LOT-02,W02,-16,-10,1,10,4.64,1.73,2096.9
PARAM-LOT-02,W02,-16,-9,1,10,4.41,1.77,2129.84
PARAM-LOT-02,W02,-16,-8,1,10,4.12,1.77,2109.97
PARAM-LOT-02,W02,-16,-7,1,10,3.59,1.74,2137
PARAM-LOT-02,W02,-16,-6,1,10,3.87,1.73,2075.14
PARAM-LOT-02,W02,-16,-5,3,31,6.53,1.69,2121.02
PARAM-LOT-02,W02,-16,-4,2,21,5.01,1.74,2049.39
PARAM-LOT-02,W02,-16,-3,1,10,4.23,1.73,2103.86
PARAM-LOT-02,W02,-16,-2,2,21,5.34,1.72,2112.43
PARAM-LOT-02,W02,-16,-1,1,10,3.87,1.72,2132.26
PARAM-LOT-02,W02,-16,0,1,10,3.1,1.75,2113.82
PARAM-LOT-02,W02,-16,1,2,21,5.08,1.75,2112.43
PARAM-LOT-02,W02,-16,2,1,10,4.02,1.69,2115.19
PARAM-LOT-02,W02,-16,3,1,10,4.4,1.7,2081.7
PARAM-LOT-02,W02,-16,4,1,10,3.21,1.71,2094.42
PARAM-LOT-02,W02,-16,5,1,10,4.23,1.69,2073.98
PARAM-LOT-02,W02,-16,6,1,10,4.08,1.74,2111.12
PARAM-LOT-02,W02,-16,7,2,21,5.39,1.71,2067.46
PARAM-LOT-02,W02,-16,8,1,10,4.54,1.73,2084.03
PARAM-LOT-02,W02,-16,9,2,21,5.18,1.72,2076.11
PARAM-LOT-02,W02,-16,10,1,10,4.11,1.73,2125.8
PARAM-LOT-02,W02,-15,-12,1,10,5,1.71,2095.39
PARAM-LOT-02,W02,-15,-11,2,21,6.41,1.75,2092.81
PARAM-LOT-02,W02,-15,-10,1,10,4.07,1.68,2030.89
PARAM-LOT-02,W02,-15,-9,1,10,3.85,1.77,2169.1
PARAM-LOT-02,W02,-15,-8,1,10,4.45,1.7,2134.01
PARAM-LOT-02,W02,-15,-7,1,10,3.66,1.73,2144.48
PARAM-LOT-02,W02,-15,-6,1,10,3.47,1.69,2111.01
PARAM-LOT-02,W02,-15,-5,2,21,5.87,1.74,2130.42
PARAM-LOT-02,W02,-15,-4,1,10,4.5,1.72,2159.06
PARAM-LOT-02,W02,-15,-3,1,10,4.44,1.76,2129.47
PARAM-LOT-02,W02,-15,-2,1,10,4.23,1.72,2104.29
PARAM-LOT-02,W02,-15,-1,1,10,4.99,1.7,2093.6
PARAM-LOT-02,W02,-15,0,1,10,3.99,1.75,2071.19
PARAM-LOT-02,W02,-15,1,1,10,2.41,1.72,2125.28
PARAM-LOT-02,W02,-15,2,1,10,3.39,1.76,2096.15
PARAM-LOT-02,W02,-15,3,1,10,3.46,1.66,2090.74
PARAM-LOT-02,W02,-15,4,1,10,3.95,1.76,2056.8
PARAM-LOT-02,W02,-15,5,1,10,4.03,1.75,2142.98
PARAM-LOT-02,W02,-15,6,1,10,3.8,1.74,2094.9
PARAM-LOT-02,W02,-15,7,1,10,4.12,1.72,2089.02
PARAM-LOT-02,W02,-15,8,1,10,4.41,1.75,2121.04
PARAM-LOT-02,W02,-15,9,2,21,5.07,1.72,2079.25
PARAM-LOT-02,W02,-15,10,1,10,3.64,1.7,2071.77
PARAM-LOT-02,W02,-15,11,1,10,4.04,1.74,2114.39
PARAM-LOT-02,W02,-15,12,1,10,4.63,1.73,2095.65
PARAM-LOT-02,W02,-14,-13,1,10,4.92,1.74,2066.73
PARAM-LOT-02,W02,-14,-12,2,21,5.23,1.71,2114.87
PARAM-LOT-02,W02,-14,-11,2,21,5.12,1.78,2125.21
PARAM-LOT-02,W02,-14,-10,1,10,3.47,1.71,2122.51
PARAM-LOT-02,W02,-14,-9,2,21,5.08,1.71,2087.03
PARAM-LOT-02,W02,-14,-8,1,10,4.55,1.71,2085.01
PARAM-LOT-02,W02,-14,-7,1,10,3.3,1.75,2089.98
PARAM-LOT-02,W02,-14,-6,1,10,3.78,1.71,2078.95
PARAM-LOT-02,W02,-14,-5,1,10,4.26,1.76,2130.19
PARAM-LOT-02,W02,-14,-4,1,10,3.36,1.74,2089.79
PARAM-LOT-02,W02,-14,-3,1,10,3.63,1.72,2117.72
PARAM-LOT-02,W02,-14,-2,2,21,5.05,1.76,2096.97
PARAM-LOT-02,W02,-14,-1,1,10,4.65,1.75,2090.72
PARAM-LOT-02,W02,-14,0,1,10,4.14,1.72,2118.65
PARAM-LOT-02,W02,-14,1,1,10,3.57,1.75,2099.14
PARAM-LOT-02,W02,-14,2,1,10,3,1.73,2068.68
PARAM-LOT-02,W02,-14,3,1,10,4.06,1.73,2069.38
PARAM-LOT-02,W02,-14,4,1,10,4.64,1.74,2069.16
PARAM-LOT-02,W02,-14,5,1,10,4.37,1.7,2069.42
PARAM-LOT-02,W02,-14,6,1,10,3.82,1.78,2096.48
PARAM-LOT-02,W02,-14,7,1,10,4.42,1.73,2162.14
PARAM-LOT-02,W02,-14,8,1,10,3.76,1.73,2087.82
PARAM-LOT-02,W02,-14,9,1,10,3.51,1.73,2131.11
PARAM-LOT-02,W02,-14,10,1,10,3.95,1.78,2102.85
PARAM-LOT-02,W02,-14,11,1,10,3.8,1.77,2087.65
PARAM-LOT-02,W02,-14,12,2,21,5.28,1.75,2152.75
PARAM-LOT-02,W02,-14,13,2,21,5.74,1.77,2077.73
PARAM-LOT-02,W02,-13,-14,1,10,4.55,1.71,2090.09
PARAM-LOT-02,W02,-13,-13,1,10,4.78,1.71,2110.61
PARAM-LOT-02,W02,-13,-12,1,10,3.29,1.73,2139.82
PARAM-LOT-02,W02,-13,-11,2,21,5.04,1.71,2067.19
PARAM-LOT-02,W02,-13,-10,1,10,3.87,1.74,2100.64
PARAM-LOT-02,W02,-13,-9,2,21,6.3,1.73,2069.43
PARAM-LOT-02,W02,-13,-8,1,10,3.6,1.72,2113.71
PARAM-LOT-02,W02,-13,-7,1,10,3.66,1.73,2107.27
PARAM-LOT-02,W02,-13,-6,1,10,3.72,1.66,2156.34
PARAM-LOT-02,W02,-13,-5,1,10,3.65,1.7,2086.72
PARAM-LOT-02,W02,-13,-4,1,10,4.26,1.75,2110.1
PARAM-LOT-02,W02,-13,-3,1,10,2.95,1.73,2074.01
PARAM-LOT-02,W02,-13,-2,1,10,4.55,1.76,2094.71
PARAM-LOT-02,W02,-13,-1,1,10,2.89,1.72,2113.39
PARAM-LOT-02,W02,-13,0,1,10,3.88,1.71,2129.86
PARAM-LOT-02,W02,-13,1,1,10,4.82,1.75,2074.99
PARAM-LOT-02,W02,-13,2,1,10,3.95,1.71,2113.07
PARAM-LOT-02,W02,-13,3,1,10,4.44,1.76,2071.56
PARAM-LOT-02,W02,-13,4,1,10,3.74,1.74,2116.05
PARAM-LOT-02,W02,-13,5,1,10,3.43,1.71,2108.04
PARAM-LOT-02,W02,-13,6,1,10,4.69,1.75,2113.21
PARAM-LOT-02,W02,-13,7,1,10,4.04,1.73,2051.59
PARAM-LOT-02,W02,-13,8,1,10,3.38,1.73,2086.5
PARAM-LOT-02,W02,-13,9,1,10,4.72,1.76,2103.77
PARAM-LOT-02,W02,-13,10,1,10,4.02,1.72,2132.61
PARAM-LOT-02,W02,-13,11,1,10,3.73,1.75,2133.97
PARAM-LOT-02,W02,-13,12,3,31,6.7,1.71,2082.93
PARAM-LOT-02,W02,-13,13,1,10,3.98,1.76,2098.23
PARAM-LOT-02,W02,-13,14,1,10,3.89,1.76,2141.7
PARAM-LOT-02,W02,-12,-15,1,10,3.62,1.69,2106.36
PARAM-LOT-02,W02,-12,-14,1,10,3.51,1.77,2108.83
PARAM-LOT-02,W02,-12,-13,1,10,3.11,1.72,2114.98
PARAM-LOT-02,W02,-12,-12,1,10,3.39,1.75,2097.62
PARAM-LOT-02,W02,-12,-11,1,10,4.19,1.77,2087.75
PARAM-LOT-02,W02,-12,-10,1,10,3.44,1.8,2105.54
PARAM-LOT-02,W02,-12,-9,1,10,4.18,1.73,2157.37
PARAM-LOT-02,W02,-12,-8,2,21,5.16,1.75,2074.49
PARAM-LOT-02,W02,-12,-7,1,10,4.7,1.75,2080.34
PARAM-LOT-02,W02,-12,-6,1,10,3.58,1.72,2085.15
PARAM-LOT-02,W02,-12,-5,1,10,3.14,1.77,2115.89
PARAM-LOT-02,W02,-12,-4,2,21,5.15,1.7,2077.25
PARAM-LOT-02,W02,-12,-3,1,10,3.91,1.7,2097.04
PARAM-LOT-02,W02,-12,-2,1,10,3.43,1.75,2122.89
PARAM-LOT-02,W02,-12,-1,1,10,3.94,1.75,2052.84
PARAM-LOT-02,W02,-12,0,1,10,2.53,1.74,2102.31
PARAM-LOT-02,W02,-12,1,1,10,2.86,1.76,2080.89
PARAM-LOT-02,W02,-12,2,1,10,3,1.76,2102.37
PARAM-LOT-02,W02,-12,3,1,10,3.38,1.7,2096.01
PARAM-LOT-02,W02,-12,4,1,10,3.25,1.74,1980
PARAM-LOT-02,W02,-12,5,1,10,4.16,1.72,2082.67
PARAM-LOT-02,W02,-12,6,1,10,2.52,1.75,2086.78
PARAM-LOT-02,W02,-12,7,1,10,3.58,1.78,2112.26
PARAM-LOT-02,W02,-12,8,1,10,3.33,1.72,2061.58
PARAM-LOT-02,W02,-12,9,1,10,3.57,1.72,2112.88
PARAM-LOT-02,W02,-12,10,2,21,5.06,1.74,2098.65
PARAM-LOT-02,W02,-12,11,2,21,5.12,1.73,2134.35
PARAM-LOT-02,W02,-12,12,1,10,4.86,1.75,2079.72
PARAM-LOT-02,W02,-12,13,1,10,3.87,1.71,2110.7
PARAM-LOT-02,W02,-12,14,1,10,4.55,1.71,2065.42
PARAM-LOT-02,W02,-12,15,1,10,4.91,1.79,2114.44
PARAM-LOT-02,W02,-11,-15,2,21,5.39,1.73,2071.11
PARAM-LOT-02,W02,-11,-14,1,10,3.93,1.82,2110.94
PARAM-LOT-02,W02,-11,-13,1,10,5,1.73,2107.87
PARAM-LOT-02,W02,-11,-12,1,10,4.54,1.73,2155.16
PARAM-LOT-02,W02,-11,-11,1,10,4.82,1.75,2112
PARAM-LOT-02,W02,-11,-10,1,10,3.14,1.73,2094.59
PARAM-LOT-02,W02,-11,-9,1,10,3.86,1.75,2107.98
PARAM-LOT-02,W02,-11,-8,1,10,3.7,1.76,2067.88
PARAM-LOT-02,W02,-11,-7,1,10,4.98,1.71,2093.13
PARAM-LOT-02,W02,-11,-6,1,10,2.45,1.75,2092.21
PARAM-LOT-02,W02,-11,-5,2,21,5.27,1.82,2106.72
PARAM-LOT-02,W02,-11,-4,1,10,3.31,1.77,2092.75
PARAM-LOT-02,W02,-11,-3,1,10,3.62,1.73,2062.24
PARAM-LOT-02,W02,-11,-2,1,10,3.6,1.77,2086.4
PARAM-LOT-02,W02,-11,-1,1,10,4.04,1.72,2077.06
PARAM-LOT-02,W02,-11,0,1,10,4.59,1.74,2093.27
PARAM-LOT-02,W02,-11,1,1,10,2.93,1.8,2117.83
PARAM-LOT-02,W02,-11,2,1,10,2.98,1.77,2086.77
PARAM-LOT-02,W02,-11,3,1,10,2.57,1.73,2142.12
PARAM-LOT-02,W02,-11,4,1,10,2.93,1.73,2128.25
PARAM-LOT-02,W02,-11,5,1,10,3.95,1.73,2115.31
PARAM-LOT-02,W02,-11,6,1,10,3.86,1.74,2124.27
PARAM-LOT-02,W02,-11,7,1,10,4.96,1.76,2103.11
PARAM-LOT-02,W02,-11,8,1,10,3.8,1.73,2107.19
PARAM-LOT-02,W02,-11,9,1,10,2.95,1.76,2114.08
PARAM-LOT-02,W02,-11,10,1,10,4.02,1.77,2100.81
PARAM-LOT-02,W02,-11,11,1,10,3.78,1.77,2104.42
PARAM-LOT-02,W02,-11,12,1,10,3.3,1.74,2084.58
PARAM-LOT-02,W02,-11,13,2,21,5.05,1.77,2119.2
PARAM-LOT-02,W02,-11,14,1,10,4.3,1.77,2124.68
PARAM-LOT-02,W02,-11,15,1,10,4.77,1.73,2127.69
PARAM-LOT-02,W02,-10,-16,1,10,4.02,1.75,2124.2
PARAM-LOT-02,W02,-10,-15,1,10,4.14,1.76,2141.16
PARAM-LOT-02,W02,-10,-14,1,10,3.53,1.77,2145.84
PARAM-LOT-02,W02,-10,-13,1,10,4.56,1.77,2140.51
PARAM-LOT-02,W02,-10,-12,1,10,3.04,1.75,2071.64
PARAM-LOT-02,W02,-10,-11,1,10,3.71,1.75,2093.69
PARAM-LOT-02,W02,-10,-10,1,10,3.18,1.73,2093.87
PARAM-LOT-02,W02,-10,-9,1,10,3.66,1.75,2091.9
PARAM-LOT-02,W02,-10,-8,1,10,3.88,1.73,2078.55
PARAM-LOT-02,W02,-10,-7,1,10,2.96,1.72,2089.24
PARAM-LOT-02,W02,-10,-6,1,10,3.17,1.74,2083.92
PARAM-LOT-02,W02,-10,-5,1,10,3.51,1.77,2116.91
PARAM-LOT-02,W02,-10,-4,1,10,3.13,1.72,2142.27
PARAM-LOT-02,W02,-10,-3,1,10,3.82,1.76,2112.82
PARAM-LOT-02,W02,-10,-2,1,10,3.7,1.74,2072.52
PARAM-LOT-02,W02,-10,-1,1,10,3.15,1.75,2105.91
PARAM-LOT-02,W02,-10,0,1,10,3.22,1.78,2141.42
PARAM-LOT-02,W02,-10,1,1,10,4.96,1.74,2132.64
PARAM-LOT-02,W02,-10,2,1,10,3.81,1.73,2098.21
PARAM-LOT-02,W02,-10,3,1,10,4.17,1.73,2098.67
PARAM-LOT-02,W02,-10,4,1,10,2.79,1.7,2149.15
PARAM-LOT-02,W02,-10,5,1,10,3.74,1.76,2093.38
PARAM-LOT-02,W02,-10,6,1,10,3.95,1.77,2072.45
PARAM-LOT-02,W02,-10,7,1,10,3.47,1.7,2083.42
PARAM-LOT-02,W02,-10,8,1,10,4.16,1.79,2071.67
PARAM-LOT-02,W02,-10,9,1,10,2.35,1.78,2146.68
PARAM-LOT-02,W02,-10,10,1,10,3.24,1.73,2098.73
PARAM-LOT-02,W02,-10,11,2,21,6.04,1.7,2063.93
PARAM-LOT-02,W02,-10,12,1,10,4.56,1.71,2114.32
PARAM-LOT-02,W02,-10,13,1,10,2.71,1.75,2063.01
PARAM-LOT-02,W02,-10,14,1,10,3.66,1.74,2123.43
PARAM-LOT-02,W02,-10,15,2,21,5.64,1.73,2083.45
PARAM-LOT-02,W02,-10,16,2,21,5.04,1.68,2089.71
PARAM-LOT-02,W02,-9,-17,1,10,4.22,1.7,2092.02
PARAM-LOT-02,W02,-9,-16,1,10,3.72,1.75,2067.68
PARAM-LOT-02,W02,-9,-15,1,10,4.55,1.8,2138.4
PARAM-LOT-02,W02,-9,-14,1,10,4.16,1.77,2128.93
PARAM-LOT-02,W02,-9,-13,1,10,3.29,1.73,2122.34
PARAM-LOT-02,W02,-9,-12,1,10,4.66,1.79,2057.21
PARAM-LOT-02,W02,-9,-11,1,10,3.42,1.75,2109.13
PARAM-LOT-02,W02,-9,-10,1,10,2.84,1.71,2136.48
PARAM-LOT-02,W02,-9,-9,1,10,4.12,1.77,2121.57
PARAM-LOT-02,W02,-9,-8,1,10,2.65,1.76,2113.76
PARAM-LOT-02,W02,-9,-7,1,10,3.02,1.76,2161.32
PARAM-LOT-02,W02,-9,-6,1,10,3.65,1.74,2079.75
PARAM-LOT-02,W02,-9,-5,1,10,4.89,1.78,2055.63
PARAM-LOT-02,W02,-9,-4,1,10,3.14,1.77,2097.14
PARAM-LOT-02,W02,-9,-3,1,10,2.92,1.73,2097
PARAM-LOT-02,W02,-9,-2,1,10,3.13,1.79,2105.7
PARAM-LOT-02,W02,-9,-1,1,10,3.16,1.79,2135.99
PARAM-LOT-02,W02,-9,0,1,10,2.98,1.76,2126.02
PARAM-LOT-02,W02,-9,1,1,10,3.72,1.77,2128.64
PARAM-LOT-02,W02,-9,2,1,10,4.41,1.77,2098.54
PARAM-LOT-02,W02,-9,3,1,10,2.6,1.76,2166.12
PARAM-LOT-02,W02,-9,4,1,10,2.36,1.75,2086.14
PARAM-LOT-02,W02,-9,5,1,10,2.82,1.75,2120.83
PARAM-LOT-02,W02,-9,6,1,10,2.93,1.75,2095.93
PARAM-LOT-02,W02,-9,7,1,10,3.7,1.74,2104.32
PARAM-LOT-02,W02,-9,8,1,10,3.22,1.75,2119.96
PARAM-LOT-02,W02,-9,9,1,10,3.59,1.8,2108.12
PARAM-LOT-02,W02,-9,10,1,10,3.04,1.75,2135.49
PARAM-LOT-02,W02,-9,11,1,10,3.68,1.75,2093.46
PARAM-LOT-02,W02,-9,12,1,10,3.86,1.76,2068.98
PARAM-LOT-02,W02,-9,13,1,10,3.79,1.68,2091.65
PARAM-LOT-02,W02,-9,14,1,10,4.44,1.77,2122.24
PARAM-LOT-02,W02,-9,15,1,10,3.01,1.76,2108.73
PARAM-LOT-02,W02,-9,16,1,10,3.66,1.74,2044.82
PARAM-LOT-02,W02,-9,17,2,21,5.37,1.77,2110.42
PARAM-LOT-02,W02,-8,-17,2,21,5.36,1.8,2080.68
PARAM-LOT-02,W02,-8,-16,3,31,7.14,1.72,2073.48
PARAM-LOT-02,W02,-8,-15,1,10,3.86,1.77,2133.93
PARAM-LOT-02,W02,-8,-14,1,10,3.4,1.8,2082.69
PARAM-LOT-02,W02,-8,-13,1,10,3.3,1.81,2116.71
PARAM-LOT-02,W02,-8,-12,1,10,3.19,1.75,2090.35
PARAM-LOT-02,W02,-8,-11,1,10,4.12,1.79,2102.7
PARAM-LOT-02,W02,-8,-10,1,10,4.83,1.78,2076.39
PARAM-LOT-02,W02,-8,-9,1,10,2.5,1.8,2102.08
PARAM-LOT-02,W02,-8,-8,1,10,3.18,1.81,2111.04
PARAM-LOT-02,W02,-8,-7,1,10,3.57,1.78,2098.75
PARAM-LOT-02,W02,-8,-6,1,10,2.8,1.77,2079.65
PARAM-LOT-02,W02,-8,-5,1,10,3.46,1.72,2086
PARAM-LOT-02,W02,-8,-4,1,10,3.47,1.77,2066.71
PARAM-LOT-02,W02,-8,-3,1,10,2.98,1.77,2109.55
PARAM-LOT-02,W02,-8,-2,1,10,2.75,1.78,2106.23
PARAM-LOT-02,W02,-8,-1,1,10,3.2,1.78,2095.82
PARAM-LOT-02,W02,-8,0,1,10,3.1,1.72,2074.21
PARAM-LOT-02,W02,-8,1,1,10,2.57,1.79,2114.44
PARAM-LOT-02,W02,-8,2,1,10,3.45,1.76,2084.78
PARAM-LOT-02,W02,-8,3,1,10,4.26,1.76,2069.2
PARAM-LOT-02,W02,-8,4,1,10,3.43,1.75,2060.09
PARAM-LOT-02,W02,-8,5,1,10,3.07,1.79,2085.79
PARAM-LOT-02,W02,-8,6,1,10,4.09,1.78,2100.16
PARAM-LOT-02,W02,-8,7,1,10,4.28,1.74,2117.48
PARAM-LOT-02,W02,-8,8,1,10,3.27,1.74,2090.73
PARAM-LOT-02,W02,-8,9,1,10,3.07,1.76,2120.24
PARAM-LOT-02,W02,-8,10,1,10,2.9,1.74,2059.97
PARAM-LOT-02,W02,-8,11,1,10,3.85,1.78,2118.71
PARAM-LOT-02,W02,-8,12,1,10,2.58,1.75,2084.06
PARAM-LOT-02,W02,-8,13,1,10,4.23,1.78,2124.82
PARAM-LOT-02,W02,-8,14,1,10,3.84,1.75,2088.97
PARAM-LOT-02,W02,-8,15,1,10,3.73,1.75,2109.26
PARAM-LOT-02,W02,-8,16,1,10,4.23,1.74,2118.5
PARAM-LOT-02,W02,-8,17,3,31,6.61,1.77,2081.43
PARAM-LOT-02,W02,-7,-17,1,10,4.83,1.74,2090.82
PARAM-LOT-02,W02,-7,-16,1,10,4.73,1.76,2076.73
PARAM-LOT-02,W02,-7,-15,2,21,5.43,1.78,2081.18
PARAM-LOT-02,W02,-7,-14,1,10,3.42,1.75,2108.4
PARAM-LOT-02,W02,-7,-13,1,10,3.87,1.79,2148.21
PARAM-LOT-02,W02,-7,-12,1,10,4.05,1.79,2083.59
PARAM-LOT-02,W02,-7,-11,1,10,3.36,1.76,2055.85
PARAM-LOT-02,W02,-7,-10,1,10,3.24,1.79,2118.66
PARAM-LOT-02,W02,-7,-9,1,10,3.06,1.75,2077.16
PARAM-LOT-02,W02,-7,-8,1,10,2.98,1.79,2111.6
PARAM-LOT-02,W02,-7,-7,1,10,2.85,1.77,2089.84
PARAM-LOT-02,W02,-7,-6,1,10,2.53,1.75,2083.81
PARAM-LOT-02,W02,-7,-5,1,10,3.08,1.8,2076.58
PARAM-LOT-02,W02,-7,-4,1,10,4.04,1.77,2125.02
PARAM-LOT-02,W02,-7,-3,1,10,2.64,1.76,2121.51
PARAM-LOT-02,W02,-7,-2,1,10,3.15,1.74,2068.8
PARAM-LOT-02,W02,-7,-1,1,10,3.11,1.73,2123.24
PARAM-LOT-02,W02,-7,0,1,10,3.08,1.78,2136.22
PARAM-LOT-02,W02,-7,1,1,10,3.43,1.75,2112.49
PARAM-LOT-02,W02,-7,2,1,10,3.53,1.78,2101.28
PARAM-LOT-02,W02,-7,3,1,10,3.1,1.77,2073.05
PARAM-LOT-02,W02,-7,4,1,10,3.48,1.77,2084.42
PARAM-LOT-02,W02,-7,5,1,10,3.59,1.77,2078.44
PARAM-LOT-02,W02,-7,6,1,10,3.13,1.74,2090.54
PARAM-LOT-02,W02,-7,7,1,10,3.18,1.8,2093.24
PARAM-LOT-02,W02,-7,8,1,10,3.29,1.75,2117.71
PARAM-LOT-02,W02,-7,9,1,10,3.44,1.75,2123.01
PARAM-LOT-02,W02,-7,10,1,10,3.76,1.74,2090.34
PARAM-LOT-02,W02,-7,11,1,10,3.79,1.75,2114.61
PARAM-LOT-02,W02,-7,12,1,10,4.25,1.76,2122.7
PARAM-LOT-02,W02,-7,13,2,21,5.27,1.78,2103.58
PARAM-LOT-02,W02,-7,14,1,10,4.54,1.73,2102.54
PARAM-LOT-02,W02,-7,15,1,10,4.74,1.79,2132.07
PARAM-LOT-02,W02,-7,16,1,10,3.97,1.73,2118.97
PARAM-LOT-02,W02,-7,17,1,10,4.94,1.73,2025.02
PARAM-LOT-02,W02,-6,-18,1,10,4.98,1.8,2089.45
PARAM-LOT-02,W02,-6,-17,1,10,4.3,1.74,2085.56
PARAM-LOT-02,W02,-6,-16,1,10,3.37,1.79,2120.8
PARAM-LOT-02,W02,-6,-15,1,10,3.9,1.76,2115.09
PARAM-LOT-02,W02,-6,-14,1,10,3.95,1.8,2065.32
PARAM-LOT-02,W02,-6,-13,1,10,3.82,1.71,2124.45
PARAM-LOT-02,W02,-6,-12,2,21,5.89,1.8,2028.52
PARAM-LOT-02,W02,-6,-11,1,10,3,1.79,2112.92
PARAM-LOT-02,W02,-6,-10,1,10,2.94,1.8,2099.43
PARAM-LOT-02,W02,-6,-9,1,10,3.36,1.77,2039.47
PARAM-LOT-02,W02,-6,-8,1,10,3.11,1.78,2120.02
PARAM-LOT-02,W02,-6,-7,1,10,4,1.79,2120.75
PARAM-LOT-02,W02,-6,-6,1,10,3.44,1.8,2082.53
PARAM-LOT-02,W02,-6,-5,1,10,2.26,1.76,2103.49
PARAM-LOT-02,W02,-6,-4,1,10,3.55,1.76,2094.22
PARAM-LOT-02,W02,-6,-3,1,10,2.16,1.78,2161.59
PARAM-LOT-02,W02,-6,-2,1,10,3.22,1.82,2145.82
PARAM-LOT-02,W02,-6,-1,1,10,2.64,1.78,2092.79
PARAM-LOT-02,W02,-6,0,1,10,2.85,1.78,2098.29
PARAM-LOT-02,W02,-6,1,1,10,2.63,1.76,2098.98
PARAM-LOT-02,W02,-6,2,1,10,2.95,1.79,2089
PARAM-LOT-02,W02,-6,3,1,10,2.62,1.77,2095.4
PARAM-LOT-02,W02,-6,4,1,10,3.03,1.82,2136.56
PARAM-LOT-02,W02,-6,5,1,10,2.47,1.8,2091.41
PARAM-LOT-02,W02,-6,6,1,10,3.88,1.74,2093.31
PARAM-LOT-02,W02,-6,7,1,10,3.12,1.78,2131.63
PARAM-LOT-02,W02,-6,8,1,10,3.15,1.77,2123.81
PARAM-LOT-02,W02,-6,9,1,10,3.29,1.78,2129.06
PARAM-LOT-02,W02,-6,10,1,10,3.3,1.81,2105.62
PARAM-LOT-02,W02,-6,11,1,10,3.19,1.79,2093.22
PARAM-LOT-02,W02,-6,12,1,10,4.7,1.79,2127.35
PARAM-LOT-02,W02,-6,13,1,10,4.33,1.79,2110.13
PARAM-LOT-02,W02,-6,14,1,10,3.86,1.76,2085.82
PARAM-LOT-02,W02,-6,15,1,10,3.86,1.78,2079.23
PARAM-LOT-02,W02,-6,16,1,10,3.66,1.8,2115.63
PARAM-LOT-02,W02,-6,17,1,10,4.41,1.78,2093.09
PARAM-LOT-02,W02,-6,18,1,10,4.22,1.8,2045.99
PARAM-LOT-02,W02,-5,-18,1,10,4.23,1.76,2115.4
PARAM-LOT-02,W02,-5,-17,1,10,4.07,1.79,2081.94
PARAM-LOT-02,W02,-5,-16,1,10,4.49,1.78,2093.95
PARAM-LOT-02,W02,-5,-15,1,10,3.8,1.73,2078.08
PARAM-LOT-02,W02,-5,-14,1,10,3.85,1.83,2131.47
PARAM-LOT-02,W02,-5,-13,1,10,4.58,1.8,2100.58
PARAM-LOT-02,W02,-5,-12,1,10,2.98,1.75,2070.04
PARAM-LOT-02,W02,-5,-11,1,10,3.27,1.83,2091.92
PARAM-LOT-02,W02,-5,-10,1,10,2.95,1.77,2056.92
PARAM-LOT-02,W02,-5,-9,1,10,4.24,1.8,2088.51
PARAM-LOT-02,W02,-5,-8,1,10,2.66,1.76,2153.89
PARAM-LOT-02,W02,-5,-7,1,10,2.48,1.77,2095.78
PARAM-LOT-02,W02,-5,-6,1,10,2.17,1.79,2149.28
PARAM-LOT-02,W02,-5,-5,1,10,2.87,1.77,2094.08
PARAM-LOT-02,W02,-5,-4,1,10,3.15,1.75,2047.93
PARAM-LOT-02,W02,-5,-3,1,10,2.32,1.78,2087.39
PARAM-LOT-02,W02,-5,-2,1,10,2.23,1.74,2141.3
PARAM-LOT-02,W02,-5,-1,1,10,2.73,1.77,2124.09
PARAM-LOT-02,W02,-5,0,1,10,2.58,1.77,2089.01
PARAM-LOT-02,W02,-5,1,1,10,2.64,1.79,2095.97
PARAM-LOT-02,W02,-5,2,1,10,2.2,1.8,2138.19
PARAM-LOT-02,W02,-5,3,1,10,2.79,1.79,2078.51
PARAM-LOT-02,W02,-5,4,1,10,2.63,1.8,2134.21
PARAM-LOT-02,W02,-5,5,1,10,2.43,1.77,2054.38
PARAM-LOT-02,W02,-5,6,1,10,2.96,1.71,2106.02
PARAM-LOT-02,W02,-5,7,1,10,3.14,1.78,2129.27
PARAM-LOT-02,W02,-5,8,1,10,3.79,1.73,2146.1
PARAM-LOT-02,W02,-5,9,1,10,3.03,1.74,2045.22
PARAM-LOT-02,W02,-5,10,1,10,4.25,1.77,2039.11
PARAM-LOT-02,W02,-5,11,1,10,3.26,1.77,2101.7
PARAM-LOT-02,W02,-5,12,1,10,3.62,1.79,2114.12
PARAM-LOT-02,W02,-5,13,1,10,3.49,1.79,2137.66
PARAM-LOT-02,W02,-5,14,1,10,4.6,1.73,2106.5
PARAM-LOT-02,W02,-5,15,1,10,3.9,1.79,2064.16
PARAM-LOT-02,W02,-5,16,1,10,4.98,1.76,2108.6
PARAM-LOT-02,W02,-5,17,1,10,4,1.77,2083.31
PARAM-LOT-02,W02,-5,18,2,21,5.21,1.71,2065.21
PARAM-LOT-02,W02,-4,-18,1,10,3.64,1.81,2085.99
PARAM-LOT-02,W02,-4,-17,1,10,4.07,1.8,2095.39
PARAM-LOT-02,W02,-4,-16,1,10,3.49,1.77,2105.7
PARAM-LOT-02,W02,-4,-15,1,10,4.66,1.76,2136.21
PARAM-LOT-02,W02,-4,-14,1,10,3.84,1.79,2126.81
PARAM-LOT-02,W02,-4,-13,1,10,3.81,1.76,2093.87
PARAM-LOT-02,W02,-4,-12,1,10,3.77,1.74,2164.38
PARAM-LOT-02,W02,-4,-11,1,10,3.98,1.74,2111.07
PARAM-LOT-02,W02,-4,-10,1,10,3.25,1.79,2117.63
PARAM-LOT-02,W02,-4,-9,1,10,3.59,1.78,2117.67
PARAM-LOT-02,W02,-4,-8,1,10,3.45,1.79,2070.78
PARAM-LOT-02,W02,-4,-7,1,10,3.74,1.78,2106.55
PARAM-LOT-02,W02,-4,-6,1,10,3.54,1.79,2056.62
PARAM-LOT-02,W02,-4,-5,1,10,2.72,1.79,2077.01
PARAM-LOT-02,W02,-4,-4,1,10,2.49,1.79,2086.04
PARAM-LOT-02,W02,-4,-3,1,10,2.84,1.82,2098.88
PARAM-LOT-02,W02,-4,-2,1,10,2.99,1.78,2096.84
PARAM-LOT-02,W02,-4,-1,1,10,3.58,1.83,2093.9
PARAM-LOT-02,W02,-4,0,1,10,2.23,1.82,2096.61
PARAM-LOT-02,W02,-4,1,1,10,3.14,1.81,2086.5
PARAM-LOT-02,W02,-4,2,1,10,2.26,1.82,2099.83
PARAM-LOT-02,W02,-4,3,1,10,3.58,1.72,2113.82
PARAM-LOT-02,W02,-4,4,1,10,2.81,1.79,2133.63
PARAM-LOT-02,W02,-4,5,1,10,2.67,1.75,2097.61
PARAM-LOT-02,W02,-4,6,1,10,3.12,1.78,2101.96
PARAM-LOT-02,W02,-4,7,1,10,3.1,1.79,2071.5
PARAM-LOT-02,W02,-4,8,1,10,2.82,1.77,2110.47
PARAM-LOT-02,W02,-4,9,1,10,2.82,1.8,2096.17
PARAM-LOT-02,W02,-4,10,1,10,2.73,1.77,2121.16
PARAM-LOT-02,W02,-4,11,1,10,3.7,1.76,2085.08
PARAM-LOT-02,W02,-4,12,1,10,3,1.8,2153.61
PARAM-LOT-02,W02,-4,13,1,10,2.34,1.82,2091.87
PARAM-LOT-02,W02,-4,14,1,10,3.67,1.76,2108.29
PARAM-LOT-02,W02,-4,15,1,10,3.73,1.78,2121.77
PARAM-LOT-02,W02,-4,16,1,10,3.98,1.76,2096.03
PARAM-LOT-02,W02,-4,17,1,10,4.7,1.78,2119.18
PARAM-LOT-02,W02,-4,18,1,10,4.51,1.77,2124.94
PARAM-LOT-02,W02,-3,-19,1,10,3.68,1.78,2077.85
PARAM-LOT-02,W02,-3,-18,1,10,4.89,1.79,2078.39
PARAM-LOT-02,W02,-3,-17,1,10,3.14,1.73,2109.23
PARAM-LOT-02,W02,-3,-16,1,10,3.86,1.81,2071.01
PARAM-LOT-02,W02,-3,-15,1,10,3.43,1.79,2067.33
PARAM-LOT-02,W02,-3,-14,1,10,4.01,1.8,2131.28
PARAM-LOT-02,W02,-3,-13,1,10,3.76,1.8,2110.66
PARAM-LOT-02,W02,-3,-12,1,10,3.63,1.82,2081.9
PARAM-LOT-02,W02,-3,-11,1,10,3.93,1.75,2094.58
PARAM-LOT-02,W02,-3,-10,1,10,3.53,1.74,2108.35
PARAM-LOT-02,W02,-3,-9,1,10,2.96,1.79,2125.64
PARAM-LOT-02,W02,-3,-8,1,10,3.99,1.8,2087.71
PARAM-LOT-02,W02,-3,-7,1,10,3.41,1.78,2163.49
PARAM-LOT-02,W02,-3,-6,1,10,2.72,1.78,2089.81
PARAM-LOT-02,W02,-3,-5,1,10,3.75,1.8,2091.07
PARAM-LOT-02,W02,-3,-4,1,10,2.31,1.82,2105.89
PARAM-LOT-02,W02,-3,-3,1,10,2.59,1.8,2100.63
PARAM-LOT-02,W02,-3,-2,1,10,2.12,1.78,2071.57
PARAM-LOT-02,W02,-3,-1,1,10,3.38,1.77,2129.65
PARAM-LOT-02,W02,-3,0,1,10,3.43,1.79,2053.58
PARAM-LOT-02,W02,-3,1,1,10,3.29,1.79,2093.83
PARAM-LOT-02,W02,-3,2,1,10,3.31,1.79,2068.55
PARAM-LOT-02,W02,-3,3,1,10,2.9,1.79,2095.29
PARAM-LOT-02,W02,-3,4,1,10,2.2,1.79,2105.51
PARAM-LOT-02,W02,-3,5,1,10,2.47,1.81,2100.3
PARAM-LOT-02,W02,-3,6,1,10,2.75,1.82,2082.26
PARAM-LOT-02,W02,-3,7,1,10,3.67,1.8,2124.56
PARAM-LOT-02,W02,-3,8,1,10,3.73,1.74,2124.53
PARAM-LOT-02,W02,-3,9,1,10,2.32,1.76,2132.5
PARAM-LOT-02,W02,-3,10,1,10,3.3,1.78,2141.58
PARAM-LOT-02,W02,-3,11,1,10,3.47,1.8,2109.89
PARAM-LOT-02,W02,-3,12,1,10,4.94,1.78,2080.3
PARAM-LOT-02,W02,-3,13,1,10,3.3,1.8,2107.14
PARAM-LOT-02,W02,-3,14,2,21,6.18,1.76,2120.9
PARAM-LOT-02,W02,-3,15,1,10,4.87,1.8,2104.96
PARAM-LOT-02,W02,-3,16,1,10,3.61,1.8,2094.91
PARAM-LOT-02,W02,-3,17,1,10,4.64,1.83,2090.7
PARAM-LOT-02,W02,-3,18,1,10,4.4,1.79,2112.76
PARAM-LOT-02,W02,-3,19,1,10,4.74,1.78,2108.94
PARAM-LOT-02,W02,-2,-19,1,10,4.36,1.82,2122.26
PARAM-LOT-02,W02,-2,-18,1,10,4.33,1.82,2136.82
PARAM-LOT-02,W02,-2,-17,1,10,4.6,1.8,2130.15
PARAM-LOT-02,W02,-2,-16,1,10,3.46,1.76,2081.9
PARAM-LOT-02,W02,-2,-15,1,10,3.3,1.77,2123.05
PARAM-LOT-02,W02,-2,-14,1,10,3.85,1.75,2126.7
PARAM-LOT-02,W02,-2,-13,1,10,3.59,1.77,2054.51
PARAM-LOT-02,W02,-2,-12,1,10,4.06,1.79,2126.75
PARAM-LOT-02,W02,-2,-11,1,10,2.65,1.82,2072.64
PARAM-LOT-02,W02,-2,-10,1,10,3.01,1.81,2098.27
PARAM-LOT-02,W02,-2,-9,1,10,3.61,1.81,2076.03
PARAM-LOT-02,W02,-2,-8,1,10,2.6,1.82,2069.22
PARAM-LOT-02,W02,-2,-7,1,10,2.66,1.74,2118.68
PARAM-LOT-02,W02,-2,-6,1,10,3.37,1.79,2076.9
PARAM-LOT-02,W02,-2,-5,1,10,2.92,1.82,2087.6
PARAM-LOT-02,W02,-2,-4,1,10,3.15,1.8,2097.51
PARAM-LOT-02,W02,-2,-3,1,10,2.11,1.79,2117.04
PARAM-LOT-02,W02,-2,-2,1,10,2.5,1.76,2114.18
PARAM-LOT-02,W02,-2,-1,1,10,2.42,1.76,2107.35
PARAM-LOT-02,W02,-2,0,1,10,2.61,1.82,2042.09
PARAM-LOT-02,W02,-2,1,1,10,2.53,1.77,2114.49
PARAM-LOT-02,W02,-2,2,1,10,2.11,1.77,2115.52
PARAM-LOT-02,W02,-2,3,1,10,2.4,1.79,2096.44
PARAM-LOT-02,W02,-2,4,1,10,2.81,1.82,2097.24
PARAM-LOT-02,W02,-2,5,1,10,4.4,1.77,2115.02
PARAM-LOT-02,W02,-2,6,1,10,2.8,1.78,2104.27
PARAM-LOT-02,W02,-2,7,1,10,1.8,1.77,2117.95
PARAM-LOT-02,W02,-2,8,1,10,2.44,1.8,2066.84
PARAM-LOT-02,W02,-2,9,1,10,2.97,1.8,2138.38
PARAM-LOT-02,W02,-2,10,1,10,2.77,1.82,2127.77
PARAM-LOT-02,W02,-2,11,1,10,4.16,1.81,2117.27
PARAM-LOT-02,W02,-2,12,1,10,4.16,1.81,2131.62
PARAM-LOT-02,W02,-2,13,1,10,3.47,1.84,2117.84
PARAM-LOT-02,W02,-2,14,1,10,3.71,1.77,2101.79
PARAM-LOT-02,W02,-2,15,1,10,4.39,1.81,2120.44
PARAM-LOT-02,W02,-2,16,1,10,4.17,1.8,2133
PARAM-LOT-02,W02,-2,17,1,10,3.98,1.78,2085.78
PARAM-LOT-02,W02,-2,18,1,10,4.13,1.79,2064.63
PARAM-LOT-02,W02,-2,19,2,21,5.11,1.78,2095.88
PARAM-LOT-02,W02,-1,-19,1,10,4.73,1.82,2077.49
PARAM-LOT-02,W02,-1,-18,1,10,4.99,1.8,2080.78
PARAM-LOT-02,W02,-1,-17,1,10,3.34,1.79,2095.56
PARAM-LOT-02,W02,-1,-16,2,21,5.48,1.84,2104.55
PARAM-LOT-02,W02,-1,-15,1,10,3.18,1.78,2131.39
PARAM-LOT-02,W02,-1,-14,1,10,2.97,1.82,2086.22
PARAM-LOT-02,W02,-1,-13,1,10,2.95,1.77,2097.68
PARAM-LOT-02,W02,-1,-12,1,10,4.01,1.77,2104.2
PARAM-LOT-02,W02,-1,-11,1,10,3.78,1.82,2106.94
PARAM-LOT-02,W02,-1,-10,1,10,3.31,1.77,2102.5
PARAM-LOT-02,W02,-1,-9,1,10,3.75,1.77,2095.09
PARAM-LOT-02,W02,-1,-8,1,10,3.43,1.81,2097.93
PARAM-LOT-02,W02,-1,-7,1,10,2.46,1.8,2074.18
PARAM-LOT-02,W02,-1,-6,1,10,2.66,1.8,2121.13
PARAM-LOT-02,W02,-1,-5,1,10,3.89,1.78,2096.28
PARAM-LOT-02,W02,-1,-4,1,10,2.54,1.79,2051.49
PARAM-LOT-02,W02,-1,-3,1,10,2.6,1.8,2104.38
PARAM-LOT-02,W02,-1,-2,1,10,2.44,1.83,2140.69
PARAM-LOT-02,W02,-1,-1,1,10,1.97,1.78,2137.27
PARAM-LOT-02,W02,-1,0,1,10,2.34,1.81,2050.36
PARAM-LOT-02,W02,-1,1,1,10,3.62,1.76,2094.25
PARAM-LOT-02,W02,-1,2,1,10,3.04,1.79,2133.78
PARAM-LOT-02,W02,-1,3,1,10,2.62,1.82,2141.88
PARAM-LOT-02,W02,-1,4,1,10,3.5,1.81,2140.25
PARAM-LOT-02,W02,-1,5,1,10,2.86,1.81,2079.18
PARAM-LOT-02,W02,-1,6,1,10,3.55,1.76,2074.81
PARAM-LOT-02,W02,-1,7,1,10,4.31,1.81,2057.01
PARAM-LOT-02,W02,-1,8,1,10,3.78,1.73,2109.44
PARAM-LOT-02,W02,-1,9,1,10,3.12,1.75,2090.21
PARAM-LOT-02,W02,-1,10,1,10,2.87,1.85,2124.76
PARAM-LOT-02,W02,-1,11,1,10,3.79,1.79,2086.94
PARAM-LOT-02,W02,-1,12,1,10,3.62,1.77,2132.06
PARAM-LOT-02,W02,-1,13,1,10,3.76,1.84,2091.64
PARAM-LOT-02,W02,-1,14,1,10,4.87,1.79,2095.06
PARAM-LOT-02,W02,-1,15,1,10,4.45,1.81,2111.4
PARAM-LOT-02,W02,-1,16,1,10,3.53,1.8,2080.97
PARAM-LOT-02,W02,-1,17,1,10,3.25,1.77,2095.62
PARAM-LOT-02,W02,-1,18,1,10,3.87,1.84,2087.53
PARAM-LOT-02,W02,-1,19,1,10,2.86,1.83,2148.92
PARAM-LOT-02,W02,0,-19,1,10,4.07,1.78,2115.09
PARAM-LOT-02,W02,0,-18,1,10,4.97,1.8,2082.91
PARAM-LOT-02,W02,0,-17,1,10,3.96,1.8,2040.81
PARAM-LOT-02,W02,0,-16,1,10,4.9,1.76,2136.25
PARAM-LOT-02,W02,0,-15,1,10,4.36,1.8,2086.79
PARAM-LOT-02,W02,0,-14,1,10,3.78,1.81,2090.11
PARAM-LOT-02,W02,0,-13,1,10,3.07,1.85,2101.03
PARAM-LOT-02,W02,0,-12,1,10,3.57,1.81,2110.54
PARAM-LOT-02,W02,0,-11,1,10,3.34,1.81,2092.22
PARAM-LOT-02,W02,0,-10,1,10,3.35,1.79,2080.41
PARAM-LOT-02,W02,0,-9,1,10,3.44,1.76,2085.26
PARAM-LOT-02,W02,0,-8,1,10,2.66,1.86,2075.67
PARAM-LOT-02,W02,0,-7,1,10,2.6,1.79,2110.66
PARAM-LOT-02,W02,0,-6,1,10,3.08,1.78,2087.12
PARAM-LOT-02,W02,0,-5,1,10,2.37,1.82,2091.9
PARAM-LOT-02,W02,0,-4,1,10,2.98,1.81,2132.01
PARAM-LOT-02,W02,0,-3,1,10,3.7,1.74,2099.55
PARAM-LOT-02,W02,0,-2,1,10,2.28,1.85,2098.3
PARAM-LOT-02,W02,0,-1,1,10,1.91,1.78,2066.15
PARAM-LOT-02,W02,0,0,1,10,2.74,1.83,2127.23
PARAM-LOT-02,W02,0,1,1,10,2.65,1.8,2111.53
PARAM-LOT-02,W02,0,2,1,10,2.81,1.81,2080.94
PARAM-LOT-02,W02,0,3,1,10,3.04,1.8,2077.16
PARAM-LOT-02,W02,0,4,1,10,2.52,1.79,2114.84
PARAM-LOT-02,W02,0,5,1,10,3.08,1.8,2096
PARAM-LOT-02,W02,0,6,1,10,2.47,1.76,2097.66
PARAM-LOT-02,W02,0,7,1,10,3.09,1.8,2061.68
PARAM-LOT-02,W02,0,8,1,10,3.41,1.77,2104.26
PARAM-LOT-02,W02,0,9,1,10,3.37,1.78,2134.88
PARAM-LOT-02,W02,0,10,1,10,3.51,1.81,2122.27
PARAM-LOT-02,W02,0,11,1,10,3.38,1.76,2097.11
PARAM-LOT-02,W02,0,12,1,10,3.64,1.74,2085.46
PARAM-LOT-02,W02,0,13,1,10,3.49,1.77,2132.97
PARAM-LOT-02,W02,0,14,1,10,4.3,1.76,2108.87
PARAM-LOT-02,W02,0,15,1,10,2.97,1.81,2105.58
PARAM-LOT-02,W02,0,16,1,10,4.48,1.77,2041.23
PARAM-LOT-02,W02,0,17,1,10,3.99,1.77,2112.11
PARAM-LOT-02,W02,0,18,1,10,4.67,1.78,2071.84
PARAM-LOT-02,W02,0,19,1,10,3.94,1.76,2121.54
PARAM-LOT-02,W02,1,-19,1,10,4.83,1.8,2137.27
PARAM-LOT-02,W02,1,-18,1,10,3.92,1.78,2088.77
PARAM-LOT-02,W02,1,-17,1,10,3.69,1.81,2134.2
PARAM-LOT-02,W02,1,-16,1,10,3.49,1.78,2136.18
PARAM-LOT-02,W02,1,-15,2,21,5.19,1.81,2099.98
PARAM-LOT-02,W02,1,-14,1,10,2.82,1.83,2070.99
PARAM-LOT-02,W02,1,-13,1,10,2.82,1.83,2113.92
PARAM-LOT-02,W02,1,-12,1,10,2.98,1.82,2098.6
PARAM-LOT-02,W02,1,-11,1,10,3.62,1.82,2096.29
PARAM-LOT-02,W02,1,-10,1,10,4.22,1.79,2106.43
PARAM-LOT-02,W02,1,-9,1,10,3.71,1.83,2053.72
PARAM-LOT-02,W02,1,-8,1,10,4.01,1.84,2061.3
PARAM-LOT-02,W02,1,-7,1,10,3.21,1.78,2129.1
PARAM-LOT-02,W02,1,-6,1,10,2.68,1.77,2103.57
PARAM-LOT-02,W02,1,-5,1,10,2.91,1.81,2133.02
PARAM-LOT-02,W02,1,-4,1,10,3.57,1.8,2081.74
PARAM-LOT-02,W02,1,-3,1,10,3.05,1.79,2088.48
PARAM-LOT-02,W02,1,-2,1,10,2.61,1.82,2102.29
PARAM-LOT-02,W02,1,-1,1,10,2.27,1.8,2096.58
PARAM-LOT-02,W02,1,0,1,10,2.79,1.81,2048.46
PARAM-LOT-02,W02,1,1,1,10,3.53,1.78,2110.63
PARAM-LOT-02,W02,1,2,1,10,2.77,1.78,2072.74
PARAM-LOT-02,W02,1,3,1,10,3.22,1.82,2100.93
PARAM-LOT-02,W02,1,4,1,10,2.74,1.8,2156.82
PARAM-LOT-02,W02,1,5,1,10,3.56,1.79,2088.97
PARAM-LOT-02,W02,1,6,1,10,3.48,1.79,2094.08
PARAM-LOT-02,W02,1,7,1,10,2.62,1.79,2112.14
PARAM-LOT-02,W02,1,8,1,10,3,1.78,2035.97
PARAM-LOT-02,W02,1,9,1,10,2.79,1.82,2105.45
PARAM-LOT-02,W02,1,10,1,10,2.6,1.87,2080.15
PARAM-LOT-02,W02,1,11,1,10,3.13,1.81,2064.84
PARAM-LOT-02,W02,1,12,1,10,2.83,1.8,2087.39
PARAM-LOT-02,W02,1,13,1,10,3.19,1.82,2097.57
PARAM-LOT-02,W02,1,14,2,21,5.44,1.79,2108.59
PARAM-LOT-02,W02,1,15,2,21,5.42,1.81,2119.57
PARAM-LOT-02,W02,1,16,1,10,3.79,1.82,2115.28
PARAM-LOT-02,W02,1,17,1,10,4.26,1.79,2105.75
PARAM-LOT-02,W02,1,18,1,10,4.17,1.8,2108.55
PARAM-LOT-02,W02,1,19,1,10,3.99,1.81,2075.66
PARAM-LOT-02,W02,2,-19,1,10,3.99,1.81,2120.38
PARAM-LOT-02,W02,2,-18,1,10,3.91,1.79,2063.77
PARAM-LOT-02,W02,2,-17,1,10,4.13,1.82,2091.07
PARAM-LOT-02,W02,2,-16,1,10,3.3,1.8,2077.76
PARAM-LOT-02,W02,2,-15,1,10,3.04,1.79,2104.35
PARAM-LOT-02,W02,2,-14,1,10,2.65,1.83,2092.62
PARAM-LOT-02,W02,2,-13,1,10,4.3,1.86,2045.73
PARAM-LOT-02,W02,2,-12,1,10,3.68,1.8,2063.44
PARAM-LOT-02,W02,2,-11,1,10,3.44,1.76,2118.3
PARAM-LOT-02,W02,2,-10,1,10,2.67,1.83,2091.82
PARAM-LOT-02,W02,2,-9,1,10,3.4,1.81,2100.92
PARAM-LOT-02,W02,2,-8,1,10,2.87,1.82,2090.03
PARAM-LOT-02,W02,2,-7,1,10,3,1.83,2118.23
PARAM-LOT-02,W02,2,-6,1,10,2.71,1.83,2092.63
PARAM-LOT-02,W02,2,-5,1,10,2.61,1.79,2081.65
PARAM-LOT-02,W02,2,-4,1,10,2.96,1.84,2090.4
PARAM-LOT-02,W02,2,-3,1,10,2.9,1.79,2057.78
PARAM-LOT-02,W02,2,-2,1,10,2.5,1.77,2125.19
PARAM-LOT-02,W02,2,-1,1,10,3.7,1.8,2131.99
PARAM-LOT-02,W02,2,0,1,10,3.95,1.81,2063.22
PARAM-LOT-02,W02,2,1,3,31,7.14,1.83,2090.81
PARAM-LOT-02,W02,2,2,1,10,4.3,1.8,2070.04
PARAM-LOT-02,W02,2,3,1,10,3.83,1.83,2094.19
PARAM-LOT-02,W02,2,4,1,10,3.38,1.8,2134.6
PARAM-LOT-02,W02,2,5,1,10,2.11,1.8,2124.32
PARAM-LOT-02,W02,2,6,1,10,3.67,1.83,2121.61
PARAM-LOT-02,W02,2,7,1,10,3.95,1.84,2074
PARAM-LOT-02,W02,2,8,1,10,3.99,1.85,2095.85
PARAM-LOT-02,W02,2,9,1,10,3.39,1.83,2121.83
PARAM-LOT-02,W02,2,10,1,10,3.19,1.81,2103.11
PARAM-LOT-02,W02,2,11,1,10,3.26,1.82,2102.22
PARAM-LOT-02,W02,2,12,1,10,3.65,1.78,2059.65
PARAM-LOT-02,W02,2,13,1,10,3.48,1.81,2136.3
PARAM-LOT-02,W02,2,14,1,10,2.99,1.77,2096.5
PARAM-LOT-02,W02,2,15,1,10,4.21,1.77,2137.56
PARAM-LOT-02,W02,2,16,1,10,3.21,1.83,2064.57
PARAM-LOT-02,W02,2,17,1,10,3.16,1.84,2117.32
PARAM-LOT-02,W02,2,18,1,10,3.37,1.78,2098.89
PARAM-LOT-02,W02,2,19,1,10,3.37,1.82,2059.18
PARAM-LOT-02,W02,3,-19,1,10,3.95,1.81,2114.14
PARAM-LOT-02,W02,3,-18,1,10,4.35,1.79,2121.56
PARAM-LOT-02,W02,3,-17,2,21,5.02,1.82,2125.3
PARAM-LOT-02,W02,3,-16,1,10,3.71,1.81,2075.29
PARAM-LOT-02,W02,3,-15,1,10,4.15,1.79,2074.34
PARAM-LOT-02,W02,3,-14,1,10,4.8,1.83,2116.37
PARAM-LOT-02,W02,3,-13,1,10,4.28,1.83,2118.38
PARAM-LOT-02,W02,3,-12,1,10,3.06,1.82,2095.79
PARAM-LOT-02,W02,3,-11,1,10,3.66,1.81,2110.82
PARAM-LOT-02,W02,3,-10,1,10,3.18,1.8,2146.97
PARAM-LOT-02,W02,3,-9,1,10,2.91,1.78,2098.07
PARAM-LOT-02,W02,3,-8,1,10,3.16,1.8,2115.71
PARAM-LOT-02,W02,3,-7,1,10,2.78,1.81,2117.77
PARAM-LOT-02,W02,3,-6,1,10,3.11,1.86,2121.45
PARAM-LOT-02,W02,3,-5,1,10,3.15,1.83,2098.42
PARAM-LOT-02,W02,3,-4,1,10,3.68,1.78,2090.4
PARAM-LOT-02,W02,3,-3,1,10,2.47,1.82,2105.39
PARAM-LOT-02,W02,3,-2,1,10,3.76,1.83,2114.08
PARAM-LOT-02,W02,3,-1,2,21,5.58,1.8,2061.39
PARAM-LOT-02,W02,3,0,1,10,4.14,1.84,2040.87
PARAM-LOT-02,W02,3,1,2,21,5.79,1.8,2104.17
PARAM-LOT-02,W02,3,2,1,10,4.01,1.8,2105.1
PARAM-LOT-02,W02,3,3,1,10,3.94,1.8,2089.27
PARAM-LOT-02,W02,3,4,1,10,3.44,1.77,2084.14
PARAM-LOT-02,W02,3,5,1,10,3.48,1.81,2157.24
PARAM-LOT-02,W02,3,6,1,10,3.1,1.83,2117.59
PARAM-LOT-02,W02,3,7,1,10,3.89,1.81,2181.04
PARAM-LOT-02,W02,3,8,1,10,2.96,1.78,2083.21
PARAM-LOT-02,W02,3,9,1,10,3.1,1.79,2114.89
PARAM-LOT-02,W02,3,10,1,10,4.25,1.79,2111.98
PARAM-LOT-02,W02,3,11,1,10,4.5,1.82,2080.73
PARAM-LOT-02,W02,3,12,1,10,3.85,1.84,2102.9
PARAM-LOT-02,W02,3,13,1,10,4.26,1.83,2114.04
PARAM-LOT-02,W02,3,14,1,10,3.52,1.82,2099.88
PARAM-LOT-02,W02,3,15,1,10,4.72,1.88,2104.84
PARAM-LOT-02,W02,3,16,1,10,4.24,1.78,2073.97
PARAM-LOT-02,W02,3,17,1,10,3.23,1.83,2109.55
PARAM-LOT-02,W02,3,18,1,10,3.23,1.85,2096.19
PARAM-LOT-02,W02,3,19,2,21,5.16,1.83,2115.07
PARAM-LOT-02,W02,4,-18,1,10,4.7,1.82,2061.39
PARAM-LOT-02,W02,4,-17,1,10,3.43,1.83,2140.23
PARAM-LOT-02,W02,4,-16,1,10,3.59,1.83,2124.45
PARAM-LOT-02,W02,4,-15,1,10,3.7,1.81,2078
PARAM-LOT-02,W02,4,-14,1,10,2.98,1.81,2095.08
PARAM-LOT-02,W02,4,-13,1,10,3.32,1.81,2077.53
PARAM-LOT-02,W02,4,-12,1,10,3.95,1.88,2090.75
PARAM-LOT-02,W02,4,-11,1,10,4.25,1.84,2092.62
PARAM-LOT-02,W02,4,-10,1,10,3.8,1.82,2146.82
PARAM-LOT-02,W02,4,-9,1,10,3.98,1.79,2089.05
PARAM-LOT-02,W02,4,-8,1,10,3.6,1.83,2085.58
PARAM-LOT-02,W02,4,-7,1,10,3.91,1.81,2127.28
PARAM-LOT-02,W02,4,-6,1,10,3.19,1.83,2080.69
PARAM-LOT-02,W02,4,-5,1,10,3.05,1.78,2125.21
PARAM-LOT-02,W02,4,-4,1,10,2.35,1.78,2170.74
PARAM-LOT-02,W02,4,-3,1,10,2.14,1.8,2151.48
PARAM-LOT-02,W02,4,-2,1,10,3.05,1.87,2110.45
PARAM-LOT-02,W02,4,-1,1,10,2.45,1.81,2078.41
PARAM-LOT-02,W02,4,0,1,10,4.1,1.86,2110.66
PARAM-LOT-02,W02,4,1,2,21,5.34,1.79,2098.79
PARAM-LOT-02,W02,4,2,2,21,5.44,1.81,2147.39
PARAM-LOT-02,W02,4,3,1,10,3.63,1.83,2110.42
PARAM-LOT-02,W02,4,4,1,10,3.67,1.82,2116.24
PARAM-LOT-02,W02,4,5,1,10,2.91,1.83,2079.9
PARAM-LOT-02,W02,4,6,1,10,2.98,1.81,2152.79
PARAM-LOT-02,W02,4,7,1,10,4.64,1.81,2119.61
PARAM-LOT-02,W02,4,8,1,10,3.75,1.82,2067.39
PARAM-LOT-02,W02,4,9,1,10,2.76,1.84,2053.22
PARAM-LOT-02,W02,4,10,1,10,3.94,1.79,2113.46
PARAM-LOT-02,W02,4,11,1,10,4.03,1.84,2111.89
PARAM-LOT-02,W02,4,12,1,10,3.79,1.85,2121.73
PARAM-LOT-02,W02,4,13,1,10,4.34,1.8,2079.11
PARAM-LOT-02,W02,4,14,1,10,4.53,1.8,2091.98
PARAM-LOT-02,W02,4,15,1,10,3.41,1.82,2057.93
PARAM-LOT-02,W02,4,16,1,10,4.68,1.86,2113.03
PARAM-LOT-02,W02,4,17,1,10,3.73,1.79,2115.35
PARAM-LOT-02,W02,4,18,1,10,4.98,1.82,2107.61
PARAM-LOT-02,W02,5,-18,1,10,4.74,1.83,2114.3
PARAM-LOT-02,W02,5,-17,2,21,6.08,1.8,2193.96
PARAM-LOT-02,W02,5,-16,1,10,4.89,1.79,2129.75
PARAM-LOT-02,W02,5,-15,1,10,3.83,1.78,2114.89
PARAM-LOT-02,W02,5,-14,1,10,2.94,1.84,2137.14
PARAM-LOT-02,W02,5,-13,1,10,4.03,1.81,2126.19
PARAM-LOT-02,W02,5,-12,1,10,3.96,1.8,2085.22
PARAM-LOT-02,W02,5,-11,1,10,2.95,1.82,2058.93
PARAM-LOT-02,W02,5,-10,1,10,4.55,1.83,2131.53
PARAM-LOT-02,W02,5,-9,2,21,5.4,1.78,2105.74
PARAM-LOT-02,W02,5,-8,1,10,2.58,1.8,2039.88
PARAM-LOT-02,W02,5,-7,1,10,3.12,1.84,2082.49
PARAM-LOT-02,W02,5,-6,1,10,3.52,1.84,2085.84
PARAM-LOT-02,W02,5,-5,1,10,2.52,1.8,2093.9
PARAM-LOT-02,W02,5,-4,1,10,2.73,1.81,2105.64
PARAM-LOT-02,W02,5,-3,1,10,3.54,1.86,2092.51
PARAM-LOT-02,W02,5,-2,1,10,4.21,1.84,2103.55
PARAM-LOT-02,W02,5,-1,1,10,2.5,1.82,2112.62
PARAM-LOT-02,W02,5,0,1,10,2.91,1.8,2119.81
PARAM-LOT-02,W02,5,1,1,10,3.16,1.8,2094.15
PARAM-LOT-02,W02,5,2,1,10,3.49,1.87,2102.02
PARAM-LOT-02,W02,5,3,1,10,4.25,1.78,2129.32
PARAM-LOT-02,W02,5,4,1,10,3.43,1.82,2120.5
PARAM-LOT-02,W02,5,5,1,10,2.17,1.82,2092.44
PARAM-LOT-02,W02,5,6,1,10,3.22,1.91,2089.85
PARAM-LOT-02,W02,5,7,1,10,2.8,1.84,2084.8
PARAM-LOT-02,W02,5,8,1,10,4.03,1.84,2094.99
PARAM-LOT-02,W02,5,9,1,10,2.6,1.82,2123.33
PARAM-LOT-02,W02,5,10,1,10,3.21,1.8,2059.32
PARAM-LOT-02,W02,5,11,2,21,5.02,1.86,2120.22
PARAM-LOT-02,W02,5,12,1,10,4.19,1.82,2121.49
PARAM-LOT-02,W02,5,13,1,10,3.71,1.78,2130.2
PARAM-LOT-02,W02,5,14,1,10,4.82,1.83,2055.95
PARAM-LOT-02,W02,5,15,1,10,3.61,1.81,2044.17
PARAM-LOT-02,W02,5,16,1,10,3.64,1.83,2175.56
PARAM-LOT-02,W02,5,17,1,10,4.43,1.78,2111.74
PARAM-LOT-02,W02,5,18,1,10,4.09,1.87,2107.26
PARAM-LOT-02,W02,6,-18,1,10,4.12,1.82,2054.69
PARAM-LOT-02,W02,6,-17,1,10,4.6,1.86,2138.87
PARAM-LOT-02,W02,6,-16,1,10,3.67,1.85,2088.25
PARAM-LOT-02,W02,6,-15,1,10,3.33,1.8,2131.42
PARAM-LOT-02,W02,6,-14,1,10,4.73,1.83,2133.37
PARAM-LOT-02,W02,6,-13,1,10,3.31,1.83,2112.52
PARAM-LOT-02,W02,6,-12,1,10,4.41,1.83,2076.37
PARAM-LOT-02,W02,6,-11,1,10,3.05,1.82,2045.57
PARAM-LOT-02,W02,6,-10,1,10,3.03,1.8,2040.79
PARAM-LOT-02,W02,6,-9,1,10,4.41,1.84,2101.09
PARAM-LOT-02,W02,6,-8,1,10,3.71,1.8,2076.74
PARAM-LOT-02,W02,6,-7,1,10,2.5,1.82,2060.54
PARAM-LOT-02,W02,6,-6,1,10,2.78,1.85,2147.47
PARAM-LOT-02,W02,6,-5,1,10,3.36,1.85,2054.86
PARAM-LOT-02,W02,6,-4,1,10,2.72,1.84,2114.08
PARAM-LOT-02,W02,6,-3,1,10,2.82,1.82,2118.54
PARAM-LOT-02,W02,6,-2,1,10,4.07,1.82,2134.11
PARAM-LOT-02,W02,6,-1,1,10,3.39,1.84,2108.07
PARAM-LOT-02,W02,6,0,1,10,4.23,1.82,2100.66
PARAM-LOT-02,W02,6,1,1,10,3.41,1.81,2104.78
PARAM-LOT-02,W02,6,2,1,10,3.1,1.86,2086.74
PARAM-LOT-02,W02,6,3,1,10,3.31,1.86,2114.49
PARAM-LOT-02,W02,6,4,1,10,2.62,1.85,2099.87
PARAM-LOT-02,W02,6,5,1,10,3.27,1.83,2045.2
PARAM-LOT-02,W02,6,6,1,10,3.78,1.82,2098.85
PARAM-LOT-02,W02,6,7,1,10,2.68,1.84,2142.57
PARAM-LOT-02,W02,6,8,1,10,4.32,1.83,2073.82
PARAM-LOT-02,W02,6,9,1,10,2.53,1.8,2093.6
PARAM-LOT-02,W02,6,10,1,10,3.16,1.83,2110.85
PARAM-LOT-02,W02,6,11,1,10,4.38,1.82,2095.1
PARAM-LOT-02,W02,6,12,1,10,3.54,1.8,2078.8
PARAM-LOT-02,W02,6,13,1,10,2.76,1.82,2122.18
PARAM-LOT-02,W02,6,14,2,21,5.56,1.84,2132.71
PARAM-LOT-02,W02,6,15,1,10,3.82,1.78,2094.17
PARAM-LOT-02,W02,6,16,2,21,6.09,1.78,2100.56
PARAM-LOT-02,W02,6,17,2,21,5.41,1.82,2108.81
PARAM-LOT-02,W02,6,18,1,10,3.86,1.83,2092.2
PARAM-LOT-02,W02,7,-17,1,10,3.89,1.84,2128.95
PARAM-LOT-02,W02,7,-16,1,10,3.71,1.87,2094.35
PARAM-LOT-02,W02,7,-15,1,10,3.95,1.82,2086.1
PARAM-LOT-02,W02,7,-14,1,10,3.59,1.84,2079.03
PARAM-LOT-02,W02,7,-13,2,21,5.37,1.81,2087.46
PARAM-LOT-02,W02,7,-12,1,10,4.12,1.85,2073.95
PARAM-LOT-02,W02,7,-11,1,10,4.01,1.88,2116.33
PARAM-LOT-02,W02,7,-10,1,10,4.11,1.86,2087.91
PARAM-LOT-02,W02,7,-9,1,10,4.13,1.88,2071.72
PARAM-LOT-02,W02,7,-8,1,10,3.78,1.83,2086.57
PARAM-LOT-02,W02,7,-7,1,10,3.37,1.81,2081.99
PARAM-LOT-02,W02,7,-6,1,10,4.02,1.82,2151.94
PARAM-LOT-02,W02,7,-5,1,10,2.75,1.83,2099.96
PARAM-LOT-02,W02,7,-4,1,10,2.71,1.87,2115.09
PARAM-LOT-02,W02,7,-3,1,10,3.06,1.84,2069.25
PARAM-LOT-02,W02,7,-2,1,10,2.27,1.84,2067.1
PARAM-LOT-02,W02,7,-1,2,21,5.07,1.84,2070.63
PARAM-LOT-02,W02,7,0,1,10,3.25,1.83,2124.95
PARAM-LOT-02,W02,7,1,1,10,2.42,1.79,2102.24
PARAM-LOT-02,W02,7,2,1,10,3.42,1.84,2097.14
PARAM-LOT-02,W02,7,3,1,10,3.39,1.87,2097.38
PARAM-LOT-02,W02,7,4,1,10,3.32,1.81,2074.14
PARAM-LOT-02,W02,7,5,1,10,2.28,1.87,2103.54
PARAM-LOT-02,W02,7,6,1,10,3.95,1.84,2097.58
PARAM-LOT-02,W02,7,7,1,10,2.29,1.81,2089.51
PARAM-LOT-02,W02,7,8,1,10,3.06,1.82,2059.51
PARAM-LOT-02,W02,7,9,1,10,4.32,1.85,2092.61
PARAM-LOT-02,W02,7,10,1,10,3.12,1.81,2061.96
PARAM-LOT-02,W02,7,11,1,10,3.83,1.83,2106.76
PARAM-LOT-02,W02,7,12,1,10,3.54,1.82,2075.11
PARAM-LOT-02,W02,7,13,1,10,4.56,1.81,2144.22
PARAM-LOT-02,W02,7,14,1,10,4.9,1.81,2103.5
PARAM-LOT-02,W02,7,15,1,10,4.15,1.84,2104.79
PARAM-LOT-02,W02,7,16,1,10,4.35,1.84,2091.45
PARAM-LOT-02,W02,7,17,1,10,4.11,1.81,2121.33
PARAM-LOT-02,W02,8,-17,2,21,5.74,1.83,2117.04
PARAM-LOT-02,W02,8,-16,1,10,3.94,1.91,2093.82
PARAM-LOT-02,W02,8,-15,2,21,5.27,1.84,2095.5
PARAM-LOT-02,W02,8,-14,1,10,4.45,1.85,2100.58
PARAM-LOT-02,W02,8,-13,2,21,5.21,1.85,2098.81
PARAM-LOT-02,W02,8,-12,1,10,3.35,1.82,2070.75
PARAM-LOT-02,W02,8,-11,1,10,3.5,1.82,2081.17
PARAM-LOT-02,W02,8,-10,1,10,3.54,1.81,2121.68
PARAM-LOT-02,W02,8,-9,1,10,3.85,1.84,2118.65
PARAM-LOT-02,W02,8,-8,1,10,3.61,1.88,2078.23
PARAM-LOT-02,W02,8,-7,1,10,2.82,1.85,2126.09
PARAM-LOT-02,W02,8,-6,1,10,3.55,1.77,2100.56
PARAM-LOT-02,W02,8,-5,1,10,2.94,1.89,2126.67
PARAM-LOT-02,W02,8,-4,1,10,2.89,1.84,2129.79
PARAM-LOT-02,W02,8,-3,1,10,3.9,1.83,2112.96
PARAM-LOT-02,W02,8,-2,1,10,3.14,1.83,2125.67
PARAM-LOT-02,W02,8,-1,1,10,3.25,1.87,2123.86
PARAM-LOT-02,W02,8,0,1,10,2.91,1.84,2118.95
PARAM-LOT-02,W02,8,1,1,10,2.33,1.86,2153.74
PARAM-LOT-02,W02,8,2,1,10,2.45,1.81,2139.25
PARAM-LOT-02,W02,8,3,1,10,3.27,1.82,2073.65
PARAM-LOT-02,W02,8,4,1,10,4.25,1.81,2077.54
PARAM-LOT-02,W02,8,5,1,10,4.03,1.81,2100.73
PARAM-LOT-02,W02,8,6,1,10,2.92,1.86,2083.07
PARAM-LOT-02,W02,8,7,1,10,3.68,1.83,2070.96
PARAM-LOT-02,W02,8,8,1,10,3.55,1.86,2152.12
PARAM-LOT-02,W02,8,9,1,10,3.86,1.87,2099.83
PARAM-LOT-02,W02,8,10,1,10,4.78,1.82,2095.73
PARAM-LOT-02,W02,8,11,1,10,3.99,1.85,2120.83
PARAM-LOT-02,W02,8,12,1,10,3.81,1.88,2100.85
PARAM-LOT-02,W02,8,13,1,10,3.6,1.81,2131.66
PARAM-LOT-02,W02,8,14,1,10,3.76,1.85,2124.39
PARAM-LOT-02,W02,8,15,1,10,2.74,1.82,2077.68
PARAM-LOT-02,W02,8,16,1,10,4.86,1.87,2117.23
PARAM-LOT-02,W02,8,17,2,21,5.78,1.82,2122.51
PARAM-LOT-02,W02,9,-17,1,10,4.33,1.86,2112.09
PARAM-LOT-02,W02,9,-16,1,10,4.42,1.87,2073.44
PARAM-LOT-02,W02,9,-15,1,10,3.85,1.84,2083.94
PARAM-LOT-02,W02,9,-14,1,10,4.27,1.9,2097.99
PARAM-LOT-02,W02,9,-13,1,10,3.76,1.85,2083.8
PARAM-LOT-02,W02,9,-12,1,10,4.03,1.85,2119.69
PARAM-LOT-02,W02,9,-11,1,10,3.76,1.87,2073.29
PARAM-LOT-02,W02,9,-10,1,10,4.49,1.9,2068.02
PARAM-LOT-02,W02,9,-9,1,10,4.08,1.85,2123.12
PARAM-LOT-02,W02,9,-8,1,10,3.4,1.86,2141.3
PARAM-LOT-02,W02,9,-7,1,10,3.38,1.86,2142.56
PARAM-LOT-02,W02,9,-6,1,10,4.33,1.88,2072.96
PARAM-LOT-02,W02,9,-5,1,10,3.58,1.85,2124.21
PARAM-LOT-02,W02,9,-4,1,10,2.64,1.83,2090.45
PARAM-LOT-02,W02,9,-3,1,10,3.96,1.85,2117.35
PARAM-LOT-02,W02,9,-2,1,10,2.96,1.88,2086.31
PARAM-LOT-02,W02,9,-1,1,10,3.1,1.83,2130.54
PARAM-LOT-02,W02,9,0,1,10,3.54,1.88,2102.55
PARAM-LOT-02,W02,9,1,1,10,3.02,1.86,2110.93
PARAM-LOT-02,W02,9,2,1,10,3.02,1.87,2076.43
PARAM-LOT-02,W02,9,3,1,10,2.73,1.84,2109.44
PARAM-LOT-02,W02,9,4,1,10,2.92,1.85,2125.64
PARAM-LOT-02,W02,9,5,1,10,2.55,1.84,2100.53
PARAM-LOT-02,W02,9,6,1,10,3.69,1.86,2111.77
PARAM-LOT-02,W02,9,7,1,10,3.03,1.89,2104.98
PARAM-LOT-02,W02,9,8,1,10,3.41,1.88,2104.34
PARAM-LOT-02,W02,9,9,1,10,4.53,1.89,2101.72
PARAM-LOT-02,W02,9,10,1,10,4.06,1.85,2072.65
PARAM-LOT-02,W02,9,11,1,10,4.11,1.85,2082.18
PARAM-LOT-02,W02,9,12,1,10,3.38,1.88,2106.95
PARAM-LOT-02,W02,9,13,1,10,4.48,1.83,2059.16
PARAM-LOT-02,W02,9,14,1,10,4.24,1.86,2124.5
PARAM-LOT-02,W02,9,15,1,10,3.98,1.79,2059.56
PARAM-LOT-02,W02,9,16,1,10,4.5,1.81,2085.11
PARAM-LOT-02,W02,9,17,1,10,4.96,1.82,2078.95
PARAM-LOT-02,W02,10,-16,2,21,6.46,1.85,2103.78
PARAM-LOT-02,W02,10,-15,1,10,4.19,1.84,2066.76
PARAM-LOT-02,W02,10,-14,1,10,4.23,1.87,2115.88
PARAM-LOT-02,W02,10,-13,1,10,4.53,1.81,2101.88
PARAM-LOT-02,W02,10,-12,1,10,3.97,1.9,2130.53
PARAM-LOT-02,W02,10,-11,2,21,5.74,1.82,2120.63
PARAM-LOT-02,W02,10,-10,1,10,3.28,1.83,2117.52
PARAM-LOT-02,W02,10,-9,1,10,4.01,1.8,2089.85
PARAM-LOT-02,W02,10,-8,1,10,3.73,1.83,2099.33
PARAM-LOT-02,W02,10,-7,2,21,6.25,1.84,2097.94
PARAM-LOT-02,W02,10,-6,1,10,3.14,1.79,2069.45
PARAM-LOT-02,W02,10,-5,1,10,3.25,1.83,2166.43
PARAM-LOT-02,W02,10,-4,1,10,4.89,1.87,2092.58
PARAM-LOT-02,W02,10,-3,1,10,3.04,1.84,2114.3
PARAM-LOT-02,W02,10,-2,1,10,3.9,1.85,2096.25
PARAM-LOT-02,W02,10,-1,1,10,2.93,1.83,2099.89
PARAM-LOT-02,W02,10,0,1,10,3.83,1.86,2063.17
PARAM-LOT-02,W02,10,1,1,10,4.42,1.86,2032.37
PARAM-LOT-02,W02,10,2,1,10,3.51,1.82,2104.22
PARAM-LOT-02,W02,10,3,1,10,2.94,1.84,2115.2
PARAM-LOT-02,W02,10,4,1,10,3.34,1.86,2128.44
PARAM-LOT-02,W02,10,5,1,10,3.02,1.85,2067.93
PARAM-LOT-02,W02,10,6,1,10,4.76,1.84,2104.03
PARAM-LOT-02,W02,10,7,1,10,4.38,1.79,2089.65
PARAM-LOT-02,W02,10,8,1,10,3.76,1.81,2057.64
PARAM-LOT-02,W02,10,9,1,10,3.42,1.89,2102.46
PARAM-LOT-02,W02,10,10,1,10,4.49,1.84,2110.13
PARAM-LOT-02,W02,10,11,1,10,4.29,1.81,2109.43
PARAM-LOT-02,W02,10,12,2,21,5.46,1.86,2113.77
PARAM-LOT-02,W02,10,13,1,10,3.81,1.83,2123.83
PARAM-LOT-02,W02,10,14,2,21,6.29,1.85,2097.37
PARAM-LOT-02,W02,10,15,2,21,5.31,1.88,2111.25
PARAM-LOT-02,W02,10,16,1,10,4.3,1.84,2055.92
PARAM-LOT-02,W02,11,-15,1,10,3.74,1.87,2095.66
PARAM-LOT-02,W02,11,-14,2,21,5.78,1.86,2060.88
PARAM-LOT-02,W02,11,-13,1,10,3.76,1.86,2036.73
PARAM-LOT-02,W02,11,-12,1,10,3.13,1.86,2104.97
PARAM-LOT-02,W02,11,-11,1,10,3.52,1.85,2096.28
PARAM-LOT-02,W02,11,-10,2,21,5.55,1.83,2108.03
PARAM-LOT-02,W02,11,-9,2,21,5.08,1.84,2109.85
PARAM-LOT-02,W02,11,-8,1,10,3.57,1.84,2080.7
PARAM-LOT-02,W02,11,-7,1,10,3.34,1.85,2114.86
PARAM-LOT-02,W02,11,-6,1,10,3.24,1.86,2092.48
PARAM-LOT-02,W02,11,-5,1,10,3.19,1.86,2121.45
PARAM-LOT-02,W02,11,-4,1,10,3.79,1.85,2097.42
PARAM-LOT-02,W02,11,-3,1,10,3.78,1.86,2094.42
PARAM-LOT-02,W02,11,-2,1,10,3.85,1.89,2025.27
PARAM-LOT-02,W02,11,-1,1,10,3.32,1.84,2084.01
PARAM-LOT-02,W02,11,0,1,10,3.12,1.86,2056.68
PARAM-LOT-02,W02,11,1,1,10,3.28,1.87,2117.56
PARAM-LOT-02,W02,11,2,1,10,4.36,1.87,2061.68
PARAM-LOT-02,W02,11,3,1,10,3.55,1.84,2048.43
PARAM-LOT-02,W02,11,4,1,10,2.65,1.85,2109.41
PARAM-LOT-02,W02,11,5,1,10,2.82,1.84,2073.59
PARAM-LOT-02,W02,11,6,1,10,4.19,1.88,2103.5
PARAM-LOT-02,W02,11,7,1,10,3.39,1.87,2085.99
PARAM-LOT-02,W02,11,8,1,10,4.19,1.87,2075.85
PARAM-LOT-02,W02,11,9,1,10,4.37,1.81,2130.49
PARAM-LOT-02,W02,11,10,1,10,4.47,1.82,2085.02
PARAM-LOT-02,W02,11,11,1,10,4.1,1.84,2086.33
PARAM-LOT-02,W02,11,12,1,10,3.38,1.88,2103.93
PARAM-LOT-02,W02,11,13,1,10,4.19,1.84,2128.59
PARAM-LOT-02,W02,11,14,1,10,4.02,1.87,2045.37
PARAM-LOT-02,W02,11,15,1,10,3.98,1.84,2142.21
PARAM-LOT-02,W02,12,-15,1,10,4.09,1.83,2087.45
PARAM-LOT-02,W02,12,-14,2,21,5.35,1.92,2087.89
PARAM-LOT-02,W02,12,-13,1,10,3.9,1.83,2094.64
PARAM-LOT-02,W02,12,-12,1,10,4.47,1.84,2155.57
PARAM-LOT-02,W02,12,-11,2,21,5.33,1.83,2057.83
PARAM-LOT-02,W02,12,-10,1,10,4.45,1.89,2110.38
PARAM-LOT-02,W02,12,-9,1,10,4.48,1.89,2070.73
PARAM-LOT-02,W02,12,-8,1,10,3,1.89,2112.12
PARAM-LOT-02,W02,12,-7,1,10,4.03,1.84,2091.34
PARAM-LOT-02,W02,12,-6,1,10,2.25,1.87,2049.7
PARAM-LOT-02,W02,12,-5,2,21,5.02,1.88,2150.95
PARAM-LOT-02,W02,12,-4,1,10,4.57,1.9,2135.88
PARAM-LOT-02,W02,12,-3,1,10,3.12,1.86,2102.14
PARAM-LOT-02,W02,12,-2,1,10,3.24,1.84,2082.14
PARAM-LOT-02,W02,12,-1,1,10,3.45,1.87,2073.6
PARAM-LOT-02,W02,12,0,1,10,3.09,1.9,2072.99
PARAM-LOT-02,W02,12,1,1,10,4.02,1.86,2051.71
PARAM-LOT-02,W02,12,2,1,10,2.48,1.86,2081.04
PARAM-LOT-02,W02,12,3,1,10,3.7,1.85,2118.58
PARAM-LOT-02,W02,12,4,1,10,3.37,1.84,2093.79
PARAM-LOT-02,W02,12,5,1,10,4.57,1.87,2096.35
PARAM-LOT-02,W02,12,6,1,10,4.01,1.9,2097.62
PARAM-LOT-02,W02,12,7,2,21,5.13,1.85,2129.33
PARAM-LOT-02,W02,12,8,1,10,3.66,1.9,2053.28
PARAM-LOT-02,W02,12,9,1,10,3.76,1.85,2100.8
PARAM-LOT-02,W02,12,10,2,21,5.9,1.85,2108.19
PARAM-LOT-02,W02,12,11,1,10,3.12,1.84,2081.41
PARAM-LOT-02,W02,12,12,1,10,3.39,1.85,2091.38
PARAM-LOT-02,W02,12,13,1,10,3.38,1.93,2124.1
PARAM-LOT-02,W02,12,14,2,21,5.91,1.83,2069.79
PARAM-LOT-02,W02,12,15,1,10,3.83,1.87,2106.28
PARAM-LOT-02,W02,13,-14,1,10,4.49,1.9,2100.59
PARAM-LOT-02,W02,13,-13,1,10,4.47,1.84,2087.67
PARAM-LOT-02,W02,13,-12,2,21,5.24,1.84,2106.31
PARAM-LOT-02,W02,13,-11,1,10,3.86,1.86,2060.73
PARAM-LOT-02,W02,13,-10,1,10,3.96,1.89,2146.78
PARAM-LOT-02,W02,13,-9,1,10,3.2,1.85,2105.4
PARAM-LOT-02,W02,13,-8,1,10,3.87,1.92,2127.3
PARAM-LOT-02,W02,13,-7,1,10,4.42,1.87,2075.22
PARAM-LOT-02,W02,13,-6,1,10,3.8,1.85,2154.77
PARAM-LOT-02,W02,13,-5,1,10,4.86,1.86,2121.42
PARAM-LOT-02,W02,13,-4,1,10,4.23,1.84,2107.27
PARAM-LOT-02,W02,13,-3,1,10,4.3,1.89,2050.49
PARAM-LOT-02,W02,13,-2,1,10,3.27,1.88,2093.53
PARAM-LOT-02,W02,13,-1,1,10,2.86,1.9,2082.12
PARAM-LOT-02,W02,13,0,1,10,4.44,1.83,2084.66
PARAM-LOT-02,W02,13,1,1,10,2.85,1.86,2101.91
PARAM-LOT-02,W02,13,2,1,10,4.4,1.87,2084.49
PARAM-LOT-02,W02,13,3,1,10,4.83,1.9,2102.13
PARAM-LOT-02,W02,13,4,1,10,3.22,1.84,2168.11
PARAM-LOT-02,W02,13,5,1,10,3.96,1.87,2079.35
PARAM-LOT-02,W02,13,6,1,10,3.43,1.91,2095.85
PARAM-LOT-02,W02,13,7,1,10,3.68,1.89,2089.23
PARAM-LOT-02,W02,13,8,1,10,4.59,1.87,2048.46
PARAM-LOT-02,W02,13,9,1,10,4.16,1.87,2129.43
PARAM-LOT-02,W02,13,10,1,10,3.93,1.89,2135.38
PARAM-LOT-02,W02,13,11,2,21,5.32,1.86,2045.29
PARAM-LOT-02,W02,13,12,1,10,4.02,1.86,2121.25
PARAM-LOT-02,W02,13,13,1,10,4.69,1.88,2093.04
PARAM-LOT-02,W02,13,14,3,31,6.68,1.89,2075.58
PARAM-LOT-02,W02,14,-13,1,10,4.06,1.89,2122.68
PARAM-LOT-02,W02,14,-12,1,10,4.76,1.89,2123.59
PARAM-LOT-02,W02,14,-11,2,21,5.16,1.86,2071.9
PARAM-LOT-02,W02,14,-10,1,10,3.31,1.86,2089.63
PARAM-LOT-02,W02,14,-9,1,10,4.2,1.88,2117.38
PARAM-LOT-02,W02,14,-8,1,10,3.53,1.86,2061.86
PARAM-LOT-02,W02,14,-7,1,10,4.03,1.89,2081.76
PARAM-LOT-02,W02,14,-6,1,10,3.61,1.91,2087.3
PARAM-LOT-02,W02,14,-5,1,10,4.39,1.89,2072.27
PARAM-LOT-02,W02,14,-4,1,10,3.45,1.94,2096.33
PARAM-LOT-02,W02,14,-3,1,10,3.35,1.91,2069.64
PARAM-LOT-02,W02,14,-2,1,10,3.67,1.86,2094.64
PARAM-LOT-02,W02,14,-1,1,10,3.43,1.89,2118.39
PARAM-LOT-02,W02,14,0,2,21,5.53,1.82,2060.29
PARAM-LOT-02,W02,14,1,1,10,4.55,1.88,2115.9
PARAM-LOT-02,W02,14,2,1,10,3.69,1.91,2131.16
PARAM-LOT-02,W02,14,3,1,10,4.15,1.84,2089.75
PARAM-LOT-02,W02,14,4,1,10,2.69,1.87,2100.87
PARAM-LOT-02,W02,14,5,1,10,3.06,1.84,2065.5
PARAM-LOT-02,W02,14,6,1,10,4.43,1.89,2102.76
PARAM-LOT-02,W02,14,7,2,21,5.38,1.86,2083.41
PARAM-LOT-02,W02,14,8,1,10,4.38,1.88,2093.45
PARAM-LOT-02,W02,14,9,1,10,4.89,1.84,2068.36
PARAM-LOT-02,W02,14,10,2,21,5.56,1.85,2092.71
PARAM-LOT-02,W02,14,11,1,10,4.93,1.85,2084.47
PARAM-LOT-02,W02,14,12,2,21,5.1,1.86,2164.06
PARAM-LOT-02,W02,14,13,1,10,4.1,1.85,2117.7
PARAM-LOT-02,W02,15,-12,1,10,4.96,1.88,2101.18
PARAM-LOT-02,W02,15,-11,1,10,3.96,1.91,2108.8
PARAM-LOT-02,W02,15,-10,1,10,4.62,1.92,2063.23
PARAM-LOT-02,W02,15,-9,1,10,3.14,1.87,2081.66
PARAM-LOT-02,W02,15,-8,1,10,3.7,1.92,2097.26
PARAM-LOT-02,W02,15,-7,1,10,4.92,1.9,2084.29
PARAM-LOT-02,W02,15,-6,1,10,4.81,1.86,2121.54
PARAM-LOT-02,W02,15,-5,1,10,2.95,1.88,2105.28
PARAM-LOT-02,W02,15,-4,1,10,3.39,1.86,2050.05
PARAM-LOT-02,W02,15,-3,1,10,4.7,1.95,2115.67
PARAM-LOT-02,W02,15,-2,1,10,3.85,1.89,2114.06
PARAM-LOT-02,W02,15,-1,1,10,4.32,1.88,2096.52
PARAM-LOT-02,W02,15,0,1,10,2.97,1.91,2099.2
PARAM-LOT-02,W02,15,1,1,10,4.15,1.88,2093.93
PARAM-LOT-02,W02,15,2,1,10,3.61,1.87,2092.27
PARAM-LOT-02,W02,15,3,1,10,4.69,1.84,2101.35
PARAM-LOT-02,W02,15,4,1,10,4.72,1.9,2105.94
PARAM-LOT-02,W02,15,5,1,10,3.62,1.86,2096.93
PARAM-LOT-02,W02,15,6,1,10,4.1,1.84,2152.59
PARAM-LOT-02,W02,15,7,1,10,2.93,1.83,2084.34
PARAM-LOT-02,W02,15,8,3,31,6.83,1.9,2094
PARAM-LOT-02,W02,15,9,1,10,3.12,1.87,2093.58
PARAM-LOT-02,W02,15,10,1,10,4.08,1.88,2153.31
PARAM-LOT-02,W02,15,11,1,10,4.43,1.85,2110.97
PARAM-LOT-02,W02,15,12,1,10,4.48,1.89,2075.04
PARAM-LOT-02,W02,16,-10,1,10,2.85,1.92,2079.33
PARAM-LOT-02,W02,16,-9,2,21,5.12,1.92,2057.05
PARAM-LOT-02,W02,16,-8,1,10,3.49,1.89,2066.04
PARAM-LOT-02,W02,16,-7,1,10,3.59,1.85,2069.67
PARAM-LOT-02,W02,16,-6,1,10,3.24,1.87,2106.77
PARAM-LOT-02,W02,16,-5,1,10,3.77,1.93,2078.35
PARAM-LOT-02,W02,16,-4,1,10,4.23,1.93,2071.28
PARAM-LOT-02,W02,16,-3,1,10,4.78,1.87,2102.27
PARAM-LOT-02,W02,16,-2,1,10,5,1.89,2066.09
PARAM-LOT-02,W02,16,-1,1,10,3.62,1.87,2110.52
PARAM-LOT-02,W02,16,0,1,10,4.87,1.82,2116.18
PARAM-LOT-02,W02,16,1,1,10,3.95,1.9,2082.6
PARAM-LOT-02,W02,16,2,1,10,4.3,1.9,2066.05
PARAM-LOT-02,W02,16,3,1,10,3.95,1.86,2100.23
PARAM-LOT-02,W02,16,4,1,10,4.36,1.89,2099.42
PARAM-LOT-02,W02,16,5,1,10,4.3,1.89,2077.6
PARAM-LOT-02,W02,16,6,1,10,4.03,1.87,2070.26
PARAM-LOT-02,W02,16,7,1,10,3.93,1.83,2073.49
PARAM-LOT-02,W02,16,8,1,10,3.49,1.85,2123.4
PARAM-LOT-02,W02,16,9,1,10,4.62,1.85,2094.82
PARAM-LOT-02,W02,16,10,1,10,5,1.86,2089.81
PARAM-LOT-02,W02,17,-9,1,10,4.58,1.86,2091.57
PARAM-LOT-02,W02,17,-8,1,10,4.82,1.88,2109.76
PARAM-LOT-02,W02,17,-7,2,21,5.58,1.84,2096.28
PARAM-LOT-02,W02,17,-6,2,21,5.37,1.88,2081.36
PARAM-LOT-02,W02,17,-5,1,10,4.07,1.83,2109.05
PARAM-LOT-02,W02,17,-4,1,10,4.2,1.92,2107.03
PARAM-LOT-02,W02,17,-3,1,10,3.87,1.86,2070.64
PARAM-LOT-02,W02,17,-2,1,10,4.14,1.9,2077.85
PARAM-LOT-02,W02,17,-1,1,10,4.46,1.9,2058.33
PARAM-LOT-02,W02,17,0,2,21,5.48,1.89,2089.54
PARAM-LOT-02,W02,17,1,1,10,4.05,1.89,2129.61
PARAM-LOT-02,W02,17,2,2,21,5.47,1.86,2071.97
PARAM-LOT-02,W02,17,3,3,31,6.93,1.86,2105.66
PARAM-LOT-02,W02,17,4,1,10,3.88,1.88,2094.2
PARAM-LOT-02,W02,17,5,1,10,4.31,1.89,2125.54
PARAM-LOT-02,W02,17,6,1,10,4.04,1.87,2144.56
PARAM-LOT-02,W02,17,7,1,10,4.24,1.92,2101.82
PARAM-LOT-02,W02,17,8,1,10,4.15,1.89,2101.78
PARAM-LOT-02,W02,17,9,1,10,3.98,1.91,2032.34
PARAM-LOT-02,W02,18,-6,2,21,5.47,1.9,2173.04
PARAM-LOT-02,W02,18,-5,1,10,4.92,1.87,2133.65
PARAM-LOT-02,W02,18,-4,1,10,4.03,1.9,2087.53
PARAM-LOT-02,W02,18,-3,1,10,4.85,1.89,2118.33
PARAM-LOT-02,W02,18,-2,1,10,4.6,1.87,2033.85
PARAM-LOT-02,W02,18,-1,1,10,4.61,1.91,2086.16
PARAM-LOT-02,W02,18,0,1,10,3.34,1.89,2100.73
PARAM-LOT-02,W02,18,1,2,21,5.22,1.9,2064.6
PARAM-LOT-02,W02,18,2,1,10,4.82,1.93,2089.05
PARAM-LOT-02,W02,18,3,1,10,3.99,1.88,2124.51
PARAM-LOT-02,W02,18,4,2,21,5.07,1.93,2102.58
PARAM-LOT-02,W02,18,5,1,10,4.67,1.9,2137.31
PARAM-LOT-02,W02,18,6,2,21,5.15,1.94,2103.06
PARAM-LOT-02,W02,19,-3,1,10,4.9,1.86,2078.2
PARAM-LOT-02,W02,19,-2,1,10,3.35,1.87,2097.38
PARAM-LOT-02,W02,19,-1,1,10,3.49,1.96,2071.73
PARAM-LOT-02,W02,19,0,1,10,4.85,1.9,2074.71
PARAM-LOT-02,W02,19,1,1,10,3.82,1.9,2076.09
PARAM-LOT-02,W02,19,2,2,21,5.81,1.94,2091.56
PARAM-LOT-02,W02,19,3,1,10,4.82,1.9,2091.51
PARAM-LOT-02,W03,-19,-3,1,10,4.23,1.7,2086.4
PARAM-LOT-02,W03,-19,-2,1,10,3.99,1.68,2103.93
PARAM-LOT-02,W03,-19,-1,1,10,4.11,1.69,2086.44
PARAM-LOT-02,W03,-19,0,1,10,4.71,1.74,2116.18
PARAM-LOT-02,W03,-19,1,3,31,7.28,1.73,2116.68
PARAM-LOT-02,W03,-19,2,2,21,5.11,1.68,2122.33
PARAM-LOT-02,W03,-19,3,2,21,5.56,1.74,2094.34
PARAM-LOT-02,W03,-18,-6,1,10,4.87,1.7,2094.79
PARAM-LOT-02,W03,-18,-5,1,10,4.64,1.69,2131.1
PARAM-LOT-02,W03,-18,-4,2,21,5.11,1.69,2134.31
PARAM-LOT-02,W03,-18,-3,2,21,5.46,1.7,2110.59
PARAM-LOT-02,W03,-18,-2,1,10,4.44,1.72,2127.09
PARAM-LOT-02,W03,-18,-1,1,10,3.87,1.7,2073.14
PARAM-LOT-02,W03,-18,0,1,10,4.05,1.69,2110.72
PARAM-LOT-02,W03,-18,1,1,10,3.66,1.73,2112.49
PARAM-LOT-02,W03,-18,2,1,10,4.58,1.69,2083.41
PARAM-LOT-02,W03,-18,3,1,10,3.55,1.7,2112.71
PARAM-LOT-02,W03,-18,4,1,10,4.79,1.71,2103.26
PARAM-LOT-02,W03,-18,5,1,10,4.22,1.73,2131.49
PARAM-LOT-02,W03,-18,6,1,10,3.69,1.74,2058.06
PARAM-LOT-02,W03,-17,-9,1,10,3.35,1.71,2090.39
PARAM-LOT-02,W03,-17,-8,1,10,3.97,1.72,2084.34
PARAM-LOT-02,W03,-17,-7,1,10,4.41,1.7,2083.88
PARAM-LOT-02,W03,-17,-6,1,10,3.69,1.72,2080.05
PARAM-LOT-02,W03,-17,-5,3,31,7.24,1.71,2122.25
PARAM-LOT-02,W03,-17,-4,1,10,4.07,1.75,2124.9
PARAM-LOT-02,W03,-17,-3,1,10,4.79,1.71,2088.06
PARAM-LOT-02,W03,-17,-2,1,10,4.86,1.71,2083.25
PARAM-LOT-02,W03,-17,-1,1,10,3.91,1.8,2135.01
PARAM-LOT-02,W03,-17,0,2,21,5.81,1.75,2059.18
PARAM-LOT-02,W03,-17,1,1,10,4.81,1.68,2107.74
PARAM-LOT-02,W03,-17,2,1,10,4.22,1.7,2054.36
PARAM-LOT-02,W03,-17,3,1,10,3.77,1.71,2106.72
PARAM-LOT-02,W03,-17,4,2,21,5.39,1.71,2142.48
PARAM-LOT-02,W03,-17,5,2,21,5.63,1.72,2098.23
PARAM-LOT-02,W03,-17,6,1,10,4.43,1.74,2091.45
PARAM-LOT-02,W03,-17,7,1,10,4.15,1.66,2082.61
PARAM-LOT-02,W03,-17,8,1,10,3.94,1.75,2097.75
PARAM-LOT-02,W03,-17,9,1,10,4.53,1.7,2158.55
PARAM-LOT-02,W03,-16,-10,1,10,3.73,1.7,2074.24
PARAM-LOT-02,W03,-16,-9,3,31,6.78,1.73,2074.73
PARAM-LOT-02,W03,-16,-8,2,21,5.54,1.71,2093.77
PARAM-LOT-02,W03,-16,-7,1,10,4.05,1.74,2081.47
PARAM-LOT-02,W03,-16,-6,1,10,4.81,1.68,2117.33
PARAM-LOT-02,W03,-16,-5,1,10,2.95,1.75,2080.73
PARAM-LOT-02,W03,-16,-4,1,10,3.86,1.7,2111.01
PARAM-LOT-02,W03,-16,-3,1,10,4.73,1.75,2106.46
PARAM-LOT-02,W03,-16,-2,1,10,4.07,1.71,2098.44
PARAM-LOT-02,W03,-16,-1,2,21,5.32,1.7,2117.44
PARAM-LOT-02,W03,-16,0,1,10,4.11,1.71,2140.26
PARAM-LOT-02,W03,-16,1,1,10,3.72,1.7,2116.88
PARAM-LOT-02,W03,-16,2,1,10,4.47,1.73,2099.15
PARAM-LOT-02,W03,-16,3,1,10,4.09,1.73,2107.73
PARAM-LOT-02,W03,-16,4,1,10,3.59,1.72,2055.49
PARAM-LOT-02,W03,-16,5,1,10,3.35,1.73,2105.22
PARAM-LOT-02,W03,-16,6,1,10,4.46,1.72,2178.65
PARAM-LOT-02,W03,-16,7,1,10,4.7,1.74,2097.7
PARAM-LOT-02,W03,-16,8,1,10,4.36,1.73,2074.5
PARAM-LOT-02,W03,-16,9,1,10,4.14,1.71,2115.93
PARAM-LOT-02,W03,-16,10,1,10,3.54,1.74,2097.89
PARAM-LOT-02,W03,-15,-12,1,10,4.74,1.7,2144.56
PARAM-LOT-02,W03,-15,-11,1,10,4.62,1.7,2098.33
PARAM-LOT-02,W03,-15,-10,1,10,4.84,1.72,2114.78
PARAM-LOT-02,W03,-15,-9,2,21,5.74,1.76,2156.94
PARAM-LOT-02,W03,-15,-8,1,10,4.56,1.74,2096.09
PARAM-LOT-02,W03,-15,-7,1,10,3.82,1.76,2126.69
PARAM-LOT-02,W03,-15,-6,2,21,5.4,1.75,2054.91
PARAM-LOT-02,W03,-15,-5,1,10,4.48,1.78,2063.61
PARAM-LOT-02,W03,-15,-4,1,10,3.7,1.75,2083.8
PARAM-LOT-02,W03,-15,-3,1,10,3.08,1.72,2132.05
PARAM-LOT-02,W03,-15,-2,1,10,4.37,1.72,2067.52
PARAM-LOT-02,W03,-15,-1,1,10,3.98,1.77,2105.12
PARAM-LOT-02,W03,-15,0,2,21,5.07,1.72,2089.71
PARAM-LOT-02,W03,-15,1,1,10,4.74,1.7,2098.45
PARAM-LOT-02,W03,-15,2,1,10,4.71,1.79,2075
PARAM-LOT-02,W03,-15,3,1,10,4.88,1.68,2088.59
PARAM-LOT-02,W03,-15,4,1,10,3.35,1.66,2078
PARAM-LOT-02,W03,-15,5,1,10,3.19,1.75,2113.14
PARAM-LOT-02,W03,-15,6,2,21,5.44,1.74,2097.23
PARAM-LOT-02,W03,-15,7,1,10,4.31,1.73,2121.19
PARAM-LOT-02,W03,-15,8,1,10,4.28,1.72,2087.51
PARAM-LOT-02,W03,-15,9,1,10,4.07,1.7,2095.58
PARAM-LOT-02,W03,-15,10,1,10,4.83,1.72,2066
PARAM-LOT-02,W03,-15,11,1,10,4.1,1.75,2116.62
PARAM-LOT-02,W03,-15,12,1,10,4.3,1.67,2066.2
PARAM-LOT-02,W03,-14,-13,2,21,5.56,1.78,2103.08
PARAM-LOT-02,W03,-14,-12,1,10,4.8,1.72,2104.38
PARAM-LOT-02,W03,-14,-11,1,10,4.43,1.77,2097.88
PARAM-LOT-02,W03,-14,-10,1,10,3.62,1.75,2110.92
PARAM-LOT-02,W03,-14,-9,1,10,4.79,1.72,2107.61
PARAM-LOT-02,W03,-14,-8,1,10,4.35,1.76,2108.62
PARAM-LOT-02,W03,-14,-7,1,10,3.55,1.73,2138.7
PARAM-LOT-02,W03,-14,-6,1,10,3.53,1.76,2077.47
PARAM-LOT-02,W03,-14,-5,1,10,4.91,1.76,2108.98
PARAM-LOT-02,W03,-14,-4,1,10,3.53,1.68,2086.3
PARAM-LOT-02,W03,-14,-3,1,10,3.15,1.71,2096.92
PARAM-LOT-02,W03,-14,-2,1,10,3.56,1.74,2090.97
PARAM-LOT-02,W03,-14,-1,1,10,3.64,1.7,2048.2
PARAM-LOT-02,W03,-14,0,1,10,2.93,1.74,2123.66
PARAM-LOT-02,W03,-14,1,1,10,4.72,1.72,2096.85
PARAM-LOT-02,W03,-14,2,1,10,2.57,1.74,2054.18
PARAM-LOT-02,W03,-14,3,1,10,2.59,1.74,2077.92
PARAM-LOT-02,W03,-14,4,1,10,3.55,1.78,2120.86
PARAM-LOT-02,W03,-14,5,1,10,4.31,1.74,2095.66
PARAM-LOT-02,W03,-14,6,1,10,4.39,1.74,2138.02
PARAM-LOT-02,W03,-14,7,1,10,2.73,1.75,2091.29
PARAM-LOT-02,W03,-14,8,1,10,3.99,1.72,2097.17
PARAM-LOT-02,W03,-14,9,2,21,5.42,1.77,2106.17
PARAM-LOT-02,W03,-14,10,1,10,4.11,1.69,2128.95
PARAM-LOT-02,W03,-14,11,1,10,3.81,1.71,2125.74
PARAM-LOT-02,W03,-14,12,1,10,3.78,1.76,2093.68
PARAM-LOT-02,W03,-14,13,2,21,6.16,1.78,2123.27
PARAM-LOT-02,W03,-13,-14,1,10,3.89,1.74,2137.82
PARAM-LOT-02,W03,-13,-13,2,21,5.67,1.73,2105.81
PARAM-LOT-02,W03,-13,-12,2,21,5.21,1.77,2101.52
PARAM-LOT-02,W03,-13,-11,1,10,4.49,1.78,2096.76
PARAM-LOT-02,W03,-13,-10,1,10,3.37,1.74,2108.39
PARAM-LOT-02,W03,-13,-9,1,10,4.34,1.78,2047.82
PARAM-LOT-02,W03,-13,-8,1,10,4.74,1.75,2123.24
PARAM-LOT-02,W03,-13,-7,1,10,4.77,1.72,2074.28
PARAM-LOT-02,W03,-13,-6,1,10,5,1.73,2084.95
PARAM-LOT-02,W03,-13,-5,1,10,3.61,1.72,2082.57
PARAM-LOT-02,W03,-13,-4,1,10,4.34,1.74,2139.89
PARAM-LOT-02,W03,-13,-3,1,10,3.74,1.71,2076.49
PARAM-LOT-02,W03,-13,-2,1,10,3.51,1.76,2115.76
PARAM-LOT-02,W03,-13,-1,1,10,3.71,1.75,2088.23
PARAM-LOT-02,W03,-13,0,1,10,3.88,1.69,2113.48
PARAM-LOT-02,W03,-13,1,1,10,3.97,1.72,2130.36
PARAM-LOT-02,W03,-13,2,1,10,4.46,1.71,2130.1
PARAM-LOT-02,W03,-13,3,1,10,4.02,1.73,2129.25
PARAM-LOT-02,W03,-13,4,1,10,3.62,1.71,2094.42
PARAM-LOT-02,W03,-13,5,1,10,2.81,1.73,2084.11
PARAM-LOT-02,W03,-13,6,1,10,4.08,1.73,2127.73
PARAM-LOT-02,W03,-13,7,1,10,3.64,1.74,2093.81
PARAM-LOT-02,W03,-13,8,1,10,4.52,1.78,2053.75
PARAM-LOT-02,W03,-13,9,1,10,3.42,1.72,2081.59
PARAM-LOT-02,W03,-13,10,1,10,4.66,1.75,2103.52
PARAM-LOT-02,W03,-13,11,1,10,3.97,1.71,2094.73
PARAM-LOT-02,W03,-13,12,1,10,4.9,1.78,2103.35
PARAM-LOT-02,W03,-13,13,1,10,4.82,1.77,2119.68
PARAM-LOT-02,W03,-13,14,1,10,3.25,1.71,2120.12
PARAM-LOT-02,W03,-12,-15,2,21,5.26,1.72,2145.96
PARAM-LOT-02,W03,-12,-14,2,21,5.64,1.74,2137.79
PARAM-LOT-02,W03,-12,-13,1,10,4.63,1.75,2101.06
PARAM-LOT-02,W03,-12,-12,2,21,5.54,1.73,2096.2
PARAM-LOT-02,W03,-12,-11,1,10,4.25,1.75,2053.43
PARAM-LOT-02,W03,-12,-10,1,10,3.85,1.74,2051.64
PARAM-LOT-02,W03,-12,-9,1,10,3.66,1.75,2108.96
PARAM-LOT-02,W03,-12,-8,1,10,4.23,1.75,2081.73
PARAM-LOT-02,W03,-12,-7,1,10,3.75,1.74,2090.32
PARAM-LOT-02,W03,-12,-6,1,10,3.91,1.75,2135.05
PARAM-LOT-02,W03,-12,-5,2,21,6.1,1.72,2086.02
PARAM-LOT-02,W03,-12,-4,2,21,5.55,1.77,2110.99
PARAM-LOT-02,W03,-12,-3,1,10,4.13,1.75,2093.67
PARAM-LOT-02,W03,-12,-2,1,10,3.57,1.78,2105.92
PARAM-LOT-02,W03,-12,-1,1,10,3.9,1.75,2064.56
PARAM-LOT-02,W03,-12,0,1,10,3.84,1.72,2088.96
PARAM-LOT-02,W03,-12,1,1,10,4.71,1.76,2135.47
PARAM-LOT-02,W03,-12,2,1,10,3.53,1.76,2102.71
PARAM-LOT-02,W03,-12,3,1,10,4.2,1.72,2113.83
PARAM-LOT-02,W03,-12,4,1,10,3.17,1.76,2102.62
PARAM-LOT-02,W03,-12,5,1,10,3.33,1.76,2081.87
PARAM-LOT-02,W03,-12,6,1,10,4.83,1.75,2084.67
PARAM-LOT-02,W03,-12,7,1,10,3.1,1.68,2093.81
PARAM-LOT-02,W03,-12,8,1,10,4.1,1.75,2112.79
PARAM-LOT-02,W03,-12,9,1,10,3.72,1.74,2110.75
PARAM-LOT-02,W03,-12,10,2,21,5.16,1.75,2088.54
PARAM-LOT-02,W03,-12,11,1,10,4.73,1.74,2063.61
PARAM-LOT-02,W03,-12,12,1,10,3.65,1.67,2078.09
PARAM-LOT-02,W03,-12,13,1,10,3.89,1.71,2101.79
PARAM-LOT-02,W03,-12,14,1,10,4.34,1.71,2076.15
PARAM-LOT-02,W03,-12,15,1,10,3.86,1.74,2148.76
PARAM-LOT-02,W03,-11,-15,2,21,5.13,1.73,2093.84
PARAM-LOT-02,W03,-11,-14,2,21,5.18,1.74,2140.12
PARAM-LOT-02,W03,-11,-13,1,10,4.52,1.71,2092.31
PARAM-LOT-02,W03,-11,-12,1,10,4.23,1.75,2141.57
PARAM-LOT-02,W03,-11,-11,1,10,4.09,1.74,2126.79
PARAM-LOT-02,W03,-11,-10,2,21,5.79,1.78,2113.82
PARAM-LOT-02,W03,-11,-9,2,21,5.92,1.75,2127.29
PARAM-LOT-02,W03,-11,-8,1,10,3.25,1.75,2139.25
PARAM-LOT-02,W03,-11,-7,1,10,4.8,1.72,2078.66
PARAM-LOT-02,W03,-11,-6,2,21,5.52,1.78,2099.69
PARAM-LOT-02,W03,-11,-5,1,10,3.92,1.75,2075.45
PARAM-LOT-02,W03,-11,-4,1,10,3.7,1.75,2103.07
PARAM-LOT-02,W03,-11,-3,1,10,4.53,1.77,2106.62
PARAM-LOT-02,W03,-11,-2,1,10,3.98,1.72,2104.07
PARAM-LOT-02,W03,-11,-1,1,10,4.12,1.73,2146.85
PARAM-LOT-02,W03,-11,0,1,10,4.15,1.73,2088.93
PARAM-LOT-02,W03,-11,1,1,10,4.84,1.75,2124.12
PARAM-LOT-02,W03,-11,2,1,10,4.07,1.72,2128.03
PARAM-LOT-02,W03,-11,3,1,10,3.89,1.79,2157.33
PARAM-LOT-02,W03,-11,4,1,10,2.83,1.71,2098.15
PARAM-LOT-02,W03,-11,5,1,10,3.29,1.72,2126.82
PARAM-LOT-02,W03,-11,6,1,10,4.49,1.78,2096.95
PARAM-LOT-02,W03,-11,7,1,10,3.85,1.76,2090.36
PARAM-LOT-02,W03,-11,8,2,21,5.5,1.77,2118.95
PARAM-LOT-02,W03,-11,9,1,10,3.48,1.75,2121.49
PARAM-LOT-02,W03,-11,10,1,10,2.9,1.71,2132.45
PARAM-LOT-02,W03,-11,11,1,10,3.79,1.77,2105.78
PARAM-LOT-02,W03,-11,12,1,10,4.11,1.73,2104.49
PARAM-LOT-02,W03,-11,13,2,21,5.5,1.74,2085.32
PARAM-LOT-02,W03,-11,14,1,10,3.67,1.75,2099.32
PARAM-LOT-02,W03,-11,15,1,10,4.91,1.77,2084.94
PARAM-LOT-02,W03,-10,-16,1,10,3.29,1.78,2107.87
PARAM-LOT-02,W03,-10,-15,1,10,3.95,1.78,2090.72
PARAM-LOT-02,W03,-10,-14,1,10,4.38,1.72,2124.42
PARAM-LOT-02,W03,-10,-13,1,10,4.94,1.71,2091.6
PARAM-LOT-02,W03,-10,-12,1,10,4.05,1.75,2075.85
PARAM-LOT-02,W03,-10,-11,1,10,4.01,1.8,2116.71
PARAM-LOT-02,W03,-10,-10,1,10,3.35,1.78,2109.65
PARAM-LOT-02,W03,-10,-9,1,10,3.75,1.75,2093.36
PARAM-LOT-02,W03,-10,-8,1,10,2.62,1.7,2124.65
PARAM-LOT-02,W03,-10,-7,1,10,3.48,1.71,2070.99
PARAM-LOT-02,W03,-10,-6,1,10,3.2,1.73,2072.15
PARAM-LOT-02,W03,-10,-5,1,10,4.15,1.8,2065.14
PARAM-LOT-02,W03,-10,-4,1,10,3.16,1.73,2132.61
PARAM-LOT-02,W03,-10,-3,1,10,3.64,1.7,2068.15
PARAM-LOT-02,W03,-10,-2,1,10,4.89,1.73,2084.78
PARAM-LOT-02,W03,-10,-1,1,10,3.21,1.77,2113.74
PARAM-LOT-02,W03,-10,0,1,10,3.39,1.74,2106.83
PARAM-LOT-02,W03,-10,1,1,10,3.04,1.76,2122.98
PARAM-LOT-02,W03,-10,2,1,10,3.13,1.75,2115.41
PARAM-LOT-02,W03,-10,3,1,10,4.12,1.71,2073.49
PARAM-LOT-02,W03,-10,4,1,10,3.47,1.76,2117.1
PARAM-LOT-02,W03,-10,5,1,10,3.72,1.75,2041.18
PARAM-LOT-02,W03,-10,6,1,10,2.94,1.7,2058.3
PARAM-LOT-02,W03,-10,7,1,10,3.06,1.75,2110.88
PARAM-LOT-02,W03,-10,8,1,10,4.37,1.72,2112.48
PARAM-LOT-02,W03,-10,9,1,10,4.22,1.72,2104.93
PARAM-LOT-02,W03,-10,10,1,10,4.04,1.74,2084.33
PARAM-LOT-02,W03,-10,11,1,10,2.63,1.72,2120.96
PARAM-LOT-02,W03,-10,12,2,21,5.13,1.78,2103
PARAM-LOT-02,W03,-10,13,1,10,4.8,1.76,2096.33
PARAM-LOT-02,W03,-10,14,1,10,4.59,1.73,2056.96
PARAM-LOT-02,W03,-10,15,1,10,4.48,1.78,2104.48
PARAM-LOT-02,W03,-10,16,1,10,4.23,1.75,2089.82
PARAM-LOT-02,W03,-9,-17,2,21,6.18,1.73,2055.17
PARAM-LOT-02,W03,-9,-16,2,21,5.09,1.7,2123.54
PARAM-LOT-02,W03,-9,-15,1,10,4.01,1.76,2148.7
PARAM-LOT-02,W03,-9,-14,1,10,4.04,1.77,2073.01
PARAM-LOT-02,W03,-9,-13,1,10,2.97,1.75,2069.87
PARAM-LOT-02,W03,-9,-12,1,10,4,1.76,2102.14
PARAM-LOT-02,W03,-9,-11,1,10,3.43,1.76,2073.42
PARAM-LOT-02,W03,-9,-10,1,10,3.57,1.77,2119.49
PARAM-LOT-02,W03,-9,-9,1,10,3.74,1.73,2043.41
PARAM-LOT-02,W03,-9,-8,1,10,3.59,1.72,2099.31
PARAM-LOT-02,W03,-9,-7,1,10,4.09,1.73,2113.58
PARAM-LOT-02,W03,-9,-6,1,10,3.11,1.76,2125.58
PARAM-LOT-02,W03,-9,-5,1,10,3.85,1.77,2056.83
PARAM-LOT-02,W03,-9,-4,1,10,3.18,1.74,2101.85
PARAM-LOT-02,W03,-9,-3,1,10,3.47,1.8,2103.96
PARAM-LOT-02,W03,-9,-2,1,10,3.31,1.79,2090.96
PARAM-LOT-02,W03,-9,-1,2,21,5.03,1.76,2131.11
PARAM-LOT-02,W03,-9,0,1,10,3.65,1.74,2036.94
PARAM-LOT-02,W03,-9,1,1,10,3.45,1.76,2099.58
PARAM-LOT-02,W03,-9,2,1,10,3.65,1.75,2149.82
PARAM-LOT-02,W03,-9,3,1,10,3.32,1.83,2100.16
PARAM-LOT-02,W03,-9,4,1,10,4.15,1.81,2135.68
PARAM-LOT-02,W03,-9,5,1,10,3.23,1.76,2092.81
PARAM-LOT-02,W03,-9,6,1,10,3.03,1.74,2109.87
PARAM-LOT-02,W03,-9,7,1,10,2.92,1.79,2102.34
PARAM-LOT-02,W03,-9,8,1,10,3.59,1.75,2059.03
PARAM-LOT-02,W03,-9,9,1,10,3.89,1.76,2098.21
PARAM-LOT-02,W03,-9,10,1,10,3.39,1.72,2096.67
PARAM-LOT-02,W03,-9,11,1,10,3.81,1.84,2064.69
PARAM-LOT-02,W03,-9,12,1,10,4.19,1.77,2091.27
PARAM-LOT-02,W03,-9,13,2,21,5.01,1.76,2130.36
PARAM-LOT-02,W03,-9,14,1,10,3.71,1.78,2122.52
PARAM-LOT-02,W03,-9,15,1,10,3.37,1.75,2103.01
PARAM-LOT-02,W03,-9,16,2,21,6.07,1.79,2125.85
PARAM-LOT-02,W03,-9,17,2,21,5.7,1.69,2106.92
PARAM-LOT-02,W03,-8,-17,1,10,4.61,1.77,2080.65
PARAM-LOT-02,W03,-8,-16,2,21,5.24,1.78,2123.55
PARAM-LOT-02,W03,-8,-15,2,21,5.62,1.76,2095.36
PARAM-LOT-02,W03,-8,-14,1,10,4.42,1.74,2136.25
PARAM-LOT-02,W03,-8,-13,1,10,4.04,1.78,2078.8
PARAM-LOT-02,W03,-8,-12,1,10,3.17,1.72,2087.41
PARAM-LOT-02,W03,-8,-11,1,10,4.58,1.74,2093.91
PARAM-LOT-02,W03,-8,-10,1,10,3.71,1.78,2135.99
PARAM-LOT-02,W03,-8,-9,1,10,3.73,1.8,2077.34
PARAM-LOT-02,W03,-8,-8,1,10,3.08,1.74,2102.44
PARAM-LOT-02,W03,-8,-7,1,10,3.82,1.74,2111.93
PARAM-LOT-02,W03,-8,-6,1,10,3.59,1.77,2100.69
PARAM-LOT-02,W03,-8,-5,1,10,3.74,1.78,2131.96
PARAM-LOT-02,W03,-8,-4,1,10,3.04,1.77,2062.02
PARAM-LOT-02,W03,-8,-3,1,10,3.62,1.76,2112.31
PARAM-LOT-02,W03,-8,-2,1,10,2.99,1.74,2145.68
PARAM-LOT-02,W03,-8,-1,1,10,2.54,1.76,2085.77
PARAM-LOT-02,W03,-8,0,1,10,3.58,1.76,2148.17
PARAM-LOT-02,W03,-8,1,1,10,2.81,1.74,2102.54
PARAM-LOT-02,W03,-8,2,1,10,2.93,1.74,2113.29
PARAM-LOT-02,W03,-8,3,1,10,3.25,1.73,2133.75
PARAM-LOT-02,W03,-8,4,1,10,3.99,1.75,2075.08
PARAM-LOT-02,W03,-8,5,1,10,3.32,1.74,2086.18
PARAM-LOT-02,W03,-8,6,1,10,3.08,1.73,2075.24
PARAM-LOT-02,W03,-8,7,1,10,2.39,1.74,2109.08
PARAM-LOT-02,W03,-8,8,1,10,2.96,1.74,2101.25
PARAM-LOT-02,W03,-8,9,1,10,2.33,1.78,2076.88
PARAM-LOT-02,W03,-8,10,1,10,3.6,1.75,2067.33
PARAM-LOT-02,W03,-8,11,1,10,4.27,1.77,2093.17
PARAM-LOT-02,W03,-8,12,1,10,3.59,1.73,2092.92
PARAM-LOT-02,W03,-8,13,1,10,4.55,1.73,2114.41
PARAM-LOT-02,W03,-8,14,1,10,3.63,1.7,2143.98
PARAM-LOT-02,W03,-8,15,1,10,3.67,1.73,2122.98
PARAM-LOT-02,W03,-8,16,1,10,3.82,1.74,2135.43
PARAM-LOT-02,W03,-8,17,3,31,6.99,1.79,2094.27
PARAM-LOT-02,W03,-7,-17,2,21,5.11,1.78,2100.01
PARAM-LOT-02,W03,-7,-16,2,21,5.04,1.78,2088.22
PARAM-LOT-02,W03,-7,-15,1,10,3.84,1.73,2098.47
PARAM-LOT-02,W03,-7,-14,1,10,3.74,1.77,2072.35
PARAM-LOT-02,W03,-7,-13,1,10,4.4,1.76,2089.67
PARAM-LOT-02,W03,-7,-12,1,10,3.9,1.75,2092.54
PARAM-LOT-02,W03,-7,-11,1,10,3.36,1.74,2094.71
PARAM-LOT-02,W03,-7,-10,1,10,3.58,1.75,2099.71
PARAM-LOT-02,W03,-7,-9,1,10,4.02,1.82,2049.53
PARAM-LOT-02,W03,-7,-8,1,10,4.01,1.78,2100
PARAM-LOT-02,W03,-7,-7,1,10,4.15,1.72,2124.59
PARAM-LOT-02,W03,-7,-6,1,10,3.32,1.72,2133.92
PARAM-LOT-02,W03,-7,-5,1,10,3.76,1.77,2106.15
PARAM-LOT-02,W03,-7,-4,1,10,2.41,1.77,2103.38
PARAM-LOT-02,W03,-7,-3,1,10,3.9,1.79,2141.04
PARAM-LOT-02,W03,-7,-2,1,10,3.08,1.76,2112.95
PARAM-LOT-02,W03,-7,-1,1,10,3.66,1.81,2056.28
PARAM-LOT-02,W03,-7,0,1,10,3.58,1.76,2105.63
PARAM-LOT-02,W03,-7,1,1,10,2.55,1.74,2075.64
PARAM-LOT-02,W03,-7,2,1,10,2.89,1.78,2066.73
PARAM-LOT-02,W03,-7,3,1,10,3.95,1.79,2084.96
PARAM-LOT-02,W03,-7,4,1,10,2.67,1.77,2075.36
PARAM-LOT-02,W03,-7,5,1,10,3.68,1.77,2081.48
PARAM-LOT-02,W03,-7,6,1,10,3.89,1.82,2100.95
PARAM-LOT-02,W03,-7,7,1,10,3.01,1.74,2101.75
PARAM-LOT-02,W03,-7,8,1,10,3.32,1.76,2104.19
PARAM-LOT-02,W03,-7,9,1,10,3.42,1.81,2098.95
PARAM-LOT-02,W03,-7,10,1,10,3.76,1.75,2121.88
PARAM-LOT-02,W03,-7,11,1,10,3.67,1.77,2084.88
PARAM-LOT-02,W03,-7,12,1,10,3.02,1.72,2109.94
PARAM-LOT-02,W03,-7,13,1,10,3.85,1.78,2083.58
PARAM-LOT-02,W03,-7,14,1,10,3.95,1.78,2132.83
PARAM-LOT-02,W03,-7,15,1,10,3.74,1.76,2099.17
PARAM-LOT-02,W03,-7,16,1,10,4.66,1.74,2068.21
PARAM-LOT-02,W03,-7,17,1,10,2.84,1.73,2079.45
PARAM-LOT-02,W03,-6,-18,1,10,3.42,1.82,2090.95
PARAM-LOT-02,W03,-6,-17,2,21,5.96,1.76,2076.65
PARAM-LOT-02,W03,-6,-16,1,10,3.53,1.74,2105.57
PARAM-LOT-02,W03,-6,-15,1,10,4.82,1.77,2073.9
PARAM-LOT-02,W03,-6,-14,1,10,3.58,1.76,2093.36
PARAM-LOT-02,W03,-6,-13,1,10,3.74,1.77,2090.11
PARAM-LOT-02,W03,-6,-12,1,10,3.77,1.77,2130.64
PARAM-LOT-02,W03,-6,-11,1,10,2.93,1.78,2084.74
PARAM-LOT-02,W03,-6,-10,1,10,3.74,1.75,2117.58
PARAM-LOT-02,W03,-6,-9,1,10,3.59,1.76,2080.61
PARAM-LOT-02,W03,-6,-8,1,10,4.63,1.75,2120.97
PARAM-LOT-02,W03,-6,-7,1,10,3.13,1.75,2111.14
PARAM-LOT-02,W03,-6,-6,1,10,2.62,1.76,2102.25
PARAM-LOT-02,W03,-6,-5,1,10,3.41,1.79,2102
PARAM-LOT-02,W03,-6,-4,1,10,2.78,1.76,2094.73
PARAM-LOT-02,W03,-6,-3,1,10,2.88,1.77,2133.04
PARAM-LOT-02,W03,-6,-2,1,10,3.9,1.76,2093.99
PARAM-LOT-02,W03,-6,-1,1,10,2.91,1.75,2133.15
PARAM-LOT-02,W03,-6,0,1,10,2.23,1.74,2139.12
PARAM-LOT-02,W03,-6,1,1,10,2.7,1.76,2123.19
PARAM-LOT-02,W03,-6,2,1,10,2.67,1.79,2073.45
PARAM-LOT-02,W03,-6,3,1,10,2.79,1.77,2092.05
PARAM-LOT-02,W03,-6,4,1,10,3.03,1.79,2109.04
PARAM-LOT-02,W03,-6,5,1,10,2.42,1.75,2098.31
PARAM-LOT-02,W03,-6,6,1,10,2.84,1.7,2053.02
PARAM-LOT-02,W03,-6,7,1,10,2.59,1.8,2085.05
PARAM-LOT-02,W03,-6,8,1,10,4.54,1.77,2105.65
PARAM-LOT-02,W03,-6,9,1,10,3.49,1.8,2112.72
PARAM-LOT-02,W03,-6,10,1,10,2.63,1.77,2103.44
PARAM-LOT-02,W03,-6,11,2,21,5.14,1.76,2111.95
PARAM-LOT-02,W03,-6,12,1,10,3.87,1.75,2085.56
PARAM-LOT-02,W03,-6,13,1,10,3.16,1.75,2140.78
PARAM-LOT-02,W03,-6,14,1,10,3.29,1.78,2113.33
PARAM-LOT-02,W03,-6,15,1,10,4.69,1.78,2087.47
PARAM-LOT-02,W03,-6,16,1,10,2.45,1.75,2086.68
PARAM-LOT-02,W03,-6,17,1,10,3.55,1.77,2081.45
PARAM-LOT-02,W03,-6,18,2,21,5.15,1.79,2064.83
PARAM-LOT-02,W03,-5,-18,1,10,3.47,1.78,2070.19
PARAM-LOT-02,W03,-5,-17,1,10,3.64,1.78,2067.56
PARAM-LOT-02,W03,-5,-16,1,10,4.03,1.76,2068.52
PARAM-LOT-02,W03,-5,-15,1,10,4.13,1.78,2063.51
PARAM-LOT-02,W03,-5,-14,1,10,3.23,1.78,2129.55
PARAM-LOT-02,W03,-5,-13,1,10,4.12,1.7,2135.5
PARAM-LOT-02,W03,-5,-12,2,21,5.19,1.79,2101.93
PARAM-LOT-02,W03,-5,-11,1,10,3.4,1.78,2106.07
PARAM-LOT-02,W03,-5,-10,1,10,2.3,1.8,2069.09
PARAM-LOT-02,W03,-5,-9,1,10,3.85,1.74,2086.55
PARAM-LOT-02,W03,-5,-8,1,10,3.16,1.79,2105.94
PARAM-LOT-02,W03,-5,-7,1,10,3.42,1.74,2089.62
PARAM-LOT-02,W03,-5,-6,1,10,2.92,1.76,2068.19
PARAM-LOT-02,W03,-5,-5,1,10,3.3,1.77,2080.67
PARAM-LOT-02,W03,-5,-4,1,10,3.38,1.78,2122.39
PARAM-LOT-02,W03,-5,-3,1,10,2.93,1.75,2057.04
PARAM-LOT-02,W03,-5,-2,1,10,3.23,1.76,2120.09
PARAM-LOT-02,W03,-5,-1,1,10,3.51,1.73,2126.52
PARAM-LOT-02,W03,-5,0,1,10,3.02,1.78,2112.13
PARAM-LOT-02,W03,-5,1,1,10,2.86,1.77,2113.98
PARAM-LOT-02,W03,-5,2,1,10,2.65,1.8,2079.72
PARAM-LOT-02,W03,-5,3,1,10,3.61,1.79,2143.43
PARAM-LOT-02,W03,-5,4,1,10,3.06,1.72,2104.06
PARAM-LOT-02,W03,-5,5,1,10,3.28,1.81,2082.66
PARAM-LOT-02,W03,-5,6,1,10,4.38,1.75,2139.85
PARAM-LOT-02,W03,-5,7,1,10,2.5,1.78,2088.88
PARAM-LOT-02,W03,-5,8,1,10,3.94,1.76,2099.7
PARAM-LOT-02,W03,-5,9,1,10,3.52,1.74,2127.44
PARAM-LOT-02,W03,-5,10,1,10,3.49,1.75,2124.57
PARAM-LOT-02,W03,-5,11,1,10,3.07,1.75,2094.19
PARAM-LOT-02,W03,-5,12,1,10,4.03,1.75,2108.47
PARAM-LOT-02,W03,-5,13,1,10,4.22,1.81,2125.96
PARAM-LOT-02,W03,-5,14,1,10,4.08,1.84,2098.08
PARAM-LOT-02,W03,-5,15,1,10,3.68,1.78,2101.11
PARAM-LOT-02,W03,-5,16,1,10,2.94,1.79,2110.99
PARAM-LOT-02,W03,-5,17,2,21,5.82,1.78,2093.67
PARAM-LOT-02,W03,-5,18,1,10,3.52,1.79,2055.18
PARAM-LOT-02,W03,-4,-18,2,21,5.02,1.78,2092.75
PARAM-LOT-02,W03,-4,-17,2,21,5.47,1.76,2116.15
PARAM-LOT-02,W03,-4,-16,1,10,4.95,1.8,2127.56
PARAM-LOT-02,W03,-4,-15,2,21,6.13,1.76,2099.22
PARAM-LOT-02,W03,-4,-14,1,10,3.51,1.78,2127.7
PARAM-LOT-02,W03,-4,-13,1,10,4.3,1.75,2110.56
PARAM-LOT-02,W03,-4,-12,2,21,5.07,1.8,2107.93
PARAM-LOT-02,W03,-4,-11,1,10,4.12,1.76,2106.84
PARAM-LOT-02,W03,-4,-10,1,10,2.76,1.76,2071.07
PARAM-LOT-02,W03,-4,-9,1,10,2.95,1.8,2117.23
PARAM-LOT-02,W03,-4,-8,1,10,3.52,1.75,2102.06
PARAM-LOT-02,W03,-4,-7,1,10,3.6,1.78,2068.41
PARAM-LOT-02,W03,-4,-6,1,10,4.01,1.78,2070.01
PARAM-LOT-02,W03,-4,-5,1,10,3.65,1.76,2077.46
PARAM-LOT-02,W03,-4,-4,1,10,3.02,1.77,2106.06
PARAM-LOT-02,W03,-4,-3,1,10,2.74,1.78,2098.61
PARAM-LOT-02,W03,-4,-2,1,10,2.78,1.79,2125.28
PARAM-LOT-02,W03,-4,-1,1,10,3.4,1.79,2087.32
PARAM-LOT-02,W03,-4,0,1,10,3.58,1.78,2095.04
PARAM-LOT-02,W03,-4,1,1,10,2.96,1.74,2100.32
PARAM-LOT-02,W03,-4,2,1,10,2.11,1.78,2037.88
PARAM-LOT-02,W03,-4,3,1,10,2.78,1.85,2089.58
PARAM-LOT-02,W03,-4,4,1,10,2.35,1.82,2042.01
PARAM-LOT-02,W03,-4,5,1,10,2.91,1.79,2133.12
PARAM-LOT-02,W03,-4,6,1,10,2.34,1.81,2103.81
PARAM-LOT-02,W03,-4,7,1,10,3.03,1.75,2054.74
PARAM-LOT-02,W03,-4,8,1,10,2.89,1.81,2087.02
PARAM-LOT-02,W03,-4,9,1,10,4.53,1.78,2099.57
PARAM-LOT-02,W03,-4,10,1,10,3.22,1.81,2090.63
PARAM-LOT-02,W03,-4,11,1,10,4.2,1.74,2091.91
PARAM-LOT-02,W03,-4,12,1,10,3.69,1.78,2144.81
PARAM-LOT-02,W03,-4,13,1,10,3.67,1.78,2082.83
PARAM-LOT-02,W03,-4,14,1,10,4.03,1.81,2110.97
PARAM-LOT-02,W03,-4,15,1,10,4.35,1.8,2071.47
PARAM-LOT-02,W03,-4,16,1,10,4.02,1.78,2059.65
PARAM-LOT-02,W03,-4,17,1,10,3.58,1.77,2076.73
PARAM-LOT-02,W03,-4,18,1,10,4.03,1.82,2127.27
PARAM-LOT-02,W03,-3,-19,1,10,4.55,1.78,2087.85
PARAM-LOT-02,W03,-3,-18,1,10,3.89,1.76,2121.74
PARAM-LOT-02,W03,-3,-17,1,10,3.37,1.81,2087.22
PARAM-LOT-02,W03,-3,-16,1,10,3.62,1.77,2130.36
PARAM-LOT-02,W03,-3,-15,1,10,3.83,1.78,2135.87
PARAM-LOT-02,W03,-3,-14,1,10,3.95,1.74,2081.51
PARAM-LOT-02,W03,-3,-13,1,10,4.91,1.82,2130.28
PARAM-LOT-02,W03,-3,-12,1,10,3.3,1.79,2128.98
PARAM-LOT-02,W03,-3,-11,1,10,2.37,1.82,2054.74
PARAM-LOT-02,W03,-3,-10,1,10,2.59,1.79,2139.97
PARAM-LOT-02,W03,-3,-9,1,10,3.09,1.78,2150.97
PARAM-LOT-02,W03,-3,-8,1,10,2.45,1.78,2065.31
PARAM-LOT-02,W03,-3,-7,1,10,2.64,1.78,2078.09
PARAM-LOT-02,W03,-3,-6,1,10,2.44,1.81,2107.51
PARAM-LOT-02,W03,-3,-5,1,10,2.78,1.77,2145.22
PARAM-LOT-02,W03,-3,-4,1,10,2.54,1.78,2116.85
PARAM-LOT-02,W03,-3,-3,1,10,2.62,1.79,2084.33
PARAM-LOT-02,W03,-3,-2,1,10,2.88,1.8,2107.19
PARAM-LOT-02,W03,-3,-1,1,10,2.95,1.78,2086.83
PARAM-LOT-02,W03,-3,0,1,10,1.93,1.77,2104.24
PARAM-LOT-02,W03,-3,1,1,10,2.77,1.77,2100.19
PARAM-LOT-02,W03,-3,2,1,10,2.1,1.76,2102.08
PARAM-LOT-02,W03,-3,3,1,10,3.75,1.79,2014.88
PARAM-LOT-02,W03,-3,4,1,10,2.82,1.81,2123.03
PARAM-LOT-02,W03,-3,5,1,10,2.8,1.75,2106.22
PARAM-LOT-02,W03,-3,6,1,10,3.12,1.77,2078.92
PARAM-LOT-02,W03,-3,7,1,10,3.53,1.75,2110.31
PARAM-LOT-02,W03,-3,8,1,10,2.5,1.76,2106.71
PARAM-LOT-02,W03,-3,9,1,10,3.17,1.79,2131.34
PARAM-LOT-02,W03,-3,10,1,10,3.56,1.82,2096.3
PARAM-LOT-02,W03,-3,11,1,10,2.47,1.82,2087.51
PARAM-LOT-02,W03,-3,12,1,10,3.63,1.79,2061.59
PARAM-LOT-02,W03,-3,13,1,10,3.49,1.82,2077.09
PARAM-LOT-02,W03,-3,14,1,10,3.5,1.72,2108.74
PARAM-LOT-02,W03,-3,15,1,10,4.96,1.85,2088.14
PARAM-LOT-02,W03,-3,16,1,10,4.03,1.81,2142.48
PARAM-LOT-02,W03,-3,17,2,21,5.31,1.82,2085.88
PARAM-LOT-02,W03,-3,18,1,10,4.79,1.82,2077.46
PARAM-LOT-02,W03,-3,19,1,10,3.62,1.79,2111.72
PARAM-LOT-02,W03,-2,-19,2,21,5.44,1.73,2125.63
PARAM-LOT-02,W03,-2,-18,1,10,4.59,1.75,2113.51
PARAM-LOT-02,W03,-2,-17,2,21,5.56,1.81,2127.56
PARAM-LOT-02,W03,-2,-16,1,10,4.33,1.79,2085.65
PARAM-LOT-02,W03,-2,-15,1,10,3.83,1.82,2134.83
PARAM-LOT-02,W03,-2,-14,1,10,3.41,1.85,2088.77
PARAM-LOT-02,W03,-2,-13,1,10,3.4,1.82,2058.71
PARAM-LOT-02,W03,-2,-12,1,10,4.26,1.74,2065.65
PARAM-LOT-02,W03,-2,-11,1,10,3.72,1.77,2126.09
PARAM-LOT-02,W03,-2,-10,1,10,4.01,1.79,2066.07
PARAM-LOT-02,W03,-2,-9,1,10,2.58,1.78,2134.79
PARAM-LOT-02,W03,-2,-8,1,10,2.72,1.8,2101.44
PARAM-LOT-02,W03,-2,-7,1,10,3.34,1.8,2095.82
PARAM-LOT-02,W03,-2,-6,1,10,3.34,1.78,2107.8
PARAM-LOT-02,W03,-2,-5,1,10,2.63,1.75,2096.67
PARAM-LOT-02,W03,-2,-4,1,10,2.14,1.79,2118.08
PARAM-LOT-02,W03,-2,-3,1,10,2.98,1.75,2141.64
PARAM-LOT-02,W03,-2,-2,1,10,1.99,1.77,2109.5
PARAM-LOT-02,W03,-2,-1,1,10,2.08,1.78,2128.5
PARAM-LOT-02,W03,-2,0,1,10,2.7,1.74,2114.15
PARAM-LOT-02,W03,-2,1,1,10,3.22,1.78,2102.74
PARAM-LOT-02,W03,-2,2,2,21,5.09,1.77,2083.26
PARAM-LOT-02,W03,-2,3,1,10,3.15,1.8,2091.13
PARAM-LOT-02,W03,-2,4,1,10,3.69,1.78,2092.62
PARAM-LOT-02,W03,-2,5,1,10,2.88,1.77,2062.45
PARAM-LOT-02,W03,-2,6,1,10,3.58,1.8,2087.14
PARAM-LOT-02,W03,-2,7,1,10,2.06,1.81,2074.33
PARAM-LOT-02,W03,-2,8,1,10,2.62,1.77,2086.63
PARAM-LOT-02,W03,-2,9,1,10,2.28,1.79,2083.54
PARAM-LOT-02,W03,-2,10,1,10,3.81,1.83,2114.17
PARAM-LOT-02,W03,-2,11,1,10,3.81,1.78,2078.99
PARAM-LOT-02,W03,-2,12,1,10,3.86,1.83,2111.44
PARAM-LOT-02,W03,-2,13,1,10,4.4,1.79,2121.18
PARAM-LOT-02,W03,-2,14,2,21,5.24,1.76,2145.47
PARAM-LOT-02,W03,-2,15,2,21,5.29,1.8,2090.03
PARAM-LOT-02,W03,-2,16,1,10,4.09,1.79,2079.39
PARAM-LOT-02,W03,-2,17,1,10,4.86,1.79,2062.91
PARAM-LOT-02,W03,-2,18,2,21,5.02,1.8,2113.84
PARAM-LOT-02,W03,-2,19,1,10,4.01,1.79,2106.98
PARAM-LOT-02,W03,-1,-19,1,10,4.16,1.83,2078
PARAM-LOT-02,W03,-1,-18,1,10,4.64,1.81,2107.2
PARAM-LOT-02,W03,-1,-17,2,21,5.24,1.79,2083.17
PARAM-LOT-02,W03,-1,-16,1,10,2.8,1.81,2134.93
PARAM-LOT-02,W03,-1,-15,2,21,5.12,1.75,2117.7
PARAM-LOT-02,W03,-1,-14,2,21,5.39,1.76,2057.25
PARAM-LOT-02,W03,-1,-13,1,10,3.73,1.82,2100.09
PARAM-LOT-02,W03,-1,-12,1,10,3.01,1.8,2098.88
PARAM-LOT-02,W03,-1,-11,1,10,4.94,1.76,2075.93
PARAM-LOT-02,W03,-1,-10,1,10,3.63,1.79,2059.01
PARAM-LOT-02,W03,-1,-9,1,10,3.05,1.78,2157.77
PARAM-LOT-02,W03,-1,-8,1,10,3.03,1.84,2120.18
PARAM-LOT-02,W03,-1,-7,1,10,3.15,1.8,2122.97
PARAM-LOT-02,W03,-1,-6,1,10,2.85,1.81,2093.75
PARAM-LOT-02,W03,-1,-5,1,10,2.81,1.82,2096.31
PARAM-LOT-02,W03,-1,-4,1,10,2.39,1.82,2109.9
PARAM-LOT-02,W03,-1,-3,1,10,2.87,1.77,2122.41
PARAM-LOT-02,W03,-1,-2,1,10,2.02,1.81,2125.31
PARAM-LOT-02,W03,-1,-1,1,10,2.01,1.8,2116.14
PARAM-LOT-02,W03,-1,0,1,10,2.57,1.82,2156.92
PARAM-LOT-02,W03,-1,1,1,10,4.26,1.8,2106.2
PARAM-LOT-02,W03,-1,2,1,10,4.44,1.76,2077.04
PARAM-LOT-02,W03,-1,3,3,31,7.28,1.85,2105.01
PARAM-LOT-02,W03,-1,4,2,21,5.56,1.77,2113.43
PARAM-LOT-02,W03,-1,5,1,10,3.51,1.83,2106.7
PARAM-LOT-02,W03,-1,6,1,10,2.96,1.82,2120.48
PARAM-LOT-02,W03,-1,7,1,10,3.3,1.78,2064.55
PARAM-LOT-02,W03,-1,8,1,10,2.58,1.82,2082.73
PARAM-LOT-02,W03,-1,9,1,10,3.12,1.81,2096.33
PARAM-LOT-02,W03,-1,10,1,10,2.84,1.77,2104.8
PARAM-LOT-02,W03,-1,11,1,10,3.66,1.82,2075
PARAM-LOT-02,W03,-1,12,1,10,3.85,1.77,2132.98
PARAM-LOT-02,W03,-1,13,1,10,3.27,1.76,2110.42
PARAM-LOT-02,W03,-1,14,1,10,4.17,1.82,2118.61
PARAM-LOT-02,W03,-1,15,1,10,4.01,1.81,2134.43
PARAM-LOT-02,W03,-1,16,1,10,4.03,1.81,2132.03
PARAM-LOT-02,W03,-1,17,1,10,4.74,1.73,2109.63
PARAM-LOT-02,W03,-1,18,1,10,3.51,1.81,2145.29
PARAM-LOT-02,W03,-1,19,2,21,5.15,1.8,2077.93
PARAM-LOT-02,W03,0,-19,2,21,5.58,1.84,2082.33
PARAM-LOT-02,W03,0,-18,1,10,4.82,1.77,2119.85
PARAM-LOT-02,W03,0,-17,2,21,5.3,1.8,2130.75
PARAM-LOT-02,W03,0,-16,1,10,4.05,1.77,2109.61
PARAM-LOT-02,W03,0,-15,1,10,2.55,1.81,2100.57
PARAM-LOT-02,W03,0,-14,1,10,3.98,1.78,2095.8
PARAM-LOT-02,W03,0,-13,1,10,3.12,1.85,2125.48
PARAM-LOT-02,W03,0,-12,1,10,2.56,1.82,2103.35
PARAM-LOT-02,W03,0,-11,1,10,3.57,1.81,2162.4
PARAM-LOT-02,W03,0,-10,1,10,3.36,1.8,2118.51
PARAM-LOT-02,W03,0,-9,1,10,2.32,1.81,2113.57
PARAM-LOT-02,W03,0,-8,1,10,2.98,1.8,2093.9
PARAM-LOT-02,W03,0,-7,1,10,3.51,1.82,2091.37
PARAM-LOT-02,W03,0,-6,1,10,2.22,1.84,2100.67
PARAM-LOT-02,W03,0,-5,1,10,2.73,1.81,2110.34
PARAM-LOT-02,W03,0,-4,1,10,2.83,1.78,2085.62
PARAM-LOT-02,W03,0,-3,1,10,3.5,1.81,2089.24
PARAM-LOT-02,W03,0,-2,1,10,1.75,1.82,2116.14
PARAM-LOT-02,W03,0,-1,1,10,2.03,1.81,2090.6
PARAM-LOT-02,W03,0,0,1,10,2.19,1.85,2080.34
PARAM-LOT-02,W03,0,1,1,10,4.23,1.84,2129.4
PARAM-LOT-02,W03,0,2,1,10,4.82,1.78,2094.65
PARAM-LOT-02,W03,0,3,2,21,5.95,1.82,2099.36
PARAM-LOT-02,W03,0,4,3,31,6.83,1.83,2078.01
PARAM-LOT-02,W03,0,5,1,10,4.27,1.81,2114.87
PARAM-LOT-02,W03,0,6,2,21,5.09,1.81,2103.2
PARAM-LOT-02,W03,0,7,1,10,3.18,1.78,2059.61
PARAM-LOT-02,W03,0,8,1,10,3.58,1.79,2106.96
PARAM-LOT-02,W03,0,9,1,10,3.88,1.76,2097.68
PARAM-LOT-02,W03,0,10,1,10,3.83,1.83,2111.15
PARAM-LOT-02,W03,0,11,1,10,3.89,1.77,2134.74
PARAM-LOT-02,W03,0,12,1,10,2.81,1.81,2143.09
PARAM-LOT-02,W03,0,13,1,10,3.14,1.8,2082.94
PARAM-LOT-02,W03,0,14,1,10,3.67,1.8,2111.88
PARAM-LOT-02,W03,0,15,2,21,5.21,1.81,2112.99
PARAM-LOT-02,W03,0,16,1,10,3.22,1.8,2100.37
PARAM-LOT-02,W03,0,17,2,21,5.13,1.8,2079.5
PARAM-LOT-02,W03,0,18,2,21,5.01,1.83,2119.02
PARAM-LOT-02,W03,0,19,1,10,4.27,1.79,2085.17
PARAM-LOT-02,W03,1,-19,3,31,7.22,1.78,2052.3
PARAM-LOT-02,W03,1,-18,1,10,4.03,1.76,2088.74
PARAM-LOT-02,W03,1,-17,2,21,5.17,1.83,2088.63
PARAM-LOT-02,W03,1,-16,1,10,4.65,1.72,2097.11
PARAM-LOT-02,W03,1,-15,1,10,3.89,1.82,2108.39
PARAM-LOT-02,W03,1,-14,1,10,3.78,1.82,2101.17
PARAM-LOT-02,W03,1,-13,1,10,3.31,1.77,2115.12
PARAM-LOT-02,W03,1,-12,1,10,3.76,1.78,2115.2
PARAM-LOT-02,W03,1,-11,1,10,3.76,1.8,2086.73
PARAM-LOT-02,W03,1,-10,1,10,3.94,1.78,2091.89
PARAM-LOT-02,W03,1,-9,1,10,4.37,1.78,2095.46
PARAM-LOT-02,W03,1,-8,1,10,4.56,1.83,2075.61
PARAM-LOT-02,W03,1,-7,1,10,2.97,1.77,2137.26
PARAM-LOT-02,W03,1,-6,1,10,3.01,1.79,2124.59
PARAM-LOT-02,W03,1,-5,1,10,4.28,1.81,2071.38
PARAM-LOT-02,W03,1,-4,1,10,2.64,1.81,2077.96
PARAM-LOT-02,W03,1,-3,1,10,2.15,1.76,2080.87
PARAM-LOT-02,W03,1,-2,1,10,2.01,1.81,2076.05
PARAM-LOT-02,W03,1,-1,1,10,2.45,1.81,2111.86
PARAM-LOT-02,W03,1,0,1,10,2.47,1.78,2078.58
PARAM-LOT-02,W03,1,1,1,10,3.65,1.83,2082.99
PARAM-LOT-02,W03,1,2,1,10,4.77,1.82,2122.71
PARAM-LOT-02,W03,1,3,2,21,5.51,1.76,2129
PARAM-LOT-02,W03,1,4,2,21,5.55,1.84,2072.57
PARAM-LOT-02,W03,1,5,1,10,3.73,1.81,2061.72
PARAM-LOT-02,W03,1,6,1,10,4.08,1.82,2106.36
PARAM-LOT-02,W03,1,7,1,10,2.87,1.84,2122.19
PARAM-LOT-02,W03,1,8,1,10,3.39,1.85,2123.35
PARAM-LOT-02,W03,1,9,1,10,2.84,1.82,2112.9
PARAM-LOT-02,W03,1,10,1,10,3.36,1.8,2095.74
PARAM-LOT-02,W03,1,11,1,10,3.22,1.78,2111.82
PARAM-LOT-02,W03,1,12,1,10,2.93,1.79,2092.9
PARAM-LOT-02,W03,1,13,1,10,3.35,1.79,2096.55
PARAM-LOT-02,W03,1,14,1,10,4.81,1.81,2065.52
PARAM-LOT-02,W03,1,15,1,10,4.12,1.8,2080
PARAM-LOT-02,W03,1,16,1,10,3.37,1.8,2075.8
PARAM-LOT-02,W03,1,17,1,10,3.86,1.82,2134.27
PARAM-LOT-02,W03,1,18,1,10,3.07,1.77,2083.19
PARAM-LOT-02,W03,1,19,1,10,3.49,1.8,2118.75
PARAM-LOT-02,W03,2,-19,2,21,5.13,1.79,2100.2
PARAM-LOT-02,W03,2,-18,1,10,3.12,1.81,2105.74
PARAM-LOT-02,W03,2,-17,1,10,4.38,1.81,2064.34
PARAM-LOT-02,W03,2,-16,1,10,3.79,1.8,2122.62
PARAM-LOT-02,W03,2,-15,1,10,3.43,1.83,2105.87
PARAM-LOT-02,W03,2,-14,1,10,4.97,1.83,2099.25
PARAM-LOT-02,W03,2,-13,1,10,3.35,1.86,2101.54
PARAM-LOT-02,W03,2,-12,2,21,5.03,1.83,2110.59
PARAM-LOT-02,W03,2,-11,1,10,2.36,1.84,2081.32
PARAM-LOT-02,W03,2,-10,1,10,3.36,1.8,2128.11
PARAM-LOT-02,W03,2,-9,1,10,3.31,1.82,2129.66
PARAM-LOT-02,W03,2,-8,1,10,2.88,1.77,2124.22
PARAM-LOT-02,W03,2,-7,1,10,3.03,1.81,2113.29
PARAM-LOT-02,W03,2,-6,1,10,3.47,1.81,2077.69
PARAM-LOT-02,W03,2,-5,1,10,2.69,1.8,2144.21
PARAM-LOT-02,W03,2,-4,1,10,2.01,1.81,2130.49
PARAM-LOT-02,W03,2,-3,1,10,2.5,1.79,2084.16
PARAM-LOT-02,W03,2,-2,1,10,2.95,1.81,2100.48
PARAM-LOT-02,W03,2,-1,1,10,2.49,1.83,2141.92
PARAM-LOT-02,W03,2,0,1,10,2.74,1.8,2115.97
PARAM-LOT-02,W03,2,1,1,10,2.9,1.85,2065.91
PARAM-LOT-02,W03,2,2,1,10,3.6,1.81,2067.52
PARAM-LOT-02,W03,2,3,2,21,5.01,1.8,2098.91
PARAM-LOT-02,W03,2,4,1,10,3.82,1.82,2143.57
PARAM-LOT-02,W03,2,5,1,10,2.86,1.8,2115.71
PARAM-LOT-02,W03,2,6,1,10,3.42,1.79,2102.8
PARAM-LOT-02,W03,2,7,1,10,2.86,1.85,2070.37
PARAM-LOT-02,W03,2,8,1,10,3.58,1.82,2071.41
PARAM-LOT-02,W03,2,9,1,10,3.43,1.82,2076.38
PARAM-LOT-02,W03,2,10,1,10,4.94,1.77,2097
PARAM-LOT-02,W03,2,11,1,10,3.76,1.81,2087.75
PARAM-LOT-02,W03,2,12,1,10,4.97,1.78,2079.99
PARAM-LOT-02,W03,2,13,1,10,3.44,1.83,2110.63
PARAM-LOT-02,W03,2,14,1,10,4.06,1.78,2077.21
PARAM-LOT-02,W03,2,15,1,10,4.95,1.82,2124.65
PARAM-LOT-02,W03,2,16,1,10,4.09,1.82,2105.62
PARAM-LOT-02,W03,2,17,1,10,4.36,1.8,2119.67
PARAM-LOT-02,W03,2,18,2,21,5.14,1.86,2141.63
PARAM-LOT-02,W03,2,19,2,21,5.29,1.79,2096.82
PARAM-LOT-02,W03,3,-19,1,10,4.38,1.81,2071.96
PARAM-LOT-02,W03,3,-18,1,10,3.94,1.75,2064.34
PARAM-LOT-02,W03,3,-17,1,10,4.87,1.8,2091.72
PARAM-LOT-02,W03,3,-16,1,10,3.21,1.8,2088.28
PARAM-LOT-02,W03,3,-15,1,10,4.91,1.8,2078.39
PARAM-LOT-02,W03,3,-14,3,31,6.51,1.83,2090.62
PARAM-LOT-02,W03,3,-13,1,10,3.94,1.81,2116.17
PARAM-LOT-02,W03,3,-12,1,10,3,1.84,2106.56
PARAM-LOT-02,W03,3,-11,1,10,3.15,1.8,2057.7
PARAM-LOT-02,W03,3,-10,1,10,2.51,1.77,2099.37
PARAM-LOT-02,W03,3,-9,1,10,3.74,1.8,2141.52
PARAM-LOT-02,W03,3,-8,1,10,3.13,1.82,2125.17
PARAM-LOT-02,W03,3,-7,1,10,3.75,1.82,2051.47
PARAM-LOT-02,W03,3,-6,1,10,4.13,1.85,2094.8
PARAM-LOT-02,W03,3,-5,1,10,2.63,1.81,2120.19
PARAM-LOT-02,W03,3,-4,1,10,2.58,1.81,2094.66
PARAM-LOT-02,W03,3,-3,1,10,2.04,1.83,2070.14
PARAM-LOT-02,W03,3,-2,1,10,2.92,1.82,2088.5
PARAM-LOT-02,W03,3,-1,1,10,2.44,1.79,2107.34
PARAM-LOT-02,W03,3,0,1,10,2.85,1.85,2123.71
PARAM-LOT-02,W03,3,1,1,10,1.93,1.82,2101.65
PARAM-LOT-02,W03,3,2,1,10,3.23,1.78,2105.37
PARAM-LOT-02,W03,3,3,1,10,4.44,1.79,2117.7
PARAM-LOT-02,W03,3,4,1,10,2.64,1.83,2117.32
PARAM-LOT-02,W03,3,5,1,10,3.74,1.84,2105.2
PARAM-LOT-02,W03,3,6,1,10,2.53,1.81,2140.02
PARAM-LOT-02,W03,3,7,1,10,3.12,1.86,2095.02
PARAM-LOT-02,W03,3,8,1,10,3.85,1.78,2081.36
PARAM-LOT-02,W03,3,9,1,10,3.67,1.78,2087.61
PARAM-LOT-02,W03,3,10,1,10,3.55,1.86,2109.12
PARAM-LOT-02,W03,3,11,1,10,2.66,1.83,2130.93
PARAM-LOT-02,W03,3,12,1,10,3.71,1.8,2111.64
PARAM-LOT-02,W03,3,13,1,10,3.61,1.81,2073.35
PARAM-LOT-02,W03,3,14,1,10,3.91,1.82,2059.32
PARAM-LOT-02,W03,3,15,1,10,3.34,1.82,2121.84
PARAM-LOT-02,W03,3,16,1,10,4.48,1.77,2160.84
PARAM-LOT-02,W03,3,17,1,10,4.25,1.84,2112.55
PARAM-LOT-02,W03,3,18,1,10,2.8,1.83,2120.37
PARAM-LOT-02,W03,3,19,1,10,4.51,1.76,2112.43
PARAM-LOT-02,W03,4,-18,1,10,4.88,1.79,2080.1
PARAM-LOT-02,W03,4,-17,2,21,5.17,1.86,2103.71
PARAM-LOT-02,W03,4,-16,1,10,4.08,1.83,2081.25
PARAM-LOT-02,W03,4,-15,1,10,3.68,1.83,2118.84
PARAM-LOT-02,W03,4,-14,1,10,2.96,1.83,2101.64
PARAM-LOT-02,W03,4,-13,1,10,4.34,1.8,2063.74
PARAM-LOT-02,W03,4,-12,1,10,3.77,1.83,2087.46
PARAM-LOT-02,W03,4,-11,1,10,4.2,1.85,2107.6
PARAM-LOT-02,W03,4,-10,1,10,3.71,1.84,2107.84
PARAM-LOT-02,W03,4,-9,1,10,3.91,1.81,2087.12
PARAM-LOT-02,W03,4,-8,1,10,3.4,1.77,2052.54
PARAM-LOT-02,W03,4,-7,1,10,2.91,1.85,2117.66
PARAM-LOT-02,W03,4,-6,1,10,3.43,1.81,2092.65
PARAM-LOT-02,W03,4,-5,1,10,2.71,1.83,2077.63
PARAM-LOT-02,W03,4,-4,1,10,2.9,1.84,2102.83
PARAM-LOT-02,W03,4,-3,1,10,2.66,1.84,2057.89
PARAM-LOT-02,W03,4,-2,1,10,4.13,1.79,2138.72
PARAM-LOT-02,W03,4,-1,1,10,2.15,1.84,2172.13
PARAM-LOT-02,W03,4,0,1,10,2.5,1.81,2152.24
PARAM-LOT-02,W03,4,1,1,10,2.46,1.81,2119.2
PARAM-LOT-02,W03,4,2,1,10,3.51,1.83,2078.89
PARAM-LOT-02,W03,4,3,1,10,4.21,1.78,2103.99
PARAM-LOT-02,W03,4,4,1,10,1.76,1.82,2087.15
PARAM-LOT-02,W03,4,5,1,10,2.95,1.81,2112.74
PARAM-LOT-02,W03,4,6,1,10,2.82,1.85,2102.68
PARAM-LOT-02,W03,4,7,1,10,3.15,1.79,2098.23
PARAM-LOT-02,W03,4,8,1,10,3.02,1.79,2146.21
PARAM-LOT-02,W03,4,9,1,10,3.42,1.84,2111.39
PARAM-LOT-02,W03,4,10,1,10,3.35,1.82,2100.87
PARAM-LOT-02,W03,4,11,1,10,4.68,1.83,2108.32
PARAM-LOT-02,W03,4,12,1,10,3.59,1.81,2087.48
PARAM-LOT-02,W03,4,13,1,10,3.47,1.82,2091.53
PARAM-LOT-02,W03,4,14,1,10,4.75,1.78,2098.16
PARAM-LOT-02,W03,4,15,1,10,3.81,1.85,2060.86
PARAM-LOT-02,W03,4,16,1,10,4.68,1.84,2135.27
PARAM-LOT-02,W03,4,17,1,10,3.84,1.85,2103.75
PARAM-LOT-02,W03,4,18,1,10,4.4,1.81,2127.77
PARAM-LOT-02,W03,5,-18,1,10,3.89,1.85,2111.58
PARAM-LOT-02,W03,5,-17,1,10,3.87,1.82,2111.44
PARAM-LOT-02,W03,5,-16,1,10,3.28,1.8,2115.53
PARAM-LOT-02,W03,5,-15,1,10,3.19,1.84,2092.9
PARAM-LOT-02,W03,5,-14,1,10,3.74,1.8,2117.96
PARAM-LOT-02,W03,5,-13,1,10,3.79,1.83,2112.23
PARAM-LOT-02,W03,5,-12,1,10,3.85,1.83,2058.72
PARAM-LOT-02,W03,5,-11,1,10,3.03,1.81,2086.91
PARAM-LOT-02,W03,5,-10,1,10,3.67,1.82,2130.96
PARAM-LOT-02,W03,5,-9,1,10,3.99,1.77,2105.84
PARAM-LOT-02,W03,5,-8,1,10,4.14,1.84,2131.56
PARAM-LOT-02,W03,5,-7,1,10,3.81,1.84,2119.1
PARAM-LOT-02,W03,5,-6,1,10,3.75,1.79,2091.63
PARAM-LOT-02,W03,5,-5,1,10,3.84,1.83,2108.69
PARAM-LOT-02,W03,5,-4,1,10,2.11,1.8,2072.84
PARAM-LOT-02,W03,5,-3,1,10,2.61,1.83,2077.69
PARAM-LOT-02,W03,5,-2,1,10,3.72,1.79,2044.71
PARAM-LOT-02,W03,5,-1,1,10,2.86,1.82,2140.26
PARAM-LOT-02,W03,5,0,1,10,3.72,1.82,2101.4
PARAM-LOT-02,W03,5,1,1,10,3.66,1.82,2130.13
PARAM-LOT-02,W03,5,2,1,10,2.56,1.84,2110.77
PARAM-LOT-02,W03,5,3,1,10,3.04,1.84,2073.01
PARAM-LOT-02,W03,5,4,1,10,3.38,1.81,2087.21
PARAM-LOT-02,W03,5,5,1,10,2.63,1.76,2114.24
PARAM-LOT-02,W03,5,6,1,10,2.55,1.84,2097.88
PARAM-LOT-02,W03,5,7,1,10,3.8,1.87,2126.92
PARAM-LOT-02,W03,5,8,1,10,4.76,1.75,2152.91
PARAM-LOT-02,W03,5,9,1,10,4.06,1.85,2105.54
PARAM-LOT-02,W03,5,10,1,10,3.55,1.86,2078.92
PARAM-LOT-02,W03,5,11,1,10,3.13,1.83,2111
PARAM-LOT-02,W03,5,12,1,10,2.5,1.82,2135.9
PARAM-LOT-02,W03,5,13,1,10,3.62,1.77,2095.73
PARAM-LOT-02,W03,5,14,1,10,4.09,1.84,2117.2
PARAM-LOT-02,W03,5,15,1,10,3.2,1.77,2064.24
PARAM-LOT-02,W03,5,16,1,10,3.66,1.83,2105.4
PARAM-LOT-02,W03,5,17,1,10,3.21,1.87,2073.52
PARAM-LOT-02,W03,5,18,1,10,4.94,1.81,2090.36
PARAM-LOT-02,W03,6,-18,1,10,4.88,1.87,2099.08
PARAM-LOT-02,W03,6,-17,1,10,4.42,1.82,2137.72
PARAM-LOT-02,W03,6,-16,1,10,4.75,1.85,2140.45
PARAM-LOT-02,W03,6,-15,1,10,3.35,1.83,2077.21
PARAM-LOT-02,W03,6,-14,1,10,3.61,1.82,2108.35
PARAM-LOT-02,W03,6,-13,1,10,3.69,1.83,2087.79
PARAM-LOT-02,W03,6,-12,2,21,5.7,1.86,2133.7
PARAM-LOT-02,W03,6,-11,1,10,4.53,1.84,2103.12
PARAM-LOT-02,W03,6,-10,1,10,3.15,1.83,2134.65
PARAM-LOT-02,W03,6,-9,1,10,3.02,1.82,2070.95
PARAM-LOT-02,W03,6,-8,1,10,2.59,1.81,2102.36
PARAM-LOT-02,W03,6,-7,1,10,3.08,1.82,2169.59
PARAM-LOT-02,W03,6,-6,1,10,3.3,1.85,2112.86
PARAM-LOT-02,W03,6,-5,1,10,3.21,1.85,2068.26
PARAM-LOT-02,W03,6,-4,1,10,3.2,1.81,2038.49
PARAM-LOT-02,W03,6,-3,1,10,3.19,1.83,2122.82
PARAM-LOT-02,W03,6,-2,1,10,2.54,1.82,2062.93
PARAM-LOT-02,W03,6,-1,1,10,4.01,1.89,2040.4
PARAM-LOT-02,W03,6,0,1,10,2.47,1.8,2066.96
PARAM-LOT-02,W03,6,1,1,10,2.63,1.84,2118.63
PARAM-LOT-02,W03,6,2,1,10,3.45,1.81,2051.31
PARAM-LOT-02,W03,6,3,1,10,3.8,1.79,2077.53
PARAM-LOT-02,W03,6,4,1,10,2.46,1.88,2034.81
PARAM-LOT-02,W03,6,5,1,10,3.09,1.81,2143.02
PARAM-LOT-02,W03,6,6,1,10,4.24,1.84,2083.09
PARAM-LOT-02,W03,6,7,1,10,4.32,1.79,2112.71
PARAM-LOT-02,W03,6,8,1,10,3.03,1.84,2117.44
PARAM-LOT-02,W03,6,9,1,10,4.51,1.8,2110.68
PARAM-LOT-02,W03,6,10,1,10,3.24,1.8,2115.78
PARAM-LOT-02,W03,6,11,1,10,3.77,1.84,2092.73
PARAM-LOT-02,W03,6,12,1,10,3.93,1.84,2074.97
PARAM-LOT-02,W03,6,13,1,10,4.29,1.82,2069.7
PARAM-LOT-02,W03,6,14,1,10,3.64,1.81,2096.32
PARAM-LOT-02,W03,6,15,1,10,4.45,1.83,2132.32
PARAM-LOT-02,W03,6,16,1,10,4.07,1.83,2105.1
PARAM-LOT-02,W03,6,17,1,10,4.9,1.82,2131.09
PARAM-LOT-02,W03,6,18,1,10,3.56,1.8,2144.55
PARAM-LOT-02,W03,7,-17,1,10,4.58,1.83,2086.87
PARAM-LOT-02,W03,7,-16,1,10,2.64,1.86,2123.69
PARAM-LOT-02,W03,7,-15,1,10,4.61,1.84,2085.37
PARAM-LOT-02,W03,7,-14,1,10,4.89,1.86,2121.09
PARAM-LOT-02,W03,7,-13,1,10,3.77,1.84,2078.42
PARAM-LOT-02,W03,7,-12,1,10,4.26,1.81,2072.9
PARAM-LOT-02,W03,7,-11,1,10,3.19,1.86,2123.6
PARAM-LOT-02,W03,7,-10,1,10,3.79,1.82,2060.78
PARAM-LOT-02,W03,7,-9,2,21,5.58,1.81,2120.15
PARAM-LOT-02,W03,7,-8,1,10,3.77,1.81,2102.86
PARAM-LOT-02,W03,7,-7,1,10,3.31,1.86,2139.57
PARAM-LOT-02,W03,7,-6,1,10,3.68,1.84,2139.39
PARAM-LOT-02,W03,7,-5,1,10,3.91,1.86,2103.8
PARAM-LOT-02,W03,7,-4,1,10,3.59,1.86,2107.22
PARAM-LOT-02,W03,7,-3,1,10,4.48,1.83,2054.99
PARAM-LOT-02,W03,7,-2,1,10,3.75,1.85,2131.81
PARAM-LOT-02,W03,7,-1,1,10,3.75,1.82,2108.81
PARAM-LOT-02,W03,7,0,1,10,4.11,1.83,2107.42
PARAM-LOT-02,W03,7,1,1,10,3.59,1.78,2084.02
PARAM-LOT-02,W03,7,2,1,10,1.92,1.87,2060.27
PARAM-LOT-02,W03,7,3,1,10,2.73,1.82,2053.45
PARAM-LOT-02,W03,7,4,1,10,4.19,1.81,2097.7
PARAM-LOT-02,W03,7,5,1,10,4.47,1.84,2134.58
PARAM-LOT-02,W03,7,6,1,10,2.88,1.84,2076.01
PARAM-LOT-02,W03,7,7,1,10,3.4,1.84,2103.01
PARAM-LOT-02,W03,7,8,1,10,3.1,1.81,2090.48
PARAM-LOT-02,W03,7,9,1,10,3.82,1.86,2081.6
PARAM-LOT-02,W03,7,10,1,10,3.89,1.82,2048.87
PARAM-LOT-02,W03,7,11,1,10,3.76,1.85,2102.29
PARAM-LOT-02,W03,7,12,1,10,2.81,1.81,2079
PARAM-LOT-02,W03,7,13,1,10,3.37,1.81,2115.43
PARAM-LOT-02,W03,7,14,2,21,5.14,1.81,2105.91
PARAM-LOT-02,W03,7,15,2,21,5.56,1.83,2108.13
PARAM-LOT-02,W03,7,16,1,10,3.65,1.85,2053.88
PARAM-LOT-02,W03,7,17,1,10,4.16,1.87,2144.49
PARAM-LOT-02,W03,8,-17,1,10,4.4,1.88,2097.23
PARAM-LOT-02,W03,8,-16,1,10,3.4,1.88,2129.74
PARAM-LOT-02,W03,8,-15,1,10,4.54,1.86,2059.1
PARAM-LOT-02,W03,8,-14,1,10,4.31,1.82,2088.77
PARAM-LOT-02,W03,8,-13,1,10,4.49,1.87,2097.76
PARAM-LOT-02,W03,8,-12,1,10,4.2,1.82,2107.56
PARAM-LOT-02,W03,8,-11,1,10,2.97,1.83,2136.73
PARAM-LOT-02,W03,8,-10,1,10,4.25,1.81,2092.68
PARAM-LOT-02,W03,8,-9,1,10,3.22,1.79,2033.92
PARAM-LOT-02,W03,8,-8,1,10,3.34,1.84,2068.16
PARAM-LOT-02,W03,8,-7,1,10,3.33,1.81,2116.07
PARAM-LOT-02,W03,8,-6,1,10,3.34,1.83,2043.75
PARAM-LOT-02,W03,8,-5,1,10,3.22,1.82,2118.15
PARAM-LOT-02,W03,8,-4,1,10,2.11,1.88,2062.89
PARAM-LOT-02,W03,8,-3,1,10,3.92,1.85,2122.69
PARAM-LOT-02,W03,8,-2,2,21,5.51,1.84,2136.48
PARAM-LOT-02,W03,8,-1,1,10,3.73,1.88,2074.73
PARAM-LOT-02,W03,8,0,1,10,2.73,1.83,2092.46
PARAM-LOT-02,W03,8,1,1,10,3.11,1.87,2082.67
PARAM-LOT-02,W03,8,2,1,10,3.39,1.8,2101.13
PARAM-LOT-02,W03,8,3,1,10,3.28,1.86,2109.29
PARAM-LOT-02,W03,8,4,1,10,3.01,1.83,2085.13
PARAM-LOT-02,W03,8,5,1,10,2.47,1.87,2110.45
PARAM-LOT-02,W03,8,6,1,10,3.68,1.8,2063.61
PARAM-LOT-02,W03,8,7,1,10,3.33,1.86,2102.83
PARAM-LOT-02,W03,8,8,1,10,3.31,1.83,2169.43
PARAM-LOT-02,W03,8,9,1,10,4.67,1.79,2046.8
PARAM-LOT-02,W03,8,10,2,21,5.84,1.84,2099.66
PARAM-LOT-02,W03,8,11,2,21,5.09,1.84,2129.46
PARAM-LOT-02,W03,8,12,1,10,4.93,1.85,2143.96
PARAM-LOT-02,W03,8,13,1,10,3.69,1.85,2087.91
PARAM-LOT-02,W03,8,14,1,10,4.59,1.88,2134.31
PARAM-LOT-02,W03,8,15,1,10,4.3,1.85,2081.17
PARAM-LOT-02,W03,8,16,1,10,4.61,1.83,2041.58
PARAM-LOT-02,W03,8,17,2,21,5.13,1.83,2055.96
PARAM-LOT-02,W03,9,-17,1,10,4.22,1.81,2088.5
PARAM-LOT-02,W03,9,-16,1,10,3.26,1.85,2078.41
PARAM-LOT-02,W03,9,-15,2,21,6.36,1.85,2104.93
PARAM-LOT-02,W03,9,-14,1,10,4.01,1.83,2096.9
PARAM-LOT-02,W03,9,-13,1,10,3.79,1.84,2080.58
PARAM-LOT-02,W03,9,-12,1,10,4.12,1.86,2053.06
PARAM-LOT-02,W03,9,-11,1,10,3.74,1.85,2070.05
PARAM-LOT-02,W03,9,-10,1,10,4.2,1.81,2075.91
PARAM-LOT-02,W03,9,-9,1,10,4.23,1.86,2123.99
PARAM-LOT-02,W03,9,-8,1,10,3.82,1.84,2096.67
PARAM-LOT-02,W03,9,-7,1,10,4.8,1.86,2102.99
PARAM-LOT-02,W03,9,-6,1,10,2.88,1.86,2098.4
PARAM-LOT-02,W03,9,-5,1,10,2.99,1.85,2099.38
PARAM-LOT-02,W03,9,-4,1,10,3.2,1.84,2040.29
PARAM-LOT-02,W03,9,-3,1,10,3.88,1.86,2078.66
PARAM-LOT-02,W03,9,-2,1,10,3.85,1.86,2093.99
PARAM-LOT-02,W03,9,-1,1,10,2.79,1.85,2100.45
PARAM-LOT-02,W03,9,0,1,10,3.14,1.83,2074.06
PARAM-LOT-02,W03,9,1,1,10,4.26,1.85,2117.21
PARAM-LOT-02,W03,9,2,1,10,3.41,1.89,2087.51
PARAM-LOT-02,W03,9,3,1,10,3.37,1.88,2173.56
PARAM-LOT-02,W03,9,4,2,21,5.14,1.86,2066.2
PARAM-LOT-02,W03,9,5,1,10,3.26,1.82,2103.13
PARAM-LOT-02,W03,9,6,1,10,2.35,1.91,2045.99
PARAM-LOT-02,W03,9,7,1,10,3.54,1.91,2083.84
PARAM-LOT-02,W03,9,8,1,10,3.64,1.86,2085.6
PARAM-LOT-02,W03,9,9,1,10,4.7,1.83,2101.83
PARAM-LOT-02,W03,9,10,1,10,3.88,1.83,2079.58
PARAM-LOT-02,W03,9,11,1,10,3.51,1.89,2098.42
PARAM-LOT-02,W03,9,12,1,10,4.76,1.82,2071.35
PARAM-LOT-02,W03,9,13,1,10,4.06,1.87,2109.06
PARAM-LOT-02,W03,9,14,1,10,3.66,1.84,2073.14
PARAM-LOT-02,W03,9,15,1,10,4.66,1.88,2167.75
PARAM-LOT-02,W03,9,16,1,10,3.55,1.85,2074.5
PARAM-LOT-02,W03,9,17,1,10,4.47,1.86,2095.94
PARAM-LOT-02,W03,10,-16,1,10,4.62,1.84,2117.11
PARAM-LOT-02,W03,10,-15,1,10,3.49,1.82,2155.95
PARAM-LOT-02,W03,10,-14,1,10,4.06,1.89,2094.67
PARAM-LOT-02,W03,10,-13,1,10,2.98,1.82,2097.8
PARAM-LOT-02,W03,10,-12,1,10,3.31,1.86,2135.34
PARAM-LOT-02,W03,10,-11,1,10,3.53,1.83,2123.18
PARAM-LOT-02,W03,10,-10,1,10,2.99,1.86,2128.88
PARAM-LOT-02,W03,10,-9,1,10,4.69,1.85,2111.64
PARAM-LOT-02,W03,10,-8,2,21,5.59,1.84,2098.26
PARAM-LOT-02,W03,10,-7,1,10,2.96,1.87,2132.79
PARAM-LOT-02,W03,10,-6,2,21,5.38,1.82,2114.11
PARAM-LOT-02,W03,10,-5,1,10,3.7,1.88,2091.4
PARAM-LOT-02,W03,10,-4,1,10,3.78,1.86,2145.54
PARAM-LOT-02,W03,10,-3,1,10,3.28,1.81,2153.58
PARAM-LOT-02,W03,10,-2,1,10,4.06,1.85,2120.55
PARAM-LOT-02,W03,10,-1,1,10,3.11,1.87,2085.52
PARAM-LOT-02,W03,10,0,1,10,2.55,1.85,2119.74
PARAM-LOT-02,W03,10,1,1,10,3.5,1.88,2109.17
PARAM-LOT-02,W03,10,2,1,10,3.64,1.83,2100.09
PARAM-LOT-02,W03,10,3,1,10,4.32,1.86,2120.67
PARAM-LOT-02,W03,10,4,1,10,3.21,1.88,2090.91
PARAM-LOT-02,W03,10,5,1,10,4.84,1.82,2130.73
PARAM-LOT-02,W03,10,6,1,10,2.98,1.86,2102.03
PARAM-LOT-02,W03,10,7,1,10,4.42,1.89,2100.5
PARAM-LOT-02,W03,10,8,1,10,3.42,1.87,2131.98
PARAM-LOT-02,W03,10,9,1,10,3.2,1.84,2114.23
PARAM-LOT-02,W03,10,10,1,10,4.16,1.87,2146.01
PARAM-LOT-02,W03,10,11,1,10,3.77,1.83,2094.4
PARAM-LOT-02,W03,10,12,1,10,2.56,1.83,2127.39
PARAM-LOT-02,W03,10,13,1,10,4.84,1.88,2115.7
PARAM-LOT-02,W03,10,14,1,10,3.7,1.86,2042
PARAM-LOT-02,W03,10,15,1,10,4.33,1.86,2081.19
PARAM-LOT-02,W03,10,16,1,10,3.53,1.84,2146.41
PARAM-LOT-02,W03,11,-15,1,10,4.72,1.86,2058.6
PARAM-LOT-02,W03,11,-14,1,10,2.91,1.85,2067.08
PARAM-LOT-02,W03,11,-13,2,21,5.73,1.85,2098.62
PARAM-LOT-02,W03,11,-12,1,10,4.13,1.83,2093.71
PARAM-LOT-02,W03,11,-11,1,10,3.97,1.84,2138.12
PARAM-LOT-02,W03,11,-10,1,10,3.71,1.82,2099.85
PARAM-LOT-02,W03,11,-9,1,10,3.06,1.82,2080.49
PARAM-LOT-02,W03,11,-8,1,10,4.32,1.85,2129.73
PARAM-LOT-02,W03,11,-7,1,10,4.5,1.84,2102.54
PARAM-LOT-02,W03,11,-6,1,10,3.52,1.84,2083.97
PARAM-LOT-02,W03,11,-5,1,10,4.56,1.85,2103.83
PARAM-LOT-02,W03,11,-4,1,10,3.8,1.86,2046.91
PARAM-LOT-02,W03,11,-3,1,10,3.97,1.9,2063.42
PARAM-LOT-02,W03,11,-2,1,10,3.75,1.85,2089.33
PARAM-LOT-02,W03,11,-1,1,10,4.51,1.88,2068.37
PARAM-LOT-02,W03,11,0,1,10,3.18,1.86,2131.8
PARAM-LOT-02,W03,11,1,1,10,3.11,1.88,2080.72
PARAM-LOT-02,W03,11,2,1,10,3.61,1.85,2079.32
PARAM-LOT-02,W03,11,3,1,10,3.18,1.89,2082.72
PARAM-LOT-02,W03,11,4,1,10,2.74,1.85,2098.81
PARAM-LOT-02,W03,11,5,1,10,4.47,1.9,2066.94
PARAM-LOT-02,W03,11,6,1,10,3.85,1.81,2102.77
PARAM-LOT-02,W03,11,7,1,10,3.61,1.86,2105.29
PARAM-LOT-02,W03,11,8,1,10,4,1.87,2079.87
PARAM-LOT-02,W03,11,9,2,21,5.52,1.82,2156.32
PARAM-LOT-02,W03,11,10,1,10,4.21,1.84,2126.46
PARAM-LOT-02,W03,11,11,1,10,4.99,1.86,2143.6
PARAM-LOT-02,W03,11,12,2,21,5.28,1.91,2056.47
PARAM-LOT-02,W03,11,13,2,21,5.29,1.84,2011.86
PARAM-LOT-02,W03,11,14,1,10,3.36,1.86,2095.85
PARAM-LOT-02,W03,11,15,1,10,4.96,1.81,2092.26
PARAM-LOT-02,W03,12,-15,2,21,5.34,1.83,2088.19
PARAM-LOT-02,W03,12,-14,1,10,3.85,1.87,2175.76
PARAM-LOT-02,W03,12,-13,2,21,6.31,1.84,2083.42
PARAM-LOT-02,W03,12,-12,1,10,3.08,1.88,2078.67
PARAM-LOT-02,W03,12,-11,2,21,5.11,1.87,2074.71
PARAM-LOT-02,W03,12,-10,1,10,4.11,1.87,2104.15
PARAM-LOT-02,W03,12,-9,1,10,4.23,1.9,2100.64
PARAM-LOT-02,W03,12,-8,1,10,4.44,1.89,2132.15
PARAM-LOT-02,W03,12,-7,1,10,4.56,1.84,2105.92
PARAM-LOT-02,W03,12,-6,1,10,4.68,1.88,2087.47
PARAM-LOT-02,W03,12,-5,1,10,3.65,1.85,2093.47
PARAM-LOT-02,W03,12,-4,1,10,4.27,1.84,2117.57
PARAM-LOT-02,W03,12,-3,1,10,3.49,1.85,2109.61
PARAM-LOT-02,W03,12,-2,1,10,3.13,1.87,2097.91
PARAM-LOT-02,W03,12,-1,1,10,4.48,1.85,2119.41
PARAM-LOT-02,W03,12,0,1,10,4.31,1.88,2105.42
PARAM-LOT-02,W03,12,1,2,21,5.04,1.85,2086.19
PARAM-LOT-02,W03,12,2,1,10,3.17,1.91,2078.62
PARAM-LOT-02,W03,12,3,1,10,3.14,1.82,2121.24
PARAM-LOT-02,W03,12,4,1,10,3.46,1.88,2081.13
PARAM-LOT-02,W03,12,5,1,10,3.81,1.86,2099.95
PARAM-LOT-02,W03,12,6,2,21,5.01,1.85,2103.31
PARAM-LOT-02,W03,12,7,1,10,3.48,1.88,2089.19
PARAM-LOT-02,W03,12,8,1,10,4.01,1.89,2047.67
PARAM-LOT-02,W03,12,9,1,10,3.74,1.81,2127.19
PARAM-LOT-02,W03,12,10,1,10,3.32,1.84,2071.71
PARAM-LOT-02,W03,12,11,1,10,3.74,1.86,2038.14
PARAM-LOT-02,W03,12,12,1,10,4.93,1.86,2130.23
PARAM-LOT-02,W03,12,13,1,10,4.63,1.87,2129.24
PARAM-LOT-02,W03,12,14,1,10,4.5,1.77,2083.14
PARAM-LOT-02,W03,12,15,2,21,5.33,1.86,2130.52
PARAM-LOT-02,W03,13,-14,2,21,5.57,1.86,2099.31
PARAM-LOT-02,W03,13,-13,1,10,4.55,1.89,2091.97
PARAM-LOT-02,W03,13,-12,1,10,3.09,1.85,2054.77
PARAM-LOT-02,W03,13,-11,1,10,3.99,1.87,2102.51
PARAM-LOT-02,W03,13,-10,2,21,5.35,1.86,2070.21
PARAM-LOT-02,W03,13,-9,1,10,3.1,1.85,2078.99
PARAM-LOT-02,W03,13,-8,1,10,3.21,1.89,2079.05
PARAM-LOT-02,W03,13,-7,1,10,2.7,1.85,2116.62
PARAM-LOT-02,W03,13,-6,1,10,4.96,1.85,2118.48
PARAM-LOT-02,W03,13,-5,1,10,4.12,1.88,2142.2
PARAM-LOT-02,W03,13,-4,1,10,4.49,1.89,2094.11
PARAM-LOT-02,W03,13,-3,1,10,2.68,1.85,2111.97
PARAM-LOT-02,W03,13,-2,1,10,3.88,1.91,2120.39
PARAM-LOT-02,W03,13,-1,1,10,2.65,1.84,2145.86
PARAM-LOT-02,W03,13,0,1,10,3.65,1.94,2095.5
PARAM-LOT-02,W03,13,1,1,10,4.68,1.87,2089.56
PARAM-LOT-02,W03,13,2,1,10,4.25,1.86,2104.93
PARAM-LOT-02,W03,13,3,2,21,5.38,1.85,2105.68
PARAM-LOT-02,W03,13,4,1,10,3.43,1.83,2099.69
PARAM-LOT-02,W03,13,5,1,10,4.83,1.85,2095.95
PARAM-LOT-02,W03,13,6,1,10,3.64,1.86,2104.78
PARAM-LOT-02,W03,13,7,1,10,4.94,1.88,2113.28
PARAM-LOT-02,W03,13,8,1,10,3.43,1.87,2123.07
PARAM-LOT-02,W03,13,9,1,10,4.76,1.86,2070.77
PARAM-LOT-02,W03,13,10,1,10,3.43,1.88,2113.47
PARAM-LOT-02,W03,13,11,1,10,4.41,1.87,2096.86
PARAM-LOT-02,W03,13,12,2,21,6.13,1.87,2084.68
PARAM-LOT-02,W03,13,13,2,21,6.25,1.87,2096.01
PARAM-LOT-02,W03,13,14,1,10,3.44,1.87,2078.67
PARAM-LOT-02,W03,14,-13,1,10,3.98,1.88,2085.3
PARAM-LOT-02,W03,14,-12,1,10,4.18,1.85,2095.57
PARAM-LOT-02,W03,14,-11,1,10,3.14,1.89,2090.07
PARAM-LOT-02,W03,14,-10,2,21,5.03,1.89,2101.56
PARAM-LOT-02,W03,14,-9,1,10,3.49,1.85,2093.85
PARAM-LOT-02,W03,14,-8,1,10,4.28,1.86,2124.81
PARAM-LOT-02,W03,14,-7,1,10,3.42,1.88,2096.52
PARAM-LOT-02,W03,14,-6,1,10,4.29,1.87,2102.7
PARAM-LOT-02,W03,14,-5,1,10,3.34,1.88,2087.22
PARAM-LOT-02,W03,14,-4,1,10,3.51,1.84,2071.93
PARAM-LOT-02,W03,14,-3,1,10,4.07,1.92,2089.31
PARAM-LOT-02,W03,14,-2,1,10,2.84,1.88,2108.31
PARAM-LOT-02,W03,14,-1,1,10,4.15,1.86,2057.1
PARAM-LOT-02,W03,14,0,1,10,3.42,1.88,2121.67
PARAM-LOT-02,W03,14,1,1,10,4.45,1.84,2114.45
PARAM-LOT-02,W03,14,2,1,10,3.65,1.89,2124.73
PARAM-LOT-02,W03,14,3,1,10,3.25,1.83,2061.92
PARAM-LOT-02,W03,14,4,1,10,3.57,1.86,2160.2
PARAM-LOT-02,W03,14,5,1,10,3.45,1.87,2088.45
PARAM-LOT-02,W03,14,6,1,10,3.84,1.92,2081.44
PARAM-LOT-02,W03,14,7,1,10,3.77,1.86,2095.2
PARAM-LOT-02,W03,14,8,1,10,3.86,1.88,2069.57
PARAM-LOT-02,W03,14,9,2,21,5.39,1.91,2115.1
PARAM-LOT-02,W03,14,10,1,10,3.77,1.87,2153.36
PARAM-LOT-02,W03,14,11,1,10,4.76,1.86,2116.57
PARAM-LOT-02,W03,14,12,1,10,4.78,1.89,2098.09
PARAM-LOT-02,W03,14,13,1,10,4.36,1.87,2088.59
PARAM-LOT-02,W03,15,-12,1,10,3.5,1.82,2086.47
PARAM-LOT-02,W03,15,-11,2,21,5.74,1.91,2086.15
PARAM-LOT-02,W03,15,-10,1,10,4.33,1.88,2104.13
PARAM-LOT-02,W03,15,-9,1,10,2.57,1.86,2140.99
PARAM-LOT-02,W03,15,-8,1,10,3.51,1.85,2075.52
PARAM-LOT-02,W03,15,-7,1,10,4.42,1.85,2086.62
PARAM-LOT-02,W03,15,-6,1,10,3.57,1.91,2117.34
PARAM-LOT-02,W03,15,-5,1,10,4.55,1.9,2135.83
PARAM-LOT-02,W03,15,-4,1,10,3.55,1.9,2087.82
PARAM-LOT-02,W03,15,-3,2,21,5.97,1.87,2124.6
PARAM-LOT-02,W03,15,-2,1,10,3.88,1.88,2106.35
PARAM-LOT-02,W03,15,-1,1,10,4.54,1.87,2112.14
PARAM-LOT-02,W03,15,0,1,10,4.56,1.88,2065.12
PARAM-LOT-02,W03,15,1,1,10,4.7,1.87,2095.97
PARAM-LOT-02,W03,15,2,1,10,3.58,1.86,2084.63
PARAM-LOT-02,W03,15,3,1,10,3.66,1.89,2111.29
PARAM-LOT-02,W03,15,4,1,10,4.34,1.87,2062.46
PARAM-LOT-02,W03,15,5,1,10,2.75,1.85,2085.6
PARAM-LOT-02,W03,15,6,1,10,4.45,1.9,2154.15
PARAM-LOT-02,W03,15,7,1,10,3.58,1.86,2124.8
PARAM-LOT-02,W03,15,8,2,21,5.4,1.86,2083.81
PARAM-LOT-02,W03,15,9,1,10,3.38,1.84,2102.98
PARAM-LOT-02,W03,15,10,1,10,3.33,1.86,2107.18
PARAM-LOT-02,W03,15,11,1,10,3.65,1.88,2103.76
PARAM-LOT-02,W03,15,12,1,10,3.51,1.89,2110.92
PARAM-LOT-02,W03,16,-10,1,10,3.98,1.89,2123.31
PARAM-LOT-02,W03,16,-9,1,10,4.1,1.88,2078.33
PARAM-LOT-02,W03,16,-8,2,21,5.01,1.86,2140.57
PARAM-LOT-02,W03,16,-7,1,10,3.9,1.86,2059.16
PARAM-LOT-02,W03,16,-6,1,10,4.04,1.87,2075.63
PARAM-LOT-02,W03,16,-5,1,10,4.45,1.91,1985.68
PARAM-LOT-02,W03,16,-4,1,10,4.42,1.86,2084.69
PARAM-LOT-02,W03,16,-3,1,10,3.43,1.88,2054.35
PARAM-LOT-02,W03,16,-2,2,21,5.07,1.89,2104.61
PARAM-LOT-02,W03,16,-1,1,10,3.64,1.91,2104.25
PARAM-LOT-02,W03,16,0,1,10,4.88,1.87,2123.57
PARAM-LOT-02,W03,16,1,2,21,5.57,1.87,2045.55
PARAM-LOT-02,W03,16,2,1,10,4.66,1.89,2018.28
PARAM-LOT-02,W03,16,3,1,10,4.19,1.84,2105.78
PARAM-LOT-02,W03,16,4,1,10,4.73,1.89,2119.32
PARAM-LOT-02,W03,16,5,1,10,4.33,1.88,2078.99
PARAM-LOT-02,W03,16,6,1,10,4.04,1.88,2140.96
PARAM-LOT-02,W03,16,7,2,21,5.48,1.9,2085.04
PARAM-LOT-02,W03,16,8,1,10,3.79,1.85,2104
PARAM-LOT-02,W03,16,9,1,10,4.87,1.93,2088.07
PARAM-LOT-02,W03,16,10,1,10,4.84,1.87,2080.46
PARAM-LOT-02,W03,17,-9,1,10,3.61,1.91,2120.79
PARAM-LOT-02,W03,17,-8,1,10,4.35,1.87,2128.41
PARAM-LOT-02,W03,17,-7,1,10,4.61,1.89,2115.42
PARAM-LOT-02,W03,17,-6,1,10,3.76,1.9,2037.47
PARAM-LOT-02,W03,17,-5,1,10,4.5,1.87,2101.2
PARAM-LOT-02,W03,17,-4,1,10,4.56,1.87,2126
PARAM-LOT-02,W03,17,-3,1,10,4.27,1.9,2102.24
PARAM-LOT-02,W03,17,-2,1,10,3.73,1.89,2107.47
PARAM-LOT-02,W03,17,-1,1,10,4.48,1.9,2076.37
PARAM-LOT-02,W03,17,0,1,10,2.89,1.85,2100.59
PARAM-LOT-02,W03,17,1,1,10,4.05,1.85,2099.2
PARAM-LOT-02,W03,17,2,2,21,5.47,1.89,2036.58
PARAM-LOT-02,W03,17,3,1,10,4.14,1.85,2121.94
PARAM-LOT-02,W03,17,4,1,10,4.96,1.87,2100.04
PARAM-LOT-02,W03,17,5,2,21,5.88,1.87,2071.17
PARAM-LOT-02,W03,17,6,1,10,3.74,1.87,2125.03
PARAM-LOT-02,W03,17,7,1,10,3.93,1.85,2075.27
PARAM-LOT-02,W03,17,8,2,21,5.04,1.87,2088.36
PARAM-LOT-02,W03,17,9,1,10,3.57,1.92,2097.97
PARAM-LOT-02,W03,18,-6,1,10,3.57,1.91,2054.25
PARAM-LOT-02,W03,18,-5,1,10,3.64,1.88,2070.87
PARAM-LOT-02,W03,18,-4,2,21,5.34,1.92,2082.02
PARAM-LOT-02,W03,18,-3,2,21,5.16,1.9,2136.09
PARAM-LOT-02,W03,18,-2,1,10,3.53,1.87,2084.83
PARAM-LOT-02,W03,18,-1,1,10,4.09,1.87,2115.43
PARAM-LOT-02,W03,18,0,2,21,5.89,1.9,2111.3
PARAM-LOT-02,W03,18,1,2,21,5.57,1.9,2127.37
PARAM-LOT-02,W03,18,2,1,10,4.45,1.9,2114.77
PARAM-LOT-02,W03,18,3,2,21,5.43,1.91,2118.54
PARAM-LOT-02,W03,18,4,2,21,6.35,1.87,2116.88
PARAM-LOT-02,W03,18,5,2,21,6.2,1.93,2136.26
PARAM-LOT-02,W03,18,6,2,21,5.09,1.83,2068.67
PARAM-LOT-02,W03,19,-3,2,21,5.16,1.92,2090.12
PARAM-LOT-02,W03,19,-2,1,10,4.55,1.89,2086.9
PARAM-LOT-02,W03,19,-1,1,10,3.01,1.9,2082
PARAM-LOT-02,W03,19,0,1,10,3.77,1.93,2069.54
PARAM-LOT-02,W03,19,1,1,10,4.93,1.91,2090.38
PARAM-LOT-02,W03,19,2,2,21,5.31,1.89,2157.33
PARAM-LOT-02,W03,19,3,1,10,4.03,1.85,2089.08
PARAM-LOT-02,W04,-19,-3,1,10,4.08,1.73,2102.34
PARAM-LOT-02,W04,-19,-2,1,10,3.91,1.68,2096.54
PARAM-LOT-02,W04,-19,-1,1,10,4.64,1.67,2078.87
PARAM-LOT-02,W04,-19,0,1,10,3.6,1.72,2054.09
PARAM-LOT-02,W04,-19,1,1,10,3.91,1.72,2133.32
PARAM-LOT-02,W04,-19,2,1,10,3.65,1.72,2098.98
PARAM-LOT-02,W04,-19,3,1,10,3.21,1.7,2098.41
PARAM-LOT-02,W04,-18,-6,1,10,2.35,1.68,2104.72
PARAM-LOT-02,W04,-18,-5,1,10,4.02,1.71,2090.41
PARAM-LOT-02,W04,-18,-4,2,21,5.65,1.73,2119.39
PARAM-LOT-02,W04,-18,-3,1,10,4.43,1.73,2127.49
PARAM-LOT-02,W04,-18,-2,1,10,4.42,1.7,2092.29
PARAM-LOT-02,W04,-18,-1,1,10,2.22,1.73,2097.66
PARAM-LOT-02,W04,-18,0,2,21,5.35,1.67,2134.07
PARAM-LOT-02,W04,-18,1,1,10,3.4,1.69,2132.16
PARAM-LOT-02,W04,-18,2,1,10,2.65,1.74,2150.36
PARAM-LOT-02,W04,-18,3,1,10,3.91,1.75,2075.07
PARAM-LOT-02,W04,-18,4,1,10,3.69,1.72,2135.06
PARAM-LOT-02,W04,-18,5,1,10,3.64,1.74,2130.56
PARAM-LOT-02,W04,-18,6,1,10,3.19,1.74,2101.62
PARAM-LOT-02,W04,-17,-9,1,10,3.81,1.78,2060.39
PARAM-LOT-02,W04,-17,-8,1,10,2.97,1.69,2134.32
PARAM-LOT-02,W04,-17,-7,1,10,3.66,1.69,2089.53
PARAM-LOT-02,W04,-17,-6,1,10,4.55,1.74,2113.76
PARAM-LOT-02,W04,-17,-5,1,10,3.82,1.72,2063.58
PARAM-LOT-02,W04,-17,-4,1,10,4.01,1.71,2120.01
PARAM-LOT-02,W04,-17,-3,1,10,3.99,1.71,2091.72
PARAM-LOT-02,W04,-17,-2,1,10,3.17,1.7,2099.25
PARAM-LOT-02,W04,-17,-1,1,10,3.84,1.7,2080.79
PARAM-LOT-02,W04,-17,0,1,10,3.55,1.74,2110.25
PARAM-LOT-02,W04,-17,1,1,10,3.26,1.75,2130.01
PARAM-LOT-02,W04,-17,2,1,10,3.67,1.69,2123.2
PARAM-LOT-02,W04,-17,3,1,10,3.56,1.74,2117.26
PARAM-LOT-02,W04,-17,4,1,10,4.44,1.71,2122.18
PARAM-LOT-02,W04,-17,5,1,10,3.43,1.76,2052.66
PARAM-LOT-02,W04,-17,6,1,10,3.56,1.72,2095.09
PARAM-LOT-02,W04,-17,7,1,10,4.36,1.7,2089.83
PARAM-LOT-02,W04,-17,8,1,10,3.93,1.75,2056.78
PARAM-LOT-02,W04,-17,9,3,31,9.53,1.67,2117.46
PARAM-LOT-02,W04,-16,-10,1,10,4.53,1.7,2105.97
PARAM-LOT-02,W04,-16,-9,1,10,4.36,1.73,2123.37
PARAM-LOT-02,W04,-16,-8,1,10,3.91,1.76,2090.09
PARAM-LOT-02,W04,-16,-7,1,10,3.73,1.71,2122.57
PARAM-LOT-02,W04,-16,-6,1,10,4.51,1.72,2111.29
PARAM-LOT-02,W04,-16,-5,1,10,3.61,1.66,2096.59
PARAM-LOT-02,W04,-16,-4,1,10,3.47,1.72,2072.72
PARAM-LOT-02,W04,-16,-3,1,10,3.88,1.72,2103.76
PARAM-LOT-02,W04,-16,-2,2,21,5.07,1.73,2110.86
PARAM-LOT-02,W04,-16,-1,1,10,3.9,1.75,2032.12
PARAM-LOT-02,W04,-16,0,1,10,3.65,1.71,2133
PARAM-LOT-02,W04,-16,1,1,10,3.8,1.67,2104.3
PARAM-LOT-02,W04,-16,2,1,10,4.15,1.75,2117.35
PARAM-LOT-02,W04,-16,3,1,10,3.78,1.73,2056.33
PARAM-LOT-02,W04,-16,4,1,10,3.44,1.71,2114.18
PARAM-LOT-02,W04,-16,5,1,10,4.57,1.7,2122.99
PARAM-LOT-02,W04,-16,6,1,10,3.84,1.77,2086.57
PARAM-LOT-02,W04,-16,7,1,10,3.67,1.69,2116.64
PARAM-LOT-02,W04,-16,8,1,10,4.75,1.71,2100.85
PARAM-LOT-02,W04,-16,9,1,10,4.58,1.68,2061.45
PARAM-LOT-02,W04,-16,10,2,21,5.97,1.72,2091.84
PARAM-LOT-02,W04,-15,-12,1,10,3.56,1.73,2124.92
PARAM-LOT-02,W04,-15,-11,1,10,3.8,1.75,2074.7
PARAM-LOT-02,W04,-15,-10,1,10,3.53,1.71,2129.41
PARAM-LOT-02,W04,-15,-9,1,10,4.84,1.71,2098.97
PARAM-LOT-02,W04,-15,-8,1,10,2.71,1.71,2116.34
PARAM-LOT-02,W04,-15,-7,1,10,3.1,1.71,2128.03
PARAM-LOT-02,W04,-15,-6,1,10,4.05,1.74,2079.96
PARAM-LOT-02,W04,-15,-5,1,10,2.92,1.73,2101.66
PARAM-LOT-02,W04,-15,-4,1,10,3.1,1.73,2099.5
PARAM-LOT-02,W04,-15,-3,1,10,4.18,1.72,2103.89
PARAM-LOT-02,W04,-15,-2,1,10,3.36,1.72,2112.98
PARAM-LOT-02,W04,-15,-1,1,10,3.52,1.72,2084.25
PARAM-LOT-02,W04,-15,0,1,10,4.28,1.7,2099.54
PARAM-LOT-02,W04,-15,1,1,10,2.95,1.68,2111
PARAM-LOT-02,W04,-15,2,1,10,4.36,1.7,2094.88
PARAM-LOT-02,W04,-15,3,1,10,4.07,1.7,2099.65
PARAM-LOT-02,W04,-15,4,1,10,3.3,1.72,2068.11
PARAM-LOT-02,W04,-15,5,1,10,2.69,1.76,2089.57
PARAM-LOT-02,W04,-15,6,1,10,3.84,1.7,2093.73
PARAM-LOT-02,W04,-15,7,2,21,5.58,1.72,2141.63
PARAM-LOT-02,W04,-15,8,1,10,4.08,1.68,2068.94
PARAM-LOT-02,W04,-15,9,1,10,3.87,1.77,2057.45
PARAM-LOT-02,W04,-15,10,1,10,4.26,1.73,2109.15
PARAM-LOT-02,W04,-15,11,1,10,4.01,1.7,2146.99
PARAM-LOT-02,W04,-15,12,1,10,3.8,1.68,2079.27
PARAM-LOT-02,W04,-14,-13,1,10,4.09,1.71,2102.73
PARAM-LOT-02,W04,-14,-12,1,10,3.35,1.7,2105.88
PARAM-LOT-02,W04,-14,-11,1,10,3.71,1.75,2075.95
PARAM-LOT-02,W04,-14,-10,1,10,4.43,1.71,2167.23
PARAM-LOT-02,W04,-14,-9,1,10,3.55,1.74,2122.88
PARAM-LOT-02,W04,-14,-8,1,10,3.93,1.74,2093.67
PARAM-LOT-02,W04,-14,-7,1,10,4.17,1.72,2147.19
PARAM-LOT-02,W04,-14,-6,1,10,3.33,1.68,2090.29
PARAM-LOT-02,W04,-14,-5,1,10,3.06,1.76,2121.28
PARAM-LOT-02,W04,-14,-4,1,10,3.51,1.74,2096.57
PARAM-LOT-02,W04,-14,-3,1,10,3.12,1.71,2097.67
PARAM-LOT-02,W04,-14,-2,1,10,2.94,1.72,2103.11
PARAM-LOT-02,W04,-14,-1,1,10,3.04,1.73,2117.21
PARAM-LOT-02,W04,-14,0,1,10,3.23,1.71,2120.74
PARAM-LOT-02,W04,-14,1,1,10,4,1.7,2058.74
PARAM-LOT-02,W04,-14,2,1,10,3.34,1.76,2071.47
PARAM-LOT-02,W04,-14,3,1,10,2.94,1.65,2110.82
PARAM-LOT-02,W04,-14,4,1,10,4.5,1.78,2104.56
PARAM-LOT-02,W04,-14,5,2,21,5.05,1.74,2108.96
PARAM-LOT-02,W04,-14,6,2,21,5.75,1.71,2096.97
PARAM-LOT-02,W04,-14,7,1,10,3.99,1.75,2093.87
PARAM-LOT-02,W04,-14,8,1,10,3.22,1.74,2106.46
PARAM-LOT-02,W04,-14,9,1,10,2.68,1.73,2139.42
PARAM-LOT-02,W04,-14,10,1,10,3.56,1.74,2057.05
PARAM-LOT-02,W04,-14,11,1,10,3.85,1.72,2060.35
PARAM-LOT-02,W04,-14,12,1,10,3.63,1.71,2104.76
PARAM-LOT-02,W04,-14,13,1,10,3.59,1.74,2063.23
PARAM-LOT-02,W04,-13,-14,1,10,3.39,1.76,2065.38
PARAM-LOT-02,W04,-13,-13,1,10,3.67,1.69,2133.91
PARAM-LOT-02,W04,-13,-12,2,21,5.6,1.74,2098.06
PARAM-LOT-02,W04,-13,-11,1,10,3.65,1.75,2105.63
PARAM-LOT-02,W04,-13,-10,1,10,4.37,1.71,2144.21
PARAM-LOT-02,W04,-13,-9,1,10,3.7,1.71,2061.74
PARAM-LOT-02,W04,-13,-8,1,10,3.45,1.7,2081.86
PARAM-LOT-02,W04,-13,-7,1,10,3.31,1.74,2125.92
PARAM-LOT-02,W04,-13,-6,1,10,3.3,1.75,2128.72
PARAM-LOT-02,W04,-13,-5,1,10,4.86,1.72,2079.31
PARAM-LOT-02,W04,-13,-4,1,10,3.1,1.76,2102.45
PARAM-LOT-02,W04,-13,-3,1,10,3.22,1.75,2124.16
PARAM-LOT-02,W04,-13,-2,1,10,3.36,1.73,2087.42
PARAM-LOT-02,W04,-13,-1,1,10,3.23,1.74,2104.21
PARAM-LOT-02,W04,-13,0,1,10,3.48,1.77,2084.89
PARAM-LOT-02,W04,-13,1,1,10,3.92,1.68,2113.87
PARAM-LOT-02,W04,-13,2,1,10,3.41,1.72,2126.64
PARAM-LOT-02,W04,-13,3,1,10,2.98,1.74,2082.91
PARAM-LOT-02,W04,-13,4,1,10,4.29,1.74,2081.01
PARAM-LOT-02,W04,-13,5,1,10,4.47,1.75,2132.18
PARAM-LOT-02,W04,-13,6,1,10,3.66,1.73,2094.21
PARAM-LOT-02,W04,-13,7,1,10,4.56,1.72,2081.61
PARAM-LOT-02,W04,-13,8,1,10,3.55,1.79,2132.31
PARAM-LOT-02,W04,-13,9,1,10,4.2,1.72,2114.83
PARAM-LOT-02,W04,-13,10,1,10,3.03,1.73,2091.51
PARAM-LOT-02,W04,-13,11,1,10,3.62,1.75,2070.38
PARAM-LOT-02,W04,-13,12,1,10,3.13,1.72,2102.8
PARAM-LOT-02,W04,-13,13,2,21,6.13,1.75,2123.54
PARAM-LOT-02,W04,-13,14,1,10,4.49,1.69,2125.25
PARAM-LOT-02,W04,-12,-15,1,10,3.2,1.74,2131.13
PARAM-LOT-02,W04,-12,-14,1,10,3.28,1.77,2135.63
PARAM-LOT-02,W04,-12,-13,1,10,4.1,1.74,2133.4
PARAM-LOT-02,W04,-12,-12,1,10,3.39,1.72,2103.99
PARAM-LOT-02,W04,-12,-11,1,10,4.41,1.74,2122.44
PARAM-LOT-02,W04,-12,-10,1,10,2.81,1.73,2105.01
PARAM-LOT-02,W04,-12,-9,1,10,2.8,1.73,2065.92
PARAM-LOT-02,W04,-12,-8,1,10,3.55,1.75,2092.07
PARAM-LOT-02,W04,-12,-7,1,10,2.57,1.7,2141.72
PARAM-LOT-02,W04,-12,-6,1,10,2.92,1.71,2086.66
PARAM-LOT-02,W04,-12,-5,1,10,4.02,1.74,2095.66
PARAM-LOT-02,W04,-12,-4,1,10,3.63,1.74,2099.56
PARAM-LOT-02,W04,-12,-3,1,10,3.11,1.72,2090.71
PARAM-LOT-02,W04,-12,-2,1,10,2.18,1.8,2077.38
PARAM-LOT-02,W04,-12,-1,1,10,3.29,1.75,2109.92
PARAM-LOT-02,W04,-12,0,1,10,3.38,1.74,2072.98
PARAM-LOT-02,W04,-12,1,1,10,2.97,1.75,2103.93
PARAM-LOT-02,W04,-12,2,1,10,2.76,1.74,2110.83
PARAM-LOT-02,W04,-12,3,1,10,3,1.75,2086.44
PARAM-LOT-02,W04,-12,4,1,10,4.5,1.78,2129.86
PARAM-LOT-02,W04,-12,5,1,10,2.91,1.74,2123.03
PARAM-LOT-02,W04,-12,6,1,10,2.87,1.75,2091.51
PARAM-LOT-02,W04,-12,7,1,10,2.81,1.73,2068.58
PARAM-LOT-02,W04,-12,8,1,10,3.08,1.73,2088.98
PARAM-LOT-02,W04,-12,9,1,10,3.5,1.71,2121.51
PARAM-LOT-02,W04,-12,10,1,10,3.73,1.73,2122.98
PARAM-LOT-02,W04,-12,11,1,10,2.7,1.7,2060.25
PARAM-LOT-02,W04,-12,12,1,10,3.5,1.8,2111.42
PARAM-LOT-02,W04,-12,13,1,10,3.91,1.74,2154.48
PARAM-LOT-02,W04,-12,14,1,10,3.56,1.77,2110.19
PARAM-LOT-02,W04,-12,15,1,10,4.26,1.72,2111.41
PARAM-LOT-02,W04,-11,-15,1,10,4.51,1.69,2134.48
PARAM-LOT-02,W04,-11,-14,1,10,3.44,1.76,2108.56
PARAM-LOT-02,W04,-11,-13,1,10,4.98,1.75,2125.91
PARAM-LOT-02,W04,-11,-12,1,10,3.3,1.73,2103.36
PARAM-LOT-02,W04,-11,-11,1,10,3.01,1.75,2086.52
PARAM-LOT-02,W04,-11,-10,1,10,3.85,1.78,2051.36
PARAM-LOT-02,W04,-11,-9,1,10,3.87,1.73,2071.89
PARAM-LOT-02,W04,-11,-8,1,10,3.02,1.74,2100.84
PARAM-LOT-02,W04,-11,-7,1,10,3.28,1.75,2090.54
PARAM-LOT-02,W04,-11,-6,1,10,4.52,1.76,2103.8
PARAM-LOT-02,W04,-11,-5,1,10,2.68,1.72,2070.92
PARAM-LOT-02,W04,-11,-4,1,10,4.23,1.73,2088.09
PARAM-LOT-02,W04,-11,-3,1,10,3.4,1.72,2090.7
PARAM-LOT-02,W04,-11,-2,1,10,3.27,1.75,2157.51
PARAM-LOT-02,W04,-11,-1,1,10,3.42,1.69,2152.49
PARAM-LOT-02,W04,-11,0,1,10,2.19,1.74,2070.71
PARAM-LOT-02,W04,-11,1,1,10,2.7,1.76,2085.7
PARAM-LOT-02,W04,-11,2,1,10,2.94,1.76,2084.91
PARAM-LOT-02,W04,-11,3,1,10,4.54,1.78,2099.6
PARAM-LOT-02,W04,-11,4,1,10,2.88,1.75,2100.04
PARAM-LOT-02,W04,-11,5,1,10,3.04,1.76,2099.16
PARAM-LOT-02,W04,-11,6,1,10,2.15,1.74,2076.44
PARAM-LOT-02,W04,-11,7,1,10,2.66,1.75,2105.19
PARAM-LOT-02,W04,-11,8,1,10,3.61,1.77,2072.39
PARAM-LOT-02,W04,-11,9,1,10,4,1.73,2057.17
PARAM-LOT-02,W04,-11,10,1,10,3.78,1.74,2141.87
PARAM-LOT-02,W04,-11,11,1,10,3.09,1.75,2079.02
PARAM-LOT-02,W04,-11,12,1,10,2.53,1.76,2107.66
PARAM-LOT-02,W04,-11,13,1,10,4.41,1.77,2081.42
PARAM-LOT-02,W04,-11,14,1,10,3.9,1.72,2058.69
PARAM-LOT-02,W04,-11,15,1,10,3.46,1.72,2097.78
PARAM-LOT-02,W04,-10,-16,1,10,3.86,1.75,2075.88
PARAM-LOT-02,W04,-10,-15,1,10,3.53,1.75,2103.51
PARAM-LOT-02,W04,-10,-14,1,10,4.06,1.72,2082.83
PARAM-LOT-02,W04,-10,-13,1,10,3.68,1.73,2123.16
PARAM-LOT-02,W04,-10,-12,1,10,3.29,1.74,2099.94
PARAM-LOT-02,W04,-10,-11,1,10,3.16,1.79,2083.6
PARAM-LOT-02,W04,-10,-10,1,10,3.41,1.77,2122.03
PARAM-LOT-02,W04,-10,-9,2,21,5.43,1.76,2115.52
PARAM-LOT-02,W04,-10,-8,1,10,3.58,1.74,2100.91
PARAM-LOT-02,W04,-10,-7,1,10,2.57,1.77,2097.33
PARAM-LOT-02,W04,-10,-6,1,10,4.08,1.76,2063.77
PARAM-LOT-02,W04,-10,-5,1,10,2.96,1.76,2055.38
PARAM-LOT-02,W04,-10,-4,1,10,2.51,1.78,2164.29
PARAM-LOT-02,W04,-10,-3,1,10,2.65,1.79,2067.92
PARAM-LOT-02,W04,-10,-2,1,10,2.27,1.67,2117.48
PARAM-LOT-02,W04,-10,-1,1,10,2.23,1.69,2114.78
PARAM-LOT-02,W04,-10,0,1,10,2.94,1.74,2086.77
PARAM-LOT-02,W04,-10,1,1,10,2.3,1.74,2097.99
PARAM-LOT-02,W04,-10,2,1,10,2.88,1.73,2132.29
PARAM-LOT-02,W04,-10,3,1,10,2.95,1.74,2092.4
PARAM-LOT-02,W04,-10,4,1,10,1.9,1.72,2064.19
PARAM-LOT-02,W04,-10,5,1,10,3.32,1.71,2109.8
PARAM-LOT-02,W04,-10,6,1,10,2.25,1.75,2039.63
PARAM-LOT-02,W04,-10,7,1,10,2.97,1.74,2088.5
PARAM-LOT-02,W04,-10,8,1,10,3.19,1.77,2144.4
PARAM-LOT-02,W04,-10,9,1,10,2.79,1.79,2081.56
PARAM-LOT-02,W04,-10,10,1,10,2.8,1.78,2088.48
PARAM-LOT-02,W04,-10,11,1,10,2.83,1.77,2122.66
PARAM-LOT-02,W04,-10,12,1,10,3.7,1.72,2064.08
PARAM-LOT-02,W04,-10,13,1,10,3.44,1.75,2127.54
PARAM-LOT-02,W04,-10,14,1,10,4.54,1.76,2084.53
PARAM-LOT-02,W04,-10,15,1,10,3.32,1.78,2116.89
PARAM-LOT-02,W04,-10,16,1,10,3.46,1.78,2087.17
PARAM-LOT-02,W04,-9,-17,1,10,4.38,1.8,2137.52
PARAM-LOT-02,W04,-9,-16,1,10,4.59,1.77,2094.93
PARAM-LOT-02,W04,-9,-15,1,10,3.44,1.72,2137.46
PARAM-LOT-02,W04,-9,-14,1,10,4.24,1.74,2110.88
PARAM-LOT-02,W04,-9,-13,1,10,4.21,1.76,2094.99
PARAM-LOT-02,W04,-9,-12,1,10,3.19,1.77,2102.46
PARAM-LOT-02,W04,-9,-11,1,10,3.38,1.76,2101.66
PARAM-LOT-02,W04,-9,-10,1,10,3.24,1.77,2095.72
PARAM-LOT-02,W04,-9,-9,1,10,3.82,1.73,2092.05
PARAM-LOT-02,W04,-9,-8,1,10,3.07,1.72,2079.93
PARAM-LOT-02,W04,-9,-7,1,10,2.88,1.77,2091.81
PARAM-LOT-02,W04,-9,-6,1,10,3.7,1.75,2124.95
PARAM-LOT-02,W04,-9,-5,1,10,3.4,1.73,2066.25
PARAM-LOT-02,W04,-9,-4,1,10,3.29,1.77,2100.11
PARAM-LOT-02,W04,-9,-3,1,10,2.86,1.76,2111.44
PARAM-LOT-02,W04,-9,-2,1,10,2.31,1.74,2074.22
PARAM-LOT-02,W04,-9,-1,1,10,2.9,1.77,2133.94
PARAM-LOT-02,W04,-9,0,1,10,2.58,1.71,2123
PARAM-LOT-02,W04,-9,1,1,10,3.05,1.79,2121.46
PARAM-LOT-02,W04,-9,2,1,10,2.05,1.74,2111.44
PARAM-LOT-02,W04,-9,3,1,10,2.19,1.77,2104.23
PARAM-LOT-02,W04,-9,4,1,10,3.41,1.72,2129.53
PARAM-LOT-02,W04,-9,5,1,10,3.07,1.81,2047.09
PARAM-LOT-02,W04,-9,6,1,10,3.19,1.72,2130.37
PARAM-LOT-02,W04,-9,7,1,10,2.61,1.79,2076.45
PARAM-LOT-02,W04,-9,8,1,10,3.89,1.72,2102.77
PARAM-LOT-02,W04,-9,9,1,10,3.32,1.74,2093.6
PARAM-LOT-02,W04,-9,10,1,10,2.36,1.73,2073.8
PARAM-LOT-02,W04,-9,11,2,21,5.09,1.74,2121.09
PARAM-LOT-02,W04,-9,12,1,10,2.62,1.81,2090.35
PARAM-LOT-02,W04,-9,13,1,10,4.62,1.78,2078.36
PARAM-LOT-02,W04,-9,14,2,21,5.85,1.76,2075.16
PARAM-LOT-02,W04,-9,15,1,10,3.74,1.75,2109.58
PARAM-LOT-02,W04,-9,16,1,10,3.47,1.82,2077.47
PARAM-LOT-02,W04,-9,17,1,10,4.6,1.71,2072.08
PARAM-LOT-02,W04,-8,-17,1,10,3.69,1.79,2066.7
PARAM-LOT-02,W04,-8,-16,1,10,3.27,1.74,2090.19
PARAM-LOT-02,W04,-8,-15,1,10,3.54,1.76,2107.37
PARAM-LOT-02,W04,-8,-14,1,10,3.3,1.76,2102.12
PARAM-LOT-02,W04,-8,-13,1,10,3.8,1.72,2079.27
PARAM-LOT-02,W04,-8,-12,1,10,3,1.76,2096.34
PARAM-LOT-02,W04,-8,-11,1,10,3.22,1.75,2104.01
PARAM-LOT-02,W04,-8,-10,1,10,3.82,1.73,2120.55
PARAM-LOT-02,W04,-8,-9,1,10,2.21,1.74,2125.18
PARAM-LOT-02,W04,-8,-8,1,10,3.03,1.76,2122.12
PARAM-LOT-02,W04,-8,-7,1,10,2.59,1.76,2093.94
PARAM-LOT-02,W04,-8,-6,1,10,3.52,1.77,2067.6
PARAM-LOT-02,W04,-8,-5,1,10,2.11,1.77,2144.27
PARAM-LOT-02,W04,-8,-4,1,10,2.66,1.77,2086.37
PARAM-LOT-02,W04,-8,-3,1,10,1.86,1.75,2086.95
PARAM-LOT-02,W04,-8,-2,1,10,2.26,1.75,2068.7
PARAM-LOT-02,W04,-8,-1,1,10,2.59,1.76,2091.45
PARAM-LOT-02,W04,-8,0,1,10,2.28,1.71,2105.66
PARAM-LOT-02,W04,-8,1,1,10,2.62,1.8,2127.56
PARAM-LOT-02,W04,-8,2,1,10,2.6,1.72,2112.72
PARAM-LOT-02,W04,-8,3,1,10,2.92,1.78,2157.41
PARAM-LOT-02,W04,-8,4,1,10,2.34,1.71,2108.19
PARAM-LOT-02,W04,-8,5,1,10,2.65,1.75,2101.73
PARAM-LOT-02,W04,-8,6,1,10,3.13,1.73,2058.27
PARAM-LOT-02,W04,-8,7,1,10,2.63,1.78,2073.05
PARAM-LOT-02,W04,-8,8,1,10,2.29,1.83,2077.84
PARAM-LOT-02,W04,-8,9,1,10,3.15,1.74,2153.39
PARAM-LOT-02,W04,-8,10,1,10,3.85,1.77,2097.27
PARAM-LOT-02,W04,-8,11,1,10,3.29,1.77,2149.69
PARAM-LOT-02,W04,-8,12,1,10,3.24,1.75,2116.08
PARAM-LOT-02,W04,-8,13,1,10,4.23,1.73,2061.52
PARAM-LOT-02,W04,-8,14,1,10,3.86,1.8,2100.73
PARAM-LOT-02,W04,-8,15,1,10,2.12,1.75,2068.31
PARAM-LOT-02,W04,-8,16,1,10,4.02,1.75,2085.02
PARAM-LOT-02,W04,-8,17,1,10,3.29,1.78,2068.57
PARAM-LOT-02,W04,-7,-17,1,10,4.35,1.79,2107.05
PARAM-LOT-02,W04,-7,-16,1,10,3.78,1.77,2078.25
PARAM-LOT-02,W04,-7,-15,1,10,2.87,1.74,2100.13
PARAM-LOT-02,W04,-7,-14,1,10,3.21,1.75,2097
PARAM-LOT-02,W04,-7,-13,1,10,3.09,1.77,2078.62
PARAM-LOT-02,W04,-7,-12,2,21,5.38,1.74,2153.64
PARAM-LOT-02,W04,-7,-11,1,10,2.4,1.78,2111.21
PARAM-LOT-02,W04,-7,-10,1,10,3.79,1.77,2125.65
PARAM-LOT-02,W04,-7,-9,1,10,3,1.75,2054.96
PARAM-LOT-02,W04,-7,-8,1,10,2.78,1.77,2101.01
PARAM-LOT-02,W04,-7,-7,1,10,2.66,1.76,2120.38
PARAM-LOT-02,W04,-7,-6,1,10,2.23,1.77,2090.24
PARAM-LOT-02,W04,-7,-5,1,10,3.95,1.78,2069.47
PARAM-LOT-02,W04,-7,-4,1,10,2.88,1.78,2096.98
PARAM-LOT-02,W04,-7,-3,1,10,3.42,1.74,2075.79
PARAM-LOT-02,W04,-7,-2,1,10,2.98,1.77,2103.81
PARAM-LOT-02,W04,-7,-1,1,10,3.05,1.8,2103.4
PARAM-LOT-02,W04,-7,0,1,10,2.76,1.77,2120.52
PARAM-LOT-02,W04,-7,1,1,10,3,1.75,2127.03
PARAM-LOT-02,W04,-7,2,1,10,2.25,1.77,2089.55
PARAM-LOT-02,W04,-7,3,1,10,2.81,1.77,2091.1
PARAM-LOT-02,W04,-7,4,1,10,2.36,1.79,2100.44
PARAM-LOT-02,W04,-7,5,1,10,3.24,1.77,2079.89
PARAM-LOT-02,W04,-7,6,1,10,3.29,1.77,2139.95
PARAM-LOT-02,W04,-7,7,1,10,3.44,1.78,2102.74
PARAM-LOT-02,W04,-7,8,1,10,3.52,1.7,2105.91
PARAM-LOT-02,W04,-7,9,1,10,2.05,1.75,2107.09
PARAM-LOT-02,W04,-7,10,1,10,2.86,1.75,2131.18
PARAM-LOT-02,W04,-7,11,1,10,2.31,1.75,2161.15
PARAM-LOT-02,W04,-7,12,1,10,3.11,1.76,2072.33
PARAM-LOT-02,W04,-7,13,1,10,2.6,1.78,2096.91
PARAM-LOT-02,W04,-7,14,1,10,3.79,1.74,2111.62
PARAM-LOT-02,W04,-7,15,2,21,5.01,1.77,2102.07
PARAM-LOT-02,W04,-7,16,1,10,3.54,1.76,2102.3
PARAM-LOT-02,W04,-7,17,1,10,4.35,1.79,2107.44
PARAM-LOT-02,W04,-6,-18,1,10,3.93,1.77,2062.38
PARAM-LOT-02,W04,-6,-17,2,21,5.22,1.81,2072.11
PARAM-LOT-02,W04,-6,-16,1,10,4.45,1.77,2080.44
PARAM-LOT-02,W04,-6,-15,1,10,3.42,1.78,2075.74
PARAM-LOT-02,W04,-6,-14,1,10,3.25,1.78,2080.16
PARAM-LOT-02,W04,-6,-13,1,10,3.73,1.77,2133.14
PARAM-LOT-02,W04,-6,-12,1,10,3.34,1.76,2091.21
PARAM-LOT-02,W04,-6,-11,1,10,3.11,1.78,2105.09
PARAM-LOT-02,W04,-6,-10,1,10,2.89,1.79,2099.92
PARAM-LOT-02,W04,-6,-9,1,10,2.43,1.73,2101.53
PARAM-LOT-02,W04,-6,-8,1,10,3.22,1.77,2139.3
PARAM-LOT-02,W04,-6,-7,1,10,4.05,1.76,2116.58
PARAM-LOT-02,W04,-6,-6,1,10,3.05,1.75,2113.8
PARAM-LOT-02,W04,-6,-5,1,10,2.72,1.78,2119.72
PARAM-LOT-02,W04,-6,-4,1,10,2.45,1.76,2021.64
PARAM-LOT-02,W04,-6,-3,1,10,2.47,1.78,2116.47
PARAM-LOT-02,W04,-6,-2,1,10,2.55,1.8,2119.89
PARAM-LOT-02,W04,-6,-1,1,10,1.73,1.76,2110.8
PARAM-LOT-02,W04,-6,0,1,10,2.9,1.76,2068.06
PARAM-LOT-02,W04,-6,1,1,10,3.17,1.76,2116.67
PARAM-LOT-02,W04,-6,2,1,10,2.2,1.78,2087.91
PARAM-LOT-02,W04,-6,3,1,10,2.72,1.79,2099.45
PARAM-LOT-02,W04,-6,4,1,10,3.1,1.75,2122.95
PARAM-LOT-02,W04,-6,5,1,10,2,1.81,2095.61
PARAM-LOT-02,W04,-6,6,1,10,3.16,1.8,2076.3
PARAM-LOT-02,W04,-6,7,1,10,2.92,1.75,2036.68
PARAM-LOT-02,W04,-6,8,1,10,3.41,1.71,2107.92
PARAM-LOT-02,W04,-6,9,1,10,2.8,1.76,2111.56
PARAM-LOT-02,W04,-6,10,1,10,3.11,1.79,2101.11
PARAM-LOT-02,W04,-6,11,1,10,2.91,1.79,2145.8
PARAM-LOT-02,W04,-6,12,1,10,3.28,1.86,2046.4
PARAM-LOT-02,W04,-6,13,1,10,3.6,1.75,2109.42
PARAM-LOT-02,W04,-6,14,1,10,3.31,1.79,2103.56
PARAM-LOT-02,W04,-6,15,1,10,3.76,1.73,2081.44
PARAM-LOT-02,W04,-6,16,1,10,4.14,1.77,2062.13
PARAM-LOT-02,W04,-6,17,1,10,3.09,1.77,2162.29
PARAM-LOT-02,W04,-6,18,1,10,3.03,1.77,2117.05
PARAM-LOT-02,W04,-5,-18,1,10,4.04,1.77,2113.25
PARAM-LOT-02,W04,-5,-17,1,10,4.4,1.79,2102.96
PARAM-LOT-02,W04,-5,-16,1,10,3.31,1.75,2075.57
PARAM-LOT-02,W04,-5,-15,1,10,3.49,1.72,2133.6
PARAM-LOT-02,W04,-5,-14,1,10,3.65,1.77,2118.17
PARAM-LOT-02,W04,-5,-13,1,10,2.92,1.79,2126.62
PARAM-LOT-02,W04,-5,-12,1,10,4.03,1.77,2145.14
PARAM-LOT-02,W04,-5,-11,1,10,2.28,1.79,2055.73
PARAM-LOT-02,W04,-5,-10,1,10,3.08,1.8,2095.34
PARAM-LOT-02,W04,-5,-9,1,10,3.56,1.8,2074.79
PARAM-LOT-02,W04,-5,-8,1,10,2.8,1.79,2086.4
PARAM-LOT-02,W04,-5,-7,1,10,1.84,1.8,2094.56
PARAM-LOT-02,W04,-5,-6,1,10,3,1.74,2118.13
PARAM-LOT-02,W04,-5,-5,1,10,3.79,1.74,2051.88
PARAM-LOT-02,W04,-5,-4,1,10,3.46,1.77,2083.28
PARAM-LOT-02,W04,-5,-3,1,10,2.06,1.78,2107.95
PARAM-LOT-02,W04,-5,-2,1,10,2.79,1.78,2067.92
PARAM-LOT-02,W04,-5,-1,1,10,2.47,1.75,2064.62
PARAM-LOT-02,W04,-5,0,1,10,3.1,1.82,2096.51
PARAM-LOT-02,W04,-5,1,1,10,2.07,1.7,2100.64
PARAM-LOT-02,W04,-5,2,1,10,2.76,1.76,2118.92
PARAM-LOT-02,W04,-5,3,1,10,2.48,1.8,2123.79
PARAM-LOT-02,W04,-5,4,1,10,2.68,1.82,2074.74
PARAM-LOT-02,W04,-5,5,1,10,2.49,1.8,2066.02
PARAM-LOT-02,W04,-5,6,1,10,2.79,1.76,2094.66
PARAM-LOT-02,W04,-5,7,1,10,2.37,1.77,2091.59
PARAM-LOT-02,W04,-5,8,1,10,2.92,1.83,2121.78
PARAM-LOT-02,W04,-5,9,1,10,2.67,1.77,2128.59
PARAM-LOT-02,W04,-5,10,1,10,3.46,1.81,2076.08
PARAM-LOT-02,W04,-5,11,1,10,2.74,1.81,2106.93
PARAM-LOT-02,W04,-5,12,1,10,4.72,1.75,2118.96
PARAM-LOT-02,W04,-5,13,1,10,4.1,1.78,2118.81
PARAM-LOT-02,W04,-5,14,1,10,3.85,1.78,2093.58
PARAM-LOT-02,W04,-5,15,1,10,3.87,1.78,2100.13
PARAM-LOT-02,W04,-5,16,1,10,4.24,1.74,2080.76
PARAM-LOT-02,W04,-5,17,1,10,4.17,1.78,2118.81
PARAM-LOT-02,W04,-5,18,1,10,4.78,1.75,2119.37
PARAM-LOT-02,W04,-4,-18,1,10,2.79,1.8,2107.99
PARAM-LOT-02,W04,-4,-17,1,10,4.71,1.76,2102.66
PARAM-LOT-02,W04,-4,-16,2,21,5.12,1.83,2109.3
PARAM-LOT-02,W04,-4,-15,1,10,3.56,1.74,2102.72
PARAM-LOT-02,W04,-4,-14,1,10,3.12,1.81,2165.64
PARAM-LOT-02,W04,-4,-13,1,10,4.32,1.8,2096.43
PARAM-LOT-02,W04,-4,-12,1,10,4.49,1.77,2087.89
PARAM-LOT-02,W04,-4,-11,1,10,2.6,1.83,2104.85
PARAM-LOT-02,W04,-4,-10,1,10,2.73,1.74,2095.26
PARAM-LOT-02,W04,-4,-9,1,10,3.35,1.76,2092.34
PARAM-LOT-02,W04,-4,-8,1,10,3.36,1.81,2096.69
PARAM-LOT-02,W04,-4,-7,1,10,2.67,1.75,2143.78
PARAM-LOT-02,W04,-4,-6,1,10,2.64,1.75,2142.88
PARAM-LOT-02,W04,-4,-5,1,10,2.37,1.79,2090.09
PARAM-LOT-02,W04,-4,-4,1,10,2.33,1.8,2054.96
PARAM-LOT-02,W04,-4,-3,1,10,2.83,1.79,2106.87
PARAM-LOT-02,W04,-4,-2,1,10,2.48,1.74,2080.86
PARAM-LOT-02,W04,-4,-1,1,10,1.57,1.74,2106
PARAM-LOT-02,W04,-4,0,1,10,2.53,1.8,2126.52
PARAM-LOT-02,W04,-4,1,1,10,2.51,1.78,2066.07
PARAM-LOT-02,W04,-4,2,1,10,2.64,1.75,2124.46
PARAM-LOT-02,W04,-4,3,1,10,2.03,1.78,2105.61
PARAM-LOT-02,W04,-4,4,1,10,2.5,1.75,2128.08
PARAM-LOT-02,W04,-4,5,1,10,1.92,1.81,2057.38
PARAM-LOT-02,W04,-4,6,1,10,2.38,1.81,2114.54
PARAM-LOT-02,W04,-4,7,1,10,2.23,1.78,2070.07
PARAM-LOT-02,W04,-4,8,1,10,3.65,1.76,2052.22
PARAM-LOT-02,W04,-4,9,1,10,2.85,1.74,2095.96
PARAM-LOT-02,W04,-4,10,1,10,2.59,1.82,2113.65
PARAM-LOT-02,W04,-4,11,1,10,3.4,1.81,2106.58
PARAM-LOT-02,W04,-4,12,1,10,3.34,1.75,2085.58
PARAM-LOT-02,W04,-4,13,1,10,3.66,1.75,2091.24
PARAM-LOT-02,W04,-4,14,1,10,3.24,1.79,2063.75
PARAM-LOT-02,W04,-4,15,1,10,4.3,1.81,2090.36
PARAM-LOT-02,W04,-4,16,1,10,3.84,1.79,2050.19
PARAM-LOT-02,W04,-4,17,1,10,3.86,1.79,2082.93
PARAM-LOT-02,W04,-4,18,1,10,3.66,1.75,2099.91
PARAM-LOT-02,W04,-3,-19,2,21,5.57,1.76,2102.94
PARAM-LOT-02,W04,-3,-18,1,10,3.4,1.82,2128.49
PARAM-LOT-02,W04,-3,-17,1,10,4.43,1.74,2107.77
PARAM-LOT-02,W04,-3,-16,1,10,3.13,1.78,2052.29
PARAM-LOT-02,W04,-3,-15,1,10,2.85,1.8,2083.61
PARAM-LOT-02,W04,-3,-14,1,10,4.12,1.79,2081.02
PARAM-LOT-02,W04,-3,-13,1,10,2.41,1.73,2129.83
PARAM-LOT-02,W04,-3,-12,1,10,2.81,1.76,2111.51
PARAM-LOT-02,W04,-3,-11,1,10,3.5,1.73,2134.15
PARAM-LOT-02,W04,-3,-10,1,10,2.47,1.77,2122.73
PARAM-LOT-02,W04,-3,-9,1,10,2.78,1.75,2101.4
PARAM-LOT-02,W04,-3,-8,1,10,2.69,1.79,2099.91
PARAM-LOT-02,W04,-3,-7,1,10,2.91,1.79,2096.28
PARAM-LOT-02,W04,-3,-6,1,10,2.83,1.81,2110.65
PARAM-LOT-02,W04,-3,-5,1,10,2.91,1.81,2101.49
PARAM-LOT-02,W04,-3,-4,1,10,2.41,1.76,2060.99
PARAM-LOT-02,W04,-3,-3,1,10,2.92,1.81,2074.01
PARAM-LOT-02,W04,-3,-2,1,10,1.8,1.79,2099.23
PARAM-LOT-02,W04,-3,-1,1,10,2.21,1.8,2066.42
PARAM-LOT-02,W04,-3,0,1,10,2.46,1.75,2100
PARAM-LOT-02,W04,-3,1,1,10,1.64,1.78,2084.11
PARAM-LOT-02,W04,-3,2,1,10,2.62,1.75,2153.03
PARAM-LOT-02,W04,-3,3,1,10,2.46,1.81,2132.61
PARAM-LOT-02,W04,-3,4,1,10,3.07,1.8,2118.42
PARAM-LOT-02,W04,-3,5,1,10,2.74,1.77,2096.71
PARAM-LOT-02,W04,-3,6,1,10,2.51,1.77,2109.06
PARAM-LOT-02,W04,-3,7,1,10,3.1,1.76,2109.08
PARAM-LOT-02,W04,-3,8,1,10,2.42,1.8,2154.35
PARAM-LOT-02,W04,-3,9,1,10,3.02,1.77,2075.94
PARAM-LOT-02,W04,-3,10,1,10,3.56,1.77,2152.24
PARAM-LOT-02,W04,-3,11,1,10,3.41,1.74,2101.46
PARAM-LOT-02,W04,-3,12,1,10,2.81,1.8,2123.54
PARAM-LOT-02,W04,-3,13,1,10,2.7,1.78,2067.49
PARAM-LOT-02,W04,-3,14,1,10,2.84,1.77,2104.29
PARAM-LOT-02,W04,-3,15,2,21,5.28,1.79,2127.81
PARAM-LOT-02,W04,-3,16,1,10,4.53,1.75,2139.77
PARAM-LOT-02,W04,-3,17,1,10,4.98,1.79,2080.03
PARAM-LOT-02,W04,-3,18,1,10,2.78,1.81,2141.11
PARAM-LOT-02,W04,-3,19,1,10,3.61,1.8,2073.24
PARAM-LOT-02,W04,-2,-19,2,21,5.02,1.76,2120.06
PARAM-LOT-02,W04,-2,-18,1,10,3,1.78,2090.82
PARAM-LOT-02,W04,-2,-17,1,10,3.47,1.8,2072.2
PARAM-LOT-02,W04,-2,-16,1,10,2.85,1.8,2151.53
PARAM-LOT-02,W04,-2,-15,1,10,3.69,1.79,2148.48
PARAM-LOT-02,W04,-2,-14,1,10,3.69,1.78,2072.84
PARAM-LOT-02,W04,-2,-13,1,10,2.86,1.77,2090.55
PARAM-LOT-02,W04,-2,-12,1,10,4.44,1.81,2114.01
PARAM-LOT-02,W04,-2,-11,1,10,2.44,1.77,2117.86
PARAM-LOT-02,W04,-2,-10,1,10,3.26,1.79,2129.49
PARAM-LOT-02,W04,-2,-9,1,10,2.04,1.77,2108.73
PARAM-LOT-02,W04,-2,-8,1,10,2.22,1.8,2105.61
PARAM-LOT-02,W04,-2,-7,1,10,2.07,1.81,2100.68
PARAM-LOT-02,W04,-2,-6,1,10,2.92,1.76,2077.93
PARAM-LOT-02,W04,-2,-5,1,10,1.74,1.79,2104.76
PARAM-LOT-02,W04,-2,-4,1,10,2.11,1.82,2116.86
PARAM-LOT-02,W04,-2,-3,1,10,1.89,1.81,2087.91
PARAM-LOT-02,W04,-2,-2,1,10,2.24,1.79,2119.26
PARAM-LOT-02,W04,-2,-1,1,10,1.99,1.8,2018.4
PARAM-LOT-02,W04,-2,0,1,10,1.91,1.81,2099.82
PARAM-LOT-02,W04,-2,1,1,10,2.02,1.77,2096.76
PARAM-LOT-02,W04,-2,2,1,10,1.69,1.8,2098.83
PARAM-LOT-02,W04,-2,3,1,10,2.39,1.8,2127.85
PARAM-LOT-02,W04,-2,4,1,10,2.51,1.8,2091.04
PARAM-LOT-02,W04,-2,5,1,10,2.76,1.8,2082.42
PARAM-LOT-02,W04,-2,6,1,10,2.68,1.78,2056.37
PARAM-LOT-02,W04,-2,7,1,10,4.75,1.8,2119.89
PARAM-LOT-02,W04,-2,8,1,10,2.21,1.79,2097.24
PARAM-LOT-02,W04,-2,9,1,10,2.65,1.78,2048.59
PARAM-LOT-02,W04,-2,10,1,10,3.34,1.81,2113.89
PARAM-LOT-02,W04,-2,11,1,10,2.81,1.8,2065.46
PARAM-LOT-02,W04,-2,12,1,10,2.84,1.74,2081.36
PARAM-LOT-02,W04,-2,13,1,10,2.28,1.78,2111.65
PARAM-LOT-02,W04,-2,14,1,10,3.21,1.76,2102.84
PARAM-LOT-02,W04,-2,15,1,10,3.08,1.78,2128.34
PARAM-LOT-02,W04,-2,16,1,10,4.18,1.81,2087.52
PARAM-LOT-02,W04,-2,17,1,10,3.07,1.81,2121.62
PARAM-LOT-02,W04,-2,18,1,10,4.52,1.76,2077.18
PARAM-LOT-02,W04,-2,19,1,10,3.38,1.83,2101.71
PARAM-LOT-02,W04,-1,-19,1,10,3.68,1.8,2082.12
PARAM-LOT-02,W04,-1,-18,1,10,4.76,1.81,2112.14
PARAM-LOT-02,W04,-1,-17,1,10,3.26,1.81,2142.18
PARAM-LOT-02,W04,-1,-16,1,10,3.36,1.8,2112.08
PARAM-LOT-02,W04,-1,-15,1,10,2.79,1.77,2061.89
PARAM-LOT-02,W04,-1,-14,1,10,3.7,1.78,2059.05
PARAM-LOT-02,W04,-1,-13,1,10,2.87,1.81,2116.32
PARAM-LOT-02,W04,-1,-12,1,10,3.48,1.76,2114.87
PARAM-LOT-02,W04,-1,-11,1,10,2.63,1.78,2094.29
PARAM-LOT-02,W04,-1,-10,1,10,3.32,1.8,2096.21
PARAM-LOT-02,W04,-1,-9,1,10,3.05,1.79,2146.32
PARAM-LOT-02,W04,-1,-8,1,10,2.75,1.78,2086.88
PARAM-LOT-02,W04,-1,-7,1,10,3.2,1.81,2090.11
PARAM-LOT-02,W04,-1,-6,1,10,2.37,1.82,2070.35
PARAM-LOT-02,W04,-1,-5,1,10,1.96,1.78,2116.54
PARAM-LOT-02,W04,-1,-4,1,10,1.94,1.78,2142.08
PARAM-LOT-02,W04,-1,-3,1,10,1.94,1.8,2108.36
PARAM-LOT-02,W04,-1,-2,1,10,1.51,1.76,2104.04
PARAM-LOT-02,W04,-1,-1,1,10,1.96,1.77,2092.66
PARAM-LOT-02,W04,-1,0,1,10,2.17,1.78,2097.89
PARAM-LOT-02,W04,-1,1,1,10,1.68,1.77,2051.03
PARAM-LOT-02,W04,-1,2,1,10,2.14,1.83,2086.15
PARAM-LOT-02,W04,-1,3,1,10,1.51,1.78,2082.67
PARAM-LOT-02,W04,-1,4,1,10,1.84,1.8,2076.07
PARAM-LOT-02,W04,-1,5,1,10,1.95,1.77,2093.23
PARAM-LOT-02,W04,-1,6,1,10,2.47,1.81,2099.11
PARAM-LOT-02,W04,-1,7,1,10,2.98,1.77,2117.72
PARAM-LOT-02,W04,-1,8,1,10,2.33,1.85,2088.85
PARAM-LOT-02,W04,-1,9,1,10,2.45,1.81,2104.07
PARAM-LOT-02,W04,-1,10,1,10,2.19,1.82,2048.7
PARAM-LOT-02,W04,-1,11,1,10,2.34,1.81,2096.35
PARAM-LOT-02,W04,-1,12,1,10,3.44,1.8,2103.1
PARAM-LOT-02,W04,-1,13,1,10,3.27,1.79,2103.98
PARAM-LOT-02,W04,-1,14,1,10,3.77,1.77,2116.12
PARAM-LOT-02,W04,-1,15,1,10,2.97,1.82,2087.39
PARAM-LOT-02,W04,-1,16,1,10,3.76,1.78,2115.73
PARAM-LOT-02,W04,-1,17,1,10,3.04,1.75,2062.86
PARAM-LOT-02,W04,-1,18,1,10,4.39,1.79,2110.05
PARAM-LOT-02,W04,-1,19,2,21,5.56,1.75,2108.26
PARAM-LOT-02,W04,0,-19,1,10,3.43,1.82,2080.72
PARAM-LOT-02,W04,0,-18,1,10,4.63,1.78,2107.91
PARAM-LOT-02,W04,0,-17,1,10,4.64,1.8,2061.31
PARAM-LOT-02,W04,0,-16,1,10,2.85,1.79,2098.74
PARAM-LOT-02,W04,0,-15,1,10,3.98,1.8,2049.59
PARAM-LOT-02,W04,0,-14,1,10,4.58,1.82,2049.87
PARAM-LOT-02,W04,0,-13,1,10,2.68,1.84,2090.03
PARAM-LOT-02,W04,0,-12,1,10,3.75,1.8,2065.72
PARAM-LOT-02,W04,0,-11,1,10,2.25,1.79,2117.6
PARAM-LOT-02,W04,0,-10,1,10,2.56,1.77,2109.48
PARAM-LOT-02,W04,0,-9,1,10,3.21,1.75,2124.99
PARAM-LOT-02,W04,0,-8,1,10,2.41,1.82,2084.46
PARAM-LOT-02,W04,0,-7,1,10,1.75,1.82,2079.69
PARAM-LOT-02,W04,0,-6,1,10,1.69,1.79,2095.7
PARAM-LOT-02,W04,0,-5,1,10,2.3,1.83,2130.76
PARAM-LOT-02,W04,0,-4,1,10,2.46,1.8,2136.82
PARAM-LOT-02,W04,0,-3,1,10,2.58,1.82,2124.72
PARAM-LOT-02,W04,0,-2,1,10,1.96,1.8,2073.62
PARAM-LOT-02,W04,0,-1,1,10,1.48,1.75,2058.37
PARAM-LOT-02,W04,0,0,1,10,1.66,1.79,2114.72
PARAM-LOT-02,W04,0,1,1,10,2.25,1.83,2078.7
PARAM-LOT-02,W04,0,2,1,10,1.74,1.78,2115.63
PARAM-LOT-02,W04,0,3,1,10,2.27,1.83,2067.88
PARAM-LOT-02,W04,0,4,1,10,1.82,1.81,2104.61
PARAM-LOT-02,W04,0,5,1,10,2.77,1.81,2114.76
PARAM-LOT-02,W04,0,6,1,10,2.89,1.83,2050.33
PARAM-LOT-02,W04,0,7,1,10,1.84,1.79,2040.91
PARAM-LOT-02,W04,0,8,1,10,1.87,1.85,2099.84
PARAM-LOT-02,W04,0,9,1,10,2.41,1.84,2150.03
PARAM-LOT-02,W04,0,10,1,10,2.78,1.78,2134.26
PARAM-LOT-02,W04,0,11,1,10,3.17,1.81,2048.35
PARAM-LOT-02,W04,0,12,1,10,3.24,1.83,2128.05
PARAM-LOT-02,W04,0,13,1,10,2.82,1.78,2064.19
PARAM-LOT-02,W04,0,14,1,10,2.84,1.83,2105.38
PARAM-LOT-02,W04,0,15,1,10,2.62,1.84,2067.68
PARAM-LOT-02,W04,0,16,1,10,3.68,1.81,2068.88
PARAM-LOT-02,W04,0,17,1,10,3.71,1.8,2082.01
PARAM-LOT-02,W04,0,18,1,10,4.25,1.86,2110.14
PARAM-LOT-02,W04,0,19,1,10,4.6,1.8,2095.29
PARAM-LOT-02,W04,1,-19,1,10,3.63,1.85,2121.75
PARAM-LOT-02,W04,1,-18,1,10,3.36,1.79,2116.71
PARAM-LOT-02,W04,1,-17,1,10,3.87,1.8,2087.36
PARAM-LOT-02,W04,1,-16,1,10,3.51,1.81,2129.57
PARAM-LOT-02,W04,1,-15,1,10,3.87,1.79,2103.73
PARAM-LOT-02,W04,1,-14,1,10,3.97,1.78,2094.48
PARAM-LOT-02,W04,1,-13,1,10,2.71,1.82,2093.89
PARAM-LOT-02,W04,1,-12,1,10,3.37,1.83,2100.9
PARAM-LOT-02,W04,1,-11,1,10,2.53,1.81,2089.89
PARAM-LOT-02,W04,1,-10,1,10,2.21,1.8,2135.43
PARAM-LOT-02,W04,1,-9,1,10,3.19,1.77,2074.94
PARAM-LOT-02,W04,1,-8,1,10,2.93,1.79,2093.68
PARAM-LOT-02,W04,1,-7,1,10,2.37,1.81,2103.03
PARAM-LOT-02,W04,1,-6,1,10,2.39,1.84,2064.48
PARAM-LOT-02,W04,1,-5,1,10,1.99,1.79,2108.76
PARAM-LOT-02,W04,1,-4,1,10,1.75,1.73,2098.66
PARAM-LOT-02,W04,1,-3,1,10,1.38,1.82,2094.77
PARAM-LOT-02,W04,1,-2,1,10,1.78,1.79,2103.92
PARAM-LOT-02,W04,1,-1,1,10,2.1,1.8,2071.83
PARAM-LOT-02,W04,1,0,1,10,1.86,1.79,2048.59
PARAM-LOT-02,W04,1,1,1,10,1.75,1.8,2099.69
PARAM-LOT-02,W04,1,2,1,10,1.26,1.79,2054.25
PARAM-LOT-02,W04,1,3,1,10,2.19,1.79,2105.46
PARAM-LOT-02,W04,1,4,1,10,2.39,1.8,2086
PARAM-LOT-02,W04,1,5,1,10,1.74,1.8,2080.79
PARAM-LOT-02,W04,1,6,1,10,2.19,1.81,2092.93
PARAM-LOT-02,W04,1,7,1,10,3.12,1.78,2104.46
PARAM-LOT-02,W04,1,8,1,10,2.23,1.78,2119.2
PARAM-LOT-02,W04,1,9,1,10,2.68,1.82,2061.33
PARAM-LOT-02,W04,1,10,1,10,3.47,1.82,2095.24
PARAM-LOT-02,W04,1,11,1,10,3.14,1.8,2093.24
PARAM-LOT-02,W04,1,12,1,10,2.45,1.84,2087.96
PARAM-LOT-02,W04,1,13,1,10,2.5,1.81,2068.68
PARAM-LOT-02,W04,1,14,1,10,3.8,1.81,2088.02
PARAM-LOT-02,W04,1,15,1,10,3.22,1.84,2110.12
PARAM-LOT-02,W04,1,16,1,10,4.86,1.79,2070.73
PARAM-LOT-02,W04,1,17,1,10,3.47,1.83,2100.01
PARAM-LOT-02,W04,1,18,1,10,3.6,1.79,2114.31
PARAM-LOT-02,W04,1,19,1,10,2.68,1.78,2116.74
PARAM-LOT-02,W04,2,-19,1,10,4.04,1.8,2105.58
PARAM-LOT-02,W04,2,-18,1,10,3.11,1.76,2097.1
PARAM-LOT-02,W04,2,-17,1,10,3.18,1.83,2126.85
PARAM-LOT-02,W04,2,-16,1,10,4.02,1.83,2061.15
PARAM-LOT-02,W04,2,-15,1,10,2.95,1.75,2126.58
PARAM-LOT-02,W04,2,-14,1,10,2.26,1.81,2074.71
PARAM-LOT-02,W04,2,-13,1,10,3.3,1.81,2111.61
PARAM-LOT-02,W04,2,-12,1,10,2.64,1.79,2121.39
PARAM-LOT-02,W04,2,-11,1,10,2.16,1.77,2089.07
PARAM-LOT-02,W04,2,-10,1,10,3.75,1.8,2088.58
PARAM-LOT-02,W04,2,-9,1,10,2.68,1.83,2098.29
PARAM-LOT-02,W04,2,-8,1,10,2.84,1.82,2122.98
PARAM-LOT-02,W04,2,-7,1,10,2.52,1.84,2104.9
PARAM-LOT-02,W04,2,-6,1,10,1.68,1.77,2091.22
PARAM-LOT-02,W04,2,-5,1,10,2.78,1.81,2099.45
PARAM-LOT-02,W04,2,-4,1,10,2.41,1.82,2104.64
PARAM-LOT-02,W04,2,-3,1,10,1.62,1.77,2065.63
PARAM-LOT-02,W04,2,-2,1,10,2.99,1.86,2102.26
PARAM-LOT-02,W04,2,-1,1,10,2.24,1.85,2103.98
PARAM-LOT-02,W04,2,0,1,10,1.46,1.86,2079.63
PARAM-LOT-02,W04,2,1,1,10,1.51,1.83,2111.05
PARAM-LOT-02,W04,2,2,1,10,2.07,1.79,2120.45
PARAM-LOT-02,W04,2,3,1,10,2.48,1.81,2107.47
PARAM-LOT-02,W04,2,4,1,10,2.09,1.87,2116.05
PARAM-LOT-02,W04,2,5,1,10,2.7,1.8,2112.34
PARAM-LOT-02,W04,2,6,1,10,1.75,1.81,2090.3
PARAM-LOT-02,W04,2,7,1,10,2.36,1.83,2085.87
PARAM-LOT-02,W04,2,8,1,10,2.28,1.86,2058.96
PARAM-LOT-02,W04,2,9,1,10,2.98,1.75,2101.9
PARAM-LOT-02,W04,2,10,1,10,3.19,1.77,2111.91
PARAM-LOT-02,W04,2,11,1,10,2.77,1.8,2083.22
PARAM-LOT-02,W04,2,12,1,10,3.38,1.81,2087.52
PARAM-LOT-02,W04,2,13,1,10,4.03,1.81,2045.92
PARAM-LOT-02,W04,2,14,1,10,3.22,1.79,2127.66
PARAM-LOT-02,W04,2,15,1,10,3.48,1.77,2112.83
PARAM-LOT-02,W04,2,16,1,10,3.89,1.81,2096.57
PARAM-LOT-02,W04,2,17,1,10,3.82,1.82,2084.68
PARAM-LOT-02,W04,2,18,1,10,3.53,1.8,2059.33
PARAM-LOT-02,W04,2,19,1,10,3.58,1.83,2119.89
PARAM-LOT-02,W04,3,-19,1,10,4.94,1.85,2080.86
PARAM-LOT-02,W04,3,-18,1,10,3.36,1.8,2110.85
PARAM-LOT-02,W04,3,-17,1,10,3.52,1.84,2082.52
PARAM-LOT-02,W04,3,-16,1,10,4.73,1.84,2075.88
PARAM-LOT-02,W04,3,-15,1,10,2.73,1.82,2117.52
PARAM-LOT-02,W04,3,-14,1,10,4.53,1.81,2111.01
PARAM-LOT-02,W04,3,-13,1,10,2.73,1.81,2074.41
PARAM-LOT-02,W04,3,-12,1,10,2.85,1.85,2114.09
PARAM-LOT-02,W04,3,-11,1,10,3.12,1.81,2116.89
PARAM-LOT-02,W04,3,-10,1,10,3.2,1.81,2097.37
PARAM-LOT-02,W04,3,-9,1,10,2.37,1.8,2070.81
PARAM-LOT-02,W04,3,-8,1,10,3.35,1.84,2125.11
PARAM-LOT-02,W04,3,-7,1,10,2.04,1.82,2073.41
PARAM-LOT-02,W04,3,-6,1,10,1.8,1.79,2088.37
PARAM-LOT-02,W04,3,-5,1,10,2.84,1.78,2090.15
PARAM-LOT-02,W04,3,-4,1,10,3.54,1.81,2119.98
PARAM-LOT-02,W04,3,-3,1,10,3.19,1.82,2125.57
PARAM-LOT-02,W04,3,-2,1,10,3.37,1.83,2088.85
PARAM-LOT-02,W04,3,-1,1,10,2.33,1.81,2136.81
PARAM-LOT-02,W04,3,0,1,10,1.5,1.75,2070.22
PARAM-LOT-02,W04,3,1,1,10,1.51,1.8,2073.84
PARAM-LOT-02,W04,3,2,1,10,2.17,1.78,2097.9
PARAM-LOT-02,W04,3,3,1,10,2.09,1.87,2104.81
PARAM-LOT-02,W04,3,4,1,10,2.96,1.78,2094.88
PARAM-LOT-02,W04,3,5,1,10,2.39,1.81,2063.45
PARAM-LOT-02,W04,3,6,1,10,1.77,1.82,2092.88
PARAM-LOT-02,W04,3,7,1,10,3.47,1.79,2088.11
PARAM-LOT-02,W04,3,8,1,10,2.54,1.84,2121.3
PARAM-LOT-02,W04,3,9,1,10,3.61,1.81,2090.37
PARAM-LOT-02,W04,3,10,1,10,2.08,1.85,2129.73
PARAM-LOT-02,W04,3,11,1,10,2.69,1.78,2084.19
PARAM-LOT-02,W04,3,12,1,10,2.57,1.84,2081.01
PARAM-LOT-02,W04,3,13,1,10,3.28,1.81,2081.88
PARAM-LOT-02,W04,3,14,1,10,3.02,1.82,2094.95
PARAM-LOT-02,W04,3,15,1,10,3.88,1.82,2123.98
PARAM-LOT-02,W04,3,16,1,10,3.45,1.8,2099.56
PARAM-LOT-02,W04,3,17,1,10,3.9,1.79,2056.12
PARAM-LOT-02,W04,3,18,1,10,4.29,1.81,2084.78
PARAM-LOT-02,W04,3,19,1,10,4.59,1.83,2118.38
PARAM-LOT-02,W04,4,-18,1,10,3.19,1.81,2108.25
PARAM-LOT-02,W04,4,-17,1,10,3.2,1.83,2107.69
PARAM-LOT-02,W04,4,-16,1,10,3.32,1.83,2114.26
PARAM-LOT-02,W04,4,-15,1,10,3.89,1.81,2099.3
PARAM-LOT-02,W04,4,-14,1,10,2.87,1.84,2099.8
PARAM-LOT-02,W04,4,-13,1,10,2.52,1.76,2126.2
PARAM-LOT-02,W04,4,-12,1,10,3.57,1.75,2056.99
PARAM-LOT-02,W04,4,-11,1,10,2.6,1.79,2091.55
PARAM-LOT-02,W04,4,-10,1,10,2.88,1.83,2123.08
PARAM-LOT-02,W04,4,-9,1,10,1.73,1.86,2064.05
PARAM-LOT-02,W04,4,-8,1,10,2.39,1.85,2123.33
PARAM-LOT-02,W04,4,-7,1,10,2.88,1.86,2135.96
PARAM-LOT-02,W04,4,-6,1,10,3.47,1.81,2072.51
PARAM-LOT-02,W04,4,-5,1,10,4.47,1.83,2151.45
PARAM-LOT-02,W04,4,-4,1,10,3.66,1.81,2071.29
PARAM-LOT-02,W04,4,-3,1,10,3.71,1.82,2084
PARAM-LOT-02,W04,4,-2,1,10,2.15,1.83,2108.73
PARAM-LOT-02,W04,4,-1,1,10,2.29,1.8,2119.15
PARAM-LOT-02,W04,4,0,1,10,1.99,1.82,2092.34
PARAM-LOT-02,W04,4,1,1,10,1.84,1.82,2115.97
PARAM-LOT-02,W04,4,2,1,10,2.08,1.84,2103.49
PARAM-LOT-02,W04,4,3,1,10,2.34,1.81,2060.97
PARAM-LOT-02,W04,4,4,1,10,2.33,1.84,2116.26
PARAM-LOT-02,W04,4,5,1,10,3.28,1.82,2073.12
PARAM-LOT-02,W04,4,6,1,10,2.85,1.81,2111.84
PARAM-LOT-02,W04,4,7,1,10,3.07,1.84,2089.99
PARAM-LOT-02,W04,4,8,1,10,2.56,1.84,2076.43
PARAM-LOT-02,W04,4,9,1,10,2.67,1.81,2124.8
PARAM-LOT-02,W04,4,10,1,10,3.46,1.79,2056.29
PARAM-LOT-02,W04,4,11,1,10,2.2,1.82,2082.56
PARAM-LOT-02,W04,4,12,1,10,3.12,1.81,2079.64
PARAM-LOT-02,W04,4,13,1,10,4.69,1.75,2082.31
PARAM-LOT-02,W04,4,14,1,10,3.54,1.79,2080.85
PARAM-LOT-02,W04,4,15,1,10,2.8,1.78,2140.17
PARAM-LOT-02,W04,4,16,1,10,4.3,1.84,2098.23
PARAM-LOT-02,W04,4,17,1,10,4.52,1.78,2063.05
PARAM-LOT-02,W04,4,18,2,21,5.45,1.81,2096.52
PARAM-LOT-02,W04,5,-18,1,10,3.97,1.85,2082.21
PARAM-LOT-02,W04,5,-17,1,10,3.82,1.84,2119.4
PARAM-LOT-02,W04,5,-16,1,10,3.67,1.84,2136.89
PARAM-LOT-02,W04,5,-15,1,10,2.77,1.82,2108.03
PARAM-LOT-02,W04,5,-14,1,10,4.48,1.81,2123.96
PARAM-LOT-02,W04,5,-13,1,10,2.47,1.8,2103.15
PARAM-LOT-02,W04,5,-12,1,10,3.2,1.8,2093.8
PARAM-LOT-02,W04,5,-11,1,10,2.75,1.84,2106.7
PARAM-LOT-02,W04,5,-10,1,10,3.4,1.89,2106.34
PARAM-LOT-02,W04,5,-9,1,10,2.6,1.78,2089.07
PARAM-LOT-02,W04,5,-8,1,10,3.02,1.85,2075.37
PARAM-LOT-02,W04,5,-7,1,10,3.72,1.82,2099
PARAM-LOT-02,W04,5,-6,1,10,4.29,1.83,2139.11
PARAM-LOT-02,W04,5,-5,2,21,5.15,1.83,2110.44
PARAM-LOT-02,W04,5,-4,2,21,6.04,1.77,2096.7
PARAM-LOT-02,W04,5,-3,2,21,5.08,1.84,2123.33
PARAM-LOT-02,W04,5,-2,1,10,2.96,1.82,2151.03
PARAM-LOT-02,W04,5,-1,1,10,2.41,1.81,2117.42
PARAM-LOT-02,W04,5,0,1,10,2.7,1.81,2103.22
PARAM-LOT-02,W04,5,1,1,10,2.69,1.78,2090.28
PARAM-LOT-02,W04,5,2,1,10,2.53,1.81,2038.7
PARAM-LOT-02,W04,5,3,1,10,2.06,1.8,2100.78
PARAM-LOT-02,W04,5,4,1,10,3.55,1.82,2119.58
PARAM-LOT-02,W04,5,5,1,10,2.64,1.84,2118.37
PARAM-LOT-02,W04,5,6,1,10,4.27,1.86,2108.46
PARAM-LOT-02,W04,5,7,1,10,2.86,1.81,2089.82
PARAM-LOT-02,W04,5,8,1,10,3.54,1.9,2128.1
PARAM-LOT-02,W04,5,9,1,10,2.88,1.85,2061.29
PARAM-LOT-02,W04,5,10,1,10,2.72,1.8,2118.89
PARAM-LOT-02,W04,5,11,1,10,3.13,1.8,2108.09
PARAM-LOT-02,W04,5,12,1,10,3.09,1.82,2146.99
PARAM-LOT-02,W04,5,13,1,10,3.56,1.82,2092.42
PARAM-LOT-02,W04,5,14,1,10,3.51,1.82,2121.06
PARAM-LOT-02,W04,5,15,1,10,2.87,1.82,2120.63
PARAM-LOT-02,W04,5,16,1,10,4.42,1.83,2096.46
PARAM-LOT-02,W04,5,17,1,10,3.29,1.84,2077.98
PARAM-LOT-02,W04,5,18,1,10,2.48,1.85,2087.6
PARAM-LOT-02,W04,6,-18,1,10,3.85,1.85,2123.9
PARAM-LOT-02,W04,6,-17,1,10,3.7,1.82,2106.29
PARAM-LOT-02,W04,6,-16,1,10,4.14,1.81,2076.91
PARAM-LOT-02,W04,6,-15,1,10,3.59,1.82,2106.96
PARAM-LOT-02,W04,6,-14,1,10,2.9,1.85,2078.8
PARAM-LOT-02,W04,6,-13,1,10,4.32,1.82,2110.19
PARAM-LOT-02,W04,6,-12,1,10,3.03,1.82,2070.43
PARAM-LOT-02,W04,6,-11,1,10,2.79,1.87,2096.57
PARAM-LOT-02,W04,6,-10,1,10,2.69,1.86,2138.56
PARAM-LOT-02,W04,6,-9,1,10,3.06,1.88,2126.11
PARAM-LOT-02,W04,6,-8,1,10,3.47,1.87,2146.95
PARAM-LOT-02,W04,6,-7,1,10,3.24,1.86,2081.3
PARAM-LOT-02,W04,6,-6,1,10,3.83,1.79,2104.94
PARAM-LOT-02,W04,6,-5,1,10,4,1.8,2079.66
PARAM-LOT-02,W04,6,-4,3,31,7.63,1.84,2089.19
PARAM-LOT-02,W04,6,-3,2,21,5.24,1.79,2131.81
PARAM-LOT-02,W04,6,-2,1,10,3.02,1.85,2103.1
PARAM-LOT-02,W04,6,-1,1,10,2.6,1.84,2120.95
PARAM-LOT-02,W04,6,0,1,10,2.65,1.84,2095.14
PARAM-LOT-02,W04,6,1,1,10,2.87,1.86,2054.03
PARAM-LOT-02,W04,6,2,1,10,3.05,1.82,2103.45
PARAM-LOT-02,W04,6,3,1,10,3.67,1.81,2105.56
PARAM-LOT-02,W04,6,4,1,10,2.76,1.86,2127.83
PARAM-LOT-02,W04,6,5,1,10,2.63,1.89,2130.61
PARAM-LOT-02,W04,6,6,1,10,3.02,1.87,2060.83
PARAM-LOT-02,W04,6,7,1,10,3.09,1.82,2071.68
PARAM-LOT-02,W04,6,8,1,10,3.15,1.81,2092
PARAM-LOT-02,W04,6,9,1,10,2.89,1.84,2081.61
PARAM-LOT-02,W04,6,10,1,10,2.59,1.81,2122.88
PARAM-LOT-02,W04,6,11,1,10,4.05,1.85,2103.18
PARAM-LOT-02,W04,6,12,1,10,2.58,1.85,2097.2
PARAM-LOT-02,W04,6,13,1,10,2.39,1.84,2115.61
PARAM-LOT-02,W04,6,14,1,10,3.49,1.82,2075.26
PARAM-LOT-02,W04,6,15,1,10,3.79,1.85,2069.68
PARAM-LOT-02,W04,6,16,2,21,5.03,1.82,2064
PARAM-LOT-02,W04,6,17,1,10,4.42,1.83,2071.45
PARAM-LOT-02,W04,6,18,1,10,3.87,1.81,2122.91
PARAM-LOT-02,W04,7,-17,1,10,3.5,1.84,2116.24
PARAM-LOT-02,W04,7,-16,1,10,3.14,1.83,2102.65
PARAM-LOT-02,W04,7,-15,2,21,5.01,1.82,2085.45
PARAM-LOT-02,W04,7,-14,1,10,2.81,1.84,2099.87
PARAM-LOT-02,W04,7,-13,1,10,2.39,1.83,2153.81
PARAM-LOT-02,W04,7,-12,1,10,4.73,1.83,2096.53
PARAM-LOT-02,W04,7,-11,1,10,2.45,1.85,2131.6
PARAM-LOT-02,W04,7,-10,1,10,4.16,1.84,2092.1
PARAM-LOT-02,W04,7,-9,1,10,3.14,1.83,2054.62
PARAM-LOT-02,W04,7,-8,1,10,2.69,1.81,2152.83
PARAM-LOT-02,W04,7,-7,1,10,3.18,1.82,2123.94
PARAM-LOT-02,W04,7,-6,1,10,4.42,1.83,2126.74
PARAM-LOT-02,W04,7,-5,1,10,2.81,1.84,2085.15
PARAM-LOT-02,W04,7,-4,1,10,3.46,1.81,2077.21
PARAM-LOT-02,W04,7,-3,1,10,2.5,1.79,2136.77
PARAM-LOT-02,W04,7,-2,1,10,3.18,1.82,2083.58
PARAM-LOT-02,W04,7,-1,1,10,2.37,1.89,2081.05
PARAM-LOT-02,W04,7,0,1,10,2.75,1.84,2083.48
PARAM-LOT-02,W04,7,1,1,10,2.24,1.85,2092.8
PARAM-LOT-02,W04,7,2,1,10,2.45,1.91,2097.42
PARAM-LOT-02,W04,7,3,1,10,2.47,1.8,2075.31
PARAM-LOT-02,W04,7,4,1,10,2.62,1.79,2076.62
PARAM-LOT-02,W04,7,5,1,10,2.12,1.81,2105.09
PARAM-LOT-02,W04,7,6,1,10,2.78,1.79,2107.36
PARAM-LOT-02,W04,7,7,1,10,2.05,1.84,2090.49
PARAM-LOT-02,W04,7,8,1,10,3.76,1.81,2077.52
PARAM-LOT-02,W04,7,9,1,10,3.3,1.76,2083.41
PARAM-LOT-02,W04,7,10,1,10,2.68,1.83,2116.04
PARAM-LOT-02,W04,7,11,1,10,3.39,1.83,2130.01
PARAM-LOT-02,W04,7,12,1,10,4.02,1.86,2049.16
PARAM-LOT-02,W04,7,13,1,10,3.26,1.83,2125.14
PARAM-LOT-02,W04,7,14,1,10,4.24,1.84,2110.3
PARAM-LOT-02,W04,7,15,1,10,3.7,1.83,2106.3
PARAM-LOT-02,W04,7,16,1,10,3.72,1.84,2107.4
PARAM-LOT-02,W04,7,17,2,21,5.08,1.8,2081.75
PARAM-LOT-02,W04,8,-17,2,21,5.14,1.8,2085.35
PARAM-LOT-02,W04,8,-16,1,10,3.93,1.85,2124.79
PARAM-LOT-02,W04,8,-15,1,10,4.69,1.81,2069.43
PARAM-LOT-02,W04,8,-14,1,10,3.71,1.85,2065.1
PARAM-LOT-02,W04,8,-13,1,10,3.56,1.83,2098.33
PARAM-LOT-02,W04,8,-12,1,10,4.84,1.83,2110.93
PARAM-LOT-02,W04,8,-11,1,10,3.38,1.87,2091.36
PARAM-LOT-02,W04,8,-10,1,10,3.87,1.82,2102.2
PARAM-LOT-02,W04,8,-9,1,10,3.88,1.82,2118.23
PARAM-LOT-02,W04,8,-8,1,10,2.84,1.84,2140.33
PARAM-LOT-02,W04,8,-7,1,10,2.73,1.85,2064.46
PARAM-LOT-02,W04,8,-6,1,10,3.18,1.82,2096.86
PARAM-LOT-02,W04,8,-5,1,10,2.47,1.85,2097.9
PARAM-LOT-02,W04,8,-4,1,10,2.77,1.86,2114.47
PARAM-LOT-02,W04,8,-3,1,10,2.93,1.88,2132.75
PARAM-LOT-02,W04,8,-2,1,10,3.44,1.82,2071.77
PARAM-LOT-02,W04,8,-1,1,10,1.96,1.84,2098.5
PARAM-LOT-02,W04,8,0,1,10,1.96,1.78,2084.66
PARAM-LOT-02,W04,8,1,1,10,2.24,1.86,2097.51
PARAM-LOT-02,W04,8,2,1,10,2.49,1.8,2152.28
PARAM-LOT-02,W04,8,3,1,10,2.9,1.89,2133.2
PARAM-LOT-02,W04,8,4,1,10,3.8,1.82,2115.43
PARAM-LOT-02,W04,8,5,1,10,2.55,1.84,2078.77
PARAM-LOT-02,W04,8,6,1,10,3.16,1.84,2077.71
PARAM-LOT-02,W04,8,7,1,10,3.31,1.88,2094.29
PARAM-LOT-02,W04,8,8,1,10,3.15,1.83,2075.61
PARAM-LOT-02,W04,8,9,1,10,3.26,1.87,2090.91
PARAM-LOT-02,W04,8,10,1,10,3.02,1.78,2089.29
PARAM-LOT-02,W04,8,11,1,10,3.83,1.8,2119.09
PARAM-LOT-02,W04,8,12,1,10,2.87,1.81,2122.89
PARAM-LOT-02,W04,8,13,1,10,3.44,1.81,2128.16
PARAM-LOT-02,W04,8,14,1,10,3.64,1.86,2105.66
PARAM-LOT-02,W04,8,15,1,10,4.57,1.82,2082.95
PARAM-LOT-02,W04,8,16,2,21,5.13,1.83,2125.12
PARAM-LOT-02,W04,8,17,1,10,3.84,1.84,2054.23
PARAM-LOT-02,W04,9,-17,1,10,4.17,1.85,2059.74
PARAM-LOT-02,W04,9,-16,1,10,3.87,1.83,2087.34
PARAM-LOT-02,W04,9,-15,1,10,3.97,1.82,2090.65
PARAM-LOT-02,W04,9,-14,1,10,3.56,1.82,2148.07
PARAM-LOT-02,W04,9,-13,1,10,4.61,1.79,2056.77
PARAM-LOT-02,W04,9,-12,1,10,4.13,1.79,2076.21
PARAM-LOT-02,W04,9,-11,1,10,2.74,1.86,2145.5
PARAM-LOT-02,W04,9,-10,1,10,2.05,1.85,2111.66
PARAM-LOT-02,W04,9,-9,1,10,3.43,1.87,2105.2
PARAM-LOT-02,W04,9,-8,1,10,3.6,1.83,2102.98
PARAM-LOT-02,W04,9,-7,1,10,2.57,1.85,2096.76
PARAM-LOT-02,W04,9,-6,1,10,2.98,1.86,2089.55
PARAM-LOT-02,W04,9,-5,1,10,2.92,1.84,2105.57
PARAM-LOT-02,W04,9,-4,1,10,2.88,1.83,2073.09
PARAM-LOT-02,W04,9,-3,1,10,2.71,1.83,2108.65
PARAM-LOT-02,W04,9,-2,1,10,2.45,1.85,2076.69
PARAM-LOT-02,W04,9,-1,1,10,2.55,1.86,2102.12
PARAM-LOT-02,W04,9,0,1,10,2.52,1.85,2158.2
PARAM-LOT-02,W04,9,1,1,10,2.95,1.81,2089.47
PARAM-LOT-02,W04,9,2,1,10,2.44,1.86,2107.17
PARAM-LOT-02,W04,9,3,1,10,3.36,1.9,2080.59
PARAM-LOT-02,W04,9,4,1,10,3,1.86,2101.74
PARAM-LOT-02,W04,9,5,1,10,2.3,1.85,2094.95
PARAM-LOT-02,W04,9,6,1,10,2.65,1.81,2143.75
PARAM-LOT-02,W04,9,7,1,10,2.49,1.84,2073.89
PARAM-LOT-02,W04,9,8,1,10,3.37,1.88,2089.62
PARAM-LOT-02,W04,9,9,1,10,4.12,1.87,2101.43
PARAM-LOT-02,W04,9,10,1,10,3.12,1.86,2099.03
PARAM-LOT-02,W04,9,11,1,10,3.81,1.83,2092.66
PARAM-LOT-02,W04,9,12,1,10,2.84,1.87,2108.45
PARAM-LOT-02,W04,9,13,1,10,3.35,1.86,2119.07
PARAM-LOT-02,W04,9,14,1,10,3.53,1.81,2132.05
PARAM-LOT-02,W04,9,15,1,10,3.44,1.84,2112.96
PARAM-LOT-02,W04,9,16,1,10,3.93,1.82,2118.46
PARAM-LOT-02,W04,9,17,1,10,4.94,1.83,2118.96
PARAM-LOT-02,W04,10,-16,1,10,3.91,1.81,2065.3
PARAM-LOT-02,W04,10,-15,1,10,3.36,1.83,2070.42
PARAM-LOT-02,W04,10,-14,1,10,4.08,1.85,2116.45
PARAM-LOT-02,W04,10,-13,1,10,3.4,1.89,2098.94
PARAM-LOT-02,W04,10,-12,1,10,3.73,1.82,2090.92
PARAM-LOT-02,W04,10,-11,1,10,3.46,1.81,2096.07
PARAM-LOT-02,W04,10,-10,1,10,4.54,1.88,2094.76
PARAM-LOT-02,W04,10,-9,1,10,3.4,1.86,2110.63
PARAM-LOT-02,W04,10,-8,1,10,2.5,1.81,2092.52
PARAM-LOT-02,W04,10,-7,1,10,2.53,1.84,2055.69
PARAM-LOT-02,W04,10,-6,1,10,3.9,1.88,2079.05
PARAM-LOT-02,W04,10,-5,1,10,3.24,1.89,2117.81
PARAM-LOT-02,W04,10,-4,1,10,1.88,1.85,2114.91
PARAM-LOT-02,W04,10,-3,1,10,3.01,1.84,2128.03
PARAM-LOT-02,W04,10,-2,1,10,2.72,1.87,2097.68
PARAM-LOT-02,W04,10,-1,1,10,2.63,1.86,2077.1
PARAM-LOT-02,W04,10,0,1,10,2.51,1.85,2088.86
PARAM-LOT-02,W04,10,1,1,10,3.39,1.87,2126.3
PARAM-LOT-02,W04,10,2,1,10,3.97,1.82,2096.68
PARAM-LOT-02,W04,10,3,1,10,2.82,1.85,2116.72
PARAM-LOT-02,W04,10,4,1,10,3.75,1.87,2125.85
PARAM-LOT-02,W04,10,5,1,10,2.62,1.89,2084.42
PARAM-LOT-02,W04,10,6,1,10,2.72,1.87,2133.38
PARAM-LOT-02,W04,10,7,1,10,2.81,1.87,2112.08
PARAM-LOT-02,W04,10,8,1,10,3.79,1.88,2064.77
PARAM-LOT-02,W04,10,9,1,10,4.1,1.83,2111.83
PARAM-LOT-02,W04,10,10,1,10,3.9,1.85,2125.72
PARAM-LOT-02,W04,10,11,1,10,3.9,1.87,2111.25
PARAM-LOT-02,W04,10,12,1,10,2.6,1.79,2094.34
PARAM-LOT-02,W04,10,13,1,10,2.74,1.85,2089.52
PARAM-LOT-02,W04,10,14,1,10,3.83,1.87,2081.75
PARAM-LOT-02,W04,10,15,2,21,5.55,1.81,2108.04
PARAM-LOT-02,W04,10,16,1,10,3.8,1.87,2087.54
PARAM-LOT-02,W04,11,-15,1,10,3.52,1.85,2097.03
PARAM-LOT-02,W04,11,-14,2,21,5.32,1.82,2104.9
PARAM-LOT-02,W04,11,-13,1,10,3.28,1.84,2103.54
PARAM-LOT-02,W04,11,-12,1,10,3.63,1.85,2091
PARAM-LOT-02,W04,11,-11,1,10,3.37,1.83,2110.21
PARAM-LOT-02,W04,11,-10,1,10,3.31,1.83,2133.18
PARAM-LOT-02,W04,11,-9,1,10,4.12,1.9,2088.79
PARAM-LOT-02,W04,11,-8,1,10,3.73,1.85,2083.83
PARAM-LOT-02,W04,11,-7,1,10,3.19,1.88,2100.39
PARAM-LOT-02,W04,11,-6,1,10,3.26,1.84,2091.72
PARAM-LOT-02,W04,11,-5,1,10,3.2,1.89,2107.92
PARAM-LOT-02,W04,11,-4,1,10,2.67,1.85,2133.17
PARAM-LOT-02,W04,11,-3,1,10,2.5,1.89,2072.72
PARAM-LOT-02,W04,11,-2,1,10,3.04,1.78,2081.21
PARAM-LOT-02,W04,11,-1,1,10,2.96,1.8,2108.8
PARAM-LOT-02,W04,11,0,1,10,2.92,1.86,2090.95
PARAM-LOT-02,W04,11,1,1,10,3.63,1.9,2106.47
PARAM-LOT-02,W04,11,2,1,10,2.63,1.85,2081.33
PARAM-LOT-02,W04,11,3,1,10,3.67,1.91,2119.69
PARAM-LOT-02,W04,11,4,1,10,2.47,1.83,2103.6
PARAM-LOT-02,W04,11,5,1,10,2.82,1.83,2135.09
PARAM-LOT-02,W04,11,6,1,10,3.08,1.89,2068.35
PARAM-LOT-02,W04,11,7,1,10,3.51,1.84,2063.25
PARAM-LOT-02,W04,11,8,1,10,3.27,1.83,2086.25
PARAM-LOT-02,W04,11,9,1,10,2.73,1.84,2088.63
PARAM-LOT-02,W04,11,10,1,10,3.75,1.85,2067.08
PARAM-LOT-02,W04,11,11,1,10,2.88,1.85,2077.65
PARAM-LOT-02,W04,11,12,1,10,2.97,1.84,2098.65
PARAM-LOT-02,W04,11,13,1,10,4.19,1.83,2132.76
PARAM-LOT-02,W04,11,14,1,10,4.23,1.82,2111.08
PARAM-LOT-02,W04,11,15,2,21,5.35,1.87,2056.2
PARAM-LOT-02,W04,12,-15,1,10,3.79,1.88,2107.95
PARAM-LOT-02,W04,12,-14,1,10,3.7,1.85,2112.67
PARAM-LOT-02,W04,12,-13,2,21,5.07,1.87,2074.93
PARAM-LOT-02,W04,12,-12,1,10,3.38,1.84,2081.97
PARAM-LOT-02,W04,12,-11,1,10,3.18,1.92,2121.99
PARAM-LOT-02,W04,12,-10,2,21,5.65,1.88,2082.32
PARAM-LOT-02,W04,12,-9,1,10,4.15,1.9,2102.81
PARAM-LOT-02,W04,12,-8,1,10,3.59,1.84,2110.08
PARAM-LOT-02,W04,12,-7,1,10,3.73,1.85,2110.69
PARAM-LOT-02,W04,12,-6,1,10,3.5,1.85,2106.47
PARAM-LOT-02,W04,12,-5,2,21,5.12,1.84,2104.42
PARAM-LOT-02,W04,12,-4,1,10,4.5,1.89,2092.02
PARAM-LOT-02,W04,12,-3,1,10,3.59,1.84,2094.47
PARAM-LOT-02,W04,12,-2,1,10,2.57,1.91,2090.68
PARAM-LOT-02,W04,12,-1,1,10,2.92,1.84,2148.17
PARAM-LOT-02,W04,12,0,1,10,3.21,1.9,2078.7
PARAM-LOT-02,W04,12,1,1,10,2.98,1.85,2097.52
PARAM-LOT-02,W04,12,2,1,10,2.7,1.9,2116.09
PARAM-LOT-02,W04,12,3,1,10,3.45,1.9,2128.98
PARAM-LOT-02,W04,12,4,1,10,3.73,1.83,2111.09
PARAM-LOT-02,W04,12,5,1,10,3.02,1.86,2090.32
PARAM-LOT-02,W04,12,6,1,10,3.93,1.93,2033.56
PARAM-LOT-02,W04,12,7,1,10,3.32,1.88,2077.66
PARAM-LOT-02,W04,12,8,1,10,4.25,1.84,2073.04
PARAM-LOT-02,W04,12,9,1,10,3.34,1.87,2065.55
PARAM-LOT-02,W04,12,10,1,10,3.01,1.91,2081.9
PARAM-LOT-02,W04,12,11,1,10,3.73,1.84,2090.96
PARAM-LOT-02,W04,12,12,1,10,3.31,1.88,2079.44
PARAM-LOT-02,W04,12,13,1,10,3.63,1.85,2101.84
PARAM-LOT-02,W04,12,14,1,10,3.45,1.84,2112.97
PARAM-LOT-02,W04,12,15,1,10,4.47,1.88,2100.51
PARAM-LOT-02,W04,13,-14,1,10,4.39,1.84,2060.23
PARAM-LOT-02,W04,13,-13,1,10,2.66,1.88,2109.64
PARAM-LOT-02,W04,13,-12,1,10,3.14,1.88,2142.06
PARAM-LOT-02,W04,13,-11,1,10,2.7,1.88,2092.57
PARAM-LOT-02,W04,13,-10,1,10,4.07,1.86,2111.94
PARAM-LOT-02,W04,13,-9,1,10,3.75,1.87,2103.25
PARAM-LOT-02,W04,13,-8,1,10,3.04,1.88,2130.72
PARAM-LOT-02,W04,13,-7,1,10,2.51,1.88,2152.69
PARAM-LOT-02,W04,13,-6,1,10,2.6,1.85,2068.92
PARAM-LOT-02,W04,13,-5,1,10,2.93,1.86,2117.71
PARAM-LOT-02,W04,13,-4,1,10,3.8,1.85,2139.82
PARAM-LOT-02,W04,13,-3,1,10,2.82,1.86,2127.08
PARAM-LOT-02,W04,13,-2,1,10,2.47,1.83,2081.33
PARAM-LOT-02,W04,13,-1,1,10,2.91,1.85,2102.43
PARAM-LOT-02,W04,13,0,1,10,2.53,1.86,2109
PARAM-LOT-02,W04,13,1,1,10,3.29,1.82,2096.5
PARAM-LOT-02,W04,13,2,1,10,2.8,1.9,2092.29
PARAM-LOT-02,W04,13,3,1,10,2.1,1.85,2113.88
PARAM-LOT-02,W04,13,4,1,10,3.53,1.85,2092.87
PARAM-LOT-02,W04,13,5,1,10,4.07,1.88,2086.47
PARAM-LOT-02,W04,13,6,1,10,2.89,1.86,2128.78
PARAM-LOT-02,W04,13,7,1,10,3.04,1.87,2116.42
PARAM-LOT-02,W04,13,8,2,21,5.38,1.88,2120.25
PARAM-LOT-02,W04,13,9,1,10,3.67,1.84,2108.26
PARAM-LOT-02,W04,13,10,1,10,4.36,1.86,2120.46
PARAM-LOT-02,W04,13,11,1,10,3.41,1.88,2106.97
PARAM-LOT-02,W04,13,12,1,10,3.6,1.92,2116.43
PARAM-LOT-02,W04,13,13,1,10,4.03,1.86,2116.14
PARAM-LOT-02,W04,13,14,2,21,5.24,1.83,2088.75
PARAM-LOT-02,W04,14,-13,1,10,3.83,1.88,2104.92
PARAM-LOT-02,W04,14,-12,1,10,3.37,1.89,2110.88
PARAM-LOT-02,W04,14,-11,1,10,3.2,1.9,2117.7
PARAM-LOT-02,W04,14,-10,1,10,2.92,1.9,2100.5
PARAM-LOT-02,W04,14,-9,1,10,3.97,1.89,2119.26
PARAM-LOT-02,W04,14,-8,1,10,3.85,1.86,2054.17
PARAM-LOT-02,W04,14,-7,1,10,3.15,1.84,2101.01
PARAM-LOT-02,W04,14,-6,1,10,2.68,1.89,2138.04
PARAM-LOT-02,W04,14,-5,1,10,2.76,1.84,2093.32
PARAM-LOT-02,W04,14,-4,1,10,3.24,1.85,2078.09
PARAM-LOT-02,W04,14,-3,1,10,3.29,1.87,2047.68
PARAM-LOT-02,W04,14,-2,1,10,3.71,1.86,2057.09
PARAM-LOT-02,W04,14,-1,1,10,3.38,1.89,2104.06
PARAM-LOT-02,W04,14,0,1,10,3.19,1.83,2170.2
PARAM-LOT-02,W04,14,1,1,10,3.02,1.87,2114.81
PARAM-LOT-02,W04,14,2,1,10,3.13,1.88,2114.14
PARAM-LOT-02,W04,14,3,1,10,3.32,1.87,2078.66
PARAM-LOT-02,W04,14,4,1,10,3.25,1.91,2087.45
PARAM-LOT-02,W04,14,5,1,10,2.15,1.86,2088.85
PARAM-LOT-02,W04,14,6,1,10,4.1,1.86,2128.58
PARAM-LOT-02,W04,14,7,1,10,4.36,1.88,2103.37
PARAM-LOT-02,W04,14,8,1,10,4.53,1.87,2038.82
PARAM-LOT-02,W04,14,9,1,10,2.8,1.9,2091.69
PARAM-LOT-02,W04,14,10,1,10,3.65,1.85,2098.67
PARAM-LOT-02,W04,14,11,1,10,2.76,1.86,2084.85
PARAM-LOT-02,W04,14,12,1,10,4.38,1.9,2093.06
PARAM-LOT-02,W04,14,13,2,21,5.25,1.88,2099.17
PARAM-LOT-02,W04,15,-12,1,10,4.52,1.86,2114.31
PARAM-LOT-02,W04,15,-11,2,21,5.04,1.84,2112.99
PARAM-LOT-02,W04,15,-10,1,10,3.98,1.87,2061.29
PARAM-LOT-02,W04,15,-9,1,10,3.66,1.9,2133.55
PARAM-LOT-02,W04,15,-8,1,10,3.43,1.88,2078.14
PARAM-LOT-02,W04,15,-7,1,10,4.38,1.88,2120.39
PARAM-LOT-02,W04,15,-6,1,10,4.97,1.88,2072.72
PARAM-LOT-02,W04,15,-5,1,10,4.6,1.85,2118.78
PARAM-LOT-02,W04,15,-4,1,10,2.84,1.92,2130.64
PARAM-LOT-02,W04,15,-3,1,10,3.37,1.89,2096.36
PARAM-LOT-02,W04,15,-2,1,10,4.24,1.89,2095.8
PARAM-LOT-02,W04,15,-1,1,10,3.31,1.91,2101.5
PARAM-LOT-02,W04,15,0,1,10,2.85,1.82,2094.3
PARAM-LOT-02,W04,15,1,1,10,4.37,1.91,2096.27
PARAM-LOT-02,W04,15,2,1,10,2.66,1.85,2085.34
PARAM-LOT-02,W04,15,3,1,10,2.62,1.87,2118.91
PARAM-LOT-02,W04,15,4,1,10,4.13,1.83,2104.9
PARAM-LOT-02,W04,15,5,1,10,3.96,1.89,2117.13
PARAM-LOT-02,W04,15,6,1,10,3.5,1.9,2068.99
PARAM-LOT-02,W04,15,7,1,10,4.17,1.9,2118.04
PARAM-LOT-02,W04,15,8,1,10,3.75,1.8,2129.87
PARAM-LOT-02,W04,15,9,1,10,3.34,1.82,2118.75
PARAM-LOT-02,W04,15,10,1,10,4.44,1.87,2100.39
PARAM-LOT-02,W04,15,11,1,10,3.19,1.83,2109.13
PARAM-LOT-02,W04,15,12,1,10,3.65,1.88,2131.68
PARAM-LOT-02,W04,16,-10,2,21,5.52,1.86,2149.74
PARAM-LOT-02,W04,16,-9,1,10,3.54,1.86,2121.47
PARAM-LOT-02,W04,16,-8,1,10,3.94,1.91,2146.59
PARAM-LOT-02,W04,16,-7,1,10,3.01,1.87,2086.51
PARAM-LOT-02,W04,16,-6,2,21,5.63,1.91,2115.91
PARAM-LOT-02,W04,16,-5,1,10,3.72,1.84,2081.32
PARAM-LOT-02,W04,16,-4,1,10,3.05,1.88,2099.55
PARAM-LOT-02,W04,16,-3,1,10,3.46,1.85,2080.43
PARAM-LOT-02,W04,16,-2,1,10,4.47,1.91,2138.43
PARAM-LOT-02,W04,16,-1,1,10,3.87,1.89,2136.83
PARAM-LOT-02,W04,16,0,1,10,3.4,1.89,2128.27
PARAM-LOT-02,W04,16,1,1,10,4.4,1.86,2084.93
PARAM-LOT-02,W04,16,2,1,10,2.52,1.91,2123.2
PARAM-LOT-02,W04,16,3,1,10,4.19,1.85,2038.65
PARAM-LOT-02,W04,16,4,1,10,3.38,1.91,2120.57
PARAM-LOT-02,W04,16,5,1,10,3.31,1.87,2102.12
PARAM-LOT-02,W04,16,6,1,10,2.61,1.89,2127.12
PARAM-LOT-02,W04,16,7,1,10,2.72,1.89,2090.77
PARAM-LOT-02,W04,16,8,1,10,2.77,1.87,2093.45
PARAM-LOT-02,W04,16,9,1,10,4.25,1.88,2120.76
PARAM-LOT-02,W04,16,10,1,10,4.19,1.87,2118.19
PARAM-LOT-02,W04,17,-9,1,10,3.9,1.87,2084.47
PARAM-LOT-02,W04,17,-8,1,10,2.97,1.92,2079.27
PARAM-LOT-02,W04,17,-7,1,10,3.97,1.88,2153.6
PARAM-LOT-02,W04,17,-6,2,21,5.42,1.83,2080.48
PARAM-LOT-02,W04,17,-5,1,10,3.32,1.88,2101.03
PARAM-LOT-02,W04,17,-4,1,10,4.56,1.84,2132.15
PARAM-LOT-02,W04,17,-3,2,21,5.01,1.83,2083.45
PARAM-LOT-02,W04,17,-2,1,10,3.81,1.89,2109.89
PARAM-LOT-02,W04,17,-1,1,10,3.82,1.88,2126.96
PARAM-LOT-02,W04,17,0,1,10,3.59,1.91,2072.52
PARAM-LOT-02,W04,17,1,1,10,4.05,1.87,2118.16
PARAM-LOT-02,W04,17,2,1,10,2.59,1.84,2067.14
PARAM-LOT-02,W04,17,3,1,10,3.43,1.85,2093.89
PARAM-LOT-02,W04,17,4,1,10,3.73,1.93,2072.35
PARAM-LOT-02,W04,17,5,1,10,3.43,1.93,2076.77
PARAM-LOT-02,W04,17,6,1,10,3.36,1.88,2145.8
PARAM-LOT-02,W04,17,7,1,10,3.71,1.89,2121.31
PARAM-LOT-02,W04,17,8,1,10,4.83,1.9,2125.24
PARAM-LOT-02,W04,17,9,1,10,3.49,1.87,2081.64
PARAM-LOT-02,W04,18,-6,1,10,2.76,1.93,2108.33
PARAM-LOT-02,W04,18,-5,1,10,3.53,1.9,2119.18
PARAM-LOT-02,W04,18,-4,1,10,2.77,1.87,2117.76
PARAM-LOT-02,W04,18,-3,1,10,3.71,1.87,2106.39
PARAM-LOT-02,W04,18,-2,1,10,4.37,1.89,2067.98
PARAM-LOT-02,W04,18,-1,1,10,4.65,1.86,2082.82
PARAM-LOT-02,W04,18,0,1,10,3.08,1.88,2095.3
PARAM-LOT-02,W04,18,1,1,10,3.2,1.91,2041.69
PARAM-LOT-02,W04,18,2,1,10,3.66,1.87,2112.58
PARAM-LOT-02,W04,18,3,1,10,3.64,1.85,2089.49
PARAM-LOT-02,W04,18,4,1,10,4.04,1.93,2096.64
PARAM-LOT-02,W04,18,5,1,10,4.38,1.87,2128.64
PARAM-LOT-02,W04,18,6,1,10,4.12,1.84,2098.93
PARAM-LOT-02,W04,19,-3,1,10,4.4,1.92,2088.61
PARAM-LOT-02,W04,19,-2,1,10,3.61,1.89,2129.92
PARAM-LOT-02,W04,19,-1,1,10,3.67,1.92,2128.37
PARAM-LOT-02,W04,19,0,1,10,4.62,1.89,2058.52
PARAM-LOT-02,W04,19,1,1,10,3.13,1.92,2107.94
PARAM-LOT-02,W04,19,2,1,10,3.6,1.89,2115.07
PARAM-LOT-02,W04,19,3,2,21,5.09,1.88,2060.22
PARAM-LOT-02,W05,-19,-3,2,21,5.18,1.67,2097.26
PARAM-LOT-02,W05,-19,-2,1,10,4.36,1.66,2158.15
PARAM-LOT-02,W05,-19,-1,1,10,4.2,1.65,2130.37
PARAM-LOT-02,W05,-19,0,1,10,4.25,1.71,2094.71
PARAM-LOT-02,W05,-19,1,1,10,4.62,1.65,2112.4
PARAM-LOT-02,W05,-19,2,2,21,6.21,1.72,2110.16
PARAM-LOT-02,W05,-19,3,1,10,4.1,1.69,2143.58
PARAM-LOT-02,W05,-18,-6,1,10,4.86,1.68,2082.42
PARAM-LOT-02,W05,-18,-5,1,10,4.22,1.74,2114.54
PARAM-LOT-02,W05,-18,-4,1,10,3.62,1.71,2090.35
PARAM-LOT-02,W05,-18,-3,1,10,4.66,1.71,2093.06
PARAM-LOT-02,W05,-18,-2,1,10,4.73,1.69,2097.82
PARAM-LOT-02,W05,-18,-1,1,10,4.35,1.74,2107.65
PARAM-LOT-02,W05,-18,0,1,10,4.84,1.7,2093.96
PARAM-LOT-02,W05,-18,1,1,10,2.84,1.74,2127.7
PARAM-LOT-02,W05,-18,2,1,10,3.56,1.73,2111.43
PARAM-LOT-02,W05,-18,3,1,10,3.79,1.66,2108.46
PARAM-LOT-02,W05,-18,4,1,10,4.62,1.74,2098.18
PARAM-LOT-02,W05,-18,5,1,10,4.41,1.71,2109.92
PARAM-LOT-02,W05,-18,6,1,10,3.46,1.74,2108.99
PARAM-LOT-02,W05,-17,-9,1,10,3.79,1.71,2103.53
PARAM-LOT-02,W05,-17,-8,1,10,4.79,1.73,2070.52
PARAM-LOT-02,W05,-17,-7,1,10,4.08,1.73,2087.85
PARAM-LOT-02,W05,-17,-6,1,10,3.7,1.72,2087.74
PARAM-LOT-02,W05,-17,-5,1,10,3.99,1.68,2070.2
PARAM-LOT-02,W05,-17,-4,1,10,4.12,1.72,2075.6
PARAM-LOT-02,W05,-17,-3,1,10,3.46,1.74,2078.07
PARAM-LOT-02,W05,-17,-2,1,10,4.41,1.71,2128.75
PARAM-LOT-02,W05,-17,-1,1,10,3.45,1.73,2102.96
PARAM-LOT-02,W05,-17,0,1,10,3.62,1.75,2098.41
PARAM-LOT-02,W05,-17,1,2,21,5.15,1.69,2123.76
PARAM-LOT-02,W05,-17,2,1,10,3.38,1.71,2094.35
PARAM-LOT-02,W05,-17,3,1,10,3.93,1.7,2131.31
PARAM-LOT-02,W05,-17,4,1,10,3.31,1.73,2068.5
PARAM-LOT-02,W05,-17,5,1,10,3.1,1.7,2076.11
PARAM-LOT-02,W05,-17,6,1,10,4.4,1.71,2065.94
PARAM-LOT-02,W05,-17,7,1,10,3.61,1.72,2100.99
PARAM-LOT-02,W05,-17,8,1,10,4.26,1.75,2150.97
PARAM-LOT-02,W05,-17,9,1,10,4.51,1.74,2106.65
PARAM-LOT-02,W05,-16,-10,1,10,4.47,1.72,2049.16
PARAM-LOT-02,W05,-16,-9,2,21,5.05,1.73,2121.51
PARAM-LOT-02,W05,-16,-8,1,10,3.63,1.71,2069.5
PARAM-LOT-02,W05,-16,-7,1,10,3.98,1.74,2143.25
PARAM-LOT-02,W05,-16,-6,1,10,4,1.67,2057.32
PARAM-LOT-02,W05,-16,-5,1,10,3.72,1.75,2056.48
PARAM-LOT-02,W05,-16,-4,1,10,3.7,1.71,2069.78
PARAM-LOT-02,W05,-16,-3,1,10,3.97,1.72,2090.87
PARAM-LOT-02,W05,-16,-2,2,21,5.28,1.71,2115.5
PARAM-LOT-02,W05,-16,-1,1,10,4.73,1.71,2122.11
PARAM-LOT-02,W05,-16,0,1,10,3.76,1.74,2158.46
PARAM-LOT-02,W05,-16,1,1,10,4.27,1.77,2053.57
PARAM-LOT-02,W05,-16,2,1,10,3.94,1.72,2106.74
PARAM-LOT-02,W05,-16,3,1,10,4.14,1.71,2089.21
PARAM-LOT-02,W05,-16,4,1,10,4.45,1.74,2138.73
PARAM-LOT-02,W05,-16,5,1,10,3.2,1.72,2119.68
PARAM-LOT-02,W05,-16,6,1,10,4.63,1.75,2142.41
PARAM-LOT-02,W05,-16,7,1,10,3.95,1.71,2083.93
PARAM-LOT-02,W05,-16,8,1,10,4.39,1.77,2084.62
PARAM-LOT-02,W05,-16,9,1,10,3.97,1.73,2070.5
PARAM-LOT-02,W05,-16,10,1,10,3.03,1.72,2109.6
PARAM-LOT-02,W05,-15,-12,1,10,2.73,1.72,2090.71
PARAM-LOT-02,W05,-15,-11,1,10,4.01,1.75,2092.28
PARAM-LOT-02,W05,-15,-10,2,21,5.53,1.77,2094.54
PARAM-LOT-02,W05,-15,-9,2,21,5.15,1.73,2123.66
PARAM-LOT-02,W05,-15,-8,1,10,4.77,1.71,2104.22
PARAM-LOT-02,W05,-15,-7,1,10,4.03,1.77,2071.55
PARAM-LOT-02,W05,-15,-6,1,10,4.92,1.78,2145.92
PARAM-LOT-02,W05,-15,-5,1,10,3.77,1.72,2112.81
PARAM-LOT-02,W05,-15,-4,2,21,5.79,1.74,2125.78
PARAM-LOT-02,W05,-15,-3,1,10,3.65,1.72,2110.71
PARAM-LOT-02,W05,-15,-2,1,10,3.11,1.74,2102.3
PARAM-LOT-02,W05,-15,-1,1,10,4.05,1.73,2107.85
PARAM-LOT-02,W05,-15,0,1,10,2.51,1.74,2098.25
PARAM-LOT-02,W05,-15,1,1,10,4.8,1.73,2112.03
PARAM-LOT-02,W05,-15,2,1,10,3.06,1.77,2071.46
PARAM-LOT-02,W05,-15,3,1,10,4.25,1.71,2080.76
PARAM-LOT-02,W05,-15,4,1,10,3.09,1.7,2128.89
PARAM-LOT-02,W05,-15,5,1,10,4.06,1.72,2064.66
PARAM-LOT-02,W05,-15,6,1,10,3.56,1.73,2115.97
PARAM-LOT-02,W05,-15,7,1,10,4.01,1.76,2101.31
PARAM-LOT-02,W05,-15,8,1,10,4.27,1.73,2074.96
PARAM-LOT-02,W05,-15,9,1,10,3.24,1.74,2120.34
PARAM-LOT-02,W05,-15,10,1,10,4.69,1.72,2107.09
PARAM-LOT-02,W05,-15,11,2,21,5.66,1.68,2115.56
PARAM-LOT-02,W05,-15,12,1,10,3.71,1.64,2115.75
PARAM-LOT-02,W05,-14,-13,1,10,4.26,1.75,2108.99
PARAM-LOT-02,W05,-14,-12,1,10,3.49,1.74,2057.15
PARAM-LOT-02,W05,-14,-11,1,10,3.6,1.76,2055.11
PARAM-LOT-02,W05,-14,-10,1,10,2.97,1.75,2085.78
PARAM-LOT-02,W05,-14,-9,2,21,5.28,1.73,2116.45
PARAM-LOT-02,W05,-14,-8,1,10,3.07,1.75,2063.56
PARAM-LOT-02,W05,-14,-7,2,21,5.11,1.75,2123.06
PARAM-LOT-02,W05,-14,-6,1,10,3.01,1.71,2044.15
PARAM-LOT-02,W05,-14,-5,1,10,4.38,1.66,2080.3
PARAM-LOT-02,W05,-14,-4,1,10,2.23,1.72,2157.67
PARAM-LOT-02,W05,-14,-3,1,10,4.01,1.78,2082.77
PARAM-LOT-02,W05,-14,-2,2,21,5.55,1.72,2096.31
PARAM-LOT-02,W05,-14,-1,2,21,5.6,1.71,2136.4
PARAM-LOT-02,W05,-14,0,1,10,3.43,1.74,2092.68
PARAM-LOT-02,W05,-14,1,1,10,3.69,1.76,2095.26
PARAM-LOT-02,W05,-14,2,1,10,3.68,1.69,2113.71
PARAM-LOT-02,W05,-14,3,1,10,3.73,1.75,2076.39
PARAM-LOT-02,W05,-14,4,1,10,3.69,1.73,2148.69
PARAM-LOT-02,W05,-14,5,1,10,3.29,1.69,2078.85
PARAM-LOT-02,W05,-14,6,1,10,3.81,1.72,2108.4
PARAM-LOT-02,W05,-14,7,1,10,3.5,1.72,2097.26
PARAM-LOT-02,W05,-14,8,1,10,3.66,1.75,2085.22
PARAM-LOT-02,W05,-14,9,1,10,3.11,1.72,2072.77
PARAM-LOT-02,W05,-14,10,2,21,5.18,1.77,2125.07
PARAM-LOT-02,W05,-14,11,1,10,3.9,1.73,2075.88
PARAM-LOT-02,W05,-14,12,2,21,5.46,1.73,2099.16
PARAM-LOT-02,W05,-14,13,1,10,4,1.74,2067.32
PARAM-LOT-02,W05,-13,-14,1,10,4.13,1.72,2101.65
PARAM-LOT-02,W05,-13,-13,1,10,4.14,1.75,2107.88
PARAM-LOT-02,W05,-13,-12,1,10,4.29,1.73,2075.01
PARAM-LOT-02,W05,-13,-11,1,10,4.87,1.75,2044.78
PARAM-LOT-02,W05,-13,-10,1,10,3.8,1.78,2091.02
PARAM-LOT-02,W05,-13,-9,1,10,3.99,1.73,2132.27
PARAM-LOT-02,W05,-13,-8,1,10,4.89,1.75,2144.6
PARAM-LOT-02,W05,-13,-7,2,21,5.18,1.75,2096.2
PARAM-LOT-02,W05,-13,-6,1,10,2.71,1.75,2071.8
PARAM-LOT-02,W05,-13,-5,1,10,3.55,1.69,2092.46
PARAM-LOT-02,W05,-13,-4,1,10,3.99,1.77,2080.1
PARAM-LOT-02,W05,-13,-3,1,10,2.22,1.78,2116.97
PARAM-LOT-02,W05,-13,-2,1,10,3.48,1.68,2076.86
PARAM-LOT-02,W05,-13,-1,1,10,3.99,1.74,2078.84
PARAM-LOT-02,W05,-13,0,1,10,3.3,1.78,2099.01
PARAM-LOT-02,W05,-13,1,1,10,3.54,1.75,2142.1
PARAM-LOT-02,W05,-13,2,1,10,3.33,1.69,2016.97
PARAM-LOT-02,W05,-13,3,1,10,4.57,1.76,2131.64
PARAM-LOT-02,W05,-13,4,1,10,3.68,1.7,2041.91
PARAM-LOT-02,W05,-13,5,1,10,3.09,1.74,2137.08
PARAM-LOT-02,W05,-13,6,1,10,4.89,1.71,2113.36
PARAM-LOT-02,W05,-13,7,2,21,5.17,1.76,2115.46
PARAM-LOT-02,W05,-13,8,1,10,3.69,1.73,2131.95
PARAM-LOT-02,W05,-13,9,1,10,4.16,1.74,2053.82
PARAM-LOT-02,W05,-13,10,1,10,4.73,1.73,2122.35
PARAM-LOT-02,W05,-13,11,1,10,3.38,1.74,2132.57
PARAM-LOT-02,W05,-13,12,1,10,3.79,1.73,2126.04
PARAM-LOT-02,W05,-13,13,1,10,4.72,1.74,2070.83
PARAM-LOT-02,W05,-13,14,1,10,4.56,1.73,2078.34
PARAM-LOT-02,W05,-12,-15,1,10,4.17,1.74,2066.32
PARAM-LOT-02,W05,-12,-14,1,10,4.32,1.77,2082.34
PARAM-LOT-02,W05,-12,-13,1,10,4.3,1.74,2103.85
PARAM-LOT-02,W05,-12,-12,1,10,3.66,1.75,2088.14
PARAM-LOT-02,W05,-12,-11,1,10,4.29,1.74,2061.81
PARAM-LOT-02,W05,-12,-10,1,10,3.61,1.77,2125.13
PARAM-LOT-02,W05,-12,-9,1,10,3.59,1.73,2082.78
PARAM-LOT-02,W05,-12,-8,1,10,3.27,1.76,2095.29
PARAM-LOT-02,W05,-12,-7,1,10,3.78,1.74,2084.39
PARAM-LOT-02,W05,-12,-6,1,10,2.8,1.71,2179.29
PARAM-LOT-02,W05,-12,-5,1,10,3.86,1.74,2125.14
PARAM-LOT-02,W05,-12,-4,1,10,3.43,1.76,2117.61
PARAM-LOT-02,W05,-12,-3,1,10,3.05,1.74,2075.21
PARAM-LOT-02,W05,-12,-2,1,10,3.1,1.74,2109.87
PARAM-LOT-02,W05,-12,-1,1,10,4.53,1.74,2078.99
PARAM-LOT-02,W05,-12,0,1,10,2.66,1.71,2103.24
PARAM-LOT-02,W05,-12,1,1,10,2.63,1.74,2105.53
PARAM-LOT-02,W05,-12,2,1,10,3.38,1.7,2138.21
PARAM-LOT-02,W05,-12,3,1,10,2.34,1.73,2045.75
PARAM-LOT-02,W05,-12,4,1,10,3.66,1.77,2088.34
PARAM-LOT-02,W05,-12,5,1,10,3.2,1.75,2115.87
PARAM-LOT-02,W05,-12,6,1,10,3.74,1.74,2100.41
PARAM-LOT-02,W05,-12,7,1,10,4.02,1.75,2109.54
PARAM-LOT-02,W05,-12,8,1,10,4.06,1.72,2093.17
PARAM-LOT-02,W05,-12,9,1,10,4.07,1.76,2100.51
PARAM-LOT-02,W05,-12,10,2,21,5.1,1.75,2084.58
PARAM-LOT-02,W05,-12,11,1,10,4.08,1.73,2043.93
PARAM-LOT-02,W05,-12,12,1,10,3.7,1.77,2103.58
PARAM-LOT-02,W05,-12,13,1,10,3.94,1.75,2143.01
PARAM-LOT-02,W05,-12,14,1,10,4.24,1.72,2030.28
PARAM-LOT-02,W05,-12,15,1,10,3.77,1.78,2111.91
PARAM-LOT-02,W05,-11,-15,2,21,5.39,1.72,2111.02
PARAM-LOT-02,W05,-11,-14,2,21,6.03,1.79,2094.98
PARAM-LOT-02,W05,-11,-13,1,10,3.76,1.72,2105.67
PARAM-LOT-02,W05,-11,-12,1,10,4.76,1.75,2116.85
PARAM-LOT-02,W05,-11,-11,1,10,4.28,1.75,2089.66
PARAM-LOT-02,W05,-11,-10,1,10,3.61,1.73,2097.99
PARAM-LOT-02,W05,-11,-9,1,10,3.84,1.75,2063.93
PARAM-LOT-02,W05,-11,-8,1,10,4.8,1.77,2072.78
PARAM-LOT-02,W05,-11,-7,1,10,4.06,1.73,2062.07
PARAM-LOT-02,W05,-11,-6,1,10,3.64,1.72,2105.17
PARAM-LOT-02,W05,-11,-5,1,10,3.28,1.76,2105.12
PARAM-LOT-02,W05,-11,-4,1,10,2.79,1.73,2124.43
PARAM-LOT-02,W05,-11,-3,1,10,3.09,1.78,2107.81
PARAM-LOT-02,W05,-11,-2,1,10,4.1,1.77,2073.09
PARAM-LOT-02,W05,-11,-1,1,10,2.59,1.75,2077.91
PARAM-LOT-02,W05,-11,0,1,10,2.8,1.75,2086.91
PARAM-LOT-02,W05,-11,1,1,10,3.32,1.78,2035.21
PARAM-LOT-02,W05,-11,2,1,10,3.05,1.75,2145.26
PARAM-LOT-02,W05,-11,3,1,10,4.2,1.77,2147.19
PARAM-LOT-02,W05,-11,4,1,10,3.42,1.73,2135.11
PARAM-LOT-02,W05,-11,5,1,10,2.59,1.73,2110.19
PARAM-LOT-02,W05,-11,6,1,10,4.43,1.71,2093.6
PARAM-LOT-02,W05,-11,7,1,10,3.09,1.75,2081.49
PARAM-LOT-02,W05,-11,8,1,10,3.6,1.75,2129.52
PARAM-LOT-02,W05,-11,9,1,10,3.15,1.75,2071.48
PARAM-LOT-02,W05,-11,10,1,10,3.57,1.75,2093.49
PARAM-LOT-02,W05,-11,11,1,10,4.41,1.77,2098.42
PARAM-LOT-02,W05,-11,12,1,10,2.93,1.77,2121.83
PARAM-LOT-02,W05,-11,13,1,10,4.68,1.76,2094.93
PARAM-LOT-02,W05,-11,14,1,10,3.36,1.73,2087.02
PARAM-LOT-02,W05,-11,15,1,10,4.79,1.76,2082.67
PARAM-LOT-02,W05,-10,-16,1,10,3.68,1.78,2073.67
PARAM-LOT-02,W05,-10,-15,1,10,3.42,1.74,2110.43
PARAM-LOT-02,W05,-10,-14,1,10,4.28,1.77,2103.17
PARAM-LOT-02,W05,-10,-13,1,10,3.07,1.72,2150.41
PARAM-LOT-02,W05,-10,-12,1,10,4.02,1.77,2101.03
PARAM-LOT-02,W05,-10,-11,1,10,3.68,1.76,2112.39
PARAM-LOT-02,W05,-10,-10,1,10,4.05,1.72,2090.96
PARAM-LOT-02,W05,-10,-9,1,10,4.11,1.74,2096.09
PARAM-LOT-02,W05,-10,-8,1,10,3.28,1.75,2068.41
PARAM-LOT-02,W05,-10,-7,1,10,4.69,1.75,2083.68
PARAM-LOT-02,W05,-10,-6,1,10,4.02,1.74,2106.11
PARAM-LOT-02,W05,-10,-5,1,10,2.89,1.78,2111.33
PARAM-LOT-02,W05,-10,-4,1,10,2.92,1.69,2088.42
PARAM-LOT-02,W05,-10,-3,1,10,3.67,1.76,2099.15
PARAM-LOT-02,W05,-10,-2,1,10,3.26,1.75,2111.87
PARAM-LOT-02,W05,-10,-1,1,10,3.12,1.73,2099.75
PARAM-LOT-02,W05,-10,0,1,10,2.77,1.76,2053.13
PARAM-LOT-02,W05,-10,1,1,10,3.15,1.77,2091.27
PARAM-LOT-02,W05,-10,2,1,10,3.07,1.76,2106.74
PARAM-LOT-02,W05,-10,3,1,10,3.02,1.74,2127.75
PARAM-LOT-02,W05,-10,4,1,10,2.93,1.77,2078.19
PARAM-LOT-02,W05,-10,5,1,10,2.87,1.77,2072.04
PARAM-LOT-02,W05,-10,6,1,10,2.47,1.76,2119.88
PARAM-LOT-02,W05,-10,7,1,10,3.28,1.74,2092.06
PARAM-LOT-02,W05,-10,8,1,10,3.74,1.74,2120.49
PARAM-LOT-02,W05,-10,9,1,10,4.13,1.8,2104.58
PARAM-LOT-02,W05,-10,10,1,10,3.56,1.78,2091.94
PARAM-LOT-02,W05,-10,11,1,10,3.37,1.79,2096.67
PARAM-LOT-02,W05,-10,12,1,10,2.45,1.83,2101.05
PARAM-LOT-02,W05,-10,13,1,10,4.44,1.77,2090.09
PARAM-LOT-02,W05,-10,14,1,10,2.99,1.73,2107.33
PARAM-LOT-02,W05,-10,15,1,10,3.58,1.75,2094.82
PARAM-LOT-02,W05,-10,16,1,10,4.35,1.75,2137.84
PARAM-LOT-02,W05,-9,-17,1,10,4.04,1.77,2095.78
PARAM-LOT-02,W05,-9,-16,1,10,4.04,1.76,2133.39
PARAM-LOT-02,W05,-9,-15,1,10,2.93,1.79,2106.3
PARAM-LOT-02,W05,-9,-14,1,10,3.14,1.77,2112.6
PARAM-LOT-02,W05,-9,-13,1,10,2.81,1.75,2086.84
PARAM-LOT-02,W05,-9,-12,2,21,5.05,1.79,2094.46
PARAM-LOT-02,W05,-9,-11,1,10,3.12,1.78,2129.19
PARAM-LOT-02,W05,-9,-10,1,10,3.16,1.78,2063.01
PARAM-LOT-02,W05,-9,-9,1,10,4.24,1.78,2104.24
PARAM-LOT-02,W05,-9,-8,1,10,2.73,1.73,2097.96
PARAM-LOT-02,W05,-9,-7,1,10,3.38,1.77,2086.67
PARAM-LOT-02,W05,-9,-6,1,10,3.17,1.77,2086.57
PARAM-LOT-02,W05,-9,-5,1,10,3.44,1.75,2127.89
PARAM-LOT-02,W05,-9,-4,1,10,2.84,1.77,2068.48
PARAM-LOT-02,W05,-9,-3,1,10,2.4,1.78,2163.51
PARAM-LOT-02,W05,-9,-2,1,10,2.81,1.78,2073.63
PARAM-LOT-02,W05,-9,-1,1,10,3.85,1.72,2152.44
PARAM-LOT-02,W05,-9,0,1,10,3.44,1.72,2104.74
PARAM-LOT-02,W05,-9,1,1,10,2.55,1.76,2096.28
PARAM-LOT-02,W05,-9,2,1,10,2.66,1.74,2138.36
PARAM-LOT-02,W05,-9,3,1,10,2.62,1.75,2176.96
PARAM-LOT-02,W05,-9,4,1,10,3.92,1.74,2086.59
PARAM-LOT-02,W05,-9,5,1,10,3.43,1.75,2072.27
PARAM-LOT-02,W05,-9,6,1,10,3.39,1.78,2104.49
PARAM-LOT-02,W05,-9,7,1,10,3.57,1.77,2105.07
PARAM-LOT-02,W05,-9,8,1,10,3.45,1.76,2091.54
PARAM-LOT-02,W05,-9,9,1,10,3.49,1.75,2055.85
PARAM-LOT-02,W05,-9,10,1,10,4.57,1.8,2098.73
PARAM-LOT-02,W05,-9,11,1,10,3.45,1.73,2141.24
PARAM-LOT-02,W05,-9,12,1,10,4.44,1.7,2070.92
PARAM-LOT-02,W05,-9,13,1,10,4.71,1.76,2109.88
PARAM-LOT-02,W05,-9,14,1,10,3.13,1.75,2167.32
PARAM-LOT-02,W05,-9,15,1,10,3.83,1.75,2078.68
PARAM-LOT-02,W05,-9,16,1,10,2.91,1.73,2120.93
PARAM-LOT-02,W05,-9,17,1,10,4.43,1.77,2139.87
PARAM-LOT-02,W05,-8,-17,1,10,4.22,1.78,2068.22
PARAM-LOT-02,W05,-8,-16,1,10,4,1.79,2101.15
PARAM-LOT-02,W05,-8,-15,1,10,4.11,1.71,2126.65
PARAM-LOT-02,W05,-8,-14,2,21,5.47,1.77,2083.01
PARAM-LOT-02,W05,-8,-13,1,10,3.65,1.74,2101.38
PARAM-LOT-02,W05,-8,-12,1,10,3.8,1.72,2102.61
PARAM-LOT-02,W05,-8,-11,1,10,3.08,1.78,2128.84
PARAM-LOT-02,W05,-8,-10,1,10,2.66,1.78,2122.87
PARAM-LOT-02,W05,-8,-9,1,10,2.65,1.72,2057.53
PARAM-LOT-02,W05,-8,-8,1,10,3.43,1.77,2150.67
PARAM-LOT-02,W05,-8,-7,1,10,3.19,1.76,2114.97
PARAM-LOT-02,W05,-8,-6,1,10,3.17,1.76,2108.09
PARAM-LOT-02,W05,-8,-5,1,10,2.51,1.78,2130.58
PARAM-LOT-02,W05,-8,-4,1,10,2.69,1.74,2076.62
PARAM-LOT-02,W05,-8,-3,1,10,2.42,1.77,2065.4
PARAM-LOT-02,W05,-8,-2,1,10,3.05,1.73,2073.33
PARAM-LOT-02,W05,-8,-1,1,10,2.35,1.72,2100.13
PARAM-LOT-02,W05,-8,0,1,10,3.62,1.69,2115.5
PARAM-LOT-02,W05,-8,1,1,10,2.68,1.77,2055.68
PARAM-LOT-02,W05,-8,2,1,10,3.18,1.74,2110.63
PARAM-LOT-02,W05,-8,3,1,10,3.63,1.78,2057.03
PARAM-LOT-02,W05,-8,4,1,10,3.02,1.75,2121.52
PARAM-LOT-02,W05,-8,5,1,10,2.62,1.76,2109.16
PARAM-LOT-02,W05,-8,6,1,10,2.48,1.77,2054.44
PARAM-LOT-02,W05,-8,7,1,10,3.38,1.75,2129.23
PARAM-LOT-02,W05,-8,8,1,10,3.03,1.74,2092.2
PARAM-LOT-02,W05,-8,9,1,10,2.95,1.77,2110.18
PARAM-LOT-02,W05,-8,10,1,10,3.06,1.72,2081.54
PARAM-LOT-02,W05,-8,11,1,10,4.39,1.78,2082.12
PARAM-LOT-02,W05,-8,12,1,10,2.96,1.75,2109.79
PARAM-LOT-02,W05,-8,13,1,10,3.54,1.78,2101.04
PARAM-LOT-02,W05,-8,14,1,10,4,1.75,2115.49
PARAM-LOT-02,W05,-8,15,1,10,2.82,1.75,2119.59
PARAM-LOT-02,W05,-8,16,1,10,4.04,1.79,2103.98
PARAM-LOT-02,W05,-8,17,1,10,3.62,1.78,2096.27
PARAM-LOT-02,W05,-7,-17,1,10,4.14,1.75,2114.64
PARAM-LOT-02,W05,-7,-16,1,10,3.47,1.78,2086.98
PARAM-LOT-02,W05,-7,-15,1,10,4.21,1.78,2074.21
PARAM-LOT-02,W05,-7,-14,1,10,3.33,1.77,2092.11
PARAM-LOT-02,W05,-7,-13,1,10,3.16,1.8,2095.87
PARAM-LOT-02,W05,-7,-12,1,10,3.27,1.81,2164.31
PARAM-LOT-02,W05,-7,-11,1,10,4.54,1.78,2074.41
PARAM-LOT-02,W05,-7,-10,1,10,3.46,1.75,2107.99
PARAM-LOT-02,W05,-7,-9,1,10,4.32,1.79,2122.9
PARAM-LOT-02,W05,-7,-8,1,10,3.5,1.73,2101.83
PARAM-LOT-02,W05,-7,-7,1,10,3.72,1.74,2137.84
PARAM-LOT-02,W05,-7,-6,1,10,3.58,1.76,2095.74
PARAM-LOT-02,W05,-7,-5,1,10,2.57,1.76,2094.11
PARAM-LOT-02,W05,-7,-4,1,10,3.18,1.78,2112.31
PARAM-LOT-02,W05,-7,-3,1,10,2.34,1.76,2111.94
PARAM-LOT-02,W05,-7,-2,1,10,3.1,1.79,2093.52
PARAM-LOT-02,W05,-7,-1,1,10,2.4,1.78,2086.04
PARAM-LOT-02,W05,-7,0,1,10,1.74,1.75,2097.03
PARAM-LOT-02,W05,-7,1,1,10,2.66,1.77,2134.26
PARAM-LOT-02,W05,-7,2,1,10,2.74,1.83,2133.35
PARAM-LOT-02,W05,-7,3,1,10,3.32,1.79,2109.91
PARAM-LOT-02,W05,-7,4,1,10,4.13,1.72,2069.33
PARAM-LOT-02,W05,-7,5,1,10,3.62,1.74,2043.05
PARAM-LOT-02,W05,-7,6,1,10,4.61,1.77,2114.9
PARAM-LOT-02,W05,-7,7,1,10,3.02,1.77,2119.94
PARAM-LOT-02,W05,-7,8,1,10,2.43,1.74,2064.32
PARAM-LOT-02,W05,-7,9,1,10,3.7,1.77,2102.75
PARAM-LOT-02,W05,-7,10,1,10,4.17,1.76,2066.76
PARAM-LOT-02,W05,-7,11,1,10,3.44,1.77,2054.41
PARAM-LOT-02,W05,-7,12,1,10,2.99,1.76,2065.66
PARAM-LOT-02,W05,-7,13,1,10,3.43,1.82,2100.71
PARAM-LOT-02,W05,-7,14,1,10,2.41,1.81,2083.04
PARAM-LOT-02,W05,-7,15,1,10,2.71,1.79,2106.99
PARAM-LOT-02,W05,-7,16,1,10,4.39,1.77,2049.43
PARAM-LOT-02,W05,-7,17,1,10,4.34,1.79,2095.57
PARAM-LOT-02,W05,-6,-18,2,21,5.05,1.74,2115.21
PARAM-LOT-02,W05,-6,-17,1,10,2.79,1.78,2076.47
PARAM-LOT-02,W05,-6,-16,1,10,3.95,1.75,2114.44
PARAM-LOT-02,W05,-6,-15,1,10,4.94,1.75,2084.23
PARAM-LOT-02,W05,-6,-14,1,10,4.16,1.77,2071.62
PARAM-LOT-02,W05,-6,-13,1,10,2.9,1.76,2140.56
PARAM-LOT-02,W05,-6,-12,1,10,4.1,1.79,2095.5
PARAM-LOT-02,W05,-6,-11,1,10,4.44,1.74,2127.55
PARAM-LOT-02,W05,-6,-10,1,10,3.79,1.79,2100.82
PARAM-LOT-02,W05,-6,-9,1,10,3.29,1.8,2082.65
PARAM-LOT-02,W05,-6,-8,1,10,3.32,1.79,2054.76
PARAM-LOT-02,W05,-6,-7,1,10,3.34,1.79,2100.49
PARAM-LOT-02,W05,-6,-6,1,10,3.59,1.78,2095.5
PARAM-LOT-02,W05,-6,-5,1,10,2.48,1.77,2105.69
PARAM-LOT-02,W05,-6,-4,1,10,3.44,1.72,2137.55
PARAM-LOT-02,W05,-6,-3,1,10,2.6,1.76,2114.55
PARAM-LOT-02,W05,-6,-2,1,10,1.91,1.78,2078.46
PARAM-LOT-02,W05,-6,-1,1,10,3.06,1.81,2105.68
PARAM-LOT-02,W05,-6,0,1,10,2.21,1.74,2112.89
PARAM-LOT-02,W05,-6,1,1,10,1.97,1.77,2072.45
PARAM-LOT-02,W05,-6,2,1,10,2.16,1.78,2114.9
PARAM-LOT-02,W05,-6,3,1,10,2.36,1.77,2040.58
PARAM-LOT-02,W05,-6,4,1,10,2.02,1.78,2059.85
PARAM-LOT-02,W05,-6,5,1,10,2.4,1.71,2059.96
PARAM-LOT-02,W05,-6,6,1,10,3.15,1.78,2114.98
PARAM-LOT-02,W05,-6,7,1,10,2.71,1.75,2158.91
PARAM-LOT-02,W05,-6,8,1,10,3.24,1.77,2064.7
PARAM-LOT-02,W05,-6,9,1,10,3.11,1.76,2093.34
PARAM-LOT-02,W05,-6,10,1,10,2.92,1.78,2115.56
PARAM-LOT-02,W05,-6,11,1,10,3.91,1.79,2092.51
PARAM-LOT-02,W05,-6,12,1,10,3.22,1.77,2077.82
PARAM-LOT-02,W05,-6,13,1,10,3.22,1.75,2089.24
PARAM-LOT-02,W05,-6,14,1,10,3.23,1.73,2082.74
PARAM-LOT-02,W05,-6,15,1,10,4.55,1.8,2100.68
PARAM-LOT-02,W05,-6,16,2,21,5.14,1.76,2122.35
PARAM-LOT-02,W05,-6,17,1,10,3.89,1.79,2086.2
PARAM-LOT-02,W05,-6,18,1,10,3.66,1.81,2093.48
PARAM-LOT-02,W05,-5,-18,1,10,3.06,1.74,2112.24
PARAM-LOT-02,W05,-5,-17,1,10,4.89,1.74,2090.17
PARAM-LOT-02,W05,-5,-16,1,10,4.16,1.78,2084.51
PARAM-LOT-02,W05,-5,-15,1,10,3.62,1.8,2123.5
PARAM-LOT-02,W05,-5,-14,1,10,4.83,1.74,2085.2
PARAM-LOT-02,W05,-5,-13,1,10,3.39,1.78,2049.86
PARAM-LOT-02,W05,-5,-12,1,10,3.91,1.79,2106.03
PARAM-LOT-02,W05,-5,-11,1,10,3.01,1.74,2105.75
PARAM-LOT-02,W05,-5,-10,1,10,2.32,1.75,2094.22
PARAM-LOT-02,W05,-5,-9,1,10,2.05,1.81,2114.4
PARAM-LOT-02,W05,-5,-8,1,10,3,1.77,2100.96
PARAM-LOT-02,W05,-5,-7,1,10,2.89,1.8,2108.22
PARAM-LOT-02,W05,-5,-6,1,10,3.57,1.75,2133.2
PARAM-LOT-02,W05,-5,-5,1,10,2,1.78,2106.14
PARAM-LOT-02,W05,-5,-4,1,10,2.47,1.75,2125.07
PARAM-LOT-02,W05,-5,-3,1,10,1.62,1.78,2108.83
PARAM-LOT-02,W05,-5,-2,1,10,3.45,1.75,2113.8
PARAM-LOT-02,W05,-5,-1,1,10,2.34,1.81,2066.82
PARAM-LOT-02,W05,-5,0,1,10,2.46,1.79,2106.23
PARAM-LOT-02,W05,-5,1,1,10,2.26,1.77,2103.46
PARAM-LOT-02,W05,-5,2,1,10,2.56,1.77,2100.21
PARAM-LOT-02,W05,-5,3,1,10,2.19,1.78,2127.2
PARAM-LOT-02,W05,-5,4,1,10,3.23,1.8,2058.38
PARAM-LOT-02,W05,-5,5,1,10,2.2,1.8,2104.81
PARAM-LOT-02,W05,-5,6,1,10,2.88,1.8,2095.47
PARAM-LOT-02,W05,-5,7,1,10,3.11,1.78,2079.08
PARAM-LOT-02,W05,-5,8,1,10,3.41,1.73,2119.24
PARAM-LOT-02,W05,-5,9,1,10,3.83,1.74,2048.97
PARAM-LOT-02,W05,-5,10,1,10,3.48,1.75,2083.22
PARAM-LOT-02,W05,-5,11,1,10,3.02,1.76,2105.86
PARAM-LOT-02,W05,-5,12,1,10,4.75,1.78,2129.5
PARAM-LOT-02,W05,-5,13,2,21,5.97,1.79,2067.93
PARAM-LOT-02,W05,-5,14,1,10,3.39,1.77,2090.05
PARAM-LOT-02,W05,-5,15,1,10,3.44,1.77,2095.21
PARAM-LOT-02,W05,-5,16,1,10,4.77,1.79,2112.13
PARAM-LOT-02,W05,-5,17,1,10,3.66,1.78,2140.98
PARAM-LOT-02,W05,-5,18,1,10,4.61,1.77,2094.05
PARAM-LOT-02,W05,-4,-18,1,10,4.05,1.77,2103.09
PARAM-LOT-02,W05,-4,-17,1,10,3.97,1.82,2117.42
PARAM-LOT-02,W05,-4,-16,1,10,3.2,1.76,2110.47
PARAM-LOT-02,W05,-4,-15,1,10,3.44,1.79,2094.13
PARAM-LOT-02,W05,-4,-14,1,10,2.87,1.82,2087.41
PARAM-LOT-02,W05,-4,-13,1,10,3.58,1.79,2103.7
PARAM-LOT-02,W05,-4,-12,1,10,3.84,1.8,2084.56
PARAM-LOT-02,W05,-4,-11,1,10,3.99,1.78,2068.58
PARAM-LOT-02,W05,-4,-10,1,10,4.12,1.76,2092.09
PARAM-LOT-02,W05,-4,-9,1,10,2.26,1.78,2142.08
PARAM-LOT-02,W05,-4,-8,1,10,3.81,1.75,2080.77
PARAM-LOT-02,W05,-4,-7,1,10,2.6,1.82,2117
PARAM-LOT-02,W05,-4,-6,1,10,2.87,1.77,2074.85
PARAM-LOT-02,W05,-4,-5,1,10,3.55,1.82,2117.82
PARAM-LOT-02,W05,-4,-4,1,10,2.02,1.76,2087
PARAM-LOT-02,W05,-4,-3,1,10,2.22,1.78,2077.05
PARAM-LOT-02,W05,-4,-2,1,10,2.44,1.79,2096.36
PARAM-LOT-02,W05,-4,-1,1,10,2.45,1.76,2134.52
PARAM-LOT-02,W05,-4,0,1,10,3.59,1.78,2067.12
PARAM-LOT-02,W05,-4,1,1,10,2.11,1.76,2114.77
PARAM-LOT-02,W05,-4,2,1,10,2.48,1.75,2103.8
PARAM-LOT-02,W05,-4,3,1,10,2.42,1.79,2133.06
PARAM-LOT-02,W05,-4,4,1,10,3.07,1.79,2129.3
PARAM-LOT-02,W05,-4,5,1,10,2.66,1.76,2070.29
PARAM-LOT-02,W05,-4,6,1,10,2.61,1.73,2082.6
PARAM-LOT-02,W05,-4,7,1,10,3.15,1.77,2067.34
PARAM-LOT-02,W05,-4,8,1,10,3.36,1.78,2149.67
PARAM-LOT-02,W05,-4,9,1,10,2.87,1.78,2082.97
PARAM-LOT-02,W05,-4,10,1,10,3.71,1.78,2074.44
PARAM-LOT-02,W05,-4,11,1,10,2.85,1.76,2162.68
PARAM-LOT-02,W05,-4,12,1,10,4.02,1.79,2086.16
PARAM-LOT-02,W05,-4,13,1,10,3.33,1.77,2140.46
PARAM-LOT-02,W05,-4,14,1,10,4.05,1.8,2155.63
PARAM-LOT-02,W05,-4,15,1,10,3.55,1.76,2085.11
PARAM-LOT-02,W05,-4,16,1,10,3.91,1.77,2118.68
PARAM-LOT-02,W05,-4,17,1,10,3.93,1.77,2079.63
PARAM-LOT-02,W05,-4,18,1,10,3.73,1.77,2128.95
PARAM-LOT-02,W05,-3,-19,2,21,5.57,1.8,2098.49
PARAM-LOT-02,W05,-3,-18,1,10,3.52,1.82,2102.3
PARAM-LOT-02,W05,-3,-17,1,10,4.07,1.76,2074.37
PARAM-LOT-02,W05,-3,-16,1,10,2.83,1.78,2090.61
PARAM-LOT-02,W05,-3,-15,1,10,3.92,1.78,2130.68
PARAM-LOT-02,W05,-3,-14,1,10,2.75,1.81,2155.85
PARAM-LOT-02,W05,-3,-13,1,10,3.39,1.76,2076.58
PARAM-LOT-02,W05,-3,-12,1,10,2.71,1.78,2110.43
PARAM-LOT-02,W05,-3,-11,1,10,3.37,1.78,2076.65
PARAM-LOT-02,W05,-3,-10,1,10,3.41,1.78,2161.25
PARAM-LOT-02,W05,-3,-9,1,10,3.07,1.82,2092.99
PARAM-LOT-02,W05,-3,-8,1,10,1.85,1.78,2071.47
PARAM-LOT-02,W05,-3,-7,1,10,3.25,1.76,2077.46
PARAM-LOT-02,W05,-3,-6,1,10,2.45,1.78,2085.4
PARAM-LOT-02,W05,-3,-5,1,10,2.07,1.8,2135.92
PARAM-LOT-02,W05,-3,-4,1,10,2.28,1.82,2098.46
PARAM-LOT-02,W05,-3,-3,1,10,1.79,1.78,2128.23
PARAM-LOT-02,W05,-3,-2,1,10,2.23,1.8,2082.06
PARAM-LOT-02,W05,-3,-1,1,10,1.85,1.78,2043.44
PARAM-LOT-02,W05,-3,0,1,10,1.98,1.75,2072.41
PARAM-LOT-02,W05,-3,1,1,10,1.98,1.79,2139.96
PARAM-LOT-02,W05,-3,2,1,10,2.03,1.8,2086.34
PARAM-LOT-02,W05,-3,3,1,10,2.39,1.75,2121.23
PARAM-LOT-02,W05,-3,4,1,10,2.51,1.78,2123.85
PARAM-LOT-02,W05,-3,5,1,10,3.6,1.75,2134.94
PARAM-LOT-02,W05,-3,6,1,10,3.64,1.77,2077.89
PARAM-LOT-02,W05,-3,7,1,10,2.85,1.75,2112.2
PARAM-LOT-02,W05,-3,8,1,10,2.59,1.73,2081.08
PARAM-LOT-02,W05,-3,9,1,10,3.47,1.77,2049.17
PARAM-LOT-02,W05,-3,10,1,10,3.72,1.79,2099.02
PARAM-LOT-02,W05,-3,11,1,10,2.97,1.76,2107.61
PARAM-LOT-02,W05,-3,12,1,10,4.28,1.75,2172.46
PARAM-LOT-02,W05,-3,13,1,10,3.77,1.8,2010.56
PARAM-LOT-02,W05,-3,14,1,10,3.41,1.79,2096.43
PARAM-LOT-02,W05,-3,15,1,10,3.63,1.8,2103.52
PARAM-LOT-02,W05,-3,16,1,10,3.12,1.79,2071.28
PARAM-LOT-02,W05,-3,17,1,10,4.7,1.79,2083.29
PARAM-LOT-02,W05,-3,18,1,10,3.3,1.81,2087.19
PARAM-LOT-02,W05,-3,19,1,10,3.88,1.8,2037.45
PARAM-LOT-02,W05,-2,-19,1,10,3.77,1.81,2082.01
PARAM-LOT-02,W05,-2,-18,1,10,4.78,1.8,2108.05
PARAM-LOT-02,W05,-2,-17,1,10,4.3,1.79,2087.44
PARAM-LOT-02,W05,-2,-16,1,10,2.78,1.82,2091.65
PARAM-LOT-02,W05,-2,-15,1,10,3.79,1.76,2121.46
PARAM-LOT-02,W05,-2,-14,1,10,4.11,1.77,2119.59
PARAM-LOT-02,W05,-2,-13,1,10,3.53,1.78,2079.73
PARAM-LOT-02,W05,-2,-12,1,10,3.32,1.81,2062.75
PARAM-LOT-02,W05,-2,-11,1,10,4.58,1.79,2069.81
PARAM-LOT-02,W05,-2,-10,1,10,3.83,1.78,2098.46
PARAM-LOT-02,W05,-2,-9,1,10,3.4,1.76,2069.02
PARAM-LOT-02,W05,-2,-8,1,10,3.22,1.79,2120.2
PARAM-LOT-02,W05,-2,-7,1,10,2.6,1.76,2086.03
PARAM-LOT-02,W05,-2,-6,1,10,2.42,1.82,2106.25
PARAM-LOT-02,W05,-2,-5,1,10,1.92,1.8,2061.23
PARAM-LOT-02,W05,-2,-4,1,10,2.11,1.79,2091.4
PARAM-LOT-02,W05,-2,-3,1,10,2.01,1.75,2157.53
PARAM-LOT-02,W05,-2,-2,1,10,2.11,1.76,2106.46
PARAM-LOT-02,W05,-2,-1,1,10,2.42,1.79,2114.02
PARAM-LOT-02,W05,-2,0,1,10,1.81,1.78,2108.74
PARAM-LOT-02,W05,-2,1,1,10,2.37,1.77,2069.14
PARAM-LOT-02,W05,-2,2,1,10,2.31,1.76,2087.52
PARAM-LOT-02,W05,-2,3,1,10,2.92,1.74,2170.44
PARAM-LOT-02,W05,-2,4,1,10,2.66,1.77,2130.26
PARAM-LOT-02,W05,-2,5,1,10,2.45,1.78,2118.53
PARAM-LOT-02,W05,-2,6,1,10,2.55,1.79,2018.74
PARAM-LOT-02,W05,-2,7,1,10,2.73,1.82,2082.66
PARAM-LOT-02,W05,-2,8,1,10,3.25,1.76,2119.54
PARAM-LOT-02,W05,-2,9,1,10,2.79,1.79,2091.9
PARAM-LOT-02,W05,-2,10,1,10,3.66,1.75,2132.72
PARAM-LOT-02,W05,-2,11,1,10,3.66,1.77,2101.96
PARAM-LOT-02,W05,-2,12,1,10,3.49,1.79,2073.33
PARAM-LOT-02,W05,-2,13,1,10,4.13,1.79,2100.07
PARAM-LOT-02,W05,-2,14,1,10,3.81,1.78,2102.8
PARAM-LOT-02,W05,-2,15,2,21,5.34,1.8,2121.43
PARAM-LOT-02,W05,-2,16,1,10,3.48,1.79,2068.73
PARAM-LOT-02,W05,-2,17,2,21,5.31,1.81,2058.55
PARAM-LOT-02,W05,-2,18,1,10,4.55,1.82,2114.33
PARAM-LOT-02,W05,-2,19,1,10,4.97,1.76,2091.76
PARAM-LOT-02,W05,-1,-19,1,10,4.64,1.78,2110.84
PARAM-LOT-02,W05,-1,-18,1,10,2.87,1.8,2126.53
PARAM-LOT-02,W05,-1,-17,1,10,3.35,1.8,2099.98
PARAM-LOT-02,W05,-1,-16,1,10,3.04,1.79,2077.38
PARAM-LOT-02,W05,-1,-15,1,10,4.15,1.78,2089.17
PARAM-LOT-02,W05,-1,-14,1,10,3.38,1.78,2141.42
PARAM-LOT-02,W05,-1,-13,1,10,3.58,1.85,2105.75
PARAM-LOT-02,W05,-1,-12,1,10,3.49,1.78,2097.84
PARAM-LOT-02,W05,-1,-11,1,10,4.37,1.79,2092.03
PARAM-LOT-02,W05,-1,-10,1,10,4.84,1.81,2089.5
PARAM-LOT-02,W05,-1,-9,1,10,2.51,1.79,2094.74
PARAM-LOT-02,W05,-1,-8,1,10,3.03,1.78,2128.24
PARAM-LOT-02,W05,-1,-7,1,10,2.57,1.78,2078.25
PARAM-LOT-02,W05,-1,-6,1,10,2.73,1.77,2111.54
PARAM-LOT-02,W05,-1,-5,1,10,2.48,1.79,2111.85
PARAM-LOT-02,W05,-1,-4,1,10,2.69,1.8,2118.53
PARAM-LOT-02,W05,-1,-3,1,10,2.33,1.81,2106
PARAM-LOT-02,W05,-1,-2,1,10,1.61,1.77,2129.99
PARAM-LOT-02,W05,-1,-1,1,10,2.46,1.78,2111.22
PARAM-LOT-02,W05,-1,0,1,10,2.04,1.82,2090.02
PARAM-LOT-02,W05,-1,1,1,10,2.38,1.8,2067.05
PARAM-LOT-02,W05,-1,2,1,10,3,1.8,2104.1
PARAM-LOT-02,W05,-1,3,1,10,3.21,1.75,2091.54
PARAM-LOT-02,W05,-1,4,1,10,2.35,1.79,2095.07
PARAM-LOT-02,W05,-1,5,1,10,2.53,1.78,2121.34
PARAM-LOT-02,W05,-1,6,1,10,1.92,1.83,2126.41
PARAM-LOT-02,W05,-1,7,1,10,2.23,1.79,2157.62
PARAM-LOT-02,W05,-1,8,1,10,3.37,1.82,2127.05
PARAM-LOT-02,W05,-1,9,1,10,1.95,1.81,2106.48
PARAM-LOT-02,W05,-1,10,1,10,3.17,1.79,2131.61
PARAM-LOT-02,W05,-1,11,1,10,3.44,1.82,2135.73
PARAM-LOT-02,W05,-1,12,1,10,2.71,1.81,2102.19
PARAM-LOT-02,W05,-1,13,1,10,3.68,1.76,2069.86
PARAM-LOT-02,W05,-1,14,1,10,4.24,1.78,2098.3
PARAM-LOT-02,W05,-1,15,1,10,3.17,1.81,2091.91
PARAM-LOT-02,W05,-1,16,1,10,4.42,1.77,2056.16
PARAM-LOT-02,W05,-1,17,1,10,3.11,1.79,2076.74
PARAM-LOT-02,W05,-1,18,2,21,5.04,1.82,2087.33
PARAM-LOT-02,W05,-1,19,1,10,3.7,1.79,2122.6
PARAM-LOT-02,W05,0,-19,1,10,3.25,1.83,2105.48
PARAM-LOT-02,W05,0,-18,1,10,3.18,1.81,2131.35
PARAM-LOT-02,W05,0,-17,1,10,3.92,1.8,2090.48
PARAM-LOT-02,W05,0,-16,1,10,3.85,1.83,2117.75
PARAM-LOT-02,W05,0,-15,1,10,4.36,1.79,2141.52
PARAM-LOT-02,W05,0,-14,1,10,4.41,1.8,2133.68
PARAM-LOT-02,W05,0,-13,1,10,2.75,1.79,2119.77
PARAM-LOT-02,W05,0,-12,2,21,5.31,1.82,2137.16
PARAM-LOT-02,W05,0,-11,1,10,2.26,1.78,2118
PARAM-LOT-02,W05,0,-10,1,10,2.38,1.81,2091.89
PARAM-LOT-02,W05,0,-9,1,10,3.66,1.87,2108.64
PARAM-LOT-02,W05,0,-8,1,10,2.56,1.78,2083.4
PARAM-LOT-02,W05,0,-7,1,10,2.57,1.8,2059.34
PARAM-LOT-02,W05,0,-6,1,10,2.14,1.78,2117.63
PARAM-LOT-02,W05,0,-5,1,10,2.09,1.81,2094.31
PARAM-LOT-02,W05,0,-4,1,10,1.92,1.79,2100.17
PARAM-LOT-02,W05,0,-3,1,10,2.32,1.8,2074.53
PARAM-LOT-02,W05,0,-2,1,10,2.21,1.79,2068.37
PARAM-LOT-02,W05,0,-1,1,10,1.8,1.79,2111.82
PARAM-LOT-02,W05,0,0,1,10,2.18,1.83,2066.64
PARAM-LOT-02,W05,0,1,1,10,2.65,1.82,2091.19
PARAM-LOT-02,W05,0,2,1,10,2.63,1.8,2112.43
PARAM-LOT-02,W05,0,3,1,10,3.38,1.78,2061.9
PARAM-LOT-02,W05,0,4,1,10,2.31,1.79,2119.4
PARAM-LOT-02,W05,0,5,1,10,1.75,1.79,2084.57
PARAM-LOT-02,W05,0,6,1,10,2.83,1.8,2086.5
PARAM-LOT-02,W05,0,7,1,10,3.15,1.79,2089.63
PARAM-LOT-02,W05,0,8,1,10,2.77,1.83,2102.32
PARAM-LOT-02,W05,0,9,1,10,3.31,1.78,2068.35
PARAM-LOT-02,W05,0,10,1,10,3.7,1.77,2120.76
PARAM-LOT-02,W05,0,11,1,10,3.16,1.8,2086.26
PARAM-LOT-02,W05,0,12,1,10,3.48,1.8,2097.2
PARAM-LOT-02,W05,0,13,1,10,3.92,1.77,2072.77
PARAM-LOT-02,W05,0,14,1,10,3.51,1.8,2042.92
PARAM-LOT-02,W05,0,15,1,10,4.42,1.83,2114.06
PARAM-LOT-02,W05,0,16,1,10,3.48,1.8,2110.3
PARAM-LOT-02,W05,0,17,1,10,3.85,1.79,2133.99
PARAM-LOT-02,W05,0,18,2,21,5.61,1.79,2075.09
PARAM-LOT-02,W05,0,19,1,10,4.36,1.83,2064.04
PARAM-LOT-02,W05,1,-19,1,10,4.64,1.79,2085.62
PARAM-LOT-02,W05,1,-18,1,10,4.56,1.83,2103.88
PARAM-LOT-02,W05,1,-17,2,21,5.06,1.82,2099.91
PARAM-LOT-02,W05,1,-16,1,10,4.1,1.8,2119.06
PARAM-LOT-02,W05,1,-15,1,10,3.3,1.84,2091.86
PARAM-LOT-02,W05,1,-14,1,10,2.73,1.85,2088.75
PARAM-LOT-02,W05,1,-13,1,10,3.92,1.82,2124.29
PARAM-LOT-02,W05,1,-12,1,10,4.26,1.8,2047.15
PARAM-LOT-02,W05,1,-11,1,10,4.11,1.8,2135.64
PARAM-LOT-02,W05,1,-10,1,10,4.39,1.78,2107.13
PARAM-LOT-02,W05,1,-9,1,10,3.58,1.8,2137.22
PARAM-LOT-02,W05,1,-8,1,10,3.17,1.77,2124.26
PARAM-LOT-02,W05,1,-7,1,10,2.73,1.81,2110.87
PARAM-LOT-02,W05,1,-6,1,10,3.04,1.82,2092.84
PARAM-LOT-02,W05,1,-5,1,10,2.56,1.81,2115.12
PARAM-LOT-02,W05,1,-4,1,10,2.33,1.79,2112.09
PARAM-LOT-02,W05,1,-3,1,10,3.1,1.82,2109.68
PARAM-LOT-02,W05,1,-2,1,10,2.29,1.81,2095.98
PARAM-LOT-02,W05,1,-1,1,10,2.27,1.8,2087.68
PARAM-LOT-02,W05,1,0,1,10,2.72,1.82,2082.59
PARAM-LOT-02,W05,1,1,1,10,4.18,1.81,2096.58
PARAM-LOT-02,W05,1,2,1,10,3.98,1.8,2109.39
PARAM-LOT-02,W05,1,3,1,10,4.57,1.8,2112.53
PARAM-LOT-02,W05,1,4,1,10,4.84,1.81,2086.81
PARAM-LOT-02,W05,1,5,1,10,2.7,1.79,2122.3
PARAM-LOT-02,W05,1,6,1,10,2.35,1.81,2100
PARAM-LOT-02,W05,1,7,1,10,3.72,1.8,2162.01
PARAM-LOT-02,W05,1,8,1,10,3.13,1.83,2098.05
PARAM-LOT-02,W05,1,9,1,10,4.04,1.82,2102.91
PARAM-LOT-02,W05,1,10,1,10,3.85,1.81,2108.74
PARAM-LOT-02,W05,1,11,1,10,4.17,1.84,2140.03
PARAM-LOT-02,W05,1,12,1,10,2.85,1.77,2161.02
PARAM-LOT-02,W05,1,13,1,10,3.26,1.79,2116.23
PARAM-LOT-02,W05,1,14,1,10,3.87,1.81,2081.62
PARAM-LOT-02,W05,1,15,1,10,3.12,1.8,2105.76
PARAM-LOT-02,W05,1,16,1,10,3.74,1.77,2087.21
PARAM-LOT-02,W05,1,17,1,10,4.15,1.8,2125.38
PARAM-LOT-02,W05,1,18,1,10,3.92,1.81,2111.17
PARAM-LOT-02,W05,1,19,1,10,3.83,1.81,2101.75
PARAM-LOT-02,W05,2,-19,1,10,3.57,1.78,2127.76
PARAM-LOT-02,W05,2,-18,1,10,3.4,1.87,2070.51
PARAM-LOT-02,W05,2,-17,1,10,3.55,1.76,2072.39
PARAM-LOT-02,W05,2,-16,1,10,3.9,1.81,2094.62
PARAM-LOT-02,W05,2,-15,1,10,4.01,1.78,2069.38
PARAM-LOT-02,W05,2,-14,1,10,3.32,1.8,2083.52
PARAM-LOT-02,W05,2,-13,1,10,2.58,1.82,2124.16
PARAM-LOT-02,W05,2,-12,1,10,3.94,1.85,2116.17
PARAM-LOT-02,W05,2,-11,1,10,2.91,1.79,2100.6
PARAM-LOT-02,W05,2,-10,1,10,2.77,1.78,2106.38
PARAM-LOT-02,W05,2,-9,1,10,2.62,1.79,2106.39
PARAM-LOT-02,W05,2,-8,1,10,2.75,1.82,2092.7
PARAM-LOT-02,W05,2,-7,1,10,2.63,1.83,2109.44
PARAM-LOT-02,W05,2,-6,1,10,2.88,1.82,2104.31
PARAM-LOT-02,W05,2,-5,1,10,2.58,1.83,2066.54
PARAM-LOT-02,W05,2,-4,1,10,3.33,1.79,2105.38
PARAM-LOT-02,W05,2,-3,1,10,1.77,1.84,2075.58
PARAM-LOT-02,W05,2,-2,1,10,1.87,1.77,2102.54
PARAM-LOT-02,W05,2,-1,1,10,2.51,1.81,2153.25
PARAM-LOT-02,W05,2,0,1,10,3.06,1.82,2050.97
PARAM-LOT-02,W05,2,1,2,21,5.36,1.85,2067.66
PARAM-LOT-02,W05,2,2,2,21,5.85,1.83,2113.69
PARAM-LOT-02,W05,2,3,3,31,6.53,1.81,2134.28
PARAM-LOT-02,W05,2,4,1,10,3.44,1.79,2129.69
PARAM-LOT-02,W05,2,5,1,10,3.42,1.75,2124.4
PARAM-LOT-02,W05,2,6,1,10,3.52,1.8,2071.52
PARAM-LOT-02,W05,2,7,1,10,3.12,1.77,2125.88
PARAM-LOT-02,W05,2,8,1,10,2.57,1.83,2085.69
PARAM-LOT-02,W05,2,9,1,10,3.96,1.79,2116.49
PARAM-LOT-02,W05,2,10,1,10,2.6,1.8,2095.24
PARAM-LOT-02,W05,2,11,1,10,2.94,1.81,2127.71
PARAM-LOT-02,W05,2,12,1,10,4.71,1.83,2137.68
PARAM-LOT-02,W05,2,13,1,10,3.37,1.86,2108.06
PARAM-LOT-02,W05,2,14,1,10,2.98,1.82,2070.34
PARAM-LOT-02,W05,2,15,1,10,3.82,1.81,2114.07
PARAM-LOT-02,W05,2,16,1,10,3,1.81,2109.78
PARAM-LOT-02,W05,2,17,2,21,5.06,1.82,2071.26
PARAM-LOT-02,W05,2,18,1,10,2.97,1.87,2128.74
PARAM-LOT-02,W05,2,19,1,10,4.18,1.83,2116.38
PARAM-LOT-02,W05,3,-19,1,10,3.72,1.85,2068.71
PARAM-LOT-02,W05,3,-18,1,10,3.01,1.84,2105.55
PARAM-LOT-02,W05,3,-17,1,10,4.15,1.79,2161.88
PARAM-LOT-02,W05,3,-16,1,10,3.65,1.82,2088.44
PARAM-LOT-02,W05,3,-15,1,10,2.45,1.8,2089.33
PARAM-LOT-02,W05,3,-14,1,10,3.37,1.85,2094.26
PARAM-LOT-02,W05,3,-13,1,10,3,1.79,2090.99
PARAM-LOT-02,W05,3,-12,1,10,2.62,1.84,2071.35
PARAM-LOT-02,W05,3,-11,1,10,3.32,1.81,2096.73
PARAM-LOT-02,W05,3,-10,1,10,2.27,1.86,2110.45
PARAM-LOT-02,W05,3,-9,1,10,3.36,1.84,2090
PARAM-LOT-02,W05,3,-8,1,10,3.83,1.83,2086.55
PARAM-LOT-02,W05,3,-7,1,10,3.15,1.79,2098.37
PARAM-LOT-02,W05,3,-6,1,10,3.05,1.82,2083.91
PARAM-LOT-02,W05,3,-5,1,10,2.46,1.8,2049.27
PARAM-LOT-02,W05,3,-4,1,10,3.32,1.82,2062.7
PARAM-LOT-02,W05,3,-3,1,10,1.95,1.85,2095.98
PARAM-LOT-02,W05,3,-2,1,10,1.97,1.81,2101.29
PARAM-LOT-02,W05,3,-1,1,10,3.56,1.81,2123.86
PARAM-LOT-02,W05,3,0,1,10,3.21,1.83,2050.95
PARAM-LOT-02,W05,3,1,1,10,4.09,1.82,2123.53
PARAM-LOT-02,W05,3,2,2,21,5.52,1.79,2038.68
PARAM-LOT-02,W05,3,3,2,21,5.38,1.81,2086.52
PARAM-LOT-02,W05,3,4,1,10,3.61,1.81,2126.64
PARAM-LOT-02,W05,3,5,1,10,2.23,1.83,2138.27
PARAM-LOT-02,W05,3,6,1,10,2.5,1.79,2073.79
PARAM-LOT-02,W05,3,7,1,10,2.77,1.82,2097.55
PARAM-LOT-02,W05,3,8,1,10,2.61,1.79,2051.82
PARAM-LOT-02,W05,3,9,1,10,2.02,1.83,2103.42
PARAM-LOT-02,W05,3,10,1,10,4.45,1.78,2087.01
PARAM-LOT-02,W05,3,11,1,10,3.81,1.83,2096.99
PARAM-LOT-02,W05,3,12,1,10,3.28,1.82,2101.83
PARAM-LOT-02,W05,3,13,1,10,3.54,1.83,2115.52
PARAM-LOT-02,W05,3,14,1,10,3.67,1.83,2068.05
PARAM-LOT-02,W05,3,15,1,10,3.9,1.83,2138.53
PARAM-LOT-02,W05,3,16,2,21,5.73,1.82,2139.57
PARAM-LOT-02,W05,3,17,2,21,5.59,1.85,2161.85
PARAM-LOT-02,W05,3,18,1,10,4.69,1.82,2104.28
PARAM-LOT-02,W05,3,19,2,21,5.65,1.82,2048.24
PARAM-LOT-02,W05,4,-18,1,10,3.51,1.83,2119.48
PARAM-LOT-02,W05,4,-17,1,10,3.92,1.84,2088.16
PARAM-LOT-02,W05,4,-16,1,10,3.45,1.85,2077.43
PARAM-LOT-02,W05,4,-15,1,10,2.92,1.79,2112.79
PARAM-LOT-02,W05,4,-14,2,21,5.26,1.84,2103.07
PARAM-LOT-02,W05,4,-13,1,10,3.72,1.84,2111.32
PARAM-LOT-02,W05,4,-12,1,10,3.06,1.8,2083.61
PARAM-LOT-02,W05,4,-11,1,10,2.51,1.81,2142.72
PARAM-LOT-02,W05,4,-10,1,10,3.3,1.81,2113.61
PARAM-LOT-02,W05,4,-9,1,10,3.91,1.81,2114.93
PARAM-LOT-02,W05,4,-8,1,10,1.78,1.82,2105.58
PARAM-LOT-02,W05,4,-7,1,10,2.83,1.87,2096.27
PARAM-LOT-02,W05,4,-6,1,10,3.07,1.79,2095.28
PARAM-LOT-02,W05,4,-5,1,10,3.06,1.81,2095.59
PARAM-LOT-02,W05,4,-4,1,10,2.08,1.81,2092.36
PARAM-LOT-02,W05,4,-3,1,10,2.46,1.85,2081.03
PARAM-LOT-02,W05,4,-2,1,10,2.05,1.84,2058.66
PARAM-LOT-02,W05,4,-1,1,10,2.94,1.81,2109.11
PARAM-LOT-02,W05,4,0,1,10,2.27,1.78,2072.65
PARAM-LOT-02,W05,4,1,1,10,3.57,1.8,2090.65
PARAM-LOT-02,W05,4,2,1,10,3.87,1.82,2101.43
PARAM-LOT-02,W05,4,3,1,10,2.99,1.82,2093.11
PARAM-LOT-02,W05,4,4,1,10,2.46,1.81,2096.7
PARAM-LOT-02,W05,4,5,1,10,2.69,1.86,2055.46
PARAM-LOT-02,W05,4,6,1,10,2.92,1.85,2104.3
PARAM-LOT-02,W05,4,7,1,10,3.31,1.82,2071.64
PARAM-LOT-02,W05,4,8,1,10,2.35,1.83,2138.63
PARAM-LOT-02,W05,4,9,1,10,2.1,1.84,2091.42
PARAM-LOT-02,W05,4,10,1,10,3.46,1.79,2135.44
PARAM-LOT-02,W05,4,11,1,10,2.63,1.81,2047.83
PARAM-LOT-02,W05,4,12,1,10,3.99,1.84,2103.39
PARAM-LOT-02,W05,4,13,1,10,3.69,1.83,2125.1
PARAM-LOT-02,W05,4,14,1,10,3.45,1.77,2134.05
PARAM-LOT-02,W05,4,15,1,10,3.79,1.85,2096.86
PARAM-LOT-02,W05,4,16,1,10,3.85,1.79,2092.69
PARAM-LOT-02,W05,4,17,1,10,3.62,1.81,2051.14
PARAM-LOT-02,W05,4,18,1,10,4.26,1.79,2084.32
PARAM-LOT-02,W05,5,-18,1,10,3.71,1.83,2077.67
PARAM-LOT-02,W05,5,-17,1,10,3.95,1.78,2076.95
PARAM-LOT-02,W05,5,-16,1,10,2.98,1.79,2104.65
PARAM-LOT-02,W05,5,-15,1,10,3.47,1.81,2085.47
PARAM-LOT-02,W05,5,-14,1,10,3.06,1.83,2138.39
PARAM-LOT-02,W05,5,-13,1,10,3.88,1.82,2089.43
PARAM-LOT-02,W05,5,-12,1,10,3.01,1.82,2058.71
PARAM-LOT-02,W05,5,-11,1,10,3.23,1.81,2129.62
PARAM-LOT-02,W05,5,-10,1,10,3.49,1.81,2085.75
PARAM-LOT-02,W05,5,-9,1,10,2.6,1.83,2095.09
PARAM-LOT-02,W05,5,-8,1,10,3.08,1.84,2078.39
PARAM-LOT-02,W05,5,-7,1,10,2.4,1.84,2067.86
PARAM-LOT-02,W05,5,-6,1,10,2.53,1.88,2114.77
PARAM-LOT-02,W05,5,-5,1,10,2.79,1.8,2105.18
PARAM-LOT-02,W05,5,-4,1,10,3.33,1.83,2064.05
PARAM-LOT-02,W05,5,-3,1,10,2.47,1.83,2095.22
PARAM-LOT-02,W05,5,-2,1,10,3.85,1.88,2104.91
PARAM-LOT-02,W05,5,-1,1,10,2.96,1.81,2083.41
PARAM-LOT-02,W05,5,0,1,10,1.75,1.84,2115.74
PARAM-LOT-02,W05,5,1,1,10,3.59,1.83,2088.89
PARAM-LOT-02,W05,5,2,1,10,3.51,1.86,2106.87
PARAM-LOT-02,W05,5,3,1,10,2.45,1.75,2098.01
PARAM-LOT-02,W05,5,4,1,10,2.46,1.79,2093.82
PARAM-LOT-02,W05,5,5,1,10,2.68,1.85,2098.58
PARAM-LOT-02,W05,5,6,1,10,2.9,1.83,2096.04
PARAM-LOT-02,W05,5,7,1,10,2.96,1.82,2098.39
PARAM-LOT-02,W05,5,8,1,10,2.98,1.84,2082.51
PARAM-LOT-02,W05,5,9,1,10,2.74,1.79,2091.44
PARAM-LOT-02,W05,5,10,1,10,3.35,1.79,2110.09
PARAM-LOT-02,W05,5,11,1,10,3.39,1.81,2086.03
PARAM-LOT-02,W05,5,12,1,10,3.34,1.77,2107.38
PARAM-LOT-02,W05,5,13,1,10,3.76,1.79,2096.39
PARAM-LOT-02,W05,5,14,1,10,5,1.86,2107.96
PARAM-LOT-02,W05,5,15,1,10,3.31,1.83,2097.7
PARAM-LOT-02,W05,5,16,1,10,3.68,1.85,2084.91
PARAM-LOT-02,W05,5,17,1,10,3.82,1.83,2091.99
PARAM-LOT-02,W05,5,18,1,10,4.6,1.82,2104.76
PARAM-LOT-02,W05,6,-18,1,10,3.47,1.85,2161.83
PARAM-LOT-02,W05,6,-17,1,10,4.45,1.82,2088.07
PARAM-LOT-02,W05,6,-16,1,10,4.35,1.83,2134.39
PARAM-LOT-02,W05,6,-15,1,10,4.63,1.8,2089.65
PARAM-LOT-02,W05,6,-14,1,10,3.2,1.84,2101.95
PARAM-LOT-02,W05,6,-13,1,10,3.34,1.83,2116.82
PARAM-LOT-02,W05,6,-12,1,10,3.71,1.82,2129.82
PARAM-LOT-02,W05,6,-11,1,10,3.8,1.81,2105.9
PARAM-LOT-02,W05,6,-10,1,10,3.2,1.83,2077.78
PARAM-LOT-02,W05,6,-9,1,10,3.05,1.89,2098.26
PARAM-LOT-02,W05,6,-8,1,10,3.14,1.81,2104.45
PARAM-LOT-02,W05,6,-7,1,10,3.43,1.83,2094.81
PARAM-LOT-02,W05,6,-6,1,10,2.02,1.83,2081.2
PARAM-LOT-02,W05,6,-5,1,10,2.44,1.8,2122.65
PARAM-LOT-02,W05,6,-4,1,10,2.65,1.88,2118.74
PARAM-LOT-02,W05,6,-3,1,10,2.35,1.83,2025.71
PARAM-LOT-02,W05,6,-2,1,10,2.62,1.84,2114.3
PARAM-LOT-02,W05,6,-1,1,10,3.07,1.83,2118.36
PARAM-LOT-02,W05,6,0,1,10,2.31,1.82,2136.05
PARAM-LOT-02,W05,6,1,1,10,4.1,1.89,2120.29
PARAM-LOT-02,W05,6,2,1,10,2.51,1.85,2115.21
PARAM-LOT-02,W05,6,3,1,10,3.45,1.75,2086.24
PARAM-LOT-02,W05,6,4,1,10,4.27,1.86,2065.41
PARAM-LOT-02,W05,6,5,1,10,2.64,1.77,2119.99
PARAM-LOT-02,W05,6,6,1,10,1.94,1.85,2076.08
PARAM-LOT-02,W05,6,7,1,10,2.69,1.83,2110.35
PARAM-LOT-02,W05,6,8,1,10,3.52,1.82,2070.96
PARAM-LOT-02,W05,6,9,1,10,3.56,1.85,2089.23
PARAM-LOT-02,W05,6,10,1,10,3.27,1.85,2062.35
PARAM-LOT-02,W05,6,11,1,10,3.54,1.81,2021.8
PARAM-LOT-02,W05,6,12,1,10,3.8,1.83,2115.8
PARAM-LOT-02,W05,6,13,1,10,2.98,1.89,2111.32
PARAM-LOT-02,W05,6,14,1,10,3.89,1.88,2137.43
PARAM-LOT-02,W05,6,15,1,10,3.07,1.87,2111.87
PARAM-LOT-02,W05,6,16,1,10,3.33,1.79,2084.69
PARAM-LOT-02,W05,6,17,1,10,3.49,1.82,2116.96
PARAM-LOT-02,W05,6,18,1,10,3.62,1.84,2125.03
PARAM-LOT-02,W05,7,-17,1,10,4.81,1.86,2108.94
PARAM-LOT-02,W05,7,-16,1,10,4.07,1.85,2073.35
PARAM-LOT-02,W05,7,-15,1,10,3.14,1.86,2082.82
PARAM-LOT-02,W05,7,-14,1,10,2.85,1.82,2149.06
PARAM-LOT-02,W05,7,-13,1,10,3.74,1.87,2104.42
PARAM-LOT-02,W05,7,-12,1,10,3.43,1.8,2098.41
PARAM-LOT-02,W05,7,-11,1,10,3.6,1.83,2115.69
PARAM-LOT-02,W05,7,-10,1,10,2.68,1.84,2132.44
PARAM-LOT-02,W05,7,-9,1,10,3.76,1.84,2156.52
PARAM-LOT-02,W05,7,-8,1,10,3.21,1.85,2045.21
PARAM-LOT-02,W05,7,-7,1,10,2.32,1.81,2076.91
PARAM-LOT-02,W05,7,-6,1,10,2.79,1.88,2115.91
PARAM-LOT-02,W05,7,-5,1,10,3.01,1.83,2140.74
PARAM-LOT-02,W05,7,-4,1,10,3.7,1.81,2101.14
PARAM-LOT-02,W05,7,-3,1,10,2.98,1.81,2119.26
PARAM-LOT-02,W05,7,-2,1,10,2.34,1.8,2110.79
PARAM-LOT-02,W05,7,-1,1,10,2.88,1.87,2067.44
PARAM-LOT-02,W05,7,0,1,10,3.21,1.83,2101.66
PARAM-LOT-02,W05,7,1,1,10,2.55,1.85,2088.69
PARAM-LOT-02,W05,7,2,1,10,2.95,1.87,2080.13
PARAM-LOT-02,W05,7,3,1,10,2.54,1.83,2112.58
PARAM-LOT-02,W05,7,4,1,10,2.72,1.84,2123.15
PARAM-LOT-02,W05,7,5,1,10,2.15,1.82,2124.55
PARAM-LOT-02,W05,7,6,1,10,3.74,1.85,2116.52
PARAM-LOT-02,W05,7,7,1,10,2.78,1.87,2097.42
PARAM-LOT-02,W05,7,8,1,10,3.94,1.84,2141.29
PARAM-LOT-02,W05,7,9,1,10,2.66,1.82,2145.4
PARAM-LOT-02,W05,7,10,1,10,4.38,1.8,2072.29
PARAM-LOT-02,W05,7,11,1,10,4.15,1.81,2107.35
PARAM-LOT-02,W05,7,12,1,10,3.92,1.85,2043.82
PARAM-LOT-02,W05,7,13,1,10,3.2,1.8,2107.81
PARAM-LOT-02,W05,7,14,1,10,3.56,1.84,2078.27
PARAM-LOT-02,W05,7,15,1,10,3.4,1.84,2155.58
PARAM-LOT-02,W05,7,16,1,10,3.53,1.83,2118.19
PARAM-LOT-02,W05,7,17,2,21,5.44,1.86,2098.58
PARAM-LOT-02,W05,8,-17,1,10,4.12,1.82,2092.8
PARAM-LOT-02,W05,8,-16,1,10,4.27,1.82,2129.76
PARAM-LOT-02,W05,8,-15,1,10,4.2,1.83,2081.82
PARAM-LOT-02,W05,8,-14,1,10,3,1.82,2095
PARAM-LOT-02,W05,8,-13,1,10,3.86,1.9,2114.66
PARAM-LOT-02,W05,8,-12,1,10,3.17,1.84,2071.06
PARAM-LOT-02,W05,8,-11,1,10,3.5,1.84,2068.39
PARAM-LOT-02,W05,8,-10,1,10,2.3,1.85,2112.76
PARAM-LOT-02,W05,8,-9,1,10,4.6,1.81,2097.29
PARAM-LOT-02,W05,8,-8,1,10,3.66,1.86,2093.99
PARAM-LOT-02,W05,8,-7,1,10,3.14,1.86,2106.17
PARAM-LOT-02,W05,8,-6,1,10,2.95,1.83,2098.8
PARAM-LOT-02,W05,8,-5,1,10,4.12,1.83,2128.79
PARAM-LOT-02,W05,8,-4,1,10,2.53,1.85,2114.24
PARAM-LOT-02,W05,8,-3,1,10,2.79,1.8,2127.95
PARAM-LOT-02,W05,8,-2,1,10,2.93,1.88,2089.31
PARAM-LOT-02,W05,8,-1,1,10,3,1.86,2164.75
PARAM-LOT-02,W05,8,0,1,10,3.01,1.82,2106.37
PARAM-LOT-02,W05,8,1,1,10,2.92,1.82,2105.15
PARAM-LOT-02,W05,8,2,1,10,2.28,1.86,2092.24
PARAM-LOT-02,W05,8,3,1,10,2.45,1.86,2117.94
PARAM-LOT-02,W05,8,4,1,10,3.54,1.82,2067.88
PARAM-LOT-02,W05,8,5,1,10,4.26,1.86,2107.71
PARAM-LOT-02,W05,8,6,1,10,2.96,1.82,2099.04
PARAM-LOT-02,W05,8,7,1,10,2.83,1.87,2095.24
PARAM-LOT-02,W05,8,8,1,10,4.03,1.78,2083.99
PARAM-LOT-02,W05,8,9,1,10,3.38,1.83,2095.86
PARAM-LOT-02,W05,8,10,1,10,3.49,1.79,2139.56
PARAM-LOT-02,W05,8,11,1,10,2.96,1.86,2101.35
PARAM-LOT-02,W05,8,12,1,10,3.59,1.84,2084.38
PARAM-LOT-02,W05,8,13,1,10,4.74,1.82,2168.04
PARAM-LOT-02,W05,8,14,1,10,3.39,1.85,2054.27
PARAM-LOT-02,W05,8,15,1,10,4.05,1.87,2134.56
PARAM-LOT-02,W05,8,16,1,10,4.92,1.81,2109.21
PARAM-LOT-02,W05,8,17,2,21,5.21,1.86,2070.91
PARAM-LOT-02,W05,9,-17,2,21,6.48,1.81,2094.38
PARAM-LOT-02,W05,9,-16,1,10,4.53,1.82,2107.33
PARAM-LOT-02,W05,9,-15,1,10,2.86,1.89,2097.83
PARAM-LOT-02,W05,9,-14,2,21,5.13,1.84,2104.44
PARAM-LOT-02,W05,9,-13,1,10,4.54,1.85,2064.29
PARAM-LOT-02,W05,9,-12,1,10,4.94,1.86,2091.49
PARAM-LOT-02,W05,9,-11,1,10,3.96,1.83,2078.43
PARAM-LOT-02,W05,9,-10,1,10,4.12,1.81,2112.6
PARAM-LOT-02,W05,9,-9,1,10,4.2,1.85,2097.72
PARAM-LOT-02,W05,9,-8,1,10,2.54,1.81,2093.37
PARAM-LOT-02,W05,9,-7,1,10,3.45,1.85,2082.15
PARAM-LOT-02,W05,9,-6,1,10,3.53,1.83,2146.35
PARAM-LOT-02,W05,9,-5,1,10,4.02,1.79,2121.54
PARAM-LOT-02,W05,9,-4,1,10,2.98,1.86,2035.99
PARAM-LOT-02,W05,9,-3,1,10,3.68,1.83,2116.13
PARAM-LOT-02,W05,9,-2,1,10,2.93,1.9,2071.47
PARAM-LOT-02,W05,9,-1,1,10,1.9,1.87,2120.61
PARAM-LOT-02,W05,9,0,1,10,2.71,1.82,2099.2
PARAM-LOT-02,W05,9,1,1,10,4.02,1.89,2063.08
PARAM-LOT-02,W05,9,2,1,10,3.22,1.84,2122.22
PARAM-LOT-02,W05,9,3,1,10,3.71,1.83,2136.09
PARAM-LOT-02,W05,9,4,1,10,2.77,1.85,2088.93
PARAM-LOT-02,W05,9,5,1,10,3.45,1.85,2086.5
PARAM-LOT-02,W05,9,6,1,10,3.36,1.84,2078.66
PARAM-LOT-02,W05,9,7,1,10,2.88,1.88,2136.14
PARAM-LOT-02,W05,9,8,1,10,3.22,1.88,2069.48
PARAM-LOT-02,W05,9,9,1,10,3.11,1.85,2077.22
PARAM-LOT-02,W05,9,10,1,10,4.39,1.85,2159.31
PARAM-LOT-02,W05,9,11,1,10,3.93,1.87,2079.04
PARAM-LOT-02,W05,9,12,1,10,3.01,1.86,2072.4
PARAM-LOT-02,W05,9,13,1,10,4.73,1.87,2066.68
PARAM-LOT-02,W05,9,14,1,10,3.27,1.86,2167.79
PARAM-LOT-02,W05,9,15,1,10,3.25,1.81,2132.04
PARAM-LOT-02,W05,9,16,1,10,4.25,1.84,2092.78
PARAM-LOT-02,W05,9,17,1,10,2.9,1.88,2095.88
PARAM-LOT-02,W05,10,-16,1,10,3.73,1.84,2071.54
PARAM-LOT-02,W05,10,-15,1,10,3.61,1.83,2051.99
PARAM-LOT-02,W05,10,-14,1,10,3.61,1.85,2121.26
PARAM-LOT-02,W05,10,-13,1,10,3.83,1.83,2125.95
PARAM-LOT-02,W05,10,-12,1,10,3.23,1.83,2136.9
PARAM-LOT-02,W05,10,-11,1,10,4.6,1.85,2114.6
PARAM-LOT-02,W05,10,-10,1,10,3.8,1.83,2064.21
PARAM-LOT-02,W05,10,-9,1,10,2.92,1.88,2106.64
PARAM-LOT-02,W05,10,-8,1,10,3.21,1.83,2074.52
PARAM-LOT-02,W05,10,-7,1,10,2.7,1.84,2083.46
PARAM-LOT-02,W05,10,-6,1,10,2.88,1.81,2114.72
PARAM-LOT-02,W05,10,-5,1,10,3.46,1.86,2058.65
PARAM-LOT-02,W05,10,-4,1,10,3.02,1.84,2067.8
PARAM-LOT-02,W05,10,-3,1,10,2.75,1.87,2084.01
PARAM-LOT-02,W05,10,-2,1,10,3.61,1.83,2099.23
PARAM-LOT-02,W05,10,-1,1,10,3.23,1.89,2074.62
PARAM-LOT-02,W05,10,0,1,10,3.03,1.85,2099.8
PARAM-LOT-02,W05,10,1,1,10,2.64,1.84,2075.86
PARAM-LOT-02,W05,10,2,1,10,2.29,1.86,2117.67
PARAM-LOT-02,W05,10,3,1,10,3.74,1.87,2114.23
PARAM-LOT-02,W05,10,4,1,10,4.22,1.82,2107.94
PARAM-LOT-02,W05,10,5,1,10,3.01,1.82,2119.08
PARAM-LOT-02,W05,10,6,1,10,4.66,1.84,2101.44
PARAM-LOT-02,W05,10,7,1,10,3.03,1.89,2110.35
PARAM-LOT-02,W05,10,8,1,10,3.55,1.84,2152.34
PARAM-LOT-02,W05,10,9,1,10,2.93,1.89,2039.76
PARAM-LOT-02,W05,10,10,1,10,3.76,1.85,2173.49
PARAM-LOT-02,W05,10,11,1,10,3.74,1.88,2071.1
PARAM-LOT-02,W05,10,12,1,10,3.81,1.85,2100.24
PARAM-LOT-02,W05,10,13,1,10,3.91,1.91,2124.41
PARAM-LOT-02,W05,10,14,1,10,3.96,1.84,2052.7
PARAM-LOT-02,W05,10,15,1,10,3.72,1.87,2072.7
PARAM-LOT-02,W05,10,16,1,10,3.98,1.83,2118.2
PARAM-LOT-02,W05,11,-15,1,10,4.93,1.87,2100.1
PARAM-LOT-02,W05,11,-14,1,10,3.97,1.8,2074.65
PARAM-LOT-02,W05,11,-13,1,10,3.7,1.81,2141.32
PARAM-LOT-02,W05,11,-12,1,10,3.42,1.87,2103.33
PARAM-LOT-02,W05,11,-11,1,10,3.23,1.81,2117.63
PARAM-LOT-02,W05,11,-10,1,10,2.9,1.83,2115.9
PARAM-LOT-02,W05,11,-9,1,10,3.72,1.89,2115.69
PARAM-LOT-02,W05,11,-8,1,10,3.63,1.86,2044.13
PARAM-LOT-02,W05,11,-7,1,10,3.15,1.85,2066.48
PARAM-LOT-02,W05,11,-6,1,10,2.82,1.89,2053.31
PARAM-LOT-02,W05,11,-5,1,10,2.87,1.88,2069.86
PARAM-LOT-02,W05,11,-4,2,21,5.41,1.85,2099.4
PARAM-LOT-02,W05,11,-3,1,10,2.93,1.88,2067.62
PARAM-LOT-02,W05,11,-2,1,10,3.38,1.85,2058.37
PARAM-LOT-02,W05,11,-1,1,10,2.29,1.83,2105.61
PARAM-LOT-02,W05,11,0,1,10,3.36,1.9,2087.38
PARAM-LOT-02,W05,11,1,1,10,3.38,1.83,2081.17
PARAM-LOT-02,W05,11,2,1,10,2.92,1.85,2108.81
PARAM-LOT-02,W05,11,3,1,10,3.41,1.9,2118.89
PARAM-LOT-02,W05,11,4,1,10,2.69,1.83,2131.26
PARAM-LOT-02,W05,11,5,1,10,3.29,1.82,2104.22
PARAM-LOT-02,W05,11,6,1,10,3.04,1.81,2111.78
PARAM-LOT-02,W05,11,7,1,10,3.88,1.81,2124.36
PARAM-LOT-02,W05,11,8,1,10,3.47,1.81,2097.07
PARAM-LOT-02,W05,11,9,1,10,2.53,1.84,2058.54
PARAM-LOT-02,W05,11,10,1,10,3.1,1.85,2130.6
PARAM-LOT-02,W05,11,11,1,10,2.82,1.86,2093.99
PARAM-LOT-02,W05,11,12,1,10,4.53,1.84,2104.4
PARAM-LOT-02,W05,11,13,1,10,3.25,1.88,2091.56
PARAM-LOT-02,W05,11,14,1,10,3.81,1.86,2107.02
PARAM-LOT-02,W05,11,15,1,10,3.82,1.85,2077.31
PARAM-LOT-02,W05,12,-15,2,21,5.35,1.84,2102.38
PARAM-LOT-02,W05,12,-14,2,21,5.83,1.85,2069.08
PARAM-LOT-02,W05,12,-13,1,10,4.75,1.85,2094.24
PARAM-LOT-02,W05,12,-12,1,10,4.79,1.85,2117.52
PARAM-LOT-02,W05,12,-11,1,10,4.74,1.84,2093.28
PARAM-LOT-02,W05,12,-10,1,10,2.76,1.83,2077.06
PARAM-LOT-02,W05,12,-9,1,10,3.37,1.88,2066.04
PARAM-LOT-02,W05,12,-8,1,10,3.84,1.85,2043.32
PARAM-LOT-02,W05,12,-7,1,10,3.35,1.85,2083.53
PARAM-LOT-02,W05,12,-6,1,10,3.68,1.86,2110.76
PARAM-LOT-02,W05,12,-5,1,10,2.43,1.84,2093.32
PARAM-LOT-02,W05,12,-4,1,10,2.66,1.88,2104.1
PARAM-LOT-02,W05,12,-3,1,10,3.4,1.84,2051.03
PARAM-LOT-02,W05,12,-2,1,10,3.06,1.84,2092.24
PARAM-LOT-02,W05,12,-1,1,10,3.15,1.91,2082.69
PARAM-LOT-02,W05,12,0,1,10,3.3,1.88,2091.6
PARAM-LOT-02,W05,12,1,1,10,3.06,1.81,2106.48
PARAM-LOT-02,W05,12,2,1,10,3.39,1.9,2120.82
PARAM-LOT-02,W05,12,3,1,10,3.18,1.91,2076.75
PARAM-LOT-02,W05,12,4,1,10,3.41,1.88,2058.08
PARAM-LOT-02,W05,12,5,1,10,2.99,1.82,2092.91
PARAM-LOT-02,W05,12,6,1,10,3.39,1.86,2089.7
PARAM-LOT-02,W05,12,7,1,10,4.79,1.87,2100.82
PARAM-LOT-02,W05,12,8,1,10,3.33,1.87,2085.93
PARAM-LOT-02,W05,12,9,1,10,3.77,1.87,2098.59
PARAM-LOT-02,W05,12,10,1,10,3.42,1.87,2072.43
PARAM-LOT-02,W05,12,11,1,10,3.84,1.85,2095.14
PARAM-LOT-02,W05,12,12,1,10,3.47,1.87,2075.24
PARAM-LOT-02,W05,12,13,2,21,5.03,1.88,2098.9
PARAM-LOT-02,W05,12,14,1,10,4.55,1.85,2111.54
PARAM-LOT-02,W05,12,15,1,10,3.46,1.88,2105.21
PARAM-LOT-02,W05,13,-14,1,10,3.97,1.84,2097.44
PARAM-LOT-02,W05,13,-13,1,10,3.35,1.88,2092.79
PARAM-LOT-02,W05,13,-12,1,10,3.82,1.82,2125.84
PARAM-LOT-02,W05,13,-11,1,10,3.29,1.87,2080.15
PARAM-LOT-02,W05,13,-10,1,10,4.84,1.84,2100.45
PARAM-LOT-02,W05,13,-9,1,10,2.72,1.9,2053.25
PARAM-LOT-02,W05,13,-8,1,10,3.73,1.84,2086.5
PARAM-LOT-02,W05,13,-7,1,10,3.73,1.82,2099.31
PARAM-LOT-02,W05,13,-6,1,10,3.41,1.91,2106.79
PARAM-LOT-02,W05,13,-5,1,10,3.24,1.82,2153.14
PARAM-LOT-02,W05,13,-4,1,10,2.82,1.88,2138.73
PARAM-LOT-02,W05,13,-3,1,10,2.53,1.88,2064.68
PARAM-LOT-02,W05,13,-2,1,10,3.81,1.86,2074.6
PARAM-LOT-02,W05,13,-1,1,10,2.2,1.85,2098.6
PARAM-LOT-02,W05,13,0,1,10,3.63,1.92,2089.31
PARAM-LOT-02,W05,13,1,1,10,4.41,1.82,2085.97
PARAM-LOT-02,W05,13,2,1,10,3.71,1.86,2048.28
PARAM-LOT-02,W05,13,3,1,10,3.78,1.82,2077.59
PARAM-LOT-02,W05,13,4,1,10,2.71,1.85,2108.62
PARAM-LOT-02,W05,13,5,1,10,4.56,1.85,2090.1
PARAM-LOT-02,W05,13,6,1,10,4.37,1.86,2131.74
PARAM-LOT-02,W05,13,7,1,10,4.62,1.9,2104.1
PARAM-LOT-02,W05,13,8,1,10,4.37,1.89,2122.43
PARAM-LOT-02,W05,13,9,1,10,3.62,1.88,2130.43
PARAM-LOT-02,W05,13,10,1,10,3.74,1.85,2094.88
PARAM-LOT-02,W05,13,11,1,10,3.58,1.85,2109.8
PARAM-LOT-02,W05,13,12,1,10,4.51,1.89,2106.54
PARAM-LOT-02,W05,13,13,1,10,2.63,1.87,2156.35
PARAM-LOT-02,W05,13,14,2,21,5.28,1.85,2108.03
PARAM-LOT-02,W05,14,-13,2,21,5.03,1.89,2124.21
PARAM-LOT-02,W05,14,-12,1,10,3.3,1.9,2046.99
PARAM-LOT-02,W05,14,-11,1,10,4.45,1.88,2147.75
PARAM-LOT-02,W05,14,-10,1,10,3.61,1.85,2068.31
PARAM-LOT-02,W05,14,-9,1,10,3.22,1.9,2111.05
PARAM-LOT-02,W05,14,-8,1,10,4.72,1.91,2064.39
PARAM-LOT-02,W05,14,-7,1,10,4.14,1.85,2029.66
PARAM-LOT-02,W05,14,-6,1,10,4.17,1.87,2096.3
PARAM-LOT-02,W05,14,-5,1,10,2.59,1.89,2102.8
PARAM-LOT-02,W05,14,-4,1,10,2.61,1.85,2028.4
PARAM-LOT-02,W05,14,-3,1,10,3.42,1.85,2065.25
PARAM-LOT-02,W05,14,-2,1,10,4.37,1.92,2085.99
PARAM-LOT-02,W05,14,-1,1,10,3.04,1.89,2084.49
PARAM-LOT-02,W05,14,0,1,10,3.88,1.9,2092.26
PARAM-LOT-02,W05,14,1,1,10,3.36,1.86,2084.58
PARAM-LOT-02,W05,14,2,1,10,2.85,1.89,2088.9
PARAM-LOT-02,W05,14,3,1,10,3.75,1.87,2100.09
PARAM-LOT-02,W05,14,4,1,10,2.98,1.92,2096.75
PARAM-LOT-02,W05,14,5,1,10,3.96,1.89,2087.69
PARAM-LOT-02,W05,14,6,1,10,4.06,1.89,2130.34
PARAM-LOT-02,W05,14,7,1,10,4.14,1.89,2101.59
PARAM-LOT-02,W05,14,8,1,10,3.32,1.86,2054.62
PARAM-LOT-02,W05,14,9,1,10,4.37,1.84,2148.02
PARAM-LOT-02,W05,14,10,1,10,3.32,1.9,2112.16
PARAM-LOT-02,W05,14,11,1,10,3.86,1.85,2092.08
PARAM-LOT-02,W05,14,12,1,10,4.08,1.89,2107.2
PARAM-LOT-02,W05,14,13,2,21,5.2,1.89,2113.52
PARAM-LOT-02,W05,15,-12,1,10,4.26,1.92,2072.73
PARAM-LOT-02,W05,15,-11,1,10,3.34,1.9,2098.89
PARAM-LOT-02,W05,15,-10,1,10,4.36,1.86,2082.59
PARAM-LOT-02,W05,15,-9,1,10,3.93,1.85,2055.7
PARAM-LOT-02,W05,15,-8,1,10,4.49,1.89,2066.97
PARAM-LOT-02,W05,15,-7,1,10,3.71,1.85,2091.58
PARAM-LOT-02,W05,15,-6,1,10,3.56,1.88,2116.07
PARAM-LOT-02,W05,15,-5,1,10,3.6,1.88,2131.19
PARAM-LOT-02,W05,15,-4,2,21,6.16,1.89,2086.02
PARAM-LOT-02,W05,15,-3,1,10,3.1,1.9,2119.24
PARAM-LOT-02,W05,15,-2,1,10,4.93,1.88,2084.51
PARAM-LOT-02,W05,15,-1,1,10,3.16,1.87,2129.7
PARAM-LOT-02,W05,15,0,1,10,3.46,1.86,2067.7
PARAM-LOT-02,W05,15,1,1,10,3.06,1.87,2101.9
PARAM-LOT-02,W05,15,2,1,10,3.45,1.89,2093.25
PARAM-LOT-02,W05,15,3,1,10,4.41,1.88,2068.64
PARAM-LOT-02,W05,15,4,1,10,4.12,1.88,2115.86
PARAM-LOT-02,W05,15,5,1,10,3,1.87,2091.61
PARAM-LOT-02,W05,15,6,1,10,2.94,1.86,2095.03
PARAM-LOT-02,W05,15,7,1,10,4.26,1.91,2134.59
PARAM-LOT-02,W05,15,8,1,10,3.94,1.89,2096.03
PARAM-LOT-02,W05,15,9,1,10,4.19,1.84,2081.87
PARAM-LOT-02,W05,15,10,1,10,3.89,1.86,2092.44
PARAM-LOT-02,W05,15,11,1,10,3.07,1.82,2093.79
PARAM-LOT-02,W05,15,12,1,10,3.53,1.89,2091.3
PARAM-LOT-02,W05,16,-10,1,10,4.2,1.9,2111.14
PARAM-LOT-02,W05,16,-9,1,10,3.38,1.88,2103.13
PARAM-LOT-02,W05,16,-8,1,10,4.31,1.86,2087.03
PARAM-LOT-02,W05,16,-7,1,10,2.86,1.87,2107.68
PARAM-LOT-02,W05,16,-6,2,21,5.43,1.87,2105.56
PARAM-LOT-02,W05,16,-5,1,10,3.64,1.88,2127.25
PARAM-LOT-02,W05,16,-4,1,10,4.68,1.89,2094.6
PARAM-LOT-02,W05,16,-3,1,10,4.73,1.9,2099.53
PARAM-LOT-02,W05,16,-2,1,10,3.07,1.84,2130.41
PARAM-LOT-02,W05,16,-1,1,10,3.82,1.87,2110.65
PARAM-LOT-02,W05,16,0,1,10,4.19,1.9,2097.03
PARAM-LOT-02,W05,16,1,1,10,3.43,1.87,2097.5
PARAM-LOT-02,W05,16,2,1,10,3.3,1.96,2109.89
PARAM-LOT-02,W05,16,3,1,10,3.31,1.88,2049.94
PARAM-LOT-02,W05,16,4,1,10,4.81,1.88,2066.85
PARAM-LOT-02,W05,16,5,1,10,4.02,1.85,2071.1
PARAM-LOT-02,W05,16,6,1,10,2.7,1.9,2135.61
PARAM-LOT-02,W05,16,7,1,10,3.99,1.92,2122.84
PARAM-LOT-02,W05,16,8,2,21,5.31,1.85,2089.48
PARAM-LOT-02,W05,16,9,1,10,4.36,1.89,2140.79
PARAM-LOT-02,W05,16,10,1,10,4.67,1.91,2112.51
PARAM-LOT-02,W05,17,-9,1,10,2.87,1.89,2103.57
PARAM-LOT-02,W05,17,-8,3,31,6.63,1.9,2160.73
PARAM-LOT-02,W05,17,-7,3,31,6.57,1.86,2139.54
PARAM-LOT-02,W05,17,-6,1,10,4.47,1.92,2056.5
PARAM-LOT-02,W05,17,-5,1,10,4.88,1.86,2104.08
PARAM-LOT-02,W05,17,-4,1,10,4,1.87,2118.65
PARAM-LOT-02,W05,17,-3,1,10,4.31,1.85,2089.33
PARAM-LOT-02,W05,17,-2,1,10,3.28,1.89,2108.78
PARAM-LOT-02,W05,17,-1,1,10,4.67,1.84,2090.71
PARAM-LOT-02,W05,17,0,1,10,3.59,1.88,2117.73
PARAM-LOT-02,W05,17,1,1,10,3.7,1.88,2054.12
PARAM-LOT-02,W05,17,2,1,10,4.78,1.82,2151.3
PARAM-LOT-02,W05,17,3,1,10,3.34,1.94,2127.27
PARAM-LOT-02,W05,17,4,1,10,4.05,1.89,2105
PARAM-LOT-02,W05,17,5,1,10,3.6,1.92,2121.33
PARAM-LOT-02,W05,17,6,1,10,3.48,1.88,2113.68
PARAM-LOT-02,W05,17,7,1,10,4.5,1.89,2086.69
PARAM-LOT-02,W05,17,8,1,10,2.83,1.88,2145.02
PARAM-LOT-02,W05,17,9,2,21,5.24,1.89,2084.34
PARAM-LOT-02,W05,18,-6,1,10,4.7,1.9,2091.94
PARAM-LOT-02,W05,18,-5,1,10,3.08,1.87,2079.17
PARAM-LOT-02,W05,18,-4,1,10,2.51,1.88,2095.97
PARAM-LOT-02,W05,18,-3,1,10,4.83,1.87,2077.91
PARAM-LOT-02,W05,18,-2,1,10,4.03,1.84,2138.61
PARAM-LOT-02,W05,18,-1,1,10,3.36,1.89,2096.79
PARAM-LOT-02,W05,18,0,1,10,4.2,1.91,2105.19
PARAM-LOT-02,W05,18,1,1,10,3.43,1.9,2124.13
PARAM-LOT-02,W05,18,2,1,10,3.79,1.89,2132.57
PARAM-LOT-02,W05,18,3,1,10,4.39,1.9,2129.52
PARAM-LOT-02,W05,18,4,1,10,4.52,1.89,2071.13
PARAM-LOT-02,W05,18,5,1,10,4.36,1.91,2110.12
PARAM-LOT-02,W05,18,6,1,10,4.32,1.9,2085.04
PARAM-LOT-02,W05,19,-3,2,21,5.29,1.93,2133.05
PARAM-LOT-02,W05,19,-2,2,21,5.05,1.88,2106.81
PARAM-LOT-02,W05,19,-1,1,10,4.86,1.93,2129.01
PARAM-LOT-02,W05,19,0,1,10,4.71,1.88,2082.1
PARAM-LOT-02,W05,19,1,1,10,3.85,1.87,2098.07
PARAM-LOT-02,W05,19,2,1,10,4.82,1.92,2072.16
PARAM-LOT-02,W05,19,3,2,21,5.16,1.9,2093.29
PARAM-LOT-02,W06,-19,-3,1,10,4.77,1.75,2097.04
PARAM-LOT-02,W06,-19,-2,1,10,4.96,1.72,2110.07
PARAM-LOT-02,W06,-19,-1,2,21,5.6,1.71,2075.87
PARAM-LOT-02,W06,-19,0,2,21,5.26,1.66,2106.16
PARAM-LOT-02,W06,-19,1,1,10,4.52,1.7,2083.98
PARAM-LOT-02,W06,-19,2,1,10,4.37,1.7,2135.81
PARAM-LOT-02,W06,-19,3,2,21,5.9,1.7,2090.49
PARAM-LOT-02,W06,-18,-6,2,21,5.43,1.7,2087.96
PARAM-LOT-02,W06,-18,-5,1,10,4.86,1.71,2097.33
PARAM-LOT-02,W06,-18,-4,2,21,5.24,1.73,2064.43
PARAM-LOT-02,W06,-18,-3,3,31,6.78,1.71,2123.38
PARAM-LOT-02,W06,-18,-2,1,10,3.89,1.71,2084.82
PARAM-LOT-02,W06,-18,-1,2,21,5.21,1.74,2099.17
PARAM-LOT-02,W06,-18,0,1,10,4.06,1.73,2142.81
PARAM-LOT-02,W06,-18,1,2,21,5.69,1.71,2051.11
PARAM-LOT-02,W06,-18,2,1,10,4.87,1.69,2135.14
PARAM-LOT-02,W06,-18,3,1,10,3.86,1.69,2107.23
PARAM-LOT-02,W06,-18,4,1,10,4.03,1.69,2062.86
PARAM-LOT-02,W06,-18,5,1,10,4.41,1.68,2120.31
PARAM-LOT-02,W06,-18,6,1,10,4.49,1.74,2065.64
PARAM-LOT-02,W06,-17,-9,1,10,3.55,1.69,2123.87
PARAM-LOT-02,W06,-17,-8,2,21,5.06,1.69,2100.05
PARAM-LOT-02,W06,-17,-7,1,10,4.65,1.7,2145.6
PARAM-LOT-02,W06,-17,-6,2,21,5.04,1.73,2071.65
PARAM-LOT-02,W06,-17,-5,1,10,3.73,1.77,2085.86
PARAM-LOT-02,W06,-17,-4,1,10,3.49,1.7,2094.57
PARAM-LOT-02,W06,-17,-3,2,21,6.04,1.71,2097.01
PARAM-LOT-02,W06,-17,-2,2,21,5.16,1.72,2154.65
PARAM-LOT-02,W06,-17,-1,1,10,4.46,1.7,2138.99
PARAM-LOT-02,W06,-17,0,2,21,5.46,1.73,2123.05
PARAM-LOT-02,W06,-17,1,1,10,3.53,1.74,2118.64
PARAM-LOT-02,W06,-17,2,1,10,4.47,1.71,2095.05
PARAM-LOT-02,W06,-17,3,1,10,4.51,1.72,2088.15
PARAM-LOT-02,W06,-17,4,1,10,3.96,1.73,2097.18
PARAM-LOT-02,W06,-17,5,1,10,4.07,1.75,2111.79
PARAM-LOT-02,W06,-17,6,1,10,4.23,1.68,2117.3
PARAM-LOT-02,W06,-17,7,1,10,4.38,1.72,2094.23
PARAM-LOT-02,W06,-17,8,1,10,4.47,1.67,2076.93
PARAM-LOT-02,W06,-17,9,1,10,3.91,1.71,2118.75
PARAM-LOT-02,W06,-16,-10,2,21,5.41,1.76,2103.15
PARAM-LOT-02,W06,-16,-9,2,21,5.52,1.75,2113.88
PARAM-LOT-02,W06,-16,-8,1,10,3.25,1.73,2086.16
PARAM-LOT-02,W06,-16,-7,1,10,4.54,1.72,2097.67
PARAM-LOT-02,W06,-16,-6,1,10,3.68,1.76,2156.77
PARAM-LOT-02,W06,-16,-5,1,10,4.28,1.73,2093.09
PARAM-LOT-02,W06,-16,-4,2,21,6.05,1.7,2119.08
PARAM-LOT-02,W06,-16,-3,1,10,4.48,1.69,2092.83
PARAM-LOT-02,W06,-16,-2,1,10,4.16,1.7,2059.63
PARAM-LOT-02,W06,-16,-1,1,10,4.52,1.68,2085.87
PARAM-LOT-02,W06,-16,0,1,10,4.71,1.75,2132.41
PARAM-LOT-02,W06,-16,1,2,21,5.18,1.71,2111.38
PARAM-LOT-02,W06,-16,2,1,10,4.1,1.71,2059.46
PARAM-LOT-02,W06,-16,3,2,21,5.47,1.74,2109.75
PARAM-LOT-02,W06,-16,4,2,21,5.51,1.72,2047.27
PARAM-LOT-02,W06,-16,5,1,10,4.84,1.7,2105.23
PARAM-LOT-02,W06,-16,6,1,10,4.36,1.72,2145.53
PARAM-LOT-02,W06,-16,7,2,21,5.8,1.7,2064.06
PARAM-LOT-02,W06,-16,8,1,10,4,1.74,2111.67
PARAM-LOT-02,W06,-16,9,1,10,4.25,1.72,2074.33
PARAM-LOT-02,W06,-16,10,1,10,3.97,1.72,2148.73
PARAM-LOT-02,W06,-15,-12,1,10,4.53,1.69,2089.36
PARAM-LOT-02,W06,-15,-11,1,10,4.32,1.72,2066.51
PARAM-LOT-02,W06,-15,-10,1,10,4.26,1.76,2106.73
PARAM-LOT-02,W06,-15,-9,1,10,4.4,1.76,2076.26
PARAM-LOT-02,W06,-15,-8,1,10,4.19,1.72,2075.69
PARAM-LOT-02,W06,-15,-7,1,10,3.85,1.73,2087.19
PARAM-LOT-02,W06,-15,-6,1,10,3.73,1.73,2078.61
PARAM-LOT-02,W06,-15,-5,1,10,4.45,1.75,2106.76
PARAM-LOT-02,W06,-15,-4,2,21,5.09,1.74,2115.63
PARAM-LOT-02,W06,-15,-3,2,21,5.44,1.74,2145.49
PARAM-LOT-02,W06,-15,-2,1,10,4.18,1.69,2156.53
PARAM-LOT-02,W06,-15,-1,1,10,4.41,1.68,2114.96
PARAM-LOT-02,W06,-15,0,1,10,4.44,1.7,2098.23
PARAM-LOT-02,W06,-15,1,2,21,5.06,1.73,2116.93
PARAM-LOT-02,W06,-15,2,1,10,4.34,1.74,2062.92
PARAM-LOT-02,W06,-15,3,1,10,3.61,1.73,2146.68
PARAM-LOT-02,W06,-15,4,1,10,3.26,1.73,2038.29
PARAM-LOT-02,W06,-15,5,1,10,4.45,1.72,2104.88
PARAM-LOT-02,W06,-15,6,1,10,3.28,1.68,2042.94
PARAM-LOT-02,W06,-15,7,2,21,5.04,1.7,2086.18
PARAM-LOT-02,W06,-15,8,1,10,3.86,1.69,2156.74
PARAM-LOT-02,W06,-15,9,1,10,4.08,1.73,2073.21
PARAM-LOT-02,W06,-15,10,1,10,3.89,1.74,2110.28
PARAM-LOT-02,W06,-15,11,1,10,3.79,1.71,2111.48
PARAM-LOT-02,W06,-15,12,2,21,5.47,1.7,2035.97
PARAM-LOT-02,W06,-14,-13,2,21,5.07,1.73,2126.43
PARAM-LOT-02,W06,-14,-12,1,10,3.48,1.72,2120.28
PARAM-LOT-02,W06,-14,-11,2,21,5.14,1.73,2108.64
PARAM-LOT-02,W06,-14,-10,1,10,5,1.75,2083.97
PARAM-LOT-02,W06,-14,-9,1,10,4.46,1.7,2114.66
PARAM-LOT-02,W06,-14,-8,2,21,5.64,1.71,2084.01
PARAM-LOT-02,W06,-14,-7,1,10,4.91,1.71,2108.87
PARAM-LOT-02,W06,-14,-6,2,21,5.93,1.74,2138.38
PARAM-LOT-02,W06,-14,-5,1,10,4.43,1.72,2097.7
PARAM-LOT-02,W06,-14,-4,1,10,4.83,1.7,2112.84
PARAM-LOT-02,W06,-14,-3,1,10,4.32,1.72,2078.06
PARAM-LOT-02,W06,-14,-2,1,10,4.82,1.73,2100.43
PARAM-LOT-02,W06,-14,-1,1,10,4.48,1.69,2088.57
PARAM-LOT-02,W06,-14,0,1,10,3.8,1.74,2118.04
PARAM-LOT-02,W06,-14,1,1,10,3.81,1.71,2107.11
PARAM-LOT-02,W06,-14,2,1,10,3.99,1.71,2096.54
PARAM-LOT-02,W06,-14,3,1,10,2.69,1.74,2145.04
PARAM-LOT-02,W06,-14,4,1,10,4.16,1.71,2086.1
PARAM-LOT-02,W06,-14,5,1,10,3.89,1.74,2142.86
PARAM-LOT-02,W06,-14,6,1,10,4.57,1.72,2086.48
PARAM-LOT-02,W06,-14,7,1,10,3.83,1.73,2066.89
PARAM-LOT-02,W06,-14,8,1,10,3.52,1.71,2127.23
PARAM-LOT-02,W06,-14,9,2,21,5.19,1.72,2098.62
PARAM-LOT-02,W06,-14,10,1,10,3.97,1.72,2141.62
PARAM-LOT-02,W06,-14,11,1,10,4.45,1.74,2094.76
PARAM-LOT-02,W06,-14,12,1,10,4.93,1.79,2129.9
PARAM-LOT-02,W06,-14,13,1,10,3.74,1.76,2138.82
PARAM-LOT-02,W06,-13,-14,1,10,4.29,1.76,2097.28
PARAM-LOT-02,W06,-13,-13,1,10,3.78,1.73,2098.92
PARAM-LOT-02,W06,-13,-12,1,10,4.22,1.72,2132.47
PARAM-LOT-02,W06,-13,-11,1,10,3.72,1.68,2053.85
PARAM-LOT-02,W06,-13,-10,1,10,3.17,1.71,2116.21
PARAM-LOT-02,W06,-13,-9,1,10,3.75,1.73,2149.2
PARAM-LOT-02,W06,-13,-8,1,10,4.64,1.71,2111.91
PARAM-LOT-02,W06,-13,-7,2,21,6.47,1.73,2170.49
PARAM-LOT-02,W06,-13,-6,1,10,3.56,1.75,2121.69
PARAM-LOT-02,W06,-13,-5,1,10,3.66,1.72,2115.55
PARAM-LOT-02,W06,-13,-4,1,10,3.4,1.79,2083.45
PARAM-LOT-02,W06,-13,-3,1,10,3.9,1.74,2102.1
PARAM-LOT-02,W06,-13,-2,1,10,3.57,1.73,2068.79
PARAM-LOT-02,W06,-13,-1,1,10,4.75,1.74,2055.67
PARAM-LOT-02,W06,-13,0,1,10,3.51,1.76,2082.55
PARAM-LOT-02,W06,-13,1,1,10,4.22,1.72,2083.55
PARAM-LOT-02,W06,-13,2,1,10,3.7,1.7,2056.47
PARAM-LOT-02,W06,-13,3,1,10,3.08,1.75,2115.91
PARAM-LOT-02,W06,-13,4,1,10,4.95,1.76,2131.49
PARAM-LOT-02,W06,-13,5,1,10,4.1,1.71,2081.73
PARAM-LOT-02,W06,-13,6,1,10,2.65,1.73,2104.16
PARAM-LOT-02,W06,-13,7,1,10,3.96,1.78,2091.73
PARAM-LOT-02,W06,-13,8,1,10,4.38,1.74,2066.49
PARAM-LOT-02,W06,-13,9,1,10,3.86,1.71,2146.86
PARAM-LOT-02,W06,-13,10,1,10,4.11,1.74,2115.79
PARAM-LOT-02,W06,-13,11,2,21,5.18,1.69,2114.31
PARAM-LOT-02,W06,-13,12,2,21,5.59,1.73,2120.93
PARAM-LOT-02,W06,-13,13,1,10,4.58,1.71,2060.05
PARAM-LOT-02,W06,-13,14,1,10,3.13,1.7,2080.03
PARAM-LOT-02,W06,-12,-15,1,10,3.28,1.76,2094.66
PARAM-LOT-02,W06,-12,-14,1,10,4.88,1.76,2124.5
PARAM-LOT-02,W06,-12,-13,1,10,4.6,1.79,2060.37
PARAM-LOT-02,W06,-12,-12,1,10,3.41,1.7,2121.65
PARAM-LOT-02,W06,-12,-11,1,10,4.07,1.77,2120.04
PARAM-LOT-02,W06,-12,-10,1,10,4.58,1.78,2110.32
PARAM-LOT-02,W06,-12,-9,1,10,4.27,1.75,2149.1
PARAM-LOT-02,W06,-12,-8,1,10,4.13,1.72,2091.03
PARAM-LOT-02,W06,-12,-7,1,10,4.19,1.74,2062.07
PARAM-LOT-02,W06,-12,-6,1,10,3.25,1.75,2084.85
PARAM-LOT-02,W06,-12,-5,1,10,3.57,1.73,2109.68
PARAM-LOT-02,W06,-12,-4,1,10,3.24,1.71,2072.02
PARAM-LOT-02,W06,-12,-3,1,10,4.45,1.72,2093.42
PARAM-LOT-02,W06,-12,-2,1,10,3.05,1.72,2086.63
PARAM-LOT-02,W06,-12,-1,1,10,4.52,1.7,2127.11
PARAM-LOT-02,W06,-12,0,1,10,3.81,1.74,2100.06
PARAM-LOT-02,W06,-12,1,1,10,4.93,1.73,2087.02
PARAM-LOT-02,W06,-12,2,1,10,4.61,1.73,2153.89
PARAM-LOT-02,W06,-12,3,1,10,4.61,1.74,2082.35
PARAM-LOT-02,W06,-12,4,1,10,3.89,1.72,2146.18
PARAM-LOT-02,W06,-12,5,1,10,4.92,1.74,2090.34
PARAM-LOT-02,W06,-12,6,1,10,3.96,1.76,2096.33
PARAM-LOT-02,W06,-12,7,1,10,3.67,1.77,2094.42
PARAM-LOT-02,W06,-12,8,1,10,4.16,1.69,2119.3
PARAM-LOT-02,W06,-12,9,1,10,4.91,1.73,2131.97
PARAM-LOT-02,W06,-12,10,1,10,4.24,1.74,2092.44
PARAM-LOT-02,W06,-12,11,1,10,3.13,1.77,2103.08
PARAM-LOT-02,W06,-12,12,1,10,4.9,1.7,2094.11
PARAM-LOT-02,W06,-12,13,1,10,4.91,1.75,2111.36
PARAM-LOT-02,W06,-12,14,2,21,5.73,1.73,2100.78
PARAM-LOT-02,W06,-12,15,1,10,4.58,1.76,2097.29
PARAM-LOT-02,W06,-11,-15,1,10,4.4,1.69,2069.33
PARAM-LOT-02,W06,-11,-14,1,10,3.92,1.75,2111.84
PARAM-LOT-02,W06,-11,-13,1,10,3.85,1.73,2128.21
PARAM-LOT-02,W06,-11,-12,1,10,4.52,1.73,2076.26
PARAM-LOT-02,W06,-11,-11,1,10,4.63,1.73,2085.48
PARAM-LOT-02,W06,-11,-10,1,10,3.89,1.77,2082.16
PARAM-LOT-02,W06,-11,-9,1,10,4.14,1.73,2118.85
PARAM-LOT-02,W06,-11,-8,1,10,4.67,1.71,2069.82
PARAM-LOT-02,W06,-11,-7,2,21,5.88,1.75,2138.01
PARAM-LOT-02,W06,-11,-6,1,10,3.8,1.79,2107.54
PARAM-LOT-02,W06,-11,-5,1,10,3.67,1.73,2121.31
PARAM-LOT-02,W06,-11,-4,1,10,2.81,1.71,2116.42
PARAM-LOT-02,W06,-11,-3,1,10,3.56,1.74,2115.61
PARAM-LOT-02,W06,-11,-2,1,10,2.55,1.8,2106.45
PARAM-LOT-02,W06,-11,-1,1,10,3.89,1.72,2167.7
PARAM-LOT-02,W06,-11,0,1,10,3.92,1.77,2091.45
PARAM-LOT-02,W06,-11,1,1,10,3.3,1.77,2133.46
PARAM-LOT-02,W06,-11,2,1,10,3.72,1.74,2111.41
PARAM-LOT-02,W06,-11,3,1,10,4.35,1.76,2090.79
PARAM-LOT-02,W06,-11,4,1,10,3.41,1.78,2103.03
PARAM-LOT-02,W06,-11,5,1,10,3.09,1.76,2097.13
PARAM-LOT-02,W06,-11,6,2,21,6,1.73,2057.19
PARAM-LOT-02,W06,-11,7,1,10,3.52,1.73,2124.59
PARAM-LOT-02,W06,-11,8,1,10,3.53,1.77,2068.89
PARAM-LOT-02,W06,-11,9,1,10,3.77,1.74,2115.37
PARAM-LOT-02,W06,-11,10,1,10,3.73,1.74,2095.67
PARAM-LOT-02,W06,-11,11,1,10,3.86,1.76,2148.05
PARAM-LOT-02,W06,-11,12,1,10,3.86,1.76,2074.32
PARAM-LOT-02,W06,-11,13,1,10,3.73,1.75,2123.12
PARAM-LOT-02,W06,-11,14,1,10,3.85,1.75,2115.56
PARAM-LOT-02,W06,-11,15,1,10,3.99,1.75,2138.08
PARAM-LOT-02,W06,-10,-16,1,10,4.33,1.73,2094.97
PARAM-LOT-02,W06,-10,-15,1,10,4.06,1.79,2097.33
PARAM-LOT-02,W06,-10,-14,3,31,7.54,1.7,2127.86
PARAM-LOT-02,W06,-10,-13,1,10,3.81,1.7,2050.89
PARAM-LOT-02,W06,-10,-12,1,10,3.81,1.72,2133.63
PARAM-LOT-02,W06,-10,-11,1,10,3.38,1.78,2127.46
PARAM-LOT-02,W06,-10,-10,1,10,3.36,1.69,2141.78
PARAM-LOT-02,W06,-10,-9,1,10,3.58,1.72,2061.23
PARAM-LOT-02,W06,-10,-8,1,10,3.2,1.75,2114.47
PARAM-LOT-02,W06,-10,-7,1,10,3.67,1.76,2116.68
PARAM-LOT-02,W06,-10,-6,2,21,5.35,1.7,2106.27
PARAM-LOT-02,W06,-10,-5,1,10,4.28,1.71,2136.13
PARAM-LOT-02,W06,-10,-4,1,10,3.14,1.75,2084.99
PARAM-LOT-02,W06,-10,-3,1,10,3.32,1.71,2126.57
PARAM-LOT-02,W06,-10,-2,1,10,3.1,1.76,2078.91
PARAM-LOT-02,W06,-10,-1,1,10,3.67,1.72,2140.06
PARAM-LOT-02,W06,-10,0,1,10,3.69,1.74,2135.2
PARAM-LOT-02,W06,-10,1,1,10,3.14,1.71,2080.73
PARAM-LOT-02,W06,-10,2,1,10,3.3,1.76,2046.73
PARAM-LOT-02,W06,-10,3,1,10,3.76,1.81,2101.39
PARAM-LOT-02,W06,-10,4,1,10,2.98,1.78,2121.22
PARAM-LOT-02,W06,-10,5,1,10,3.86,1.78,2074.21
PARAM-LOT-02,W06,-10,6,1,10,3.62,1.78,2093.49
PARAM-LOT-02,W06,-10,7,1,10,2.88,1.76,2088.01
PARAM-LOT-02,W06,-10,8,1,10,3.34,1.73,2110.99
PARAM-LOT-02,W06,-10,9,1,10,4.43,1.73,2094.11
PARAM-LOT-02,W06,-10,10,1,10,3.51,1.71,2084.43
PARAM-LOT-02,W06,-10,11,1,10,4.83,1.75,2100.79
PARAM-LOT-02,W06,-10,12,1,10,3.64,1.74,2106.73
PARAM-LOT-02,W06,-10,13,1,10,3.86,1.76,2125.8
PARAM-LOT-02,W06,-10,14,1,10,4.42,1.76,2133.95
PARAM-LOT-02,W06,-10,15,1,10,4.32,1.76,2117.68
PARAM-LOT-02,W06,-10,16,1,10,3.81,1.78,2088.73
PARAM-LOT-02,W06,-9,-17,2,21,5.51,1.78,2115
PARAM-LOT-02,W06,-9,-16,2,21,5.08,1.76,2097.16
PARAM-LOT-02,W06,-9,-15,1,10,4.38,1.73,2091.77
PARAM-LOT-02,W06,-9,-14,2,21,5.1,1.76,2111.72
PARAM-LOT-02,W06,-9,-13,1,10,4.72,1.75,2105.68
PARAM-LOT-02,W06,-9,-12,1,10,3.93,1.74,2121.34
PARAM-LOT-02,W06,-9,-11,1,10,3.78,1.7,2065.6
PARAM-LOT-02,W06,-9,-10,1,10,4.7,1.76,2087.52
PARAM-LOT-02,W06,-9,-9,1,10,3.89,1.77,2095.1
PARAM-LOT-02,W06,-9,-8,1,10,4.4,1.73,2056.27
PARAM-LOT-02,W06,-9,-7,1,10,4.24,1.74,2095.75
PARAM-LOT-02,W06,-9,-6,1,10,4.7,1.75,2094.82
PARAM-LOT-02,W06,-9,-5,1,10,3.5,1.74,2117.75
PARAM-LOT-02,W06,-9,-4,1,10,4.32,1.71,2136.38
PARAM-LOT-02,W06,-9,-3,1,10,2.7,1.75,2081.69
PARAM-LOT-02,W06,-9,-2,1,10,3.57,1.78,2072.69
PARAM-LOT-02,W06,-9,-1,1,10,4.1,1.7,2064.44
PARAM-LOT-02,W06,-9,0,1,10,3.39,1.76,2082.14
PARAM-LOT-02,W06,-9,1,1,10,3.28,1.74,2108.94
PARAM-LOT-02,W06,-9,2,1,10,3.61,1.71,2098.58
PARAM-LOT-02,W06,-9,3,1,10,3.54,1.78,2155.3
PARAM-LOT-02,W06,-9,4,1,10,3.52,1.74,2100.33
PARAM-LOT-02,W06,-9,5,1,10,4.19,1.72,2095.02
PARAM-LOT-02,W06,-9,6,1,10,4.47,1.78,2120.08
PARAM-LOT-02,W06,-9,7,1,10,2.99,1.75,2080.08
PARAM-LOT-02,W06,-9,8,1,10,4.62,1.74,2090.45
PARAM-LOT-02,W06,-9,9,1,10,3.36,1.73,2101.06
PARAM-LOT-02,W06,-9,10,2,21,5.4,1.73,2116.17
PARAM-LOT-02,W06,-9,11,1,10,3.24,1.74,2087.53
PARAM-LOT-02,W06,-9,12,1,10,4.38,1.81,2145.87
PARAM-LOT-02,W06,-9,13,1,10,4.18,1.77,2116.74
PARAM-LOT-02,W06,-9,14,2,21,6.5,1.75,2110.15
PARAM-LOT-02,W06,-9,15,1,10,4.57,1.75,2129.08
PARAM-LOT-02,W06,-9,16,1,10,3.85,1.75,2101.88
PARAM-LOT-02,W06,-9,17,2,21,5.01,1.76,2116.27
PARAM-LOT-02,W06,-8,-17,2,21,5.41,1.76,2075.15
PARAM-LOT-02,W06,-8,-16,2,21,5.13,1.72,2128.85
PARAM-LOT-02,W06,-8,-15,1,10,3.8,1.72,2087.96
PARAM-LOT-02,W06,-8,-14,2,21,5.07,1.76,2098.55
PARAM-LOT-02,W06,-8,-13,1,10,4.03,1.76,2078.56
PARAM-LOT-02,W06,-8,-12,2,21,5.18,1.78,2088.93
PARAM-LOT-02,W06,-8,-11,1,10,4.17,1.73,2108.32
PARAM-LOT-02,W06,-8,-10,1,10,4.41,1.79,2111.39
PARAM-LOT-02,W06,-8,-9,1,10,3.85,1.74,2175.14
PARAM-LOT-02,W06,-8,-8,1,10,2.46,1.74,2094.32
PARAM-LOT-02,W06,-8,-7,1,10,2.81,1.84,2121.95
PARAM-LOT-02,W06,-8,-6,1,10,3.11,1.75,2073.09
PARAM-LOT-02,W06,-8,-5,1,10,4.03,1.73,2113.04
PARAM-LOT-02,W06,-8,-4,1,10,2.71,1.79,2156.86
PARAM-LOT-02,W06,-8,-3,1,10,3.74,1.76,2087.53
PARAM-LOT-02,W06,-8,-2,1,10,2.95,1.76,2141.59
PARAM-LOT-02,W06,-8,-1,1,10,3.73,1.77,2079.33
PARAM-LOT-02,W06,-8,0,1,10,2.41,1.75,2085.55
PARAM-LOT-02,W06,-8,1,1,10,4.43,1.75,2070.06
PARAM-LOT-02,W06,-8,2,1,10,2.72,1.7,2106.68
PARAM-LOT-02,W06,-8,3,1,10,3.08,1.69,2120.3
PARAM-LOT-02,W06,-8,4,1,10,2.92,1.8,2111.83
PARAM-LOT-02,W06,-8,5,1,10,4.45,1.81,2072.37
PARAM-LOT-02,W06,-8,6,1,10,3.79,1.72,2099.69
PARAM-LOT-02,W06,-8,7,1,10,3.27,1.77,2080.02
PARAM-LOT-02,W06,-8,8,1,10,3.17,1.73,2120.18
PARAM-LOT-02,W06,-8,9,1,10,4.64,1.73,2075.1
PARAM-LOT-02,W06,-8,10,1,10,4.31,1.74,2091.27
PARAM-LOT-02,W06,-8,11,1,10,4.68,1.8,2133.34
PARAM-LOT-02,W06,-8,12,1,10,3.68,1.74,2115.71
PARAM-LOT-02,W06,-8,13,1,10,5,1.8,2115.67
PARAM-LOT-02,W06,-8,14,1,10,4.69,1.75,2069.1
PARAM-LOT-02,W06,-8,15,1,10,4,1.74,2071.02
PARAM-LOT-02,W06,-8,16,1,10,3.99,1.8,2122.73
PARAM-LOT-02,W06,-8,17,1,10,4.63,1.76,2097.88
PARAM-LOT-02,W06,-7,-17,2,21,5.1,1.77,2099.8
PARAM-LOT-02,W06,-7,-16,1,10,4.39,1.76,2106.77
PARAM-LOT-02,W06,-7,-15,1,10,4.38,1.76,2116.5
PARAM-LOT-02,W06,-7,-14,1,10,3.68,1.77,2079.21
PARAM-LOT-02,W06,-7,-13,1,10,4.42,1.76,2129.39
PARAM-LOT-02,W06,-7,-12,1,10,4.53,1.79,2123.22
PARAM-LOT-02,W06,-7,-11,1,10,4.02,1.74,2111.73
PARAM-LOT-02,W06,-7,-10,1,10,2.97,1.79,2106.86
PARAM-LOT-02,W06,-7,-9,1,10,3.75,1.77,2147.6
PARAM-LOT-02,W06,-7,-8,1,10,4.03,1.74,2090.69
PARAM-LOT-02,W06,-7,-7,1,10,2.74,1.79,2104.77
PARAM-LOT-02,W06,-7,-6,1,10,3.72,1.75,2096.68
PARAM-LOT-02,W06,-7,-5,1,10,3.81,1.78,2100.4
PARAM-LOT-02,W06,-7,-4,1,10,3.28,1.75,2107.67
PARAM-LOT-02,W06,-7,-3,1,10,3.72,1.77,2108.8
PARAM-LOT-02,W06,-7,-2,1,10,4.42,1.77,2095.1
PARAM-LOT-02,W06,-7,-1,1,10,4.3,1.78,2104.94
PARAM-LOT-02,W06,-7,0,1,10,2.27,1.78,2063.44
PARAM-LOT-02,W06,-7,1,1,10,2.71,1.78,2055.81
PARAM-LOT-02,W06,-7,2,1,10,3.09,1.75,2120.98
PARAM-LOT-02,W06,-7,3,1,10,3.99,1.72,2091.97
PARAM-LOT-02,W06,-7,4,1,10,4.03,1.74,2069.59
PARAM-LOT-02,W06,-7,5,1,10,2.28,1.81,2132.11
PARAM-LOT-02,W06,-7,6,1,10,3.16,1.8,2123.13
PARAM-LOT-02,W06,-7,7,1,10,4.12,1.75,2088.16
PARAM-LOT-02,W06,-7,8,1,10,4.15,1.73,2103.05
PARAM-LOT-02,W06,-7,9,1,10,4.05,1.74,2109.45
PARAM-LOT-02,W06,-7,10,1,10,4.82,1.79,2099.86
PARAM-LOT-02,W06,-7,11,1,10,4.21,1.79,2093.18
PARAM-LOT-02,W06,-7,12,1,10,3.08,1.79,2092.94
PARAM-LOT-02,W06,-7,13,1,10,3.72,1.76,2104.78
PARAM-LOT-02,W06,-7,14,1,10,3.64,1.8,2117.59
PARAM-LOT-02,W06,-7,15,2,21,5.46,1.8,2051.72
PARAM-LOT-02,W06,-7,16,1,10,4.37,1.73,2072.33
PARAM-LOT-02,W06,-7,17,1,10,4.22,1.74,2074.95
PARAM-LOT-02,W06,-6,-18,1,10,4.26,1.79,2116.48
PARAM-LOT-02,W06,-6,-17,1,10,3.47,1.75,2109.38
PARAM-LOT-02,W06,-6,-16,1,10,3.74,1.72,2099.98
PARAM-LOT-02,W06,-6,-15,1,10,3.92,1.79,2094
PARAM-LOT-02,W06,-6,-14,1,10,3.85,1.8,2106.23
PARAM-LOT-02,W06,-6,-13,2,21,5.73,1.73,2033.37
PARAM-LOT-02,W06,-6,-12,1,10,4.9,1.78,2157.49
PARAM-LOT-02,W06,-6,-11,1,10,3.16,1.77,2079.23
PARAM-LOT-02,W06,-6,-10,1,10,4.73,1.79,2115.53
PARAM-LOT-02,W06,-6,-9,1,10,3.84,1.76,2101.54
PARAM-LOT-02,W06,-6,-8,1,10,3.76,1.78,2140.62
PARAM-LOT-02,W06,-6,-7,1,10,4.23,1.78,2105.26
PARAM-LOT-02,W06,-6,-6,1,10,2.57,1.77,2123.92
PARAM-LOT-02,W06,-6,-5,1,10,3.6,1.77,2122.39
PARAM-LOT-02,W06,-6,-4,1,10,3.31,1.8,2048.25
PARAM-LOT-02,W06,-6,-3,1,10,3.76,1.78,2091.98
PARAM-LOT-02,W06,-6,-2,1,10,3.62,1.76,2065.96
PARAM-LOT-02,W06,-6,-1,1,10,2.95,1.77,2106.03
PARAM-LOT-02,W06,-6,0,1,10,2.31,1.81,2131.07
PARAM-LOT-02,W06,-6,1,1,10,3.21,1.77,2073.04
PARAM-LOT-02,W06,-6,2,1,10,2.25,1.76,2152.78
PARAM-LOT-02,W06,-6,3,1,10,3.25,1.79,2099.22
PARAM-LOT-02,W06,-6,4,1,10,2.88,1.74,2117.62
PARAM-LOT-02,W06,-6,5,1,10,4.02,1.77,2069.13
PARAM-LOT-02,W06,-6,6,1,10,4.31,1.75,2088.3
PARAM-LOT-02,W06,-6,7,1,10,3.49,1.75,2033.49
PARAM-LOT-02,W06,-6,8,1,10,3.11,1.77,2120.39
PARAM-LOT-02,W06,-6,9,1,10,3.16,1.81,2090.55
PARAM-LOT-02,W06,-6,10,1,10,2.48,1.76,2078.4
PARAM-LOT-02,W06,-6,11,1,10,2.84,1.75,2107.52
PARAM-LOT-02,W06,-6,12,1,10,3.49,1.78,2105.68
PARAM-LOT-02,W06,-6,13,1,10,3.78,1.75,2090.59
PARAM-LOT-02,W06,-6,14,1,10,4.34,1.77,2126.19
PARAM-LOT-02,W06,-6,15,1,10,4.15,1.82,2110.69
PARAM-LOT-02,W06,-6,16,2,21,5.91,1.79,2105.73
PARAM-LOT-02,W06,-6,17,1,10,4.26,1.79,2129.88
PARAM-LOT-02,W06,-6,18,2,21,5.19,1.77,2072.81
PARAM-LOT-02,W06,-5,-18,1,10,4.19,1.79,2106.53
PARAM-LOT-02,W06,-5,-17,1,10,3.59,1.78,2092.03
PARAM-LOT-02,W06,-5,-16,1,10,3.73,1.81,2112.29
PARAM-LOT-02,W06,-5,-15,1,10,4.89,1.81,2061.5
PARAM-LOT-02,W06,-5,-14,1,10,4.65,1.8,2136.09
PARAM-LOT-02,W06,-5,-13,1,10,3.88,1.78,2116.68
PARAM-LOT-02,W06,-5,-12,1,10,4.21,1.76,2090.06
PARAM-LOT-02,W06,-5,-11,1,10,4.01,1.72,2148
PARAM-LOT-02,W06,-5,-10,1,10,4,1.76,2122.2
PARAM-LOT-02,W06,-5,-9,1,10,4.9,1.74,2101.9
PARAM-LOT-02,W06,-5,-8,1,10,4.44,1.77,2135.3
PARAM-LOT-02,W06,-5,-7,1,10,3.81,1.81,2065.4
PARAM-LOT-02,W06,-5,-6,1,10,3.12,1.78,2100.29
PARAM-LOT-02,W06,-5,-5,1,10,3.19,1.81,2080.18
PARAM-LOT-02,W06,-5,-4,1,10,2.15,1.73,2090.84
PARAM-LOT-02,W06,-5,-3,1,10,3.78,1.8,2131.38
PARAM-LOT-02,W06,-5,-2,1,10,3.38,1.79,2085.44
PARAM-LOT-02,W06,-5,-1,1,10,2.75,1.78,2085
PARAM-LOT-02,W06,-5,0,1,10,2.87,1.78,2114.66
PARAM-LOT-02,W06,-5,1,1,10,3.78,1.74,2098.39
PARAM-LOT-02,W06,-5,2,1,10,2.3,1.77,2116.33
PARAM-LOT-02,W06,-5,3,1,10,2.21,1.77,2112.93
PARAM-LOT-02,W06,-5,4,1,10,3.12,1.75,2102.81
PARAM-LOT-02,W06,-5,5,1,10,2.94,1.79,2119.39
PARAM-LOT-02,W06,-5,6,1,10,3.45,1.78,2120.72
PARAM-LOT-02,W06,-5,7,1,10,2.51,1.77,2054.39
PARAM-LOT-02,W06,-5,8,1,10,3.54,1.79,2112.52
PARAM-LOT-02,W06,-5,9,1,10,3.26,1.76,2099.54
PARAM-LOT-02,W06,-5,10,1,10,3.07,1.77,2109.93
PARAM-LOT-02,W06,-5,11,2,21,5.34,1.8,2159.45
PARAM-LOT-02,W06,-5,12,1,10,3.4,1.79,2082.28
PARAM-LOT-02,W06,-5,13,1,10,4.24,1.75,2074.5
PARAM-LOT-02,W06,-5,14,1,10,3.36,1.79,2058.42
PARAM-LOT-02,W06,-5,15,1,10,3.91,1.73,2059.42
PARAM-LOT-02,W06,-5,16,1,10,3.85,1.79,2085.66
PARAM-LOT-02,W06,-5,17,1,10,3.44,1.79,2082.2
PARAM-LOT-02,W06,-5,18,1,10,4.74,1.74,2133.45
PARAM-LOT-02,W06,-4,-18,1,10,4.13,1.77,2100.41
PARAM-LOT-02,W06,-4,-17,1,10,3.49,1.8,2076.44
PARAM-LOT-02,W06,-4,-16,1,10,4.23,1.78,2119.05
PARAM-LOT-02,W06,-4,-15,1,10,4.85,1.76,2036.59
PARAM-LOT-02,W06,-4,-14,1,10,3.64,1.82,2111.09
PARAM-LOT-02,W06,-4,-13,1,10,4.36,1.83,2107.02
PARAM-LOT-02,W06,-4,-12,1,10,4.64,1.76,2084.91
PARAM-LOT-02,W06,-4,-11,1,10,3.87,1.77,2077.28
PARAM-LOT-02,W06,-4,-10,1,10,4.76,1.78,2036.25
PARAM-LOT-02,W06,-4,-9,1,10,2.77,1.82,2056.46
PARAM-LOT-02,W06,-4,-8,1,10,3.61,1.78,2062.43
PARAM-LOT-02,W06,-4,-7,1,10,3.32,1.79,2076.93
PARAM-LOT-02,W06,-4,-6,1,10,2.9,1.78,2094.21
PARAM-LOT-02,W06,-4,-5,1,10,2.72,1.82,2093.81
PARAM-LOT-02,W06,-4,-4,1,10,3.86,1.78,2120.33
PARAM-LOT-02,W06,-4,-3,1,10,2.81,1.75,2118.73
PARAM-LOT-02,W06,-4,-2,1,10,2.88,1.8,2113.27
PARAM-LOT-02,W06,-4,-1,1,10,2.45,1.75,2084.73
PARAM-LOT-02,W06,-4,0,1,10,4.1,1.78,2069.79
PARAM-LOT-02,W06,-4,1,1,10,3.21,1.74,2126.21
PARAM-LOT-02,W06,-4,2,1,10,3.29,1.78,2094.65
PARAM-LOT-02,W06,-4,3,1,10,3.48,1.75,2093.7
PARAM-LOT-02,W06,-4,4,1,10,3.01,1.78,2025.4
PARAM-LOT-02,W06,-4,5,1,10,2.66,1.78,2089.4
PARAM-LOT-02,W06,-4,6,1,10,3.46,1.78,2118.13
PARAM-LOT-02,W06,-4,7,1,10,2.85,1.8,2117.66
PARAM-LOT-02,W06,-4,8,1,10,3.4,1.74,2075.33
PARAM-LOT-02,W06,-4,9,1,10,2.96,1.75,2125.25
PARAM-LOT-02,W06,-4,10,1,10,3.25,1.81,2114.37
PARAM-LOT-02,W06,-4,11,1,10,4.47,1.79,2048.32
PARAM-LOT-02,W06,-4,12,1,10,4.57,1.79,2126.79
PARAM-LOT-02,W06,-4,13,1,10,3.15,1.79,2099.4
PARAM-LOT-02,W06,-4,14,1,10,4.03,1.79,2099.07
PARAM-LOT-02,W06,-4,15,2,21,5.02,1.79,2157.54
PARAM-LOT-02,W06,-4,16,1,10,4.56,1.79,2058.74
PARAM-LOT-02,W06,-4,17,1,10,3.75,1.78,2053.3
PARAM-LOT-02,W06,-4,18,3,31,7.34,1.74,2099.88
PARAM-LOT-02,W06,-3,-19,2,21,5.03,1.8,2085.99
PARAM-LOT-02,W06,-3,-18,2,21,6.43,1.78,2060.55
PARAM-LOT-02,W06,-3,-17,1,10,4.43,1.79,2076.66
PARAM-LOT-02,W06,-3,-16,3,31,6.73,1.78,2133.19
PARAM-LOT-02,W06,-3,-15,1,10,3.55,1.73,2083.96
PARAM-LOT-02,W06,-3,-14,1,10,4.26,1.82,2101.6
PARAM-LOT-02,W06,-3,-13,1,10,3.25,1.78,2162.74
PARAM-LOT-02,W06,-3,-12,1,10,3.74,1.77,2141.71
PARAM-LOT-02,W06,-3,-11,1,10,3.52,1.79,2080.1
PARAM-LOT-02,W06,-3,-10,1,10,3.33,1.77,2094.23
PARAM-LOT-02,W06,-3,-9,1,10,3.23,1.77,2132.1
PARAM-LOT-02,W06,-3,-8,1,10,4.06,1.77,2092.88
PARAM-LOT-02,W06,-3,-7,1,10,3.41,1.77,2125.66
PARAM-LOT-02,W06,-3,-6,1,10,2.63,1.77,2090.27
PARAM-LOT-02,W06,-3,-5,1,10,3.41,1.75,2099.31
PARAM-LOT-02,W06,-3,-4,1,10,2.49,1.78,2102.07
PARAM-LOT-02,W06,-3,-3,1,10,2.99,1.79,2112.42
PARAM-LOT-02,W06,-3,-2,1,10,2.52,1.83,2093.57
PARAM-LOT-02,W06,-3,-1,1,10,2,1.78,2115.4
PARAM-LOT-02,W06,-3,0,1,10,3.19,1.76,2067.63
PARAM-LOT-02,W06,-3,1,1,10,3.49,1.82,2157.52
PARAM-LOT-02,W06,-3,2,1,10,3.24,1.82,2141.95
PARAM-LOT-02,W06,-3,3,1,10,3.31,1.78,2079.98
PARAM-LOT-02,W06,-3,4,1,10,3.2,1.78,2109.3
PARAM-LOT-02,W06,-3,5,1,10,3.37,1.79,2097.74
PARAM-LOT-02,W06,-3,6,1,10,2.88,1.82,2051.41
PARAM-LOT-02,W06,-3,7,1,10,2.8,1.76,2106.39
PARAM-LOT-02,W06,-3,8,1,10,3.17,1.82,2133.27
PARAM-LOT-02,W06,-3,9,2,21,5.51,1.81,2094.12
PARAM-LOT-02,W06,-3,10,1,10,2.97,1.78,2085.11
PARAM-LOT-02,W06,-3,11,1,10,4.74,1.75,2115.87
PARAM-LOT-02,W06,-3,12,1,10,3.57,1.76,2095.29
PARAM-LOT-02,W06,-3,13,1,10,4.62,1.81,2092.55
PARAM-LOT-02,W06,-3,14,1,10,3.11,1.79,2112
PARAM-LOT-02,W06,-3,15,1,10,3.11,1.8,2082.52
PARAM-LOT-02,W06,-3,16,1,10,4.15,1.78,2093.6
PARAM-LOT-02,W06,-3,17,1,10,4.53,1.81,2109.85
PARAM-LOT-02,W06,-3,18,1,10,4.08,1.8,2102.37
PARAM-LOT-02,W06,-3,19,1,10,4.72,1.75,2103.48
PARAM-LOT-02,W06,-2,-19,1,10,4.06,1.79,2139.26
PARAM-LOT-02,W06,-2,-18,1,10,4.62,1.77,2073.97
PARAM-LOT-02,W06,-2,-17,2,21,5.83,1.8,2114.03
PARAM-LOT-02,W06,-2,-16,2,21,6.03,1.81,2096.06
PARAM-LOT-02,W06,-2,-15,1,10,3.81,1.74,2147.31
PARAM-LOT-02,W06,-2,-14,1,10,3.37,1.81,2083.24
PARAM-LOT-02,W06,-2,-13,1,10,3.26,1.77,2124.22
PARAM-LOT-02,W06,-2,-12,1,10,3.79,1.76,2078.74
PARAM-LOT-02,W06,-2,-11,1,10,3.23,1.81,2088.54
PARAM-LOT-02,W06,-2,-10,1,10,3.78,1.83,2100.02
PARAM-LOT-02,W06,-2,-9,1,10,3.55,1.81,2097.86
PARAM-LOT-02,W06,-2,-8,1,10,2.62,1.82,2033.86
PARAM-LOT-02,W06,-2,-7,1,10,3.22,1.78,2110.57
PARAM-LOT-02,W06,-2,-6,1,10,2.86,1.78,2084.52
PARAM-LOT-02,W06,-2,-5,1,10,2.88,1.81,2070.76
PARAM-LOT-02,W06,-2,-4,1,10,3.13,1.79,2112.91
PARAM-LOT-02,W06,-2,-3,1,10,2.31,1.85,2058.21
PARAM-LOT-02,W06,-2,-2,1,10,1.8,1.83,2111.23
PARAM-LOT-02,W06,-2,-1,1,10,2.73,1.81,2073.74
PARAM-LOT-02,W06,-2,0,1,10,2.72,1.83,2117.87
PARAM-LOT-02,W06,-2,1,1,10,4.21,1.74,2127.59
PARAM-LOT-02,W06,-2,2,1,10,3.85,1.77,2091.48
PARAM-LOT-02,W06,-2,3,1,10,4.6,1.78,2086.99
PARAM-LOT-02,W06,-2,4,1,10,3.49,1.75,2089.66
PARAM-LOT-02,W06,-2,5,1,10,3.55,1.82,2112.01
PARAM-LOT-02,W06,-2,6,1,10,1.8,1.79,2073.42
PARAM-LOT-02,W06,-2,7,1,10,3.97,1.81,2085.26
PARAM-LOT-02,W06,-2,8,1,10,3.5,1.75,2110.6
PARAM-LOT-02,W06,-2,9,1,10,3.62,1.8,2097.03
PARAM-LOT-02,W06,-2,10,1,10,4.83,1.75,2088.96
PARAM-LOT-02,W06,-2,11,1,10,3.72,1.79,2121.77
PARAM-LOT-02,W06,-2,12,1,10,4.02,1.77,2120.33
PARAM-LOT-02,W06,-2,13,1,10,3.9,1.82,2128.66
PARAM-LOT-02,W06,-2,14,1,10,3.34,1.85,2137.58
PARAM-LOT-02,W06,-2,15,1,10,4.14,1.75,2087.18
PARAM-LOT-02,W06,-2,16,1,10,2.88,1.83,2090.11
PARAM-LOT-02,W06,-2,17,1,10,4.64,1.78,2127.35
PARAM-LOT-02,W06,-2,18,1,10,4,1.78,2105.83
PARAM-LOT-02,W06,-2,19,2,21,5.41,1.82,2095.87
PARAM-LOT-02,W06,-1,-19,1,10,4.41,1.82,2079.04
PARAM-LOT-02,W06,-1,-18,1,10,3.55,1.81,2073.93
PARAM-LOT-02,W06,-1,-17,3,31,6.62,1.79,2082.9
PARAM-LOT-02,W06,-1,-16,1,10,3.45,1.78,2082.07
PARAM-LOT-02,W06,-1,-15,1,10,4.92,1.79,2073.24
PARAM-LOT-02,W06,-1,-14,1,10,3.99,1.86,2113.66
PARAM-LOT-02,W06,-1,-13,1,10,4.74,1.77,2067.46
PARAM-LOT-02,W06,-1,-12,1,10,4.24,1.81,2091.16
PARAM-LOT-02,W06,-1,-11,1,10,2.32,1.83,2116.66
PARAM-LOT-02,W06,-1,-10,1,10,3,1.83,2117.73
PARAM-LOT-02,W06,-1,-9,1,10,3.99,1.79,2100.21
PARAM-LOT-02,W06,-1,-8,1,10,3.01,1.82,2113.16
PARAM-LOT-02,W06,-1,-7,1,10,3.18,1.79,2099.36
PARAM-LOT-02,W06,-1,-6,1,10,3.4,1.8,2112.51
PARAM-LOT-02,W06,-1,-5,1,10,2.85,1.81,2127.31
PARAM-LOT-02,W06,-1,-4,1,10,3.06,1.83,2084.68
PARAM-LOT-02,W06,-1,-3,1,10,2.36,1.79,2104.17
PARAM-LOT-02,W06,-1,-2,1,10,3.21,1.78,2074.65
PARAM-LOT-02,W06,-1,-1,1,10,3.28,1.81,2078.65
PARAM-LOT-02,W06,-1,0,1,10,2.77,1.76,2101.33
PARAM-LOT-02,W06,-1,1,1,10,4.1,1.82,2089.77
PARAM-LOT-02,W06,-1,2,1,10,4.84,1.77,2096.72
PARAM-LOT-02,W06,-1,3,2,21,5.57,1.77,2094.55
PARAM-LOT-02,W06,-1,4,1,10,3.72,1.77,2146.97
PARAM-LOT-02,W06,-1,5,1,10,2.39,1.76,2112.98
PARAM-LOT-02,W06,-1,6,1,10,2.91,1.75,2097.2
PARAM-LOT-02,W06,-1,7,1,10,3.21,1.8,2085.68
PARAM-LOT-02,W06,-1,8,1,10,2.59,1.81,2098.83
PARAM-LOT-02,W06,-1,9,1,10,4.28,1.75,2155.45
PARAM-LOT-02,W06,-1,10,1,10,4.56,1.81,2098.82
PARAM-LOT-02,W06,-1,11,1,10,2.53,1.75,2092.39
PARAM-LOT-02,W06,-1,12,1,10,3.86,1.78,2075.85
PARAM-LOT-02,W06,-1,13,1,10,3.8,1.83,2102.92
PARAM-LOT-02,W06,-1,14,1,10,4.25,1.81,2057
PARAM-LOT-02,W06,-1,15,1,10,4.27,1.79,2115.15
PARAM-LOT-02,W06,-1,16,1,10,4.26,1.79,2093.97
PARAM-LOT-02,W06,-1,17,1,10,4.15,1.86,2052.19
PARAM-LOT-02,W06,-1,18,1,10,3.97,1.76,2113.61
PARAM-LOT-02,W06,-1,19,2,21,5.67,1.83,2081.72
PARAM-LOT-02,W06,0,-19,2,21,5.58,1.8,2109.36
PARAM-LOT-02,W06,0,-18,2,21,5.67,1.81,2073.96
PARAM-LOT-02,W06,0,-17,1,10,2.43,1.82,2081.65
PARAM-LOT-02,W06,0,-16,2,21,5.31,1.77,2120.23
PARAM-LOT-02,W06,0,-15,2,21,5.01,1.79,2070.37
PARAM-LOT-02,W06,0,-14,1,10,4.48,1.8,2097.18
PARAM-LOT-02,W06,0,-13,1,10,3.1,1.75,2116.04
PARAM-LOT-02,W06,0,-12,1,10,2.91,1.81,2081.53
PARAM-LOT-02,W06,0,-11,1,10,3.79,1.79,2110.73
PARAM-LOT-02,W06,0,-10,1,10,4.44,1.76,2129.16
PARAM-LOT-02,W06,0,-9,1,10,3.93,1.83,2130.05
PARAM-LOT-02,W06,0,-8,1,10,4.33,1.82,2098.28
PARAM-LOT-02,W06,0,-7,1,10,3.58,1.76,2074.72
PARAM-LOT-02,W06,0,-6,1,10,3.22,1.74,2091.07
PARAM-LOT-02,W06,0,-5,1,10,3.45,1.78,2078.84
PARAM-LOT-02,W06,0,-4,1,10,2.62,1.82,2103.97
PARAM-LOT-02,W06,0,-3,1,10,2.31,1.83,2077.56
PARAM-LOT-02,W06,0,-2,1,10,2.66,1.79,2091.21
PARAM-LOT-02,W06,0,-1,1,10,3.31,1.83,2114.88
PARAM-LOT-02,W06,0,0,1,10,3.57,1.8,2077.76
PARAM-LOT-02,W06,0,1,2,21,5.73,1.79,2090.43
PARAM-LOT-02,W06,0,2,2,21,5.35,1.8,2109.82
PARAM-LOT-02,W06,0,3,2,21,5.52,1.86,2136.44
PARAM-LOT-02,W06,0,4,1,10,4.47,1.85,2113.56
PARAM-LOT-02,W06,0,5,1,10,2.98,1.83,2096.35
PARAM-LOT-02,W06,0,6,1,10,3.8,1.8,2102.15
PARAM-LOT-02,W06,0,7,1,10,2.82,1.77,2038.09
PARAM-LOT-02,W06,0,8,1,10,3.69,1.78,2112.91
PARAM-LOT-02,W06,0,9,1,10,3.4,1.79,2113.3
PARAM-LOT-02,W06,0,10,1,10,3.64,1.79,2122.73
PARAM-LOT-02,W06,0,11,1,10,4.68,1.81,2075.7
PARAM-LOT-02,W06,0,12,1,10,3.4,1.79,2155.56
PARAM-LOT-02,W06,0,13,1,10,3.59,1.78,2091.91
PARAM-LOT-02,W06,0,14,1,10,3.85,1.82,2100.8
PARAM-LOT-02,W06,0,15,1,10,3.87,1.82,2117.7
PARAM-LOT-02,W06,0,16,1,10,4.13,1.82,2126.57
PARAM-LOT-02,W06,0,17,1,10,3.39,1.79,2107.26
PARAM-LOT-02,W06,0,18,1,10,3.45,1.83,2125.22
PARAM-LOT-02,W06,0,19,2,21,5.72,1.84,2102.66
PARAM-LOT-02,W06,1,-19,1,10,4.69,1.82,2090.16
PARAM-LOT-02,W06,1,-18,1,10,3.91,1.78,2112.16
PARAM-LOT-02,W06,1,-17,1,10,4.27,1.8,2101.16
PARAM-LOT-02,W06,1,-16,1,10,4.27,1.81,2047.75
PARAM-LOT-02,W06,1,-15,1,10,3.29,1.79,2143.6
PARAM-LOT-02,W06,1,-14,1,10,3.78,1.87,2089.46
PARAM-LOT-02,W06,1,-13,1,10,2.84,1.83,2061.74
PARAM-LOT-02,W06,1,-12,1,10,4.05,1.81,2110.04
PARAM-LOT-02,W06,1,-11,1,10,3.93,1.82,2108.51
PARAM-LOT-02,W06,1,-10,1,10,3.71,1.81,2068.98
PARAM-LOT-02,W06,1,-9,1,10,2.74,1.82,2124.63
PARAM-LOT-02,W06,1,-8,1,10,2.96,1.77,2113.36
PARAM-LOT-02,W06,1,-7,1,10,3.08,1.81,2089.81
PARAM-LOT-02,W06,1,-6,1,10,3.35,1.8,2091.29
PARAM-LOT-02,W06,1,-5,1,10,2.73,1.8,2081.91
PARAM-LOT-02,W06,1,-4,1,10,2.94,1.79,2119.02
PARAM-LOT-02,W06,1,-3,1,10,2.73,1.79,2106.98
PARAM-LOT-02,W06,1,-2,1,10,2.82,1.8,2093.74
PARAM-LOT-02,W06,1,-1,1,10,2.33,1.79,2095.02
PARAM-LOT-02,W06,1,0,1,10,4.23,1.8,2096.84
PARAM-LOT-02,W06,1,1,1,10,3.82,1.77,2092.69
PARAM-LOT-02,W06,1,2,2,21,5.67,1.83,2106.23
PARAM-LOT-02,W06,1,3,1,10,4.57,1.8,2090.51
PARAM-LOT-02,W06,1,4,1,10,3.11,1.83,2069.77
PARAM-LOT-02,W06,1,5,1,10,3.68,1.83,2115.14
PARAM-LOT-02,W06,1,6,1,10,4.07,1.81,2094.34
PARAM-LOT-02,W06,1,7,1,10,3.1,1.8,2065.86
PARAM-LOT-02,W06,1,8,1,10,4.03,1.79,2072.34
PARAM-LOT-02,W06,1,9,1,10,3.44,1.79,2107.09
PARAM-LOT-02,W06,1,10,1,10,3.23,1.82,2104.24
PARAM-LOT-02,W06,1,11,1,10,4.26,1.78,2028.66
PARAM-LOT-02,W06,1,12,1,10,4.93,1.79,2101.2
PARAM-LOT-02,W06,1,13,1,10,3.68,1.8,2092.12
PARAM-LOT-02,W06,1,14,1,10,4.2,1.81,2124.98
PARAM-LOT-02,W06,1,15,1,10,4.95,1.77,2078.18
PARAM-LOT-02,W06,1,16,1,10,3.85,1.78,2133.09
PARAM-LOT-02,W06,1,17,1,10,4.13,1.84,2091.05
PARAM-LOT-02,W06,1,18,2,21,6.21,1.81,2080.6
PARAM-LOT-02,W06,1,19,2,21,6.28,1.78,2086.6
PARAM-LOT-02,W06,2,-19,1,10,4.97,1.79,2092.75
PARAM-LOT-02,W06,2,-18,1,10,4.8,1.8,2110.89
PARAM-LOT-02,W06,2,-17,1,10,3.94,1.82,2080.12
PARAM-LOT-02,W06,2,-16,1,10,4.21,1.79,2077.5
PARAM-LOT-02,W06,2,-15,1,10,4.22,1.82,2110.12
PARAM-LOT-02,W06,2,-14,1,10,4.58,1.8,2096.9
PARAM-LOT-02,W06,2,-13,1,10,2.49,1.76,2128.68
PARAM-LOT-02,W06,2,-12,1,10,3.37,1.78,2128.1
PARAM-LOT-02,W06,2,-11,1,10,3.95,1.82,2066.35
PARAM-LOT-02,W06,2,-10,1,10,3.38,1.78,2116.47
PARAM-LOT-02,W06,2,-9,1,10,3.23,1.78,2098.91
PARAM-LOT-02,W06,2,-8,1,10,3.82,1.81,2114.03
PARAM-LOT-02,W06,2,-7,1,10,3.71,1.82,2098.36
PARAM-LOT-02,W06,2,-6,1,10,3.11,1.79,2108.59
PARAM-LOT-02,W06,2,-5,1,10,4.05,1.79,2103.12
PARAM-LOT-02,W06,2,-4,1,10,2.59,1.8,2056.34
PARAM-LOT-02,W06,2,-3,1,10,2.52,1.79,2094.2
PARAM-LOT-02,W06,2,-2,1,10,2.69,1.8,2085.62
PARAM-LOT-02,W06,2,-1,1,10,2.94,1.79,2113.88
PARAM-LOT-02,W06,2,0,1,10,2.08,1.79,2132.17
PARAM-LOT-02,W06,2,1,1,10,3.79,1.84,2090.81
PARAM-LOT-02,W06,2,2,1,10,3.76,1.81,2096.84
PARAM-LOT-02,W06,2,3,1,10,3.79,1.8,2125.43
PARAM-LOT-02,W06,2,4,1,10,2.51,1.81,2110.16
PARAM-LOT-02,W06,2,5,1,10,2.94,1.81,2129.4
PARAM-LOT-02,W06,2,6,1,10,3.17,1.81,2098.42
PARAM-LOT-02,W06,2,7,1,10,3.8,1.82,2073.22
PARAM-LOT-02,W06,2,8,1,10,4.41,1.79,2116.46
PARAM-LOT-02,W06,2,9,1,10,3.56,1.82,2137.64
PARAM-LOT-02,W06,2,10,1,10,4.22,1.81,2108.65
PARAM-LOT-02,W06,2,11,1,10,3.62,1.83,2107.55
PARAM-LOT-02,W06,2,12,1,10,4.12,1.8,2111.23
PARAM-LOT-02,W06,2,13,1,10,4.46,1.79,2145.17
PARAM-LOT-02,W06,2,14,1,10,4.81,1.85,2068
PARAM-LOT-02,W06,2,15,1,10,3.76,1.82,2105.7
PARAM-LOT-02,W06,2,16,2,21,5.43,1.81,2075.6
PARAM-LOT-02,W06,2,17,1,10,4.07,1.8,2102.82
PARAM-LOT-02,W06,2,18,1,10,3.83,1.85,2092.39
PARAM-LOT-02,W06,2,19,1,10,4.88,1.73,2118.96
PARAM-LOT-02,W06,3,-19,1,10,4.1,1.81,2101.34
PARAM-LOT-02,W06,3,-18,1,10,4.41,1.84,2157.47
PARAM-LOT-02,W06,3,-17,2,21,6.18,1.82,2081.91
PARAM-LOT-02,W06,3,-16,2,21,5.76,1.87,2105.39
PARAM-LOT-02,W06,3,-15,1,10,3.31,1.77,2101.77
PARAM-LOT-02,W06,3,-14,2,21,5.1,1.84,2098.01
PARAM-LOT-02,W06,3,-13,1,10,3.96,1.79,2103.09
PARAM-LOT-02,W06,3,-12,1,10,4.94,1.82,2092
PARAM-LOT-02,W06,3,-11,1,10,4.59,1.83,2121.77
PARAM-LOT-02,W06,3,-10,1,10,4.45,1.88,2109.82
PARAM-LOT-02,W06,3,-9,1,10,3.62,1.79,2130.41
PARAM-LOT-02,W06,3,-8,1,10,2.91,1.79,2052.44
PARAM-LOT-02,W06,3,-7,1,10,3.88,1.87,2088.97
PARAM-LOT-02,W06,3,-6,1,10,2.53,1.84,2099.69
PARAM-LOT-02,W06,3,-5,1,10,2.71,1.77,2114.31
PARAM-LOT-02,W06,3,-4,1,10,3.08,1.81,2081.51
PARAM-LOT-02,W06,3,-3,1,10,2.62,1.82,2095.87
PARAM-LOT-02,W06,3,-2,1,10,2.58,1.8,2059.81
PARAM-LOT-02,W06,3,-1,1,10,2.54,1.82,2072.55
PARAM-LOT-02,W06,3,0,1,10,3.29,1.83,2083.39
PARAM-LOT-02,W06,3,1,1,10,3.3,1.77,2074.57
PARAM-LOT-02,W06,3,2,1,10,2.83,1.85,2108.43
PARAM-LOT-02,W06,3,3,1,10,3.57,1.82,2064.1
PARAM-LOT-02,W06,3,4,1,10,2.26,1.78,2103.22
PARAM-LOT-02,W06,3,5,1,10,3.43,1.83,2071.07
PARAM-LOT-02,W06,3,6,1,10,3.57,1.82,2080.55
PARAM-LOT-02,W06,3,7,1,10,3.04,1.8,2135.41
PARAM-LOT-02,W06,3,8,1,10,3.65,1.82,2078.17
PARAM-LOT-02,W06,3,9,1,10,2.85,1.76,2116.25
PARAM-LOT-02,W06,3,10,1,10,3.11,1.88,2089.95
PARAM-LOT-02,W06,3,11,1,10,3.71,1.81,2120.83
PARAM-LOT-02,W06,3,12,1,10,3.65,1.79,2112.09
PARAM-LOT-02,W06,3,13,1,10,4.14,1.8,2089.86
PARAM-LOT-02,W06,3,14,1,10,4.37,1.8,2150.24
PARAM-LOT-02,W06,3,15,1,10,3.17,1.82,2117.02
PARAM-LOT-02,W06,3,16,1,10,4.89,1.83,2081
PARAM-LOT-02,W06,3,17,1,10,4.47,1.76,2104.13
PARAM-LOT-02,W06,3,18,1,10,3.72,1.8,2084.55
PARAM-LOT-02,W06,3,19,1,10,3.86,1.8,2119.19
PARAM-LOT-02,W06,4,-18,2,21,5.07,1.83,2104.51
PARAM-LOT-02,W06,4,-17,1,10,4.12,1.85,2093.53
PARAM-LOT-02,W06,4,-16,1,10,3.89,1.84,2130.81
PARAM-LOT-02,W06,4,-15,1,10,3.89,1.8,2066.43
PARAM-LOT-02,W06,4,-14,1,10,3.66,1.78,2132.01
PARAM-LOT-02,W06,4,-13,1,10,4.74,1.79,2106.91
PARAM-LOT-02,W06,4,-12,2,21,5.19,1.79,2079.64
PARAM-LOT-02,W06,4,-11,1,10,4.63,1.84,2133.33
PARAM-LOT-02,W06,4,-10,1,10,3.9,1.77,2084.35
PARAM-LOT-02,W06,4,-9,1,10,4.62,1.79,2104.47
PARAM-LOT-02,W06,4,-8,1,10,4.69,1.84,2099.86
PARAM-LOT-02,W06,4,-7,1,10,3.14,1.82,2120.99
PARAM-LOT-02,W06,4,-6,1,10,2.87,1.8,2096.02
PARAM-LOT-02,W06,4,-5,1,10,3.78,1.82,2114.52
PARAM-LOT-02,W06,4,-4,1,10,3,1.83,2075.53
PARAM-LOT-02,W06,4,-3,1,10,2.46,1.81,2101.75
PARAM-LOT-02,W06,4,-2,1,10,3.24,1.82,2125.23
PARAM-LOT-02,W06,4,-1,1,10,3.31,1.81,2123.2
PARAM-LOT-02,W06,4,0,1,10,2.56,1.81,2056.33
PARAM-LOT-02,W06,4,1,1,10,3.08,1.85,2091.08
PARAM-LOT-02,W06,4,2,1,10,2.97,1.85,2092.24
PARAM-LOT-02,W06,4,3,1,10,3.12,1.8,2078.18
PARAM-LOT-02,W06,4,4,1,10,2.39,1.81,2107.2
PARAM-LOT-02,W06,4,5,1,10,3.39,1.82,2098.36
PARAM-LOT-02,W06,4,6,1,10,4.78,1.86,2161.28
PARAM-LOT-02,W06,4,7,1,10,3.7,1.8,2065.38
PARAM-LOT-02,W06,4,8,1,10,2.55,1.82,2085.6
PARAM-LOT-02,W06,4,9,1,10,2.43,1.83,2099.59
PARAM-LOT-02,W06,4,10,1,10,2.76,1.81,2105.93
PARAM-LOT-02,W06,4,11,1,10,3.44,1.83,2038.97
PARAM-LOT-02,W06,4,12,2,21,5.18,1.81,2080.02
PARAM-LOT-02,W06,4,13,1,10,3.85,1.82,2124.9
PARAM-LOT-02,W06,4,14,1,10,3.93,1.82,2129.09
PARAM-LOT-02,W06,4,15,1,10,4.11,1.81,2106.25
PARAM-LOT-02,W06,4,16,1,10,2.91,1.8,2075.5
PARAM-LOT-02,W06,4,17,1,10,4.57,1.81,2089.43
PARAM-LOT-02,W06,4,18,1,10,4.7,1.82,2086.88
PARAM-LOT-02,W06,5,-18,1,10,4.42,1.82,2116.52
PARAM-LOT-02,W06,5,-17,2,21,5.8,1.8,2098.07
PARAM-LOT-02,W06,5,-16,1,10,4.85,1.87,2068.33
PARAM-LOT-02,W06,5,-15,1,10,4.96,1.86,2071.25
PARAM-LOT-02,W06,5,-14,1,10,3.98,1.84,2120.5
PARAM-LOT-02,W06,5,-13,1,10,3.38,1.81,2110.2
PARAM-LOT-02,W06,5,-12,1,10,4.29,1.84,2079.22
PARAM-LOT-02,W06,5,-11,1,10,4.84,1.86,2079.21
PARAM-LOT-02,W06,5,-10,1,10,2.78,1.83,2063.49
PARAM-LOT-02,W06,5,-9,1,10,2.31,1.86,2116.72
PARAM-LOT-02,W06,5,-8,1,10,4.72,1.8,2049.83
PARAM-LOT-02,W06,5,-7,1,10,4.26,1.8,2058.05
PARAM-LOT-02,W06,5,-6,1,10,3.89,1.86,2090.39
PARAM-LOT-02,W06,5,-5,1,10,2.95,1.81,2091.93
PARAM-LOT-02,W06,5,-4,1,10,3.19,1.8,2059.19
PARAM-LOT-02,W06,5,-3,1,10,3.19,1.82,2090.39
PARAM-LOT-02,W06,5,-2,1,10,2.69,1.81,2100.3
PARAM-LOT-02,W06,5,-1,1,10,3.39,1.8,2109.79
PARAM-LOT-02,W06,5,0,1,10,3,1.84,2103.78
PARAM-LOT-02,W06,5,1,1,10,3.36,1.8,2070.25
PARAM-LOT-02,W06,5,2,1,10,3.34,1.87,2086.36
PARAM-LOT-02,W06,5,3,1,10,2.76,1.89,2090.54
PARAM-LOT-02,W06,5,4,1,10,3.39,1.82,2138.94
PARAM-LOT-02,W06,5,5,1,10,3.71,1.84,2110.03
PARAM-LOT-02,W06,5,6,1,10,3.02,1.85,2117.97
PARAM-LOT-02,W06,5,7,1,10,3.2,1.8,2046.86
PARAM-LOT-02,W06,5,8,1,10,4.43,1.8,2110.88
PARAM-LOT-02,W06,5,9,1,10,2.98,1.83,2114.22
PARAM-LOT-02,W06,5,10,1,10,2.98,1.87,2122.71
PARAM-LOT-02,W06,5,11,1,10,4.68,1.83,2134.53
PARAM-LOT-02,W06,5,12,1,10,3.13,1.84,2099.41
PARAM-LOT-02,W06,5,13,2,21,5.01,1.8,2093.03
PARAM-LOT-02,W06,5,14,1,10,3.57,1.81,2072.02
PARAM-LOT-02,W06,5,15,1,10,3.68,1.81,2124.73
PARAM-LOT-02,W06,5,16,1,10,2.87,1.83,2071.74
PARAM-LOT-02,W06,5,17,1,10,3.35,1.8,2086.84
PARAM-LOT-02,W06,5,18,2,21,5.86,1.81,2105.62
PARAM-LOT-02,W06,6,-18,1,10,3.8,1.84,2096.39
PARAM-LOT-02,W06,6,-17,1,10,4.39,1.8,2145.49
PARAM-LOT-02,W06,6,-16,1,10,4.71,1.8,2092.76
PARAM-LOT-02,W06,6,-15,1,10,3.64,1.86,2096.26
PARAM-LOT-02,W06,6,-14,1,10,4.29,1.82,2119.26
PARAM-LOT-02,W06,6,-13,1,10,3.98,1.83,2103.72
PARAM-LOT-02,W06,6,-12,1,10,4.85,1.82,2098.84
PARAM-LOT-02,W06,6,-11,2,21,5.66,1.78,2084.27
PARAM-LOT-02,W06,6,-10,1,10,3.84,1.8,2127.33
PARAM-LOT-02,W06,6,-9,1,10,3.29,1.81,2119.84
PARAM-LOT-02,W06,6,-8,1,10,3.55,1.8,2092.02
PARAM-LOT-02,W06,6,-7,1,10,3.33,1.82,2102.4
PARAM-LOT-02,W06,6,-6,1,10,3.31,1.84,2074.5
PARAM-LOT-02,W06,6,-5,1,10,3.41,1.86,2058.06
PARAM-LOT-02,W06,6,-4,1,10,2.66,1.81,2081.04
PARAM-LOT-02,W06,6,-3,1,10,3.07,1.87,2060.16
PARAM-LOT-02,W06,6,-2,1,10,2.77,1.83,2117.98
PARAM-LOT-02,W06,6,-1,1,10,3.35,1.84,2094.85
PARAM-LOT-02,W06,6,0,1,10,3.05,1.82,2090.04
PARAM-LOT-02,W06,6,1,1,10,3.5,1.85,2127.49
PARAM-LOT-02,W06,6,2,1,10,3.01,1.85,2108.83
PARAM-LOT-02,W06,6,3,1,10,3.66,1.83,2064.47
PARAM-LOT-02,W06,6,4,1,10,4.25,1.75,2100.75
PARAM-LOT-02,W06,6,5,1,10,3.1,1.85,2090.24
PARAM-LOT-02,W06,6,6,1,10,3.07,1.75,2094.4
PARAM-LOT-02,W06,6,7,1,10,3.49,1.84,2096.28
PARAM-LOT-02,W06,6,8,1,10,2.47,1.88,2103.86
PARAM-LOT-02,W06,6,9,1,10,3.79,1.83,2104.83
PARAM-LOT-02,W06,6,10,1,10,3.95,1.83,2133.82
PARAM-LOT-02,W06,6,11,1,10,3.55,1.87,2091.37
PARAM-LOT-02,W06,6,12,1,10,3.32,1.83,2076.53
PARAM-LOT-02,W06,6,13,2,21,5.84,1.84,2083.76
PARAM-LOT-02,W06,6,14,1,10,4.84,1.81,2142.81
PARAM-LOT-02,W06,6,15,1,10,4.23,1.84,2095.3
PARAM-LOT-02,W06,6,16,1,10,4.67,1.79,2082.27
PARAM-LOT-02,W06,6,17,1,10,4.77,1.83,2095.48
PARAM-LOT-02,W06,6,18,2,21,5.26,1.82,2083.72
PARAM-LOT-02,W06,7,-17,2,21,5.61,1.83,2099.35
PARAM-LOT-02,W06,7,-16,1,10,4.94,1.83,2067.58
PARAM-LOT-02,W06,7,-15,1,10,3.35,1.8,2073.3
PARAM-LOT-02,W06,7,-14,1,10,3.94,1.89,2090.58
PARAM-LOT-02,W06,7,-13,1,10,4.12,1.82,2091.14
PARAM-LOT-02,W06,7,-12,1,10,4.52,1.86,2120.29
PARAM-LOT-02,W06,7,-11,1,10,3.91,1.83,2140.07
PARAM-LOT-02,W06,7,-10,1,10,3.44,1.84,2093.56
PARAM-LOT-02,W06,7,-9,1,10,3.18,1.85,2138.03
PARAM-LOT-02,W06,7,-8,1,10,3.4,1.88,2164.56
PARAM-LOT-02,W06,7,-7,1,10,3.11,1.83,2105.23
PARAM-LOT-02,W06,7,-6,1,10,3.01,1.85,2101.58
PARAM-LOT-02,W06,7,-5,1,10,2.93,1.8,2160.54
PARAM-LOT-02,W06,7,-4,1,10,3.48,1.84,2115
PARAM-LOT-02,W06,7,-3,1,10,3.07,1.81,2073.24
PARAM-LOT-02,W06,7,-2,1,10,3.84,1.83,2111.8
PARAM-LOT-02,W06,7,-1,1,10,3.53,1.8,2101.45
PARAM-LOT-02,W06,7,0,1,10,2.63,1.84,2120.43
PARAM-LOT-02,W06,7,1,1,10,2.71,1.84,2132.12
PARAM-LOT-02,W06,7,2,1,10,3.6,1.8,2104.45
PARAM-LOT-02,W06,7,3,1,10,2.84,1.86,2103.85
PARAM-LOT-02,W06,7,4,1,10,2.56,1.84,2098.54
PARAM-LOT-02,W06,7,5,1,10,3.36,1.79,2153.25
PARAM-LOT-02,W06,7,6,1,10,4.05,1.83,2102.38
PARAM-LOT-02,W06,7,7,1,10,4.04,1.85,2045.5
PARAM-LOT-02,W06,7,8,1,10,3.13,1.87,2075.2
PARAM-LOT-02,W06,7,9,1,10,4,1.84,2109.57
PARAM-LOT-02,W06,7,10,1,10,4.33,1.82,2074.51
PARAM-LOT-02,W06,7,11,1,10,3.93,1.83,2102.84
PARAM-LOT-02,W06,7,12,1,10,4.52,1.86,2077.3
PARAM-LOT-02,W06,7,13,1,10,4.21,1.83,2138.72
PARAM-LOT-02,W06,7,14,1,10,4.19,1.75,2091.97
PARAM-LOT-02,W06,7,15,1,10,3.31,1.8,2092.58
PARAM-LOT-02,W06,7,16,1,10,3.74,1.82,2071.04
PARAM-LOT-02,W06,7,17,1,10,4.54,1.85,2054
PARAM-LOT-02,W06,8,-17,1,10,4.97,1.88,2075.45
PARAM-LOT-02,W06,8,-16,1,10,4.95,1.85,2127.64
PARAM-LOT-02,W06,8,-15,1,10,4.92,1.78,2044.15
PARAM-LOT-02,W06,8,-14,1,10,3.32,1.82,2081.33
PARAM-LOT-02,W06,8,-13,2,21,5.3,1.82,2057.22
PARAM-LOT-02,W06,8,-12,1,10,4.43,1.83,2089.04
PARAM-LOT-02,W06,8,-11,1,10,3.67,1.89,2110.89
PARAM-LOT-02,W06,8,-10,1,10,3.42,1.89,2115.41
PARAM-LOT-02,W06,8,-9,1,10,3.28,1.8,2061.26
PARAM-LOT-02,W06,8,-8,1,10,3.43,1.83,2108
PARAM-LOT-02,W06,8,-7,1,10,3.15,1.87,2086.02
PARAM-LOT-02,W06,8,-6,1,10,4.58,1.83,2063.78
PARAM-LOT-02,W06,8,-5,1,10,3.13,1.86,2104.44
PARAM-LOT-02,W06,8,-4,1,10,3.29,1.85,2096.29
PARAM-LOT-02,W06,8,-3,1,10,4.19,1.84,2119.5
PARAM-LOT-02,W06,8,-2,1,10,3.11,1.81,2132.32
PARAM-LOT-02,W06,8,-1,1,10,3.88,1.8,2072.54
PARAM-LOT-02,W06,8,0,1,10,3.12,1.84,2097.02
PARAM-LOT-02,W06,8,1,1,10,2.94,1.82,2123.11
PARAM-LOT-02,W06,8,2,1,10,3.77,1.83,2136.3
PARAM-LOT-02,W06,8,3,1,10,2.92,1.81,2107.82
PARAM-LOT-02,W06,8,4,1,10,3.59,1.85,2093.14
PARAM-LOT-02,W06,8,5,1,10,3,1.85,2097.7
PARAM-LOT-02,W06,8,6,1,10,2.96,1.82,2122.95
PARAM-LOT-02,W06,8,7,1,10,4.25,1.88,2124.23
PARAM-LOT-02,W06,8,8,1,10,3.57,1.86,2103.73
PARAM-LOT-02,W06,8,9,1,10,2.91,1.85,2132.6
PARAM-LOT-02,W06,8,10,1,10,4.56,1.85,2098.76
PARAM-LOT-02,W06,8,11,1,10,3.57,1.85,2088.24
PARAM-LOT-02,W06,8,12,1,10,2.78,1.83,2103.43
PARAM-LOT-02,W06,8,13,1,10,3.49,1.85,2054.26
PARAM-LOT-02,W06,8,14,1,10,3.71,1.83,2098.94
PARAM-LOT-02,W06,8,15,1,10,4.49,1.85,2068.58
PARAM-LOT-02,W06,8,16,1,10,3.21,1.83,2108.52
PARAM-LOT-02,W06,8,17,2,21,5.21,1.85,2101.53
PARAM-LOT-02,W06,9,-17,1,10,4.29,1.8,2102.56
PARAM-LOT-02,W06,9,-16,1,10,4.62,1.85,2079.17
PARAM-LOT-02,W06,9,-15,1,10,4.69,1.82,2110.77
PARAM-LOT-02,W06,9,-14,1,10,4.91,1.81,2094.74
PARAM-LOT-02,W06,9,-13,1,10,3.58,1.87,2081.67
PARAM-LOT-02,W06,9,-12,1,10,4.62,1.85,2112.76
PARAM-LOT-02,W06,9,-11,1,10,3.14,1.84,2104.2
PARAM-LOT-02,W06,9,-10,1,10,4.04,1.86,2073.54
PARAM-LOT-02,W06,9,-9,1,10,3.2,1.88,2077.11
PARAM-LOT-02,W06,9,-8,1,10,4.05,1.86,2117.01
PARAM-LOT-02,W06,9,-7,1,10,4.42,1.84,2093.37
PARAM-LOT-02,W06,9,-6,1,10,3.11,1.83,2124.62
PARAM-LOT-02,W06,9,-5,1,10,3.27,1.88,2131.28
PARAM-LOT-02,W06,9,-4,1,10,4.25,1.84,2114.31
PARAM-LOT-02,W06,9,-3,1,10,3.61,1.82,2113.83
PARAM-LOT-02,W06,9,-2,1,10,3.93,1.84,2081.75
PARAM-LOT-02,W06,9,-1,1,10,3.1,1.86,2137.36
PARAM-LOT-02,W06,9,0,1,10,2.93,1.84,2099.99
PARAM-LOT-02,W06,9,1,1,10,3.11,1.83,2082.82
PARAM-LOT-02,W06,9,2,1,10,3.53,1.86,2085.78
PARAM-LOT-02,W06,9,3,1,10,3.03,1.84,2106.12
PARAM-LOT-02,W06,9,4,1,10,2.26,1.82,2114.32
PARAM-LOT-02,W06,9,5,1,10,3.92,1.88,2087.49
PARAM-LOT-02,W06,9,6,1,10,2.45,1.81,2046.31
PARAM-LOT-02,W06,9,7,1,10,4.78,1.82,2142.56
PARAM-LOT-02,W06,9,8,1,10,3.79,1.86,2097.97
PARAM-LOT-02,W06,9,9,1,10,3.52,1.86,2036.39
PARAM-LOT-02,W06,9,10,1,10,4.43,1.84,2179.69
PARAM-LOT-02,W06,9,11,1,10,3.35,1.84,2119.22
PARAM-LOT-02,W06,9,12,1,10,3.83,1.89,2094.62
PARAM-LOT-02,W06,9,13,2,21,5.57,1.84,2084.91
PARAM-LOT-02,W06,9,14,1,10,3.68,1.79,2131.56
PARAM-LOT-02,W06,9,15,1,10,3.85,1.82,2079.95
PARAM-LOT-02,W06,9,16,1,10,4.02,1.85,2088.56
PARAM-LOT-02,W06,9,17,3,31,6.71,1.84,2090.96
PARAM-LOT-02,W06,10,-16,2,21,5.99,1.8,2107.82
PARAM-LOT-02,W06,10,-15,1,10,3.75,1.86,2056.07
PARAM-LOT-02,W06,10,-14,1,10,4.85,1.84,2050.47
PARAM-LOT-02,W06,10,-13,1,10,4.47,1.89,2065.29
PARAM-LOT-02,W06,10,-12,1,10,3.78,1.84,2126.62
PARAM-LOT-02,W06,10,-11,1,10,3.27,1.89,2096.66
PARAM-LOT-02,W06,10,-10,1,10,3.37,1.87,2086.55
PARAM-LOT-02,W06,10,-9,1,10,4.74,1.84,2101.84
PARAM-LOT-02,W06,10,-8,1,10,3.87,1.85,2101.97
PARAM-LOT-02,W06,10,-7,1,10,4.85,1.88,2113.48
PARAM-LOT-02,W06,10,-6,1,10,3.12,1.86,2102.44
PARAM-LOT-02,W06,10,-5,1,10,4.73,1.85,2132.73
PARAM-LOT-02,W06,10,-4,1,10,4.59,1.86,2073.8
PARAM-LOT-02,W06,10,-3,1,10,3.35,1.89,2064.97
PARAM-LOT-02,W06,10,-2,1,10,3.55,1.83,2110.55
PARAM-LOT-02,W06,10,-1,1,10,3.1,1.87,2058.35
PARAM-LOT-02,W06,10,0,1,10,4.18,1.84,2099.94
PARAM-LOT-02,W06,10,1,1,10,4.33,1.87,2105.85
PARAM-LOT-02,W06,10,2,1,10,2.99,1.9,2114.76
PARAM-LOT-02,W06,10,3,1,10,3.07,1.88,2117.47
PARAM-LOT-02,W06,10,4,1,10,3.84,1.87,2118.39
PARAM-LOT-02,W06,10,5,1,10,3.51,1.88,2106.71
PARAM-LOT-02,W06,10,6,1,10,3.98,1.84,2090.51
PARAM-LOT-02,W06,10,7,1,10,3.67,1.81,2103.18
PARAM-LOT-02,W06,10,8,1,10,4.08,1.85,2109.82
PARAM-LOT-02,W06,10,9,1,10,4.49,1.85,2133.4
PARAM-LOT-02,W06,10,10,1,10,3.58,1.83,2101.3
PARAM-LOT-02,W06,10,11,1,10,3.87,1.89,2133.2
PARAM-LOT-02,W06,10,12,1,10,4.13,1.87,2085.95
PARAM-LOT-02,W06,10,13,2,21,5.43,1.85,2074.89
PARAM-LOT-02,W06,10,14,1,10,4.34,1.82,2083.02
PARAM-LOT-02,W06,10,15,1,10,4.58,1.81,2124.23
PARAM-LOT-02,W06,10,16,1,10,4.27,1.83,2093.66
PARAM-LOT-02,W06,11,-15,1,10,4.58,1.89,2090.51
PARAM-LOT-02,W06,11,-14,1,10,3.9,1.86,2081.17
PARAM-LOT-02,W06,11,-13,2,21,5.75,1.83,2086.9
PARAM-LOT-02,W06,11,-12,1,10,3.08,1.81,2109.83
PARAM-LOT-02,W06,11,-11,1,10,2.95,1.86,2066.01
PARAM-LOT-02,W06,11,-10,1,10,4.22,1.86,2090.45
PARAM-LOT-02,W06,11,-9,1,10,4.46,1.84,2086.82
PARAM-LOT-02,W06,11,-8,1,10,4.61,1.81,2099.16
PARAM-LOT-02,W06,11,-7,1,10,2.83,1.84,2121.85
PARAM-LOT-02,W06,11,-6,1,10,4.44,1.83,2126.26
PARAM-LOT-02,W06,11,-5,1,10,3.23,1.8,2110.78
PARAM-LOT-02,W06,11,-4,1,10,3.1,1.86,2101.61
PARAM-LOT-02,W06,11,-3,1,10,3.86,1.86,2138.19
PARAM-LOT-02,W06,11,-2,1,10,2.51,1.91,2128.79
PARAM-LOT-02,W06,11,-1,1,10,3.23,1.87,2083.01
PARAM-LOT-02,W06,11,0,1,10,4.72,1.85,2089.32
PARAM-LOT-02,W06,11,1,1,10,3.15,1.84,2092.03
PARAM-LOT-02,W06,11,2,1,10,3.94,1.83,2083.18
PARAM-LOT-02,W06,11,3,1,10,4.86,1.83,2128.36
PARAM-LOT-02,W06,11,4,1,10,3.22,1.85,2083.12
PARAM-LOT-02,W06,11,5,2,21,6.42,1.87,2113.38
PARAM-LOT-02,W06,11,6,1,10,4.28,1.89,2052.25
PARAM-LOT-02,W06,11,7,1,10,3.82,1.84,2092.69
PARAM-LOT-02,W06,11,8,1,10,4.33,1.85,2071.92
PARAM-LOT-02,W06,11,9,1,10,4.57,1.88,2085.04
PARAM-LOT-02,W06,11,10,1,10,3.94,1.84,2100.71
PARAM-LOT-02,W06,11,11,1,10,3.68,1.84,2061.37
PARAM-LOT-02,W06,11,12,1,10,3.45,1.9,2153.37
PARAM-LOT-02,W06,11,13,1,10,3.59,1.86,2120.28
PARAM-LOT-02,W06,11,14,2,21,5.25,1.83,2103.71
PARAM-LOT-02,W06,11,15,1,10,3.52,1.87,2101.26
PARAM-LOT-02,W06,12,-15,2,21,5.96,1.89,2128.71
PARAM-LOT-02,W06,12,-14,1,10,4.59,1.89,2080.74
PARAM-LOT-02,W06,12,-13,1,10,4.48,1.86,2112.64
PARAM-LOT-02,W06,12,-12,1,10,3.53,1.85,2095.05
PARAM-LOT-02,W06,12,-11,1,10,3.53,1.83,2102.99
PARAM-LOT-02,W06,12,-10,1,10,3.95,1.9,2108.16
PARAM-LOT-02,W06,12,-9,1,10,4.36,1.85,2085.96
PARAM-LOT-02,W06,12,-8,1,10,3.79,1.83,2122.37
PARAM-LOT-02,W06,12,-7,1,10,3.13,1.83,2134.71
PARAM-LOT-02,W06,12,-6,1,10,3.77,1.86,2070.15
PARAM-LOT-02,W06,12,-5,1,10,4.41,1.88,2094.56
PARAM-LOT-02,W06,12,-4,1,10,4.58,1.84,2078.8
PARAM-LOT-02,W06,12,-3,1,10,3.36,1.79,2085.27
PARAM-LOT-02,W06,12,-2,1,10,3.01,1.85,2092.32
PARAM-LOT-02,W06,12,-1,1,10,3.68,1.86,2051.92
PARAM-LOT-02,W06,12,0,1,10,3.77,1.79,2147.38
PARAM-LOT-02,W06,12,1,1,10,3.24,1.87,2059.57
PARAM-LOT-02,W06,12,2,1,10,2.99,1.9,2091.39
PARAM-LOT-02,W06,12,3,1,10,4.16,1.87,2084.25
PARAM-LOT-02,W06,12,4,1,10,3.75,1.8,2081.76
PARAM-LOT-02,W06,12,5,2,21,5.65,1.84,2094.08
PARAM-LOT-02,W06,12,6,1,10,2.41,1.83,2092.17
PARAM-LOT-02,W06,12,7,1,10,3.48,1.82,2073.59
PARAM-LOT-02,W06,12,8,1,10,4.1,1.87,2061.54
PARAM-LOT-02,W06,12,9,1,10,3.84,1.89,2065.64
PARAM-LOT-02,W06,12,10,2,21,6.01,1.85,2182.68
PARAM-LOT-02,W06,12,11,1,10,4.84,1.9,2097.97
PARAM-LOT-02,W06,12,12,1,10,4.75,1.83,2117.37
PARAM-LOT-02,W06,12,13,1,10,4.99,1.88,2118.21
PARAM-LOT-02,W06,12,14,1,10,3.14,1.88,2144.24
PARAM-LOT-02,W06,12,15,1,10,3.73,1.87,2101.44
PARAM-LOT-02,W06,13,-14,1,10,4.28,1.89,2083.89
PARAM-LOT-02,W06,13,-13,1,10,4.05,1.84,2113.82
PARAM-LOT-02,W06,13,-12,2,21,5.23,1.85,2118.68
PARAM-LOT-02,W06,13,-11,1,10,4.63,1.88,2110.38
PARAM-LOT-02,W06,13,-10,1,10,3.6,1.86,2093.26
PARAM-LOT-02,W06,13,-9,1,10,3.12,1.85,2137.76
PARAM-LOT-02,W06,13,-8,1,10,2.9,1.86,2120.21
PARAM-LOT-02,W06,13,-7,1,10,4.9,1.87,2117.53
PARAM-LOT-02,W06,13,-6,1,10,3.95,1.87,2077.74
PARAM-LOT-02,W06,13,-5,1,10,3.5,1.81,2101.36
PARAM-LOT-02,W06,13,-4,1,10,4.06,1.9,2122
PARAM-LOT-02,W06,13,-3,1,10,3.98,1.87,2124.34
PARAM-LOT-02,W06,13,-2,1,10,4.36,1.88,2110.16
PARAM-LOT-02,W06,13,-1,1,10,3.43,1.85,2091.72
PARAM-LOT-02,W06,13,0,1,10,3.56,1.89,2106.39
PARAM-LOT-02,W06,13,1,1,10,4.71,1.88,2071.8
PARAM-LOT-02,W06,13,2,2,21,5.38,1.85,2087.43
PARAM-LOT-02,W06,13,3,1,10,3.33,1.82,2101.13
PARAM-LOT-02,W06,13,4,1,10,4.52,1.87,2092.58
PARAM-LOT-02,W06,13,5,1,10,4.72,1.84,2084.2
PARAM-LOT-02,W06,13,6,1,10,3.64,1.87,2088.44
PARAM-LOT-02,W06,13,7,1,10,3.9,1.86,2067.36
PARAM-LOT-02,W06,13,8,1,10,3.97,1.85,2096.98
PARAM-LOT-02,W06,13,9,2,21,5.4,1.88,2082.82
PARAM-LOT-02,W06,13,10,2,21,5.89,1.85,2075.34
PARAM-LOT-02,W06,13,11,1,10,3.69,1.89,2111.22
PARAM-LOT-02,W06,13,12,1,10,3.72,1.92,2110.78
PARAM-LOT-02,W06,13,13,1,10,3.71,1.86,2102.56
PARAM-LOT-02,W06,13,14,2,21,5.75,1.91,2079.57
PARAM-LOT-02,W06,14,-13,1,10,3.82,1.88,2097.15
PARAM-LOT-02,W06,14,-12,1,10,4.05,1.82,2121.73
PARAM-LOT-02,W06,14,-11,1,10,3.51,1.92,2084.69
PARAM-LOT-02,W06,14,-10,1,10,3.77,1.85,2161.74
PARAM-LOT-02,W06,14,-9,2,21,5.4,1.85,2091.72
PARAM-LOT-02,W06,14,-8,2,21,5.64,1.89,2096.48
PARAM-LOT-02,W06,14,-7,1,10,3.14,1.91,2051.44
PARAM-LOT-02,W06,14,-6,1,10,4.54,1.87,2101.99
PARAM-LOT-02,W06,14,-5,1,10,4.92,1.82,2087.42
PARAM-LOT-02,W06,14,-4,1,10,4.95,1.88,2117.82
PARAM-LOT-02,W06,14,-3,2,21,5.01,1.82,2079.44
PARAM-LOT-02,W06,14,-2,1,10,4.43,1.89,2115.2
PARAM-LOT-02,W06,14,-1,1,10,2.7,1.85,2100.12
PARAM-LOT-02,W06,14,0,2,21,5.18,1.85,2124.22
PARAM-LOT-02,W06,14,1,1,10,3.68,1.84,2103.35
PARAM-LOT-02,W06,14,2,1,10,4.79,1.84,2108.55
PARAM-LOT-02,W06,14,3,1,10,3.61,1.85,2069.65
PARAM-LOT-02,W06,14,4,1,10,4.82,1.93,2054.02
PARAM-LOT-02,W06,14,5,1,10,3.47,1.86,2091.27
PARAM-LOT-02,W06,14,6,2,21,5.21,1.81,2102.83
PARAM-LOT-02,W06,14,7,1,10,3.74,1.83,2108.99
PARAM-LOT-02,W06,14,8,1,10,3.87,1.87,2061.61
PARAM-LOT-02,W06,14,9,1,10,3.84,1.88,2103.16
PARAM-LOT-02,W06,14,10,1,10,4.99,1.89,2099.02
PARAM-LOT-02,W06,14,11,1,10,4.91,1.92,2097.7
PARAM-LOT-02,W06,14,12,1,10,4.53,1.86,2121.81
PARAM-LOT-02,W06,14,13,2,21,5.56,1.84,2100.95
PARAM-LOT-02,W06,15,-12,1,10,4.73,1.88,2092.16
PARAM-LOT-02,W06,15,-11,1,10,3.38,1.86,2113.06
PARAM-LOT-02,W06,15,-10,1,10,3.79,1.87,2092.58
PARAM-LOT-02,W06,15,-9,1,10,4.93,1.84,2118.82
PARAM-LOT-02,W06,15,-8,1,10,4.18,1.89,2077.13
PARAM-LOT-02,W06,15,-7,1,10,4.11,1.85,2136.61
PARAM-LOT-02,W06,15,-6,1,10,3.81,1.91,2102.55
PARAM-LOT-02,W06,15,-5,1,10,3.9,1.93,2099.29
PARAM-LOT-02,W06,15,-4,1,10,4.06,1.83,2118.4
PARAM-LOT-02,W06,15,-3,1,10,4.32,1.9,2115.63
PARAM-LOT-02,W06,15,-2,1,10,3.3,1.88,2125.4
PARAM-LOT-02,W06,15,-1,2,21,6.31,1.88,2063.43
PARAM-LOT-02,W06,15,0,1,10,4.63,1.85,2122.34
PARAM-LOT-02,W06,15,1,1,10,3.61,1.89,2065.25
PARAM-LOT-02,W06,15,2,2,21,5.84,1.87,2112.94
PARAM-LOT-02,W06,15,3,1,10,3.27,1.89,2092.95
PARAM-LOT-02,W06,15,4,1,10,2.88,1.88,2139.29
PARAM-LOT-02,W06,15,5,1,10,4.94,1.86,2105.99
PARAM-LOT-02,W06,15,6,1,10,3.29,1.88,2133.08
PARAM-LOT-02,W06,15,7,1,10,4.54,1.89,2035.35
PARAM-LOT-02,W06,15,8,2,21,5.93,1.82,2037.11
PARAM-LOT-02,W06,15,9,1,10,4.14,1.85,2141.15
PARAM-LOT-02,W06,15,10,1,10,4.31,1.86,2081.79
PARAM-LOT-02,W06,15,11,1,10,4.88,1.87,2127.78
PARAM-LOT-02,W06,15,12,2,21,5.27,1.89,2055.75
PARAM-LOT-02,W06,16,-10,2,21,5.05,1.88,2048.99
PARAM-LOT-02,W06,16,-9,2,21,5.36,1.86,2140.61
PARAM-LOT-02,W06,16,-8,2,21,5.2,1.87,2112.36
PARAM-LOT-02,W06,16,-7,2,21,5.29,1.89,2089.2
PARAM-LOT-02,W06,16,-6,1,10,3.8,1.87,2117.95
PARAM-LOT-02,W06,16,-5,2,21,6.07,1.82,2115.82
PARAM-LOT-02,W06,16,-4,3,31,7.19,1.92,2125.28
PARAM-LOT-02,W06,16,-3,1,10,4.04,1.88,2058.97
PARAM-LOT-02,W06,16,-2,1,10,3.55,1.87,2183.58
PARAM-LOT-02,W06,16,-1,1,10,3.92,1.89,2138.3
PARAM-LOT-02,W06,16,0,1,10,3.31,1.85,2126.67
PARAM-LOT-02,W06,16,1,1,10,3.77,1.86,2085.85
PARAM-LOT-02,W06,16,2,1,10,3.06,1.85,2126.27
PARAM-LOT-02,W06,16,3,1,10,4.97,1.85,2098.51
PARAM-LOT-02,W06,16,4,1,10,4.83,1.84,2124.53
PARAM-LOT-02,W06,16,5,1,10,3.91,1.85,2100.69
PARAM-LOT-02,W06,16,6,1,10,3.62,1.93,2084.82
PARAM-LOT-02,W06,16,7,2,21,5.54,1.88,2093.75
PARAM-LOT-02,W06,16,8,1,10,3.3,1.87,2094.5
PARAM-LOT-02,W06,16,9,2,21,5.73,1.84,2120.76
PARAM-LOT-02,W06,16,10,1,10,3.66,1.88,2075.38
PARAM-LOT-02,W06,17,-9,1,10,4.63,1.88,2109.84
PARAM-LOT-02,W06,17,-8,1,10,4.17,1.87,2131.5
PARAM-LOT-02,W06,17,-7,1,10,3.88,1.88,2117.08
PARAM-LOT-02,W06,17,-6,1,10,4.91,1.84,2070.98
PARAM-LOT-02,W06,17,-5,1,10,4.41,1.91,2121.77
PARAM-LOT-02,W06,17,-4,1,10,3.59,1.89,2118.68
PARAM-LOT-02,W06,17,-3,1,10,4.6,1.83,2113.56
PARAM-LOT-02,W06,17,-2,1,10,3.31,1.91,2129.14
PARAM-LOT-02,W06,17,-1,1,10,4.06,1.94,2103.24
PARAM-LOT-02,W06,17,0,2,21,5.06,1.92,2136.89
PARAM-LOT-02,W06,17,1,2,21,5.39,1.91,2101.65
PARAM-LOT-02,W06,17,2,1,10,3.54,1.87,2119.21
PARAM-LOT-02,W06,17,3,1,10,2.92,1.86,2057.44
PARAM-LOT-02,W06,17,4,2,21,5.06,1.87,2097.97
PARAM-LOT-02,W06,17,5,1,10,4.79,1.88,2108.94
PARAM-LOT-02,W06,17,6,1,10,4.17,1.85,2110.82
PARAM-LOT-02,W06,17,7,1,10,3.6,1.9,2109.6
PARAM-LOT-02,W06,17,8,2,21,6.47,1.86,2091.35
PARAM-LOT-02,W06,17,9,1,10,4.16,1.9,2134.14
PARAM-LOT-02,W06,18,-6,2,21,5.96,1.88,2111.46
PARAM-LOT-02,W06,18,-5,1,10,4.36,1.9,2120.82
PARAM-LOT-02,W06,18,-4,1,10,4.82,1.88,2079.96
PARAM-LOT-02,W06,18,-3,1,10,3.73,1.88,2099.38
PARAM-LOT-02,W06,18,-2,1,10,4.23,1.9,2096.02
PARAM-LOT-02,W06,18,-1,1,10,4.04,1.92,2099.33
PARAM-LOT-02,W06,18,0,1,10,3.38,1.88,2100.3
PARAM-LOT-02,W06,18,1,1,10,4.99,1.89,2091.96
PARAM-LOT-02,W06,18,2,1,10,3.67,1.91,2101.13
PARAM-LOT-02,W06,18,3,1,10,4.28,1.89,2130.85
PARAM-LOT-02,W06,18,4,1,10,4.98,1.86,2064.62
PARAM-LOT-02,W06,18,5,1,10,3.18,1.91,2141.93
PARAM-LOT-02,W06,18,6,1,10,3.81,1.84,2093.82
PARAM-LOT-02,W06,19,-3,1,10,4.68,1.92,2098.74
PARAM-LOT-02,W06,19,-2,1,10,3.05,1.88,2081.16
PARAM-LOT-02,W06,19,-1,1,10,4.53,1.9,2142.57
PARAM-LOT-02,W06,19,0,1,10,4.24,1.86,2088.62
PARAM-LOT-02,W06,19,1,1,10,4.04,1.88,2084.42
PARAM-LOT-02,W06,19,2,1,10,4.06,1.91,2130.31
PARAM-LOT-02,W06,19,3,1,10,4.88,1.87,2098.23
