lot,wafer,x,y,siteId,hbin,sbin,testdate,temp,testA,testB,testC
LOT123,W01,-3,-14,0,1,10,2026-04-22,25,0.962,0.491,55.787
LOT123,W01,-2,-14,1,1,10,2026-04-22,25,0.978,0.507,45.655
LOT123,W01,-1,-14,2,1,10,2026-04-22,25,0.873,0.468,54.818
LOT123,W01,0,-14,3,1,10,2026-04-22,25,1.144,0.500,42.579
LOT123,W01,1,-14,4,1,10,2026-04-22,25,1.069,0.517,49.696
LOT123,W01,2,-14,5,1,10,2026-04-22,25,0.915,0.492,28.771
LOT123,W01,3,-14,6,2,20,2026-04-22,25,1.087,0.475,67.305
LOT123,W01,-6,-13,7,1,10,2026-04-22,25,0.959,0.488,75.581
LOT123,W01,-5,-13,8,1,10,2026-04-22,25,0.972,0.475,52.590
LOT123,W01,-4,-13,9,1,10,2026-04-22,25,1.124,0.498,50.037
LOT123,W01,-3,-13,10,1,10,2026-04-22,25,1.089,0.493,55.300
LOT123,W01,-2,-13,11,1,10,2026-04-22,25,1.208,0.507,66.259
LOT123,W01,-1,-13,12,2,20,2026-04-22,25,0.922,0.483,39.697
LOT123,W01,0,-13,13,1,10,2026-04-22,25,1.110,0.468,62.621
LOT123,W01,1,-13,14,2,20,2026-04-22,25,1.007,0.505,54.254
LOT123,W01,2,-13,15,1,10,2026-04-22,25,0.851,0.544,59.317
LOT123,W01,3,-13,16,3,40,2026-04-22,25,1.014,0.484,68.664
LOT123,W01,4,-13,17,1,10,2026-04-22,25,1.002,0.513,44.768
LOT123,W01,5,-13,18,1,10,2026-04-22,25,1.084,0.480,60.870
LOT123,W01,6,-13,19,1,10,2026-04-22,25,1.004,0.504,33.271
LOT123,W01,-8,-12,20,1,10,2026-04-22,25,1.086,0.477,57.379
LOT123,W01,-7,-12,21,2,20,2026-04-22,25,1.143,0.481,55.617
LOT123,W01,-6,-12,22,1,10,2026-04-22,25,1.054,0.483,57.712
LOT123,W01,-5,-12,23,1,10,2026-04-22,25,0.934,0.499,64.770
LOT123,W01,-4,-12,24,1,10,2026-04-22,25,1.061,0.512,51.155
LOT123,W01,-3,-12,25,1,10,2026-04-22,25,0.889,0.469,25.120
LOT123,W01,-2,-12,26,1,10,2026-04-22,25,1.016,0.462,59.736
LOT123,W01,-1,-12,27,1,10,2026-04-22,25,1.064,0.481,56.117
LOT123,W01,0,-12,28,1,10,2026-04-22,25,1.080,0.521,40.269
LOT123,W01,1,-12,29,1,10,2026-04-22,25,0.881,0.462,56.203
LOT123,W01,2,-12,30,1,10,2026-04-22,25,1.095,0.494,56.797
LOT123,W01,3,-12,31,1,10,2026-04-22,25,1.056,0.475,40.538
LOT123,W01,4,-12,32,1,10,2026-04-22,25,0.941,0.506,78.807
LOT123,W01,5,-12,33,1,10,2026-04-22,25,0.934,0.506,56.301
LOT123,W01,6,-12,34,1,10,2026-04-22,25,1.153,0.475,34.851
LOT123,W01,7,-12,35,2,20,2026-04-22,25,0.868,0.504,60.456
LOT123,W01,8,-12,36,1,10,2026-04-22,25,0.966,0.493,56.784
LOT123,W01,-9,-11,37,1,10,2026-04-22,25,1.044,0.507,55.952
LOT123,W01,-8,-11,38,2,20,2026-04-22,25,1.219,0.486,80.060
LOT123,W01,-7,-11,39,2,20,2026-04-22,25,1.260,0.481,52.744
LOT123,W01,-6,-11,40,1,10,2026-04-22,25,1.087,0.492,31.092
LOT123,W01,-5,-11,41,2,20,2026-04-22,25,1.127,0.505,43.276
LOT123,W01,-4,-11,42,1,10,2026-04-22,25,1.000,0.500,41.188
LOT123,W01,-3,-11,43,1,10,2026-04-22,25,1.050,0.485,42.333
LOT123,W01,-2,-11,44,1,10,2026-04-22,25,1.031,0.487,61.951
LOT123,W01,-1,-11,45,2,20,2026-04-22,25,1.137,0.512,62.313
LOT123,W01,0,-11,46,1,10,2026-04-22,25,0.871,0.484,56.608
LOT123,W01,1,-11,47,1,10,2026-04-22,25,1.220,0.511,52.265
LOT123,W01,2,-11,48,1,10,2026-04-22,25,1.038,0.494,73.088
LOT123,W01,3,-11,49,1,10,2026-04-22,25,1.078,0.499,53.899
LOT123,W01,4,-11,50,1,10,2026-04-22,25,0.933,0.513,40.038
LOT123,W01,5,-11,51,1,10,2026-04-22,25,1.048,0.456,45.989
LOT123,W01,6,-11,52,1,10,2026-04-22,25,1.206,0.496,50.901
LOT123,W01,7,-11,53,1,10,2026-04-22,25,1.298,0.460,56.796
LOT123,W01,8,-11,54,1,10,2026-04-22,25,1.216,0.476,20.811
LOT123,W01,9,-11,55,3,40,2026-04-22,25,1.130,0.491,54.055
LOT123,W01,-10,-10,56,1,10,2026-04-22,25,1.032,0.502,30.272
LOT123,W01,-9,-10,57,2,20,2026-04-22,25,0.951,0.485,70.291
LOT123,W01,-8,-10,58,1,10,2026-04-22,25,1.057,0.491,38.921
LOT123,W01,-7,-10,59,1,10,2026-04-22,25,0.996,0.501,30.063
LOT123,W01,-6,-10,60,1,10,2026-04-22,25,1.174,0.471,52.198
LOT123,W01,-5,-10,61,3,40,2026-04-22,25,1.010,0.456,51.174
LOT123,W01,-4,-10,62,1,10,2026-04-22,25,0.974,0.478,44.493
LOT123,W01,-3,-10,63,1,10,2026-04-22,25,0.981,0.509,64.308
LOT123,W01,-2,-10,64,1,10,2026-04-22,25,0.996,0.463,52.494
LOT123,W01,-1,-10,65,1,10,2026-04-22,25,0.965,0.508,82.491
LOT123,W01,0,-10,66,1,10,2026-04-22,25,1.302,0.505,57.758
LOT123,W01,1,-10,67,1,10,2026-04-22,25,1.076,0.523,59.600
LOT123,W01,2,-10,68,1,10,2026-04-22,25,0.958,0.484,46.545
LOT123,W01,3,-10,69,1,10,2026-04-22,25,0.896,0.549,45.200
LOT123,W01,4,-10,70,1,10,2026-04-22,25,0.975,0.450,32.534
LOT123,W01,5,-10,71,1,10,2026-04-22,25,0.982,0.472,53.867
LOT123,W01,6,-10,72,2,20,2026-04-22,25,0.921,0.482,62.301
LOT123,W01,7,-10,73,1,10,2026-04-22,25,1.107,0.485,42.646
LOT123,W01,8,-10,74,1,10,2026-04-22,25,1.049,0.455,62.009
LOT123,W01,9,-10,75,1,10,2026-04-22,25,1.066,0.515,75.914
LOT123,W01,10,-10,76,1,10,2026-04-22,25,0.964,0.483,46.633
LOT123,W01,-11,-9,77,1,10,2026-04-22,25,1.109,0.498,65.686
LOT123,W01,-10,-9,78,4,45,2026-04-22,25,1.035,0.495,59.648
LOT123,W01,-9,-9,79,1,10,2026-04-22,25,1.169,0.479,51.650
LOT123,W01,-8,-9,80,2,20,2026-04-22,25,0.981,0.471,55.313
LOT123,W01,-7,-9,81,1,10,2026-04-22,25,0.797,0.451,52.528
LOT123,W01,-6,-9,82,1,10,2026-04-22,25,1.030,0.512,41.571
LOT123,W01,-5,-9,83,1,10,2026-04-22,25,0.943,0.501,51.222
LOT123,W01,-4,-9,84,1,10,2026-04-22,25,1.170,0.526,59.509
LOT123,W01,-3,-9,85,1,10,2026-04-22,25,1.119,0.513,48.118
LOT123,W01,-2,-9,86,1,10,2026-04-22,25,1.092,0.454,49.291
LOT123,W01,-1,-9,87,1,10,2026-04-22,25,1.083,0.473,67.312
LOT123,W01,0,-9,88,4,45,2026-04-22,25,0.967,0.477,51.187
LOT123,W01,1,-9,89,4,45,2026-04-22,25,1.284,0.492,69.061
LOT123,W01,2,-9,90,1,10,2026-04-22,25,1.016,0.490,62.928
LOT123,W01,3,-9,91,1,10,2026-04-22,25,1.059,0.517,79.528
LOT123,W01,4,-9,92,2,20,2026-04-22,25,0.982,0.497,65.808
LOT123,W01,5,-9,93,1,10,2026-04-22,25,1.230,0.473,49.723
LOT123,W01,6,-9,94,1,10,2026-04-22,25,1.091,0.502,59.283
LOT123,W01,7,-9,95,1,10,2026-04-22,25,0.969,0.525,60.086
LOT123,W01,8,-9,96,1,10,2026-04-22,25,1.189,0.499,73.523
LOT123,W01,9,-9,97,3,40,2026-04-22,25,1.104,0.493,53.411
LOT123,W01,10,-9,98,1,10,2026-04-22,25,1.033,0.494,63.597
LOT123,W01,11,-9,99,2,20,2026-04-22,25,1.207,0.500,44.758
LOT123,W01,-12,-8,100,1,10,2026-04-22,25,0.870,0.484,58.273
LOT123,W01,-11,-8,101,1,10,2026-04-22,25,0.981,0.465,73.188
LOT123,W01,-10,-8,102,1,10,2026-04-22,25,0.992,0.460,61.747
LOT123,W01,-9,-8,103,1,10,2026-04-22,25,1.015,0.490,50.739
LOT123,W01,-8,-8,104,1,10,2026-04-22,25,1.157,0.488,51.250
LOT123,W01,-7,-8,105,2,20,2026-04-22,25,0.868,0.503,53.624
LOT123,W01,-6,-8,106,4,45,2026-04-22,25,1.071,0.508,60.256
LOT123,W01,-5,-8,107,1,10,2026-04-22,25,1.235,0.512,66.251
LOT123,W01,-4,-8,108,1,10,2026-04-22,25,1.185,0.474,59.774
LOT123,W01,-3,-8,109,1,10,2026-04-22,25,0.922,0.484,59.424
LOT123,W01,-2,-8,110,1,10,2026-04-22,25,1.123,0.483,39.150
LOT123,W01,-1,-8,111,1,10,2026-04-22,25,1.095,0.510,51.363
LOT123,W01,0,-8,112,1,10,2026-04-22,25,1.080,0.507,70.660
LOT123,W01,1,-8,113,1,10,2026-04-22,25,1.150,0.506,36.675
LOT123,W01,2,-8,114,1,10,2026-04-22,25,1.019,0.466,40.074
LOT123,W01,3,-8,115,1,10,2026-04-22,25,1.183,0.507,53.623
LOT123,W01,4,-8,116,1,10,2026-04-22,25,0.917,0.496,53.245
LOT123,W01,5,-8,117,1,10,2026-04-22,25,1.051,0.509,61.802
LOT123,W01,6,-8,118,1,10,2026-04-22,25,1.018,0.462,40.345
LOT123,W01,7,-8,119,1,10,2026-04-22,25,0.856,0.489,59.211
LOT123,W01,8,-8,120,1,10,2026-04-22,25,1.161,0.464,44.842
LOT123,W01,9,-8,121,1,10,2026-04-22,25,1.096,0.496,57.971
LOT123,W01,10,-8,122,2,20,2026-04-22,25,1.099,0.523,41.394
LOT123,W01,11,-8,123,1,10,2026-04-22,25,0.888,0.501,70.514
LOT123,W01,12,-8,124,1,10,2026-04-22,25,1.035,0.461,36.686
LOT123,W01,-12,-7,125,1,10,2026-04-22,25,1.072,0.477,69.871
LOT123,W01,-11,-7,126,2,20,2026-04-22,25,1.016,0.475,57.446
LOT123,W01,-10,-7,127,1,10,2026-04-22,25,1.194,0.468,31.670
LOT123,W01,-9,-7,128,1,10,2026-04-22,25,1.010,0.489,69.277
LOT123,W01,-8,-7,129,1,10,2026-04-22,25,1.018,0.458,62.014
LOT123,W01,-7,-7,130,2,20,2026-04-22,25,0.904,0.494,41.223
LOT123,W01,-6,-7,131,1,10,2026-04-22,25,1.191,0.518,49.502
LOT123,W01,-5,-7,132,3,40,2026-04-22,25,1.004,0.511,44.012
LOT123,W01,-4,-7,133,1,10,2026-04-22,25,1.148,0.478,53.792
LOT123,W01,-3,-7,134,1,10,2026-04-22,25,1.046,0.491,64.514
LOT123,W01,-2,-7,135,1,10,2026-04-22,25,1.134,0.484,49.831
LOT123,W01,-1,-7,136,1,10,2026-04-22,25,0.908,0.506,53.591
LOT123,W01,0,-7,137,1,10,2026-04-22,25,1.252,0.447,60.150
LOT123,W01,1,-7,138,1,10,2026-04-22,25,1.007,0.503,65.283
LOT123,W01,2,-7,139,1,10,2026-04-22,25,1.167,0.468,58.785
LOT123,W01,3,-7,140,1,10,2026-04-22,25,1.106,0.493,38.754
LOT123,W01,4,-7,141,1,10,2026-04-22,25,1.155,0.486,47.906
LOT123,W01,5,-7,142,1,10,2026-04-22,25,1.087,0.465,63.891
LOT123,W01,6,-7,143,1,10,2026-04-22,25,0.979,0.495,59.340
LOT123,W01,7,-7,144,1,10,2026-04-22,25,0.979,0.456,57.314
LOT123,W01,8,-7,145,1,10,2026-04-22,25,1.133,0.507,80.707
LOT123,W01,9,-7,146,1,10,2026-04-22,25,0.951,0.517,72.028
LOT123,W01,10,-7,147,1,10,2026-04-22,25,1.188,0.503,41.613
LOT123,W01,11,-7,148,1,10,2026-04-22,25,0.997,0.519,64.460
LOT123,W01,12,-7,149,1,10,2026-04-22,25,1.069,0.485,45.560
LOT123,W01,-13,-6,150,1,10,2026-04-22,25,1.022,0.516,83.606
LOT123,W01,-12,-6,151,1,10,2026-04-22,25,1.070,0.482,51.902
LOT123,W01,-11,-6,152,1,10,2026-04-22,25,1.059,0.497,45.306
LOT123,W01,-10,-6,153,1,10,2026-04-22,25,1.212,0.502,46.123
LOT123,W01,-9,-6,154,1,10,2026-04-22,25,1.026,0.500,51.145
LOT123,W01,-8,-6,155,1,10,2026-04-22,25,1.163,0.500,60.457
LOT123,W01,-7,-6,156,1,10,2026-04-22,25,1.214,0.491,55.824
LOT123,W01,-6,-6,157,1,10,2026-04-22,25,1.045,0.477,67.779
LOT123,W01,-5,-6,158,3,40,2026-04-22,25,1.106,0.464,46.456
LOT123,W01,-4,-6,159,1,10,2026-04-22,25,1.010,0.483,53.224
LOT123,W01,-3,-6,160,1,10,2026-04-22,25,1.064,0.461,51.225
LOT123,W01,-2,-6,161,1,10,2026-04-22,25,1.233,0.474,66.445
LOT123,W01,-1,-6,162,1,10,2026-04-22,25,1.157,0.520,54.547
LOT123,W01,0,-6,163,1,10,2026-04-22,25,1.009,0.474,60.550
LOT123,W01,1,-6,164,1,10,2026-04-22,25,1.035,0.478,82.336
LOT123,W01,2,-6,165,3,40,2026-04-22,25,0.956,0.480,52.660
LOT123,W01,3,-6,166,1,10,2026-04-22,25,1.095,0.483,34.206
LOT123,W01,4,-6,167,1,10,2026-04-22,25,1.146,0.499,53.534
LOT123,W01,5,-6,168,1,10,2026-04-22,25,1.013,0.472,47.750
LOT123,W01,6,-6,169,1,10,2026-04-22,25,1.205,0.501,58.998
LOT123,W01,7,-6,170,3,40,2026-04-22,25,0.946,0.502,71.641
LOT123,W01,8,-6,171,1,10,2026-04-22,25,1.052,0.458,67.988
LOT123,W01,9,-6,172,1,10,2026-04-22,25,1.171,0.469,72.984
LOT123,W01,10,-6,173,1,10,2026-04-22,25,1.156,0.486,54.470
LOT123,W01,11,-6,174,1,10,2026-04-22,25,0.926,0.484,41.814
LOT123,W01,12,-6,175,1,10,2026-04-22,25,1.006,0.487,45.169
LOT123,W01,13,-6,176,1,10,2026-04-22,25,1.131,0.472,60.158
LOT123,W01,-13,-5,177,4,45,2026-04-22,25,0.948,0.469,44.265
LOT123,W01,-12,-5,178,1,10,2026-04-22,25,1.079,0.498,49.823
LOT123,W01,-11,-5,179,1,10,2026-04-22,25,1.181,0.462,51.371
LOT123,W01,-10,-5,180,1,10,2026-04-22,25,0.886,0.492,52.941
LOT123,W01,-9,-5,181,1,10,2026-04-22,25,1.079,0.458,44.379
LOT123,W01,-8,-5,182,1,10,2026-04-22,25,1.101,0.464,54.053
LOT123,W01,-7,-5,183,1,10,2026-04-22,25,0.826,0.464,39.998
LOT123,W01,-6,-5,184,1,10,2026-04-22,25,1.054,0.525,63.843
LOT123,W01,-5,-5,185,1,10,2026-04-22,25,1.256,0.500,23.583
LOT123,W01,-4,-5,186,1,10,2026-04-22,25,0.850,0.513,24.825
LOT123,W01,-3,-5,187,1,10,2026-04-22,25,1.177,0.517,63.697
LOT123,W01,-2,-5,188,1,10,2026-04-22,25,1.103,0.488,38.772
LOT123,W01,-1,-5,189,1,10,2026-04-22,25,1.056,0.478,28.456
LOT123,W01,0,-5,190,1,10,2026-04-22,25,1.118,0.496,81.458
LOT123,W01,1,-5,191,1,10,2026-04-22,25,0.873,0.491,62.348
LOT123,W01,2,-5,192,1,10,2026-04-22,25,1.238,0.488,51.023
LOT123,W01,3,-5,193,1,10,2026-04-22,25,1.152,0.511,41.814
LOT123,W01,4,-5,194,1,10,2026-04-22,25,0.981,0.467,65.417
LOT123,W01,5,-5,195,1,10,2026-04-22,25,1.037,0.500,67.855
LOT123,W01,6,-5,196,1,10,2026-04-22,25,1.402,0.515,61.133
LOT123,W01,7,-5,197,1,10,2026-04-22,25,1.171,0.473,44.820
LOT123,W01,8,-5,198,2,20,2026-04-22,25,1.046,0.478,53.293
LOT123,W01,9,-5,199,1,10,2026-04-22,25,0.991,0.506,47.395
LOT123,W01,10,-5,200,3,40,2026-04-22,25,0.966,0.492,47.054
LOT123,W01,11,-5,201,1,10,2026-04-22,25,0.905,0.459,32.118
LOT123,W01,12,-5,202,1,10,2026-04-22,25,1.103,0.480,51.169
LOT123,W01,13,-5,203,4,45,2026-04-22,25,1.068,0.524,64.674
LOT123,W01,-13,-4,204,1,10,2026-04-22,25,1.168,0.513,69.444
LOT123,W01,-12,-4,205,1,10,2026-04-22,25,1.092,0.468,59.596
LOT123,W01,-11,-4,206,1,10,2026-04-22,25,0.889,0.468,29.620
LOT123,W01,-10,-4,207,3,40,2026-04-22,25,1.066,0.499,48.463
LOT123,W01,-9,-4,208,1,10,2026-04-22,25,1.077,0.495,65.582
LOT123,W01,-8,-4,209,1,10,2026-04-22,25,0.968,0.478,60.430
LOT123,W01,-7,-4,210,3,40,2026-04-22,25,0.879,0.522,49.921
LOT123,W01,-6,-4,211,1,10,2026-04-22,25,1.063,0.453,73.350
LOT123,W01,-5,-4,212,1,10,2026-04-22,25,1.057,0.522,46.666
LOT123,W01,-4,-4,213,1,10,2026-04-22,25,1.269,0.501,49.814
LOT123,W01,-3,-4,214,1,10,2026-04-22,25,0.929,0.493,62.999
LOT123,W01,-2,-4,215,1,10,2026-04-22,25,1.072,0.475,47.953
LOT123,W01,-1,-4,216,1,10,2026-04-22,25,1.040,0.484,63.845
LOT123,W01,0,-4,217,3,40,2026-04-22,25,1.171,0.489,61.581
LOT123,W01,1,-4,218,1,10,2026-04-22,25,1.065,0.502,67.825
LOT123,W01,2,-4,219,3,40,2026-04-22,25,1.201,0.488,57.999
LOT123,W01,3,-4,220,1,10,2026-04-22,25,0.886,0.513,63.323
LOT123,W01,4,-4,221,1,10,2026-04-22,25,1.026,0.492,73.329
LOT123,W01,5,-4,222,1,10,2026-04-22,25,0.928,0.457,60.001
LOT123,W01,6,-4,223,1,10,2026-04-22,25,1.064,0.442,57.538
LOT123,W01,7,-4,224,1,10,2026-04-22,25,0.969,0.465,43.851
LOT123,W01,8,-4,225,1,10,2026-04-22,25,1.106,0.477,52.862
LOT123,W01,9,-4,226,1,10,2026-04-22,25,0.955,0.505,34.315
LOT123,W01,10,-4,227,1,10,2026-04-22,25,1.011,0.492,59.233
LOT123,W01,11,-4,228,2,20,2026-04-22,25,1.043,0.479,49.360
LOT123,W01,12,-4,229,1,10,2026-04-22,25,1.113,0.508,51.412
LOT123,W01,13,-4,230,1,10,2026-04-22,25,0.932,0.474,72.912
LOT123,W01,-14,-3,231,1,10,2026-04-22,25,0.974,0.468,34.446
LOT123,W01,-13,-3,232,2,20,2026-04-22,25,0.987,0.516,63.825
LOT123,W01,-12,-3,233,1,10,2026-04-22,25,1.229,0.495,73.651
LOT123,W01,-11,-3,234,1,10,2026-04-22,25,1.109,0.495,35.173
LOT123,W01,-10,-3,235,1,10,2026-04-22,25,0.891,0.535,64.528
LOT123,W01,-9,-3,236,1,10,2026-04-22,25,1.023,0.491,61.815
LOT123,W01,-8,-3,237,1,10,2026-04-22,25,1.150,0.485,66.050
LOT123,W01,-7,-3,238,1,10,2026-04-22,25,0.958,0.496,59.261
LOT123,W01,-6,-3,239,1,10,2026-04-22,25,1.073,0.522,70.059
LOT123,W01,-5,-3,240,1,10,2026-04-22,25,1.103,0.456,59.223
LOT123,W01,-4,-3,241,3,40,2026-04-22,25,0.993,0.525,40.967
LOT123,W01,-3,-3,242,1,10,2026-04-22,25,1.071,0.491,79.073
LOT123,W01,-2,-3,243,1,10,2026-04-22,25,1.141,0.499,48.698
LOT123,W01,-1,-3,244,3,40,2026-04-22,25,0.999,0.511,53.088
LOT123,W01,0,-3,245,1,10,2026-04-22,25,1.067,0.513,36.594
LOT123,W01,1,-3,246,1,10,2026-04-22,25,1.007,0.488,65.110
LOT123,W01,2,-3,247,1,10,2026-04-22,25,0.878,0.522,61.762
LOT123,W01,3,-3,248,1,10,2026-04-22,25,0.844,0.501,40.650
LOT123,W01,4,-3,249,1,10,2026-04-22,25,1.191,0.489,73.058
LOT123,W01,5,-3,250,1,10,2026-04-22,25,0.971,0.474,68.160
LOT123,W01,6,-3,251,1,10,2026-04-22,25,1.114,0.481,28.270
LOT123,W01,7,-3,252,1,10,2026-04-22,25,1.173,0.490,53.725
LOT123,W01,8,-3,253,1,10,2026-04-22,25,1.045,0.477,69.454
LOT123,W01,9,-3,254,1,10,2026-04-22,25,1.018,0.500,56.486
LOT123,W01,10,-3,255,4,45,2026-04-22,25,0.962,0.462,40.794
LOT123,W01,11,-3,256,1,10,2026-04-22,25,1.098,0.480,61.742
LOT123,W01,12,-3,257,1,10,2026-04-22,25,1.042,0.499,58.365
LOT123,W01,13,-3,258,1,10,2026-04-22,25,1.096,0.520,55.430
LOT123,W01,14,-3,259,1,10,2026-04-22,25,1.080,0.500,54.191
LOT123,W01,-14,-2,260,2,20,2026-04-22,25,0.991,0.515,50.371
LOT123,W01,-13,-2,261,1,10,2026-04-22,25,1.004,0.500,69.941
LOT123,W01,-12,-2,262,1,10,2026-04-22,25,0.965,0.472,58.608
LOT123,W01,-11,-2,263,1,10,2026-04-22,25,1.039,0.517,45.860
LOT123,W01,-10,-2,264,1,10,2026-04-22,25,0.897,0.512,60.015
LOT123,W01,-9,-2,265,1,10,2026-04-22,25,0.978,0.484,54.995
LOT123,W01,-8,-2,266,1,10,2026-04-22,25,0.952,0.450,65.451
LOT123,W01,-7,-2,267,1,10,2026-04-22,25,1.140,0.497,54.116
LOT123,W01,-6,-2,268,1,10,2026-04-22,25,1.198,0.495,84.930
LOT123,W01,-5,-2,269,1,10,2026-04-22,25,0.875,0.484,47.109
LOT123,W01,-4,-2,270,1,10,2026-04-22,25,0.923,0.508,40.661
LOT123,W01,-3,-2,271,1,10,2026-04-22,25,0.945,0.498,44.190
LOT123,W01,-2,-2,272,1,10,2026-04-22,25,1.136,0.457,61.090
LOT123,W01,-1,-2,273,2,20,2026-04-22,25,0.968,0.415,56.894
LOT123,W01,0,-2,274,1,10,2026-04-22,25,0.998,0.521,45.105
LOT123,W01,1,-2,275,4,45,2026-04-22,25,1.102,0.449,30.838
LOT123,W01,2,-2,276,1,10,2026-04-22,25,1.052,0.464,48.463
LOT123,W01,3,-2,277,1,10,2026-04-22,25,1.019,0.473,46.401
LOT123,W01,4,-2,278,1,10,2026-04-22,25,1.073,0.524,15.088
LOT123,W01,5,-2,279,1,10,2026-04-22,25,1.221,0.474,56.626
LOT123,W01,6,-2,280,1,10,2026-04-22,25,1.152,0.479,53.890
LOT123,W01,7,-2,281,1,10,2026-04-22,25,1.072,0.515,69.933
LOT123,W01,8,-2,282,1,10,2026-04-22,25,0.952,0.523,32.799
LOT123,W01,9,-2,283,1,10,2026-04-22,25,1.172,0.480,52.131
LOT123,W01,10,-2,284,3,40,2026-04-22,25,1.168,0.494,41.588
LOT123,W01,11,-2,285,1,10,2026-04-22,25,0.874,0.505,65.251
LOT123,W01,12,-2,286,1,10,2026-04-22,25,1.121,0.469,68.009
LOT123,W01,13,-2,287,1,10,2026-04-22,25,1.001,0.499,55.258
LOT123,W01,14,-2,288,1,10,2026-04-22,25,1.060,0.470,62.964
LOT123,W01,-14,-1,289,1,10,2026-04-22,25,1.271,0.484,57.118
LOT123,W01,-13,-1,290,2,20,2026-04-22,25,0.880,0.491,56.515
LOT123,W01,-12,-1,291,2,20,2026-04-22,25,1.164,0.488,60.164
LOT123,W01,-11,-1,292,1,10,2026-04-22,25,1.003,0.450,37.347
LOT123,W01,-10,-1,293,1,10,2026-04-22,25,1.207,0.471,53.072
LOT123,W01,-9,-1,294,1,10,2026-04-22,25,0.931,0.524,49.936
LOT123,W01,-8,-1,295,1,10,2026-04-22,25,0.989,0.528,44.948
LOT123,W01,-7,-1,296,1,10,2026-04-22,25,1.065,0.467,57.824
LOT123,W01,-6,-1,297,1,10,2026-04-22,25,0.954,0.485,73.626
LOT123,W01,-5,-1,298,1,10,2026-04-22,25,1.072,0.485,40.522
LOT123,W01,-4,-1,299,1,10,2026-04-22,25,0.927,0.484,55.399
LOT123,W01,-3,-1,300,1,10,2026-04-22,25,1.011,0.490,49.024
LOT123,W01,-2,-1,301,1,10,2026-04-22,25,1.032,0.455,68.944
LOT123,W01,-1,-1,302,1,10,2026-04-22,25,1.062,0.479,63.722
LOT123,W01,0,-1,303,1,10,2026-04-22,25,1.026,0.538,39.748
LOT123,W01,1,-1,304,2,20,2026-04-22,25,0.926,0.474,50.450
LOT123,W01,2,-1,305,1,10,2026-04-22,25,1.086,0.506,50.456
LOT123,W01,3,-1,306,1,10,2026-04-22,25,1.158,0.485,51.536
LOT123,W01,4,-1,307,1,10,2026-04-22,25,1.108,0.473,79.095
LOT123,W01,5,-1,308,1,10,2026-04-22,25,0.949,0.509,74.845
LOT123,W01,6,-1,309,1,10,2026-04-22,25,1.052,0.502,68.099
LOT123,W01,7,-1,310,1,10,2026-04-22,25,1.083,0.491,48.675
LOT123,W01,8,-1,311,3,40,2026-04-22,25,1.019,0.501,41.663
LOT123,W01,9,-1,312,3,40,2026-04-22,25,0.936,0.460,60.792
LOT123,W01,10,-1,313,2,20,2026-04-22,25,0.906,0.482,67.572
LOT123,W01,11,-1,314,2,20,2026-04-22,25,1.135,0.507,41.845
LOT123,W01,12,-1,315,1,10,2026-04-22,25,1.009,0.498,47.207
LOT123,W01,13,-1,316,1,10,2026-04-22,25,0.984,0.466,55.766
LOT123,W01,14,-1,317,1,10,2026-04-22,25,1.187,0.485,50.029
LOT123,W01,-14,0,318,1,10,2026-04-22,25,1.108,0.512,49.509
LOT123,W01,-13,0,319,3,40,2026-04-22,25,1.208,0.517,62.723
LOT123,W01,-12,0,320,1,10,2026-04-22,25,0.952,0.470,57.542
LOT123,W01,-11,0,321,2,20,2026-04-22,25,1.075,0.484,49.030
LOT123,W01,-10,0,322,1,10,2026-04-22,25,1.094,0.514,94.011
LOT123,W01,-9,0,323,1,10,2026-04-22,25,1.102,0.484,57.336
LOT123,W01,-8,0,324,2,20,2026-04-22,25,1.179,0.499,48.680
LOT123,W01,-7,0,325,4,45,2026-04-22,25,1.098,0.488,26.460
LOT123,W01,-6,0,326,1,10,2026-04-22,25,1.081,0.496,72.689
LOT123,W01,-5,0,327,1,10,2026-04-22,25,1.210,0.485,39.208
LOT123,W01,-4,0,328,1,10,2026-04-22,25,0.919,0.497,37.865
LOT123,W01,-3,0,329,1,10,2026-04-22,25,0.987,0.480,61.195
LOT123,W01,-2,0,330,4,45,2026-04-22,25,0.988,0.505,52.188
LOT123,W01,-1,0,331,1,10,2026-04-22,25,1.121,0.513,42.211
LOT123,W01,0,0,332,1,10,2026-04-22,25,1.001,0.501,45.922
LOT123,W01,1,0,333,1,10,2026-04-22,25,1.150,0.495,68.239
LOT123,W01,2,0,334,1,10,2026-04-22,25,1.058,0.512,56.338
LOT123,W01,3,0,335,1,10,2026-04-22,25,1.020,0.487,78.805
LOT123,W01,4,0,336,1,10,2026-04-22,25,1.090,0.494,65.193
LOT123,W01,5,0,337,1,10,2026-04-22,25,0.981,0.504,66.649
LOT123,W01,6,0,338,1,10,2026-04-22,25,0.823,0.449,56.675
LOT123,W01,7,0,339,1,10,2026-04-22,25,0.952,0.492,53.291
LOT123,W01,8,0,340,1,10,2026-04-22,25,1.077,0.510,60.205
LOT123,W01,9,0,341,1,10,2026-04-22,25,1.274,0.494,71.569
LOT123,W01,10,0,342,1,10,2026-04-22,25,0.934,0.465,95.096
LOT123,W01,11,0,343,1,10,2026-04-22,25,0.990,0.507,36.947
LOT123,W01,12,0,344,1,10,2026-04-22,25,1.012,0.497,46.759
LOT123,W01,13,0,345,2,20,2026-04-22,25,0.887,0.484,66.527
LOT123,W01,14,0,346,1,10,2026-04-22,25,1.038,0.447,51.599
LOT123,W01,-14,1,347,1,10,2026-04-22,25,1.322,0.475,45.882
LOT123,W01,-13,1,348,1,10,2026-04-22,25,1.042,0.470,56.901
LOT123,W01,-12,1,349,3,40,2026-04-22,25,1.087,0.494,63.907
LOT123,W01,-11,1,350,1,10,2026-04-22,25,0.919,0.489,27.035
LOT123,W01,-10,1,351,1,10,2026-04-22,25,0.978,0.511,50.729
LOT123,W01,-9,1,352,1,10,2026-04-22,25,0.958,0.497,46.743
LOT123,W01,-8,1,353,1,10,2026-04-22,25,1.028,0.472,52.522
LOT123,W01,-7,1,354,4,45,2026-04-22,25,1.085,0.454,58.914
LOT123,W01,-6,1,355,1,10,2026-04-22,25,1.077,0.483,42.471
LOT123,W01,-5,1,356,1,10,2026-04-22,25,1.092,0.540,48.568
LOT123,W01,-4,1,357,1,10,2026-04-22,25,1.310,0.468,63.923
LOT123,W01,-3,1,358,1,10,2026-04-22,25,1.123,0.504,50.990
LOT123,W01,-2,1,359,1,10,2026-04-22,25,1.049,0.442,65.696
LOT123,W01,-1,1,360,1,10,2026-04-22,25,0.814,0.484,58.921
LOT123,W01,0,1,361,1,10,2026-04-22,25,1.129,0.466,37.931
LOT123,W01,1,1,362,1,10,2026-04-22,25,1.068,0.474,32.867
LOT123,W01,2,1,363,1,10,2026-04-22,25,1.030,0.503,46.131
LOT123,W01,3,1,364,1,10,2026-04-22,25,0.859,0.463,54.936
LOT123,W01,4,1,365,1,10,2026-04-22,25,1.018,0.508,40.208
LOT123,W01,5,1,366,1,10,2026-04-22,25,0.915,0.473,59.030
LOT123,W01,6,1,367,1,10,2026-04-22,25,0.954,0.471,54.431
LOT123,W01,7,1,368,1,10,2026-04-22,25,1.166,0.502,40.201
LOT123,W01,8,1,369,1,10,2026-04-22,25,1.067,0.473,53.430
LOT123,W01,9,1,370,1,10,2026-04-22,25,1.046,0.457,30.399
LOT123,W01,10,1,371,1,10,2026-04-22,25,0.950,0.487,59.484
LOT123,W01,11,1,372,2,20,2026-04-22,25,1.154,0.524,29.896
LOT123,W01,12,1,373,1,10,2026-04-22,25,0.908,0.487,50.798
LOT123,W01,13,1,374,1,10,2026-04-22,25,1.081,0.500,45.476
LOT123,W01,14,1,375,1,10,2026-04-22,25,1.217,0.469,72.557
LOT123,W01,-14,2,376,1,10,2026-04-22,25,1.055,0.502,78.315
LOT123,W01,-13,2,377,1,10,2026-04-22,25,1.035,0.482,87.560
LOT123,W01,-12,2,378,2,20,2026-04-22,25,1.136,0.493,47.946
LOT123,W01,-11,2,379,1,10,2026-04-22,25,1.164,0.523,60.803
LOT123,W01,-10,2,380,1,10,2026-04-22,25,1.058,0.490,58.974
LOT123,W01,-9,2,381,1,10,2026-04-22,25,1.052,0.494,50.128
LOT123,W01,-8,2,382,1,10,2026-04-22,25,1.089,0.485,53.676
LOT123,W01,-7,2,383,1,10,2026-04-22,25,0.996,0.489,50.118
LOT123,W01,-6,2,384,1,10,2026-04-22,25,1.090,0.452,26.378
LOT123,W01,-5,2,385,1,10,2026-04-22,25,1.044,0.441,54.126
LOT123,W01,-4,2,386,1,10,2026-04-22,25,0.971,0.523,48.181
LOT123,W01,-3,2,387,1,10,2026-04-22,25,0.984,0.498,58.472
LOT123,W01,-2,2,388,1,10,2026-04-22,25,1.101,0.479,73.388
LOT123,W01,-1,2,389,1,10,2026-04-22,25,1.124,0.476,48.742
LOT123,W01,0,2,390,3,40,2026-04-22,25,1.230,0.485,56.859
LOT123,W01,1,2,391,1,10,2026-04-22,25,0.793,0.491,51.312
LOT123,W01,2,2,392,2,20,2026-04-22,25,1.013,0.497,59.591
LOT123,W01,3,2,393,1,10,2026-04-22,25,1.149,0.459,60.169
LOT123,W01,4,2,394,1,10,2026-04-22,25,0.963,0.489,53.661
LOT123,W01,5,2,395,1,10,2026-04-22,25,0.939,0.503,67.469
LOT123,W01,6,2,396,1,10,2026-04-22,25,1.081,0.494,22.899
LOT123,W01,7,2,397,1,10,2026-04-22,25,1.341,0.509,40.167
LOT123,W01,8,2,398,1,10,2026-04-22,25,0.890,0.495,81.262
LOT123,W01,9,2,399,2,20,2026-04-22,25,0.933,0.463,49.633
LOT123,W01,10,2,400,1,10,2026-04-22,25,1.020,0.486,37.197
LOT123,W01,11,2,401,1,10,2026-04-22,25,1.140,0.499,67.374
LOT123,W01,12,2,402,1,10,2026-04-22,25,1.187,0.482,44.699
LOT123,W01,13,2,403,2,20,2026-04-22,25,1.120,0.493,59.129
LOT123,W01,14,2,404,3,40,2026-04-22,25,1.004,0.500,66.785
LOT123,W01,-14,3,405,2,20,2026-04-22,25,1.232,0.524,66.618
LOT123,W01,-13,3,406,1,10,2026-04-22,25,1.208,0.492,39.079
LOT123,W01,-12,3,407,1,10,2026-04-22,25,0.993,0.517,66.935
LOT123,W01,-11,3,408,1,10,2026-04-22,25,1.028,0.496,60.501
LOT123,W01,-10,3,409,1,10,2026-04-22,25,0.977,0.494,56.349
LOT123,W01,-9,3,410,1,10,2026-04-22,25,1.103,0.482,64.888
LOT123,W01,-8,3,411,1,10,2026-04-22,25,1.072,0.491,53.652
LOT123,W01,-7,3,412,1,10,2026-04-22,25,1.090,0.493,59.290
LOT123,W01,-6,3,413,1,10,2026-04-22,25,1.010,0.549,50.123
LOT123,W01,-5,3,414,1,10,2026-04-22,25,1.056,0.447,63.229
LOT123,W01,-4,3,415,1,10,2026-04-22,25,1.230,0.476,41.146
LOT123,W01,-3,3,416,1,10,2026-04-22,25,0.898,0.493,37.269
LOT123,W01,-2,3,417,1,10,2026-04-22,25,1.143,0.493,51.708
LOT123,W01,-1,3,418,1,10,2026-04-22,25,1.079,0.487,48.421
LOT123,W01,0,3,419,1,10,2026-04-22,25,0.976,0.504,58.618
LOT123,W01,1,3,420,3,40,2026-04-22,25,0.807,0.462,77.329
LOT123,W01,2,3,421,1,10,2026-04-22,25,1.106,0.488,65.261
LOT123,W01,3,3,422,1,10,2026-04-22,25,1.050,0.480,38.748
LOT123,W01,4,3,423,1,10,2026-04-22,25,1.130,0.496,49.254
LOT123,W01,5,3,424,1,10,2026-04-22,25,0.985,0.514,58.101
LOT123,W01,6,3,425,1,10,2026-04-22,25,1.051,0.483,56.082
LOT123,W01,7,3,426,1,10,2026-04-22,25,1.037,0.460,69.171
LOT123,W01,8,3,427,3,40,2026-04-22,25,1.037,0.512,52.286
LOT123,W01,9,3,428,1,10,2026-04-22,25,1.108,0.501,70.976
LOT123,W01,10,3,429,2,20,2026-04-22,25,1.030,0.490,63.688
LOT123,W01,11,3,430,1,10,2026-04-22,25,1.124,0.493,49.349
LOT123,W01,12,3,431,1,10,2026-04-22,25,0.899,0.472,41.795
LOT123,W01,13,3,432,1,10,2026-04-22,25,1.067,0.496,65.713
LOT123,W01,14,3,433,1,10,2026-04-22,25,1.031,0.481,38.276
LOT123,W01,-13,4,434,1,10,2026-04-22,25,1.001,0.519,69.812
LOT123,W01,-12,4,435,2,20,2026-04-22,25,1.102,0.493,59.466
LOT123,W01,-11,4,436,1,10,2026-04-22,25,1.212,0.497,62.219
LOT123,W01,-10,4,437,1,10,2026-04-22,25,1.136,0.493,49.758
LOT123,W01,-9,4,438,1,10,2026-04-22,25,0.996,0.471,53.138
LOT123,W01,-8,4,439,2,20,2026-04-22,25,1.241,0.506,66.372
LOT123,W01,-7,4,440,1,10,2026-04-22,25,0.909,0.510,50.801
LOT123,W01,-6,4,441,2,20,2026-04-22,25,0.929,0.441,43.972
LOT123,W01,-5,4,442,2,20,2026-04-22,25,1.041,0.487,68.382
LOT123,W01,-4,4,443,1,10,2026-04-22,25,1.069,0.509,54.333
LOT123,W01,-3,4,444,1,10,2026-04-22,25,1.068,0.476,43.301
LOT123,W01,-2,4,445,1,10,2026-04-22,25,1.018,0.495,54.004
LOT123,W01,-1,4,446,3,40,2026-04-22,25,1.090,0.500,45.651
LOT123,W01,0,4,447,1,10,2026-04-22,25,1.057,0.445,40.010
LOT123,W01,1,4,448,1,10,2026-04-22,25,1.027,0.490,40.102
LOT123,W01,2,4,449,1,10,2026-04-22,25,1.312,0.491,73.555
LOT123,W01,3,4,450,1,10,2026-04-22,25,1.170,0.520,78.649
LOT123,W01,4,4,451,1,10,2026-04-22,25,0.959,0.448,59.240
LOT123,W01,5,4,452,1,10,2026-04-22,25,1.133,0.525,66.471
LOT123,W01,6,4,453,1,10,2026-04-22,25,1.134,0.507,72.646
LOT123,W01,7,4,454,1,10,2026-04-22,25,1.071,0.468,36.216
LOT123,W01,8,4,455,1,10,2026-04-22,25,1.187,0.501,42.949
LOT123,W01,9,4,456,1,10,2026-04-22,25,1.091,0.473,50.405
LOT123,W01,10,4,457,1,10,2026-04-22,25,1.047,0.466,75.287
LOT123,W01,11,4,458,1,10,2026-04-22,25,1.036,0.474,55.603
LOT123,W01,12,4,459,1,10,2026-04-22,25,1.053,0.477,53.403
LOT123,W01,13,4,460,3,40,2026-04-22,25,1.179,0.466,42.795
LOT123,W01,-13,5,461,1,10,2026-04-22,25,1.059,0.463,52.259
LOT123,W01,-12,5,462,1,10,2026-04-22,25,1.218,0.476,46.610
LOT123,W01,-11,5,463,1,10,2026-04-22,25,1.032,0.461,53.125
LOT123,W01,-10,5,464,1,10,2026-04-22,25,1.059,0.464,78.427
LOT123,W01,-9,5,465,1,10,2026-04-22,25,1.075,0.468,46.257
LOT123,W01,-8,5,466,1,10,2026-04-22,25,1.100,0.516,46.152
LOT123,W01,-7,5,467,1,10,2026-04-22,25,1.123,0.460,51.096
LOT123,W01,-6,5,468,1,10,2026-04-22,25,1.231,0.501,72.139
LOT123,W01,-5,5,469,1,10,2026-04-22,25,1.178,0.490,45.195
LOT123,W01,-4,5,470,1,10,2026-04-22,25,0.864,0.509,55.673
LOT123,W01,-3,5,471,1,10,2026-04-22,25,1.204,0.484,52.460
LOT123,W01,-2,5,472,1,10,2026-04-22,25,1.045,0.505,57.160
LOT123,W01,-1,5,473,1,10,2026-04-22,25,0.975,0.480,37.661
LOT123,W01,0,5,474,1,10,2026-04-22,25,1.068,0.453,70.312
LOT123,W01,1,5,475,1,10,2026-04-22,25,1.079,0.465,52.191
LOT123,W01,2,5,476,1,10,2026-04-22,25,1.060,0.467,58.356
LOT123,W01,3,5,477,1,10,2026-04-22,25,1.088,0.512,48.881
LOT123,W01,4,5,478,1,10,2026-04-22,25,1.033,0.499,41.762
LOT123,W01,5,5,479,1,10,2026-04-22,25,1.237,0.454,59.760
LOT123,W01,6,5,480,1,10,2026-04-22,25,1.198,0.505,65.068
LOT123,W01,7,5,481,1,10,2026-04-22,25,1.207,0.504,47.858
LOT123,W01,8,5,482,1,10,2026-04-22,25,1.041,0.463,53.095
LOT123,W01,9,5,483,1,10,2026-04-22,25,0.972,0.474,35.030
LOT123,W01,10,5,484,1,10,2026-04-22,25,1.113,0.475,67.627
LOT123,W01,11,5,485,2,20,2026-04-22,25,1.170,0.458,57.494
LOT123,W01,12,5,486,1,10,2026-04-22,25,1.140,0.493,47.088
LOT123,W01,13,5,487,1,10,2026-04-22,25,0.923,0.491,64.118
LOT123,W01,-13,6,488,1,10,2026-04-22,25,1.130,0.469,51.548
LOT123,W01,-12,6,489,1,10,2026-04-22,25,1.056,0.474,44.491
LOT123,W01,-11,6,490,1,10,2026-04-22,25,1.066,0.479,54.708
LOT123,W01,-10,6,491,1,10,2026-04-22,25,0.978,0.485,57.717
LOT123,W01,-9,6,492,1,10,2026-04-22,25,1.113,0.485,64.832
LOT123,W01,-8,6,493,1,10,2026-04-22,25,1.202,0.491,57.738
LOT123,W01,-7,6,494,1,10,2026-04-22,25,0.932,0.476,45.731
LOT123,W01,-6,6,495,1,10,2026-04-22,25,0.975,0.499,44.790
LOT123,W01,-5,6,496,1,10,2026-04-22,25,0.876,0.474,56.134
LOT123,W01,-4,6,497,1,10,2026-04-22,25,1.026,0.485,52.776
LOT123,W01,-3,6,498,1,10,2026-04-22,25,1.202,0.535,66.685
LOT123,W01,-2,6,499,1,10,2026-04-22,25,1.029,0.459,54.503
LOT123,W01,-1,6,500,1,10,2026-04-22,25,1.119,0.534,56.790
LOT123,W01,0,6,501,1,10,2026-04-22,25,1.074,0.470,45.959
LOT123,W01,1,6,502,2,20,2026-04-22,25,1.071,0.513,69.974
LOT123,W01,2,6,503,1,10,2026-04-22,25,0.795,0.459,75.021
LOT123,W01,3,6,504,3,40,2026-04-22,25,0.950,0.497,64.077
LOT123,W01,4,6,505,1,10,2026-04-22,25,1.017,0.494,67.822
LOT123,W01,5,6,506,1,10,2026-04-22,25,1.055,0.450,52.881
LOT123,W01,6,6,507,1,10,2026-04-22,25,1.009,0.512,56.379
LOT123,W01,7,6,508,1,10,2026-04-22,25,1.186,0.491,51.174
LOT123,W01,8,6,509,2,20,2026-04-22,25,1.104,0.532,67.856
LOT123,W01,9,6,510,1,10,2026-04-22,25,1.055,0.486,77.991
LOT123,W01,10,6,511,1,10,2026-04-22,25,1.248,0.514,74.979
LOT123,W01,11,6,512,1,10,2026-04-22,25,1.150,0.490,76.448
LOT123,W01,12,6,513,1,10,2026-04-22,25,1.129,0.443,54.793
LOT123,W01,13,6,514,2,20,2026-04-22,25,1.133,0.481,67.851
LOT123,W01,-12,7,515,1,10,2026-04-22,25,1.097,0.478,63.216
LOT123,W01,-11,7,516,1,10,2026-04-22,25,1.011,0.523,72.653
LOT123,W01,-10,7,517,1,10,2026-04-22,25,1.023,0.527,55.723
LOT123,W01,-9,7,518,1,10,2026-04-22,25,1.082,0.503,85.239
LOT123,W01,-8,7,519,4,45,2026-04-22,25,1.036,0.490,43.021
LOT123,W01,-7,7,520,1,10,2026-04-22,25,1.093,0.461,43.362
LOT123,W01,-6,7,521,1,10,2026-04-22,25,1.013,0.500,42.280
LOT123,W01,-5,7,522,1,10,2026-04-22,25,1.037,0.510,48.595
LOT123,W01,-4,7,523,2,20,2026-04-22,25,1.007,0.493,60.683
LOT123,W01,-3,7,524,1,10,2026-04-22,25,0.910,0.533,43.499
LOT123,W01,-2,7,525,1,10,2026-04-22,25,1.257,0.485,62.553
LOT123,W01,-1,7,526,1,10,2026-04-22,25,1.024,0.518,54.903
LOT123,W01,0,7,527,1,10,2026-04-22,25,0.872,0.489,59.811
LOT123,W01,1,7,528,1,10,2026-04-22,25,1.065,0.501,52.173
LOT123,W01,2,7,529,1,10,2026-04-22,25,0.954,0.511,51.092
LOT123,W01,3,7,530,1,10,2026-04-22,25,1.098,0.470,64.226
LOT123,W01,4,7,531,1,10,2026-04-22,25,1.185,0.516,71.624
LOT123,W01,5,7,532,1,10,2026-04-22,25,0.959,0.491,47.360
LOT123,W01,6,7,533,1,10,2026-04-22,25,0.961,0.522,66.394
LOT123,W01,7,7,534,1,10,2026-04-22,25,1.068,0.446,38.311
LOT123,W01,8,7,535,1,10,2026-04-22,25,1.236,0.497,56.484
LOT123,W01,9,7,536,3,40,2026-04-22,25,1.081,0.476,30.914
LOT123,W01,10,7,537,1,10,2026-04-22,25,1.106,0.463,49.113
LOT123,W01,11,7,538,1,10,2026-04-22,25,1.124,0.494,82.668
LOT123,W01,12,7,539,2,20,2026-04-22,25,1.035,0.505,67.304
LOT123,W01,-12,8,540,1,10,2026-04-22,25,0.838,0.484,60.217
LOT123,W01,-11,8,541,1,10,2026-04-22,25,0.951,0.542,50.012
LOT123,W01,-10,8,542,1,10,2026-04-22,25,0.987,0.448,59.782
LOT123,W01,-9,8,543,1,10,2026-04-22,25,1.194,0.500,47.442
LOT123,W01,-8,8,544,1,10,2026-04-22,25,0.990,0.479,64.390
LOT123,W01,-7,8,545,1,10,2026-04-22,25,1.109,0.509,69.339
LOT123,W01,-6,8,546,1,10,2026-04-22,25,1.099,0.461,66.051
LOT123,W01,-5,8,547,1,10,2026-04-22,25,0.811,0.484,79.032
LOT123,W01,-4,8,548,1,10,2026-04-22,25,1.032,0.497,61.444
LOT123,W01,-3,8,549,1,10,2026-04-22,25,0.997,0.492,79.421
LOT123,W01,-2,8,550,1,10,2026-04-22,25,0.879,0.496,34.812
LOT123,W01,-1,8,551,3,40,2026-04-22,25,1.224,0.484,72.037
LOT123,W01,0,8,552,1,10,2026-04-22,25,1.134,0.495,31.068
LOT123,W01,1,8,553,1,10,2026-04-22,25,1.067,0.506,51.168
LOT123,W01,2,8,554,1,10,2026-04-22,25,1.103,0.490,62.335
LOT123,W01,3,8,555,3,40,2026-04-22,25,1.106,0.523,42.955
LOT123,W01,4,8,556,1,10,2026-04-22,25,0.983,0.502,72.828
LOT123,W01,5,8,557,1,10,2026-04-22,25,1.155,0.438,74.174
LOT123,W01,6,8,558,1,10,2026-04-22,25,0.839,0.488,51.424
LOT123,W01,7,8,559,1,10,2026-04-22,25,1.151,0.496,61.294
LOT123,W01,8,8,560,1,10,2026-04-22,25,0.955,0.476,44.457
LOT123,W01,9,8,561,1,10,2026-04-22,25,1.047,0.481,42.069
LOT123,W01,10,8,562,1,10,2026-04-22,25,1.052,0.466,44.610
LOT123,W01,11,8,563,1,10,2026-04-22,25,1.200,0.462,55.375
LOT123,W01,12,8,564,1,10,2026-04-22,25,1.153,0.534,75.959
LOT123,W01,-11,9,565,1,10,2026-04-22,25,1.041,0.503,60.697
LOT123,W01,-10,9,566,1,10,2026-04-22,25,1.038,0.485,48.103
LOT123,W01,-9,9,567,1,10,2026-04-22,25,1.001,0.522,53.890
LOT123,W01,-8,9,568,1,10,2026-04-22,25,0.854,0.495,78.884
LOT123,W01,-7,9,569,1,10,2026-04-22,25,1.191,0.507,49.148
LOT123,W01,-6,9,570,1,10,2026-04-22,25,1.025,0.477,46.724
LOT123,W01,-5,9,571,1,10,2026-04-22,25,1.037,0.471,35.325
LOT123,W01,-4,9,572,1,10,2026-04-22,25,0.937,0.487,63.740
LOT123,W01,-3,9,573,1,10,2026-04-22,25,1.008,0.452,59.116
LOT123,W01,-2,9,574,1,10,2026-04-22,25,1.059,0.456,59.930
LOT123,W01,-1,9,575,1,10,2026-04-22,25,1.063,0.478,58.205
LOT123,W01,0,9,576,3,40,2026-04-22,25,1.014,0.474,53.392
LOT123,W01,1,9,577,1,10,2026-04-22,25,1.135,0.490,55.142
LOT123,W01,2,9,578,1,10,2026-04-22,25,1.108,0.477,65.236
LOT123,W01,3,9,579,1,10,2026-04-22,25,1.075,0.489,53.068
LOT123,W01,4,9,580,1,10,2026-04-22,25,1.104,0.507,55.013
LOT123,W01,5,9,581,1,10,2026-04-22,25,0.888,0.442,52.924
LOT123,W01,6,9,582,1,10,2026-04-22,25,1.155,0.486,65.556
LOT123,W01,7,9,583,1,10,2026-04-22,25,0.969,0.492,60.011
LOT123,W01,8,9,584,1,10,2026-04-22,25,0.979,0.493,66.202
LOT123,W01,9,9,585,1,10,2026-04-22,25,1.233,0.503,51.737
LOT123,W01,10,9,586,1,10,2026-04-22,25,1.164,0.504,52.032
LOT123,W01,11,9,587,1,10,2026-04-22,25,0.976,0.492,46.107
LOT123,W01,-10,10,588,1,10,2026-04-22,25,0.968,0.520,49.225
LOT123,W01,-9,10,589,1,10,2026-04-22,25,0.915,0.511,50.471
LOT123,W01,-8,10,590,1,10,2026-04-22,25,1.027,0.480,72.901
LOT123,W01,-7,10,591,1,10,2026-04-22,25,1.038,0.454,71.069
LOT123,W01,-6,10,592,1,10,2026-04-22,25,1.008,0.478,65.314
LOT123,W01,-5,10,593,1,10,2026-04-22,25,0.900,0.518,54.059
LOT123,W01,-4,10,594,1,10,2026-04-22,25,1.300,0.531,68.482
LOT123,W01,-3,10,595,1,10,2026-04-22,25,1.110,0.476,54.494
LOT123,W01,-2,10,596,1,10,2026-04-22,25,1.242,0.451,51.894
LOT123,W01,-1,10,597,1,10,2026-04-22,25,1.125,0.513,46.501
LOT123,W01,0,10,598,1,10,2026-04-22,25,0.957,0.526,41.187
LOT123,W01,1,10,599,1,10,2026-04-22,25,1.052,0.522,75.898
LOT123,W01,2,10,600,3,40,2026-04-22,25,1.017,0.478,57.851
LOT123,W01,3,10,601,1,10,2026-04-22,25,0.949,0.481,56.910
LOT123,W01,4,10,602,1,10,2026-04-22,25,1.052,0.473,31.336
LOT123,W01,5,10,603,1,10,2026-04-22,25,1.130,0.473,37.599
LOT123,W01,6,10,604,1,10,2026-04-22,25,1.208,0.458,30.814
LOT123,W01,7,10,605,4,45,2026-04-22,25,1.011,0.483,26.150
LOT123,W01,8,10,606,1,10,2026-04-22,25,1.106,0.510,65.576
LOT123,W01,9,10,607,1,10,2026-04-22,25,0.969,0.499,60.453
LOT123,W01,10,10,608,2,20,2026-04-22,25,1.194,0.487,50.262
LOT123,W01,-9,11,609,2,20,2026-04-22,25,1.165,0.460,51.160
LOT123,W01,-8,11,610,2,20,2026-04-22,25,1.196,0.518,56.011
LOT123,W01,-7,11,611,1,10,2026-04-22,25,1.150,0.478,51.028
LOT123,W01,-6,11,612,1,10,2026-04-22,25,1.153,0.527,66.283
LOT123,W01,-5,11,613,3,40,2026-04-22,25,0.976,0.453,47.528
LOT123,W01,-4,11,614,1,10,2026-04-22,25,1.219,0.498,56.690
LOT123,W01,-3,11,615,2,20,2026-04-22,25,1.111,0.478,47.769
LOT123,W01,-2,11,616,1,10,2026-04-22,25,1.000,0.494,57.626
LOT123,W01,-1,11,617,1,10,2026-04-22,25,1.014,0.497,45.288
LOT123,W01,0,11,618,2,20,2026-04-22,25,1.005,0.437,50.222
LOT123,W01,1,11,619,1,10,2026-04-22,25,1.088,0.470,72.710
LOT123,W01,2,11,620,1,10,2026-04-22,25,0.877,0.485,54.388
LOT123,W01,3,11,621,1,10,2026-04-22,25,1.048,0.474,59.762
LOT123,W01,4,11,622,2,20,2026-04-22,25,1.114,0.483,72.408
LOT123,W01,5,11,623,1,10,2026-04-22,25,0.874,0.502,34.083
LOT123,W01,6,11,624,1,10,2026-04-22,25,1.095,0.458,57.914
LOT123,W01,7,11,625,1,10,2026-04-22,25,1.018,0.464,61.959
LOT123,W01,8,11,626,1,10,2026-04-22,25,1.151,0.540,71.308
LOT123,W01,9,11,627,3,40,2026-04-22,25,0.994,0.469,42.560
LOT123,W01,-8,12,628,2,20,2026-04-22,25,1.106,0.460,62.165
LOT123,W01,-7,12,629,4,45,2026-04-22,25,0.968,0.511,56.524
LOT123,W01,-6,12,630,1,10,2026-04-22,25,1.070,0.503,43.918
LOT123,W01,-5,12,631,1,10,2026-04-22,25,1.141,0.503,64.838
LOT123,W01,-4,12,632,1,10,2026-04-22,25,1.035,0.457,50.087
LOT123,W01,-3,12,633,1,10,2026-04-22,25,1.175,0.510,43.321
LOT123,W01,-2,12,634,1,10,2026-04-22,25,0.891,0.510,89.110
LOT123,W01,-1,12,635,1,10,2026-04-22,25,1.077,0.479,64.036
LOT123,W01,0,12,636,1,10,2026-04-22,25,1.037,0.502,42.236
LOT123,W01,1,12,637,1,10,2026-04-22,25,0.984,0.502,54.559
LOT123,W01,2,12,638,1,10,2026-04-22,25,1.325,0.463,32.741
LOT123,W01,3,12,639,1,10,2026-04-22,25,1.106,0.500,45.759
LOT123,W01,4,12,640,1,10,2026-04-22,25,1.005,0.482,59.884
LOT123,W01,5,12,641,3,40,2026-04-22,25,1.036,0.474,67.710
LOT123,W01,6,12,642,1,10,2026-04-22,25,1.057,0.460,57.553
LOT123,W01,7,12,643,1,10,2026-04-22,25,1.188,0.455,49.471
LOT123,W01,8,12,644,4,45,2026-04-22,25,1.033,0.482,68.970
LOT123,W01,-6,13,645,2,20,2026-04-22,25,1.014,0.467,34.648
LOT123,W01,-5,13,646,1,10,2026-04-22,25,0.856,0.504,52.164
LOT123,W01,-4,13,647,1,10,2026-04-22,25,1.012,0.483,48.266
LOT123,W01,-3,13,648,1,10,2026-04-22,25,1.108,0.475,26.892
LOT123,W01,-2,13,649,1,10,2026-04-22,25,1.010,0.503,62.670
LOT123,W01,-1,13,650,1,10,2026-04-22,25,0.936,0.477,31.461
LOT123,W01,0,13,651,1,10,2026-04-22,25,1.002,0.504,75.445
LOT123,W01,1,13,652,1,10,2026-04-22,25,0.898,0.540,63.595
LOT123,W01,2,13,653,1,10,2026-04-22,25,1.139,0.480,75.132
LOT123,W01,3,13,654,1,10,2026-04-22,25,1.097,0.491,50.304
LOT123,W01,4,13,655,1,10,2026-04-22,25,0.939,0.465,56.826
LOT123,W01,5,13,656,1,10,2026-04-22,25,0.986,0.508,45.183
LOT123,W01,6,13,657,2,20,2026-04-22,25,1.086,0.450,61.338
LOT123,W01,-3,14,658,1,10,2026-04-22,25,1.215,0.483,70.921
LOT123,W01,-2,14,659,1,10,2026-04-22,25,1.180,0.472,57.244
LOT123,W01,-1,14,660,1,10,2026-04-22,25,0.785,0.511,44.331
LOT123,W01,0,14,661,2,20,2026-04-22,25,0.929,0.496,24.401
LOT123,W01,1,14,662,1,10,2026-04-22,25,1.080,0.477,68.848
LOT123,W01,2,14,663,1,10,2026-04-22,25,0.880,0.446,48.575
LOT123,W01,3,14,664,1,10,2026-04-22,25,1.099,0.505,72.405
LOT123,W02,-3,-14,0,1,10,2026-04-22,25,1.012,0.519,58.104
LOT123,W02,-2,-14,1,1,10,2026-04-22,25,0.980,0.526,53.649
LOT123,W02,-1,-14,2,2,20,2026-04-22,25,1.112,0.479,39.870
LOT123,W02,0,-14,3,1,10,2026-04-22,25,1.206,0.486,83.654
LOT123,W02,1,-14,4,1,10,2026-04-22,25,1.128,0.491,48.642
LOT123,W02,2,-14,5,1,10,2026-04-22,25,1.146,0.498,62.767
LOT123,W02,3,-14,6,1,10,2026-04-22,25,1.157,0.516,57.426
LOT123,W02,-6,-13,7,1,10,2026-04-22,25,1.015,0.514,71.901
LOT123,W02,-5,-13,8,1,10,2026-04-22,25,1.073,0.457,29.719
LOT123,W02,-4,-13,9,2,20,2026-04-22,25,1.078,0.462,62.610
LOT123,W02,-3,-13,10,1,10,2026-04-22,25,1.015,0.513,50.023
LOT123,W02,-2,-13,11,1,10,2026-04-22,25,0.958,0.460,46.419
LOT123,W02,-1,-13,12,3,40,2026-04-22,25,1.081,0.494,52.900
LOT123,W02,0,-13,13,2,20,2026-04-22,25,1.216,0.507,83.465
LOT123,W02,1,-13,14,1,10,2026-04-22,25,1.038,0.478,49.887
LOT123,W02,2,-13,15,1,10,2026-04-22,25,1.092,0.509,51.240
LOT123,W02,3,-13,16,1,10,2026-04-22,25,1.153,0.480,76.463
LOT123,W02,4,-13,17,3,40,2026-04-22,25,1.044,0.477,38.044
LOT123,W02,5,-13,18,2,20,2026-04-22,25,0.909,0.500,65.929
LOT123,W02,6,-13,19,1,10,2026-04-22,25,1.022,0.474,67.847
LOT123,W02,-8,-12,20,1,10,2026-04-22,25,0.892,0.493,43.815
LOT123,W02,-7,-12,21,1,10,2026-04-22,25,0.970,0.522,80.086
LOT123,W02,-6,-12,22,1,10,2026-04-22,25,1.118,0.478,47.222
LOT123,W02,-5,-12,23,1,10,2026-04-22,25,1.040,0.483,75.350
LOT123,W02,-4,-12,24,1,10,2026-04-22,25,1.260,0.508,41.399
LOT123,W02,-3,-12,25,1,10,2026-04-22,25,1.130,0.485,59.309
LOT123,W02,-2,-12,26,1,10,2026-04-22,25,1.030,0.459,44.796
LOT123,W02,-1,-12,27,1,10,2026-04-22,25,1.150,0.454,56.127
LOT123,W02,0,-12,28,2,20,2026-04-22,25,1.074,0.491,46.780
LOT123,W02,1,-12,29,1,10,2026-04-22,25,1.050,0.470,57.656
LOT123,W02,2,-12,30,1,10,2026-04-22,25,1.156,0.492,53.964
LOT123,W02,3,-12,31,1,10,2026-04-22,25,1.152,0.506,61.893
LOT123,W02,4,-12,32,1,10,2026-04-22,25,1.114,0.492,75.482
LOT123,W02,5,-12,33,1,10,2026-04-22,25,0.988,0.506,58.307
LOT123,W02,6,-12,34,1,10,2026-04-22,25,1.033,0.496,64.016
LOT123,W02,7,-12,35,1,10,2026-04-22,25,1.114,0.503,35.795
LOT123,W02,8,-12,36,1,10,2026-04-22,25,1.206,0.493,60.090
LOT123,W02,-9,-11,37,1,10,2026-04-22,25,0.955,0.484,39.753
LOT123,W02,-8,-11,38,1,10,2026-04-22,25,0.959,0.479,72.248
LOT123,W02,-7,-11,39,1,10,2026-04-22,25,0.974,0.493,65.792
LOT123,W02,-6,-11,40,1,10,2026-04-22,25,1.091,0.505,62.940
LOT123,W02,-5,-11,41,1,10,2026-04-22,25,1.000,0.504,61.973
LOT123,W02,-4,-11,42,1,10,2026-04-22,25,0.972,0.479,48.473
LOT123,W02,-3,-11,43,1,10,2026-04-22,25,1.058,0.541,43.991
LOT123,W02,-2,-11,44,1,10,2026-04-22,25,1.092,0.481,65.943
LOT123,W02,-1,-11,45,1,10,2026-04-22,25,1.194,0.512,37.018
LOT123,W02,0,-11,46,1,10,2026-04-22,25,1.124,0.474,43.837
LOT123,W02,1,-11,47,1,10,2026-04-22,25,0.920,0.516,44.861
LOT123,W02,2,-11,48,1,10,2026-04-22,25,1.087,0.503,32.570
LOT123,W02,3,-11,49,1,10,2026-04-22,25,1.037,0.482,56.504
LOT123,W02,4,-11,50,1,10,2026-04-22,25,0.924,0.484,44.436
LOT123,W02,5,-11,51,1,10,2026-04-22,25,1.070,0.494,51.784
LOT123,W02,6,-11,52,1,10,2026-04-22,25,0.965,0.523,58.943
LOT123,W02,7,-11,53,2,20,2026-04-22,25,1.042,0.468,44.664
LOT123,W02,8,-11,54,1,10,2026-04-22,25,0.912,0.469,41.609
LOT123,W02,9,-11,55,1,10,2026-04-22,25,1.107,0.493,43.952
LOT123,W02,-10,-10,56,1,10,2026-04-22,25,0.996,0.538,67.158
LOT123,W02,-9,-10,57,1,10,2026-04-22,25,1.085,0.502,49.466
LOT123,W02,-8,-10,58,1,10,2026-04-22,25,1.193,0.487,39.727
LOT123,W02,-7,-10,59,1,10,2026-04-22,25,1.079,0.495,67.851
LOT123,W02,-6,-10,60,1,10,2026-04-22,25,0.981,0.486,56.023
LOT123,W02,-5,-10,61,1,10,2026-04-22,25,1.075,0.484,62.124
LOT123,W02,-4,-10,62,1,10,2026-04-22,25,1.272,0.494,48.937
LOT123,W02,-3,-10,63,2,20,2026-04-22,25,1.302,0.495,42.978
LOT123,W02,-2,-10,64,1,10,2026-04-22,25,1.053,0.480,53.353
LOT123,W02,-1,-10,65,1,10,2026-04-22,25,0.965,0.502,43.912
LOT123,W02,0,-10,66,1,10,2026-04-22,25,1.072,0.482,27.229
LOT123,W02,1,-10,67,1,10,2026-04-22,25,1.216,0.484,63.201
LOT123,W02,2,-10,68,1,10,2026-04-22,25,0.875,0.483,71.818
LOT123,W02,3,-10,69,1,10,2026-04-22,25,1.054,0.486,65.286
LOT123,W02,4,-10,70,1,10,2026-04-22,25,1.056,0.489,49.845
LOT123,W02,5,-10,71,1,10,2026-04-22,25,1.127,0.488,44.030
LOT123,W02,6,-10,72,1,10,2026-04-22,25,1.205,0.475,30.067
LOT123,W02,7,-10,73,2,20,2026-04-22,25,1.060,0.515,47.588
LOT123,W02,8,-10,74,1,10,2026-04-22,25,1.067,0.486,70.682
LOT123,W02,9,-10,75,1,10,2026-04-22,25,1.124,0.472,47.387
LOT123,W02,10,-10,76,1,10,2026-04-22,25,1.234,0.502,72.522
LOT123,W02,-11,-9,77,1,10,2026-04-22,25,1.107,0.490,61.830
LOT123,W02,-10,-9,78,1,10,2026-04-22,25,1.207,0.474,50.286
LOT123,W02,-9,-9,79,1,10,2026-04-22,25,1.076,0.480,45.554
LOT123,W02,-8,-9,80,4,45,2026-04-22,25,1.109,0.493,36.324
LOT123,W02,-7,-9,81,1,10,2026-04-22,25,1.042,0.487,62.753
LOT123,W02,-6,-9,82,1,10,2026-04-22,25,1.139,0.493,55.098
LOT123,W02,-5,-9,83,1,10,2026-04-22,25,0.897,0.513,32.032
LOT123,W02,-4,-9,84,1,10,2026-04-22,25,1.057,0.522,42.444
LOT123,W02,-3,-9,85,1,10,2026-04-22,25,1.033,0.500,67.237
LOT123,W02,-2,-9,86,1,10,2026-04-22,25,1.191,0.500,37.629
LOT123,W02,-1,-9,87,1,10,2026-04-22,25,0.991,0.498,61.425
LOT123,W02,0,-9,88,1,10,2026-04-22,25,0.919,0.509,50.844
LOT123,W02,1,-9,89,1,10,2026-04-22,25,1.068,0.493,37.794
LOT123,W02,2,-9,90,1,10,2026-04-22,25,0.983,0.498,52.295
LOT123,W02,3,-9,91,1,10,2026-04-22,25,1.094,0.474,34.480
LOT123,W02,4,-9,92,1,10,2026-04-22,25,1.020,0.499,49.580
LOT123,W02,5,-9,93,1,10,2026-04-22,25,1.044,0.522,54.004
LOT123,W02,6,-9,94,1,10,2026-04-22,25,1.041,0.459,49.974
LOT123,W02,7,-9,95,1,10,2026-04-22,25,1.232,0.481,50.791
LOT123,W02,8,-9,96,1,10,2026-04-22,25,1.072,0.487,55.372
LOT123,W02,9,-9,97,1,10,2026-04-22,25,0.956,0.456,70.523
LOT123,W02,10,-9,98,1,10,2026-04-22,25,1.033,0.488,64.887
LOT123,W02,11,-9,99,1,10,2026-04-22,25,1.194,0.462,49.541
LOT123,W02,-12,-8,100,1,10,2026-04-22,25,1.053,0.486,70.994
LOT123,W02,-11,-8,101,1,10,2026-04-22,25,1.076,0.509,50.729
LOT123,W02,-10,-8,102,1,10,2026-04-22,25,1.095,0.487,80.258
LOT123,W02,-9,-8,103,1,10,2026-04-22,25,1.071,0.475,48.929
LOT123,W02,-8,-8,104,1,10,2026-04-22,25,0.945,0.460,26.369
LOT123,W02,-7,-8,105,1,10,2026-04-22,25,0.872,0.489,58.295
LOT123,W02,-6,-8,106,2,20,2026-04-22,25,1.168,0.500,64.730
LOT123,W02,-5,-8,107,1,10,2026-04-22,25,1.071,0.527,30.958
LOT123,W02,-4,-8,108,2,20,2026-04-22,25,1.057,0.470,46.503
LOT123,W02,-3,-8,109,1,10,2026-04-22,25,1.010,0.499,59.199
LOT123,W02,-2,-8,110,1,10,2026-04-22,25,1.025,0.476,45.946
LOT123,W02,-1,-8,111,1,10,2026-04-22,25,1.152,0.549,46.947
LOT123,W02,0,-8,112,1,10,2026-04-22,25,1.087,0.480,56.883
LOT123,W02,1,-8,113,2,20,2026-04-22,25,0.982,0.504,56.632
LOT123,W02,2,-8,114,2,20,2026-04-22,25,1.058,0.470,78.107
LOT123,W02,3,-8,115,1,10,2026-04-22,25,1.054,0.463,53.669
LOT123,W02,4,-8,116,2,20,2026-04-22,25,1.082,0.494,55.511
LOT123,W02,5,-8,117,1,10,2026-04-22,25,1.123,0.511,34.681
LOT123,W02,6,-8,118,1,10,2026-04-22,25,1.128,0.508,67.508
LOT123,W02,7,-8,119,1,10,2026-04-22,25,1.072,0.496,43.245
LOT123,W02,8,-8,120,1,10,2026-04-22,25,0.971,0.434,39.017
LOT123,W02,9,-8,121,1,10,2026-04-22,25,1.104,0.500,64.673
LOT123,W02,10,-8,122,2,20,2026-04-22,25,0.953,0.454,62.721
LOT123,W02,11,-8,123,2,20,2026-04-22,25,1.141,0.500,64.055
LOT123,W02,12,-8,124,1,10,2026-04-22,25,0.749,0.508,52.590
LOT123,W02,-12,-7,125,1,10,2026-04-22,25,1.002,0.484,61.059
LOT123,W02,-11,-7,126,1,10,2026-04-22,25,1.084,0.509,61.480
LOT123,W02,-10,-7,127,1,10,2026-04-22,25,0.996,0.499,39.317
LOT123,W02,-9,-7,128,1,10,2026-04-22,25,1.236,0.532,42.040
LOT123,W02,-8,-7,129,1,10,2026-04-22,25,1.130,0.536,50.507
LOT123,W02,-7,-7,130,1,10,2026-04-22,25,0.990,0.476,46.248
LOT123,W02,-6,-7,131,1,10,2026-04-22,25,1.059,0.495,43.309
LOT123,W02,-5,-7,132,1,10,2026-04-22,25,1.081,0.487,70.428
LOT123,W02,-4,-7,133,1,10,2026-04-22,25,1.159,0.461,48.476
LOT123,W02,-3,-7,134,1,10,2026-04-22,25,1.163,0.472,58.171
LOT123,W02,-2,-7,135,1,10,2026-04-22,25,1.045,0.492,44.572
LOT123,W02,-1,-7,136,1,10,2026-04-22,25,1.031,0.469,44.408
LOT123,W02,0,-7,137,1,10,2026-04-22,25,1.163,0.475,62.755
LOT123,W02,1,-7,138,1,10,2026-04-22,25,1.010,0.493,33.863
LOT123,W02,2,-7,139,3,40,2026-04-22,25,1.017,0.492,67.121
LOT123,W02,3,-7,140,1,10,2026-04-22,25,1.175,0.458,52.889
LOT123,W02,4,-7,141,1,10,2026-04-22,25,0.955,0.472,58.700
LOT123,W02,5,-7,142,1,10,2026-04-22,25,0.943,0.492,67.887
LOT123,W02,6,-7,143,1,10,2026-04-22,25,0.935,0.492,51.878
LOT123,W02,7,-7,144,1,10,2026-04-22,25,1.323,0.488,41.869
LOT123,W02,8,-7,145,1,10,2026-04-22,25,0.918,0.487,39.245
LOT123,W02,9,-7,146,1,10,2026-04-22,25,1.080,0.486,50.381
LOT123,W02,10,-7,147,1,10,2026-04-22,25,0.955,0.476,39.327
LOT123,W02,11,-7,148,1,10,2026-04-22,25,1.053,0.482,56.641
LOT123,W02,12,-7,149,1,10,2026-04-22,25,1.024,0.525,63.460
LOT123,W02,-13,-6,150,1,10,2026-04-22,25,1.238,0.496,67.195
LOT123,W02,-12,-6,151,1,10,2026-04-22,25,1.122,0.482,59.156
LOT123,W02,-11,-6,152,1,10,2026-04-22,25,1.116,0.493,55.390
LOT123,W02,-10,-6,153,3,40,2026-04-22,25,1.014,0.461,54.642
LOT123,W02,-9,-6,154,1,10,2026-04-22,25,0.975,0.511,65.738
LOT123,W02,-8,-6,155,1,10,2026-04-22,25,0.882,0.491,46.328
LOT123,W02,-7,-6,156,1,10,2026-04-22,25,1.059,0.481,47.788
LOT123,W02,-6,-6,157,1,10,2026-04-22,25,1.101,0.491,58.306
LOT123,W02,-5,-6,158,4,45,2026-04-22,25,0.931,0.471,31.240
LOT123,W02,-4,-6,159,1,10,2026-04-22,25,1.006,0.496,57.886
LOT123,W02,-3,-6,160,1,10,2026-04-22,25,1.144,0.450,35.306
LOT123,W02,-2,-6,161,1,10,2026-04-22,25,1.155,0.466,52.367
LOT123,W02,-1,-6,162,1,10,2026-04-22,25,0.944,0.501,48.134
LOT123,W02,0,-6,163,1,10,2026-04-22,25,1.240,0.520,63.646
LOT123,W02,1,-6,164,1,10,2026-04-22,25,1.082,0.495,46.050
LOT123,W02,2,-6,165,1,10,2026-04-22,25,0.958,0.521,86.494
LOT123,W02,3,-6,166,1,10,2026-04-22,25,1.102,0.531,59.283
LOT123,W02,4,-6,167,1,10,2026-04-22,25,1.123,0.477,32.226
LOT123,W02,5,-6,168,1,10,2026-04-22,25,1.160,0.522,47.488
LOT123,W02,6,-6,169,1,10,2026-04-22,25,1.131,0.507,64.532
LOT123,W02,7,-6,170,1,10,2026-04-22,25,1.027,0.509,40.692
LOT123,W02,8,-6,171,1,10,2026-04-22,25,1.088,0.478,66.971
LOT123,W02,9,-6,172,4,45,2026-04-22,25,1.009,0.485,56.873
LOT123,W02,10,-6,173,1,10,2026-04-22,25,1.046,0.507,43.006
LOT123,W02,11,-6,174,1,10,2026-04-22,25,1.100,0.453,64.127
LOT123,W02,12,-6,175,1,10,2026-04-22,25,1.015,0.539,68.312
LOT123,W02,13,-6,176,1,10,2026-04-22,25,1.148,0.507,70.879
LOT123,W02,-13,-5,177,2,20,2026-04-22,25,1.341,0.486,65.472
LOT123,W02,-12,-5,178,2,20,2026-04-22,25,1.003,0.492,56.032
LOT123,W02,-11,-5,179,1,10,2026-04-22,25,1.127,0.490,57.791
LOT123,W02,-10,-5,180,1,10,2026-04-22,25,1.080,0.477,73.257
LOT123,W02,-9,-5,181,1,10,2026-04-22,25,1.010,0.505,66.231
LOT123,W02,-8,-5,182,1,10,2026-04-22,25,1.234,0.495,71.697
LOT123,W02,-7,-5,183,1,10,2026-04-22,25,0.910,0.466,39.028
LOT123,W02,-6,-5,184,1,10,2026-04-22,25,0.931,0.503,65.161
LOT123,W02,-5,-5,185,1,10,2026-04-22,25,1.061,0.434,54.980
LOT123,W02,-4,-5,186,1,10,2026-04-22,25,0.992,0.523,76.415
LOT123,W02,-3,-5,187,1,10,2026-04-22,25,0.963,0.463,48.416
LOT123,W02,-2,-5,188,1,10,2026-04-22,25,0.975,0.495,43.074
LOT123,W02,-1,-5,189,1,10,2026-04-22,25,1.136,0.502,29.411
LOT123,W02,0,-5,190,1,10,2026-04-22,25,1.042,0.482,70.768
LOT123,W02,1,-5,191,1,10,2026-04-22,25,0.963,0.521,68.480
LOT123,W02,2,-5,192,1,10,2026-04-22,25,1.005,0.532,55.513
LOT123,W02,3,-5,193,1,10,2026-04-22,25,1.140,0.488,49.215
LOT123,W02,4,-5,194,1,10,2026-04-22,25,1.153,0.511,68.408
LOT123,W02,5,-5,195,1,10,2026-04-22,25,1.158,0.503,66.128
LOT123,W02,6,-5,196,2,20,2026-04-22,25,0.986,0.472,72.958
LOT123,W02,7,-5,197,1,10,2026-04-22,25,0.876,0.522,42.378
LOT123,W02,8,-5,198,1,10,2026-04-22,25,1.188,0.470,61.665
LOT123,W02,9,-5,199,2,20,2026-04-22,25,1.173,0.510,52.545
LOT123,W02,10,-5,200,1,10,2026-04-22,25,1.017,0.492,71.420
LOT123,W02,11,-5,201,2,20,2026-04-22,25,1.098,0.497,66.064
LOT123,W02,12,-5,202,1,10,2026-04-22,25,1.150,0.492,69.967
LOT123,W02,13,-5,203,2,20,2026-04-22,25,0.893,0.496,56.009
LOT123,W02,-13,-4,204,1,10,2026-04-22,25,1.020,0.493,49.335
LOT123,W02,-12,-4,205,1,10,2026-04-22,25,1.018,0.486,48.518
LOT123,W02,-11,-4,206,1,10,2026-04-22,25,0.897,0.530,56.987
LOT123,W02,-10,-4,207,2,20,2026-04-22,25,1.097,0.514,54.223
LOT123,W02,-9,-4,208,1,10,2026-04-22,25,1.044,0.478,82.532
LOT123,W02,-8,-4,209,1,10,2026-04-22,25,1.118,0.503,66.893
LOT123,W02,-7,-4,210,1,10,2026-04-22,25,1.048,0.489,67.434
LOT123,W02,-6,-4,211,1,10,2026-04-22,25,1.089,0.512,38.766
LOT123,W02,-5,-4,212,1,10,2026-04-22,25,0.885,0.481,45.227
LOT123,W02,-4,-4,213,1,10,2026-04-22,25,0.999,0.489,41.350
LOT123,W02,-3,-4,214,3,40,2026-04-22,25,0.946,0.526,46.049
LOT123,W02,-2,-4,215,1,10,2026-04-22,25,0.951,0.489,51.536
LOT123,W02,-1,-4,216,1,10,2026-04-22,25,1.145,0.495,74.309
LOT123,W02,0,-4,217,1,10,2026-04-22,25,0.960,0.500,45.942
LOT123,W02,1,-4,218,1,10,2026-04-22,25,1.190,0.492,56.337
LOT123,W02,2,-4,219,1,10,2026-04-22,25,0.975,0.540,67.053
LOT123,W02,3,-4,220,1,10,2026-04-22,25,1.008,0.499,38.505
LOT123,W02,4,-4,221,1,10,2026-04-22,25,1.100,0.486,72.000
LOT123,W02,5,-4,222,1,10,2026-04-22,25,1.056,0.489,64.558
LOT123,W02,6,-4,223,1,10,2026-04-22,25,1.017,0.516,33.310
LOT123,W02,7,-4,224,1,10,2026-04-22,25,0.951,0.491,46.241
LOT123,W02,8,-4,225,1,10,2026-04-22,25,1.046,0.517,29.071
LOT123,W02,9,-4,226,1,10,2026-04-22,25,1.079,0.501,37.180
LOT123,W02,10,-4,227,1,10,2026-04-22,25,1.041,0.473,60.801
LOT123,W02,11,-4,228,1,10,2026-04-22,25,1.101,0.508,56.002
LOT123,W02,12,-4,229,1,10,2026-04-22,25,1.001,0.468,51.234
LOT123,W02,13,-4,230,1,10,2026-04-22,25,1.076,0.498,30.998
LOT123,W02,-14,-3,231,1,10,2026-04-22,25,1.177,0.503,44.502
LOT123,W02,-13,-3,232,1,10,2026-04-22,25,1.112,0.478,59.018
LOT123,W02,-12,-3,233,1,10,2026-04-22,25,0.768,0.499,43.901
LOT123,W02,-11,-3,234,1,10,2026-04-22,25,1.092,0.469,65.590
LOT123,W02,-10,-3,235,1,10,2026-04-22,25,0.942,0.460,33.380
LOT123,W02,-9,-3,236,2,20,2026-04-22,25,1.092,0.466,52.085
LOT123,W02,-8,-3,237,1,10,2026-04-22,25,0.937,0.475,41.437
LOT123,W02,-7,-3,238,1,10,2026-04-22,25,1.063,0.494,65.911
LOT123,W02,-6,-3,239,1,10,2026-04-22,25,1.063,0.513,75.131
LOT123,W02,-5,-3,240,1,10,2026-04-22,25,0.795,0.498,48.032
LOT123,W02,-4,-3,241,1,10,2026-04-22,25,1.008,0.480,64.557
LOT123,W02,-3,-3,242,1,10,2026-04-22,25,1.127,0.496,84.982
LOT123,W02,-2,-3,243,1,10,2026-04-22,25,1.001,0.476,44.982
LOT123,W02,-1,-3,244,3,40,2026-04-22,25,1.125,0.482,58.979
LOT123,W02,0,-3,245,1,10,2026-04-22,25,0.841,0.525,67.164
LOT123,W02,1,-3,246,1,10,2026-04-22,25,1.052,0.506,75.585
LOT123,W02,2,-3,247,1,10,2026-04-22,25,0.931,0.506,61.563
LOT123,W02,3,-3,248,1,10,2026-04-22,25,1.165,0.471,69.459
LOT123,W02,4,-3,249,2,20,2026-04-22,25,1.033,0.464,53.258
LOT123,W02,5,-3,250,1,10,2026-04-22,25,1.067,0.447,74.875
LOT123,W02,6,-3,251,1,10,2026-04-22,25,1.100,0.493,45.204
LOT123,W02,7,-3,252,1,10,2026-04-22,25,1.006,0.496,38.859
LOT123,W02,8,-3,253,1,10,2026-04-22,25,0.899,0.481,33.075
LOT123,W02,9,-3,254,1,10,2026-04-22,25,1.186,0.473,54.615
LOT123,W02,10,-3,255,1,10,2026-04-22,25,1.049,0.501,34.234
LOT123,W02,11,-3,256,1,10,2026-04-22,25,1.059,0.511,45.148
LOT123,W02,12,-3,257,1,10,2026-04-22,25,1.095,0.463,57.378
LOT123,W02,13,-3,258,4,45,2026-04-22,25,1.077,0.508,62.163
LOT123,W02,14,-3,259,2,20,2026-04-22,25,1.179,0.469,59.200
LOT123,W02,-14,-2,260,2,20,2026-04-22,25,0.990,0.476,63.126
LOT123,W02,-13,-2,261,1,10,2026-04-22,25,1.072,0.474,63.361
LOT123,W02,-12,-2,262,1,10,2026-04-22,25,1.009,0.521,55.586
LOT123,W02,-11,-2,263,1,10,2026-04-22,25,1.117,0.463,57.121
LOT123,W02,-10,-2,264,3,40,2026-04-22,25,0.974,0.495,65.290
LOT123,W02,-9,-2,265,1,10,2026-04-22,25,1.140,0.517,59.326
LOT123,W02,-8,-2,266,1,10,2026-04-22,25,1.048,0.512,54.744
LOT123,W02,-7,-2,267,2,20,2026-04-22,25,1.124,0.521,48.555
LOT123,W02,-6,-2,268,1,10,2026-04-22,25,0.940,0.462,58.116
LOT123,W02,-5,-2,269,1,10,2026-04-22,25,1.059,0.486,44.942
LOT123,W02,-4,-2,270,1,10,2026-04-22,25,1.117,0.466,61.538
LOT123,W02,-3,-2,271,1,10,2026-04-22,25,1.066,0.506,41.521
LOT123,W02,-2,-2,272,1,10,2026-04-22,25,1.080,0.511,62.649
LOT123,W02,-1,-2,273,1,10,2026-04-22,25,1.079,0.476,41.834
LOT123,W02,0,-2,274,1,10,2026-04-22,25,1.179,0.465,37.014
LOT123,W02,1,-2,275,1,10,2026-04-22,25,1.020,0.501,68.382
LOT123,W02,2,-2,276,1,10,2026-04-22,25,0.994,0.495,66.351
LOT123,W02,3,-2,277,1,10,2026-04-22,25,1.162,0.483,44.899
LOT123,W02,4,-2,278,1,10,2026-04-22,25,0.994,0.487,27.823
LOT123,W02,5,-2,279,1,10,2026-04-22,25,0.973,0.487,59.002
LOT123,W02,6,-2,280,3,40,2026-04-22,25,1.021,0.474,29.345
LOT123,W02,7,-2,281,1,10,2026-04-22,25,0.979,0.450,60.590
LOT123,W02,8,-2,282,1,10,2026-04-22,25,0.985,0.470,61.817
LOT123,W02,9,-2,283,1,10,2026-04-22,25,1.128,0.490,32.274
LOT123,W02,10,-2,284,1,10,2026-04-22,25,1.143,0.505,46.841
LOT123,W02,11,-2,285,1,10,2026-04-22,25,1.041,0.474,31.768
LOT123,W02,12,-2,286,1,10,2026-04-22,25,1.073,0.473,63.201
LOT123,W02,13,-2,287,1,10,2026-04-22,25,1.138,0.478,34.983
LOT123,W02,14,-2,288,1,10,2026-04-22,25,1.120,0.500,61.301
LOT123,W02,-14,-1,289,1,10,2026-04-22,25,0.832,0.480,67.166
LOT123,W02,-13,-1,290,4,45,2026-04-22,25,1.022,0.485,57.070
LOT123,W02,-12,-1,291,1,10,2026-04-22,25,1.000,0.497,51.990
LOT123,W02,-11,-1,292,1,10,2026-04-22,25,1.103,0.499,78.128
LOT123,W02,-10,-1,293,3,40,2026-04-22,25,1.104,0.520,34.692
LOT123,W02,-9,-1,294,1,10,2026-04-22,25,0.876,0.483,64.073
LOT123,W02,-8,-1,295,1,10,2026-04-22,25,0.991,0.450,48.183
LOT123,W02,-7,-1,296,1,10,2026-04-22,25,1.408,0.492,58.020
LOT123,W02,-6,-1,297,2,20,2026-04-22,25,1.026,0.484,49.257
LOT123,W02,-5,-1,298,1,10,2026-04-22,25,0.940,0.473,63.412
LOT123,W02,-4,-1,299,1,10,2026-04-22,25,0.965,0.540,65.586
LOT123,W02,-3,-1,300,1,10,2026-04-22,25,1.102,0.491,63.843
LOT123,W02,-2,-1,301,1,10,2026-04-22,25,1.080,0.497,61.952
LOT123,W02,-1,-1,302,3,40,2026-04-22,25,1.131,0.467,58.873
LOT123,W02,0,-1,303,1,10,2026-04-22,25,1.174,0.527,62.361
LOT123,W02,1,-1,304,1,10,2026-04-22,25,0.955,0.509,56.289
LOT123,W02,2,-1,305,1,10,2026-04-22,25,1.000,0.471,50.510
LOT123,W02,3,-1,306,1,10,2026-04-22,25,1.208,0.457,32.815
LOT123,W02,4,-1,307,1,10,2026-04-22,25,1.010,0.461,43.570
LOT123,W02,5,-1,308,1,10,2026-04-22,25,1.226,0.506,69.080
LOT123,W02,6,-1,309,1,10,2026-04-22,25,0.938,0.422,34.578
LOT123,W02,7,-1,310,1,10,2026-04-22,25,1.200,0.515,48.367
LOT123,W02,8,-1,311,1,10,2026-04-22,25,1.115,0.478,36.608
LOT123,W02,9,-1,312,1,10,2026-04-22,25,1.246,0.485,69.606
LOT123,W02,10,-1,313,1,10,2026-04-22,25,1.080,0.500,44.691
LOT123,W02,11,-1,314,2,20,2026-04-22,25,1.008,0.526,59.621
LOT123,W02,12,-1,315,1,10,2026-04-22,25,1.002,0.489,39.978
LOT123,W02,13,-1,316,1,10,2026-04-22,25,0.987,0.492,42.948
LOT123,W02,14,-1,317,1,10,2026-04-22,25,0.988,0.489,64.123
LOT123,W02,-14,0,318,1,10,2026-04-22,25,1.024,0.498,38.727
LOT123,W02,-13,0,319,1,10,2026-04-22,25,1.021,0.465,72.948
LOT123,W02,-12,0,320,1,10,2026-04-22,25,0.974,0.538,45.213
LOT123,W02,-11,0,321,1,10,2026-04-22,25,1.132,0.465,25.425
LOT123,W02,-10,0,322,1,10,2026-04-22,25,1.039,0.479,46.173
LOT123,W02,-9,0,323,1,10,2026-04-22,25,1.116,0.511,47.639
LOT123,W02,-8,0,324,1,10,2026-04-22,25,1.144,0.505,43.726
LOT123,W02,-7,0,325,1,10,2026-04-22,25,1.002,0.449,78.235
LOT123,W02,-6,0,326,1,10,2026-04-22,25,0.843,0.532,46.300
LOT123,W02,-5,0,327,1,10,2026-04-22,25,1.016,0.503,38.340
LOT123,W02,-4,0,328,1,10,2026-04-22,25,1.058,0.486,46.484
LOT123,W02,-3,0,329,1,10,2026-04-22,25,1.249,0.514,38.697
LOT123,W02,-2,0,330,1,10,2026-04-22,25,0.886,0.488,56.972
LOT123,W02,-1,0,331,1,10,2026-04-22,25,0.899,0.455,47.759
LOT123,W02,0,0,332,1,10,2026-04-22,25,1.001,0.501,54.826
LOT123,W02,1,0,333,1,10,2026-04-22,25,1.006,0.498,44.704
LOT123,W02,2,0,334,1,10,2026-04-22,25,0.999,0.445,72.990
LOT123,W02,3,0,335,1,10,2026-04-22,25,1.181,0.517,53.904
LOT123,W02,4,0,336,1,10,2026-04-22,25,1.080,0.538,55.944
LOT123,W02,5,0,337,2,20,2026-04-22,25,1.069,0.505,50.910
LOT123,W02,6,0,338,1,10,2026-04-22,25,0.995,0.477,31.344
LOT123,W02,7,0,339,1,10,2026-04-22,25,0.921,0.498,32.752
LOT123,W02,8,0,340,1,10,2026-04-22,25,0.930,0.524,46.456
LOT123,W02,9,0,341,1,10,2026-04-22,25,0.937,0.480,81.465
LOT123,W02,10,0,342,1,10,2026-04-22,25,0.898,0.512,38.963
LOT123,W02,11,0,343,1,10,2026-04-22,25,1.270,0.482,69.154
LOT123,W02,12,0,344,1,10,2026-04-22,25,1.205,0.488,47.210
LOT123,W02,13,0,345,1,10,2026-04-22,25,0.913,0.537,71.775
LOT123,W02,14,0,346,2,20,2026-04-22,25,1.063,0.475,56.060
LOT123,W02,-14,1,347,3,40,2026-04-22,25,1.014,0.507,67.235
LOT123,W02,-13,1,348,1,10,2026-04-22,25,1.004,0.511,58.724
LOT123,W02,-12,1,349,1,10,2026-04-22,25,0.998,0.503,42.618
LOT123,W02,-11,1,350,1,10,2026-04-22,25,1.131,0.483,38.507
LOT123,W02,-10,1,351,1,10,2026-04-22,25,0.997,0.514,62.875
LOT123,W02,-9,1,352,1,10,2026-04-22,25,1.062,0.492,39.418
LOT123,W02,-8,1,353,1,10,2026-04-22,25,1.170,0.492,45.944
LOT123,W02,-7,1,354,1,10,2026-04-22,25,1.179,0.485,50.599
LOT123,W02,-6,1,355,1,10,2026-04-22,25,0.930,0.484,66.093
LOT123,W02,-5,1,356,1,10,2026-04-22,25,1.013,0.489,55.215
LOT123,W02,-4,1,357,1,10,2026-04-22,25,1.160,0.517,37.575
LOT123,W02,-3,1,358,1,10,2026-04-22,25,1.018,0.483,72.127
LOT123,W02,-2,1,359,1,10,2026-04-22,25,1.125,0.480,50.230
LOT123,W02,-1,1,360,1,10,2026-04-22,25,1.197,0.521,59.966
LOT123,W02,0,1,361,1,10,2026-04-22,25,1.202,0.515,65.556
LOT123,W02,1,1,362,3,40,2026-04-22,25,0.994,0.508,44.050
LOT123,W02,2,1,363,1,10,2026-04-22,25,0.898,0.474,67.849
LOT123,W02,3,1,364,1,10,2026-04-22,25,1.196,0.473,58.297
LOT123,W02,4,1,365,3,40,2026-04-22,25,1.061,0.468,54.310
LOT123,W02,5,1,366,1,10,2026-04-22,25,1.076,0.530,58.793
LOT123,W02,6,1,367,1,10,2026-04-22,25,1.165,0.502,54.561
LOT123,W02,7,1,368,1,10,2026-04-22,25,1.184,0.454,56.743
LOT123,W02,8,1,369,2,20,2026-04-22,25,0.911,0.500,77.302
LOT123,W02,9,1,370,1,10,2026-04-22,25,0.975,0.508,51.116
LOT123,W02,10,1,371,1,10,2026-04-22,25,1.136,0.491,47.322
LOT123,W02,11,1,372,1,10,2026-04-22,25,0.856,0.500,60.561
LOT123,W02,12,1,373,1,10,2026-04-22,25,1.099,0.499,58.175
LOT123,W02,13,1,374,1,10,2026-04-22,25,1.140,0.496,60.655
LOT123,W02,14,1,375,1,10,2026-04-22,25,1.203,0.493,55.866
LOT123,W02,-14,2,376,1,10,2026-04-22,25,0.954,0.456,49.079
LOT123,W02,-13,2,377,1,10,2026-04-22,25,1.116,0.497,62.340
LOT123,W02,-12,2,378,1,10,2026-04-22,25,1.018,0.449,58.442
LOT123,W02,-11,2,379,1,10,2026-04-22,25,0.947,0.482,36.326
LOT123,W02,-10,2,380,1,10,2026-04-22,25,0.939,0.473,59.625
LOT123,W02,-9,2,381,1,10,2026-04-22,25,1.084,0.467,79.833
LOT123,W02,-8,2,382,1,10,2026-04-22,25,0.912,0.520,50.135
LOT123,W02,-7,2,383,1,10,2026-04-22,25,1.130,0.491,74.372
LOT123,W02,-6,2,384,1,10,2026-04-22,25,1.036,0.478,61.102
LOT123,W02,-5,2,385,1,10,2026-04-22,25,1.081,0.486,52.726
LOT123,W02,-4,2,386,1,10,2026-04-22,25,1.102,0.483,50.926
LOT123,W02,-3,2,387,1,10,2026-04-22,25,0.902,0.537,49.952
LOT123,W02,-2,2,388,1,10,2026-04-22,25,1.060,0.478,60.015
LOT123,W02,-1,2,389,1,10,2026-04-22,25,1.184,0.487,67.691
LOT123,W02,0,2,390,1,10,2026-04-22,25,0.927,0.497,56.121
LOT123,W02,1,2,391,2,20,2026-04-22,25,1.091,0.524,45.800
LOT123,W02,2,2,392,1,10,2026-04-22,25,1.018,0.488,40.431
LOT123,W02,3,2,393,1,10,2026-04-22,25,1.002,0.466,63.091
LOT123,W02,4,2,394,1,10,2026-04-22,25,1.216,0.479,46.989
LOT123,W02,5,2,395,1,10,2026-04-22,25,1.037,0.515,59.004
LOT123,W02,6,2,396,1,10,2026-04-22,25,1.193,0.491,45.883
LOT123,W02,7,2,397,1,10,2026-04-22,25,0.982,0.497,42.949
LOT123,W02,8,2,398,1,10,2026-04-22,25,0.980,0.492,76.080
LOT123,W02,9,2,399,1,10,2026-04-22,25,1.178,0.479,57.807
LOT123,W02,10,2,400,4,45,2026-04-22,25,0.918,0.497,41.001
LOT123,W02,11,2,401,1,10,2026-04-22,25,1.114,0.507,72.864
LOT123,W02,12,2,402,1,10,2026-04-22,25,0.929,0.526,52.759
LOT123,W02,13,2,403,1,10,2026-04-22,25,1.049,0.469,32.885
LOT123,W02,14,2,404,1,10,2026-04-22,25,1.102,0.508,59.832
LOT123,W02,-14,3,405,2,20,2026-04-22,25,1.056,0.517,60.502
LOT123,W02,-13,3,406,1,10,2026-04-22,25,1.119,0.463,48.199
LOT123,W02,-12,3,407,1,10,2026-04-22,25,1.147,0.503,56.495
LOT123,W02,-11,3,408,1,10,2026-04-22,25,0.910,0.468,44.461
LOT123,W02,-10,3,409,1,10,2026-04-22,25,1.114,0.462,50.049
LOT123,W02,-9,3,410,1,10,2026-04-22,25,1.035,0.485,48.708
LOT123,W02,-8,3,411,1,10,2026-04-22,25,1.152,0.510,56.348
LOT123,W02,-7,3,412,1,10,2026-04-22,25,1.022,0.495,67.365
LOT123,W02,-6,3,413,1,10,2026-04-22,25,1.175,0.480,47.327
LOT123,W02,-5,3,414,1,10,2026-04-22,25,1.120,0.486,48.664
LOT123,W02,-4,3,415,1,10,2026-04-22,25,1.025,0.504,59.852
LOT123,W02,-3,3,416,1,10,2026-04-22,25,0.871,0.470,35.303
LOT123,W02,-2,3,417,3,40,2026-04-22,25,1.237,0.512,44.222
LOT123,W02,-1,3,418,1,10,2026-04-22,25,1.106,0.503,60.197
LOT123,W02,0,3,419,1,10,2026-04-22,25,0.966,0.481,65.480
LOT123,W02,1,3,420,1,10,2026-04-22,25,0.963,0.505,40.474
LOT123,W02,2,3,421,1,10,2026-04-22,25,0.741,0.456,57.606
LOT123,W02,3,3,422,1,10,2026-04-22,25,1.005,0.522,60.394
LOT123,W02,4,3,423,1,10,2026-04-22,25,0.936,0.489,61.626
LOT123,W02,5,3,424,1,10,2026-04-22,25,1.190,0.468,54.393
LOT123,W02,6,3,425,1,10,2026-04-22,25,1.141,0.440,63.356
LOT123,W02,7,3,426,1,10,2026-04-22,25,0.945,0.494,33.523
LOT123,W02,8,3,427,1,10,2026-04-22,25,1.131,0.484,62.220
LOT123,W02,9,3,428,1,10,2026-04-22,25,1.108,0.493,47.893
LOT123,W02,10,3,429,1,10,2026-04-22,25,1.231,0.442,67.357
LOT123,W02,11,3,430,1,10,2026-04-22,25,1.093,0.477,64.723
LOT123,W02,12,3,431,1,10,2026-04-22,25,0.868,0.521,50.722
LOT123,W02,13,3,432,2,20,2026-04-22,25,1.090,0.490,60.663
LOT123,W02,14,3,433,1,10,2026-04-22,25,1.219,0.503,41.975
LOT123,W02,-13,4,434,2,20,2026-04-22,25,1.024,0.472,65.320
LOT123,W02,-12,4,435,1,10,2026-04-22,25,0.881,0.470,71.638
LOT123,W02,-11,4,436,4,45,2026-04-22,25,0.957,0.469,57.789
LOT123,W02,-10,4,437,1,10,2026-04-22,25,1.020,0.492,59.035
LOT123,W02,-9,4,438,1,10,2026-04-22,25,1.219,0.478,60.980
LOT123,W02,-8,4,439,1,10,2026-04-22,25,1.023,0.499,55.026
LOT123,W02,-7,4,440,1,10,2026-04-22,25,0.978,0.466,39.948
LOT123,W02,-6,4,441,1,10,2026-04-22,25,0.983,0.522,81.990
LOT123,W02,-5,4,442,1,10,2026-04-22,25,0.974,0.450,55.795
LOT123,W02,-4,4,443,1,10,2026-04-22,25,0.981,0.483,60.676
LOT123,W02,-3,4,444,1,10,2026-04-22,25,1.123,0.472,53.415
LOT123,W02,-2,4,445,1,10,2026-04-22,25,1.171,0.467,51.545
LOT123,W02,-1,4,446,2,20,2026-04-22,25,1.219,0.516,71.607
LOT123,W02,0,4,447,1,10,2026-04-22,25,1.173,0.531,44.458
LOT123,W02,1,4,448,1,10,2026-04-22,25,0.746,0.514,36.946
LOT123,W02,2,4,449,1,10,2026-04-22,25,1.086,0.495,42.850
LOT123,W02,3,4,450,2,20,2026-04-22,25,1.293,0.466,26.481
LOT123,W02,4,4,451,1,10,2026-04-22,25,1.136,0.496,48.177
LOT123,W02,5,4,452,1,10,2026-04-22,25,0.988,0.477,43.995
LOT123,W02,6,4,453,1,10,2026-04-22,25,1.022,0.504,70.643
LOT123,W02,7,4,454,2,20,2026-04-22,25,1.024,0.468,70.809
LOT123,W02,8,4,455,1,10,2026-04-22,25,1.165,0.476,67.340
LOT123,W02,9,4,456,1,10,2026-04-22,25,1.130,0.477,49.470
LOT123,W02,10,4,457,1,10,2026-04-22,25,1.079,0.497,54.468
LOT123,W02,11,4,458,1,10,2026-04-22,25,1.050,0.478,38.640
LOT123,W02,12,4,459,2,20,2026-04-22,25,1.193,0.478,51.251
LOT123,W02,13,4,460,1,10,2026-04-22,25,0.916,0.490,44.532
LOT123,W02,-13,5,461,1,10,2026-04-22,25,1.037,0.520,45.891
LOT123,W02,-12,5,462,1,10,2026-04-22,25,1.068,0.486,38.820
LOT123,W02,-11,5,463,1,10,2026-04-22,25,1.006,0.482,58.008
LOT123,W02,-10,5,464,1,10,2026-04-22,25,1.075,0.465,41.782
LOT123,W02,-9,5,465,2,20,2026-04-22,25,0.832,0.486,59.870
LOT123,W02,-8,5,466,1,10,2026-04-22,25,1.098,0.514,51.723
LOT123,W02,-7,5,467,1,10,2026-04-22,25,0.962,0.484,62.689
LOT123,W02,-6,5,468,1,10,2026-04-22,25,0.865,0.511,49.845
LOT123,W02,-5,5,469,1,10,2026-04-22,25,0.867,0.499,53.936
LOT123,W02,-4,5,470,1,10,2026-04-22,25,1.167,0.509,61.466
LOT123,W02,-3,5,471,1,10,2026-04-22,25,0.960,0.479,100.403
LOT123,W02,-2,5,472,2,20,2026-04-22,25,1.099,0.474,64.397
LOT123,W02,-1,5,473,1,10,2026-04-22,25,1.064,0.504,65.956
LOT123,W02,0,5,474,1,10,2026-04-22,25,1.089,0.520,50.330
LOT123,W02,1,5,475,1,10,2026-04-22,25,0.847,0.493,53.893
LOT123,W02,2,5,476,1,10,2026-04-22,25,1.000,0.470,62.877
LOT123,W02,3,5,477,1,10,2026-04-22,25,1.187,0.498,61.409
LOT123,W02,4,5,478,1,10,2026-04-22,25,0.953,0.488,72.346
LOT123,W02,5,5,479,1,10,2026-04-22,25,0.886,0.524,72.947
LOT123,W02,6,5,480,1,10,2026-04-22,25,0.863,0.523,39.635
LOT123,W02,7,5,481,1,10,2026-04-22,25,1.042,0.470,51.387
LOT123,W02,8,5,482,1,10,2026-04-22,25,1.044,0.488,37.778
LOT123,W02,9,5,483,1,10,2026-04-22,25,0.926,0.497,55.221
LOT123,W02,10,5,484,3,40,2026-04-22,25,0.992,0.481,61.005
LOT123,W02,11,5,485,2,20,2026-04-22,25,1.075,0.474,42.052
LOT123,W02,12,5,486,3,40,2026-04-22,25,0.983,0.491,72.533
LOT123,W02,13,5,487,1,10,2026-04-22,25,0.971,0.487,61.847
LOT123,W02,-13,6,488,2,20,2026-04-22,25,1.066,0.487,60.256
LOT123,W02,-12,6,489,1,10,2026-04-22,25,1.087,0.493,36.812
LOT123,W02,-11,6,490,1,10,2026-04-22,25,1.032,0.514,49.283
LOT123,W02,-10,6,491,1,10,2026-04-22,25,0.945,0.471,41.479
LOT123,W02,-9,6,492,1,10,2026-04-22,25,0.968,0.442,61.694
LOT123,W02,-8,6,493,1,10,2026-04-22,25,1.017,0.486,33.956
LOT123,W02,-7,6,494,1,10,2026-04-22,25,0.925,0.490,60.803
LOT123,W02,-6,6,495,1,10,2026-04-22,25,0.953,0.509,43.295
LOT123,W02,-5,6,496,1,10,2026-04-22,25,1.047,0.519,57.433
LOT123,W02,-4,6,497,1,10,2026-04-22,25,1.021,0.500,55.491
LOT123,W02,-3,6,498,1,10,2026-04-22,25,1.170,0.494,54.862
LOT123,W02,-2,6,499,1,10,2026-04-22,25,0.872,0.502,52.476
LOT123,W02,-1,6,500,1,10,2026-04-22,25,1.002,0.541,47.936
LOT123,W02,0,6,501,1,10,2026-04-22,25,1.017,0.497,48.596
LOT123,W02,1,6,502,1,10,2026-04-22,25,1.038,0.479,32.419
LOT123,W02,2,6,503,1,10,2026-04-22,25,1.057,0.511,74.510
LOT123,W02,3,6,504,4,45,2026-04-22,25,1.032,0.471,44.470
LOT123,W02,4,6,505,1,10,2026-04-22,25,0.972,0.482,65.816
LOT123,W02,5,6,506,1,10,2026-04-22,25,1.214,0.485,33.831
LOT123,W02,6,6,507,1,10,2026-04-22,25,1.027,0.496,55.078
LOT123,W02,7,6,508,1,10,2026-04-22,25,1.121,0.509,50.402
LOT123,W02,8,6,509,1,10,2026-04-22,25,1.088,0.479,43.659
LOT123,W02,9,6,510,1,10,2026-04-22,25,0.959,0.504,65.009
LOT123,W02,10,6,511,1,10,2026-04-22,25,1.077,0.493,37.729
LOT123,W02,11,6,512,1,10,2026-04-22,25,1.257,0.490,63.155
LOT123,W02,12,6,513,1,10,2026-04-22,25,1.028,0.461,49.248
LOT123,W02,13,6,514,1,10,2026-04-22,25,0.912,0.465,38.215
LOT123,W02,-12,7,515,1,10,2026-04-22,25,1.062,0.522,73.075
LOT123,W02,-11,7,516,1,10,2026-04-22,25,1.115,0.517,48.088
LOT123,W02,-10,7,517,4,45,2026-04-22,25,0.894,0.506,72.538
LOT123,W02,-9,7,518,2,20,2026-04-22,25,1.142,0.494,56.900
LOT123,W02,-8,7,519,2,20,2026-04-22,25,1.130,0.500,62.209
LOT123,W02,-7,7,520,1,10,2026-04-22,25,1.013,0.481,42.746
LOT123,W02,-6,7,521,1,10,2026-04-22,25,1.165,0.477,50.112
LOT123,W02,-5,7,522,1,10,2026-04-22,25,1.064,0.468,58.487
LOT123,W02,-4,7,523,1,10,2026-04-22,25,0.996,0.518,55.711
LOT123,W02,-3,7,524,1,10,2026-04-22,25,1.018,0.514,41.058
LOT123,W02,-2,7,525,1,10,2026-04-22,25,1.243,0.489,66.068
LOT123,W02,-1,7,526,1,10,2026-04-22,25,1.069,0.501,37.428
LOT123,W02,0,7,527,1,10,2026-04-22,25,1.037,0.486,71.640
LOT123,W02,1,7,528,1,10,2026-04-22,25,1.046,0.462,35.436
LOT123,W02,2,7,529,1,10,2026-04-22,25,1.021,0.512,75.240
LOT123,W02,3,7,530,1,10,2026-04-22,25,1.130,0.500,58.685
LOT123,W02,4,7,531,1,10,2026-04-22,25,0.939,0.502,63.615
LOT123,W02,5,7,532,1,10,2026-04-22,25,1.115,0.491,62.354
LOT123,W02,6,7,533,1,10,2026-04-22,25,0.901,0.459,62.232
LOT123,W02,7,7,534,1,10,2026-04-22,25,0.901,0.491,61.844
LOT123,W02,8,7,535,1,10,2026-04-22,25,1.054,0.512,42.063
LOT123,W02,9,7,536,1,10,2026-04-22,25,1.113,0.488,52.330
LOT123,W02,10,7,537,1,10,2026-04-22,25,1.078,0.487,46.590
LOT123,W02,11,7,538,1,10,2026-04-22,25,1.226,0.490,67.195
LOT123,W02,12,7,539,1,10,2026-04-22,25,1.055,0.515,55.244
LOT123,W02,-12,8,540,2,20,2026-04-22,25,1.097,0.469,52.260
LOT123,W02,-11,8,541,1,10,2026-04-22,25,0.955,0.493,43.319
LOT123,W02,-10,8,542,1,10,2026-04-22,25,1.075,0.484,41.104
LOT123,W02,-9,8,543,1,10,2026-04-22,25,1.090,0.475,33.795
LOT123,W02,-8,8,544,4,45,2026-04-22,25,1.174,0.536,38.425
LOT123,W02,-7,8,545,2,20,2026-04-22,25,1.142,0.486,65.319
LOT123,W02,-6,8,546,3,40,2026-04-22,25,1.163,0.491,74.292
LOT123,W02,-5,8,547,1,10,2026-04-22,25,0.889,0.519,55.682
LOT123,W02,-4,8,548,1,10,2026-04-22,25,1.151,0.491,63.448
LOT123,W02,-3,8,549,1,10,2026-04-22,25,0.955,0.498,50.042
LOT123,W02,-2,8,550,2,20,2026-04-22,25,1.065,0.470,57.627
LOT123,W02,-1,8,551,1,10,2026-04-22,25,0.967,0.514,65.027
LOT123,W02,0,8,552,1,10,2026-04-22,25,1.044,0.489,60.074
LOT123,W02,1,8,553,1,10,2026-04-22,25,1.068,0.479,54.299
LOT123,W02,2,8,554,1,10,2026-04-22,25,1.087,0.498,60.996
LOT123,W02,3,8,555,1,10,2026-04-22,25,1.099,0.485,56.569
LOT123,W02,4,8,556,1,10,2026-04-22,25,1.057,0.433,44.411
LOT123,W02,5,8,557,1,10,2026-04-22,25,1.033,0.476,39.577
LOT123,W02,6,8,558,1,10,2026-04-22,25,1.000,0.511,47.819
LOT123,W02,7,8,559,1,10,2026-04-22,25,1.156,0.479,59.536
LOT123,W02,8,8,560,2,20,2026-04-22,25,1.116,0.473,58.913
LOT123,W02,9,8,561,1,10,2026-04-22,25,1.116,0.482,46.766
LOT123,W02,10,8,562,1,10,2026-04-22,25,0.949,0.478,32.963
LOT123,W02,11,8,563,1,10,2026-04-22,25,1.071,0.454,46.722
LOT123,W02,12,8,564,1,10,2026-04-22,25,1.065,0.503,74.783
LOT123,W02,-11,9,565,1,10,2026-04-22,25,0.870,0.468,81.516
LOT123,W02,-10,9,566,1,10,2026-04-22,25,0.948,0.527,57.654
LOT123,W02,-9,9,567,1,10,2026-04-22,25,1.124,0.510,47.374
LOT123,W02,-8,9,568,1,10,2026-04-22,25,0.985,0.469,49.057
LOT123,W02,-7,9,569,1,10,2026-04-22,25,1.074,0.493,66.996
LOT123,W02,-6,9,570,4,45,2026-04-22,25,1.102,0.517,60.020
LOT123,W02,-5,9,571,1,10,2026-04-22,25,0.874,0.493,67.283
LOT123,W02,-4,9,572,1,10,2026-04-22,25,1.132,0.459,42.809
LOT123,W02,-3,9,573,1,10,2026-04-22,25,1.041,0.477,43.895
LOT123,W02,-2,9,574,4,45,2026-04-22,25,0.973,0.475,57.654
LOT123,W02,-1,9,575,1,10,2026-04-22,25,0.908,0.513,42.270
LOT123,W02,0,9,576,1,10,2026-04-22,25,1.045,0.485,69.542
LOT123,W02,1,9,577,1,10,2026-04-22,25,1.260,0.497,39.908
LOT123,W02,2,9,578,1,10,2026-04-22,25,1.014,0.499,48.077
LOT123,W02,3,9,579,1,10,2026-04-22,25,0.969,0.527,35.712
LOT123,W02,4,9,580,1,10,2026-04-22,25,1.041,0.501,49.339
LOT123,W02,5,9,581,1,10,2026-04-22,25,1.179,0.467,70.234
LOT123,W02,6,9,582,1,10,2026-04-22,25,0.985,0.470,52.906
LOT123,W02,7,9,583,1,10,2026-04-22,25,1.118,0.494,69.055
LOT123,W02,8,9,584,1,10,2026-04-22,25,0.778,0.500,48.948
LOT123,W02,9,9,585,1,10,2026-04-22,25,1.017,0.460,58.979
LOT123,W02,10,9,586,1,10,2026-04-22,25,1.139,0.505,46.418
LOT123,W02,11,9,587,2,20,2026-04-22,25,0.938,0.511,51.128
LOT123,W02,-10,10,588,2,20,2026-04-22,25,1.022,0.452,42.211
LOT123,W02,-9,10,589,1,10,2026-04-22,25,1.199,0.500,55.783
LOT123,W02,-8,10,590,1,10,2026-04-22,25,1.075,0.499,40.746
LOT123,W02,-7,10,591,4,45,2026-04-22,25,1.080,0.476,46.907
LOT123,W02,-6,10,592,1,10,2026-04-22,25,0.919,0.506,87.597
LOT123,W02,-5,10,593,1,10,2026-04-22,25,1.140,0.492,43.050
LOT123,W02,-4,10,594,1,10,2026-04-22,25,1.023,0.487,49.874
LOT123,W02,-3,10,595,1,10,2026-04-22,25,1.047,0.536,62.545
LOT123,W02,-2,10,596,1,10,2026-04-22,25,0.957,0.477,68.705
LOT123,W02,-1,10,597,2,20,2026-04-22,25,1.016,0.467,58.505
LOT123,W02,0,10,598,1,10,2026-04-22,25,0.947,0.497,38.065
LOT123,W02,1,10,599,1,10,2026-04-22,25,1.281,0.479,59.977
LOT123,W02,2,10,600,1,10,2026-04-22,25,1.060,0.488,62.215
LOT123,W02,3,10,601,1,10,2026-04-22,25,1.019,0.499,40.585
LOT123,W02,4,10,602,1,10,2026-04-22,25,1.127,0.494,55.993
LOT123,W02,5,10,603,3,40,2026-04-22,25,0.837,0.489,48.571
LOT123,W02,6,10,604,2,20,2026-04-22,25,1.150,0.483,86.493
LOT123,W02,7,10,605,1,10,2026-04-22,25,0.971,0.478,56.333
LOT123,W02,8,10,606,1,10,2026-04-22,25,1.102,0.525,57.313
LOT123,W02,9,10,607,1,10,2026-04-22,25,1.091,0.485,44.493
LOT123,W02,10,10,608,4,45,2026-04-22,25,0.938,0.491,47.762
LOT123,W02,-9,11,609,1,10,2026-04-22,25,0.982,0.464,57.931
LOT123,W02,-8,11,610,1,10,2026-04-22,25,1.094,0.487,47.067
LOT123,W02,-7,11,611,2,20,2026-04-22,25,1.318,0.467,57.501
LOT123,W02,-6,11,612,1,10,2026-04-22,25,1.082,0.459,62.565
LOT123,W02,-5,11,613,1,10,2026-04-22,25,1.024,0.508,47.608
LOT123,W02,-4,11,614,1,10,2026-04-22,25,1.069,0.517,40.889
LOT123,W02,-3,11,615,1,10,2026-04-22,25,1.140,0.502,60.971
LOT123,W02,-2,11,616,1,10,2026-04-22,25,0.873,0.463,73.849
LOT123,W02,-1,11,617,1,10,2026-04-22,25,1.041,0.506,48.864
LOT123,W02,0,11,618,1,10,2026-04-22,25,1.176,0.503,35.194
LOT123,W02,1,11,619,1,10,2026-04-22,25,1.076,0.477,45.068
LOT123,W02,2,11,620,1,10,2026-04-22,25,1.085,0.473,62.196
LOT123,W02,3,11,621,1,10,2026-04-22,25,1.233,0.480,64.158
LOT123,W02,4,11,622,4,45,2026-04-22,25,1.015,0.482,49.233
LOT123,W02,5,11,623,4,45,2026-04-22,25,1.040,0.482,59.999
LOT123,W02,6,11,624,1,10,2026-04-22,25,1.199,0.501,46.884
LOT123,W02,7,11,625,1,10,2026-04-22,25,1.083,0.478,60.095
LOT123,W02,8,11,626,1,10,2026-04-22,25,1.008,0.480,54.572
LOT123,W02,9,11,627,1,10,2026-04-22,25,0.983,0.480,52.618
LOT123,W02,-8,12,628,1,10,2026-04-22,25,1.040,0.481,54.553
LOT123,W02,-7,12,629,1,10,2026-04-22,25,0.821,0.467,73.422
LOT123,W02,-6,12,630,2,20,2026-04-22,25,1.170,0.471,68.870
LOT123,W02,-5,12,631,1,10,2026-04-22,25,1.138,0.466,54.478
LOT123,W02,-4,12,632,1,10,2026-04-22,25,1.133,0.495,63.251
LOT123,W02,-3,12,633,2,20,2026-04-22,25,1.027,0.470,59.562
LOT123,W02,-2,12,634,1,10,2026-04-22,25,0.977,0.462,39.009
LOT123,W02,-1,12,635,1,10,2026-04-22,25,1.002,0.471,46.514
LOT123,W02,0,12,636,1,10,2026-04-22,25,1.027,0.487,52.797
LOT123,W02,1,12,637,2,20,2026-04-22,25,0.990,0.474,48.151
LOT123,W02,2,12,638,2,20,2026-04-22,25,1.109,0.468,74.229
LOT123,W02,3,12,639,1,10,2026-04-22,25,1.039,0.495,42.760
LOT123,W02,4,12,640,1,10,2026-04-22,25,1.126,0.492,40.952
LOT123,W02,5,12,641,1,10,2026-04-22,25,1.131,0.486,46.293
LOT123,W02,6,12,642,2,20,2026-04-22,25,1.106,0.484,66.208
LOT123,W02,7,12,643,2,20,2026-04-22,25,0.982,0.480,63.914
LOT123,W02,8,12,644,1,10,2026-04-22,25,1.140,0.507,58.813
LOT123,W02,-6,13,645,1,10,2026-04-22,25,0.908,0.521,54.413
LOT123,W02,-5,13,646,2,20,2026-04-22,25,0.924,0.531,61.897
LOT123,W02,-4,13,647,1,10,2026-04-22,25,1.099,0.487,60.786
LOT123,W02,-3,13,648,1,10,2026-04-22,25,1.069,0.507,63.450
LOT123,W02,-2,13,649,1,10,2026-04-22,25,1.131,0.474,54.465
LOT123,W02,-1,13,650,1,10,2026-04-22,25,1.119,0.461,66.734
LOT123,W02,0,13,651,2,20,2026-04-22,25,0.940,0.508,73.639
LOT123,W02,1,13,652,1,10,2026-04-22,25,1.105,0.482,46.847
LOT123,W02,2,13,653,1,10,2026-04-22,25,1.143,0.483,44.283
LOT123,W02,3,13,654,1,10,2026-04-22,25,1.139,0.511,60.338
LOT123,W02,4,13,655,1,10,2026-04-22,25,1.040,0.509,72.949
LOT123,W02,5,13,656,1,10,2026-04-22,25,1.039,0.478,60.546
LOT123,W02,6,13,657,1,10,2026-04-22,25,0.988,0.499,37.744
LOT123,W02,-3,14,658,2,20,2026-04-22,25,1.089,0.474,55.454
LOT123,W02,-2,14,659,1,10,2026-04-22,25,0.958,0.472,66.126
LOT123,W02,-1,14,660,1,10,2026-04-22,25,0.999,0.505,53.679
LOT123,W02,0,14,661,1,10,2026-04-22,25,1.099,0.448,46.509
LOT123,W02,1,14,662,1,10,2026-04-22,25,1.275,0.477,82.231
LOT123,W02,2,14,663,1,10,2026-04-22,25,1.084,0.515,55.252
LOT123,W02,3,14,664,1,10,2026-04-22,25,1.144,0.490,59.677
LOT123,W03,-3,-14,0,1,10,2026-04-23,25,1.005,0.488,45.821
LOT123,W03,-2,-14,1,1,10,2026-04-23,25,1.162,0.481,63.135
LOT123,W03,-1,-14,2,1,10,2026-04-23,25,1.030,0.502,35.190
LOT123,W03,0,-14,3,1,10,2026-04-23,25,1.090,0.520,36.926
LOT123,W03,1,-14,4,1,10,2026-04-23,25,1.091,0.477,49.604
LOT123,W03,2,-14,5,2,20,2026-04-23,25,1.100,0.497,34.289
LOT123,W03,3,-14,6,1,10,2026-04-23,25,1.029,0.497,53.537
LOT123,W03,-6,-13,7,1,10,2026-04-23,25,1.067,0.501,56.584
LOT123,W03,-5,-13,8,1,10,2026-04-23,25,1.088,0.469,58.498
LOT123,W03,-4,-13,9,1,10,2026-04-23,25,0.900,0.511,42.790
LOT123,W03,-3,-13,10,1,10,2026-04-23,25,1.127,0.506,52.574
LOT123,W03,-2,-13,11,1,10,2026-04-23,25,1.106,0.514,68.512
LOT123,W03,-1,-13,12,1,10,2026-04-23,25,1.194,0.500,44.166
LOT123,W03,0,-13,13,1,10,2026-04-23,25,0.906,0.460,61.330
LOT123,W03,1,-13,14,1,10,2026-04-23,25,0.922,0.494,68.265
LOT123,W03,2,-13,15,1,10,2026-04-23,25,0.992,0.474,46.209
LOT123,W03,3,-13,16,1,10,2026-04-23,25,1.072,0.484,48.906
LOT123,W03,4,-13,17,1,10,2026-04-23,25,1.146,0.509,62.042
LOT123,W03,5,-13,18,2,20,2026-04-23,25,0.932,0.525,51.409
LOT123,W03,6,-13,19,1,10,2026-04-23,25,1.129,0.498,56.095
LOT123,W03,-8,-12,20,1,10,2026-04-23,25,0.938,0.471,49.667
LOT123,W03,-7,-12,21,2,20,2026-04-23,25,1.094,0.503,63.038
LOT123,W03,-6,-12,22,1,10,2026-04-23,25,0.949,0.499,50.351
LOT123,W03,-5,-12,23,1,10,2026-04-23,25,1.181,0.469,80.688
LOT123,W03,-4,-12,24,1,10,2026-04-23,25,1.103,0.466,52.040
LOT123,W03,-3,-12,25,1,10,2026-04-23,25,1.186,0.522,56.946
LOT123,W03,-2,-12,26,1,10,2026-04-23,25,0.987,0.468,61.957
LOT123,W03,-1,-12,27,1,10,2026-04-23,25,0.923,0.494,29.756
LOT123,W03,0,-12,28,1,10,2026-04-23,25,0.985,0.452,42.952
LOT123,W03,1,-12,29,1,10,2026-04-23,25,1.095,0.502,24.869
LOT123,W03,2,-12,30,1,10,2026-04-23,25,1.002,0.489,61.651
LOT123,W03,3,-12,31,1,10,2026-04-23,25,0.979,0.499,51.078
LOT123,W03,4,-12,32,1,10,2026-04-23,25,1.080,0.491,56.873
LOT123,W03,5,-12,33,1,10,2026-04-23,25,1.137,0.468,50.355
LOT123,W03,6,-12,34,1,10,2026-04-23,25,1.006,0.461,84.195
LOT123,W03,7,-12,35,1,10,2026-04-23,25,1.016,0.435,41.354
LOT123,W03,8,-12,36,2,20,2026-04-23,25,1.035,0.516,87.655
LOT123,W03,-9,-11,37,2,20,2026-04-23,25,1.095,0.488,52.105
LOT123,W03,-8,-11,38,2,20,2026-04-23,25,0.926,0.499,63.680
LOT123,W03,-7,-11,39,1,10,2026-04-23,25,1.033,0.483,59.881
LOT123,W03,-6,-11,40,1,10,2026-04-23,25,0.913,0.498,48.070
LOT123,W03,-5,-11,41,1,10,2026-04-23,25,1.015,0.476,57.482
LOT123,W03,-4,-11,42,1,10,2026-04-23,25,1.135,0.489,63.079
LOT123,W03,-3,-11,43,1,10,2026-04-23,25,0.920,0.513,52.881
LOT123,W03,-2,-11,44,1,10,2026-04-23,25,0.985,0.496,46.494
LOT123,W03,-1,-11,45,1,10,2026-04-23,25,1.019,0.474,39.119
LOT123,W03,0,-11,46,1,10,2026-04-23,25,0.913,0.466,41.519
LOT123,W03,1,-11,47,1,10,2026-04-23,25,1.177,0.482,51.694
LOT123,W03,2,-11,48,1,10,2026-04-23,25,0.867,0.492,56.695
LOT123,W03,3,-11,49,1,10,2026-04-23,25,0.909,0.459,57.707
LOT123,W03,4,-11,50,1,10,2026-04-23,25,0.922,0.505,39.244
LOT123,W03,5,-11,51,1,10,2026-04-23,25,1.109,0.497,58.128
LOT123,W03,6,-11,52,1,10,2026-04-23,25,1.125,0.495,66.185
LOT123,W03,7,-11,53,3,40,2026-04-23,25,1.049,0.513,31.974
LOT123,W03,8,-11,54,1,10,2026-04-23,25,0.838,0.519,66.404
LOT123,W03,9,-11,55,1,10,2026-04-23,25,1.111,0.525,30.610
LOT123,W03,-10,-10,56,1,10,2026-04-23,25,1.080,0.523,61.353
LOT123,W03,-9,-10,57,1,10,2026-04-23,25,1.125,0.493,58.191
LOT123,W03,-8,-10,58,1,10,2026-04-23,25,1.118,0.510,59.981
LOT123,W03,-7,-10,59,1,10,2026-04-23,25,1.305,0.495,47.046
LOT123,W03,-6,-10,60,1,10,2026-04-23,25,1.064,0.513,27.306
LOT123,W03,-5,-10,61,1,10,2026-04-23,25,1.165,0.492,45.195
LOT123,W03,-4,-10,62,1,10,2026-04-23,25,1.124,0.437,43.855
LOT123,W03,-3,-10,63,3,40,2026-04-23,25,1.055,0.483,74.507
LOT123,W03,-2,-10,64,1,10,2026-04-23,25,1.142,0.515,53.269
LOT123,W03,-1,-10,65,1,10,2026-04-23,25,1.276,0.471,67.519
LOT123,W03,0,-10,66,2,20,2026-04-23,25,1.124,0.508,38.446
LOT123,W03,1,-10,67,1,10,2026-04-23,25,1.067,0.499,53.362
LOT123,W03,2,-10,68,1,10,2026-04-23,25,0.991,0.476,46.945
LOT123,W03,3,-10,69,1,10,2026-04-23,25,0.901,0.443,93.273
LOT123,W03,4,-10,70,1,10,2026-04-23,25,1.096,0.499,53.941
LOT123,W03,5,-10,71,1,10,2026-04-23,25,1.218,0.504,74.086
LOT123,W03,6,-10,72,1,10,2026-04-23,25,0.979,0.488,38.362
LOT123,W03,7,-10,73,1,10,2026-04-23,25,0.935,0.470,49.117
LOT123,W03,8,-10,74,1,10,2026-04-23,25,1.067,0.493,66.430
LOT123,W03,9,-10,75,1,10,2026-04-23,25,1.238,0.512,56.358
LOT123,W03,10,-10,76,1,10,2026-04-23,25,1.150,0.447,66.075
LOT123,W03,-11,-9,77,1,10,2026-04-23,25,1.054,0.470,49.493
LOT123,W03,-10,-9,78,1,10,2026-04-23,25,1.086,0.528,29.854
LOT123,W03,-9,-9,79,1,10,2026-04-23,25,1.019,0.471,31.817
LOT123,W03,-8,-9,80,1,10,2026-04-23,25,1.198,0.476,63.227
LOT123,W03,-7,-9,81,1,10,2026-04-23,25,0.980,0.492,44.734
LOT123,W03,-6,-9,82,1,10,2026-04-23,25,0.968,0.467,51.611
LOT123,W03,-5,-9,83,1,10,2026-04-23,25,1.005,0.506,83.324
LOT123,W03,-4,-9,84,1,10,2026-04-23,25,0.956,0.495,68.997
LOT123,W03,-3,-9,85,1,10,2026-04-23,25,1.021,0.518,60.326
LOT123,W03,-2,-9,86,1,10,2026-04-23,25,1.130,0.510,75.518
LOT123,W03,-1,-9,87,1,10,2026-04-23,25,1.173,0.529,77.884
LOT123,W03,0,-9,88,1,10,2026-04-23,25,1.020,0.505,55.107
LOT123,W03,1,-9,89,1,10,2026-04-23,25,0.974,0.481,47.040
LOT123,W03,2,-9,90,1,10,2026-04-23,25,1.167,0.490,71.317
LOT123,W03,3,-9,91,1,10,2026-04-23,25,1.161,0.490,80.060
LOT123,W03,4,-9,92,1,10,2026-04-23,25,1.160,0.505,57.341
LOT123,W03,5,-9,93,1,10,2026-04-23,25,0.904,0.509,65.296
LOT123,W03,6,-9,94,1,10,2026-04-23,25,1.184,0.454,45.917
LOT123,W03,7,-9,95,1,10,2026-04-23,25,1.019,0.482,56.820
LOT123,W03,8,-9,96,1,10,2026-04-23,25,1.119,0.471,56.610
LOT123,W03,9,-9,97,1,10,2026-04-23,25,0.980,0.473,29.798
LOT123,W03,10,-9,98,4,45,2026-04-23,25,1.000,0.477,63.514
LOT123,W03,11,-9,99,2,20,2026-04-23,25,1.004,0.491,64.025
LOT123,W03,-12,-8,100,2,20,2026-04-23,25,0.964,0.515,42.109
LOT123,W03,-11,-8,101,1,10,2026-04-23,25,1.088,0.485,68.828
LOT123,W03,-10,-8,102,1,10,2026-04-23,25,1.030,0.486,58.456
LOT123,W03,-9,-8,103,1,10,2026-04-23,25,0.932,0.458,78.370
LOT123,W03,-8,-8,104,1,10,2026-04-23,25,1.032,0.470,32.463
LOT123,W03,-7,-8,105,1,10,2026-04-23,25,0.906,0.472,58.210
LOT123,W03,-6,-8,106,1,10,2026-04-23,25,0.963,0.453,70.841
LOT123,W03,-5,-8,107,1,10,2026-04-23,25,1.198,0.473,52.514
LOT123,W03,-4,-8,108,1,10,2026-04-23,25,0.978,0.502,63.824
LOT123,W03,-3,-8,109,1,10,2026-04-23,25,1.129,0.464,62.276
LOT123,W03,-2,-8,110,1,10,2026-04-23,25,1.008,0.472,61.711
LOT123,W03,-1,-8,111,1,10,2026-04-23,25,1.040,0.465,53.922
LOT123,W03,0,-8,112,1,10,2026-04-23,25,1.099,0.513,69.048
LOT123,W03,1,-8,113,1,10,2026-04-23,25,1.075,0.499,83.148
LOT123,W03,2,-8,114,1,10,2026-04-23,25,1.024,0.494,81.957
LOT123,W03,3,-8,115,1,10,2026-04-23,25,1.117,0.489,27.178
LOT123,W03,4,-8,116,1,10,2026-04-23,25,1.027,0.500,49.218
LOT123,W03,5,-8,117,1,10,2026-04-23,25,0.921,0.462,41.222
LOT123,W03,6,-8,118,1,10,2026-04-23,25,0.883,0.508,52.757
LOT123,W03,7,-8,119,1,10,2026-04-23,25,0.980,0.441,63.603
LOT123,W03,8,-8,120,1,10,2026-04-23,25,1.257,0.476,74.497
LOT123,W03,9,-8,121,1,10,2026-04-23,25,0.988,0.510,66.284
LOT123,W03,10,-8,122,3,40,2026-04-23,25,1.022,0.501,60.523
LOT123,W03,11,-8,123,1,10,2026-04-23,25,0.973,0.506,56.854
LOT123,W03,12,-8,124,1,10,2026-04-23,25,1.037,0.504,59.628
LOT123,W03,-12,-7,125,1,10,2026-04-23,25,1.014,0.479,65.446
LOT123,W03,-11,-7,126,1,10,2026-04-23,25,0.956,0.522,63.189
LOT123,W03,-10,-7,127,3,40,2026-04-23,25,1.003,0.508,50.276
LOT123,W03,-9,-7,128,2,20,2026-04-23,25,1.178,0.465,46.549
LOT123,W03,-8,-7,129,1,10,2026-04-23,25,1.024,0.495,58.106
LOT123,W03,-7,-7,130,1,10,2026-04-23,25,1.145,0.482,41.847
LOT123,W03,-6,-7,131,1,10,2026-04-23,25,1.209,0.481,47.780
LOT123,W03,-5,-7,132,1,10,2026-04-23,25,1.213,0.490,37.157
LOT123,W03,-4,-7,133,1,10,2026-04-23,25,1.132,0.545,65.680
LOT123,W03,-3,-7,134,1,10,2026-04-23,25,1.000,0.476,88.518
LOT123,W03,-2,-7,135,1,10,2026-04-23,25,0.975,0.525,62.367
LOT123,W03,-1,-7,136,1,10,2026-04-23,25,1.307,0.488,59.478
LOT123,W03,0,-7,137,1,10,2026-04-23,25,1.028,0.479,44.097
LOT123,W03,1,-7,138,1,10,2026-04-23,25,1.094,0.487,47.135
LOT123,W03,2,-7,139,1,10,2026-04-23,25,1.039,0.488,41.341
LOT123,W03,3,-7,140,1,10,2026-04-23,25,1.021,0.515,60.396
LOT123,W03,4,-7,141,2,20,2026-04-23,25,1.067,0.503,49.720
LOT123,W03,5,-7,142,1,10,2026-04-23,25,1.040,0.487,37.241
LOT123,W03,6,-7,143,3,40,2026-04-23,25,1.006,0.485,26.153
LOT123,W03,7,-7,144,1,10,2026-04-23,25,0.994,0.511,50.981
LOT123,W03,8,-7,145,1,10,2026-04-23,25,0.960,0.484,65.125
LOT123,W03,9,-7,146,1,10,2026-04-23,25,1.067,0.453,42.391
LOT123,W03,10,-7,147,1,10,2026-04-23,25,1.178,0.477,70.751
LOT123,W03,11,-7,148,1,10,2026-04-23,25,0.925,0.511,53.908
LOT123,W03,12,-7,149,1,10,2026-04-23,25,0.943,0.497,64.178
LOT123,W03,-13,-6,150,1,10,2026-04-23,25,1.057,0.452,20.920
LOT123,W03,-12,-6,151,1,10,2026-04-23,25,1.202,0.464,62.343
LOT123,W03,-11,-6,152,1,10,2026-04-23,25,0.910,0.508,56.584
LOT123,W03,-10,-6,153,1,10,2026-04-23,25,0.957,0.487,64.968
LOT123,W03,-9,-6,154,1,10,2026-04-23,25,1.093,0.494,35.649
LOT123,W03,-8,-6,155,1,10,2026-04-23,25,0.956,0.471,58.420
LOT123,W03,-7,-6,156,1,10,2026-04-23,25,0.759,0.530,47.414
LOT123,W03,-6,-6,157,1,10,2026-04-23,25,1.181,0.476,59.153
LOT123,W03,-5,-6,158,1,10,2026-04-23,25,1.200,0.484,70.943
LOT123,W03,-4,-6,159,1,10,2026-04-23,25,1.137,0.492,44.276
LOT123,W03,-3,-6,160,1,10,2026-04-23,25,1.267,0.487,54.109
LOT123,W03,-2,-6,161,1,10,2026-04-23,25,1.075,0.523,50.831
LOT123,W03,-1,-6,162,3,40,2026-04-23,25,1.102,0.506,53.081
LOT123,W03,0,-6,163,1,10,2026-04-23,25,1.004,0.481,51.788
LOT123,W03,1,-6,164,1,10,2026-04-23,25,1.050,0.476,68.669
LOT123,W03,2,-6,165,1,10,2026-04-23,25,1.261,0.507,27.187
LOT123,W03,3,-6,166,1,10,2026-04-23,25,1.016,0.450,53.899
LOT123,W03,4,-6,167,1,10,2026-04-23,25,1.077,0.492,56.286
LOT123,W03,5,-6,168,1,10,2026-04-23,25,0.980,0.489,50.166
LOT123,W03,6,-6,169,1,10,2026-04-23,25,1.276,0.500,54.286
LOT123,W03,7,-6,170,1,10,2026-04-23,25,1.141,0.490,51.431
LOT123,W03,8,-6,171,1,10,2026-04-23,25,1.054,0.513,58.767
LOT123,W03,9,-6,172,1,10,2026-04-23,25,1.120,0.513,56.527
LOT123,W03,10,-6,173,1,10,2026-04-23,25,1.081,0.469,49.382
LOT123,W03,11,-6,174,1,10,2026-04-23,25,1.034,0.473,48.457
LOT123,W03,12,-6,175,1,10,2026-04-23,25,1.051,0.476,75.388
LOT123,W03,13,-6,176,1,10,2026-04-23,25,0.843,0.546,53.977
LOT123,W03,-13,-5,177,2,20,2026-04-23,25,1.041,0.483,48.640
LOT123,W03,-12,-5,178,1,10,2026-04-23,25,1.135,0.486,60.391
LOT123,W03,-11,-5,179,1,10,2026-04-23,25,0.867,0.515,50.157
LOT123,W03,-10,-5,180,2,20,2026-04-23,25,1.299,0.504,60.591
LOT123,W03,-9,-5,181,1,10,2026-04-23,25,1.086,0.500,51.209
LOT123,W03,-8,-5,182,4,45,2026-04-23,25,0.970,0.518,59.318
LOT123,W03,-7,-5,183,1,10,2026-04-23,25,1.084,0.478,57.079
LOT123,W03,-6,-5,184,1,10,2026-04-23,25,1.057,0.499,29.031
LOT123,W03,-5,-5,185,1,10,2026-04-23,25,1.030,0.456,45.100
LOT123,W03,-4,-5,186,1,10,2026-04-23,25,1.004,0.488,69.358
LOT123,W03,-3,-5,187,1,10,2026-04-23,25,1.168,0.514,58.604
LOT123,W03,-2,-5,188,1,10,2026-04-23,25,1.175,0.477,65.293
LOT123,W03,-1,-5,189,1,10,2026-04-23,25,1.152,0.495,47.175
LOT123,W03,0,-5,190,1,10,2026-04-23,25,1.103,0.476,22.353
LOT123,W03,1,-5,191,3,40,2026-04-23,25,1.286,0.499,57.956
LOT123,W03,2,-5,192,1,10,2026-04-23,25,1.136,0.492,57.727
LOT123,W03,3,-5,193,1,10,2026-04-23,25,1.158,0.470,50.281
LOT123,W03,4,-5,194,1,10,2026-04-23,25,1.092,0.479,47.538
LOT123,W03,5,-5,195,1,10,2026-04-23,25,1.138,0.474,72.813
LOT123,W03,6,-5,196,1,10,2026-04-23,25,1.059,0.464,85.340
LOT123,W03,7,-5,197,1,10,2026-04-23,25,1.122,0.527,70.349
LOT123,W03,8,-5,198,1,10,2026-04-23,25,0.970,0.497,69.496
LOT123,W03,9,-5,199,1,10,2026-04-23,25,1.108,0.486,40.692
LOT123,W03,10,-5,200,1,10,2026-04-23,25,0.925,0.481,64.169
LOT123,W03,11,-5,201,2,20,2026-04-23,25,1.134,0.488,41.781
LOT123,W03,12,-5,202,1,10,2026-04-23,25,1.249,0.521,69.755
LOT123,W03,13,-5,203,1,10,2026-04-23,25,1.162,0.469,49.178
LOT123,W03,-13,-4,204,1,10,2026-04-23,25,1.084,0.505,63.429
LOT123,W03,-12,-4,205,2,20,2026-04-23,25,0.867,0.485,67.617
LOT123,W03,-11,-4,206,1,10,2026-04-23,25,1.058,0.472,56.850
LOT123,W03,-10,-4,207,1,10,2026-04-23,25,0.996,0.455,77.947
LOT123,W03,-9,-4,208,2,20,2026-04-23,25,0.799,0.496,48.762
LOT123,W03,-8,-4,209,1,10,2026-04-23,25,1.037,0.479,67.964
LOT123,W03,-7,-4,210,1,10,2026-04-23,25,1.179,0.510,69.850
LOT123,W03,-6,-4,211,1,10,2026-04-23,25,0.935,0.475,45.472
LOT123,W03,-5,-4,212,1,10,2026-04-23,25,1.162,0.520,36.685
LOT123,W03,-4,-4,213,3,40,2026-04-23,25,1.122,0.475,52.471
LOT123,W03,-3,-4,214,1,10,2026-04-23,25,1.016,0.465,60.379
LOT123,W03,-2,-4,215,1,10,2026-04-23,25,1.125,0.515,48.936
LOT123,W03,-1,-4,216,1,10,2026-04-23,25,1.113,0.468,54.834
LOT123,W03,0,-4,217,1,10,2026-04-23,25,0.952,0.485,28.128
LOT123,W03,1,-4,218,3,40,2026-04-23,25,0.943,0.517,29.060
LOT123,W03,2,-4,219,1,10,2026-04-23,25,0.993,0.463,59.662
LOT123,W03,3,-4,220,1,10,2026-04-23,25,0.930,0.520,65.095
LOT123,W03,4,-4,221,1,10,2026-04-23,25,1.163,0.482,76.383
LOT123,W03,5,-4,222,1,10,2026-04-23,25,0.940,0.496,44.497
LOT123,W03,6,-4,223,1,10,2026-04-23,25,1.158,0.498,44.386
LOT123,W03,7,-4,224,1,10,2026-04-23,25,0.968,0.514,58.143
LOT123,W03,8,-4,225,1,10,2026-04-23,25,0.985,0.517,60.949
LOT123,W03,9,-4,226,1,10,2026-04-23,25,1.052,0.511,44.259
LOT123,W03,10,-4,227,1,10,2026-04-23,25,1.197,0.440,63.977
LOT123,W03,11,-4,228,1,10,2026-04-23,25,0.988,0.457,49.952
LOT123,W03,12,-4,229,1,10,2026-04-23,25,1.095,0.497,44.944
LOT123,W03,13,-4,230,1,10,2026-04-23,25,1.061,0.513,84.685
LOT123,W03,-14,-3,231,1,10,2026-04-23,25,1.210,0.497,33.100
LOT123,W03,-13,-3,232,1,10,2026-04-23,25,1.106,0.515,45.356
LOT123,W03,-12,-3,233,1,10,2026-04-23,25,0.967,0.505,46.817
LOT123,W03,-11,-3,234,1,10,2026-04-23,25,1.008,0.508,59.601
LOT123,W03,-10,-3,235,1,10,2026-04-23,25,1.082,0.511,70.210
LOT123,W03,-9,-3,236,1,10,2026-04-23,25,0.970,0.512,46.291
LOT123,W03,-8,-3,237,1,10,2026-04-23,25,1.123,0.504,50.674
LOT123,W03,-7,-3,238,4,45,2026-04-23,25,0.987,0.505,50.259
LOT123,W03,-6,-3,239,1,10,2026-04-23,25,1.059,0.503,55.899
LOT123,W03,-5,-3,240,1,10,2026-04-23,25,1.084,0.509,67.483
LOT123,W03,-4,-3,241,1,10,2026-04-23,25,1.059,0.478,60.293
LOT123,W03,-3,-3,242,1,10,2026-04-23,25,1.017,0.498,55.979
LOT123,W03,-2,-3,243,1,10,2026-04-23,25,1.124,0.496,42.304
LOT123,W03,-1,-3,244,1,10,2026-04-23,25,1.076,0.481,46.907
LOT123,W03,0,-3,245,1,10,2026-04-23,25,1.092,0.477,57.335
LOT123,W03,1,-3,246,1,10,2026-04-23,25,0.972,0.494,75.944
LOT123,W03,2,-3,247,1,10,2026-04-23,25,1.001,0.452,48.061
LOT123,W03,3,-3,248,1,10,2026-04-23,25,0.959,0.505,39.008
LOT123,W03,4,-3,249,1,10,2026-04-23,25,1.164,0.482,36.354
LOT123,W03,5,-3,250,1,10,2026-04-23,25,0.964,0.488,57.912
LOT123,W03,6,-3,251,1,10,2026-04-23,25,1.149,0.514,53.792
LOT123,W03,7,-3,252,1,10,2026-04-23,25,0.986,0.542,73.304
LOT123,W03,8,-3,253,1,10,2026-04-23,25,1.105,0.485,58.953
LOT123,W03,9,-3,254,1,10,2026-04-23,25,1.119,0.488,49.381
LOT123,W03,10,-3,255,4,45,2026-04-23,25,1.088,0.504,64.105
LOT123,W03,11,-3,256,1,10,2026-04-23,25,1.052,0.482,46.859
LOT123,W03,12,-3,257,1,10,2026-04-23,25,0.943,0.530,53.669
LOT123,W03,13,-3,258,1,10,2026-04-23,25,1.090,0.509,40.570
LOT123,W03,14,-3,259,1,10,2026-04-23,25,1.093,0.491,63.355
LOT123,W03,-14,-2,260,1,10,2026-04-23,25,0.928,0.447,35.554
LOT123,W03,-13,-2,261,1,10,2026-04-23,25,1.246,0.504,70.776
LOT123,W03,-12,-2,262,1,10,2026-04-23,25,1.061,0.485,55.796
LOT123,W03,-11,-2,263,1,10,2026-04-23,25,1.311,0.486,53.945
LOT123,W03,-10,-2,264,1,10,2026-04-23,25,0.927,0.528,81.764
LOT123,W03,-9,-2,265,1,10,2026-04-23,25,1.156,0.489,38.518
LOT123,W03,-8,-2,266,1,10,2026-04-23,25,0.982,0.466,58.826
LOT123,W03,-7,-2,267,4,45,2026-04-23,25,1.130,0.456,46.269
LOT123,W03,-6,-2,268,1,10,2026-04-23,25,1.105,0.495,56.345
LOT123,W03,-5,-2,269,1,10,2026-04-23,25,1.115,0.485,53.362
LOT123,W03,-4,-2,270,1,10,2026-04-23,25,1.055,0.490,30.070
LOT123,W03,-3,-2,271,1,10,2026-04-23,25,0.868,0.487,59.830
LOT123,W03,-2,-2,272,1,10,2026-04-23,25,1.039,0.497,40.614
LOT123,W03,-1,-2,273,1,10,2026-04-23,25,1.068,0.497,60.944
LOT123,W03,0,-2,274,1,10,2026-04-23,25,1.101,0.518,60.403
LOT123,W03,1,-2,275,1,10,2026-04-23,25,1.045,0.478,67.292
LOT123,W03,2,-2,276,1,10,2026-04-23,25,1.036,0.492,58.190
LOT123,W03,3,-2,277,1,10,2026-04-23,25,0.848,0.469,85.722
LOT123,W03,4,-2,278,1,10,2026-04-23,25,1.203,0.499,52.276
LOT123,W03,5,-2,279,1,10,2026-04-23,25,0.974,0.489,46.095
LOT123,W03,6,-2,280,3,40,2026-04-23,25,1.189,0.465,43.900
LOT123,W03,7,-2,281,1,10,2026-04-23,25,0.860,0.482,62.663
LOT123,W03,8,-2,282,1,10,2026-04-23,25,1.089,0.503,47.239
LOT123,W03,9,-2,283,3,40,2026-04-23,25,1.272,0.479,61.472
LOT123,W03,10,-2,284,1,10,2026-04-23,25,0.932,0.486,72.159
LOT123,W03,11,-2,285,3,40,2026-04-23,25,1.070,0.503,69.788
LOT123,W03,12,-2,286,1,10,2026-04-23,25,1.137,0.523,57.097
LOT123,W03,13,-2,287,2,20,2026-04-23,25,1.095,0.458,59.927
LOT123,W03,14,-2,288,1,10,2026-04-23,25,1.112,0.474,64.889
LOT123,W03,-14,-1,289,1,10,2026-04-23,25,1.163,0.476,42.127
LOT123,W03,-13,-1,290,1,10,2026-04-23,25,1.080,0.499,65.403
LOT123,W03,-12,-1,291,1,10,2026-04-23,25,0.948,0.528,67.385
LOT123,W03,-11,-1,292,1,10,2026-04-23,25,1.078,0.495,31.978
LOT123,W03,-10,-1,293,1,10,2026-04-23,25,0.997,0.518,58.039
LOT123,W03,-9,-1,294,1,10,2026-04-23,25,1.168,0.509,68.333
LOT123,W03,-8,-1,295,1,10,2026-04-23,25,1.108,0.517,35.028
LOT123,W03,-7,-1,296,1,10,2026-04-23,25,1.026,0.502,27.845
LOT123,W03,-6,-1,297,1,10,2026-04-23,25,0.962,0.521,27.907
LOT123,W03,-5,-1,298,1,10,2026-04-23,25,1.243,0.539,46.300
LOT123,W03,-4,-1,299,1,10,2026-04-23,25,0.920,0.512,50.221
LOT123,W03,-3,-1,300,1,10,2026-04-23,25,0.953,0.519,48.152
LOT123,W03,-2,-1,301,1,10,2026-04-23,25,0.910,0.486,59.889
LOT123,W03,-1,-1,302,1,10,2026-04-23,25,1.042,0.483,45.175
LOT123,W03,0,-1,303,1,10,2026-04-23,25,1.065,0.493,60.517
LOT123,W03,1,-1,304,1,10,2026-04-23,25,1.098,0.495,63.013
LOT123,W03,2,-1,305,1,10,2026-04-23,25,1.063,0.501,40.408
LOT123,W03,3,-1,306,1,10,2026-04-23,25,0.880,0.461,73.886
LOT123,W03,4,-1,307,1,10,2026-04-23,25,1.053,0.480,60.475
LOT123,W03,5,-1,308,1,10,2026-04-23,25,0.837,0.490,45.650
LOT123,W03,6,-1,309,1,10,2026-04-23,25,1.213,0.501,61.479
LOT123,W03,7,-1,310,1,10,2026-04-23,25,0.895,0.510,69.549
LOT123,W03,8,-1,311,1,10,2026-04-23,25,0.993,0.491,67.899
LOT123,W03,9,-1,312,3,40,2026-04-23,25,0.951,0.456,53.525
LOT123,W03,10,-1,313,1,10,2026-04-23,25,1.055,0.500,67.895
LOT123,W03,11,-1,314,2,20,2026-04-23,25,1.142,0.485,63.636
LOT123,W03,12,-1,315,1,10,2026-04-23,25,1.091,0.515,59.780
LOT123,W03,13,-1,316,1,10,2026-04-23,25,0.905,0.466,54.587
LOT123,W03,14,-1,317,1,10,2026-04-23,25,0.946,0.510,45.538
LOT123,W03,-14,0,318,1,10,2026-04-23,25,1.074,0.490,63.287
LOT123,W03,-13,0,319,1,10,2026-04-23,25,1.104,0.489,49.399
LOT123,W03,-12,0,320,1,10,2026-04-23,25,1.103,0.515,55.005
LOT123,W03,-11,0,321,1,10,2026-04-23,25,0.912,0.476,70.238
LOT123,W03,-10,0,322,1,10,2026-04-23,25,0.846,0.483,54.491
LOT123,W03,-9,0,323,1,10,2026-04-23,25,1.079,0.462,69.096
LOT123,W03,-8,0,324,1,10,2026-04-23,25,0.823,0.529,53.514
LOT123,W03,-7,0,325,1,10,2026-04-23,25,1.202,0.528,62.172
LOT123,W03,-6,0,326,1,10,2026-04-23,25,1.065,0.491,53.099
LOT123,W03,-5,0,327,1,10,2026-04-23,25,1.108,0.487,36.392
LOT123,W03,-4,0,328,1,10,2026-04-23,25,1.115,0.525,61.592
LOT123,W03,-3,0,329,1,10,2026-04-23,25,0.985,0.473,61.917
LOT123,W03,-2,0,330,1,10,2026-04-23,25,1.103,0.487,70.166
LOT123,W03,-1,0,331,1,10,2026-04-23,25,0.864,0.516,34.246
LOT123,W03,0,0,332,1,10,2026-04-23,25,1.092,0.489,66.192
LOT123,W03,1,0,333,1,10,2026-04-23,25,1.052,0.488,69.486
LOT123,W03,2,0,334,3,40,2026-04-23,25,0.989,0.447,45.553
LOT123,W03,3,0,335,1,10,2026-04-23,25,1.185,0.479,61.580
LOT123,W03,4,0,336,1,10,2026-04-23,25,1.121,0.467,49.011
LOT123,W03,5,0,337,1,10,2026-04-23,25,1.088,0.495,54.556
LOT123,W03,6,0,338,1,10,2026-04-23,25,1.174,0.484,55.692
LOT123,W03,7,0,339,1,10,2026-04-23,25,0.989,0.501,26.013
LOT123,W03,8,0,340,1,10,2026-04-23,25,1.065,0.494,47.394
LOT123,W03,9,0,341,1,10,2026-04-23,25,1.115,0.490,35.415
LOT123,W03,10,0,342,1,10,2026-04-23,25,1.075,0.475,44.092
LOT123,W03,11,0,343,1,10,2026-04-23,25,0.868,0.476,55.057
LOT123,W03,12,0,344,1,10,2026-04-23,25,1.042,0.511,54.898
LOT123,W03,13,0,345,2,20,2026-04-23,25,1.178,0.494,66.016
LOT123,W03,14,0,346,1,10,2026-04-23,25,1.118,0.526,60.333
LOT123,W03,-14,1,347,1,10,2026-04-23,25,0.930,0.524,70.826
LOT123,W03,-13,1,348,1,10,2026-04-23,25,1.118,0.490,63.099
LOT123,W03,-12,1,349,2,20,2026-04-23,25,1.112,0.517,57.233
LOT123,W03,-11,1,350,1,10,2026-04-23,25,1.076,0.473,54.761
LOT123,W03,-10,1,351,1,10,2026-04-23,25,0.921,0.483,59.216
LOT123,W03,-9,1,352,3,40,2026-04-23,25,0.933,0.524,61.934
LOT123,W03,-8,1,353,1,10,2026-04-23,25,0.936,0.475,49.003
LOT123,W03,-7,1,354,3,40,2026-04-23,25,1.025,0.484,65.280
LOT123,W03,-6,1,355,1,10,2026-04-23,25,1.184,0.516,65.821
LOT123,W03,-5,1,356,1,10,2026-04-23,25,1.064,0.497,59.850
LOT123,W03,-4,1,357,1,10,2026-04-23,25,0.969,0.482,69.370
LOT123,W03,-3,1,358,1,10,2026-04-23,25,1.173,0.497,47.602
LOT123,W03,-2,1,359,1,10,2026-04-23,25,1.076,0.469,50.411
LOT123,W03,-1,1,360,1,10,2026-04-23,25,0.925,0.480,53.720
LOT123,W03,0,1,361,1,10,2026-04-23,25,1.292,0.476,50.309
LOT123,W03,1,1,362,1,10,2026-04-23,25,0.940,0.476,56.621
LOT123,W03,2,1,363,1,10,2026-04-23,25,1.070,0.494,52.039
LOT123,W03,3,1,364,3,40,2026-04-23,25,1.032,0.510,70.353
LOT123,W03,4,1,365,1,10,2026-04-23,25,0.963,0.447,42.615
LOT123,W03,5,1,366,4,45,2026-04-23,25,0.976,0.507,51.449
LOT123,W03,6,1,367,1,10,2026-04-23,25,1.025,0.489,47.276
LOT123,W03,7,1,368,1,10,2026-04-23,25,1.000,0.486,42.885
LOT123,W03,8,1,369,1,10,2026-04-23,25,0.868,0.505,62.278
LOT123,W03,9,1,370,1,10,2026-04-23,25,0.884,0.509,77.609
LOT123,W03,10,1,371,1,10,2026-04-23,25,1.170,0.485,39.628
LOT123,W03,11,1,372,1,10,2026-04-23,25,1.103,0.520,58.849
LOT123,W03,12,1,373,1,10,2026-04-23,25,0.837,0.518,67.141
LOT123,W03,13,1,374,1,10,2026-04-23,25,0.871,0.458,53.461
LOT123,W03,14,1,375,2,20,2026-04-23,25,0.996,0.448,41.805
LOT123,W03,-14,2,376,1,10,2026-04-23,25,1.241,0.486,62.064
LOT123,W03,-13,2,377,1,10,2026-04-23,25,1.120,0.508,38.806
LOT123,W03,-12,2,378,1,10,2026-04-23,25,1.165,0.500,58.811
LOT123,W03,-11,2,379,1,10,2026-04-23,25,1.032,0.504,81.642
LOT123,W03,-10,2,380,1,10,2026-04-23,25,1.080,0.473,63.524
LOT123,W03,-9,2,381,1,10,2026-04-23,25,1.170,0.485,71.253
LOT123,W03,-8,2,382,1,10,2026-04-23,25,1.115,0.488,58.596
LOT123,W03,-7,2,383,1,10,2026-04-23,25,1.142,0.531,55.438
LOT123,W03,-6,2,384,1,10,2026-04-23,25,1.143,0.454,53.687
LOT123,W03,-5,2,385,1,10,2026-04-23,25,0.884,0.504,40.887
LOT123,W03,-4,2,386,1,10,2026-04-23,25,0.820,0.500,55.686
LOT123,W03,-3,2,387,1,10,2026-04-23,25,1.130,0.524,49.612
LOT123,W03,-2,2,388,1,10,2026-04-23,25,1.102,0.515,63.759
LOT123,W03,-1,2,389,1,10,2026-04-23,25,1.075,0.509,45.971
LOT123,W03,0,2,390,1,10,2026-04-23,25,1.038,0.486,46.075
LOT123,W03,1,2,391,1,10,2026-04-23,25,0.953,0.459,65.493
LOT123,W03,2,2,392,1,10,2026-04-23,25,1.010,0.464,25.230
LOT123,W03,3,2,393,1,10,2026-04-23,25,0.923,0.472,57.567
LOT123,W03,4,2,394,1,10,2026-04-23,25,0.988,0.471,43.983
LOT123,W03,5,2,395,1,10,2026-04-23,25,1.163,0.478,64.263
LOT123,W03,6,2,396,1,10,2026-04-23,25,1.087,0.507,60.310
LOT123,W03,7,2,397,1,10,2026-04-23,25,0.932,0.496,72.539
LOT123,W03,8,2,398,1,10,2026-04-23,25,1.022,0.524,58.634
LOT123,W03,9,2,399,1,10,2026-04-23,25,1.123,0.481,73.645
LOT123,W03,10,2,400,4,45,2026-04-23,25,0.949,0.486,38.273
LOT123,W03,11,2,401,1,10,2026-04-23,25,1.037,0.488,66.377
LOT123,W03,12,2,402,1,10,2026-04-23,25,1.161,0.466,34.554
LOT123,W03,13,2,403,1,10,2026-04-23,25,0.998,0.509,76.325
LOT123,W03,14,2,404,2,20,2026-04-23,25,1.018,0.517,56.749
LOT123,W03,-14,3,405,2,20,2026-04-23,25,1.045,0.478,55.840
LOT123,W03,-13,3,406,1,10,2026-04-23,25,1.160,0.497,47.351
LOT123,W03,-12,3,407,1,10,2026-04-23,25,1.018,0.470,57.379
LOT123,W03,-11,3,408,1,10,2026-04-23,25,1.085,0.508,58.546
LOT123,W03,-10,3,409,1,10,2026-04-23,25,1.060,0.495,64.752
LOT123,W03,-9,3,410,2,20,2026-04-23,25,0.946,0.497,61.740
LOT123,W03,-8,3,411,2,20,2026-04-23,25,1.068,0.455,42.058
LOT123,W03,-7,3,412,1,10,2026-04-23,25,0.992,0.468,61.860
LOT123,W03,-6,3,413,4,45,2026-04-23,25,0.915,0.479,42.254
LOT123,W03,-5,3,414,1,10,2026-04-23,25,1.014,0.485,68.112
LOT123,W03,-4,3,415,1,10,2026-04-23,25,0.965,0.492,37.266
LOT123,W03,-3,3,416,1,10,2026-04-23,25,1.013,0.462,45.364
LOT123,W03,-2,3,417,1,10,2026-04-23,25,0.912,0.488,78.189
LOT123,W03,-1,3,418,1,10,2026-04-23,25,0.994,0.497,38.127
LOT123,W03,0,3,419,1,10,2026-04-23,25,1.223,0.488,42.635
LOT123,W03,1,3,420,1,10,2026-04-23,25,1.006,0.478,52.976
LOT123,W03,2,3,421,1,10,2026-04-23,25,1.001,0.507,66.210
LOT123,W03,3,3,422,1,10,2026-04-23,25,0.893,0.461,66.419
LOT123,W03,4,3,423,3,40,2026-04-23,25,0.908,0.517,51.330
LOT123,W03,5,3,424,1,10,2026-04-23,25,1.067,0.477,39.554
LOT123,W03,6,3,425,1,10,2026-04-23,25,0.980,0.472,24.297
LOT123,W03,7,3,426,1,10,2026-04-23,25,0.954,0.489,31.414
LOT123,W03,8,3,427,1,10,2026-04-23,25,1.159,0.487,33.901
LOT123,W03,9,3,428,1,10,2026-04-23,25,1.093,0.543,62.153
LOT123,W03,10,3,429,1,10,2026-04-23,25,1.154,0.465,54.441
LOT123,W03,11,3,430,1,10,2026-04-23,25,0.979,0.467,64.486
LOT123,W03,12,3,431,1,10,2026-04-23,25,1.004,0.519,55.431
LOT123,W03,13,3,432,1,10,2026-04-23,25,0.956,0.459,34.066
LOT123,W03,14,3,433,2,20,2026-04-23,25,1.044,0.469,64.297
LOT123,W03,-13,4,434,1,10,2026-04-23,25,0.978,0.512,65.915
LOT123,W03,-12,4,435,2,20,2026-04-23,25,1.109,0.496,62.273
LOT123,W03,-11,4,436,1,10,2026-04-23,25,0.925,0.500,43.857
LOT123,W03,-10,4,437,1,10,2026-04-23,25,1.041,0.528,83.626
LOT123,W03,-9,4,438,1,10,2026-04-23,25,1.018,0.496,45.481
LOT123,W03,-8,4,439,1,10,2026-04-23,25,1.049,0.516,48.141
LOT123,W03,-7,4,440,1,10,2026-04-23,25,1.093,0.516,54.769
LOT123,W03,-6,4,441,1,10,2026-04-23,25,1.050,0.475,48.199
LOT123,W03,-5,4,442,1,10,2026-04-23,25,1.093,0.493,49.243
LOT123,W03,-4,4,443,1,10,2026-04-23,25,1.197,0.482,51.056
LOT123,W03,-3,4,444,1,10,2026-04-23,25,1.239,0.504,42.628
LOT123,W03,-2,4,445,1,10,2026-04-23,25,1.044,0.497,56.745
LOT123,W03,-1,4,446,1,10,2026-04-23,25,0.965,0.454,61.630
LOT123,W03,0,4,447,1,10,2026-04-23,25,1.175,0.488,29.626
LOT123,W03,1,4,448,1,10,2026-04-23,25,1.148,0.522,54.056
LOT123,W03,2,4,449,1,10,2026-04-23,25,0.988,0.515,47.734
LOT123,W03,3,4,450,2,20,2026-04-23,25,0.939,0.466,54.771
LOT123,W03,4,4,451,1,10,2026-04-23,25,0.955,0.467,57.073
LOT123,W03,5,4,452,1,10,2026-04-23,25,1.143,0.468,44.809
LOT123,W03,6,4,453,1,10,2026-04-23,25,1.218,0.500,50.640
LOT123,W03,7,4,454,1,10,2026-04-23,25,1.154,0.505,68.493
LOT123,W03,8,4,455,1,10,2026-04-23,25,0.929,0.464,48.598
LOT123,W03,9,4,456,1,10,2026-04-23,25,0.978,0.487,58.273
LOT123,W03,10,4,457,4,45,2026-04-23,25,0.971,0.483,51.534
LOT123,W03,11,4,458,1,10,2026-04-23,25,1.031,0.479,60.189
LOT123,W03,12,4,459,2,20,2026-04-23,25,0.974,0.476,53.644
LOT123,W03,13,4,460,1,10,2026-04-23,25,1.068,0.482,62.264
LOT123,W03,-13,5,461,1,10,2026-04-23,25,1.200,0.465,55.108
LOT123,W03,-12,5,462,1,10,2026-04-23,25,1.146,0.477,46.133
LOT123,W03,-11,5,463,1,10,2026-04-23,25,1.077,0.493,71.967
LOT123,W03,-10,5,464,1,10,2026-04-23,25,1.094,0.467,31.850
LOT123,W03,-9,5,465,1,10,2026-04-23,25,1.077,0.502,68.897
LOT123,W03,-8,5,466,1,10,2026-04-23,25,1.025,0.494,44.977
LOT123,W03,-7,5,467,1,10,2026-04-23,25,0.988,0.478,69.159
LOT123,W03,-6,5,468,1,10,2026-04-23,25,1.065,0.503,29.598
LOT123,W03,-5,5,469,1,10,2026-04-23,25,1.105,0.491,36.767
LOT123,W03,-4,5,470,1,10,2026-04-23,25,0.943,0.463,63.788
LOT123,W03,-3,5,471,3,40,2026-04-23,25,1.235,0.490,52.297
LOT123,W03,-2,5,472,1,10,2026-04-23,25,1.095,0.486,39.283
LOT123,W03,-1,5,473,1,10,2026-04-23,25,1.098,0.502,33.252
LOT123,W03,0,5,474,1,10,2026-04-23,25,1.186,0.465,49.268
LOT123,W03,1,5,475,1,10,2026-04-23,25,0.876,0.476,74.780
LOT123,W03,2,5,476,1,10,2026-04-23,25,1.138,0.496,61.246
LOT123,W03,3,5,477,1,10,2026-04-23,25,1.140,0.473,56.047
LOT123,W03,4,5,478,1,10,2026-04-23,25,1.086,0.491,38.047
LOT123,W03,5,5,479,1,10,2026-04-23,25,1.213,0.464,62.332
LOT123,W03,6,5,480,1,10,2026-04-23,25,1.280,0.507,80.837
LOT123,W03,7,5,481,1,10,2026-04-23,25,1.143,0.513,68.122
LOT123,W03,8,5,482,1,10,2026-04-23,25,1.169,0.507,59.636
LOT123,W03,9,5,483,1,10,2026-04-23,25,1.023,0.498,48.184
LOT123,W03,10,5,484,1,10,2026-04-23,25,1.040,0.460,61.963
LOT123,W03,11,5,485,1,10,2026-04-23,25,1.012,0.476,52.377
LOT123,W03,12,5,486,3,40,2026-04-23,25,0.984,0.459,61.805
LOT123,W03,13,5,487,1,10,2026-04-23,25,1.223,0.485,72.409
LOT123,W03,-13,6,488,2,20,2026-04-23,25,1.073,0.496,90.059
LOT123,W03,-12,6,489,1,10,2026-04-23,25,1.136,0.518,68.701
LOT123,W03,-11,6,490,1,10,2026-04-23,25,1.137,0.461,74.113
LOT123,W03,-10,6,491,1,10,2026-04-23,25,1.108,0.491,39.862
LOT123,W03,-9,6,492,1,10,2026-04-23,25,1.037,0.483,49.065
LOT123,W03,-8,6,493,1,10,2026-04-23,25,1.070,0.498,45.765
LOT123,W03,-7,6,494,1,10,2026-04-23,25,1.236,0.513,66.040
LOT123,W03,-6,6,495,1,10,2026-04-23,25,0.930,0.470,60.867
LOT123,W03,-5,6,496,1,10,2026-04-23,25,1.079,0.488,77.776
LOT123,W03,-4,6,497,1,10,2026-04-23,25,1.118,0.468,52.680
LOT123,W03,-3,6,498,1,10,2026-04-23,25,1.131,0.519,53.819
LOT123,W03,-2,6,499,1,10,2026-04-23,25,1.120,0.463,60.078
LOT123,W03,-1,6,500,1,10,2026-04-23,25,1.076,0.495,65.527
LOT123,W03,0,6,501,1,10,2026-04-23,25,1.066,0.474,58.832
LOT123,W03,1,6,502,1,10,2026-04-23,25,1.043,0.503,59.808
LOT123,W03,2,6,503,1,10,2026-04-23,25,1.093,0.447,56.302
LOT123,W03,3,6,504,1,10,2026-04-23,25,1.047,0.502,50.952
LOT123,W03,4,6,505,1,10,2026-04-23,25,1.197,0.492,49.579
LOT123,W03,5,6,506,1,10,2026-04-23,25,1.171,0.483,58.375
LOT123,W03,6,6,507,2,20,2026-04-23,25,1.048,0.502,37.332
LOT123,W03,7,6,508,1,10,2026-04-23,25,0.834,0.495,42.273
LOT123,W03,8,6,509,1,10,2026-04-23,25,1.261,0.458,59.487
LOT123,W03,9,6,510,1,10,2026-04-23,25,0.997,0.466,46.838
LOT123,W03,10,6,511,1,10,2026-04-23,25,1.077,0.495,57.447
LOT123,W03,11,6,512,1,10,2026-04-23,25,1.187,0.478,54.331
LOT123,W03,12,6,513,2,20,2026-04-23,25,1.162,0.457,59.283
LOT123,W03,13,6,514,1,10,2026-04-23,25,0.990,0.496,58.904
LOT123,W03,-12,7,515,1,10,2026-04-23,25,0.901,0.502,64.160
LOT123,W03,-11,7,516,1,10,2026-04-23,25,1.062,0.470,68.707
LOT123,W03,-10,7,517,1,10,2026-04-23,25,0.954,0.475,82.003
LOT123,W03,-9,7,518,1,10,2026-04-23,25,0.981,0.469,58.729
LOT123,W03,-8,7,519,1,10,2026-04-23,25,0.967,0.492,46.308
LOT123,W03,-7,7,520,1,10,2026-04-23,25,1.147,0.484,64.598
LOT123,W03,-6,7,521,1,10,2026-04-23,25,1.099,0.527,56.210
LOT123,W03,-5,7,522,1,10,2026-04-23,25,1.013,0.470,57.033
LOT123,W03,-4,7,523,1,10,2026-04-23,25,0.977,0.468,35.113
LOT123,W03,-3,7,524,1,10,2026-04-23,25,0.865,0.516,52.591
LOT123,W03,-2,7,525,1,10,2026-04-23,25,1.054,0.495,44.571
LOT123,W03,-1,7,526,1,10,2026-04-23,25,0.918,0.518,64.067
LOT123,W03,0,7,527,1,10,2026-04-23,25,0.936,0.505,38.342
LOT123,W03,1,7,528,1,10,2026-04-23,25,1.164,0.470,65.353
LOT123,W03,2,7,529,1,10,2026-04-23,25,1.210,0.496,43.886
LOT123,W03,3,7,530,1,10,2026-04-23,25,0.887,0.494,57.040
LOT123,W03,4,7,531,1,10,2026-04-23,25,1.086,0.457,53.178
LOT123,W03,5,7,532,1,10,2026-04-23,25,1.026,0.489,46.827
LOT123,W03,6,7,533,1,10,2026-04-23,25,0.973,0.487,41.930
LOT123,W03,7,7,534,1,10,2026-04-23,25,1.101,0.517,61.390
LOT123,W03,8,7,535,1,10,2026-04-23,25,0.955,0.528,39.050
LOT123,W03,9,7,536,2,20,2026-04-23,25,1.009,0.512,45.500
LOT123,W03,10,7,537,1,10,2026-04-23,25,1.054,0.515,60.781
LOT123,W03,11,7,538,1,10,2026-04-23,25,1.019,0.468,61.889
LOT123,W03,12,7,539,1,10,2026-04-23,25,1.112,0.500,66.867
LOT123,W03,-12,8,540,2,20,2026-04-23,25,0.970,0.492,56.745
LOT123,W03,-11,8,541,1,10,2026-04-23,25,1.056,0.480,35.004
LOT123,W03,-10,8,542,1,10,2026-04-23,25,1.008,0.503,49.474
LOT123,W03,-9,8,543,1,10,2026-04-23,25,1.022,0.485,52.832
LOT123,W03,-8,8,544,1,10,2026-04-23,25,1.123,0.507,68.519
LOT123,W03,-7,8,545,1,10,2026-04-23,25,0.910,0.493,71.472
LOT123,W03,-6,8,546,4,45,2026-04-23,25,1.149,0.470,47.293
LOT123,W03,-5,8,547,2,20,2026-04-23,25,0.942,0.496,51.353
LOT123,W03,-4,8,548,1,10,2026-04-23,25,0.965,0.492,52.145
LOT123,W03,-3,8,549,1,10,2026-04-23,25,1.243,0.484,52.391
LOT123,W03,-2,8,550,1,10,2026-04-23,25,0.922,0.489,55.314
LOT123,W03,-1,8,551,1,10,2026-04-23,25,0.831,0.456,63.020
LOT123,W03,0,8,552,1,10,2026-04-23,25,1.141,0.469,65.182
LOT123,W03,1,8,553,1,10,2026-04-23,25,1.081,0.480,54.784
LOT123,W03,2,8,554,1,10,2026-04-23,25,1.043,0.499,52.531
LOT123,W03,3,8,555,2,20,2026-04-23,25,1.130,0.479,57.900
LOT123,W03,4,8,556,1,10,2026-04-23,25,1.017,0.469,73.977
LOT123,W03,5,8,557,1,10,2026-04-23,25,1.164,0.496,55.440
LOT123,W03,6,8,558,1,10,2026-04-23,25,1.061,0.471,71.115
LOT123,W03,7,8,559,1,10,2026-04-23,25,1.054,0.465,61.661
LOT123,W03,8,8,560,1,10,2026-04-23,25,0.935,0.480,40.647
LOT123,W03,9,8,561,1,10,2026-04-23,25,1.143,0.493,37.623
LOT123,W03,10,8,562,1,10,2026-04-23,25,1.070,0.536,36.101
LOT123,W03,11,8,563,2,20,2026-04-23,25,1.026,0.496,43.373
LOT123,W03,12,8,564,1,10,2026-04-23,25,1.125,0.511,56.811
LOT123,W03,-11,9,565,2,20,2026-04-23,25,1.016,0.509,41.911
LOT123,W03,-10,9,566,1,10,2026-04-23,25,1.225,0.478,-2.572
LOT123,W03,-9,9,567,1,10,2026-04-23,25,1.216,0.506,78.233
LOT123,W03,-8,9,568,2,20,2026-04-23,25,0.986,0.462,48.542
LOT123,W03,-7,9,569,1,10,2026-04-23,25,1.027,0.491,51.945
LOT123,W03,-6,9,570,1,10,2026-04-23,25,1.093,0.521,36.795
LOT123,W03,-5,9,571,1,10,2026-04-23,25,1.147,0.468,68.386
LOT123,W03,-4,9,572,1,10,2026-04-23,25,1.055,0.495,49.301
LOT123,W03,-3,9,573,1,10,2026-04-23,25,1.042,0.483,69.502
LOT123,W03,-2,9,574,4,45,2026-04-23,25,1.135,0.487,53.414
LOT123,W03,-1,9,575,1,10,2026-04-23,25,1.056,0.483,50.623
LOT123,W03,0,9,576,1,10,2026-04-23,25,1.032,0.456,48.965
LOT123,W03,1,9,577,1,10,2026-04-23,25,0.808,0.496,58.232
LOT123,W03,2,9,578,1,10,2026-04-23,25,0.917,0.520,48.692
LOT123,W03,3,9,579,1,10,2026-04-23,25,0.884,0.469,61.496
LOT123,W03,4,9,580,1,10,2026-04-23,25,1.304,0.517,33.190
LOT123,W03,5,9,581,4,45,2026-04-23,25,1.054,0.490,51.761
LOT123,W03,6,9,582,1,10,2026-04-23,25,1.288,0.450,48.764
LOT123,W03,7,9,583,1,10,2026-04-23,25,1.103,0.444,44.838
LOT123,W03,8,9,584,1,10,2026-04-23,25,1.016,0.507,60.844
LOT123,W03,9,9,585,2,20,2026-04-23,25,0.962,0.498,59.591
LOT123,W03,10,9,586,1,10,2026-04-23,25,1.194,0.444,48.137
LOT123,W03,11,9,587,1,10,2026-04-23,25,0.944,0.511,53.148
LOT123,W03,-10,10,588,1,10,2026-04-23,25,0.999,0.485,58.779
LOT123,W03,-9,10,589,1,10,2026-04-23,25,1.134,0.506,57.898
LOT123,W03,-8,10,590,2,20,2026-04-23,25,1.048,0.507,46.632
LOT123,W03,-7,10,591,1,10,2026-04-23,25,0.985,0.475,53.887
LOT123,W03,-6,10,592,1,10,2026-04-23,25,0.863,0.449,62.718
LOT123,W03,-5,10,593,4,45,2026-04-23,25,1.041,0.494,46.596
LOT123,W03,-4,10,594,1,10,2026-04-23,25,0.969,0.508,48.386
LOT123,W03,-3,10,595,1,10,2026-04-23,25,1.063,0.481,56.557
LOT123,W03,-2,10,596,1,10,2026-04-23,25,1.254,0.487,64.735
LOT123,W03,-1,10,597,1,10,2026-04-23,25,0.940,0.457,74.025
LOT123,W03,0,10,598,2,20,2026-04-23,25,1.111,0.489,65.158
LOT123,W03,1,10,599,1,10,2026-04-23,25,1.207,0.514,33.962
LOT123,W03,2,10,600,1,10,2026-04-23,25,1.057,0.504,73.802
LOT123,W03,3,10,601,1,10,2026-04-23,25,1.091,0.485,67.082
LOT123,W03,4,10,602,4,45,2026-04-23,25,0.953,0.484,59.205
LOT123,W03,5,10,603,3,40,2026-04-23,25,1.120,0.528,58.131
LOT123,W03,6,10,604,1,10,2026-04-23,25,0.999,0.501,33.281
LOT123,W03,7,10,605,1,10,2026-04-23,25,1.001,0.501,43.485
LOT123,W03,8,10,606,1,10,2026-04-23,25,1.237,0.432,54.299
LOT123,W03,9,10,607,2,20,2026-04-23,25,0.978,0.504,36.418
LOT123,W03,10,10,608,1,10,2026-04-23,25,1.097,0.509,60.158
LOT123,W03,-9,11,609,2,20,2026-04-23,25,1.020,0.482,63.799
LOT123,W03,-8,11,610,1,10,2026-04-23,25,1.070,0.487,84.551
LOT123,W03,-7,11,611,2,20,2026-04-23,25,1.074,0.454,52.781
LOT123,W03,-6,11,612,1,10,2026-04-23,25,1.042,0.501,43.409
LOT123,W03,-5,11,613,3,40,2026-04-23,25,0.939,0.485,76.833
LOT123,W03,-4,11,614,1,10,2026-04-23,25,1.225,0.479,63.135
LOT123,W03,-3,11,615,1,10,2026-04-23,25,0.938,0.526,56.235
LOT123,W03,-2,11,616,2,20,2026-04-23,25,1.062,0.507,40.153
LOT123,W03,-1,11,617,1,10,2026-04-23,25,1.102,0.500,74.327
LOT123,W03,0,11,618,1,10,2026-04-23,25,1.064,0.495,58.835
LOT123,W03,1,11,619,4,45,2026-04-23,25,1.119,0.477,62.695
LOT123,W03,2,11,620,1,10,2026-04-23,25,1.012,0.519,57.344
LOT123,W03,3,11,621,1,10,2026-04-23,25,1.080,0.459,59.933
LOT123,W03,4,11,622,1,10,2026-04-23,25,1.008,0.511,63.497
LOT123,W03,5,11,623,1,10,2026-04-23,25,1.025,0.493,58.934
LOT123,W03,6,11,624,1,10,2026-04-23,25,0.918,0.467,71.100
LOT123,W03,7,11,625,1,10,2026-04-23,25,1.163,0.489,60.350
LOT123,W03,8,11,626,1,10,2026-04-23,25,1.139,0.519,52.487
LOT123,W03,9,11,627,3,40,2026-04-23,25,1.086,0.465,53.983
LOT123,W03,-8,12,628,2,20,2026-04-23,25,1.005,0.520,45.878
LOT123,W03,-7,12,629,1,10,2026-04-23,25,1.019,0.520,54.723
LOT123,W03,-6,12,630,1,10,2026-04-23,25,1.270,0.455,41.178
LOT123,W03,-5,12,631,3,40,2026-04-23,25,0.983,0.495,36.685
LOT123,W03,-4,12,632,1,10,2026-04-23,25,1.013,0.496,52.435
LOT123,W03,-3,12,633,4,45,2026-04-23,25,1.253,0.505,50.385
LOT123,W03,-2,12,634,1,10,2026-04-23,25,0.870,0.492,36.466
LOT123,W03,-1,12,635,1,10,2026-04-23,25,1.148,0.503,61.115
LOT123,W03,0,12,636,1,10,2026-04-23,25,1.173,0.474,65.251
LOT123,W03,1,12,637,1,10,2026-04-23,25,1.034,0.472,69.017
LOT123,W03,2,12,638,1,10,2026-04-23,25,0.993,0.482,61.468
LOT123,W03,3,12,639,1,10,2026-04-23,25,0.841,0.478,44.307
LOT123,W03,4,12,640,3,40,2026-04-23,25,1.107,0.478,50.206
LOT123,W03,5,12,641,1,10,2026-04-23,25,1.132,0.511,46.064
LOT123,W03,6,12,642,1,10,2026-04-23,25,1.061,0.440,49.507
LOT123,W03,7,12,643,1,10,2026-04-23,25,1.203,0.478,47.116
LOT123,W03,8,12,644,1,10,2026-04-23,25,1.129,0.493,37.073
LOT123,W03,-6,13,645,1,10,2026-04-23,25,1.053,0.507,56.580
LOT123,W03,-5,13,646,1,10,2026-04-23,25,1.182,0.502,36.746
LOT123,W03,-4,13,647,1,10,2026-04-23,25,1.031,0.483,32.831
LOT123,W03,-3,13,648,1,10,2026-04-23,25,1.148,0.487,66.406
LOT123,W03,-2,13,649,1,10,2026-04-23,25,1.086,0.492,47.371
LOT123,W03,-1,13,650,1,10,2026-04-23,25,1.083,0.477,46.593
LOT123,W03,0,13,651,2,20,2026-04-23,25,1.155,0.501,59.675
LOT123,W03,1,13,652,1,10,2026-04-23,25,0.963,0.502,45.874
LOT123,W03,2,13,653,1,10,2026-04-23,25,1.062,0.480,45.560
LOT123,W03,3,13,654,1,10,2026-04-23,25,0.847,0.484,43.231
LOT123,W03,4,13,655,1,10,2026-04-23,25,0.886,0.512,44.387
LOT123,W03,5,13,656,2,20,2026-04-23,25,1.038,0.487,35.123
LOT123,W03,6,13,657,1,10,2026-04-23,25,1.050,0.489,40.628
LOT123,W03,-3,14,658,1,10,2026-04-23,25,1.003,0.469,71.421
LOT123,W03,-2,14,659,4,45,2026-04-23,25,1.081,0.495,73.054
LOT123,W03,-1,14,660,1,10,2026-04-23,25,1.028,0.465,61.476
LOT123,W03,0,14,661,2,20,2026-04-23,25,0.943,0.503,71.476
LOT123,W03,1,14,662,1,10,2026-04-23,25,0.974,0.499,44.196
LOT123,W03,2,14,663,1,10,2026-04-23,25,1.143,0.516,63.373
LOT123,W03,3,14,664,1,10,2026-04-23,25,1.180,0.485,54.217
