lot_id,wafer_id,die_x,die_y,hard_bin,soft_bin,IDD_UA,VTH_V,BW_MHZ,CONTINUITY,VTH_FLAG
IMG-SENSOR-003,W01,0,-79,4,201,33.04,0.5590,325.0,P,P
IMG-SENSOR-003,W01,-2,-78,1,100,13.60,0.4104,508.6,P,P
IMG-SENSOR-003,W01,-1,-78,1,100,14.69,0.3852,489.4,P,P
IMG-SENSOR-003,W01,0,-78,1,100,14.27,0.4051,508.4,P,P
IMG-SENSOR-003,W01,1,-78,2,202,38.69,0.5270,304.0,P,P
IMG-SENSOR-003,W01,2,-78,1,100,10.16,0.3710,459.2,P,P
IMG-SENSOR-003,W01,-2,-77,1,100,9.36,0.4146,488.7,P,P
IMG-SENSOR-003,W01,-1,-77,1,100,11.57,0.3949,502.9,P,P
IMG-SENSOR-003,W01,0,-77,1,100,9.64,0.4017,468.0,P,P
IMG-SENSOR-003,W01,1,-77,2,301,54.86,0.5324,304.6,P,P
IMG-SENSOR-003,W01,2,-77,1,100,14.57,0.4270,461.3,P,P
IMG-SENSOR-003,W01,-3,-76,1,100,10.56,0.4084,453.8,P,P
IMG-SENSOR-003,W01,-2,-76,4,202,36.73,0.5460,291.3,F,P
IMG-SENSOR-003,W01,-1,-76,1,100,11.66,0.4198,482.8,P,P
IMG-SENSOR-003,W01,0,-76,1,100,10.48,0.4112,497.5,P,P
IMG-SENSOR-003,W01,1,-76,1,100,14.54,0.4058,508.8,P,P
IMG-SENSOR-003,W01,2,-76,2,301,39.02,0.5417,334.3,F,P
IMG-SENSOR-003,W01,3,-76,2,201,39.48,0.5568,245.7,F,P
IMG-SENSOR-003,W01,-3,-75,1,100,16.44,0.4253,484.5,P,P
IMG-SENSOR-003,W01,-2,-75,1,100,10.69,0.4174,440.1,P,P
IMG-SENSOR-003,W01,-1,-75,1,100,12.00,0.3721,485.9,P,P
IMG-SENSOR-003,W01,0,-75,1,100,10.65,0.4171,517.2,P,P
IMG-SENSOR-003,W01,1,-75,1,100,12.18,0.4160,467.8,P,P
IMG-SENSOR-003,W01,2,-75,1,100,13.74,0.3984,476.7,P,P
IMG-SENSOR-003,W01,3,-75,1,100,13.53,0.4031,460.2,P,P
IMG-SENSOR-003,W01,-4,-74,2,201,42.08,0.5548,393.6,P,P
IMG-SENSOR-003,W01,-3,-74,2,202,38.60,0.5628,325.8,F,P
IMG-SENSOR-003,W01,-2,-74,1,100,12.36,0.3990,465.1,P,P
IMG-SENSOR-003,W01,-1,-74,1,100,11.99,0.4369,477.8,P,P
IMG-SENSOR-003,W01,0,-74,1,100,10.37,0.4071,469.3,P,P
IMG-SENSOR-003,W01,1,-74,1,100,14.42,0.3921,500.2,P,P
IMG-SENSOR-003,W01,2,-74,1,100,11.76,0.4279,474.2,P,P
IMG-SENSOR-003,W01,3,-74,1,100,11.79,0.4288,505.6,P,P
IMG-SENSOR-003,W01,4,-74,2,202,41.55,0.5513,362.4,F,P
IMG-SENSOR-003,W01,-4,-73,1,100,12.34,0.3979,471.2,P,P
IMG-SENSOR-003,W01,-3,-73,1,100,12.99,0.3867,478.5,P,P
IMG-SENSOR-003,W01,-2,-73,1,100,12.44,0.3982,484.0,P,P
IMG-SENSOR-003,W01,-1,-73,1,100,12.60,0.4017,489.5,P,P
IMG-SENSOR-003,W01,0,-73,3,202,39.08,0.5475,318.5,F,P
IMG-SENSOR-003,W01,1,-73,1,100,15.04,0.4012,493.2,P,P
IMG-SENSOR-003,W01,2,-73,1,100,13.32,0.4058,470.1,P,P
IMG-SENSOR-003,W01,3,-73,1,100,10.97,0.4030,474.7,P,P
IMG-SENSOR-003,W01,4,-73,3,302,66.35,0.5419,359.7,P,P
IMG-SENSOR-003,W01,-4,-72,1,100,11.93,0.3840,451.2,P,P
IMG-SENSOR-003,W01,-3,-72,1,100,12.28,0.3974,454.2,P,P
IMG-SENSOR-003,W01,-2,-72,1,100,13.14,0.3909,486.5,P,P
IMG-SENSOR-003,W01,-1,-72,1,100,11.72,0.4152,456.9,P,P
IMG-SENSOR-003,W01,0,-72,1,100,14.51,0.4165,486.3,P,P
IMG-SENSOR-003,W01,1,-72,1,100,13.18,0.4087,503.4,P,P
IMG-SENSOR-003,W01,2,-72,1,100,14.39,0.4082,489.1,P,P
IMG-SENSOR-003,W01,3,-72,1,100,11.25,0.4143,452.9,P,P
IMG-SENSOR-003,W01,4,-72,1,100,10.74,0.4190,490.1,P,P
IMG-SENSOR-003,W01,-5,-71,3,401,59.10,0.5156,293.5,F,P
IMG-SENSOR-003,W01,-4,-71,1,100,13.87,0.4019,445.2,P,P
IMG-SENSOR-003,W01,-3,-71,1,100,10.66,0.4050,504.4,P,P
IMG-SENSOR-003,W01,-2,-71,1,100,13.30,0.3946,442.8,P,P
IMG-SENSOR-003,W01,-1,-71,1,100,12.94,0.4109,487.7,P,P
IMG-SENSOR-003,W01,0,-71,1,100,9.70,0.3803,487.3,P,P
IMG-SENSOR-003,W01,1,-71,1,100,10.97,0.4264,481.8,P,P
IMG-SENSOR-003,W01,2,-71,1,100,12.89,0.4096,468.9,P,P
IMG-SENSOR-003,W01,3,-71,1,100,15.77,0.3968,524.8,P,P
IMG-SENSOR-003,W01,4,-71,1,100,12.90,0.4241,503.7,P,P
IMG-SENSOR-003,W01,5,-71,2,401,52.44,0.5771,275.0,F,P
IMG-SENSOR-003,W01,-5,-70,1,100,11.46,0.4122,495.7,P,P
IMG-SENSOR-003,W01,-4,-70,1,100,13.94,0.3836,502.1,P,P
IMG-SENSOR-003,W01,-3,-70,1,100,11.64,0.4072,445.9,P,P
IMG-SENSOR-003,W01,-2,-70,1,100,11.88,0.3835,478.9,P,P
IMG-SENSOR-003,W01,-1,-70,1,100,12.41,0.4412,483.9,P,P
IMG-SENSOR-003,W01,0,-70,1,100,13.11,0.4137,472.7,P,P
IMG-SENSOR-003,W01,1,-70,1,100,15.39,0.4038,464.2,P,P
IMG-SENSOR-003,W01,2,-70,1,100,10.56,0.4039,473.8,P,P
IMG-SENSOR-003,W01,3,-70,1,100,9.71,0.4357,487.2,P,P
IMG-SENSOR-003,W01,4,-70,1,100,12.85,0.4385,477.4,P,P
IMG-SENSOR-003,W01,5,-70,4,201,43.30,0.5549,300.0,F,P
IMG-SENSOR-003,W01,-5,-69,1,100,13.36,0.4055,483.5,P,P
IMG-SENSOR-003,W01,-4,-69,1,100,12.37,0.3881,475.2,P,P
IMG-SENSOR-003,W01,-3,-69,2,301,52.31,0.5411,300.3,P,P
IMG-SENSOR-003,W01,-2,-69,1,100,8.13,0.3919,484.4,P,P
IMG-SENSOR-003,W01,-1,-69,1,100,14.08,0.4240,478.0,P,P
IMG-SENSOR-003,W01,0,-69,1,100,11.76,0.3788,470.3,P,P
IMG-SENSOR-003,W01,1,-69,1,100,12.59,0.4335,491.2,P,P
IMG-SENSOR-003,W01,2,-69,1,100,15.49,0.4248,525.9,P,P
IMG-SENSOR-003,W01,3,-69,1,100,13.05,0.4007,472.8,P,P
IMG-SENSOR-003,W01,4,-69,1,100,13.76,0.4063,487.0,P,P
IMG-SENSOR-003,W01,5,-69,1,100,12.59,0.3970,495.5,P,P
IMG-SENSOR-003,W01,-6,-68,2,202,37.30,0.5618,281.7,P,P
IMG-SENSOR-003,W01,-5,-68,1,100,12.51,0.3946,470.8,P,P
IMG-SENSOR-003,W01,-4,-68,1,100,13.62,0.4055,467.8,P,P
IMG-SENSOR-003,W01,-3,-68,1,100,9.39,0.3748,503.5,P,P
IMG-SENSOR-003,W01,-2,-68,1,100,10.77,0.3863,452.1,P,P
IMG-SENSOR-003,W01,-1,-68,2,302,54.56,0.5265,302.5,P,P
IMG-SENSOR-003,W01,0,-68,1,100,14.66,0.4260,489.4,P,P
IMG-SENSOR-003,W01,1,-68,1,100,12.42,0.4257,461.9,P,P
IMG-SENSOR-003,W01,2,-68,1,100,13.28,0.4121,463.3,P,P
IMG-SENSOR-003,W01,3,-68,1,100,12.50,0.4035,463.6,P,P
IMG-SENSOR-003,W01,4,-68,1,100,11.29,0.4100,480.4,P,P
IMG-SENSOR-003,W01,5,-68,1,100,14.51,0.4269,476.1,P,P
IMG-SENSOR-003,W01,6,-68,1,100,12.93,0.4146,464.7,P,P
IMG-SENSOR-003,W01,-6,-67,1,100,14.71,0.4041,466.6,P,P
IMG-SENSOR-003,W01,-5,-67,1,100,10.17,0.4181,471.5,P,P
IMG-SENSOR-003,W01,-4,-67,1,100,8.45,0.4133,477.8,P,P
IMG-SENSOR-003,W01,-3,-67,4,202,38.03,0.5581,262.1,F,P
IMG-SENSOR-003,W01,-2,-67,1,100,12.39,0.4052,470.5,P,P
IMG-SENSOR-003,W01,-1,-67,1,100,12.62,0.4287,499.0,P,P
IMG-SENSOR-003,W01,0,-67,1,100,10.98,0.3992,488.2,P,P
IMG-SENSOR-003,W01,1,-67,1,100,9.57,0.4249,453.4,P,P
IMG-SENSOR-003,W01,2,-67,1,100,12.23,0.4252,499.9,P,P
IMG-SENSOR-003,W01,3,-67,1,100,11.68,0.4262,485.9,P,P
IMG-SENSOR-003,W01,4,-67,1,100,11.68,0.4279,475.3,P,P
IMG-SENSOR-003,W01,5,-67,1,100,9.32,0.4244,458.9,P,P
IMG-SENSOR-003,W01,6,-67,2,302,42.88,0.5693,304.2,P,P
IMG-SENSOR-003,W01,-6,-66,1,100,11.93,0.4077,498.2,P,P
IMG-SENSOR-003,W01,-5,-66,1,100,11.10,0.3898,507.0,P,P
IMG-SENSOR-003,W01,-4,-66,2,202,48.35,0.5279,280.5,F,P
IMG-SENSOR-003,W01,-3,-66,1,100,12.39,0.4302,485.6,P,P
IMG-SENSOR-003,W01,-2,-66,1,100,11.37,0.4016,451.1,P,P
IMG-SENSOR-003,W01,-1,-66,1,100,10.54,0.4175,456.8,P,P
IMG-SENSOR-003,W01,0,-66,1,100,13.08,0.4130,499.8,P,P
IMG-SENSOR-003,W01,1,-66,1,100,12.15,0.4265,469.2,P,P
IMG-SENSOR-003,W01,2,-66,1,100,11.82,0.4324,483.8,P,P
IMG-SENSOR-003,W01,3,-66,1,100,12.88,0.3894,460.9,P,P
IMG-SENSOR-003,W01,4,-66,1,100,13.64,0.4380,478.2,P,P
IMG-SENSOR-003,W01,5,-66,1,100,12.09,0.4109,485.7,P,P
IMG-SENSOR-003,W01,6,-66,4,201,43.67,0.5660,320.4,P,P
IMG-SENSOR-003,W01,-6,-65,1,100,9.46,0.4060,458.7,P,P
IMG-SENSOR-003,W01,-5,-65,1,100,12.94,0.4084,473.9,P,P
IMG-SENSOR-003,W01,-4,-65,1,100,15.14,0.4102,508.5,P,P
IMG-SENSOR-003,W01,-3,-65,1,100,13.93,0.4159,491.3,P,P
IMG-SENSOR-003,W01,-2,-65,1,100,10.49,0.4219,487.0,P,P
IMG-SENSOR-003,W01,-1,-65,1,100,10.52,0.4179,494.4,P,P
IMG-SENSOR-003,W01,0,-65,1,100,13.80,0.4314,482.7,P,P
IMG-SENSOR-003,W01,1,-65,1,100,12.97,0.4324,520.4,P,P
IMG-SENSOR-003,W01,2,-65,1,100,8.84,0.4527,495.7,P,P
IMG-SENSOR-003,W01,3,-65,1,100,13.89,0.4136,479.0,P,P
IMG-SENSOR-003,W01,4,-65,1,100,13.22,0.4302,488.2,P,P
IMG-SENSOR-003,W01,5,-65,1,100,12.41,0.4234,495.2,P,P
IMG-SENSOR-003,W01,6,-65,1,100,12.27,0.4168,487.9,P,P
IMG-SENSOR-003,W01,-6,-64,1,100,13.46,0.4197,502.3,P,P
IMG-SENSOR-003,W01,-5,-64,1,100,12.54,0.4003,500.1,P,P
IMG-SENSOR-003,W01,-4,-64,1,100,15.68,0.3861,473.5,P,P
IMG-SENSOR-003,W01,-3,-64,1,100,13.42,0.4137,521.1,P,P
IMG-SENSOR-003,W01,-2,-64,1,100,12.99,0.4107,436.3,P,P
IMG-SENSOR-003,W01,-1,-64,1,100,11.27,0.4101,479.2,P,P
IMG-SENSOR-003,W01,0,-64,1,100,12.59,0.4102,504.8,P,P
IMG-SENSOR-003,W01,1,-64,1,100,15.00,0.4237,494.0,P,P
IMG-SENSOR-003,W01,2,-64,1,100,12.14,0.4091,454.7,P,P
IMG-SENSOR-003,W01,3,-64,1,100,11.78,0.4144,481.8,P,P
IMG-SENSOR-003,W01,4,-64,1,100,12.30,0.4193,483.9,P,P
IMG-SENSOR-003,W01,5,-64,1,100,10.36,0.4629,448.2,P,P
IMG-SENSOR-003,W01,6,-64,1,100,14.47,0.4337,487.1,P,P
IMG-SENSOR-003,W01,-7,-63,2,302,40.86,0.5529,264.5,P,P
IMG-SENSOR-003,W01,-6,-63,1,100,10.29,0.4091,465.3,P,P
IMG-SENSOR-003,W01,-5,-63,1,100,11.32,0.3783,495.0,P,P
IMG-SENSOR-003,W01,-4,-63,1,100,11.27,0.4070,478.2,P,P
IMG-SENSOR-003,W01,-3,-63,1,100,11.23,0.4160,485.3,P,P
IMG-SENSOR-003,W01,-2,-63,1,100,10.06,0.4042,480.5,P,P
IMG-SENSOR-003,W01,-1,-63,1,100,13.91,0.4116,476.0,P,P
IMG-SENSOR-003,W01,0,-63,1,100,9.76,0.3886,504.5,P,P
IMG-SENSOR-003,W01,1,-63,1,100,11.27,0.4279,483.5,P,P
IMG-SENSOR-003,W01,2,-63,1,100,11.67,0.3983,489.9,P,P
IMG-SENSOR-003,W01,3,-63,1,100,9.93,0.4202,485.8,P,P
IMG-SENSOR-003,W01,4,-63,1,100,10.05,0.4134,473.4,P,P
IMG-SENSOR-003,W01,5,-63,1,100,10.96,0.4172,466.2,P,P
IMG-SENSOR-003,W01,6,-63,1,100,12.04,0.4327,475.5,P,P
IMG-SENSOR-003,W01,7,-63,1,100,14.09,0.4564,461.7,P,P
IMG-SENSOR-003,W01,-7,-62,3,201,54.51,0.5582,346.5,P,P
IMG-SENSOR-003,W01,-6,-62,1,100,13.06,0.4142,490.0,P,P
IMG-SENSOR-003,W01,-5,-62,1,100,12.11,0.4124,467.8,P,P
IMG-SENSOR-003,W01,-4,-62,1,100,12.92,0.4229,478.1,P,P
IMG-SENSOR-003,W01,-3,-62,1,100,14.70,0.4392,461.4,P,P
IMG-SENSOR-003,W01,-2,-62,1,100,14.15,0.4064,471.6,P,P
IMG-SENSOR-003,W01,-1,-62,1,100,10.04,0.4401,450.3,P,P
IMG-SENSOR-003,W01,0,-62,1,100,15.91,0.4122,488.9,P,P
IMG-SENSOR-003,W01,1,-62,1,100,12.60,0.4424,502.3,P,P
IMG-SENSOR-003,W01,2,-62,1,100,12.21,0.3986,508.4,P,P
IMG-SENSOR-003,W01,3,-62,1,100,12.63,0.4303,472.2,P,P
IMG-SENSOR-003,W01,4,-62,1,100,13.59,0.4065,485.0,P,P
IMG-SENSOR-003,W01,5,-62,1,100,14.12,0.4446,477.4,P,P
IMG-SENSOR-003,W01,6,-62,2,201,42.67,0.5559,322.8,P,P
IMG-SENSOR-003,W01,7,-62,1,100,12.81,0.4356,467.0,P,P
IMG-SENSOR-003,W01,-7,-61,2,301,56.07,0.5307,345.5,F,P
IMG-SENSOR-003,W01,-6,-61,1,100,10.15,0.3849,499.0,P,P
IMG-SENSOR-003,W01,-5,-61,1,100,17.17,0.4309,474.0,P,P
IMG-SENSOR-003,W01,-4,-61,1,100,12.21,0.4248,498.0,P,P
IMG-SENSOR-003,W01,-3,-61,1,100,12.35,0.4073,474.9,P,P
IMG-SENSOR-003,W01,-2,-61,1,100,11.55,0.4145,457.9,P,P
IMG-SENSOR-003,W01,-1,-61,1,100,11.83,0.4263,494.3,P,P
IMG-SENSOR-003,W01,0,-61,1,100,13.16,0.4119,485.2,P,P
IMG-SENSOR-003,W01,1,-61,1,100,9.44,0.4195,480.1,P,P
IMG-SENSOR-003,W01,2,-61,1,100,14.12,0.4474,496.4,P,P
IMG-SENSOR-003,W01,3,-61,1,100,14.03,0.4307,490.0,P,P
IMG-SENSOR-003,W01,4,-61,1,100,14.16,0.4188,487.9,P,P
IMG-SENSOR-003,W01,5,-61,1,100,9.38,0.4408,465.4,P,P
IMG-SENSOR-003,W01,6,-61,1,100,12.19,0.4452,515.4,P,P
IMG-SENSOR-003,W01,7,-61,4,202,46.79,0.5893,327.1,F,P
IMG-SENSOR-003,W01,-7,-60,1,100,12.27,0.3994,459.3,P,P
IMG-SENSOR-003,W01,-6,-60,1,100,9.28,0.4000,487.6,P,P
IMG-SENSOR-003,W01,-5,-60,1,100,17.96,0.4306,506.3,P,P
IMG-SENSOR-003,W01,-4,-60,1,100,12.28,0.4065,468.0,P,P
IMG-SENSOR-003,W01,-3,-60,1,100,13.03,0.4138,487.8,P,P
IMG-SENSOR-003,W01,-2,-60,1,100,13.97,0.4314,486.1,P,P
IMG-SENSOR-003,W01,-1,-60,1,100,11.39,0.4396,509.5,P,P
IMG-SENSOR-003,W01,0,-60,1,100,11.27,0.4555,476.1,P,P
IMG-SENSOR-003,W01,1,-60,1,100,13.19,0.4266,481.0,P,P
IMG-SENSOR-003,W01,2,-60,1,100,12.76,0.4114,503.4,P,P
IMG-SENSOR-003,W01,3,-60,1,100,13.13,0.4064,471.4,P,P
IMG-SENSOR-003,W01,4,-60,1,100,11.02,0.4314,461.4,P,P
IMG-SENSOR-003,W01,5,-60,1,100,13.04,0.4189,467.8,P,P
IMG-SENSOR-003,W01,6,-60,1,100,16.66,0.4046,463.5,P,P
IMG-SENSOR-003,W01,7,-60,1,100,16.18,0.4444,494.1,P,P
IMG-SENSOR-003,W01,-7,-59,1,100,12.30,0.4145,494.8,P,P
IMG-SENSOR-003,W01,-6,-59,1,100,11.56,0.3986,501.2,P,P
IMG-SENSOR-003,W01,-5,-59,1,100,11.84,0.4239,480.8,P,P
IMG-SENSOR-003,W01,-4,-59,1,100,8.75,0.4040,486.1,P,P
IMG-SENSOR-003,W01,-3,-59,1,100,12.34,0.4409,496.7,P,P
IMG-SENSOR-003,W01,-2,-59,1,100,12.10,0.4214,464.1,P,P
IMG-SENSOR-003,W01,-1,-59,1,100,10.87,0.3894,485.2,P,P
IMG-SENSOR-003,W01,0,-59,1,100,9.30,0.4195,460.7,P,P
IMG-SENSOR-003,W01,1,-59,1,100,9.98,0.4070,484.0,P,P
IMG-SENSOR-003,W01,2,-59,1,100,9.96,0.4355,467.6,P,P
IMG-SENSOR-003,W01,3,-59,1,100,15.55,0.4234,470.5,P,P
IMG-SENSOR-003,W01,4,-59,1,100,13.79,0.4364,479.0,P,P
IMG-SENSOR-003,W01,5,-59,1,100,12.98,0.4178,468.5,P,P
IMG-SENSOR-003,W01,6,-59,1,100,14.12,0.4554,475.6,P,P
IMG-SENSOR-003,W01,7,-59,1,100,12.18,0.4153,450.1,P,P
IMG-SENSOR-003,W01,-8,-58,1,100,13.27,0.4107,484.1,P,P
IMG-SENSOR-003,W01,-7,-58,1,100,12.84,0.4166,499.5,P,P
IMG-SENSOR-003,W01,-6,-58,1,100,11.06,0.3787,457.9,P,P
IMG-SENSOR-003,W01,-5,-58,1,100,13.69,0.4371,480.4,P,P
IMG-SENSOR-003,W01,-4,-58,1,100,12.03,0.4190,482.9,P,P
IMG-SENSOR-003,W01,-3,-58,1,100,13.41,0.4005,493.2,P,P
IMG-SENSOR-003,W01,-2,-58,1,100,12.70,0.4154,480.2,P,P
IMG-SENSOR-003,W01,-1,-58,1,100,14.03,0.4014,437.5,P,P
IMG-SENSOR-003,W01,0,-58,1,100,13.14,0.4265,440.6,P,P
IMG-SENSOR-003,W01,1,-58,1,100,10.19,0.4462,446.2,P,P
IMG-SENSOR-003,W01,2,-58,1,100,12.20,0.4257,456.0,P,P
IMG-SENSOR-003,W01,3,-58,1,100,12.95,0.4497,460.2,P,P
IMG-SENSOR-003,W01,4,-58,1,100,13.49,0.4204,459.2,P,P
IMG-SENSOR-003,W01,5,-58,1,100,13.74,0.4518,464.3,P,P
IMG-SENSOR-003,W01,6,-58,1,100,15.59,0.4419,486.6,P,P
IMG-SENSOR-003,W01,7,-58,1,100,13.68,0.4432,490.8,P,P
IMG-SENSOR-003,W01,8,-58,2,202,38.47,0.5682,319.8,F,P
IMG-SENSOR-003,W01,-8,-57,4,202,41.43,0.5356,313.7,F,P
IMG-SENSOR-003,W01,-7,-57,1,100,10.34,0.4113,483.2,P,P
IMG-SENSOR-003,W01,-6,-57,1,100,16.23,0.3980,503.8,P,P
IMG-SENSOR-003,W01,-5,-57,1,100,11.04,0.4185,480.6,P,P
IMG-SENSOR-003,W01,-4,-57,1,100,12.37,0.3994,481.0,P,P
IMG-SENSOR-003,W01,-3,-57,1,100,12.38,0.4304,444.0,P,P
IMG-SENSOR-003,W01,-2,-57,1,100,11.19,0.4075,465.4,P,P
IMG-SENSOR-003,W01,-1,-57,1,100,11.19,0.4159,465.8,P,P
IMG-SENSOR-003,W01,0,-57,1,100,13.18,0.4413,485.8,P,P
IMG-SENSOR-003,W01,1,-57,1,100,12.67,0.4285,462.3,P,P
IMG-SENSOR-003,W01,2,-57,1,100,8.05,0.4354,495.7,P,P
IMG-SENSOR-003,W01,3,-57,1,100,13.85,0.4080,493.1,P,P
IMG-SENSOR-003,W01,4,-57,1,100,13.49,0.4225,485.2,P,P
IMG-SENSOR-003,W01,5,-57,1,100,17.02,0.4329,495.6,P,P
IMG-SENSOR-003,W01,6,-57,1,100,12.87,0.4051,477.9,P,P
IMG-SENSOR-003,W01,7,-57,1,100,15.16,0.4712,460.9,P,P
IMG-SENSOR-003,W01,8,-57,3,202,39.16,0.5633,276.5,F,P
IMG-SENSOR-003,W01,-8,-56,1,100,13.35,0.3865,478.6,P,P
IMG-SENSOR-003,W01,-7,-56,1,100,12.43,0.4222,470.6,P,P
IMG-SENSOR-003,W01,-6,-56,1,100,12.72,0.4236,475.3,P,P
IMG-SENSOR-003,W01,-5,-56,1,100,13.31,0.4040,473.1,P,P
IMG-SENSOR-003,W01,-4,-56,1,100,14.06,0.4027,468.7,P,P
IMG-SENSOR-003,W01,-3,-56,1,100,12.43,0.4068,463.4,P,P
IMG-SENSOR-003,W01,-2,-56,1,100,13.08,0.4232,494.7,P,P
IMG-SENSOR-003,W01,-1,-56,1,100,10.31,0.4174,494.6,P,P
IMG-SENSOR-003,W01,0,-56,1,100,11.32,0.4298,473.8,P,P
IMG-SENSOR-003,W01,1,-56,1,100,12.03,0.4383,490.6,P,P
IMG-SENSOR-003,W01,2,-56,1,100,13.09,0.4309,475.7,P,P
IMG-SENSOR-003,W01,3,-56,1,100,15.41,0.4320,489.1,P,P
IMG-SENSOR-003,W01,4,-56,1,100,12.22,0.4205,491.0,P,P
IMG-SENSOR-003,W01,5,-56,1,100,12.13,0.4172,465.0,P,P
IMG-SENSOR-003,W01,6,-56,1,100,10.62,0.4314,528.7,P,P
IMG-SENSOR-003,W01,7,-56,1,100,15.87,0.4154,483.1,P,P
IMG-SENSOR-003,W01,8,-56,1,100,12.71,0.4552,497.3,P,P
IMG-SENSOR-003,W01,-8,-55,1,100,13.52,0.4183,494.3,P,P
IMG-SENSOR-003,W01,-7,-55,1,100,15.67,0.4189,498.4,P,P
IMG-SENSOR-003,W01,-6,-55,1,100,14.69,0.4003,450.3,P,P
IMG-SENSOR-003,W01,-5,-55,1,100,14.00,0.4221,492.3,P,P
IMG-SENSOR-003,W01,-4,-55,1,100,9.41,0.4438,505.1,P,P
IMG-SENSOR-003,W01,-3,-55,1,100,15.81,0.4090,483.3,P,P
IMG-SENSOR-003,W01,-2,-55,1,100,13.23,0.3990,475.1,P,P
IMG-SENSOR-003,W01,-1,-55,1,100,9.98,0.4185,492.1,P,P
IMG-SENSOR-003,W01,0,-55,1,100,14.96,0.4255,483.9,P,P
IMG-SENSOR-003,W01,1,-55,1,100,13.97,0.4338,492.6,P,P
IMG-SENSOR-003,W01,2,-55,1,100,12.16,0.4092,481.4,P,P
IMG-SENSOR-003,W01,3,-55,1,100,12.40,0.4431,492.7,P,P
IMG-SENSOR-003,W01,4,-55,1,100,10.15,0.4329,460.8,P,P
IMG-SENSOR-003,W01,5,-55,1,100,9.88,0.4531,510.8,P,P
IMG-SENSOR-003,W01,6,-55,3,201,44.68,0.5724,292.0,F,P
IMG-SENSOR-003,W01,7,-55,1,100,12.36,0.4411,484.7,P,P
IMG-SENSOR-003,W01,8,-55,1,100,12.31,0.4488,461.5,P,P
IMG-SENSOR-003,W01,-8,-54,1,100,13.12,0.4128,475.0,P,P
IMG-SENSOR-003,W01,-7,-54,1,100,14.08,0.3903,499.3,P,P
IMG-SENSOR-003,W01,-6,-54,1,100,16.08,0.3958,476.1,P,P
IMG-SENSOR-003,W01,-5,-54,1,100,11.75,0.4192,459.5,P,P
IMG-SENSOR-003,W01,-4,-54,1,100,12.59,0.4133,464.0,P,P
IMG-SENSOR-003,W01,-3,-54,1,100,12.13,0.4099,471.8,P,P
IMG-SENSOR-003,W01,-2,-54,1,100,12.47,0.4325,473.5,P,P
IMG-SENSOR-003,W01,-1,-54,1,100,14.01,0.4088,483.8,P,P
IMG-SENSOR-003,W01,0,-54,1,100,11.33,0.4192,484.6,P,P
IMG-SENSOR-003,W01,1,-54,1,100,13.87,0.4235,494.1,P,P
IMG-SENSOR-003,W01,2,-54,1,100,12.23,0.4482,467.3,P,P
IMG-SENSOR-003,W01,3,-54,1,100,9.83,0.4187,501.0,P,P
IMG-SENSOR-003,W01,4,-54,1,100,11.36,0.4378,479.1,P,P
IMG-SENSOR-003,W01,5,-54,1,100,11.90,0.4302,474.6,P,P
IMG-SENSOR-003,W01,6,-54,1,100,11.96,0.4262,494.9,P,P
IMG-SENSOR-003,W01,7,-54,1,100,12.21,0.4209,465.8,P,P
IMG-SENSOR-003,W01,8,-54,1,100,10.62,0.4551,490.9,P,P
IMG-SENSOR-003,W01,-8,-53,1,100,11.61,0.3894,480.9,P,P
IMG-SENSOR-003,W01,-7,-53,1,100,14.24,0.4177,463.2,P,P
IMG-SENSOR-003,W01,-6,-53,1,100,12.50,0.4178,485.8,P,P
IMG-SENSOR-003,W01,-5,-53,1,100,13.22,0.4573,504.0,P,P
IMG-SENSOR-003,W01,-4,-53,1,100,11.17,0.4336,467.0,P,P
IMG-SENSOR-003,W01,-3,-53,1,100,11.76,0.4245,492.2,P,P
IMG-SENSOR-003,W01,-2,-53,1,100,10.96,0.4247,467.6,P,P
IMG-SENSOR-003,W01,-1,-53,1,100,13.34,0.4203,468.6,P,P
IMG-SENSOR-003,W01,0,-53,1,100,12.58,0.4172,476.4,P,P
IMG-SENSOR-003,W01,1,-53,1,100,9.76,0.4271,481.9,P,P
IMG-SENSOR-003,W01,2,-53,1,100,13.32,0.4171,461.6,P,P
IMG-SENSOR-003,W01,3,-53,1,100,11.00,0.4239,485.3,P,P
IMG-SENSOR-003,W01,4,-53,1,100,10.68,0.4380,441.6,P,P
IMG-SENSOR-003,W01,5,-53,1,100,13.64,0.4386,474.1,P,P
IMG-SENSOR-003,W01,6,-53,1,100,11.24,0.4573,491.8,P,P
IMG-SENSOR-003,W01,7,-53,1,100,9.62,0.4391,475.4,P,P
IMG-SENSOR-003,W01,8,-53,1,100,12.25,0.4439,459.0,P,P
IMG-SENSOR-003,W01,-8,-52,1,100,11.68,0.3941,457.8,P,P
IMG-SENSOR-003,W01,-7,-52,1,100,11.54,0.4078,462.7,P,P
IMG-SENSOR-003,W01,-6,-52,1,100,16.83,0.4175,518.9,P,P
IMG-SENSOR-003,W01,-5,-52,1,100,10.11,0.4225,482.8,P,P
IMG-SENSOR-003,W01,-4,-52,1,100,12.01,0.4271,486.0,P,P
IMG-SENSOR-003,W01,-3,-52,1,100,13.43,0.4264,487.5,P,P
IMG-SENSOR-003,W01,-2,-52,1,100,13.56,0.4129,492.8,P,P
IMG-SENSOR-003,W01,-1,-52,1,100,15.42,0.4016,490.1,P,P
IMG-SENSOR-003,W01,0,-52,1,100,11.23,0.3908,487.6,P,P
IMG-SENSOR-003,W01,1,-52,1,100,12.74,0.4148,463.6,P,P
IMG-SENSOR-003,W01,2,-52,1,100,14.45,0.4374,492.7,P,P
IMG-SENSOR-003,W01,3,-52,1,100,10.60,0.4531,493.8,P,P
IMG-SENSOR-003,W01,4,-52,1,100,11.49,0.4452,470.3,P,P
IMG-SENSOR-003,W01,5,-52,1,100,15.72,0.4694,498.5,P,P
IMG-SENSOR-003,W01,6,-52,1,100,12.52,0.4335,469.7,P,P
IMG-SENSOR-003,W01,7,-52,1,100,13.62,0.4378,495.1,P,P
IMG-SENSOR-003,W01,8,-52,1,100,17.82,0.4452,511.9,P,P
IMG-SENSOR-003,W01,-9,-51,2,302,45.32,0.5728,372.9,P,P
IMG-SENSOR-003,W01,-8,-51,1,100,8.87,0.4119,482.0,P,P
IMG-SENSOR-003,W01,-7,-51,1,100,15.86,0.4299,500.8,P,P
IMG-SENSOR-003,W01,-6,-51,1,100,9.78,0.3978,455.5,P,P
IMG-SENSOR-003,W01,-5,-51,1,100,11.01,0.4195,447.2,P,P
IMG-SENSOR-003,W01,-4,-51,1,100,15.26,0.4303,502.7,P,P
IMG-SENSOR-003,W01,-3,-51,1,100,11.76,0.3985,487.7,P,P
IMG-SENSOR-003,W01,-2,-51,1,100,12.06,0.4462,455.9,P,P
IMG-SENSOR-003,W01,-1,-51,1,100,10.99,0.3851,444.2,P,P
IMG-SENSOR-003,W01,0,-51,1,100,12.21,0.4168,479.0,P,P
IMG-SENSOR-003,W01,1,-51,1,100,12.75,0.4680,491.2,P,P
IMG-SENSOR-003,W01,2,-51,1,100,10.92,0.4696,503.5,P,P
IMG-SENSOR-003,W01,3,-51,1,100,16.92,0.4570,478.0,P,P
IMG-SENSOR-003,W01,4,-51,1,100,9.67,0.4182,486.8,P,P
IMG-SENSOR-003,W01,5,-51,1,100,10.42,0.4231,511.0,P,P
IMG-SENSOR-003,W01,6,-51,1,100,10.71,0.4417,453.5,P,P
IMG-SENSOR-003,W01,7,-51,3,401,47.76,0.5926,291.9,F,P
IMG-SENSOR-003,W01,8,-51,1,100,13.86,0.4647,491.7,P,P
IMG-SENSOR-003,W01,9,-51,1,100,12.30,0.4501,465.5,P,P
IMG-SENSOR-003,W01,-9,-50,4,401,36.57,0.5234,303.3,P,P
IMG-SENSOR-003,W01,-8,-50,1,100,12.76,0.4146,486.9,P,P
IMG-SENSOR-003,W01,-7,-50,1,100,12.35,0.4355,497.6,P,P
IMG-SENSOR-003,W01,-6,-50,1,100,11.89,0.4219,465.3,P,P
IMG-SENSOR-003,W01,-5,-50,1,100,12.48,0.4428,464.8,P,P
IMG-SENSOR-003,W01,-4,-50,2,302,34.61,0.5740,280.1,P,P
IMG-SENSOR-003,W01,-3,-50,1,100,16.14,0.4268,499.2,P,P
IMG-SENSOR-003,W01,-2,-50,4,302,48.37,0.5584,373.4,F,P
IMG-SENSOR-003,W01,-1,-50,1,100,12.34,0.4048,452.2,P,P
IMG-SENSOR-003,W01,0,-50,1,100,13.32,0.4172,476.7,P,P
IMG-SENSOR-003,W01,1,-50,1,100,10.51,0.4284,484.0,P,P
IMG-SENSOR-003,W01,2,-50,1,100,13.50,0.4479,493.0,P,P
IMG-SENSOR-003,W01,3,-50,1,100,10.89,0.4310,470.6,P,P
IMG-SENSOR-003,W01,4,-50,1,100,14.61,0.4321,520.1,P,P
IMG-SENSOR-003,W01,5,-50,1,100,11.12,0.4625,488.3,P,P
IMG-SENSOR-003,W01,6,-50,1,100,10.24,0.4268,475.5,P,P
IMG-SENSOR-003,W01,7,-50,1,100,13.51,0.4410,467.4,P,P
IMG-SENSOR-003,W01,8,-50,1,100,13.66,0.4612,467.9,P,P
IMG-SENSOR-003,W01,9,-50,1,100,10.99,0.4395,502.8,P,P
IMG-SENSOR-003,W01,-9,-49,4,201,38.33,0.5585,294.0,F,P
IMG-SENSOR-003,W01,-8,-49,1,100,10.80,0.3999,481.8,P,P
IMG-SENSOR-003,W01,-7,-49,1,100,15.36,0.4221,482.5,P,P
IMG-SENSOR-003,W01,-6,-49,1,100,14.67,0.4171,505.7,P,P
IMG-SENSOR-003,W01,-5,-49,1,100,13.58,0.4172,487.8,P,P
IMG-SENSOR-003,W01,-4,-49,1,100,13.37,0.4204,473.1,P,P
IMG-SENSOR-003,W01,-3,-49,1,100,12.16,0.4436,490.7,P,P
IMG-SENSOR-003,W01,-2,-49,1,100,13.99,0.4220,455.0,P,P
IMG-SENSOR-003,W01,-1,-49,1,100,10.61,0.4218,438.4,P,P
IMG-SENSOR-003,W01,0,-49,1,100,13.63,0.4198,485.0,P,P
IMG-SENSOR-003,W01,1,-49,1,100,12.69,0.4226,480.2,P,P
IMG-SENSOR-003,W01,2,-49,2,301,46.45,0.5779,308.0,P,P
IMG-SENSOR-003,W01,3,-49,1,100,10.01,0.4420,472.8,P,P
IMG-SENSOR-003,W01,4,-49,1,100,12.34,0.4353,493.8,P,P
IMG-SENSOR-003,W01,5,-49,1,100,12.30,0.4296,469.3,P,P
IMG-SENSOR-003,W01,6,-49,2,202,20.67,0.5759,284.1,P,P
IMG-SENSOR-003,W01,7,-49,1,100,12.12,0.4267,485.2,P,P
IMG-SENSOR-003,W01,8,-49,1,100,15.05,0.4331,460.0,P,P
IMG-SENSOR-003,W01,9,-49,1,100,10.42,0.4127,500.8,P,P
IMG-SENSOR-003,W01,-9,-48,1,100,10.68,0.3979,466.2,P,P
IMG-SENSOR-003,W01,-8,-48,3,202,39.44,0.5406,344.7,P,P
IMG-SENSOR-003,W01,-7,-48,1,100,13.80,0.4123,470.7,P,P
IMG-SENSOR-003,W01,-6,-48,1,100,11.58,0.4353,502.6,P,P
IMG-SENSOR-003,W01,-5,-48,1,100,13.27,0.4204,467.3,P,P
IMG-SENSOR-003,W01,-4,-48,1,100,11.71,0.4032,506.8,P,P
IMG-SENSOR-003,W01,-3,-48,1,100,13.72,0.4156,461.4,P,P
IMG-SENSOR-003,W01,-2,-48,1,100,11.41,0.4264,480.7,P,P
IMG-SENSOR-003,W01,-1,-48,1,100,12.17,0.4202,479.0,P,P
IMG-SENSOR-003,W01,0,-48,1,100,11.78,0.4019,484.1,P,P
IMG-SENSOR-003,W01,1,-48,1,100,11.19,0.4294,480.0,P,P
IMG-SENSOR-003,W01,2,-48,1,100,12.02,0.4463,462.6,P,P
IMG-SENSOR-003,W01,3,-48,1,100,13.90,0.4334,472.8,P,P
IMG-SENSOR-003,W01,4,-48,1,100,12.61,0.4419,504.5,P,P
IMG-SENSOR-003,W01,5,-48,1,100,14.07,0.4511,486.7,P,P
IMG-SENSOR-003,W01,6,-48,1,100,11.37,0.4593,445.9,P,P
IMG-SENSOR-003,W01,7,-48,1,100,13.23,0.4479,485.3,P,P
IMG-SENSOR-003,W01,8,-48,1,100,10.89,0.4525,457.4,P,P
IMG-SENSOR-003,W01,9,-48,1,100,10.48,0.4662,502.5,P,P
IMG-SENSOR-003,W01,-9,-47,1,100,12.83,0.4073,483.2,P,P
IMG-SENSOR-003,W01,-8,-47,1,100,10.27,0.4270,492.2,P,P
IMG-SENSOR-003,W01,-7,-47,1,100,11.54,0.4174,461.0,P,P
IMG-SENSOR-003,W01,-6,-47,1,100,12.27,0.3716,451.4,P,P
IMG-SENSOR-003,W01,-5,-47,1,100,12.44,0.4320,488.0,P,P
IMG-SENSOR-003,W01,-4,-47,1,100,10.85,0.4213,425.4,P,P
IMG-SENSOR-003,W01,-3,-47,1,100,11.25,0.4423,489.8,P,P
IMG-SENSOR-003,W01,-2,-47,1,100,11.30,0.4306,467.1,P,P
IMG-SENSOR-003,W01,-1,-47,1,100,10.49,0.4285,466.7,P,P
IMG-SENSOR-003,W01,0,-47,1,100,14.02,0.4390,473.1,P,P
IMG-SENSOR-003,W01,1,-47,1,100,10.97,0.4382,472.9,P,P
IMG-SENSOR-003,W01,2,-47,1,100,12.42,0.4375,501.3,P,P
IMG-SENSOR-003,W01,3,-47,1,100,10.32,0.4388,479.3,P,P
IMG-SENSOR-003,W01,4,-47,1,100,10.71,0.4729,458.8,P,P
IMG-SENSOR-003,W01,5,-47,1,100,13.14,0.4544,483.8,P,P
IMG-SENSOR-003,W01,6,-47,1,100,14.93,0.4214,494.8,P,P
IMG-SENSOR-003,W01,7,-47,4,401,46.09,0.5861,270.2,P,P
IMG-SENSOR-003,W01,8,-47,1,100,10.55,0.4706,498.8,P,P
IMG-SENSOR-003,W01,9,-47,1,100,10.07,0.4497,506.0,P,P
IMG-SENSOR-003,W01,-9,-46,1,100,14.04,0.4052,490.5,P,P
IMG-SENSOR-003,W01,-8,-46,1,100,11.11,0.4438,469.5,P,P
IMG-SENSOR-003,W01,-7,-46,1,100,14.00,0.4327,478.9,P,P
IMG-SENSOR-003,W01,-6,-46,1,100,9.86,0.4165,507.3,P,P
IMG-SENSOR-003,W01,-5,-46,1,100,13.62,0.4111,480.6,P,P
IMG-SENSOR-003,W01,-4,-46,1,100,11.91,0.4170,471.0,P,P
IMG-SENSOR-003,W01,-3,-46,1,100,15.04,0.4547,490.6,P,P
IMG-SENSOR-003,W01,-2,-46,1,100,10.94,0.3908,472.4,P,P
IMG-SENSOR-003,W01,-1,-46,1,100,13.70,0.4266,451.3,P,P
IMG-SENSOR-003,W01,0,-46,1,100,15.40,0.4311,503.4,P,P
IMG-SENSOR-003,W01,1,-46,1,100,12.79,0.4485,454.8,P,P
IMG-SENSOR-003,W01,2,-46,1,100,12.85,0.4292,485.8,P,P
IMG-SENSOR-003,W01,3,-46,1,100,10.39,0.4388,480.5,P,P
IMG-SENSOR-003,W01,4,-46,1,100,13.68,0.4494,498.5,P,P
IMG-SENSOR-003,W01,5,-46,1,100,12.58,0.4339,523.6,P,P
IMG-SENSOR-003,W01,6,-46,1,100,10.72,0.4303,482.4,F,P
IMG-SENSOR-003,W01,7,-46,1,100,14.03,0.4303,467.0,P,P
IMG-SENSOR-003,W01,8,-46,1,100,14.31,0.4416,487.6,P,P
IMG-SENSOR-003,W01,9,-46,1,100,10.86,0.4598,504.0,P,P
IMG-SENSOR-003,W01,-9,-45,1,100,10.51,0.3990,463.9,P,P
IMG-SENSOR-003,W01,-8,-45,1,100,14.75,0.4353,482.0,P,P
IMG-SENSOR-003,W01,-7,-45,1,100,12.89,0.4456,466.1,P,P
IMG-SENSOR-003,W01,-6,-45,1,100,13.72,0.4158,453.1,P,P
IMG-SENSOR-003,W01,-5,-45,1,100,12.97,0.4356,478.4,P,P
IMG-SENSOR-003,W01,-4,-45,1,100,14.71,0.4152,485.0,P,P
IMG-SENSOR-003,W01,-3,-45,1,100,11.41,0.4345,490.7,P,P
IMG-SENSOR-003,W01,-2,-45,1,100,11.68,0.4241,485.4,P,P
IMG-SENSOR-003,W01,-1,-45,1,100,14.00,0.4055,461.7,P,P
IMG-SENSOR-003,W01,0,-45,1,100,12.36,0.4162,476.2,P,P
IMG-SENSOR-003,W01,1,-45,1,100,11.52,0.4211,465.6,P,P
IMG-SENSOR-003,W01,2,-45,1,100,9.31,0.4372,501.0,P,P
IMG-SENSOR-003,W01,3,-45,1,100,15.38,0.4318,520.2,P,P
IMG-SENSOR-003,W01,4,-45,1,100,14.52,0.4633,487.7,P,P
IMG-SENSOR-003,W01,5,-45,1,100,13.02,0.4372,480.0,P,P
IMG-SENSOR-003,W01,6,-45,1,100,14.00,0.4421,521.9,P,P
IMG-SENSOR-003,W01,7,-45,1,100,13.25,0.4684,471.3,P,P
IMG-SENSOR-003,W01,8,-45,1,100,14.26,0.4642,499.5,P,P
IMG-SENSOR-003,W01,9,-45,1,100,12.21,0.4611,466.1,P,P
IMG-SENSOR-003,W01,-9,-44,1,100,13.65,0.4062,488.1,P,P
IMG-SENSOR-003,W01,-8,-44,1,100,13.01,0.4096,494.6,P,P
IMG-SENSOR-003,W01,-7,-44,1,100,12.90,0.4232,492.0,P,P
IMG-SENSOR-003,W01,-6,-44,1,100,13.72,0.4062,490.8,P,P
IMG-SENSOR-003,W01,-5,-44,1,100,12.51,0.4147,465.4,P,P
IMG-SENSOR-003,W01,-4,-44,1,100,12.58,0.3959,475.5,P,P
IMG-SENSOR-003,W01,-3,-44,1,100,16.19,0.4458,481.4,P,P
IMG-SENSOR-003,W01,-2,-44,1,100,17.04,0.4385,466.6,P,P
IMG-SENSOR-003,W01,-1,-44,1,100,14.80,0.4293,476.6,P,P
IMG-SENSOR-003,W01,0,-44,1,100,12.18,0.4353,456.2,P,P
IMG-SENSOR-003,W01,1,-44,1,100,10.14,0.4351,481.8,P,P
IMG-SENSOR-003,W01,2,-44,1,100,13.03,0.4497,482.8,P,P
IMG-SENSOR-003,W01,3,-44,1,100,11.93,0.4294,435.5,P,P
IMG-SENSOR-003,W01,4,-44,1,100,9.50,0.4215,494.8,P,P
IMG-SENSOR-003,W01,5,-44,1,100,12.05,0.4310,455.0,P,P
IMG-SENSOR-003,W01,6,-44,1,100,16.25,0.4223,475.2,P,P
IMG-SENSOR-003,W01,7,-44,1,100,12.06,0.4502,506.3,P,P
IMG-SENSOR-003,W01,8,-44,1,100,10.53,0.4872,471.3,P,P
IMG-SENSOR-003,W01,9,-44,1,100,13.21,0.4608,490.0,P,P
IMG-SENSOR-003,W01,-9,-43,1,100,11.22,0.4238,497.3,P,P
IMG-SENSOR-003,W01,-8,-43,1,100,13.31,0.4400,504.5,P,P
IMG-SENSOR-003,W01,-7,-43,1,100,12.72,0.4302,491.4,P,P
IMG-SENSOR-003,W01,-6,-43,1,100,12.22,0.4566,479.9,P,P
IMG-SENSOR-003,W01,-5,-43,1,100,12.13,0.4403,476.9,P,P
IMG-SENSOR-003,W01,-4,-43,1,100,13.33,0.4284,484.4,P,P
IMG-SENSOR-003,W01,-3,-43,1,100,12.86,0.4212,463.9,P,P
IMG-SENSOR-003,W01,-2,-43,1,100,13.91,0.4265,482.2,P,P
IMG-SENSOR-003,W01,-1,-43,1,100,13.15,0.4334,445.7,P,P
IMG-SENSOR-003,W01,0,-43,1,100,11.41,0.4402,484.8,P,P
IMG-SENSOR-003,W01,1,-43,1,100,10.31,0.4187,464.2,P,P
IMG-SENSOR-003,W01,2,-43,1,100,11.37,0.4336,499.1,P,P
IMG-SENSOR-003,W01,3,-43,1,100,13.92,0.4443,484.7,P,P
IMG-SENSOR-003,W01,4,-43,1,100,13.57,0.4515,505.5,P,P
IMG-SENSOR-003,W01,5,-43,1,100,12.58,0.4504,482.0,P,P
IMG-SENSOR-003,W01,6,-43,1,100,9.25,0.4535,504.1,P,P
IMG-SENSOR-003,W01,7,-43,1,100,12.22,0.4876,474.9,P,P
IMG-SENSOR-003,W01,8,-43,1,100,13.41,0.4591,467.1,P,P
IMG-SENSOR-003,W01,9,-43,1,100,16.81,0.4631,483.9,P,P
IMG-SENSOR-003,W01,-10,-42,1,100,8.93,0.4044,478.2,P,P
IMG-SENSOR-003,W01,-9,-42,1,100,11.08,0.4070,487.1,P,P
IMG-SENSOR-003,W01,-8,-42,1,100,10.64,0.4460,478.8,P,P
IMG-SENSOR-003,W01,-7,-42,1,100,13.36,0.4040,482.8,P,P
IMG-SENSOR-003,W01,-6,-42,1,100,13.75,0.4213,506.8,P,P
IMG-SENSOR-003,W01,-5,-42,1,100,13.51,0.4244,513.8,P,P
IMG-SENSOR-003,W01,-4,-42,1,100,10.08,0.4329,484.0,P,P
IMG-SENSOR-003,W01,-3,-42,1,100,9.81,0.4223,489.2,P,P
IMG-SENSOR-003,W01,-2,-42,1,100,12.79,0.4430,466.9,P,P
IMG-SENSOR-003,W01,-1,-42,1,100,14.85,0.4074,436.7,P,P
IMG-SENSOR-003,W01,0,-42,1,100,13.40,0.4342,487.9,P,P
IMG-SENSOR-003,W01,1,-42,1,100,11.04,0.4543,485.9,P,P
IMG-SENSOR-003,W01,2,-42,1,100,12.18,0.4762,495.3,P,P
IMG-SENSOR-003,W01,3,-42,1,100,13.85,0.4829,471.9,P,P
IMG-SENSOR-003,W01,4,-42,1,100,12.94,0.4244,477.5,P,P
IMG-SENSOR-003,W01,5,-42,1,100,14.64,0.4389,473.0,P,P
IMG-SENSOR-003,W01,6,-42,1,100,11.65,0.4579,448.1,P,P
IMG-SENSOR-003,W01,7,-42,1,100,13.40,0.4439,474.0,P,P
IMG-SENSOR-003,W01,8,-42,1,100,15.20,0.4422,481.3,P,P
IMG-SENSOR-003,W01,9,-42,1,100,14.34,0.4466,467.1,P,P
IMG-SENSOR-003,W01,10,-42,2,201,38.23,0.5771,396.5,F,P
IMG-SENSOR-003,W01,-10,-41,1,100,12.78,0.4138,511.8,P,P
IMG-SENSOR-003,W01,-9,-41,1,100,12.29,0.4293,515.1,P,P
IMG-SENSOR-003,W01,-8,-41,1,100,13.85,0.4099,463.7,P,P
IMG-SENSOR-003,W01,-7,-41,1,100,15.61,0.4197,484.6,P,P
IMG-SENSOR-003,W01,-6,-41,1,100,12.47,0.4195,469.0,P,P
IMG-SENSOR-003,W01,-5,-41,1,100,12.40,0.4237,468.6,P,P
IMG-SENSOR-003,W01,-4,-41,1,100,13.77,0.3957,452.8,P,P
IMG-SENSOR-003,W01,-3,-41,1,100,12.69,0.4407,490.0,P,P
IMG-SENSOR-003,W01,-2,-41,1,100,12.12,0.4381,449.5,P,P
IMG-SENSOR-003,W01,-1,-41,1,100,11.21,0.4338,476.4,P,P
IMG-SENSOR-003,W01,0,-41,1,100,10.81,0.4411,462.5,P,P
IMG-SENSOR-003,W01,1,-41,1,100,10.54,0.4394,478.9,P,P
IMG-SENSOR-003,W01,2,-41,1,100,11.46,0.4327,493.9,P,P
IMG-SENSOR-003,W01,3,-41,1,100,11.97,0.4518,489.5,P,P
IMG-SENSOR-003,W01,4,-41,1,100,12.07,0.4603,500.3,P,P
IMG-SENSOR-003,W01,5,-41,1,100,13.15,0.4060,505.0,P,P
IMG-SENSOR-003,W01,6,-41,1,100,10.48,0.4743,496.9,P,P
IMG-SENSOR-003,W01,7,-41,1,100,13.84,0.4463,452.3,P,P
IMG-SENSOR-003,W01,8,-41,1,100,10.83,0.4535,468.8,P,P
IMG-SENSOR-003,W01,9,-41,1,100,10.53,0.4569,459.4,P,P
IMG-SENSOR-003,W01,10,-41,1,100,14.11,0.4729,494.8,P,P
IMG-SENSOR-003,W01,-10,-40,1,100,12.81,0.4125,479.9,P,P
IMG-SENSOR-003,W01,-9,-40,1,100,13.38,0.4380,464.4,P,P
IMG-SENSOR-003,W01,-8,-40,1,100,13.52,0.4439,452.5,P,P
IMG-SENSOR-003,W01,-7,-40,1,100,13.38,0.4502,464.5,P,P
IMG-SENSOR-003,W01,-6,-40,1,100,14.29,0.4300,538.0,P,P
IMG-SENSOR-003,W01,-5,-40,1,100,13.54,0.4295,497.3,P,P
IMG-SENSOR-003,W01,-4,-40,1,100,11.24,0.4346,487.1,P,P
IMG-SENSOR-003,W01,-3,-40,1,100,11.43,0.4601,448.8,P,P
IMG-SENSOR-003,W01,-2,-40,1,100,14.03,0.4461,465.6,P,P
IMG-SENSOR-003,W01,-1,-40,1,100,11.03,0.4207,489.9,P,P
IMG-SENSOR-003,W01,0,-40,1,100,10.99,0.4400,440.4,P,P
IMG-SENSOR-003,W01,1,-40,1,100,10.64,0.4587,499.6,P,P
IMG-SENSOR-003,W01,2,-40,1,100,9.63,0.4493,489.1,P,P
IMG-SENSOR-003,W01,3,-40,1,100,12.57,0.4346,499.0,P,P
IMG-SENSOR-003,W01,4,-40,1,100,11.98,0.4241,465.5,P,P
IMG-SENSOR-003,W01,5,-40,1,100,14.93,0.4539,442.2,P,P
IMG-SENSOR-003,W01,6,-40,1,100,12.10,0.4771,456.1,P,P
IMG-SENSOR-003,W01,7,-40,1,100,10.08,0.4139,497.5,P,P
IMG-SENSOR-003,W01,8,-40,1,100,15.38,0.4580,494.3,P,P
IMG-SENSOR-003,W01,9,-40,1,100,11.41,0.4695,495.2,P,P
IMG-SENSOR-003,W01,10,-40,4,301,41.30,0.5918,400.2,F,P
IMG-SENSOR-003,W01,-10,-39,1,100,13.09,0.4222,457.3,P,P
IMG-SENSOR-003,W01,-9,-39,1,100,13.98,0.4078,471.9,P,P
IMG-SENSOR-003,W01,-8,-39,1,100,10.67,0.4171,504.6,P,P
IMG-SENSOR-003,W01,-7,-39,1,100,11.13,0.4271,472.0,P,P
IMG-SENSOR-003,W01,-6,-39,1,100,13.22,0.4397,466.8,P,P
IMG-SENSOR-003,W01,-5,-39,1,100,12.26,0.4440,487.7,P,P
IMG-SENSOR-003,W01,-4,-39,1,100,13.41,0.4251,474.6,P,P
IMG-SENSOR-003,W01,-3,-39,1,100,11.19,0.4370,500.4,P,P
IMG-SENSOR-003,W01,-2,-39,1,100,11.73,0.4664,458.5,P,P
IMG-SENSOR-003,W01,-1,-39,1,100,14.29,0.4705,484.7,P,P
IMG-SENSOR-003,W01,0,-39,1,100,12.03,0.4629,506.4,P,P
IMG-SENSOR-003,W01,1,-39,1,100,12.54,0.4244,455.7,P,P
IMG-SENSOR-003,W01,2,-39,1,100,14.23,0.4259,488.0,P,P
IMG-SENSOR-003,W01,3,-39,1,100,14.28,0.4607,490.8,P,P
IMG-SENSOR-003,W01,4,-39,1,100,11.79,0.4416,489.1,P,P
IMG-SENSOR-003,W01,5,-39,1,100,10.72,0.4581,456.6,P,P
IMG-SENSOR-003,W01,6,-39,1,100,12.96,0.4534,478.4,P,P
IMG-SENSOR-003,W01,7,-39,1,100,12.45,0.4515,454.7,P,P
IMG-SENSOR-003,W01,8,-39,1,100,13.04,0.4423,474.1,P,P
IMG-SENSOR-003,W01,9,-39,1,100,10.64,0.4530,481.2,P,P
IMG-SENSOR-003,W01,10,-39,1,100,17.28,0.4649,503.3,P,P
IMG-SENSOR-003,W01,-10,-38,1,100,14.49,0.4194,475.0,P,P
IMG-SENSOR-003,W01,-9,-38,1,100,10.27,0.4330,480.6,P,P
IMG-SENSOR-003,W01,-8,-38,1,100,12.58,0.4354,472.2,P,P
IMG-SENSOR-003,W01,-7,-38,1,100,12.00,0.4172,483.2,P,P
IMG-SENSOR-003,W01,-6,-38,1,100,9.15,0.4346,461.9,P,P
IMG-SENSOR-003,W01,-5,-38,1,100,10.71,0.4131,470.4,P,P
IMG-SENSOR-003,W01,-4,-38,1,100,10.08,0.4246,509.6,P,P
IMG-SENSOR-003,W01,-3,-38,1,100,11.59,0.4336,475.1,P,P
IMG-SENSOR-003,W01,-2,-38,2,201,49.37,0.5747,394.6,P,P
IMG-SENSOR-003,W01,-1,-38,1,100,14.02,0.4613,476.7,P,P
IMG-SENSOR-003,W01,0,-38,1,100,9.90,0.4262,475.0,P,P
IMG-SENSOR-003,W01,1,-38,1,100,13.31,0.4410,479.3,P,P
IMG-SENSOR-003,W01,2,-38,1,100,10.45,0.4596,464.4,P,P
IMG-SENSOR-003,W01,3,-38,1,100,13.33,0.4635,486.8,P,P
IMG-SENSOR-003,W01,4,-38,1,100,13.90,0.4542,465.5,P,P
IMG-SENSOR-003,W01,5,-38,1,100,12.54,0.4591,455.1,P,P
IMG-SENSOR-003,W01,6,-38,1,100,10.57,0.4504,478.0,P,P
IMG-SENSOR-003,W01,7,-38,1,100,13.00,0.4723,495.5,P,P
IMG-SENSOR-003,W01,8,-38,1,100,14.80,0.4563,496.4,P,P
IMG-SENSOR-003,W01,9,-38,1,100,11.92,0.4460,501.9,P,P
IMG-SENSOR-003,W01,10,-38,1,100,12.69,0.4586,483.0,P,P
IMG-SENSOR-003,W01,-10,-37,1,100,10.00,0.4132,483.2,P,P
IMG-SENSOR-003,W01,-9,-37,1,100,12.37,0.4282,475.0,P,P
IMG-SENSOR-003,W01,-8,-37,1,100,12.68,0.4318,483.4,P,P
IMG-SENSOR-003,W01,-7,-37,2,201,44.09,0.5557,301.0,P,P
IMG-SENSOR-003,W01,-6,-37,1,100,9.36,0.4485,522.6,P,P
IMG-SENSOR-003,W01,-5,-37,1,100,15.40,0.4027,486.2,P,P
IMG-SENSOR-003,W01,-4,-37,1,100,10.63,0.4499,452.8,P,P
IMG-SENSOR-003,W01,-3,-37,1,100,12.56,0.4289,495.1,P,P
IMG-SENSOR-003,W01,-2,-37,1,100,11.68,0.4261,507.8,P,P
IMG-SENSOR-003,W01,-1,-37,1,100,8.19,0.4337,475.2,P,P
IMG-SENSOR-003,W01,0,-37,1,100,15.89,0.4442,476.5,P,P
IMG-SENSOR-003,W01,1,-37,1,100,11.38,0.4490,466.6,P,P
IMG-SENSOR-003,W01,2,-37,1,100,9.48,0.4595,457.7,P,P
IMG-SENSOR-003,W01,3,-37,1,100,14.41,0.4388,486.3,P,P
IMG-SENSOR-003,W01,4,-37,2,401,65.60,0.6134,353.0,P,P
IMG-SENSOR-003,W01,5,-37,1,100,11.24,0.4694,467.7,P,P
IMG-SENSOR-003,W01,6,-37,1,100,12.11,0.4530,487.8,P,P
IMG-SENSOR-003,W01,7,-37,1,100,14.38,0.4623,497.0,P,P
IMG-SENSOR-003,W01,8,-37,1,100,14.94,0.4514,487.4,P,P
IMG-SENSOR-003,W01,9,-37,1,100,11.12,0.5025,484.6,P,P
IMG-SENSOR-003,W01,10,-37,1,100,9.71,0.4980,474.4,P,P
IMG-SENSOR-003,W01,-10,-36,1,100,11.38,0.4219,483.8,P,P
IMG-SENSOR-003,W01,-9,-36,1,100,17.27,0.3887,528.3,P,P
IMG-SENSOR-003,W01,-8,-36,1,100,16.08,0.4115,501.9,P,P
IMG-SENSOR-003,W01,-7,-36,1,100,15.24,0.4115,481.7,P,P
IMG-SENSOR-003,W01,-6,-36,1,100,14.35,0.4386,508.4,P,P
IMG-SENSOR-003,W01,-5,-36,1,100,9.48,0.4740,500.7,P,P
IMG-SENSOR-003,W01,-4,-36,1,100,13.03,0.4336,467.6,P,P
IMG-SENSOR-003,W01,-3,-36,1,100,9.98,0.4520,479.2,P,P
IMG-SENSOR-003,W01,-2,-36,1,100,14.89,0.4248,466.0,P,P
IMG-SENSOR-003,W01,-1,-36,1,100,12.83,0.4245,485.5,P,P
IMG-SENSOR-003,W01,0,-36,1,100,14.34,0.4522,485.7,P,P
IMG-SENSOR-003,W01,1,-36,1,100,14.68,0.4625,469.8,P,P
IMG-SENSOR-003,W01,2,-36,1,100,7.95,0.4618,468.6,P,P
IMG-SENSOR-003,W01,3,-36,1,100,12.64,0.4402,464.4,F,P
IMG-SENSOR-003,W01,4,-36,1,100,16.60,0.4272,490.2,P,P
IMG-SENSOR-003,W01,5,-36,1,100,14.99,0.4333,460.6,P,P
IMG-SENSOR-003,W01,6,-36,1,100,11.47,0.4451,477.4,P,P
IMG-SENSOR-003,W01,7,-36,1,100,12.88,0.4643,488.1,P,P
IMG-SENSOR-003,W01,8,-36,1,100,9.48,0.4411,454.2,P,P
IMG-SENSOR-003,W01,9,-36,1,100,15.97,0.4694,478.9,P,P
IMG-SENSOR-003,W01,10,-36,1,100,12.39,0.4706,477.2,P,P
IMG-SENSOR-003,W01,-10,-35,1,100,12.16,0.4496,463.6,P,P
IMG-SENSOR-003,W01,-9,-35,4,301,59.05,0.5739,262.6,P,P
IMG-SENSOR-003,W01,-8,-35,1,100,11.35,0.4488,502.1,P,P
IMG-SENSOR-003,W01,-7,-35,1,100,12.01,0.4191,453.0,P,P
IMG-SENSOR-003,W01,-6,-35,1,100,10.82,0.4376,474.1,P,P
IMG-SENSOR-003,W01,-5,-35,1,100,14.93,0.4759,468.1,P,P
IMG-SENSOR-003,W01,-4,-35,1,100,15.48,0.4543,489.8,P,P
IMG-SENSOR-003,W01,-3,-35,1,100,12.18,0.4371,485.5,P,P
IMG-SENSOR-003,W01,-2,-35,1,100,11.86,0.4594,492.5,P,P
IMG-SENSOR-003,W01,-1,-35,1,100,12.76,0.4428,458.5,P,P
IMG-SENSOR-003,W01,0,-35,1,100,12.30,0.4365,469.4,P,P
IMG-SENSOR-003,W01,1,-35,1,100,14.38,0.4548,466.8,P,P
IMG-SENSOR-003,W01,2,-35,1,100,11.68,0.4452,458.4,P,P
IMG-SENSOR-003,W01,3,-35,1,100,11.78,0.4365,475.9,P,P
IMG-SENSOR-003,W01,4,-35,1,100,12.82,0.4616,469.4,P,P
IMG-SENSOR-003,W01,5,-35,1,100,12.73,0.4538,469.4,P,P
IMG-SENSOR-003,W01,6,-35,1,100,11.46,0.4575,449.2,P,P
IMG-SENSOR-003,W01,7,-35,1,100,13.39,0.4564,496.2,P,P
IMG-SENSOR-003,W01,8,-35,1,100,10.16,0.4726,482.4,P,P
IMG-SENSOR-003,W01,9,-35,1,100,11.61,0.4537,469.5,P,P
IMG-SENSOR-003,W01,10,-35,1,100,15.18,0.4510,454.4,P,P
IMG-SENSOR-003,W01,-10,-34,1,100,10.98,0.4131,473.5,P,P
IMG-SENSOR-003,W01,-9,-34,1,100,13.61,0.4272,442.6,P,P
IMG-SENSOR-003,W01,-8,-34,1,100,11.91,0.4399,454.3,P,P
IMG-SENSOR-003,W01,-7,-34,1,100,13.66,0.4348,500.4,P,P
IMG-SENSOR-003,W01,-6,-34,1,100,13.96,0.4421,506.1,P,P
IMG-SENSOR-003,W01,-5,-34,1,100,11.15,0.4476,481.1,P,P
IMG-SENSOR-003,W01,-4,-34,1,100,12.20,0.4556,455.3,P,P
IMG-SENSOR-003,W01,-3,-34,1,100,12.49,0.4310,476.9,P,P
IMG-SENSOR-003,W01,-2,-34,1,100,11.48,0.4671,473.7,P,P
IMG-SENSOR-003,W01,-1,-34,1,100,10.63,0.4037,500.2,P,P
IMG-SENSOR-003,W01,0,-34,1,100,14.73,0.4401,476.9,P,P
IMG-SENSOR-003,W01,1,-34,1,100,12.98,0.4571,489.8,P,P
IMG-SENSOR-003,W01,2,-34,1,100,16.91,0.4518,458.4,P,P
IMG-SENSOR-003,W01,3,-34,1,100,11.57,0.4744,493.1,P,P
IMG-SENSOR-003,W01,4,-34,1,100,13.69,0.4541,478.7,P,P
IMG-SENSOR-003,W01,5,-34,1,100,10.20,0.4798,468.7,P,P
IMG-SENSOR-003,W01,6,-34,1,100,14.91,0.4622,481.8,P,P
IMG-SENSOR-003,W01,7,-34,1,100,14.49,0.4606,505.1,P,P
IMG-SENSOR-003,W01,8,-34,1,100,9.84,0.4630,500.8,P,P
IMG-SENSOR-003,W01,9,-34,1,100,11.07,0.4851,481.0,P,P
IMG-SENSOR-003,W01,10,-34,1,100,12.72,0.4770,487.7,P,P
IMG-SENSOR-003,W01,-10,-33,1,100,15.77,0.4159,464.9,P,P
IMG-SENSOR-003,W01,-9,-33,1,100,11.86,0.4216,490.5,P,P
IMG-SENSOR-003,W01,-8,-33,1,100,11.47,0.4360,469.9,P,P
IMG-SENSOR-003,W01,-7,-33,1,100,13.18,0.4230,455.0,P,P
IMG-SENSOR-003,W01,-6,-33,1,100,14.52,0.4259,486.2,P,P
IMG-SENSOR-003,W01,-5,-33,4,202,60.22,0.5910,331.8,P,P
IMG-SENSOR-003,W01,-4,-33,1,100,9.22,0.4368,489.2,P,P
IMG-SENSOR-003,W01,-3,-33,1,100,13.36,0.4287,492.1,P,P
IMG-SENSOR-003,W01,-2,-33,1,100,9.89,0.4555,492.7,P,P
IMG-SENSOR-003,W01,-1,-33,1,100,12.60,0.4600,527.3,P,P
IMG-SENSOR-003,W01,0,-33,1,100,14.29,0.4359,480.3,P,P
IMG-SENSOR-003,W01,1,-33,1,100,13.03,0.4291,526.0,P,P
IMG-SENSOR-003,W01,2,-33,1,100,11.92,0.4516,482.0,P,P
IMG-SENSOR-003,W01,3,-33,1,100,15.93,0.4589,464.4,P,P
IMG-SENSOR-003,W01,4,-33,1,100,13.20,0.4709,499.3,P,P
IMG-SENSOR-003,W01,5,-33,1,100,13.69,0.4381,491.0,P,P
IMG-SENSOR-003,W01,6,-33,1,100,7.68,0.4747,485.9,P,P
IMG-SENSOR-003,W01,7,-33,1,100,12.39,0.4477,480.7,P,P
IMG-SENSOR-003,W01,8,-33,1,100,14.65,0.4628,481.1,P,P
IMG-SENSOR-003,W01,9,-33,1,100,10.17,0.4565,491.9,P,P
IMG-SENSOR-003,W01,10,-33,1,100,6.09,0.4690,480.2,P,P
IMG-SENSOR-003,W01,-10,-32,1,100,13.05,0.4256,476.6,P,P
IMG-SENSOR-003,W01,-9,-32,1,100,10.64,0.4333,478.4,P,P
IMG-SENSOR-003,W01,-8,-32,1,100,15.84,0.4155,462.5,P,P
IMG-SENSOR-003,W01,-7,-32,1,100,9.75,0.4373,497.8,P,P
IMG-SENSOR-003,W01,-6,-32,1,100,11.71,0.4516,448.6,P,P
IMG-SENSOR-003,W01,-5,-32,1,100,14.39,0.4223,475.7,P,P
IMG-SENSOR-003,W01,-4,-32,1,100,13.24,0.4369,486.9,P,P
IMG-SENSOR-003,W01,-3,-32,1,100,10.68,0.4500,494.7,P,P
IMG-SENSOR-003,W01,-2,-32,1,100,14.68,0.4586,504.6,P,P
IMG-SENSOR-003,W01,-1,-32,1,100,11.23,0.4276,490.9,P,P
IMG-SENSOR-003,W01,0,-32,1,100,15.53,0.4679,507.4,P,P
IMG-SENSOR-003,W01,1,-32,1,100,9.55,0.4460,490.8,P,P
IMG-SENSOR-003,W01,2,-32,1,100,13.60,0.4477,502.4,P,P
IMG-SENSOR-003,W01,3,-32,1,100,11.17,0.4466,502.9,P,P
IMG-SENSOR-003,W01,4,-32,1,100,14.56,0.4398,494.0,P,P
IMG-SENSOR-003,W01,5,-32,1,100,9.04,0.4583,474.3,P,P
IMG-SENSOR-003,W01,6,-32,1,100,9.27,0.4920,496.1,P,P
IMG-SENSOR-003,W01,7,-32,1,100,12.92,0.4723,469.7,P,P
IMG-SENSOR-003,W01,8,-32,1,100,14.67,0.4636,491.9,P,P
IMG-SENSOR-003,W01,9,-32,1,100,16.52,0.4456,473.0,P,P
IMG-SENSOR-003,W01,10,-32,1,100,12.62,0.4580,488.5,P,P
IMG-SENSOR-003,W01,-10,-31,1,100,14.21,0.4483,460.1,P,P
IMG-SENSOR-003,W01,-9,-31,1,100,8.30,0.4236,478.8,P,P
IMG-SENSOR-003,W01,-8,-31,2,301,54.36,0.5696,321.0,P,P
IMG-SENSOR-003,W01,-7,-31,1,100,11.00,0.4603,498.5,P,P
IMG-SENSOR-003,W01,-6,-31,1,100,7.71,0.4357,483.1,P,P
IMG-SENSOR-003,W01,-5,-31,1,100,14.20,0.4354,472.2,P,P
IMG-SENSOR-003,W01,-4,-31,1,100,12.24,0.4662,469.4,P,P
IMG-SENSOR-003,W01,-3,-31,1,100,12.21,0.4683,504.1,P,P
IMG-SENSOR-003,W01,-2,-31,1,100,13.54,0.4530,453.9,P,P
IMG-SENSOR-003,W01,-1,-31,1,100,10.08,0.4506,466.6,P,P
IMG-SENSOR-003,W01,0,-31,1,100,10.90,0.4542,484.3,P,P
IMG-SENSOR-003,W01,1,-31,1,100,10.53,0.4632,492.0,P,P
IMG-SENSOR-003,W01,2,-31,1,100,11.71,0.4392,455.7,P,P
IMG-SENSOR-003,W01,3,-31,1,100,11.54,0.4477,446.1,P,P
IMG-SENSOR-003,W01,4,-31,1,100,15.13,0.4414,515.8,P,P
IMG-SENSOR-003,W01,5,-31,1,100,11.80,0.4597,501.1,P,P
IMG-SENSOR-003,W01,6,-31,1,100,12.32,0.4547,479.3,P,P
IMG-SENSOR-003,W01,7,-31,1,100,9.95,0.4763,536.9,P,P
IMG-SENSOR-003,W01,8,-31,1,100,8.95,0.4443,451.8,P,P
IMG-SENSOR-003,W01,9,-31,1,100,11.72,0.4638,485.2,P,P
IMG-SENSOR-003,W01,10,-31,1,100,12.48,0.4637,477.8,P,P
IMG-SENSOR-003,W01,-10,-30,1,100,13.05,0.4210,483.0,P,P
IMG-SENSOR-003,W01,-9,-30,1,100,11.92,0.4461,464.2,P,P
IMG-SENSOR-003,W01,-8,-30,1,100,8.43,0.4182,439.5,P,P
IMG-SENSOR-003,W01,-7,-30,1,100,10.50,0.4489,466.1,P,P
IMG-SENSOR-003,W01,-6,-30,1,100,13.18,0.4460,480.8,P,P
IMG-SENSOR-003,W01,-5,-30,1,100,16.63,0.4503,464.5,P,P
IMG-SENSOR-003,W01,-4,-30,1,100,11.10,0.4273,477.5,P,P
IMG-SENSOR-003,W01,-3,-30,1,100,9.47,0.4363,471.4,P,P
IMG-SENSOR-003,W01,-2,-30,1,100,12.43,0.4370,471.2,P,P
IMG-SENSOR-003,W01,-1,-30,1,100,11.81,0.4575,486.5,P,P
IMG-SENSOR-003,W01,0,-30,1,100,16.12,0.4416,448.8,P,P
IMG-SENSOR-003,W01,1,-30,1,100,8.27,0.4508,480.7,P,P
IMG-SENSOR-003,W01,2,-30,1,100,15.06,0.4596,469.1,P,P
IMG-SENSOR-003,W01,3,-30,1,100,14.12,0.4595,468.6,P,P
IMG-SENSOR-003,W01,4,-30,1,100,15.63,0.4531,460.1,P,P
IMG-SENSOR-003,W01,5,-30,1,100,13.91,0.4714,474.5,P,P
IMG-SENSOR-003,W01,6,-30,1,100,12.75,0.4489,472.9,P,P
IMG-SENSOR-003,W01,7,-30,1,100,12.20,0.4808,488.4,P,P
IMG-SENSOR-003,W01,8,-30,1,100,11.58,0.4806,475.6,P,P
IMG-SENSOR-003,W01,9,-30,2,301,62.79,0.5962,292.3,P,P
IMG-SENSOR-003,W01,10,-30,1,100,11.30,0.4994,471.3,P,P
IMG-SENSOR-003,W01,-11,-29,1,100,13.91,0.4463,503.4,P,P
IMG-SENSOR-003,W01,-10,-29,1,100,11.74,0.4754,467.4,P,P
IMG-SENSOR-003,W01,-9,-29,1,100,13.27,0.4293,487.1,P,P
IMG-SENSOR-003,W01,-8,-29,1,100,10.21,0.4436,506.0,P,P
IMG-SENSOR-003,W01,-7,-29,1,100,12.87,0.4431,473.2,P,P
IMG-SENSOR-003,W01,-6,-29,1,100,15.98,0.4477,501.5,P,P
IMG-SENSOR-003,W01,-5,-29,1,100,14.40,0.4584,505.3,P,P
IMG-SENSOR-003,W01,-4,-29,1,100,15.52,0.4427,464.7,P,P
IMG-SENSOR-003,W01,-3,-29,1,100,13.15,0.4414,487.7,P,P
IMG-SENSOR-003,W01,-2,-29,1,100,10.09,0.4218,488.9,P,P
IMG-SENSOR-003,W01,-1,-29,1,100,14.70,0.4455,475.2,P,P
IMG-SENSOR-003,W01,0,-29,1,100,10.21,0.4520,480.4,P,P
IMG-SENSOR-003,W01,1,-29,1,100,12.20,0.4584,469.8,P,P
IMG-SENSOR-003,W01,2,-29,1,100,11.89,0.4493,483.5,P,P
IMG-SENSOR-003,W01,3,-29,1,100,10.14,0.4825,493.6,P,P
IMG-SENSOR-003,W01,4,-29,1,100,13.89,0.4544,500.5,P,P
IMG-SENSOR-003,W01,5,-29,1,100,13.48,0.4492,476.5,P,P
IMG-SENSOR-003,W01,6,-29,1,100,12.32,0.4386,484.9,P,P
IMG-SENSOR-003,W01,7,-29,1,100,13.04,0.4507,492.6,P,P
IMG-SENSOR-003,W01,8,-29,1,100,10.93,0.4510,482.5,P,P
IMG-SENSOR-003,W01,9,-29,1,100,10.34,0.4922,467.0,P,P
IMG-SENSOR-003,W01,10,-29,1,100,13.54,0.4453,497.1,P,P
IMG-SENSOR-003,W01,11,-29,4,201,38.14,0.5868,272.7,P,P
IMG-SENSOR-003,W01,-11,-28,1,100,14.72,0.4167,457.8,P,P
IMG-SENSOR-003,W01,-10,-28,1,100,11.81,0.4438,488.8,P,P
IMG-SENSOR-003,W01,-9,-28,1,100,12.54,0.4180,444.6,P,P
IMG-SENSOR-003,W01,-8,-28,1,100,15.88,0.4179,502.0,P,P
IMG-SENSOR-003,W01,-7,-28,1,100,15.71,0.4586,492.1,P,P
IMG-SENSOR-003,W01,-6,-28,1,100,14.43,0.4559,442.3,P,P
IMG-SENSOR-003,W01,-5,-28,1,100,13.01,0.4308,475.7,P,P
IMG-SENSOR-003,W01,-4,-28,1,100,11.02,0.4306,496.7,P,P
IMG-SENSOR-003,W01,-3,-28,1,100,11.16,0.4298,492.5,P,P
IMG-SENSOR-003,W01,-2,-28,1,100,10.07,0.4383,499.3,P,P
IMG-SENSOR-003,W01,-1,-28,1,100,11.93,0.4642,519.4,P,P
IMG-SENSOR-003,W01,0,-28,1,100,10.91,0.4468,476.0,P,P
IMG-SENSOR-003,W01,1,-28,1,100,10.33,0.4340,508.3,P,P
IMG-SENSOR-003,W01,2,-28,1,100,11.78,0.4665,491.6,P,P
IMG-SENSOR-003,W01,3,-28,1,100,11.00,0.4382,462.6,P,P
IMG-SENSOR-003,W01,4,-28,2,202,49.94,0.5858,317.8,P,P
IMG-SENSOR-003,W01,5,-28,1,100,15.20,0.4389,469.1,P,P
IMG-SENSOR-003,W01,6,-28,1,100,15.83,0.4449,483.8,P,P
IMG-SENSOR-003,W01,7,-28,1,100,14.27,0.4763,477.7,P,P
IMG-SENSOR-003,W01,8,-28,1,100,12.55,0.4548,500.3,P,P
IMG-SENSOR-003,W01,9,-28,1,100,10.26,0.4622,487.9,P,P
IMG-SENSOR-003,W01,10,-28,1,100,11.38,0.4574,481.9,P,P
IMG-SENSOR-003,W01,11,-28,1,100,14.17,0.4778,462.3,P,P
IMG-SENSOR-003,W01,-11,-27,1,100,12.69,0.4292,492.6,P,P
IMG-SENSOR-003,W01,-10,-27,1,100,12.17,0.4425,486.4,P,P
IMG-SENSOR-003,W01,-9,-27,1,100,14.98,0.4421,453.1,P,P
IMG-SENSOR-003,W01,-8,-27,1,100,13.37,0.4398,495.0,P,P
IMG-SENSOR-003,W01,-7,-27,3,201,51.01,0.5589,295.3,P,P
IMG-SENSOR-003,W01,-6,-27,1,100,12.84,0.4151,479.3,P,P
IMG-SENSOR-003,W01,-5,-27,1,100,13.92,0.4480,493.2,P,P
IMG-SENSOR-003,W01,-4,-27,1,100,13.85,0.4601,513.9,P,P
IMG-SENSOR-003,W01,-3,-27,1,100,15.49,0.4173,480.1,P,P
IMG-SENSOR-003,W01,-2,-27,1,100,13.95,0.4257,475.1,P,P
IMG-SENSOR-003,W01,-1,-27,1,100,10.73,0.4647,482.6,P,P
IMG-SENSOR-003,W01,0,-27,3,302,45.79,0.5900,359.7,P,P
IMG-SENSOR-003,W01,1,-27,1,100,13.40,0.4741,462.6,P,P
IMG-SENSOR-003,W01,2,-27,1,100,13.63,0.4557,498.8,P,P
IMG-SENSOR-003,W01,3,-27,1,100,12.31,0.4892,489.9,P,P
IMG-SENSOR-003,W01,4,-27,1,100,10.02,0.4740,506.0,P,P
IMG-SENSOR-003,W01,5,-27,1,100,15.01,0.4505,463.8,P,P
IMG-SENSOR-003,W01,6,-27,1,100,10.77,0.4799,476.7,P,P
IMG-SENSOR-003,W01,7,-27,1,100,15.07,0.4648,476.5,P,P
IMG-SENSOR-003,W01,8,-27,1,100,12.53,0.4933,462.8,P,P
IMG-SENSOR-003,W01,9,-27,1,100,10.81,0.4816,503.8,P,P
IMG-SENSOR-003,W01,10,-27,2,302,36.59,0.5960,306.3,F,P
IMG-SENSOR-003,W01,11,-27,1,100,14.59,0.4883,512.4,P,P
IMG-SENSOR-003,W01,-11,-26,1,100,12.18,0.4440,450.1,P,P
IMG-SENSOR-003,W01,-10,-26,1,100,7.43,0.4266,463.0,P,P
IMG-SENSOR-003,W01,-9,-26,2,201,32.35,0.5862,374.6,P,P
IMG-SENSOR-003,W01,-8,-26,1,100,12.25,0.4125,495.9,P,P
IMG-SENSOR-003,W01,-7,-26,1,100,12.59,0.4276,473.3,P,P
IMG-SENSOR-003,W01,-6,-26,1,100,15.89,0.4256,505.6,P,P
IMG-SENSOR-003,W01,-5,-26,1,100,15.67,0.4429,488.6,P,P
IMG-SENSOR-003,W01,-4,-26,1,100,9.06,0.4564,486.0,P,P
IMG-SENSOR-003,W01,-3,-26,1,100,9.77,0.4397,509.2,P,P
IMG-SENSOR-003,W01,-2,-26,1,100,14.21,0.4537,459.5,P,P
IMG-SENSOR-003,W01,-1,-26,1,100,12.64,0.4568,488.2,P,P
IMG-SENSOR-003,W01,0,-26,1,100,13.19,0.4689,493.9,P,P
IMG-SENSOR-003,W01,1,-26,1,100,13.14,0.4526,459.8,P,P
IMG-SENSOR-003,W01,2,-26,1,100,11.78,0.4878,471.4,P,P
IMG-SENSOR-003,W01,3,-26,1,100,12.41,0.4402,468.0,P,P
IMG-SENSOR-003,W01,4,-26,1,100,10.56,0.4653,481.8,P,P
IMG-SENSOR-003,W01,5,-26,1,100,8.31,0.4460,486.4,P,P
IMG-SENSOR-003,W01,6,-26,2,202,40.39,0.6296,268.9,F,P
IMG-SENSOR-003,W01,7,-26,1,100,13.26,0.4445,479.7,P,P
IMG-SENSOR-003,W01,8,-26,1,100,9.91,0.4718,475.6,P,P
IMG-SENSOR-003,W01,9,-26,1,100,10.94,0.4904,477.6,P,P
IMG-SENSOR-003,W01,10,-26,1,100,11.23,0.4729,495.7,P,P
IMG-SENSOR-003,W01,11,-26,2,301,47.46,0.5991,364.9,P,P
IMG-SENSOR-003,W01,-11,-25,1,100,11.41,0.4319,479.2,P,P
IMG-SENSOR-003,W01,-10,-25,1,100,11.25,0.4628,504.9,P,P
IMG-SENSOR-003,W01,-9,-25,1,100,10.93,0.4815,474.3,P,P
IMG-SENSOR-003,W01,-8,-25,1,100,11.87,0.4358,507.5,P,P
IMG-SENSOR-003,W01,-7,-25,1,100,13.68,0.4250,514.7,P,P
IMG-SENSOR-003,W01,-6,-25,1,100,13.62,0.4483,462.2,P,P
IMG-SENSOR-003,W01,-5,-25,2,301,37.08,0.5724,312.4,F,P
IMG-SENSOR-003,W01,-4,-25,1,100,12.38,0.4467,496.7,P,P
IMG-SENSOR-003,W01,-3,-25,1,100,13.00,0.4594,492.2,P,P
IMG-SENSOR-003,W01,-2,-25,1,100,11.32,0.4490,462.5,P,P
IMG-SENSOR-003,W01,-1,-25,1,100,9.84,0.4441,445.2,P,P
IMG-SENSOR-003,W01,0,-25,1,100,12.95,0.4499,462.5,P,P
IMG-SENSOR-003,W01,1,-25,1,100,9.95,0.4352,480.7,P,P
IMG-SENSOR-003,W01,2,-25,1,100,10.60,0.4460,494.2,P,P
IMG-SENSOR-003,W01,3,-25,1,100,14.70,0.4294,463.9,P,P
IMG-SENSOR-003,W01,4,-25,1,100,8.94,0.4412,484.9,P,P
IMG-SENSOR-003,W01,5,-25,1,100,12.83,0.4706,476.9,P,P
IMG-SENSOR-003,W01,6,-25,1,100,10.69,0.4747,478.4,P,P
IMG-SENSOR-003,W01,7,-25,1,100,13.58,0.4891,487.8,P,P
IMG-SENSOR-003,W01,8,-25,1,100,10.47,0.4520,476.9,P,P
IMG-SENSOR-003,W01,9,-25,1,100,8.56,0.4587,484.6,P,P
IMG-SENSOR-003,W01,10,-25,1,100,12.64,0.4920,468.3,P,P
IMG-SENSOR-003,W01,11,-25,1,100,13.30,0.4839,475.5,P,P
IMG-SENSOR-003,W01,-11,-24,2,301,39.96,0.5936,302.6,F,P
IMG-SENSOR-003,W01,-10,-24,1,100,9.73,0.4502,506.3,P,P
IMG-SENSOR-003,W01,-9,-24,1,100,12.48,0.4639,494.0,P,P
IMG-SENSOR-003,W01,-8,-24,1,100,12.16,0.4412,492.4,P,P
IMG-SENSOR-003,W01,-7,-24,1,100,9.51,0.4375,461.5,P,P
IMG-SENSOR-003,W01,-6,-24,1,100,11.69,0.4415,457.4,P,P
IMG-SENSOR-003,W01,-5,-24,1,100,12.20,0.4755,508.3,P,P
IMG-SENSOR-003,W01,-4,-24,1,100,14.51,0.4409,452.6,P,P
IMG-SENSOR-003,W01,-3,-24,1,100,13.55,0.4529,468.5,P,P
IMG-SENSOR-003,W01,-2,-24,1,100,13.04,0.4344,453.2,P,P
IMG-SENSOR-003,W01,-1,-24,1,100,12.98,0.4460,485.7,P,P
IMG-SENSOR-003,W01,0,-24,1,100,13.81,0.4471,474.4,P,P
IMG-SENSOR-003,W01,1,-24,1,100,10.96,0.4687,476.2,P,P
IMG-SENSOR-003,W01,2,-24,1,100,14.07,0.4358,469.3,P,P
IMG-SENSOR-003,W01,3,-24,1,100,10.80,0.4495,466.7,P,P
IMG-SENSOR-003,W01,4,-24,1,100,13.62,0.4750,459.7,P,P
IMG-SENSOR-003,W01,5,-24,1,100,13.35,0.4736,489.1,P,P
IMG-SENSOR-003,W01,6,-24,1,100,13.88,0.4994,472.1,P,P
IMG-SENSOR-003,W01,7,-24,1,100,10.92,0.4722,478.0,P,P
IMG-SENSOR-003,W01,8,-24,1,100,14.92,0.4602,477.7,P,P
IMG-SENSOR-003,W01,9,-24,1,100,13.41,0.5024,490.0,P,P
IMG-SENSOR-003,W01,10,-24,1,100,12.99,0.4696,507.7,P,P
IMG-SENSOR-003,W01,11,-24,1,100,12.76,0.4839,465.1,P,P
IMG-SENSOR-003,W01,-11,-23,1,100,13.27,0.4314,496.5,P,P
IMG-SENSOR-003,W01,-10,-23,1,100,12.79,0.4327,445.8,P,P
IMG-SENSOR-003,W01,-9,-23,1,100,12.69,0.4400,504.2,P,P
IMG-SENSOR-003,W01,-8,-23,4,401,49.08,0.5778,353.7,F,P
IMG-SENSOR-003,W01,-7,-23,1,100,10.87,0.4573,467.0,P,P
IMG-SENSOR-003,W01,-6,-23,1,100,9.40,0.4365,476.4,P,P
IMG-SENSOR-003,W01,-5,-23,1,100,13.10,0.4532,468.9,P,P
IMG-SENSOR-003,W01,-4,-23,1,100,13.18,0.4230,509.4,P,P
IMG-SENSOR-003,W01,-3,-23,1,100,16.12,0.4076,484.6,P,P
IMG-SENSOR-003,W01,-2,-23,1,100,11.13,0.4485,492.8,P,P
IMG-SENSOR-003,W01,-1,-23,1,100,12.71,0.4583,469.9,P,P
IMG-SENSOR-003,W01,0,-23,1,100,13.68,0.4500,472.8,P,P
IMG-SENSOR-003,W01,1,-23,1,100,11.69,0.4368,453.5,P,P
IMG-SENSOR-003,W01,2,-23,1,100,12.86,0.4548,442.5,P,P
IMG-SENSOR-003,W01,3,-23,1,100,12.17,0.4615,467.9,P,P
IMG-SENSOR-003,W01,4,-23,1,100,10.73,0.4628,511.1,P,P
IMG-SENSOR-003,W01,5,-23,2,201,52.34,0.5958,313.5,F,P
IMG-SENSOR-003,W01,6,-23,1,100,14.17,0.4810,477.4,P,P
IMG-SENSOR-003,W01,7,-23,1,100,11.05,0.4636,524.9,P,P
IMG-SENSOR-003,W01,8,-23,1,100,12.99,0.4611,455.1,P,P
IMG-SENSOR-003,W01,9,-23,1,100,11.08,0.4770,447.1,P,P
IMG-SENSOR-003,W01,10,-23,1,100,9.79,0.4774,461.4,P,P
IMG-SENSOR-003,W01,11,-23,1,100,10.79,0.4726,473.6,P,P
IMG-SENSOR-003,W01,-11,-22,2,201,35.52,0.5800,299.5,P,P
IMG-SENSOR-003,W01,-10,-22,1,100,13.40,0.4291,465.6,P,P
IMG-SENSOR-003,W01,-9,-22,1,100,15.49,0.4394,499.6,P,P
IMG-SENSOR-003,W01,-8,-22,1,100,11.67,0.4287,475.9,P,P
IMG-SENSOR-003,W01,-7,-22,1,100,15.01,0.4275,471.8,P,P
IMG-SENSOR-003,W01,-6,-22,1,100,15.67,0.4786,451.8,F,P
IMG-SENSOR-003,W01,-5,-22,1,100,12.40,0.4461,447.3,P,P
IMG-SENSOR-003,W01,-4,-22,1,100,12.75,0.4743,452.7,P,P
IMG-SENSOR-003,W01,-3,-22,1,100,9.93,0.4405,477.2,P,P
IMG-SENSOR-003,W01,-2,-22,2,201,53.75,0.5745,259.1,F,P
IMG-SENSOR-003,W01,-1,-22,1,100,11.87,0.4922,511.8,P,P
IMG-SENSOR-003,W01,0,-22,1,100,13.15,0.4789,494.3,P,P
IMG-SENSOR-003,W01,1,-22,1,100,12.43,0.4405,478.5,P,P
IMG-SENSOR-003,W01,2,-22,1,100,11.30,0.4712,481.4,P,P
IMG-SENSOR-003,W01,3,-22,1,100,11.71,0.4450,525.1,P,P
IMG-SENSOR-003,W01,4,-22,1,100,13.51,0.4692,459.2,P,P
IMG-SENSOR-003,W01,5,-22,1,100,13.02,0.4868,463.7,P,P
IMG-SENSOR-003,W01,6,-22,1,100,11.73,0.4418,489.2,P,P
IMG-SENSOR-003,W01,7,-22,1,100,12.78,0.4654,486.3,P,P
IMG-SENSOR-003,W01,8,-22,1,100,13.88,0.4890,477.4,P,P
IMG-SENSOR-003,W01,9,-22,1,100,12.02,0.4724,498.4,P,P
IMG-SENSOR-003,W01,10,-22,1,100,12.12,0.4939,440.0,P,P
IMG-SENSOR-003,W01,11,-22,1,100,13.11,0.4696,478.0,P,P
IMG-SENSOR-003,W01,-11,-21,1,100,11.45,0.4542,500.1,P,P
IMG-SENSOR-003,W01,-10,-21,1,100,12.02,0.4434,490.1,P,P
IMG-SENSOR-003,W01,-9,-21,1,100,13.31,0.4276,503.2,P,P
IMG-SENSOR-003,W01,-8,-21,1,100,7.77,0.4339,489.1,P,P
IMG-SENSOR-003,W01,-7,-21,4,302,60.29,0.6012,275.3,P,P
IMG-SENSOR-003,W01,-6,-21,1,100,12.23,0.4346,459.0,P,P
IMG-SENSOR-003,W01,-5,-21,2,201,45.90,0.5901,377.6,P,P
IMG-SENSOR-003,W01,-4,-21,1,100,14.75,0.4306,464.3,P,P
IMG-SENSOR-003,W01,-3,-21,1,100,10.37,0.4713,480.2,P,P
IMG-SENSOR-003,W01,-2,-21,1,100,12.26,0.4434,482.7,P,P
IMG-SENSOR-003,W01,-1,-21,1,100,13.63,0.4564,476.3,P,P
IMG-SENSOR-003,W01,0,-21,1,100,14.62,0.4714,497.7,P,P
IMG-SENSOR-003,W01,1,-21,1,100,12.35,0.4238,450.4,P,P
IMG-SENSOR-003,W01,2,-21,1,100,14.25,0.4780,494.0,P,P
IMG-SENSOR-003,W01,3,-21,1,100,15.43,0.4729,451.1,P,P
IMG-SENSOR-003,W01,4,-21,1,100,10.74,0.4298,474.8,P,P
IMG-SENSOR-003,W01,5,-21,1,100,14.72,0.4654,472.7,P,P
IMG-SENSOR-003,W01,6,-21,1,100,14.39,0.4443,463.2,P,P
IMG-SENSOR-003,W01,7,-21,1,100,11.72,0.4565,505.5,P,P
IMG-SENSOR-003,W01,8,-21,1,100,9.35,0.4907,487.1,P,P
IMG-SENSOR-003,W01,9,-21,1,100,13.83,0.4477,458.7,P,P
IMG-SENSOR-003,W01,10,-21,1,100,14.56,0.4822,459.6,P,P
IMG-SENSOR-003,W01,11,-21,1,100,13.18,0.5143,488.8,P,P
IMG-SENSOR-003,W01,-11,-20,1,100,11.56,0.4567,478.0,P,P
IMG-SENSOR-003,W01,-10,-20,1,100,11.50,0.4309,465.6,P,P
IMG-SENSOR-003,W01,-9,-20,1,100,13.87,0.4393,498.0,P,P
IMG-SENSOR-003,W01,-8,-20,1,100,11.73,0.4159,477.3,P,P
IMG-SENSOR-003,W01,-7,-20,1,100,16.98,0.4414,462.9,P,P
IMG-SENSOR-003,W01,-6,-20,1,100,13.01,0.4495,456.3,P,P
IMG-SENSOR-003,W01,-5,-20,1,100,11.58,0.4431,472.7,P,P
IMG-SENSOR-003,W01,-4,-20,1,100,13.47,0.4430,493.8,P,P
IMG-SENSOR-003,W01,-3,-20,1,100,13.39,0.4419,459.4,P,P
IMG-SENSOR-003,W01,-2,-20,1,100,15.27,0.4609,469.7,P,P
IMG-SENSOR-003,W01,-1,-20,1,100,13.37,0.4709,477.1,P,P
IMG-SENSOR-003,W01,0,-20,1,100,12.67,0.4396,484.5,P,P
IMG-SENSOR-003,W01,1,-20,1,100,16.12,0.4365,482.6,P,P
IMG-SENSOR-003,W01,2,-20,1,100,15.10,0.4604,513.3,P,P
IMG-SENSOR-003,W01,3,-20,3,301,38.01,0.5745,273.0,P,P
IMG-SENSOR-003,W01,4,-20,1,100,13.24,0.4692,479.9,P,P
IMG-SENSOR-003,W01,5,-20,1,100,11.43,0.4768,494.3,P,P
IMG-SENSOR-003,W01,6,-20,1,100,9.26,0.4840,474.0,P,P
IMG-SENSOR-003,W01,7,-20,1,100,13.88,0.4854,466.9,P,P
IMG-SENSOR-003,W01,8,-20,1,100,13.85,0.4771,470.6,P,P
IMG-SENSOR-003,W01,9,-20,1,100,10.51,0.4654,498.3,P,P
IMG-SENSOR-003,W01,10,-20,1,100,12.04,0.4780,492.8,P,P
IMG-SENSOR-003,W01,11,-20,1,100,12.05,0.4404,455.9,P,P
IMG-SENSOR-003,W01,-11,-19,1,100,11.83,0.4338,436.4,P,P
IMG-SENSOR-003,W01,-10,-19,1,100,9.46,0.4748,489.0,P,P
IMG-SENSOR-003,W01,-9,-19,1,100,12.58,0.4513,479.6,P,P
IMG-SENSOR-003,W01,-8,-19,1,100,10.74,0.4655,439.0,P,P
IMG-SENSOR-003,W01,-7,-19,1,100,15.54,0.4448,469.1,P,P
IMG-SENSOR-003,W01,-6,-19,1,100,13.44,0.4220,459.1,F,P
IMG-SENSOR-003,W01,-5,-19,1,100,10.26,0.4479,505.6,P,P
IMG-SENSOR-003,W01,-4,-19,1,100,14.10,0.4320,499.6,P,P
IMG-SENSOR-003,W01,-3,-19,2,401,36.32,0.5793,325.9,P,P
IMG-SENSOR-003,W01,-2,-19,1,100,13.91,0.4717,505.4,P,P
IMG-SENSOR-003,W01,-1,-19,1,100,11.68,0.4583,473.5,P,P
IMG-SENSOR-003,W01,0,-19,1,100,14.21,0.4881,466.1,P,P
IMG-SENSOR-003,W01,1,-19,1,100,14.15,0.4549,490.4,P,P
IMG-SENSOR-003,W01,2,-19,1,100,8.59,0.4770,500.6,P,P
IMG-SENSOR-003,W01,3,-19,1,100,9.26,0.4782,485.9,P,P
IMG-SENSOR-003,W01,4,-19,1,100,12.57,0.4118,491.1,P,P
IMG-SENSOR-003,W01,5,-19,1,100,13.78,0.4737,488.3,P,P
IMG-SENSOR-003,W01,6,-19,1,100,9.97,0.4682,493.9,P,P
IMG-SENSOR-003,W01,7,-19,1,100,10.99,0.4679,489.4,P,P
IMG-SENSOR-003,W01,8,-19,1,100,10.81,0.5012,515.9,P,P
IMG-SENSOR-003,W01,9,-19,1,100,9.87,0.4643,493.5,P,P
IMG-SENSOR-003,W01,10,-19,1,100,11.36,0.4872,475.2,P,P
IMG-SENSOR-003,W01,11,-19,1,100,14.05,0.4965,508.6,P,P
IMG-SENSOR-003,W01,-11,-18,1,100,12.46,0.4346,483.6,P,P
IMG-SENSOR-003,W01,-10,-18,1,100,14.06,0.4249,462.7,P,P
IMG-SENSOR-003,W01,-9,-18,1,100,9.98,0.4437,468.1,P,P
IMG-SENSOR-003,W01,-8,-18,1,100,13.71,0.4516,453.8,P,P
IMG-SENSOR-003,W01,-7,-18,1,100,15.49,0.4451,492.7,P,P
IMG-SENSOR-003,W01,-6,-18,1,100,13.95,0.4354,505.1,P,P
IMG-SENSOR-003,W01,-5,-18,1,100,11.31,0.4609,485.7,P,P
IMG-SENSOR-003,W01,-4,-18,1,100,9.45,0.4542,477.0,P,P
IMG-SENSOR-003,W01,-3,-18,1,100,16.82,0.4667,510.5,P,P
IMG-SENSOR-003,W01,-2,-18,1,100,9.00,0.4546,501.9,P,P
IMG-SENSOR-003,W01,-1,-18,1,100,15.35,0.4758,490.8,P,P
IMG-SENSOR-003,W01,0,-18,1,100,11.21,0.4592,454.6,P,P
IMG-SENSOR-003,W01,1,-18,1,100,12.17,0.4655,506.7,P,P
IMG-SENSOR-003,W01,2,-18,1,100,13.56,0.4613,479.0,P,P
IMG-SENSOR-003,W01,3,-18,1,100,11.51,0.4562,455.5,P,P
IMG-SENSOR-003,W01,4,-18,1,100,10.99,0.4787,468.9,P,P
IMG-SENSOR-003,W01,5,-18,1,100,11.54,0.4910,479.9,P,P
IMG-SENSOR-003,W01,6,-18,1,100,15.52,0.4818,463.8,P,P
IMG-SENSOR-003,W01,7,-18,1,100,11.66,0.4711,478.3,P,P
IMG-SENSOR-003,W01,8,-18,1,100,15.86,0.4720,490.6,P,P
IMG-SENSOR-003,W01,9,-18,1,100,11.46,0.4754,518.5,P,P
IMG-SENSOR-003,W01,10,-18,1,100,16.71,0.4594,465.7,P,P
IMG-SENSOR-003,W01,11,-18,1,100,13.06,0.4754,466.0,P,P
IMG-SENSOR-003,W01,-11,-17,1,100,12.95,0.4351,472.9,P,P
IMG-SENSOR-003,W01,-10,-17,1,100,10.25,0.4505,489.6,P,P
IMG-SENSOR-003,W01,-9,-17,1,100,9.62,0.4565,479.3,P,P
IMG-SENSOR-003,W01,-8,-17,1,100,11.24,0.4386,477.5,P,P
IMG-SENSOR-003,W01,-7,-17,1,100,8.55,0.4591,468.9,P,P
IMG-SENSOR-003,W01,-6,-17,1,100,11.11,0.4292,478.0,P,P
IMG-SENSOR-003,W01,-5,-17,1,100,13.11,0.4679,449.5,P,P
IMG-SENSOR-003,W01,-4,-17,1,100,13.81,0.4652,477.8,P,P
IMG-SENSOR-003,W01,-3,-17,1,100,11.84,0.4520,503.2,P,P
IMG-SENSOR-003,W01,-2,-17,1,100,10.86,0.4655,474.0,P,P
IMG-SENSOR-003,W01,-1,-17,1,100,12.14,0.4618,510.5,P,P
IMG-SENSOR-003,W01,0,-17,1,100,14.04,0.4788,464.8,P,P
IMG-SENSOR-003,W01,1,-17,1,100,13.92,0.4608,502.3,P,P
IMG-SENSOR-003,W01,2,-17,1,100,11.98,0.4749,502.7,P,P
IMG-SENSOR-003,W01,3,-17,1,100,12.48,0.4764,464.1,P,P
IMG-SENSOR-003,W01,4,-17,1,100,11.49,0.4620,495.7,P,P
IMG-SENSOR-003,W01,5,-17,1,100,14.17,0.4937,457.9,P,P
IMG-SENSOR-003,W01,6,-17,1,100,13.29,0.4538,503.7,P,P
IMG-SENSOR-003,W01,7,-17,1,100,12.01,0.4905,465.0,P,P
IMG-SENSOR-003,W01,8,-17,1,100,12.19,0.4586,476.9,P,P
IMG-SENSOR-003,W01,9,-17,1,100,9.97,0.4771,464.9,P,P
IMG-SENSOR-003,W01,10,-17,1,100,15.45,0.4781,451.2,P,P
IMG-SENSOR-003,W01,11,-17,1,100,15.57,0.4737,484.7,P,P
IMG-SENSOR-003,W01,-11,-16,1,100,11.10,0.4184,494.8,P,P
IMG-SENSOR-003,W01,-10,-16,1,100,11.59,0.4233,488.2,P,P
IMG-SENSOR-003,W01,-9,-16,1,100,12.90,0.4216,483.3,P,P
IMG-SENSOR-003,W01,-8,-16,1,100,12.15,0.4311,505.2,P,P
IMG-SENSOR-003,W01,-7,-16,1,100,11.51,0.4631,474.2,P,P
IMG-SENSOR-003,W01,-6,-16,1,100,16.09,0.4614,486.9,P,P
IMG-SENSOR-003,W01,-5,-16,1,100,14.27,0.4500,454.8,P,P
IMG-SENSOR-003,W01,-4,-16,1,100,12.42,0.4655,490.7,P,P
IMG-SENSOR-003,W01,-3,-16,1,100,10.11,0.4409,490.3,P,P
IMG-SENSOR-003,W01,-2,-16,1,100,14.37,0.4643,502.9,P,P
IMG-SENSOR-003,W01,-1,-16,1,100,10.58,0.4561,482.2,P,P
IMG-SENSOR-003,W01,0,-16,1,100,10.39,0.4389,476.5,P,P
IMG-SENSOR-003,W01,1,-16,1,100,13.48,0.4730,463.7,P,P
IMG-SENSOR-003,W01,2,-16,1,100,12.51,0.4555,491.2,P,P
IMG-SENSOR-003,W01,3,-16,2,202,34.11,0.6121,367.8,P,P
IMG-SENSOR-003,W01,4,-16,1,100,12.52,0.4897,488.4,P,P
IMG-SENSOR-003,W01,5,-16,1,100,11.95,0.4793,467.8,P,P
IMG-SENSOR-003,W01,6,-16,1,100,12.15,0.4926,468.4,P,P
IMG-SENSOR-003,W01,7,-16,1,100,12.92,0.4781,502.5,P,P
IMG-SENSOR-003,W01,8,-16,1,100,10.72,0.4763,510.9,P,P
IMG-SENSOR-003,W01,9,-16,1,100,14.11,0.4655,488.5,P,P
IMG-SENSOR-003,W01,10,-16,1,100,11.26,0.4886,484.1,P,P
IMG-SENSOR-003,W01,11,-16,1,100,11.45,0.5011,502.9,P,P
IMG-SENSOR-003,W01,-11,-15,1,100,14.00,0.4443,484.7,P,P
IMG-SENSOR-003,W01,-10,-15,1,100,15.26,0.4673,453.8,P,P
IMG-SENSOR-003,W01,-9,-15,1,100,15.70,0.4431,478.3,P,P
IMG-SENSOR-003,W01,-8,-15,1,100,12.72,0.4357,508.6,P,P
IMG-SENSOR-003,W01,-7,-15,1,100,13.11,0.4589,491.7,P,P
IMG-SENSOR-003,W01,-6,-15,1,100,10.78,0.4514,463.3,P,P
IMG-SENSOR-003,W01,-5,-15,1,100,9.23,0.4390,503.8,P,P
IMG-SENSOR-003,W01,-4,-15,1,100,14.17,0.4647,476.6,P,P
IMG-SENSOR-003,W01,-3,-15,1,100,11.07,0.4581,503.8,P,P
IMG-SENSOR-003,W01,-2,-15,1,100,11.72,0.4737,471.7,P,P
IMG-SENSOR-003,W01,-1,-15,1,100,16.40,0.4595,470.2,P,P
IMG-SENSOR-003,W01,0,-15,1,100,11.87,0.4834,466.1,P,P
IMG-SENSOR-003,W01,1,-15,1,100,13.71,0.4516,486.6,P,P
IMG-SENSOR-003,W01,2,-15,1,100,9.38,0.4726,456.4,P,P
IMG-SENSOR-003,W01,3,-15,1,100,10.14,0.4842,498.8,P,P
IMG-SENSOR-003,W01,4,-15,1,100,11.57,0.4582,481.1,P,P
IMG-SENSOR-003,W01,5,-15,1,100,8.82,0.4445,489.3,P,P
IMG-SENSOR-003,W01,6,-15,2,201,62.20,0.6169,368.2,P,P
IMG-SENSOR-003,W01,7,-15,1,100,12.08,0.5013,455.7,P,P
IMG-SENSOR-003,W01,8,-15,1,100,12.48,0.4620,498.2,P,P
IMG-SENSOR-003,W01,9,-15,1,100,10.52,0.4973,519.5,P,P
IMG-SENSOR-003,W01,10,-15,2,202,46.21,0.6399,318.6,P,F
IMG-SENSOR-003,W01,11,-15,1,100,13.07,0.4679,480.9,P,P
IMG-SENSOR-003,W01,-11,-14,4,201,54.88,0.5653,279.3,P,P
IMG-SENSOR-003,W01,-10,-14,1,100,11.39,0.4391,486.4,P,P
IMG-SENSOR-003,W01,-9,-14,1,100,12.38,0.4686,458.0,F,P
IMG-SENSOR-003,W01,-8,-14,1,100,15.52,0.4689,476.7,P,P
IMG-SENSOR-003,W01,-7,-14,1,100,12.04,0.4421,481.5,P,P
IMG-SENSOR-003,W01,-6,-14,1,100,12.74,0.4811,449.1,P,P
IMG-SENSOR-003,W01,-5,-14,1,100,12.31,0.4902,458.6,P,P
IMG-SENSOR-003,W01,-4,-14,1,100,10.38,0.4529,493.0,P,P
IMG-SENSOR-003,W01,-3,-14,1,100,10.62,0.4448,523.1,P,P
IMG-SENSOR-003,W01,-2,-14,1,100,12.58,0.4829,474.7,P,P
IMG-SENSOR-003,W01,-1,-14,1,100,13.44,0.4629,496.6,P,P
IMG-SENSOR-003,W01,0,-14,1,100,12.66,0.4395,469.5,P,P
IMG-SENSOR-003,W01,1,-14,1,100,15.55,0.4839,432.6,P,P
IMG-SENSOR-003,W01,2,-14,1,100,10.44,0.4956,496.2,P,P
IMG-SENSOR-003,W01,3,-14,1,100,10.08,0.4721,481.1,P,P
IMG-SENSOR-003,W01,4,-14,1,100,13.13,0.4717,495.1,P,P
IMG-SENSOR-003,W01,5,-14,1,100,16.21,0.4562,489.6,P,P
IMG-SENSOR-003,W01,6,-14,1,100,13.99,0.4890,504.7,P,P
IMG-SENSOR-003,W01,7,-14,1,100,9.13,0.4771,497.0,P,P
IMG-SENSOR-003,W01,8,-14,1,100,11.65,0.4607,470.7,P,P
IMG-SENSOR-003,W01,9,-14,1,100,11.06,0.5133,481.7,P,P
IMG-SENSOR-003,W01,10,-14,1,100,13.17,0.4902,481.1,P,P
IMG-SENSOR-003,W01,11,-14,1,100,12.79,0.4773,448.6,P,P
IMG-SENSOR-003,W01,-11,-13,1,100,17.06,0.4643,528.2,P,P
IMG-SENSOR-003,W01,-10,-13,1,100,11.11,0.4398,501.9,P,P
IMG-SENSOR-003,W01,-9,-13,1,100,9.82,0.4484,481.2,P,P
IMG-SENSOR-003,W01,-8,-13,1,100,13.15,0.4354,497.4,P,P
IMG-SENSOR-003,W01,-7,-13,1,100,12.85,0.4506,508.1,P,P
IMG-SENSOR-003,W01,-6,-13,1,100,9.61,0.4526,462.1,P,P
IMG-SENSOR-003,W01,-5,-13,1,100,13.33,0.4684,493.4,P,P
IMG-SENSOR-003,W01,-4,-13,1,100,9.59,0.4654,466.2,P,P
IMG-SENSOR-003,W01,-3,-13,1,100,13.65,0.4527,473.0,P,P
IMG-SENSOR-003,W01,-2,-13,1,100,9.01,0.4844,482.4,P,P
IMG-SENSOR-003,W01,-1,-13,1,100,11.63,0.4791,490.2,P,P
IMG-SENSOR-003,W01,0,-13,1,100,11.21,0.4683,497.7,P,P
IMG-SENSOR-003,W01,1,-13,1,100,8.70,0.4409,467.2,P,P
IMG-SENSOR-003,W01,2,-13,1,100,11.48,0.4664,466.4,P,P
IMG-SENSOR-003,W01,3,-13,1,100,10.56,0.4717,496.5,P,P
IMG-SENSOR-003,W01,4,-13,1,100,12.77,0.4656,471.6,P,P
IMG-SENSOR-003,W01,5,-13,1,100,10.08,0.4829,479.9,P,P
IMG-SENSOR-003,W01,6,-13,1,100,13.28,0.4932,490.6,P,P
IMG-SENSOR-003,W01,7,-13,1,100,11.87,0.4712,509.2,P,P
IMG-SENSOR-003,W01,8,-13,1,100,16.03,0.4754,475.4,P,P
IMG-SENSOR-003,W01,9,-13,1,100,14.56,0.4935,480.9,P,P
IMG-SENSOR-003,W01,10,-13,1,100,11.75,0.4696,481.9,P,P
IMG-SENSOR-003,W01,11,-13,1,100,12.39,0.4991,450.3,P,P
IMG-SENSOR-003,W01,-11,-12,1,100,13.15,0.4328,503.8,P,P
IMG-SENSOR-003,W01,-10,-12,1,100,11.18,0.4373,490.0,P,P
IMG-SENSOR-003,W01,-9,-12,1,100,13.53,0.4500,492.2,P,P
IMG-SENSOR-003,W01,-8,-12,1,100,10.63,0.4356,501.0,P,P
IMG-SENSOR-003,W01,-7,-12,1,100,13.71,0.4516,478.0,P,P
IMG-SENSOR-003,W01,-6,-12,1,100,13.59,0.4538,503.5,P,P
IMG-SENSOR-003,W01,-5,-12,1,100,13.97,0.4639,487.4,P,P
IMG-SENSOR-003,W01,-4,-12,1,100,11.00,0.4467,453.1,P,P
IMG-SENSOR-003,W01,-3,-12,1,100,11.79,0.4752,480.1,P,P
IMG-SENSOR-003,W01,-2,-12,1,100,12.22,0.4681,474.0,P,P
IMG-SENSOR-003,W01,-1,-12,1,100,11.91,0.4475,508.7,P,P
IMG-SENSOR-003,W01,0,-12,2,401,50.77,0.6174,367.8,F,P
IMG-SENSOR-003,W01,1,-12,1,100,14.37,0.4612,449.4,P,P
IMG-SENSOR-003,W01,2,-12,1,100,13.76,0.4949,476.2,P,P
IMG-SENSOR-003,W01,3,-12,1,100,14.06,0.4728,460.8,P,P
IMG-SENSOR-003,W01,4,-12,1,100,12.08,0.4835,476.4,P,P
IMG-SENSOR-003,W01,5,-12,1,100,15.74,0.4771,426.2,P,P
IMG-SENSOR-003,W01,6,-12,1,100,14.79,0.4801,488.5,P,P
IMG-SENSOR-003,W01,7,-12,1,100,12.79,0.4945,477.3,P,P
IMG-SENSOR-003,W01,8,-12,1,100,14.39,0.4718,492.3,P,P
IMG-SENSOR-003,W01,9,-12,1,100,10.90,0.4869,464.3,P,P
IMG-SENSOR-003,W01,10,-12,1,100,13.14,0.4888,435.2,P,P
IMG-SENSOR-003,W01,11,-12,1,100,12.67,0.4907,481.5,P,P
IMG-SENSOR-003,W01,-11,-11,1,100,13.79,0.4308,468.0,P,P
IMG-SENSOR-003,W01,-10,-11,1,100,10.70,0.4507,477.7,P,P
IMG-SENSOR-003,W01,-9,-11,1,100,9.66,0.4525,473.9,P,P
IMG-SENSOR-003,W01,-8,-11,1,100,11.13,0.4596,484.2,P,P
IMG-SENSOR-003,W01,-7,-11,1,100,13.50,0.4756,471.1,P,P
IMG-SENSOR-003,W01,-6,-11,1,100,14.34,0.4381,487.5,P,P
IMG-SENSOR-003,W01,-5,-11,1,100,16.17,0.4591,493.0,P,P
IMG-SENSOR-003,W01,-4,-11,1,100,16.36,0.4688,475.1,P,P
IMG-SENSOR-003,W01,-3,-11,1,100,9.49,0.4722,500.1,P,P
IMG-SENSOR-003,W01,-2,-11,1,100,10.77,0.4898,497.4,P,P
IMG-SENSOR-003,W01,-1,-11,1,100,10.25,0.4629,482.9,P,P
IMG-SENSOR-003,W01,0,-11,1,100,11.30,0.4871,460.9,P,P
IMG-SENSOR-003,W01,1,-11,1,100,13.54,0.4603,474.8,P,P
IMG-SENSOR-003,W01,2,-11,1,100,12.27,0.4707,467.2,F,P
IMG-SENSOR-003,W01,3,-11,1,100,14.25,0.4832,478.4,P,P
IMG-SENSOR-003,W01,4,-11,1,100,11.50,0.4879,496.2,P,P
IMG-SENSOR-003,W01,5,-11,1,100,10.29,0.4483,446.9,P,P
IMG-SENSOR-003,W01,6,-11,1,100,10.83,0.4713,430.5,P,P
IMG-SENSOR-003,W01,7,-11,1,100,13.67,0.4836,508.9,P,P
IMG-SENSOR-003,W01,8,-11,1,100,14.30,0.4975,465.1,P,P
IMG-SENSOR-003,W01,9,-11,1,100,10.71,0.5202,485.3,P,P
IMG-SENSOR-003,W01,10,-11,1,100,13.71,0.4785,460.3,P,P
IMG-SENSOR-003,W01,11,-11,1,100,12.66,0.5155,448.0,P,P
IMG-SENSOR-003,W01,-11,-10,1,100,14.34,0.4607,451.3,P,P
IMG-SENSOR-003,W01,-10,-10,1,100,14.81,0.4234,492.8,P,P
IMG-SENSOR-003,W01,-9,-10,1,100,14.55,0.4651,471.3,P,P
IMG-SENSOR-003,W01,-8,-10,1,100,10.96,0.4458,522.2,P,P
IMG-SENSOR-003,W01,-7,-10,1,100,12.87,0.4468,528.1,P,P
IMG-SENSOR-003,W01,-6,-10,1,100,14.45,0.4566,483.9,P,P
IMG-SENSOR-003,W01,-5,-10,1,100,9.82,0.4394,490.1,P,P
IMG-SENSOR-003,W01,-4,-10,1,100,12.97,0.4607,488.8,P,P
IMG-SENSOR-003,W01,-3,-10,1,100,8.84,0.4524,464.4,P,P
IMG-SENSOR-003,W01,-2,-10,1,100,13.56,0.4644,478.6,P,P
IMG-SENSOR-003,W01,-1,-10,1,100,12.63,0.4729,481.5,P,P
IMG-SENSOR-003,W01,0,-10,1,100,13.38,0.4684,483.1,P,P
IMG-SENSOR-003,W01,1,-10,1,100,14.75,0.5002,463.0,P,P
IMG-SENSOR-003,W01,2,-10,1,100,13.77,0.4712,478.8,P,P
IMG-SENSOR-003,W01,3,-10,1,100,11.74,0.4632,457.6,P,P
IMG-SENSOR-003,W01,4,-10,1,100,11.28,0.4814,510.1,P,P
IMG-SENSOR-003,W01,5,-10,1,100,15.01,0.4701,495.4,P,P
IMG-SENSOR-003,W01,6,-10,1,100,11.71,0.4868,482.6,P,P
IMG-SENSOR-003,W01,7,-10,1,100,14.33,0.4782,480.4,P,P
IMG-SENSOR-003,W01,8,-10,1,100,11.31,0.5097,508.7,P,P
IMG-SENSOR-003,W01,9,-10,1,100,11.89,0.4821,472.9,P,P
IMG-SENSOR-003,W01,10,-10,1,100,15.15,0.5209,515.1,P,P
IMG-SENSOR-003,W01,11,-10,1,100,9.96,0.4850,461.0,P,P
IMG-SENSOR-003,W01,-11,-9,1,100,9.14,0.4329,485.7,P,P
IMG-SENSOR-003,W01,-10,-9,1,100,14.27,0.4691,481.3,P,P
IMG-SENSOR-003,W01,-9,-9,1,100,7.71,0.4634,475.5,P,P
IMG-SENSOR-003,W01,-8,-9,1,100,10.08,0.4887,505.4,P,P
IMG-SENSOR-003,W01,-7,-9,1,100,10.54,0.4600,474.5,P,P
IMG-SENSOR-003,W01,-6,-9,1,100,11.90,0.4389,476.3,P,P
IMG-SENSOR-003,W01,-5,-9,1,100,13.05,0.4455,471.6,P,P
IMG-SENSOR-003,W01,-4,-9,1,100,15.11,0.4533,495.2,P,P
IMG-SENSOR-003,W01,-3,-9,1,100,12.93,0.4596,470.6,P,P
IMG-SENSOR-003,W01,-2,-9,1,100,13.32,0.4707,502.7,P,P
IMG-SENSOR-003,W01,-1,-9,1,100,13.42,0.4632,498.1,P,P
IMG-SENSOR-003,W01,0,-9,1,100,15.89,0.4718,453.8,P,P
IMG-SENSOR-003,W01,1,-9,1,100,14.05,0.4847,476.0,P,P
IMG-SENSOR-003,W01,2,-9,1,100,12.66,0.4639,464.3,P,P
IMG-SENSOR-003,W01,3,-9,1,100,9.60,0.5043,474.6,P,P
IMG-SENSOR-003,W01,4,-9,1,100,9.37,0.4933,493.4,P,P
IMG-SENSOR-003,W01,5,-9,1,100,10.73,0.4782,477.9,P,P
IMG-SENSOR-003,W01,6,-9,1,100,11.49,0.5066,507.0,P,P
IMG-SENSOR-003,W01,7,-9,1,100,15.38,0.4793,511.9,P,P
IMG-SENSOR-003,W01,8,-9,1,100,11.98,0.4891,512.7,P,P
IMG-SENSOR-003,W01,9,-9,1,100,11.24,0.5052,456.8,P,P
IMG-SENSOR-003,W01,10,-9,1,100,10.49,0.4784,479.7,P,P
IMG-SENSOR-003,W01,11,-9,1,100,8.78,0.4806,477.0,P,P
IMG-SENSOR-003,W01,-11,-8,1,100,12.20,0.4260,477.3,P,P
IMG-SENSOR-003,W01,-10,-8,1,100,14.19,0.4451,496.2,P,P
IMG-SENSOR-003,W01,-9,-8,1,100,13.93,0.4443,443.3,P,P
IMG-SENSOR-003,W01,-8,-8,1,100,11.47,0.4444,502.7,P,P
IMG-SENSOR-003,W01,-7,-8,1,100,11.48,0.4621,479.3,P,P
IMG-SENSOR-003,W01,-6,-8,1,100,12.30,0.4386,511.8,P,P
IMG-SENSOR-003,W01,-5,-8,1,100,15.27,0.4807,472.5,P,P
IMG-SENSOR-003,W01,-4,-8,4,302,42.99,0.6101,269.1,F,P
IMG-SENSOR-003,W01,-3,-8,1,100,9.52,0.4784,472.4,P,P
IMG-SENSOR-003,W01,-2,-8,1,100,11.75,0.4515,464.1,P,P
IMG-SENSOR-003,W01,-1,-8,1,100,11.80,0.4775,458.3,P,P
IMG-SENSOR-003,W01,0,-8,1,100,13.19,0.4748,515.0,P,P
IMG-SENSOR-003,W01,1,-8,1,100,15.48,0.4588,495.3,P,P
IMG-SENSOR-003,W01,2,-8,1,100,13.24,0.4746,493.6,P,P
IMG-SENSOR-003,W01,3,-8,1,100,12.23,0.4791,512.1,P,P
IMG-SENSOR-003,W01,4,-8,1,100,11.09,0.4595,482.0,P,P
IMG-SENSOR-003,W01,5,-8,1,100,16.54,0.5064,463.7,P,P
IMG-SENSOR-003,W01,6,-8,1,100,14.17,0.4801,499.4,P,P
IMG-SENSOR-003,W01,7,-8,1,100,13.61,0.4889,473.5,P,P
IMG-SENSOR-003,W01,8,-8,1,100,10.84,0.4621,485.1,P,P
IMG-SENSOR-003,W01,9,-8,1,100,10.63,0.4717,477.4,P,P
IMG-SENSOR-003,W01,10,-8,1,100,14.17,0.4673,477.1,P,P
IMG-SENSOR-003,W01,11,-8,1,100,13.10,0.4768,486.2,P,P
IMG-SENSOR-003,W01,-11,-7,1,100,15.41,0.4395,479.4,P,P
IMG-SENSOR-003,W01,-10,-7,4,202,63.25,0.5988,329.2,P,P
IMG-SENSOR-003,W01,-9,-7,1,100,11.43,0.4591,454.2,P,P
IMG-SENSOR-003,W01,-8,-7,1,100,11.42,0.4363,452.6,P,P
IMG-SENSOR-003,W01,-7,-7,1,100,13.05,0.4672,475.4,P,P
IMG-SENSOR-003,W01,-6,-7,1,100,9.89,0.4430,471.8,P,P
IMG-SENSOR-003,W01,-5,-7,1,100,11.35,0.4356,477.3,P,P
IMG-SENSOR-003,W01,-4,-7,1,100,14.28,0.4531,486.6,P,P
IMG-SENSOR-003,W01,-3,-7,2,301,47.63,0.5985,347.3,F,P
IMG-SENSOR-003,W01,-2,-7,1,100,10.81,0.4413,507.0,P,P
IMG-SENSOR-003,W01,-1,-7,1,100,13.80,0.4674,476.0,P,P
IMG-SENSOR-003,W01,0,-7,1,100,12.43,0.4644,457.1,P,P
IMG-SENSOR-003,W01,1,-7,1,100,12.53,0.4785,485.1,P,P
IMG-SENSOR-003,W01,2,-7,1,100,11.61,0.4557,483.7,P,P
IMG-SENSOR-003,W01,3,-7,1,100,12.45,0.4951,510.8,P,P
IMG-SENSOR-003,W01,4,-7,1,100,16.62,0.5041,479.3,P,P
IMG-SENSOR-003,W01,5,-7,1,100,10.59,0.4656,484.0,P,P
IMG-SENSOR-003,W01,6,-7,1,100,13.76,0.4847,474.0,P,P
IMG-SENSOR-003,W01,7,-7,1,100,13.90,0.4849,487.9,P,P
IMG-SENSOR-003,W01,8,-7,1,100,13.44,0.5046,476.2,P,P
IMG-SENSOR-003,W01,9,-7,1,100,11.99,0.4940,460.8,P,P
IMG-SENSOR-003,W01,10,-7,1,100,12.34,0.4967,470.3,P,P
IMG-SENSOR-003,W01,11,-7,1,100,10.60,0.4936,471.6,P,P
IMG-SENSOR-003,W01,-11,-6,1,100,10.73,0.4490,478.8,P,P
IMG-SENSOR-003,W01,-10,-6,1,100,13.61,0.4492,487.8,P,P
IMG-SENSOR-003,W01,-9,-6,1,100,15.25,0.4544,488.0,P,P
IMG-SENSOR-003,W01,-8,-6,1,100,10.87,0.4742,449.8,P,P
IMG-SENSOR-003,W01,-7,-6,1,100,13.25,0.4478,467.2,P,P
IMG-SENSOR-003,W01,-6,-6,1,100,8.74,0.4383,480.9,P,P
IMG-SENSOR-003,W01,-5,-6,1,100,11.88,0.4648,488.2,P,P
IMG-SENSOR-003,W01,-4,-6,1,100,10.77,0.4805,479.0,P,P
IMG-SENSOR-003,W01,-3,-6,1,100,13.75,0.4927,483.8,P,P
IMG-SENSOR-003,W01,-2,-6,1,100,13.14,0.4271,477.2,P,P
IMG-SENSOR-003,W01,-1,-6,1,100,11.94,0.4754,477.8,P,P
IMG-SENSOR-003,W01,0,-6,1,100,14.49,0.4402,474.3,P,P
IMG-SENSOR-003,W01,1,-6,1,100,11.60,0.4691,482.6,P,P
IMG-SENSOR-003,W01,2,-6,1,100,12.20,0.4814,481.2,P,P
IMG-SENSOR-003,W01,3,-6,1,100,12.42,0.4851,440.8,P,P
IMG-SENSOR-003,W01,4,-6,1,100,10.55,0.4805,482.4,P,P
IMG-SENSOR-003,W01,5,-6,1,100,11.57,0.4706,498.3,P,P
IMG-SENSOR-003,W01,6,-6,1,100,15.74,0.4850,465.2,P,P
IMG-SENSOR-003,W01,7,-6,1,100,13.06,0.4800,439.0,P,P
IMG-SENSOR-003,W01,8,-6,1,100,13.48,0.4917,463.4,P,P
IMG-SENSOR-003,W01,9,-6,1,100,12.50,0.4605,446.6,P,P
IMG-SENSOR-003,W01,10,-6,1,100,11.92,0.4870,471.9,P,P
IMG-SENSOR-003,W01,11,-6,1,100,12.85,0.5300,457.9,P,P
IMG-SENSOR-003,W01,-11,-5,1,100,12.40,0.4689,466.8,P,P
IMG-SENSOR-003,W01,-10,-5,1,100,15.86,0.4301,529.3,P,P
IMG-SENSOR-003,W01,-9,-5,1,100,13.37,0.4476,465.3,P,P
IMG-SENSOR-003,W01,-8,-5,1,100,13.45,0.4478,455.3,P,P
IMG-SENSOR-003,W01,-7,-5,1,100,11.80,0.4702,478.4,P,P
IMG-SENSOR-003,W01,-6,-5,1,100,11.85,0.4541,471.6,P,P
IMG-SENSOR-003,W01,-5,-5,1,100,10.56,0.4787,497.7,P,P
IMG-SENSOR-003,W01,-4,-5,1,100,15.03,0.4763,468.6,P,P
IMG-SENSOR-003,W01,-3,-5,1,100,14.05,0.4534,464.4,P,P
IMG-SENSOR-003,W01,-2,-5,1,100,12.68,0.4697,485.1,P,P
IMG-SENSOR-003,W01,-1,-5,1,100,11.00,0.4947,494.6,P,P
IMG-SENSOR-003,W01,0,-5,1,100,12.46,0.4790,471.8,P,P
IMG-SENSOR-003,W01,1,-5,1,100,17.09,0.4770,481.0,P,P
IMG-SENSOR-003,W01,2,-5,1,100,13.00,0.4805,482.1,P,P
IMG-SENSOR-003,W01,3,-5,1,100,10.69,0.4896,490.5,P,P
IMG-SENSOR-003,W01,4,-5,1,100,13.96,0.4837,450.8,P,P
IMG-SENSOR-003,W01,5,-5,1,100,11.96,0.4860,469.0,P,P
IMG-SENSOR-003,W01,6,-5,1,100,12.23,0.4846,477.1,P,P
IMG-SENSOR-003,W01,7,-5,1,100,10.83,0.4944,493.0,P,P
IMG-SENSOR-003,W01,8,-5,1,100,11.09,0.4846,469.6,P,P
IMG-SENSOR-003,W01,9,-5,1,100,14.24,0.4710,477.5,P,P
IMG-SENSOR-003,W01,10,-5,1,100,10.49,0.4931,461.3,P,P
IMG-SENSOR-003,W01,11,-5,1,100,12.51,0.5090,456.0,P,P
IMG-SENSOR-003,W01,-11,-4,1,100,11.36,0.4757,461.7,P,P
IMG-SENSOR-003,W01,-10,-4,4,401,48.12,0.6063,302.5,P,P
IMG-SENSOR-003,W01,-9,-4,1,100,12.80,0.4926,482.6,P,P
IMG-SENSOR-003,W01,-8,-4,1,100,11.68,0.4651,471.0,P,P
IMG-SENSOR-003,W01,-7,-4,1,100,8.77,0.4645,479.0,P,P
IMG-SENSOR-003,W01,-6,-4,1,100,12.96,0.4471,462.6,P,P
IMG-SENSOR-003,W01,-5,-4,1,100,12.82,0.4915,430.9,P,P
IMG-SENSOR-003,W01,-4,-4,1,100,11.70,0.4353,462.2,P,P
IMG-SENSOR-003,W01,-3,-4,1,100,12.21,0.4811,508.7,P,P
IMG-SENSOR-003,W01,-2,-4,1,100,14.40,0.4680,478.6,P,P
IMG-SENSOR-003,W01,-1,-4,1,100,10.81,0.4593,491.3,P,P
IMG-SENSOR-003,W01,0,-4,1,100,12.31,0.5006,483.1,P,P
IMG-SENSOR-003,W01,1,-4,1,100,12.26,0.4653,484.1,P,P
IMG-SENSOR-003,W01,2,-4,1,100,10.84,0.4836,468.3,P,P
IMG-SENSOR-003,W01,3,-4,1,100,14.64,0.5012,529.6,P,P
IMG-SENSOR-003,W01,4,-4,1,100,11.12,0.4450,494.2,P,P
IMG-SENSOR-003,W01,5,-4,1,100,13.14,0.4983,484.0,P,P
IMG-SENSOR-003,W01,6,-4,1,100,10.87,0.4988,471.0,P,P
IMG-SENSOR-003,W01,7,-4,1,100,13.41,0.4901,464.8,P,P
IMG-SENSOR-003,W01,8,-4,1,100,12.11,0.4558,450.4,P,P
IMG-SENSOR-003,W01,9,-4,1,100,15.23,0.5242,477.5,P,P
IMG-SENSOR-003,W01,10,-4,2,202,42.48,0.6283,278.6,P,F
IMG-SENSOR-003,W01,11,-4,1,100,13.81,0.5015,478.0,P,P
IMG-SENSOR-003,W01,-11,-3,1,100,14.80,0.4430,469.7,P,P
IMG-SENSOR-003,W01,-10,-3,1,100,7.66,0.4438,483.0,P,P
IMG-SENSOR-003,W01,-9,-3,1,100,13.44,0.4675,496.4,P,P
IMG-SENSOR-003,W01,-8,-3,1,100,11.36,0.4635,507.6,P,P
IMG-SENSOR-003,W01,-7,-3,1,100,10.05,0.4519,472.3,P,P
IMG-SENSOR-003,W01,-6,-3,1,100,12.14,0.4801,460.9,P,P
IMG-SENSOR-003,W01,-5,-3,1,100,16.66,0.4799,489.6,P,P
IMG-SENSOR-003,W01,-4,-3,1,100,13.65,0.4719,515.0,P,P
IMG-SENSOR-003,W01,-3,-3,1,100,13.93,0.4743,494.3,P,P
IMG-SENSOR-003,W01,-2,-3,1,100,10.05,0.4667,487.9,P,P
IMG-SENSOR-003,W01,-1,-3,1,100,11.29,0.4899,489.6,P,P
IMG-SENSOR-003,W01,0,-3,1,100,12.92,0.4727,484.5,P,P
IMG-SENSOR-003,W01,1,-3,1,100,14.18,0.4778,485.9,P,P
IMG-SENSOR-003,W01,2,-3,1,100,11.29,0.4884,475.8,P,P
IMG-SENSOR-003,W01,3,-3,1,100,16.48,0.4788,459.6,P,P
IMG-SENSOR-003,W01,4,-3,1,100,13.50,0.4996,505.4,P,P
IMG-SENSOR-003,W01,5,-3,1,100,14.74,0.4928,493.0,P,P
IMG-SENSOR-003,W01,6,-3,1,100,12.74,0.5004,498.5,P,P
IMG-SENSOR-003,W01,7,-3,1,100,10.85,0.5282,482.0,P,P
IMG-SENSOR-003,W01,8,-3,1,100,14.40,0.5122,487.2,P,P
IMG-SENSOR-003,W01,9,-3,1,100,8.63,0.5157,496.0,P,P
IMG-SENSOR-003,W01,10,-3,1,100,16.89,0.5022,465.8,P,P
IMG-SENSOR-003,W01,11,-3,1,100,13.67,0.4562,502.3,P,P
IMG-SENSOR-003,W01,-11,-2,1,100,15.07,0.4583,462.3,P,P
IMG-SENSOR-003,W01,-10,-2,1,100,9.81,0.4628,498.8,P,P
IMG-SENSOR-003,W01,-9,-2,1,100,12.95,0.4675,480.2,P,P
IMG-SENSOR-003,W01,-8,-2,1,100,11.84,0.4703,462.0,P,P
IMG-SENSOR-003,W01,-7,-2,1,100,11.23,0.4554,485.6,P,P
IMG-SENSOR-003,W01,-6,-2,1,100,10.64,0.4475,482.2,P,P
IMG-SENSOR-003,W01,-5,-2,1,100,15.09,0.4857,476.7,P,P
IMG-SENSOR-003,W01,-4,-2,1,100,9.99,0.4601,449.5,P,P
IMG-SENSOR-003,W01,-3,-2,1,100,12.22,0.5028,492.6,P,P
IMG-SENSOR-003,W01,-2,-2,1,100,12.38,0.4709,452.6,P,P
IMG-SENSOR-003,W01,-1,-2,1,100,14.62,0.4785,483.4,P,P
IMG-SENSOR-003,W01,0,-2,1,100,15.06,0.4893,480.5,P,P
IMG-SENSOR-003,W01,1,-2,1,100,14.57,0.4880,473.6,P,P
IMG-SENSOR-003,W01,2,-2,1,100,14.90,0.4846,463.8,P,P
IMG-SENSOR-003,W01,3,-2,1,100,16.18,0.4947,480.5,P,P
IMG-SENSOR-003,W01,4,-2,1,100,12.34,0.4873,504.2,P,P
IMG-SENSOR-003,W01,5,-2,1,100,11.84,0.4937,505.6,P,P
IMG-SENSOR-003,W01,6,-2,1,100,11.17,0.4721,477.6,P,P
IMG-SENSOR-003,W01,7,-2,1,100,11.37,0.4796,460.9,P,P
IMG-SENSOR-003,W01,8,-2,1,100,10.46,0.4872,480.1,P,P
IMG-SENSOR-003,W01,9,-2,1,100,8.63,0.4933,489.2,P,P
IMG-SENSOR-003,W01,10,-2,1,100,12.98,0.5052,490.4,P,P
IMG-SENSOR-003,W01,11,-2,1,100,13.65,0.5066,492.2,P,P
IMG-SENSOR-003,W01,-11,-1,1,100,13.14,0.4527,465.0,P,P
IMG-SENSOR-003,W01,-10,-1,1,100,9.10,0.4335,471.7,P,P
IMG-SENSOR-003,W01,-9,-1,1,100,14.30,0.4424,472.7,P,P
IMG-SENSOR-003,W01,-8,-1,1,100,11.38,0.4750,485.0,P,P
IMG-SENSOR-003,W01,-7,-1,1,100,9.84,0.4781,462.1,P,P
IMG-SENSOR-003,W01,-6,-1,1,100,15.03,0.4571,448.9,P,P
IMG-SENSOR-003,W01,-5,-1,1,100,12.43,0.4691,492.1,P,P
IMG-SENSOR-003,W01,-4,-1,1,100,11.55,0.4894,449.4,P,P
IMG-SENSOR-003,W01,-3,-1,1,100,12.27,0.4784,511.7,P,P
IMG-SENSOR-003,W01,-2,-1,1,100,15.47,0.4903,482.4,P,P
IMG-SENSOR-003,W01,-1,-1,1,100,13.31,0.4534,486.0,P,P
IMG-SENSOR-003,W01,0,-1,1,100,12.34,0.4740,468.4,P,P
IMG-SENSOR-003,W01,1,-1,1,100,15.50,0.4873,450.7,P,P
IMG-SENSOR-003,W01,2,-1,1,100,9.07,0.4661,476.8,P,P
IMG-SENSOR-003,W01,3,-1,1,100,8.84,0.4777,487.6,P,P
IMG-SENSOR-003,W01,4,-1,1,100,12.37,0.5085,483.1,P,P
IMG-SENSOR-003,W01,5,-1,1,100,14.00,0.4790,458.8,P,P
IMG-SENSOR-003,W01,6,-1,1,100,11.49,0.4871,469.7,P,P
IMG-SENSOR-003,W01,7,-1,1,100,9.56,0.4814,526.1,P,P
IMG-SENSOR-003,W01,8,-1,1,100,15.76,0.4886,460.2,P,P
IMG-SENSOR-003,W01,9,-1,1,100,12.52,0.4940,463.5,P,P
IMG-SENSOR-003,W01,10,-1,1,100,11.13,0.5037,479.2,P,P
IMG-SENSOR-003,W01,11,-1,1,100,10.15,0.5213,458.3,P,P
IMG-SENSOR-003,W01,-11,0,1,100,12.38,0.4608,495.2,P,P
IMG-SENSOR-003,W01,-10,0,1,100,16.29,0.4394,475.4,P,P
IMG-SENSOR-003,W01,-9,0,1,100,14.44,0.4767,501.3,P,P
IMG-SENSOR-003,W01,-8,0,1,100,13.18,0.4704,480.5,P,P
IMG-SENSOR-003,W01,-7,0,1,100,15.42,0.4823,485.4,P,P
IMG-SENSOR-003,W01,-6,0,1,100,16.59,0.4706,464.4,P,P
IMG-SENSOR-003,W01,-5,0,1,100,14.26,0.4772,464.4,P,P
IMG-SENSOR-003,W01,-4,0,1,100,13.08,0.4575,503.5,P,P
IMG-SENSOR-003,W01,-3,0,2,301,36.17,0.6020,271.3,F,P
IMG-SENSOR-003,W01,-2,0,1,100,16.00,0.4703,462.6,P,P
IMG-SENSOR-003,W01,-1,0,1,100,16.83,0.4756,468.0,P,P
IMG-SENSOR-003,W01,0,0,1,100,14.15,0.4715,493.4,P,P
IMG-SENSOR-003,W01,1,0,1,100,12.12,0.5170,464.3,P,P
IMG-SENSOR-003,W01,2,0,1,100,16.34,0.4915,435.2,P,P
IMG-SENSOR-003,W01,3,0,1,100,9.23,0.5036,500.9,P,P
IMG-SENSOR-003,W01,4,0,1,100,13.88,0.4706,471.9,P,P
IMG-SENSOR-003,W01,5,0,1,100,10.29,0.5147,505.7,P,P
IMG-SENSOR-003,W01,6,0,2,302,49.45,0.6332,334.5,P,F
IMG-SENSOR-003,W01,7,0,1,100,13.14,0.5005,476.7,P,P
IMG-SENSOR-003,W01,8,0,1,100,13.49,0.4851,470.6,P,P
IMG-SENSOR-003,W01,9,0,1,100,13.37,0.5092,470.5,P,P
IMG-SENSOR-003,W01,10,0,1,100,12.00,0.5100,454.4,P,P
IMG-SENSOR-003,W01,11,0,3,202,37.23,0.6526,285.8,F,F
IMG-SENSOR-003,W01,-11,1,1,100,9.02,0.4555,486.3,P,P
IMG-SENSOR-003,W01,-10,1,1,100,15.79,0.4431,484.1,P,P
IMG-SENSOR-003,W01,-9,1,1,100,14.99,0.4647,453.2,P,P
IMG-SENSOR-003,W01,-8,1,1,100,10.96,0.4772,457.5,P,P
IMG-SENSOR-003,W01,-7,1,1,100,13.69,0.4612,473.0,P,P
IMG-SENSOR-003,W01,-6,1,1,100,11.11,0.4650,479.7,P,P
IMG-SENSOR-003,W01,-5,1,1,100,10.48,0.4683,485.1,P,P
IMG-SENSOR-003,W01,-4,1,1,100,15.81,0.4641,495.9,P,P
IMG-SENSOR-003,W01,-3,1,1,100,11.02,0.4826,483.2,P,P
IMG-SENSOR-003,W01,-2,1,1,100,13.05,0.5095,469.0,P,P
IMG-SENSOR-003,W01,-1,1,1,100,13.57,0.4812,491.9,P,P
IMG-SENSOR-003,W01,0,1,1,100,13.26,0.4739,483.6,P,P
IMG-SENSOR-003,W01,1,1,1,100,12.23,0.4546,475.5,P,P
IMG-SENSOR-003,W01,2,1,1,100,10.08,0.4883,492.3,P,P
IMG-SENSOR-003,W01,3,1,1,100,12.69,0.4638,483.9,P,P
IMG-SENSOR-003,W01,4,1,1,100,12.97,0.4930,435.8,P,P
IMG-SENSOR-003,W01,5,1,1,100,12.44,0.4953,455.6,P,P
IMG-SENSOR-003,W01,6,1,1,100,13.34,0.4963,487.7,P,P
IMG-SENSOR-003,W01,7,1,1,100,15.70,0.4682,462.3,P,P
IMG-SENSOR-003,W01,8,1,1,100,11.69,0.5058,480.1,P,P
IMG-SENSOR-003,W01,9,1,1,100,13.72,0.4927,507.2,P,P
IMG-SENSOR-003,W01,10,1,1,100,12.65,0.4938,467.5,P,P
IMG-SENSOR-003,W01,11,1,1,100,12.80,0.5021,457.1,P,P
IMG-SENSOR-003,W01,-11,2,1,100,12.77,0.4385,494.9,P,P
IMG-SENSOR-003,W01,-10,2,1,100,11.05,0.4552,491.4,P,P
IMG-SENSOR-003,W01,-9,2,1,100,10.36,0.4829,462.2,P,P
IMG-SENSOR-003,W01,-8,2,1,100,11.31,0.4454,479.3,P,P
IMG-SENSOR-003,W01,-7,2,1,100,12.31,0.4679,480.8,P,P
IMG-SENSOR-003,W01,-6,2,1,100,12.52,0.4496,490.2,P,P
IMG-SENSOR-003,W01,-5,2,1,100,10.40,0.4744,479.7,P,P
IMG-SENSOR-003,W01,-4,2,1,100,10.45,0.4587,484.2,P,P
IMG-SENSOR-003,W01,-3,2,1,100,9.03,0.4752,472.5,P,P
IMG-SENSOR-003,W01,-2,2,1,100,10.00,0.5039,494.8,P,P
IMG-SENSOR-003,W01,-1,2,1,100,14.73,0.4855,468.1,P,P
IMG-SENSOR-003,W01,0,2,1,100,14.22,0.4888,477.6,P,P
IMG-SENSOR-003,W01,1,2,1,100,13.45,0.5041,470.7,P,P
IMG-SENSOR-003,W01,2,2,1,100,13.77,0.4836,492.2,P,P
IMG-SENSOR-003,W01,3,2,1,100,12.20,0.4770,474.4,P,P
IMG-SENSOR-003,W01,4,2,1,100,10.11,0.4830,477.8,P,P
IMG-SENSOR-003,W01,5,2,1,100,16.54,0.4817,468.5,P,P
IMG-SENSOR-003,W01,6,2,1,100,10.45,0.5014,468.9,P,P
IMG-SENSOR-003,W01,7,2,2,202,42.68,0.6109,241.1,F,F
IMG-SENSOR-003,W01,8,2,2,201,48.76,0.6487,303.1,P,F
IMG-SENSOR-003,W01,9,2,1,100,12.66,0.4857,486.9,P,P
IMG-SENSOR-003,W01,10,2,1,100,11.69,0.4962,464.5,P,P
IMG-SENSOR-003,W01,11,2,1,100,14.68,0.4955,461.3,P,P
IMG-SENSOR-003,W01,-11,3,1,100,11.48,0.4740,497.5,P,P
IMG-SENSOR-003,W01,-10,3,1,100,12.46,0.4596,485.0,P,P
IMG-SENSOR-003,W01,-9,3,1,100,9.18,0.4630,473.1,P,P
IMG-SENSOR-003,W01,-8,3,1,100,14.22,0.4759,498.8,P,P
IMG-SENSOR-003,W01,-7,3,1,100,10.65,0.4729,442.7,P,P
IMG-SENSOR-003,W01,-6,3,1,100,13.99,0.4763,496.0,P,P
IMG-SENSOR-003,W01,-5,3,4,401,37.13,0.6236,287.5,F,P
IMG-SENSOR-003,W01,-4,3,1,100,13.89,0.4545,470.9,P,P
IMG-SENSOR-003,W01,-3,3,1,100,9.84,0.4814,484.2,P,P
IMG-SENSOR-003,W01,-2,3,1,100,15.00,0.4993,454.8,P,P
IMG-SENSOR-003,W01,-1,3,1,100,12.28,0.4698,478.0,P,P
IMG-SENSOR-003,W01,0,3,1,100,14.98,0.4542,513.9,P,P
IMG-SENSOR-003,W01,1,3,1,100,12.70,0.4903,474.2,P,P
IMG-SENSOR-003,W01,2,3,1,100,14.53,0.4791,483.4,P,P
IMG-SENSOR-003,W01,3,3,1,100,15.22,0.4816,466.0,P,P
IMG-SENSOR-003,W01,4,3,1,100,10.25,0.4835,473.6,P,P
IMG-SENSOR-003,W01,5,3,1,100,12.25,0.4953,485.5,P,P
IMG-SENSOR-003,W01,6,3,1,100,10.44,0.5239,477.2,P,P
IMG-SENSOR-003,W01,7,3,1,100,11.75,0.5180,484.9,P,P
IMG-SENSOR-003,W01,8,3,1,100,9.09,0.5124,501.0,P,P
IMG-SENSOR-003,W01,9,3,1,100,11.94,0.4914,473.2,P,P
IMG-SENSOR-003,W01,10,3,1,100,9.29,0.5190,486.3,P,P
IMG-SENSOR-003,W01,11,3,1,100,16.36,0.5070,487.6,P,P
IMG-SENSOR-003,W01,-11,4,1,100,11.08,0.4601,457.5,P,P
IMG-SENSOR-003,W01,-10,4,1,100,14.18,0.4950,486.0,P,P
IMG-SENSOR-003,W01,-9,4,1,100,11.12,0.4646,469.8,P,P
IMG-SENSOR-003,W01,-8,4,1,100,11.36,0.4907,471.8,P,P
IMG-SENSOR-003,W01,-7,4,1,100,12.45,0.4799,470.1,P,P
IMG-SENSOR-003,W01,-6,4,1,100,12.38,0.4764,493.8,P,P
IMG-SENSOR-003,W01,-5,4,1,100,15.27,0.5031,475.1,P,P
IMG-SENSOR-003,W01,-4,4,1,100,12.93,0.4601,469.2,P,P
IMG-SENSOR-003,W01,-3,4,1,100,14.45,0.4889,492.3,P,P
IMG-SENSOR-003,W01,-2,4,1,100,9.98,0.4986,453.6,P,P
IMG-SENSOR-003,W01,-1,4,1,100,13.93,0.4979,479.3,P,P
IMG-SENSOR-003,W01,0,4,1,100,11.93,0.4900,435.3,P,P
IMG-SENSOR-003,W01,1,4,1,100,14.74,0.4749,501.6,P,P
IMG-SENSOR-003,W01,2,4,1,100,13.04,0.5122,490.9,P,P
IMG-SENSOR-003,W01,3,4,1,100,11.51,0.4806,491.1,P,P
IMG-SENSOR-003,W01,4,4,1,100,8.33,0.4719,460.8,P,P
IMG-SENSOR-003,W01,5,4,1,100,16.24,0.4908,493.5,P,P
IMG-SENSOR-003,W01,6,4,1,100,11.10,0.5030,464.2,P,P
IMG-SENSOR-003,W01,7,4,3,401,39.58,0.6279,298.1,P,F
IMG-SENSOR-003,W01,8,4,1,100,12.89,0.5155,476.9,P,P
IMG-SENSOR-003,W01,9,4,1,100,10.81,0.4971,495.1,P,P
IMG-SENSOR-003,W01,10,4,1,100,9.70,0.5105,473.3,P,P
IMG-SENSOR-003,W01,11,4,2,302,39.94,0.6570,254.0,P,F
IMG-SENSOR-003,W01,-11,5,1,100,13.48,0.4804,455.2,P,P
IMG-SENSOR-003,W01,-10,5,1,100,12.45,0.4624,473.0,P,P
IMG-SENSOR-003,W01,-9,5,1,100,12.96,0.4778,461.1,P,P
IMG-SENSOR-003,W01,-8,5,1,100,9.70,0.4573,475.4,P,P
IMG-SENSOR-003,W01,-7,5,1,100,10.68,0.5032,478.8,P,P
IMG-SENSOR-003,W01,-6,5,1,100,14.00,0.4731,466.3,P,P
IMG-SENSOR-003,W01,-5,5,1,100,11.47,0.4958,463.1,P,P
IMG-SENSOR-003,W01,-4,5,1,100,11.14,0.4570,457.9,P,P
IMG-SENSOR-003,W01,-3,5,1,100,12.86,0.4775,460.2,P,P
IMG-SENSOR-003,W01,-2,5,1,100,13.70,0.4727,503.3,P,P
IMG-SENSOR-003,W01,-1,5,1,100,9.32,0.4995,453.0,P,P
IMG-SENSOR-003,W01,0,5,1,100,12.68,0.4976,480.9,P,P
IMG-SENSOR-003,W01,1,5,1,100,13.52,0.4928,489.7,P,P
IMG-SENSOR-003,W01,2,5,1,100,11.04,0.4908,488.1,P,P
IMG-SENSOR-003,W01,3,5,1,100,14.74,0.5061,471.1,P,P
IMG-SENSOR-003,W01,4,5,1,100,13.24,0.4973,484.3,P,P
IMG-SENSOR-003,W01,5,5,1,100,11.12,0.4863,480.4,P,P
IMG-SENSOR-003,W01,6,5,4,401,42.67,0.6269,308.3,P,F
IMG-SENSOR-003,W01,7,5,1,100,13.07,0.4720,502.6,P,P
IMG-SENSOR-003,W01,8,5,1,100,12.39,0.4874,460.4,P,P
IMG-SENSOR-003,W01,9,5,1,100,12.40,0.4879,472.4,P,P
IMG-SENSOR-003,W01,10,5,1,100,13.93,0.4970,491.5,P,P
IMG-SENSOR-003,W01,11,5,1,100,15.10,0.5091,523.4,P,P
IMG-SENSOR-003,W01,-11,6,1,100,14.66,0.4652,508.0,P,P
IMG-SENSOR-003,W01,-10,6,1,100,12.65,0.4869,477.7,P,P
IMG-SENSOR-003,W01,-9,6,1,100,15.65,0.4722,496.3,P,P
IMG-SENSOR-003,W01,-8,6,1,100,17.06,0.4353,482.6,P,P
IMG-SENSOR-003,W01,-7,6,1,100,15.28,0.4780,485.9,P,P
IMG-SENSOR-003,W01,-6,6,1,100,12.20,0.4472,459.8,P,P
IMG-SENSOR-003,W01,-5,6,1,100,8.41,0.4717,481.0,P,P
IMG-SENSOR-003,W01,-4,6,1,100,8.77,0.4714,480.9,P,P
IMG-SENSOR-003,W01,-3,6,1,100,13.09,0.4911,502.0,P,P
IMG-SENSOR-003,W01,-2,6,1,100,13.04,0.4856,503.8,P,P
IMG-SENSOR-003,W01,-1,6,1,100,9.05,0.5057,469.9,P,P
IMG-SENSOR-003,W01,0,6,1,100,13.04,0.4720,456.9,P,P
IMG-SENSOR-003,W01,1,6,1,100,15.34,0.4905,451.0,P,P
IMG-SENSOR-003,W01,2,6,1,100,12.67,0.4724,495.7,P,P
IMG-SENSOR-003,W01,3,6,1,100,12.90,0.4833,504.8,P,P
IMG-SENSOR-003,W01,4,6,1,100,11.04,0.4624,498.9,P,P
IMG-SENSOR-003,W01,5,6,1,100,11.34,0.5094,498.8,P,P
IMG-SENSOR-003,W01,6,6,1,100,14.78,0.5010,486.5,P,P
IMG-SENSOR-003,W01,7,6,1,100,12.25,0.5111,438.1,P,P
IMG-SENSOR-003,W01,8,6,1,100,12.26,0.5245,474.9,P,P
IMG-SENSOR-003,W01,9,6,1,100,15.31,0.4917,521.0,P,P
IMG-SENSOR-003,W01,10,6,1,100,14.71,0.5312,463.1,P,P
IMG-SENSOR-003,W01,11,6,1,100,11.79,0.5150,504.1,P,P
IMG-SENSOR-003,W01,-11,7,1,100,11.53,0.4466,494.8,P,P
IMG-SENSOR-003,W01,-10,7,1,100,16.04,0.4472,501.5,P,P
IMG-SENSOR-003,W01,-9,7,1,100,10.97,0.4838,474.7,P,P
IMG-SENSOR-003,W01,-8,7,1,100,13.93,0.4610,499.6,P,P
IMG-SENSOR-003,W01,-7,7,1,100,10.65,0.4646,457.6,P,P
IMG-SENSOR-003,W01,-6,7,1,100,11.30,0.4715,455.5,P,P
IMG-SENSOR-003,W01,-5,7,1,100,14.98,0.4631,493.2,P,P
IMG-SENSOR-003,W01,-4,7,1,100,16.28,0.4575,465.5,P,P
IMG-SENSOR-003,W01,-3,7,1,100,14.44,0.4507,482.0,P,P
IMG-SENSOR-003,W01,-2,7,2,202,64.49,0.6484,286.2,P,F
IMG-SENSOR-003,W01,-1,7,1,100,12.66,0.4604,484.7,P,P
IMG-SENSOR-003,W01,0,7,1,100,11.97,0.5059,472.2,P,P
IMG-SENSOR-003,W01,1,7,1,100,11.27,0.4765,471.8,P,P
IMG-SENSOR-003,W01,2,7,2,202,42.12,0.6547,228.9,P,F
IMG-SENSOR-003,W01,3,7,2,201,47.15,0.6343,381.9,P,F
IMG-SENSOR-003,W01,4,7,1,100,11.99,0.5026,507.9,P,P
IMG-SENSOR-003,W01,5,7,1,100,11.68,0.4814,462.1,P,P
IMG-SENSOR-003,W01,6,7,1,100,13.34,0.4978,475.8,P,P
IMG-SENSOR-003,W01,7,7,1,100,12.24,0.5018,494.3,P,P
IMG-SENSOR-003,W01,8,7,1,100,11.02,0.5267,459.9,P,P
IMG-SENSOR-003,W01,9,7,1,100,13.89,0.4883,487.6,P,P
IMG-SENSOR-003,W01,10,7,1,100,16.12,0.5328,489.1,P,P
IMG-SENSOR-003,W01,11,7,1,100,11.96,0.5237,484.7,P,P
IMG-SENSOR-003,W01,-11,8,1,100,11.32,0.4973,485.1,P,P
IMG-SENSOR-003,W01,-10,8,1,100,12.51,0.4579,494.4,F,P
IMG-SENSOR-003,W01,-9,8,1,100,10.65,0.4450,465.3,P,P
IMG-SENSOR-003,W01,-8,8,1,100,11.35,0.4541,476.3,P,P
IMG-SENSOR-003,W01,-7,8,1,100,12.02,0.4529,488.0,P,P
IMG-SENSOR-003,W01,-6,8,1,100,15.45,0.4791,486.3,P,P
IMG-SENSOR-003,W01,-5,8,1,100,16.32,0.4848,474.6,P,P
IMG-SENSOR-003,W01,-4,8,1,100,12.86,0.5004,461.9,P,P
IMG-SENSOR-003,W01,-3,8,1,100,12.35,0.5075,494.3,P,P
IMG-SENSOR-003,W01,-2,8,1,100,10.92,0.4843,462.2,P,P
IMG-SENSOR-003,W01,-1,8,1,100,15.70,0.4830,470.0,P,P
IMG-SENSOR-003,W01,0,8,1,100,14.58,0.4994,473.9,P,P
IMG-SENSOR-003,W01,1,8,1,100,10.90,0.4681,466.2,P,P
IMG-SENSOR-003,W01,2,8,2,302,44.03,0.6437,320.3,P,F
IMG-SENSOR-003,W01,3,8,1,100,13.81,0.4837,476.4,P,P
IMG-SENSOR-003,W01,4,8,1,100,11.72,0.4716,475.9,P,P
IMG-SENSOR-003,W01,5,8,1,100,12.88,0.4967,461.1,P,P
IMG-SENSOR-003,W01,6,8,1,100,12.01,0.5049,474.6,P,P
IMG-SENSOR-003,W01,7,8,1,100,12.44,0.5185,474.5,P,P
IMG-SENSOR-003,W01,8,8,1,100,8.18,0.4934,484.8,P,P
IMG-SENSOR-003,W01,9,8,1,100,11.67,0.4773,498.3,P,P
IMG-SENSOR-003,W01,10,8,1,100,9.65,0.5311,482.9,P,P
IMG-SENSOR-003,W01,11,8,1,100,13.32,0.5264,476.6,P,P
IMG-SENSOR-003,W01,-11,9,1,100,12.24,0.4552,458.2,P,P
IMG-SENSOR-003,W01,-10,9,1,100,9.96,0.4734,465.5,P,P
IMG-SENSOR-003,W01,-9,9,1,100,12.91,0.4652,473.4,P,P
IMG-SENSOR-003,W01,-8,9,1,100,13.43,0.4725,482.6,P,P
IMG-SENSOR-003,W01,-7,9,1,100,14.31,0.4640,483.1,P,P
IMG-SENSOR-003,W01,-6,9,1,100,12.72,0.4971,441.0,P,P
IMG-SENSOR-003,W01,-5,9,1,100,11.14,0.4755,492.1,P,P
IMG-SENSOR-003,W01,-4,9,1,100,10.68,0.5140,465.6,P,P
IMG-SENSOR-003,W01,-3,9,1,100,14.69,0.4636,511.3,P,P
IMG-SENSOR-003,W01,-2,9,1,100,15.33,0.4794,477.9,P,P
IMG-SENSOR-003,W01,-1,9,1,100,10.84,0.4875,480.2,P,P
IMG-SENSOR-003,W01,0,9,1,100,10.72,0.4708,470.0,P,P
IMG-SENSOR-003,W01,1,9,4,301,42.11,0.6259,379.4,P,F
IMG-SENSOR-003,W01,2,9,2,401,44.94,0.6144,285.4,P,F
IMG-SENSOR-003,W01,3,9,1,100,9.97,0.4654,461.5,P,P
IMG-SENSOR-003,W01,4,9,1,100,12.72,0.5095,445.3,P,P
IMG-SENSOR-003,W01,5,9,1,100,12.78,0.4834,504.6,P,P
IMG-SENSOR-003,W01,6,9,1,100,12.56,0.5186,483.1,P,P
IMG-SENSOR-003,W01,7,9,1,100,11.94,0.5006,505.0,P,P
IMG-SENSOR-003,W01,8,9,1,100,13.85,0.5002,465.5,P,P
IMG-SENSOR-003,W01,9,9,1,100,11.30,0.5004,496.2,P,P
IMG-SENSOR-003,W01,10,9,1,100,12.86,0.5313,497.6,P,P
IMG-SENSOR-003,W01,11,9,1,100,13.88,0.5206,462.1,P,P
IMG-SENSOR-003,W01,-11,10,1,100,15.07,0.4733,488.1,P,P
IMG-SENSOR-003,W01,-10,10,2,201,52.49,0.5982,263.4,P,P
IMG-SENSOR-003,W01,-9,10,1,100,15.37,0.4942,484.9,P,P
IMG-SENSOR-003,W01,-8,10,1,100,13.30,0.4553,482.7,P,P
IMG-SENSOR-003,W01,-7,10,1,100,15.95,0.4857,477.5,P,P
IMG-SENSOR-003,W01,-6,10,1,100,15.92,0.4862,490.8,P,P
IMG-SENSOR-003,W01,-5,10,1,100,9.27,0.5007,523.8,P,P
IMG-SENSOR-003,W01,-4,10,1,100,16.66,0.5080,464.7,P,P
IMG-SENSOR-003,W01,-3,10,1,100,10.48,0.4750,492.3,P,P
IMG-SENSOR-003,W01,-2,10,1,100,12.35,0.5087,493.2,P,P
IMG-SENSOR-003,W01,-1,10,1,100,10.62,0.4948,501.1,P,P
IMG-SENSOR-003,W01,0,10,1,100,12.15,0.4967,472.5,P,P
IMG-SENSOR-003,W01,1,10,1,100,13.83,0.4923,484.8,P,P
IMG-SENSOR-003,W01,2,10,1,100,16.02,0.4935,477.6,P,P
IMG-SENSOR-003,W01,3,10,1,100,11.47,0.4865,477.4,P,P
IMG-SENSOR-003,W01,4,10,1,100,13.00,0.4924,527.3,P,P
IMG-SENSOR-003,W01,5,10,1,100,14.89,0.5007,466.3,P,P
IMG-SENSOR-003,W01,6,10,2,202,47.50,0.6461,259.4,F,F
IMG-SENSOR-003,W01,7,10,1,100,13.37,0.5044,501.8,P,P
IMG-SENSOR-003,W01,8,10,1,100,14.57,0.5037,500.9,P,P
IMG-SENSOR-003,W01,9,10,1,100,12.09,0.5468,478.8,P,P
IMG-SENSOR-003,W01,10,10,1,100,11.29,0.5259,453.3,P,P
IMG-SENSOR-003,W01,11,10,1,100,13.78,0.5223,467.2,P,P
IMG-SENSOR-003,W01,-11,11,1,100,13.16,0.4828,500.9,P,P
IMG-SENSOR-003,W01,-10,11,1,100,12.31,0.4886,484.0,P,P
IMG-SENSOR-003,W01,-9,11,1,100,10.34,0.4701,484.8,P,P
IMG-SENSOR-003,W01,-8,11,1,100,9.60,0.4782,489.1,P,P
IMG-SENSOR-003,W01,-7,11,1,100,10.60,0.4698,485.4,P,P
IMG-SENSOR-003,W01,-6,11,2,201,55.78,0.6068,280.8,P,P
IMG-SENSOR-003,W01,-5,11,1,100,12.76,0.4631,495.4,P,P
IMG-SENSOR-003,W01,-4,11,1,100,11.89,0.4765,475.3,P,P
IMG-SENSOR-003,W01,-3,11,1,100,6.02,0.4656,456.5,P,P
IMG-SENSOR-003,W01,-2,11,1,100,14.47,0.4676,481.1,P,P
IMG-SENSOR-003,W01,-1,11,1,100,10.20,0.4974,502.1,P,P
IMG-SENSOR-003,W01,0,11,1,100,11.50,0.5169,501.2,P,P
IMG-SENSOR-003,W01,1,11,1,100,12.58,0.5112,487.9,P,P
IMG-SENSOR-003,W01,2,11,1,100,14.70,0.4937,449.6,P,P
IMG-SENSOR-003,W01,3,11,1,100,13.09,0.4927,462.1,P,P
IMG-SENSOR-003,W01,4,11,1,100,12.11,0.4818,503.3,P,P
IMG-SENSOR-003,W01,5,11,1,100,8.99,0.5068,435.6,P,P
IMG-SENSOR-003,W01,6,11,1,100,10.79,0.4891,493.0,P,P
IMG-SENSOR-003,W01,7,11,1,100,11.66,0.5235,475.0,P,P
IMG-SENSOR-003,W01,8,11,1,100,11.33,0.4818,443.9,P,P
IMG-SENSOR-003,W01,9,11,1,100,14.21,0.5104,488.5,P,P
IMG-SENSOR-003,W01,10,11,1,100,12.27,0.5246,450.7,P,P
IMG-SENSOR-003,W01,11,11,1,100,13.12,0.5195,491.3,P,P
IMG-SENSOR-003,W01,-11,12,1,100,16.03,0.4975,496.3,P,P
IMG-SENSOR-003,W01,-10,12,1,100,15.59,0.4769,518.9,P,P
IMG-SENSOR-003,W01,-9,12,4,202,50.06,0.6297,356.4,P,P
IMG-SENSOR-003,W01,-8,12,1,100,10.57,0.4914,503.7,P,P
IMG-SENSOR-003,W01,-7,12,1,100,13.61,0.4904,490.1,P,P
IMG-SENSOR-003,W01,-6,12,1,100,12.00,0.4912,482.2,P,P
IMG-SENSOR-003,W01,-5,12,1,100,13.27,0.4824,488.0,P,P
IMG-SENSOR-003,W01,-4,12,2,202,45.90,0.6241,302.6,P,F
IMG-SENSOR-003,W01,-3,12,1,100,14.90,0.5054,501.4,P,P
IMG-SENSOR-003,W01,-2,12,1,100,13.00,0.4666,477.3,P,P
IMG-SENSOR-003,W01,-1,12,1,100,11.50,0.4868,501.4,P,P
IMG-SENSOR-003,W01,0,12,1,100,12.50,0.4913,511.9,P,P
IMG-SENSOR-003,W01,1,12,1,100,11.42,0.5124,499.1,P,P
IMG-SENSOR-003,W01,2,12,1,100,12.10,0.4955,481.8,P,P
IMG-SENSOR-003,W01,3,12,1,100,12.43,0.5020,481.7,P,P
IMG-SENSOR-003,W01,4,12,1,100,11.27,0.4984,465.6,P,P
IMG-SENSOR-003,W01,5,12,1,100,12.03,0.4811,485.3,P,P
IMG-SENSOR-003,W01,6,12,1,100,12.67,0.5184,500.5,P,P
IMG-SENSOR-003,W01,7,12,1,100,10.58,0.4866,493.4,P,P
IMG-SENSOR-003,W01,8,12,1,100,14.48,0.5052,487.0,P,P
IMG-SENSOR-003,W01,9,12,1,100,14.95,0.5102,474.5,P,P
IMG-SENSOR-003,W01,10,12,1,100,13.51,0.5146,483.2,P,P
IMG-SENSOR-003,W01,11,12,1,100,12.27,0.5113,483.6,P,P
IMG-SENSOR-003,W01,-11,13,1,100,10.95,0.4846,456.2,P,P
IMG-SENSOR-003,W01,-10,13,1,100,10.05,0.4611,500.5,P,P
IMG-SENSOR-003,W01,-9,13,1,100,12.50,0.4396,480.4,P,P
IMG-SENSOR-003,W01,-8,13,1,100,11.51,0.4792,477.9,P,P
IMG-SENSOR-003,W01,-7,13,1,100,12.37,0.4916,509.6,P,P
IMG-SENSOR-003,W01,-6,13,1,100,9.76,0.4700,480.8,P,P
IMG-SENSOR-003,W01,-5,13,1,100,14.12,0.5039,447.5,P,P
IMG-SENSOR-003,W01,-4,13,1,100,11.42,0.4571,512.9,P,P
IMG-SENSOR-003,W01,-3,13,1,100,10.74,0.4829,501.9,P,P
IMG-SENSOR-003,W01,-2,13,1,100,12.46,0.4936,498.9,P,P
IMG-SENSOR-003,W01,-1,13,1,100,12.74,0.4939,478.6,P,P
IMG-SENSOR-003,W01,0,13,1,100,12.66,0.4962,491.4,P,P
IMG-SENSOR-003,W01,1,13,1,100,11.50,0.4852,474.6,P,P
IMG-SENSOR-003,W01,2,13,1,100,15.32,0.4963,462.8,P,P
IMG-SENSOR-003,W01,3,13,1,100,14.10,0.4880,470.7,P,P
IMG-SENSOR-003,W01,4,13,1,100,9.08,0.4836,479.7,P,P
IMG-SENSOR-003,W01,5,13,1,100,15.23,0.4837,466.4,P,P
IMG-SENSOR-003,W01,6,13,1,100,12.17,0.5129,489.1,P,P
IMG-SENSOR-003,W01,7,13,1,100,12.22,0.5218,461.3,P,P
IMG-SENSOR-003,W01,8,13,2,301,41.45,0.6268,282.5,P,F
IMG-SENSOR-003,W01,9,13,1,100,11.41,0.5127,467.0,P,P
IMG-SENSOR-003,W01,10,13,1,100,10.56,0.5027,469.1,P,P
IMG-SENSOR-003,W01,11,13,1,100,12.50,0.5103,485.8,P,P
IMG-SENSOR-003,W01,-11,14,1,100,11.98,0.4699,479.9,P,P
IMG-SENSOR-003,W01,-10,14,1,100,11.87,0.4748,470.5,P,P
IMG-SENSOR-003,W01,-9,14,1,100,12.41,0.5087,500.7,P,P
IMG-SENSOR-003,W01,-8,14,1,100,15.17,0.4828,472.9,P,P
IMG-SENSOR-003,W01,-7,14,1,100,14.52,0.4801,478.0,P,P
IMG-SENSOR-003,W01,-6,14,1,100,8.18,0.4535,480.9,P,P
IMG-SENSOR-003,W01,-5,14,1,100,9.89,0.4596,499.9,P,P
IMG-SENSOR-003,W01,-4,14,1,100,13.06,0.5016,488.0,P,P
IMG-SENSOR-003,W01,-3,14,1,100,13.20,0.4568,521.9,P,P
IMG-SENSOR-003,W01,-2,14,1,100,13.53,0.5293,466.6,P,P
IMG-SENSOR-003,W01,-1,14,1,100,14.95,0.5178,479.3,P,P
IMG-SENSOR-003,W01,0,14,1,100,14.74,0.5072,452.6,P,P
IMG-SENSOR-003,W01,1,14,1,100,12.48,0.4896,452.2,P,P
IMG-SENSOR-003,W01,2,14,1,100,12.94,0.4937,478.7,P,P
IMG-SENSOR-003,W01,3,14,1,100,10.35,0.4904,474.7,P,P
IMG-SENSOR-003,W01,4,14,1,100,13.75,0.4966,496.1,P,P
IMG-SENSOR-003,W01,5,14,1,100,11.85,0.5267,485.6,P,P
IMG-SENSOR-003,W01,6,14,1,100,10.52,0.5152,497.0,P,P
IMG-SENSOR-003,W01,7,14,1,100,13.99,0.5061,495.7,P,P
IMG-SENSOR-003,W01,8,14,1,100,14.15,0.5189,497.3,P,P
IMG-SENSOR-003,W01,9,14,1,100,13.17,0.4979,488.1,P,P
IMG-SENSOR-003,W01,10,14,1,100,16.16,0.5131,492.4,P,P
IMG-SENSOR-003,W01,11,14,3,202,50.49,0.6429,328.6,F,F
IMG-SENSOR-003,W01,-11,15,1,100,12.30,0.4749,454.4,P,P
IMG-SENSOR-003,W01,-10,15,1,100,15.71,0.4854,438.2,P,P
IMG-SENSOR-003,W01,-9,15,1,100,12.15,0.4787,464.5,P,P
IMG-SENSOR-003,W01,-8,15,1,100,10.49,0.4623,446.1,P,P
IMG-SENSOR-003,W01,-7,15,1,100,13.43,0.4909,489.4,P,P
IMG-SENSOR-003,W01,-6,15,1,100,11.82,0.4827,471.1,P,P
IMG-SENSOR-003,W01,-5,15,1,100,17.08,0.4739,483.2,P,P
IMG-SENSOR-003,W01,-4,15,1,100,9.82,0.4792,504.4,P,P
IMG-SENSOR-003,W01,-3,15,1,100,17.36,0.4907,469.4,P,P
IMG-SENSOR-003,W01,-2,15,1,100,14.84,0.4992,477.1,P,P
IMG-SENSOR-003,W01,-1,15,1,100,13.06,0.4723,472.0,P,P
IMG-SENSOR-003,W01,0,15,1,100,12.96,0.4830,488.4,P,P
IMG-SENSOR-003,W01,1,15,1,100,11.73,0.5238,467.2,P,P
IMG-SENSOR-003,W01,2,15,1,100,11.72,0.5200,483.9,P,P
IMG-SENSOR-003,W01,3,15,1,100,14.06,0.4953,502.5,P,P
IMG-SENSOR-003,W01,4,15,1,100,8.66,0.5153,463.4,P,P
IMG-SENSOR-003,W01,5,15,2,201,36.32,0.6630,268.7,P,F
IMG-SENSOR-003,W01,6,15,1,100,10.70,0.4888,455.0,P,P
IMG-SENSOR-003,W01,7,15,1,100,13.97,0.5213,487.5,P,P
IMG-SENSOR-003,W01,8,15,1,100,13.33,0.5081,469.0,P,P
IMG-SENSOR-003,W01,9,15,1,100,12.24,0.4893,481.1,P,P
IMG-SENSOR-003,W01,10,15,1,100,13.34,0.5036,489.0,P,P
IMG-SENSOR-003,W01,11,15,1,100,12.65,0.5078,480.4,P,P
IMG-SENSOR-003,W01,-11,16,1,100,14.02,0.4719,477.3,P,P
IMG-SENSOR-003,W01,-10,16,1,100,14.46,0.4568,472.4,P,P
IMG-SENSOR-003,W01,-9,16,1,100,10.10,0.4818,462.3,P,P
IMG-SENSOR-003,W01,-8,16,1,100,14.15,0.5020,456.1,P,P
IMG-SENSOR-003,W01,-7,16,1,100,11.46,0.4714,485.0,P,P
IMG-SENSOR-003,W01,-6,16,1,100,12.77,0.4947,495.5,P,P
IMG-SENSOR-003,W01,-5,16,1,100,13.46,0.4775,519.3,P,P
IMG-SENSOR-003,W01,-4,16,1,100,7.29,0.5070,479.0,P,P
IMG-SENSOR-003,W01,-3,16,1,100,7.83,0.4954,456.0,P,P
IMG-SENSOR-003,W01,-2,16,1,100,11.12,0.5133,491.1,P,P
IMG-SENSOR-003,W01,-1,16,1,100,12.53,0.5008,501.7,P,P
IMG-SENSOR-003,W01,0,16,1,100,11.72,0.4946,487.1,P,P
IMG-SENSOR-003,W01,1,16,1,100,12.01,0.5130,464.8,P,P
IMG-SENSOR-003,W01,2,16,1,100,15.87,0.4984,472.7,P,P
IMG-SENSOR-003,W01,3,16,1,100,14.79,0.4835,490.5,P,P
IMG-SENSOR-003,W01,4,16,1,100,11.82,0.5107,473.0,P,P
IMG-SENSOR-003,W01,5,16,1,100,13.63,0.5342,493.0,P,P
IMG-SENSOR-003,W01,6,16,1,100,13.09,0.5133,445.7,P,P
IMG-SENSOR-003,W01,7,16,1,100,12.95,0.4898,488.0,P,P
IMG-SENSOR-003,W01,8,16,1,100,9.72,0.5447,458.1,P,P
IMG-SENSOR-003,W01,9,16,2,301,48.40,0.6569,304.8,P,F
IMG-SENSOR-003,W01,10,16,1,100,9.13,0.5331,478.8,P,P
IMG-SENSOR-003,W01,11,16,1,100,13.47,0.5509,530.9,P,P
IMG-SENSOR-003,W01,-11,17,2,401,43.05,0.6176,292.5,P,P
IMG-SENSOR-003,W01,-10,17,1,100,15.24,0.4601,474.8,P,P
IMG-SENSOR-003,W01,-9,17,1,100,13.30,0.4851,487.9,P,P
IMG-SENSOR-003,W01,-8,17,1,100,16.26,0.4911,500.2,P,P
IMG-SENSOR-003,W01,-7,17,1,100,14.90,0.4946,467.9,P,P
IMG-SENSOR-003,W01,-6,17,1,100,15.83,0.4961,520.1,P,P
IMG-SENSOR-003,W01,-5,17,1,100,16.00,0.4637,490.8,P,P
IMG-SENSOR-003,W01,-4,17,1,100,12.50,0.4755,482.5,P,P
IMG-SENSOR-003,W01,-3,17,1,100,11.79,0.4737,465.3,P,P
IMG-SENSOR-003,W01,-2,17,1,100,13.45,0.5098,484.7,P,P
IMG-SENSOR-003,W01,-1,17,1,100,13.37,0.4665,448.9,P,P
IMG-SENSOR-003,W01,0,17,1,100,11.93,0.4748,445.7,P,P
IMG-SENSOR-003,W01,1,17,1,100,13.88,0.5047,462.2,P,P
IMG-SENSOR-003,W01,2,17,1,100,12.58,0.4962,487.3,P,P
IMG-SENSOR-003,W01,3,17,1,100,11.32,0.4754,483.6,P,P
IMG-SENSOR-003,W01,4,17,1,100,12.89,0.5358,506.7,P,P
IMG-SENSOR-003,W01,5,17,1,100,15.40,0.5168,499.1,P,P
IMG-SENSOR-003,W01,6,17,1,100,12.07,0.5215,459.3,P,P
IMG-SENSOR-003,W01,7,17,1,100,14.68,0.5215,453.0,P,P
IMG-SENSOR-003,W01,8,17,1,100,11.11,0.5149,476.9,P,P
IMG-SENSOR-003,W01,9,17,1,100,11.80,0.5326,482.1,P,P
IMG-SENSOR-003,W01,10,17,1,100,13.03,0.5063,523.5,P,P
IMG-SENSOR-003,W01,11,17,1,100,10.24,0.5157,486.5,P,P
IMG-SENSOR-003,W01,-11,18,1,100,11.88,0.5024,484.8,P,P
IMG-SENSOR-003,W01,-10,18,2,401,59.24,0.5735,347.1,F,P
IMG-SENSOR-003,W01,-9,18,1,100,12.27,0.4701,485.8,P,P
IMG-SENSOR-003,W01,-8,18,1,100,11.72,0.4987,486.3,P,P
IMG-SENSOR-003,W01,-7,18,1,100,13.16,0.4768,439.0,P,P
IMG-SENSOR-003,W01,-6,18,1,100,12.53,0.4837,446.4,P,P
IMG-SENSOR-003,W01,-5,18,1,100,15.14,0.5059,471.8,P,P
IMG-SENSOR-003,W01,-4,18,1,100,16.14,0.5168,476.0,P,P
IMG-SENSOR-003,W01,-3,18,1,100,15.13,0.4678,458.6,P,P
IMG-SENSOR-003,W01,-2,18,1,100,9.60,0.5047,481.1,P,P
IMG-SENSOR-003,W01,-1,18,1,100,16.37,0.5107,506.5,P,P
IMG-SENSOR-003,W01,0,18,1,100,9.83,0.4942,489.2,P,P
IMG-SENSOR-003,W01,1,18,1,100,12.60,0.5483,455.1,P,P
IMG-SENSOR-003,W01,2,18,1,100,13.07,0.5409,455.3,P,P
IMG-SENSOR-003,W01,3,18,1,100,12.75,0.4820,494.1,P,P
IMG-SENSOR-003,W01,4,18,1,100,13.51,0.5153,452.1,P,P
IMG-SENSOR-003,W01,5,18,1,100,10.06,0.5034,452.8,P,P
IMG-SENSOR-003,W01,6,18,1,100,11.94,0.5198,454.5,P,P
IMG-SENSOR-003,W01,7,18,1,100,11.47,0.5198,492.1,P,P
IMG-SENSOR-003,W01,8,18,1,100,16.68,0.5110,466.1,F,P
IMG-SENSOR-003,W01,9,18,1,100,12.92,0.5199,478.0,P,P
IMG-SENSOR-003,W01,10,18,1,100,10.04,0.5227,509.8,P,P
IMG-SENSOR-003,W01,11,18,1,100,12.12,0.5245,467.4,P,P
IMG-SENSOR-003,W01,-11,19,1,100,12.21,0.4675,484.7,P,P
IMG-SENSOR-003,W01,-10,19,1,100,15.00,0.4873,470.9,P,P
IMG-SENSOR-003,W01,-9,19,1,100,12.15,0.5066,478.1,P,P
IMG-SENSOR-003,W01,-8,19,1,100,14.83,0.4818,469.8,P,P
IMG-SENSOR-003,W01,-7,19,1,100,16.19,0.4651,517.5,P,P
IMG-SENSOR-003,W01,-6,19,1,100,14.28,0.4682,475.7,P,P
IMG-SENSOR-003,W01,-5,19,1,100,11.63,0.4817,487.3,P,P
IMG-SENSOR-003,W01,-4,19,1,100,12.78,0.4876,500.7,P,P
IMG-SENSOR-003,W01,-3,19,1,100,13.92,0.4554,484.7,P,P
IMG-SENSOR-003,W01,-2,19,1,100,12.62,0.4782,463.0,P,P
IMG-SENSOR-003,W01,-1,19,1,100,11.57,0.4926,483.9,P,P
IMG-SENSOR-003,W01,0,19,1,100,12.33,0.4802,491.1,P,P
IMG-SENSOR-003,W01,1,19,1,100,14.61,0.5107,477.5,P,P
IMG-SENSOR-003,W01,2,19,1,100,8.91,0.4846,494.6,P,P
IMG-SENSOR-003,W01,3,19,1,100,15.01,0.5175,508.2,P,P
IMG-SENSOR-003,W01,4,19,1,100,10.74,0.5179,502.6,P,P
IMG-SENSOR-003,W01,5,19,1,100,12.03,0.5123,461.9,P,P
IMG-SENSOR-003,W01,6,19,1,100,11.95,0.5240,458.5,P,P
IMG-SENSOR-003,W01,7,19,1,100,9.49,0.5336,471.5,P,P
IMG-SENSOR-003,W01,8,19,1,100,11.19,0.5264,484.5,P,P
IMG-SENSOR-003,W01,9,19,1,100,15.23,0.5306,476.6,P,P
IMG-SENSOR-003,W01,10,19,1,100,13.70,0.5045,487.9,P,P
IMG-SENSOR-003,W01,11,19,1,100,12.35,0.5268,489.9,P,P
IMG-SENSOR-003,W01,-11,20,1,100,16.22,0.4831,458.3,P,P
IMG-SENSOR-003,W01,-10,20,1,100,11.83,0.5005,501.7,P,P
IMG-SENSOR-003,W01,-9,20,1,100,12.15,0.4767,435.1,P,P
IMG-SENSOR-003,W01,-8,20,1,100,11.59,0.4576,501.9,P,P
IMG-SENSOR-003,W01,-7,20,1,100,11.06,0.4763,487.5,P,P
IMG-SENSOR-003,W01,-6,20,1,100,8.57,0.5118,501.0,P,P
IMG-SENSOR-003,W01,-5,20,1,100,10.53,0.4975,513.5,P,P
IMG-SENSOR-003,W01,-4,20,1,100,10.68,0.4905,484.6,P,P
IMG-SENSOR-003,W01,-3,20,1,100,13.27,0.4974,491.2,P,P
IMG-SENSOR-003,W01,-2,20,1,100,11.70,0.4887,487.5,P,P
IMG-SENSOR-003,W01,-1,20,1,100,10.05,0.4997,494.7,P,P
IMG-SENSOR-003,W01,0,20,1,100,14.46,0.4972,464.9,P,P
IMG-SENSOR-003,W01,1,20,1,100,11.77,0.4968,478.0,P,P
IMG-SENSOR-003,W01,2,20,1,100,12.72,0.5095,481.5,P,P
IMG-SENSOR-003,W01,3,20,1,100,12.23,0.5224,485.9,P,P
IMG-SENSOR-003,W01,4,20,1,100,11.48,0.5152,521.4,P,P
IMG-SENSOR-003,W01,5,20,1,100,14.59,0.4944,464.5,P,P
IMG-SENSOR-003,W01,6,20,1,100,11.77,0.5159,493.5,P,P
IMG-SENSOR-003,W01,7,20,1,100,14.39,0.5175,500.3,P,P
IMG-SENSOR-003,W01,8,20,1,100,9.78,0.5097,460.7,P,P
IMG-SENSOR-003,W01,9,20,1,100,11.44,0.5052,461.3,P,P
IMG-SENSOR-003,W01,10,20,1,100,11.92,0.5269,501.7,P,P
IMG-SENSOR-003,W01,11,20,1,100,11.00,0.5124,465.7,P,P
IMG-SENSOR-003,W01,-11,21,1,100,11.64,0.4486,488.5,P,P
IMG-SENSOR-003,W01,-10,21,1,100,12.39,0.4946,464.1,P,P
IMG-SENSOR-003,W01,-9,21,1,100,12.43,0.4776,436.7,P,P
IMG-SENSOR-003,W01,-8,21,1,100,11.20,0.4630,493.5,P,P
IMG-SENSOR-003,W01,-7,21,1,100,14.68,0.4900,471.2,P,P
IMG-SENSOR-003,W01,-6,21,1,100,13.95,0.4638,496.7,P,P
IMG-SENSOR-003,W01,-5,21,1,100,12.03,0.4905,489.1,P,P
IMG-SENSOR-003,W01,-4,21,1,100,13.54,0.5155,450.9,P,P
IMG-SENSOR-003,W01,-3,21,1,100,8.24,0.5059,493.0,P,P
IMG-SENSOR-003,W01,-2,21,1,100,13.31,0.4984,497.7,P,P
IMG-SENSOR-003,W01,-1,21,1,100,11.80,0.4961,491.3,P,P
IMG-SENSOR-003,W01,0,21,1,100,16.57,0.5402,498.4,P,P
IMG-SENSOR-003,W01,1,21,1,100,12.59,0.4923,481.7,P,P
IMG-SENSOR-003,W01,2,21,1,100,12.64,0.5032,510.8,F,P
IMG-SENSOR-003,W01,3,21,1,100,13.05,0.5195,486.0,P,P
IMG-SENSOR-003,W01,4,21,3,202,51.00,0.6679,254.2,P,F
IMG-SENSOR-003,W01,5,21,1,100,10.10,0.4901,495.8,P,P
IMG-SENSOR-003,W01,6,21,1,100,13.82,0.5166,456.5,P,P
IMG-SENSOR-003,W01,7,21,1,100,10.77,0.4988,472.5,P,P
IMG-SENSOR-003,W01,8,21,1,100,11.65,0.4989,457.3,P,P
IMG-SENSOR-003,W01,9,21,1,100,13.69,0.5184,493.2,P,P
IMG-SENSOR-003,W01,10,21,1,100,12.96,0.5496,468.8,P,P
IMG-SENSOR-003,W01,11,21,1,100,11.60,0.5284,470.0,P,P
IMG-SENSOR-003,W01,-11,22,1,100,12.75,0.4755,510.3,P,P
IMG-SENSOR-003,W01,-10,22,1,100,11.72,0.4765,497.8,P,P
IMG-SENSOR-003,W01,-9,22,1,100,9.16,0.4874,475.8,P,P
IMG-SENSOR-003,W01,-8,22,1,100,8.59,0.5111,490.0,P,P
IMG-SENSOR-003,W01,-7,22,1,100,11.18,0.4800,478.7,P,P
IMG-SENSOR-003,W01,-6,22,1,100,15.75,0.4739,493.1,P,P
IMG-SENSOR-003,W01,-5,22,1,100,10.57,0.5148,487.7,P,P
IMG-SENSOR-003,W01,-4,22,1,100,12.67,0.5186,472.5,P,P
IMG-SENSOR-003,W01,-3,22,1,100,14.77,0.5146,482.2,P,P
IMG-SENSOR-003,W01,-2,22,1,100,15.45,0.5090,467.9,P,P
IMG-SENSOR-003,W01,-1,22,1,100,11.40,0.5110,465.2,P,P
IMG-SENSOR-003,W01,0,22,1,100,11.52,0.4992,504.0,P,P
IMG-SENSOR-003,W01,1,22,1,100,12.93,0.4976,484.3,P,P
IMG-SENSOR-003,W01,2,22,1,100,11.69,0.5051,487.8,P,P
IMG-SENSOR-003,W01,3,22,1,100,14.57,0.5234,509.6,P,P
IMG-SENSOR-003,W01,4,22,3,202,48.50,0.6608,338.4,P,F
IMG-SENSOR-003,W01,5,22,1,100,9.40,0.5123,468.1,P,P
IMG-SENSOR-003,W01,6,22,1,100,13.19,0.4964,481.6,P,P
IMG-SENSOR-003,W01,7,22,1,100,12.02,0.4987,491.1,P,P
IMG-SENSOR-003,W01,8,22,1,100,13.49,0.5417,437.6,P,P
IMG-SENSOR-003,W01,9,22,1,100,13.52,0.5101,488.6,P,P
IMG-SENSOR-003,W01,10,22,1,100,10.66,0.5158,491.5,P,P
IMG-SENSOR-003,W01,11,22,1,100,15.34,0.5341,429.0,P,P
IMG-SENSOR-003,W01,-11,23,2,201,51.02,0.5685,370.5,P,F
IMG-SENSOR-003,W01,-10,23,1,100,11.74,0.4680,444.4,P,P
IMG-SENSOR-003,W01,-9,23,1,100,12.41,0.5073,459.9,P,P
IMG-SENSOR-003,W01,-8,23,1,100,12.20,0.4815,517.2,P,P
IMG-SENSOR-003,W01,-7,23,1,100,11.38,0.5021,489.5,P,P
IMG-SENSOR-003,W01,-6,23,1,100,13.38,0.5078,494.9,P,P
IMG-SENSOR-003,W01,-5,23,1,100,12.30,0.4841,491.4,P,P
IMG-SENSOR-003,W01,-4,23,1,100,12.02,0.4948,490.8,P,P
IMG-SENSOR-003,W01,-3,23,2,401,36.35,0.6379,337.6,P,F
IMG-SENSOR-003,W01,-2,23,1,100,10.29,0.4723,481.6,P,P
IMG-SENSOR-003,W01,-1,23,1,100,13.09,0.4659,510.8,P,P
IMG-SENSOR-003,W01,0,23,4,201,33.95,0.6341,274.3,P,F
IMG-SENSOR-003,W01,1,23,1,100,12.28,0.4819,482.7,P,P
IMG-SENSOR-003,W01,2,23,1,100,11.08,0.5011,469.3,P,P
IMG-SENSOR-003,W01,3,23,1,100,12.16,0.5398,492.3,P,P
IMG-SENSOR-003,W01,4,23,1,100,13.62,0.5073,464.0,P,P
IMG-SENSOR-003,W01,5,23,1,100,14.99,0.5071,457.2,P,P
IMG-SENSOR-003,W01,6,23,1,100,12.26,0.5258,496.4,P,P
IMG-SENSOR-003,W01,7,23,1,100,11.78,0.5142,436.9,P,P
IMG-SENSOR-003,W01,8,23,1,100,12.50,0.5296,478.6,P,P
IMG-SENSOR-003,W01,9,23,3,301,48.08,0.6567,351.8,F,F
IMG-SENSOR-003,W01,10,23,1,100,13.50,0.4827,489.9,P,P
IMG-SENSOR-003,W01,11,23,1,100,11.10,0.5268,469.3,P,P
IMG-SENSOR-003,W01,-11,24,2,302,39.58,0.6225,314.6,P,F
IMG-SENSOR-003,W01,-10,24,1,100,11.97,0.4784,477.3,P,P
IMG-SENSOR-003,W01,-9,24,1,100,12.74,0.4717,469.5,P,P
IMG-SENSOR-003,W01,-8,24,1,100,13.24,0.4996,489.6,P,P
IMG-SENSOR-003,W01,-7,24,1,100,13.07,0.4831,489.2,P,P
IMG-SENSOR-003,W01,-6,24,1,100,11.58,0.4785,475.8,P,P
IMG-SENSOR-003,W01,-5,24,1,100,14.42,0.4898,481.2,P,P
IMG-SENSOR-003,W01,-4,24,1,100,13.79,0.4872,479.5,P,P
IMG-SENSOR-003,W01,-3,24,1,100,13.72,0.5094,463.8,P,P
IMG-SENSOR-003,W01,-2,24,1,100,11.01,0.5031,469.0,P,P
IMG-SENSOR-003,W01,-1,24,1,100,13.67,0.4910,478.9,P,P
IMG-SENSOR-003,W01,0,24,1,100,11.04,0.4810,485.5,P,P
IMG-SENSOR-003,W01,1,24,1,100,11.85,0.4917,457.1,P,P
IMG-SENSOR-003,W01,2,24,1,100,13.19,0.5139,483.6,P,P
IMG-SENSOR-003,W01,3,24,1,100,8.24,0.5067,494.4,P,P
IMG-SENSOR-003,W01,4,24,1,100,13.22,0.5236,521.9,P,P
IMG-SENSOR-003,W01,5,24,1,100,13.74,0.5087,446.0,P,P
IMG-SENSOR-003,W01,6,24,1,100,13.60,0.5057,489.0,P,P
IMG-SENSOR-003,W01,7,24,1,100,15.05,0.5275,484.6,P,P
IMG-SENSOR-003,W01,8,24,1,100,12.77,0.5002,452.8,P,P
IMG-SENSOR-003,W01,9,24,1,100,13.69,0.5271,447.1,P,P
IMG-SENSOR-003,W01,10,24,1,100,9.76,0.5274,479.1,P,P
IMG-SENSOR-003,W01,11,24,1,100,10.74,0.5134,487.2,P,P
IMG-SENSOR-003,W01,-11,25,1,100,13.02,0.4736,479.8,P,P
IMG-SENSOR-003,W01,-10,25,1,100,12.92,0.5012,460.5,P,P
IMG-SENSOR-003,W01,-9,25,1,100,12.73,0.4927,492.3,P,P
IMG-SENSOR-003,W01,-8,25,1,100,13.66,0.4718,478.2,P,P
IMG-SENSOR-003,W01,-7,25,1,100,13.30,0.5096,463.3,P,P
IMG-SENSOR-003,W01,-6,25,4,301,42.44,0.6344,299.7,F,F
IMG-SENSOR-003,W01,-5,25,1,100,12.11,0.4956,464.1,P,P
IMG-SENSOR-003,W01,-4,25,1,100,9.57,0.4830,486.9,P,P
IMG-SENSOR-003,W01,-3,25,1,100,13.68,0.5134,463.8,P,P
IMG-SENSOR-003,W01,-2,25,1,100,15.99,0.4976,477.0,P,P
IMG-SENSOR-003,W01,-1,25,1,100,14.30,0.5244,480.5,P,P
IMG-SENSOR-003,W01,0,25,1,100,11.16,0.4922,486.5,P,P
IMG-SENSOR-003,W01,1,25,1,100,9.90,0.5006,526.9,P,P
IMG-SENSOR-003,W01,2,25,1,100,11.80,0.5003,472.3,P,P
IMG-SENSOR-003,W01,3,25,4,202,33.76,0.6367,353.8,P,F
IMG-SENSOR-003,W01,4,25,1,100,10.97,0.4754,498.1,P,P
IMG-SENSOR-003,W01,5,25,1,100,12.71,0.4805,474.8,P,P
IMG-SENSOR-003,W01,6,25,1,100,10.68,0.5105,461.9,P,P
IMG-SENSOR-003,W01,7,25,1,100,15.69,0.5142,472.0,P,P
IMG-SENSOR-003,W01,8,25,1,100,10.64,0.5300,473.3,P,P
IMG-SENSOR-003,W01,9,25,1,100,13.23,0.5277,486.8,P,P
IMG-SENSOR-003,W01,10,25,1,100,12.70,0.5271,439.4,P,P
IMG-SENSOR-003,W01,11,25,1,100,13.86,0.5074,477.3,P,P
IMG-SENSOR-003,W01,-11,26,2,301,58.98,0.6021,317.1,P,F
IMG-SENSOR-003,W01,-10,26,1,100,9.95,0.4881,468.0,P,P
IMG-SENSOR-003,W01,-9,26,1,100,11.98,0.5223,460.9,P,P
IMG-SENSOR-003,W01,-8,26,1,100,11.20,0.4562,502.5,P,P
IMG-SENSOR-003,W01,-7,26,1,100,11.16,0.4762,470.4,P,P
IMG-SENSOR-003,W01,-6,26,1,100,12.35,0.4833,480.9,P,P
IMG-SENSOR-003,W01,-5,26,2,401,48.86,0.6448,274.1,F,F
IMG-SENSOR-003,W01,-4,26,1,100,13.25,0.5222,480.2,P,P
IMG-SENSOR-003,W01,-3,26,1,100,13.92,0.5009,476.5,P,P
IMG-SENSOR-003,W01,-2,26,1,100,12.65,0.5129,494.1,P,P
IMG-SENSOR-003,W01,-1,26,1,100,15.38,0.5072,465.5,P,P
IMG-SENSOR-003,W01,0,26,1,100,11.30,0.5233,473.3,P,P
IMG-SENSOR-003,W01,1,26,1,100,11.67,0.5119,473.6,P,P
IMG-SENSOR-003,W01,2,26,1,100,11.68,0.5160,469.4,P,P
IMG-SENSOR-003,W01,3,26,3,202,43.50,0.6540,287.2,P,F
IMG-SENSOR-003,W01,4,26,1,100,11.43,0.5253,480.4,P,P
IMG-SENSOR-003,W01,5,26,1,100,10.91,0.5045,469.9,P,P
IMG-SENSOR-003,W01,6,26,1,100,12.40,0.5234,497.2,P,P
IMG-SENSOR-003,W01,7,26,1,100,10.12,0.5232,474.4,P,P
IMG-SENSOR-003,W01,8,26,1,100,13.75,0.5372,468.9,P,P
IMG-SENSOR-003,W01,9,26,1,100,12.00,0.5284,478.8,P,P
IMG-SENSOR-003,W01,10,26,1,100,10.59,0.4872,485.1,P,P
IMG-SENSOR-003,W01,11,26,1,100,14.23,0.5185,497.3,P,P
IMG-SENSOR-003,W01,-11,27,2,201,39.52,0.6288,284.6,F,F
IMG-SENSOR-003,W01,-10,27,1,100,14.38,0.4791,466.1,P,P
IMG-SENSOR-003,W01,-9,27,1,100,11.82,0.4755,498.5,P,P
IMG-SENSOR-003,W01,-8,27,1,100,15.20,0.4832,463.0,P,P
IMG-SENSOR-003,W01,-7,27,1,100,10.51,0.4919,494.0,P,P
IMG-SENSOR-003,W01,-6,27,1,100,9.51,0.5008,493.8,P,P
IMG-SENSOR-003,W01,-5,27,1,100,12.91,0.5026,470.9,P,P
IMG-SENSOR-003,W01,-4,27,1,100,14.31,0.4883,466.5,P,P
IMG-SENSOR-003,W01,-3,27,1,100,13.09,0.5168,476.9,P,P
IMG-SENSOR-003,W01,-2,27,1,100,13.35,0.4929,457.9,P,P
IMG-SENSOR-003,W01,-1,27,3,301,60.99,0.6350,292.7,F,F
IMG-SENSOR-003,W01,0,27,1,100,12.56,0.4998,485.2,P,P
IMG-SENSOR-003,W01,1,27,1,100,12.52,0.5302,467.2,P,P
IMG-SENSOR-003,W01,2,27,1,100,13.83,0.5126,480.6,P,P
IMG-SENSOR-003,W01,3,27,1,100,13.30,0.5365,492.0,P,P
IMG-SENSOR-003,W01,4,27,1,100,13.49,0.5054,469.2,P,P
IMG-SENSOR-003,W01,5,27,1,100,12.53,0.5233,488.7,P,P
IMG-SENSOR-003,W01,6,27,1,100,15.71,0.5255,497.9,P,P
IMG-SENSOR-003,W01,7,27,1,100,13.22,0.5115,505.7,P,P
IMG-SENSOR-003,W01,8,27,1,100,11.15,0.5092,503.7,P,P
IMG-SENSOR-003,W01,9,27,1,100,11.04,0.5198,481.5,P,P
IMG-SENSOR-003,W01,10,27,1,100,17.31,0.5331,497.4,P,P
IMG-SENSOR-003,W01,11,27,1,100,12.12,0.5427,464.8,P,P
IMG-SENSOR-003,W01,-11,28,2,201,35.60,0.6426,279.4,P,F
IMG-SENSOR-003,W01,-10,28,1,100,10.89,0.4894,437.8,P,P
IMG-SENSOR-003,W01,-9,28,1,100,12.88,0.4998,479.0,P,P
IMG-SENSOR-003,W01,-8,28,1,100,13.08,0.4789,491.9,P,P
IMG-SENSOR-003,W01,-7,28,2,201,53.52,0.6660,342.1,P,F
IMG-SENSOR-003,W01,-6,28,1,100,11.42,0.4856,491.9,P,P
IMG-SENSOR-003,W01,-5,28,1,100,14.15,0.5296,486.3,P,P
IMG-SENSOR-003,W01,-4,28,1,100,12.40,0.4895,445.3,P,P
IMG-SENSOR-003,W01,-3,28,1,100,11.03,0.5088,479.4,P,P
IMG-SENSOR-003,W01,-2,28,1,100,13.77,0.4844,501.2,P,P
IMG-SENSOR-003,W01,-1,28,1,100,10.79,0.5319,466.3,P,P
IMG-SENSOR-003,W01,0,28,1,100,14.51,0.5367,475.4,P,P
IMG-SENSOR-003,W01,1,28,1,100,12.39,0.4957,462.2,P,P
IMG-SENSOR-003,W01,2,28,1,100,11.90,0.4783,473.1,P,P
IMG-SENSOR-003,W01,3,28,1,100,15.29,0.5214,496.6,P,P
IMG-SENSOR-003,W01,4,28,1,100,13.95,0.4928,500.2,P,P
IMG-SENSOR-003,W01,5,28,1,100,10.92,0.4984,463.1,P,P
IMG-SENSOR-003,W01,6,28,1,100,10.83,0.5196,452.3,P,P
IMG-SENSOR-003,W01,7,28,1,100,10.79,0.5290,498.0,P,P
IMG-SENSOR-003,W01,8,28,1,100,11.81,0.5181,470.9,P,P
IMG-SENSOR-003,W01,9,28,1,100,10.46,0.5423,518.0,P,P
IMG-SENSOR-003,W01,10,28,1,100,9.20,0.5211,455.0,P,P
IMG-SENSOR-003,W01,11,28,1,100,12.31,0.5196,478.2,P,P
IMG-SENSOR-003,W01,-11,29,2,202,30.68,0.6315,307.6,F,F
IMG-SENSOR-003,W01,-10,29,1,100,12.40,0.4925,462.1,P,P
IMG-SENSOR-003,W01,-9,29,1,100,18.19,0.4878,462.2,P,P
IMG-SENSOR-003,W01,-8,29,1,100,13.64,0.4886,459.0,P,P
IMG-SENSOR-003,W01,-7,29,1,100,13.61,0.4910,469.0,P,P
IMG-SENSOR-003,W01,-6,29,1,100,9.38,0.5068,465.0,P,P
IMG-SENSOR-003,W01,-5,29,1,100,11.75,0.4947,479.0,P,P
IMG-SENSOR-003,W01,-4,29,1,100,9.42,0.5226,467.2,P,P
IMG-SENSOR-003,W01,-3,29,1,100,13.28,0.5062,488.1,P,P
IMG-SENSOR-003,W01,-2,29,1,100,11.43,0.5298,468.6,P,P
IMG-SENSOR-003,W01,-1,29,1,100,12.96,0.4909,487.8,P,P
IMG-SENSOR-003,W01,0,29,1,100,13.65,0.4959,479.2,P,P
IMG-SENSOR-003,W01,1,29,1,100,15.41,0.5332,449.1,P,P
IMG-SENSOR-003,W01,2,29,1,100,12.97,0.5029,488.3,P,P
IMG-SENSOR-003,W01,3,29,1,100,12.76,0.4962,497.6,P,P
IMG-SENSOR-003,W01,4,29,1,100,8.81,0.5085,456.6,P,P
IMG-SENSOR-003,W01,5,29,1,100,13.00,0.5018,492.8,P,P
IMG-SENSOR-003,W01,6,29,1,100,12.80,0.5131,499.5,P,P
IMG-SENSOR-003,W01,7,29,1,100,11.57,0.4980,471.5,P,P
IMG-SENSOR-003,W01,8,29,1,100,8.81,0.5220,476.7,P,P
IMG-SENSOR-003,W01,9,29,1,100,10.13,0.5217,514.7,P,P
IMG-SENSOR-003,W01,10,29,1,100,14.01,0.5035,530.4,P,P
IMG-SENSOR-003,W01,11,29,1,100,13.91,0.5430,463.7,P,P
IMG-SENSOR-003,W01,-10,30,1,100,11.86,0.4855,500.3,P,P
IMG-SENSOR-003,W01,-9,30,1,100,10.83,0.4727,469.9,P,P
IMG-SENSOR-003,W01,-8,30,1,100,16.44,0.4991,490.4,P,P
IMG-SENSOR-003,W01,-7,30,1,100,14.16,0.5033,497.5,P,P
IMG-SENSOR-003,W01,-6,30,1,100,10.89,0.4914,489.8,P,P
IMG-SENSOR-003,W01,-5,30,1,100,11.62,0.4849,486.4,F,P
IMG-SENSOR-003,W01,-4,30,1,100,16.41,0.4921,481.7,P,P
IMG-SENSOR-003,W01,-3,30,1,100,13.60,0.5110,489.9,P,P
IMG-SENSOR-003,W01,-2,30,1,100,12.79,0.5205,460.1,P,P
IMG-SENSOR-003,W01,-1,30,1,100,10.24,0.5135,460.4,P,P
IMG-SENSOR-003,W01,0,30,4,201,42.60,0.6397,294.3,P,F
IMG-SENSOR-003,W01,1,30,1,100,10.55,0.5223,508.0,P,P
IMG-SENSOR-003,W01,2,30,1,100,9.29,0.5012,471.9,P,P
IMG-SENSOR-003,W01,3,30,1,100,11.56,0.5065,504.7,P,P
IMG-SENSOR-003,W01,4,30,1,100,11.64,0.5108,498.2,P,P
IMG-SENSOR-003,W01,5,30,1,100,10.87,0.5250,503.4,P,P
IMG-SENSOR-003,W01,6,30,1,100,12.43,0.5204,464.2,P,P
IMG-SENSOR-003,W01,7,30,1,100,11.79,0.5317,503.6,P,P
IMG-SENSOR-003,W01,8,30,1,100,11.89,0.5413,455.6,P,P
IMG-SENSOR-003,W01,9,30,1,100,13.56,0.5302,484.1,P,P
IMG-SENSOR-003,W01,10,30,1,100,13.01,0.4924,453.6,P,P
IMG-SENSOR-003,W01,-10,31,1,100,12.73,0.4986,481.0,P,P
IMG-SENSOR-003,W01,-9,31,1,100,12.54,0.5069,495.7,P,P
IMG-SENSOR-003,W01,-8,31,1,100,11.50,0.4880,463.7,P,P
IMG-SENSOR-003,W01,-7,31,1,100,14.35,0.4879,485.8,P,P
IMG-SENSOR-003,W01,-6,31,1,100,10.97,0.4765,507.1,P,P
IMG-SENSOR-003,W01,-5,31,1,100,11.21,0.4964,438.2,P,P
IMG-SENSOR-003,W01,-4,31,1,100,11.37,0.4775,476.0,P,P
IMG-SENSOR-003,W01,-3,31,4,401,49.54,0.6390,358.6,P,F
IMG-SENSOR-003,W01,-2,31,1,100,12.34,0.5224,463.4,P,P
IMG-SENSOR-003,W01,-1,31,1,100,11.59,0.5197,490.1,P,P
IMG-SENSOR-003,W01,0,31,1,100,9.01,0.5130,485.9,P,P
IMG-SENSOR-003,W01,1,31,1,100,12.36,0.5212,479.0,P,P
IMG-SENSOR-003,W01,2,31,1,100,12.10,0.5123,478.3,P,P
IMG-SENSOR-003,W01,3,31,1,100,12.57,0.4729,484.3,P,P
IMG-SENSOR-003,W01,4,31,1,100,13.41,0.5107,483.4,P,P
IMG-SENSOR-003,W01,5,31,1,100,17.89,0.5318,522.3,P,P
IMG-SENSOR-003,W01,6,31,1,100,9.41,0.4754,490.7,P,P
IMG-SENSOR-003,W01,7,31,1,100,15.32,0.5265,488.7,P,P
IMG-SENSOR-003,W01,8,31,1,100,11.96,0.5273,465.9,P,P
IMG-SENSOR-003,W01,9,31,2,301,63.51,0.6443,343.0,F,F
IMG-SENSOR-003,W01,10,31,1,100,12.19,0.5479,459.4,P,P
IMG-SENSOR-003,W01,-10,32,1,100,15.78,0.4957,442.6,P,P
IMG-SENSOR-003,W01,-9,32,1,100,13.12,0.4834,473.0,P,P
IMG-SENSOR-003,W01,-8,32,1,100,12.58,0.4970,478.5,P,P
IMG-SENSOR-003,W01,-7,32,1,100,15.14,0.4779,475.6,P,P
IMG-SENSOR-003,W01,-6,32,1,100,12.07,0.4948,473.5,P,P
IMG-SENSOR-003,W01,-5,32,1,100,12.25,0.5042,455.8,P,P
IMG-SENSOR-003,W01,-4,32,1,100,12.59,0.5157,485.5,P,P
IMG-SENSOR-003,W01,-3,32,1,100,17.24,0.5058,482.5,P,P
IMG-SENSOR-003,W01,-2,32,1,100,12.06,0.5096,481.7,P,P
IMG-SENSOR-003,W01,-1,32,1,100,12.40,0.5213,490.5,P,P
IMG-SENSOR-003,W01,0,32,2,201,43.57,0.6466,296.9,P,F
IMG-SENSOR-003,W01,1,32,3,302,50.14,0.6536,351.6,F,F
IMG-SENSOR-003,W01,2,32,1,100,13.39,0.5152,486.6,P,P
IMG-SENSOR-003,W01,3,32,1,100,10.87,0.5315,489.6,P,P
IMG-SENSOR-003,W01,4,32,1,100,12.39,0.5239,482.4,P,P
IMG-SENSOR-003,W01,5,32,1,100,11.85,0.5082,477.7,P,P
IMG-SENSOR-003,W01,6,32,1,100,13.23,0.5359,475.9,P,P
IMG-SENSOR-003,W01,7,32,1,100,13.03,0.5193,478.4,P,P
IMG-SENSOR-003,W01,8,32,1,100,11.17,0.5676,506.9,P,P
IMG-SENSOR-003,W01,9,32,1,100,11.08,0.5333,460.8,P,P
IMG-SENSOR-003,W01,10,32,1,100,9.55,0.5186,466.6,P,P
IMG-SENSOR-003,W01,-10,33,1,100,12.42,0.5006,485.6,P,P
IMG-SENSOR-003,W01,-9,33,2,401,49.20,0.6559,332.4,F,F
IMG-SENSOR-003,W01,-8,33,1,100,8.90,0.5009,451.9,P,P
IMG-SENSOR-003,W01,-7,33,1,100,13.71,0.5120,467.5,P,P
IMG-SENSOR-003,W01,-6,33,1,100,11.45,0.4916,479.2,P,P
IMG-SENSOR-003,W01,-5,33,1,100,13.70,0.4969,474.4,P,P
IMG-SENSOR-003,W01,-4,33,1,100,9.97,0.5026,482.1,P,P
IMG-SENSOR-003,W01,-3,33,1,100,11.72,0.5165,484.0,P,P
IMG-SENSOR-003,W01,-2,33,1,100,11.23,0.4880,496.6,P,P
IMG-SENSOR-003,W01,-1,33,1,100,10.84,0.5069,441.3,P,P
IMG-SENSOR-003,W01,0,33,1,100,14.41,0.4949,488.9,P,P
IMG-SENSOR-003,W01,1,33,2,401,45.35,0.6768,288.7,F,F
IMG-SENSOR-003,W01,2,33,1,100,13.89,0.5417,491.8,P,P
IMG-SENSOR-003,W01,3,33,1,100,9.98,0.5234,479.9,P,P
IMG-SENSOR-003,W01,4,33,1,100,12.48,0.5449,459.1,P,P
IMG-SENSOR-003,W01,5,33,1,100,14.05,0.5191,480.1,P,P
IMG-SENSOR-003,W01,6,33,1,100,11.34,0.5151,491.8,P,P
IMG-SENSOR-003,W01,7,33,1,100,11.21,0.5251,517.7,P,P
IMG-SENSOR-003,W01,8,33,1,100,10.39,0.5091,467.0,P,P
IMG-SENSOR-003,W01,9,33,1,100,11.25,0.5340,444.9,P,P
IMG-SENSOR-003,W01,10,33,1,100,12.19,0.5571,465.9,P,P
IMG-SENSOR-003,W01,-10,34,1,100,15.61,0.4939,500.4,P,P
IMG-SENSOR-003,W01,-9,34,1,100,12.83,0.4790,461.9,P,P
IMG-SENSOR-003,W01,-8,34,1,100,13.82,0.4882,493.0,P,P
IMG-SENSOR-003,W01,-7,34,1,100,10.75,0.4983,481.7,P,P
IMG-SENSOR-003,W01,-6,34,1,100,16.84,0.5023,499.6,P,P
IMG-SENSOR-003,W01,-5,34,1,100,13.11,0.4912,491.1,P,P
IMG-SENSOR-003,W01,-4,34,1,100,10.53,0.5185,498.7,P,P
IMG-SENSOR-003,W01,-3,34,1,100,14.26,0.5070,484.7,P,P
IMG-SENSOR-003,W01,-2,34,1,100,13.54,0.5335,473.7,P,P
IMG-SENSOR-003,W01,-1,34,1,100,12.37,0.5239,462.8,P,P
IMG-SENSOR-003,W01,0,34,1,100,11.51,0.5283,479.6,P,P
IMG-SENSOR-003,W01,1,34,2,202,60.09,0.6752,205.7,F,F
IMG-SENSOR-003,W01,2,34,1,100,11.14,0.5131,461.1,P,P
IMG-SENSOR-003,W01,3,34,1,100,12.75,0.5180,517.5,P,P
IMG-SENSOR-003,W01,4,34,1,100,11.99,0.5224,482.4,P,P
IMG-SENSOR-003,W01,5,34,1,100,12.62,0.5399,488.8,P,P
IMG-SENSOR-003,W01,6,34,1,100,11.17,0.5500,441.6,P,P
IMG-SENSOR-003,W01,7,34,1,100,15.47,0.5144,483.1,P,P
IMG-SENSOR-003,W01,8,34,1,100,11.38,0.5195,480.5,P,P
IMG-SENSOR-003,W01,9,34,1,100,15.84,0.5314,486.6,P,P
IMG-SENSOR-003,W01,10,34,1,100,10.43,0.5301,447.3,P,P
IMG-SENSOR-003,W01,-10,35,1,100,14.73,0.4813,490.0,P,P
IMG-SENSOR-003,W01,-9,35,1,100,14.02,0.4874,477.9,P,P
IMG-SENSOR-003,W01,-8,35,1,100,13.72,0.4989,463.9,P,P
IMG-SENSOR-003,W01,-7,35,1,100,10.03,0.4839,498.5,P,P
IMG-SENSOR-003,W01,-6,35,1,100,15.72,0.5203,458.2,P,P
IMG-SENSOR-003,W01,-5,35,1,100,12.51,0.4859,506.4,P,P
IMG-SENSOR-003,W01,-4,35,1,100,12.86,0.4838,477.8,P,P
IMG-SENSOR-003,W01,-3,35,1,100,11.93,0.5157,503.0,P,P
IMG-SENSOR-003,W01,-2,35,1,100,12.22,0.5355,475.8,P,P
IMG-SENSOR-003,W01,-1,35,1,100,11.94,0.4972,469.4,P,P
IMG-SENSOR-003,W01,0,35,1,100,15.23,0.5284,473.6,P,P
IMG-SENSOR-003,W01,1,35,1,100,13.17,0.5019,475.7,P,P
IMG-SENSOR-003,W01,2,35,1,100,11.22,0.5093,488.0,P,P
IMG-SENSOR-003,W01,3,35,1,100,13.58,0.5454,481.5,P,P
IMG-SENSOR-003,W01,4,35,1,100,12.83,0.5192,489.2,P,P
IMG-SENSOR-003,W01,5,35,1,100,11.26,0.5376,502.4,P,P
IMG-SENSOR-003,W01,6,35,1,100,13.35,0.5379,477.3,P,P
IMG-SENSOR-003,W01,7,35,1,100,13.26,0.5406,472.5,P,P
IMG-SENSOR-003,W01,8,35,1,100,13.07,0.5149,445.7,P,P
IMG-SENSOR-003,W01,9,35,1,100,10.35,0.5392,510.7,P,P
IMG-SENSOR-003,W01,10,35,1,100,10.30,0.5405,455.3,P,P
IMG-SENSOR-003,W01,-10,36,1,100,14.57,0.4925,446.7,P,P
IMG-SENSOR-003,W01,-9,36,1,100,12.26,0.4835,467.9,P,P
IMG-SENSOR-003,W01,-8,36,1,100,9.55,0.5051,468.0,P,P
IMG-SENSOR-003,W01,-7,36,1,100,11.26,0.5018,516.1,P,P
IMG-SENSOR-003,W01,-6,36,1,100,11.90,0.5203,487.9,P,P
IMG-SENSOR-003,W01,-5,36,1,100,12.39,0.4957,493.7,P,P
IMG-SENSOR-003,W01,-4,36,1,100,10.80,0.5080,485.6,P,P
IMG-SENSOR-003,W01,-3,36,1,100,12.03,0.5190,493.6,P,P
IMG-SENSOR-003,W01,-2,36,1,100,10.54,0.5240,465.2,P,P
IMG-SENSOR-003,W01,-1,36,1,100,9.83,0.4939,457.5,P,P
IMG-SENSOR-003,W01,0,36,1,100,11.34,0.5092,501.0,P,P
IMG-SENSOR-003,W01,1,36,1,100,12.94,0.5067,463.0,P,P
IMG-SENSOR-003,W01,2,36,1,100,11.32,0.5347,472.3,P,P
IMG-SENSOR-003,W01,3,36,1,100,8.52,0.5247,469.7,P,P
IMG-SENSOR-003,W01,4,36,1,100,16.29,0.5066,461.4,P,P
IMG-SENSOR-003,W01,5,36,1,100,14.32,0.5308,471.3,P,P
IMG-SENSOR-003,W01,6,36,1,100,12.61,0.5562,483.8,P,P
IMG-SENSOR-003,W01,7,36,1,100,9.78,0.5250,488.5,P,P
IMG-SENSOR-003,W01,8,36,1,100,14.46,0.5281,483.1,F,P
IMG-SENSOR-003,W01,9,36,1,100,16.42,0.5428,483.1,P,P
IMG-SENSOR-003,W01,10,36,1,100,13.71,0.5413,485.3,P,P
IMG-SENSOR-003,W01,-10,37,1,100,11.78,0.4833,500.5,P,P
IMG-SENSOR-003,W01,-9,37,1,100,14.85,0.4791,468.8,P,P
IMG-SENSOR-003,W01,-8,37,1,100,13.03,0.4916,471.0,P,P
IMG-SENSOR-003,W01,-7,37,1,100,13.53,0.5021,502.4,P,P
IMG-SENSOR-003,W01,-6,37,1,100,11.13,0.4898,464.3,P,P
IMG-SENSOR-003,W01,-5,37,1,100,12.23,0.5284,431.1,P,P
IMG-SENSOR-003,W01,-4,37,1,100,11.58,0.5043,464.0,P,P
IMG-SENSOR-003,W01,-3,37,1,100,9.67,0.5021,509.5,P,P
IMG-SENSOR-003,W01,-2,37,1,100,12.98,0.5245,487.9,P,P
IMG-SENSOR-003,W01,-1,37,1,100,11.76,0.5205,476.0,P,P
IMG-SENSOR-003,W01,0,37,1,100,12.85,0.5300,476.0,P,P
IMG-SENSOR-003,W01,1,37,1,100,13.36,0.4961,462.8,P,P
IMG-SENSOR-003,W01,2,37,1,100,12.16,0.5233,461.6,P,P
IMG-SENSOR-003,W01,3,37,1,100,10.95,0.5031,494.1,P,P
IMG-SENSOR-003,W01,4,37,1,100,10.17,0.5210,498.6,P,P
IMG-SENSOR-003,W01,5,37,1,100,10.30,0.4960,522.3,P,P
IMG-SENSOR-003,W01,6,37,1,100,11.43,0.5427,487.5,P,P
IMG-SENSOR-003,W01,7,37,1,100,12.87,0.5384,487.1,P,P
IMG-SENSOR-003,W01,8,37,1,100,11.30,0.5431,504.9,P,P
IMG-SENSOR-003,W01,9,37,1,100,9.27,0.5307,480.9,P,P
IMG-SENSOR-003,W01,10,37,1,100,16.69,0.5621,469.7,P,P
IMG-SENSOR-003,W01,-10,38,1,100,13.06,0.5023,478.7,P,P
IMG-SENSOR-003,W01,-9,38,1,100,11.93,0.5062,501.8,P,P
IMG-SENSOR-003,W01,-8,38,2,301,46.47,0.6341,366.3,F,F
IMG-SENSOR-003,W01,-7,38,1,100,13.46,0.4960,438.9,P,P
IMG-SENSOR-003,W01,-6,38,1,100,13.04,0.5075,486.2,P,P
IMG-SENSOR-003,W01,-5,38,1,100,10.35,0.4975,464.5,P,P
IMG-SENSOR-003,W01,-4,38,1,100,12.27,0.5033,483.3,P,P
IMG-SENSOR-003,W01,-3,38,1,100,10.41,0.5060,502.3,P,P
IMG-SENSOR-003,W01,-2,38,1,100,13.38,0.5295,510.6,P,P
IMG-SENSOR-003,W01,-1,38,1,100,11.94,0.5023,451.4,P,P
IMG-SENSOR-003,W01,0,38,1,100,12.38,0.4947,464.3,P,P
IMG-SENSOR-003,W01,1,38,1,100,13.88,0.5050,483.2,P,P
IMG-SENSOR-003,W01,2,38,1,100,13.71,0.5345,517.4,P,P
IMG-SENSOR-003,W01,3,38,1,100,14.41,0.5476,461.8,P,P
IMG-SENSOR-003,W01,4,38,1,100,12.79,0.5247,480.1,P,P
IMG-SENSOR-003,W01,5,38,1,100,10.56,0.5436,461.3,P,P
IMG-SENSOR-003,W01,6,38,1,100,13.24,0.5390,514.7,P,P
IMG-SENSOR-003,W01,7,38,1,100,13.46,0.5423,453.2,P,P
IMG-SENSOR-003,W01,8,38,1,100,14.35,0.5372,462.2,P,P
IMG-SENSOR-003,W01,9,38,2,202,60.91,0.6901,286.8,P,F
IMG-SENSOR-003,W01,10,38,1,100,10.46,0.5445,489.1,P,P
IMG-SENSOR-003,W01,-10,39,1,100,11.28,0.4833,483.3,P,P
IMG-SENSOR-003,W01,-9,39,1,100,14.09,0.4971,463.5,P,P
IMG-SENSOR-003,W01,-8,39,1,100,11.63,0.5257,476.5,P,P
IMG-SENSOR-003,W01,-7,39,1,100,11.46,0.5013,478.1,P,P
IMG-SENSOR-003,W01,-6,39,1,100,10.06,0.5090,461.8,P,P
IMG-SENSOR-003,W01,-5,39,1,100,14.86,0.4811,511.6,P,P
IMG-SENSOR-003,W01,-4,39,1,100,11.34,0.4965,494.5,P,P
IMG-SENSOR-003,W01,-3,39,1,100,10.25,0.4957,477.7,P,P
IMG-SENSOR-003,W01,-2,39,1,100,13.10,0.5220,503.7,P,P
IMG-SENSOR-003,W01,-1,39,1,100,11.42,0.5048,485.2,P,P
IMG-SENSOR-003,W01,0,39,1,100,13.37,0.5573,491.8,P,P
IMG-SENSOR-003,W01,1,39,1,100,9.74,0.5235,490.2,P,P
IMG-SENSOR-003,W01,2,39,1,100,14.32,0.5081,437.7,P,P
IMG-SENSOR-003,W01,3,39,1,100,13.84,0.5511,460.4,P,P
IMG-SENSOR-003,W01,4,39,1,100,10.44,0.4862,474.5,P,P
IMG-SENSOR-003,W01,5,39,3,401,42.16,0.6904,364.7,P,F
IMG-SENSOR-003,W01,6,39,1,100,13.19,0.5325,510.4,P,P
IMG-SENSOR-003,W01,7,39,1,100,11.12,0.5112,492.1,P,P
IMG-SENSOR-003,W01,8,39,1,100,12.28,0.5284,469.3,P,P
IMG-SENSOR-003,W01,9,39,1,100,12.11,0.5407,483.6,P,P
IMG-SENSOR-003,W01,10,39,1,100,15.38,0.5181,486.4,P,P
IMG-SENSOR-003,W01,-10,40,2,301,52.59,0.6325,234.7,P,F
IMG-SENSOR-003,W01,-9,40,1,100,12.96,0.4953,477.8,P,P
IMG-SENSOR-003,W01,-8,40,1,100,13.56,0.5318,464.2,P,P
IMG-SENSOR-003,W01,-7,40,1,100,10.77,0.5178,463.5,P,P
IMG-SENSOR-003,W01,-6,40,1,100,9.11,0.5027,464.2,P,P
IMG-SENSOR-003,W01,-5,40,1,100,14.67,0.5317,485.8,P,P
IMG-SENSOR-003,W01,-4,40,1,100,13.15,0.5136,450.5,P,P
IMG-SENSOR-003,W01,-3,40,1,100,5.74,0.5442,447.0,P,P
IMG-SENSOR-003,W01,-2,40,1,100,10.13,0.4995,495.0,P,P
IMG-SENSOR-003,W01,-1,40,1,100,12.82,0.5173,481.1,P,P
IMG-SENSOR-003,W01,0,40,1,100,14.14,0.5277,437.8,P,P
IMG-SENSOR-003,W01,1,40,1,100,10.85,0.5311,502.0,P,P
IMG-SENSOR-003,W01,2,40,1,100,10.73,0.5336,496.7,P,P
IMG-SENSOR-003,W01,3,40,1,100,12.95,0.5211,492.9,P,P
IMG-SENSOR-003,W01,4,40,1,100,10.17,0.5123,476.5,P,P
IMG-SENSOR-003,W01,5,40,1,100,9.84,0.5338,470.8,P,P
IMG-SENSOR-003,W01,6,40,1,100,12.55,0.5286,475.0,P,P
IMG-SENSOR-003,W01,7,40,1,100,13.46,0.5399,465.9,P,P
IMG-SENSOR-003,W01,8,40,1,100,12.31,0.5308,465.1,P,P
IMG-SENSOR-003,W01,9,40,1,100,11.24,0.5463,441.5,P,P
IMG-SENSOR-003,W01,10,40,4,302,46.72,0.6877,252.6,F,F
IMG-SENSOR-003,W01,-10,41,1,100,11.80,0.5077,496.5,P,P
IMG-SENSOR-003,W01,-9,41,1,100,15.41,0.5020,471.2,P,P
IMG-SENSOR-003,W01,-8,41,1,100,11.97,0.5078,478.1,P,P
IMG-SENSOR-003,W01,-7,41,1,100,11.31,0.4908,509.4,P,P
IMG-SENSOR-003,W01,-6,41,1,100,12.21,0.4950,482.2,P,P
IMG-SENSOR-003,W01,-5,41,1,100,13.46,0.5278,479.1,P,P
IMG-SENSOR-003,W01,-4,41,1,100,12.15,0.5468,504.5,P,P
IMG-SENSOR-003,W01,-3,41,1,100,13.45,0.5156,445.4,P,P
IMG-SENSOR-003,W01,-2,41,1,100,15.06,0.5397,485.1,P,P
IMG-SENSOR-003,W01,-1,41,1,100,13.32,0.4965,444.5,P,P
IMG-SENSOR-003,W01,0,41,1,100,14.73,0.5291,453.1,P,P
IMG-SENSOR-003,W01,1,41,1,100,12.26,0.5249,471.0,P,P
IMG-SENSOR-003,W01,2,41,1,100,9.55,0.4968,491.5,P,P
IMG-SENSOR-003,W01,3,41,1,100,10.97,0.5681,474.0,P,P
IMG-SENSOR-003,W01,4,41,1,100,9.13,0.5306,478.0,P,P
IMG-SENSOR-003,W01,5,41,1,100,12.08,0.5095,507.2,P,P
IMG-SENSOR-003,W01,6,41,1,100,10.22,0.5265,479.9,P,P
IMG-SENSOR-003,W01,7,41,1,100,8.71,0.5539,474.5,P,P
IMG-SENSOR-003,W01,8,41,1,100,15.37,0.5282,462.1,P,P
IMG-SENSOR-003,W01,9,41,1,100,12.45,0.5519,489.5,P,P
IMG-SENSOR-003,W01,10,41,1,100,9.60,0.5213,483.6,P,P
IMG-SENSOR-003,W01,-10,42,1,100,15.15,0.5059,499.9,P,P
IMG-SENSOR-003,W01,-9,42,1,100,14.41,0.4989,456.9,P,P
IMG-SENSOR-003,W01,-8,42,1,100,14.76,0.5244,488.0,P,P
IMG-SENSOR-003,W01,-7,42,1,100,15.10,0.5230,466.9,P,P
IMG-SENSOR-003,W01,-6,42,1,100,10.54,0.5240,475.9,P,P
IMG-SENSOR-003,W01,-5,42,1,100,10.50,0.5037,473.1,P,P
IMG-SENSOR-003,W01,-4,42,1,100,9.41,0.5317,485.9,P,P
IMG-SENSOR-003,W01,-3,42,1,100,13.88,0.5266,475.4,P,P
IMG-SENSOR-003,W01,-2,42,1,100,11.67,0.5089,466.8,P,P
IMG-SENSOR-003,W01,-1,42,1,100,11.38,0.5120,508.2,P,P
IMG-SENSOR-003,W01,0,42,1,100,11.25,0.5256,459.5,P,P
IMG-SENSOR-003,W01,1,42,1,100,12.35,0.5182,490.2,P,P
IMG-SENSOR-003,W01,2,42,1,100,12.62,0.5204,500.3,P,P
IMG-SENSOR-003,W01,3,42,1,100,11.70,0.5412,475.1,P,P
IMG-SENSOR-003,W01,4,42,1,100,14.00,0.5111,462.7,P,P
IMG-SENSOR-003,W01,5,42,1,100,11.63,0.5331,486.9,P,P
IMG-SENSOR-003,W01,6,42,1,100,14.15,0.5321,509.0,P,P
IMG-SENSOR-003,W01,7,42,1,100,12.41,0.5304,483.4,P,P
IMG-SENSOR-003,W01,8,42,4,301,44.60,0.6504,328.9,F,F
IMG-SENSOR-003,W01,9,42,1,100,10.24,0.5295,485.9,P,P
IMG-SENSOR-003,W01,10,42,1,100,13.17,0.5419,467.5,P,P
IMG-SENSOR-003,W01,-9,43,1,100,13.67,0.4902,494.7,P,P
IMG-SENSOR-003,W01,-8,43,1,100,10.64,0.5157,457.9,P,P
IMG-SENSOR-003,W01,-7,43,1,100,11.03,0.5099,477.3,P,P
IMG-SENSOR-003,W01,-6,43,1,100,12.57,0.5183,504.1,P,P
IMG-SENSOR-003,W01,-5,43,1,100,13.52,0.5084,465.9,P,P
IMG-SENSOR-003,W01,-4,43,1,100,13.49,0.5083,449.6,P,P
IMG-SENSOR-003,W01,-3,43,2,301,38.85,0.6580,286.1,P,F
IMG-SENSOR-003,W01,-2,43,1,100,13.65,0.5404,472.2,P,P
IMG-SENSOR-003,W01,-1,43,1,100,13.83,0.5207,468.8,P,P
IMG-SENSOR-003,W01,0,43,1,100,13.10,0.5172,477.3,P,P
IMG-SENSOR-003,W01,1,43,1,100,10.55,0.5513,480.2,P,P
IMG-SENSOR-003,W01,2,43,1,100,15.25,0.5195,489.8,P,P
IMG-SENSOR-003,W01,3,43,1,100,14.48,0.5322,477.8,P,P
IMG-SENSOR-003,W01,4,43,1,100,15.28,0.5359,467.8,P,P
IMG-SENSOR-003,W01,5,43,1,100,12.64,0.5390,481.7,P,P
IMG-SENSOR-003,W01,6,43,1,100,12.03,0.5232,505.2,P,P
IMG-SENSOR-003,W01,7,43,1,100,12.54,0.5473,500.0,P,P
IMG-SENSOR-003,W01,8,43,1,100,12.54,0.5427,487.4,P,P
IMG-SENSOR-003,W01,9,43,1,100,14.48,0.5333,471.7,P,P
IMG-SENSOR-003,W01,-9,44,1,100,12.25,0.5142,466.4,P,P
IMG-SENSOR-003,W01,-8,44,1,100,12.58,0.5129,491.0,P,P
IMG-SENSOR-003,W01,-7,44,1,100,12.57,0.5103,472.6,P,P
IMG-SENSOR-003,W01,-6,44,1,100,12.57,0.5279,493.1,P,P
IMG-SENSOR-003,W01,-5,44,1,100,11.76,0.4662,474.0,P,P
IMG-SENSOR-003,W01,-4,44,1,100,14.45,0.5095,464.6,P,P
IMG-SENSOR-003,W01,-3,44,1,100,13.02,0.4991,499.2,P,P
IMG-SENSOR-003,W01,-2,44,1,100,12.89,0.5141,490.2,P,P
IMG-SENSOR-003,W01,-1,44,1,100,12.35,0.5326,447.3,P,P
IMG-SENSOR-003,W01,0,44,1,100,10.74,0.5293,487.7,P,P
IMG-SENSOR-003,W01,1,44,1,100,15.19,0.5444,455.0,P,P
IMG-SENSOR-003,W01,2,44,1,100,9.71,0.5054,487.6,P,P
IMG-SENSOR-003,W01,3,44,1,100,12.21,0.5613,472.9,P,P
IMG-SENSOR-003,W01,4,44,1,100,10.98,0.5271,471.6,P,P
IMG-SENSOR-003,W01,5,44,1,100,15.51,0.5195,481.9,P,P
IMG-SENSOR-003,W01,6,44,1,100,14.29,0.5286,449.2,P,P
IMG-SENSOR-003,W01,7,44,1,100,13.51,0.5289,482.1,P,P
IMG-SENSOR-003,W01,8,44,1,100,11.11,0.5193,484.2,P,P
IMG-SENSOR-003,W01,9,44,1,100,10.61,0.5484,463.3,P,P
IMG-SENSOR-003,W01,-9,45,1,100,13.67,0.5177,466.3,P,P
IMG-SENSOR-003,W01,-8,45,1,100,15.15,0.5245,459.0,P,P
IMG-SENSOR-003,W01,-7,45,4,302,56.59,0.6242,263.3,F,F
IMG-SENSOR-003,W01,-6,45,1,100,12.95,0.5022,476.4,P,P
IMG-SENSOR-003,W01,-5,45,1,100,13.06,0.5234,486.3,P,P
IMG-SENSOR-003,W01,-4,45,1,100,11.09,0.5231,513.1,P,P
IMG-SENSOR-003,W01,-3,45,1,100,12.57,0.5115,475.8,P,P
IMG-SENSOR-003,W01,-2,45,1,100,15.36,0.5090,478.1,P,P
IMG-SENSOR-003,W01,-1,45,2,301,49.69,0.6706,309.0,P,F
IMG-SENSOR-003,W01,0,45,1,100,8.66,0.5231,473.5,P,P
IMG-SENSOR-003,W01,1,45,1,100,11.94,0.5022,481.4,P,P
IMG-SENSOR-003,W01,2,45,1,100,11.73,0.5195,463.0,P,P
IMG-SENSOR-003,W01,3,45,1,100,10.87,0.5484,493.4,P,P
IMG-SENSOR-003,W01,4,45,1,100,14.89,0.5324,469.8,P,P
IMG-SENSOR-003,W01,5,45,1,100,10.02,0.5241,521.8,P,P
IMG-SENSOR-003,W01,6,45,1,100,11.52,0.5591,511.3,P,P
IMG-SENSOR-003,W01,7,45,1,100,14.29,0.5442,470.9,P,P
IMG-SENSOR-003,W01,8,45,1,100,13.69,0.5325,478.2,P,P
IMG-SENSOR-003,W01,9,45,1,100,11.42,0.5358,432.6,P,P
IMG-SENSOR-003,W01,-9,46,1,100,12.77,0.5363,485.1,P,P
IMG-SENSOR-003,W01,-8,46,1,100,13.02,0.5085,454.8,P,P
IMG-SENSOR-003,W01,-7,46,1,100,10.93,0.5131,471.7,P,P
IMG-SENSOR-003,W01,-6,46,1,100,14.89,0.5049,463.8,P,P
IMG-SENSOR-003,W01,-5,46,1,100,13.32,0.5056,482.7,P,P
IMG-SENSOR-003,W01,-4,46,1,100,11.97,0.5102,492.5,P,P
IMG-SENSOR-003,W01,-3,46,1,100,11.59,0.5297,491.6,P,P
IMG-SENSOR-003,W01,-2,46,1,100,10.44,0.5501,474.4,P,P
IMG-SENSOR-003,W01,-1,46,1,100,14.67,0.5248,483.9,P,P
IMG-SENSOR-003,W01,0,46,1,100,10.78,0.5025,462.1,P,P
IMG-SENSOR-003,W01,1,46,1,100,13.56,0.5345,492.2,P,P
IMG-SENSOR-003,W01,2,46,1,100,10.88,0.5230,472.6,P,P
IMG-SENSOR-003,W01,3,46,1,100,14.56,0.5298,467.6,P,P
IMG-SENSOR-003,W01,4,46,1,100,11.66,0.5371,477.6,P,P
IMG-SENSOR-003,W01,5,46,1,100,11.97,0.5379,468.8,P,P
IMG-SENSOR-003,W01,6,46,1,100,11.39,0.5387,482.4,P,P
IMG-SENSOR-003,W01,7,46,1,100,13.98,0.5635,496.8,P,P
IMG-SENSOR-003,W01,8,46,4,301,54.86,0.6870,388.7,P,F
IMG-SENSOR-003,W01,9,46,1,100,10.84,0.5200,488.8,P,P
IMG-SENSOR-003,W01,-9,47,1,100,11.45,0.4930,506.5,P,P
IMG-SENSOR-003,W01,-8,47,1,100,13.76,0.5178,468.7,P,P
IMG-SENSOR-003,W01,-7,47,1,100,12.74,0.5142,472.4,P,P
IMG-SENSOR-003,W01,-6,47,1,100,10.31,0.5404,475.9,P,P
IMG-SENSOR-003,W01,-5,47,1,100,10.99,0.5385,495.5,P,P
IMG-SENSOR-003,W01,-4,47,1,100,12.49,0.4974,467.2,P,P
IMG-SENSOR-003,W01,-3,47,1,100,14.66,0.4941,460.3,P,P
IMG-SENSOR-003,W01,-2,47,1,100,14.73,0.5196,490.3,P,P
IMG-SENSOR-003,W01,-1,47,1,100,13.41,0.5072,458.8,P,P
IMG-SENSOR-003,W01,0,47,1,100,15.54,0.5412,498.1,P,P
IMG-SENSOR-003,W01,1,47,3,302,43.72,0.6735,283.7,P,F
IMG-SENSOR-003,W01,2,47,1,100,12.50,0.5337,497.6,P,P
IMG-SENSOR-003,W01,3,47,3,201,37.18,0.6756,317.3,P,F
IMG-SENSOR-003,W01,4,47,1,100,13.70,0.5557,494.6,P,P
IMG-SENSOR-003,W01,5,47,1,100,11.81,0.5357,446.6,P,P
IMG-SENSOR-003,W01,6,47,1,100,10.97,0.5185,471.4,P,P
IMG-SENSOR-003,W01,7,47,1,100,12.95,0.5260,460.9,P,P
IMG-SENSOR-003,W01,8,47,1,100,11.46,0.5341,467.9,P,P
IMG-SENSOR-003,W01,9,47,1,100,11.98,0.5356,507.2,P,P
IMG-SENSOR-003,W01,-9,48,2,201,42.00,0.6057,310.4,P,F
IMG-SENSOR-003,W01,-8,48,1,100,14.06,0.4947,470.3,P,P
IMG-SENSOR-003,W01,-7,48,1,100,11.14,0.5102,446.3,P,P
IMG-SENSOR-003,W01,-6,48,1,100,12.53,0.5139,467.9,P,P
IMG-SENSOR-003,W01,-5,48,1,100,10.50,0.5108,468.8,P,P
IMG-SENSOR-003,W01,-4,48,1,100,10.14,0.4974,462.5,P,P
IMG-SENSOR-003,W01,-3,48,1,100,13.94,0.5161,503.5,P,P
IMG-SENSOR-003,W01,-2,48,1,100,14.40,0.5216,471.2,P,P
IMG-SENSOR-003,W01,-1,48,1,100,14.66,0.5412,476.8,P,P
IMG-SENSOR-003,W01,0,48,1,100,13.34,0.5376,461.1,P,P
IMG-SENSOR-003,W01,1,48,1,100,12.49,0.5215,458.1,P,P
IMG-SENSOR-003,W01,2,48,1,100,10.56,0.5260,498.0,P,P
IMG-SENSOR-003,W01,3,48,1,100,12.91,0.5235,493.2,P,P
IMG-SENSOR-003,W01,4,48,1,100,10.12,0.5451,455.9,P,P
IMG-SENSOR-003,W01,5,48,1,100,12.20,0.5627,499.2,P,P
IMG-SENSOR-003,W01,6,48,1,100,12.92,0.5384,503.9,P,P
IMG-SENSOR-003,W01,7,48,1,100,11.24,0.5345,487.9,P,P
IMG-SENSOR-003,W01,8,48,2,302,27.41,0.6912,302.8,P,F
IMG-SENSOR-003,W01,9,48,1,100,13.72,0.5619,460.2,P,P
IMG-SENSOR-003,W01,-9,49,4,202,38.48,0.6714,291.4,F,F
IMG-SENSOR-003,W01,-8,49,1,100,13.78,0.5160,480.4,P,P
IMG-SENSOR-003,W01,-7,49,1,100,11.74,0.5368,483.0,P,P
IMG-SENSOR-003,W01,-6,49,1,100,14.53,0.5239,519.8,P,P
IMG-SENSOR-003,W01,-5,49,1,100,11.29,0.5003,455.1,P,P
IMG-SENSOR-003,W01,-4,49,1,100,14.33,0.5372,478.3,P,P
IMG-SENSOR-003,W01,-3,49,1,100,11.73,0.5273,499.6,P,P
IMG-SENSOR-003,W01,-2,49,1,100,12.05,0.5286,484.4,P,P
IMG-SENSOR-003,W01,-1,49,1,100,11.87,0.5330,493.4,P,P
IMG-SENSOR-003,W01,0,49,1,100,13.44,0.5179,483.1,P,P
IMG-SENSOR-003,W01,1,49,1,100,13.66,0.5311,485.8,P,P
IMG-SENSOR-003,W01,2,49,1,100,13.80,0.5361,450.8,P,P
IMG-SENSOR-003,W01,3,49,1,100,12.88,0.5214,496.6,P,P
IMG-SENSOR-003,W01,4,49,1,100,13.51,0.5664,489.0,P,P
IMG-SENSOR-003,W01,5,49,1,100,10.88,0.5621,456.3,P,P
IMG-SENSOR-003,W01,6,49,1,100,10.99,0.5528,463.2,P,P
IMG-SENSOR-003,W01,7,49,1,100,10.66,0.5274,486.1,P,P
IMG-SENSOR-003,W01,8,49,1,100,11.27,0.5470,491.1,P,P
IMG-SENSOR-003,W01,9,49,1,100,15.93,0.5478,468.4,P,P
IMG-SENSOR-003,W01,-9,50,1,100,14.36,0.5006,461.6,P,P
IMG-SENSOR-003,W01,-8,50,1,100,12.01,0.5110,487.2,P,P
IMG-SENSOR-003,W01,-7,50,1,100,14.89,0.5356,465.7,P,P
IMG-SENSOR-003,W01,-6,50,1,100,8.49,0.5192,507.4,P,P
IMG-SENSOR-003,W01,-5,50,1,100,11.64,0.5259,471.4,P,P
IMG-SENSOR-003,W01,-4,50,1,100,13.48,0.5256,486.8,P,P
IMG-SENSOR-003,W01,-3,50,1,100,15.16,0.5276,490.0,P,P
IMG-SENSOR-003,W01,-2,50,1,100,11.49,0.4902,478.8,P,P
IMG-SENSOR-003,W01,-1,50,1,100,13.68,0.4811,477.7,P,P
IMG-SENSOR-003,W01,0,50,1,100,12.97,0.5310,480.1,P,P
IMG-SENSOR-003,W01,1,50,1,100,9.12,0.5253,458.4,P,P
IMG-SENSOR-003,W01,2,50,1,100,9.94,0.5406,452.0,P,P
IMG-SENSOR-003,W01,3,50,1,100,12.98,0.5169,514.3,P,P
IMG-SENSOR-003,W01,4,50,1,100,12.94,0.5496,482.3,P,P
IMG-SENSOR-003,W01,5,50,1,100,11.85,0.5178,469.3,P,P
IMG-SENSOR-003,W01,6,50,1,100,9.73,0.5521,483.1,P,P
IMG-SENSOR-003,W01,7,50,1,100,15.61,0.5507,484.0,P,P
IMG-SENSOR-003,W01,8,50,1,100,12.79,0.5217,483.6,P,P
IMG-SENSOR-003,W01,9,50,1,100,15.30,0.5428,475.1,P,P
IMG-SENSOR-003,W01,-9,51,3,202,46.75,0.6343,395.4,F,F
IMG-SENSOR-003,W01,-8,51,1,100,14.32,0.5045,474.9,P,P
IMG-SENSOR-003,W01,-7,51,1,100,11.59,0.5459,441.2,P,P
IMG-SENSOR-003,W01,-6,51,1,100,13.94,0.5436,459.0,P,P
IMG-SENSOR-003,W01,-5,51,1,100,10.82,0.5120,456.9,P,P
IMG-SENSOR-003,W01,-4,51,1,100,13.17,0.5264,460.3,P,P
IMG-SENSOR-003,W01,-3,51,1,100,12.52,0.5278,478.5,P,P
IMG-SENSOR-003,W01,-2,51,1,100,11.70,0.5279,508.4,P,P
IMG-SENSOR-003,W01,-1,51,1,100,10.85,0.5223,498.7,P,P
IMG-SENSOR-003,W01,0,51,2,201,47.61,0.6715,377.2,F,F
IMG-SENSOR-003,W01,1,51,1,100,13.14,0.5107,487.5,P,P
IMG-SENSOR-003,W01,2,51,1,100,10.96,0.5357,461.5,P,P
IMG-SENSOR-003,W01,3,51,1,100,14.07,0.5153,472.2,P,P
IMG-SENSOR-003,W01,4,51,2,302,44.45,0.6763,294.6,P,F
IMG-SENSOR-003,W01,5,51,1,100,9.83,0.5245,481.9,P,P
IMG-SENSOR-003,W01,6,51,2,301,51.51,0.6808,251.0,P,F
IMG-SENSOR-003,W01,7,51,1,100,12.31,0.5349,459.3,P,P
IMG-SENSOR-003,W01,8,51,1,100,15.43,0.5478,466.6,P,P
IMG-SENSOR-003,W01,9,51,1,100,14.16,0.5740,459.0,P,P
IMG-SENSOR-003,W01,-8,52,1,100,11.12,0.5154,489.4,P,P
IMG-SENSOR-003,W01,-7,52,1,100,10.81,0.5287,476.5,P,P
IMG-SENSOR-003,W01,-6,52,1,100,14.13,0.5320,453.1,P,P
IMG-SENSOR-003,W01,-5,52,1,100,9.89,0.5361,490.5,P,P
IMG-SENSOR-003,W01,-4,52,1,100,10.43,0.5323,470.3,P,P
IMG-SENSOR-003,W01,-3,52,1,100,11.64,0.5354,454.3,P,P
IMG-SENSOR-003,W01,-2,52,1,100,13.43,0.5233,467.5,P,P
IMG-SENSOR-003,W01,-1,52,1,100,14.53,0.5132,518.8,P,P
IMG-SENSOR-003,W01,0,52,1,100,7.93,0.5375,491.7,P,P
IMG-SENSOR-003,W01,1,52,1,100,12.52,0.5175,462.9,P,P
IMG-SENSOR-003,W01,2,52,1,100,10.80,0.5253,490.7,P,P
IMG-SENSOR-003,W01,3,52,1,100,12.04,0.5454,484.2,P,P
IMG-SENSOR-003,W01,4,52,1,100,13.48,0.5291,476.6,P,P
IMG-SENSOR-003,W01,5,52,1,100,11.28,0.5585,485.8,P,P
IMG-SENSOR-003,W01,6,52,1,100,16.36,0.5305,445.4,P,P
IMG-SENSOR-003,W01,7,52,1,100,12.72,0.5498,464.7,P,P
IMG-SENSOR-003,W01,8,52,1,100,9.31,0.5164,469.4,P,P
IMG-SENSOR-003,W01,-8,53,1,100,11.98,0.5051,453.7,P,P
IMG-SENSOR-003,W01,-7,53,1,100,10.31,0.5363,491.4,P,P
IMG-SENSOR-003,W01,-6,53,1,100,13.41,0.5172,483.1,P,P
IMG-SENSOR-003,W01,-5,53,1,100,14.04,0.5404,478.1,P,P
IMG-SENSOR-003,W01,-4,53,1,100,14.28,0.5449,444.9,P,P
IMG-SENSOR-003,W01,-3,53,1,100,13.24,0.5338,498.8,P,P
IMG-SENSOR-003,W01,-2,53,1,100,12.75,0.5204,468.7,P,P
IMG-SENSOR-003,W01,-1,53,1,100,13.19,0.5412,440.6,P,P
IMG-SENSOR-003,W01,0,53,1,100,10.25,0.5394,478.4,P,P
IMG-SENSOR-003,W01,1,53,1,100,13.97,0.5583,447.7,P,P
IMG-SENSOR-003,W01,2,53,1,100,9.43,0.5381,494.6,P,P
IMG-SENSOR-003,W01,3,53,1,100,8.27,0.5335,470.4,P,P
IMG-SENSOR-003,W01,4,53,1,100,13.44,0.5439,444.6,P,P
IMG-SENSOR-003,W01,5,53,1,100,12.04,0.5450,494.6,P,P
IMG-SENSOR-003,W01,6,53,1,100,16.00,0.5462,455.6,P,P
IMG-SENSOR-003,W01,7,53,1,100,10.05,0.5600,506.6,P,P
IMG-SENSOR-003,W01,8,53,1,100,13.65,0.5530,470.1,P,P
IMG-SENSOR-003,W01,-8,54,1,100,15.73,0.5223,435.5,P,P
IMG-SENSOR-003,W01,-7,54,1,100,17.80,0.5102,490.1,P,P
IMG-SENSOR-003,W01,-6,54,1,100,16.96,0.5175,485.5,P,P
IMG-SENSOR-003,W01,-5,54,1,100,11.61,0.5201,471.7,P,P
IMG-SENSOR-003,W01,-4,54,1,100,11.11,0.5456,449.1,P,P
IMG-SENSOR-003,W01,-3,54,1,100,12.79,0.5228,502.1,P,P
IMG-SENSOR-003,W01,-2,54,1,100,12.83,0.5420,484.6,P,P
IMG-SENSOR-003,W01,-1,54,1,100,12.26,0.5370,506.5,P,P
IMG-SENSOR-003,W01,0,54,4,301,30.19,0.6822,346.3,P,F
IMG-SENSOR-003,W01,1,54,1,100,14.12,0.5458,496.9,P,P
IMG-SENSOR-003,W01,2,54,1,100,12.12,0.5415,491.6,P,P
IMG-SENSOR-003,W01,3,54,1,100,13.71,0.5444,494.3,P,P
IMG-SENSOR-003,W01,4,54,1,100,12.41,0.5633,458.9,P,P
IMG-SENSOR-003,W01,5,54,1,100,15.79,0.5433,472.1,P,P
IMG-SENSOR-003,W01,6,54,1,100,12.44,0.5478,474.2,P,P
IMG-SENSOR-003,W01,7,54,1,100,13.77,0.5476,502.5,P,P
IMG-SENSOR-003,W01,8,54,1,100,12.31,0.5483,500.0,P,P
IMG-SENSOR-003,W01,-8,55,1,100,13.29,0.5023,479.7,P,P
IMG-SENSOR-003,W01,-7,55,1,100,15.84,0.5224,490.8,P,P
IMG-SENSOR-003,W01,-6,55,1,100,11.98,0.5264,487.9,P,P
IMG-SENSOR-003,W01,-5,55,1,100,10.41,0.5192,503.0,P,P
IMG-SENSOR-003,W01,-4,55,1,100,14.13,0.5219,458.7,P,P
IMG-SENSOR-003,W01,-3,55,1,100,12.55,0.5057,478.3,P,P
IMG-SENSOR-003,W01,-2,55,1,100,9.99,0.5217,507.1,P,P
IMG-SENSOR-003,W01,-1,55,1,100,10.01,0.5606,464.0,P,P
IMG-SENSOR-003,W01,0,55,1,100,11.75,0.5704,452.2,P,P
IMG-SENSOR-003,W01,1,55,1,100,11.88,0.5252,485.0,P,P
IMG-SENSOR-003,W01,2,55,1,100,14.77,0.5347,485.8,P,P
IMG-SENSOR-003,W01,3,55,1,100,13.31,0.5507,495.0,P,P
IMG-SENSOR-003,W01,4,55,1,100,14.32,0.5375,504.1,P,P
IMG-SENSOR-003,W01,5,55,1,100,9.39,0.5450,464.5,P,P
IMG-SENSOR-003,W01,6,55,1,100,11.95,0.5689,487.8,P,P
IMG-SENSOR-003,W01,7,55,1,100,11.40,0.5748,484.6,P,P
IMG-SENSOR-003,W01,8,55,1,100,12.67,0.5520,467.1,P,P
IMG-SENSOR-003,W01,-8,56,3,301,36.42,0.6467,328.8,P,F
IMG-SENSOR-003,W01,-7,56,1,100,12.13,0.5188,451.6,P,P
IMG-SENSOR-003,W01,-6,56,1,100,10.02,0.5149,485.0,P,P
IMG-SENSOR-003,W01,-5,56,1,100,14.27,0.5403,474.2,P,P
IMG-SENSOR-003,W01,-4,56,1,100,10.61,0.5419,499.2,P,P
IMG-SENSOR-003,W01,-3,56,1,100,13.36,0.5355,473.6,P,P
IMG-SENSOR-003,W01,-2,56,1,100,9.17,0.5334,456.2,P,P
IMG-SENSOR-003,W01,-1,56,1,100,10.38,0.5229,499.7,P,P
IMG-SENSOR-003,W01,0,56,1,100,11.46,0.5279,479.6,P,P
IMG-SENSOR-003,W01,1,56,1,100,13.12,0.5517,477.1,P,P
IMG-SENSOR-003,W01,2,56,1,100,11.01,0.5301,518.3,P,P
IMG-SENSOR-003,W01,3,56,1,100,15.03,0.5619,493.0,P,P
IMG-SENSOR-003,W01,4,56,1,100,12.01,0.5338,461.6,P,P
IMG-SENSOR-003,W01,5,56,1,100,12.04,0.5591,458.2,P,P
IMG-SENSOR-003,W01,6,56,1,100,11.65,0.5669,461.7,P,P
IMG-SENSOR-003,W01,7,56,1,100,12.96,0.5387,486.9,P,P
IMG-SENSOR-003,W01,8,56,1,100,14.09,0.5637,491.6,P,P
IMG-SENSOR-003,W01,-8,57,1,100,12.74,0.5372,473.5,P,P
IMG-SENSOR-003,W01,-7,57,1,100,12.31,0.5295,482.9,P,P
IMG-SENSOR-003,W01,-6,57,1,100,16.75,0.5060,467.4,P,P
IMG-SENSOR-003,W01,-5,57,1,100,15.05,0.5501,501.5,P,P
IMG-SENSOR-003,W01,-4,57,1,100,11.99,0.5099,476.4,P,P
IMG-SENSOR-003,W01,-3,57,2,202,52.64,0.6806,370.3,F,F
IMG-SENSOR-003,W01,-2,57,2,301,44.74,0.6844,361.5,F,F
IMG-SENSOR-003,W01,-1,57,1,100,12.63,0.5266,504.6,P,P
IMG-SENSOR-003,W01,0,57,1,100,12.63,0.5397,452.1,P,P
IMG-SENSOR-003,W01,1,57,1,100,10.83,0.5475,479.9,P,P
IMG-SENSOR-003,W01,2,57,1,100,14.34,0.5280,472.7,P,P
IMG-SENSOR-003,W01,3,57,1,100,10.69,0.5407,497.0,P,P
IMG-SENSOR-003,W01,4,57,1,100,7.03,0.5255,486.5,P,P
IMG-SENSOR-003,W01,5,57,1,100,12.78,0.5406,485.9,P,P
IMG-SENSOR-003,W01,6,57,1,100,11.26,0.5440,472.0,P,P
IMG-SENSOR-003,W01,7,57,1,100,12.45,0.5589,475.2,P,P
IMG-SENSOR-003,W01,8,57,1,100,12.66,0.5429,472.4,P,P
IMG-SENSOR-003,W01,-8,58,1,100,12.03,0.4984,441.8,P,P
IMG-SENSOR-003,W01,-7,58,1,100,14.86,0.5302,463.7,P,P
IMG-SENSOR-003,W01,-6,58,1,100,12.95,0.5551,488.7,P,P
IMG-SENSOR-003,W01,-5,58,1,100,13.02,0.5324,477.3,P,P
IMG-SENSOR-003,W01,-4,58,1,100,12.94,0.5484,487.2,P,P
IMG-SENSOR-003,W01,-3,58,1,100,12.79,0.5273,458.9,P,P
IMG-SENSOR-003,W01,-2,58,1,100,12.88,0.5557,481.0,P,P
IMG-SENSOR-003,W01,-1,58,1,100,14.57,0.5379,459.9,P,P
IMG-SENSOR-003,W01,0,58,1,100,13.23,0.5425,501.5,P,P
IMG-SENSOR-003,W01,1,58,1,100,13.02,0.5201,502.7,P,P
IMG-SENSOR-003,W01,2,58,1,100,18.08,0.5619,482.5,P,P
IMG-SENSOR-003,W01,3,58,1,100,14.80,0.5472,484.1,P,P
IMG-SENSOR-003,W01,4,58,1,100,17.99,0.5554,502.9,P,P
IMG-SENSOR-003,W01,5,58,1,100,12.94,0.5340,467.0,P,P
IMG-SENSOR-003,W01,6,58,1,100,14.29,0.5555,458.3,P,P
IMG-SENSOR-003,W01,7,58,1,100,15.18,0.5676,494.3,P,P
IMG-SENSOR-003,W01,8,58,1,100,12.83,0.5646,465.1,P,P
IMG-SENSOR-003,W01,-7,59,1,100,11.22,0.5309,506.3,P,P
IMG-SENSOR-003,W01,-6,59,1,100,13.30,0.5253,451.3,P,P
IMG-SENSOR-003,W01,-5,59,1,100,13.11,0.5433,449.4,P,P
IMG-SENSOR-003,W01,-4,59,1,100,13.42,0.5278,474.7,P,P
IMG-SENSOR-003,W01,-3,59,1,100,13.98,0.5172,461.3,P,P
IMG-SENSOR-003,W01,-2,59,1,100,12.11,0.5665,487.1,P,P
IMG-SENSOR-003,W01,-1,59,1,100,12.52,0.5207,485.8,P,P
IMG-SENSOR-003,W01,0,59,1,100,12.96,0.5367,453.0,P,P
IMG-SENSOR-003,W01,1,59,1,100,15.96,0.5322,467.0,P,P
IMG-SENSOR-003,W01,2,59,1,100,12.69,0.5515,494.5,P,P
IMG-SENSOR-003,W01,3,59,1,100,10.42,0.5302,489.1,P,P
IMG-SENSOR-003,W01,4,59,1,100,13.16,0.5721,462.1,P,P
IMG-SENSOR-003,W01,5,59,1,100,13.48,0.5713,473.7,P,P
IMG-SENSOR-003,W01,6,59,1,100,11.30,0.5874,429.1,P,P
IMG-SENSOR-003,W01,7,59,1,100,9.54,0.5452,495.8,P,P
IMG-SENSOR-003,W01,-7,60,1,100,14.06,0.5268,452.4,P,P
IMG-SENSOR-003,W01,-6,60,1,100,9.32,0.5443,482.3,P,P
IMG-SENSOR-003,W01,-5,60,1,100,8.61,0.5533,456.1,P,P
IMG-SENSOR-003,W01,-4,60,1,100,16.85,0.5375,463.6,P,P
IMG-SENSOR-003,W01,-3,60,1,100,13.17,0.5449,463.1,P,P
IMG-SENSOR-003,W01,-2,60,1,100,12.28,0.5218,496.4,P,P
IMG-SENSOR-003,W01,-1,60,1,100,15.71,0.5592,455.7,P,P
IMG-SENSOR-003,W01,0,60,2,202,43.73,0.6820,291.2,P,F
IMG-SENSOR-003,W01,1,60,1,100,11.93,0.5391,446.1,P,P
IMG-SENSOR-003,W01,2,60,1,100,16.23,0.5578,477.0,P,P
IMG-SENSOR-003,W01,3,60,1,100,11.14,0.5286,498.4,P,P
IMG-SENSOR-003,W01,4,60,1,100,11.67,0.5701,472.1,P,P
IMG-SENSOR-003,W01,5,60,1,100,10.02,0.5290,507.1,P,P
IMG-SENSOR-003,W01,6,60,1,100,11.31,0.5615,462.5,P,P
IMG-SENSOR-003,W01,7,60,1,100,10.75,0.5569,462.8,P,P
IMG-SENSOR-003,W01,-7,61,2,301,39.11,0.6694,383.3,P,F
IMG-SENSOR-003,W01,-6,61,1,100,15.69,0.5225,486.0,P,P
IMG-SENSOR-003,W01,-5,61,1,100,15.36,0.5177,445.5,P,P
IMG-SENSOR-003,W01,-4,61,1,100,14.54,0.5436,467.9,P,P
IMG-SENSOR-003,W01,-3,61,1,100,12.70,0.5324,442.4,P,P
IMG-SENSOR-003,W01,-2,61,1,100,12.75,0.5266,475.1,P,P
IMG-SENSOR-003,W01,-1,61,1,100,14.28,0.5346,454.9,P,P
IMG-SENSOR-003,W01,0,61,1,100,11.65,0.5264,482.8,P,P
IMG-SENSOR-003,W01,1,61,1,100,9.85,0.5322,460.0,P,P
IMG-SENSOR-003,W01,2,61,1,100,11.37,0.5457,473.8,P,P
IMG-SENSOR-003,W01,3,61,1,100,11.66,0.5500,486.3,P,P
IMG-SENSOR-003,W01,4,61,1,100,12.35,0.5557,451.3,P,P
IMG-SENSOR-003,W01,5,61,1,100,12.62,0.5519,495.3,P,P
IMG-SENSOR-003,W01,6,61,1,100,11.04,0.5294,495.7,P,P
IMG-SENSOR-003,W01,7,61,1,100,13.64,0.5265,465.9,P,P
IMG-SENSOR-003,W01,-7,62,2,201,37.00,0.6795,295.7,P,F
IMG-SENSOR-003,W01,-6,62,1,100,12.39,0.5397,479.6,P,P
IMG-SENSOR-003,W01,-5,62,1,100,12.38,0.5347,479.9,P,P
IMG-SENSOR-003,W01,-4,62,1,100,11.33,0.5674,475.1,P,P
IMG-SENSOR-003,W01,-3,62,1,100,12.51,0.5400,490.8,P,P
IMG-SENSOR-003,W01,-2,62,1,100,13.13,0.5270,497.7,P,P
IMG-SENSOR-003,W01,-1,62,1,100,16.69,0.5587,480.9,P,P
IMG-SENSOR-003,W01,0,62,1,100,13.63,0.5647,447.3,P,P
IMG-SENSOR-003,W01,1,62,1,100,9.52,0.5853,510.6,P,P
IMG-SENSOR-003,W01,2,62,1,100,14.29,0.5374,475.1,P,P
IMG-SENSOR-003,W01,3,62,1,100,12.26,0.5776,486.2,P,P
IMG-SENSOR-003,W01,4,62,1,100,12.47,0.5379,490.8,P,P
IMG-SENSOR-003,W01,5,62,1,100,11.28,0.5609,469.6,P,P
IMG-SENSOR-003,W01,6,62,1,100,14.52,0.5600,508.1,P,P
IMG-SENSOR-003,W01,7,62,1,100,9.63,0.5703,506.0,P,P
IMG-SENSOR-003,W01,-7,63,2,201,42.70,0.6759,257.0,P,F
IMG-SENSOR-003,W01,-6,63,1,100,12.56,0.5446,483.4,P,P
IMG-SENSOR-003,W01,-5,63,1,100,12.63,0.5447,444.6,P,P
IMG-SENSOR-003,W01,-4,63,1,100,12.32,0.5542,490.9,P,P
IMG-SENSOR-003,W01,-3,63,1,100,13.01,0.5554,452.6,P,P
IMG-SENSOR-003,W01,-2,63,1,100,10.52,0.5530,484.2,P,P
IMG-SENSOR-003,W01,-1,63,1,100,13.95,0.5576,491.1,P,P
IMG-SENSOR-003,W01,0,63,1,100,12.92,0.5525,469.9,P,P
IMG-SENSOR-003,W01,1,63,1,100,15.09,0.5423,464.3,P,P
IMG-SENSOR-003,W01,2,63,1,100,10.23,0.5660,445.3,P,P
IMG-SENSOR-003,W01,3,63,1,100,11.67,0.5493,487.3,P,P
IMG-SENSOR-003,W01,4,63,1,100,12.48,0.5213,466.3,P,P
IMG-SENSOR-003,W01,5,63,1,100,13.52,0.5364,513.2,P,P
IMG-SENSOR-003,W01,6,63,1,100,9.78,0.5294,488.8,P,P
IMG-SENSOR-003,W01,7,63,1,100,12.26,0.5845,474.2,P,P
IMG-SENSOR-003,W01,-6,64,1,100,13.26,0.5317,491.2,P,P
IMG-SENSOR-003,W01,-5,64,1,100,12.63,0.5551,450.6,P,P
IMG-SENSOR-003,W01,-4,64,1,100,12.99,0.5313,487.7,P,P
IMG-SENSOR-003,W01,-3,64,1,100,14.75,0.5500,473.6,P,P
IMG-SENSOR-003,W01,-2,64,1,100,11.47,0.5475,468.3,P,P
IMG-SENSOR-003,W01,-1,64,2,301,47.92,0.6717,300.2,P,F
IMG-SENSOR-003,W01,0,64,1,100,13.97,0.5390,455.3,P,P
IMG-SENSOR-003,W01,1,64,1,100,10.52,0.5225,478.9,P,P
IMG-SENSOR-003,W01,2,64,1,100,11.81,0.5282,443.4,P,P
IMG-SENSOR-003,W01,3,64,1,100,10.73,0.5614,463.6,P,P
IMG-SENSOR-003,W01,4,64,1,100,13.96,0.5539,473.0,P,P
IMG-SENSOR-003,W01,5,64,1,100,12.32,0.5359,473.6,P,P
IMG-SENSOR-003,W01,6,64,1,100,14.16,0.5801,471.7,P,P
IMG-SENSOR-003,W01,-6,65,1,100,13.25,0.5254,502.5,P,P
IMG-SENSOR-003,W01,-5,65,1,100,11.65,0.5287,460.2,P,P
IMG-SENSOR-003,W01,-4,65,1,100,13.28,0.5456,494.7,P,P
IMG-SENSOR-003,W01,-3,65,1,100,15.03,0.5205,481.8,P,P
IMG-SENSOR-003,W01,-2,65,1,100,10.58,0.5463,479.3,P,P
IMG-SENSOR-003,W01,-1,65,1,100,9.34,0.5342,488.9,P,P
IMG-SENSOR-003,W01,0,65,1,100,9.38,0.5599,482.7,P,P
IMG-SENSOR-003,W01,1,65,1,100,11.38,0.5798,493.2,P,P
IMG-SENSOR-003,W01,2,65,1,100,17.21,0.5459,508.3,P,P
IMG-SENSOR-003,W01,3,65,1,100,14.68,0.5483,464.1,P,P
IMG-SENSOR-003,W01,4,65,1,100,12.06,0.5487,474.4,P,P
IMG-SENSOR-003,W01,5,65,1,100,13.03,0.5486,496.0,P,P
IMG-SENSOR-003,W01,6,65,1,100,10.74,0.5678,475.5,P,P
IMG-SENSOR-003,W01,-6,66,1,100,9.65,0.5286,461.9,P,P
IMG-SENSOR-003,W01,-5,66,1,100,13.38,0.5508,493.9,P,P
IMG-SENSOR-003,W01,-4,66,1,100,13.33,0.5516,495.1,P,P
IMG-SENSOR-003,W01,-3,66,1,100,12.36,0.5365,471.8,P,P
IMG-SENSOR-003,W01,-2,66,1,100,11.30,0.5255,476.8,P,P
IMG-SENSOR-003,W01,-1,66,1,100,12.70,0.5549,518.3,P,P
IMG-SENSOR-003,W01,0,66,1,100,12.56,0.5410,482.4,P,P
IMG-SENSOR-003,W01,1,66,1,100,12.36,0.5582,490.4,P,P
IMG-SENSOR-003,W01,2,66,1,100,12.34,0.5474,468.7,P,P
IMG-SENSOR-003,W01,3,66,1,100,14.89,0.5451,494.2,P,P
IMG-SENSOR-003,W01,4,66,1,100,14.37,0.5541,477.3,P,P
IMG-SENSOR-003,W01,5,66,1,100,12.45,0.5506,471.8,P,P
IMG-SENSOR-003,W01,6,66,2,302,41.55,0.7007,263.8,F,F
IMG-SENSOR-003,W01,-6,67,4,202,45.38,0.6721,299.8,F,F
IMG-SENSOR-003,W01,-5,67,1,100,10.96,0.5174,505.3,P,P
IMG-SENSOR-003,W01,-4,67,1,100,10.76,0.5430,480.7,P,P
IMG-SENSOR-003,W01,-3,67,1,100,12.13,0.5373,470.0,P,P
IMG-SENSOR-003,W01,-2,67,1,100,12.45,0.5610,464.9,P,P
IMG-SENSOR-003,W01,-1,67,1,100,11.84,0.5336,489.4,P,P
IMG-SENSOR-003,W01,0,67,1,100,12.00,0.5593,478.3,P,P
IMG-SENSOR-003,W01,1,67,1,100,11.97,0.5572,493.3,P,P
IMG-SENSOR-003,W01,2,67,1,100,11.85,0.5353,501.1,P,P
IMG-SENSOR-003,W01,3,67,1,100,13.42,0.5597,499.4,P,P
IMG-SENSOR-003,W01,4,67,1,100,12.89,0.5461,450.7,P,P
IMG-SENSOR-003,W01,5,67,1,100,11.76,0.5707,461.7,P,P
IMG-SENSOR-003,W01,6,67,3,301,46.24,0.7003,282.2,P,F
IMG-SENSOR-003,W01,-6,68,1,100,14.05,0.5374,477.2,P,P
IMG-SENSOR-003,W01,-5,68,1,100,15.01,0.5290,494.3,P,P
IMG-SENSOR-003,W01,-4,68,1,100,14.87,0.5476,511.8,P,P
IMG-SENSOR-003,W01,-3,68,1,100,10.97,0.5320,476.6,P,P
IMG-SENSOR-003,W01,-2,68,1,100,11.34,0.5029,487.0,P,P
IMG-SENSOR-003,W01,-1,68,1,100,12.16,0.5395,492.4,P,P
IMG-SENSOR-003,W01,0,68,1,100,14.78,0.5399,465.7,P,P
IMG-SENSOR-003,W01,1,68,1,100,13.76,0.5369,467.5,P,P
IMG-SENSOR-003,W01,2,68,1,100,11.85,0.5447,482.6,P,P
IMG-SENSOR-003,W01,3,68,1,100,11.93,0.5544,488.1,P,P
IMG-SENSOR-003,W01,4,68,1,100,12.65,0.5367,520.6,P,P
IMG-SENSOR-003,W01,5,68,1,100,13.87,0.5405,456.8,P,P
IMG-SENSOR-003,W01,6,68,2,302,47.62,0.7154,326.3,P,F
IMG-SENSOR-003,W01,-5,69,1,100,9.25,0.5436,466.4,P,P
IMG-SENSOR-003,W01,-4,69,1,100,12.85,0.5040,464.0,P,P
IMG-SENSOR-003,W01,-3,69,4,202,42.33,0.6821,289.4,F,F
IMG-SENSOR-003,W01,-2,69,1,100,13.80,0.5329,489.0,P,P
IMG-SENSOR-003,W01,-1,69,1,100,12.24,0.5454,453.9,P,P
IMG-SENSOR-003,W01,0,69,1,100,11.29,0.5240,460.8,P,P
IMG-SENSOR-003,W01,1,69,1,100,12.11,0.5359,476.8,P,P
IMG-SENSOR-003,W01,2,69,1,100,10.09,0.5494,476.4,P,P
IMG-SENSOR-003,W01,3,69,1,100,13.23,0.5468,458.5,P,P
IMG-SENSOR-003,W01,4,69,1,100,13.37,0.5691,479.8,P,P
IMG-SENSOR-003,W01,5,69,1,100,11.66,0.5545,486.7,P,P
IMG-SENSOR-003,W01,-5,70,1,100,12.24,0.5166,463.2,P,P
IMG-SENSOR-003,W01,-4,70,1,100,14.75,0.5752,471.2,P,P
IMG-SENSOR-003,W01,-3,70,1,100,12.86,0.5318,459.3,P,P
IMG-SENSOR-003,W01,-2,70,1,100,12.65,0.5486,497.4,P,P
IMG-SENSOR-003,W01,-1,70,1,100,13.01,0.5527,468.4,P,P
IMG-SENSOR-003,W01,0,70,1,100,14.96,0.5452,468.6,P,P
IMG-SENSOR-003,W01,1,70,1,100,10.36,0.5645,460.0,P,P
IMG-SENSOR-003,W01,2,70,1,100,15.86,0.5604,472.4,P,P
IMG-SENSOR-003,W01,3,70,1,100,11.86,0.5385,461.9,P,P
IMG-SENSOR-003,W01,4,70,1,100,13.67,0.5695,503.8,P,P
IMG-SENSOR-003,W01,5,70,3,401,59.49,0.7025,337.3,P,F
IMG-SENSOR-003,W01,-5,71,1,100,12.95,0.5406,495.3,P,P
IMG-SENSOR-003,W01,-4,71,1,100,13.72,0.5467,454.2,P,P
IMG-SENSOR-003,W01,-3,71,1,100,12.72,0.5415,473.6,P,P
IMG-SENSOR-003,W01,-2,71,1,100,14.62,0.5464,492.8,P,P
IMG-SENSOR-003,W01,-1,71,1,100,13.08,0.5128,487.1,P,P
IMG-SENSOR-003,W01,0,71,1,100,14.08,0.5531,466.3,P,P
IMG-SENSOR-003,W01,1,71,1,100,13.60,0.5388,482.5,P,P
IMG-SENSOR-003,W01,2,71,1,100,15.77,0.5414,489.1,P,P
IMG-SENSOR-003,W01,3,71,1,100,12.25,0.5609,490.7,P,P
IMG-SENSOR-003,W01,4,71,1,100,11.97,0.5673,485.9,P,P
IMG-SENSOR-003,W01,5,71,1,100,11.29,0.5738,496.3,P,P
IMG-SENSOR-003,W01,-4,72,1,100,14.31,0.5446,496.0,P,P
IMG-SENSOR-003,W01,-3,72,1,100,12.57,0.5643,500.4,P,P
IMG-SENSOR-003,W01,-2,72,1,100,11.25,0.5431,488.6,P,P
IMG-SENSOR-003,W01,-1,72,1,100,13.30,0.5241,469.6,P,P
IMG-SENSOR-003,W01,0,72,1,100,14.32,0.5795,477.4,P,P
IMG-SENSOR-003,W01,1,72,1,100,11.35,0.5476,471.5,P,P
IMG-SENSOR-003,W01,2,72,1,100,12.94,0.5476,501.8,P,P
IMG-SENSOR-003,W01,3,72,1,100,14.60,0.5411,496.1,P,P
IMG-SENSOR-003,W01,4,72,1,100,12.86,0.5728,479.0,P,P
IMG-SENSOR-003,W01,-4,73,1,100,11.39,0.5161,494.0,P,P
IMG-SENSOR-003,W01,-3,73,1,100,14.46,0.5543,481.2,P,P
IMG-SENSOR-003,W01,-2,73,1,100,8.83,0.5282,481.8,P,P
IMG-SENSOR-003,W01,-1,73,2,202,50.66,0.6917,285.1,F,F
IMG-SENSOR-003,W01,0,73,1,100,14.62,0.5574,502.7,P,P
IMG-SENSOR-003,W01,1,73,1,100,13.67,0.5433,502.9,P,P
IMG-SENSOR-003,W01,2,73,2,202,33.70,0.7036,289.8,P,F
IMG-SENSOR-003,W01,3,73,1,100,8.64,0.5529,478.3,P,P
IMG-SENSOR-003,W01,4,73,1,100,14.22,0.5673,486.9,P,P
IMG-SENSOR-003,W01,-4,74,1,100,15.21,0.5464,500.0,P,P
IMG-SENSOR-003,W01,-3,74,1,100,11.93,0.5453,490.1,P,P
IMG-SENSOR-003,W01,-2,74,1,100,15.46,0.5341,487.5,P,P
IMG-SENSOR-003,W01,-1,74,1,100,13.48,0.5592,470.9,P,P
IMG-SENSOR-003,W01,0,74,1,100,12.90,0.5549,500.3,P,P
IMG-SENSOR-003,W01,1,74,1,100,14.49,0.5592,481.1,P,P
IMG-SENSOR-003,W01,2,74,1,100,15.20,0.5489,448.6,P,P
IMG-SENSOR-003,W01,3,74,1,100,12.08,0.5758,506.6,P,P
IMG-SENSOR-003,W01,4,74,2,401,40.51,0.6789,281.9,P,F
IMG-SENSOR-003,W01,-3,75,1,100,13.05,0.5491,454.6,P,P
IMG-SENSOR-003,W01,-2,75,1,100,12.16,0.5566,452.1,P,P
IMG-SENSOR-003,W01,-1,75,1,100,9.95,0.5522,477.9,P,P
IMG-SENSOR-003,W01,0,75,1,100,9.27,0.5579,493.9,P,P
IMG-SENSOR-003,W01,1,75,1,100,11.57,0.5503,481.3,P,P
IMG-SENSOR-003,W01,2,75,1,100,11.21,0.5859,493.0,P,P
IMG-SENSOR-003,W01,3,75,1,100,12.80,0.5552,476.2,P,P
IMG-SENSOR-003,W01,-3,76,1,100,8.70,0.5480,469.9,P,P
IMG-SENSOR-003,W01,-2,76,1,100,11.48,0.5331,444.2,P,P
IMG-SENSOR-003,W01,-1,76,1,100,11.90,0.5995,487.8,P,P
IMG-SENSOR-003,W01,0,76,1,100,12.10,0.5809,490.9,P,P
IMG-SENSOR-003,W01,1,76,1,100,11.83,0.5580,501.9,P,P
IMG-SENSOR-003,W01,2,76,1,100,14.56,0.5611,480.8,P,P
IMG-SENSOR-003,W01,3,76,1,100,11.14,0.5600,497.7,P,P
IMG-SENSOR-003,W01,-2,77,1,100,16.09,0.5356,484.9,P,P
IMG-SENSOR-003,W01,-1,77,2,401,45.20,0.7002,314.6,P,F
IMG-SENSOR-003,W01,0,77,1,100,11.26,0.5185,508.2,P,P
IMG-SENSOR-003,W01,1,77,1,100,12.00,0.5776,463.3,P,P
IMG-SENSOR-003,W01,2,77,2,201,41.77,0.6986,316.3,F,F
IMG-SENSOR-003,W01,-2,78,1,100,11.88,0.5282,487.5,P,P
IMG-SENSOR-003,W01,-1,78,1,100,11.86,0.5456,487.2,P,P
IMG-SENSOR-003,W01,0,78,3,302,48.43,0.7221,286.8,P,F
IMG-SENSOR-003,W01,1,78,1,100,10.11,0.5669,493.5,P,P
IMG-SENSOR-003,W01,2,78,2,301,45.55,0.6846,316.8,P,F
IMG-SENSOR-003,W01,0,79,1,100,12.50,0.5567,493.6,P,P
IMG-SENSOR-003,W02,0,-79,1,100,9.50,0.3937,460.0,P,P
IMG-SENSOR-003,W02,-2,-78,4,401,53.23,0.5470,303.0,F,P
IMG-SENSOR-003,W02,-1,-78,1,100,10.24,0.4127,490.6,P,P
IMG-SENSOR-003,W02,0,-78,4,201,39.83,0.5746,314.5,F,P
IMG-SENSOR-003,W02,1,-78,3,201,48.09,0.5650,328.8,F,P
IMG-SENSOR-003,W02,2,-78,1,100,15.71,0.4184,516.4,P,P
IMG-SENSOR-003,W02,-2,-77,1,100,13.51,0.4094,477.2,P,P
IMG-SENSOR-003,W02,-1,-77,4,401,59.02,0.5422,313.1,P,P
IMG-SENSOR-003,W02,0,-77,1,100,14.44,0.3927,487.4,P,P
IMG-SENSOR-003,W02,1,-77,1,100,12.69,0.4149,500.0,P,P
IMG-SENSOR-003,W02,2,-77,2,302,58.58,0.5255,218.0,F,P
IMG-SENSOR-003,W02,-3,-76,1,100,11.19,0.3711,497.8,P,P
IMG-SENSOR-003,W02,-2,-76,1,100,9.76,0.4024,463.3,P,P
IMG-SENSOR-003,W02,-1,-76,1,100,12.91,0.4051,483.8,P,P
IMG-SENSOR-003,W02,0,-76,1,100,13.50,0.4331,472.0,P,P
IMG-SENSOR-003,W02,1,-76,1,100,10.60,0.4238,478.0,P,P
IMG-SENSOR-003,W02,2,-76,2,302,49.10,0.5374,360.5,P,P
IMG-SENSOR-003,W02,3,-76,1,100,10.45,0.4144,473.5,P,P
IMG-SENSOR-003,W02,-3,-75,1,100,12.10,0.4094,492.5,P,P
IMG-SENSOR-003,W02,-2,-75,1,100,13.68,0.3806,487.8,P,P
IMG-SENSOR-003,W02,-1,-75,1,100,15.03,0.3972,470.1,P,P
IMG-SENSOR-003,W02,0,-75,1,100,13.16,0.4093,473.0,P,P
IMG-SENSOR-003,W02,1,-75,1,100,12.71,0.3714,443.4,P,P
IMG-SENSOR-003,W02,2,-75,1,100,13.29,0.4200,484.2,P,P
IMG-SENSOR-003,W02,3,-75,1,100,14.30,0.4082,471.5,P,P
IMG-SENSOR-003,W02,-4,-74,4,301,37.57,0.5330,245.6,F,P
IMG-SENSOR-003,W02,-3,-74,1,100,16.50,0.3937,488.9,P,P
IMG-SENSOR-003,W02,-2,-74,1,100,13.56,0.4229,490.3,P,P
IMG-SENSOR-003,W02,-1,-74,4,201,58.34,0.5455,352.5,P,P
IMG-SENSOR-003,W02,0,-74,1,100,8.76,0.3906,482.8,P,P
IMG-SENSOR-003,W02,1,-74,1,100,11.04,0.4017,490.8,P,P
IMG-SENSOR-003,W02,2,-74,1,100,12.20,0.3947,454.5,P,P
IMG-SENSOR-003,W02,3,-74,1,100,13.32,0.4204,490.5,P,P
IMG-SENSOR-003,W02,4,-74,1,100,10.57,0.3871,470.2,P,P
IMG-SENSOR-003,W02,-4,-73,2,202,35.08,0.5525,271.8,P,P
IMG-SENSOR-003,W02,-3,-73,1,100,13.34,0.3870,474.4,P,P
IMG-SENSOR-003,W02,-2,-73,2,301,53.15,0.5425,281.5,F,P
IMG-SENSOR-003,W02,-1,-73,3,302,47.30,0.5151,321.7,P,P
IMG-SENSOR-003,W02,0,-73,1,100,12.88,0.3898,465.9,P,P
IMG-SENSOR-003,W02,1,-73,1,100,9.53,0.4108,489.7,P,P
IMG-SENSOR-003,W02,2,-73,1,100,15.25,0.4031,480.7,P,P
IMG-SENSOR-003,W02,3,-73,1,100,14.70,0.4101,475.6,P,P
IMG-SENSOR-003,W02,4,-73,1,100,12.35,0.4024,474.2,P,P
IMG-SENSOR-003,W02,-4,-72,1,100,10.00,0.4039,466.7,P,P
IMG-SENSOR-003,W02,-3,-72,1,100,8.29,0.4028,478.2,P,P
IMG-SENSOR-003,W02,-2,-72,1,100,15.87,0.4163,467.1,P,P
IMG-SENSOR-003,W02,-1,-72,1,100,13.45,0.3705,451.4,P,P
IMG-SENSOR-003,W02,0,-72,1,100,10.44,0.3984,478.3,P,P
IMG-SENSOR-003,W02,1,-72,1,100,9.93,0.4029,486.4,P,P
IMG-SENSOR-003,W02,2,-72,1,100,17.39,0.4104,494.6,P,P
IMG-SENSOR-003,W02,3,-72,1,100,11.89,0.4349,490.8,P,P
IMG-SENSOR-003,W02,4,-72,4,201,47.40,0.5478,361.8,P,P
IMG-SENSOR-003,W02,-5,-71,3,201,48.88,0.5451,337.6,P,P
IMG-SENSOR-003,W02,-4,-71,2,401,35.99,0.5292,324.3,P,P
IMG-SENSOR-003,W02,-3,-71,3,202,40.52,0.5444,281.8,F,P
IMG-SENSOR-003,W02,-2,-71,1,100,13.49,0.3880,479.9,P,P
IMG-SENSOR-003,W02,-1,-71,1,100,13.15,0.3961,504.3,P,P
IMG-SENSOR-003,W02,0,-71,1,100,12.41,0.3840,513.1,P,P
IMG-SENSOR-003,W02,1,-71,1,100,11.23,0.4186,497.1,P,P
IMG-SENSOR-003,W02,2,-71,1,100,8.95,0.4125,499.0,P,P
IMG-SENSOR-003,W02,3,-71,1,100,11.68,0.4398,458.2,P,P
IMG-SENSOR-003,W02,4,-71,1,100,11.11,0.4020,499.0,P,P
IMG-SENSOR-003,W02,5,-71,4,202,48.60,0.5664,279.4,P,P
IMG-SENSOR-003,W02,-5,-70,1,100,12.20,0.4109,480.2,P,P
IMG-SENSOR-003,W02,-4,-70,1,100,14.15,0.3798,456.4,P,P
IMG-SENSOR-003,W02,-3,-70,1,100,13.63,0.4239,478.6,P,P
IMG-SENSOR-003,W02,-2,-70,1,100,13.60,0.4067,513.5,P,P
IMG-SENSOR-003,W02,-1,-70,1,100,8.63,0.4011,493.3,P,P
IMG-SENSOR-003,W02,0,-70,1,100,13.42,0.4181,495.5,P,P
IMG-SENSOR-003,W02,1,-70,1,100,9.58,0.4153,492.4,P,P
IMG-SENSOR-003,W02,2,-70,1,100,9.20,0.4113,459.0,P,P
IMG-SENSOR-003,W02,3,-70,1,100,7.49,0.4230,488.2,P,P
IMG-SENSOR-003,W02,4,-70,2,401,45.40,0.5795,348.6,P,P
IMG-SENSOR-003,W02,5,-70,1,100,12.36,0.4194,476.4,P,P
IMG-SENSOR-003,W02,-5,-69,1,100,10.25,0.3523,505.7,P,P
IMG-SENSOR-003,W02,-4,-69,1,100,13.98,0.4015,489.8,P,P
IMG-SENSOR-003,W02,-3,-69,1,100,13.31,0.4326,481.3,P,P
IMG-SENSOR-003,W02,-2,-69,1,100,13.74,0.4384,483.7,P,P
IMG-SENSOR-003,W02,-1,-69,1,100,10.59,0.3808,490.5,P,P
IMG-SENSOR-003,W02,0,-69,1,100,10.73,0.4174,477.9,P,P
IMG-SENSOR-003,W02,1,-69,1,100,12.17,0.4293,498.3,P,P
IMG-SENSOR-003,W02,2,-69,1,100,11.74,0.4144,477.4,P,P
IMG-SENSOR-003,W02,3,-69,1,100,16.11,0.4116,467.0,P,P
IMG-SENSOR-003,W02,4,-69,1,100,9.10,0.4124,472.7,P,P
IMG-SENSOR-003,W02,5,-69,1,100,12.02,0.4224,472.2,P,P
IMG-SENSOR-003,W02,-6,-68,2,201,47.52,0.5325,388.3,P,P
IMG-SENSOR-003,W02,-5,-68,1,100,14.23,0.4186,476.3,P,P
IMG-SENSOR-003,W02,-4,-68,1,100,14.37,0.3858,477.5,P,P
IMG-SENSOR-003,W02,-3,-68,1,100,11.93,0.4001,488.7,P,P
IMG-SENSOR-003,W02,-2,-68,1,100,11.78,0.4111,480.5,P,P
IMG-SENSOR-003,W02,-1,-68,4,301,46.42,0.5466,297.6,P,P
IMG-SENSOR-003,W02,0,-68,1,100,13.14,0.4244,455.6,P,P
IMG-SENSOR-003,W02,1,-68,1,100,16.77,0.4151,483.7,P,P
IMG-SENSOR-003,W02,2,-68,1,100,12.75,0.3935,501.4,P,P
IMG-SENSOR-003,W02,3,-68,4,301,46.94,0.5645,257.4,F,P
IMG-SENSOR-003,W02,4,-68,1,100,11.34,0.4166,485.6,P,P
IMG-SENSOR-003,W02,5,-68,1,100,11.66,0.4075,480.2,P,P
IMG-SENSOR-003,W02,6,-68,1,100,11.49,0.4202,471.4,P,P
IMG-SENSOR-003,W02,-6,-67,1,100,15.90,0.3997,488.1,P,P
IMG-SENSOR-003,W02,-5,-67,1,100,10.86,0.3995,483.9,P,P
IMG-SENSOR-003,W02,-4,-67,1,100,13.81,0.3963,497.4,P,P
IMG-SENSOR-003,W02,-3,-67,1,100,11.60,0.3920,481.6,P,P
IMG-SENSOR-003,W02,-2,-67,1,100,16.00,0.4078,484.8,P,P
IMG-SENSOR-003,W02,-1,-67,1,100,12.19,0.4170,438.3,P,P
IMG-SENSOR-003,W02,0,-67,1,100,14.11,0.4005,492.4,P,P
IMG-SENSOR-003,W02,1,-67,1,100,12.55,0.4154,474.9,P,P
IMG-SENSOR-003,W02,2,-67,1,100,9.45,0.4229,478.3,P,P
IMG-SENSOR-003,W02,3,-67,1,100,14.44,0.4323,519.6,P,P
IMG-SENSOR-003,W02,4,-67,1,100,11.94,0.4133,479.5,P,P
IMG-SENSOR-003,W02,5,-67,1,100,12.14,0.4548,517.4,P,P
IMG-SENSOR-003,W02,6,-67,1,100,11.49,0.4324,470.5,P,P
IMG-SENSOR-003,W02,-6,-66,4,302,45.77,0.5458,282.3,F,P
IMG-SENSOR-003,W02,-5,-66,1,100,9.13,0.4157,485.5,P,P
IMG-SENSOR-003,W02,-4,-66,1,100,14.91,0.3856,497.8,P,P
IMG-SENSOR-003,W02,-3,-66,1,100,11.05,0.3888,497.2,P,P
IMG-SENSOR-003,W02,-2,-66,1,100,17.27,0.4172,460.0,P,P
IMG-SENSOR-003,W02,-1,-66,1,100,12.89,0.4041,476.8,P,P
IMG-SENSOR-003,W02,0,-66,1,100,14.20,0.4182,453.5,P,P
IMG-SENSOR-003,W02,1,-66,1,100,14.90,0.4202,480.1,P,P
IMG-SENSOR-003,W02,2,-66,1,100,11.80,0.4278,486.0,P,P
IMG-SENSOR-003,W02,3,-66,1,100,13.50,0.4171,461.3,P,P
IMG-SENSOR-003,W02,4,-66,1,100,10.51,0.4288,499.6,P,P
IMG-SENSOR-003,W02,5,-66,1,100,10.37,0.4167,483.8,P,P
IMG-SENSOR-003,W02,6,-66,1,100,15.90,0.4378,461.8,P,P
IMG-SENSOR-003,W02,-6,-65,1,100,13.26,0.3960,460.0,P,P
IMG-SENSOR-003,W02,-5,-65,1,100,15.12,0.3922,479.1,P,P
IMG-SENSOR-003,W02,-4,-65,1,100,12.39,0.4009,475.8,P,P
IMG-SENSOR-003,W02,-3,-65,1,100,9.60,0.4024,468.2,P,P
IMG-SENSOR-003,W02,-2,-65,1,100,9.43,0.4014,469.1,P,P
IMG-SENSOR-003,W02,-1,-65,1,100,13.65,0.4075,483.4,P,P
IMG-SENSOR-003,W02,0,-65,1,100,13.03,0.3951,460.2,P,P
IMG-SENSOR-003,W02,1,-65,1,100,10.76,0.4055,478.2,P,P
IMG-SENSOR-003,W02,2,-65,1,100,14.19,0.4214,489.8,P,P
IMG-SENSOR-003,W02,3,-65,1,100,12.07,0.4080,485.9,P,P
IMG-SENSOR-003,W02,4,-65,1,100,12.36,0.4378,470.8,P,P
IMG-SENSOR-003,W02,5,-65,1,100,10.74,0.4005,472.9,P,P
IMG-SENSOR-003,W02,6,-65,1,100,11.94,0.4279,496.9,P,P
IMG-SENSOR-003,W02,-6,-64,1,100,12.66,0.4085,448.2,P,P
IMG-SENSOR-003,W02,-5,-64,1,100,12.78,0.4222,489.3,P,P
IMG-SENSOR-003,W02,-4,-64,1,100,17.28,0.3841,448.4,P,P
IMG-SENSOR-003,W02,-3,-64,1,100,14.10,0.3773,504.7,P,P
IMG-SENSOR-003,W02,-2,-64,1,100,13.57,0.4045,481.4,P,P
IMG-SENSOR-003,W02,-1,-64,1,100,12.03,0.4303,497.1,P,P
IMG-SENSOR-003,W02,0,-64,1,100,14.38,0.3948,490.7,P,P
IMG-SENSOR-003,W02,1,-64,1,100,13.90,0.4132,481.4,P,P
IMG-SENSOR-003,W02,2,-64,1,100,10.60,0.4217,471.4,P,P
IMG-SENSOR-003,W02,3,-64,1,100,9.37,0.4082,466.3,P,P
IMG-SENSOR-003,W02,4,-64,1,100,13.28,0.4183,496.7,P,P
IMG-SENSOR-003,W02,5,-64,1,100,13.96,0.4445,465.6,P,P
IMG-SENSOR-003,W02,6,-64,2,202,37.95,0.5449,275.8,P,P
IMG-SENSOR-003,W02,-7,-63,2,202,47.30,0.5243,279.7,F,P
IMG-SENSOR-003,W02,-6,-63,1,100,12.92,0.4099,477.9,P,P
IMG-SENSOR-003,W02,-5,-63,1,100,12.78,0.4233,488.3,P,P
IMG-SENSOR-003,W02,-4,-63,1,100,13.89,0.3910,500.1,P,P
IMG-SENSOR-003,W02,-3,-63,3,302,56.00,0.5373,274.2,F,P
IMG-SENSOR-003,W02,-2,-63,1,100,15.78,0.4086,493.9,P,P
IMG-SENSOR-003,W02,-1,-63,1,100,11.29,0.4279,474.1,P,P
IMG-SENSOR-003,W02,0,-63,1,100,12.34,0.4096,475.4,P,P
IMG-SENSOR-003,W02,1,-63,1,100,7.88,0.4316,469.9,P,P
IMG-SENSOR-003,W02,2,-63,1,100,8.72,0.4147,486.8,P,P
IMG-SENSOR-003,W02,3,-63,1,100,13.13,0.4165,499.8,P,P
IMG-SENSOR-003,W02,4,-63,1,100,15.67,0.4601,468.3,P,P
IMG-SENSOR-003,W02,5,-63,1,100,13.65,0.4483,499.3,P,P
IMG-SENSOR-003,W02,6,-63,1,100,10.37,0.4352,461.3,P,P
IMG-SENSOR-003,W02,7,-63,1,100,9.97,0.4408,489.8,P,P
IMG-SENSOR-003,W02,-7,-62,1,100,14.57,0.3936,484.1,P,P
IMG-SENSOR-003,W02,-6,-62,1,100,14.64,0.4162,470.5,P,P
IMG-SENSOR-003,W02,-5,-62,1,100,12.90,0.4186,501.0,P,P
IMG-SENSOR-003,W02,-4,-62,1,100,12.24,0.4295,487.6,P,P
IMG-SENSOR-003,W02,-3,-62,1,100,11.76,0.4009,494.9,P,P
IMG-SENSOR-003,W02,-2,-62,1,100,14.69,0.4427,502.8,P,P
IMG-SENSOR-003,W02,-1,-62,1,100,13.24,0.4292,477.7,P,P
IMG-SENSOR-003,W02,0,-62,1,100,10.68,0.4290,509.0,P,P
IMG-SENSOR-003,W02,1,-62,1,100,13.81,0.4362,459.2,P,P
IMG-SENSOR-003,W02,2,-62,1,100,9.79,0.4232,452.2,P,P
IMG-SENSOR-003,W02,3,-62,1,100,13.51,0.4168,477.1,P,P
IMG-SENSOR-003,W02,4,-62,1,100,12.80,0.4418,498.9,P,P
IMG-SENSOR-003,W02,5,-62,1,100,10.72,0.4131,482.3,P,P
IMG-SENSOR-003,W02,6,-62,1,100,14.85,0.4198,495.1,P,P
IMG-SENSOR-003,W02,7,-62,1,100,10.37,0.4226,512.4,P,P
IMG-SENSOR-003,W02,-7,-61,1,100,10.18,0.4090,502.2,P,P
IMG-SENSOR-003,W02,-6,-61,1,100,16.34,0.4141,474.1,P,P
IMG-SENSOR-003,W02,-5,-61,1,100,10.74,0.4026,486.2,P,P
IMG-SENSOR-003,W02,-4,-61,1,100,11.87,0.4012,507.0,P,P
IMG-SENSOR-003,W02,-3,-61,1,100,17.26,0.4263,477.2,P,P
IMG-SENSOR-003,W02,-2,-61,1,100,8.82,0.4090,503.3,P,P
IMG-SENSOR-003,W02,-1,-61,1,100,13.43,0.4017,464.6,P,P
IMG-SENSOR-003,W02,0,-61,1,100,9.72,0.4058,515.3,P,P
IMG-SENSOR-003,W02,1,-61,1,100,13.22,0.4371,456.5,P,P
IMG-SENSOR-003,W02,2,-61,1,100,13.25,0.4040,472.3,P,P
IMG-SENSOR-003,W02,3,-61,1,100,10.10,0.4239,508.9,P,P
IMG-SENSOR-003,W02,4,-61,2,201,41.79,0.5765,390.2,P,P
IMG-SENSOR-003,W02,5,-61,1,100,13.49,0.4353,441.4,P,P
IMG-SENSOR-003,W02,6,-61,1,100,12.80,0.4209,509.5,P,P
IMG-SENSOR-003,W02,7,-61,1,100,13.93,0.4267,500.1,P,P
IMG-SENSOR-003,W02,-7,-60,1,100,11.26,0.4143,507.9,P,P
IMG-SENSOR-003,W02,-6,-60,1,100,11.27,0.4226,471.5,P,P
IMG-SENSOR-003,W02,-5,-60,1,100,12.15,0.4105,483.0,P,P
IMG-SENSOR-003,W02,-4,-60,1,100,12.10,0.4417,489.6,P,P
IMG-SENSOR-003,W02,-3,-60,1,100,10.49,0.4194,476.0,P,P
IMG-SENSOR-003,W02,-2,-60,1,100,12.05,0.4251,508.4,P,P
IMG-SENSOR-003,W02,-1,-60,1,100,11.47,0.4048,460.0,P,P
IMG-SENSOR-003,W02,0,-60,1,100,11.04,0.3904,474.4,P,P
IMG-SENSOR-003,W02,1,-60,1,100,13.54,0.4001,505.7,P,P
IMG-SENSOR-003,W02,2,-60,1,100,15.02,0.4171,490.6,P,P
IMG-SENSOR-003,W02,3,-60,1,100,9.97,0.4264,494.8,P,P
IMG-SENSOR-003,W02,4,-60,1,100,12.02,0.4043,461.3,P,P
IMG-SENSOR-003,W02,5,-60,1,100,13.30,0.4548,484.7,P,P
IMG-SENSOR-003,W02,6,-60,1,100,13.58,0.4411,466.8,P,P
IMG-SENSOR-003,W02,7,-60,1,100,10.59,0.4493,513.5,P,P
IMG-SENSOR-003,W02,-7,-59,1,100,14.22,0.3987,456.8,P,P
IMG-SENSOR-003,W02,-6,-59,1,100,14.86,0.4173,477.2,P,P
IMG-SENSOR-003,W02,-5,-59,1,100,11.39,0.4169,503.2,P,P
IMG-SENSOR-003,W02,-4,-59,1,100,10.79,0.4225,489.9,P,P
IMG-SENSOR-003,W02,-3,-59,1,100,15.50,0.4257,465.7,P,P
IMG-SENSOR-003,W02,-2,-59,1,100,15.29,0.4179,487.2,P,P
IMG-SENSOR-003,W02,-1,-59,1,100,12.86,0.4180,497.7,P,P
IMG-SENSOR-003,W02,0,-59,1,100,12.59,0.3990,473.5,P,P
IMG-SENSOR-003,W02,1,-59,1,100,12.66,0.4329,473.4,P,P
IMG-SENSOR-003,W02,2,-59,1,100,16.14,0.4208,445.3,P,P
IMG-SENSOR-003,W02,3,-59,1,100,13.51,0.4223,470.4,P,P
IMG-SENSOR-003,W02,4,-59,1,100,10.03,0.4417,480.7,P,P
IMG-SENSOR-003,W02,5,-59,1,100,14.29,0.4124,473.6,P,P
IMG-SENSOR-003,W02,6,-59,1,100,10.72,0.4464,482.8,P,P
IMG-SENSOR-003,W02,7,-59,1,100,12.32,0.4219,495.8,P,P
IMG-SENSOR-003,W02,-8,-58,1,100,13.00,0.4071,486.9,P,P
IMG-SENSOR-003,W02,-7,-58,1,100,14.58,0.4142,470.4,P,P
IMG-SENSOR-003,W02,-6,-58,1,100,12.33,0.4138,445.9,P,P
IMG-SENSOR-003,W02,-5,-58,1,100,15.57,0.4180,504.5,P,P
IMG-SENSOR-003,W02,-4,-58,1,100,13.81,0.3921,527.3,P,P
IMG-SENSOR-003,W02,-3,-58,1,100,11.99,0.4115,452.7,P,P
IMG-SENSOR-003,W02,-2,-58,1,100,14.30,0.4234,482.4,P,P
IMG-SENSOR-003,W02,-1,-58,1,100,13.51,0.4196,508.8,P,P
IMG-SENSOR-003,W02,0,-58,1,100,12.94,0.4295,462.0,P,P
IMG-SENSOR-003,W02,1,-58,1,100,12.55,0.4350,471.7,P,P
IMG-SENSOR-003,W02,2,-58,1,100,13.67,0.4335,485.2,P,P
IMG-SENSOR-003,W02,3,-58,1,100,10.64,0.4058,536.2,P,P
IMG-SENSOR-003,W02,4,-58,1,100,14.35,0.4580,485.3,P,P
IMG-SENSOR-003,W02,5,-58,1,100,11.89,0.4035,469.9,P,P
IMG-SENSOR-003,W02,6,-58,1,100,10.42,0.4220,457.1,P,P
IMG-SENSOR-003,W02,7,-58,1,100,11.19,0.4605,500.1,P,P
IMG-SENSOR-003,W02,8,-58,1,100,11.67,0.4421,481.5,P,P
IMG-SENSOR-003,W02,-8,-57,2,301,38.40,0.5160,348.9,P,P
IMG-SENSOR-003,W02,-7,-57,1,100,12.35,0.4017,479.3,P,P
IMG-SENSOR-003,W02,-6,-57,1,100,13.44,0.3743,463.2,P,P
IMG-SENSOR-003,W02,-5,-57,1,100,15.19,0.4104,485.5,P,P
IMG-SENSOR-003,W02,-4,-57,1,100,12.14,0.4177,473.1,P,P
IMG-SENSOR-003,W02,-3,-57,1,100,11.63,0.4448,511.5,P,P
IMG-SENSOR-003,W02,-2,-57,1,100,10.35,0.4207,471.9,P,P
IMG-SENSOR-003,W02,-1,-57,1,100,11.95,0.4123,500.3,P,P
IMG-SENSOR-003,W02,0,-57,1,100,14.61,0.4408,455.7,P,P
IMG-SENSOR-003,W02,1,-57,1,100,9.93,0.4337,484.3,P,P
IMG-SENSOR-003,W02,2,-57,1,100,13.19,0.3976,459.5,P,P
IMG-SENSOR-003,W02,3,-57,1,100,8.87,0.4434,433.2,P,P
IMG-SENSOR-003,W02,4,-57,3,201,41.64,0.5573,333.0,P,P
IMG-SENSOR-003,W02,5,-57,1,100,11.69,0.4161,483.7,P,P
IMG-SENSOR-003,W02,6,-57,1,100,12.59,0.4113,463.2,P,P
IMG-SENSOR-003,W02,7,-57,1,100,12.18,0.4176,466.4,P,P
IMG-SENSOR-003,W02,8,-57,1,100,11.96,0.4272,445.2,P,P
IMG-SENSOR-003,W02,-8,-56,2,202,56.77,0.5209,288.5,P,P
IMG-SENSOR-003,W02,-7,-56,1,100,13.20,0.4174,489.2,P,P
IMG-SENSOR-003,W02,-6,-56,1,100,12.26,0.3737,485.1,P,P
IMG-SENSOR-003,W02,-5,-56,1,100,11.36,0.4279,453.6,P,P
IMG-SENSOR-003,W02,-4,-56,1,100,9.30,0.4526,501.8,P,P
IMG-SENSOR-003,W02,-3,-56,1,100,15.67,0.4335,471.4,P,P
IMG-SENSOR-003,W02,-2,-56,1,100,11.63,0.4434,471.1,P,P
IMG-SENSOR-003,W02,-1,-56,1,100,12.14,0.4259,497.3,P,P
IMG-SENSOR-003,W02,0,-56,1,100,12.23,0.4362,500.2,P,P
IMG-SENSOR-003,W02,1,-56,1,100,11.39,0.4183,509.4,P,P
IMG-SENSOR-003,W02,2,-56,1,100,11.27,0.4171,480.0,P,P
IMG-SENSOR-003,W02,3,-56,1,100,11.81,0.4243,443.4,P,P
IMG-SENSOR-003,W02,4,-56,1,100,14.39,0.4367,441.6,P,P
IMG-SENSOR-003,W02,5,-56,1,100,14.09,0.4459,488.9,P,P
IMG-SENSOR-003,W02,6,-56,3,401,37.34,0.6010,245.5,P,P
IMG-SENSOR-003,W02,7,-56,1,100,10.75,0.4374,506.8,P,P
IMG-SENSOR-003,W02,8,-56,2,301,49.51,0.5930,303.7,P,P
IMG-SENSOR-003,W02,-8,-55,1,100,15.79,0.4177,480.8,P,P
IMG-SENSOR-003,W02,-7,-55,1,100,10.95,0.3909,471.0,P,P
IMG-SENSOR-003,W02,-6,-55,1,100,14.47,0.4065,495.3,P,P
IMG-SENSOR-003,W02,-5,-55,1,100,12.09,0.4234,452.5,P,P
IMG-SENSOR-003,W02,-4,-55,1,100,15.53,0.4179,476.3,P,P
IMG-SENSOR-003,W02,-3,-55,1,100,9.91,0.4187,434.3,P,P
IMG-SENSOR-003,W02,-2,-55,1,100,12.15,0.4194,446.8,P,P
IMG-SENSOR-003,W02,-1,-55,1,100,10.72,0.4131,482.8,P,P
IMG-SENSOR-003,W02,0,-55,1,100,11.22,0.4225,484.7,P,P
IMG-SENSOR-003,W02,1,-55,1,100,12.89,0.4424,481.5,P,P
IMG-SENSOR-003,W02,2,-55,1,100,15.51,0.4164,489.0,P,P
IMG-SENSOR-003,W02,3,-55,1,100,10.89,0.4007,491.6,P,P
IMG-SENSOR-003,W02,4,-55,1,100,12.17,0.4480,499.8,P,P
IMG-SENSOR-003,W02,5,-55,1,100,10.00,0.4488,515.1,P,P
IMG-SENSOR-003,W02,6,-55,1,100,11.16,0.4335,482.1,P,P
IMG-SENSOR-003,W02,7,-55,1,100,10.62,0.4252,493.9,P,P
IMG-SENSOR-003,W02,8,-55,1,100,10.84,0.4629,454.1,F,P
IMG-SENSOR-003,W02,-8,-54,1,100,13.98,0.4200,478.3,P,P
IMG-SENSOR-003,W02,-7,-54,1,100,10.73,0.3704,459.6,P,P
IMG-SENSOR-003,W02,-6,-54,1,100,11.81,0.4093,489.4,P,P
IMG-SENSOR-003,W02,-5,-54,1,100,11.00,0.4202,503.3,P,P
IMG-SENSOR-003,W02,-4,-54,1,100,13.98,0.4248,479.0,P,P
IMG-SENSOR-003,W02,-3,-54,1,100,13.46,0.4101,461.2,P,P
IMG-SENSOR-003,W02,-2,-54,1,100,12.03,0.4242,496.2,P,P
IMG-SENSOR-003,W02,-1,-54,1,100,12.38,0.4383,474.1,P,P
IMG-SENSOR-003,W02,0,-54,1,100,12.07,0.4188,501.1,P,P
IMG-SENSOR-003,W02,1,-54,1,100,12.41,0.4576,502.0,P,P
IMG-SENSOR-003,W02,2,-54,1,100,11.51,0.4497,496.7,P,P
IMG-SENSOR-003,W02,3,-54,1,100,10.63,0.4190,477.5,P,P
IMG-SENSOR-003,W02,4,-54,1,100,10.95,0.4226,514.7,P,P
IMG-SENSOR-003,W02,5,-54,1,100,11.12,0.4484,467.7,P,P
IMG-SENSOR-003,W02,6,-54,1,100,10.31,0.4231,462.1,P,P
IMG-SENSOR-003,W02,7,-54,1,100,12.69,0.4417,471.5,P,P
IMG-SENSOR-003,W02,8,-54,1,100,12.96,0.4498,480.9,P,P
IMG-SENSOR-003,W02,-8,-53,1,100,16.14,0.4361,489.7,P,P
IMG-SENSOR-003,W02,-7,-53,1,100,14.25,0.3915,494.6,P,P
IMG-SENSOR-003,W02,-6,-53,1,100,14.18,0.4158,473.4,P,P
IMG-SENSOR-003,W02,-5,-53,1,100,13.14,0.4243,518.5,P,P
IMG-SENSOR-003,W02,-4,-53,1,100,16.58,0.3994,437.0,P,P
IMG-SENSOR-003,W02,-3,-53,1,100,13.75,0.4122,469.1,P,P
IMG-SENSOR-003,W02,-2,-53,1,100,10.27,0.4293,479.3,P,P
IMG-SENSOR-003,W02,-1,-53,1,100,13.00,0.4266,482.3,P,P
IMG-SENSOR-003,W02,0,-53,1,100,13.27,0.4239,473.8,P,P
IMG-SENSOR-003,W02,1,-53,1,100,11.36,0.4336,481.0,P,P
IMG-SENSOR-003,W02,2,-53,1,100,15.32,0.4354,491.9,P,P
IMG-SENSOR-003,W02,3,-53,1,100,13.69,0.4201,476.1,P,P
IMG-SENSOR-003,W02,4,-53,1,100,11.45,0.4379,465.4,P,P
IMG-SENSOR-003,W02,5,-53,1,100,11.84,0.4040,457.8,P,P
IMG-SENSOR-003,W02,6,-53,1,100,10.50,0.4322,456.9,P,P
IMG-SENSOR-003,W02,7,-53,1,100,11.19,0.4470,467.4,P,P
IMG-SENSOR-003,W02,8,-53,1,100,12.41,0.4540,496.2,F,P
IMG-SENSOR-003,W02,-8,-52,1,100,14.66,0.4078,481.1,P,P
IMG-SENSOR-003,W02,-7,-52,1,100,11.36,0.3946,479.0,P,P
IMG-SENSOR-003,W02,-6,-52,1,100,10.66,0.4177,458.0,P,P
IMG-SENSOR-003,W02,-5,-52,1,100,14.76,0.4535,511.1,P,P
IMG-SENSOR-003,W02,-4,-52,1,100,9.00,0.4428,471.4,P,P
IMG-SENSOR-003,W02,-3,-52,1,100,16.86,0.4388,509.7,P,P
IMG-SENSOR-003,W02,-2,-52,1,100,7.39,0.4157,504.1,P,P
IMG-SENSOR-003,W02,-1,-52,1,100,10.53,0.4221,481.6,P,P
IMG-SENSOR-003,W02,0,-52,1,100,9.98,0.4242,497.4,P,P
IMG-SENSOR-003,W02,1,-52,1,100,12.62,0.4375,481.3,P,P
IMG-SENSOR-003,W02,2,-52,1,100,11.90,0.4391,484.2,P,P
IMG-SENSOR-003,W02,3,-52,1,100,12.20,0.4368,506.3,P,P
IMG-SENSOR-003,W02,4,-52,1,100,14.09,0.4548,493.3,P,P
IMG-SENSOR-003,W02,5,-52,1,100,12.72,0.4441,499.6,P,P
IMG-SENSOR-003,W02,6,-52,1,100,14.48,0.4520,499.0,P,P
IMG-SENSOR-003,W02,7,-52,1,100,11.37,0.4680,488.9,P,P
IMG-SENSOR-003,W02,8,-52,1,100,13.76,0.4556,483.6,P,P
IMG-SENSOR-003,W02,-9,-51,1,100,12.09,0.3963,530.2,P,P
IMG-SENSOR-003,W02,-8,-51,1,100,12.13,0.4253,487.9,P,P
IMG-SENSOR-003,W02,-7,-51,1,100,12.48,0.3990,497.5,P,P
IMG-SENSOR-003,W02,-6,-51,1,100,11.89,0.4168,497.1,P,P
IMG-SENSOR-003,W02,-5,-51,1,100,10.59,0.4227,482.4,P,P
IMG-SENSOR-003,W02,-4,-51,1,100,13.61,0.4398,457.7,P,P
IMG-SENSOR-003,W02,-3,-51,1,100,12.57,0.4350,501.3,P,P
IMG-SENSOR-003,W02,-2,-51,1,100,11.00,0.4382,490.0,P,P
IMG-SENSOR-003,W02,-1,-51,1,100,10.06,0.4546,518.6,P,P
IMG-SENSOR-003,W02,0,-51,1,100,10.37,0.4254,462.0,P,P
IMG-SENSOR-003,W02,1,-51,1,100,13.51,0.4103,486.9,P,P
IMG-SENSOR-003,W02,2,-51,1,100,12.26,0.4188,489.5,P,P
IMG-SENSOR-003,W02,3,-51,1,100,12.83,0.4178,458.8,P,P
IMG-SENSOR-003,W02,4,-51,3,201,47.10,0.5788,288.3,F,P
IMG-SENSOR-003,W02,5,-51,1,100,11.83,0.4491,476.3,P,P
IMG-SENSOR-003,W02,6,-51,1,100,10.81,0.4380,480.0,P,P
IMG-SENSOR-003,W02,7,-51,1,100,12.38,0.4501,483.0,P,P
IMG-SENSOR-003,W02,8,-51,1,100,11.02,0.4372,493.4,P,P
IMG-SENSOR-003,W02,9,-51,2,201,41.08,0.6022,372.2,P,P
IMG-SENSOR-003,W02,-9,-50,3,202,49.73,0.5470,302.5,F,P
IMG-SENSOR-003,W02,-8,-50,1,100,11.22,0.3924,518.3,P,P
IMG-SENSOR-003,W02,-7,-50,1,100,14.56,0.4158,476.0,P,P
IMG-SENSOR-003,W02,-6,-50,1,100,12.97,0.4237,480.6,P,P
IMG-SENSOR-003,W02,-5,-50,1,100,12.47,0.4110,474.8,P,P
IMG-SENSOR-003,W02,-4,-50,1,100,15.12,0.4054,470.9,P,P
IMG-SENSOR-003,W02,-3,-50,1,100,14.37,0.4361,495.4,P,P
IMG-SENSOR-003,W02,-2,-50,1,100,11.44,0.4399,521.3,P,P
IMG-SENSOR-003,W02,-1,-50,1,100,12.57,0.4460,473.6,P,P
IMG-SENSOR-003,W02,0,-50,1,100,11.48,0.4091,486.6,P,P
IMG-SENSOR-003,W02,1,-50,1,100,10.89,0.4442,464.9,P,P
IMG-SENSOR-003,W02,2,-50,1,100,10.13,0.4584,500.7,P,P
IMG-SENSOR-003,W02,3,-50,1,100,13.29,0.4318,486.0,P,P
IMG-SENSOR-003,W02,4,-50,1,100,9.85,0.4201,485.6,P,P
IMG-SENSOR-003,W02,5,-50,1,100,13.27,0.4392,471.7,P,P
IMG-SENSOR-003,W02,6,-50,1,100,14.13,0.4302,490.9,P,P
IMG-SENSOR-003,W02,7,-50,1,100,12.47,0.4429,502.8,P,P
IMG-SENSOR-003,W02,8,-50,1,100,13.17,0.4262,486.7,P,P
IMG-SENSOR-003,W02,9,-50,3,401,48.39,0.5857,278.3,P,P
IMG-SENSOR-003,W02,-9,-49,1,100,11.15,0.3866,469.1,P,P
IMG-SENSOR-003,W02,-8,-49,1,100,13.11,0.4202,468.6,P,P
IMG-SENSOR-003,W02,-7,-49,1,100,12.04,0.4236,471.2,P,P
IMG-SENSOR-003,W02,-6,-49,1,100,12.52,0.4267,488.8,P,P
IMG-SENSOR-003,W02,-5,-49,1,100,12.54,0.4215,507.5,P,P
IMG-SENSOR-003,W02,-4,-49,1,100,11.28,0.4341,495.3,P,P
IMG-SENSOR-003,W02,-3,-49,1,100,9.37,0.4375,484.2,P,P
IMG-SENSOR-003,W02,-2,-49,1,100,13.16,0.4170,464.0,P,P
IMG-SENSOR-003,W02,-1,-49,1,100,10.86,0.4227,486.0,P,P
IMG-SENSOR-003,W02,0,-49,1,100,13.04,0.4377,457.0,P,P
IMG-SENSOR-003,W02,1,-49,1,100,12.86,0.4358,513.0,P,P
IMG-SENSOR-003,W02,2,-49,1,100,11.28,0.4563,472.9,P,P
IMG-SENSOR-003,W02,3,-49,1,100,10.87,0.4593,488.6,P,P
IMG-SENSOR-003,W02,4,-49,1,100,11.10,0.4238,465.9,P,P
IMG-SENSOR-003,W02,5,-49,1,100,10.63,0.4342,467.8,P,P
IMG-SENSOR-003,W02,6,-49,1,100,11.83,0.4348,475.1,P,P
IMG-SENSOR-003,W02,7,-49,1,100,14.20,0.4532,470.9,P,P
IMG-SENSOR-003,W02,8,-49,1,100,11.02,0.4284,453.9,P,P
IMG-SENSOR-003,W02,9,-49,1,100,13.02,0.4502,473.4,P,P
IMG-SENSOR-003,W02,-9,-48,1,100,10.69,0.3885,490.8,P,P
IMG-SENSOR-003,W02,-8,-48,1,100,12.23,0.4361,479.8,P,P
IMG-SENSOR-003,W02,-7,-48,1,100,11.85,0.4377,461.5,P,P
IMG-SENSOR-003,W02,-6,-48,1,100,12.46,0.4228,480.7,P,P
IMG-SENSOR-003,W02,-5,-48,1,100,13.05,0.4312,470.3,P,P
IMG-SENSOR-003,W02,-4,-48,1,100,13.02,0.4195,459.5,P,P
IMG-SENSOR-003,W02,-3,-48,1,100,15.30,0.4351,467.1,P,P
IMG-SENSOR-003,W02,-2,-48,1,100,9.96,0.4332,490.5,P,P
IMG-SENSOR-003,W02,-1,-48,1,100,11.81,0.4326,488.0,P,P
IMG-SENSOR-003,W02,0,-48,1,100,12.27,0.4365,507.2,P,P
IMG-SENSOR-003,W02,1,-48,1,100,10.07,0.4438,484.6,P,P
IMG-SENSOR-003,W02,2,-48,1,100,10.42,0.4216,485.8,P,P
IMG-SENSOR-003,W02,3,-48,1,100,10.45,0.4212,479.1,P,P
IMG-SENSOR-003,W02,4,-48,1,100,11.52,0.4206,492.3,P,P
IMG-SENSOR-003,W02,5,-48,1,100,12.18,0.4273,470.8,P,P
IMG-SENSOR-003,W02,6,-48,1,100,11.22,0.4586,512.3,P,P
IMG-SENSOR-003,W02,7,-48,1,100,16.28,0.4707,458.3,P,P
IMG-SENSOR-003,W02,8,-48,1,100,12.23,0.4360,495.4,P,P
IMG-SENSOR-003,W02,9,-48,1,100,13.78,0.4488,465.9,P,P
IMG-SENSOR-003,W02,-9,-47,1,100,13.30,0.4432,466.9,P,P
IMG-SENSOR-003,W02,-8,-47,1,100,12.63,0.4045,497.3,P,P
IMG-SENSOR-003,W02,-7,-47,1,100,16.55,0.4303,533.5,P,P
IMG-SENSOR-003,W02,-6,-47,1,100,14.03,0.4264,455.3,P,P
IMG-SENSOR-003,W02,-5,-47,1,100,15.49,0.4246,476.7,P,P
IMG-SENSOR-003,W02,-4,-47,1,100,10.90,0.4007,485.5,P,P
IMG-SENSOR-003,W02,-3,-47,1,100,12.70,0.4267,470.3,P,P
IMG-SENSOR-003,W02,-2,-47,1,100,12.67,0.4227,446.3,P,P
IMG-SENSOR-003,W02,-1,-47,1,100,15.37,0.4397,493.7,P,P
IMG-SENSOR-003,W02,0,-47,1,100,13.61,0.4368,501.1,P,P
IMG-SENSOR-003,W02,1,-47,1,100,13.98,0.4255,470.4,P,P
IMG-SENSOR-003,W02,2,-47,1,100,11.27,0.4244,476.1,P,P
IMG-SENSOR-003,W02,3,-47,1,100,12.65,0.4274,496.7,P,P
IMG-SENSOR-003,W02,4,-47,3,302,51.32,0.5795,285.9,P,P
IMG-SENSOR-003,W02,5,-47,1,100,9.88,0.4801,466.8,P,P
IMG-SENSOR-003,W02,6,-47,1,100,11.89,0.4465,522.3,P,P
IMG-SENSOR-003,W02,7,-47,4,401,52.54,0.5831,304.8,P,P
IMG-SENSOR-003,W02,8,-47,1,100,10.92,0.4362,466.4,P,P
IMG-SENSOR-003,W02,9,-47,1,100,11.79,0.4614,440.1,P,P
IMG-SENSOR-003,W02,-9,-46,1,100,7.53,0.4231,452.3,P,P
IMG-SENSOR-003,W02,-8,-46,2,302,49.60,0.5556,335.6,P,P
IMG-SENSOR-003,W02,-7,-46,1,100,13.22,0.4170,479.1,P,P
IMG-SENSOR-003,W02,-6,-46,1,100,12.95,0.4283,473.9,P,P
IMG-SENSOR-003,W02,-5,-46,1,100,17.19,0.4423,494.3,P,P
IMG-SENSOR-003,W02,-4,-46,1,100,13.25,0.4311,451.8,P,P
IMG-SENSOR-003,W02,-3,-46,1,100,14.03,0.4307,503.8,P,P
IMG-SENSOR-003,W02,-2,-46,1,100,13.08,0.3999,455.6,F,P
IMG-SENSOR-003,W02,-1,-46,1,100,10.93,0.4288,459.8,P,P
IMG-SENSOR-003,W02,0,-46,2,302,51.93,0.5526,281.1,F,P
IMG-SENSOR-003,W02,1,-46,1,100,14.03,0.4430,458.1,P,P
IMG-SENSOR-003,W02,2,-46,1,100,10.05,0.4378,499.6,P,P
IMG-SENSOR-003,W02,3,-46,1,100,12.31,0.4363,456.0,P,P
IMG-SENSOR-003,W02,4,-46,1,100,11.46,0.4229,503.2,P,P
IMG-SENSOR-003,W02,5,-46,1,100,12.53,0.4466,458.9,P,P
IMG-SENSOR-003,W02,6,-46,1,100,14.86,0.4615,498.4,P,P
IMG-SENSOR-003,W02,7,-46,1,100,15.41,0.4448,458.6,P,P
IMG-SENSOR-003,W02,8,-46,1,100,12.97,0.4384,490.3,P,P
IMG-SENSOR-003,W02,9,-46,1,100,15.90,0.4475,498.5,P,P
IMG-SENSOR-003,W02,-9,-45,1,100,11.87,0.4207,488.2,P,P
IMG-SENSOR-003,W02,-8,-45,1,100,12.89,0.4377,496.1,P,P
IMG-SENSOR-003,W02,-7,-45,1,100,13.27,0.4258,511.9,P,P
IMG-SENSOR-003,W02,-6,-45,1,100,10.61,0.4128,478.7,P,P
IMG-SENSOR-003,W02,-5,-45,1,100,16.28,0.4276,463.2,P,P
IMG-SENSOR-003,W02,-4,-45,1,100,14.20,0.4384,509.5,P,P
IMG-SENSOR-003,W02,-3,-45,1,100,15.53,0.4253,484.6,P,P
IMG-SENSOR-003,W02,-2,-45,1,100,11.54,0.4183,509.3,P,P
IMG-SENSOR-003,W02,-1,-45,1,100,8.42,0.4287,506.6,P,P
IMG-SENSOR-003,W02,0,-45,1,100,11.95,0.4537,472.3,P,P
IMG-SENSOR-003,W02,1,-45,1,100,10.85,0.4153,510.2,P,P
IMG-SENSOR-003,W02,2,-45,1,100,12.68,0.4564,483.0,P,P
IMG-SENSOR-003,W02,3,-45,1,100,11.62,0.4619,466.8,P,P
IMG-SENSOR-003,W02,4,-45,1,100,13.69,0.4501,497.0,P,P
IMG-SENSOR-003,W02,5,-45,1,100,12.35,0.4694,462.9,P,P
IMG-SENSOR-003,W02,6,-45,1,100,11.06,0.4498,491.6,P,P
IMG-SENSOR-003,W02,7,-45,1,100,12.28,0.4457,484.7,P,P
IMG-SENSOR-003,W02,8,-45,1,100,11.15,0.4564,460.0,P,P
IMG-SENSOR-003,W02,9,-45,1,100,15.17,0.4315,463.5,P,P
IMG-SENSOR-003,W02,-9,-44,1,100,10.67,0.4328,519.3,P,P
IMG-SENSOR-003,W02,-8,-44,1,100,12.41,0.4047,452.5,P,P
IMG-SENSOR-003,W02,-7,-44,1,100,12.80,0.4232,490.5,P,P
IMG-SENSOR-003,W02,-6,-44,1,100,9.96,0.4338,488.2,P,P
IMG-SENSOR-003,W02,-5,-44,1,100,11.06,0.4433,522.7,P,P
IMG-SENSOR-003,W02,-4,-44,1,100,10.94,0.4375,473.4,P,P
IMG-SENSOR-003,W02,-3,-44,1,100,12.74,0.4377,462.4,P,P
IMG-SENSOR-003,W02,-2,-44,1,100,14.52,0.4252,507.7,P,P
IMG-SENSOR-003,W02,-1,-44,1,100,11.90,0.4230,457.9,P,P
IMG-SENSOR-003,W02,0,-44,1,100,12.92,0.4170,461.9,P,P
IMG-SENSOR-003,W02,1,-44,2,201,34.16,0.6030,359.3,F,P
IMG-SENSOR-003,W02,2,-44,1,100,13.27,0.4400,522.8,P,P
IMG-SENSOR-003,W02,3,-44,1,100,13.87,0.4666,475.7,P,P
IMG-SENSOR-003,W02,4,-44,1,100,10.56,0.4336,488.0,P,P
IMG-SENSOR-003,W02,5,-44,1,100,12.49,0.4414,441.4,P,P
IMG-SENSOR-003,W02,6,-44,4,301,51.56,0.5733,292.0,P,P
IMG-SENSOR-003,W02,7,-44,1,100,10.61,0.4494,470.0,P,P
IMG-SENSOR-003,W02,8,-44,1,100,11.98,0.4261,485.8,P,P
IMG-SENSOR-003,W02,9,-44,1,100,12.64,0.4510,463.3,P,P
IMG-SENSOR-003,W02,-9,-43,1,100,11.55,0.4167,495.0,P,P
IMG-SENSOR-003,W02,-8,-43,1,100,15.22,0.4222,508.6,P,P
IMG-SENSOR-003,W02,-7,-43,1,100,8.99,0.4183,491.0,P,P
IMG-SENSOR-003,W02,-6,-43,1,100,10.69,0.4369,473.2,P,P
IMG-SENSOR-003,W02,-5,-43,1,100,15.01,0.4318,490.5,P,P
IMG-SENSOR-003,W02,-4,-43,1,100,14.06,0.4375,497.6,P,P
IMG-SENSOR-003,W02,-3,-43,1,100,12.21,0.4307,471.3,P,P
IMG-SENSOR-003,W02,-2,-43,1,100,12.63,0.4391,463.0,P,P
IMG-SENSOR-003,W02,-1,-43,1,100,13.07,0.4381,451.8,P,P
IMG-SENSOR-003,W02,0,-43,1,100,13.22,0.4367,506.0,P,P
IMG-SENSOR-003,W02,1,-43,1,100,12.35,0.4540,508.1,P,P
IMG-SENSOR-003,W02,2,-43,1,100,10.75,0.4525,463.2,P,P
IMG-SENSOR-003,W02,3,-43,1,100,11.66,0.4476,461.1,P,P
IMG-SENSOR-003,W02,4,-43,1,100,14.75,0.4522,488.5,P,P
IMG-SENSOR-003,W02,5,-43,1,100,12.45,0.4561,500.7,P,P
IMG-SENSOR-003,W02,6,-43,1,100,14.34,0.4345,489.9,P,P
IMG-SENSOR-003,W02,7,-43,1,100,13.84,0.4506,482.8,P,P
IMG-SENSOR-003,W02,8,-43,1,100,7.91,0.4254,475.2,P,P
IMG-SENSOR-003,W02,9,-43,1,100,15.38,0.4438,462.1,P,P
IMG-SENSOR-003,W02,-10,-42,3,302,56.75,0.5550,361.4,P,P
IMG-SENSOR-003,W02,-9,-42,1,100,10.04,0.4055,512.4,P,P
IMG-SENSOR-003,W02,-8,-42,1,100,14.21,0.4267,472.6,P,P
IMG-SENSOR-003,W02,-7,-42,1,100,13.33,0.4074,480.3,P,P
IMG-SENSOR-003,W02,-6,-42,1,100,13.78,0.4428,455.2,P,P
IMG-SENSOR-003,W02,-5,-42,1,100,14.39,0.4243,488.9,P,P
IMG-SENSOR-003,W02,-4,-42,1,100,10.23,0.3972,488.0,P,P
IMG-SENSOR-003,W02,-3,-42,2,202,43.06,0.5882,306.2,P,P
IMG-SENSOR-003,W02,-2,-42,1,100,14.62,0.4407,511.4,P,P
IMG-SENSOR-003,W02,-1,-42,1,100,11.10,0.4181,459.0,P,P
IMG-SENSOR-003,W02,0,-42,1,100,14.73,0.4516,489.3,P,P
IMG-SENSOR-003,W02,1,-42,1,100,10.57,0.4137,497.0,P,P
IMG-SENSOR-003,W02,2,-42,1,100,16.00,0.4334,478.3,P,P
IMG-SENSOR-003,W02,3,-42,1,100,11.66,0.4138,470.6,P,P
IMG-SENSOR-003,W02,4,-42,1,100,13.40,0.4474,450.5,P,P
IMG-SENSOR-003,W02,5,-42,1,100,11.83,0.4639,486.7,P,P
IMG-SENSOR-003,W02,6,-42,1,100,14.57,0.4643,481.7,P,P
IMG-SENSOR-003,W02,7,-42,1,100,11.55,0.4743,492.2,P,P
IMG-SENSOR-003,W02,8,-42,1,100,12.03,0.4554,510.9,P,P
IMG-SENSOR-003,W02,9,-42,1,100,11.39,0.4591,476.8,P,P
IMG-SENSOR-003,W02,10,-42,1,100,13.41,0.4716,493.5,P,P
IMG-SENSOR-003,W02,-10,-41,1,100,11.70,0.4153,447.9,P,P
IMG-SENSOR-003,W02,-9,-41,1,100,10.53,0.4206,479.6,P,P
IMG-SENSOR-003,W02,-8,-41,1,100,13.09,0.4278,467.6,P,P
IMG-SENSOR-003,W02,-7,-41,1,100,10.46,0.4145,502.5,F,P
IMG-SENSOR-003,W02,-6,-41,1,100,13.43,0.4204,450.4,P,P
IMG-SENSOR-003,W02,-5,-41,1,100,12.64,0.4346,484.7,P,P
IMG-SENSOR-003,W02,-4,-41,1,100,12.61,0.4429,478.6,P,P
IMG-SENSOR-003,W02,-3,-41,1,100,13.23,0.4376,487.0,P,P
IMG-SENSOR-003,W02,-2,-41,1,100,14.36,0.4544,481.2,P,P
IMG-SENSOR-003,W02,-1,-41,1,100,14.33,0.4297,497.0,P,P
IMG-SENSOR-003,W02,0,-41,3,401,41.87,0.5649,339.5,F,P
IMG-SENSOR-003,W02,1,-41,1,100,9.82,0.4390,449.3,P,P
IMG-SENSOR-003,W02,2,-41,1,100,13.61,0.4365,492.9,P,P
IMG-SENSOR-003,W02,3,-41,1,100,12.47,0.4308,502.3,P,P
IMG-SENSOR-003,W02,4,-41,1,100,12.35,0.4366,465.4,P,P
IMG-SENSOR-003,W02,5,-41,1,100,13.44,0.4539,469.5,P,P
IMG-SENSOR-003,W02,6,-41,1,100,11.18,0.4265,482.4,P,P
IMG-SENSOR-003,W02,7,-41,1,100,11.78,0.4638,478.3,P,P
IMG-SENSOR-003,W02,8,-41,1,100,12.11,0.4915,477.5,P,P
IMG-SENSOR-003,W02,9,-41,1,100,13.15,0.4608,466.4,P,P
IMG-SENSOR-003,W02,10,-41,4,401,50.97,0.6027,283.6,P,P
IMG-SENSOR-003,W02,-10,-40,1,100,12.40,0.4102,472.4,P,P
IMG-SENSOR-003,W02,-9,-40,1,100,10.45,0.4291,511.5,P,P
IMG-SENSOR-003,W02,-8,-40,1,100,12.56,0.4063,455.0,P,P
IMG-SENSOR-003,W02,-7,-40,1,100,12.75,0.4345,462.2,P,P
IMG-SENSOR-003,W02,-6,-40,1,100,8.52,0.4434,490.9,P,P
IMG-SENSOR-003,W02,-5,-40,2,401,40.33,0.5853,337.7,P,P
IMG-SENSOR-003,W02,-4,-40,1,100,10.70,0.4176,494.2,P,P
IMG-SENSOR-003,W02,-3,-40,1,100,11.63,0.4300,485.4,P,P
IMG-SENSOR-003,W02,-2,-40,1,100,11.28,0.4619,496.1,P,P
IMG-SENSOR-003,W02,-1,-40,1,100,7.74,0.4448,478.8,P,P
IMG-SENSOR-003,W02,0,-40,1,100,15.59,0.4367,484.9,P,P
IMG-SENSOR-003,W02,1,-40,1,100,14.20,0.4716,481.9,P,P
IMG-SENSOR-003,W02,2,-40,1,100,11.28,0.4643,471.8,P,P
IMG-SENSOR-003,W02,3,-40,2,401,41.50,0.5890,296.6,P,P
IMG-SENSOR-003,W02,4,-40,1,100,9.91,0.4176,512.8,P,P
IMG-SENSOR-003,W02,5,-40,1,100,14.84,0.4336,464.1,P,P
IMG-SENSOR-003,W02,6,-40,1,100,14.24,0.4524,498.5,P,P
IMG-SENSOR-003,W02,7,-40,1,100,11.30,0.4466,461.9,P,P
IMG-SENSOR-003,W02,8,-40,1,100,11.43,0.4658,453.3,P,P
IMG-SENSOR-003,W02,9,-40,1,100,13.97,0.4811,481.8,P,P
IMG-SENSOR-003,W02,10,-40,4,201,52.64,0.6116,382.2,P,P
IMG-SENSOR-003,W02,-10,-39,1,100,9.07,0.4102,472.2,P,P
IMG-SENSOR-003,W02,-9,-39,1,100,10.84,0.4081,482.7,P,P
IMG-SENSOR-003,W02,-8,-39,1,100,13.25,0.4329,463.9,P,P
IMG-SENSOR-003,W02,-7,-39,1,100,10.07,0.4285,499.1,P,P
IMG-SENSOR-003,W02,-6,-39,1,100,11.06,0.4302,491.9,P,P
IMG-SENSOR-003,W02,-5,-39,1,100,11.82,0.4475,472.9,P,P
IMG-SENSOR-003,W02,-4,-39,1,100,12.21,0.4381,463.7,P,P
IMG-SENSOR-003,W02,-3,-39,1,100,13.81,0.4566,509.7,P,P
IMG-SENSOR-003,W02,-2,-39,1,100,14.18,0.4502,476.8,P,P
IMG-SENSOR-003,W02,-1,-39,1,100,9.97,0.4585,447.3,P,P
IMG-SENSOR-003,W02,0,-39,1,100,11.58,0.4482,454.4,P,P
IMG-SENSOR-003,W02,1,-39,1,100,13.26,0.4275,468.9,P,P
IMG-SENSOR-003,W02,2,-39,1,100,12.68,0.4576,479.9,P,P
IMG-SENSOR-003,W02,3,-39,1,100,12.01,0.4250,516.7,P,P
IMG-SENSOR-003,W02,4,-39,1,100,12.81,0.4727,475.0,P,P
IMG-SENSOR-003,W02,5,-39,1,100,11.16,0.4431,476.9,P,P
IMG-SENSOR-003,W02,6,-39,1,100,9.51,0.4753,437.9,P,P
IMG-SENSOR-003,W02,7,-39,3,201,47.32,0.6182,317.6,P,P
IMG-SENSOR-003,W02,8,-39,1,100,10.32,0.4606,485.2,P,P
IMG-SENSOR-003,W02,9,-39,1,100,12.59,0.4785,426.0,P,P
IMG-SENSOR-003,W02,10,-39,1,100,10.26,0.4774,432.0,P,P
IMG-SENSOR-003,W02,-10,-38,1,100,12.89,0.4136,483.6,P,P
IMG-SENSOR-003,W02,-9,-38,1,100,11.30,0.4360,469.5,P,P
IMG-SENSOR-003,W02,-8,-38,1,100,11.79,0.4157,504.8,P,P
IMG-SENSOR-003,W02,-7,-38,1,100,13.35,0.4513,506.0,P,P
IMG-SENSOR-003,W02,-6,-38,1,100,13.07,0.4237,453.0,P,P
IMG-SENSOR-003,W02,-5,-38,1,100,10.97,0.4334,463.3,P,P
IMG-SENSOR-003,W02,-4,-38,1,100,11.60,0.4323,455.0,P,P
IMG-SENSOR-003,W02,-3,-38,2,401,38.00,0.5799,335.4,P,P
IMG-SENSOR-003,W02,-2,-38,1,100,11.08,0.4373,477.1,P,P
IMG-SENSOR-003,W02,-1,-38,1,100,9.50,0.4443,489.3,P,P
IMG-SENSOR-003,W02,0,-38,1,100,11.02,0.4449,450.4,P,P
IMG-SENSOR-003,W02,1,-38,1,100,16.00,0.4402,503.8,P,P
IMG-SENSOR-003,W02,2,-38,1,100,16.28,0.4612,457.8,P,P
IMG-SENSOR-003,W02,3,-38,1,100,13.29,0.4354,475.2,P,P
IMG-SENSOR-003,W02,4,-38,1,100,12.98,0.4267,497.7,P,P
IMG-SENSOR-003,W02,5,-38,1,100,12.86,0.4627,505.6,P,P
IMG-SENSOR-003,W02,6,-38,1,100,9.81,0.4407,498.7,P,P
IMG-SENSOR-003,W02,7,-38,1,100,12.18,0.4370,501.9,P,P
IMG-SENSOR-003,W02,8,-38,1,100,11.71,0.4690,498.3,P,P
IMG-SENSOR-003,W02,9,-38,1,100,10.11,0.4650,471.8,P,P
IMG-SENSOR-003,W02,10,-38,1,100,10.70,0.4660,442.5,P,P
IMG-SENSOR-003,W02,-10,-37,1,100,12.74,0.4167,475.5,P,P
IMG-SENSOR-003,W02,-9,-37,1,100,10.23,0.4094,487.5,P,P
IMG-SENSOR-003,W02,-8,-37,1,100,14.36,0.4254,488.8,P,P
IMG-SENSOR-003,W02,-7,-37,1,100,10.94,0.4562,478.0,P,P
IMG-SENSOR-003,W02,-6,-37,1,100,13.35,0.4397,461.6,P,P
IMG-SENSOR-003,W02,-5,-37,1,100,13.69,0.4522,465.9,P,P
IMG-SENSOR-003,W02,-4,-37,1,100,11.48,0.4272,509.2,P,P
IMG-SENSOR-003,W02,-3,-37,1,100,12.44,0.4565,462.3,P,P
IMG-SENSOR-003,W02,-2,-37,1,100,12.25,0.4588,472.3,P,P
IMG-SENSOR-003,W02,-1,-37,1,100,9.86,0.4493,474.4,P,P
IMG-SENSOR-003,W02,0,-37,1,100,16.49,0.4594,481.3,P,P
IMG-SENSOR-003,W02,1,-37,1,100,12.36,0.4385,459.9,P,P
IMG-SENSOR-003,W02,2,-37,1,100,14.10,0.4320,489.6,P,P
IMG-SENSOR-003,W02,3,-37,1,100,15.01,0.4685,465.7,P,P
IMG-SENSOR-003,W02,4,-37,1,100,14.19,0.4347,503.1,P,P
IMG-SENSOR-003,W02,5,-37,1,100,8.59,0.4565,484.2,P,P
IMG-SENSOR-003,W02,6,-37,1,100,12.64,0.4603,460.3,P,P
IMG-SENSOR-003,W02,7,-37,1,100,12.74,0.4783,473.7,P,P
IMG-SENSOR-003,W02,8,-37,1,100,14.33,0.4542,489.8,P,P
IMG-SENSOR-003,W02,9,-37,1,100,14.16,0.4604,459.4,P,P
IMG-SENSOR-003,W02,10,-37,1,100,10.86,0.4557,479.9,P,P
IMG-SENSOR-003,W02,-10,-36,1,100,13.38,0.4076,504.9,P,P
IMG-SENSOR-003,W02,-9,-36,1,100,14.71,0.4447,480.4,P,P
IMG-SENSOR-003,W02,-8,-36,1,100,12.56,0.4215,504.8,P,P
IMG-SENSOR-003,W02,-7,-36,1,100,16.89,0.4314,487.8,P,P
IMG-SENSOR-003,W02,-6,-36,1,100,10.55,0.4101,520.8,P,P
IMG-SENSOR-003,W02,-5,-36,1,100,13.26,0.4311,474.3,P,P
IMG-SENSOR-003,W02,-4,-36,1,100,12.63,0.4730,490.4,P,P
IMG-SENSOR-003,W02,-3,-36,1,100,11.95,0.4372,472.0,P,P
IMG-SENSOR-003,W02,-2,-36,1,100,14.08,0.4281,470.7,P,P
IMG-SENSOR-003,W02,-1,-36,1,100,9.42,0.4482,472.9,P,P
IMG-SENSOR-003,W02,0,-36,1,100,10.25,0.4765,478.1,P,P
IMG-SENSOR-003,W02,1,-36,1,100,14.44,0.4706,489.9,P,P
IMG-SENSOR-003,W02,2,-36,1,100,13.32,0.4559,467.2,P,P
IMG-SENSOR-003,W02,3,-36,1,100,10.46,0.4512,471.9,P,P
IMG-SENSOR-003,W02,4,-36,1,100,11.79,0.4556,469.7,P,P
IMG-SENSOR-003,W02,5,-36,1,100,13.51,0.4584,482.4,P,P
IMG-SENSOR-003,W02,6,-36,1,100,13.32,0.4565,470.4,P,P
IMG-SENSOR-003,W02,7,-36,1,100,15.77,0.4536,493.7,P,P
IMG-SENSOR-003,W02,8,-36,1,100,15.06,0.4718,502.3,P,P
IMG-SENSOR-003,W02,9,-36,4,301,41.57,0.6008,280.4,F,P
IMG-SENSOR-003,W02,10,-36,1,100,11.98,0.4573,492.9,P,P
IMG-SENSOR-003,W02,-10,-35,1,100,11.25,0.4480,518.6,P,P
IMG-SENSOR-003,W02,-9,-35,1,100,15.00,0.4016,496.9,P,P
IMG-SENSOR-003,W02,-8,-35,1,100,11.99,0.4130,492.4,P,P
IMG-SENSOR-003,W02,-7,-35,1,100,12.60,0.4359,473.4,P,P
IMG-SENSOR-003,W02,-6,-35,1,100,13.56,0.4257,481.8,P,P
IMG-SENSOR-003,W02,-5,-35,1,100,14.97,0.4405,442.0,P,P
IMG-SENSOR-003,W02,-4,-35,2,301,36.34,0.5976,305.0,F,P
IMG-SENSOR-003,W02,-3,-35,1,100,11.72,0.4440,489.9,P,P
IMG-SENSOR-003,W02,-2,-35,1,100,12.06,0.4324,489.1,P,P
IMG-SENSOR-003,W02,-1,-35,3,202,45.45,0.5567,353.7,P,P
IMG-SENSOR-003,W02,0,-35,1,100,14.33,0.4255,473.8,P,P
IMG-SENSOR-003,W02,1,-35,1,100,9.33,0.4583,451.2,P,P
IMG-SENSOR-003,W02,2,-35,1,100,11.87,0.4505,483.4,P,P
IMG-SENSOR-003,W02,3,-35,1,100,11.83,0.4367,493.2,P,P
IMG-SENSOR-003,W02,4,-35,1,100,11.52,0.4765,487.8,P,P
IMG-SENSOR-003,W02,5,-35,1,100,12.38,0.4812,494.6,P,P
IMG-SENSOR-003,W02,6,-35,1,100,13.89,0.4536,489.7,P,P
IMG-SENSOR-003,W02,7,-35,1,100,10.56,0.4369,467.3,P,P
IMG-SENSOR-003,W02,8,-35,1,100,10.40,0.4409,476.6,P,P
IMG-SENSOR-003,W02,9,-35,1,100,14.03,0.4515,499.7,P,P
IMG-SENSOR-003,W02,10,-35,2,302,53.89,0.6137,280.1,P,P
IMG-SENSOR-003,W02,-10,-34,1,100,10.57,0.4355,499.7,P,P
IMG-SENSOR-003,W02,-9,-34,1,100,10.21,0.4201,461.0,P,P
IMG-SENSOR-003,W02,-8,-34,1,100,12.07,0.4317,462.1,P,P
IMG-SENSOR-003,W02,-7,-34,1,100,10.99,0.4797,532.5,P,P
IMG-SENSOR-003,W02,-6,-34,1,100,13.54,0.4357,489.0,P,P
IMG-SENSOR-003,W02,-5,-34,1,100,13.67,0.4350,487.3,P,P
IMG-SENSOR-003,W02,-4,-34,1,100,15.91,0.4582,471.8,P,P
IMG-SENSOR-003,W02,-3,-34,1,100,12.92,0.4321,456.4,P,P
IMG-SENSOR-003,W02,-2,-34,1,100,15.58,0.4325,453.5,P,P
IMG-SENSOR-003,W02,-1,-34,3,401,31.96,0.6195,286.6,F,P
IMG-SENSOR-003,W02,0,-34,1,100,14.40,0.4519,463.6,P,P
IMG-SENSOR-003,W02,1,-34,1,100,12.15,0.4527,517.7,P,P
IMG-SENSOR-003,W02,2,-34,1,100,11.44,0.4685,516.9,P,P
IMG-SENSOR-003,W02,3,-34,1,100,12.75,0.4531,483.5,P,P
IMG-SENSOR-003,W02,4,-34,1,100,15.54,0.4646,452.7,P,P
IMG-SENSOR-003,W02,5,-34,1,100,12.08,0.4566,476.6,P,P
IMG-SENSOR-003,W02,6,-34,1,100,16.61,0.4780,450.2,P,P
IMG-SENSOR-003,W02,7,-34,1,100,14.38,0.4690,479.7,P,P
IMG-SENSOR-003,W02,8,-34,1,100,12.20,0.4402,471.7,P,P
IMG-SENSOR-003,W02,9,-34,1,100,11.20,0.4629,492.5,P,P
IMG-SENSOR-003,W02,10,-34,1,100,11.27,0.4751,442.9,P,P
IMG-SENSOR-003,W02,-10,-33,1,100,12.41,0.4353,471.5,P,P
IMG-SENSOR-003,W02,-9,-33,1,100,12.61,0.4306,506.2,P,P
IMG-SENSOR-003,W02,-8,-33,2,202,51.30,0.5599,325.4,P,P
IMG-SENSOR-003,W02,-7,-33,1,100,15.65,0.4269,470.7,P,P
IMG-SENSOR-003,W02,-6,-33,1,100,12.43,0.4243,529.6,P,P
IMG-SENSOR-003,W02,-5,-33,1,100,14.44,0.4517,488.4,P,P
IMG-SENSOR-003,W02,-4,-33,1,100,12.50,0.4245,482.9,P,P
IMG-SENSOR-003,W02,-3,-33,1,100,10.44,0.4423,480.8,P,P
IMG-SENSOR-003,W02,-2,-33,1,100,10.96,0.4552,489.6,P,P
IMG-SENSOR-003,W02,-1,-33,1,100,11.65,0.4584,444.1,P,P
IMG-SENSOR-003,W02,0,-33,1,100,13.02,0.4239,434.9,P,P
IMG-SENSOR-003,W02,1,-33,1,100,12.07,0.4240,464.3,P,P
IMG-SENSOR-003,W02,2,-33,1,100,11.31,0.4715,482.9,P,P
IMG-SENSOR-003,W02,3,-33,1,100,14.24,0.4759,495.1,P,P
IMG-SENSOR-003,W02,4,-33,1,100,14.65,0.4954,491.3,P,P
IMG-SENSOR-003,W02,5,-33,1,100,11.52,0.4599,465.0,P,P
IMG-SENSOR-003,W02,6,-33,1,100,14.97,0.4262,472.2,P,P
IMG-SENSOR-003,W02,7,-33,1,100,10.05,0.4489,479.5,P,P
IMG-SENSOR-003,W02,8,-33,1,100,15.11,0.4660,496.2,P,P
IMG-SENSOR-003,W02,9,-33,1,100,13.07,0.4563,499.8,P,P
IMG-SENSOR-003,W02,10,-33,1,100,11.17,0.4542,494.7,P,P
IMG-SENSOR-003,W02,-10,-32,1,100,14.62,0.4116,462.9,P,P
IMG-SENSOR-003,W02,-9,-32,1,100,9.05,0.4446,474.1,P,P
IMG-SENSOR-003,W02,-8,-32,1,100,12.85,0.4290,483.3,P,P
IMG-SENSOR-003,W02,-7,-32,2,201,51.44,0.5533,339.7,P,P
IMG-SENSOR-003,W02,-6,-32,1,100,13.69,0.4625,439.9,P,P
IMG-SENSOR-003,W02,-5,-32,1,100,10.53,0.4151,457.7,P,P
IMG-SENSOR-003,W02,-4,-32,1,100,9.27,0.4520,488.4,P,P
IMG-SENSOR-003,W02,-3,-32,1,100,11.52,0.4462,474.3,P,P
IMG-SENSOR-003,W02,-2,-32,1,100,11.86,0.4695,498.7,P,P
IMG-SENSOR-003,W02,-1,-32,1,100,13.22,0.4446,497.5,P,P
IMG-SENSOR-003,W02,0,-32,1,100,11.76,0.4376,495.6,P,P
IMG-SENSOR-003,W02,1,-32,1,100,10.05,0.4610,490.4,P,P
IMG-SENSOR-003,W02,2,-32,3,302,36.90,0.5894,349.9,P,P
IMG-SENSOR-003,W02,3,-32,4,302,33.74,0.6371,266.4,P,P
IMG-SENSOR-003,W02,4,-32,1,100,16.63,0.4618,509.1,P,P
IMG-SENSOR-003,W02,5,-32,1,100,13.29,0.4416,477.3,P,P
IMG-SENSOR-003,W02,6,-32,1,100,12.09,0.4635,503.5,P,P
IMG-SENSOR-003,W02,7,-32,1,100,10.00,0.4634,476.8,P,P
IMG-SENSOR-003,W02,8,-32,1,100,12.95,0.4555,472.7,P,P
IMG-SENSOR-003,W02,9,-32,1,100,12.68,0.4558,484.0,P,P
IMG-SENSOR-003,W02,10,-32,1,100,11.21,0.4904,483.8,P,P
IMG-SENSOR-003,W02,-10,-31,1,100,11.16,0.4194,449.6,P,P
IMG-SENSOR-003,W02,-9,-31,1,100,14.88,0.4159,464.9,P,P
IMG-SENSOR-003,W02,-8,-31,1,100,11.99,0.4578,508.9,P,P
IMG-SENSOR-003,W02,-7,-31,1,100,13.29,0.4273,499.6,P,P
IMG-SENSOR-003,W02,-6,-31,1,100,12.20,0.4251,477.8,P,P
IMG-SENSOR-003,W02,-5,-31,1,100,11.97,0.4555,478.7,P,P
IMG-SENSOR-003,W02,-4,-31,1,100,11.40,0.4675,482.3,P,P
IMG-SENSOR-003,W02,-3,-31,4,201,42.87,0.5783,313.1,F,P
IMG-SENSOR-003,W02,-2,-31,1,100,13.22,0.4286,503.1,P,P
IMG-SENSOR-003,W02,-1,-31,1,100,11.17,0.4326,476.4,P,P
IMG-SENSOR-003,W02,0,-31,1,100,10.35,0.4451,481.0,P,P
IMG-SENSOR-003,W02,1,-31,1,100,13.48,0.4540,481.4,P,P
IMG-SENSOR-003,W02,2,-31,4,202,55.68,0.5944,308.1,P,P
IMG-SENSOR-003,W02,3,-31,1,100,12.70,0.4577,485.0,P,P
IMG-SENSOR-003,W02,4,-31,1,100,14.20,0.4470,459.3,P,P
IMG-SENSOR-003,W02,5,-31,1,100,15.26,0.4565,462.9,P,P
IMG-SENSOR-003,W02,6,-31,1,100,10.36,0.4817,502.9,P,P
IMG-SENSOR-003,W02,7,-31,1,100,12.68,0.4786,515.3,P,P
IMG-SENSOR-003,W02,8,-31,2,202,57.30,0.5817,191.7,P,P
IMG-SENSOR-003,W02,9,-31,1,100,12.66,0.4628,438.8,P,P
IMG-SENSOR-003,W02,10,-31,1,100,13.99,0.4599,487.0,P,P
IMG-SENSOR-003,W02,-10,-30,3,302,23.39,0.5416,280.4,P,P
IMG-SENSOR-003,W02,-9,-30,1,100,11.33,0.4139,496.8,P,P
IMG-SENSOR-003,W02,-8,-30,1,100,14.68,0.4228,480.1,P,P
IMG-SENSOR-003,W02,-7,-30,1,100,14.35,0.4185,472.2,P,P
IMG-SENSOR-003,W02,-6,-30,2,401,40.30,0.5761,352.6,P,P
IMG-SENSOR-003,W02,-5,-30,1,100,10.21,0.4494,458.3,P,P
IMG-SENSOR-003,W02,-4,-30,1,100,12.23,0.4508,490.8,P,P
IMG-SENSOR-003,W02,-3,-30,1,100,10.02,0.4193,454.1,P,P
IMG-SENSOR-003,W02,-2,-30,1,100,12.67,0.4366,468.1,P,P
IMG-SENSOR-003,W02,-1,-30,1,100,11.99,0.4588,479.0,P,P
IMG-SENSOR-003,W02,0,-30,1,100,13.10,0.4476,445.0,P,P
IMG-SENSOR-003,W02,1,-30,1,100,11.10,0.4326,472.8,P,P
IMG-SENSOR-003,W02,2,-30,1,100,14.41,0.4418,488.1,P,P
IMG-SENSOR-003,W02,3,-30,2,201,51.45,0.5574,329.3,P,P
IMG-SENSOR-003,W02,4,-30,1,100,12.03,0.4484,508.6,P,P
IMG-SENSOR-003,W02,5,-30,1,100,11.36,0.4866,478.6,P,P
IMG-SENSOR-003,W02,6,-30,1,100,11.50,0.4444,460.1,P,P
IMG-SENSOR-003,W02,7,-30,1,100,13.80,0.4839,515.8,P,P
IMG-SENSOR-003,W02,8,-30,1,100,12.08,0.4580,475.0,P,P
IMG-SENSOR-003,W02,9,-30,1,100,14.91,0.4630,467.1,P,P
IMG-SENSOR-003,W02,10,-30,1,100,14.15,0.4815,460.0,P,P
IMG-SENSOR-003,W02,-11,-29,3,201,52.77,0.5692,244.2,P,P
IMG-SENSOR-003,W02,-10,-29,1,100,10.82,0.4530,454.6,P,P
IMG-SENSOR-003,W02,-9,-29,1,100,14.15,0.4390,489.3,P,P
IMG-SENSOR-003,W02,-8,-29,1,100,14.15,0.4516,480.9,P,P
IMG-SENSOR-003,W02,-7,-29,1,100,13.75,0.4282,467.9,P,P
IMG-SENSOR-003,W02,-6,-29,1,100,11.17,0.4172,492.8,P,P
IMG-SENSOR-003,W02,-5,-29,1,100,10.11,0.4574,487.6,P,P
IMG-SENSOR-003,W02,-4,-29,1,100,12.12,0.4268,497.1,P,P
IMG-SENSOR-003,W02,-3,-29,1,100,15.22,0.4314,470.8,P,P
IMG-SENSOR-003,W02,-2,-29,1,100,14.07,0.4511,486.0,P,P
IMG-SENSOR-003,W02,-1,-29,1,100,12.75,0.4360,458.2,P,P
IMG-SENSOR-003,W02,0,-29,1,100,9.83,0.4475,486.7,P,P
IMG-SENSOR-003,W02,1,-29,1,100,14.53,0.4821,462.4,P,P
IMG-SENSOR-003,W02,2,-29,1,100,11.24,0.4294,474.4,P,P
IMG-SENSOR-003,W02,3,-29,1,100,12.94,0.4485,480.3,P,P
IMG-SENSOR-003,W02,4,-29,4,202,47.51,0.5903,303.8,P,P
IMG-SENSOR-003,W02,5,-29,1,100,13.07,0.4594,482.4,P,P
IMG-SENSOR-003,W02,6,-29,1,100,13.81,0.4781,513.4,P,P
IMG-SENSOR-003,W02,7,-29,1,100,12.08,0.4754,466.7,P,P
IMG-SENSOR-003,W02,8,-29,1,100,12.73,0.4691,466.3,P,P
IMG-SENSOR-003,W02,9,-29,1,100,10.41,0.4901,490.3,P,P
IMG-SENSOR-003,W02,10,-29,2,401,60.69,0.5979,332.4,F,P
IMG-SENSOR-003,W02,11,-29,1,100,12.42,0.4526,483.0,P,P
IMG-SENSOR-003,W02,-11,-28,1,100,12.44,0.4140,472.7,P,P
IMG-SENSOR-003,W02,-10,-28,1,100,16.62,0.4073,496.3,P,P
IMG-SENSOR-003,W02,-9,-28,1,100,9.21,0.4283,474.3,P,P
IMG-SENSOR-003,W02,-8,-28,1,100,11.33,0.4189,471.6,P,P
IMG-SENSOR-003,W02,-7,-28,1,100,14.14,0.4208,465.3,P,P
IMG-SENSOR-003,W02,-6,-28,1,100,13.68,0.4421,462.1,P,P
IMG-SENSOR-003,W02,-5,-28,1,100,14.37,0.4346,464.5,P,P
IMG-SENSOR-003,W02,-4,-28,1,100,11.54,0.4474,470.2,P,P
IMG-SENSOR-003,W02,-3,-28,1,100,17.45,0.4521,482.3,P,P
IMG-SENSOR-003,W02,-2,-28,1,100,13.85,0.4773,460.9,P,P
IMG-SENSOR-003,W02,-1,-28,1,100,11.80,0.4361,473.8,P,P
IMG-SENSOR-003,W02,0,-28,1,100,13.47,0.4295,464.6,P,P
IMG-SENSOR-003,W02,1,-28,1,100,14.78,0.4668,489.6,P,P
IMG-SENSOR-003,W02,2,-28,1,100,10.64,0.4356,470.0,P,P
IMG-SENSOR-003,W02,3,-28,1,100,12.14,0.4754,466.8,P,P
IMG-SENSOR-003,W02,4,-28,1,100,15.88,0.4670,487.8,P,P
IMG-SENSOR-003,W02,5,-28,2,301,49.19,0.5979,344.4,F,P
IMG-SENSOR-003,W02,6,-28,1,100,12.34,0.4888,472.9,P,P
IMG-SENSOR-003,W02,7,-28,1,100,12.71,0.4716,456.1,P,P
IMG-SENSOR-003,W02,8,-28,1,100,14.97,0.4696,516.7,P,P
IMG-SENSOR-003,W02,9,-28,1,100,12.54,0.4832,459.5,P,P
IMG-SENSOR-003,W02,10,-28,1,100,12.34,0.4768,457.0,P,P
IMG-SENSOR-003,W02,11,-28,1,100,11.48,0.4682,472.9,P,P
IMG-SENSOR-003,W02,-11,-27,4,201,44.25,0.5835,297.2,P,P
IMG-SENSOR-003,W02,-10,-27,1,100,13.13,0.4352,452.5,P,P
IMG-SENSOR-003,W02,-9,-27,1,100,11.08,0.4416,456.4,P,P
IMG-SENSOR-003,W02,-8,-27,1,100,13.91,0.4430,488.1,P,P
IMG-SENSOR-003,W02,-7,-27,1,100,10.21,0.4337,476.1,P,P
IMG-SENSOR-003,W02,-6,-27,1,100,11.26,0.4711,457.9,P,P
IMG-SENSOR-003,W02,-5,-27,1,100,14.02,0.4327,526.3,P,P
IMG-SENSOR-003,W02,-4,-27,1,100,12.43,0.4547,472.4,P,P
IMG-SENSOR-003,W02,-3,-27,1,100,11.75,0.4419,466.6,P,P
IMG-SENSOR-003,W02,-2,-27,1,100,11.07,0.4336,473.4,P,P
IMG-SENSOR-003,W02,-1,-27,1,100,9.54,0.4508,457.1,P,P
IMG-SENSOR-003,W02,0,-27,1,100,12.68,0.4739,478.7,P,P
IMG-SENSOR-003,W02,1,-27,1,100,9.80,0.4311,440.3,P,P
IMG-SENSOR-003,W02,2,-27,1,100,13.16,0.4603,447.9,P,P
IMG-SENSOR-003,W02,3,-27,1,100,14.12,0.4599,494.4,P,P
IMG-SENSOR-003,W02,4,-27,1,100,10.32,0.4917,500.5,P,P
IMG-SENSOR-003,W02,5,-27,1,100,16.22,0.4638,474.0,P,P
IMG-SENSOR-003,W02,6,-27,1,100,12.28,0.4506,509.7,P,P
IMG-SENSOR-003,W02,7,-27,1,100,11.34,0.4564,483.0,P,P
IMG-SENSOR-003,W02,8,-27,1,100,14.83,0.4871,478.8,P,P
IMG-SENSOR-003,W02,9,-27,1,100,12.12,0.4694,479.3,P,P
IMG-SENSOR-003,W02,10,-27,1,100,10.64,0.4713,498.0,P,P
IMG-SENSOR-003,W02,11,-27,1,100,13.72,0.4818,511.1,P,P
IMG-SENSOR-003,W02,-11,-26,2,401,55.41,0.5957,321.1,F,P
IMG-SENSOR-003,W02,-10,-26,1,100,10.57,0.4352,464.0,P,P
IMG-SENSOR-003,W02,-9,-26,1,100,12.37,0.4358,494.9,P,P
IMG-SENSOR-003,W02,-8,-26,1,100,11.98,0.4313,503.8,P,P
IMG-SENSOR-003,W02,-7,-26,3,202,47.36,0.6009,293.4,P,P
IMG-SENSOR-003,W02,-6,-26,1,100,14.18,0.4468,493.2,P,P
IMG-SENSOR-003,W02,-5,-26,1,100,13.06,0.4417,526.2,P,P
IMG-SENSOR-003,W02,-4,-26,1,100,12.19,0.4305,498.3,P,P
IMG-SENSOR-003,W02,-3,-26,1,100,10.45,0.4278,422.2,P,P
IMG-SENSOR-003,W02,-2,-26,1,100,12.74,0.4691,462.4,P,P
IMG-SENSOR-003,W02,-1,-26,1,100,11.64,0.4536,470.6,P,P
IMG-SENSOR-003,W02,0,-26,1,100,13.56,0.4590,439.9,P,P
IMG-SENSOR-003,W02,1,-26,1,100,14.28,0.4448,450.7,P,P
IMG-SENSOR-003,W02,2,-26,1,100,14.76,0.4844,466.4,P,P
IMG-SENSOR-003,W02,3,-26,1,100,13.50,0.4709,437.9,P,P
IMG-SENSOR-003,W02,4,-26,1,100,11.27,0.4402,484.2,P,P
IMG-SENSOR-003,W02,5,-26,1,100,14.00,0.4862,504.8,P,P
IMG-SENSOR-003,W02,6,-26,1,100,13.06,0.4766,491.4,P,P
IMG-SENSOR-003,W02,7,-26,1,100,13.28,0.4609,493.3,P,P
IMG-SENSOR-003,W02,8,-26,1,100,9.91,0.4749,443.9,P,P
IMG-SENSOR-003,W02,9,-26,1,100,13.93,0.4889,513.6,P,P
IMG-SENSOR-003,W02,10,-26,2,401,35.20,0.6405,316.9,P,P
IMG-SENSOR-003,W02,11,-26,1,100,11.85,0.4851,482.5,P,P
IMG-SENSOR-003,W02,-11,-25,2,201,47.31,0.5862,277.4,P,P
IMG-SENSOR-003,W02,-10,-25,1,100,10.68,0.4358,511.7,P,P
IMG-SENSOR-003,W02,-9,-25,1,100,12.85,0.4504,484.6,P,P
IMG-SENSOR-003,W02,-8,-25,1,100,15.98,0.4309,491.1,P,P
IMG-SENSOR-003,W02,-7,-25,1,100,14.92,0.4386,475.1,P,P
IMG-SENSOR-003,W02,-6,-25,1,100,11.36,0.4481,465.3,P,P
IMG-SENSOR-003,W02,-5,-25,1,100,13.17,0.4135,486.8,P,P
IMG-SENSOR-003,W02,-4,-25,1,100,14.76,0.4111,481.7,P,P
IMG-SENSOR-003,W02,-3,-25,1,100,14.01,0.4246,486.6,P,P
IMG-SENSOR-003,W02,-2,-25,1,100,10.65,0.4293,469.8,P,P
IMG-SENSOR-003,W02,-1,-25,1,100,11.06,0.4501,493.5,P,P
IMG-SENSOR-003,W02,0,-25,1,100,13.43,0.4599,485.7,P,P
IMG-SENSOR-003,W02,1,-25,1,100,12.36,0.4404,442.9,P,P
IMG-SENSOR-003,W02,2,-25,1,100,9.44,0.4614,448.6,P,P
IMG-SENSOR-003,W02,3,-25,1,100,12.83,0.4661,454.5,P,P
IMG-SENSOR-003,W02,4,-25,1,100,12.98,0.4792,475.8,P,P
IMG-SENSOR-003,W02,5,-25,4,201,41.33,0.5933,287.7,F,P
IMG-SENSOR-003,W02,6,-25,1,100,8.86,0.4575,484.8,P,P
IMG-SENSOR-003,W02,7,-25,1,100,10.93,0.4603,508.4,P,P
IMG-SENSOR-003,W02,8,-25,1,100,12.61,0.4525,476.9,P,P
IMG-SENSOR-003,W02,9,-25,1,100,9.06,0.4822,474.0,P,P
IMG-SENSOR-003,W02,10,-25,1,100,10.56,0.4776,467.8,P,P
IMG-SENSOR-003,W02,11,-25,1,100,14.49,0.4534,461.2,P,P
IMG-SENSOR-003,W02,-11,-24,4,301,47.08,0.5449,270.2,F,P
IMG-SENSOR-003,W02,-10,-24,1,100,9.87,0.4281,478.0,P,P
IMG-SENSOR-003,W02,-9,-24,1,100,12.84,0.4409,461.0,P,P
IMG-SENSOR-003,W02,-8,-24,1,100,13.00,0.4233,478.9,P,P
IMG-SENSOR-003,W02,-7,-24,1,100,11.40,0.4298,477.3,P,P
IMG-SENSOR-003,W02,-6,-24,1,100,12.02,0.4367,479.9,P,P
IMG-SENSOR-003,W02,-5,-24,1,100,6.74,0.4438,492.0,P,P
IMG-SENSOR-003,W02,-4,-24,1,100,12.81,0.4649,489.4,P,P
IMG-SENSOR-003,W02,-3,-24,1,100,13.73,0.4402,477.0,P,P
IMG-SENSOR-003,W02,-2,-24,1,100,10.51,0.4792,487.1,P,P
IMG-SENSOR-003,W02,-1,-24,1,100,11.95,0.4190,481.5,P,P
IMG-SENSOR-003,W02,0,-24,1,100,8.78,0.4779,471.2,F,P
IMG-SENSOR-003,W02,1,-24,1,100,12.24,0.4131,485.2,P,P
IMG-SENSOR-003,W02,2,-24,1,100,8.93,0.4413,506.4,P,P
IMG-SENSOR-003,W02,3,-24,1,100,13.65,0.4946,485.6,P,P
IMG-SENSOR-003,W02,4,-24,1,100,12.91,0.4763,511.3,P,P
IMG-SENSOR-003,W02,5,-24,1,100,14.26,0.4459,468.0,P,P
IMG-SENSOR-003,W02,6,-24,1,100,12.95,0.4644,506.1,P,P
IMG-SENSOR-003,W02,7,-24,1,100,11.76,0.4662,466.5,P,P
IMG-SENSOR-003,W02,8,-24,1,100,12.01,0.4786,496.7,P,P
IMG-SENSOR-003,W02,9,-24,1,100,13.62,0.4722,456.1,P,P
IMG-SENSOR-003,W02,10,-24,1,100,14.68,0.4749,507.2,P,P
IMG-SENSOR-003,W02,11,-24,1,100,14.36,0.4965,495.1,P,P
IMG-SENSOR-003,W02,-11,-23,1,100,14.07,0.4270,450.1,P,P
IMG-SENSOR-003,W02,-10,-23,1,100,10.56,0.4409,468.0,P,P
IMG-SENSOR-003,W02,-9,-23,2,202,47.67,0.5717,274.8,P,P
IMG-SENSOR-003,W02,-8,-23,1,100,10.42,0.4623,473.5,P,P
IMG-SENSOR-003,W02,-7,-23,1,100,11.93,0.4533,459.3,P,P
IMG-SENSOR-003,W02,-6,-23,1,100,16.02,0.4663,492.3,P,P
IMG-SENSOR-003,W02,-5,-23,1,100,11.39,0.4417,462.1,P,P
IMG-SENSOR-003,W02,-4,-23,1,100,11.92,0.4666,468.6,P,P
IMG-SENSOR-003,W02,-3,-23,1,100,10.49,0.4541,484.0,P,P
IMG-SENSOR-003,W02,-2,-23,1,100,14.30,0.4244,457.4,P,P
IMG-SENSOR-003,W02,-1,-23,1,100,12.92,0.4518,457.8,P,P
IMG-SENSOR-003,W02,0,-23,1,100,11.27,0.4096,486.8,P,P
IMG-SENSOR-003,W02,1,-23,1,100,13.91,0.4501,465.9,P,P
IMG-SENSOR-003,W02,2,-23,1,100,16.56,0.4428,481.7,P,P
IMG-SENSOR-003,W02,3,-23,1,100,9.59,0.4473,484.1,P,P
IMG-SENSOR-003,W02,4,-23,1,100,13.92,0.4732,502.0,P,P
IMG-SENSOR-003,W02,5,-23,1,100,12.66,0.4599,472.0,P,P
IMG-SENSOR-003,W02,6,-23,1,100,11.50,0.4493,490.6,P,P
IMG-SENSOR-003,W02,7,-23,1,100,13.85,0.4560,480.8,P,P
IMG-SENSOR-003,W02,8,-23,1,100,11.60,0.4739,474.6,P,P
IMG-SENSOR-003,W02,9,-23,1,100,11.70,0.4662,479.4,P,P
IMG-SENSOR-003,W02,10,-23,1,100,12.38,0.4867,475.5,P,P
IMG-SENSOR-003,W02,11,-23,1,100,10.86,0.4545,462.3,P,P
IMG-SENSOR-003,W02,-11,-22,1,100,10.79,0.4166,486.9,P,P
IMG-SENSOR-003,W02,-10,-22,1,100,11.50,0.4368,488.1,P,P
IMG-SENSOR-003,W02,-9,-22,1,100,12.80,0.4604,472.7,P,P
IMG-SENSOR-003,W02,-8,-22,1,100,10.37,0.4405,481.5,P,P
IMG-SENSOR-003,W02,-7,-22,1,100,12.75,0.4513,455.8,P,P
IMG-SENSOR-003,W02,-6,-22,1,100,12.32,0.4580,460.9,P,P
IMG-SENSOR-003,W02,-5,-22,1,100,13.42,0.4446,487.0,P,P
IMG-SENSOR-003,W02,-4,-22,1,100,12.81,0.4496,441.9,P,P
IMG-SENSOR-003,W02,-3,-22,1,100,13.85,0.4613,426.2,P,P
IMG-SENSOR-003,W02,-2,-22,1,100,12.36,0.4664,478.9,P,P
IMG-SENSOR-003,W02,-1,-22,1,100,12.38,0.4509,516.6,P,P
IMG-SENSOR-003,W02,0,-22,1,100,14.10,0.4462,477.7,P,P
IMG-SENSOR-003,W02,1,-22,1,100,13.04,0.4388,469.1,P,P
IMG-SENSOR-003,W02,2,-22,1,100,11.73,0.4550,516.7,P,P
IMG-SENSOR-003,W02,3,-22,1,100,13.61,0.4722,456.1,P,P
IMG-SENSOR-003,W02,4,-22,1,100,12.56,0.4498,503.3,P,P
IMG-SENSOR-003,W02,5,-22,1,100,12.94,0.4668,452.5,P,P
IMG-SENSOR-003,W02,6,-22,1,100,11.20,0.5001,497.6,P,P
IMG-SENSOR-003,W02,7,-22,1,100,11.59,0.4669,470.8,P,P
IMG-SENSOR-003,W02,8,-22,1,100,14.73,0.4698,463.8,P,P
IMG-SENSOR-003,W02,9,-22,1,100,11.34,0.5081,455.7,P,P
IMG-SENSOR-003,W02,10,-22,1,100,12.34,0.4989,455.4,P,P
IMG-SENSOR-003,W02,11,-22,1,100,14.07,0.4650,507.8,P,P
IMG-SENSOR-003,W02,-11,-21,1,100,14.35,0.4175,471.5,P,P
IMG-SENSOR-003,W02,-10,-21,1,100,11.13,0.4266,487.3,P,P
IMG-SENSOR-003,W02,-9,-21,1,100,10.18,0.4489,514.2,P,P
IMG-SENSOR-003,W02,-8,-21,1,100,14.91,0.4501,462.8,P,P
IMG-SENSOR-003,W02,-7,-21,1,100,11.84,0.4695,481.9,P,P
IMG-SENSOR-003,W02,-6,-21,1,100,13.79,0.4505,468.4,P,P
IMG-SENSOR-003,W02,-5,-21,1,100,11.49,0.4429,453.6,P,P
IMG-SENSOR-003,W02,-4,-21,1,100,13.49,0.4373,487.3,P,P
IMG-SENSOR-003,W02,-3,-21,1,100,14.45,0.4560,479.1,P,P
IMG-SENSOR-003,W02,-2,-21,1,100,13.38,0.4372,465.4,P,P
IMG-SENSOR-003,W02,-1,-21,1,100,12.37,0.4549,502.8,P,P
IMG-SENSOR-003,W02,0,-21,1,100,10.71,0.4429,484.2,P,P
IMG-SENSOR-003,W02,1,-21,1,100,11.73,0.4586,480.5,P,P
IMG-SENSOR-003,W02,2,-21,1,100,13.79,0.4728,475.6,P,P
IMG-SENSOR-003,W02,3,-21,1,100,11.55,0.4609,483.1,P,P
IMG-SENSOR-003,W02,4,-21,1,100,12.37,0.4667,497.4,P,P
IMG-SENSOR-003,W02,5,-21,1,100,11.33,0.4794,467.9,P,P
IMG-SENSOR-003,W02,6,-21,1,100,11.35,0.4741,480.5,P,P
IMG-SENSOR-003,W02,7,-21,1,100,11.99,0.4714,493.0,P,P
IMG-SENSOR-003,W02,8,-21,1,100,12.64,0.4315,461.9,P,P
IMG-SENSOR-003,W02,9,-21,1,100,11.26,0.4875,482.2,P,P
IMG-SENSOR-003,W02,10,-21,1,100,14.46,0.5118,451.5,P,P
IMG-SENSOR-003,W02,11,-21,1,100,12.83,0.5066,472.8,P,P
IMG-SENSOR-003,W02,-11,-20,1,100,10.32,0.4601,493.7,P,P
IMG-SENSOR-003,W02,-10,-20,1,100,11.81,0.4534,501.7,P,P
IMG-SENSOR-003,W02,-9,-20,1,100,12.82,0.4666,465.6,P,P
IMG-SENSOR-003,W02,-8,-20,1,100,10.82,0.4404,474.7,P,P
IMG-SENSOR-003,W02,-7,-20,1,100,11.37,0.4272,474.6,P,P
IMG-SENSOR-003,W02,-6,-20,1,100,12.07,0.4262,474.9,P,P
IMG-SENSOR-003,W02,-5,-20,1,100,14.46,0.4437,475.3,P,P
IMG-SENSOR-003,W02,-4,-20,1,100,10.68,0.4555,455.6,P,P
IMG-SENSOR-003,W02,-3,-20,1,100,14.44,0.4556,508.1,P,P
IMG-SENSOR-003,W02,-2,-20,1,100,12.83,0.4565,492.2,P,P
IMG-SENSOR-003,W02,-1,-20,1,100,10.69,0.4744,466.1,P,P
IMG-SENSOR-003,W02,0,-20,1,100,11.71,0.4592,478.0,P,P
IMG-SENSOR-003,W02,1,-20,1,100,11.63,0.4701,476.1,P,P
IMG-SENSOR-003,W02,2,-20,1,100,12.90,0.4700,487.8,P,P
IMG-SENSOR-003,W02,3,-20,1,100,14.95,0.4851,457.1,P,P
IMG-SENSOR-003,W02,4,-20,1,100,14.47,0.4747,494.8,P,P
IMG-SENSOR-003,W02,5,-20,1,100,16.40,0.4300,477.1,P,P
IMG-SENSOR-003,W02,6,-20,4,202,36.54,0.6184,286.6,P,P
IMG-SENSOR-003,W02,7,-20,1,100,9.91,0.4821,492.0,P,P
IMG-SENSOR-003,W02,8,-20,1,100,12.91,0.4740,461.7,P,P
IMG-SENSOR-003,W02,9,-20,1,100,10.72,0.4741,528.0,P,P
IMG-SENSOR-003,W02,10,-20,1,100,15.89,0.5052,488.9,P,P
IMG-SENSOR-003,W02,11,-20,1,100,11.28,0.4740,508.3,P,P
IMG-SENSOR-003,W02,-11,-19,1,100,14.41,0.4168,450.4,P,P
IMG-SENSOR-003,W02,-10,-19,1,100,10.56,0.4302,453.9,P,P
IMG-SENSOR-003,W02,-9,-19,1,100,12.23,0.4306,491.8,P,P
IMG-SENSOR-003,W02,-8,-19,1,100,12.44,0.4519,497.0,P,P
IMG-SENSOR-003,W02,-7,-19,1,100,7.15,0.4464,484.7,P,P
IMG-SENSOR-003,W02,-6,-19,1,100,13.75,0.4385,493.6,P,P
IMG-SENSOR-003,W02,-5,-19,1,100,10.84,0.4298,466.7,P,P
IMG-SENSOR-003,W02,-4,-19,1,100,13.64,0.4575,515.8,P,P
IMG-SENSOR-003,W02,-3,-19,1,100,13.75,0.4433,504.3,P,P
IMG-SENSOR-003,W02,-2,-19,1,100,14.06,0.4703,481.8,P,P
IMG-SENSOR-003,W02,-1,-19,1,100,12.10,0.4571,478.4,P,P
IMG-SENSOR-003,W02,0,-19,1,100,12.61,0.4530,472.2,P,P
IMG-SENSOR-003,W02,1,-19,1,100,16.49,0.4943,491.7,P,P
IMG-SENSOR-003,W02,2,-19,1,100,14.50,0.4625,466.5,P,P
IMG-SENSOR-003,W02,3,-19,1,100,10.71,0.4541,495.2,P,P
IMG-SENSOR-003,W02,4,-19,1,100,16.20,0.4865,456.2,P,P
IMG-SENSOR-003,W02,5,-19,1,100,10.98,0.4814,491.6,P,P
IMG-SENSOR-003,W02,6,-19,1,100,11.63,0.4844,504.2,P,P
IMG-SENSOR-003,W02,7,-19,1,100,12.65,0.4941,504.9,P,P
IMG-SENSOR-003,W02,8,-19,1,100,13.58,0.4559,485.3,P,P
IMG-SENSOR-003,W02,9,-19,1,100,9.76,0.5024,517.1,P,P
IMG-SENSOR-003,W02,10,-19,1,100,14.22,0.4930,524.8,P,P
IMG-SENSOR-003,W02,11,-19,1,100,10.28,0.4701,471.1,P,P
IMG-SENSOR-003,W02,-11,-18,1,100,16.26,0.4494,488.2,P,P
IMG-SENSOR-003,W02,-10,-18,1,100,14.26,0.4395,486.6,P,P
IMG-SENSOR-003,W02,-9,-18,1,100,11.15,0.4687,488.1,P,P
IMG-SENSOR-003,W02,-8,-18,1,100,9.85,0.4501,486.2,P,P
IMG-SENSOR-003,W02,-7,-18,1,100,10.95,0.4500,460.9,P,P
IMG-SENSOR-003,W02,-6,-18,1,100,14.25,0.4533,477.3,P,P
IMG-SENSOR-003,W02,-5,-18,1,100,12.28,0.4539,472.5,P,P
IMG-SENSOR-003,W02,-4,-18,1,100,14.26,0.4628,461.2,P,P
IMG-SENSOR-003,W02,-3,-18,1,100,13.67,0.4347,452.6,P,P
IMG-SENSOR-003,W02,-2,-18,1,100,10.91,0.4288,468.1,P,P
IMG-SENSOR-003,W02,-1,-18,1,100,15.34,0.4518,449.5,P,P
IMG-SENSOR-003,W02,0,-18,1,100,10.73,0.4570,486.6,P,P
IMG-SENSOR-003,W02,1,-18,1,100,14.01,0.4782,478.9,P,P
IMG-SENSOR-003,W02,2,-18,1,100,15.83,0.4725,456.8,P,P
IMG-SENSOR-003,W02,3,-18,1,100,12.24,0.4848,487.1,P,P
IMG-SENSOR-003,W02,4,-18,1,100,14.13,0.4495,477.2,P,P
IMG-SENSOR-003,W02,5,-18,1,100,11.03,0.4539,513.0,P,P
IMG-SENSOR-003,W02,6,-18,1,100,11.12,0.4741,474.8,P,P
IMG-SENSOR-003,W02,7,-18,1,100,13.89,0.4897,489.3,P,P
IMG-SENSOR-003,W02,8,-18,1,100,10.48,0.4778,504.3,P,P
IMG-SENSOR-003,W02,9,-18,1,100,12.51,0.5066,488.2,F,P
IMG-SENSOR-003,W02,10,-18,1,100,12.82,0.4779,484.0,P,P
IMG-SENSOR-003,W02,11,-18,1,100,14.87,0.4787,470.3,P,P
IMG-SENSOR-003,W02,-11,-17,1,100,14.53,0.4372,487.8,P,P
IMG-SENSOR-003,W02,-10,-17,1,100,9.74,0.4351,488.9,P,P
IMG-SENSOR-003,W02,-9,-17,1,100,11.02,0.4379,469.5,P,P
IMG-SENSOR-003,W02,-8,-17,1,100,13.09,0.4369,509.8,P,P
IMG-SENSOR-003,W02,-7,-17,1,100,12.05,0.4681,464.7,P,P
IMG-SENSOR-003,W02,-6,-17,1,100,12.53,0.4497,476.8,P,P
IMG-SENSOR-003,W02,-5,-17,1,100,13.73,0.4425,483.5,P,P
IMG-SENSOR-003,W02,-4,-17,1,100,12.35,0.4516,480.7,P,P
IMG-SENSOR-003,W02,-3,-17,1,100,13.08,0.4774,470.5,P,P
IMG-SENSOR-003,W02,-2,-17,1,100,12.27,0.4672,493.5,P,P
IMG-SENSOR-003,W02,-1,-17,1,100,13.16,0.4578,460.3,P,P
IMG-SENSOR-003,W02,0,-17,1,100,12.65,0.4479,486.4,P,P
IMG-SENSOR-003,W02,1,-17,1,100,10.03,0.4687,483.6,P,P
IMG-SENSOR-003,W02,2,-17,1,100,7.86,0.4433,492.9,P,P
IMG-SENSOR-003,W02,3,-17,1,100,10.08,0.4821,474.1,P,P
IMG-SENSOR-003,W02,4,-17,1,100,14.80,0.4758,462.7,P,P
IMG-SENSOR-003,W02,5,-17,1,100,8.72,0.4623,492.8,P,P
IMG-SENSOR-003,W02,6,-17,1,100,14.92,0.4758,498.3,P,P
IMG-SENSOR-003,W02,7,-17,1,100,10.34,0.4491,509.3,P,P
IMG-SENSOR-003,W02,8,-17,1,100,7.74,0.4606,489.5,P,P
IMG-SENSOR-003,W02,9,-17,1,100,15.39,0.4837,464.3,P,P
IMG-SENSOR-003,W02,10,-17,1,100,9.05,0.4738,479.6,P,P
IMG-SENSOR-003,W02,11,-17,1,100,11.67,0.4785,496.9,P,P
IMG-SENSOR-003,W02,-11,-16,1,100,12.99,0.4526,445.0,P,P
IMG-SENSOR-003,W02,-10,-16,1,100,10.97,0.4390,484.6,P,P
IMG-SENSOR-003,W02,-9,-16,1,100,8.31,0.4636,452.7,P,P
IMG-SENSOR-003,W02,-8,-16,1,100,8.29,0.4787,491.1,P,P
IMG-SENSOR-003,W02,-7,-16,1,100,8.38,0.4309,469.3,P,P
IMG-SENSOR-003,W02,-6,-16,1,100,12.14,0.4695,489.3,P,P
IMG-SENSOR-003,W02,-5,-16,1,100,15.35,0.4588,466.9,P,P
IMG-SENSOR-003,W02,-4,-16,1,100,12.63,0.4629,468.8,P,P
IMG-SENSOR-003,W02,-3,-16,1,100,8.28,0.4809,505.0,P,P
IMG-SENSOR-003,W02,-2,-16,1,100,12.64,0.4432,463.2,P,P
IMG-SENSOR-003,W02,-1,-16,1,100,13.28,0.4190,470.7,P,P
IMG-SENSOR-003,W02,0,-16,1,100,12.27,0.4775,470.7,P,P
IMG-SENSOR-003,W02,1,-16,1,100,11.30,0.4642,465.4,P,P
IMG-SENSOR-003,W02,2,-16,1,100,11.85,0.4830,486.2,P,P
IMG-SENSOR-003,W02,3,-16,1,100,14.53,0.4417,478.6,P,P
IMG-SENSOR-003,W02,4,-16,1,100,12.66,0.4883,463.6,P,P
IMG-SENSOR-003,W02,5,-16,1,100,14.55,0.4788,488.5,P,P
IMG-SENSOR-003,W02,6,-16,1,100,9.95,0.4570,481.4,P,P
IMG-SENSOR-003,W02,7,-16,1,100,10.61,0.4784,465.9,P,P
IMG-SENSOR-003,W02,8,-16,1,100,10.62,0.4721,498.5,P,P
IMG-SENSOR-003,W02,9,-16,1,100,13.50,0.4654,457.2,P,P
IMG-SENSOR-003,W02,10,-16,1,100,12.95,0.5092,476.1,P,P
IMG-SENSOR-003,W02,11,-16,1,100,12.47,0.4953,502.5,P,P
IMG-SENSOR-003,W02,-11,-15,1,100,12.85,0.4394,490.6,P,P
IMG-SENSOR-003,W02,-10,-15,1,100,11.43,0.4735,454.3,P,P
IMG-SENSOR-003,W02,-9,-15,1,100,12.93,0.4304,483.0,P,P
IMG-SENSOR-003,W02,-8,-15,1,100,11.07,0.4581,482.1,P,P
IMG-SENSOR-003,W02,-7,-15,1,100,8.28,0.4563,500.0,P,P
IMG-SENSOR-003,W02,-6,-15,1,100,13.83,0.4556,486.1,P,P
IMG-SENSOR-003,W02,-5,-15,1,100,10.95,0.4842,504.2,P,P
IMG-SENSOR-003,W02,-4,-15,1,100,12.17,0.4614,454.1,P,P
IMG-SENSOR-003,W02,-3,-15,1,100,11.24,0.4708,459.8,P,P
IMG-SENSOR-003,W02,-2,-15,1,100,10.07,0.4456,495.4,P,P
IMG-SENSOR-003,W02,-1,-15,1,100,13.50,0.4752,466.7,P,P
IMG-SENSOR-003,W02,0,-15,2,401,41.36,0.5980,396.5,P,P
IMG-SENSOR-003,W02,1,-15,1,100,13.22,0.4781,494.4,P,P
IMG-SENSOR-003,W02,2,-15,1,100,13.59,0.4765,474.7,P,P
IMG-SENSOR-003,W02,3,-15,1,100,9.83,0.4647,491.9,P,P
IMG-SENSOR-003,W02,4,-15,1,100,12.50,0.4732,485.6,P,P
IMG-SENSOR-003,W02,5,-15,1,100,14.60,0.4768,514.0,P,P
IMG-SENSOR-003,W02,6,-15,1,100,13.26,0.4543,455.8,P,P
IMG-SENSOR-003,W02,7,-15,1,100,8.95,0.4620,493.2,P,P
IMG-SENSOR-003,W02,8,-15,2,202,44.41,0.6268,315.3,P,F
IMG-SENSOR-003,W02,9,-15,1,100,13.29,0.4765,465.8,P,P
IMG-SENSOR-003,W02,10,-15,1,100,15.64,0.4717,495.0,P,P
IMG-SENSOR-003,W02,11,-15,1,100,14.32,0.4755,456.7,P,P
IMG-SENSOR-003,W02,-11,-14,1,100,11.94,0.4325,469.3,P,P
IMG-SENSOR-003,W02,-10,-14,1,100,11.55,0.4468,464.1,P,P
IMG-SENSOR-003,W02,-9,-14,1,100,13.05,0.4588,482.7,P,P
IMG-SENSOR-003,W02,-8,-14,1,100,12.01,0.4357,476.4,P,P
IMG-SENSOR-003,W02,-7,-14,1,100,13.08,0.4311,499.4,P,P
IMG-SENSOR-003,W02,-6,-14,1,100,14.60,0.4258,486.5,P,P
IMG-SENSOR-003,W02,-5,-14,1,100,14.52,0.4253,438.3,P,P
IMG-SENSOR-003,W02,-4,-14,1,100,12.51,0.4627,488.1,P,P
IMG-SENSOR-003,W02,-3,-14,1,100,11.23,0.4712,464.8,P,P
IMG-SENSOR-003,W02,-2,-14,1,100,15.46,0.4553,470.8,P,P
IMG-SENSOR-003,W02,-1,-14,1,100,10.88,0.4928,477.2,P,P
IMG-SENSOR-003,W02,0,-14,1,100,11.19,0.4713,524.2,P,P
IMG-SENSOR-003,W02,1,-14,1,100,14.22,0.4774,466.6,P,P
IMG-SENSOR-003,W02,2,-14,1,100,12.15,0.4686,474.1,P,P
IMG-SENSOR-003,W02,3,-14,1,100,11.92,0.4649,507.3,P,P
IMG-SENSOR-003,W02,4,-14,1,100,11.26,0.4870,479.7,P,P
IMG-SENSOR-003,W02,5,-14,1,100,12.44,0.4873,452.1,P,P
IMG-SENSOR-003,W02,6,-14,1,100,13.06,0.4638,490.9,P,P
IMG-SENSOR-003,W02,7,-14,1,100,12.37,0.4587,461.3,P,P
IMG-SENSOR-003,W02,8,-14,1,100,10.91,0.4802,486.0,P,P
IMG-SENSOR-003,W02,9,-14,1,100,11.79,0.4901,466.0,P,P
IMG-SENSOR-003,W02,10,-14,1,100,10.43,0.4818,478.5,P,P
IMG-SENSOR-003,W02,11,-14,1,100,11.55,0.5187,500.8,P,P
IMG-SENSOR-003,W02,-11,-13,1,100,14.00,0.4691,510.8,P,P
IMG-SENSOR-003,W02,-10,-13,1,100,12.43,0.4363,458.4,P,P
IMG-SENSOR-003,W02,-9,-13,1,100,11.36,0.4379,447.0,P,P
IMG-SENSOR-003,W02,-8,-13,1,100,13.54,0.4443,483.2,P,P
IMG-SENSOR-003,W02,-7,-13,1,100,10.30,0.4680,470.4,P,P
IMG-SENSOR-003,W02,-6,-13,1,100,17.06,0.4676,471.7,P,P
IMG-SENSOR-003,W02,-5,-13,1,100,14.70,0.4824,510.9,P,P
IMG-SENSOR-003,W02,-4,-13,2,301,42.55,0.6232,281.9,F,P
IMG-SENSOR-003,W02,-3,-13,1,100,10.03,0.4414,479.6,P,P
IMG-SENSOR-003,W02,-2,-13,1,100,12.44,0.4611,479.0,P,P
IMG-SENSOR-003,W02,-1,-13,1,100,10.19,0.4424,458.6,P,P
IMG-SENSOR-003,W02,0,-13,1,100,13.59,0.4846,488.6,P,P
IMG-SENSOR-003,W02,1,-13,1,100,10.93,0.4703,480.3,P,P
IMG-SENSOR-003,W02,2,-13,1,100,11.09,0.4489,494.2,P,P
IMG-SENSOR-003,W02,3,-13,1,100,10.84,0.4916,523.5,P,P
IMG-SENSOR-003,W02,4,-13,1,100,17.01,0.4722,465.2,P,P
IMG-SENSOR-003,W02,5,-13,1,100,9.59,0.4928,459.0,P,P
IMG-SENSOR-003,W02,6,-13,1,100,11.54,0.5168,479.0,P,P
IMG-SENSOR-003,W02,7,-13,1,100,12.99,0.4709,489.2,P,P
IMG-SENSOR-003,W02,8,-13,1,100,10.91,0.4848,466.7,P,P
IMG-SENSOR-003,W02,9,-13,1,100,10.91,0.4835,478.4,P,P
IMG-SENSOR-003,W02,10,-13,1,100,10.06,0.4896,465.6,P,P
IMG-SENSOR-003,W02,11,-13,1,100,9.96,0.4956,471.4,P,P
IMG-SENSOR-003,W02,-11,-12,1,100,11.40,0.4445,501.2,P,P
IMG-SENSOR-003,W02,-10,-12,1,100,14.01,0.4671,485.3,P,P
IMG-SENSOR-003,W02,-9,-12,1,100,13.24,0.4322,463.3,P,P
IMG-SENSOR-003,W02,-8,-12,1,100,13.20,0.4653,523.5,P,P
IMG-SENSOR-003,W02,-7,-12,2,201,39.78,0.5919,286.0,P,P
IMG-SENSOR-003,W02,-6,-12,1,100,13.05,0.4432,497.6,P,P
IMG-SENSOR-003,W02,-5,-12,1,100,13.44,0.4356,470.8,P,P
IMG-SENSOR-003,W02,-4,-12,1,100,11.83,0.4787,494.5,P,P
IMG-SENSOR-003,W02,-3,-12,1,100,15.71,0.4584,503.8,P,P
IMG-SENSOR-003,W02,-2,-12,1,100,9.56,0.4395,485.1,P,P
IMG-SENSOR-003,W02,-1,-12,1,100,11.47,0.4711,450.2,P,P
IMG-SENSOR-003,W02,0,-12,1,100,15.40,0.4839,470.1,P,P
IMG-SENSOR-003,W02,1,-12,1,100,11.53,0.4880,488.2,P,P
IMG-SENSOR-003,W02,2,-12,1,100,10.94,0.4701,492.2,P,P
IMG-SENSOR-003,W02,3,-12,1,100,11.73,0.4764,467.5,P,P
IMG-SENSOR-003,W02,4,-12,1,100,11.79,0.4530,473.0,P,P
IMG-SENSOR-003,W02,5,-12,1,100,14.06,0.4928,461.4,P,P
IMG-SENSOR-003,W02,6,-12,1,100,11.01,0.4713,468.1,P,P
IMG-SENSOR-003,W02,7,-12,1,100,13.63,0.4743,499.2,P,P
IMG-SENSOR-003,W02,8,-12,1,100,12.94,0.5010,489.7,P,P
IMG-SENSOR-003,W02,9,-12,1,100,12.47,0.4860,470.9,P,P
IMG-SENSOR-003,W02,10,-12,1,100,12.40,0.4996,490.5,P,P
IMG-SENSOR-003,W02,11,-12,1,100,12.08,0.4960,489.1,P,P
IMG-SENSOR-003,W02,-11,-11,1,100,13.07,0.4401,508.4,P,P
IMG-SENSOR-003,W02,-10,-11,1,100,14.06,0.4245,489.9,P,P
IMG-SENSOR-003,W02,-9,-11,1,100,12.48,0.4234,452.2,P,P
IMG-SENSOR-003,W02,-8,-11,1,100,11.23,0.4562,469.6,P,P
IMG-SENSOR-003,W02,-7,-11,1,100,13.66,0.4510,490.0,P,P
IMG-SENSOR-003,W02,-6,-11,1,100,10.73,0.4636,499.0,P,P
IMG-SENSOR-003,W02,-5,-11,1,100,10.53,0.4697,478.7,P,P
IMG-SENSOR-003,W02,-4,-11,1,100,11.50,0.4741,491.8,P,P
IMG-SENSOR-003,W02,-3,-11,1,100,12.65,0.4893,528.2,P,P
IMG-SENSOR-003,W02,-2,-11,1,100,10.87,0.4810,510.8,P,P
IMG-SENSOR-003,W02,-1,-11,1,100,11.54,0.4805,478.1,P,P
IMG-SENSOR-003,W02,0,-11,1,100,13.71,0.4694,500.9,P,P
IMG-SENSOR-003,W02,1,-11,1,100,11.13,0.4679,467.6,P,P
IMG-SENSOR-003,W02,2,-11,2,401,56.98,0.6077,317.9,P,P
IMG-SENSOR-003,W02,3,-11,1,100,13.39,0.5020,476.1,P,P
IMG-SENSOR-003,W02,4,-11,1,100,10.82,0.4889,483.5,P,P
IMG-SENSOR-003,W02,5,-11,1,100,11.53,0.4748,488.0,P,P
IMG-SENSOR-003,W02,6,-11,1,100,14.23,0.5113,491.9,P,P
IMG-SENSOR-003,W02,7,-11,1,100,9.48,0.4935,474.6,P,P
IMG-SENSOR-003,W02,8,-11,1,100,12.45,0.4551,481.5,P,P
IMG-SENSOR-003,W02,9,-11,1,100,11.88,0.5174,472.3,P,P
IMG-SENSOR-003,W02,10,-11,1,100,9.10,0.4716,498.5,P,P
IMG-SENSOR-003,W02,11,-11,1,100,12.54,0.4691,444.6,P,P
IMG-SENSOR-003,W02,-11,-10,1,100,10.70,0.4499,521.2,P,P
IMG-SENSOR-003,W02,-10,-10,1,100,11.95,0.4641,468.0,P,P
IMG-SENSOR-003,W02,-9,-10,1,100,12.77,0.4606,464.4,P,P
IMG-SENSOR-003,W02,-8,-10,1,100,11.83,0.4266,476.4,P,P
IMG-SENSOR-003,W02,-7,-10,1,100,15.72,0.4444,487.3,P,P
IMG-SENSOR-003,W02,-6,-10,1,100,16.10,0.4684,490.4,P,P
IMG-SENSOR-003,W02,-5,-10,1,100,10.78,0.4849,491.6,P,P
IMG-SENSOR-003,W02,-4,-10,1,100,11.53,0.4737,468.9,P,P
IMG-SENSOR-003,W02,-3,-10,1,100,11.69,0.4826,481.5,P,P
IMG-SENSOR-003,W02,-2,-10,1,100,11.49,0.4853,484.0,P,P
IMG-SENSOR-003,W02,-1,-10,1,100,12.28,0.4640,481.2,P,P
IMG-SENSOR-003,W02,0,-10,1,100,13.68,0.4943,453.7,P,P
IMG-SENSOR-003,W02,1,-10,1,100,12.00,0.4710,524.6,P,P
IMG-SENSOR-003,W02,2,-10,1,100,9.36,0.4691,457.9,P,P
IMG-SENSOR-003,W02,3,-10,1,100,12.28,0.4846,450.4,P,P
IMG-SENSOR-003,W02,4,-10,1,100,13.60,0.4779,433.6,P,P
IMG-SENSOR-003,W02,5,-10,1,100,12.15,0.4813,465.4,P,P
IMG-SENSOR-003,W02,6,-10,1,100,11.84,0.4776,492.3,P,P
IMG-SENSOR-003,W02,7,-10,1,100,10.98,0.4636,502.2,P,P
IMG-SENSOR-003,W02,8,-10,1,100,11.71,0.5024,478.5,P,P
IMG-SENSOR-003,W02,9,-10,1,100,12.99,0.5054,468.1,P,P
IMG-SENSOR-003,W02,10,-10,1,100,12.32,0.4828,449.7,P,P
IMG-SENSOR-003,W02,11,-10,1,100,12.99,0.5050,472.3,P,P
IMG-SENSOR-003,W02,-11,-9,1,100,13.21,0.4567,491.4,P,P
IMG-SENSOR-003,W02,-10,-9,1,100,11.02,0.4429,522.0,P,P
IMG-SENSOR-003,W02,-9,-9,1,100,10.29,0.4467,489.4,P,P
IMG-SENSOR-003,W02,-8,-9,1,100,12.07,0.4523,487.8,P,P
IMG-SENSOR-003,W02,-7,-9,1,100,11.08,0.4593,461.1,P,P
IMG-SENSOR-003,W02,-6,-9,3,202,48.32,0.5904,388.4,P,P
IMG-SENSOR-003,W02,-5,-9,1,100,14.00,0.4703,487.4,P,P
IMG-SENSOR-003,W02,-4,-9,1,100,12.35,0.4886,510.0,P,P
IMG-SENSOR-003,W02,-3,-9,1,100,14.31,0.4918,460.3,P,P
IMG-SENSOR-003,W02,-2,-9,4,302,54.11,0.5847,310.4,F,P
IMG-SENSOR-003,W02,-1,-9,1,100,8.26,0.4715,491.3,P,P
IMG-SENSOR-003,W02,0,-9,1,100,8.36,0.4576,474.8,P,P
IMG-SENSOR-003,W02,1,-9,1,100,9.91,0.4684,472.0,P,P
IMG-SENSOR-003,W02,2,-9,1,100,13.96,0.4753,512.5,P,P
IMG-SENSOR-003,W02,3,-9,1,100,15.09,0.4655,466.6,P,P
IMG-SENSOR-003,W02,4,-9,1,100,14.22,0.4882,454.3,P,P
IMG-SENSOR-003,W02,5,-9,1,100,13.12,0.4938,498.5,P,P
IMG-SENSOR-003,W02,6,-9,1,100,14.28,0.4880,478.3,P,P
IMG-SENSOR-003,W02,7,-9,1,100,11.89,0.4858,445.2,P,P
IMG-SENSOR-003,W02,8,-9,1,100,10.73,0.5053,479.9,P,P
IMG-SENSOR-003,W02,9,-9,1,100,14.86,0.5031,481.6,P,P
IMG-SENSOR-003,W02,10,-9,1,100,15.05,0.4983,486.2,P,P
IMG-SENSOR-003,W02,11,-9,1,100,9.78,0.5244,470.7,P,P
IMG-SENSOR-003,W02,-11,-8,1,100,11.37,0.4344,485.5,P,P
IMG-SENSOR-003,W02,-10,-8,1,100,10.67,0.4265,459.3,P,P
IMG-SENSOR-003,W02,-9,-8,1,100,8.86,0.4409,446.0,P,P
IMG-SENSOR-003,W02,-8,-8,1,100,10.93,0.4479,468.8,P,P
IMG-SENSOR-003,W02,-7,-8,1,100,6.79,0.4260,481.3,P,P
IMG-SENSOR-003,W02,-6,-8,1,100,11.10,0.4581,481.3,P,P
IMG-SENSOR-003,W02,-5,-8,1,100,12.12,0.4740,452.6,P,P
IMG-SENSOR-003,W02,-4,-8,1,100,12.35,0.4636,512.7,P,P
IMG-SENSOR-003,W02,-3,-8,1,100,11.31,0.4621,468.1,P,P
IMG-SENSOR-003,W02,-2,-8,1,100,11.59,0.4947,496.1,P,P
IMG-SENSOR-003,W02,-1,-8,1,100,11.61,0.4790,489.2,P,P
IMG-SENSOR-003,W02,0,-8,1,100,12.69,0.4877,474.7,P,P
IMG-SENSOR-003,W02,1,-8,1,100,12.67,0.4719,485.7,P,P
IMG-SENSOR-003,W02,2,-8,1,100,14.60,0.5026,491.9,P,P
IMG-SENSOR-003,W02,3,-8,1,100,14.26,0.4736,496.1,P,P
IMG-SENSOR-003,W02,4,-8,1,100,9.69,0.4843,489.4,P,P
IMG-SENSOR-003,W02,5,-8,1,100,12.46,0.4623,476.5,P,P
IMG-SENSOR-003,W02,6,-8,1,100,10.88,0.4674,492.5,P,P
IMG-SENSOR-003,W02,7,-8,1,100,15.02,0.5040,474.4,P,P
IMG-SENSOR-003,W02,8,-8,1,100,11.05,0.4989,490.1,P,P
IMG-SENSOR-003,W02,9,-8,1,100,12.61,0.4844,476.9,F,P
IMG-SENSOR-003,W02,10,-8,1,100,7.54,0.5288,501.9,P,P
IMG-SENSOR-003,W02,11,-8,1,100,16.75,0.5135,466.5,P,P
IMG-SENSOR-003,W02,-11,-7,1,100,12.41,0.4368,487.6,P,P
IMG-SENSOR-003,W02,-10,-7,1,100,12.55,0.4629,498.7,P,P
IMG-SENSOR-003,W02,-9,-7,1,100,13.24,0.4464,465.9,P,P
IMG-SENSOR-003,W02,-8,-7,1,100,11.17,0.4658,482.5,P,P
IMG-SENSOR-003,W02,-7,-7,1,100,15.02,0.4465,455.7,P,P
IMG-SENSOR-003,W02,-6,-7,1,100,13.89,0.4617,495.6,P,P
IMG-SENSOR-003,W02,-5,-7,1,100,15.05,0.4740,492.8,P,P
IMG-SENSOR-003,W02,-4,-7,1,100,12.99,0.4591,521.6,P,P
IMG-SENSOR-003,W02,-3,-7,2,201,40.12,0.6042,341.4,P,P
IMG-SENSOR-003,W02,-2,-7,3,401,37.77,0.5975,344.7,P,P
IMG-SENSOR-003,W02,-1,-7,4,201,50.04,0.6253,356.7,F,P
IMG-SENSOR-003,W02,0,-7,2,301,52.79,0.5866,285.3,P,P
IMG-SENSOR-003,W02,1,-7,1,100,11.51,0.4411,522.4,P,P
IMG-SENSOR-003,W02,2,-7,1,100,8.73,0.4598,512.4,P,P
IMG-SENSOR-003,W02,3,-7,1,100,10.92,0.4817,470.9,P,P
IMG-SENSOR-003,W02,4,-7,1,100,11.65,0.4799,488.2,P,P
IMG-SENSOR-003,W02,5,-7,1,100,15.67,0.4625,478.5,P,P
IMG-SENSOR-003,W02,6,-7,1,100,11.65,0.4883,451.5,P,P
IMG-SENSOR-003,W02,7,-7,1,100,12.05,0.5184,423.2,P,P
IMG-SENSOR-003,W02,8,-7,1,100,15.16,0.4893,534.6,P,P
IMG-SENSOR-003,W02,9,-7,1,100,12.46,0.4723,477.3,P,P
IMG-SENSOR-003,W02,10,-7,1,100,13.96,0.4991,509.1,P,P
IMG-SENSOR-003,W02,11,-7,1,100,12.39,0.4805,498.6,P,P
IMG-SENSOR-003,W02,-11,-6,1,100,13.44,0.4374,486.7,P,P
IMG-SENSOR-003,W02,-10,-6,1,100,10.98,0.4455,484.4,P,P
IMG-SENSOR-003,W02,-9,-6,1,100,12.65,0.4500,494.5,P,P
IMG-SENSOR-003,W02,-8,-6,1,100,11.92,0.4672,479.4,P,P
IMG-SENSOR-003,W02,-7,-6,1,100,15.05,0.4384,465.2,P,P
IMG-SENSOR-003,W02,-6,-6,1,100,10.27,0.4712,476.2,P,P
IMG-SENSOR-003,W02,-5,-6,1,100,8.50,0.4733,502.8,P,P
IMG-SENSOR-003,W02,-4,-6,1,100,13.51,0.4654,473.9,P,P
IMG-SENSOR-003,W02,-3,-6,1,100,13.07,0.4496,465.8,P,P
IMG-SENSOR-003,W02,-2,-6,3,201,41.60,0.6196,294.1,F,P
IMG-SENSOR-003,W02,-1,-6,2,302,43.27,0.6084,293.3,F,P
IMG-SENSOR-003,W02,0,-6,1,100,14.46,0.4921,466.3,P,P
IMG-SENSOR-003,W02,1,-6,1,100,13.49,0.4757,515.0,P,P
IMG-SENSOR-003,W02,2,-6,1,100,17.59,0.4916,478.0,P,P
IMG-SENSOR-003,W02,3,-6,1,100,12.94,0.4996,487.5,P,P
IMG-SENSOR-003,W02,4,-6,1,100,13.93,0.4962,485.0,P,P
IMG-SENSOR-003,W02,5,-6,1,100,11.96,0.4551,492.0,P,P
IMG-SENSOR-003,W02,6,-6,1,100,9.12,0.4619,480.8,P,P
IMG-SENSOR-003,W02,7,-6,1,100,12.14,0.4793,512.8,P,P
IMG-SENSOR-003,W02,8,-6,1,100,13.15,0.4793,482.5,P,P
IMG-SENSOR-003,W02,9,-6,1,100,17.10,0.4608,515.9,P,P
IMG-SENSOR-003,W02,10,-6,1,100,13.59,0.4734,474.2,P,P
IMG-SENSOR-003,W02,11,-6,1,100,10.62,0.5025,487.4,P,P
IMG-SENSOR-003,W02,-11,-5,1,100,9.47,0.4199,465.2,P,P
IMG-SENSOR-003,W02,-10,-5,1,100,13.21,0.4597,476.3,P,P
IMG-SENSOR-003,W02,-9,-5,1,100,13.44,0.4467,493.1,P,P
IMG-SENSOR-003,W02,-8,-5,1,100,13.77,0.4661,485.5,P,P
IMG-SENSOR-003,W02,-7,-5,1,100,14.19,0.4591,473.8,P,P
IMG-SENSOR-003,W02,-6,-5,1,100,10.84,0.4561,470.4,P,P
IMG-SENSOR-003,W02,-5,-5,1,100,14.48,0.4609,510.8,P,P
IMG-SENSOR-003,W02,-4,-5,1,100,9.35,0.4563,487.4,P,P
IMG-SENSOR-003,W02,-3,-5,1,100,12.32,0.4742,481.3,P,P
IMG-SENSOR-003,W02,-2,-5,3,301,44.41,0.5972,311.7,P,P
IMG-SENSOR-003,W02,-1,-5,1,100,15.30,0.4871,496.7,P,P
IMG-SENSOR-003,W02,0,-5,2,302,29.05,0.6259,271.3,P,P
IMG-SENSOR-003,W02,1,-5,1,100,14.51,0.4948,517.5,P,P
IMG-SENSOR-003,W02,2,-5,1,100,15.48,0.4839,502.7,P,P
IMG-SENSOR-003,W02,3,-5,1,100,17.76,0.4625,497.1,P,P
IMG-SENSOR-003,W02,4,-5,1,100,10.74,0.4677,479.4,P,P
IMG-SENSOR-003,W02,5,-5,3,201,62.11,0.6390,316.1,P,F
IMG-SENSOR-003,W02,6,-5,1,100,14.59,0.5056,486.2,P,P
IMG-SENSOR-003,W02,7,-5,1,100,14.50,0.4868,476.8,P,P
IMG-SENSOR-003,W02,8,-5,1,100,12.38,0.4747,476.4,P,P
IMG-SENSOR-003,W02,9,-5,1,100,14.00,0.4865,444.0,P,P
IMG-SENSOR-003,W02,10,-5,1,100,12.46,0.5013,470.7,P,P
IMG-SENSOR-003,W02,11,-5,1,100,13.00,0.4953,458.0,P,P
IMG-SENSOR-003,W02,-11,-4,1,100,12.69,0.4758,469.8,P,P
IMG-SENSOR-003,W02,-10,-4,1,100,14.91,0.4755,479.3,P,P
IMG-SENSOR-003,W02,-9,-4,1,100,12.15,0.4403,463.0,P,P
IMG-SENSOR-003,W02,-8,-4,1,100,9.02,0.4450,491.7,P,P
IMG-SENSOR-003,W02,-7,-4,1,100,14.26,0.4744,459.4,P,P
IMG-SENSOR-003,W02,-6,-4,2,301,49.32,0.6016,326.6,P,P
IMG-SENSOR-003,W02,-5,-4,1,100,12.01,0.4648,463.3,P,P
IMG-SENSOR-003,W02,-4,-4,1,100,11.81,0.4542,471.0,P,P
IMG-SENSOR-003,W02,-3,-4,1,100,12.25,0.4539,448.9,P,P
IMG-SENSOR-003,W02,-2,-4,1,100,11.53,0.4567,482.9,P,P
IMG-SENSOR-003,W02,-1,-4,1,100,12.78,0.4836,488.6,P,P
IMG-SENSOR-003,W02,0,-4,1,100,13.94,0.5004,459.8,P,P
IMG-SENSOR-003,W02,1,-4,1,100,13.38,0.4540,478.0,P,P
IMG-SENSOR-003,W02,2,-4,1,100,11.54,0.4811,478.6,P,P
IMG-SENSOR-003,W02,3,-4,1,100,14.53,0.4649,445.3,P,P
IMG-SENSOR-003,W02,4,-4,1,100,14.47,0.4648,498.4,P,P
IMG-SENSOR-003,W02,5,-4,2,301,26.88,0.6239,299.8,P,F
IMG-SENSOR-003,W02,6,-4,1,100,10.82,0.4638,441.3,P,P
IMG-SENSOR-003,W02,7,-4,1,100,11.43,0.5009,492.7,P,P
IMG-SENSOR-003,W02,8,-4,1,100,14.19,0.5257,491.0,P,P
IMG-SENSOR-003,W02,9,-4,1,100,15.21,0.4915,503.9,P,P
IMG-SENSOR-003,W02,10,-4,1,100,11.30,0.4585,497.9,P,P
IMG-SENSOR-003,W02,11,-4,1,100,13.01,0.5050,481.8,P,P
IMG-SENSOR-003,W02,-11,-3,1,100,11.65,0.4575,476.0,P,P
IMG-SENSOR-003,W02,-10,-3,1,100,11.70,0.4479,479.4,P,P
IMG-SENSOR-003,W02,-9,-3,1,100,12.14,0.4716,481.9,P,P
IMG-SENSOR-003,W02,-8,-3,1,100,12.17,0.4448,465.7,P,P
IMG-SENSOR-003,W02,-7,-3,1,100,14.66,0.4604,482.2,P,P
IMG-SENSOR-003,W02,-6,-3,1,100,13.99,0.4922,470.4,P,P
IMG-SENSOR-003,W02,-5,-3,1,100,12.26,0.4553,511.9,P,P
IMG-SENSOR-003,W02,-4,-3,1,100,13.99,0.4583,479.5,P,P
IMG-SENSOR-003,W02,-3,-3,1,100,14.38,0.4482,478.8,P,P
IMG-SENSOR-003,W02,-2,-3,1,100,12.80,0.4773,468.6,P,P
IMG-SENSOR-003,W02,-1,-3,1,100,11.35,0.4999,456.7,P,P
IMG-SENSOR-003,W02,0,-3,1,100,12.10,0.4911,490.4,P,P
IMG-SENSOR-003,W02,1,-3,1,100,10.89,0.4521,494.1,P,P
IMG-SENSOR-003,W02,2,-3,1,100,13.08,0.4792,496.5,P,P
IMG-SENSOR-003,W02,3,-3,1,100,12.40,0.4799,470.5,P,P
IMG-SENSOR-003,W02,4,-3,1,100,13.33,0.4848,485.2,P,P
IMG-SENSOR-003,W02,5,-3,1,100,11.43,0.4625,461.2,P,P
IMG-SENSOR-003,W02,6,-3,1,100,15.41,0.4557,501.8,P,P
IMG-SENSOR-003,W02,7,-3,1,100,12.03,0.4980,472.9,P,P
IMG-SENSOR-003,W02,8,-3,1,100,14.69,0.5103,489.0,P,P
IMG-SENSOR-003,W02,9,-3,1,100,9.90,0.5039,486.4,P,P
IMG-SENSOR-003,W02,10,-3,1,100,11.00,0.4486,455.9,P,P
IMG-SENSOR-003,W02,11,-3,3,302,47.51,0.6080,359.8,P,F
IMG-SENSOR-003,W02,-11,-2,1,100,17.89,0.4434,477.7,P,P
IMG-SENSOR-003,W02,-10,-2,1,100,11.16,0.4728,496.8,P,P
IMG-SENSOR-003,W02,-9,-2,1,100,14.21,0.4576,484.8,P,P
IMG-SENSOR-003,W02,-8,-2,1,100,12.09,0.4516,489.3,P,P
IMG-SENSOR-003,W02,-7,-2,1,100,11.94,0.4708,467.2,P,P
IMG-SENSOR-003,W02,-6,-2,1,100,10.50,0.4597,491.6,P,P
IMG-SENSOR-003,W02,-5,-2,1,100,8.03,0.4785,491.8,P,P
IMG-SENSOR-003,W02,-4,-2,4,302,46.04,0.6220,352.8,P,P
IMG-SENSOR-003,W02,-3,-2,1,100,11.65,0.4705,483.0,P,P
IMG-SENSOR-003,W02,-2,-2,1,100,11.91,0.5087,450.6,P,P
IMG-SENSOR-003,W02,-1,-2,1,100,12.30,0.4543,472.1,P,P
IMG-SENSOR-003,W02,0,-2,1,100,13.53,0.4724,457.7,P,P
IMG-SENSOR-003,W02,1,-2,1,100,13.97,0.4980,491.1,P,P
IMG-SENSOR-003,W02,2,-2,1,100,11.58,0.4835,461.1,P,P
IMG-SENSOR-003,W02,3,-2,1,100,14.32,0.4741,477.0,P,P
IMG-SENSOR-003,W02,4,-2,1,100,13.06,0.4772,491.9,P,P
IMG-SENSOR-003,W02,5,-2,1,100,11.77,0.4743,489.1,P,P
IMG-SENSOR-003,W02,6,-2,1,100,12.08,0.4838,459.0,P,P
IMG-SENSOR-003,W02,7,-2,1,100,13.12,0.4939,477.0,P,P
IMG-SENSOR-003,W02,8,-2,1,100,10.74,0.4986,485.2,P,P
IMG-SENSOR-003,W02,9,-2,1,100,8.69,0.5230,481.7,P,P
IMG-SENSOR-003,W02,10,-2,1,100,15.91,0.5448,477.5,P,P
IMG-SENSOR-003,W02,11,-2,1,100,15.31,0.5324,446.1,P,P
IMG-SENSOR-003,W02,-11,-1,1,100,14.69,0.4557,497.6,P,P
IMG-SENSOR-003,W02,-10,-1,1,100,15.80,0.4569,478.3,P,P
IMG-SENSOR-003,W02,-9,-1,1,100,13.36,0.4716,473.7,P,P
IMG-SENSOR-003,W02,-8,-1,1,100,12.66,0.4583,476.1,P,P
IMG-SENSOR-003,W02,-7,-1,1,100,10.26,0.4414,478.8,P,P
IMG-SENSOR-003,W02,-6,-1,1,100,12.84,0.4517,461.3,P,P
IMG-SENSOR-003,W02,-5,-1,1,100,13.94,0.4802,487.8,P,P
IMG-SENSOR-003,W02,-4,-1,1,100,11.43,0.4800,436.0,P,P
IMG-SENSOR-003,W02,-3,-1,1,100,13.45,0.4867,493.8,P,P
IMG-SENSOR-003,W02,-2,-1,1,100,11.27,0.4724,505.9,P,P
IMG-SENSOR-003,W02,-1,-1,1,100,12.63,0.5155,463.3,P,P
IMG-SENSOR-003,W02,0,-1,1,100,13.11,0.4948,463.9,P,P
IMG-SENSOR-003,W02,1,-1,1,100,14.08,0.4796,508.4,P,P
IMG-SENSOR-003,W02,2,-1,1,100,10.17,0.4687,496.4,P,P
IMG-SENSOR-003,W02,3,-1,2,401,25.09,0.6087,302.3,P,F
IMG-SENSOR-003,W02,4,-1,1,100,14.62,0.5223,491.5,P,P
IMG-SENSOR-003,W02,5,-1,1,100,14.12,0.5005,447.5,P,P
IMG-SENSOR-003,W02,6,-1,1,100,14.24,0.4849,499.5,P,P
IMG-SENSOR-003,W02,7,-1,1,100,10.17,0.4641,508.4,P,P
IMG-SENSOR-003,W02,8,-1,1,100,13.01,0.4803,495.8,P,P
IMG-SENSOR-003,W02,9,-1,1,100,15.39,0.5045,479.1,P,P
IMG-SENSOR-003,W02,10,-1,1,100,12.55,0.5186,451.8,P,P
IMG-SENSOR-003,W02,11,-1,1,100,12.36,0.4819,493.6,P,P
IMG-SENSOR-003,W02,-11,0,1,100,9.65,0.4648,476.9,P,P
IMG-SENSOR-003,W02,-10,0,1,100,13.33,0.4778,467.8,P,P
IMG-SENSOR-003,W02,-9,0,1,100,13.46,0.4423,472.3,P,P
IMG-SENSOR-003,W02,-8,0,1,100,13.25,0.4586,477.7,P,P
IMG-SENSOR-003,W02,-7,0,1,100,13.21,0.4429,464.6,P,P
IMG-SENSOR-003,W02,-6,0,1,100,11.85,0.4477,503.6,P,P
IMG-SENSOR-003,W02,-5,0,1,100,9.93,0.4672,448.1,P,P
IMG-SENSOR-003,W02,-4,0,1,100,13.59,0.4683,482.9,P,P
IMG-SENSOR-003,W02,-3,0,1,100,15.43,0.4726,475.8,P,P
IMG-SENSOR-003,W02,-2,0,1,100,12.99,0.4928,465.7,P,P
IMG-SENSOR-003,W02,-1,0,1,100,12.20,0.4716,525.4,P,P
IMG-SENSOR-003,W02,0,0,1,100,16.75,0.4724,479.0,P,P
IMG-SENSOR-003,W02,1,0,1,100,12.24,0.4763,487.6,P,P
IMG-SENSOR-003,W02,2,0,1,100,14.47,0.4601,467.6,P,P
IMG-SENSOR-003,W02,3,0,1,100,14.59,0.4885,550.7,P,P
IMG-SENSOR-003,W02,4,0,1,100,13.61,0.4883,494.0,P,P
IMG-SENSOR-003,W02,5,0,1,100,16.04,0.4748,445.8,P,P
IMG-SENSOR-003,W02,6,0,1,100,10.20,0.4982,477.0,P,P
IMG-SENSOR-003,W02,7,0,1,100,16.44,0.4973,466.1,P,P
IMG-SENSOR-003,W02,8,0,1,100,12.10,0.4829,446.7,P,P
IMG-SENSOR-003,W02,9,0,1,100,13.98,0.5196,493.4,P,P
IMG-SENSOR-003,W02,10,0,1,100,13.00,0.5178,508.0,P,P
IMG-SENSOR-003,W02,11,0,1,100,13.60,0.5046,515.6,P,P
IMG-SENSOR-003,W02,-11,1,1,100,15.17,0.4747,476.8,P,P
IMG-SENSOR-003,W02,-10,1,1,100,13.30,0.4471,437.0,P,P
IMG-SENSOR-003,W02,-9,1,1,100,14.80,0.4907,484.7,P,P
IMG-SENSOR-003,W02,-8,1,1,100,14.69,0.4808,443.0,P,P
IMG-SENSOR-003,W02,-7,1,1,100,11.90,0.4902,479.6,P,P
IMG-SENSOR-003,W02,-6,1,1,100,13.96,0.4714,449.1,P,P
IMG-SENSOR-003,W02,-5,1,1,100,14.32,0.4689,504.1,P,P
IMG-SENSOR-003,W02,-4,1,1,100,12.22,0.4929,475.7,P,P
IMG-SENSOR-003,W02,-3,1,1,100,13.93,0.4679,452.5,P,P
IMG-SENSOR-003,W02,-2,1,1,100,11.62,0.4837,459.8,P,P
IMG-SENSOR-003,W02,-1,1,1,100,11.26,0.4928,458.0,P,P
IMG-SENSOR-003,W02,0,1,1,100,13.38,0.4826,499.1,P,P
IMG-SENSOR-003,W02,1,1,1,100,14.10,0.4882,473.2,P,P
IMG-SENSOR-003,W02,2,1,4,201,53.08,0.6458,364.4,F,F
IMG-SENSOR-003,W02,3,1,1,100,12.17,0.5008,506.8,P,P
IMG-SENSOR-003,W02,4,1,1,100,10.13,0.4968,467.2,P,P
IMG-SENSOR-003,W02,5,1,1,100,14.34,0.4832,451.1,P,P
IMG-SENSOR-003,W02,6,1,1,100,12.23,0.4876,485.4,P,P
IMG-SENSOR-003,W02,7,1,1,100,13.49,0.4822,506.1,P,P
IMG-SENSOR-003,W02,8,1,1,100,12.87,0.5300,480.1,P,P
IMG-SENSOR-003,W02,9,1,1,100,12.31,0.5147,465.9,P,P
IMG-SENSOR-003,W02,10,1,1,100,11.77,0.5011,453.2,P,P
IMG-SENSOR-003,W02,11,1,1,100,13.94,0.4914,483.3,P,P
IMG-SENSOR-003,W02,-11,2,1,100,15.18,0.4775,491.5,P,P
IMG-SENSOR-003,W02,-10,2,1,100,12.04,0.4688,478.5,P,P
IMG-SENSOR-003,W02,-9,2,1,100,11.09,0.5002,480.6,P,P
IMG-SENSOR-003,W02,-8,2,1,100,11.27,0.4642,470.0,P,P
IMG-SENSOR-003,W02,-7,2,1,100,11.82,0.4851,486.2,P,P
IMG-SENSOR-003,W02,-6,2,1,100,11.31,0.4594,495.2,P,P
IMG-SENSOR-003,W02,-5,2,1,100,12.56,0.4622,448.9,P,P
IMG-SENSOR-003,W02,-4,2,1,100,13.48,0.5004,477.9,P,P
IMG-SENSOR-003,W02,-3,2,1,100,14.18,0.4939,467.0,P,P
IMG-SENSOR-003,W02,-2,2,1,100,11.79,0.4686,466.7,P,P
IMG-SENSOR-003,W02,-1,2,1,100,15.22,0.4949,454.5,P,P
IMG-SENSOR-003,W02,0,2,1,100,11.93,0.5059,483.2,P,P
IMG-SENSOR-003,W02,1,2,1,100,15.56,0.4603,481.0,P,P
IMG-SENSOR-003,W02,2,2,1,100,13.96,0.4648,476.4,P,P
IMG-SENSOR-003,W02,3,2,1,100,15.01,0.5094,513.9,P,P
IMG-SENSOR-003,W02,4,2,1,100,13.06,0.5041,491.8,P,P
IMG-SENSOR-003,W02,5,2,1,100,11.65,0.4986,509.9,P,P
IMG-SENSOR-003,W02,6,2,1,100,13.96,0.4996,498.4,P,P
IMG-SENSOR-003,W02,7,2,1,100,10.61,0.4837,468.1,P,P
IMG-SENSOR-003,W02,8,2,1,100,10.42,0.4617,471.9,P,P
IMG-SENSOR-003,W02,9,2,1,100,10.62,0.4971,477.3,P,P
IMG-SENSOR-003,W02,10,2,1,100,14.49,0.4909,482.7,P,P
IMG-SENSOR-003,W02,11,2,1,100,9.90,0.4919,492.7,P,P
IMG-SENSOR-003,W02,-11,3,1,100,11.98,0.4482,448.0,P,P
IMG-SENSOR-003,W02,-10,3,4,301,50.53,0.5928,282.1,P,P
IMG-SENSOR-003,W02,-9,3,1,100,11.20,0.4575,492.8,P,P
IMG-SENSOR-003,W02,-8,3,1,100,15.20,0.4403,514.2,P,P
IMG-SENSOR-003,W02,-7,3,1,100,14.38,0.4661,459.5,P,P
IMG-SENSOR-003,W02,-6,3,1,100,12.91,0.4560,488.1,P,P
IMG-SENSOR-003,W02,-5,3,1,100,12.81,0.4689,494.6,P,P
IMG-SENSOR-003,W02,-4,3,1,100,13.84,0.4680,484.8,P,P
IMG-SENSOR-003,W02,-3,3,1,100,10.31,0.4685,502.0,P,P
IMG-SENSOR-003,W02,-2,3,1,100,11.65,0.4929,516.2,P,P
IMG-SENSOR-003,W02,-1,3,1,100,8.34,0.4974,490.1,P,P
IMG-SENSOR-003,W02,0,3,1,100,11.82,0.5037,474.9,P,P
IMG-SENSOR-003,W02,1,3,1,100,11.78,0.5052,498.2,P,P
IMG-SENSOR-003,W02,2,3,1,100,10.51,0.5250,479.7,P,P
IMG-SENSOR-003,W02,3,3,1,100,13.13,0.4935,449.8,P,P
IMG-SENSOR-003,W02,4,3,1,100,10.56,0.4747,475.1,P,P
IMG-SENSOR-003,W02,5,3,1,100,9.67,0.4919,475.2,P,P
IMG-SENSOR-003,W02,6,3,1,100,15.11,0.4775,459.9,P,P
IMG-SENSOR-003,W02,7,3,1,100,10.20,0.5153,518.6,P,P
IMG-SENSOR-003,W02,8,3,1,100,10.77,0.5185,470.7,P,P
IMG-SENSOR-003,W02,9,3,1,100,13.76,0.5055,472.5,P,P
IMG-SENSOR-003,W02,10,3,1,100,9.62,0.4959,495.7,P,P
IMG-SENSOR-003,W02,11,3,1,100,11.26,0.5024,496.1,P,P
IMG-SENSOR-003,W02,-11,4,1,100,12.20,0.4505,493.3,P,P
IMG-SENSOR-003,W02,-10,4,1,100,11.14,0.4440,491.1,P,P
IMG-SENSOR-003,W02,-9,4,1,100,13.57,0.4822,480.4,P,P
IMG-SENSOR-003,W02,-8,4,1,100,13.43,0.4629,487.3,P,P
IMG-SENSOR-003,W02,-7,4,1,100,14.28,0.4790,476.8,P,P
IMG-SENSOR-003,W02,-6,4,1,100,12.27,0.4742,481.8,P,P
IMG-SENSOR-003,W02,-5,4,1,100,9.30,0.4511,459.3,P,P
IMG-SENSOR-003,W02,-4,4,1,100,11.21,0.4748,470.7,P,P
IMG-SENSOR-003,W02,-3,4,1,100,11.13,0.4685,471.4,P,P
IMG-SENSOR-003,W02,-2,4,1,100,12.50,0.4651,485.6,P,P
IMG-SENSOR-003,W02,-1,4,1,100,13.06,0.4572,488.9,P,P
IMG-SENSOR-003,W02,0,4,1,100,12.28,0.4623,487.2,P,P
IMG-SENSOR-003,W02,1,4,1,100,11.97,0.5052,466.1,P,P
IMG-SENSOR-003,W02,2,4,1,100,14.73,0.4805,463.0,P,P
IMG-SENSOR-003,W02,3,4,1,100,12.04,0.5166,485.2,P,P
IMG-SENSOR-003,W02,4,4,1,100,15.52,0.4976,464.7,P,P
IMG-SENSOR-003,W02,5,4,2,201,61.67,0.6431,240.3,P,F
IMG-SENSOR-003,W02,6,4,1,100,12.80,0.4976,477.4,P,P
IMG-SENSOR-003,W02,7,4,1,100,11.35,0.4662,505.4,P,P
IMG-SENSOR-003,W02,8,4,1,100,11.29,0.5095,457.7,P,P
IMG-SENSOR-003,W02,9,4,1,100,13.66,0.5189,518.5,P,P
IMG-SENSOR-003,W02,10,4,1,100,14.87,0.5062,474.4,F,P
IMG-SENSOR-003,W02,11,4,1,100,11.11,0.4753,468.3,P,P
IMG-SENSOR-003,W02,-11,5,1,100,11.84,0.4806,469.4,P,P
IMG-SENSOR-003,W02,-10,5,1,100,15.60,0.5299,467.6,P,P
IMG-SENSOR-003,W02,-9,5,1,100,11.69,0.4816,457.2,P,P
IMG-SENSOR-003,W02,-8,5,1,100,15.22,0.4343,492.9,P,P
IMG-SENSOR-003,W02,-7,5,1,100,8.49,0.4429,503.0,P,P
IMG-SENSOR-003,W02,-6,5,1,100,11.23,0.4555,459.7,P,P
IMG-SENSOR-003,W02,-5,5,1,100,14.04,0.4698,466.2,P,P
IMG-SENSOR-003,W02,-4,5,1,100,12.28,0.4563,487.3,P,P
IMG-SENSOR-003,W02,-3,5,1,100,11.39,0.4767,489.3,P,P
IMG-SENSOR-003,W02,-2,5,2,302,55.59,0.6374,361.4,P,F
IMG-SENSOR-003,W02,-1,5,1,100,12.28,0.4715,471.3,P,P
IMG-SENSOR-003,W02,0,5,1,100,10.83,0.4512,471.5,P,P
IMG-SENSOR-003,W02,1,5,1,100,11.31,0.4964,476.1,P,P
IMG-SENSOR-003,W02,2,5,1,100,14.65,0.5029,462.8,P,P
IMG-SENSOR-003,W02,3,5,1,100,12.49,0.4868,446.4,P,P
IMG-SENSOR-003,W02,4,5,1,100,13.48,0.4507,490.1,P,P
IMG-SENSOR-003,W02,5,5,1,100,14.47,0.5217,483.5,P,P
IMG-SENSOR-003,W02,6,5,1,100,12.06,0.5026,464.9,P,P
IMG-SENSOR-003,W02,7,5,1,100,14.23,0.5091,484.5,P,P
IMG-SENSOR-003,W02,8,5,2,302,54.12,0.6375,416.6,P,F
IMG-SENSOR-003,W02,9,5,1,100,13.01,0.4961,469.0,P,P
IMG-SENSOR-003,W02,10,5,1,100,12.61,0.5210,478.5,P,P
IMG-SENSOR-003,W02,11,5,1,100,17.52,0.4912,489.6,P,P
IMG-SENSOR-003,W02,-11,6,1,100,10.80,0.4629,452.8,P,P
IMG-SENSOR-003,W02,-10,6,1,100,12.82,0.4737,472.7,P,P
IMG-SENSOR-003,W02,-9,6,1,100,12.18,0.4663,496.0,P,P
IMG-SENSOR-003,W02,-8,6,1,100,14.92,0.4689,461.1,P,P
IMG-SENSOR-003,W02,-7,6,1,100,11.42,0.4704,488.2,P,P
IMG-SENSOR-003,W02,-6,6,1,100,12.74,0.4803,492.2,P,P
IMG-SENSOR-003,W02,-5,6,1,100,13.13,0.4797,480.7,P,P
IMG-SENSOR-003,W02,-4,6,1,100,12.61,0.4750,471.2,P,P
IMG-SENSOR-003,W02,-3,6,1,100,10.34,0.4771,487.1,P,P
IMG-SENSOR-003,W02,-2,6,1,100,12.87,0.4753,464.4,P,P
IMG-SENSOR-003,W02,-1,6,1,100,8.12,0.4759,457.7,P,P
IMG-SENSOR-003,W02,0,6,1,100,16.85,0.4870,468.1,P,P
IMG-SENSOR-003,W02,1,6,1,100,12.01,0.4776,485.1,P,P
IMG-SENSOR-003,W02,2,6,1,100,13.18,0.5022,474.5,P,P
IMG-SENSOR-003,W02,3,6,1,100,10.88,0.4692,487.9,P,P
IMG-SENSOR-003,W02,4,6,1,100,17.00,0.5067,474.1,P,P
IMG-SENSOR-003,W02,5,6,1,100,14.48,0.4924,500.9,P,P
IMG-SENSOR-003,W02,6,6,2,302,30.53,0.6377,294.0,F,F
IMG-SENSOR-003,W02,7,6,1,100,11.99,0.4977,484.7,P,P
IMG-SENSOR-003,W02,8,6,1,100,14.35,0.4991,492.5,P,P
IMG-SENSOR-003,W02,9,6,1,100,12.46,0.4993,532.2,P,P
IMG-SENSOR-003,W02,10,6,1,100,14.70,0.5013,453.7,P,P
IMG-SENSOR-003,W02,11,6,1,100,13.14,0.5106,468.2,P,P
IMG-SENSOR-003,W02,-11,7,1,100,8.82,0.4458,471.7,P,P
IMG-SENSOR-003,W02,-10,7,1,100,11.76,0.4556,462.4,P,P
IMG-SENSOR-003,W02,-9,7,1,100,12.98,0.4520,449.3,P,P
IMG-SENSOR-003,W02,-8,7,1,100,14.33,0.4641,446.4,P,P
IMG-SENSOR-003,W02,-7,7,1,100,11.62,0.4734,495.2,P,P
IMG-SENSOR-003,W02,-6,7,1,100,10.16,0.4861,480.6,P,P
IMG-SENSOR-003,W02,-5,7,1,100,15.05,0.4941,499.8,P,P
IMG-SENSOR-003,W02,-4,7,1,100,10.73,0.5001,452.1,P,P
IMG-SENSOR-003,W02,-3,7,1,100,8.76,0.4707,447.1,P,P
IMG-SENSOR-003,W02,-2,7,1,100,13.68,0.4914,472.2,P,P
IMG-SENSOR-003,W02,-1,7,1,100,13.33,0.4778,480.9,P,P
IMG-SENSOR-003,W02,0,7,1,100,10.95,0.5165,505.0,P,P
IMG-SENSOR-003,W02,1,7,1,100,12.55,0.5059,481.0,P,P
IMG-SENSOR-003,W02,2,7,4,301,39.97,0.6402,324.2,P,F
IMG-SENSOR-003,W02,3,7,1,100,13.26,0.4781,470.5,P,P
IMG-SENSOR-003,W02,4,7,1,100,15.88,0.5069,490.3,P,P
IMG-SENSOR-003,W02,5,7,1,100,12.09,0.5057,476.8,P,P
IMG-SENSOR-003,W02,6,7,1,100,9.39,0.4995,497.9,P,P
IMG-SENSOR-003,W02,7,7,1,100,11.80,0.4973,482.9,P,P
IMG-SENSOR-003,W02,8,7,1,100,15.16,0.4808,462.5,P,P
IMG-SENSOR-003,W02,9,7,1,100,12.82,0.5217,466.6,P,P
IMG-SENSOR-003,W02,10,7,1,100,11.39,0.5073,477.4,P,P
IMG-SENSOR-003,W02,11,7,1,100,12.71,0.4809,485.2,P,P
IMG-SENSOR-003,W02,-11,8,1,100,9.57,0.4350,477.9,P,P
IMG-SENSOR-003,W02,-10,8,1,100,13.51,0.4774,471.3,P,P
IMG-SENSOR-003,W02,-9,8,1,100,10.84,0.4582,498.3,P,P
IMG-SENSOR-003,W02,-8,8,2,302,50.09,0.6071,320.2,P,P
IMG-SENSOR-003,W02,-7,8,1,100,11.77,0.4657,497.5,P,P
IMG-SENSOR-003,W02,-6,8,1,100,12.31,0.4719,469.2,P,P
IMG-SENSOR-003,W02,-5,8,1,100,10.34,0.4891,477.9,P,P
IMG-SENSOR-003,W02,-4,8,1,100,11.43,0.4531,458.6,P,P
IMG-SENSOR-003,W02,-3,8,1,100,9.71,0.4527,478.4,P,P
IMG-SENSOR-003,W02,-2,8,1,100,15.29,0.4676,481.9,P,P
IMG-SENSOR-003,W02,-1,8,1,100,13.50,0.4659,478.3,P,P
IMG-SENSOR-003,W02,0,8,1,100,15.17,0.4868,484.2,P,P
IMG-SENSOR-003,W02,1,8,1,100,12.08,0.4788,447.7,P,P
IMG-SENSOR-003,W02,2,8,1,100,16.28,0.4812,501.4,P,P
IMG-SENSOR-003,W02,3,8,1,100,12.63,0.5034,458.7,P,P
IMG-SENSOR-003,W02,4,8,1,100,10.56,0.5283,456.8,P,P
IMG-SENSOR-003,W02,5,8,1,100,13.05,0.5027,487.9,P,P
IMG-SENSOR-003,W02,6,8,1,100,11.71,0.4801,486.4,P,P
IMG-SENSOR-003,W02,7,8,1,100,15.82,0.4928,489.4,P,P
IMG-SENSOR-003,W02,8,8,1,100,9.99,0.4780,520.3,P,P
IMG-SENSOR-003,W02,9,8,1,100,13.09,0.5127,478.9,P,P
IMG-SENSOR-003,W02,10,8,1,100,10.33,0.5317,464.5,P,P
IMG-SENSOR-003,W02,11,8,2,302,42.86,0.6361,304.7,F,F
IMG-SENSOR-003,W02,-11,9,1,100,14.74,0.4472,481.9,P,P
IMG-SENSOR-003,W02,-10,9,1,100,14.17,0.4789,477.9,P,P
IMG-SENSOR-003,W02,-9,9,1,100,14.28,0.4525,457.3,P,P
IMG-SENSOR-003,W02,-8,9,1,100,12.53,0.4552,487.8,P,P
IMG-SENSOR-003,W02,-7,9,1,100,14.17,0.4756,494.9,P,P
IMG-SENSOR-003,W02,-6,9,1,100,11.62,0.4570,480.0,P,P
IMG-SENSOR-003,W02,-5,9,1,100,9.59,0.4716,488.0,P,P
IMG-SENSOR-003,W02,-4,9,1,100,12.61,0.4772,459.4,P,P
IMG-SENSOR-003,W02,-3,9,1,100,13.51,0.4811,494.0,P,P
IMG-SENSOR-003,W02,-2,9,1,100,16.55,0.4743,492.9,P,P
IMG-SENSOR-003,W02,-1,9,1,100,12.12,0.4939,460.4,P,P
IMG-SENSOR-003,W02,0,9,1,100,12.16,0.4972,517.9,P,P
IMG-SENSOR-003,W02,1,9,1,100,10.64,0.4723,489.0,P,P
IMG-SENSOR-003,W02,2,9,1,100,11.84,0.4991,470.5,P,P
IMG-SENSOR-003,W02,3,9,1,100,14.81,0.4798,462.7,P,P
IMG-SENSOR-003,W02,4,9,1,100,11.24,0.4748,443.7,P,P
IMG-SENSOR-003,W02,5,9,1,100,13.62,0.4979,456.0,P,P
IMG-SENSOR-003,W02,6,9,1,100,11.36,0.5333,449.7,P,P
IMG-SENSOR-003,W02,7,9,1,100,13.05,0.5043,515.4,P,P
IMG-SENSOR-003,W02,8,9,1,100,13.54,0.4814,471.3,P,P
IMG-SENSOR-003,W02,9,9,1,100,12.42,0.5331,450.8,P,P
IMG-SENSOR-003,W02,10,9,1,100,12.39,0.4946,465.3,P,P
IMG-SENSOR-003,W02,11,9,1,100,13.35,0.5112,484.9,P,P
IMG-SENSOR-003,W02,-11,10,2,202,45.27,0.5836,259.9,P,P
IMG-SENSOR-003,W02,-10,10,1,100,13.34,0.4792,483.3,P,P
IMG-SENSOR-003,W02,-9,10,1,100,12.50,0.4906,475.4,P,P
IMG-SENSOR-003,W02,-8,10,1,100,15.94,0.5009,458.9,P,P
IMG-SENSOR-003,W02,-7,10,1,100,15.02,0.4912,470.7,P,P
IMG-SENSOR-003,W02,-6,10,1,100,12.20,0.4756,486.1,P,P
IMG-SENSOR-003,W02,-5,10,1,100,13.86,0.4727,494.6,P,P
IMG-SENSOR-003,W02,-4,10,1,100,12.46,0.4852,488.4,P,P
IMG-SENSOR-003,W02,-3,10,1,100,10.06,0.5050,475.4,P,P
IMG-SENSOR-003,W02,-2,10,1,100,12.77,0.5024,471.3,P,P
IMG-SENSOR-003,W02,-1,10,1,100,13.26,0.4741,470.1,P,P
IMG-SENSOR-003,W02,0,10,1,100,14.78,0.5130,490.5,P,P
IMG-SENSOR-003,W02,1,10,1,100,11.76,0.5020,482.2,P,P
IMG-SENSOR-003,W02,2,10,1,100,14.99,0.4885,463.4,P,P
IMG-SENSOR-003,W02,3,10,1,100,13.02,0.4805,482.7,P,P
IMG-SENSOR-003,W02,4,10,1,100,14.67,0.4657,489.3,P,P
IMG-SENSOR-003,W02,5,10,1,100,12.84,0.4993,501.8,P,P
IMG-SENSOR-003,W02,6,10,1,100,10.43,0.5032,476.6,P,P
IMG-SENSOR-003,W02,7,10,1,100,9.81,0.5180,488.3,P,P
IMG-SENSOR-003,W02,8,10,1,100,8.98,0.5037,455.9,P,P
IMG-SENSOR-003,W02,9,10,1,100,9.95,0.5032,455.8,P,P
IMG-SENSOR-003,W02,10,10,1,100,14.69,0.5057,481.8,P,P
IMG-SENSOR-003,W02,11,10,1,100,10.11,0.5150,436.6,P,P
IMG-SENSOR-003,W02,-11,11,1,100,12.46,0.4447,510.1,P,P
IMG-SENSOR-003,W02,-10,11,1,100,11.19,0.4651,487.7,P,P
IMG-SENSOR-003,W02,-9,11,1,100,13.01,0.4938,505.3,P,P
IMG-SENSOR-003,W02,-8,11,1,100,11.40,0.4933,454.7,P,P
IMG-SENSOR-003,W02,-7,11,1,100,10.11,0.4888,490.2,P,P
IMG-SENSOR-003,W02,-6,11,1,100,13.07,0.4459,481.9,P,P
IMG-SENSOR-003,W02,-5,11,1,100,11.77,0.4699,501.3,P,P
IMG-SENSOR-003,W02,-4,11,1,100,13.36,0.4910,479.1,P,P
IMG-SENSOR-003,W02,-3,11,1,100,15.01,0.4946,488.7,P,P
IMG-SENSOR-003,W02,-2,11,1,100,10.98,0.4938,458.4,P,P
IMG-SENSOR-003,W02,-1,11,1,100,13.00,0.5017,474.5,P,P
IMG-SENSOR-003,W02,0,11,1,100,10.06,0.4976,492.5,P,P
IMG-SENSOR-003,W02,1,11,1,100,11.57,0.5009,474.5,P,P
IMG-SENSOR-003,W02,2,11,1,100,11.41,0.4730,459.2,P,P
IMG-SENSOR-003,W02,3,11,1,100,13.38,0.5009,469.2,P,P
IMG-SENSOR-003,W02,4,11,1,100,13.21,0.4952,452.5,P,P
IMG-SENSOR-003,W02,5,11,1,100,11.70,0.4891,495.6,P,P
IMG-SENSOR-003,W02,6,11,1,100,12.58,0.4999,470.1,P,P
IMG-SENSOR-003,W02,7,11,1,100,14.06,0.4907,474.6,P,P
IMG-SENSOR-003,W02,8,11,1,100,12.44,0.5011,458.8,P,P
IMG-SENSOR-003,W02,9,11,1,100,14.89,0.5308,490.6,P,P
IMG-SENSOR-003,W02,10,11,1,100,11.75,0.5054,506.0,P,P
IMG-SENSOR-003,W02,11,11,1,100,9.51,0.5365,491.1,P,P
IMG-SENSOR-003,W02,-11,12,1,100,8.62,0.4495,497.3,P,P
IMG-SENSOR-003,W02,-10,12,1,100,10.80,0.4857,474.3,P,P
IMG-SENSOR-003,W02,-9,12,1,100,9.35,0.4994,476.1,P,P
IMG-SENSOR-003,W02,-8,12,1,100,12.26,0.4559,480.4,P,P
IMG-SENSOR-003,W02,-7,12,1,100,13.71,0.4825,487.6,P,P
IMG-SENSOR-003,W02,-6,12,1,100,12.22,0.4594,490.8,P,P
IMG-SENSOR-003,W02,-5,12,1,100,9.56,0.4541,486.7,P,P
IMG-SENSOR-003,W02,-4,12,1,100,13.73,0.4910,481.2,P,P
IMG-SENSOR-003,W02,-3,12,1,100,14.88,0.5041,474.2,P,P
IMG-SENSOR-003,W02,-2,12,1,100,13.52,0.4891,473.3,P,P
IMG-SENSOR-003,W02,-1,12,1,100,9.95,0.4886,475.3,P,P
IMG-SENSOR-003,W02,0,12,1,100,11.33,0.4780,476.4,P,P
IMG-SENSOR-003,W02,1,12,1,100,12.68,0.5083,465.6,P,P
IMG-SENSOR-003,W02,2,12,1,100,11.85,0.5040,489.0,P,P
IMG-SENSOR-003,W02,3,12,1,100,11.59,0.5120,469.7,P,P
IMG-SENSOR-003,W02,4,12,1,100,12.83,0.4776,486.2,P,P
IMG-SENSOR-003,W02,5,12,1,100,9.79,0.4971,472.8,P,P
IMG-SENSOR-003,W02,6,12,1,100,14.23,0.5233,486.0,P,P
IMG-SENSOR-003,W02,7,12,1,100,13.28,0.4876,490.0,P,P
IMG-SENSOR-003,W02,8,12,1,100,9.98,0.5305,474.2,P,P
IMG-SENSOR-003,W02,9,12,1,100,12.27,0.4956,475.8,P,P
IMG-SENSOR-003,W02,10,12,1,100,10.08,0.5355,478.1,P,P
IMG-SENSOR-003,W02,11,12,1,100,12.40,0.5116,473.2,P,P
IMG-SENSOR-003,W02,-11,13,1,100,11.43,0.4595,459.5,P,P
IMG-SENSOR-003,W02,-10,13,3,401,51.98,0.6331,313.6,F,P
IMG-SENSOR-003,W02,-9,13,1,100,10.28,0.4742,504.9,P,P
IMG-SENSOR-003,W02,-8,13,1,100,12.78,0.4668,483.6,P,P
IMG-SENSOR-003,W02,-7,13,1,100,10.52,0.4875,481.5,P,P
IMG-SENSOR-003,W02,-6,13,1,100,9.90,0.4531,470.9,P,P
IMG-SENSOR-003,W02,-5,13,1,100,11.00,0.4906,469.2,P,P
IMG-SENSOR-003,W02,-4,13,1,100,11.35,0.4731,470.2,P,P
IMG-SENSOR-003,W02,-3,13,1,100,10.44,0.4987,473.4,P,P
IMG-SENSOR-003,W02,-2,13,1,100,10.40,0.4864,461.3,P,P
IMG-SENSOR-003,W02,-1,13,1,100,13.78,0.5267,496.0,P,P
IMG-SENSOR-003,W02,0,13,1,100,11.45,0.4800,469.9,P,P
IMG-SENSOR-003,W02,1,13,1,100,9.87,0.5177,482.6,P,P
IMG-SENSOR-003,W02,2,13,1,100,11.60,0.5030,444.1,P,P
IMG-SENSOR-003,W02,3,13,1,100,10.55,0.4693,452.9,P,P
IMG-SENSOR-003,W02,4,13,1,100,9.99,0.4708,474.2,P,P
IMG-SENSOR-003,W02,5,13,1,100,11.83,0.4848,486.4,P,P
IMG-SENSOR-003,W02,6,13,1,100,10.59,0.4809,485.2,P,P
IMG-SENSOR-003,W02,7,13,1,100,13.73,0.5204,485.8,P,P
IMG-SENSOR-003,W02,8,13,2,302,30.41,0.6653,317.2,F,F
IMG-SENSOR-003,W02,9,13,1,100,12.22,0.5030,463.9,P,P
IMG-SENSOR-003,W02,10,13,1,100,15.17,0.4979,454.1,P,P
IMG-SENSOR-003,W02,11,13,1,100,15.16,0.5258,489.3,P,P
IMG-SENSOR-003,W02,-11,14,1,100,12.48,0.4796,462.5,P,P
IMG-SENSOR-003,W02,-10,14,1,100,14.93,0.4627,487.7,P,P
IMG-SENSOR-003,W02,-9,14,1,100,11.38,0.4663,456.7,P,P
IMG-SENSOR-003,W02,-8,14,1,100,13.69,0.4819,477.7,P,P
IMG-SENSOR-003,W02,-7,14,1,100,12.51,0.4872,526.0,P,P
IMG-SENSOR-003,W02,-6,14,1,100,13.51,0.4855,466.6,P,P
IMG-SENSOR-003,W02,-5,14,1,100,11.00,0.4730,452.8,P,P
IMG-SENSOR-003,W02,-4,14,1,100,12.02,0.5011,474.5,P,P
IMG-SENSOR-003,W02,-3,14,1,100,14.57,0.4970,475.7,P,P
IMG-SENSOR-003,W02,-2,14,1,100,10.40,0.4769,466.6,P,P
IMG-SENSOR-003,W02,-1,14,1,100,14.28,0.4705,429.5,P,P
IMG-SENSOR-003,W02,0,14,1,100,8.26,0.4887,483.4,P,P
IMG-SENSOR-003,W02,1,14,1,100,11.78,0.5175,476.9,P,P
IMG-SENSOR-003,W02,2,14,1,100,11.07,0.5083,464.6,P,P
IMG-SENSOR-003,W02,3,14,1,100,11.32,0.5273,483.1,P,P
IMG-SENSOR-003,W02,4,14,1,100,15.64,0.5263,498.6,P,P
IMG-SENSOR-003,W02,5,14,1,100,8.69,0.4808,444.4,P,P
IMG-SENSOR-003,W02,6,14,1,100,11.06,0.4851,444.8,P,P
IMG-SENSOR-003,W02,7,14,1,100,16.81,0.5351,476.3,P,P
IMG-SENSOR-003,W02,8,14,1,100,13.91,0.5342,480.7,P,P
IMG-SENSOR-003,W02,9,14,1,100,14.01,0.5142,442.1,P,P
IMG-SENSOR-003,W02,10,14,1,100,14.94,0.5104,446.1,P,P
IMG-SENSOR-003,W02,11,14,1,100,11.48,0.5169,463.8,P,P
IMG-SENSOR-003,W02,-11,15,1,100,12.87,0.4865,489.4,P,P
IMG-SENSOR-003,W02,-10,15,1,100,10.60,0.4551,468.4,P,P
IMG-SENSOR-003,W02,-9,15,1,100,15.84,0.4705,472.5,P,P
IMG-SENSOR-003,W02,-8,15,1,100,15.44,0.4873,475.3,P,P
IMG-SENSOR-003,W02,-7,15,1,100,11.39,0.4723,466.6,P,P
IMG-SENSOR-003,W02,-6,15,1,100,9.09,0.4976,448.2,P,P
IMG-SENSOR-003,W02,-5,15,1,100,14.65,0.5070,451.6,P,P
IMG-SENSOR-003,W02,-4,15,4,301,56.06,0.6253,329.7,P,F
IMG-SENSOR-003,W02,-3,15,1,100,11.56,0.4815,454.2,P,P
IMG-SENSOR-003,W02,-2,15,1,100,13.91,0.5002,476.8,P,P
IMG-SENSOR-003,W02,-1,15,1,100,15.44,0.5194,490.5,P,P
IMG-SENSOR-003,W02,0,15,1,100,13.04,0.5162,509.3,P,P
IMG-SENSOR-003,W02,1,15,1,100,15.39,0.4930,471.8,P,P
IMG-SENSOR-003,W02,2,15,1,100,12.56,0.4910,496.0,P,P
IMG-SENSOR-003,W02,3,15,1,100,15.53,0.5032,478.0,P,P
IMG-SENSOR-003,W02,4,15,1,100,15.95,0.5032,477.9,P,P
IMG-SENSOR-003,W02,5,15,1,100,12.97,0.4947,471.3,P,P
IMG-SENSOR-003,W02,6,15,1,100,13.87,0.5029,466.1,P,P
IMG-SENSOR-003,W02,7,15,1,100,12.23,0.5134,455.4,P,P
IMG-SENSOR-003,W02,8,15,1,100,11.59,0.5018,467.9,P,P
IMG-SENSOR-003,W02,9,15,1,100,10.48,0.4782,446.2,P,P
IMG-SENSOR-003,W02,10,15,1,100,12.14,0.5246,532.7,P,P
IMG-SENSOR-003,W02,11,15,1,100,13.91,0.5253,475.3,P,P
IMG-SENSOR-003,W02,-11,16,2,202,41.14,0.6116,281.5,P,P
IMG-SENSOR-003,W02,-10,16,1,100,11.17,0.4706,504.2,P,P
IMG-SENSOR-003,W02,-9,16,1,100,11.72,0.4932,470.7,P,P
IMG-SENSOR-003,W02,-8,16,1,100,13.45,0.4788,481.4,P,P
IMG-SENSOR-003,W02,-7,16,1,100,10.98,0.4931,478.8,P,P
IMG-SENSOR-003,W02,-6,16,1,100,12.48,0.4615,507.3,P,P
IMG-SENSOR-003,W02,-5,16,1,100,8.95,0.4693,455.2,P,P
IMG-SENSOR-003,W02,-4,16,1,100,12.20,0.5100,494.6,P,P
IMG-SENSOR-003,W02,-3,16,1,100,12.86,0.5045,426.6,P,P
IMG-SENSOR-003,W02,-2,16,1,100,10.83,0.5162,481.7,P,P
IMG-SENSOR-003,W02,-1,16,1,100,14.15,0.5031,467.1,P,P
IMG-SENSOR-003,W02,0,16,1,100,15.06,0.5069,467.7,P,P
IMG-SENSOR-003,W02,1,16,1,100,12.71,0.5190,483.0,P,P
IMG-SENSOR-003,W02,2,16,1,100,13.25,0.5037,452.8,P,P
IMG-SENSOR-003,W02,3,16,1,100,11.80,0.5093,444.9,P,P
IMG-SENSOR-003,W02,4,16,1,100,9.30,0.4943,482.3,P,P
IMG-SENSOR-003,W02,5,16,1,100,13.35,0.4827,464.3,P,P
IMG-SENSOR-003,W02,6,16,1,100,11.34,0.5012,461.5,P,P
IMG-SENSOR-003,W02,7,16,1,100,12.06,0.4895,461.8,P,P
IMG-SENSOR-003,W02,8,16,1,100,13.99,0.4852,497.2,P,P
IMG-SENSOR-003,W02,9,16,1,100,11.64,0.5092,471.8,P,P
IMG-SENSOR-003,W02,10,16,1,100,13.49,0.5235,467.0,P,P
IMG-SENSOR-003,W02,11,16,1,100,12.93,0.4980,488.6,P,P
IMG-SENSOR-003,W02,-11,17,1,100,12.71,0.4621,474.9,P,P
IMG-SENSOR-003,W02,-10,17,1,100,13.18,0.4784,510.3,P,P
IMG-SENSOR-003,W02,-9,17,1,100,13.00,0.4769,496.9,P,P
IMG-SENSOR-003,W02,-8,17,1,100,14.54,0.4813,468.6,P,P
IMG-SENSOR-003,W02,-7,17,1,100,9.84,0.4702,481.6,P,P
IMG-SENSOR-003,W02,-6,17,1,100,12.72,0.4826,494.0,P,P
IMG-SENSOR-003,W02,-5,17,1,100,13.18,0.4914,487.8,P,P
IMG-SENSOR-003,W02,-4,17,1,100,15.60,0.4939,472.9,P,P
IMG-SENSOR-003,W02,-3,17,4,201,35.71,0.6623,243.5,P,F
IMG-SENSOR-003,W02,-2,17,1,100,13.70,0.4806,523.0,P,P
IMG-SENSOR-003,W02,-1,17,1,100,13.98,0.5269,496.3,P,P
IMG-SENSOR-003,W02,0,17,1,100,12.72,0.5031,513.0,P,P
IMG-SENSOR-003,W02,1,17,1,100,13.71,0.4900,475.9,P,P
IMG-SENSOR-003,W02,2,17,1,100,13.31,0.4888,472.8,P,P
IMG-SENSOR-003,W02,3,17,1,100,14.18,0.4854,521.0,P,P
IMG-SENSOR-003,W02,4,17,1,100,12.51,0.5127,496.5,P,P
IMG-SENSOR-003,W02,5,17,1,100,13.76,0.5029,474.0,P,P
IMG-SENSOR-003,W02,6,17,1,100,12.56,0.5335,471.4,P,P
IMG-SENSOR-003,W02,7,17,1,100,13.88,0.5183,452.2,P,P
IMG-SENSOR-003,W02,8,17,1,100,10.62,0.5101,468.2,P,P
IMG-SENSOR-003,W02,9,17,1,100,12.28,0.5287,479.2,P,P
IMG-SENSOR-003,W02,10,17,1,100,11.28,0.5391,471.6,P,P
IMG-SENSOR-003,W02,11,17,1,100,12.32,0.5079,469.0,P,P
IMG-SENSOR-003,W02,-11,18,1,100,14.42,0.4721,476.5,P,P
IMG-SENSOR-003,W02,-10,18,1,100,15.10,0.4612,477.2,P,P
IMG-SENSOR-003,W02,-9,18,1,100,11.10,0.4542,492.9,P,P
IMG-SENSOR-003,W02,-8,18,1,100,13.48,0.4737,486.0,P,P
IMG-SENSOR-003,W02,-7,18,1,100,10.75,0.4780,475.7,P,P
IMG-SENSOR-003,W02,-6,18,1,100,10.43,0.4816,503.4,P,P
IMG-SENSOR-003,W02,-5,18,1,100,16.44,0.4770,503.8,P,P
IMG-SENSOR-003,W02,-4,18,2,301,40.67,0.6237,334.8,F,F
IMG-SENSOR-003,W02,-3,18,1,100,9.25,0.4949,494.4,P,P
IMG-SENSOR-003,W02,-2,18,3,301,43.70,0.6324,271.3,F,F
IMG-SENSOR-003,W02,-1,18,1,100,13.60,0.4550,503.8,P,P
IMG-SENSOR-003,W02,0,18,1,100,12.11,0.4908,468.3,P,P
IMG-SENSOR-003,W02,1,18,1,100,10.80,0.4887,461.5,P,P
IMG-SENSOR-003,W02,2,18,1,100,15.66,0.4877,447.2,P,P
IMG-SENSOR-003,W02,3,18,1,100,12.10,0.4991,467.8,P,P
IMG-SENSOR-003,W02,4,18,1,100,12.92,0.5158,489.8,P,P
IMG-SENSOR-003,W02,5,18,1,100,15.66,0.4999,480.0,P,P
IMG-SENSOR-003,W02,6,18,1,100,11.82,0.5176,470.7,P,P
IMG-SENSOR-003,W02,7,18,1,100,12.58,0.5215,471.4,P,P
IMG-SENSOR-003,W02,8,18,1,100,14.62,0.5083,520.1,P,P
IMG-SENSOR-003,W02,9,18,1,100,11.58,0.5449,487.4,P,P
IMG-SENSOR-003,W02,10,18,1,100,10.78,0.5375,469.1,P,P
IMG-SENSOR-003,W02,11,18,1,100,13.31,0.5104,492.7,P,P
IMG-SENSOR-003,W02,-11,19,1,100,13.01,0.4717,484.7,P,P
IMG-SENSOR-003,W02,-10,19,1,100,13.30,0.4720,471.8,P,P
IMG-SENSOR-003,W02,-9,19,1,100,10.25,0.4548,483.5,P,P
IMG-SENSOR-003,W02,-8,19,1,100,15.19,0.5000,460.3,P,P
IMG-SENSOR-003,W02,-7,19,1,100,12.25,0.4784,473.6,P,P
IMG-SENSOR-003,W02,-6,19,1,100,9.09,0.4792,486.0,P,P
IMG-SENSOR-003,W02,-5,19,1,100,11.37,0.5461,432.6,P,P
IMG-SENSOR-003,W02,-4,19,1,100,11.38,0.5138,440.3,P,P
IMG-SENSOR-003,W02,-3,19,1,100,8.01,0.4852,490.0,P,P
IMG-SENSOR-003,W02,-2,19,1,100,10.58,0.4984,476.6,P,P
IMG-SENSOR-003,W02,-1,19,1,100,15.10,0.5144,461.4,P,P
IMG-SENSOR-003,W02,0,19,1,100,13.05,0.4913,537.2,P,P
IMG-SENSOR-003,W02,1,19,1,100,11.29,0.5103,490.9,P,P
IMG-SENSOR-003,W02,2,19,1,100,11.19,0.4745,486.5,P,P
IMG-SENSOR-003,W02,3,19,1,100,9.03,0.4907,464.1,P,P
IMG-SENSOR-003,W02,4,19,1,100,12.37,0.4999,498.7,P,P
IMG-SENSOR-003,W02,5,19,2,202,45.57,0.6516,282.1,F,F
IMG-SENSOR-003,W02,6,19,1,100,13.28,0.5204,466.2,P,P
IMG-SENSOR-003,W02,7,19,1,100,11.61,0.5124,471.2,P,P
IMG-SENSOR-003,W02,8,19,1,100,10.28,0.5216,469.8,P,P
IMG-SENSOR-003,W02,9,19,1,100,13.45,0.5066,491.9,P,P
IMG-SENSOR-003,W02,10,19,1,100,14.94,0.5230,471.3,P,P
IMG-SENSOR-003,W02,11,19,1,100,14.07,0.5252,475.5,P,P
IMG-SENSOR-003,W02,-11,20,1,100,13.22,0.4830,493.0,P,P
IMG-SENSOR-003,W02,-10,20,1,100,13.31,0.4997,497.3,P,P
IMG-SENSOR-003,W02,-9,20,2,202,47.75,0.6412,238.8,P,F
IMG-SENSOR-003,W02,-8,20,1,100,10.94,0.5040,475.8,P,P
IMG-SENSOR-003,W02,-7,20,1,100,14.54,0.4951,463.9,P,P
IMG-SENSOR-003,W02,-6,20,1,100,12.31,0.4738,509.9,P,P
IMG-SENSOR-003,W02,-5,20,1,100,17.24,0.4786,496.5,P,P
IMG-SENSOR-003,W02,-4,20,1,100,11.55,0.4933,476.0,P,P
IMG-SENSOR-003,W02,-3,20,1,100,11.61,0.4861,492.1,P,P
IMG-SENSOR-003,W02,-2,20,1,100,11.65,0.4594,478.0,P,P
IMG-SENSOR-003,W02,-1,20,1,100,14.16,0.4909,453.6,P,P
IMG-SENSOR-003,W02,0,20,1,100,13.15,0.5050,476.4,P,P
IMG-SENSOR-003,W02,1,20,1,100,13.80,0.4836,485.8,P,P
IMG-SENSOR-003,W02,2,20,1,100,16.73,0.4983,460.9,P,P
IMG-SENSOR-003,W02,3,20,1,100,15.71,0.5265,504.9,P,P
IMG-SENSOR-003,W02,4,20,1,100,12.06,0.5072,480.7,P,P
IMG-SENSOR-003,W02,5,20,1,100,13.16,0.5263,486.9,P,P
IMG-SENSOR-003,W02,6,20,2,201,46.78,0.6539,294.4,P,F
IMG-SENSOR-003,W02,7,20,1,100,10.87,0.5324,480.6,P,P
IMG-SENSOR-003,W02,8,20,1,100,13.32,0.4938,460.3,P,P
IMG-SENSOR-003,W02,9,20,1,100,13.08,0.5421,472.9,P,P
IMG-SENSOR-003,W02,10,20,1,100,11.48,0.5094,484.3,P,P
IMG-SENSOR-003,W02,11,20,1,100,13.00,0.5127,530.4,P,P
IMG-SENSOR-003,W02,-11,21,1,100,11.34,0.4862,505.1,P,P
IMG-SENSOR-003,W02,-10,21,1,100,14.21,0.4939,482.9,P,P
IMG-SENSOR-003,W02,-9,21,1,100,11.88,0.4926,488.8,P,P
IMG-SENSOR-003,W02,-8,21,1,100,14.70,0.4789,481.2,P,P
IMG-SENSOR-003,W02,-7,21,1,100,16.06,0.4571,465.3,P,P
IMG-SENSOR-003,W02,-6,21,1,100,13.98,0.4977,487.4,P,P
IMG-SENSOR-003,W02,-5,21,1,100,15.74,0.4578,508.9,P,P
IMG-SENSOR-003,W02,-4,21,1,100,15.86,0.4951,470.0,P,P
IMG-SENSOR-003,W02,-3,21,1,100,12.26,0.4762,479.3,P,P
IMG-SENSOR-003,W02,-2,21,3,202,38.57,0.6475,322.2,P,F
IMG-SENSOR-003,W02,-1,21,1,100,12.42,0.4992,481.6,P,P
IMG-SENSOR-003,W02,0,21,1,100,12.22,0.4942,470.5,P,P
IMG-SENSOR-003,W02,1,21,2,202,45.27,0.6479,374.9,P,F
IMG-SENSOR-003,W02,2,21,1,100,16.27,0.4881,456.6,P,P
IMG-SENSOR-003,W02,3,21,2,301,58.25,0.6497,388.4,F,F
IMG-SENSOR-003,W02,4,21,1,100,14.65,0.5286,482.8,P,P
IMG-SENSOR-003,W02,5,21,1,100,9.96,0.5025,488.1,P,P
IMG-SENSOR-003,W02,6,21,1,100,15.80,0.5001,489.8,P,P
IMG-SENSOR-003,W02,7,21,1,100,10.68,0.5073,487.5,P,P
IMG-SENSOR-003,W02,8,21,1,100,15.28,0.5202,445.5,P,P
IMG-SENSOR-003,W02,9,21,1,100,12.80,0.5078,516.7,P,P
IMG-SENSOR-003,W02,10,21,1,100,16.41,0.5166,475.0,P,P
IMG-SENSOR-003,W02,11,21,1,100,11.67,0.5249,485.6,P,P
IMG-SENSOR-003,W02,-11,22,1,100,12.19,0.4605,452.4,P,P
IMG-SENSOR-003,W02,-10,22,1,100,10.83,0.4809,479.0,P,P
IMG-SENSOR-003,W02,-9,22,1,100,12.67,0.4809,483.3,P,P
IMG-SENSOR-003,W02,-8,22,1,100,11.29,0.4753,494.5,P,P
IMG-SENSOR-003,W02,-7,22,1,100,9.65,0.4966,497.1,P,P
IMG-SENSOR-003,W02,-6,22,1,100,11.71,0.4678,484.4,P,P
IMG-SENSOR-003,W02,-5,22,1,100,8.35,0.4724,472.1,P,P
IMG-SENSOR-003,W02,-4,22,1,100,13.66,0.5166,471.7,P,P
IMG-SENSOR-003,W02,-3,22,1,100,10.62,0.4875,479.2,P,P
IMG-SENSOR-003,W02,-2,22,1,100,12.11,0.5061,474.3,P,P
IMG-SENSOR-003,W02,-1,22,1,100,11.93,0.4892,470.5,P,P
IMG-SENSOR-003,W02,0,22,1,100,12.98,0.4896,509.0,P,P
IMG-SENSOR-003,W02,1,22,1,100,10.21,0.5087,471.0,P,P
IMG-SENSOR-003,W02,2,22,1,100,12.31,0.5178,464.6,P,P
IMG-SENSOR-003,W02,3,22,1,100,10.90,0.4820,472.3,P,P
IMG-SENSOR-003,W02,4,22,1,100,11.39,0.4990,486.9,P,P
IMG-SENSOR-003,W02,5,22,1,100,13.83,0.5266,492.0,P,P
IMG-SENSOR-003,W02,6,22,1,100,9.35,0.5115,502.4,P,P
IMG-SENSOR-003,W02,7,22,1,100,11.52,0.5217,469.4,P,P
IMG-SENSOR-003,W02,8,22,1,100,12.85,0.5012,461.8,P,P
IMG-SENSOR-003,W02,9,22,1,100,14.93,0.5202,472.1,P,P
IMG-SENSOR-003,W02,10,22,1,100,10.80,0.5280,479.1,P,P
IMG-SENSOR-003,W02,11,22,1,100,11.05,0.5038,462.6,P,P
IMG-SENSOR-003,W02,-11,23,1,100,13.57,0.4778,494.7,P,P
IMG-SENSOR-003,W02,-10,23,1,100,10.29,0.4822,444.8,P,P
IMG-SENSOR-003,W02,-9,23,1,100,14.03,0.4728,473.0,P,P
IMG-SENSOR-003,W02,-8,23,1,100,10.69,0.4632,469.2,P,P
IMG-SENSOR-003,W02,-7,23,1,100,16.89,0.5087,465.1,P,P
IMG-SENSOR-003,W02,-6,23,1,100,10.21,0.4873,479.2,P,P
IMG-SENSOR-003,W02,-5,23,1,100,12.54,0.5135,463.9,P,P
IMG-SENSOR-003,W02,-4,23,1,100,9.94,0.4965,463.2,P,P
IMG-SENSOR-003,W02,-3,23,1,100,12.41,0.4625,460.7,P,P
IMG-SENSOR-003,W02,-2,23,1,100,10.71,0.4959,456.2,P,P
IMG-SENSOR-003,W02,-1,23,1,100,16.03,0.5253,465.3,P,P
IMG-SENSOR-003,W02,0,23,1,100,9.86,0.4877,481.6,P,P
IMG-SENSOR-003,W02,1,23,1,100,11.66,0.4675,474.4,P,P
IMG-SENSOR-003,W02,2,23,1,100,9.85,0.4797,485.3,P,P
IMG-SENSOR-003,W02,3,23,1,100,10.35,0.5097,494.2,P,P
IMG-SENSOR-003,W02,4,23,1,100,15.22,0.5167,496.0,P,P
IMG-SENSOR-003,W02,5,23,1,100,15.24,0.5247,481.6,P,P
IMG-SENSOR-003,W02,6,23,1,100,8.59,0.5192,469.7,P,P
IMG-SENSOR-003,W02,7,23,1,100,11.56,0.5238,492.1,P,P
IMG-SENSOR-003,W02,8,23,1,100,12.60,0.5119,478.3,P,P
IMG-SENSOR-003,W02,9,23,1,100,10.75,0.5091,440.8,P,P
IMG-SENSOR-003,W02,10,23,1,100,10.90,0.5316,482.0,P,P
IMG-SENSOR-003,W02,11,23,4,301,45.89,0.6598,357.2,P,F
IMG-SENSOR-003,W02,-11,24,1,100,12.54,0.4847,469.1,P,P
IMG-SENSOR-003,W02,-10,24,1,100,16.29,0.4970,480.1,P,P
IMG-SENSOR-003,W02,-9,24,1,100,12.78,0.5094,517.0,P,P
IMG-SENSOR-003,W02,-8,24,1,100,13.72,0.4884,460.5,P,P
IMG-SENSOR-003,W02,-7,24,1,100,13.66,0.5228,453.5,P,P
IMG-SENSOR-003,W02,-6,24,1,100,13.65,0.4984,496.2,P,P
IMG-SENSOR-003,W02,-5,24,1,100,15.25,0.4805,499.7,F,P
IMG-SENSOR-003,W02,-4,24,1,100,14.21,0.4914,472.8,P,P
IMG-SENSOR-003,W02,-3,24,1,100,13.65,0.4772,453.3,P,P
IMG-SENSOR-003,W02,-2,24,1,100,15.53,0.4998,476.5,P,P
IMG-SENSOR-003,W02,-1,24,1,100,10.56,0.4937,501.9,P,P
IMG-SENSOR-003,W02,0,24,1,100,12.21,0.5184,490.8,P,P
IMG-SENSOR-003,W02,1,24,1,100,9.83,0.5129,488.8,P,P
IMG-SENSOR-003,W02,2,24,1,100,13.30,0.5018,465.2,P,P
IMG-SENSOR-003,W02,3,24,1,100,13.62,0.4973,496.0,P,P
IMG-SENSOR-003,W02,4,24,1,100,10.90,0.5179,478.5,P,P
IMG-SENSOR-003,W02,5,24,1,100,10.64,0.5149,480.3,P,P
IMG-SENSOR-003,W02,6,24,1,100,11.44,0.5363,466.5,P,P
IMG-SENSOR-003,W02,7,24,1,100,14.73,0.5151,478.5,P,P
IMG-SENSOR-003,W02,8,24,1,100,9.04,0.5330,478.3,P,P
IMG-SENSOR-003,W02,9,24,1,100,15.83,0.5161,485.4,P,P
IMG-SENSOR-003,W02,10,24,1,100,13.21,0.5116,495.2,P,P
IMG-SENSOR-003,W02,11,24,1,100,13.23,0.5316,492.7,P,P
IMG-SENSOR-003,W02,-11,25,1,100,14.09,0.4871,472.0,P,P
IMG-SENSOR-003,W02,-10,25,1,100,12.07,0.5028,518.2,P,P
IMG-SENSOR-003,W02,-9,25,1,100,8.08,0.4878,453.4,P,P
IMG-SENSOR-003,W02,-8,25,1,100,10.93,0.5029,508.3,P,P
IMG-SENSOR-003,W02,-7,25,1,100,11.29,0.4777,486.7,P,P
IMG-SENSOR-003,W02,-6,25,1,100,11.36,0.4958,458.0,P,P
IMG-SENSOR-003,W02,-5,25,1,100,12.48,0.4960,496.5,P,P
IMG-SENSOR-003,W02,-4,25,1,100,15.18,0.4940,485.0,P,P
IMG-SENSOR-003,W02,-3,25,1,100,10.57,0.5029,445.3,P,P
IMG-SENSOR-003,W02,-2,25,1,100,9.24,0.5037,460.7,P,P
IMG-SENSOR-003,W02,-1,25,1,100,13.22,0.5173,499.4,P,P
IMG-SENSOR-003,W02,0,25,1,100,14.33,0.5113,490.8,P,P
IMG-SENSOR-003,W02,1,25,1,100,12.01,0.5166,472.9,P,P
IMG-SENSOR-003,W02,2,25,1,100,14.07,0.5202,477.7,P,P
IMG-SENSOR-003,W02,3,25,1,100,14.26,0.5083,502.4,P,P
IMG-SENSOR-003,W02,4,25,1,100,11.58,0.5040,462.8,P,P
IMG-SENSOR-003,W02,5,25,1,100,13.10,0.5416,483.1,P,P
IMG-SENSOR-003,W02,6,25,1,100,13.11,0.5267,495.9,P,P
IMG-SENSOR-003,W02,7,25,1,100,11.64,0.5216,454.0,P,P
IMG-SENSOR-003,W02,8,25,1,100,11.41,0.5382,479.1,P,P
IMG-SENSOR-003,W02,9,25,1,100,15.36,0.5078,469.5,P,P
IMG-SENSOR-003,W02,10,25,1,100,12.76,0.5358,473.4,P,P
IMG-SENSOR-003,W02,11,25,3,301,48.59,0.6486,321.0,P,F
IMG-SENSOR-003,W02,-11,26,1,100,14.04,0.4992,456.0,P,P
IMG-SENSOR-003,W02,-10,26,1,100,12.90,0.4632,478.7,P,P
IMG-SENSOR-003,W02,-9,26,1,100,15.96,0.5054,480.6,P,P
IMG-SENSOR-003,W02,-8,26,1,100,13.00,0.5045,457.4,P,P
IMG-SENSOR-003,W02,-7,26,1,100,14.92,0.4827,467.4,P,P
IMG-SENSOR-003,W02,-6,26,1,100,12.45,0.4626,446.1,P,P
IMG-SENSOR-003,W02,-5,26,1,100,15.76,0.5229,451.3,P,P
IMG-SENSOR-003,W02,-4,26,1,100,13.31,0.5101,473.1,P,P
IMG-SENSOR-003,W02,-3,26,1,100,13.40,0.4977,473.3,P,P
IMG-SENSOR-003,W02,-2,26,1,100,13.14,0.4692,475.6,P,P
IMG-SENSOR-003,W02,-1,26,1,100,13.45,0.4819,474.9,P,P
IMG-SENSOR-003,W02,0,26,1,100,9.20,0.5245,482.0,P,P
IMG-SENSOR-003,W02,1,26,1,100,15.00,0.4977,488.1,P,P
IMG-SENSOR-003,W02,2,26,1,100,11.63,0.5072,470.4,P,P
IMG-SENSOR-003,W02,3,26,1,100,16.04,0.4969,520.0,P,P
IMG-SENSOR-003,W02,4,26,1,100,7.83,0.5037,487.9,P,P
IMG-SENSOR-003,W02,5,26,4,201,53.39,0.6795,317.2,P,F
IMG-SENSOR-003,W02,6,26,1,100,9.51,0.5372,457.1,P,P
IMG-SENSOR-003,W02,7,26,1,100,11.66,0.5106,454.1,P,P
IMG-SENSOR-003,W02,8,26,1,100,13.14,0.5004,474.7,P,P
IMG-SENSOR-003,W02,9,26,1,100,12.20,0.5295,480.7,P,P
IMG-SENSOR-003,W02,10,26,1,100,11.44,0.5281,502.2,P,P
IMG-SENSOR-003,W02,11,26,1,100,10.77,0.5360,496.4,P,P
IMG-SENSOR-003,W02,-11,27,1,100,14.68,0.4664,453.7,P,P
IMG-SENSOR-003,W02,-10,27,1,100,12.25,0.4729,483.3,P,P
IMG-SENSOR-003,W02,-9,27,1,100,10.03,0.4952,501.0,P,P
IMG-SENSOR-003,W02,-8,27,1,100,14.79,0.4756,489.0,P,P
IMG-SENSOR-003,W02,-7,27,1,100,12.08,0.4751,458.6,P,P
IMG-SENSOR-003,W02,-6,27,1,100,11.36,0.4712,494.1,P,P
IMG-SENSOR-003,W02,-5,27,1,100,14.79,0.5156,480.7,P,P
IMG-SENSOR-003,W02,-4,27,1,100,12.20,0.4871,470.4,P,P
IMG-SENSOR-003,W02,-3,27,1,100,11.98,0.4841,516.3,P,P
IMG-SENSOR-003,W02,-2,27,3,202,50.41,0.6348,359.3,P,F
IMG-SENSOR-003,W02,-1,27,1,100,12.60,0.4885,473.1,P,P
IMG-SENSOR-003,W02,0,27,1,100,13.49,0.4721,469.4,P,P
IMG-SENSOR-003,W02,1,27,1,100,12.98,0.4973,486.5,P,P
IMG-SENSOR-003,W02,2,27,1,100,10.65,0.5238,470.4,P,P
IMG-SENSOR-003,W02,3,27,1,100,10.14,0.5470,456.4,P,P
IMG-SENSOR-003,W02,4,27,1,100,13.43,0.5337,441.6,P,P
IMG-SENSOR-003,W02,5,27,1,100,13.58,0.5418,480.5,P,P
IMG-SENSOR-003,W02,6,27,1,100,15.22,0.5175,467.9,P,P
IMG-SENSOR-003,W02,7,27,1,100,11.87,0.5540,482.6,P,P
IMG-SENSOR-003,W02,8,27,1,100,11.87,0.5207,457.6,P,P
IMG-SENSOR-003,W02,9,27,1,100,14.50,0.5171,502.7,P,P
IMG-SENSOR-003,W02,10,27,1,100,14.00,0.5113,439.8,P,P
IMG-SENSOR-003,W02,11,27,1,100,12.81,0.5338,477.2,P,P
IMG-SENSOR-003,W02,-11,28,1,100,15.01,0.4797,482.8,P,P
IMG-SENSOR-003,W02,-10,28,1,100,14.38,0.4862,460.8,P,P
IMG-SENSOR-003,W02,-9,28,2,401,42.93,0.6364,322.9,P,F
IMG-SENSOR-003,W02,-8,28,1,100,14.34,0.4895,449.2,P,P
IMG-SENSOR-003,W02,-7,28,1,100,12.88,0.5090,476.4,P,P
IMG-SENSOR-003,W02,-6,28,1,100,15.61,0.5236,462.6,P,P
IMG-SENSOR-003,W02,-5,28,1,100,11.83,0.4979,519.4,F,P
IMG-SENSOR-003,W02,-4,28,1,100,13.54,0.5206,455.8,P,P
IMG-SENSOR-003,W02,-3,28,1,100,10.46,0.5036,474.6,P,P
IMG-SENSOR-003,W02,-2,28,1,100,12.19,0.5036,475.9,P,P
IMG-SENSOR-003,W02,-1,28,1,100,13.84,0.5138,444.7,P,P
IMG-SENSOR-003,W02,0,28,1,100,14.61,0.5046,445.9,P,P
IMG-SENSOR-003,W02,1,28,1,100,13.76,0.5090,514.8,P,P
IMG-SENSOR-003,W02,2,28,1,100,15.48,0.5179,485.0,P,P
IMG-SENSOR-003,W02,3,28,1,100,9.75,0.5402,488.9,P,P
IMG-SENSOR-003,W02,4,28,1,100,13.02,0.4998,474.2,P,P
IMG-SENSOR-003,W02,5,28,1,100,10.89,0.4989,472.0,P,P
IMG-SENSOR-003,W02,6,28,1,100,13.61,0.5138,482.8,P,P
IMG-SENSOR-003,W02,7,28,1,100,13.58,0.5448,460.3,P,P
IMG-SENSOR-003,W02,8,28,1,100,11.86,0.5290,462.2,P,P
IMG-SENSOR-003,W02,9,28,1,100,15.69,0.5605,445.7,P,P
IMG-SENSOR-003,W02,10,28,1,100,10.14,0.5105,475.3,P,P
IMG-SENSOR-003,W02,11,28,3,201,47.29,0.6395,267.3,P,F
IMG-SENSOR-003,W02,-11,29,3,202,44.14,0.6197,413.6,F,F
IMG-SENSOR-003,W02,-10,29,1,100,13.40,0.5031,478.4,P,P
IMG-SENSOR-003,W02,-9,29,1,100,9.69,0.4981,471.8,P,P
IMG-SENSOR-003,W02,-8,29,1,100,11.72,0.4889,478.8,P,P
IMG-SENSOR-003,W02,-7,29,1,100,13.48,0.4920,474.5,P,P
IMG-SENSOR-003,W02,-6,29,1,100,11.04,0.4844,512.2,P,P
IMG-SENSOR-003,W02,-5,29,1,100,13.01,0.5122,468.9,P,P
IMG-SENSOR-003,W02,-4,29,1,100,14.03,0.5089,461.3,P,P
IMG-SENSOR-003,W02,-3,29,1,100,13.68,0.5025,473.3,P,P
IMG-SENSOR-003,W02,-2,29,1,100,12.99,0.5221,465.5,P,P
IMG-SENSOR-003,W02,-1,29,1,100,13.33,0.5055,475.0,P,P
IMG-SENSOR-003,W02,0,29,1,100,13.31,0.4993,435.2,P,P
IMG-SENSOR-003,W02,1,29,1,100,10.67,0.5220,472.7,P,P
IMG-SENSOR-003,W02,2,29,1,100,11.74,0.5204,520.1,P,P
IMG-SENSOR-003,W02,3,29,1,100,13.62,0.5158,476.1,P,P
IMG-SENSOR-003,W02,4,29,1,100,12.69,0.5084,486.3,P,P
IMG-SENSOR-003,W02,5,29,1,100,10.18,0.4978,488.1,P,P
IMG-SENSOR-003,W02,6,29,1,100,12.73,0.5532,455.1,P,P
IMG-SENSOR-003,W02,7,29,2,401,54.06,0.6854,259.2,P,F
IMG-SENSOR-003,W02,8,29,2,201,46.08,0.6530,383.8,P,F
IMG-SENSOR-003,W02,9,29,1,100,12.56,0.5459,494.6,P,P
IMG-SENSOR-003,W02,10,29,1,100,12.04,0.5164,458.4,P,P
IMG-SENSOR-003,W02,11,29,1,100,10.35,0.5387,453.1,P,P
IMG-SENSOR-003,W02,-10,30,1,100,13.18,0.4836,476.1,P,P
IMG-SENSOR-003,W02,-9,30,1,100,10.87,0.4897,465.0,P,P
IMG-SENSOR-003,W02,-8,30,1,100,8.81,0.4547,477.2,P,P
IMG-SENSOR-003,W02,-7,30,1,100,13.14,0.4962,479.4,P,P
IMG-SENSOR-003,W02,-6,30,1,100,13.31,0.4807,483.0,P,P
IMG-SENSOR-003,W02,-5,30,1,100,13.43,0.5252,494.1,P,P
IMG-SENSOR-003,W02,-4,30,1,100,16.12,0.5123,463.2,P,P
IMG-SENSOR-003,W02,-3,30,1,100,10.66,0.5118,492.2,P,P
IMG-SENSOR-003,W02,-2,30,1,100,14.86,0.4964,483.7,P,P
IMG-SENSOR-003,W02,-1,30,1,100,12.77,0.5280,483.6,P,P
IMG-SENSOR-003,W02,0,30,1,100,11.16,0.5002,506.9,P,P
IMG-SENSOR-003,W02,1,30,1,100,12.68,0.5303,477.7,P,P
IMG-SENSOR-003,W02,2,30,1,100,11.38,0.5259,488.4,P,P
IMG-SENSOR-003,W02,3,30,1,100,13.73,0.5053,499.3,P,P
IMG-SENSOR-003,W02,4,30,1,100,11.29,0.5033,488.5,P,P
IMG-SENSOR-003,W02,5,30,1,100,9.59,0.5211,494.8,P,P
IMG-SENSOR-003,W02,6,30,1,100,12.57,0.5291,480.3,P,P
IMG-SENSOR-003,W02,7,30,1,100,14.58,0.5426,485.2,P,P
IMG-SENSOR-003,W02,8,30,1,100,10.66,0.5479,469.5,P,P
IMG-SENSOR-003,W02,9,30,1,100,13.82,0.4971,499.9,P,P
IMG-SENSOR-003,W02,10,30,1,100,13.23,0.5117,507.7,P,P
IMG-SENSOR-003,W02,-10,31,1,100,14.58,0.4983,500.8,P,P
IMG-SENSOR-003,W02,-9,31,1,100,14.81,0.4812,516.9,P,P
IMG-SENSOR-003,W02,-8,31,1,100,13.36,0.4905,487.6,P,P
IMG-SENSOR-003,W02,-7,31,1,100,12.72,0.5082,512.6,P,P
IMG-SENSOR-003,W02,-6,31,1,100,12.11,0.4936,473.2,P,P
IMG-SENSOR-003,W02,-5,31,1,100,15.72,0.5009,467.8,P,P
IMG-SENSOR-003,W02,-4,31,1,100,14.20,0.5062,482.6,P,P
IMG-SENSOR-003,W02,-3,31,1,100,13.53,0.4870,512.2,P,P
IMG-SENSOR-003,W02,-2,31,1,100,14.83,0.5040,487.3,P,P
IMG-SENSOR-003,W02,-1,31,1,100,12.65,0.4987,492.2,P,P
IMG-SENSOR-003,W02,0,31,1,100,12.81,0.5389,490.6,F,P
IMG-SENSOR-003,W02,1,31,1,100,11.09,0.5234,461.1,P,P
IMG-SENSOR-003,W02,2,31,4,301,60.74,0.6308,247.7,F,F
IMG-SENSOR-003,W02,3,31,1,100,13.97,0.5331,479.5,P,P
IMG-SENSOR-003,W02,4,31,1,100,11.85,0.5367,481.3,P,P
IMG-SENSOR-003,W02,5,31,1,100,12.51,0.5378,479.2,P,P
IMG-SENSOR-003,W02,6,31,1,100,13.22,0.5078,457.3,P,P
IMG-SENSOR-003,W02,7,31,1,100,12.08,0.5251,467.5,P,P
IMG-SENSOR-003,W02,8,31,1,100,14.06,0.5477,457.6,P,P
IMG-SENSOR-003,W02,9,31,1,100,13.82,0.5248,510.0,P,P
IMG-SENSOR-003,W02,10,31,1,100,11.47,0.5215,478.2,P,P
IMG-SENSOR-003,W02,-10,32,1,100,13.00,0.4877,501.3,P,P
IMG-SENSOR-003,W02,-9,32,1,100,13.04,0.5355,499.2,P,P
IMG-SENSOR-003,W02,-8,32,1,100,14.68,0.4771,453.5,P,P
IMG-SENSOR-003,W02,-7,32,1,100,13.56,0.4952,457.4,P,P
IMG-SENSOR-003,W02,-6,32,1,100,14.24,0.5034,464.3,P,P
IMG-SENSOR-003,W02,-5,32,1,100,14.16,0.5276,480.7,P,P
IMG-SENSOR-003,W02,-4,32,1,100,10.75,0.4888,513.1,P,P
IMG-SENSOR-003,W02,-3,32,1,100,15.77,0.5012,465.4,P,P
IMG-SENSOR-003,W02,-2,32,1,100,13.03,0.4946,504.7,P,P
IMG-SENSOR-003,W02,-1,32,1,100,12.84,0.5094,502.6,P,P
IMG-SENSOR-003,W02,0,32,1,100,15.76,0.5311,446.4,P,P
IMG-SENSOR-003,W02,1,32,1,100,13.80,0.5338,492.3,P,P
IMG-SENSOR-003,W02,2,32,1,100,12.32,0.5339,481.6,P,P
IMG-SENSOR-003,W02,3,32,1,100,9.66,0.5051,483.4,P,P
IMG-SENSOR-003,W02,4,32,1,100,14.72,0.5314,498.0,P,P
IMG-SENSOR-003,W02,5,32,1,100,12.13,0.5237,490.6,P,P
IMG-SENSOR-003,W02,6,32,1,100,10.00,0.5375,463.1,P,P
IMG-SENSOR-003,W02,7,32,1,100,16.19,0.5405,483.5,P,P
IMG-SENSOR-003,W02,8,32,1,100,15.51,0.5210,484.3,P,P
IMG-SENSOR-003,W02,9,32,1,100,11.75,0.5295,461.1,P,P
IMG-SENSOR-003,W02,10,32,1,100,9.77,0.5339,486.7,P,P
IMG-SENSOR-003,W02,-10,33,1,100,12.59,0.4876,494.6,P,P
IMG-SENSOR-003,W02,-9,33,1,100,10.96,0.4814,487.2,P,P
IMG-SENSOR-003,W02,-8,33,1,100,13.63,0.4765,497.8,P,P
IMG-SENSOR-003,W02,-7,33,1,100,11.90,0.5263,489.0,P,P
IMG-SENSOR-003,W02,-6,33,1,100,15.76,0.4995,484.9,P,P
IMG-SENSOR-003,W02,-5,33,1,100,10.18,0.5018,448.0,P,P
IMG-SENSOR-003,W02,-4,33,1,100,12.98,0.4691,492.4,P,P
IMG-SENSOR-003,W02,-3,33,1,100,13.23,0.5072,466.8,P,P
IMG-SENSOR-003,W02,-2,33,1,100,13.69,0.4941,515.1,P,P
IMG-SENSOR-003,W02,-1,33,1,100,11.62,0.4967,478.4,P,P
IMG-SENSOR-003,W02,0,33,1,100,9.96,0.4939,465.2,P,P
IMG-SENSOR-003,W02,1,33,3,201,43.97,0.6778,297.5,P,F
IMG-SENSOR-003,W02,2,33,1,100,18.93,0.4995,498.6,P,P
IMG-SENSOR-003,W02,3,33,1,100,10.75,0.5271,481.3,P,P
IMG-SENSOR-003,W02,4,33,1,100,15.01,0.5465,457.8,P,P
IMG-SENSOR-003,W02,5,33,1,100,11.37,0.5217,485.0,P,P
IMG-SENSOR-003,W02,6,33,1,100,12.80,0.5352,451.4,P,P
IMG-SENSOR-003,W02,7,33,1,100,8.14,0.5220,512.3,P,P
IMG-SENSOR-003,W02,8,33,1,100,15.31,0.5110,486.3,P,P
IMG-SENSOR-003,W02,9,33,1,100,14.16,0.5157,479.2,P,P
IMG-SENSOR-003,W02,10,33,1,100,11.64,0.5321,496.5,P,P
IMG-SENSOR-003,W02,-10,34,1,100,14.92,0.5106,471.1,P,P
IMG-SENSOR-003,W02,-9,34,2,302,39.52,0.6515,323.2,F,F
IMG-SENSOR-003,W02,-8,34,1,100,12.58,0.4928,494.9,P,P
IMG-SENSOR-003,W02,-7,34,1,100,9.82,0.5133,494.5,P,P
IMG-SENSOR-003,W02,-6,34,1,100,13.97,0.4757,513.2,P,P
IMG-SENSOR-003,W02,-5,34,1,100,13.26,0.5168,469.0,P,P
IMG-SENSOR-003,W02,-4,34,1,100,13.82,0.5005,479.3,P,P
IMG-SENSOR-003,W02,-3,34,1,100,7.31,0.4861,520.1,P,P
IMG-SENSOR-003,W02,-2,34,1,100,14.20,0.4965,496.4,P,P
IMG-SENSOR-003,W02,-1,34,1,100,11.61,0.4935,453.1,P,P
IMG-SENSOR-003,W02,0,34,1,100,13.22,0.5227,487.6,P,P
IMG-SENSOR-003,W02,1,34,1,100,12.89,0.5078,459.5,P,P
IMG-SENSOR-003,W02,2,34,1,100,11.62,0.5331,506.7,P,P
IMG-SENSOR-003,W02,3,34,1,100,12.57,0.5477,473.7,P,P
IMG-SENSOR-003,W02,4,34,1,100,12.70,0.5205,442.4,P,P
IMG-SENSOR-003,W02,5,34,1,100,14.05,0.5214,507.8,P,P
IMG-SENSOR-003,W02,6,34,1,100,18.35,0.5120,474.7,P,P
IMG-SENSOR-003,W02,7,34,4,201,23.56,0.6690,278.2,P,F
IMG-SENSOR-003,W02,8,34,1,100,12.19,0.5209,474.8,P,P
IMG-SENSOR-003,W02,9,34,1,100,13.42,0.5593,476.9,P,P
IMG-SENSOR-003,W02,10,34,1,100,12.99,0.5553,473.0,P,P
IMG-SENSOR-003,W02,-10,35,1,100,12.99,0.4922,471.4,P,P
IMG-SENSOR-003,W02,-9,35,1,100,12.87,0.5081,468.6,P,P
IMG-SENSOR-003,W02,-8,35,1,100,14.72,0.5005,485.8,P,P
IMG-SENSOR-003,W02,-7,35,1,100,12.56,0.5227,502.9,P,P
IMG-SENSOR-003,W02,-6,35,1,100,15.20,0.5083,478.4,P,P
IMG-SENSOR-003,W02,-5,35,1,100,13.17,0.5069,459.0,P,P
IMG-SENSOR-003,W02,-4,35,1,100,11.38,0.4867,488.8,P,P
IMG-SENSOR-003,W02,-3,35,1,100,14.70,0.5064,463.3,P,P
IMG-SENSOR-003,W02,-2,35,1,100,11.42,0.5101,488.4,P,P
IMG-SENSOR-003,W02,-1,35,1,100,14.27,0.5211,470.8,P,P
IMG-SENSOR-003,W02,0,35,1,100,13.18,0.5187,474.5,P,P
IMG-SENSOR-003,W02,1,35,1,100,15.41,0.4968,466.7,P,P
IMG-SENSOR-003,W02,2,35,1,100,10.52,0.5435,522.1,P,P
IMG-SENSOR-003,W02,3,35,1,100,10.71,0.5371,490.0,P,P
IMG-SENSOR-003,W02,4,35,1,100,9.90,0.5315,487.7,P,P
IMG-SENSOR-003,W02,5,35,1,100,10.56,0.5208,470.1,P,P
IMG-SENSOR-003,W02,6,35,1,100,15.62,0.5340,459.1,P,P
IMG-SENSOR-003,W02,7,35,1,100,10.86,0.5379,526.2,P,P
IMG-SENSOR-003,W02,8,35,1,100,8.26,0.5141,477.5,P,P
IMG-SENSOR-003,W02,9,35,1,100,12.29,0.5202,481.7,P,P
IMG-SENSOR-003,W02,10,35,1,100,12.68,0.5339,483.9,P,P
IMG-SENSOR-003,W02,-10,36,1,100,9.88,0.4754,489.5,P,P
IMG-SENSOR-003,W02,-9,36,1,100,13.42,0.4845,473.1,P,P
IMG-SENSOR-003,W02,-8,36,1,100,10.11,0.5224,474.0,P,P
IMG-SENSOR-003,W02,-7,36,1,100,12.47,0.5101,488.5,P,P
IMG-SENSOR-003,W02,-6,36,1,100,10.81,0.5100,473.1,P,P
IMG-SENSOR-003,W02,-5,36,1,100,10.75,0.5026,471.5,P,P
IMG-SENSOR-003,W02,-4,36,1,100,9.90,0.4520,491.1,P,P
IMG-SENSOR-003,W02,-3,36,1,100,13.14,0.5209,466.4,P,P
IMG-SENSOR-003,W02,-2,36,1,100,11.26,0.5192,453.7,P,P
IMG-SENSOR-003,W02,-1,36,1,100,11.65,0.5240,462.1,P,P
IMG-SENSOR-003,W02,0,36,1,100,12.89,0.5212,474.6,P,P
IMG-SENSOR-003,W02,1,36,1,100,9.96,0.5333,496.0,P,P
IMG-SENSOR-003,W02,2,36,1,100,8.34,0.5218,486.7,P,P
IMG-SENSOR-003,W02,3,36,1,100,19.13,0.4946,491.4,P,P
IMG-SENSOR-003,W02,4,36,1,100,13.86,0.5236,468.4,P,P
IMG-SENSOR-003,W02,5,36,1,100,9.85,0.5618,475.1,P,P
IMG-SENSOR-003,W02,6,36,1,100,13.15,0.5497,478.0,P,P
IMG-SENSOR-003,W02,7,36,1,100,12.98,0.5239,485.6,P,P
IMG-SENSOR-003,W02,8,36,1,100,11.03,0.5255,429.1,P,P
IMG-SENSOR-003,W02,9,36,1,100,10.08,0.5320,464.9,P,P
IMG-SENSOR-003,W02,10,36,1,100,13.61,0.5492,442.7,P,P
IMG-SENSOR-003,W02,-10,37,1,100,10.92,0.5062,494.1,P,P
IMG-SENSOR-003,W02,-9,37,1,100,16.04,0.5021,474.6,P,P
IMG-SENSOR-003,W02,-8,37,1,100,12.56,0.4853,490.3,P,P
IMG-SENSOR-003,W02,-7,37,1,100,11.24,0.4805,464.7,P,P
IMG-SENSOR-003,W02,-6,37,1,100,13.28,0.4874,520.7,P,P
IMG-SENSOR-003,W02,-5,37,1,100,9.23,0.5052,518.8,P,P
IMG-SENSOR-003,W02,-4,37,1,100,13.52,0.5011,490.5,P,P
IMG-SENSOR-003,W02,-3,37,1,100,13.60,0.5106,478.8,P,P
IMG-SENSOR-003,W02,-2,37,1,100,13.49,0.5097,472.1,P,P
IMG-SENSOR-003,W02,-1,37,1,100,13.53,0.5335,495.6,P,P
IMG-SENSOR-003,W02,0,37,1,100,9.39,0.5314,467.3,P,P
IMG-SENSOR-003,W02,1,37,1,100,13.51,0.5052,451.8,P,P
IMG-SENSOR-003,W02,2,37,1,100,13.07,0.5181,478.3,P,P
IMG-SENSOR-003,W02,3,37,1,100,11.81,0.5492,469.9,P,P
IMG-SENSOR-003,W02,4,37,1,100,8.45,0.5363,493.8,P,P
IMG-SENSOR-003,W02,5,37,1,100,9.41,0.5389,482.2,P,P
IMG-SENSOR-003,W02,6,37,1,100,14.59,0.5509,476.8,P,P
IMG-SENSOR-003,W02,7,37,1,100,11.23,0.5103,494.2,P,P
IMG-SENSOR-003,W02,8,37,1,100,12.80,0.5198,485.3,P,P
IMG-SENSOR-003,W02,9,37,1,100,14.53,0.5317,464.4,P,P
IMG-SENSOR-003,W02,10,37,1,100,13.72,0.5489,475.4,P,P
IMG-SENSOR-003,W02,-10,38,1,100,12.49,0.4921,475.9,P,P
IMG-SENSOR-003,W02,-9,38,1,100,12.76,0.5039,491.0,P,P
IMG-SENSOR-003,W02,-8,38,1,100,10.39,0.5181,511.9,P,P
IMG-SENSOR-003,W02,-7,38,1,100,11.58,0.5088,478.2,P,P
IMG-SENSOR-003,W02,-6,38,1,100,13.57,0.5075,477.7,P,P
IMG-SENSOR-003,W02,-5,38,1,100,11.11,0.4966,465.4,P,P
IMG-SENSOR-003,W02,-4,38,1,100,11.97,0.4903,489.8,P,P
IMG-SENSOR-003,W02,-3,38,1,100,13.49,0.4945,463.3,P,P
IMG-SENSOR-003,W02,-2,38,1,100,13.26,0.5094,521.1,P,P
IMG-SENSOR-003,W02,-1,38,1,100,10.46,0.5172,475.4,P,P
IMG-SENSOR-003,W02,0,38,1,100,14.13,0.5067,485.8,P,P
IMG-SENSOR-003,W02,1,38,1,100,14.29,0.5162,450.8,P,P
IMG-SENSOR-003,W02,2,38,1,100,9.66,0.5162,472.8,P,P
IMG-SENSOR-003,W02,3,38,1,100,16.63,0.5447,465.4,P,P
IMG-SENSOR-003,W02,4,38,1,100,13.97,0.5185,465.2,P,P
IMG-SENSOR-003,W02,5,38,1,100,11.59,0.5515,506.0,P,P
IMG-SENSOR-003,W02,6,38,1,100,11.11,0.5190,494.7,P,P
IMG-SENSOR-003,W02,7,38,1,100,13.68,0.5382,437.2,P,P
IMG-SENSOR-003,W02,8,38,1,100,12.59,0.5167,471.7,P,P
IMG-SENSOR-003,W02,9,38,1,100,16.17,0.5365,480.6,P,P
IMG-SENSOR-003,W02,10,38,1,100,14.02,0.5435,504.3,P,P
IMG-SENSOR-003,W02,-10,39,4,302,43.59,0.6355,274.4,P,F
IMG-SENSOR-003,W02,-9,39,1,100,13.91,0.5084,495.3,P,P
IMG-SENSOR-003,W02,-8,39,1,100,14.41,0.5092,493.2,P,P
IMG-SENSOR-003,W02,-7,39,1,100,11.58,0.5198,502.1,P,P
IMG-SENSOR-003,W02,-6,39,1,100,13.83,0.5062,482.6,P,P
IMG-SENSOR-003,W02,-5,39,1,100,12.26,0.5060,459.6,P,P
IMG-SENSOR-003,W02,-4,39,1,100,12.30,0.5124,446.9,P,P
IMG-SENSOR-003,W02,-3,39,1,100,9.95,0.5322,462.0,P,P
IMG-SENSOR-003,W02,-2,39,1,100,14.86,0.5298,464.7,P,P
IMG-SENSOR-003,W02,-1,39,1,100,11.69,0.5298,487.1,P,P
IMG-SENSOR-003,W02,0,39,1,100,11.07,0.5327,499.2,P,P
IMG-SENSOR-003,W02,1,39,1,100,12.29,0.5311,488.1,P,P
IMG-SENSOR-003,W02,2,39,1,100,13.40,0.5217,442.4,P,P
IMG-SENSOR-003,W02,3,39,1,100,14.34,0.5207,432.7,P,P
IMG-SENSOR-003,W02,4,39,1,100,14.23,0.5375,475.9,P,P
IMG-SENSOR-003,W02,5,39,1,100,14.43,0.5507,470.2,P,P
IMG-SENSOR-003,W02,6,39,1,100,14.04,0.5046,486.2,P,P
IMG-SENSOR-003,W02,7,39,1,100,9.90,0.5391,517.2,P,P
IMG-SENSOR-003,W02,8,39,1,100,12.73,0.5386,464.5,P,P
IMG-SENSOR-003,W02,9,39,1,100,11.35,0.5323,482.7,P,P
IMG-SENSOR-003,W02,10,39,1,100,12.86,0.5448,498.4,P,P
IMG-SENSOR-003,W02,-10,40,1,100,12.07,0.4867,484.6,P,P
IMG-SENSOR-003,W02,-9,40,1,100,14.62,0.4928,477.2,P,P
IMG-SENSOR-003,W02,-8,40,4,302,38.65,0.6321,300.7,F,F
IMG-SENSOR-003,W02,-7,40,1,100,11.75,0.4844,480.5,P,P
IMG-SENSOR-003,W02,-6,40,1,100,14.31,0.5262,478.7,P,P
IMG-SENSOR-003,W02,-5,40,1,100,13.80,0.5520,494.4,P,P
IMG-SENSOR-003,W02,-4,40,1,100,14.22,0.5095,486.1,P,P
IMG-SENSOR-003,W02,-3,40,1,100,11.99,0.5252,471.7,P,P
IMG-SENSOR-003,W02,-2,40,1,100,11.76,0.4863,501.3,P,P
IMG-SENSOR-003,W02,-1,40,1,100,12.93,0.5084,479.0,P,P
IMG-SENSOR-003,W02,0,40,1,100,12.95,0.5255,521.5,P,P
IMG-SENSOR-003,W02,1,40,1,100,15.86,0.5066,473.6,P,P
IMG-SENSOR-003,W02,2,40,1,100,9.69,0.5148,467.2,P,P
IMG-SENSOR-003,W02,3,40,1,100,9.18,0.5234,482.6,P,P
IMG-SENSOR-003,W02,4,40,1,100,16.94,0.5331,502.3,P,P
IMG-SENSOR-003,W02,5,40,4,302,58.66,0.6681,330.4,P,F
IMG-SENSOR-003,W02,6,40,1,100,14.59,0.5474,480.4,P,P
IMG-SENSOR-003,W02,7,40,1,100,11.45,0.5315,454.4,P,P
IMG-SENSOR-003,W02,8,40,1,100,12.37,0.5027,441.2,P,P
IMG-SENSOR-003,W02,9,40,3,202,45.69,0.6720,343.0,P,F
IMG-SENSOR-003,W02,10,40,3,301,42.57,0.6771,330.3,P,F
IMG-SENSOR-003,W02,-10,41,1,100,15.29,0.5092,487.7,P,P
IMG-SENSOR-003,W02,-9,41,1,100,12.92,0.5288,499.4,P,P
IMG-SENSOR-003,W02,-8,41,1,100,12.43,0.4770,505.3,P,P
IMG-SENSOR-003,W02,-7,41,1,100,10.35,0.5102,448.7,P,P
IMG-SENSOR-003,W02,-6,41,1,100,12.12,0.4974,490.8,P,P
IMG-SENSOR-003,W02,-5,41,1,100,12.74,0.5083,487.5,P,P
IMG-SENSOR-003,W02,-4,41,3,302,41.54,0.6754,285.1,F,F
IMG-SENSOR-003,W02,-3,41,1,100,11.40,0.5296,482.5,P,P
IMG-SENSOR-003,W02,-2,41,1,100,13.97,0.5095,456.4,P,P
IMG-SENSOR-003,W02,-1,41,1,100,9.48,0.5358,443.0,P,P
IMG-SENSOR-003,W02,0,41,1,100,12.08,0.5182,481.8,P,P
IMG-SENSOR-003,W02,1,41,1,100,15.53,0.5244,452.5,P,P
IMG-SENSOR-003,W02,2,41,1,100,12.89,0.5296,499.0,P,P
IMG-SENSOR-003,W02,3,41,1,100,11.27,0.5450,488.1,P,P
IMG-SENSOR-003,W02,4,41,1,100,13.32,0.5273,497.2,P,P
IMG-SENSOR-003,W02,5,41,1,100,12.13,0.5467,488.5,P,P
IMG-SENSOR-003,W02,6,41,1,100,12.62,0.5313,465.0,P,P
IMG-SENSOR-003,W02,7,41,1,100,14.24,0.5341,481.6,P,P
IMG-SENSOR-003,W02,8,41,1,100,13.92,0.5091,501.6,P,P
IMG-SENSOR-003,W02,9,41,1,100,10.70,0.5278,476.5,P,P
IMG-SENSOR-003,W02,10,41,2,201,57.63,0.6932,364.9,P,F
IMG-SENSOR-003,W02,-10,42,1,100,14.51,0.4878,496.3,P,P
IMG-SENSOR-003,W02,-9,42,1,100,13.84,0.5006,471.3,P,P
IMG-SENSOR-003,W02,-8,42,1,100,11.74,0.4843,441.9,P,P
IMG-SENSOR-003,W02,-7,42,1,100,12.53,0.5044,488.3,P,P
IMG-SENSOR-003,W02,-6,42,1,100,12.36,0.4988,468.0,P,P
IMG-SENSOR-003,W02,-5,42,1,100,13.05,0.4798,488.4,P,P
IMG-SENSOR-003,W02,-4,42,1,100,14.86,0.5486,477.3,P,P
IMG-SENSOR-003,W02,-3,42,1,100,11.75,0.4916,475.8,F,P
IMG-SENSOR-003,W02,-2,42,1,100,11.52,0.5020,485.8,P,P
IMG-SENSOR-003,W02,-1,42,1,100,11.14,0.5177,483.4,P,P
IMG-SENSOR-003,W02,0,42,1,100,17.48,0.5183,475.9,P,P
IMG-SENSOR-003,W02,1,42,1,100,12.41,0.5269,456.5,P,P
IMG-SENSOR-003,W02,2,42,1,100,13.19,0.5216,488.2,P,P
IMG-SENSOR-003,W02,3,42,1,100,12.03,0.5397,492.8,P,P
IMG-SENSOR-003,W02,4,42,1,100,13.44,0.5422,489.8,P,P
IMG-SENSOR-003,W02,5,42,1,100,11.89,0.5383,481.0,P,P
IMG-SENSOR-003,W02,6,42,1,100,13.39,0.5398,470.8,P,P
IMG-SENSOR-003,W02,7,42,1,100,9.94,0.5192,483.9,P,P
IMG-SENSOR-003,W02,8,42,1,100,13.71,0.5493,470.7,P,P
IMG-SENSOR-003,W02,9,42,1,100,15.22,0.5271,460.3,P,P
IMG-SENSOR-003,W02,10,42,2,401,45.76,0.6903,265.3,F,F
IMG-SENSOR-003,W02,-9,43,1,100,12.70,0.5125,495.9,P,P
IMG-SENSOR-003,W02,-8,43,1,100,10.77,0.5223,466.5,P,P
IMG-SENSOR-003,W02,-7,43,1,100,12.96,0.4985,501.8,P,P
IMG-SENSOR-003,W02,-6,43,1,100,13.86,0.4902,456.9,P,P
IMG-SENSOR-003,W02,-5,43,1,100,11.94,0.5030,443.7,P,P
IMG-SENSOR-003,W02,-4,43,1,100,15.12,0.5110,479.1,P,P
IMG-SENSOR-003,W02,-3,43,1,100,13.76,0.5076,481.2,P,P
IMG-SENSOR-003,W02,-2,43,1,100,12.49,0.5050,488.9,P,P
IMG-SENSOR-003,W02,-1,43,1,100,14.37,0.5274,495.7,P,P
IMG-SENSOR-003,W02,0,43,1,100,9.39,0.5433,491.5,P,P
IMG-SENSOR-003,W02,1,43,1,100,13.49,0.5279,476.9,P,P
IMG-SENSOR-003,W02,2,43,1,100,13.99,0.5115,463.7,P,P
IMG-SENSOR-003,W02,3,43,1,100,14.62,0.5167,476.9,P,P
IMG-SENSOR-003,W02,4,43,1,100,13.97,0.5413,484.4,P,P
IMG-SENSOR-003,W02,5,43,1,100,14.97,0.5223,468.5,P,P
IMG-SENSOR-003,W02,6,43,1,100,15.22,0.5382,457.3,P,P
IMG-SENSOR-003,W02,7,43,2,401,53.77,0.6842,286.5,P,F
IMG-SENSOR-003,W02,8,43,1,100,9.72,0.5434,459.3,P,P
IMG-SENSOR-003,W02,9,43,1,100,14.47,0.5222,493.7,P,P
IMG-SENSOR-003,W02,-9,44,1,100,12.23,0.5016,474.1,P,P
IMG-SENSOR-003,W02,-8,44,1,100,12.87,0.4748,473.2,P,P
IMG-SENSOR-003,W02,-7,44,1,100,14.88,0.5313,483.1,P,P
IMG-SENSOR-003,W02,-6,44,1,100,13.33,0.5146,468.1,P,P
IMG-SENSOR-003,W02,-5,44,1,100,11.25,0.5251,492.9,P,P
IMG-SENSOR-003,W02,-4,44,1,100,15.92,0.5490,454.6,P,P
IMG-SENSOR-003,W02,-3,44,1,100,11.79,0.5145,444.5,P,P
IMG-SENSOR-003,W02,-2,44,1,100,16.77,0.5106,489.0,P,P
IMG-SENSOR-003,W02,-1,44,1,100,11.31,0.5471,456.1,P,P
IMG-SENSOR-003,W02,0,44,1,100,12.35,0.5077,481.4,P,P
IMG-SENSOR-003,W02,1,44,4,401,59.16,0.6651,281.4,P,F
IMG-SENSOR-003,W02,2,44,1,100,12.03,0.5012,485.8,P,P
IMG-SENSOR-003,W02,3,44,1,100,10.62,0.5318,454.3,P,P
IMG-SENSOR-003,W02,4,44,1,100,13.58,0.5349,481.5,P,P
IMG-SENSOR-003,W02,5,44,1,100,12.18,0.5317,468.4,P,P
IMG-SENSOR-003,W02,6,44,1,100,11.11,0.5356,461.7,P,P
IMG-SENSOR-003,W02,7,44,1,100,14.43,0.5304,482.0,P,P
IMG-SENSOR-003,W02,8,44,1,100,13.48,0.5407,457.0,P,P
IMG-SENSOR-003,W02,9,44,4,202,53.60,0.7107,272.6,P,F
IMG-SENSOR-003,W02,-9,45,1,100,14.17,0.4860,478.4,P,P
IMG-SENSOR-003,W02,-8,45,1,100,11.48,0.5082,477.6,P,P
IMG-SENSOR-003,W02,-7,45,1,100,12.18,0.4936,453.5,P,P
IMG-SENSOR-003,W02,-6,45,1,100,11.35,0.5468,458.7,P,P
IMG-SENSOR-003,W02,-5,45,3,401,43.11,0.6698,306.3,F,F
IMG-SENSOR-003,W02,-4,45,1,100,16.16,0.4939,514.0,P,P
IMG-SENSOR-003,W02,-3,45,1,100,12.93,0.5169,465.3,P,P
IMG-SENSOR-003,W02,-2,45,1,100,11.44,0.5166,479.2,P,P
IMG-SENSOR-003,W02,-1,45,1,100,13.27,0.5151,478.4,P,P
IMG-SENSOR-003,W02,0,45,1,100,15.07,0.5373,495.8,P,P
IMG-SENSOR-003,W02,1,45,1,100,13.53,0.5389,474.9,P,P
IMG-SENSOR-003,W02,2,45,1,100,10.52,0.5472,453.0,P,P
IMG-SENSOR-003,W02,3,45,2,302,32.41,0.6573,352.2,F,F
IMG-SENSOR-003,W02,4,45,2,302,41.46,0.6507,362.1,F,F
IMG-SENSOR-003,W02,5,45,1,100,13.08,0.5221,478.9,P,P
IMG-SENSOR-003,W02,6,45,1,100,12.93,0.5219,440.7,P,P
IMG-SENSOR-003,W02,7,45,1,100,12.90,0.5240,466.3,P,P
IMG-SENSOR-003,W02,8,45,1,100,9.91,0.5520,473.2,P,P
IMG-SENSOR-003,W02,9,45,1,100,15.59,0.5598,480.5,P,P
IMG-SENSOR-003,W02,-9,46,1,100,12.90,0.5050,501.6,P,P
IMG-SENSOR-003,W02,-8,46,1,100,8.48,0.5333,498.7,P,P
IMG-SENSOR-003,W02,-7,46,1,100,13.86,0.5014,476.5,P,P
IMG-SENSOR-003,W02,-6,46,1,100,13.43,0.4962,463.5,P,P
IMG-SENSOR-003,W02,-5,46,1,100,12.65,0.5034,460.2,P,P
IMG-SENSOR-003,W02,-4,46,1,100,14.58,0.4982,500.4,P,P
IMG-SENSOR-003,W02,-3,46,1,100,9.03,0.5140,471.5,P,P
IMG-SENSOR-003,W02,-2,46,1,100,14.32,0.5304,465.4,P,P
IMG-SENSOR-003,W02,-1,46,1,100,13.47,0.5300,468.2,P,P
IMG-SENSOR-003,W02,0,46,1,100,15.10,0.5141,490.3,P,P
IMG-SENSOR-003,W02,1,46,1,100,11.29,0.5321,497.4,P,P
IMG-SENSOR-003,W02,2,46,1,100,13.72,0.4910,489.1,P,P
IMG-SENSOR-003,W02,3,46,1,100,11.57,0.5489,490.4,P,P
IMG-SENSOR-003,W02,4,46,1,100,12.58,0.5406,476.5,P,P
IMG-SENSOR-003,W02,5,46,1,100,15.20,0.5472,474.1,P,P
IMG-SENSOR-003,W02,6,46,1,100,13.48,0.5600,461.6,P,P
IMG-SENSOR-003,W02,7,46,1,100,8.90,0.5329,453.9,P,P
IMG-SENSOR-003,W02,8,46,1,100,8.90,0.5324,485.5,P,P
IMG-SENSOR-003,W02,9,46,1,100,13.90,0.5285,485.4,P,P
IMG-SENSOR-003,W02,-9,47,1,100,11.56,0.5203,506.6,P,P
IMG-SENSOR-003,W02,-8,47,1,100,11.03,0.5191,526.8,P,P
IMG-SENSOR-003,W02,-7,47,1,100,15.14,0.5160,467.8,P,P
IMG-SENSOR-003,W02,-6,47,1,100,15.09,0.5163,500.4,P,P
IMG-SENSOR-003,W02,-5,47,1,100,10.91,0.5173,495.8,P,P
IMG-SENSOR-003,W02,-4,47,1,100,14.86,0.5197,476.1,P,P
IMG-SENSOR-003,W02,-3,47,1,100,13.13,0.5255,464.1,P,P
IMG-SENSOR-003,W02,-2,47,1,100,15.99,0.5279,497.6,P,P
IMG-SENSOR-003,W02,-1,47,1,100,13.16,0.5315,469.8,P,P
IMG-SENSOR-003,W02,0,47,1,100,13.24,0.5045,479.1,P,P
IMG-SENSOR-003,W02,1,47,1,100,14.92,0.5396,495.0,P,P
IMG-SENSOR-003,W02,2,47,1,100,11.23,0.5415,468.4,P,P
IMG-SENSOR-003,W02,3,47,1,100,13.70,0.5414,489.9,P,P
IMG-SENSOR-003,W02,4,47,1,100,11.72,0.5278,506.0,P,P
IMG-SENSOR-003,W02,5,47,1,100,16.33,0.5453,482.5,P,P
IMG-SENSOR-003,W02,6,47,1,100,13.28,0.5415,450.7,P,P
IMG-SENSOR-003,W02,7,47,1,100,15.12,0.5557,492.0,P,P
IMG-SENSOR-003,W02,8,47,3,201,41.04,0.6796,320.4,P,F
IMG-SENSOR-003,W02,9,47,1,100,14.43,0.5469,461.1,P,P
IMG-SENSOR-003,W02,-9,48,2,201,54.31,0.6664,277.2,P,F
IMG-SENSOR-003,W02,-8,48,1,100,11.99,0.4990,525.0,P,P
IMG-SENSOR-003,W02,-7,48,1,100,10.10,0.5136,493.6,P,P
IMG-SENSOR-003,W02,-6,48,4,201,26.43,0.6538,314.4,P,F
IMG-SENSOR-003,W02,-5,48,1,100,12.09,0.5106,494.6,P,P
IMG-SENSOR-003,W02,-4,48,1,100,13.27,0.4863,477.8,P,P
IMG-SENSOR-003,W02,-3,48,1,100,12.41,0.5379,475.2,P,P
IMG-SENSOR-003,W02,-2,48,1,100,11.75,0.5046,472.1,P,P
IMG-SENSOR-003,W02,-1,48,1,100,17.76,0.5498,486.7,P,P
IMG-SENSOR-003,W02,0,48,3,301,40.81,0.6980,302.9,F,F
IMG-SENSOR-003,W02,1,48,1,100,12.63,0.5395,494.4,P,P
IMG-SENSOR-003,W02,2,48,1,100,11.20,0.5196,479.9,P,P
IMG-SENSOR-003,W02,3,48,1,100,12.76,0.5475,498.0,P,P
IMG-SENSOR-003,W02,4,48,1,100,10.32,0.5587,492.1,P,P
IMG-SENSOR-003,W02,5,48,1,100,11.44,0.5407,486.8,P,P
IMG-SENSOR-003,W02,6,48,1,100,15.92,0.5563,474.7,P,P
IMG-SENSOR-003,W02,7,48,1,100,11.08,0.5598,484.2,P,P
IMG-SENSOR-003,W02,8,48,1,100,11.95,0.5549,477.5,P,P
IMG-SENSOR-003,W02,9,48,1,100,11.44,0.5318,499.3,P,P
IMG-SENSOR-003,W02,-9,49,3,302,48.19,0.6559,285.9,P,F
IMG-SENSOR-003,W02,-8,49,1,100,16.24,0.4937,487.6,P,P
IMG-SENSOR-003,W02,-7,49,1,100,12.53,0.5448,456.6,P,P
IMG-SENSOR-003,W02,-6,49,1,100,13.51,0.5105,473.1,P,P
IMG-SENSOR-003,W02,-5,49,1,100,13.55,0.5025,489.5,P,P
IMG-SENSOR-003,W02,-4,49,1,100,12.05,0.5325,460.9,P,P
IMG-SENSOR-003,W02,-3,49,1,100,11.82,0.5268,471.5,P,P
IMG-SENSOR-003,W02,-2,49,1,100,10.27,0.5342,469.2,P,P
IMG-SENSOR-003,W02,-1,49,1,100,14.20,0.5426,479.0,P,P
IMG-SENSOR-003,W02,0,49,1,100,9.51,0.5462,526.8,P,P
IMG-SENSOR-003,W02,1,49,2,302,43.44,0.6495,317.9,F,F
IMG-SENSOR-003,W02,2,49,1,100,12.48,0.5392,501.8,P,P
IMG-SENSOR-003,W02,3,49,1,100,10.16,0.5623,458.2,P,P
IMG-SENSOR-003,W02,4,49,1,100,13.41,0.5268,437.9,P,P
IMG-SENSOR-003,W02,5,49,1,100,9.86,0.5511,534.4,P,P
IMG-SENSOR-003,W02,6,49,1,100,9.33,0.5305,480.5,P,P
IMG-SENSOR-003,W02,7,49,1,100,12.28,0.5239,478.8,P,P
IMG-SENSOR-003,W02,8,49,1,100,11.40,0.5548,438.4,P,P
IMG-SENSOR-003,W02,9,49,2,201,52.71,0.6843,324.9,P,F
IMG-SENSOR-003,W02,-9,50,1,100,12.67,0.4633,478.0,P,P
IMG-SENSOR-003,W02,-8,50,1,100,12.88,0.5271,463.5,P,P
IMG-SENSOR-003,W02,-7,50,1,100,13.50,0.4820,497.4,P,P
IMG-SENSOR-003,W02,-6,50,1,100,10.57,0.5104,475.7,P,P
IMG-SENSOR-003,W02,-5,50,1,100,15.56,0.5292,480.7,P,P
IMG-SENSOR-003,W02,-4,50,1,100,13.45,0.5232,474.1,P,P
IMG-SENSOR-003,W02,-3,50,1,100,9.96,0.5115,506.6,P,P
IMG-SENSOR-003,W02,-2,50,1,100,14.08,0.5597,513.7,P,P
IMG-SENSOR-003,W02,-1,50,1,100,13.37,0.5175,475.4,P,P
IMG-SENSOR-003,W02,0,50,1,100,10.97,0.5443,493.6,P,P
IMG-SENSOR-003,W02,1,50,1,100,12.95,0.5384,449.7,P,P
IMG-SENSOR-003,W02,2,50,1,100,12.89,0.5300,490.4,P,P
IMG-SENSOR-003,W02,3,50,1,100,11.23,0.5511,476.5,P,P
IMG-SENSOR-003,W02,4,50,1,100,12.70,0.5269,458.4,P,P
IMG-SENSOR-003,W02,5,50,1,100,10.16,0.5256,472.5,P,P
IMG-SENSOR-003,W02,6,50,1,100,15.08,0.5513,466.3,P,P
IMG-SENSOR-003,W02,7,50,1,100,12.16,0.5471,487.7,P,P
IMG-SENSOR-003,W02,8,50,1,100,13.00,0.5679,475.4,P,P
IMG-SENSOR-003,W02,9,50,2,302,42.78,0.6875,250.6,F,F
IMG-SENSOR-003,W02,-9,51,1,100,13.78,0.5124,491.7,P,P
IMG-SENSOR-003,W02,-8,51,1,100,11.44,0.5249,476.2,P,P
IMG-SENSOR-003,W02,-7,51,1,100,11.65,0.5410,462.9,P,P
IMG-SENSOR-003,W02,-6,51,1,100,9.40,0.5104,502.0,P,P
IMG-SENSOR-003,W02,-5,51,1,100,12.21,0.5157,464.9,P,P
IMG-SENSOR-003,W02,-4,51,1,100,11.76,0.5126,507.8,P,P
IMG-SENSOR-003,W02,-3,51,1,100,11.88,0.5058,458.5,P,P
IMG-SENSOR-003,W02,-2,51,1,100,13.68,0.5280,462.7,P,P
IMG-SENSOR-003,W02,-1,51,1,100,8.60,0.5167,449.9,P,P
IMG-SENSOR-003,W02,0,51,1,100,10.01,0.5467,479.5,P,P
IMG-SENSOR-003,W02,1,51,1,100,11.76,0.5362,467.9,P,P
IMG-SENSOR-003,W02,2,51,1,100,10.83,0.5442,491.4,P,P
IMG-SENSOR-003,W02,3,51,1,100,10.85,0.5488,483.9,P,P
IMG-SENSOR-003,W02,4,51,1,100,11.40,0.5449,487.4,P,P
IMG-SENSOR-003,W02,5,51,1,100,10.49,0.5366,486.2,P,P
IMG-SENSOR-003,W02,6,51,1,100,14.24,0.5484,472.9,P,P
IMG-SENSOR-003,W02,7,51,1,100,16.23,0.5310,491.4,P,P
IMG-SENSOR-003,W02,8,51,1,100,12.62,0.5584,507.2,P,P
IMG-SENSOR-003,W02,9,51,1,100,12.28,0.5473,488.7,P,P
IMG-SENSOR-003,W02,-8,52,1,100,11.74,0.5086,477.1,P,P
IMG-SENSOR-003,W02,-7,52,1,100,12.26,0.5187,491.0,P,P
IMG-SENSOR-003,W02,-6,52,1,100,10.36,0.5020,481.7,P,P
IMG-SENSOR-003,W02,-5,52,1,100,14.63,0.5242,481.4,P,P
IMG-SENSOR-003,W02,-4,52,1,100,13.23,0.5107,494.2,P,P
IMG-SENSOR-003,W02,-3,52,1,100,11.11,0.5117,465.6,P,P
IMG-SENSOR-003,W02,-2,52,1,100,14.79,0.5345,468.5,P,P
IMG-SENSOR-003,W02,-1,52,1,100,13.91,0.5331,484.5,P,P
IMG-SENSOR-003,W02,0,52,4,401,43.43,0.6626,277.1,F,F
IMG-SENSOR-003,W02,1,52,1,100,14.34,0.5347,503.9,P,P
IMG-SENSOR-003,W02,2,52,3,301,40.32,0.6887,248.8,P,F
IMG-SENSOR-003,W02,3,52,1,100,10.63,0.5405,477.2,P,P
IMG-SENSOR-003,W02,4,52,1,100,12.78,0.5139,466.5,P,P
IMG-SENSOR-003,W02,5,52,1,100,14.43,0.5597,475.8,P,P
IMG-SENSOR-003,W02,6,52,1,100,12.88,0.5240,482.0,P,P
IMG-SENSOR-003,W02,7,52,1,100,14.77,0.5600,483.6,P,P
IMG-SENSOR-003,W02,8,52,1,100,13.22,0.5438,497.8,P,P
IMG-SENSOR-003,W02,-8,53,1,100,13.78,0.5404,467.8,P,P
IMG-SENSOR-003,W02,-7,53,1,100,12.75,0.5440,497.6,P,P
IMG-SENSOR-003,W02,-6,53,1,100,12.40,0.5214,476.4,P,P
IMG-SENSOR-003,W02,-5,53,1,100,12.66,0.5142,481.0,P,P
IMG-SENSOR-003,W02,-4,53,1,100,12.93,0.5285,470.4,P,P
IMG-SENSOR-003,W02,-3,53,1,100,13.12,0.5631,482.9,P,P
IMG-SENSOR-003,W02,-2,53,1,100,12.40,0.5276,476.7,P,P
IMG-SENSOR-003,W02,-1,53,1,100,13.55,0.5212,475.8,P,P
IMG-SENSOR-003,W02,0,53,1,100,12.31,0.5330,485.9,P,P
IMG-SENSOR-003,W02,1,53,1,100,11.09,0.5074,460.2,P,P
IMG-SENSOR-003,W02,2,53,1,100,10.78,0.5197,479.1,P,P
IMG-SENSOR-003,W02,3,53,1,100,13.74,0.5378,457.9,P,P
IMG-SENSOR-003,W02,4,53,1,100,11.91,0.5141,500.4,P,P
IMG-SENSOR-003,W02,5,53,1,100,15.09,0.5558,470.6,P,P
IMG-SENSOR-003,W02,6,53,1,100,11.65,0.5498,457.0,P,P
IMG-SENSOR-003,W02,7,53,1,100,10.77,0.5585,474.0,P,P
IMG-SENSOR-003,W02,8,53,1,100,15.05,0.5370,518.1,P,P
IMG-SENSOR-003,W02,-8,54,1,100,13.70,0.5089,493.7,P,P
IMG-SENSOR-003,W02,-7,54,1,100,13.41,0.5094,479.8,P,P
IMG-SENSOR-003,W02,-6,54,1,100,10.72,0.5218,505.5,P,P
IMG-SENSOR-003,W02,-5,54,1,100,13.25,0.5265,493.2,P,P
IMG-SENSOR-003,W02,-4,54,1,100,13.73,0.5279,491.8,P,P
IMG-SENSOR-003,W02,-3,54,1,100,7.95,0.5250,500.6,P,P
IMG-SENSOR-003,W02,-2,54,1,100,13.31,0.5250,472.6,P,P
IMG-SENSOR-003,W02,-1,54,1,100,10.87,0.5354,447.9,P,P
IMG-SENSOR-003,W02,0,54,1,100,11.48,0.5441,452.0,P,P
IMG-SENSOR-003,W02,1,54,1,100,14.04,0.5104,459.7,P,P
IMG-SENSOR-003,W02,2,54,1,100,13.45,0.5213,496.7,P,P
IMG-SENSOR-003,W02,3,54,1,100,12.39,0.5412,485.6,P,P
IMG-SENSOR-003,W02,4,54,1,100,11.35,0.5613,474.8,P,P
IMG-SENSOR-003,W02,5,54,1,100,11.45,0.5657,464.8,P,P
IMG-SENSOR-003,W02,6,54,1,100,10.92,0.5487,469.7,P,P
IMG-SENSOR-003,W02,7,54,1,100,9.28,0.5745,492.8,P,P
IMG-SENSOR-003,W02,8,54,1,100,12.77,0.5383,491.2,P,P
IMG-SENSOR-003,W02,-8,55,1,100,15.32,0.5398,476.0,P,P
IMG-SENSOR-003,W02,-7,55,3,201,49.60,0.6740,300.0,P,F
IMG-SENSOR-003,W02,-6,55,1,100,13.95,0.4959,500.9,P,P
IMG-SENSOR-003,W02,-5,55,1,100,15.31,0.5279,516.1,P,P
IMG-SENSOR-003,W02,-4,55,1,100,10.45,0.5449,470.8,P,P
IMG-SENSOR-003,W02,-3,55,1,100,13.99,0.5439,451.0,P,P
IMG-SENSOR-003,W02,-2,55,1,100,13.54,0.5299,466.5,P,P
IMG-SENSOR-003,W02,-1,55,1,100,9.87,0.5329,489.9,P,P
IMG-SENSOR-003,W02,0,55,1,100,11.51,0.5457,486.0,P,P
IMG-SENSOR-003,W02,1,55,1,100,12.10,0.5301,457.8,P,P
IMG-SENSOR-003,W02,2,55,1,100,11.77,0.5382,489.1,P,P
IMG-SENSOR-003,W02,3,55,1,100,11.09,0.5215,482.2,P,P
IMG-SENSOR-003,W02,4,55,1,100,15.39,0.5374,476.8,P,P
IMG-SENSOR-003,W02,5,55,1,100,14.35,0.5476,473.8,P,P
IMG-SENSOR-003,W02,6,55,1,100,11.90,0.5584,482.4,P,P
IMG-SENSOR-003,W02,7,55,1,100,13.05,0.5317,501.5,P,P
IMG-SENSOR-003,W02,8,55,1,100,11.32,0.5633,441.3,P,P
IMG-SENSOR-003,W02,-8,56,2,201,50.33,0.6971,362.3,P,F
IMG-SENSOR-003,W02,-7,56,1,100,10.67,0.5252,465.0,P,P
IMG-SENSOR-003,W02,-6,56,1,100,11.78,0.5039,477.2,P,P
IMG-SENSOR-003,W02,-5,56,1,100,12.57,0.5313,473.8,P,P
IMG-SENSOR-003,W02,-4,56,1,100,11.26,0.5155,486.7,P,P
IMG-SENSOR-003,W02,-3,56,1,100,15.08,0.5157,475.2,P,P
IMG-SENSOR-003,W02,-2,56,1,100,11.37,0.5521,453.7,P,P
IMG-SENSOR-003,W02,-1,56,1,100,14.66,0.4932,475.4,P,P
IMG-SENSOR-003,W02,0,56,1,100,13.63,0.5585,484.9,P,P
IMG-SENSOR-003,W02,1,56,1,100,11.95,0.5467,474.2,P,P
IMG-SENSOR-003,W02,2,56,1,100,12.41,0.5829,490.7,P,P
IMG-SENSOR-003,W02,3,56,1,100,12.34,0.5493,472.0,P,P
IMG-SENSOR-003,W02,4,56,1,100,11.01,0.5420,468.7,P,P
IMG-SENSOR-003,W02,5,56,1,100,9.06,0.5532,511.4,P,P
IMG-SENSOR-003,W02,6,56,1,100,13.65,0.5335,475.6,P,P
IMG-SENSOR-003,W02,7,56,1,100,11.37,0.5623,537.7,P,P
IMG-SENSOR-003,W02,8,56,1,100,12.16,0.5735,453.0,P,P
IMG-SENSOR-003,W02,-8,57,1,100,11.82,0.4857,483.6,P,P
IMG-SENSOR-003,W02,-7,57,3,301,55.58,0.6521,316.7,F,F
IMG-SENSOR-003,W02,-6,57,1,100,13.69,0.4940,485.7,P,P
IMG-SENSOR-003,W02,-5,57,1,100,12.69,0.5250,468.5,P,P
IMG-SENSOR-003,W02,-4,57,1,100,10.69,0.5039,466.9,P,P
IMG-SENSOR-003,W02,-3,57,1,100,12.75,0.5350,472.7,P,P
IMG-SENSOR-003,W02,-2,57,1,100,10.08,0.5310,476.2,P,P
IMG-SENSOR-003,W02,-1,57,1,100,11.17,0.5562,525.0,P,P
IMG-SENSOR-003,W02,0,57,1,100,12.90,0.5716,451.9,P,P
IMG-SENSOR-003,W02,1,57,1,100,10.53,0.5174,483.0,P,P
IMG-SENSOR-003,W02,2,57,1,100,12.32,0.5270,511.2,P,P
IMG-SENSOR-003,W02,3,57,1,100,15.06,0.5091,465.9,P,P
IMG-SENSOR-003,W02,4,57,1,100,11.03,0.5496,464.5,P,P
IMG-SENSOR-003,W02,5,57,1,100,12.83,0.5294,476.9,P,P
IMG-SENSOR-003,W02,6,57,1,100,14.41,0.5796,478.6,P,P
IMG-SENSOR-003,W02,7,57,1,100,9.18,0.5498,487.9,P,P
IMG-SENSOR-003,W02,8,57,1,100,11.96,0.5615,463.0,P,P
IMG-SENSOR-003,W02,-8,58,3,301,62.81,0.6746,355.7,F,F
IMG-SENSOR-003,W02,-7,58,1,100,12.70,0.5065,441.5,P,P
IMG-SENSOR-003,W02,-6,58,1,100,11.73,0.5145,508.9,P,P
IMG-SENSOR-003,W02,-5,58,4,401,49.04,0.6394,247.1,P,F
IMG-SENSOR-003,W02,-4,58,1,100,12.39,0.5289,469.9,P,P
IMG-SENSOR-003,W02,-3,58,1,100,14.73,0.5201,482.6,P,P
IMG-SENSOR-003,W02,-2,58,1,100,9.68,0.5309,477.9,P,P
IMG-SENSOR-003,W02,-1,58,1,100,15.88,0.5361,491.2,P,P
IMG-SENSOR-003,W02,0,58,1,100,11.79,0.5374,510.0,P,P
IMG-SENSOR-003,W02,1,58,1,100,13.72,0.5269,481.4,P,P
IMG-SENSOR-003,W02,2,58,1,100,11.14,0.5131,492.9,P,P
IMG-SENSOR-003,W02,3,58,1,100,7.72,0.5261,461.4,P,P
IMG-SENSOR-003,W02,4,58,1,100,12.62,0.5460,468.6,P,P
IMG-SENSOR-003,W02,5,58,1,100,15.14,0.5529,459.7,P,P
IMG-SENSOR-003,W02,6,58,1,100,11.69,0.5615,511.0,P,P
IMG-SENSOR-003,W02,7,58,1,100,14.68,0.5767,499.4,P,P
IMG-SENSOR-003,W02,8,58,1,100,10.43,0.5721,462.5,P,P
IMG-SENSOR-003,W02,-7,59,1,100,13.42,0.5196,486.8,P,P
IMG-SENSOR-003,W02,-6,59,1,100,13.78,0.5283,491.4,P,P
IMG-SENSOR-003,W02,-5,59,1,100,12.94,0.5267,490.3,P,P
IMG-SENSOR-003,W02,-4,59,1,100,13.16,0.5518,465.5,P,P
IMG-SENSOR-003,W02,-3,59,1,100,12.99,0.5328,478.7,P,P
IMG-SENSOR-003,W02,-2,59,1,100,16.57,0.5308,489.6,P,P
IMG-SENSOR-003,W02,-1,59,1,100,10.57,0.5245,479.8,P,P
IMG-SENSOR-003,W02,0,59,1,100,15.77,0.5585,482.3,P,P
IMG-SENSOR-003,W02,1,59,1,100,13.47,0.5399,452.9,P,P
IMG-SENSOR-003,W02,2,59,1,100,9.51,0.4987,486.6,P,P
IMG-SENSOR-003,W02,3,59,1,100,9.40,0.5313,465.1,P,P
IMG-SENSOR-003,W02,4,59,1,100,12.26,0.5049,488.4,P,P
IMG-SENSOR-003,W02,5,59,1,100,13.52,0.5293,487.0,P,P
IMG-SENSOR-003,W02,6,59,1,100,13.07,0.5473,480.9,P,P
IMG-SENSOR-003,W02,7,59,1,100,12.05,0.5515,479.0,P,P
IMG-SENSOR-003,W02,-7,60,1,100,13.02,0.5289,471.2,P,P
IMG-SENSOR-003,W02,-6,60,1,100,11.18,0.5270,470.8,P,P
IMG-SENSOR-003,W02,-5,60,1,100,12.68,0.5363,500.7,P,P
IMG-SENSOR-003,W02,-4,60,1,100,12.43,0.5235,469.4,P,P
IMG-SENSOR-003,W02,-3,60,1,100,10.55,0.5357,510.2,P,P
IMG-SENSOR-003,W02,-2,60,1,100,13.44,0.5181,481.9,P,P
IMG-SENSOR-003,W02,-1,60,1,100,11.44,0.5318,493.4,P,P
IMG-SENSOR-003,W02,0,60,1,100,13.90,0.5316,487.6,P,P
IMG-SENSOR-003,W02,1,60,1,100,11.37,0.5503,488.1,P,P
IMG-SENSOR-003,W02,2,60,1,100,11.57,0.5509,482.8,P,P
IMG-SENSOR-003,W02,3,60,1,100,12.06,0.5584,496.8,P,P
IMG-SENSOR-003,W02,4,60,1,100,14.06,0.5232,464.7,P,P
IMG-SENSOR-003,W02,5,60,1,100,11.12,0.5402,496.7,P,P
IMG-SENSOR-003,W02,6,60,1,100,12.44,0.5478,494.5,P,P
IMG-SENSOR-003,W02,7,60,1,100,11.44,0.5751,476.7,P,P
IMG-SENSOR-003,W02,-7,61,1,100,9.35,0.5175,479.4,P,P
IMG-SENSOR-003,W02,-6,61,1,100,13.74,0.5121,481.9,P,P
IMG-SENSOR-003,W02,-5,61,1,100,11.71,0.5480,472.8,P,P
IMG-SENSOR-003,W02,-4,61,1,100,14.03,0.5245,456.4,P,P
IMG-SENSOR-003,W02,-3,61,1,100,14.45,0.5429,487.9,P,P
IMG-SENSOR-003,W02,-2,61,1,100,13.59,0.5313,483.4,P,P
IMG-SENSOR-003,W02,-1,61,1,100,8.04,0.5229,503.1,P,P
IMG-SENSOR-003,W02,0,61,1,100,13.77,0.5246,459.4,P,P
IMG-SENSOR-003,W02,1,61,1,100,11.97,0.5472,458.9,P,P
IMG-SENSOR-003,W02,2,61,1,100,14.34,0.5321,479.1,P,P
IMG-SENSOR-003,W02,3,61,1,100,13.94,0.5626,492.7,P,P
IMG-SENSOR-003,W02,4,61,1,100,13.99,0.5653,473.5,P,P
IMG-SENSOR-003,W02,5,61,1,100,13.40,0.5531,478.7,P,P
IMG-SENSOR-003,W02,6,61,1,100,14.21,0.5379,476.7,P,P
IMG-SENSOR-003,W02,7,61,4,301,41.41,0.6996,311.9,P,F
IMG-SENSOR-003,W02,-7,62,1,100,14.57,0.5309,475.6,P,P
IMG-SENSOR-003,W02,-6,62,1,100,10.65,0.5085,468.8,P,P
IMG-SENSOR-003,W02,-5,62,1,100,13.13,0.5336,466.7,P,P
IMG-SENSOR-003,W02,-4,62,1,100,10.83,0.5215,438.6,P,P
IMG-SENSOR-003,W02,-3,62,1,100,13.10,0.5447,495.0,P,P
IMG-SENSOR-003,W02,-2,62,1,100,11.24,0.5521,488.1,P,P
IMG-SENSOR-003,W02,-1,62,1,100,9.46,0.5561,465.7,P,P
IMG-SENSOR-003,W02,0,62,1,100,11.51,0.5353,478.3,P,P
IMG-SENSOR-003,W02,1,62,1,100,8.28,0.5487,509.0,P,P
IMG-SENSOR-003,W02,2,62,1,100,12.62,0.5642,504.3,P,P
IMG-SENSOR-003,W02,3,62,1,100,10.47,0.5786,479.3,P,P
IMG-SENSOR-003,W02,4,62,1,100,13.41,0.5539,478.7,P,P
IMG-SENSOR-003,W02,5,62,1,100,13.57,0.5390,522.4,P,P
IMG-SENSOR-003,W02,6,62,1,100,11.64,0.5649,465.3,P,P
IMG-SENSOR-003,W02,7,62,2,401,60.31,0.6866,335.2,F,F
IMG-SENSOR-003,W02,-7,63,1,100,15.16,0.5232,486.4,P,P
IMG-SENSOR-003,W02,-6,63,1,100,11.37,0.5520,466.2,P,P
IMG-SENSOR-003,W02,-5,63,1,100,11.68,0.4977,480.7,P,P
IMG-SENSOR-003,W02,-4,63,1,100,12.85,0.5533,468.1,P,P
IMG-SENSOR-003,W02,-3,63,1,100,11.31,0.5480,490.8,P,P
IMG-SENSOR-003,W02,-2,63,1,100,15.19,0.5450,424.4,P,P
IMG-SENSOR-003,W02,-1,63,1,100,14.51,0.5602,471.3,P,P
IMG-SENSOR-003,W02,0,63,1,100,16.16,0.5252,490.0,P,P
IMG-SENSOR-003,W02,1,63,1,100,11.55,0.5261,469.3,P,P
IMG-SENSOR-003,W02,2,63,1,100,12.72,0.5556,491.6,P,P
IMG-SENSOR-003,W02,3,63,1,100,11.18,0.5548,475.1,P,P
IMG-SENSOR-003,W02,4,63,1,100,13.21,0.5507,454.9,P,P
IMG-SENSOR-003,W02,5,63,1,100,12.25,0.5591,477.2,P,P
IMG-SENSOR-003,W02,6,63,2,401,39.57,0.6919,315.9,P,F
IMG-SENSOR-003,W02,7,63,1,100,11.77,0.5700,479.3,P,P
IMG-SENSOR-003,W02,-6,64,1,100,8.46,0.5513,455.4,P,P
IMG-SENSOR-003,W02,-5,64,1,100,10.62,0.5266,449.5,P,P
IMG-SENSOR-003,W02,-4,64,1,100,13.57,0.5233,474.5,P,P
IMG-SENSOR-003,W02,-3,64,1,100,14.20,0.5241,486.4,P,P
IMG-SENSOR-003,W02,-2,64,1,100,11.53,0.5523,490.9,P,P
IMG-SENSOR-003,W02,-1,64,1,100,15.49,0.5520,478.3,P,P
IMG-SENSOR-003,W02,0,64,1,100,13.56,0.5466,497.4,P,P
IMG-SENSOR-003,W02,1,64,1,100,12.03,0.5532,498.6,P,P
IMG-SENSOR-003,W02,2,64,1,100,10.47,0.5256,471.3,P,P
IMG-SENSOR-003,W02,3,64,1,100,14.63,0.5203,529.1,P,P
IMG-SENSOR-003,W02,4,64,1,100,13.85,0.5480,460.3,P,P
IMG-SENSOR-003,W02,5,64,1,100,12.65,0.5435,463.0,P,P
IMG-SENSOR-003,W02,6,64,1,100,12.76,0.5440,504.1,P,P
IMG-SENSOR-003,W02,-6,65,1,100,14.61,0.5552,448.1,P,P
IMG-SENSOR-003,W02,-5,65,1,100,14.65,0.5301,490.5,P,P
IMG-SENSOR-003,W02,-4,65,1,100,15.50,0.5112,442.0,P,P
IMG-SENSOR-003,W02,-3,65,1,100,14.34,0.5498,508.7,P,P
IMG-SENSOR-003,W02,-2,65,1,100,11.57,0.5508,506.7,P,P
IMG-SENSOR-003,W02,-1,65,1,100,14.55,0.5282,465.8,P,P
IMG-SENSOR-003,W02,0,65,1,100,14.21,0.5560,469.6,P,P
IMG-SENSOR-003,W02,1,65,1,100,10.65,0.5512,484.4,P,P
IMG-SENSOR-003,W02,2,65,1,100,12.82,0.5421,455.2,P,P
IMG-SENSOR-003,W02,3,65,1,100,10.38,0.5331,483.0,P,P
IMG-SENSOR-003,W02,4,65,1,100,11.58,0.5605,463.9,P,P
IMG-SENSOR-003,W02,5,65,1,100,13.79,0.5319,523.7,P,P
IMG-SENSOR-003,W02,6,65,1,100,17.11,0.5612,480.3,P,P
IMG-SENSOR-003,W02,-6,66,2,301,65.95,0.6785,315.4,F,F
IMG-SENSOR-003,W02,-5,66,1,100,11.52,0.5380,482.3,P,P
IMG-SENSOR-003,W02,-4,66,1,100,18.21,0.5292,465.4,P,P
IMG-SENSOR-003,W02,-3,66,1,100,10.33,0.5208,468.6,P,P
IMG-SENSOR-003,W02,-2,66,1,100,14.70,0.5490,463.9,P,P
IMG-SENSOR-003,W02,-1,66,1,100,10.67,0.5377,480.9,P,P
IMG-SENSOR-003,W02,0,66,1,100,12.94,0.5534,455.0,P,P
IMG-SENSOR-003,W02,1,66,1,100,10.97,0.5492,498.8,P,P
IMG-SENSOR-003,W02,2,66,1,100,11.12,0.5302,474.5,P,P
IMG-SENSOR-003,W02,3,66,1,100,11.98,0.5609,460.9,P,P
IMG-SENSOR-003,W02,4,66,1,100,13.08,0.5672,468.6,P,P
IMG-SENSOR-003,W02,5,66,1,100,14.35,0.5564,512.7,P,P
IMG-SENSOR-003,W02,6,66,2,401,46.92,0.6903,284.7,P,F
IMG-SENSOR-003,W02,-6,67,4,202,37.39,0.6726,335.8,F,F
IMG-SENSOR-003,W02,-5,67,1,100,14.96,0.5301,454.8,P,P
IMG-SENSOR-003,W02,-4,67,1,100,12.69,0.5077,495.3,P,P
IMG-SENSOR-003,W02,-3,67,1,100,11.27,0.5634,470.7,P,P
IMG-SENSOR-003,W02,-2,67,1,100,11.26,0.5627,500.1,P,P
IMG-SENSOR-003,W02,-1,67,1,100,13.83,0.5321,482.0,P,P
IMG-SENSOR-003,W02,0,67,1,100,10.57,0.5326,525.7,P,P
IMG-SENSOR-003,W02,1,67,1,100,10.61,0.5647,507.6,F,P
IMG-SENSOR-003,W02,2,67,1,100,12.03,0.5629,491.4,P,P
IMG-SENSOR-003,W02,3,67,1,100,11.02,0.5512,491.7,P,P
IMG-SENSOR-003,W02,4,67,1,100,11.27,0.5816,480.7,P,P
IMG-SENSOR-003,W02,5,67,1,100,10.16,0.5470,506.9,P,P
IMG-SENSOR-003,W02,6,67,2,302,50.42,0.6891,270.8,P,F
IMG-SENSOR-003,W02,-6,68,2,301,44.09,0.6873,271.1,P,F
IMG-SENSOR-003,W02,-5,68,1,100,11.55,0.5393,462.4,P,P
IMG-SENSOR-003,W02,-4,68,1,100,11.93,0.5486,472.6,P,P
IMG-SENSOR-003,W02,-3,68,1,100,14.21,0.5232,502.9,P,P
IMG-SENSOR-003,W02,-2,68,1,100,13.21,0.5273,452.4,P,P
IMG-SENSOR-003,W02,-1,68,1,100,12.14,0.5311,437.2,P,P
IMG-SENSOR-003,W02,0,68,1,100,15.31,0.5422,506.2,P,P
IMG-SENSOR-003,W02,1,68,1,100,8.08,0.5552,512.1,P,P
IMG-SENSOR-003,W02,2,68,1,100,10.43,0.5356,492.2,P,P
IMG-SENSOR-003,W02,3,68,1,100,14.25,0.5300,477.6,P,P
IMG-SENSOR-003,W02,4,68,1,100,13.40,0.5687,478.0,P,P
IMG-SENSOR-003,W02,5,68,3,301,59.53,0.6796,339.7,F,F
IMG-SENSOR-003,W02,6,68,1,100,12.21,0.5708,464.3,P,P
IMG-SENSOR-003,W02,-5,69,1,100,12.50,0.5281,518.3,P,P
IMG-SENSOR-003,W02,-4,69,1,100,12.46,0.5449,495.0,P,P
IMG-SENSOR-003,W02,-3,69,1,100,10.67,0.5449,452.5,P,P
IMG-SENSOR-003,W02,-2,69,1,100,14.58,0.5296,467.3,P,P
IMG-SENSOR-003,W02,-1,69,1,100,11.12,0.5216,485.3,P,P
IMG-SENSOR-003,W02,0,69,1,100,12.75,0.5530,498.9,P,P
IMG-SENSOR-003,W02,1,69,1,100,10.58,0.5387,503.0,P,P
IMG-SENSOR-003,W02,2,69,1,100,11.10,0.5670,507.1,P,P
IMG-SENSOR-003,W02,3,69,1,100,13.56,0.5365,480.7,P,P
IMG-SENSOR-003,W02,4,69,1,100,9.52,0.5480,495.3,P,P
IMG-SENSOR-003,W02,5,69,1,100,13.36,0.5376,469.0,P,P
IMG-SENSOR-003,W02,-5,70,1,100,12.51,0.5461,477.7,P,P
IMG-SENSOR-003,W02,-4,70,1,100,12.78,0.5388,484.0,P,P
IMG-SENSOR-003,W02,-3,70,1,100,13.91,0.5410,487.4,P,P
IMG-SENSOR-003,W02,-2,70,1,100,10.98,0.5539,491.7,P,P
IMG-SENSOR-003,W02,-1,70,1,100,10.93,0.5341,467.0,P,P
IMG-SENSOR-003,W02,0,70,1,100,13.48,0.5540,474.4,P,P
IMG-SENSOR-003,W02,1,70,1,100,10.13,0.5525,505.2,P,P
IMG-SENSOR-003,W02,2,70,1,100,13.67,0.5645,457.0,P,P
IMG-SENSOR-003,W02,3,70,1,100,13.25,0.5679,488.3,P,P
IMG-SENSOR-003,W02,4,70,1,100,8.99,0.5500,480.7,P,P
IMG-SENSOR-003,W02,5,70,1,100,12.61,0.5613,491.4,P,P
IMG-SENSOR-003,W02,-5,71,1,100,13.92,0.5095,496.0,P,P
IMG-SENSOR-003,W02,-4,71,1,100,14.77,0.5288,477.0,P,P
IMG-SENSOR-003,W02,-3,71,1,100,10.00,0.5626,468.1,P,P
IMG-SENSOR-003,W02,-2,71,1,100,14.20,0.5468,487.9,P,P
IMG-SENSOR-003,W02,-1,71,1,100,14.33,0.5370,476.5,P,P
IMG-SENSOR-003,W02,0,71,1,100,11.44,0.5400,439.0,P,P
IMG-SENSOR-003,W02,1,71,1,100,10.05,0.5699,464.0,P,P
IMG-SENSOR-003,W02,2,71,1,100,13.44,0.5675,465.7,P,P
IMG-SENSOR-003,W02,3,71,1,100,9.42,0.5479,475.2,P,P
IMG-SENSOR-003,W02,4,71,1,100,14.09,0.5374,483.7,P,P
IMG-SENSOR-003,W02,5,71,3,301,40.21,0.6845,329.5,P,F
IMG-SENSOR-003,W02,-4,72,1,100,13.55,0.5653,504.3,P,P
IMG-SENSOR-003,W02,-3,72,1,100,10.95,0.5470,475.8,P,P
IMG-SENSOR-003,W02,-2,72,1,100,13.64,0.5509,467.8,P,P
IMG-SENSOR-003,W02,-1,72,1,100,12.82,0.5342,470.1,P,P
IMG-SENSOR-003,W02,0,72,1,100,13.60,0.5418,475.2,P,P
IMG-SENSOR-003,W02,1,72,1,100,11.41,0.5380,498.5,P,P
IMG-SENSOR-003,W02,2,72,1,100,11.62,0.5499,499.3,P,P
IMG-SENSOR-003,W02,3,72,1,100,13.17,0.5368,482.9,P,P
IMG-SENSOR-003,W02,4,72,1,100,13.45,0.5638,467.4,P,P
IMG-SENSOR-003,W02,-4,73,4,401,42.39,0.6610,312.6,F,F
IMG-SENSOR-003,W02,-3,73,1,100,10.17,0.5607,479.3,P,P
IMG-SENSOR-003,W02,-2,73,1,100,14.32,0.5424,475.7,P,P
IMG-SENSOR-003,W02,-1,73,1,100,10.46,0.5668,496.4,P,P
IMG-SENSOR-003,W02,0,73,1,100,11.98,0.5443,487.1,P,P
IMG-SENSOR-003,W02,1,73,1,100,11.10,0.5524,458.0,P,P
IMG-SENSOR-003,W02,2,73,1,100,14.79,0.5857,481.0,P,P
IMG-SENSOR-003,W02,3,73,1,100,13.01,0.5699,514.8,P,P
IMG-SENSOR-003,W02,4,73,1,100,11.64,0.5420,444.7,P,P
IMG-SENSOR-003,W02,-4,74,1,100,12.35,0.5210,498.8,P,P
IMG-SENSOR-003,W02,-3,74,1,100,12.53,0.5570,480.3,P,P
IMG-SENSOR-003,W02,-2,74,1,100,10.08,0.5387,467.2,P,P
IMG-SENSOR-003,W02,-1,74,1,100,16.92,0.5522,502.1,P,P
IMG-SENSOR-003,W02,0,74,1,100,9.35,0.5442,471.1,P,P
IMG-SENSOR-003,W02,1,74,1,100,13.18,0.5643,493.8,P,P
IMG-SENSOR-003,W02,2,74,1,100,12.72,0.5463,490.3,P,P
IMG-SENSOR-003,W02,3,74,1,100,14.26,0.5536,464.9,P,P
IMG-SENSOR-003,W02,4,74,1,100,12.66,0.5684,440.1,P,P
IMG-SENSOR-003,W02,-3,75,3,301,37.14,0.6768,314.3,F,F
IMG-SENSOR-003,W02,-2,75,1,100,10.68,0.5448,490.1,P,P
IMG-SENSOR-003,W02,-1,75,1,100,12.77,0.5655,471.9,P,P
IMG-SENSOR-003,W02,0,75,1,100,10.05,0.5549,500.0,P,P
IMG-SENSOR-003,W02,1,75,4,401,45.98,0.7299,303.2,P,F
IMG-SENSOR-003,W02,2,75,1,100,13.26,0.5555,496.0,P,P
IMG-SENSOR-003,W02,3,75,2,202,39.53,0.7031,367.0,F,F
IMG-SENSOR-003,W02,-3,76,1,100,8.98,0.5239,459.5,P,P
IMG-SENSOR-003,W02,-2,76,1,100,11.49,0.5774,477.0,P,P
IMG-SENSOR-003,W02,-1,76,1,100,12.31,0.5837,501.1,P,P
IMG-SENSOR-003,W02,0,76,1,100,13.16,0.5648,489.2,P,P
IMG-SENSOR-003,W02,1,76,1,100,10.52,0.5675,481.9,P,P
IMG-SENSOR-003,W02,2,76,1,100,14.65,0.5497,465.8,P,P
IMG-SENSOR-003,W02,3,76,1,100,13.89,0.5543,479.2,P,P
IMG-SENSOR-003,W02,-2,77,1,100,11.45,0.5787,477.0,P,P
IMG-SENSOR-003,W02,-1,77,2,301,51.87,0.7224,321.3,P,F
IMG-SENSOR-003,W02,0,77,1,100,15.65,0.5750,488.8,P,P
IMG-SENSOR-003,W02,1,77,1,100,11.27,0.5598,472.3,P,P
IMG-SENSOR-003,W02,2,77,1,100,15.05,0.5526,486.3,P,P
IMG-SENSOR-003,W02,-2,78,1,100,14.36,0.5587,455.5,P,P
IMG-SENSOR-003,W02,-1,78,1,100,13.11,0.5780,482.5,P,P
IMG-SENSOR-003,W02,0,78,3,201,45.27,0.7016,290.2,P,F
IMG-SENSOR-003,W02,1,78,1,100,12.94,0.5925,461.8,P,P
IMG-SENSOR-003,W02,2,78,2,201,49.18,0.6800,344.1,P,F
IMG-SENSOR-003,W02,0,79,2,302,50.08,0.6980,247.2,P,F
