LOT,WFR,X,Y,HBIN,SBIN,TST_A,TST_B
HVM-0982,W01,-6,-64,4,20,1.1046,0.9568
HVM-0982,W01,-5,-64,1,10,1.0197,0.9547
HVM-0982,W01,-4,-64,1,10,1.0997,0.9721
HVM-0982,W01,-3,-64,1,10,1.0823,0.9595
HVM-0982,W01,-2,-64,1,10,1.0863,0.9737
HVM-0982,W01,-1,-64,1,10,1.1145,0.9843
HVM-0982,W01,0,-64,2,31,1.0840,0.9400
HVM-0982,W01,1,-64,2,20,1.0906,1.0084
HVM-0982,W01,2,-64,1,10,1.1003,0.9772
HVM-0982,W01,3,-64,2,30,1.1032,0.9545
HVM-0982,W01,4,-64,1,10,1.1195,0.9685
HVM-0982,W01,5,-64,1,10,1.0915,1.0048
HVM-0982,W01,6,-64,1,10,1.1276,0.9952
HVM-0982,W01,-10,-63,1,10,1.0678,0.9468
HVM-0982,W01,-9,-63,1,10,1.1027,0.9562
HVM-0982,W01,-8,-63,1,10,1.0963,0.9984
HVM-0982,W01,-7,-63,4,20,1.0823,0.9719
HVM-0982,W01,-6,-63,1,10,1.0588,0.9367
HVM-0982,W01,-5,-63,1,10,1.0445,1.0017
HVM-0982,W01,-4,-63,1,10,1.0875,0.9715
HVM-0982,W01,-3,-63,1,10,1.0588,0.9431
HVM-0982,W01,-2,-63,2,20,1.1037,0.9771
HVM-0982,W01,-1,-63,4,31,1.1405,0.9928
HVM-0982,W01,0,-63,1,10,1.1225,0.9524
HVM-0982,W01,1,-63,3,30,1.0932,1.0199
HVM-0982,W01,2,-63,1,10,1.1257,0.9432
HVM-0982,W01,3,-63,2,21,1.1122,0.9538
HVM-0982,W01,4,-63,1,10,1.1305,0.9699
HVM-0982,W01,5,-63,2,21,1.1398,0.9421
HVM-0982,W01,6,-63,1,10,1.0946,0.9514
HVM-0982,W01,7,-63,1,10,1.1287,0.9812
HVM-0982,W01,8,-63,4,30,1.1255,0.9703
HVM-0982,W01,9,-63,1,10,1.1217,0.9353
HVM-0982,W01,10,-63,2,21,1.0922,0.9556
HVM-0982,W01,-13,-62,3,31,1.0991,0.9602
HVM-0982,W01,-12,-62,2,31,1.0683,0.9216
HVM-0982,W01,-11,-62,2,20,1.0437,0.9532
HVM-0982,W01,-10,-62,4,30,1.0995,1.0142
HVM-0982,W01,-9,-62,1,10,1.0964,0.9431
HVM-0982,W01,-8,-62,2,21,1.0913,0.9386
HVM-0982,W01,-7,-62,1,10,1.0867,0.9583
HVM-0982,W01,-6,-62,1,10,1.0888,0.9840
HVM-0982,W01,-5,-62,1,10,1.1042,0.9431
HVM-0982,W01,-4,-62,1,10,1.0959,0.9753
HVM-0982,W01,-3,-62,2,31,1.0584,1.0054
HVM-0982,W01,-2,-62,2,31,1.1253,0.9479
HVM-0982,W01,-1,-62,1,10,1.0954,0.9393
HVM-0982,W01,0,-62,1,10,1.1117,0.9689
HVM-0982,W01,1,-62,1,10,1.1227,0.9617
HVM-0982,W01,2,-62,1,10,1.1317,0.9836
HVM-0982,W01,3,-62,1,10,1.1532,0.9160
HVM-0982,W01,4,-62,4,31,1.1503,0.9463
HVM-0982,W01,5,-62,1,10,1.1081,0.9584
HVM-0982,W01,6,-62,2,20,1.1199,1.0042
HVM-0982,W01,7,-62,2,20,1.1206,0.9606
HVM-0982,W01,8,-62,1,10,1.0997,0.9313
HVM-0982,W01,9,-62,2,20,1.0958,0.9542
HVM-0982,W01,10,-62,1,10,1.1109,0.9540
HVM-0982,W01,11,-62,1,10,1.1210,0.9053
HVM-0982,W01,12,-62,1,10,1.1774,0.9607
HVM-0982,W01,13,-62,1,10,1.1372,0.9851
HVM-0982,W01,-16,-61,1,10,1.0360,0.9501
HVM-0982,W01,-15,-61,1,10,0.9940,0.9777
HVM-0982,W01,-14,-61,1,10,1.0559,0.9654
HVM-0982,W01,-13,-61,1,10,1.0528,0.9591
HVM-0982,W01,-12,-61,1,10,1.0577,0.9581
HVM-0982,W01,-11,-61,1,10,1.0526,0.9472
HVM-0982,W01,-10,-61,1,10,1.0614,0.9192
HVM-0982,W01,-9,-61,4,20,1.1210,0.9515
HVM-0982,W01,-8,-61,1,10,1.0918,0.9550
HVM-0982,W01,-7,-61,1,10,1.0874,1.0020
HVM-0982,W01,-6,-61,1,10,1.0822,0.9736
HVM-0982,W01,-5,-61,2,20,1.1018,0.9892
HVM-0982,W01,-4,-61,1,10,1.0599,0.9316
HVM-0982,W01,-3,-61,1,10,1.0878,0.9897
HVM-0982,W01,-2,-61,1,10,1.1238,0.9506
HVM-0982,W01,-1,-61,1,10,1.1020,0.9284
HVM-0982,W01,0,-61,1,10,1.1140,0.9724
HVM-0982,W01,1,-61,1,10,1.0965,0.9440
HVM-0982,W01,2,-61,1,10,1.1506,0.9440
HVM-0982,W01,3,-61,1,10,1.1457,0.9785
HVM-0982,W01,4,-61,1,10,1.0477,0.9532
HVM-0982,W01,5,-61,4,30,1.1245,0.9664
HVM-0982,W01,6,-61,2,21,1.1191,0.9534
HVM-0982,W01,7,-61,1,10,1.1427,0.9756
HVM-0982,W01,8,-61,1,10,1.1364,0.9954
HVM-0982,W01,9,-61,1,10,1.1342,0.9599
HVM-0982,W01,10,-61,1,10,1.1560,0.9759
HVM-0982,W01,11,-61,2,20,1.1276,0.9604
HVM-0982,W01,12,-61,1,10,1.1468,0.9913
HVM-0982,W01,13,-61,3,20,1.1978,0.9810
HVM-0982,W01,14,-61,3,31,1.1353,0.9363
HVM-0982,W01,15,-61,1,10,1.1224,0.9630
HVM-0982,W01,16,-61,1,10,1.1734,0.9714
HVM-0982,W01,-18,-60,1,10,1.0260,0.9978
HVM-0982,W01,-17,-60,1,10,1.0535,0.9755
HVM-0982,W01,-16,-60,1,10,1.0658,1.0024
HVM-0982,W01,-15,-60,3,31,1.1022,0.9827
HVM-0982,W01,-14,-60,1,10,1.0635,0.9576
HVM-0982,W01,-13,-60,2,20,1.0945,0.9772
HVM-0982,W01,-12,-60,1,10,1.0660,0.9637
HVM-0982,W01,-11,-60,1,10,1.1105,0.9610
HVM-0982,W01,-10,-60,1,10,1.0727,0.9500
HVM-0982,W01,-9,-60,1,10,1.0772,0.9254
HVM-0982,W01,-8,-60,1,10,1.0566,1.0008
HVM-0982,W01,-7,-60,1,10,1.1336,0.9404
HVM-0982,W01,-6,-60,1,10,1.1271,1.0186
HVM-0982,W01,-5,-60,1,10,1.1463,0.9500
HVM-0982,W01,-4,-60,1,10,1.1202,0.9775
HVM-0982,W01,-3,-60,1,10,1.0665,0.9398
HVM-0982,W01,-2,-60,1,10,1.1207,0.9630
HVM-0982,W01,-1,-60,1,10,1.1027,0.9719
HVM-0982,W01,0,-60,1,10,1.1027,0.9977
HVM-0982,W01,1,-60,1,10,1.1051,0.9651
HVM-0982,W01,2,-60,1,10,1.1421,0.9474
HVM-0982,W01,3,-60,1,10,1.1416,0.9386
HVM-0982,W01,4,-60,1,10,1.1242,0.9537
HVM-0982,W01,5,-60,1,10,1.1362,0.9449
HVM-0982,W01,6,-60,1,10,1.1496,0.9013
HVM-0982,W01,7,-60,1,10,1.1076,0.9883
HVM-0982,W01,8,-60,1,10,1.1482,0.9454
HVM-0982,W01,9,-60,1,10,1.1582,0.9783
HVM-0982,W01,10,-60,1,10,1.1783,0.9084
HVM-0982,W01,11,-60,1,10,1.1393,0.9955
HVM-0982,W01,12,-60,2,20,1.1609,0.9307
HVM-0982,W01,13,-60,1,10,1.1466,0.9572
HVM-0982,W01,14,-60,4,20,1.1961,0.9855
HVM-0982,W01,15,-60,2,21,1.1523,0.9635
HVM-0982,W01,16,-60,1,10,1.1815,0.9745
HVM-0982,W01,17,-60,4,21,1.2017,0.9417
HVM-0982,W01,18,-60,2,31,1.2432,0.9789
HVM-0982,W01,-19,-59,2,21,1.0835,0.9975
HVM-0982,W01,-18,-59,2,20,1.0596,0.9305
HVM-0982,W01,-17,-59,1,10,1.0727,1.0052
HVM-0982,W01,-16,-59,3,21,1.0455,0.9554
HVM-0982,W01,-15,-59,1,10,1.0310,0.9818
HVM-0982,W01,-14,-59,4,30,1.1081,0.9998
HVM-0982,W01,-13,-59,1,10,1.1067,0.9322
HVM-0982,W01,-12,-59,1,10,1.0763,0.9745
HVM-0982,W01,-11,-59,1,10,1.0785,0.9870
HVM-0982,W01,-10,-59,1,10,1.0780,0.9556
HVM-0982,W01,-9,-59,1,10,1.0747,0.9718
HVM-0982,W01,-8,-59,1,10,1.0384,0.9655
HVM-0982,W01,-7,-59,1,10,1.1288,0.9767
HVM-0982,W01,-6,-59,1,10,1.0799,0.9749
HVM-0982,W01,-5,-59,1,10,1.1121,0.9895
HVM-0982,W01,-4,-59,1,10,1.1207,0.9632
HVM-0982,W01,-3,-59,1,10,1.1408,0.9566
HVM-0982,W01,-2,-59,1,10,1.1223,0.9513
HVM-0982,W01,-1,-59,1,10,1.1172,0.9844
HVM-0982,W01,0,-59,1,10,1.1343,0.9509
HVM-0982,W01,1,-59,1,10,1.1005,0.9877
HVM-0982,W01,2,-59,1,10,1.0909,0.9540
HVM-0982,W01,3,-59,1,10,1.1167,0.9936
HVM-0982,W01,4,-59,1,10,1.0937,0.9392
HVM-0982,W01,5,-59,1,10,1.1526,0.9315
HVM-0982,W01,6,-59,1,10,1.1351,0.9685
HVM-0982,W01,7,-59,1,10,1.1041,0.9579
HVM-0982,W01,8,-59,1,10,1.1205,0.9371
HVM-0982,W01,9,-59,1,10,1.1101,0.9675
HVM-0982,W01,10,-59,1,10,1.1378,0.9588
HVM-0982,W01,11,-59,1,10,1.1895,0.9709
HVM-0982,W01,12,-59,1,10,1.1474,0.9817
HVM-0982,W01,13,-59,1,10,1.1491,0.9803
HVM-0982,W01,14,-59,1,10,1.1550,0.9474
HVM-0982,W01,15,-59,1,10,1.1733,0.9765
HVM-0982,W01,16,-59,1,10,1.1078,0.9985
HVM-0982,W01,17,-59,4,31,1.2046,0.9793
HVM-0982,W01,18,-59,1,10,1.1531,0.9943
HVM-0982,W01,19,-59,1,10,1.1759,0.9495
HVM-0982,W01,-21,-58,2,21,1.0399,0.9598
HVM-0982,W01,-20,-58,1,10,1.0785,0.9775
HVM-0982,W01,-19,-58,1,10,1.0385,0.9619
HVM-0982,W01,-18,-58,1,10,1.0934,0.9972
HVM-0982,W01,-17,-58,1,10,1.0564,0.8941
HVM-0982,W01,-16,-58,1,10,1.0803,0.9102
HVM-0982,W01,-15,-58,2,30,1.0989,0.9269
HVM-0982,W01,-14,-58,1,10,1.0804,0.9706
HVM-0982,W01,-13,-58,1,10,1.0794,0.9737
HVM-0982,W01,-12,-58,1,10,1.0494,1.0068
HVM-0982,W01,-11,-58,1,10,1.0422,0.9715
HVM-0982,W01,-10,-58,1,10,1.0617,0.9213
HVM-0982,W01,-9,-58,3,21,1.1039,0.9847
HVM-0982,W01,-8,-58,1,10,1.0898,0.9220
HVM-0982,W01,-7,-58,1,10,1.1056,0.9877
HVM-0982,W01,-6,-58,1,10,1.1178,0.9708
HVM-0982,W01,-5,-58,1,10,1.0874,0.9802
HVM-0982,W01,-4,-58,1,10,1.0670,0.9369
HVM-0982,W01,-3,-58,1,10,1.0666,0.9644
HVM-0982,W01,-2,-58,1,10,1.1510,0.9699
HVM-0982,W01,-1,-58,1,10,1.0924,0.9675
HVM-0982,W01,0,-58,1,10,1.0777,0.9613
HVM-0982,W01,1,-58,1,10,1.0988,0.9935
HVM-0982,W01,2,-58,1,10,1.0883,0.9619
HVM-0982,W01,3,-58,1,10,1.1493,0.9883
HVM-0982,W01,4,-58,1,10,1.1088,0.9633
HVM-0982,W01,5,-58,1,10,1.0916,0.9105
HVM-0982,W01,6,-58,1,10,1.1503,0.9622
HVM-0982,W01,7,-58,1,10,1.1103,0.9225
HVM-0982,W01,8,-58,1,10,1.1650,0.9805
HVM-0982,W01,9,-58,1,10,1.1470,0.9316
HVM-0982,W01,10,-58,1,10,1.1629,1.0213
HVM-0982,W01,11,-58,1,10,1.1578,0.9796
HVM-0982,W01,12,-58,1,10,1.1837,0.9762
HVM-0982,W01,13,-58,1,10,1.1396,0.9685
HVM-0982,W01,14,-58,1,10,1.1418,0.9176
HVM-0982,W01,15,-58,1,10,1.1379,0.9502
HVM-0982,W01,16,-58,1,10,1.1656,0.9858
HVM-0982,W01,17,-58,3,20,1.2146,0.9875
HVM-0982,W01,18,-58,1,10,1.1256,1.0087
HVM-0982,W01,19,-58,1,10,1.1718,0.9562
HVM-0982,W01,20,-58,1,10,1.1869,0.9232
HVM-0982,W01,21,-58,1,10,1.1555,0.9122
HVM-0982,W01,-22,-57,1,10,1.0850,1.0064
HVM-0982,W01,-21,-57,2,21,1.0423,0.9482
HVM-0982,W01,-20,-57,1,10,1.0449,0.9841
HVM-0982,W01,-19,-57,4,20,1.0679,0.9689
HVM-0982,W01,-18,-57,3,20,1.1106,0.9478
HVM-0982,W01,-17,-57,2,21,1.0880,0.9183
HVM-0982,W01,-16,-57,1,10,1.0824,0.9497
HVM-0982,W01,-15,-57,1,10,1.0800,0.9633
HVM-0982,W01,-14,-57,1,10,1.0809,0.9808
HVM-0982,W01,-13,-57,1,10,1.0705,0.9377
HVM-0982,W01,-12,-57,1,10,1.0874,0.9365
HVM-0982,W01,-11,-57,1,10,1.0645,0.9404
HVM-0982,W01,-10,-57,1,10,1.0783,0.9951
HVM-0982,W01,-9,-57,1,10,1.0887,0.9454
HVM-0982,W01,-8,-57,1,10,1.0786,0.9728
HVM-0982,W01,-7,-57,1,10,1.1109,0.9483
HVM-0982,W01,-6,-57,1,10,1.1122,0.9934
HVM-0982,W01,-5,-57,1,10,1.1023,0.9391
HVM-0982,W01,-4,-57,1,10,1.0606,0.9134
HVM-0982,W01,-3,-57,4,31,1.1036,0.9827
HVM-0982,W01,-2,-57,1,10,1.1224,0.9330
HVM-0982,W01,-1,-57,1,10,1.1259,0.9428
HVM-0982,W01,0,-57,1,10,1.1000,0.9726
HVM-0982,W01,1,-57,2,20,1.1341,0.9426
HVM-0982,W01,2,-57,1,10,1.1356,0.9556
HVM-0982,W01,3,-57,1,10,1.1799,0.9535
HVM-0982,W01,4,-57,1,10,1.1437,0.9053
HVM-0982,W01,5,-57,1,10,1.1231,0.9221
HVM-0982,W01,6,-57,1,10,1.1769,0.9490
HVM-0982,W01,7,-57,1,10,1.1041,0.9678
HVM-0982,W01,8,-57,1,10,1.1492,0.9710
HVM-0982,W01,9,-57,1,10,1.1403,0.9435
HVM-0982,W01,10,-57,1,10,1.1439,0.9532
HVM-0982,W01,11,-57,1,10,1.1710,0.9422
HVM-0982,W01,12,-57,1,10,1.1511,0.9348
HVM-0982,W01,13,-57,1,10,1.1328,0.9674
HVM-0982,W01,14,-57,1,10,1.1825,0.9263
HVM-0982,W01,15,-57,1,10,1.1972,0.9732
HVM-0982,W01,16,-57,2,30,1.2050,0.9723
HVM-0982,W01,17,-57,1,10,1.1691,0.9605
HVM-0982,W01,18,-57,3,21,1.1812,0.9474
HVM-0982,W01,19,-57,3,31,1.1406,0.9985
HVM-0982,W01,20,-57,1,10,1.1480,0.9402
HVM-0982,W01,21,-57,2,31,1.1940,0.9765
HVM-0982,W01,22,-57,3,21,1.1202,0.9318
HVM-0982,W01,-24,-56,2,30,1.0431,0.9428
HVM-0982,W01,-23,-56,1,10,1.0757,0.9895
HVM-0982,W01,-22,-56,1,10,1.0215,0.9841
HVM-0982,W01,-21,-56,1,10,1.0416,0.9749
HVM-0982,W01,-20,-56,1,10,1.0738,0.9994
HVM-0982,W01,-19,-56,3,20,1.0873,0.9829
HVM-0982,W01,-18,-56,1,10,1.0263,0.9245
HVM-0982,W01,-17,-56,1,10,1.0396,0.9737
HVM-0982,W01,-16,-56,1,10,1.0906,0.9861
HVM-0982,W01,-15,-56,1,10,1.0726,0.9371
HVM-0982,W01,-14,-56,1,10,1.0296,1.0152
HVM-0982,W01,-13,-56,2,21,1.1083,0.9486
HVM-0982,W01,-12,-56,1,10,1.0573,0.9741
HVM-0982,W01,-11,-56,1,10,1.0858,0.9521
HVM-0982,W01,-10,-56,1,10,1.0822,0.9357
HVM-0982,W01,-9,-56,1,10,1.1010,1.0125
HVM-0982,W01,-8,-56,1,10,1.1308,0.9292
HVM-0982,W01,-7,-56,3,31,1.0770,0.9429
HVM-0982,W01,-6,-56,1,10,1.1330,0.9535
HVM-0982,W01,-5,-56,1,10,1.0601,0.9527
HVM-0982,W01,-4,-56,1,10,1.0850,0.9645
HVM-0982,W01,-3,-56,1,10,1.1338,0.9668
HVM-0982,W01,-2,-56,1,10,1.0806,0.9705
HVM-0982,W01,-1,-56,1,10,1.1083,0.9165
HVM-0982,W01,0,-56,1,10,1.0794,0.9581
HVM-0982,W01,1,-56,1,10,1.1320,0.9919
HVM-0982,W01,2,-56,1,10,1.1160,0.9865
HVM-0982,W01,3,-56,1,10,1.1274,0.9205
HVM-0982,W01,4,-56,1,10,1.1566,0.9481
HVM-0982,W01,5,-56,1,10,1.1128,0.9324
HVM-0982,W01,6,-56,1,10,1.1056,0.9658
HVM-0982,W01,7,-56,1,10,1.1144,0.9285
HVM-0982,W01,8,-56,1,10,1.1244,0.9808
HVM-0982,W01,9,-56,1,10,1.1457,0.9464
HVM-0982,W01,10,-56,1,10,1.1409,0.9948
HVM-0982,W01,11,-56,1,10,1.1687,0.9608
HVM-0982,W01,12,-56,1,10,1.1693,0.9285
HVM-0982,W01,13,-56,1,10,1.1899,0.9610
HVM-0982,W01,14,-56,1,10,1.1760,0.9686
HVM-0982,W01,15,-56,1,10,1.1434,0.9454
HVM-0982,W01,16,-56,1,10,1.1841,0.9573
HVM-0982,W01,17,-56,1,10,1.2314,0.9604
HVM-0982,W01,18,-56,1,10,1.1684,0.9619
HVM-0982,W01,19,-56,1,10,1.1686,0.9614
HVM-0982,W01,20,-56,1,10,1.1578,0.9707
HVM-0982,W01,21,-56,1,10,1.1909,0.9471
HVM-0982,W01,22,-56,1,10,1.1688,0.9412
HVM-0982,W01,23,-56,1,10,1.1380,0.9453
HVM-0982,W01,24,-56,1,10,1.1920,0.9281
HVM-0982,W01,-25,-55,1,10,1.0218,0.9420
HVM-0982,W01,-24,-55,4,20,1.1101,0.9413
HVM-0982,W01,-23,-55,1,10,1.0081,0.9456
HVM-0982,W01,-22,-55,4,20,1.0246,0.9312
HVM-0982,W01,-21,-55,1,10,1.0477,0.9626
HVM-0982,W01,-20,-55,1,10,1.0182,0.9552
HVM-0982,W01,-19,-55,1,10,1.0450,0.9684
HVM-0982,W01,-18,-55,1,10,1.0233,0.9956
HVM-0982,W01,-17,-55,1,10,1.0796,0.9549
HVM-0982,W01,-16,-55,4,30,1.0392,0.9342
HVM-0982,W01,-15,-55,1,10,1.0815,0.9639
HVM-0982,W01,-14,-55,2,20,1.0997,1.0156
HVM-0982,W01,-13,-55,1,10,1.1007,0.9559
HVM-0982,W01,-12,-55,1,10,1.0647,0.9736
HVM-0982,W01,-11,-55,1,10,1.0702,0.9816
HVM-0982,W01,-10,-55,1,10,1.0810,0.9503
HVM-0982,W01,-9,-55,1,10,1.0830,0.9248
HVM-0982,W01,-8,-55,1,10,1.0698,0.9234
HVM-0982,W01,-7,-55,2,31,1.1432,0.9569
HVM-0982,W01,-6,-55,1,10,1.0733,0.9437
HVM-0982,W01,-5,-55,1,10,1.1244,0.9881
HVM-0982,W01,-4,-55,1,10,1.0907,0.9197
HVM-0982,W01,-3,-55,1,10,1.1037,0.9197
HVM-0982,W01,-2,-55,1,10,1.1097,0.9300
HVM-0982,W01,-1,-55,1,10,1.1393,0.9671
HVM-0982,W01,0,-55,1,10,1.1075,0.8906
HVM-0982,W01,1,-55,1,10,1.1403,0.9669
HVM-0982,W01,2,-55,1,10,1.0958,0.9488
HVM-0982,W01,3,-55,1,10,1.1427,0.9569
HVM-0982,W01,4,-55,1,10,1.1580,0.9344
HVM-0982,W01,5,-55,1,10,1.1426,0.9304
HVM-0982,W01,6,-55,3,31,1.1816,0.9968
HVM-0982,W01,7,-55,1,10,1.1658,0.9349
HVM-0982,W01,8,-55,1,10,1.1525,0.9279
HVM-0982,W01,9,-55,1,10,1.1359,0.9161
HVM-0982,W01,10,-55,1,10,1.1416,0.9358
HVM-0982,W01,11,-55,1,10,1.1493,0.9899
HVM-0982,W01,12,-55,1,10,1.1468,0.9614
HVM-0982,W01,13,-55,1,10,1.1217,0.9673
HVM-0982,W01,14,-55,1,10,1.1178,0.9224
HVM-0982,W01,15,-55,1,10,1.1389,0.9922
HVM-0982,W01,16,-55,1,10,1.1570,0.9416
HVM-0982,W01,17,-55,1,10,1.1729,0.9773
HVM-0982,W01,18,-55,1,10,1.1786,0.9521
HVM-0982,W01,19,-55,1,10,1.2087,0.9567
HVM-0982,W01,20,-55,1,10,1.1803,0.9798
HVM-0982,W01,21,-55,1,10,1.1162,0.9775
HVM-0982,W01,22,-55,1,10,1.1800,0.9687
HVM-0982,W01,23,-55,1,10,1.2172,0.9801
HVM-0982,W01,24,-55,1,10,1.1663,0.9868
HVM-0982,W01,25,-55,1,10,1.2020,0.9814
HVM-0982,W01,-26,-54,1,10,1.0737,0.9603
HVM-0982,W01,-25,-54,2,30,1.0403,1.0019
HVM-0982,W01,-24,-54,1,10,1.0998,0.9783
HVM-0982,W01,-23,-54,1,10,1.0525,0.9617
HVM-0982,W01,-22,-54,4,31,1.0706,0.9972
HVM-0982,W01,-21,-54,1,10,1.0560,0.9494
HVM-0982,W01,-20,-54,1,10,1.0135,0.9782
HVM-0982,W01,-19,-54,1,10,1.0982,0.9535
HVM-0982,W01,-18,-54,1,10,1.0329,0.9587
HVM-0982,W01,-17,-54,1,10,1.0692,0.9501
HVM-0982,W01,-16,-54,1,10,1.0708,0.9370
HVM-0982,W01,-15,-54,1,10,1.0763,0.9427
HVM-0982,W01,-14,-54,1,10,1.0743,1.0114
HVM-0982,W01,-13,-54,1,10,1.0869,0.9982
HVM-0982,W01,-12,-54,1,10,1.0585,0.9454
HVM-0982,W01,-11,-54,1,10,1.1120,0.9662
HVM-0982,W01,-10,-54,1,10,1.0945,0.9711
HVM-0982,W01,-9,-54,1,10,1.1331,0.9303
HVM-0982,W01,-8,-54,1,10,1.1082,0.9647
HVM-0982,W01,-7,-54,1,10,1.1193,0.9461
HVM-0982,W01,-6,-54,1,10,1.1013,0.9383
HVM-0982,W01,-5,-54,1,10,1.1063,0.9188
HVM-0982,W01,-4,-54,1,10,1.1090,0.9610
HVM-0982,W01,-3,-54,1,10,1.1022,0.9626
HVM-0982,W01,-2,-54,1,10,1.0859,0.9362
HVM-0982,W01,-1,-54,1,10,1.1642,0.9463
HVM-0982,W01,0,-54,1,10,1.1178,0.9276
HVM-0982,W01,1,-54,1,10,1.1327,0.9736
HVM-0982,W01,2,-54,1,10,1.1464,0.9643
HVM-0982,W01,3,-54,1,10,1.1472,0.9966
HVM-0982,W01,4,-54,1,10,1.1069,0.9294
HVM-0982,W01,5,-54,1,10,1.1572,0.9590
HVM-0982,W01,6,-54,3,21,1.1948,0.9557
HVM-0982,W01,7,-54,1,10,1.1724,0.9717
HVM-0982,W01,8,-54,1,10,1.1660,0.9558
HVM-0982,W01,9,-54,1,10,1.1412,0.9156
HVM-0982,W01,10,-54,1,10,1.1701,0.9634
HVM-0982,W01,11,-54,1,10,1.1736,0.9178
HVM-0982,W01,12,-54,1,10,1.1871,0.9329
HVM-0982,W01,13,-54,1,10,1.2068,0.9476
HVM-0982,W01,14,-54,1,10,1.1448,0.9253
HVM-0982,W01,15,-54,1,10,1.1742,0.9273
HVM-0982,W01,16,-54,1,10,1.2087,0.9416
HVM-0982,W01,17,-54,1,10,1.2087,0.9491
HVM-0982,W01,18,-54,1,10,1.1726,0.9362
HVM-0982,W01,19,-54,1,10,1.1909,0.9424
HVM-0982,W01,20,-54,1,10,1.1665,0.9494
HVM-0982,W01,21,-54,1,10,1.2092,0.9632
HVM-0982,W01,22,-54,1,10,1.2307,0.9680
HVM-0982,W01,23,-54,1,10,1.2321,0.9672
HVM-0982,W01,24,-54,1,10,1.1728,0.9574
HVM-0982,W01,25,-54,1,10,1.2201,0.9686
HVM-0982,W01,26,-54,1,10,1.1679,0.9590
HVM-0982,W01,-27,-53,1,10,1.0195,0.9617
HVM-0982,W01,-26,-53,1,10,1.0632,0.9414
HVM-0982,W01,-25,-53,2,30,1.0728,0.9511
HVM-0982,W01,-24,-53,1,10,1.0383,0.9653
HVM-0982,W01,-23,-53,1,10,1.0713,0.9604
HVM-0982,W01,-22,-53,1,10,1.0399,0.9643
HVM-0982,W01,-21,-53,1,10,1.0663,0.9731
HVM-0982,W01,-20,-53,1,10,1.0448,0.9622
HVM-0982,W01,-19,-53,1,10,1.0501,0.9891
HVM-0982,W01,-18,-53,1,10,1.0711,0.9534
HVM-0982,W01,-17,-53,1,10,1.0811,0.9316
HVM-0982,W01,-16,-53,1,10,1.0726,0.9496
HVM-0982,W01,-15,-53,1,10,1.0933,0.9543
HVM-0982,W01,-14,-53,1,10,1.1111,0.9674
HVM-0982,W01,-13,-53,1,10,1.0697,0.9761
HVM-0982,W01,-12,-53,1,10,1.1450,0.9464
HVM-0982,W01,-11,-53,1,10,1.0636,0.9514
HVM-0982,W01,-10,-53,1,10,1.1418,0.9258
HVM-0982,W01,-9,-53,1,10,1.1357,0.9287
HVM-0982,W01,-8,-53,1,10,1.0792,0.9494
HVM-0982,W01,-7,-53,1,10,1.1132,0.9365
HVM-0982,W01,-6,-53,1,10,1.0759,0.9647
HVM-0982,W01,-5,-53,1,10,1.1029,0.9499
HVM-0982,W01,-4,-53,1,10,1.1051,0.9626
HVM-0982,W01,-3,-53,1,10,1.1417,1.0016
HVM-0982,W01,-2,-53,1,10,1.1213,0.9724
HVM-0982,W01,-1,-53,1,10,1.1172,0.9352
HVM-0982,W01,0,-53,1,10,1.1224,0.9858
HVM-0982,W01,1,-53,1,10,1.1489,0.9591
HVM-0982,W01,2,-53,1,10,1.1467,0.9302
HVM-0982,W01,3,-53,1,10,1.1339,0.9191
HVM-0982,W01,4,-53,1,10,1.1751,0.9425
HVM-0982,W01,5,-53,1,10,1.0988,0.9351
HVM-0982,W01,6,-53,1,10,1.1417,0.9383
HVM-0982,W01,7,-53,1,10,1.1288,0.9374
HVM-0982,W01,8,-53,1,10,1.1214,0.9399
HVM-0982,W01,9,-53,4,31,1.1670,0.9196
HVM-0982,W01,10,-53,1,10,1.1202,0.9161
HVM-0982,W01,11,-53,1,10,1.1472,0.9725
HVM-0982,W01,12,-53,1,10,1.1298,0.9350
HVM-0982,W01,13,-53,1,10,1.1705,0.9796
HVM-0982,W01,14,-53,1,10,1.1570,0.9420
HVM-0982,W01,15,-53,1,10,1.1829,0.9092
HVM-0982,W01,16,-53,1,10,1.2068,0.9424
HVM-0982,W01,17,-53,1,10,1.1929,0.9768
HVM-0982,W01,18,-53,1,10,1.1579,0.9403
HVM-0982,W01,19,-53,1,10,1.2057,0.9502
HVM-0982,W01,20,-53,1,10,1.2008,0.9470
HVM-0982,W01,21,-53,1,10,1.2113,0.9280
HVM-0982,W01,22,-53,1,10,1.1830,0.9814
HVM-0982,W01,23,-53,1,10,1.1666,0.9480
HVM-0982,W01,24,-53,1,10,1.1776,0.9808
HVM-0982,W01,25,-53,3,21,1.2236,0.9359
HVM-0982,W01,26,-53,3,21,1.1988,0.9490
HVM-0982,W01,27,-53,1,10,1.2144,0.9715
HVM-0982,W01,-28,-52,1,10,1.0312,0.9586
HVM-0982,W01,-27,-52,1,10,1.0274,0.9652
HVM-0982,W01,-26,-52,1,10,1.0216,0.9925
HVM-0982,W01,-25,-52,2,30,1.0492,0.9705
HVM-0982,W01,-24,-52,3,21,1.0977,0.9826
HVM-0982,W01,-23,-52,1,10,1.0635,1.0076
HVM-0982,W01,-22,-52,1,10,1.0246,0.9548
HVM-0982,W01,-21,-52,1,10,1.0626,0.9860
HVM-0982,W01,-20,-52,1,10,1.0696,0.9778
HVM-0982,W01,-19,-52,1,10,1.0683,0.9588
HVM-0982,W01,-18,-52,1,10,1.0503,0.9600
HVM-0982,W01,-17,-52,1,10,1.0596,0.9754
HVM-0982,W01,-16,-52,1,10,1.0578,0.9371
HVM-0982,W01,-15,-52,1,10,1.1097,0.9455
HVM-0982,W01,-14,-52,1,10,1.0879,0.9680
HVM-0982,W01,-13,-52,1,10,1.0427,0.9590
HVM-0982,W01,-12,-52,1,10,1.1086,0.9540
HVM-0982,W01,-11,-52,1,10,1.1184,0.9029
HVM-0982,W01,-10,-52,1,10,1.0917,0.9500
HVM-0982,W01,-9,-52,1,10,1.0653,0.9341
HVM-0982,W01,-8,-52,1,10,1.1490,0.9472
HVM-0982,W01,-7,-52,1,10,1.1199,0.9798
HVM-0982,W01,-6,-52,1,10,1.0993,0.9452
HVM-0982,W01,-5,-52,1,10,1.0677,0.9411
HVM-0982,W01,-4,-52,1,10,1.1491,0.9449
HVM-0982,W01,-3,-52,1,10,1.0968,0.8901
HVM-0982,W01,-2,-52,1,10,1.1332,0.9804
HVM-0982,W01,-1,-52,1,10,1.1274,0.9298
HVM-0982,W01,0,-52,1,10,1.0903,0.9395
HVM-0982,W01,1,-52,1,10,1.1356,0.9581
HVM-0982,W01,2,-52,1,10,1.1247,0.9261
HVM-0982,W01,3,-52,1,10,1.1520,0.9270
HVM-0982,W01,4,-52,1,10,1.1438,0.9404
HVM-0982,W01,5,-52,1,10,1.1453,0.9577
HVM-0982,W01,6,-52,1,10,1.1135,0.9282
HVM-0982,W01,7,-52,1,10,1.1666,0.9518
HVM-0982,W01,8,-52,1,10,1.1254,0.9370
HVM-0982,W01,9,-52,3,21,1.1434,0.9181
HVM-0982,W01,10,-52,1,10,1.1459,1.0050
HVM-0982,W01,11,-52,3,21,1.1267,0.9961
HVM-0982,W01,12,-52,1,10,1.1618,0.9627
HVM-0982,W01,13,-52,1,10,1.1771,0.9846
HVM-0982,W01,14,-52,1,10,1.1492,0.9779
HVM-0982,W01,15,-52,1,10,1.1766,0.9542
HVM-0982,W01,16,-52,1,10,1.1968,0.9564
HVM-0982,W01,17,-52,1,10,1.1377,0.9188
HVM-0982,W01,18,-52,1,10,1.1920,0.9831
HVM-0982,W01,19,-52,2,30,1.1432,0.9607
HVM-0982,W01,20,-52,1,10,1.2326,1.0228
HVM-0982,W01,21,-52,1,10,1.1925,0.9525
HVM-0982,W01,22,-52,1,10,1.1486,0.9463
HVM-0982,W01,23,-52,1,10,1.1697,0.9751
HVM-0982,W01,24,-52,1,10,1.2245,0.9590
HVM-0982,W01,25,-52,1,10,1.2170,0.9453
HVM-0982,W01,26,-52,4,30,1.1877,0.9798
HVM-0982,W01,27,-52,2,20,1.2080,0.9606
HVM-0982,W01,28,-52,1,10,1.1984,0.9541
HVM-0982,W01,-29,-51,1,10,1.0064,0.9732
HVM-0982,W01,-28,-51,4,30,1.0530,0.9557
HVM-0982,W01,-27,-51,2,20,1.0374,0.9763
HVM-0982,W01,-26,-51,2,31,0.9806,0.9159
HVM-0982,W01,-25,-51,1,10,1.0425,0.9769
HVM-0982,W01,-24,-51,1,10,1.0373,0.9886
HVM-0982,W01,-23,-51,1,10,1.0422,0.9483
HVM-0982,W01,-22,-51,1,10,1.0460,0.9885
HVM-0982,W01,-21,-51,1,10,1.0740,0.9870
HVM-0982,W01,-20,-51,1,10,1.0704,0.9451
HVM-0982,W01,-19,-51,1,10,1.0439,0.9368
HVM-0982,W01,-18,-51,1,10,1.0454,0.9561
HVM-0982,W01,-17,-51,1,10,1.0275,0.9140
HVM-0982,W01,-16,-51,1,10,1.0864,0.9321
HVM-0982,W01,-15,-51,1,10,1.0476,0.9083
HVM-0982,W01,-14,-51,1,10,1.1152,0.9098
HVM-0982,W01,-13,-51,1,10,1.0849,0.9458
HVM-0982,W01,-12,-51,1,10,1.0703,0.9336
HVM-0982,W01,-11,-51,1,10,1.0651,0.9375
HVM-0982,W01,-10,-51,1,10,1.1136,0.9523
HVM-0982,W01,-9,-51,1,10,1.1119,0.9255
HVM-0982,W01,-8,-51,1,10,1.1065,0.9341
HVM-0982,W01,-7,-51,1,10,1.1144,0.9478
HVM-0982,W01,-6,-51,1,10,1.0692,0.9580
HVM-0982,W01,-5,-51,1,10,1.1425,0.9491
HVM-0982,W01,-4,-51,1,10,1.1283,0.9559
HVM-0982,W01,-3,-51,1,10,1.0789,0.9861
HVM-0982,W01,-2,-51,1,10,1.1088,0.9067
HVM-0982,W01,-1,-51,1,10,1.1407,0.9460
HVM-0982,W01,0,-51,3,30,1.0875,0.9484
HVM-0982,W01,1,-51,1,10,1.1511,0.9308
HVM-0982,W01,2,-51,1,10,1.1108,0.9720
HVM-0982,W01,3,-51,1,10,1.1663,0.9136
HVM-0982,W01,4,-51,1,10,1.1189,0.9197
HVM-0982,W01,5,-51,1,10,1.1159,0.8700
HVM-0982,W01,6,-51,1,10,1.1944,0.9244
HVM-0982,W01,7,-51,4,31,1.1821,0.9531
HVM-0982,W01,8,-51,1,10,1.1666,0.9353
HVM-0982,W01,9,-51,1,10,1.1191,0.9574
HVM-0982,W01,10,-51,1,10,1.1176,0.9232
HVM-0982,W01,11,-51,1,10,1.1153,0.9483
HVM-0982,W01,12,-51,2,21,1.1532,0.9378
HVM-0982,W01,13,-51,1,10,1.1430,0.9214
HVM-0982,W01,14,-51,1,10,1.1582,0.9201
HVM-0982,W01,15,-51,1,10,1.1294,0.9719
HVM-0982,W01,16,-51,1,10,1.1502,0.9529
HVM-0982,W01,17,-51,3,20,1.2118,0.9686
HVM-0982,W01,18,-51,1,10,1.2211,0.9626
HVM-0982,W01,19,-51,1,10,1.1609,0.9465
HVM-0982,W01,20,-51,1,10,1.2163,0.9894
HVM-0982,W01,21,-51,1,10,1.2055,0.9564
HVM-0982,W01,22,-51,1,10,1.1959,0.9516
HVM-0982,W01,23,-51,1,10,1.1461,0.9506
HVM-0982,W01,24,-51,1,10,1.1885,0.9620
HVM-0982,W01,25,-51,1,10,1.2086,0.9404
HVM-0982,W01,26,-51,2,21,1.2021,0.9474
HVM-0982,W01,27,-51,2,21,1.2058,0.9768
HVM-0982,W01,28,-51,1,10,1.1769,0.8926
HVM-0982,W01,29,-51,1,10,1.2117,1.0265
HVM-0982,W01,-30,-50,2,21,1.0231,0.9778
HVM-0982,W01,-29,-50,1,10,1.0445,0.9474
HVM-0982,W01,-28,-50,2,20,1.0724,0.9610
HVM-0982,W01,-27,-50,1,10,1.0253,0.9276
HVM-0982,W01,-26,-50,1,10,1.0224,0.9965
HVM-0982,W01,-25,-50,1,10,1.0705,0.9421
HVM-0982,W01,-24,-50,1,10,1.0390,0.9510
HVM-0982,W01,-23,-50,1,10,1.0400,0.9688
HVM-0982,W01,-22,-50,1,10,1.0824,0.9556
HVM-0982,W01,-21,-50,1,10,1.0791,0.9542
HVM-0982,W01,-20,-50,1,10,1.0727,0.9615
HVM-0982,W01,-19,-50,1,10,1.0618,0.9549
HVM-0982,W01,-18,-50,1,10,1.0932,0.9743
HVM-0982,W01,-17,-50,1,10,1.0352,0.9233
HVM-0982,W01,-16,-50,1,10,1.0591,0.9309
HVM-0982,W01,-15,-50,1,10,1.0574,0.9065
HVM-0982,W01,-14,-50,1,10,1.1076,0.9869
HVM-0982,W01,-13,-50,1,10,1.0631,0.9682
HVM-0982,W01,-12,-50,1,10,1.0861,0.9191
HVM-0982,W01,-11,-50,1,10,1.0618,0.9518
HVM-0982,W01,-10,-50,1,10,1.0907,1.0002
HVM-0982,W01,-9,-50,1,10,1.1086,0.9057
HVM-0982,W01,-8,-50,1,10,1.1575,0.9089
HVM-0982,W01,-7,-50,1,10,1.1496,0.9116
HVM-0982,W01,-6,-50,1,10,1.0689,0.9263
HVM-0982,W01,-5,-50,1,10,1.1227,0.9774
HVM-0982,W01,-4,-50,1,10,1.1133,0.8779
HVM-0982,W01,-3,-50,1,10,1.1469,0.9009
HVM-0982,W01,-2,-50,1,10,1.1017,0.9720
HVM-0982,W01,-1,-50,1,10,1.1546,0.9168
HVM-0982,W01,0,-50,1,10,1.1268,0.9233
HVM-0982,W01,1,-50,1,10,1.1089,0.9259
HVM-0982,W01,2,-50,1,10,1.1143,0.9894
HVM-0982,W01,3,-50,1,10,1.0991,0.9333
HVM-0982,W01,4,-50,1,10,1.1216,0.9441
HVM-0982,W01,5,-50,1,10,1.1786,0.9120
HVM-0982,W01,6,-50,1,10,1.1259,0.9229
HVM-0982,W01,7,-50,1,10,1.1449,0.9584
HVM-0982,W01,8,-50,1,10,1.1090,0.9113
HVM-0982,W01,9,-50,1,10,1.1331,0.9628
HVM-0982,W01,10,-50,1,10,1.1675,0.9669
HVM-0982,W01,11,-50,1,10,1.1682,0.9825
HVM-0982,W01,12,-50,1,10,1.1211,1.0220
HVM-0982,W01,13,-50,1,10,1.1524,0.9495
HVM-0982,W01,14,-50,1,10,1.1081,0.9879
HVM-0982,W01,15,-50,1,10,1.1888,0.9687
HVM-0982,W01,16,-50,4,31,1.1815,0.9567
HVM-0982,W01,17,-50,1,10,1.1819,0.9444
HVM-0982,W01,18,-50,1,10,1.1536,0.9293
HVM-0982,W01,19,-50,1,10,1.1372,0.9703
HVM-0982,W01,20,-50,1,10,1.2126,0.8880
HVM-0982,W01,21,-50,1,10,1.2003,0.9660
HVM-0982,W01,22,-50,1,10,1.1847,0.9725
HVM-0982,W01,23,-50,1,10,1.1713,0.9549
HVM-0982,W01,24,-50,1,10,1.1923,0.9610
HVM-0982,W01,25,-50,1,10,1.1871,0.9987
HVM-0982,W01,26,-50,1,10,1.2136,0.9409
HVM-0982,W01,27,-50,2,31,1.1833,0.9853
HVM-0982,W01,28,-50,1,10,1.2311,0.9843
HVM-0982,W01,29,-50,1,10,1.2015,0.9276
HVM-0982,W01,30,-50,2,31,1.2336,0.9584
HVM-0982,W01,-31,-49,2,21,1.0514,0.9206
HVM-0982,W01,-30,-49,4,31,1.0329,0.9707
HVM-0982,W01,-29,-49,1,10,1.0732,0.9568
HVM-0982,W01,-28,-49,4,20,1.0153,0.9658
HVM-0982,W01,-27,-49,1,10,1.0688,0.9219
HVM-0982,W01,-26,-49,1,10,1.0696,0.9863
HVM-0982,W01,-25,-49,1,10,1.0680,0.9570
HVM-0982,W01,-24,-49,1,10,1.0139,0.9282
HVM-0982,W01,-23,-49,1,10,1.0672,0.9002
HVM-0982,W01,-22,-49,1,10,1.0499,0.9707
HVM-0982,W01,-21,-49,1,10,1.0775,0.9405
HVM-0982,W01,-20,-49,1,10,1.0366,1.0099
HVM-0982,W01,-19,-49,1,10,1.0714,0.9547
HVM-0982,W01,-18,-49,1,10,1.0910,0.9338
HVM-0982,W01,-17,-49,1,10,1.0951,0.9426
HVM-0982,W01,-16,-49,1,10,1.0617,0.9865
HVM-0982,W01,-15,-49,1,10,1.0518,0.9504
HVM-0982,W01,-14,-49,1,10,1.0862,0.9485
HVM-0982,W01,-13,-49,1,10,1.1040,0.9749
HVM-0982,W01,-12,-49,1,10,1.0534,0.9352
HVM-0982,W01,-11,-49,1,10,1.0870,0.8807
HVM-0982,W01,-10,-49,1,10,1.0876,0.9898
HVM-0982,W01,-9,-49,1,10,1.1294,0.9677
HVM-0982,W01,-8,-49,1,10,1.0888,0.9422
HVM-0982,W01,-7,-49,1,10,1.0719,0.9524
HVM-0982,W01,-6,-49,1,10,1.1034,0.9660
HVM-0982,W01,-5,-49,1,10,1.1192,0.9812
HVM-0982,W01,-4,-49,1,10,1.1062,0.9143
HVM-0982,W01,-3,-49,1,10,1.1066,0.9271
HVM-0982,W01,-2,-49,1,10,1.0830,0.9771
HVM-0982,W01,-1,-49,1,10,1.1241,0.9385
HVM-0982,W01,0,-49,1,10,1.1445,0.9333
HVM-0982,W01,1,-49,1,10,1.0799,0.9987
HVM-0982,W01,2,-49,1,10,1.1133,0.9348
HVM-0982,W01,3,-49,1,10,1.1167,0.9603
HVM-0982,W01,4,-49,2,20,1.1398,0.9073
HVM-0982,W01,5,-49,1,10,1.0959,0.9356
HVM-0982,W01,6,-49,1,10,1.1548,0.9640
HVM-0982,W01,7,-49,1,10,1.1811,0.9127
HVM-0982,W01,8,-49,1,10,1.1236,0.9040
HVM-0982,W01,9,-49,1,10,1.1790,0.9717
HVM-0982,W01,10,-49,1,10,1.1186,0.9222
HVM-0982,W01,11,-49,1,10,1.1808,0.9713
HVM-0982,W01,12,-49,1,10,1.1624,0.9570
HVM-0982,W01,13,-49,1,10,1.1457,0.8726
HVM-0982,W01,14,-49,1,10,1.1032,0.9419
HVM-0982,W01,15,-49,1,10,1.1700,0.9594
HVM-0982,W01,16,-49,2,20,1.1388,0.9567
HVM-0982,W01,17,-49,1,10,1.1579,0.9564
HVM-0982,W01,18,-49,1,10,1.1735,0.9136
HVM-0982,W01,19,-49,1,10,1.2027,0.9358
HVM-0982,W01,20,-49,1,10,1.1647,0.9217
HVM-0982,W01,21,-49,1,10,1.1988,0.9566
HVM-0982,W01,22,-49,1,10,1.2029,0.9701
HVM-0982,W01,23,-49,1,10,1.2119,0.9720
HVM-0982,W01,24,-49,1,10,1.1519,0.9574
HVM-0982,W01,25,-49,1,10,1.2038,0.9797
HVM-0982,W01,26,-49,1,10,1.1672,0.9641
HVM-0982,W01,27,-49,1,10,1.2290,0.9492
HVM-0982,W01,28,-49,1,10,1.2048,0.9175
HVM-0982,W01,29,-49,2,30,1.2081,0.9399
HVM-0982,W01,30,-49,2,31,1.2421,0.9864
HVM-0982,W01,31,-49,1,10,1.2011,0.9738
HVM-0982,W01,-32,-48,1,10,1.0037,0.9535
HVM-0982,W01,-31,-48,1,10,1.0398,0.9795
HVM-0982,W01,-30,-48,2,30,1.0154,0.9702
HVM-0982,W01,-29,-48,1,10,1.0043,0.9477
HVM-0982,W01,-28,-48,1,10,0.9866,0.9398
HVM-0982,W01,-27,-48,1,10,1.0198,0.9651
HVM-0982,W01,-26,-48,1,10,1.0492,0.9623
HVM-0982,W01,-25,-48,1,10,1.0186,0.9703
HVM-0982,W01,-24,-48,1,10,1.0745,0.9518
HVM-0982,W01,-23,-48,1,10,1.0551,0.9699
HVM-0982,W01,-22,-48,1,10,1.0512,0.9669
HVM-0982,W01,-21,-48,1,10,1.1127,0.9827
HVM-0982,W01,-20,-48,1,10,1.0543,0.9742
HVM-0982,W01,-19,-48,1,10,1.0553,0.9600
HVM-0982,W01,-18,-48,1,10,1.0690,0.9299
HVM-0982,W01,-17,-48,1,10,1.0567,0.9740
HVM-0982,W01,-16,-48,1,10,1.0917,0.9788
HVM-0982,W01,-15,-48,1,10,1.0964,0.9073
HVM-0982,W01,-14,-48,1,10,1.1281,0.9198
HVM-0982,W01,-13,-48,1,10,1.1172,0.9697
HVM-0982,W01,-12,-48,1,10,1.1116,0.9437
HVM-0982,W01,-11,-48,1,10,1.1031,0.9245
HVM-0982,W01,-10,-48,1,10,1.0818,0.9710
HVM-0982,W01,-9,-48,1,10,1.0925,0.9661
HVM-0982,W01,-8,-48,2,30,1.0767,0.9429
HVM-0982,W01,-7,-48,1,10,1.1264,0.9065
HVM-0982,W01,-6,-48,1,10,1.1407,0.9183
HVM-0982,W01,-5,-48,1,10,1.1026,0.9527
HVM-0982,W01,-4,-48,1,10,1.1426,0.9435
HVM-0982,W01,-3,-48,1,10,1.0809,0.9921
HVM-0982,W01,-2,-48,1,10,1.1277,0.8820
HVM-0982,W01,-1,-48,1,10,1.0881,0.9313
HVM-0982,W01,0,-48,1,10,1.1113,0.9559
HVM-0982,W01,1,-48,1,10,1.0895,0.9299
HVM-0982,W01,2,-48,1,10,1.1306,0.9588
HVM-0982,W01,3,-48,1,10,1.1368,0.9628
HVM-0982,W01,4,-48,1,10,1.1367,0.9541
HVM-0982,W01,5,-48,1,10,1.1785,0.9617
HVM-0982,W01,6,-48,1,10,1.1612,0.9680
HVM-0982,W01,7,-48,1,10,1.1941,0.9520
HVM-0982,W01,8,-48,1,10,1.1581,0.9549
HVM-0982,W01,9,-48,1,10,1.0845,0.9267
HVM-0982,W01,10,-48,1,10,1.1496,0.9143
HVM-0982,W01,11,-48,1,10,1.1739,0.9024
HVM-0982,W01,12,-48,1,10,1.1497,0.9495
HVM-0982,W01,13,-48,1,10,1.1803,0.9628
HVM-0982,W01,14,-48,1,10,1.2007,0.9357
HVM-0982,W01,15,-48,1,10,1.2040,0.9346
HVM-0982,W01,16,-48,1,10,1.1790,0.9395
HVM-0982,W01,17,-48,1,10,1.1867,0.9475
HVM-0982,W01,18,-48,1,10,1.1796,0.9596
HVM-0982,W01,19,-48,1,10,1.1890,0.9507
HVM-0982,W01,20,-48,1,10,1.2176,0.9851
HVM-0982,W01,21,-48,1,10,1.2296,0.9499
HVM-0982,W01,22,-48,1,10,1.1755,0.9964
HVM-0982,W01,23,-48,1,10,1.1939,0.9616
HVM-0982,W01,24,-48,1,10,1.2293,0.9267
HVM-0982,W01,25,-48,1,10,1.2471,0.9644
HVM-0982,W01,26,-48,1,10,1.1925,0.9923
HVM-0982,W01,27,-48,1,10,1.2139,0.9795
HVM-0982,W01,28,-48,1,10,1.2667,0.9999
HVM-0982,W01,29,-48,1,10,1.2320,0.9661
HVM-0982,W01,30,-48,2,21,1.1816,0.9746
HVM-0982,W01,31,-48,1,10,1.1906,1.0385
HVM-0982,W01,32,-48,1,10,1.2437,0.9780
HVM-0982,W01,-33,-47,1,10,1.0613,0.9373
HVM-0982,W01,-32,-47,3,21,1.0241,1.0089
HVM-0982,W01,-31,-47,3,21,1.0547,1.0018
HVM-0982,W01,-30,-47,1,10,1.0484,0.9570
HVM-0982,W01,-29,-47,1,10,1.0507,0.9313
HVM-0982,W01,-28,-47,2,20,1.0745,0.9597
HVM-0982,W01,-27,-47,1,10,1.0420,0.9407
HVM-0982,W01,-26,-47,1,10,1.0409,0.9697
HVM-0982,W01,-25,-47,1,10,1.0367,0.9581
HVM-0982,W01,-24,-47,1,10,1.0496,0.9281
HVM-0982,W01,-23,-47,1,10,1.0594,0.9671
HVM-0982,W01,-22,-47,1,10,1.0512,0.9639
HVM-0982,W01,-21,-47,2,30,1.0774,1.0019
HVM-0982,W01,-20,-47,1,10,1.0380,0.9593
HVM-0982,W01,-19,-47,1,10,1.1090,0.9779
HVM-0982,W01,-18,-47,1,10,1.0706,0.9345
HVM-0982,W01,-17,-47,1,10,1.0480,0.9397
HVM-0982,W01,-16,-47,1,10,1.0944,0.9559
HVM-0982,W01,-15,-47,1,10,1.0903,0.9231
HVM-0982,W01,-14,-47,1,10,1.0871,0.9125
HVM-0982,W01,-13,-47,1,10,1.1164,0.9693
HVM-0982,W01,-12,-47,1,10,1.0936,0.9626
HVM-0982,W01,-11,-47,1,10,1.0993,0.9090
HVM-0982,W01,-10,-47,1,10,1.0532,0.9254
HVM-0982,W01,-9,-47,1,10,1.0906,0.9128
HVM-0982,W01,-8,-47,1,10,1.1747,0.9238
HVM-0982,W01,-7,-47,1,10,1.1123,0.9344
HVM-0982,W01,-6,-47,1,10,1.0845,0.8934
HVM-0982,W01,-5,-47,1,10,1.0663,0.9170
HVM-0982,W01,-4,-47,1,10,1.1284,0.9049
HVM-0982,W01,-3,-47,1,10,1.1400,0.8994
HVM-0982,W01,-2,-47,1,10,1.1278,0.9329
HVM-0982,W01,-1,-47,1,10,1.1396,0.9900
HVM-0982,W01,0,-47,1,10,1.1087,0.9258
HVM-0982,W01,1,-47,1,10,1.1109,0.9336
HVM-0982,W01,2,-47,1,10,1.1239,0.9166
HVM-0982,W01,3,-47,1,10,1.1568,0.9368
HVM-0982,W01,4,-47,1,10,1.1339,0.9454
HVM-0982,W01,5,-47,1,10,1.1247,0.9005
HVM-0982,W01,6,-47,1,10,1.1434,1.0142
HVM-0982,W01,7,-47,1,10,1.1152,0.9577
HVM-0982,W01,8,-47,1,10,1.1556,0.9186
HVM-0982,W01,9,-47,1,10,1.1593,0.9100
HVM-0982,W01,10,-47,1,10,1.1524,0.8928
HVM-0982,W01,11,-47,1,10,1.1507,0.9196
HVM-0982,W01,12,-47,1,10,1.1760,0.9469
HVM-0982,W01,13,-47,1,10,1.1564,0.9512
HVM-0982,W01,14,-47,1,10,1.1990,0.9255
HVM-0982,W01,15,-47,1,10,1.1657,0.9414
HVM-0982,W01,16,-47,1,10,1.1807,0.9578
HVM-0982,W01,17,-47,1,10,1.1846,0.9683
HVM-0982,W01,18,-47,1,10,1.1174,0.9551
HVM-0982,W01,19,-47,1,10,1.2003,0.9171
HVM-0982,W01,20,-47,1,10,1.1604,0.9426
HVM-0982,W01,21,-47,1,10,1.2074,0.9202
HVM-0982,W01,22,-47,1,10,1.2063,0.9496
HVM-0982,W01,23,-47,1,10,1.1682,0.9714
HVM-0982,W01,24,-47,1,10,1.2183,0.9467
HVM-0982,W01,25,-47,2,20,1.2345,0.9462
HVM-0982,W01,26,-47,1,10,1.2246,0.9582
HVM-0982,W01,27,-47,1,10,1.2163,0.9616
HVM-0982,W01,28,-47,1,10,1.2022,0.9844
HVM-0982,W01,29,-47,1,10,1.2412,0.9814
HVM-0982,W01,30,-47,1,10,1.2092,0.9592
HVM-0982,W01,31,-47,1,10,1.1807,0.9364
HVM-0982,W01,32,-47,3,31,1.1876,0.9113
HVM-0982,W01,33,-47,1,10,1.1921,0.9528
HVM-0982,W01,-34,-46,1,10,1.0569,0.9516
HVM-0982,W01,-33,-46,1,10,1.0615,0.9843
HVM-0982,W01,-32,-46,1,10,1.0368,0.9720
HVM-0982,W01,-31,-46,3,20,1.0670,0.9862
HVM-0982,W01,-30,-46,1,10,1.0001,0.9854
HVM-0982,W01,-29,-46,1,10,1.0700,0.9849
HVM-0982,W01,-28,-46,1,10,1.0342,0.9488
HVM-0982,W01,-27,-46,1,10,1.0853,0.9283
HVM-0982,W01,-26,-46,3,21,1.0936,0.9620
HVM-0982,W01,-25,-46,1,10,1.1035,0.8959
HVM-0982,W01,-24,-46,1,10,1.0575,0.9528
HVM-0982,W01,-23,-46,1,10,1.0367,0.9593
HVM-0982,W01,-22,-46,1,10,1.0540,0.9482
HVM-0982,W01,-21,-46,1,10,1.0978,0.9736
HVM-0982,W01,-20,-46,1,10,1.0542,0.9451
HVM-0982,W01,-19,-46,4,21,1.0527,0.9415
HVM-0982,W01,-18,-46,1,10,1.1037,0.9408
HVM-0982,W01,-17,-46,1,10,1.0601,0.9562
HVM-0982,W01,-16,-46,1,10,1.0926,0.9285
HVM-0982,W01,-15,-46,1,10,1.1023,0.9404
HVM-0982,W01,-14,-46,1,10,1.0821,0.8919
HVM-0982,W01,-13,-46,1,10,1.1196,0.8932
HVM-0982,W01,-12,-46,1,10,1.0895,0.9469
HVM-0982,W01,-11,-46,1,10,1.1421,0.9422
HVM-0982,W01,-10,-46,1,10,1.1090,0.9701
HVM-0982,W01,-9,-46,1,10,1.1722,0.9691
HVM-0982,W01,-8,-46,1,10,1.1051,0.9396
HVM-0982,W01,-7,-46,2,21,1.1380,0.8668
HVM-0982,W01,-6,-46,1,10,1.1229,0.8926
HVM-0982,W01,-5,-46,1,10,1.1426,0.9411
HVM-0982,W01,-4,-46,1,10,1.1503,0.9367
HVM-0982,W01,-3,-46,1,10,1.1369,0.9295
HVM-0982,W01,-2,-46,1,10,1.1401,0.9481
HVM-0982,W01,-1,-46,1,10,1.1098,0.9713
HVM-0982,W01,0,-46,1,10,1.1340,0.9536
HVM-0982,W01,1,-46,1,10,1.1222,0.9162
HVM-0982,W01,2,-46,1,10,1.0822,0.9059
HVM-0982,W01,3,-46,1,10,1.1221,0.9306
HVM-0982,W01,4,-46,1,10,1.1362,0.9088
HVM-0982,W01,5,-46,1,10,1.1469,0.9290
HVM-0982,W01,6,-46,1,10,1.1591,0.9533
HVM-0982,W01,7,-46,1,10,1.1508,0.9444
HVM-0982,W01,8,-46,1,10,1.1306,0.9689
HVM-0982,W01,9,-46,1,10,1.1446,0.9168
HVM-0982,W01,10,-46,1,10,1.1756,0.8926
HVM-0982,W01,11,-46,2,21,1.1955,0.9338
HVM-0982,W01,12,-46,1,10,1.1686,0.9287
HVM-0982,W01,13,-46,1,10,1.1717,0.9680
HVM-0982,W01,14,-46,1,10,1.2207,0.9185
HVM-0982,W01,15,-46,1,10,1.1810,0.9608
HVM-0982,W01,16,-46,1,10,1.1869,0.9325
HVM-0982,W01,17,-46,1,10,1.1939,0.9518
HVM-0982,W01,18,-46,1,10,1.1821,0.9460
HVM-0982,W01,19,-46,1,10,1.1572,0.9510
HVM-0982,W01,20,-46,1,10,1.2062,0.9728
HVM-0982,W01,21,-46,1,10,1.1545,0.9844
HVM-0982,W01,22,-46,1,10,1.2429,0.9449
HVM-0982,W01,23,-46,1,10,1.1912,0.9247
HVM-0982,W01,24,-46,1,10,1.1715,0.9858
HVM-0982,W01,25,-46,1,10,1.2162,0.9316
HVM-0982,W01,26,-46,1,10,1.2659,0.9484
HVM-0982,W01,27,-46,1,10,1.1987,0.9295
HVM-0982,W01,28,-46,1,10,1.2040,0.9445
HVM-0982,W01,29,-46,1,10,1.2057,0.9496
HVM-0982,W01,30,-46,1,10,1.2232,0.9620
HVM-0982,W01,31,-46,1,10,1.2187,0.9437
HVM-0982,W01,32,-46,1,10,1.2431,0.9686
HVM-0982,W01,33,-46,3,30,1.1602,0.9615
HVM-0982,W01,34,-46,1,10,1.2313,0.9978
HVM-0982,W01,-34,-45,1,10,1.0086,1.0135
HVM-0982,W01,-33,-45,4,21,1.0427,0.9639
HVM-0982,W01,-32,-45,1,10,1.0333,0.9739
HVM-0982,W01,-31,-45,1,10,1.0944,0.9912
HVM-0982,W01,-30,-45,1,10,1.0172,0.9396
HVM-0982,W01,-29,-45,1,10,1.0026,0.9730
HVM-0982,W01,-28,-45,1,10,1.0319,0.9342
HVM-0982,W01,-27,-45,1,10,1.0585,0.9235
HVM-0982,W01,-26,-45,1,10,1.0202,0.9222
HVM-0982,W01,-25,-45,1,10,1.1052,0.9336
HVM-0982,W01,-24,-45,1,10,1.0576,0.9295
HVM-0982,W01,-23,-45,1,10,0.9918,0.8953
HVM-0982,W01,-22,-45,1,10,1.0608,0.9425
HVM-0982,W01,-21,-45,1,10,1.0995,0.9440
HVM-0982,W01,-20,-45,1,10,1.0583,0.9475
HVM-0982,W01,-19,-45,1,10,1.1078,0.9733
HVM-0982,W01,-18,-45,1,10,1.0666,0.9414
HVM-0982,W01,-17,-45,1,10,1.1476,0.9352
HVM-0982,W01,-16,-45,1,10,1.0758,0.9667
HVM-0982,W01,-15,-45,1,10,1.0854,0.9137
HVM-0982,W01,-14,-45,1,10,1.0772,0.8928
HVM-0982,W01,-13,-45,1,10,1.0934,0.9693
HVM-0982,W01,-12,-45,1,10,1.1632,0.9363
HVM-0982,W01,-11,-45,1,10,1.0759,0.9592
HVM-0982,W01,-10,-45,1,10,1.1420,0.9398
HVM-0982,W01,-9,-45,1,10,1.0782,0.9386
HVM-0982,W01,-8,-45,1,10,1.1054,0.9488
HVM-0982,W01,-7,-45,1,10,1.1290,0.9546
HVM-0982,W01,-6,-45,1,10,1.0945,0.9335
HVM-0982,W01,-5,-45,1,10,1.1022,0.8938
HVM-0982,W01,-4,-45,1,10,1.1347,0.9288
HVM-0982,W01,-3,-45,1,10,1.1238,0.9515
HVM-0982,W01,-2,-45,1,10,1.1443,0.8995
HVM-0982,W01,-1,-45,1,10,1.1608,0.9529
HVM-0982,W01,0,-45,1,10,1.1047,0.9298
HVM-0982,W01,1,-45,1,10,1.1542,0.8718
HVM-0982,W01,2,-45,1,10,1.1079,0.9263
HVM-0982,W01,3,-45,1,10,1.1775,0.9120
HVM-0982,W01,4,-45,1,10,1.0842,0.8854
HVM-0982,W01,5,-45,1,10,1.1737,0.9274
HVM-0982,W01,6,-45,1,10,1.1519,0.9555
HVM-0982,W01,7,-45,3,20,1.1107,0.9708
HVM-0982,W01,8,-45,1,10,1.1880,0.9086
HVM-0982,W01,9,-45,1,10,1.1797,0.9671
HVM-0982,W01,10,-45,1,10,1.1321,0.8975
HVM-0982,W01,11,-45,1,10,1.2173,0.9298
HVM-0982,W01,12,-45,1,10,1.2109,0.8920
HVM-0982,W01,13,-45,1,10,1.1331,0.9459
HVM-0982,W01,14,-45,1,10,1.1982,0.9288
HVM-0982,W01,15,-45,1,10,1.1779,0.9267
HVM-0982,W01,16,-45,1,10,1.1614,0.9710
HVM-0982,W01,17,-45,1,10,1.1280,0.9110
HVM-0982,W01,18,-45,2,21,1.1979,0.9311
HVM-0982,W01,19,-45,1,10,1.1944,0.9366
HVM-0982,W01,20,-45,1,10,1.1639,0.9231
HVM-0982,W01,21,-45,1,10,1.2001,0.9227
HVM-0982,W01,22,-45,1,10,1.2497,0.9310
HVM-0982,W01,23,-45,1,10,1.1318,0.9093
HVM-0982,W01,24,-45,3,31,1.2245,0.9110
HVM-0982,W01,25,-45,1,10,1.1918,0.9114
HVM-0982,W01,26,-45,1,10,1.2068,0.9400
HVM-0982,W01,27,-45,1,10,1.2249,0.9469
HVM-0982,W01,28,-45,1,10,1.2534,0.9064
HVM-0982,W01,29,-45,1,10,1.2514,0.9674
HVM-0982,W01,30,-45,1,10,1.2259,0.9710
HVM-0982,W01,31,-45,1,10,1.2347,0.9744
HVM-0982,W01,32,-45,2,21,1.2666,0.9860
HVM-0982,W01,33,-45,3,30,1.2581,0.9912
HVM-0982,W01,34,-45,1,10,1.2347,0.9228
HVM-0982,W01,-35,-44,1,10,0.9967,0.9825
HVM-0982,W01,-34,-44,2,20,1.0538,0.9601
HVM-0982,W01,-33,-44,1,10,1.0376,0.9528
HVM-0982,W01,-32,-44,1,10,1.0908,0.9475
HVM-0982,W01,-31,-44,1,10,1.0478,0.9312
HVM-0982,W01,-30,-44,1,10,1.0515,0.9406
HVM-0982,W01,-29,-44,1,10,1.0504,0.9653
HVM-0982,W01,-28,-44,1,10,1.0484,1.0049
HVM-0982,W01,-27,-44,1,10,1.0157,0.9418
HVM-0982,W01,-26,-44,1,10,1.0699,0.9673
HVM-0982,W01,-25,-44,1,10,1.1297,0.9253
HVM-0982,W01,-24,-44,1,10,1.0709,0.9729
HVM-0982,W01,-23,-44,1,10,1.0720,0.9759
HVM-0982,W01,-22,-44,1,10,1.0737,0.9468
HVM-0982,W01,-21,-44,1,10,1.0739,0.9460
HVM-0982,W01,-20,-44,1,10,1.0566,0.9564
HVM-0982,W01,-19,-44,1,10,1.0631,0.9506
HVM-0982,W01,-18,-44,1,10,1.0929,0.9756
HVM-0982,W01,-17,-44,1,10,1.1149,0.9487
HVM-0982,W01,-16,-44,1,10,1.0887,0.9786
HVM-0982,W01,-15,-44,1,10,1.0924,0.9178
HVM-0982,W01,-14,-44,1,10,1.1072,0.9710
HVM-0982,W01,-13,-44,1,10,1.0967,0.9559
HVM-0982,W01,-12,-44,1,10,1.1113,0.9402
HVM-0982,W01,-11,-44,1,10,1.1360,0.9035
HVM-0982,W01,-10,-44,1,10,1.0982,0.9452
HVM-0982,W01,-9,-44,1,10,1.0591,0.9429
HVM-0982,W01,-8,-44,1,10,1.1044,0.9278
HVM-0982,W01,-7,-44,1,10,1.0791,0.9314
HVM-0982,W01,-6,-44,1,10,1.1082,0.9073
HVM-0982,W01,-5,-44,1,10,1.1296,0.9025
HVM-0982,W01,-4,-44,3,31,1.1193,0.9307
HVM-0982,W01,-3,-44,1,10,1.0993,0.9235
HVM-0982,W01,-2,-44,1,10,1.1242,0.9201
HVM-0982,W01,-1,-44,1,10,1.1304,0.9352
HVM-0982,W01,0,-44,1,10,1.1195,0.9057
HVM-0982,W01,1,-44,1,10,1.1534,0.9382
HVM-0982,W01,2,-44,1,10,1.1404,0.9580
HVM-0982,W01,3,-44,1,10,1.1414,0.9494
HVM-0982,W01,4,-44,1,10,1.1810,0.9702
HVM-0982,W01,5,-44,1,10,1.1521,0.9339
HVM-0982,W01,6,-44,1,10,1.1514,0.9391
HVM-0982,W01,7,-44,1,10,1.1710,0.9256
HVM-0982,W01,8,-44,1,10,1.1901,0.8974
HVM-0982,W01,9,-44,1,10,1.1616,0.9604
HVM-0982,W01,10,-44,1,10,1.1679,0.8986
HVM-0982,W01,11,-44,1,10,1.1603,0.9585
HVM-0982,W01,12,-44,1,10,1.1818,0.9215
HVM-0982,W01,13,-44,1,10,1.1257,0.9411
HVM-0982,W01,14,-44,1,10,1.1523,0.9630
HVM-0982,W01,15,-44,1,10,1.1725,0.9519
HVM-0982,W01,16,-44,1,10,1.1878,0.9654
HVM-0982,W01,17,-44,1,10,1.1657,0.9188
HVM-0982,W01,18,-44,1,10,1.2396,0.9232
HVM-0982,W01,19,-44,1,10,1.1681,0.9435
HVM-0982,W01,20,-44,1,10,1.1947,0.9390
HVM-0982,W01,21,-44,1,10,1.2460,0.9357
HVM-0982,W01,22,-44,1,10,1.2027,0.9397
HVM-0982,W01,23,-44,1,10,1.2017,0.9923
HVM-0982,W01,24,-44,1,10,1.2671,0.9356
HVM-0982,W01,25,-44,1,10,1.2074,0.9539
HVM-0982,W01,26,-44,1,10,1.2248,0.9687
HVM-0982,W01,27,-44,1,10,1.2361,0.9950
HVM-0982,W01,28,-44,1,10,1.2235,0.9343
HVM-0982,W01,29,-44,1,10,1.2137,0.9322
HVM-0982,W01,30,-44,1,10,1.2282,1.0076
HVM-0982,W01,31,-44,1,10,1.2526,0.9310
HVM-0982,W01,32,-44,1,10,1.2221,0.9552
HVM-0982,W01,33,-44,1,10,1.2604,0.9570
HVM-0982,W01,34,-44,1,10,1.2583,0.9679
HVM-0982,W01,35,-44,1,10,1.2365,0.9380
HVM-0982,W01,-36,-43,1,10,1.0135,0.9707
HVM-0982,W01,-35,-43,1,10,1.0503,0.9857
HVM-0982,W01,-34,-43,1,10,1.0276,0.9464
HVM-0982,W01,-33,-43,1,10,1.0318,0.9535
HVM-0982,W01,-32,-43,1,10,1.0468,0.9491
HVM-0982,W01,-31,-43,1,10,1.0263,0.9907
HVM-0982,W01,-30,-43,1,10,1.0098,0.9515
HVM-0982,W01,-29,-43,1,10,1.0840,0.9328
HVM-0982,W01,-28,-43,1,10,1.0808,0.9914
HVM-0982,W01,-27,-43,1,10,1.0298,0.9374
HVM-0982,W01,-26,-43,1,10,1.0194,0.9586
HVM-0982,W01,-25,-43,1,10,1.0700,0.9684
HVM-0982,W01,-24,-43,1,10,1.0272,0.9910
HVM-0982,W01,-23,-43,1,10,1.0974,0.9767
HVM-0982,W01,-22,-43,1,10,1.0702,0.8737
HVM-0982,W01,-21,-43,1,10,1.0527,0.9978
HVM-0982,W01,-20,-43,1,10,1.0675,0.9643
HVM-0982,W01,-19,-43,1,10,1.1235,0.9235
HVM-0982,W01,-18,-43,1,10,1.0648,0.9338
HVM-0982,W01,-17,-43,1,10,1.0602,0.9425
HVM-0982,W01,-16,-43,1,10,1.1147,0.9179
HVM-0982,W01,-15,-43,1,10,1.0689,0.9159
HVM-0982,W01,-14,-43,1,10,1.0933,0.8789
HVM-0982,W01,-13,-43,1,10,1.0729,0.9121
HVM-0982,W01,-12,-43,1,10,1.0935,0.9409
HVM-0982,W01,-11,-43,1,10,1.0974,0.9085
HVM-0982,W01,-10,-43,1,10,1.1125,0.9458
HVM-0982,W01,-9,-43,1,10,1.1460,0.9245
HVM-0982,W01,-8,-43,1,10,1.0803,0.8926
HVM-0982,W01,-7,-43,1,10,1.1299,0.9443
HVM-0982,W01,-6,-43,1,10,1.1121,0.9341
HVM-0982,W01,-5,-43,1,10,1.1178,0.9191
HVM-0982,W01,-4,-43,1,10,1.1198,0.9319
HVM-0982,W01,-3,-43,1,10,1.0864,0.9515
HVM-0982,W01,-2,-43,1,10,1.1402,0.9293
HVM-0982,W01,-1,-43,1,10,1.0766,0.8441
HVM-0982,W01,0,-43,1,10,1.1469,0.9509
HVM-0982,W01,1,-43,1,10,1.1943,0.9406
HVM-0982,W01,2,-43,1,10,1.1236,0.9154
HVM-0982,W01,3,-43,1,10,1.1619,0.9463
HVM-0982,W01,4,-43,1,10,1.1319,0.8988
HVM-0982,W01,5,-43,1,10,1.1615,0.9091
HVM-0982,W01,6,-43,1,10,1.2163,0.9162
HVM-0982,W01,7,-43,1,10,1.1868,0.9324
HVM-0982,W01,8,-43,1,10,1.1904,0.8949
HVM-0982,W01,9,-43,1,10,1.1348,0.9329
HVM-0982,W01,10,-43,1,10,1.1523,0.8645
HVM-0982,W01,11,-43,1,10,1.1737,0.8885
HVM-0982,W01,12,-43,1,10,1.1388,0.9287
HVM-0982,W01,13,-43,1,10,1.1683,0.8983
HVM-0982,W01,14,-43,1,10,1.1824,0.9427
HVM-0982,W01,15,-43,1,10,1.1382,0.9326
HVM-0982,W01,16,-43,1,10,1.2055,0.9682
HVM-0982,W01,17,-43,1,10,1.2160,0.9007
HVM-0982,W01,18,-43,1,10,1.2119,0.9267
HVM-0982,W01,19,-43,1,10,1.2318,0.9338
HVM-0982,W01,20,-43,1,10,1.2073,0.9518
HVM-0982,W01,21,-43,1,10,1.2079,0.9348
HVM-0982,W01,22,-43,1,10,1.1615,0.9447
HVM-0982,W01,23,-43,1,10,1.2005,0.9500
HVM-0982,W01,24,-43,1,10,1.1570,0.9198
HVM-0982,W01,25,-43,1,10,1.1728,0.9656
HVM-0982,W01,26,-43,1,10,1.2121,0.9712
HVM-0982,W01,27,-43,1,10,1.2504,0.9524
HVM-0982,W01,28,-43,1,10,1.2348,0.9366
HVM-0982,W01,29,-43,1,10,1.2144,0.9123
HVM-0982,W01,30,-43,1,10,1.2676,0.9020
HVM-0982,W01,31,-43,1,10,1.2622,0.9633
HVM-0982,W01,32,-43,1,10,1.2296,0.9527
HVM-0982,W01,33,-43,2,20,1.2490,0.9784
HVM-0982,W01,34,-43,2,30,1.2155,0.9563
HVM-0982,W01,35,-43,4,20,1.2376,0.9699
HVM-0982,W01,36,-43,3,21,1.2397,0.9628
HVM-0982,W01,-36,-42,1,10,1.0016,0.9313
HVM-0982,W01,-35,-42,1,10,1.0501,0.9331
HVM-0982,W01,-34,-42,1,10,1.0149,0.9398
HVM-0982,W01,-33,-42,1,10,1.0733,0.9780
HVM-0982,W01,-32,-42,1,10,1.0545,0.9394
HVM-0982,W01,-31,-42,1,10,1.0372,0.9777
HVM-0982,W01,-30,-42,1,10,1.0201,0.9904
HVM-0982,W01,-29,-42,1,10,1.0385,0.9273
HVM-0982,W01,-28,-42,1,10,1.0645,0.9457
HVM-0982,W01,-27,-42,1,10,1.0659,0.9299
HVM-0982,W01,-26,-42,1,10,1.0714,0.9290
HVM-0982,W01,-25,-42,1,10,1.0621,0.9758
HVM-0982,W01,-24,-42,1,10,1.0721,0.9452
HVM-0982,W01,-23,-42,1,10,1.0747,0.9408
HVM-0982,W01,-22,-42,1,10,1.0683,0.9594
HVM-0982,W01,-21,-42,1,10,1.0827,0.9574
HVM-0982,W01,-20,-42,1,10,1.1533,0.9622
HVM-0982,W01,-19,-42,1,10,1.0646,0.8955
HVM-0982,W01,-18,-42,1,10,1.0762,0.9059
HVM-0982,W01,-17,-42,1,10,1.0532,1.0235
HVM-0982,W01,-16,-42,1,10,1.1537,0.9256
HVM-0982,W01,-15,-42,1,10,1.1036,0.9720
HVM-0982,W01,-14,-42,1,10,1.0795,0.9375
HVM-0982,W01,-13,-42,1,10,1.0819,0.9307
HVM-0982,W01,-12,-42,1,10,1.1066,0.9163
HVM-0982,W01,-11,-42,1,10,1.0938,0.9447
HVM-0982,W01,-10,-42,1,10,1.1096,0.9323
HVM-0982,W01,-9,-42,1,10,1.0823,0.9064
HVM-0982,W01,-8,-42,1,10,1.1027,0.9255
HVM-0982,W01,-7,-42,1,10,1.1741,0.9623
HVM-0982,W01,-6,-42,1,10,1.1372,0.9293
HVM-0982,W01,-5,-42,1,10,1.1399,0.9076
HVM-0982,W01,-4,-42,1,10,1.1439,0.9367
HVM-0982,W01,-3,-42,1,10,1.1050,0.9253
HVM-0982,W01,-2,-42,1,10,1.1187,0.9093
HVM-0982,W01,-1,-42,1,10,1.0723,0.9561
HVM-0982,W01,0,-42,1,10,1.1509,0.8975
HVM-0982,W01,1,-42,1,10,1.1344,0.9160
HVM-0982,W01,2,-42,1,10,1.1317,0.9108
HVM-0982,W01,3,-42,1,10,1.1449,0.9382
HVM-0982,W01,4,-42,1,10,1.1394,0.9401
HVM-0982,W01,5,-42,1,10,1.1594,0.9077
HVM-0982,W01,6,-42,1,10,1.2007,0.8939
HVM-0982,W01,7,-42,1,10,1.1427,0.9708
HVM-0982,W01,8,-42,1,10,1.2098,0.9148
HVM-0982,W01,9,-42,1,10,1.1320,0.9721
HVM-0982,W01,10,-42,1,10,1.1400,0.9259
HVM-0982,W01,11,-42,1,10,1.1594,0.8835
HVM-0982,W01,12,-42,1,10,1.1567,0.9301
HVM-0982,W01,13,-42,1,10,1.1856,0.9287
HVM-0982,W01,14,-42,1,10,1.1822,0.9356
HVM-0982,W01,15,-42,1,10,1.1705,0.9238
HVM-0982,W01,16,-42,2,30,1.1923,0.9555
HVM-0982,W01,17,-42,1,10,1.1913,0.9176
HVM-0982,W01,18,-42,1,10,1.1991,0.9482
HVM-0982,W01,19,-42,1,10,1.1933,0.8964
HVM-0982,W01,20,-42,1,10,1.1321,0.8931
HVM-0982,W01,21,-42,1,10,1.1815,0.9213
HVM-0982,W01,22,-42,1,10,1.1947,0.9119
HVM-0982,W01,23,-42,3,30,1.1888,0.9407
HVM-0982,W01,24,-42,1,10,1.2448,0.9748
HVM-0982,W01,25,-42,1,10,1.1805,0.9903
HVM-0982,W01,26,-42,1,10,1.1797,0.9641
HVM-0982,W01,27,-42,1,10,1.1782,0.9551
HVM-0982,W01,28,-42,1,10,1.2190,0.9649
HVM-0982,W01,29,-42,1,10,1.2332,0.9411
HVM-0982,W01,30,-42,1,10,1.2451,0.9630
HVM-0982,W01,31,-42,1,10,1.2231,0.9894
HVM-0982,W01,32,-42,1,10,1.2229,0.9633
HVM-0982,W01,33,-42,1,10,1.2655,0.9194
HVM-0982,W01,34,-42,1,10,1.2258,0.9580
HVM-0982,W01,35,-42,2,30,1.2550,0.9631
HVM-0982,W01,36,-42,2,21,1.2558,0.9687
HVM-0982,W01,-37,-41,2,31,1.0335,0.9387
HVM-0982,W01,-36,-41,1,10,0.9993,0.9453
HVM-0982,W01,-35,-41,1,10,1.0414,0.9453
HVM-0982,W01,-34,-41,1,10,1.0643,0.9504
HVM-0982,W01,-33,-41,1,10,1.0731,0.9593
HVM-0982,W01,-32,-41,1,10,1.0387,0.9574
HVM-0982,W01,-31,-41,1,10,1.0426,0.9617
HVM-0982,W01,-30,-41,1,10,1.0861,0.9874
HVM-0982,W01,-29,-41,1,10,1.0784,0.9523
HVM-0982,W01,-28,-41,1,10,1.0757,0.9690
HVM-0982,W01,-27,-41,1,10,1.0418,0.9036
HVM-0982,W01,-26,-41,1,10,1.0756,0.9657
HVM-0982,W01,-25,-41,1,10,1.0677,0.9446
HVM-0982,W01,-24,-41,1,10,1.0922,0.9825
HVM-0982,W01,-23,-41,1,10,1.0610,0.9129
HVM-0982,W01,-22,-41,1,10,1.0341,0.9405
HVM-0982,W01,-21,-41,1,10,1.0916,0.9402
HVM-0982,W01,-20,-41,1,10,1.0812,0.9017
HVM-0982,W01,-19,-41,1,10,1.0406,0.9255
HVM-0982,W01,-18,-41,1,10,1.0773,0.9056
HVM-0982,W01,-17,-41,1,10,1.0919,0.9127
HVM-0982,W01,-16,-41,1,10,1.0852,0.9257
HVM-0982,W01,-15,-41,1,10,1.0987,0.9644
HVM-0982,W01,-14,-41,1,10,1.1208,0.9321
HVM-0982,W01,-13,-41,1,10,1.1072,0.9500
HVM-0982,W01,-12,-41,1,10,1.1506,0.9355
HVM-0982,W01,-11,-41,1,10,1.0765,0.8976
HVM-0982,W01,-10,-41,1,10,1.0963,0.9603
HVM-0982,W01,-9,-41,1,10,1.1279,0.9258
HVM-0982,W01,-8,-41,1,10,1.1434,0.9393
HVM-0982,W01,-7,-41,1,10,1.0891,0.9225
HVM-0982,W01,-6,-41,1,10,1.1343,0.9323
HVM-0982,W01,-5,-41,1,10,1.1282,0.9075
HVM-0982,W01,-4,-41,1,10,1.1370,0.9352
HVM-0982,W01,-3,-41,1,10,1.1192,0.9166
HVM-0982,W01,-2,-41,1,10,1.1174,0.9403
HVM-0982,W01,-1,-41,1,10,1.1529,0.9202
HVM-0982,W01,0,-41,1,10,1.1185,0.9645
HVM-0982,W01,1,-41,1,10,1.1686,0.9364
HVM-0982,W01,2,-41,1,10,1.1495,0.9518
HVM-0982,W01,3,-41,1,10,1.1537,0.9250
HVM-0982,W01,4,-41,1,10,1.1410,0.8944
HVM-0982,W01,5,-41,1,10,1.1934,0.9240
HVM-0982,W01,6,-41,1,10,1.1291,0.9189
HVM-0982,W01,7,-41,1,10,1.1944,0.8979
HVM-0982,W01,8,-41,1,10,1.1971,0.9409
HVM-0982,W01,9,-41,1,10,1.1573,0.9031
HVM-0982,W01,10,-41,1,10,1.1892,0.9276
HVM-0982,W01,11,-41,1,10,1.1650,0.9033
HVM-0982,W01,12,-41,1,10,1.2222,0.8816
HVM-0982,W01,13,-41,3,20,1.1536,0.9433
HVM-0982,W01,14,-41,1,10,1.1895,0.8991
HVM-0982,W01,15,-41,1,10,1.1910,0.9500
HVM-0982,W01,16,-41,1,10,1.1620,0.9302
HVM-0982,W01,17,-41,1,10,1.1764,0.9138
HVM-0982,W01,18,-41,1,10,1.2034,0.9478
HVM-0982,W01,19,-41,1,10,1.2090,0.9319
HVM-0982,W01,20,-41,1,10,1.2029,0.9687
HVM-0982,W01,21,-41,1,10,1.2060,0.9158
HVM-0982,W01,22,-41,1,10,1.1963,0.9180
HVM-0982,W01,23,-41,1,10,1.1960,0.9430
HVM-0982,W01,24,-41,1,10,1.2036,0.9386
HVM-0982,W01,25,-41,1,10,1.1906,0.9613
HVM-0982,W01,26,-41,1,10,1.2296,0.9859
HVM-0982,W01,27,-41,1,10,1.2170,0.9507
HVM-0982,W01,28,-41,1,10,1.2784,0.9873
HVM-0982,W01,29,-41,1,10,1.1678,0.9140
HVM-0982,W01,30,-41,4,30,1.2347,0.9287
HVM-0982,W01,31,-41,1,10,1.2522,0.9669
HVM-0982,W01,32,-41,1,10,1.2291,0.9610
HVM-0982,W01,33,-41,1,10,1.1989,0.9949
HVM-0982,W01,34,-41,1,10,1.2317,0.9551
HVM-0982,W01,35,-41,3,21,1.2620,0.9807
HVM-0982,W01,36,-41,1,10,1.2096,0.9262
HVM-0982,W01,37,-41,1,10,1.2370,0.9844
HVM-0982,W01,-38,-40,3,20,1.0559,0.9368
HVM-0982,W01,-37,-40,1,10,1.0886,0.9778
HVM-0982,W01,-36,-40,4,31,1.0519,0.9747
HVM-0982,W01,-35,-40,1,10,0.9980,0.9399
HVM-0982,W01,-34,-40,1,10,0.9722,0.9516
HVM-0982,W01,-33,-40,4,30,1.0332,0.9080
HVM-0982,W01,-32,-40,1,10,1.0675,0.9257
HVM-0982,W01,-31,-40,1,10,1.0054,0.9204
HVM-0982,W01,-30,-40,1,10,1.0597,0.9293
HVM-0982,W01,-29,-40,1,10,1.0697,0.9399
HVM-0982,W01,-28,-40,1,10,1.0454,0.9260
HVM-0982,W01,-27,-40,1,10,1.0699,0.9344
HVM-0982,W01,-26,-40,1,10,1.0636,0.9328
HVM-0982,W01,-25,-40,1,10,1.0639,0.9735
HVM-0982,W01,-24,-40,1,10,1.0310,0.9201
HVM-0982,W01,-23,-40,1,10,1.1211,0.9593
HVM-0982,W01,-22,-40,1,10,1.0700,0.9743
HVM-0982,W01,-21,-40,1,10,1.0689,0.9345
HVM-0982,W01,-20,-40,1,10,1.1009,0.9075
HVM-0982,W01,-19,-40,1,10,1.0840,0.9390
HVM-0982,W01,-18,-40,1,10,1.0822,0.9271
HVM-0982,W01,-17,-40,1,10,1.0750,0.9265
HVM-0982,W01,-16,-40,1,10,1.1361,0.8871
HVM-0982,W01,-15,-40,1,10,1.0854,0.9116
HVM-0982,W01,-14,-40,1,10,1.1063,0.8980
HVM-0982,W01,-13,-40,1,10,1.1188,0.9336
HVM-0982,W01,-12,-40,1,10,1.1262,0.9390
HVM-0982,W01,-11,-40,1,10,1.1404,0.9625
HVM-0982,W01,-10,-40,1,10,1.1197,0.9536
HVM-0982,W01,-9,-40,1,10,1.1011,0.9320
HVM-0982,W01,-8,-40,1,10,1.1176,0.9069
HVM-0982,W01,-7,-40,1,10,1.1050,0.8984
HVM-0982,W01,-6,-40,1,10,1.1264,0.9542
HVM-0982,W01,-5,-40,1,10,1.1029,0.9405
HVM-0982,W01,-4,-40,1,10,1.1122,0.9509
HVM-0982,W01,-3,-40,1,10,1.1300,0.9408
HVM-0982,W01,-2,-40,3,30,1.1356,0.9193
HVM-0982,W01,-1,-40,1,10,1.1399,0.8790
HVM-0982,W01,0,-40,1,10,1.1966,0.8698
HVM-0982,W01,1,-40,1,10,1.1889,0.8974
HVM-0982,W01,2,-40,1,10,1.1820,0.9011
HVM-0982,W01,3,-40,1,10,1.0996,0.9277
HVM-0982,W01,4,-40,1,10,1.1249,0.9535
HVM-0982,W01,5,-40,1,10,1.1208,0.9168
HVM-0982,W01,6,-40,1,10,1.1657,0.9374
HVM-0982,W01,7,-40,1,10,1.1595,0.9254
HVM-0982,W01,8,-40,1,10,1.1928,0.9459
HVM-0982,W01,9,-40,1,10,1.1536,0.9403
HVM-0982,W01,10,-40,1,10,1.1597,0.8820
HVM-0982,W01,11,-40,1,10,1.1755,0.9201
HVM-0982,W01,12,-40,1,10,1.1853,0.8758
HVM-0982,W01,13,-40,1,10,1.1724,0.9007
HVM-0982,W01,14,-40,1,10,1.1823,0.9175
HVM-0982,W01,15,-40,1,10,1.1828,0.9636
HVM-0982,W01,16,-40,1,10,1.1884,0.9251
HVM-0982,W01,17,-40,1,10,1.1992,0.9747
HVM-0982,W01,18,-40,1,10,1.1945,0.9259
HVM-0982,W01,19,-40,1,10,1.2505,0.9475
HVM-0982,W01,20,-40,1,10,1.2271,0.9623
HVM-0982,W01,21,-40,1,10,1.1846,0.9398
HVM-0982,W01,22,-40,1,10,1.1967,0.9460
HVM-0982,W01,23,-40,1,10,1.1841,0.9488
HVM-0982,W01,24,-40,1,10,1.1962,1.0062
HVM-0982,W01,25,-40,1,10,1.2430,0.9524
HVM-0982,W01,26,-40,1,10,1.2060,0.9437
HVM-0982,W01,27,-40,1,10,1.1987,0.9294
HVM-0982,W01,28,-40,1,10,1.2747,0.9402
HVM-0982,W01,29,-40,1,10,1.2190,0.9147
HVM-0982,W01,30,-40,1,10,1.1963,0.9505
HVM-0982,W01,31,-40,1,10,1.2094,0.9484
HVM-0982,W01,32,-40,1,10,1.2621,0.9394
HVM-0982,W01,33,-40,1,10,1.2700,0.9608
HVM-0982,W01,34,-40,1,10,1.2661,0.9205
HVM-0982,W01,35,-40,2,31,1.2476,0.9306
HVM-0982,W01,36,-40,1,10,1.2253,0.9274
HVM-0982,W01,37,-40,2,30,1.2635,0.9123
HVM-0982,W01,38,-40,1,10,1.2191,0.9940
HVM-0982,W01,-38,-39,1,10,1.0302,0.9499
HVM-0982,W01,-37,-39,4,21,1.0687,0.9325
HVM-0982,W01,-36,-39,1,10,1.0225,0.9561
HVM-0982,W01,-35,-39,2,20,1.0342,0.9956
HVM-0982,W01,-34,-39,1,10,1.0316,0.9416
HVM-0982,W01,-33,-39,1,10,1.0292,0.9852
HVM-0982,W01,-32,-39,1,10,1.0417,0.9548
HVM-0982,W01,-31,-39,1,10,1.0573,0.9861
HVM-0982,W01,-30,-39,1,10,1.0326,0.9067
HVM-0982,W01,-29,-39,1,10,1.0771,0.9468
HVM-0982,W01,-28,-39,1,10,1.0365,0.9238
HVM-0982,W01,-27,-39,1,10,1.1119,0.9353
HVM-0982,W01,-26,-39,1,10,1.0581,0.9596
HVM-0982,W01,-25,-39,1,10,1.0941,0.9615
HVM-0982,W01,-24,-39,3,20,1.0723,0.9088
HVM-0982,W01,-23,-39,1,10,1.0767,0.9689
HVM-0982,W01,-22,-39,1,10,1.0235,0.9471
HVM-0982,W01,-21,-39,1,10,1.1000,0.9460
HVM-0982,W01,-20,-39,1,10,1.0876,0.9268
HVM-0982,W01,-19,-39,1,10,1.1037,0.9637
HVM-0982,W01,-18,-39,1,10,1.0733,0.9110
HVM-0982,W01,-17,-39,1,10,1.0751,0.9470
HVM-0982,W01,-16,-39,1,10,1.1556,0.9134
HVM-0982,W01,-15,-39,1,10,1.0483,0.9638
HVM-0982,W01,-14,-39,1,10,1.1171,0.9394
HVM-0982,W01,-13,-39,1,10,1.0698,0.9618
HVM-0982,W01,-12,-39,1,10,1.1428,0.9125
HVM-0982,W01,-11,-39,4,21,1.1211,0.9290
HVM-0982,W01,-10,-39,1,10,1.1583,0.9240
HVM-0982,W01,-9,-39,1,10,1.1297,0.9299
HVM-0982,W01,-8,-39,1,10,1.1171,0.9528
HVM-0982,W01,-7,-39,1,10,1.1065,0.9297
HVM-0982,W01,-6,-39,1,10,1.1253,0.8982
HVM-0982,W01,-5,-39,2,30,1.0845,0.9307
HVM-0982,W01,-4,-39,1,10,1.1526,0.8939
HVM-0982,W01,-3,-39,1,10,1.1302,0.9474
HVM-0982,W01,-2,-39,1,10,1.1392,0.8913
HVM-0982,W01,-1,-39,1,10,1.1172,0.9141
HVM-0982,W01,0,-39,1,10,1.1574,0.8817
HVM-0982,W01,1,-39,1,10,1.1861,0.9246
HVM-0982,W01,2,-39,1,10,1.1637,0.9216
HVM-0982,W01,3,-39,1,10,1.1883,0.9447
HVM-0982,W01,4,-39,1,10,1.1219,0.8927
HVM-0982,W01,5,-39,1,10,1.1769,0.9418
HVM-0982,W01,6,-39,1,10,1.1946,0.8836
HVM-0982,W01,7,-39,1,10,1.1437,0.9167
HVM-0982,W01,8,-39,1,10,1.1595,0.9580
HVM-0982,W01,9,-39,1,10,1.1874,0.9453
HVM-0982,W01,10,-39,1,10,1.1745,0.9296
HVM-0982,W01,11,-39,1,10,1.1830,0.8986
HVM-0982,W01,12,-39,1,10,1.1849,0.9453
HVM-0982,W01,13,-39,1,10,1.1909,0.8935
HVM-0982,W01,14,-39,1,10,1.1572,0.9430
HVM-0982,W01,15,-39,1,10,1.1474,0.8815
HVM-0982,W01,16,-39,1,10,1.1811,0.9753
HVM-0982,W01,17,-39,1,10,1.1631,0.8694
HVM-0982,W01,18,-39,1,10,1.2118,0.9569
HVM-0982,W01,19,-39,1,10,1.1936,0.9248
HVM-0982,W01,20,-39,1,10,1.1992,0.8864
HVM-0982,W01,21,-39,1,10,1.1723,0.9775
HVM-0982,W01,22,-39,1,10,1.2099,0.9152
HVM-0982,W01,23,-39,1,10,1.2304,0.9144
HVM-0982,W01,24,-39,2,30,1.2169,0.9352
HVM-0982,W01,25,-39,1,10,1.2037,0.9311
HVM-0982,W01,26,-39,1,10,1.2495,0.9633
HVM-0982,W01,27,-39,1,10,1.2127,0.9641
HVM-0982,W01,28,-39,1,10,1.2300,0.9709
HVM-0982,W01,29,-39,1,10,1.2576,0.9500
HVM-0982,W01,30,-39,1,10,1.2136,0.9972
HVM-0982,W01,31,-39,1,10,1.2890,0.9394
HVM-0982,W01,32,-39,1,10,1.2235,0.9634
HVM-0982,W01,33,-39,1,10,1.2626,0.9680
HVM-0982,W01,34,-39,1,10,1.2262,0.9374
HVM-0982,W01,35,-39,1,10,1.2558,0.9988
HVM-0982,W01,36,-39,1,10,1.2283,0.9609
HVM-0982,W01,37,-39,1,10,1.2564,0.9538
HVM-0982,W01,38,-39,3,21,1.1981,0.9479
HVM-0982,W01,-39,-38,1,10,1.0057,0.9273
HVM-0982,W01,-38,-38,2,30,1.0397,0.9867
HVM-0982,W01,-37,-38,1,10,1.0568,0.9788
HVM-0982,W01,-36,-38,1,10,1.0058,0.9738
HVM-0982,W01,-35,-38,4,21,1.0135,0.9437
HVM-0982,W01,-34,-38,1,10,1.0232,0.9280
HVM-0982,W01,-33,-38,1,10,1.0613,0.8696
HVM-0982,W01,-32,-38,1,10,1.0743,0.9740
HVM-0982,W01,-31,-38,3,21,1.0596,0.9338
HVM-0982,W01,-30,-38,1,10,1.0649,0.9388
HVM-0982,W01,-29,-38,1,10,1.0241,0.9480
HVM-0982,W01,-28,-38,1,10,1.0581,0.9461
HVM-0982,W01,-27,-38,1,10,1.0941,0.9441
HVM-0982,W01,-26,-38,1,10,1.0274,0.8868
HVM-0982,W01,-25,-38,1,10,1.0600,0.9693
HVM-0982,W01,-24,-38,1,10,1.0888,0.9516
HVM-0982,W01,-23,-38,1,10,1.0678,0.9454
HVM-0982,W01,-22,-38,1,10,1.0682,0.9216
HVM-0982,W01,-21,-38,1,10,1.0874,0.8923
HVM-0982,W01,-20,-38,1,10,1.0727,0.9070
HVM-0982,W01,-19,-38,1,10,1.1290,0.9231
HVM-0982,W01,-18,-38,1,10,1.0753,0.9292
HVM-0982,W01,-17,-38,1,10,1.0786,0.8973
HVM-0982,W01,-16,-38,1,10,1.0469,0.9251
HVM-0982,W01,-15,-38,1,10,1.0949,0.9450
HVM-0982,W01,-14,-38,1,10,1.0996,0.9433
HVM-0982,W01,-13,-38,1,10,1.0916,0.9135
HVM-0982,W01,-12,-38,1,10,1.0472,0.9806
HVM-0982,W01,-11,-38,1,10,1.1271,0.9502
HVM-0982,W01,-10,-38,1,10,1.1591,0.9814
HVM-0982,W01,-9,-38,1,10,1.0922,0.9075
HVM-0982,W01,-8,-38,1,10,1.1646,0.9083
HVM-0982,W01,-7,-38,1,10,1.1772,0.8954
HVM-0982,W01,-6,-38,1,10,1.1607,0.9571
HVM-0982,W01,-5,-38,4,21,1.1611,0.9809
HVM-0982,W01,-4,-38,1,10,1.1030,0.9052
HVM-0982,W01,-3,-38,1,10,1.1798,0.9495
HVM-0982,W01,-2,-38,1,10,1.1669,0.9188
HVM-0982,W01,-1,-38,1,10,1.1268,0.9448
HVM-0982,W01,0,-38,1,10,1.1113,0.9588
HVM-0982,W01,1,-38,1,10,1.1394,0.9461
HVM-0982,W01,2,-38,1,10,1.1692,0.9230
HVM-0982,W01,3,-38,1,10,1.1268,0.9261
HVM-0982,W01,4,-38,1,10,1.1092,0.9240
HVM-0982,W01,5,-38,1,10,1.1083,0.9656
HVM-0982,W01,6,-38,1,10,1.1362,0.8930
HVM-0982,W01,7,-38,1,10,1.1821,0.9063
HVM-0982,W01,8,-38,1,10,1.1842,0.9421
HVM-0982,W01,9,-38,1,10,1.1756,0.8935
HVM-0982,W01,10,-38,1,10,1.1985,0.8976
HVM-0982,W01,11,-38,1,10,1.1968,0.9067
HVM-0982,W01,12,-38,1,10,1.1880,0.9448
HVM-0982,W01,13,-38,1,10,1.1738,0.9444
HVM-0982,W01,14,-38,1,10,1.2096,0.8982
HVM-0982,W01,15,-38,1,10,1.1825,0.8985
HVM-0982,W01,16,-38,1,10,1.1774,0.9674
HVM-0982,W01,17,-38,1,10,1.1801,0.9486
HVM-0982,W01,18,-38,1,10,1.2136,0.9284
HVM-0982,W01,19,-38,1,10,1.1739,0.9215
HVM-0982,W01,20,-38,1,10,1.1889,0.9598
HVM-0982,W01,21,-38,1,10,1.1984,0.9330
HVM-0982,W01,22,-38,1,10,1.2164,0.9708
HVM-0982,W01,23,-38,1,10,1.2115,0.9580
HVM-0982,W01,24,-38,1,10,1.2348,0.9426
HVM-0982,W01,25,-38,1,10,1.2386,0.9216
HVM-0982,W01,26,-38,1,10,1.2224,0.9155
HVM-0982,W01,27,-38,1,10,1.1986,0.9641
HVM-0982,W01,28,-38,1,10,1.2042,0.9461
HVM-0982,W01,29,-38,1,10,1.2454,0.9195
HVM-0982,W01,30,-38,1,10,1.2892,0.9074
HVM-0982,W01,31,-38,1,10,1.2255,0.9317
HVM-0982,W01,32,-38,1,10,1.2172,0.9702
HVM-0982,W01,33,-38,1,10,1.2715,0.9426
HVM-0982,W01,34,-38,1,10,1.2208,1.0028
HVM-0982,W01,35,-38,1,10,1.2859,0.9398
HVM-0982,W01,36,-38,1,10,1.2764,0.9815
HVM-0982,W01,37,-38,3,30,1.2792,0.9935
HVM-0982,W01,38,-38,1,10,1.2365,0.9928
HVM-0982,W01,39,-38,4,20,1.2699,0.9731
HVM-0982,W01,-39,-37,2,31,1.0429,0.9687
HVM-0982,W01,-38,-37,1,10,1.0596,0.9551
HVM-0982,W01,-37,-37,1,10,1.0099,0.9924
HVM-0982,W01,-36,-37,1,10,1.0447,0.9889
HVM-0982,W01,-35,-37,1,10,1.0143,0.9889
HVM-0982,W01,-34,-37,1,10,1.0431,0.9451
HVM-0982,W01,-33,-37,1,10,1.0296,0.9511
HVM-0982,W01,-32,-37,1,10,1.0694,0.9231
HVM-0982,W01,-31,-37,1,10,1.0409,0.9522
HVM-0982,W01,-30,-37,3,20,1.0154,0.9498
HVM-0982,W01,-29,-37,1,10,1.0744,0.9495
HVM-0982,W01,-28,-37,1,10,1.0811,0.9475
HVM-0982,W01,-27,-37,1,10,1.0550,0.9175
HVM-0982,W01,-26,-37,1,10,1.0310,0.9664
HVM-0982,W01,-25,-37,1,10,1.0341,0.9726
HVM-0982,W01,-24,-37,1,10,1.0980,0.9575
HVM-0982,W01,-23,-37,1,10,1.1034,0.9004
HVM-0982,W01,-22,-37,1,10,1.0368,0.9049
HVM-0982,W01,-21,-37,1,10,1.0922,0.9355
HVM-0982,W01,-20,-37,1,10,1.0712,0.9084
HVM-0982,W01,-19,-37,1,10,1.1026,0.9145
HVM-0982,W01,-18,-37,1,10,1.0649,0.9378
HVM-0982,W01,-17,-37,1,10,1.0954,0.8994
HVM-0982,W01,-16,-37,1,10,1.0793,0.8931
HVM-0982,W01,-15,-37,1,10,1.1102,0.9458
HVM-0982,W01,-14,-37,1,10,1.1435,0.9094
HVM-0982,W01,-13,-37,1,10,1.0551,0.9278
HVM-0982,W01,-12,-37,1,10,1.1218,0.8820
HVM-0982,W01,-11,-37,1,10,1.0909,0.9240
HVM-0982,W01,-10,-37,1,10,1.1057,0.9559
HVM-0982,W01,-9,-37,1,10,1.0853,0.9800
HVM-0982,W01,-8,-37,1,10,1.1447,0.9309
HVM-0982,W01,-7,-37,1,10,1.0730,0.9151
HVM-0982,W01,-6,-37,2,20,1.1685,0.9448
HVM-0982,W01,-5,-37,1,10,1.1062,0.8870
HVM-0982,W01,-4,-37,1,10,1.1368,0.9228
HVM-0982,W01,-3,-37,1,10,1.1290,0.8878
HVM-0982,W01,-2,-37,1,10,1.0884,0.9271
HVM-0982,W01,-1,-37,4,20,1.1321,0.8757
HVM-0982,W01,0,-37,1,10,1.1255,0.9376
HVM-0982,W01,1,-37,1,10,1.1252,0.9263
HVM-0982,W01,2,-37,1,10,1.1189,0.9313
HVM-0982,W01,3,-37,1,10,1.1469,0.9312
HVM-0982,W01,4,-37,1,10,1.1151,0.8497
HVM-0982,W01,5,-37,1,10,1.1541,0.9179
HVM-0982,W01,6,-37,1,10,1.1084,0.9428
HVM-0982,W01,7,-37,1,10,1.1600,0.9133
HVM-0982,W01,8,-37,1,10,1.1486,0.8905
HVM-0982,W01,9,-37,1,10,1.1852,0.9288
HVM-0982,W01,10,-37,1,10,1.1666,0.9209
HVM-0982,W01,11,-37,1,10,1.2118,0.9884
HVM-0982,W01,12,-37,1,10,1.1970,0.9079
HVM-0982,W01,13,-37,1,10,1.1571,0.9432
HVM-0982,W01,14,-37,1,10,1.1887,0.9197
HVM-0982,W01,15,-37,1,10,1.1870,0.9480
HVM-0982,W01,16,-37,1,10,1.2097,0.9181
HVM-0982,W01,17,-37,1,10,1.2175,0.8960
HVM-0982,W01,18,-37,1,10,1.1939,0.9108
HVM-0982,W01,19,-37,1,10,1.2217,0.9318
HVM-0982,W01,20,-37,1,10,1.1442,0.9147
HVM-0982,W01,21,-37,1,10,1.2025,0.9161
HVM-0982,W01,22,-37,1,10,1.2130,0.9370
HVM-0982,W01,23,-37,1,10,1.2138,0.9835
HVM-0982,W01,24,-37,1,10,1.2116,0.9357
HVM-0982,W01,25,-37,1,10,1.2295,0.9346
HVM-0982,W01,26,-37,1,10,1.2473,0.9549
HVM-0982,W01,27,-37,1,10,1.2269,0.9672
HVM-0982,W01,28,-37,1,10,1.2250,0.9213
HVM-0982,W01,29,-37,4,21,1.2545,0.9764
HVM-0982,W01,30,-37,1,10,1.2459,0.9460
HVM-0982,W01,31,-37,1,10,1.2596,0.9189
HVM-0982,W01,32,-37,1,10,1.2626,0.9229
HVM-0982,W01,33,-37,1,10,1.2148,0.9825
HVM-0982,W01,34,-37,1,10,1.2308,0.9518
HVM-0982,W01,35,-37,1,10,1.2304,0.9443
HVM-0982,W01,36,-37,1,10,1.2646,0.9735
HVM-0982,W01,37,-37,1,10,1.2669,0.9744
HVM-0982,W01,38,-37,1,10,1.2371,0.9410
HVM-0982,W01,39,-37,1,10,1.2642,0.9930
HVM-0982,W01,-40,-36,1,10,1.0506,1.0163
HVM-0982,W01,-39,-36,2,20,1.0411,0.9561
HVM-0982,W01,-38,-36,2,21,1.0335,0.9249
HVM-0982,W01,-37,-36,1,10,1.0280,0.9732
HVM-0982,W01,-36,-36,1,10,1.0627,0.9442
HVM-0982,W01,-35,-36,1,10,1.0231,0.9242
HVM-0982,W01,-34,-36,1,10,1.0471,0.9477
HVM-0982,W01,-33,-36,1,10,1.0675,1.0131
HVM-0982,W01,-32,-36,1,10,1.0626,0.9998
HVM-0982,W01,-31,-36,1,10,1.0004,0.9412
HVM-0982,W01,-30,-36,1,10,1.0582,0.9779
HVM-0982,W01,-29,-36,1,10,1.0543,0.9149
HVM-0982,W01,-28,-36,1,10,1.0430,0.9394
HVM-0982,W01,-27,-36,1,10,1.0815,0.9218
HVM-0982,W01,-26,-36,1,10,1.0590,0.9375
HVM-0982,W01,-25,-36,1,10,1.0853,0.9109
HVM-0982,W01,-24,-36,1,10,1.0734,0.9116
HVM-0982,W01,-23,-36,1,10,1.0933,0.9607
HVM-0982,W01,-22,-36,1,10,1.0980,0.9502
HVM-0982,W01,-21,-36,1,10,1.0917,0.9344
HVM-0982,W01,-20,-36,1,10,1.1014,0.9450
HVM-0982,W01,-19,-36,1,10,1.1119,0.8906
HVM-0982,W01,-18,-36,1,10,1.1038,0.9186
HVM-0982,W01,-17,-36,1,10,1.1028,0.9034
HVM-0982,W01,-16,-36,1,10,1.1096,0.9279
HVM-0982,W01,-15,-36,1,10,1.0819,0.9368
HVM-0982,W01,-14,-36,1,10,1.0959,0.9039
HVM-0982,W01,-13,-36,1,10,1.1575,0.9030
HVM-0982,W01,-12,-36,1,10,1.1456,0.9416
HVM-0982,W01,-11,-36,1,10,1.0742,0.9251
HVM-0982,W01,-10,-36,1,10,1.1169,0.9688
HVM-0982,W01,-9,-36,1,10,1.0945,0.9198
HVM-0982,W01,-8,-36,1,10,1.1629,0.9442
HVM-0982,W01,-7,-36,1,10,1.1188,0.9149
HVM-0982,W01,-6,-36,1,10,1.1084,0.9170
HVM-0982,W01,-5,-36,1,10,1.1362,0.9158
HVM-0982,W01,-4,-36,1,10,1.1534,0.9627
HVM-0982,W01,-3,-36,1,10,1.1002,0.9607
HVM-0982,W01,-2,-36,1,10,1.1777,0.8659
HVM-0982,W01,-1,-36,1,10,1.1339,0.8935
HVM-0982,W01,0,-36,1,10,1.1039,0.9149
HVM-0982,W01,1,-36,1,10,1.1656,0.9179
HVM-0982,W01,2,-36,1,10,1.1942,0.9085
HVM-0982,W01,3,-36,1,10,1.1136,0.9387
HVM-0982,W01,4,-36,1,10,1.1498,0.9491
HVM-0982,W01,5,-36,1,10,1.1889,0.9321
HVM-0982,W01,6,-36,1,10,1.1429,0.8961
HVM-0982,W01,7,-36,1,10,1.1777,0.9549
HVM-0982,W01,8,-36,1,10,1.2063,0.9053
HVM-0982,W01,9,-36,2,31,1.1675,0.9314
HVM-0982,W01,10,-36,1,10,1.1901,0.9098
HVM-0982,W01,11,-36,1,10,1.1610,0.9005
HVM-0982,W01,12,-36,1,10,1.1729,0.9432
HVM-0982,W01,13,-36,1,10,1.2142,0.9413
HVM-0982,W01,14,-36,1,10,1.1740,0.9063
HVM-0982,W01,15,-36,1,10,1.1469,0.9417
HVM-0982,W01,16,-36,1,10,1.2352,0.9045
HVM-0982,W01,17,-36,1,10,1.2049,0.9295
HVM-0982,W01,18,-36,1,10,1.1715,0.9362
HVM-0982,W01,19,-36,1,10,1.2363,0.9523
HVM-0982,W01,20,-36,1,10,1.2030,0.9389
HVM-0982,W01,21,-36,1,10,1.2223,0.9176
HVM-0982,W01,22,-36,2,30,1.2458,0.9514
HVM-0982,W01,23,-36,1,10,1.2360,0.9132
HVM-0982,W01,24,-36,1,10,1.1971,0.9263
HVM-0982,W01,25,-36,1,10,1.2106,0.9451
HVM-0982,W01,26,-36,1,10,1.2404,0.9408
HVM-0982,W01,27,-36,1,10,1.2559,0.9226
HVM-0982,W01,28,-36,1,10,1.2386,0.9415
HVM-0982,W01,29,-36,1,10,1.2377,0.9549
HVM-0982,W01,30,-36,1,10,1.2346,0.9202
HVM-0982,W01,31,-36,1,10,1.2427,0.9378
HVM-0982,W01,32,-36,1,10,1.2327,0.9608
HVM-0982,W01,33,-36,1,10,1.2529,0.9946
HVM-0982,W01,34,-36,1,10,1.2533,0.9072
HVM-0982,W01,35,-36,1,10,1.2647,0.9521
HVM-0982,W01,36,-36,1,10,1.2714,1.0038
HVM-0982,W01,37,-36,1,10,1.2979,0.9613
HVM-0982,W01,38,-36,1,10,1.2440,0.9895
HVM-0982,W01,39,-36,1,10,1.2912,0.9608
HVM-0982,W01,40,-36,1,10,1.2475,0.9771
HVM-0982,W01,-40,-35,1,10,1.0450,0.9552
HVM-0982,W01,-39,-35,1,10,1.0167,0.9472
HVM-0982,W01,-38,-35,1,10,1.0776,0.9521
HVM-0982,W01,-37,-35,1,10,1.0495,0.9522
HVM-0982,W01,-36,-35,1,10,1.0421,0.9302
HVM-0982,W01,-35,-35,1,10,1.0908,0.9554
HVM-0982,W01,-34,-35,1,10,1.0677,0.9371
HVM-0982,W01,-33,-35,1,10,1.0731,0.9683
HVM-0982,W01,-32,-35,1,10,1.0602,0.9530
HVM-0982,W01,-31,-35,1,10,1.1371,0.9485
HVM-0982,W01,-30,-35,1,10,1.0449,0.9322
HVM-0982,W01,-29,-35,2,30,1.0565,0.9558
HVM-0982,W01,-28,-35,2,21,1.0323,0.9226
HVM-0982,W01,-27,-35,1,10,1.0504,0.9489
HVM-0982,W01,-26,-35,1,10,1.0549,0.9542
HVM-0982,W01,-25,-35,1,10,1.0688,0.9199
HVM-0982,W01,-24,-35,1,10,1.1087,0.9036
HVM-0982,W01,-23,-35,1,10,1.0512,0.9620
HVM-0982,W01,-22,-35,1,10,1.1473,0.9311
HVM-0982,W01,-21,-35,1,10,1.0743,0.9480
HVM-0982,W01,-20,-35,1,10,1.0718,0.9726
HVM-0982,W01,-19,-35,1,10,1.0787,0.9070
HVM-0982,W01,-18,-35,1,10,1.1186,0.9611
HVM-0982,W01,-17,-35,1,10,1.1015,0.9494
HVM-0982,W01,-16,-35,1,10,1.1100,0.8988
HVM-0982,W01,-15,-35,1,10,1.0820,0.9209
HVM-0982,W01,-14,-35,1,10,1.1054,0.9295
HVM-0982,W01,-13,-35,1,10,1.0759,0.9570
HVM-0982,W01,-12,-35,1,10,1.0998,0.9389
HVM-0982,W01,-11,-35,1,10,1.1453,0.9341
HVM-0982,W01,-10,-35,1,10,1.0794,0.8712
HVM-0982,W01,-9,-35,1,10,1.1465,0.9064
HVM-0982,W01,-8,-35,1,10,1.1123,0.9116
HVM-0982,W01,-7,-35,1,10,1.1343,0.9350
HVM-0982,W01,-6,-35,1,10,1.1376,0.9056
HVM-0982,W01,-5,-35,1,10,1.1252,0.9240
HVM-0982,W01,-4,-35,1,10,1.1638,0.9103
HVM-0982,W01,-3,-35,1,10,1.1201,0.9297
HVM-0982,W01,-2,-35,1,10,1.1327,0.9480
HVM-0982,W01,-1,-35,1,10,1.1305,0.9181
HVM-0982,W01,0,-35,1,10,1.1787,0.9117
HVM-0982,W01,1,-35,1,10,1.1507,0.8989
HVM-0982,W01,2,-35,1,10,1.2013,0.9206
HVM-0982,W01,3,-35,1,10,1.1623,0.8926
HVM-0982,W01,4,-35,1,10,1.1530,0.9334
HVM-0982,W01,5,-35,1,10,1.1431,0.9165
HVM-0982,W01,6,-35,1,10,1.1704,0.8756
HVM-0982,W01,7,-35,1,10,1.1497,0.9368
HVM-0982,W01,8,-35,1,10,1.1754,0.9700
HVM-0982,W01,9,-35,1,10,1.1939,0.9287
HVM-0982,W01,10,-35,1,10,1.2042,0.9002
HVM-0982,W01,11,-35,1,10,1.2090,0.9020
HVM-0982,W01,12,-35,1,10,1.1634,0.9463
HVM-0982,W01,13,-35,1,10,1.1823,0.9169
HVM-0982,W01,14,-35,1,10,1.1497,0.9246
HVM-0982,W01,15,-35,1,10,1.1827,0.9235
HVM-0982,W01,16,-35,1,10,1.2304,0.9223
HVM-0982,W01,17,-35,1,10,1.1628,0.9403
HVM-0982,W01,18,-35,1,10,1.1417,0.9270
HVM-0982,W01,19,-35,1,10,1.2285,0.9152
HVM-0982,W01,20,-35,1,10,1.2376,0.9412
HVM-0982,W01,21,-35,1,10,1.1911,0.9324
HVM-0982,W01,22,-35,1,10,1.2244,0.9847
HVM-0982,W01,23,-35,1,10,1.1917,0.9152
HVM-0982,W01,24,-35,1,10,1.2397,0.9414
HVM-0982,W01,25,-35,1,10,1.2423,0.9405
HVM-0982,W01,26,-35,1,10,1.2248,0.9307
HVM-0982,W01,27,-35,1,10,1.2279,0.9517
HVM-0982,W01,28,-35,1,10,1.2527,0.9821
HVM-0982,W01,29,-35,1,10,1.2079,0.9624
HVM-0982,W01,30,-35,1,10,1.2615,0.9615
HVM-0982,W01,31,-35,1,10,1.2501,0.9527
HVM-0982,W01,32,-35,1,10,1.2213,1.0096
HVM-0982,W01,33,-35,1,10,1.2643,0.9750
HVM-0982,W01,34,-35,1,10,1.2914,0.9882
HVM-0982,W01,35,-35,1,10,1.2321,0.9713
HVM-0982,W01,36,-35,1,10,1.2249,0.9861
HVM-0982,W01,37,-35,1,10,1.2665,0.9864
HVM-0982,W01,38,-35,2,30,1.2966,0.9770
HVM-0982,W01,39,-35,1,10,1.2478,0.9781
HVM-0982,W01,40,-35,2,30,1.2516,0.9675
HVM-0982,W01,-41,-34,1,10,1.0432,0.9874
HVM-0982,W01,-40,-34,3,30,1.0289,0.9260
HVM-0982,W01,-39,-34,1,10,1.0829,0.9596
HVM-0982,W01,-38,-34,1,10,1.0264,0.9520
HVM-0982,W01,-37,-34,1,10,1.0488,0.9597
HVM-0982,W01,-36,-34,1,10,1.0587,0.9874
HVM-0982,W01,-35,-34,1,10,1.0520,0.9470
HVM-0982,W01,-34,-34,1,10,1.0391,0.9734
HVM-0982,W01,-33,-34,1,10,1.0170,0.9373
HVM-0982,W01,-32,-34,1,10,1.0798,0.9484
HVM-0982,W01,-31,-34,1,10,1.0849,0.9389
HVM-0982,W01,-30,-34,1,10,1.0508,0.9207
HVM-0982,W01,-29,-34,1,10,1.1071,0.9484
HVM-0982,W01,-28,-34,1,10,1.0957,0.9651
HVM-0982,W01,-27,-34,1,10,1.0482,0.9688
HVM-0982,W01,-26,-34,1,10,1.0638,0.9583
HVM-0982,W01,-25,-34,1,10,1.0558,0.9402
HVM-0982,W01,-24,-34,1,10,1.1200,0.9316
HVM-0982,W01,-23,-34,1,10,1.0775,0.9347
HVM-0982,W01,-22,-34,1,10,1.1139,0.9790
HVM-0982,W01,-21,-34,1,10,1.0830,0.9510
HVM-0982,W01,-20,-34,1,10,1.1009,0.9420
HVM-0982,W01,-19,-34,1,10,1.0810,0.9393
HVM-0982,W01,-18,-34,1,10,1.1008,0.8872
HVM-0982,W01,-17,-34,1,10,1.0989,0.9201
HVM-0982,W01,-16,-34,1,10,1.1032,0.8963
HVM-0982,W01,-15,-34,1,10,1.1191,0.9621
HVM-0982,W01,-14,-34,1,10,1.1053,0.9363
HVM-0982,W01,-13,-34,1,10,1.0994,0.8739
HVM-0982,W01,-12,-34,1,10,1.1606,0.9196
HVM-0982,W01,-11,-34,1,10,1.1331,0.9413
HVM-0982,W01,-10,-34,1,10,1.0624,0.9324
HVM-0982,W01,-9,-34,1,10,1.1257,0.8751
HVM-0982,W01,-8,-34,1,10,1.1279,0.8849
HVM-0982,W01,-7,-34,1,10,1.1882,0.8733
HVM-0982,W01,-6,-34,1,10,1.1023,0.8750
HVM-0982,W01,-5,-34,1,10,1.1306,0.8897
HVM-0982,W01,-4,-34,1,10,1.1301,0.8901
HVM-0982,W01,-3,-34,1,10,1.1244,0.9142
HVM-0982,W01,-2,-34,1,10,1.1528,0.8609
HVM-0982,W01,-1,-34,1,10,1.1521,0.8767
HVM-0982,W01,0,-34,1,10,1.1220,0.8988
HVM-0982,W01,1,-34,1,10,1.1766,0.9205
HVM-0982,W01,2,-34,1,10,1.0970,0.9062
HVM-0982,W01,3,-34,1,10,1.1344,0.9192
HVM-0982,W01,4,-34,1,10,1.1755,0.8928
HVM-0982,W01,5,-34,1,10,1.1403,0.9127
HVM-0982,W01,6,-34,1,10,1.1962,0.9336
HVM-0982,W01,7,-34,1,10,1.1465,0.8663
HVM-0982,W01,8,-34,1,10,1.1861,0.9479
HVM-0982,W01,9,-34,1,10,1.1581,0.9226
HVM-0982,W01,10,-34,1,10,1.1891,0.8604
HVM-0982,W01,11,-34,1,10,1.1460,0.9376
HVM-0982,W01,12,-34,1,10,1.1913,0.9293
HVM-0982,W01,13,-34,1,10,1.1776,0.9180
HVM-0982,W01,14,-34,1,10,1.1946,0.9199
HVM-0982,W01,15,-34,1,10,1.2370,0.9035
HVM-0982,W01,16,-34,1,10,1.1838,0.9474
HVM-0982,W01,17,-34,1,10,1.1799,0.8865
HVM-0982,W01,18,-34,1,10,1.2071,0.9444
HVM-0982,W01,19,-34,1,10,1.1568,0.8623
HVM-0982,W01,20,-34,1,10,1.1812,0.9355
HVM-0982,W01,21,-34,1,10,1.1800,0.9322
HVM-0982,W01,22,-34,1,10,1.2007,0.9485
HVM-0982,W01,23,-34,1,10,1.2013,0.9628
HVM-0982,W01,24,-34,1,10,1.2542,0.9419
HVM-0982,W01,25,-34,1,10,1.2311,0.9547
HVM-0982,W01,26,-34,1,10,1.2230,0.9214
HVM-0982,W01,27,-34,1,10,1.1949,0.9408
HVM-0982,W01,28,-34,1,10,1.2477,0.9154
HVM-0982,W01,29,-34,1,10,1.2211,0.9503
HVM-0982,W01,30,-34,1,10,1.2552,0.9460
HVM-0982,W01,31,-34,1,10,1.2164,0.9539
HVM-0982,W01,32,-34,1,10,1.2191,0.9232
HVM-0982,W01,33,-34,1,10,1.2360,0.9675
HVM-0982,W01,34,-34,1,10,1.2546,0.9716
HVM-0982,W01,35,-34,1,10,1.2637,0.9807
HVM-0982,W01,36,-34,1,10,1.2815,0.9229
HVM-0982,W01,37,-34,1,10,1.2241,0.9214
HVM-0982,W01,38,-34,1,10,1.2890,0.9331
HVM-0982,W01,39,-34,1,10,1.2471,0.9589
HVM-0982,W01,40,-34,1,10,1.2954,0.9185
HVM-0982,W01,41,-34,3,20,1.2769,0.9556
HVM-0982,W01,-41,-33,4,20,1.0161,0.9924
HVM-0982,W01,-40,-33,2,20,1.0229,0.9783
HVM-0982,W01,-39,-33,3,30,1.0435,0.9581
HVM-0982,W01,-38,-33,2,20,1.0334,0.9830
HVM-0982,W01,-37,-33,1,10,1.0474,0.9546
HVM-0982,W01,-36,-33,1,10,1.0568,0.9534
HVM-0982,W01,-35,-33,1,10,1.0144,0.9261
HVM-0982,W01,-34,-33,1,10,1.0605,0.9250
HVM-0982,W01,-33,-33,1,10,1.0650,0.9161
HVM-0982,W01,-32,-33,1,10,1.0171,0.9365
HVM-0982,W01,-31,-33,1,10,1.0394,0.9277
HVM-0982,W01,-30,-33,1,10,1.0812,0.9462
HVM-0982,W01,-29,-33,1,10,1.0997,0.9414
HVM-0982,W01,-28,-33,1,10,1.0672,0.9535
HVM-0982,W01,-27,-33,1,10,1.0646,0.9327
HVM-0982,W01,-26,-33,1,10,1.0574,0.9244
HVM-0982,W01,-25,-33,1,10,1.0758,0.9432
HVM-0982,W01,-24,-33,1,10,1.0564,0.9664
HVM-0982,W01,-23,-33,1,10,1.0689,0.9649
HVM-0982,W01,-22,-33,1,10,1.1039,0.9567
HVM-0982,W01,-21,-33,3,21,1.0879,0.9543
HVM-0982,W01,-20,-33,1,10,1.0929,0.9371
HVM-0982,W01,-19,-33,1,10,1.0942,0.9219
HVM-0982,W01,-18,-33,1,10,1.0793,0.8947
HVM-0982,W01,-17,-33,1,10,1.0863,0.8853
HVM-0982,W01,-16,-33,1,10,1.0855,0.8910
HVM-0982,W01,-15,-33,1,10,1.1222,0.9483
HVM-0982,W01,-14,-33,4,30,1.1080,0.9210
HVM-0982,W01,-13,-33,1,10,1.1180,0.8897
HVM-0982,W01,-12,-33,1,10,1.1218,0.9566
HVM-0982,W01,-11,-33,1,10,1.0588,0.9287
HVM-0982,W01,-10,-33,1,10,1.1033,0.9817
HVM-0982,W01,-9,-33,1,10,1.1139,0.9520
HVM-0982,W01,-8,-33,1,10,1.1593,0.9515
HVM-0982,W01,-7,-33,1,10,1.1499,0.9426
HVM-0982,W01,-6,-33,1,10,1.1481,0.9411
HVM-0982,W01,-5,-33,1,10,1.1324,0.9297
HVM-0982,W01,-4,-33,1,10,1.1583,0.9103
HVM-0982,W01,-3,-33,1,10,1.1594,0.8707
HVM-0982,W01,-2,-33,1,10,1.2092,0.8800
HVM-0982,W01,-1,-33,1,10,1.1439,0.9164
HVM-0982,W01,0,-33,1,10,1.1191,0.8981
HVM-0982,W01,1,-33,1,10,1.1517,0.9067
HVM-0982,W01,2,-33,1,10,1.1605,0.9201
HVM-0982,W01,3,-33,1,10,1.1332,0.9586
HVM-0982,W01,4,-33,1,10,1.1159,0.9182
HVM-0982,W01,5,-33,1,10,1.1794,0.8966
HVM-0982,W01,6,-33,1,10,1.1895,0.8723
HVM-0982,W01,7,-33,1,10,1.1829,0.9117
HVM-0982,W01,8,-33,1,10,1.1611,0.8525
HVM-0982,W01,9,-33,1,10,1.1497,0.9495
HVM-0982,W01,10,-33,1,10,1.1893,0.9040
HVM-0982,W01,11,-33,1,10,1.1501,0.9385
HVM-0982,W01,12,-33,1,10,1.1551,0.9006
HVM-0982,W01,13,-33,1,10,1.1669,0.9289
HVM-0982,W01,14,-33,1,10,1.1549,0.9051
HVM-0982,W01,15,-33,1,10,1.1665,0.8931
HVM-0982,W01,16,-33,1,10,1.2168,0.9600
HVM-0982,W01,17,-33,1,10,1.1958,0.9496
HVM-0982,W01,18,-33,1,10,1.2075,0.9396
HVM-0982,W01,19,-33,1,10,1.1860,0.9366
HVM-0982,W01,20,-33,1,10,1.1646,0.9323
HVM-0982,W01,21,-33,1,10,1.2109,0.9211
HVM-0982,W01,22,-33,1,10,1.2527,0.9094
HVM-0982,W01,23,-33,1,10,1.2308,0.8995
HVM-0982,W01,24,-33,2,20,1.2269,0.9721
HVM-0982,W01,25,-33,1,10,1.2026,0.8925
HVM-0982,W01,26,-33,1,10,1.2465,0.9153
HVM-0982,W01,27,-33,3,21,1.2212,0.9371
HVM-0982,W01,28,-33,1,10,1.2303,0.9653
HVM-0982,W01,29,-33,1,10,1.1997,0.9666
HVM-0982,W01,30,-33,1,10,1.2543,0.9014
HVM-0982,W01,31,-33,1,10,1.2198,0.9393
HVM-0982,W01,32,-33,1,10,1.2606,0.9675
HVM-0982,W01,33,-33,1,10,1.3210,0.9452
HVM-0982,W01,34,-33,1,10,1.2602,1.0247
HVM-0982,W01,35,-33,1,10,1.2564,0.9784
HVM-0982,W01,36,-33,1,10,1.2318,0.9208
HVM-0982,W01,37,-33,1,10,1.2086,0.9629
HVM-0982,W01,38,-33,1,10,1.2513,0.9439
HVM-0982,W01,39,-33,1,10,1.2817,0.9588
HVM-0982,W01,40,-33,2,20,1.2584,0.9746
HVM-0982,W01,41,-33,1,10,1.2763,0.9749
HVM-0982,W01,-42,-32,3,21,1.0448,0.9621
HVM-0982,W01,-41,-32,1,10,1.0202,0.9808
HVM-0982,W01,-40,-32,1,10,1.0317,0.9044
HVM-0982,W01,-39,-32,1,10,1.0557,1.0082
HVM-0982,W01,-38,-32,1,10,1.0212,0.9795
HVM-0982,W01,-37,-32,1,10,1.0376,0.9524
HVM-0982,W01,-36,-32,1,10,1.0428,0.9525
HVM-0982,W01,-35,-32,1,10,1.0395,0.9701
HVM-0982,W01,-34,-32,1,10,1.0193,0.9134
HVM-0982,W01,-33,-32,1,10,1.0803,0.9478
HVM-0982,W01,-32,-32,1,10,1.0753,0.9522
HVM-0982,W01,-31,-32,1,10,1.0515,0.9419
HVM-0982,W01,-30,-32,1,10,1.0793,0.9323
HVM-0982,W01,-29,-32,1,10,1.0593,0.9266
HVM-0982,W01,-28,-32,1,10,1.0512,0.8993
HVM-0982,W01,-27,-32,1,10,1.1049,0.9565
HVM-0982,W01,-26,-32,1,10,1.0786,0.9445
HVM-0982,W01,-25,-32,1,10,1.0927,0.9362
HVM-0982,W01,-24,-32,1,10,1.0661,0.9036
HVM-0982,W01,-23,-32,1,10,1.0494,0.9349
HVM-0982,W01,-22,-32,1,10,1.1015,0.9185
HVM-0982,W01,-21,-32,1,10,1.0784,0.8949
HVM-0982,W01,-20,-32,1,10,1.0581,0.9113
HVM-0982,W01,-19,-32,1,10,1.0776,0.9064
HVM-0982,W01,-18,-32,1,10,1.0920,0.9346
HVM-0982,W01,-17,-32,1,10,1.1003,0.9087
HVM-0982,W01,-16,-32,1,10,1.0782,0.9266
HVM-0982,W01,-15,-32,1,10,1.0759,0.9113
HVM-0982,W01,-14,-32,1,10,1.1086,0.9061
HVM-0982,W01,-13,-32,1,10,1.1803,0.9593
HVM-0982,W01,-12,-32,1,10,1.1746,0.9122
HVM-0982,W01,-11,-32,1,10,1.1065,0.8784
HVM-0982,W01,-10,-32,1,10,1.1160,0.9318
HVM-0982,W01,-9,-32,1,10,1.1017,0.8770
HVM-0982,W01,-8,-32,1,10,1.1198,0.9413
HVM-0982,W01,-7,-32,1,10,1.1201,0.9296
HVM-0982,W01,-6,-32,1,10,1.1365,0.9168
HVM-0982,W01,-5,-32,1,10,1.1501,0.9067
HVM-0982,W01,-4,-32,1,10,1.1315,0.9254
HVM-0982,W01,-3,-32,1,10,1.1380,0.8932
HVM-0982,W01,-2,-32,1,10,1.1711,0.8674
HVM-0982,W01,-1,-32,1,10,1.1190,0.9151
HVM-0982,W01,0,-32,1,10,1.1930,0.8966
HVM-0982,W01,1,-32,1,10,1.1653,0.9216
HVM-0982,W01,2,-32,1,10,1.1685,0.9376
HVM-0982,W01,3,-32,1,10,1.1671,0.9389
HVM-0982,W01,4,-32,1,10,1.1848,0.8920
HVM-0982,W01,5,-32,1,10,1.1426,0.9380
HVM-0982,W01,6,-32,1,10,1.1738,0.9156
HVM-0982,W01,7,-32,1,10,1.1575,0.9226
HVM-0982,W01,8,-32,1,10,1.1572,0.9068
HVM-0982,W01,9,-32,1,10,1.1687,0.8926
HVM-0982,W01,10,-32,1,10,1.2139,0.9023
HVM-0982,W01,11,-32,1,10,1.1933,0.9016
HVM-0982,W01,12,-32,3,30,1.1853,0.8408
HVM-0982,W01,13,-32,1,10,1.1456,0.8995
HVM-0982,W01,14,-32,1,10,1.1830,0.9427
HVM-0982,W01,15,-32,1,10,1.1715,0.8914
HVM-0982,W01,16,-32,1,10,1.1714,0.9046
HVM-0982,W01,17,-32,1,10,1.2056,0.9095
HVM-0982,W01,18,-32,1,10,1.1985,0.9273
HVM-0982,W01,19,-32,1,10,1.2172,0.8913
HVM-0982,W01,20,-32,1,10,1.1968,0.9281
HVM-0982,W01,21,-32,1,10,1.2251,0.9527
HVM-0982,W01,22,-32,1,10,1.2231,0.9163
HVM-0982,W01,23,-32,1,10,1.2159,0.9188
HVM-0982,W01,24,-32,1,10,1.2326,0.9379
HVM-0982,W01,25,-32,1,10,1.2267,0.9678
HVM-0982,W01,26,-32,1,10,1.2163,0.9311
HVM-0982,W01,27,-32,1,10,1.1872,0.9385
HVM-0982,W01,28,-32,1,10,1.2413,0.9479
HVM-0982,W01,29,-32,1,10,1.2477,0.9612
HVM-0982,W01,30,-32,4,20,1.2723,0.9721
HVM-0982,W01,31,-32,1,10,1.2015,0.9162
HVM-0982,W01,32,-32,1,10,1.2312,0.9113
HVM-0982,W01,33,-32,1,10,1.2631,0.9682
HVM-0982,W01,34,-32,1,10,1.2561,0.9614
HVM-0982,W01,35,-32,1,10,1.2318,0.9614
HVM-0982,W01,36,-32,1,10,1.2943,0.9612
HVM-0982,W01,37,-32,1,10,1.2184,0.9588
HVM-0982,W01,38,-32,4,30,1.2687,0.9652
HVM-0982,W01,39,-32,1,10,1.2544,0.9335
HVM-0982,W01,40,-32,1,10,1.2834,0.9571
HVM-0982,W01,41,-32,1,10,1.3036,0.9513
HVM-0982,W01,42,-32,1,10,1.2649,0.9676
HVM-0982,W01,-42,-31,2,20,0.9750,0.9638
HVM-0982,W01,-41,-31,1,10,0.9992,0.9790
HVM-0982,W01,-40,-31,4,21,1.0461,0.9357
HVM-0982,W01,-39,-31,1,10,1.0608,1.0010
HVM-0982,W01,-38,-31,1,10,1.0455,0.9596
HVM-0982,W01,-37,-31,1,10,1.0097,0.9807
HVM-0982,W01,-36,-31,1,10,1.0207,0.9510
HVM-0982,W01,-35,-31,1,10,1.0420,0.9561
HVM-0982,W01,-34,-31,1,10,1.0546,0.9787
HVM-0982,W01,-33,-31,1,10,1.0475,0.9424
HVM-0982,W01,-32,-31,1,10,1.0852,0.9744
HVM-0982,W01,-31,-31,1,10,1.0563,0.9586
HVM-0982,W01,-30,-31,1,10,1.1267,0.9156
HVM-0982,W01,-29,-31,1,10,1.0481,0.9402
HVM-0982,W01,-28,-31,1,10,1.0398,0.9150
HVM-0982,W01,-27,-31,1,10,1.0556,0.9516
HVM-0982,W01,-26,-31,1,10,1.0848,0.9849
HVM-0982,W01,-25,-31,1,10,1.0278,0.9695
HVM-0982,W01,-24,-31,1,10,1.0556,0.9051
HVM-0982,W01,-23,-31,1,10,1.0685,0.9459
HVM-0982,W01,-22,-31,1,10,1.1230,0.9186
HVM-0982,W01,-21,-31,1,10,1.0665,0.9238
HVM-0982,W01,-20,-31,1,10,1.1177,0.9566
HVM-0982,W01,-19,-31,1,10,1.1410,0.9160
HVM-0982,W01,-18,-31,1,10,1.0924,0.9058
HVM-0982,W01,-17,-31,1,10,1.1433,0.9876
HVM-0982,W01,-16,-31,1,10,1.1238,0.9177
HVM-0982,W01,-15,-31,1,10,1.0903,0.9020
HVM-0982,W01,-14,-31,1,10,1.1421,0.9291
HVM-0982,W01,-13,-31,1,10,1.1103,0.8957
HVM-0982,W01,-12,-31,1,10,1.1419,0.9527
HVM-0982,W01,-11,-31,1,10,1.1031,0.9084
HVM-0982,W01,-10,-31,1,10,1.1220,0.9101
HVM-0982,W01,-9,-31,1,10,1.1292,0.8764
HVM-0982,W01,-8,-31,1,10,1.1956,0.9271
HVM-0982,W01,-7,-31,1,10,1.1310,0.8967
HVM-0982,W01,-6,-31,1,10,1.0983,0.9147
HVM-0982,W01,-5,-31,1,10,1.1505,0.8953
HVM-0982,W01,-4,-31,1,10,1.1300,0.8838
HVM-0982,W01,-3,-31,1,10,1.1861,0.8431
HVM-0982,W01,-2,-31,2,20,1.1387,0.9056
HVM-0982,W01,-1,-31,1,10,1.1138,0.9093
HVM-0982,W01,0,-31,1,10,1.1787,0.9198
HVM-0982,W01,1,-31,1,10,1.1613,0.9019
HVM-0982,W01,2,-31,1,10,1.1172,0.8811
HVM-0982,W01,3,-31,1,10,1.1460,0.8729
HVM-0982,W01,4,-31,1,10,1.1618,0.8857
HVM-0982,W01,5,-31,1,10,1.1260,0.8535
HVM-0982,W01,6,-31,1,10,1.1721,0.9123
HVM-0982,W01,7,-31,1,10,1.1981,0.8967
HVM-0982,W01,8,-31,1,10,1.1429,0.8869
HVM-0982,W01,9,-31,1,10,1.1822,0.8981
HVM-0982,W01,10,-31,1,10,1.2333,0.8953
HVM-0982,W01,11,-31,1,10,1.2055,0.9099
HVM-0982,W01,12,-31,2,31,1.1564,0.8915
HVM-0982,W01,13,-31,1,10,1.2141,0.8861
HVM-0982,W01,14,-31,2,30,1.1645,0.9286
HVM-0982,W01,15,-31,1,10,1.1200,0.9036
HVM-0982,W01,16,-31,1,10,1.2446,0.8999
HVM-0982,W01,17,-31,1,10,1.1979,0.9209
HVM-0982,W01,18,-31,1,10,1.1920,0.9098
HVM-0982,W01,19,-31,1,10,1.2023,0.8902
HVM-0982,W01,20,-31,1,10,1.2163,0.9399
HVM-0982,W01,21,-31,1,10,1.1947,0.9312
HVM-0982,W01,22,-31,1,10,1.1967,0.9141
HVM-0982,W01,23,-31,1,10,1.1905,0.9512
HVM-0982,W01,24,-31,1,10,1.2344,0.9943
HVM-0982,W01,25,-31,1,10,1.2378,0.8828
HVM-0982,W01,26,-31,1,10,1.2843,0.9103
HVM-0982,W01,27,-31,1,10,1.2025,0.9172
HVM-0982,W01,28,-31,1,10,1.1949,0.9489
HVM-0982,W01,29,-31,1,10,1.2551,0.9449
HVM-0982,W01,30,-31,1,10,1.2768,0.9118
HVM-0982,W01,31,-31,1,10,1.2255,0.8763
HVM-0982,W01,32,-31,1,10,1.2746,0.9283
HVM-0982,W01,33,-31,1,10,1.2016,0.9234
HVM-0982,W01,34,-31,1,10,1.2883,0.9299
HVM-0982,W01,35,-31,1,10,1.2324,0.9419
HVM-0982,W01,36,-31,1,10,1.2431,0.9093
HVM-0982,W01,37,-31,1,10,1.2494,0.9389
HVM-0982,W01,38,-31,1,10,1.2757,0.9539
HVM-0982,W01,39,-31,1,10,1.2809,0.9208
HVM-0982,W01,40,-31,1,10,1.2924,0.9661
HVM-0982,W01,41,-31,4,20,1.2429,0.9678
HVM-0982,W01,42,-31,2,21,1.2553,0.9590
HVM-0982,W01,-42,-30,1,10,1.0864,0.9370
HVM-0982,W01,-41,-30,1,10,1.0444,0.9848
HVM-0982,W01,-40,-30,1,10,1.0315,0.9553
HVM-0982,W01,-39,-30,1,10,1.0609,0.9795
HVM-0982,W01,-38,-30,1,10,1.0694,0.9719
HVM-0982,W01,-37,-30,1,10,1.0291,0.9588
HVM-0982,W01,-36,-30,1,10,1.0631,0.9621
HVM-0982,W01,-35,-30,1,10,1.0434,0.9636
HVM-0982,W01,-34,-30,1,10,1.0985,0.9748
HVM-0982,W01,-33,-30,1,10,1.0737,0.9355
HVM-0982,W01,-32,-30,1,10,1.0634,0.9588
HVM-0982,W01,-31,-30,1,10,1.0561,0.9543
HVM-0982,W01,-30,-30,1,10,1.0555,0.9321
HVM-0982,W01,-29,-30,1,10,1.0744,0.9749
HVM-0982,W01,-28,-30,1,10,1.0630,0.9393
HVM-0982,W01,-27,-30,1,10,1.0498,0.9286
HVM-0982,W01,-26,-30,1,10,1.0720,0.9204
HVM-0982,W01,-25,-30,1,10,1.0950,0.9048
HVM-0982,W01,-24,-30,1,10,1.0664,0.9117
HVM-0982,W01,-23,-30,1,10,1.0684,0.9245
HVM-0982,W01,-22,-30,1,10,1.1273,0.9002
HVM-0982,W01,-21,-30,1,10,1.0765,0.9436
HVM-0982,W01,-20,-30,1,10,1.0642,0.9005
HVM-0982,W01,-19,-30,3,20,1.1145,0.8652
HVM-0982,W01,-18,-30,1,10,1.0296,0.9220
HVM-0982,W01,-17,-30,1,10,1.1331,0.9314
HVM-0982,W01,-16,-30,1,10,1.1109,0.9504
HVM-0982,W01,-15,-30,1,10,1.1064,0.9347
HVM-0982,W01,-14,-30,1,10,1.0968,0.9472
HVM-0982,W01,-13,-30,1,10,1.1221,0.8940
HVM-0982,W01,-12,-30,1,10,1.1193,0.9482
HVM-0982,W01,-11,-30,1,10,1.1672,0.9136
HVM-0982,W01,-10,-30,1,10,1.1104,0.9049
HVM-0982,W01,-9,-30,1,10,1.1074,0.9193
HVM-0982,W01,-8,-30,1,10,1.1597,0.8919
HVM-0982,W01,-7,-30,1,10,1.1679,0.9024
HVM-0982,W01,-6,-30,1,10,1.1649,0.9012
HVM-0982,W01,-5,-30,1,10,1.1007,0.8933
HVM-0982,W01,-4,-30,1,10,1.1129,0.9452
HVM-0982,W01,-3,-30,1,10,1.1488,0.9273
HVM-0982,W01,-2,-30,1,10,1.1340,0.9243
HVM-0982,W01,-1,-30,1,10,1.1959,0.8923
HVM-0982,W01,0,-30,1,10,1.1478,0.8630
HVM-0982,W01,1,-30,1,10,1.1508,0.9015
HVM-0982,W01,2,-30,1,10,1.1682,0.8638
HVM-0982,W01,3,-30,1,10,1.1689,0.8908
HVM-0982,W01,4,-30,1,10,1.1943,0.9276
HVM-0982,W01,5,-30,1,10,1.1715,0.8806
HVM-0982,W01,6,-30,1,10,1.1726,0.9426
HVM-0982,W01,7,-30,1,10,1.1697,0.9102
HVM-0982,W01,8,-30,1,10,1.1584,0.9444
HVM-0982,W01,9,-30,1,10,1.1706,0.9335
HVM-0982,W01,10,-30,1,10,1.2018,0.9127
HVM-0982,W01,11,-30,1,10,1.1566,0.9371
HVM-0982,W01,12,-30,1,10,1.1699,0.9437
HVM-0982,W01,13,-30,1,10,1.1821,0.9044
HVM-0982,W01,14,-30,1,10,1.1820,0.9310
HVM-0982,W01,15,-30,1,10,1.2051,0.8920
HVM-0982,W01,16,-30,1,10,1.2163,0.9171
HVM-0982,W01,17,-30,1,10,1.1737,0.9142
HVM-0982,W01,18,-30,2,20,1.2122,0.8991
HVM-0982,W01,19,-30,4,21,1.2072,0.9158
HVM-0982,W01,20,-30,1,10,1.2277,0.9196
HVM-0982,W01,21,-30,1,10,1.2600,0.9451
HVM-0982,W01,22,-30,1,10,1.2538,0.9297
HVM-0982,W01,23,-30,1,10,1.2204,0.9309
HVM-0982,W01,24,-30,1,10,1.2683,0.9272
HVM-0982,W01,25,-30,1,10,1.2455,0.9978
HVM-0982,W01,26,-30,1,10,1.2441,0.9675
HVM-0982,W01,27,-30,1,10,1.2248,0.9557
HVM-0982,W01,28,-30,1,10,1.2615,0.8894
HVM-0982,W01,29,-30,1,10,1.2562,0.9484
HVM-0982,W01,30,-30,1,10,1.2337,0.9402
HVM-0982,W01,31,-30,1,10,1.2348,0.9887
HVM-0982,W01,32,-30,1,10,1.2505,0.9148
HVM-0982,W01,33,-30,1,10,1.2419,0.9376
HVM-0982,W01,34,-30,1,10,1.2502,0.9317
HVM-0982,W01,35,-30,1,10,1.2642,0.9302
HVM-0982,W01,36,-30,1,10,1.2538,0.9258
HVM-0982,W01,37,-30,1,10,1.2893,0.9083
HVM-0982,W01,38,-30,1,10,1.2870,0.9790
HVM-0982,W01,39,-30,1,10,1.2429,0.9286
HVM-0982,W01,40,-30,1,10,1.2676,0.9972
HVM-0982,W01,41,-30,2,21,1.2762,0.9674
HVM-0982,W01,42,-30,1,10,1.3092,0.9693
HVM-0982,W01,-43,-29,4,20,1.0628,0.9362
HVM-0982,W01,-42,-29,1,10,1.0081,0.9933
HVM-0982,W01,-41,-29,1,10,1.0287,0.9903
HVM-0982,W01,-40,-29,1,10,1.0208,0.9170
HVM-0982,W01,-39,-29,1,10,1.0566,0.9784
HVM-0982,W01,-38,-29,1,10,1.0763,0.9293
HVM-0982,W01,-37,-29,1,10,1.0738,0.9601
HVM-0982,W01,-36,-29,1,10,1.0435,0.9711
HVM-0982,W01,-35,-29,1,10,1.0473,0.9326
HVM-0982,W01,-34,-29,1,10,1.0750,0.9598
HVM-0982,W01,-33,-29,1,10,1.0769,0.9514
HVM-0982,W01,-32,-29,1,10,0.9884,0.9351
HVM-0982,W01,-31,-29,1,10,1.0643,0.9223
HVM-0982,W01,-30,-29,1,10,1.0281,0.9606
HVM-0982,W01,-29,-29,1,10,1.0679,0.9507
HVM-0982,W01,-28,-29,1,10,1.0555,0.9447
HVM-0982,W01,-27,-29,1,10,1.0761,0.9575
HVM-0982,W01,-26,-29,1,10,1.0827,0.9203
HVM-0982,W01,-25,-29,1,10,1.1078,0.9211
HVM-0982,W01,-24,-29,1,10,1.1195,0.9320
HVM-0982,W01,-23,-29,1,10,1.1175,0.8746
HVM-0982,W01,-22,-29,1,10,1.0853,0.9244
HVM-0982,W01,-21,-29,1,10,1.0778,0.9228
HVM-0982,W01,-20,-29,1,10,1.0846,0.9043
HVM-0982,W01,-19,-29,1,10,1.0735,0.8646
HVM-0982,W01,-18,-29,1,10,1.1486,0.8710
HVM-0982,W01,-17,-29,1,10,1.1184,0.9452
HVM-0982,W01,-16,-29,1,10,1.1188,0.8667
HVM-0982,W01,-15,-29,1,10,1.1077,0.8729
HVM-0982,W01,-14,-29,1,10,1.1299,0.9003
HVM-0982,W01,-13,-29,1,10,1.0983,0.8974
HVM-0982,W01,-12,-29,1,10,1.1278,0.9261
HVM-0982,W01,-11,-29,1,10,1.1536,0.9485
HVM-0982,W01,-10,-29,1,10,1.1124,0.9277
HVM-0982,W01,-9,-29,1,10,1.1574,0.9239
HVM-0982,W01,-8,-29,1,10,1.1482,0.9691
HVM-0982,W01,-7,-29,1,10,1.1204,0.9393
HVM-0982,W01,-6,-29,1,10,1.1729,0.9141
HVM-0982,W01,-5,-29,1,10,1.1512,0.8977
HVM-0982,W01,-4,-29,1,10,1.1357,0.8726
HVM-0982,W01,-3,-29,4,21,1.1463,0.9157
HVM-0982,W01,-2,-29,1,10,1.1176,0.8940
HVM-0982,W01,-1,-29,1,10,1.1632,0.9151
HVM-0982,W01,0,-29,1,10,1.1355,0.8771
HVM-0982,W01,1,-29,1,10,1.1735,0.9189
HVM-0982,W01,2,-29,1,10,1.1573,0.8551
HVM-0982,W01,3,-29,1,10,1.1150,0.9200
HVM-0982,W01,4,-29,2,31,1.1831,0.8759
HVM-0982,W01,5,-29,1,10,1.1297,0.8819
HVM-0982,W01,6,-29,1,10,1.2042,0.9228
HVM-0982,W01,7,-29,1,10,1.1863,0.8688
HVM-0982,W01,8,-29,4,21,1.2005,0.9233
HVM-0982,W01,9,-29,1,10,1.2037,0.8861
HVM-0982,W01,10,-29,1,10,1.1842,0.8678
HVM-0982,W01,11,-29,1,10,1.2014,0.8904
HVM-0982,W01,12,-29,1,10,1.1613,0.9305
HVM-0982,W01,13,-29,3,30,1.2355,0.9161
HVM-0982,W01,14,-29,1,10,1.1893,0.8539
HVM-0982,W01,15,-29,1,10,1.2283,0.8503
HVM-0982,W01,16,-29,1,10,1.1883,0.8714
HVM-0982,W01,17,-29,1,10,1.2247,0.9209
HVM-0982,W01,18,-29,1,10,1.1444,0.9533
HVM-0982,W01,19,-29,1,10,1.2066,0.9054
HVM-0982,W01,20,-29,1,10,1.2158,0.9084
HVM-0982,W01,21,-29,1,10,1.2260,0.9195
HVM-0982,W01,22,-29,1,10,1.2777,0.9179
HVM-0982,W01,23,-29,1,10,1.2301,0.9099
HVM-0982,W01,24,-29,1,10,1.2035,0.9370
HVM-0982,W01,25,-29,1,10,1.2320,0.9568
HVM-0982,W01,26,-29,1,10,1.2837,0.9473
HVM-0982,W01,27,-29,1,10,1.2730,0.8943
HVM-0982,W01,28,-29,1,10,1.2743,0.9148
HVM-0982,W01,29,-29,1,10,1.2104,0.9487
HVM-0982,W01,30,-29,1,10,1.2402,0.9450
HVM-0982,W01,31,-29,1,10,1.2740,0.9374
HVM-0982,W01,32,-29,2,20,1.2638,0.9509
HVM-0982,W01,33,-29,1,10,1.2561,0.9276
HVM-0982,W01,34,-29,1,10,1.2668,0.9276
HVM-0982,W01,35,-29,1,10,1.2348,0.9355
HVM-0982,W01,36,-29,1,10,1.2235,0.9541
HVM-0982,W01,37,-29,1,10,1.2777,0.9691
HVM-0982,W01,38,-29,1,10,1.2678,0.9322
HVM-0982,W01,39,-29,1,10,1.2516,0.9706
HVM-0982,W01,40,-29,1,10,1.2675,0.9456
HVM-0982,W01,41,-29,4,31,1.2246,0.9858
HVM-0982,W01,42,-29,1,10,1.2877,0.9386
HVM-0982,W01,43,-29,1,10,1.3055,0.9722
HVM-0982,W01,-43,-28,1,10,1.0462,0.9338
HVM-0982,W01,-42,-28,1,10,1.0895,0.9222
HVM-0982,W01,-41,-28,2,21,1.0509,1.0098
HVM-0982,W01,-40,-28,1,10,1.0561,0.9683
HVM-0982,W01,-39,-28,1,10,1.0082,0.9438
HVM-0982,W01,-38,-28,1,10,1.0746,0.9589
HVM-0982,W01,-37,-28,1,10,1.0514,0.9599
HVM-0982,W01,-36,-28,1,10,1.0463,0.9275
HVM-0982,W01,-35,-28,1,10,1.0628,0.9407
HVM-0982,W01,-34,-28,1,10,1.0609,0.9811
HVM-0982,W01,-33,-28,1,10,1.0382,0.8758
HVM-0982,W01,-32,-28,1,10,1.0738,0.9493
HVM-0982,W01,-31,-28,1,10,1.0728,0.9396
HVM-0982,W01,-30,-28,1,10,1.0272,0.9711
HVM-0982,W01,-29,-28,1,10,1.0775,0.9434
HVM-0982,W01,-28,-28,1,10,1.0599,0.9325
HVM-0982,W01,-27,-28,1,10,1.0990,0.9349
HVM-0982,W01,-26,-28,1,10,1.0691,0.9426
HVM-0982,W01,-25,-28,1,10,1.0500,0.9104
HVM-0982,W01,-24,-28,1,10,1.1087,0.9263
HVM-0982,W01,-23,-28,1,10,1.0971,0.9432
HVM-0982,W01,-22,-28,1,10,1.1233,0.9526
HVM-0982,W01,-21,-28,1,10,1.0948,0.9137
HVM-0982,W01,-20,-28,1,10,1.0663,0.9423
HVM-0982,W01,-19,-28,1,10,1.1306,0.9310
HVM-0982,W01,-18,-28,1,10,1.1205,0.9343
HVM-0982,W01,-17,-28,1,10,1.0729,0.9667
HVM-0982,W01,-16,-28,4,31,1.1019,0.8958
HVM-0982,W01,-15,-28,1,10,1.1099,0.9084
HVM-0982,W01,-14,-28,1,10,1.1365,0.8967
HVM-0982,W01,-13,-28,1,10,1.0897,0.9331
HVM-0982,W01,-12,-28,1,10,1.0913,0.9174
HVM-0982,W01,-11,-28,1,10,1.1340,0.9151
HVM-0982,W01,-10,-28,1,10,1.1480,0.8878
HVM-0982,W01,-9,-28,1,10,1.1495,0.9318
HVM-0982,W01,-8,-28,1,10,1.1325,0.8737
HVM-0982,W01,-7,-28,1,10,1.0921,0.8922
HVM-0982,W01,-6,-28,1,10,1.1590,0.9007
HVM-0982,W01,-5,-28,1,10,1.1396,0.9337
HVM-0982,W01,-4,-28,1,10,1.1396,0.9122
HVM-0982,W01,-3,-28,1,10,1.1335,0.8310
HVM-0982,W01,-2,-28,1,10,1.1896,0.8750
HVM-0982,W01,-1,-28,1,10,1.1239,0.8899
HVM-0982,W01,0,-28,1,10,1.1432,0.8882
HVM-0982,W01,1,-28,1,10,1.1404,0.9093
HVM-0982,W01,2,-28,1,10,1.1187,0.9158
HVM-0982,W01,3,-28,1,10,1.1758,0.8875
HVM-0982,W01,4,-28,1,10,1.1489,0.8859
HVM-0982,W01,5,-28,1,10,1.2087,0.8700
HVM-0982,W01,6,-28,1,10,1.1782,0.9018
HVM-0982,W01,7,-28,1,10,1.2048,0.9391
HVM-0982,W01,8,-28,1,10,1.1477,0.9253
HVM-0982,W01,9,-28,1,10,1.1609,0.9087
HVM-0982,W01,10,-28,2,30,1.2013,0.8977
HVM-0982,W01,11,-28,1,10,1.1792,0.8954
HVM-0982,W01,12,-28,1,10,1.1701,0.9001
HVM-0982,W01,13,-28,1,10,1.2075,0.9343
HVM-0982,W01,14,-28,1,10,1.1993,0.8653
HVM-0982,W01,15,-28,1,10,1.2143,0.8504
HVM-0982,W01,16,-28,1,10,1.2387,0.9047
HVM-0982,W01,17,-28,1,10,1.2188,0.9316
HVM-0982,W01,18,-28,1,10,1.2248,0.9404
HVM-0982,W01,19,-28,1,10,1.1996,0.9049
HVM-0982,W01,20,-28,1,10,1.2462,0.9107
HVM-0982,W01,21,-28,1,10,1.2323,0.9177
HVM-0982,W01,22,-28,1,10,1.2082,0.9042
HVM-0982,W01,23,-28,1,10,1.2138,0.9164
HVM-0982,W01,24,-28,1,10,1.2439,0.9225
HVM-0982,W01,25,-28,1,10,1.2493,0.9188
HVM-0982,W01,26,-28,1,10,1.2400,0.9231
HVM-0982,W01,27,-28,1,10,1.2341,0.9288
HVM-0982,W01,28,-28,1,10,1.2615,0.9197
HVM-0982,W01,29,-28,1,10,1.2723,0.9300
HVM-0982,W01,30,-28,1,10,1.2764,0.9551
HVM-0982,W01,31,-28,1,10,1.2747,0.9560
HVM-0982,W01,32,-28,1,10,1.2696,0.9412
HVM-0982,W01,33,-28,1,10,1.2155,0.9538
HVM-0982,W01,34,-28,1,10,1.2426,0.9440
HVM-0982,W01,35,-28,1,10,1.2824,0.9669
HVM-0982,W01,36,-28,1,10,1.2365,0.9716
HVM-0982,W01,37,-28,1,10,1.2386,0.9284
HVM-0982,W01,38,-28,1,10,1.2771,0.9496
HVM-0982,W01,39,-28,1,10,1.3141,1.0230
HVM-0982,W01,40,-28,1,10,1.2545,1.0182
HVM-0982,W01,41,-28,1,10,1.2791,0.9589
HVM-0982,W01,42,-28,3,31,1.2473,0.9672
HVM-0982,W01,43,-28,2,30,1.2953,0.9588
HVM-0982,W01,-44,-27,1,10,1.0553,0.9686
HVM-0982,W01,-43,-27,2,31,1.0487,0.9276
HVM-0982,W01,-42,-27,1,10,1.0399,0.9841
HVM-0982,W01,-41,-27,1,10,1.0473,0.9500
HVM-0982,W01,-40,-27,1,10,1.0324,0.9523
HVM-0982,W01,-39,-27,1,10,1.0418,0.9746
HVM-0982,W01,-38,-27,1,10,1.0266,0.9350
HVM-0982,W01,-37,-27,1,10,1.0519,0.9756
HVM-0982,W01,-36,-27,1,10,1.0498,0.9568
HVM-0982,W01,-35,-27,4,30,1.0021,0.9460
HVM-0982,W01,-34,-27,1,10,1.0676,0.9381
HVM-0982,W01,-33,-27,1,10,1.0984,0.9549
HVM-0982,W01,-32,-27,1,10,1.1114,0.9761
HVM-0982,W01,-31,-27,1,10,1.0442,0.9542
HVM-0982,W01,-30,-27,1,10,1.0956,0.9508
HVM-0982,W01,-29,-27,1,10,1.0604,0.8990
HVM-0982,W01,-28,-27,1,10,1.0467,0.9364
HVM-0982,W01,-27,-27,1,10,1.0640,0.9374
HVM-0982,W01,-26,-27,1,10,1.0567,0.9323
HVM-0982,W01,-25,-27,1,10,1.0917,0.9736
HVM-0982,W01,-24,-27,1,10,1.0914,0.9477
HVM-0982,W01,-23,-27,1,10,1.0892,0.9127
HVM-0982,W01,-22,-27,1,10,1.1083,0.9408
HVM-0982,W01,-21,-27,1,10,1.1064,0.8930
HVM-0982,W01,-20,-27,1,10,1.0602,0.9188
HVM-0982,W01,-19,-27,1,10,1.1211,0.9461
HVM-0982,W01,-18,-27,1,10,1.0634,0.9532
HVM-0982,W01,-17,-27,1,10,1.1620,0.8571
HVM-0982,W01,-16,-27,1,10,1.0798,0.8924
HVM-0982,W01,-15,-27,1,10,1.1367,0.8868
HVM-0982,W01,-14,-27,1,10,1.1569,0.9152
HVM-0982,W01,-13,-27,1,10,1.1386,0.9471
HVM-0982,W01,-12,-27,1,10,1.1046,0.9275
HVM-0982,W01,-11,-27,1,10,1.1400,0.9108
HVM-0982,W01,-10,-27,1,10,1.1343,0.8564
HVM-0982,W01,-9,-27,1,10,1.0857,0.9029
HVM-0982,W01,-8,-27,1,10,1.1190,0.9274
HVM-0982,W01,-7,-27,1,10,1.1489,0.9108
HVM-0982,W01,-6,-27,1,10,1.2166,0.9139
HVM-0982,W01,-5,-27,1,10,1.1271,0.9086
HVM-0982,W01,-4,-27,1,10,1.1637,0.8762
HVM-0982,W01,-3,-27,1,10,1.1535,0.8943
HVM-0982,W01,-2,-27,1,10,1.1612,0.8751
HVM-0982,W01,-1,-27,1,10,1.1715,0.8545
HVM-0982,W01,0,-27,1,10,1.1938,0.9437
HVM-0982,W01,1,-27,1,10,1.1195,0.8495
HVM-0982,W01,2,-27,1,10,1.1714,0.8973
HVM-0982,W01,3,-27,1,10,1.2216,0.9263
HVM-0982,W01,4,-27,1,10,1.1907,0.9062
HVM-0982,W01,5,-27,1,10,1.1857,0.8866
HVM-0982,W01,6,-27,1,10,1.1534,0.8835
HVM-0982,W01,7,-27,1,10,1.1772,0.9016
HVM-0982,W01,8,-27,2,20,1.1927,0.9022
HVM-0982,W01,9,-27,1,10,1.1201,0.8976
HVM-0982,W01,10,-27,1,10,1.1855,0.9404
HVM-0982,W01,11,-27,1,10,1.2526,0.9586
HVM-0982,W01,12,-27,1,10,1.1833,0.8844
HVM-0982,W01,13,-27,3,30,1.1713,0.9358
HVM-0982,W01,14,-27,1,10,1.2174,0.9257
HVM-0982,W01,15,-27,1,10,1.2101,0.8704
HVM-0982,W01,16,-27,1,10,1.2240,0.9061
HVM-0982,W01,17,-27,1,10,1.1618,0.9142
HVM-0982,W01,18,-27,1,10,1.1874,0.9206
HVM-0982,W01,19,-27,1,10,1.2411,0.9131
HVM-0982,W01,20,-27,1,10,1.1968,0.9788
HVM-0982,W01,21,-27,1,10,1.2175,0.9117
HVM-0982,W01,22,-27,1,10,1.2539,0.9538
HVM-0982,W01,23,-27,1,10,1.2182,0.8855
HVM-0982,W01,24,-27,1,10,1.2619,0.8859
HVM-0982,W01,25,-27,1,10,1.2519,0.9434
HVM-0982,W01,26,-27,1,10,1.2419,0.9251
HVM-0982,W01,27,-27,1,10,1.2475,0.9517
HVM-0982,W01,28,-27,1,10,1.2323,0.9547
HVM-0982,W01,29,-27,1,10,1.2436,0.9084
HVM-0982,W01,30,-27,1,10,1.2567,0.9187
HVM-0982,W01,31,-27,1,10,1.2488,0.9667
HVM-0982,W01,32,-27,1,10,1.2284,0.9431
HVM-0982,W01,33,-27,1,10,1.2363,0.9388
HVM-0982,W01,34,-27,1,10,1.2597,0.9230
HVM-0982,W01,35,-27,1,10,1.2780,0.9746
HVM-0982,W01,36,-27,1,10,1.2517,0.9551
HVM-0982,W01,37,-27,1,10,1.2591,0.9629
HVM-0982,W01,38,-27,1,10,1.2544,0.9401
HVM-0982,W01,39,-27,1,10,1.2756,0.9427
HVM-0982,W01,40,-27,1,10,1.2741,0.9901
HVM-0982,W01,41,-27,1,10,1.2941,1.0068
HVM-0982,W01,42,-27,1,10,1.2733,0.9596
HVM-0982,W01,43,-27,4,20,1.2706,0.9126
HVM-0982,W01,44,-27,4,20,1.2768,0.9856
HVM-0982,W01,-44,-26,1,10,1.0245,1.0149
HVM-0982,W01,-43,-26,1,10,1.0465,0.9549
HVM-0982,W01,-42,-26,1,10,1.0413,0.9424
HVM-0982,W01,-41,-26,1,10,1.0432,0.9712
HVM-0982,W01,-40,-26,1,10,1.0754,0.9543
HVM-0982,W01,-39,-26,1,10,1.0755,0.9508
HVM-0982,W01,-38,-26,1,10,1.0708,0.8954
HVM-0982,W01,-37,-26,1,10,1.0717,0.9402
HVM-0982,W01,-36,-26,1,10,1.0577,0.9443
HVM-0982,W01,-35,-26,1,10,1.0519,0.9471
HVM-0982,W01,-34,-26,1,10,1.0452,0.9290
HVM-0982,W01,-33,-26,1,10,1.0668,0.9221
HVM-0982,W01,-32,-26,1,10,1.0796,0.9479
HVM-0982,W01,-31,-26,1,10,1.1017,0.9475
HVM-0982,W01,-30,-26,1,10,1.0794,0.9547
HVM-0982,W01,-29,-26,1,10,1.0684,0.9117
HVM-0982,W01,-28,-26,1,10,1.0100,0.8973
HVM-0982,W01,-27,-26,1,10,1.0758,0.9265
HVM-0982,W01,-26,-26,1,10,1.0933,0.9409
HVM-0982,W01,-25,-26,1,10,1.1163,0.9185
HVM-0982,W01,-24,-26,4,30,1.0947,0.9091
HVM-0982,W01,-23,-26,1,10,1.1139,0.9079
HVM-0982,W01,-22,-26,1,10,1.1431,0.9169
HVM-0982,W01,-21,-26,1,10,1.1126,0.9087
HVM-0982,W01,-20,-26,1,10,1.0654,0.9201
HVM-0982,W01,-19,-26,1,10,1.1234,0.9313
HVM-0982,W01,-18,-26,1,10,1.1193,0.9366
HVM-0982,W01,-17,-26,1,10,1.1613,0.8984
HVM-0982,W01,-16,-26,1,10,1.1503,0.8952
HVM-0982,W01,-15,-26,1,10,1.1081,0.9309
HVM-0982,W01,-14,-26,1,10,1.0984,0.9021
HVM-0982,W01,-13,-26,1,10,1.1366,0.8945
HVM-0982,W01,-12,-26,1,10,1.1470,0.9107
HVM-0982,W01,-11,-26,1,10,1.1412,0.8972
HVM-0982,W01,-10,-26,1,10,1.1505,0.8943
HVM-0982,W01,-9,-26,1,10,1.1373,0.9292
HVM-0982,W01,-8,-26,1,10,1.1067,0.8723
HVM-0982,W01,-7,-26,1,10,1.1239,0.8687
HVM-0982,W01,-6,-26,1,10,1.1466,0.9275
HVM-0982,W01,-5,-26,1,10,1.1528,0.8715
HVM-0982,W01,-4,-26,1,10,1.2061,0.8872
HVM-0982,W01,-3,-26,1,10,1.2034,0.9293
HVM-0982,W01,-2,-26,1,10,1.1809,0.8939
HVM-0982,W01,-1,-26,1,10,1.1692,0.9275
HVM-0982,W01,0,-26,1,10,1.1234,0.8901
HVM-0982,W01,1,-26,1,10,1.1515,0.8577
HVM-0982,W01,2,-26,1,10,1.1611,0.8991
HVM-0982,W01,3,-26,1,10,1.1716,0.9375
HVM-0982,W01,4,-26,1,10,1.1482,0.8698
HVM-0982,W01,5,-26,1,10,1.1663,0.9129
HVM-0982,W01,6,-26,2,31,1.1763,0.9244
HVM-0982,W01,7,-26,1,10,1.1993,0.9193
HVM-0982,W01,8,-26,1,10,1.2151,0.9230
HVM-0982,W01,9,-26,1,10,1.1926,0.8917
HVM-0982,W01,10,-26,1,10,1.1554,0.9230
HVM-0982,W01,11,-26,1,10,1.1928,0.8896
HVM-0982,W01,12,-26,1,10,1.1943,0.8952
HVM-0982,W01,13,-26,1,10,1.2421,0.8981
HVM-0982,W01,14,-26,1,10,1.2126,0.8955
HVM-0982,W01,15,-26,1,10,1.2474,0.9185
HVM-0982,W01,16,-26,1,10,1.2006,0.9161
HVM-0982,W01,17,-26,1,10,1.2229,0.9286
HVM-0982,W01,18,-26,1,10,1.2402,0.9033
HVM-0982,W01,19,-26,1,10,1.2176,0.9483
HVM-0982,W01,20,-26,1,10,1.2091,0.8843
HVM-0982,W01,21,-26,1,10,1.2327,0.8906
HVM-0982,W01,22,-26,1,10,1.2632,0.9476
HVM-0982,W01,23,-26,1,10,1.2156,0.9162
HVM-0982,W01,24,-26,1,10,1.2200,0.8949
HVM-0982,W01,25,-26,1,10,1.2240,0.9261
HVM-0982,W01,26,-26,1,10,1.2077,0.9467
HVM-0982,W01,27,-26,1,10,1.2223,0.9509
HVM-0982,W01,28,-26,1,10,1.2612,0.9542
HVM-0982,W01,29,-26,1,10,1.2489,0.9554
HVM-0982,W01,30,-26,1,10,1.2488,0.9184
HVM-0982,W01,31,-26,1,10,1.2662,0.8940
HVM-0982,W01,32,-26,1,10,1.2588,0.9319
HVM-0982,W01,33,-26,1,10,1.2914,0.9943
HVM-0982,W01,34,-26,1,10,1.2379,0.9278
HVM-0982,W01,35,-26,1,10,1.2476,0.9157
HVM-0982,W01,36,-26,1,10,1.2474,0.9512
HVM-0982,W01,37,-26,1,10,1.2804,0.9479
HVM-0982,W01,38,-26,1,10,1.2378,0.9432
HVM-0982,W01,39,-26,1,10,1.3193,0.9455
HVM-0982,W01,40,-26,1,10,1.2586,0.9581
HVM-0982,W01,41,-26,1,10,1.2761,0.9785
HVM-0982,W01,42,-26,2,30,1.2433,0.9716
HVM-0982,W01,43,-26,2,31,1.3224,0.9585
HVM-0982,W01,44,-26,1,10,1.3249,0.9636
HVM-0982,W01,-44,-25,1,10,1.0290,0.9530
HVM-0982,W01,-43,-25,3,20,1.0684,0.9448
HVM-0982,W01,-42,-25,1,10,1.0375,0.9275
HVM-0982,W01,-41,-25,1,10,1.0767,0.9781
HVM-0982,W01,-40,-25,1,10,1.0729,0.9813
HVM-0982,W01,-39,-25,1,10,1.0891,0.9959
HVM-0982,W01,-38,-25,1,10,1.0059,0.9721
HVM-0982,W01,-37,-25,1,10,1.0613,0.9645
HVM-0982,W01,-36,-25,1,10,1.0668,0.9523
HVM-0982,W01,-35,-25,1,10,1.0363,0.9245
HVM-0982,W01,-34,-25,1,10,1.0812,0.9452
HVM-0982,W01,-33,-25,1,10,1.0722,0.8975
HVM-0982,W01,-32,-25,1,10,1.0738,0.9635
HVM-0982,W01,-31,-25,1,10,1.0570,0.9370
HVM-0982,W01,-30,-25,1,10,1.0688,0.9281
HVM-0982,W01,-29,-25,1,10,1.1336,0.9497
HVM-0982,W01,-28,-25,1,10,1.0387,0.9415
HVM-0982,W01,-27,-25,1,10,1.0671,0.9442
HVM-0982,W01,-26,-25,1,10,1.1126,0.8981
HVM-0982,W01,-25,-25,1,10,1.0833,0.9433
HVM-0982,W01,-24,-25,1,10,1.1153,0.9566
HVM-0982,W01,-23,-25,1,10,1.0684,0.8764
HVM-0982,W01,-22,-25,1,10,1.0631,0.9032
HVM-0982,W01,-21,-25,1,10,1.1416,0.9422
HVM-0982,W01,-20,-25,1,10,1.1346,0.9300
HVM-0982,W01,-19,-25,1,10,1.1003,0.8465
HVM-0982,W01,-18,-25,1,10,1.1402,0.9093
HVM-0982,W01,-17,-25,1,10,1.1036,0.9024
HVM-0982,W01,-16,-25,1,10,1.1481,0.9161
HVM-0982,W01,-15,-25,1,10,1.1527,0.8789
HVM-0982,W01,-14,-25,1,10,1.1057,0.9077
HVM-0982,W01,-13,-25,1,10,1.1184,0.9016
HVM-0982,W01,-12,-25,1,10,1.0954,0.8644
HVM-0982,W01,-11,-25,1,10,1.1048,0.8705
HVM-0982,W01,-10,-25,1,10,1.1280,0.9018
HVM-0982,W01,-9,-25,1,10,1.1754,0.9001
HVM-0982,W01,-8,-25,1,10,1.1642,0.9077
HVM-0982,W01,-7,-25,1,10,1.1519,0.8905
HVM-0982,W01,-6,-25,1,10,1.1143,0.8990
HVM-0982,W01,-5,-25,1,10,1.1677,0.8483
HVM-0982,W01,-4,-25,1,10,1.1695,0.8993
HVM-0982,W01,-3,-25,1,10,1.1142,0.8773
HVM-0982,W01,-2,-25,1,10,1.1607,0.9169
HVM-0982,W01,-1,-25,1,10,1.1421,0.9060
HVM-0982,W01,0,-25,3,30,1.1528,0.8868
HVM-0982,W01,1,-25,1,10,1.1948,0.9022
HVM-0982,W01,2,-25,1,10,1.1410,0.9042
HVM-0982,W01,3,-25,1,10,1.1541,0.9199
HVM-0982,W01,4,-25,1,10,1.1694,0.9214
HVM-0982,W01,5,-25,1,10,1.2163,0.8674
HVM-0982,W01,6,-25,1,10,1.1777,0.9057
HVM-0982,W01,7,-25,1,10,1.1947,0.8708
HVM-0982,W01,8,-25,1,10,1.1414,0.8592
HVM-0982,W01,9,-25,1,10,1.1864,0.8999
HVM-0982,W01,10,-25,1,10,1.1839,0.8742
HVM-0982,W01,11,-25,1,10,1.2182,0.9217
HVM-0982,W01,12,-25,1,10,1.2094,0.8777
HVM-0982,W01,13,-25,1,10,1.1661,0.8642
HVM-0982,W01,14,-25,1,10,1.2155,0.9059
HVM-0982,W01,15,-25,1,10,1.2554,0.8933
HVM-0982,W01,16,-25,1,10,1.1861,0.9439
HVM-0982,W01,17,-25,1,10,1.1891,0.9120
HVM-0982,W01,18,-25,1,10,1.2206,0.8803
HVM-0982,W01,19,-25,1,10,1.2102,0.9450
HVM-0982,W01,20,-25,1,10,1.2184,0.9032
HVM-0982,W01,21,-25,1,10,1.2412,0.8892
HVM-0982,W01,22,-25,1,10,1.2341,0.8696
HVM-0982,W01,23,-25,1,10,1.2441,0.9528
HVM-0982,W01,24,-25,1,10,1.2282,0.9878
HVM-0982,W01,25,-25,1,10,1.2366,0.9253
HVM-0982,W01,26,-25,1,10,1.2461,0.9029
HVM-0982,W01,27,-25,1,10,1.2330,0.9715
HVM-0982,W01,28,-25,1,10,1.2525,0.9373
HVM-0982,W01,29,-25,1,10,1.2427,0.9416
HVM-0982,W01,30,-25,1,10,1.2440,0.9630
HVM-0982,W01,31,-25,1,10,1.2714,0.9514
HVM-0982,W01,32,-25,1,10,1.2697,0.8827
HVM-0982,W01,33,-25,1,10,1.2632,0.9840
HVM-0982,W01,34,-25,1,10,1.2297,0.9256
HVM-0982,W01,35,-25,1,10,1.2548,0.9541
HVM-0982,W01,36,-25,1,10,1.2667,0.9659
HVM-0982,W01,37,-25,4,20,1.2946,1.0135
HVM-0982,W01,38,-25,1,10,1.2562,0.9430
HVM-0982,W01,39,-25,1,10,1.3008,0.9350
HVM-0982,W01,40,-25,1,10,1.3138,0.9907
HVM-0982,W01,41,-25,1,10,1.2937,0.9825
HVM-0982,W01,42,-25,1,10,1.2883,0.9528
HVM-0982,W01,43,-25,1,10,1.2930,0.9486
HVM-0982,W01,44,-25,1,10,1.2858,0.9320
HVM-0982,W01,-45,-24,1,10,1.0285,0.9213
HVM-0982,W01,-44,-24,2,31,1.0327,0.9987
HVM-0982,W01,-43,-24,4,21,1.0390,0.9602
HVM-0982,W01,-42,-24,1,10,1.0240,0.9622
HVM-0982,W01,-41,-24,1,10,1.0139,0.9319
HVM-0982,W01,-40,-24,1,10,1.0422,0.9517
HVM-0982,W01,-39,-24,1,10,1.0769,0.9512
HVM-0982,W01,-38,-24,1,10,1.0674,0.8905
HVM-0982,W01,-37,-24,1,10,1.0368,0.9435
HVM-0982,W01,-36,-24,1,10,1.0278,0.9544
HVM-0982,W01,-35,-24,1,10,1.0615,0.9527
HVM-0982,W01,-34,-24,1,10,1.0461,0.9585
HVM-0982,W01,-33,-24,1,10,1.0511,0.9568
HVM-0982,W01,-32,-24,1,10,1.0369,0.9181
HVM-0982,W01,-31,-24,1,10,1.0458,0.9638
HVM-0982,W01,-30,-24,2,20,1.0734,0.9159
HVM-0982,W01,-29,-24,1,10,1.1000,0.9417
HVM-0982,W01,-28,-24,1,10,1.0425,0.9730
HVM-0982,W01,-27,-24,1,10,1.0786,0.9127
HVM-0982,W01,-26,-24,1,10,1.0813,0.9390
HVM-0982,W01,-25,-24,1,10,1.1150,0.9141
HVM-0982,W01,-24,-24,1,10,1.0934,0.9205
HVM-0982,W01,-23,-24,1,10,1.0961,0.9511
HVM-0982,W01,-22,-24,1,10,1.0662,0.9325
HVM-0982,W01,-21,-24,1,10,1.0821,0.8983
HVM-0982,W01,-20,-24,1,10,1.1127,0.9200
HVM-0982,W01,-19,-24,1,10,1.0910,0.9225
HVM-0982,W01,-18,-24,1,10,1.0714,0.9146
HVM-0982,W01,-17,-24,1,10,1.0759,0.9135
HVM-0982,W01,-16,-24,1,10,1.0858,0.9038
HVM-0982,W01,-15,-24,1,10,1.1412,0.8899
HVM-0982,W01,-14,-24,1,10,1.0919,0.8759
HVM-0982,W01,-13,-24,1,10,1.1335,0.9098
HVM-0982,W01,-12,-24,1,10,1.1182,0.9469
HVM-0982,W01,-11,-24,1,10,1.1186,0.9333
HVM-0982,W01,-10,-24,1,10,1.1452,0.8985
HVM-0982,W01,-9,-24,1,10,1.1296,0.8891
HVM-0982,W01,-8,-24,1,10,1.1223,0.8514
HVM-0982,W01,-7,-24,1,10,1.1712,0.9633
HVM-0982,W01,-6,-24,1,10,1.0884,0.8815
HVM-0982,W01,-5,-24,1,10,1.1375,0.8685
HVM-0982,W01,-4,-24,1,10,1.1518,0.9060
HVM-0982,W01,-3,-24,1,10,1.1759,0.8951
HVM-0982,W01,-2,-24,1,10,1.1814,0.8727
HVM-0982,W01,-1,-24,1,10,1.1259,0.9185
HVM-0982,W01,0,-24,4,21,1.1759,0.9059
HVM-0982,W01,1,-24,1,10,1.1449,0.9033
HVM-0982,W01,2,-24,1,10,1.1674,0.9247
HVM-0982,W01,3,-24,1,10,1.1656,0.8766
HVM-0982,W01,4,-24,1,10,1.1889,0.9500
HVM-0982,W01,5,-24,1,10,1.1690,0.9201
HVM-0982,W01,6,-24,1,10,1.1685,0.9069
HVM-0982,W01,7,-24,1,10,1.1679,0.8563
HVM-0982,W01,8,-24,1,10,1.2242,0.9344
HVM-0982,W01,9,-24,1,10,1.1893,0.8948
HVM-0982,W01,10,-24,1,10,1.1711,0.9155
HVM-0982,W01,11,-24,1,10,1.1752,0.8789
HVM-0982,W01,12,-24,1,10,1.2239,0.8823
HVM-0982,W01,13,-24,1,10,1.2111,0.8818
HVM-0982,W01,14,-24,1,10,1.1998,0.9085
HVM-0982,W01,15,-24,1,10,1.2542,0.9384
HVM-0982,W01,16,-24,1,10,1.2125,0.9194
HVM-0982,W01,17,-24,1,10,1.2297,0.8764
HVM-0982,W01,18,-24,1,10,1.2355,0.9092
HVM-0982,W01,19,-24,1,10,1.1957,0.9039
HVM-0982,W01,20,-24,1,10,1.2105,0.9230
HVM-0982,W01,21,-24,1,10,1.2085,0.9699
HVM-0982,W01,22,-24,1,10,1.2160,0.9299
HVM-0982,W01,23,-24,1,10,1.2288,0.9170
HVM-0982,W01,24,-24,1,10,1.2456,0.9477
HVM-0982,W01,25,-24,1,10,1.2662,0.8983
HVM-0982,W01,26,-24,1,10,1.2363,0.9476
HVM-0982,W01,27,-24,1,10,1.2506,0.9473
HVM-0982,W01,28,-24,1,10,1.2241,0.9546
HVM-0982,W01,29,-24,1,10,1.2745,0.9683
HVM-0982,W01,30,-24,1,10,1.2436,0.9526
HVM-0982,W01,31,-24,1,10,1.2004,0.9144
HVM-0982,W01,32,-24,2,30,1.1970,0.9334
HVM-0982,W01,33,-24,1,10,1.2557,0.9360
HVM-0982,W01,34,-24,1,10,1.2574,0.9664
HVM-0982,W01,35,-24,1,10,1.2794,0.9335
HVM-0982,W01,36,-24,1,10,1.2815,0.9645
HVM-0982,W01,37,-24,1,10,1.2896,1.0105
HVM-0982,W01,38,-24,1,10,1.2978,0.9860
HVM-0982,W01,39,-24,1,10,1.2530,0.9321
HVM-0982,W01,40,-24,1,10,1.2683,0.9406
HVM-0982,W01,41,-24,1,10,1.2739,0.9306
HVM-0982,W01,42,-24,1,10,1.2673,0.9347
HVM-0982,W01,43,-24,1,10,1.2847,0.9683
HVM-0982,W01,44,-24,2,21,1.2681,0.9498
HVM-0982,W01,45,-24,2,21,1.2938,0.9917
HVM-0982,W01,-45,-23,4,31,1.0592,0.9828
HVM-0982,W01,-44,-23,1,10,1.0615,0.9810
HVM-0982,W01,-43,-23,1,10,1.0579,0.9621
HVM-0982,W01,-42,-23,1,10,1.0580,0.9477
HVM-0982,W01,-41,-23,1,10,1.0349,0.9409
HVM-0982,W01,-40,-23,1,10,1.0236,0.9373
HVM-0982,W01,-39,-23,1,10,1.0791,0.9739
HVM-0982,W01,-38,-23,1,10,1.0099,0.9386
HVM-0982,W01,-37,-23,1,10,1.0650,0.9348
HVM-0982,W01,-36,-23,1,10,1.0311,0.9730
HVM-0982,W01,-35,-23,1,10,1.0527,0.9787
HVM-0982,W01,-34,-23,1,10,1.0652,0.9669
HVM-0982,W01,-33,-23,1,10,1.1100,0.9204
HVM-0982,W01,-32,-23,1,10,1.0743,0.9122
HVM-0982,W01,-31,-23,1,10,1.0459,0.9437
HVM-0982,W01,-30,-23,1,10,1.1189,0.9503
HVM-0982,W01,-29,-23,1,10,1.0652,0.9215
HVM-0982,W01,-28,-23,1,10,1.0675,0.9070
HVM-0982,W01,-27,-23,1,10,1.0641,0.9742
HVM-0982,W01,-26,-23,1,10,1.0763,0.9357
HVM-0982,W01,-25,-23,1,10,1.1064,0.8660
HVM-0982,W01,-24,-23,1,10,1.0883,0.8884
HVM-0982,W01,-23,-23,4,30,1.1059,0.9302
HVM-0982,W01,-22,-23,1,10,1.0804,0.9540
HVM-0982,W01,-21,-23,1,10,1.0689,0.8928
HVM-0982,W01,-20,-23,1,10,1.0768,0.9196
HVM-0982,W01,-19,-23,1,10,1.0895,0.9215
HVM-0982,W01,-18,-23,1,10,1.1128,0.8766
HVM-0982,W01,-17,-23,1,10,1.0959,0.9022
HVM-0982,W01,-16,-23,1,10,1.1095,0.9044
HVM-0982,W01,-15,-23,1,10,1.0300,0.9005
HVM-0982,W01,-14,-23,1,10,1.0700,0.8771
HVM-0982,W01,-13,-23,1,10,1.1481,0.9029
HVM-0982,W01,-12,-23,1,10,1.1430,0.8946
HVM-0982,W01,-11,-23,1,10,1.1179,0.9036
HVM-0982,W01,-10,-23,1,10,1.1579,0.8507
HVM-0982,W01,-9,-23,1,10,1.1416,0.9330
HVM-0982,W01,-8,-23,1,10,1.1421,0.9051
HVM-0982,W01,-7,-23,1,10,1.1473,0.8773
HVM-0982,W01,-6,-23,2,31,1.1796,0.9615
HVM-0982,W01,-5,-23,1,10,1.1269,0.8773
HVM-0982,W01,-4,-23,1,10,1.1638,0.9172
HVM-0982,W01,-3,-23,1,10,1.1983,0.8924
HVM-0982,W01,-2,-23,2,21,1.2124,0.8716
HVM-0982,W01,-1,-23,1,10,1.1476,0.8816
HVM-0982,W01,0,-23,1,10,1.2054,0.9291
HVM-0982,W01,1,-23,1,10,1.1790,0.8631
HVM-0982,W01,2,-23,1,10,1.1291,0.9017
HVM-0982,W01,3,-23,1,10,1.2125,0.9172
HVM-0982,W01,4,-23,1,10,1.1964,0.9206
HVM-0982,W01,5,-23,2,20,1.1990,0.9302
HVM-0982,W01,6,-23,1,10,1.1768,0.8505
HVM-0982,W01,7,-23,1,10,1.2073,0.8654
HVM-0982,W01,8,-23,1,10,1.2239,0.8716
HVM-0982,W01,9,-23,1,10,1.1768,0.8779
HVM-0982,W01,10,-23,1,10,1.1977,0.8811
HVM-0982,W01,11,-23,1,10,1.2044,0.9351
HVM-0982,W01,12,-23,1,10,1.2255,0.9021
HVM-0982,W01,13,-23,1,10,1.1809,0.8992
HVM-0982,W01,14,-23,1,10,1.2123,0.8803
HVM-0982,W01,15,-23,1,10,1.1742,0.9313
HVM-0982,W01,16,-23,1,10,1.2171,0.9104
HVM-0982,W01,17,-23,1,10,1.2872,0.8897
HVM-0982,W01,18,-23,1,10,1.2248,0.9339
HVM-0982,W01,19,-23,1,10,1.2088,0.9188
HVM-0982,W01,20,-23,1,10,1.2669,0.9123
HVM-0982,W01,21,-23,1,10,1.2440,0.9520
HVM-0982,W01,22,-23,1,10,1.1933,0.9092
HVM-0982,W01,23,-23,1,10,1.2340,0.9449
HVM-0982,W01,24,-23,1,10,1.2475,0.8606
HVM-0982,W01,25,-23,1,10,1.2067,0.8910
HVM-0982,W01,26,-23,1,10,1.2528,0.9417
HVM-0982,W01,27,-23,1,10,1.2668,0.9131
HVM-0982,W01,28,-23,1,10,1.2583,0.9451
HVM-0982,W01,29,-23,1,10,1.2859,0.9400
HVM-0982,W01,30,-23,1,10,1.2765,0.9595
HVM-0982,W01,31,-23,1,10,1.2573,0.9199
HVM-0982,W01,32,-23,1,10,1.2315,0.9697
HVM-0982,W01,33,-23,1,10,1.2666,0.9437
HVM-0982,W01,34,-23,1,10,1.3220,0.9134
HVM-0982,W01,35,-23,1,10,1.2731,0.9502
HVM-0982,W01,36,-23,1,10,1.2499,0.9722
HVM-0982,W01,37,-23,1,10,1.3214,0.9807
HVM-0982,W01,38,-23,1,10,1.2574,0.9087
HVM-0982,W01,39,-23,1,10,1.2841,0.9616
HVM-0982,W01,40,-23,1,10,1.2763,1.0231
HVM-0982,W01,41,-23,1,10,1.2631,0.9270
HVM-0982,W01,42,-23,1,10,1.2640,0.9974
HVM-0982,W01,43,-23,4,20,1.3014,0.9464
HVM-0982,W01,44,-23,1,10,1.2957,0.9745
HVM-0982,W01,45,-23,1,10,1.2958,1.0215
HVM-0982,W01,-45,-22,4,30,1.0007,0.9854
HVM-0982,W01,-44,-22,1,10,1.0148,0.9660
HVM-0982,W01,-43,-22,1,10,1.0476,0.9479
HVM-0982,W01,-42,-22,1,10,1.0228,0.9608
HVM-0982,W01,-41,-22,1,10,1.0549,0.9404
HVM-0982,W01,-40,-22,1,10,1.0622,0.9303
HVM-0982,W01,-39,-22,1,10,1.0578,0.9482
HVM-0982,W01,-38,-22,1,10,1.0120,1.0061
HVM-0982,W01,-37,-22,1,10,1.0360,0.9380
HVM-0982,W01,-36,-22,1,10,1.0631,0.9436
HVM-0982,W01,-35,-22,1,10,1.0733,0.9360
HVM-0982,W01,-34,-22,1,10,1.0199,0.9365
HVM-0982,W01,-33,-22,1,10,1.0706,0.9503
HVM-0982,W01,-32,-22,1,10,1.0662,0.9424
HVM-0982,W01,-31,-22,1,10,1.0805,0.9346
HVM-0982,W01,-30,-22,1,10,1.0605,0.9573
HVM-0982,W01,-29,-22,1,10,1.0538,0.8914
HVM-0982,W01,-28,-22,1,10,1.0704,0.8704
HVM-0982,W01,-27,-22,1,10,1.0938,0.9390
HVM-0982,W01,-26,-22,1,10,1.1617,0.9370
HVM-0982,W01,-25,-22,1,10,1.0742,0.8980
HVM-0982,W01,-24,-22,1,10,1.1024,0.8841
HVM-0982,W01,-23,-22,1,10,1.0718,0.9446
HVM-0982,W01,-22,-22,1,10,1.1271,0.9173
HVM-0982,W01,-21,-22,1,10,1.1290,0.9219
HVM-0982,W01,-20,-22,1,10,1.1082,0.8776
HVM-0982,W01,-19,-22,1,10,1.1158,0.8794
HVM-0982,W01,-18,-22,1,10,1.1056,0.9122
HVM-0982,W01,-17,-22,1,10,1.1373,0.8616
HVM-0982,W01,-16,-22,1,10,1.1445,0.8977
HVM-0982,W01,-15,-22,1,10,1.1305,0.8892
HVM-0982,W01,-14,-22,1,10,1.1170,0.8953
HVM-0982,W01,-13,-22,1,10,1.1343,0.9204
HVM-0982,W01,-12,-22,1,10,1.1773,0.8971
HVM-0982,W01,-11,-22,1,10,1.1164,0.8939
HVM-0982,W01,-10,-22,1,10,1.1292,0.9464
HVM-0982,W01,-9,-22,1,10,1.1145,0.8994
HVM-0982,W01,-8,-22,1,10,1.1423,0.9251
HVM-0982,W01,-7,-22,1,10,1.1560,0.8903
HVM-0982,W01,-6,-22,1,10,1.1694,0.8590
HVM-0982,W01,-5,-22,1,10,1.1715,0.9272
HVM-0982,W01,-4,-22,1,10,1.1744,0.9025
HVM-0982,W01,-3,-22,1,10,1.1307,0.9070
HVM-0982,W01,-2,-22,1,10,1.1906,0.9011
HVM-0982,W01,-1,-22,1,10,1.1934,0.9026
HVM-0982,W01,0,-22,1,10,1.1253,0.8610
HVM-0982,W01,1,-22,1,10,1.1418,0.8689
HVM-0982,W01,2,-22,1,10,1.1731,0.8678
HVM-0982,W01,3,-22,1,10,1.1723,0.8690
HVM-0982,W01,4,-22,1,10,1.1720,0.8557
HVM-0982,W01,5,-22,1,10,1.1716,0.8792
HVM-0982,W01,6,-22,1,10,1.2054,0.9032
HVM-0982,W01,7,-22,2,21,1.1972,0.9249
HVM-0982,W01,8,-22,1,10,1.2089,0.9320
HVM-0982,W01,9,-22,1,10,1.1571,0.9251
HVM-0982,W01,10,-22,1,10,1.2005,0.8921
HVM-0982,W01,11,-22,1,10,1.2087,0.9235
HVM-0982,W01,12,-22,1,10,1.1689,0.8760
HVM-0982,W01,13,-22,1,10,1.2509,0.9008
HVM-0982,W01,14,-22,1,10,1.2217,0.9234
HVM-0982,W01,15,-22,1,10,1.2078,0.8822
HVM-0982,W01,16,-22,1,10,1.2477,0.8927
HVM-0982,W01,17,-22,1,10,1.1577,0.9273
HVM-0982,W01,18,-22,1,10,1.2313,0.9310
HVM-0982,W01,19,-22,1,10,1.2065,0.9222
HVM-0982,W01,20,-22,1,10,1.2333,0.8851
HVM-0982,W01,21,-22,1,10,1.1902,0.8961
HVM-0982,W01,22,-22,1,10,1.2433,0.8978
HVM-0982,W01,23,-22,1,10,1.3084,0.9268
HVM-0982,W01,24,-22,1,10,1.2025,0.8996
HVM-0982,W01,25,-22,1,10,1.2502,0.9266
HVM-0982,W01,26,-22,1,10,1.2344,0.9320
HVM-0982,W01,27,-22,1,10,1.2179,0.9097
HVM-0982,W01,28,-22,1,10,1.2536,0.9442
HVM-0982,W01,29,-22,1,10,1.2708,0.9305
HVM-0982,W01,30,-22,1,10,1.3060,0.9393
HVM-0982,W01,31,-22,1,10,1.2761,0.9718
HVM-0982,W01,32,-22,1,10,1.2635,0.9673
HVM-0982,W01,33,-22,1,10,1.2919,0.9086
HVM-0982,W01,34,-22,1,10,1.2235,0.9110
HVM-0982,W01,35,-22,1,10,1.2717,0.9480
HVM-0982,W01,36,-22,1,10,1.2826,0.9482
HVM-0982,W01,37,-22,1,10,1.3005,0.9530
HVM-0982,W01,38,-22,1,10,1.2909,0.9527
HVM-0982,W01,39,-22,1,10,1.2963,0.9825
HVM-0982,W01,40,-22,1,10,1.3159,0.9839
HVM-0982,W01,41,-22,1,10,1.2804,0.9498
HVM-0982,W01,42,-22,1,10,1.2686,0.9871
HVM-0982,W01,43,-22,1,10,1.3025,1.0013
HVM-0982,W01,44,-22,2,20,1.3168,1.0006
HVM-0982,W01,45,-22,2,31,1.3319,0.9746
HVM-0982,W01,-45,-21,1,10,1.0876,0.9498
HVM-0982,W01,-44,-21,1,10,1.0071,0.9552
HVM-0982,W01,-43,-21,1,10,1.0584,0.9409
HVM-0982,W01,-42,-21,1,10,1.1211,0.9929
HVM-0982,W01,-41,-21,1,10,1.0321,0.9416
HVM-0982,W01,-40,-21,1,10,1.0759,0.9229
HVM-0982,W01,-39,-21,1,10,1.0438,0.9518
HVM-0982,W01,-38,-21,1,10,1.0303,0.9361
HVM-0982,W01,-37,-21,1,10,1.0980,0.9790
HVM-0982,W01,-36,-21,1,10,1.0651,0.9292
HVM-0982,W01,-35,-21,1,10,1.0917,0.9618
HVM-0982,W01,-34,-21,1,10,1.0801,0.9303
HVM-0982,W01,-33,-21,1,10,1.0509,0.9299
HVM-0982,W01,-32,-21,1,10,1.0564,0.9630
HVM-0982,W01,-31,-21,1,10,1.1011,0.9391
HVM-0982,W01,-30,-21,1,10,1.0936,0.9100
HVM-0982,W01,-29,-21,1,10,1.0701,0.9283
HVM-0982,W01,-28,-21,1,10,1.0909,0.9431
HVM-0982,W01,-27,-21,1,10,1.0737,0.9261
HVM-0982,W01,-26,-21,1,10,1.0705,0.9180
HVM-0982,W01,-25,-21,1,10,1.0998,0.9608
HVM-0982,W01,-24,-21,1,10,1.0705,0.8997
HVM-0982,W01,-23,-21,1,10,1.0935,0.8779
HVM-0982,W01,-22,-21,2,30,1.1196,0.8918
HVM-0982,W01,-21,-21,1,10,1.1286,0.9658
HVM-0982,W01,-20,-21,1,10,1.0767,0.9076
HVM-0982,W01,-19,-21,1,10,1.1393,0.9106
HVM-0982,W01,-18,-21,1,10,1.0540,0.8786
HVM-0982,W01,-17,-21,1,10,1.1117,0.9037
HVM-0982,W01,-16,-21,1,10,1.1353,0.9208
HVM-0982,W01,-15,-21,1,10,1.1158,0.9047
HVM-0982,W01,-14,-21,1,10,1.1388,0.8941
HVM-0982,W01,-13,-21,1,10,1.1198,0.9524
HVM-0982,W01,-12,-21,1,10,1.1298,0.8941
HVM-0982,W01,-11,-21,1,10,1.1231,0.8946
HVM-0982,W01,-10,-21,1,10,1.0834,0.8656
HVM-0982,W01,-9,-21,1,10,1.1358,0.8531
HVM-0982,W01,-8,-21,1,10,1.1498,0.8607
HVM-0982,W01,-7,-21,1,10,1.1723,0.9028
HVM-0982,W01,-6,-21,1,10,1.1570,0.8528
HVM-0982,W01,-5,-21,1,10,1.1319,0.8662
HVM-0982,W01,-4,-21,1,10,1.1848,0.9188
HVM-0982,W01,-3,-21,1,10,1.1328,0.9277
HVM-0982,W01,-2,-21,1,10,1.1823,0.9270
HVM-0982,W01,-1,-21,1,10,1.1557,0.8793
HVM-0982,W01,0,-21,1,10,1.1797,0.8598
HVM-0982,W01,1,-21,1,10,1.1907,0.8677
HVM-0982,W01,2,-21,1,10,1.2433,0.8861
HVM-0982,W01,3,-21,1,10,1.1338,0.9156
HVM-0982,W01,4,-21,1,10,1.1971,0.8996
HVM-0982,W01,5,-21,1,10,1.2034,0.8555
HVM-0982,W01,6,-21,4,31,1.1581,0.9218
HVM-0982,W01,7,-21,1,10,1.2251,0.8772
HVM-0982,W01,8,-21,1,10,1.1843,0.9070
HVM-0982,W01,9,-21,1,10,1.1756,0.8933
HVM-0982,W01,10,-21,1,10,1.2275,0.9075
HVM-0982,W01,11,-21,1,10,1.2202,0.8984
HVM-0982,W01,12,-21,1,10,1.1642,0.9038
HVM-0982,W01,13,-21,1,10,1.1593,0.9408
HVM-0982,W01,14,-21,1,10,1.1947,0.8918
HVM-0982,W01,15,-21,1,10,1.2298,0.9000
HVM-0982,W01,16,-21,1,10,1.2699,0.8976
HVM-0982,W01,17,-21,1,10,1.2467,0.8805
HVM-0982,W01,18,-21,1,10,1.2415,0.9158
HVM-0982,W01,19,-21,1,10,1.2223,0.8814
HVM-0982,W01,20,-21,1,10,1.2192,0.9319
HVM-0982,W01,21,-21,1,10,1.2807,0.9295
HVM-0982,W01,22,-21,1,10,1.2260,0.9454
HVM-0982,W01,23,-21,1,10,1.2123,0.9276
HVM-0982,W01,24,-21,1,10,1.2491,0.8818
HVM-0982,W01,25,-21,1,10,1.2489,0.9178
HVM-0982,W01,26,-21,1,10,1.2525,0.9186
HVM-0982,W01,27,-21,1,10,1.2538,0.9060
HVM-0982,W01,28,-21,1,10,1.2573,0.9170
HVM-0982,W01,29,-21,1,10,1.2356,0.9432
HVM-0982,W01,30,-21,1,10,1.2845,0.9104
HVM-0982,W01,31,-21,1,10,1.2921,0.9301
HVM-0982,W01,32,-21,1,10,1.2604,0.8988
HVM-0982,W01,33,-21,1,10,1.2797,0.9641
HVM-0982,W01,34,-21,1,10,1.2269,1.0042
HVM-0982,W01,35,-21,1,10,1.2766,0.9351
HVM-0982,W01,36,-21,1,10,1.2550,0.9124
HVM-0982,W01,37,-21,1,10,1.3424,0.9163
HVM-0982,W01,38,-21,1,10,1.2877,0.8990
HVM-0982,W01,39,-21,1,10,1.2872,0.9427
HVM-0982,W01,40,-21,1,10,1.2749,0.9146
HVM-0982,W01,41,-21,1,10,1.2714,0.9771
HVM-0982,W01,42,-21,1,10,1.2861,0.9791
HVM-0982,W01,43,-21,1,10,1.2976,0.8887
HVM-0982,W01,44,-21,1,10,1.3196,0.9561
HVM-0982,W01,45,-21,1,10,1.2909,0.9937
HVM-0982,W01,-46,-20,1,10,1.0898,1.0021
HVM-0982,W01,-45,-20,3,30,1.0362,0.9898
HVM-0982,W01,-44,-20,1,10,1.0235,0.9566
HVM-0982,W01,-43,-20,1,10,1.0354,0.9655
HVM-0982,W01,-42,-20,1,10,1.0400,0.9216
HVM-0982,W01,-41,-20,1,10,1.0994,0.9592
HVM-0982,W01,-40,-20,1,10,1.0435,0.9699
HVM-0982,W01,-39,-20,1,10,1.0620,0.9918
HVM-0982,W01,-38,-20,1,10,1.0411,0.9436
HVM-0982,W01,-37,-20,1,10,1.0614,0.9579
HVM-0982,W01,-36,-20,1,10,1.0979,0.9401
HVM-0982,W01,-35,-20,1,10,1.0671,0.9449
HVM-0982,W01,-34,-20,1,10,1.0760,0.9109
HVM-0982,W01,-33,-20,1,10,1.0466,0.9005
HVM-0982,W01,-32,-20,1,10,1.0591,0.9039
HVM-0982,W01,-31,-20,1,10,1.0845,0.9485
HVM-0982,W01,-30,-20,1,10,1.1276,0.9233
HVM-0982,W01,-29,-20,1,10,1.0467,0.9707
HVM-0982,W01,-28,-20,1,10,1.0932,0.9021
HVM-0982,W01,-27,-20,1,10,1.0281,0.8971
HVM-0982,W01,-26,-20,1,10,1.1327,0.9260
HVM-0982,W01,-25,-20,1,10,1.1059,0.9276
HVM-0982,W01,-24,-20,1,10,1.0818,0.9426
HVM-0982,W01,-23,-20,1,10,1.1421,0.8970
HVM-0982,W01,-22,-20,1,10,1.1402,0.9682
HVM-0982,W01,-21,-20,1,10,1.0945,0.9002
HVM-0982,W01,-20,-20,1,10,1.0545,0.9370
HVM-0982,W01,-19,-20,1,10,1.1219,0.9250
HVM-0982,W01,-18,-20,1,10,1.1368,0.8858
HVM-0982,W01,-17,-20,1,10,1.1324,0.9275
HVM-0982,W01,-16,-20,1,10,1.0497,0.8856
HVM-0982,W01,-15,-20,1,10,1.1581,0.9251
HVM-0982,W01,-14,-20,1,10,1.1061,0.8877
HVM-0982,W01,-13,-20,1,10,1.1209,0.8870
HVM-0982,W01,-12,-20,1,10,1.1612,0.8871
HVM-0982,W01,-11,-20,1,10,1.1366,0.8855
HVM-0982,W01,-10,-20,1,10,1.1526,0.9309
HVM-0982,W01,-9,-20,1,10,1.1307,0.8789
HVM-0982,W01,-8,-20,1,10,1.1939,0.8931
HVM-0982,W01,-7,-20,1,10,1.1515,0.8900
HVM-0982,W01,-6,-20,1,10,1.1447,0.8410
HVM-0982,W01,-5,-20,1,10,1.1802,0.9099
HVM-0982,W01,-4,-20,1,10,1.1257,0.8689
HVM-0982,W01,-3,-20,1,10,1.1640,0.8999
HVM-0982,W01,-2,-20,1,10,1.1718,0.8725
HVM-0982,W01,-1,-20,1,10,1.1907,0.9070
HVM-0982,W01,0,-20,1,10,1.1630,0.9079
HVM-0982,W01,1,-20,2,21,1.1649,0.9034
HVM-0982,W01,2,-20,1,10,1.2161,0.8854
HVM-0982,W01,3,-20,1,10,1.1900,0.9101
HVM-0982,W01,4,-20,1,10,1.1882,0.9513
HVM-0982,W01,5,-20,1,10,1.1536,0.8666
HVM-0982,W01,6,-20,1,10,1.1521,0.9006
HVM-0982,W01,7,-20,1,10,1.1691,0.9166
HVM-0982,W01,8,-20,1,10,1.1701,0.8487
HVM-0982,W01,9,-20,1,10,1.1936,0.8625
HVM-0982,W01,10,-20,1,10,1.1733,0.8645
HVM-0982,W01,11,-20,1,10,1.1739,0.8820
HVM-0982,W01,12,-20,1,10,1.2447,0.8672
HVM-0982,W01,13,-20,1,10,1.2014,0.8610
HVM-0982,W01,14,-20,1,10,1.2191,0.8230
HVM-0982,W01,15,-20,1,10,1.1849,0.9640
HVM-0982,W01,16,-20,1,10,1.2539,0.8944
HVM-0982,W01,17,-20,1,10,1.1903,0.9023
HVM-0982,W01,18,-20,1,10,1.2334,0.8835
HVM-0982,W01,19,-20,1,10,1.2184,0.8727
HVM-0982,W01,20,-20,1,10,1.2171,0.8965
HVM-0982,W01,21,-20,1,10,1.2688,0.8918
HVM-0982,W01,22,-20,1,10,1.2457,0.8942
HVM-0982,W01,23,-20,1,10,1.2436,0.9418
HVM-0982,W01,24,-20,1,10,1.2448,0.8934
HVM-0982,W01,25,-20,1,10,1.2357,0.8988
HVM-0982,W01,26,-20,1,10,1.2287,0.9156
HVM-0982,W01,27,-20,1,10,1.2453,0.9549
HVM-0982,W01,28,-20,1,10,1.2347,0.9206
HVM-0982,W01,29,-20,1,10,1.3197,0.9358
HVM-0982,W01,30,-20,1,10,1.2598,0.9217
HVM-0982,W01,31,-20,1,10,1.2589,0.9423
HVM-0982,W01,32,-20,1,10,1.2646,0.9310
HVM-0982,W01,33,-20,1,10,1.2569,0.9573
HVM-0982,W01,34,-20,1,10,1.2752,0.9750
HVM-0982,W01,35,-20,1,10,1.3033,0.9425
HVM-0982,W01,36,-20,1,10,1.2634,0.9162
HVM-0982,W01,37,-20,1,10,1.3081,0.9617
HVM-0982,W01,38,-20,1,10,1.2544,0.9315
HVM-0982,W01,39,-20,1,10,1.3013,0.9469
HVM-0982,W01,40,-20,1,10,1.2794,0.9423
HVM-0982,W01,41,-20,1,10,1.3065,0.9850
HVM-0982,W01,42,-20,1,10,1.2501,0.9691
HVM-0982,W01,43,-20,1,10,1.3034,0.9388
HVM-0982,W01,44,-20,1,10,1.2882,0.9443
HVM-0982,W01,45,-20,1,10,1.2887,0.9492
HVM-0982,W01,46,-20,1,10,1.2838,0.9749
HVM-0982,W01,-46,-19,1,10,0.9879,0.9615
HVM-0982,W01,-45,-19,1,10,1.0539,0.9974
HVM-0982,W01,-44,-19,1,10,1.0518,0.9639
HVM-0982,W01,-43,-19,1,10,1.0180,0.9736
HVM-0982,W01,-42,-19,1,10,1.0494,0.9700
HVM-0982,W01,-41,-19,1,10,1.0118,0.9314
HVM-0982,W01,-40,-19,1,10,1.0436,0.9796
HVM-0982,W01,-39,-19,1,10,1.0898,0.9514
HVM-0982,W01,-38,-19,1,10,1.0425,0.9817
HVM-0982,W01,-37,-19,1,10,1.0247,0.9445
HVM-0982,W01,-36,-19,1,10,1.0396,0.9711
HVM-0982,W01,-35,-19,1,10,1.0272,0.9308
HVM-0982,W01,-34,-19,1,10,1.1024,0.9503
HVM-0982,W01,-33,-19,1,10,1.1181,0.9309
HVM-0982,W01,-32,-19,1,10,1.0782,0.9533
HVM-0982,W01,-31,-19,1,10,1.1054,0.8975
HVM-0982,W01,-30,-19,1,10,1.1375,0.9648
HVM-0982,W01,-29,-19,1,10,1.0694,0.9015
HVM-0982,W01,-28,-19,1,10,1.0855,0.8980
HVM-0982,W01,-27,-19,1,10,1.1173,0.9484
HVM-0982,W01,-26,-19,1,10,1.1272,0.8982
HVM-0982,W01,-25,-19,1,10,1.1070,0.9122
HVM-0982,W01,-24,-19,1,10,1.0858,0.8855
HVM-0982,W01,-23,-19,1,10,1.0709,0.8815
HVM-0982,W01,-22,-19,1,10,1.1022,0.9045
HVM-0982,W01,-21,-19,1,10,1.0895,0.9113
HVM-0982,W01,-20,-19,1,10,1.0720,0.9196
HVM-0982,W01,-19,-19,1,10,1.0988,0.9137
HVM-0982,W01,-18,-19,1,10,1.1174,0.9102
HVM-0982,W01,-17,-19,1,10,1.1026,0.8845
HVM-0982,W01,-16,-19,1,10,1.1269,0.9194
HVM-0982,W01,-15,-19,1,10,1.0946,0.9459
HVM-0982,W01,-14,-19,1,10,1.1681,0.9177
HVM-0982,W01,-13,-19,1,10,1.1131,0.8700
HVM-0982,W01,-12,-19,1,10,1.1472,0.9197
HVM-0982,W01,-11,-19,1,10,1.1319,0.8745
HVM-0982,W01,-10,-19,1,10,1.1418,0.8905
HVM-0982,W01,-9,-19,1,10,1.1642,0.9118
HVM-0982,W01,-8,-19,1,10,1.1143,0.9555
HVM-0982,W01,-7,-19,1,10,1.1519,0.8789
HVM-0982,W01,-6,-19,1,10,1.1410,0.9145
HVM-0982,W01,-5,-19,1,10,1.1249,0.8786
HVM-0982,W01,-4,-19,1,10,1.1712,0.8839
HVM-0982,W01,-3,-19,1,10,1.1758,0.8400
HVM-0982,W01,-2,-19,1,10,1.1839,0.9399
HVM-0982,W01,-1,-19,1,10,1.1867,0.8674
HVM-0982,W01,0,-19,1,10,1.1533,0.8415
HVM-0982,W01,1,-19,1,10,1.1587,0.9173
HVM-0982,W01,2,-19,1,10,1.1837,0.8875
HVM-0982,W01,3,-19,1,10,1.1678,0.9044
HVM-0982,W01,4,-19,1,10,1.1593,0.8723
HVM-0982,W01,5,-19,1,10,1.1709,0.9202
HVM-0982,W01,6,-19,1,10,1.2084,0.8352
HVM-0982,W01,7,-19,1,10,1.1752,0.9226
HVM-0982,W01,8,-19,1,10,1.2024,0.9128
HVM-0982,W01,9,-19,1,10,1.2077,0.8949
HVM-0982,W01,10,-19,1,10,1.2172,0.9072
HVM-0982,W01,11,-19,2,30,1.1789,0.8894
HVM-0982,W01,12,-19,1,10,1.2229,0.8951
HVM-0982,W01,13,-19,1,10,1.1952,0.9366
HVM-0982,W01,14,-19,1,10,1.2407,0.9421
HVM-0982,W01,15,-19,1,10,1.2302,0.8574
HVM-0982,W01,16,-19,1,10,1.1690,0.8889
HVM-0982,W01,17,-19,1,10,1.1784,0.9148
HVM-0982,W01,18,-19,1,10,1.2337,0.8767
HVM-0982,W01,19,-19,1,10,1.2282,0.9095
HVM-0982,W01,20,-19,1,10,1.2880,0.8922
HVM-0982,W01,21,-19,1,10,1.2361,0.8849
HVM-0982,W01,22,-19,1,10,1.2534,0.8697
HVM-0982,W01,23,-19,1,10,1.1883,0.8826
HVM-0982,W01,24,-19,1,10,1.2453,0.9323
HVM-0982,W01,25,-19,1,10,1.2249,0.8792
HVM-0982,W01,26,-19,1,10,1.2600,0.8984
HVM-0982,W01,27,-19,1,10,1.2669,0.8989
HVM-0982,W01,28,-19,1,10,1.2792,0.9372
HVM-0982,W01,29,-19,1,10,1.2942,0.9623
HVM-0982,W01,30,-19,1,10,1.2683,0.9840
HVM-0982,W01,31,-19,1,10,1.2809,0.9359
HVM-0982,W01,32,-19,1,10,1.3049,0.9373
HVM-0982,W01,33,-19,1,10,1.2693,0.9167
HVM-0982,W01,34,-19,1,10,1.3063,0.9983
HVM-0982,W01,35,-19,1,10,1.2868,0.9015
HVM-0982,W01,36,-19,1,10,1.2762,0.9835
HVM-0982,W01,37,-19,1,10,1.2727,0.9464
HVM-0982,W01,38,-19,1,10,1.3155,0.9947
HVM-0982,W01,39,-19,1,10,1.2576,0.9603
HVM-0982,W01,40,-19,1,10,1.2781,0.9498
HVM-0982,W01,41,-19,1,10,1.2465,0.9258
HVM-0982,W01,42,-19,2,20,1.3201,0.9404
HVM-0982,W01,43,-19,1,10,1.3435,0.9299
HVM-0982,W01,44,-19,1,10,1.3253,0.9590
HVM-0982,W01,45,-19,1,10,1.2927,0.9945
HVM-0982,W01,46,-19,2,20,1.3059,0.9593
HVM-0982,W01,-46,-18,2,21,1.0468,0.9505
HVM-0982,W01,-45,-18,1,10,1.0303,0.9496
HVM-0982,W01,-44,-18,1,10,1.0220,0.9239
HVM-0982,W01,-43,-18,1,10,1.0115,0.9450
HVM-0982,W01,-42,-18,1,10,1.0427,0.8991
HVM-0982,W01,-41,-18,1,10,1.0287,0.9225
HVM-0982,W01,-40,-18,1,10,1.0392,0.9475
HVM-0982,W01,-39,-18,1,10,1.0727,0.9729
HVM-0982,W01,-38,-18,1,10,1.0993,0.9570
HVM-0982,W01,-37,-18,1,10,1.1124,0.9486
HVM-0982,W01,-36,-18,1,10,1.0590,0.9428
HVM-0982,W01,-35,-18,2,20,1.0291,0.9475
HVM-0982,W01,-34,-18,1,10,1.0546,0.9354
HVM-0982,W01,-33,-18,1,10,1.1068,0.9368
HVM-0982,W01,-32,-18,1,10,1.1020,0.9266
HVM-0982,W01,-31,-18,1,10,1.0723,0.8973
HVM-0982,W01,-30,-18,1,10,1.0684,0.9278
HVM-0982,W01,-29,-18,1,10,1.0505,0.9570
HVM-0982,W01,-28,-18,1,10,1.0844,0.9145
HVM-0982,W01,-27,-18,1,10,1.0713,0.9439
HVM-0982,W01,-26,-18,1,10,1.1043,0.8698
HVM-0982,W01,-25,-18,2,21,1.1221,0.9151
HVM-0982,W01,-24,-18,1,10,1.1172,0.9389
HVM-0982,W01,-23,-18,1,10,1.1043,0.9069
HVM-0982,W01,-22,-18,1,10,1.0958,0.9386
HVM-0982,W01,-21,-18,4,21,1.0618,0.8457
HVM-0982,W01,-20,-18,1,10,1.1508,0.9293
HVM-0982,W01,-19,-18,4,21,1.1266,0.9178
HVM-0982,W01,-18,-18,2,31,1.1137,0.9203
HVM-0982,W01,-17,-18,1,10,1.0933,0.8765
HVM-0982,W01,-16,-18,1,10,1.1191,0.9449
HVM-0982,W01,-15,-18,1,10,1.1465,0.8756
HVM-0982,W01,-14,-18,1,10,1.1518,0.9069
HVM-0982,W01,-13,-18,1,10,1.0955,0.9025
HVM-0982,W01,-12,-18,1,10,1.1311,0.8619
HVM-0982,W01,-11,-18,1,10,1.1164,0.9043
HVM-0982,W01,-10,-18,1,10,1.1454,0.8903
HVM-0982,W01,-9,-18,1,10,1.1200,0.8793
HVM-0982,W01,-8,-18,1,10,1.1233,0.8865
HVM-0982,W01,-7,-18,1,10,1.1589,0.8504
HVM-0982,W01,-6,-18,1,10,1.1509,0.9126
HVM-0982,W01,-5,-18,1,10,1.1442,0.8618
HVM-0982,W01,-4,-18,1,10,1.1693,0.8991
HVM-0982,W01,-3,-18,1,10,1.1582,0.8886
HVM-0982,W01,-2,-18,1,10,1.1701,0.8866
HVM-0982,W01,-1,-18,1,10,1.1909,0.8297
HVM-0982,W01,0,-18,1,10,1.1985,0.9156
HVM-0982,W01,1,-18,1,10,1.1766,0.8676
HVM-0982,W01,2,-18,1,10,1.1842,0.9076
HVM-0982,W01,3,-18,1,10,1.1561,0.9056
HVM-0982,W01,4,-18,1,10,1.1620,0.8669
HVM-0982,W01,5,-18,1,10,1.1842,0.8649
HVM-0982,W01,6,-18,1,10,1.1688,0.8601
HVM-0982,W01,7,-18,1,10,1.1459,0.8726
HVM-0982,W01,8,-18,1,10,1.2277,0.8530
HVM-0982,W01,9,-18,3,21,1.1906,0.9075
HVM-0982,W01,10,-18,1,10,1.1882,0.9142
HVM-0982,W01,11,-18,1,10,1.1906,0.9325
HVM-0982,W01,12,-18,1,10,1.2588,0.8780
HVM-0982,W01,13,-18,1,10,1.2062,0.9232
HVM-0982,W01,14,-18,1,10,1.2383,0.8708
HVM-0982,W01,15,-18,1,10,1.1894,0.8783
HVM-0982,W01,16,-18,1,10,1.2241,0.8984
HVM-0982,W01,17,-18,1,10,1.2193,0.8996
HVM-0982,W01,18,-18,1,10,1.1885,0.9128
HVM-0982,W01,19,-18,1,10,1.2507,0.9089
HVM-0982,W01,20,-18,1,10,1.2434,0.8926
HVM-0982,W01,21,-18,1,10,1.2342,0.9249
HVM-0982,W01,22,-18,1,10,1.2499,0.8999
HVM-0982,W01,23,-18,1,10,1.2386,0.9460
HVM-0982,W01,24,-18,1,10,1.2428,0.9301
HVM-0982,W01,25,-18,1,10,1.2473,0.9447
HVM-0982,W01,26,-18,1,10,1.2995,0.8985
HVM-0982,W01,27,-18,1,10,1.2846,0.9226
HVM-0982,W01,28,-18,1,10,1.2738,0.8953
HVM-0982,W01,29,-18,1,10,1.2373,0.9182
HVM-0982,W01,30,-18,1,10,1.2161,0.8992
HVM-0982,W01,31,-18,1,10,1.2544,0.9031
HVM-0982,W01,32,-18,1,10,1.2579,0.9309
HVM-0982,W01,33,-18,1,10,1.2802,0.9489
HVM-0982,W01,34,-18,1,10,1.2685,0.8895
HVM-0982,W01,35,-18,1,10,1.3021,0.9949
HVM-0982,W01,36,-18,1,10,1.2600,0.9363
HVM-0982,W01,37,-18,1,10,1.2635,0.9123
HVM-0982,W01,38,-18,1,10,1.2793,0.9427
HVM-0982,W01,39,-18,1,10,1.2931,0.9472
HVM-0982,W01,40,-18,1,10,1.3011,0.9546
HVM-0982,W01,41,-18,1,10,1.2963,0.9034
HVM-0982,W01,42,-18,1,10,1.2983,0.9441
HVM-0982,W01,43,-18,1,10,1.3013,0.9215
HVM-0982,W01,44,-18,1,10,1.2770,0.9248
HVM-0982,W01,45,-18,3,20,1.3340,0.9577
HVM-0982,W01,46,-18,1,10,1.2971,0.9609
HVM-0982,W01,-46,-17,1,10,0.9904,0.9827
HVM-0982,W01,-45,-17,1,10,0.9990,0.9703
HVM-0982,W01,-44,-17,1,10,0.9724,0.9507
HVM-0982,W01,-43,-17,1,10,1.0260,0.9172
HVM-0982,W01,-42,-17,1,10,1.0437,0.9450
HVM-0982,W01,-41,-17,1,10,1.0840,0.9528
HVM-0982,W01,-40,-17,1,10,1.0531,0.9589
HVM-0982,W01,-39,-17,1,10,1.0351,0.9266
HVM-0982,W01,-38,-17,1,10,1.0318,0.9516
HVM-0982,W01,-37,-17,1,10,1.0323,0.9693
HVM-0982,W01,-36,-17,1,10,1.0696,0.9875
HVM-0982,W01,-35,-17,1,10,1.0356,0.8934
HVM-0982,W01,-34,-17,1,10,1.0573,0.8977
HVM-0982,W01,-33,-17,1,10,1.0612,0.9279
HVM-0982,W01,-32,-17,1,10,1.0985,0.9122
HVM-0982,W01,-31,-17,1,10,1.0507,0.8957
HVM-0982,W01,-30,-17,1,10,1.0801,0.8832
HVM-0982,W01,-29,-17,1,10,1.0711,0.9017
HVM-0982,W01,-28,-17,1,10,1.1147,0.9065
HVM-0982,W01,-27,-17,1,10,1.0772,0.8846
HVM-0982,W01,-26,-17,1,10,1.0940,0.8754
HVM-0982,W01,-25,-17,1,10,1.1234,0.9930
HVM-0982,W01,-24,-17,1,10,1.0659,0.9200
HVM-0982,W01,-23,-17,1,10,1.1264,0.8789
HVM-0982,W01,-22,-17,2,30,1.0988,0.9134
HVM-0982,W01,-21,-17,4,30,1.0568,0.9375
HVM-0982,W01,-20,-17,1,10,1.1149,0.8918
HVM-0982,W01,-19,-17,1,10,1.0728,0.8383
HVM-0982,W01,-18,-17,1,10,1.0892,0.9110
HVM-0982,W01,-17,-17,1,10,1.1017,0.9074
HVM-0982,W01,-16,-17,1,10,1.1491,0.8733
HVM-0982,W01,-15,-17,1,10,1.1347,0.8829
HVM-0982,W01,-14,-17,1,10,1.1140,0.9234
HVM-0982,W01,-13,-17,1,10,1.1683,0.8986
HVM-0982,W01,-12,-17,3,31,1.1678,0.8559
HVM-0982,W01,-11,-17,1,10,1.1333,0.8773
HVM-0982,W01,-10,-17,1,10,1.1585,0.8505
HVM-0982,W01,-9,-17,1,10,1.1574,0.9179
HVM-0982,W01,-8,-17,1,10,1.1073,0.9101
HVM-0982,W01,-7,-17,1,10,1.1544,0.8680
HVM-0982,W01,-6,-17,1,10,1.1861,0.8649
HVM-0982,W01,-5,-17,1,10,1.1612,0.8648
HVM-0982,W01,-4,-17,1,10,1.1517,0.8908
HVM-0982,W01,-3,-17,1,10,1.2167,0.8530
HVM-0982,W01,-2,-17,1,10,1.1951,0.8868
HVM-0982,W01,-1,-17,1,10,1.1963,0.8748
HVM-0982,W01,0,-17,1,10,1.1426,0.8363
HVM-0982,W01,1,-17,1,10,1.1569,0.8980
HVM-0982,W01,2,-17,1,10,1.1790,0.8586
HVM-0982,W01,3,-17,1,10,1.1781,0.8709
HVM-0982,W01,4,-17,1,10,1.1818,0.8907
HVM-0982,W01,5,-17,1,10,1.1777,0.8743
HVM-0982,W01,6,-17,1,10,1.2154,0.8592
HVM-0982,W01,7,-17,1,10,1.2271,0.8938
HVM-0982,W01,8,-17,1,10,1.2008,0.8691
HVM-0982,W01,9,-17,1,10,1.1910,0.8849
HVM-0982,W01,10,-17,1,10,1.1954,0.9112
HVM-0982,W01,11,-17,1,10,1.2300,0.9042
HVM-0982,W01,12,-17,1,10,1.2263,0.8568
HVM-0982,W01,13,-17,1,10,1.2502,0.9279
HVM-0982,W01,14,-17,1,10,1.2279,0.8943
HVM-0982,W01,15,-17,1,10,1.2056,0.8974
HVM-0982,W01,16,-17,1,10,1.2228,0.8885
HVM-0982,W01,17,-17,1,10,1.1781,0.8867
HVM-0982,W01,18,-17,1,10,1.2501,0.9190
HVM-0982,W01,19,-17,1,10,1.2018,0.9218
HVM-0982,W01,20,-17,1,10,1.2212,0.9226
HVM-0982,W01,21,-17,1,10,1.2117,0.9167
HVM-0982,W01,22,-17,1,10,1.2218,0.9514
HVM-0982,W01,23,-17,1,10,1.2151,0.8860
HVM-0982,W01,24,-17,1,10,1.2504,0.8830
HVM-0982,W01,25,-17,1,10,1.2617,0.8740
HVM-0982,W01,26,-17,1,10,1.2611,0.9425
HVM-0982,W01,27,-17,1,10,1.2504,0.9391
HVM-0982,W01,28,-17,1,10,1.2553,0.9375
HVM-0982,W01,29,-17,1,10,1.2819,0.9368
HVM-0982,W01,30,-17,1,10,1.2687,0.8966
HVM-0982,W01,31,-17,1,10,1.2635,0.9664
HVM-0982,W01,32,-17,1,10,1.2695,0.9425
HVM-0982,W01,33,-17,1,10,1.2450,0.9205
HVM-0982,W01,34,-17,1,10,1.2714,0.9112
HVM-0982,W01,35,-17,1,10,1.2431,0.9061
HVM-0982,W01,36,-17,1,10,1.2766,0.9310
HVM-0982,W01,37,-17,1,10,1.2719,0.9487
HVM-0982,W01,38,-17,1,10,1.2950,0.9666
HVM-0982,W01,39,-17,1,10,1.3189,0.8892
HVM-0982,W01,40,-17,1,10,1.3592,0.9627
HVM-0982,W01,41,-17,1,10,1.3200,0.9318
HVM-0982,W01,42,-17,1,10,1.3313,0.9353
HVM-0982,W01,43,-17,1,10,1.3425,0.9559
HVM-0982,W01,44,-17,1,10,1.3090,1.0165
HVM-0982,W01,45,-17,1,10,1.3667,0.9265
HVM-0982,W01,46,-17,1,10,1.3374,0.9431
HVM-0982,W01,-46,-16,3,20,1.0146,0.9495
HVM-0982,W01,-45,-16,1,10,1.0147,0.9721
HVM-0982,W01,-44,-16,1,10,1.0595,0.9960
HVM-0982,W01,-43,-16,1,10,1.0313,0.8948
HVM-0982,W01,-42,-16,1,10,1.0377,0.9501
HVM-0982,W01,-41,-16,1,10,1.0717,0.9711
HVM-0982,W01,-40,-16,1,10,1.0415,0.9411
HVM-0982,W01,-39,-16,1,10,1.0749,0.9475
HVM-0982,W01,-38,-16,2,30,1.0785,0.9836
HVM-0982,W01,-37,-16,1,10,1.0792,0.9621
HVM-0982,W01,-36,-16,1,10,1.1085,0.9744
HVM-0982,W01,-35,-16,1,10,1.1038,0.9721
HVM-0982,W01,-34,-16,1,10,1.0500,0.9046
HVM-0982,W01,-33,-16,1,10,1.0781,0.9429
HVM-0982,W01,-32,-16,1,10,1.0684,0.9606
HVM-0982,W01,-31,-16,1,10,1.1109,0.8684
HVM-0982,W01,-30,-16,1,10,1.0680,0.9280
HVM-0982,W01,-29,-16,1,10,1.0832,0.9408
HVM-0982,W01,-28,-16,1,10,1.1465,0.9452
HVM-0982,W01,-27,-16,1,10,1.1143,0.9069
HVM-0982,W01,-26,-16,2,20,1.1114,0.8864
HVM-0982,W01,-25,-16,1,10,1.0518,0.8877
HVM-0982,W01,-24,-16,1,10,1.0754,0.8763
HVM-0982,W01,-23,-16,1,10,1.0872,0.9165
HVM-0982,W01,-22,-16,1,10,1.0993,0.9068
HVM-0982,W01,-21,-16,1,10,1.1212,0.9154
HVM-0982,W01,-20,-16,1,10,1.0940,0.8717
HVM-0982,W01,-19,-16,1,10,1.1403,0.9310
HVM-0982,W01,-18,-16,1,10,1.1541,0.8351
HVM-0982,W01,-17,-16,1,10,1.1263,0.9406
HVM-0982,W01,-16,-16,1,10,1.1289,0.9279
HVM-0982,W01,-15,-16,1,10,1.1096,0.8773
HVM-0982,W01,-14,-16,1,10,1.1708,0.9125
HVM-0982,W01,-13,-16,1,10,1.1410,0.9051
HVM-0982,W01,-12,-16,1,10,1.1473,0.8576
HVM-0982,W01,-11,-16,1,10,1.1488,0.8932
HVM-0982,W01,-10,-16,1,10,1.1526,0.8759
HVM-0982,W01,-9,-16,1,10,1.1128,0.9157
HVM-0982,W01,-8,-16,1,10,1.1229,0.9030
HVM-0982,W01,-7,-16,1,10,1.1613,0.8890
HVM-0982,W01,-6,-16,1,10,1.1671,0.9533
HVM-0982,W01,-5,-16,1,10,1.1498,0.8704
HVM-0982,W01,-4,-16,1,10,1.1381,0.8135
HVM-0982,W01,-3,-16,1,10,1.1812,0.9129
HVM-0982,W01,-2,-16,1,10,1.1264,0.8731
HVM-0982,W01,-1,-16,1,10,1.1259,0.8720
HVM-0982,W01,0,-16,1,10,1.1673,0.8377
HVM-0982,W01,1,-16,1,10,1.1337,0.8448
HVM-0982,W01,2,-16,1,10,1.1815,0.8409
HVM-0982,W01,3,-16,1,10,1.1764,0.8604
HVM-0982,W01,4,-16,1,10,1.1815,0.8482
HVM-0982,W01,5,-16,1,10,1.2115,0.8484
HVM-0982,W01,6,-16,1,10,1.1355,0.8771
HVM-0982,W01,7,-16,1,10,1.1984,0.8837
HVM-0982,W01,8,-16,1,10,1.2440,0.8523
HVM-0982,W01,9,-16,1,10,1.2073,0.8546
HVM-0982,W01,10,-16,1,10,1.1993,0.9188
HVM-0982,W01,11,-16,1,10,1.1911,0.9476
HVM-0982,W01,12,-16,1,10,1.2170,0.8754
HVM-0982,W01,13,-16,1,10,1.1875,0.8573
HVM-0982,W01,14,-16,1,10,1.2003,0.8795
HVM-0982,W01,15,-16,1,10,1.1801,0.9202
HVM-0982,W01,16,-16,1,10,1.1724,0.8987
HVM-0982,W01,17,-16,1,10,1.1981,0.9437
HVM-0982,W01,18,-16,1,10,1.2394,0.9096
HVM-0982,W01,19,-16,1,10,1.2773,0.9032
HVM-0982,W01,20,-16,1,10,1.2362,0.8975
HVM-0982,W01,21,-16,1,10,1.2521,0.9455
HVM-0982,W01,22,-16,1,10,1.2899,0.8907
HVM-0982,W01,23,-16,1,10,1.2197,0.8966
HVM-0982,W01,24,-16,1,10,1.2811,0.9004
HVM-0982,W01,25,-16,1,10,1.2306,0.9063
HVM-0982,W01,26,-16,1,10,1.2367,0.9193
HVM-0982,W01,27,-16,1,10,1.2911,0.8742
HVM-0982,W01,28,-16,1,10,1.2970,0.9411
HVM-0982,W01,29,-16,1,10,1.2768,0.9241
HVM-0982,W01,30,-16,1,10,1.2381,0.9080
HVM-0982,W01,31,-16,1,10,1.2791,0.9398
HVM-0982,W01,32,-16,1,10,1.2676,0.9538
HVM-0982,W01,33,-16,1,10,1.3458,0.9029
HVM-0982,W01,34,-16,1,10,1.2951,0.9104
HVM-0982,W01,35,-16,1,10,1.2489,0.9127
HVM-0982,W01,36,-16,1,10,1.2908,0.9366
HVM-0982,W01,37,-16,1,10,1.3030,0.9421
HVM-0982,W01,38,-16,1,10,1.2926,1.0027
HVM-0982,W01,39,-16,1,10,1.2923,0.9743
HVM-0982,W01,40,-16,1,10,1.2471,0.9009
HVM-0982,W01,41,-16,1,10,1.2757,0.9436
HVM-0982,W01,42,-16,1,10,1.2698,0.9277
HVM-0982,W01,43,-16,1,10,1.2929,0.9802
HVM-0982,W01,44,-16,1,10,1.3523,0.9815
HVM-0982,W01,45,-16,1,10,1.3250,0.9670
HVM-0982,W01,46,-16,1,10,1.2945,0.9352
HVM-0982,W01,-47,-15,1,10,0.9940,0.9781
HVM-0982,W01,-46,-15,4,30,1.0752,0.9844
HVM-0982,W01,-45,-15,1,10,1.0563,0.9447
HVM-0982,W01,-44,-15,1,10,1.0463,0.9488
HVM-0982,W01,-43,-15,1,10,1.1074,0.9733
HVM-0982,W01,-42,-15,1,10,1.0464,0.9684
HVM-0982,W01,-41,-15,1,10,1.0513,0.9404
HVM-0982,W01,-40,-15,1,10,1.0191,0.9654
HVM-0982,W01,-39,-15,1,10,1.0690,0.9143
HVM-0982,W01,-38,-15,1,10,1.0328,0.9348
HVM-0982,W01,-37,-15,1,10,1.1006,0.9400
HVM-0982,W01,-36,-15,1,10,1.0348,0.9504
HVM-0982,W01,-35,-15,1,10,1.0826,0.9227
HVM-0982,W01,-34,-15,1,10,1.0839,0.9085
HVM-0982,W01,-33,-15,1,10,1.0907,0.9306
HVM-0982,W01,-32,-15,1,10,1.0843,0.9008
HVM-0982,W01,-31,-15,1,10,1.0575,0.8912
HVM-0982,W01,-30,-15,1,10,1.0203,0.9369
HVM-0982,W01,-29,-15,1,10,1.0880,0.9501
HVM-0982,W01,-28,-15,1,10,1.1025,0.9450
HVM-0982,W01,-27,-15,1,10,1.1139,0.9291
HVM-0982,W01,-26,-15,1,10,1.1151,0.8845
HVM-0982,W01,-25,-15,1,10,1.0639,0.9221
HVM-0982,W01,-24,-15,1,10,1.1444,0.9208
HVM-0982,W01,-23,-15,1,10,1.1209,0.9185
HVM-0982,W01,-22,-15,1,10,1.1158,0.9208
HVM-0982,W01,-21,-15,1,10,1.1003,0.8818
HVM-0982,W01,-20,-15,1,10,1.0850,0.8885
HVM-0982,W01,-19,-15,1,10,1.1180,0.9276
HVM-0982,W01,-18,-15,1,10,1.1215,0.8847
HVM-0982,W01,-17,-15,1,10,1.0953,0.8601
HVM-0982,W01,-16,-15,1,10,1.1314,0.9127
HVM-0982,W01,-15,-15,1,10,1.1456,0.9209
HVM-0982,W01,-14,-15,1,10,1.1546,0.9051
HVM-0982,W01,-13,-15,4,20,1.1481,0.8584
HVM-0982,W01,-12,-15,1,10,1.1434,0.8560
HVM-0982,W01,-11,-15,1,10,1.1303,0.8719
HVM-0982,W01,-10,-15,1,10,1.0834,0.9069
HVM-0982,W01,-9,-15,1,10,1.1578,0.8683
HVM-0982,W01,-8,-15,1,10,1.1905,0.8980
HVM-0982,W01,-7,-15,1,10,1.1628,0.8872
HVM-0982,W01,-6,-15,1,10,1.1648,0.8572
HVM-0982,W01,-5,-15,1,10,1.1739,0.8806
HVM-0982,W01,-4,-15,1,10,1.1884,0.8739
HVM-0982,W01,-3,-15,1,10,1.1696,0.8668
HVM-0982,W01,-2,-15,1,10,1.1549,0.8656
HVM-0982,W01,-1,-15,1,10,1.1649,0.8917
HVM-0982,W01,0,-15,1,10,1.1665,0.8992
HVM-0982,W01,1,-15,1,10,1.1508,0.8800
HVM-0982,W01,2,-15,1,10,1.1850,0.9047
HVM-0982,W01,3,-15,1,10,1.1716,0.8875
HVM-0982,W01,4,-15,1,10,1.1818,0.9111
HVM-0982,W01,5,-15,1,10,1.1983,0.8665
HVM-0982,W01,6,-15,1,10,1.2021,0.8745
HVM-0982,W01,7,-15,1,10,1.1982,0.8945
HVM-0982,W01,8,-15,1,10,1.1917,0.9265
HVM-0982,W01,9,-15,1,10,1.2149,0.8882
HVM-0982,W01,10,-15,1,10,1.2265,0.8969
HVM-0982,W01,11,-15,1,10,1.2344,0.8832
HVM-0982,W01,12,-15,1,10,1.2249,0.9056
HVM-0982,W01,13,-15,1,10,1.2184,0.8872
HVM-0982,W01,14,-15,1,10,1.2402,0.8693
HVM-0982,W01,15,-15,1,10,1.2327,0.8590
HVM-0982,W01,16,-15,1,10,1.2258,0.9108
HVM-0982,W01,17,-15,1,10,1.2493,0.8897
HVM-0982,W01,18,-15,1,10,1.2510,0.8797
HVM-0982,W01,19,-15,1,10,1.2444,0.9292
HVM-0982,W01,20,-15,1,10,1.2157,0.9056
HVM-0982,W01,21,-15,1,10,1.2821,0.9221
HVM-0982,W01,22,-15,1,10,1.2340,0.8683
HVM-0982,W01,23,-15,1,10,1.2419,0.9207
HVM-0982,W01,24,-15,1,10,1.2164,0.9077
HVM-0982,W01,25,-15,1,10,1.2644,0.9130
HVM-0982,W01,26,-15,1,10,1.2281,0.9239
HVM-0982,W01,27,-15,1,10,1.2466,0.9329
HVM-0982,W01,28,-15,1,10,1.2513,0.9628
HVM-0982,W01,29,-15,1,10,1.2279,0.9437
HVM-0982,W01,30,-15,1,10,1.2348,0.9201
HVM-0982,W01,31,-15,1,10,1.2255,0.9725
HVM-0982,W01,32,-15,1,10,1.2759,0.9402
HVM-0982,W01,33,-15,1,10,1.2924,0.9410
HVM-0982,W01,34,-15,1,10,1.2659,0.9739
HVM-0982,W01,35,-15,1,10,1.3075,0.9546
HVM-0982,W01,36,-15,1,10,1.2646,0.9156
HVM-0982,W01,37,-15,1,10,1.2961,0.9798
HVM-0982,W01,38,-15,1,10,1.3095,0.9761
HVM-0982,W01,39,-15,1,10,1.2476,0.9191
HVM-0982,W01,40,-15,1,10,1.2673,0.9235
HVM-0982,W01,41,-15,1,10,1.3125,0.9890
HVM-0982,W01,42,-15,1,10,1.2893,0.9520
HVM-0982,W01,43,-15,1,10,1.3092,0.9517
HVM-0982,W01,44,-15,1,10,1.2882,0.9429
HVM-0982,W01,45,-15,1,10,1.2980,0.9639
HVM-0982,W01,46,-15,3,20,1.3059,0.9472
HVM-0982,W01,47,-15,1,10,1.3651,0.9814
HVM-0982,W01,-47,-14,2,30,0.9954,0.9266
HVM-0982,W01,-46,-14,1,10,1.0977,0.9376
HVM-0982,W01,-45,-14,3,30,1.0787,0.9522
HVM-0982,W01,-44,-14,1,10,1.0284,0.9681
HVM-0982,W01,-43,-14,1,10,1.0416,0.8984
HVM-0982,W01,-42,-14,1,10,1.0709,0.9399
HVM-0982,W01,-41,-14,1,10,1.0444,0.9147
HVM-0982,W01,-40,-14,1,10,1.0954,0.9927
HVM-0982,W01,-39,-14,1,10,1.0650,0.8838
HVM-0982,W01,-38,-14,1,10,1.0746,0.9381
HVM-0982,W01,-37,-14,2,21,1.0746,0.9082
HVM-0982,W01,-36,-14,1,10,1.0652,0.9488
HVM-0982,W01,-35,-14,1,10,1.0698,0.9267
HVM-0982,W01,-34,-14,1,10,1.1124,0.9449
HVM-0982,W01,-33,-14,1,10,1.1228,0.8999
HVM-0982,W01,-32,-14,1,10,1.1064,0.9360
HVM-0982,W01,-31,-14,1,10,1.0879,0.9450
HVM-0982,W01,-30,-14,2,30,1.0794,0.9826
HVM-0982,W01,-29,-14,1,10,1.1015,0.9277
HVM-0982,W01,-28,-14,1,10,1.0788,0.9166
HVM-0982,W01,-27,-14,1,10,1.0934,0.9139
HVM-0982,W01,-26,-14,1,10,1.1339,0.9414
HVM-0982,W01,-25,-14,1,10,1.1250,0.8970
HVM-0982,W01,-24,-14,1,10,1.1169,0.9460
HVM-0982,W01,-23,-14,1,10,1.1158,0.9312
HVM-0982,W01,-22,-14,1,10,1.1279,0.9058
HVM-0982,W01,-21,-14,1,10,1.1202,0.8844
HVM-0982,W01,-20,-14,1,10,1.1261,0.8935
HVM-0982,W01,-19,-14,1,10,1.1468,0.9271
HVM-0982,W01,-18,-14,1,10,1.1315,0.8833
HVM-0982,W01,-17,-14,1,10,1.1391,0.8897
HVM-0982,W01,-16,-14,1,10,1.1522,0.9260
HVM-0982,W01,-15,-14,1,10,1.1245,0.9246
HVM-0982,W01,-14,-14,2,20,1.0958,0.8781
HVM-0982,W01,-13,-14,1,10,1.1629,0.8942
HVM-0982,W01,-12,-14,3,30,1.1721,0.9032
HVM-0982,W01,-11,-14,1,10,1.1240,0.8431
HVM-0982,W01,-10,-14,1,10,1.1395,0.8408
HVM-0982,W01,-9,-14,1,10,1.1623,0.8607
HVM-0982,W01,-8,-14,1,10,1.1815,0.8849
HVM-0982,W01,-7,-14,1,10,1.1585,0.8816
HVM-0982,W01,-6,-14,1,10,1.1714,0.8490
HVM-0982,W01,-5,-14,1,10,1.1254,0.8806
HVM-0982,W01,-4,-14,1,10,1.1501,0.8501
HVM-0982,W01,-3,-14,1,10,1.1451,0.8474
HVM-0982,W01,-2,-14,1,10,1.1466,0.8919
HVM-0982,W01,-1,-14,1,10,1.1692,0.8886
HVM-0982,W01,0,-14,1,10,1.1680,0.8910
HVM-0982,W01,1,-14,1,10,1.1866,0.9222
HVM-0982,W01,2,-14,1,10,1.1554,0.9115
HVM-0982,W01,3,-14,1,10,1.1580,0.9070
HVM-0982,W01,4,-14,1,10,1.2041,0.8644
HVM-0982,W01,5,-14,1,10,1.1940,0.8725
HVM-0982,W01,6,-14,1,10,1.2161,0.8503
HVM-0982,W01,7,-14,1,10,1.2214,0.9046
HVM-0982,W01,8,-14,1,10,1.1921,0.9163
HVM-0982,W01,9,-14,4,30,1.1904,0.9152
HVM-0982,W01,10,-14,1,10,1.2466,0.8856
HVM-0982,W01,11,-14,1,10,1.2406,0.8834
HVM-0982,W01,12,-14,1,10,1.1960,0.8837
HVM-0982,W01,13,-14,1,10,1.2341,0.9257
HVM-0982,W01,14,-14,1,10,1.2263,0.8897
HVM-0982,W01,15,-14,1,10,1.2787,0.9364
HVM-0982,W01,16,-14,1,10,1.2094,0.8811
HVM-0982,W01,17,-14,1,10,1.2223,0.9482
HVM-0982,W01,18,-14,1,10,1.2309,0.8720
HVM-0982,W01,19,-14,1,10,1.2537,0.8925
HVM-0982,W01,20,-14,1,10,1.2595,0.9143
HVM-0982,W01,21,-14,1,10,1.2488,0.9026
HVM-0982,W01,22,-14,1,10,1.2474,0.9211
HVM-0982,W01,23,-14,1,10,1.2249,0.8845
HVM-0982,W01,24,-14,1,10,1.2566,0.8786
HVM-0982,W01,25,-14,1,10,1.2719,0.9191
HVM-0982,W01,26,-14,1,10,1.2260,0.9138
HVM-0982,W01,27,-14,1,10,1.2885,0.9299
HVM-0982,W01,28,-14,1,10,1.3171,0.9086
HVM-0982,W01,29,-14,1,10,1.2955,0.8915
HVM-0982,W01,30,-14,1,10,1.2053,0.9551
HVM-0982,W01,31,-14,1,10,1.2794,0.9213
HVM-0982,W01,32,-14,1,10,1.2727,0.9065
HVM-0982,W01,33,-14,1,10,1.2770,0.9384
HVM-0982,W01,34,-14,1,10,1.2987,0.9421
HVM-0982,W01,35,-14,1,10,1.2793,0.9657
HVM-0982,W01,36,-14,1,10,1.2732,0.9267
HVM-0982,W01,37,-14,1,10,1.3426,0.9460
HVM-0982,W01,38,-14,1,10,1.2913,0.9626
HVM-0982,W01,39,-14,1,10,1.2959,0.9390
HVM-0982,W01,40,-14,1,10,1.2988,0.9728
HVM-0982,W01,41,-14,1,10,1.2996,0.9659
HVM-0982,W01,42,-14,1,10,1.2511,0.9400
HVM-0982,W01,43,-14,1,10,1.2813,0.9957
HVM-0982,W01,44,-14,1,10,1.3614,0.8928
HVM-0982,W01,45,-14,3,21,1.2804,0.9404
HVM-0982,W01,46,-14,2,31,1.2725,0.9163
HVM-0982,W01,47,-14,1,10,1.2732,0.9850
HVM-0982,W01,-47,-13,1,10,1.0299,0.9661
HVM-0982,W01,-46,-13,1,10,1.0294,0.9684
HVM-0982,W01,-45,-13,1,10,1.0581,0.9509
HVM-0982,W01,-44,-13,1,10,1.0776,0.9657
HVM-0982,W01,-43,-13,1,10,1.0165,0.9836
HVM-0982,W01,-42,-13,1,10,1.0513,0.9105
HVM-0982,W01,-41,-13,1,10,1.0496,0.9410
HVM-0982,W01,-40,-13,1,10,1.0457,0.8966
HVM-0982,W01,-39,-13,1,10,1.0888,0.9602
HVM-0982,W01,-38,-13,1,10,1.0639,0.9160
HVM-0982,W01,-37,-13,1,10,1.0896,0.9626
HVM-0982,W01,-36,-13,1,10,1.0673,0.9398
HVM-0982,W01,-35,-13,1,10,1.1005,0.9188
HVM-0982,W01,-34,-13,1,10,1.0731,0.9268
HVM-0982,W01,-33,-13,1,10,1.0832,0.9044
HVM-0982,W01,-32,-13,1,10,1.1261,0.8741
HVM-0982,W01,-31,-13,1,10,1.1002,0.8950
HVM-0982,W01,-30,-13,1,10,1.0853,0.8708
HVM-0982,W01,-29,-13,1,10,1.1477,0.9323
HVM-0982,W01,-28,-13,1,10,1.1163,0.9228
HVM-0982,W01,-27,-13,1,10,1.0774,0.9430
HVM-0982,W01,-26,-13,3,20,1.1078,0.9433
HVM-0982,W01,-25,-13,1,10,1.1461,0.9102
HVM-0982,W01,-24,-13,1,10,1.0661,0.9016
HVM-0982,W01,-23,-13,1,10,1.1247,0.8918
HVM-0982,W01,-22,-13,1,10,1.0885,0.9180
HVM-0982,W01,-21,-13,1,10,1.1076,0.9098
HVM-0982,W01,-20,-13,1,10,1.1172,0.9208
HVM-0982,W01,-19,-13,1,10,1.0981,0.8563
HVM-0982,W01,-18,-13,1,10,1.1318,0.8534
HVM-0982,W01,-17,-13,1,10,1.1647,0.9211
HVM-0982,W01,-16,-13,1,10,1.1203,0.9035
HVM-0982,W01,-15,-13,1,10,1.1280,0.9597
HVM-0982,W01,-14,-13,1,10,1.1546,0.9244
HVM-0982,W01,-13,-13,1,10,1.0898,0.9058
HVM-0982,W01,-12,-13,1,10,1.1332,0.9079
HVM-0982,W01,-11,-13,1,10,1.1635,0.8944
HVM-0982,W01,-10,-13,1,10,1.1855,0.9082
HVM-0982,W01,-9,-13,1,10,1.1267,0.8602
HVM-0982,W01,-8,-13,1,10,1.2118,0.9168
HVM-0982,W01,-7,-13,1,10,1.1599,0.9109
HVM-0982,W01,-6,-13,1,10,1.1289,0.8975
HVM-0982,W01,-5,-13,1,10,1.2145,0.8503
HVM-0982,W01,-4,-13,1,10,1.1708,0.8634
HVM-0982,W01,-3,-13,1,10,1.1746,0.8694
HVM-0982,W01,-2,-13,1,10,1.1525,0.9079
HVM-0982,W01,-1,-13,1,10,1.2250,0.8718
HVM-0982,W01,0,-13,1,10,1.1472,0.8802
HVM-0982,W01,1,-13,1,10,1.2024,0.9055
HVM-0982,W01,2,-13,1,10,1.1225,0.9046
HVM-0982,W01,3,-13,3,30,1.1966,0.9254
HVM-0982,W01,4,-13,1,10,1.2171,0.8922
HVM-0982,W01,5,-13,3,20,1.2090,0.9213
HVM-0982,W01,6,-13,1,10,1.2131,0.8979
HVM-0982,W01,7,-13,1,10,1.2020,0.8896
HVM-0982,W01,8,-13,1,10,1.2108,0.8779
HVM-0982,W01,9,-13,1,10,1.2337,0.9184
HVM-0982,W01,10,-13,1,10,1.1855,0.9050
HVM-0982,W01,11,-13,1,10,1.2228,0.9054
HVM-0982,W01,12,-13,1,10,1.2024,0.8850
HVM-0982,W01,13,-13,1,10,1.2478,0.9188
HVM-0982,W01,14,-13,1,10,1.2235,0.8924
HVM-0982,W01,15,-13,1,10,1.2284,0.9042
HVM-0982,W01,16,-13,1,10,1.2592,0.8894
HVM-0982,W01,17,-13,1,10,1.2195,0.9262
HVM-0982,W01,18,-13,1,10,1.2368,0.9000
HVM-0982,W01,19,-13,4,31,1.2312,0.8764
HVM-0982,W01,20,-13,1,10,1.2202,0.8810
HVM-0982,W01,21,-13,1,10,1.2290,0.9105
HVM-0982,W01,22,-13,1,10,1.2348,0.9085
HVM-0982,W01,23,-13,1,10,1.2231,0.9276
HVM-0982,W01,24,-13,1,10,1.2360,0.9129
HVM-0982,W01,25,-13,4,20,1.2564,0.9095
HVM-0982,W01,26,-13,1,10,1.2846,0.8957
HVM-0982,W01,27,-13,1,10,1.2298,0.9335
HVM-0982,W01,28,-13,1,10,1.2451,0.9537
HVM-0982,W01,29,-13,1,10,1.2767,0.9214
HVM-0982,W01,30,-13,1,10,1.3125,0.9053
HVM-0982,W01,31,-13,1,10,1.2328,0.9550
HVM-0982,W01,32,-13,1,10,1.3054,0.9721
HVM-0982,W01,33,-13,1,10,1.2685,0.9019
HVM-0982,W01,34,-13,1,10,1.2666,0.9209
HVM-0982,W01,35,-13,2,21,1.2813,0.9314
HVM-0982,W01,36,-13,1,10,1.2599,0.9491
HVM-0982,W01,37,-13,1,10,1.2917,0.9320
HVM-0982,W01,38,-13,1,10,1.2700,0.9194
HVM-0982,W01,39,-13,1,10,1.3336,0.9222
HVM-0982,W01,40,-13,1,10,1.2647,0.9556
HVM-0982,W01,41,-13,1,10,1.2749,0.9363
HVM-0982,W01,42,-13,1,10,1.2802,0.9682
HVM-0982,W01,43,-13,1,10,1.3113,0.9681
HVM-0982,W01,44,-13,1,10,1.3322,0.9504
HVM-0982,W01,45,-13,1,10,1.3591,0.9464
HVM-0982,W01,46,-13,3,21,1.2810,0.9795
HVM-0982,W01,47,-13,4,20,1.3123,0.9547
HVM-0982,W01,-47,-12,2,21,1.0343,0.9426
HVM-0982,W01,-46,-12,1,10,1.0535,0.9659
HVM-0982,W01,-45,-12,1,10,1.0506,0.9073
HVM-0982,W01,-44,-12,1,10,1.0457,0.9326
HVM-0982,W01,-43,-12,1,10,1.0312,0.9159
HVM-0982,W01,-42,-12,1,10,1.0487,0.9203
HVM-0982,W01,-41,-12,1,10,1.0430,0.8997
HVM-0982,W01,-40,-12,1,10,1.0423,0.9246
HVM-0982,W01,-39,-12,1,10,1.0451,0.9496
HVM-0982,W01,-38,-12,1,10,1.0139,0.9951
HVM-0982,W01,-37,-12,1,10,1.0435,0.9324
HVM-0982,W01,-36,-12,1,10,1.1208,0.9784
HVM-0982,W01,-35,-12,1,10,1.1036,0.9176
HVM-0982,W01,-34,-12,1,10,1.0621,0.9245
HVM-0982,W01,-33,-12,1,10,1.0751,0.9296
HVM-0982,W01,-32,-12,1,10,1.0288,0.9099
HVM-0982,W01,-31,-12,1,10,1.0992,0.9389
HVM-0982,W01,-30,-12,1,10,1.0853,0.9856
HVM-0982,W01,-29,-12,1,10,1.0852,0.9688
HVM-0982,W01,-28,-12,1,10,1.1293,0.8950
HVM-0982,W01,-27,-12,1,10,1.0903,0.9060
HVM-0982,W01,-26,-12,1,10,1.1004,0.8857
HVM-0982,W01,-25,-12,1,10,1.0934,0.8820
HVM-0982,W01,-24,-12,1,10,1.1042,0.9245
HVM-0982,W01,-23,-12,1,10,1.0711,0.8864
HVM-0982,W01,-22,-12,2,20,1.1178,0.8819
HVM-0982,W01,-21,-12,1,10,1.1158,0.8636
HVM-0982,W01,-20,-12,1,10,1.1400,0.8865
HVM-0982,W01,-19,-12,1,10,1.1261,0.8550
HVM-0982,W01,-18,-12,1,10,1.1336,0.9255
HVM-0982,W01,-17,-12,1,10,1.1412,0.8735
HVM-0982,W01,-16,-12,1,10,1.1231,0.8819
HVM-0982,W01,-15,-12,1,10,1.1033,0.8612
HVM-0982,W01,-14,-12,1,10,1.1399,0.8965
HVM-0982,W01,-13,-12,1,10,1.1524,0.9088
HVM-0982,W01,-12,-12,1,10,1.1840,0.8769
HVM-0982,W01,-11,-12,1,10,1.1331,0.9157
HVM-0982,W01,-10,-12,1,10,1.1653,0.8739
HVM-0982,W01,-9,-12,1,10,1.1027,0.8541
HVM-0982,W01,-8,-12,1,10,1.1219,0.8688
HVM-0982,W01,-7,-12,1,10,1.1834,0.8623
HVM-0982,W01,-6,-12,1,10,1.1481,0.8838
HVM-0982,W01,-5,-12,1,10,1.1665,0.8626
HVM-0982,W01,-4,-12,1,10,1.1476,0.8617
HVM-0982,W01,-3,-12,1,10,1.1904,0.8908
HVM-0982,W01,-2,-12,1,10,1.2029,0.8231
HVM-0982,W01,-1,-12,1,10,1.1722,0.8589
HVM-0982,W01,0,-12,1,10,1.2089,0.8789
HVM-0982,W01,1,-12,1,10,1.2220,0.8171
HVM-0982,W01,2,-12,1,10,1.2042,0.8427
HVM-0982,W01,3,-12,1,10,1.1625,0.8998
HVM-0982,W01,4,-12,1,10,1.1828,0.8338
HVM-0982,W01,5,-12,1,10,1.1966,0.8797
HVM-0982,W01,6,-12,1,10,1.1942,0.8806
HVM-0982,W01,7,-12,1,10,1.1964,0.8586
HVM-0982,W01,8,-12,3,31,1.2160,0.8966
HVM-0982,W01,9,-12,1,10,1.2245,0.8905
HVM-0982,W01,10,-12,1,10,1.2370,0.8400
HVM-0982,W01,11,-12,1,10,1.2029,0.8893
HVM-0982,W01,12,-12,1,10,1.2280,0.8631
HVM-0982,W01,13,-12,1,10,1.2654,0.8917
HVM-0982,W01,14,-12,1,10,1.2065,0.9142
HVM-0982,W01,15,-12,4,31,1.2620,0.8947
HVM-0982,W01,16,-12,1,10,1.2387,0.8830
HVM-0982,W01,17,-12,1,10,1.2048,0.9284
HVM-0982,W01,18,-12,1,10,1.2572,0.9351
HVM-0982,W01,19,-12,1,10,1.2097,0.8572
HVM-0982,W01,20,-12,1,10,1.2614,0.9128
HVM-0982,W01,21,-12,1,10,1.2466,0.8731
HVM-0982,W01,22,-12,1,10,1.2627,0.9530
HVM-0982,W01,23,-12,1,10,1.2217,0.8590
HVM-0982,W01,24,-12,1,10,1.2484,0.9003
HVM-0982,W01,25,-12,1,10,1.2601,0.9021
HVM-0982,W01,26,-12,1,10,1.2431,0.9178
HVM-0982,W01,27,-12,1,10,1.2539,0.9173
HVM-0982,W01,28,-12,1,10,1.2380,0.9308
HVM-0982,W01,29,-12,1,10,1.2325,0.9407
HVM-0982,W01,30,-12,1,10,1.2342,0.9066
HVM-0982,W01,31,-12,1,10,1.2600,0.9682
HVM-0982,W01,32,-12,1,10,1.3090,0.9331
HVM-0982,W01,33,-12,1,10,1.2828,0.9199
HVM-0982,W01,34,-12,1,10,1.3138,0.9161
HVM-0982,W01,35,-12,1,10,1.3042,0.8870
HVM-0982,W01,36,-12,1,10,1.3253,0.9131
HVM-0982,W01,37,-12,1,10,1.2999,0.9194
HVM-0982,W01,38,-12,1,10,1.2644,0.9485
HVM-0982,W01,39,-12,1,10,1.2814,0.9183
HVM-0982,W01,40,-12,1,10,1.3070,0.9468
HVM-0982,W01,41,-12,1,10,1.3280,0.9705
HVM-0982,W01,42,-12,1,10,1.2994,0.9454
HVM-0982,W01,43,-12,1,10,1.3082,0.9415
HVM-0982,W01,44,-12,1,10,1.3072,0.9474
HVM-0982,W01,45,-12,1,10,1.3029,0.9809
HVM-0982,W01,46,-12,3,31,1.3234,0.9800
HVM-0982,W01,47,-12,1,10,1.3154,0.9559
HVM-0982,W01,-47,-11,3,21,1.0492,0.9683
HVM-0982,W01,-46,-11,4,30,1.0387,0.9533
HVM-0982,W01,-45,-11,1,10,1.0616,0.9592
HVM-0982,W01,-44,-11,1,10,1.0334,0.9998
HVM-0982,W01,-43,-11,1,10,1.0625,0.9238
HVM-0982,W01,-42,-11,1,10,1.0547,0.8773
HVM-0982,W01,-41,-11,1,10,1.0619,1.0104
HVM-0982,W01,-40,-11,1,10,1.0631,0.9311
HVM-0982,W01,-39,-11,1,10,1.0946,0.9808
HVM-0982,W01,-38,-11,1,10,1.0753,0.9690
HVM-0982,W01,-37,-11,1,10,1.0605,0.9862
HVM-0982,W01,-36,-11,1,10,1.0482,0.9311
HVM-0982,W01,-35,-11,1,10,1.0404,0.9972
HVM-0982,W01,-34,-11,1,10,1.0412,0.9144
HVM-0982,W01,-33,-11,1,10,1.0767,0.9248
HVM-0982,W01,-32,-11,1,10,1.0528,0.9514
HVM-0982,W01,-31,-11,1,10,1.1000,0.9073
HVM-0982,W01,-30,-11,1,10,1.0761,0.9035
HVM-0982,W01,-29,-11,1,10,1.1283,0.9184
HVM-0982,W01,-28,-11,1,10,1.1400,0.8864
HVM-0982,W01,-27,-11,1,10,1.1268,0.9372
HVM-0982,W01,-26,-11,1,10,1.1608,0.9052
HVM-0982,W01,-25,-11,1,10,1.1240,0.9207
HVM-0982,W01,-24,-11,1,10,1.1476,0.9283
HVM-0982,W01,-23,-11,1,10,1.1103,0.8822
HVM-0982,W01,-22,-11,1,10,1.1015,0.9153
HVM-0982,W01,-21,-11,1,10,1.1237,0.8665
HVM-0982,W01,-20,-11,1,10,1.1208,0.8791
HVM-0982,W01,-19,-11,1,10,1.1342,0.9020
HVM-0982,W01,-18,-11,1,10,1.1395,0.8982
HVM-0982,W01,-17,-11,1,10,1.1423,0.8817
HVM-0982,W01,-16,-11,1,10,1.1297,0.9036
HVM-0982,W01,-15,-11,1,10,1.1574,0.8820
HVM-0982,W01,-14,-11,1,10,1.1290,0.8976
HVM-0982,W01,-13,-11,1,10,1.1252,0.8711
HVM-0982,W01,-12,-11,1,10,1.1751,0.8785
HVM-0982,W01,-11,-11,1,10,1.1667,0.9415
HVM-0982,W01,-10,-11,1,10,1.1328,0.8946
HVM-0982,W01,-9,-11,1,10,1.1632,0.8915
HVM-0982,W01,-8,-11,1,10,1.1577,0.8716
HVM-0982,W01,-7,-11,1,10,1.1225,0.8387
HVM-0982,W01,-6,-11,1,10,1.1714,0.8699
HVM-0982,W01,-5,-11,1,10,1.1268,0.8995
HVM-0982,W01,-4,-11,1,10,1.1818,0.8367
HVM-0982,W01,-3,-11,1,10,1.1436,0.8722
HVM-0982,W01,-2,-11,1,10,1.1796,0.8382
HVM-0982,W01,-1,-11,1,10,1.2320,0.8495
HVM-0982,W01,0,-11,1,10,1.1889,0.8345
HVM-0982,W01,1,-11,1,10,1.1876,0.8854
HVM-0982,W01,2,-11,1,10,1.2195,0.8449
HVM-0982,W01,3,-11,1,10,1.1908,0.9195
HVM-0982,W01,4,-11,1,10,1.2048,0.8677
HVM-0982,W01,5,-11,1,10,1.2048,0.8759
HVM-0982,W01,6,-11,2,30,1.1968,0.8559
HVM-0982,W01,7,-11,1,10,1.2077,0.9048
HVM-0982,W01,8,-11,1,10,1.1763,0.8855
HVM-0982,W01,9,-11,1,10,1.1442,0.9106
HVM-0982,W01,10,-11,1,10,1.2167,0.8944
HVM-0982,W01,11,-11,1,10,1.2372,0.8991
HVM-0982,W01,12,-11,1,10,1.2161,0.8995
HVM-0982,W01,13,-11,1,10,1.2277,0.8437
HVM-0982,W01,14,-11,1,10,1.2097,0.8930
HVM-0982,W01,15,-11,1,10,1.2432,0.9347
HVM-0982,W01,16,-11,1,10,1.2458,0.8747
HVM-0982,W01,17,-11,1,10,1.2546,0.8653
HVM-0982,W01,18,-11,1,10,1.2715,0.8842
HVM-0982,W01,19,-11,1,10,1.2017,0.8420
HVM-0982,W01,20,-11,1,10,1.2186,0.9401
HVM-0982,W01,21,-11,1,10,1.2790,0.9076
HVM-0982,W01,22,-11,1,10,1.2361,0.8760
HVM-0982,W01,23,-11,3,21,1.2030,0.9034
HVM-0982,W01,24,-11,1,10,1.2328,0.8811
HVM-0982,W01,25,-11,1,10,1.2871,0.9097
HVM-0982,W01,26,-11,1,10,1.2507,0.9049
HVM-0982,W01,27,-11,1,10,1.2702,0.9189
HVM-0982,W01,28,-11,1,10,1.2574,0.9130
HVM-0982,W01,29,-11,1,10,1.3036,0.9413
HVM-0982,W01,30,-11,1,10,1.3479,0.8840
HVM-0982,W01,31,-11,1,10,1.3071,0.9002
HVM-0982,W01,32,-11,1,10,1.2596,0.9684
HVM-0982,W01,33,-11,1,10,1.2579,0.9614
HVM-0982,W01,34,-11,1,10,1.2999,0.8987
HVM-0982,W01,35,-11,1,10,1.2764,0.9303
HVM-0982,W01,36,-11,1,10,1.2716,0.9686
HVM-0982,W01,37,-11,1,10,1.3043,0.9089
HVM-0982,W01,38,-11,2,21,1.3145,0.9651
HVM-0982,W01,39,-11,1,10,1.3182,0.9309
HVM-0982,W01,40,-11,1,10,1.2908,1.0024
HVM-0982,W01,41,-11,1,10,1.2589,0.9524
HVM-0982,W01,42,-11,1,10,1.2881,0.9636
HVM-0982,W01,43,-11,1,10,1.3038,0.9741
HVM-0982,W01,44,-11,1,10,1.2883,0.9279
HVM-0982,W01,45,-11,1,10,1.2944,0.9460
HVM-0982,W01,46,-11,1,10,1.3174,0.9787
HVM-0982,W01,47,-11,1,10,1.3520,0.9371
HVM-0982,W01,-47,-10,1,10,1.0419,0.9861
HVM-0982,W01,-46,-10,2,31,1.0251,0.9698
HVM-0982,W01,-45,-10,1,10,1.0186,0.9456
HVM-0982,W01,-44,-10,1,10,1.0407,0.9385
HVM-0982,W01,-43,-10,1,10,1.0234,1.0101
HVM-0982,W01,-42,-10,1,10,1.0084,0.9344
HVM-0982,W01,-41,-10,1,10,1.0512,0.9630
HVM-0982,W01,-40,-10,1,10,1.0379,0.9773
HVM-0982,W01,-39,-10,1,10,1.0761,0.9383
HVM-0982,W01,-38,-10,1,10,1.0680,0.9366
HVM-0982,W01,-37,-10,1,10,1.0725,0.9133
HVM-0982,W01,-36,-10,1,10,1.0476,0.9396
HVM-0982,W01,-35,-10,1,10,1.1164,0.9275
HVM-0982,W01,-34,-10,1,10,1.0703,0.9528
HVM-0982,W01,-33,-10,1,10,1.0767,0.9583
HVM-0982,W01,-32,-10,1,10,1.0392,0.9493
HVM-0982,W01,-31,-10,1,10,1.0666,0.9356
HVM-0982,W01,-30,-10,1,10,1.1099,0.9492
HVM-0982,W01,-29,-10,1,10,1.1506,0.9360
HVM-0982,W01,-28,-10,1,10,1.0942,0.9259
HVM-0982,W01,-27,-10,1,10,1.0594,0.8968
HVM-0982,W01,-26,-10,1,10,1.1327,0.9344
HVM-0982,W01,-25,-10,1,10,1.0938,0.9386
HVM-0982,W01,-24,-10,1,10,1.0707,0.8833
HVM-0982,W01,-23,-10,1,10,1.1088,0.9183
HVM-0982,W01,-22,-10,1,10,1.1362,0.8694
HVM-0982,W01,-21,-10,1,10,1.1468,0.8700
HVM-0982,W01,-20,-10,1,10,1.1211,0.8685
HVM-0982,W01,-19,-10,1,10,1.1337,0.9094
HVM-0982,W01,-18,-10,1,10,1.1016,0.8937
HVM-0982,W01,-17,-10,1,10,1.1589,0.9089
HVM-0982,W01,-16,-10,1,10,1.1263,0.8654
HVM-0982,W01,-15,-10,1,10,1.1379,0.8804
HVM-0982,W01,-14,-10,1,10,1.0975,0.8481
HVM-0982,W01,-13,-10,1,10,1.1728,0.8751
HVM-0982,W01,-12,-10,1,10,1.1516,0.8925
HVM-0982,W01,-11,-10,1,10,1.1581,0.8973
HVM-0982,W01,-10,-10,1,10,1.1925,0.8391
HVM-0982,W01,-9,-10,1,10,1.1626,0.8791
HVM-0982,W01,-8,-10,1,10,1.1516,0.8766
HVM-0982,W01,-7,-10,1,10,1.1090,0.8661
HVM-0982,W01,-6,-10,1,10,1.1607,0.8834
HVM-0982,W01,-5,-10,2,30,1.1508,0.8675
HVM-0982,W01,-4,-10,1,10,1.1939,0.8546
HVM-0982,W01,-3,-10,1,10,1.1721,0.8505
HVM-0982,W01,-2,-10,1,10,1.1525,0.8715
HVM-0982,W01,-1,-10,1,10,1.1613,0.8818
HVM-0982,W01,0,-10,1,10,1.2085,0.8289
HVM-0982,W01,1,-10,1,10,1.2018,0.8747
HVM-0982,W01,2,-10,1,10,1.2339,0.8510
HVM-0982,W01,3,-10,1,10,1.2254,0.8582
HVM-0982,W01,4,-10,1,10,1.2093,0.8671
HVM-0982,W01,5,-10,1,10,1.1528,0.8935
HVM-0982,W01,6,-10,1,10,1.1852,0.8889
HVM-0982,W01,7,-10,1,10,1.1788,0.8368
HVM-0982,W01,8,-10,1,10,1.2346,0.9090
HVM-0982,W01,9,-10,1,10,1.2138,0.8851
HVM-0982,W01,10,-10,1,10,1.3081,0.8759
HVM-0982,W01,11,-10,1,10,1.2041,0.8983
HVM-0982,W01,12,-10,1,10,1.2599,0.8860
HVM-0982,W01,13,-10,1,10,1.2446,0.8570
HVM-0982,W01,14,-10,1,10,1.2545,0.8889
HVM-0982,W01,15,-10,1,10,1.2279,0.8619
HVM-0982,W01,16,-10,1,10,1.2630,0.9097
HVM-0982,W01,17,-10,1,10,1.2565,0.8939
HVM-0982,W01,18,-10,1,10,1.2738,0.8940
HVM-0982,W01,19,-10,1,10,1.2695,0.8754
HVM-0982,W01,20,-10,1,10,1.2793,0.8802
HVM-0982,W01,21,-10,1,10,1.2535,0.9092
HVM-0982,W01,22,-10,1,10,1.2550,0.8874
HVM-0982,W01,23,-10,1,10,1.2923,0.9102
HVM-0982,W01,24,-10,1,10,1.2538,0.9045
HVM-0982,W01,25,-10,1,10,1.2611,0.8999
HVM-0982,W01,26,-10,1,10,1.2546,0.9457
HVM-0982,W01,27,-10,1,10,1.2527,0.9380
HVM-0982,W01,28,-10,1,10,1.2227,0.9263
HVM-0982,W01,29,-10,1,10,1.2754,0.9163
HVM-0982,W01,30,-10,1,10,1.2871,0.9518
HVM-0982,W01,31,-10,1,10,1.2689,0.9511
HVM-0982,W01,32,-10,1,10,1.3112,0.9496
HVM-0982,W01,33,-10,1,10,1.2689,0.9510
HVM-0982,W01,34,-10,1,10,1.3019,0.9538
HVM-0982,W01,35,-10,1,10,1.2892,0.8951
HVM-0982,W01,36,-10,1,10,1.3275,0.9349
HVM-0982,W01,37,-10,1,10,1.3267,0.9383
HVM-0982,W01,38,-10,1,10,1.3206,0.9459
HVM-0982,W01,39,-10,1,10,1.2797,0.9429
HVM-0982,W01,40,-10,1,10,1.2580,0.9299
HVM-0982,W01,41,-10,1,10,1.3018,1.0150
HVM-0982,W01,42,-10,1,10,1.3439,0.9566
HVM-0982,W01,43,-10,1,10,1.2749,0.9147
HVM-0982,W01,44,-10,1,10,1.3248,0.9674
HVM-0982,W01,45,-10,1,10,1.3062,0.9458
HVM-0982,W01,46,-10,1,10,1.3181,0.9680
HVM-0982,W01,47,-10,1,10,1.2977,1.0078
HVM-0982,W01,-48,-9,3,21,1.0491,0.9535
HVM-0982,W01,-47,-9,1,10,1.0484,0.9119
HVM-0982,W01,-46,-9,4,31,1.0610,0.9549
HVM-0982,W01,-45,-9,1,10,1.0743,0.9557
HVM-0982,W01,-44,-9,1,10,1.1033,0.9400
HVM-0982,W01,-43,-9,1,10,1.0877,0.9833
HVM-0982,W01,-42,-9,1,10,1.0608,0.9577
HVM-0982,W01,-41,-9,1,10,1.0421,0.9275
HVM-0982,W01,-40,-9,1,10,1.0653,0.9256
HVM-0982,W01,-39,-9,1,10,1.0506,0.9453
HVM-0982,W01,-38,-9,1,10,1.0718,0.9547
HVM-0982,W01,-37,-9,1,10,1.1085,0.9390
HVM-0982,W01,-36,-9,1,10,1.0422,0.9202
HVM-0982,W01,-35,-9,1,10,1.0916,0.9273
HVM-0982,W01,-34,-9,1,10,1.1186,0.9359
HVM-0982,W01,-33,-9,1,10,1.0829,0.9399
HVM-0982,W01,-32,-9,1,10,1.1478,0.8918
HVM-0982,W01,-31,-9,1,10,1.1331,0.8742
HVM-0982,W01,-30,-9,1,10,1.1084,0.9404
HVM-0982,W01,-29,-9,1,10,1.1267,0.9210
HVM-0982,W01,-28,-9,1,10,1.0798,0.9318
HVM-0982,W01,-27,-9,1,10,1.0871,0.9443
HVM-0982,W01,-26,-9,1,10,1.1150,0.8938
HVM-0982,W01,-25,-9,1,10,1.1422,0.8829
HVM-0982,W01,-24,-9,1,10,1.1010,0.8343
HVM-0982,W01,-23,-9,1,10,1.0774,0.9250
HVM-0982,W01,-22,-9,1,10,1.0949,0.9017
HVM-0982,W01,-21,-9,1,10,1.1006,0.8806
HVM-0982,W01,-20,-9,1,10,1.0780,0.9026
HVM-0982,W01,-19,-9,1,10,1.1488,0.8533
HVM-0982,W01,-18,-9,1,10,1.1583,0.8763
HVM-0982,W01,-17,-9,1,10,1.1664,0.8916
HVM-0982,W01,-16,-9,1,10,1.1878,0.9035
HVM-0982,W01,-15,-9,1,10,1.1682,0.8707
HVM-0982,W01,-14,-9,2,31,1.1239,0.9113
HVM-0982,W01,-13,-9,1,10,1.1517,0.8845
HVM-0982,W01,-12,-9,1,10,1.1275,0.9017
HVM-0982,W01,-11,-9,1,10,1.1741,0.8974
HVM-0982,W01,-10,-9,1,10,1.2278,0.8651
HVM-0982,W01,-9,-9,1,10,1.1386,0.8887
HVM-0982,W01,-8,-9,1,10,1.1780,0.8859
HVM-0982,W01,-7,-9,1,10,1.2082,0.9160
HVM-0982,W01,-6,-9,2,30,1.1674,0.8467
HVM-0982,W01,-5,-9,1,10,1.1860,0.8952
HVM-0982,W01,-4,-9,1,10,1.1838,0.8833
HVM-0982,W01,-3,-9,1,10,1.1515,0.9054
HVM-0982,W01,-2,-9,1,10,1.1911,0.8602
HVM-0982,W01,-1,-9,1,10,1.1755,0.8533
HVM-0982,W01,0,-9,1,10,1.1572,0.8526
HVM-0982,W01,1,-9,1,10,1.1835,0.8393
HVM-0982,W01,2,-9,1,10,1.1994,0.8502
HVM-0982,W01,3,-9,1,10,1.2213,0.8648
HVM-0982,W01,4,-9,1,10,1.1855,0.8942
HVM-0982,W01,5,-9,1,10,1.1902,0.8884
HVM-0982,W01,6,-9,2,31,1.2301,0.8290
HVM-0982,W01,7,-9,1,10,1.2224,0.8988
HVM-0982,W01,8,-9,1,10,1.2115,0.8683
HVM-0982,W01,9,-9,1,10,1.2141,0.8571
HVM-0982,W01,10,-9,1,10,1.2012,0.8659
HVM-0982,W01,11,-9,1,10,1.2358,0.8680
HVM-0982,W01,12,-9,1,10,1.2634,0.8720
HVM-0982,W01,13,-9,1,10,1.2444,0.8524
HVM-0982,W01,14,-9,1,10,1.2430,0.8948
HVM-0982,W01,15,-9,4,31,1.2340,0.8898
HVM-0982,W01,16,-9,1,10,1.2630,0.8601
HVM-0982,W01,17,-9,1,10,1.2509,0.8899
HVM-0982,W01,18,-9,1,10,1.2241,0.8642
HVM-0982,W01,19,-9,1,10,1.2361,0.8503
HVM-0982,W01,20,-9,1,10,1.2403,0.8915
HVM-0982,W01,21,-9,1,10,1.2635,0.8804
HVM-0982,W01,22,-9,1,10,1.2531,0.8937
HVM-0982,W01,23,-9,1,10,1.2674,0.9164
HVM-0982,W01,24,-9,1,10,1.2381,0.9005
HVM-0982,W01,25,-9,1,10,1.3110,0.8731
HVM-0982,W01,26,-9,1,10,1.2400,0.9078
HVM-0982,W01,27,-9,1,10,1.2977,0.9304
HVM-0982,W01,28,-9,1,10,1.2938,0.8820
HVM-0982,W01,29,-9,1,10,1.2754,0.9318
HVM-0982,W01,30,-9,1,10,1.2758,0.9039
HVM-0982,W01,31,-9,1,10,1.2866,0.9116
HVM-0982,W01,32,-9,1,10,1.2725,0.9541
HVM-0982,W01,33,-9,1,10,1.2434,0.9614
HVM-0982,W01,34,-9,1,10,1.2473,0.8817
HVM-0982,W01,35,-9,1,10,1.2748,0.9422
HVM-0982,W01,36,-9,1,10,1.3002,0.9309
HVM-0982,W01,37,-9,1,10,1.2988,0.8919
HVM-0982,W01,38,-9,1,10,1.3176,0.9524
HVM-0982,W01,39,-9,1,10,1.3018,0.9251
HVM-0982,W01,40,-9,1,10,1.3136,0.9656
HVM-0982,W01,41,-9,2,30,1.3535,0.9549
HVM-0982,W01,42,-9,1,10,1.3044,0.9395
HVM-0982,W01,43,-9,1,10,1.3092,0.9750
HVM-0982,W01,44,-9,1,10,1.3387,0.9416
HVM-0982,W01,45,-9,1,10,1.3376,0.9319
HVM-0982,W01,46,-9,1,10,1.3331,0.9897
HVM-0982,W01,47,-9,1,10,1.3091,0.9786
HVM-0982,W01,48,-9,3,31,1.3140,0.9669
HVM-0982,W01,-48,-8,3,21,1.0470,0.9208
HVM-0982,W01,-47,-8,1,10,1.0417,0.9930
HVM-0982,W01,-46,-8,1,10,1.0516,1.0167
HVM-0982,W01,-45,-8,1,10,1.0393,0.9195
HVM-0982,W01,-44,-8,1,10,1.0575,1.0066
HVM-0982,W01,-43,-8,1,10,1.0686,0.9821
HVM-0982,W01,-42,-8,1,10,1.0630,0.9478
HVM-0982,W01,-41,-8,1,10,1.0764,0.9500
HVM-0982,W01,-40,-8,1,10,1.0856,0.9894
HVM-0982,W01,-39,-8,1,10,1.0942,0.9456
HVM-0982,W01,-38,-8,1,10,1.0967,0.9328
HVM-0982,W01,-37,-8,1,10,1.0757,0.9354
HVM-0982,W01,-36,-8,1,10,1.0615,0.9438
HVM-0982,W01,-35,-8,1,10,1.0932,0.9600
HVM-0982,W01,-34,-8,1,10,1.0961,0.9608
HVM-0982,W01,-33,-8,1,10,1.0974,0.9040
HVM-0982,W01,-32,-8,1,10,1.1160,0.9357
HVM-0982,W01,-31,-8,2,21,1.0797,0.9340
HVM-0982,W01,-30,-8,1,10,1.1082,0.9652
HVM-0982,W01,-29,-8,1,10,1.0817,0.9159
HVM-0982,W01,-28,-8,1,10,1.0721,0.9760
HVM-0982,W01,-27,-8,1,10,1.0726,0.8911
HVM-0982,W01,-26,-8,1,10,1.0841,0.9710
HVM-0982,W01,-25,-8,1,10,1.0797,0.9149
HVM-0982,W01,-24,-8,1,10,1.1473,0.8675
HVM-0982,W01,-23,-8,1,10,1.1439,0.8954
HVM-0982,W01,-22,-8,1,10,1.1121,0.8772
HVM-0982,W01,-21,-8,1,10,1.1148,0.9017
HVM-0982,W01,-20,-8,1,10,1.1356,0.8607
HVM-0982,W01,-19,-8,1,10,1.1626,0.8705
HVM-0982,W01,-18,-8,1,10,1.1489,0.9249
HVM-0982,W01,-17,-8,1,10,1.1284,0.9185
HVM-0982,W01,-16,-8,1,10,1.1273,0.9248
HVM-0982,W01,-15,-8,1,10,1.1574,0.9012
HVM-0982,W01,-14,-8,2,21,1.1257,0.8890
HVM-0982,W01,-13,-8,1,10,1.1532,0.8702
HVM-0982,W01,-12,-8,1,10,1.1528,0.8916
HVM-0982,W01,-11,-8,1,10,1.1603,0.8964
HVM-0982,W01,-10,-8,1,10,1.1775,0.8668
HVM-0982,W01,-9,-8,1,10,1.1491,0.8607
HVM-0982,W01,-8,-8,1,10,1.1954,0.8684
HVM-0982,W01,-7,-8,1,10,1.1700,0.8612
HVM-0982,W01,-6,-8,1,10,1.1629,0.8680
HVM-0982,W01,-5,-8,1,10,1.1486,0.8567
HVM-0982,W01,-4,-8,1,10,1.1478,0.8609
HVM-0982,W01,-3,-8,1,10,1.2333,0.8513
HVM-0982,W01,-2,-8,1,10,1.1814,0.8791
HVM-0982,W01,-1,-8,1,10,1.2004,0.9102
HVM-0982,W01,0,-8,1,10,1.1983,0.8638
HVM-0982,W01,1,-8,1,10,1.1595,0.8466
HVM-0982,W01,2,-8,1,10,1.2354,0.8399
HVM-0982,W01,3,-8,1,10,1.1720,0.8811
HVM-0982,W01,4,-8,1,10,1.1845,0.8793
HVM-0982,W01,5,-8,1,10,1.1943,0.8755
HVM-0982,W01,6,-8,1,10,1.2417,0.8292
HVM-0982,W01,7,-8,1,10,1.2160,0.8636
HVM-0982,W01,8,-8,4,31,1.1497,0.8511
HVM-0982,W01,9,-8,4,30,1.2501,0.8796
HVM-0982,W01,10,-8,1,10,1.1822,0.8774
HVM-0982,W01,11,-8,1,10,1.2552,0.8864
HVM-0982,W01,12,-8,1,10,1.1983,0.8911
HVM-0982,W01,13,-8,1,10,1.2046,0.9155
HVM-0982,W01,14,-8,1,10,1.2262,0.8894
HVM-0982,W01,15,-8,1,10,1.2721,0.8594
HVM-0982,W01,16,-8,1,10,1.2089,0.8774
HVM-0982,W01,17,-8,1,10,1.2294,0.8725
HVM-0982,W01,18,-8,1,10,1.2440,0.8990
HVM-0982,W01,19,-8,1,10,1.2470,0.9026
HVM-0982,W01,20,-8,1,10,1.2927,0.9245
HVM-0982,W01,21,-8,1,10,1.2554,0.9062
HVM-0982,W01,22,-8,1,10,1.2580,0.8919
HVM-0982,W01,23,-8,1,10,1.2592,0.9378
HVM-0982,W01,24,-8,1,10,1.2631,0.8797
HVM-0982,W01,25,-8,1,10,1.2735,0.8880
HVM-0982,W01,26,-8,1,10,1.2910,0.9222
HVM-0982,W01,27,-8,2,21,1.2449,0.9128
HVM-0982,W01,28,-8,1,10,1.2858,0.9150
HVM-0982,W01,29,-8,1,10,1.2889,0.9256
HVM-0982,W01,30,-8,1,10,1.2609,0.9683
HVM-0982,W01,31,-8,1,10,1.2737,0.9759
HVM-0982,W01,32,-8,1,10,1.2176,0.9380
HVM-0982,W01,33,-8,1,10,1.2964,0.9391
HVM-0982,W01,34,-8,1,10,1.3174,0.9264
HVM-0982,W01,35,-8,1,10,1.2698,0.9354
HVM-0982,W01,36,-8,1,10,1.2751,0.9616
HVM-0982,W01,37,-8,1,10,1.2895,0.9377
HVM-0982,W01,38,-8,1,10,1.2990,0.9606
HVM-0982,W01,39,-8,1,10,1.2980,0.9320
HVM-0982,W01,40,-8,1,10,1.3651,0.9362
HVM-0982,W01,41,-8,1,10,1.3109,0.9647
HVM-0982,W01,42,-8,1,10,1.3009,1.0034
HVM-0982,W01,43,-8,1,10,1.3100,0.9726
HVM-0982,W01,44,-8,1,10,1.3231,0.9675
HVM-0982,W01,45,-8,1,10,1.3304,0.9397
HVM-0982,W01,46,-8,2,31,1.2832,1.0252
HVM-0982,W01,47,-8,2,31,1.3439,0.9517
HVM-0982,W01,48,-8,1,10,1.3394,0.9835
HVM-0982,W01,-48,-7,1,10,1.0473,0.9470
HVM-0982,W01,-47,-7,1,10,1.0234,1.0074
HVM-0982,W01,-46,-7,1,10,1.0414,0.9595
HVM-0982,W01,-45,-7,1,10,1.0637,0.9995
HVM-0982,W01,-44,-7,1,10,1.0540,0.9586
HVM-0982,W01,-43,-7,1,10,1.0929,0.9588
HVM-0982,W01,-42,-7,1,10,1.0895,0.9630
HVM-0982,W01,-41,-7,1,10,1.0744,0.9296
HVM-0982,W01,-40,-7,1,10,1.0274,0.9275
HVM-0982,W01,-39,-7,1,10,1.0942,1.0006
HVM-0982,W01,-38,-7,1,10,1.0945,0.9424
HVM-0982,W01,-37,-7,1,10,1.0859,0.9802
HVM-0982,W01,-36,-7,1,10,1.0986,0.9555
HVM-0982,W01,-35,-7,1,10,1.0855,0.9185
HVM-0982,W01,-34,-7,1,10,1.0614,0.9268
HVM-0982,W01,-33,-7,1,10,1.0971,0.9158
HVM-0982,W01,-32,-7,1,10,1.0944,0.9213
HVM-0982,W01,-31,-7,1,10,1.1161,0.8856
HVM-0982,W01,-30,-7,1,10,1.0994,0.9410
HVM-0982,W01,-29,-7,1,10,1.1408,0.9492
HVM-0982,W01,-28,-7,1,10,1.1335,0.9848
HVM-0982,W01,-27,-7,1,10,1.1038,0.8924
HVM-0982,W01,-26,-7,1,10,1.1160,0.9218
HVM-0982,W01,-25,-7,2,31,1.1483,0.8945
HVM-0982,W01,-24,-7,1,10,1.0912,0.9047
HVM-0982,W01,-23,-7,1,10,1.1349,0.9197
HVM-0982,W01,-22,-7,1,10,1.1333,0.9412
HVM-0982,W01,-21,-7,1,10,1.1260,0.8948
HVM-0982,W01,-20,-7,1,10,1.1333,0.9838
HVM-0982,W01,-19,-7,1,10,1.1666,0.8641
HVM-0982,W01,-18,-7,1,10,1.0823,0.9088
HVM-0982,W01,-17,-7,1,10,1.1629,0.9088
HVM-0982,W01,-16,-7,1,10,1.1256,0.8980
HVM-0982,W01,-15,-7,1,10,1.1385,0.9041
HVM-0982,W01,-14,-7,1,10,1.1660,0.9068
HVM-0982,W01,-13,-7,1,10,1.1868,0.8400
HVM-0982,W01,-12,-7,1,10,1.1104,0.8581
HVM-0982,W01,-11,-7,1,10,1.1173,0.8766
HVM-0982,W01,-10,-7,1,10,1.1627,0.9148
HVM-0982,W01,-9,-7,2,21,1.2104,0.8476
HVM-0982,W01,-8,-7,1,10,1.1708,0.8791
HVM-0982,W01,-7,-7,1,10,1.1713,0.8910
HVM-0982,W01,-6,-7,1,10,1.1900,0.8696
HVM-0982,W01,-5,-7,1,10,1.1623,0.8526
HVM-0982,W01,-4,-7,1,10,1.2152,0.8612
HVM-0982,W01,-3,-7,1,10,1.1960,0.9017
HVM-0982,W01,-2,-7,1,10,1.1911,0.8173
HVM-0982,W01,-1,-7,1,10,1.1499,0.9066
HVM-0982,W01,0,-7,1,10,1.1540,0.8971
HVM-0982,W01,1,-7,1,10,1.1864,0.8235
HVM-0982,W01,2,-7,1,10,1.2032,0.8454
HVM-0982,W01,3,-7,1,10,1.1823,0.8412
HVM-0982,W01,4,-7,1,10,1.2048,0.8584
HVM-0982,W01,5,-7,1,10,1.1970,0.8401
HVM-0982,W01,6,-7,1,10,1.1494,0.8627
HVM-0982,W01,7,-7,1,10,1.1807,0.8736
HVM-0982,W01,8,-7,1,10,1.1953,0.9036
HVM-0982,W01,9,-7,1,10,1.2818,0.9025
HVM-0982,W01,10,-7,1,10,1.2337,0.8694
HVM-0982,W01,11,-7,1,10,1.2404,0.8784
HVM-0982,W01,12,-7,1,10,1.2494,0.8859
HVM-0982,W01,13,-7,1,10,1.2429,0.9008
HVM-0982,W01,14,-7,1,10,1.2196,0.8360
HVM-0982,W01,15,-7,1,10,1.2474,0.9279
HVM-0982,W01,16,-7,1,10,1.2414,0.8871
HVM-0982,W01,17,-7,1,10,1.2467,0.8500
HVM-0982,W01,18,-7,1,10,1.2360,0.8792
HVM-0982,W01,19,-7,1,10,1.2441,0.8980
HVM-0982,W01,20,-7,1,10,1.2165,0.9127
HVM-0982,W01,21,-7,1,10,1.2756,0.9130
HVM-0982,W01,22,-7,1,10,1.2264,0.9371
HVM-0982,W01,23,-7,1,10,1.2223,0.9297
HVM-0982,W01,24,-7,1,10,1.2386,0.9151
HVM-0982,W01,25,-7,1,10,1.2747,0.9231
HVM-0982,W01,26,-7,1,10,1.2540,0.9295
HVM-0982,W01,27,-7,1,10,1.2684,0.9390
HVM-0982,W01,28,-7,1,10,1.2634,0.9540
HVM-0982,W01,29,-7,1,10,1.2815,0.9458
HVM-0982,W01,30,-7,1,10,1.2700,0.9429
HVM-0982,W01,31,-7,1,10,1.2819,0.8940
HVM-0982,W01,32,-7,1,10,1.3169,0.9298
HVM-0982,W01,33,-7,1,10,1.2895,0.9091
HVM-0982,W01,34,-7,1,10,1.2900,0.9455
HVM-0982,W01,35,-7,1,10,1.2871,0.9371
HVM-0982,W01,36,-7,1,10,1.3093,0.9411
HVM-0982,W01,37,-7,1,10,1.3188,0.9371
HVM-0982,W01,38,-7,1,10,1.3193,1.0183
HVM-0982,W01,39,-7,1,10,1.2932,0.8846
HVM-0982,W01,40,-7,1,10,1.3164,0.9357
HVM-0982,W01,41,-7,1,10,1.3272,0.9308
HVM-0982,W01,42,-7,1,10,1.3296,0.9656
HVM-0982,W01,43,-7,1,10,1.3357,0.9196
HVM-0982,W01,44,-7,1,10,1.3198,0.9668
HVM-0982,W01,45,-7,1,10,1.3212,0.8919
HVM-0982,W01,46,-7,1,10,1.3424,0.9743
HVM-0982,W01,47,-7,1,10,1.3464,0.9977
HVM-0982,W01,48,-7,1,10,1.3403,0.9436
HVM-0982,W01,-48,-6,4,31,1.0919,0.9377
HVM-0982,W01,-47,-6,4,30,1.0320,1.0066
HVM-0982,W01,-46,-6,3,20,1.0530,0.9457
HVM-0982,W01,-45,-6,1,10,1.0932,0.9641
HVM-0982,W01,-44,-6,1,10,1.0550,0.9294
HVM-0982,W01,-43,-6,1,10,1.0762,0.9595
HVM-0982,W01,-42,-6,1,10,1.0832,0.9596
HVM-0982,W01,-41,-6,1,10,1.0732,0.9573
HVM-0982,W01,-40,-6,1,10,1.0428,0.9362
HVM-0982,W01,-39,-6,1,10,1.0746,0.9906
HVM-0982,W01,-38,-6,1,10,1.0561,0.9027
HVM-0982,W01,-37,-6,1,10,1.0993,0.9526
HVM-0982,W01,-36,-6,1,10,1.0934,0.8709
HVM-0982,W01,-35,-6,1,10,1.0628,0.8921
HVM-0982,W01,-34,-6,1,10,1.0584,0.9110
HVM-0982,W01,-33,-6,1,10,1.0869,0.9640
HVM-0982,W01,-32,-6,1,10,1.0730,0.9072
HVM-0982,W01,-31,-6,1,10,1.1220,0.9367
HVM-0982,W01,-30,-6,1,10,1.1000,0.9795
HVM-0982,W01,-29,-6,1,10,1.0913,0.9220
HVM-0982,W01,-28,-6,1,10,1.0764,0.9052
HVM-0982,W01,-27,-6,1,10,1.1593,0.9235
HVM-0982,W01,-26,-6,1,10,1.0811,0.8984
HVM-0982,W01,-25,-6,1,10,1.1092,0.9014
HVM-0982,W01,-24,-6,1,10,1.1301,0.9108
HVM-0982,W01,-23,-6,1,10,1.1269,0.8977
HVM-0982,W01,-22,-6,1,10,1.1279,0.8533
HVM-0982,W01,-21,-6,1,10,1.1150,0.8667
HVM-0982,W01,-20,-6,1,10,1.1213,0.9192
HVM-0982,W01,-19,-6,1,10,1.1083,0.8788
HVM-0982,W01,-18,-6,1,10,1.1447,0.8949
HVM-0982,W01,-17,-6,1,10,1.1489,0.9118
HVM-0982,W01,-16,-6,1,10,1.1637,0.8598
HVM-0982,W01,-15,-6,1,10,1.1030,0.8766
HVM-0982,W01,-14,-6,1,10,1.1380,0.9093
HVM-0982,W01,-13,-6,1,10,1.1614,0.8417
HVM-0982,W01,-12,-6,1,10,1.1910,0.8346
HVM-0982,W01,-11,-6,1,10,1.1523,0.9089
HVM-0982,W01,-10,-6,1,10,1.1535,0.8544
HVM-0982,W01,-9,-6,1,10,1.1485,0.8793
HVM-0982,W01,-8,-6,1,10,1.1229,0.8615
HVM-0982,W01,-7,-6,4,21,1.1452,0.8861
HVM-0982,W01,-6,-6,1,10,1.1575,0.8572
HVM-0982,W01,-5,-6,1,10,1.2134,0.8353
HVM-0982,W01,-4,-6,1,10,1.1300,0.8405
HVM-0982,W01,-3,-6,1,10,1.1898,0.8279
HVM-0982,W01,-2,-6,1,10,1.2044,0.8469
HVM-0982,W01,-1,-6,1,10,1.1685,0.8954
HVM-0982,W01,0,-6,1,10,1.1789,0.8777
HVM-0982,W01,1,-6,1,10,1.1987,0.8654
HVM-0982,W01,2,-6,1,10,1.2130,0.8639
HVM-0982,W01,3,-6,1,10,1.2456,0.8737
HVM-0982,W01,4,-6,1,10,1.1960,0.8885
HVM-0982,W01,5,-6,1,10,1.1968,0.8590
HVM-0982,W01,6,-6,1,10,1.1984,0.9133
HVM-0982,W01,7,-6,1,10,1.2106,0.8362
HVM-0982,W01,8,-6,1,10,1.2258,0.8639
HVM-0982,W01,9,-6,1,10,1.2599,0.8693
HVM-0982,W01,10,-6,1,10,1.2464,0.9215
HVM-0982,W01,11,-6,1,10,1.2339,0.8445
HVM-0982,W01,12,-6,1,10,1.2208,0.8607
HVM-0982,W01,13,-6,1,10,1.2190,0.8710
HVM-0982,W01,14,-6,1,10,1.2348,0.9388
HVM-0982,W01,15,-6,1,10,1.2945,0.9038
HVM-0982,W01,16,-6,1,10,1.2320,0.9279
HVM-0982,W01,17,-6,1,10,1.2517,0.8798
HVM-0982,W01,18,-6,1,10,1.2362,0.8739
HVM-0982,W01,19,-6,1,10,1.2528,0.9042
HVM-0982,W01,20,-6,1,10,1.2425,0.8637
HVM-0982,W01,21,-6,2,30,1.2941,0.9074
HVM-0982,W01,22,-6,1,10,1.2604,0.9230
HVM-0982,W01,23,-6,1,10,1.2510,0.8896
HVM-0982,W01,24,-6,1,10,1.2957,0.9394
HVM-0982,W01,25,-6,1,10,1.2890,0.8988
HVM-0982,W01,26,-6,1,10,1.2418,0.9257
HVM-0982,W01,27,-6,1,10,1.2578,0.8954
HVM-0982,W01,28,-6,1,10,1.2669,0.8827
HVM-0982,W01,29,-6,1,10,1.2909,0.8895
HVM-0982,W01,30,-6,1,10,1.3259,0.9128
HVM-0982,W01,31,-6,1,10,1.3188,0.9596
HVM-0982,W01,32,-6,1,10,1.2572,0.9398
HVM-0982,W01,33,-6,1,10,1.2790,0.9439
HVM-0982,W01,34,-6,4,31,1.2368,0.9084
HVM-0982,W01,35,-6,1,10,1.2988,0.9513
HVM-0982,W01,36,-6,1,10,1.2567,0.9374
HVM-0982,W01,37,-6,1,10,1.3204,0.9556
HVM-0982,W01,38,-6,1,10,1.2668,0.9067
HVM-0982,W01,39,-6,1,10,1.3284,0.9266
HVM-0982,W01,40,-6,1,10,1.2969,0.9782
HVM-0982,W01,41,-6,1,10,1.3351,0.9451
HVM-0982,W01,42,-6,1,10,1.3468,0.9190
HVM-0982,W01,43,-6,1,10,1.3366,0.9197
HVM-0982,W01,44,-6,1,10,1.2810,0.9749
HVM-0982,W01,45,-6,2,31,1.3377,0.8947
HVM-0982,W01,46,-6,1,10,1.3408,0.9757
HVM-0982,W01,47,-6,1,10,1.3433,0.9566
HVM-0982,W01,48,-6,2,31,1.2985,0.9660
HVM-0982,W01,-48,-5,1,10,1.0665,0.9765
HVM-0982,W01,-47,-5,3,31,1.0425,0.9798
HVM-0982,W01,-46,-5,3,31,1.0547,0.9161
HVM-0982,W01,-45,-5,1,10,1.0251,0.9720
HVM-0982,W01,-44,-5,1,10,1.1094,0.9472
HVM-0982,W01,-43,-5,1,10,1.0670,0.9648
HVM-0982,W01,-42,-5,1,10,1.0497,0.9415
HVM-0982,W01,-41,-5,1,10,1.0501,0.9291
HVM-0982,W01,-40,-5,1,10,1.0587,0.9244
HVM-0982,W01,-39,-5,1,10,1.0950,0.9316
HVM-0982,W01,-38,-5,4,31,1.0668,0.9099
HVM-0982,W01,-37,-5,1,10,1.1227,0.9379
HVM-0982,W01,-36,-5,1,10,1.0767,0.9569
HVM-0982,W01,-35,-5,1,10,1.0790,0.9597
HVM-0982,W01,-34,-5,1,10,1.0898,0.9023
HVM-0982,W01,-33,-5,1,10,1.0915,0.9003
HVM-0982,W01,-32,-5,1,10,1.0602,0.9537
HVM-0982,W01,-31,-5,1,10,1.1126,0.9401
HVM-0982,W01,-30,-5,1,10,1.1087,0.8582
HVM-0982,W01,-29,-5,1,10,1.1121,0.9185
HVM-0982,W01,-28,-5,1,10,1.1021,0.9231
HVM-0982,W01,-27,-5,1,10,1.1058,0.9175
HVM-0982,W01,-26,-5,1,10,1.0825,0.8994
HVM-0982,W01,-25,-5,1,10,1.1348,0.9336
HVM-0982,W01,-24,-5,1,10,1.1643,0.9034
HVM-0982,W01,-23,-5,1,10,1.1272,0.9059
HVM-0982,W01,-22,-5,1,10,1.1496,0.9135
HVM-0982,W01,-21,-5,3,21,1.1233,0.9512
HVM-0982,W01,-20,-5,1,10,1.1388,0.9056
HVM-0982,W01,-19,-5,1,10,1.1576,0.8991
HVM-0982,W01,-18,-5,1,10,1.1341,0.8622
HVM-0982,W01,-17,-5,1,10,1.1618,0.8689
HVM-0982,W01,-16,-5,1,10,1.1523,0.8565
HVM-0982,W01,-15,-5,1,10,1.1468,0.8574
HVM-0982,W01,-14,-5,1,10,1.1311,0.9075
HVM-0982,W01,-13,-5,1,10,1.1814,0.8796
HVM-0982,W01,-12,-5,1,10,1.1845,0.9081
HVM-0982,W01,-11,-5,1,10,1.1651,0.8740
HVM-0982,W01,-10,-5,1,10,1.2011,0.8580
HVM-0982,W01,-9,-5,1,10,1.1374,0.8655
HVM-0982,W01,-8,-5,1,10,1.1667,0.8959
HVM-0982,W01,-7,-5,1,10,1.1730,0.8616
HVM-0982,W01,-6,-5,1,10,1.1780,0.8606
HVM-0982,W01,-5,-5,1,10,1.1730,0.8925
HVM-0982,W01,-4,-5,1,10,1.1659,0.8670
HVM-0982,W01,-3,-5,1,10,1.2501,0.8504
HVM-0982,W01,-2,-5,1,10,1.1717,0.8117
HVM-0982,W01,-1,-5,1,10,1.1865,0.8672
HVM-0982,W01,0,-5,1,10,1.2014,0.8771
HVM-0982,W01,1,-5,1,10,1.1975,0.8910
HVM-0982,W01,2,-5,1,10,1.2241,0.8533
HVM-0982,W01,3,-5,1,10,1.2089,0.8830
HVM-0982,W01,4,-5,1,10,1.2028,0.7861
HVM-0982,W01,5,-5,1,10,1.2107,0.8283
HVM-0982,W01,6,-5,1,10,1.2225,0.8803
HVM-0982,W01,7,-5,1,10,1.2301,0.8405
HVM-0982,W01,8,-5,3,20,1.2418,0.8650
HVM-0982,W01,9,-5,1,10,1.1816,0.9046
HVM-0982,W01,10,-5,1,10,1.2645,0.8991
HVM-0982,W01,11,-5,1,10,1.2517,0.8449
HVM-0982,W01,12,-5,1,10,1.2275,0.8571
HVM-0982,W01,13,-5,1,10,1.2219,0.8829
HVM-0982,W01,14,-5,1,10,1.2342,0.9346
HVM-0982,W01,15,-5,1,10,1.2088,0.9267
HVM-0982,W01,16,-5,1,10,1.2854,0.9230
HVM-0982,W01,17,-5,1,10,1.2588,0.9222
HVM-0982,W01,18,-5,1,10,1.2386,0.9184
HVM-0982,W01,19,-5,1,10,1.2958,0.8946
HVM-0982,W01,20,-5,1,10,1.2475,0.9043
HVM-0982,W01,21,-5,1,10,1.2656,0.8621
HVM-0982,W01,22,-5,1,10,1.2658,0.8908
HVM-0982,W01,23,-5,1,10,1.2595,0.9124
HVM-0982,W01,24,-5,1,10,1.2744,0.8625
HVM-0982,W01,25,-5,1,10,1.3495,0.9083
HVM-0982,W01,26,-5,1,10,1.2413,0.9294
HVM-0982,W01,27,-5,1,10,1.2322,0.8811
HVM-0982,W01,28,-5,1,10,1.2624,0.9515
HVM-0982,W01,29,-5,1,10,1.2157,0.9060
HVM-0982,W01,30,-5,1,10,1.3171,0.9271
HVM-0982,W01,31,-5,1,10,1.2954,0.8901
HVM-0982,W01,32,-5,1,10,1.2541,0.9471
HVM-0982,W01,33,-5,2,31,1.3021,0.9350
HVM-0982,W01,34,-5,1,10,1.2661,0.8850
HVM-0982,W01,35,-5,1,10,1.2842,0.9504
HVM-0982,W01,36,-5,1,10,1.3250,0.9564
HVM-0982,W01,37,-5,1,10,1.3167,0.9549
HVM-0982,W01,38,-5,1,10,1.2986,0.9517
HVM-0982,W01,39,-5,1,10,1.3253,0.9787
HVM-0982,W01,40,-5,1,10,1.3415,0.9133
HVM-0982,W01,41,-5,1,10,1.3453,0.9144
HVM-0982,W01,42,-5,1,10,1.2196,0.9521
HVM-0982,W01,43,-5,1,10,1.3179,0.9446
HVM-0982,W01,44,-5,1,10,1.3691,0.9426
HVM-0982,W01,45,-5,1,10,1.2977,0.9681
HVM-0982,W01,46,-5,1,10,1.3308,0.9836
HVM-0982,W01,47,-5,1,10,1.3352,0.9410
HVM-0982,W01,48,-5,3,20,1.3422,0.9470
HVM-0982,W01,-48,-4,1,10,1.0335,0.9313
HVM-0982,W01,-47,-4,1,10,1.0989,0.9264
HVM-0982,W01,-46,-4,1,10,1.0588,0.9719
HVM-0982,W01,-45,-4,1,10,1.0596,0.9730
HVM-0982,W01,-44,-4,1,10,1.0555,0.9235
HVM-0982,W01,-43,-4,1,10,1.0697,0.9664
HVM-0982,W01,-42,-4,1,10,1.1068,0.9344
HVM-0982,W01,-41,-4,1,10,1.1181,0.9421
HVM-0982,W01,-40,-4,1,10,1.1160,0.9470
HVM-0982,W01,-39,-4,1,10,1.0669,0.9799
HVM-0982,W01,-38,-4,1,10,1.0871,0.9625
HVM-0982,W01,-37,-4,1,10,1.1123,0.9238
HVM-0982,W01,-36,-4,1,10,1.1278,0.9052
HVM-0982,W01,-35,-4,1,10,1.0517,0.9325
HVM-0982,W01,-34,-4,1,10,1.0825,0.9181
HVM-0982,W01,-33,-4,1,10,1.0671,0.9237
HVM-0982,W01,-32,-4,1,10,1.1248,0.8780
HVM-0982,W01,-31,-4,1,10,1.0805,0.9505
HVM-0982,W01,-30,-4,1,10,1.0781,0.9414
HVM-0982,W01,-29,-4,1,10,1.1167,0.9299
HVM-0982,W01,-28,-4,1,10,1.1047,0.9223
HVM-0982,W01,-27,-4,1,10,1.1083,0.9568
HVM-0982,W01,-26,-4,1,10,1.0956,0.8804
HVM-0982,W01,-25,-4,1,10,1.1304,0.9152
HVM-0982,W01,-24,-4,1,10,1.1157,0.9246
HVM-0982,W01,-23,-4,1,10,1.1258,0.9372
HVM-0982,W01,-22,-4,1,10,1.1251,0.9262
HVM-0982,W01,-21,-4,1,10,1.1596,0.8900
HVM-0982,W01,-20,-4,1,10,1.1438,0.8791
HVM-0982,W01,-19,-4,1,10,1.1373,0.8694
HVM-0982,W01,-18,-4,1,10,1.1535,0.9043
HVM-0982,W01,-17,-4,1,10,1.1451,0.9100
HVM-0982,W01,-16,-4,1,10,1.1621,0.8346
HVM-0982,W01,-15,-4,1,10,1.1142,0.9150
HVM-0982,W01,-14,-4,2,30,1.1539,0.9123
HVM-0982,W01,-13,-4,1,10,1.1470,0.8883
HVM-0982,W01,-12,-4,1,10,1.1474,0.8667
HVM-0982,W01,-11,-4,1,10,1.1312,0.9135
HVM-0982,W01,-10,-4,1,10,1.1839,0.9417
HVM-0982,W01,-9,-4,1,10,1.1596,0.8856
HVM-0982,W01,-8,-4,1,10,1.1761,0.8789
HVM-0982,W01,-7,-4,1,10,1.1574,0.8441
HVM-0982,W01,-6,-4,1,10,1.1842,0.8998
HVM-0982,W01,-5,-4,1,10,1.1717,0.8764
HVM-0982,W01,-4,-4,1,10,1.1959,0.8609
HVM-0982,W01,-3,-4,1,10,1.1815,0.8480
HVM-0982,W01,-2,-4,1,10,1.2222,0.8637
HVM-0982,W01,-1,-4,1,10,1.2273,0.8507
HVM-0982,W01,0,-4,3,20,1.2061,0.8457
HVM-0982,W01,1,-4,1,10,1.2086,0.8650
HVM-0982,W01,2,-4,1,10,1.1938,0.8417
HVM-0982,W01,3,-4,1,10,1.1969,0.8255
HVM-0982,W01,4,-4,1,10,1.1843,0.8197
HVM-0982,W01,5,-4,1,10,1.1980,0.8554
HVM-0982,W01,6,-4,1,10,1.1939,0.8324
HVM-0982,W01,7,-4,1,10,1.2197,0.8684
HVM-0982,W01,8,-4,1,10,1.1785,0.8638
HVM-0982,W01,9,-4,1,10,1.1869,0.8636
HVM-0982,W01,10,-4,1,10,1.2234,0.8646
HVM-0982,W01,11,-4,1,10,1.2777,0.8756
HVM-0982,W01,12,-4,1,10,1.2237,0.8800
HVM-0982,W01,13,-4,1,10,1.2167,0.8893
HVM-0982,W01,14,-4,1,10,1.2026,0.8292
HVM-0982,W01,15,-4,1,10,1.2731,0.8741
HVM-0982,W01,16,-4,1,10,1.2695,0.8723
HVM-0982,W01,17,-4,1,10,1.1803,0.9156
HVM-0982,W01,18,-4,1,10,1.2749,0.8893
HVM-0982,W01,19,-4,1,10,1.2489,0.8820
HVM-0982,W01,20,-4,1,10,1.2645,0.9247
HVM-0982,W01,21,-4,1,10,1.2629,0.8725
HVM-0982,W01,22,-4,1,10,1.2409,0.9028
HVM-0982,W01,23,-4,1,10,1.2717,0.9061
HVM-0982,W01,24,-4,1,10,1.2904,0.8926
HVM-0982,W01,25,-4,1,10,1.2578,0.8985
HVM-0982,W01,26,-4,1,10,1.2259,0.9619
HVM-0982,W01,27,-4,1,10,1.2250,0.9679
HVM-0982,W01,28,-4,1,10,1.2214,0.9534
HVM-0982,W01,29,-4,4,31,1.2152,0.8800
HVM-0982,W01,30,-4,1,10,1.2861,0.9135
HVM-0982,W01,31,-4,2,21,1.3221,0.9766
HVM-0982,W01,32,-4,1,10,1.2899,0.9679
HVM-0982,W01,33,-4,1,10,1.2808,0.9081
HVM-0982,W01,34,-4,1,10,1.2717,0.9520
HVM-0982,W01,35,-4,1,10,1.2553,0.9557
HVM-0982,W01,36,-4,1,10,1.3319,0.9214
HVM-0982,W01,37,-4,1,10,1.2910,0.9561
HVM-0982,W01,38,-4,1,10,1.2903,0.9279
HVM-0982,W01,39,-4,1,10,1.3174,0.9690
HVM-0982,W01,40,-4,1,10,1.2972,0.9903
HVM-0982,W01,41,-4,1,10,1.3227,0.9143
HVM-0982,W01,42,-4,1,10,1.3197,0.9374
HVM-0982,W01,43,-4,1,10,1.3201,0.9195
HVM-0982,W01,44,-4,1,10,1.3197,0.9307
HVM-0982,W01,45,-4,1,10,1.3368,0.9379
HVM-0982,W01,46,-4,1,10,1.3309,0.9335
HVM-0982,W01,47,-4,2,20,1.3021,0.9750
HVM-0982,W01,48,-4,1,10,1.3244,0.9389
HVM-0982,W01,-48,-3,4,20,1.0419,1.0033
HVM-0982,W01,-47,-3,1,10,1.0796,1.0040
HVM-0982,W01,-46,-3,3,30,1.0907,0.9615
HVM-0982,W01,-45,-3,1,10,1.1152,0.9534
HVM-0982,W01,-44,-3,1,10,1.1054,0.9446
HVM-0982,W01,-43,-3,1,10,1.0281,0.9637
HVM-0982,W01,-42,-3,1,10,1.0568,0.9354
HVM-0982,W01,-41,-3,1,10,1.0722,0.9170
HVM-0982,W01,-40,-3,1,10,1.0542,0.9547
HVM-0982,W01,-39,-3,1,10,1.0599,0.9758
HVM-0982,W01,-38,-3,1,10,1.0724,0.9818
HVM-0982,W01,-37,-3,1,10,1.0797,0.9295
HVM-0982,W01,-36,-3,1,10,1.0884,0.9287
HVM-0982,W01,-35,-3,1,10,1.0631,0.9186
HVM-0982,W01,-34,-3,1,10,1.0831,0.8732
HVM-0982,W01,-33,-3,1,10,1.0554,0.9434
HVM-0982,W01,-32,-3,1,10,1.1105,0.9026
HVM-0982,W01,-31,-3,1,10,1.1285,0.9014
HVM-0982,W01,-30,-3,1,10,1.1217,0.8750
HVM-0982,W01,-29,-3,1,10,1.1253,0.9318
HVM-0982,W01,-28,-3,1,10,1.1132,0.9627
HVM-0982,W01,-27,-3,1,10,1.1246,0.9020
HVM-0982,W01,-26,-3,1,10,1.1116,0.9435
HVM-0982,W01,-25,-3,1,10,1.1389,0.8969
HVM-0982,W01,-24,-3,1,10,1.1442,0.8927
HVM-0982,W01,-23,-3,1,10,1.1161,0.9306
HVM-0982,W01,-22,-3,1,10,1.1029,0.9146
HVM-0982,W01,-21,-3,1,10,1.1758,0.9153
HVM-0982,W01,-20,-3,1,10,1.1571,0.8848
HVM-0982,W01,-19,-3,1,10,1.1362,0.9168
HVM-0982,W01,-18,-3,1,10,1.1811,0.8898
HVM-0982,W01,-17,-3,1,10,1.1350,0.8961
HVM-0982,W01,-16,-3,1,10,1.1522,0.8625
HVM-0982,W01,-15,-3,1,10,1.1172,0.8863
HVM-0982,W01,-14,-3,1,10,1.1525,0.8984
HVM-0982,W01,-13,-3,1,10,1.1631,0.8954
HVM-0982,W01,-12,-3,1,10,1.1496,0.8603
HVM-0982,W01,-11,-3,1,10,1.1719,0.8810
HVM-0982,W01,-10,-3,1,10,1.1631,0.8655
HVM-0982,W01,-9,-3,1,10,1.1597,0.8803
HVM-0982,W01,-8,-3,1,10,1.2058,0.8933
HVM-0982,W01,-7,-3,1,10,1.1687,0.8689
HVM-0982,W01,-6,-3,1,10,1.1752,0.8617
HVM-0982,W01,-5,-3,1,10,1.1776,0.8818
HVM-0982,W01,-4,-3,1,10,1.1772,0.8475
HVM-0982,W01,-3,-3,1,10,1.1740,0.8559
HVM-0982,W01,-2,-3,1,10,1.1557,0.8427
HVM-0982,W01,-1,-3,1,10,1.1927,0.8426
HVM-0982,W01,0,-3,1,10,1.1753,0.8292
HVM-0982,W01,1,-3,1,10,1.2177,0.8881
HVM-0982,W01,2,-3,1,10,1.2146,0.8929
HVM-0982,W01,3,-3,1,10,1.1443,0.8586
HVM-0982,W01,4,-3,1,10,1.1935,0.8480
HVM-0982,W01,5,-3,1,10,1.1725,0.8595
HVM-0982,W01,6,-3,1,10,1.1950,0.8588
HVM-0982,W01,7,-3,1,10,1.2373,0.8706
HVM-0982,W01,8,-3,1,10,1.1633,0.8748
HVM-0982,W01,9,-3,1,10,1.1623,0.8686
HVM-0982,W01,10,-3,1,10,1.2918,0.8539
HVM-0982,W01,11,-3,1,10,1.2435,0.8770
HVM-0982,W01,12,-3,1,10,1.2639,0.8825
HVM-0982,W01,13,-3,1,10,1.2460,0.8942
HVM-0982,W01,14,-3,1,10,1.1993,0.8747
HVM-0982,W01,15,-3,1,10,1.2414,0.8985
HVM-0982,W01,16,-3,1,10,1.2593,0.8917
HVM-0982,W01,17,-3,1,10,1.2806,0.8644
HVM-0982,W01,18,-3,1,10,1.2359,0.9073
HVM-0982,W01,19,-3,1,10,1.2142,0.8741
HVM-0982,W01,20,-3,1,10,1.2402,0.8649
HVM-0982,W01,21,-3,1,10,1.2556,0.9175
HVM-0982,W01,22,-3,1,10,1.2527,0.8768
HVM-0982,W01,23,-3,1,10,1.2845,0.9242
HVM-0982,W01,24,-3,1,10,1.2487,0.8839
HVM-0982,W01,25,-3,1,10,1.2520,0.9050
HVM-0982,W01,26,-3,1,10,1.2665,0.8608
HVM-0982,W01,27,-3,1,10,1.2514,0.9387
HVM-0982,W01,28,-3,1,10,1.2611,0.8973
HVM-0982,W01,29,-3,1,10,1.2814,0.9249
HVM-0982,W01,30,-3,1,10,1.2602,0.9325
HVM-0982,W01,31,-3,1,10,1.2768,0.8741
HVM-0982,W01,32,-3,1,10,1.2861,0.8939
HVM-0982,W01,33,-3,1,10,1.3190,0.8562
HVM-0982,W01,34,-3,4,20,1.3008,0.9756
HVM-0982,W01,35,-3,1,10,1.2744,0.9499
HVM-0982,W01,36,-3,1,10,1.2623,0.9287
HVM-0982,W01,37,-3,1,10,1.3815,0.9267
HVM-0982,W01,38,-3,1,10,1.3327,0.9872
HVM-0982,W01,39,-3,1,10,1.3019,0.9595
HVM-0982,W01,40,-3,1,10,1.3301,0.9296
HVM-0982,W01,41,-3,1,10,1.3132,0.9592
HVM-0982,W01,42,-3,1,10,1.2953,0.9583
HVM-0982,W01,43,-3,1,10,1.3227,0.9357
HVM-0982,W01,44,-3,1,10,1.2895,0.9338
HVM-0982,W01,45,-3,1,10,1.2972,0.9833
HVM-0982,W01,46,-3,1,10,1.3633,0.9853
HVM-0982,W01,47,-3,4,21,1.3755,0.9632
HVM-0982,W01,48,-3,1,10,1.3615,0.9548
HVM-0982,W01,-48,-2,1,10,1.0606,0.9423
HVM-0982,W01,-47,-2,1,10,1.0611,0.9775
HVM-0982,W01,-46,-2,2,30,1.0732,0.9959
HVM-0982,W01,-45,-2,1,10,1.0712,0.9760
HVM-0982,W01,-44,-2,1,10,1.0365,0.9708
HVM-0982,W01,-43,-2,1,10,1.0817,0.9131
HVM-0982,W01,-42,-2,1,10,1.0269,0.9346
HVM-0982,W01,-41,-2,1,10,1.0748,0.9508
HVM-0982,W01,-40,-2,1,10,1.0540,0.9404
HVM-0982,W01,-39,-2,1,10,1.0622,0.9091
HVM-0982,W01,-38,-2,1,10,1.1209,0.9211
HVM-0982,W01,-37,-2,1,10,1.0635,0.9632
HVM-0982,W01,-36,-2,1,10,1.0614,0.9581
HVM-0982,W01,-35,-2,1,10,1.0615,0.9369
HVM-0982,W01,-34,-2,1,10,1.0788,0.9013
HVM-0982,W01,-33,-2,1,10,1.0882,0.9358
HVM-0982,W01,-32,-2,1,10,1.0912,0.9221
HVM-0982,W01,-31,-2,1,10,1.1448,0.9317
HVM-0982,W01,-30,-2,1,10,1.0929,0.9003
HVM-0982,W01,-29,-2,4,31,1.1287,0.9433
HVM-0982,W01,-28,-2,1,10,1.0962,0.9395
HVM-0982,W01,-27,-2,1,10,1.1171,0.9206
HVM-0982,W01,-26,-2,1,10,1.1209,0.9323
HVM-0982,W01,-25,-2,1,10,1.1694,0.8982
HVM-0982,W01,-24,-2,1,10,1.1326,0.9122
HVM-0982,W01,-23,-2,1,10,1.1749,0.9148
HVM-0982,W01,-22,-2,1,10,1.0819,0.8877
HVM-0982,W01,-21,-2,1,10,1.1112,0.9330
HVM-0982,W01,-20,-2,1,10,1.0971,0.8494
HVM-0982,W01,-19,-2,1,10,1.1252,0.9036
HVM-0982,W01,-18,-2,1,10,1.0941,0.8889
HVM-0982,W01,-17,-2,1,10,1.1601,0.9623
HVM-0982,W01,-16,-2,1,10,1.1685,0.8935
HVM-0982,W01,-15,-2,1,10,1.1508,0.8904
HVM-0982,W01,-14,-2,1,10,1.1866,0.8954
HVM-0982,W01,-13,-2,1,10,1.1660,0.8973
HVM-0982,W01,-12,-2,1,10,1.1355,0.8759
HVM-0982,W01,-11,-2,1,10,1.1720,0.8516
HVM-0982,W01,-10,-2,1,10,1.1697,0.8799
HVM-0982,W01,-9,-2,1,10,1.1690,0.8616
HVM-0982,W01,-8,-2,1,10,1.1803,0.8955
HVM-0982,W01,-7,-2,1,10,1.1563,0.8122
HVM-0982,W01,-6,-2,1,10,1.2234,0.8746
HVM-0982,W01,-5,-2,1,10,1.1863,0.8826
HVM-0982,W01,-4,-2,1,10,1.2212,0.8741
HVM-0982,W01,-3,-2,1,10,1.1961,0.7925
HVM-0982,W01,-2,-2,1,10,1.2102,0.8428
HVM-0982,W01,-1,-2,1,10,1.1702,0.8868
HVM-0982,W01,0,-2,1,10,1.1973,0.8572
HVM-0982,W01,1,-2,3,30,1.2038,0.8583
HVM-0982,W01,2,-2,1,10,1.1830,0.8959
HVM-0982,W01,3,-2,1,10,1.2021,0.8413
HVM-0982,W01,4,-2,1,10,1.1778,0.8202
HVM-0982,W01,5,-2,1,10,1.2535,0.8539
HVM-0982,W01,6,-2,4,30,1.2438,0.8739
HVM-0982,W01,7,-2,1,10,1.2711,0.8594
HVM-0982,W01,8,-2,1,10,1.1810,0.9000
HVM-0982,W01,9,-2,1,10,1.2368,0.8666
HVM-0982,W01,10,-2,1,10,1.2498,0.8887
HVM-0982,W01,11,-2,1,10,1.2029,0.8592
HVM-0982,W01,12,-2,1,10,1.2363,0.8973
HVM-0982,W01,13,-2,1,10,1.2386,0.8742
HVM-0982,W01,14,-2,1,10,1.2377,0.9130
HVM-0982,W01,15,-2,1,10,1.2245,0.8649
HVM-0982,W01,16,-2,1,10,1.2361,0.8913
HVM-0982,W01,17,-2,1,10,1.2190,0.8637
HVM-0982,W01,18,-2,1,10,1.2425,0.9479
HVM-0982,W01,19,-2,1,10,1.2502,0.9256
HVM-0982,W01,20,-2,1,10,1.2082,0.9165
HVM-0982,W01,21,-2,1,10,1.2913,0.8724
HVM-0982,W01,22,-2,1,10,1.2715,0.8846
HVM-0982,W01,23,-2,1,10,1.2580,0.8939
HVM-0982,W01,24,-2,1,10,1.2941,0.9062
HVM-0982,W01,25,-2,1,10,1.2817,0.8986
HVM-0982,W01,26,-2,1,10,1.2902,0.8918
HVM-0982,W01,27,-2,1,10,1.2494,0.9202
HVM-0982,W01,28,-2,1,10,1.2927,0.9007
HVM-0982,W01,29,-2,1,10,1.2853,0.9205
HVM-0982,W01,30,-2,1,10,1.2897,0.9288
HVM-0982,W01,31,-2,1,10,1.3184,0.9220
HVM-0982,W01,32,-2,1,10,1.2701,0.8592
HVM-0982,W01,33,-2,1,10,1.2819,0.9441
HVM-0982,W01,34,-2,1,10,1.3143,0.9159
HVM-0982,W01,35,-2,1,10,1.2814,0.9172
HVM-0982,W01,36,-2,1,10,1.3269,0.9572
HVM-0982,W01,37,-2,1,10,1.2726,0.9169
HVM-0982,W01,38,-2,1,10,1.3379,0.9635
HVM-0982,W01,39,-2,1,10,1.3318,0.9449
HVM-0982,W01,40,-2,1,10,1.3477,0.9413
HVM-0982,W01,41,-2,1,10,1.3159,0.9587
HVM-0982,W01,42,-2,1,10,1.3649,0.9539
HVM-0982,W01,43,-2,1,10,1.3476,0.9184
HVM-0982,W01,44,-2,1,10,1.3585,0.9584
HVM-0982,W01,45,-2,1,10,1.3584,0.9552
HVM-0982,W01,46,-2,1,10,1.3689,0.9406
HVM-0982,W01,47,-2,4,30,1.3534,0.9649
HVM-0982,W01,48,-2,2,20,1.3489,0.9536
HVM-0982,W01,-48,-1,3,21,1.0486,0.9835
HVM-0982,W01,-47,-1,2,21,1.0755,0.9695
HVM-0982,W01,-46,-1,3,21,1.0372,0.9749
HVM-0982,W01,-45,-1,1,10,1.0900,0.9326
HVM-0982,W01,-44,-1,2,31,1.0202,0.9757
HVM-0982,W01,-43,-1,1,10,1.0450,0.9213
HVM-0982,W01,-42,-1,1,10,1.0384,0.9547
HVM-0982,W01,-41,-1,1,10,1.0317,0.9325
HVM-0982,W01,-40,-1,1,10,1.1152,0.9420
HVM-0982,W01,-39,-1,1,10,1.0336,0.9662
HVM-0982,W01,-38,-1,1,10,1.0615,0.9536
HVM-0982,W01,-37,-1,1,10,1.0634,0.9388
HVM-0982,W01,-36,-1,1,10,1.0603,0.9534
HVM-0982,W01,-35,-1,1,10,1.1417,0.9018
HVM-0982,W01,-34,-1,1,10,1.1277,0.8955
HVM-0982,W01,-33,-1,1,10,1.0960,0.9123
HVM-0982,W01,-32,-1,1,10,1.1155,0.9283
HVM-0982,W01,-31,-1,1,10,1.0934,0.9150
HVM-0982,W01,-30,-1,4,21,1.0725,0.9434
HVM-0982,W01,-29,-1,1,10,1.1279,0.9044
HVM-0982,W01,-28,-1,1,10,1.1124,0.9048
HVM-0982,W01,-27,-1,1,10,1.0943,0.8901
HVM-0982,W01,-26,-1,1,10,1.1063,0.9313
HVM-0982,W01,-25,-1,1,10,1.1230,0.9532
HVM-0982,W01,-24,-1,1,10,1.0765,0.8668
HVM-0982,W01,-23,-1,1,10,1.0780,0.9040
HVM-0982,W01,-22,-1,1,10,1.1238,0.9302
HVM-0982,W01,-21,-1,1,10,1.1112,0.8938
HVM-0982,W01,-20,-1,1,10,1.1365,0.9039
HVM-0982,W01,-19,-1,1,10,1.1491,0.8955
HVM-0982,W01,-18,-1,1,10,1.1310,0.9405
HVM-0982,W01,-17,-1,4,21,1.1651,0.9159
HVM-0982,W01,-16,-1,1,10,1.1613,0.9202
HVM-0982,W01,-15,-1,1,10,1.1673,0.8939
HVM-0982,W01,-14,-1,1,10,1.1592,0.8584
HVM-0982,W01,-13,-1,1,10,1.1276,0.8950
HVM-0982,W01,-12,-1,1,10,1.1817,0.9046
HVM-0982,W01,-11,-1,1,10,1.1816,0.8656
HVM-0982,W01,-10,-1,1,10,1.1591,0.8119
HVM-0982,W01,-9,-1,1,10,1.1685,0.8660
HVM-0982,W01,-8,-1,1,10,1.1733,0.8990
HVM-0982,W01,-7,-1,1,10,1.1559,0.8729
HVM-0982,W01,-6,-1,1,10,1.1948,0.9040
HVM-0982,W01,-5,-1,1,10,1.1002,0.8373
HVM-0982,W01,-4,-1,1,10,1.1425,0.8635
HVM-0982,W01,-3,-1,1,10,1.1681,0.8919
HVM-0982,W01,-2,-1,4,30,1.2170,0.8927
HVM-0982,W01,-1,-1,1,10,1.2113,0.8668
HVM-0982,W01,0,-1,1,10,1.1924,0.8859
HVM-0982,W01,1,-1,1,10,1.2411,0.8380
HVM-0982,W01,2,-1,1,10,1.2497,0.8285
HVM-0982,W01,3,-1,1,10,1.2091,0.8820
HVM-0982,W01,4,-1,1,10,1.1762,0.8221
HVM-0982,W01,5,-1,1,10,1.1960,0.8782
HVM-0982,W01,6,-1,1,10,1.2871,0.8602
HVM-0982,W01,7,-1,1,10,1.2339,0.8707
HVM-0982,W01,8,-1,1,10,1.2458,0.8539
HVM-0982,W01,9,-1,1,10,1.1940,0.8627
HVM-0982,W01,10,-1,1,10,1.2587,0.8557
HVM-0982,W01,11,-1,1,10,1.2188,0.8762
HVM-0982,W01,12,-1,1,10,1.2347,0.8529
HVM-0982,W01,13,-1,1,10,1.2762,0.8578
HVM-0982,W01,14,-1,1,10,1.2699,0.9184
HVM-0982,W01,15,-1,1,10,1.2228,0.9045
HVM-0982,W01,16,-1,1,10,1.2580,0.8666
HVM-0982,W01,17,-1,1,10,1.2802,0.8601
HVM-0982,W01,18,-1,1,10,1.2745,0.9243
HVM-0982,W01,19,-1,1,10,1.2911,0.9219
HVM-0982,W01,20,-1,1,10,1.2600,0.9288
HVM-0982,W01,21,-1,1,10,1.2231,0.8804
HVM-0982,W01,22,-1,1,10,1.2435,0.8826
HVM-0982,W01,23,-1,1,10,1.2391,0.9101
HVM-0982,W01,24,-1,1,10,1.2535,0.8633
HVM-0982,W01,25,-1,1,10,1.2949,0.9088
HVM-0982,W01,26,-1,1,10,1.2954,0.9239
HVM-0982,W01,27,-1,1,10,1.3022,0.8648
HVM-0982,W01,28,-1,1,10,1.3418,0.8975
HVM-0982,W01,29,-1,1,10,1.2649,0.9069
HVM-0982,W01,30,-1,1,10,1.2225,0.9202
HVM-0982,W01,31,-1,1,10,1.2981,0.9420
HVM-0982,W01,32,-1,1,10,1.3269,0.8927
HVM-0982,W01,33,-1,1,10,1.2650,0.9274
HVM-0982,W01,34,-1,1,10,1.2958,0.9597
HVM-0982,W01,35,-1,1,10,1.3088,0.9285
HVM-0982,W01,36,-1,1,10,1.2462,0.9345
HVM-0982,W01,37,-1,1,10,1.2907,0.9082
HVM-0982,W01,38,-1,1,10,1.3592,0.9425
HVM-0982,W01,39,-1,1,10,1.3355,0.9233
HVM-0982,W01,40,-1,1,10,1.3172,1.0141
HVM-0982,W01,41,-1,1,10,1.3567,0.9671
HVM-0982,W01,42,-1,1,10,1.3382,1.0263
HVM-0982,W01,43,-1,1,10,1.3433,0.9106
HVM-0982,W01,44,-1,1,10,1.3268,0.9655
HVM-0982,W01,45,-1,1,10,1.3197,0.9092
HVM-0982,W01,46,-1,2,20,1.3285,0.9550
HVM-0982,W01,47,-1,2,21,1.3336,0.9680
HVM-0982,W01,48,-1,1,10,1.3175,0.9962
HVM-0982,W01,-48,0,4,21,1.0251,0.9638
HVM-0982,W01,-47,0,4,21,1.0513,0.9655
HVM-0982,W01,-46,0,4,31,1.0589,0.9725
HVM-0982,W01,-45,0,1,10,1.0424,1.0109
HVM-0982,W01,-44,0,1,10,1.0305,0.9461
HVM-0982,W01,-43,0,1,10,1.0703,0.9450
HVM-0982,W01,-42,0,1,10,1.0839,0.9368
HVM-0982,W01,-41,0,1,10,1.0821,0.9497
HVM-0982,W01,-40,0,1,10,1.1036,0.9251
HVM-0982,W01,-39,0,1,10,1.0774,0.9070
HVM-0982,W01,-38,0,1,10,1.0426,0.9294
HVM-0982,W01,-37,0,1,10,1.0288,0.9406
HVM-0982,W01,-36,0,2,21,1.0778,0.9315
HVM-0982,W01,-35,0,1,10,1.1071,0.9199
HVM-0982,W01,-34,0,1,10,1.1249,0.9381
HVM-0982,W01,-33,0,1,10,1.0804,0.9220
HVM-0982,W01,-32,0,1,10,1.1440,0.9163
HVM-0982,W01,-31,0,1,10,1.1308,0.9578
HVM-0982,W01,-30,0,1,10,1.1686,0.9413
HVM-0982,W01,-29,0,1,10,1.1438,0.9124
HVM-0982,W01,-28,0,2,21,1.1226,0.8892
HVM-0982,W01,-27,0,1,10,1.1434,0.8823
HVM-0982,W01,-26,0,1,10,1.1036,0.8827
HVM-0982,W01,-25,0,1,10,1.1172,0.9633
HVM-0982,W01,-24,0,1,10,1.1347,0.9141
HVM-0982,W01,-23,0,1,10,1.1110,0.8802
HVM-0982,W01,-22,0,2,21,1.0741,0.9035
HVM-0982,W01,-21,0,1,10,1.1400,0.8939
HVM-0982,W01,-20,0,1,10,1.1460,0.8947
HVM-0982,W01,-19,0,3,21,1.1319,0.9218
HVM-0982,W01,-18,0,1,10,1.1262,0.9026
HVM-0982,W01,-17,0,3,21,1.1691,0.8632
HVM-0982,W01,-16,0,1,10,1.1283,0.9427
HVM-0982,W01,-15,0,1,10,1.1287,0.9093
HVM-0982,W01,-14,0,1,10,1.1328,0.8860
HVM-0982,W01,-13,0,1,10,1.1686,0.8989
HVM-0982,W01,-12,0,1,10,1.1502,0.8828
HVM-0982,W01,-11,0,1,10,1.1483,0.8399
HVM-0982,W01,-10,0,1,10,1.1621,0.8541
HVM-0982,W01,-9,0,1,10,1.1721,0.8740
HVM-0982,W01,-8,0,1,10,1.1818,0.8816
HVM-0982,W01,-7,0,1,10,1.1880,0.8454
HVM-0982,W01,-6,0,1,10,1.1955,0.8828
HVM-0982,W01,-5,0,1,10,1.2022,0.8280
HVM-0982,W01,-4,0,1,10,1.2263,0.8813
HVM-0982,W01,-3,0,1,10,1.1541,0.8681
HVM-0982,W01,-2,0,1,10,1.1974,0.8553
HVM-0982,W01,-1,0,1,10,1.1884,0.8869
HVM-0982,W01,0,0,1,10,1.1929,0.8809
HVM-0982,W01,1,0,1,10,1.2170,0.8267
HVM-0982,W01,2,0,1,10,1.2483,0.8702
HVM-0982,W01,3,0,2,20,1.2022,0.8516
HVM-0982,W01,4,0,1,10,1.1895,0.8784
HVM-0982,W01,5,0,1,10,1.2099,0.8470
HVM-0982,W01,6,0,1,10,1.2088,0.9084
HVM-0982,W01,7,0,1,10,1.2292,0.9188
HVM-0982,W01,8,0,1,10,1.2377,0.9259
HVM-0982,W01,9,0,1,10,1.2260,0.8305
HVM-0982,W01,10,0,1,10,1.2311,0.8231
HVM-0982,W01,11,0,1,10,1.2868,0.8644
HVM-0982,W01,12,0,1,10,1.2796,0.8578
HVM-0982,W01,13,0,1,10,1.2398,0.9012
HVM-0982,W01,14,0,1,10,1.2350,0.8800
HVM-0982,W01,15,0,1,10,1.2383,0.8538
HVM-0982,W01,16,0,1,10,1.2468,0.9189
HVM-0982,W01,17,0,1,10,1.2529,0.9084
HVM-0982,W01,18,0,1,10,1.2407,0.8735
HVM-0982,W01,19,0,1,10,1.2666,0.9249
HVM-0982,W01,20,0,1,10,1.2471,0.9294
HVM-0982,W01,21,0,1,10,1.2537,0.8572
HVM-0982,W01,22,0,1,10,1.2584,0.9154
HVM-0982,W01,23,0,1,10,1.2985,0.8656
HVM-0982,W01,24,0,1,10,1.2344,0.8863
HVM-0982,W01,25,0,1,10,1.3014,0.8706
HVM-0982,W01,26,0,1,10,1.3457,0.9298
HVM-0982,W01,27,0,1,10,1.3323,0.9507
HVM-0982,W01,28,0,1,10,1.2906,0.9422
HVM-0982,W01,29,0,1,10,1.2933,0.9113
HVM-0982,W01,30,0,1,10,1.2895,0.9144
HVM-0982,W01,31,0,1,10,1.2757,0.9455
HVM-0982,W01,32,0,1,10,1.3247,0.9221
HVM-0982,W01,33,0,1,10,1.2761,0.9308
HVM-0982,W01,34,0,1,10,1.2950,0.9435
HVM-0982,W01,35,0,1,10,1.3168,0.9214
HVM-0982,W01,36,0,1,10,1.3524,0.8731
HVM-0982,W01,37,0,1,10,1.3424,0.9449
HVM-0982,W01,38,0,1,10,1.3191,0.9555
HVM-0982,W01,39,0,1,10,1.3072,0.9329
HVM-0982,W01,40,0,1,10,1.3350,0.9810
HVM-0982,W01,41,0,1,10,1.3216,0.9251
HVM-0982,W01,42,0,1,10,1.3058,0.9618
HVM-0982,W01,43,0,1,10,1.3336,0.9317
HVM-0982,W01,44,0,1,10,1.3473,0.9533
HVM-0982,W01,45,0,1,10,1.3371,0.9877
HVM-0982,W01,46,0,1,10,1.3345,0.9313
HVM-0982,W01,47,0,1,10,1.3724,0.9206
HVM-0982,W01,48,0,1,10,1.3207,0.9682
HVM-0982,W01,-48,1,1,10,1.0733,1.0066
HVM-0982,W01,-47,1,1,10,1.0149,0.9416
HVM-0982,W01,-46,1,1,10,1.1088,0.9262
HVM-0982,W01,-45,1,1,10,1.0623,0.9576
HVM-0982,W01,-44,1,1,10,1.0884,0.9435
HVM-0982,W01,-43,1,1,10,1.0648,0.9558
HVM-0982,W01,-42,1,1,10,1.0648,0.9475
HVM-0982,W01,-41,1,1,10,1.0830,0.9598
HVM-0982,W01,-40,1,1,10,1.1071,0.9359
HVM-0982,W01,-39,1,1,10,1.1229,0.9779
HVM-0982,W01,-38,1,2,20,1.1106,0.9729
HVM-0982,W01,-37,1,4,30,1.1131,0.9359
HVM-0982,W01,-36,1,1,10,1.0994,0.9230
HVM-0982,W01,-35,1,1,10,1.1178,0.8962
HVM-0982,W01,-34,1,1,10,1.0866,0.9486
HVM-0982,W01,-33,1,1,10,1.1020,0.9496
HVM-0982,W01,-32,1,1,10,1.1120,0.9519
HVM-0982,W01,-31,1,1,10,1.0877,0.8967
HVM-0982,W01,-30,1,1,10,1.1399,0.9485
HVM-0982,W01,-29,1,1,10,1.1303,0.8708
HVM-0982,W01,-28,1,1,10,1.0978,0.8915
HVM-0982,W01,-27,1,1,10,1.1122,0.8857
HVM-0982,W01,-26,1,1,10,1.1478,0.9471
HVM-0982,W01,-25,1,1,10,1.1424,0.9297
HVM-0982,W01,-24,1,1,10,1.1092,0.9292
HVM-0982,W01,-23,1,1,10,1.1304,0.8765
HVM-0982,W01,-22,1,1,10,1.1320,0.8787
HVM-0982,W01,-21,1,1,10,1.1132,0.8912
HVM-0982,W01,-20,1,1,10,1.1867,0.8358
HVM-0982,W01,-19,1,1,10,1.1140,0.8733
HVM-0982,W01,-18,1,1,10,1.1462,0.9019
HVM-0982,W01,-17,1,1,10,1.1363,0.9240
HVM-0982,W01,-16,1,1,10,1.1525,0.8573
HVM-0982,W01,-15,1,1,10,1.1429,0.9156
HVM-0982,W01,-14,1,1,10,1.1950,0.8628
HVM-0982,W01,-13,1,1,10,1.1661,0.8904
HVM-0982,W01,-12,1,1,10,1.1809,0.8374
HVM-0982,W01,-11,1,1,10,1.1948,0.9107
HVM-0982,W01,-10,1,1,10,1.1380,0.8433
HVM-0982,W01,-9,1,1,10,1.2117,0.8914
HVM-0982,W01,-8,1,1,10,1.1712,0.8861
HVM-0982,W01,-7,1,1,10,1.1703,0.8200
HVM-0982,W01,-6,1,1,10,1.1904,0.8263
HVM-0982,W01,-5,1,3,20,1.1681,0.8786
HVM-0982,W01,-4,1,1,10,1.1706,0.8584
HVM-0982,W01,-3,1,1,10,1.2159,0.8080
HVM-0982,W01,-2,1,1,10,1.2064,0.9153
HVM-0982,W01,-1,1,1,10,1.1705,0.8227
HVM-0982,W01,0,1,1,10,1.2339,0.8819
HVM-0982,W01,1,1,1,10,1.2040,0.8357
HVM-0982,W01,2,1,1,10,1.1799,0.8109
HVM-0982,W01,3,1,1,10,1.2422,0.8835
HVM-0982,W01,4,1,1,10,1.2524,0.8403
HVM-0982,W01,5,1,1,10,1.2360,0.9035
HVM-0982,W01,6,1,1,10,1.2024,0.8547
HVM-0982,W01,7,1,1,10,1.2265,0.8232
HVM-0982,W01,8,1,1,10,1.2611,0.8471
HVM-0982,W01,9,1,1,10,1.2315,0.8854
HVM-0982,W01,10,1,1,10,1.2308,0.8734
HVM-0982,W01,11,1,1,10,1.2365,0.8698
HVM-0982,W01,12,1,1,10,1.2593,0.8306
HVM-0982,W01,13,1,1,10,1.2159,0.8551
HVM-0982,W01,14,1,1,10,1.3135,0.9144
HVM-0982,W01,15,1,1,10,1.2544,0.8746
HVM-0982,W01,16,1,1,10,1.2512,0.8617
HVM-0982,W01,17,1,1,10,1.2404,0.9002
HVM-0982,W01,18,1,1,10,1.2645,0.8622
HVM-0982,W01,19,1,1,10,1.2557,0.9233
HVM-0982,W01,20,1,1,10,1.2536,0.9323
HVM-0982,W01,21,1,1,10,1.2457,0.8925
HVM-0982,W01,22,1,1,10,1.2551,0.9157
HVM-0982,W01,23,1,1,10,1.2668,0.8754
HVM-0982,W01,24,1,1,10,1.2239,0.9111
HVM-0982,W01,25,1,2,31,1.3280,0.9393
HVM-0982,W01,26,1,1,10,1.3004,0.9152
HVM-0982,W01,27,1,1,10,1.2945,0.9480
HVM-0982,W01,28,1,1,10,1.2456,0.8867
HVM-0982,W01,29,1,1,10,1.2972,0.9118
HVM-0982,W01,30,1,1,10,1.3336,0.9268
HVM-0982,W01,31,1,1,10,1.3249,0.9320
HVM-0982,W01,32,1,2,30,1.3006,0.9321
HVM-0982,W01,33,1,1,10,1.3090,0.9478
HVM-0982,W01,34,1,1,10,1.3424,0.9542
HVM-0982,W01,35,1,1,10,1.3376,0.9429
HVM-0982,W01,36,1,1,10,1.3006,0.9487
HVM-0982,W01,37,1,1,10,1.3329,0.9721
HVM-0982,W01,38,1,1,10,1.3329,0.9714
HVM-0982,W01,39,1,1,10,1.2966,0.9167
HVM-0982,W01,40,1,1,10,1.3733,0.9256
HVM-0982,W01,41,1,1,10,1.3446,0.9391
HVM-0982,W01,42,1,1,10,1.3223,0.9533
HVM-0982,W01,43,1,1,10,1.2991,0.9756
HVM-0982,W01,44,1,1,10,1.3195,0.9617
HVM-0982,W01,45,1,1,10,1.3416,0.9333
HVM-0982,W01,46,1,1,10,1.3415,0.9557
HVM-0982,W01,47,1,2,30,1.3483,0.9445
HVM-0982,W01,48,1,2,31,1.2952,0.9227
HVM-0982,W01,-48,2,2,20,1.0538,0.9520
HVM-0982,W01,-47,2,1,10,1.0816,1.0371
HVM-0982,W01,-46,2,4,21,1.0837,0.8970
HVM-0982,W01,-45,2,1,10,1.0573,0.9530
HVM-0982,W01,-44,2,1,10,1.0848,0.9437
HVM-0982,W01,-43,2,1,10,1.0747,1.0100
HVM-0982,W01,-42,2,1,10,1.0770,0.9620
HVM-0982,W01,-41,2,1,10,1.1151,0.9514
HVM-0982,W01,-40,2,1,10,1.1012,0.9168
HVM-0982,W01,-39,2,1,10,1.0682,0.9928
HVM-0982,W01,-38,2,1,10,1.1025,0.9405
HVM-0982,W01,-37,2,1,10,1.0940,0.9509
HVM-0982,W01,-36,2,1,10,1.0422,0.9192
HVM-0982,W01,-35,2,1,10,1.0876,0.9359
HVM-0982,W01,-34,2,1,10,1.1198,0.9287
HVM-0982,W01,-33,2,1,10,1.0674,0.9146
HVM-0982,W01,-32,2,1,10,1.1148,0.9195
HVM-0982,W01,-31,2,1,10,1.1266,0.9483
HVM-0982,W01,-30,2,1,10,1.1154,0.8893
HVM-0982,W01,-29,2,1,10,1.0686,0.9262
HVM-0982,W01,-28,2,1,10,1.0799,0.9243
HVM-0982,W01,-27,2,1,10,1.1164,0.8933
HVM-0982,W01,-26,2,1,10,1.1817,0.8496
HVM-0982,W01,-25,2,1,10,1.1435,0.8907
HVM-0982,W01,-24,2,1,10,1.1686,0.9153
HVM-0982,W01,-23,2,1,10,1.1313,0.9378
HVM-0982,W01,-22,2,1,10,1.1369,0.8820
HVM-0982,W01,-21,2,1,10,1.1734,0.8400
HVM-0982,W01,-20,2,1,10,1.1500,0.8956
HVM-0982,W01,-19,2,1,10,1.1355,0.9301
HVM-0982,W01,-18,2,1,10,1.1500,0.9282
HVM-0982,W01,-17,2,1,10,1.2036,0.8665
HVM-0982,W01,-16,2,1,10,1.1410,0.8743
HVM-0982,W01,-15,2,1,10,1.1807,0.8511
HVM-0982,W01,-14,2,1,10,1.1734,0.8767
HVM-0982,W01,-13,2,1,10,1.1924,0.8283
HVM-0982,W01,-12,2,1,10,1.1691,0.8587
HVM-0982,W01,-11,2,1,10,1.1880,0.8570
HVM-0982,W01,-10,2,1,10,1.1980,0.8595
HVM-0982,W01,-9,2,1,10,1.1967,0.8482
HVM-0982,W01,-8,2,1,10,1.1908,0.8987
HVM-0982,W01,-7,2,1,10,1.1786,0.8542
HVM-0982,W01,-6,2,1,10,1.2057,0.8674
HVM-0982,W01,-5,2,1,10,1.2012,0.8236
HVM-0982,W01,-4,2,1,10,1.1977,0.8278
HVM-0982,W01,-3,2,1,10,1.2438,0.8689
HVM-0982,W01,-2,2,1,10,1.2183,0.8582
HVM-0982,W01,-1,2,1,10,1.2051,0.8494
HVM-0982,W01,0,2,1,10,1.1862,0.8698
HVM-0982,W01,1,2,1,10,1.1678,0.9013
HVM-0982,W01,2,2,1,10,1.1962,0.8303
HVM-0982,W01,3,2,1,10,1.2484,0.8313
HVM-0982,W01,4,2,1,10,1.2457,0.8822
HVM-0982,W01,5,2,1,10,1.2064,0.8713
HVM-0982,W01,6,2,1,10,1.2652,0.8631
HVM-0982,W01,7,2,2,31,1.2457,0.8597
HVM-0982,W01,8,2,4,30,1.2442,0.8937
HVM-0982,W01,9,2,1,10,1.1904,0.8889
HVM-0982,W01,10,2,1,10,1.2379,0.8716
HVM-0982,W01,11,2,1,10,1.2127,0.8694
HVM-0982,W01,12,2,1,10,1.2393,0.9143
HVM-0982,W01,13,2,1,10,1.2335,0.9168
HVM-0982,W01,14,2,1,10,1.2328,0.8821
HVM-0982,W01,15,2,1,10,1.2300,0.9073
HVM-0982,W01,16,2,1,10,1.2809,0.9261
HVM-0982,W01,17,2,1,10,1.2871,0.8534
HVM-0982,W01,18,2,1,10,1.2741,0.8695
HVM-0982,W01,19,2,1,10,1.2331,0.9169
HVM-0982,W01,20,2,1,10,1.2614,0.9111
HVM-0982,W01,21,2,1,10,1.2715,0.9373
HVM-0982,W01,22,2,1,10,1.2792,0.8864
HVM-0982,W01,23,2,1,10,1.2521,0.8942
HVM-0982,W01,24,2,4,31,1.2971,0.8980
HVM-0982,W01,25,2,1,10,1.2905,0.8972
HVM-0982,W01,26,2,1,10,1.2950,0.8755
HVM-0982,W01,27,2,1,10,1.2952,0.9446
HVM-0982,W01,28,2,1,10,1.3000,0.9304
HVM-0982,W01,29,2,1,10,1.2821,0.9661
HVM-0982,W01,30,2,1,10,1.3096,0.9572
HVM-0982,W01,31,2,1,10,1.3128,0.9303
HVM-0982,W01,32,2,1,10,1.3194,0.9317
HVM-0982,W01,33,2,1,10,1.2753,0.9633
HVM-0982,W01,34,2,1,10,1.2840,0.9517
HVM-0982,W01,35,2,1,10,1.3099,0.8928
HVM-0982,W01,36,2,1,10,1.3016,0.9234
HVM-0982,W01,37,2,1,10,1.3456,0.9456
HVM-0982,W01,38,2,1,10,1.3151,0.9786
HVM-0982,W01,39,2,1,10,1.3220,0.9321
HVM-0982,W01,40,2,1,10,1.3455,0.9307
HVM-0982,W01,41,2,1,10,1.3408,0.9741
HVM-0982,W01,42,2,1,10,1.3478,0.9840
HVM-0982,W01,43,2,1,10,1.3442,0.9344
HVM-0982,W01,44,2,1,10,1.3234,0.9306
HVM-0982,W01,45,2,1,10,1.3446,0.9791
HVM-0982,W01,46,2,3,21,1.3144,0.9456
HVM-0982,W01,47,2,1,10,1.3184,0.9719
HVM-0982,W01,48,2,3,31,1.3850,0.9467
HVM-0982,W01,-48,3,2,21,1.0419,0.9509
HVM-0982,W01,-47,3,2,31,1.0556,0.9628
HVM-0982,W01,-46,3,1,10,1.0738,0.9924
HVM-0982,W01,-45,3,1,10,1.0385,0.9855
HVM-0982,W01,-44,3,1,10,1.1138,0.9978
HVM-0982,W01,-43,3,1,10,1.0695,0.9501
HVM-0982,W01,-42,3,1,10,1.1067,0.9386
HVM-0982,W01,-41,3,1,10,1.1260,0.9537
HVM-0982,W01,-40,3,1,10,1.1043,0.9983
HVM-0982,W01,-39,3,1,10,1.0497,0.9054
HVM-0982,W01,-38,3,1,10,1.0872,0.9252
HVM-0982,W01,-37,3,1,10,1.0560,0.9781
HVM-0982,W01,-36,3,1,10,1.1120,0.9399
HVM-0982,W01,-35,3,1,10,1.0702,0.9302
HVM-0982,W01,-34,3,1,10,1.1260,0.9720
HVM-0982,W01,-33,3,1,10,1.1308,0.9673
HVM-0982,W01,-32,3,1,10,1.1186,0.9664
HVM-0982,W01,-31,3,1,10,1.0932,0.9174
HVM-0982,W01,-30,3,1,10,1.1069,0.9063
HVM-0982,W01,-29,3,1,10,1.1128,0.9051
HVM-0982,W01,-28,3,1,10,1.0838,0.8940
HVM-0982,W01,-27,3,1,10,1.1103,0.9302
HVM-0982,W01,-26,3,1,10,1.1463,0.9534
HVM-0982,W01,-25,3,1,10,1.1217,0.9662
HVM-0982,W01,-24,3,2,20,1.1927,0.9332
HVM-0982,W01,-23,3,1,10,1.1730,0.9392
HVM-0982,W01,-22,3,1,10,1.1175,0.8870
HVM-0982,W01,-21,3,1,10,1.1247,0.9321
HVM-0982,W01,-20,3,1,10,1.1654,0.8815
HVM-0982,W01,-19,3,1,10,1.1314,0.8790
HVM-0982,W01,-18,3,1,10,1.1016,0.9099
HVM-0982,W01,-17,3,1,10,1.1323,0.8532
HVM-0982,W01,-16,3,1,10,1.1478,0.9015
HVM-0982,W01,-15,3,1,10,1.1607,0.9002
HVM-0982,W01,-14,3,1,10,1.1168,0.8370
HVM-0982,W01,-13,3,1,10,1.1835,0.8638
HVM-0982,W01,-12,3,1,10,1.1112,0.8706
HVM-0982,W01,-11,3,1,10,1.1575,0.8971
HVM-0982,W01,-10,3,1,10,1.1524,0.8534
HVM-0982,W01,-9,3,1,10,1.1826,0.8802
HVM-0982,W01,-8,3,1,10,1.2148,0.8624
HVM-0982,W01,-7,3,1,10,1.1908,0.8715
HVM-0982,W01,-6,3,1,10,1.1610,0.8583
HVM-0982,W01,-5,3,1,10,1.1997,0.8791
HVM-0982,W01,-4,3,1,10,1.1566,0.9053
HVM-0982,W01,-3,3,1,10,1.1984,0.8486
HVM-0982,W01,-2,3,1,10,1.1740,0.8362
HVM-0982,W01,-1,3,1,10,1.1990,0.8157
HVM-0982,W01,0,3,1,10,1.1870,0.9081
HVM-0982,W01,1,3,1,10,1.2301,0.8737
HVM-0982,W01,2,3,1,10,1.2174,0.8779
HVM-0982,W01,3,3,1,10,1.2115,0.8186
HVM-0982,W01,4,3,1,10,1.1846,0.8584
HVM-0982,W01,5,3,1,10,1.2254,0.8688
HVM-0982,W01,6,3,1,10,1.2925,0.8301
HVM-0982,W01,7,3,1,10,1.2716,0.8580
HVM-0982,W01,8,3,1,10,1.2170,0.8828
HVM-0982,W01,9,3,1,10,1.2120,0.8500
HVM-0982,W01,10,3,1,10,1.1954,0.9054
HVM-0982,W01,11,3,1,10,1.2421,0.8751
HVM-0982,W01,12,3,1,10,1.2408,0.8784
HVM-0982,W01,13,3,1,10,1.2382,0.9069
HVM-0982,W01,14,3,1,10,1.2640,0.8853
HVM-0982,W01,15,3,1,10,1.2457,0.8848
HVM-0982,W01,16,3,4,21,1.2811,0.9108
HVM-0982,W01,17,3,1,10,1.2522,0.9106
HVM-0982,W01,18,3,1,10,1.2717,0.9005
HVM-0982,W01,19,3,1,10,1.2853,0.8671
HVM-0982,W01,20,3,1,10,1.2764,0.8895
HVM-0982,W01,21,3,1,10,1.2717,0.8891
HVM-0982,W01,22,3,1,10,1.2901,0.8783
HVM-0982,W01,23,3,1,10,1.2644,0.9432
HVM-0982,W01,24,3,1,10,1.3091,0.8781
HVM-0982,W01,25,3,1,10,1.2652,0.9116
HVM-0982,W01,26,3,1,10,1.3096,0.8454
HVM-0982,W01,27,3,1,10,1.2343,0.9379
HVM-0982,W01,28,3,1,10,1.2642,0.8667
HVM-0982,W01,29,3,1,10,1.2688,0.9638
HVM-0982,W01,30,3,1,10,1.2664,0.9226
HVM-0982,W01,31,3,1,10,1.3252,0.9557
HVM-0982,W01,32,3,1,10,1.2177,0.8920
HVM-0982,W01,33,3,1,10,1.3038,0.9076
HVM-0982,W01,34,3,1,10,1.3094,0.9467
HVM-0982,W01,35,3,2,21,1.3560,0.9385
HVM-0982,W01,36,3,1,10,1.3447,0.9131
HVM-0982,W01,37,3,1,10,1.3396,0.9150
HVM-0982,W01,38,3,1,10,1.3084,0.9293
HVM-0982,W01,39,3,1,10,1.3371,0.8987
HVM-0982,W01,40,3,1,10,1.3357,0.9175
HVM-0982,W01,41,3,1,10,1.3323,0.9140
HVM-0982,W01,42,3,1,10,1.2692,0.9306
HVM-0982,W01,43,3,1,10,1.3003,0.9713
HVM-0982,W01,44,3,1,10,1.3889,0.9141
HVM-0982,W01,45,3,1,10,1.3369,0.9657
HVM-0982,W01,46,3,2,30,1.3629,0.9456
HVM-0982,W01,47,3,1,10,1.3838,0.9804
HVM-0982,W01,48,3,1,10,1.3529,0.9644
HVM-0982,W01,-48,4,1,10,1.0410,0.9769
HVM-0982,W01,-47,4,1,10,1.1246,0.9667
HVM-0982,W01,-46,4,1,10,1.0136,0.9489
HVM-0982,W01,-45,4,1,10,1.0827,0.9843
HVM-0982,W01,-44,4,1,10,1.0733,0.9660
HVM-0982,W01,-43,4,1,10,1.0813,0.9520
HVM-0982,W01,-42,4,1,10,1.0977,0.9474
HVM-0982,W01,-41,4,1,10,1.0796,0.9431
HVM-0982,W01,-40,4,1,10,1.0936,0.9317
HVM-0982,W01,-39,4,1,10,1.0789,0.9622
HVM-0982,W01,-38,4,1,10,1.1028,0.8854
HVM-0982,W01,-37,4,1,10,1.0434,0.9370
HVM-0982,W01,-36,4,1,10,1.0950,0.9059
HVM-0982,W01,-35,4,1,10,1.0966,0.9169
HVM-0982,W01,-34,4,1,10,1.1006,0.9540
HVM-0982,W01,-33,4,1,10,1.1069,0.9780
HVM-0982,W01,-32,4,1,10,1.1272,0.9034
HVM-0982,W01,-31,4,1,10,1.0928,0.9064
HVM-0982,W01,-30,4,1,10,1.0996,0.9021
HVM-0982,W01,-29,4,1,10,1.0865,0.9176
HVM-0982,W01,-28,4,1,10,1.1149,0.9117
HVM-0982,W01,-27,4,1,10,1.1096,0.8647
HVM-0982,W01,-26,4,1,10,1.1496,0.8865
HVM-0982,W01,-25,4,1,10,1.1148,0.9036
HVM-0982,W01,-24,4,1,10,1.0883,0.9157
HVM-0982,W01,-23,4,1,10,1.1475,0.8756
HVM-0982,W01,-22,4,1,10,1.1425,0.8892
HVM-0982,W01,-21,4,1,10,1.1469,0.8673
HVM-0982,W01,-20,4,1,10,1.1763,0.9116
HVM-0982,W01,-19,4,1,10,1.1872,0.8825
HVM-0982,W01,-18,4,1,10,1.1137,0.9084
HVM-0982,W01,-17,4,1,10,1.1455,0.8624
HVM-0982,W01,-16,4,1,10,1.1915,0.8930
HVM-0982,W01,-15,4,1,10,1.1647,0.8939
HVM-0982,W01,-14,4,1,10,1.1083,0.8464
HVM-0982,W01,-13,4,1,10,1.1931,0.8931
HVM-0982,W01,-12,4,1,10,1.1951,0.8524
HVM-0982,W01,-11,4,1,10,1.1516,0.8723
HVM-0982,W01,-10,4,1,10,1.2246,0.8575
HVM-0982,W01,-9,4,1,10,1.1702,0.8722
HVM-0982,W01,-8,4,1,10,1.1622,0.8572
HVM-0982,W01,-7,4,1,10,1.1879,0.8738
HVM-0982,W01,-6,4,2,31,1.1608,0.8943
HVM-0982,W01,-5,4,1,10,1.1754,0.8678
HVM-0982,W01,-4,4,1,10,1.2485,0.8781
HVM-0982,W01,-3,4,1,10,1.2051,0.8812
HVM-0982,W01,-2,4,1,10,1.1986,0.8683
HVM-0982,W01,-1,4,2,31,1.1392,0.8868
HVM-0982,W01,0,4,1,10,1.2020,0.8523
HVM-0982,W01,1,4,1,10,1.2152,0.8265
HVM-0982,W01,2,4,1,10,1.2363,0.8467
HVM-0982,W01,3,4,1,10,1.2096,0.8551
HVM-0982,W01,4,4,1,10,1.2105,0.8322
HVM-0982,W01,5,4,1,10,1.2257,0.8456
HVM-0982,W01,6,4,1,10,1.2222,0.8840
HVM-0982,W01,7,4,1,10,1.2213,0.9099
HVM-0982,W01,8,4,1,10,1.2469,0.8574
HVM-0982,W01,9,4,1,10,1.2128,0.8475
HVM-0982,W01,10,4,1,10,1.2547,0.9383
HVM-0982,W01,11,4,1,10,1.2574,0.8447
HVM-0982,W01,12,4,1,10,1.2411,0.8784
HVM-0982,W01,13,4,1,10,1.2548,0.8557
HVM-0982,W01,14,4,1,10,1.2802,0.8803
HVM-0982,W01,15,4,1,10,1.2333,0.9121
HVM-0982,W01,16,4,1,10,1.2660,0.8735
HVM-0982,W01,17,4,1,10,1.2670,0.8859
HVM-0982,W01,18,4,1,10,1.2909,0.9245
HVM-0982,W01,19,4,1,10,1.2625,0.8641
HVM-0982,W01,20,4,1,10,1.2918,0.9042
HVM-0982,W01,21,4,1,10,1.2990,0.8817
HVM-0982,W01,22,4,1,10,1.2692,0.9037
HVM-0982,W01,23,4,1,10,1.3013,0.8845
HVM-0982,W01,24,4,1,10,1.2740,0.9071
HVM-0982,W01,25,4,1,10,1.2574,0.9054
HVM-0982,W01,26,4,1,10,1.2784,0.9061
HVM-0982,W01,27,4,1,10,1.2645,0.9437
HVM-0982,W01,28,4,1,10,1.3389,0.8805
HVM-0982,W01,29,4,1,10,1.2926,0.9104
HVM-0982,W01,30,4,1,10,1.3196,0.9614
HVM-0982,W01,31,4,1,10,1.3092,0.9368
HVM-0982,W01,32,4,1,10,1.2733,0.9336
HVM-0982,W01,33,4,1,10,1.2757,0.8651
HVM-0982,W01,34,4,1,10,1.3316,0.9356
HVM-0982,W01,35,4,1,10,1.3029,0.9505
HVM-0982,W01,36,4,1,10,1.3100,0.9655
HVM-0982,W01,37,4,1,10,1.3090,0.9299
HVM-0982,W01,38,4,1,10,1.3419,0.9824
HVM-0982,W01,39,4,1,10,1.3433,0.9740
HVM-0982,W01,40,4,1,10,1.3562,0.9262
HVM-0982,W01,41,4,1,10,1.2938,0.9270
HVM-0982,W01,42,4,1,10,1.3496,0.9438
HVM-0982,W01,43,4,2,21,1.3506,0.9445
HVM-0982,W01,44,4,1,10,1.3335,0.9370
HVM-0982,W01,45,4,1,10,1.3550,0.9672
HVM-0982,W01,46,4,1,10,1.3833,0.9684
HVM-0982,W01,47,4,2,20,1.3572,0.9400
HVM-0982,W01,48,4,1,10,1.3321,0.9405
HVM-0982,W01,-48,5,1,10,1.0854,0.9977
HVM-0982,W01,-47,5,2,20,1.0699,0.9638
HVM-0982,W01,-46,5,1,10,1.0546,0.9744
HVM-0982,W01,-45,5,1,10,1.0983,0.9265
HVM-0982,W01,-44,5,1,10,1.1080,0.9323
HVM-0982,W01,-43,5,1,10,1.0808,0.9754
HVM-0982,W01,-42,5,1,10,1.1133,0.9746
HVM-0982,W01,-41,5,1,10,1.0459,0.9328
HVM-0982,W01,-40,5,1,10,1.0773,1.0057
HVM-0982,W01,-39,5,1,10,1.1090,0.9534
HVM-0982,W01,-38,5,1,10,1.0937,0.9521
HVM-0982,W01,-37,5,1,10,1.0872,0.9480
HVM-0982,W01,-36,5,1,10,1.1116,0.9323
HVM-0982,W01,-35,5,1,10,1.0855,0.9233
HVM-0982,W01,-34,5,1,10,1.1277,0.8793
HVM-0982,W01,-33,5,1,10,1.1582,0.9597
HVM-0982,W01,-32,5,1,10,1.0909,0.9241
HVM-0982,W01,-31,5,1,10,1.0944,0.9918
HVM-0982,W01,-30,5,1,10,1.1402,0.9367
HVM-0982,W01,-29,5,1,10,1.1100,0.9547
HVM-0982,W01,-28,5,1,10,1.1051,0.8984
HVM-0982,W01,-27,5,1,10,1.1451,0.9138
HVM-0982,W01,-26,5,1,10,1.1123,0.8465
HVM-0982,W01,-25,5,1,10,1.1663,0.9239
HVM-0982,W01,-24,5,1,10,1.1930,0.8980
HVM-0982,W01,-23,5,1,10,1.1612,0.9146
HVM-0982,W01,-22,5,1,10,1.1604,0.9175
HVM-0982,W01,-21,5,1,10,1.1635,0.8892
HVM-0982,W01,-20,5,1,10,1.1402,0.9026
HVM-0982,W01,-19,5,1,10,1.1736,0.8525
HVM-0982,W01,-18,5,1,10,1.1279,0.9099
HVM-0982,W01,-17,5,1,10,1.1688,0.8981
HVM-0982,W01,-16,5,1,10,1.1313,0.8522
HVM-0982,W01,-15,5,1,10,1.1557,0.8623
HVM-0982,W01,-14,5,1,10,1.1617,0.8961
HVM-0982,W01,-13,5,1,10,1.1476,0.9022
HVM-0982,W01,-12,5,2,21,1.1807,0.8783
HVM-0982,W01,-11,5,1,10,1.1592,0.8904
HVM-0982,W01,-10,5,1,10,1.1629,0.8663
HVM-0982,W01,-9,5,1,10,1.1512,0.8753
HVM-0982,W01,-8,5,1,10,1.1535,0.8842
HVM-0982,W01,-7,5,1,10,1.1657,0.8517
HVM-0982,W01,-6,5,1,10,1.1627,0.8647
HVM-0982,W01,-5,5,1,10,1.2107,0.8758
HVM-0982,W01,-4,5,1,10,1.2131,0.8804
HVM-0982,W01,-3,5,1,10,1.2086,0.8823
HVM-0982,W01,-2,5,1,10,1.1692,0.8430
HVM-0982,W01,-1,5,1,10,1.2416,0.8559
HVM-0982,W01,0,5,4,20,1.1838,0.8533
HVM-0982,W01,1,5,1,10,1.2149,0.8719
HVM-0982,W01,2,5,1,10,1.2410,0.8309
HVM-0982,W01,3,5,1,10,1.2375,0.8570
HVM-0982,W01,4,5,3,30,1.2712,0.8456
HVM-0982,W01,5,5,1,10,1.2413,0.8455
HVM-0982,W01,6,5,1,10,1.1941,0.8942
HVM-0982,W01,7,5,1,10,1.2639,0.8917
HVM-0982,W01,8,5,1,10,1.2680,0.8508
HVM-0982,W01,9,5,1,10,1.2708,0.8570
HVM-0982,W01,10,5,1,10,1.2190,0.8491
HVM-0982,W01,11,5,1,10,1.2361,0.8998
HVM-0982,W01,12,5,1,10,1.2507,0.8856
HVM-0982,W01,13,5,1,10,1.2258,0.9116
HVM-0982,W01,14,5,1,10,1.2684,0.9248
HVM-0982,W01,15,5,1,10,1.2487,0.8846
HVM-0982,W01,16,5,3,30,1.2330,0.9017
HVM-0982,W01,17,5,1,10,1.2197,0.8538
HVM-0982,W01,18,5,1,10,1.2669,0.8940
HVM-0982,W01,19,5,1,10,1.2496,0.8589
HVM-0982,W01,20,5,1,10,1.2432,0.8540
HVM-0982,W01,21,5,1,10,1.2468,0.8747
HVM-0982,W01,22,5,2,21,1.2604,0.8711
HVM-0982,W01,23,5,1,10,1.2738,0.8915
HVM-0982,W01,24,5,1,10,1.2659,0.9138
HVM-0982,W01,25,5,1,10,1.2490,0.9279
HVM-0982,W01,26,5,1,10,1.2756,0.9297
HVM-0982,W01,27,5,1,10,1.2524,0.9266
HVM-0982,W01,28,5,1,10,1.2580,0.9209
HVM-0982,W01,29,5,1,10,1.3071,0.9790
HVM-0982,W01,30,5,1,10,1.2891,0.9177
HVM-0982,W01,31,5,1,10,1.2763,0.9542
HVM-0982,W01,32,5,1,10,1.2711,0.9760
HVM-0982,W01,33,5,1,10,1.3400,0.9188
HVM-0982,W01,34,5,1,10,1.3248,0.9496
HVM-0982,W01,35,5,1,10,1.3575,0.9700
HVM-0982,W01,36,5,1,10,1.3334,0.9070
HVM-0982,W01,37,5,1,10,1.3485,0.8911
HVM-0982,W01,38,5,1,10,1.3104,0.9199
HVM-0982,W01,39,5,1,10,1.3446,0.9033
HVM-0982,W01,40,5,1,10,1.3099,0.9196
HVM-0982,W01,41,5,1,10,1.3454,0.9432
HVM-0982,W01,42,5,4,20,1.3258,0.9287
HVM-0982,W01,43,5,1,10,1.3493,0.9564
HVM-0982,W01,44,5,1,10,1.3532,0.9704
HVM-0982,W01,45,5,1,10,1.3463,0.9706
HVM-0982,W01,46,5,3,30,1.3560,0.9803
HVM-0982,W01,47,5,1,10,1.3320,0.9473
HVM-0982,W01,48,5,1,10,1.3819,0.9669
HVM-0982,W01,-48,6,1,10,1.0644,0.8991
HVM-0982,W01,-47,6,1,10,1.0638,0.9522
HVM-0982,W01,-46,6,1,10,1.0953,0.9159
HVM-0982,W01,-45,6,1,10,1.0575,0.9499
HVM-0982,W01,-44,6,1,10,1.0680,0.9474
HVM-0982,W01,-43,6,1,10,1.0861,0.9640
HVM-0982,W01,-42,6,1,10,1.1053,0.9665
HVM-0982,W01,-41,6,1,10,1.1308,0.9348
HVM-0982,W01,-40,6,2,20,1.1276,0.9585
HVM-0982,W01,-39,6,1,10,1.0530,0.9212
HVM-0982,W01,-38,6,1,10,1.1005,0.9473
HVM-0982,W01,-37,6,1,10,1.0617,0.9578
HVM-0982,W01,-36,6,1,10,1.1032,0.9043
HVM-0982,W01,-35,6,1,10,1.1343,0.8925
HVM-0982,W01,-34,6,1,10,1.0921,0.8980
HVM-0982,W01,-33,6,1,10,1.0635,0.9938
HVM-0982,W01,-32,6,1,10,1.1093,0.8946
HVM-0982,W01,-31,6,1,10,1.0878,0.9243
HVM-0982,W01,-30,6,1,10,1.1406,0.9323
HVM-0982,W01,-29,6,1,10,1.1334,0.8863
HVM-0982,W01,-28,6,1,10,1.0830,0.8946
HVM-0982,W01,-27,6,1,10,1.1277,0.9232
HVM-0982,W01,-26,6,1,10,1.1590,0.8858
HVM-0982,W01,-25,6,1,10,1.1664,0.9240
HVM-0982,W01,-24,6,1,10,1.1562,0.8847
HVM-0982,W01,-23,6,1,10,1.1080,0.9559
HVM-0982,W01,-22,6,1,10,1.1540,0.9096
HVM-0982,W01,-21,6,1,10,1.1569,0.8667
HVM-0982,W01,-20,6,1,10,1.1399,0.8675
HVM-0982,W01,-19,6,1,10,1.2014,0.9199
HVM-0982,W01,-18,6,1,10,1.1753,0.9336
HVM-0982,W01,-17,6,1,10,1.1146,0.8667
HVM-0982,W01,-16,6,1,10,1.1813,0.8898
HVM-0982,W01,-15,6,1,10,1.1735,0.9142
HVM-0982,W01,-14,6,1,10,1.1250,0.8699
HVM-0982,W01,-13,6,1,10,1.1645,0.8976
HVM-0982,W01,-12,6,1,10,1.1397,0.9189
HVM-0982,W01,-11,6,1,10,1.1817,0.8589
HVM-0982,W01,-10,6,1,10,1.1686,0.8427
HVM-0982,W01,-9,6,1,10,1.2069,0.8414
HVM-0982,W01,-8,6,3,30,1.1794,0.8623
HVM-0982,W01,-7,6,1,10,1.1995,0.9081
HVM-0982,W01,-6,6,1,10,1.1629,0.9153
HVM-0982,W01,-5,6,1,10,1.1902,0.8700
HVM-0982,W01,-4,6,1,10,1.1894,0.8673
HVM-0982,W01,-3,6,1,10,1.2090,0.8715
HVM-0982,W01,-2,6,1,10,1.2369,0.8637
HVM-0982,W01,-1,6,1,10,1.2236,0.8408
HVM-0982,W01,0,6,1,10,1.2153,0.8821
HVM-0982,W01,1,6,1,10,1.2128,0.8144
HVM-0982,W01,2,6,1,10,1.1908,0.8638
HVM-0982,W01,3,6,1,10,1.2094,0.8803
HVM-0982,W01,4,6,1,10,1.2224,0.9041
HVM-0982,W01,5,6,1,10,1.2401,0.8386
HVM-0982,W01,6,6,1,10,1.2594,0.8930
HVM-0982,W01,7,6,1,10,1.2338,0.8424
HVM-0982,W01,8,6,1,10,1.2533,0.8831
HVM-0982,W01,9,6,1,10,1.2370,0.8969
HVM-0982,W01,10,6,1,10,1.2192,0.8586
HVM-0982,W01,11,6,1,10,1.2333,0.9175
HVM-0982,W01,12,6,1,10,1.2342,0.8820
HVM-0982,W01,13,6,1,10,1.2535,0.8984
HVM-0982,W01,14,6,3,21,1.2312,0.9191
HVM-0982,W01,15,6,1,10,1.2512,0.9134
HVM-0982,W01,16,6,1,10,1.2630,0.9473
HVM-0982,W01,17,6,1,10,1.1994,0.8680
HVM-0982,W01,18,6,1,10,1.2494,0.8688
HVM-0982,W01,19,6,1,10,1.2779,0.9242
HVM-0982,W01,20,6,1,10,1.2135,0.8530
HVM-0982,W01,21,6,1,10,1.2405,0.9172
HVM-0982,W01,22,6,1,10,1.2641,0.9129
HVM-0982,W01,23,6,1,10,1.2902,0.8757
HVM-0982,W01,24,6,1,10,1.2640,0.9430
HVM-0982,W01,25,6,1,10,1.2432,0.9107
HVM-0982,W01,26,6,1,10,1.2586,0.9115
HVM-0982,W01,27,6,2,20,1.2786,0.9042
HVM-0982,W01,28,6,1,10,1.2294,0.9447
HVM-0982,W01,29,6,1,10,1.3256,0.8930
HVM-0982,W01,30,6,1,10,1.3131,0.9590
HVM-0982,W01,31,6,1,10,1.3132,0.9143
HVM-0982,W01,32,6,1,10,1.3056,0.9288
HVM-0982,W01,33,6,1,10,1.2875,0.9383
HVM-0982,W01,34,6,1,10,1.3213,0.9558
HVM-0982,W01,35,6,1,10,1.2685,0.9327
HVM-0982,W01,36,6,1,10,1.3631,0.9107
HVM-0982,W01,37,6,2,20,1.3285,0.9587
HVM-0982,W01,38,6,1,10,1.3034,0.9481
HVM-0982,W01,39,6,1,10,1.3154,0.9651
HVM-0982,W01,40,6,3,21,1.3149,0.8900
HVM-0982,W01,41,6,1,10,1.3568,0.9435
HVM-0982,W01,42,6,1,10,1.3325,0.9761
HVM-0982,W01,43,6,1,10,1.3618,0.9197
HVM-0982,W01,44,6,1,10,1.3222,0.9301
HVM-0982,W01,45,6,1,10,1.3372,0.9735
HVM-0982,W01,46,6,2,20,1.3306,0.9565
HVM-0982,W01,47,6,1,10,1.3482,0.9293
HVM-0982,W01,48,6,1,10,1.3564,0.9877
HVM-0982,W01,-48,7,2,20,1.0313,0.9514
HVM-0982,W01,-47,7,2,30,1.0218,0.9675
HVM-0982,W01,-46,7,1,10,1.0836,0.9496
HVM-0982,W01,-45,7,1,10,1.0914,0.9819
HVM-0982,W01,-44,7,1,10,1.0958,0.9706
HVM-0982,W01,-43,7,1,10,1.0682,0.9185
HVM-0982,W01,-42,7,1,10,1.1102,0.9088
HVM-0982,W01,-41,7,1,10,1.0657,0.9539
HVM-0982,W01,-40,7,1,10,1.0873,0.9976
HVM-0982,W01,-39,7,1,10,1.0539,0.9480
HVM-0982,W01,-38,7,1,10,1.0880,0.9602
HVM-0982,W01,-37,7,1,10,1.1172,0.9175
HVM-0982,W01,-36,7,1,10,1.1089,0.9852
HVM-0982,W01,-35,7,1,10,1.0637,0.8851
HVM-0982,W01,-34,7,1,10,1.1332,0.9524
HVM-0982,W01,-33,7,1,10,1.0755,0.9244
HVM-0982,W01,-32,7,1,10,1.1171,0.9335
HVM-0982,W01,-31,7,1,10,1.1013,0.9019
HVM-0982,W01,-30,7,1,10,1.1298,0.9325
HVM-0982,W01,-29,7,1,10,1.1324,0.9219
HVM-0982,W01,-28,7,1,10,1.1594,0.8901
HVM-0982,W01,-27,7,1,10,1.1104,0.9063
HVM-0982,W01,-26,7,1,10,1.1492,0.9244
HVM-0982,W01,-25,7,1,10,1.1721,0.9115
HVM-0982,W01,-24,7,1,10,1.1490,0.9224
HVM-0982,W01,-23,7,1,10,1.1363,0.9248
HVM-0982,W01,-22,7,1,10,1.1804,0.8868
HVM-0982,W01,-21,7,1,10,1.1662,0.8908
HVM-0982,W01,-20,7,1,10,1.1266,0.8992
HVM-0982,W01,-19,7,1,10,1.2035,0.9083
HVM-0982,W01,-18,7,1,10,1.1549,0.8833
HVM-0982,W01,-17,7,2,20,1.1612,0.9370
HVM-0982,W01,-16,7,1,10,1.1620,0.9143
HVM-0982,W01,-15,7,1,10,1.1670,0.8928
HVM-0982,W01,-14,7,1,10,1.1439,0.8767
HVM-0982,W01,-13,7,1,10,1.1357,0.8838
HVM-0982,W01,-12,7,1,10,1.1942,0.8851
HVM-0982,W01,-11,7,1,10,1.1879,0.9210
HVM-0982,W01,-10,7,1,10,1.1462,0.8993
HVM-0982,W01,-9,7,1,10,1.1629,0.8466
HVM-0982,W01,-8,7,3,31,1.2108,0.8882
HVM-0982,W01,-7,7,1,10,1.2026,0.8264
HVM-0982,W01,-6,7,1,10,1.1740,0.8443
HVM-0982,W01,-5,7,1,10,1.1803,0.8728
HVM-0982,W01,-4,7,1,10,1.1783,0.8337
HVM-0982,W01,-3,7,1,10,1.2262,0.8666
HVM-0982,W01,-2,7,1,10,1.1931,0.8659
HVM-0982,W01,-1,7,1,10,1.2134,0.8271
HVM-0982,W01,0,7,1,10,1.2476,0.8871
HVM-0982,W01,1,7,1,10,1.2148,0.8562
HVM-0982,W01,2,7,1,10,1.2190,0.8535
HVM-0982,W01,3,7,1,10,1.1972,0.8761
HVM-0982,W01,4,7,1,10,1.2195,0.8665
HVM-0982,W01,5,7,1,10,1.2264,0.8780
HVM-0982,W01,6,7,1,10,1.2579,0.8890
HVM-0982,W01,7,7,1,10,1.2267,0.8537
HVM-0982,W01,8,7,1,10,1.2778,0.8836
HVM-0982,W01,9,7,1,10,1.2207,0.9162
HVM-0982,W01,10,7,1,10,1.2017,0.9054
HVM-0982,W01,11,7,1,10,1.2138,0.9016
HVM-0982,W01,12,7,1,10,1.2213,0.8662
HVM-0982,W01,13,7,1,10,1.2903,0.8716
HVM-0982,W01,14,7,1,10,1.1931,0.8799
HVM-0982,W01,15,7,1,10,1.2269,0.8997
HVM-0982,W01,16,7,1,10,1.3499,0.8815
HVM-0982,W01,17,7,1,10,1.2388,0.8912
HVM-0982,W01,18,7,1,10,1.2782,0.8841
HVM-0982,W01,19,7,1,10,1.2464,0.9069
HVM-0982,W01,20,7,1,10,1.2813,0.9117
HVM-0982,W01,21,7,1,10,1.2760,0.8815
HVM-0982,W01,22,7,1,10,1.2562,0.9294
HVM-0982,W01,23,7,1,10,1.2902,0.9331
HVM-0982,W01,24,7,1,10,1.2804,0.9257
HVM-0982,W01,25,7,1,10,1.2925,0.9205
HVM-0982,W01,26,7,1,10,1.2710,0.9338
HVM-0982,W01,27,7,1,10,1.2536,0.9532
HVM-0982,W01,28,7,1,10,1.2682,0.9061
HVM-0982,W01,29,7,1,10,1.3253,0.8939
HVM-0982,W01,30,7,1,10,1.3369,0.8889
HVM-0982,W01,31,7,1,10,1.3158,0.9548
HVM-0982,W01,32,7,1,10,1.3288,0.9500
HVM-0982,W01,33,7,1,10,1.3111,0.9077
HVM-0982,W01,34,7,1,10,1.3329,0.8845
HVM-0982,W01,35,7,1,10,1.3019,0.9497
HVM-0982,W01,36,7,1,10,1.2935,0.9081
HVM-0982,W01,37,7,1,10,1.3013,0.9432
HVM-0982,W01,38,7,1,10,1.3283,0.9220
HVM-0982,W01,39,7,1,10,1.3369,0.9274
HVM-0982,W01,40,7,2,31,1.3248,0.9174
HVM-0982,W01,41,7,1,10,1.2980,0.9721
HVM-0982,W01,42,7,1,10,1.2839,0.9463
HVM-0982,W01,43,7,1,10,1.3365,0.9609
HVM-0982,W01,44,7,1,10,1.3149,0.9776
HVM-0982,W01,45,7,1,10,1.3592,0.9533
HVM-0982,W01,46,7,3,31,1.3392,0.9458
HVM-0982,W01,47,7,1,10,1.3182,0.9886
HVM-0982,W01,48,7,1,10,1.3517,0.9697
HVM-0982,W01,-48,8,2,20,1.1274,0.9780
HVM-0982,W01,-47,8,1,10,1.0516,0.9497
HVM-0982,W01,-46,8,1,10,1.0929,1.0010
HVM-0982,W01,-45,8,1,10,1.0743,0.9678
HVM-0982,W01,-44,8,1,10,1.0365,0.9544
HVM-0982,W01,-43,8,1,10,1.0654,0.9318
HVM-0982,W01,-42,8,1,10,1.0551,0.9693
HVM-0982,W01,-41,8,1,10,1.0510,0.9310
HVM-0982,W01,-40,8,1,10,1.1108,0.9393
HVM-0982,W01,-39,8,1,10,1.0693,0.9553
HVM-0982,W01,-38,8,1,10,1.0928,0.9658
HVM-0982,W01,-37,8,1,10,1.0931,0.9210
HVM-0982,W01,-36,8,1,10,1.0869,0.9202
HVM-0982,W01,-35,8,1,10,1.1653,0.9367
HVM-0982,W01,-34,8,1,10,1.0833,0.9505
HVM-0982,W01,-33,8,1,10,1.1132,0.9346
HVM-0982,W01,-32,8,1,10,1.0934,0.9335
HVM-0982,W01,-31,8,1,10,1.1076,0.8960
HVM-0982,W01,-30,8,1,10,1.1731,0.9373
HVM-0982,W01,-29,8,1,10,1.1367,0.8946
HVM-0982,W01,-28,8,1,10,1.0761,0.9271
HVM-0982,W01,-27,8,1,10,1.1294,0.9074
HVM-0982,W01,-26,8,1,10,1.1161,0.8846
HVM-0982,W01,-25,8,1,10,1.1289,0.9235
HVM-0982,W01,-24,8,1,10,1.1523,0.9061
HVM-0982,W01,-23,8,1,10,1.1434,0.9082
HVM-0982,W01,-22,8,1,10,1.1265,0.9198
HVM-0982,W01,-21,8,2,30,1.1733,0.9190
HVM-0982,W01,-20,8,1,10,1.1482,0.8743
HVM-0982,W01,-19,8,1,10,1.1909,0.8885
HVM-0982,W01,-18,8,1,10,1.1633,0.9432
HVM-0982,W01,-17,8,1,10,1.1443,0.8875
HVM-0982,W01,-16,8,1,10,1.2026,0.8831
HVM-0982,W01,-15,8,1,10,1.1587,0.9132
HVM-0982,W01,-14,8,1,10,1.1928,0.9153
HVM-0982,W01,-13,8,1,10,1.1414,0.8554
HVM-0982,W01,-12,8,1,10,1.1428,0.8948
HVM-0982,W01,-11,8,1,10,1.1565,0.8870
HVM-0982,W01,-10,8,1,10,1.1809,0.8270
HVM-0982,W01,-9,8,1,10,1.2011,0.8685
HVM-0982,W01,-8,8,1,10,1.1746,0.9159
HVM-0982,W01,-7,8,4,21,1.1873,0.8477
HVM-0982,W01,-6,8,1,10,1.2238,0.8178
HVM-0982,W01,-5,8,1,10,1.1809,0.8705
HVM-0982,W01,-4,8,1,10,1.2056,0.8979
HVM-0982,W01,-3,8,1,10,1.1784,0.8764
HVM-0982,W01,-2,8,1,10,1.2035,0.8566
HVM-0982,W01,-1,8,1,10,1.2009,0.8311
HVM-0982,W01,0,8,1,10,1.2201,0.8487
HVM-0982,W01,1,8,1,10,1.1947,0.8824
HVM-0982,W01,2,8,1,10,1.2320,0.8252
HVM-0982,W01,3,8,1,10,1.1972,0.8719
HVM-0982,W01,4,8,1,10,1.2291,0.8827
HVM-0982,W01,5,8,1,10,1.2568,0.8414
HVM-0982,W01,6,8,1,10,1.2155,0.8927
HVM-0982,W01,7,8,1,10,1.2501,0.8559
HVM-0982,W01,8,8,1,10,1.2624,0.8717
HVM-0982,W01,9,8,1,10,1.2255,0.8664
HVM-0982,W01,10,8,1,10,1.1727,0.8510
HVM-0982,W01,11,8,1,10,1.2460,0.9125
HVM-0982,W01,12,8,1,10,1.2444,0.8786
HVM-0982,W01,13,8,1,10,1.2328,0.8888
HVM-0982,W01,14,8,1,10,1.2871,0.8848
HVM-0982,W01,15,8,1,10,1.2534,0.9264
HVM-0982,W01,16,8,1,10,1.2551,0.8711
HVM-0982,W01,17,8,1,10,1.2669,0.8965
HVM-0982,W01,18,8,1,10,1.2348,0.9106
HVM-0982,W01,19,8,1,10,1.2876,0.9049
HVM-0982,W01,20,8,1,10,1.2527,0.9125
HVM-0982,W01,21,8,1,10,1.2687,0.9253
HVM-0982,W01,22,8,1,10,1.2447,0.9251
HVM-0982,W01,23,8,1,10,1.3076,0.9068
HVM-0982,W01,24,8,1,10,1.2719,0.9289
HVM-0982,W01,25,8,1,10,1.3279,0.9152
HVM-0982,W01,26,8,1,10,1.2781,0.9244
HVM-0982,W01,27,8,1,10,1.2804,0.9565
HVM-0982,W01,28,8,1,10,1.2974,0.8890
HVM-0982,W01,29,8,1,10,1.2862,0.8829
HVM-0982,W01,30,8,1,10,1.3061,0.8759
HVM-0982,W01,31,8,1,10,1.2947,0.9560
HVM-0982,W01,32,8,1,10,1.3695,0.8896
HVM-0982,W01,33,8,1,10,1.3237,0.9415
HVM-0982,W01,34,8,2,31,1.3268,0.9074
HVM-0982,W01,35,8,1,10,1.3132,0.9285
HVM-0982,W01,36,8,1,10,1.2995,0.9303
HVM-0982,W01,37,8,1,10,1.3329,0.9590
HVM-0982,W01,38,8,1,10,1.2998,0.9365
HVM-0982,W01,39,8,1,10,1.3092,0.9353
HVM-0982,W01,40,8,4,20,1.3603,0.9504
HVM-0982,W01,41,8,1,10,1.3195,0.9373
HVM-0982,W01,42,8,1,10,1.3056,0.9155
HVM-0982,W01,43,8,1,10,1.3676,0.9758
HVM-0982,W01,44,8,1,10,1.3822,0.9454
HVM-0982,W01,45,8,1,10,1.3522,0.9714
HVM-0982,W01,46,8,4,30,1.3584,0.9703
HVM-0982,W01,47,8,3,20,1.3489,0.9651
HVM-0982,W01,48,8,1,10,1.3227,0.9933
HVM-0982,W01,-48,9,1,10,1.0920,0.9951
HVM-0982,W01,-47,9,1,10,1.0619,0.9900
HVM-0982,W01,-46,9,4,21,1.0817,0.8970
HVM-0982,W01,-45,9,1,10,1.0720,0.9390
HVM-0982,W01,-44,9,1,10,1.0781,0.9650
HVM-0982,W01,-43,9,1,10,1.0745,0.9893
HVM-0982,W01,-42,9,1,10,1.0982,0.9523
HVM-0982,W01,-41,9,1,10,1.1083,0.9585
HVM-0982,W01,-40,9,1,10,1.1177,1.0166
HVM-0982,W01,-39,9,1,10,1.1286,0.9265
HVM-0982,W01,-38,9,1,10,1.1093,0.9119
HVM-0982,W01,-37,9,1,10,1.1037,0.9624
HVM-0982,W01,-36,9,1,10,1.1055,0.9703
HVM-0982,W01,-35,9,1,10,1.1271,0.9300
HVM-0982,W01,-34,9,1,10,1.1136,0.9307
HVM-0982,W01,-33,9,1,10,1.1188,0.9556
HVM-0982,W01,-32,9,1,10,1.1268,0.9288
HVM-0982,W01,-31,9,1,10,1.1086,0.9435
HVM-0982,W01,-30,9,1,10,1.1511,0.9815
HVM-0982,W01,-29,9,1,10,1.1132,0.9137
HVM-0982,W01,-28,9,2,30,1.1632,0.9374
HVM-0982,W01,-27,9,1,10,1.1582,0.9274
HVM-0982,W01,-26,9,1,10,1.1087,0.9099
HVM-0982,W01,-25,9,1,10,1.1479,0.8820
HVM-0982,W01,-24,9,1,10,1.1225,0.9014
HVM-0982,W01,-23,9,1,10,1.1131,0.9371
HVM-0982,W01,-22,9,1,10,1.1725,0.9159
HVM-0982,W01,-21,9,1,10,1.1067,0.8850
HVM-0982,W01,-20,9,1,10,1.1468,0.9302
HVM-0982,W01,-19,9,1,10,1.1269,0.8480
HVM-0982,W01,-18,9,4,21,1.2028,0.9032
HVM-0982,W01,-17,9,1,10,1.1532,0.8871
HVM-0982,W01,-16,9,1,10,1.1253,0.8916
HVM-0982,W01,-15,9,1,10,1.1527,0.8757
HVM-0982,W01,-14,9,1,10,1.1710,0.8827
HVM-0982,W01,-13,9,1,10,1.1803,0.8743
HVM-0982,W01,-12,9,1,10,1.1698,0.9155
HVM-0982,W01,-11,9,1,10,1.1722,0.8933
HVM-0982,W01,-10,9,1,10,1.1025,0.9462
HVM-0982,W01,-9,9,2,30,1.1541,0.8734
HVM-0982,W01,-8,9,1,10,1.1637,0.8638
HVM-0982,W01,-7,9,1,10,1.1823,0.9153
HVM-0982,W01,-6,9,1,10,1.1744,0.8833
HVM-0982,W01,-5,9,1,10,1.1771,0.8447
HVM-0982,W01,-4,9,1,10,1.2322,0.8962
HVM-0982,W01,-3,9,1,10,1.1981,0.9093
HVM-0982,W01,-2,9,1,10,1.2129,0.8676
HVM-0982,W01,-1,9,1,10,1.2233,0.8324
HVM-0982,W01,0,9,1,10,1.2144,0.8169
HVM-0982,W01,1,9,1,10,1.1650,0.8910
HVM-0982,W01,2,9,1,10,1.2335,0.8792
HVM-0982,W01,3,9,1,10,1.2310,0.9063
HVM-0982,W01,4,9,1,10,1.2237,0.8900
HVM-0982,W01,5,9,1,10,1.1764,0.8544
HVM-0982,W01,6,9,1,10,1.2519,0.8570
HVM-0982,W01,7,9,2,20,1.2361,0.8951
HVM-0982,W01,8,9,1,10,1.2477,0.8650
HVM-0982,W01,9,9,1,10,1.2310,0.9060
HVM-0982,W01,10,9,1,10,1.2220,0.9122
HVM-0982,W01,11,9,1,10,1.2201,0.8969
HVM-0982,W01,12,9,1,10,1.2771,0.9104
HVM-0982,W01,13,9,1,10,1.2769,0.8819
HVM-0982,W01,14,9,1,10,1.2194,0.9112
HVM-0982,W01,15,9,1,10,1.2645,0.8355
HVM-0982,W01,16,9,1,10,1.2734,0.9059
HVM-0982,W01,17,9,1,10,1.2856,0.8861
HVM-0982,W01,18,9,1,10,1.2099,0.8797
HVM-0982,W01,19,9,1,10,1.2952,0.8538
HVM-0982,W01,20,9,1,10,1.2514,0.8996
HVM-0982,W01,21,9,1,10,1.2807,0.8945
HVM-0982,W01,22,9,1,10,1.2774,0.9339
HVM-0982,W01,23,9,2,21,1.3026,0.9178
HVM-0982,W01,24,9,1,10,1.2791,0.9015
HVM-0982,W01,25,9,1,10,1.3178,0.9174
HVM-0982,W01,26,9,1,10,1.2756,0.9553
HVM-0982,W01,27,9,1,10,1.2972,0.9397
HVM-0982,W01,28,9,1,10,1.2698,0.9655
HVM-0982,W01,29,9,3,30,1.3015,0.8856
HVM-0982,W01,30,9,1,10,1.3268,0.9359
HVM-0982,W01,31,9,1,10,1.3005,0.9035
HVM-0982,W01,32,9,1,10,1.2591,0.8990
HVM-0982,W01,33,9,1,10,1.3653,0.9251
HVM-0982,W01,34,9,1,10,1.3264,0.9175
HVM-0982,W01,35,9,1,10,1.3036,0.9430
HVM-0982,W01,36,9,2,30,1.3514,0.9773
HVM-0982,W01,37,9,1,10,1.3379,0.9221
HVM-0982,W01,38,9,1,10,1.3145,0.9158
HVM-0982,W01,39,9,1,10,1.3183,0.9896
HVM-0982,W01,40,9,1,10,1.3683,0.9756
HVM-0982,W01,41,9,1,10,1.3388,0.9823
HVM-0982,W01,42,9,1,10,1.3424,0.9809
HVM-0982,W01,43,9,1,10,1.3719,0.9724
HVM-0982,W01,44,9,1,10,1.3517,0.9357
HVM-0982,W01,45,9,1,10,1.3361,0.9703
HVM-0982,W01,46,9,1,10,1.3924,0.9568
HVM-0982,W01,47,9,1,10,1.3321,0.9838
HVM-0982,W01,48,9,2,20,1.4056,0.9697
HVM-0982,W01,-47,10,1,10,1.0688,0.9345
HVM-0982,W01,-46,10,1,10,1.0621,0.9850
HVM-0982,W01,-45,10,1,10,1.0705,0.9648
HVM-0982,W01,-44,10,1,10,1.0917,0.9613
HVM-0982,W01,-43,10,1,10,1.1162,0.9345
HVM-0982,W01,-42,10,1,10,1.0566,0.9391
HVM-0982,W01,-41,10,1,10,1.0611,0.9804
HVM-0982,W01,-40,10,1,10,1.1046,0.9490
HVM-0982,W01,-39,10,1,10,1.1116,0.9480
HVM-0982,W01,-38,10,1,10,1.0797,0.9588
HVM-0982,W01,-37,10,1,10,1.0773,0.9655
HVM-0982,W01,-36,10,1,10,1.0616,0.9054
HVM-0982,W01,-35,10,1,10,1.1809,0.9519
HVM-0982,W01,-34,10,1,10,1.1253,0.8989
HVM-0982,W01,-33,10,1,10,1.1588,0.9133
HVM-0982,W01,-32,10,1,10,1.0837,0.9603
HVM-0982,W01,-31,10,1,10,1.1234,0.8761
HVM-0982,W01,-30,10,1,10,1.1212,0.8796
HVM-0982,W01,-29,10,1,10,1.1131,0.9575
HVM-0982,W01,-28,10,1,10,1.1141,0.9187
HVM-0982,W01,-27,10,1,10,1.1497,0.9198
HVM-0982,W01,-26,10,1,10,1.1214,0.8984
HVM-0982,W01,-25,10,1,10,1.1428,0.8930
HVM-0982,W01,-24,10,1,10,1.1389,0.9124
HVM-0982,W01,-23,10,1,10,1.1769,0.9015
HVM-0982,W01,-22,10,1,10,1.1448,0.9046
HVM-0982,W01,-21,10,1,10,1.1602,0.9210
HVM-0982,W01,-20,10,1,10,1.1591,0.9216
HVM-0982,W01,-19,10,1,10,1.1738,0.8613
HVM-0982,W01,-18,10,1,10,1.1980,0.8866
HVM-0982,W01,-17,10,1,10,1.1699,0.9279
HVM-0982,W01,-16,10,1,10,1.1549,0.8855
HVM-0982,W01,-15,10,1,10,1.2023,0.8744
HVM-0982,W01,-14,10,1,10,1.2035,0.9064
HVM-0982,W01,-13,10,1,10,1.1825,0.8853
HVM-0982,W01,-12,10,1,10,1.2021,0.8483
HVM-0982,W01,-11,10,1,10,1.1945,0.8790
HVM-0982,W01,-10,10,1,10,1.1725,0.8745
HVM-0982,W01,-9,10,1,10,1.1918,0.8656
HVM-0982,W01,-8,10,1,10,1.1705,0.8789
HVM-0982,W01,-7,10,2,31,1.1735,0.8404
HVM-0982,W01,-6,10,1,10,1.1481,0.8922
HVM-0982,W01,-5,10,1,10,1.1787,0.8501
HVM-0982,W01,-4,10,4,21,1.1689,0.8295
HVM-0982,W01,-3,10,1,10,1.2210,0.8944
HVM-0982,W01,-2,10,1,10,1.2200,0.8977
HVM-0982,W01,-1,10,1,10,1.2239,0.8985
HVM-0982,W01,0,10,1,10,1.1860,0.9012
HVM-0982,W01,1,10,2,20,1.2339,0.8465
HVM-0982,W01,2,10,1,10,1.2284,0.8148
HVM-0982,W01,3,10,1,10,1.2400,0.8465
HVM-0982,W01,4,10,1,10,1.2487,0.8768
HVM-0982,W01,5,10,1,10,1.2094,0.9161
HVM-0982,W01,6,10,1,10,1.2492,0.8934
HVM-0982,W01,7,10,1,10,1.2038,0.8692
HVM-0982,W01,8,10,1,10,1.2265,0.8166
HVM-0982,W01,9,10,1,10,1.2193,0.8476
HVM-0982,W01,10,10,1,10,1.2631,0.8402
HVM-0982,W01,11,10,1,10,1.2591,0.9032
HVM-0982,W01,12,10,1,10,1.2327,0.8765
HVM-0982,W01,13,10,1,10,1.2181,0.8627
HVM-0982,W01,14,10,1,10,1.2432,0.8709
HVM-0982,W01,15,10,3,31,1.2447,0.9194
HVM-0982,W01,16,10,1,10,1.2129,0.8812
HVM-0982,W01,17,10,1,10,1.2460,0.8757
HVM-0982,W01,18,10,1,10,1.2588,0.8717
HVM-0982,W01,19,10,1,10,1.2489,0.8956
HVM-0982,W01,20,10,1,10,1.2775,0.8755
HVM-0982,W01,21,10,1,10,1.2478,0.9031
HVM-0982,W01,22,10,1,10,1.2171,0.9127
HVM-0982,W01,23,10,1,10,1.3127,0.8673
HVM-0982,W01,24,10,1,10,1.2286,0.9274
HVM-0982,W01,25,10,1,10,1.3021,0.9531
HVM-0982,W01,26,10,1,10,1.3047,0.8781
HVM-0982,W01,27,10,1,10,1.3158,0.9723
HVM-0982,W01,28,10,4,21,1.3179,0.8973
HVM-0982,W01,29,10,1,10,1.2834,0.9192
HVM-0982,W01,30,10,1,10,1.3350,0.9665
HVM-0982,W01,31,10,1,10,1.3204,0.8916
HVM-0982,W01,32,10,1,10,1.2908,0.8970
HVM-0982,W01,33,10,1,10,1.3306,0.9408
HVM-0982,W01,34,10,1,10,1.3371,0.9325
HVM-0982,W01,35,10,1,10,1.3479,0.9466
HVM-0982,W01,36,10,1,10,1.2772,0.9631
HVM-0982,W01,37,10,2,21,1.2991,0.9642
HVM-0982,W01,38,10,1,10,1.3410,0.9652
HVM-0982,W01,39,10,1,10,1.3728,0.9447
HVM-0982,W01,40,10,1,10,1.3302,0.8819
HVM-0982,W01,41,10,1,10,1.3490,0.9436
HVM-0982,W01,42,10,3,20,1.3108,0.8990
HVM-0982,W01,43,10,1,10,1.3538,0.9459
HVM-0982,W01,44,10,1,10,1.3719,0.9624
HVM-0982,W01,45,10,1,10,1.3347,0.9530
HVM-0982,W01,46,10,2,30,1.3682,0.9705
HVM-0982,W01,47,10,1,10,1.3716,0.9441
HVM-0982,W01,-47,11,2,30,1.0726,0.9965
HVM-0982,W01,-46,11,2,30,1.0935,0.8956
HVM-0982,W01,-45,11,1,10,1.0450,0.9658
HVM-0982,W01,-44,11,1,10,1.1100,0.9777
HVM-0982,W01,-43,11,1,10,1.0689,0.9231
HVM-0982,W01,-42,11,1,10,1.0789,0.9194
HVM-0982,W01,-41,11,1,10,1.0921,0.9517
HVM-0982,W01,-40,11,1,10,1.0749,0.9346
HVM-0982,W01,-39,11,1,10,1.1415,0.9503
HVM-0982,W01,-38,11,1,10,1.1174,0.9487
HVM-0982,W01,-37,11,1,10,1.0669,0.9455
HVM-0982,W01,-36,11,1,10,1.1146,0.9487
HVM-0982,W01,-35,11,1,10,1.0880,0.9419
HVM-0982,W01,-34,11,1,10,1.1145,0.9653
HVM-0982,W01,-33,11,1,10,1.1296,0.9582
HVM-0982,W01,-32,11,1,10,1.1147,0.8852
HVM-0982,W01,-31,11,1,10,1.1410,0.8974
HVM-0982,W01,-30,11,1,10,1.0977,0.9077
HVM-0982,W01,-29,11,1,10,1.1246,0.8646
HVM-0982,W01,-28,11,1,10,1.1637,0.9347
HVM-0982,W01,-27,11,1,10,1.1477,0.9101
HVM-0982,W01,-26,11,1,10,1.1426,0.9129
HVM-0982,W01,-25,11,1,10,1.1291,0.9181
HVM-0982,W01,-24,11,1,10,1.1737,0.9110
HVM-0982,W01,-23,11,1,10,1.1657,0.8853
HVM-0982,W01,-22,11,1,10,1.1544,0.9005
HVM-0982,W01,-21,11,1,10,1.1559,0.9029
HVM-0982,W01,-20,11,1,10,1.1832,0.9185
HVM-0982,W01,-19,11,1,10,1.1225,0.8993
HVM-0982,W01,-18,11,1,10,1.1570,0.8985
HVM-0982,W01,-17,11,1,10,1.1936,0.9120
HVM-0982,W01,-16,11,1,10,1.1661,0.9286
HVM-0982,W01,-15,11,1,10,1.1601,0.8949
HVM-0982,W01,-14,11,1,10,1.1886,0.8794
HVM-0982,W01,-13,11,1,10,1.1367,0.9015
HVM-0982,W01,-12,11,1,10,1.2011,0.8663
HVM-0982,W01,-11,11,1,10,1.2092,0.8586
HVM-0982,W01,-10,11,3,21,1.1819,0.8680
HVM-0982,W01,-9,11,1,10,1.1711,0.8307
HVM-0982,W01,-8,11,1,10,1.1969,0.9503
HVM-0982,W01,-7,11,1,10,1.2159,0.8369
HVM-0982,W01,-6,11,1,10,1.1782,0.8773
HVM-0982,W01,-5,11,1,10,1.2036,0.8977
HVM-0982,W01,-4,11,1,10,1.1243,0.8508
HVM-0982,W01,-3,11,1,10,1.2159,0.9101
HVM-0982,W01,-2,11,1,10,1.1937,0.8921
HVM-0982,W01,-1,11,1,10,1.2661,0.8666
HVM-0982,W01,0,11,1,10,1.2941,0.8573
HVM-0982,W01,1,11,1,10,1.2289,0.8600
HVM-0982,W01,2,11,1,10,1.2088,0.9015
HVM-0982,W01,3,11,1,10,1.2151,0.8892
HVM-0982,W01,4,11,3,30,1.2406,0.8924
HVM-0982,W01,5,11,1,10,1.2352,0.8479
HVM-0982,W01,6,11,1,10,1.2437,0.8602
HVM-0982,W01,7,11,1,10,1.2159,0.8817
HVM-0982,W01,8,11,1,10,1.2207,0.8887
HVM-0982,W01,9,11,1,10,1.2378,0.9088
HVM-0982,W01,10,11,1,10,1.3060,0.8374
HVM-0982,W01,11,11,1,10,1.2679,0.8838
HVM-0982,W01,12,11,1,10,1.2414,0.8998
HVM-0982,W01,13,11,1,10,1.2653,0.8824
HVM-0982,W01,14,11,1,10,1.2157,0.8267
HVM-0982,W01,15,11,1,10,1.2793,0.8749
HVM-0982,W01,16,11,1,10,1.2715,0.9132
HVM-0982,W01,17,11,1,10,1.3170,0.8952
HVM-0982,W01,18,11,1,10,1.2563,0.8571
HVM-0982,W01,19,11,1,10,1.2853,0.9495
HVM-0982,W01,20,11,1,10,1.2396,0.9406
HVM-0982,W01,21,11,1,10,1.2831,0.9027
HVM-0982,W01,22,11,1,10,1.2607,0.8604
HVM-0982,W01,23,11,1,10,1.2598,0.9272
HVM-0982,W01,24,11,1,10,1.2864,0.8659
HVM-0982,W01,25,11,1,10,1.2909,0.9315
HVM-0982,W01,26,11,1,10,1.3085,0.9071
HVM-0982,W01,27,11,1,10,1.3353,0.8915
HVM-0982,W01,28,11,1,10,1.3078,0.9204
HVM-0982,W01,29,11,1,10,1.3058,0.9283
HVM-0982,W01,30,11,1,10,1.3320,0.9359
HVM-0982,W01,31,11,1,10,1.3057,0.8934
HVM-0982,W01,32,11,1,10,1.2840,0.8851
HVM-0982,W01,33,11,1,10,1.3090,0.9422
HVM-0982,W01,34,11,2,21,1.3163,0.9043
HVM-0982,W01,35,11,1,10,1.3297,0.9475
HVM-0982,W01,36,11,1,10,1.3266,0.9558
HVM-0982,W01,37,11,1,10,1.3079,0.9254
HVM-0982,W01,38,11,1,10,1.3165,0.9053
HVM-0982,W01,39,11,1,10,1.3122,0.9323
HVM-0982,W01,40,11,1,10,1.3593,0.9791
HVM-0982,W01,41,11,1,10,1.3568,1.0039
HVM-0982,W01,42,11,1,10,1.3392,0.9412
HVM-0982,W01,43,11,1,10,1.3632,0.9192
HVM-0982,W01,44,11,1,10,1.3432,0.9549
HVM-0982,W01,45,11,1,10,1.3809,0.9682
HVM-0982,W01,46,11,1,10,1.3650,0.9810
HVM-0982,W01,47,11,4,30,1.3887,0.9907
HVM-0982,W01,-47,12,1,10,1.0183,0.9894
HVM-0982,W01,-46,12,1,10,1.0820,0.9489
HVM-0982,W01,-45,12,1,10,1.1189,0.9885
HVM-0982,W01,-44,12,1,10,1.0744,0.9180
HVM-0982,W01,-43,12,1,10,1.0689,0.9414
HVM-0982,W01,-42,12,1,10,1.1068,0.9820
HVM-0982,W01,-41,12,1,10,1.0834,0.9507
HVM-0982,W01,-40,12,1,10,1.1378,0.9384
HVM-0982,W01,-39,12,1,10,1.1019,0.9157
HVM-0982,W01,-38,12,1,10,1.1445,0.9627
HVM-0982,W01,-37,12,1,10,1.0793,0.9460
HVM-0982,W01,-36,12,1,10,1.1342,0.9284
HVM-0982,W01,-35,12,1,10,1.0967,0.9057
HVM-0982,W01,-34,12,1,10,1.1263,0.9746
HVM-0982,W01,-33,12,1,10,1.1269,0.9038
HVM-0982,W01,-32,12,1,10,1.1369,0.9248
HVM-0982,W01,-31,12,1,10,1.1248,0.9499
HVM-0982,W01,-30,12,1,10,1.1333,0.9903
HVM-0982,W01,-29,12,1,10,1.0955,0.9011
HVM-0982,W01,-28,12,1,10,1.1576,0.9132
HVM-0982,W01,-27,12,1,10,1.1329,0.9443
HVM-0982,W01,-26,12,1,10,1.1344,0.9157
HVM-0982,W01,-25,12,1,10,1.1782,0.8756
HVM-0982,W01,-24,12,1,10,1.1292,0.9281
HVM-0982,W01,-23,12,1,10,1.1346,0.9180
HVM-0982,W01,-22,12,1,10,1.1380,0.8984
HVM-0982,W01,-21,12,1,10,1.1521,0.9174
HVM-0982,W01,-20,12,1,10,1.1370,0.9317
HVM-0982,W01,-19,12,1,10,1.1612,0.8681
HVM-0982,W01,-18,12,1,10,1.1469,0.9034
HVM-0982,W01,-17,12,1,10,1.1796,0.8483
HVM-0982,W01,-16,12,1,10,1.1536,0.8543
HVM-0982,W01,-15,12,1,10,1.1943,0.8662
HVM-0982,W01,-14,12,1,10,1.1693,0.8684
HVM-0982,W01,-13,12,1,10,1.2240,0.8340
HVM-0982,W01,-12,12,1,10,1.2020,0.9032
HVM-0982,W01,-11,12,1,10,1.1943,0.8926
HVM-0982,W01,-10,12,1,10,1.1673,0.9027
HVM-0982,W01,-9,12,2,20,1.1850,0.9138
HVM-0982,W01,-8,12,1,10,1.1921,0.8724
HVM-0982,W01,-7,12,1,10,1.1993,0.8620
HVM-0982,W01,-6,12,1,10,1.1979,0.8363
HVM-0982,W01,-5,12,1,10,1.1902,0.8456
HVM-0982,W01,-4,12,1,10,1.2452,0.8151
HVM-0982,W01,-3,12,1,10,1.2160,0.8528
HVM-0982,W01,-2,12,1,10,1.2296,0.8200
HVM-0982,W01,-1,12,1,10,1.2130,0.9099
HVM-0982,W01,0,12,1,10,1.2358,0.8445
HVM-0982,W01,1,12,1,10,1.2134,0.8859
HVM-0982,W01,2,12,1,10,1.2172,0.8458
HVM-0982,W01,3,12,1,10,1.2606,0.8204
HVM-0982,W01,4,12,1,10,1.2533,0.8650
HVM-0982,W01,5,12,2,20,1.2246,0.8790
HVM-0982,W01,6,12,1,10,1.2305,0.8743
HVM-0982,W01,7,12,1,10,1.2179,0.9028
HVM-0982,W01,8,12,1,10,1.2143,0.8668
HVM-0982,W01,9,12,1,10,1.2885,0.8899
HVM-0982,W01,10,12,1,10,1.2352,0.8809
HVM-0982,W01,11,12,1,10,1.2280,0.8776
HVM-0982,W01,12,12,1,10,1.2492,0.8996
HVM-0982,W01,13,12,1,10,1.2281,0.9030
HVM-0982,W01,14,12,1,10,1.2615,0.8764
HVM-0982,W01,15,12,1,10,1.2558,0.8530
HVM-0982,W01,16,12,1,10,1.2596,0.9304
HVM-0982,W01,17,12,1,10,1.2830,0.8984
HVM-0982,W01,18,12,1,10,1.2885,0.9281
HVM-0982,W01,19,12,1,10,1.2659,0.9143
HVM-0982,W01,20,12,1,10,1.3042,0.9148
HVM-0982,W01,21,12,1,10,1.2765,0.9041
HVM-0982,W01,22,12,1,10,1.2866,0.8883
HVM-0982,W01,23,12,1,10,1.3003,0.9216
HVM-0982,W01,24,12,1,10,1.3109,0.8944
HVM-0982,W01,25,12,1,10,1.2532,0.8909
HVM-0982,W01,26,12,1,10,1.3087,0.9180
HVM-0982,W01,27,12,1,10,1.3234,0.9520
HVM-0982,W01,28,12,1,10,1.2931,0.9273
HVM-0982,W01,29,12,1,10,1.3089,0.9144
HVM-0982,W01,30,12,1,10,1.2997,0.9508
HVM-0982,W01,31,12,1,10,1.2867,0.8942
HVM-0982,W01,32,12,1,10,1.2777,0.9246
HVM-0982,W01,33,12,1,10,1.3625,0.9320
HVM-0982,W01,34,12,1,10,1.3271,0.9137
HVM-0982,W01,35,12,1,10,1.3347,0.9361
HVM-0982,W01,36,12,1,10,1.3376,0.9579
HVM-0982,W01,37,12,1,10,1.2979,0.8817
HVM-0982,W01,38,12,1,10,1.3446,0.9604
HVM-0982,W01,39,12,1,10,1.2832,0.9332
HVM-0982,W01,40,12,1,10,1.3325,0.9391
HVM-0982,W01,41,12,1,10,1.3522,0.9573
HVM-0982,W01,42,12,1,10,1.3689,0.9723
HVM-0982,W01,43,12,1,10,1.3477,0.9575
HVM-0982,W01,44,12,1,10,1.3813,0.9650
HVM-0982,W01,45,12,1,10,1.3772,0.9711
HVM-0982,W01,46,12,2,31,1.3645,0.9360
HVM-0982,W01,47,12,1,10,1.3501,0.9965
HVM-0982,W01,-47,13,2,30,1.0655,0.9584
HVM-0982,W01,-46,13,1,10,1.1108,0.9633
HVM-0982,W01,-45,13,1,10,1.1000,0.9846
HVM-0982,W01,-44,13,1,10,1.0990,0.9214
HVM-0982,W01,-43,13,1,10,1.1057,0.9843
HVM-0982,W01,-42,13,1,10,1.0737,0.9730
HVM-0982,W01,-41,13,1,10,1.0749,0.9788
HVM-0982,W01,-40,13,1,10,1.0663,0.9300
HVM-0982,W01,-39,13,1,10,1.1260,0.9410
HVM-0982,W01,-38,13,1,10,1.1014,0.9846
HVM-0982,W01,-37,13,1,10,1.0878,0.9405
HVM-0982,W01,-36,13,1,10,1.0952,0.9325
HVM-0982,W01,-35,13,1,10,1.0898,0.8926
HVM-0982,W01,-34,13,1,10,1.1825,0.9528
HVM-0982,W01,-33,13,1,10,1.1305,0.9233
HVM-0982,W01,-32,13,1,10,1.1537,0.9698
HVM-0982,W01,-31,13,1,10,1.1257,0.8887
HVM-0982,W01,-30,13,1,10,1.1725,0.9563
HVM-0982,W01,-29,13,1,10,1.1576,0.9084
HVM-0982,W01,-28,13,1,10,1.1385,0.9338
HVM-0982,W01,-27,13,1,10,1.1640,0.9167
HVM-0982,W01,-26,13,1,10,1.1745,0.9129
HVM-0982,W01,-25,13,1,10,1.1475,0.9319
HVM-0982,W01,-24,13,1,10,1.1693,0.9153
HVM-0982,W01,-23,13,1,10,1.1287,0.9406
HVM-0982,W01,-22,13,1,10,1.1477,0.9033
HVM-0982,W01,-21,13,1,10,1.1520,0.9399
HVM-0982,W01,-20,13,1,10,1.2230,0.8656
HVM-0982,W01,-19,13,1,10,1.1307,0.8855
HVM-0982,W01,-18,13,1,10,1.1194,0.8909
HVM-0982,W01,-17,13,1,10,1.1671,0.9021
HVM-0982,W01,-16,13,1,10,1.1378,0.8922
HVM-0982,W01,-15,13,1,10,1.1583,0.8677
HVM-0982,W01,-14,13,1,10,1.1741,0.8910
HVM-0982,W01,-13,13,1,10,1.1519,0.8850
HVM-0982,W01,-12,13,1,10,1.1878,0.8953
HVM-0982,W01,-11,13,1,10,1.1652,0.8922
HVM-0982,W01,-10,13,1,10,1.1829,0.8839
HVM-0982,W01,-9,13,1,10,1.1536,0.9089
HVM-0982,W01,-8,13,1,10,1.1399,0.9057
HVM-0982,W01,-7,13,1,10,1.2219,0.8840
HVM-0982,W01,-6,13,1,10,1.2041,0.8957
HVM-0982,W01,-5,13,1,10,1.2273,0.8959
HVM-0982,W01,-4,13,1,10,1.2261,0.8905
HVM-0982,W01,-3,13,1,10,1.1493,0.8575
HVM-0982,W01,-2,13,1,10,1.2224,0.8553
HVM-0982,W01,-1,13,1,10,1.2096,0.8354
HVM-0982,W01,0,13,1,10,1.2167,0.8649
HVM-0982,W01,1,13,1,10,1.2033,0.8620
HVM-0982,W01,2,13,1,10,1.2246,0.8934
HVM-0982,W01,3,13,1,10,1.2461,0.8592
HVM-0982,W01,4,13,1,10,1.2198,0.9026
HVM-0982,W01,5,13,1,10,1.2037,0.8264
HVM-0982,W01,6,13,1,10,1.2335,0.8487
HVM-0982,W01,7,13,1,10,1.2570,0.9099
HVM-0982,W01,8,13,1,10,1.2089,0.9384
HVM-0982,W01,9,13,1,10,1.2554,0.8791
HVM-0982,W01,10,13,1,10,1.2736,0.8957
HVM-0982,W01,11,13,1,10,1.2454,0.8569
HVM-0982,W01,12,13,1,10,1.2647,0.8959
HVM-0982,W01,13,13,1,10,1.2636,0.8767
HVM-0982,W01,14,13,1,10,1.2755,0.8741
HVM-0982,W01,15,13,1,10,1.2549,0.9178
HVM-0982,W01,16,13,1,10,1.3004,0.8848
HVM-0982,W01,17,13,1,10,1.2727,0.8777
HVM-0982,W01,18,13,1,10,1.2667,0.8785
HVM-0982,W01,19,13,1,10,1.3017,0.8628
HVM-0982,W01,20,13,1,10,1.3223,0.8995
HVM-0982,W01,21,13,1,10,1.3009,0.8774
HVM-0982,W01,22,13,1,10,1.3141,0.9149
HVM-0982,W01,23,13,4,30,1.3045,0.9671
HVM-0982,W01,24,13,1,10,1.3196,0.9418
HVM-0982,W01,25,13,1,10,1.3369,0.8879
HVM-0982,W01,26,13,1,10,1.2923,0.8828
HVM-0982,W01,27,13,1,10,1.3237,0.9638
HVM-0982,W01,28,13,1,10,1.2978,0.9286
HVM-0982,W01,29,13,1,10,1.2775,0.9453
HVM-0982,W01,30,13,1,10,1.3514,0.8754
HVM-0982,W01,31,13,1,10,1.2786,0.8927
HVM-0982,W01,32,13,1,10,1.3308,0.9560
HVM-0982,W01,33,13,1,10,1.2985,0.9567
HVM-0982,W01,34,13,1,10,1.3215,0.9228
HVM-0982,W01,35,13,1,10,1.3285,0.9771
HVM-0982,W01,36,13,1,10,1.3496,0.9380
HVM-0982,W01,37,13,1,10,1.2928,0.9123
HVM-0982,W01,38,13,1,10,1.3179,0.9786
HVM-0982,W01,39,13,1,10,1.3630,0.9442
HVM-0982,W01,40,13,1,10,1.3767,0.9256
HVM-0982,W01,41,13,1,10,1.3392,0.9354
HVM-0982,W01,42,13,2,20,1.3356,0.9400
HVM-0982,W01,43,13,1,10,1.3508,0.9380
HVM-0982,W01,44,13,1,10,1.4445,0.9752
HVM-0982,W01,45,13,2,30,1.3606,0.9982
HVM-0982,W01,46,13,1,10,1.3507,0.9050
HVM-0982,W01,47,13,3,30,1.3472,0.9520
HVM-0982,W01,-47,14,1,10,1.1501,0.9650
HVM-0982,W01,-46,14,3,31,1.1142,0.9318
HVM-0982,W01,-45,14,1,10,1.0530,0.9551
HVM-0982,W01,-44,14,1,10,1.0977,0.9838
HVM-0982,W01,-43,14,1,10,1.0941,0.9980
HVM-0982,W01,-42,14,1,10,1.0843,0.9403
HVM-0982,W01,-41,14,1,10,1.1546,0.9842
HVM-0982,W01,-40,14,1,10,1.0996,0.9414
HVM-0982,W01,-39,14,1,10,1.0748,0.9334
HVM-0982,W01,-38,14,1,10,1.1068,0.9594
HVM-0982,W01,-37,14,1,10,1.0861,0.9694
HVM-0982,W01,-36,14,1,10,1.0655,0.9159
HVM-0982,W01,-35,14,1,10,1.0803,0.9076
HVM-0982,W01,-34,14,1,10,1.1287,0.9681
HVM-0982,W01,-33,14,1,10,1.1346,0.9186
HVM-0982,W01,-32,14,1,10,1.0918,0.9038
HVM-0982,W01,-31,14,1,10,1.1306,0.9238
HVM-0982,W01,-30,14,1,10,1.1590,0.9599
HVM-0982,W01,-29,14,1,10,1.1609,0.9526
HVM-0982,W01,-28,14,1,10,1.1024,0.9792
HVM-0982,W01,-27,14,1,10,1.1651,0.9241
HVM-0982,W01,-26,14,1,10,1.1170,0.9634
HVM-0982,W01,-25,14,1,10,1.1367,0.9079
HVM-0982,W01,-24,14,1,10,1.1990,0.9293
HVM-0982,W01,-23,14,1,10,1.1682,0.9723
HVM-0982,W01,-22,14,1,10,1.1855,0.9162
HVM-0982,W01,-21,14,1,10,1.1307,0.8878
HVM-0982,W01,-20,14,1,10,1.2267,0.9529
HVM-0982,W01,-19,14,1,10,1.1773,0.9080
HVM-0982,W01,-18,14,1,10,1.1726,0.8879
HVM-0982,W01,-17,14,1,10,1.1404,0.9307
HVM-0982,W01,-16,14,1,10,1.1926,0.8800
HVM-0982,W01,-15,14,1,10,1.1681,0.8879
HVM-0982,W01,-14,14,1,10,1.1240,0.8928
HVM-0982,W01,-13,14,1,10,1.1706,0.8935
HVM-0982,W01,-12,14,1,10,1.1617,0.9153
HVM-0982,W01,-11,14,1,10,1.2022,0.8876
HVM-0982,W01,-10,14,1,10,1.1704,0.8689
HVM-0982,W01,-9,14,1,10,1.2290,0.8939
HVM-0982,W01,-8,14,1,10,1.2071,0.8410
HVM-0982,W01,-7,14,1,10,1.1835,0.8876
HVM-0982,W01,-6,14,1,10,1.1449,0.8459
HVM-0982,W01,-5,14,1,10,1.2019,0.8701
HVM-0982,W01,-4,14,2,31,1.2246,0.9027
HVM-0982,W01,-3,14,1,10,1.2253,0.8542
HVM-0982,W01,-2,14,1,10,1.2075,0.8585
HVM-0982,W01,-1,14,1,10,1.2065,0.8394
HVM-0982,W01,0,14,1,10,1.2376,0.8918
HVM-0982,W01,1,14,1,10,1.1994,0.8470
HVM-0982,W01,2,14,1,10,1.2141,0.8616
HVM-0982,W01,3,14,1,10,1.2068,0.8300
HVM-0982,W01,4,14,1,10,1.2698,0.8973
HVM-0982,W01,5,14,1,10,1.2594,0.8807
HVM-0982,W01,6,14,1,10,1.1765,0.8904
HVM-0982,W01,7,14,1,10,1.2916,0.8725
HVM-0982,W01,8,14,1,10,1.2645,0.8698
HVM-0982,W01,9,14,1,10,1.2601,0.8969
HVM-0982,W01,10,14,1,10,1.2446,0.8638
HVM-0982,W01,11,14,1,10,1.2798,0.9027
HVM-0982,W01,12,14,3,21,1.2802,0.8967
HVM-0982,W01,13,14,1,10,1.2334,0.8882
HVM-0982,W01,14,14,1,10,1.2704,0.8868
HVM-0982,W01,15,14,1,10,1.2482,0.9222
HVM-0982,W01,16,14,1,10,1.2728,0.8621
HVM-0982,W01,17,14,1,10,1.2692,0.8841
HVM-0982,W01,18,14,1,10,1.2630,0.9166
HVM-0982,W01,19,14,1,10,1.2930,0.9243
HVM-0982,W01,20,14,1,10,1.2824,0.9336
HVM-0982,W01,21,14,1,10,1.3318,0.9665
HVM-0982,W01,22,14,1,10,1.1849,0.9123
HVM-0982,W01,23,14,1,10,1.2584,0.8742
HVM-0982,W01,24,14,1,10,1.3316,0.8639
HVM-0982,W01,25,14,1,10,1.2976,0.9135
HVM-0982,W01,26,14,1,10,1.3264,0.9711
HVM-0982,W01,27,14,1,10,1.2916,0.9027
HVM-0982,W01,28,14,1,10,1.2996,0.9274
HVM-0982,W01,29,14,1,10,1.3145,0.9346
HVM-0982,W01,30,14,1,10,1.2574,0.9142
HVM-0982,W01,31,14,1,10,1.3133,0.9368
HVM-0982,W01,32,14,1,10,1.3052,0.9112
HVM-0982,W01,33,14,1,10,1.3375,0.8853
HVM-0982,W01,34,14,1,10,1.3382,0.9165
HVM-0982,W01,35,14,1,10,1.3481,0.9656
HVM-0982,W01,36,14,1,10,1.3441,0.9299
HVM-0982,W01,37,14,1,10,1.3363,0.9602
HVM-0982,W01,38,14,3,31,1.3397,0.9311
HVM-0982,W01,39,14,1,10,1.3710,0.9629
HVM-0982,W01,40,14,1,10,1.3838,0.9719
HVM-0982,W01,41,14,1,10,1.2974,0.9801
HVM-0982,W01,42,14,1,10,1.3560,0.9854
HVM-0982,W01,43,14,1,10,1.3669,0.9178
HVM-0982,W01,44,14,1,10,1.3717,0.9783
HVM-0982,W01,45,14,1,10,1.3720,0.9506
HVM-0982,W01,46,14,1,10,1.3629,0.9754
HVM-0982,W01,47,14,1,10,1.3571,0.9495
HVM-0982,W01,-47,15,1,10,1.0566,0.8985
HVM-0982,W01,-46,15,1,10,1.1001,0.9373
HVM-0982,W01,-45,15,3,30,1.1297,0.9374
HVM-0982,W01,-44,15,1,10,1.1481,0.8960
HVM-0982,W01,-43,15,1,10,1.0816,0.9571
HVM-0982,W01,-42,15,1,10,1.0831,0.9786
HVM-0982,W01,-41,15,1,10,1.1258,0.9934
HVM-0982,W01,-40,15,1,10,1.1475,0.9874
HVM-0982,W01,-39,15,1,10,1.0827,0.9724
HVM-0982,W01,-38,15,1,10,1.1751,0.8977
HVM-0982,W01,-37,15,1,10,1.1024,0.9502
HVM-0982,W01,-36,15,1,10,1.1190,0.9340
HVM-0982,W01,-35,15,1,10,1.1234,0.9318
HVM-0982,W01,-34,15,1,10,1.1272,0.8984
HVM-0982,W01,-33,15,1,10,1.1329,0.9380
HVM-0982,W01,-32,15,1,10,1.1390,0.9092
HVM-0982,W01,-31,15,1,10,1.1224,0.9729
HVM-0982,W01,-30,15,1,10,1.1477,0.9423
HVM-0982,W01,-29,15,1,10,1.1280,0.9524
HVM-0982,W01,-28,15,1,10,1.1281,0.9204
HVM-0982,W01,-27,15,1,10,1.1750,0.9364
HVM-0982,W01,-26,15,1,10,1.1194,0.9121
HVM-0982,W01,-25,15,1,10,1.1448,0.9148
HVM-0982,W01,-24,15,1,10,1.1588,0.9016
HVM-0982,W01,-23,15,1,10,1.1889,0.9050
HVM-0982,W01,-22,15,1,10,1.1609,0.9557
HVM-0982,W01,-21,15,1,10,1.1590,0.9069
HVM-0982,W01,-20,15,1,10,1.1013,0.8960
HVM-0982,W01,-19,15,2,31,1.1392,0.8880
HVM-0982,W01,-18,15,1,10,1.1725,0.9193
HVM-0982,W01,-17,15,1,10,1.1697,0.9109
HVM-0982,W01,-16,15,1,10,1.1181,0.8557
HVM-0982,W01,-15,15,1,10,1.1661,0.9553
HVM-0982,W01,-14,15,1,10,1.2035,0.9477
HVM-0982,W01,-13,15,1,10,1.1431,0.9077
HVM-0982,W01,-12,15,1,10,1.1533,0.9334
HVM-0982,W01,-11,15,1,10,1.2072,0.9197
HVM-0982,W01,-10,15,1,10,1.1775,0.8303
HVM-0982,W01,-9,15,1,10,1.2147,0.8688
HVM-0982,W01,-8,15,1,10,1.1873,0.9038
HVM-0982,W01,-7,15,1,10,1.2567,0.8935
HVM-0982,W01,-6,15,1,10,1.2261,0.9164
HVM-0982,W01,-5,15,1,10,1.2435,0.9261
HVM-0982,W01,-4,15,1,10,1.2110,0.8773
HVM-0982,W01,-3,15,1,10,1.2064,0.8617
HVM-0982,W01,-2,15,2,31,1.2215,0.8738
HVM-0982,W01,-1,15,1,10,1.2488,0.8656
HVM-0982,W01,0,15,1,10,1.2153,0.8739
HVM-0982,W01,1,15,1,10,1.2369,0.8708
HVM-0982,W01,2,15,1,10,1.2427,0.8628
HVM-0982,W01,3,15,1,10,1.1891,0.9032
HVM-0982,W01,4,15,1,10,1.2265,0.8586
HVM-0982,W01,5,15,1,10,1.2453,0.8436
HVM-0982,W01,6,15,1,10,1.2192,0.8715
HVM-0982,W01,7,15,1,10,1.2335,0.8569
HVM-0982,W01,8,15,1,10,1.2543,0.8615
HVM-0982,W01,9,15,1,10,1.2857,0.8126
HVM-0982,W01,10,15,1,10,1.2558,0.8750
HVM-0982,W01,11,15,1,10,1.2857,0.8741
HVM-0982,W01,12,15,1,10,1.2840,0.9134
HVM-0982,W01,13,15,1,10,1.2472,0.8631
HVM-0982,W01,14,15,1,10,1.2416,0.8644
HVM-0982,W01,15,15,1,10,1.2847,0.8950
HVM-0982,W01,16,15,1,10,1.2809,0.9043
HVM-0982,W01,17,15,1,10,1.2530,0.9059
HVM-0982,W01,18,15,1,10,1.2886,0.8718
HVM-0982,W01,19,15,1,10,1.2599,0.9001
HVM-0982,W01,20,15,1,10,1.2266,0.9299
HVM-0982,W01,21,15,1,10,1.2597,0.8888
HVM-0982,W01,22,15,1,10,1.2583,0.9322
HVM-0982,W01,23,15,1,10,1.2579,0.8915
HVM-0982,W01,24,15,1,10,1.2652,0.9174
HVM-0982,W01,25,15,1,10,1.3068,0.9026
HVM-0982,W01,26,15,1,10,1.3084,0.9257
HVM-0982,W01,27,15,1,10,1.3241,0.8975
HVM-0982,W01,28,15,1,10,1.2878,0.9505
HVM-0982,W01,29,15,1,10,1.3120,0.8753
HVM-0982,W01,30,15,1,10,1.2505,0.9596
HVM-0982,W01,31,15,1,10,1.3066,0.9441
HVM-0982,W01,32,15,1,10,1.3512,0.9280
HVM-0982,W01,33,15,1,10,1.3070,0.8783
HVM-0982,W01,34,15,1,10,1.3502,0.9578
HVM-0982,W01,35,15,1,10,1.3190,0.8941
HVM-0982,W01,36,15,1,10,1.3242,0.9326
HVM-0982,W01,37,15,1,10,1.3498,0.9290
HVM-0982,W01,38,15,1,10,1.3283,0.9481
HVM-0982,W01,39,15,1,10,1.4056,0.9087
HVM-0982,W01,40,15,1,10,1.3605,0.9576
HVM-0982,W01,41,15,1,10,1.3688,0.9213
HVM-0982,W01,42,15,1,10,1.3509,0.9709
HVM-0982,W01,43,15,1,10,1.3537,0.9309
HVM-0982,W01,44,15,1,10,1.3494,0.9641
HVM-0982,W01,45,15,2,21,1.3520,0.9857
HVM-0982,W01,46,15,3,31,1.3325,0.9590
HVM-0982,W01,47,15,1,10,1.3409,0.9855
HVM-0982,W01,-46,16,1,10,1.1079,0.9904
HVM-0982,W01,-45,16,2,31,1.0990,0.9264
HVM-0982,W01,-44,16,1,10,1.1050,0.9823
HVM-0982,W01,-43,16,1,10,1.1283,0.9210
HVM-0982,W01,-42,16,1,10,1.0944,0.9329
HVM-0982,W01,-41,16,1,10,1.0924,0.9434
HVM-0982,W01,-40,16,1,10,1.0917,0.9493
HVM-0982,W01,-39,16,1,10,1.0822,0.9238
HVM-0982,W01,-38,16,1,10,1.0763,0.8866
HVM-0982,W01,-37,16,1,10,1.0829,0.9231
HVM-0982,W01,-36,16,1,10,1.1116,0.9562
HVM-0982,W01,-35,16,1,10,1.1171,0.9546
HVM-0982,W01,-34,16,1,10,1.1159,0.8924
HVM-0982,W01,-33,16,1,10,1.1131,0.9452
HVM-0982,W01,-32,16,1,10,1.1530,0.9238
HVM-0982,W01,-31,16,1,10,1.1511,0.9506
HVM-0982,W01,-30,16,1,10,1.1268,0.9220
HVM-0982,W01,-29,16,1,10,1.1014,0.9383
HVM-0982,W01,-28,16,1,10,1.1352,0.9164
HVM-0982,W01,-27,16,1,10,1.0647,0.9161
HVM-0982,W01,-26,16,1,10,1.1727,0.9202
HVM-0982,W01,-25,16,1,10,1.1595,0.9390
HVM-0982,W01,-24,16,1,10,1.1528,0.9200
HVM-0982,W01,-23,16,1,10,1.1476,0.9119
HVM-0982,W01,-22,16,1,10,1.1384,0.9093
HVM-0982,W01,-21,16,1,10,1.1418,0.9052
HVM-0982,W01,-20,16,1,10,1.1522,0.8915
HVM-0982,W01,-19,16,1,10,1.1527,0.8911
HVM-0982,W01,-18,16,1,10,1.1618,0.9146
HVM-0982,W01,-17,16,1,10,1.1739,0.8983
HVM-0982,W01,-16,16,1,10,1.1899,0.9461
HVM-0982,W01,-15,16,1,10,1.1707,0.9113
HVM-0982,W01,-14,16,1,10,1.2005,0.8543
HVM-0982,W01,-13,16,1,10,1.1622,0.9050
HVM-0982,W01,-12,16,1,10,1.1827,0.8664
HVM-0982,W01,-11,16,1,10,1.2059,0.8472
HVM-0982,W01,-10,16,1,10,1.2152,0.9214
HVM-0982,W01,-9,16,1,10,1.1715,0.8666
HVM-0982,W01,-8,16,1,10,1.1992,0.8704
HVM-0982,W01,-7,16,3,31,1.1668,0.8637
HVM-0982,W01,-6,16,1,10,1.1302,0.8613
HVM-0982,W01,-5,16,1,10,1.2291,0.9097
HVM-0982,W01,-4,16,1,10,1.2606,0.8784
HVM-0982,W01,-3,16,1,10,1.2057,0.8890
HVM-0982,W01,-2,16,1,10,1.2049,0.8934
HVM-0982,W01,-1,16,1,10,1.2057,0.8681
HVM-0982,W01,0,16,1,10,1.2331,0.8847
HVM-0982,W01,1,16,1,10,1.1933,0.8577
HVM-0982,W01,2,16,1,10,1.1786,0.8854
HVM-0982,W01,3,16,1,10,1.2440,0.8765
HVM-0982,W01,4,16,1,10,1.2414,0.8867
HVM-0982,W01,5,16,1,10,1.2124,0.8194
HVM-0982,W01,6,16,1,10,1.2547,0.8552
HVM-0982,W01,7,16,1,10,1.2609,0.9204
HVM-0982,W01,8,16,1,10,1.2691,0.8955
HVM-0982,W01,9,16,1,10,1.2398,0.9120
HVM-0982,W01,10,16,1,10,1.2526,0.9322
HVM-0982,W01,11,16,1,10,1.2757,0.9005
HVM-0982,W01,12,16,1,10,1.2522,0.8924
HVM-0982,W01,13,16,1,10,1.2844,0.8980
HVM-0982,W01,14,16,1,10,1.2589,0.9176
HVM-0982,W01,15,16,1,10,1.2596,0.9130
HVM-0982,W01,16,16,1,10,1.2729,0.9333
HVM-0982,W01,17,16,2,20,1.2387,0.8938
HVM-0982,W01,18,16,1,10,1.2924,0.9322
HVM-0982,W01,19,16,1,10,1.2593,0.9064
HVM-0982,W01,20,16,1,10,1.2323,0.8731
HVM-0982,W01,21,16,1,10,1.2786,0.9667
HVM-0982,W01,22,16,1,10,1.3328,0.8732
HVM-0982,W01,23,16,1,10,1.2606,0.9153
HVM-0982,W01,24,16,1,10,1.2957,0.9149
HVM-0982,W01,25,16,3,31,1.2753,0.8987
HVM-0982,W01,26,16,1,10,1.3106,0.8776
HVM-0982,W01,27,16,1,10,1.2549,0.9293
HVM-0982,W01,28,16,1,10,1.3008,0.9469
HVM-0982,W01,29,16,1,10,1.3130,0.9149
HVM-0982,W01,30,16,1,10,1.2363,0.9677
HVM-0982,W01,31,16,1,10,1.2694,0.9013
HVM-0982,W01,32,16,1,10,1.3018,0.9278
HVM-0982,W01,33,16,1,10,1.3494,0.9582
HVM-0982,W01,34,16,1,10,1.3272,0.9488
HVM-0982,W01,35,16,1,10,1.3542,0.9822
HVM-0982,W01,36,16,1,10,1.3487,0.9179
HVM-0982,W01,37,16,1,10,1.3815,0.9385
HVM-0982,W01,38,16,1,10,1.2959,0.9471
HVM-0982,W01,39,16,1,10,1.3064,0.9367
HVM-0982,W01,40,16,1,10,1.3434,0.9976
HVM-0982,W01,41,16,1,10,1.3183,0.9277
HVM-0982,W01,42,16,1,10,1.3560,0.9463
HVM-0982,W01,43,16,1,10,1.3177,0.9526
HVM-0982,W01,44,16,1,10,1.3214,0.9501
HVM-0982,W01,45,16,1,10,1.3704,0.9514
HVM-0982,W01,46,16,1,10,1.3472,0.9307
HVM-0982,W01,-46,17,1,10,1.1024,0.9862
HVM-0982,W01,-45,17,2,21,1.0728,0.9623
HVM-0982,W01,-44,17,1,10,1.1085,0.9226
HVM-0982,W01,-43,17,1,10,1.1003,0.9931
HVM-0982,W01,-42,17,1,10,1.1109,0.9963
HVM-0982,W01,-41,17,1,10,1.1076,0.9597
HVM-0982,W01,-40,17,1,10,1.1083,0.9116
HVM-0982,W01,-39,17,1,10,1.0929,0.9232
HVM-0982,W01,-38,17,1,10,1.1312,0.9012
HVM-0982,W01,-37,17,1,10,1.1250,0.9326
HVM-0982,W01,-36,17,1,10,1.1013,0.9389
HVM-0982,W01,-35,17,1,10,1.1312,0.9553
HVM-0982,W01,-34,17,1,10,1.1498,0.9055
HVM-0982,W01,-33,17,1,10,1.1613,0.9059
HVM-0982,W01,-32,17,1,10,1.1037,0.9138
HVM-0982,W01,-31,17,1,10,1.1250,0.9703
HVM-0982,W01,-30,17,1,10,1.1478,0.9594
HVM-0982,W01,-29,17,1,10,1.1433,0.9663
HVM-0982,W01,-28,17,1,10,1.1227,0.8961
HVM-0982,W01,-27,17,1,10,1.1527,0.8728
HVM-0982,W01,-26,17,1,10,1.1770,0.9367
HVM-0982,W01,-25,17,1,10,1.1292,0.8897
HVM-0982,W01,-24,17,1,10,1.1839,0.9070
HVM-0982,W01,-23,17,1,10,1.1405,0.9331
HVM-0982,W01,-22,17,1,10,1.1684,0.8724
HVM-0982,W01,-21,17,1,10,1.1501,0.9022
HVM-0982,W01,-20,17,1,10,1.1365,0.8701
HVM-0982,W01,-19,17,1,10,1.1782,0.9282
HVM-0982,W01,-18,17,1,10,1.1548,0.9366
HVM-0982,W01,-17,17,1,10,1.1699,0.9205
HVM-0982,W01,-16,17,1,10,1.1904,0.8982
HVM-0982,W01,-15,17,1,10,1.1498,0.9159
HVM-0982,W01,-14,17,1,10,1.1331,0.9128
HVM-0982,W01,-13,17,1,10,1.1417,0.9165
HVM-0982,W01,-12,17,1,10,1.2301,0.9433
HVM-0982,W01,-11,17,1,10,1.2399,0.9159
HVM-0982,W01,-10,17,1,10,1.2021,0.9100
HVM-0982,W01,-9,17,1,10,1.2255,0.9131
HVM-0982,W01,-8,17,1,10,1.2332,0.8916
HVM-0982,W01,-7,17,1,10,1.1787,0.8577
HVM-0982,W01,-6,17,1,10,1.2018,0.8872
HVM-0982,W01,-5,17,1,10,1.1982,0.8893
HVM-0982,W01,-4,17,1,10,1.2491,0.8971
HVM-0982,W01,-3,17,1,10,1.2152,0.8922
HVM-0982,W01,-2,17,1,10,1.1833,0.8514
HVM-0982,W01,-1,17,1,10,1.1907,0.9141
HVM-0982,W01,0,17,1,10,1.2718,0.8701
HVM-0982,W01,1,17,1,10,1.2484,0.9025
HVM-0982,W01,2,17,1,10,1.2117,0.8778
HVM-0982,W01,3,17,1,10,1.2217,0.8879
HVM-0982,W01,4,17,1,10,1.2839,0.8760
HVM-0982,W01,5,17,1,10,1.2064,0.8587
HVM-0982,W01,6,17,1,10,1.1935,0.8919
HVM-0982,W01,7,17,1,10,1.1992,0.8994
HVM-0982,W01,8,17,4,30,1.2487,0.8875
HVM-0982,W01,9,17,1,10,1.2402,0.8818
HVM-0982,W01,10,17,1,10,1.2935,0.8960
HVM-0982,W01,11,17,1,10,1.2654,0.9137
HVM-0982,W01,12,17,1,10,1.2542,0.9074
HVM-0982,W01,13,17,1,10,1.2527,0.8981
HVM-0982,W01,14,17,1,10,1.2295,0.9061
HVM-0982,W01,15,17,1,10,1.2539,0.8580
HVM-0982,W01,16,17,1,10,1.2582,0.9026
HVM-0982,W01,17,17,1,10,1.2511,0.9161
HVM-0982,W01,18,17,1,10,1.2529,0.8832
HVM-0982,W01,19,17,1,10,1.2329,0.8771
HVM-0982,W01,20,17,1,10,1.2769,0.9249
HVM-0982,W01,21,17,1,10,1.2702,0.9502
HVM-0982,W01,22,17,1,10,1.2524,0.9221
HVM-0982,W01,23,17,1,10,1.3003,0.9670
HVM-0982,W01,24,17,1,10,1.3083,0.9209
HVM-0982,W01,25,17,1,10,1.3269,0.9379
HVM-0982,W01,26,17,1,10,1.2544,0.9311
HVM-0982,W01,27,17,1,10,1.2900,0.9253
HVM-0982,W01,28,17,1,10,1.2938,0.9311
HVM-0982,W01,29,17,1,10,1.3372,0.9009
HVM-0982,W01,30,17,1,10,1.2925,0.9413
HVM-0982,W01,31,17,1,10,1.3363,0.8864
HVM-0982,W01,32,17,1,10,1.3069,0.9246
HVM-0982,W01,33,17,1,10,1.3127,0.9707
HVM-0982,W01,34,17,1,10,1.3557,0.9140
HVM-0982,W01,35,17,1,10,1.4014,0.9403
HVM-0982,W01,36,17,1,10,1.3778,0.9424
HVM-0982,W01,37,17,1,10,1.3343,0.9379
HVM-0982,W01,38,17,1,10,1.3473,0.9310
HVM-0982,W01,39,17,1,10,1.3163,0.9245
HVM-0982,W01,40,17,1,10,1.3472,0.9659
HVM-0982,W01,41,17,1,10,1.3527,0.9683
HVM-0982,W01,42,17,1,10,1.3630,0.9573
HVM-0982,W01,43,17,1,10,1.3833,0.9520
HVM-0982,W01,44,17,1,10,1.3422,0.9185
HVM-0982,W01,45,17,2,21,1.3326,0.9928
HVM-0982,W01,46,17,1,10,1.3898,0.9265
HVM-0982,W01,-46,18,1,10,1.0893,0.9459
HVM-0982,W01,-45,18,1,10,1.0625,0.9581
HVM-0982,W01,-44,18,4,21,1.1221,0.9650
HVM-0982,W01,-43,18,1,10,1.1224,0.9407
HVM-0982,W01,-42,18,1,10,1.0937,0.9170
HVM-0982,W01,-41,18,1,10,1.1177,0.9696
HVM-0982,W01,-40,18,1,10,1.1119,0.9441
HVM-0982,W01,-39,18,1,10,1.1337,0.9390
HVM-0982,W01,-38,18,1,10,1.1459,0.9480
HVM-0982,W01,-37,18,2,21,1.1269,0.9170
HVM-0982,W01,-36,18,1,10,1.1226,0.9319
HVM-0982,W01,-35,18,1,10,1.1329,0.9212
HVM-0982,W01,-34,18,1,10,1.1346,0.9258
HVM-0982,W01,-33,18,1,10,1.1023,0.9580
HVM-0982,W01,-32,18,1,10,1.1655,0.9027
HVM-0982,W01,-31,18,1,10,1.1477,0.9464
HVM-0982,W01,-30,18,1,10,1.1342,0.9244
HVM-0982,W01,-29,18,1,10,1.1117,0.9521
HVM-0982,W01,-28,18,1,10,1.1250,0.9223
HVM-0982,W01,-27,18,1,10,1.2484,0.9368
HVM-0982,W01,-26,18,1,10,1.0897,0.8850
HVM-0982,W01,-25,18,1,10,1.1600,0.9138
HVM-0982,W01,-24,18,1,10,1.1121,0.8921
HVM-0982,W01,-23,18,1,10,1.1525,0.9565
HVM-0982,W01,-22,18,1,10,1.2060,0.9241
HVM-0982,W01,-21,18,1,10,1.1509,0.8700
HVM-0982,W01,-20,18,1,10,1.1603,0.8920
HVM-0982,W01,-19,18,1,10,1.1651,0.9011
HVM-0982,W01,-18,18,1,10,1.1910,0.9083
HVM-0982,W01,-17,18,1,10,1.1718,0.9276
HVM-0982,W01,-16,18,1,10,1.1817,0.9457
HVM-0982,W01,-15,18,1,10,1.2062,0.8650
HVM-0982,W01,-14,18,1,10,1.1877,0.8964
HVM-0982,W01,-13,18,1,10,1.1470,0.8781
HVM-0982,W01,-12,18,1,10,1.2005,0.9314
HVM-0982,W01,-11,18,1,10,1.1861,0.8792
HVM-0982,W01,-10,18,1,10,1.1827,0.8947
HVM-0982,W01,-9,18,1,10,1.2112,0.8729
HVM-0982,W01,-8,18,1,10,1.2330,0.8852
HVM-0982,W01,-7,18,1,10,1.1846,0.8420
HVM-0982,W01,-6,18,1,10,1.2405,0.8614
HVM-0982,W01,-5,18,1,10,1.1988,0.8913
HVM-0982,W01,-4,18,1,10,1.1982,0.8658
HVM-0982,W01,-3,18,1,10,1.1822,0.9095
HVM-0982,W01,-2,18,1,10,1.2611,0.8627
HVM-0982,W01,-1,18,1,10,1.2498,0.8609
HVM-0982,W01,0,18,1,10,1.2105,0.8726
HVM-0982,W01,1,18,1,10,1.2007,0.8431
HVM-0982,W01,2,18,1,10,1.2141,0.8719
HVM-0982,W01,3,18,1,10,1.1695,0.8707
HVM-0982,W01,4,18,1,10,1.2081,0.9093
HVM-0982,W01,5,18,1,10,1.2076,0.8579
HVM-0982,W01,6,18,1,10,1.2445,0.9344
HVM-0982,W01,7,18,1,10,1.2481,0.8488
HVM-0982,W01,8,18,1,10,1.1939,0.8882
HVM-0982,W01,9,18,1,10,1.2733,0.8531
HVM-0982,W01,10,18,1,10,1.2549,0.9022
HVM-0982,W01,11,18,1,10,1.2498,0.8886
HVM-0982,W01,12,18,1,10,1.2992,0.9208
HVM-0982,W01,13,18,1,10,1.2953,0.9236
HVM-0982,W01,14,18,1,10,1.2435,0.9201
HVM-0982,W01,15,18,1,10,1.2538,0.9298
HVM-0982,W01,16,18,1,10,1.2612,0.9147
HVM-0982,W01,17,18,1,10,1.2674,0.9331
HVM-0982,W01,18,18,1,10,1.2940,0.9247
HVM-0982,W01,19,18,1,10,1.3075,0.9362
HVM-0982,W01,20,18,1,10,1.3109,0.9117
HVM-0982,W01,21,18,1,10,1.2923,0.9128
HVM-0982,W01,22,18,1,10,1.2457,0.9319
HVM-0982,W01,23,18,1,10,1.2673,0.8792
HVM-0982,W01,24,18,1,10,1.3075,0.8410
HVM-0982,W01,25,18,1,10,1.3143,0.9406
HVM-0982,W01,26,18,1,10,1.3212,0.8940
HVM-0982,W01,27,18,1,10,1.2937,0.9149
HVM-0982,W01,28,18,1,10,1.3197,0.9282
HVM-0982,W01,29,18,1,10,1.2882,0.9084
HVM-0982,W01,30,18,1,10,1.3341,0.9545
HVM-0982,W01,31,18,1,10,1.3427,0.8980
HVM-0982,W01,32,18,1,10,1.3054,0.9586
HVM-0982,W01,33,18,1,10,1.3406,0.9405
HVM-0982,W01,34,18,1,10,1.3401,0.8853
HVM-0982,W01,35,18,1,10,1.3057,0.9659
HVM-0982,W01,36,18,1,10,1.3035,0.9617
HVM-0982,W01,37,18,1,10,1.3702,0.8849
HVM-0982,W01,38,18,1,10,1.3105,0.9381
HVM-0982,W01,39,18,1,10,1.3427,0.9129
HVM-0982,W01,40,18,1,10,1.3505,0.9617
HVM-0982,W01,41,18,1,10,1.3175,1.0070
HVM-0982,W01,42,18,1,10,1.3608,0.9342
HVM-0982,W01,43,18,1,10,1.3102,0.9168
HVM-0982,W01,44,18,4,31,1.3368,0.9753
HVM-0982,W01,45,18,1,10,1.3504,1.0356
HVM-0982,W01,46,18,1,10,1.4065,0.9773
HVM-0982,W01,-46,19,1,10,1.1089,0.9513
HVM-0982,W01,-45,19,4,21,1.1035,0.9790
HVM-0982,W01,-44,19,2,20,1.0778,0.9539
HVM-0982,W01,-43,19,3,30,1.1310,0.9595
HVM-0982,W01,-42,19,1,10,1.1213,0.9651
HVM-0982,W01,-41,19,1,10,1.0962,0.9444
HVM-0982,W01,-40,19,1,10,1.0789,0.9805
HVM-0982,W01,-39,19,1,10,1.1305,0.9505
HVM-0982,W01,-38,19,1,10,1.0895,0.9640
HVM-0982,W01,-37,19,1,10,1.0881,0.9645
HVM-0982,W01,-36,19,1,10,1.1004,0.9356
HVM-0982,W01,-35,19,1,10,1.1514,0.9980
HVM-0982,W01,-34,19,1,10,1.1087,0.9587
HVM-0982,W01,-33,19,1,10,1.1701,0.9287
HVM-0982,W01,-32,19,1,10,1.1267,0.9337
HVM-0982,W01,-31,19,1,10,1.1503,0.9225
HVM-0982,W01,-30,19,1,10,1.1495,0.9932
HVM-0982,W01,-29,19,1,10,1.1914,0.9565
HVM-0982,W01,-28,19,1,10,1.1312,0.9276
HVM-0982,W01,-27,19,1,10,1.1237,0.9035
HVM-0982,W01,-26,19,1,10,1.1615,0.9032
HVM-0982,W01,-25,19,1,10,1.1456,0.9287
HVM-0982,W01,-24,19,1,10,1.1462,0.9110
HVM-0982,W01,-23,19,1,10,1.1463,0.9328
HVM-0982,W01,-22,19,1,10,1.1707,0.9035
HVM-0982,W01,-21,19,1,10,1.1804,0.9072
HVM-0982,W01,-20,19,1,10,1.1619,0.8745
HVM-0982,W01,-19,19,1,10,1.1843,0.8872
HVM-0982,W01,-18,19,1,10,1.1429,0.8768
HVM-0982,W01,-17,19,2,30,1.1454,0.9347
HVM-0982,W01,-16,19,1,10,1.2089,0.9101
HVM-0982,W01,-15,19,1,10,1.1587,0.9351
HVM-0982,W01,-14,19,1,10,1.1872,0.8830
HVM-0982,W01,-13,19,1,10,1.1673,0.8958
HVM-0982,W01,-12,19,1,10,1.2154,0.8616
HVM-0982,W01,-11,19,1,10,1.2019,0.9111
HVM-0982,W01,-10,19,1,10,1.1784,0.8954
HVM-0982,W01,-9,19,1,10,1.1881,0.8931
HVM-0982,W01,-8,19,1,10,1.1885,0.8977
HVM-0982,W01,-7,19,1,10,1.2255,0.8759
HVM-0982,W01,-6,19,1,10,1.1833,0.9040
HVM-0982,W01,-5,19,1,10,1.2315,0.9006
HVM-0982,W01,-4,19,1,10,1.2272,0.8599
HVM-0982,W01,-3,19,1,10,1.2432,0.8886
HVM-0982,W01,-2,19,1,10,1.2361,0.9062
HVM-0982,W01,-1,19,1,10,1.1631,0.8781
HVM-0982,W01,0,19,1,10,1.2833,0.9213
HVM-0982,W01,1,19,1,10,1.2171,0.8156
HVM-0982,W01,2,19,1,10,1.2497,0.8654
HVM-0982,W01,3,19,1,10,1.2446,0.8712
HVM-0982,W01,4,19,1,10,1.2953,0.8361
HVM-0982,W01,5,19,1,10,1.2624,0.8511
HVM-0982,W01,6,19,1,10,1.2291,0.9113
HVM-0982,W01,7,19,1,10,1.2479,0.8834
HVM-0982,W01,8,19,1,10,1.2337,0.8869
HVM-0982,W01,9,19,1,10,1.2443,0.9030
HVM-0982,W01,10,19,1,10,1.2868,0.8644
HVM-0982,W01,11,19,1,10,1.2617,0.9079
HVM-0982,W01,12,19,1,10,1.3135,0.9235
HVM-0982,W01,13,19,1,10,1.2483,0.9206
HVM-0982,W01,14,19,1,10,1.3000,0.9094
HVM-0982,W01,15,19,1,10,1.2893,0.8879
HVM-0982,W01,16,19,1,10,1.2568,0.9390
HVM-0982,W01,17,19,1,10,1.2420,0.8761
HVM-0982,W01,18,19,1,10,1.2530,0.8610
HVM-0982,W01,19,19,1,10,1.2879,0.9009
HVM-0982,W01,20,19,1,10,1.2993,0.8681
HVM-0982,W01,21,19,1,10,1.2573,0.8810
HVM-0982,W01,22,19,1,10,1.2800,0.9537
HVM-0982,W01,23,19,1,10,1.2845,0.9151
HVM-0982,W01,24,19,1,10,1.2878,0.9384
HVM-0982,W01,25,19,1,10,1.2861,0.9011
HVM-0982,W01,26,19,1,10,1.2987,0.9012
HVM-0982,W01,27,19,1,10,1.3180,0.9281
HVM-0982,W01,28,19,1,10,1.2873,0.9446
HVM-0982,W01,29,19,1,10,1.3032,0.9299
HVM-0982,W01,30,19,1,10,1.3373,0.9224
HVM-0982,W01,31,19,1,10,1.3004,0.9276
HVM-0982,W01,32,19,1,10,1.3319,0.9261
HVM-0982,W01,33,19,1,10,1.2935,0.9345
HVM-0982,W01,34,19,1,10,1.3655,0.9456
HVM-0982,W01,35,19,1,10,1.3284,0.9102
HVM-0982,W01,36,19,1,10,1.3790,0.9373
HVM-0982,W01,37,19,1,10,1.3407,0.9510
HVM-0982,W01,38,19,1,10,1.3030,0.9621
HVM-0982,W01,39,19,1,10,1.3054,0.9325
HVM-0982,W01,40,19,1,10,1.3081,0.9536
HVM-0982,W01,41,19,1,10,1.3547,0.9847
HVM-0982,W01,42,19,1,10,1.3720,0.9597
HVM-0982,W01,43,19,1,10,1.3889,0.9487
HVM-0982,W01,44,19,1,10,1.3334,0.9886
HVM-0982,W01,45,19,1,10,1.3620,0.9648
HVM-0982,W01,46,19,3,20,1.4003,0.9522
HVM-0982,W01,-46,20,1,10,1.1184,0.9136
HVM-0982,W01,-45,20,2,21,1.1229,0.9388
HVM-0982,W01,-44,20,4,21,1.1582,0.9571
HVM-0982,W01,-43,20,1,10,1.0805,0.9897
HVM-0982,W01,-42,20,1,10,1.1382,0.9622
HVM-0982,W01,-41,20,1,10,1.1219,0.9269
HVM-0982,W01,-40,20,1,10,1.1093,0.9710
HVM-0982,W01,-39,20,1,10,1.1111,0.9235
HVM-0982,W01,-38,20,1,10,1.1011,0.9780
HVM-0982,W01,-37,20,1,10,1.1401,0.9601
HVM-0982,W01,-36,20,1,10,1.1461,0.9252
HVM-0982,W01,-35,20,1,10,1.1172,0.9722
HVM-0982,W01,-34,20,1,10,1.1104,0.9521
HVM-0982,W01,-33,20,1,10,1.0886,0.9648
HVM-0982,W01,-32,20,1,10,1.1185,0.9320
HVM-0982,W01,-31,20,1,10,1.1183,0.9116
HVM-0982,W01,-30,20,1,10,1.1232,0.8732
HVM-0982,W01,-29,20,1,10,1.1804,0.9226
HVM-0982,W01,-28,20,1,10,1.1528,0.9414
HVM-0982,W01,-27,20,1,10,1.1556,0.8964
HVM-0982,W01,-26,20,1,10,1.1682,0.9624
HVM-0982,W01,-25,20,1,10,1.1787,0.8514
HVM-0982,W01,-24,20,1,10,1.1182,0.9033
HVM-0982,W01,-23,20,1,10,1.1757,0.9221
HVM-0982,W01,-22,20,1,10,1.2126,0.9252
HVM-0982,W01,-21,20,1,10,1.1727,0.8773
HVM-0982,W01,-20,20,1,10,1.1931,0.8898
HVM-0982,W01,-19,20,1,10,1.2137,0.8931
HVM-0982,W01,-18,20,1,10,1.1851,0.8848
HVM-0982,W01,-17,20,1,10,1.1815,0.8662
HVM-0982,W01,-16,20,1,10,1.1804,0.9052
HVM-0982,W01,-15,20,1,10,1.1566,0.8523
HVM-0982,W01,-14,20,1,10,1.1699,0.9325
HVM-0982,W01,-13,20,1,10,1.1521,0.9312
HVM-0982,W01,-12,20,1,10,1.1998,0.9457
HVM-0982,W01,-11,20,1,10,1.2232,0.9299
HVM-0982,W01,-10,20,1,10,1.2229,0.9004
HVM-0982,W01,-9,20,1,10,1.2211,0.8584
HVM-0982,W01,-8,20,1,10,1.1569,0.9028
HVM-0982,W01,-7,20,1,10,1.2140,0.9092
HVM-0982,W01,-6,20,1,10,1.1717,0.9299
HVM-0982,W01,-5,20,1,10,1.2102,0.8452
HVM-0982,W01,-4,20,1,10,1.2377,0.9256
HVM-0982,W01,-3,20,1,10,1.2599,0.8926
HVM-0982,W01,-2,20,1,10,1.2405,0.8663
HVM-0982,W01,-1,20,1,10,1.2074,0.8829
HVM-0982,W01,0,20,1,10,1.2444,0.8550
HVM-0982,W01,1,20,1,10,1.2910,0.8940
HVM-0982,W01,2,20,1,10,1.2780,0.8686
HVM-0982,W01,3,20,1,10,1.2164,0.8699
HVM-0982,W01,4,20,1,10,1.2301,0.8307
HVM-0982,W01,5,20,1,10,1.2573,0.9144
HVM-0982,W01,6,20,1,10,1.2447,0.8931
HVM-0982,W01,7,20,1,10,1.3027,0.9035
HVM-0982,W01,8,20,3,31,1.3205,0.9080
HVM-0982,W01,9,20,4,20,1.2354,0.8791
HVM-0982,W01,10,20,1,10,1.2705,0.8819
HVM-0982,W01,11,20,1,10,1.2368,0.8403
HVM-0982,W01,12,20,1,10,1.2295,0.9544
HVM-0982,W01,13,20,3,31,1.2708,0.9299
HVM-0982,W01,14,20,1,10,1.2888,0.9243
HVM-0982,W01,15,20,1,10,1.2599,0.9035
HVM-0982,W01,16,20,1,10,1.2523,0.8773
HVM-0982,W01,17,20,1,10,1.2449,0.8797
HVM-0982,W01,18,20,1,10,1.3154,0.8820
HVM-0982,W01,19,20,1,10,1.2876,0.9367
HVM-0982,W01,20,20,1,10,1.2577,0.9305
HVM-0982,W01,21,20,1,10,1.3121,0.9256
HVM-0982,W01,22,20,1,10,1.3361,0.9250
HVM-0982,W01,23,20,1,10,1.2839,0.9300
HVM-0982,W01,24,20,1,10,1.2892,0.9609
HVM-0982,W01,25,20,1,10,1.2956,0.9195
HVM-0982,W01,26,20,1,10,1.2879,0.9412
HVM-0982,W01,27,20,1,10,1.3070,0.8844
HVM-0982,W01,28,20,1,10,1.3372,0.9534
HVM-0982,W01,29,20,1,10,1.3246,0.9136
HVM-0982,W01,30,20,1,10,1.3019,0.9314
HVM-0982,W01,31,20,1,10,1.3472,0.9780
HVM-0982,W01,32,20,1,10,1.3849,0.9772
HVM-0982,W01,33,20,1,10,1.3292,0.9009
HVM-0982,W01,34,20,1,10,1.3221,0.9137
HVM-0982,W01,35,20,1,10,1.3498,0.9293
HVM-0982,W01,36,20,1,10,1.3347,0.9346
HVM-0982,W01,37,20,1,10,1.3482,0.9414
HVM-0982,W01,38,20,1,10,1.3608,0.9686
HVM-0982,W01,39,20,1,10,1.3306,0.9371
HVM-0982,W01,40,20,1,10,1.3883,0.9246
HVM-0982,W01,41,20,1,10,1.3538,0.9663
HVM-0982,W01,42,20,1,10,1.3727,0.9557
HVM-0982,W01,43,20,1,10,1.2779,0.9506
HVM-0982,W01,44,20,3,21,1.3876,0.9435
HVM-0982,W01,45,20,1,10,1.3547,0.9692
HVM-0982,W01,46,20,1,10,1.3486,0.9595
HVM-0982,W01,-45,21,1,10,1.0950,0.9548
HVM-0982,W01,-44,21,4,21,1.0636,0.9569
HVM-0982,W01,-43,21,1,10,1.0727,0.9466
HVM-0982,W01,-42,21,1,10,1.1307,0.9985
HVM-0982,W01,-41,21,1,10,1.1164,0.9784
HVM-0982,W01,-40,21,1,10,1.1298,0.9995
HVM-0982,W01,-39,21,1,10,1.0586,0.9426
HVM-0982,W01,-38,21,1,10,1.1320,0.9590
HVM-0982,W01,-37,21,1,10,1.0933,0.9214
HVM-0982,W01,-36,21,1,10,1.1098,0.9741
HVM-0982,W01,-35,21,4,21,1.1163,0.9174
HVM-0982,W01,-34,21,1,10,1.0843,0.9329
HVM-0982,W01,-33,21,1,10,1.1628,0.9583
HVM-0982,W01,-32,21,1,10,1.1491,0.9188
HVM-0982,W01,-31,21,1,10,1.1747,0.9787
HVM-0982,W01,-30,21,1,10,1.1384,0.9087
HVM-0982,W01,-29,21,2,31,1.1113,0.9514
HVM-0982,W01,-28,21,1,10,1.1316,0.8888
HVM-0982,W01,-27,21,1,10,1.1845,0.9502
HVM-0982,W01,-26,21,1,10,1.1772,0.9085
HVM-0982,W01,-25,21,1,10,1.1604,0.9216
HVM-0982,W01,-24,21,1,10,1.2019,0.8622
HVM-0982,W01,-23,21,1,10,1.1916,0.8927
HVM-0982,W01,-22,21,1,10,1.1697,0.9139
HVM-0982,W01,-21,21,1,10,1.1231,0.9392
HVM-0982,W01,-20,21,1,10,1.1796,0.9111
HVM-0982,W01,-19,21,1,10,1.1510,0.9481
HVM-0982,W01,-18,21,1,10,1.1908,0.9302
HVM-0982,W01,-17,21,1,10,1.2050,0.9326
HVM-0982,W01,-16,21,1,10,1.1675,0.8933
HVM-0982,W01,-15,21,1,10,1.1894,0.8629
HVM-0982,W01,-14,21,1,10,1.1508,0.8653
HVM-0982,W01,-13,21,1,10,1.1922,0.8520
HVM-0982,W01,-12,21,1,10,1.2214,0.9226
HVM-0982,W01,-11,21,1,10,1.2184,0.8758
HVM-0982,W01,-10,21,1,10,1.1964,0.8758
HVM-0982,W01,-9,21,1,10,1.1706,0.9476
HVM-0982,W01,-8,21,1,10,1.2332,0.9061
HVM-0982,W01,-7,21,1,10,1.2637,0.9032
HVM-0982,W01,-6,21,1,10,1.2449,0.8787
HVM-0982,W01,-5,21,1,10,1.2501,0.8832
HVM-0982,W01,-4,21,1,10,1.2482,0.9222
HVM-0982,W01,-3,21,1,10,1.2229,0.8686
HVM-0982,W01,-2,21,1,10,1.1874,0.9137
HVM-0982,W01,-1,21,1,10,1.2358,0.8843
HVM-0982,W01,0,21,1,10,1.2352,0.9049
HVM-0982,W01,1,21,3,30,1.1870,0.8879
HVM-0982,W01,2,21,1,10,1.2734,0.9155
HVM-0982,W01,3,21,1,10,1.2430,0.8842
HVM-0982,W01,4,21,1,10,1.2661,0.9348
HVM-0982,W01,5,21,1,10,1.2222,0.8950
HVM-0982,W01,6,21,1,10,1.2498,0.8949
HVM-0982,W01,7,21,1,10,1.2402,0.8762
HVM-0982,W01,8,21,1,10,1.2739,0.9084
HVM-0982,W01,9,21,1,10,1.2424,0.9150
HVM-0982,W01,10,21,1,10,1.2657,0.9255
HVM-0982,W01,11,21,1,10,1.2863,0.9059
HVM-0982,W01,12,21,1,10,1.2542,0.9162
HVM-0982,W01,13,21,1,10,1.2632,0.8922
HVM-0982,W01,14,21,1,10,1.2656,0.9043
HVM-0982,W01,15,21,1,10,1.2684,0.9254
HVM-0982,W01,16,21,1,10,1.2737,0.9028
HVM-0982,W01,17,21,1,10,1.2707,0.9110
HVM-0982,W01,18,21,1,10,1.3115,0.9213
HVM-0982,W01,19,21,1,10,1.3198,0.9241
HVM-0982,W01,20,21,1,10,1.2952,0.9004
HVM-0982,W01,21,21,1,10,1.2936,0.9605
HVM-0982,W01,22,21,1,10,1.2717,0.8934
HVM-0982,W01,23,21,1,10,1.2883,0.9432
HVM-0982,W01,24,21,1,10,1.2665,0.9119
HVM-0982,W01,25,21,1,10,1.3272,0.9402
HVM-0982,W01,26,21,1,10,1.2798,0.9513
HVM-0982,W01,27,21,1,10,1.2949,0.9382
HVM-0982,W01,28,21,1,10,1.3124,0.8668
HVM-0982,W01,29,21,1,10,1.3227,0.9530
HVM-0982,W01,30,21,1,10,1.3434,0.9236
HVM-0982,W01,31,21,1,10,1.3194,0.8977
HVM-0982,W01,32,21,1,10,1.3572,0.9678
HVM-0982,W01,33,21,1,10,1.3514,0.8956
HVM-0982,W01,34,21,1,10,1.3101,0.9229
HVM-0982,W01,35,21,1,10,1.3591,0.8735
HVM-0982,W01,36,21,1,10,1.2921,0.9332
HVM-0982,W01,37,21,4,30,1.4069,1.0085
HVM-0982,W01,38,21,1,10,1.3491,0.9305
HVM-0982,W01,39,21,1,10,1.3388,0.8976
HVM-0982,W01,40,21,1,10,1.3467,0.9457
HVM-0982,W01,41,21,1,10,1.3873,0.9462
HVM-0982,W01,42,21,1,10,1.3197,0.9544
HVM-0982,W01,43,21,1,10,1.3907,0.9630
HVM-0982,W01,44,21,1,10,1.3798,0.9926
HVM-0982,W01,45,21,2,20,1.3841,0.9130
HVM-0982,W01,-45,22,1,10,1.0670,0.9908
HVM-0982,W01,-44,22,2,30,1.0806,0.9723
HVM-0982,W01,-43,22,2,20,1.1117,0.9534
HVM-0982,W01,-42,22,1,10,1.0649,0.8997
HVM-0982,W01,-41,22,1,10,1.1328,0.9613
HVM-0982,W01,-40,22,1,10,1.1939,0.9845
HVM-0982,W01,-39,22,1,10,1.1378,0.9232
HVM-0982,W01,-38,22,1,10,1.1303,0.8861
HVM-0982,W01,-37,22,1,10,1.1499,0.9558
HVM-0982,W01,-36,22,1,10,1.1453,0.9184
HVM-0982,W01,-35,22,1,10,1.1076,0.9480
HVM-0982,W01,-34,22,1,10,1.1256,0.9021
HVM-0982,W01,-33,22,1,10,1.1244,0.9339
HVM-0982,W01,-32,22,1,10,1.1440,0.9285
HVM-0982,W01,-31,22,1,10,1.1288,0.9271
HVM-0982,W01,-30,22,1,10,1.1581,0.9089
HVM-0982,W01,-29,22,1,10,1.0940,0.9148
HVM-0982,W01,-28,22,1,10,1.1540,0.8846
HVM-0982,W01,-27,22,1,10,1.1953,0.9618
HVM-0982,W01,-26,22,1,10,1.1725,0.9596
HVM-0982,W01,-25,22,1,10,1.1894,0.8938
HVM-0982,W01,-24,22,1,10,1.1382,0.9098
HVM-0982,W01,-23,22,1,10,1.2100,0.9288
HVM-0982,W01,-22,22,1,10,1.1619,0.9158
HVM-0982,W01,-21,22,1,10,1.1731,0.9100
HVM-0982,W01,-20,22,1,10,1.2211,0.9377
HVM-0982,W01,-19,22,1,10,1.2077,0.9344
HVM-0982,W01,-18,22,1,10,1.1274,0.9090
HVM-0982,W01,-17,22,1,10,1.1962,0.9192
HVM-0982,W01,-16,22,1,10,1.1342,0.9041
HVM-0982,W01,-15,22,1,10,1.2158,0.8990
HVM-0982,W01,-14,22,1,10,1.1926,0.8945
HVM-0982,W01,-13,22,1,10,1.1872,0.9106
HVM-0982,W01,-12,22,1,10,1.2036,0.9289
HVM-0982,W01,-11,22,1,10,1.1307,0.8877
HVM-0982,W01,-10,22,1,10,1.1967,0.8808
HVM-0982,W01,-9,22,1,10,1.1781,0.8435
HVM-0982,W01,-8,22,1,10,1.2221,0.9139
HVM-0982,W01,-7,22,1,10,1.2191,0.9157
HVM-0982,W01,-6,22,1,10,1.1932,0.9013
HVM-0982,W01,-5,22,3,31,1.2212,0.9031
HVM-0982,W01,-4,22,1,10,1.2490,0.9117
HVM-0982,W01,-3,22,1,10,1.2079,0.8999
HVM-0982,W01,-2,22,1,10,1.2409,0.8666
HVM-0982,W01,-1,22,1,10,1.2689,0.8986
HVM-0982,W01,0,22,1,10,1.2025,0.8757
HVM-0982,W01,1,22,1,10,1.2277,0.8922
HVM-0982,W01,2,22,1,10,1.2583,0.9429
HVM-0982,W01,3,22,1,10,1.2449,0.8853
HVM-0982,W01,4,22,2,21,1.2573,0.9138
HVM-0982,W01,5,22,1,10,1.2395,0.8789
HVM-0982,W01,6,22,1,10,1.2335,0.8930
HVM-0982,W01,7,22,1,10,1.2694,0.8484
HVM-0982,W01,8,22,1,10,1.2581,0.8909
HVM-0982,W01,9,22,1,10,1.2601,0.9029
HVM-0982,W01,10,22,1,10,1.3100,0.8747
HVM-0982,W01,11,22,1,10,1.2501,0.8780
HVM-0982,W01,12,22,1,10,1.2482,0.9328
HVM-0982,W01,13,22,1,10,1.3288,0.9173
HVM-0982,W01,14,22,1,10,1.2714,0.9225
HVM-0982,W01,15,22,1,10,1.2759,0.8848
HVM-0982,W01,16,22,1,10,1.3058,0.9198
HVM-0982,W01,17,22,1,10,1.2345,0.8789
HVM-0982,W01,18,22,1,10,1.2954,0.8903
HVM-0982,W01,19,22,1,10,1.3021,0.8720
HVM-0982,W01,20,22,1,10,1.2747,0.9046
HVM-0982,W01,21,22,1,10,1.3122,0.9221
HVM-0982,W01,22,22,1,10,1.2539,0.9254
HVM-0982,W01,23,22,1,10,1.2413,0.9175
HVM-0982,W01,24,22,1,10,1.3213,0.9197
HVM-0982,W01,25,22,1,10,1.2773,0.9300
HVM-0982,W01,26,22,1,10,1.3089,0.9482
HVM-0982,W01,27,22,1,10,1.3080,0.9240
HVM-0982,W01,28,22,1,10,1.3335,0.9119
HVM-0982,W01,29,22,1,10,1.3424,0.9188
HVM-0982,W01,30,22,1,10,1.3222,0.9072
HVM-0982,W01,31,22,1,10,1.3188,0.9474
HVM-0982,W01,32,22,1,10,1.3225,0.9349
HVM-0982,W01,33,22,1,10,1.3569,0.9472
HVM-0982,W01,34,22,1,10,1.3724,0.9349
HVM-0982,W01,35,22,1,10,1.3603,0.9474
HVM-0982,W01,36,22,1,10,1.3627,0.9341
HVM-0982,W01,37,22,1,10,1.3263,0.9076
HVM-0982,W01,38,22,1,10,1.3308,0.9876
HVM-0982,W01,39,22,1,10,1.3519,0.9438
HVM-0982,W01,40,22,1,10,1.3131,0.9445
HVM-0982,W01,41,22,1,10,1.3544,0.9509
HVM-0982,W01,42,22,1,10,1.3507,0.9481
HVM-0982,W01,43,22,2,21,1.3114,0.9552
HVM-0982,W01,44,22,1,10,1.3486,0.9751
HVM-0982,W01,45,22,1,10,1.3684,0.9471
HVM-0982,W01,-45,23,3,31,1.0949,0.9582
HVM-0982,W01,-44,23,2,21,1.1468,0.9473
HVM-0982,W01,-43,23,1,10,1.1197,0.9722
HVM-0982,W01,-42,23,1,10,1.0937,0.9438
HVM-0982,W01,-41,23,1,10,1.1069,0.9704
HVM-0982,W01,-40,23,1,10,1.0466,0.9300
HVM-0982,W01,-39,23,1,10,1.1183,0.9251
HVM-0982,W01,-38,23,1,10,1.0981,0.9485
HVM-0982,W01,-37,23,1,10,1.0926,0.9283
HVM-0982,W01,-36,23,1,10,1.0894,0.9296
HVM-0982,W01,-35,23,1,10,1.1498,0.9644
HVM-0982,W01,-34,23,1,10,1.1082,0.9789
HVM-0982,W01,-33,23,1,10,1.1305,0.8961
HVM-0982,W01,-32,23,1,10,1.1571,0.9478
HVM-0982,W01,-31,23,1,10,1.1187,0.9531
HVM-0982,W01,-30,23,1,10,1.1001,0.9439
HVM-0982,W01,-29,23,1,10,1.1621,0.9282
HVM-0982,W01,-28,23,1,10,1.1197,0.9237
HVM-0982,W01,-27,23,1,10,1.2011,0.9591
HVM-0982,W01,-26,23,4,30,1.1592,0.8985
HVM-0982,W01,-25,23,1,10,1.1674,0.9113
HVM-0982,W01,-24,23,1,10,1.1947,0.9507
HVM-0982,W01,-23,23,1,10,1.1513,0.9244
HVM-0982,W01,-22,23,1,10,1.1207,0.9057
HVM-0982,W01,-21,23,1,10,1.1681,0.9122
HVM-0982,W01,-20,23,1,10,1.2031,0.9075
HVM-0982,W01,-19,23,1,10,1.2054,0.9159
HVM-0982,W01,-18,23,1,10,1.1851,0.9122
HVM-0982,W01,-17,23,1,10,1.1801,0.8950
HVM-0982,W01,-16,23,1,10,1.1687,0.8823
HVM-0982,W01,-15,23,1,10,1.1678,0.9486
HVM-0982,W01,-14,23,1,10,1.2514,0.9088
HVM-0982,W01,-13,23,1,10,1.1648,0.8965
HVM-0982,W01,-12,23,1,10,1.1951,0.8897
HVM-0982,W01,-11,23,1,10,1.2003,0.8930
HVM-0982,W01,-10,23,1,10,1.2151,0.8939
HVM-0982,W01,-9,23,1,10,1.1894,0.9128
HVM-0982,W01,-8,23,1,10,1.1955,0.8898
HVM-0982,W01,-7,23,1,10,1.1656,0.8989
HVM-0982,W01,-6,23,1,10,1.2612,0.8931
HVM-0982,W01,-5,23,1,10,1.2296,0.8885
HVM-0982,W01,-4,23,1,10,1.2691,0.9296
HVM-0982,W01,-3,23,1,10,1.2104,0.8995
HVM-0982,W01,-2,23,1,10,1.2496,0.9164
HVM-0982,W01,-1,23,1,10,1.2553,0.9039
HVM-0982,W01,0,23,1,10,1.2482,0.8496
HVM-0982,W01,1,23,1,10,1.2702,0.8730
HVM-0982,W01,2,23,1,10,1.2118,0.9500
HVM-0982,W01,3,23,1,10,1.2774,0.8729
HVM-0982,W01,4,23,1,10,1.2611,0.8664
HVM-0982,W01,5,23,1,10,1.2264,0.9098
HVM-0982,W01,6,23,1,10,1.2467,0.8857
HVM-0982,W01,7,23,1,10,1.2543,0.8867
HVM-0982,W01,8,23,1,10,1.2361,0.8885
HVM-0982,W01,9,23,1,10,1.2861,0.9470
HVM-0982,W01,10,23,1,10,1.2239,0.9118
HVM-0982,W01,11,23,1,10,1.3093,0.8527
HVM-0982,W01,12,23,1,10,1.2772,0.9294
HVM-0982,W01,13,23,1,10,1.3115,0.8719
HVM-0982,W01,14,23,1,10,1.2987,0.9530
HVM-0982,W01,15,23,1,10,1.2431,0.8900
HVM-0982,W01,16,23,1,10,1.3022,0.9473
HVM-0982,W01,17,23,1,10,1.2942,0.8987
HVM-0982,W01,18,23,1,10,1.3374,0.8989
HVM-0982,W01,19,23,1,10,1.2843,0.9322
HVM-0982,W01,20,23,1,10,1.3218,0.9079
HVM-0982,W01,21,23,1,10,1.2997,0.8883
HVM-0982,W01,22,23,1,10,1.2840,0.9052
HVM-0982,W01,23,23,1,10,1.2700,0.9338
HVM-0982,W01,24,23,1,10,1.3113,0.8774
HVM-0982,W01,25,23,1,10,1.3026,0.9083
HVM-0982,W01,26,23,4,31,1.3482,0.9720
HVM-0982,W01,27,23,1,10,1.3289,0.9646
HVM-0982,W01,28,23,1,10,1.3022,0.9481
HVM-0982,W01,29,23,1,10,1.3226,0.9334
HVM-0982,W01,30,23,1,10,1.3394,0.9189
HVM-0982,W01,31,23,1,10,1.3280,0.8581
HVM-0982,W01,32,23,1,10,1.3114,0.9314
HVM-0982,W01,33,23,1,10,1.3135,0.9286
HVM-0982,W01,34,23,1,10,1.3670,0.9323
HVM-0982,W01,35,23,1,10,1.3760,0.9990
HVM-0982,W01,36,23,1,10,1.3714,0.9674
HVM-0982,W01,37,23,1,10,1.3285,0.9402
HVM-0982,W01,38,23,1,10,1.3240,0.9872
HVM-0982,W01,39,23,1,10,1.3769,1.0061
HVM-0982,W01,40,23,1,10,1.3161,0.9546
HVM-0982,W01,41,23,1,10,1.3718,0.9181
HVM-0982,W01,42,23,1,10,1.3861,0.9967
HVM-0982,W01,43,23,1,10,1.3253,1.0039
HVM-0982,W01,44,23,3,30,1.3676,0.9858
HVM-0982,W01,45,23,1,10,1.3912,0.9774
HVM-0982,W01,-45,24,1,10,1.0910,0.9616
HVM-0982,W01,-44,24,2,21,1.1275,1.0111
HVM-0982,W01,-43,24,1,10,1.1397,0.9437
HVM-0982,W01,-42,24,1,10,1.1122,0.9378
HVM-0982,W01,-41,24,1,10,1.0969,0.9813
HVM-0982,W01,-40,24,1,10,1.1339,0.9691
HVM-0982,W01,-39,24,1,10,1.1842,0.9299
HVM-0982,W01,-38,24,1,10,1.1006,0.9710
HVM-0982,W01,-37,24,1,10,1.1322,0.9191
HVM-0982,W01,-36,24,1,10,1.1345,0.9592
HVM-0982,W01,-35,24,1,10,1.1198,0.9292
HVM-0982,W01,-34,24,1,10,1.1464,0.9396
HVM-0982,W01,-33,24,1,10,1.1546,0.9489
HVM-0982,W01,-32,24,1,10,1.1689,0.9523
HVM-0982,W01,-31,24,1,10,1.1711,0.9238
HVM-0982,W01,-30,24,1,10,1.1876,0.9265
HVM-0982,W01,-29,24,1,10,1.1840,0.8686
HVM-0982,W01,-28,24,1,10,1.1396,0.9281
HVM-0982,W01,-27,24,1,10,1.1846,0.9661
HVM-0982,W01,-26,24,1,10,1.1700,0.9751
HVM-0982,W01,-25,24,1,10,1.1545,0.9466
HVM-0982,W01,-24,24,1,10,1.1894,0.8847
HVM-0982,W01,-23,24,1,10,1.1560,0.9123
HVM-0982,W01,-22,24,1,10,1.0815,0.9382
HVM-0982,W01,-21,24,1,10,1.2148,0.9129
HVM-0982,W01,-20,24,1,10,1.1683,0.9195
HVM-0982,W01,-19,24,1,10,1.1654,0.9305
HVM-0982,W01,-18,24,1,10,1.1721,0.9066
HVM-0982,W01,-17,24,1,10,1.1778,0.8774
HVM-0982,W01,-16,24,1,10,1.1632,0.9002
HVM-0982,W01,-15,24,1,10,1.2186,0.9163
HVM-0982,W01,-14,24,1,10,1.1784,0.9076
HVM-0982,W01,-13,24,1,10,1.1784,0.9407
HVM-0982,W01,-12,24,1,10,1.2234,0.9532
HVM-0982,W01,-11,24,1,10,1.2112,0.8843
HVM-0982,W01,-10,24,1,10,1.2000,0.8921
HVM-0982,W01,-9,24,1,10,1.1775,0.8734
HVM-0982,W01,-8,24,1,10,1.2428,0.9226
HVM-0982,W01,-7,24,1,10,1.2260,0.8972
HVM-0982,W01,-6,24,1,10,1.1942,0.9033
HVM-0982,W01,-5,24,1,10,1.2137,0.8559
HVM-0982,W01,-4,24,1,10,1.2012,0.9349
HVM-0982,W01,-3,24,1,10,1.2191,0.8737
HVM-0982,W01,-2,24,1,10,1.2166,0.8620
HVM-0982,W01,-1,24,1,10,1.2000,0.8995
HVM-0982,W01,0,24,1,10,1.2053,0.8851
HVM-0982,W01,1,24,1,10,1.2077,0.8804
HVM-0982,W01,2,24,1,10,1.2648,0.8929
HVM-0982,W01,3,24,1,10,1.2467,0.8893
HVM-0982,W01,4,24,1,10,1.2598,0.8770
HVM-0982,W01,5,24,1,10,1.2338,0.8963
HVM-0982,W01,6,24,3,31,1.2692,0.8970
HVM-0982,W01,7,24,1,10,1.2859,0.9324
HVM-0982,W01,8,24,1,10,1.2439,0.8900
HVM-0982,W01,9,24,1,10,1.2416,0.9152
HVM-0982,W01,10,24,1,10,1.2907,0.9102
HVM-0982,W01,11,24,1,10,1.2922,0.8767
HVM-0982,W01,12,24,1,10,1.2107,0.8761
HVM-0982,W01,13,24,1,10,1.2443,0.9100
HVM-0982,W01,14,24,1,10,1.2751,0.9283
HVM-0982,W01,15,24,1,10,1.2690,0.9423
HVM-0982,W01,16,24,1,10,1.3184,0.9243
HVM-0982,W01,17,24,1,10,1.2863,0.9265
HVM-0982,W01,18,24,1,10,1.2711,0.8963
HVM-0982,W01,19,24,1,10,1.3012,0.9030
HVM-0982,W01,20,24,1,10,1.2919,0.9384
HVM-0982,W01,21,24,1,10,1.3209,0.9152
HVM-0982,W01,22,24,1,10,1.2753,0.9127
HVM-0982,W01,23,24,1,10,1.2958,0.9422
HVM-0982,W01,24,24,1,10,1.2772,0.9573
HVM-0982,W01,25,24,1,10,1.3434,0.9147
HVM-0982,W01,26,24,1,10,1.3214,0.9449
HVM-0982,W01,27,24,1,10,1.3127,0.8734
HVM-0982,W01,28,24,1,10,1.3407,0.9421
HVM-0982,W01,29,24,1,10,1.3344,0.9201
HVM-0982,W01,30,24,1,10,1.3174,0.9451
HVM-0982,W01,31,24,1,10,1.2853,0.9120
HVM-0982,W01,32,24,1,10,1.2894,0.9486
HVM-0982,W01,33,24,1,10,1.3254,0.9516
HVM-0982,W01,34,24,1,10,1.3633,0.9637
HVM-0982,W01,35,24,1,10,1.3626,0.9478
HVM-0982,W01,36,24,1,10,1.3473,0.9457
HVM-0982,W01,37,24,1,10,1.3631,0.9385
HVM-0982,W01,38,24,1,10,1.3522,0.9546
HVM-0982,W01,39,24,1,10,1.3635,0.9340
HVM-0982,W01,40,24,1,10,1.3794,0.9479
HVM-0982,W01,41,24,1,10,1.3675,0.9658
HVM-0982,W01,42,24,1,10,1.3398,0.9498
HVM-0982,W01,43,24,2,20,1.3732,0.9763
HVM-0982,W01,44,24,1,10,1.3466,0.9891
HVM-0982,W01,45,24,1,10,1.3416,0.9726
HVM-0982,W01,-44,25,1,10,1.0784,0.9740
HVM-0982,W01,-43,25,1,10,1.1683,0.9495
HVM-0982,W01,-42,25,1,10,1.0869,0.9702
HVM-0982,W01,-41,25,1,10,1.1213,0.9418
HVM-0982,W01,-40,25,1,10,1.1101,0.9522
HVM-0982,W01,-39,25,1,10,1.1204,0.9304
HVM-0982,W01,-38,25,1,10,1.1361,0.9288
HVM-0982,W01,-37,25,1,10,1.1273,0.9200
HVM-0982,W01,-36,25,1,10,1.1200,0.9252
HVM-0982,W01,-35,25,1,10,1.1310,0.9450
HVM-0982,W01,-34,25,1,10,1.1519,0.9663
HVM-0982,W01,-33,25,1,10,1.1186,0.9252
HVM-0982,W01,-32,25,1,10,1.1375,0.9154
HVM-0982,W01,-31,25,1,10,1.1722,0.9173
HVM-0982,W01,-30,25,1,10,1.1259,0.9138
HVM-0982,W01,-29,25,1,10,1.1413,0.9458
HVM-0982,W01,-28,25,1,10,1.1600,0.9715
HVM-0982,W01,-27,25,1,10,1.1364,0.9502
HVM-0982,W01,-26,25,1,10,1.1925,0.9040
HVM-0982,W01,-25,25,1,10,1.1473,0.9296
HVM-0982,W01,-24,25,1,10,1.1540,0.9521
HVM-0982,W01,-23,25,1,10,1.1396,0.9084
HVM-0982,W01,-22,25,1,10,1.1523,0.9247
HVM-0982,W01,-21,25,1,10,1.2562,0.9397
HVM-0982,W01,-20,25,1,10,1.1507,0.9091
HVM-0982,W01,-19,25,1,10,1.1893,0.9051
HVM-0982,W01,-18,25,1,10,1.2001,0.8786
HVM-0982,W01,-17,25,1,10,1.1995,0.8913
HVM-0982,W01,-16,25,1,10,1.1992,0.9223
HVM-0982,W01,-15,25,1,10,1.1654,0.8603
HVM-0982,W01,-14,25,1,10,1.1938,0.8764
HVM-0982,W01,-13,25,1,10,1.2293,0.8366
HVM-0982,W01,-12,25,1,10,1.1815,0.8764
HVM-0982,W01,-11,25,1,10,1.2348,0.8811
HVM-0982,W01,-10,25,1,10,1.2549,0.8814
HVM-0982,W01,-9,25,1,10,1.2375,0.9141
HVM-0982,W01,-8,25,1,10,1.2424,0.9072
HVM-0982,W01,-7,25,1,10,1.2216,0.8954
HVM-0982,W01,-6,25,1,10,1.2261,0.8706
HVM-0982,W01,-5,25,1,10,1.2753,0.8714
HVM-0982,W01,-4,25,1,10,1.2467,0.9191
HVM-0982,W01,-3,25,1,10,1.2311,0.8828
HVM-0982,W01,-2,25,1,10,1.2372,0.8738
HVM-0982,W01,-1,25,1,10,1.1987,0.8861
HVM-0982,W01,0,25,1,10,1.2634,0.9152
HVM-0982,W01,1,25,1,10,1.2439,0.9265
HVM-0982,W01,2,25,1,10,1.2348,0.8976
HVM-0982,W01,3,25,1,10,1.2142,0.8663
HVM-0982,W01,4,25,1,10,1.2327,0.8625
HVM-0982,W01,5,25,1,10,1.2504,0.9054
HVM-0982,W01,6,25,1,10,1.2520,0.8716
HVM-0982,W01,7,25,1,10,1.2648,0.9405
HVM-0982,W01,8,25,1,10,1.2776,0.8433
HVM-0982,W01,9,25,1,10,1.3132,0.9071
HVM-0982,W01,10,25,1,10,1.2462,0.8647
HVM-0982,W01,11,25,1,10,1.2712,0.9465
HVM-0982,W01,12,25,1,10,1.2708,0.9264
HVM-0982,W01,13,25,1,10,1.2930,0.8687
HVM-0982,W01,14,25,1,10,1.3104,0.9588
HVM-0982,W01,15,25,1,10,1.3108,0.8727
HVM-0982,W01,16,25,1,10,1.2861,0.9951
HVM-0982,W01,17,25,1,10,1.3312,0.9195
HVM-0982,W01,18,25,1,10,1.3175,0.9214
HVM-0982,W01,19,25,1,10,1.3200,0.9051
HVM-0982,W01,20,25,1,10,1.2999,0.9416
HVM-0982,W01,21,25,1,10,1.2748,0.9338
HVM-0982,W01,22,25,2,20,1.2867,0.9444
HVM-0982,W01,23,25,1,10,1.3273,0.9233
HVM-0982,W01,24,25,1,10,1.3471,0.8995
HVM-0982,W01,25,25,1,10,1.3038,0.9429
HVM-0982,W01,26,25,1,10,1.3778,0.9465
HVM-0982,W01,27,25,1,10,1.3535,0.9100
HVM-0982,W01,28,25,1,10,1.3088,0.9013
HVM-0982,W01,29,25,1,10,1.3417,0.9215
HVM-0982,W01,30,25,4,31,1.3454,0.9370
HVM-0982,W01,31,25,1,10,1.2996,0.8783
HVM-0982,W01,32,25,1,10,1.3572,1.0165
HVM-0982,W01,33,25,1,10,1.3399,0.9112
HVM-0982,W01,34,25,1,10,1.3345,0.9332
HVM-0982,W01,35,25,1,10,1.3314,0.9050
HVM-0982,W01,36,25,1,10,1.3546,0.9101
HVM-0982,W01,37,25,1,10,1.3463,0.9608
HVM-0982,W01,38,25,1,10,1.3779,0.9681
HVM-0982,W01,39,25,1,10,1.3279,0.9292
HVM-0982,W01,40,25,1,10,1.3412,0.9515
HVM-0982,W01,41,25,1,10,1.3607,0.9871
HVM-0982,W01,42,25,1,10,1.3535,0.9818
HVM-0982,W01,43,25,1,10,1.3369,0.9091
HVM-0982,W01,44,25,2,21,1.4238,0.9433
HVM-0982,W01,-44,26,1,10,1.1231,0.9384
HVM-0982,W01,-43,26,2,31,1.1029,0.9666
HVM-0982,W01,-42,26,1,10,1.0889,0.9962
HVM-0982,W01,-41,26,1,10,1.1154,0.9741
HVM-0982,W01,-40,26,1,10,1.1083,0.9444
HVM-0982,W01,-39,26,1,10,1.1289,0.9286
HVM-0982,W01,-38,26,1,10,1.0938,0.9489
HVM-0982,W01,-37,26,1,10,1.1147,0.9604
HVM-0982,W01,-36,26,1,10,1.1331,0.9776
HVM-0982,W01,-35,26,1,10,1.1380,1.0039
HVM-0982,W01,-34,26,1,10,1.1431,0.8922
HVM-0982,W01,-33,26,1,10,1.1139,0.9351
HVM-0982,W01,-32,26,1,10,1.1502,0.9291
HVM-0982,W01,-31,26,1,10,1.1571,0.9056
HVM-0982,W01,-30,26,1,10,1.1560,0.9463
HVM-0982,W01,-29,26,1,10,1.1325,0.9445
HVM-0982,W01,-28,26,1,10,1.1499,0.9291
HVM-0982,W01,-27,26,1,10,1.1825,0.8833
HVM-0982,W01,-26,26,1,10,1.1797,0.9318
HVM-0982,W01,-25,26,1,10,1.1591,0.9261
HVM-0982,W01,-24,26,1,10,1.1393,0.9605
HVM-0982,W01,-23,26,1,10,1.1331,0.9109
HVM-0982,W01,-22,26,1,10,1.1802,0.9375
HVM-0982,W01,-21,26,1,10,1.1933,0.9420
HVM-0982,W01,-20,26,1,10,1.1880,0.9120
HVM-0982,W01,-19,26,1,10,1.1840,0.9068
HVM-0982,W01,-18,26,1,10,1.2076,0.9121
HVM-0982,W01,-17,26,4,31,1.1829,0.8826
HVM-0982,W01,-16,26,1,10,1.1690,0.8969
HVM-0982,W01,-15,26,1,10,1.1671,0.9113
HVM-0982,W01,-14,26,1,10,1.1957,0.8565
HVM-0982,W01,-13,26,1,10,1.1990,0.9288
HVM-0982,W01,-12,26,1,10,1.2367,0.9394
HVM-0982,W01,-11,26,1,10,1.2076,0.9295
HVM-0982,W01,-10,26,1,10,1.2232,0.9049
HVM-0982,W01,-9,26,1,10,1.2048,0.9284
HVM-0982,W01,-8,26,1,10,1.1915,0.8668
HVM-0982,W01,-7,26,1,10,1.2381,0.8808
HVM-0982,W01,-6,26,1,10,1.1975,0.9162
HVM-0982,W01,-5,26,1,10,1.2375,0.8643
HVM-0982,W01,-4,26,1,10,1.2564,0.8770
HVM-0982,W01,-3,26,2,30,1.2316,0.9307
HVM-0982,W01,-2,26,1,10,1.2450,0.8950
HVM-0982,W01,-1,26,1,10,1.2104,0.9213
HVM-0982,W01,0,26,3,30,1.2635,0.8818
HVM-0982,W01,1,26,1,10,1.2362,0.9041
HVM-0982,W01,2,26,1,10,1.2298,0.8772
HVM-0982,W01,3,26,1,10,1.2567,0.8953
HVM-0982,W01,4,26,1,10,1.2363,0.8624
HVM-0982,W01,5,26,1,10,1.2323,0.8835
HVM-0982,W01,6,26,1,10,1.2403,0.9155
HVM-0982,W01,7,26,1,10,1.2304,0.9023
HVM-0982,W01,8,26,1,10,1.2604,0.9261
HVM-0982,W01,9,26,3,30,1.2791,0.9142
HVM-0982,W01,10,26,1,10,1.2145,0.8570
HVM-0982,W01,11,26,1,10,1.2938,0.9475
HVM-0982,W01,12,26,1,10,1.3345,0.9039
HVM-0982,W01,13,26,1,10,1.2991,0.9427
HVM-0982,W01,14,26,1,10,1.2783,0.9094
HVM-0982,W01,15,26,1,10,1.2624,0.8966
HVM-0982,W01,16,26,1,10,1.3058,0.9270
HVM-0982,W01,17,26,1,10,1.2873,0.9096
HVM-0982,W01,18,26,1,10,1.3091,0.8977
HVM-0982,W01,19,26,1,10,1.2219,0.9144
HVM-0982,W01,20,26,1,10,1.2778,0.9436
HVM-0982,W01,21,26,1,10,1.2838,0.8882
HVM-0982,W01,22,26,1,10,1.3366,0.9052
HVM-0982,W01,23,26,1,10,1.3194,0.9034
HVM-0982,W01,24,26,1,10,1.2884,0.9135
HVM-0982,W01,25,26,1,10,1.3048,0.9477
HVM-0982,W01,26,26,1,10,1.3264,0.9396
HVM-0982,W01,27,26,1,10,1.3106,0.9542
HVM-0982,W01,28,26,1,10,1.3047,0.9625
HVM-0982,W01,29,26,1,10,1.3019,0.8965
HVM-0982,W01,30,26,1,10,1.3150,0.9528
HVM-0982,W01,31,26,1,10,1.2958,0.9066
HVM-0982,W01,32,26,1,10,1.3428,0.9508
HVM-0982,W01,33,26,1,10,1.3378,0.9153
HVM-0982,W01,34,26,1,10,1.3391,0.9163
HVM-0982,W01,35,26,1,10,1.3634,0.9423
HVM-0982,W01,36,26,3,20,1.3388,0.9768
HVM-0982,W01,37,26,1,10,1.3436,0.9216
HVM-0982,W01,38,26,1,10,1.3427,0.9618
HVM-0982,W01,39,26,1,10,1.3358,0.9228
HVM-0982,W01,40,26,1,10,1.3109,0.9141
HVM-0982,W01,41,26,1,10,1.4134,0.9713
HVM-0982,W01,42,26,1,10,1.3850,0.9470
HVM-0982,W01,43,26,2,31,1.3866,0.9882
HVM-0982,W01,44,26,2,21,1.3874,0.9724
HVM-0982,W01,-44,27,4,21,1.0748,1.0143
HVM-0982,W01,-43,27,2,21,1.1423,0.9730
HVM-0982,W01,-42,27,1,10,1.0984,0.9180
HVM-0982,W01,-41,27,2,30,1.1154,0.9888
HVM-0982,W01,-40,27,1,10,1.0953,0.9290
HVM-0982,W01,-39,27,1,10,1.0964,0.9585
HVM-0982,W01,-38,27,1,10,1.1114,0.9560
HVM-0982,W01,-37,27,1,10,1.1293,0.9410
HVM-0982,W01,-36,27,1,10,1.1125,0.9200
HVM-0982,W01,-35,27,1,10,1.1190,0.9706
HVM-0982,W01,-34,27,1,10,1.1681,0.9435
HVM-0982,W01,-33,27,1,10,1.1241,0.9516
HVM-0982,W01,-32,27,1,10,1.0954,0.9719
HVM-0982,W01,-31,27,1,10,1.1679,0.8951
HVM-0982,W01,-30,27,1,10,1.1253,0.9344
HVM-0982,W01,-29,27,1,10,1.1656,0.9076
HVM-0982,W01,-28,27,1,10,1.1586,0.9453
HVM-0982,W01,-27,27,1,10,1.1837,0.9139
HVM-0982,W01,-26,27,1,10,1.1448,0.9491
HVM-0982,W01,-25,27,1,10,1.1685,0.9635
HVM-0982,W01,-24,27,1,10,1.1991,0.8984
HVM-0982,W01,-23,27,1,10,1.1865,0.9099
HVM-0982,W01,-22,27,1,10,1.1822,0.9603
HVM-0982,W01,-21,27,1,10,1.1088,0.8830
HVM-0982,W01,-20,27,1,10,1.1854,0.9590
HVM-0982,W01,-19,27,1,10,1.2271,0.9135
HVM-0982,W01,-18,27,1,10,1.1779,0.8947
HVM-0982,W01,-17,27,1,10,1.1515,0.9421
HVM-0982,W01,-16,27,1,10,1.1737,0.8608
HVM-0982,W01,-15,27,1,10,1.1903,0.9063
HVM-0982,W01,-14,27,2,30,1.2146,0.8517
HVM-0982,W01,-13,27,1,10,1.1783,0.8944
HVM-0982,W01,-12,27,1,10,1.2088,0.8807
HVM-0982,W01,-11,27,1,10,1.1781,0.9386
HVM-0982,W01,-10,27,1,10,1.2523,0.9366
HVM-0982,W01,-9,27,1,10,1.2062,0.9209
HVM-0982,W01,-8,27,1,10,1.1678,0.9494
HVM-0982,W01,-7,27,1,10,1.2293,0.8941
HVM-0982,W01,-6,27,1,10,1.2185,0.8640
HVM-0982,W01,-5,27,1,10,1.2289,0.8824
HVM-0982,W01,-4,27,1,10,1.2148,0.8838
HVM-0982,W01,-3,27,1,10,1.2071,0.9011
HVM-0982,W01,-2,27,1,10,1.2083,0.8907
HVM-0982,W01,-1,27,1,10,1.2621,0.8631
HVM-0982,W01,0,27,1,10,1.2460,0.9044
HVM-0982,W01,1,27,1,10,1.2292,0.9161
HVM-0982,W01,2,27,1,10,1.2201,0.9448
HVM-0982,W01,3,27,1,10,1.2394,0.8755
HVM-0982,W01,4,27,1,10,1.2755,0.8575
HVM-0982,W01,5,27,1,10,1.3002,0.8910
HVM-0982,W01,6,27,1,10,1.2484,0.9350
HVM-0982,W01,7,27,1,10,1.2751,0.9550
HVM-0982,W01,8,27,1,10,1.2883,0.9584
HVM-0982,W01,9,27,1,10,1.2717,0.9045
HVM-0982,W01,10,27,1,10,1.2680,0.9227
HVM-0982,W01,11,27,1,10,1.2329,0.8899
HVM-0982,W01,12,27,1,10,1.2472,0.8924
HVM-0982,W01,13,27,1,10,1.2608,0.9377
HVM-0982,W01,14,27,1,10,1.2028,0.9449
HVM-0982,W01,15,27,1,10,1.2920,0.8467
HVM-0982,W01,16,27,1,10,1.2941,0.9400
HVM-0982,W01,17,27,1,10,1.2610,0.9274
HVM-0982,W01,18,27,1,10,1.2884,0.9162
HVM-0982,W01,19,27,1,10,1.2889,0.9012
HVM-0982,W01,20,27,1,10,1.3137,0.9325
HVM-0982,W01,21,27,1,10,1.3465,0.9144
HVM-0982,W01,22,27,3,31,1.2865,0.9488
HVM-0982,W01,23,27,1,10,1.3426,0.9262
HVM-0982,W01,24,27,1,10,1.3181,0.9317
HVM-0982,W01,25,27,1,10,1.3362,0.8752
HVM-0982,W01,26,27,1,10,1.3101,0.9218
HVM-0982,W01,27,27,1,10,1.3550,0.9339
HVM-0982,W01,28,27,1,10,1.3710,0.9102
HVM-0982,W01,29,27,3,31,1.3398,0.9475
HVM-0982,W01,30,27,1,10,1.3068,0.9366
HVM-0982,W01,31,27,1,10,1.3309,0.9285
HVM-0982,W01,32,27,1,10,1.3058,0.9314
HVM-0982,W01,33,27,1,10,1.3076,0.9380
HVM-0982,W01,34,27,1,10,1.3156,0.9934
HVM-0982,W01,35,27,1,10,1.3357,0.9525
HVM-0982,W01,36,27,1,10,1.3560,0.9298
HVM-0982,W01,37,27,1,10,1.3479,0.9346
HVM-0982,W01,38,27,1,10,1.3556,0.9609
HVM-0982,W01,39,27,1,10,1.3803,0.9281
HVM-0982,W01,40,27,1,10,1.3809,0.9406
HVM-0982,W01,41,27,1,10,1.3251,0.9443
HVM-0982,W01,42,27,1,10,1.3904,1.0450
HVM-0982,W01,43,27,2,20,1.3703,0.9984
HVM-0982,W01,44,27,2,20,1.4191,1.0125
HVM-0982,W01,-43,28,1,10,1.1119,0.9529
HVM-0982,W01,-42,28,1,10,1.1251,0.9650
HVM-0982,W01,-41,28,1,10,1.1300,0.9501
HVM-0982,W01,-40,28,1,10,1.1462,0.9692
HVM-0982,W01,-39,28,1,10,1.1527,0.9480
HVM-0982,W01,-38,28,4,21,1.1227,0.9200
HVM-0982,W01,-37,28,1,10,1.1353,0.9498
HVM-0982,W01,-36,28,1,10,1.1123,0.9690
HVM-0982,W01,-35,28,1,10,1.0994,0.9274
HVM-0982,W01,-34,28,1,10,1.1706,0.9892
HVM-0982,W01,-33,28,1,10,1.1388,0.9538
HVM-0982,W01,-32,28,1,10,1.1557,0.9540
HVM-0982,W01,-31,28,1,10,1.1626,0.9629
HVM-0982,W01,-30,28,1,10,1.1383,0.9455
HVM-0982,W01,-29,28,1,10,1.1206,0.9387
HVM-0982,W01,-28,28,1,10,1.1698,0.9599
HVM-0982,W01,-27,28,1,10,1.1460,0.9648
HVM-0982,W01,-26,28,1,10,1.1758,0.9592
HVM-0982,W01,-25,28,1,10,1.1530,0.9288
HVM-0982,W01,-24,28,1,10,1.1569,0.9402
HVM-0982,W01,-23,28,3,31,1.1370,0.8950
HVM-0982,W01,-22,28,1,10,1.1671,0.9165
HVM-0982,W01,-21,28,1,10,1.2038,0.9347
HVM-0982,W01,-20,28,1,10,1.2212,0.9485
HVM-0982,W01,-19,28,1,10,1.1809,0.9358
HVM-0982,W01,-18,28,1,10,1.1924,0.9138
HVM-0982,W01,-17,28,1,10,1.1567,0.8790
HVM-0982,W01,-16,28,1,10,1.1867,0.8983
HVM-0982,W01,-15,28,1,10,1.1965,0.9303
HVM-0982,W01,-14,28,1,10,1.2433,0.9273
HVM-0982,W01,-13,28,1,10,1.2127,0.9437
HVM-0982,W01,-12,28,1,10,1.1776,0.9046
HVM-0982,W01,-11,28,1,10,1.2013,0.9169
HVM-0982,W01,-10,28,1,10,1.2300,0.9287
HVM-0982,W01,-9,28,1,10,1.1971,0.8941
HVM-0982,W01,-8,28,1,10,1.2231,0.8770
HVM-0982,W01,-7,28,1,10,1.2145,0.9358
HVM-0982,W01,-6,28,1,10,1.2126,0.8978
HVM-0982,W01,-5,28,1,10,1.2407,0.8969
HVM-0982,W01,-4,28,1,10,1.2420,0.9398
HVM-0982,W01,-3,28,1,10,1.2478,0.8818
HVM-0982,W01,-2,28,1,10,1.1887,0.8691
HVM-0982,W01,-1,28,4,20,1.2452,0.9222
HVM-0982,W01,0,28,1,10,1.2684,0.8508
HVM-0982,W01,1,28,1,10,1.2422,0.9093
HVM-0982,W01,2,28,1,10,1.2323,0.8892
HVM-0982,W01,3,28,1,10,1.2686,0.9236
HVM-0982,W01,4,28,1,10,1.2617,0.9415
HVM-0982,W01,5,28,1,10,1.2617,0.8752
HVM-0982,W01,6,28,1,10,1.2556,0.9373
HVM-0982,W01,7,28,1,10,1.2452,0.9132
HVM-0982,W01,8,28,1,10,1.2771,0.9298
HVM-0982,W01,9,28,1,10,1.2675,0.9321
HVM-0982,W01,10,28,1,10,1.3034,0.9256
HVM-0982,W01,11,28,1,10,1.2449,0.8730
HVM-0982,W01,12,28,1,10,1.2550,0.9089
HVM-0982,W01,13,28,1,10,1.2636,0.9401
HVM-0982,W01,14,28,1,10,1.2835,0.8836
HVM-0982,W01,15,28,1,10,1.2916,0.8771
HVM-0982,W01,16,28,1,10,1.2933,0.9386
HVM-0982,W01,17,28,2,21,1.2758,0.8895
HVM-0982,W01,18,28,1,10,1.2947,0.8862
HVM-0982,W01,19,28,1,10,1.2397,0.8970
HVM-0982,W01,20,28,1,10,1.3420,0.8929
HVM-0982,W01,21,28,1,10,1.2970,0.8864
HVM-0982,W01,22,28,1,10,1.3201,0.9317
HVM-0982,W01,23,28,1,10,1.3492,0.9772
HVM-0982,W01,24,28,1,10,1.2974,0.9064
HVM-0982,W01,25,28,1,10,1.3072,0.9482
HVM-0982,W01,26,28,1,10,1.3123,0.9007
HVM-0982,W01,27,28,1,10,1.3263,0.9664
HVM-0982,W01,28,28,1,10,1.2873,0.9380
HVM-0982,W01,29,28,1,10,1.3452,0.9423
HVM-0982,W01,30,28,1,10,1.3353,0.9710
HVM-0982,W01,31,28,1,10,1.3301,0.9290
HVM-0982,W01,32,28,1,10,1.3339,0.9490
HVM-0982,W01,33,28,1,10,1.3535,0.9354
HVM-0982,W01,34,28,1,10,1.3185,0.9486
HVM-0982,W01,35,28,1,10,1.3484,0.9544
HVM-0982,W01,36,28,1,10,1.3262,0.9386
HVM-0982,W01,37,28,1,10,1.3597,0.9459
HVM-0982,W01,38,28,2,31,1.3602,0.9781
HVM-0982,W01,39,28,1,10,1.3580,0.9286
HVM-0982,W01,40,28,1,10,1.3408,0.9615
HVM-0982,W01,41,28,1,10,1.3790,0.9335
HVM-0982,W01,42,28,1,10,1.3507,0.9859
HVM-0982,W01,43,28,2,30,1.3607,0.9955
HVM-0982,W01,-43,29,1,10,1.1189,0.9594
HVM-0982,W01,-42,29,1,10,1.1062,0.9864
HVM-0982,W01,-41,29,1,10,1.1624,0.9474
HVM-0982,W01,-40,29,1,10,1.1174,0.9525
HVM-0982,W01,-39,29,1,10,1.1392,0.9610
HVM-0982,W01,-38,29,1,10,1.1318,0.9184
HVM-0982,W01,-37,29,1,10,1.1423,0.9285
HVM-0982,W01,-36,29,1,10,1.0975,0.9667
HVM-0982,W01,-35,29,1,10,1.1592,0.9262
HVM-0982,W01,-34,29,1,10,1.1180,0.9531
HVM-0982,W01,-33,29,1,10,1.1390,0.9666
HVM-0982,W01,-32,29,1,10,1.0750,0.9286
HVM-0982,W01,-31,29,1,10,1.1292,0.9783
HVM-0982,W01,-30,29,3,30,1.1456,0.9646
HVM-0982,W01,-29,29,1,10,1.1900,0.9347
HVM-0982,W01,-28,29,1,10,1.1787,0.9579
HVM-0982,W01,-27,29,1,10,1.1835,0.9401
HVM-0982,W01,-26,29,1,10,1.1634,0.9483
HVM-0982,W01,-25,29,1,10,1.1481,0.9404
HVM-0982,W01,-24,29,1,10,1.1265,0.8856
HVM-0982,W01,-23,29,1,10,1.1472,0.9545
HVM-0982,W01,-22,29,1,10,1.2178,0.9239
HVM-0982,W01,-21,29,1,10,1.1989,0.8878
HVM-0982,W01,-20,29,1,10,1.1989,0.9534
HVM-0982,W01,-19,29,1,10,1.1888,0.8823
HVM-0982,W01,-18,29,1,10,1.1675,0.9165
HVM-0982,W01,-17,29,1,10,1.2157,0.9266
HVM-0982,W01,-16,29,1,10,1.2160,0.8927
HVM-0982,W01,-15,29,1,10,1.1536,0.9381
HVM-0982,W01,-14,29,1,10,1.1915,0.9212
HVM-0982,W01,-13,29,1,10,1.1743,0.8889
HVM-0982,W01,-12,29,1,10,1.2495,0.9141
HVM-0982,W01,-11,29,1,10,1.2165,0.9506
HVM-0982,W01,-10,29,1,10,1.2069,0.8554
HVM-0982,W01,-9,29,1,10,1.2270,0.8689
HVM-0982,W01,-8,29,1,10,1.2216,0.8829
HVM-0982,W01,-7,29,1,10,1.2351,0.8416
HVM-0982,W01,-6,29,1,10,1.2523,0.9125
HVM-0982,W01,-5,29,1,10,1.2157,0.9283
HVM-0982,W01,-4,29,1,10,1.2574,0.9126
HVM-0982,W01,-3,29,1,10,1.2359,0.8890
HVM-0982,W01,-2,29,1,10,1.2267,0.8756
HVM-0982,W01,-1,29,1,10,1.2094,0.9371
HVM-0982,W01,0,29,1,10,1.2161,0.9017
HVM-0982,W01,1,29,1,10,1.2686,0.8945
HVM-0982,W01,2,29,1,10,1.2437,0.8968
HVM-0982,W01,3,29,1,10,1.2374,0.9127
HVM-0982,W01,4,29,1,10,1.2263,0.8663
HVM-0982,W01,5,29,1,10,1.3015,0.8661
HVM-0982,W01,6,29,1,10,1.2431,0.8867
HVM-0982,W01,7,29,1,10,1.2531,0.8957
HVM-0982,W01,8,29,1,10,1.2395,0.8983
HVM-0982,W01,9,29,1,10,1.3076,0.9196
HVM-0982,W01,10,29,1,10,1.2491,0.9059
HVM-0982,W01,11,29,1,10,1.2865,0.9096
HVM-0982,W01,12,29,1,10,1.3047,0.9238
HVM-0982,W01,13,29,1,10,1.3038,0.8859
HVM-0982,W01,14,29,1,10,1.3011,0.8607
HVM-0982,W01,15,29,1,10,1.2987,0.9062
HVM-0982,W01,16,29,1,10,1.2402,0.8766
HVM-0982,W01,17,29,1,10,1.3347,0.9124
HVM-0982,W01,18,29,1,10,1.3327,0.9169
HVM-0982,W01,19,29,1,10,1.3172,0.9341
HVM-0982,W01,20,29,1,10,1.3158,0.8883
HVM-0982,W01,21,29,1,10,1.2630,0.9255
HVM-0982,W01,22,29,1,10,1.3240,0.9552
HVM-0982,W01,23,29,2,30,1.3293,0.9308
HVM-0982,W01,24,29,1,10,1.3104,0.9231
HVM-0982,W01,25,29,1,10,1.3448,0.9296
HVM-0982,W01,26,29,1,10,1.3070,0.9331
HVM-0982,W01,27,29,1,10,1.3187,0.8969
HVM-0982,W01,28,29,1,10,1.3137,0.9209
HVM-0982,W01,29,29,1,10,1.3015,0.9349
HVM-0982,W01,30,29,1,10,1.3540,0.9750
HVM-0982,W01,31,29,1,10,1.3483,0.9252
HVM-0982,W01,32,29,1,10,1.3710,0.9813
HVM-0982,W01,33,29,1,10,1.3638,0.9528
HVM-0982,W01,34,29,1,10,1.3709,0.9514
HVM-0982,W01,35,29,3,21,1.3700,0.9115
HVM-0982,W01,36,29,1,10,1.3683,0.9416
HVM-0982,W01,37,29,1,10,1.3713,0.9307
HVM-0982,W01,38,29,1,10,1.3824,1.0178
HVM-0982,W01,39,29,1,10,1.3869,0.9005
HVM-0982,W01,40,29,1,10,1.3325,0.9464
HVM-0982,W01,41,29,1,10,1.3696,0.9819
HVM-0982,W01,42,29,2,21,1.4257,0.9763
HVM-0982,W01,43,29,2,21,1.3389,0.9190
HVM-0982,W01,-42,30,1,10,1.1103,0.9979
HVM-0982,W01,-41,30,2,21,1.1225,0.9425
HVM-0982,W01,-40,30,1,10,1.1425,0.9764
HVM-0982,W01,-39,30,1,10,1.1175,0.9266
HVM-0982,W01,-38,30,1,10,1.1129,0.9260
HVM-0982,W01,-37,30,1,10,1.1108,0.8998
HVM-0982,W01,-36,30,1,10,1.1691,0.9070
HVM-0982,W01,-35,30,1,10,1.1144,0.9546
HVM-0982,W01,-34,30,1,10,1.1087,0.9598
HVM-0982,W01,-33,30,1,10,1.1364,0.9685
HVM-0982,W01,-32,30,1,10,1.1842,0.9336
HVM-0982,W01,-31,30,1,10,1.1305,0.9066
HVM-0982,W01,-30,30,1,10,1.1590,0.9440
HVM-0982,W01,-29,30,1,10,1.1527,0.9262
HVM-0982,W01,-28,30,1,10,1.1837,0.9808
HVM-0982,W01,-27,30,1,10,1.1528,0.9718
HVM-0982,W01,-26,30,1,10,1.1910,0.9569
HVM-0982,W01,-25,30,1,10,1.2011,0.9027
HVM-0982,W01,-24,30,1,10,1.1603,0.9397
HVM-0982,W01,-23,30,1,10,1.1381,0.9484
HVM-0982,W01,-22,30,1,10,1.1752,0.9172
HVM-0982,W01,-21,30,1,10,1.1781,0.9202
HVM-0982,W01,-20,30,1,10,1.1740,0.9384
HVM-0982,W01,-19,30,1,10,1.1962,0.9406
HVM-0982,W01,-18,30,1,10,1.1979,0.8999
HVM-0982,W01,-17,30,1,10,1.1937,0.9170
HVM-0982,W01,-16,30,1,10,1.1882,0.9373
HVM-0982,W01,-15,30,1,10,1.1636,0.8881
HVM-0982,W01,-14,30,1,10,1.1872,0.8916
HVM-0982,W01,-13,30,1,10,1.2551,0.9416
HVM-0982,W01,-12,30,1,10,1.1939,0.8375
HVM-0982,W01,-11,30,1,10,1.2065,0.9262
HVM-0982,W01,-10,30,1,10,1.2246,0.9207
HVM-0982,W01,-9,30,1,10,1.2209,0.9589
HVM-0982,W01,-8,30,1,10,1.1882,0.9572
HVM-0982,W01,-7,30,1,10,1.1897,0.9148
HVM-0982,W01,-6,30,1,10,1.2287,0.8606
HVM-0982,W01,-5,30,1,10,1.2278,0.8865
HVM-0982,W01,-4,30,1,10,1.2154,0.8752
HVM-0982,W01,-3,30,1,10,1.2395,0.9265
HVM-0982,W01,-2,30,1,10,1.2852,0.9026
HVM-0982,W01,-1,30,1,10,1.2362,0.9088
HVM-0982,W01,0,30,1,10,1.2649,0.8917
HVM-0982,W01,1,30,1,10,1.2298,0.8825
HVM-0982,W01,2,30,1,10,1.2659,0.8919
HVM-0982,W01,3,30,1,10,1.2579,0.8594
HVM-0982,W01,4,30,1,10,1.2325,0.9049
HVM-0982,W01,5,30,1,10,1.2631,0.8938
HVM-0982,W01,6,30,1,10,1.2252,0.9135
HVM-0982,W01,7,30,1,10,1.3161,0.9337
HVM-0982,W01,8,30,1,10,1.2468,0.9347
HVM-0982,W01,9,30,1,10,1.2601,0.9087
HVM-0982,W01,10,30,1,10,1.2345,0.9224
HVM-0982,W01,11,30,1,10,1.2884,0.9253
HVM-0982,W01,12,30,1,10,1.2760,0.9116
HVM-0982,W01,13,30,1,10,1.3091,0.9090
HVM-0982,W01,14,30,1,10,1.3160,0.9278
HVM-0982,W01,15,30,1,10,1.2874,0.9028
HVM-0982,W01,16,30,1,10,1.2936,0.9211
HVM-0982,W01,17,30,1,10,1.3048,0.9403
HVM-0982,W01,18,30,1,10,1.3030,0.9482
HVM-0982,W01,19,30,1,10,1.3123,0.9143
HVM-0982,W01,20,30,1,10,1.3415,0.9191
HVM-0982,W01,21,30,1,10,1.2660,0.9448
HVM-0982,W01,22,30,1,10,1.2979,0.9705
HVM-0982,W01,23,30,1,10,1.3448,0.8924
HVM-0982,W01,24,30,1,10,1.3589,0.9376
HVM-0982,W01,25,30,1,10,1.2958,0.8415
HVM-0982,W01,26,30,1,10,1.3267,0.9069
HVM-0982,W01,27,30,1,10,1.3301,0.8881
HVM-0982,W01,28,30,1,10,1.3076,0.9237
HVM-0982,W01,29,30,1,10,1.3055,0.9376
HVM-0982,W01,30,30,1,10,1.3320,0.9337
HVM-0982,W01,31,30,1,10,1.3327,0.9474
HVM-0982,W01,32,30,1,10,1.3499,0.9721
HVM-0982,W01,33,30,1,10,1.3808,0.9320
HVM-0982,W01,34,30,1,10,1.3339,0.9139
HVM-0982,W01,35,30,1,10,1.3726,0.9383
HVM-0982,W01,36,30,1,10,1.3580,0.9435
HVM-0982,W01,37,30,1,10,1.3262,0.9474
HVM-0982,W01,38,30,1,10,1.3517,0.9435
HVM-0982,W01,39,30,1,10,1.3616,0.9390
HVM-0982,W01,40,30,1,10,1.3474,1.0019
HVM-0982,W01,41,30,2,20,1.4083,0.9783
HVM-0982,W01,42,30,1,10,1.3977,0.9266
HVM-0982,W01,-42,31,2,21,1.1186,0.9330
HVM-0982,W01,-41,31,2,20,1.1490,1.0270
HVM-0982,W01,-40,31,3,31,1.1306,0.9702
HVM-0982,W01,-39,31,1,10,1.2021,0.9668
HVM-0982,W01,-38,31,1,10,1.1299,0.9808
HVM-0982,W01,-37,31,1,10,1.1358,0.9586
HVM-0982,W01,-36,31,1,10,1.1229,0.9128
HVM-0982,W01,-35,31,1,10,1.1559,0.9834
HVM-0982,W01,-34,31,1,10,1.1214,0.9693
HVM-0982,W01,-33,31,1,10,1.1527,0.9393
HVM-0982,W01,-32,31,1,10,1.0802,0.9297
HVM-0982,W01,-31,31,3,20,1.1465,0.9645
HVM-0982,W01,-30,31,1,10,1.1828,0.9560
HVM-0982,W01,-29,31,1,10,1.1363,0.9787
HVM-0982,W01,-28,31,1,10,1.1748,0.9191
HVM-0982,W01,-27,31,1,10,1.1756,0.8858
HVM-0982,W01,-26,31,1,10,1.1906,0.8893
HVM-0982,W01,-25,31,1,10,1.1899,0.9269
HVM-0982,W01,-24,31,1,10,1.1598,0.9709
HVM-0982,W01,-23,31,1,10,1.1848,0.9029
HVM-0982,W01,-22,31,1,10,1.1857,0.9167
HVM-0982,W01,-21,31,1,10,1.1823,0.8938
HVM-0982,W01,-20,31,1,10,1.1454,0.9232
HVM-0982,W01,-19,31,1,10,1.1867,0.8751
HVM-0982,W01,-18,31,1,10,1.1932,0.9305
HVM-0982,W01,-17,31,1,10,1.1690,0.9120
HVM-0982,W01,-16,31,1,10,1.2238,0.8954
HVM-0982,W01,-15,31,1,10,1.2162,0.9043
HVM-0982,W01,-14,31,1,10,1.1950,0.9098
HVM-0982,W01,-13,31,1,10,1.2027,0.8969
HVM-0982,W01,-12,31,1,10,1.2210,0.9255
HVM-0982,W01,-11,31,1,10,1.2330,0.8762
HVM-0982,W01,-10,31,1,10,1.2016,0.9398
HVM-0982,W01,-9,31,4,31,1.2007,0.9427
HVM-0982,W01,-8,31,1,10,1.1934,0.8909
HVM-0982,W01,-7,31,1,10,1.2576,0.9080
HVM-0982,W01,-6,31,1,10,1.2215,0.9462
HVM-0982,W01,-5,31,1,10,1.2144,0.8875
HVM-0982,W01,-4,31,1,10,1.2233,0.8775
HVM-0982,W01,-3,31,1,10,1.2149,0.8978
HVM-0982,W01,-2,31,1,10,1.2389,0.8854
HVM-0982,W01,-1,31,2,20,1.2178,0.9227
HVM-0982,W01,0,31,1,10,1.2795,0.9372
HVM-0982,W01,1,31,1,10,1.2398,0.9220
HVM-0982,W01,2,31,1,10,1.2657,0.8860
HVM-0982,W01,3,31,1,10,1.2638,0.8929
HVM-0982,W01,4,31,1,10,1.2550,0.8893
HVM-0982,W01,5,31,1,10,1.2768,0.9068
HVM-0982,W01,6,31,1,10,1.2881,0.8840
HVM-0982,W01,7,31,1,10,1.2596,0.8887
HVM-0982,W01,8,31,2,20,1.3328,0.9036
HVM-0982,W01,9,31,1,10,1.2974,0.9092
HVM-0982,W01,10,31,1,10,1.2905,0.9201
HVM-0982,W01,11,31,1,10,1.2730,0.9090
HVM-0982,W01,12,31,1,10,1.2792,0.9112
HVM-0982,W01,13,31,1,10,1.3033,0.9370
HVM-0982,W01,14,31,2,20,1.3076,0.9052
HVM-0982,W01,15,31,1,10,1.3291,0.9052
HVM-0982,W01,16,31,1,10,1.3252,0.9570
HVM-0982,W01,17,31,1,10,1.3179,0.9164
HVM-0982,W01,18,31,1,10,1.2908,0.8994
HVM-0982,W01,19,31,1,10,1.2907,0.9226
HVM-0982,W01,20,31,1,10,1.3004,0.8896
HVM-0982,W01,21,31,1,10,1.3206,0.9697
HVM-0982,W01,22,31,1,10,1.3491,0.9008
HVM-0982,W01,23,31,4,30,1.3419,0.9265
HVM-0982,W01,24,31,1,10,1.3079,0.9303
HVM-0982,W01,25,31,1,10,1.3663,0.9514
HVM-0982,W01,26,31,1,10,1.3179,0.9410
HVM-0982,W01,27,31,1,10,1.3660,0.9306
HVM-0982,W01,28,31,1,10,1.3535,0.9097
HVM-0982,W01,29,31,1,10,1.2785,0.9334
HVM-0982,W01,30,31,1,10,1.3332,0.8936
HVM-0982,W01,31,31,1,10,1.3567,0.9404
HVM-0982,W01,32,31,3,20,1.3386,0.9632
HVM-0982,W01,33,31,1,10,1.3525,0.9519
HVM-0982,W01,34,31,1,10,1.3404,0.9376
HVM-0982,W01,35,31,1,10,1.3452,0.9034
HVM-0982,W01,36,31,1,10,1.3553,0.9191
HVM-0982,W01,37,31,3,30,1.3879,0.9370
HVM-0982,W01,38,31,1,10,1.3913,0.9309
HVM-0982,W01,39,31,1,10,1.3753,0.9432
HVM-0982,W01,40,31,2,20,1.3195,0.9516
HVM-0982,W01,41,31,3,31,1.3601,0.9502
HVM-0982,W01,42,31,1,10,1.3519,0.9777
HVM-0982,W01,-42,32,3,21,1.1757,0.9621
HVM-0982,W01,-41,32,1,10,1.0986,0.9347
HVM-0982,W01,-40,32,1,10,1.1313,0.9163
HVM-0982,W01,-39,32,1,10,1.1118,0.9371
HVM-0982,W01,-38,32,1,10,1.2165,0.9555
HVM-0982,W01,-37,32,1,10,1.1453,0.9424
HVM-0982,W01,-36,32,1,10,1.1472,0.9501
HVM-0982,W01,-35,32,1,10,1.1191,0.9214
HVM-0982,W01,-34,32,1,10,1.1261,0.9319
HVM-0982,W01,-33,32,1,10,1.1431,0.9810
HVM-0982,W01,-32,32,1,10,1.1625,0.9592
HVM-0982,W01,-31,32,1,10,1.1711,0.9492
HVM-0982,W01,-30,32,1,10,1.1869,0.9351
HVM-0982,W01,-29,32,1,10,1.1872,0.8940
HVM-0982,W01,-28,32,1,10,1.1535,0.9264
HVM-0982,W01,-27,32,1,10,1.1299,0.9427
HVM-0982,W01,-26,32,2,21,1.1734,0.8886
HVM-0982,W01,-25,32,1,10,1.2081,0.9014
HVM-0982,W01,-24,32,1,10,1.1588,0.9564
HVM-0982,W01,-23,32,1,10,1.1724,0.9225
HVM-0982,W01,-22,32,1,10,1.1965,0.8847
HVM-0982,W01,-21,32,1,10,1.1998,0.9275
HVM-0982,W01,-20,32,1,10,1.1875,0.9426
HVM-0982,W01,-19,32,1,10,1.1971,0.9424
HVM-0982,W01,-18,32,1,10,1.1964,0.9366
HVM-0982,W01,-17,32,1,10,1.1806,0.8621
HVM-0982,W01,-16,32,1,10,1.1608,0.9514
HVM-0982,W01,-15,32,1,10,1.2168,0.9177
HVM-0982,W01,-14,32,1,10,1.1522,0.9110
HVM-0982,W01,-13,32,1,10,1.2342,0.9558
HVM-0982,W01,-12,32,1,10,1.2173,0.8912
HVM-0982,W01,-11,32,1,10,1.2600,0.9341
HVM-0982,W01,-10,32,1,10,1.1883,0.8833
HVM-0982,W01,-9,32,1,10,1.2249,0.8954
HVM-0982,W01,-8,32,1,10,1.2849,0.9263
HVM-0982,W01,-7,32,1,10,1.2071,0.9108
HVM-0982,W01,-6,32,1,10,1.2755,0.9579
HVM-0982,W01,-5,32,1,10,1.2660,0.8978
HVM-0982,W01,-4,32,1,10,1.2438,0.9248
HVM-0982,W01,-3,32,1,10,1.2544,0.9096
HVM-0982,W01,-2,32,1,10,1.2607,0.9174
HVM-0982,W01,-1,32,1,10,1.2740,0.9029
HVM-0982,W01,0,32,1,10,1.2562,0.9183
HVM-0982,W01,1,32,1,10,1.2496,0.9053
HVM-0982,W01,2,32,1,10,1.2421,0.9339
HVM-0982,W01,3,32,1,10,1.2397,0.8899
HVM-0982,W01,4,32,1,10,1.2619,0.8919
HVM-0982,W01,5,32,1,10,1.2983,0.9203
HVM-0982,W01,6,32,1,10,1.2365,0.9381
HVM-0982,W01,7,32,1,10,1.2644,0.9054
HVM-0982,W01,8,32,1,10,1.2958,0.8980
HVM-0982,W01,9,32,1,10,1.3095,0.9077
HVM-0982,W01,10,32,1,10,1.2642,0.9041
HVM-0982,W01,11,32,1,10,1.3006,0.9004
HVM-0982,W01,12,32,1,10,1.2864,0.9127
HVM-0982,W01,13,32,1,10,1.3072,0.9238
HVM-0982,W01,14,32,1,10,1.3228,0.9276
HVM-0982,W01,15,32,1,10,1.3041,0.9142
HVM-0982,W01,16,32,1,10,1.3292,0.8728
HVM-0982,W01,17,32,1,10,1.2725,0.8583
HVM-0982,W01,18,32,1,10,1.2861,0.9266
HVM-0982,W01,19,32,1,10,1.3219,0.9444
HVM-0982,W01,20,32,1,10,1.3073,0.9676
HVM-0982,W01,21,32,1,10,1.2698,0.9461
HVM-0982,W01,22,32,1,10,1.3564,0.9716
HVM-0982,W01,23,32,1,10,1.3586,0.9864
HVM-0982,W01,24,32,1,10,1.3552,0.9282
HVM-0982,W01,25,32,1,10,1.3535,0.9071
HVM-0982,W01,26,32,1,10,1.3506,0.9505
HVM-0982,W01,27,32,1,10,1.3501,0.9502
HVM-0982,W01,28,32,1,10,1.3704,0.9134
HVM-0982,W01,29,32,1,10,1.3499,0.9356
HVM-0982,W01,30,32,1,10,1.3500,0.9521
HVM-0982,W01,31,32,1,10,1.3840,0.9470
HVM-0982,W01,32,32,1,10,1.3897,0.9879
HVM-0982,W01,33,32,1,10,1.3404,0.9467
HVM-0982,W01,34,32,1,10,1.3385,0.9583
HVM-0982,W01,35,32,1,10,1.3569,0.9812
HVM-0982,W01,36,32,1,10,1.3213,0.9577
HVM-0982,W01,37,32,1,10,1.3792,0.9132
HVM-0982,W01,38,32,1,10,1.3791,0.9414
HVM-0982,W01,39,32,1,10,1.3764,0.9318
HVM-0982,W01,40,32,2,31,1.3541,0.9472
HVM-0982,W01,41,32,2,20,1.3505,0.9844
HVM-0982,W01,42,32,2,30,1.3828,0.9930
HVM-0982,W01,-41,33,1,10,1.1259,0.9755
HVM-0982,W01,-40,33,4,21,1.1135,0.9426
HVM-0982,W01,-39,33,2,31,1.1498,0.9757
HVM-0982,W01,-38,33,1,10,1.1539,0.9408
HVM-0982,W01,-37,33,1,10,1.0856,0.9236
HVM-0982,W01,-36,33,1,10,1.1238,0.9346
HVM-0982,W01,-35,33,1,10,1.1521,0.9198
HVM-0982,W01,-34,33,1,10,1.1253,0.9589
HVM-0982,W01,-33,33,1,10,1.1679,0.9645
HVM-0982,W01,-32,33,1,10,1.1314,0.9535
HVM-0982,W01,-31,33,1,10,1.1779,0.9919
HVM-0982,W01,-30,33,1,10,1.1302,0.9293
HVM-0982,W01,-29,33,1,10,1.1500,0.9588
HVM-0982,W01,-28,33,1,10,1.1636,0.9466
HVM-0982,W01,-27,33,1,10,1.1519,0.8990
HVM-0982,W01,-26,33,1,10,1.2003,0.9296
HVM-0982,W01,-25,33,1,10,1.2131,0.9050
HVM-0982,W01,-24,33,1,10,1.1898,0.8932
HVM-0982,W01,-23,33,1,10,1.1876,0.9476
HVM-0982,W01,-22,33,1,10,1.1971,0.9108
HVM-0982,W01,-21,33,1,10,1.1551,0.9085
HVM-0982,W01,-20,33,1,10,1.2159,0.9120
HVM-0982,W01,-19,33,1,10,1.1985,0.9655
HVM-0982,W01,-18,33,1,10,1.2152,0.9391
HVM-0982,W01,-17,33,1,10,1.2152,0.8957
HVM-0982,W01,-16,33,1,10,1.1942,0.9252
HVM-0982,W01,-15,33,1,10,1.2398,0.9364
HVM-0982,W01,-14,33,1,10,1.2201,0.9513
HVM-0982,W01,-13,33,1,10,1.2154,0.9197
HVM-0982,W01,-12,33,1,10,1.2518,0.9366
HVM-0982,W01,-11,33,1,10,1.1881,0.8859
HVM-0982,W01,-10,33,1,10,1.2438,0.9868
HVM-0982,W01,-9,33,1,10,1.2296,0.9085
HVM-0982,W01,-8,33,1,10,1.2557,0.9088
HVM-0982,W01,-7,33,1,10,1.2140,0.8871
HVM-0982,W01,-6,33,1,10,1.2534,0.9264
HVM-0982,W01,-5,33,1,10,1.2276,0.9338
HVM-0982,W01,-4,33,1,10,1.2484,0.9315
HVM-0982,W01,-3,33,1,10,1.2589,0.9127
HVM-0982,W01,-2,33,1,10,1.2324,0.8978
HVM-0982,W01,-1,33,1,10,1.2521,0.9084
HVM-0982,W01,0,33,1,10,1.2279,0.9292
HVM-0982,W01,1,33,1,10,1.2648,0.9292
HVM-0982,W01,2,33,1,10,1.2489,0.8966
HVM-0982,W01,3,33,1,10,1.2170,0.9071
HVM-0982,W01,4,33,2,31,1.2957,0.8949
HVM-0982,W01,5,33,1,10,1.2411,0.8811
HVM-0982,W01,6,33,1,10,1.2484,0.9079
HVM-0982,W01,7,33,1,10,1.3071,0.8708
HVM-0982,W01,8,33,1,10,1.2785,0.9022
HVM-0982,W01,9,33,1,10,1.2785,0.8907
HVM-0982,W01,10,33,1,10,1.2708,0.9108
HVM-0982,W01,11,33,1,10,1.2741,0.9086
HVM-0982,W01,12,33,3,20,1.2541,0.9166
HVM-0982,W01,13,33,1,10,1.2464,0.9226
HVM-0982,W01,14,33,1,10,1.2970,0.9159
HVM-0982,W01,15,33,1,10,1.3434,0.9206
HVM-0982,W01,16,33,1,10,1.2744,0.8496
HVM-0982,W01,17,33,1,10,1.2823,0.8886
HVM-0982,W01,18,33,1,10,1.2999,0.9047
HVM-0982,W01,19,33,1,10,1.2971,0.9612
HVM-0982,W01,20,33,1,10,1.2383,0.9266
HVM-0982,W01,21,33,1,10,1.3145,0.9248
HVM-0982,W01,22,33,1,10,1.3064,0.9404
HVM-0982,W01,23,33,1,10,1.3130,0.8716
HVM-0982,W01,24,33,1,10,1.3305,0.9173
HVM-0982,W01,25,33,1,10,1.3017,0.9347
HVM-0982,W01,26,33,1,10,1.3190,0.8903
HVM-0982,W01,27,33,1,10,1.3316,0.9096
HVM-0982,W01,28,33,3,31,1.3311,0.9619
HVM-0982,W01,29,33,1,10,1.3551,0.9590
HVM-0982,W01,30,33,1,10,1.3814,0.9598
HVM-0982,W01,31,33,1,10,1.3286,0.9377
HVM-0982,W01,32,33,1,10,1.3574,0.9004
HVM-0982,W01,33,33,1,10,1.3544,0.9802
HVM-0982,W01,34,33,1,10,1.3776,0.9854
HVM-0982,W01,35,33,1,10,1.3535,0.9421
HVM-0982,W01,36,33,1,10,1.3650,0.9705
HVM-0982,W01,37,33,1,10,1.3509,0.9712
HVM-0982,W01,38,33,1,10,1.4054,0.9717
HVM-0982,W01,39,33,3,30,1.3784,0.9945
HVM-0982,W01,40,33,1,10,1.3493,0.9856
HVM-0982,W01,41,33,2,31,1.4164,0.9611
HVM-0982,W01,-41,34,1,10,1.1192,0.9766
HVM-0982,W01,-40,34,1,10,1.1951,0.9343
HVM-0982,W01,-39,34,1,10,1.1271,0.9057
HVM-0982,W01,-38,34,1,10,1.1515,0.9652
HVM-0982,W01,-37,34,1,10,1.1297,0.8998
HVM-0982,W01,-36,34,1,10,1.1492,0.9728
HVM-0982,W01,-35,34,1,10,1.1609,1.0044
HVM-0982,W01,-34,34,1,10,1.1251,1.0020
HVM-0982,W01,-33,34,1,10,1.1617,0.9343
HVM-0982,W01,-32,34,1,10,1.1661,0.9129
HVM-0982,W01,-31,34,1,10,1.2352,0.9523
HVM-0982,W01,-30,34,1,10,1.1878,0.8921
HVM-0982,W01,-29,34,1,10,1.1673,0.9296
HVM-0982,W01,-28,34,1,10,1.1734,0.9358
HVM-0982,W01,-27,34,1,10,1.1471,0.8979
HVM-0982,W01,-26,34,1,10,1.1775,0.9414
HVM-0982,W01,-25,34,1,10,1.1263,0.9144
HVM-0982,W01,-24,34,1,10,1.1997,0.9268
HVM-0982,W01,-23,34,1,10,1.2028,0.8869
HVM-0982,W01,-22,34,1,10,1.1765,0.9220
HVM-0982,W01,-21,34,1,10,1.1854,0.9633
HVM-0982,W01,-20,34,1,10,1.2170,0.9449
HVM-0982,W01,-19,34,1,10,1.2222,0.9426
HVM-0982,W01,-18,34,1,10,1.2318,0.9481
HVM-0982,W01,-17,34,1,10,1.2018,0.9016
HVM-0982,W01,-16,34,1,10,1.1871,0.9272
HVM-0982,W01,-15,34,1,10,1.2428,0.8754
HVM-0982,W01,-14,34,1,10,1.2019,0.9544
HVM-0982,W01,-13,34,1,10,1.2572,0.9421
HVM-0982,W01,-12,34,1,10,1.2002,0.9636
HVM-0982,W01,-11,34,3,31,1.2265,0.9256
HVM-0982,W01,-10,34,1,10,1.2284,0.9283
HVM-0982,W01,-9,34,1,10,1.2138,0.8762
HVM-0982,W01,-8,34,1,10,1.2330,0.8976
HVM-0982,W01,-7,34,1,10,1.2394,0.9160
HVM-0982,W01,-6,34,1,10,1.2269,0.9266
HVM-0982,W01,-5,34,1,10,1.2741,0.9069
HVM-0982,W01,-4,34,1,10,1.2521,0.9020
HVM-0982,W01,-3,34,1,10,1.2457,0.8942
HVM-0982,W01,-2,34,1,10,1.2669,0.9247
HVM-0982,W01,-1,34,1,10,1.2781,0.9266
HVM-0982,W01,0,34,1,10,1.2457,0.9500
HVM-0982,W01,1,34,1,10,1.2741,0.9354
HVM-0982,W01,2,34,1,10,1.2423,0.9006
HVM-0982,W01,3,34,1,10,1.2685,0.9197
HVM-0982,W01,4,34,1,10,1.2848,0.9182
HVM-0982,W01,5,34,2,20,1.2696,0.9307
HVM-0982,W01,6,34,1,10,1.2720,0.9105
HVM-0982,W01,7,34,1,10,1.3126,0.8672
HVM-0982,W01,8,34,1,10,1.2481,0.9147
HVM-0982,W01,9,34,1,10,1.2406,0.9316
HVM-0982,W01,10,34,1,10,1.3001,0.9235
HVM-0982,W01,11,34,1,10,1.2659,0.9531
HVM-0982,W01,12,34,1,10,1.2448,0.8851
HVM-0982,W01,13,34,1,10,1.2689,0.9123
HVM-0982,W01,14,34,4,20,1.2959,0.8964
HVM-0982,W01,15,34,1,10,1.3119,0.9539
HVM-0982,W01,16,34,1,10,1.3378,0.9122
HVM-0982,W01,17,34,1,10,1.3209,0.9469
HVM-0982,W01,18,34,1,10,1.2637,0.9353
HVM-0982,W01,19,34,1,10,1.2915,0.9408
HVM-0982,W01,20,34,2,31,1.2812,0.9191
HVM-0982,W01,21,34,1,10,1.3455,0.9149
HVM-0982,W01,22,34,1,10,1.3323,0.9087
HVM-0982,W01,23,34,1,10,1.2910,0.9898
HVM-0982,W01,24,34,1,10,1.3195,0.8829
HVM-0982,W01,25,34,1,10,1.3223,0.9627
HVM-0982,W01,26,34,1,10,1.3548,0.9342
HVM-0982,W01,27,34,4,21,1.3704,0.9483
HVM-0982,W01,28,34,1,10,1.3420,0.8935
HVM-0982,W01,29,34,1,10,1.3476,0.9277
HVM-0982,W01,30,34,1,10,1.3123,0.9554
HVM-0982,W01,31,34,1,10,1.3184,0.9804
HVM-0982,W01,32,34,1,10,1.3908,0.9615
HVM-0982,W01,33,34,1,10,1.3429,0.9721
HVM-0982,W01,34,34,1,10,1.3656,0.9484
HVM-0982,W01,35,34,1,10,1.3833,0.9892
HVM-0982,W01,36,34,1,10,1.3525,0.9678
HVM-0982,W01,37,34,1,10,1.3603,0.9602
HVM-0982,W01,38,34,1,10,1.3562,0.9515
HVM-0982,W01,39,34,1,10,1.3694,0.9612
HVM-0982,W01,40,34,1,10,1.3421,0.9555
HVM-0982,W01,41,34,3,31,1.3720,0.9857
HVM-0982,W01,-40,35,2,21,1.1550,0.9824
HVM-0982,W01,-39,35,1,10,1.1316,0.9809
HVM-0982,W01,-38,35,3,30,1.1683,0.9145
HVM-0982,W01,-37,35,1,10,1.1305,1.0023
HVM-0982,W01,-36,35,1,10,1.1534,0.9330
HVM-0982,W01,-35,35,1,10,1.1142,0.9346
HVM-0982,W01,-34,35,1,10,1.1889,0.9547
HVM-0982,W01,-33,35,1,10,1.1274,0.9724
HVM-0982,W01,-32,35,1,10,1.1484,0.9668
HVM-0982,W01,-31,35,1,10,1.1449,0.9647
HVM-0982,W01,-30,35,1,10,1.2085,0.9486
HVM-0982,W01,-29,35,1,10,1.1382,0.9880
HVM-0982,W01,-28,35,1,10,1.2033,0.9767
HVM-0982,W01,-27,35,1,10,1.1264,0.9621
HVM-0982,W01,-26,35,1,10,1.1745,0.9591
HVM-0982,W01,-25,35,1,10,1.1358,0.9309
HVM-0982,W01,-24,35,1,10,1.1994,0.9250
HVM-0982,W01,-23,35,1,10,1.1853,0.8963
HVM-0982,W01,-22,35,1,10,1.2087,0.9367
HVM-0982,W01,-21,35,1,10,1.1949,0.9643
HVM-0982,W01,-20,35,1,10,1.1820,0.9493
HVM-0982,W01,-19,35,1,10,1.1954,0.9534
HVM-0982,W01,-18,35,1,10,1.2288,0.9379
HVM-0982,W01,-17,35,1,10,1.2552,0.9434
HVM-0982,W01,-16,35,1,10,1.2232,0.9506
HVM-0982,W01,-15,35,1,10,1.2123,0.9416
HVM-0982,W01,-14,35,1,10,1.1633,0.9138
HVM-0982,W01,-13,35,1,10,1.2425,0.9156
HVM-0982,W01,-12,35,4,20,1.1952,0.8883
HVM-0982,W01,-11,35,1,10,1.2418,0.9333
HVM-0982,W01,-10,35,1,10,1.2357,0.9409
HVM-0982,W01,-9,35,1,10,1.2442,0.9219
HVM-0982,W01,-8,35,1,10,1.1848,0.9284
HVM-0982,W01,-7,35,1,10,1.2491,0.9139
HVM-0982,W01,-6,35,1,10,1.2296,0.8913
HVM-0982,W01,-5,35,1,10,1.2175,0.9292
HVM-0982,W01,-4,35,2,20,1.2414,0.9219
HVM-0982,W01,-3,35,1,10,1.2297,0.9202
HVM-0982,W01,-2,35,1,10,1.2627,0.9431
HVM-0982,W01,-1,35,1,10,1.2881,0.9007
HVM-0982,W01,0,35,1,10,1.2053,0.9146
HVM-0982,W01,1,35,1,10,1.2884,0.8804
HVM-0982,W01,2,35,1,10,1.2654,0.8970
HVM-0982,W01,3,35,1,10,1.2727,0.8775
HVM-0982,W01,4,35,1,10,1.2471,0.9277
HVM-0982,W01,5,35,1,10,1.2787,0.9128
HVM-0982,W01,6,35,1,10,1.2382,0.9535
HVM-0982,W01,7,35,1,10,1.2678,0.8933
HVM-0982,W01,8,35,1,10,1.2699,0.9528
HVM-0982,W01,9,35,1,10,1.3043,0.9161
HVM-0982,W01,10,35,1,10,1.2749,0.9073
HVM-0982,W01,11,35,1,10,1.2780,0.9367
HVM-0982,W01,12,35,1,10,1.2777,0.9337
HVM-0982,W01,13,35,1,10,1.3196,0.9526
HVM-0982,W01,14,35,1,10,1.3476,0.9253
HVM-0982,W01,15,35,1,10,1.3265,0.9307
HVM-0982,W01,16,35,1,10,1.3025,0.9162
HVM-0982,W01,17,35,1,10,1.3367,0.9176
HVM-0982,W01,18,35,1,10,1.3090,0.9344
HVM-0982,W01,19,35,1,10,1.3039,0.8959
HVM-0982,W01,20,35,1,10,1.2759,0.8950
HVM-0982,W01,21,35,1,10,1.2980,0.9513
HVM-0982,W01,22,35,1,10,1.3177,0.9261
HVM-0982,W01,23,35,1,10,1.3727,0.8959
HVM-0982,W01,24,35,1,10,1.3289,0.9293
HVM-0982,W01,25,35,1,10,1.2892,0.9804
HVM-0982,W01,26,35,1,10,1.3366,0.9460
HVM-0982,W01,27,35,1,10,1.3144,0.9138
HVM-0982,W01,28,35,1,10,1.3055,0.9465
HVM-0982,W01,29,35,1,10,1.3370,0.9150
HVM-0982,W01,30,35,1,10,1.3112,0.9406
HVM-0982,W01,31,35,1,10,1.3244,0.8695
HVM-0982,W01,32,35,1,10,1.3207,0.9478
HVM-0982,W01,33,35,1,10,1.3497,0.9539
HVM-0982,W01,34,35,1,10,1.3420,0.9615
HVM-0982,W01,35,35,1,10,1.3557,0.9534
HVM-0982,W01,36,35,1,10,1.3751,0.9970
HVM-0982,W01,37,35,1,10,1.3428,0.9521
HVM-0982,W01,38,35,2,31,1.3864,0.9475
HVM-0982,W01,39,35,1,10,1.3571,0.9029
HVM-0982,W01,40,35,1,10,1.4017,0.9338
HVM-0982,W01,-40,36,4,20,1.1238,0.9534
HVM-0982,W01,-39,36,1,10,1.1104,0.9422
HVM-0982,W01,-38,36,4,20,1.0874,0.9561
HVM-0982,W01,-37,36,1,10,1.1881,0.9359
HVM-0982,W01,-36,36,1,10,1.1515,0.9656
HVM-0982,W01,-35,36,1,10,1.1375,0.9609
HVM-0982,W01,-34,36,2,20,1.1498,0.9572
HVM-0982,W01,-33,36,1,10,1.1314,0.9925
HVM-0982,W01,-32,36,1,10,1.1149,0.9478
HVM-0982,W01,-31,36,1,10,1.1613,0.9825
HVM-0982,W01,-30,36,1,10,1.1815,0.9213
HVM-0982,W01,-29,36,1,10,1.1802,0.9233
HVM-0982,W01,-28,36,1,10,1.1517,0.9459
HVM-0982,W01,-27,36,1,10,1.1372,0.9628
HVM-0982,W01,-26,36,1,10,1.1630,0.9141
HVM-0982,W01,-25,36,1,10,1.1906,0.8980
HVM-0982,W01,-24,36,1,10,1.1395,0.8939
HVM-0982,W01,-23,36,1,10,1.1497,0.9249
HVM-0982,W01,-22,36,1,10,1.1971,0.9254
HVM-0982,W01,-21,36,1,10,1.2252,0.9325
HVM-0982,W01,-20,36,2,30,1.2097,0.9299
HVM-0982,W01,-19,36,1,10,1.2549,0.9412
HVM-0982,W01,-18,36,1,10,1.1974,0.9412
HVM-0982,W01,-17,36,1,10,1.1970,0.9368
HVM-0982,W01,-16,36,1,10,1.2009,0.9436
HVM-0982,W01,-15,36,1,10,1.1882,0.9121
HVM-0982,W01,-14,36,1,10,1.2190,0.9470
HVM-0982,W01,-13,36,1,10,1.1987,0.9586
HVM-0982,W01,-12,36,1,10,1.2078,0.9366
HVM-0982,W01,-11,36,1,10,1.2097,0.9418
HVM-0982,W01,-10,36,1,10,1.2011,0.8917
HVM-0982,W01,-9,36,1,10,1.2372,0.8890
HVM-0982,W01,-8,36,1,10,1.2042,0.9122
HVM-0982,W01,-7,36,1,10,1.3046,0.8845
HVM-0982,W01,-6,36,1,10,1.2306,0.8800
HVM-0982,W01,-5,36,1,10,1.2234,0.9184
HVM-0982,W01,-4,36,1,10,1.2375,0.8961
HVM-0982,W01,-3,36,1,10,1.2422,0.9051
HVM-0982,W01,-2,36,1,10,1.2636,0.9323
HVM-0982,W01,-1,36,1,10,1.2595,0.8833
HVM-0982,W01,0,36,1,10,1.2183,0.9461
HVM-0982,W01,1,36,1,10,1.2381,0.8911
HVM-0982,W01,2,36,1,10,1.2655,0.9003
HVM-0982,W01,3,36,1,10,1.2752,0.9227
HVM-0982,W01,4,36,1,10,1.2560,0.9437
HVM-0982,W01,5,36,1,10,1.2500,0.8508
HVM-0982,W01,6,36,1,10,1.2889,0.9065
HVM-0982,W01,7,36,1,10,1.2794,0.8905
HVM-0982,W01,8,36,1,10,1.2504,0.8911
HVM-0982,W01,9,36,1,10,1.2701,0.8994
HVM-0982,W01,10,36,1,10,1.2917,0.9182
HVM-0982,W01,11,36,1,10,1.2339,0.8495
HVM-0982,W01,12,36,1,10,1.2937,0.9352
HVM-0982,W01,13,36,1,10,1.2553,0.8844
HVM-0982,W01,14,36,1,10,1.3124,0.9412
HVM-0982,W01,15,36,1,10,1.2709,0.9353
HVM-0982,W01,16,36,1,10,1.3072,0.9163
HVM-0982,W01,17,36,1,10,1.3136,0.9111
HVM-0982,W01,18,36,1,10,1.2833,0.9317
HVM-0982,W01,19,36,1,10,1.3277,0.8747
HVM-0982,W01,20,36,2,21,1.3001,0.9158
HVM-0982,W01,21,36,1,10,1.3210,0.9545
HVM-0982,W01,22,36,1,10,1.2942,0.9111
HVM-0982,W01,23,36,1,10,1.2890,0.9241
HVM-0982,W01,24,36,1,10,1.3148,0.9602
HVM-0982,W01,25,36,1,10,1.3512,0.9531
HVM-0982,W01,26,36,1,10,1.3496,0.9338
HVM-0982,W01,27,36,1,10,1.3430,0.9556
HVM-0982,W01,28,36,2,21,1.3309,0.9852
HVM-0982,W01,29,36,1,10,1.3630,0.9685
HVM-0982,W01,30,36,1,10,1.3027,0.9377
HVM-0982,W01,31,36,1,10,1.3547,0.9268
HVM-0982,W01,32,36,2,30,1.3476,0.9354
HVM-0982,W01,33,36,1,10,1.3232,0.9425
HVM-0982,W01,34,36,1,10,1.2770,0.9808
HVM-0982,W01,35,36,1,10,1.3537,0.9333
HVM-0982,W01,36,36,1,10,1.3169,0.9769
HVM-0982,W01,37,36,1,10,1.3607,0.9513
HVM-0982,W01,38,36,1,10,1.4114,0.9896
HVM-0982,W01,39,36,2,20,1.3533,0.9797
HVM-0982,W01,40,36,1,10,1.4071,1.0074
HVM-0982,W01,-39,37,1,10,1.1422,0.9733
HVM-0982,W01,-38,37,1,10,1.1726,0.8935
HVM-0982,W01,-37,37,1,10,1.1552,0.9772
HVM-0982,W01,-36,37,1,10,1.0793,0.9338
HVM-0982,W01,-35,37,1,10,1.1613,0.9788
HVM-0982,W01,-34,37,1,10,1.0993,0.9863
HVM-0982,W01,-33,37,1,10,1.1906,0.9816
HVM-0982,W01,-32,37,1,10,1.1435,0.9531
HVM-0982,W01,-31,37,1,10,1.1424,0.9255
HVM-0982,W01,-30,37,1,10,1.1323,0.9429
HVM-0982,W01,-29,37,1,10,1.2070,0.9373
HVM-0982,W01,-28,37,1,10,1.1242,1.0072
HVM-0982,W01,-27,37,1,10,1.1585,0.9486
HVM-0982,W01,-26,37,1,10,1.1917,0.9500
HVM-0982,W01,-25,37,1,10,1.2018,0.9167
HVM-0982,W01,-24,37,1,10,1.2084,0.9187
HVM-0982,W01,-23,37,1,10,1.1678,0.9398
HVM-0982,W01,-22,37,1,10,1.1952,0.9330
HVM-0982,W01,-21,37,1,10,1.2203,0.9433
HVM-0982,W01,-20,37,1,10,1.2253,0.9106
HVM-0982,W01,-19,37,1,10,1.1553,0.9401
HVM-0982,W01,-18,37,1,10,1.2350,0.9325
HVM-0982,W01,-17,37,1,10,1.2293,0.9644
HVM-0982,W01,-16,37,1,10,1.1900,0.9205
HVM-0982,W01,-15,37,1,10,1.1809,0.9377
HVM-0982,W01,-14,37,1,10,1.2131,0.9392
HVM-0982,W01,-13,37,1,10,1.2747,0.9458
HVM-0982,W01,-12,37,1,10,1.2577,0.8719
HVM-0982,W01,-11,37,1,10,1.2385,0.9525
HVM-0982,W01,-10,37,1,10,1.2163,0.8924
HVM-0982,W01,-9,37,1,10,1.2032,0.9480
HVM-0982,W01,-8,37,1,10,1.1810,0.9367
HVM-0982,W01,-7,37,1,10,1.2637,0.9362
HVM-0982,W01,-6,37,1,10,1.2494,0.9022
HVM-0982,W01,-5,37,1,10,1.2329,0.9174
HVM-0982,W01,-4,37,1,10,1.2832,0.9198
HVM-0982,W01,-3,37,1,10,1.2904,0.9069
HVM-0982,W01,-2,37,1,10,1.2612,0.8928
HVM-0982,W01,-1,37,1,10,1.2933,0.9558
HVM-0982,W01,0,37,1,10,1.2564,0.9421
HVM-0982,W01,1,37,4,21,1.2513,0.9203
HVM-0982,W01,2,37,1,10,1.2391,0.9131
HVM-0982,W01,3,37,1,10,1.2689,0.9153
HVM-0982,W01,4,37,1,10,1.2961,0.9121
HVM-0982,W01,5,37,2,31,1.2457,0.9120
HVM-0982,W01,6,37,1,10,1.2947,0.9206
HVM-0982,W01,7,37,1,10,1.2816,0.9406
HVM-0982,W01,8,37,1,10,1.3286,0.8766
HVM-0982,W01,9,37,1,10,1.2941,0.8663
HVM-0982,W01,10,37,1,10,1.2823,0.9446
HVM-0982,W01,11,37,1,10,1.2725,0.9438
HVM-0982,W01,12,37,1,10,1.3261,0.9254
HVM-0982,W01,13,37,1,10,1.2769,0.9233
HVM-0982,W01,14,37,1,10,1.2653,0.9291
HVM-0982,W01,15,37,1,10,1.2942,0.9679
HVM-0982,W01,16,37,1,10,1.3531,0.9153
HVM-0982,W01,17,37,1,10,1.3320,0.9408
HVM-0982,W01,18,37,1,10,1.3359,0.9016
HVM-0982,W01,19,37,1,10,1.3087,0.9912
HVM-0982,W01,20,37,1,10,1.2829,0.9336
HVM-0982,W01,21,37,1,10,1.3265,0.9192
HVM-0982,W01,22,37,1,10,1.2775,0.9494
HVM-0982,W01,23,37,1,10,1.3073,0.9687
HVM-0982,W01,24,37,1,10,1.2789,0.9183
HVM-0982,W01,25,37,1,10,1.3638,0.9645
HVM-0982,W01,26,37,4,20,1.3093,0.9226
HVM-0982,W01,27,37,1,10,1.3561,0.9891
HVM-0982,W01,28,37,1,10,1.3469,0.9789
HVM-0982,W01,29,37,1,10,1.3447,0.9414
HVM-0982,W01,30,37,1,10,1.2966,1.0033
HVM-0982,W01,31,37,1,10,1.3288,0.9611
HVM-0982,W01,32,37,1,10,1.3097,0.9462
HVM-0982,W01,33,37,1,10,1.3530,0.9219
HVM-0982,W01,34,37,1,10,1.3957,0.9329
HVM-0982,W01,35,37,1,10,1.3630,0.9711
HVM-0982,W01,36,37,1,10,1.3723,0.9359
HVM-0982,W01,37,37,1,10,1.3177,0.9731
HVM-0982,W01,38,37,3,20,1.3495,0.9474
HVM-0982,W01,39,37,1,10,1.3744,0.9335
HVM-0982,W01,-39,38,1,10,1.1366,0.9871
HVM-0982,W01,-38,38,1,10,1.1405,0.9428
HVM-0982,W01,-37,38,1,10,1.1435,0.9778
HVM-0982,W01,-36,38,1,10,1.1434,0.9549
HVM-0982,W01,-35,38,1,10,1.1514,0.9478
HVM-0982,W01,-34,38,1,10,1.1712,0.9495
HVM-0982,W01,-33,38,1,10,1.1512,0.9510
HVM-0982,W01,-32,38,1,10,1.1244,0.9703
HVM-0982,W01,-31,38,1,10,1.1766,0.9231
HVM-0982,W01,-30,38,3,21,1.1543,0.9390
HVM-0982,W01,-29,38,4,21,1.1806,0.9480
HVM-0982,W01,-28,38,1,10,1.1805,0.9420
HVM-0982,W01,-27,38,1,10,1.1613,0.9781
HVM-0982,W01,-26,38,1,10,1.2234,0.9464
HVM-0982,W01,-25,38,4,30,1.1902,0.9234
HVM-0982,W01,-24,38,1,10,1.1895,0.9349
HVM-0982,W01,-23,38,1,10,1.1625,0.9643
HVM-0982,W01,-22,38,1,10,1.1885,0.8998
HVM-0982,W01,-21,38,1,10,1.2033,0.9334
HVM-0982,W01,-20,38,1,10,1.1767,0.9509
HVM-0982,W01,-19,38,1,10,1.2209,0.9288
HVM-0982,W01,-18,38,1,10,1.1454,0.8947
HVM-0982,W01,-17,38,1,10,1.2336,0.9738
HVM-0982,W01,-16,38,1,10,1.2208,0.9311
HVM-0982,W01,-15,38,1,10,1.2288,0.9148
HVM-0982,W01,-14,38,1,10,1.1936,0.9908
HVM-0982,W01,-13,38,1,10,1.1861,0.9118
HVM-0982,W01,-12,38,1,10,1.2306,0.9214
HVM-0982,W01,-11,38,1,10,1.2387,0.9204
HVM-0982,W01,-10,38,1,10,1.2302,0.9074
HVM-0982,W01,-9,38,1,10,1.2263,0.8978
HVM-0982,W01,-8,38,1,10,1.2605,0.8864
HVM-0982,W01,-7,38,1,10,1.2173,0.8760
HVM-0982,W01,-6,38,1,10,1.2549,0.9220
HVM-0982,W01,-5,38,1,10,1.2357,0.9148
HVM-0982,W01,-4,38,1,10,1.2546,0.9117
HVM-0982,W01,-3,38,1,10,1.2391,0.9492
HVM-0982,W01,-2,38,1,10,1.2365,0.9149
HVM-0982,W01,-1,38,1,10,1.2140,0.9337
HVM-0982,W01,0,38,3,20,1.2602,0.9045
HVM-0982,W01,1,38,1,10,1.2423,0.9080
HVM-0982,W01,2,38,1,10,1.2540,0.9355
HVM-0982,W01,3,38,1,10,1.2533,0.9118
HVM-0982,W01,4,38,1,10,1.2575,0.8756
HVM-0982,W01,5,38,1,10,1.2599,0.9440
HVM-0982,W01,6,38,1,10,1.2898,0.8902
HVM-0982,W01,7,38,1,10,1.2601,0.9000
HVM-0982,W01,8,38,1,10,1.2321,0.9220
HVM-0982,W01,9,38,1,10,1.2907,0.9701
HVM-0982,W01,10,38,1,10,1.2733,0.9562
HVM-0982,W01,11,38,1,10,1.3072,0.9064
HVM-0982,W01,12,38,1,10,1.2760,0.9485
HVM-0982,W01,13,38,1,10,1.3412,0.8570
HVM-0982,W01,14,38,1,10,1.2718,0.9564
HVM-0982,W01,15,38,1,10,1.2825,0.9739
HVM-0982,W01,16,38,1,10,1.3074,0.9067
HVM-0982,W01,17,38,1,10,1.2964,0.9282
HVM-0982,W01,18,38,1,10,1.3062,0.9098
HVM-0982,W01,19,38,1,10,1.3621,0.9497
HVM-0982,W01,20,38,1,10,1.3633,0.8672
HVM-0982,W01,21,38,1,10,1.2877,0.9171
HVM-0982,W01,22,38,1,10,1.3526,0.9009
HVM-0982,W01,23,38,1,10,1.3359,0.9475
HVM-0982,W01,24,38,1,10,1.2871,0.9539
HVM-0982,W01,25,38,1,10,1.2914,0.9259
HVM-0982,W01,26,38,1,10,1.3311,0.9273
HVM-0982,W01,27,38,1,10,1.3325,0.9341
HVM-0982,W01,28,38,1,10,1.3608,0.9550
HVM-0982,W01,29,38,1,10,1.3351,0.9644
HVM-0982,W01,30,38,1,10,1.3210,0.9579
HVM-0982,W01,31,38,1,10,1.3404,0.9715
HVM-0982,W01,32,38,4,20,1.3275,0.8885
HVM-0982,W01,33,38,1,10,1.3799,1.0095
HVM-0982,W01,34,38,1,10,1.3756,0.9755
HVM-0982,W01,35,38,1,10,1.3976,0.9184
HVM-0982,W01,36,38,1,10,1.3987,1.0408
HVM-0982,W01,37,38,2,31,1.3604,0.9315
HVM-0982,W01,38,38,2,31,1.3350,1.0135
HVM-0982,W01,39,38,1,10,1.4170,0.9835
HVM-0982,W01,-38,39,1,10,1.1353,0.9697
HVM-0982,W01,-37,39,1,10,1.1565,0.9370
HVM-0982,W01,-36,39,1,10,1.1730,0.9770
HVM-0982,W01,-35,39,1,10,1.1792,0.9406
HVM-0982,W01,-34,39,1,10,1.1696,0.9283
HVM-0982,W01,-33,39,1,10,1.1349,0.9332
HVM-0982,W01,-32,39,1,10,1.1486,0.9301
HVM-0982,W01,-31,39,1,10,1.1345,0.9405
HVM-0982,W01,-30,39,1,10,1.1748,0.9723
HVM-0982,W01,-29,39,1,10,1.1539,1.0031
HVM-0982,W01,-28,39,1,10,1.1880,0.9671
HVM-0982,W01,-27,39,1,10,1.1809,0.9742
HVM-0982,W01,-26,39,1,10,1.1852,0.9688
HVM-0982,W01,-25,39,1,10,1.1917,0.8791
HVM-0982,W01,-24,39,1,10,1.1581,0.9120
HVM-0982,W01,-23,39,1,10,1.2165,0.9378
HVM-0982,W01,-22,39,1,10,1.1744,0.9146
HVM-0982,W01,-21,39,1,10,1.2016,0.9380
HVM-0982,W01,-20,39,1,10,1.1567,0.9356
HVM-0982,W01,-19,39,1,10,1.1965,0.9202
HVM-0982,W01,-18,39,1,10,1.1666,0.8779
HVM-0982,W01,-17,39,1,10,1.1994,0.9028
HVM-0982,W01,-16,39,1,10,1.2318,0.9050
HVM-0982,W01,-15,39,1,10,1.2161,0.9031
HVM-0982,W01,-14,39,1,10,1.1577,0.9199
HVM-0982,W01,-13,39,1,10,1.1805,0.9663
HVM-0982,W01,-12,39,1,10,1.2161,0.9483
HVM-0982,W01,-11,39,1,10,1.2656,0.9154
HVM-0982,W01,-10,39,1,10,1.1616,0.9083
HVM-0982,W01,-9,39,1,10,1.2553,0.9172
HVM-0982,W01,-8,39,1,10,1.2595,0.9709
HVM-0982,W01,-7,39,2,21,1.2345,0.9219
HVM-0982,W01,-6,39,1,10,1.2425,0.9305
HVM-0982,W01,-5,39,1,10,1.2171,0.9671
HVM-0982,W01,-4,39,1,10,1.2689,0.9306
HVM-0982,W01,-3,39,1,10,1.2523,0.9294
HVM-0982,W01,-2,39,1,10,1.2703,0.8861
HVM-0982,W01,-1,39,1,10,1.2641,0.9120
HVM-0982,W01,0,39,1,10,1.2831,0.9222
HVM-0982,W01,1,39,1,10,1.2525,0.9401
HVM-0982,W01,2,39,1,10,1.2743,0.8843
HVM-0982,W01,3,39,1,10,1.2621,0.9548
HVM-0982,W01,4,39,1,10,1.3048,0.9364
HVM-0982,W01,5,39,1,10,1.2455,0.9257
HVM-0982,W01,6,39,1,10,1.2625,0.9329
HVM-0982,W01,7,39,1,10,1.3027,0.8995
HVM-0982,W01,8,39,1,10,1.3158,0.9024
HVM-0982,W01,9,39,1,10,1.3015,0.8939
HVM-0982,W01,10,39,1,10,1.2943,0.9221
HVM-0982,W01,11,39,1,10,1.3066,0.9185
HVM-0982,W01,12,39,1,10,1.2821,0.9428
HVM-0982,W01,13,39,1,10,1.3050,0.9131
HVM-0982,W01,14,39,1,10,1.2721,0.9173
HVM-0982,W01,15,39,1,10,1.3104,0.9020
HVM-0982,W01,16,39,1,10,1.2886,0.9197
HVM-0982,W01,17,39,1,10,1.3210,0.9350
HVM-0982,W01,18,39,1,10,1.2962,0.9076
HVM-0982,W01,19,39,1,10,1.2856,0.9605
HVM-0982,W01,20,39,1,10,1.3481,0.9112
HVM-0982,W01,21,39,2,21,1.3577,0.9748
HVM-0982,W01,22,39,1,10,1.2920,0.9343
HVM-0982,W01,23,39,1,10,1.3430,0.9329
HVM-0982,W01,24,39,1,10,1.3214,0.9675
HVM-0982,W01,25,39,1,10,1.3370,0.9536
HVM-0982,W01,26,39,1,10,1.3293,0.9267
HVM-0982,W01,27,39,1,10,1.3163,0.9357
HVM-0982,W01,28,39,1,10,1.3566,0.9877
HVM-0982,W01,29,39,1,10,1.3426,0.9501
HVM-0982,W01,30,39,1,10,1.3189,0.9689
HVM-0982,W01,31,39,1,10,1.3540,0.9418
HVM-0982,W01,32,39,1,10,1.3792,0.9511
HVM-0982,W01,33,39,1,10,1.3708,0.9106
HVM-0982,W01,34,39,1,10,1.3475,0.9478
HVM-0982,W01,35,39,1,10,1.3831,0.9564
HVM-0982,W01,36,39,1,10,1.3953,0.9786
HVM-0982,W01,37,39,2,30,1.3539,0.9699
HVM-0982,W01,38,39,1,10,1.3806,0.9759
HVM-0982,W01,-38,40,1,10,1.1509,0.8711
HVM-0982,W01,-37,40,1,10,1.1066,0.9625
HVM-0982,W01,-36,40,1,10,1.1277,0.9137
HVM-0982,W01,-35,40,1,10,1.1691,0.9836
HVM-0982,W01,-34,40,1,10,1.1679,0.9327
HVM-0982,W01,-33,40,1,10,1.1535,0.9562
HVM-0982,W01,-32,40,1,10,1.1533,0.9771
HVM-0982,W01,-31,40,1,10,1.1547,0.9280
HVM-0982,W01,-30,40,1,10,1.1790,0.9385
HVM-0982,W01,-29,40,1,10,1.1627,0.9704
HVM-0982,W01,-28,40,1,10,1.1919,0.9858
HVM-0982,W01,-27,40,1,10,1.1239,0.9314
HVM-0982,W01,-26,40,1,10,1.1961,0.9163
HVM-0982,W01,-25,40,1,10,1.1962,0.9482
HVM-0982,W01,-24,40,1,10,1.2260,0.9111
HVM-0982,W01,-23,40,3,31,1.2222,0.9079
HVM-0982,W01,-22,40,1,10,1.1681,0.9617
HVM-0982,W01,-21,40,1,10,1.2093,0.9759
HVM-0982,W01,-20,40,1,10,1.1901,0.9298
HVM-0982,W01,-19,40,1,10,1.2044,0.9299
HVM-0982,W01,-18,40,1,10,1.1942,0.9161
HVM-0982,W01,-17,40,1,10,1.2564,0.9071
HVM-0982,W01,-16,40,1,10,1.1780,0.9531
HVM-0982,W01,-15,40,1,10,1.2034,0.9525
HVM-0982,W01,-14,40,1,10,1.2290,0.9200
HVM-0982,W01,-13,40,1,10,1.1949,0.9723
HVM-0982,W01,-12,40,1,10,1.1935,0.9345
HVM-0982,W01,-11,40,1,10,1.2123,0.9027
HVM-0982,W01,-10,40,1,10,1.2170,0.9484
HVM-0982,W01,-9,40,1,10,1.2678,0.8877
HVM-0982,W01,-8,40,1,10,1.2441,0.9411
HVM-0982,W01,-7,40,2,30,1.2308,0.9365
HVM-0982,W01,-6,40,1,10,1.2245,0.9210
HVM-0982,W01,-5,40,1,10,1.2313,0.9319
HVM-0982,W01,-4,40,3,20,1.2618,0.9152
HVM-0982,W01,-3,40,1,10,1.2279,0.9110
HVM-0982,W01,-2,40,1,10,1.2892,0.8926
HVM-0982,W01,-1,40,1,10,1.2848,0.9319
HVM-0982,W01,0,40,1,10,1.2776,0.9445
HVM-0982,W01,1,40,1,10,1.2634,0.9220
HVM-0982,W01,2,40,1,10,1.2323,0.9094
HVM-0982,W01,3,40,1,10,1.2632,0.9531
HVM-0982,W01,4,40,1,10,1.2577,0.9459
HVM-0982,W01,5,40,1,10,1.2805,0.9465
HVM-0982,W01,6,40,1,10,1.2858,0.9454
HVM-0982,W01,7,40,1,10,1.2750,0.9532
HVM-0982,W01,8,40,1,10,1.2776,0.9296
HVM-0982,W01,9,40,1,10,1.2553,0.8981
HVM-0982,W01,10,40,1,10,1.2732,0.9714
HVM-0982,W01,11,40,1,10,1.2943,0.9613
HVM-0982,W01,12,40,1,10,1.2868,0.9462
HVM-0982,W01,13,40,1,10,1.3221,0.9991
HVM-0982,W01,14,40,1,10,1.3163,0.9342
HVM-0982,W01,15,40,1,10,1.2870,0.9579
HVM-0982,W01,16,40,1,10,1.3384,0.9143
HVM-0982,W01,17,40,1,10,1.3520,0.9415
HVM-0982,W01,18,40,1,10,1.3509,0.9750
HVM-0982,W01,19,40,1,10,1.3213,0.9500
HVM-0982,W01,20,40,1,10,1.3295,0.9240
HVM-0982,W01,21,40,1,10,1.3598,0.9443
HVM-0982,W01,22,40,1,10,1.2961,0.9252
HVM-0982,W01,23,40,1,10,1.3178,0.9276
HVM-0982,W01,24,40,2,31,1.3313,0.9358
HVM-0982,W01,25,40,3,21,1.3493,0.9294
HVM-0982,W01,26,40,1,10,1.3250,0.9792
HVM-0982,W01,27,40,1,10,1.3444,0.9491
HVM-0982,W01,28,40,1,10,1.3215,0.9132
HVM-0982,W01,29,40,1,10,1.3345,0.9633
HVM-0982,W01,30,40,1,10,1.3223,0.9476
HVM-0982,W01,31,40,1,10,1.3926,0.9373
HVM-0982,W01,32,40,1,10,1.3435,0.9639
HVM-0982,W01,33,40,1,10,1.3698,0.9472
HVM-0982,W01,34,40,1,10,1.3650,0.9497
HVM-0982,W01,35,40,1,10,1.3906,0.9783
HVM-0982,W01,36,40,1,10,1.3618,0.9481
HVM-0982,W01,37,40,2,20,1.3889,0.9805
HVM-0982,W01,38,40,3,30,1.3688,0.9594
HVM-0982,W01,-37,41,1,10,1.1406,0.9898
HVM-0982,W01,-36,41,1,10,1.1777,0.9917
HVM-0982,W01,-35,41,1,10,1.1773,0.9988
HVM-0982,W01,-34,41,1,10,1.1765,0.9084
HVM-0982,W01,-33,41,1,10,1.1871,1.0093
HVM-0982,W01,-32,41,1,10,1.1860,0.9570
HVM-0982,W01,-31,41,1,10,1.2068,0.9712
HVM-0982,W01,-30,41,1,10,1.1482,0.9358
HVM-0982,W01,-29,41,1,10,1.1901,0.9489
HVM-0982,W01,-28,41,1,10,1.1549,0.8893
HVM-0982,W01,-27,41,1,10,1.2491,0.9742
HVM-0982,W01,-26,41,1,10,1.1551,0.9451
HVM-0982,W01,-25,41,1,10,1.1997,0.9662
HVM-0982,W01,-24,41,1,10,1.2099,1.0047
HVM-0982,W01,-23,41,1,10,1.2114,0.9941
HVM-0982,W01,-22,41,1,10,1.1652,0.9383
HVM-0982,W01,-21,41,1,10,1.1881,0.9555
HVM-0982,W01,-20,41,1,10,1.2537,0.9625
HVM-0982,W01,-19,41,1,10,1.1756,0.9509
HVM-0982,W01,-18,41,1,10,1.2091,0.9855
HVM-0982,W01,-17,41,1,10,1.2283,0.9250
HVM-0982,W01,-16,41,1,10,1.2169,0.9191
HVM-0982,W01,-15,41,1,10,1.2578,0.9182
HVM-0982,W01,-14,41,1,10,1.2177,0.9054
HVM-0982,W01,-13,41,1,10,1.2439,0.9318
HVM-0982,W01,-12,41,1,10,1.2402,0.9340
HVM-0982,W01,-11,41,1,10,1.2746,0.9270
HVM-0982,W01,-10,41,3,20,1.2464,0.9223
HVM-0982,W01,-9,41,1,10,1.2198,0.9502
HVM-0982,W01,-8,41,1,10,1.2421,0.9511
HVM-0982,W01,-7,41,1,10,1.2946,0.9081
HVM-0982,W01,-6,41,1,10,1.2599,0.9386
HVM-0982,W01,-5,41,1,10,1.2483,0.9511
HVM-0982,W01,-4,41,1,10,1.2553,0.9085
HVM-0982,W01,-3,41,1,10,1.2689,0.9619
HVM-0982,W01,-2,41,2,30,1.2956,0.8695
HVM-0982,W01,-1,41,1,10,1.2909,0.9283
HVM-0982,W01,0,41,1,10,1.2125,0.9390
HVM-0982,W01,1,41,2,20,1.2637,0.8903
HVM-0982,W01,2,41,1,10,1.2574,0.9146
HVM-0982,W01,3,41,1,10,1.2658,0.9174
HVM-0982,W01,4,41,1,10,1.2477,0.9052
HVM-0982,W01,5,41,1,10,1.2953,0.9185
HVM-0982,W01,6,41,1,10,1.3049,0.9158
HVM-0982,W01,7,41,1,10,1.2909,0.9368
HVM-0982,W01,8,41,1,10,1.2612,0.8883
HVM-0982,W01,9,41,1,10,1.2612,0.9679
HVM-0982,W01,10,41,1,10,1.2667,0.8991
HVM-0982,W01,11,41,1,10,1.2596,0.9271
HVM-0982,W01,12,41,2,21,1.3039,0.8994
HVM-0982,W01,13,41,1,10,1.2928,0.9178
HVM-0982,W01,14,41,1,10,1.3203,0.8985
HVM-0982,W01,15,41,1,10,1.2361,0.9479
HVM-0982,W01,16,41,1,10,1.3161,0.9508
HVM-0982,W01,17,41,1,10,1.3178,0.9323
HVM-0982,W01,18,41,1,10,1.3092,0.9637
HVM-0982,W01,19,41,1,10,1.3164,0.9662
HVM-0982,W01,20,41,4,21,1.3037,0.9400
HVM-0982,W01,21,41,1,10,1.3457,0.9154
HVM-0982,W01,22,41,1,10,1.3277,0.9471
HVM-0982,W01,23,41,1,10,1.3855,0.9581
HVM-0982,W01,24,41,1,10,1.3072,0.9130
HVM-0982,W01,25,41,1,10,1.3399,0.9492
HVM-0982,W01,26,41,1,10,1.3807,0.9432
HVM-0982,W01,27,41,1,10,1.3825,0.8994
HVM-0982,W01,28,41,1,10,1.3863,0.9722
HVM-0982,W01,29,41,1,10,1.3576,0.9740
HVM-0982,W01,30,41,1,10,1.3492,0.8970
HVM-0982,W01,31,41,1,10,1.3326,0.9878
HVM-0982,W01,32,41,1,10,1.3840,0.9093
HVM-0982,W01,33,41,1,10,1.3687,1.0066
HVM-0982,W01,34,41,1,10,1.3841,0.9425
HVM-0982,W01,35,41,1,10,1.3610,0.9340
HVM-0982,W01,36,41,1,10,1.3218,0.9370
HVM-0982,W01,37,41,1,10,1.3155,0.9768
HVM-0982,W01,-36,42,2,30,1.1236,1.0024
HVM-0982,W01,-35,42,1,10,1.1406,0.9506
HVM-0982,W01,-34,42,1,10,1.1846,0.9252
HVM-0982,W01,-33,42,1,10,1.1303,0.9333
HVM-0982,W01,-32,42,1,10,1.1649,0.9631
HVM-0982,W01,-31,42,1,10,1.1460,1.0097
HVM-0982,W01,-30,42,1,10,1.1852,1.0088
HVM-0982,W01,-29,42,1,10,1.1934,0.9740
HVM-0982,W01,-28,42,1,10,1.1797,0.9880
HVM-0982,W01,-27,42,1,10,1.1842,0.9419
HVM-0982,W01,-26,42,1,10,1.2043,0.9222
HVM-0982,W01,-25,42,1,10,1.1579,0.9711
HVM-0982,W01,-24,42,1,10,1.2232,0.9098
HVM-0982,W01,-23,42,1,10,1.1694,0.9611
HVM-0982,W01,-22,42,1,10,1.2299,0.9115
HVM-0982,W01,-21,42,1,10,1.1948,0.9484
HVM-0982,W01,-20,42,1,10,1.2604,0.9301
HVM-0982,W01,-19,42,1,10,1.1965,0.9674
HVM-0982,W01,-18,42,1,10,1.1964,0.9193
HVM-0982,W01,-17,42,1,10,1.1957,0.9497
HVM-0982,W01,-16,42,1,10,1.2263,0.9120
HVM-0982,W01,-15,42,1,10,1.2217,0.9396
HVM-0982,W01,-14,42,1,10,1.2070,0.9516
HVM-0982,W01,-13,42,1,10,1.2410,0.9541
HVM-0982,W01,-12,42,1,10,1.2210,0.9331
HVM-0982,W01,-11,42,1,10,1.2330,0.9477
HVM-0982,W01,-10,42,1,10,1.2257,0.9630
HVM-0982,W01,-9,42,2,31,1.2584,0.9733
HVM-0982,W01,-8,42,1,10,1.2427,0.9534
HVM-0982,W01,-7,42,1,10,1.2342,0.8874
HVM-0982,W01,-6,42,1,10,1.2933,0.9657
HVM-0982,W01,-5,42,1,10,1.2392,0.9449
HVM-0982,W01,-4,42,1,10,1.2687,0.9285
HVM-0982,W01,-3,42,1,10,1.2187,0.9207
HVM-0982,W01,-2,42,1,10,1.2433,0.9310
HVM-0982,W01,-1,42,1,10,1.2624,0.9242
HVM-0982,W01,0,42,1,10,1.2370,0.9433
HVM-0982,W01,1,42,1,10,1.2593,0.9748
HVM-0982,W01,2,42,1,10,1.2191,0.8864
HVM-0982,W01,3,42,1,10,1.3008,0.9293
HVM-0982,W01,4,42,1,10,1.2728,0.9652
HVM-0982,W01,5,42,1,10,1.3660,0.8846
HVM-0982,W01,6,42,1,10,1.2761,0.9331
HVM-0982,W01,7,42,1,10,1.2878,0.9540
HVM-0982,W01,8,42,1,10,1.2744,0.9202
HVM-0982,W01,9,42,1,10,1.3131,0.8957
HVM-0982,W01,10,42,1,10,1.2945,0.9845
HVM-0982,W01,11,42,1,10,1.3287,0.9277
HVM-0982,W01,12,42,1,10,1.3026,0.9757
HVM-0982,W01,13,42,1,10,1.2839,0.9709
HVM-0982,W01,14,42,1,10,1.2809,0.9334
HVM-0982,W01,15,42,1,10,1.2804,0.9135
HVM-0982,W01,16,42,1,10,1.3304,0.9441
HVM-0982,W01,17,42,1,10,1.2613,0.9563
HVM-0982,W01,18,42,1,10,1.3373,0.9228
HVM-0982,W01,19,42,1,10,1.3501,0.9028
HVM-0982,W01,20,42,1,10,1.3158,0.9466
HVM-0982,W01,21,42,1,10,1.3439,0.9493
HVM-0982,W01,22,42,1,10,1.3191,0.9507
HVM-0982,W01,23,42,1,10,1.3552,0.9124
HVM-0982,W01,24,42,1,10,1.3203,0.9054
HVM-0982,W01,25,42,1,10,1.3588,1.0018
HVM-0982,W01,26,42,1,10,1.3883,0.9723
HVM-0982,W01,27,42,1,10,1.3424,0.9634
HVM-0982,W01,28,42,1,10,1.4027,0.9674
HVM-0982,W01,29,42,1,10,1.3766,0.9924
HVM-0982,W01,30,42,1,10,1.3727,0.9271
HVM-0982,W01,31,42,2,30,1.3269,0.9865
HVM-0982,W01,32,42,1,10,1.3314,0.9383
HVM-0982,W01,33,42,1,10,1.3855,0.9685
HVM-0982,W01,34,42,1,10,1.3666,0.9840
HVM-0982,W01,35,42,4,30,1.3760,0.9744
HVM-0982,W01,36,42,4,21,1.3321,0.9684
HVM-0982,W01,-36,43,1,10,1.1843,1.0027
HVM-0982,W01,-35,43,1,10,1.1722,0.9229
HVM-0982,W01,-34,43,1,10,1.1871,0.9780
HVM-0982,W01,-33,43,1,10,1.1535,0.9826
HVM-0982,W01,-32,43,1,10,1.1356,0.9998
HVM-0982,W01,-31,43,1,10,1.1784,0.9421
HVM-0982,W01,-30,43,1,10,1.2121,0.9808
HVM-0982,W01,-29,43,1,10,1.1472,0.9408
HVM-0982,W01,-28,43,1,10,1.1725,0.9451
HVM-0982,W01,-27,43,1,10,1.1813,0.9159
HVM-0982,W01,-26,43,1,10,1.1791,0.9904
HVM-0982,W01,-25,43,1,10,1.1898,0.8885
HVM-0982,W01,-24,43,1,10,1.2119,0.9692
HVM-0982,W01,-23,43,1,10,1.1876,0.9424
HVM-0982,W01,-22,43,1,10,1.1784,0.9728
HVM-0982,W01,-21,43,1,10,1.1799,0.9437
HVM-0982,W01,-20,43,1,10,1.1974,0.9112
HVM-0982,W01,-19,43,1,10,1.1996,0.9252
HVM-0982,W01,-18,43,1,10,1.2310,0.9271
HVM-0982,W01,-17,43,1,10,1.2100,0.9115
HVM-0982,W01,-16,43,1,10,1.1902,0.9662
HVM-0982,W01,-15,43,1,10,1.2540,0.9436
HVM-0982,W01,-14,43,1,10,1.1959,0.9557
HVM-0982,W01,-13,43,1,10,1.1854,0.9541
HVM-0982,W01,-12,43,1,10,1.2352,0.9811
HVM-0982,W01,-11,43,1,10,1.2138,0.9344
HVM-0982,W01,-10,43,1,10,1.2388,0.9287
HVM-0982,W01,-9,43,1,10,1.2359,0.9372
HVM-0982,W01,-8,43,1,10,1.2565,0.9578
HVM-0982,W01,-7,43,1,10,1.2250,0.8996
HVM-0982,W01,-6,43,1,10,1.2564,0.9499
HVM-0982,W01,-5,43,1,10,1.1994,0.9872
HVM-0982,W01,-4,43,1,10,1.2309,0.8937
HVM-0982,W01,-3,43,1,10,1.2606,0.9165
HVM-0982,W01,-2,43,1,10,1.2299,0.9074
HVM-0982,W01,-1,43,1,10,1.2677,0.9289
HVM-0982,W01,0,43,1,10,1.2425,0.9333
HVM-0982,W01,1,43,1,10,1.2884,0.9666
HVM-0982,W01,2,43,1,10,1.2552,0.9334
HVM-0982,W01,3,43,1,10,1.2380,0.9011
HVM-0982,W01,4,43,1,10,1.2537,0.9453
HVM-0982,W01,5,43,1,10,1.2834,0.9483
HVM-0982,W01,6,43,3,30,1.3105,0.8878
HVM-0982,W01,7,43,1,10,1.2352,0.9646
HVM-0982,W01,8,43,1,10,1.2836,0.9271
HVM-0982,W01,9,43,1,10,1.2818,0.9115
HVM-0982,W01,10,43,4,21,1.3630,0.9285
HVM-0982,W01,11,43,1,10,1.2754,0.9111
HVM-0982,W01,12,43,1,10,1.2966,0.9821
HVM-0982,W01,13,43,1,10,1.2584,0.8957
HVM-0982,W01,14,43,1,10,1.3008,0.9217
HVM-0982,W01,15,43,1,10,1.2971,0.9401
HVM-0982,W01,16,43,1,10,1.2978,0.9323
HVM-0982,W01,17,43,1,10,1.3026,0.9525
HVM-0982,W01,18,43,1,10,1.3232,0.8940
HVM-0982,W01,19,43,1,10,1.3497,0.9347
HVM-0982,W01,20,43,1,10,1.3096,0.9881
HVM-0982,W01,21,43,1,10,1.3109,0.9462
HVM-0982,W01,22,43,1,10,1.3276,0.9796
HVM-0982,W01,23,43,1,10,1.3394,0.9484
HVM-0982,W01,24,43,1,10,1.3518,0.9487
HVM-0982,W01,25,43,1,10,1.2931,0.9945
HVM-0982,W01,26,43,1,10,1.3391,0.9288
HVM-0982,W01,27,43,1,10,1.3448,0.9180
HVM-0982,W01,28,43,1,10,1.3226,0.9339
HVM-0982,W01,29,43,1,10,1.2882,0.9475
HVM-0982,W01,30,43,1,10,1.3521,0.9484
HVM-0982,W01,31,43,1,10,1.3507,0.9914
HVM-0982,W01,32,43,1,10,1.4088,0.9498
HVM-0982,W01,33,43,2,20,1.3657,0.9467
HVM-0982,W01,34,43,1,10,1.3807,0.9652
HVM-0982,W01,35,43,1,10,1.3427,0.9959
HVM-0982,W01,36,43,1,10,1.3279,0.9433
HVM-0982,W01,-35,44,3,31,1.1824,0.9167
HVM-0982,W01,-34,44,4,31,1.1388,0.9508
HVM-0982,W01,-33,44,3,31,1.1912,0.9429
HVM-0982,W01,-32,44,1,10,1.1542,0.9081
HVM-0982,W01,-31,44,1,10,1.1508,0.9197
HVM-0982,W01,-30,44,1,10,1.1355,0.9483
HVM-0982,W01,-29,44,1,10,1.1421,0.9727
HVM-0982,W01,-28,44,1,10,1.1716,0.9455
HVM-0982,W01,-27,44,1,10,1.2063,0.9861
HVM-0982,W01,-26,44,1,10,1.2123,0.9313
HVM-0982,W01,-25,44,1,10,1.1469,0.9378
HVM-0982,W01,-24,44,1,10,1.1862,0.9611
HVM-0982,W01,-23,44,1,10,1.1935,0.9556
HVM-0982,W01,-22,44,1,10,1.2240,0.9026
HVM-0982,W01,-21,44,1,10,1.1988,0.9780
HVM-0982,W01,-20,44,1,10,1.1793,0.9321
HVM-0982,W01,-19,44,1,10,1.1978,0.9075
HVM-0982,W01,-18,44,1,10,1.2282,0.9361
HVM-0982,W01,-17,44,1,10,1.2038,0.8877
HVM-0982,W01,-16,44,1,10,1.2491,0.9305
HVM-0982,W01,-15,44,1,10,1.2335,0.9775
HVM-0982,W01,-14,44,1,10,1.2256,0.9646
HVM-0982,W01,-13,44,1,10,1.2238,0.9553
HVM-0982,W01,-12,44,1,10,1.2071,0.9052
HVM-0982,W01,-11,44,1,10,1.1648,0.9174
HVM-0982,W01,-10,44,1,10,1.2378,0.9498
HVM-0982,W01,-9,44,1,10,1.2371,0.9143
HVM-0982,W01,-8,44,1,10,1.2000,0.8983
HVM-0982,W01,-7,44,1,10,1.2868,0.8929
HVM-0982,W01,-6,44,1,10,1.2506,0.9000
HVM-0982,W01,-5,44,1,10,1.2709,0.9352
HVM-0982,W01,-4,44,1,10,1.2350,0.9268
HVM-0982,W01,-3,44,1,10,1.2406,0.9222
HVM-0982,W01,-2,44,1,10,1.2457,0.9117
HVM-0982,W01,-1,44,1,10,1.2687,0.9215
HVM-0982,W01,0,44,1,10,1.2841,0.9576
HVM-0982,W01,1,44,1,10,1.2689,0.9591
HVM-0982,W01,2,44,1,10,1.2859,0.9369
HVM-0982,W01,3,44,1,10,1.2534,0.9244
HVM-0982,W01,4,44,1,10,1.2913,0.9061
HVM-0982,W01,5,44,1,10,1.2994,0.9277
HVM-0982,W01,6,44,1,10,1.2620,0.9989
HVM-0982,W01,7,44,1,10,1.2494,0.9200
HVM-0982,W01,8,44,1,10,1.2950,0.9312
HVM-0982,W01,9,44,3,30,1.2911,0.9439
HVM-0982,W01,10,44,1,10,1.3411,0.9238
HVM-0982,W01,11,44,1,10,1.3155,0.9329
HVM-0982,W01,12,44,1,10,1.2697,0.9354
HVM-0982,W01,13,44,1,10,1.2856,0.9913
HVM-0982,W01,14,44,1,10,1.3433,0.9611
HVM-0982,W01,15,44,1,10,1.3331,0.9304
HVM-0982,W01,16,44,1,10,1.2927,0.9747
HVM-0982,W01,17,44,1,10,1.2971,0.9183
HVM-0982,W01,18,44,1,10,1.3061,0.9080
HVM-0982,W01,19,44,1,10,1.3098,0.9304
HVM-0982,W01,20,44,1,10,1.3308,0.9120
HVM-0982,W01,21,44,1,10,1.3482,0.9760
HVM-0982,W01,22,44,1,10,1.3663,0.9533
HVM-0982,W01,23,44,1,10,1.3300,0.9589
HVM-0982,W01,24,44,1,10,1.3521,0.9635
HVM-0982,W01,25,44,1,10,1.3432,0.9329
HVM-0982,W01,26,44,1,10,1.3488,0.9400
HVM-0982,W01,27,44,1,10,1.3097,0.9686
HVM-0982,W01,28,44,1,10,1.3833,0.9506
HVM-0982,W01,29,44,2,30,1.3747,0.9633
HVM-0982,W01,30,44,1,10,1.3602,0.9431
HVM-0982,W01,31,44,1,10,1.3733,0.9095
HVM-0982,W01,32,44,1,10,1.3714,0.9484
HVM-0982,W01,33,44,1,10,1.3762,0.9780
HVM-0982,W01,34,44,1,10,1.3766,0.9898
HVM-0982,W01,35,44,1,10,1.3724,0.9574
HVM-0982,W01,-34,45,2,20,1.1416,0.9528
HVM-0982,W01,-33,45,1,10,1.1634,0.9502
HVM-0982,W01,-32,45,2,30,1.1972,0.9385
HVM-0982,W01,-31,45,1,10,1.1663,0.9852
HVM-0982,W01,-30,45,1,10,1.1816,0.9907
HVM-0982,W01,-29,45,1,10,1.1204,0.9507
HVM-0982,W01,-28,45,1,10,1.2087,0.9101
HVM-0982,W01,-27,45,1,10,1.1951,0.9840
HVM-0982,W01,-26,45,1,10,1.1900,0.9164
HVM-0982,W01,-25,45,1,10,1.2080,0.9668
HVM-0982,W01,-24,45,1,10,1.1799,0.9310
HVM-0982,W01,-23,45,1,10,1.2295,0.9503
HVM-0982,W01,-22,45,1,10,1.2438,0.9619
HVM-0982,W01,-21,45,1,10,1.2403,0.8920
HVM-0982,W01,-20,45,1,10,1.2232,0.9800
HVM-0982,W01,-19,45,1,10,1.1939,0.9588
HVM-0982,W01,-18,45,1,10,1.2148,0.9361
HVM-0982,W01,-17,45,1,10,1.2082,0.9230
HVM-0982,W01,-16,45,1,10,1.1795,0.9558
HVM-0982,W01,-15,45,1,10,1.2304,0.9644
HVM-0982,W01,-14,45,1,10,1.2185,0.9669
HVM-0982,W01,-13,45,1,10,1.2372,0.9169
HVM-0982,W01,-12,45,1,10,1.2151,0.9492
HVM-0982,W01,-11,45,1,10,1.2200,0.9722
HVM-0982,W01,-10,45,1,10,1.2702,0.9429
HVM-0982,W01,-9,45,1,10,1.2604,0.9254
HVM-0982,W01,-8,45,1,10,1.2622,0.9394
HVM-0982,W01,-7,45,1,10,1.2247,0.9274
HVM-0982,W01,-6,45,1,10,1.2652,0.9474
HVM-0982,W01,-5,45,1,10,1.2476,0.9316
HVM-0982,W01,-4,45,1,10,1.2716,0.9114
HVM-0982,W01,-3,45,1,10,1.2689,0.9102
HVM-0982,W01,-2,45,1,10,1.2878,0.9552
HVM-0982,W01,-1,45,1,10,1.2609,0.9694
HVM-0982,W01,0,45,1,10,1.2462,0.9071
HVM-0982,W01,1,45,1,10,1.2645,0.9160
HVM-0982,W01,2,45,1,10,1.2810,0.8975
HVM-0982,W01,3,45,1,10,1.2898,0.8896
HVM-0982,W01,4,45,1,10,1.2767,0.9328
HVM-0982,W01,5,45,1,10,1.2396,0.9291
HVM-0982,W01,6,45,1,10,1.2756,0.9442
HVM-0982,W01,7,45,1,10,1.2514,0.9331
HVM-0982,W01,8,45,1,10,1.3354,0.9679
HVM-0982,W01,9,45,1,10,1.2981,0.9800
HVM-0982,W01,10,45,1,10,1.2972,0.9172
HVM-0982,W01,11,45,1,10,1.2795,0.9182
HVM-0982,W01,12,45,1,10,1.3086,0.9710
HVM-0982,W01,13,45,1,10,1.3254,0.9460
HVM-0982,W01,14,45,1,10,1.3204,0.9536
HVM-0982,W01,15,45,1,10,1.3045,0.9349
HVM-0982,W01,16,45,1,10,1.3322,0.8944
HVM-0982,W01,17,45,1,10,1.2955,0.9665
HVM-0982,W01,18,45,1,10,1.3686,0.9631
HVM-0982,W01,19,45,1,10,1.3251,0.9465
HVM-0982,W01,20,45,1,10,1.3451,0.9233
HVM-0982,W01,21,45,1,10,1.3217,0.9665
HVM-0982,W01,22,45,1,10,1.2608,0.9379
HVM-0982,W01,23,45,1,10,1.3448,1.0029
HVM-0982,W01,24,45,1,10,1.3565,0.9026
HVM-0982,W01,25,45,1,10,1.3690,0.9927
HVM-0982,W01,26,45,1,10,1.3497,0.9763
HVM-0982,W01,27,45,1,10,1.3291,0.9486
HVM-0982,W01,28,45,1,10,1.2932,0.9647
HVM-0982,W01,29,45,1,10,1.3693,0.9695
HVM-0982,W01,30,45,1,10,1.3520,0.9937
HVM-0982,W01,31,45,1,10,1.3889,0.9877
HVM-0982,W01,32,45,1,10,1.3965,0.9661
HVM-0982,W01,33,45,2,30,1.3934,0.9586
HVM-0982,W01,34,45,1,10,1.3802,0.9593
HVM-0982,W01,-34,46,1,10,1.1387,0.9605
HVM-0982,W01,-33,46,1,10,1.1624,0.9878
HVM-0982,W01,-32,46,1,10,1.1655,0.9503
HVM-0982,W01,-31,46,1,10,1.1787,1.0004
HVM-0982,W01,-30,46,1,10,1.1955,0.9699
HVM-0982,W01,-29,46,1,10,1.1661,0.9534
HVM-0982,W01,-28,46,1,10,1.1665,0.9426
HVM-0982,W01,-27,46,1,10,1.2074,0.9104
HVM-0982,W01,-26,46,1,10,1.2199,0.9178
HVM-0982,W01,-25,46,1,10,1.1713,0.9508
HVM-0982,W01,-24,46,1,10,1.2069,0.9454
HVM-0982,W01,-23,46,1,10,1.2436,0.9306
HVM-0982,W01,-22,46,1,10,1.2015,0.9626
HVM-0982,W01,-21,46,1,10,1.2154,0.9102
HVM-0982,W01,-20,46,1,10,1.2602,0.9551
HVM-0982,W01,-19,46,1,10,1.1960,0.9514
HVM-0982,W01,-18,46,1,10,1.2545,0.9084
HVM-0982,W01,-17,46,1,10,1.2204,0.9349
HVM-0982,W01,-16,46,1,10,1.2653,0.9714
HVM-0982,W01,-15,46,1,10,1.2241,0.9459
HVM-0982,W01,-14,46,1,10,1.2342,0.9411
HVM-0982,W01,-13,46,1,10,1.2316,0.9389
HVM-0982,W01,-12,46,1,10,1.2302,0.9868
HVM-0982,W01,-11,46,1,10,1.2359,0.9219
HVM-0982,W01,-10,46,1,10,1.2315,0.9431
HVM-0982,W01,-9,46,1,10,1.2068,0.9979
HVM-0982,W01,-8,46,1,10,1.2879,0.9226
HVM-0982,W01,-7,46,1,10,1.2276,0.9681
HVM-0982,W01,-6,46,1,10,1.2484,0.9060
HVM-0982,W01,-5,46,1,10,1.2781,0.8981
HVM-0982,W01,-4,46,1,10,1.2351,0.8961
HVM-0982,W01,-3,46,1,10,1.2368,0.9286
HVM-0982,W01,-2,46,1,10,1.2178,0.9077
HVM-0982,W01,-1,46,1,10,1.2934,0.9800
HVM-0982,W01,0,46,1,10,1.2386,0.9494
HVM-0982,W01,1,46,1,10,1.2880,0.9452
HVM-0982,W01,2,46,1,10,1.2363,0.9307
HVM-0982,W01,3,46,1,10,1.2660,0.9219
HVM-0982,W01,4,46,1,10,1.2914,0.9511
HVM-0982,W01,5,46,1,10,1.2534,0.9406
HVM-0982,W01,6,46,1,10,1.3080,0.9309
HVM-0982,W01,7,46,1,10,1.2500,0.9835
HVM-0982,W01,8,46,1,10,1.2673,0.9491
HVM-0982,W01,9,46,1,10,1.3127,0.9719
HVM-0982,W01,10,46,1,10,1.2611,0.9130
HVM-0982,W01,11,46,1,10,1.2965,0.9392
HVM-0982,W01,12,46,1,10,1.3051,0.9289
HVM-0982,W01,13,46,1,10,1.3075,0.9232
HVM-0982,W01,14,46,1,10,1.3024,1.0257
HVM-0982,W01,15,46,1,10,1.3047,0.9490
HVM-0982,W01,16,46,1,10,1.3464,0.9450
HVM-0982,W01,17,46,1,10,1.2788,0.9320
HVM-0982,W01,18,46,1,10,1.3647,0.9660
HVM-0982,W01,19,46,1,10,1.3082,0.9478
HVM-0982,W01,20,46,1,10,1.3464,0.9141
HVM-0982,W01,21,46,1,10,1.3610,0.9164
HVM-0982,W01,22,46,1,10,1.3248,0.9583
HVM-0982,W01,23,46,1,10,1.3458,0.9879
HVM-0982,W01,24,46,1,10,1.3514,0.9226
HVM-0982,W01,25,46,1,10,1.3026,0.9428
HVM-0982,W01,26,46,1,10,1.3479,0.9444
HVM-0982,W01,27,46,4,30,1.3904,0.9222
HVM-0982,W01,28,46,1,10,1.3258,0.9477
HVM-0982,W01,29,46,1,10,1.3849,0.9287
HVM-0982,W01,30,46,1,10,1.3841,0.9674
HVM-0982,W01,31,46,1,10,1.3356,0.9615
HVM-0982,W01,32,46,2,31,1.3202,0.9570
HVM-0982,W01,33,46,3,20,1.3528,0.9919
HVM-0982,W01,34,46,3,21,1.3694,0.9407
HVM-0982,W01,-33,47,1,10,1.1456,0.9911
HVM-0982,W01,-32,47,1,10,1.1487,0.9286
HVM-0982,W01,-31,47,3,30,1.1821,0.9694
HVM-0982,W01,-30,47,1,10,1.1771,0.9453
HVM-0982,W01,-29,47,1,10,1.1918,0.9861
HVM-0982,W01,-28,47,1,10,1.1898,0.9806
HVM-0982,W01,-27,47,1,10,1.1934,0.9455
HVM-0982,W01,-26,47,1,10,1.2789,0.9393
HVM-0982,W01,-25,47,1,10,1.1985,0.9188
HVM-0982,W01,-24,47,1,10,1.1750,0.9182
HVM-0982,W01,-23,47,1,10,1.2023,0.9549
HVM-0982,W01,-22,47,1,10,1.2026,0.9396
HVM-0982,W01,-21,47,1,10,1.2388,0.9564
HVM-0982,W01,-20,47,1,10,1.2182,0.9191
HVM-0982,W01,-19,47,1,10,1.2363,0.9432
HVM-0982,W01,-18,47,1,10,1.2435,0.9640
HVM-0982,W01,-17,47,4,20,1.2293,0.9554
HVM-0982,W01,-16,47,1,10,1.2181,0.9517
HVM-0982,W01,-15,47,1,10,1.2085,0.9434
HVM-0982,W01,-14,47,1,10,1.1903,0.9440
HVM-0982,W01,-13,47,1,10,1.2486,0.9486
HVM-0982,W01,-12,47,1,10,1.2135,0.8955
HVM-0982,W01,-11,47,1,10,1.2385,0.9475
HVM-0982,W01,-10,47,1,10,1.2109,0.9186
HVM-0982,W01,-9,47,1,10,1.2532,0.9211
HVM-0982,W01,-8,47,1,10,1.2557,0.9388
HVM-0982,W01,-7,47,1,10,1.2853,0.9346
HVM-0982,W01,-6,47,1,10,1.2367,0.9276
HVM-0982,W01,-5,47,1,10,1.2554,0.9214
HVM-0982,W01,-4,47,1,10,1.2666,0.9380
HVM-0982,W01,-3,47,1,10,1.2526,0.9420
HVM-0982,W01,-2,47,1,10,1.2915,0.9039
HVM-0982,W01,-1,47,1,10,1.2439,0.9284
HVM-0982,W01,0,47,1,10,1.2937,0.9652
HVM-0982,W01,1,47,1,10,1.2638,0.9128
HVM-0982,W01,2,47,1,10,1.3216,0.9435
HVM-0982,W01,3,47,1,10,1.2577,0.9272
HVM-0982,W01,4,47,1,10,1.2228,0.9634
HVM-0982,W01,5,47,1,10,1.2735,0.9474
HVM-0982,W01,6,47,1,10,1.2897,0.9469
HVM-0982,W01,7,47,1,10,1.3052,0.9799
HVM-0982,W01,8,47,1,10,1.2800,1.0057
HVM-0982,W01,9,47,1,10,1.3273,0.9529
HVM-0982,W01,10,47,1,10,1.3458,0.9666
HVM-0982,W01,11,47,1,10,1.3046,0.9074
HVM-0982,W01,12,47,1,10,1.3098,0.9086
HVM-0982,W01,13,47,1,10,1.3124,0.9595
HVM-0982,W01,14,47,1,10,1.3298,0.9490
HVM-0982,W01,15,47,1,10,1.3124,0.9078
HVM-0982,W01,16,47,1,10,1.2683,0.9868
HVM-0982,W01,17,47,1,10,1.3382,0.9399
HVM-0982,W01,18,47,1,10,1.3429,0.9763
HVM-0982,W01,19,47,1,10,1.3057,0.9321
HVM-0982,W01,20,47,1,10,1.3338,0.9865
HVM-0982,W01,21,47,1,10,1.3518,0.9575
HVM-0982,W01,22,47,1,10,1.3551,0.9423
HVM-0982,W01,23,47,1,10,1.3398,0.9399
HVM-0982,W01,24,47,1,10,1.3339,0.9847
HVM-0982,W01,25,47,1,10,1.3368,0.9376
HVM-0982,W01,26,47,1,10,1.3458,0.9336
HVM-0982,W01,27,47,1,10,1.3547,0.9569
HVM-0982,W01,28,47,1,10,1.3784,0.9493
HVM-0982,W01,29,47,1,10,1.3596,0.9369
HVM-0982,W01,30,47,1,10,1.4170,0.9511
HVM-0982,W01,31,47,4,21,1.3913,0.9427
HVM-0982,W01,32,47,1,10,1.3214,0.9540
HVM-0982,W01,33,47,2,31,1.3513,0.9426
HVM-0982,W01,-32,48,1,10,1.1633,0.9458
HVM-0982,W01,-31,48,1,10,1.1717,0.9653
HVM-0982,W01,-30,48,1,10,1.1307,0.9710
HVM-0982,W01,-29,48,1,10,1.1611,0.9814
HVM-0982,W01,-28,48,1,10,1.1592,0.9568
HVM-0982,W01,-27,48,1,10,1.2051,0.9703
HVM-0982,W01,-26,48,1,10,1.1979,0.9531
HVM-0982,W01,-25,48,1,10,1.2087,0.9624
HVM-0982,W01,-24,48,1,10,1.2351,0.9684
HVM-0982,W01,-23,48,1,10,1.2006,0.9519
HVM-0982,W01,-22,48,1,10,1.2324,0.9574
HVM-0982,W01,-21,48,1,10,1.1894,0.9399
HVM-0982,W01,-20,48,1,10,1.2106,0.9094
HVM-0982,W01,-19,48,1,10,1.2051,0.9571
HVM-0982,W01,-18,48,1,10,1.2314,0.9760
HVM-0982,W01,-17,48,1,10,1.2427,0.9420
HVM-0982,W01,-16,48,1,10,1.2371,0.9610
HVM-0982,W01,-15,48,1,10,1.2317,0.9605
HVM-0982,W01,-14,48,1,10,1.2439,0.9697
HVM-0982,W01,-13,48,1,10,1.2229,0.9568
HVM-0982,W01,-12,48,1,10,1.2392,0.9765
HVM-0982,W01,-11,48,1,10,1.2691,0.9059
HVM-0982,W01,-10,48,1,10,1.2301,0.9652
HVM-0982,W01,-9,48,1,10,1.2432,0.9348
HVM-0982,W01,-8,48,1,10,1.2073,0.9148
HVM-0982,W01,-7,48,1,10,1.2387,0.9162
HVM-0982,W01,-6,48,1,10,1.2369,0.9509
HVM-0982,W01,-5,48,1,10,1.2404,0.9107
HVM-0982,W01,-4,48,1,10,1.2483,0.9750
HVM-0982,W01,-3,48,1,10,1.2661,0.9300
HVM-0982,W01,-2,48,1,10,1.2700,0.9259
HVM-0982,W01,-1,48,1,10,1.2868,0.9312
HVM-0982,W01,0,48,1,10,1.3053,0.9124
HVM-0982,W01,1,48,1,10,1.2673,0.9515
HVM-0982,W01,2,48,1,10,1.2802,0.9520
HVM-0982,W01,3,48,1,10,1.2727,0.9874
HVM-0982,W01,4,48,1,10,1.2834,0.9390
HVM-0982,W01,5,48,1,10,1.2779,0.9292
HVM-0982,W01,6,48,1,10,1.2702,0.9385
HVM-0982,W01,7,48,1,10,1.2906,0.9129
HVM-0982,W01,8,48,1,10,1.2953,0.9458
HVM-0982,W01,9,48,1,10,1.2486,0.9693
HVM-0982,W01,10,48,1,10,1.3093,0.9227
HVM-0982,W01,11,48,1,10,1.3022,0.9349
HVM-0982,W01,12,48,1,10,1.2672,0.9595
HVM-0982,W01,13,48,1,10,1.2962,0.9510
HVM-0982,W01,14,48,1,10,1.2656,0.9579
HVM-0982,W01,15,48,1,10,1.3073,0.9693
HVM-0982,W01,16,48,1,10,1.3224,0.9114
HVM-0982,W01,17,48,1,10,1.3125,0.9471
HVM-0982,W01,18,48,1,10,1.3380,0.9329
HVM-0982,W01,19,48,1,10,1.3443,0.9246
HVM-0982,W01,20,48,1,10,1.3304,0.9087
HVM-0982,W01,21,48,1,10,1.3086,0.8981
HVM-0982,W01,22,48,1,10,1.2946,0.9770
HVM-0982,W01,23,48,1,10,1.3695,0.9340
HVM-0982,W01,24,48,1,10,1.3421,0.9319
HVM-0982,W01,25,48,1,10,1.3544,0.9792
HVM-0982,W01,26,48,1,10,1.3259,1.0056
HVM-0982,W01,27,48,1,10,1.3960,0.9757
HVM-0982,W01,28,48,1,10,1.3304,0.9650
HVM-0982,W01,29,48,1,10,1.3843,0.9621
HVM-0982,W01,30,48,1,10,1.3180,1.0152
HVM-0982,W01,31,48,2,21,1.3009,0.9484
HVM-0982,W01,32,48,1,10,1.3651,0.9739
HVM-0982,W01,-31,49,1,10,1.1957,1.0238
HVM-0982,W01,-30,49,1,10,1.1934,0.9767
HVM-0982,W01,-29,49,2,21,1.2164,0.9825
HVM-0982,W01,-28,49,1,10,1.2059,0.9502
HVM-0982,W01,-27,49,1,10,1.1729,0.9465
HVM-0982,W01,-26,49,1,10,1.2275,0.9802
HVM-0982,W01,-25,49,1,10,1.1933,0.9477
HVM-0982,W01,-24,49,1,10,1.1776,0.9385
HVM-0982,W01,-23,49,1,10,1.1975,0.9993
HVM-0982,W01,-22,49,1,10,1.1651,0.9900
HVM-0982,W01,-21,49,1,10,1.1700,0.9598
HVM-0982,W01,-20,49,1,10,1.2182,0.9245
HVM-0982,W01,-19,49,1,10,1.2008,0.9253
HVM-0982,W01,-18,49,1,10,1.2118,0.8880
HVM-0982,W01,-17,49,1,10,1.2251,0.9650
HVM-0982,W01,-16,49,1,10,1.2396,0.9504
HVM-0982,W01,-15,49,1,10,1.2130,0.9695
HVM-0982,W01,-14,49,1,10,1.2125,0.9773
HVM-0982,W01,-13,49,3,20,1.2248,0.9550
HVM-0982,W01,-12,49,1,10,1.2488,0.9515
HVM-0982,W01,-11,49,1,10,1.2378,0.9178
HVM-0982,W01,-10,49,1,10,1.2206,0.9286
HVM-0982,W01,-9,49,1,10,1.2350,0.9373
HVM-0982,W01,-8,49,1,10,1.2441,0.9129
HVM-0982,W01,-7,49,1,10,1.2472,0.9435
HVM-0982,W01,-6,49,1,10,1.2435,0.9491
HVM-0982,W01,-5,49,1,10,1.2931,0.9275
HVM-0982,W01,-4,49,1,10,1.3236,0.9424
HVM-0982,W01,-3,49,1,10,1.2546,0.9309
HVM-0982,W01,-2,49,1,10,1.2416,0.9289
HVM-0982,W01,-1,49,2,31,1.3202,0.9337
HVM-0982,W01,0,49,1,10,1.3052,0.9246
HVM-0982,W01,1,49,1,10,1.2695,0.9536
HVM-0982,W01,2,49,1,10,1.2704,0.9370
HVM-0982,W01,3,49,1,10,1.2634,0.9555
HVM-0982,W01,4,49,1,10,1.2376,0.9633
HVM-0982,W01,5,49,2,31,1.2647,0.9323
HVM-0982,W01,6,49,1,10,1.2879,0.9817
HVM-0982,W01,7,49,1,10,1.3062,0.9464
HVM-0982,W01,8,49,1,10,1.2604,0.9596
HVM-0982,W01,9,49,1,10,1.3085,0.9423
HVM-0982,W01,10,49,1,10,1.3125,0.9429
HVM-0982,W01,11,49,1,10,1.2847,0.9446
HVM-0982,W01,12,49,1,10,1.2861,0.9449
HVM-0982,W01,13,49,4,20,1.2929,0.9603
HVM-0982,W01,14,49,1,10,1.2911,0.9485
HVM-0982,W01,15,49,1,10,1.3390,0.9320
HVM-0982,W01,16,49,1,10,1.3390,0.9435
HVM-0982,W01,17,49,1,10,1.3182,0.9541
HVM-0982,W01,18,49,1,10,1.3013,0.9483
HVM-0982,W01,19,49,1,10,1.2981,0.9734
HVM-0982,W01,20,49,1,10,1.3456,0.9676
HVM-0982,W01,21,49,1,10,1.3387,0.9399
HVM-0982,W01,22,49,1,10,1.3432,0.9526
HVM-0982,W01,23,49,1,10,1.3491,0.9721
HVM-0982,W01,24,49,1,10,1.3469,0.9378
HVM-0982,W01,25,49,1,10,1.3250,0.9105
HVM-0982,W01,26,49,1,10,1.3449,0.9395
HVM-0982,W01,27,49,1,10,1.3682,0.9841
HVM-0982,W01,28,49,2,20,1.4033,0.9663
HVM-0982,W01,29,49,1,10,1.3686,0.9811
HVM-0982,W01,30,49,2,21,1.3678,1.0273
HVM-0982,W01,31,49,4,21,1.3470,0.9635
HVM-0982,W01,-30,50,2,20,1.1592,0.9760
HVM-0982,W01,-29,50,1,10,1.1587,0.9493
HVM-0982,W01,-28,50,1,10,1.2291,0.9728
HVM-0982,W01,-27,50,3,20,1.1606,0.9702
HVM-0982,W01,-26,50,1,10,1.2142,0.9285
HVM-0982,W01,-25,50,1,10,1.2063,0.9175
HVM-0982,W01,-24,50,1,10,1.1734,0.9778
HVM-0982,W01,-23,50,1,10,1.2067,0.9587
HVM-0982,W01,-22,50,1,10,1.2384,0.9617
HVM-0982,W01,-21,50,1,10,1.2124,0.9274
HVM-0982,W01,-20,50,1,10,1.2082,0.9729
HVM-0982,W01,-19,50,1,10,1.2245,0.9355
HVM-0982,W01,-18,50,1,10,1.2144,0.9379
HVM-0982,W01,-17,50,1,10,1.2092,0.9705
HVM-0982,W01,-16,50,2,30,1.2967,0.9497
HVM-0982,W01,-15,50,1,10,1.2210,0.9391
HVM-0982,W01,-14,50,1,10,1.2308,0.9383
HVM-0982,W01,-13,50,1,10,1.2647,0.9273
HVM-0982,W01,-12,50,1,10,1.2674,0.9572
HVM-0982,W01,-11,50,1,10,1.3291,0.9398
HVM-0982,W01,-10,50,1,10,1.2574,0.9567
HVM-0982,W01,-9,50,1,10,1.2952,0.9972
HVM-0982,W01,-8,50,1,10,1.2347,0.9760
HVM-0982,W01,-7,50,1,10,1.2376,0.9511
HVM-0982,W01,-6,50,1,10,1.2163,0.9677
HVM-0982,W01,-5,50,1,10,1.3114,0.9355
HVM-0982,W01,-4,50,1,10,1.2618,0.9321
HVM-0982,W01,-3,50,1,10,1.3094,0.8946
HVM-0982,W01,-2,50,1,10,1.2688,0.9383
HVM-0982,W01,-1,50,1,10,1.2683,0.9716
HVM-0982,W01,0,50,1,10,1.2641,0.9157
HVM-0982,W01,1,50,1,10,1.3015,0.8870
HVM-0982,W01,2,50,1,10,1.2942,0.9060
HVM-0982,W01,3,50,2,20,1.2556,0.9441
HVM-0982,W01,4,50,1,10,1.3548,0.9311
HVM-0982,W01,5,50,1,10,1.2923,0.8710
HVM-0982,W01,6,50,1,10,1.3028,0.8774
HVM-0982,W01,7,50,1,10,1.3070,0.9486
HVM-0982,W01,8,50,1,10,1.2724,0.9558
HVM-0982,W01,9,50,1,10,1.3369,0.9556
HVM-0982,W01,10,50,1,10,1.2757,0.9403
HVM-0982,W01,11,50,1,10,1.2955,0.9431
HVM-0982,W01,12,50,1,10,1.3482,0.9679
HVM-0982,W01,13,50,1,10,1.3277,0.9737
HVM-0982,W01,14,50,1,10,1.3315,0.9519
HVM-0982,W01,15,50,1,10,1.2800,0.9590
HVM-0982,W01,16,50,1,10,1.3407,0.9198
HVM-0982,W01,17,50,1,10,1.2887,0.9261
HVM-0982,W01,18,50,1,10,1.3386,0.9512
HVM-0982,W01,19,50,1,10,1.3563,0.9963
HVM-0982,W01,20,50,1,10,1.3234,1.0035
HVM-0982,W01,21,50,1,10,1.3328,0.9596
HVM-0982,W01,22,50,1,10,1.3786,0.9350
HVM-0982,W01,23,50,1,10,1.3278,0.9344
HVM-0982,W01,24,50,1,10,1.3442,0.9364
HVM-0982,W01,25,50,2,20,1.3635,0.9223
HVM-0982,W01,26,50,1,10,1.3539,0.9820
HVM-0982,W01,27,50,2,30,1.3343,0.9846
HVM-0982,W01,28,50,1,10,1.3629,0.9817
HVM-0982,W01,29,50,1,10,1.3440,0.9759
HVM-0982,W01,30,50,1,10,1.3861,0.9581
HVM-0982,W01,-29,51,2,31,1.1910,0.9986
HVM-0982,W01,-28,51,1,10,1.2007,0.9854
HVM-0982,W01,-27,51,1,10,1.2060,0.9795
HVM-0982,W01,-26,51,4,30,1.1639,0.9643
HVM-0982,W01,-25,51,1,10,1.2095,0.9277
HVM-0982,W01,-24,51,1,10,1.1972,0.9803
HVM-0982,W01,-23,51,1,10,1.2261,0.9562
HVM-0982,W01,-22,51,2,21,1.1862,0.9198
HVM-0982,W01,-21,51,1,10,1.1921,0.9655
HVM-0982,W01,-20,51,1,10,1.1783,0.9215
HVM-0982,W01,-19,51,1,10,1.2002,0.9727
HVM-0982,W01,-18,51,1,10,1.2271,0.9306
HVM-0982,W01,-17,51,1,10,1.1960,0.9387
HVM-0982,W01,-16,51,1,10,1.2198,0.9493
HVM-0982,W01,-15,51,1,10,1.2053,0.9214
HVM-0982,W01,-14,51,1,10,1.2343,0.9251
HVM-0982,W01,-13,51,1,10,1.2478,0.9002
HVM-0982,W01,-12,51,1,10,1.2241,0.9441
HVM-0982,W01,-11,51,1,10,1.2448,0.9327
HVM-0982,W01,-10,51,1,10,1.2674,0.9564
HVM-0982,W01,-9,51,1,10,1.2279,0.9165
HVM-0982,W01,-8,51,1,10,1.2540,0.9427
HVM-0982,W01,-7,51,1,10,1.2732,0.9360
HVM-0982,W01,-6,51,1,10,1.2322,0.9572
HVM-0982,W01,-5,51,1,10,1.2484,0.9624
HVM-0982,W01,-4,51,1,10,1.2486,0.9264
HVM-0982,W01,-3,51,1,10,1.2879,0.9678
HVM-0982,W01,-2,51,1,10,1.3024,0.9934
HVM-0982,W01,-1,51,1,10,1.2510,0.9661
HVM-0982,W01,0,51,1,10,1.2837,0.9083
HVM-0982,W01,1,51,1,10,1.2588,0.9680
HVM-0982,W01,2,51,1,10,1.2982,0.9665
HVM-0982,W01,3,51,1,10,1.3159,0.9966
HVM-0982,W01,4,51,2,31,1.3111,0.9347
HVM-0982,W01,5,51,1,10,1.2820,0.9971
HVM-0982,W01,6,51,1,10,1.2952,0.9831
HVM-0982,W01,7,51,1,10,1.3177,0.9587
HVM-0982,W01,8,51,1,10,1.2701,0.9398
HVM-0982,W01,9,51,1,10,1.2700,0.9531
HVM-0982,W01,10,51,1,10,1.3021,0.9512
HVM-0982,W01,11,51,1,10,1.3147,0.9693
HVM-0982,W01,12,51,2,30,1.2870,0.9226
HVM-0982,W01,13,51,1,10,1.3017,0.9186
HVM-0982,W01,14,51,1,10,1.3489,0.9791
HVM-0982,W01,15,51,1,10,1.3060,0.9728
HVM-0982,W01,16,51,1,10,1.3438,0.9396
HVM-0982,W01,17,51,1,10,1.3244,1.0047
HVM-0982,W01,18,51,1,10,1.3499,0.9567
HVM-0982,W01,19,51,1,10,1.2997,0.9410
HVM-0982,W01,20,51,1,10,1.3279,0.9400
HVM-0982,W01,21,51,1,10,1.3389,0.9391
HVM-0982,W01,22,51,1,10,1.3381,0.9825
HVM-0982,W01,23,51,1,10,1.3277,0.9513
HVM-0982,W01,24,51,1,10,1.3806,0.9133
HVM-0982,W01,25,51,1,10,1.3518,0.9761
HVM-0982,W01,26,51,3,30,1.3305,0.9401
HVM-0982,W01,27,51,2,20,1.3172,0.9024
HVM-0982,W01,28,51,1,10,1.3306,0.9640
HVM-0982,W01,29,51,1,10,1.3299,0.9902
HVM-0982,W01,-28,52,1,10,1.1677,0.9659
HVM-0982,W01,-27,52,1,10,1.1391,0.9714
HVM-0982,W01,-26,52,3,20,1.1780,0.9640
HVM-0982,W01,-25,52,1,10,1.2460,0.9817
HVM-0982,W01,-24,52,4,20,1.1951,0.9401
HVM-0982,W01,-23,52,1,10,1.2365,0.9325
HVM-0982,W01,-22,52,1,10,1.1944,0.9759
HVM-0982,W01,-21,52,1,10,1.1937,0.9776
HVM-0982,W01,-20,52,1,10,1.1973,0.9313
HVM-0982,W01,-19,52,1,10,1.2426,0.9238
HVM-0982,W01,-18,52,1,10,1.2210,0.9274
HVM-0982,W01,-17,52,1,10,1.2322,0.9366
HVM-0982,W01,-16,52,1,10,1.2226,0.9641
HVM-0982,W01,-15,52,1,10,1.2226,0.9304
HVM-0982,W01,-14,52,1,10,1.2432,0.9843
HVM-0982,W01,-13,52,1,10,1.2256,0.9491
HVM-0982,W01,-12,52,1,10,1.2155,0.9268
HVM-0982,W01,-11,52,1,10,1.2146,0.9803
HVM-0982,W01,-10,52,1,10,1.2850,0.9412
HVM-0982,W01,-9,52,1,10,1.2422,0.9733
HVM-0982,W01,-8,52,1,10,1.2367,0.9740
HVM-0982,W01,-7,52,1,10,1.2392,0.9595
HVM-0982,W01,-6,52,1,10,1.2342,0.9595
HVM-0982,W01,-5,52,1,10,1.2870,0.9359
HVM-0982,W01,-4,52,1,10,1.2699,0.9557
HVM-0982,W01,-3,52,1,10,1.2631,0.9385
HVM-0982,W01,-2,52,1,10,1.3001,0.9239
HVM-0982,W01,-1,52,1,10,1.2859,0.9772
HVM-0982,W01,0,52,1,10,1.2825,0.9251
HVM-0982,W01,1,52,1,10,1.2366,0.9662
HVM-0982,W01,2,52,1,10,1.2803,0.9563
HVM-0982,W01,3,52,1,10,1.3159,0.9287
HVM-0982,W01,4,52,1,10,1.2524,0.9256
HVM-0982,W01,5,52,1,10,1.3037,0.9201
HVM-0982,W01,6,52,1,10,1.2936,0.9367
HVM-0982,W01,7,52,1,10,1.3047,0.9778
HVM-0982,W01,8,52,1,10,1.3001,0.8963
HVM-0982,W01,9,52,1,10,1.2734,0.9752
HVM-0982,W01,10,52,3,20,1.2983,0.9600
HVM-0982,W01,11,52,1,10,1.3335,0.9270
HVM-0982,W01,12,52,1,10,1.2940,0.9405
HVM-0982,W01,13,52,2,20,1.3103,0.9622
HVM-0982,W01,14,52,1,10,1.3324,0.9343
HVM-0982,W01,15,52,1,10,1.3250,0.9164
HVM-0982,W01,16,52,1,10,1.3313,0.9641
HVM-0982,W01,17,52,1,10,1.2841,0.9267
HVM-0982,W01,18,52,1,10,1.3186,0.9743
HVM-0982,W01,19,52,1,10,1.3393,0.9276
HVM-0982,W01,20,52,1,10,1.2818,0.9357
HVM-0982,W01,21,52,1,10,1.3551,0.9610
HVM-0982,W01,22,52,1,10,1.3450,0.9553
HVM-0982,W01,23,52,1,10,1.3753,0.9533
HVM-0982,W01,24,52,1,10,1.3725,0.9443
HVM-0982,W01,25,52,1,10,1.3629,0.9729
HVM-0982,W01,26,52,1,10,1.3408,0.9203
HVM-0982,W01,27,52,1,10,1.3996,0.9640
HVM-0982,W01,28,52,2,21,1.4189,1.0060
HVM-0982,W01,-27,53,1,10,1.1933,0.9869
HVM-0982,W01,-26,53,4,31,1.2396,0.9418
HVM-0982,W01,-25,53,1,10,1.1992,1.0164
HVM-0982,W01,-24,53,2,31,1.2408,0.9488
HVM-0982,W01,-23,53,1,10,1.1876,0.9515
HVM-0982,W01,-22,53,1,10,1.1878,0.9424
HVM-0982,W01,-21,53,1,10,1.2055,0.9404
HVM-0982,W01,-20,53,1,10,1.2071,0.9316
HVM-0982,W01,-19,53,1,10,1.2529,0.9245
HVM-0982,W01,-18,53,1,10,1.1835,0.9541
HVM-0982,W01,-17,53,1,10,1.2116,1.0005
HVM-0982,W01,-16,53,4,31,1.2427,0.9816
HVM-0982,W01,-15,53,1,10,1.2614,0.9423
HVM-0982,W01,-14,53,1,10,1.2160,0.9366
HVM-0982,W01,-13,53,1,10,1.2304,0.9363
HVM-0982,W01,-12,53,1,10,1.2366,0.9506
HVM-0982,W01,-11,53,1,10,1.2246,0.9310
HVM-0982,W01,-10,53,1,10,1.2533,0.9645
HVM-0982,W01,-9,53,3,21,1.2272,0.9508
HVM-0982,W01,-8,53,1,10,1.2786,0.8985
HVM-0982,W01,-7,53,1,10,1.2458,0.9378
HVM-0982,W01,-6,53,1,10,1.2197,0.9852
HVM-0982,W01,-5,53,1,10,1.2772,0.9579
HVM-0982,W01,-4,53,1,10,1.2767,0.9283
HVM-0982,W01,-3,53,1,10,1.2557,0.9585
HVM-0982,W01,-2,53,1,10,1.2781,0.9569
HVM-0982,W01,-1,53,1,10,1.2852,0.8984
HVM-0982,W01,0,53,1,10,1.2819,0.9559
HVM-0982,W01,1,53,4,30,1.2893,0.9255
HVM-0982,W01,2,53,1,10,1.2871,0.9662
HVM-0982,W01,3,53,1,10,1.3131,0.9611
HVM-0982,W01,4,53,1,10,1.2858,0.9452
HVM-0982,W01,5,53,1,10,1.3041,0.9460
HVM-0982,W01,6,53,1,10,1.3097,0.9525
HVM-0982,W01,7,53,1,10,1.3233,0.9248
HVM-0982,W01,8,53,1,10,1.3522,0.9457
HVM-0982,W01,9,53,1,10,1.2599,0.9810
HVM-0982,W01,10,53,1,10,1.3076,0.9348
HVM-0982,W01,11,53,1,10,1.3267,0.9642
HVM-0982,W01,12,53,1,10,1.3589,0.9682
HVM-0982,W01,13,53,1,10,1.3065,0.9388
HVM-0982,W01,14,53,1,10,1.3311,0.9058
HVM-0982,W01,15,53,1,10,1.3273,0.9869
HVM-0982,W01,16,53,1,10,1.3518,0.9595
HVM-0982,W01,17,53,1,10,1.3219,0.9637
HVM-0982,W01,18,53,1,10,1.3371,1.0071
HVM-0982,W01,19,53,1,10,1.3150,0.9556
HVM-0982,W01,20,53,1,10,1.3125,0.9323
HVM-0982,W01,21,53,1,10,1.3162,0.9664
HVM-0982,W01,22,53,1,10,1.3402,0.9606
HVM-0982,W01,23,53,1,10,1.3575,0.9532
HVM-0982,W01,24,53,1,10,1.3236,0.9750
HVM-0982,W01,25,53,2,21,1.3134,0.9444
HVM-0982,W01,26,53,1,10,1.3543,0.9464
HVM-0982,W01,27,53,1,10,1.3306,0.9381
HVM-0982,W01,-26,54,4,20,1.2097,0.9508
HVM-0982,W01,-25,54,1,10,1.2271,0.9514
HVM-0982,W01,-24,54,1,10,1.1983,0.9894
HVM-0982,W01,-23,54,4,31,1.2024,0.9429
HVM-0982,W01,-22,54,2,31,1.2293,0.9489
HVM-0982,W01,-21,54,1,10,1.1491,0.9398
HVM-0982,W01,-20,54,1,10,1.1920,0.9376
HVM-0982,W01,-19,54,1,10,1.2222,0.9571
HVM-0982,W01,-18,54,1,10,1.2771,0.9798
HVM-0982,W01,-17,54,1,10,1.2397,0.9583
HVM-0982,W01,-16,54,1,10,1.2010,0.9585
HVM-0982,W01,-15,54,1,10,1.2170,0.9788
HVM-0982,W01,-14,54,1,10,1.2217,0.9470
HVM-0982,W01,-13,54,3,20,1.2622,0.9472
HVM-0982,W01,-12,54,1,10,1.2342,0.9810
HVM-0982,W01,-11,54,1,10,1.2577,0.9768
HVM-0982,W01,-10,54,1,10,1.2707,0.9205
HVM-0982,W01,-9,54,1,10,1.2579,0.9628
HVM-0982,W01,-8,54,1,10,1.2713,0.9710
HVM-0982,W01,-7,54,1,10,1.2901,0.9599
HVM-0982,W01,-6,54,1,10,1.2781,0.9538
HVM-0982,W01,-5,54,1,10,1.2897,0.9664
HVM-0982,W01,-4,54,1,10,1.2811,0.9307
HVM-0982,W01,-3,54,1,10,1.2844,0.9529
HVM-0982,W01,-2,54,1,10,1.2824,0.9190
HVM-0982,W01,-1,54,1,10,1.3419,0.9097
HVM-0982,W01,0,54,1,10,1.2589,0.9994
HVM-0982,W01,1,54,1,10,1.2937,0.9643
HVM-0982,W01,2,54,1,10,1.2627,0.9334
HVM-0982,W01,3,54,1,10,1.2793,0.9476
HVM-0982,W01,4,54,1,10,1.2999,0.9177
HVM-0982,W01,5,54,1,10,1.3020,0.9580
HVM-0982,W01,6,54,1,10,1.2596,0.9505
HVM-0982,W01,7,54,1,10,1.2856,0.9727
HVM-0982,W01,8,54,1,10,1.2710,0.9397
HVM-0982,W01,9,54,1,10,1.3189,0.9416
HVM-0982,W01,10,54,1,10,1.2991,0.9522
HVM-0982,W01,11,54,1,10,1.3369,0.9571
HVM-0982,W01,12,54,1,10,1.3312,0.9670
HVM-0982,W01,13,54,1,10,1.3098,0.9817
HVM-0982,W01,14,54,1,10,1.2679,0.9359
HVM-0982,W01,15,54,1,10,1.3494,0.9821
HVM-0982,W01,16,54,1,10,1.3255,0.9634
HVM-0982,W01,17,54,1,10,1.3049,0.8648
HVM-0982,W01,18,54,1,10,1.3560,0.9547
HVM-0982,W01,19,54,1,10,1.3074,0.9274
HVM-0982,W01,20,54,1,10,1.3121,0.9583
HVM-0982,W01,21,54,1,10,1.3199,0.9628
HVM-0982,W01,22,54,1,10,1.3430,0.9175
HVM-0982,W01,23,54,1,10,1.3243,0.9428
HVM-0982,W01,24,54,2,21,1.3614,0.9999
HVM-0982,W01,25,54,1,10,1.3642,0.9788
HVM-0982,W01,26,54,2,30,1.3638,0.9653
HVM-0982,W01,-25,55,2,31,1.1953,1.0556
HVM-0982,W01,-24,55,3,30,1.1925,0.9395
HVM-0982,W01,-23,55,1,10,1.2163,0.9695
HVM-0982,W01,-22,55,1,10,1.1954,0.9479
HVM-0982,W01,-21,55,1,10,1.2134,1.0123
HVM-0982,W01,-20,55,1,10,1.2632,0.9537
HVM-0982,W01,-19,55,1,10,1.2434,0.9372
HVM-0982,W01,-18,55,1,10,1.2295,0.9127
HVM-0982,W01,-17,55,1,10,1.1941,0.9707
HVM-0982,W01,-16,55,1,10,1.2251,0.9618
HVM-0982,W01,-15,55,1,10,1.2601,0.9197
HVM-0982,W01,-14,55,1,10,1.2454,0.9474
HVM-0982,W01,-13,55,1,10,1.1833,0.9524
HVM-0982,W01,-12,55,1,10,1.1963,0.9793
HVM-0982,W01,-11,55,1,10,1.2565,0.9790
HVM-0982,W01,-10,55,1,10,1.2038,0.9045
HVM-0982,W01,-9,55,1,10,1.2223,0.9922
HVM-0982,W01,-8,55,1,10,1.2103,0.9582
HVM-0982,W01,-7,55,1,10,1.2866,0.9587
HVM-0982,W01,-6,55,1,10,1.2713,0.9940
HVM-0982,W01,-5,55,1,10,1.2795,0.9402
HVM-0982,W01,-4,55,1,10,1.2631,0.9589
HVM-0982,W01,-3,55,1,10,1.2622,0.9057
HVM-0982,W01,-2,55,1,10,1.2225,0.9383
HVM-0982,W01,-1,55,1,10,1.3002,0.9573
HVM-0982,W01,0,55,1,10,1.3016,0.9620
HVM-0982,W01,1,55,1,10,1.2808,0.9247
HVM-0982,W01,2,55,1,10,1.3166,0.9540
HVM-0982,W01,3,55,1,10,1.2648,0.9231
HVM-0982,W01,4,55,1,10,1.2572,0.9762
HVM-0982,W01,5,55,1,10,1.2921,0.9209
HVM-0982,W01,6,55,4,21,1.2931,0.9498
HVM-0982,W01,7,55,1,10,1.3137,0.9892
HVM-0982,W01,8,55,1,10,1.2790,0.9474
HVM-0982,W01,9,55,1,10,1.2908,0.9641
HVM-0982,W01,10,55,1,10,1.2913,0.9372
HVM-0982,W01,11,55,1,10,1.3249,0.9097
HVM-0982,W01,12,55,1,10,1.2816,0.9980
HVM-0982,W01,13,55,1,10,1.2767,0.9410
HVM-0982,W01,14,55,3,31,1.3277,0.9298
HVM-0982,W01,15,55,1,10,1.3376,0.9248
HVM-0982,W01,16,55,1,10,1.3216,0.9504
HVM-0982,W01,17,55,1,10,1.3508,0.9569
HVM-0982,W01,18,55,1,10,1.3366,0.9821
HVM-0982,W01,19,55,1,10,1.3202,0.9651
HVM-0982,W01,20,55,1,10,1.3636,0.9868
HVM-0982,W01,21,55,1,10,1.3076,0.9381
HVM-0982,W01,22,55,1,10,1.3725,0.9445
HVM-0982,W01,23,55,1,10,1.3546,0.9173
HVM-0982,W01,24,55,1,10,1.3578,0.9762
HVM-0982,W01,25,55,1,10,1.3536,0.9655
HVM-0982,W01,-24,56,2,21,1.2489,0.9549
HVM-0982,W01,-23,56,2,21,1.2283,0.9636
HVM-0982,W01,-22,56,1,10,1.2077,1.0162
HVM-0982,W01,-21,56,1,10,1.2098,0.9740
HVM-0982,W01,-20,56,1,10,1.2009,1.0007
HVM-0982,W01,-19,56,2,31,1.2476,0.9820
HVM-0982,W01,-18,56,1,10,1.2366,0.9460
HVM-0982,W01,-17,56,1,10,1.2368,0.9826
HVM-0982,W01,-16,56,1,10,1.2360,0.9334
HVM-0982,W01,-15,56,1,10,1.1956,0.9699
HVM-0982,W01,-14,56,1,10,1.2404,0.9265
HVM-0982,W01,-13,56,1,10,1.2103,0.9604
HVM-0982,W01,-12,56,1,10,1.2441,0.9537
HVM-0982,W01,-11,56,1,10,1.2339,0.9694
HVM-0982,W01,-10,56,1,10,1.2524,0.9817
HVM-0982,W01,-9,56,1,10,1.2712,0.9012
HVM-0982,W01,-8,56,1,10,1.2300,0.9506
HVM-0982,W01,-7,56,4,21,1.2898,0.9485
HVM-0982,W01,-6,56,1,10,1.2179,0.9660
HVM-0982,W01,-5,56,1,10,1.2552,0.9276
HVM-0982,W01,-4,56,1,10,1.2418,0.9582
HVM-0982,W01,-3,56,1,10,1.3347,1.0189
HVM-0982,W01,-2,56,1,10,1.2698,0.8971
HVM-0982,W01,-1,56,1,10,1.2698,0.9593
HVM-0982,W01,0,56,1,10,1.2795,0.9581
HVM-0982,W01,1,56,1,10,1.2940,0.9427
HVM-0982,W01,2,56,1,10,1.3141,0.9885
HVM-0982,W01,3,56,1,10,1.3170,0.9479
HVM-0982,W01,4,56,1,10,1.3197,0.9377
HVM-0982,W01,5,56,1,10,1.2689,0.9701
HVM-0982,W01,6,56,1,10,1.3287,0.9198
HVM-0982,W01,7,56,1,10,1.3252,0.9334
HVM-0982,W01,8,56,1,10,1.2826,0.9357
HVM-0982,W01,9,56,1,10,1.3219,0.9495
HVM-0982,W01,10,56,1,10,1.2792,0.9717
HVM-0982,W01,11,56,1,10,1.2916,0.9479
HVM-0982,W01,12,56,1,10,1.3213,0.9273
HVM-0982,W01,13,56,1,10,1.3190,1.0012
HVM-0982,W01,14,56,1,10,1.3407,0.9259
HVM-0982,W01,15,56,1,10,1.3228,0.9451
HVM-0982,W01,16,56,1,10,1.3500,0.9616
HVM-0982,W01,17,56,1,10,1.3544,0.9363
HVM-0982,W01,18,56,1,10,1.3060,1.0158
HVM-0982,W01,19,56,1,10,1.3234,0.9885
HVM-0982,W01,20,56,4,21,1.3129,0.9844
HVM-0982,W01,21,56,1,10,1.3642,0.9964
HVM-0982,W01,22,56,1,10,1.3873,0.9544
HVM-0982,W01,23,56,2,31,1.2891,1.0041
HVM-0982,W01,24,56,4,30,1.3545,0.9802
HVM-0982,W01,-22,57,1,10,1.2751,0.9584
HVM-0982,W01,-21,57,1,10,1.1975,0.9647
HVM-0982,W01,-20,57,3,31,1.1964,0.9289
HVM-0982,W01,-19,57,3,21,1.2444,0.9642
HVM-0982,W01,-18,57,1,10,1.2513,0.9775
HVM-0982,W01,-17,57,1,10,1.2524,0.9708
HVM-0982,W01,-16,57,1,10,1.2161,0.9275
HVM-0982,W01,-15,57,1,10,1.2932,1.0079
HVM-0982,W01,-14,57,1,10,1.2165,0.9401
HVM-0982,W01,-13,57,1,10,1.2336,0.9577
HVM-0982,W01,-12,57,1,10,1.2437,0.9551
HVM-0982,W01,-11,57,1,10,1.2638,0.9862
HVM-0982,W01,-10,57,1,10,1.2884,0.9339
HVM-0982,W01,-9,57,1,10,1.2497,0.9216
HVM-0982,W01,-8,57,1,10,1.2666,0.9470
HVM-0982,W01,-7,57,2,21,1.2674,0.9504
HVM-0982,W01,-6,57,1,10,1.2739,0.9481
HVM-0982,W01,-5,57,1,10,1.2748,0.9461
HVM-0982,W01,-4,57,1,10,1.2362,0.9302
HVM-0982,W01,-3,57,1,10,1.3068,0.9425
HVM-0982,W01,-2,57,1,10,1.2093,0.9722
HVM-0982,W01,-1,57,1,10,1.3067,0.9806
HVM-0982,W01,0,57,1,10,1.2937,0.9358
HVM-0982,W01,1,57,1,10,1.2993,0.9321
HVM-0982,W01,2,57,1,10,1.2712,0.9306
HVM-0982,W01,3,57,1,10,1.2503,0.9217
HVM-0982,W01,4,57,1,10,1.2961,0.9692
HVM-0982,W01,5,57,1,10,1.2704,0.9201
HVM-0982,W01,6,57,1,10,1.3164,0.9379
HVM-0982,W01,7,57,1,10,1.3066,0.9759
HVM-0982,W01,8,57,1,10,1.3058,0.9745
HVM-0982,W01,9,57,1,10,1.3101,0.9750
HVM-0982,W01,10,57,1,10,1.3392,1.0142
HVM-0982,W01,11,57,1,10,1.3063,0.9729
HVM-0982,W01,12,57,1,10,1.3516,0.9826
HVM-0982,W01,13,57,1,10,1.3363,0.9638
HVM-0982,W01,14,57,1,10,1.3036,0.9513
HVM-0982,W01,15,57,1,10,1.3640,0.9478
HVM-0982,W01,16,57,1,10,1.3430,0.9548
HVM-0982,W01,17,57,3,30,1.3254,1.0263
HVM-0982,W01,18,57,1,10,1.3440,0.9310
HVM-0982,W01,19,57,3,20,1.3208,0.9554
HVM-0982,W01,20,57,1,10,1.3130,0.9708
HVM-0982,W01,21,57,2,20,1.3287,0.9907
HVM-0982,W01,22,57,2,21,1.3433,0.9658
HVM-0982,W01,-21,58,1,10,1.2536,0.9812
HVM-0982,W01,-20,58,1,10,1.2145,0.9869
HVM-0982,W01,-19,58,3,31,1.2510,0.9754
HVM-0982,W01,-18,58,1,10,1.1936,0.9434
HVM-0982,W01,-17,58,1,10,1.2141,0.9730
HVM-0982,W01,-16,58,3,21,1.2275,0.9386
HVM-0982,W01,-15,58,2,31,1.2173,0.9703
HVM-0982,W01,-14,58,1,10,1.2637,0.9646
HVM-0982,W01,-13,58,1,10,1.2094,0.9459
HVM-0982,W01,-12,58,1,10,1.2264,0.9514
HVM-0982,W01,-11,58,1,10,1.2887,0.9894
HVM-0982,W01,-10,58,1,10,1.2965,1.0012
HVM-0982,W01,-9,58,1,10,1.2516,0.9942
HVM-0982,W01,-8,58,1,10,1.2834,0.9499
HVM-0982,W01,-7,58,1,10,1.2209,0.9458
HVM-0982,W01,-6,58,1,10,1.2870,0.9749
HVM-0982,W01,-5,58,1,10,1.2651,0.9276
HVM-0982,W01,-4,58,1,10,1.2793,0.9317
HVM-0982,W01,-3,58,1,10,1.2896,0.9460
HVM-0982,W01,-2,58,1,10,1.2462,0.9703
HVM-0982,W01,-1,58,1,10,1.2593,0.9625
HVM-0982,W01,0,58,1,10,1.2389,0.9945
HVM-0982,W01,1,58,1,10,1.2833,0.9699
HVM-0982,W01,2,58,1,10,1.3116,0.9587
HVM-0982,W01,3,58,1,10,1.3066,0.9400
HVM-0982,W01,4,58,1,10,1.3337,0.9912
HVM-0982,W01,5,58,3,31,1.2932,0.9604
HVM-0982,W01,6,58,1,10,1.3615,0.9367
HVM-0982,W01,7,58,1,10,1.3080,0.9704
HVM-0982,W01,8,58,1,10,1.2992,1.0034
HVM-0982,W01,9,58,1,10,1.2820,0.9846
HVM-0982,W01,10,58,1,10,1.3164,0.9650
HVM-0982,W01,11,58,1,10,1.3556,0.9482
HVM-0982,W01,12,58,1,10,1.3168,1.0201
HVM-0982,W01,13,58,1,10,1.3585,0.9755
HVM-0982,W01,14,58,1,10,1.3274,0.9537
HVM-0982,W01,15,58,1,10,1.2918,0.9485
HVM-0982,W01,16,58,1,10,1.3668,0.9581
HVM-0982,W01,17,58,1,10,1.3300,0.9453
HVM-0982,W01,18,58,1,10,1.3512,0.9286
HVM-0982,W01,19,58,1,10,1.3190,0.9850
HVM-0982,W01,20,58,3,31,1.3411,0.9543
HVM-0982,W01,21,58,1,10,1.3734,0.9595
HVM-0982,W01,-19,59,4,31,1.2495,0.9884
HVM-0982,W01,-18,59,1,10,1.2331,0.9549
HVM-0982,W01,-17,59,1,10,1.2360,0.9330
HVM-0982,W01,-16,59,1,10,1.2789,0.9904
HVM-0982,W01,-15,59,2,21,1.2779,0.9829
HVM-0982,W01,-14,59,2,21,1.2127,0.9927
HVM-0982,W01,-13,59,1,10,1.2341,0.9641
HVM-0982,W01,-12,59,1,10,1.2501,0.9441
HVM-0982,W01,-11,59,1,10,1.3425,0.9553
HVM-0982,W01,-10,59,1,10,1.2796,0.9485
HVM-0982,W01,-9,59,1,10,1.2578,0.9302
HVM-0982,W01,-8,59,1,10,1.2827,0.9555
HVM-0982,W01,-7,59,1,10,1.3100,0.9445
HVM-0982,W01,-6,59,1,10,1.2953,0.9641
HVM-0982,W01,-5,59,1,10,1.2728,0.9392
HVM-0982,W01,-4,59,1,10,1.2799,0.9532
HVM-0982,W01,-3,59,1,10,1.2529,0.8899
HVM-0982,W01,-2,59,1,10,1.2485,0.9423
HVM-0982,W01,-1,59,1,10,1.2586,0.9575
HVM-0982,W01,0,59,1,10,1.3093,0.9163
HVM-0982,W01,1,59,1,10,1.2865,0.9547
HVM-0982,W01,2,59,1,10,1.2783,0.9404
HVM-0982,W01,3,59,1,10,1.2790,0.9727
HVM-0982,W01,4,59,1,10,1.3194,0.9856
HVM-0982,W01,5,59,1,10,1.3325,0.9889
HVM-0982,W01,6,59,1,10,1.3167,1.0063
HVM-0982,W01,7,59,1,10,1.3124,0.9797
HVM-0982,W01,8,59,1,10,1.3360,0.9678
HVM-0982,W01,9,59,1,10,1.3076,0.9419
HVM-0982,W01,10,59,1,10,1.3238,0.9986
HVM-0982,W01,11,59,1,10,1.3119,1.0072
HVM-0982,W01,12,59,1,10,1.3172,0.9620
HVM-0982,W01,13,59,2,21,1.3682,0.9797
HVM-0982,W01,14,59,3,21,1.2925,0.9543
HVM-0982,W01,15,59,1,10,1.2714,1.0120
HVM-0982,W01,16,59,1,10,1.3397,0.9694
HVM-0982,W01,17,59,1,10,1.3456,0.9507
HVM-0982,W01,18,59,1,10,1.3918,0.9626
HVM-0982,W01,19,59,1,10,1.3589,0.9192
HVM-0982,W01,-18,60,1,10,1.2069,1.0089
HVM-0982,W01,-17,60,2,31,1.2565,1.0144
HVM-0982,W01,-16,60,1,10,1.2486,1.0088
HVM-0982,W01,-15,60,2,30,1.3122,0.9479
HVM-0982,W01,-14,60,4,21,1.2389,0.9666
HVM-0982,W01,-13,60,1,10,1.2076,0.9797
HVM-0982,W01,-12,60,1,10,1.2373,0.9571
HVM-0982,W01,-11,60,1,10,1.2258,0.9524
HVM-0982,W01,-10,60,2,20,1.2728,0.9849
HVM-0982,W01,-9,60,1,10,1.2749,0.9491
HVM-0982,W01,-8,60,1,10,1.2170,0.9596
HVM-0982,W01,-7,60,1,10,1.2466,0.9649
HVM-0982,W01,-6,60,1,10,1.2482,0.9867
HVM-0982,W01,-5,60,1,10,1.2308,0.9361
HVM-0982,W01,-4,60,2,20,1.2482,0.9844
HVM-0982,W01,-3,60,1,10,1.2825,0.9580
HVM-0982,W01,-2,60,2,20,1.2701,0.9362
HVM-0982,W01,-1,60,1,10,1.2725,0.9617
HVM-0982,W01,0,60,1,10,1.3215,0.9668
HVM-0982,W01,1,60,1,10,1.2633,0.9717
HVM-0982,W01,2,60,1,10,1.2627,0.9516
HVM-0982,W01,3,60,1,10,1.2973,0.9365
HVM-0982,W01,4,60,1,10,1.3179,0.9514
HVM-0982,W01,5,60,1,10,1.3089,0.9514
HVM-0982,W01,6,60,1,10,1.3028,0.9910
HVM-0982,W01,7,60,1,10,1.3051,0.9614
HVM-0982,W01,8,60,1,10,1.3198,0.9142
HVM-0982,W01,9,60,1,10,1.3223,1.0188
HVM-0982,W01,10,60,1,10,1.2852,0.8903
HVM-0982,W01,11,60,1,10,1.3783,0.9815
HVM-0982,W01,12,60,1,10,1.3046,0.9802
HVM-0982,W01,13,60,1,10,1.3277,0.9813
HVM-0982,W01,14,60,3,31,1.2998,0.9831
HVM-0982,W01,15,60,3,20,1.3853,0.8986
HVM-0982,W01,16,60,1,10,1.3492,0.9827
HVM-0982,W01,17,60,1,10,1.3064,0.9728
HVM-0982,W01,18,60,1,10,1.3365,0.9637
HVM-0982,W01,-16,61,4,30,1.2543,0.9879
HVM-0982,W01,-15,61,1,10,1.2610,0.9986
HVM-0982,W01,-14,61,2,31,1.2700,0.9928
HVM-0982,W01,-13,61,1,10,1.2606,0.9727
HVM-0982,W01,-12,61,1,10,1.2450,0.9686
HVM-0982,W01,-11,61,1,10,1.2741,0.9461
HVM-0982,W01,-10,61,1,10,1.2280,0.9548
HVM-0982,W01,-9,61,1,10,1.2825,0.9486
HVM-0982,W01,-8,61,4,21,1.3304,0.9464
HVM-0982,W01,-7,61,1,10,1.2734,0.9481
HVM-0982,W01,-6,61,1,10,1.2772,0.9149
HVM-0982,W01,-5,61,1,10,1.2543,0.9441
HVM-0982,W01,-4,61,1,10,1.3084,0.9430
HVM-0982,W01,-3,61,1,10,1.2858,0.9205
HVM-0982,W01,-2,61,1,10,1.2780,0.9653
HVM-0982,W01,-1,61,1,10,1.2897,0.9872
HVM-0982,W01,0,61,1,10,1.3001,0.9300
HVM-0982,W01,1,61,1,10,1.2573,0.9727
HVM-0982,W01,2,61,1,10,1.3052,0.9206
HVM-0982,W01,3,61,1,10,1.3175,0.9304
HVM-0982,W01,4,61,1,10,1.3236,0.9557
HVM-0982,W01,5,61,3,21,1.3044,0.9947
HVM-0982,W01,6,61,1,10,1.2813,0.9482
HVM-0982,W01,7,61,1,10,1.3107,0.9976
HVM-0982,W01,8,61,1,10,1.3113,1.0074
HVM-0982,W01,9,61,1,10,1.3311,0.9449
HVM-0982,W01,10,61,1,10,1.3492,0.9822
HVM-0982,W01,11,61,1,10,1.3583,0.9510
HVM-0982,W01,12,61,1,10,1.3130,0.9601
HVM-0982,W01,13,61,1,10,1.3357,0.9455
HVM-0982,W01,14,61,1,10,1.3141,0.9939
HVM-0982,W01,15,61,1,10,1.3265,0.9475
HVM-0982,W01,16,61,1,10,1.3677,0.9290
HVM-0982,W01,-13,62,4,30,1.2105,0.9710
HVM-0982,W01,-12,62,1,10,1.2378,0.9967
HVM-0982,W01,-11,62,1,10,1.2335,0.9465
HVM-0982,W01,-10,62,1,10,1.2246,0.9570
HVM-0982,W01,-9,62,4,20,1.2590,0.9396
HVM-0982,W01,-8,62,1,10,1.2822,0.9727
HVM-0982,W01,-7,62,2,20,1.3429,0.9782
HVM-0982,W01,-6,62,2,20,1.2692,0.9635
HVM-0982,W01,-5,62,1,10,1.2759,0.9565
HVM-0982,W01,-4,62,1,10,1.3140,0.9675
HVM-0982,W01,-3,62,4,31,1.2791,0.9488
HVM-0982,W01,-2,62,1,10,1.2875,0.9553
HVM-0982,W01,-1,62,1,10,1.3496,0.9504
HVM-0982,W01,0,62,1,10,1.2813,0.9492
HVM-0982,W01,1,62,1,10,1.2780,0.9463
HVM-0982,W01,2,62,1,10,1.3306,0.9348
HVM-0982,W01,3,62,1,10,1.2885,0.9714
HVM-0982,W01,4,62,1,10,1.3363,1.0062
HVM-0982,W01,5,62,4,30,1.3048,0.9480
HVM-0982,W01,6,62,1,10,1.3141,0.9414
HVM-0982,W01,7,62,1,10,1.3596,0.9912
HVM-0982,W01,8,62,1,10,1.2831,0.9692
HVM-0982,W01,9,62,1,10,1.3045,0.9816
HVM-0982,W01,10,62,4,30,1.3349,0.9542
HVM-0982,W01,11,62,1,10,1.3000,0.9312
HVM-0982,W01,12,62,1,10,1.3312,0.9684
HVM-0982,W01,13,62,1,10,1.3634,0.9780
HVM-0982,W01,-10,63,4,21,1.2623,0.9793
HVM-0982,W01,-9,63,1,10,1.2635,0.9880
HVM-0982,W01,-8,63,1,10,1.2496,0.9594
HVM-0982,W01,-7,63,1,10,1.2952,0.9556
HVM-0982,W01,-6,63,1,10,1.2656,0.9682
HVM-0982,W01,-5,63,1,10,1.2806,0.9566
HVM-0982,W01,-4,63,1,10,1.2993,0.9777
HVM-0982,W01,-3,63,4,21,1.2794,0.9734
HVM-0982,W01,-2,63,3,20,1.2668,0.9435
HVM-0982,W01,-1,63,1,10,1.2695,0.9651
HVM-0982,W01,0,63,1,10,1.2692,0.9408
HVM-0982,W01,1,63,1,10,1.2572,0.9454
HVM-0982,W01,2,63,1,10,1.3012,1.0097
HVM-0982,W01,3,63,2,21,1.2619,0.9571
HVM-0982,W01,4,63,3,21,1.2942,0.9631
HVM-0982,W01,5,63,1,10,1.3066,0.9762
HVM-0982,W01,6,63,3,31,1.3349,0.9382
HVM-0982,W01,7,63,1,10,1.3079,0.9869
HVM-0982,W01,8,63,1,10,1.3443,0.9284
HVM-0982,W01,9,63,1,10,1.3425,0.9601
HVM-0982,W01,10,63,2,31,1.2993,0.9682
HVM-0982,W01,-6,64,3,20,1.2681,0.9905
HVM-0982,W01,-5,64,1,10,1.2688,0.9163
HVM-0982,W01,-4,64,1,10,1.3108,0.9800
HVM-0982,W01,-3,64,1,10,1.2824,0.9829
HVM-0982,W01,-2,64,1,10,1.2858,0.9088
HVM-0982,W01,-1,64,4,21,1.3399,0.9173
HVM-0982,W01,0,64,1,10,1.2981,0.9276
HVM-0982,W01,1,64,1,10,1.2866,0.9637
HVM-0982,W01,2,64,3,20,1.3339,0.9577
HVM-0982,W01,3,64,1,10,1.3116,0.9675
HVM-0982,W01,4,64,4,31,1.2991,0.9398
HVM-0982,W01,5,64,1,10,1.2769,0.9495
HVM-0982,W01,6,64,1,10,1.2990,0.9832
