lot_num,wafer_num,step_x,step_y,bin,tester,node_nam,tst_temp
PWR-LOT-2025-44,W01,-2,-14,1,EAGLE-01,PHOENIX-3A,25
PWR-LOT-2025-44,W01,-1,-14,1,EAGLE-01,PHOENIX-3A,25
PWR-LOT-2025-44,W01,0,-14,1,EAGLE-01,PHOENIX-3A,25
PWR-LOT-2025-44,W01,1,-14,1,EAGLE-01,PHOENIX-3A,25
PWR-LOT-2025-44,W01,2,-14,1,EAGLE-01,PHOENIX-3A,25
PWR-LOT-2025-44,W01,-5,-13,1,EAGLE-01,PHOENIX-3A,25
PWR-LOT-2025-44,W01,-4,-13,1,EAGLE-01,PHOENIX-3A,25
PWR-LOT-2025-44,W01,-3,-13,1,EAGLE-01,PHOENIX-3A,25
PWR-LOT-2025-44,W01,-2,-13,1,EAGLE-01,PHOENIX-3A,25
PWR-LOT-2025-44,W01,-1,-13,1,EAGLE-01,PHOENIX-3A,25
PWR-LOT-2025-44,W01,0,-13,1,EAGLE-01,PHOENIX-3A,25
PWR-LOT-2025-44,W01,1,-13,1,EAGLE-01,PHOENIX-3A,25
PWR-LOT-2025-44,W01,2,-13,1,EAGLE-01,PHOENIX-3A,25
PWR-LOT-2025-44,W01,3,-13,1,EAGLE-01,PHOENIX-3A,25
PWR-LOT-2025-44,W01,4,-13,1,EAGLE-01,PHOENIX-3A,25
PWR-LOT-2025-44,W01,5,-13,1,EAGLE-01,PHOENIX-3A,25
PWR-LOT-2025-44,W01,-7,-12,1,EAGLE-01,PHOENIX-3A,25
PWR-LOT-2025-44,W01,-6,-12,1,EAGLE-01,PHOENIX-3A,25
PWR-LOT-2025-44,W01,-5,-12,1,EAGLE-01,PHOENIX-3A,25
PWR-LOT-2025-44,W01,-4,-12,1,EAGLE-01,PHOENIX-3A,25
PWR-LOT-2025-44,W01,-3,-12,1,EAGLE-01,PHOENIX-3A,25
PWR-LOT-2025-44,W01,-2,-12,1,EAGLE-01,PHOENIX-3A,25
PWR-LOT-2025-44,W01,-1,-12,1,EAGLE-01,PHOENIX-3A,25
PWR-LOT-2025-44,W01,0,-12,1,EAGLE-01,PHOENIX-3A,25
PWR-LOT-2025-44,W01,1,-12,1,EAGLE-01,PHOENIX-3A,25
PWR-LOT-2025-44,W01,2,-12,1,EAGLE-01,PHOENIX-3A,25
PWR-LOT-2025-44,W01,3,-12,1,EAGLE-01,PHOENIX-3A,25
PWR-LOT-2025-44,W01,4,-12,1,EAGLE-01,PHOENIX-3A,25
PWR-LOT-2025-44,W01,5,-12,1,EAGLE-01,PHOENIX-3A,25
PWR-LOT-2025-44,W01,6,-12,1,EAGLE-01,PHOENIX-3A,25
PWR-LOT-2025-44,W01,7,-12,1,EAGLE-01,PHOENIX-3A,25
PWR-LOT-2025-44,W01,-8,-11,1,EAGLE-01,PHOENIX-3A,25
PWR-LOT-2025-44,W01,-7,-11,1,EAGLE-01,PHOENIX-3A,25
PWR-LOT-2025-44,W01,-6,-11,1,EAGLE-01,PHOENIX-3A,25
PWR-LOT-2025-44,W01,-5,-11,1,EAGLE-01,PHOENIX-3A,25
PWR-LOT-2025-44,W01,-4,-11,1,EAGLE-01,PHOENIX-3A,25
PWR-LOT-2025-44,W01,-3,-11,1,EAGLE-01,PHOENIX-3A,25
PWR-LOT-2025-44,W01,-2,-11,1,EAGLE-01,PHOENIX-3A,25
PWR-LOT-2025-44,W01,-1,-11,1,EAGLE-01,PHOENIX-3A,25
PWR-LOT-2025-44,W01,0,-11,1,EAGLE-01,PHOENIX-3A,25
PWR-LOT-2025-44,W01,1,-11,1,EAGLE-01,PHOENIX-3A,25
PWR-LOT-2025-44,W01,2,-11,1,EAGLE-01,PHOENIX-3A,25
PWR-LOT-2025-44,W01,3,-11,1,EAGLE-01,PHOENIX-3A,25
PWR-LOT-2025-44,W01,4,-11,1,EAGLE-01,PHOENIX-3A,25
PWR-LOT-2025-44,W01,5,-11,1,EAGLE-01,PHOENIX-3A,25
PWR-LOT-2025-44,W01,6,-11,1,EAGLE-01,PHOENIX-3A,25
PWR-LOT-2025-44,W01,7,-11,1,EAGLE-01,PHOENIX-3A,25
PWR-LOT-2025-44,W01,8,-11,1,EAGLE-01,PHOENIX-3A,25
PWR-LOT-2025-44,W01,-10,-10,1,EAGLE-01,PHOENIX-3A,25
PWR-LOT-2025-44,W01,-9,-10,1,EAGLE-01,PHOENIX-3A,25
PWR-LOT-2025-44,W01,-8,-10,1,EAGLE-01,PHOENIX-3A,25
PWR-LOT-2025-44,W01,-7,-10,1,EAGLE-01,PHOENIX-3A,25
PWR-LOT-2025-44,W01,-6,-10,1,EAGLE-01,PHOENIX-3A,25
PWR-LOT-2025-44,W01,-5,-10,1,EAGLE-01,PHOENIX-3A,25
PWR-LOT-2025-44,W01,-4,-10,1,EAGLE-01,PHOENIX-3A,25
PWR-LOT-2025-44,W01,-3,-10,1,EAGLE-01,PHOENIX-3A,25
PWR-LOT-2025-44,W01,-2,-10,1,EAGLE-01,PHOENIX-3A,25
PWR-LOT-2025-44,W01,-1,-10,1,EAGLE-01,PHOENIX-3A,25
PWR-LOT-2025-44,W01,0,-10,1,EAGLE-01,PHOENIX-3A,25
PWR-LOT-2025-44,W01,1,-10,1,EAGLE-01,PHOENIX-3A,25
PWR-LOT-2025-44,W01,2,-10,1,EAGLE-01,PHOENIX-3A,25
PWR-LOT-2025-44,W01,3,-10,1,EAGLE-01,PHOENIX-3A,25
PWR-LOT-2025-44,W01,4,-10,2,EAGLE-01,PHOENIX-3A,25
PWR-LOT-2025-44,W01,5,-10,1,EAGLE-01,PHOENIX-3A,25
PWR-LOT-2025-44,W01,6,-10,1,EAGLE-01,PHOENIX-3A,25
PWR-LOT-2025-44,W01,7,-10,1,EAGLE-01,PHOENIX-3A,25
PWR-LOT-2025-44,W01,8,-10,1,EAGLE-01,PHOENIX-3A,25
PWR-LOT-2025-44,W01,9,-10,1,EAGLE-01,PHOENIX-3A,25
PWR-LOT-2025-44,W01,10,-10,1,EAGLE-01,PHOENIX-3A,25
PWR-LOT-2025-44,W01,-10,-9,1,EAGLE-01,PHOENIX-3A,25
PWR-LOT-2025-44,W01,-9,-9,1,EAGLE-01,PHOENIX-3A,25
PWR-LOT-2025-44,W01,-8,-9,1,EAGLE-01,PHOENIX-3A,25
PWR-LOT-2025-44,W01,-7,-9,1,EAGLE-01,PHOENIX-3A,25
PWR-LOT-2025-44,W01,-6,-9,1,EAGLE-01,PHOENIX-3A,25
PWR-LOT-2025-44,W01,-5,-9,1,EAGLE-01,PHOENIX-3A,25
PWR-LOT-2025-44,W01,-4,-9,1,EAGLE-01,PHOENIX-3A,25
PWR-LOT-2025-44,W01,-3,-9,1,EAGLE-01,PHOENIX-3A,25
PWR-LOT-2025-44,W01,-2,-9,1,EAGLE-01,PHOENIX-3A,25
PWR-LOT-2025-44,W01,-1,-9,3,EAGLE-01,PHOENIX-3A,25
PWR-LOT-2025-44,W01,0,-9,1,EAGLE-01,PHOENIX-3A,25
PWR-LOT-2025-44,W01,1,-9,1,EAGLE-01,PHOENIX-3A,25
PWR-LOT-2025-44,W01,2,-9,1,EAGLE-01,PHOENIX-3A,25
PWR-LOT-2025-44,W01,3,-9,1,EAGLE-01,PHOENIX-3A,25
PWR-LOT-2025-44,W01,4,-9,1,EAGLE-01,PHOENIX-3A,25
PWR-LOT-2025-44,W01,5,-9,1,EAGLE-01,PHOENIX-3A,25
PWR-LOT-2025-44,W01,6,-9,1,EAGLE-01,PHOENIX-3A,25
PWR-LOT-2025-44,W01,7,-9,1,EAGLE-01,PHOENIX-3A,25
PWR-LOT-2025-44,W01,8,-9,1,EAGLE-01,PHOENIX-3A,25
PWR-LOT-2025-44,W01,9,-9,1,EAGLE-01,PHOENIX-3A,25
PWR-LOT-2025-44,W01,10,-9,2,EAGLE-01,PHOENIX-3A,25
PWR-LOT-2025-44,W01,-11,-8,1,EAGLE-01,PHOENIX-3A,25
PWR-LOT-2025-44,W01,-10,-8,1,EAGLE-01,PHOENIX-3A,25
PWR-LOT-2025-44,W01,-9,-8,1,EAGLE-01,PHOENIX-3A,25
PWR-LOT-2025-44,W01,-8,-8,1,EAGLE-01,PHOENIX-3A,25
PWR-LOT-2025-44,W01,-7,-8,1,EAGLE-01,PHOENIX-3A,25
PWR-LOT-2025-44,W01,-6,-8,1,EAGLE-01,PHOENIX-3A,25
PWR-LOT-2025-44,W01,-5,-8,1,EAGLE-01,PHOENIX-3A,25
PWR-LOT-2025-44,W01,-4,-8,1,EAGLE-01,PHOENIX-3A,25
PWR-LOT-2025-44,W01,-3,-8,1,EAGLE-01,PHOENIX-3A,25
PWR-LOT-2025-44,W01,-2,-8,1,EAGLE-01,PHOENIX-3A,25
PWR-LOT-2025-44,W01,-1,-8,1,EAGLE-01,PHOENIX-3A,25
PWR-LOT-2025-44,W01,0,-8,1,EAGLE-01,PHOENIX-3A,25
PWR-LOT-2025-44,W01,1,-8,1,EAGLE-01,PHOENIX-3A,25
PWR-LOT-2025-44,W01,2,-8,1,EAGLE-01,PHOENIX-3A,25
PWR-LOT-2025-44,W01,3,-8,1,EAGLE-01,PHOENIX-3A,25
PWR-LOT-2025-44,W01,4,-8,1,EAGLE-01,PHOENIX-3A,25
PWR-LOT-2025-44,W01,5,-8,1,EAGLE-01,PHOENIX-3A,25
PWR-LOT-2025-44,W01,6,-8,1,EAGLE-01,PHOENIX-3A,25
PWR-LOT-2025-44,W01,7,-8,1,EAGLE-01,PHOENIX-3A,25
PWR-LOT-2025-44,W01,8,-8,1,EAGLE-01,PHOENIX-3A,25
PWR-LOT-2025-44,W01,9,-8,1,EAGLE-01,PHOENIX-3A,25
PWR-LOT-2025-44,W01,10,-8,1,EAGLE-01,PHOENIX-3A,25
PWR-LOT-2025-44,W01,11,-8,1,EAGLE-01,PHOENIX-3A,25
PWR-LOT-2025-44,W01,-12,-7,1,EAGLE-01,PHOENIX-3A,25
PWR-LOT-2025-44,W01,-11,-7,1,EAGLE-01,PHOENIX-3A,25
PWR-LOT-2025-44,W01,-10,-7,1,EAGLE-01,PHOENIX-3A,25
PWR-LOT-2025-44,W01,-9,-7,1,EAGLE-01,PHOENIX-3A,25
PWR-LOT-2025-44,W01,-8,-7,1,EAGLE-01,PHOENIX-3A,25
PWR-LOT-2025-44,W01,-7,-7,2,EAGLE-01,PHOENIX-3A,25
PWR-LOT-2025-44,W01,-6,-7,1,EAGLE-01,PHOENIX-3A,25
PWR-LOT-2025-44,W01,-5,-7,1,EAGLE-01,PHOENIX-3A,25
PWR-LOT-2025-44,W01,-4,-7,3,EAGLE-01,PHOENIX-3A,25
PWR-LOT-2025-44,W01,-3,-7,1,EAGLE-01,PHOENIX-3A,25
PWR-LOT-2025-44,W01,-2,-7,1,EAGLE-01,PHOENIX-3A,25
PWR-LOT-2025-44,W01,-1,-7,1,EAGLE-01,PHOENIX-3A,25
PWR-LOT-2025-44,W01,0,-7,1,EAGLE-01,PHOENIX-3A,25
PWR-LOT-2025-44,W01,1,-7,1,EAGLE-01,PHOENIX-3A,25
PWR-LOT-2025-44,W01,2,-7,1,EAGLE-01,PHOENIX-3A,25
PWR-LOT-2025-44,W01,3,-7,1,EAGLE-01,PHOENIX-3A,25
PWR-LOT-2025-44,W01,4,-7,1,EAGLE-01,PHOENIX-3A,25
PWR-LOT-2025-44,W01,5,-7,1,EAGLE-01,PHOENIX-3A,25
PWR-LOT-2025-44,W01,6,-7,1,EAGLE-01,PHOENIX-3A,25
PWR-LOT-2025-44,W01,7,-7,1,EAGLE-01,PHOENIX-3A,25
PWR-LOT-2025-44,W01,8,-7,1,EAGLE-01,PHOENIX-3A,25
PWR-LOT-2025-44,W01,9,-7,1,EAGLE-01,PHOENIX-3A,25
PWR-LOT-2025-44,W01,10,-7,2,EAGLE-01,PHOENIX-3A,25
PWR-LOT-2025-44,W01,11,-7,1,EAGLE-01,PHOENIX-3A,25
PWR-LOT-2025-44,W01,12,-7,1,EAGLE-01,PHOENIX-3A,25
PWR-LOT-2025-44,W01,-12,-6,1,EAGLE-01,PHOENIX-3A,25
PWR-LOT-2025-44,W01,-11,-6,1,EAGLE-01,PHOENIX-3A,25
PWR-LOT-2025-44,W01,-10,-6,1,EAGLE-01,PHOENIX-3A,25
PWR-LOT-2025-44,W01,-9,-6,1,EAGLE-01,PHOENIX-3A,25
PWR-LOT-2025-44,W01,-8,-6,1,EAGLE-01,PHOENIX-3A,25
PWR-LOT-2025-44,W01,-7,-6,1,EAGLE-01,PHOENIX-3A,25
PWR-LOT-2025-44,W01,-6,-6,2,EAGLE-01,PHOENIX-3A,25
PWR-LOT-2025-44,W01,-5,-6,1,EAGLE-01,PHOENIX-3A,25
PWR-LOT-2025-44,W01,-4,-6,1,EAGLE-01,PHOENIX-3A,25
PWR-LOT-2025-44,W01,-3,-6,1,EAGLE-01,PHOENIX-3A,25
PWR-LOT-2025-44,W01,-2,-6,1,EAGLE-01,PHOENIX-3A,25
PWR-LOT-2025-44,W01,-1,-6,1,EAGLE-01,PHOENIX-3A,25
PWR-LOT-2025-44,W01,0,-6,1,EAGLE-01,PHOENIX-3A,25
PWR-LOT-2025-44,W01,1,-6,1,EAGLE-01,PHOENIX-3A,25
PWR-LOT-2025-44,W01,2,-6,1,EAGLE-01,PHOENIX-3A,25
PWR-LOT-2025-44,W01,3,-6,1,EAGLE-01,PHOENIX-3A,25
PWR-LOT-2025-44,W01,4,-6,1,EAGLE-01,PHOENIX-3A,25
PWR-LOT-2025-44,W01,5,-6,1,EAGLE-01,PHOENIX-3A,25
PWR-LOT-2025-44,W01,6,-6,1,EAGLE-01,PHOENIX-3A,25
PWR-LOT-2025-44,W01,7,-6,1,EAGLE-01,PHOENIX-3A,25
PWR-LOT-2025-44,W01,8,-6,1,EAGLE-01,PHOENIX-3A,25
PWR-LOT-2025-44,W01,9,-6,1,EAGLE-01,PHOENIX-3A,25
PWR-LOT-2025-44,W01,10,-6,1,EAGLE-01,PHOENIX-3A,25
PWR-LOT-2025-44,W01,11,-6,1,EAGLE-01,PHOENIX-3A,25
PWR-LOT-2025-44,W01,12,-6,1,EAGLE-01,PHOENIX-3A,25
PWR-LOT-2025-44,W01,-13,-5,1,EAGLE-01,PHOENIX-3A,25
PWR-LOT-2025-44,W01,-12,-5,1,EAGLE-01,PHOENIX-3A,25
PWR-LOT-2025-44,W01,-11,-5,1,EAGLE-01,PHOENIX-3A,25
PWR-LOT-2025-44,W01,-10,-5,1,EAGLE-01,PHOENIX-3A,25
PWR-LOT-2025-44,W01,-9,-5,1,EAGLE-01,PHOENIX-3A,25
PWR-LOT-2025-44,W01,-8,-5,3,EAGLE-01,PHOENIX-3A,25
PWR-LOT-2025-44,W01,-7,-5,1,EAGLE-01,PHOENIX-3A,25
PWR-LOT-2025-44,W01,-6,-5,1,EAGLE-01,PHOENIX-3A,25
PWR-LOT-2025-44,W01,-5,-5,1,EAGLE-01,PHOENIX-3A,25
PWR-LOT-2025-44,W01,-4,-5,1,EAGLE-01,PHOENIX-3A,25
PWR-LOT-2025-44,W01,-3,-5,1,EAGLE-01,PHOENIX-3A,25
PWR-LOT-2025-44,W01,-2,-5,1,EAGLE-01,PHOENIX-3A,25
PWR-LOT-2025-44,W01,-1,-5,1,EAGLE-01,PHOENIX-3A,25
PWR-LOT-2025-44,W01,0,-5,1,EAGLE-01,PHOENIX-3A,25
PWR-LOT-2025-44,W01,1,-5,1,EAGLE-01,PHOENIX-3A,25
PWR-LOT-2025-44,W01,2,-5,1,EAGLE-01,PHOENIX-3A,25
PWR-LOT-2025-44,W01,3,-5,1,EAGLE-01,PHOENIX-3A,25
PWR-LOT-2025-44,W01,4,-5,1,EAGLE-01,PHOENIX-3A,25
PWR-LOT-2025-44,W01,5,-5,1,EAGLE-01,PHOENIX-3A,25
PWR-LOT-2025-44,W01,6,-5,1,EAGLE-01,PHOENIX-3A,25
PWR-LOT-2025-44,W01,7,-5,2,EAGLE-01,PHOENIX-3A,25
PWR-LOT-2025-44,W01,8,-5,1,EAGLE-01,PHOENIX-3A,25
PWR-LOT-2025-44,W01,9,-5,1,EAGLE-01,PHOENIX-3A,25
PWR-LOT-2025-44,W01,10,-5,1,EAGLE-01,PHOENIX-3A,25
PWR-LOT-2025-44,W01,11,-5,1,EAGLE-01,PHOENIX-3A,25
PWR-LOT-2025-44,W01,12,-5,1,EAGLE-01,PHOENIX-3A,25
PWR-LOT-2025-44,W01,13,-5,1,EAGLE-01,PHOENIX-3A,25
PWR-LOT-2025-44,W01,-13,-4,1,EAGLE-01,PHOENIX-3A,25
PWR-LOT-2025-44,W01,-12,-4,1,EAGLE-01,PHOENIX-3A,25
PWR-LOT-2025-44,W01,-11,-4,1,EAGLE-01,PHOENIX-3A,25
PWR-LOT-2025-44,W01,-10,-4,1,EAGLE-01,PHOENIX-3A,25
PWR-LOT-2025-44,W01,-9,-4,1,EAGLE-01,PHOENIX-3A,25
PWR-LOT-2025-44,W01,-8,-4,1,EAGLE-01,PHOENIX-3A,25
PWR-LOT-2025-44,W01,-7,-4,1,EAGLE-01,PHOENIX-3A,25
PWR-LOT-2025-44,W01,-6,-4,1,EAGLE-01,PHOENIX-3A,25
PWR-LOT-2025-44,W01,-5,-4,1,EAGLE-01,PHOENIX-3A,25
PWR-LOT-2025-44,W01,-4,-4,1,EAGLE-01,PHOENIX-3A,25
PWR-LOT-2025-44,W01,-3,-4,1,EAGLE-01,PHOENIX-3A,25
PWR-LOT-2025-44,W01,-2,-4,1,EAGLE-01,PHOENIX-3A,25
PWR-LOT-2025-44,W01,-1,-4,1,EAGLE-01,PHOENIX-3A,25
PWR-LOT-2025-44,W01,0,-4,1,EAGLE-01,PHOENIX-3A,25
PWR-LOT-2025-44,W01,1,-4,1,EAGLE-01,PHOENIX-3A,25
PWR-LOT-2025-44,W01,2,-4,1,EAGLE-01,PHOENIX-3A,25
PWR-LOT-2025-44,W01,3,-4,1,EAGLE-01,PHOENIX-3A,25
PWR-LOT-2025-44,W01,4,-4,1,EAGLE-01,PHOENIX-3A,25
PWR-LOT-2025-44,W01,5,-4,1,EAGLE-01,PHOENIX-3A,25
PWR-LOT-2025-44,W01,6,-4,1,EAGLE-01,PHOENIX-3A,25
PWR-LOT-2025-44,W01,7,-4,1,EAGLE-01,PHOENIX-3A,25
PWR-LOT-2025-44,W01,8,-4,1,EAGLE-01,PHOENIX-3A,25
PWR-LOT-2025-44,W01,9,-4,1,EAGLE-01,PHOENIX-3A,25
PWR-LOT-2025-44,W01,10,-4,3,EAGLE-01,PHOENIX-3A,25
PWR-LOT-2025-44,W01,11,-4,1,EAGLE-01,PHOENIX-3A,25
PWR-LOT-2025-44,W01,12,-4,3,EAGLE-01,PHOENIX-3A,25
PWR-LOT-2025-44,W01,13,-4,1,EAGLE-01,PHOENIX-3A,25
PWR-LOT-2025-44,W01,-13,-3,1,EAGLE-01,PHOENIX-3A,25
PWR-LOT-2025-44,W01,-12,-3,1,EAGLE-01,PHOENIX-3A,25
PWR-LOT-2025-44,W01,-11,-3,1,EAGLE-01,PHOENIX-3A,25
PWR-LOT-2025-44,W01,-10,-3,1,EAGLE-01,PHOENIX-3A,25
PWR-LOT-2025-44,W01,-9,-3,1,EAGLE-01,PHOENIX-3A,25
PWR-LOT-2025-44,W01,-8,-3,1,EAGLE-01,PHOENIX-3A,25
PWR-LOT-2025-44,W01,-7,-3,1,EAGLE-01,PHOENIX-3A,25
PWR-LOT-2025-44,W01,-6,-3,1,EAGLE-01,PHOENIX-3A,25
PWR-LOT-2025-44,W01,-5,-3,1,EAGLE-01,PHOENIX-3A,25
PWR-LOT-2025-44,W01,-4,-3,1,EAGLE-01,PHOENIX-3A,25
PWR-LOT-2025-44,W01,-3,-3,1,EAGLE-01,PHOENIX-3A,25
PWR-LOT-2025-44,W01,-2,-3,2,EAGLE-01,PHOENIX-3A,25
PWR-LOT-2025-44,W01,-1,-3,1,EAGLE-01,PHOENIX-3A,25
PWR-LOT-2025-44,W01,0,-3,1,EAGLE-01,PHOENIX-3A,25
PWR-LOT-2025-44,W01,1,-3,1,EAGLE-01,PHOENIX-3A,25
PWR-LOT-2025-44,W01,2,-3,1,EAGLE-01,PHOENIX-3A,25
PWR-LOT-2025-44,W01,3,-3,1,EAGLE-01,PHOENIX-3A,25
PWR-LOT-2025-44,W01,4,-3,1,EAGLE-01,PHOENIX-3A,25
PWR-LOT-2025-44,W01,5,-3,1,EAGLE-01,PHOENIX-3A,25
PWR-LOT-2025-44,W01,6,-3,1,EAGLE-01,PHOENIX-3A,25
PWR-LOT-2025-44,W01,7,-3,1,EAGLE-01,PHOENIX-3A,25
PWR-LOT-2025-44,W01,8,-3,1,EAGLE-01,PHOENIX-3A,25
PWR-LOT-2025-44,W01,9,-3,1,EAGLE-01,PHOENIX-3A,25
PWR-LOT-2025-44,W01,10,-3,1,EAGLE-01,PHOENIX-3A,25
PWR-LOT-2025-44,W01,11,-3,1,EAGLE-01,PHOENIX-3A,25
PWR-LOT-2025-44,W01,12,-3,1,EAGLE-01,PHOENIX-3A,25
PWR-LOT-2025-44,W01,13,-3,2,EAGLE-01,PHOENIX-3A,25
PWR-LOT-2025-44,W01,-14,-2,1,EAGLE-01,PHOENIX-3A,25
PWR-LOT-2025-44,W01,-13,-2,1,EAGLE-01,PHOENIX-3A,25
PWR-LOT-2025-44,W01,-12,-2,1,EAGLE-01,PHOENIX-3A,25
PWR-LOT-2025-44,W01,-11,-2,1,EAGLE-01,PHOENIX-3A,25
PWR-LOT-2025-44,W01,-10,-2,1,EAGLE-01,PHOENIX-3A,25
PWR-LOT-2025-44,W01,-9,-2,1,EAGLE-01,PHOENIX-3A,25
PWR-LOT-2025-44,W01,-8,-2,1,EAGLE-01,PHOENIX-3A,25
PWR-LOT-2025-44,W01,-7,-2,1,EAGLE-01,PHOENIX-3A,25
PWR-LOT-2025-44,W01,-6,-2,1,EAGLE-01,PHOENIX-3A,25
PWR-LOT-2025-44,W01,-5,-2,1,EAGLE-01,PHOENIX-3A,25
PWR-LOT-2025-44,W01,-4,-2,1,EAGLE-01,PHOENIX-3A,25
PWR-LOT-2025-44,W01,-3,-2,1,EAGLE-01,PHOENIX-3A,25
PWR-LOT-2025-44,W01,-2,-2,1,EAGLE-01,PHOENIX-3A,25
PWR-LOT-2025-44,W01,-1,-2,1,EAGLE-01,PHOENIX-3A,25
PWR-LOT-2025-44,W01,0,-2,1,EAGLE-01,PHOENIX-3A,25
PWR-LOT-2025-44,W01,1,-2,1,EAGLE-01,PHOENIX-3A,25
PWR-LOT-2025-44,W01,2,-2,1,EAGLE-01,PHOENIX-3A,25
PWR-LOT-2025-44,W01,3,-2,1,EAGLE-01,PHOENIX-3A,25
PWR-LOT-2025-44,W01,4,-2,1,EAGLE-01,PHOENIX-3A,25
PWR-LOT-2025-44,W01,5,-2,1,EAGLE-01,PHOENIX-3A,25
PWR-LOT-2025-44,W01,6,-2,1,EAGLE-01,PHOENIX-3A,25
PWR-LOT-2025-44,W01,7,-2,1,EAGLE-01,PHOENIX-3A,25
PWR-LOT-2025-44,W01,8,-2,1,EAGLE-01,PHOENIX-3A,25
PWR-LOT-2025-44,W01,9,-2,1,EAGLE-01,PHOENIX-3A,25
PWR-LOT-2025-44,W01,10,-2,1,EAGLE-01,PHOENIX-3A,25
PWR-LOT-2025-44,W01,11,-2,1,EAGLE-01,PHOENIX-3A,25
PWR-LOT-2025-44,W01,12,-2,1,EAGLE-01,PHOENIX-3A,25
PWR-LOT-2025-44,W01,13,-2,1,EAGLE-01,PHOENIX-3A,25
PWR-LOT-2025-44,W01,14,-2,1,EAGLE-01,PHOENIX-3A,25
PWR-LOT-2025-44,W01,-14,-1,1,EAGLE-01,PHOENIX-3A,25
PWR-LOT-2025-44,W01,-13,-1,1,EAGLE-01,PHOENIX-3A,25
PWR-LOT-2025-44,W01,-12,-1,1,EAGLE-01,PHOENIX-3A,25
PWR-LOT-2025-44,W01,-11,-1,1,EAGLE-01,PHOENIX-3A,25
PWR-LOT-2025-44,W01,-10,-1,1,EAGLE-01,PHOENIX-3A,25
PWR-LOT-2025-44,W01,-9,-1,1,EAGLE-01,PHOENIX-3A,25
PWR-LOT-2025-44,W01,-8,-1,1,EAGLE-01,PHOENIX-3A,25
PWR-LOT-2025-44,W01,-7,-1,1,EAGLE-01,PHOENIX-3A,25
PWR-LOT-2025-44,W01,-6,-1,1,EAGLE-01,PHOENIX-3A,25
PWR-LOT-2025-44,W01,-5,-1,1,EAGLE-01,PHOENIX-3A,25
PWR-LOT-2025-44,W01,-4,-1,1,EAGLE-01,PHOENIX-3A,25
PWR-LOT-2025-44,W01,-3,-1,1,EAGLE-01,PHOENIX-3A,25
PWR-LOT-2025-44,W01,-2,-1,1,EAGLE-01,PHOENIX-3A,25
PWR-LOT-2025-44,W01,-1,-1,1,EAGLE-01,PHOENIX-3A,25
PWR-LOT-2025-44,W01,0,-1,1,EAGLE-01,PHOENIX-3A,25
PWR-LOT-2025-44,W01,1,-1,1,EAGLE-01,PHOENIX-3A,25
PWR-LOT-2025-44,W01,2,-1,1,EAGLE-01,PHOENIX-3A,25
PWR-LOT-2025-44,W01,3,-1,2,EAGLE-01,PHOENIX-3A,25
PWR-LOT-2025-44,W01,4,-1,1,EAGLE-01,PHOENIX-3A,25
PWR-LOT-2025-44,W01,5,-1,1,EAGLE-01,PHOENIX-3A,25
PWR-LOT-2025-44,W01,6,-1,1,EAGLE-01,PHOENIX-3A,25
PWR-LOT-2025-44,W01,7,-1,1,EAGLE-01,PHOENIX-3A,25
PWR-LOT-2025-44,W01,8,-1,1,EAGLE-01,PHOENIX-3A,25
PWR-LOT-2025-44,W01,9,-1,1,EAGLE-01,PHOENIX-3A,25
PWR-LOT-2025-44,W01,10,-1,1,EAGLE-01,PHOENIX-3A,25
PWR-LOT-2025-44,W01,11,-1,1,EAGLE-01,PHOENIX-3A,25
PWR-LOT-2025-44,W01,12,-1,1,EAGLE-01,PHOENIX-3A,25
PWR-LOT-2025-44,W01,13,-1,1,EAGLE-01,PHOENIX-3A,25
PWR-LOT-2025-44,W01,14,-1,1,EAGLE-01,PHOENIX-3A,25
PWR-LOT-2025-44,W01,-14,0,1,EAGLE-01,PHOENIX-3A,25
PWR-LOT-2025-44,W01,-13,0,1,EAGLE-01,PHOENIX-3A,25
PWR-LOT-2025-44,W01,-12,0,1,EAGLE-01,PHOENIX-3A,25
PWR-LOT-2025-44,W01,-11,0,1,EAGLE-01,PHOENIX-3A,25
PWR-LOT-2025-44,W01,-10,0,1,EAGLE-01,PHOENIX-3A,25
PWR-LOT-2025-44,W01,-9,0,1,EAGLE-01,PHOENIX-3A,25
PWR-LOT-2025-44,W01,-8,0,1,EAGLE-01,PHOENIX-3A,25
PWR-LOT-2025-44,W01,-7,0,2,EAGLE-01,PHOENIX-3A,25
PWR-LOT-2025-44,W01,-6,0,1,EAGLE-01,PHOENIX-3A,25
PWR-LOT-2025-44,W01,-5,0,1,EAGLE-01,PHOENIX-3A,25
PWR-LOT-2025-44,W01,-4,0,1,EAGLE-01,PHOENIX-3A,25
PWR-LOT-2025-44,W01,-3,0,1,EAGLE-01,PHOENIX-3A,25
PWR-LOT-2025-44,W01,-2,0,1,EAGLE-01,PHOENIX-3A,25
PWR-LOT-2025-44,W01,-1,0,1,EAGLE-01,PHOENIX-3A,25
PWR-LOT-2025-44,W01,0,0,1,EAGLE-01,PHOENIX-3A,25
PWR-LOT-2025-44,W01,1,0,1,EAGLE-01,PHOENIX-3A,25
PWR-LOT-2025-44,W01,2,0,1,EAGLE-01,PHOENIX-3A,25
PWR-LOT-2025-44,W01,3,0,1,EAGLE-01,PHOENIX-3A,25
PWR-LOT-2025-44,W01,4,0,1,EAGLE-01,PHOENIX-3A,25
PWR-LOT-2025-44,W01,5,0,1,EAGLE-01,PHOENIX-3A,25
PWR-LOT-2025-44,W01,6,0,1,EAGLE-01,PHOENIX-3A,25
PWR-LOT-2025-44,W01,7,0,1,EAGLE-01,PHOENIX-3A,25
PWR-LOT-2025-44,W01,8,0,1,EAGLE-01,PHOENIX-3A,25
PWR-LOT-2025-44,W01,9,0,1,EAGLE-01,PHOENIX-3A,25
PWR-LOT-2025-44,W01,10,0,1,EAGLE-01,PHOENIX-3A,25
PWR-LOT-2025-44,W01,11,0,1,EAGLE-01,PHOENIX-3A,25
PWR-LOT-2025-44,W01,12,0,1,EAGLE-01,PHOENIX-3A,25
PWR-LOT-2025-44,W01,13,0,1,EAGLE-01,PHOENIX-3A,25
PWR-LOT-2025-44,W01,14,0,1,EAGLE-01,PHOENIX-3A,25
PWR-LOT-2025-44,W01,-14,1,1,EAGLE-01,PHOENIX-3A,25
PWR-LOT-2025-44,W01,-13,1,1,EAGLE-01,PHOENIX-3A,25
PWR-LOT-2025-44,W01,-12,1,1,EAGLE-01,PHOENIX-3A,25
PWR-LOT-2025-44,W01,-11,1,1,EAGLE-01,PHOENIX-3A,25
PWR-LOT-2025-44,W01,-10,1,1,EAGLE-01,PHOENIX-3A,25
PWR-LOT-2025-44,W01,-9,1,1,EAGLE-01,PHOENIX-3A,25
PWR-LOT-2025-44,W01,-8,1,1,EAGLE-01,PHOENIX-3A,25
PWR-LOT-2025-44,W01,-7,1,1,EAGLE-01,PHOENIX-3A,25
PWR-LOT-2025-44,W01,-6,1,1,EAGLE-01,PHOENIX-3A,25
PWR-LOT-2025-44,W01,-5,1,1,EAGLE-01,PHOENIX-3A,25
PWR-LOT-2025-44,W01,-4,1,1,EAGLE-01,PHOENIX-3A,25
PWR-LOT-2025-44,W01,-3,1,1,EAGLE-01,PHOENIX-3A,25
PWR-LOT-2025-44,W01,-2,1,1,EAGLE-01,PHOENIX-3A,25
PWR-LOT-2025-44,W01,-1,1,1,EAGLE-01,PHOENIX-3A,25
PWR-LOT-2025-44,W01,0,1,1,EAGLE-01,PHOENIX-3A,25
PWR-LOT-2025-44,W01,1,1,2,EAGLE-01,PHOENIX-3A,25
PWR-LOT-2025-44,W01,2,1,1,EAGLE-01,PHOENIX-3A,25
PWR-LOT-2025-44,W01,3,1,1,EAGLE-01,PHOENIX-3A,25
PWR-LOT-2025-44,W01,4,1,3,EAGLE-01,PHOENIX-3A,25
PWR-LOT-2025-44,W01,5,1,1,EAGLE-01,PHOENIX-3A,25
PWR-LOT-2025-44,W01,6,1,1,EAGLE-01,PHOENIX-3A,25
PWR-LOT-2025-44,W01,7,1,3,EAGLE-01,PHOENIX-3A,25
PWR-LOT-2025-44,W01,8,1,2,EAGLE-01,PHOENIX-3A,25
PWR-LOT-2025-44,W01,9,1,1,EAGLE-01,PHOENIX-3A,25
PWR-LOT-2025-44,W01,10,1,2,EAGLE-01,PHOENIX-3A,25
PWR-LOT-2025-44,W01,11,1,1,EAGLE-01,PHOENIX-3A,25
PWR-LOT-2025-44,W01,12,1,1,EAGLE-01,PHOENIX-3A,25
PWR-LOT-2025-44,W01,13,1,1,EAGLE-01,PHOENIX-3A,25
PWR-LOT-2025-44,W01,14,1,2,EAGLE-01,PHOENIX-3A,25
PWR-LOT-2025-44,W01,-14,2,1,EAGLE-01,PHOENIX-3A,25
PWR-LOT-2025-44,W01,-13,2,1,EAGLE-01,PHOENIX-3A,25
PWR-LOT-2025-44,W01,-12,2,1,EAGLE-01,PHOENIX-3A,25
PWR-LOT-2025-44,W01,-11,2,1,EAGLE-01,PHOENIX-3A,25
PWR-LOT-2025-44,W01,-10,2,1,EAGLE-01,PHOENIX-3A,25
PWR-LOT-2025-44,W01,-9,2,1,EAGLE-01,PHOENIX-3A,25
PWR-LOT-2025-44,W01,-8,2,1,EAGLE-01,PHOENIX-3A,25
PWR-LOT-2025-44,W01,-7,2,1,EAGLE-01,PHOENIX-3A,25
PWR-LOT-2025-44,W01,-6,2,1,EAGLE-01,PHOENIX-3A,25
PWR-LOT-2025-44,W01,-5,2,1,EAGLE-01,PHOENIX-3A,25
PWR-LOT-2025-44,W01,-4,2,1,EAGLE-01,PHOENIX-3A,25
PWR-LOT-2025-44,W01,-3,2,1,EAGLE-01,PHOENIX-3A,25
PWR-LOT-2025-44,W01,-2,2,1,EAGLE-01,PHOENIX-3A,25
PWR-LOT-2025-44,W01,-1,2,1,EAGLE-01,PHOENIX-3A,25
PWR-LOT-2025-44,W01,0,2,1,EAGLE-01,PHOENIX-3A,25
PWR-LOT-2025-44,W01,1,2,1,EAGLE-01,PHOENIX-3A,25
PWR-LOT-2025-44,W01,2,2,1,EAGLE-01,PHOENIX-3A,25
PWR-LOT-2025-44,W01,3,2,2,EAGLE-01,PHOENIX-3A,25
PWR-LOT-2025-44,W01,4,2,3,EAGLE-01,PHOENIX-3A,25
PWR-LOT-2025-44,W01,5,2,3,EAGLE-01,PHOENIX-3A,25
PWR-LOT-2025-44,W01,6,2,2,EAGLE-01,PHOENIX-3A,25
PWR-LOT-2025-44,W01,7,2,1,EAGLE-01,PHOENIX-3A,25
PWR-LOT-2025-44,W01,8,2,1,EAGLE-01,PHOENIX-3A,25
PWR-LOT-2025-44,W01,9,2,3,EAGLE-01,PHOENIX-3A,25
PWR-LOT-2025-44,W01,10,2,1,EAGLE-01,PHOENIX-3A,25
PWR-LOT-2025-44,W01,11,2,1,EAGLE-01,PHOENIX-3A,25
PWR-LOT-2025-44,W01,12,2,1,EAGLE-01,PHOENIX-3A,25
PWR-LOT-2025-44,W01,13,2,3,EAGLE-01,PHOENIX-3A,25
PWR-LOT-2025-44,W01,14,2,3,EAGLE-01,PHOENIX-3A,25
PWR-LOT-2025-44,W01,-13,3,1,EAGLE-01,PHOENIX-3A,25
PWR-LOT-2025-44,W01,-12,3,1,EAGLE-01,PHOENIX-3A,25
PWR-LOT-2025-44,W01,-11,3,1,EAGLE-01,PHOENIX-3A,25
PWR-LOT-2025-44,W01,-10,3,2,EAGLE-01,PHOENIX-3A,25
PWR-LOT-2025-44,W01,-9,3,1,EAGLE-01,PHOENIX-3A,25
PWR-LOT-2025-44,W01,-8,3,1,EAGLE-01,PHOENIX-3A,25
PWR-LOT-2025-44,W01,-7,3,1,EAGLE-01,PHOENIX-3A,25
PWR-LOT-2025-44,W01,-6,3,1,EAGLE-01,PHOENIX-3A,25
PWR-LOT-2025-44,W01,-5,3,1,EAGLE-01,PHOENIX-3A,25
PWR-LOT-2025-44,W01,-4,3,1,EAGLE-01,PHOENIX-3A,25
PWR-LOT-2025-44,W01,-3,3,1,EAGLE-01,PHOENIX-3A,25
PWR-LOT-2025-44,W01,-2,3,1,EAGLE-01,PHOENIX-3A,25
PWR-LOT-2025-44,W01,-1,3,1,EAGLE-01,PHOENIX-3A,25
PWR-LOT-2025-44,W01,0,3,1,EAGLE-01,PHOENIX-3A,25
PWR-LOT-2025-44,W01,1,3,2,EAGLE-01,PHOENIX-3A,25
PWR-LOT-2025-44,W01,2,3,3,EAGLE-01,PHOENIX-3A,25
PWR-LOT-2025-44,W01,3,3,1,EAGLE-01,PHOENIX-3A,25
PWR-LOT-2025-44,W01,4,3,2,EAGLE-01,PHOENIX-3A,25
PWR-LOT-2025-44,W01,5,3,1,EAGLE-01,PHOENIX-3A,25
PWR-LOT-2025-44,W01,6,3,1,EAGLE-01,PHOENIX-3A,25
PWR-LOT-2025-44,W01,7,3,3,EAGLE-01,PHOENIX-3A,25
PWR-LOT-2025-44,W01,8,3,3,EAGLE-01,PHOENIX-3A,25
PWR-LOT-2025-44,W01,9,3,3,EAGLE-01,PHOENIX-3A,25
PWR-LOT-2025-44,W01,10,3,1,EAGLE-01,PHOENIX-3A,25
PWR-LOT-2025-44,W01,11,3,1,EAGLE-01,PHOENIX-3A,25
PWR-LOT-2025-44,W01,12,3,1,EAGLE-01,PHOENIX-3A,25
PWR-LOT-2025-44,W01,13,3,1,EAGLE-01,PHOENIX-3A,25
PWR-LOT-2025-44,W01,-13,4,1,EAGLE-01,PHOENIX-3A,25
PWR-LOT-2025-44,W01,-12,4,1,EAGLE-01,PHOENIX-3A,25
PWR-LOT-2025-44,W01,-11,4,1,EAGLE-01,PHOENIX-3A,25
PWR-LOT-2025-44,W01,-10,4,1,EAGLE-01,PHOENIX-3A,25
PWR-LOT-2025-44,W01,-9,4,1,EAGLE-01,PHOENIX-3A,25
PWR-LOT-2025-44,W01,-8,4,1,EAGLE-01,PHOENIX-3A,25
PWR-LOT-2025-44,W01,-7,4,1,EAGLE-01,PHOENIX-3A,25
PWR-LOT-2025-44,W01,-6,4,1,EAGLE-01,PHOENIX-3A,25
PWR-LOT-2025-44,W01,-5,4,1,EAGLE-01,PHOENIX-3A,25
PWR-LOT-2025-44,W01,-4,4,1,EAGLE-01,PHOENIX-3A,25
PWR-LOT-2025-44,W01,-3,4,1,EAGLE-01,PHOENIX-3A,25
PWR-LOT-2025-44,W01,-2,4,1,EAGLE-01,PHOENIX-3A,25
PWR-LOT-2025-44,W01,-1,4,1,EAGLE-01,PHOENIX-3A,25
PWR-LOT-2025-44,W01,0,4,1,EAGLE-01,PHOENIX-3A,25
PWR-LOT-2025-44,W01,1,4,1,EAGLE-01,PHOENIX-3A,25
PWR-LOT-2025-44,W01,2,4,1,EAGLE-01,PHOENIX-3A,25
PWR-LOT-2025-44,W01,3,4,1,EAGLE-01,PHOENIX-3A,25
PWR-LOT-2025-44,W01,4,4,3,EAGLE-01,PHOENIX-3A,25
PWR-LOT-2025-44,W01,5,4,1,EAGLE-01,PHOENIX-3A,25
PWR-LOT-2025-44,W01,6,4,1,EAGLE-01,PHOENIX-3A,25
PWR-LOT-2025-44,W01,7,4,2,EAGLE-01,PHOENIX-3A,25
PWR-LOT-2025-44,W01,8,4,1,EAGLE-01,PHOENIX-3A,25
PWR-LOT-2025-44,W01,9,4,1,EAGLE-01,PHOENIX-3A,25
PWR-LOT-2025-44,W01,10,4,1,EAGLE-01,PHOENIX-3A,25
PWR-LOT-2025-44,W01,11,4,2,EAGLE-01,PHOENIX-3A,25
PWR-LOT-2025-44,W01,12,4,1,EAGLE-01,PHOENIX-3A,25
PWR-LOT-2025-44,W01,13,4,1,EAGLE-01,PHOENIX-3A,25
PWR-LOT-2025-44,W01,-13,5,1,EAGLE-01,PHOENIX-3A,25
PWR-LOT-2025-44,W01,-12,5,1,EAGLE-01,PHOENIX-3A,25
PWR-LOT-2025-44,W01,-11,5,1,EAGLE-01,PHOENIX-3A,25
PWR-LOT-2025-44,W01,-10,5,1,EAGLE-01,PHOENIX-3A,25
PWR-LOT-2025-44,W01,-9,5,1,EAGLE-01,PHOENIX-3A,25
PWR-LOT-2025-44,W01,-8,5,1,EAGLE-01,PHOENIX-3A,25
PWR-LOT-2025-44,W01,-7,5,1,EAGLE-01,PHOENIX-3A,25
PWR-LOT-2025-44,W01,-6,5,1,EAGLE-01,PHOENIX-3A,25
PWR-LOT-2025-44,W01,-5,5,1,EAGLE-01,PHOENIX-3A,25
PWR-LOT-2025-44,W01,-4,5,1,EAGLE-01,PHOENIX-3A,25
PWR-LOT-2025-44,W01,-3,5,1,EAGLE-01,PHOENIX-3A,25
PWR-LOT-2025-44,W01,-2,5,2,EAGLE-01,PHOENIX-3A,25
PWR-LOT-2025-44,W01,-1,5,2,EAGLE-01,PHOENIX-3A,25
PWR-LOT-2025-44,W01,0,5,1,EAGLE-01,PHOENIX-3A,25
PWR-LOT-2025-44,W01,1,5,1,EAGLE-01,PHOENIX-3A,25
PWR-LOT-2025-44,W01,2,5,2,EAGLE-01,PHOENIX-3A,25
PWR-LOT-2025-44,W01,3,5,1,EAGLE-01,PHOENIX-3A,25
PWR-LOT-2025-44,W01,4,5,3,EAGLE-01,PHOENIX-3A,25
PWR-LOT-2025-44,W01,5,5,1,EAGLE-01,PHOENIX-3A,25
PWR-LOT-2025-44,W01,6,5,3,EAGLE-01,PHOENIX-3A,25
PWR-LOT-2025-44,W01,7,5,2,EAGLE-01,PHOENIX-3A,25
PWR-LOT-2025-44,W01,8,5,1,EAGLE-01,PHOENIX-3A,25
PWR-LOT-2025-44,W01,9,5,1,EAGLE-01,PHOENIX-3A,25
PWR-LOT-2025-44,W01,10,5,1,EAGLE-01,PHOENIX-3A,25
PWR-LOT-2025-44,W01,11,5,1,EAGLE-01,PHOENIX-3A,25
PWR-LOT-2025-44,W01,12,5,1,EAGLE-01,PHOENIX-3A,25
PWR-LOT-2025-44,W01,13,5,1,EAGLE-01,PHOENIX-3A,25
PWR-LOT-2025-44,W01,-12,6,1,EAGLE-01,PHOENIX-3A,25
PWR-LOT-2025-44,W01,-11,6,1,EAGLE-01,PHOENIX-3A,25
PWR-LOT-2025-44,W01,-10,6,1,EAGLE-01,PHOENIX-3A,25
PWR-LOT-2025-44,W01,-9,6,1,EAGLE-01,PHOENIX-3A,25
PWR-LOT-2025-44,W01,-8,6,1,EAGLE-01,PHOENIX-3A,25
PWR-LOT-2025-44,W01,-7,6,1,EAGLE-01,PHOENIX-3A,25
PWR-LOT-2025-44,W01,-6,6,1,EAGLE-01,PHOENIX-3A,25
PWR-LOT-2025-44,W01,-5,6,1,EAGLE-01,PHOENIX-3A,25
PWR-LOT-2025-44,W01,-4,6,1,EAGLE-01,PHOENIX-3A,25
PWR-LOT-2025-44,W01,-3,6,1,EAGLE-01,PHOENIX-3A,25
PWR-LOT-2025-44,W01,-2,6,2,EAGLE-01,PHOENIX-3A,25
PWR-LOT-2025-44,W01,-1,6,1,EAGLE-01,PHOENIX-3A,25
PWR-LOT-2025-44,W01,0,6,1,EAGLE-01,PHOENIX-3A,25
PWR-LOT-2025-44,W01,1,6,1,EAGLE-01,PHOENIX-3A,25
PWR-LOT-2025-44,W01,2,6,1,EAGLE-01,PHOENIX-3A,25
PWR-LOT-2025-44,W01,3,6,1,EAGLE-01,PHOENIX-3A,25
PWR-LOT-2025-44,W01,4,6,2,EAGLE-01,PHOENIX-3A,25
PWR-LOT-2025-44,W01,5,6,1,EAGLE-01,PHOENIX-3A,25
PWR-LOT-2025-44,W01,6,6,1,EAGLE-01,PHOENIX-3A,25
PWR-LOT-2025-44,W01,7,6,1,EAGLE-01,PHOENIX-3A,25
PWR-LOT-2025-44,W01,8,6,1,EAGLE-01,PHOENIX-3A,25
PWR-LOT-2025-44,W01,9,6,1,EAGLE-01,PHOENIX-3A,25
PWR-LOT-2025-44,W01,10,6,1,EAGLE-01,PHOENIX-3A,25
PWR-LOT-2025-44,W01,11,6,2,EAGLE-01,PHOENIX-3A,25
PWR-LOT-2025-44,W01,12,6,3,EAGLE-01,PHOENIX-3A,25
PWR-LOT-2025-44,W01,-12,7,1,EAGLE-01,PHOENIX-3A,25
PWR-LOT-2025-44,W01,-11,7,1,EAGLE-01,PHOENIX-3A,25
PWR-LOT-2025-44,W01,-10,7,3,EAGLE-01,PHOENIX-3A,25
PWR-LOT-2025-44,W01,-9,7,1,EAGLE-01,PHOENIX-3A,25
PWR-LOT-2025-44,W01,-8,7,1,EAGLE-01,PHOENIX-3A,25
PWR-LOT-2025-44,W01,-7,7,1,EAGLE-01,PHOENIX-3A,25
PWR-LOT-2025-44,W01,-6,7,1,EAGLE-01,PHOENIX-3A,25
PWR-LOT-2025-44,W01,-5,7,1,EAGLE-01,PHOENIX-3A,25
PWR-LOT-2025-44,W01,-4,7,1,EAGLE-01,PHOENIX-3A,25
PWR-LOT-2025-44,W01,-3,7,1,EAGLE-01,PHOENIX-3A,25
PWR-LOT-2025-44,W01,-2,7,1,EAGLE-01,PHOENIX-3A,25
PWR-LOT-2025-44,W01,-1,7,1,EAGLE-01,PHOENIX-3A,25
PWR-LOT-2025-44,W01,0,7,1,EAGLE-01,PHOENIX-3A,25
PWR-LOT-2025-44,W01,1,7,1,EAGLE-01,PHOENIX-3A,25
PWR-LOT-2025-44,W01,2,7,1,EAGLE-01,PHOENIX-3A,25
PWR-LOT-2025-44,W01,3,7,2,EAGLE-01,PHOENIX-3A,25
PWR-LOT-2025-44,W01,4,7,1,EAGLE-01,PHOENIX-3A,25
PWR-LOT-2025-44,W01,5,7,2,EAGLE-01,PHOENIX-3A,25
PWR-LOT-2025-44,W01,6,7,1,EAGLE-01,PHOENIX-3A,25
PWR-LOT-2025-44,W01,7,7,1,EAGLE-01,PHOENIX-3A,25
PWR-LOT-2025-44,W01,8,7,1,EAGLE-01,PHOENIX-3A,25
PWR-LOT-2025-44,W01,9,7,1,EAGLE-01,PHOENIX-3A,25
PWR-LOT-2025-44,W01,10,7,1,EAGLE-01,PHOENIX-3A,25
PWR-LOT-2025-44,W01,11,7,1,EAGLE-01,PHOENIX-3A,25
PWR-LOT-2025-44,W01,12,7,1,EAGLE-01,PHOENIX-3A,25
PWR-LOT-2025-44,W01,-11,8,1,EAGLE-01,PHOENIX-3A,25
PWR-LOT-2025-44,W01,-10,8,1,EAGLE-01,PHOENIX-3A,25
PWR-LOT-2025-44,W01,-9,8,1,EAGLE-01,PHOENIX-3A,25
PWR-LOT-2025-44,W01,-8,8,1,EAGLE-01,PHOENIX-3A,25
PWR-LOT-2025-44,W01,-7,8,1,EAGLE-01,PHOENIX-3A,25
PWR-LOT-2025-44,W01,-6,8,1,EAGLE-01,PHOENIX-3A,25
PWR-LOT-2025-44,W01,-5,8,1,EAGLE-01,PHOENIX-3A,25
PWR-LOT-2025-44,W01,-4,8,1,EAGLE-01,PHOENIX-3A,25
PWR-LOT-2025-44,W01,-3,8,1,EAGLE-01,PHOENIX-3A,25
PWR-LOT-2025-44,W01,-2,8,1,EAGLE-01,PHOENIX-3A,25
PWR-LOT-2025-44,W01,-1,8,1,EAGLE-01,PHOENIX-3A,25
PWR-LOT-2025-44,W01,0,8,1,EAGLE-01,PHOENIX-3A,25
PWR-LOT-2025-44,W01,1,8,1,EAGLE-01,PHOENIX-3A,25
PWR-LOT-2025-44,W01,2,8,1,EAGLE-01,PHOENIX-3A,25
PWR-LOT-2025-44,W01,3,8,3,EAGLE-01,PHOENIX-3A,25
PWR-LOT-2025-44,W01,4,8,1,EAGLE-01,PHOENIX-3A,25
PWR-LOT-2025-44,W01,5,8,1,EAGLE-01,PHOENIX-3A,25
PWR-LOT-2025-44,W01,6,8,2,EAGLE-01,PHOENIX-3A,25
PWR-LOT-2025-44,W01,7,8,1,EAGLE-01,PHOENIX-3A,25
PWR-LOT-2025-44,W01,8,8,1,EAGLE-01,PHOENIX-3A,25
PWR-LOT-2025-44,W01,9,8,2,EAGLE-01,PHOENIX-3A,25
PWR-LOT-2025-44,W01,10,8,3,EAGLE-01,PHOENIX-3A,25
PWR-LOT-2025-44,W01,11,8,2,EAGLE-01,PHOENIX-3A,25
PWR-LOT-2025-44,W01,-10,9,1,EAGLE-01,PHOENIX-3A,25
PWR-LOT-2025-44,W01,-9,9,1,EAGLE-01,PHOENIX-3A,25
PWR-LOT-2025-44,W01,-8,9,1,EAGLE-01,PHOENIX-3A,25
PWR-LOT-2025-44,W01,-7,9,1,EAGLE-01,PHOENIX-3A,25
PWR-LOT-2025-44,W01,-6,9,1,EAGLE-01,PHOENIX-3A,25
PWR-LOT-2025-44,W01,-5,9,1,EAGLE-01,PHOENIX-3A,25
PWR-LOT-2025-44,W01,-4,9,1,EAGLE-01,PHOENIX-3A,25
PWR-LOT-2025-44,W01,-3,9,1,EAGLE-01,PHOENIX-3A,25
PWR-LOT-2025-44,W01,-2,9,1,EAGLE-01,PHOENIX-3A,25
PWR-LOT-2025-44,W01,-1,9,1,EAGLE-01,PHOENIX-3A,25
PWR-LOT-2025-44,W01,0,9,1,EAGLE-01,PHOENIX-3A,25
PWR-LOT-2025-44,W01,1,9,1,EAGLE-01,PHOENIX-3A,25
PWR-LOT-2025-44,W01,2,9,2,EAGLE-01,PHOENIX-3A,25
PWR-LOT-2025-44,W01,3,9,1,EAGLE-01,PHOENIX-3A,25
PWR-LOT-2025-44,W01,4,9,1,EAGLE-01,PHOENIX-3A,25
PWR-LOT-2025-44,W01,5,9,1,EAGLE-01,PHOENIX-3A,25
PWR-LOT-2025-44,W01,6,9,1,EAGLE-01,PHOENIX-3A,25
PWR-LOT-2025-44,W01,7,9,3,EAGLE-01,PHOENIX-3A,25
PWR-LOT-2025-44,W01,8,9,1,EAGLE-01,PHOENIX-3A,25
PWR-LOT-2025-44,W01,9,9,3,EAGLE-01,PHOENIX-3A,25
PWR-LOT-2025-44,W01,10,9,2,EAGLE-01,PHOENIX-3A,25
PWR-LOT-2025-44,W01,-10,10,1,EAGLE-01,PHOENIX-3A,25
PWR-LOT-2025-44,W01,-9,10,1,EAGLE-01,PHOENIX-3A,25
PWR-LOT-2025-44,W01,-8,10,1,EAGLE-01,PHOENIX-3A,25
PWR-LOT-2025-44,W01,-7,10,1,EAGLE-01,PHOENIX-3A,25
PWR-LOT-2025-44,W01,-6,10,1,EAGLE-01,PHOENIX-3A,25
PWR-LOT-2025-44,W01,-5,10,1,EAGLE-01,PHOENIX-3A,25
PWR-LOT-2025-44,W01,-4,10,1,EAGLE-01,PHOENIX-3A,25
PWR-LOT-2025-44,W01,-3,10,1,EAGLE-01,PHOENIX-3A,25
PWR-LOT-2025-44,W01,-2,10,1,EAGLE-01,PHOENIX-3A,25
PWR-LOT-2025-44,W01,-1,10,1,EAGLE-01,PHOENIX-3A,25
PWR-LOT-2025-44,W01,0,10,1,EAGLE-01,PHOENIX-3A,25
PWR-LOT-2025-44,W01,1,10,1,EAGLE-01,PHOENIX-3A,25
PWR-LOT-2025-44,W01,2,10,1,EAGLE-01,PHOENIX-3A,25
PWR-LOT-2025-44,W01,3,10,3,EAGLE-01,PHOENIX-3A,25
PWR-LOT-2025-44,W01,4,10,1,EAGLE-01,PHOENIX-3A,25
PWR-LOT-2025-44,W01,5,10,2,EAGLE-01,PHOENIX-3A,25
PWR-LOT-2025-44,W01,6,10,1,EAGLE-01,PHOENIX-3A,25
PWR-LOT-2025-44,W01,7,10,2,EAGLE-01,PHOENIX-3A,25
PWR-LOT-2025-44,W01,8,10,1,EAGLE-01,PHOENIX-3A,25
PWR-LOT-2025-44,W01,9,10,1,EAGLE-01,PHOENIX-3A,25
PWR-LOT-2025-44,W01,10,10,1,EAGLE-01,PHOENIX-3A,25
PWR-LOT-2025-44,W01,-8,11,1,EAGLE-01,PHOENIX-3A,25
PWR-LOT-2025-44,W01,-7,11,1,EAGLE-01,PHOENIX-3A,25
PWR-LOT-2025-44,W01,-6,11,1,EAGLE-01,PHOENIX-3A,25
PWR-LOT-2025-44,W01,-5,11,1,EAGLE-01,PHOENIX-3A,25
PWR-LOT-2025-44,W01,-4,11,1,EAGLE-01,PHOENIX-3A,25
PWR-LOT-2025-44,W01,-3,11,1,EAGLE-01,PHOENIX-3A,25
PWR-LOT-2025-44,W01,-2,11,1,EAGLE-01,PHOENIX-3A,25
PWR-LOT-2025-44,W01,-1,11,1,EAGLE-01,PHOENIX-3A,25
PWR-LOT-2025-44,W01,0,11,1,EAGLE-01,PHOENIX-3A,25
PWR-LOT-2025-44,W01,1,11,2,EAGLE-01,PHOENIX-3A,25
PWR-LOT-2025-44,W01,2,11,1,EAGLE-01,PHOENIX-3A,25
PWR-LOT-2025-44,W01,3,11,3,EAGLE-01,PHOENIX-3A,25
PWR-LOT-2025-44,W01,4,11,1,EAGLE-01,PHOENIX-3A,25
PWR-LOT-2025-44,W01,5,11,1,EAGLE-01,PHOENIX-3A,25
PWR-LOT-2025-44,W01,6,11,1,EAGLE-01,PHOENIX-3A,25
PWR-LOT-2025-44,W01,7,11,1,EAGLE-01,PHOENIX-3A,25
PWR-LOT-2025-44,W01,8,11,1,EAGLE-01,PHOENIX-3A,25
PWR-LOT-2025-44,W01,-7,12,1,EAGLE-01,PHOENIX-3A,25
PWR-LOT-2025-44,W01,-6,12,1,EAGLE-01,PHOENIX-3A,25
PWR-LOT-2025-44,W01,-5,12,1,EAGLE-01,PHOENIX-3A,25
PWR-LOT-2025-44,W01,-4,12,1,EAGLE-01,PHOENIX-3A,25
PWR-LOT-2025-44,W01,-3,12,1,EAGLE-01,PHOENIX-3A,25
PWR-LOT-2025-44,W01,-2,12,1,EAGLE-01,PHOENIX-3A,25
PWR-LOT-2025-44,W01,-1,12,1,EAGLE-01,PHOENIX-3A,25
PWR-LOT-2025-44,W01,0,12,1,EAGLE-01,PHOENIX-3A,25
PWR-LOT-2025-44,W01,1,12,1,EAGLE-01,PHOENIX-3A,25
PWR-LOT-2025-44,W01,2,12,1,EAGLE-01,PHOENIX-3A,25
PWR-LOT-2025-44,W01,3,12,1,EAGLE-01,PHOENIX-3A,25
PWR-LOT-2025-44,W01,4,12,3,EAGLE-01,PHOENIX-3A,25
PWR-LOT-2025-44,W01,5,12,1,EAGLE-01,PHOENIX-3A,25
PWR-LOT-2025-44,W01,6,12,2,EAGLE-01,PHOENIX-3A,25
PWR-LOT-2025-44,W01,7,12,2,EAGLE-01,PHOENIX-3A,25
PWR-LOT-2025-44,W01,-5,13,1,EAGLE-01,PHOENIX-3A,25
PWR-LOT-2025-44,W01,-4,13,1,EAGLE-01,PHOENIX-3A,25
PWR-LOT-2025-44,W01,-3,13,1,EAGLE-01,PHOENIX-3A,25
PWR-LOT-2025-44,W01,-2,13,1,EAGLE-01,PHOENIX-3A,25
PWR-LOT-2025-44,W01,-1,13,1,EAGLE-01,PHOENIX-3A,25
PWR-LOT-2025-44,W01,0,13,1,EAGLE-01,PHOENIX-3A,25
PWR-LOT-2025-44,W01,1,13,1,EAGLE-01,PHOENIX-3A,25
PWR-LOT-2025-44,W01,2,13,1,EAGLE-01,PHOENIX-3A,25
PWR-LOT-2025-44,W01,3,13,1,EAGLE-01,PHOENIX-3A,25
PWR-LOT-2025-44,W01,4,13,1,EAGLE-01,PHOENIX-3A,25
PWR-LOT-2025-44,W01,5,13,1,EAGLE-01,PHOENIX-3A,25
PWR-LOT-2025-44,W01,-2,14,1,EAGLE-01,PHOENIX-3A,25
PWR-LOT-2025-44,W01,-1,14,1,EAGLE-01,PHOENIX-3A,25
PWR-LOT-2025-44,W01,0,14,1,EAGLE-01,PHOENIX-3A,25
PWR-LOT-2025-44,W01,1,14,3,EAGLE-01,PHOENIX-3A,25
PWR-LOT-2025-44,W01,2,14,1,EAGLE-01,PHOENIX-3A,25
PWR-LOT-2025-44,W02,-2,-14,1,EAGLE-01,PHOENIX-3A,25
PWR-LOT-2025-44,W02,-1,-14,1,EAGLE-01,PHOENIX-3A,25
PWR-LOT-2025-44,W02,0,-14,1,EAGLE-01,PHOENIX-3A,25
PWR-LOT-2025-44,W02,1,-14,1,EAGLE-01,PHOENIX-3A,25
PWR-LOT-2025-44,W02,2,-14,1,EAGLE-01,PHOENIX-3A,25
PWR-LOT-2025-44,W02,-5,-13,1,EAGLE-01,PHOENIX-3A,25
PWR-LOT-2025-44,W02,-4,-13,1,EAGLE-01,PHOENIX-3A,25
PWR-LOT-2025-44,W02,-3,-13,1,EAGLE-01,PHOENIX-3A,25
PWR-LOT-2025-44,W02,-2,-13,1,EAGLE-01,PHOENIX-3A,25
PWR-LOT-2025-44,W02,-1,-13,1,EAGLE-01,PHOENIX-3A,25
PWR-LOT-2025-44,W02,0,-13,1,EAGLE-01,PHOENIX-3A,25
PWR-LOT-2025-44,W02,1,-13,1,EAGLE-01,PHOENIX-3A,25
PWR-LOT-2025-44,W02,2,-13,1,EAGLE-01,PHOENIX-3A,25
PWR-LOT-2025-44,W02,3,-13,1,EAGLE-01,PHOENIX-3A,25
PWR-LOT-2025-44,W02,4,-13,1,EAGLE-01,PHOENIX-3A,25
PWR-LOT-2025-44,W02,5,-13,1,EAGLE-01,PHOENIX-3A,25
PWR-LOT-2025-44,W02,-7,-12,1,EAGLE-01,PHOENIX-3A,25
PWR-LOT-2025-44,W02,-6,-12,1,EAGLE-01,PHOENIX-3A,25
PWR-LOT-2025-44,W02,-5,-12,1,EAGLE-01,PHOENIX-3A,25
PWR-LOT-2025-44,W02,-4,-12,1,EAGLE-01,PHOENIX-3A,25
PWR-LOT-2025-44,W02,-3,-12,1,EAGLE-01,PHOENIX-3A,25
PWR-LOT-2025-44,W02,-2,-12,1,EAGLE-01,PHOENIX-3A,25
PWR-LOT-2025-44,W02,-1,-12,1,EAGLE-01,PHOENIX-3A,25
PWR-LOT-2025-44,W02,0,-12,1,EAGLE-01,PHOENIX-3A,25
PWR-LOT-2025-44,W02,1,-12,1,EAGLE-01,PHOENIX-3A,25
PWR-LOT-2025-44,W02,2,-12,1,EAGLE-01,PHOENIX-3A,25
PWR-LOT-2025-44,W02,3,-12,1,EAGLE-01,PHOENIX-3A,25
PWR-LOT-2025-44,W02,4,-12,1,EAGLE-01,PHOENIX-3A,25
PWR-LOT-2025-44,W02,5,-12,1,EAGLE-01,PHOENIX-3A,25
PWR-LOT-2025-44,W02,6,-12,1,EAGLE-01,PHOENIX-3A,25
PWR-LOT-2025-44,W02,7,-12,1,EAGLE-01,PHOENIX-3A,25
PWR-LOT-2025-44,W02,-8,-11,1,EAGLE-01,PHOENIX-3A,25
PWR-LOT-2025-44,W02,-7,-11,1,EAGLE-01,PHOENIX-3A,25
PWR-LOT-2025-44,W02,-6,-11,1,EAGLE-01,PHOENIX-3A,25
PWR-LOT-2025-44,W02,-5,-11,1,EAGLE-01,PHOENIX-3A,25
PWR-LOT-2025-44,W02,-4,-11,1,EAGLE-01,PHOENIX-3A,25
PWR-LOT-2025-44,W02,-3,-11,1,EAGLE-01,PHOENIX-3A,25
PWR-LOT-2025-44,W02,-2,-11,1,EAGLE-01,PHOENIX-3A,25
PWR-LOT-2025-44,W02,-1,-11,1,EAGLE-01,PHOENIX-3A,25
PWR-LOT-2025-44,W02,0,-11,1,EAGLE-01,PHOENIX-3A,25
PWR-LOT-2025-44,W02,1,-11,1,EAGLE-01,PHOENIX-3A,25
PWR-LOT-2025-44,W02,2,-11,1,EAGLE-01,PHOENIX-3A,25
PWR-LOT-2025-44,W02,3,-11,1,EAGLE-01,PHOENIX-3A,25
PWR-LOT-2025-44,W02,4,-11,1,EAGLE-01,PHOENIX-3A,25
PWR-LOT-2025-44,W02,5,-11,1,EAGLE-01,PHOENIX-3A,25
PWR-LOT-2025-44,W02,6,-11,1,EAGLE-01,PHOENIX-3A,25
PWR-LOT-2025-44,W02,7,-11,1,EAGLE-01,PHOENIX-3A,25
PWR-LOT-2025-44,W02,8,-11,1,EAGLE-01,PHOENIX-3A,25
PWR-LOT-2025-44,W02,-10,-10,1,EAGLE-01,PHOENIX-3A,25
PWR-LOT-2025-44,W02,-9,-10,2,EAGLE-01,PHOENIX-3A,25
PWR-LOT-2025-44,W02,-8,-10,1,EAGLE-01,PHOENIX-3A,25
PWR-LOT-2025-44,W02,-7,-10,1,EAGLE-01,PHOENIX-3A,25
PWR-LOT-2025-44,W02,-6,-10,1,EAGLE-01,PHOENIX-3A,25
PWR-LOT-2025-44,W02,-5,-10,1,EAGLE-01,PHOENIX-3A,25
PWR-LOT-2025-44,W02,-4,-10,1,EAGLE-01,PHOENIX-3A,25
PWR-LOT-2025-44,W02,-3,-10,1,EAGLE-01,PHOENIX-3A,25
PWR-LOT-2025-44,W02,-2,-10,1,EAGLE-01,PHOENIX-3A,25
PWR-LOT-2025-44,W02,-1,-10,1,EAGLE-01,PHOENIX-3A,25
PWR-LOT-2025-44,W02,0,-10,1,EAGLE-01,PHOENIX-3A,25
PWR-LOT-2025-44,W02,1,-10,2,EAGLE-01,PHOENIX-3A,25
PWR-LOT-2025-44,W02,2,-10,1,EAGLE-01,PHOENIX-3A,25
PWR-LOT-2025-44,W02,3,-10,1,EAGLE-01,PHOENIX-3A,25
PWR-LOT-2025-44,W02,4,-10,2,EAGLE-01,PHOENIX-3A,25
PWR-LOT-2025-44,W02,5,-10,1,EAGLE-01,PHOENIX-3A,25
PWR-LOT-2025-44,W02,6,-10,1,EAGLE-01,PHOENIX-3A,25
PWR-LOT-2025-44,W02,7,-10,1,EAGLE-01,PHOENIX-3A,25
PWR-LOT-2025-44,W02,8,-10,1,EAGLE-01,PHOENIX-3A,25
PWR-LOT-2025-44,W02,9,-10,1,EAGLE-01,PHOENIX-3A,25
PWR-LOT-2025-44,W02,10,-10,1,EAGLE-01,PHOENIX-3A,25
PWR-LOT-2025-44,W02,-10,-9,1,EAGLE-01,PHOENIX-3A,25
PWR-LOT-2025-44,W02,-9,-9,1,EAGLE-01,PHOENIX-3A,25
PWR-LOT-2025-44,W02,-8,-9,1,EAGLE-01,PHOENIX-3A,25
PWR-LOT-2025-44,W02,-7,-9,1,EAGLE-01,PHOENIX-3A,25
PWR-LOT-2025-44,W02,-6,-9,1,EAGLE-01,PHOENIX-3A,25
PWR-LOT-2025-44,W02,-5,-9,1,EAGLE-01,PHOENIX-3A,25
PWR-LOT-2025-44,W02,-4,-9,1,EAGLE-01,PHOENIX-3A,25
PWR-LOT-2025-44,W02,-3,-9,1,EAGLE-01,PHOENIX-3A,25
PWR-LOT-2025-44,W02,-2,-9,1,EAGLE-01,PHOENIX-3A,25
PWR-LOT-2025-44,W02,-1,-9,1,EAGLE-01,PHOENIX-3A,25
PWR-LOT-2025-44,W02,0,-9,1,EAGLE-01,PHOENIX-3A,25
PWR-LOT-2025-44,W02,1,-9,1,EAGLE-01,PHOENIX-3A,25
PWR-LOT-2025-44,W02,2,-9,1,EAGLE-01,PHOENIX-3A,25
PWR-LOT-2025-44,W02,3,-9,1,EAGLE-01,PHOENIX-3A,25
PWR-LOT-2025-44,W02,4,-9,1,EAGLE-01,PHOENIX-3A,25
PWR-LOT-2025-44,W02,5,-9,1,EAGLE-01,PHOENIX-3A,25
PWR-LOT-2025-44,W02,6,-9,1,EAGLE-01,PHOENIX-3A,25
PWR-LOT-2025-44,W02,7,-9,1,EAGLE-01,PHOENIX-3A,25
PWR-LOT-2025-44,W02,8,-9,1,EAGLE-01,PHOENIX-3A,25
PWR-LOT-2025-44,W02,9,-9,1,EAGLE-01,PHOENIX-3A,25
PWR-LOT-2025-44,W02,10,-9,1,EAGLE-01,PHOENIX-3A,25
PWR-LOT-2025-44,W02,-11,-8,1,EAGLE-01,PHOENIX-3A,25
PWR-LOT-2025-44,W02,-10,-8,1,EAGLE-01,PHOENIX-3A,25
PWR-LOT-2025-44,W02,-9,-8,1,EAGLE-01,PHOENIX-3A,25
PWR-LOT-2025-44,W02,-8,-8,1,EAGLE-01,PHOENIX-3A,25
PWR-LOT-2025-44,W02,-7,-8,1,EAGLE-01,PHOENIX-3A,25
PWR-LOT-2025-44,W02,-6,-8,1,EAGLE-01,PHOENIX-3A,25
PWR-LOT-2025-44,W02,-5,-8,2,EAGLE-01,PHOENIX-3A,25
PWR-LOT-2025-44,W02,-4,-8,2,EAGLE-01,PHOENIX-3A,25
PWR-LOT-2025-44,W02,-3,-8,1,EAGLE-01,PHOENIX-3A,25
PWR-LOT-2025-44,W02,-2,-8,1,EAGLE-01,PHOENIX-3A,25
PWR-LOT-2025-44,W02,-1,-8,1,EAGLE-01,PHOENIX-3A,25
PWR-LOT-2025-44,W02,0,-8,1,EAGLE-01,PHOENIX-3A,25
PWR-LOT-2025-44,W02,1,-8,1,EAGLE-01,PHOENIX-3A,25
PWR-LOT-2025-44,W02,2,-8,1,EAGLE-01,PHOENIX-3A,25
PWR-LOT-2025-44,W02,3,-8,1,EAGLE-01,PHOENIX-3A,25
PWR-LOT-2025-44,W02,4,-8,1,EAGLE-01,PHOENIX-3A,25
PWR-LOT-2025-44,W02,5,-8,1,EAGLE-01,PHOENIX-3A,25
PWR-LOT-2025-44,W02,6,-8,1,EAGLE-01,PHOENIX-3A,25
PWR-LOT-2025-44,W02,7,-8,1,EAGLE-01,PHOENIX-3A,25
PWR-LOT-2025-44,W02,8,-8,1,EAGLE-01,PHOENIX-3A,25
PWR-LOT-2025-44,W02,9,-8,1,EAGLE-01,PHOENIX-3A,25
PWR-LOT-2025-44,W02,10,-8,1,EAGLE-01,PHOENIX-3A,25
PWR-LOT-2025-44,W02,11,-8,1,EAGLE-01,PHOENIX-3A,25
PWR-LOT-2025-44,W02,-12,-7,1,EAGLE-01,PHOENIX-3A,25
PWR-LOT-2025-44,W02,-11,-7,1,EAGLE-01,PHOENIX-3A,25
PWR-LOT-2025-44,W02,-10,-7,1,EAGLE-01,PHOENIX-3A,25
PWR-LOT-2025-44,W02,-9,-7,1,EAGLE-01,PHOENIX-3A,25
PWR-LOT-2025-44,W02,-8,-7,1,EAGLE-01,PHOENIX-3A,25
PWR-LOT-2025-44,W02,-7,-7,1,EAGLE-01,PHOENIX-3A,25
PWR-LOT-2025-44,W02,-6,-7,1,EAGLE-01,PHOENIX-3A,25
PWR-LOT-2025-44,W02,-5,-7,1,EAGLE-01,PHOENIX-3A,25
PWR-LOT-2025-44,W02,-4,-7,1,EAGLE-01,PHOENIX-3A,25
PWR-LOT-2025-44,W02,-3,-7,1,EAGLE-01,PHOENIX-3A,25
PWR-LOT-2025-44,W02,-2,-7,1,EAGLE-01,PHOENIX-3A,25
PWR-LOT-2025-44,W02,-1,-7,1,EAGLE-01,PHOENIX-3A,25
PWR-LOT-2025-44,W02,0,-7,1,EAGLE-01,PHOENIX-3A,25
PWR-LOT-2025-44,W02,1,-7,1,EAGLE-01,PHOENIX-3A,25
PWR-LOT-2025-44,W02,2,-7,1,EAGLE-01,PHOENIX-3A,25
PWR-LOT-2025-44,W02,3,-7,1,EAGLE-01,PHOENIX-3A,25
PWR-LOT-2025-44,W02,4,-7,1,EAGLE-01,PHOENIX-3A,25
PWR-LOT-2025-44,W02,5,-7,1,EAGLE-01,PHOENIX-3A,25
PWR-LOT-2025-44,W02,6,-7,1,EAGLE-01,PHOENIX-3A,25
PWR-LOT-2025-44,W02,7,-7,1,EAGLE-01,PHOENIX-3A,25
PWR-LOT-2025-44,W02,8,-7,1,EAGLE-01,PHOENIX-3A,25
PWR-LOT-2025-44,W02,9,-7,1,EAGLE-01,PHOENIX-3A,25
PWR-LOT-2025-44,W02,10,-7,1,EAGLE-01,PHOENIX-3A,25
PWR-LOT-2025-44,W02,11,-7,1,EAGLE-01,PHOENIX-3A,25
PWR-LOT-2025-44,W02,12,-7,1,EAGLE-01,PHOENIX-3A,25
PWR-LOT-2025-44,W02,-12,-6,1,EAGLE-01,PHOENIX-3A,25
PWR-LOT-2025-44,W02,-11,-6,1,EAGLE-01,PHOENIX-3A,25
PWR-LOT-2025-44,W02,-10,-6,1,EAGLE-01,PHOENIX-3A,25
PWR-LOT-2025-44,W02,-9,-6,1,EAGLE-01,PHOENIX-3A,25
PWR-LOT-2025-44,W02,-8,-6,1,EAGLE-01,PHOENIX-3A,25
PWR-LOT-2025-44,W02,-7,-6,3,EAGLE-01,PHOENIX-3A,25
PWR-LOT-2025-44,W02,-6,-6,1,EAGLE-01,PHOENIX-3A,25
PWR-LOT-2025-44,W02,-5,-6,1,EAGLE-01,PHOENIX-3A,25
PWR-LOT-2025-44,W02,-4,-6,1,EAGLE-01,PHOENIX-3A,25
PWR-LOT-2025-44,W02,-3,-6,1,EAGLE-01,PHOENIX-3A,25
PWR-LOT-2025-44,W02,-2,-6,1,EAGLE-01,PHOENIX-3A,25
PWR-LOT-2025-44,W02,-1,-6,1,EAGLE-01,PHOENIX-3A,25
PWR-LOT-2025-44,W02,0,-6,1,EAGLE-01,PHOENIX-3A,25
PWR-LOT-2025-44,W02,1,-6,1,EAGLE-01,PHOENIX-3A,25
PWR-LOT-2025-44,W02,2,-6,1,EAGLE-01,PHOENIX-3A,25
PWR-LOT-2025-44,W02,3,-6,1,EAGLE-01,PHOENIX-3A,25
PWR-LOT-2025-44,W02,4,-6,1,EAGLE-01,PHOENIX-3A,25
PWR-LOT-2025-44,W02,5,-6,1,EAGLE-01,PHOENIX-3A,25
PWR-LOT-2025-44,W02,6,-6,1,EAGLE-01,PHOENIX-3A,25
PWR-LOT-2025-44,W02,7,-6,1,EAGLE-01,PHOENIX-3A,25
PWR-LOT-2025-44,W02,8,-6,1,EAGLE-01,PHOENIX-3A,25
PWR-LOT-2025-44,W02,9,-6,1,EAGLE-01,PHOENIX-3A,25
PWR-LOT-2025-44,W02,10,-6,1,EAGLE-01,PHOENIX-3A,25
PWR-LOT-2025-44,W02,11,-6,1,EAGLE-01,PHOENIX-3A,25
PWR-LOT-2025-44,W02,12,-6,1,EAGLE-01,PHOENIX-3A,25
PWR-LOT-2025-44,W02,-13,-5,1,EAGLE-01,PHOENIX-3A,25
PWR-LOT-2025-44,W02,-12,-5,1,EAGLE-01,PHOENIX-3A,25
PWR-LOT-2025-44,W02,-11,-5,1,EAGLE-01,PHOENIX-3A,25
PWR-LOT-2025-44,W02,-10,-5,1,EAGLE-01,PHOENIX-3A,25
PWR-LOT-2025-44,W02,-9,-5,1,EAGLE-01,PHOENIX-3A,25
PWR-LOT-2025-44,W02,-8,-5,1,EAGLE-01,PHOENIX-3A,25
PWR-LOT-2025-44,W02,-7,-5,1,EAGLE-01,PHOENIX-3A,25
PWR-LOT-2025-44,W02,-6,-5,1,EAGLE-01,PHOENIX-3A,25
PWR-LOT-2025-44,W02,-5,-5,1,EAGLE-01,PHOENIX-3A,25
PWR-LOT-2025-44,W02,-4,-5,1,EAGLE-01,PHOENIX-3A,25
PWR-LOT-2025-44,W02,-3,-5,1,EAGLE-01,PHOENIX-3A,25
PWR-LOT-2025-44,W02,-2,-5,1,EAGLE-01,PHOENIX-3A,25
PWR-LOT-2025-44,W02,-1,-5,1,EAGLE-01,PHOENIX-3A,25
PWR-LOT-2025-44,W02,0,-5,1,EAGLE-01,PHOENIX-3A,25
PWR-LOT-2025-44,W02,1,-5,1,EAGLE-01,PHOENIX-3A,25
PWR-LOT-2025-44,W02,2,-5,1,EAGLE-01,PHOENIX-3A,25
PWR-LOT-2025-44,W02,3,-5,1,EAGLE-01,PHOENIX-3A,25
PWR-LOT-2025-44,W02,4,-5,1,EAGLE-01,PHOENIX-3A,25
PWR-LOT-2025-44,W02,5,-5,1,EAGLE-01,PHOENIX-3A,25
PWR-LOT-2025-44,W02,6,-5,1,EAGLE-01,PHOENIX-3A,25
PWR-LOT-2025-44,W02,7,-5,1,EAGLE-01,PHOENIX-3A,25
PWR-LOT-2025-44,W02,8,-5,1,EAGLE-01,PHOENIX-3A,25
PWR-LOT-2025-44,W02,9,-5,1,EAGLE-01,PHOENIX-3A,25
PWR-LOT-2025-44,W02,10,-5,1,EAGLE-01,PHOENIX-3A,25
PWR-LOT-2025-44,W02,11,-5,3,EAGLE-01,PHOENIX-3A,25
PWR-LOT-2025-44,W02,12,-5,1,EAGLE-01,PHOENIX-3A,25
PWR-LOT-2025-44,W02,13,-5,1,EAGLE-01,PHOENIX-3A,25
PWR-LOT-2025-44,W02,-13,-4,1,EAGLE-01,PHOENIX-3A,25
PWR-LOT-2025-44,W02,-12,-4,1,EAGLE-01,PHOENIX-3A,25
PWR-LOT-2025-44,W02,-11,-4,1,EAGLE-01,PHOENIX-3A,25
PWR-LOT-2025-44,W02,-10,-4,1,EAGLE-01,PHOENIX-3A,25
PWR-LOT-2025-44,W02,-9,-4,1,EAGLE-01,PHOENIX-3A,25
PWR-LOT-2025-44,W02,-8,-4,1,EAGLE-01,PHOENIX-3A,25
PWR-LOT-2025-44,W02,-7,-4,1,EAGLE-01,PHOENIX-3A,25
PWR-LOT-2025-44,W02,-6,-4,1,EAGLE-01,PHOENIX-3A,25
PWR-LOT-2025-44,W02,-5,-4,1,EAGLE-01,PHOENIX-3A,25
PWR-LOT-2025-44,W02,-4,-4,1,EAGLE-01,PHOENIX-3A,25
PWR-LOT-2025-44,W02,-3,-4,1,EAGLE-01,PHOENIX-3A,25
PWR-LOT-2025-44,W02,-2,-4,1,EAGLE-01,PHOENIX-3A,25
PWR-LOT-2025-44,W02,-1,-4,1,EAGLE-01,PHOENIX-3A,25
PWR-LOT-2025-44,W02,0,-4,1,EAGLE-01,PHOENIX-3A,25
PWR-LOT-2025-44,W02,1,-4,1,EAGLE-01,PHOENIX-3A,25
PWR-LOT-2025-44,W02,2,-4,1,EAGLE-01,PHOENIX-3A,25
PWR-LOT-2025-44,W02,3,-4,1,EAGLE-01,PHOENIX-3A,25
PWR-LOT-2025-44,W02,4,-4,1,EAGLE-01,PHOENIX-3A,25
PWR-LOT-2025-44,W02,5,-4,1,EAGLE-01,PHOENIX-3A,25
PWR-LOT-2025-44,W02,6,-4,1,EAGLE-01,PHOENIX-3A,25
PWR-LOT-2025-44,W02,7,-4,1,EAGLE-01,PHOENIX-3A,25
PWR-LOT-2025-44,W02,8,-4,1,EAGLE-01,PHOENIX-3A,25
PWR-LOT-2025-44,W02,9,-4,1,EAGLE-01,PHOENIX-3A,25
PWR-LOT-2025-44,W02,10,-4,1,EAGLE-01,PHOENIX-3A,25
PWR-LOT-2025-44,W02,11,-4,1,EAGLE-01,PHOENIX-3A,25
PWR-LOT-2025-44,W02,12,-4,1,EAGLE-01,PHOENIX-3A,25
PWR-LOT-2025-44,W02,13,-4,1,EAGLE-01,PHOENIX-3A,25
PWR-LOT-2025-44,W02,-13,-3,1,EAGLE-01,PHOENIX-3A,25
PWR-LOT-2025-44,W02,-12,-3,1,EAGLE-01,PHOENIX-3A,25
PWR-LOT-2025-44,W02,-11,-3,1,EAGLE-01,PHOENIX-3A,25
PWR-LOT-2025-44,W02,-10,-3,2,EAGLE-01,PHOENIX-3A,25
PWR-LOT-2025-44,W02,-9,-3,1,EAGLE-01,PHOENIX-3A,25
PWR-LOT-2025-44,W02,-8,-3,1,EAGLE-01,PHOENIX-3A,25
PWR-LOT-2025-44,W02,-7,-3,1,EAGLE-01,PHOENIX-3A,25
PWR-LOT-2025-44,W02,-6,-3,1,EAGLE-01,PHOENIX-3A,25
PWR-LOT-2025-44,W02,-5,-3,1,EAGLE-01,PHOENIX-3A,25
PWR-LOT-2025-44,W02,-4,-3,1,EAGLE-01,PHOENIX-3A,25
PWR-LOT-2025-44,W02,-3,-3,1,EAGLE-01,PHOENIX-3A,25
PWR-LOT-2025-44,W02,-2,-3,1,EAGLE-01,PHOENIX-3A,25
PWR-LOT-2025-44,W02,-1,-3,1,EAGLE-01,PHOENIX-3A,25
PWR-LOT-2025-44,W02,0,-3,1,EAGLE-01,PHOENIX-3A,25
PWR-LOT-2025-44,W02,1,-3,1,EAGLE-01,PHOENIX-3A,25
PWR-LOT-2025-44,W02,2,-3,1,EAGLE-01,PHOENIX-3A,25
PWR-LOT-2025-44,W02,3,-3,1,EAGLE-01,PHOENIX-3A,25
PWR-LOT-2025-44,W02,4,-3,1,EAGLE-01,PHOENIX-3A,25
PWR-LOT-2025-44,W02,5,-3,1,EAGLE-01,PHOENIX-3A,25
PWR-LOT-2025-44,W02,6,-3,1,EAGLE-01,PHOENIX-3A,25
PWR-LOT-2025-44,W02,7,-3,1,EAGLE-01,PHOENIX-3A,25
PWR-LOT-2025-44,W02,8,-3,1,EAGLE-01,PHOENIX-3A,25
PWR-LOT-2025-44,W02,9,-3,1,EAGLE-01,PHOENIX-3A,25
PWR-LOT-2025-44,W02,10,-3,1,EAGLE-01,PHOENIX-3A,25
PWR-LOT-2025-44,W02,11,-3,1,EAGLE-01,PHOENIX-3A,25
PWR-LOT-2025-44,W02,12,-3,1,EAGLE-01,PHOENIX-3A,25
PWR-LOT-2025-44,W02,13,-3,1,EAGLE-01,PHOENIX-3A,25
PWR-LOT-2025-44,W02,-14,-2,1,EAGLE-01,PHOENIX-3A,25
PWR-LOT-2025-44,W02,-13,-2,1,EAGLE-01,PHOENIX-3A,25
PWR-LOT-2025-44,W02,-12,-2,1,EAGLE-01,PHOENIX-3A,25
PWR-LOT-2025-44,W02,-11,-2,1,EAGLE-01,PHOENIX-3A,25
PWR-LOT-2025-44,W02,-10,-2,1,EAGLE-01,PHOENIX-3A,25
PWR-LOT-2025-44,W02,-9,-2,1,EAGLE-01,PHOENIX-3A,25
PWR-LOT-2025-44,W02,-8,-2,1,EAGLE-01,PHOENIX-3A,25
PWR-LOT-2025-44,W02,-7,-2,1,EAGLE-01,PHOENIX-3A,25
PWR-LOT-2025-44,W02,-6,-2,1,EAGLE-01,PHOENIX-3A,25
PWR-LOT-2025-44,W02,-5,-2,1,EAGLE-01,PHOENIX-3A,25
PWR-LOT-2025-44,W02,-4,-2,1,EAGLE-01,PHOENIX-3A,25
PWR-LOT-2025-44,W02,-3,-2,1,EAGLE-01,PHOENIX-3A,25
PWR-LOT-2025-44,W02,-2,-2,1,EAGLE-01,PHOENIX-3A,25
PWR-LOT-2025-44,W02,-1,-2,1,EAGLE-01,PHOENIX-3A,25
PWR-LOT-2025-44,W02,0,-2,1,EAGLE-01,PHOENIX-3A,25
PWR-LOT-2025-44,W02,1,-2,1,EAGLE-01,PHOENIX-3A,25
PWR-LOT-2025-44,W02,2,-2,1,EAGLE-01,PHOENIX-3A,25
PWR-LOT-2025-44,W02,3,-2,1,EAGLE-01,PHOENIX-3A,25
PWR-LOT-2025-44,W02,4,-2,1,EAGLE-01,PHOENIX-3A,25
PWR-LOT-2025-44,W02,5,-2,1,EAGLE-01,PHOENIX-3A,25
PWR-LOT-2025-44,W02,6,-2,2,EAGLE-01,PHOENIX-3A,25
PWR-LOT-2025-44,W02,7,-2,1,EAGLE-01,PHOENIX-3A,25
PWR-LOT-2025-44,W02,8,-2,1,EAGLE-01,PHOENIX-3A,25
PWR-LOT-2025-44,W02,9,-2,1,EAGLE-01,PHOENIX-3A,25
PWR-LOT-2025-44,W02,10,-2,1,EAGLE-01,PHOENIX-3A,25
PWR-LOT-2025-44,W02,11,-2,1,EAGLE-01,PHOENIX-3A,25
PWR-LOT-2025-44,W02,12,-2,1,EAGLE-01,PHOENIX-3A,25
PWR-LOT-2025-44,W02,13,-2,1,EAGLE-01,PHOENIX-3A,25
PWR-LOT-2025-44,W02,14,-2,2,EAGLE-01,PHOENIX-3A,25
PWR-LOT-2025-44,W02,-14,-1,1,EAGLE-01,PHOENIX-3A,25
PWR-LOT-2025-44,W02,-13,-1,1,EAGLE-01,PHOENIX-3A,25
PWR-LOT-2025-44,W02,-12,-1,1,EAGLE-01,PHOENIX-3A,25
PWR-LOT-2025-44,W02,-11,-1,1,EAGLE-01,PHOENIX-3A,25
PWR-LOT-2025-44,W02,-10,-1,1,EAGLE-01,PHOENIX-3A,25
PWR-LOT-2025-44,W02,-9,-1,1,EAGLE-01,PHOENIX-3A,25
PWR-LOT-2025-44,W02,-8,-1,1,EAGLE-01,PHOENIX-3A,25
PWR-LOT-2025-44,W02,-7,-1,1,EAGLE-01,PHOENIX-3A,25
PWR-LOT-2025-44,W02,-6,-1,1,EAGLE-01,PHOENIX-3A,25
PWR-LOT-2025-44,W02,-5,-1,1,EAGLE-01,PHOENIX-3A,25
PWR-LOT-2025-44,W02,-4,-1,1,EAGLE-01,PHOENIX-3A,25
PWR-LOT-2025-44,W02,-3,-1,1,EAGLE-01,PHOENIX-3A,25
PWR-LOT-2025-44,W02,-2,-1,1,EAGLE-01,PHOENIX-3A,25
PWR-LOT-2025-44,W02,-1,-1,1,EAGLE-01,PHOENIX-3A,25
PWR-LOT-2025-44,W02,0,-1,1,EAGLE-01,PHOENIX-3A,25
PWR-LOT-2025-44,W02,1,-1,1,EAGLE-01,PHOENIX-3A,25
PWR-LOT-2025-44,W02,2,-1,1,EAGLE-01,PHOENIX-3A,25
PWR-LOT-2025-44,W02,3,-1,1,EAGLE-01,PHOENIX-3A,25
PWR-LOT-2025-44,W02,4,-1,1,EAGLE-01,PHOENIX-3A,25
PWR-LOT-2025-44,W02,5,-1,1,EAGLE-01,PHOENIX-3A,25
PWR-LOT-2025-44,W02,6,-1,1,EAGLE-01,PHOENIX-3A,25
PWR-LOT-2025-44,W02,7,-1,1,EAGLE-01,PHOENIX-3A,25
PWR-LOT-2025-44,W02,8,-1,1,EAGLE-01,PHOENIX-3A,25
PWR-LOT-2025-44,W02,9,-1,1,EAGLE-01,PHOENIX-3A,25
PWR-LOT-2025-44,W02,10,-1,1,EAGLE-01,PHOENIX-3A,25
PWR-LOT-2025-44,W02,11,-1,1,EAGLE-01,PHOENIX-3A,25
PWR-LOT-2025-44,W02,12,-1,1,EAGLE-01,PHOENIX-3A,25
PWR-LOT-2025-44,W02,13,-1,1,EAGLE-01,PHOENIX-3A,25
PWR-LOT-2025-44,W02,14,-1,1,EAGLE-01,PHOENIX-3A,25
PWR-LOT-2025-44,W02,-14,0,1,EAGLE-01,PHOENIX-3A,25
PWR-LOT-2025-44,W02,-13,0,1,EAGLE-01,PHOENIX-3A,25
PWR-LOT-2025-44,W02,-12,0,1,EAGLE-01,PHOENIX-3A,25
PWR-LOT-2025-44,W02,-11,0,1,EAGLE-01,PHOENIX-3A,25
PWR-LOT-2025-44,W02,-10,0,1,EAGLE-01,PHOENIX-3A,25
PWR-LOT-2025-44,W02,-9,0,1,EAGLE-01,PHOENIX-3A,25
PWR-LOT-2025-44,W02,-8,0,1,EAGLE-01,PHOENIX-3A,25
PWR-LOT-2025-44,W02,-7,0,1,EAGLE-01,PHOENIX-3A,25
PWR-LOT-2025-44,W02,-6,0,1,EAGLE-01,PHOENIX-3A,25
PWR-LOT-2025-44,W02,-5,0,3,EAGLE-01,PHOENIX-3A,25
PWR-LOT-2025-44,W02,-4,0,1,EAGLE-01,PHOENIX-3A,25
PWR-LOT-2025-44,W02,-3,0,1,EAGLE-01,PHOENIX-3A,25
PWR-LOT-2025-44,W02,-2,0,1,EAGLE-01,PHOENIX-3A,25
PWR-LOT-2025-44,W02,-1,0,1,EAGLE-01,PHOENIX-3A,25
PWR-LOT-2025-44,W02,0,0,1,EAGLE-01,PHOENIX-3A,25
PWR-LOT-2025-44,W02,1,0,1,EAGLE-01,PHOENIX-3A,25
PWR-LOT-2025-44,W02,2,0,1,EAGLE-01,PHOENIX-3A,25
PWR-LOT-2025-44,W02,3,0,1,EAGLE-01,PHOENIX-3A,25
PWR-LOT-2025-44,W02,4,0,1,EAGLE-01,PHOENIX-3A,25
PWR-LOT-2025-44,W02,5,0,1,EAGLE-01,PHOENIX-3A,25
PWR-LOT-2025-44,W02,6,0,1,EAGLE-01,PHOENIX-3A,25
PWR-LOT-2025-44,W02,7,0,1,EAGLE-01,PHOENIX-3A,25
PWR-LOT-2025-44,W02,8,0,1,EAGLE-01,PHOENIX-3A,25
PWR-LOT-2025-44,W02,9,0,1,EAGLE-01,PHOENIX-3A,25
PWR-LOT-2025-44,W02,10,0,1,EAGLE-01,PHOENIX-3A,25
PWR-LOT-2025-44,W02,11,0,1,EAGLE-01,PHOENIX-3A,25
PWR-LOT-2025-44,W02,12,0,1,EAGLE-01,PHOENIX-3A,25
PWR-LOT-2025-44,W02,13,0,1,EAGLE-01,PHOENIX-3A,25
PWR-LOT-2025-44,W02,14,0,1,EAGLE-01,PHOENIX-3A,25
PWR-LOT-2025-44,W02,-14,1,1,EAGLE-01,PHOENIX-3A,25
PWR-LOT-2025-44,W02,-13,1,1,EAGLE-01,PHOENIX-3A,25
PWR-LOT-2025-44,W02,-12,1,1,EAGLE-01,PHOENIX-3A,25
PWR-LOT-2025-44,W02,-11,1,1,EAGLE-01,PHOENIX-3A,25
PWR-LOT-2025-44,W02,-10,1,1,EAGLE-01,PHOENIX-3A,25
PWR-LOT-2025-44,W02,-9,1,1,EAGLE-01,PHOENIX-3A,25
PWR-LOT-2025-44,W02,-8,1,1,EAGLE-01,PHOENIX-3A,25
PWR-LOT-2025-44,W02,-7,1,1,EAGLE-01,PHOENIX-3A,25
PWR-LOT-2025-44,W02,-6,1,1,EAGLE-01,PHOENIX-3A,25
PWR-LOT-2025-44,W02,-5,1,1,EAGLE-01,PHOENIX-3A,25
PWR-LOT-2025-44,W02,-4,1,1,EAGLE-01,PHOENIX-3A,25
PWR-LOT-2025-44,W02,-3,1,1,EAGLE-01,PHOENIX-3A,25
PWR-LOT-2025-44,W02,-2,1,1,EAGLE-01,PHOENIX-3A,25
PWR-LOT-2025-44,W02,-1,1,1,EAGLE-01,PHOENIX-3A,25
PWR-LOT-2025-44,W02,0,1,1,EAGLE-01,PHOENIX-3A,25
PWR-LOT-2025-44,W02,1,1,3,EAGLE-01,PHOENIX-3A,25
PWR-LOT-2025-44,W02,2,1,1,EAGLE-01,PHOENIX-3A,25
PWR-LOT-2025-44,W02,3,1,1,EAGLE-01,PHOENIX-3A,25
PWR-LOT-2025-44,W02,4,1,1,EAGLE-01,PHOENIX-3A,25
PWR-LOT-2025-44,W02,5,1,1,EAGLE-01,PHOENIX-3A,25
PWR-LOT-2025-44,W02,6,1,3,EAGLE-01,PHOENIX-3A,25
PWR-LOT-2025-44,W02,7,1,3,EAGLE-01,PHOENIX-3A,25
PWR-LOT-2025-44,W02,8,1,1,EAGLE-01,PHOENIX-3A,25
PWR-LOT-2025-44,W02,9,1,1,EAGLE-01,PHOENIX-3A,25
PWR-LOT-2025-44,W02,10,1,1,EAGLE-01,PHOENIX-3A,25
PWR-LOT-2025-44,W02,11,1,1,EAGLE-01,PHOENIX-3A,25
PWR-LOT-2025-44,W02,12,1,1,EAGLE-01,PHOENIX-3A,25
PWR-LOT-2025-44,W02,13,1,2,EAGLE-01,PHOENIX-3A,25
PWR-LOT-2025-44,W02,14,1,1,EAGLE-01,PHOENIX-3A,25
PWR-LOT-2025-44,W02,-14,2,1,EAGLE-01,PHOENIX-3A,25
PWR-LOT-2025-44,W02,-13,2,1,EAGLE-01,PHOENIX-3A,25
PWR-LOT-2025-44,W02,-12,2,1,EAGLE-01,PHOENIX-3A,25
PWR-LOT-2025-44,W02,-11,2,1,EAGLE-01,PHOENIX-3A,25
PWR-LOT-2025-44,W02,-10,2,1,EAGLE-01,PHOENIX-3A,25
PWR-LOT-2025-44,W02,-9,2,1,EAGLE-01,PHOENIX-3A,25
PWR-LOT-2025-44,W02,-8,2,1,EAGLE-01,PHOENIX-3A,25
PWR-LOT-2025-44,W02,-7,2,1,EAGLE-01,PHOENIX-3A,25
PWR-LOT-2025-44,W02,-6,2,1,EAGLE-01,PHOENIX-3A,25
PWR-LOT-2025-44,W02,-5,2,1,EAGLE-01,PHOENIX-3A,25
PWR-LOT-2025-44,W02,-4,2,1,EAGLE-01,PHOENIX-3A,25
PWR-LOT-2025-44,W02,-3,2,1,EAGLE-01,PHOENIX-3A,25
PWR-LOT-2025-44,W02,-2,2,1,EAGLE-01,PHOENIX-3A,25
PWR-LOT-2025-44,W02,-1,2,1,EAGLE-01,PHOENIX-3A,25
PWR-LOT-2025-44,W02,0,2,1,EAGLE-01,PHOENIX-3A,25
PWR-LOT-2025-44,W02,1,2,2,EAGLE-01,PHOENIX-3A,25
PWR-LOT-2025-44,W02,2,2,1,EAGLE-01,PHOENIX-3A,25
PWR-LOT-2025-44,W02,3,2,1,EAGLE-01,PHOENIX-3A,25
PWR-LOT-2025-44,W02,4,2,1,EAGLE-01,PHOENIX-3A,25
PWR-LOT-2025-44,W02,5,2,2,EAGLE-01,PHOENIX-3A,25
PWR-LOT-2025-44,W02,6,2,1,EAGLE-01,PHOENIX-3A,25
PWR-LOT-2025-44,W02,7,2,1,EAGLE-01,PHOENIX-3A,25
PWR-LOT-2025-44,W02,8,2,1,EAGLE-01,PHOENIX-3A,25
PWR-LOT-2025-44,W02,9,2,2,EAGLE-01,PHOENIX-3A,25
PWR-LOT-2025-44,W02,10,2,2,EAGLE-01,PHOENIX-3A,25
PWR-LOT-2025-44,W02,11,2,1,EAGLE-01,PHOENIX-3A,25
PWR-LOT-2025-44,W02,12,2,1,EAGLE-01,PHOENIX-3A,25
PWR-LOT-2025-44,W02,13,2,2,EAGLE-01,PHOENIX-3A,25
PWR-LOT-2025-44,W02,14,2,2,EAGLE-01,PHOENIX-3A,25
PWR-LOT-2025-44,W02,-13,3,1,EAGLE-01,PHOENIX-3A,25
PWR-LOT-2025-44,W02,-12,3,1,EAGLE-01,PHOENIX-3A,25
PWR-LOT-2025-44,W02,-11,3,1,EAGLE-01,PHOENIX-3A,25
PWR-LOT-2025-44,W02,-10,3,1,EAGLE-01,PHOENIX-3A,25
PWR-LOT-2025-44,W02,-9,3,1,EAGLE-01,PHOENIX-3A,25
PWR-LOT-2025-44,W02,-8,3,1,EAGLE-01,PHOENIX-3A,25
PWR-LOT-2025-44,W02,-7,3,1,EAGLE-01,PHOENIX-3A,25
PWR-LOT-2025-44,W02,-6,3,1,EAGLE-01,PHOENIX-3A,25
PWR-LOT-2025-44,W02,-5,3,1,EAGLE-01,PHOENIX-3A,25
PWR-LOT-2025-44,W02,-4,3,1,EAGLE-01,PHOENIX-3A,25
PWR-LOT-2025-44,W02,-3,3,1,EAGLE-01,PHOENIX-3A,25
PWR-LOT-2025-44,W02,-2,3,1,EAGLE-01,PHOENIX-3A,25
PWR-LOT-2025-44,W02,-1,3,1,EAGLE-01,PHOENIX-3A,25
PWR-LOT-2025-44,W02,0,3,1,EAGLE-01,PHOENIX-3A,25
PWR-LOT-2025-44,W02,1,3,1,EAGLE-01,PHOENIX-3A,25
PWR-LOT-2025-44,W02,2,3,1,EAGLE-01,PHOENIX-3A,25
PWR-LOT-2025-44,W02,3,3,2,EAGLE-01,PHOENIX-3A,25
PWR-LOT-2025-44,W02,4,3,2,EAGLE-01,PHOENIX-3A,25
PWR-LOT-2025-44,W02,5,3,3,EAGLE-01,PHOENIX-3A,25
PWR-LOT-2025-44,W02,6,3,2,EAGLE-01,PHOENIX-3A,25
PWR-LOT-2025-44,W02,7,3,1,EAGLE-01,PHOENIX-3A,25
PWR-LOT-2025-44,W02,8,3,1,EAGLE-01,PHOENIX-3A,25
PWR-LOT-2025-44,W02,9,3,1,EAGLE-01,PHOENIX-3A,25
PWR-LOT-2025-44,W02,10,3,1,EAGLE-01,PHOENIX-3A,25
PWR-LOT-2025-44,W02,11,3,1,EAGLE-01,PHOENIX-3A,25
PWR-LOT-2025-44,W02,12,3,1,EAGLE-01,PHOENIX-3A,25
PWR-LOT-2025-44,W02,13,3,1,EAGLE-01,PHOENIX-3A,25
PWR-LOT-2025-44,W02,-13,4,1,EAGLE-01,PHOENIX-3A,25
PWR-LOT-2025-44,W02,-12,4,1,EAGLE-01,PHOENIX-3A,25
PWR-LOT-2025-44,W02,-11,4,1,EAGLE-01,PHOENIX-3A,25
PWR-LOT-2025-44,W02,-10,4,1,EAGLE-01,PHOENIX-3A,25
PWR-LOT-2025-44,W02,-9,4,1,EAGLE-01,PHOENIX-3A,25
PWR-LOT-2025-44,W02,-8,4,1,EAGLE-01,PHOENIX-3A,25
PWR-LOT-2025-44,W02,-7,4,1,EAGLE-01,PHOENIX-3A,25
PWR-LOT-2025-44,W02,-6,4,1,EAGLE-01,PHOENIX-3A,25
PWR-LOT-2025-44,W02,-5,4,1,EAGLE-01,PHOENIX-3A,25
PWR-LOT-2025-44,W02,-4,4,1,EAGLE-01,PHOENIX-3A,25
PWR-LOT-2025-44,W02,-3,4,1,EAGLE-01,PHOENIX-3A,25
PWR-LOT-2025-44,W02,-2,4,1,EAGLE-01,PHOENIX-3A,25
PWR-LOT-2025-44,W02,-1,4,1,EAGLE-01,PHOENIX-3A,25
PWR-LOT-2025-44,W02,0,4,1,EAGLE-01,PHOENIX-3A,25
PWR-LOT-2025-44,W02,1,4,1,EAGLE-01,PHOENIX-3A,25
PWR-LOT-2025-44,W02,2,4,3,EAGLE-01,PHOENIX-3A,25
PWR-LOT-2025-44,W02,3,4,3,EAGLE-01,PHOENIX-3A,25
PWR-LOT-2025-44,W02,4,4,1,EAGLE-01,PHOENIX-3A,25
PWR-LOT-2025-44,W02,5,4,1,EAGLE-01,PHOENIX-3A,25
PWR-LOT-2025-44,W02,6,4,1,EAGLE-01,PHOENIX-3A,25
PWR-LOT-2025-44,W02,7,4,3,EAGLE-01,PHOENIX-3A,25
PWR-LOT-2025-44,W02,8,4,1,EAGLE-01,PHOENIX-3A,25
PWR-LOT-2025-44,W02,9,4,1,EAGLE-01,PHOENIX-3A,25
PWR-LOT-2025-44,W02,10,4,1,EAGLE-01,PHOENIX-3A,25
PWR-LOT-2025-44,W02,11,4,3,EAGLE-01,PHOENIX-3A,25
PWR-LOT-2025-44,W02,12,4,1,EAGLE-01,PHOENIX-3A,25
PWR-LOT-2025-44,W02,13,4,2,EAGLE-01,PHOENIX-3A,25
PWR-LOT-2025-44,W02,-13,5,1,EAGLE-01,PHOENIX-3A,25
PWR-LOT-2025-44,W02,-12,5,1,EAGLE-01,PHOENIX-3A,25
PWR-LOT-2025-44,W02,-11,5,1,EAGLE-01,PHOENIX-3A,25
PWR-LOT-2025-44,W02,-10,5,1,EAGLE-01,PHOENIX-3A,25
PWR-LOT-2025-44,W02,-9,5,1,EAGLE-01,PHOENIX-3A,25
PWR-LOT-2025-44,W02,-8,5,1,EAGLE-01,PHOENIX-3A,25
PWR-LOT-2025-44,W02,-7,5,1,EAGLE-01,PHOENIX-3A,25
PWR-LOT-2025-44,W02,-6,5,1,EAGLE-01,PHOENIX-3A,25
PWR-LOT-2025-44,W02,-5,5,1,EAGLE-01,PHOENIX-3A,25
PWR-LOT-2025-44,W02,-4,5,1,EAGLE-01,PHOENIX-3A,25
PWR-LOT-2025-44,W02,-3,5,1,EAGLE-01,PHOENIX-3A,25
PWR-LOT-2025-44,W02,-2,5,1,EAGLE-01,PHOENIX-3A,25
PWR-LOT-2025-44,W02,-1,5,1,EAGLE-01,PHOENIX-3A,25
PWR-LOT-2025-44,W02,0,5,1,EAGLE-01,PHOENIX-3A,25
PWR-LOT-2025-44,W02,1,5,2,EAGLE-01,PHOENIX-3A,25
PWR-LOT-2025-44,W02,2,5,2,EAGLE-01,PHOENIX-3A,25
PWR-LOT-2025-44,W02,3,5,1,EAGLE-01,PHOENIX-3A,25
PWR-LOT-2025-44,W02,4,5,3,EAGLE-01,PHOENIX-3A,25
PWR-LOT-2025-44,W02,5,5,1,EAGLE-01,PHOENIX-3A,25
PWR-LOT-2025-44,W02,6,5,1,EAGLE-01,PHOENIX-3A,25
PWR-LOT-2025-44,W02,7,5,1,EAGLE-01,PHOENIX-3A,25
PWR-LOT-2025-44,W02,8,5,2,EAGLE-01,PHOENIX-3A,25
PWR-LOT-2025-44,W02,9,5,3,EAGLE-01,PHOENIX-3A,25
PWR-LOT-2025-44,W02,10,5,1,EAGLE-01,PHOENIX-3A,25
PWR-LOT-2025-44,W02,11,5,1,EAGLE-01,PHOENIX-3A,25
PWR-LOT-2025-44,W02,12,5,1,EAGLE-01,PHOENIX-3A,25
PWR-LOT-2025-44,W02,13,5,3,EAGLE-01,PHOENIX-3A,25
PWR-LOT-2025-44,W02,-12,6,1,EAGLE-01,PHOENIX-3A,25
PWR-LOT-2025-44,W02,-11,6,1,EAGLE-01,PHOENIX-3A,25
PWR-LOT-2025-44,W02,-10,6,1,EAGLE-01,PHOENIX-3A,25
PWR-LOT-2025-44,W02,-9,6,1,EAGLE-01,PHOENIX-3A,25
PWR-LOT-2025-44,W02,-8,6,1,EAGLE-01,PHOENIX-3A,25
PWR-LOT-2025-44,W02,-7,6,1,EAGLE-01,PHOENIX-3A,25
PWR-LOT-2025-44,W02,-6,6,1,EAGLE-01,PHOENIX-3A,25
PWR-LOT-2025-44,W02,-5,6,1,EAGLE-01,PHOENIX-3A,25
PWR-LOT-2025-44,W02,-4,6,1,EAGLE-01,PHOENIX-3A,25
PWR-LOT-2025-44,W02,-3,6,1,EAGLE-01,PHOENIX-3A,25
PWR-LOT-2025-44,W02,-2,6,1,EAGLE-01,PHOENIX-3A,25
PWR-LOT-2025-44,W02,-1,6,1,EAGLE-01,PHOENIX-3A,25
PWR-LOT-2025-44,W02,0,6,1,EAGLE-01,PHOENIX-3A,25
PWR-LOT-2025-44,W02,1,6,3,EAGLE-01,PHOENIX-3A,25
PWR-LOT-2025-44,W02,2,6,2,EAGLE-01,PHOENIX-3A,25
PWR-LOT-2025-44,W02,3,6,1,EAGLE-01,PHOENIX-3A,25
PWR-LOT-2025-44,W02,4,6,2,EAGLE-01,PHOENIX-3A,25
PWR-LOT-2025-44,W02,5,6,1,EAGLE-01,PHOENIX-3A,25
PWR-LOT-2025-44,W02,6,6,1,EAGLE-01,PHOENIX-3A,25
PWR-LOT-2025-44,W02,7,6,1,EAGLE-01,PHOENIX-3A,25
PWR-LOT-2025-44,W02,8,6,2,EAGLE-01,PHOENIX-3A,25
PWR-LOT-2025-44,W02,9,6,2,EAGLE-01,PHOENIX-3A,25
PWR-LOT-2025-44,W02,10,6,2,EAGLE-01,PHOENIX-3A,25
PWR-LOT-2025-44,W02,11,6,1,EAGLE-01,PHOENIX-3A,25
PWR-LOT-2025-44,W02,12,6,1,EAGLE-01,PHOENIX-3A,25
PWR-LOT-2025-44,W02,-12,7,1,EAGLE-01,PHOENIX-3A,25
PWR-LOT-2025-44,W02,-11,7,1,EAGLE-01,PHOENIX-3A,25
PWR-LOT-2025-44,W02,-10,7,1,EAGLE-01,PHOENIX-3A,25
PWR-LOT-2025-44,W02,-9,7,1,EAGLE-01,PHOENIX-3A,25
PWR-LOT-2025-44,W02,-8,7,1,EAGLE-01,PHOENIX-3A,25
PWR-LOT-2025-44,W02,-7,7,1,EAGLE-01,PHOENIX-3A,25
PWR-LOT-2025-44,W02,-6,7,1,EAGLE-01,PHOENIX-3A,25
PWR-LOT-2025-44,W02,-5,7,1,EAGLE-01,PHOENIX-3A,25
PWR-LOT-2025-44,W02,-4,7,1,EAGLE-01,PHOENIX-3A,25
PWR-LOT-2025-44,W02,-3,7,1,EAGLE-01,PHOENIX-3A,25
PWR-LOT-2025-44,W02,-2,7,1,EAGLE-01,PHOENIX-3A,25
PWR-LOT-2025-44,W02,-1,7,1,EAGLE-01,PHOENIX-3A,25
PWR-LOT-2025-44,W02,0,7,1,EAGLE-01,PHOENIX-3A,25
PWR-LOT-2025-44,W02,1,7,1,EAGLE-01,PHOENIX-3A,25
PWR-LOT-2025-44,W02,2,7,1,EAGLE-01,PHOENIX-3A,25
PWR-LOT-2025-44,W02,3,7,2,EAGLE-01,PHOENIX-3A,25
PWR-LOT-2025-44,W02,4,7,2,EAGLE-01,PHOENIX-3A,25
PWR-LOT-2025-44,W02,5,7,2,EAGLE-01,PHOENIX-3A,25
PWR-LOT-2025-44,W02,6,7,1,EAGLE-01,PHOENIX-3A,25
PWR-LOT-2025-44,W02,7,7,2,EAGLE-01,PHOENIX-3A,25
PWR-LOT-2025-44,W02,8,7,1,EAGLE-01,PHOENIX-3A,25
PWR-LOT-2025-44,W02,9,7,1,EAGLE-01,PHOENIX-3A,25
PWR-LOT-2025-44,W02,10,7,1,EAGLE-01,PHOENIX-3A,25
PWR-LOT-2025-44,W02,11,7,1,EAGLE-01,PHOENIX-3A,25
PWR-LOT-2025-44,W02,12,7,2,EAGLE-01,PHOENIX-3A,25
PWR-LOT-2025-44,W02,-11,8,1,EAGLE-01,PHOENIX-3A,25
PWR-LOT-2025-44,W02,-10,8,1,EAGLE-01,PHOENIX-3A,25
PWR-LOT-2025-44,W02,-9,8,1,EAGLE-01,PHOENIX-3A,25
PWR-LOT-2025-44,W02,-8,8,1,EAGLE-01,PHOENIX-3A,25
PWR-LOT-2025-44,W02,-7,8,1,EAGLE-01,PHOENIX-3A,25
PWR-LOT-2025-44,W02,-6,8,1,EAGLE-01,PHOENIX-3A,25
PWR-LOT-2025-44,W02,-5,8,1,EAGLE-01,PHOENIX-3A,25
PWR-LOT-2025-44,W02,-4,8,1,EAGLE-01,PHOENIX-3A,25
PWR-LOT-2025-44,W02,-3,8,1,EAGLE-01,PHOENIX-3A,25
PWR-LOT-2025-44,W02,-2,8,1,EAGLE-01,PHOENIX-3A,25
PWR-LOT-2025-44,W02,-1,8,1,EAGLE-01,PHOENIX-3A,25
PWR-LOT-2025-44,W02,0,8,1,EAGLE-01,PHOENIX-3A,25
PWR-LOT-2025-44,W02,1,8,2,EAGLE-01,PHOENIX-3A,25
PWR-LOT-2025-44,W02,2,8,3,EAGLE-01,PHOENIX-3A,25
PWR-LOT-2025-44,W02,3,8,1,EAGLE-01,PHOENIX-3A,25
PWR-LOT-2025-44,W02,4,8,1,EAGLE-01,PHOENIX-3A,25
PWR-LOT-2025-44,W02,5,8,1,EAGLE-01,PHOENIX-3A,25
PWR-LOT-2025-44,W02,6,8,1,EAGLE-01,PHOENIX-3A,25
PWR-LOT-2025-44,W02,7,8,1,EAGLE-01,PHOENIX-3A,25
PWR-LOT-2025-44,W02,8,8,1,EAGLE-01,PHOENIX-3A,25
PWR-LOT-2025-44,W02,9,8,1,EAGLE-01,PHOENIX-3A,25
PWR-LOT-2025-44,W02,10,8,1,EAGLE-01,PHOENIX-3A,25
PWR-LOT-2025-44,W02,11,8,3,EAGLE-01,PHOENIX-3A,25
PWR-LOT-2025-44,W02,-10,9,1,EAGLE-01,PHOENIX-3A,25
PWR-LOT-2025-44,W02,-9,9,1,EAGLE-01,PHOENIX-3A,25
PWR-LOT-2025-44,W02,-8,9,1,EAGLE-01,PHOENIX-3A,25
PWR-LOT-2025-44,W02,-7,9,1,EAGLE-01,PHOENIX-3A,25
PWR-LOT-2025-44,W02,-6,9,1,EAGLE-01,PHOENIX-3A,25
PWR-LOT-2025-44,W02,-5,9,1,EAGLE-01,PHOENIX-3A,25
PWR-LOT-2025-44,W02,-4,9,2,EAGLE-01,PHOENIX-3A,25
PWR-LOT-2025-44,W02,-3,9,1,EAGLE-01,PHOENIX-3A,25
PWR-LOT-2025-44,W02,-2,9,1,EAGLE-01,PHOENIX-3A,25
PWR-LOT-2025-44,W02,-1,9,1,EAGLE-01,PHOENIX-3A,25
PWR-LOT-2025-44,W02,0,9,1,EAGLE-01,PHOENIX-3A,25
PWR-LOT-2025-44,W02,1,9,2,EAGLE-01,PHOENIX-3A,25
PWR-LOT-2025-44,W02,2,9,1,EAGLE-01,PHOENIX-3A,25
PWR-LOT-2025-44,W02,3,9,1,EAGLE-01,PHOENIX-3A,25
PWR-LOT-2025-44,W02,4,9,1,EAGLE-01,PHOENIX-3A,25
PWR-LOT-2025-44,W02,5,9,2,EAGLE-01,PHOENIX-3A,25
PWR-LOT-2025-44,W02,6,9,1,EAGLE-01,PHOENIX-3A,25
PWR-LOT-2025-44,W02,7,9,3,EAGLE-01,PHOENIX-3A,25
PWR-LOT-2025-44,W02,8,9,1,EAGLE-01,PHOENIX-3A,25
PWR-LOT-2025-44,W02,9,9,1,EAGLE-01,PHOENIX-3A,25
PWR-LOT-2025-44,W02,10,9,1,EAGLE-01,PHOENIX-3A,25
PWR-LOT-2025-44,W02,-10,10,1,EAGLE-01,PHOENIX-3A,25
PWR-LOT-2025-44,W02,-9,10,1,EAGLE-01,PHOENIX-3A,25
PWR-LOT-2025-44,W02,-8,10,1,EAGLE-01,PHOENIX-3A,25
PWR-LOT-2025-44,W02,-7,10,1,EAGLE-01,PHOENIX-3A,25
PWR-LOT-2025-44,W02,-6,10,1,EAGLE-01,PHOENIX-3A,25
PWR-LOT-2025-44,W02,-5,10,1,EAGLE-01,PHOENIX-3A,25
PWR-LOT-2025-44,W02,-4,10,1,EAGLE-01,PHOENIX-3A,25
PWR-LOT-2025-44,W02,-3,10,1,EAGLE-01,PHOENIX-3A,25
PWR-LOT-2025-44,W02,-2,10,1,EAGLE-01,PHOENIX-3A,25
PWR-LOT-2025-44,W02,-1,10,1,EAGLE-01,PHOENIX-3A,25
PWR-LOT-2025-44,W02,0,10,1,EAGLE-01,PHOENIX-3A,25
PWR-LOT-2025-44,W02,1,10,2,EAGLE-01,PHOENIX-3A,25
PWR-LOT-2025-44,W02,2,10,2,EAGLE-01,PHOENIX-3A,25
PWR-LOT-2025-44,W02,3,10,1,EAGLE-01,PHOENIX-3A,25
PWR-LOT-2025-44,W02,4,10,1,EAGLE-01,PHOENIX-3A,25
PWR-LOT-2025-44,W02,5,10,2,EAGLE-01,PHOENIX-3A,25
PWR-LOT-2025-44,W02,6,10,2,EAGLE-01,PHOENIX-3A,25
PWR-LOT-2025-44,W02,7,10,1,EAGLE-01,PHOENIX-3A,25
PWR-LOT-2025-44,W02,8,10,1,EAGLE-01,PHOENIX-3A,25
PWR-LOT-2025-44,W02,9,10,1,EAGLE-01,PHOENIX-3A,25
PWR-LOT-2025-44,W02,10,10,1,EAGLE-01,PHOENIX-3A,25
PWR-LOT-2025-44,W02,-8,11,1,EAGLE-01,PHOENIX-3A,25
PWR-LOT-2025-44,W02,-7,11,1,EAGLE-01,PHOENIX-3A,25
PWR-LOT-2025-44,W02,-6,11,1,EAGLE-01,PHOENIX-3A,25
PWR-LOT-2025-44,W02,-5,11,1,EAGLE-01,PHOENIX-3A,25
PWR-LOT-2025-44,W02,-4,11,1,EAGLE-01,PHOENIX-3A,25
PWR-LOT-2025-44,W02,-3,11,1,EAGLE-01,PHOENIX-3A,25
PWR-LOT-2025-44,W02,-2,11,1,EAGLE-01,PHOENIX-3A,25
PWR-LOT-2025-44,W02,-1,11,1,EAGLE-01,PHOENIX-3A,25
PWR-LOT-2025-44,W02,0,11,1,EAGLE-01,PHOENIX-3A,25
PWR-LOT-2025-44,W02,1,11,1,EAGLE-01,PHOENIX-3A,25
PWR-LOT-2025-44,W02,2,11,1,EAGLE-01,PHOENIX-3A,25
PWR-LOT-2025-44,W02,3,11,3,EAGLE-01,PHOENIX-3A,25
PWR-LOT-2025-44,W02,4,11,1,EAGLE-01,PHOENIX-3A,25
PWR-LOT-2025-44,W02,5,11,2,EAGLE-01,PHOENIX-3A,25
PWR-LOT-2025-44,W02,6,11,1,EAGLE-01,PHOENIX-3A,25
PWR-LOT-2025-44,W02,7,11,1,EAGLE-01,PHOENIX-3A,25
PWR-LOT-2025-44,W02,8,11,3,EAGLE-01,PHOENIX-3A,25
PWR-LOT-2025-44,W02,-7,12,1,EAGLE-01,PHOENIX-3A,25
PWR-LOT-2025-44,W02,-6,12,1,EAGLE-01,PHOENIX-3A,25
PWR-LOT-2025-44,W02,-5,12,1,EAGLE-01,PHOENIX-3A,25
PWR-LOT-2025-44,W02,-4,12,1,EAGLE-01,PHOENIX-3A,25
PWR-LOT-2025-44,W02,-3,12,1,EAGLE-01,PHOENIX-3A,25
PWR-LOT-2025-44,W02,-2,12,1,EAGLE-01,PHOENIX-3A,25
PWR-LOT-2025-44,W02,-1,12,1,EAGLE-01,PHOENIX-3A,25
PWR-LOT-2025-44,W02,0,12,1,EAGLE-01,PHOENIX-3A,25
PWR-LOT-2025-44,W02,1,12,2,EAGLE-01,PHOENIX-3A,25
PWR-LOT-2025-44,W02,2,12,2,EAGLE-01,PHOENIX-3A,25
PWR-LOT-2025-44,W02,3,12,1,EAGLE-01,PHOENIX-3A,25
PWR-LOT-2025-44,W02,4,12,1,EAGLE-01,PHOENIX-3A,25
PWR-LOT-2025-44,W02,5,12,3,EAGLE-01,PHOENIX-3A,25
PWR-LOT-2025-44,W02,6,12,3,EAGLE-01,PHOENIX-3A,25
PWR-LOT-2025-44,W02,7,12,2,EAGLE-01,PHOENIX-3A,25
PWR-LOT-2025-44,W02,-5,13,1,EAGLE-01,PHOENIX-3A,25
PWR-LOT-2025-44,W02,-4,13,1,EAGLE-01,PHOENIX-3A,25
PWR-LOT-2025-44,W02,-3,13,1,EAGLE-01,PHOENIX-3A,25
PWR-LOT-2025-44,W02,-2,13,1,EAGLE-01,PHOENIX-3A,25
PWR-LOT-2025-44,W02,-1,13,1,EAGLE-01,PHOENIX-3A,25
PWR-LOT-2025-44,W02,0,13,1,EAGLE-01,PHOENIX-3A,25
PWR-LOT-2025-44,W02,1,13,1,EAGLE-01,PHOENIX-3A,25
PWR-LOT-2025-44,W02,2,13,3,EAGLE-01,PHOENIX-3A,25
PWR-LOT-2025-44,W02,3,13,1,EAGLE-01,PHOENIX-3A,25
PWR-LOT-2025-44,W02,4,13,2,EAGLE-01,PHOENIX-3A,25
PWR-LOT-2025-44,W02,5,13,1,EAGLE-01,PHOENIX-3A,25
PWR-LOT-2025-44,W02,-2,14,1,EAGLE-01,PHOENIX-3A,25
PWR-LOT-2025-44,W02,-1,14,1,EAGLE-01,PHOENIX-3A,25
PWR-LOT-2025-44,W02,0,14,1,EAGLE-01,PHOENIX-3A,25
PWR-LOT-2025-44,W02,1,14,1,EAGLE-01,PHOENIX-3A,25
PWR-LOT-2025-44,W02,2,14,2,EAGLE-01,PHOENIX-3A,25
PWR-LOT-2025-44,W03,-2,-14,1,EAGLE-02,PHOENIX-3A,25
PWR-LOT-2025-44,W03,-1,-14,1,EAGLE-02,PHOENIX-3A,25
PWR-LOT-2025-44,W03,0,-14,1,EAGLE-02,PHOENIX-3A,25
PWR-LOT-2025-44,W03,1,-14,1,EAGLE-02,PHOENIX-3A,25
PWR-LOT-2025-44,W03,2,-14,1,EAGLE-02,PHOENIX-3A,25
PWR-LOT-2025-44,W03,-5,-13,1,EAGLE-02,PHOENIX-3A,25
PWR-LOT-2025-44,W03,-4,-13,1,EAGLE-02,PHOENIX-3A,25
PWR-LOT-2025-44,W03,-3,-13,1,EAGLE-02,PHOENIX-3A,25
PWR-LOT-2025-44,W03,-2,-13,1,EAGLE-02,PHOENIX-3A,25
PWR-LOT-2025-44,W03,-1,-13,1,EAGLE-02,PHOENIX-3A,25
PWR-LOT-2025-44,W03,0,-13,1,EAGLE-02,PHOENIX-3A,25
PWR-LOT-2025-44,W03,1,-13,1,EAGLE-02,PHOENIX-3A,25
PWR-LOT-2025-44,W03,2,-13,1,EAGLE-02,PHOENIX-3A,25
PWR-LOT-2025-44,W03,3,-13,1,EAGLE-02,PHOENIX-3A,25
PWR-LOT-2025-44,W03,4,-13,1,EAGLE-02,PHOENIX-3A,25
PWR-LOT-2025-44,W03,5,-13,1,EAGLE-02,PHOENIX-3A,25
PWR-LOT-2025-44,W03,-7,-12,1,EAGLE-02,PHOENIX-3A,25
PWR-LOT-2025-44,W03,-6,-12,2,EAGLE-02,PHOENIX-3A,25
PWR-LOT-2025-44,W03,-5,-12,1,EAGLE-02,PHOENIX-3A,25
PWR-LOT-2025-44,W03,-4,-12,1,EAGLE-02,PHOENIX-3A,25
PWR-LOT-2025-44,W03,-3,-12,1,EAGLE-02,PHOENIX-3A,25
PWR-LOT-2025-44,W03,-2,-12,1,EAGLE-02,PHOENIX-3A,25
PWR-LOT-2025-44,W03,-1,-12,1,EAGLE-02,PHOENIX-3A,25
PWR-LOT-2025-44,W03,0,-12,1,EAGLE-02,PHOENIX-3A,25
PWR-LOT-2025-44,W03,1,-12,1,EAGLE-02,PHOENIX-3A,25
PWR-LOT-2025-44,W03,2,-12,1,EAGLE-02,PHOENIX-3A,25
PWR-LOT-2025-44,W03,3,-12,1,EAGLE-02,PHOENIX-3A,25
PWR-LOT-2025-44,W03,4,-12,1,EAGLE-02,PHOENIX-3A,25
PWR-LOT-2025-44,W03,5,-12,1,EAGLE-02,PHOENIX-3A,25
PWR-LOT-2025-44,W03,6,-12,1,EAGLE-02,PHOENIX-3A,25
PWR-LOT-2025-44,W03,7,-12,1,EAGLE-02,PHOENIX-3A,25
PWR-LOT-2025-44,W03,-8,-11,1,EAGLE-02,PHOENIX-3A,25
PWR-LOT-2025-44,W03,-7,-11,1,EAGLE-02,PHOENIX-3A,25
PWR-LOT-2025-44,W03,-6,-11,1,EAGLE-02,PHOENIX-3A,25
PWR-LOT-2025-44,W03,-5,-11,1,EAGLE-02,PHOENIX-3A,25
PWR-LOT-2025-44,W03,-4,-11,1,EAGLE-02,PHOENIX-3A,25
PWR-LOT-2025-44,W03,-3,-11,1,EAGLE-02,PHOENIX-3A,25
PWR-LOT-2025-44,W03,-2,-11,1,EAGLE-02,PHOENIX-3A,25
PWR-LOT-2025-44,W03,-1,-11,1,EAGLE-02,PHOENIX-3A,25
PWR-LOT-2025-44,W03,0,-11,1,EAGLE-02,PHOENIX-3A,25
PWR-LOT-2025-44,W03,1,-11,3,EAGLE-02,PHOENIX-3A,25
PWR-LOT-2025-44,W03,2,-11,1,EAGLE-02,PHOENIX-3A,25
PWR-LOT-2025-44,W03,3,-11,1,EAGLE-02,PHOENIX-3A,25
PWR-LOT-2025-44,W03,4,-11,1,EAGLE-02,PHOENIX-3A,25
PWR-LOT-2025-44,W03,5,-11,1,EAGLE-02,PHOENIX-3A,25
PWR-LOT-2025-44,W03,6,-11,2,EAGLE-02,PHOENIX-3A,25
PWR-LOT-2025-44,W03,7,-11,1,EAGLE-02,PHOENIX-3A,25
PWR-LOT-2025-44,W03,8,-11,1,EAGLE-02,PHOENIX-3A,25
PWR-LOT-2025-44,W03,-10,-10,1,EAGLE-02,PHOENIX-3A,25
PWR-LOT-2025-44,W03,-9,-10,1,EAGLE-02,PHOENIX-3A,25
PWR-LOT-2025-44,W03,-8,-10,1,EAGLE-02,PHOENIX-3A,25
PWR-LOT-2025-44,W03,-7,-10,1,EAGLE-02,PHOENIX-3A,25
PWR-LOT-2025-44,W03,-6,-10,1,EAGLE-02,PHOENIX-3A,25
PWR-LOT-2025-44,W03,-5,-10,1,EAGLE-02,PHOENIX-3A,25
PWR-LOT-2025-44,W03,-4,-10,1,EAGLE-02,PHOENIX-3A,25
PWR-LOT-2025-44,W03,-3,-10,1,EAGLE-02,PHOENIX-3A,25
PWR-LOT-2025-44,W03,-2,-10,1,EAGLE-02,PHOENIX-3A,25
PWR-LOT-2025-44,W03,-1,-10,1,EAGLE-02,PHOENIX-3A,25
PWR-LOT-2025-44,W03,0,-10,1,EAGLE-02,PHOENIX-3A,25
PWR-LOT-2025-44,W03,1,-10,1,EAGLE-02,PHOENIX-3A,25
PWR-LOT-2025-44,W03,2,-10,1,EAGLE-02,PHOENIX-3A,25
PWR-LOT-2025-44,W03,3,-10,1,EAGLE-02,PHOENIX-3A,25
PWR-LOT-2025-44,W03,4,-10,1,EAGLE-02,PHOENIX-3A,25
PWR-LOT-2025-44,W03,5,-10,1,EAGLE-02,PHOENIX-3A,25
PWR-LOT-2025-44,W03,6,-10,1,EAGLE-02,PHOENIX-3A,25
PWR-LOT-2025-44,W03,7,-10,1,EAGLE-02,PHOENIX-3A,25
PWR-LOT-2025-44,W03,8,-10,1,EAGLE-02,PHOENIX-3A,25
PWR-LOT-2025-44,W03,9,-10,2,EAGLE-02,PHOENIX-3A,25
PWR-LOT-2025-44,W03,10,-10,1,EAGLE-02,PHOENIX-3A,25
PWR-LOT-2025-44,W03,-10,-9,1,EAGLE-02,PHOENIX-3A,25
PWR-LOT-2025-44,W03,-9,-9,1,EAGLE-02,PHOENIX-3A,25
PWR-LOT-2025-44,W03,-8,-9,1,EAGLE-02,PHOENIX-3A,25
PWR-LOT-2025-44,W03,-7,-9,1,EAGLE-02,PHOENIX-3A,25
PWR-LOT-2025-44,W03,-6,-9,1,EAGLE-02,PHOENIX-3A,25
PWR-LOT-2025-44,W03,-5,-9,1,EAGLE-02,PHOENIX-3A,25
PWR-LOT-2025-44,W03,-4,-9,1,EAGLE-02,PHOENIX-3A,25
PWR-LOT-2025-44,W03,-3,-9,1,EAGLE-02,PHOENIX-3A,25
PWR-LOT-2025-44,W03,-2,-9,2,EAGLE-02,PHOENIX-3A,25
PWR-LOT-2025-44,W03,-1,-9,1,EAGLE-02,PHOENIX-3A,25
PWR-LOT-2025-44,W03,0,-9,1,EAGLE-02,PHOENIX-3A,25
PWR-LOT-2025-44,W03,1,-9,1,EAGLE-02,PHOENIX-3A,25
PWR-LOT-2025-44,W03,2,-9,1,EAGLE-02,PHOENIX-3A,25
PWR-LOT-2025-44,W03,3,-9,1,EAGLE-02,PHOENIX-3A,25
PWR-LOT-2025-44,W03,4,-9,1,EAGLE-02,PHOENIX-3A,25
PWR-LOT-2025-44,W03,5,-9,1,EAGLE-02,PHOENIX-3A,25
PWR-LOT-2025-44,W03,6,-9,1,EAGLE-02,PHOENIX-3A,25
PWR-LOT-2025-44,W03,7,-9,1,EAGLE-02,PHOENIX-3A,25
PWR-LOT-2025-44,W03,8,-9,1,EAGLE-02,PHOENIX-3A,25
PWR-LOT-2025-44,W03,9,-9,1,EAGLE-02,PHOENIX-3A,25
PWR-LOT-2025-44,W03,10,-9,1,EAGLE-02,PHOENIX-3A,25
PWR-LOT-2025-44,W03,-11,-8,1,EAGLE-02,PHOENIX-3A,25
PWR-LOT-2025-44,W03,-10,-8,1,EAGLE-02,PHOENIX-3A,25
PWR-LOT-2025-44,W03,-9,-8,1,EAGLE-02,PHOENIX-3A,25
PWR-LOT-2025-44,W03,-8,-8,1,EAGLE-02,PHOENIX-3A,25
PWR-LOT-2025-44,W03,-7,-8,1,EAGLE-02,PHOENIX-3A,25
PWR-LOT-2025-44,W03,-6,-8,1,EAGLE-02,PHOENIX-3A,25
PWR-LOT-2025-44,W03,-5,-8,1,EAGLE-02,PHOENIX-3A,25
PWR-LOT-2025-44,W03,-4,-8,1,EAGLE-02,PHOENIX-3A,25
PWR-LOT-2025-44,W03,-3,-8,1,EAGLE-02,PHOENIX-3A,25
PWR-LOT-2025-44,W03,-2,-8,1,EAGLE-02,PHOENIX-3A,25
PWR-LOT-2025-44,W03,-1,-8,1,EAGLE-02,PHOENIX-3A,25
PWR-LOT-2025-44,W03,0,-8,1,EAGLE-02,PHOENIX-3A,25
PWR-LOT-2025-44,W03,1,-8,1,EAGLE-02,PHOENIX-3A,25
PWR-LOT-2025-44,W03,2,-8,1,EAGLE-02,PHOENIX-3A,25
PWR-LOT-2025-44,W03,3,-8,1,EAGLE-02,PHOENIX-3A,25
PWR-LOT-2025-44,W03,4,-8,1,EAGLE-02,PHOENIX-3A,25
PWR-LOT-2025-44,W03,5,-8,1,EAGLE-02,PHOENIX-3A,25
PWR-LOT-2025-44,W03,6,-8,1,EAGLE-02,PHOENIX-3A,25
PWR-LOT-2025-44,W03,7,-8,1,EAGLE-02,PHOENIX-3A,25
PWR-LOT-2025-44,W03,8,-8,1,EAGLE-02,PHOENIX-3A,25
PWR-LOT-2025-44,W03,9,-8,1,EAGLE-02,PHOENIX-3A,25
PWR-LOT-2025-44,W03,10,-8,1,EAGLE-02,PHOENIX-3A,25
PWR-LOT-2025-44,W03,11,-8,1,EAGLE-02,PHOENIX-3A,25
PWR-LOT-2025-44,W03,-12,-7,1,EAGLE-02,PHOENIX-3A,25
PWR-LOT-2025-44,W03,-11,-7,1,EAGLE-02,PHOENIX-3A,25
PWR-LOT-2025-44,W03,-10,-7,1,EAGLE-02,PHOENIX-3A,25
PWR-LOT-2025-44,W03,-9,-7,1,EAGLE-02,PHOENIX-3A,25
PWR-LOT-2025-44,W03,-8,-7,1,EAGLE-02,PHOENIX-3A,25
PWR-LOT-2025-44,W03,-7,-7,1,EAGLE-02,PHOENIX-3A,25
PWR-LOT-2025-44,W03,-6,-7,1,EAGLE-02,PHOENIX-3A,25
PWR-LOT-2025-44,W03,-5,-7,1,EAGLE-02,PHOENIX-3A,25
PWR-LOT-2025-44,W03,-4,-7,1,EAGLE-02,PHOENIX-3A,25
PWR-LOT-2025-44,W03,-3,-7,1,EAGLE-02,PHOENIX-3A,25
PWR-LOT-2025-44,W03,-2,-7,1,EAGLE-02,PHOENIX-3A,25
PWR-LOT-2025-44,W03,-1,-7,1,EAGLE-02,PHOENIX-3A,25
PWR-LOT-2025-44,W03,0,-7,1,EAGLE-02,PHOENIX-3A,25
PWR-LOT-2025-44,W03,1,-7,2,EAGLE-02,PHOENIX-3A,25
PWR-LOT-2025-44,W03,2,-7,3,EAGLE-02,PHOENIX-3A,25
PWR-LOT-2025-44,W03,3,-7,1,EAGLE-02,PHOENIX-3A,25
PWR-LOT-2025-44,W03,4,-7,1,EAGLE-02,PHOENIX-3A,25
PWR-LOT-2025-44,W03,5,-7,1,EAGLE-02,PHOENIX-3A,25
PWR-LOT-2025-44,W03,6,-7,1,EAGLE-02,PHOENIX-3A,25
PWR-LOT-2025-44,W03,7,-7,1,EAGLE-02,PHOENIX-3A,25
PWR-LOT-2025-44,W03,8,-7,1,EAGLE-02,PHOENIX-3A,25
PWR-LOT-2025-44,W03,9,-7,1,EAGLE-02,PHOENIX-3A,25
PWR-LOT-2025-44,W03,10,-7,1,EAGLE-02,PHOENIX-3A,25
PWR-LOT-2025-44,W03,11,-7,1,EAGLE-02,PHOENIX-3A,25
PWR-LOT-2025-44,W03,12,-7,1,EAGLE-02,PHOENIX-3A,25
PWR-LOT-2025-44,W03,-12,-6,3,EAGLE-02,PHOENIX-3A,25
PWR-LOT-2025-44,W03,-11,-6,1,EAGLE-02,PHOENIX-3A,25
PWR-LOT-2025-44,W03,-10,-6,1,EAGLE-02,PHOENIX-3A,25
PWR-LOT-2025-44,W03,-9,-6,1,EAGLE-02,PHOENIX-3A,25
PWR-LOT-2025-44,W03,-8,-6,1,EAGLE-02,PHOENIX-3A,25
PWR-LOT-2025-44,W03,-7,-6,1,EAGLE-02,PHOENIX-3A,25
PWR-LOT-2025-44,W03,-6,-6,1,EAGLE-02,PHOENIX-3A,25
PWR-LOT-2025-44,W03,-5,-6,1,EAGLE-02,PHOENIX-3A,25
PWR-LOT-2025-44,W03,-4,-6,1,EAGLE-02,PHOENIX-3A,25
PWR-LOT-2025-44,W03,-3,-6,1,EAGLE-02,PHOENIX-3A,25
PWR-LOT-2025-44,W03,-2,-6,1,EAGLE-02,PHOENIX-3A,25
PWR-LOT-2025-44,W03,-1,-6,1,EAGLE-02,PHOENIX-3A,25
PWR-LOT-2025-44,W03,0,-6,1,EAGLE-02,PHOENIX-3A,25
PWR-LOT-2025-44,W03,1,-6,1,EAGLE-02,PHOENIX-3A,25
PWR-LOT-2025-44,W03,2,-6,1,EAGLE-02,PHOENIX-3A,25
PWR-LOT-2025-44,W03,3,-6,1,EAGLE-02,PHOENIX-3A,25
PWR-LOT-2025-44,W03,4,-6,1,EAGLE-02,PHOENIX-3A,25
PWR-LOT-2025-44,W03,5,-6,1,EAGLE-02,PHOENIX-3A,25
PWR-LOT-2025-44,W03,6,-6,1,EAGLE-02,PHOENIX-3A,25
PWR-LOT-2025-44,W03,7,-6,1,EAGLE-02,PHOENIX-3A,25
PWR-LOT-2025-44,W03,8,-6,1,EAGLE-02,PHOENIX-3A,25
PWR-LOT-2025-44,W03,9,-6,1,EAGLE-02,PHOENIX-3A,25
PWR-LOT-2025-44,W03,10,-6,1,EAGLE-02,PHOENIX-3A,25
PWR-LOT-2025-44,W03,11,-6,1,EAGLE-02,PHOENIX-3A,25
PWR-LOT-2025-44,W03,12,-6,1,EAGLE-02,PHOENIX-3A,25
PWR-LOT-2025-44,W03,-13,-5,1,EAGLE-02,PHOENIX-3A,25
PWR-LOT-2025-44,W03,-12,-5,1,EAGLE-02,PHOENIX-3A,25
PWR-LOT-2025-44,W03,-11,-5,1,EAGLE-02,PHOENIX-3A,25
PWR-LOT-2025-44,W03,-10,-5,1,EAGLE-02,PHOENIX-3A,25
PWR-LOT-2025-44,W03,-9,-5,1,EAGLE-02,PHOENIX-3A,25
PWR-LOT-2025-44,W03,-8,-5,1,EAGLE-02,PHOENIX-3A,25
PWR-LOT-2025-44,W03,-7,-5,1,EAGLE-02,PHOENIX-3A,25
PWR-LOT-2025-44,W03,-6,-5,1,EAGLE-02,PHOENIX-3A,25
PWR-LOT-2025-44,W03,-5,-5,1,EAGLE-02,PHOENIX-3A,25
PWR-LOT-2025-44,W03,-4,-5,1,EAGLE-02,PHOENIX-3A,25
PWR-LOT-2025-44,W03,-3,-5,1,EAGLE-02,PHOENIX-3A,25
PWR-LOT-2025-44,W03,-2,-5,1,EAGLE-02,PHOENIX-3A,25
PWR-LOT-2025-44,W03,-1,-5,1,EAGLE-02,PHOENIX-3A,25
PWR-LOT-2025-44,W03,0,-5,1,EAGLE-02,PHOENIX-3A,25
PWR-LOT-2025-44,W03,1,-5,1,EAGLE-02,PHOENIX-3A,25
PWR-LOT-2025-44,W03,2,-5,1,EAGLE-02,PHOENIX-3A,25
PWR-LOT-2025-44,W03,3,-5,1,EAGLE-02,PHOENIX-3A,25
PWR-LOT-2025-44,W03,4,-5,1,EAGLE-02,PHOENIX-3A,25
PWR-LOT-2025-44,W03,5,-5,1,EAGLE-02,PHOENIX-3A,25
PWR-LOT-2025-44,W03,6,-5,1,EAGLE-02,PHOENIX-3A,25
PWR-LOT-2025-44,W03,7,-5,1,EAGLE-02,PHOENIX-3A,25
PWR-LOT-2025-44,W03,8,-5,1,EAGLE-02,PHOENIX-3A,25
PWR-LOT-2025-44,W03,9,-5,1,EAGLE-02,PHOENIX-3A,25
PWR-LOT-2025-44,W03,10,-5,3,EAGLE-02,PHOENIX-3A,25
PWR-LOT-2025-44,W03,11,-5,1,EAGLE-02,PHOENIX-3A,25
PWR-LOT-2025-44,W03,12,-5,1,EAGLE-02,PHOENIX-3A,25
PWR-LOT-2025-44,W03,13,-5,1,EAGLE-02,PHOENIX-3A,25
PWR-LOT-2025-44,W03,-13,-4,1,EAGLE-02,PHOENIX-3A,25
PWR-LOT-2025-44,W03,-12,-4,1,EAGLE-02,PHOENIX-3A,25
PWR-LOT-2025-44,W03,-11,-4,1,EAGLE-02,PHOENIX-3A,25
PWR-LOT-2025-44,W03,-10,-4,1,EAGLE-02,PHOENIX-3A,25
PWR-LOT-2025-44,W03,-9,-4,1,EAGLE-02,PHOENIX-3A,25
PWR-LOT-2025-44,W03,-8,-4,1,EAGLE-02,PHOENIX-3A,25
PWR-LOT-2025-44,W03,-7,-4,1,EAGLE-02,PHOENIX-3A,25
PWR-LOT-2025-44,W03,-6,-4,1,EAGLE-02,PHOENIX-3A,25
PWR-LOT-2025-44,W03,-5,-4,1,EAGLE-02,PHOENIX-3A,25
PWR-LOT-2025-44,W03,-4,-4,1,EAGLE-02,PHOENIX-3A,25
PWR-LOT-2025-44,W03,-3,-4,1,EAGLE-02,PHOENIX-3A,25
PWR-LOT-2025-44,W03,-2,-4,1,EAGLE-02,PHOENIX-3A,25
PWR-LOT-2025-44,W03,-1,-4,1,EAGLE-02,PHOENIX-3A,25
PWR-LOT-2025-44,W03,0,-4,1,EAGLE-02,PHOENIX-3A,25
PWR-LOT-2025-44,W03,1,-4,1,EAGLE-02,PHOENIX-3A,25
PWR-LOT-2025-44,W03,2,-4,1,EAGLE-02,PHOENIX-3A,25
PWR-LOT-2025-44,W03,3,-4,1,EAGLE-02,PHOENIX-3A,25
PWR-LOT-2025-44,W03,4,-4,1,EAGLE-02,PHOENIX-3A,25
PWR-LOT-2025-44,W03,5,-4,1,EAGLE-02,PHOENIX-3A,25
PWR-LOT-2025-44,W03,6,-4,1,EAGLE-02,PHOENIX-3A,25
PWR-LOT-2025-44,W03,7,-4,1,EAGLE-02,PHOENIX-3A,25
PWR-LOT-2025-44,W03,8,-4,1,EAGLE-02,PHOENIX-3A,25
PWR-LOT-2025-44,W03,9,-4,1,EAGLE-02,PHOENIX-3A,25
PWR-LOT-2025-44,W03,10,-4,1,EAGLE-02,PHOENIX-3A,25
PWR-LOT-2025-44,W03,11,-4,1,EAGLE-02,PHOENIX-3A,25
PWR-LOT-2025-44,W03,12,-4,1,EAGLE-02,PHOENIX-3A,25
PWR-LOT-2025-44,W03,13,-4,1,EAGLE-02,PHOENIX-3A,25
PWR-LOT-2025-44,W03,-13,-3,2,EAGLE-02,PHOENIX-3A,25
PWR-LOT-2025-44,W03,-12,-3,1,EAGLE-02,PHOENIX-3A,25
PWR-LOT-2025-44,W03,-11,-3,1,EAGLE-02,PHOENIX-3A,25
PWR-LOT-2025-44,W03,-10,-3,1,EAGLE-02,PHOENIX-3A,25
PWR-LOT-2025-44,W03,-9,-3,1,EAGLE-02,PHOENIX-3A,25
PWR-LOT-2025-44,W03,-8,-3,1,EAGLE-02,PHOENIX-3A,25
PWR-LOT-2025-44,W03,-7,-3,1,EAGLE-02,PHOENIX-3A,25
PWR-LOT-2025-44,W03,-6,-3,1,EAGLE-02,PHOENIX-3A,25
PWR-LOT-2025-44,W03,-5,-3,1,EAGLE-02,PHOENIX-3A,25
PWR-LOT-2025-44,W03,-4,-3,1,EAGLE-02,PHOENIX-3A,25
PWR-LOT-2025-44,W03,-3,-3,2,EAGLE-02,PHOENIX-3A,25
PWR-LOT-2025-44,W03,-2,-3,1,EAGLE-02,PHOENIX-3A,25
PWR-LOT-2025-44,W03,-1,-3,1,EAGLE-02,PHOENIX-3A,25
PWR-LOT-2025-44,W03,0,-3,1,EAGLE-02,PHOENIX-3A,25
PWR-LOT-2025-44,W03,1,-3,1,EAGLE-02,PHOENIX-3A,25
PWR-LOT-2025-44,W03,2,-3,1,EAGLE-02,PHOENIX-3A,25
PWR-LOT-2025-44,W03,3,-3,1,EAGLE-02,PHOENIX-3A,25
PWR-LOT-2025-44,W03,4,-3,1,EAGLE-02,PHOENIX-3A,25
PWR-LOT-2025-44,W03,5,-3,1,EAGLE-02,PHOENIX-3A,25
PWR-LOT-2025-44,W03,6,-3,1,EAGLE-02,PHOENIX-3A,25
PWR-LOT-2025-44,W03,7,-3,1,EAGLE-02,PHOENIX-3A,25
PWR-LOT-2025-44,W03,8,-3,1,EAGLE-02,PHOENIX-3A,25
PWR-LOT-2025-44,W03,9,-3,1,EAGLE-02,PHOENIX-3A,25
PWR-LOT-2025-44,W03,10,-3,1,EAGLE-02,PHOENIX-3A,25
PWR-LOT-2025-44,W03,11,-3,1,EAGLE-02,PHOENIX-3A,25
PWR-LOT-2025-44,W03,12,-3,1,EAGLE-02,PHOENIX-3A,25
PWR-LOT-2025-44,W03,13,-3,1,EAGLE-02,PHOENIX-3A,25
PWR-LOT-2025-44,W03,-14,-2,2,EAGLE-02,PHOENIX-3A,25
PWR-LOT-2025-44,W03,-13,-2,1,EAGLE-02,PHOENIX-3A,25
PWR-LOT-2025-44,W03,-12,-2,1,EAGLE-02,PHOENIX-3A,25
PWR-LOT-2025-44,W03,-11,-2,1,EAGLE-02,PHOENIX-3A,25
PWR-LOT-2025-44,W03,-10,-2,1,EAGLE-02,PHOENIX-3A,25
PWR-LOT-2025-44,W03,-9,-2,1,EAGLE-02,PHOENIX-3A,25
PWR-LOT-2025-44,W03,-8,-2,1,EAGLE-02,PHOENIX-3A,25
PWR-LOT-2025-44,W03,-7,-2,1,EAGLE-02,PHOENIX-3A,25
PWR-LOT-2025-44,W03,-6,-2,1,EAGLE-02,PHOENIX-3A,25
PWR-LOT-2025-44,W03,-5,-2,1,EAGLE-02,PHOENIX-3A,25
PWR-LOT-2025-44,W03,-4,-2,1,EAGLE-02,PHOENIX-3A,25
PWR-LOT-2025-44,W03,-3,-2,1,EAGLE-02,PHOENIX-3A,25
PWR-LOT-2025-44,W03,-2,-2,1,EAGLE-02,PHOENIX-3A,25
PWR-LOT-2025-44,W03,-1,-2,1,EAGLE-02,PHOENIX-3A,25
PWR-LOT-2025-44,W03,0,-2,1,EAGLE-02,PHOENIX-3A,25
PWR-LOT-2025-44,W03,1,-2,1,EAGLE-02,PHOENIX-3A,25
PWR-LOT-2025-44,W03,2,-2,1,EAGLE-02,PHOENIX-3A,25
PWR-LOT-2025-44,W03,3,-2,1,EAGLE-02,PHOENIX-3A,25
PWR-LOT-2025-44,W03,4,-2,1,EAGLE-02,PHOENIX-3A,25
PWR-LOT-2025-44,W03,5,-2,1,EAGLE-02,PHOENIX-3A,25
PWR-LOT-2025-44,W03,6,-2,1,EAGLE-02,PHOENIX-3A,25
PWR-LOT-2025-44,W03,7,-2,1,EAGLE-02,PHOENIX-3A,25
PWR-LOT-2025-44,W03,8,-2,1,EAGLE-02,PHOENIX-3A,25
PWR-LOT-2025-44,W03,9,-2,1,EAGLE-02,PHOENIX-3A,25
PWR-LOT-2025-44,W03,10,-2,1,EAGLE-02,PHOENIX-3A,25
PWR-LOT-2025-44,W03,11,-2,1,EAGLE-02,PHOENIX-3A,25
PWR-LOT-2025-44,W03,12,-2,1,EAGLE-02,PHOENIX-3A,25
PWR-LOT-2025-44,W03,13,-2,1,EAGLE-02,PHOENIX-3A,25
PWR-LOT-2025-44,W03,14,-2,1,EAGLE-02,PHOENIX-3A,25
PWR-LOT-2025-44,W03,-14,-1,1,EAGLE-02,PHOENIX-3A,25
PWR-LOT-2025-44,W03,-13,-1,3,EAGLE-02,PHOENIX-3A,25
PWR-LOT-2025-44,W03,-12,-1,1,EAGLE-02,PHOENIX-3A,25
PWR-LOT-2025-44,W03,-11,-1,3,EAGLE-02,PHOENIX-3A,25
PWR-LOT-2025-44,W03,-10,-1,1,EAGLE-02,PHOENIX-3A,25
PWR-LOT-2025-44,W03,-9,-1,1,EAGLE-02,PHOENIX-3A,25
PWR-LOT-2025-44,W03,-8,-1,1,EAGLE-02,PHOENIX-3A,25
PWR-LOT-2025-44,W03,-7,-1,1,EAGLE-02,PHOENIX-3A,25
PWR-LOT-2025-44,W03,-6,-1,1,EAGLE-02,PHOENIX-3A,25
PWR-LOT-2025-44,W03,-5,-1,1,EAGLE-02,PHOENIX-3A,25
PWR-LOT-2025-44,W03,-4,-1,1,EAGLE-02,PHOENIX-3A,25
PWR-LOT-2025-44,W03,-3,-1,1,EAGLE-02,PHOENIX-3A,25
PWR-LOT-2025-44,W03,-2,-1,1,EAGLE-02,PHOENIX-3A,25
PWR-LOT-2025-44,W03,-1,-1,1,EAGLE-02,PHOENIX-3A,25
PWR-LOT-2025-44,W03,0,-1,1,EAGLE-02,PHOENIX-3A,25
PWR-LOT-2025-44,W03,1,-1,1,EAGLE-02,PHOENIX-3A,25
PWR-LOT-2025-44,W03,2,-1,1,EAGLE-02,PHOENIX-3A,25
PWR-LOT-2025-44,W03,3,-1,1,EAGLE-02,PHOENIX-3A,25
PWR-LOT-2025-44,W03,4,-1,1,EAGLE-02,PHOENIX-3A,25
PWR-LOT-2025-44,W03,5,-1,1,EAGLE-02,PHOENIX-3A,25
PWR-LOT-2025-44,W03,6,-1,1,EAGLE-02,PHOENIX-3A,25
PWR-LOT-2025-44,W03,7,-1,1,EAGLE-02,PHOENIX-3A,25
PWR-LOT-2025-44,W03,8,-1,1,EAGLE-02,PHOENIX-3A,25
PWR-LOT-2025-44,W03,9,-1,1,EAGLE-02,PHOENIX-3A,25
PWR-LOT-2025-44,W03,10,-1,1,EAGLE-02,PHOENIX-3A,25
PWR-LOT-2025-44,W03,11,-1,2,EAGLE-02,PHOENIX-3A,25
PWR-LOT-2025-44,W03,12,-1,1,EAGLE-02,PHOENIX-3A,25
PWR-LOT-2025-44,W03,13,-1,1,EAGLE-02,PHOENIX-3A,25
PWR-LOT-2025-44,W03,14,-1,1,EAGLE-02,PHOENIX-3A,25
PWR-LOT-2025-44,W03,-14,0,1,EAGLE-02,PHOENIX-3A,25
PWR-LOT-2025-44,W03,-13,0,1,EAGLE-02,PHOENIX-3A,25
PWR-LOT-2025-44,W03,-12,0,1,EAGLE-02,PHOENIX-3A,25
PWR-LOT-2025-44,W03,-11,0,1,EAGLE-02,PHOENIX-3A,25
PWR-LOT-2025-44,W03,-10,0,1,EAGLE-02,PHOENIX-3A,25
PWR-LOT-2025-44,W03,-9,0,1,EAGLE-02,PHOENIX-3A,25
PWR-LOT-2025-44,W03,-8,0,1,EAGLE-02,PHOENIX-3A,25
PWR-LOT-2025-44,W03,-7,0,1,EAGLE-02,PHOENIX-3A,25
PWR-LOT-2025-44,W03,-6,0,1,EAGLE-02,PHOENIX-3A,25
PWR-LOT-2025-44,W03,-5,0,1,EAGLE-02,PHOENIX-3A,25
PWR-LOT-2025-44,W03,-4,0,1,EAGLE-02,PHOENIX-3A,25
PWR-LOT-2025-44,W03,-3,0,1,EAGLE-02,PHOENIX-3A,25
PWR-LOT-2025-44,W03,-2,0,1,EAGLE-02,PHOENIX-3A,25
PWR-LOT-2025-44,W03,-1,0,1,EAGLE-02,PHOENIX-3A,25
PWR-LOT-2025-44,W03,0,0,1,EAGLE-02,PHOENIX-3A,25
PWR-LOT-2025-44,W03,1,0,1,EAGLE-02,PHOENIX-3A,25
PWR-LOT-2025-44,W03,2,0,1,EAGLE-02,PHOENIX-3A,25
PWR-LOT-2025-44,W03,3,0,1,EAGLE-02,PHOENIX-3A,25
PWR-LOT-2025-44,W03,4,0,1,EAGLE-02,PHOENIX-3A,25
PWR-LOT-2025-44,W03,5,0,1,EAGLE-02,PHOENIX-3A,25
PWR-LOT-2025-44,W03,6,0,1,EAGLE-02,PHOENIX-3A,25
PWR-LOT-2025-44,W03,7,0,1,EAGLE-02,PHOENIX-3A,25
PWR-LOT-2025-44,W03,8,0,1,EAGLE-02,PHOENIX-3A,25
PWR-LOT-2025-44,W03,9,0,1,EAGLE-02,PHOENIX-3A,25
PWR-LOT-2025-44,W03,10,0,1,EAGLE-02,PHOENIX-3A,25
PWR-LOT-2025-44,W03,11,0,1,EAGLE-02,PHOENIX-3A,25
PWR-LOT-2025-44,W03,12,0,1,EAGLE-02,PHOENIX-3A,25
PWR-LOT-2025-44,W03,13,0,1,EAGLE-02,PHOENIX-3A,25
PWR-LOT-2025-44,W03,14,0,1,EAGLE-02,PHOENIX-3A,25
PWR-LOT-2025-44,W03,-14,1,1,EAGLE-02,PHOENIX-3A,25
PWR-LOT-2025-44,W03,-13,1,1,EAGLE-02,PHOENIX-3A,25
PWR-LOT-2025-44,W03,-12,1,3,EAGLE-02,PHOENIX-3A,25
PWR-LOT-2025-44,W03,-11,1,1,EAGLE-02,PHOENIX-3A,25
PWR-LOT-2025-44,W03,-10,1,1,EAGLE-02,PHOENIX-3A,25
PWR-LOT-2025-44,W03,-9,1,1,EAGLE-02,PHOENIX-3A,25
PWR-LOT-2025-44,W03,-8,1,1,EAGLE-02,PHOENIX-3A,25
PWR-LOT-2025-44,W03,-7,1,1,EAGLE-02,PHOENIX-3A,25
PWR-LOT-2025-44,W03,-6,1,1,EAGLE-02,PHOENIX-3A,25
PWR-LOT-2025-44,W03,-5,1,1,EAGLE-02,PHOENIX-3A,25
PWR-LOT-2025-44,W03,-4,1,1,EAGLE-02,PHOENIX-3A,25
PWR-LOT-2025-44,W03,-3,1,1,EAGLE-02,PHOENIX-3A,25
PWR-LOT-2025-44,W03,-2,1,1,EAGLE-02,PHOENIX-3A,25
PWR-LOT-2025-44,W03,-1,1,1,EAGLE-02,PHOENIX-3A,25
PWR-LOT-2025-44,W03,0,1,1,EAGLE-02,PHOENIX-3A,25
PWR-LOT-2025-44,W03,1,1,1,EAGLE-02,PHOENIX-3A,25
PWR-LOT-2025-44,W03,2,1,1,EAGLE-02,PHOENIX-3A,25
PWR-LOT-2025-44,W03,3,1,2,EAGLE-02,PHOENIX-3A,25
PWR-LOT-2025-44,W03,4,1,1,EAGLE-02,PHOENIX-3A,25
PWR-LOT-2025-44,W03,5,1,2,EAGLE-02,PHOENIX-3A,25
PWR-LOT-2025-44,W03,6,1,3,EAGLE-02,PHOENIX-3A,25
PWR-LOT-2025-44,W03,7,1,1,EAGLE-02,PHOENIX-3A,25
PWR-LOT-2025-44,W03,8,1,3,EAGLE-02,PHOENIX-3A,25
PWR-LOT-2025-44,W03,9,1,1,EAGLE-02,PHOENIX-3A,25
PWR-LOT-2025-44,W03,10,1,1,EAGLE-02,PHOENIX-3A,25
PWR-LOT-2025-44,W03,11,1,2,EAGLE-02,PHOENIX-3A,25
PWR-LOT-2025-44,W03,12,1,2,EAGLE-02,PHOENIX-3A,25
PWR-LOT-2025-44,W03,13,1,1,EAGLE-02,PHOENIX-3A,25
PWR-LOT-2025-44,W03,14,1,2,EAGLE-02,PHOENIX-3A,25
PWR-LOT-2025-44,W03,-14,2,1,EAGLE-02,PHOENIX-3A,25
PWR-LOT-2025-44,W03,-13,2,1,EAGLE-02,PHOENIX-3A,25
PWR-LOT-2025-44,W03,-12,2,1,EAGLE-02,PHOENIX-3A,25
PWR-LOT-2025-44,W03,-11,2,1,EAGLE-02,PHOENIX-3A,25
PWR-LOT-2025-44,W03,-10,2,1,EAGLE-02,PHOENIX-3A,25
PWR-LOT-2025-44,W03,-9,2,1,EAGLE-02,PHOENIX-3A,25
PWR-LOT-2025-44,W03,-8,2,1,EAGLE-02,PHOENIX-3A,25
PWR-LOT-2025-44,W03,-7,2,1,EAGLE-02,PHOENIX-3A,25
PWR-LOT-2025-44,W03,-6,2,1,EAGLE-02,PHOENIX-3A,25
PWR-LOT-2025-44,W03,-5,2,1,EAGLE-02,PHOENIX-3A,25
PWR-LOT-2025-44,W03,-4,2,1,EAGLE-02,PHOENIX-3A,25
PWR-LOT-2025-44,W03,-3,2,1,EAGLE-02,PHOENIX-3A,25
PWR-LOT-2025-44,W03,-2,2,1,EAGLE-02,PHOENIX-3A,25
PWR-LOT-2025-44,W03,-1,2,1,EAGLE-02,PHOENIX-3A,25
PWR-LOT-2025-44,W03,0,2,1,EAGLE-02,PHOENIX-3A,25
PWR-LOT-2025-44,W03,1,2,1,EAGLE-02,PHOENIX-3A,25
PWR-LOT-2025-44,W03,2,2,3,EAGLE-02,PHOENIX-3A,25
PWR-LOT-2025-44,W03,3,2,1,EAGLE-02,PHOENIX-3A,25
PWR-LOT-2025-44,W03,4,2,3,EAGLE-02,PHOENIX-3A,25
PWR-LOT-2025-44,W03,5,2,1,EAGLE-02,PHOENIX-3A,25
PWR-LOT-2025-44,W03,6,2,2,EAGLE-02,PHOENIX-3A,25
PWR-LOT-2025-44,W03,7,2,1,EAGLE-02,PHOENIX-3A,25
PWR-LOT-2025-44,W03,8,2,1,EAGLE-02,PHOENIX-3A,25
PWR-LOT-2025-44,W03,9,2,1,EAGLE-02,PHOENIX-3A,25
PWR-LOT-2025-44,W03,10,2,1,EAGLE-02,PHOENIX-3A,25
PWR-LOT-2025-44,W03,11,2,1,EAGLE-02,PHOENIX-3A,25
PWR-LOT-2025-44,W03,12,2,1,EAGLE-02,PHOENIX-3A,25
PWR-LOT-2025-44,W03,13,2,1,EAGLE-02,PHOENIX-3A,25
PWR-LOT-2025-44,W03,14,2,2,EAGLE-02,PHOENIX-3A,25
PWR-LOT-2025-44,W03,-13,3,1,EAGLE-02,PHOENIX-3A,25
PWR-LOT-2025-44,W03,-12,3,1,EAGLE-02,PHOENIX-3A,25
PWR-LOT-2025-44,W03,-11,3,1,EAGLE-02,PHOENIX-3A,25
PWR-LOT-2025-44,W03,-10,3,1,EAGLE-02,PHOENIX-3A,25
PWR-LOT-2025-44,W03,-9,3,2,EAGLE-02,PHOENIX-3A,25
PWR-LOT-2025-44,W03,-8,3,1,EAGLE-02,PHOENIX-3A,25
PWR-LOT-2025-44,W03,-7,3,1,EAGLE-02,PHOENIX-3A,25
PWR-LOT-2025-44,W03,-6,3,1,EAGLE-02,PHOENIX-3A,25
PWR-LOT-2025-44,W03,-5,3,1,EAGLE-02,PHOENIX-3A,25
PWR-LOT-2025-44,W03,-4,3,1,EAGLE-02,PHOENIX-3A,25
PWR-LOT-2025-44,W03,-3,3,2,EAGLE-02,PHOENIX-3A,25
PWR-LOT-2025-44,W03,-2,3,1,EAGLE-02,PHOENIX-3A,25
PWR-LOT-2025-44,W03,-1,3,1,EAGLE-02,PHOENIX-3A,25
PWR-LOT-2025-44,W03,0,3,1,EAGLE-02,PHOENIX-3A,25
PWR-LOT-2025-44,W03,1,3,1,EAGLE-02,PHOENIX-3A,25
PWR-LOT-2025-44,W03,2,3,2,EAGLE-02,PHOENIX-3A,25
PWR-LOT-2025-44,W03,3,3,2,EAGLE-02,PHOENIX-3A,25
PWR-LOT-2025-44,W03,4,3,1,EAGLE-02,PHOENIX-3A,25
PWR-LOT-2025-44,W03,5,3,2,EAGLE-02,PHOENIX-3A,25
PWR-LOT-2025-44,W03,6,3,1,EAGLE-02,PHOENIX-3A,25
PWR-LOT-2025-44,W03,7,3,2,EAGLE-02,PHOENIX-3A,25
PWR-LOT-2025-44,W03,8,3,2,EAGLE-02,PHOENIX-3A,25
PWR-LOT-2025-44,W03,9,3,1,EAGLE-02,PHOENIX-3A,25
PWR-LOT-2025-44,W03,10,3,1,EAGLE-02,PHOENIX-3A,25
PWR-LOT-2025-44,W03,11,3,2,EAGLE-02,PHOENIX-3A,25
PWR-LOT-2025-44,W03,12,3,2,EAGLE-02,PHOENIX-3A,25
PWR-LOT-2025-44,W03,13,3,2,EAGLE-02,PHOENIX-3A,25
PWR-LOT-2025-44,W03,-13,4,1,EAGLE-02,PHOENIX-3A,25
PWR-LOT-2025-44,W03,-12,4,1,EAGLE-02,PHOENIX-3A,25
PWR-LOT-2025-44,W03,-11,4,1,EAGLE-02,PHOENIX-3A,25
PWR-LOT-2025-44,W03,-10,4,1,EAGLE-02,PHOENIX-3A,25
PWR-LOT-2025-44,W03,-9,4,1,EAGLE-02,PHOENIX-3A,25
PWR-LOT-2025-44,W03,-8,4,1,EAGLE-02,PHOENIX-3A,25
PWR-LOT-2025-44,W03,-7,4,1,EAGLE-02,PHOENIX-3A,25
PWR-LOT-2025-44,W03,-6,4,1,EAGLE-02,PHOENIX-3A,25
PWR-LOT-2025-44,W03,-5,4,1,EAGLE-02,PHOENIX-3A,25
PWR-LOT-2025-44,W03,-4,4,1,EAGLE-02,PHOENIX-3A,25
PWR-LOT-2025-44,W03,-3,4,1,EAGLE-02,PHOENIX-3A,25
PWR-LOT-2025-44,W03,-2,4,1,EAGLE-02,PHOENIX-3A,25
PWR-LOT-2025-44,W03,-1,4,1,EAGLE-02,PHOENIX-3A,25
PWR-LOT-2025-44,W03,0,4,3,EAGLE-02,PHOENIX-3A,25
PWR-LOT-2025-44,W03,1,4,2,EAGLE-02,PHOENIX-3A,25
PWR-LOT-2025-44,W03,2,4,1,EAGLE-02,PHOENIX-3A,25
PWR-LOT-2025-44,W03,3,4,1,EAGLE-02,PHOENIX-3A,25
PWR-LOT-2025-44,W03,4,4,2,EAGLE-02,PHOENIX-3A,25
PWR-LOT-2025-44,W03,5,4,3,EAGLE-02,PHOENIX-3A,25
PWR-LOT-2025-44,W03,6,4,3,EAGLE-02,PHOENIX-3A,25
PWR-LOT-2025-44,W03,7,4,3,EAGLE-02,PHOENIX-3A,25
PWR-LOT-2025-44,W03,8,4,1,EAGLE-02,PHOENIX-3A,25
PWR-LOT-2025-44,W03,9,4,1,EAGLE-02,PHOENIX-3A,25
PWR-LOT-2025-44,W03,10,4,1,EAGLE-02,PHOENIX-3A,25
PWR-LOT-2025-44,W03,11,4,2,EAGLE-02,PHOENIX-3A,25
PWR-LOT-2025-44,W03,12,4,1,EAGLE-02,PHOENIX-3A,25
PWR-LOT-2025-44,W03,13,4,3,EAGLE-02,PHOENIX-3A,25
PWR-LOT-2025-44,W03,-13,5,1,EAGLE-02,PHOENIX-3A,25
PWR-LOT-2025-44,W03,-12,5,1,EAGLE-02,PHOENIX-3A,25
PWR-LOT-2025-44,W03,-11,5,1,EAGLE-02,PHOENIX-3A,25
PWR-LOT-2025-44,W03,-10,5,1,EAGLE-02,PHOENIX-3A,25
PWR-LOT-2025-44,W03,-9,5,1,EAGLE-02,PHOENIX-3A,25
PWR-LOT-2025-44,W03,-8,5,2,EAGLE-02,PHOENIX-3A,25
PWR-LOT-2025-44,W03,-7,5,1,EAGLE-02,PHOENIX-3A,25
PWR-LOT-2025-44,W03,-6,5,1,EAGLE-02,PHOENIX-3A,25
PWR-LOT-2025-44,W03,-5,5,2,EAGLE-02,PHOENIX-3A,25
PWR-LOT-2025-44,W03,-4,5,2,EAGLE-02,PHOENIX-3A,25
PWR-LOT-2025-44,W03,-3,5,1,EAGLE-02,PHOENIX-3A,25
PWR-LOT-2025-44,W03,-2,5,1,EAGLE-02,PHOENIX-3A,25
PWR-LOT-2025-44,W03,-1,5,1,EAGLE-02,PHOENIX-3A,25
PWR-LOT-2025-44,W03,0,5,1,EAGLE-02,PHOENIX-3A,25
PWR-LOT-2025-44,W03,1,5,2,EAGLE-02,PHOENIX-3A,25
PWR-LOT-2025-44,W03,2,5,1,EAGLE-02,PHOENIX-3A,25
PWR-LOT-2025-44,W03,3,5,3,EAGLE-02,PHOENIX-3A,25
PWR-LOT-2025-44,W03,4,5,1,EAGLE-02,PHOENIX-3A,25
PWR-LOT-2025-44,W03,5,5,1,EAGLE-02,PHOENIX-3A,25
PWR-LOT-2025-44,W03,6,5,2,EAGLE-02,PHOENIX-3A,25
PWR-LOT-2025-44,W03,7,5,1,EAGLE-02,PHOENIX-3A,25
PWR-LOT-2025-44,W03,8,5,1,EAGLE-02,PHOENIX-3A,25
PWR-LOT-2025-44,W03,9,5,1,EAGLE-02,PHOENIX-3A,25
PWR-LOT-2025-44,W03,10,5,2,EAGLE-02,PHOENIX-3A,25
PWR-LOT-2025-44,W03,11,5,2,EAGLE-02,PHOENIX-3A,25
PWR-LOT-2025-44,W03,12,5,2,EAGLE-02,PHOENIX-3A,25
PWR-LOT-2025-44,W03,13,5,2,EAGLE-02,PHOENIX-3A,25
PWR-LOT-2025-44,W03,-12,6,1,EAGLE-02,PHOENIX-3A,25
PWR-LOT-2025-44,W03,-11,6,1,EAGLE-02,PHOENIX-3A,25
PWR-LOT-2025-44,W03,-10,6,1,EAGLE-02,PHOENIX-3A,25
PWR-LOT-2025-44,W03,-9,6,1,EAGLE-02,PHOENIX-3A,25
PWR-LOT-2025-44,W03,-8,6,1,EAGLE-02,PHOENIX-3A,25
PWR-LOT-2025-44,W03,-7,6,3,EAGLE-02,PHOENIX-3A,25
PWR-LOT-2025-44,W03,-6,6,1,EAGLE-02,PHOENIX-3A,25
PWR-LOT-2025-44,W03,-5,6,1,EAGLE-02,PHOENIX-3A,25
PWR-LOT-2025-44,W03,-4,6,1,EAGLE-02,PHOENIX-3A,25
PWR-LOT-2025-44,W03,-3,6,1,EAGLE-02,PHOENIX-3A,25
PWR-LOT-2025-44,W03,-2,6,1,EAGLE-02,PHOENIX-3A,25
PWR-LOT-2025-44,W03,-1,6,1,EAGLE-02,PHOENIX-3A,25
PWR-LOT-2025-44,W03,0,6,1,EAGLE-02,PHOENIX-3A,25
PWR-LOT-2025-44,W03,1,6,2,EAGLE-02,PHOENIX-3A,25
PWR-LOT-2025-44,W03,2,6,3,EAGLE-02,PHOENIX-3A,25
PWR-LOT-2025-44,W03,3,6,2,EAGLE-02,PHOENIX-3A,25
PWR-LOT-2025-44,W03,4,6,2,EAGLE-02,PHOENIX-3A,25
PWR-LOT-2025-44,W03,5,6,1,EAGLE-02,PHOENIX-3A,25
PWR-LOT-2025-44,W03,6,6,1,EAGLE-02,PHOENIX-3A,25
PWR-LOT-2025-44,W03,7,6,1,EAGLE-02,PHOENIX-3A,25
PWR-LOT-2025-44,W03,8,6,1,EAGLE-02,PHOENIX-3A,25
PWR-LOT-2025-44,W03,9,6,2,EAGLE-02,PHOENIX-3A,25
PWR-LOT-2025-44,W03,10,6,2,EAGLE-02,PHOENIX-3A,25
PWR-LOT-2025-44,W03,11,6,1,EAGLE-02,PHOENIX-3A,25
PWR-LOT-2025-44,W03,12,6,2,EAGLE-02,PHOENIX-3A,25
PWR-LOT-2025-44,W03,-12,7,1,EAGLE-02,PHOENIX-3A,25
PWR-LOT-2025-44,W03,-11,7,1,EAGLE-02,PHOENIX-3A,25
PWR-LOT-2025-44,W03,-10,7,1,EAGLE-02,PHOENIX-3A,25
PWR-LOT-2025-44,W03,-9,7,1,EAGLE-02,PHOENIX-3A,25
PWR-LOT-2025-44,W03,-8,7,1,EAGLE-02,PHOENIX-3A,25
PWR-LOT-2025-44,W03,-7,7,2,EAGLE-02,PHOENIX-3A,25
PWR-LOT-2025-44,W03,-6,7,1,EAGLE-02,PHOENIX-3A,25
PWR-LOT-2025-44,W03,-5,7,1,EAGLE-02,PHOENIX-3A,25
PWR-LOT-2025-44,W03,-4,7,1,EAGLE-02,PHOENIX-3A,25
PWR-LOT-2025-44,W03,-3,7,1,EAGLE-02,PHOENIX-3A,25
PWR-LOT-2025-44,W03,-2,7,1,EAGLE-02,PHOENIX-3A,25
PWR-LOT-2025-44,W03,-1,7,1,EAGLE-02,PHOENIX-3A,25
PWR-LOT-2025-44,W03,0,7,1,EAGLE-02,PHOENIX-3A,25
PWR-LOT-2025-44,W03,1,7,2,EAGLE-02,PHOENIX-3A,25
PWR-LOT-2025-44,W03,2,7,1,EAGLE-02,PHOENIX-3A,25
PWR-LOT-2025-44,W03,3,7,1,EAGLE-02,PHOENIX-3A,25
PWR-LOT-2025-44,W03,4,7,1,EAGLE-02,PHOENIX-3A,25
PWR-LOT-2025-44,W03,5,7,3,EAGLE-02,PHOENIX-3A,25
PWR-LOT-2025-44,W03,6,7,1,EAGLE-02,PHOENIX-3A,25
PWR-LOT-2025-44,W03,7,7,1,EAGLE-02,PHOENIX-3A,25
PWR-LOT-2025-44,W03,8,7,1,EAGLE-02,PHOENIX-3A,25
PWR-LOT-2025-44,W03,9,7,3,EAGLE-02,PHOENIX-3A,25
PWR-LOT-2025-44,W03,10,7,3,EAGLE-02,PHOENIX-3A,25
PWR-LOT-2025-44,W03,11,7,1,EAGLE-02,PHOENIX-3A,25
PWR-LOT-2025-44,W03,12,7,2,EAGLE-02,PHOENIX-3A,25
PWR-LOT-2025-44,W03,-11,8,1,EAGLE-02,PHOENIX-3A,25
PWR-LOT-2025-44,W03,-10,8,1,EAGLE-02,PHOENIX-3A,25
PWR-LOT-2025-44,W03,-9,8,1,EAGLE-02,PHOENIX-3A,25
PWR-LOT-2025-44,W03,-8,8,1,EAGLE-02,PHOENIX-3A,25
PWR-LOT-2025-44,W03,-7,8,1,EAGLE-02,PHOENIX-3A,25
PWR-LOT-2025-44,W03,-6,8,1,EAGLE-02,PHOENIX-3A,25
PWR-LOT-2025-44,W03,-5,8,1,EAGLE-02,PHOENIX-3A,25
PWR-LOT-2025-44,W03,-4,8,1,EAGLE-02,PHOENIX-3A,25
PWR-LOT-2025-44,W03,-3,8,1,EAGLE-02,PHOENIX-3A,25
PWR-LOT-2025-44,W03,-2,8,1,EAGLE-02,PHOENIX-3A,25
PWR-LOT-2025-44,W03,-1,8,1,EAGLE-02,PHOENIX-3A,25
PWR-LOT-2025-44,W03,0,8,1,EAGLE-02,PHOENIX-3A,25
PWR-LOT-2025-44,W03,1,8,2,EAGLE-02,PHOENIX-3A,25
PWR-LOT-2025-44,W03,2,8,2,EAGLE-02,PHOENIX-3A,25
PWR-LOT-2025-44,W03,3,8,1,EAGLE-02,PHOENIX-3A,25
PWR-LOT-2025-44,W03,4,8,2,EAGLE-02,PHOENIX-3A,25
PWR-LOT-2025-44,W03,5,8,2,EAGLE-02,PHOENIX-3A,25
PWR-LOT-2025-44,W03,6,8,1,EAGLE-02,PHOENIX-3A,25
PWR-LOT-2025-44,W03,7,8,2,EAGLE-02,PHOENIX-3A,25
PWR-LOT-2025-44,W03,8,8,2,EAGLE-02,PHOENIX-3A,25
PWR-LOT-2025-44,W03,9,8,3,EAGLE-02,PHOENIX-3A,25
PWR-LOT-2025-44,W03,10,8,3,EAGLE-02,PHOENIX-3A,25
PWR-LOT-2025-44,W03,11,8,2,EAGLE-02,PHOENIX-3A,25
PWR-LOT-2025-44,W03,-10,9,1,EAGLE-02,PHOENIX-3A,25
PWR-LOT-2025-44,W03,-9,9,1,EAGLE-02,PHOENIX-3A,25
PWR-LOT-2025-44,W03,-8,9,1,EAGLE-02,PHOENIX-3A,25
PWR-LOT-2025-44,W03,-7,9,1,EAGLE-02,PHOENIX-3A,25
PWR-LOT-2025-44,W03,-6,9,1,EAGLE-02,PHOENIX-3A,25
PWR-LOT-2025-44,W03,-5,9,1,EAGLE-02,PHOENIX-3A,25
PWR-LOT-2025-44,W03,-4,9,1,EAGLE-02,PHOENIX-3A,25
PWR-LOT-2025-44,W03,-3,9,1,EAGLE-02,PHOENIX-3A,25
PWR-LOT-2025-44,W03,-2,9,1,EAGLE-02,PHOENIX-3A,25
PWR-LOT-2025-44,W03,-1,9,1,EAGLE-02,PHOENIX-3A,25
PWR-LOT-2025-44,W03,0,9,1,EAGLE-02,PHOENIX-3A,25
PWR-LOT-2025-44,W03,1,9,2,EAGLE-02,PHOENIX-3A,25
PWR-LOT-2025-44,W03,2,9,1,EAGLE-02,PHOENIX-3A,25
PWR-LOT-2025-44,W03,3,9,1,EAGLE-02,PHOENIX-3A,25
PWR-LOT-2025-44,W03,4,9,1,EAGLE-02,PHOENIX-3A,25
PWR-LOT-2025-44,W03,5,9,1,EAGLE-02,PHOENIX-3A,25
PWR-LOT-2025-44,W03,6,9,1,EAGLE-02,PHOENIX-3A,25
PWR-LOT-2025-44,W03,7,9,1,EAGLE-02,PHOENIX-3A,25
PWR-LOT-2025-44,W03,8,9,3,EAGLE-02,PHOENIX-3A,25
PWR-LOT-2025-44,W03,9,9,1,EAGLE-02,PHOENIX-3A,25
PWR-LOT-2025-44,W03,10,9,1,EAGLE-02,PHOENIX-3A,25
PWR-LOT-2025-44,W03,-10,10,1,EAGLE-02,PHOENIX-3A,25
PWR-LOT-2025-44,W03,-9,10,1,EAGLE-02,PHOENIX-3A,25
PWR-LOT-2025-44,W03,-8,10,1,EAGLE-02,PHOENIX-3A,25
PWR-LOT-2025-44,W03,-7,10,1,EAGLE-02,PHOENIX-3A,25
PWR-LOT-2025-44,W03,-6,10,1,EAGLE-02,PHOENIX-3A,25
PWR-LOT-2025-44,W03,-5,10,1,EAGLE-02,PHOENIX-3A,25
PWR-LOT-2025-44,W03,-4,10,1,EAGLE-02,PHOENIX-3A,25
PWR-LOT-2025-44,W03,-3,10,1,EAGLE-02,PHOENIX-3A,25
PWR-LOT-2025-44,W03,-2,10,1,EAGLE-02,PHOENIX-3A,25
PWR-LOT-2025-44,W03,-1,10,1,EAGLE-02,PHOENIX-3A,25
PWR-LOT-2025-44,W03,0,10,1,EAGLE-02,PHOENIX-3A,25
PWR-LOT-2025-44,W03,1,10,1,EAGLE-02,PHOENIX-3A,25
PWR-LOT-2025-44,W03,2,10,1,EAGLE-02,PHOENIX-3A,25
PWR-LOT-2025-44,W03,3,10,2,EAGLE-02,PHOENIX-3A,25
PWR-LOT-2025-44,W03,4,10,1,EAGLE-02,PHOENIX-3A,25
PWR-LOT-2025-44,W03,5,10,3,EAGLE-02,PHOENIX-3A,25
PWR-LOT-2025-44,W03,6,10,1,EAGLE-02,PHOENIX-3A,25
PWR-LOT-2025-44,W03,7,10,2,EAGLE-02,PHOENIX-3A,25
PWR-LOT-2025-44,W03,8,10,1,EAGLE-02,PHOENIX-3A,25
PWR-LOT-2025-44,W03,9,10,2,EAGLE-02,PHOENIX-3A,25
PWR-LOT-2025-44,W03,10,10,2,EAGLE-02,PHOENIX-3A,25
PWR-LOT-2025-44,W03,-8,11,1,EAGLE-02,PHOENIX-3A,25
PWR-LOT-2025-44,W03,-7,11,1,EAGLE-02,PHOENIX-3A,25
PWR-LOT-2025-44,W03,-6,11,1,EAGLE-02,PHOENIX-3A,25
PWR-LOT-2025-44,W03,-5,11,1,EAGLE-02,PHOENIX-3A,25
PWR-LOT-2025-44,W03,-4,11,1,EAGLE-02,PHOENIX-3A,25
PWR-LOT-2025-44,W03,-3,11,1,EAGLE-02,PHOENIX-3A,25
PWR-LOT-2025-44,W03,-2,11,1,EAGLE-02,PHOENIX-3A,25
PWR-LOT-2025-44,W03,-1,11,1,EAGLE-02,PHOENIX-3A,25
PWR-LOT-2025-44,W03,0,11,1,EAGLE-02,PHOENIX-3A,25
PWR-LOT-2025-44,W03,1,11,2,EAGLE-02,PHOENIX-3A,25
PWR-LOT-2025-44,W03,2,11,3,EAGLE-02,PHOENIX-3A,25
PWR-LOT-2025-44,W03,3,11,2,EAGLE-02,PHOENIX-3A,25
PWR-LOT-2025-44,W03,4,11,1,EAGLE-02,PHOENIX-3A,25
PWR-LOT-2025-44,W03,5,11,1,EAGLE-02,PHOENIX-3A,25
PWR-LOT-2025-44,W03,6,11,2,EAGLE-02,PHOENIX-3A,25
PWR-LOT-2025-44,W03,7,11,1,EAGLE-02,PHOENIX-3A,25
PWR-LOT-2025-44,W03,8,11,1,EAGLE-02,PHOENIX-3A,25
PWR-LOT-2025-44,W03,-7,12,1,EAGLE-02,PHOENIX-3A,25
PWR-LOT-2025-44,W03,-6,12,1,EAGLE-02,PHOENIX-3A,25
PWR-LOT-2025-44,W03,-5,12,1,EAGLE-02,PHOENIX-3A,25
PWR-LOT-2025-44,W03,-4,12,1,EAGLE-02,PHOENIX-3A,25
PWR-LOT-2025-44,W03,-3,12,1,EAGLE-02,PHOENIX-3A,25
PWR-LOT-2025-44,W03,-2,12,1,EAGLE-02,PHOENIX-3A,25
PWR-LOT-2025-44,W03,-1,12,1,EAGLE-02,PHOENIX-3A,25
PWR-LOT-2025-44,W03,0,12,2,EAGLE-02,PHOENIX-3A,25
PWR-LOT-2025-44,W03,1,12,2,EAGLE-02,PHOENIX-3A,25
PWR-LOT-2025-44,W03,2,12,1,EAGLE-02,PHOENIX-3A,25
PWR-LOT-2025-44,W03,3,12,1,EAGLE-02,PHOENIX-3A,25
PWR-LOT-2025-44,W03,4,12,1,EAGLE-02,PHOENIX-3A,25
PWR-LOT-2025-44,W03,5,12,1,EAGLE-02,PHOENIX-3A,25
PWR-LOT-2025-44,W03,6,12,2,EAGLE-02,PHOENIX-3A,25
PWR-LOT-2025-44,W03,7,12,2,EAGLE-02,PHOENIX-3A,25
PWR-LOT-2025-44,W03,-5,13,1,EAGLE-02,PHOENIX-3A,25
PWR-LOT-2025-44,W03,-4,13,1,EAGLE-02,PHOENIX-3A,25
PWR-LOT-2025-44,W03,-3,13,1,EAGLE-02,PHOENIX-3A,25
PWR-LOT-2025-44,W03,-2,13,1,EAGLE-02,PHOENIX-3A,25
PWR-LOT-2025-44,W03,-1,13,1,EAGLE-02,PHOENIX-3A,25
PWR-LOT-2025-44,W03,0,13,1,EAGLE-02,PHOENIX-3A,25
PWR-LOT-2025-44,W03,1,13,1,EAGLE-02,PHOENIX-3A,25
PWR-LOT-2025-44,W03,2,13,3,EAGLE-02,PHOENIX-3A,25
PWR-LOT-2025-44,W03,3,13,1,EAGLE-02,PHOENIX-3A,25
PWR-LOT-2025-44,W03,4,13,2,EAGLE-02,PHOENIX-3A,25
PWR-LOT-2025-44,W03,5,13,1,EAGLE-02,PHOENIX-3A,25
PWR-LOT-2025-44,W03,-2,14,1,EAGLE-02,PHOENIX-3A,25
PWR-LOT-2025-44,W03,-1,14,1,EAGLE-02,PHOENIX-3A,25
PWR-LOT-2025-44,W03,0,14,1,EAGLE-02,PHOENIX-3A,25
PWR-LOT-2025-44,W03,1,14,3,EAGLE-02,PHOENIX-3A,25
PWR-LOT-2025-44,W03,2,14,1,EAGLE-02,PHOENIX-3A,25
PWR-LOT-2025-44,W04,-2,-14,1,EAGLE-02,PHOENIX-3A,25
PWR-LOT-2025-44,W04,-1,-14,1,EAGLE-02,PHOENIX-3A,25
PWR-LOT-2025-44,W04,0,-14,1,EAGLE-02,PHOENIX-3A,25
PWR-LOT-2025-44,W04,1,-14,1,EAGLE-02,PHOENIX-3A,25
PWR-LOT-2025-44,W04,2,-14,1,EAGLE-02,PHOENIX-3A,25
PWR-LOT-2025-44,W04,-5,-13,1,EAGLE-02,PHOENIX-3A,25
PWR-LOT-2025-44,W04,-4,-13,1,EAGLE-02,PHOENIX-3A,25
PWR-LOT-2025-44,W04,-3,-13,1,EAGLE-02,PHOENIX-3A,25
PWR-LOT-2025-44,W04,-2,-13,1,EAGLE-02,PHOENIX-3A,25
PWR-LOT-2025-44,W04,-1,-13,1,EAGLE-02,PHOENIX-3A,25
PWR-LOT-2025-44,W04,0,-13,1,EAGLE-02,PHOENIX-3A,25
PWR-LOT-2025-44,W04,1,-13,1,EAGLE-02,PHOENIX-3A,25
PWR-LOT-2025-44,W04,2,-13,1,EAGLE-02,PHOENIX-3A,25
PWR-LOT-2025-44,W04,3,-13,1,EAGLE-02,PHOENIX-3A,25
PWR-LOT-2025-44,W04,4,-13,1,EAGLE-02,PHOENIX-3A,25
PWR-LOT-2025-44,W04,5,-13,1,EAGLE-02,PHOENIX-3A,25
PWR-LOT-2025-44,W04,-7,-12,1,EAGLE-02,PHOENIX-3A,25
PWR-LOT-2025-44,W04,-6,-12,3,EAGLE-02,PHOENIX-3A,25
PWR-LOT-2025-44,W04,-5,-12,1,EAGLE-02,PHOENIX-3A,25
PWR-LOT-2025-44,W04,-4,-12,1,EAGLE-02,PHOENIX-3A,25
PWR-LOT-2025-44,W04,-3,-12,1,EAGLE-02,PHOENIX-3A,25
PWR-LOT-2025-44,W04,-2,-12,1,EAGLE-02,PHOENIX-3A,25
PWR-LOT-2025-44,W04,-1,-12,1,EAGLE-02,PHOENIX-3A,25
PWR-LOT-2025-44,W04,0,-12,1,EAGLE-02,PHOENIX-3A,25
PWR-LOT-2025-44,W04,1,-12,1,EAGLE-02,PHOENIX-3A,25
PWR-LOT-2025-44,W04,2,-12,1,EAGLE-02,PHOENIX-3A,25
PWR-LOT-2025-44,W04,3,-12,1,EAGLE-02,PHOENIX-3A,25
PWR-LOT-2025-44,W04,4,-12,2,EAGLE-02,PHOENIX-3A,25
PWR-LOT-2025-44,W04,5,-12,1,EAGLE-02,PHOENIX-3A,25
PWR-LOT-2025-44,W04,6,-12,1,EAGLE-02,PHOENIX-3A,25
PWR-LOT-2025-44,W04,7,-12,1,EAGLE-02,PHOENIX-3A,25
PWR-LOT-2025-44,W04,-8,-11,1,EAGLE-02,PHOENIX-3A,25
PWR-LOT-2025-44,W04,-7,-11,1,EAGLE-02,PHOENIX-3A,25
PWR-LOT-2025-44,W04,-6,-11,1,EAGLE-02,PHOENIX-3A,25
PWR-LOT-2025-44,W04,-5,-11,1,EAGLE-02,PHOENIX-3A,25
PWR-LOT-2025-44,W04,-4,-11,1,EAGLE-02,PHOENIX-3A,25
PWR-LOT-2025-44,W04,-3,-11,1,EAGLE-02,PHOENIX-3A,25
PWR-LOT-2025-44,W04,-2,-11,1,EAGLE-02,PHOENIX-3A,25
PWR-LOT-2025-44,W04,-1,-11,1,EAGLE-02,PHOENIX-3A,25
PWR-LOT-2025-44,W04,0,-11,1,EAGLE-02,PHOENIX-3A,25
PWR-LOT-2025-44,W04,1,-11,1,EAGLE-02,PHOENIX-3A,25
PWR-LOT-2025-44,W04,2,-11,1,EAGLE-02,PHOENIX-3A,25
PWR-LOT-2025-44,W04,3,-11,1,EAGLE-02,PHOENIX-3A,25
PWR-LOT-2025-44,W04,4,-11,1,EAGLE-02,PHOENIX-3A,25
PWR-LOT-2025-44,W04,5,-11,1,EAGLE-02,PHOENIX-3A,25
PWR-LOT-2025-44,W04,6,-11,1,EAGLE-02,PHOENIX-3A,25
PWR-LOT-2025-44,W04,7,-11,1,EAGLE-02,PHOENIX-3A,25
PWR-LOT-2025-44,W04,8,-11,1,EAGLE-02,PHOENIX-3A,25
PWR-LOT-2025-44,W04,-10,-10,1,EAGLE-02,PHOENIX-3A,25
PWR-LOT-2025-44,W04,-9,-10,1,EAGLE-02,PHOENIX-3A,25
PWR-LOT-2025-44,W04,-8,-10,1,EAGLE-02,PHOENIX-3A,25
PWR-LOT-2025-44,W04,-7,-10,1,EAGLE-02,PHOENIX-3A,25
PWR-LOT-2025-44,W04,-6,-10,1,EAGLE-02,PHOENIX-3A,25
PWR-LOT-2025-44,W04,-5,-10,1,EAGLE-02,PHOENIX-3A,25
PWR-LOT-2025-44,W04,-4,-10,1,EAGLE-02,PHOENIX-3A,25
PWR-LOT-2025-44,W04,-3,-10,1,EAGLE-02,PHOENIX-3A,25
PWR-LOT-2025-44,W04,-2,-10,1,EAGLE-02,PHOENIX-3A,25
PWR-LOT-2025-44,W04,-1,-10,1,EAGLE-02,PHOENIX-3A,25
PWR-LOT-2025-44,W04,0,-10,1,EAGLE-02,PHOENIX-3A,25
PWR-LOT-2025-44,W04,1,-10,1,EAGLE-02,PHOENIX-3A,25
PWR-LOT-2025-44,W04,2,-10,1,EAGLE-02,PHOENIX-3A,25
PWR-LOT-2025-44,W04,3,-10,1,EAGLE-02,PHOENIX-3A,25
PWR-LOT-2025-44,W04,4,-10,1,EAGLE-02,PHOENIX-3A,25
PWR-LOT-2025-44,W04,5,-10,1,EAGLE-02,PHOENIX-3A,25
PWR-LOT-2025-44,W04,6,-10,1,EAGLE-02,PHOENIX-3A,25
PWR-LOT-2025-44,W04,7,-10,1,EAGLE-02,PHOENIX-3A,25
PWR-LOT-2025-44,W04,8,-10,1,EAGLE-02,PHOENIX-3A,25
PWR-LOT-2025-44,W04,9,-10,1,EAGLE-02,PHOENIX-3A,25
PWR-LOT-2025-44,W04,10,-10,1,EAGLE-02,PHOENIX-3A,25
PWR-LOT-2025-44,W04,-10,-9,1,EAGLE-02,PHOENIX-3A,25
PWR-LOT-2025-44,W04,-9,-9,1,EAGLE-02,PHOENIX-3A,25
PWR-LOT-2025-44,W04,-8,-9,1,EAGLE-02,PHOENIX-3A,25
PWR-LOT-2025-44,W04,-7,-9,1,EAGLE-02,PHOENIX-3A,25
PWR-LOT-2025-44,W04,-6,-9,1,EAGLE-02,PHOENIX-3A,25
PWR-LOT-2025-44,W04,-5,-9,1,EAGLE-02,PHOENIX-3A,25
PWR-LOT-2025-44,W04,-4,-9,1,EAGLE-02,PHOENIX-3A,25
PWR-LOT-2025-44,W04,-3,-9,1,EAGLE-02,PHOENIX-3A,25
PWR-LOT-2025-44,W04,-2,-9,1,EAGLE-02,PHOENIX-3A,25
PWR-LOT-2025-44,W04,-1,-9,1,EAGLE-02,PHOENIX-3A,25
PWR-LOT-2025-44,W04,0,-9,1,EAGLE-02,PHOENIX-3A,25
PWR-LOT-2025-44,W04,1,-9,1,EAGLE-02,PHOENIX-3A,25
PWR-LOT-2025-44,W04,2,-9,1,EAGLE-02,PHOENIX-3A,25
PWR-LOT-2025-44,W04,3,-9,1,EAGLE-02,PHOENIX-3A,25
PWR-LOT-2025-44,W04,4,-9,1,EAGLE-02,PHOENIX-3A,25
PWR-LOT-2025-44,W04,5,-9,1,EAGLE-02,PHOENIX-3A,25
PWR-LOT-2025-44,W04,6,-9,1,EAGLE-02,PHOENIX-3A,25
PWR-LOT-2025-44,W04,7,-9,1,EAGLE-02,PHOENIX-3A,25
PWR-LOT-2025-44,W04,8,-9,1,EAGLE-02,PHOENIX-3A,25
PWR-LOT-2025-44,W04,9,-9,1,EAGLE-02,PHOENIX-3A,25
PWR-LOT-2025-44,W04,10,-9,1,EAGLE-02,PHOENIX-3A,25
PWR-LOT-2025-44,W04,-11,-8,1,EAGLE-02,PHOENIX-3A,25
PWR-LOT-2025-44,W04,-10,-8,1,EAGLE-02,PHOENIX-3A,25
PWR-LOT-2025-44,W04,-9,-8,1,EAGLE-02,PHOENIX-3A,25
PWR-LOT-2025-44,W04,-8,-8,1,EAGLE-02,PHOENIX-3A,25
PWR-LOT-2025-44,W04,-7,-8,1,EAGLE-02,PHOENIX-3A,25
PWR-LOT-2025-44,W04,-6,-8,1,EAGLE-02,PHOENIX-3A,25
PWR-LOT-2025-44,W04,-5,-8,1,EAGLE-02,PHOENIX-3A,25
PWR-LOT-2025-44,W04,-4,-8,1,EAGLE-02,PHOENIX-3A,25
PWR-LOT-2025-44,W04,-3,-8,1,EAGLE-02,PHOENIX-3A,25
PWR-LOT-2025-44,W04,-2,-8,1,EAGLE-02,PHOENIX-3A,25
PWR-LOT-2025-44,W04,-1,-8,1,EAGLE-02,PHOENIX-3A,25
PWR-LOT-2025-44,W04,0,-8,1,EAGLE-02,PHOENIX-3A,25
PWR-LOT-2025-44,W04,1,-8,1,EAGLE-02,PHOENIX-3A,25
PWR-LOT-2025-44,W04,2,-8,1,EAGLE-02,PHOENIX-3A,25
PWR-LOT-2025-44,W04,3,-8,1,EAGLE-02,PHOENIX-3A,25
PWR-LOT-2025-44,W04,4,-8,1,EAGLE-02,PHOENIX-3A,25
PWR-LOT-2025-44,W04,5,-8,1,EAGLE-02,PHOENIX-3A,25
PWR-LOT-2025-44,W04,6,-8,1,EAGLE-02,PHOENIX-3A,25
PWR-LOT-2025-44,W04,7,-8,1,EAGLE-02,PHOENIX-3A,25
PWR-LOT-2025-44,W04,8,-8,1,EAGLE-02,PHOENIX-3A,25
PWR-LOT-2025-44,W04,9,-8,1,EAGLE-02,PHOENIX-3A,25
PWR-LOT-2025-44,W04,10,-8,1,EAGLE-02,PHOENIX-3A,25
PWR-LOT-2025-44,W04,11,-8,2,EAGLE-02,PHOENIX-3A,25
PWR-LOT-2025-44,W04,-12,-7,1,EAGLE-02,PHOENIX-3A,25
PWR-LOT-2025-44,W04,-11,-7,1,EAGLE-02,PHOENIX-3A,25
PWR-LOT-2025-44,W04,-10,-7,1,EAGLE-02,PHOENIX-3A,25
PWR-LOT-2025-44,W04,-9,-7,1,EAGLE-02,PHOENIX-3A,25
PWR-LOT-2025-44,W04,-8,-7,1,EAGLE-02,PHOENIX-3A,25
PWR-LOT-2025-44,W04,-7,-7,1,EAGLE-02,PHOENIX-3A,25
PWR-LOT-2025-44,W04,-6,-7,1,EAGLE-02,PHOENIX-3A,25
PWR-LOT-2025-44,W04,-5,-7,1,EAGLE-02,PHOENIX-3A,25
PWR-LOT-2025-44,W04,-4,-7,1,EAGLE-02,PHOENIX-3A,25
PWR-LOT-2025-44,W04,-3,-7,1,EAGLE-02,PHOENIX-3A,25
PWR-LOT-2025-44,W04,-2,-7,1,EAGLE-02,PHOENIX-3A,25
PWR-LOT-2025-44,W04,-1,-7,1,EAGLE-02,PHOENIX-3A,25
PWR-LOT-2025-44,W04,0,-7,1,EAGLE-02,PHOENIX-3A,25
PWR-LOT-2025-44,W04,1,-7,1,EAGLE-02,PHOENIX-3A,25
PWR-LOT-2025-44,W04,2,-7,1,EAGLE-02,PHOENIX-3A,25
PWR-LOT-2025-44,W04,3,-7,1,EAGLE-02,PHOENIX-3A,25
PWR-LOT-2025-44,W04,4,-7,1,EAGLE-02,PHOENIX-3A,25
PWR-LOT-2025-44,W04,5,-7,1,EAGLE-02,PHOENIX-3A,25
PWR-LOT-2025-44,W04,6,-7,1,EAGLE-02,PHOENIX-3A,25
PWR-LOT-2025-44,W04,7,-7,1,EAGLE-02,PHOENIX-3A,25
PWR-LOT-2025-44,W04,8,-7,1,EAGLE-02,PHOENIX-3A,25
PWR-LOT-2025-44,W04,9,-7,1,EAGLE-02,PHOENIX-3A,25
PWR-LOT-2025-44,W04,10,-7,1,EAGLE-02,PHOENIX-3A,25
PWR-LOT-2025-44,W04,11,-7,1,EAGLE-02,PHOENIX-3A,25
PWR-LOT-2025-44,W04,12,-7,1,EAGLE-02,PHOENIX-3A,25
PWR-LOT-2025-44,W04,-12,-6,3,EAGLE-02,PHOENIX-3A,25
PWR-LOT-2025-44,W04,-11,-6,1,EAGLE-02,PHOENIX-3A,25
PWR-LOT-2025-44,W04,-10,-6,1,EAGLE-02,PHOENIX-3A,25
PWR-LOT-2025-44,W04,-9,-6,1,EAGLE-02,PHOENIX-3A,25
PWR-LOT-2025-44,W04,-8,-6,1,EAGLE-02,PHOENIX-3A,25
PWR-LOT-2025-44,W04,-7,-6,1,EAGLE-02,PHOENIX-3A,25
PWR-LOT-2025-44,W04,-6,-6,1,EAGLE-02,PHOENIX-3A,25
PWR-LOT-2025-44,W04,-5,-6,1,EAGLE-02,PHOENIX-3A,25
PWR-LOT-2025-44,W04,-4,-6,1,EAGLE-02,PHOENIX-3A,25
PWR-LOT-2025-44,W04,-3,-6,2,EAGLE-02,PHOENIX-3A,25
PWR-LOT-2025-44,W04,-2,-6,1,EAGLE-02,PHOENIX-3A,25
PWR-LOT-2025-44,W04,-1,-6,1,EAGLE-02,PHOENIX-3A,25
PWR-LOT-2025-44,W04,0,-6,1,EAGLE-02,PHOENIX-3A,25
PWR-LOT-2025-44,W04,1,-6,1,EAGLE-02,PHOENIX-3A,25
PWR-LOT-2025-44,W04,2,-6,1,EAGLE-02,PHOENIX-3A,25
PWR-LOT-2025-44,W04,3,-6,1,EAGLE-02,PHOENIX-3A,25
PWR-LOT-2025-44,W04,4,-6,1,EAGLE-02,PHOENIX-3A,25
PWR-LOT-2025-44,W04,5,-6,1,EAGLE-02,PHOENIX-3A,25
PWR-LOT-2025-44,W04,6,-6,1,EAGLE-02,PHOENIX-3A,25
PWR-LOT-2025-44,W04,7,-6,1,EAGLE-02,PHOENIX-3A,25
PWR-LOT-2025-44,W04,8,-6,1,EAGLE-02,PHOENIX-3A,25
PWR-LOT-2025-44,W04,9,-6,1,EAGLE-02,PHOENIX-3A,25
PWR-LOT-2025-44,W04,10,-6,1,EAGLE-02,PHOENIX-3A,25
PWR-LOT-2025-44,W04,11,-6,1,EAGLE-02,PHOENIX-3A,25
PWR-LOT-2025-44,W04,12,-6,2,EAGLE-02,PHOENIX-3A,25
PWR-LOT-2025-44,W04,-13,-5,1,EAGLE-02,PHOENIX-3A,25
PWR-LOT-2025-44,W04,-12,-5,1,EAGLE-02,PHOENIX-3A,25
PWR-LOT-2025-44,W04,-11,-5,1,EAGLE-02,PHOENIX-3A,25
PWR-LOT-2025-44,W04,-10,-5,1,EAGLE-02,PHOENIX-3A,25
PWR-LOT-2025-44,W04,-9,-5,1,EAGLE-02,PHOENIX-3A,25
PWR-LOT-2025-44,W04,-8,-5,1,EAGLE-02,PHOENIX-3A,25
PWR-LOT-2025-44,W04,-7,-5,1,EAGLE-02,PHOENIX-3A,25
PWR-LOT-2025-44,W04,-6,-5,1,EAGLE-02,PHOENIX-3A,25
PWR-LOT-2025-44,W04,-5,-5,1,EAGLE-02,PHOENIX-3A,25
PWR-LOT-2025-44,W04,-4,-5,1,EAGLE-02,PHOENIX-3A,25
PWR-LOT-2025-44,W04,-3,-5,1,EAGLE-02,PHOENIX-3A,25
PWR-LOT-2025-44,W04,-2,-5,1,EAGLE-02,PHOENIX-3A,25
PWR-LOT-2025-44,W04,-1,-5,1,EAGLE-02,PHOENIX-3A,25
PWR-LOT-2025-44,W04,0,-5,1,EAGLE-02,PHOENIX-3A,25
PWR-LOT-2025-44,W04,1,-5,1,EAGLE-02,PHOENIX-3A,25
PWR-LOT-2025-44,W04,2,-5,1,EAGLE-02,PHOENIX-3A,25
PWR-LOT-2025-44,W04,3,-5,1,EAGLE-02,PHOENIX-3A,25
PWR-LOT-2025-44,W04,4,-5,2,EAGLE-02,PHOENIX-3A,25
PWR-LOT-2025-44,W04,5,-5,1,EAGLE-02,PHOENIX-3A,25
PWR-LOT-2025-44,W04,6,-5,1,EAGLE-02,PHOENIX-3A,25
PWR-LOT-2025-44,W04,7,-5,1,EAGLE-02,PHOENIX-3A,25
PWR-LOT-2025-44,W04,8,-5,1,EAGLE-02,PHOENIX-3A,25
PWR-LOT-2025-44,W04,9,-5,1,EAGLE-02,PHOENIX-3A,25
PWR-LOT-2025-44,W04,10,-5,1,EAGLE-02,PHOENIX-3A,25
PWR-LOT-2025-44,W04,11,-5,1,EAGLE-02,PHOENIX-3A,25
PWR-LOT-2025-44,W04,12,-5,1,EAGLE-02,PHOENIX-3A,25
PWR-LOT-2025-44,W04,13,-5,1,EAGLE-02,PHOENIX-3A,25
PWR-LOT-2025-44,W04,-13,-4,1,EAGLE-02,PHOENIX-3A,25
PWR-LOT-2025-44,W04,-12,-4,1,EAGLE-02,PHOENIX-3A,25
PWR-LOT-2025-44,W04,-11,-4,1,EAGLE-02,PHOENIX-3A,25
PWR-LOT-2025-44,W04,-10,-4,1,EAGLE-02,PHOENIX-3A,25
PWR-LOT-2025-44,W04,-9,-4,1,EAGLE-02,PHOENIX-3A,25
PWR-LOT-2025-44,W04,-8,-4,1,EAGLE-02,PHOENIX-3A,25
PWR-LOT-2025-44,W04,-7,-4,1,EAGLE-02,PHOENIX-3A,25
PWR-LOT-2025-44,W04,-6,-4,1,EAGLE-02,PHOENIX-3A,25
PWR-LOT-2025-44,W04,-5,-4,1,EAGLE-02,PHOENIX-3A,25
PWR-LOT-2025-44,W04,-4,-4,1,EAGLE-02,PHOENIX-3A,25
PWR-LOT-2025-44,W04,-3,-4,1,EAGLE-02,PHOENIX-3A,25
PWR-LOT-2025-44,W04,-2,-4,1,EAGLE-02,PHOENIX-3A,25
PWR-LOT-2025-44,W04,-1,-4,1,EAGLE-02,PHOENIX-3A,25
PWR-LOT-2025-44,W04,0,-4,1,EAGLE-02,PHOENIX-3A,25
PWR-LOT-2025-44,W04,1,-4,1,EAGLE-02,PHOENIX-3A,25
PWR-LOT-2025-44,W04,2,-4,1,EAGLE-02,PHOENIX-3A,25
PWR-LOT-2025-44,W04,3,-4,1,EAGLE-02,PHOENIX-3A,25
PWR-LOT-2025-44,W04,4,-4,1,EAGLE-02,PHOENIX-3A,25
PWR-LOT-2025-44,W04,5,-4,1,EAGLE-02,PHOENIX-3A,25
PWR-LOT-2025-44,W04,6,-4,1,EAGLE-02,PHOENIX-3A,25
PWR-LOT-2025-44,W04,7,-4,1,EAGLE-02,PHOENIX-3A,25
PWR-LOT-2025-44,W04,8,-4,1,EAGLE-02,PHOENIX-3A,25
PWR-LOT-2025-44,W04,9,-4,1,EAGLE-02,PHOENIX-3A,25
PWR-LOT-2025-44,W04,10,-4,1,EAGLE-02,PHOENIX-3A,25
PWR-LOT-2025-44,W04,11,-4,1,EAGLE-02,PHOENIX-3A,25
PWR-LOT-2025-44,W04,12,-4,1,EAGLE-02,PHOENIX-3A,25
PWR-LOT-2025-44,W04,13,-4,1,EAGLE-02,PHOENIX-3A,25
PWR-LOT-2025-44,W04,-13,-3,1,EAGLE-02,PHOENIX-3A,25
PWR-LOT-2025-44,W04,-12,-3,1,EAGLE-02,PHOENIX-3A,25
PWR-LOT-2025-44,W04,-11,-3,1,EAGLE-02,PHOENIX-3A,25
PWR-LOT-2025-44,W04,-10,-3,1,EAGLE-02,PHOENIX-3A,25
PWR-LOT-2025-44,W04,-9,-3,1,EAGLE-02,PHOENIX-3A,25
PWR-LOT-2025-44,W04,-8,-3,1,EAGLE-02,PHOENIX-3A,25
PWR-LOT-2025-44,W04,-7,-3,1,EAGLE-02,PHOENIX-3A,25
PWR-LOT-2025-44,W04,-6,-3,1,EAGLE-02,PHOENIX-3A,25
PWR-LOT-2025-44,W04,-5,-3,1,EAGLE-02,PHOENIX-3A,25
PWR-LOT-2025-44,W04,-4,-3,2,EAGLE-02,PHOENIX-3A,25
PWR-LOT-2025-44,W04,-3,-3,1,EAGLE-02,PHOENIX-3A,25
PWR-LOT-2025-44,W04,-2,-3,1,EAGLE-02,PHOENIX-3A,25
PWR-LOT-2025-44,W04,-1,-3,1,EAGLE-02,PHOENIX-3A,25
PWR-LOT-2025-44,W04,0,-3,1,EAGLE-02,PHOENIX-3A,25
PWR-LOT-2025-44,W04,1,-3,1,EAGLE-02,PHOENIX-3A,25
PWR-LOT-2025-44,W04,2,-3,1,EAGLE-02,PHOENIX-3A,25
PWR-LOT-2025-44,W04,3,-3,1,EAGLE-02,PHOENIX-3A,25
PWR-LOT-2025-44,W04,4,-3,1,EAGLE-02,PHOENIX-3A,25
PWR-LOT-2025-44,W04,5,-3,1,EAGLE-02,PHOENIX-3A,25
PWR-LOT-2025-44,W04,6,-3,1,EAGLE-02,PHOENIX-3A,25
PWR-LOT-2025-44,W04,7,-3,1,EAGLE-02,PHOENIX-3A,25
PWR-LOT-2025-44,W04,8,-3,1,EAGLE-02,PHOENIX-3A,25
PWR-LOT-2025-44,W04,9,-3,1,EAGLE-02,PHOENIX-3A,25
PWR-LOT-2025-44,W04,10,-3,1,EAGLE-02,PHOENIX-3A,25
PWR-LOT-2025-44,W04,11,-3,1,EAGLE-02,PHOENIX-3A,25
PWR-LOT-2025-44,W04,12,-3,1,EAGLE-02,PHOENIX-3A,25
PWR-LOT-2025-44,W04,13,-3,1,EAGLE-02,PHOENIX-3A,25
PWR-LOT-2025-44,W04,-14,-2,1,EAGLE-02,PHOENIX-3A,25
PWR-LOT-2025-44,W04,-13,-2,1,EAGLE-02,PHOENIX-3A,25
PWR-LOT-2025-44,W04,-12,-2,1,EAGLE-02,PHOENIX-3A,25
PWR-LOT-2025-44,W04,-11,-2,1,EAGLE-02,PHOENIX-3A,25
PWR-LOT-2025-44,W04,-10,-2,1,EAGLE-02,PHOENIX-3A,25
PWR-LOT-2025-44,W04,-9,-2,1,EAGLE-02,PHOENIX-3A,25
PWR-LOT-2025-44,W04,-8,-2,1,EAGLE-02,PHOENIX-3A,25
PWR-LOT-2025-44,W04,-7,-2,1,EAGLE-02,PHOENIX-3A,25
PWR-LOT-2025-44,W04,-6,-2,1,EAGLE-02,PHOENIX-3A,25
PWR-LOT-2025-44,W04,-5,-2,1,EAGLE-02,PHOENIX-3A,25
PWR-LOT-2025-44,W04,-4,-2,1,EAGLE-02,PHOENIX-3A,25
PWR-LOT-2025-44,W04,-3,-2,1,EAGLE-02,PHOENIX-3A,25
PWR-LOT-2025-44,W04,-2,-2,2,EAGLE-02,PHOENIX-3A,25
PWR-LOT-2025-44,W04,-1,-2,1,EAGLE-02,PHOENIX-3A,25
PWR-LOT-2025-44,W04,0,-2,1,EAGLE-02,PHOENIX-3A,25
PWR-LOT-2025-44,W04,1,-2,1,EAGLE-02,PHOENIX-3A,25
PWR-LOT-2025-44,W04,2,-2,1,EAGLE-02,PHOENIX-3A,25
PWR-LOT-2025-44,W04,3,-2,1,EAGLE-02,PHOENIX-3A,25
PWR-LOT-2025-44,W04,4,-2,1,EAGLE-02,PHOENIX-3A,25
PWR-LOT-2025-44,W04,5,-2,1,EAGLE-02,PHOENIX-3A,25
PWR-LOT-2025-44,W04,6,-2,1,EAGLE-02,PHOENIX-3A,25
PWR-LOT-2025-44,W04,7,-2,1,EAGLE-02,PHOENIX-3A,25
PWR-LOT-2025-44,W04,8,-2,1,EAGLE-02,PHOENIX-3A,25
PWR-LOT-2025-44,W04,9,-2,1,EAGLE-02,PHOENIX-3A,25
PWR-LOT-2025-44,W04,10,-2,1,EAGLE-02,PHOENIX-3A,25
PWR-LOT-2025-44,W04,11,-2,1,EAGLE-02,PHOENIX-3A,25
PWR-LOT-2025-44,W04,12,-2,1,EAGLE-02,PHOENIX-3A,25
PWR-LOT-2025-44,W04,13,-2,1,EAGLE-02,PHOENIX-3A,25
PWR-LOT-2025-44,W04,14,-2,1,EAGLE-02,PHOENIX-3A,25
PWR-LOT-2025-44,W04,-14,-1,1,EAGLE-02,PHOENIX-3A,25
PWR-LOT-2025-44,W04,-13,-1,1,EAGLE-02,PHOENIX-3A,25
PWR-LOT-2025-44,W04,-12,-1,1,EAGLE-02,PHOENIX-3A,25
PWR-LOT-2025-44,W04,-11,-1,1,EAGLE-02,PHOENIX-3A,25
PWR-LOT-2025-44,W04,-10,-1,1,EAGLE-02,PHOENIX-3A,25
PWR-LOT-2025-44,W04,-9,-1,1,EAGLE-02,PHOENIX-3A,25
PWR-LOT-2025-44,W04,-8,-1,1,EAGLE-02,PHOENIX-3A,25
PWR-LOT-2025-44,W04,-7,-1,1,EAGLE-02,PHOENIX-3A,25
PWR-LOT-2025-44,W04,-6,-1,1,EAGLE-02,PHOENIX-3A,25
PWR-LOT-2025-44,W04,-5,-1,1,EAGLE-02,PHOENIX-3A,25
PWR-LOT-2025-44,W04,-4,-1,1,EAGLE-02,PHOENIX-3A,25
PWR-LOT-2025-44,W04,-3,-1,1,EAGLE-02,PHOENIX-3A,25
PWR-LOT-2025-44,W04,-2,-1,1,EAGLE-02,PHOENIX-3A,25
PWR-LOT-2025-44,W04,-1,-1,1,EAGLE-02,PHOENIX-3A,25
PWR-LOT-2025-44,W04,0,-1,1,EAGLE-02,PHOENIX-3A,25
PWR-LOT-2025-44,W04,1,-1,1,EAGLE-02,PHOENIX-3A,25
PWR-LOT-2025-44,W04,2,-1,1,EAGLE-02,PHOENIX-3A,25
PWR-LOT-2025-44,W04,3,-1,1,EAGLE-02,PHOENIX-3A,25
PWR-LOT-2025-44,W04,4,-1,1,EAGLE-02,PHOENIX-3A,25
PWR-LOT-2025-44,W04,5,-1,1,EAGLE-02,PHOENIX-3A,25
PWR-LOT-2025-44,W04,6,-1,1,EAGLE-02,PHOENIX-3A,25
PWR-LOT-2025-44,W04,7,-1,1,EAGLE-02,PHOENIX-3A,25
PWR-LOT-2025-44,W04,8,-1,1,EAGLE-02,PHOENIX-3A,25
PWR-LOT-2025-44,W04,9,-1,1,EAGLE-02,PHOENIX-3A,25
PWR-LOT-2025-44,W04,10,-1,1,EAGLE-02,PHOENIX-3A,25
PWR-LOT-2025-44,W04,11,-1,1,EAGLE-02,PHOENIX-3A,25
PWR-LOT-2025-44,W04,12,-1,1,EAGLE-02,PHOENIX-3A,25
PWR-LOT-2025-44,W04,13,-1,1,EAGLE-02,PHOENIX-3A,25
PWR-LOT-2025-44,W04,14,-1,2,EAGLE-02,PHOENIX-3A,25
PWR-LOT-2025-44,W04,-14,0,1,EAGLE-02,PHOENIX-3A,25
PWR-LOT-2025-44,W04,-13,0,1,EAGLE-02,PHOENIX-3A,25
PWR-LOT-2025-44,W04,-12,0,1,EAGLE-02,PHOENIX-3A,25
PWR-LOT-2025-44,W04,-11,0,1,EAGLE-02,PHOENIX-3A,25
PWR-LOT-2025-44,W04,-10,0,1,EAGLE-02,PHOENIX-3A,25
PWR-LOT-2025-44,W04,-9,0,1,EAGLE-02,PHOENIX-3A,25
PWR-LOT-2025-44,W04,-8,0,1,EAGLE-02,PHOENIX-3A,25
PWR-LOT-2025-44,W04,-7,0,1,EAGLE-02,PHOENIX-3A,25
PWR-LOT-2025-44,W04,-6,0,1,EAGLE-02,PHOENIX-3A,25
PWR-LOT-2025-44,W04,-5,0,1,EAGLE-02,PHOENIX-3A,25
PWR-LOT-2025-44,W04,-4,0,1,EAGLE-02,PHOENIX-3A,25
PWR-LOT-2025-44,W04,-3,0,1,EAGLE-02,PHOENIX-3A,25
PWR-LOT-2025-44,W04,-2,0,1,EAGLE-02,PHOENIX-3A,25
PWR-LOT-2025-44,W04,-1,0,1,EAGLE-02,PHOENIX-3A,25
PWR-LOT-2025-44,W04,0,0,1,EAGLE-02,PHOENIX-3A,25
PWR-LOT-2025-44,W04,1,0,1,EAGLE-02,PHOENIX-3A,25
PWR-LOT-2025-44,W04,2,0,1,EAGLE-02,PHOENIX-3A,25
PWR-LOT-2025-44,W04,3,0,1,EAGLE-02,PHOENIX-3A,25
PWR-LOT-2025-44,W04,4,0,1,EAGLE-02,PHOENIX-3A,25
PWR-LOT-2025-44,W04,5,0,1,EAGLE-02,PHOENIX-3A,25
PWR-LOT-2025-44,W04,6,0,1,EAGLE-02,PHOENIX-3A,25
PWR-LOT-2025-44,W04,7,0,1,EAGLE-02,PHOENIX-3A,25
PWR-LOT-2025-44,W04,8,0,1,EAGLE-02,PHOENIX-3A,25
PWR-LOT-2025-44,W04,9,0,1,EAGLE-02,PHOENIX-3A,25
PWR-LOT-2025-44,W04,10,0,1,EAGLE-02,PHOENIX-3A,25
PWR-LOT-2025-44,W04,11,0,1,EAGLE-02,PHOENIX-3A,25
PWR-LOT-2025-44,W04,12,0,1,EAGLE-02,PHOENIX-3A,25
PWR-LOT-2025-44,W04,13,0,1,EAGLE-02,PHOENIX-3A,25
PWR-LOT-2025-44,W04,14,0,1,EAGLE-02,PHOENIX-3A,25
PWR-LOT-2025-44,W04,-14,1,1,EAGLE-02,PHOENIX-3A,25
PWR-LOT-2025-44,W04,-13,1,1,EAGLE-02,PHOENIX-3A,25
PWR-LOT-2025-44,W04,-12,1,1,EAGLE-02,PHOENIX-3A,25
PWR-LOT-2025-44,W04,-11,1,1,EAGLE-02,PHOENIX-3A,25
PWR-LOT-2025-44,W04,-10,1,1,EAGLE-02,PHOENIX-3A,25
PWR-LOT-2025-44,W04,-9,1,1,EAGLE-02,PHOENIX-3A,25
PWR-LOT-2025-44,W04,-8,1,1,EAGLE-02,PHOENIX-3A,25
PWR-LOT-2025-44,W04,-7,1,1,EAGLE-02,PHOENIX-3A,25
PWR-LOT-2025-44,W04,-6,1,1,EAGLE-02,PHOENIX-3A,25
PWR-LOT-2025-44,W04,-5,1,1,EAGLE-02,PHOENIX-3A,25
PWR-LOT-2025-44,W04,-4,1,1,EAGLE-02,PHOENIX-3A,25
PWR-LOT-2025-44,W04,-3,1,2,EAGLE-02,PHOENIX-3A,25
PWR-LOT-2025-44,W04,-2,1,1,EAGLE-02,PHOENIX-3A,25
PWR-LOT-2025-44,W04,-1,1,1,EAGLE-02,PHOENIX-3A,25
PWR-LOT-2025-44,W04,0,1,1,EAGLE-02,PHOENIX-3A,25
PWR-LOT-2025-44,W04,1,1,1,EAGLE-02,PHOENIX-3A,25
PWR-LOT-2025-44,W04,2,1,2,EAGLE-02,PHOENIX-3A,25
PWR-LOT-2025-44,W04,3,1,2,EAGLE-02,PHOENIX-3A,25
PWR-LOT-2025-44,W04,4,1,1,EAGLE-02,PHOENIX-3A,25
PWR-LOT-2025-44,W04,5,1,3,EAGLE-02,PHOENIX-3A,25
PWR-LOT-2025-44,W04,6,1,1,EAGLE-02,PHOENIX-3A,25
PWR-LOT-2025-44,W04,7,1,2,EAGLE-02,PHOENIX-3A,25
PWR-LOT-2025-44,W04,8,1,3,EAGLE-02,PHOENIX-3A,25
PWR-LOT-2025-44,W04,9,1,1,EAGLE-02,PHOENIX-3A,25
PWR-LOT-2025-44,W04,10,1,1,EAGLE-02,PHOENIX-3A,25
PWR-LOT-2025-44,W04,11,1,1,EAGLE-02,PHOENIX-3A,25
PWR-LOT-2025-44,W04,12,1,1,EAGLE-02,PHOENIX-3A,25
PWR-LOT-2025-44,W04,13,1,1,EAGLE-02,PHOENIX-3A,25
PWR-LOT-2025-44,W04,14,1,1,EAGLE-02,PHOENIX-3A,25
PWR-LOT-2025-44,W04,-14,2,1,EAGLE-02,PHOENIX-3A,25
PWR-LOT-2025-44,W04,-13,2,1,EAGLE-02,PHOENIX-3A,25
PWR-LOT-2025-44,W04,-12,2,1,EAGLE-02,PHOENIX-3A,25
PWR-LOT-2025-44,W04,-11,2,1,EAGLE-02,PHOENIX-3A,25
PWR-LOT-2025-44,W04,-10,2,1,EAGLE-02,PHOENIX-3A,25
PWR-LOT-2025-44,W04,-9,2,1,EAGLE-02,PHOENIX-3A,25
PWR-LOT-2025-44,W04,-8,2,2,EAGLE-02,PHOENIX-3A,25
PWR-LOT-2025-44,W04,-7,2,1,EAGLE-02,PHOENIX-3A,25
PWR-LOT-2025-44,W04,-6,2,1,EAGLE-02,PHOENIX-3A,25
PWR-LOT-2025-44,W04,-5,2,1,EAGLE-02,PHOENIX-3A,25
PWR-LOT-2025-44,W04,-4,2,1,EAGLE-02,PHOENIX-3A,25
PWR-LOT-2025-44,W04,-3,2,1,EAGLE-02,PHOENIX-3A,25
PWR-LOT-2025-44,W04,-2,2,1,EAGLE-02,PHOENIX-3A,25
PWR-LOT-2025-44,W04,-1,2,1,EAGLE-02,PHOENIX-3A,25
PWR-LOT-2025-44,W04,0,2,1,EAGLE-02,PHOENIX-3A,25
PWR-LOT-2025-44,W04,1,2,1,EAGLE-02,PHOENIX-3A,25
PWR-LOT-2025-44,W04,2,2,1,EAGLE-02,PHOENIX-3A,25
PWR-LOT-2025-44,W04,3,2,3,EAGLE-02,PHOENIX-3A,25
PWR-LOT-2025-44,W04,4,2,1,EAGLE-02,PHOENIX-3A,25
PWR-LOT-2025-44,W04,5,2,1,EAGLE-02,PHOENIX-3A,25
PWR-LOT-2025-44,W04,6,2,1,EAGLE-02,PHOENIX-3A,25
PWR-LOT-2025-44,W04,7,2,2,EAGLE-02,PHOENIX-3A,25
PWR-LOT-2025-44,W04,8,2,1,EAGLE-02,PHOENIX-3A,25
PWR-LOT-2025-44,W04,9,2,1,EAGLE-02,PHOENIX-3A,25
PWR-LOT-2025-44,W04,10,2,2,EAGLE-02,PHOENIX-3A,25
PWR-LOT-2025-44,W04,11,2,2,EAGLE-02,PHOENIX-3A,25
PWR-LOT-2025-44,W04,12,2,1,EAGLE-02,PHOENIX-3A,25
PWR-LOT-2025-44,W04,13,2,1,EAGLE-02,PHOENIX-3A,25
PWR-LOT-2025-44,W04,14,2,1,EAGLE-02,PHOENIX-3A,25
PWR-LOT-2025-44,W04,-13,3,1,EAGLE-02,PHOENIX-3A,25
PWR-LOT-2025-44,W04,-12,3,1,EAGLE-02,PHOENIX-3A,25
PWR-LOT-2025-44,W04,-11,3,1,EAGLE-02,PHOENIX-3A,25
PWR-LOT-2025-44,W04,-10,3,1,EAGLE-02,PHOENIX-3A,25
PWR-LOT-2025-44,W04,-9,3,1,EAGLE-02,PHOENIX-3A,25
PWR-LOT-2025-44,W04,-8,3,1,EAGLE-02,PHOENIX-3A,25
PWR-LOT-2025-44,W04,-7,3,1,EAGLE-02,PHOENIX-3A,25
PWR-LOT-2025-44,W04,-6,3,1,EAGLE-02,PHOENIX-3A,25
PWR-LOT-2025-44,W04,-5,3,1,EAGLE-02,PHOENIX-3A,25
PWR-LOT-2025-44,W04,-4,3,1,EAGLE-02,PHOENIX-3A,25
PWR-LOT-2025-44,W04,-3,3,1,EAGLE-02,PHOENIX-3A,25
PWR-LOT-2025-44,W04,-2,3,1,EAGLE-02,PHOENIX-3A,25
PWR-LOT-2025-44,W04,-1,3,1,EAGLE-02,PHOENIX-3A,25
PWR-LOT-2025-44,W04,0,3,1,EAGLE-02,PHOENIX-3A,25
PWR-LOT-2025-44,W04,1,3,1,EAGLE-02,PHOENIX-3A,25
PWR-LOT-2025-44,W04,2,3,2,EAGLE-02,PHOENIX-3A,25
PWR-LOT-2025-44,W04,3,3,1,EAGLE-02,PHOENIX-3A,25
PWR-LOT-2025-44,W04,4,3,3,EAGLE-02,PHOENIX-3A,25
PWR-LOT-2025-44,W04,5,3,1,EAGLE-02,PHOENIX-3A,25
PWR-LOT-2025-44,W04,6,3,1,EAGLE-02,PHOENIX-3A,25
PWR-LOT-2025-44,W04,7,3,2,EAGLE-02,PHOENIX-3A,25
PWR-LOT-2025-44,W04,8,3,2,EAGLE-02,PHOENIX-3A,25
PWR-LOT-2025-44,W04,9,3,1,EAGLE-02,PHOENIX-3A,25
PWR-LOT-2025-44,W04,10,3,1,EAGLE-02,PHOENIX-3A,25
PWR-LOT-2025-44,W04,11,3,2,EAGLE-02,PHOENIX-3A,25
PWR-LOT-2025-44,W04,12,3,3,EAGLE-02,PHOENIX-3A,25
PWR-LOT-2025-44,W04,13,3,2,EAGLE-02,PHOENIX-3A,25
PWR-LOT-2025-44,W04,-13,4,1,EAGLE-02,PHOENIX-3A,25
PWR-LOT-2025-44,W04,-12,4,1,EAGLE-02,PHOENIX-3A,25
PWR-LOT-2025-44,W04,-11,4,1,EAGLE-02,PHOENIX-3A,25
PWR-LOT-2025-44,W04,-10,4,1,EAGLE-02,PHOENIX-3A,25
PWR-LOT-2025-44,W04,-9,4,1,EAGLE-02,PHOENIX-3A,25
PWR-LOT-2025-44,W04,-8,4,1,EAGLE-02,PHOENIX-3A,25
PWR-LOT-2025-44,W04,-7,4,1,EAGLE-02,PHOENIX-3A,25
PWR-LOT-2025-44,W04,-6,4,1,EAGLE-02,PHOENIX-3A,25
PWR-LOT-2025-44,W04,-5,4,1,EAGLE-02,PHOENIX-3A,25
PWR-LOT-2025-44,W04,-4,4,1,EAGLE-02,PHOENIX-3A,25
PWR-LOT-2025-44,W04,-3,4,1,EAGLE-02,PHOENIX-3A,25
PWR-LOT-2025-44,W04,-2,4,1,EAGLE-02,PHOENIX-3A,25
PWR-LOT-2025-44,W04,-1,4,1,EAGLE-02,PHOENIX-3A,25
PWR-LOT-2025-44,W04,0,4,1,EAGLE-02,PHOENIX-3A,25
PWR-LOT-2025-44,W04,1,4,3,EAGLE-02,PHOENIX-3A,25
PWR-LOT-2025-44,W04,2,4,2,EAGLE-02,PHOENIX-3A,25
PWR-LOT-2025-44,W04,3,4,1,EAGLE-02,PHOENIX-3A,25
PWR-LOT-2025-44,W04,4,4,1,EAGLE-02,PHOENIX-3A,25
PWR-LOT-2025-44,W04,5,4,2,EAGLE-02,PHOENIX-3A,25
PWR-LOT-2025-44,W04,6,4,3,EAGLE-02,PHOENIX-3A,25
PWR-LOT-2025-44,W04,7,4,3,EAGLE-02,PHOENIX-3A,25
PWR-LOT-2025-44,W04,8,4,1,EAGLE-02,PHOENIX-3A,25
PWR-LOT-2025-44,W04,9,4,2,EAGLE-02,PHOENIX-3A,25
PWR-LOT-2025-44,W04,10,4,1,EAGLE-02,PHOENIX-3A,25
PWR-LOT-2025-44,W04,11,4,1,EAGLE-02,PHOENIX-3A,25
PWR-LOT-2025-44,W04,12,4,1,EAGLE-02,PHOENIX-3A,25
PWR-LOT-2025-44,W04,13,4,2,EAGLE-02,PHOENIX-3A,25
PWR-LOT-2025-44,W04,-13,5,1,EAGLE-02,PHOENIX-3A,25
PWR-LOT-2025-44,W04,-12,5,1,EAGLE-02,PHOENIX-3A,25
PWR-LOT-2025-44,W04,-11,5,1,EAGLE-02,PHOENIX-3A,25
PWR-LOT-2025-44,W04,-10,5,1,EAGLE-02,PHOENIX-3A,25
PWR-LOT-2025-44,W04,-9,5,1,EAGLE-02,PHOENIX-3A,25
PWR-LOT-2025-44,W04,-8,5,1,EAGLE-02,PHOENIX-3A,25
PWR-LOT-2025-44,W04,-7,5,1,EAGLE-02,PHOENIX-3A,25
PWR-LOT-2025-44,W04,-6,5,1,EAGLE-02,PHOENIX-3A,25
PWR-LOT-2025-44,W04,-5,5,1,EAGLE-02,PHOENIX-3A,25
PWR-LOT-2025-44,W04,-4,5,1,EAGLE-02,PHOENIX-3A,25
PWR-LOT-2025-44,W04,-3,5,1,EAGLE-02,PHOENIX-3A,25
PWR-LOT-2025-44,W04,-2,5,1,EAGLE-02,PHOENIX-3A,25
PWR-LOT-2025-44,W04,-1,5,1,EAGLE-02,PHOENIX-3A,25
PWR-LOT-2025-44,W04,0,5,1,EAGLE-02,PHOENIX-3A,25
PWR-LOT-2025-44,W04,1,5,2,EAGLE-02,PHOENIX-3A,25
PWR-LOT-2025-44,W04,2,5,1,EAGLE-02,PHOENIX-3A,25
PWR-LOT-2025-44,W04,3,5,1,EAGLE-02,PHOENIX-3A,25
PWR-LOT-2025-44,W04,4,5,2,EAGLE-02,PHOENIX-3A,25
PWR-LOT-2025-44,W04,5,5,1,EAGLE-02,PHOENIX-3A,25
PWR-LOT-2025-44,W04,6,5,1,EAGLE-02,PHOENIX-3A,25
PWR-LOT-2025-44,W04,7,5,1,EAGLE-02,PHOENIX-3A,25
PWR-LOT-2025-44,W04,8,5,2,EAGLE-02,PHOENIX-3A,25
PWR-LOT-2025-44,W04,9,5,1,EAGLE-02,PHOENIX-3A,25
PWR-LOT-2025-44,W04,10,5,1,EAGLE-02,PHOENIX-3A,25
PWR-LOT-2025-44,W04,11,5,2,EAGLE-02,PHOENIX-3A,25
PWR-LOT-2025-44,W04,12,5,1,EAGLE-02,PHOENIX-3A,25
PWR-LOT-2025-44,W04,13,5,3,EAGLE-02,PHOENIX-3A,25
PWR-LOT-2025-44,W04,-12,6,1,EAGLE-02,PHOENIX-3A,25
PWR-LOT-2025-44,W04,-11,6,1,EAGLE-02,PHOENIX-3A,25
PWR-LOT-2025-44,W04,-10,6,1,EAGLE-02,PHOENIX-3A,25
PWR-LOT-2025-44,W04,-9,6,1,EAGLE-02,PHOENIX-3A,25
PWR-LOT-2025-44,W04,-8,6,1,EAGLE-02,PHOENIX-3A,25
PWR-LOT-2025-44,W04,-7,6,1,EAGLE-02,PHOENIX-3A,25
PWR-LOT-2025-44,W04,-6,6,1,EAGLE-02,PHOENIX-3A,25
PWR-LOT-2025-44,W04,-5,6,1,EAGLE-02,PHOENIX-3A,25
PWR-LOT-2025-44,W04,-4,6,1,EAGLE-02,PHOENIX-3A,25
PWR-LOT-2025-44,W04,-3,6,1,EAGLE-02,PHOENIX-3A,25
PWR-LOT-2025-44,W04,-2,6,1,EAGLE-02,PHOENIX-3A,25
PWR-LOT-2025-44,W04,-1,6,1,EAGLE-02,PHOENIX-3A,25
PWR-LOT-2025-44,W04,0,6,1,EAGLE-02,PHOENIX-3A,25
PWR-LOT-2025-44,W04,1,6,1,EAGLE-02,PHOENIX-3A,25
PWR-LOT-2025-44,W04,2,6,2,EAGLE-02,PHOENIX-3A,25
PWR-LOT-2025-44,W04,3,6,1,EAGLE-02,PHOENIX-3A,25
PWR-LOT-2025-44,W04,4,6,2,EAGLE-02,PHOENIX-3A,25
PWR-LOT-2025-44,W04,5,6,2,EAGLE-02,PHOENIX-3A,25
PWR-LOT-2025-44,W04,6,6,3,EAGLE-02,PHOENIX-3A,25
PWR-LOT-2025-44,W04,7,6,1,EAGLE-02,PHOENIX-3A,25
PWR-LOT-2025-44,W04,8,6,1,EAGLE-02,PHOENIX-3A,25
PWR-LOT-2025-44,W04,9,6,1,EAGLE-02,PHOENIX-3A,25
PWR-LOT-2025-44,W04,10,6,1,EAGLE-02,PHOENIX-3A,25
PWR-LOT-2025-44,W04,11,6,1,EAGLE-02,PHOENIX-3A,25
PWR-LOT-2025-44,W04,12,6,2,EAGLE-02,PHOENIX-3A,25
PWR-LOT-2025-44,W04,-12,7,1,EAGLE-02,PHOENIX-3A,25
PWR-LOT-2025-44,W04,-11,7,1,EAGLE-02,PHOENIX-3A,25
PWR-LOT-2025-44,W04,-10,7,1,EAGLE-02,PHOENIX-3A,25
PWR-LOT-2025-44,W04,-9,7,1,EAGLE-02,PHOENIX-3A,25
PWR-LOT-2025-44,W04,-8,7,1,EAGLE-02,PHOENIX-3A,25
PWR-LOT-2025-44,W04,-7,7,1,EAGLE-02,PHOENIX-3A,25
PWR-LOT-2025-44,W04,-6,7,1,EAGLE-02,PHOENIX-3A,25
PWR-LOT-2025-44,W04,-5,7,1,EAGLE-02,PHOENIX-3A,25
PWR-LOT-2025-44,W04,-4,7,1,EAGLE-02,PHOENIX-3A,25
PWR-LOT-2025-44,W04,-3,7,1,EAGLE-02,PHOENIX-3A,25
PWR-LOT-2025-44,W04,-2,7,1,EAGLE-02,PHOENIX-3A,25
PWR-LOT-2025-44,W04,-1,7,2,EAGLE-02,PHOENIX-3A,25
PWR-LOT-2025-44,W04,0,7,1,EAGLE-02,PHOENIX-3A,25
PWR-LOT-2025-44,W04,1,7,2,EAGLE-02,PHOENIX-3A,25
PWR-LOT-2025-44,W04,2,7,1,EAGLE-02,PHOENIX-3A,25
PWR-LOT-2025-44,W04,3,7,1,EAGLE-02,PHOENIX-3A,25
PWR-LOT-2025-44,W04,4,7,1,EAGLE-02,PHOENIX-3A,25
PWR-LOT-2025-44,W04,5,7,1,EAGLE-02,PHOENIX-3A,25
PWR-LOT-2025-44,W04,6,7,1,EAGLE-02,PHOENIX-3A,25
PWR-LOT-2025-44,W04,7,7,1,EAGLE-02,PHOENIX-3A,25
PWR-LOT-2025-44,W04,8,7,1,EAGLE-02,PHOENIX-3A,25
PWR-LOT-2025-44,W04,9,7,2,EAGLE-02,PHOENIX-3A,25
PWR-LOT-2025-44,W04,10,7,3,EAGLE-02,PHOENIX-3A,25
PWR-LOT-2025-44,W04,11,7,1,EAGLE-02,PHOENIX-3A,25
PWR-LOT-2025-44,W04,12,7,2,EAGLE-02,PHOENIX-3A,25
PWR-LOT-2025-44,W04,-11,8,1,EAGLE-02,PHOENIX-3A,25
PWR-LOT-2025-44,W04,-10,8,1,EAGLE-02,PHOENIX-3A,25
PWR-LOT-2025-44,W04,-9,8,1,EAGLE-02,PHOENIX-3A,25
PWR-LOT-2025-44,W04,-8,8,1,EAGLE-02,PHOENIX-3A,25
PWR-LOT-2025-44,W04,-7,8,1,EAGLE-02,PHOENIX-3A,25
PWR-LOT-2025-44,W04,-6,8,1,EAGLE-02,PHOENIX-3A,25
PWR-LOT-2025-44,W04,-5,8,1,EAGLE-02,PHOENIX-3A,25
PWR-LOT-2025-44,W04,-4,8,1,EAGLE-02,PHOENIX-3A,25
PWR-LOT-2025-44,W04,-3,8,1,EAGLE-02,PHOENIX-3A,25
PWR-LOT-2025-44,W04,-2,8,1,EAGLE-02,PHOENIX-3A,25
PWR-LOT-2025-44,W04,-1,8,1,EAGLE-02,PHOENIX-3A,25
PWR-LOT-2025-44,W04,0,8,1,EAGLE-02,PHOENIX-3A,25
PWR-LOT-2025-44,W04,1,8,2,EAGLE-02,PHOENIX-3A,25
PWR-LOT-2025-44,W04,2,8,1,EAGLE-02,PHOENIX-3A,25
PWR-LOT-2025-44,W04,3,8,1,EAGLE-02,PHOENIX-3A,25
PWR-LOT-2025-44,W04,4,8,1,EAGLE-02,PHOENIX-3A,25
PWR-LOT-2025-44,W04,5,8,3,EAGLE-02,PHOENIX-3A,25
PWR-LOT-2025-44,W04,6,8,1,EAGLE-02,PHOENIX-3A,25
PWR-LOT-2025-44,W04,7,8,1,EAGLE-02,PHOENIX-3A,25
PWR-LOT-2025-44,W04,8,8,1,EAGLE-02,PHOENIX-3A,25
PWR-LOT-2025-44,W04,9,8,1,EAGLE-02,PHOENIX-3A,25
PWR-LOT-2025-44,W04,10,8,1,EAGLE-02,PHOENIX-3A,25
PWR-LOT-2025-44,W04,11,8,1,EAGLE-02,PHOENIX-3A,25
PWR-LOT-2025-44,W04,-10,9,1,EAGLE-02,PHOENIX-3A,25
PWR-LOT-2025-44,W04,-9,9,1,EAGLE-02,PHOENIX-3A,25
PWR-LOT-2025-44,W04,-8,9,1,EAGLE-02,PHOENIX-3A,25
PWR-LOT-2025-44,W04,-7,9,1,EAGLE-02,PHOENIX-3A,25
PWR-LOT-2025-44,W04,-6,9,1,EAGLE-02,PHOENIX-3A,25
PWR-LOT-2025-44,W04,-5,9,1,EAGLE-02,PHOENIX-3A,25
PWR-LOT-2025-44,W04,-4,9,1,EAGLE-02,PHOENIX-3A,25
PWR-LOT-2025-44,W04,-3,9,1,EAGLE-02,PHOENIX-3A,25
PWR-LOT-2025-44,W04,-2,9,1,EAGLE-02,PHOENIX-3A,25
PWR-LOT-2025-44,W04,-1,9,1,EAGLE-02,PHOENIX-3A,25
PWR-LOT-2025-44,W04,0,9,1,EAGLE-02,PHOENIX-3A,25
PWR-LOT-2025-44,W04,1,9,1,EAGLE-02,PHOENIX-3A,25
PWR-LOT-2025-44,W04,2,9,1,EAGLE-02,PHOENIX-3A,25
PWR-LOT-2025-44,W04,3,9,1,EAGLE-02,PHOENIX-3A,25
PWR-LOT-2025-44,W04,4,9,1,EAGLE-02,PHOENIX-3A,25
PWR-LOT-2025-44,W04,5,9,1,EAGLE-02,PHOENIX-3A,25
PWR-LOT-2025-44,W04,6,9,2,EAGLE-02,PHOENIX-3A,25
PWR-LOT-2025-44,W04,7,9,2,EAGLE-02,PHOENIX-3A,25
PWR-LOT-2025-44,W04,8,9,2,EAGLE-02,PHOENIX-3A,25
PWR-LOT-2025-44,W04,9,9,2,EAGLE-02,PHOENIX-3A,25
PWR-LOT-2025-44,W04,10,9,1,EAGLE-02,PHOENIX-3A,25
PWR-LOT-2025-44,W04,-10,10,1,EAGLE-02,PHOENIX-3A,25
PWR-LOT-2025-44,W04,-9,10,1,EAGLE-02,PHOENIX-3A,25
PWR-LOT-2025-44,W04,-8,10,1,EAGLE-02,PHOENIX-3A,25
PWR-LOT-2025-44,W04,-7,10,1,EAGLE-02,PHOENIX-3A,25
PWR-LOT-2025-44,W04,-6,10,1,EAGLE-02,PHOENIX-3A,25
PWR-LOT-2025-44,W04,-5,10,1,EAGLE-02,PHOENIX-3A,25
PWR-LOT-2025-44,W04,-4,10,1,EAGLE-02,PHOENIX-3A,25
PWR-LOT-2025-44,W04,-3,10,1,EAGLE-02,PHOENIX-3A,25
PWR-LOT-2025-44,W04,-2,10,1,EAGLE-02,PHOENIX-3A,25
PWR-LOT-2025-44,W04,-1,10,1,EAGLE-02,PHOENIX-3A,25
PWR-LOT-2025-44,W04,0,10,1,EAGLE-02,PHOENIX-3A,25
PWR-LOT-2025-44,W04,1,10,3,EAGLE-02,PHOENIX-3A,25
PWR-LOT-2025-44,W04,2,10,2,EAGLE-02,PHOENIX-3A,25
PWR-LOT-2025-44,W04,3,10,1,EAGLE-02,PHOENIX-3A,25
PWR-LOT-2025-44,W04,4,10,1,EAGLE-02,PHOENIX-3A,25
PWR-LOT-2025-44,W04,5,10,1,EAGLE-02,PHOENIX-3A,25
PWR-LOT-2025-44,W04,6,10,1,EAGLE-02,PHOENIX-3A,25
PWR-LOT-2025-44,W04,7,10,2,EAGLE-02,PHOENIX-3A,25
PWR-LOT-2025-44,W04,8,10,2,EAGLE-02,PHOENIX-3A,25
PWR-LOT-2025-44,W04,9,10,1,EAGLE-02,PHOENIX-3A,25
PWR-LOT-2025-44,W04,10,10,1,EAGLE-02,PHOENIX-3A,25
PWR-LOT-2025-44,W04,-8,11,1,EAGLE-02,PHOENIX-3A,25
PWR-LOT-2025-44,W04,-7,11,2,EAGLE-02,PHOENIX-3A,25
PWR-LOT-2025-44,W04,-6,11,1,EAGLE-02,PHOENIX-3A,25
PWR-LOT-2025-44,W04,-5,11,1,EAGLE-02,PHOENIX-3A,25
PWR-LOT-2025-44,W04,-4,11,1,EAGLE-02,PHOENIX-3A,25
PWR-LOT-2025-44,W04,-3,11,1,EAGLE-02,PHOENIX-3A,25
PWR-LOT-2025-44,W04,-2,11,1,EAGLE-02,PHOENIX-3A,25
PWR-LOT-2025-44,W04,-1,11,1,EAGLE-02,PHOENIX-3A,25
PWR-LOT-2025-44,W04,0,11,1,EAGLE-02,PHOENIX-3A,25
PWR-LOT-2025-44,W04,1,11,1,EAGLE-02,PHOENIX-3A,25
PWR-LOT-2025-44,W04,2,11,3,EAGLE-02,PHOENIX-3A,25
PWR-LOT-2025-44,W04,3,11,2,EAGLE-02,PHOENIX-3A,25
PWR-LOT-2025-44,W04,4,11,2,EAGLE-02,PHOENIX-3A,25
PWR-LOT-2025-44,W04,5,11,3,EAGLE-02,PHOENIX-3A,25
PWR-LOT-2025-44,W04,6,11,1,EAGLE-02,PHOENIX-3A,25
PWR-LOT-2025-44,W04,7,11,2,EAGLE-02,PHOENIX-3A,25
PWR-LOT-2025-44,W04,8,11,1,EAGLE-02,PHOENIX-3A,25
PWR-LOT-2025-44,W04,-7,12,1,EAGLE-02,PHOENIX-3A,25
PWR-LOT-2025-44,W04,-6,12,3,EAGLE-02,PHOENIX-3A,25
PWR-LOT-2025-44,W04,-5,12,1,EAGLE-02,PHOENIX-3A,25
PWR-LOT-2025-44,W04,-4,12,1,EAGLE-02,PHOENIX-3A,25
PWR-LOT-2025-44,W04,-3,12,1,EAGLE-02,PHOENIX-3A,25
PWR-LOT-2025-44,W04,-2,12,1,EAGLE-02,PHOENIX-3A,25
PWR-LOT-2025-44,W04,-1,12,1,EAGLE-02,PHOENIX-3A,25
PWR-LOT-2025-44,W04,0,12,2,EAGLE-02,PHOENIX-3A,25
PWR-LOT-2025-44,W04,1,12,1,EAGLE-02,PHOENIX-3A,25
PWR-LOT-2025-44,W04,2,12,1,EAGLE-02,PHOENIX-3A,25
PWR-LOT-2025-44,W04,3,12,1,EAGLE-02,PHOENIX-3A,25
PWR-LOT-2025-44,W04,4,12,1,EAGLE-02,PHOENIX-3A,25
PWR-LOT-2025-44,W04,5,12,2,EAGLE-02,PHOENIX-3A,25
PWR-LOT-2025-44,W04,6,12,1,EAGLE-02,PHOENIX-3A,25
PWR-LOT-2025-44,W04,7,12,1,EAGLE-02,PHOENIX-3A,25
PWR-LOT-2025-44,W04,-5,13,1,EAGLE-02,PHOENIX-3A,25
PWR-LOT-2025-44,W04,-4,13,1,EAGLE-02,PHOENIX-3A,25
PWR-LOT-2025-44,W04,-3,13,1,EAGLE-02,PHOENIX-3A,25
PWR-LOT-2025-44,W04,-2,13,1,EAGLE-02,PHOENIX-3A,25
PWR-LOT-2025-44,W04,-1,13,1,EAGLE-02,PHOENIX-3A,25
PWR-LOT-2025-44,W04,0,13,1,EAGLE-02,PHOENIX-3A,25
PWR-LOT-2025-44,W04,1,13,3,EAGLE-02,PHOENIX-3A,25
PWR-LOT-2025-44,W04,2,13,2,EAGLE-02,PHOENIX-3A,25
PWR-LOT-2025-44,W04,3,13,2,EAGLE-02,PHOENIX-3A,25
PWR-LOT-2025-44,W04,4,13,1,EAGLE-02,PHOENIX-3A,25
PWR-LOT-2025-44,W04,5,13,1,EAGLE-02,PHOENIX-3A,25
PWR-LOT-2025-44,W04,-2,14,1,EAGLE-02,PHOENIX-3A,25
PWR-LOT-2025-44,W04,-1,14,1,EAGLE-02,PHOENIX-3A,25
PWR-LOT-2025-44,W04,0,14,1,EAGLE-02,PHOENIX-3A,25
PWR-LOT-2025-44,W04,1,14,2,EAGLE-02,PHOENIX-3A,25
PWR-LOT-2025-44,W04,2,14,1,EAGLE-02,PHOENIX-3A,25
PWR-LOT-2025-44,W05,-2,-14,1,EAGLE-01,PHOENIX-3A,25
PWR-LOT-2025-44,W05,-1,-14,1,EAGLE-01,PHOENIX-3A,25
PWR-LOT-2025-44,W05,0,-14,1,EAGLE-01,PHOENIX-3A,25
PWR-LOT-2025-44,W05,1,-14,1,EAGLE-01,PHOENIX-3A,25
PWR-LOT-2025-44,W05,2,-14,1,EAGLE-01,PHOENIX-3A,25
PWR-LOT-2025-44,W05,-5,-13,1,EAGLE-01,PHOENIX-3A,25
PWR-LOT-2025-44,W05,-4,-13,1,EAGLE-01,PHOENIX-3A,25
PWR-LOT-2025-44,W05,-3,-13,1,EAGLE-01,PHOENIX-3A,25
PWR-LOT-2025-44,W05,-2,-13,1,EAGLE-01,PHOENIX-3A,25
PWR-LOT-2025-44,W05,-1,-13,1,EAGLE-01,PHOENIX-3A,25
PWR-LOT-2025-44,W05,0,-13,1,EAGLE-01,PHOENIX-3A,25
PWR-LOT-2025-44,W05,1,-13,1,EAGLE-01,PHOENIX-3A,25
PWR-LOT-2025-44,W05,2,-13,1,EAGLE-01,PHOENIX-3A,25
PWR-LOT-2025-44,W05,3,-13,1,EAGLE-01,PHOENIX-3A,25
PWR-LOT-2025-44,W05,4,-13,1,EAGLE-01,PHOENIX-3A,25
PWR-LOT-2025-44,W05,5,-13,1,EAGLE-01,PHOENIX-3A,25
PWR-LOT-2025-44,W05,-7,-12,1,EAGLE-01,PHOENIX-3A,25
PWR-LOT-2025-44,W05,-6,-12,1,EAGLE-01,PHOENIX-3A,25
PWR-LOT-2025-44,W05,-5,-12,1,EAGLE-01,PHOENIX-3A,25
PWR-LOT-2025-44,W05,-4,-12,1,EAGLE-01,PHOENIX-3A,25
PWR-LOT-2025-44,W05,-3,-12,1,EAGLE-01,PHOENIX-3A,25
PWR-LOT-2025-44,W05,-2,-12,1,EAGLE-01,PHOENIX-3A,25
PWR-LOT-2025-44,W05,-1,-12,1,EAGLE-01,PHOENIX-3A,25
PWR-LOT-2025-44,W05,0,-12,1,EAGLE-01,PHOENIX-3A,25
PWR-LOT-2025-44,W05,1,-12,1,EAGLE-01,PHOENIX-3A,25
PWR-LOT-2025-44,W05,2,-12,1,EAGLE-01,PHOENIX-3A,25
PWR-LOT-2025-44,W05,3,-12,1,EAGLE-01,PHOENIX-3A,25
PWR-LOT-2025-44,W05,4,-12,1,EAGLE-01,PHOENIX-3A,25
PWR-LOT-2025-44,W05,5,-12,1,EAGLE-01,PHOENIX-3A,25
PWR-LOT-2025-44,W05,6,-12,1,EAGLE-01,PHOENIX-3A,25
PWR-LOT-2025-44,W05,7,-12,1,EAGLE-01,PHOENIX-3A,25
PWR-LOT-2025-44,W05,-8,-11,1,EAGLE-01,PHOENIX-3A,25
PWR-LOT-2025-44,W05,-7,-11,1,EAGLE-01,PHOENIX-3A,25
PWR-LOT-2025-44,W05,-6,-11,1,EAGLE-01,PHOENIX-3A,25
PWR-LOT-2025-44,W05,-5,-11,1,EAGLE-01,PHOENIX-3A,25
PWR-LOT-2025-44,W05,-4,-11,1,EAGLE-01,PHOENIX-3A,25
PWR-LOT-2025-44,W05,-3,-11,1,EAGLE-01,PHOENIX-3A,25
PWR-LOT-2025-44,W05,-2,-11,1,EAGLE-01,PHOENIX-3A,25
PWR-LOT-2025-44,W05,-1,-11,2,EAGLE-01,PHOENIX-3A,25
PWR-LOT-2025-44,W05,0,-11,1,EAGLE-01,PHOENIX-3A,25
PWR-LOT-2025-44,W05,1,-11,1,EAGLE-01,PHOENIX-3A,25
PWR-LOT-2025-44,W05,2,-11,1,EAGLE-01,PHOENIX-3A,25
PWR-LOT-2025-44,W05,3,-11,1,EAGLE-01,PHOENIX-3A,25
PWR-LOT-2025-44,W05,4,-11,1,EAGLE-01,PHOENIX-3A,25
PWR-LOT-2025-44,W05,5,-11,3,EAGLE-01,PHOENIX-3A,25
PWR-LOT-2025-44,W05,6,-11,1,EAGLE-01,PHOENIX-3A,25
PWR-LOT-2025-44,W05,7,-11,1,EAGLE-01,PHOENIX-3A,25
PWR-LOT-2025-44,W05,8,-11,1,EAGLE-01,PHOENIX-3A,25
PWR-LOT-2025-44,W05,-10,-10,1,EAGLE-01,PHOENIX-3A,25
PWR-LOT-2025-44,W05,-9,-10,1,EAGLE-01,PHOENIX-3A,25
PWR-LOT-2025-44,W05,-8,-10,1,EAGLE-01,PHOENIX-3A,25
PWR-LOT-2025-44,W05,-7,-10,1,EAGLE-01,PHOENIX-3A,25
PWR-LOT-2025-44,W05,-6,-10,1,EAGLE-01,PHOENIX-3A,25
PWR-LOT-2025-44,W05,-5,-10,1,EAGLE-01,PHOENIX-3A,25
PWR-LOT-2025-44,W05,-4,-10,1,EAGLE-01,PHOENIX-3A,25
PWR-LOT-2025-44,W05,-3,-10,1,EAGLE-01,PHOENIX-3A,25
PWR-LOT-2025-44,W05,-2,-10,1,EAGLE-01,PHOENIX-3A,25
PWR-LOT-2025-44,W05,-1,-10,1,EAGLE-01,PHOENIX-3A,25
PWR-LOT-2025-44,W05,0,-10,1,EAGLE-01,PHOENIX-3A,25
PWR-LOT-2025-44,W05,1,-10,1,EAGLE-01,PHOENIX-3A,25
PWR-LOT-2025-44,W05,2,-10,1,EAGLE-01,PHOENIX-3A,25
PWR-LOT-2025-44,W05,3,-10,1,EAGLE-01,PHOENIX-3A,25
PWR-LOT-2025-44,W05,4,-10,1,EAGLE-01,PHOENIX-3A,25
PWR-LOT-2025-44,W05,5,-10,1,EAGLE-01,PHOENIX-3A,25
PWR-LOT-2025-44,W05,6,-10,1,EAGLE-01,PHOENIX-3A,25
PWR-LOT-2025-44,W05,7,-10,1,EAGLE-01,PHOENIX-3A,25
PWR-LOT-2025-44,W05,8,-10,1,EAGLE-01,PHOENIX-3A,25
PWR-LOT-2025-44,W05,9,-10,1,EAGLE-01,PHOENIX-3A,25
PWR-LOT-2025-44,W05,10,-10,1,EAGLE-01,PHOENIX-3A,25
PWR-LOT-2025-44,W05,-10,-9,1,EAGLE-01,PHOENIX-3A,25
PWR-LOT-2025-44,W05,-9,-9,1,EAGLE-01,PHOENIX-3A,25
PWR-LOT-2025-44,W05,-8,-9,1,EAGLE-01,PHOENIX-3A,25
PWR-LOT-2025-44,W05,-7,-9,1,EAGLE-01,PHOENIX-3A,25
PWR-LOT-2025-44,W05,-6,-9,1,EAGLE-01,PHOENIX-3A,25
PWR-LOT-2025-44,W05,-5,-9,1,EAGLE-01,PHOENIX-3A,25
PWR-LOT-2025-44,W05,-4,-9,1,EAGLE-01,PHOENIX-3A,25
PWR-LOT-2025-44,W05,-3,-9,1,EAGLE-01,PHOENIX-3A,25
PWR-LOT-2025-44,W05,-2,-9,1,EAGLE-01,PHOENIX-3A,25
PWR-LOT-2025-44,W05,-1,-9,1,EAGLE-01,PHOENIX-3A,25
PWR-LOT-2025-44,W05,0,-9,1,EAGLE-01,PHOENIX-3A,25
PWR-LOT-2025-44,W05,1,-9,1,EAGLE-01,PHOENIX-3A,25
PWR-LOT-2025-44,W05,2,-9,1,EAGLE-01,PHOENIX-3A,25
PWR-LOT-2025-44,W05,3,-9,1,EAGLE-01,PHOENIX-3A,25
PWR-LOT-2025-44,W05,4,-9,1,EAGLE-01,PHOENIX-3A,25
PWR-LOT-2025-44,W05,5,-9,1,EAGLE-01,PHOENIX-3A,25
PWR-LOT-2025-44,W05,6,-9,1,EAGLE-01,PHOENIX-3A,25
PWR-LOT-2025-44,W05,7,-9,1,EAGLE-01,PHOENIX-3A,25
PWR-LOT-2025-44,W05,8,-9,1,EAGLE-01,PHOENIX-3A,25
PWR-LOT-2025-44,W05,9,-9,1,EAGLE-01,PHOENIX-3A,25
PWR-LOT-2025-44,W05,10,-9,1,EAGLE-01,PHOENIX-3A,25
PWR-LOT-2025-44,W05,-11,-8,1,EAGLE-01,PHOENIX-3A,25
PWR-LOT-2025-44,W05,-10,-8,1,EAGLE-01,PHOENIX-3A,25
PWR-LOT-2025-44,W05,-9,-8,1,EAGLE-01,PHOENIX-3A,25
PWR-LOT-2025-44,W05,-8,-8,1,EAGLE-01,PHOENIX-3A,25
PWR-LOT-2025-44,W05,-7,-8,1,EAGLE-01,PHOENIX-3A,25
PWR-LOT-2025-44,W05,-6,-8,1,EAGLE-01,PHOENIX-3A,25
PWR-LOT-2025-44,W05,-5,-8,1,EAGLE-01,PHOENIX-3A,25
PWR-LOT-2025-44,W05,-4,-8,1,EAGLE-01,PHOENIX-3A,25
PWR-LOT-2025-44,W05,-3,-8,1,EAGLE-01,PHOENIX-3A,25
PWR-LOT-2025-44,W05,-2,-8,1,EAGLE-01,PHOENIX-3A,25
PWR-LOT-2025-44,W05,-1,-8,1,EAGLE-01,PHOENIX-3A,25
PWR-LOT-2025-44,W05,0,-8,1,EAGLE-01,PHOENIX-3A,25
PWR-LOT-2025-44,W05,1,-8,1,EAGLE-01,PHOENIX-3A,25
PWR-LOT-2025-44,W05,2,-8,1,EAGLE-01,PHOENIX-3A,25
PWR-LOT-2025-44,W05,3,-8,1,EAGLE-01,PHOENIX-3A,25
PWR-LOT-2025-44,W05,4,-8,1,EAGLE-01,PHOENIX-3A,25
PWR-LOT-2025-44,W05,5,-8,1,EAGLE-01,PHOENIX-3A,25
PWR-LOT-2025-44,W05,6,-8,1,EAGLE-01,PHOENIX-3A,25
PWR-LOT-2025-44,W05,7,-8,1,EAGLE-01,PHOENIX-3A,25
PWR-LOT-2025-44,W05,8,-8,1,EAGLE-01,PHOENIX-3A,25
PWR-LOT-2025-44,W05,9,-8,1,EAGLE-01,PHOENIX-3A,25
PWR-LOT-2025-44,W05,10,-8,1,EAGLE-01,PHOENIX-3A,25
PWR-LOT-2025-44,W05,11,-8,2,EAGLE-01,PHOENIX-3A,25
PWR-LOT-2025-44,W05,-12,-7,1,EAGLE-01,PHOENIX-3A,25
PWR-LOT-2025-44,W05,-11,-7,1,EAGLE-01,PHOENIX-3A,25
PWR-LOT-2025-44,W05,-10,-7,1,EAGLE-01,PHOENIX-3A,25
PWR-LOT-2025-44,W05,-9,-7,1,EAGLE-01,PHOENIX-3A,25
PWR-LOT-2025-44,W05,-8,-7,1,EAGLE-01,PHOENIX-3A,25
PWR-LOT-2025-44,W05,-7,-7,1,EAGLE-01,PHOENIX-3A,25
PWR-LOT-2025-44,W05,-6,-7,1,EAGLE-01,PHOENIX-3A,25
PWR-LOT-2025-44,W05,-5,-7,1,EAGLE-01,PHOENIX-3A,25
PWR-LOT-2025-44,W05,-4,-7,1,EAGLE-01,PHOENIX-3A,25
PWR-LOT-2025-44,W05,-3,-7,1,EAGLE-01,PHOENIX-3A,25
PWR-LOT-2025-44,W05,-2,-7,1,EAGLE-01,PHOENIX-3A,25
PWR-LOT-2025-44,W05,-1,-7,1,EAGLE-01,PHOENIX-3A,25
PWR-LOT-2025-44,W05,0,-7,1,EAGLE-01,PHOENIX-3A,25
PWR-LOT-2025-44,W05,1,-7,1,EAGLE-01,PHOENIX-3A,25
PWR-LOT-2025-44,W05,2,-7,1,EAGLE-01,PHOENIX-3A,25
PWR-LOT-2025-44,W05,3,-7,1,EAGLE-01,PHOENIX-3A,25
PWR-LOT-2025-44,W05,4,-7,2,EAGLE-01,PHOENIX-3A,25
PWR-LOT-2025-44,W05,5,-7,1,EAGLE-01,PHOENIX-3A,25
PWR-LOT-2025-44,W05,6,-7,1,EAGLE-01,PHOENIX-3A,25
PWR-LOT-2025-44,W05,7,-7,1,EAGLE-01,PHOENIX-3A,25
PWR-LOT-2025-44,W05,8,-7,1,EAGLE-01,PHOENIX-3A,25
PWR-LOT-2025-44,W05,9,-7,1,EAGLE-01,PHOENIX-3A,25
PWR-LOT-2025-44,W05,10,-7,1,EAGLE-01,PHOENIX-3A,25
PWR-LOT-2025-44,W05,11,-7,1,EAGLE-01,PHOENIX-3A,25
PWR-LOT-2025-44,W05,12,-7,1,EAGLE-01,PHOENIX-3A,25
PWR-LOT-2025-44,W05,-12,-6,1,EAGLE-01,PHOENIX-3A,25
PWR-LOT-2025-44,W05,-11,-6,1,EAGLE-01,PHOENIX-3A,25
PWR-LOT-2025-44,W05,-10,-6,1,EAGLE-01,PHOENIX-3A,25
PWR-LOT-2025-44,W05,-9,-6,1,EAGLE-01,PHOENIX-3A,25
PWR-LOT-2025-44,W05,-8,-6,1,EAGLE-01,PHOENIX-3A,25
PWR-LOT-2025-44,W05,-7,-6,1,EAGLE-01,PHOENIX-3A,25
PWR-LOT-2025-44,W05,-6,-6,1,EAGLE-01,PHOENIX-3A,25
PWR-LOT-2025-44,W05,-5,-6,1,EAGLE-01,PHOENIX-3A,25
PWR-LOT-2025-44,W05,-4,-6,1,EAGLE-01,PHOENIX-3A,25
PWR-LOT-2025-44,W05,-3,-6,1,EAGLE-01,PHOENIX-3A,25
PWR-LOT-2025-44,W05,-2,-6,1,EAGLE-01,PHOENIX-3A,25
PWR-LOT-2025-44,W05,-1,-6,1,EAGLE-01,PHOENIX-3A,25
PWR-LOT-2025-44,W05,0,-6,1,EAGLE-01,PHOENIX-3A,25
PWR-LOT-2025-44,W05,1,-6,1,EAGLE-01,PHOENIX-3A,25
PWR-LOT-2025-44,W05,2,-6,1,EAGLE-01,PHOENIX-3A,25
PWR-LOT-2025-44,W05,3,-6,1,EAGLE-01,PHOENIX-3A,25
PWR-LOT-2025-44,W05,4,-6,1,EAGLE-01,PHOENIX-3A,25
PWR-LOT-2025-44,W05,5,-6,1,EAGLE-01,PHOENIX-3A,25
PWR-LOT-2025-44,W05,6,-6,1,EAGLE-01,PHOENIX-3A,25
PWR-LOT-2025-44,W05,7,-6,1,EAGLE-01,PHOENIX-3A,25
PWR-LOT-2025-44,W05,8,-6,1,EAGLE-01,PHOENIX-3A,25
PWR-LOT-2025-44,W05,9,-6,1,EAGLE-01,PHOENIX-3A,25
PWR-LOT-2025-44,W05,10,-6,1,EAGLE-01,PHOENIX-3A,25
PWR-LOT-2025-44,W05,11,-6,1,EAGLE-01,PHOENIX-3A,25
PWR-LOT-2025-44,W05,12,-6,1,EAGLE-01,PHOENIX-3A,25
PWR-LOT-2025-44,W05,-13,-5,1,EAGLE-01,PHOENIX-3A,25
PWR-LOT-2025-44,W05,-12,-5,1,EAGLE-01,PHOENIX-3A,25
PWR-LOT-2025-44,W05,-11,-5,1,EAGLE-01,PHOENIX-3A,25
PWR-LOT-2025-44,W05,-10,-5,1,EAGLE-01,PHOENIX-3A,25
PWR-LOT-2025-44,W05,-9,-5,1,EAGLE-01,PHOENIX-3A,25
PWR-LOT-2025-44,W05,-8,-5,1,EAGLE-01,PHOENIX-3A,25
PWR-LOT-2025-44,W05,-7,-5,1,EAGLE-01,PHOENIX-3A,25
PWR-LOT-2025-44,W05,-6,-5,1,EAGLE-01,PHOENIX-3A,25
PWR-LOT-2025-44,W05,-5,-5,1,EAGLE-01,PHOENIX-3A,25
PWR-LOT-2025-44,W05,-4,-5,1,EAGLE-01,PHOENIX-3A,25
PWR-LOT-2025-44,W05,-3,-5,1,EAGLE-01,PHOENIX-3A,25
PWR-LOT-2025-44,W05,-2,-5,1,EAGLE-01,PHOENIX-3A,25
PWR-LOT-2025-44,W05,-1,-5,1,EAGLE-01,PHOENIX-3A,25
PWR-LOT-2025-44,W05,0,-5,1,EAGLE-01,PHOENIX-3A,25
PWR-LOT-2025-44,W05,1,-5,1,EAGLE-01,PHOENIX-3A,25
PWR-LOT-2025-44,W05,2,-5,1,EAGLE-01,PHOENIX-3A,25
PWR-LOT-2025-44,W05,3,-5,1,EAGLE-01,PHOENIX-3A,25
PWR-LOT-2025-44,W05,4,-5,1,EAGLE-01,PHOENIX-3A,25
PWR-LOT-2025-44,W05,5,-5,1,EAGLE-01,PHOENIX-3A,25
PWR-LOT-2025-44,W05,6,-5,1,EAGLE-01,PHOENIX-3A,25
PWR-LOT-2025-44,W05,7,-5,1,EAGLE-01,PHOENIX-3A,25
PWR-LOT-2025-44,W05,8,-5,1,EAGLE-01,PHOENIX-3A,25
PWR-LOT-2025-44,W05,9,-5,1,EAGLE-01,PHOENIX-3A,25
PWR-LOT-2025-44,W05,10,-5,1,EAGLE-01,PHOENIX-3A,25
PWR-LOT-2025-44,W05,11,-5,1,EAGLE-01,PHOENIX-3A,25
PWR-LOT-2025-44,W05,12,-5,1,EAGLE-01,PHOENIX-3A,25
PWR-LOT-2025-44,W05,13,-5,1,EAGLE-01,PHOENIX-3A,25
PWR-LOT-2025-44,W05,-13,-4,1,EAGLE-01,PHOENIX-3A,25
PWR-LOT-2025-44,W05,-12,-4,1,EAGLE-01,PHOENIX-3A,25
PWR-LOT-2025-44,W05,-11,-4,1,EAGLE-01,PHOENIX-3A,25
PWR-LOT-2025-44,W05,-10,-4,1,EAGLE-01,PHOENIX-3A,25
PWR-LOT-2025-44,W05,-9,-4,1,EAGLE-01,PHOENIX-3A,25
PWR-LOT-2025-44,W05,-8,-4,1,EAGLE-01,PHOENIX-3A,25
PWR-LOT-2025-44,W05,-7,-4,1,EAGLE-01,PHOENIX-3A,25
PWR-LOT-2025-44,W05,-6,-4,1,EAGLE-01,PHOENIX-3A,25
PWR-LOT-2025-44,W05,-5,-4,1,EAGLE-01,PHOENIX-3A,25
PWR-LOT-2025-44,W05,-4,-4,1,EAGLE-01,PHOENIX-3A,25
PWR-LOT-2025-44,W05,-3,-4,1,EAGLE-01,PHOENIX-3A,25
PWR-LOT-2025-44,W05,-2,-4,1,EAGLE-01,PHOENIX-3A,25
PWR-LOT-2025-44,W05,-1,-4,1,EAGLE-01,PHOENIX-3A,25
PWR-LOT-2025-44,W05,0,-4,1,EAGLE-01,PHOENIX-3A,25
PWR-LOT-2025-44,W05,1,-4,1,EAGLE-01,PHOENIX-3A,25
PWR-LOT-2025-44,W05,2,-4,1,EAGLE-01,PHOENIX-3A,25
PWR-LOT-2025-44,W05,3,-4,3,EAGLE-01,PHOENIX-3A,25
PWR-LOT-2025-44,W05,4,-4,1,EAGLE-01,PHOENIX-3A,25
PWR-LOT-2025-44,W05,5,-4,1,EAGLE-01,PHOENIX-3A,25
PWR-LOT-2025-44,W05,6,-4,2,EAGLE-01,PHOENIX-3A,25
PWR-LOT-2025-44,W05,7,-4,1,EAGLE-01,PHOENIX-3A,25
PWR-LOT-2025-44,W05,8,-4,1,EAGLE-01,PHOENIX-3A,25
PWR-LOT-2025-44,W05,9,-4,1,EAGLE-01,PHOENIX-3A,25
PWR-LOT-2025-44,W05,10,-4,1,EAGLE-01,PHOENIX-3A,25
PWR-LOT-2025-44,W05,11,-4,1,EAGLE-01,PHOENIX-3A,25
PWR-LOT-2025-44,W05,12,-4,1,EAGLE-01,PHOENIX-3A,25
PWR-LOT-2025-44,W05,13,-4,1,EAGLE-01,PHOENIX-3A,25
PWR-LOT-2025-44,W05,-13,-3,1,EAGLE-01,PHOENIX-3A,25
PWR-LOT-2025-44,W05,-12,-3,1,EAGLE-01,PHOENIX-3A,25
PWR-LOT-2025-44,W05,-11,-3,1,EAGLE-01,PHOENIX-3A,25
PWR-LOT-2025-44,W05,-10,-3,1,EAGLE-01,PHOENIX-3A,25
PWR-LOT-2025-44,W05,-9,-3,1,EAGLE-01,PHOENIX-3A,25
PWR-LOT-2025-44,W05,-8,-3,1,EAGLE-01,PHOENIX-3A,25
PWR-LOT-2025-44,W05,-7,-3,1,EAGLE-01,PHOENIX-3A,25
PWR-LOT-2025-44,W05,-6,-3,1,EAGLE-01,PHOENIX-3A,25
PWR-LOT-2025-44,W05,-5,-3,1,EAGLE-01,PHOENIX-3A,25
PWR-LOT-2025-44,W05,-4,-3,1,EAGLE-01,PHOENIX-3A,25
PWR-LOT-2025-44,W05,-3,-3,1,EAGLE-01,PHOENIX-3A,25
PWR-LOT-2025-44,W05,-2,-3,1,EAGLE-01,PHOENIX-3A,25
PWR-LOT-2025-44,W05,-1,-3,1,EAGLE-01,PHOENIX-3A,25
PWR-LOT-2025-44,W05,0,-3,1,EAGLE-01,PHOENIX-3A,25
PWR-LOT-2025-44,W05,1,-3,1,EAGLE-01,PHOENIX-3A,25
PWR-LOT-2025-44,W05,2,-3,1,EAGLE-01,PHOENIX-3A,25
PWR-LOT-2025-44,W05,3,-3,1,EAGLE-01,PHOENIX-3A,25
PWR-LOT-2025-44,W05,4,-3,1,EAGLE-01,PHOENIX-3A,25
PWR-LOT-2025-44,W05,5,-3,1,EAGLE-01,PHOENIX-3A,25
PWR-LOT-2025-44,W05,6,-3,1,EAGLE-01,PHOENIX-3A,25
PWR-LOT-2025-44,W05,7,-3,1,EAGLE-01,PHOENIX-3A,25
PWR-LOT-2025-44,W05,8,-3,1,EAGLE-01,PHOENIX-3A,25
PWR-LOT-2025-44,W05,9,-3,1,EAGLE-01,PHOENIX-3A,25
PWR-LOT-2025-44,W05,10,-3,1,EAGLE-01,PHOENIX-3A,25
PWR-LOT-2025-44,W05,11,-3,1,EAGLE-01,PHOENIX-3A,25
PWR-LOT-2025-44,W05,12,-3,1,EAGLE-01,PHOENIX-3A,25
PWR-LOT-2025-44,W05,13,-3,1,EAGLE-01,PHOENIX-3A,25
PWR-LOT-2025-44,W05,-14,-2,1,EAGLE-01,PHOENIX-3A,25
PWR-LOT-2025-44,W05,-13,-2,1,EAGLE-01,PHOENIX-3A,25
PWR-LOT-2025-44,W05,-12,-2,1,EAGLE-01,PHOENIX-3A,25
PWR-LOT-2025-44,W05,-11,-2,2,EAGLE-01,PHOENIX-3A,25
PWR-LOT-2025-44,W05,-10,-2,1,EAGLE-01,PHOENIX-3A,25
PWR-LOT-2025-44,W05,-9,-2,1,EAGLE-01,PHOENIX-3A,25
PWR-LOT-2025-44,W05,-8,-2,2,EAGLE-01,PHOENIX-3A,25
PWR-LOT-2025-44,W05,-7,-2,1,EAGLE-01,PHOENIX-3A,25
PWR-LOT-2025-44,W05,-6,-2,1,EAGLE-01,PHOENIX-3A,25
PWR-LOT-2025-44,W05,-5,-2,1,EAGLE-01,PHOENIX-3A,25
PWR-LOT-2025-44,W05,-4,-2,2,EAGLE-01,PHOENIX-3A,25
PWR-LOT-2025-44,W05,-3,-2,1,EAGLE-01,PHOENIX-3A,25
PWR-LOT-2025-44,W05,-2,-2,1,EAGLE-01,PHOENIX-3A,25
PWR-LOT-2025-44,W05,-1,-2,1,EAGLE-01,PHOENIX-3A,25
PWR-LOT-2025-44,W05,0,-2,1,EAGLE-01,PHOENIX-3A,25
PWR-LOT-2025-44,W05,1,-2,1,EAGLE-01,PHOENIX-3A,25
PWR-LOT-2025-44,W05,2,-2,1,EAGLE-01,PHOENIX-3A,25
PWR-LOT-2025-44,W05,3,-2,1,EAGLE-01,PHOENIX-3A,25
PWR-LOT-2025-44,W05,4,-2,1,EAGLE-01,PHOENIX-3A,25
PWR-LOT-2025-44,W05,5,-2,1,EAGLE-01,PHOENIX-3A,25
PWR-LOT-2025-44,W05,6,-2,1,EAGLE-01,PHOENIX-3A,25
PWR-LOT-2025-44,W05,7,-2,1,EAGLE-01,PHOENIX-3A,25
PWR-LOT-2025-44,W05,8,-2,1,EAGLE-01,PHOENIX-3A,25
PWR-LOT-2025-44,W05,9,-2,1,EAGLE-01,PHOENIX-3A,25
PWR-LOT-2025-44,W05,10,-2,1,EAGLE-01,PHOENIX-3A,25
PWR-LOT-2025-44,W05,11,-2,1,EAGLE-01,PHOENIX-3A,25
PWR-LOT-2025-44,W05,12,-2,1,EAGLE-01,PHOENIX-3A,25
PWR-LOT-2025-44,W05,13,-2,1,EAGLE-01,PHOENIX-3A,25
PWR-LOT-2025-44,W05,14,-2,1,EAGLE-01,PHOENIX-3A,25
PWR-LOT-2025-44,W05,-14,-1,1,EAGLE-01,PHOENIX-3A,25
PWR-LOT-2025-44,W05,-13,-1,3,EAGLE-01,PHOENIX-3A,25
PWR-LOT-2025-44,W05,-12,-1,1,EAGLE-01,PHOENIX-3A,25
PWR-LOT-2025-44,W05,-11,-1,1,EAGLE-01,PHOENIX-3A,25
PWR-LOT-2025-44,W05,-10,-1,1,EAGLE-01,PHOENIX-3A,25
PWR-LOT-2025-44,W05,-9,-1,1,EAGLE-01,PHOENIX-3A,25
PWR-LOT-2025-44,W05,-8,-1,1,EAGLE-01,PHOENIX-3A,25
PWR-LOT-2025-44,W05,-7,-1,1,EAGLE-01,PHOENIX-3A,25
PWR-LOT-2025-44,W05,-6,-1,1,EAGLE-01,PHOENIX-3A,25
PWR-LOT-2025-44,W05,-5,-1,1,EAGLE-01,PHOENIX-3A,25
PWR-LOT-2025-44,W05,-4,-1,1,EAGLE-01,PHOENIX-3A,25
PWR-LOT-2025-44,W05,-3,-1,2,EAGLE-01,PHOENIX-3A,25
PWR-LOT-2025-44,W05,-2,-1,1,EAGLE-01,PHOENIX-3A,25
PWR-LOT-2025-44,W05,-1,-1,1,EAGLE-01,PHOENIX-3A,25
PWR-LOT-2025-44,W05,0,-1,1,EAGLE-01,PHOENIX-3A,25
PWR-LOT-2025-44,W05,1,-1,1,EAGLE-01,PHOENIX-3A,25
PWR-LOT-2025-44,W05,2,-1,1,EAGLE-01,PHOENIX-3A,25
PWR-LOT-2025-44,W05,3,-1,1,EAGLE-01,PHOENIX-3A,25
PWR-LOT-2025-44,W05,4,-1,1,EAGLE-01,PHOENIX-3A,25
PWR-LOT-2025-44,W05,5,-1,1,EAGLE-01,PHOENIX-3A,25
PWR-LOT-2025-44,W05,6,-1,1,EAGLE-01,PHOENIX-3A,25
PWR-LOT-2025-44,W05,7,-1,1,EAGLE-01,PHOENIX-3A,25
PWR-LOT-2025-44,W05,8,-1,1,EAGLE-01,PHOENIX-3A,25
PWR-LOT-2025-44,W05,9,-1,1,EAGLE-01,PHOENIX-3A,25
PWR-LOT-2025-44,W05,10,-1,1,EAGLE-01,PHOENIX-3A,25
PWR-LOT-2025-44,W05,11,-1,1,EAGLE-01,PHOENIX-3A,25
PWR-LOT-2025-44,W05,12,-1,1,EAGLE-01,PHOENIX-3A,25
PWR-LOT-2025-44,W05,13,-1,3,EAGLE-01,PHOENIX-3A,25
PWR-LOT-2025-44,W05,14,-1,1,EAGLE-01,PHOENIX-3A,25
PWR-LOT-2025-44,W05,-14,0,1,EAGLE-01,PHOENIX-3A,25
PWR-LOT-2025-44,W05,-13,0,1,EAGLE-01,PHOENIX-3A,25
PWR-LOT-2025-44,W05,-12,0,1,EAGLE-01,PHOENIX-3A,25
PWR-LOT-2025-44,W05,-11,0,1,EAGLE-01,PHOENIX-3A,25
PWR-LOT-2025-44,W05,-10,0,1,EAGLE-01,PHOENIX-3A,25
PWR-LOT-2025-44,W05,-9,0,1,EAGLE-01,PHOENIX-3A,25
PWR-LOT-2025-44,W05,-8,0,1,EAGLE-01,PHOENIX-3A,25
PWR-LOT-2025-44,W05,-7,0,1,EAGLE-01,PHOENIX-3A,25
PWR-LOT-2025-44,W05,-6,0,1,EAGLE-01,PHOENIX-3A,25
PWR-LOT-2025-44,W05,-5,0,1,EAGLE-01,PHOENIX-3A,25
PWR-LOT-2025-44,W05,-4,0,2,EAGLE-01,PHOENIX-3A,25
PWR-LOT-2025-44,W05,-3,0,1,EAGLE-01,PHOENIX-3A,25
PWR-LOT-2025-44,W05,-2,0,1,EAGLE-01,PHOENIX-3A,25
PWR-LOT-2025-44,W05,-1,0,1,EAGLE-01,PHOENIX-3A,25
PWR-LOT-2025-44,W05,0,0,1,EAGLE-01,PHOENIX-3A,25
PWR-LOT-2025-44,W05,1,0,1,EAGLE-01,PHOENIX-3A,25
PWR-LOT-2025-44,W05,2,0,1,EAGLE-01,PHOENIX-3A,25
PWR-LOT-2025-44,W05,3,0,1,EAGLE-01,PHOENIX-3A,25
PWR-LOT-2025-44,W05,4,0,1,EAGLE-01,PHOENIX-3A,25
PWR-LOT-2025-44,W05,5,0,1,EAGLE-01,PHOENIX-3A,25
PWR-LOT-2025-44,W05,6,0,1,EAGLE-01,PHOENIX-3A,25
PWR-LOT-2025-44,W05,7,0,1,EAGLE-01,PHOENIX-3A,25
PWR-LOT-2025-44,W05,8,0,1,EAGLE-01,PHOENIX-3A,25
PWR-LOT-2025-44,W05,9,0,1,EAGLE-01,PHOENIX-3A,25
PWR-LOT-2025-44,W05,10,0,1,EAGLE-01,PHOENIX-3A,25
PWR-LOT-2025-44,W05,11,0,1,EAGLE-01,PHOENIX-3A,25
PWR-LOT-2025-44,W05,12,0,1,EAGLE-01,PHOENIX-3A,25
PWR-LOT-2025-44,W05,13,0,1,EAGLE-01,PHOENIX-3A,25
PWR-LOT-2025-44,W05,14,0,1,EAGLE-01,PHOENIX-3A,25
PWR-LOT-2025-44,W05,-14,1,1,EAGLE-01,PHOENIX-3A,25
PWR-LOT-2025-44,W05,-13,1,1,EAGLE-01,PHOENIX-3A,25
PWR-LOT-2025-44,W05,-12,1,1,EAGLE-01,PHOENIX-3A,25
PWR-LOT-2025-44,W05,-11,1,1,EAGLE-01,PHOENIX-3A,25
PWR-LOT-2025-44,W05,-10,1,1,EAGLE-01,PHOENIX-3A,25
PWR-LOT-2025-44,W05,-9,1,1,EAGLE-01,PHOENIX-3A,25
PWR-LOT-2025-44,W05,-8,1,2,EAGLE-01,PHOENIX-3A,25
PWR-LOT-2025-44,W05,-7,1,1,EAGLE-01,PHOENIX-3A,25
PWR-LOT-2025-44,W05,-6,1,1,EAGLE-01,PHOENIX-3A,25
PWR-LOT-2025-44,W05,-5,1,3,EAGLE-01,PHOENIX-3A,25
PWR-LOT-2025-44,W05,-4,1,1,EAGLE-01,PHOENIX-3A,25
PWR-LOT-2025-44,W05,-3,1,3,EAGLE-01,PHOENIX-3A,25
PWR-LOT-2025-44,W05,-2,1,1,EAGLE-01,PHOENIX-3A,25
PWR-LOT-2025-44,W05,-1,1,1,EAGLE-01,PHOENIX-3A,25
PWR-LOT-2025-44,W05,0,1,1,EAGLE-01,PHOENIX-3A,25
PWR-LOT-2025-44,W05,1,1,1,EAGLE-01,PHOENIX-3A,25
PWR-LOT-2025-44,W05,2,1,1,EAGLE-01,PHOENIX-3A,25
PWR-LOT-2025-44,W05,3,1,2,EAGLE-01,PHOENIX-3A,25
PWR-LOT-2025-44,W05,4,1,2,EAGLE-01,PHOENIX-3A,25
PWR-LOT-2025-44,W05,5,1,1,EAGLE-01,PHOENIX-3A,25
PWR-LOT-2025-44,W05,6,1,1,EAGLE-01,PHOENIX-3A,25
PWR-LOT-2025-44,W05,7,1,1,EAGLE-01,PHOENIX-3A,25
PWR-LOT-2025-44,W05,8,1,1,EAGLE-01,PHOENIX-3A,25
PWR-LOT-2025-44,W05,9,1,3,EAGLE-01,PHOENIX-3A,25
PWR-LOT-2025-44,W05,10,1,1,EAGLE-01,PHOENIX-3A,25
PWR-LOT-2025-44,W05,11,1,1,EAGLE-01,PHOENIX-3A,25
PWR-LOT-2025-44,W05,12,1,1,EAGLE-01,PHOENIX-3A,25
PWR-LOT-2025-44,W05,13,1,2,EAGLE-01,PHOENIX-3A,25
PWR-LOT-2025-44,W05,14,1,2,EAGLE-01,PHOENIX-3A,25
PWR-LOT-2025-44,W05,-14,2,1,EAGLE-01,PHOENIX-3A,25
PWR-LOT-2025-44,W05,-13,2,1,EAGLE-01,PHOENIX-3A,25
PWR-LOT-2025-44,W05,-12,2,1,EAGLE-01,PHOENIX-3A,25
PWR-LOT-2025-44,W05,-11,2,1,EAGLE-01,PHOENIX-3A,25
PWR-LOT-2025-44,W05,-10,2,1,EAGLE-01,PHOENIX-3A,25
PWR-LOT-2025-44,W05,-9,2,1,EAGLE-01,PHOENIX-3A,25
PWR-LOT-2025-44,W05,-8,2,1,EAGLE-01,PHOENIX-3A,25
PWR-LOT-2025-44,W05,-7,2,1,EAGLE-01,PHOENIX-3A,25
PWR-LOT-2025-44,W05,-6,2,1,EAGLE-01,PHOENIX-3A,25
PWR-LOT-2025-44,W05,-5,2,1,EAGLE-01,PHOENIX-3A,25
PWR-LOT-2025-44,W05,-4,2,1,EAGLE-01,PHOENIX-3A,25
PWR-LOT-2025-44,W05,-3,2,1,EAGLE-01,PHOENIX-3A,25
PWR-LOT-2025-44,W05,-2,2,1,EAGLE-01,PHOENIX-3A,25
PWR-LOT-2025-44,W05,-1,2,1,EAGLE-01,PHOENIX-3A,25
PWR-LOT-2025-44,W05,0,2,1,EAGLE-01,PHOENIX-3A,25
PWR-LOT-2025-44,W05,1,2,2,EAGLE-01,PHOENIX-3A,25
PWR-LOT-2025-44,W05,2,2,1,EAGLE-01,PHOENIX-3A,25
PWR-LOT-2025-44,W05,3,2,1,EAGLE-01,PHOENIX-3A,25
PWR-LOT-2025-44,W05,4,2,1,EAGLE-01,PHOENIX-3A,25
PWR-LOT-2025-44,W05,5,2,2,EAGLE-01,PHOENIX-3A,25
PWR-LOT-2025-44,W05,6,2,1,EAGLE-01,PHOENIX-3A,25
PWR-LOT-2025-44,W05,7,2,2,EAGLE-01,PHOENIX-3A,25
PWR-LOT-2025-44,W05,8,2,2,EAGLE-01,PHOENIX-3A,25
PWR-LOT-2025-44,W05,9,2,1,EAGLE-01,PHOENIX-3A,25
PWR-LOT-2025-44,W05,10,2,1,EAGLE-01,PHOENIX-3A,25
PWR-LOT-2025-44,W05,11,2,2,EAGLE-01,PHOENIX-3A,25
PWR-LOT-2025-44,W05,12,2,1,EAGLE-01,PHOENIX-3A,25
PWR-LOT-2025-44,W05,13,2,1,EAGLE-01,PHOENIX-3A,25
PWR-LOT-2025-44,W05,14,2,1,EAGLE-01,PHOENIX-3A,25
PWR-LOT-2025-44,W05,-13,3,1,EAGLE-01,PHOENIX-3A,25
PWR-LOT-2025-44,W05,-12,3,1,EAGLE-01,PHOENIX-3A,25
PWR-LOT-2025-44,W05,-11,3,1,EAGLE-01,PHOENIX-3A,25
PWR-LOT-2025-44,W05,-10,3,1,EAGLE-01,PHOENIX-3A,25
PWR-LOT-2025-44,W05,-9,3,1,EAGLE-01,PHOENIX-3A,25
PWR-LOT-2025-44,W05,-8,3,1,EAGLE-01,PHOENIX-3A,25
PWR-LOT-2025-44,W05,-7,3,1,EAGLE-01,PHOENIX-3A,25
PWR-LOT-2025-44,W05,-6,3,1,EAGLE-01,PHOENIX-3A,25
PWR-LOT-2025-44,W05,-5,3,1,EAGLE-01,PHOENIX-3A,25
PWR-LOT-2025-44,W05,-4,3,1,EAGLE-01,PHOENIX-3A,25
PWR-LOT-2025-44,W05,-3,3,1,EAGLE-01,PHOENIX-3A,25
PWR-LOT-2025-44,W05,-2,3,1,EAGLE-01,PHOENIX-3A,25
PWR-LOT-2025-44,W05,-1,3,1,EAGLE-01,PHOENIX-3A,25
PWR-LOT-2025-44,W05,0,3,1,EAGLE-01,PHOENIX-3A,25
PWR-LOT-2025-44,W05,1,3,1,EAGLE-01,PHOENIX-3A,25
PWR-LOT-2025-44,W05,2,3,3,EAGLE-01,PHOENIX-3A,25
PWR-LOT-2025-44,W05,3,3,1,EAGLE-01,PHOENIX-3A,25
PWR-LOT-2025-44,W05,4,3,2,EAGLE-01,PHOENIX-3A,25
PWR-LOT-2025-44,W05,5,3,1,EAGLE-01,PHOENIX-3A,25
PWR-LOT-2025-44,W05,6,3,1,EAGLE-01,PHOENIX-3A,25
PWR-LOT-2025-44,W05,7,3,3,EAGLE-01,PHOENIX-3A,25
PWR-LOT-2025-44,W05,8,3,1,EAGLE-01,PHOENIX-3A,25
PWR-LOT-2025-44,W05,9,3,1,EAGLE-01,PHOENIX-3A,25
PWR-LOT-2025-44,W05,10,3,1,EAGLE-01,PHOENIX-3A,25
PWR-LOT-2025-44,W05,11,3,3,EAGLE-01,PHOENIX-3A,25
PWR-LOT-2025-44,W05,12,3,2,EAGLE-01,PHOENIX-3A,25
PWR-LOT-2025-44,W05,13,3,2,EAGLE-01,PHOENIX-3A,25
PWR-LOT-2025-44,W05,-13,4,1,EAGLE-01,PHOENIX-3A,25
PWR-LOT-2025-44,W05,-12,4,1,EAGLE-01,PHOENIX-3A,25
PWR-LOT-2025-44,W05,-11,4,1,EAGLE-01,PHOENIX-3A,25
PWR-LOT-2025-44,W05,-10,4,1,EAGLE-01,PHOENIX-3A,25
PWR-LOT-2025-44,W05,-9,4,1,EAGLE-01,PHOENIX-3A,25
PWR-LOT-2025-44,W05,-8,4,1,EAGLE-01,PHOENIX-3A,25
PWR-LOT-2025-44,W05,-7,4,1,EAGLE-01,PHOENIX-3A,25
PWR-LOT-2025-44,W05,-6,4,1,EAGLE-01,PHOENIX-3A,25
PWR-LOT-2025-44,W05,-5,4,1,EAGLE-01,PHOENIX-3A,25
PWR-LOT-2025-44,W05,-4,4,1,EAGLE-01,PHOENIX-3A,25
PWR-LOT-2025-44,W05,-3,4,1,EAGLE-01,PHOENIX-3A,25
PWR-LOT-2025-44,W05,-2,4,1,EAGLE-01,PHOENIX-3A,25
PWR-LOT-2025-44,W05,-1,4,1,EAGLE-01,PHOENIX-3A,25
PWR-LOT-2025-44,W05,0,4,1,EAGLE-01,PHOENIX-3A,25
PWR-LOT-2025-44,W05,1,4,1,EAGLE-01,PHOENIX-3A,25
PWR-LOT-2025-44,W05,2,4,3,EAGLE-01,PHOENIX-3A,25
PWR-LOT-2025-44,W05,3,4,1,EAGLE-01,PHOENIX-3A,25
PWR-LOT-2025-44,W05,4,4,2,EAGLE-01,PHOENIX-3A,25
PWR-LOT-2025-44,W05,5,4,1,EAGLE-01,PHOENIX-3A,25
PWR-LOT-2025-44,W05,6,4,2,EAGLE-01,PHOENIX-3A,25
PWR-LOT-2025-44,W05,7,4,1,EAGLE-01,PHOENIX-3A,25
PWR-LOT-2025-44,W05,8,4,2,EAGLE-01,PHOENIX-3A,25
PWR-LOT-2025-44,W05,9,4,3,EAGLE-01,PHOENIX-3A,25
PWR-LOT-2025-44,W05,10,4,1,EAGLE-01,PHOENIX-3A,25
PWR-LOT-2025-44,W05,11,4,1,EAGLE-01,PHOENIX-3A,25
PWR-LOT-2025-44,W05,12,4,1,EAGLE-01,PHOENIX-3A,25
PWR-LOT-2025-44,W05,13,4,1,EAGLE-01,PHOENIX-3A,25
PWR-LOT-2025-44,W05,-13,5,1,EAGLE-01,PHOENIX-3A,25
PWR-LOT-2025-44,W05,-12,5,1,EAGLE-01,PHOENIX-3A,25
PWR-LOT-2025-44,W05,-11,5,2,EAGLE-01,PHOENIX-3A,25
PWR-LOT-2025-44,W05,-10,5,1,EAGLE-01,PHOENIX-3A,25
PWR-LOT-2025-44,W05,-9,5,1,EAGLE-01,PHOENIX-3A,25
PWR-LOT-2025-44,W05,-8,5,1,EAGLE-01,PHOENIX-3A,25
PWR-LOT-2025-44,W05,-7,5,1,EAGLE-01,PHOENIX-3A,25
PWR-LOT-2025-44,W05,-6,5,1,EAGLE-01,PHOENIX-3A,25
PWR-LOT-2025-44,W05,-5,5,1,EAGLE-01,PHOENIX-3A,25
PWR-LOT-2025-44,W05,-4,5,1,EAGLE-01,PHOENIX-3A,25
PWR-LOT-2025-44,W05,-3,5,1,EAGLE-01,PHOENIX-3A,25
PWR-LOT-2025-44,W05,-2,5,1,EAGLE-01,PHOENIX-3A,25
PWR-LOT-2025-44,W05,-1,5,1,EAGLE-01,PHOENIX-3A,25
PWR-LOT-2025-44,W05,0,5,1,EAGLE-01,PHOENIX-3A,25
PWR-LOT-2025-44,W05,1,5,2,EAGLE-01,PHOENIX-3A,25
PWR-LOT-2025-44,W05,2,5,1,EAGLE-01,PHOENIX-3A,25
PWR-LOT-2025-44,W05,3,5,1,EAGLE-01,PHOENIX-3A,25
PWR-LOT-2025-44,W05,4,5,1,EAGLE-01,PHOENIX-3A,25
PWR-LOT-2025-44,W05,5,5,2,EAGLE-01,PHOENIX-3A,25
PWR-LOT-2025-44,W05,6,5,2,EAGLE-01,PHOENIX-3A,25
PWR-LOT-2025-44,W05,7,5,1,EAGLE-01,PHOENIX-3A,25
PWR-LOT-2025-44,W05,8,5,1,EAGLE-01,PHOENIX-3A,25
PWR-LOT-2025-44,W05,9,5,2,EAGLE-01,PHOENIX-3A,25
PWR-LOT-2025-44,W05,10,5,1,EAGLE-01,PHOENIX-3A,25
PWR-LOT-2025-44,W05,11,5,1,EAGLE-01,PHOENIX-3A,25
PWR-LOT-2025-44,W05,12,5,1,EAGLE-01,PHOENIX-3A,25
PWR-LOT-2025-44,W05,13,5,1,EAGLE-01,PHOENIX-3A,25
PWR-LOT-2025-44,W05,-12,6,1,EAGLE-01,PHOENIX-3A,25
PWR-LOT-2025-44,W05,-11,6,1,EAGLE-01,PHOENIX-3A,25
PWR-LOT-2025-44,W05,-10,6,1,EAGLE-01,PHOENIX-3A,25
PWR-LOT-2025-44,W05,-9,6,1,EAGLE-01,PHOENIX-3A,25
PWR-LOT-2025-44,W05,-8,6,1,EAGLE-01,PHOENIX-3A,25
PWR-LOT-2025-44,W05,-7,6,1,EAGLE-01,PHOENIX-3A,25
PWR-LOT-2025-44,W05,-6,6,1,EAGLE-01,PHOENIX-3A,25
PWR-LOT-2025-44,W05,-5,6,1,EAGLE-01,PHOENIX-3A,25
PWR-LOT-2025-44,W05,-4,6,1,EAGLE-01,PHOENIX-3A,25
PWR-LOT-2025-44,W05,-3,6,1,EAGLE-01,PHOENIX-3A,25
PWR-LOT-2025-44,W05,-2,6,1,EAGLE-01,PHOENIX-3A,25
PWR-LOT-2025-44,W05,-1,6,1,EAGLE-01,PHOENIX-3A,25
PWR-LOT-2025-44,W05,0,6,1,EAGLE-01,PHOENIX-3A,25
PWR-LOT-2025-44,W05,1,6,1,EAGLE-01,PHOENIX-3A,25
PWR-LOT-2025-44,W05,2,6,2,EAGLE-01,PHOENIX-3A,25
PWR-LOT-2025-44,W05,3,6,1,EAGLE-01,PHOENIX-3A,25
PWR-LOT-2025-44,W05,4,6,1,EAGLE-01,PHOENIX-3A,25
PWR-LOT-2025-44,W05,5,6,1,EAGLE-01,PHOENIX-3A,25
PWR-LOT-2025-44,W05,6,6,1,EAGLE-01,PHOENIX-3A,25
PWR-LOT-2025-44,W05,7,6,2,EAGLE-01,PHOENIX-3A,25
PWR-LOT-2025-44,W05,8,6,1,EAGLE-01,PHOENIX-3A,25
PWR-LOT-2025-44,W05,9,6,1,EAGLE-01,PHOENIX-3A,25
PWR-LOT-2025-44,W05,10,6,2,EAGLE-01,PHOENIX-3A,25
PWR-LOT-2025-44,W05,11,6,1,EAGLE-01,PHOENIX-3A,25
PWR-LOT-2025-44,W05,12,6,1,EAGLE-01,PHOENIX-3A,25
PWR-LOT-2025-44,W05,-12,7,1,EAGLE-01,PHOENIX-3A,25
PWR-LOT-2025-44,W05,-11,7,1,EAGLE-01,PHOENIX-3A,25
PWR-LOT-2025-44,W05,-10,7,1,EAGLE-01,PHOENIX-3A,25
PWR-LOT-2025-44,W05,-9,7,1,EAGLE-01,PHOENIX-3A,25
PWR-LOT-2025-44,W05,-8,7,1,EAGLE-01,PHOENIX-3A,25
PWR-LOT-2025-44,W05,-7,7,1,EAGLE-01,PHOENIX-3A,25
PWR-LOT-2025-44,W05,-6,7,1,EAGLE-01,PHOENIX-3A,25
PWR-LOT-2025-44,W05,-5,7,1,EAGLE-01,PHOENIX-3A,25
PWR-LOT-2025-44,W05,-4,7,1,EAGLE-01,PHOENIX-3A,25
PWR-LOT-2025-44,W05,-3,7,1,EAGLE-01,PHOENIX-3A,25
PWR-LOT-2025-44,W05,-2,7,1,EAGLE-01,PHOENIX-3A,25
PWR-LOT-2025-44,W05,-1,7,1,EAGLE-01,PHOENIX-3A,25
PWR-LOT-2025-44,W05,0,7,1,EAGLE-01,PHOENIX-3A,25
PWR-LOT-2025-44,W05,1,7,3,EAGLE-01,PHOENIX-3A,25
PWR-LOT-2025-44,W05,2,7,2,EAGLE-01,PHOENIX-3A,25
PWR-LOT-2025-44,W05,3,7,1,EAGLE-01,PHOENIX-3A,25
PWR-LOT-2025-44,W05,4,7,1,EAGLE-01,PHOENIX-3A,25
PWR-LOT-2025-44,W05,5,7,1,EAGLE-01,PHOENIX-3A,25
PWR-LOT-2025-44,W05,6,7,1,EAGLE-01,PHOENIX-3A,25
PWR-LOT-2025-44,W05,7,7,1,EAGLE-01,PHOENIX-3A,25
PWR-LOT-2025-44,W05,8,7,1,EAGLE-01,PHOENIX-3A,25
PWR-LOT-2025-44,W05,9,7,3,EAGLE-01,PHOENIX-3A,25
PWR-LOT-2025-44,W05,10,7,1,EAGLE-01,PHOENIX-3A,25
PWR-LOT-2025-44,W05,11,7,1,EAGLE-01,PHOENIX-3A,25
PWR-LOT-2025-44,W05,12,7,1,EAGLE-01,PHOENIX-3A,25
PWR-LOT-2025-44,W05,-11,8,1,EAGLE-01,PHOENIX-3A,25
PWR-LOT-2025-44,W05,-10,8,1,EAGLE-01,PHOENIX-3A,25
PWR-LOT-2025-44,W05,-9,8,1,EAGLE-01,PHOENIX-3A,25
PWR-LOT-2025-44,W05,-8,8,1,EAGLE-01,PHOENIX-3A,25
PWR-LOT-2025-44,W05,-7,8,1,EAGLE-01,PHOENIX-3A,25
PWR-LOT-2025-44,W05,-6,8,1,EAGLE-01,PHOENIX-3A,25
PWR-LOT-2025-44,W05,-5,8,1,EAGLE-01,PHOENIX-3A,25
PWR-LOT-2025-44,W05,-4,8,1,EAGLE-01,PHOENIX-3A,25
PWR-LOT-2025-44,W05,-3,8,1,EAGLE-01,PHOENIX-3A,25
PWR-LOT-2025-44,W05,-2,8,1,EAGLE-01,PHOENIX-3A,25
PWR-LOT-2025-44,W05,-1,8,1,EAGLE-01,PHOENIX-3A,25
PWR-LOT-2025-44,W05,0,8,1,EAGLE-01,PHOENIX-3A,25
PWR-LOT-2025-44,W05,1,8,1,EAGLE-01,PHOENIX-3A,25
PWR-LOT-2025-44,W05,2,8,1,EAGLE-01,PHOENIX-3A,25
PWR-LOT-2025-44,W05,3,8,1,EAGLE-01,PHOENIX-3A,25
PWR-LOT-2025-44,W05,4,8,3,EAGLE-01,PHOENIX-3A,25
PWR-LOT-2025-44,W05,5,8,1,EAGLE-01,PHOENIX-3A,25
PWR-LOT-2025-44,W05,6,8,1,EAGLE-01,PHOENIX-3A,25
PWR-LOT-2025-44,W05,7,8,1,EAGLE-01,PHOENIX-3A,25
PWR-LOT-2025-44,W05,8,8,1,EAGLE-01,PHOENIX-3A,25
PWR-LOT-2025-44,W05,9,8,1,EAGLE-01,PHOENIX-3A,25
PWR-LOT-2025-44,W05,10,8,1,EAGLE-01,PHOENIX-3A,25
PWR-LOT-2025-44,W05,11,8,1,EAGLE-01,PHOENIX-3A,25
PWR-LOT-2025-44,W05,-10,9,1,EAGLE-01,PHOENIX-3A,25
PWR-LOT-2025-44,W05,-9,9,1,EAGLE-01,PHOENIX-3A,25
PWR-LOT-2025-44,W05,-8,9,1,EAGLE-01,PHOENIX-3A,25
PWR-LOT-2025-44,W05,-7,9,1,EAGLE-01,PHOENIX-3A,25
PWR-LOT-2025-44,W05,-6,9,1,EAGLE-01,PHOENIX-3A,25
PWR-LOT-2025-44,W05,-5,9,1,EAGLE-01,PHOENIX-3A,25
PWR-LOT-2025-44,W05,-4,9,1,EAGLE-01,PHOENIX-3A,25
PWR-LOT-2025-44,W05,-3,9,1,EAGLE-01,PHOENIX-3A,25
PWR-LOT-2025-44,W05,-2,9,3,EAGLE-01,PHOENIX-3A,25
PWR-LOT-2025-44,W05,-1,9,1,EAGLE-01,PHOENIX-3A,25
PWR-LOT-2025-44,W05,0,9,1,EAGLE-01,PHOENIX-3A,25
PWR-LOT-2025-44,W05,1,9,1,EAGLE-01,PHOENIX-3A,25
PWR-LOT-2025-44,W05,2,9,2,EAGLE-01,PHOENIX-3A,25
PWR-LOT-2025-44,W05,3,9,2,EAGLE-01,PHOENIX-3A,25
PWR-LOT-2025-44,W05,4,9,1,EAGLE-01,PHOENIX-3A,25
PWR-LOT-2025-44,W05,5,9,1,EAGLE-01,PHOENIX-3A,25
PWR-LOT-2025-44,W05,6,9,1,EAGLE-01,PHOENIX-3A,25
PWR-LOT-2025-44,W05,7,9,1,EAGLE-01,PHOENIX-3A,25
PWR-LOT-2025-44,W05,8,9,1,EAGLE-01,PHOENIX-3A,25
PWR-LOT-2025-44,W05,9,9,1,EAGLE-01,PHOENIX-3A,25
PWR-LOT-2025-44,W05,10,9,1,EAGLE-01,PHOENIX-3A,25
PWR-LOT-2025-44,W05,-10,10,1,EAGLE-01,PHOENIX-3A,25
PWR-LOT-2025-44,W05,-9,10,1,EAGLE-01,PHOENIX-3A,25
PWR-LOT-2025-44,W05,-8,10,1,EAGLE-01,PHOENIX-3A,25
PWR-LOT-2025-44,W05,-7,10,1,EAGLE-01,PHOENIX-3A,25
PWR-LOT-2025-44,W05,-6,10,1,EAGLE-01,PHOENIX-3A,25
PWR-LOT-2025-44,W05,-5,10,1,EAGLE-01,PHOENIX-3A,25
PWR-LOT-2025-44,W05,-4,10,1,EAGLE-01,PHOENIX-3A,25
PWR-LOT-2025-44,W05,-3,10,1,EAGLE-01,PHOENIX-3A,25
PWR-LOT-2025-44,W05,-2,10,1,EAGLE-01,PHOENIX-3A,25
PWR-LOT-2025-44,W05,-1,10,1,EAGLE-01,PHOENIX-3A,25
PWR-LOT-2025-44,W05,0,10,3,EAGLE-01,PHOENIX-3A,25
PWR-LOT-2025-44,W05,1,10,2,EAGLE-01,PHOENIX-3A,25
PWR-LOT-2025-44,W05,2,10,1,EAGLE-01,PHOENIX-3A,25
PWR-LOT-2025-44,W05,3,10,1,EAGLE-01,PHOENIX-3A,25
PWR-LOT-2025-44,W05,4,10,2,EAGLE-01,PHOENIX-3A,25
PWR-LOT-2025-44,W05,5,10,3,EAGLE-01,PHOENIX-3A,25
PWR-LOT-2025-44,W05,6,10,2,EAGLE-01,PHOENIX-3A,25
PWR-LOT-2025-44,W05,7,10,1,EAGLE-01,PHOENIX-3A,25
PWR-LOT-2025-44,W05,8,10,2,EAGLE-01,PHOENIX-3A,25
PWR-LOT-2025-44,W05,9,10,1,EAGLE-01,PHOENIX-3A,25
PWR-LOT-2025-44,W05,10,10,1,EAGLE-01,PHOENIX-3A,25
PWR-LOT-2025-44,W05,-8,11,1,EAGLE-01,PHOENIX-3A,25
PWR-LOT-2025-44,W05,-7,11,1,EAGLE-01,PHOENIX-3A,25
PWR-LOT-2025-44,W05,-6,11,1,EAGLE-01,PHOENIX-3A,25
PWR-LOT-2025-44,W05,-5,11,1,EAGLE-01,PHOENIX-3A,25
PWR-LOT-2025-44,W05,-4,11,1,EAGLE-01,PHOENIX-3A,25
PWR-LOT-2025-44,W05,-3,11,1,EAGLE-01,PHOENIX-3A,25
PWR-LOT-2025-44,W05,-2,11,1,EAGLE-01,PHOENIX-3A,25
PWR-LOT-2025-44,W05,-1,11,1,EAGLE-01,PHOENIX-3A,25
PWR-LOT-2025-44,W05,0,11,1,EAGLE-01,PHOENIX-3A,25
PWR-LOT-2025-44,W05,1,11,2,EAGLE-01,PHOENIX-3A,25
PWR-LOT-2025-44,W05,2,11,1,EAGLE-01,PHOENIX-3A,25
PWR-LOT-2025-44,W05,3,11,1,EAGLE-01,PHOENIX-3A,25
PWR-LOT-2025-44,W05,4,11,2,EAGLE-01,PHOENIX-3A,25
PWR-LOT-2025-44,W05,5,11,1,EAGLE-01,PHOENIX-3A,25
PWR-LOT-2025-44,W05,6,11,3,EAGLE-01,PHOENIX-3A,25
PWR-LOT-2025-44,W05,7,11,1,EAGLE-01,PHOENIX-3A,25
PWR-LOT-2025-44,W05,8,11,1,EAGLE-01,PHOENIX-3A,25
PWR-LOT-2025-44,W05,-7,12,1,EAGLE-01,PHOENIX-3A,25
PWR-LOT-2025-44,W05,-6,12,1,EAGLE-01,PHOENIX-3A,25
PWR-LOT-2025-44,W05,-5,12,1,EAGLE-01,PHOENIX-3A,25
PWR-LOT-2025-44,W05,-4,12,1,EAGLE-01,PHOENIX-3A,25
PWR-LOT-2025-44,W05,-3,12,1,EAGLE-01,PHOENIX-3A,25
PWR-LOT-2025-44,W05,-2,12,1,EAGLE-01,PHOENIX-3A,25
PWR-LOT-2025-44,W05,-1,12,1,EAGLE-01,PHOENIX-3A,25
PWR-LOT-2025-44,W05,0,12,1,EAGLE-01,PHOENIX-3A,25
PWR-LOT-2025-44,W05,1,12,2,EAGLE-01,PHOENIX-3A,25
PWR-LOT-2025-44,W05,2,12,3,EAGLE-01,PHOENIX-3A,25
PWR-LOT-2025-44,W05,3,12,2,EAGLE-01,PHOENIX-3A,25
PWR-LOT-2025-44,W05,4,12,1,EAGLE-01,PHOENIX-3A,25
PWR-LOT-2025-44,W05,5,12,1,EAGLE-01,PHOENIX-3A,25
PWR-LOT-2025-44,W05,6,12,1,EAGLE-01,PHOENIX-3A,25
PWR-LOT-2025-44,W05,7,12,1,EAGLE-01,PHOENIX-3A,25
PWR-LOT-2025-44,W05,-5,13,1,EAGLE-01,PHOENIX-3A,25
PWR-LOT-2025-44,W05,-4,13,1,EAGLE-01,PHOENIX-3A,25
PWR-LOT-2025-44,W05,-3,13,1,EAGLE-01,PHOENIX-3A,25
PWR-LOT-2025-44,W05,-2,13,1,EAGLE-01,PHOENIX-3A,25
PWR-LOT-2025-44,W05,-1,13,1,EAGLE-01,PHOENIX-3A,25
PWR-LOT-2025-44,W05,0,13,1,EAGLE-01,PHOENIX-3A,25
PWR-LOT-2025-44,W05,1,13,2,EAGLE-01,PHOENIX-3A,25
PWR-LOT-2025-44,W05,2,13,1,EAGLE-01,PHOENIX-3A,25
PWR-LOT-2025-44,W05,3,13,1,EAGLE-01,PHOENIX-3A,25
PWR-LOT-2025-44,W05,4,13,1,EAGLE-01,PHOENIX-3A,25
PWR-LOT-2025-44,W05,5,13,1,EAGLE-01,PHOENIX-3A,25
PWR-LOT-2025-44,W05,-2,14,1,EAGLE-01,PHOENIX-3A,25
PWR-LOT-2025-44,W05,-1,14,1,EAGLE-01,PHOENIX-3A,25
PWR-LOT-2025-44,W05,0,14,1,EAGLE-01,PHOENIX-3A,25
PWR-LOT-2025-44,W05,1,14,2,EAGLE-01,PHOENIX-3A,25
PWR-LOT-2025-44,W05,2,14,2,EAGLE-01,PHOENIX-3A,25
