LOT,WAFER,X,Y,HBIN,SBIN
SOC-A7-2025-118,S01,-3,-24,10,1001
SOC-A7-2025-118,S01,-2,-24,2,200
SOC-A7-2025-118,S01,-1,-24,2,201
SOC-A7-2025-118,S01,0,-24,1,100
SOC-A7-2025-118,S01,1,-24,1,100
SOC-A7-2025-118,S01,2,-24,10,1001
SOC-A7-2025-118,S01,3,-24,1,100
SOC-A7-2025-118,S01,-7,-23,1,100
SOC-A7-2025-118,S01,-6,-23,2,200
SOC-A7-2025-118,S01,-5,-23,3,303
SOC-A7-2025-118,S01,-4,-23,2,200
SOC-A7-2025-118,S01,-3,-23,3,303
SOC-A7-2025-118,S01,-2,-23,2,200
SOC-A7-2025-118,S01,-1,-23,3,302
SOC-A7-2025-118,S01,0,-23,2,201
SOC-A7-2025-118,S01,1,-23,3,301
SOC-A7-2025-118,S01,2,-23,3,302
SOC-A7-2025-118,S01,3,-23,1,100
SOC-A7-2025-118,S01,4,-23,6,601
SOC-A7-2025-118,S01,5,-23,1,100
SOC-A7-2025-118,S01,6,-23,3,303
SOC-A7-2025-118,S01,7,-23,10,1001
SOC-A7-2025-118,S01,-10,-22,3,303
SOC-A7-2025-118,S01,-9,-22,1,100
SOC-A7-2025-118,S01,-8,-22,10,1001
SOC-A7-2025-118,S01,-7,-22,3,303
SOC-A7-2025-118,S01,-6,-22,2,201
SOC-A7-2025-118,S01,-5,-22,3,302
SOC-A7-2025-118,S01,-4,-22,1,100
SOC-A7-2025-118,S01,-3,-22,6,601
SOC-A7-2025-118,S01,-2,-22,10,1002
SOC-A7-2025-118,S01,-1,-22,1,100
SOC-A7-2025-118,S01,0,-22,1,100
SOC-A7-2025-118,S01,1,-22,1,100
SOC-A7-2025-118,S01,2,-22,2,200
SOC-A7-2025-118,S01,3,-22,1,100
SOC-A7-2025-118,S01,4,-22,2,200
SOC-A7-2025-118,S01,5,-22,2,200
SOC-A7-2025-118,S01,6,-22,3,302
SOC-A7-2025-118,S01,7,-22,1,100
SOC-A7-2025-118,S01,8,-22,1,100
SOC-A7-2025-118,S01,9,-22,3,302
SOC-A7-2025-118,S01,10,-22,2,201
SOC-A7-2025-118,S01,-12,-21,2,201
SOC-A7-2025-118,S01,-11,-21,3,303
SOC-A7-2025-118,S01,-10,-21,3,303
SOC-A7-2025-118,S01,-9,-21,3,303
SOC-A7-2025-118,S01,-8,-21,1,100
SOC-A7-2025-118,S01,-7,-21,2,201
SOC-A7-2025-118,S01,-6,-21,2,200
SOC-A7-2025-118,S01,-5,-21,1,100
SOC-A7-2025-118,S01,-4,-21,10,1002
SOC-A7-2025-118,S01,-3,-21,1,100
SOC-A7-2025-118,S01,-2,-21,12,1202
SOC-A7-2025-118,S01,-1,-21,1,100
SOC-A7-2025-118,S01,0,-21,1,100
SOC-A7-2025-118,S01,1,-21,2,201
SOC-A7-2025-118,S01,2,-21,1,100
SOC-A7-2025-118,S01,3,-21,10,1002
SOC-A7-2025-118,S01,4,-21,1,100
SOC-A7-2025-118,S01,5,-21,1,100
SOC-A7-2025-118,S01,6,-21,2,200
SOC-A7-2025-118,S01,7,-21,1,100
SOC-A7-2025-118,S01,8,-21,1,100
SOC-A7-2025-118,S01,9,-21,1,100
SOC-A7-2025-118,S01,10,-21,3,302
SOC-A7-2025-118,S01,11,-21,6,602
SOC-A7-2025-118,S01,12,-21,3,301
SOC-A7-2025-118,S01,-13,-20,3,303
SOC-A7-2025-118,S01,-12,-20,1,100
SOC-A7-2025-118,S01,-11,-20,10,1002
SOC-A7-2025-118,S01,-10,-20,1,100
SOC-A7-2025-118,S01,-9,-20,2,200
SOC-A7-2025-118,S01,-8,-20,2,201
SOC-A7-2025-118,S01,-7,-20,2,200
SOC-A7-2025-118,S01,-6,-20,10,1001
SOC-A7-2025-118,S01,-5,-20,2,200
SOC-A7-2025-118,S01,-4,-20,1,100
SOC-A7-2025-118,S01,-3,-20,1,100
SOC-A7-2025-118,S01,-2,-20,1,100
SOC-A7-2025-118,S01,-1,-20,2,200
SOC-A7-2025-118,S01,0,-20,1,100
SOC-A7-2025-118,S01,1,-20,2,200
SOC-A7-2025-118,S01,2,-20,1,100
SOC-A7-2025-118,S01,3,-20,1,100
SOC-A7-2025-118,S01,4,-20,1,100
SOC-A7-2025-118,S01,5,-20,2,200
SOC-A7-2025-118,S01,6,-20,1,100
SOC-A7-2025-118,S01,7,-20,1,100
SOC-A7-2025-118,S01,8,-20,1,100
SOC-A7-2025-118,S01,9,-20,1,100
SOC-A7-2025-118,S01,10,-20,2,200
SOC-A7-2025-118,S01,11,-20,12,1202
SOC-A7-2025-118,S01,12,-20,1,100
SOC-A7-2025-118,S01,13,-20,1,100
SOC-A7-2025-118,S01,-15,-19,3,302
SOC-A7-2025-118,S01,-14,-19,10,1001
SOC-A7-2025-118,S01,-13,-19,10,1001
SOC-A7-2025-118,S01,-12,-19,2,201
SOC-A7-2025-118,S01,-11,-19,1,100
SOC-A7-2025-118,S01,-10,-19,2,200
SOC-A7-2025-118,S01,-9,-19,2,200
SOC-A7-2025-118,S01,-8,-19,2,201
SOC-A7-2025-118,S01,-7,-19,2,200
SOC-A7-2025-118,S01,-6,-19,1,100
SOC-A7-2025-118,S01,-5,-19,1,100
SOC-A7-2025-118,S01,-4,-19,2,201
SOC-A7-2025-118,S01,-3,-19,10,1001
SOC-A7-2025-118,S01,-2,-19,1,100
SOC-A7-2025-118,S01,-1,-19,2,200
SOC-A7-2025-118,S01,0,-19,1,100
SOC-A7-2025-118,S01,1,-19,10,1001
SOC-A7-2025-118,S01,2,-19,2,201
SOC-A7-2025-118,S01,3,-19,1,100
SOC-A7-2025-118,S01,4,-19,2,201
SOC-A7-2025-118,S01,5,-19,1,100
SOC-A7-2025-118,S01,6,-19,2,200
SOC-A7-2025-118,S01,7,-19,1,100
SOC-A7-2025-118,S01,8,-19,1,100
SOC-A7-2025-118,S01,9,-19,1,100
SOC-A7-2025-118,S01,10,-19,1,100
SOC-A7-2025-118,S01,11,-19,2,200
SOC-A7-2025-118,S01,12,-19,12,1202
SOC-A7-2025-118,S01,13,-19,3,303
SOC-A7-2025-118,S01,14,-19,1,100
SOC-A7-2025-118,S01,15,-19,3,302
SOC-A7-2025-118,S01,-16,-18,1,100
SOC-A7-2025-118,S01,-15,-18,10,1002
SOC-A7-2025-118,S01,-14,-18,12,1202
SOC-A7-2025-118,S01,-13,-18,1,100
SOC-A7-2025-118,S01,-12,-18,1,100
SOC-A7-2025-118,S01,-11,-18,1,100
SOC-A7-2025-118,S01,-10,-18,10,1001
SOC-A7-2025-118,S01,-9,-18,10,1002
SOC-A7-2025-118,S01,-8,-18,1,100
SOC-A7-2025-118,S01,-7,-18,6,601
SOC-A7-2025-118,S01,-6,-18,1,100
SOC-A7-2025-118,S01,-5,-18,1,100
SOC-A7-2025-118,S01,-4,-18,2,200
SOC-A7-2025-118,S01,-3,-18,1,100
SOC-A7-2025-118,S01,-2,-18,1,100
SOC-A7-2025-118,S01,-1,-18,2,200
SOC-A7-2025-118,S01,0,-18,6,601
SOC-A7-2025-118,S01,1,-18,6,601
SOC-A7-2025-118,S01,2,-18,1,100
SOC-A7-2025-118,S01,3,-18,2,201
SOC-A7-2025-118,S01,4,-18,1,100
SOC-A7-2025-118,S01,5,-18,1,100
SOC-A7-2025-118,S01,6,-18,1,100
SOC-A7-2025-118,S01,7,-18,1,100
SOC-A7-2025-118,S01,8,-18,1,100
SOC-A7-2025-118,S01,9,-18,2,200
SOC-A7-2025-118,S01,10,-18,1,100
SOC-A7-2025-118,S01,11,-18,1,100
SOC-A7-2025-118,S01,12,-18,1,100
SOC-A7-2025-118,S01,13,-18,1,100
SOC-A7-2025-118,S01,14,-18,1,100
SOC-A7-2025-118,S01,15,-18,1,100
SOC-A7-2025-118,S01,16,-18,3,302
SOC-A7-2025-118,S01,-17,-17,2,200
SOC-A7-2025-118,S01,-16,-17,1,100
SOC-A7-2025-118,S01,-15,-17,2,200
SOC-A7-2025-118,S01,-14,-17,10,1001
SOC-A7-2025-118,S01,-13,-17,1,100
SOC-A7-2025-118,S01,-12,-17,10,1002
SOC-A7-2025-118,S01,-11,-17,1,100
SOC-A7-2025-118,S01,-10,-17,2,200
SOC-A7-2025-118,S01,-9,-17,1,100
SOC-A7-2025-118,S01,-8,-17,10,1002
SOC-A7-2025-118,S01,-7,-17,1,100
SOC-A7-2025-118,S01,-6,-17,10,1001
SOC-A7-2025-118,S01,-5,-17,1,100
SOC-A7-2025-118,S01,-4,-17,8,801
SOC-A7-2025-118,S01,-3,-17,10,1001
SOC-A7-2025-118,S01,-2,-17,2,201
SOC-A7-2025-118,S01,-1,-17,2,201
SOC-A7-2025-118,S01,0,-17,1,100
SOC-A7-2025-118,S01,1,-17,1,100
SOC-A7-2025-118,S01,2,-17,1,100
SOC-A7-2025-118,S01,3,-17,1,100
SOC-A7-2025-118,S01,4,-17,1,100
SOC-A7-2025-118,S01,5,-17,6,602
SOC-A7-2025-118,S01,6,-17,1,100
SOC-A7-2025-118,S01,7,-17,6,602
SOC-A7-2025-118,S01,8,-17,2,201
SOC-A7-2025-118,S01,9,-17,1,100
SOC-A7-2025-118,S01,10,-17,1,100
SOC-A7-2025-118,S01,11,-17,1,100
SOC-A7-2025-118,S01,12,-17,2,201
SOC-A7-2025-118,S01,13,-17,1,100
SOC-A7-2025-118,S01,14,-17,2,201
SOC-A7-2025-118,S01,15,-17,1,100
SOC-A7-2025-118,S01,16,-17,1,100
SOC-A7-2025-118,S01,17,-17,1,100
SOC-A7-2025-118,S01,-18,-16,2,200
SOC-A7-2025-118,S01,-17,-16,3,302
SOC-A7-2025-118,S01,-16,-16,3,302
SOC-A7-2025-118,S01,-15,-16,1,100
SOC-A7-2025-118,S01,-14,-16,12,1202
SOC-A7-2025-118,S01,-13,-16,10,1001
SOC-A7-2025-118,S01,-12,-16,2,200
SOC-A7-2025-118,S01,-11,-16,1,100
SOC-A7-2025-118,S01,-10,-16,2,201
SOC-A7-2025-118,S01,-9,-16,1,100
SOC-A7-2025-118,S01,-8,-16,10,1002
SOC-A7-2025-118,S01,-7,-16,10,1001
SOC-A7-2025-118,S01,-6,-16,1,100
SOC-A7-2025-118,S01,-5,-16,1,100
SOC-A7-2025-118,S01,-4,-16,1,100
SOC-A7-2025-118,S01,-3,-16,1,100
SOC-A7-2025-118,S01,-2,-16,1,100
SOC-A7-2025-118,S01,-1,-16,1,100
SOC-A7-2025-118,S01,0,-16,2,201
SOC-A7-2025-118,S01,1,-16,1,100
SOC-A7-2025-118,S01,2,-16,1,100
SOC-A7-2025-118,S01,3,-16,2,201
SOC-A7-2025-118,S01,4,-16,1,100
SOC-A7-2025-118,S01,5,-16,2,200
SOC-A7-2025-118,S01,6,-16,1,100
SOC-A7-2025-118,S01,7,-16,1,100
SOC-A7-2025-118,S01,8,-16,1,100
SOC-A7-2025-118,S01,9,-16,1,100
SOC-A7-2025-118,S01,10,-16,1,100
SOC-A7-2025-118,S01,11,-16,1,100
SOC-A7-2025-118,S01,12,-16,1,100
SOC-A7-2025-118,S01,13,-16,1,100
SOC-A7-2025-118,S01,14,-16,2,200
SOC-A7-2025-118,S01,15,-16,1,100
SOC-A7-2025-118,S01,16,-16,1,100
SOC-A7-2025-118,S01,17,-16,3,301
SOC-A7-2025-118,S01,18,-16,1,100
SOC-A7-2025-118,S01,-19,-15,3,303
SOC-A7-2025-118,S01,-18,-15,1,100
SOC-A7-2025-118,S01,-17,-15,10,1002
SOC-A7-2025-118,S01,-16,-15,1,100
SOC-A7-2025-118,S01,-15,-15,10,1001
SOC-A7-2025-118,S01,-14,-15,10,1002
SOC-A7-2025-118,S01,-13,-15,1,100
SOC-A7-2025-118,S01,-12,-15,2,200
SOC-A7-2025-118,S01,-11,-15,2,201
SOC-A7-2025-118,S01,-10,-15,10,1002
SOC-A7-2025-118,S01,-9,-15,10,1001
SOC-A7-2025-118,S01,-8,-15,1,100
SOC-A7-2025-118,S01,-7,-15,1,100
SOC-A7-2025-118,S01,-6,-15,10,1002
SOC-A7-2025-118,S01,-5,-15,2,201
SOC-A7-2025-118,S01,-4,-15,1,100
SOC-A7-2025-118,S01,-3,-15,2,201
SOC-A7-2025-118,S01,-2,-15,10,1001
SOC-A7-2025-118,S01,-1,-15,1,100
SOC-A7-2025-118,S01,0,-15,1,100
SOC-A7-2025-118,S01,1,-15,2,201
SOC-A7-2025-118,S01,2,-15,1,100
SOC-A7-2025-118,S01,3,-15,1,100
SOC-A7-2025-118,S01,4,-15,1,100
SOC-A7-2025-118,S01,5,-15,1,100
SOC-A7-2025-118,S01,6,-15,1,100
SOC-A7-2025-118,S01,7,-15,1,100
SOC-A7-2025-118,S01,8,-15,1,100
SOC-A7-2025-118,S01,9,-15,6,603
SOC-A7-2025-118,S01,10,-15,1,100
SOC-A7-2025-118,S01,11,-15,1,100
SOC-A7-2025-118,S01,12,-15,1,100
SOC-A7-2025-118,S01,13,-15,1,100
SOC-A7-2025-118,S01,14,-15,1,100
SOC-A7-2025-118,S01,15,-15,12,1202
SOC-A7-2025-118,S01,16,-15,1,100
SOC-A7-2025-118,S01,17,-15,3,303
SOC-A7-2025-118,S01,18,-15,12,1201
SOC-A7-2025-118,S01,19,-15,1,100
SOC-A7-2025-118,S01,-19,-14,3,301
SOC-A7-2025-118,S01,-18,-14,12,1202
SOC-A7-2025-118,S01,-17,-14,2,201
SOC-A7-2025-118,S01,-16,-14,1,100
SOC-A7-2025-118,S01,-15,-14,1,100
SOC-A7-2025-118,S01,-14,-14,2,201
SOC-A7-2025-118,S01,-13,-14,1,100
SOC-A7-2025-118,S01,-12,-14,2,201
SOC-A7-2025-118,S01,-11,-14,2,201
SOC-A7-2025-118,S01,-10,-14,2,200
SOC-A7-2025-118,S01,-9,-14,1,100
SOC-A7-2025-118,S01,-8,-14,1,100
SOC-A7-2025-118,S01,-7,-14,1,100
SOC-A7-2025-118,S01,-6,-14,2,201
SOC-A7-2025-118,S01,-5,-14,1,100
SOC-A7-2025-118,S01,-4,-14,2,201
SOC-A7-2025-118,S01,-3,-14,1,100
SOC-A7-2025-118,S01,-2,-14,1,100
SOC-A7-2025-118,S01,-1,-14,2,201
SOC-A7-2025-118,S01,0,-14,2,200
SOC-A7-2025-118,S01,1,-14,1,100
SOC-A7-2025-118,S01,2,-14,1,100
SOC-A7-2025-118,S01,3,-14,1,100
SOC-A7-2025-118,S01,4,-14,1,100
SOC-A7-2025-118,S01,5,-14,6,602
SOC-A7-2025-118,S01,6,-14,1,100
SOC-A7-2025-118,S01,7,-14,1,100
SOC-A7-2025-118,S01,8,-14,1,100
SOC-A7-2025-118,S01,9,-14,1,100
SOC-A7-2025-118,S01,10,-14,1,100
SOC-A7-2025-118,S01,11,-14,2,200
SOC-A7-2025-118,S01,12,-14,1,100
SOC-A7-2025-118,S01,13,-14,1,100
SOC-A7-2025-118,S01,14,-14,1,100
SOC-A7-2025-118,S01,15,-14,1,100
SOC-A7-2025-118,S01,16,-14,1,100
SOC-A7-2025-118,S01,17,-14,1,100
SOC-A7-2025-118,S01,18,-14,1,100
SOC-A7-2025-118,S01,19,-14,1,100
SOC-A7-2025-118,S01,-20,-13,2,200
SOC-A7-2025-118,S01,-19,-13,1,100
SOC-A7-2025-118,S01,-18,-13,6,603
SOC-A7-2025-118,S01,-17,-13,1,100
SOC-A7-2025-118,S01,-16,-13,1,100
SOC-A7-2025-118,S01,-15,-13,1,100
SOC-A7-2025-118,S01,-14,-13,10,1002
SOC-A7-2025-118,S01,-13,-13,2,200
SOC-A7-2025-118,S01,-12,-13,2,200
SOC-A7-2025-118,S01,-11,-13,1,100
SOC-A7-2025-118,S01,-10,-13,1,100
SOC-A7-2025-118,S01,-9,-13,2,201
SOC-A7-2025-118,S01,-8,-13,10,1002
SOC-A7-2025-118,S01,-7,-13,1,100
SOC-A7-2025-118,S01,-6,-13,1,100
SOC-A7-2025-118,S01,-5,-13,2,201
SOC-A7-2025-118,S01,-4,-13,1,100
SOC-A7-2025-118,S01,-3,-13,1,100
SOC-A7-2025-118,S01,-2,-13,2,200
SOC-A7-2025-118,S01,-1,-13,1,100
SOC-A7-2025-118,S01,0,-13,1,100
SOC-A7-2025-118,S01,1,-13,2,201
SOC-A7-2025-118,S01,2,-13,1,100
SOC-A7-2025-118,S01,3,-13,1,100
SOC-A7-2025-118,S01,4,-13,1,100
SOC-A7-2025-118,S01,5,-13,2,201
SOC-A7-2025-118,S01,6,-13,1,100
SOC-A7-2025-118,S01,7,-13,1,100
SOC-A7-2025-118,S01,8,-13,2,201
SOC-A7-2025-118,S01,9,-13,1,100
SOC-A7-2025-118,S01,10,-13,1,100
SOC-A7-2025-118,S01,11,-13,1,100
SOC-A7-2025-118,S01,12,-13,1,100
SOC-A7-2025-118,S01,13,-13,1,100
SOC-A7-2025-118,S01,14,-13,1,100
SOC-A7-2025-118,S01,15,-13,1,100
SOC-A7-2025-118,S01,16,-13,6,603
SOC-A7-2025-118,S01,17,-13,1,100
SOC-A7-2025-118,S01,18,-13,1,100
SOC-A7-2025-118,S01,19,-13,1,100
SOC-A7-2025-118,S01,20,-13,1,100
SOC-A7-2025-118,S01,-21,-12,1,100
SOC-A7-2025-118,S01,-20,-12,3,301
SOC-A7-2025-118,S01,-19,-12,10,1001
SOC-A7-2025-118,S01,-18,-12,10,1002
SOC-A7-2025-118,S01,-17,-12,2,201
SOC-A7-2025-118,S01,-16,-12,1,100
SOC-A7-2025-118,S01,-15,-12,2,200
SOC-A7-2025-118,S01,-14,-12,1,100
SOC-A7-2025-118,S01,-13,-12,7,701
SOC-A7-2025-118,S01,-12,-12,10,1001
SOC-A7-2025-118,S01,-11,-12,2,201
SOC-A7-2025-118,S01,-10,-12,2,200
SOC-A7-2025-118,S01,-9,-12,2,200
SOC-A7-2025-118,S01,-8,-12,2,201
SOC-A7-2025-118,S01,-7,-12,6,603
SOC-A7-2025-118,S01,-6,-12,2,201
SOC-A7-2025-118,S01,-5,-12,1,100
SOC-A7-2025-118,S01,-4,-12,2,200
SOC-A7-2025-118,S01,-3,-12,1,100
SOC-A7-2025-118,S01,-2,-12,1,100
SOC-A7-2025-118,S01,-1,-12,1,100
SOC-A7-2025-118,S01,0,-12,1,100
SOC-A7-2025-118,S01,1,-12,1,100
SOC-A7-2025-118,S01,2,-12,1,100
SOC-A7-2025-118,S01,3,-12,1,100
SOC-A7-2025-118,S01,4,-12,1,100
SOC-A7-2025-118,S01,5,-12,1,100
SOC-A7-2025-118,S01,6,-12,2,200
SOC-A7-2025-118,S01,7,-12,1,100
SOC-A7-2025-118,S01,8,-12,1,100
SOC-A7-2025-118,S01,9,-12,2,201
SOC-A7-2025-118,S01,10,-12,1,100
SOC-A7-2025-118,S01,11,-12,1,100
SOC-A7-2025-118,S01,12,-12,1,100
SOC-A7-2025-118,S01,13,-12,1,100
SOC-A7-2025-118,S01,14,-12,1,100
SOC-A7-2025-118,S01,15,-12,1,100
SOC-A7-2025-118,S01,16,-12,1,100
SOC-A7-2025-118,S01,17,-12,12,1201
SOC-A7-2025-118,S01,18,-12,1,100
SOC-A7-2025-118,S01,19,-12,2,200
SOC-A7-2025-118,S01,20,-12,1,100
SOC-A7-2025-118,S01,21,-12,3,303
SOC-A7-2025-118,S01,-21,-11,3,301
SOC-A7-2025-118,S01,-20,-11,10,1001
SOC-A7-2025-118,S01,-19,-11,1,100
SOC-A7-2025-118,S01,-18,-11,2,201
SOC-A7-2025-118,S01,-17,-11,1,100
SOC-A7-2025-118,S01,-16,-11,2,201
SOC-A7-2025-118,S01,-15,-11,1,100
SOC-A7-2025-118,S01,-14,-11,10,1002
SOC-A7-2025-118,S01,-13,-11,1,100
SOC-A7-2025-118,S01,-12,-11,7,701
SOC-A7-2025-118,S01,-11,-11,7,703
SOC-A7-2025-118,S01,-10,-11,2,201
SOC-A7-2025-118,S01,-9,-11,10,1002
SOC-A7-2025-118,S01,-8,-11,2,201
SOC-A7-2025-118,S01,-7,-11,1,100
SOC-A7-2025-118,S01,-6,-11,1,100
SOC-A7-2025-118,S01,-5,-11,2,201
SOC-A7-2025-118,S01,-4,-11,2,200
SOC-A7-2025-118,S01,-3,-11,1,100
SOC-A7-2025-118,S01,-2,-11,1,100
SOC-A7-2025-118,S01,-1,-11,1,100
SOC-A7-2025-118,S01,0,-11,1,100
SOC-A7-2025-118,S01,1,-11,1,100
SOC-A7-2025-118,S01,2,-11,1,100
SOC-A7-2025-118,S01,3,-11,1,100
SOC-A7-2025-118,S01,4,-11,1,100
SOC-A7-2025-118,S01,5,-11,1,100
SOC-A7-2025-118,S01,6,-11,1,100
SOC-A7-2025-118,S01,7,-11,1,100
SOC-A7-2025-118,S01,8,-11,1,100
SOC-A7-2025-118,S01,9,-11,2,200
SOC-A7-2025-118,S01,10,-11,1,100
SOC-A7-2025-118,S01,11,-11,2,201
SOC-A7-2025-118,S01,12,-11,1,100
SOC-A7-2025-118,S01,13,-11,1,100
SOC-A7-2025-118,S01,14,-11,6,602
SOC-A7-2025-118,S01,15,-11,6,602
SOC-A7-2025-118,S01,16,-11,1,100
SOC-A7-2025-118,S01,17,-11,1,100
SOC-A7-2025-118,S01,18,-11,1,100
SOC-A7-2025-118,S01,19,-11,1,100
SOC-A7-2025-118,S01,20,-11,1,100
SOC-A7-2025-118,S01,21,-11,3,302
SOC-A7-2025-118,S01,-22,-10,2,201
SOC-A7-2025-118,S01,-21,-10,3,302
SOC-A7-2025-118,S01,-20,-10,10,1001
SOC-A7-2025-118,S01,-19,-10,2,201
SOC-A7-2025-118,S01,-18,-10,11,1101
SOC-A7-2025-118,S01,-17,-10,10,1001
SOC-A7-2025-118,S01,-16,-10,1,100
SOC-A7-2025-118,S01,-15,-10,2,201
SOC-A7-2025-118,S01,-14,-10,2,201
SOC-A7-2025-118,S01,-13,-10,10,1001
SOC-A7-2025-118,S01,-12,-10,2,200
SOC-A7-2025-118,S01,-11,-10,1,100
SOC-A7-2025-118,S01,-10,-10,1,100
SOC-A7-2025-118,S01,-9,-10,7,702
SOC-A7-2025-118,S01,-8,-10,1,100
SOC-A7-2025-118,S01,-7,-10,2,200
SOC-A7-2025-118,S01,-6,-10,1,100
SOC-A7-2025-118,S01,-5,-10,1,100
SOC-A7-2025-118,S01,-4,-10,1,100
SOC-A7-2025-118,S01,-3,-10,1,100
SOC-A7-2025-118,S01,-2,-10,1,100
SOC-A7-2025-118,S01,-1,-10,1,100
SOC-A7-2025-118,S01,0,-10,2,201
SOC-A7-2025-118,S01,1,-10,2,200
SOC-A7-2025-118,S01,2,-10,2,201
SOC-A7-2025-118,S01,3,-10,1,100
SOC-A7-2025-118,S01,4,-10,1,100
SOC-A7-2025-118,S01,5,-10,1,100
SOC-A7-2025-118,S01,6,-10,1,100
SOC-A7-2025-118,S01,7,-10,1,100
SOC-A7-2025-118,S01,8,-10,1,100
SOC-A7-2025-118,S01,9,-10,1,100
SOC-A7-2025-118,S01,10,-10,1,100
SOC-A7-2025-118,S01,11,-10,1,100
SOC-A7-2025-118,S01,12,-10,1,100
SOC-A7-2025-118,S01,13,-10,2,200
SOC-A7-2025-118,S01,14,-10,1,100
SOC-A7-2025-118,S01,15,-10,2,201
SOC-A7-2025-118,S01,16,-10,1,100
SOC-A7-2025-118,S01,17,-10,1,100
SOC-A7-2025-118,S01,18,-10,1,100
SOC-A7-2025-118,S01,19,-10,1,100
SOC-A7-2025-118,S01,20,-10,2,200
SOC-A7-2025-118,S01,21,-10,1,100
SOC-A7-2025-118,S01,22,-10,12,1202
SOC-A7-2025-118,S01,-22,-9,3,301
SOC-A7-2025-118,S01,-21,-9,2,201
SOC-A7-2025-118,S01,-20,-9,10,1002
SOC-A7-2025-118,S01,-19,-9,2,201
SOC-A7-2025-118,S01,-18,-9,1,100
SOC-A7-2025-118,S01,-17,-9,1,100
SOC-A7-2025-118,S01,-16,-9,1,100
SOC-A7-2025-118,S01,-15,-9,2,201
SOC-A7-2025-118,S01,-14,-9,10,1002
SOC-A7-2025-118,S01,-13,-9,2,200
SOC-A7-2025-118,S01,-12,-9,2,201
SOC-A7-2025-118,S01,-11,-9,1,100
SOC-A7-2025-118,S01,-10,-9,1,100
SOC-A7-2025-118,S01,-9,-9,7,701
SOC-A7-2025-118,S01,-8,-9,7,702
SOC-A7-2025-118,S01,-7,-9,2,201
SOC-A7-2025-118,S01,-6,-9,1,100
SOC-A7-2025-118,S01,-5,-9,1,100
SOC-A7-2025-118,S01,-4,-9,1,100
SOC-A7-2025-118,S01,-3,-9,1,100
SOC-A7-2025-118,S01,-2,-9,1,100
SOC-A7-2025-118,S01,-1,-9,1,100
SOC-A7-2025-118,S01,0,-9,2,201
SOC-A7-2025-118,S01,1,-9,2,200
SOC-A7-2025-118,S01,2,-9,1,100
SOC-A7-2025-118,S01,3,-9,1,100
SOC-A7-2025-118,S01,4,-9,1,100
SOC-A7-2025-118,S01,5,-9,2,200
SOC-A7-2025-118,S01,6,-9,1,100
SOC-A7-2025-118,S01,7,-9,1,100
SOC-A7-2025-118,S01,8,-9,2,200
SOC-A7-2025-118,S01,9,-9,1,100
SOC-A7-2025-118,S01,10,-9,1,100
SOC-A7-2025-118,S01,11,-9,1,100
SOC-A7-2025-118,S01,12,-9,1,100
SOC-A7-2025-118,S01,13,-9,2,201
SOC-A7-2025-118,S01,14,-9,1,100
SOC-A7-2025-118,S01,15,-9,1,100
SOC-A7-2025-118,S01,16,-9,2,201
SOC-A7-2025-118,S01,17,-9,1,100
SOC-A7-2025-118,S01,18,-9,1,100
SOC-A7-2025-118,S01,19,-9,1,100
SOC-A7-2025-118,S01,20,-9,1,100
SOC-A7-2025-118,S01,21,-9,3,301
SOC-A7-2025-118,S01,22,-9,3,301
SOC-A7-2025-118,S01,-22,-8,1,100
SOC-A7-2025-118,S01,-21,-8,1,100
SOC-A7-2025-118,S01,-20,-8,12,1201
SOC-A7-2025-118,S01,-19,-8,2,201
SOC-A7-2025-118,S01,-18,-8,10,1001
SOC-A7-2025-118,S01,-17,-8,1,100
SOC-A7-2025-118,S01,-16,-8,1,100
SOC-A7-2025-118,S01,-15,-8,6,602
SOC-A7-2025-118,S01,-14,-8,1,100
SOC-A7-2025-118,S01,-13,-8,2,200
SOC-A7-2025-118,S01,-12,-8,1,100
SOC-A7-2025-118,S01,-11,-8,6,602
SOC-A7-2025-118,S01,-10,-8,1,100
SOC-A7-2025-118,S01,-9,-8,1,100
SOC-A7-2025-118,S01,-8,-8,2,201
SOC-A7-2025-118,S01,-7,-8,7,703
SOC-A7-2025-118,S01,-6,-8,7,702
SOC-A7-2025-118,S01,-5,-8,2,201
SOC-A7-2025-118,S01,-4,-8,2,200
SOC-A7-2025-118,S01,-3,-8,1,100
SOC-A7-2025-118,S01,-2,-8,1,100
SOC-A7-2025-118,S01,-1,-8,2,200
SOC-A7-2025-118,S01,0,-8,1,100
SOC-A7-2025-118,S01,1,-8,2,200
SOC-A7-2025-118,S01,2,-8,2,200
SOC-A7-2025-118,S01,3,-8,2,201
SOC-A7-2025-118,S01,4,-8,1,100
SOC-A7-2025-118,S01,5,-8,1,100
SOC-A7-2025-118,S01,6,-8,1,100
SOC-A7-2025-118,S01,7,-8,1,100
SOC-A7-2025-118,S01,8,-8,1,100
SOC-A7-2025-118,S01,9,-8,1,100
SOC-A7-2025-118,S01,10,-8,1,100
SOC-A7-2025-118,S01,11,-8,1,100
SOC-A7-2025-118,S01,12,-8,1,100
SOC-A7-2025-118,S01,13,-8,2,201
SOC-A7-2025-118,S01,14,-8,1,100
SOC-A7-2025-118,S01,15,-8,6,602
SOC-A7-2025-118,S01,16,-8,1,100
SOC-A7-2025-118,S01,17,-8,1,100
SOC-A7-2025-118,S01,18,-8,1,100
SOC-A7-2025-118,S01,19,-8,1,100
SOC-A7-2025-118,S01,20,-8,1,100
SOC-A7-2025-118,S01,21,-8,2,200
SOC-A7-2025-118,S01,22,-8,3,301
SOC-A7-2025-118,S01,-23,-7,10,1002
SOC-A7-2025-118,S01,-22,-7,1,100
SOC-A7-2025-118,S01,-21,-7,1,100
SOC-A7-2025-118,S01,-20,-7,1,100
SOC-A7-2025-118,S01,-19,-7,1,100
SOC-A7-2025-118,S01,-18,-7,10,1001
SOC-A7-2025-118,S01,-17,-7,1,100
SOC-A7-2025-118,S01,-16,-7,2,200
SOC-A7-2025-118,S01,-15,-7,10,1002
SOC-A7-2025-118,S01,-14,-7,1,100
SOC-A7-2025-118,S01,-13,-7,1,100
SOC-A7-2025-118,S01,-12,-7,1,100
SOC-A7-2025-118,S01,-11,-7,1,100
SOC-A7-2025-118,S01,-10,-7,1,100
SOC-A7-2025-118,S01,-9,-7,1,100
SOC-A7-2025-118,S01,-8,-7,1,100
SOC-A7-2025-118,S01,-7,-7,1,100
SOC-A7-2025-118,S01,-6,-7,7,702
SOC-A7-2025-118,S01,-5,-7,7,702
SOC-A7-2025-118,S01,-4,-7,1,100
SOC-A7-2025-118,S01,-3,-7,1,100
SOC-A7-2025-118,S01,-2,-7,1,100
SOC-A7-2025-118,S01,-1,-7,1,100
SOC-A7-2025-118,S01,0,-7,1,100
SOC-A7-2025-118,S01,1,-7,2,201
SOC-A7-2025-118,S01,2,-7,1,100
SOC-A7-2025-118,S01,3,-7,1,100
SOC-A7-2025-118,S01,4,-7,2,201
SOC-A7-2025-118,S01,5,-7,1,100
SOC-A7-2025-118,S01,6,-7,1,100
SOC-A7-2025-118,S01,7,-7,1,100
SOC-A7-2025-118,S01,8,-7,1,100
SOC-A7-2025-118,S01,9,-7,1,100
SOC-A7-2025-118,S01,10,-7,1,100
SOC-A7-2025-118,S01,11,-7,1,100
SOC-A7-2025-118,S01,12,-7,1,100
SOC-A7-2025-118,S01,13,-7,2,201
SOC-A7-2025-118,S01,14,-7,1,100
SOC-A7-2025-118,S01,15,-7,1,100
SOC-A7-2025-118,S01,16,-7,1,100
SOC-A7-2025-118,S01,17,-7,1,100
SOC-A7-2025-118,S01,18,-7,1,100
SOC-A7-2025-118,S01,19,-7,1,100
SOC-A7-2025-118,S01,20,-7,1,100
SOC-A7-2025-118,S01,21,-7,8,802
SOC-A7-2025-118,S01,22,-7,1,100
SOC-A7-2025-118,S01,23,-7,3,303
SOC-A7-2025-118,S01,-23,-6,10,1001
SOC-A7-2025-118,S01,-22,-6,10,1001
SOC-A7-2025-118,S01,-21,-6,1,100
SOC-A7-2025-118,S01,-20,-6,10,1002
SOC-A7-2025-118,S01,-19,-6,1,100
SOC-A7-2025-118,S01,-18,-6,1,100
SOC-A7-2025-118,S01,-17,-6,2,200
SOC-A7-2025-118,S01,-16,-6,1,100
SOC-A7-2025-118,S01,-15,-6,1,100
SOC-A7-2025-118,S01,-14,-6,2,201
SOC-A7-2025-118,S01,-13,-6,1,100
SOC-A7-2025-118,S01,-12,-6,10,1002
SOC-A7-2025-118,S01,-11,-6,2,200
SOC-A7-2025-118,S01,-10,-6,2,201
SOC-A7-2025-118,S01,-9,-6,1,100
SOC-A7-2025-118,S01,-8,-6,2,200
SOC-A7-2025-118,S01,-7,-6,2,201
SOC-A7-2025-118,S01,-6,-6,1,100
SOC-A7-2025-118,S01,-5,-6,1,100
SOC-A7-2025-118,S01,-4,-6,1,100
SOC-A7-2025-118,S01,-3,-6,7,701
SOC-A7-2025-118,S01,-2,-6,1,100
SOC-A7-2025-118,S01,-1,-6,1,100
SOC-A7-2025-118,S01,0,-6,1,100
SOC-A7-2025-118,S01,1,-6,1,100
SOC-A7-2025-118,S01,2,-6,1,100
SOC-A7-2025-118,S01,3,-6,1,100
SOC-A7-2025-118,S01,4,-6,1,100
SOC-A7-2025-118,S01,5,-6,1,100
SOC-A7-2025-118,S01,6,-6,1,100
SOC-A7-2025-118,S01,7,-6,2,200
SOC-A7-2025-118,S01,8,-6,2,201
SOC-A7-2025-118,S01,9,-6,1,100
SOC-A7-2025-118,S01,10,-6,2,201
SOC-A7-2025-118,S01,11,-6,1,100
SOC-A7-2025-118,S01,12,-6,1,100
SOC-A7-2025-118,S01,13,-6,2,200
SOC-A7-2025-118,S01,14,-6,1,100
SOC-A7-2025-118,S01,15,-6,2,200
SOC-A7-2025-118,S01,16,-6,1,100
SOC-A7-2025-118,S01,17,-6,1,100
SOC-A7-2025-118,S01,18,-6,1,100
SOC-A7-2025-118,S01,19,-6,1,100
SOC-A7-2025-118,S01,20,-6,1,100
SOC-A7-2025-118,S01,21,-6,1,100
SOC-A7-2025-118,S01,22,-6,1,100
SOC-A7-2025-118,S01,23,-6,1,100
SOC-A7-2025-118,S01,-23,-5,3,303
SOC-A7-2025-118,S01,-22,-5,1,100
SOC-A7-2025-118,S01,-21,-5,2,201
SOC-A7-2025-118,S01,-20,-5,2,200
SOC-A7-2025-118,S01,-19,-5,2,200
SOC-A7-2025-118,S01,-18,-5,6,602
SOC-A7-2025-118,S01,-17,-5,2,200
SOC-A7-2025-118,S01,-16,-5,2,201
SOC-A7-2025-118,S01,-15,-5,2,201
SOC-A7-2025-118,S01,-14,-5,1,100
SOC-A7-2025-118,S01,-13,-5,1,100
SOC-A7-2025-118,S01,-12,-5,1,100
SOC-A7-2025-118,S01,-11,-5,10,1001
SOC-A7-2025-118,S01,-10,-5,2,201
SOC-A7-2025-118,S01,-9,-5,2,201
SOC-A7-2025-118,S01,-8,-5,2,201
SOC-A7-2025-118,S01,-7,-5,1,100
SOC-A7-2025-118,S01,-6,-5,2,200
SOC-A7-2025-118,S01,-5,-5,1,100
SOC-A7-2025-118,S01,-4,-5,2,201
SOC-A7-2025-118,S01,-3,-5,2,201
SOC-A7-2025-118,S01,-2,-5,7,701
SOC-A7-2025-118,S01,-1,-5,1,100
SOC-A7-2025-118,S01,0,-5,1,100
SOC-A7-2025-118,S01,1,-5,1,100
SOC-A7-2025-118,S01,2,-5,6,601
SOC-A7-2025-118,S01,3,-5,1,100
SOC-A7-2025-118,S01,4,-5,1,100
SOC-A7-2025-118,S01,5,-5,1,100
SOC-A7-2025-118,S01,6,-5,6,601
SOC-A7-2025-118,S01,7,-5,2,200
SOC-A7-2025-118,S01,8,-5,2,200
SOC-A7-2025-118,S01,9,-5,1,100
SOC-A7-2025-118,S01,10,-5,1,100
SOC-A7-2025-118,S01,11,-5,2,200
SOC-A7-2025-118,S01,12,-5,1,100
SOC-A7-2025-118,S01,13,-5,1,100
SOC-A7-2025-118,S01,14,-5,1,100
SOC-A7-2025-118,S01,15,-5,1,100
SOC-A7-2025-118,S01,16,-5,6,602
SOC-A7-2025-118,S01,17,-5,1,100
SOC-A7-2025-118,S01,18,-5,1,100
SOC-A7-2025-118,S01,19,-5,1,100
SOC-A7-2025-118,S01,20,-5,1,100
SOC-A7-2025-118,S01,21,-5,1,100
SOC-A7-2025-118,S01,22,-5,3,301
SOC-A7-2025-118,S01,23,-5,1,100
SOC-A7-2025-118,S01,-23,-4,2,200
SOC-A7-2025-118,S01,-22,-4,1,100
SOC-A7-2025-118,S01,-21,-4,1,100
SOC-A7-2025-118,S01,-20,-4,1,100
SOC-A7-2025-118,S01,-19,-4,1,100
SOC-A7-2025-118,S01,-18,-4,1,100
SOC-A7-2025-118,S01,-17,-4,1,100
SOC-A7-2025-118,S01,-16,-4,1,100
SOC-A7-2025-118,S01,-15,-4,2,200
SOC-A7-2025-118,S01,-14,-4,1,100
SOC-A7-2025-118,S01,-13,-4,2,201
SOC-A7-2025-118,S01,-12,-4,1,100
SOC-A7-2025-118,S01,-11,-4,1,100
SOC-A7-2025-118,S01,-10,-4,2,200
SOC-A7-2025-118,S01,-9,-4,1,100
SOC-A7-2025-118,S01,-8,-4,1,100
SOC-A7-2025-118,S01,-7,-4,6,601
SOC-A7-2025-118,S01,-6,-4,1,100
SOC-A7-2025-118,S01,-5,-4,1,100
SOC-A7-2025-118,S01,-4,-4,1,100
SOC-A7-2025-118,S01,-3,-4,1,100
SOC-A7-2025-118,S01,-2,-4,1,100
SOC-A7-2025-118,S01,-1,-4,5,502
SOC-A7-2025-118,S01,0,-4,5,501
SOC-A7-2025-118,S01,1,-4,7,701
SOC-A7-2025-118,S01,2,-4,1,100
SOC-A7-2025-118,S01,3,-4,1,100
SOC-A7-2025-118,S01,4,-4,1,100
SOC-A7-2025-118,S01,5,-4,1,100
SOC-A7-2025-118,S01,6,-4,1,100
SOC-A7-2025-118,S01,7,-4,1,100
SOC-A7-2025-118,S01,8,-4,1,100
SOC-A7-2025-118,S01,9,-4,1,100
SOC-A7-2025-118,S01,10,-4,1,100
SOC-A7-2025-118,S01,11,-4,1,100
SOC-A7-2025-118,S01,12,-4,1,100
SOC-A7-2025-118,S01,13,-4,1,100
SOC-A7-2025-118,S01,14,-4,1,100
SOC-A7-2025-118,S01,15,-4,1,100
SOC-A7-2025-118,S01,16,-4,1,100
SOC-A7-2025-118,S01,17,-4,1,100
SOC-A7-2025-118,S01,18,-4,1,100
SOC-A7-2025-118,S01,19,-4,1,100
SOC-A7-2025-118,S01,20,-4,1,100
SOC-A7-2025-118,S01,21,-4,1,100
SOC-A7-2025-118,S01,22,-4,2,201
SOC-A7-2025-118,S01,23,-4,9,902
SOC-A7-2025-118,S01,-24,-3,3,301
SOC-A7-2025-118,S01,-23,-3,1,100
SOC-A7-2025-118,S01,-22,-3,15,1502
SOC-A7-2025-118,S01,-21,-3,10,1001
SOC-A7-2025-118,S01,-20,-3,2,201
SOC-A7-2025-118,S01,-19,-3,10,1001
SOC-A7-2025-118,S01,-18,-3,1,100
SOC-A7-2025-118,S01,-17,-3,1,100
SOC-A7-2025-118,S01,-16,-3,2,201
SOC-A7-2025-118,S01,-15,-3,1,100
SOC-A7-2025-118,S01,-14,-3,10,1002
SOC-A7-2025-118,S01,-13,-3,1,100
SOC-A7-2025-118,S01,-12,-3,2,201
SOC-A7-2025-118,S01,-11,-3,1,100
SOC-A7-2025-118,S01,-10,-3,1,100
SOC-A7-2025-118,S01,-9,-3,2,201
SOC-A7-2025-118,S01,-8,-3,1,100
SOC-A7-2025-118,S01,-7,-3,1,100
SOC-A7-2025-118,S01,-6,-3,1,100
SOC-A7-2025-118,S01,-5,-3,1,100
SOC-A7-2025-118,S01,-4,-3,2,200
SOC-A7-2025-118,S01,-3,-3,5,502
SOC-A7-2025-118,S01,-2,-3,5,503
SOC-A7-2025-118,S01,-1,-3,1,100
SOC-A7-2025-118,S01,0,-3,1,100
SOC-A7-2025-118,S01,1,-3,7,703
SOC-A7-2025-118,S01,2,-3,5,501
SOC-A7-2025-118,S01,3,-3,1,100
SOC-A7-2025-118,S01,4,-3,1,100
SOC-A7-2025-118,S01,5,-3,1,100
SOC-A7-2025-118,S01,6,-3,2,201
SOC-A7-2025-118,S01,7,-3,1,100
SOC-A7-2025-118,S01,8,-3,1,100
SOC-A7-2025-118,S01,9,-3,1,100
SOC-A7-2025-118,S01,10,-3,15,1502
SOC-A7-2025-118,S01,11,-3,1,100
SOC-A7-2025-118,S01,12,-3,1,100
SOC-A7-2025-118,S01,13,-3,1,100
SOC-A7-2025-118,S01,14,-3,1,100
SOC-A7-2025-118,S01,15,-3,1,100
SOC-A7-2025-118,S01,16,-3,1,100
SOC-A7-2025-118,S01,17,-3,1,100
SOC-A7-2025-118,S01,18,-3,1,100
SOC-A7-2025-118,S01,19,-3,9,901
SOC-A7-2025-118,S01,20,-3,9,901
SOC-A7-2025-118,S01,21,-3,2,201
SOC-A7-2025-118,S01,22,-3,1,100
SOC-A7-2025-118,S01,23,-3,1,100
SOC-A7-2025-118,S01,24,-3,9,902
SOC-A7-2025-118,S01,-24,-2,1,100
SOC-A7-2025-118,S01,-23,-2,3,303
SOC-A7-2025-118,S01,-22,-2,1,100
SOC-A7-2025-118,S01,-21,-2,2,200
SOC-A7-2025-118,S01,-20,-2,1,100
SOC-A7-2025-118,S01,-19,-2,10,1002
SOC-A7-2025-118,S01,-18,-2,2,201
SOC-A7-2025-118,S01,-17,-2,2,201
SOC-A7-2025-118,S01,-16,-2,1,100
SOC-A7-2025-118,S01,-15,-2,2,201
SOC-A7-2025-118,S01,-14,-2,1,100
SOC-A7-2025-118,S01,-13,-2,2,200
SOC-A7-2025-118,S01,-12,-2,1,100
SOC-A7-2025-118,S01,-11,-2,1,100
SOC-A7-2025-118,S01,-10,-2,1,100
SOC-A7-2025-118,S01,-9,-2,1,100
SOC-A7-2025-118,S01,-8,-2,1,100
SOC-A7-2025-118,S01,-7,-2,1,100
SOC-A7-2025-118,S01,-6,-2,2,201
SOC-A7-2025-118,S01,-5,-2,1,100
SOC-A7-2025-118,S01,-4,-2,1,100
SOC-A7-2025-118,S01,-3,-2,2,201
SOC-A7-2025-118,S01,-2,-2,5,502
SOC-A7-2025-118,S01,-1,-2,2,200
SOC-A7-2025-118,S01,0,-2,5,502
SOC-A7-2025-118,S01,1,-2,1,100
SOC-A7-2025-118,S01,2,-2,1,100
SOC-A7-2025-118,S01,3,-2,5,502
SOC-A7-2025-118,S01,4,-2,7,703
SOC-A7-2025-118,S01,5,-2,1,100
SOC-A7-2025-118,S01,6,-2,1,100
SOC-A7-2025-118,S01,7,-2,1,100
SOC-A7-2025-118,S01,8,-2,1,100
SOC-A7-2025-118,S01,9,-2,1,100
SOC-A7-2025-118,S01,10,-2,1,100
SOC-A7-2025-118,S01,11,-2,1,100
SOC-A7-2025-118,S01,12,-2,1,100
SOC-A7-2025-118,S01,13,-2,1,100
SOC-A7-2025-118,S01,14,-2,1,100
SOC-A7-2025-118,S01,15,-2,1,100
SOC-A7-2025-118,S01,16,-2,1,100
SOC-A7-2025-118,S01,17,-2,2,200
SOC-A7-2025-118,S01,18,-2,1,100
SOC-A7-2025-118,S01,19,-2,1,100
SOC-A7-2025-118,S01,20,-2,1,100
SOC-A7-2025-118,S01,21,-2,1,100
SOC-A7-2025-118,S01,22,-2,1,100
SOC-A7-2025-118,S01,23,-2,1,100
SOC-A7-2025-118,S01,24,-2,12,1201
SOC-A7-2025-118,S01,-24,-1,3,303
SOC-A7-2025-118,S01,-23,-1,3,301
SOC-A7-2025-118,S01,-22,-1,1,100
SOC-A7-2025-118,S01,-21,-1,2,201
SOC-A7-2025-118,S01,-20,-1,1,100
SOC-A7-2025-118,S01,-19,-1,10,1001
SOC-A7-2025-118,S01,-18,-1,2,201
SOC-A7-2025-118,S01,-17,-1,10,1002
SOC-A7-2025-118,S01,-16,-1,1,100
SOC-A7-2025-118,S01,-15,-1,11,1102
SOC-A7-2025-118,S01,-14,-1,2,201
SOC-A7-2025-118,S01,-13,-1,1,100
SOC-A7-2025-118,S01,-12,-1,2,200
SOC-A7-2025-118,S01,-11,-1,1,100
SOC-A7-2025-118,S01,-10,-1,1,100
SOC-A7-2025-118,S01,-9,-1,1,100
SOC-A7-2025-118,S01,-8,-1,1,100
SOC-A7-2025-118,S01,-7,-1,1,100
SOC-A7-2025-118,S01,-6,-1,1,100
SOC-A7-2025-118,S01,-5,-1,2,200
SOC-A7-2025-118,S01,-4,-1,1,100
SOC-A7-2025-118,S01,-3,-1,1,100
SOC-A7-2025-118,S01,-2,-1,1,100
SOC-A7-2025-118,S01,-1,-1,1,100
SOC-A7-2025-118,S01,0,-1,1,100
SOC-A7-2025-118,S01,1,-1,1,100
SOC-A7-2025-118,S01,2,-1,1,100
SOC-A7-2025-118,S01,3,-1,1,100
SOC-A7-2025-118,S01,4,-1,7,703
SOC-A7-2025-118,S01,5,-1,7,701
SOC-A7-2025-118,S01,6,-1,7,702
SOC-A7-2025-118,S01,7,-1,1,100
SOC-A7-2025-118,S01,8,-1,1,100
SOC-A7-2025-118,S01,9,-1,1,100
SOC-A7-2025-118,S01,10,-1,1,100
SOC-A7-2025-118,S01,11,-1,1,100
SOC-A7-2025-118,S01,12,-1,1,100
SOC-A7-2025-118,S01,13,-1,1,100
SOC-A7-2025-118,S01,14,-1,1,100
SOC-A7-2025-118,S01,15,-1,1,100
SOC-A7-2025-118,S01,16,-1,1,100
SOC-A7-2025-118,S01,17,-1,1,100
SOC-A7-2025-118,S01,18,-1,6,601
SOC-A7-2025-118,S01,19,-1,1,100
SOC-A7-2025-118,S01,20,-1,1,100
SOC-A7-2025-118,S01,21,-1,6,601
SOC-A7-2025-118,S01,22,-1,1,100
SOC-A7-2025-118,S01,23,-1,6,601
SOC-A7-2025-118,S01,24,-1,3,301
SOC-A7-2025-118,S01,-24,0,10,1001
SOC-A7-2025-118,S01,-23,0,3,302
SOC-A7-2025-118,S01,-22,0,10,1002
SOC-A7-2025-118,S01,-21,0,10,1002
SOC-A7-2025-118,S01,-20,0,1,100
SOC-A7-2025-118,S01,-19,0,2,200
SOC-A7-2025-118,S01,-18,0,1,100
SOC-A7-2025-118,S01,-17,0,2,200
SOC-A7-2025-118,S01,-16,0,2,200
SOC-A7-2025-118,S01,-15,0,11,1103
SOC-A7-2025-118,S01,-14,0,1,100
SOC-A7-2025-118,S01,-13,0,1,100
SOC-A7-2025-118,S01,-12,0,2,201
SOC-A7-2025-118,S01,-11,0,2,201
SOC-A7-2025-118,S01,-10,0,2,200
SOC-A7-2025-118,S01,-9,0,2,200
SOC-A7-2025-118,S01,-8,0,1,100
SOC-A7-2025-118,S01,-7,0,1,100
SOC-A7-2025-118,S01,-6,0,1,100
SOC-A7-2025-118,S01,-5,0,1,100
SOC-A7-2025-118,S01,-4,0,15,1502
SOC-A7-2025-118,S01,-3,0,1,100
SOC-A7-2025-118,S01,-2,0,1,100
SOC-A7-2025-118,S01,-1,0,1,100
SOC-A7-2025-118,S01,0,0,1,100
SOC-A7-2025-118,S01,1,0,5,502
SOC-A7-2025-118,S01,2,0,1,100
SOC-A7-2025-118,S01,3,0,5,503
SOC-A7-2025-118,S01,4,0,1,100
SOC-A7-2025-118,S01,5,0,1,100
SOC-A7-2025-118,S01,6,0,7,703
SOC-A7-2025-118,S01,7,0,7,703
SOC-A7-2025-118,S01,8,0,1,100
SOC-A7-2025-118,S01,9,0,2,201
SOC-A7-2025-118,S01,10,0,1,100
SOC-A7-2025-118,S01,11,0,2,200
SOC-A7-2025-118,S01,12,0,1,100
SOC-A7-2025-118,S01,13,0,1,100
SOC-A7-2025-118,S01,14,0,1,100
SOC-A7-2025-118,S01,15,0,6,602
SOC-A7-2025-118,S01,16,0,1,100
SOC-A7-2025-118,S01,17,0,1,100
SOC-A7-2025-118,S01,18,0,2,201
SOC-A7-2025-118,S01,19,0,1,100
SOC-A7-2025-118,S01,20,0,1,100
SOC-A7-2025-118,S01,21,0,12,1202
SOC-A7-2025-118,S01,22,0,1,100
SOC-A7-2025-118,S01,23,0,1,100
SOC-A7-2025-118,S01,24,0,1,100
SOC-A7-2025-118,S01,-24,1,1,100
SOC-A7-2025-118,S01,-23,1,12,1202
SOC-A7-2025-118,S01,-22,1,10,1002
SOC-A7-2025-118,S01,-21,1,1,100
SOC-A7-2025-118,S01,-20,1,1,100
SOC-A7-2025-118,S01,-19,1,11,1103
SOC-A7-2025-118,S01,-18,1,1,100
SOC-A7-2025-118,S01,-17,1,2,201
SOC-A7-2025-118,S01,-16,1,1,100
SOC-A7-2025-118,S01,-15,1,1,100
SOC-A7-2025-118,S01,-14,1,2,201
SOC-A7-2025-118,S01,-13,1,1,100
SOC-A7-2025-118,S01,-12,1,1,100
SOC-A7-2025-118,S01,-11,1,1,100
SOC-A7-2025-118,S01,-10,1,1,100
SOC-A7-2025-118,S01,-9,1,1,100
SOC-A7-2025-118,S01,-8,1,1,100
SOC-A7-2025-118,S01,-7,1,1,100
SOC-A7-2025-118,S01,-6,1,1,100
SOC-A7-2025-118,S01,-5,1,1,100
SOC-A7-2025-118,S01,-4,1,1,100
SOC-A7-2025-118,S01,-3,1,1,100
SOC-A7-2025-118,S01,-2,1,2,201
SOC-A7-2025-118,S01,-1,1,2,201
SOC-A7-2025-118,S01,0,1,2,200
SOC-A7-2025-118,S01,1,1,5,503
SOC-A7-2025-118,S01,2,1,5,503
SOC-A7-2025-118,S01,3,1,1,100
SOC-A7-2025-118,S01,4,1,5,501
SOC-A7-2025-118,S01,5,1,2,201
SOC-A7-2025-118,S01,6,1,1,100
SOC-A7-2025-118,S01,7,1,1,100
SOC-A7-2025-118,S01,8,1,7,702
SOC-A7-2025-118,S01,9,1,7,701
SOC-A7-2025-118,S01,10,1,1,100
SOC-A7-2025-118,S01,11,1,2,200
SOC-A7-2025-118,S01,12,1,1,100
SOC-A7-2025-118,S01,13,1,1,100
SOC-A7-2025-118,S01,14,1,1,100
SOC-A7-2025-118,S01,15,1,1,100
SOC-A7-2025-118,S01,16,1,1,100
SOC-A7-2025-118,S01,17,1,2,201
SOC-A7-2025-118,S01,18,1,1,100
SOC-A7-2025-118,S01,19,1,1,100
SOC-A7-2025-118,S01,20,1,1,100
SOC-A7-2025-118,S01,21,1,1,100
SOC-A7-2025-118,S01,22,1,2,200
SOC-A7-2025-118,S01,23,1,1,100
SOC-A7-2025-118,S01,24,1,1,100
SOC-A7-2025-118,S01,-24,2,2,201
SOC-A7-2025-118,S01,-23,2,2,201
SOC-A7-2025-118,S01,-22,2,1,100
SOC-A7-2025-118,S01,-21,2,1,100
SOC-A7-2025-118,S01,-20,2,2,201
SOC-A7-2025-118,S01,-19,2,1,100
SOC-A7-2025-118,S01,-18,2,1,100
SOC-A7-2025-118,S01,-17,2,2,201
SOC-A7-2025-118,S01,-16,2,1,100
SOC-A7-2025-118,S01,-15,2,1,100
SOC-A7-2025-118,S01,-14,2,1,100
SOC-A7-2025-118,S01,-13,2,2,201
SOC-A7-2025-118,S01,-12,2,2,200
SOC-A7-2025-118,S01,-11,2,2,201
SOC-A7-2025-118,S01,-10,2,2,200
SOC-A7-2025-118,S01,-9,2,1,100
SOC-A7-2025-118,S01,-8,2,1,100
SOC-A7-2025-118,S01,-7,2,1,100
SOC-A7-2025-118,S01,-6,2,1,100
SOC-A7-2025-118,S01,-5,2,1,100
SOC-A7-2025-118,S01,-4,2,5,503
SOC-A7-2025-118,S01,-3,2,5,503
SOC-A7-2025-118,S01,-2,2,5,503
SOC-A7-2025-118,S01,-1,2,5,502
SOC-A7-2025-118,S01,0,2,2,200
SOC-A7-2025-118,S01,1,2,6,601
SOC-A7-2025-118,S01,2,2,1,100
SOC-A7-2025-118,S01,3,2,5,502
SOC-A7-2025-118,S01,4,2,1,100
SOC-A7-2025-118,S01,5,2,1,100
SOC-A7-2025-118,S01,6,2,8,801
SOC-A7-2025-118,S01,7,2,1,100
SOC-A7-2025-118,S01,8,2,1,100
SOC-A7-2025-118,S01,9,2,7,702
SOC-A7-2025-118,S01,10,2,7,702
SOC-A7-2025-118,S01,11,2,7,703
SOC-A7-2025-118,S01,12,2,1,100
SOC-A7-2025-118,S01,13,2,1,100
SOC-A7-2025-118,S01,14,2,1,100
SOC-A7-2025-118,S01,15,2,1,100
SOC-A7-2025-118,S01,16,2,9,902
SOC-A7-2025-118,S01,17,2,1,100
SOC-A7-2025-118,S01,18,2,1,100
SOC-A7-2025-118,S01,19,2,6,602
SOC-A7-2025-118,S01,20,2,1,100
SOC-A7-2025-118,S01,21,2,1,100
SOC-A7-2025-118,S01,22,2,1,100
SOC-A7-2025-118,S01,23,2,1,100
SOC-A7-2025-118,S01,24,2,3,302
SOC-A7-2025-118,S01,-24,3,3,303
SOC-A7-2025-118,S01,-23,3,2,200
SOC-A7-2025-118,S01,-22,3,2,200
SOC-A7-2025-118,S01,-21,3,1,100
SOC-A7-2025-118,S01,-20,3,2,200
SOC-A7-2025-118,S01,-19,3,1,100
SOC-A7-2025-118,S01,-18,3,11,1102
SOC-A7-2025-118,S01,-17,3,1,100
SOC-A7-2025-118,S01,-16,3,1,100
SOC-A7-2025-118,S01,-15,3,1,100
SOC-A7-2025-118,S01,-14,3,2,201
SOC-A7-2025-118,S01,-13,3,1,100
SOC-A7-2025-118,S01,-12,3,1,100
SOC-A7-2025-118,S01,-11,3,2,201
SOC-A7-2025-118,S01,-10,3,1,100
SOC-A7-2025-118,S01,-9,3,1,100
SOC-A7-2025-118,S01,-8,3,2,201
SOC-A7-2025-118,S01,-7,3,1,100
SOC-A7-2025-118,S01,-6,3,4,401
SOC-A7-2025-118,S01,-5,3,1,100
SOC-A7-2025-118,S01,-4,3,1,100
SOC-A7-2025-118,S01,-3,3,1,100
SOC-A7-2025-118,S01,-2,3,5,502
SOC-A7-2025-118,S01,-1,3,1,100
SOC-A7-2025-118,S01,0,3,1,100
SOC-A7-2025-118,S01,1,3,1,100
SOC-A7-2025-118,S01,2,3,1,100
SOC-A7-2025-118,S01,3,3,1,100
SOC-A7-2025-118,S01,4,3,8,801
SOC-A7-2025-118,S01,5,3,2,201
SOC-A7-2025-118,S01,6,3,1,100
SOC-A7-2025-118,S01,7,3,2,200
SOC-A7-2025-118,S01,8,3,1,100
SOC-A7-2025-118,S01,9,3,1,100
SOC-A7-2025-118,S01,10,3,1,100
SOC-A7-2025-118,S01,11,3,7,702
SOC-A7-2025-118,S01,12,3,7,701
SOC-A7-2025-118,S01,13,3,1,100
SOC-A7-2025-118,S01,14,3,1,100
SOC-A7-2025-118,S01,15,3,2,201
SOC-A7-2025-118,S01,16,3,1,100
SOC-A7-2025-118,S01,17,3,1,100
SOC-A7-2025-118,S01,18,3,2,200
SOC-A7-2025-118,S01,19,3,1,100
SOC-A7-2025-118,S01,20,3,1,100
SOC-A7-2025-118,S01,21,3,1,100
SOC-A7-2025-118,S01,22,3,12,1201
SOC-A7-2025-118,S01,23,3,1,100
SOC-A7-2025-118,S01,24,3,1,100
SOC-A7-2025-118,S01,-23,4,1,100
SOC-A7-2025-118,S01,-22,4,2,201
SOC-A7-2025-118,S01,-21,4,10,1001
SOC-A7-2025-118,S01,-20,4,10,1002
SOC-A7-2025-118,S01,-19,4,1,100
SOC-A7-2025-118,S01,-18,4,2,200
SOC-A7-2025-118,S01,-17,4,1,100
SOC-A7-2025-118,S01,-16,4,1,100
SOC-A7-2025-118,S01,-15,4,1,100
SOC-A7-2025-118,S01,-14,4,6,601
SOC-A7-2025-118,S01,-13,4,1,100
SOC-A7-2025-118,S01,-12,4,1,100
SOC-A7-2025-118,S01,-11,4,1,100
SOC-A7-2025-118,S01,-10,4,1,100
SOC-A7-2025-118,S01,-9,4,6,601
SOC-A7-2025-118,S01,-8,4,4,401
SOC-A7-2025-118,S01,-7,4,4,402
SOC-A7-2025-118,S01,-6,4,4,401
SOC-A7-2025-118,S01,-5,4,4,401
SOC-A7-2025-118,S01,-4,4,4,402
SOC-A7-2025-118,S01,-3,4,1,100
SOC-A7-2025-118,S01,-2,4,5,503
SOC-A7-2025-118,S01,-1,4,5,502
SOC-A7-2025-118,S01,0,4,1,100
SOC-A7-2025-118,S01,1,4,1,100
SOC-A7-2025-118,S01,2,4,1,100
SOC-A7-2025-118,S01,3,4,2,201
SOC-A7-2025-118,S01,4,4,1,100
SOC-A7-2025-118,S01,5,4,1,100
SOC-A7-2025-118,S01,6,4,1,100
SOC-A7-2025-118,S01,7,4,1,100
SOC-A7-2025-118,S01,8,4,1,100
SOC-A7-2025-118,S01,9,4,1,100
SOC-A7-2025-118,S01,10,4,1,100
SOC-A7-2025-118,S01,11,4,1,100
SOC-A7-2025-118,S01,12,4,1,100
SOC-A7-2025-118,S01,13,4,7,702
SOC-A7-2025-118,S01,14,4,1,100
SOC-A7-2025-118,S01,15,4,1,100
SOC-A7-2025-118,S01,16,4,1,100
SOC-A7-2025-118,S01,17,4,1,100
SOC-A7-2025-118,S01,18,4,1,100
SOC-A7-2025-118,S01,19,4,1,100
SOC-A7-2025-118,S01,20,4,1,100
SOC-A7-2025-118,S01,21,4,1,100
SOC-A7-2025-118,S01,22,4,9,902
SOC-A7-2025-118,S01,23,4,2,200
SOC-A7-2025-118,S01,-23,5,2,201
SOC-A7-2025-118,S01,-22,5,2,201
SOC-A7-2025-118,S01,-21,5,1,100
SOC-A7-2025-118,S01,-20,5,12,1202
SOC-A7-2025-118,S01,-19,5,1,100
SOC-A7-2025-118,S01,-18,5,2,200
SOC-A7-2025-118,S01,-17,5,2,200
SOC-A7-2025-118,S01,-16,5,1,100
SOC-A7-2025-118,S01,-15,5,1,100
SOC-A7-2025-118,S01,-14,5,1,100
SOC-A7-2025-118,S01,-13,5,1,100
SOC-A7-2025-118,S01,-12,5,1,100
SOC-A7-2025-118,S01,-11,5,1,100
SOC-A7-2025-118,S01,-10,5,1,100
SOC-A7-2025-118,S01,-9,5,6,601
SOC-A7-2025-118,S01,-8,5,2,201
SOC-A7-2025-118,S01,-7,5,4,402
SOC-A7-2025-118,S01,-6,5,1,100
SOC-A7-2025-118,S01,-5,5,4,402
SOC-A7-2025-118,S01,-4,5,4,401
SOC-A7-2025-118,S01,-3,5,1,100
SOC-A7-2025-118,S01,-2,5,2,200
SOC-A7-2025-118,S01,-1,5,1,100
SOC-A7-2025-118,S01,0,5,2,200
SOC-A7-2025-118,S01,1,5,1,100
SOC-A7-2025-118,S01,2,5,1,100
SOC-A7-2025-118,S01,3,5,1,100
SOC-A7-2025-118,S01,4,5,2,201
SOC-A7-2025-118,S01,5,5,1,100
SOC-A7-2025-118,S01,6,5,1,100
SOC-A7-2025-118,S01,7,5,1,100
SOC-A7-2025-118,S01,8,5,1,100
SOC-A7-2025-118,S01,9,5,1,100
SOC-A7-2025-118,S01,10,5,1,100
SOC-A7-2025-118,S01,11,5,1,100
SOC-A7-2025-118,S01,12,5,1,100
SOC-A7-2025-118,S01,13,5,2,201
SOC-A7-2025-118,S01,14,5,1,100
SOC-A7-2025-118,S01,15,5,1,100
SOC-A7-2025-118,S01,16,5,1,100
SOC-A7-2025-118,S01,17,5,1,100
SOC-A7-2025-118,S01,18,5,9,901
SOC-A7-2025-118,S01,19,5,2,200
SOC-A7-2025-118,S01,20,5,2,201
SOC-A7-2025-118,S01,21,5,1,100
SOC-A7-2025-118,S01,22,5,3,303
SOC-A7-2025-118,S01,23,5,1,100
SOC-A7-2025-118,S01,-23,6,2,200
SOC-A7-2025-118,S01,-22,6,3,302
SOC-A7-2025-118,S01,-21,6,1,100
SOC-A7-2025-118,S01,-20,6,2,200
SOC-A7-2025-118,S01,-19,6,1,100
SOC-A7-2025-118,S01,-18,6,1,100
SOC-A7-2025-118,S01,-17,6,1,100
SOC-A7-2025-118,S01,-16,6,2,201
SOC-A7-2025-118,S01,-15,6,1,100
SOC-A7-2025-118,S01,-14,6,1,100
SOC-A7-2025-118,S01,-13,6,2,201
SOC-A7-2025-118,S01,-12,6,1,100
SOC-A7-2025-118,S01,-11,6,2,201
SOC-A7-2025-118,S01,-10,6,1,100
SOC-A7-2025-118,S01,-9,6,2,200
SOC-A7-2025-118,S01,-8,6,4,402
SOC-A7-2025-118,S01,-7,6,4,402
SOC-A7-2025-118,S01,-6,6,4,402
SOC-A7-2025-118,S01,-5,6,1,100
SOC-A7-2025-118,S01,-4,6,4,402
SOC-A7-2025-118,S01,-3,6,15,1502
SOC-A7-2025-118,S01,-2,6,1,100
SOC-A7-2025-118,S01,-1,6,1,100
SOC-A7-2025-118,S01,0,6,1,100
SOC-A7-2025-118,S01,1,6,1,100
SOC-A7-2025-118,S01,2,6,1,100
SOC-A7-2025-118,S01,3,6,1,100
SOC-A7-2025-118,S01,4,6,1,100
SOC-A7-2025-118,S01,5,6,1,100
SOC-A7-2025-118,S01,6,6,1,100
SOC-A7-2025-118,S01,7,6,2,201
SOC-A7-2025-118,S01,8,6,1,100
SOC-A7-2025-118,S01,9,6,1,100
SOC-A7-2025-118,S01,10,6,1,100
SOC-A7-2025-118,S01,11,6,1,100
SOC-A7-2025-118,S01,12,6,15,1501
SOC-A7-2025-118,S01,13,6,2,201
SOC-A7-2025-118,S01,14,6,1,100
SOC-A7-2025-118,S01,15,6,1,100
SOC-A7-2025-118,S01,16,6,1,100
SOC-A7-2025-118,S01,17,6,1,100
SOC-A7-2025-118,S01,18,6,1,100
SOC-A7-2025-118,S01,19,6,1,100
SOC-A7-2025-118,S01,20,6,1,100
SOC-A7-2025-118,S01,21,6,1,100
SOC-A7-2025-118,S01,22,6,1,100
SOC-A7-2025-118,S01,23,6,2,200
SOC-A7-2025-118,S01,-23,7,3,303
SOC-A7-2025-118,S01,-22,7,3,303
SOC-A7-2025-118,S01,-21,7,1,100
SOC-A7-2025-118,S01,-20,7,1,100
SOC-A7-2025-118,S01,-19,7,2,201
SOC-A7-2025-118,S01,-18,7,2,201
SOC-A7-2025-118,S01,-17,7,1,100
SOC-A7-2025-118,S01,-16,7,1,100
SOC-A7-2025-118,S01,-15,7,1,100
SOC-A7-2025-118,S01,-14,7,8,801
SOC-A7-2025-118,S01,-13,7,1,100
SOC-A7-2025-118,S01,-12,7,1,100
SOC-A7-2025-118,S01,-11,7,2,201
SOC-A7-2025-118,S01,-10,7,1,100
SOC-A7-2025-118,S01,-9,7,1,100
SOC-A7-2025-118,S01,-8,7,1,100
SOC-A7-2025-118,S01,-7,7,4,401
SOC-A7-2025-118,S01,-6,7,1,100
SOC-A7-2025-118,S01,-5,7,4,401
SOC-A7-2025-118,S01,-4,7,1,100
SOC-A7-2025-118,S01,-3,7,1,100
SOC-A7-2025-118,S01,-2,7,1,100
SOC-A7-2025-118,S01,-1,7,1,100
SOC-A7-2025-118,S01,0,7,1,100
SOC-A7-2025-118,S01,1,7,1,100
SOC-A7-2025-118,S01,2,7,1,100
SOC-A7-2025-118,S01,3,7,1,100
SOC-A7-2025-118,S01,4,7,1,100
SOC-A7-2025-118,S01,5,7,1,100
SOC-A7-2025-118,S01,6,7,1,100
SOC-A7-2025-118,S01,7,7,1,100
SOC-A7-2025-118,S01,8,7,6,601
SOC-A7-2025-118,S01,9,7,1,100
SOC-A7-2025-118,S01,10,7,1,100
SOC-A7-2025-118,S01,11,7,1,100
SOC-A7-2025-118,S01,12,7,11,1101
SOC-A7-2025-118,S01,13,7,1,100
SOC-A7-2025-118,S01,14,7,1,100
SOC-A7-2025-118,S01,15,7,1,100
SOC-A7-2025-118,S01,16,7,1,100
SOC-A7-2025-118,S01,17,7,1,100
SOC-A7-2025-118,S01,18,7,1,100
SOC-A7-2025-118,S01,19,7,1,100
SOC-A7-2025-118,S01,20,7,1,100
SOC-A7-2025-118,S01,21,7,1,100
SOC-A7-2025-118,S01,22,7,3,303
SOC-A7-2025-118,S01,23,7,3,303
SOC-A7-2025-118,S01,-22,8,3,303
SOC-A7-2025-118,S01,-21,8,2,201
SOC-A7-2025-118,S01,-20,8,1,100
SOC-A7-2025-118,S01,-19,8,1,100
SOC-A7-2025-118,S01,-18,8,1,100
SOC-A7-2025-118,S01,-17,8,1,100
SOC-A7-2025-118,S01,-16,8,1,100
SOC-A7-2025-118,S01,-15,8,1,100
SOC-A7-2025-118,S01,-14,8,1,100
SOC-A7-2025-118,S01,-13,8,1,100
SOC-A7-2025-118,S01,-12,8,1,100
SOC-A7-2025-118,S01,-11,8,1,100
SOC-A7-2025-118,S01,-10,8,1,100
SOC-A7-2025-118,S01,-9,8,1,100
SOC-A7-2025-118,S01,-8,8,1,100
SOC-A7-2025-118,S01,-7,8,1,100
SOC-A7-2025-118,S01,-6,8,1,100
SOC-A7-2025-118,S01,-5,8,6,603
SOC-A7-2025-118,S01,-4,8,1,100
SOC-A7-2025-118,S01,-3,8,1,100
SOC-A7-2025-118,S01,-2,8,1,100
SOC-A7-2025-118,S01,-1,8,1,100
SOC-A7-2025-118,S01,0,8,1,100
SOC-A7-2025-118,S01,1,8,1,100
SOC-A7-2025-118,S01,2,8,2,200
SOC-A7-2025-118,S01,3,8,6,603
SOC-A7-2025-118,S01,4,8,1,100
SOC-A7-2025-118,S01,5,8,1,100
SOC-A7-2025-118,S01,6,8,1,100
SOC-A7-2025-118,S01,7,8,1,100
SOC-A7-2025-118,S01,8,8,1,100
SOC-A7-2025-118,S01,9,8,1,100
SOC-A7-2025-118,S01,10,8,9,901
SOC-A7-2025-118,S01,11,8,1,100
SOC-A7-2025-118,S01,12,8,1,100
SOC-A7-2025-118,S01,13,8,9,902
SOC-A7-2025-118,S01,14,8,1,100
SOC-A7-2025-118,S01,15,8,1,100
SOC-A7-2025-118,S01,16,8,9,901
SOC-A7-2025-118,S01,17,8,1,100
SOC-A7-2025-118,S01,18,8,1,100
SOC-A7-2025-118,S01,19,8,1,100
SOC-A7-2025-118,S01,20,8,1,100
SOC-A7-2025-118,S01,21,8,1,100
SOC-A7-2025-118,S01,22,8,1,100
SOC-A7-2025-118,S01,-22,9,3,303
SOC-A7-2025-118,S01,-21,9,1,100
SOC-A7-2025-118,S01,-20,9,12,1202
SOC-A7-2025-118,S01,-19,9,1,100
SOC-A7-2025-118,S01,-18,9,1,100
SOC-A7-2025-118,S01,-17,9,1,100
SOC-A7-2025-118,S01,-16,9,1,100
SOC-A7-2025-118,S01,-15,9,1,100
SOC-A7-2025-118,S01,-14,9,1,100
SOC-A7-2025-118,S01,-13,9,8,802
SOC-A7-2025-118,S01,-12,9,1,100
SOC-A7-2025-118,S01,-11,9,1,100
SOC-A7-2025-118,S01,-10,9,1,100
SOC-A7-2025-118,S01,-9,9,1,100
SOC-A7-2025-118,S01,-8,9,2,200
SOC-A7-2025-118,S01,-7,9,2,200
SOC-A7-2025-118,S01,-6,9,1,100
SOC-A7-2025-118,S01,-5,9,2,200
SOC-A7-2025-118,S01,-4,9,1,100
SOC-A7-2025-118,S01,-3,9,1,100
SOC-A7-2025-118,S01,-2,9,1,100
SOC-A7-2025-118,S01,-1,9,1,100
SOC-A7-2025-118,S01,0,9,1,100
SOC-A7-2025-118,S01,1,9,1,100
SOC-A7-2025-118,S01,2,9,1,100
SOC-A7-2025-118,S01,3,9,2,201
SOC-A7-2025-118,S01,4,9,1,100
SOC-A7-2025-118,S01,5,9,2,200
SOC-A7-2025-118,S01,6,9,1,100
SOC-A7-2025-118,S01,7,9,9,902
SOC-A7-2025-118,S01,8,9,1,100
SOC-A7-2025-118,S01,9,9,1,100
SOC-A7-2025-118,S01,10,9,2,201
SOC-A7-2025-118,S01,11,9,1,100
SOC-A7-2025-118,S01,12,9,9,902
SOC-A7-2025-118,S01,13,9,1,100
SOC-A7-2025-118,S01,14,9,1,100
SOC-A7-2025-118,S01,15,9,1,100
SOC-A7-2025-118,S01,16,9,1,100
SOC-A7-2025-118,S01,17,9,1,100
SOC-A7-2025-118,S01,18,9,9,902
SOC-A7-2025-118,S01,19,9,1,100
SOC-A7-2025-118,S01,20,9,1,100
SOC-A7-2025-118,S01,21,9,6,601
SOC-A7-2025-118,S01,22,9,1,100
SOC-A7-2025-118,S01,-22,10,3,303
SOC-A7-2025-118,S01,-21,10,1,100
SOC-A7-2025-118,S01,-20,10,1,100
SOC-A7-2025-118,S01,-19,10,12,1201
SOC-A7-2025-118,S01,-18,10,1,100
SOC-A7-2025-118,S01,-17,10,1,100
SOC-A7-2025-118,S01,-16,10,1,100
SOC-A7-2025-118,S01,-15,10,1,100
SOC-A7-2025-118,S01,-14,10,1,100
SOC-A7-2025-118,S01,-13,10,1,100
SOC-A7-2025-118,S01,-12,10,1,100
SOC-A7-2025-118,S01,-11,10,1,100
SOC-A7-2025-118,S01,-10,10,1,100
SOC-A7-2025-118,S01,-9,10,1,100
SOC-A7-2025-118,S01,-8,10,11,1103
SOC-A7-2025-118,S01,-7,10,1,100
SOC-A7-2025-118,S01,-6,10,1,100
SOC-A7-2025-118,S01,-5,10,1,100
SOC-A7-2025-118,S01,-4,10,2,201
SOC-A7-2025-118,S01,-3,10,2,201
SOC-A7-2025-118,S01,-2,10,1,100
SOC-A7-2025-118,S01,-1,10,2,201
SOC-A7-2025-118,S01,0,10,1,100
SOC-A7-2025-118,S01,1,10,2,201
SOC-A7-2025-118,S01,2,10,2,201
SOC-A7-2025-118,S01,3,10,1,100
SOC-A7-2025-118,S01,4,10,6,603
SOC-A7-2025-118,S01,5,10,1,100
SOC-A7-2025-118,S01,6,10,1,100
SOC-A7-2025-118,S01,7,10,9,902
SOC-A7-2025-118,S01,8,10,1,100
SOC-A7-2025-118,S01,9,10,1,100
SOC-A7-2025-118,S01,10,10,1,100
SOC-A7-2025-118,S01,11,10,1,100
SOC-A7-2025-118,S01,12,10,1,100
SOC-A7-2025-118,S01,13,10,2,201
SOC-A7-2025-118,S01,14,10,1,100
SOC-A7-2025-118,S01,15,10,1,100
SOC-A7-2025-118,S01,16,10,1,100
SOC-A7-2025-118,S01,17,10,9,901
SOC-A7-2025-118,S01,18,10,9,901
SOC-A7-2025-118,S01,19,10,1,100
SOC-A7-2025-118,S01,20,10,9,901
SOC-A7-2025-118,S01,21,10,1,100
SOC-A7-2025-118,S01,22,10,1,100
SOC-A7-2025-118,S01,-21,11,1,100
SOC-A7-2025-118,S01,-20,11,3,302
SOC-A7-2025-118,S01,-19,11,1,100
SOC-A7-2025-118,S01,-18,11,1,100
SOC-A7-2025-118,S01,-17,11,2,200
SOC-A7-2025-118,S01,-16,11,1,100
SOC-A7-2025-118,S01,-15,11,1,100
SOC-A7-2025-118,S01,-14,11,1,100
SOC-A7-2025-118,S01,-13,11,1,100
SOC-A7-2025-118,S01,-12,11,1,100
SOC-A7-2025-118,S01,-11,11,1,100
SOC-A7-2025-118,S01,-10,11,2,201
SOC-A7-2025-118,S01,-9,11,1,100
SOC-A7-2025-118,S01,-8,11,1,100
SOC-A7-2025-118,S01,-7,11,1,100
SOC-A7-2025-118,S01,-6,11,8,802
SOC-A7-2025-118,S01,-5,11,1,100
SOC-A7-2025-118,S01,-4,11,6,601
SOC-A7-2025-118,S01,-3,11,2,201
SOC-A7-2025-118,S01,-2,11,1,100
SOC-A7-2025-118,S01,-1,11,1,100
SOC-A7-2025-118,S01,0,11,1,100
SOC-A7-2025-118,S01,1,11,1,100
SOC-A7-2025-118,S01,2,11,1,100
SOC-A7-2025-118,S01,3,11,1,100
SOC-A7-2025-118,S01,4,11,1,100
SOC-A7-2025-118,S01,5,11,1,100
SOC-A7-2025-118,S01,6,11,1,100
SOC-A7-2025-118,S01,7,11,1,100
SOC-A7-2025-118,S01,8,11,1,100
SOC-A7-2025-118,S01,9,11,1,100
SOC-A7-2025-118,S01,10,11,1,100
SOC-A7-2025-118,S01,11,11,1,100
SOC-A7-2025-118,S01,12,11,1,100
SOC-A7-2025-118,S01,13,11,15,1501
SOC-A7-2025-118,S01,14,11,1,100
SOC-A7-2025-118,S01,15,11,1,100
SOC-A7-2025-118,S01,16,11,9,901
SOC-A7-2025-118,S01,17,11,9,901
SOC-A7-2025-118,S01,18,11,1,100
SOC-A7-2025-118,S01,19,11,1,100
SOC-A7-2025-118,S01,20,11,3,302
SOC-A7-2025-118,S01,21,11,1,100
SOC-A7-2025-118,S01,-21,12,1,100
SOC-A7-2025-118,S01,-20,12,1,100
SOC-A7-2025-118,S01,-19,12,2,201
SOC-A7-2025-118,S01,-18,12,1,100
SOC-A7-2025-118,S01,-17,12,1,100
SOC-A7-2025-118,S01,-16,12,1,100
SOC-A7-2025-118,S01,-15,12,1,100
SOC-A7-2025-118,S01,-14,12,1,100
SOC-A7-2025-118,S01,-13,12,15,1502
SOC-A7-2025-118,S01,-12,12,1,100
SOC-A7-2025-118,S01,-11,12,1,100
SOC-A7-2025-118,S01,-10,12,1,100
SOC-A7-2025-118,S01,-9,12,1,100
SOC-A7-2025-118,S01,-8,12,2,201
SOC-A7-2025-118,S01,-7,12,2,201
SOC-A7-2025-118,S01,-6,12,1,100
SOC-A7-2025-118,S01,-5,12,1,100
SOC-A7-2025-118,S01,-4,12,1,100
SOC-A7-2025-118,S01,-3,12,1,100
SOC-A7-2025-118,S01,-2,12,1,100
SOC-A7-2025-118,S01,-1,12,1,100
SOC-A7-2025-118,S01,0,12,1,100
SOC-A7-2025-118,S01,1,12,1,100
SOC-A7-2025-118,S01,2,12,1,100
SOC-A7-2025-118,S01,3,12,1,100
SOC-A7-2025-118,S01,4,12,1,100
SOC-A7-2025-118,S01,5,12,2,200
SOC-A7-2025-118,S01,6,12,1,100
SOC-A7-2025-118,S01,7,12,1,100
SOC-A7-2025-118,S01,8,12,1,100
SOC-A7-2025-118,S01,9,12,1,100
SOC-A7-2025-118,S01,10,12,6,603
SOC-A7-2025-118,S01,11,12,1,100
SOC-A7-2025-118,S01,12,12,1,100
SOC-A7-2025-118,S01,13,12,1,100
SOC-A7-2025-118,S01,14,12,1,100
SOC-A7-2025-118,S01,15,12,1,100
SOC-A7-2025-118,S01,16,12,1,100
SOC-A7-2025-118,S01,17,12,1,100
SOC-A7-2025-118,S01,18,12,1,100
SOC-A7-2025-118,S01,19,12,2,200
SOC-A7-2025-118,S01,20,12,1,100
SOC-A7-2025-118,S01,21,12,1,100
SOC-A7-2025-118,S01,-20,13,3,302
SOC-A7-2025-118,S01,-19,13,1,100
SOC-A7-2025-118,S01,-18,13,1,100
SOC-A7-2025-118,S01,-17,13,1,100
SOC-A7-2025-118,S01,-16,13,2,201
SOC-A7-2025-118,S01,-15,13,2,201
SOC-A7-2025-118,S01,-14,13,1,100
SOC-A7-2025-118,S01,-13,13,1,100
SOC-A7-2025-118,S01,-12,13,2,201
SOC-A7-2025-118,S01,-11,13,1,100
SOC-A7-2025-118,S01,-10,13,1,100
SOC-A7-2025-118,S01,-9,13,1,100
SOC-A7-2025-118,S01,-8,13,2,200
SOC-A7-2025-118,S01,-7,13,2,200
SOC-A7-2025-118,S01,-6,13,1,100
SOC-A7-2025-118,S01,-5,13,1,100
SOC-A7-2025-118,S01,-4,13,1,100
SOC-A7-2025-118,S01,-3,13,1,100
SOC-A7-2025-118,S01,-2,13,1,100
SOC-A7-2025-118,S01,-1,13,1,100
SOC-A7-2025-118,S01,0,13,1,100
SOC-A7-2025-118,S01,1,13,1,100
SOC-A7-2025-118,S01,2,13,2,201
SOC-A7-2025-118,S01,3,13,2,200
SOC-A7-2025-118,S01,4,13,2,201
SOC-A7-2025-118,S01,5,13,9,901
SOC-A7-2025-118,S01,6,13,1,100
SOC-A7-2025-118,S01,7,13,1,100
SOC-A7-2025-118,S01,8,13,2,201
SOC-A7-2025-118,S01,9,13,1,100
SOC-A7-2025-118,S01,10,13,1,100
SOC-A7-2025-118,S01,11,13,1,100
SOC-A7-2025-118,S01,12,13,9,902
SOC-A7-2025-118,S01,13,13,1,100
SOC-A7-2025-118,S01,14,13,1,100
SOC-A7-2025-118,S01,15,13,1,100
SOC-A7-2025-118,S01,16,13,1,100
SOC-A7-2025-118,S01,17,13,1,100
SOC-A7-2025-118,S01,18,13,1,100
SOC-A7-2025-118,S01,19,13,3,303
SOC-A7-2025-118,S01,20,13,1,100
SOC-A7-2025-118,S01,-19,14,12,1201
SOC-A7-2025-118,S01,-18,14,1,100
SOC-A7-2025-118,S01,-17,14,1,100
SOC-A7-2025-118,S01,-16,14,1,100
SOC-A7-2025-118,S01,-15,14,1,100
SOC-A7-2025-118,S01,-14,14,1,100
SOC-A7-2025-118,S01,-13,14,1,100
SOC-A7-2025-118,S01,-12,14,1,100
SOC-A7-2025-118,S01,-11,14,1,100
SOC-A7-2025-118,S01,-10,14,1,100
SOC-A7-2025-118,S01,-9,14,1,100
SOC-A7-2025-118,S01,-8,14,2,201
SOC-A7-2025-118,S01,-7,14,1,100
SOC-A7-2025-118,S01,-6,14,1,100
SOC-A7-2025-118,S01,-5,14,1,100
SOC-A7-2025-118,S01,-4,14,1,100
SOC-A7-2025-118,S01,-3,14,1,100
SOC-A7-2025-118,S01,-2,14,1,100
SOC-A7-2025-118,S01,-1,14,1,100
SOC-A7-2025-118,S01,0,14,1,100
SOC-A7-2025-118,S01,1,14,1,100
SOC-A7-2025-118,S01,2,14,1,100
SOC-A7-2025-118,S01,3,14,1,100
SOC-A7-2025-118,S01,4,14,1,100
SOC-A7-2025-118,S01,5,14,1,100
SOC-A7-2025-118,S01,6,14,1,100
SOC-A7-2025-118,S01,7,14,2,200
SOC-A7-2025-118,S01,8,14,1,100
SOC-A7-2025-118,S01,9,14,1,100
SOC-A7-2025-118,S01,10,14,1,100
SOC-A7-2025-118,S01,11,14,1,100
SOC-A7-2025-118,S01,12,14,1,100
SOC-A7-2025-118,S01,13,14,9,901
SOC-A7-2025-118,S01,14,14,1,100
SOC-A7-2025-118,S01,15,14,1,100
SOC-A7-2025-118,S01,16,14,1,100
SOC-A7-2025-118,S01,17,14,1,100
SOC-A7-2025-118,S01,18,14,1,100
SOC-A7-2025-118,S01,19,14,1,100
SOC-A7-2025-118,S01,-19,15,1,100
SOC-A7-2025-118,S01,-18,15,1,100
SOC-A7-2025-118,S01,-17,15,1,100
SOC-A7-2025-118,S01,-16,15,1,100
SOC-A7-2025-118,S01,-15,15,12,1202
SOC-A7-2025-118,S01,-14,15,1,100
SOC-A7-2025-118,S01,-13,15,11,1101
SOC-A7-2025-118,S01,-12,15,1,100
SOC-A7-2025-118,S01,-11,15,1,100
SOC-A7-2025-118,S01,-10,15,1,100
SOC-A7-2025-118,S01,-9,15,15,1502
SOC-A7-2025-118,S01,-8,15,1,100
SOC-A7-2025-118,S01,-7,15,1,100
SOC-A7-2025-118,S01,-6,15,1,100
SOC-A7-2025-118,S01,-5,15,1,100
SOC-A7-2025-118,S01,-4,15,1,100
SOC-A7-2025-118,S01,-3,15,1,100
SOC-A7-2025-118,S01,-2,15,1,100
SOC-A7-2025-118,S01,-1,15,1,100
SOC-A7-2025-118,S01,0,15,1,100
SOC-A7-2025-118,S01,1,15,9,901
SOC-A7-2025-118,S01,2,15,1,100
SOC-A7-2025-118,S01,3,15,9,902
SOC-A7-2025-118,S01,4,15,1,100
SOC-A7-2025-118,S01,5,15,1,100
SOC-A7-2025-118,S01,6,15,1,100
SOC-A7-2025-118,S01,7,15,1,100
SOC-A7-2025-118,S01,8,15,1,100
SOC-A7-2025-118,S01,9,15,9,901
SOC-A7-2025-118,S01,10,15,1,100
SOC-A7-2025-118,S01,11,15,9,901
SOC-A7-2025-118,S01,12,15,9,901
SOC-A7-2025-118,S01,13,15,1,100
SOC-A7-2025-118,S01,14,15,9,901
SOC-A7-2025-118,S01,15,15,1,100
SOC-A7-2025-118,S01,16,15,9,901
SOC-A7-2025-118,S01,17,15,3,302
SOC-A7-2025-118,S01,18,15,1,100
SOC-A7-2025-118,S01,19,15,2,200
SOC-A7-2025-118,S01,-18,16,12,1201
SOC-A7-2025-118,S01,-17,16,1,100
SOC-A7-2025-118,S01,-16,16,3,303
SOC-A7-2025-118,S01,-15,16,1,100
SOC-A7-2025-118,S01,-14,16,8,802
SOC-A7-2025-118,S01,-13,16,1,100
SOC-A7-2025-118,S01,-12,16,1,100
SOC-A7-2025-118,S01,-11,16,11,1101
SOC-A7-2025-118,S01,-10,16,2,201
SOC-A7-2025-118,S01,-9,16,1,100
SOC-A7-2025-118,S01,-8,16,1,100
SOC-A7-2025-118,S01,-7,16,1,100
SOC-A7-2025-118,S01,-6,16,1,100
SOC-A7-2025-118,S01,-5,16,1,100
SOC-A7-2025-118,S01,-4,16,1,100
SOC-A7-2025-118,S01,-3,16,1,100
SOC-A7-2025-118,S01,-2,16,1,100
SOC-A7-2025-118,S01,-1,16,1,100
SOC-A7-2025-118,S01,0,16,8,802
SOC-A7-2025-118,S01,1,16,1,100
SOC-A7-2025-118,S01,2,16,2,200
SOC-A7-2025-118,S01,3,16,1,100
SOC-A7-2025-118,S01,4,16,9,902
SOC-A7-2025-118,S01,5,16,1,100
SOC-A7-2025-118,S01,6,16,1,100
SOC-A7-2025-118,S01,7,16,1,100
SOC-A7-2025-118,S01,8,16,1,100
SOC-A7-2025-118,S01,9,16,2,201
SOC-A7-2025-118,S01,10,16,1,100
SOC-A7-2025-118,S01,11,16,1,100
SOC-A7-2025-118,S01,12,16,9,902
SOC-A7-2025-118,S01,13,16,9,902
SOC-A7-2025-118,S01,14,16,6,602
SOC-A7-2025-118,S01,15,16,1,100
SOC-A7-2025-118,S01,16,16,9,902
SOC-A7-2025-118,S01,17,16,3,301
SOC-A7-2025-118,S01,18,16,1,100
SOC-A7-2025-118,S01,-17,17,1,100
SOC-A7-2025-118,S01,-16,17,3,301
SOC-A7-2025-118,S01,-15,17,3,302
SOC-A7-2025-118,S01,-14,17,1,100
SOC-A7-2025-118,S01,-13,17,1,100
SOC-A7-2025-118,S01,-12,17,1,100
SOC-A7-2025-118,S01,-11,17,1,100
SOC-A7-2025-118,S01,-10,17,1,100
SOC-A7-2025-118,S01,-9,17,1,100
SOC-A7-2025-118,S01,-8,17,1,100
SOC-A7-2025-118,S01,-7,17,1,100
SOC-A7-2025-118,S01,-6,17,1,100
SOC-A7-2025-118,S01,-5,17,1,100
SOC-A7-2025-118,S01,-4,17,1,100
SOC-A7-2025-118,S01,-3,17,1,100
SOC-A7-2025-118,S01,-2,17,1,100
SOC-A7-2025-118,S01,-1,17,9,902
SOC-A7-2025-118,S01,0,17,2,201
SOC-A7-2025-118,S01,1,17,1,100
SOC-A7-2025-118,S01,2,17,9,901
SOC-A7-2025-118,S01,3,17,1,100
SOC-A7-2025-118,S01,4,17,1,100
SOC-A7-2025-118,S01,5,17,1,100
SOC-A7-2025-118,S01,6,17,9,902
SOC-A7-2025-118,S01,7,17,1,100
SOC-A7-2025-118,S01,8,17,11,1101
SOC-A7-2025-118,S01,9,17,9,902
SOC-A7-2025-118,S01,10,17,9,902
SOC-A7-2025-118,S01,11,17,1,100
SOC-A7-2025-118,S01,12,17,9,902
SOC-A7-2025-118,S01,13,17,9,901
SOC-A7-2025-118,S01,14,17,1,100
SOC-A7-2025-118,S01,15,17,1,100
SOC-A7-2025-118,S01,16,17,3,301
SOC-A7-2025-118,S01,17,17,3,303
SOC-A7-2025-118,S01,-16,18,1,100
SOC-A7-2025-118,S01,-15,18,3,303
SOC-A7-2025-118,S01,-14,18,2,201
SOC-A7-2025-118,S01,-13,18,1,100
SOC-A7-2025-118,S01,-12,18,1,100
SOC-A7-2025-118,S01,-11,18,1,100
SOC-A7-2025-118,S01,-10,18,1,100
SOC-A7-2025-118,S01,-9,18,1,100
SOC-A7-2025-118,S01,-8,18,1,100
SOC-A7-2025-118,S01,-7,18,1,100
SOC-A7-2025-118,S01,-6,18,1,100
SOC-A7-2025-118,S01,-5,18,1,100
SOC-A7-2025-118,S01,-4,18,1,100
SOC-A7-2025-118,S01,-3,18,1,100
SOC-A7-2025-118,S01,-2,18,1,100
SOC-A7-2025-118,S01,-1,18,1,100
SOC-A7-2025-118,S01,0,18,1,100
SOC-A7-2025-118,S01,1,18,1,100
SOC-A7-2025-118,S01,2,18,1,100
SOC-A7-2025-118,S01,3,18,2,201
SOC-A7-2025-118,S01,4,18,1,100
SOC-A7-2025-118,S01,5,18,1,100
SOC-A7-2025-118,S01,6,18,1,100
SOC-A7-2025-118,S01,7,18,1,100
SOC-A7-2025-118,S01,8,18,1,100
SOC-A7-2025-118,S01,9,18,1,100
SOC-A7-2025-118,S01,10,18,1,100
SOC-A7-2025-118,S01,11,18,9,902
SOC-A7-2025-118,S01,12,18,1,100
SOC-A7-2025-118,S01,13,18,9,902
SOC-A7-2025-118,S01,14,18,3,302
SOC-A7-2025-118,S01,15,18,3,303
SOC-A7-2025-118,S01,16,18,1,100
SOC-A7-2025-118,S01,-15,19,12,1201
SOC-A7-2025-118,S01,-14,19,3,301
SOC-A7-2025-118,S01,-13,19,1,100
SOC-A7-2025-118,S01,-12,19,1,100
SOC-A7-2025-118,S01,-11,19,1,100
SOC-A7-2025-118,S01,-10,19,2,201
SOC-A7-2025-118,S01,-9,19,1,100
SOC-A7-2025-118,S01,-8,19,1,100
SOC-A7-2025-118,S01,-7,19,1,100
SOC-A7-2025-118,S01,-6,19,1,100
SOC-A7-2025-118,S01,-5,19,1,100
SOC-A7-2025-118,S01,-4,19,1,100
SOC-A7-2025-118,S01,-3,19,2,200
SOC-A7-2025-118,S01,-2,19,8,801
SOC-A7-2025-118,S01,-1,19,1,100
SOC-A7-2025-118,S01,0,19,1,100
SOC-A7-2025-118,S01,1,19,1,100
SOC-A7-2025-118,S01,2,19,1,100
SOC-A7-2025-118,S01,3,19,1,100
SOC-A7-2025-118,S01,4,19,1,100
SOC-A7-2025-118,S01,5,19,1,100
SOC-A7-2025-118,S01,6,19,1,100
SOC-A7-2025-118,S01,7,19,1,100
SOC-A7-2025-118,S01,8,19,1,100
SOC-A7-2025-118,S01,9,19,1,100
SOC-A7-2025-118,S01,10,19,1,100
SOC-A7-2025-118,S01,11,19,1,100
SOC-A7-2025-118,S01,12,19,1,100
SOC-A7-2025-118,S01,13,19,3,302
SOC-A7-2025-118,S01,14,19,1,100
SOC-A7-2025-118,S01,15,19,1,100
SOC-A7-2025-118,S01,-13,20,1,100
SOC-A7-2025-118,S01,-12,20,1,100
SOC-A7-2025-118,S01,-11,20,3,303
SOC-A7-2025-118,S01,-10,20,1,100
SOC-A7-2025-118,S01,-9,20,1,100
SOC-A7-2025-118,S01,-8,20,2,201
SOC-A7-2025-118,S01,-7,20,1,100
SOC-A7-2025-118,S01,-6,20,1,100
SOC-A7-2025-118,S01,-5,20,2,200
SOC-A7-2025-118,S01,-4,20,1,100
SOC-A7-2025-118,S01,-3,20,2,201
SOC-A7-2025-118,S01,-2,20,1,100
SOC-A7-2025-118,S01,-1,20,1,100
SOC-A7-2025-118,S01,0,20,1,100
SOC-A7-2025-118,S01,1,20,1,100
SOC-A7-2025-118,S01,2,20,1,100
SOC-A7-2025-118,S01,3,20,12,1202
SOC-A7-2025-118,S01,4,20,1,100
SOC-A7-2025-118,S01,5,20,1,100
SOC-A7-2025-118,S01,6,20,9,901
SOC-A7-2025-118,S01,7,20,1,100
SOC-A7-2025-118,S01,8,20,9,901
SOC-A7-2025-118,S01,9,20,1,100
SOC-A7-2025-118,S01,10,20,1,100
SOC-A7-2025-118,S01,11,20,9,902
SOC-A7-2025-118,S01,12,20,1,100
SOC-A7-2025-118,S01,13,20,1,100
SOC-A7-2025-118,S01,-12,21,3,301
SOC-A7-2025-118,S01,-11,21,1,100
SOC-A7-2025-118,S01,-10,21,1,100
SOC-A7-2025-118,S01,-9,21,1,100
SOC-A7-2025-118,S01,-8,21,1,100
SOC-A7-2025-118,S01,-7,21,12,1201
SOC-A7-2025-118,S01,-6,21,1,100
SOC-A7-2025-118,S01,-5,21,9,901
SOC-A7-2025-118,S01,-4,21,1,100
SOC-A7-2025-118,S01,-3,21,1,100
SOC-A7-2025-118,S01,-2,21,1,100
SOC-A7-2025-118,S01,-1,21,1,100
SOC-A7-2025-118,S01,0,21,2,200
SOC-A7-2025-118,S01,1,21,9,902
SOC-A7-2025-118,S01,2,21,1,100
SOC-A7-2025-118,S01,3,21,1,100
SOC-A7-2025-118,S01,4,21,9,902
SOC-A7-2025-118,S01,5,21,9,901
SOC-A7-2025-118,S01,6,21,1,100
SOC-A7-2025-118,S01,7,21,1,100
SOC-A7-2025-118,S01,8,21,12,1202
SOC-A7-2025-118,S01,9,21,6,602
SOC-A7-2025-118,S01,10,21,1,100
SOC-A7-2025-118,S01,11,21,1,100
SOC-A7-2025-118,S01,12,21,1,100
SOC-A7-2025-118,S01,-10,22,1,100
SOC-A7-2025-118,S01,-9,22,1,100
SOC-A7-2025-118,S01,-8,22,3,301
SOC-A7-2025-118,S01,-7,22,1,100
SOC-A7-2025-118,S01,-6,22,1,100
SOC-A7-2025-118,S01,-5,22,1,100
SOC-A7-2025-118,S01,-4,22,9,902
SOC-A7-2025-118,S01,-3,22,1,100
SOC-A7-2025-118,S01,-2,22,1,100
SOC-A7-2025-118,S01,-1,22,9,902
SOC-A7-2025-118,S01,0,22,1,100
SOC-A7-2025-118,S01,1,22,1,100
SOC-A7-2025-118,S01,2,22,9,901
SOC-A7-2025-118,S01,3,22,1,100
SOC-A7-2025-118,S01,4,22,1,100
SOC-A7-2025-118,S01,5,22,1,100
SOC-A7-2025-118,S01,6,22,11,1102
SOC-A7-2025-118,S01,7,22,3,303
SOC-A7-2025-118,S01,8,22,3,303
SOC-A7-2025-118,S01,9,22,3,301
SOC-A7-2025-118,S01,10,22,3,303
SOC-A7-2025-118,S01,-7,23,3,303
SOC-A7-2025-118,S01,-6,23,1,100
SOC-A7-2025-118,S01,-5,23,1,100
SOC-A7-2025-118,S01,-4,23,1,100
SOC-A7-2025-118,S01,-3,23,3,301
SOC-A7-2025-118,S01,-2,23,1,100
SOC-A7-2025-118,S01,-1,23,3,303
SOC-A7-2025-118,S01,0,23,1,100
SOC-A7-2025-118,S01,1,23,1,100
SOC-A7-2025-118,S01,2,23,3,301
SOC-A7-2025-118,S01,3,23,1,100
SOC-A7-2025-118,S01,4,23,3,302
SOC-A7-2025-118,S01,5,23,3,301
SOC-A7-2025-118,S01,6,23,3,301
SOC-A7-2025-118,S01,7,23,1,100
SOC-A7-2025-118,S01,-3,24,3,302
SOC-A7-2025-118,S01,-2,24,1,100
SOC-A7-2025-118,S01,-1,24,3,301
SOC-A7-2025-118,S01,0,24,1,100
SOC-A7-2025-118,S01,1,24,1,100
SOC-A7-2025-118,S01,2,24,1,100
SOC-A7-2025-118,S01,3,24,3,302
SOC-A7-2025-118,S02,-3,-24,12,1202
SOC-A7-2025-118,S02,-2,-24,1,100
SOC-A7-2025-118,S02,-1,-24,1,100
SOC-A7-2025-118,S02,0,-24,2,200
SOC-A7-2025-118,S02,1,-24,3,303
SOC-A7-2025-118,S02,2,-24,1,100
SOC-A7-2025-118,S02,3,-24,1,100
SOC-A7-2025-118,S02,-7,-23,3,303
SOC-A7-2025-118,S02,-6,-23,1,100
SOC-A7-2025-118,S02,-5,-23,1,100
SOC-A7-2025-118,S02,-4,-23,1,100
SOC-A7-2025-118,S02,-3,-23,3,302
SOC-A7-2025-118,S02,-2,-23,3,301
SOC-A7-2025-118,S02,-1,-23,3,303
SOC-A7-2025-118,S02,0,-23,3,302
SOC-A7-2025-118,S02,1,-23,10,1001
SOC-A7-2025-118,S02,2,-23,3,303
SOC-A7-2025-118,S02,3,-23,10,1001
SOC-A7-2025-118,S02,4,-23,2,201
SOC-A7-2025-118,S02,5,-23,10,1001
SOC-A7-2025-118,S02,6,-23,1,100
SOC-A7-2025-118,S02,7,-23,3,302
SOC-A7-2025-118,S02,-10,-22,3,302
SOC-A7-2025-118,S02,-9,-22,1,100
SOC-A7-2025-118,S02,-8,-22,10,1002
SOC-A7-2025-118,S02,-7,-22,1,100
SOC-A7-2025-118,S02,-6,-22,3,301
SOC-A7-2025-118,S02,-5,-22,1,100
SOC-A7-2025-118,S02,-4,-22,2,201
SOC-A7-2025-118,S02,-3,-22,1,100
SOC-A7-2025-118,S02,-2,-22,1,100
SOC-A7-2025-118,S02,-1,-22,1,100
SOC-A7-2025-118,S02,0,-22,2,200
SOC-A7-2025-118,S02,1,-22,1,100
SOC-A7-2025-118,S02,2,-22,1,100
SOC-A7-2025-118,S02,3,-22,2,200
SOC-A7-2025-118,S02,4,-22,2,201
SOC-A7-2025-118,S02,5,-22,3,303
SOC-A7-2025-118,S02,6,-22,1,100
SOC-A7-2025-118,S02,7,-22,3,301
SOC-A7-2025-118,S02,8,-22,2,200
SOC-A7-2025-118,S02,9,-22,3,301
SOC-A7-2025-118,S02,10,-22,3,301
SOC-A7-2025-118,S02,-12,-21,3,301
SOC-A7-2025-118,S02,-11,-21,10,1002
SOC-A7-2025-118,S02,-10,-21,2,200
SOC-A7-2025-118,S02,-9,-21,1,100
SOC-A7-2025-118,S02,-8,-21,10,1002
SOC-A7-2025-118,S02,-7,-21,1,100
SOC-A7-2025-118,S02,-6,-21,15,1501
SOC-A7-2025-118,S02,-5,-21,10,1002
SOC-A7-2025-118,S02,-4,-21,1,100
SOC-A7-2025-118,S02,-3,-21,1,100
SOC-A7-2025-118,S02,-2,-21,2,200
SOC-A7-2025-118,S02,-1,-21,1,100
SOC-A7-2025-118,S02,0,-21,2,201
SOC-A7-2025-118,S02,1,-21,12,1201
SOC-A7-2025-118,S02,2,-21,10,1002
SOC-A7-2025-118,S02,3,-21,1,100
SOC-A7-2025-118,S02,4,-21,1,100
SOC-A7-2025-118,S02,5,-21,2,200
SOC-A7-2025-118,S02,6,-21,1,100
SOC-A7-2025-118,S02,7,-21,15,1502
SOC-A7-2025-118,S02,8,-21,1,100
SOC-A7-2025-118,S02,9,-21,3,301
SOC-A7-2025-118,S02,10,-21,1,100
SOC-A7-2025-118,S02,11,-21,1,100
SOC-A7-2025-118,S02,12,-21,1,100
SOC-A7-2025-118,S02,-13,-20,1,100
SOC-A7-2025-118,S02,-12,-20,10,1001
SOC-A7-2025-118,S02,-11,-20,10,1002
SOC-A7-2025-118,S02,-10,-20,1,100
SOC-A7-2025-118,S02,-9,-20,6,602
SOC-A7-2025-118,S02,-8,-20,1,100
SOC-A7-2025-118,S02,-7,-20,2,201
SOC-A7-2025-118,S02,-6,-20,1,100
SOC-A7-2025-118,S02,-5,-20,1,100
SOC-A7-2025-118,S02,-4,-20,1,100
SOC-A7-2025-118,S02,-3,-20,1,100
SOC-A7-2025-118,S02,-2,-20,1,100
SOC-A7-2025-118,S02,-1,-20,10,1002
SOC-A7-2025-118,S02,0,-20,10,1001
SOC-A7-2025-118,S02,1,-20,2,200
SOC-A7-2025-118,S02,2,-20,2,200
SOC-A7-2025-118,S02,3,-20,10,1001
SOC-A7-2025-118,S02,4,-20,1,100
SOC-A7-2025-118,S02,5,-20,1,100
SOC-A7-2025-118,S02,6,-20,1,100
SOC-A7-2025-118,S02,7,-20,1,100
SOC-A7-2025-118,S02,8,-20,8,802
SOC-A7-2025-118,S02,9,-20,1,100
SOC-A7-2025-118,S02,10,-20,1,100
SOC-A7-2025-118,S02,11,-20,3,302
SOC-A7-2025-118,S02,12,-20,1,100
SOC-A7-2025-118,S02,13,-20,1,100
SOC-A7-2025-118,S02,-15,-19,3,301
SOC-A7-2025-118,S02,-14,-19,1,100
SOC-A7-2025-118,S02,-13,-19,2,200
SOC-A7-2025-118,S02,-12,-19,2,200
SOC-A7-2025-118,S02,-11,-19,1,100
SOC-A7-2025-118,S02,-10,-19,2,200
SOC-A7-2025-118,S02,-9,-19,2,200
SOC-A7-2025-118,S02,-8,-19,1,100
SOC-A7-2025-118,S02,-7,-19,1,100
SOC-A7-2025-118,S02,-6,-19,1,100
SOC-A7-2025-118,S02,-5,-19,2,200
SOC-A7-2025-118,S02,-4,-19,1,100
SOC-A7-2025-118,S02,-3,-19,1,100
SOC-A7-2025-118,S02,-2,-19,1,100
SOC-A7-2025-118,S02,-1,-19,1,100
SOC-A7-2025-118,S02,0,-19,2,201
SOC-A7-2025-118,S02,1,-19,1,100
SOC-A7-2025-118,S02,2,-19,1,100
SOC-A7-2025-118,S02,3,-19,10,1001
SOC-A7-2025-118,S02,4,-19,2,201
SOC-A7-2025-118,S02,5,-19,1,100
SOC-A7-2025-118,S02,6,-19,1,100
SOC-A7-2025-118,S02,7,-19,1,100
SOC-A7-2025-118,S02,8,-19,2,201
SOC-A7-2025-118,S02,9,-19,2,201
SOC-A7-2025-118,S02,10,-19,2,200
SOC-A7-2025-118,S02,11,-19,1,100
SOC-A7-2025-118,S02,12,-19,1,100
SOC-A7-2025-118,S02,13,-19,3,302
SOC-A7-2025-118,S02,14,-19,3,302
SOC-A7-2025-118,S02,15,-19,1,100
SOC-A7-2025-118,S02,-16,-18,3,303
SOC-A7-2025-118,S02,-15,-18,3,302
SOC-A7-2025-118,S02,-14,-18,8,802
SOC-A7-2025-118,S02,-13,-18,2,201
SOC-A7-2025-118,S02,-12,-18,1,100
SOC-A7-2025-118,S02,-11,-18,1,100
SOC-A7-2025-118,S02,-10,-18,1,100
SOC-A7-2025-118,S02,-9,-18,12,1202
SOC-A7-2025-118,S02,-8,-18,1,100
SOC-A7-2025-118,S02,-7,-18,1,100
SOC-A7-2025-118,S02,-6,-18,10,1001
SOC-A7-2025-118,S02,-5,-18,2,200
SOC-A7-2025-118,S02,-4,-18,2,201
SOC-A7-2025-118,S02,-3,-18,2,200
SOC-A7-2025-118,S02,-2,-18,1,100
SOC-A7-2025-118,S02,-1,-18,2,200
SOC-A7-2025-118,S02,0,-18,10,1002
SOC-A7-2025-118,S02,1,-18,2,200
SOC-A7-2025-118,S02,2,-18,1,100
SOC-A7-2025-118,S02,3,-18,1,100
SOC-A7-2025-118,S02,4,-18,8,801
SOC-A7-2025-118,S02,5,-18,2,200
SOC-A7-2025-118,S02,6,-18,2,201
SOC-A7-2025-118,S02,7,-18,2,201
SOC-A7-2025-118,S02,8,-18,1,100
SOC-A7-2025-118,S02,9,-18,2,201
SOC-A7-2025-118,S02,10,-18,12,1201
SOC-A7-2025-118,S02,11,-18,1,100
SOC-A7-2025-118,S02,12,-18,1,100
SOC-A7-2025-118,S02,13,-18,12,1201
SOC-A7-2025-118,S02,14,-18,1,100
SOC-A7-2025-118,S02,15,-18,1,100
SOC-A7-2025-118,S02,16,-18,3,303
SOC-A7-2025-118,S02,-17,-17,1,100
SOC-A7-2025-118,S02,-16,-17,2,201
SOC-A7-2025-118,S02,-15,-17,3,302
SOC-A7-2025-118,S02,-14,-17,2,201
SOC-A7-2025-118,S02,-13,-17,2,200
SOC-A7-2025-118,S02,-12,-17,2,201
SOC-A7-2025-118,S02,-11,-17,10,1002
SOC-A7-2025-118,S02,-10,-17,10,1001
SOC-A7-2025-118,S02,-9,-17,2,201
SOC-A7-2025-118,S02,-8,-17,2,200
SOC-A7-2025-118,S02,-7,-17,1,100
SOC-A7-2025-118,S02,-6,-17,10,1001
SOC-A7-2025-118,S02,-5,-17,1,100
SOC-A7-2025-118,S02,-4,-17,2,200
SOC-A7-2025-118,S02,-3,-17,1,100
SOC-A7-2025-118,S02,-2,-17,2,201
SOC-A7-2025-118,S02,-1,-17,1,100
SOC-A7-2025-118,S02,0,-17,1,100
SOC-A7-2025-118,S02,1,-17,2,201
SOC-A7-2025-118,S02,2,-17,1,100
SOC-A7-2025-118,S02,3,-17,1,100
SOC-A7-2025-118,S02,4,-17,1,100
SOC-A7-2025-118,S02,5,-17,1,100
SOC-A7-2025-118,S02,6,-17,2,201
SOC-A7-2025-118,S02,7,-17,1,100
SOC-A7-2025-118,S02,8,-17,1,100
SOC-A7-2025-118,S02,9,-17,2,201
SOC-A7-2025-118,S02,10,-17,1,100
SOC-A7-2025-118,S02,11,-17,2,201
SOC-A7-2025-118,S02,12,-17,1,100
SOC-A7-2025-118,S02,13,-17,1,100
SOC-A7-2025-118,S02,14,-17,1,100
SOC-A7-2025-118,S02,15,-17,1,100
SOC-A7-2025-118,S02,16,-17,12,1201
SOC-A7-2025-118,S02,17,-17,12,1202
SOC-A7-2025-118,S02,-18,-16,3,301
SOC-A7-2025-118,S02,-17,-16,10,1001
SOC-A7-2025-118,S02,-16,-16,3,301
SOC-A7-2025-118,S02,-15,-16,2,200
SOC-A7-2025-118,S02,-14,-16,1,100
SOC-A7-2025-118,S02,-13,-16,10,1001
SOC-A7-2025-118,S02,-12,-16,1,100
SOC-A7-2025-118,S02,-11,-16,1,100
SOC-A7-2025-118,S02,-10,-16,1,100
SOC-A7-2025-118,S02,-9,-16,10,1002
SOC-A7-2025-118,S02,-8,-16,1,100
SOC-A7-2025-118,S02,-7,-16,1,100
SOC-A7-2025-118,S02,-6,-16,1,100
SOC-A7-2025-118,S02,-5,-16,2,200
SOC-A7-2025-118,S02,-4,-16,6,602
SOC-A7-2025-118,S02,-3,-16,1,100
SOC-A7-2025-118,S02,-2,-16,1,100
SOC-A7-2025-118,S02,-1,-16,2,200
SOC-A7-2025-118,S02,0,-16,1,100
SOC-A7-2025-118,S02,1,-16,2,201
SOC-A7-2025-118,S02,2,-16,2,200
SOC-A7-2025-118,S02,3,-16,1,100
SOC-A7-2025-118,S02,4,-16,2,201
SOC-A7-2025-118,S02,5,-16,2,200
SOC-A7-2025-118,S02,6,-16,1,100
SOC-A7-2025-118,S02,7,-16,1,100
SOC-A7-2025-118,S02,8,-16,2,200
SOC-A7-2025-118,S02,9,-16,1,100
SOC-A7-2025-118,S02,10,-16,1,100
SOC-A7-2025-118,S02,11,-16,1,100
SOC-A7-2025-118,S02,12,-16,2,200
SOC-A7-2025-118,S02,13,-16,2,200
SOC-A7-2025-118,S02,14,-16,1,100
SOC-A7-2025-118,S02,15,-16,1,100
SOC-A7-2025-118,S02,16,-16,3,301
SOC-A7-2025-118,S02,17,-16,1,100
SOC-A7-2025-118,S02,18,-16,3,302
SOC-A7-2025-118,S02,-19,-15,1,100
SOC-A7-2025-118,S02,-18,-15,3,301
SOC-A7-2025-118,S02,-17,-15,12,1202
SOC-A7-2025-118,S02,-16,-15,2,200
SOC-A7-2025-118,S02,-15,-15,10,1002
SOC-A7-2025-118,S02,-14,-15,2,201
SOC-A7-2025-118,S02,-13,-15,2,201
SOC-A7-2025-118,S02,-12,-15,10,1001
SOC-A7-2025-118,S02,-11,-15,10,1002
SOC-A7-2025-118,S02,-10,-15,1,100
SOC-A7-2025-118,S02,-9,-15,1,100
SOC-A7-2025-118,S02,-8,-15,1,100
SOC-A7-2025-118,S02,-7,-15,10,1001
SOC-A7-2025-118,S02,-6,-15,2,201
SOC-A7-2025-118,S02,-5,-15,1,100
SOC-A7-2025-118,S02,-4,-15,1,100
SOC-A7-2025-118,S02,-3,-15,2,200
SOC-A7-2025-118,S02,-2,-15,10,1002
SOC-A7-2025-118,S02,-1,-15,2,200
SOC-A7-2025-118,S02,0,-15,1,100
SOC-A7-2025-118,S02,1,-15,1,100
SOC-A7-2025-118,S02,2,-15,1,100
SOC-A7-2025-118,S02,3,-15,1,100
SOC-A7-2025-118,S02,4,-15,1,100
SOC-A7-2025-118,S02,5,-15,1,100
SOC-A7-2025-118,S02,6,-15,2,200
SOC-A7-2025-118,S02,7,-15,1,100
SOC-A7-2025-118,S02,8,-15,1,100
SOC-A7-2025-118,S02,9,-15,1,100
SOC-A7-2025-118,S02,10,-15,1,100
SOC-A7-2025-118,S02,11,-15,1,100
SOC-A7-2025-118,S02,12,-15,1,100
SOC-A7-2025-118,S02,13,-15,1,100
SOC-A7-2025-118,S02,14,-15,1,100
SOC-A7-2025-118,S02,15,-15,1,100
SOC-A7-2025-118,S02,16,-15,1,100
SOC-A7-2025-118,S02,17,-15,1,100
SOC-A7-2025-118,S02,18,-15,1,100
SOC-A7-2025-118,S02,19,-15,1,100
SOC-A7-2025-118,S02,-19,-14,3,302
SOC-A7-2025-118,S02,-18,-14,2,201
SOC-A7-2025-118,S02,-17,-14,1,100
SOC-A7-2025-118,S02,-16,-14,10,1002
SOC-A7-2025-118,S02,-15,-14,1,100
SOC-A7-2025-118,S02,-14,-14,1,100
SOC-A7-2025-118,S02,-13,-14,2,200
SOC-A7-2025-118,S02,-12,-14,1,100
SOC-A7-2025-118,S02,-11,-14,1,100
SOC-A7-2025-118,S02,-10,-14,10,1001
SOC-A7-2025-118,S02,-9,-14,1,100
SOC-A7-2025-118,S02,-8,-14,1,100
SOC-A7-2025-118,S02,-7,-14,1,100
SOC-A7-2025-118,S02,-6,-14,2,200
SOC-A7-2025-118,S02,-5,-14,1,100
SOC-A7-2025-118,S02,-4,-14,1,100
SOC-A7-2025-118,S02,-3,-14,10,1001
SOC-A7-2025-118,S02,-2,-14,1,100
SOC-A7-2025-118,S02,-1,-14,1,100
SOC-A7-2025-118,S02,0,-14,2,200
SOC-A7-2025-118,S02,1,-14,8,801
SOC-A7-2025-118,S02,2,-14,6,603
SOC-A7-2025-118,S02,3,-14,1,100
SOC-A7-2025-118,S02,4,-14,1,100
SOC-A7-2025-118,S02,5,-14,1,100
SOC-A7-2025-118,S02,6,-14,1,100
SOC-A7-2025-118,S02,7,-14,1,100
SOC-A7-2025-118,S02,8,-14,1,100
SOC-A7-2025-118,S02,9,-14,1,100
SOC-A7-2025-118,S02,10,-14,1,100
SOC-A7-2025-118,S02,11,-14,1,100
SOC-A7-2025-118,S02,12,-14,2,201
SOC-A7-2025-118,S02,13,-14,1,100
SOC-A7-2025-118,S02,14,-14,1,100
SOC-A7-2025-118,S02,15,-14,1,100
SOC-A7-2025-118,S02,16,-14,2,201
SOC-A7-2025-118,S02,17,-14,1,100
SOC-A7-2025-118,S02,18,-14,3,303
SOC-A7-2025-118,S02,19,-14,3,302
SOC-A7-2025-118,S02,-20,-13,1,100
SOC-A7-2025-118,S02,-19,-13,10,1002
SOC-A7-2025-118,S02,-18,-13,2,200
SOC-A7-2025-118,S02,-17,-13,1,100
SOC-A7-2025-118,S02,-16,-13,1,100
SOC-A7-2025-118,S02,-15,-13,1,100
SOC-A7-2025-118,S02,-14,-13,1,100
SOC-A7-2025-118,S02,-13,-13,10,1001
SOC-A7-2025-118,S02,-12,-13,2,200
SOC-A7-2025-118,S02,-11,-13,1,100
SOC-A7-2025-118,S02,-10,-13,1,100
SOC-A7-2025-118,S02,-9,-13,2,201
SOC-A7-2025-118,S02,-8,-13,10,1001
SOC-A7-2025-118,S02,-7,-13,1,100
SOC-A7-2025-118,S02,-6,-13,1,100
SOC-A7-2025-118,S02,-5,-13,2,201
SOC-A7-2025-118,S02,-4,-13,1,100
SOC-A7-2025-118,S02,-3,-13,1,100
SOC-A7-2025-118,S02,-2,-13,1,100
SOC-A7-2025-118,S02,-1,-13,1,100
SOC-A7-2025-118,S02,0,-13,1,100
SOC-A7-2025-118,S02,1,-13,2,200
SOC-A7-2025-118,S02,2,-13,11,1101
SOC-A7-2025-118,S02,3,-13,11,1101
SOC-A7-2025-118,S02,4,-13,1,100
SOC-A7-2025-118,S02,5,-13,1,100
SOC-A7-2025-118,S02,6,-13,2,200
SOC-A7-2025-118,S02,7,-13,1,100
SOC-A7-2025-118,S02,8,-13,1,100
SOC-A7-2025-118,S02,9,-13,1,100
SOC-A7-2025-118,S02,10,-13,1,100
SOC-A7-2025-118,S02,11,-13,1,100
SOC-A7-2025-118,S02,12,-13,2,201
SOC-A7-2025-118,S02,13,-13,1,100
SOC-A7-2025-118,S02,14,-13,1,100
SOC-A7-2025-118,S02,15,-13,1,100
SOC-A7-2025-118,S02,16,-13,12,1202
SOC-A7-2025-118,S02,17,-13,2,201
SOC-A7-2025-118,S02,18,-13,1,100
SOC-A7-2025-118,S02,19,-13,1,100
SOC-A7-2025-118,S02,20,-13,2,200
SOC-A7-2025-118,S02,-21,-12,10,1002
SOC-A7-2025-118,S02,-20,-12,10,1001
SOC-A7-2025-118,S02,-19,-12,10,1001
SOC-A7-2025-118,S02,-18,-12,1,100
SOC-A7-2025-118,S02,-17,-12,1,100
SOC-A7-2025-118,S02,-16,-12,1,100
SOC-A7-2025-118,S02,-15,-12,2,201
SOC-A7-2025-118,S02,-14,-12,2,201
SOC-A7-2025-118,S02,-13,-12,1,100
SOC-A7-2025-118,S02,-12,-12,10,1001
SOC-A7-2025-118,S02,-11,-12,2,201
SOC-A7-2025-118,S02,-10,-12,1,100
SOC-A7-2025-118,S02,-9,-12,2,201
SOC-A7-2025-118,S02,-8,-12,1,100
SOC-A7-2025-118,S02,-7,-12,1,100
SOC-A7-2025-118,S02,-6,-12,2,200
SOC-A7-2025-118,S02,-5,-12,1,100
SOC-A7-2025-118,S02,-4,-12,6,601
SOC-A7-2025-118,S02,-3,-12,2,201
SOC-A7-2025-118,S02,-2,-12,1,100
SOC-A7-2025-118,S02,-1,-12,2,201
SOC-A7-2025-118,S02,0,-12,1,100
SOC-A7-2025-118,S02,1,-12,6,601
SOC-A7-2025-118,S02,2,-12,2,201
SOC-A7-2025-118,S02,3,-12,2,201
SOC-A7-2025-118,S02,4,-12,1,100
SOC-A7-2025-118,S02,5,-12,6,601
SOC-A7-2025-118,S02,6,-12,1,100
SOC-A7-2025-118,S02,7,-12,1,100
SOC-A7-2025-118,S02,8,-12,2,201
SOC-A7-2025-118,S02,9,-12,1,100
SOC-A7-2025-118,S02,10,-12,1,100
SOC-A7-2025-118,S02,11,-12,1,100
SOC-A7-2025-118,S02,12,-12,1,100
SOC-A7-2025-118,S02,13,-12,1,100
SOC-A7-2025-118,S02,14,-12,1,100
SOC-A7-2025-118,S02,15,-12,1,100
SOC-A7-2025-118,S02,16,-12,6,603
SOC-A7-2025-118,S02,17,-12,8,802
SOC-A7-2025-118,S02,18,-12,1,100
SOC-A7-2025-118,S02,19,-12,1,100
SOC-A7-2025-118,S02,20,-12,3,301
SOC-A7-2025-118,S02,21,-12,12,1201
SOC-A7-2025-118,S02,-21,-11,3,301
SOC-A7-2025-118,S02,-20,-11,2,200
SOC-A7-2025-118,S02,-19,-11,1,100
SOC-A7-2025-118,S02,-18,-11,1,100
SOC-A7-2025-118,S02,-17,-11,1,100
SOC-A7-2025-118,S02,-16,-11,2,200
SOC-A7-2025-118,S02,-15,-11,10,1001
SOC-A7-2025-118,S02,-14,-11,2,201
SOC-A7-2025-118,S02,-13,-11,1,100
SOC-A7-2025-118,S02,-12,-11,1,100
SOC-A7-2025-118,S02,-11,-11,1,100
SOC-A7-2025-118,S02,-10,-11,2,201
SOC-A7-2025-118,S02,-9,-11,1,100
SOC-A7-2025-118,S02,-8,-11,1,100
SOC-A7-2025-118,S02,-7,-11,1,100
SOC-A7-2025-118,S02,-6,-11,10,1001
SOC-A7-2025-118,S02,-5,-11,1,100
SOC-A7-2025-118,S02,-4,-11,1,100
SOC-A7-2025-118,S02,-3,-11,1,100
SOC-A7-2025-118,S02,-2,-11,2,200
SOC-A7-2025-118,S02,-1,-11,1,100
SOC-A7-2025-118,S02,0,-11,2,201
SOC-A7-2025-118,S02,1,-11,1,100
SOC-A7-2025-118,S02,2,-11,2,201
SOC-A7-2025-118,S02,3,-11,1,100
SOC-A7-2025-118,S02,4,-11,1,100
SOC-A7-2025-118,S02,5,-11,1,100
SOC-A7-2025-118,S02,6,-11,1,100
SOC-A7-2025-118,S02,7,-11,1,100
SOC-A7-2025-118,S02,8,-11,1,100
SOC-A7-2025-118,S02,9,-11,1,100
SOC-A7-2025-118,S02,10,-11,1,100
SOC-A7-2025-118,S02,11,-11,1,100
SOC-A7-2025-118,S02,12,-11,2,201
SOC-A7-2025-118,S02,13,-11,8,801
SOC-A7-2025-118,S02,14,-11,1,100
SOC-A7-2025-118,S02,15,-11,1,100
SOC-A7-2025-118,S02,16,-11,1,100
SOC-A7-2025-118,S02,17,-11,1,100
SOC-A7-2025-118,S02,18,-11,17,1701
SOC-A7-2025-118,S02,19,-11,1,100
SOC-A7-2025-118,S02,20,-11,8,801
SOC-A7-2025-118,S02,21,-11,1,100
SOC-A7-2025-118,S02,-22,-10,3,301
SOC-A7-2025-118,S02,-21,-10,1,100
SOC-A7-2025-118,S02,-20,-10,1,100
SOC-A7-2025-118,S02,-19,-10,2,200
SOC-A7-2025-118,S02,-18,-10,2,200
SOC-A7-2025-118,S02,-17,-10,1,100
SOC-A7-2025-118,S02,-16,-10,2,200
SOC-A7-2025-118,S02,-15,-10,1,100
SOC-A7-2025-118,S02,-14,-10,1,100
SOC-A7-2025-118,S02,-13,-10,10,1001
SOC-A7-2025-118,S02,-12,-10,1,100
SOC-A7-2025-118,S02,-11,-10,10,1001
SOC-A7-2025-118,S02,-10,-10,1,100
SOC-A7-2025-118,S02,-9,-10,10,1001
SOC-A7-2025-118,S02,-8,-10,1,100
SOC-A7-2025-118,S02,-7,-10,10,1001
SOC-A7-2025-118,S02,-6,-10,2,201
SOC-A7-2025-118,S02,-5,-10,1,100
SOC-A7-2025-118,S02,-4,-10,1,100
SOC-A7-2025-118,S02,-3,-10,1,100
SOC-A7-2025-118,S02,-2,-10,1,100
SOC-A7-2025-118,S02,-1,-10,1,100
SOC-A7-2025-118,S02,0,-10,8,801
SOC-A7-2025-118,S02,1,-10,1,100
SOC-A7-2025-118,S02,2,-10,1,100
SOC-A7-2025-118,S02,3,-10,1,100
SOC-A7-2025-118,S02,4,-10,1,100
SOC-A7-2025-118,S02,5,-10,17,1701
SOC-A7-2025-118,S02,6,-10,1,100
SOC-A7-2025-118,S02,7,-10,1,100
SOC-A7-2025-118,S02,8,-10,1,100
SOC-A7-2025-118,S02,9,-10,1,100
SOC-A7-2025-118,S02,10,-10,2,201
SOC-A7-2025-118,S02,11,-10,1,100
SOC-A7-2025-118,S02,12,-10,1,100
SOC-A7-2025-118,S02,13,-10,1,100
SOC-A7-2025-118,S02,14,-10,1,100
SOC-A7-2025-118,S02,15,-10,1,100
SOC-A7-2025-118,S02,16,-10,1,100
SOC-A7-2025-118,S02,17,-10,1,100
SOC-A7-2025-118,S02,18,-10,2,200
SOC-A7-2025-118,S02,19,-10,1,100
SOC-A7-2025-118,S02,20,-10,12,1201
SOC-A7-2025-118,S02,21,-10,1,100
SOC-A7-2025-118,S02,22,-10,2,200
SOC-A7-2025-118,S02,-22,-9,3,302
SOC-A7-2025-118,S02,-21,-9,2,200
SOC-A7-2025-118,S02,-20,-9,2,200
SOC-A7-2025-118,S02,-19,-9,1,100
SOC-A7-2025-118,S02,-18,-9,1,100
SOC-A7-2025-118,S02,-17,-9,6,603
SOC-A7-2025-118,S02,-16,-9,1,100
SOC-A7-2025-118,S02,-15,-9,2,201
SOC-A7-2025-118,S02,-14,-9,1,100
SOC-A7-2025-118,S02,-13,-9,7,702
SOC-A7-2025-118,S02,-12,-9,1,100
SOC-A7-2025-118,S02,-11,-9,1,100
SOC-A7-2025-118,S02,-10,-9,1,100
SOC-A7-2025-118,S02,-9,-9,1,100
SOC-A7-2025-118,S02,-8,-9,1,100
SOC-A7-2025-118,S02,-7,-9,2,201
SOC-A7-2025-118,S02,-6,-9,2,200
SOC-A7-2025-118,S02,-5,-9,1,100
SOC-A7-2025-118,S02,-4,-9,2,201
SOC-A7-2025-118,S02,-3,-9,1,100
SOC-A7-2025-118,S02,-2,-9,1,100
SOC-A7-2025-118,S02,-1,-9,1,100
SOC-A7-2025-118,S02,0,-9,1,100
SOC-A7-2025-118,S02,1,-9,1,100
SOC-A7-2025-118,S02,2,-9,2,201
SOC-A7-2025-118,S02,3,-9,1,100
SOC-A7-2025-118,S02,4,-9,1,100
SOC-A7-2025-118,S02,5,-9,2,201
SOC-A7-2025-118,S02,6,-9,1,100
SOC-A7-2025-118,S02,7,-9,1,100
SOC-A7-2025-118,S02,8,-9,1,100
SOC-A7-2025-118,S02,9,-9,8,801
SOC-A7-2025-118,S02,10,-9,1,100
SOC-A7-2025-118,S02,11,-9,1,100
SOC-A7-2025-118,S02,12,-9,1,100
SOC-A7-2025-118,S02,13,-9,1,100
SOC-A7-2025-118,S02,14,-9,2,201
SOC-A7-2025-118,S02,15,-9,2,201
SOC-A7-2025-118,S02,16,-9,1,100
SOC-A7-2025-118,S02,17,-9,1,100
SOC-A7-2025-118,S02,18,-9,12,1201
SOC-A7-2025-118,S02,19,-9,1,100
SOC-A7-2025-118,S02,20,-9,1,100
SOC-A7-2025-118,S02,21,-9,1,100
SOC-A7-2025-118,S02,22,-9,1,100
SOC-A7-2025-118,S02,-22,-8,10,1002
SOC-A7-2025-118,S02,-21,-8,1,100
SOC-A7-2025-118,S02,-20,-8,6,601
SOC-A7-2025-118,S02,-19,-8,12,1202
SOC-A7-2025-118,S02,-18,-8,1,100
SOC-A7-2025-118,S02,-17,-8,1,100
SOC-A7-2025-118,S02,-16,-8,1,100
SOC-A7-2025-118,S02,-15,-8,1,100
SOC-A7-2025-118,S02,-14,-8,2,201
SOC-A7-2025-118,S02,-13,-8,1,100
SOC-A7-2025-118,S02,-12,-8,7,701
SOC-A7-2025-118,S02,-11,-8,7,702
SOC-A7-2025-118,S02,-10,-8,1,100
SOC-A7-2025-118,S02,-9,-8,1,100
SOC-A7-2025-118,S02,-8,-8,2,200
SOC-A7-2025-118,S02,-7,-8,2,201
SOC-A7-2025-118,S02,-6,-8,2,201
SOC-A7-2025-118,S02,-5,-8,1,100
SOC-A7-2025-118,S02,-4,-8,2,200
SOC-A7-2025-118,S02,-3,-8,1,100
SOC-A7-2025-118,S02,-2,-8,1,100
SOC-A7-2025-118,S02,-1,-8,1,100
SOC-A7-2025-118,S02,0,-8,2,200
SOC-A7-2025-118,S02,1,-8,1,100
SOC-A7-2025-118,S02,2,-8,1,100
SOC-A7-2025-118,S02,3,-8,1,100
SOC-A7-2025-118,S02,4,-8,1,100
SOC-A7-2025-118,S02,5,-8,2,201
SOC-A7-2025-118,S02,6,-8,1,100
SOC-A7-2025-118,S02,7,-8,1,100
SOC-A7-2025-118,S02,8,-8,1,100
SOC-A7-2025-118,S02,9,-8,1,100
SOC-A7-2025-118,S02,10,-8,1,100
SOC-A7-2025-118,S02,11,-8,1,100
SOC-A7-2025-118,S02,12,-8,1,100
SOC-A7-2025-118,S02,13,-8,1,100
SOC-A7-2025-118,S02,14,-8,1,100
SOC-A7-2025-118,S02,15,-8,2,200
SOC-A7-2025-118,S02,16,-8,1,100
SOC-A7-2025-118,S02,17,-8,1,100
SOC-A7-2025-118,S02,18,-8,1,100
SOC-A7-2025-118,S02,19,-8,12,1201
SOC-A7-2025-118,S02,20,-8,1,100
SOC-A7-2025-118,S02,21,-8,6,601
SOC-A7-2025-118,S02,22,-8,1,100
SOC-A7-2025-118,S02,-23,-7,10,1002
SOC-A7-2025-118,S02,-22,-7,2,200
SOC-A7-2025-118,S02,-21,-7,12,1202
SOC-A7-2025-118,S02,-20,-7,1,100
SOC-A7-2025-118,S02,-19,-7,1,100
SOC-A7-2025-118,S02,-18,-7,1,100
SOC-A7-2025-118,S02,-17,-7,2,201
SOC-A7-2025-118,S02,-16,-7,1,100
SOC-A7-2025-118,S02,-15,-7,2,201
SOC-A7-2025-118,S02,-14,-7,2,201
SOC-A7-2025-118,S02,-13,-7,1,100
SOC-A7-2025-118,S02,-12,-7,1,100
SOC-A7-2025-118,S02,-11,-7,7,702
SOC-A7-2025-118,S02,-10,-7,7,702
SOC-A7-2025-118,S02,-9,-7,7,701
SOC-A7-2025-118,S02,-8,-7,1,100
SOC-A7-2025-118,S02,-7,-7,1,100
SOC-A7-2025-118,S02,-6,-7,2,201
SOC-A7-2025-118,S02,-5,-7,1,100
SOC-A7-2025-118,S02,-4,-7,2,200
SOC-A7-2025-118,S02,-3,-7,1,100
SOC-A7-2025-118,S02,-2,-7,1,100
SOC-A7-2025-118,S02,-1,-7,1,100
SOC-A7-2025-118,S02,0,-7,2,200
SOC-A7-2025-118,S02,1,-7,1,100
SOC-A7-2025-118,S02,2,-7,1,100
SOC-A7-2025-118,S02,3,-7,1,100
SOC-A7-2025-118,S02,4,-7,1,100
SOC-A7-2025-118,S02,5,-7,1,100
SOC-A7-2025-118,S02,6,-7,1,100
SOC-A7-2025-118,S02,7,-7,1,100
SOC-A7-2025-118,S02,8,-7,2,201
SOC-A7-2025-118,S02,9,-7,1,100
SOC-A7-2025-118,S02,10,-7,1,100
SOC-A7-2025-118,S02,11,-7,2,200
SOC-A7-2025-118,S02,12,-7,1,100
SOC-A7-2025-118,S02,13,-7,1,100
SOC-A7-2025-118,S02,14,-7,1,100
SOC-A7-2025-118,S02,15,-7,1,100
SOC-A7-2025-118,S02,16,-7,2,200
SOC-A7-2025-118,S02,17,-7,1,100
SOC-A7-2025-118,S02,18,-7,2,201
SOC-A7-2025-118,S02,19,-7,1,100
SOC-A7-2025-118,S02,20,-7,1,100
SOC-A7-2025-118,S02,21,-7,1,100
SOC-A7-2025-118,S02,22,-7,1,100
SOC-A7-2025-118,S02,23,-7,17,1701
SOC-A7-2025-118,S02,-23,-6,1,100
SOC-A7-2025-118,S02,-22,-6,1,100
SOC-A7-2025-118,S02,-21,-6,1,100
SOC-A7-2025-118,S02,-20,-6,1,100
SOC-A7-2025-118,S02,-19,-6,1,100
SOC-A7-2025-118,S02,-18,-6,1,100
SOC-A7-2025-118,S02,-17,-6,1,100
SOC-A7-2025-118,S02,-16,-6,1,100
SOC-A7-2025-118,S02,-15,-6,10,1001
SOC-A7-2025-118,S02,-14,-6,2,200
SOC-A7-2025-118,S02,-13,-6,2,201
SOC-A7-2025-118,S02,-12,-6,1,100
SOC-A7-2025-118,S02,-11,-6,1,100
SOC-A7-2025-118,S02,-10,-6,8,802
SOC-A7-2025-118,S02,-9,-6,7,701
SOC-A7-2025-118,S02,-8,-6,7,702
SOC-A7-2025-118,S02,-7,-6,1,100
SOC-A7-2025-118,S02,-6,-6,1,100
SOC-A7-2025-118,S02,-5,-6,1,100
SOC-A7-2025-118,S02,-4,-6,1,100
SOC-A7-2025-118,S02,-3,-6,2,200
SOC-A7-2025-118,S02,-2,-6,2,201
SOC-A7-2025-118,S02,-1,-6,2,201
SOC-A7-2025-118,S02,0,-6,1,100
SOC-A7-2025-118,S02,1,-6,1,100
SOC-A7-2025-118,S02,2,-6,2,200
SOC-A7-2025-118,S02,3,-6,1,100
SOC-A7-2025-118,S02,4,-6,1,100
SOC-A7-2025-118,S02,5,-6,1,100
SOC-A7-2025-118,S02,6,-6,1,100
SOC-A7-2025-118,S02,7,-6,1,100
SOC-A7-2025-118,S02,8,-6,4,401
SOC-A7-2025-118,S02,9,-6,4,401
SOC-A7-2025-118,S02,10,-6,1,100
SOC-A7-2025-118,S02,11,-6,17,1701
SOC-A7-2025-118,S02,12,-6,1,100
SOC-A7-2025-118,S02,13,-6,1,100
SOC-A7-2025-118,S02,14,-6,1,100
SOC-A7-2025-118,S02,15,-6,2,200
SOC-A7-2025-118,S02,16,-6,15,1502
SOC-A7-2025-118,S02,17,-6,1,100
SOC-A7-2025-118,S02,18,-6,1,100
SOC-A7-2025-118,S02,19,-6,1,100
SOC-A7-2025-118,S02,20,-6,1,100
SOC-A7-2025-118,S02,21,-6,1,100
SOC-A7-2025-118,S02,22,-6,9,902
SOC-A7-2025-118,S02,23,-6,3,302
SOC-A7-2025-118,S02,-23,-5,1,100
SOC-A7-2025-118,S02,-22,-5,3,303
SOC-A7-2025-118,S02,-21,-5,1,100
SOC-A7-2025-118,S02,-20,-5,1,100
SOC-A7-2025-118,S02,-19,-5,1,100
SOC-A7-2025-118,S02,-18,-5,10,1002
SOC-A7-2025-118,S02,-17,-5,10,1002
SOC-A7-2025-118,S02,-16,-5,2,200
SOC-A7-2025-118,S02,-15,-5,2,201
SOC-A7-2025-118,S02,-14,-5,1,100
SOC-A7-2025-118,S02,-13,-5,10,1002
SOC-A7-2025-118,S02,-12,-5,10,1002
SOC-A7-2025-118,S02,-11,-5,2,201
SOC-A7-2025-118,S02,-10,-5,2,200
SOC-A7-2025-118,S02,-9,-5,1,100
SOC-A7-2025-118,S02,-8,-5,1,100
SOC-A7-2025-118,S02,-7,-5,7,702
SOC-A7-2025-118,S02,-6,-5,7,703
SOC-A7-2025-118,S02,-5,-5,2,200
SOC-A7-2025-118,S02,-4,-5,1,100
SOC-A7-2025-118,S02,-3,-5,1,100
SOC-A7-2025-118,S02,-2,-5,6,601
SOC-A7-2025-118,S02,-1,-5,1,100
SOC-A7-2025-118,S02,0,-5,1,100
SOC-A7-2025-118,S02,1,-5,17,1701
SOC-A7-2025-118,S02,2,-5,1,100
SOC-A7-2025-118,S02,3,-5,1,100
SOC-A7-2025-118,S02,4,-5,1,100
SOC-A7-2025-118,S02,5,-5,1,100
SOC-A7-2025-118,S02,6,-5,4,401
SOC-A7-2025-118,S02,7,-5,4,402
SOC-A7-2025-118,S02,8,-5,1,100
SOC-A7-2025-118,S02,9,-5,4,402
SOC-A7-2025-118,S02,10,-5,1,100
SOC-A7-2025-118,S02,11,-5,1,100
SOC-A7-2025-118,S02,12,-5,1,100
SOC-A7-2025-118,S02,13,-5,1,100
SOC-A7-2025-118,S02,14,-5,1,100
SOC-A7-2025-118,S02,15,-5,1,100
SOC-A7-2025-118,S02,16,-5,1,100
SOC-A7-2025-118,S02,17,-5,1,100
SOC-A7-2025-118,S02,18,-5,2,200
SOC-A7-2025-118,S02,19,-5,1,100
SOC-A7-2025-118,S02,20,-5,1,100
SOC-A7-2025-118,S02,21,-5,1,100
SOC-A7-2025-118,S02,22,-5,3,303
SOC-A7-2025-118,S02,23,-5,1,100
SOC-A7-2025-118,S02,-23,-4,2,200
SOC-A7-2025-118,S02,-22,-4,10,1002
SOC-A7-2025-118,S02,-21,-4,1,100
SOC-A7-2025-118,S02,-20,-4,10,1001
SOC-A7-2025-118,S02,-19,-4,1,100
SOC-A7-2025-118,S02,-18,-4,10,1002
SOC-A7-2025-118,S02,-17,-4,1,100
SOC-A7-2025-118,S02,-16,-4,1,100
SOC-A7-2025-118,S02,-15,-4,1,100
SOC-A7-2025-118,S02,-14,-4,1,100
SOC-A7-2025-118,S02,-13,-4,1,100
SOC-A7-2025-118,S02,-12,-4,1,100
SOC-A7-2025-118,S02,-11,-4,1,100
SOC-A7-2025-118,S02,-10,-4,1,100
SOC-A7-2025-118,S02,-9,-4,1,100
SOC-A7-2025-118,S02,-8,-4,1,100
SOC-A7-2025-118,S02,-7,-4,1,100
SOC-A7-2025-118,S02,-6,-4,7,703
SOC-A7-2025-118,S02,-5,-4,7,702
SOC-A7-2025-118,S02,-4,-4,2,200
SOC-A7-2025-118,S02,-3,-4,1,100
SOC-A7-2025-118,S02,-2,-4,1,100
SOC-A7-2025-118,S02,-1,-4,1,100
SOC-A7-2025-118,S02,0,-4,1,100
SOC-A7-2025-118,S02,1,-4,1,100
SOC-A7-2025-118,S02,2,-4,1,100
SOC-A7-2025-118,S02,3,-4,1,100
SOC-A7-2025-118,S02,4,-4,1,100
SOC-A7-2025-118,S02,5,-4,2,201
SOC-A7-2025-118,S02,6,-4,4,401
SOC-A7-2025-118,S02,7,-4,2,201
SOC-A7-2025-118,S02,8,-4,4,401
SOC-A7-2025-118,S02,9,-4,4,401
SOC-A7-2025-118,S02,10,-4,4,402
SOC-A7-2025-118,S02,11,-4,8,802
SOC-A7-2025-118,S02,12,-4,1,100
SOC-A7-2025-118,S02,13,-4,1,100
SOC-A7-2025-118,S02,14,-4,1,100
SOC-A7-2025-118,S02,15,-4,1,100
SOC-A7-2025-118,S02,16,-4,1,100
SOC-A7-2025-118,S02,17,-4,1,100
SOC-A7-2025-118,S02,18,-4,1,100
SOC-A7-2025-118,S02,19,-4,2,201
SOC-A7-2025-118,S02,20,-4,1,100
SOC-A7-2025-118,S02,21,-4,9,902
SOC-A7-2025-118,S02,22,-4,6,601
SOC-A7-2025-118,S02,23,-4,1,100
SOC-A7-2025-118,S02,-24,-3,2,200
SOC-A7-2025-118,S02,-23,-3,1,100
SOC-A7-2025-118,S02,-22,-3,1,100
SOC-A7-2025-118,S02,-21,-3,1,100
SOC-A7-2025-118,S02,-20,-3,1,100
SOC-A7-2025-118,S02,-19,-3,2,200
SOC-A7-2025-118,S02,-18,-3,2,201
SOC-A7-2025-118,S02,-17,-3,6,602
SOC-A7-2025-118,S02,-16,-3,1,100
SOC-A7-2025-118,S02,-15,-3,2,201
SOC-A7-2025-118,S02,-14,-3,1,100
SOC-A7-2025-118,S02,-13,-3,2,200
SOC-A7-2025-118,S02,-12,-3,2,200
SOC-A7-2025-118,S02,-11,-3,1,100
SOC-A7-2025-118,S02,-10,-3,1,100
SOC-A7-2025-118,S02,-9,-3,1,100
SOC-A7-2025-118,S02,-8,-3,2,200
SOC-A7-2025-118,S02,-7,-3,2,201
SOC-A7-2025-118,S02,-6,-3,1,100
SOC-A7-2025-118,S02,-5,-3,1,100
SOC-A7-2025-118,S02,-4,-3,7,702
SOC-A7-2025-118,S02,-3,-3,7,701
SOC-A7-2025-118,S02,-2,-3,1,100
SOC-A7-2025-118,S02,-1,-3,1,100
SOC-A7-2025-118,S02,0,-3,5,501
SOC-A7-2025-118,S02,1,-3,1,100
SOC-A7-2025-118,S02,2,-3,1,100
SOC-A7-2025-118,S02,3,-3,1,100
SOC-A7-2025-118,S02,4,-3,1,100
SOC-A7-2025-118,S02,5,-3,1,100
SOC-A7-2025-118,S02,6,-3,1,100
SOC-A7-2025-118,S02,7,-3,4,402
SOC-A7-2025-118,S02,8,-3,4,402
SOC-A7-2025-118,S02,9,-3,4,402
SOC-A7-2025-118,S02,10,-3,4,401
SOC-A7-2025-118,S02,11,-3,2,201
SOC-A7-2025-118,S02,12,-3,1,100
SOC-A7-2025-118,S02,13,-3,1,100
SOC-A7-2025-118,S02,14,-3,6,602
SOC-A7-2025-118,S02,15,-3,1,100
SOC-A7-2025-118,S02,16,-3,1,100
SOC-A7-2025-118,S02,17,-3,6,603
SOC-A7-2025-118,S02,18,-3,2,201
SOC-A7-2025-118,S02,19,-3,1,100
SOC-A7-2025-118,S02,20,-3,1,100
SOC-A7-2025-118,S02,21,-3,1,100
SOC-A7-2025-118,S02,22,-3,1,100
SOC-A7-2025-118,S02,23,-3,3,301
SOC-A7-2025-118,S02,24,-3,1,100
SOC-A7-2025-118,S02,-24,-2,3,303
SOC-A7-2025-118,S02,-23,-2,2,201
SOC-A7-2025-118,S02,-22,-2,10,1001
SOC-A7-2025-118,S02,-21,-2,1,100
SOC-A7-2025-118,S02,-20,-2,1,100
SOC-A7-2025-118,S02,-19,-2,10,1001
SOC-A7-2025-118,S02,-18,-2,1,100
SOC-A7-2025-118,S02,-17,-2,1,100
SOC-A7-2025-118,S02,-16,-2,1,100
SOC-A7-2025-118,S02,-15,-2,1,100
SOC-A7-2025-118,S02,-14,-2,2,200
SOC-A7-2025-118,S02,-13,-2,1,100
SOC-A7-2025-118,S02,-12,-2,1,100
SOC-A7-2025-118,S02,-11,-2,1,100
SOC-A7-2025-118,S02,-10,-2,17,1701
SOC-A7-2025-118,S02,-9,-2,1,100
SOC-A7-2025-118,S02,-8,-2,1,100
SOC-A7-2025-118,S02,-7,-2,1,100
SOC-A7-2025-118,S02,-6,-2,1,100
SOC-A7-2025-118,S02,-5,-2,2,200
SOC-A7-2025-118,S02,-4,-2,1,100
SOC-A7-2025-118,S02,-3,-2,1,100
SOC-A7-2025-118,S02,-2,-2,5,503
SOC-A7-2025-118,S02,-1,-2,7,702
SOC-A7-2025-118,S02,0,-2,5,503
SOC-A7-2025-118,S02,1,-2,1,100
SOC-A7-2025-118,S02,2,-2,5,501
SOC-A7-2025-118,S02,3,-2,5,502
SOC-A7-2025-118,S02,4,-2,5,502
SOC-A7-2025-118,S02,5,-2,1,100
SOC-A7-2025-118,S02,6,-2,1,100
SOC-A7-2025-118,S02,7,-2,4,401
SOC-A7-2025-118,S02,8,-2,4,401
SOC-A7-2025-118,S02,9,-2,15,1502
SOC-A7-2025-118,S02,10,-2,1,100
SOC-A7-2025-118,S02,11,-2,1,100
SOC-A7-2025-118,S02,12,-2,1,100
SOC-A7-2025-118,S02,13,-2,1,100
SOC-A7-2025-118,S02,14,-2,1,100
SOC-A7-2025-118,S02,15,-2,1,100
SOC-A7-2025-118,S02,16,-2,2,200
SOC-A7-2025-118,S02,17,-2,1,100
SOC-A7-2025-118,S02,18,-2,1,100
SOC-A7-2025-118,S02,19,-2,9,901
SOC-A7-2025-118,S02,20,-2,1,100
SOC-A7-2025-118,S02,21,-2,1,100
SOC-A7-2025-118,S02,22,-2,1,100
SOC-A7-2025-118,S02,23,-2,1,100
SOC-A7-2025-118,S02,24,-2,2,200
SOC-A7-2025-118,S02,-24,-1,3,301
SOC-A7-2025-118,S02,-23,-1,1,100
SOC-A7-2025-118,S02,-22,-1,10,1001
SOC-A7-2025-118,S02,-21,-1,1,100
SOC-A7-2025-118,S02,-20,-1,1,100
SOC-A7-2025-118,S02,-19,-1,1,100
SOC-A7-2025-118,S02,-18,-1,6,602
SOC-A7-2025-118,S02,-17,-1,1,100
SOC-A7-2025-118,S02,-16,-1,2,200
SOC-A7-2025-118,S02,-15,-1,1,100
SOC-A7-2025-118,S02,-14,-1,1,100
SOC-A7-2025-118,S02,-13,-1,1,100
SOC-A7-2025-118,S02,-12,-1,1,100
SOC-A7-2025-118,S02,-11,-1,2,200
SOC-A7-2025-118,S02,-10,-1,2,201
SOC-A7-2025-118,S02,-9,-1,2,200
SOC-A7-2025-118,S02,-8,-1,1,100
SOC-A7-2025-118,S02,-7,-1,17,1701
SOC-A7-2025-118,S02,-6,-1,1,100
SOC-A7-2025-118,S02,-5,-1,1,100
SOC-A7-2025-118,S02,-4,-1,5,501
SOC-A7-2025-118,S02,-3,-1,5,503
SOC-A7-2025-118,S02,-2,-1,1,100
SOC-A7-2025-118,S02,-1,-1,7,701
SOC-A7-2025-118,S02,0,-1,7,702
SOC-A7-2025-118,S02,1,-1,7,702
SOC-A7-2025-118,S02,2,-1,5,502
SOC-A7-2025-118,S02,3,-1,1,100
SOC-A7-2025-118,S02,4,-1,5,501
SOC-A7-2025-118,S02,5,-1,1,100
SOC-A7-2025-118,S02,6,-1,2,200
SOC-A7-2025-118,S02,7,-1,1,100
SOC-A7-2025-118,S02,8,-1,1,100
SOC-A7-2025-118,S02,9,-1,1,100
SOC-A7-2025-118,S02,10,-1,1,100
SOC-A7-2025-118,S02,11,-1,2,201
SOC-A7-2025-118,S02,12,-1,2,201
SOC-A7-2025-118,S02,13,-1,1,100
SOC-A7-2025-118,S02,14,-1,1,100
SOC-A7-2025-118,S02,15,-1,1,100
SOC-A7-2025-118,S02,16,-1,2,201
SOC-A7-2025-118,S02,17,-1,1,100
SOC-A7-2025-118,S02,18,-1,1,100
SOC-A7-2025-118,S02,19,-1,2,200
SOC-A7-2025-118,S02,20,-1,1,100
SOC-A7-2025-118,S02,21,-1,12,1202
SOC-A7-2025-118,S02,22,-1,1,100
SOC-A7-2025-118,S02,23,-1,12,1202
SOC-A7-2025-118,S02,24,-1,1,100
SOC-A7-2025-118,S02,-24,0,3,301
SOC-A7-2025-118,S02,-23,0,12,1202
SOC-A7-2025-118,S02,-22,0,1,100
SOC-A7-2025-118,S02,-21,0,17,1701
SOC-A7-2025-118,S02,-20,0,10,1001
SOC-A7-2025-118,S02,-19,0,1,100
SOC-A7-2025-118,S02,-18,0,2,201
SOC-A7-2025-118,S02,-17,0,1,100
SOC-A7-2025-118,S02,-16,0,1,100
SOC-A7-2025-118,S02,-15,0,2,200
SOC-A7-2025-118,S02,-14,0,6,602
SOC-A7-2025-118,S02,-13,0,1,100
SOC-A7-2025-118,S02,-12,0,1,100
SOC-A7-2025-118,S02,-11,0,1,100
SOC-A7-2025-118,S02,-10,0,1,100
SOC-A7-2025-118,S02,-9,0,1,100
SOC-A7-2025-118,S02,-8,0,1,100
SOC-A7-2025-118,S02,-7,0,1,100
SOC-A7-2025-118,S02,-6,0,1,100
SOC-A7-2025-118,S02,-5,0,2,200
SOC-A7-2025-118,S02,-4,0,1,100
SOC-A7-2025-118,S02,-3,0,1,100
SOC-A7-2025-118,S02,-2,0,1,100
SOC-A7-2025-118,S02,-1,0,5,502
SOC-A7-2025-118,S02,0,0,1,100
SOC-A7-2025-118,S02,1,0,7,703
SOC-A7-2025-118,S02,2,0,7,703
SOC-A7-2025-118,S02,3,0,6,602
SOC-A7-2025-118,S02,4,0,1,100
SOC-A7-2025-118,S02,5,0,1,100
SOC-A7-2025-118,S02,6,0,8,802
SOC-A7-2025-118,S02,7,0,2,200
SOC-A7-2025-118,S02,8,0,1,100
SOC-A7-2025-118,S02,9,0,1,100
SOC-A7-2025-118,S02,10,0,1,100
SOC-A7-2025-118,S02,11,0,1,100
SOC-A7-2025-118,S02,12,0,1,100
SOC-A7-2025-118,S02,13,0,1,100
SOC-A7-2025-118,S02,14,0,1,100
SOC-A7-2025-118,S02,15,0,1,100
SOC-A7-2025-118,S02,16,0,1,100
SOC-A7-2025-118,S02,17,0,9,901
SOC-A7-2025-118,S02,18,0,2,200
SOC-A7-2025-118,S02,19,0,1,100
SOC-A7-2025-118,S02,20,0,1,100
SOC-A7-2025-118,S02,21,0,12,1202
SOC-A7-2025-118,S02,22,0,9,902
SOC-A7-2025-118,S02,23,0,1,100
SOC-A7-2025-118,S02,24,0,1,100
SOC-A7-2025-118,S02,-24,1,3,301
SOC-A7-2025-118,S02,-23,1,2,201
SOC-A7-2025-118,S02,-22,1,8,802
SOC-A7-2025-118,S02,-21,1,8,801
SOC-A7-2025-118,S02,-20,1,2,201
SOC-A7-2025-118,S02,-19,1,1,100
SOC-A7-2025-118,S02,-18,1,1,100
SOC-A7-2025-118,S02,-17,1,1,100
SOC-A7-2025-118,S02,-16,1,1,100
SOC-A7-2025-118,S02,-15,1,1,100
SOC-A7-2025-118,S02,-14,1,1,100
SOC-A7-2025-118,S02,-13,1,1,100
SOC-A7-2025-118,S02,-12,1,6,601
SOC-A7-2025-118,S02,-11,1,1,100
SOC-A7-2025-118,S02,-10,1,1,100
SOC-A7-2025-118,S02,-9,1,1,100
SOC-A7-2025-118,S02,-8,1,1,100
SOC-A7-2025-118,S02,-7,1,2,200
SOC-A7-2025-118,S02,-6,1,1,100
SOC-A7-2025-118,S02,-5,1,1,100
SOC-A7-2025-118,S02,-4,1,5,503
SOC-A7-2025-118,S02,-3,1,5,501
SOC-A7-2025-118,S02,-2,1,1,100
SOC-A7-2025-118,S02,-1,1,1,100
SOC-A7-2025-118,S02,0,1,1,100
SOC-A7-2025-118,S02,1,1,1,100
SOC-A7-2025-118,S02,2,1,1,100
SOC-A7-2025-118,S02,3,1,5,501
SOC-A7-2025-118,S02,4,1,7,701
SOC-A7-2025-118,S02,5,1,1,100
SOC-A7-2025-118,S02,6,1,1,100
SOC-A7-2025-118,S02,7,1,1,100
SOC-A7-2025-118,S02,8,1,1,100
SOC-A7-2025-118,S02,9,1,1,100
SOC-A7-2025-118,S02,10,1,1,100
SOC-A7-2025-118,S02,11,1,1,100
SOC-A7-2025-118,S02,12,1,1,100
SOC-A7-2025-118,S02,13,1,1,100
SOC-A7-2025-118,S02,14,1,1,100
SOC-A7-2025-118,S02,15,1,1,100
SOC-A7-2025-118,S02,16,1,1,100
SOC-A7-2025-118,S02,17,1,1,100
SOC-A7-2025-118,S02,18,1,6,601
SOC-A7-2025-118,S02,19,1,9,901
SOC-A7-2025-118,S02,20,1,2,201
SOC-A7-2025-118,S02,21,1,1,100
SOC-A7-2025-118,S02,22,1,2,200
SOC-A7-2025-118,S02,23,1,1,100
SOC-A7-2025-118,S02,24,1,1,100
SOC-A7-2025-118,S02,-24,2,2,200
SOC-A7-2025-118,S02,-23,2,1,100
SOC-A7-2025-118,S02,-22,2,2,201
SOC-A7-2025-118,S02,-21,2,1,100
SOC-A7-2025-118,S02,-20,2,10,1001
SOC-A7-2025-118,S02,-19,2,1,100
SOC-A7-2025-118,S02,-18,2,1,100
SOC-A7-2025-118,S02,-17,2,2,201
SOC-A7-2025-118,S02,-16,2,1,100
SOC-A7-2025-118,S02,-15,2,1,100
SOC-A7-2025-118,S02,-14,2,1,100
SOC-A7-2025-118,S02,-13,2,1,100
SOC-A7-2025-118,S02,-12,2,1,100
SOC-A7-2025-118,S02,-11,2,17,1701
SOC-A7-2025-118,S02,-10,2,1,100
SOC-A7-2025-118,S02,-9,2,1,100
SOC-A7-2025-118,S02,-8,2,1,100
SOC-A7-2025-118,S02,-7,2,1,100
SOC-A7-2025-118,S02,-6,2,1,100
SOC-A7-2025-118,S02,-5,2,1,100
SOC-A7-2025-118,S02,-4,2,1,100
SOC-A7-2025-118,S02,-3,2,1,100
SOC-A7-2025-118,S02,-2,2,1,100
SOC-A7-2025-118,S02,-1,2,1,100
SOC-A7-2025-118,S02,0,2,5,501
SOC-A7-2025-118,S02,1,2,5,501
SOC-A7-2025-118,S02,2,2,5,503
SOC-A7-2025-118,S02,3,2,5,503
SOC-A7-2025-118,S02,4,2,7,702
SOC-A7-2025-118,S02,5,2,7,702
SOC-A7-2025-118,S02,6,2,7,701
SOC-A7-2025-118,S02,7,2,1,100
SOC-A7-2025-118,S02,8,2,1,100
SOC-A7-2025-118,S02,9,2,2,200
SOC-A7-2025-118,S02,10,2,1,100
SOC-A7-2025-118,S02,11,2,1,100
SOC-A7-2025-118,S02,12,2,1,100
SOC-A7-2025-118,S02,13,2,1,100
SOC-A7-2025-118,S02,14,2,1,100
SOC-A7-2025-118,S02,15,2,2,201
SOC-A7-2025-118,S02,16,2,1,100
SOC-A7-2025-118,S02,17,2,1,100
SOC-A7-2025-118,S02,18,2,1,100
SOC-A7-2025-118,S02,19,2,1,100
SOC-A7-2025-118,S02,20,2,1,100
SOC-A7-2025-118,S02,21,2,12,1201
SOC-A7-2025-118,S02,22,2,2,201
SOC-A7-2025-118,S02,23,2,1,100
SOC-A7-2025-118,S02,24,2,1,100
SOC-A7-2025-118,S02,-24,3,3,301
SOC-A7-2025-118,S02,-23,3,1,100
SOC-A7-2025-118,S02,-22,3,2,201
SOC-A7-2025-118,S02,-21,3,1,100
SOC-A7-2025-118,S02,-20,3,1,100
SOC-A7-2025-118,S02,-19,3,1,100
SOC-A7-2025-118,S02,-18,3,1,100
SOC-A7-2025-118,S02,-17,3,2,201
SOC-A7-2025-118,S02,-16,3,1,100
SOC-A7-2025-118,S02,-15,3,17,1701
SOC-A7-2025-118,S02,-14,3,1,100
SOC-A7-2025-118,S02,-13,3,2,201
SOC-A7-2025-118,S02,-12,3,1,100
SOC-A7-2025-118,S02,-11,3,1,100
SOC-A7-2025-118,S02,-10,3,1,100
SOC-A7-2025-118,S02,-9,3,1,100
SOC-A7-2025-118,S02,-8,3,2,200
SOC-A7-2025-118,S02,-7,3,1,100
SOC-A7-2025-118,S02,-6,3,6,601
SOC-A7-2025-118,S02,-5,3,1,100
SOC-A7-2025-118,S02,-4,3,2,200
SOC-A7-2025-118,S02,-3,3,1,100
SOC-A7-2025-118,S02,-2,3,2,201
SOC-A7-2025-118,S02,-1,3,1,100
SOC-A7-2025-118,S02,0,3,5,502
SOC-A7-2025-118,S02,1,3,1,100
SOC-A7-2025-118,S02,2,3,1,100
SOC-A7-2025-118,S02,3,3,1,100
SOC-A7-2025-118,S02,4,3,1,100
SOC-A7-2025-118,S02,5,3,1,100
SOC-A7-2025-118,S02,6,3,7,701
SOC-A7-2025-118,S02,7,3,1,100
SOC-A7-2025-118,S02,8,3,1,100
SOC-A7-2025-118,S02,9,3,2,200
SOC-A7-2025-118,S02,10,3,1,100
SOC-A7-2025-118,S02,11,3,1,100
SOC-A7-2025-118,S02,12,3,1,100
SOC-A7-2025-118,S02,13,3,9,902
SOC-A7-2025-118,S02,14,3,1,100
SOC-A7-2025-118,S02,15,3,1,100
SOC-A7-2025-118,S02,16,3,1,100
SOC-A7-2025-118,S02,17,3,1,100
SOC-A7-2025-118,S02,18,3,6,601
SOC-A7-2025-118,S02,19,3,1,100
SOC-A7-2025-118,S02,20,3,1,100
SOC-A7-2025-118,S02,21,3,1,100
SOC-A7-2025-118,S02,22,3,1,100
SOC-A7-2025-118,S02,23,3,3,302
SOC-A7-2025-118,S02,24,3,1,100
SOC-A7-2025-118,S02,-23,4,3,302
SOC-A7-2025-118,S02,-22,4,10,1002
SOC-A7-2025-118,S02,-21,4,10,1002
SOC-A7-2025-118,S02,-20,4,1,100
SOC-A7-2025-118,S02,-19,4,1,100
SOC-A7-2025-118,S02,-18,4,2,201
SOC-A7-2025-118,S02,-17,4,2,200
SOC-A7-2025-118,S02,-16,4,1,100
SOC-A7-2025-118,S02,-15,4,2,200
SOC-A7-2025-118,S02,-14,4,1,100
SOC-A7-2025-118,S02,-13,4,1,100
SOC-A7-2025-118,S02,-12,4,6,602
SOC-A7-2025-118,S02,-11,4,2,200
SOC-A7-2025-118,S02,-10,4,1,100
SOC-A7-2025-118,S02,-9,4,2,200
SOC-A7-2025-118,S02,-8,4,1,100
SOC-A7-2025-118,S02,-7,4,2,200
SOC-A7-2025-118,S02,-6,4,1,100
SOC-A7-2025-118,S02,-5,4,1,100
SOC-A7-2025-118,S02,-4,4,1,100
SOC-A7-2025-118,S02,-3,4,2,200
SOC-A7-2025-118,S02,-2,4,5,503
SOC-A7-2025-118,S02,-1,4,1,100
SOC-A7-2025-118,S02,0,4,1,100
SOC-A7-2025-118,S02,1,4,1,100
SOC-A7-2025-118,S02,2,4,1,100
SOC-A7-2025-118,S02,3,4,1,100
SOC-A7-2025-118,S02,4,4,1,100
SOC-A7-2025-118,S02,5,4,1,100
SOC-A7-2025-118,S02,6,4,1,100
SOC-A7-2025-118,S02,7,4,1,100
SOC-A7-2025-118,S02,8,4,7,702
SOC-A7-2025-118,S02,9,4,7,703
SOC-A7-2025-118,S02,10,4,17,1701
SOC-A7-2025-118,S02,11,4,1,100
SOC-A7-2025-118,S02,12,4,2,200
SOC-A7-2025-118,S02,13,4,9,902
SOC-A7-2025-118,S02,14,4,1,100
SOC-A7-2025-118,S02,15,4,1,100
SOC-A7-2025-118,S02,16,4,9,901
SOC-A7-2025-118,S02,17,4,1,100
SOC-A7-2025-118,S02,18,4,1,100
SOC-A7-2025-118,S02,19,4,1,100
SOC-A7-2025-118,S02,20,4,1,100
SOC-A7-2025-118,S02,21,4,1,100
SOC-A7-2025-118,S02,22,4,1,100
SOC-A7-2025-118,S02,23,4,2,200
SOC-A7-2025-118,S02,-23,5,1,100
SOC-A7-2025-118,S02,-22,5,1,100
SOC-A7-2025-118,S02,-21,5,1,100
SOC-A7-2025-118,S02,-20,5,2,201
SOC-A7-2025-118,S02,-19,5,1,100
SOC-A7-2025-118,S02,-18,5,1,100
SOC-A7-2025-118,S02,-17,5,2,200
SOC-A7-2025-118,S02,-16,5,2,200
SOC-A7-2025-118,S02,-15,5,2,201
SOC-A7-2025-118,S02,-14,5,2,201
SOC-A7-2025-118,S02,-13,5,2,201
SOC-A7-2025-118,S02,-12,5,6,602
SOC-A7-2025-118,S02,-11,5,1,100
SOC-A7-2025-118,S02,-10,5,2,201
SOC-A7-2025-118,S02,-9,5,1,100
SOC-A7-2025-118,S02,-8,5,1,100
SOC-A7-2025-118,S02,-7,5,1,100
SOC-A7-2025-118,S02,-6,5,1,100
SOC-A7-2025-118,S02,-5,5,1,100
SOC-A7-2025-118,S02,-4,5,1,100
SOC-A7-2025-118,S02,-3,5,1,100
SOC-A7-2025-118,S02,-2,5,1,100
SOC-A7-2025-118,S02,-1,5,1,100
SOC-A7-2025-118,S02,0,5,2,201
SOC-A7-2025-118,S02,1,5,1,100
SOC-A7-2025-118,S02,2,5,1,100
SOC-A7-2025-118,S02,3,5,6,601
SOC-A7-2025-118,S02,4,5,1,100
SOC-A7-2025-118,S02,5,5,1,100
SOC-A7-2025-118,S02,6,5,1,100
SOC-A7-2025-118,S02,7,5,1,100
SOC-A7-2025-118,S02,8,5,6,601
SOC-A7-2025-118,S02,9,5,7,702
SOC-A7-2025-118,S02,10,5,7,702
SOC-A7-2025-118,S02,11,5,7,701
SOC-A7-2025-118,S02,12,5,1,100
SOC-A7-2025-118,S02,13,5,1,100
SOC-A7-2025-118,S02,14,5,1,100
SOC-A7-2025-118,S02,15,5,1,100
SOC-A7-2025-118,S02,16,5,2,201
SOC-A7-2025-118,S02,17,5,2,200
SOC-A7-2025-118,S02,18,5,1,100
SOC-A7-2025-118,S02,19,5,1,100
SOC-A7-2025-118,S02,20,5,1,100
SOC-A7-2025-118,S02,21,5,12,1202
SOC-A7-2025-118,S02,22,5,1,100
SOC-A7-2025-118,S02,23,5,9,901
SOC-A7-2025-118,S02,-23,6,1,100
SOC-A7-2025-118,S02,-22,6,2,201
SOC-A7-2025-118,S02,-21,6,6,602
SOC-A7-2025-118,S02,-20,6,1,100
SOC-A7-2025-118,S02,-19,6,1,100
SOC-A7-2025-118,S02,-18,6,2,201
SOC-A7-2025-118,S02,-17,6,1,100
SOC-A7-2025-118,S02,-16,6,1,100
SOC-A7-2025-118,S02,-15,6,6,601
SOC-A7-2025-118,S02,-14,6,1,100
SOC-A7-2025-118,S02,-13,6,1,100
SOC-A7-2025-118,S02,-12,6,1,100
SOC-A7-2025-118,S02,-11,6,1,100
SOC-A7-2025-118,S02,-10,6,1,100
SOC-A7-2025-118,S02,-9,6,1,100
SOC-A7-2025-118,S02,-8,6,1,100
SOC-A7-2025-118,S02,-7,6,1,100
SOC-A7-2025-118,S02,-6,6,1,100
SOC-A7-2025-118,S02,-5,6,8,802
SOC-A7-2025-118,S02,-4,6,1,100
SOC-A7-2025-118,S02,-3,6,1,100
SOC-A7-2025-118,S02,-2,6,1,100
SOC-A7-2025-118,S02,-1,6,1,100
SOC-A7-2025-118,S02,0,6,1,100
SOC-A7-2025-118,S02,1,6,2,201
SOC-A7-2025-118,S02,2,6,1,100
SOC-A7-2025-118,S02,3,6,2,201
SOC-A7-2025-118,S02,4,6,8,802
SOC-A7-2025-118,S02,5,6,1,100
SOC-A7-2025-118,S02,6,6,1,100
SOC-A7-2025-118,S02,7,6,1,100
SOC-A7-2025-118,S02,8,6,1,100
SOC-A7-2025-118,S02,9,6,1,100
SOC-A7-2025-118,S02,10,6,1,100
SOC-A7-2025-118,S02,11,6,7,702
SOC-A7-2025-118,S02,12,6,7,702
SOC-A7-2025-118,S02,13,6,1,100
SOC-A7-2025-118,S02,14,6,1,100
SOC-A7-2025-118,S02,15,6,1,100
SOC-A7-2025-118,S02,16,6,1,100
SOC-A7-2025-118,S02,17,6,1,100
SOC-A7-2025-118,S02,18,6,1,100
SOC-A7-2025-118,S02,19,6,9,902
SOC-A7-2025-118,S02,20,6,1,100
SOC-A7-2025-118,S02,21,6,1,100
SOC-A7-2025-118,S02,22,6,11,1101
SOC-A7-2025-118,S02,23,6,1,100
SOC-A7-2025-118,S02,-23,7,12,1201
SOC-A7-2025-118,S02,-22,7,3,303
SOC-A7-2025-118,S02,-21,7,2,201
SOC-A7-2025-118,S02,-20,7,1,100
SOC-A7-2025-118,S02,-19,7,1,100
SOC-A7-2025-118,S02,-18,7,1,100
SOC-A7-2025-118,S02,-17,7,1,100
SOC-A7-2025-118,S02,-16,7,1,100
SOC-A7-2025-118,S02,-15,7,2,201
SOC-A7-2025-118,S02,-14,7,1,100
SOC-A7-2025-118,S02,-13,7,1,100
SOC-A7-2025-118,S02,-12,7,1,100
SOC-A7-2025-118,S02,-11,7,1,100
SOC-A7-2025-118,S02,-10,7,1,100
SOC-A7-2025-118,S02,-9,7,1,100
SOC-A7-2025-118,S02,-8,7,1,100
SOC-A7-2025-118,S02,-7,7,1,100
SOC-A7-2025-118,S02,-6,7,1,100
SOC-A7-2025-118,S02,-5,7,1,100
SOC-A7-2025-118,S02,-4,7,1,100
SOC-A7-2025-118,S02,-3,7,2,201
SOC-A7-2025-118,S02,-2,7,1,100
SOC-A7-2025-118,S02,-1,7,2,201
SOC-A7-2025-118,S02,0,7,1,100
SOC-A7-2025-118,S02,1,7,1,100
SOC-A7-2025-118,S02,2,7,1,100
SOC-A7-2025-118,S02,3,7,1,100
SOC-A7-2025-118,S02,4,7,1,100
SOC-A7-2025-118,S02,5,7,6,602
SOC-A7-2025-118,S02,6,7,1,100
SOC-A7-2025-118,S02,7,7,2,201
SOC-A7-2025-118,S02,8,7,1,100
SOC-A7-2025-118,S02,9,7,8,801
SOC-A7-2025-118,S02,10,7,1,100
SOC-A7-2025-118,S02,11,7,2,200
SOC-A7-2025-118,S02,12,7,1,100
SOC-A7-2025-118,S02,13,7,7,702
SOC-A7-2025-118,S02,14,7,1,100
SOC-A7-2025-118,S02,15,7,9,902
SOC-A7-2025-118,S02,16,7,9,901
SOC-A7-2025-118,S02,17,7,9,901
SOC-A7-2025-118,S02,18,7,1,100
SOC-A7-2025-118,S02,19,7,1,100
SOC-A7-2025-118,S02,20,7,1,100
SOC-A7-2025-118,S02,21,7,9,901
SOC-A7-2025-118,S02,22,7,3,301
SOC-A7-2025-118,S02,23,7,3,302
SOC-A7-2025-118,S02,-22,8,1,100
SOC-A7-2025-118,S02,-21,8,1,100
SOC-A7-2025-118,S02,-20,8,1,100
SOC-A7-2025-118,S02,-19,8,1,100
SOC-A7-2025-118,S02,-18,8,2,201
SOC-A7-2025-118,S02,-17,8,2,201
SOC-A7-2025-118,S02,-16,8,2,201
SOC-A7-2025-118,S02,-15,8,1,100
SOC-A7-2025-118,S02,-14,8,15,1501
SOC-A7-2025-118,S02,-13,8,1,100
SOC-A7-2025-118,S02,-12,8,1,100
SOC-A7-2025-118,S02,-11,8,1,100
SOC-A7-2025-118,S02,-10,8,1,100
SOC-A7-2025-118,S02,-9,8,1,100
SOC-A7-2025-118,S02,-8,8,1,100
SOC-A7-2025-118,S02,-7,8,2,200
SOC-A7-2025-118,S02,-6,8,1,100
SOC-A7-2025-118,S02,-5,8,1,100
SOC-A7-2025-118,S02,-4,8,1,100
SOC-A7-2025-118,S02,-3,8,2,200
SOC-A7-2025-118,S02,-2,8,1,100
SOC-A7-2025-118,S02,-1,8,1,100
SOC-A7-2025-118,S02,0,8,1,100
SOC-A7-2025-118,S02,1,8,2,201
SOC-A7-2025-118,S02,2,8,1,100
SOC-A7-2025-118,S02,3,8,1,100
SOC-A7-2025-118,S02,4,8,1,100
SOC-A7-2025-118,S02,5,8,6,602
SOC-A7-2025-118,S02,6,8,1,100
SOC-A7-2025-118,S02,7,8,1,100
SOC-A7-2025-118,S02,8,8,9,901
SOC-A7-2025-118,S02,9,8,1,100
SOC-A7-2025-118,S02,10,8,1,100
SOC-A7-2025-118,S02,11,8,1,100
SOC-A7-2025-118,S02,12,8,1,100
SOC-A7-2025-118,S02,13,8,1,100
SOC-A7-2025-118,S02,14,8,1,100
SOC-A7-2025-118,S02,15,8,6,601
SOC-A7-2025-118,S02,16,8,1,100
SOC-A7-2025-118,S02,17,8,1,100
SOC-A7-2025-118,S02,18,8,1,100
SOC-A7-2025-118,S02,19,8,1,100
SOC-A7-2025-118,S02,20,8,1,100
SOC-A7-2025-118,S02,21,8,2,201
SOC-A7-2025-118,S02,22,8,1,100
SOC-A7-2025-118,S02,-22,9,12,1201
SOC-A7-2025-118,S02,-21,9,2,201
SOC-A7-2025-118,S02,-20,9,1,100
SOC-A7-2025-118,S02,-19,9,6,603
SOC-A7-2025-118,S02,-18,9,1,100
SOC-A7-2025-118,S02,-17,9,1,100
SOC-A7-2025-118,S02,-16,9,1,100
SOC-A7-2025-118,S02,-15,9,1,100
SOC-A7-2025-118,S02,-14,9,1,100
SOC-A7-2025-118,S02,-13,9,1,100
SOC-A7-2025-118,S02,-12,9,1,100
SOC-A7-2025-118,S02,-11,9,1,100
SOC-A7-2025-118,S02,-10,9,1,100
SOC-A7-2025-118,S02,-9,9,1,100
SOC-A7-2025-118,S02,-8,9,1,100
SOC-A7-2025-118,S02,-7,9,1,100
SOC-A7-2025-118,S02,-6,9,1,100
SOC-A7-2025-118,S02,-5,9,1,100
SOC-A7-2025-118,S02,-4,9,1,100
SOC-A7-2025-118,S02,-3,9,1,100
SOC-A7-2025-118,S02,-2,9,1,100
SOC-A7-2025-118,S02,-1,9,6,601
SOC-A7-2025-118,S02,0,9,2,200
SOC-A7-2025-118,S02,1,9,1,100
SOC-A7-2025-118,S02,2,9,1,100
SOC-A7-2025-118,S02,3,9,1,100
SOC-A7-2025-118,S02,4,9,17,1701
SOC-A7-2025-118,S02,5,9,1,100
SOC-A7-2025-118,S02,6,9,1,100
SOC-A7-2025-118,S02,7,9,1,100
SOC-A7-2025-118,S02,8,9,1,100
SOC-A7-2025-118,S02,9,9,1,100
SOC-A7-2025-118,S02,10,9,1,100
SOC-A7-2025-118,S02,11,9,1,100
SOC-A7-2025-118,S02,12,9,1,100
SOC-A7-2025-118,S02,13,9,2,201
SOC-A7-2025-118,S02,14,9,9,901
SOC-A7-2025-118,S02,15,9,9,902
SOC-A7-2025-118,S02,16,9,1,100
SOC-A7-2025-118,S02,17,9,9,902
SOC-A7-2025-118,S02,18,9,1,100
SOC-A7-2025-118,S02,19,9,6,602
SOC-A7-2025-118,S02,20,9,1,100
SOC-A7-2025-118,S02,21,9,1,100
SOC-A7-2025-118,S02,22,9,3,303
SOC-A7-2025-118,S02,-22,10,1,100
SOC-A7-2025-118,S02,-21,10,2,201
SOC-A7-2025-118,S02,-20,10,11,1103
SOC-A7-2025-118,S02,-19,10,1,100
SOC-A7-2025-118,S02,-18,10,1,100
SOC-A7-2025-118,S02,-17,10,1,100
SOC-A7-2025-118,S02,-16,10,6,602
SOC-A7-2025-118,S02,-15,10,1,100
SOC-A7-2025-118,S02,-14,10,2,200
SOC-A7-2025-118,S02,-13,10,1,100
SOC-A7-2025-118,S02,-12,10,1,100
SOC-A7-2025-118,S02,-11,10,1,100
SOC-A7-2025-118,S02,-10,10,1,100
SOC-A7-2025-118,S02,-9,10,1,100
SOC-A7-2025-118,S02,-8,10,1,100
SOC-A7-2025-118,S02,-7,10,1,100
SOC-A7-2025-118,S02,-6,10,1,100
SOC-A7-2025-118,S02,-5,10,1,100
SOC-A7-2025-118,S02,-4,10,1,100
SOC-A7-2025-118,S02,-3,10,1,100
SOC-A7-2025-118,S02,-2,10,2,200
SOC-A7-2025-118,S02,-1,10,1,100
SOC-A7-2025-118,S02,0,10,1,100
SOC-A7-2025-118,S02,1,10,1,100
SOC-A7-2025-118,S02,2,10,6,603
SOC-A7-2025-118,S02,3,10,1,100
SOC-A7-2025-118,S02,4,10,1,100
SOC-A7-2025-118,S02,5,10,1,100
SOC-A7-2025-118,S02,6,10,1,100
SOC-A7-2025-118,S02,7,10,1,100
SOC-A7-2025-118,S02,8,10,9,902
SOC-A7-2025-118,S02,9,10,1,100
SOC-A7-2025-118,S02,10,10,1,100
SOC-A7-2025-118,S02,11,10,1,100
SOC-A7-2025-118,S02,12,10,1,100
SOC-A7-2025-118,S02,13,10,1,100
SOC-A7-2025-118,S02,14,10,1,100
SOC-A7-2025-118,S02,15,10,9,902
SOC-A7-2025-118,S02,16,10,9,901
SOC-A7-2025-118,S02,17,10,1,100
SOC-A7-2025-118,S02,18,10,9,901
SOC-A7-2025-118,S02,19,10,1,100
SOC-A7-2025-118,S02,20,10,1,100
SOC-A7-2025-118,S02,21,10,2,200
SOC-A7-2025-118,S02,22,10,3,301
SOC-A7-2025-118,S02,-21,11,1,100
SOC-A7-2025-118,S02,-20,11,3,301
SOC-A7-2025-118,S02,-19,11,1,100
SOC-A7-2025-118,S02,-18,11,1,100
SOC-A7-2025-118,S02,-17,11,1,100
SOC-A7-2025-118,S02,-16,11,1,100
SOC-A7-2025-118,S02,-15,11,2,201
SOC-A7-2025-118,S02,-14,11,1,100
SOC-A7-2025-118,S02,-13,11,1,100
SOC-A7-2025-118,S02,-12,11,1,100
SOC-A7-2025-118,S02,-11,11,1,100
SOC-A7-2025-118,S02,-10,11,1,100
SOC-A7-2025-118,S02,-9,11,1,100
SOC-A7-2025-118,S02,-8,11,1,100
SOC-A7-2025-118,S02,-7,11,1,100
SOC-A7-2025-118,S02,-6,11,1,100
SOC-A7-2025-118,S02,-5,11,2,201
SOC-A7-2025-118,S02,-4,11,1,100
SOC-A7-2025-118,S02,-3,11,1,100
SOC-A7-2025-118,S02,-2,11,1,100
SOC-A7-2025-118,S02,-1,11,1,100
SOC-A7-2025-118,S02,0,11,1,100
SOC-A7-2025-118,S02,1,11,1,100
SOC-A7-2025-118,S02,2,11,6,603
SOC-A7-2025-118,S02,3,11,1,100
SOC-A7-2025-118,S02,4,11,1,100
SOC-A7-2025-118,S02,5,11,1,100
SOC-A7-2025-118,S02,6,11,1,100
SOC-A7-2025-118,S02,7,11,1,100
SOC-A7-2025-118,S02,8,11,1,100
SOC-A7-2025-118,S02,9,11,2,201
SOC-A7-2025-118,S02,10,11,9,902
SOC-A7-2025-118,S02,11,11,2,201
SOC-A7-2025-118,S02,12,11,1,100
SOC-A7-2025-118,S02,13,11,1,100
SOC-A7-2025-118,S02,14,11,1,100
SOC-A7-2025-118,S02,15,11,1,100
SOC-A7-2025-118,S02,16,11,9,902
SOC-A7-2025-118,S02,17,11,2,201
SOC-A7-2025-118,S02,18,11,1,100
SOC-A7-2025-118,S02,19,11,6,601
SOC-A7-2025-118,S02,20,11,3,302
SOC-A7-2025-118,S02,21,11,3,301
SOC-A7-2025-118,S02,-21,12,3,303
SOC-A7-2025-118,S02,-20,12,1,100
SOC-A7-2025-118,S02,-19,12,1,100
SOC-A7-2025-118,S02,-18,12,1,100
SOC-A7-2025-118,S02,-17,12,2,200
SOC-A7-2025-118,S02,-16,12,1,100
SOC-A7-2025-118,S02,-15,12,6,601
SOC-A7-2025-118,S02,-14,12,6,603
SOC-A7-2025-118,S02,-13,12,8,801
SOC-A7-2025-118,S02,-12,12,1,100
SOC-A7-2025-118,S02,-11,12,17,1701
SOC-A7-2025-118,S02,-10,12,6,602
SOC-A7-2025-118,S02,-9,12,1,100
SOC-A7-2025-118,S02,-8,12,1,100
SOC-A7-2025-118,S02,-7,12,17,1701
SOC-A7-2025-118,S02,-6,12,1,100
SOC-A7-2025-118,S02,-5,12,1,100
SOC-A7-2025-118,S02,-4,12,2,200
SOC-A7-2025-118,S02,-3,12,1,100
SOC-A7-2025-118,S02,-2,12,1,100
SOC-A7-2025-118,S02,-1,12,1,100
SOC-A7-2025-118,S02,0,12,1,100
SOC-A7-2025-118,S02,1,12,1,100
SOC-A7-2025-118,S02,2,12,1,100
SOC-A7-2025-118,S02,3,12,2,200
SOC-A7-2025-118,S02,4,12,2,201
SOC-A7-2025-118,S02,5,12,1,100
SOC-A7-2025-118,S02,6,12,1,100
SOC-A7-2025-118,S02,7,12,1,100
SOC-A7-2025-118,S02,8,12,1,100
SOC-A7-2025-118,S02,9,12,1,100
SOC-A7-2025-118,S02,10,12,1,100
SOC-A7-2025-118,S02,11,12,1,100
SOC-A7-2025-118,S02,12,12,1,100
SOC-A7-2025-118,S02,13,12,6,602
SOC-A7-2025-118,S02,14,12,1,100
SOC-A7-2025-118,S02,15,12,1,100
SOC-A7-2025-118,S02,16,12,9,902
SOC-A7-2025-118,S02,17,12,1,100
SOC-A7-2025-118,S02,18,12,1,100
SOC-A7-2025-118,S02,19,12,9,901
SOC-A7-2025-118,S02,20,12,1,100
SOC-A7-2025-118,S02,21,12,3,303
SOC-A7-2025-118,S02,-20,13,3,303
SOC-A7-2025-118,S02,-19,13,2,201
SOC-A7-2025-118,S02,-18,13,1,100
SOC-A7-2025-118,S02,-17,13,1,100
SOC-A7-2025-118,S02,-16,13,2,200
SOC-A7-2025-118,S02,-15,13,1,100
SOC-A7-2025-118,S02,-14,13,1,100
SOC-A7-2025-118,S02,-13,13,6,603
SOC-A7-2025-118,S02,-12,13,1,100
SOC-A7-2025-118,S02,-11,13,1,100
SOC-A7-2025-118,S02,-10,13,1,100
SOC-A7-2025-118,S02,-9,13,1,100
SOC-A7-2025-118,S02,-8,13,1,100
SOC-A7-2025-118,S02,-7,13,1,100
SOC-A7-2025-118,S02,-6,13,1,100
SOC-A7-2025-118,S02,-5,13,1,100
SOC-A7-2025-118,S02,-4,13,2,201
SOC-A7-2025-118,S02,-3,13,1,100
SOC-A7-2025-118,S02,-2,13,1,100
SOC-A7-2025-118,S02,-1,13,2,201
SOC-A7-2025-118,S02,0,13,1,100
SOC-A7-2025-118,S02,1,13,15,1501
SOC-A7-2025-118,S02,2,13,1,100
SOC-A7-2025-118,S02,3,13,15,1502
SOC-A7-2025-118,S02,4,13,9,902
SOC-A7-2025-118,S02,5,13,9,901
SOC-A7-2025-118,S02,6,13,2,201
SOC-A7-2025-118,S02,7,13,9,902
SOC-A7-2025-118,S02,8,13,9,901
SOC-A7-2025-118,S02,9,13,9,901
SOC-A7-2025-118,S02,10,13,1,100
SOC-A7-2025-118,S02,11,13,2,200
SOC-A7-2025-118,S02,12,13,1,100
SOC-A7-2025-118,S02,13,13,9,902
SOC-A7-2025-118,S02,14,13,8,801
SOC-A7-2025-118,S02,15,13,9,902
SOC-A7-2025-118,S02,16,13,1,100
SOC-A7-2025-118,S02,17,13,9,901
SOC-A7-2025-118,S02,18,13,2,200
SOC-A7-2025-118,S02,19,13,3,302
SOC-A7-2025-118,S02,20,13,3,302
SOC-A7-2025-118,S02,-19,14,1,100
SOC-A7-2025-118,S02,-18,14,12,1202
SOC-A7-2025-118,S02,-17,14,1,100
SOC-A7-2025-118,S02,-16,14,1,100
SOC-A7-2025-118,S02,-15,14,1,100
SOC-A7-2025-118,S02,-14,14,1,100
SOC-A7-2025-118,S02,-13,14,1,100
SOC-A7-2025-118,S02,-12,14,1,100
SOC-A7-2025-118,S02,-11,14,1,100
SOC-A7-2025-118,S02,-10,14,2,200
SOC-A7-2025-118,S02,-9,14,1,100
SOC-A7-2025-118,S02,-8,14,1,100
SOC-A7-2025-118,S02,-7,14,1,100
SOC-A7-2025-118,S02,-6,14,1,100
SOC-A7-2025-118,S02,-5,14,1,100
SOC-A7-2025-118,S02,-4,14,1,100
SOC-A7-2025-118,S02,-3,14,1,100
SOC-A7-2025-118,S02,-2,14,1,100
SOC-A7-2025-118,S02,-1,14,1,100
SOC-A7-2025-118,S02,0,14,1,100
SOC-A7-2025-118,S02,1,14,1,100
SOC-A7-2025-118,S02,2,14,2,201
SOC-A7-2025-118,S02,3,14,1,100
SOC-A7-2025-118,S02,4,14,1,100
SOC-A7-2025-118,S02,5,14,8,802
SOC-A7-2025-118,S02,6,14,1,100
SOC-A7-2025-118,S02,7,14,9,901
SOC-A7-2025-118,S02,8,14,2,201
SOC-A7-2025-118,S02,9,14,1,100
SOC-A7-2025-118,S02,10,14,9,902
SOC-A7-2025-118,S02,11,14,1,100
SOC-A7-2025-118,S02,12,14,1,100
SOC-A7-2025-118,S02,13,14,1,100
SOC-A7-2025-118,S02,14,14,9,902
SOC-A7-2025-118,S02,15,14,1,100
SOC-A7-2025-118,S02,16,14,1,100
SOC-A7-2025-118,S02,17,14,1,100
SOC-A7-2025-118,S02,18,14,1,100
SOC-A7-2025-118,S02,19,14,9,902
SOC-A7-2025-118,S02,-19,15,1,100
SOC-A7-2025-118,S02,-18,15,1,100
SOC-A7-2025-118,S02,-17,15,2,200
SOC-A7-2025-118,S02,-16,15,1,100
SOC-A7-2025-118,S02,-15,15,1,100
SOC-A7-2025-118,S02,-14,15,1,100
SOC-A7-2025-118,S02,-13,15,1,100
SOC-A7-2025-118,S02,-12,15,1,100
SOC-A7-2025-118,S02,-11,15,1,100
SOC-A7-2025-118,S02,-10,15,1,100
SOC-A7-2025-118,S02,-9,15,1,100
SOC-A7-2025-118,S02,-8,15,1,100
SOC-A7-2025-118,S02,-7,15,1,100
SOC-A7-2025-118,S02,-6,15,2,201
SOC-A7-2025-118,S02,-5,15,1,100
SOC-A7-2025-118,S02,-4,15,1,100
SOC-A7-2025-118,S02,-3,15,2,201
SOC-A7-2025-118,S02,-2,15,1,100
SOC-A7-2025-118,S02,-1,15,1,100
SOC-A7-2025-118,S02,0,15,1,100
SOC-A7-2025-118,S02,1,15,1,100
SOC-A7-2025-118,S02,2,15,1,100
SOC-A7-2025-118,S02,3,15,9,901
SOC-A7-2025-118,S02,4,15,1,100
SOC-A7-2025-118,S02,5,15,1,100
SOC-A7-2025-118,S02,6,15,1,100
SOC-A7-2025-118,S02,7,15,1,100
SOC-A7-2025-118,S02,8,15,1,100
SOC-A7-2025-118,S02,9,15,1,100
SOC-A7-2025-118,S02,10,15,1,100
SOC-A7-2025-118,S02,11,15,1,100
SOC-A7-2025-118,S02,12,15,1,100
SOC-A7-2025-118,S02,13,15,1,100
SOC-A7-2025-118,S02,14,15,1,100
SOC-A7-2025-118,S02,15,15,9,901
SOC-A7-2025-118,S02,16,15,2,200
SOC-A7-2025-118,S02,17,15,3,301
SOC-A7-2025-118,S02,18,15,9,902
SOC-A7-2025-118,S02,19,15,1,100
SOC-A7-2025-118,S02,-18,16,3,303
SOC-A7-2025-118,S02,-17,16,12,1201
SOC-A7-2025-118,S02,-16,16,1,100
SOC-A7-2025-118,S02,-15,16,2,200
SOC-A7-2025-118,S02,-14,16,1,100
SOC-A7-2025-118,S02,-13,16,1,100
SOC-A7-2025-118,S02,-12,16,6,601
SOC-A7-2025-118,S02,-11,16,1,100
SOC-A7-2025-118,S02,-10,16,2,201
SOC-A7-2025-118,S02,-9,16,1,100
SOC-A7-2025-118,S02,-8,16,1,100
SOC-A7-2025-118,S02,-7,16,1,100
SOC-A7-2025-118,S02,-6,16,1,100
SOC-A7-2025-118,S02,-5,16,1,100
SOC-A7-2025-118,S02,-4,16,1,100
SOC-A7-2025-118,S02,-3,16,1,100
SOC-A7-2025-118,S02,-2,16,1,100
SOC-A7-2025-118,S02,-1,16,1,100
SOC-A7-2025-118,S02,0,16,1,100
SOC-A7-2025-118,S02,1,16,1,100
SOC-A7-2025-118,S02,2,16,1,100
SOC-A7-2025-118,S02,3,16,6,603
SOC-A7-2025-118,S02,4,16,9,902
SOC-A7-2025-118,S02,5,16,6,603
SOC-A7-2025-118,S02,6,16,1,100
SOC-A7-2025-118,S02,7,16,1,100
SOC-A7-2025-118,S02,8,16,1,100
SOC-A7-2025-118,S02,9,16,1,100
SOC-A7-2025-118,S02,10,16,2,200
SOC-A7-2025-118,S02,11,16,1,100
SOC-A7-2025-118,S02,12,16,1,100
SOC-A7-2025-118,S02,13,16,9,902
SOC-A7-2025-118,S02,14,16,17,1701
SOC-A7-2025-118,S02,15,16,1,100
SOC-A7-2025-118,S02,16,16,15,1502
SOC-A7-2025-118,S02,17,16,3,302
SOC-A7-2025-118,S02,18,16,1,100
SOC-A7-2025-118,S02,-17,17,3,302
SOC-A7-2025-118,S02,-16,17,1,100
SOC-A7-2025-118,S02,-15,17,1,100
SOC-A7-2025-118,S02,-14,17,1,100
SOC-A7-2025-118,S02,-13,17,1,100
SOC-A7-2025-118,S02,-12,17,12,1202
SOC-A7-2025-118,S02,-11,17,1,100
SOC-A7-2025-118,S02,-10,17,1,100
SOC-A7-2025-118,S02,-9,17,1,100
SOC-A7-2025-118,S02,-8,17,1,100
SOC-A7-2025-118,S02,-7,17,1,100
SOC-A7-2025-118,S02,-6,17,1,100
SOC-A7-2025-118,S02,-5,17,1,100
SOC-A7-2025-118,S02,-4,17,1,100
SOC-A7-2025-118,S02,-3,17,1,100
SOC-A7-2025-118,S02,-2,17,1,100
SOC-A7-2025-118,S02,-1,17,9,902
SOC-A7-2025-118,S02,0,17,1,100
SOC-A7-2025-118,S02,1,17,1,100
SOC-A7-2025-118,S02,2,17,1,100
SOC-A7-2025-118,S02,3,17,1,100
SOC-A7-2025-118,S02,4,17,1,100
SOC-A7-2025-118,S02,5,17,1,100
SOC-A7-2025-118,S02,6,17,1,100
SOC-A7-2025-118,S02,7,17,9,901
SOC-A7-2025-118,S02,8,17,1,100
SOC-A7-2025-118,S02,9,17,9,901
SOC-A7-2025-118,S02,10,17,9,902
SOC-A7-2025-118,S02,11,17,1,100
SOC-A7-2025-118,S02,12,17,1,100
SOC-A7-2025-118,S02,13,17,1,100
SOC-A7-2025-118,S02,14,17,1,100
SOC-A7-2025-118,S02,15,17,6,602
SOC-A7-2025-118,S02,16,17,2,200
SOC-A7-2025-118,S02,17,17,9,902
SOC-A7-2025-118,S02,-16,18,1,100
SOC-A7-2025-118,S02,-15,18,3,302
SOC-A7-2025-118,S02,-14,18,1,100
SOC-A7-2025-118,S02,-13,18,1,100
SOC-A7-2025-118,S02,-12,18,1,100
SOC-A7-2025-118,S02,-11,18,6,602
SOC-A7-2025-118,S02,-10,18,1,100
SOC-A7-2025-118,S02,-9,18,12,1201
SOC-A7-2025-118,S02,-8,18,1,100
SOC-A7-2025-118,S02,-7,18,1,100
SOC-A7-2025-118,S02,-6,18,1,100
SOC-A7-2025-118,S02,-5,18,1,100
SOC-A7-2025-118,S02,-4,18,1,100
SOC-A7-2025-118,S02,-3,18,17,1701
SOC-A7-2025-118,S02,-2,18,1,100
SOC-A7-2025-118,S02,-1,18,1,100
SOC-A7-2025-118,S02,0,18,17,1701
SOC-A7-2025-118,S02,1,18,1,100
SOC-A7-2025-118,S02,2,18,1,100
SOC-A7-2025-118,S02,3,18,9,902
SOC-A7-2025-118,S02,4,18,1,100
SOC-A7-2025-118,S02,5,18,9,902
SOC-A7-2025-118,S02,6,18,1,100
SOC-A7-2025-118,S02,7,18,1,100
SOC-A7-2025-118,S02,8,18,1,100
SOC-A7-2025-118,S02,9,18,1,100
SOC-A7-2025-118,S02,10,18,12,1201
SOC-A7-2025-118,S02,11,18,11,1102
SOC-A7-2025-118,S02,12,18,9,902
SOC-A7-2025-118,S02,13,18,1,100
SOC-A7-2025-118,S02,14,18,1,100
SOC-A7-2025-118,S02,15,18,1,100
SOC-A7-2025-118,S02,16,18,3,303
SOC-A7-2025-118,S02,-15,19,1,100
SOC-A7-2025-118,S02,-14,19,1,100
SOC-A7-2025-118,S02,-13,19,3,302
SOC-A7-2025-118,S02,-12,19,1,100
SOC-A7-2025-118,S02,-11,19,2,201
SOC-A7-2025-118,S02,-10,19,1,100
SOC-A7-2025-118,S02,-9,19,1,100
SOC-A7-2025-118,S02,-8,19,1,100
SOC-A7-2025-118,S02,-7,19,1,100
SOC-A7-2025-118,S02,-6,19,1,100
SOC-A7-2025-118,S02,-5,19,1,100
SOC-A7-2025-118,S02,-4,19,1,100
SOC-A7-2025-118,S02,-3,19,1,100
SOC-A7-2025-118,S02,-2,19,1,100
SOC-A7-2025-118,S02,-1,19,1,100
SOC-A7-2025-118,S02,0,19,1,100
SOC-A7-2025-118,S02,1,19,1,100
SOC-A7-2025-118,S02,2,19,2,201
SOC-A7-2025-118,S02,3,19,1,100
SOC-A7-2025-118,S02,4,19,1,100
SOC-A7-2025-118,S02,5,19,1,100
SOC-A7-2025-118,S02,6,19,1,100
SOC-A7-2025-118,S02,7,19,1,100
SOC-A7-2025-118,S02,8,19,9,901
SOC-A7-2025-118,S02,9,19,1,100
SOC-A7-2025-118,S02,10,19,9,901
SOC-A7-2025-118,S02,11,19,1,100
SOC-A7-2025-118,S02,12,19,1,100
SOC-A7-2025-118,S02,13,19,1,100
SOC-A7-2025-118,S02,14,19,1,100
SOC-A7-2025-118,S02,15,19,1,100
SOC-A7-2025-118,S02,-13,20,1,100
SOC-A7-2025-118,S02,-12,20,1,100
SOC-A7-2025-118,S02,-11,20,1,100
SOC-A7-2025-118,S02,-10,20,1,100
SOC-A7-2025-118,S02,-9,20,1,100
SOC-A7-2025-118,S02,-8,20,1,100
SOC-A7-2025-118,S02,-7,20,1,100
SOC-A7-2025-118,S02,-6,20,2,201
SOC-A7-2025-118,S02,-5,20,2,201
SOC-A7-2025-118,S02,-4,20,1,100
SOC-A7-2025-118,S02,-3,20,1,100
SOC-A7-2025-118,S02,-2,20,9,901
SOC-A7-2025-118,S02,-1,20,12,1202
SOC-A7-2025-118,S02,0,20,1,100
SOC-A7-2025-118,S02,1,20,2,200
SOC-A7-2025-118,S02,2,20,1,100
SOC-A7-2025-118,S02,3,20,1,100
SOC-A7-2025-118,S02,4,20,9,902
SOC-A7-2025-118,S02,5,20,1,100
SOC-A7-2025-118,S02,6,20,1,100
SOC-A7-2025-118,S02,7,20,1,100
SOC-A7-2025-118,S02,8,20,1,100
SOC-A7-2025-118,S02,9,20,1,100
SOC-A7-2025-118,S02,10,20,1,100
SOC-A7-2025-118,S02,11,20,2,201
SOC-A7-2025-118,S02,12,20,3,303
SOC-A7-2025-118,S02,13,20,3,303
SOC-A7-2025-118,S02,-12,21,1,100
SOC-A7-2025-118,S02,-11,21,3,301
SOC-A7-2025-118,S02,-10,21,1,100
SOC-A7-2025-118,S02,-9,21,3,303
SOC-A7-2025-118,S02,-8,21,1,100
SOC-A7-2025-118,S02,-7,21,1,100
SOC-A7-2025-118,S02,-6,21,1,100
SOC-A7-2025-118,S02,-5,21,1,100
SOC-A7-2025-118,S02,-4,21,1,100
SOC-A7-2025-118,S02,-3,21,12,1202
SOC-A7-2025-118,S02,-2,21,12,1201
SOC-A7-2025-118,S02,-1,21,2,200
SOC-A7-2025-118,S02,0,21,1,100
SOC-A7-2025-118,S02,1,21,1,100
SOC-A7-2025-118,S02,2,21,1,100
SOC-A7-2025-118,S02,3,21,1,100
SOC-A7-2025-118,S02,4,21,1,100
SOC-A7-2025-118,S02,5,21,2,200
SOC-A7-2025-118,S02,6,21,6,601
SOC-A7-2025-118,S02,7,21,9,902
SOC-A7-2025-118,S02,8,21,1,100
SOC-A7-2025-118,S02,9,21,1,100
SOC-A7-2025-118,S02,10,21,2,200
SOC-A7-2025-118,S02,11,21,3,302
SOC-A7-2025-118,S02,12,21,12,1202
SOC-A7-2025-118,S02,-10,22,3,301
SOC-A7-2025-118,S02,-9,22,1,100
SOC-A7-2025-118,S02,-8,22,3,301
SOC-A7-2025-118,S02,-7,22,3,301
SOC-A7-2025-118,S02,-6,22,2,200
SOC-A7-2025-118,S02,-5,22,2,200
SOC-A7-2025-118,S02,-4,22,1,100
SOC-A7-2025-118,S02,-3,22,1,100
SOC-A7-2025-118,S02,-2,22,1,100
SOC-A7-2025-118,S02,-1,22,1,100
SOC-A7-2025-118,S02,0,22,9,902
SOC-A7-2025-118,S02,1,22,1,100
SOC-A7-2025-118,S02,2,22,9,901
SOC-A7-2025-118,S02,3,22,1,100
SOC-A7-2025-118,S02,4,22,2,200
SOC-A7-2025-118,S02,5,22,6,601
SOC-A7-2025-118,S02,6,22,1,100
SOC-A7-2025-118,S02,7,22,1,100
SOC-A7-2025-118,S02,8,22,1,100
SOC-A7-2025-118,S02,9,22,3,301
SOC-A7-2025-118,S02,10,22,1,100
SOC-A7-2025-118,S02,-7,23,1,100
SOC-A7-2025-118,S02,-6,23,1,100
SOC-A7-2025-118,S02,-5,23,9,902
SOC-A7-2025-118,S02,-4,23,3,303
SOC-A7-2025-118,S02,-3,23,1,100
SOC-A7-2025-118,S02,-2,23,1,100
SOC-A7-2025-118,S02,-1,23,1,100
SOC-A7-2025-118,S02,0,23,1,100
SOC-A7-2025-118,S02,1,23,1,100
SOC-A7-2025-118,S02,2,23,3,303
SOC-A7-2025-118,S02,3,23,3,303
SOC-A7-2025-118,S02,4,23,3,302
SOC-A7-2025-118,S02,5,23,3,301
SOC-A7-2025-118,S02,6,23,3,301
SOC-A7-2025-118,S02,7,23,3,303
SOC-A7-2025-118,S02,-3,24,9,901
SOC-A7-2025-118,S02,-2,24,3,302
SOC-A7-2025-118,S02,-1,24,1,100
SOC-A7-2025-118,S02,0,24,1,100
SOC-A7-2025-118,S02,1,24,12,1201
SOC-A7-2025-118,S02,2,24,3,302
SOC-A7-2025-118,S02,3,24,3,301
SOC-A7-2025-118,S03,-3,-24,2,200
SOC-A7-2025-118,S03,-2,-24,10,1001
SOC-A7-2025-118,S03,-1,-24,2,200
SOC-A7-2025-118,S03,0,-24,3,301
SOC-A7-2025-118,S03,1,-24,1,100
SOC-A7-2025-118,S03,2,-24,2,201
SOC-A7-2025-118,S03,3,-24,10,1002
SOC-A7-2025-118,S03,-7,-23,3,303
SOC-A7-2025-118,S03,-6,-23,12,1202
SOC-A7-2025-118,S03,-5,-23,3,302
SOC-A7-2025-118,S03,-4,-23,10,1001
SOC-A7-2025-118,S03,-3,-23,3,302
SOC-A7-2025-118,S03,-2,-23,1,100
SOC-A7-2025-118,S03,-1,-23,1,100
SOC-A7-2025-118,S03,0,-23,3,302
SOC-A7-2025-118,S03,1,-23,1,100
SOC-A7-2025-118,S03,2,-23,10,1001
SOC-A7-2025-118,S03,3,-23,1,100
SOC-A7-2025-118,S03,4,-23,1,100
SOC-A7-2025-118,S03,5,-23,3,302
SOC-A7-2025-118,S03,6,-23,1,100
SOC-A7-2025-118,S03,7,-23,1,100
SOC-A7-2025-118,S03,-10,-22,1,100
SOC-A7-2025-118,S03,-9,-22,3,302
SOC-A7-2025-118,S03,-8,-22,2,200
SOC-A7-2025-118,S03,-7,-22,1,100
SOC-A7-2025-118,S03,-6,-22,2,200
SOC-A7-2025-118,S03,-5,-22,1,100
SOC-A7-2025-118,S03,-4,-22,2,200
SOC-A7-2025-118,S03,-3,-22,10,1001
SOC-A7-2025-118,S03,-2,-22,10,1002
SOC-A7-2025-118,S03,-1,-22,1,100
SOC-A7-2025-118,S03,0,-22,2,201
SOC-A7-2025-118,S03,1,-22,10,1001
SOC-A7-2025-118,S03,2,-22,1,100
SOC-A7-2025-118,S03,3,-22,2,201
SOC-A7-2025-118,S03,4,-22,1,100
SOC-A7-2025-118,S03,5,-22,3,303
SOC-A7-2025-118,S03,6,-22,3,303
SOC-A7-2025-118,S03,7,-22,1,100
SOC-A7-2025-118,S03,8,-22,1,100
SOC-A7-2025-118,S03,9,-22,1,100
SOC-A7-2025-118,S03,10,-22,3,301
SOC-A7-2025-118,S03,-12,-21,1,100
SOC-A7-2025-118,S03,-11,-21,12,1202
SOC-A7-2025-118,S03,-10,-21,3,302
SOC-A7-2025-118,S03,-9,-21,2,201
SOC-A7-2025-118,S03,-8,-21,8,802
SOC-A7-2025-118,S03,-7,-21,2,200
SOC-A7-2025-118,S03,-6,-21,1,100
SOC-A7-2025-118,S03,-5,-21,10,1002
SOC-A7-2025-118,S03,-4,-21,1,100
SOC-A7-2025-118,S03,-3,-21,2,200
SOC-A7-2025-118,S03,-2,-21,1,100
SOC-A7-2025-118,S03,-1,-21,1,100
SOC-A7-2025-118,S03,0,-21,2,201
SOC-A7-2025-118,S03,1,-21,2,201
SOC-A7-2025-118,S03,2,-21,1,100
SOC-A7-2025-118,S03,3,-21,2,201
SOC-A7-2025-118,S03,4,-21,2,201
SOC-A7-2025-118,S03,5,-21,1,100
SOC-A7-2025-118,S03,6,-21,2,200
SOC-A7-2025-118,S03,7,-21,2,200
SOC-A7-2025-118,S03,8,-21,2,201
SOC-A7-2025-118,S03,9,-21,1,100
SOC-A7-2025-118,S03,10,-21,1,100
SOC-A7-2025-118,S03,11,-21,2,201
SOC-A7-2025-118,S03,12,-21,3,303
SOC-A7-2025-118,S03,-13,-20,12,1201
SOC-A7-2025-118,S03,-12,-20,3,301
SOC-A7-2025-118,S03,-11,-20,3,302
SOC-A7-2025-118,S03,-10,-20,1,100
SOC-A7-2025-118,S03,-9,-20,10,1001
SOC-A7-2025-118,S03,-8,-20,2,200
SOC-A7-2025-118,S03,-7,-20,2,200
SOC-A7-2025-118,S03,-6,-20,10,1002
SOC-A7-2025-118,S03,-5,-20,2,201
SOC-A7-2025-118,S03,-4,-20,1,100
SOC-A7-2025-118,S03,-3,-20,1,100
SOC-A7-2025-118,S03,-2,-20,1,100
SOC-A7-2025-118,S03,-1,-20,1,100
SOC-A7-2025-118,S03,0,-20,2,201
SOC-A7-2025-118,S03,1,-20,1,100
SOC-A7-2025-118,S03,2,-20,1,100
SOC-A7-2025-118,S03,3,-20,1,100
SOC-A7-2025-118,S03,4,-20,2,200
SOC-A7-2025-118,S03,5,-20,1,100
SOC-A7-2025-118,S03,6,-20,1,100
SOC-A7-2025-118,S03,7,-20,1,100
SOC-A7-2025-118,S03,8,-20,1,100
SOC-A7-2025-118,S03,9,-20,2,201
SOC-A7-2025-118,S03,10,-20,12,1202
SOC-A7-2025-118,S03,11,-20,1,100
SOC-A7-2025-118,S03,12,-20,12,1201
SOC-A7-2025-118,S03,13,-20,3,301
SOC-A7-2025-118,S03,-15,-19,2,201
SOC-A7-2025-118,S03,-14,-19,1,100
SOC-A7-2025-118,S03,-13,-19,1,100
SOC-A7-2025-118,S03,-12,-19,6,603
SOC-A7-2025-118,S03,-11,-19,2,201
SOC-A7-2025-118,S03,-10,-19,2,200
SOC-A7-2025-118,S03,-9,-19,10,1001
SOC-A7-2025-118,S03,-8,-19,10,1001
SOC-A7-2025-118,S03,-7,-19,1,100
SOC-A7-2025-118,S03,-6,-19,1,100
SOC-A7-2025-118,S03,-5,-19,1,100
SOC-A7-2025-118,S03,-4,-19,10,1002
SOC-A7-2025-118,S03,-3,-19,2,201
SOC-A7-2025-118,S03,-2,-19,1,100
SOC-A7-2025-118,S03,-1,-19,1,100
SOC-A7-2025-118,S03,0,-19,2,200
SOC-A7-2025-118,S03,1,-19,1,100
SOC-A7-2025-118,S03,2,-19,2,201
SOC-A7-2025-118,S03,3,-19,1,100
SOC-A7-2025-118,S03,4,-19,1,100
SOC-A7-2025-118,S03,5,-19,1,100
SOC-A7-2025-118,S03,6,-19,1,100
SOC-A7-2025-118,S03,7,-19,1,100
SOC-A7-2025-118,S03,8,-19,1,100
SOC-A7-2025-118,S03,9,-19,1,100
SOC-A7-2025-118,S03,10,-19,1,100
SOC-A7-2025-118,S03,11,-19,1,100
SOC-A7-2025-118,S03,12,-19,2,200
SOC-A7-2025-118,S03,13,-19,1,100
SOC-A7-2025-118,S03,14,-19,3,303
SOC-A7-2025-118,S03,15,-19,3,303
SOC-A7-2025-118,S03,-16,-18,3,303
SOC-A7-2025-118,S03,-15,-18,1,100
SOC-A7-2025-118,S03,-14,-18,1,100
SOC-A7-2025-118,S03,-13,-18,2,201
SOC-A7-2025-118,S03,-12,-18,2,201
SOC-A7-2025-118,S03,-11,-18,10,1002
SOC-A7-2025-118,S03,-10,-18,10,1002
SOC-A7-2025-118,S03,-9,-18,2,201
SOC-A7-2025-118,S03,-8,-18,10,1002
SOC-A7-2025-118,S03,-7,-18,1,100
SOC-A7-2025-118,S03,-6,-18,1,100
SOC-A7-2025-118,S03,-5,-18,2,201
SOC-A7-2025-118,S03,-4,-18,2,201
SOC-A7-2025-118,S03,-3,-18,1,100
SOC-A7-2025-118,S03,-2,-18,10,1002
SOC-A7-2025-118,S03,-1,-18,1,100
SOC-A7-2025-118,S03,0,-18,1,100
SOC-A7-2025-118,S03,1,-18,1,100
SOC-A7-2025-118,S03,2,-18,2,200
SOC-A7-2025-118,S03,3,-18,2,200
SOC-A7-2025-118,S03,4,-18,1,100
SOC-A7-2025-118,S03,5,-18,2,200
SOC-A7-2025-118,S03,6,-18,11,1103
SOC-A7-2025-118,S03,7,-18,1,100
SOC-A7-2025-118,S03,8,-18,1,100
SOC-A7-2025-118,S03,9,-18,1,100
SOC-A7-2025-118,S03,10,-18,1,100
SOC-A7-2025-118,S03,11,-18,1,100
SOC-A7-2025-118,S03,12,-18,1,100
SOC-A7-2025-118,S03,13,-18,1,100
SOC-A7-2025-118,S03,14,-18,3,302
SOC-A7-2025-118,S03,15,-18,2,201
SOC-A7-2025-118,S03,16,-18,1,100
SOC-A7-2025-118,S03,-17,-17,3,301
SOC-A7-2025-118,S03,-16,-17,2,200
SOC-A7-2025-118,S03,-15,-17,3,302
SOC-A7-2025-118,S03,-14,-17,1,100
SOC-A7-2025-118,S03,-13,-17,2,201
SOC-A7-2025-118,S03,-12,-17,1,100
SOC-A7-2025-118,S03,-11,-17,2,200
SOC-A7-2025-118,S03,-10,-17,10,1002
SOC-A7-2025-118,S03,-9,-17,10,1002
SOC-A7-2025-118,S03,-8,-17,1,100
SOC-A7-2025-118,S03,-7,-17,2,200
SOC-A7-2025-118,S03,-6,-17,1,100
SOC-A7-2025-118,S03,-5,-17,2,201
SOC-A7-2025-118,S03,-4,-17,2,200
SOC-A7-2025-118,S03,-3,-17,1,100
SOC-A7-2025-118,S03,-2,-17,1,100
SOC-A7-2025-118,S03,-1,-17,10,1002
SOC-A7-2025-118,S03,0,-17,10,1001
SOC-A7-2025-118,S03,1,-17,1,100
SOC-A7-2025-118,S03,2,-17,2,201
SOC-A7-2025-118,S03,3,-17,1,100
SOC-A7-2025-118,S03,4,-17,2,201
SOC-A7-2025-118,S03,5,-17,11,1102
SOC-A7-2025-118,S03,6,-17,1,100
SOC-A7-2025-118,S03,7,-17,1,100
SOC-A7-2025-118,S03,8,-17,1,100
SOC-A7-2025-118,S03,9,-17,2,201
SOC-A7-2025-118,S03,10,-17,1,100
SOC-A7-2025-118,S03,11,-17,6,601
SOC-A7-2025-118,S03,12,-17,1,100
SOC-A7-2025-118,S03,13,-17,1,100
SOC-A7-2025-118,S03,14,-17,2,201
SOC-A7-2025-118,S03,15,-17,1,100
SOC-A7-2025-118,S03,16,-17,1,100
SOC-A7-2025-118,S03,17,-17,2,201
SOC-A7-2025-118,S03,-18,-16,10,1001
SOC-A7-2025-118,S03,-17,-16,3,301
SOC-A7-2025-118,S03,-16,-16,6,603
SOC-A7-2025-118,S03,-15,-16,12,1202
SOC-A7-2025-118,S03,-14,-16,1,100
SOC-A7-2025-118,S03,-13,-16,1,100
SOC-A7-2025-118,S03,-12,-16,2,201
SOC-A7-2025-118,S03,-11,-16,10,1002
SOC-A7-2025-118,S03,-10,-16,10,1002
SOC-A7-2025-118,S03,-9,-16,1,100
SOC-A7-2025-118,S03,-8,-16,1,100
SOC-A7-2025-118,S03,-7,-16,1,100
SOC-A7-2025-118,S03,-6,-16,1,100
SOC-A7-2025-118,S03,-5,-16,10,1001
SOC-A7-2025-118,S03,-4,-16,2,200
SOC-A7-2025-118,S03,-3,-16,1,100
SOC-A7-2025-118,S03,-2,-16,1,100
SOC-A7-2025-118,S03,-1,-16,1,100
SOC-A7-2025-118,S03,0,-16,1,100
SOC-A7-2025-118,S03,1,-16,1,100
SOC-A7-2025-118,S03,2,-16,1,100
SOC-A7-2025-118,S03,3,-16,1,100
SOC-A7-2025-118,S03,4,-16,1,100
SOC-A7-2025-118,S03,5,-16,1,100
SOC-A7-2025-118,S03,6,-16,1,100
SOC-A7-2025-118,S03,7,-16,1,100
SOC-A7-2025-118,S03,8,-16,1,100
SOC-A7-2025-118,S03,9,-16,1,100
SOC-A7-2025-118,S03,10,-16,2,201
SOC-A7-2025-118,S03,11,-16,1,100
SOC-A7-2025-118,S03,12,-16,1,100
SOC-A7-2025-118,S03,13,-16,1,100
SOC-A7-2025-118,S03,14,-16,1,100
SOC-A7-2025-118,S03,15,-16,12,1202
SOC-A7-2025-118,S03,16,-16,3,302
SOC-A7-2025-118,S03,17,-16,1,100
SOC-A7-2025-118,S03,18,-16,3,302
SOC-A7-2025-118,S03,-19,-15,2,201
SOC-A7-2025-118,S03,-18,-15,1,100
SOC-A7-2025-118,S03,-17,-15,10,1002
SOC-A7-2025-118,S03,-16,-15,1,100
SOC-A7-2025-118,S03,-15,-15,1,100
SOC-A7-2025-118,S03,-14,-15,10,1002
SOC-A7-2025-118,S03,-13,-15,2,200
SOC-A7-2025-118,S03,-12,-15,1,100
SOC-A7-2025-118,S03,-11,-15,1,100
SOC-A7-2025-118,S03,-10,-15,1,100
SOC-A7-2025-118,S03,-9,-15,1,100
SOC-A7-2025-118,S03,-8,-15,1,100
SOC-A7-2025-118,S03,-7,-15,1,100
SOC-A7-2025-118,S03,-6,-15,1,100
SOC-A7-2025-118,S03,-5,-15,10,1002
SOC-A7-2025-118,S03,-4,-15,1,100
SOC-A7-2025-118,S03,-3,-15,2,201
SOC-A7-2025-118,S03,-2,-15,1,100
SOC-A7-2025-118,S03,-1,-15,2,201
SOC-A7-2025-118,S03,0,-15,1,100
SOC-A7-2025-118,S03,1,-15,1,100
SOC-A7-2025-118,S03,2,-15,1,100
SOC-A7-2025-118,S03,3,-15,1,100
SOC-A7-2025-118,S03,4,-15,1,100
SOC-A7-2025-118,S03,5,-15,1,100
SOC-A7-2025-118,S03,6,-15,1,100
SOC-A7-2025-118,S03,7,-15,1,100
SOC-A7-2025-118,S03,8,-15,1,100
SOC-A7-2025-118,S03,9,-15,2,200
SOC-A7-2025-118,S03,10,-15,1,100
SOC-A7-2025-118,S03,11,-15,11,1101
SOC-A7-2025-118,S03,12,-15,2,201
SOC-A7-2025-118,S03,13,-15,1,100
SOC-A7-2025-118,S03,14,-15,12,1202
SOC-A7-2025-118,S03,15,-15,1,100
SOC-A7-2025-118,S03,16,-15,1,100
SOC-A7-2025-118,S03,17,-15,3,303
SOC-A7-2025-118,S03,18,-15,1,100
SOC-A7-2025-118,S03,19,-15,3,301
SOC-A7-2025-118,S03,-19,-14,3,302
SOC-A7-2025-118,S03,-18,-14,10,1001
SOC-A7-2025-118,S03,-17,-14,1,100
SOC-A7-2025-118,S03,-16,-14,1,100
SOC-A7-2025-118,S03,-15,-14,10,1002
SOC-A7-2025-118,S03,-14,-14,10,1002
SOC-A7-2025-118,S03,-13,-14,1,100
SOC-A7-2025-118,S03,-12,-14,1,100
SOC-A7-2025-118,S03,-11,-14,1,100
SOC-A7-2025-118,S03,-10,-14,10,1001
SOC-A7-2025-118,S03,-9,-14,2,201
SOC-A7-2025-118,S03,-8,-14,1,100
SOC-A7-2025-118,S03,-7,-14,2,200
SOC-A7-2025-118,S03,-6,-14,2,200
SOC-A7-2025-118,S03,-5,-14,11,1103
SOC-A7-2025-118,S03,-4,-14,1,100
SOC-A7-2025-118,S03,-3,-14,8,801
SOC-A7-2025-118,S03,-2,-14,1,100
SOC-A7-2025-118,S03,-1,-14,1,100
SOC-A7-2025-118,S03,0,-14,1,100
SOC-A7-2025-118,S03,1,-14,1,100
SOC-A7-2025-118,S03,2,-14,1,100
SOC-A7-2025-118,S03,3,-14,2,200
SOC-A7-2025-118,S03,4,-14,1,100
SOC-A7-2025-118,S03,5,-14,1,100
SOC-A7-2025-118,S03,6,-14,1,100
SOC-A7-2025-118,S03,7,-14,1,100
SOC-A7-2025-118,S03,8,-14,1,100
SOC-A7-2025-118,S03,9,-14,1,100
SOC-A7-2025-118,S03,10,-14,1,100
SOC-A7-2025-118,S03,11,-14,1,100
SOC-A7-2025-118,S03,12,-14,1,100
SOC-A7-2025-118,S03,13,-14,1,100
SOC-A7-2025-118,S03,14,-14,1,100
SOC-A7-2025-118,S03,15,-14,1,100
SOC-A7-2025-118,S03,16,-14,1,100
SOC-A7-2025-118,S03,17,-14,1,100
SOC-A7-2025-118,S03,18,-14,3,302
SOC-A7-2025-118,S03,19,-14,1,100
SOC-A7-2025-118,S03,-20,-13,1,100
SOC-A7-2025-118,S03,-19,-13,3,303
SOC-A7-2025-118,S03,-18,-13,10,1001
SOC-A7-2025-118,S03,-17,-13,10,1002
SOC-A7-2025-118,S03,-16,-13,1,100
SOC-A7-2025-118,S03,-15,-13,1,100
SOC-A7-2025-118,S03,-14,-13,2,201
SOC-A7-2025-118,S03,-13,-13,10,1002
SOC-A7-2025-118,S03,-12,-13,10,1002
SOC-A7-2025-118,S03,-11,-13,1,100
SOC-A7-2025-118,S03,-10,-13,1,100
SOC-A7-2025-118,S03,-9,-13,10,1002
SOC-A7-2025-118,S03,-8,-13,10,1002
SOC-A7-2025-118,S03,-7,-13,1,100
SOC-A7-2025-118,S03,-6,-13,10,1002
SOC-A7-2025-118,S03,-5,-13,1,100
SOC-A7-2025-118,S03,-4,-13,10,1002
SOC-A7-2025-118,S03,-3,-13,1,100
SOC-A7-2025-118,S03,-2,-13,2,200
SOC-A7-2025-118,S03,-1,-13,1,100
SOC-A7-2025-118,S03,0,-13,1,100
SOC-A7-2025-118,S03,1,-13,1,100
SOC-A7-2025-118,S03,2,-13,1,100
SOC-A7-2025-118,S03,3,-13,1,100
SOC-A7-2025-118,S03,4,-13,2,200
SOC-A7-2025-118,S03,5,-13,2,201
SOC-A7-2025-118,S03,6,-13,2,201
SOC-A7-2025-118,S03,7,-13,1,100
SOC-A7-2025-118,S03,8,-13,1,100
SOC-A7-2025-118,S03,9,-13,1,100
SOC-A7-2025-118,S03,10,-13,2,201
SOC-A7-2025-118,S03,11,-13,1,100
SOC-A7-2025-118,S03,12,-13,1,100
SOC-A7-2025-118,S03,13,-13,1,100
SOC-A7-2025-118,S03,14,-13,2,201
SOC-A7-2025-118,S03,15,-13,1,100
SOC-A7-2025-118,S03,16,-13,1,100
SOC-A7-2025-118,S03,17,-13,1,100
SOC-A7-2025-118,S03,18,-13,1,100
SOC-A7-2025-118,S03,19,-13,3,302
SOC-A7-2025-118,S03,20,-13,1,100
SOC-A7-2025-118,S03,-21,-12,10,1001
SOC-A7-2025-118,S03,-20,-12,12,1201
SOC-A7-2025-118,S03,-19,-12,10,1001
SOC-A7-2025-118,S03,-18,-12,1,100
SOC-A7-2025-118,S03,-17,-12,2,200
SOC-A7-2025-118,S03,-16,-12,1,100
SOC-A7-2025-118,S03,-15,-12,1,100
SOC-A7-2025-118,S03,-14,-12,1,100
SOC-A7-2025-118,S03,-13,-12,1,100
SOC-A7-2025-118,S03,-12,-12,1,100
SOC-A7-2025-118,S03,-11,-12,1,100
SOC-A7-2025-118,S03,-10,-12,2,200
SOC-A7-2025-118,S03,-9,-12,1,100
SOC-A7-2025-118,S03,-8,-12,1,100
SOC-A7-2025-118,S03,-7,-12,10,1002
SOC-A7-2025-118,S03,-6,-12,2,200
SOC-A7-2025-118,S03,-5,-12,2,200
SOC-A7-2025-118,S03,-4,-12,1,100
SOC-A7-2025-118,S03,-3,-12,2,201
SOC-A7-2025-118,S03,-2,-12,2,200
SOC-A7-2025-118,S03,-1,-12,1,100
SOC-A7-2025-118,S03,0,-12,6,601
SOC-A7-2025-118,S03,1,-12,2,201
SOC-A7-2025-118,S03,2,-12,2,200
SOC-A7-2025-118,S03,3,-12,1,100
SOC-A7-2025-118,S03,4,-12,2,200
SOC-A7-2025-118,S03,5,-12,1,100
SOC-A7-2025-118,S03,6,-12,2,201
SOC-A7-2025-118,S03,7,-12,1,100
SOC-A7-2025-118,S03,8,-12,1,100
SOC-A7-2025-118,S03,9,-12,1,100
SOC-A7-2025-118,S03,10,-12,1,100
SOC-A7-2025-118,S03,11,-12,1,100
SOC-A7-2025-118,S03,12,-12,1,100
SOC-A7-2025-118,S03,13,-12,1,100
SOC-A7-2025-118,S03,14,-12,1,100
SOC-A7-2025-118,S03,15,-12,1,100
SOC-A7-2025-118,S03,16,-12,1,100
SOC-A7-2025-118,S03,17,-12,1,100
SOC-A7-2025-118,S03,18,-12,1,100
SOC-A7-2025-118,S03,19,-12,1,100
SOC-A7-2025-118,S03,20,-12,3,303
SOC-A7-2025-118,S03,21,-12,3,301
SOC-A7-2025-118,S03,-21,-11,2,200
SOC-A7-2025-118,S03,-20,-11,2,200
SOC-A7-2025-118,S03,-19,-11,1,100
SOC-A7-2025-118,S03,-18,-11,2,201
SOC-A7-2025-118,S03,-17,-11,10,1001
SOC-A7-2025-118,S03,-16,-11,1,100
SOC-A7-2025-118,S03,-15,-11,1,100
SOC-A7-2025-118,S03,-14,-11,1,100
SOC-A7-2025-118,S03,-13,-11,10,1001
SOC-A7-2025-118,S03,-12,-11,1,100
SOC-A7-2025-118,S03,-11,-11,1,100
SOC-A7-2025-118,S03,-10,-11,10,1001
SOC-A7-2025-118,S03,-9,-11,2,201
SOC-A7-2025-118,S03,-8,-11,1,100
SOC-A7-2025-118,S03,-7,-11,2,200
SOC-A7-2025-118,S03,-6,-11,1,100
SOC-A7-2025-118,S03,-5,-11,2,200
SOC-A7-2025-118,S03,-4,-11,6,602
SOC-A7-2025-118,S03,-3,-11,6,602
SOC-A7-2025-118,S03,-2,-11,1,100
SOC-A7-2025-118,S03,-1,-11,1,100
SOC-A7-2025-118,S03,0,-11,1,100
SOC-A7-2025-118,S03,1,-11,1,100
SOC-A7-2025-118,S03,2,-11,2,200
SOC-A7-2025-118,S03,3,-11,1,100
SOC-A7-2025-118,S03,4,-11,1,100
SOC-A7-2025-118,S03,5,-11,8,802
SOC-A7-2025-118,S03,6,-11,1,100
SOC-A7-2025-118,S03,7,-11,1,100
SOC-A7-2025-118,S03,8,-11,1,100
SOC-A7-2025-118,S03,9,-11,1,100
SOC-A7-2025-118,S03,10,-11,1,100
SOC-A7-2025-118,S03,11,-11,1,100
SOC-A7-2025-118,S03,12,-11,1,100
SOC-A7-2025-118,S03,13,-11,2,200
SOC-A7-2025-118,S03,14,-11,1,100
SOC-A7-2025-118,S03,15,-11,1,100
SOC-A7-2025-118,S03,16,-11,1,100
SOC-A7-2025-118,S03,17,-11,1,100
SOC-A7-2025-118,S03,18,-11,1,100
SOC-A7-2025-118,S03,19,-11,1,100
SOC-A7-2025-118,S03,20,-11,1,100
SOC-A7-2025-118,S03,21,-11,1,100
SOC-A7-2025-118,S03,-22,-10,2,201
SOC-A7-2025-118,S03,-21,-10,1,100
SOC-A7-2025-118,S03,-20,-10,10,1002
SOC-A7-2025-118,S03,-19,-10,1,100
SOC-A7-2025-118,S03,-18,-10,10,1001
SOC-A7-2025-118,S03,-17,-10,1,100
SOC-A7-2025-118,S03,-16,-10,1,100
SOC-A7-2025-118,S03,-15,-10,1,100
SOC-A7-2025-118,S03,-14,-10,1,100
SOC-A7-2025-118,S03,-13,-10,2,201
SOC-A7-2025-118,S03,-12,-10,1,100
SOC-A7-2025-118,S03,-11,-10,2,200
SOC-A7-2025-118,S03,-10,-10,10,1002
SOC-A7-2025-118,S03,-9,-10,2,201
SOC-A7-2025-118,S03,-8,-10,1,100
SOC-A7-2025-118,S03,-7,-10,1,100
SOC-A7-2025-118,S03,-6,-10,1,100
SOC-A7-2025-118,S03,-5,-10,1,100
SOC-A7-2025-118,S03,-4,-10,1,100
SOC-A7-2025-118,S03,-3,-10,1,100
SOC-A7-2025-118,S03,-2,-10,1,100
SOC-A7-2025-118,S03,-1,-10,1,100
SOC-A7-2025-118,S03,0,-10,2,201
SOC-A7-2025-118,S03,1,-10,1,100
SOC-A7-2025-118,S03,2,-10,1,100
SOC-A7-2025-118,S03,3,-10,2,200
SOC-A7-2025-118,S03,4,-10,2,200
SOC-A7-2025-118,S03,5,-10,1,100
SOC-A7-2025-118,S03,6,-10,1,100
SOC-A7-2025-118,S03,7,-10,1,100
SOC-A7-2025-118,S03,8,-10,1,100
SOC-A7-2025-118,S03,9,-10,1,100
SOC-A7-2025-118,S03,10,-10,1,100
SOC-A7-2025-118,S03,11,-10,2,201
SOC-A7-2025-118,S03,12,-10,1,100
SOC-A7-2025-118,S03,13,-10,1,100
SOC-A7-2025-118,S03,14,-10,1,100
SOC-A7-2025-118,S03,15,-10,2,200
SOC-A7-2025-118,S03,16,-10,1,100
SOC-A7-2025-118,S03,17,-10,1,100
SOC-A7-2025-118,S03,18,-10,1,100
SOC-A7-2025-118,S03,19,-10,1,100
SOC-A7-2025-118,S03,20,-10,1,100
SOC-A7-2025-118,S03,21,-10,12,1201
SOC-A7-2025-118,S03,22,-10,1,100
SOC-A7-2025-118,S03,-22,-9,3,303
SOC-A7-2025-118,S03,-21,-9,12,1202
SOC-A7-2025-118,S03,-20,-9,1,100
SOC-A7-2025-118,S03,-19,-9,1,100
SOC-A7-2025-118,S03,-18,-9,12,1202
SOC-A7-2025-118,S03,-17,-9,10,1002
SOC-A7-2025-118,S03,-16,-9,2,200
SOC-A7-2025-118,S03,-15,-9,2,200
SOC-A7-2025-118,S03,-14,-9,10,1001
SOC-A7-2025-118,S03,-13,-9,2,200
SOC-A7-2025-118,S03,-12,-9,1,100
SOC-A7-2025-118,S03,-11,-9,1,100
SOC-A7-2025-118,S03,-10,-9,2,200
SOC-A7-2025-118,S03,-9,-9,1,100
SOC-A7-2025-118,S03,-8,-9,1,100
SOC-A7-2025-118,S03,-7,-9,2,201
SOC-A7-2025-118,S03,-6,-9,2,200
SOC-A7-2025-118,S03,-5,-9,1,100
SOC-A7-2025-118,S03,-4,-9,1,100
SOC-A7-2025-118,S03,-3,-9,1,100
SOC-A7-2025-118,S03,-2,-9,1,100
SOC-A7-2025-118,S03,-1,-9,1,100
SOC-A7-2025-118,S03,0,-9,1,100
SOC-A7-2025-118,S03,1,-9,1,100
SOC-A7-2025-118,S03,2,-9,1,100
SOC-A7-2025-118,S03,3,-9,1,100
SOC-A7-2025-118,S03,4,-9,1,100
SOC-A7-2025-118,S03,5,-9,1,100
SOC-A7-2025-118,S03,6,-9,1,100
SOC-A7-2025-118,S03,7,-9,1,100
SOC-A7-2025-118,S03,8,-9,1,100
SOC-A7-2025-118,S03,9,-9,1,100
SOC-A7-2025-118,S03,10,-9,1,100
SOC-A7-2025-118,S03,11,-9,1,100
SOC-A7-2025-118,S03,12,-9,1,100
SOC-A7-2025-118,S03,13,-9,1,100
SOC-A7-2025-118,S03,14,-9,1,100
SOC-A7-2025-118,S03,15,-9,1,100
SOC-A7-2025-118,S03,16,-9,2,201
SOC-A7-2025-118,S03,17,-9,1,100
SOC-A7-2025-118,S03,18,-9,1,100
SOC-A7-2025-118,S03,19,-9,2,201
SOC-A7-2025-118,S03,20,-9,1,100
SOC-A7-2025-118,S03,21,-9,3,301
SOC-A7-2025-118,S03,22,-9,2,200
SOC-A7-2025-118,S03,-22,-8,1,100
SOC-A7-2025-118,S03,-21,-8,2,201
SOC-A7-2025-118,S03,-20,-8,1,100
SOC-A7-2025-118,S03,-19,-8,2,201
SOC-A7-2025-118,S03,-18,-8,6,603
SOC-A7-2025-118,S03,-17,-8,1,100
SOC-A7-2025-118,S03,-16,-8,2,201
SOC-A7-2025-118,S03,-15,-8,6,602
SOC-A7-2025-118,S03,-14,-8,1,100
SOC-A7-2025-118,S03,-13,-8,6,602
SOC-A7-2025-118,S03,-12,-8,1,100
SOC-A7-2025-118,S03,-11,-8,1,100
SOC-A7-2025-118,S03,-10,-8,1,100
SOC-A7-2025-118,S03,-9,-8,2,201
SOC-A7-2025-118,S03,-8,-8,1,100
SOC-A7-2025-118,S03,-7,-8,1,100
SOC-A7-2025-118,S03,-6,-8,1,100
SOC-A7-2025-118,S03,-5,-8,2,200
SOC-A7-2025-118,S03,-4,-8,1,100
SOC-A7-2025-118,S03,-3,-8,1,100
SOC-A7-2025-118,S03,-2,-8,1,100
SOC-A7-2025-118,S03,-1,-8,1,100
SOC-A7-2025-118,S03,0,-8,2,200
SOC-A7-2025-118,S03,1,-8,1,100
SOC-A7-2025-118,S03,2,-8,1,100
SOC-A7-2025-118,S03,3,-8,1,100
SOC-A7-2025-118,S03,4,-8,1,100
SOC-A7-2025-118,S03,5,-8,2,200
SOC-A7-2025-118,S03,6,-8,1,100
SOC-A7-2025-118,S03,7,-8,1,100
SOC-A7-2025-118,S03,8,-8,1,100
SOC-A7-2025-118,S03,9,-8,6,603
SOC-A7-2025-118,S03,10,-8,1,100
SOC-A7-2025-118,S03,11,-8,1,100
SOC-A7-2025-118,S03,12,-8,1,100
SOC-A7-2025-118,S03,13,-8,6,601
SOC-A7-2025-118,S03,14,-8,1,100
SOC-A7-2025-118,S03,15,-8,1,100
SOC-A7-2025-118,S03,16,-8,2,201
SOC-A7-2025-118,S03,17,-8,1,100
SOC-A7-2025-118,S03,18,-8,2,201
SOC-A7-2025-118,S03,19,-8,1,100
SOC-A7-2025-118,S03,20,-8,1,100
SOC-A7-2025-118,S03,21,-8,2,200
SOC-A7-2025-118,S03,22,-8,3,301
SOC-A7-2025-118,S03,-23,-7,2,200
SOC-A7-2025-118,S03,-22,-7,1,100
SOC-A7-2025-118,S03,-21,-7,1,100
SOC-A7-2025-118,S03,-20,-7,10,1001
SOC-A7-2025-118,S03,-19,-7,10,1001
SOC-A7-2025-118,S03,-18,-7,2,200
SOC-A7-2025-118,S03,-17,-7,2,200
SOC-A7-2025-118,S03,-16,-7,2,200
SOC-A7-2025-118,S03,-15,-7,10,1002
SOC-A7-2025-118,S03,-14,-7,1,100
SOC-A7-2025-118,S03,-13,-7,1,100
SOC-A7-2025-118,S03,-12,-7,10,1001
SOC-A7-2025-118,S03,-11,-7,2,200
SOC-A7-2025-118,S03,-10,-7,2,200
SOC-A7-2025-118,S03,-9,-7,1,100
SOC-A7-2025-118,S03,-8,-7,1,100
SOC-A7-2025-118,S03,-7,-7,1,100
SOC-A7-2025-118,S03,-6,-7,2,201
SOC-A7-2025-118,S03,-5,-7,1,100
SOC-A7-2025-118,S03,-4,-7,1,100
SOC-A7-2025-118,S03,-3,-7,1,100
SOC-A7-2025-118,S03,-2,-7,1,100
SOC-A7-2025-118,S03,-1,-7,2,200
SOC-A7-2025-118,S03,0,-7,1,100
SOC-A7-2025-118,S03,1,-7,1,100
SOC-A7-2025-118,S03,2,-7,2,200
SOC-A7-2025-118,S03,3,-7,1,100
SOC-A7-2025-118,S03,4,-7,1,100
SOC-A7-2025-118,S03,5,-7,1,100
SOC-A7-2025-118,S03,6,-7,1,100
SOC-A7-2025-118,S03,7,-7,1,100
SOC-A7-2025-118,S03,8,-7,1,100
SOC-A7-2025-118,S03,9,-7,1,100
SOC-A7-2025-118,S03,10,-7,1,100
SOC-A7-2025-118,S03,11,-7,1,100
SOC-A7-2025-118,S03,12,-7,1,100
SOC-A7-2025-118,S03,13,-7,1,100
SOC-A7-2025-118,S03,14,-7,1,100
SOC-A7-2025-118,S03,15,-7,1,100
SOC-A7-2025-118,S03,16,-7,1,100
SOC-A7-2025-118,S03,17,-7,1,100
SOC-A7-2025-118,S03,18,-7,1,100
SOC-A7-2025-118,S03,19,-7,12,1201
SOC-A7-2025-118,S03,20,-7,1,100
SOC-A7-2025-118,S03,21,-7,1,100
SOC-A7-2025-118,S03,22,-7,1,100
SOC-A7-2025-118,S03,23,-7,3,301
SOC-A7-2025-118,S03,-23,-6,1,100
SOC-A7-2025-118,S03,-22,-6,3,302
SOC-A7-2025-118,S03,-21,-6,1,100
SOC-A7-2025-118,S03,-20,-6,1,100
SOC-A7-2025-118,S03,-19,-6,1,100
SOC-A7-2025-118,S03,-18,-6,1,100
SOC-A7-2025-118,S03,-17,-6,1,100
SOC-A7-2025-118,S03,-16,-6,1,100
SOC-A7-2025-118,S03,-15,-6,10,1001
SOC-A7-2025-118,S03,-14,-6,1,100
SOC-A7-2025-118,S03,-13,-6,7,703
SOC-A7-2025-118,S03,-12,-6,1,100
SOC-A7-2025-118,S03,-11,-6,1,100
SOC-A7-2025-118,S03,-10,-6,10,1001
SOC-A7-2025-118,S03,-9,-6,2,201
SOC-A7-2025-118,S03,-8,-6,1,100
SOC-A7-2025-118,S03,-7,-6,1,100
SOC-A7-2025-118,S03,-6,-6,1,100
SOC-A7-2025-118,S03,-5,-6,1,100
SOC-A7-2025-118,S03,-4,-6,11,1102
SOC-A7-2025-118,S03,-3,-6,1,100
SOC-A7-2025-118,S03,-2,-6,2,201
SOC-A7-2025-118,S03,-1,-6,1,100
SOC-A7-2025-118,S03,0,-6,2,201
SOC-A7-2025-118,S03,1,-6,1,100
SOC-A7-2025-118,S03,2,-6,1,100
SOC-A7-2025-118,S03,3,-6,8,802
SOC-A7-2025-118,S03,4,-6,1,100
SOC-A7-2025-118,S03,5,-6,1,100
SOC-A7-2025-118,S03,6,-6,2,200
SOC-A7-2025-118,S03,7,-6,1,100
SOC-A7-2025-118,S03,8,-6,1,100
SOC-A7-2025-118,S03,9,-6,1,100
SOC-A7-2025-118,S03,10,-6,1,100
SOC-A7-2025-118,S03,11,-6,1,100
SOC-A7-2025-118,S03,12,-6,1,100
SOC-A7-2025-118,S03,13,-6,2,200
SOC-A7-2025-118,S03,14,-6,1,100
SOC-A7-2025-118,S03,15,-6,1,100
SOC-A7-2025-118,S03,16,-6,1,100
SOC-A7-2025-118,S03,17,-6,1,100
SOC-A7-2025-118,S03,18,-6,1,100
SOC-A7-2025-118,S03,19,-6,1,100
SOC-A7-2025-118,S03,20,-6,1,100
SOC-A7-2025-118,S03,21,-6,1,100
SOC-A7-2025-118,S03,22,-6,3,303
SOC-A7-2025-118,S03,23,-6,12,1202
SOC-A7-2025-118,S03,-23,-5,1,100
SOC-A7-2025-118,S03,-22,-5,3,303
SOC-A7-2025-118,S03,-21,-5,10,1001
SOC-A7-2025-118,S03,-20,-5,2,200
SOC-A7-2025-118,S03,-19,-5,1,100
SOC-A7-2025-118,S03,-18,-5,2,201
SOC-A7-2025-118,S03,-17,-5,1,100
SOC-A7-2025-118,S03,-16,-5,2,200
SOC-A7-2025-118,S03,-15,-5,8,801
SOC-A7-2025-118,S03,-14,-5,1,100
SOC-A7-2025-118,S03,-13,-5,1,100
SOC-A7-2025-118,S03,-12,-5,7,702
SOC-A7-2025-118,S03,-11,-5,7,701
SOC-A7-2025-118,S03,-10,-5,1,100
SOC-A7-2025-118,S03,-9,-5,1,100
SOC-A7-2025-118,S03,-8,-5,2,200
SOC-A7-2025-118,S03,-7,-5,1,100
SOC-A7-2025-118,S03,-6,-5,1,100
SOC-A7-2025-118,S03,-5,-5,2,201
SOC-A7-2025-118,S03,-4,-5,1,100
SOC-A7-2025-118,S03,-3,-5,1,100
SOC-A7-2025-118,S03,-2,-5,1,100
SOC-A7-2025-118,S03,-1,-5,1,100
SOC-A7-2025-118,S03,0,-5,2,200
SOC-A7-2025-118,S03,1,-5,1,100
SOC-A7-2025-118,S03,2,-5,1,100
SOC-A7-2025-118,S03,3,-5,6,603
SOC-A7-2025-118,S03,4,-5,1,100
SOC-A7-2025-118,S03,5,-5,1,100
SOC-A7-2025-118,S03,6,-5,1,100
SOC-A7-2025-118,S03,7,-5,1,100
SOC-A7-2025-118,S03,8,-5,1,100
SOC-A7-2025-118,S03,9,-5,1,100
SOC-A7-2025-118,S03,10,-5,1,100
SOC-A7-2025-118,S03,11,-5,2,201
SOC-A7-2025-118,S03,12,-5,1,100
SOC-A7-2025-118,S03,13,-5,1,100
SOC-A7-2025-118,S03,14,-5,1,100
SOC-A7-2025-118,S03,15,-5,1,100
SOC-A7-2025-118,S03,16,-5,1,100
SOC-A7-2025-118,S03,17,-5,1,100
SOC-A7-2025-118,S03,18,-5,1,100
SOC-A7-2025-118,S03,19,-5,11,1101
SOC-A7-2025-118,S03,20,-5,1,100
SOC-A7-2025-118,S03,21,-5,1,100
SOC-A7-2025-118,S03,22,-5,3,302
SOC-A7-2025-118,S03,23,-5,3,301
SOC-A7-2025-118,S03,-23,-4,3,302
SOC-A7-2025-118,S03,-22,-4,2,201
SOC-A7-2025-118,S03,-21,-4,2,201
SOC-A7-2025-118,S03,-20,-4,1,100
SOC-A7-2025-118,S03,-19,-4,6,601
SOC-A7-2025-118,S03,-18,-4,1,100
SOC-A7-2025-118,S03,-17,-4,2,200
SOC-A7-2025-118,S03,-16,-4,1,100
SOC-A7-2025-118,S03,-15,-4,10,1002
SOC-A7-2025-118,S03,-14,-4,1,100
SOC-A7-2025-118,S03,-13,-4,2,200
SOC-A7-2025-118,S03,-12,-4,10,1002
SOC-A7-2025-118,S03,-11,-4,7,703
SOC-A7-2025-118,S03,-10,-4,7,701
SOC-A7-2025-118,S03,-9,-4,7,701
SOC-A7-2025-118,S03,-8,-4,1,100
SOC-A7-2025-118,S03,-7,-4,1,100
SOC-A7-2025-118,S03,-6,-4,1,100
SOC-A7-2025-118,S03,-5,-4,1,100
SOC-A7-2025-118,S03,-4,-4,1,100
SOC-A7-2025-118,S03,-3,-4,8,801
SOC-A7-2025-118,S03,-2,-4,1,100
SOC-A7-2025-118,S03,-1,-4,5,502
SOC-A7-2025-118,S03,0,-4,1,100
SOC-A7-2025-118,S03,1,-4,5,503
SOC-A7-2025-118,S03,2,-4,2,201
SOC-A7-2025-118,S03,3,-4,1,100
SOC-A7-2025-118,S03,4,-4,2,200
SOC-A7-2025-118,S03,5,-4,1,100
SOC-A7-2025-118,S03,6,-4,15,1501
SOC-A7-2025-118,S03,7,-4,1,100
SOC-A7-2025-118,S03,8,-4,1,100
SOC-A7-2025-118,S03,9,-4,6,602
SOC-A7-2025-118,S03,10,-4,1,100
SOC-A7-2025-118,S03,11,-4,1,100
SOC-A7-2025-118,S03,12,-4,1,100
SOC-A7-2025-118,S03,13,-4,1,100
SOC-A7-2025-118,S03,14,-4,1,100
SOC-A7-2025-118,S03,15,-4,1,100
SOC-A7-2025-118,S03,16,-4,1,100
SOC-A7-2025-118,S03,17,-4,1,100
SOC-A7-2025-118,S03,18,-4,1,100
SOC-A7-2025-118,S03,19,-4,1,100
SOC-A7-2025-118,S03,20,-4,1,100
SOC-A7-2025-118,S03,21,-4,1,100
SOC-A7-2025-118,S03,22,-4,1,100
SOC-A7-2025-118,S03,23,-4,3,301
SOC-A7-2025-118,S03,-24,-3,1,100
SOC-A7-2025-118,S03,-23,-3,3,301
SOC-A7-2025-118,S03,-22,-3,1,100
SOC-A7-2025-118,S03,-21,-3,1,100
SOC-A7-2025-118,S03,-20,-3,2,200
SOC-A7-2025-118,S03,-19,-3,2,201
SOC-A7-2025-118,S03,-18,-3,1,100
SOC-A7-2025-118,S03,-17,-3,2,201
SOC-A7-2025-118,S03,-16,-3,2,201
SOC-A7-2025-118,S03,-15,-3,2,200
SOC-A7-2025-118,S03,-14,-3,1,100
SOC-A7-2025-118,S03,-13,-3,2,201
SOC-A7-2025-118,S03,-12,-3,1,100
SOC-A7-2025-118,S03,-11,-3,1,100
SOC-A7-2025-118,S03,-10,-3,2,200
SOC-A7-2025-118,S03,-9,-3,7,703
SOC-A7-2025-118,S03,-8,-3,7,701
SOC-A7-2025-118,S03,-7,-3,1,100
SOC-A7-2025-118,S03,-6,-3,1,100
SOC-A7-2025-118,S03,-5,-3,1,100
SOC-A7-2025-118,S03,-4,-3,1,100
SOC-A7-2025-118,S03,-3,-3,1,100
SOC-A7-2025-118,S03,-2,-3,1,100
SOC-A7-2025-118,S03,-1,-3,5,501
SOC-A7-2025-118,S03,0,-3,1,100
SOC-A7-2025-118,S03,1,-3,1,100
SOC-A7-2025-118,S03,2,-3,5,501
SOC-A7-2025-118,S03,3,-3,1,100
SOC-A7-2025-118,S03,4,-3,1,100
SOC-A7-2025-118,S03,5,-3,1,100
SOC-A7-2025-118,S03,6,-3,1,100
SOC-A7-2025-118,S03,7,-3,1,100
SOC-A7-2025-118,S03,8,-3,1,100
SOC-A7-2025-118,S03,9,-3,1,100
SOC-A7-2025-118,S03,10,-3,1,100
SOC-A7-2025-118,S03,11,-3,2,201
SOC-A7-2025-118,S03,12,-3,1,100
SOC-A7-2025-118,S03,13,-3,1,100
SOC-A7-2025-118,S03,14,-3,1,100
SOC-A7-2025-118,S03,15,-3,1,100
SOC-A7-2025-118,S03,16,-3,1,100
SOC-A7-2025-118,S03,17,-3,1,100
SOC-A7-2025-118,S03,18,-3,15,1502
SOC-A7-2025-118,S03,19,-3,1,100
SOC-A7-2025-118,S03,20,-3,1,100
SOC-A7-2025-118,S03,21,-3,1,100
SOC-A7-2025-118,S03,22,-3,11,1101
SOC-A7-2025-118,S03,23,-3,1,100
SOC-A7-2025-118,S03,24,-3,12,1202
SOC-A7-2025-118,S03,-24,-2,1,100
SOC-A7-2025-118,S03,-23,-2,1,100
SOC-A7-2025-118,S03,-22,-2,1,100
SOC-A7-2025-118,S03,-21,-2,2,200
SOC-A7-2025-118,S03,-20,-2,1,100
SOC-A7-2025-118,S03,-19,-2,1,100
SOC-A7-2025-118,S03,-18,-2,10,1002
SOC-A7-2025-118,S03,-17,-2,2,201
SOC-A7-2025-118,S03,-16,-2,1,100
SOC-A7-2025-118,S03,-15,-2,1,100
SOC-A7-2025-118,S03,-14,-2,2,200
SOC-A7-2025-118,S03,-13,-2,1,100
SOC-A7-2025-118,S03,-12,-2,1,100
SOC-A7-2025-118,S03,-11,-2,1,100
SOC-A7-2025-118,S03,-10,-2,1,100
SOC-A7-2025-118,S03,-9,-2,1,100
SOC-A7-2025-118,S03,-8,-2,2,201
SOC-A7-2025-118,S03,-7,-2,7,702
SOC-A7-2025-118,S03,-6,-2,7,701
SOC-A7-2025-118,S03,-5,-2,1,100
SOC-A7-2025-118,S03,-4,-2,5,502
SOC-A7-2025-118,S03,-3,-2,8,801
SOC-A7-2025-118,S03,-2,-2,1,100
SOC-A7-2025-118,S03,-1,-2,5,502
SOC-A7-2025-118,S03,0,-2,1,100
SOC-A7-2025-118,S03,1,-2,2,200
SOC-A7-2025-118,S03,2,-2,1,100
SOC-A7-2025-118,S03,3,-2,1,100
SOC-A7-2025-118,S03,4,-2,1,100
SOC-A7-2025-118,S03,5,-2,1,100
SOC-A7-2025-118,S03,6,-2,1,100
SOC-A7-2025-118,S03,7,-2,2,200
SOC-A7-2025-118,S03,8,-2,1,100
SOC-A7-2025-118,S03,9,-2,1,100
SOC-A7-2025-118,S03,10,-2,1,100
SOC-A7-2025-118,S03,11,-2,1,100
SOC-A7-2025-118,S03,12,-2,1,100
SOC-A7-2025-118,S03,13,-2,2,201
SOC-A7-2025-118,S03,14,-2,2,201
SOC-A7-2025-118,S03,15,-2,2,201
SOC-A7-2025-118,S03,16,-2,1,100
SOC-A7-2025-118,S03,17,-2,1,100
SOC-A7-2025-118,S03,18,-2,1,100
SOC-A7-2025-118,S03,19,-2,1,100
SOC-A7-2025-118,S03,20,-2,1,100
SOC-A7-2025-118,S03,21,-2,1,100
SOC-A7-2025-118,S03,22,-2,2,201
SOC-A7-2025-118,S03,23,-2,1,100
SOC-A7-2025-118,S03,24,-2,9,902
SOC-A7-2025-118,S03,-24,-1,1,100
SOC-A7-2025-118,S03,-23,-1,1,100
SOC-A7-2025-118,S03,-22,-1,2,201
SOC-A7-2025-118,S03,-21,-1,1,100
SOC-A7-2025-118,S03,-20,-1,1,100
SOC-A7-2025-118,S03,-19,-1,1,100
SOC-A7-2025-118,S03,-18,-1,10,1001
SOC-A7-2025-118,S03,-17,-1,10,1001
SOC-A7-2025-118,S03,-16,-1,1,100
SOC-A7-2025-118,S03,-15,-1,2,200
SOC-A7-2025-118,S03,-14,-1,2,200
SOC-A7-2025-118,S03,-13,-1,2,200
SOC-A7-2025-118,S03,-12,-1,1,100
SOC-A7-2025-118,S03,-11,-1,1,100
SOC-A7-2025-118,S03,-10,-1,1,100
SOC-A7-2025-118,S03,-9,-1,1,100
SOC-A7-2025-118,S03,-8,-1,1,100
SOC-A7-2025-118,S03,-7,-1,1,100
SOC-A7-2025-118,S03,-6,-1,7,701
SOC-A7-2025-118,S03,-5,-1,7,702
SOC-A7-2025-118,S03,-4,-1,7,701
SOC-A7-2025-118,S03,-3,-1,1,100
SOC-A7-2025-118,S03,-2,-1,2,200
SOC-A7-2025-118,S03,-1,-1,5,503
SOC-A7-2025-118,S03,0,-1,5,501
SOC-A7-2025-118,S03,1,-1,2,201
SOC-A7-2025-118,S03,2,-1,1,100
SOC-A7-2025-118,S03,3,-1,5,503
SOC-A7-2025-118,S03,4,-1,2,201
SOC-A7-2025-118,S03,5,-1,1,100
SOC-A7-2025-118,S03,6,-1,1,100
SOC-A7-2025-118,S03,7,-1,1,100
SOC-A7-2025-118,S03,8,-1,1,100
SOC-A7-2025-118,S03,9,-1,1,100
SOC-A7-2025-118,S03,10,-1,1,100
SOC-A7-2025-118,S03,11,-1,1,100
SOC-A7-2025-118,S03,12,-1,1,100
SOC-A7-2025-118,S03,13,-1,1,100
SOC-A7-2025-118,S03,14,-1,1,100
SOC-A7-2025-118,S03,15,-1,1,100
SOC-A7-2025-118,S03,16,-1,2,201
SOC-A7-2025-118,S03,17,-1,2,201
SOC-A7-2025-118,S03,18,-1,1,100
SOC-A7-2025-118,S03,19,-1,8,802
SOC-A7-2025-118,S03,20,-1,1,100
SOC-A7-2025-118,S03,21,-1,1,100
SOC-A7-2025-118,S03,22,-1,1,100
SOC-A7-2025-118,S03,23,-1,2,201
SOC-A7-2025-118,S03,24,-1,9,902
SOC-A7-2025-118,S03,-24,0,2,200
SOC-A7-2025-118,S03,-23,0,12,1201
SOC-A7-2025-118,S03,-22,0,2,201
SOC-A7-2025-118,S03,-21,0,1,100
SOC-A7-2025-118,S03,-20,0,1,100
SOC-A7-2025-118,S03,-19,0,1,100
SOC-A7-2025-118,S03,-18,0,1,100
SOC-A7-2025-118,S03,-17,0,1,100
SOC-A7-2025-118,S03,-16,0,6,603
SOC-A7-2025-118,S03,-15,0,1,100
SOC-A7-2025-118,S03,-14,0,1,100
SOC-A7-2025-118,S03,-13,0,1,100
SOC-A7-2025-118,S03,-12,0,2,200
SOC-A7-2025-118,S03,-11,0,1,100
SOC-A7-2025-118,S03,-10,0,2,200
SOC-A7-2025-118,S03,-9,0,2,201
SOC-A7-2025-118,S03,-8,0,1,100
SOC-A7-2025-118,S03,-7,0,1,100
SOC-A7-2025-118,S03,-6,0,1,100
SOC-A7-2025-118,S03,-5,0,1,100
SOC-A7-2025-118,S03,-4,0,5,502
SOC-A7-2025-118,S03,-3,0,5,502
SOC-A7-2025-118,S03,-2,0,5,501
SOC-A7-2025-118,S03,-1,0,1,100
SOC-A7-2025-118,S03,0,0,5,502
SOC-A7-2025-118,S03,1,0,6,602
SOC-A7-2025-118,S03,2,0,1,100
SOC-A7-2025-118,S03,3,0,1,100
SOC-A7-2025-118,S03,4,0,1,100
SOC-A7-2025-118,S03,5,0,1,100
SOC-A7-2025-118,S03,6,0,1,100
SOC-A7-2025-118,S03,7,0,1,100
SOC-A7-2025-118,S03,8,0,1,100
SOC-A7-2025-118,S03,9,0,1,100
SOC-A7-2025-118,S03,10,0,1,100
SOC-A7-2025-118,S03,11,0,1,100
SOC-A7-2025-118,S03,12,0,1,100
SOC-A7-2025-118,S03,13,0,1,100
SOC-A7-2025-118,S03,14,0,1,100
SOC-A7-2025-118,S03,15,0,1,100
SOC-A7-2025-118,S03,16,0,1,100
SOC-A7-2025-118,S03,17,0,2,201
SOC-A7-2025-118,S03,18,0,1,100
SOC-A7-2025-118,S03,19,0,1,100
SOC-A7-2025-118,S03,20,0,1,100
SOC-A7-2025-118,S03,21,0,1,100
SOC-A7-2025-118,S03,22,0,1,100
SOC-A7-2025-118,S03,23,0,1,100
SOC-A7-2025-118,S03,24,0,9,901
SOC-A7-2025-118,S03,-24,1,3,303
SOC-A7-2025-118,S03,-23,1,1,100
SOC-A7-2025-118,S03,-22,1,2,200
SOC-A7-2025-118,S03,-21,1,1,100
SOC-A7-2025-118,S03,-20,1,1,100
SOC-A7-2025-118,S03,-19,1,10,1002
SOC-A7-2025-118,S03,-18,1,1,100
SOC-A7-2025-118,S03,-17,1,2,200
SOC-A7-2025-118,S03,-16,1,1,100
SOC-A7-2025-118,S03,-15,1,2,201
SOC-A7-2025-118,S03,-14,1,2,201
SOC-A7-2025-118,S03,-13,1,2,201
SOC-A7-2025-118,S03,-12,1,1,100
SOC-A7-2025-118,S03,-11,1,1,100
SOC-A7-2025-118,S03,-10,1,2,200
SOC-A7-2025-118,S03,-9,1,1,100
SOC-A7-2025-118,S03,-8,1,1,100
SOC-A7-2025-118,S03,-7,1,1,100
SOC-A7-2025-118,S03,-6,1,1,100
SOC-A7-2025-118,S03,-5,1,1,100
SOC-A7-2025-118,S03,-4,1,1,100
SOC-A7-2025-118,S03,-3,1,11,1101
SOC-A7-2025-118,S03,-2,1,5,502
SOC-A7-2025-118,S03,-1,1,2,200
SOC-A7-2025-118,S03,0,1,5,502
SOC-A7-2025-118,S03,1,1,5,503
SOC-A7-2025-118,S03,2,1,5,502
SOC-A7-2025-118,S03,3,1,1,100
SOC-A7-2025-118,S03,4,1,1,100
SOC-A7-2025-118,S03,5,1,1,100
SOC-A7-2025-118,S03,6,1,1,100
SOC-A7-2025-118,S03,7,1,1,100
SOC-A7-2025-118,S03,8,1,1,100
SOC-A7-2025-118,S03,9,1,1,100
SOC-A7-2025-118,S03,10,1,1,100
SOC-A7-2025-118,S03,11,1,1,100
SOC-A7-2025-118,S03,12,1,1,100
SOC-A7-2025-118,S03,13,1,1,100
SOC-A7-2025-118,S03,14,1,1,100
SOC-A7-2025-118,S03,15,1,1,100
SOC-A7-2025-118,S03,16,1,2,201
SOC-A7-2025-118,S03,17,1,1,100
SOC-A7-2025-118,S03,18,1,1,100
SOC-A7-2025-118,S03,19,1,15,1502
SOC-A7-2025-118,S03,20,1,2,200
SOC-A7-2025-118,S03,21,1,1,100
SOC-A7-2025-118,S03,22,1,9,901
SOC-A7-2025-118,S03,23,1,9,901
SOC-A7-2025-118,S03,24,1,3,301
SOC-A7-2025-118,S03,-24,2,1,100
SOC-A7-2025-118,S03,-23,2,10,1002
SOC-A7-2025-118,S03,-22,2,1,100
SOC-A7-2025-118,S03,-21,2,2,201
SOC-A7-2025-118,S03,-20,2,10,1001
SOC-A7-2025-118,S03,-19,2,6,601
SOC-A7-2025-118,S03,-18,2,1,100
SOC-A7-2025-118,S03,-17,2,6,601
SOC-A7-2025-118,S03,-16,2,1,100
SOC-A7-2025-118,S03,-15,2,1,100
SOC-A7-2025-118,S03,-14,2,1,100
SOC-A7-2025-118,S03,-13,2,1,100
SOC-A7-2025-118,S03,-12,2,1,100
SOC-A7-2025-118,S03,-11,2,6,603
SOC-A7-2025-118,S03,-10,2,1,100
SOC-A7-2025-118,S03,-9,2,2,200
SOC-A7-2025-118,S03,-8,2,1,100
SOC-A7-2025-118,S03,-7,2,1,100
SOC-A7-2025-118,S03,-6,2,1,100
SOC-A7-2025-118,S03,-5,2,1,100
SOC-A7-2025-118,S03,-4,2,1,100
SOC-A7-2025-118,S03,-3,2,5,501
SOC-A7-2025-118,S03,-2,2,1,100
SOC-A7-2025-118,S03,-1,2,7,702
SOC-A7-2025-118,S03,0,2,1,100
SOC-A7-2025-118,S03,1,2,7,702
SOC-A7-2025-118,S03,2,2,5,502
SOC-A7-2025-118,S03,3,2,5,502
SOC-A7-2025-118,S03,4,2,1,100
SOC-A7-2025-118,S03,5,2,1,100
SOC-A7-2025-118,S03,6,2,1,100
SOC-A7-2025-118,S03,7,2,1,100
SOC-A7-2025-118,S03,8,2,6,601
SOC-A7-2025-118,S03,9,2,1,100
SOC-A7-2025-118,S03,10,2,2,201
SOC-A7-2025-118,S03,11,2,1,100
SOC-A7-2025-118,S03,12,2,1,100
SOC-A7-2025-118,S03,13,2,1,100
SOC-A7-2025-118,S03,14,2,1,100
SOC-A7-2025-118,S03,15,2,9,901
SOC-A7-2025-118,S03,16,2,1,100
SOC-A7-2025-118,S03,17,2,1,100
SOC-A7-2025-118,S03,18,2,1,100
SOC-A7-2025-118,S03,19,2,2,201
SOC-A7-2025-118,S03,20,2,1,100
SOC-A7-2025-118,S03,21,2,1,100
SOC-A7-2025-118,S03,22,2,1,100
SOC-A7-2025-118,S03,23,2,1,100
SOC-A7-2025-118,S03,24,2,3,301
SOC-A7-2025-118,S03,-24,3,1,100
SOC-A7-2025-118,S03,-23,3,10,1001
SOC-A7-2025-118,S03,-22,3,1,100
SOC-A7-2025-118,S03,-21,3,1,100
SOC-A7-2025-118,S03,-20,3,11,1102
SOC-A7-2025-118,S03,-19,3,1,100
SOC-A7-2025-118,S03,-18,3,2,201
SOC-A7-2025-118,S03,-17,3,1,100
SOC-A7-2025-118,S03,-16,3,2,201
SOC-A7-2025-118,S03,-15,3,1,100
SOC-A7-2025-118,S03,-14,3,1,100
SOC-A7-2025-118,S03,-13,3,1,100
SOC-A7-2025-118,S03,-12,3,1,100
SOC-A7-2025-118,S03,-11,3,1,100
SOC-A7-2025-118,S03,-10,3,1,100
SOC-A7-2025-118,S03,-9,3,1,100
SOC-A7-2025-118,S03,-8,3,1,100
SOC-A7-2025-118,S03,-7,3,1,100
SOC-A7-2025-118,S03,-6,3,1,100
SOC-A7-2025-118,S03,-5,3,1,100
SOC-A7-2025-118,S03,-4,3,1,100
SOC-A7-2025-118,S03,-3,3,1,100
SOC-A7-2025-118,S03,-2,3,1,100
SOC-A7-2025-118,S03,-1,3,5,503
SOC-A7-2025-118,S03,0,3,1,100
SOC-A7-2025-118,S03,1,3,7,702
SOC-A7-2025-118,S03,2,3,7,702
SOC-A7-2025-118,S03,3,3,5,501
SOC-A7-2025-118,S03,4,3,2,201
SOC-A7-2025-118,S03,5,3,1,100
SOC-A7-2025-118,S03,6,3,1,100
SOC-A7-2025-118,S03,7,3,1,100
SOC-A7-2025-118,S03,8,3,1,100
SOC-A7-2025-118,S03,9,3,1,100
SOC-A7-2025-118,S03,10,3,1,100
SOC-A7-2025-118,S03,11,3,1,100
SOC-A7-2025-118,S03,12,3,1,100
SOC-A7-2025-118,S03,13,3,6,602
SOC-A7-2025-118,S03,14,3,1,100
SOC-A7-2025-118,S03,15,3,1,100
SOC-A7-2025-118,S03,16,3,9,901
SOC-A7-2025-118,S03,17,3,2,200
SOC-A7-2025-118,S03,18,3,1,100
SOC-A7-2025-118,S03,19,3,1,100
SOC-A7-2025-118,S03,20,3,9,902
SOC-A7-2025-118,S03,21,3,1,100
SOC-A7-2025-118,S03,22,3,1,100
SOC-A7-2025-118,S03,23,3,3,303
SOC-A7-2025-118,S03,24,3,3,303
SOC-A7-2025-118,S03,-23,4,1,100
SOC-A7-2025-118,S03,-22,4,1,100
SOC-A7-2025-118,S03,-21,4,1,100
SOC-A7-2025-118,S03,-20,4,2,201
SOC-A7-2025-118,S03,-19,4,2,200
SOC-A7-2025-118,S03,-18,4,1,100
SOC-A7-2025-118,S03,-17,4,1,100
SOC-A7-2025-118,S03,-16,4,1,100
SOC-A7-2025-118,S03,-15,4,8,801
SOC-A7-2025-118,S03,-14,4,1,100
SOC-A7-2025-118,S03,-13,4,6,602
SOC-A7-2025-118,S03,-12,4,11,1103
SOC-A7-2025-118,S03,-11,4,1,100
SOC-A7-2025-118,S03,-10,4,1,100
SOC-A7-2025-118,S03,-9,4,1,100
SOC-A7-2025-118,S03,-8,4,1,100
SOC-A7-2025-118,S03,-7,4,1,100
SOC-A7-2025-118,S03,-6,4,1,100
SOC-A7-2025-118,S03,-5,4,1,100
SOC-A7-2025-118,S03,-4,4,8,801
SOC-A7-2025-118,S03,-3,4,1,100
SOC-A7-2025-118,S03,-2,4,1,100
SOC-A7-2025-118,S03,-1,4,5,502
SOC-A7-2025-118,S03,0,4,5,502
SOC-A7-2025-118,S03,1,4,1,100
SOC-A7-2025-118,S03,2,4,1,100
SOC-A7-2025-118,S03,3,4,7,703
SOC-A7-2025-118,S03,4,4,7,702
SOC-A7-2025-118,S03,5,4,6,602
SOC-A7-2025-118,S03,6,4,1,100
SOC-A7-2025-118,S03,7,4,1,100
SOC-A7-2025-118,S03,8,4,1,100
SOC-A7-2025-118,S03,9,4,1,100
SOC-A7-2025-118,S03,10,4,2,200
SOC-A7-2025-118,S03,11,4,6,603
SOC-A7-2025-118,S03,12,4,1,100
SOC-A7-2025-118,S03,13,4,9,902
SOC-A7-2025-118,S03,14,4,6,603
SOC-A7-2025-118,S03,15,4,1,100
SOC-A7-2025-118,S03,16,4,1,100
SOC-A7-2025-118,S03,17,4,9,901
SOC-A7-2025-118,S03,18,4,1,100
SOC-A7-2025-118,S03,19,4,1,100
SOC-A7-2025-118,S03,20,4,9,902
SOC-A7-2025-118,S03,21,4,1,100
SOC-A7-2025-118,S03,22,4,1,100
SOC-A7-2025-118,S03,23,4,1,100
SOC-A7-2025-118,S03,-23,5,2,201
SOC-A7-2025-118,S03,-22,5,1,100
SOC-A7-2025-118,S03,-21,5,1,100
SOC-A7-2025-118,S03,-20,5,1,100
SOC-A7-2025-118,S03,-19,5,1,100
SOC-A7-2025-118,S03,-18,5,1,100
SOC-A7-2025-118,S03,-17,5,2,201
SOC-A7-2025-118,S03,-16,5,2,200
SOC-A7-2025-118,S03,-15,5,1,100
SOC-A7-2025-118,S03,-14,5,1,100
SOC-A7-2025-118,S03,-13,5,1,100
SOC-A7-2025-118,S03,-12,5,1,100
SOC-A7-2025-118,S03,-11,5,2,200
SOC-A7-2025-118,S03,-10,5,15,1502
SOC-A7-2025-118,S03,-9,5,1,100
SOC-A7-2025-118,S03,-8,5,1,100
SOC-A7-2025-118,S03,-7,5,1,100
SOC-A7-2025-118,S03,-6,5,1,100
SOC-A7-2025-118,S03,-5,5,1,100
SOC-A7-2025-118,S03,-4,5,1,100
SOC-A7-2025-118,S03,-3,5,1,100
SOC-A7-2025-118,S03,-2,5,1,100
SOC-A7-2025-118,S03,-1,5,1,100
SOC-A7-2025-118,S03,0,5,1,100
SOC-A7-2025-118,S03,1,5,2,201
SOC-A7-2025-118,S03,2,5,1,100
SOC-A7-2025-118,S03,3,5,1,100
SOC-A7-2025-118,S03,4,5,7,701
SOC-A7-2025-118,S03,5,5,7,702
SOC-A7-2025-118,S03,6,5,7,701
SOC-A7-2025-118,S03,7,5,1,100
SOC-A7-2025-118,S03,8,5,1,100
SOC-A7-2025-118,S03,9,5,1,100
SOC-A7-2025-118,S03,10,5,1,100
SOC-A7-2025-118,S03,11,5,1,100
SOC-A7-2025-118,S03,12,5,1,100
SOC-A7-2025-118,S03,13,5,1,100
SOC-A7-2025-118,S03,14,5,1,100
SOC-A7-2025-118,S03,15,5,1,100
SOC-A7-2025-118,S03,16,5,1,100
SOC-A7-2025-118,S03,17,5,1,100
SOC-A7-2025-118,S03,18,5,1,100
SOC-A7-2025-118,S03,19,5,2,201
SOC-A7-2025-118,S03,20,5,1,100
SOC-A7-2025-118,S03,21,5,9,902
SOC-A7-2025-118,S03,22,5,1,100
SOC-A7-2025-118,S03,23,5,9,902
SOC-A7-2025-118,S03,-23,6,3,301
SOC-A7-2025-118,S03,-22,6,3,301
SOC-A7-2025-118,S03,-21,6,1,100
SOC-A7-2025-118,S03,-20,6,2,201
SOC-A7-2025-118,S03,-19,6,2,200
SOC-A7-2025-118,S03,-18,6,2,200
SOC-A7-2025-118,S03,-17,6,1,100
SOC-A7-2025-118,S03,-16,6,6,601
SOC-A7-2025-118,S03,-15,6,1,100
SOC-A7-2025-118,S03,-14,6,1,100
SOC-A7-2025-118,S03,-13,6,1,100
SOC-A7-2025-118,S03,-12,6,1,100
SOC-A7-2025-118,S03,-11,6,1,100
SOC-A7-2025-118,S03,-10,6,1,100
SOC-A7-2025-118,S03,-9,6,1,100
SOC-A7-2025-118,S03,-8,6,11,1103
SOC-A7-2025-118,S03,-7,6,1,100
SOC-A7-2025-118,S03,-6,6,1,100
SOC-A7-2025-118,S03,-5,6,1,100
SOC-A7-2025-118,S03,-4,6,1,100
SOC-A7-2025-118,S03,-3,6,2,201
SOC-A7-2025-118,S03,-2,6,1,100
SOC-A7-2025-118,S03,-1,6,1,100
SOC-A7-2025-118,S03,0,6,1,100
SOC-A7-2025-118,S03,1,6,1,100
SOC-A7-2025-118,S03,2,6,1,100
SOC-A7-2025-118,S03,3,6,1,100
SOC-A7-2025-118,S03,4,6,2,201
SOC-A7-2025-118,S03,5,6,1,100
SOC-A7-2025-118,S03,6,6,7,703
SOC-A7-2025-118,S03,7,6,7,701
SOC-A7-2025-118,S03,8,6,1,100
SOC-A7-2025-118,S03,9,6,1,100
SOC-A7-2025-118,S03,10,6,9,901
SOC-A7-2025-118,S03,11,6,1,100
SOC-A7-2025-118,S03,12,6,2,200
SOC-A7-2025-118,S03,13,6,1,100
SOC-A7-2025-118,S03,14,6,1,100
SOC-A7-2025-118,S03,15,6,9,901
SOC-A7-2025-118,S03,16,6,1,100
SOC-A7-2025-118,S03,17,6,8,802
SOC-A7-2025-118,S03,18,6,1,100
SOC-A7-2025-118,S03,19,6,1,100
SOC-A7-2025-118,S03,20,6,1,100
SOC-A7-2025-118,S03,21,6,1,100
SOC-A7-2025-118,S03,22,6,11,1101
SOC-A7-2025-118,S03,23,6,9,902
SOC-A7-2025-118,S03,-23,7,1,100
SOC-A7-2025-118,S03,-22,7,1,100
SOC-A7-2025-118,S03,-21,7,1,100
SOC-A7-2025-118,S03,-20,7,2,200
SOC-A7-2025-118,S03,-19,7,12,1201
SOC-A7-2025-118,S03,-18,7,1,100
SOC-A7-2025-118,S03,-17,7,1,100
SOC-A7-2025-118,S03,-16,7,1,100
SOC-A7-2025-118,S03,-15,7,1,100
SOC-A7-2025-118,S03,-14,7,1,100
SOC-A7-2025-118,S03,-13,7,1,100
SOC-A7-2025-118,S03,-12,7,1,100
SOC-A7-2025-118,S03,-11,7,6,601
SOC-A7-2025-118,S03,-10,7,1,100
SOC-A7-2025-118,S03,-9,7,1,100
SOC-A7-2025-118,S03,-8,7,6,601
SOC-A7-2025-118,S03,-7,7,1,100
SOC-A7-2025-118,S03,-6,7,1,100
SOC-A7-2025-118,S03,-5,7,1,100
SOC-A7-2025-118,S03,-4,7,1,100
SOC-A7-2025-118,S03,-3,7,1,100
SOC-A7-2025-118,S03,-2,7,1,100
SOC-A7-2025-118,S03,-1,7,1,100
SOC-A7-2025-118,S03,0,7,1,100
SOC-A7-2025-118,S03,1,7,1,100
SOC-A7-2025-118,S03,2,7,4,401
SOC-A7-2025-118,S03,3,7,4,401
SOC-A7-2025-118,S03,4,7,4,401
SOC-A7-2025-118,S03,5,7,1,100
SOC-A7-2025-118,S03,6,7,1,100
SOC-A7-2025-118,S03,7,7,6,602
SOC-A7-2025-118,S03,8,7,7,702
SOC-A7-2025-118,S03,9,7,7,703
SOC-A7-2025-118,S03,10,7,1,100
SOC-A7-2025-118,S03,11,7,1,100
SOC-A7-2025-118,S03,12,7,1,100
SOC-A7-2025-118,S03,13,7,1,100
SOC-A7-2025-118,S03,14,7,1,100
SOC-A7-2025-118,S03,15,7,1,100
SOC-A7-2025-118,S03,16,7,1,100
SOC-A7-2025-118,S03,17,7,1,100
SOC-A7-2025-118,S03,18,7,1,100
SOC-A7-2025-118,S03,19,7,12,1201
SOC-A7-2025-118,S03,20,7,2,201
SOC-A7-2025-118,S03,21,7,9,902
SOC-A7-2025-118,S03,22,7,3,303
SOC-A7-2025-118,S03,23,7,9,902
SOC-A7-2025-118,S03,-22,8,2,201
SOC-A7-2025-118,S03,-21,8,2,201
SOC-A7-2025-118,S03,-20,8,2,200
SOC-A7-2025-118,S03,-19,8,1,100
SOC-A7-2025-118,S03,-18,8,1,100
SOC-A7-2025-118,S03,-17,8,2,201
SOC-A7-2025-118,S03,-16,8,2,200
SOC-A7-2025-118,S03,-15,8,1,100
SOC-A7-2025-118,S03,-14,8,2,201
SOC-A7-2025-118,S03,-13,8,1,100
SOC-A7-2025-118,S03,-12,8,1,100
SOC-A7-2025-118,S03,-11,8,1,100
SOC-A7-2025-118,S03,-10,8,1,100
SOC-A7-2025-118,S03,-9,8,1,100
SOC-A7-2025-118,S03,-8,8,1,100
SOC-A7-2025-118,S03,-7,8,1,100
SOC-A7-2025-118,S03,-6,8,1,100
SOC-A7-2025-118,S03,-5,8,1,100
SOC-A7-2025-118,S03,-4,8,1,100
SOC-A7-2025-118,S03,-3,8,1,100
SOC-A7-2025-118,S03,-2,8,1,100
SOC-A7-2025-118,S03,-1,8,1,100
SOC-A7-2025-118,S03,0,8,1,100
SOC-A7-2025-118,S03,1,8,4,402
SOC-A7-2025-118,S03,2,8,4,401
SOC-A7-2025-118,S03,3,8,4,401
SOC-A7-2025-118,S03,4,8,4,401
SOC-A7-2025-118,S03,5,8,4,402
SOC-A7-2025-118,S03,6,8,1,100
SOC-A7-2025-118,S03,7,8,1,100
SOC-A7-2025-118,S03,8,8,2,201
SOC-A7-2025-118,S03,9,8,7,703
SOC-A7-2025-118,S03,10,8,7,701
SOC-A7-2025-118,S03,11,8,7,703
SOC-A7-2025-118,S03,12,8,1,100
SOC-A7-2025-118,S03,13,8,1,100
SOC-A7-2025-118,S03,14,8,1,100
SOC-A7-2025-118,S03,15,8,1,100
SOC-A7-2025-118,S03,16,8,1,100
SOC-A7-2025-118,S03,17,8,1,100
SOC-A7-2025-118,S03,18,8,6,603
SOC-A7-2025-118,S03,19,8,1,100
SOC-A7-2025-118,S03,20,8,2,200
SOC-A7-2025-118,S03,21,8,1,100
SOC-A7-2025-118,S03,22,8,1,100
SOC-A7-2025-118,S03,-22,9,2,200
SOC-A7-2025-118,S03,-21,9,1,100
SOC-A7-2025-118,S03,-20,9,1,100
SOC-A7-2025-118,S03,-19,9,1,100
SOC-A7-2025-118,S03,-18,9,1,100
SOC-A7-2025-118,S03,-17,9,1,100
SOC-A7-2025-118,S03,-16,9,1,100
SOC-A7-2025-118,S03,-15,9,6,601
SOC-A7-2025-118,S03,-14,9,2,200
SOC-A7-2025-118,S03,-13,9,1,100
SOC-A7-2025-118,S03,-12,9,1,100
SOC-A7-2025-118,S03,-11,9,1,100
SOC-A7-2025-118,S03,-10,9,1,100
SOC-A7-2025-118,S03,-9,9,1,100
SOC-A7-2025-118,S03,-8,9,1,100
SOC-A7-2025-118,S03,-7,9,1,100
SOC-A7-2025-118,S03,-6,9,1,100
SOC-A7-2025-118,S03,-5,9,1,100
SOC-A7-2025-118,S03,-4,9,1,100
SOC-A7-2025-118,S03,-3,9,1,100
SOC-A7-2025-118,S03,-2,9,1,100
SOC-A7-2025-118,S03,-1,9,1,100
SOC-A7-2025-118,S03,0,9,1,100
SOC-A7-2025-118,S03,1,9,4,401
SOC-A7-2025-118,S03,2,9,4,401
SOC-A7-2025-118,S03,3,9,4,401
SOC-A7-2025-118,S03,4,9,4,402
SOC-A7-2025-118,S03,5,9,4,401
SOC-A7-2025-118,S03,6,9,1,100
SOC-A7-2025-118,S03,7,9,1,100
SOC-A7-2025-118,S03,8,9,1,100
SOC-A7-2025-118,S03,9,9,1,100
SOC-A7-2025-118,S03,10,9,1,100
SOC-A7-2025-118,S03,11,9,7,701
SOC-A7-2025-118,S03,12,9,1,100
SOC-A7-2025-118,S03,13,9,1,100
SOC-A7-2025-118,S03,14,9,1,100
SOC-A7-2025-118,S03,15,9,9,902
SOC-A7-2025-118,S03,16,9,1,100
SOC-A7-2025-118,S03,17,9,1,100
SOC-A7-2025-118,S03,18,9,1,100
SOC-A7-2025-118,S03,19,9,9,902
SOC-A7-2025-118,S03,20,9,1,100
SOC-A7-2025-118,S03,21,9,1,100
SOC-A7-2025-118,S03,22,9,3,302
SOC-A7-2025-118,S03,-22,10,1,100
SOC-A7-2025-118,S03,-21,10,1,100
SOC-A7-2025-118,S03,-20,10,1,100
SOC-A7-2025-118,S03,-19,10,1,100
SOC-A7-2025-118,S03,-18,10,1,100
SOC-A7-2025-118,S03,-17,10,1,100
SOC-A7-2025-118,S03,-16,10,2,200
SOC-A7-2025-118,S03,-15,10,1,100
SOC-A7-2025-118,S03,-14,10,1,100
SOC-A7-2025-118,S03,-13,10,1,100
SOC-A7-2025-118,S03,-12,10,1,100
SOC-A7-2025-118,S03,-11,10,1,100
SOC-A7-2025-118,S03,-10,10,1,100
SOC-A7-2025-118,S03,-9,10,1,100
SOC-A7-2025-118,S03,-8,10,1,100
SOC-A7-2025-118,S03,-7,10,20,2001
SOC-A7-2025-118,S03,-6,10,20,2001
SOC-A7-2025-118,S03,-5,10,20,2001
SOC-A7-2025-118,S03,-4,10,20,2001
SOC-A7-2025-118,S03,-3,10,20,2001
SOC-A7-2025-118,S03,-2,10,20,2001
SOC-A7-2025-118,S03,-1,10,20,2001
SOC-A7-2025-118,S03,0,10,20,2001
SOC-A7-2025-118,S03,1,10,4,402
SOC-A7-2025-118,S03,2,10,4,402
SOC-A7-2025-118,S03,3,10,4,401
SOC-A7-2025-118,S03,4,10,4,402
SOC-A7-2025-118,S03,5,10,4,402
SOC-A7-2025-118,S03,6,10,1,100
SOC-A7-2025-118,S03,7,10,1,100
SOC-A7-2025-118,S03,8,10,1,100
SOC-A7-2025-118,S03,9,10,1,100
SOC-A7-2025-118,S03,10,10,1,100
SOC-A7-2025-118,S03,11,10,1,100
SOC-A7-2025-118,S03,12,10,9,902
SOC-A7-2025-118,S03,13,10,7,703
SOC-A7-2025-118,S03,14,10,1,100
SOC-A7-2025-118,S03,15,10,1,100
SOC-A7-2025-118,S03,16,10,1,100
SOC-A7-2025-118,S03,17,10,9,901
SOC-A7-2025-118,S03,18,10,2,200
SOC-A7-2025-118,S03,19,10,1,100
SOC-A7-2025-118,S03,20,10,1,100
SOC-A7-2025-118,S03,21,10,1,100
SOC-A7-2025-118,S03,22,10,9,901
SOC-A7-2025-118,S03,-21,11,2,201
SOC-A7-2025-118,S03,-20,11,1,100
SOC-A7-2025-118,S03,-19,11,2,201
SOC-A7-2025-118,S03,-18,11,1,100
SOC-A7-2025-118,S03,-17,11,2,200
SOC-A7-2025-118,S03,-16,11,1,100
SOC-A7-2025-118,S03,-15,11,1,100
SOC-A7-2025-118,S03,-14,11,1,100
SOC-A7-2025-118,S03,-13,11,1,100
SOC-A7-2025-118,S03,-12,11,1,100
SOC-A7-2025-118,S03,-11,11,2,201
SOC-A7-2025-118,S03,-10,11,6,601
SOC-A7-2025-118,S03,-9,11,1,100
SOC-A7-2025-118,S03,-8,11,1,100
SOC-A7-2025-118,S03,-7,11,6,602
SOC-A7-2025-118,S03,-6,11,1,100
SOC-A7-2025-118,S03,-5,11,1,100
SOC-A7-2025-118,S03,-4,11,1,100
SOC-A7-2025-118,S03,-3,11,1,100
SOC-A7-2025-118,S03,-2,11,2,201
SOC-A7-2025-118,S03,-1,11,1,100
SOC-A7-2025-118,S03,0,11,1,100
SOC-A7-2025-118,S03,1,11,1,100
SOC-A7-2025-118,S03,2,11,4,402
SOC-A7-2025-118,S03,3,11,4,402
SOC-A7-2025-118,S03,4,11,1,100
SOC-A7-2025-118,S03,5,11,2,201
SOC-A7-2025-118,S03,6,11,9,901
SOC-A7-2025-118,S03,7,11,1,100
SOC-A7-2025-118,S03,8,11,1,100
SOC-A7-2025-118,S03,9,11,1,100
SOC-A7-2025-118,S03,10,11,6,602
SOC-A7-2025-118,S03,11,11,1,100
SOC-A7-2025-118,S03,12,11,1,100
SOC-A7-2025-118,S03,13,11,1,100
SOC-A7-2025-118,S03,14,11,9,901
SOC-A7-2025-118,S03,15,11,9,902
SOC-A7-2025-118,S03,16,11,1,100
SOC-A7-2025-118,S03,17,11,1,100
SOC-A7-2025-118,S03,18,11,1,100
SOC-A7-2025-118,S03,19,11,11,1103
SOC-A7-2025-118,S03,20,11,3,303
SOC-A7-2025-118,S03,21,11,9,901
SOC-A7-2025-118,S03,-21,12,1,100
SOC-A7-2025-118,S03,-20,12,1,100
SOC-A7-2025-118,S03,-19,12,1,100
SOC-A7-2025-118,S03,-18,12,2,201
SOC-A7-2025-118,S03,-17,12,1,100
SOC-A7-2025-118,S03,-16,12,1,100
SOC-A7-2025-118,S03,-15,12,1,100
SOC-A7-2025-118,S03,-14,12,1,100
SOC-A7-2025-118,S03,-13,12,1,100
SOC-A7-2025-118,S03,-12,12,1,100
SOC-A7-2025-118,S03,-11,12,1,100
SOC-A7-2025-118,S03,-10,12,11,1103
SOC-A7-2025-118,S03,-9,12,1,100
SOC-A7-2025-118,S03,-8,12,2,200
SOC-A7-2025-118,S03,-7,12,1,100
SOC-A7-2025-118,S03,-6,12,1,100
SOC-A7-2025-118,S03,-5,12,1,100
SOC-A7-2025-118,S03,-4,12,2,201
SOC-A7-2025-118,S03,-3,12,1,100
SOC-A7-2025-118,S03,-2,12,1,100
SOC-A7-2025-118,S03,-1,12,1,100
SOC-A7-2025-118,S03,0,12,2,201
SOC-A7-2025-118,S03,1,12,1,100
SOC-A7-2025-118,S03,2,12,2,200
SOC-A7-2025-118,S03,3,12,1,100
SOC-A7-2025-118,S03,4,12,1,100
SOC-A7-2025-118,S03,5,12,1,100
SOC-A7-2025-118,S03,6,12,1,100
SOC-A7-2025-118,S03,7,12,1,100
SOC-A7-2025-118,S03,8,12,1,100
SOC-A7-2025-118,S03,9,12,9,901
SOC-A7-2025-118,S03,10,12,1,100
SOC-A7-2025-118,S03,11,12,1,100
SOC-A7-2025-118,S03,12,12,1,100
SOC-A7-2025-118,S03,13,12,1,100
SOC-A7-2025-118,S03,14,12,1,100
SOC-A7-2025-118,S03,15,12,9,902
SOC-A7-2025-118,S03,16,12,1,100
SOC-A7-2025-118,S03,17,12,1,100
SOC-A7-2025-118,S03,18,12,9,902
SOC-A7-2025-118,S03,19,12,2,201
SOC-A7-2025-118,S03,20,12,2,201
SOC-A7-2025-118,S03,21,12,3,303
SOC-A7-2025-118,S03,-20,13,1,100
SOC-A7-2025-118,S03,-19,13,12,1202
SOC-A7-2025-118,S03,-18,13,1,100
SOC-A7-2025-118,S03,-17,13,1,100
SOC-A7-2025-118,S03,-16,13,1,100
SOC-A7-2025-118,S03,-15,13,1,100
SOC-A7-2025-118,S03,-14,13,1,100
SOC-A7-2025-118,S03,-13,13,1,100
SOC-A7-2025-118,S03,-12,13,1,100
SOC-A7-2025-118,S03,-11,13,1,100
SOC-A7-2025-118,S03,-10,13,1,100
SOC-A7-2025-118,S03,-9,13,1,100
SOC-A7-2025-118,S03,-8,13,1,100
SOC-A7-2025-118,S03,-7,13,1,100
SOC-A7-2025-118,S03,-6,13,2,200
SOC-A7-2025-118,S03,-5,13,1,100
SOC-A7-2025-118,S03,-4,13,2,201
SOC-A7-2025-118,S03,-3,13,1,100
SOC-A7-2025-118,S03,-2,13,1,100
SOC-A7-2025-118,S03,-1,13,1,100
SOC-A7-2025-118,S03,0,13,1,100
SOC-A7-2025-118,S03,1,13,1,100
SOC-A7-2025-118,S03,2,13,1,100
SOC-A7-2025-118,S03,3,13,1,100
SOC-A7-2025-118,S03,4,13,1,100
SOC-A7-2025-118,S03,5,13,1,100
SOC-A7-2025-118,S03,6,13,1,100
SOC-A7-2025-118,S03,7,13,1,100
SOC-A7-2025-118,S03,8,13,9,901
SOC-A7-2025-118,S03,9,13,1,100
SOC-A7-2025-118,S03,10,13,1,100
SOC-A7-2025-118,S03,11,13,1,100
SOC-A7-2025-118,S03,12,13,9,902
SOC-A7-2025-118,S03,13,13,9,901
SOC-A7-2025-118,S03,14,13,9,901
SOC-A7-2025-118,S03,15,13,1,100
SOC-A7-2025-118,S03,16,13,1,100
SOC-A7-2025-118,S03,17,13,9,902
SOC-A7-2025-118,S03,18,13,9,902
SOC-A7-2025-118,S03,19,13,1,100
SOC-A7-2025-118,S03,20,13,9,901
SOC-A7-2025-118,S03,-19,14,3,303
SOC-A7-2025-118,S03,-18,14,1,100
SOC-A7-2025-118,S03,-17,14,1,100
SOC-A7-2025-118,S03,-16,14,1,100
SOC-A7-2025-118,S03,-15,14,11,1102
SOC-A7-2025-118,S03,-14,14,1,100
SOC-A7-2025-118,S03,-13,14,1,100
SOC-A7-2025-118,S03,-12,14,6,601
SOC-A7-2025-118,S03,-11,14,1,100
SOC-A7-2025-118,S03,-10,14,2,201
SOC-A7-2025-118,S03,-9,14,6,603
SOC-A7-2025-118,S03,-8,14,1,100
SOC-A7-2025-118,S03,-7,14,1,100
SOC-A7-2025-118,S03,-6,14,1,100
SOC-A7-2025-118,S03,-5,14,1,100
SOC-A7-2025-118,S03,-4,14,1,100
SOC-A7-2025-118,S03,-3,14,1,100
SOC-A7-2025-118,S03,-2,14,1,100
SOC-A7-2025-118,S03,-1,14,2,201
SOC-A7-2025-118,S03,0,14,1,100
SOC-A7-2025-118,S03,1,14,1,100
SOC-A7-2025-118,S03,2,14,2,200
SOC-A7-2025-118,S03,3,14,9,901
SOC-A7-2025-118,S03,4,14,1,100
SOC-A7-2025-118,S03,5,14,1,100
SOC-A7-2025-118,S03,6,14,9,902
SOC-A7-2025-118,S03,7,14,1,100
SOC-A7-2025-118,S03,8,14,1,100
SOC-A7-2025-118,S03,9,14,1,100
SOC-A7-2025-118,S03,10,14,1,100
SOC-A7-2025-118,S03,11,14,2,200
SOC-A7-2025-118,S03,12,14,1,100
SOC-A7-2025-118,S03,13,14,1,100
SOC-A7-2025-118,S03,14,14,1,100
SOC-A7-2025-118,S03,15,14,9,901
SOC-A7-2025-118,S03,16,14,2,201
SOC-A7-2025-118,S03,17,14,1,100
SOC-A7-2025-118,S03,18,14,1,100
SOC-A7-2025-118,S03,19,14,3,301
SOC-A7-2025-118,S03,-19,15,1,100
SOC-A7-2025-118,S03,-18,15,3,302
SOC-A7-2025-118,S03,-17,15,12,1201
SOC-A7-2025-118,S03,-16,15,1,100
SOC-A7-2025-118,S03,-15,15,1,100
SOC-A7-2025-118,S03,-14,15,1,100
SOC-A7-2025-118,S03,-13,15,1,100
SOC-A7-2025-118,S03,-12,15,6,601
SOC-A7-2025-118,S03,-11,15,1,100
SOC-A7-2025-118,S03,-10,15,1,100
SOC-A7-2025-118,S03,-9,15,2,201
SOC-A7-2025-118,S03,-8,15,1,100
SOC-A7-2025-118,S03,-7,15,1,100
SOC-A7-2025-118,S03,-6,15,1,100
SOC-A7-2025-118,S03,-5,15,2,201
SOC-A7-2025-118,S03,-4,15,1,100
SOC-A7-2025-118,S03,-3,15,1,100
SOC-A7-2025-118,S03,-2,15,1,100
SOC-A7-2025-118,S03,-1,15,1,100
SOC-A7-2025-118,S03,0,15,1,100
SOC-A7-2025-118,S03,1,15,1,100
SOC-A7-2025-118,S03,2,15,1,100
SOC-A7-2025-118,S03,3,15,1,100
SOC-A7-2025-118,S03,4,15,1,100
SOC-A7-2025-118,S03,5,15,1,100
SOC-A7-2025-118,S03,6,15,1,100
SOC-A7-2025-118,S03,7,15,11,1102
SOC-A7-2025-118,S03,8,15,9,901
SOC-A7-2025-118,S03,9,15,1,100
SOC-A7-2025-118,S03,10,15,1,100
SOC-A7-2025-118,S03,11,15,9,902
SOC-A7-2025-118,S03,12,15,1,100
SOC-A7-2025-118,S03,13,15,1,100
SOC-A7-2025-118,S03,14,15,12,1202
SOC-A7-2025-118,S03,15,15,15,1502
SOC-A7-2025-118,S03,16,15,1,100
SOC-A7-2025-118,S03,17,15,9,902
SOC-A7-2025-118,S03,18,15,9,902
SOC-A7-2025-118,S03,19,15,1,100
SOC-A7-2025-118,S03,-18,16,1,100
SOC-A7-2025-118,S03,-17,16,12,1201
SOC-A7-2025-118,S03,-16,16,3,303
SOC-A7-2025-118,S03,-15,16,1,100
SOC-A7-2025-118,S03,-14,16,1,100
SOC-A7-2025-118,S03,-13,16,1,100
SOC-A7-2025-118,S03,-12,16,1,100
SOC-A7-2025-118,S03,-11,16,2,201
SOC-A7-2025-118,S03,-10,16,1,100
SOC-A7-2025-118,S03,-9,16,1,100
SOC-A7-2025-118,S03,-8,16,1,100
SOC-A7-2025-118,S03,-7,16,1,100
SOC-A7-2025-118,S03,-6,16,1,100
SOC-A7-2025-118,S03,-5,16,1,100
SOC-A7-2025-118,S03,-4,16,1,100
SOC-A7-2025-118,S03,-3,16,1,100
SOC-A7-2025-118,S03,-2,16,1,100
SOC-A7-2025-118,S03,-1,16,1,100
SOC-A7-2025-118,S03,0,16,1,100
SOC-A7-2025-118,S03,1,16,2,201
SOC-A7-2025-118,S03,2,16,1,100
SOC-A7-2025-118,S03,3,16,6,601
SOC-A7-2025-118,S03,4,16,1,100
SOC-A7-2025-118,S03,5,16,1,100
SOC-A7-2025-118,S03,6,16,1,100
SOC-A7-2025-118,S03,7,16,1,100
SOC-A7-2025-118,S03,8,16,9,902
SOC-A7-2025-118,S03,9,16,1,100
SOC-A7-2025-118,S03,10,16,1,100
SOC-A7-2025-118,S03,11,16,1,100
SOC-A7-2025-118,S03,12,16,1,100
SOC-A7-2025-118,S03,13,16,1,100
SOC-A7-2025-118,S03,14,16,1,100
SOC-A7-2025-118,S03,15,16,1,100
SOC-A7-2025-118,S03,16,16,3,302
SOC-A7-2025-118,S03,17,16,3,303
SOC-A7-2025-118,S03,18,16,9,902
SOC-A7-2025-118,S03,-17,17,3,302
SOC-A7-2025-118,S03,-16,17,1,100
SOC-A7-2025-118,S03,-15,17,3,303
SOC-A7-2025-118,S03,-14,17,2,201
SOC-A7-2025-118,S03,-13,17,11,1101
SOC-A7-2025-118,S03,-12,17,1,100
SOC-A7-2025-118,S03,-11,17,1,100
SOC-A7-2025-118,S03,-10,17,2,201
SOC-A7-2025-118,S03,-9,17,1,100
SOC-A7-2025-118,S03,-8,17,1,100
SOC-A7-2025-118,S03,-7,17,1,100
SOC-A7-2025-118,S03,-6,17,1,100
SOC-A7-2025-118,S03,-5,17,1,100
SOC-A7-2025-118,S03,-4,17,1,100
SOC-A7-2025-118,S03,-3,17,2,201
SOC-A7-2025-118,S03,-2,17,1,100
SOC-A7-2025-118,S03,-1,17,1,100
SOC-A7-2025-118,S03,0,17,1,100
SOC-A7-2025-118,S03,1,17,9,901
SOC-A7-2025-118,S03,2,17,1,100
SOC-A7-2025-118,S03,3,17,1,100
SOC-A7-2025-118,S03,4,17,1,100
SOC-A7-2025-118,S03,5,17,2,201
SOC-A7-2025-118,S03,6,17,1,100
SOC-A7-2025-118,S03,7,17,1,100
SOC-A7-2025-118,S03,8,17,1,100
SOC-A7-2025-118,S03,9,17,1,100
SOC-A7-2025-118,S03,10,17,1,100
SOC-A7-2025-118,S03,11,17,1,100
SOC-A7-2025-118,S03,12,17,11,1102
SOC-A7-2025-118,S03,13,17,1,100
SOC-A7-2025-118,S03,14,17,9,902
SOC-A7-2025-118,S03,15,17,3,303
SOC-A7-2025-118,S03,16,17,9,901
SOC-A7-2025-118,S03,17,17,12,1201
SOC-A7-2025-118,S03,-16,18,3,302
SOC-A7-2025-118,S03,-15,18,12,1201
SOC-A7-2025-118,S03,-14,18,2,200
SOC-A7-2025-118,S03,-13,18,12,1201
SOC-A7-2025-118,S03,-12,18,1,100
SOC-A7-2025-118,S03,-11,18,2,201
SOC-A7-2025-118,S03,-10,18,1,100
SOC-A7-2025-118,S03,-9,18,1,100
SOC-A7-2025-118,S03,-8,18,1,100
SOC-A7-2025-118,S03,-7,18,1,100
SOC-A7-2025-118,S03,-6,18,1,100
SOC-A7-2025-118,S03,-5,18,1,100
SOC-A7-2025-118,S03,-4,18,1,100
SOC-A7-2025-118,S03,-3,18,1,100
SOC-A7-2025-118,S03,-2,18,1,100
SOC-A7-2025-118,S03,-1,18,8,802
SOC-A7-2025-118,S03,0,18,1,100
SOC-A7-2025-118,S03,1,18,2,200
SOC-A7-2025-118,S03,2,18,2,201
SOC-A7-2025-118,S03,3,18,1,100
SOC-A7-2025-118,S03,4,18,1,100
SOC-A7-2025-118,S03,5,18,1,100
SOC-A7-2025-118,S03,6,18,9,902
SOC-A7-2025-118,S03,7,18,1,100
SOC-A7-2025-118,S03,8,18,1,100
SOC-A7-2025-118,S03,9,18,1,100
SOC-A7-2025-118,S03,10,18,1,100
SOC-A7-2025-118,S03,11,18,1,100
SOC-A7-2025-118,S03,12,18,9,901
SOC-A7-2025-118,S03,13,18,1,100
SOC-A7-2025-118,S03,14,18,1,100
SOC-A7-2025-118,S03,15,18,9,901
SOC-A7-2025-118,S03,16,18,9,901
SOC-A7-2025-118,S03,-15,19,1,100
SOC-A7-2025-118,S03,-14,19,3,301
SOC-A7-2025-118,S03,-13,19,3,301
SOC-A7-2025-118,S03,-12,19,1,100
SOC-A7-2025-118,S03,-11,19,1,100
SOC-A7-2025-118,S03,-10,19,2,200
SOC-A7-2025-118,S03,-9,19,1,100
SOC-A7-2025-118,S03,-8,19,1,100
SOC-A7-2025-118,S03,-7,19,2,200
SOC-A7-2025-118,S03,-6,19,1,100
SOC-A7-2025-118,S03,-5,19,1,100
SOC-A7-2025-118,S03,-4,19,1,100
SOC-A7-2025-118,S03,-3,19,1,100
SOC-A7-2025-118,S03,-2,19,2,201
SOC-A7-2025-118,S03,-1,19,1,100
SOC-A7-2025-118,S03,0,19,1,100
SOC-A7-2025-118,S03,1,19,2,200
SOC-A7-2025-118,S03,2,19,1,100
SOC-A7-2025-118,S03,3,19,1,100
SOC-A7-2025-118,S03,4,19,9,902
SOC-A7-2025-118,S03,5,19,1,100
SOC-A7-2025-118,S03,6,19,1,100
SOC-A7-2025-118,S03,7,19,1,100
SOC-A7-2025-118,S03,8,19,9,902
SOC-A7-2025-118,S03,9,19,1,100
SOC-A7-2025-118,S03,10,19,12,1201
SOC-A7-2025-118,S03,11,19,1,100
SOC-A7-2025-118,S03,12,19,1,100
SOC-A7-2025-118,S03,13,19,1,100
SOC-A7-2025-118,S03,14,19,1,100
SOC-A7-2025-118,S03,15,19,1,100
SOC-A7-2025-118,S03,-13,20,3,301
SOC-A7-2025-118,S03,-12,20,1,100
SOC-A7-2025-118,S03,-11,20,3,301
SOC-A7-2025-118,S03,-10,20,1,100
SOC-A7-2025-118,S03,-9,20,1,100
SOC-A7-2025-118,S03,-8,20,2,200
SOC-A7-2025-118,S03,-7,20,1,100
SOC-A7-2025-118,S03,-6,20,12,1201
SOC-A7-2025-118,S03,-5,20,1,100
SOC-A7-2025-118,S03,-4,20,1,100
SOC-A7-2025-118,S03,-3,20,9,901
SOC-A7-2025-118,S03,-2,20,9,902
SOC-A7-2025-118,S03,-1,20,6,602
SOC-A7-2025-118,S03,0,20,1,100
SOC-A7-2025-118,S03,1,20,1,100
SOC-A7-2025-118,S03,2,20,1,100
SOC-A7-2025-118,S03,3,20,1,100
SOC-A7-2025-118,S03,4,20,9,902
SOC-A7-2025-118,S03,5,20,1,100
SOC-A7-2025-118,S03,6,20,1,100
SOC-A7-2025-118,S03,7,20,1,100
SOC-A7-2025-118,S03,8,20,2,201
SOC-A7-2025-118,S03,9,20,1,100
SOC-A7-2025-118,S03,10,20,12,1201
SOC-A7-2025-118,S03,11,20,1,100
SOC-A7-2025-118,S03,12,20,3,303
SOC-A7-2025-118,S03,13,20,1,100
SOC-A7-2025-118,S03,-12,21,3,301
SOC-A7-2025-118,S03,-11,21,3,303
SOC-A7-2025-118,S03,-10,21,3,302
SOC-A7-2025-118,S03,-9,21,1,100
SOC-A7-2025-118,S03,-8,21,2,200
SOC-A7-2025-118,S03,-7,21,1,100
SOC-A7-2025-118,S03,-6,21,1,100
SOC-A7-2025-118,S03,-5,21,9,901
SOC-A7-2025-118,S03,-4,21,1,100
SOC-A7-2025-118,S03,-3,21,1,100
SOC-A7-2025-118,S03,-2,21,9,902
SOC-A7-2025-118,S03,-1,21,1,100
SOC-A7-2025-118,S03,0,21,1,100
SOC-A7-2025-118,S03,1,21,1,100
SOC-A7-2025-118,S03,2,21,9,901
SOC-A7-2025-118,S03,3,21,1,100
SOC-A7-2025-118,S03,4,21,1,100
SOC-A7-2025-118,S03,5,21,1,100
SOC-A7-2025-118,S03,6,21,9,902
SOC-A7-2025-118,S03,7,21,1,100
SOC-A7-2025-118,S03,8,21,1,100
SOC-A7-2025-118,S03,9,21,2,200
SOC-A7-2025-118,S03,10,21,1,100
SOC-A7-2025-118,S03,11,21,1,100
SOC-A7-2025-118,S03,12,21,1,100
SOC-A7-2025-118,S03,-10,22,1,100
SOC-A7-2025-118,S03,-9,22,3,301
SOC-A7-2025-118,S03,-8,22,1,100
SOC-A7-2025-118,S03,-7,22,1,100
SOC-A7-2025-118,S03,-6,22,8,802
SOC-A7-2025-118,S03,-5,22,1,100
SOC-A7-2025-118,S03,-4,22,1,100
SOC-A7-2025-118,S03,-3,22,1,100
SOC-A7-2025-118,S03,-2,22,1,100
SOC-A7-2025-118,S03,-1,22,1,100
SOC-A7-2025-118,S03,0,22,9,901
SOC-A7-2025-118,S03,1,22,1,100
SOC-A7-2025-118,S03,2,22,1,100
SOC-A7-2025-118,S03,3,22,1,100
SOC-A7-2025-118,S03,4,22,9,902
SOC-A7-2025-118,S03,5,22,9,902
SOC-A7-2025-118,S03,6,22,1,100
SOC-A7-2025-118,S03,7,22,1,100
SOC-A7-2025-118,S03,8,22,9,902
SOC-A7-2025-118,S03,9,22,3,302
SOC-A7-2025-118,S03,10,22,3,303
SOC-A7-2025-118,S03,-7,23,1,100
SOC-A7-2025-118,S03,-6,23,2,201
SOC-A7-2025-118,S03,-5,23,3,303
SOC-A7-2025-118,S03,-4,23,3,302
SOC-A7-2025-118,S03,-3,23,12,1202
SOC-A7-2025-118,S03,-2,23,3,301
SOC-A7-2025-118,S03,-1,23,1,100
SOC-A7-2025-118,S03,0,23,1,100
SOC-A7-2025-118,S03,1,23,1,100
SOC-A7-2025-118,S03,2,23,3,302
SOC-A7-2025-118,S03,3,23,2,200
SOC-A7-2025-118,S03,4,23,1,100
SOC-A7-2025-118,S03,5,23,3,302
SOC-A7-2025-118,S03,6,23,9,901
SOC-A7-2025-118,S03,7,23,3,301
SOC-A7-2025-118,S03,-3,24,3,301
SOC-A7-2025-118,S03,-2,24,2,200
SOC-A7-2025-118,S03,-1,24,1,100
SOC-A7-2025-118,S03,0,24,3,301
SOC-A7-2025-118,S03,1,24,9,901
SOC-A7-2025-118,S03,2,24,1,100
SOC-A7-2025-118,S03,3,24,1,100
SOC-A7-2025-118,S04,-3,-24,1,100
SOC-A7-2025-118,S04,-2,-24,3,301
SOC-A7-2025-118,S04,-1,-24,1,100
SOC-A7-2025-118,S04,0,-24,1,100
SOC-A7-2025-118,S04,1,-24,15,1502
SOC-A7-2025-118,S04,2,-24,2,201
SOC-A7-2025-118,S04,3,-24,1,100
SOC-A7-2025-118,S04,-7,-23,10,1002
SOC-A7-2025-118,S04,-6,-23,3,303
SOC-A7-2025-118,S04,-5,-23,2,201
SOC-A7-2025-118,S04,-4,-23,3,301
SOC-A7-2025-118,S04,-3,-23,1,100
SOC-A7-2025-118,S04,-2,-23,1,100
SOC-A7-2025-118,S04,-1,-23,3,303
SOC-A7-2025-118,S04,0,-23,3,302
SOC-A7-2025-118,S04,1,-23,1,100
SOC-A7-2025-118,S04,2,-23,3,301
SOC-A7-2025-118,S04,3,-23,12,1201
SOC-A7-2025-118,S04,4,-23,2,200
SOC-A7-2025-118,S04,5,-23,3,303
SOC-A7-2025-118,S04,6,-23,1,100
SOC-A7-2025-118,S04,7,-23,1,100
SOC-A7-2025-118,S04,-10,-22,6,601
SOC-A7-2025-118,S04,-9,-22,1,100
SOC-A7-2025-118,S04,-8,-22,1,100
SOC-A7-2025-118,S04,-7,-22,1,100
SOC-A7-2025-118,S04,-6,-22,3,301
SOC-A7-2025-118,S04,-5,-22,1,100
SOC-A7-2025-118,S04,-4,-22,1,100
SOC-A7-2025-118,S04,-3,-22,2,201
SOC-A7-2025-118,S04,-2,-22,10,1002
SOC-A7-2025-118,S04,-1,-22,1,100
SOC-A7-2025-118,S04,0,-22,12,1202
SOC-A7-2025-118,S04,1,-22,11,1102
SOC-A7-2025-118,S04,2,-22,10,1001
SOC-A7-2025-118,S04,3,-22,1,100
SOC-A7-2025-118,S04,4,-22,1,100
SOC-A7-2025-118,S04,5,-22,1,100
SOC-A7-2025-118,S04,6,-22,2,200
SOC-A7-2025-118,S04,7,-22,1,100
SOC-A7-2025-118,S04,8,-22,1,100
SOC-A7-2025-118,S04,9,-22,3,302
SOC-A7-2025-118,S04,10,-22,1,100
SOC-A7-2025-118,S04,-12,-21,2,201
SOC-A7-2025-118,S04,-11,-21,1,100
SOC-A7-2025-118,S04,-10,-21,1,100
SOC-A7-2025-118,S04,-9,-21,2,200
SOC-A7-2025-118,S04,-8,-21,12,1201
SOC-A7-2025-118,S04,-7,-21,10,1001
SOC-A7-2025-118,S04,-6,-21,1,100
SOC-A7-2025-118,S04,-5,-21,2,200
SOC-A7-2025-118,S04,-4,-21,1,100
SOC-A7-2025-118,S04,-3,-21,1,100
SOC-A7-2025-118,S04,-2,-21,12,1202
SOC-A7-2025-118,S04,-1,-21,2,201
SOC-A7-2025-118,S04,0,-21,11,1103
SOC-A7-2025-118,S04,1,-21,12,1202
SOC-A7-2025-118,S04,2,-21,1,100
SOC-A7-2025-118,S04,3,-21,1,100
SOC-A7-2025-118,S04,4,-21,2,200
SOC-A7-2025-118,S04,5,-21,2,200
SOC-A7-2025-118,S04,6,-21,12,1201
SOC-A7-2025-118,S04,7,-21,12,1201
SOC-A7-2025-118,S04,8,-21,1,100
SOC-A7-2025-118,S04,9,-21,1,100
SOC-A7-2025-118,S04,10,-21,2,200
SOC-A7-2025-118,S04,11,-21,2,200
SOC-A7-2025-118,S04,12,-21,3,301
SOC-A7-2025-118,S04,-13,-20,10,1002
SOC-A7-2025-118,S04,-12,-20,3,303
SOC-A7-2025-118,S04,-11,-20,3,303
SOC-A7-2025-118,S04,-10,-20,2,200
SOC-A7-2025-118,S04,-9,-20,1,100
SOC-A7-2025-118,S04,-8,-20,2,200
SOC-A7-2025-118,S04,-7,-20,1,100
SOC-A7-2025-118,S04,-6,-20,2,201
SOC-A7-2025-118,S04,-5,-20,2,201
SOC-A7-2025-118,S04,-4,-20,1,100
SOC-A7-2025-118,S04,-3,-20,12,1202
SOC-A7-2025-118,S04,-2,-20,1,100
SOC-A7-2025-118,S04,-1,-20,2,200
SOC-A7-2025-118,S04,0,-20,1,100
SOC-A7-2025-118,S04,1,-20,1,100
SOC-A7-2025-118,S04,2,-20,1,100
SOC-A7-2025-118,S04,3,-20,2,200
SOC-A7-2025-118,S04,4,-20,1,100
SOC-A7-2025-118,S04,5,-20,1,100
SOC-A7-2025-118,S04,6,-20,8,802
SOC-A7-2025-118,S04,7,-20,1,100
SOC-A7-2025-118,S04,8,-20,1,100
SOC-A7-2025-118,S04,9,-20,2,201
SOC-A7-2025-118,S04,10,-20,1,100
SOC-A7-2025-118,S04,11,-20,1,100
SOC-A7-2025-118,S04,12,-20,2,200
SOC-A7-2025-118,S04,13,-20,3,301
SOC-A7-2025-118,S04,-15,-19,1,100
SOC-A7-2025-118,S04,-14,-19,1,100
SOC-A7-2025-118,S04,-13,-19,3,301
SOC-A7-2025-118,S04,-12,-19,10,1002
SOC-A7-2025-118,S04,-11,-19,2,200
SOC-A7-2025-118,S04,-10,-19,2,201
SOC-A7-2025-118,S04,-9,-19,1,100
SOC-A7-2025-118,S04,-8,-19,10,1002
SOC-A7-2025-118,S04,-7,-19,1,100
SOC-A7-2025-118,S04,-6,-19,1,100
SOC-A7-2025-118,S04,-5,-19,2,200
SOC-A7-2025-118,S04,-4,-19,1,100
SOC-A7-2025-118,S04,-3,-19,1,100
SOC-A7-2025-118,S04,-2,-19,2,200
SOC-A7-2025-118,S04,-1,-19,1,100
SOC-A7-2025-118,S04,0,-19,1,100
SOC-A7-2025-118,S04,1,-19,2,201
SOC-A7-2025-118,S04,2,-19,1,100
SOC-A7-2025-118,S04,3,-19,1,100
SOC-A7-2025-118,S04,4,-19,1,100
SOC-A7-2025-118,S04,5,-19,1,100
SOC-A7-2025-118,S04,6,-19,1,100
SOC-A7-2025-118,S04,7,-19,2,201
SOC-A7-2025-118,S04,8,-19,1,100
SOC-A7-2025-118,S04,9,-19,1,100
SOC-A7-2025-118,S04,10,-19,1,100
SOC-A7-2025-118,S04,11,-19,2,201
SOC-A7-2025-118,S04,12,-19,1,100
SOC-A7-2025-118,S04,13,-19,1,100
SOC-A7-2025-118,S04,14,-19,3,302
SOC-A7-2025-118,S04,15,-19,1,100
SOC-A7-2025-118,S04,-16,-18,10,1002
SOC-A7-2025-118,S04,-15,-18,3,303
SOC-A7-2025-118,S04,-14,-18,3,301
SOC-A7-2025-118,S04,-13,-18,10,1002
SOC-A7-2025-118,S04,-12,-18,1,100
SOC-A7-2025-118,S04,-11,-18,1,100
SOC-A7-2025-118,S04,-10,-18,2,201
SOC-A7-2025-118,S04,-9,-18,1,100
SOC-A7-2025-118,S04,-8,-18,1,100
SOC-A7-2025-118,S04,-7,-18,1,100
SOC-A7-2025-118,S04,-6,-18,1,100
SOC-A7-2025-118,S04,-5,-18,2,201
SOC-A7-2025-118,S04,-4,-18,1,100
SOC-A7-2025-118,S04,-3,-18,1,100
SOC-A7-2025-118,S04,-2,-18,2,201
SOC-A7-2025-118,S04,-1,-18,1,100
SOC-A7-2025-118,S04,0,-18,2,201
SOC-A7-2025-118,S04,1,-18,2,200
SOC-A7-2025-118,S04,2,-18,1,100
SOC-A7-2025-118,S04,3,-18,1,100
SOC-A7-2025-118,S04,4,-18,1,100
SOC-A7-2025-118,S04,5,-18,1,100
SOC-A7-2025-118,S04,6,-18,2,201
SOC-A7-2025-118,S04,7,-18,2,201
SOC-A7-2025-118,S04,8,-18,1,100
SOC-A7-2025-118,S04,9,-18,1,100
SOC-A7-2025-118,S04,10,-18,1,100
SOC-A7-2025-118,S04,11,-18,1,100
SOC-A7-2025-118,S04,12,-18,1,100
SOC-A7-2025-118,S04,13,-18,1,100
SOC-A7-2025-118,S04,14,-18,2,201
SOC-A7-2025-118,S04,15,-18,1,100
SOC-A7-2025-118,S04,16,-18,3,302
SOC-A7-2025-118,S04,-17,-17,1,100
SOC-A7-2025-118,S04,-16,-17,10,1002
SOC-A7-2025-118,S04,-15,-17,3,302
SOC-A7-2025-118,S04,-14,-17,10,1002
SOC-A7-2025-118,S04,-13,-17,2,201
SOC-A7-2025-118,S04,-12,-17,10,1002
SOC-A7-2025-118,S04,-11,-17,10,1002
SOC-A7-2025-118,S04,-10,-17,10,1001
SOC-A7-2025-118,S04,-9,-17,1,100
SOC-A7-2025-118,S04,-8,-17,1,100
SOC-A7-2025-118,S04,-7,-17,2,200
SOC-A7-2025-118,S04,-6,-17,1,100
SOC-A7-2025-118,S04,-5,-17,1,100
SOC-A7-2025-118,S04,-4,-17,11,1102
SOC-A7-2025-118,S04,-3,-17,2,201
SOC-A7-2025-118,S04,-2,-17,1,100
SOC-A7-2025-118,S04,-1,-17,2,200
SOC-A7-2025-118,S04,0,-17,1,100
SOC-A7-2025-118,S04,1,-17,1,100
SOC-A7-2025-118,S04,2,-17,2,200
SOC-A7-2025-118,S04,3,-17,2,201
SOC-A7-2025-118,S04,4,-17,1,100
SOC-A7-2025-118,S04,5,-17,1,100
SOC-A7-2025-118,S04,6,-17,1,100
SOC-A7-2025-118,S04,7,-17,1,100
SOC-A7-2025-118,S04,8,-17,1,100
SOC-A7-2025-118,S04,9,-17,1,100
SOC-A7-2025-118,S04,10,-17,1,100
SOC-A7-2025-118,S04,11,-17,1,100
SOC-A7-2025-118,S04,12,-17,1,100
SOC-A7-2025-118,S04,13,-17,2,200
SOC-A7-2025-118,S04,14,-17,12,1202
SOC-A7-2025-118,S04,15,-17,3,303
SOC-A7-2025-118,S04,16,-17,1,100
SOC-A7-2025-118,S04,17,-17,1,100
SOC-A7-2025-118,S04,-18,-16,1,100
SOC-A7-2025-118,S04,-17,-16,3,302
SOC-A7-2025-118,S04,-16,-16,3,302
SOC-A7-2025-118,S04,-15,-16,12,1201
SOC-A7-2025-118,S04,-14,-16,2,200
SOC-A7-2025-118,S04,-13,-16,1,100
SOC-A7-2025-118,S04,-12,-16,2,200
SOC-A7-2025-118,S04,-11,-16,1,100
SOC-A7-2025-118,S04,-10,-16,2,201
SOC-A7-2025-118,S04,-9,-16,2,200
SOC-A7-2025-118,S04,-8,-16,1,100
SOC-A7-2025-118,S04,-7,-16,1,100
SOC-A7-2025-118,S04,-6,-16,1,100
SOC-A7-2025-118,S04,-5,-16,1,100
SOC-A7-2025-118,S04,-4,-16,1,100
SOC-A7-2025-118,S04,-3,-16,2,201
SOC-A7-2025-118,S04,-2,-16,2,200
SOC-A7-2025-118,S04,-1,-16,1,100
SOC-A7-2025-118,S04,0,-16,1,100
SOC-A7-2025-118,S04,1,-16,1,100
SOC-A7-2025-118,S04,2,-16,1,100
SOC-A7-2025-118,S04,3,-16,2,201
SOC-A7-2025-118,S04,4,-16,6,602
SOC-A7-2025-118,S04,5,-16,1,100
SOC-A7-2025-118,S04,6,-16,1,100
SOC-A7-2025-118,S04,7,-16,1,100
SOC-A7-2025-118,S04,8,-16,2,200
SOC-A7-2025-118,S04,9,-16,1,100
SOC-A7-2025-118,S04,10,-16,1,100
SOC-A7-2025-118,S04,11,-16,1,100
SOC-A7-2025-118,S04,12,-16,1,100
SOC-A7-2025-118,S04,13,-16,2,201
SOC-A7-2025-118,S04,14,-16,1,100
SOC-A7-2025-118,S04,15,-16,12,1202
SOC-A7-2025-118,S04,16,-16,3,302
SOC-A7-2025-118,S04,17,-16,2,200
SOC-A7-2025-118,S04,18,-16,1,100
SOC-A7-2025-118,S04,-19,-15,1,100
SOC-A7-2025-118,S04,-18,-15,10,1001
SOC-A7-2025-118,S04,-17,-15,3,302
SOC-A7-2025-118,S04,-16,-15,1,100
SOC-A7-2025-118,S04,-15,-15,2,201
SOC-A7-2025-118,S04,-14,-15,12,1201
SOC-A7-2025-118,S04,-13,-15,1,100
SOC-A7-2025-118,S04,-12,-15,1,100
SOC-A7-2025-118,S04,-11,-15,2,201
SOC-A7-2025-118,S04,-10,-15,2,201
SOC-A7-2025-118,S04,-9,-15,2,200
SOC-A7-2025-118,S04,-8,-15,1,100
SOC-A7-2025-118,S04,-7,-15,1,100
SOC-A7-2025-118,S04,-6,-15,1,100
SOC-A7-2025-118,S04,-5,-15,1,100
SOC-A7-2025-118,S04,-4,-15,6,603
SOC-A7-2025-118,S04,-3,-15,1,100
SOC-A7-2025-118,S04,-2,-15,15,1501
SOC-A7-2025-118,S04,-1,-15,1,100
SOC-A7-2025-118,S04,0,-15,6,601
SOC-A7-2025-118,S04,1,-15,1,100
SOC-A7-2025-118,S04,2,-15,6,603
SOC-A7-2025-118,S04,3,-15,1,100
SOC-A7-2025-118,S04,4,-15,1,100
SOC-A7-2025-118,S04,5,-15,1,100
SOC-A7-2025-118,S04,6,-15,2,200
SOC-A7-2025-118,S04,7,-15,1,100
SOC-A7-2025-118,S04,8,-15,1,100
SOC-A7-2025-118,S04,9,-15,1,100
SOC-A7-2025-118,S04,10,-15,2,201
SOC-A7-2025-118,S04,11,-15,1,100
SOC-A7-2025-118,S04,12,-15,1,100
SOC-A7-2025-118,S04,13,-15,1,100
SOC-A7-2025-118,S04,14,-15,1,100
SOC-A7-2025-118,S04,15,-15,12,1201
SOC-A7-2025-118,S04,16,-15,1,100
SOC-A7-2025-118,S04,17,-15,1,100
SOC-A7-2025-118,S04,18,-15,1,100
SOC-A7-2025-118,S04,19,-15,1,100
SOC-A7-2025-118,S04,-19,-14,10,1001
SOC-A7-2025-118,S04,-18,-14,2,200
SOC-A7-2025-118,S04,-17,-14,1,100
SOC-A7-2025-118,S04,-16,-14,12,1202
SOC-A7-2025-118,S04,-15,-14,10,1002
SOC-A7-2025-118,S04,-14,-14,1,100
SOC-A7-2025-118,S04,-13,-14,2,201
SOC-A7-2025-118,S04,-12,-14,1,100
SOC-A7-2025-118,S04,-11,-14,10,1002
SOC-A7-2025-118,S04,-10,-14,10,1001
SOC-A7-2025-118,S04,-9,-14,10,1002
SOC-A7-2025-118,S04,-8,-14,1,100
SOC-A7-2025-118,S04,-7,-14,1,100
SOC-A7-2025-118,S04,-6,-14,10,1002
SOC-A7-2025-118,S04,-5,-14,2,201
SOC-A7-2025-118,S04,-4,-14,10,1002
SOC-A7-2025-118,S04,-3,-14,1,100
SOC-A7-2025-118,S04,-2,-14,1,100
SOC-A7-2025-118,S04,-1,-14,1,100
SOC-A7-2025-118,S04,0,-14,1,100
SOC-A7-2025-118,S04,1,-14,2,201
SOC-A7-2025-118,S04,2,-14,1,100
SOC-A7-2025-118,S04,3,-14,2,200
SOC-A7-2025-118,S04,4,-14,1,100
SOC-A7-2025-118,S04,5,-14,1,100
SOC-A7-2025-118,S04,6,-14,1,100
SOC-A7-2025-118,S04,7,-14,1,100
SOC-A7-2025-118,S04,8,-14,1,100
SOC-A7-2025-118,S04,9,-14,1,100
SOC-A7-2025-118,S04,10,-14,1,100
SOC-A7-2025-118,S04,11,-14,1,100
SOC-A7-2025-118,S04,12,-14,1,100
SOC-A7-2025-118,S04,13,-14,1,100
SOC-A7-2025-118,S04,14,-14,1,100
SOC-A7-2025-118,S04,15,-14,1,100
SOC-A7-2025-118,S04,16,-14,1,100
SOC-A7-2025-118,S04,17,-14,1,100
SOC-A7-2025-118,S04,18,-14,1,100
SOC-A7-2025-118,S04,19,-14,1,100
SOC-A7-2025-118,S04,-20,-13,1,100
SOC-A7-2025-118,S04,-19,-13,3,303
SOC-A7-2025-118,S04,-18,-13,6,603
SOC-A7-2025-118,S04,-17,-13,1,100
SOC-A7-2025-118,S04,-16,-13,1,100
SOC-A7-2025-118,S04,-15,-13,6,602
SOC-A7-2025-118,S04,-14,-13,10,1002
SOC-A7-2025-118,S04,-13,-13,1,100
SOC-A7-2025-118,S04,-12,-13,1,100
SOC-A7-2025-118,S04,-11,-13,1,100
SOC-A7-2025-118,S04,-10,-13,1,100
SOC-A7-2025-118,S04,-9,-13,1,100
SOC-A7-2025-118,S04,-8,-13,1,100
SOC-A7-2025-118,S04,-7,-13,1,100
SOC-A7-2025-118,S04,-6,-13,1,100
SOC-A7-2025-118,S04,-5,-13,10,1001
SOC-A7-2025-118,S04,-4,-13,2,201
SOC-A7-2025-118,S04,-3,-13,2,200
SOC-A7-2025-118,S04,-2,-13,1,100
SOC-A7-2025-118,S04,-1,-13,6,603
SOC-A7-2025-118,S04,0,-13,1,100
SOC-A7-2025-118,S04,1,-13,1,100
SOC-A7-2025-118,S04,2,-13,1,100
SOC-A7-2025-118,S04,3,-13,1,100
SOC-A7-2025-118,S04,4,-13,1,100
SOC-A7-2025-118,S04,5,-13,2,201
SOC-A7-2025-118,S04,6,-13,1,100
SOC-A7-2025-118,S04,7,-13,1,100
SOC-A7-2025-118,S04,8,-13,1,100
SOC-A7-2025-118,S04,9,-13,1,100
SOC-A7-2025-118,S04,10,-13,1,100
SOC-A7-2025-118,S04,11,-13,1,100
SOC-A7-2025-118,S04,12,-13,1,100
SOC-A7-2025-118,S04,13,-13,1,100
SOC-A7-2025-118,S04,14,-13,1,100
SOC-A7-2025-118,S04,15,-13,1,100
SOC-A7-2025-118,S04,16,-13,1,100
SOC-A7-2025-118,S04,17,-13,1,100
SOC-A7-2025-118,S04,18,-13,12,1202
SOC-A7-2025-118,S04,19,-13,1,100
SOC-A7-2025-118,S04,20,-13,1,100
SOC-A7-2025-118,S04,-21,-12,10,1002
SOC-A7-2025-118,S04,-20,-12,3,301
SOC-A7-2025-118,S04,-19,-12,2,201
SOC-A7-2025-118,S04,-18,-12,2,200
SOC-A7-2025-118,S04,-17,-12,2,200
SOC-A7-2025-118,S04,-16,-12,10,1001
SOC-A7-2025-118,S04,-15,-12,10,1002
SOC-A7-2025-118,S04,-14,-12,1,100
SOC-A7-2025-118,S04,-13,-12,2,201
SOC-A7-2025-118,S04,-12,-12,1,100
SOC-A7-2025-118,S04,-11,-12,1,100
SOC-A7-2025-118,S04,-10,-12,1,100
SOC-A7-2025-118,S04,-9,-12,2,201
SOC-A7-2025-118,S04,-8,-12,1,100
SOC-A7-2025-118,S04,-7,-12,1,100
SOC-A7-2025-118,S04,-6,-12,2,200
SOC-A7-2025-118,S04,-5,-12,1,100
SOC-A7-2025-118,S04,-4,-12,2,201
SOC-A7-2025-118,S04,-3,-12,1,100
SOC-A7-2025-118,S04,-2,-12,1,100
SOC-A7-2025-118,S04,-1,-12,1,100
SOC-A7-2025-118,S04,0,-12,2,201
SOC-A7-2025-118,S04,1,-12,1,100
SOC-A7-2025-118,S04,2,-12,1,100
SOC-A7-2025-118,S04,3,-12,1,100
SOC-A7-2025-118,S04,4,-12,1,100
SOC-A7-2025-118,S04,5,-12,2,201
SOC-A7-2025-118,S04,6,-12,8,802
SOC-A7-2025-118,S04,7,-12,2,201
SOC-A7-2025-118,S04,8,-12,1,100
SOC-A7-2025-118,S04,9,-12,1,100
SOC-A7-2025-118,S04,10,-12,1,100
SOC-A7-2025-118,S04,11,-12,1,100
SOC-A7-2025-118,S04,12,-12,2,200
SOC-A7-2025-118,S04,13,-12,1,100
SOC-A7-2025-118,S04,14,-12,1,100
SOC-A7-2025-118,S04,15,-12,1,100
SOC-A7-2025-118,S04,16,-12,1,100
SOC-A7-2025-118,S04,17,-12,1,100
SOC-A7-2025-118,S04,18,-12,2,201
SOC-A7-2025-118,S04,19,-12,2,201
SOC-A7-2025-118,S04,20,-12,1,100
SOC-A7-2025-118,S04,21,-12,3,303
SOC-A7-2025-118,S04,-21,-11,12,1202
SOC-A7-2025-118,S04,-20,-11,10,1001
SOC-A7-2025-118,S04,-19,-11,2,200
SOC-A7-2025-118,S04,-18,-11,1,100
SOC-A7-2025-118,S04,-17,-11,10,1002
SOC-A7-2025-118,S04,-16,-11,2,200
SOC-A7-2025-118,S04,-15,-11,1,100
SOC-A7-2025-118,S04,-14,-11,2,201
SOC-A7-2025-118,S04,-13,-11,6,602
SOC-A7-2025-118,S04,-12,-11,10,1002
SOC-A7-2025-118,S04,-11,-11,1,100
SOC-A7-2025-118,S04,-10,-11,1,100
SOC-A7-2025-118,S04,-9,-11,1,100
SOC-A7-2025-118,S04,-8,-11,1,100
SOC-A7-2025-118,S04,-7,-11,2,201
SOC-A7-2025-118,S04,-6,-11,2,200
SOC-A7-2025-118,S04,-5,-11,1,100
SOC-A7-2025-118,S04,-4,-11,1,100
SOC-A7-2025-118,S04,-3,-11,1,100
SOC-A7-2025-118,S04,-2,-11,2,201
SOC-A7-2025-118,S04,-1,-11,2,201
SOC-A7-2025-118,S04,0,-11,1,100
SOC-A7-2025-118,S04,1,-11,1,100
SOC-A7-2025-118,S04,2,-11,1,100
SOC-A7-2025-118,S04,3,-11,1,100
SOC-A7-2025-118,S04,4,-11,1,100
SOC-A7-2025-118,S04,5,-11,6,603
SOC-A7-2025-118,S04,6,-11,2,201
SOC-A7-2025-118,S04,7,-11,1,100
SOC-A7-2025-118,S04,8,-11,1,100
SOC-A7-2025-118,S04,9,-11,1,100
SOC-A7-2025-118,S04,10,-11,1,100
SOC-A7-2025-118,S04,11,-11,1,100
SOC-A7-2025-118,S04,12,-11,1,100
SOC-A7-2025-118,S04,13,-11,1,100
SOC-A7-2025-118,S04,14,-11,1,100
SOC-A7-2025-118,S04,15,-11,1,100
SOC-A7-2025-118,S04,16,-11,1,100
SOC-A7-2025-118,S04,17,-11,1,100
SOC-A7-2025-118,S04,18,-11,1,100
SOC-A7-2025-118,S04,19,-11,1,100
SOC-A7-2025-118,S04,20,-11,12,1201
SOC-A7-2025-118,S04,21,-11,3,302
SOC-A7-2025-118,S04,-22,-10,1,100
SOC-A7-2025-118,S04,-21,-10,1,100
SOC-A7-2025-118,S04,-20,-10,10,1002
SOC-A7-2025-118,S04,-19,-10,2,201
SOC-A7-2025-118,S04,-18,-10,10,1002
SOC-A7-2025-118,S04,-17,-10,2,201
SOC-A7-2025-118,S04,-16,-10,10,1002
SOC-A7-2025-118,S04,-15,-10,1,100
SOC-A7-2025-118,S04,-14,-10,1,100
SOC-A7-2025-118,S04,-13,-10,1,100
SOC-A7-2025-118,S04,-12,-10,10,1001
SOC-A7-2025-118,S04,-11,-10,10,1002
SOC-A7-2025-118,S04,-10,-10,1,100
SOC-A7-2025-118,S04,-9,-10,1,100
SOC-A7-2025-118,S04,-8,-10,1,100
SOC-A7-2025-118,S04,-7,-10,2,201
SOC-A7-2025-118,S04,-6,-10,2,201
SOC-A7-2025-118,S04,-5,-10,2,201
SOC-A7-2025-118,S04,-4,-10,2,201
SOC-A7-2025-118,S04,-3,-10,1,100
SOC-A7-2025-118,S04,-2,-10,2,201
SOC-A7-2025-118,S04,-1,-10,11,1103
SOC-A7-2025-118,S04,0,-10,1,100
SOC-A7-2025-118,S04,1,-10,1,100
SOC-A7-2025-118,S04,2,-10,2,200
SOC-A7-2025-118,S04,3,-10,1,100
SOC-A7-2025-118,S04,4,-10,2,200
SOC-A7-2025-118,S04,5,-10,1,100
SOC-A7-2025-118,S04,6,-10,2,201
SOC-A7-2025-118,S04,7,-10,1,100
SOC-A7-2025-118,S04,8,-10,1,100
SOC-A7-2025-118,S04,9,-10,1,100
SOC-A7-2025-118,S04,10,-10,1,100
SOC-A7-2025-118,S04,11,-10,1,100
SOC-A7-2025-118,S04,12,-10,1,100
SOC-A7-2025-118,S04,13,-10,1,100
SOC-A7-2025-118,S04,14,-10,1,100
SOC-A7-2025-118,S04,15,-10,1,100
SOC-A7-2025-118,S04,16,-10,2,200
SOC-A7-2025-118,S04,17,-10,1,100
SOC-A7-2025-118,S04,18,-10,1,100
SOC-A7-2025-118,S04,19,-10,1,100
SOC-A7-2025-118,S04,20,-10,1,100
SOC-A7-2025-118,S04,21,-10,2,201
SOC-A7-2025-118,S04,22,-10,3,302
SOC-A7-2025-118,S04,-22,-9,3,303
SOC-A7-2025-118,S04,-21,-9,3,302
SOC-A7-2025-118,S04,-20,-9,1,100
SOC-A7-2025-118,S04,-19,-9,2,201
SOC-A7-2025-118,S04,-18,-9,2,200
SOC-A7-2025-118,S04,-17,-9,1,100
SOC-A7-2025-118,S04,-16,-9,10,1002
SOC-A7-2025-118,S04,-15,-9,2,201
SOC-A7-2025-118,S04,-14,-9,1,100
SOC-A7-2025-118,S04,-13,-9,1,100
SOC-A7-2025-118,S04,-12,-9,10,1001
SOC-A7-2025-118,S04,-11,-9,1,100
SOC-A7-2025-118,S04,-10,-9,1,100
SOC-A7-2025-118,S04,-9,-9,4,401
SOC-A7-2025-118,S04,-8,-9,4,402
SOC-A7-2025-118,S04,-7,-9,2,200
SOC-A7-2025-118,S04,-6,-9,1,100
SOC-A7-2025-118,S04,-5,-9,1,100
SOC-A7-2025-118,S04,-4,-9,2,201
SOC-A7-2025-118,S04,-3,-9,6,603
SOC-A7-2025-118,S04,-2,-9,1,100
SOC-A7-2025-118,S04,-1,-9,1,100
SOC-A7-2025-118,S04,0,-9,2,201
SOC-A7-2025-118,S04,1,-9,1,100
SOC-A7-2025-118,S04,2,-9,1,100
SOC-A7-2025-118,S04,3,-9,1,100
SOC-A7-2025-118,S04,4,-9,1,100
SOC-A7-2025-118,S04,5,-9,1,100
SOC-A7-2025-118,S04,6,-9,1,100
SOC-A7-2025-118,S04,7,-9,1,100
SOC-A7-2025-118,S04,8,-9,1,100
SOC-A7-2025-118,S04,9,-9,6,603
SOC-A7-2025-118,S04,10,-9,1,100
SOC-A7-2025-118,S04,11,-9,1,100
SOC-A7-2025-118,S04,12,-9,1,100
SOC-A7-2025-118,S04,13,-9,1,100
SOC-A7-2025-118,S04,14,-9,6,602
SOC-A7-2025-118,S04,15,-9,1,100
SOC-A7-2025-118,S04,16,-9,1,100
SOC-A7-2025-118,S04,17,-9,1,100
SOC-A7-2025-118,S04,18,-9,1,100
SOC-A7-2025-118,S04,19,-9,1,100
SOC-A7-2025-118,S04,20,-9,1,100
SOC-A7-2025-118,S04,21,-9,1,100
SOC-A7-2025-118,S04,22,-9,3,302
SOC-A7-2025-118,S04,-22,-8,1,100
SOC-A7-2025-118,S04,-21,-8,2,200
SOC-A7-2025-118,S04,-20,-8,2,201
SOC-A7-2025-118,S04,-19,-8,2,200
SOC-A7-2025-118,S04,-18,-8,1,100
SOC-A7-2025-118,S04,-17,-8,6,602
SOC-A7-2025-118,S04,-16,-8,10,1002
SOC-A7-2025-118,S04,-15,-8,2,200
SOC-A7-2025-118,S04,-14,-8,1,100
SOC-A7-2025-118,S04,-13,-8,2,200
SOC-A7-2025-118,S04,-12,-8,1,100
SOC-A7-2025-118,S04,-11,-8,2,201
SOC-A7-2025-118,S04,-10,-8,4,402
SOC-A7-2025-118,S04,-9,-8,4,401
SOC-A7-2025-118,S04,-8,-8,4,402
SOC-A7-2025-118,S04,-7,-8,4,402
SOC-A7-2025-118,S04,-6,-8,1,100
SOC-A7-2025-118,S04,-5,-8,2,201
SOC-A7-2025-118,S04,-4,-8,1,100
SOC-A7-2025-118,S04,-3,-8,1,100
SOC-A7-2025-118,S04,-2,-8,1,100
SOC-A7-2025-118,S04,-1,-8,1,100
SOC-A7-2025-118,S04,0,-8,1,100
SOC-A7-2025-118,S04,1,-8,1,100
SOC-A7-2025-118,S04,2,-8,2,201
SOC-A7-2025-118,S04,3,-8,1,100
SOC-A7-2025-118,S04,4,-8,2,200
SOC-A7-2025-118,S04,5,-8,2,201
SOC-A7-2025-118,S04,6,-8,1,100
SOC-A7-2025-118,S04,7,-8,1,100
SOC-A7-2025-118,S04,8,-8,2,201
SOC-A7-2025-118,S04,9,-8,2,201
SOC-A7-2025-118,S04,10,-8,1,100
SOC-A7-2025-118,S04,11,-8,2,200
SOC-A7-2025-118,S04,12,-8,1,100
SOC-A7-2025-118,S04,13,-8,1,100
SOC-A7-2025-118,S04,14,-8,1,100
SOC-A7-2025-118,S04,15,-8,1,100
SOC-A7-2025-118,S04,16,-8,1,100
SOC-A7-2025-118,S04,17,-8,1,100
SOC-A7-2025-118,S04,18,-8,1,100
SOC-A7-2025-118,S04,19,-8,1,100
SOC-A7-2025-118,S04,20,-8,1,100
SOC-A7-2025-118,S04,21,-8,1,100
SOC-A7-2025-118,S04,22,-8,1,100
SOC-A7-2025-118,S04,-23,-7,3,301
SOC-A7-2025-118,S04,-22,-7,1,100
SOC-A7-2025-118,S04,-21,-7,12,1202
SOC-A7-2025-118,S04,-20,-7,1,100
SOC-A7-2025-118,S04,-19,-7,1,100
SOC-A7-2025-118,S04,-18,-7,10,1001
SOC-A7-2025-118,S04,-17,-7,1,100
SOC-A7-2025-118,S04,-16,-7,10,1002
SOC-A7-2025-118,S04,-15,-7,2,200
SOC-A7-2025-118,S04,-14,-7,1,100
SOC-A7-2025-118,S04,-13,-7,2,200
SOC-A7-2025-118,S04,-12,-7,2,201
SOC-A7-2025-118,S04,-11,-7,1,100
SOC-A7-2025-118,S04,-10,-7,4,401
SOC-A7-2025-118,S04,-9,-7,4,401
SOC-A7-2025-118,S04,-8,-7,4,402
SOC-A7-2025-118,S04,-7,-7,4,402
SOC-A7-2025-118,S04,-6,-7,1,100
SOC-A7-2025-118,S04,-5,-7,1,100
SOC-A7-2025-118,S04,-4,-7,1,100
SOC-A7-2025-118,S04,-3,-7,6,601
SOC-A7-2025-118,S04,-2,-7,1,100
SOC-A7-2025-118,S04,-1,-7,2,201
SOC-A7-2025-118,S04,0,-7,2,200
SOC-A7-2025-118,S04,1,-7,1,100
SOC-A7-2025-118,S04,2,-7,2,201
SOC-A7-2025-118,S04,3,-7,1,100
SOC-A7-2025-118,S04,4,-7,1,100
SOC-A7-2025-118,S04,5,-7,1,100
SOC-A7-2025-118,S04,6,-7,1,100
SOC-A7-2025-118,S04,7,-7,1,100
SOC-A7-2025-118,S04,8,-7,1,100
SOC-A7-2025-118,S04,9,-7,6,602
SOC-A7-2025-118,S04,10,-7,1,100
SOC-A7-2025-118,S04,11,-7,1,100
SOC-A7-2025-118,S04,12,-7,1,100
SOC-A7-2025-118,S04,13,-7,2,200
SOC-A7-2025-118,S04,14,-7,1,100
SOC-A7-2025-118,S04,15,-7,1,100
SOC-A7-2025-118,S04,16,-7,1,100
SOC-A7-2025-118,S04,17,-7,6,602
SOC-A7-2025-118,S04,18,-7,1,100
SOC-A7-2025-118,S04,19,-7,1,100
SOC-A7-2025-118,S04,20,-7,12,1202
SOC-A7-2025-118,S04,21,-7,1,100
SOC-A7-2025-118,S04,22,-7,1,100
SOC-A7-2025-118,S04,23,-7,1,100
SOC-A7-2025-118,S04,-23,-6,3,301
SOC-A7-2025-118,S04,-22,-6,2,200
SOC-A7-2025-118,S04,-21,-6,1,100
SOC-A7-2025-118,S04,-20,-6,2,200
SOC-A7-2025-118,S04,-19,-6,1,100
SOC-A7-2025-118,S04,-18,-6,1,100
SOC-A7-2025-118,S04,-17,-6,10,1002
SOC-A7-2025-118,S04,-16,-6,1,100
SOC-A7-2025-118,S04,-15,-6,2,201
SOC-A7-2025-118,S04,-14,-6,1,100
SOC-A7-2025-118,S04,-13,-6,1,100
SOC-A7-2025-118,S04,-12,-6,1,100
SOC-A7-2025-118,S04,-11,-6,2,200
SOC-A7-2025-118,S04,-10,-6,4,402
SOC-A7-2025-118,S04,-9,-6,1,100
SOC-A7-2025-118,S04,-8,-6,4,401
SOC-A7-2025-118,S04,-7,-6,4,402
SOC-A7-2025-118,S04,-6,-6,1,100
SOC-A7-2025-118,S04,-5,-6,1,100
SOC-A7-2025-118,S04,-4,-6,1,100
SOC-A7-2025-118,S04,-3,-6,1,100
SOC-A7-2025-118,S04,-2,-6,1,100
SOC-A7-2025-118,S04,-1,-6,2,200
SOC-A7-2025-118,S04,0,-6,2,200
SOC-A7-2025-118,S04,1,-6,1,100
SOC-A7-2025-118,S04,2,-6,1,100
SOC-A7-2025-118,S04,3,-6,1,100
SOC-A7-2025-118,S04,4,-6,1,100
SOC-A7-2025-118,S04,5,-6,1,100
SOC-A7-2025-118,S04,6,-6,2,200
SOC-A7-2025-118,S04,7,-6,1,100
SOC-A7-2025-118,S04,8,-6,1,100
SOC-A7-2025-118,S04,9,-6,1,100
SOC-A7-2025-118,S04,10,-6,1,100
SOC-A7-2025-118,S04,11,-6,2,201
SOC-A7-2025-118,S04,12,-6,2,200
SOC-A7-2025-118,S04,13,-6,1,100
SOC-A7-2025-118,S04,14,-6,1,100
SOC-A7-2025-118,S04,15,-6,1,100
SOC-A7-2025-118,S04,16,-6,1,100
SOC-A7-2025-118,S04,17,-6,1,100
SOC-A7-2025-118,S04,18,-6,1,100
SOC-A7-2025-118,S04,19,-6,1,100
SOC-A7-2025-118,S04,20,-6,1,100
SOC-A7-2025-118,S04,21,-6,1,100
SOC-A7-2025-118,S04,22,-6,1,100
SOC-A7-2025-118,S04,23,-6,11,1102
SOC-A7-2025-118,S04,-23,-5,1,100
SOC-A7-2025-118,S04,-22,-5,1,100
SOC-A7-2025-118,S04,-21,-5,1,100
SOC-A7-2025-118,S04,-20,-5,2,201
SOC-A7-2025-118,S04,-19,-5,1,100
SOC-A7-2025-118,S04,-18,-5,2,201
SOC-A7-2025-118,S04,-17,-5,1,100
SOC-A7-2025-118,S04,-16,-5,2,201
SOC-A7-2025-118,S04,-15,-5,1,100
SOC-A7-2025-118,S04,-14,-5,1,100
SOC-A7-2025-118,S04,-13,-5,1,100
SOC-A7-2025-118,S04,-12,-5,10,1001
SOC-A7-2025-118,S04,-11,-5,2,200
SOC-A7-2025-118,S04,-10,-5,4,401
SOC-A7-2025-118,S04,-9,-5,4,402
SOC-A7-2025-118,S04,-8,-5,4,401
SOC-A7-2025-118,S04,-7,-5,1,100
SOC-A7-2025-118,S04,-6,-5,1,100
SOC-A7-2025-118,S04,-5,-5,1,100
SOC-A7-2025-118,S04,-4,-5,2,200
SOC-A7-2025-118,S04,-3,-5,2,201
SOC-A7-2025-118,S04,-2,-5,1,100
SOC-A7-2025-118,S04,-1,-5,1,100
SOC-A7-2025-118,S04,0,-5,11,1103
SOC-A7-2025-118,S04,1,-5,1,100
SOC-A7-2025-118,S04,2,-5,1,100
SOC-A7-2025-118,S04,3,-5,1,100
SOC-A7-2025-118,S04,4,-5,1,100
SOC-A7-2025-118,S04,5,-5,1,100
SOC-A7-2025-118,S04,6,-5,1,100
SOC-A7-2025-118,S04,7,-5,1,100
SOC-A7-2025-118,S04,8,-5,6,602
SOC-A7-2025-118,S04,9,-5,1,100
SOC-A7-2025-118,S04,10,-5,1,100
SOC-A7-2025-118,S04,11,-5,1,100
SOC-A7-2025-118,S04,12,-5,1,100
SOC-A7-2025-118,S04,13,-5,1,100
SOC-A7-2025-118,S04,14,-5,1,100
SOC-A7-2025-118,S04,15,-5,1,100
SOC-A7-2025-118,S04,16,-5,1,100
SOC-A7-2025-118,S04,17,-5,1,100
SOC-A7-2025-118,S04,18,-5,1,100
SOC-A7-2025-118,S04,19,-5,6,602
SOC-A7-2025-118,S04,20,-5,1,100
SOC-A7-2025-118,S04,21,-5,2,200
SOC-A7-2025-118,S04,22,-5,3,302
SOC-A7-2025-118,S04,23,-5,3,303
SOC-A7-2025-118,S04,-23,-4,10,1001
SOC-A7-2025-118,S04,-22,-4,2,201
SOC-A7-2025-118,S04,-21,-4,1,100
SOC-A7-2025-118,S04,-20,-4,2,201
SOC-A7-2025-118,S04,-19,-4,2,200
SOC-A7-2025-118,S04,-18,-4,2,200
SOC-A7-2025-118,S04,-17,-4,1,100
SOC-A7-2025-118,S04,-16,-4,10,1002
SOC-A7-2025-118,S04,-15,-4,1,100
SOC-A7-2025-118,S04,-14,-4,1,100
SOC-A7-2025-118,S04,-13,-4,2,200
SOC-A7-2025-118,S04,-12,-4,1,100
SOC-A7-2025-118,S04,-11,-4,1,100
SOC-A7-2025-118,S04,-10,-4,1,100
SOC-A7-2025-118,S04,-9,-4,1,100
SOC-A7-2025-118,S04,-8,-4,2,200
SOC-A7-2025-118,S04,-7,-4,1,100
SOC-A7-2025-118,S04,-6,-4,6,601
SOC-A7-2025-118,S04,-5,-4,6,601
SOC-A7-2025-118,S04,-4,-4,1,100
SOC-A7-2025-118,S04,-3,-4,1,100
SOC-A7-2025-118,S04,-2,-4,2,200
SOC-A7-2025-118,S04,-1,-4,1,100
SOC-A7-2025-118,S04,0,-4,5,503
SOC-A7-2025-118,S04,1,-4,5,502
SOC-A7-2025-118,S04,2,-4,1,100
SOC-A7-2025-118,S04,3,-4,1,100
SOC-A7-2025-118,S04,4,-4,1,100
SOC-A7-2025-118,S04,5,-4,1,100
SOC-A7-2025-118,S04,6,-4,1,100
SOC-A7-2025-118,S04,7,-4,1,100
SOC-A7-2025-118,S04,8,-4,1,100
SOC-A7-2025-118,S04,9,-4,2,201
SOC-A7-2025-118,S04,10,-4,1,100
SOC-A7-2025-118,S04,11,-4,1,100
SOC-A7-2025-118,S04,12,-4,1,100
SOC-A7-2025-118,S04,13,-4,1,100
SOC-A7-2025-118,S04,14,-4,1,100
SOC-A7-2025-118,S04,15,-4,1,100
SOC-A7-2025-118,S04,16,-4,1,100
SOC-A7-2025-118,S04,17,-4,11,1101
SOC-A7-2025-118,S04,18,-4,2,201
SOC-A7-2025-118,S04,19,-4,1,100
SOC-A7-2025-118,S04,20,-4,1,100
SOC-A7-2025-118,S04,21,-4,1,100
SOC-A7-2025-118,S04,22,-4,1,100
SOC-A7-2025-118,S04,23,-4,1,100
SOC-A7-2025-118,S04,-24,-3,2,200
SOC-A7-2025-118,S04,-23,-3,3,302
SOC-A7-2025-118,S04,-22,-3,1,100
SOC-A7-2025-118,S04,-21,-3,2,201
SOC-A7-2025-118,S04,-20,-3,1,100
SOC-A7-2025-118,S04,-19,-3,1,100
SOC-A7-2025-118,S04,-18,-3,11,1101
SOC-A7-2025-118,S04,-17,-3,1,100
SOC-A7-2025-118,S04,-16,-3,2,200
SOC-A7-2025-118,S04,-15,-3,1,100
SOC-A7-2025-118,S04,-14,-3,1,100
SOC-A7-2025-118,S04,-13,-3,7,702
SOC-A7-2025-118,S04,-12,-3,1,100
SOC-A7-2025-118,S04,-11,-3,1,100
SOC-A7-2025-118,S04,-10,-3,2,200
SOC-A7-2025-118,S04,-9,-3,1,100
SOC-A7-2025-118,S04,-8,-3,1,100
SOC-A7-2025-118,S04,-7,-3,1,100
SOC-A7-2025-118,S04,-6,-3,1,100
SOC-A7-2025-118,S04,-5,-3,2,200
SOC-A7-2025-118,S04,-4,-3,1,100
SOC-A7-2025-118,S04,-3,-3,2,200
SOC-A7-2025-118,S04,-2,-3,1,100
SOC-A7-2025-118,S04,-1,-3,5,503
SOC-A7-2025-118,S04,0,-3,1,100
SOC-A7-2025-118,S04,1,-3,1,100
SOC-A7-2025-118,S04,2,-3,1,100
SOC-A7-2025-118,S04,3,-3,1,100
SOC-A7-2025-118,S04,4,-3,1,100
SOC-A7-2025-118,S04,5,-3,1,100
SOC-A7-2025-118,S04,6,-3,1,100
SOC-A7-2025-118,S04,7,-3,2,201
SOC-A7-2025-118,S04,8,-3,1,100
SOC-A7-2025-118,S04,9,-3,1,100
SOC-A7-2025-118,S04,10,-3,1,100
SOC-A7-2025-118,S04,11,-3,1,100
SOC-A7-2025-118,S04,12,-3,1,100
SOC-A7-2025-118,S04,13,-3,1,100
SOC-A7-2025-118,S04,14,-3,1,100
SOC-A7-2025-118,S04,15,-3,1,100
SOC-A7-2025-118,S04,16,-3,1,100
SOC-A7-2025-118,S04,17,-3,1,100
SOC-A7-2025-118,S04,18,-3,1,100
SOC-A7-2025-118,S04,19,-3,1,100
SOC-A7-2025-118,S04,20,-3,1,100
SOC-A7-2025-118,S04,21,-3,1,100
SOC-A7-2025-118,S04,22,-3,1,100
SOC-A7-2025-118,S04,23,-3,3,302
SOC-A7-2025-118,S04,24,-3,3,303
SOC-A7-2025-118,S04,-24,-2,12,1202
SOC-A7-2025-118,S04,-23,-2,1,100
SOC-A7-2025-118,S04,-22,-2,1,100
SOC-A7-2025-118,S04,-21,-2,6,603
SOC-A7-2025-118,S04,-20,-2,1,100
SOC-A7-2025-118,S04,-19,-2,2,201
SOC-A7-2025-118,S04,-18,-2,1,100
SOC-A7-2025-118,S04,-17,-2,1,100
SOC-A7-2025-118,S04,-16,-2,2,200
SOC-A7-2025-118,S04,-15,-2,1,100
SOC-A7-2025-118,S04,-14,-2,2,201
SOC-A7-2025-118,S04,-13,-2,2,200
SOC-A7-2025-118,S04,-12,-2,7,701
SOC-A7-2025-118,S04,-11,-2,7,703
SOC-A7-2025-118,S04,-10,-2,1,100
SOC-A7-2025-118,S04,-9,-2,1,100
SOC-A7-2025-118,S04,-8,-2,1,100
SOC-A7-2025-118,S04,-7,-2,1,100
SOC-A7-2025-118,S04,-6,-2,6,603
SOC-A7-2025-118,S04,-5,-2,1,100
SOC-A7-2025-118,S04,-4,-2,1,100
SOC-A7-2025-118,S04,-3,-2,1,100
SOC-A7-2025-118,S04,-2,-2,8,802
SOC-A7-2025-118,S04,-1,-2,1,100
SOC-A7-2025-118,S04,0,-2,1,100
SOC-A7-2025-118,S04,1,-2,1,100
SOC-A7-2025-118,S04,2,-2,5,501
SOC-A7-2025-118,S04,3,-2,2,200
SOC-A7-2025-118,S04,4,-2,5,501
SOC-A7-2025-118,S04,5,-2,2,201
SOC-A7-2025-118,S04,6,-2,1,100
SOC-A7-2025-118,S04,7,-2,1,100
SOC-A7-2025-118,S04,8,-2,1,100
SOC-A7-2025-118,S04,9,-2,1,100
SOC-A7-2025-118,S04,10,-2,1,100
SOC-A7-2025-118,S04,11,-2,1,100
SOC-A7-2025-118,S04,12,-2,1,100
SOC-A7-2025-118,S04,13,-2,1,100
SOC-A7-2025-118,S04,14,-2,1,100
SOC-A7-2025-118,S04,15,-2,1,100
SOC-A7-2025-118,S04,16,-2,2,201
SOC-A7-2025-118,S04,17,-2,2,200
SOC-A7-2025-118,S04,18,-2,1,100
SOC-A7-2025-118,S04,19,-2,2,201
SOC-A7-2025-118,S04,20,-2,1,100
SOC-A7-2025-118,S04,21,-2,2,201
SOC-A7-2025-118,S04,22,-2,1,100
SOC-A7-2025-118,S04,23,-2,3,302
SOC-A7-2025-118,S04,24,-2,1,100
SOC-A7-2025-118,S04,-24,-1,2,200
SOC-A7-2025-118,S04,-23,-1,3,302
SOC-A7-2025-118,S04,-22,-1,10,1001
SOC-A7-2025-118,S04,-21,-1,2,201
SOC-A7-2025-118,S04,-20,-1,1,100
SOC-A7-2025-118,S04,-19,-1,2,200
SOC-A7-2025-118,S04,-18,-1,1,100
SOC-A7-2025-118,S04,-17,-1,10,1001
SOC-A7-2025-118,S04,-16,-1,1,100
SOC-A7-2025-118,S04,-15,-1,2,200
SOC-A7-2025-118,S04,-14,-1,1,100
SOC-A7-2025-118,S04,-13,-1,2,201
SOC-A7-2025-118,S04,-12,-1,2,201
SOC-A7-2025-118,S04,-11,-1,7,702
SOC-A7-2025-118,S04,-10,-1,7,702
SOC-A7-2025-118,S04,-9,-1,7,701
SOC-A7-2025-118,S04,-8,-1,2,200
SOC-A7-2025-118,S04,-7,-1,1,100
SOC-A7-2025-118,S04,-6,-1,1,100
SOC-A7-2025-118,S04,-5,-1,1,100
SOC-A7-2025-118,S04,-4,-1,1,100
SOC-A7-2025-118,S04,-3,-1,1,100
SOC-A7-2025-118,S04,-2,-1,1,100
SOC-A7-2025-118,S04,-1,-1,1,100
SOC-A7-2025-118,S04,0,-1,5,503
SOC-A7-2025-118,S04,1,-1,1,100
SOC-A7-2025-118,S04,2,-1,5,501
SOC-A7-2025-118,S04,3,-1,1,100
SOC-A7-2025-118,S04,4,-1,1,100
SOC-A7-2025-118,S04,5,-1,2,201
SOC-A7-2025-118,S04,6,-1,1,100
SOC-A7-2025-118,S04,7,-1,11,1101
SOC-A7-2025-118,S04,8,-1,1,100
SOC-A7-2025-118,S04,9,-1,1,100
SOC-A7-2025-118,S04,10,-1,1,100
SOC-A7-2025-118,S04,11,-1,1,100
SOC-A7-2025-118,S04,12,-1,1,100
SOC-A7-2025-118,S04,13,-1,1,100
SOC-A7-2025-118,S04,14,-1,1,100
SOC-A7-2025-118,S04,15,-1,11,1103
SOC-A7-2025-118,S04,16,-1,1,100
SOC-A7-2025-118,S04,17,-1,1,100
SOC-A7-2025-118,S04,18,-1,9,902
SOC-A7-2025-118,S04,19,-1,9,901
SOC-A7-2025-118,S04,20,-1,2,200
SOC-A7-2025-118,S04,21,-1,1,100
SOC-A7-2025-118,S04,22,-1,12,1202
SOC-A7-2025-118,S04,23,-1,1,100
SOC-A7-2025-118,S04,24,-1,9,902
SOC-A7-2025-118,S04,-24,0,3,302
SOC-A7-2025-118,S04,-23,0,3,301
SOC-A7-2025-118,S04,-22,0,10,1001
SOC-A7-2025-118,S04,-21,0,2,201
SOC-A7-2025-118,S04,-20,0,1,100
SOC-A7-2025-118,S04,-19,0,10,1001
SOC-A7-2025-118,S04,-18,0,1,100
SOC-A7-2025-118,S04,-17,0,1,100
SOC-A7-2025-118,S04,-16,0,1,100
SOC-A7-2025-118,S04,-15,0,1,100
SOC-A7-2025-118,S04,-14,0,1,100
SOC-A7-2025-118,S04,-13,0,1,100
SOC-A7-2025-118,S04,-12,0,2,200
SOC-A7-2025-118,S04,-11,0,1,100
SOC-A7-2025-118,S04,-10,0,1,100
SOC-A7-2025-118,S04,-9,0,7,701
SOC-A7-2025-118,S04,-8,0,7,703
SOC-A7-2025-118,S04,-7,0,2,200
SOC-A7-2025-118,S04,-6,0,1,100
SOC-A7-2025-118,S04,-5,0,2,201
SOC-A7-2025-118,S04,-4,0,1,100
SOC-A7-2025-118,S04,-3,0,5,502
SOC-A7-2025-118,S04,-2,0,5,502
SOC-A7-2025-118,S04,-1,0,1,100
SOC-A7-2025-118,S04,0,0,5,503
SOC-A7-2025-118,S04,1,0,1,100
SOC-A7-2025-118,S04,2,0,1,100
SOC-A7-2025-118,S04,3,0,1,100
SOC-A7-2025-118,S04,4,0,1,100
SOC-A7-2025-118,S04,5,0,1,100
SOC-A7-2025-118,S04,6,0,1,100
SOC-A7-2025-118,S04,7,0,1,100
SOC-A7-2025-118,S04,8,0,1,100
SOC-A7-2025-118,S04,9,0,1,100
SOC-A7-2025-118,S04,10,0,1,100
SOC-A7-2025-118,S04,11,0,1,100
SOC-A7-2025-118,S04,12,0,1,100
SOC-A7-2025-118,S04,13,0,2,201
SOC-A7-2025-118,S04,14,0,1,100
SOC-A7-2025-118,S04,15,0,1,100
SOC-A7-2025-118,S04,16,0,1,100
SOC-A7-2025-118,S04,17,0,1,100
SOC-A7-2025-118,S04,18,0,1,100
SOC-A7-2025-118,S04,19,0,9,901
SOC-A7-2025-118,S04,20,0,9,902
SOC-A7-2025-118,S04,21,0,9,901
SOC-A7-2025-118,S04,22,0,1,100
SOC-A7-2025-118,S04,23,0,1,100
SOC-A7-2025-118,S04,24,0,1,100
SOC-A7-2025-118,S04,-24,1,3,302
SOC-A7-2025-118,S04,-23,1,1,100
SOC-A7-2025-118,S04,-22,1,1,100
SOC-A7-2025-118,S04,-21,1,10,1002
SOC-A7-2025-118,S04,-20,1,1,100
SOC-A7-2025-118,S04,-19,1,1,100
SOC-A7-2025-118,S04,-18,1,1,100
SOC-A7-2025-118,S04,-17,1,1,100
SOC-A7-2025-118,S04,-16,1,1,100
SOC-A7-2025-118,S04,-15,1,1,100
SOC-A7-2025-118,S04,-14,1,2,201
SOC-A7-2025-118,S04,-13,1,1,100
SOC-A7-2025-118,S04,-12,1,2,200
SOC-A7-2025-118,S04,-11,1,2,201
SOC-A7-2025-118,S04,-10,1,2,200
SOC-A7-2025-118,S04,-9,1,1,100
SOC-A7-2025-118,S04,-8,1,1,100
SOC-A7-2025-118,S04,-7,1,1,100
SOC-A7-2025-118,S04,-6,1,7,703
SOC-A7-2025-118,S04,-5,1,1,100
SOC-A7-2025-118,S04,-4,1,1,100
SOC-A7-2025-118,S04,-3,1,1,100
SOC-A7-2025-118,S04,-2,1,5,503
SOC-A7-2025-118,S04,-1,1,6,602
SOC-A7-2025-118,S04,0,1,6,601
SOC-A7-2025-118,S04,1,1,1,100
SOC-A7-2025-118,S04,2,1,1,100
SOC-A7-2025-118,S04,3,1,1,100
SOC-A7-2025-118,S04,4,1,1,100
SOC-A7-2025-118,S04,5,1,1,100
SOC-A7-2025-118,S04,6,1,1,100
SOC-A7-2025-118,S04,7,1,1,100
SOC-A7-2025-118,S04,8,1,1,100
SOC-A7-2025-118,S04,9,1,1,100
SOC-A7-2025-118,S04,10,1,1,100
SOC-A7-2025-118,S04,11,1,1,100
SOC-A7-2025-118,S04,12,1,1,100
SOC-A7-2025-118,S04,13,1,1,100
SOC-A7-2025-118,S04,14,1,1,100
SOC-A7-2025-118,S04,15,1,1,100
SOC-A7-2025-118,S04,16,1,1,100
SOC-A7-2025-118,S04,17,1,1,100
SOC-A7-2025-118,S04,18,1,1,100
SOC-A7-2025-118,S04,19,1,9,901
SOC-A7-2025-118,S04,20,1,1,100
SOC-A7-2025-118,S04,21,1,8,801
SOC-A7-2025-118,S04,22,1,1,100
SOC-A7-2025-118,S04,23,1,3,302
SOC-A7-2025-118,S04,24,1,2,201
SOC-A7-2025-118,S04,-24,2,10,1001
SOC-A7-2025-118,S04,-23,2,3,302
SOC-A7-2025-118,S04,-22,2,2,201
SOC-A7-2025-118,S04,-21,2,1,100
SOC-A7-2025-118,S04,-20,2,2,200
SOC-A7-2025-118,S04,-19,2,1,100
SOC-A7-2025-118,S04,-18,2,10,1002
SOC-A7-2025-118,S04,-17,2,1,100
SOC-A7-2025-118,S04,-16,2,1,100
SOC-A7-2025-118,S04,-15,2,1,100
SOC-A7-2025-118,S04,-14,2,2,201
SOC-A7-2025-118,S04,-13,2,1,100
SOC-A7-2025-118,S04,-12,2,1,100
SOC-A7-2025-118,S04,-11,2,11,1102
SOC-A7-2025-118,S04,-10,2,1,100
SOC-A7-2025-118,S04,-9,2,2,200
SOC-A7-2025-118,S04,-8,2,1,100
SOC-A7-2025-118,S04,-7,2,1,100
SOC-A7-2025-118,S04,-6,2,7,703
SOC-A7-2025-118,S04,-5,2,7,701
SOC-A7-2025-118,S04,-4,2,5,501
SOC-A7-2025-118,S04,-3,2,1,100
SOC-A7-2025-118,S04,-2,2,1,100
SOC-A7-2025-118,S04,-1,2,1,100
SOC-A7-2025-118,S04,0,2,5,502
SOC-A7-2025-118,S04,1,2,5,501
SOC-A7-2025-118,S04,2,2,1,100
SOC-A7-2025-118,S04,3,2,2,201
SOC-A7-2025-118,S04,4,2,5,503
SOC-A7-2025-118,S04,5,2,1,100
SOC-A7-2025-118,S04,6,2,1,100
SOC-A7-2025-118,S04,7,2,1,100
SOC-A7-2025-118,S04,8,2,1,100
SOC-A7-2025-118,S04,9,2,1,100
SOC-A7-2025-118,S04,10,2,1,100
SOC-A7-2025-118,S04,11,2,1,100
SOC-A7-2025-118,S04,12,2,1,100
SOC-A7-2025-118,S04,13,2,1,100
SOC-A7-2025-118,S04,14,2,2,201
SOC-A7-2025-118,S04,15,2,2,201
SOC-A7-2025-118,S04,16,2,15,1501
SOC-A7-2025-118,S04,17,2,1,100
SOC-A7-2025-118,S04,18,2,1,100
SOC-A7-2025-118,S04,19,2,1,100
SOC-A7-2025-118,S04,20,2,1,100
SOC-A7-2025-118,S04,21,2,12,1202
SOC-A7-2025-118,S04,22,2,1,100
SOC-A7-2025-118,S04,23,2,1,100
SOC-A7-2025-118,S04,24,2,1,100
SOC-A7-2025-118,S04,-24,3,10,1001
SOC-A7-2025-118,S04,-23,3,3,303
SOC-A7-2025-118,S04,-22,3,2,201
SOC-A7-2025-118,S04,-21,3,2,200
SOC-A7-2025-118,S04,-20,3,1,100
SOC-A7-2025-118,S04,-19,3,10,1001
SOC-A7-2025-118,S04,-18,3,6,601
SOC-A7-2025-118,S04,-17,3,2,201
SOC-A7-2025-118,S04,-16,3,1,100
SOC-A7-2025-118,S04,-15,3,1,100
SOC-A7-2025-118,S04,-14,3,2,200
SOC-A7-2025-118,S04,-13,3,1,100
SOC-A7-2025-118,S04,-12,3,1,100
SOC-A7-2025-118,S04,-11,3,1,100
SOC-A7-2025-118,S04,-10,3,1,100
SOC-A7-2025-118,S04,-9,3,2,201
SOC-A7-2025-118,S04,-8,3,2,201
SOC-A7-2025-118,S04,-7,3,1,100
SOC-A7-2025-118,S04,-6,3,1,100
SOC-A7-2025-118,S04,-5,3,1,100
SOC-A7-2025-118,S04,-4,3,7,703
SOC-A7-2025-118,S04,-3,3,7,703
SOC-A7-2025-118,S04,-2,3,5,502
SOC-A7-2025-118,S04,-1,3,1,100
SOC-A7-2025-118,S04,0,3,1,100
SOC-A7-2025-118,S04,1,3,1,100
SOC-A7-2025-118,S04,2,3,11,1101
SOC-A7-2025-118,S04,3,3,1,100
SOC-A7-2025-118,S04,4,3,1,100
SOC-A7-2025-118,S04,5,3,1,100
SOC-A7-2025-118,S04,6,3,1,100
SOC-A7-2025-118,S04,7,3,1,100
SOC-A7-2025-118,S04,8,3,1,100
SOC-A7-2025-118,S04,9,3,1,100
SOC-A7-2025-118,S04,10,3,1,100
SOC-A7-2025-118,S04,11,3,1,100
SOC-A7-2025-118,S04,12,3,1,100
SOC-A7-2025-118,S04,13,3,1,100
SOC-A7-2025-118,S04,14,3,1,100
SOC-A7-2025-118,S04,15,3,2,200
SOC-A7-2025-118,S04,16,3,1,100
SOC-A7-2025-118,S04,17,3,1,100
SOC-A7-2025-118,S04,18,3,2,201
SOC-A7-2025-118,S04,19,3,1,100
SOC-A7-2025-118,S04,20,3,1,100
SOC-A7-2025-118,S04,21,3,1,100
SOC-A7-2025-118,S04,22,3,1,100
SOC-A7-2025-118,S04,23,3,1,100
SOC-A7-2025-118,S04,24,3,1,100
SOC-A7-2025-118,S04,-23,4,3,302
SOC-A7-2025-118,S04,-22,4,1,100
SOC-A7-2025-118,S04,-21,4,1,100
SOC-A7-2025-118,S04,-20,4,1,100
SOC-A7-2025-118,S04,-19,4,2,201
SOC-A7-2025-118,S04,-18,4,2,201
SOC-A7-2025-118,S04,-17,4,1,100
SOC-A7-2025-118,S04,-16,4,1,100
SOC-A7-2025-118,S04,-15,4,1,100
SOC-A7-2025-118,S04,-14,4,2,201
SOC-A7-2025-118,S04,-13,4,1,100
SOC-A7-2025-118,S04,-12,4,2,201
SOC-A7-2025-118,S04,-11,4,1,100
SOC-A7-2025-118,S04,-10,4,1,100
SOC-A7-2025-118,S04,-9,4,6,602
SOC-A7-2025-118,S04,-8,4,1,100
SOC-A7-2025-118,S04,-7,4,1,100
SOC-A7-2025-118,S04,-6,4,1,100
SOC-A7-2025-118,S04,-5,4,1,100
SOC-A7-2025-118,S04,-4,4,8,801
SOC-A7-2025-118,S04,-3,4,1,100
SOC-A7-2025-118,S04,-2,4,7,702
SOC-A7-2025-118,S04,-1,4,5,503
SOC-A7-2025-118,S04,0,4,6,603
SOC-A7-2025-118,S04,1,4,5,503
SOC-A7-2025-118,S04,2,4,1,100
SOC-A7-2025-118,S04,3,4,1,100
SOC-A7-2025-118,S04,4,4,1,100
SOC-A7-2025-118,S04,5,4,1,100
SOC-A7-2025-118,S04,6,4,1,100
SOC-A7-2025-118,S04,7,4,1,100
SOC-A7-2025-118,S04,8,4,2,200
SOC-A7-2025-118,S04,9,4,1,100
SOC-A7-2025-118,S04,10,4,2,200
SOC-A7-2025-118,S04,11,4,1,100
SOC-A7-2025-118,S04,12,4,9,902
SOC-A7-2025-118,S04,13,4,2,201
SOC-A7-2025-118,S04,14,4,1,100
SOC-A7-2025-118,S04,15,4,1,100
SOC-A7-2025-118,S04,16,4,1,100
SOC-A7-2025-118,S04,17,4,1,100
SOC-A7-2025-118,S04,18,4,6,603
SOC-A7-2025-118,S04,19,4,9,902
SOC-A7-2025-118,S04,20,4,1,100
SOC-A7-2025-118,S04,21,4,1,100
SOC-A7-2025-118,S04,22,4,1,100
SOC-A7-2025-118,S04,23,4,1,100
SOC-A7-2025-118,S04,-23,5,2,201
SOC-A7-2025-118,S04,-22,5,1,100
SOC-A7-2025-118,S04,-21,5,1,100
SOC-A7-2025-118,S04,-20,5,1,100
SOC-A7-2025-118,S04,-19,5,1,100
SOC-A7-2025-118,S04,-18,5,1,100
SOC-A7-2025-118,S04,-17,5,1,100
SOC-A7-2025-118,S04,-16,5,1,100
SOC-A7-2025-118,S04,-15,5,2,200
SOC-A7-2025-118,S04,-14,5,1,100
SOC-A7-2025-118,S04,-13,5,1,100
SOC-A7-2025-118,S04,-12,5,1,100
SOC-A7-2025-118,S04,-11,5,1,100
SOC-A7-2025-118,S04,-10,5,1,100
SOC-A7-2025-118,S04,-9,5,2,201
SOC-A7-2025-118,S04,-8,5,1,100
SOC-A7-2025-118,S04,-7,5,1,100
SOC-A7-2025-118,S04,-6,5,1,100
SOC-A7-2025-118,S04,-5,5,1,100
SOC-A7-2025-118,S04,-4,5,1,100
SOC-A7-2025-118,S04,-3,5,2,201
SOC-A7-2025-118,S04,-2,5,8,802
SOC-A7-2025-118,S04,-1,5,7,702
SOC-A7-2025-118,S04,0,5,7,702
SOC-A7-2025-118,S04,1,5,7,701
SOC-A7-2025-118,S04,2,5,1,100
SOC-A7-2025-118,S04,3,5,1,100
SOC-A7-2025-118,S04,4,5,1,100
SOC-A7-2025-118,S04,5,5,1,100
SOC-A7-2025-118,S04,6,5,1,100
SOC-A7-2025-118,S04,7,5,1,100
SOC-A7-2025-118,S04,8,5,1,100
SOC-A7-2025-118,S04,9,5,1,100
SOC-A7-2025-118,S04,10,5,2,200
SOC-A7-2025-118,S04,11,5,1,100
SOC-A7-2025-118,S04,12,5,1,100
SOC-A7-2025-118,S04,13,5,1,100
SOC-A7-2025-118,S04,14,5,9,902
SOC-A7-2025-118,S04,15,5,1,100
SOC-A7-2025-118,S04,16,5,6,601
SOC-A7-2025-118,S04,17,5,9,902
SOC-A7-2025-118,S04,18,5,1,100
SOC-A7-2025-118,S04,19,5,1,100
SOC-A7-2025-118,S04,20,5,8,802
SOC-A7-2025-118,S04,21,5,12,1201
SOC-A7-2025-118,S04,22,5,1,100
SOC-A7-2025-118,S04,23,5,3,303
SOC-A7-2025-118,S04,-23,6,1,100
SOC-A7-2025-118,S04,-22,6,1,100
SOC-A7-2025-118,S04,-21,6,1,100
SOC-A7-2025-118,S04,-20,6,2,201
SOC-A7-2025-118,S04,-19,6,1,100
SOC-A7-2025-118,S04,-18,6,1,100
SOC-A7-2025-118,S04,-17,6,1,100
SOC-A7-2025-118,S04,-16,6,1,100
SOC-A7-2025-118,S04,-15,6,2,201
SOC-A7-2025-118,S04,-14,6,1,100
SOC-A7-2025-118,S04,-13,6,1,100
SOC-A7-2025-118,S04,-12,6,1,100
SOC-A7-2025-118,S04,-11,6,2,200
SOC-A7-2025-118,S04,-10,6,2,200
SOC-A7-2025-118,S04,-9,6,1,100
SOC-A7-2025-118,S04,-8,6,2,200
SOC-A7-2025-118,S04,-7,6,1,100
SOC-A7-2025-118,S04,-6,6,1,100
SOC-A7-2025-118,S04,-5,6,2,200
SOC-A7-2025-118,S04,-4,6,1,100
SOC-A7-2025-118,S04,-3,6,1,100
SOC-A7-2025-118,S04,-2,6,1,100
SOC-A7-2025-118,S04,-1,6,1,100
SOC-A7-2025-118,S04,0,6,2,201
SOC-A7-2025-118,S04,1,6,7,701
SOC-A7-2025-118,S04,2,6,7,703
SOC-A7-2025-118,S04,3,6,1,100
SOC-A7-2025-118,S04,4,6,1,100
SOC-A7-2025-118,S04,5,6,6,603
SOC-A7-2025-118,S04,6,6,6,602
SOC-A7-2025-118,S04,7,6,1,100
SOC-A7-2025-118,S04,8,6,1,100
SOC-A7-2025-118,S04,9,6,11,1101
SOC-A7-2025-118,S04,10,6,2,201
SOC-A7-2025-118,S04,11,6,1,100
SOC-A7-2025-118,S04,12,6,1,100
SOC-A7-2025-118,S04,13,6,1,100
SOC-A7-2025-118,S04,14,6,1,100
SOC-A7-2025-118,S04,15,6,1,100
SOC-A7-2025-118,S04,16,6,1,100
SOC-A7-2025-118,S04,17,6,1,100
SOC-A7-2025-118,S04,18,6,1,100
SOC-A7-2025-118,S04,19,6,1,100
SOC-A7-2025-118,S04,20,6,1,100
SOC-A7-2025-118,S04,21,6,1,100
SOC-A7-2025-118,S04,22,6,2,200
SOC-A7-2025-118,S04,23,6,9,901
SOC-A7-2025-118,S04,-23,7,10,1001
SOC-A7-2025-118,S04,-22,7,2,201
SOC-A7-2025-118,S04,-21,7,1,100
SOC-A7-2025-118,S04,-20,7,2,200
SOC-A7-2025-118,S04,-19,7,1,100
SOC-A7-2025-118,S04,-18,7,1,100
SOC-A7-2025-118,S04,-17,7,1,100
SOC-A7-2025-118,S04,-16,7,1,100
SOC-A7-2025-118,S04,-15,7,1,100
SOC-A7-2025-118,S04,-14,7,1,100
SOC-A7-2025-118,S04,-13,7,1,100
SOC-A7-2025-118,S04,-12,7,15,1502
SOC-A7-2025-118,S04,-11,7,1,100
SOC-A7-2025-118,S04,-10,7,1,100
SOC-A7-2025-118,S04,-9,7,2,200
SOC-A7-2025-118,S04,-8,7,1,100
SOC-A7-2025-118,S04,-7,7,1,100
SOC-A7-2025-118,S04,-6,7,1,100
SOC-A7-2025-118,S04,-5,7,6,603
SOC-A7-2025-118,S04,-4,7,8,801
SOC-A7-2025-118,S04,-3,7,1,100
SOC-A7-2025-118,S04,-2,7,1,100
SOC-A7-2025-118,S04,-1,7,6,602
SOC-A7-2025-118,S04,0,7,1,100
SOC-A7-2025-118,S04,1,7,1,100
SOC-A7-2025-118,S04,2,7,1,100
SOC-A7-2025-118,S04,3,7,7,703
SOC-A7-2025-118,S04,4,7,7,701
SOC-A7-2025-118,S04,5,7,1,100
SOC-A7-2025-118,S04,6,7,1,100
SOC-A7-2025-118,S04,7,7,1,100
SOC-A7-2025-118,S04,8,7,2,201
SOC-A7-2025-118,S04,9,7,1,100
SOC-A7-2025-118,S04,10,7,1,100
SOC-A7-2025-118,S04,11,7,1,100
SOC-A7-2025-118,S04,12,7,1,100
SOC-A7-2025-118,S04,13,7,1,100
SOC-A7-2025-118,S04,14,7,2,201
SOC-A7-2025-118,S04,15,7,2,200
SOC-A7-2025-118,S04,16,7,1,100
SOC-A7-2025-118,S04,17,7,1,100
SOC-A7-2025-118,S04,18,7,1,100
SOC-A7-2025-118,S04,19,7,9,901
SOC-A7-2025-118,S04,20,7,1,100
SOC-A7-2025-118,S04,21,7,1,100
SOC-A7-2025-118,S04,22,7,3,303
SOC-A7-2025-118,S04,23,7,9,902
SOC-A7-2025-118,S04,-22,8,2,201
SOC-A7-2025-118,S04,-21,8,1,100
SOC-A7-2025-118,S04,-20,8,1,100
SOC-A7-2025-118,S04,-19,8,2,201
SOC-A7-2025-118,S04,-18,8,2,201
SOC-A7-2025-118,S04,-17,8,2,200
SOC-A7-2025-118,S04,-16,8,1,100
SOC-A7-2025-118,S04,-15,8,1,100
SOC-A7-2025-118,S04,-14,8,2,200
SOC-A7-2025-118,S04,-13,8,1,100
SOC-A7-2025-118,S04,-12,8,1,100
SOC-A7-2025-118,S04,-11,8,1,100
SOC-A7-2025-118,S04,-10,8,1,100
SOC-A7-2025-118,S04,-9,8,1,100
SOC-A7-2025-118,S04,-8,8,1,100
SOC-A7-2025-118,S04,-7,8,1,100
SOC-A7-2025-118,S04,-6,8,1,100
SOC-A7-2025-118,S04,-5,8,8,801
SOC-A7-2025-118,S04,-4,8,1,100
SOC-A7-2025-118,S04,-3,8,1,100
SOC-A7-2025-118,S04,-2,8,1,100
SOC-A7-2025-118,S04,-1,8,11,1101
SOC-A7-2025-118,S04,0,8,1,100
SOC-A7-2025-118,S04,1,8,1,100
SOC-A7-2025-118,S04,2,8,1,100
SOC-A7-2025-118,S04,3,8,1,100
SOC-A7-2025-118,S04,4,8,7,701
SOC-A7-2025-118,S04,5,8,7,701
SOC-A7-2025-118,S04,6,8,1,100
SOC-A7-2025-118,S04,7,8,1,100
SOC-A7-2025-118,S04,8,8,1,100
SOC-A7-2025-118,S04,9,8,1,100
SOC-A7-2025-118,S04,10,8,1,100
SOC-A7-2025-118,S04,11,8,1,100
SOC-A7-2025-118,S04,12,8,1,100
SOC-A7-2025-118,S04,13,8,1,100
SOC-A7-2025-118,S04,14,8,1,100
SOC-A7-2025-118,S04,15,8,1,100
SOC-A7-2025-118,S04,16,8,1,100
SOC-A7-2025-118,S04,17,8,1,100
SOC-A7-2025-118,S04,18,8,1,100
SOC-A7-2025-118,S04,19,8,15,1501
SOC-A7-2025-118,S04,20,8,1,100
SOC-A7-2025-118,S04,21,8,1,100
SOC-A7-2025-118,S04,22,8,3,303
SOC-A7-2025-118,S04,-22,9,1,100
SOC-A7-2025-118,S04,-21,9,12,1202
SOC-A7-2025-118,S04,-20,9,1,100
SOC-A7-2025-118,S04,-19,9,1,100
SOC-A7-2025-118,S04,-18,9,1,100
SOC-A7-2025-118,S04,-17,9,1,100
SOC-A7-2025-118,S04,-16,9,1,100
SOC-A7-2025-118,S04,-15,9,8,801
SOC-A7-2025-118,S04,-14,9,1,100
SOC-A7-2025-118,S04,-13,9,1,100
SOC-A7-2025-118,S04,-12,9,1,100
SOC-A7-2025-118,S04,-11,9,2,201
SOC-A7-2025-118,S04,-10,9,1,100
SOC-A7-2025-118,S04,-9,9,1,100
SOC-A7-2025-118,S04,-8,9,1,100
SOC-A7-2025-118,S04,-7,9,1,100
SOC-A7-2025-118,S04,-6,9,1,100
SOC-A7-2025-118,S04,-5,9,2,200
SOC-A7-2025-118,S04,-4,9,1,100
SOC-A7-2025-118,S04,-3,9,1,100
SOC-A7-2025-118,S04,-2,9,8,802
SOC-A7-2025-118,S04,-1,9,1,100
SOC-A7-2025-118,S04,0,9,1,100
SOC-A7-2025-118,S04,1,9,1,100
SOC-A7-2025-118,S04,2,9,1,100
SOC-A7-2025-118,S04,3,9,1,100
SOC-A7-2025-118,S04,4,9,1,100
SOC-A7-2025-118,S04,5,9,1,100
SOC-A7-2025-118,S04,6,9,7,703
SOC-A7-2025-118,S04,7,9,7,703
SOC-A7-2025-118,S04,8,9,1,100
SOC-A7-2025-118,S04,9,9,1,100
SOC-A7-2025-118,S04,10,9,1,100
SOC-A7-2025-118,S04,11,9,1,100
SOC-A7-2025-118,S04,12,9,1,100
SOC-A7-2025-118,S04,13,9,9,901
SOC-A7-2025-118,S04,14,9,1,100
SOC-A7-2025-118,S04,15,9,1,100
SOC-A7-2025-118,S04,16,9,9,901
SOC-A7-2025-118,S04,17,9,1,100
SOC-A7-2025-118,S04,18,9,9,902
SOC-A7-2025-118,S04,19,9,9,901
SOC-A7-2025-118,S04,20,9,9,902
SOC-A7-2025-118,S04,21,9,1,100
SOC-A7-2025-118,S04,22,9,6,601
SOC-A7-2025-118,S04,-22,10,3,302
SOC-A7-2025-118,S04,-21,10,1,100
SOC-A7-2025-118,S04,-20,10,1,100
SOC-A7-2025-118,S04,-19,10,1,100
SOC-A7-2025-118,S04,-18,10,1,100
SOC-A7-2025-118,S04,-17,10,1,100
SOC-A7-2025-118,S04,-16,10,1,100
SOC-A7-2025-118,S04,-15,10,2,200
SOC-A7-2025-118,S04,-14,10,1,100
SOC-A7-2025-118,S04,-13,10,1,100
SOC-A7-2025-118,S04,-12,10,1,100
SOC-A7-2025-118,S04,-11,10,1,100
SOC-A7-2025-118,S04,-10,10,1,100
SOC-A7-2025-118,S04,-9,10,1,100
SOC-A7-2025-118,S04,-8,10,1,100
SOC-A7-2025-118,S04,-7,10,6,601
SOC-A7-2025-118,S04,-6,10,1,100
SOC-A7-2025-118,S04,-5,10,1,100
SOC-A7-2025-118,S04,-4,10,1,100
SOC-A7-2025-118,S04,-3,10,1,100
SOC-A7-2025-118,S04,-2,10,1,100
SOC-A7-2025-118,S04,-1,10,2,200
SOC-A7-2025-118,S04,0,10,1,100
SOC-A7-2025-118,S04,1,10,1,100
SOC-A7-2025-118,S04,2,10,1,100
SOC-A7-2025-118,S04,3,10,1,100
SOC-A7-2025-118,S04,4,10,1,100
SOC-A7-2025-118,S04,5,10,1,100
SOC-A7-2025-118,S04,6,10,1,100
SOC-A7-2025-118,S04,7,10,1,100
SOC-A7-2025-118,S04,8,10,7,702
SOC-A7-2025-118,S04,9,10,7,702
SOC-A7-2025-118,S04,10,10,9,902
SOC-A7-2025-118,S04,11,10,1,100
SOC-A7-2025-118,S04,12,10,1,100
SOC-A7-2025-118,S04,13,10,1,100
SOC-A7-2025-118,S04,14,10,1,100
SOC-A7-2025-118,S04,15,10,1,100
SOC-A7-2025-118,S04,16,10,1,100
SOC-A7-2025-118,S04,17,10,9,901
SOC-A7-2025-118,S04,18,10,1,100
SOC-A7-2025-118,S04,19,10,1,100
SOC-A7-2025-118,S04,20,10,1,100
SOC-A7-2025-118,S04,21,10,3,301
SOC-A7-2025-118,S04,22,10,1,100
SOC-A7-2025-118,S04,-21,11,1,100
SOC-A7-2025-118,S04,-20,11,3,301
SOC-A7-2025-118,S04,-19,11,1,100
SOC-A7-2025-118,S04,-18,11,1,100
SOC-A7-2025-118,S04,-17,11,11,1102
SOC-A7-2025-118,S04,-16,11,1,100
SOC-A7-2025-118,S04,-15,11,1,100
SOC-A7-2025-118,S04,-14,11,1,100
SOC-A7-2025-118,S04,-13,11,1,100
SOC-A7-2025-118,S04,-12,11,1,100
SOC-A7-2025-118,S04,-11,11,1,100
SOC-A7-2025-118,S04,-10,11,1,100
SOC-A7-2025-118,S04,-9,11,1,100
SOC-A7-2025-118,S04,-8,11,2,201
SOC-A7-2025-118,S04,-7,11,2,200
SOC-A7-2025-118,S04,-6,11,2,201
SOC-A7-2025-118,S04,-5,11,1,100
SOC-A7-2025-118,S04,-4,11,1,100
SOC-A7-2025-118,S04,-3,11,1,100
SOC-A7-2025-118,S04,-2,11,1,100
SOC-A7-2025-118,S04,-1,11,1,100
SOC-A7-2025-118,S04,0,11,15,1501
SOC-A7-2025-118,S04,1,11,6,603
SOC-A7-2025-118,S04,2,11,1,100
SOC-A7-2025-118,S04,3,11,1,100
SOC-A7-2025-118,S04,4,11,1,100
SOC-A7-2025-118,S04,5,11,1,100
SOC-A7-2025-118,S04,6,11,1,100
SOC-A7-2025-118,S04,7,11,1,100
SOC-A7-2025-118,S04,8,11,1,100
SOC-A7-2025-118,S04,9,11,7,702
SOC-A7-2025-118,S04,10,11,7,703
SOC-A7-2025-118,S04,11,11,7,702
SOC-A7-2025-118,S04,12,11,1,100
SOC-A7-2025-118,S04,13,11,2,201
SOC-A7-2025-118,S04,14,11,6,602
SOC-A7-2025-118,S04,15,11,2,201
SOC-A7-2025-118,S04,16,11,1,100
SOC-A7-2025-118,S04,17,11,2,201
SOC-A7-2025-118,S04,18,11,6,603
SOC-A7-2025-118,S04,19,11,2,200
SOC-A7-2025-118,S04,20,11,9,901
SOC-A7-2025-118,S04,21,11,3,302
SOC-A7-2025-118,S04,-21,12,2,201
SOC-A7-2025-118,S04,-20,12,3,302
SOC-A7-2025-118,S04,-19,12,1,100
SOC-A7-2025-118,S04,-18,12,1,100
SOC-A7-2025-118,S04,-17,12,1,100
SOC-A7-2025-118,S04,-16,12,11,1102
SOC-A7-2025-118,S04,-15,12,6,601
SOC-A7-2025-118,S04,-14,12,1,100
SOC-A7-2025-118,S04,-13,12,2,201
SOC-A7-2025-118,S04,-12,12,2,200
SOC-A7-2025-118,S04,-11,12,1,100
SOC-A7-2025-118,S04,-10,12,1,100
SOC-A7-2025-118,S04,-9,12,6,602
SOC-A7-2025-118,S04,-8,12,1,100
SOC-A7-2025-118,S04,-7,12,1,100
SOC-A7-2025-118,S04,-6,12,1,100
SOC-A7-2025-118,S04,-5,12,1,100
SOC-A7-2025-118,S04,-4,12,1,100
SOC-A7-2025-118,S04,-3,12,1,100
SOC-A7-2025-118,S04,-2,12,1,100
SOC-A7-2025-118,S04,-1,12,1,100
SOC-A7-2025-118,S04,0,12,1,100
SOC-A7-2025-118,S04,1,12,1,100
SOC-A7-2025-118,S04,2,12,1,100
SOC-A7-2025-118,S04,3,12,1,100
SOC-A7-2025-118,S04,4,12,6,602
SOC-A7-2025-118,S04,5,12,1,100
SOC-A7-2025-118,S04,6,12,1,100
SOC-A7-2025-118,S04,7,12,1,100
SOC-A7-2025-118,S04,8,12,1,100
SOC-A7-2025-118,S04,9,12,1,100
SOC-A7-2025-118,S04,10,12,1,100
SOC-A7-2025-118,S04,11,12,7,702
SOC-A7-2025-118,S04,12,12,7,703
SOC-A7-2025-118,S04,13,12,1,100
SOC-A7-2025-118,S04,14,12,1,100
SOC-A7-2025-118,S04,15,12,1,100
SOC-A7-2025-118,S04,16,12,1,100
SOC-A7-2025-118,S04,17,12,1,100
SOC-A7-2025-118,S04,18,12,1,100
SOC-A7-2025-118,S04,19,12,9,901
SOC-A7-2025-118,S04,20,12,9,902
SOC-A7-2025-118,S04,21,12,1,100
SOC-A7-2025-118,S04,-20,13,1,100
SOC-A7-2025-118,S04,-19,13,1,100
SOC-A7-2025-118,S04,-18,13,1,100
SOC-A7-2025-118,S04,-17,13,1,100
SOC-A7-2025-118,S04,-16,13,1,100
SOC-A7-2025-118,S04,-15,13,1,100
SOC-A7-2025-118,S04,-14,13,1,100
SOC-A7-2025-118,S04,-13,13,1,100
SOC-A7-2025-118,S04,-12,13,1,100
SOC-A7-2025-118,S04,-11,13,8,802
SOC-A7-2025-118,S04,-10,13,1,100
SOC-A7-2025-118,S04,-9,13,1,100
SOC-A7-2025-118,S04,-8,13,1,100
SOC-A7-2025-118,S04,-7,13,1,100
SOC-A7-2025-118,S04,-6,13,1,100
SOC-A7-2025-118,S04,-5,13,1,100
SOC-A7-2025-118,S04,-4,13,1,100
SOC-A7-2025-118,S04,-3,13,1,100
SOC-A7-2025-118,S04,-2,13,8,801
SOC-A7-2025-118,S04,-1,13,1,100
SOC-A7-2025-118,S04,0,13,1,100
SOC-A7-2025-118,S04,1,13,1,100
SOC-A7-2025-118,S04,2,13,1,100
SOC-A7-2025-118,S04,3,13,1,100
SOC-A7-2025-118,S04,4,13,9,901
SOC-A7-2025-118,S04,5,13,9,901
SOC-A7-2025-118,S04,6,13,1,100
SOC-A7-2025-118,S04,7,13,1,100
SOC-A7-2025-118,S04,8,13,1,100
SOC-A7-2025-118,S04,9,13,1,100
SOC-A7-2025-118,S04,10,13,1,100
SOC-A7-2025-118,S04,11,13,2,201
SOC-A7-2025-118,S04,12,13,9,902
SOC-A7-2025-118,S04,13,13,7,701
SOC-A7-2025-118,S04,14,13,1,100
SOC-A7-2025-118,S04,15,13,1,100
SOC-A7-2025-118,S04,16,13,1,100
SOC-A7-2025-118,S04,17,13,9,901
SOC-A7-2025-118,S04,18,13,9,901
SOC-A7-2025-118,S04,19,13,1,100
SOC-A7-2025-118,S04,20,13,1,100
SOC-A7-2025-118,S04,-19,14,1,100
SOC-A7-2025-118,S04,-18,14,6,601
SOC-A7-2025-118,S04,-17,14,1,100
SOC-A7-2025-118,S04,-16,14,1,100
SOC-A7-2025-118,S04,-15,14,1,100
SOC-A7-2025-118,S04,-14,14,1,100
SOC-A7-2025-118,S04,-13,14,1,100
SOC-A7-2025-118,S04,-12,14,1,100
SOC-A7-2025-118,S04,-11,14,1,100
SOC-A7-2025-118,S04,-10,14,1,100
SOC-A7-2025-118,S04,-9,14,2,201
SOC-A7-2025-118,S04,-8,14,1,100
SOC-A7-2025-118,S04,-7,14,1,100
SOC-A7-2025-118,S04,-6,14,1,100
SOC-A7-2025-118,S04,-5,14,1,100
SOC-A7-2025-118,S04,-4,14,1,100
SOC-A7-2025-118,S04,-3,14,1,100
SOC-A7-2025-118,S04,-2,14,1,100
SOC-A7-2025-118,S04,-1,14,15,1501
SOC-A7-2025-118,S04,0,14,2,200
SOC-A7-2025-118,S04,1,14,1,100
SOC-A7-2025-118,S04,2,14,1,100
SOC-A7-2025-118,S04,3,14,9,902
SOC-A7-2025-118,S04,4,14,2,201
SOC-A7-2025-118,S04,5,14,1,100
SOC-A7-2025-118,S04,6,14,2,201
SOC-A7-2025-118,S04,7,14,1,100
SOC-A7-2025-118,S04,8,14,9,902
SOC-A7-2025-118,S04,9,14,1,100
SOC-A7-2025-118,S04,10,14,2,200
SOC-A7-2025-118,S04,11,14,1,100
SOC-A7-2025-118,S04,12,14,1,100
SOC-A7-2025-118,S04,13,14,1,100
SOC-A7-2025-118,S04,14,14,9,902
SOC-A7-2025-118,S04,15,14,9,902
SOC-A7-2025-118,S04,16,14,1,100
SOC-A7-2025-118,S04,17,14,1,100
SOC-A7-2025-118,S04,18,14,1,100
SOC-A7-2025-118,S04,19,14,3,301
SOC-A7-2025-118,S04,-19,15,1,100
SOC-A7-2025-118,S04,-18,15,2,200
SOC-A7-2025-118,S04,-17,15,3,301
SOC-A7-2025-118,S04,-16,15,1,100
SOC-A7-2025-118,S04,-15,15,1,100
SOC-A7-2025-118,S04,-14,15,12,1202
SOC-A7-2025-118,S04,-13,15,1,100
SOC-A7-2025-118,S04,-12,15,1,100
SOC-A7-2025-118,S04,-11,15,1,100
SOC-A7-2025-118,S04,-10,15,1,100
SOC-A7-2025-118,S04,-9,15,1,100
SOC-A7-2025-118,S04,-8,15,2,201
SOC-A7-2025-118,S04,-7,15,1,100
SOC-A7-2025-118,S04,-6,15,1,100
SOC-A7-2025-118,S04,-5,15,1,100
SOC-A7-2025-118,S04,-4,15,1,100
SOC-A7-2025-118,S04,-3,15,1,100
SOC-A7-2025-118,S04,-2,15,1,100
SOC-A7-2025-118,S04,-1,15,1,100
SOC-A7-2025-118,S04,0,15,1,100
SOC-A7-2025-118,S04,1,15,6,603
SOC-A7-2025-118,S04,2,15,1,100
SOC-A7-2025-118,S04,3,15,2,200
SOC-A7-2025-118,S04,4,15,9,901
SOC-A7-2025-118,S04,5,15,1,100
SOC-A7-2025-118,S04,6,15,1,100
SOC-A7-2025-118,S04,7,15,1,100
SOC-A7-2025-118,S04,8,15,1,100
SOC-A7-2025-118,S04,9,15,1,100
SOC-A7-2025-118,S04,10,15,1,100
SOC-A7-2025-118,S04,11,15,1,100
SOC-A7-2025-118,S04,12,15,1,100
SOC-A7-2025-118,S04,13,15,9,901
SOC-A7-2025-118,S04,14,15,9,901
SOC-A7-2025-118,S04,15,15,1,100
SOC-A7-2025-118,S04,16,15,15,1502
SOC-A7-2025-118,S04,17,15,1,100
SOC-A7-2025-118,S04,18,15,1,100
SOC-A7-2025-118,S04,19,15,1,100
SOC-A7-2025-118,S04,-18,16,1,100
SOC-A7-2025-118,S04,-17,16,1,100
SOC-A7-2025-118,S04,-16,16,1,100
SOC-A7-2025-118,S04,-15,16,1,100
SOC-A7-2025-118,S04,-14,16,1,100
SOC-A7-2025-118,S04,-13,16,2,200
SOC-A7-2025-118,S04,-12,16,1,100
SOC-A7-2025-118,S04,-11,16,1,100
SOC-A7-2025-118,S04,-10,16,2,201
SOC-A7-2025-118,S04,-9,16,1,100
SOC-A7-2025-118,S04,-8,16,1,100
SOC-A7-2025-118,S04,-7,16,1,100
SOC-A7-2025-118,S04,-6,16,1,100
SOC-A7-2025-118,S04,-5,16,1,100
SOC-A7-2025-118,S04,-4,16,1,100
SOC-A7-2025-118,S04,-3,16,2,201
SOC-A7-2025-118,S04,-2,16,1,100
SOC-A7-2025-118,S04,-1,16,15,1502
SOC-A7-2025-118,S04,0,16,1,100
SOC-A7-2025-118,S04,1,16,1,100
SOC-A7-2025-118,S04,2,16,1,100
SOC-A7-2025-118,S04,3,16,9,901
SOC-A7-2025-118,S04,4,16,1,100
SOC-A7-2025-118,S04,5,16,1,100
SOC-A7-2025-118,S04,6,16,6,602
SOC-A7-2025-118,S04,7,16,1,100
SOC-A7-2025-118,S04,8,16,2,201
SOC-A7-2025-118,S04,9,16,9,901
SOC-A7-2025-118,S04,10,16,1,100
SOC-A7-2025-118,S04,11,16,1,100
SOC-A7-2025-118,S04,12,16,1,100
SOC-A7-2025-118,S04,13,16,1,100
SOC-A7-2025-118,S04,14,16,1,100
SOC-A7-2025-118,S04,15,16,1,100
SOC-A7-2025-118,S04,16,16,3,303
SOC-A7-2025-118,S04,17,16,9,901
SOC-A7-2025-118,S04,18,16,9,902
SOC-A7-2025-118,S04,-17,17,1,100
SOC-A7-2025-118,S04,-16,17,1,100
SOC-A7-2025-118,S04,-15,17,3,301
SOC-A7-2025-118,S04,-14,17,1,100
SOC-A7-2025-118,S04,-13,17,1,100
SOC-A7-2025-118,S04,-12,17,1,100
SOC-A7-2025-118,S04,-11,17,1,100
SOC-A7-2025-118,S04,-10,17,1,100
SOC-A7-2025-118,S04,-9,17,1,100
SOC-A7-2025-118,S04,-8,17,6,603
SOC-A7-2025-118,S04,-7,17,6,603
SOC-A7-2025-118,S04,-6,17,1,100
SOC-A7-2025-118,S04,-5,17,8,802
SOC-A7-2025-118,S04,-4,17,1,100
SOC-A7-2025-118,S04,-3,17,1,100
SOC-A7-2025-118,S04,-2,17,2,201
SOC-A7-2025-118,S04,-1,17,9,901
SOC-A7-2025-118,S04,0,17,9,902
SOC-A7-2025-118,S04,1,17,1,100
SOC-A7-2025-118,S04,2,17,1,100
SOC-A7-2025-118,S04,3,17,1,100
SOC-A7-2025-118,S04,4,17,9,901
SOC-A7-2025-118,S04,5,17,1,100
SOC-A7-2025-118,S04,6,17,1,100
SOC-A7-2025-118,S04,7,17,1,100
SOC-A7-2025-118,S04,8,17,2,200
SOC-A7-2025-118,S04,9,17,1,100
SOC-A7-2025-118,S04,10,17,1,100
SOC-A7-2025-118,S04,11,17,9,902
SOC-A7-2025-118,S04,12,17,9,901
SOC-A7-2025-118,S04,13,17,9,902
SOC-A7-2025-118,S04,14,17,9,902
SOC-A7-2025-118,S04,15,17,1,100
SOC-A7-2025-118,S04,16,17,1,100
SOC-A7-2025-118,S04,17,17,9,901
SOC-A7-2025-118,S04,-16,18,6,602
SOC-A7-2025-118,S04,-15,18,1,100
SOC-A7-2025-118,S04,-14,18,1,100
SOC-A7-2025-118,S04,-13,18,1,100
SOC-A7-2025-118,S04,-12,18,1,100
SOC-A7-2025-118,S04,-11,18,1,100
SOC-A7-2025-118,S04,-10,18,6,602
SOC-A7-2025-118,S04,-9,18,1,100
SOC-A7-2025-118,S04,-8,18,1,100
SOC-A7-2025-118,S04,-7,18,1,100
SOC-A7-2025-118,S04,-6,18,1,100
SOC-A7-2025-118,S04,-5,18,1,100
SOC-A7-2025-118,S04,-4,18,1,100
SOC-A7-2025-118,S04,-3,18,1,100
SOC-A7-2025-118,S04,-2,18,1,100
SOC-A7-2025-118,S04,-1,18,1,100
SOC-A7-2025-118,S04,0,18,9,901
SOC-A7-2025-118,S04,1,18,9,901
SOC-A7-2025-118,S04,2,18,1,100
SOC-A7-2025-118,S04,3,18,1,100
SOC-A7-2025-118,S04,4,18,1,100
SOC-A7-2025-118,S04,5,18,9,902
SOC-A7-2025-118,S04,6,18,1,100
SOC-A7-2025-118,S04,7,18,1,100
SOC-A7-2025-118,S04,8,18,9,901
SOC-A7-2025-118,S04,9,18,1,100
SOC-A7-2025-118,S04,10,18,1,100
SOC-A7-2025-118,S04,11,18,1,100
SOC-A7-2025-118,S04,12,18,1,100
SOC-A7-2025-118,S04,13,18,1,100
SOC-A7-2025-118,S04,14,18,9,902
SOC-A7-2025-118,S04,15,18,1,100
SOC-A7-2025-118,S04,16,18,1,100
SOC-A7-2025-118,S04,-15,19,1,100
SOC-A7-2025-118,S04,-14,19,1,100
SOC-A7-2025-118,S04,-13,19,3,302
SOC-A7-2025-118,S04,-12,19,12,1201
SOC-A7-2025-118,S04,-11,19,1,100
SOC-A7-2025-118,S04,-10,19,1,100
SOC-A7-2025-118,S04,-9,19,1,100
SOC-A7-2025-118,S04,-8,19,12,1202
SOC-A7-2025-118,S04,-7,19,2,200
SOC-A7-2025-118,S04,-6,19,2,200
SOC-A7-2025-118,S04,-5,19,2,200
SOC-A7-2025-118,S04,-4,19,1,100
SOC-A7-2025-118,S04,-3,19,15,1501
SOC-A7-2025-118,S04,-2,19,1,100
SOC-A7-2025-118,S04,-1,19,1,100
SOC-A7-2025-118,S04,0,19,9,902
SOC-A7-2025-118,S04,1,19,1,100
SOC-A7-2025-118,S04,2,19,9,902
SOC-A7-2025-118,S04,3,19,9,902
SOC-A7-2025-118,S04,4,19,1,100
SOC-A7-2025-118,S04,5,19,2,201
SOC-A7-2025-118,S04,6,19,1,100
SOC-A7-2025-118,S04,7,19,9,902
SOC-A7-2025-118,S04,8,19,1,100
SOC-A7-2025-118,S04,9,19,9,901
SOC-A7-2025-118,S04,10,19,1,100
SOC-A7-2025-118,S04,11,19,2,200
SOC-A7-2025-118,S04,12,19,1,100
SOC-A7-2025-118,S04,13,19,12,1202
SOC-A7-2025-118,S04,14,19,3,303
SOC-A7-2025-118,S04,15,19,1,100
SOC-A7-2025-118,S04,-13,20,1,100
SOC-A7-2025-118,S04,-12,20,3,303
SOC-A7-2025-118,S04,-11,20,8,802
SOC-A7-2025-118,S04,-10,20,2,201
SOC-A7-2025-118,S04,-9,20,1,100
SOC-A7-2025-118,S04,-8,20,1,100
SOC-A7-2025-118,S04,-7,20,1,100
SOC-A7-2025-118,S04,-6,20,1,100
SOC-A7-2025-118,S04,-5,20,12,1202
SOC-A7-2025-118,S04,-4,20,1,100
SOC-A7-2025-118,S04,-3,20,1,100
SOC-A7-2025-118,S04,-2,20,1,100
SOC-A7-2025-118,S04,-1,20,1,100
SOC-A7-2025-118,S04,0,20,1,100
SOC-A7-2025-118,S04,1,20,1,100
SOC-A7-2025-118,S04,2,20,2,201
SOC-A7-2025-118,S04,3,20,1,100
SOC-A7-2025-118,S04,4,20,1,100
SOC-A7-2025-118,S04,5,20,9,901
SOC-A7-2025-118,S04,6,20,9,902
SOC-A7-2025-118,S04,7,20,2,201
SOC-A7-2025-118,S04,8,20,1,100
SOC-A7-2025-118,S04,9,20,1,100
SOC-A7-2025-118,S04,10,20,1,100
SOC-A7-2025-118,S04,11,20,12,1201
SOC-A7-2025-118,S04,12,20,3,303
SOC-A7-2025-118,S04,13,20,3,303
SOC-A7-2025-118,S04,-12,21,1,100
SOC-A7-2025-118,S04,-11,21,3,302
SOC-A7-2025-118,S04,-10,21,1,100
SOC-A7-2025-118,S04,-9,21,1,100
SOC-A7-2025-118,S04,-8,21,1,100
SOC-A7-2025-118,S04,-7,21,1,100
SOC-A7-2025-118,S04,-6,21,1,100
SOC-A7-2025-118,S04,-5,21,1,100
SOC-A7-2025-118,S04,-4,21,1,100
SOC-A7-2025-118,S04,-3,21,1,100
SOC-A7-2025-118,S04,-2,21,1,100
SOC-A7-2025-118,S04,-1,21,1,100
SOC-A7-2025-118,S04,0,21,15,1501
SOC-A7-2025-118,S04,1,21,9,901
SOC-A7-2025-118,S04,2,21,1,100
SOC-A7-2025-118,S04,3,21,1,100
SOC-A7-2025-118,S04,4,21,1,100
SOC-A7-2025-118,S04,5,21,1,100
SOC-A7-2025-118,S04,6,21,1,100
SOC-A7-2025-118,S04,7,21,1,100
SOC-A7-2025-118,S04,8,21,1,100
SOC-A7-2025-118,S04,9,21,1,100
SOC-A7-2025-118,S04,10,21,2,200
SOC-A7-2025-118,S04,11,21,3,302
SOC-A7-2025-118,S04,12,21,3,303
SOC-A7-2025-118,S04,-10,22,8,801
SOC-A7-2025-118,S04,-9,22,1,100
SOC-A7-2025-118,S04,-8,22,3,302
SOC-A7-2025-118,S04,-7,22,1,100
SOC-A7-2025-118,S04,-6,22,1,100
SOC-A7-2025-118,S04,-5,22,3,301
SOC-A7-2025-118,S04,-4,22,1,100
SOC-A7-2025-118,S04,-3,22,1,100
SOC-A7-2025-118,S04,-2,22,1,100
SOC-A7-2025-118,S04,-1,22,12,1201
SOC-A7-2025-118,S04,0,22,1,100
SOC-A7-2025-118,S04,1,22,1,100
SOC-A7-2025-118,S04,2,22,1,100
SOC-A7-2025-118,S04,3,22,12,1202
SOC-A7-2025-118,S04,4,22,1,100
SOC-A7-2025-118,S04,5,22,1,100
SOC-A7-2025-118,S04,6,22,9,901
SOC-A7-2025-118,S04,7,22,9,902
SOC-A7-2025-118,S04,8,22,9,902
SOC-A7-2025-118,S04,9,22,1,100
SOC-A7-2025-118,S04,10,22,9,901
SOC-A7-2025-118,S04,-7,23,1,100
SOC-A7-2025-118,S04,-6,23,9,901
SOC-A7-2025-118,S04,-5,23,3,301
SOC-A7-2025-118,S04,-4,23,3,302
SOC-A7-2025-118,S04,-3,23,9,902
SOC-A7-2025-118,S04,-2,23,1,100
SOC-A7-2025-118,S04,-1,23,1,100
SOC-A7-2025-118,S04,0,23,1,100
SOC-A7-2025-118,S04,1,23,1,100
SOC-A7-2025-118,S04,2,23,3,303
SOC-A7-2025-118,S04,3,23,1,100
SOC-A7-2025-118,S04,4,23,3,303
SOC-A7-2025-118,S04,5,23,3,301
SOC-A7-2025-118,S04,6,23,1,100
SOC-A7-2025-118,S04,7,23,1,100
SOC-A7-2025-118,S04,-3,24,3,303
SOC-A7-2025-118,S04,-2,24,3,303
SOC-A7-2025-118,S04,-1,24,9,902
SOC-A7-2025-118,S04,0,24,1,100
SOC-A7-2025-118,S04,1,24,1,100
SOC-A7-2025-118,S04,2,24,2,200
SOC-A7-2025-118,S04,3,24,3,303
