LID,WID,COL,ROW,H_BIN,S_BIN
MEM-2025-LOT7,M01,-4,-48,2,22
MEM-2025-LOT7,M01,-3,-48,1,10
MEM-2025-LOT7,M01,-2,-48,2,21
MEM-2025-LOT7,M01,-1,-48,2,20
MEM-2025-LOT7,M01,0,-48,2,21
MEM-2025-LOT7,M01,1,-48,1,10
MEM-2025-LOT7,M01,2,-48,1,10
MEM-2025-LOT7,M01,3,-48,2,20
MEM-2025-LOT7,M01,4,-48,2,22
MEM-2025-LOT7,M01,-7,-47,1,10
MEM-2025-LOT7,M01,-6,-47,1,10
MEM-2025-LOT7,M01,-5,-47,1,10
MEM-2025-LOT7,M01,-4,-47,1,10
MEM-2025-LOT7,M01,-3,-47,2,20
MEM-2025-LOT7,M01,-2,-47,4,30
MEM-2025-LOT7,M01,-1,-47,2,22
MEM-2025-LOT7,M01,0,-47,1,10
MEM-2025-LOT7,M01,1,-47,1,10
MEM-2025-LOT7,M01,2,-47,2,22
MEM-2025-LOT7,M01,3,-47,2,20
MEM-2025-LOT7,M01,4,-47,1,10
MEM-2025-LOT7,M01,5,-47,1,10
MEM-2025-LOT7,M01,6,-47,1,10
MEM-2025-LOT7,M01,7,-47,1,10
MEM-2025-LOT7,M01,-10,-46,1,10
MEM-2025-LOT7,M01,-9,-46,1,10
MEM-2025-LOT7,M01,-8,-46,4,30
MEM-2025-LOT7,M01,-7,-46,1,10
MEM-2025-LOT7,M01,-6,-46,1,10
MEM-2025-LOT7,M01,-5,-46,3,20
MEM-2025-LOT7,M01,-4,-46,3,31
MEM-2025-LOT7,M01,-3,-46,1,10
MEM-2025-LOT7,M01,-2,-46,1,10
MEM-2025-LOT7,M01,-1,-46,2,22
MEM-2025-LOT7,M01,0,-46,4,21
MEM-2025-LOT7,M01,1,-46,1,10
MEM-2025-LOT7,M01,2,-46,1,10
MEM-2025-LOT7,M01,3,-46,1,10
MEM-2025-LOT7,M01,4,-46,1,10
MEM-2025-LOT7,M01,5,-46,2,20
MEM-2025-LOT7,M01,6,-46,1,10
MEM-2025-LOT7,M01,7,-46,1,10
MEM-2025-LOT7,M01,8,-46,2,30
MEM-2025-LOT7,M01,9,-46,1,10
MEM-2025-LOT7,M01,10,-46,1,10
MEM-2025-LOT7,M01,-12,-45,1,10
MEM-2025-LOT7,M01,-11,-45,4,22
MEM-2025-LOT7,M01,-10,-45,1,10
MEM-2025-LOT7,M01,-9,-45,1,10
MEM-2025-LOT7,M01,-8,-45,1,10
MEM-2025-LOT7,M01,-7,-45,2,22
MEM-2025-LOT7,M01,-6,-45,1,10
MEM-2025-LOT7,M01,-5,-45,1,10
MEM-2025-LOT7,M01,-4,-45,3,20
MEM-2025-LOT7,M01,-3,-45,1,10
MEM-2025-LOT7,M01,-2,-45,4,21
MEM-2025-LOT7,M01,-1,-45,2,22
MEM-2025-LOT7,M01,0,-45,1,10
MEM-2025-LOT7,M01,1,-45,1,10
MEM-2025-LOT7,M01,2,-45,1,10
MEM-2025-LOT7,M01,3,-45,2,31
MEM-2025-LOT7,M01,4,-45,1,10
MEM-2025-LOT7,M01,5,-45,1,10
MEM-2025-LOT7,M01,6,-45,1,10
MEM-2025-LOT7,M01,7,-45,1,10
MEM-2025-LOT7,M01,8,-45,1,10
MEM-2025-LOT7,M01,9,-45,1,10
MEM-2025-LOT7,M01,10,-45,1,10
MEM-2025-LOT7,M01,11,-45,4,22
MEM-2025-LOT7,M01,12,-45,4,31
MEM-2025-LOT7,M01,-13,-44,3,30
MEM-2025-LOT7,M01,-12,-44,1,10
MEM-2025-LOT7,M01,-11,-44,1,10
MEM-2025-LOT7,M01,-10,-44,1,10
MEM-2025-LOT7,M01,-9,-44,2,31
MEM-2025-LOT7,M01,-8,-44,1,10
MEM-2025-LOT7,M01,-7,-44,1,10
MEM-2025-LOT7,M01,-6,-44,2,30
MEM-2025-LOT7,M01,-5,-44,1,10
MEM-2025-LOT7,M01,-4,-44,1,10
MEM-2025-LOT7,M01,-3,-44,2,22
MEM-2025-LOT7,M01,-2,-44,1,10
MEM-2025-LOT7,M01,-1,-44,3,21
MEM-2025-LOT7,M01,0,-44,1,10
MEM-2025-LOT7,M01,1,-44,1,10
MEM-2025-LOT7,M01,2,-44,2,20
MEM-2025-LOT7,M01,3,-44,1,10
MEM-2025-LOT7,M01,4,-44,3,22
MEM-2025-LOT7,M01,5,-44,1,10
MEM-2025-LOT7,M01,6,-44,4,22
MEM-2025-LOT7,M01,7,-44,1,10
MEM-2025-LOT7,M01,8,-44,2,20
MEM-2025-LOT7,M01,9,-44,1,10
MEM-2025-LOT7,M01,10,-44,1,10
MEM-2025-LOT7,M01,11,-44,1,10
MEM-2025-LOT7,M01,12,-44,4,31
MEM-2025-LOT7,M01,13,-44,1,10
MEM-2025-LOT7,M01,-14,-43,3,22
MEM-2025-LOT7,M01,-13,-43,2,21
MEM-2025-LOT7,M01,-12,-43,2,30
MEM-2025-LOT7,M01,-11,-43,1,10
MEM-2025-LOT7,M01,-10,-43,3,22
MEM-2025-LOT7,M01,-9,-43,1,10
MEM-2025-LOT7,M01,-8,-43,1,10
MEM-2025-LOT7,M01,-7,-43,3,30
MEM-2025-LOT7,M01,-6,-43,3,31
MEM-2025-LOT7,M01,-5,-43,2,20
MEM-2025-LOT7,M01,-4,-43,1,10
MEM-2025-LOT7,M01,-3,-43,1,10
MEM-2025-LOT7,M01,-2,-43,1,10
MEM-2025-LOT7,M01,-1,-43,1,10
MEM-2025-LOT7,M01,0,-43,1,10
MEM-2025-LOT7,M01,1,-43,1,10
MEM-2025-LOT7,M01,2,-43,1,10
MEM-2025-LOT7,M01,3,-43,1,10
MEM-2025-LOT7,M01,4,-43,1,10
MEM-2025-LOT7,M01,5,-43,1,10
MEM-2025-LOT7,M01,6,-43,1,10
MEM-2025-LOT7,M01,7,-43,1,10
MEM-2025-LOT7,M01,8,-43,4,30
MEM-2025-LOT7,M01,9,-43,2,30
MEM-2025-LOT7,M01,10,-43,1,10
MEM-2025-LOT7,M01,11,-43,1,10
MEM-2025-LOT7,M01,12,-43,3,21
MEM-2025-LOT7,M01,13,-43,4,30
MEM-2025-LOT7,M01,14,-43,2,31
MEM-2025-LOT7,M01,-16,-42,1,10
MEM-2025-LOT7,M01,-15,-42,1,10
MEM-2025-LOT7,M01,-14,-42,1,10
MEM-2025-LOT7,M01,-13,-42,3,31
MEM-2025-LOT7,M01,-12,-42,1,10
MEM-2025-LOT7,M01,-11,-42,2,31
MEM-2025-LOT7,M01,-10,-42,1,10
MEM-2025-LOT7,M01,-9,-42,1,10
MEM-2025-LOT7,M01,-8,-42,3,20
MEM-2025-LOT7,M01,-7,-42,2,31
MEM-2025-LOT7,M01,-6,-42,1,10
MEM-2025-LOT7,M01,-5,-42,1,10
MEM-2025-LOT7,M01,-4,-42,2,22
MEM-2025-LOT7,M01,-3,-42,2,21
MEM-2025-LOT7,M01,-2,-42,4,22
MEM-2025-LOT7,M01,-1,-42,1,10
MEM-2025-LOT7,M01,0,-42,4,22
MEM-2025-LOT7,M01,1,-42,1,10
MEM-2025-LOT7,M01,2,-42,2,20
MEM-2025-LOT7,M01,3,-42,3,22
MEM-2025-LOT7,M01,4,-42,2,21
MEM-2025-LOT7,M01,5,-42,1,10
MEM-2025-LOT7,M01,6,-42,1,10
MEM-2025-LOT7,M01,7,-42,2,22
MEM-2025-LOT7,M01,8,-42,1,10
MEM-2025-LOT7,M01,9,-42,2,22
MEM-2025-LOT7,M01,10,-42,4,21
MEM-2025-LOT7,M01,11,-42,2,30
MEM-2025-LOT7,M01,12,-42,2,31
MEM-2025-LOT7,M01,13,-42,1,10
MEM-2025-LOT7,M01,14,-42,1,10
MEM-2025-LOT7,M01,15,-42,3,22
MEM-2025-LOT7,M01,16,-42,3,20
MEM-2025-LOT7,M01,-17,-41,1,10
MEM-2025-LOT7,M01,-16,-41,1,10
MEM-2025-LOT7,M01,-15,-41,1,10
MEM-2025-LOT7,M01,-14,-41,1,10
MEM-2025-LOT7,M01,-13,-41,2,20
MEM-2025-LOT7,M01,-12,-41,1,10
MEM-2025-LOT7,M01,-11,-41,2,21
MEM-2025-LOT7,M01,-10,-41,2,30
MEM-2025-LOT7,M01,-9,-41,4,22
MEM-2025-LOT7,M01,-8,-41,2,21
MEM-2025-LOT7,M01,-7,-41,1,10
MEM-2025-LOT7,M01,-6,-41,1,10
MEM-2025-LOT7,M01,-5,-41,4,21
MEM-2025-LOT7,M01,-4,-41,1,10
MEM-2025-LOT7,M01,-3,-41,1,10
MEM-2025-LOT7,M01,-2,-41,2,21
MEM-2025-LOT7,M01,-1,-41,1,10
MEM-2025-LOT7,M01,0,-41,1,10
MEM-2025-LOT7,M01,1,-41,1,10
MEM-2025-LOT7,M01,2,-41,1,10
MEM-2025-LOT7,M01,3,-41,1,10
MEM-2025-LOT7,M01,4,-41,2,21
MEM-2025-LOT7,M01,5,-41,1,10
MEM-2025-LOT7,M01,6,-41,1,10
MEM-2025-LOT7,M01,7,-41,1,10
MEM-2025-LOT7,M01,8,-41,1,10
MEM-2025-LOT7,M01,9,-41,1,10
MEM-2025-LOT7,M01,10,-41,2,31
MEM-2025-LOT7,M01,11,-41,2,31
MEM-2025-LOT7,M01,12,-41,2,20
MEM-2025-LOT7,M01,13,-41,1,10
MEM-2025-LOT7,M01,14,-41,1,10
MEM-2025-LOT7,M01,15,-41,2,31
MEM-2025-LOT7,M01,16,-41,2,30
MEM-2025-LOT7,M01,17,-41,4,31
MEM-2025-LOT7,M01,-18,-40,1,10
MEM-2025-LOT7,M01,-17,-40,3,30
MEM-2025-LOT7,M01,-16,-40,2,31
MEM-2025-LOT7,M01,-15,-40,1,10
MEM-2025-LOT7,M01,-14,-40,2,22
MEM-2025-LOT7,M01,-13,-40,1,10
MEM-2025-LOT7,M01,-12,-40,1,10
MEM-2025-LOT7,M01,-11,-40,2,22
MEM-2025-LOT7,M01,-10,-40,4,22
MEM-2025-LOT7,M01,-9,-40,2,21
MEM-2025-LOT7,M01,-8,-40,2,20
MEM-2025-LOT7,M01,-7,-40,1,10
MEM-2025-LOT7,M01,-6,-40,1,10
MEM-2025-LOT7,M01,-5,-40,1,10
MEM-2025-LOT7,M01,-4,-40,1,10
MEM-2025-LOT7,M01,-3,-40,1,10
MEM-2025-LOT7,M01,-2,-40,1,10
MEM-2025-LOT7,M01,-1,-40,1,10
MEM-2025-LOT7,M01,0,-40,1,10
MEM-2025-LOT7,M01,1,-40,1,10
MEM-2025-LOT7,M01,2,-40,1,10
MEM-2025-LOT7,M01,3,-40,1,10
MEM-2025-LOT7,M01,4,-40,1,10
MEM-2025-LOT7,M01,5,-40,1,10
MEM-2025-LOT7,M01,6,-40,1,10
MEM-2025-LOT7,M01,7,-40,3,21
MEM-2025-LOT7,M01,8,-40,1,10
MEM-2025-LOT7,M01,9,-40,3,20
MEM-2025-LOT7,M01,10,-40,1,10
MEM-2025-LOT7,M01,11,-40,1,10
MEM-2025-LOT7,M01,12,-40,4,21
MEM-2025-LOT7,M01,13,-40,1,10
MEM-2025-LOT7,M01,14,-40,1,10
MEM-2025-LOT7,M01,15,-40,4,22
MEM-2025-LOT7,M01,16,-40,2,21
MEM-2025-LOT7,M01,17,-40,2,31
MEM-2025-LOT7,M01,18,-40,3,20
MEM-2025-LOT7,M01,-19,-39,3,21
MEM-2025-LOT7,M01,-18,-39,1,10
MEM-2025-LOT7,M01,-17,-39,1,10
MEM-2025-LOT7,M01,-16,-39,1,10
MEM-2025-LOT7,M01,-15,-39,2,21
MEM-2025-LOT7,M01,-14,-39,1,10
MEM-2025-LOT7,M01,-13,-39,1,10
MEM-2025-LOT7,M01,-12,-39,2,21
MEM-2025-LOT7,M01,-11,-39,3,20
MEM-2025-LOT7,M01,-10,-39,2,20
MEM-2025-LOT7,M01,-9,-39,2,21
MEM-2025-LOT7,M01,-8,-39,1,10
MEM-2025-LOT7,M01,-7,-39,1,10
MEM-2025-LOT7,M01,-6,-39,1,10
MEM-2025-LOT7,M01,-5,-39,1,10
MEM-2025-LOT7,M01,-4,-39,1,10
MEM-2025-LOT7,M01,-3,-39,1,10
MEM-2025-LOT7,M01,-2,-39,1,10
MEM-2025-LOT7,M01,-1,-39,1,10
MEM-2025-LOT7,M01,0,-39,1,10
MEM-2025-LOT7,M01,1,-39,1,10
MEM-2025-LOT7,M01,2,-39,1,10
MEM-2025-LOT7,M01,3,-39,1,10
MEM-2025-LOT7,M01,4,-39,1,10
MEM-2025-LOT7,M01,5,-39,1,10
MEM-2025-LOT7,M01,6,-39,1,10
MEM-2025-LOT7,M01,7,-39,1,10
MEM-2025-LOT7,M01,8,-39,1,10
MEM-2025-LOT7,M01,9,-39,1,10
MEM-2025-LOT7,M01,10,-39,1,10
MEM-2025-LOT7,M01,11,-39,2,21
MEM-2025-LOT7,M01,12,-39,4,22
MEM-2025-LOT7,M01,13,-39,3,21
MEM-2025-LOT7,M01,14,-39,1,10
MEM-2025-LOT7,M01,15,-39,1,10
MEM-2025-LOT7,M01,16,-39,4,31
MEM-2025-LOT7,M01,17,-39,2,22
MEM-2025-LOT7,M01,18,-39,1,10
MEM-2025-LOT7,M01,19,-39,2,21
MEM-2025-LOT7,M01,-20,-38,2,30
MEM-2025-LOT7,M01,-19,-38,1,10
MEM-2025-LOT7,M01,-18,-38,1,10
MEM-2025-LOT7,M01,-17,-38,1,10
MEM-2025-LOT7,M01,-16,-38,1,10
MEM-2025-LOT7,M01,-15,-38,2,21
MEM-2025-LOT7,M01,-14,-38,3,31
MEM-2025-LOT7,M01,-13,-38,1,10
MEM-2025-LOT7,M01,-12,-38,2,31
MEM-2025-LOT7,M01,-11,-38,2,21
MEM-2025-LOT7,M01,-10,-38,1,10
MEM-2025-LOT7,M01,-9,-38,1,10
MEM-2025-LOT7,M01,-8,-38,1,10
MEM-2025-LOT7,M01,-7,-38,1,10
MEM-2025-LOT7,M01,-6,-38,1,10
MEM-2025-LOT7,M01,-5,-38,1,10
MEM-2025-LOT7,M01,-4,-38,1,10
MEM-2025-LOT7,M01,-3,-38,1,10
MEM-2025-LOT7,M01,-2,-38,1,10
MEM-2025-LOT7,M01,-1,-38,1,10
MEM-2025-LOT7,M01,0,-38,1,10
MEM-2025-LOT7,M01,1,-38,1,10
MEM-2025-LOT7,M01,2,-38,1,10
MEM-2025-LOT7,M01,3,-38,1,10
MEM-2025-LOT7,M01,4,-38,1,10
MEM-2025-LOT7,M01,5,-38,1,10
MEM-2025-LOT7,M01,6,-38,1,10
MEM-2025-LOT7,M01,7,-38,1,10
MEM-2025-LOT7,M01,8,-38,1,10
MEM-2025-LOT7,M01,9,-38,1,10
MEM-2025-LOT7,M01,10,-38,1,10
MEM-2025-LOT7,M01,11,-38,1,10
MEM-2025-LOT7,M01,12,-38,1,10
MEM-2025-LOT7,M01,13,-38,2,31
MEM-2025-LOT7,M01,14,-38,4,20
MEM-2025-LOT7,M01,15,-38,1,10
MEM-2025-LOT7,M01,16,-38,1,10
MEM-2025-LOT7,M01,17,-38,1,10
MEM-2025-LOT7,M01,18,-38,1,10
MEM-2025-LOT7,M01,19,-38,1,10
MEM-2025-LOT7,M01,20,-38,1,10
MEM-2025-LOT7,M01,-20,-37,3,31
MEM-2025-LOT7,M01,-19,-37,4,21
MEM-2025-LOT7,M01,-18,-37,3,20
MEM-2025-LOT7,M01,-17,-37,2,21
MEM-2025-LOT7,M01,-16,-37,1,10
MEM-2025-LOT7,M01,-15,-37,4,22
MEM-2025-LOT7,M01,-14,-37,1,10
MEM-2025-LOT7,M01,-13,-37,1,10
MEM-2025-LOT7,M01,-12,-37,1,10
MEM-2025-LOT7,M01,-11,-37,1,10
MEM-2025-LOT7,M01,-10,-37,1,10
MEM-2025-LOT7,M01,-9,-37,1,10
MEM-2025-LOT7,M01,-8,-37,1,10
MEM-2025-LOT7,M01,-7,-37,1,10
MEM-2025-LOT7,M01,-6,-37,1,10
MEM-2025-LOT7,M01,-5,-37,1,10
MEM-2025-LOT7,M01,-4,-37,1,10
MEM-2025-LOT7,M01,-3,-37,1,10
MEM-2025-LOT7,M01,-2,-37,1,10
MEM-2025-LOT7,M01,-1,-37,1,10
MEM-2025-LOT7,M01,0,-37,1,10
MEM-2025-LOT7,M01,1,-37,1,10
MEM-2025-LOT7,M01,2,-37,1,10
MEM-2025-LOT7,M01,3,-37,1,10
MEM-2025-LOT7,M01,4,-37,1,10
MEM-2025-LOT7,M01,5,-37,1,10
MEM-2025-LOT7,M01,6,-37,1,10
MEM-2025-LOT7,M01,7,-37,1,10
MEM-2025-LOT7,M01,8,-37,1,10
MEM-2025-LOT7,M01,9,-37,1,10
MEM-2025-LOT7,M01,10,-37,1,10
MEM-2025-LOT7,M01,11,-37,1,10
MEM-2025-LOT7,M01,12,-37,1,10
MEM-2025-LOT7,M01,13,-37,3,20
MEM-2025-LOT7,M01,14,-37,1,10
MEM-2025-LOT7,M01,15,-37,2,20
MEM-2025-LOT7,M01,16,-37,2,21
MEM-2025-LOT7,M01,17,-37,1,10
MEM-2025-LOT7,M01,18,-37,2,22
MEM-2025-LOT7,M01,19,-37,2,30
MEM-2025-LOT7,M01,20,-37,4,31
MEM-2025-LOT7,M01,-21,-36,4,30
MEM-2025-LOT7,M01,-20,-36,1,10
MEM-2025-LOT7,M01,-19,-36,2,31
MEM-2025-LOT7,M01,-18,-36,1,10
MEM-2025-LOT7,M01,-17,-36,1,10
MEM-2025-LOT7,M01,-16,-36,4,20
MEM-2025-LOT7,M01,-15,-36,1,10
MEM-2025-LOT7,M01,-14,-36,3,22
MEM-2025-LOT7,M01,-13,-36,1,10
MEM-2025-LOT7,M01,-12,-36,1,10
MEM-2025-LOT7,M01,-11,-36,1,10
MEM-2025-LOT7,M01,-10,-36,1,10
MEM-2025-LOT7,M01,-9,-36,1,10
MEM-2025-LOT7,M01,-8,-36,1,10
MEM-2025-LOT7,M01,-7,-36,1,10
MEM-2025-LOT7,M01,-6,-36,1,10
MEM-2025-LOT7,M01,-5,-36,1,10
MEM-2025-LOT7,M01,-4,-36,1,10
MEM-2025-LOT7,M01,-3,-36,1,10
MEM-2025-LOT7,M01,-2,-36,1,10
MEM-2025-LOT7,M01,-1,-36,1,10
MEM-2025-LOT7,M01,0,-36,1,10
MEM-2025-LOT7,M01,1,-36,1,10
MEM-2025-LOT7,M01,2,-36,1,10
MEM-2025-LOT7,M01,3,-36,1,10
MEM-2025-LOT7,M01,4,-36,1,10
MEM-2025-LOT7,M01,5,-36,1,10
MEM-2025-LOT7,M01,6,-36,1,10
MEM-2025-LOT7,M01,7,-36,1,10
MEM-2025-LOT7,M01,8,-36,1,10
MEM-2025-LOT7,M01,9,-36,1,10
MEM-2025-LOT7,M01,10,-36,1,10
MEM-2025-LOT7,M01,11,-36,1,10
MEM-2025-LOT7,M01,12,-36,1,10
MEM-2025-LOT7,M01,13,-36,1,10
MEM-2025-LOT7,M01,14,-36,3,30
MEM-2025-LOT7,M01,15,-36,1,10
MEM-2025-LOT7,M01,16,-36,1,10
MEM-2025-LOT7,M01,17,-36,4,21
MEM-2025-LOT7,M01,18,-36,2,20
MEM-2025-LOT7,M01,19,-36,3,20
MEM-2025-LOT7,M01,20,-36,1,10
MEM-2025-LOT7,M01,21,-36,3,21
MEM-2025-LOT7,M01,-22,-35,1,10
MEM-2025-LOT7,M01,-21,-35,2,20
MEM-2025-LOT7,M01,-20,-35,4,30
MEM-2025-LOT7,M01,-19,-35,2,21
MEM-2025-LOT7,M01,-18,-35,1,10
MEM-2025-LOT7,M01,-17,-35,1,10
MEM-2025-LOT7,M01,-16,-35,1,10
MEM-2025-LOT7,M01,-15,-35,2,20
MEM-2025-LOT7,M01,-14,-35,1,10
MEM-2025-LOT7,M01,-13,-35,1,10
MEM-2025-LOT7,M01,-12,-35,1,10
MEM-2025-LOT7,M01,-11,-35,1,10
MEM-2025-LOT7,M01,-10,-35,1,10
MEM-2025-LOT7,M01,-9,-35,1,10
MEM-2025-LOT7,M01,-8,-35,1,10
MEM-2025-LOT7,M01,-7,-35,1,10
MEM-2025-LOT7,M01,-6,-35,1,10
MEM-2025-LOT7,M01,-5,-35,1,10
MEM-2025-LOT7,M01,-4,-35,1,10
MEM-2025-LOT7,M01,-3,-35,1,10
MEM-2025-LOT7,M01,-2,-35,1,10
MEM-2025-LOT7,M01,-1,-35,1,10
MEM-2025-LOT7,M01,0,-35,1,10
MEM-2025-LOT7,M01,1,-35,1,10
MEM-2025-LOT7,M01,2,-35,1,10
MEM-2025-LOT7,M01,3,-35,1,10
MEM-2025-LOT7,M01,4,-35,1,10
MEM-2025-LOT7,M01,5,-35,1,10
MEM-2025-LOT7,M01,6,-35,1,10
MEM-2025-LOT7,M01,7,-35,1,10
MEM-2025-LOT7,M01,8,-35,1,10
MEM-2025-LOT7,M01,9,-35,1,10
MEM-2025-LOT7,M01,10,-35,1,10
MEM-2025-LOT7,M01,11,-35,1,10
MEM-2025-LOT7,M01,12,-35,1,10
MEM-2025-LOT7,M01,13,-35,2,21
MEM-2025-LOT7,M01,14,-35,1,10
MEM-2025-LOT7,M01,15,-35,2,30
MEM-2025-LOT7,M01,16,-35,4,31
MEM-2025-LOT7,M01,17,-35,1,10
MEM-2025-LOT7,M01,18,-35,2,22
MEM-2025-LOT7,M01,19,-35,1,10
MEM-2025-LOT7,M01,20,-35,1,10
MEM-2025-LOT7,M01,21,-35,2,30
MEM-2025-LOT7,M01,22,-35,1,10
MEM-2025-LOT7,M01,-23,-34,1,10
MEM-2025-LOT7,M01,-22,-34,1,10
MEM-2025-LOT7,M01,-21,-34,4,31
MEM-2025-LOT7,M01,-20,-34,1,10
MEM-2025-LOT7,M01,-19,-34,1,10
MEM-2025-LOT7,M01,-18,-34,4,22
MEM-2025-LOT7,M01,-17,-34,4,22
MEM-2025-LOT7,M01,-16,-34,1,10
MEM-2025-LOT7,M01,-15,-34,1,10
MEM-2025-LOT7,M01,-14,-34,1,10
MEM-2025-LOT7,M01,-13,-34,1,10
MEM-2025-LOT7,M01,-12,-34,1,10
MEM-2025-LOT7,M01,-11,-34,1,10
MEM-2025-LOT7,M01,-10,-34,1,10
MEM-2025-LOT7,M01,-9,-34,1,10
MEM-2025-LOT7,M01,-8,-34,1,10
MEM-2025-LOT7,M01,-7,-34,1,10
MEM-2025-LOT7,M01,-6,-34,1,10
MEM-2025-LOT7,M01,-5,-34,1,10
MEM-2025-LOT7,M01,-4,-34,1,10
MEM-2025-LOT7,M01,-3,-34,1,10
MEM-2025-LOT7,M01,-2,-34,1,10
MEM-2025-LOT7,M01,-1,-34,1,10
MEM-2025-LOT7,M01,0,-34,1,10
MEM-2025-LOT7,M01,1,-34,1,10
MEM-2025-LOT7,M01,2,-34,1,10
MEM-2025-LOT7,M01,3,-34,1,10
MEM-2025-LOT7,M01,4,-34,1,10
MEM-2025-LOT7,M01,5,-34,1,10
MEM-2025-LOT7,M01,6,-34,1,10
MEM-2025-LOT7,M01,7,-34,1,10
MEM-2025-LOT7,M01,8,-34,1,10
MEM-2025-LOT7,M01,9,-34,1,10
MEM-2025-LOT7,M01,10,-34,1,10
MEM-2025-LOT7,M01,11,-34,1,10
MEM-2025-LOT7,M01,12,-34,1,10
MEM-2025-LOT7,M01,13,-34,1,10
MEM-2025-LOT7,M01,14,-34,1,10
MEM-2025-LOT7,M01,15,-34,1,10
MEM-2025-LOT7,M01,16,-34,1,10
MEM-2025-LOT7,M01,17,-34,1,10
MEM-2025-LOT7,M01,18,-34,4,20
MEM-2025-LOT7,M01,19,-34,1,10
MEM-2025-LOT7,M01,20,-34,1,10
MEM-2025-LOT7,M01,21,-34,1,10
MEM-2025-LOT7,M01,22,-34,1,10
MEM-2025-LOT7,M01,23,-34,1,10
MEM-2025-LOT7,M01,-23,-33,2,31
MEM-2025-LOT7,M01,-22,-33,1,10
MEM-2025-LOT7,M01,-21,-33,1,10
MEM-2025-LOT7,M01,-20,-33,4,30
MEM-2025-LOT7,M01,-19,-33,1,10
MEM-2025-LOT7,M01,-18,-33,2,30
MEM-2025-LOT7,M01,-17,-33,2,20
MEM-2025-LOT7,M01,-16,-33,1,10
MEM-2025-LOT7,M01,-15,-33,1,10
MEM-2025-LOT7,M01,-14,-33,1,10
MEM-2025-LOT7,M01,-13,-33,1,10
MEM-2025-LOT7,M01,-12,-33,1,10
MEM-2025-LOT7,M01,-11,-33,1,10
MEM-2025-LOT7,M01,-10,-33,1,10
MEM-2025-LOT7,M01,-9,-33,1,10
MEM-2025-LOT7,M01,-8,-33,1,10
MEM-2025-LOT7,M01,-7,-33,1,10
MEM-2025-LOT7,M01,-6,-33,1,10
MEM-2025-LOT7,M01,-5,-33,1,10
MEM-2025-LOT7,M01,-4,-33,1,10
MEM-2025-LOT7,M01,-3,-33,1,10
MEM-2025-LOT7,M01,-2,-33,1,10
MEM-2025-LOT7,M01,-1,-33,1,10
MEM-2025-LOT7,M01,0,-33,1,10
MEM-2025-LOT7,M01,1,-33,1,10
MEM-2025-LOT7,M01,2,-33,1,10
MEM-2025-LOT7,M01,3,-33,1,10
MEM-2025-LOT7,M01,4,-33,1,10
MEM-2025-LOT7,M01,5,-33,1,10
MEM-2025-LOT7,M01,6,-33,1,10
MEM-2025-LOT7,M01,7,-33,1,10
MEM-2025-LOT7,M01,8,-33,1,10
MEM-2025-LOT7,M01,9,-33,1,10
MEM-2025-LOT7,M01,10,-33,1,10
MEM-2025-LOT7,M01,11,-33,1,10
MEM-2025-LOT7,M01,12,-33,1,10
MEM-2025-LOT7,M01,13,-33,1,10
MEM-2025-LOT7,M01,14,-33,1,10
MEM-2025-LOT7,M01,15,-33,1,10
MEM-2025-LOT7,M01,16,-33,1,10
MEM-2025-LOT7,M01,17,-33,2,31
MEM-2025-LOT7,M01,18,-33,1,10
MEM-2025-LOT7,M01,19,-33,1,10
MEM-2025-LOT7,M01,20,-33,1,10
MEM-2025-LOT7,M01,21,-33,4,30
MEM-2025-LOT7,M01,22,-33,1,10
MEM-2025-LOT7,M01,23,-33,2,22
MEM-2025-LOT7,M01,-24,-32,4,20
MEM-2025-LOT7,M01,-23,-32,1,10
MEM-2025-LOT7,M01,-22,-32,1,10
MEM-2025-LOT7,M01,-21,-32,2,22
MEM-2025-LOT7,M01,-20,-32,1,10
MEM-2025-LOT7,M01,-19,-32,3,31
MEM-2025-LOT7,M01,-18,-32,1,10
MEM-2025-LOT7,M01,-17,-32,1,10
MEM-2025-LOT7,M01,-16,-32,1,10
MEM-2025-LOT7,M01,-15,-32,1,10
MEM-2025-LOT7,M01,-14,-32,1,10
MEM-2025-LOT7,M01,-13,-32,1,10
MEM-2025-LOT7,M01,-12,-32,1,10
MEM-2025-LOT7,M01,-11,-32,1,10
MEM-2025-LOT7,M01,-10,-32,1,10
MEM-2025-LOT7,M01,-9,-32,1,10
MEM-2025-LOT7,M01,-8,-32,1,10
MEM-2025-LOT7,M01,-7,-32,1,10
MEM-2025-LOT7,M01,-6,-32,1,10
MEM-2025-LOT7,M01,-5,-32,1,10
MEM-2025-LOT7,M01,-4,-32,1,10
MEM-2025-LOT7,M01,-3,-32,1,10
MEM-2025-LOT7,M01,-2,-32,1,10
MEM-2025-LOT7,M01,-1,-32,1,10
MEM-2025-LOT7,M01,0,-32,1,10
MEM-2025-LOT7,M01,1,-32,1,10
MEM-2025-LOT7,M01,2,-32,1,10
MEM-2025-LOT7,M01,3,-32,1,10
MEM-2025-LOT7,M01,4,-32,1,10
MEM-2025-LOT7,M01,5,-32,1,10
MEM-2025-LOT7,M01,6,-32,1,10
MEM-2025-LOT7,M01,7,-32,1,10
MEM-2025-LOT7,M01,8,-32,1,10
MEM-2025-LOT7,M01,9,-32,1,10
MEM-2025-LOT7,M01,10,-32,4,20
MEM-2025-LOT7,M01,11,-32,1,10
MEM-2025-LOT7,M01,12,-32,1,10
MEM-2025-LOT7,M01,13,-32,1,10
MEM-2025-LOT7,M01,14,-32,1,10
MEM-2025-LOT7,M01,15,-32,1,10
MEM-2025-LOT7,M01,16,-32,1,10
MEM-2025-LOT7,M01,17,-32,1,10
MEM-2025-LOT7,M01,18,-32,1,10
MEM-2025-LOT7,M01,19,-32,1,10
MEM-2025-LOT7,M01,20,-32,1,10
MEM-2025-LOT7,M01,21,-32,1,10
MEM-2025-LOT7,M01,22,-32,4,21
MEM-2025-LOT7,M01,23,-32,1,10
MEM-2025-LOT7,M01,24,-32,4,31
MEM-2025-LOT7,M01,-24,-31,1,10
MEM-2025-LOT7,M01,-23,-31,1,10
MEM-2025-LOT7,M01,-22,-31,4,22
MEM-2025-LOT7,M01,-21,-31,1,10
MEM-2025-LOT7,M01,-20,-31,1,10
MEM-2025-LOT7,M01,-19,-31,1,10
MEM-2025-LOT7,M01,-18,-31,1,10
MEM-2025-LOT7,M01,-17,-31,1,10
MEM-2025-LOT7,M01,-16,-31,1,10
MEM-2025-LOT7,M01,-15,-31,1,10
MEM-2025-LOT7,M01,-14,-31,1,10
MEM-2025-LOT7,M01,-13,-31,1,10
MEM-2025-LOT7,M01,-12,-31,1,10
MEM-2025-LOT7,M01,-11,-31,1,10
MEM-2025-LOT7,M01,-10,-31,1,10
MEM-2025-LOT7,M01,-9,-31,1,10
MEM-2025-LOT7,M01,-8,-31,1,10
MEM-2025-LOT7,M01,-7,-31,1,10
MEM-2025-LOT7,M01,-6,-31,1,10
MEM-2025-LOT7,M01,-5,-31,1,10
MEM-2025-LOT7,M01,-4,-31,4,30
MEM-2025-LOT7,M01,-3,-31,1,10
MEM-2025-LOT7,M01,-2,-31,1,10
MEM-2025-LOT7,M01,-1,-31,1,10
MEM-2025-LOT7,M01,0,-31,1,10
MEM-2025-LOT7,M01,1,-31,1,10
MEM-2025-LOT7,M01,2,-31,1,10
MEM-2025-LOT7,M01,3,-31,1,10
MEM-2025-LOT7,M01,4,-31,1,10
MEM-2025-LOT7,M01,5,-31,1,10
MEM-2025-LOT7,M01,6,-31,1,10
MEM-2025-LOT7,M01,7,-31,2,21
MEM-2025-LOT7,M01,8,-31,1,10
MEM-2025-LOT7,M01,9,-31,1,10
MEM-2025-LOT7,M01,10,-31,1,10
MEM-2025-LOT7,M01,11,-31,1,10
MEM-2025-LOT7,M01,12,-31,1,10
MEM-2025-LOT7,M01,13,-31,1,10
MEM-2025-LOT7,M01,14,-31,1,10
MEM-2025-LOT7,M01,15,-31,1,10
MEM-2025-LOT7,M01,16,-31,1,10
MEM-2025-LOT7,M01,17,-31,1,10
MEM-2025-LOT7,M01,18,-31,1,10
MEM-2025-LOT7,M01,19,-31,1,10
MEM-2025-LOT7,M01,20,-31,1,10
MEM-2025-LOT7,M01,21,-31,1,10
MEM-2025-LOT7,M01,22,-31,2,31
MEM-2025-LOT7,M01,23,-31,1,10
MEM-2025-LOT7,M01,24,-31,2,31
MEM-2025-LOT7,M01,-25,-30,1,10
MEM-2025-LOT7,M01,-24,-30,1,10
MEM-2025-LOT7,M01,-23,-30,3,21
MEM-2025-LOT7,M01,-22,-30,1,10
MEM-2025-LOT7,M01,-21,-30,1,10
MEM-2025-LOT7,M01,-20,-30,1,10
MEM-2025-LOT7,M01,-19,-30,2,21
MEM-2025-LOT7,M01,-18,-30,1,10
MEM-2025-LOT7,M01,-17,-30,1,10
MEM-2025-LOT7,M01,-16,-30,1,10
MEM-2025-LOT7,M01,-15,-30,1,10
MEM-2025-LOT7,M01,-14,-30,1,10
MEM-2025-LOT7,M01,-13,-30,1,10
MEM-2025-LOT7,M01,-12,-30,1,10
MEM-2025-LOT7,M01,-11,-30,1,10
MEM-2025-LOT7,M01,-10,-30,1,10
MEM-2025-LOT7,M01,-9,-30,1,10
MEM-2025-LOT7,M01,-8,-30,1,10
MEM-2025-LOT7,M01,-7,-30,1,10
MEM-2025-LOT7,M01,-6,-30,1,10
MEM-2025-LOT7,M01,-5,-30,1,10
MEM-2025-LOT7,M01,-4,-30,1,10
MEM-2025-LOT7,M01,-3,-30,1,10
MEM-2025-LOT7,M01,-2,-30,1,10
MEM-2025-LOT7,M01,-1,-30,1,10
MEM-2025-LOT7,M01,0,-30,1,10
MEM-2025-LOT7,M01,1,-30,1,10
MEM-2025-LOT7,M01,2,-30,1,10
MEM-2025-LOT7,M01,3,-30,1,10
MEM-2025-LOT7,M01,4,-30,1,10
MEM-2025-LOT7,M01,5,-30,1,10
MEM-2025-LOT7,M01,6,-30,1,10
MEM-2025-LOT7,M01,7,-30,1,10
MEM-2025-LOT7,M01,8,-30,1,10
MEM-2025-LOT7,M01,9,-30,1,10
MEM-2025-LOT7,M01,10,-30,1,10
MEM-2025-LOT7,M01,11,-30,1,10
MEM-2025-LOT7,M01,12,-30,1,10
MEM-2025-LOT7,M01,13,-30,1,10
MEM-2025-LOT7,M01,14,-30,1,10
MEM-2025-LOT7,M01,15,-30,1,10
MEM-2025-LOT7,M01,16,-30,1,10
MEM-2025-LOT7,M01,17,-30,1,10
MEM-2025-LOT7,M01,18,-30,1,10
MEM-2025-LOT7,M01,19,-30,2,21
MEM-2025-LOT7,M01,20,-30,3,21
MEM-2025-LOT7,M01,21,-30,2,31
MEM-2025-LOT7,M01,22,-30,3,30
MEM-2025-LOT7,M01,23,-30,1,10
MEM-2025-LOT7,M01,24,-30,4,20
MEM-2025-LOT7,M01,25,-30,2,30
MEM-2025-LOT7,M01,-25,-29,1,10
MEM-2025-LOT7,M01,-24,-29,2,30
MEM-2025-LOT7,M01,-23,-29,2,21
MEM-2025-LOT7,M01,-22,-29,2,21
MEM-2025-LOT7,M01,-21,-29,1,10
MEM-2025-LOT7,M01,-20,-29,1,10
MEM-2025-LOT7,M01,-19,-29,1,10
MEM-2025-LOT7,M01,-18,-29,1,10
MEM-2025-LOT7,M01,-17,-29,1,10
MEM-2025-LOT7,M01,-16,-29,1,10
MEM-2025-LOT7,M01,-15,-29,1,10
MEM-2025-LOT7,M01,-14,-29,1,10
MEM-2025-LOT7,M01,-13,-29,1,10
MEM-2025-LOT7,M01,-12,-29,1,10
MEM-2025-LOT7,M01,-11,-29,1,10
MEM-2025-LOT7,M01,-10,-29,1,10
MEM-2025-LOT7,M01,-9,-29,1,10
MEM-2025-LOT7,M01,-8,-29,1,10
MEM-2025-LOT7,M01,-7,-29,1,10
MEM-2025-LOT7,M01,-6,-29,1,10
MEM-2025-LOT7,M01,-5,-29,1,10
MEM-2025-LOT7,M01,-4,-29,1,10
MEM-2025-LOT7,M01,-3,-29,1,10
MEM-2025-LOT7,M01,-2,-29,1,10
MEM-2025-LOT7,M01,-1,-29,2,31
MEM-2025-LOT7,M01,0,-29,1,10
MEM-2025-LOT7,M01,1,-29,1,10
MEM-2025-LOT7,M01,2,-29,1,10
MEM-2025-LOT7,M01,3,-29,1,10
MEM-2025-LOT7,M01,4,-29,1,10
MEM-2025-LOT7,M01,5,-29,1,10
MEM-2025-LOT7,M01,6,-29,1,10
MEM-2025-LOT7,M01,7,-29,1,10
MEM-2025-LOT7,M01,8,-29,1,10
MEM-2025-LOT7,M01,9,-29,1,10
MEM-2025-LOT7,M01,10,-29,1,10
MEM-2025-LOT7,M01,11,-29,1,10
MEM-2025-LOT7,M01,12,-29,1,10
MEM-2025-LOT7,M01,13,-29,1,10
MEM-2025-LOT7,M01,14,-29,1,10
MEM-2025-LOT7,M01,15,-29,1,10
MEM-2025-LOT7,M01,16,-29,1,10
MEM-2025-LOT7,M01,17,-29,1,10
MEM-2025-LOT7,M01,18,-29,1,10
MEM-2025-LOT7,M01,19,-29,1,10
MEM-2025-LOT7,M01,20,-29,2,31
MEM-2025-LOT7,M01,21,-29,2,31
MEM-2025-LOT7,M01,22,-29,2,30
MEM-2025-LOT7,M01,23,-29,3,22
MEM-2025-LOT7,M01,24,-29,4,21
MEM-2025-LOT7,M01,25,-29,1,10
MEM-2025-LOT7,M01,-26,-28,1,10
MEM-2025-LOT7,M01,-25,-28,1,10
MEM-2025-LOT7,M01,-24,-28,3,20
MEM-2025-LOT7,M01,-23,-28,1,10
MEM-2025-LOT7,M01,-22,-28,1,10
MEM-2025-LOT7,M01,-21,-28,1,10
MEM-2025-LOT7,M01,-20,-28,2,22
MEM-2025-LOT7,M01,-19,-28,1,10
MEM-2025-LOT7,M01,-18,-28,1,10
MEM-2025-LOT7,M01,-17,-28,1,10
MEM-2025-LOT7,M01,-16,-28,1,10
MEM-2025-LOT7,M01,-15,-28,1,10
MEM-2025-LOT7,M01,-14,-28,1,10
MEM-2025-LOT7,M01,-13,-28,1,10
MEM-2025-LOT7,M01,-12,-28,1,10
MEM-2025-LOT7,M01,-11,-28,1,10
MEM-2025-LOT7,M01,-10,-28,1,10
MEM-2025-LOT7,M01,-9,-28,1,10
MEM-2025-LOT7,M01,-8,-28,1,10
MEM-2025-LOT7,M01,-7,-28,1,10
MEM-2025-LOT7,M01,-6,-28,1,10
MEM-2025-LOT7,M01,-5,-28,1,10
MEM-2025-LOT7,M01,-4,-28,1,10
MEM-2025-LOT7,M01,-3,-28,1,10
MEM-2025-LOT7,M01,-2,-28,1,10
MEM-2025-LOT7,M01,-1,-28,1,10
MEM-2025-LOT7,M01,0,-28,1,10
MEM-2025-LOT7,M01,1,-28,1,10
MEM-2025-LOT7,M01,2,-28,1,10
MEM-2025-LOT7,M01,3,-28,1,10
MEM-2025-LOT7,M01,4,-28,1,10
MEM-2025-LOT7,M01,5,-28,1,10
MEM-2025-LOT7,M01,6,-28,1,10
MEM-2025-LOT7,M01,7,-28,1,10
MEM-2025-LOT7,M01,8,-28,1,10
MEM-2025-LOT7,M01,9,-28,1,10
MEM-2025-LOT7,M01,10,-28,1,10
MEM-2025-LOT7,M01,11,-28,1,10
MEM-2025-LOT7,M01,12,-28,1,10
MEM-2025-LOT7,M01,13,-28,1,10
MEM-2025-LOT7,M01,14,-28,1,10
MEM-2025-LOT7,M01,15,-28,1,10
MEM-2025-LOT7,M01,16,-28,1,10
MEM-2025-LOT7,M01,17,-28,1,10
MEM-2025-LOT7,M01,18,-28,1,10
MEM-2025-LOT7,M01,19,-28,1,10
MEM-2025-LOT7,M01,20,-28,1,10
MEM-2025-LOT7,M01,21,-28,1,10
MEM-2025-LOT7,M01,22,-28,2,31
MEM-2025-LOT7,M01,23,-28,1,10
MEM-2025-LOT7,M01,24,-28,1,10
MEM-2025-LOT7,M01,25,-28,1,10
MEM-2025-LOT7,M01,26,-28,2,31
MEM-2025-LOT7,M01,-26,-27,1,10
MEM-2025-LOT7,M01,-25,-27,3,22
MEM-2025-LOT7,M01,-24,-27,2,20
MEM-2025-LOT7,M01,-23,-27,2,20
MEM-2025-LOT7,M01,-22,-27,2,21
MEM-2025-LOT7,M01,-21,-27,3,30
MEM-2025-LOT7,M01,-20,-27,1,10
MEM-2025-LOT7,M01,-19,-27,1,10
MEM-2025-LOT7,M01,-18,-27,1,10
MEM-2025-LOT7,M01,-17,-27,1,10
MEM-2025-LOT7,M01,-16,-27,1,10
MEM-2025-LOT7,M01,-15,-27,1,10
MEM-2025-LOT7,M01,-14,-27,1,10
MEM-2025-LOT7,M01,-13,-27,1,10
MEM-2025-LOT7,M01,-12,-27,1,10
MEM-2025-LOT7,M01,-11,-27,1,10
MEM-2025-LOT7,M01,-10,-27,1,10
MEM-2025-LOT7,M01,-9,-27,1,10
MEM-2025-LOT7,M01,-8,-27,1,10
MEM-2025-LOT7,M01,-7,-27,1,10
MEM-2025-LOT7,M01,-6,-27,1,10
MEM-2025-LOT7,M01,-5,-27,1,10
MEM-2025-LOT7,M01,-4,-27,1,10
MEM-2025-LOT7,M01,-3,-27,1,10
MEM-2025-LOT7,M01,-2,-27,1,10
MEM-2025-LOT7,M01,-1,-27,1,10
MEM-2025-LOT7,M01,0,-27,1,10
MEM-2025-LOT7,M01,1,-27,1,10
MEM-2025-LOT7,M01,2,-27,1,10
MEM-2025-LOT7,M01,3,-27,1,10
MEM-2025-LOT7,M01,4,-27,1,10
MEM-2025-LOT7,M01,5,-27,1,10
MEM-2025-LOT7,M01,6,-27,1,10
MEM-2025-LOT7,M01,7,-27,1,10
MEM-2025-LOT7,M01,8,-27,1,10
MEM-2025-LOT7,M01,9,-27,1,10
MEM-2025-LOT7,M01,10,-27,1,10
MEM-2025-LOT7,M01,11,-27,1,10
MEM-2025-LOT7,M01,12,-27,1,10
MEM-2025-LOT7,M01,13,-27,1,10
MEM-2025-LOT7,M01,14,-27,1,10
MEM-2025-LOT7,M01,15,-27,1,10
MEM-2025-LOT7,M01,16,-27,1,10
MEM-2025-LOT7,M01,17,-27,1,10
MEM-2025-LOT7,M01,18,-27,1,10
MEM-2025-LOT7,M01,19,-27,1,10
MEM-2025-LOT7,M01,20,-27,1,10
MEM-2025-LOT7,M01,21,-27,1,10
MEM-2025-LOT7,M01,22,-27,1,10
MEM-2025-LOT7,M01,23,-27,3,21
MEM-2025-LOT7,M01,24,-27,1,10
MEM-2025-LOT7,M01,25,-27,1,10
MEM-2025-LOT7,M01,26,-27,1,10
MEM-2025-LOT7,M01,-27,-26,1,10
MEM-2025-LOT7,M01,-26,-26,4,31
MEM-2025-LOT7,M01,-25,-26,3,30
MEM-2025-LOT7,M01,-24,-26,4,20
MEM-2025-LOT7,M01,-23,-26,1,10
MEM-2025-LOT7,M01,-22,-26,1,10
MEM-2025-LOT7,M01,-21,-26,1,10
MEM-2025-LOT7,M01,-20,-26,3,22
MEM-2025-LOT7,M01,-19,-26,1,10
MEM-2025-LOT7,M01,-18,-26,1,10
MEM-2025-LOT7,M01,-17,-26,1,10
MEM-2025-LOT7,M01,-16,-26,1,10
MEM-2025-LOT7,M01,-15,-26,1,10
MEM-2025-LOT7,M01,-14,-26,1,10
MEM-2025-LOT7,M01,-13,-26,1,10
MEM-2025-LOT7,M01,-12,-26,1,10
MEM-2025-LOT7,M01,-11,-26,1,10
MEM-2025-LOT7,M01,-10,-26,1,10
MEM-2025-LOT7,M01,-9,-26,1,10
MEM-2025-LOT7,M01,-8,-26,1,10
MEM-2025-LOT7,M01,-7,-26,1,10
MEM-2025-LOT7,M01,-6,-26,1,10
MEM-2025-LOT7,M01,-5,-26,1,10
MEM-2025-LOT7,M01,-4,-26,1,10
MEM-2025-LOT7,M01,-3,-26,1,10
MEM-2025-LOT7,M01,-2,-26,1,10
MEM-2025-LOT7,M01,-1,-26,1,10
MEM-2025-LOT7,M01,0,-26,1,10
MEM-2025-LOT7,M01,1,-26,1,10
MEM-2025-LOT7,M01,2,-26,1,10
MEM-2025-LOT7,M01,3,-26,1,10
MEM-2025-LOT7,M01,4,-26,1,10
MEM-2025-LOT7,M01,5,-26,1,10
MEM-2025-LOT7,M01,6,-26,1,10
MEM-2025-LOT7,M01,7,-26,1,10
MEM-2025-LOT7,M01,8,-26,1,10
MEM-2025-LOT7,M01,9,-26,1,10
MEM-2025-LOT7,M01,10,-26,1,10
MEM-2025-LOT7,M01,11,-26,1,10
MEM-2025-LOT7,M01,12,-26,1,10
MEM-2025-LOT7,M01,13,-26,1,10
MEM-2025-LOT7,M01,14,-26,1,10
MEM-2025-LOT7,M01,15,-26,1,10
MEM-2025-LOT7,M01,16,-26,1,10
MEM-2025-LOT7,M01,17,-26,1,10
MEM-2025-LOT7,M01,18,-26,1,10
MEM-2025-LOT7,M01,19,-26,1,10
MEM-2025-LOT7,M01,20,-26,1,10
MEM-2025-LOT7,M01,21,-26,1,10
MEM-2025-LOT7,M01,22,-26,1,10
MEM-2025-LOT7,M01,23,-26,3,30
MEM-2025-LOT7,M01,24,-26,2,30
MEM-2025-LOT7,M01,25,-26,3,21
MEM-2025-LOT7,M01,26,-26,2,20
MEM-2025-LOT7,M01,27,-26,1,10
MEM-2025-LOT7,M01,-27,-25,1,10
MEM-2025-LOT7,M01,-26,-25,2,30
MEM-2025-LOT7,M01,-25,-25,1,10
MEM-2025-LOT7,M01,-24,-25,1,10
MEM-2025-LOT7,M01,-23,-25,3,31
MEM-2025-LOT7,M01,-22,-25,1,10
MEM-2025-LOT7,M01,-21,-25,1,10
MEM-2025-LOT7,M01,-20,-25,1,10
MEM-2025-LOT7,M01,-19,-25,1,10
MEM-2025-LOT7,M01,-18,-25,1,10
MEM-2025-LOT7,M01,-17,-25,1,10
MEM-2025-LOT7,M01,-16,-25,1,10
MEM-2025-LOT7,M01,-15,-25,1,10
MEM-2025-LOT7,M01,-14,-25,1,10
MEM-2025-LOT7,M01,-13,-25,1,10
MEM-2025-LOT7,M01,-12,-25,1,10
MEM-2025-LOT7,M01,-11,-25,1,10
MEM-2025-LOT7,M01,-10,-25,1,10
MEM-2025-LOT7,M01,-9,-25,1,10
MEM-2025-LOT7,M01,-8,-25,1,10
MEM-2025-LOT7,M01,-7,-25,1,10
MEM-2025-LOT7,M01,-6,-25,1,10
MEM-2025-LOT7,M01,-5,-25,1,10
MEM-2025-LOT7,M01,-4,-25,1,10
MEM-2025-LOT7,M01,-3,-25,1,10
MEM-2025-LOT7,M01,-2,-25,1,10
MEM-2025-LOT7,M01,-1,-25,1,10
MEM-2025-LOT7,M01,0,-25,2,30
MEM-2025-LOT7,M01,1,-25,1,10
MEM-2025-LOT7,M01,2,-25,1,10
MEM-2025-LOT7,M01,3,-25,1,10
MEM-2025-LOT7,M01,4,-25,1,10
MEM-2025-LOT7,M01,5,-25,1,10
MEM-2025-LOT7,M01,6,-25,2,31
MEM-2025-LOT7,M01,7,-25,1,10
MEM-2025-LOT7,M01,8,-25,1,10
MEM-2025-LOT7,M01,9,-25,1,10
MEM-2025-LOT7,M01,10,-25,1,10
MEM-2025-LOT7,M01,11,-25,1,10
MEM-2025-LOT7,M01,12,-25,1,10
MEM-2025-LOT7,M01,13,-25,1,10
MEM-2025-LOT7,M01,14,-25,1,10
MEM-2025-LOT7,M01,15,-25,1,10
MEM-2025-LOT7,M01,16,-25,1,10
MEM-2025-LOT7,M01,17,-25,1,10
MEM-2025-LOT7,M01,18,-25,1,10
MEM-2025-LOT7,M01,19,-25,1,10
MEM-2025-LOT7,M01,20,-25,1,10
MEM-2025-LOT7,M01,21,-25,1,10
MEM-2025-LOT7,M01,22,-25,1,10
MEM-2025-LOT7,M01,23,-25,3,30
MEM-2025-LOT7,M01,24,-25,1,10
MEM-2025-LOT7,M01,25,-25,1,10
MEM-2025-LOT7,M01,26,-25,2,30
MEM-2025-LOT7,M01,27,-25,1,10
MEM-2025-LOT7,M01,-28,-24,2,30
MEM-2025-LOT7,M01,-27,-24,2,31
MEM-2025-LOT7,M01,-26,-24,1,10
MEM-2025-LOT7,M01,-25,-24,1,10
MEM-2025-LOT7,M01,-24,-24,2,31
MEM-2025-LOT7,M01,-23,-24,3,31
MEM-2025-LOT7,M01,-22,-24,1,10
MEM-2025-LOT7,M01,-21,-24,1,10
MEM-2025-LOT7,M01,-20,-24,1,10
MEM-2025-LOT7,M01,-19,-24,1,10
MEM-2025-LOT7,M01,-18,-24,1,10
MEM-2025-LOT7,M01,-17,-24,1,10
MEM-2025-LOT7,M01,-16,-24,1,10
MEM-2025-LOT7,M01,-15,-24,1,10
MEM-2025-LOT7,M01,-14,-24,1,10
MEM-2025-LOT7,M01,-13,-24,4,20
MEM-2025-LOT7,M01,-12,-24,1,10
MEM-2025-LOT7,M01,-11,-24,1,10
MEM-2025-LOT7,M01,-10,-24,1,10
MEM-2025-LOT7,M01,-9,-24,1,10
MEM-2025-LOT7,M01,-8,-24,1,10
MEM-2025-LOT7,M01,-7,-24,1,10
MEM-2025-LOT7,M01,-6,-24,1,10
MEM-2025-LOT7,M01,-5,-24,1,10
MEM-2025-LOT7,M01,-4,-24,1,10
MEM-2025-LOT7,M01,-3,-24,1,10
MEM-2025-LOT7,M01,-2,-24,1,10
MEM-2025-LOT7,M01,-1,-24,1,10
MEM-2025-LOT7,M01,0,-24,1,10
MEM-2025-LOT7,M01,1,-24,1,10
MEM-2025-LOT7,M01,2,-24,1,10
MEM-2025-LOT7,M01,3,-24,1,10
MEM-2025-LOT7,M01,4,-24,1,10
MEM-2025-LOT7,M01,5,-24,1,10
MEM-2025-LOT7,M01,6,-24,4,30
MEM-2025-LOT7,M01,7,-24,1,10
MEM-2025-LOT7,M01,8,-24,1,10
MEM-2025-LOT7,M01,9,-24,2,30
MEM-2025-LOT7,M01,10,-24,1,10
MEM-2025-LOT7,M01,11,-24,1,10
MEM-2025-LOT7,M01,12,-24,2,21
MEM-2025-LOT7,M01,13,-24,1,10
MEM-2025-LOT7,M01,14,-24,1,10
MEM-2025-LOT7,M01,15,-24,1,10
MEM-2025-LOT7,M01,16,-24,1,10
MEM-2025-LOT7,M01,17,-24,1,10
MEM-2025-LOT7,M01,18,-24,1,10
MEM-2025-LOT7,M01,19,-24,1,10
MEM-2025-LOT7,M01,20,-24,1,10
MEM-2025-LOT7,M01,21,-24,1,10
MEM-2025-LOT7,M01,22,-24,1,10
MEM-2025-LOT7,M01,23,-24,2,22
MEM-2025-LOT7,M01,24,-24,2,21
MEM-2025-LOT7,M01,25,-24,1,10
MEM-2025-LOT7,M01,26,-24,1,10
MEM-2025-LOT7,M01,27,-24,2,31
MEM-2025-LOT7,M01,28,-24,1,10
MEM-2025-LOT7,M01,-28,-23,1,10
MEM-2025-LOT7,M01,-27,-23,1,10
MEM-2025-LOT7,M01,-26,-23,2,30
MEM-2025-LOT7,M01,-25,-23,1,10
MEM-2025-LOT7,M01,-24,-23,1,10
MEM-2025-LOT7,M01,-23,-23,1,10
MEM-2025-LOT7,M01,-22,-23,1,10
MEM-2025-LOT7,M01,-21,-23,1,10
MEM-2025-LOT7,M01,-20,-23,1,10
MEM-2025-LOT7,M01,-19,-23,1,10
MEM-2025-LOT7,M01,-18,-23,1,10
MEM-2025-LOT7,M01,-17,-23,3,30
MEM-2025-LOT7,M01,-16,-23,2,30
MEM-2025-LOT7,M01,-15,-23,1,10
MEM-2025-LOT7,M01,-14,-23,1,10
MEM-2025-LOT7,M01,-13,-23,1,10
MEM-2025-LOT7,M01,-12,-23,1,10
MEM-2025-LOT7,M01,-11,-23,1,10
MEM-2025-LOT7,M01,-10,-23,1,10
MEM-2025-LOT7,M01,-9,-23,1,10
MEM-2025-LOT7,M01,-8,-23,1,10
MEM-2025-LOT7,M01,-7,-23,1,10
MEM-2025-LOT7,M01,-6,-23,1,10
MEM-2025-LOT7,M01,-5,-23,4,31
MEM-2025-LOT7,M01,-4,-23,1,10
MEM-2025-LOT7,M01,-3,-23,1,10
MEM-2025-LOT7,M01,-2,-23,1,10
MEM-2025-LOT7,M01,-1,-23,1,10
MEM-2025-LOT7,M01,0,-23,1,10
MEM-2025-LOT7,M01,1,-23,1,10
MEM-2025-LOT7,M01,2,-23,1,10
MEM-2025-LOT7,M01,3,-23,1,10
MEM-2025-LOT7,M01,4,-23,1,10
MEM-2025-LOT7,M01,5,-23,1,10
MEM-2025-LOT7,M01,6,-23,1,10
MEM-2025-LOT7,M01,7,-23,1,10
MEM-2025-LOT7,M01,8,-23,1,10
MEM-2025-LOT7,M01,9,-23,1,10
MEM-2025-LOT7,M01,10,-23,1,10
MEM-2025-LOT7,M01,11,-23,1,10
MEM-2025-LOT7,M01,12,-23,1,10
MEM-2025-LOT7,M01,13,-23,1,10
MEM-2025-LOT7,M01,14,-23,1,10
MEM-2025-LOT7,M01,15,-23,1,10
MEM-2025-LOT7,M01,16,-23,1,10
MEM-2025-LOT7,M01,17,-23,1,10
MEM-2025-LOT7,M01,18,-23,1,10
MEM-2025-LOT7,M01,19,-23,1,10
MEM-2025-LOT7,M01,20,-23,1,10
MEM-2025-LOT7,M01,21,-23,1,10
MEM-2025-LOT7,M01,22,-23,1,10
MEM-2025-LOT7,M01,23,-23,1,10
MEM-2025-LOT7,M01,24,-23,2,31
MEM-2025-LOT7,M01,25,-23,1,10
MEM-2025-LOT7,M01,26,-23,1,10
MEM-2025-LOT7,M01,27,-23,1,10
MEM-2025-LOT7,M01,28,-23,2,22
MEM-2025-LOT7,M01,-28,-22,3,20
MEM-2025-LOT7,M01,-27,-22,1,10
MEM-2025-LOT7,M01,-26,-22,3,31
MEM-2025-LOT7,M01,-25,-22,1,10
MEM-2025-LOT7,M01,-24,-22,1,10
MEM-2025-LOT7,M01,-23,-22,1,10
MEM-2025-LOT7,M01,-22,-22,1,10
MEM-2025-LOT7,M01,-21,-22,1,10
MEM-2025-LOT7,M01,-20,-22,1,10
MEM-2025-LOT7,M01,-19,-22,1,10
MEM-2025-LOT7,M01,-18,-22,1,10
MEM-2025-LOT7,M01,-17,-22,1,10
MEM-2025-LOT7,M01,-16,-22,1,10
MEM-2025-LOT7,M01,-15,-22,1,10
MEM-2025-LOT7,M01,-14,-22,1,10
MEM-2025-LOT7,M01,-13,-22,1,10
MEM-2025-LOT7,M01,-12,-22,1,10
MEM-2025-LOT7,M01,-11,-22,1,10
MEM-2025-LOT7,M01,-10,-22,1,10
MEM-2025-LOT7,M01,-9,-22,1,10
MEM-2025-LOT7,M01,-8,-22,1,10
MEM-2025-LOT7,M01,-7,-22,1,10
MEM-2025-LOT7,M01,-6,-22,1,10
MEM-2025-LOT7,M01,-5,-22,1,10
MEM-2025-LOT7,M01,-4,-22,1,10
MEM-2025-LOT7,M01,-3,-22,1,10
MEM-2025-LOT7,M01,-2,-22,1,10
MEM-2025-LOT7,M01,-1,-22,1,10
MEM-2025-LOT7,M01,0,-22,1,10
MEM-2025-LOT7,M01,1,-22,1,10
MEM-2025-LOT7,M01,2,-22,1,10
MEM-2025-LOT7,M01,3,-22,1,10
MEM-2025-LOT7,M01,4,-22,1,10
MEM-2025-LOT7,M01,5,-22,1,10
MEM-2025-LOT7,M01,6,-22,1,10
MEM-2025-LOT7,M01,7,-22,1,10
MEM-2025-LOT7,M01,8,-22,1,10
MEM-2025-LOT7,M01,9,-22,1,10
MEM-2025-LOT7,M01,10,-22,1,10
MEM-2025-LOT7,M01,11,-22,1,10
MEM-2025-LOT7,M01,12,-22,1,10
MEM-2025-LOT7,M01,13,-22,1,10
MEM-2025-LOT7,M01,14,-22,1,10
MEM-2025-LOT7,M01,15,-22,1,10
MEM-2025-LOT7,M01,16,-22,1,10
MEM-2025-LOT7,M01,17,-22,2,30
MEM-2025-LOT7,M01,18,-22,1,10
MEM-2025-LOT7,M01,19,-22,1,10
MEM-2025-LOT7,M01,20,-22,1,10
MEM-2025-LOT7,M01,21,-22,1,10
MEM-2025-LOT7,M01,22,-22,1,10
MEM-2025-LOT7,M01,23,-22,1,10
MEM-2025-LOT7,M01,24,-22,2,21
MEM-2025-LOT7,M01,25,-22,2,21
MEM-2025-LOT7,M01,26,-22,2,30
MEM-2025-LOT7,M01,27,-22,2,31
MEM-2025-LOT7,M01,28,-22,2,30
MEM-2025-LOT7,M01,-29,-21,1,10
MEM-2025-LOT7,M01,-28,-21,1,10
MEM-2025-LOT7,M01,-27,-21,2,30
MEM-2025-LOT7,M01,-26,-21,2,20
MEM-2025-LOT7,M01,-25,-21,1,10
MEM-2025-LOT7,M01,-24,-21,1,10
MEM-2025-LOT7,M01,-23,-21,1,10
MEM-2025-LOT7,M01,-22,-21,1,10
MEM-2025-LOT7,M01,-21,-21,1,10
MEM-2025-LOT7,M01,-20,-21,3,31
MEM-2025-LOT7,M01,-19,-21,1,10
MEM-2025-LOT7,M01,-18,-21,1,10
MEM-2025-LOT7,M01,-17,-21,1,10
MEM-2025-LOT7,M01,-16,-21,1,10
MEM-2025-LOT7,M01,-15,-21,1,10
MEM-2025-LOT7,M01,-14,-21,1,10
MEM-2025-LOT7,M01,-13,-21,1,10
MEM-2025-LOT7,M01,-12,-21,1,10
MEM-2025-LOT7,M01,-11,-21,1,10
MEM-2025-LOT7,M01,-10,-21,1,10
MEM-2025-LOT7,M01,-9,-21,1,10
MEM-2025-LOT7,M01,-8,-21,1,10
MEM-2025-LOT7,M01,-7,-21,1,10
MEM-2025-LOT7,M01,-6,-21,1,10
MEM-2025-LOT7,M01,-5,-21,1,10
MEM-2025-LOT7,M01,-4,-21,1,10
MEM-2025-LOT7,M01,-3,-21,1,10
MEM-2025-LOT7,M01,-2,-21,1,10
MEM-2025-LOT7,M01,-1,-21,1,10
MEM-2025-LOT7,M01,0,-21,1,10
MEM-2025-LOT7,M01,1,-21,1,10
MEM-2025-LOT7,M01,2,-21,1,10
MEM-2025-LOT7,M01,3,-21,1,10
MEM-2025-LOT7,M01,4,-21,1,10
MEM-2025-LOT7,M01,5,-21,1,10
MEM-2025-LOT7,M01,6,-21,1,10
MEM-2025-LOT7,M01,7,-21,1,10
MEM-2025-LOT7,M01,8,-21,1,10
MEM-2025-LOT7,M01,9,-21,1,10
MEM-2025-LOT7,M01,10,-21,1,10
MEM-2025-LOT7,M01,11,-21,1,10
MEM-2025-LOT7,M01,12,-21,1,10
MEM-2025-LOT7,M01,13,-21,1,10
MEM-2025-LOT7,M01,14,-21,1,10
MEM-2025-LOT7,M01,15,-21,1,10
MEM-2025-LOT7,M01,16,-21,1,10
MEM-2025-LOT7,M01,17,-21,1,10
MEM-2025-LOT7,M01,18,-21,1,10
MEM-2025-LOT7,M01,19,-21,1,10
MEM-2025-LOT7,M01,20,-21,1,10
MEM-2025-LOT7,M01,21,-21,1,10
MEM-2025-LOT7,M01,22,-21,1,10
MEM-2025-LOT7,M01,23,-21,1,10
MEM-2025-LOT7,M01,24,-21,3,21
MEM-2025-LOT7,M01,25,-21,4,20
MEM-2025-LOT7,M01,26,-21,1,10
MEM-2025-LOT7,M01,27,-21,1,10
MEM-2025-LOT7,M01,28,-21,1,10
MEM-2025-LOT7,M01,29,-21,1,10
MEM-2025-LOT7,M01,-29,-20,1,10
MEM-2025-LOT7,M01,-28,-20,3,20
MEM-2025-LOT7,M01,-27,-20,1,10
MEM-2025-LOT7,M01,-26,-20,3,20
MEM-2025-LOT7,M01,-25,-20,4,21
MEM-2025-LOT7,M01,-24,-20,1,10
MEM-2025-LOT7,M01,-23,-20,1,10
MEM-2025-LOT7,M01,-22,-20,1,10
MEM-2025-LOT7,M01,-21,-20,1,10
MEM-2025-LOT7,M01,-20,-20,1,10
MEM-2025-LOT7,M01,-19,-20,1,10
MEM-2025-LOT7,M01,-18,-20,1,10
MEM-2025-LOT7,M01,-17,-20,4,22
MEM-2025-LOT7,M01,-16,-20,1,10
MEM-2025-LOT7,M01,-15,-20,1,10
MEM-2025-LOT7,M01,-14,-20,1,10
MEM-2025-LOT7,M01,-13,-20,1,10
MEM-2025-LOT7,M01,-12,-20,1,10
MEM-2025-LOT7,M01,-11,-20,1,10
MEM-2025-LOT7,M01,-10,-20,1,10
MEM-2025-LOT7,M01,-9,-20,1,10
MEM-2025-LOT7,M01,-8,-20,1,10
MEM-2025-LOT7,M01,-7,-20,1,10
MEM-2025-LOT7,M01,-6,-20,1,10
MEM-2025-LOT7,M01,-5,-20,1,10
MEM-2025-LOT7,M01,-4,-20,1,10
MEM-2025-LOT7,M01,-3,-20,1,10
MEM-2025-LOT7,M01,-2,-20,1,10
MEM-2025-LOT7,M01,-1,-20,1,10
MEM-2025-LOT7,M01,0,-20,1,10
MEM-2025-LOT7,M01,1,-20,1,10
MEM-2025-LOT7,M01,2,-20,1,10
MEM-2025-LOT7,M01,3,-20,1,10
MEM-2025-LOT7,M01,4,-20,1,10
MEM-2025-LOT7,M01,5,-20,1,10
MEM-2025-LOT7,M01,6,-20,1,10
MEM-2025-LOT7,M01,7,-20,1,10
MEM-2025-LOT7,M01,8,-20,1,10
MEM-2025-LOT7,M01,9,-20,1,10
MEM-2025-LOT7,M01,10,-20,1,10
MEM-2025-LOT7,M01,11,-20,1,10
MEM-2025-LOT7,M01,12,-20,2,20
MEM-2025-LOT7,M01,13,-20,1,10
MEM-2025-LOT7,M01,14,-20,1,10
MEM-2025-LOT7,M01,15,-20,1,10
MEM-2025-LOT7,M01,16,-20,1,10
MEM-2025-LOT7,M01,17,-20,1,10
MEM-2025-LOT7,M01,18,-20,1,10
MEM-2025-LOT7,M01,19,-20,1,10
MEM-2025-LOT7,M01,20,-20,1,10
MEM-2025-LOT7,M01,21,-20,1,10
MEM-2025-LOT7,M01,22,-20,1,10
MEM-2025-LOT7,M01,23,-20,1,10
MEM-2025-LOT7,M01,24,-20,3,31
MEM-2025-LOT7,M01,25,-20,2,31
MEM-2025-LOT7,M01,26,-20,2,20
MEM-2025-LOT7,M01,27,-20,3,31
MEM-2025-LOT7,M01,28,-20,3,22
MEM-2025-LOT7,M01,29,-20,1,10
MEM-2025-LOT7,M01,-29,-19,1,10
MEM-2025-LOT7,M01,-28,-19,1,10
MEM-2025-LOT7,M01,-27,-19,4,30
MEM-2025-LOT7,M01,-26,-19,3,21
MEM-2025-LOT7,M01,-25,-19,1,10
MEM-2025-LOT7,M01,-24,-19,1,10
MEM-2025-LOT7,M01,-23,-19,1,10
MEM-2025-LOT7,M01,-22,-19,1,10
MEM-2025-LOT7,M01,-21,-19,1,10
MEM-2025-LOT7,M01,-20,-19,1,10
MEM-2025-LOT7,M01,-19,-19,1,10
MEM-2025-LOT7,M01,-18,-19,1,10
MEM-2025-LOT7,M01,-17,-19,1,10
MEM-2025-LOT7,M01,-16,-19,1,10
MEM-2025-LOT7,M01,-15,-19,1,10
MEM-2025-LOT7,M01,-14,-19,1,10
MEM-2025-LOT7,M01,-13,-19,1,10
MEM-2025-LOT7,M01,-12,-19,1,10
MEM-2025-LOT7,M01,-11,-19,1,10
MEM-2025-LOT7,M01,-10,-19,1,10
MEM-2025-LOT7,M01,-9,-19,1,10
MEM-2025-LOT7,M01,-8,-19,1,10
MEM-2025-LOT7,M01,-7,-19,1,10
MEM-2025-LOT7,M01,-6,-19,1,10
MEM-2025-LOT7,M01,-5,-19,1,10
MEM-2025-LOT7,M01,-4,-19,1,10
MEM-2025-LOT7,M01,-3,-19,1,10
MEM-2025-LOT7,M01,-2,-19,1,10
MEM-2025-LOT7,M01,-1,-19,1,10
MEM-2025-LOT7,M01,0,-19,1,10
MEM-2025-LOT7,M01,1,-19,3,20
MEM-2025-LOT7,M01,2,-19,1,10
MEM-2025-LOT7,M01,3,-19,4,30
MEM-2025-LOT7,M01,4,-19,1,10
MEM-2025-LOT7,M01,5,-19,1,10
MEM-2025-LOT7,M01,6,-19,1,10
MEM-2025-LOT7,M01,7,-19,1,10
MEM-2025-LOT7,M01,8,-19,1,10
MEM-2025-LOT7,M01,9,-19,1,10
MEM-2025-LOT7,M01,10,-19,1,10
MEM-2025-LOT7,M01,11,-19,1,10
MEM-2025-LOT7,M01,12,-19,1,10
MEM-2025-LOT7,M01,13,-19,1,10
MEM-2025-LOT7,M01,14,-19,1,10
MEM-2025-LOT7,M01,15,-19,4,20
MEM-2025-LOT7,M01,16,-19,1,10
MEM-2025-LOT7,M01,17,-19,2,31
MEM-2025-LOT7,M01,18,-19,1,10
MEM-2025-LOT7,M01,19,-19,1,10
MEM-2025-LOT7,M01,20,-19,1,10
MEM-2025-LOT7,M01,21,-19,1,10
MEM-2025-LOT7,M01,22,-19,1,10
MEM-2025-LOT7,M01,23,-19,1,10
MEM-2025-LOT7,M01,24,-19,1,10
MEM-2025-LOT7,M01,25,-19,3,30
MEM-2025-LOT7,M01,26,-19,2,21
MEM-2025-LOT7,M01,27,-19,1,10
MEM-2025-LOT7,M01,28,-19,4,30
MEM-2025-LOT7,M01,29,-19,1,10
MEM-2025-LOT7,M01,-30,-18,2,31
MEM-2025-LOT7,M01,-29,-18,1,10
MEM-2025-LOT7,M01,-28,-18,2,21
MEM-2025-LOT7,M01,-27,-18,2,30
MEM-2025-LOT7,M01,-26,-18,1,10
MEM-2025-LOT7,M01,-25,-18,3,30
MEM-2025-LOT7,M01,-24,-18,1,10
MEM-2025-LOT7,M01,-23,-18,1,10
MEM-2025-LOT7,M01,-22,-18,1,10
MEM-2025-LOT7,M01,-21,-18,1,10
MEM-2025-LOT7,M01,-20,-18,1,10
MEM-2025-LOT7,M01,-19,-18,1,10
MEM-2025-LOT7,M01,-18,-18,1,10
MEM-2025-LOT7,M01,-17,-18,1,10
MEM-2025-LOT7,M01,-16,-18,1,10
MEM-2025-LOT7,M01,-15,-18,1,10
MEM-2025-LOT7,M01,-14,-18,1,10
MEM-2025-LOT7,M01,-13,-18,1,10
MEM-2025-LOT7,M01,-12,-18,1,10
MEM-2025-LOT7,M01,-11,-18,1,10
MEM-2025-LOT7,M01,-10,-18,1,10
MEM-2025-LOT7,M01,-9,-18,1,10
MEM-2025-LOT7,M01,-8,-18,1,10
MEM-2025-LOT7,M01,-7,-18,1,10
MEM-2025-LOT7,M01,-6,-18,1,10
MEM-2025-LOT7,M01,-5,-18,1,10
MEM-2025-LOT7,M01,-4,-18,1,10
MEM-2025-LOT7,M01,-3,-18,1,10
MEM-2025-LOT7,M01,-2,-18,1,10
MEM-2025-LOT7,M01,-1,-18,1,10
MEM-2025-LOT7,M01,0,-18,1,10
MEM-2025-LOT7,M01,1,-18,1,10
MEM-2025-LOT7,M01,2,-18,1,10
MEM-2025-LOT7,M01,3,-18,1,10
MEM-2025-LOT7,M01,4,-18,1,10
MEM-2025-LOT7,M01,5,-18,1,10
MEM-2025-LOT7,M01,6,-18,1,10
MEM-2025-LOT7,M01,7,-18,1,10
MEM-2025-LOT7,M01,8,-18,1,10
MEM-2025-LOT7,M01,9,-18,1,10
MEM-2025-LOT7,M01,10,-18,1,10
MEM-2025-LOT7,M01,11,-18,1,10
MEM-2025-LOT7,M01,12,-18,1,10
MEM-2025-LOT7,M01,13,-18,1,10
MEM-2025-LOT7,M01,14,-18,1,10
MEM-2025-LOT7,M01,15,-18,1,10
MEM-2025-LOT7,M01,16,-18,1,10
MEM-2025-LOT7,M01,17,-18,1,10
MEM-2025-LOT7,M01,18,-18,1,10
MEM-2025-LOT7,M01,19,-18,1,10
MEM-2025-LOT7,M01,20,-18,1,10
MEM-2025-LOT7,M01,21,-18,1,10
MEM-2025-LOT7,M01,22,-18,1,10
MEM-2025-LOT7,M01,23,-18,1,10
MEM-2025-LOT7,M01,24,-18,1,10
MEM-2025-LOT7,M01,25,-18,1,10
MEM-2025-LOT7,M01,26,-18,1,10
MEM-2025-LOT7,M01,27,-18,1,10
MEM-2025-LOT7,M01,28,-18,2,31
MEM-2025-LOT7,M01,29,-18,2,20
MEM-2025-LOT7,M01,30,-18,2,20
MEM-2025-LOT7,M01,-30,-17,2,30
MEM-2025-LOT7,M01,-29,-17,2,31
MEM-2025-LOT7,M01,-28,-17,1,10
MEM-2025-LOT7,M01,-27,-17,1,10
MEM-2025-LOT7,M01,-26,-17,1,10
MEM-2025-LOT7,M01,-25,-17,1,10
MEM-2025-LOT7,M01,-24,-17,1,10
MEM-2025-LOT7,M01,-23,-17,1,10
MEM-2025-LOT7,M01,-22,-17,1,10
MEM-2025-LOT7,M01,-21,-17,1,10
MEM-2025-LOT7,M01,-20,-17,1,10
MEM-2025-LOT7,M01,-19,-17,1,10
MEM-2025-LOT7,M01,-18,-17,1,10
MEM-2025-LOT7,M01,-17,-17,1,10
MEM-2025-LOT7,M01,-16,-17,1,10
MEM-2025-LOT7,M01,-15,-17,1,10
MEM-2025-LOT7,M01,-14,-17,1,10
MEM-2025-LOT7,M01,-13,-17,1,10
MEM-2025-LOT7,M01,-12,-17,1,10
MEM-2025-LOT7,M01,-11,-17,2,21
MEM-2025-LOT7,M01,-10,-17,1,10
MEM-2025-LOT7,M01,-9,-17,2,22
MEM-2025-LOT7,M01,-8,-17,1,10
MEM-2025-LOT7,M01,-7,-17,2,22
MEM-2025-LOT7,M01,-6,-17,1,10
MEM-2025-LOT7,M01,-5,-17,1,10
MEM-2025-LOT7,M01,-4,-17,1,10
MEM-2025-LOT7,M01,-3,-17,1,10
MEM-2025-LOT7,M01,-2,-17,1,10
MEM-2025-LOT7,M01,-1,-17,1,10
MEM-2025-LOT7,M01,0,-17,1,10
MEM-2025-LOT7,M01,1,-17,1,10
MEM-2025-LOT7,M01,2,-17,3,31
MEM-2025-LOT7,M01,3,-17,1,10
MEM-2025-LOT7,M01,4,-17,1,10
MEM-2025-LOT7,M01,5,-17,1,10
MEM-2025-LOT7,M01,6,-17,1,10
MEM-2025-LOT7,M01,7,-17,1,10
MEM-2025-LOT7,M01,8,-17,1,10
MEM-2025-LOT7,M01,9,-17,1,10
MEM-2025-LOT7,M01,10,-17,1,10
MEM-2025-LOT7,M01,11,-17,1,10
MEM-2025-LOT7,M01,12,-17,1,10
MEM-2025-LOT7,M01,13,-17,1,10
MEM-2025-LOT7,M01,14,-17,1,10
MEM-2025-LOT7,M01,15,-17,1,10
MEM-2025-LOT7,M01,16,-17,1,10
MEM-2025-LOT7,M01,17,-17,1,10
MEM-2025-LOT7,M01,18,-17,1,10
MEM-2025-LOT7,M01,19,-17,1,10
MEM-2025-LOT7,M01,20,-17,2,30
MEM-2025-LOT7,M01,21,-17,1,10
MEM-2025-LOT7,M01,22,-17,1,10
MEM-2025-LOT7,M01,23,-17,1,10
MEM-2025-LOT7,M01,24,-17,1,10
MEM-2025-LOT7,M01,25,-17,1,10
MEM-2025-LOT7,M01,26,-17,1,10
MEM-2025-LOT7,M01,27,-17,1,10
MEM-2025-LOT7,M01,28,-17,1,10
MEM-2025-LOT7,M01,29,-17,4,22
MEM-2025-LOT7,M01,30,-17,1,10
MEM-2025-LOT7,M01,-30,-16,1,10
MEM-2025-LOT7,M01,-29,-16,2,30
MEM-2025-LOT7,M01,-28,-16,1,10
MEM-2025-LOT7,M01,-27,-16,2,30
MEM-2025-LOT7,M01,-26,-16,1,10
MEM-2025-LOT7,M01,-25,-16,1,10
MEM-2025-LOT7,M01,-24,-16,1,10
MEM-2025-LOT7,M01,-23,-16,1,10
MEM-2025-LOT7,M01,-22,-16,1,10
MEM-2025-LOT7,M01,-21,-16,1,10
MEM-2025-LOT7,M01,-20,-16,3,30
MEM-2025-LOT7,M01,-19,-16,1,10
MEM-2025-LOT7,M01,-18,-16,1,10
MEM-2025-LOT7,M01,-17,-16,1,10
MEM-2025-LOT7,M01,-16,-16,1,10
MEM-2025-LOT7,M01,-15,-16,1,10
MEM-2025-LOT7,M01,-14,-16,1,10
MEM-2025-LOT7,M01,-13,-16,1,10
MEM-2025-LOT7,M01,-12,-16,1,10
MEM-2025-LOT7,M01,-11,-16,1,10
MEM-2025-LOT7,M01,-10,-16,1,10
MEM-2025-LOT7,M01,-9,-16,1,10
MEM-2025-LOT7,M01,-8,-16,1,10
MEM-2025-LOT7,M01,-7,-16,1,10
MEM-2025-LOT7,M01,-6,-16,1,10
MEM-2025-LOT7,M01,-5,-16,1,10
MEM-2025-LOT7,M01,-4,-16,1,10
MEM-2025-LOT7,M01,-3,-16,1,10
MEM-2025-LOT7,M01,-2,-16,1,10
MEM-2025-LOT7,M01,-1,-16,1,10
MEM-2025-LOT7,M01,0,-16,2,30
MEM-2025-LOT7,M01,1,-16,1,10
MEM-2025-LOT7,M01,2,-16,1,10
MEM-2025-LOT7,M01,3,-16,1,10
MEM-2025-LOT7,M01,4,-16,1,10
MEM-2025-LOT7,M01,5,-16,1,10
MEM-2025-LOT7,M01,6,-16,1,10
MEM-2025-LOT7,M01,7,-16,1,10
MEM-2025-LOT7,M01,8,-16,2,22
MEM-2025-LOT7,M01,9,-16,1,10
MEM-2025-LOT7,M01,10,-16,1,10
MEM-2025-LOT7,M01,11,-16,1,10
MEM-2025-LOT7,M01,12,-16,1,10
MEM-2025-LOT7,M01,13,-16,1,10
MEM-2025-LOT7,M01,14,-16,1,10
MEM-2025-LOT7,M01,15,-16,1,10
MEM-2025-LOT7,M01,16,-16,1,10
MEM-2025-LOT7,M01,17,-16,1,10
MEM-2025-LOT7,M01,18,-16,1,10
MEM-2025-LOT7,M01,19,-16,1,10
MEM-2025-LOT7,M01,20,-16,1,10
MEM-2025-LOT7,M01,21,-16,1,10
MEM-2025-LOT7,M01,22,-16,1,10
MEM-2025-LOT7,M01,23,-16,1,10
MEM-2025-LOT7,M01,24,-16,1,10
MEM-2025-LOT7,M01,25,-16,1,10
MEM-2025-LOT7,M01,26,-16,4,30
MEM-2025-LOT7,M01,27,-16,1,10
MEM-2025-LOT7,M01,28,-16,2,21
MEM-2025-LOT7,M01,29,-16,4,21
MEM-2025-LOT7,M01,30,-16,4,20
MEM-2025-LOT7,M01,-30,-15,4,20
MEM-2025-LOT7,M01,-29,-15,1,10
MEM-2025-LOT7,M01,-28,-15,2,31
MEM-2025-LOT7,M01,-27,-15,2,31
MEM-2025-LOT7,M01,-26,-15,4,20
MEM-2025-LOT7,M01,-25,-15,1,10
MEM-2025-LOT7,M01,-24,-15,1,10
MEM-2025-LOT7,M01,-23,-15,3,31
MEM-2025-LOT7,M01,-22,-15,1,10
MEM-2025-LOT7,M01,-21,-15,1,10
MEM-2025-LOT7,M01,-20,-15,1,10
MEM-2025-LOT7,M01,-19,-15,1,10
MEM-2025-LOT7,M01,-18,-15,1,10
MEM-2025-LOT7,M01,-17,-15,1,10
MEM-2025-LOT7,M01,-16,-15,1,10
MEM-2025-LOT7,M01,-15,-15,1,10
MEM-2025-LOT7,M01,-14,-15,1,10
MEM-2025-LOT7,M01,-13,-15,1,10
MEM-2025-LOT7,M01,-12,-15,1,10
MEM-2025-LOT7,M01,-11,-15,3,30
MEM-2025-LOT7,M01,-10,-15,1,10
MEM-2025-LOT7,M01,-9,-15,1,10
MEM-2025-LOT7,M01,-8,-15,1,10
MEM-2025-LOT7,M01,-7,-15,2,22
MEM-2025-LOT7,M01,-6,-15,1,10
MEM-2025-LOT7,M01,-5,-15,1,10
MEM-2025-LOT7,M01,-4,-15,1,10
MEM-2025-LOT7,M01,-3,-15,1,10
MEM-2025-LOT7,M01,-2,-15,1,10
MEM-2025-LOT7,M01,-1,-15,1,10
MEM-2025-LOT7,M01,0,-15,1,10
MEM-2025-LOT7,M01,1,-15,1,10
MEM-2025-LOT7,M01,2,-15,1,10
MEM-2025-LOT7,M01,3,-15,1,10
MEM-2025-LOT7,M01,4,-15,1,10
MEM-2025-LOT7,M01,5,-15,1,10
MEM-2025-LOT7,M01,6,-15,1,10
MEM-2025-LOT7,M01,7,-15,1,10
MEM-2025-LOT7,M01,8,-15,1,10
MEM-2025-LOT7,M01,9,-15,1,10
MEM-2025-LOT7,M01,10,-15,1,10
MEM-2025-LOT7,M01,11,-15,1,10
MEM-2025-LOT7,M01,12,-15,1,10
MEM-2025-LOT7,M01,13,-15,1,10
MEM-2025-LOT7,M01,14,-15,1,10
MEM-2025-LOT7,M01,15,-15,1,10
MEM-2025-LOT7,M01,16,-15,1,10
MEM-2025-LOT7,M01,17,-15,1,10
MEM-2025-LOT7,M01,18,-15,1,10
MEM-2025-LOT7,M01,19,-15,1,10
MEM-2025-LOT7,M01,20,-15,1,10
MEM-2025-LOT7,M01,21,-15,1,10
MEM-2025-LOT7,M01,22,-15,1,10
MEM-2025-LOT7,M01,23,-15,1,10
MEM-2025-LOT7,M01,24,-15,1,10
MEM-2025-LOT7,M01,25,-15,1,10
MEM-2025-LOT7,M01,26,-15,1,10
MEM-2025-LOT7,M01,27,-15,1,10
MEM-2025-LOT7,M01,28,-15,2,31
MEM-2025-LOT7,M01,29,-15,1,10
MEM-2025-LOT7,M01,30,-15,2,30
MEM-2025-LOT7,M01,-30,-14,1,10
MEM-2025-LOT7,M01,-29,-14,2,20
MEM-2025-LOT7,M01,-28,-14,2,31
MEM-2025-LOT7,M01,-27,-14,1,10
MEM-2025-LOT7,M01,-26,-14,4,22
MEM-2025-LOT7,M01,-25,-14,1,10
MEM-2025-LOT7,M01,-24,-14,1,10
MEM-2025-LOT7,M01,-23,-14,1,10
MEM-2025-LOT7,M01,-22,-14,1,10
MEM-2025-LOT7,M01,-21,-14,1,10
MEM-2025-LOT7,M01,-20,-14,1,10
MEM-2025-LOT7,M01,-19,-14,1,10
MEM-2025-LOT7,M01,-18,-14,1,10
MEM-2025-LOT7,M01,-17,-14,1,10
MEM-2025-LOT7,M01,-16,-14,1,10
MEM-2025-LOT7,M01,-15,-14,1,10
MEM-2025-LOT7,M01,-14,-14,1,10
MEM-2025-LOT7,M01,-13,-14,1,10
MEM-2025-LOT7,M01,-12,-14,1,10
MEM-2025-LOT7,M01,-11,-14,1,10
MEM-2025-LOT7,M01,-10,-14,1,10
MEM-2025-LOT7,M01,-9,-14,1,10
MEM-2025-LOT7,M01,-8,-14,1,10
MEM-2025-LOT7,M01,-7,-14,1,10
MEM-2025-LOT7,M01,-6,-14,1,10
MEM-2025-LOT7,M01,-5,-14,1,10
MEM-2025-LOT7,M01,-4,-14,1,10
MEM-2025-LOT7,M01,-3,-14,1,10
MEM-2025-LOT7,M01,-2,-14,1,10
MEM-2025-LOT7,M01,-1,-14,1,10
MEM-2025-LOT7,M01,0,-14,1,10
MEM-2025-LOT7,M01,1,-14,1,10
MEM-2025-LOT7,M01,2,-14,1,10
MEM-2025-LOT7,M01,3,-14,1,10
MEM-2025-LOT7,M01,4,-14,1,10
MEM-2025-LOT7,M01,5,-14,1,10
MEM-2025-LOT7,M01,6,-14,1,10
MEM-2025-LOT7,M01,7,-14,1,10
MEM-2025-LOT7,M01,8,-14,1,10
MEM-2025-LOT7,M01,9,-14,1,10
MEM-2025-LOT7,M01,10,-14,1,10
MEM-2025-LOT7,M01,11,-14,1,10
MEM-2025-LOT7,M01,12,-14,1,10
MEM-2025-LOT7,M01,13,-14,1,10
MEM-2025-LOT7,M01,14,-14,1,10
MEM-2025-LOT7,M01,15,-14,1,10
MEM-2025-LOT7,M01,16,-14,1,10
MEM-2025-LOT7,M01,17,-14,1,10
MEM-2025-LOT7,M01,18,-14,1,10
MEM-2025-LOT7,M01,19,-14,1,10
MEM-2025-LOT7,M01,20,-14,1,10
MEM-2025-LOT7,M01,21,-14,1,10
MEM-2025-LOT7,M01,22,-14,1,10
MEM-2025-LOT7,M01,23,-14,1,10
MEM-2025-LOT7,M01,24,-14,1,10
MEM-2025-LOT7,M01,25,-14,1,10
MEM-2025-LOT7,M01,26,-14,1,10
MEM-2025-LOT7,M01,27,-14,1,10
MEM-2025-LOT7,M01,28,-14,2,21
MEM-2025-LOT7,M01,29,-14,3,20
MEM-2025-LOT7,M01,30,-14,2,31
MEM-2025-LOT7,M01,-31,-13,2,30
MEM-2025-LOT7,M01,-30,-13,1,10
MEM-2025-LOT7,M01,-29,-13,1,10
MEM-2025-LOT7,M01,-28,-13,2,22
MEM-2025-LOT7,M01,-27,-13,1,10
MEM-2025-LOT7,M01,-26,-13,1,10
MEM-2025-LOT7,M01,-25,-13,1,10
MEM-2025-LOT7,M01,-24,-13,1,10
MEM-2025-LOT7,M01,-23,-13,1,10
MEM-2025-LOT7,M01,-22,-13,1,10
MEM-2025-LOT7,M01,-21,-13,1,10
MEM-2025-LOT7,M01,-20,-13,2,22
MEM-2025-LOT7,M01,-19,-13,1,10
MEM-2025-LOT7,M01,-18,-13,1,10
MEM-2025-LOT7,M01,-17,-13,1,10
MEM-2025-LOT7,M01,-16,-13,3,31
MEM-2025-LOT7,M01,-15,-13,1,10
MEM-2025-LOT7,M01,-14,-13,1,10
MEM-2025-LOT7,M01,-13,-13,1,10
MEM-2025-LOT7,M01,-12,-13,1,10
MEM-2025-LOT7,M01,-11,-13,1,10
MEM-2025-LOT7,M01,-10,-13,1,10
MEM-2025-LOT7,M01,-9,-13,1,10
MEM-2025-LOT7,M01,-8,-13,1,10
MEM-2025-LOT7,M01,-7,-13,1,10
MEM-2025-LOT7,M01,-6,-13,1,10
MEM-2025-LOT7,M01,-5,-13,1,10
MEM-2025-LOT7,M01,-4,-13,1,10
MEM-2025-LOT7,M01,-3,-13,1,10
MEM-2025-LOT7,M01,-2,-13,1,10
MEM-2025-LOT7,M01,-1,-13,1,10
MEM-2025-LOT7,M01,0,-13,1,10
MEM-2025-LOT7,M01,1,-13,1,10
MEM-2025-LOT7,M01,2,-13,1,10
MEM-2025-LOT7,M01,3,-13,1,10
MEM-2025-LOT7,M01,4,-13,1,10
MEM-2025-LOT7,M01,5,-13,1,10
MEM-2025-LOT7,M01,6,-13,1,10
MEM-2025-LOT7,M01,7,-13,1,10
MEM-2025-LOT7,M01,8,-13,1,10
MEM-2025-LOT7,M01,9,-13,1,10
MEM-2025-LOT7,M01,10,-13,1,10
MEM-2025-LOT7,M01,11,-13,1,10
MEM-2025-LOT7,M01,12,-13,1,10
MEM-2025-LOT7,M01,13,-13,1,10
MEM-2025-LOT7,M01,14,-13,1,10
MEM-2025-LOT7,M01,15,-13,1,10
MEM-2025-LOT7,M01,16,-13,1,10
MEM-2025-LOT7,M01,17,-13,1,10
MEM-2025-LOT7,M01,18,-13,1,10
MEM-2025-LOT7,M01,19,-13,1,10
MEM-2025-LOT7,M01,20,-13,1,10
MEM-2025-LOT7,M01,21,-13,1,10
MEM-2025-LOT7,M01,22,-13,1,10
MEM-2025-LOT7,M01,23,-13,1,10
MEM-2025-LOT7,M01,24,-13,1,10
MEM-2025-LOT7,M01,25,-13,1,10
MEM-2025-LOT7,M01,26,-13,2,31
MEM-2025-LOT7,M01,27,-13,1,10
MEM-2025-LOT7,M01,28,-13,2,30
MEM-2025-LOT7,M01,29,-13,2,30
MEM-2025-LOT7,M01,30,-13,1,10
MEM-2025-LOT7,M01,31,-13,3,21
MEM-2025-LOT7,M01,-31,-12,1,10
MEM-2025-LOT7,M01,-30,-12,2,31
MEM-2025-LOT7,M01,-29,-12,2,22
MEM-2025-LOT7,M01,-28,-12,3,30
MEM-2025-LOT7,M01,-27,-12,3,30
MEM-2025-LOT7,M01,-26,-12,1,10
MEM-2025-LOT7,M01,-25,-12,1,10
MEM-2025-LOT7,M01,-24,-12,1,10
MEM-2025-LOT7,M01,-23,-12,1,10
MEM-2025-LOT7,M01,-22,-12,1,10
MEM-2025-LOT7,M01,-21,-12,1,10
MEM-2025-LOT7,M01,-20,-12,1,10
MEM-2025-LOT7,M01,-19,-12,1,10
MEM-2025-LOT7,M01,-18,-12,1,10
MEM-2025-LOT7,M01,-17,-12,1,10
MEM-2025-LOT7,M01,-16,-12,1,10
MEM-2025-LOT7,M01,-15,-12,1,10
MEM-2025-LOT7,M01,-14,-12,1,10
MEM-2025-LOT7,M01,-13,-12,1,10
MEM-2025-LOT7,M01,-12,-12,1,10
MEM-2025-LOT7,M01,-11,-12,1,10
MEM-2025-LOT7,M01,-10,-12,1,10
MEM-2025-LOT7,M01,-9,-12,1,10
MEM-2025-LOT7,M01,-8,-12,1,10
MEM-2025-LOT7,M01,-7,-12,1,10
MEM-2025-LOT7,M01,-6,-12,1,10
MEM-2025-LOT7,M01,-5,-12,1,10
MEM-2025-LOT7,M01,-4,-12,1,10
MEM-2025-LOT7,M01,-3,-12,1,10
MEM-2025-LOT7,M01,-2,-12,1,10
MEM-2025-LOT7,M01,-1,-12,1,10
MEM-2025-LOT7,M01,0,-12,1,10
MEM-2025-LOT7,M01,1,-12,1,10
MEM-2025-LOT7,M01,2,-12,1,10
MEM-2025-LOT7,M01,3,-12,1,10
MEM-2025-LOT7,M01,4,-12,1,10
MEM-2025-LOT7,M01,5,-12,1,10
MEM-2025-LOT7,M01,6,-12,1,10
MEM-2025-LOT7,M01,7,-12,1,10
MEM-2025-LOT7,M01,8,-12,1,10
MEM-2025-LOT7,M01,9,-12,1,10
MEM-2025-LOT7,M01,10,-12,1,10
MEM-2025-LOT7,M01,11,-12,1,10
MEM-2025-LOT7,M01,12,-12,1,10
MEM-2025-LOT7,M01,13,-12,1,10
MEM-2025-LOT7,M01,14,-12,1,10
MEM-2025-LOT7,M01,15,-12,1,10
MEM-2025-LOT7,M01,16,-12,1,10
MEM-2025-LOT7,M01,17,-12,1,10
MEM-2025-LOT7,M01,18,-12,1,10
MEM-2025-LOT7,M01,19,-12,1,10
MEM-2025-LOT7,M01,20,-12,1,10
MEM-2025-LOT7,M01,21,-12,1,10
MEM-2025-LOT7,M01,22,-12,1,10
MEM-2025-LOT7,M01,23,-12,1,10
MEM-2025-LOT7,M01,24,-12,1,10
MEM-2025-LOT7,M01,25,-12,1,10
MEM-2025-LOT7,M01,26,-12,1,10
MEM-2025-LOT7,M01,27,-12,1,10
MEM-2025-LOT7,M01,28,-12,1,10
MEM-2025-LOT7,M01,29,-12,1,10
MEM-2025-LOT7,M01,30,-12,3,21
MEM-2025-LOT7,M01,31,-12,1,10
MEM-2025-LOT7,M01,-31,-11,4,31
MEM-2025-LOT7,M01,-30,-11,3,20
MEM-2025-LOT7,M01,-29,-11,2,22
MEM-2025-LOT7,M01,-28,-11,2,22
MEM-2025-LOT7,M01,-27,-11,4,22
MEM-2025-LOT7,M01,-26,-11,1,10
MEM-2025-LOT7,M01,-25,-11,1,10
MEM-2025-LOT7,M01,-24,-11,1,10
MEM-2025-LOT7,M01,-23,-11,1,10
MEM-2025-LOT7,M01,-22,-11,1,10
MEM-2025-LOT7,M01,-21,-11,1,10
MEM-2025-LOT7,M01,-20,-11,1,10
MEM-2025-LOT7,M01,-19,-11,1,10
MEM-2025-LOT7,M01,-18,-11,1,10
MEM-2025-LOT7,M01,-17,-11,1,10
MEM-2025-LOT7,M01,-16,-11,1,10
MEM-2025-LOT7,M01,-15,-11,1,10
MEM-2025-LOT7,M01,-14,-11,1,10
MEM-2025-LOT7,M01,-13,-11,1,10
MEM-2025-LOT7,M01,-12,-11,1,10
MEM-2025-LOT7,M01,-11,-11,1,10
MEM-2025-LOT7,M01,-10,-11,1,10
MEM-2025-LOT7,M01,-9,-11,1,10
MEM-2025-LOT7,M01,-8,-11,1,10
MEM-2025-LOT7,M01,-7,-11,1,10
MEM-2025-LOT7,M01,-6,-11,1,10
MEM-2025-LOT7,M01,-5,-11,1,10
MEM-2025-LOT7,M01,-4,-11,1,10
MEM-2025-LOT7,M01,-3,-11,1,10
MEM-2025-LOT7,M01,-2,-11,1,10
MEM-2025-LOT7,M01,-1,-11,1,10
MEM-2025-LOT7,M01,0,-11,1,10
MEM-2025-LOT7,M01,1,-11,1,10
MEM-2025-LOT7,M01,2,-11,1,10
MEM-2025-LOT7,M01,3,-11,1,10
MEM-2025-LOT7,M01,4,-11,1,10
MEM-2025-LOT7,M01,5,-11,1,10
MEM-2025-LOT7,M01,6,-11,1,10
MEM-2025-LOT7,M01,7,-11,1,10
MEM-2025-LOT7,M01,8,-11,1,10
MEM-2025-LOT7,M01,9,-11,1,10
MEM-2025-LOT7,M01,10,-11,1,10
MEM-2025-LOT7,M01,11,-11,1,10
MEM-2025-LOT7,M01,12,-11,1,10
MEM-2025-LOT7,M01,13,-11,1,10
MEM-2025-LOT7,M01,14,-11,1,10
MEM-2025-LOT7,M01,15,-11,1,10
MEM-2025-LOT7,M01,16,-11,1,10
MEM-2025-LOT7,M01,17,-11,1,10
MEM-2025-LOT7,M01,18,-11,1,10
MEM-2025-LOT7,M01,19,-11,1,10
MEM-2025-LOT7,M01,20,-11,1,10
MEM-2025-LOT7,M01,21,-11,1,10
MEM-2025-LOT7,M01,22,-11,1,10
MEM-2025-LOT7,M01,23,-11,1,10
MEM-2025-LOT7,M01,24,-11,1,10
MEM-2025-LOT7,M01,25,-11,1,10
MEM-2025-LOT7,M01,26,-11,1,10
MEM-2025-LOT7,M01,27,-11,1,10
MEM-2025-LOT7,M01,28,-11,2,22
MEM-2025-LOT7,M01,29,-11,1,10
MEM-2025-LOT7,M01,30,-11,1,10
MEM-2025-LOT7,M01,31,-11,2,21
MEM-2025-LOT7,M01,-31,-10,1,10
MEM-2025-LOT7,M01,-30,-10,1,10
MEM-2025-LOT7,M01,-29,-10,1,10
MEM-2025-LOT7,M01,-28,-10,3,30
MEM-2025-LOT7,M01,-27,-10,3,31
MEM-2025-LOT7,M01,-26,-10,1,10
MEM-2025-LOT7,M01,-25,-10,1,10
MEM-2025-LOT7,M01,-24,-10,1,10
MEM-2025-LOT7,M01,-23,-10,1,10
MEM-2025-LOT7,M01,-22,-10,1,10
MEM-2025-LOT7,M01,-21,-10,1,10
MEM-2025-LOT7,M01,-20,-10,1,10
MEM-2025-LOT7,M01,-19,-10,1,10
MEM-2025-LOT7,M01,-18,-10,1,10
MEM-2025-LOT7,M01,-17,-10,4,30
MEM-2025-LOT7,M01,-16,-10,1,10
MEM-2025-LOT7,M01,-15,-10,1,10
MEM-2025-LOT7,M01,-14,-10,1,10
MEM-2025-LOT7,M01,-13,-10,1,10
MEM-2025-LOT7,M01,-12,-10,1,10
MEM-2025-LOT7,M01,-11,-10,1,10
MEM-2025-LOT7,M01,-10,-10,1,10
MEM-2025-LOT7,M01,-9,-10,1,10
MEM-2025-LOT7,M01,-8,-10,1,10
MEM-2025-LOT7,M01,-7,-10,1,10
MEM-2025-LOT7,M01,-6,-10,1,10
MEM-2025-LOT7,M01,-5,-10,1,10
MEM-2025-LOT7,M01,-4,-10,1,10
MEM-2025-LOT7,M01,-3,-10,1,10
MEM-2025-LOT7,M01,-2,-10,1,10
MEM-2025-LOT7,M01,-1,-10,1,10
MEM-2025-LOT7,M01,0,-10,1,10
MEM-2025-LOT7,M01,1,-10,1,10
MEM-2025-LOT7,M01,2,-10,1,10
MEM-2025-LOT7,M01,3,-10,2,31
MEM-2025-LOT7,M01,4,-10,1,10
MEM-2025-LOT7,M01,5,-10,1,10
MEM-2025-LOT7,M01,6,-10,1,10
MEM-2025-LOT7,M01,7,-10,1,10
MEM-2025-LOT7,M01,8,-10,1,10
MEM-2025-LOT7,M01,9,-10,1,10
MEM-2025-LOT7,M01,10,-10,1,10
MEM-2025-LOT7,M01,11,-10,1,10
MEM-2025-LOT7,M01,12,-10,1,10
MEM-2025-LOT7,M01,13,-10,1,10
MEM-2025-LOT7,M01,14,-10,1,10
MEM-2025-LOT7,M01,15,-10,1,10
MEM-2025-LOT7,M01,16,-10,1,10
MEM-2025-LOT7,M01,17,-10,1,10
MEM-2025-LOT7,M01,18,-10,1,10
MEM-2025-LOT7,M01,19,-10,1,10
MEM-2025-LOT7,M01,20,-10,1,10
MEM-2025-LOT7,M01,21,-10,1,10
MEM-2025-LOT7,M01,22,-10,1,10
MEM-2025-LOT7,M01,23,-10,1,10
MEM-2025-LOT7,M01,24,-10,1,10
MEM-2025-LOT7,M01,25,-10,1,10
MEM-2025-LOT7,M01,26,-10,1,10
MEM-2025-LOT7,M01,27,-10,1,10
MEM-2025-LOT7,M01,28,-10,3,20
MEM-2025-LOT7,M01,29,-10,3,30
MEM-2025-LOT7,M01,30,-10,4,21
MEM-2025-LOT7,M01,31,-10,3,21
MEM-2025-LOT7,M01,-31,-9,1,10
MEM-2025-LOT7,M01,-30,-9,1,10
MEM-2025-LOT7,M01,-29,-9,1,10
MEM-2025-LOT7,M01,-28,-9,1,10
MEM-2025-LOT7,M01,-27,-9,2,31
MEM-2025-LOT7,M01,-26,-9,1,10
MEM-2025-LOT7,M01,-25,-9,1,10
MEM-2025-LOT7,M01,-24,-9,1,10
MEM-2025-LOT7,M01,-23,-9,1,10
MEM-2025-LOT7,M01,-22,-9,1,10
MEM-2025-LOT7,M01,-21,-9,1,10
MEM-2025-LOT7,M01,-20,-9,1,10
MEM-2025-LOT7,M01,-19,-9,1,10
MEM-2025-LOT7,M01,-18,-9,1,10
MEM-2025-LOT7,M01,-17,-9,1,10
MEM-2025-LOT7,M01,-16,-9,1,10
MEM-2025-LOT7,M01,-15,-9,1,10
MEM-2025-LOT7,M01,-14,-9,1,10
MEM-2025-LOT7,M01,-13,-9,1,10
MEM-2025-LOT7,M01,-12,-9,1,10
MEM-2025-LOT7,M01,-11,-9,1,10
MEM-2025-LOT7,M01,-10,-9,1,10
MEM-2025-LOT7,M01,-9,-9,1,10
MEM-2025-LOT7,M01,-8,-9,1,10
MEM-2025-LOT7,M01,-7,-9,1,10
MEM-2025-LOT7,M01,-6,-9,1,10
MEM-2025-LOT7,M01,-5,-9,1,10
MEM-2025-LOT7,M01,-4,-9,1,10
MEM-2025-LOT7,M01,-3,-9,1,10
MEM-2025-LOT7,M01,-2,-9,1,10
MEM-2025-LOT7,M01,-1,-9,1,10
MEM-2025-LOT7,M01,0,-9,1,10
MEM-2025-LOT7,M01,1,-9,1,10
MEM-2025-LOT7,M01,2,-9,1,10
MEM-2025-LOT7,M01,3,-9,1,10
MEM-2025-LOT7,M01,4,-9,1,10
MEM-2025-LOT7,M01,5,-9,1,10
MEM-2025-LOT7,M01,6,-9,1,10
MEM-2025-LOT7,M01,7,-9,4,31
MEM-2025-LOT7,M01,8,-9,1,10
MEM-2025-LOT7,M01,9,-9,1,10
MEM-2025-LOT7,M01,10,-9,1,10
MEM-2025-LOT7,M01,11,-9,1,10
MEM-2025-LOT7,M01,12,-9,1,10
MEM-2025-LOT7,M01,13,-9,1,10
MEM-2025-LOT7,M01,14,-9,1,10
MEM-2025-LOT7,M01,15,-9,1,10
MEM-2025-LOT7,M01,16,-9,1,10
MEM-2025-LOT7,M01,17,-9,1,10
MEM-2025-LOT7,M01,18,-9,1,10
MEM-2025-LOT7,M01,19,-9,1,10
MEM-2025-LOT7,M01,20,-9,1,10
MEM-2025-LOT7,M01,21,-9,1,10
MEM-2025-LOT7,M01,22,-9,1,10
MEM-2025-LOT7,M01,23,-9,1,10
MEM-2025-LOT7,M01,24,-9,1,10
MEM-2025-LOT7,M01,25,-9,1,10
MEM-2025-LOT7,M01,26,-9,1,10
MEM-2025-LOT7,M01,27,-9,1,10
MEM-2025-LOT7,M01,28,-9,1,10
MEM-2025-LOT7,M01,29,-9,1,10
MEM-2025-LOT7,M01,30,-9,3,21
MEM-2025-LOT7,M01,31,-9,1,10
MEM-2025-LOT7,M01,-31,-8,2,22
MEM-2025-LOT7,M01,-30,-8,2,31
MEM-2025-LOT7,M01,-29,-8,1,10
MEM-2025-LOT7,M01,-28,-8,1,10
MEM-2025-LOT7,M01,-27,-8,4,30
MEM-2025-LOT7,M01,-26,-8,1,10
MEM-2025-LOT7,M01,-25,-8,1,10
MEM-2025-LOT7,M01,-24,-8,1,10
MEM-2025-LOT7,M01,-23,-8,1,10
MEM-2025-LOT7,M01,-22,-8,1,10
MEM-2025-LOT7,M01,-21,-8,1,10
MEM-2025-LOT7,M01,-20,-8,1,10
MEM-2025-LOT7,M01,-19,-8,1,10
MEM-2025-LOT7,M01,-18,-8,1,10
MEM-2025-LOT7,M01,-17,-8,2,30
MEM-2025-LOT7,M01,-16,-8,1,10
MEM-2025-LOT7,M01,-15,-8,1,10
MEM-2025-LOT7,M01,-14,-8,1,10
MEM-2025-LOT7,M01,-13,-8,1,10
MEM-2025-LOT7,M01,-12,-8,1,10
MEM-2025-LOT7,M01,-11,-8,1,10
MEM-2025-LOT7,M01,-10,-8,1,10
MEM-2025-LOT7,M01,-9,-8,1,10
MEM-2025-LOT7,M01,-8,-8,1,10
MEM-2025-LOT7,M01,-7,-8,1,10
MEM-2025-LOT7,M01,-6,-8,1,10
MEM-2025-LOT7,M01,-5,-8,1,10
MEM-2025-LOT7,M01,-4,-8,1,10
MEM-2025-LOT7,M01,-3,-8,1,10
MEM-2025-LOT7,M01,-2,-8,1,10
MEM-2025-LOT7,M01,-1,-8,1,10
MEM-2025-LOT7,M01,0,-8,1,10
MEM-2025-LOT7,M01,1,-8,1,10
MEM-2025-LOT7,M01,2,-8,1,10
MEM-2025-LOT7,M01,3,-8,1,10
MEM-2025-LOT7,M01,4,-8,1,10
MEM-2025-LOT7,M01,5,-8,1,10
MEM-2025-LOT7,M01,6,-8,1,10
MEM-2025-LOT7,M01,7,-8,1,10
MEM-2025-LOT7,M01,8,-8,1,10
MEM-2025-LOT7,M01,9,-8,1,10
MEM-2025-LOT7,M01,10,-8,1,10
MEM-2025-LOT7,M01,11,-8,1,10
MEM-2025-LOT7,M01,12,-8,1,10
MEM-2025-LOT7,M01,13,-8,1,10
MEM-2025-LOT7,M01,14,-8,1,10
MEM-2025-LOT7,M01,15,-8,1,10
MEM-2025-LOT7,M01,16,-8,1,10
MEM-2025-LOT7,M01,17,-8,1,10
MEM-2025-LOT7,M01,18,-8,1,10
MEM-2025-LOT7,M01,19,-8,1,10
MEM-2025-LOT7,M01,20,-8,1,10
MEM-2025-LOT7,M01,21,-8,1,10
MEM-2025-LOT7,M01,22,-8,1,10
MEM-2025-LOT7,M01,23,-8,1,10
MEM-2025-LOT7,M01,24,-8,1,10
MEM-2025-LOT7,M01,25,-8,1,10
MEM-2025-LOT7,M01,26,-8,1,10
MEM-2025-LOT7,M01,27,-8,2,31
MEM-2025-LOT7,M01,28,-8,2,21
MEM-2025-LOT7,M01,29,-8,1,10
MEM-2025-LOT7,M01,30,-8,1,10
MEM-2025-LOT7,M01,31,-8,1,10
MEM-2025-LOT7,M01,-31,-7,1,10
MEM-2025-LOT7,M01,-30,-7,1,10
MEM-2025-LOT7,M01,-29,-7,1,10
MEM-2025-LOT7,M01,-28,-7,1,10
MEM-2025-LOT7,M01,-27,-7,1,10
MEM-2025-LOT7,M01,-26,-7,1,10
MEM-2025-LOT7,M01,-25,-7,1,10
MEM-2025-LOT7,M01,-24,-7,1,10
MEM-2025-LOT7,M01,-23,-7,1,10
MEM-2025-LOT7,M01,-22,-7,1,10
MEM-2025-LOT7,M01,-21,-7,1,10
MEM-2025-LOT7,M01,-20,-7,1,10
MEM-2025-LOT7,M01,-19,-7,1,10
MEM-2025-LOT7,M01,-18,-7,1,10
MEM-2025-LOT7,M01,-17,-7,1,10
MEM-2025-LOT7,M01,-16,-7,4,20
MEM-2025-LOT7,M01,-15,-7,1,10
MEM-2025-LOT7,M01,-14,-7,1,10
MEM-2025-LOT7,M01,-13,-7,1,10
MEM-2025-LOT7,M01,-12,-7,1,10
MEM-2025-LOT7,M01,-11,-7,1,10
MEM-2025-LOT7,M01,-10,-7,1,10
MEM-2025-LOT7,M01,-9,-7,1,10
MEM-2025-LOT7,M01,-8,-7,1,10
MEM-2025-LOT7,M01,-7,-7,1,10
MEM-2025-LOT7,M01,-6,-7,1,10
MEM-2025-LOT7,M01,-5,-7,1,10
MEM-2025-LOT7,M01,-4,-7,1,10
MEM-2025-LOT7,M01,-3,-7,1,10
MEM-2025-LOT7,M01,-2,-7,1,10
MEM-2025-LOT7,M01,-1,-7,1,10
MEM-2025-LOT7,M01,0,-7,1,10
MEM-2025-LOT7,M01,1,-7,1,10
MEM-2025-LOT7,M01,2,-7,1,10
MEM-2025-LOT7,M01,3,-7,1,10
MEM-2025-LOT7,M01,4,-7,1,10
MEM-2025-LOT7,M01,5,-7,1,10
MEM-2025-LOT7,M01,6,-7,1,10
MEM-2025-LOT7,M01,7,-7,1,10
MEM-2025-LOT7,M01,8,-7,1,10
MEM-2025-LOT7,M01,9,-7,1,10
MEM-2025-LOT7,M01,10,-7,1,10
MEM-2025-LOT7,M01,11,-7,1,10
MEM-2025-LOT7,M01,12,-7,1,10
MEM-2025-LOT7,M01,13,-7,1,10
MEM-2025-LOT7,M01,14,-7,1,10
MEM-2025-LOT7,M01,15,-7,1,10
MEM-2025-LOT7,M01,16,-7,1,10
MEM-2025-LOT7,M01,17,-7,1,10
MEM-2025-LOT7,M01,18,-7,1,10
MEM-2025-LOT7,M01,19,-7,1,10
MEM-2025-LOT7,M01,20,-7,1,10
MEM-2025-LOT7,M01,21,-7,1,10
MEM-2025-LOT7,M01,22,-7,1,10
MEM-2025-LOT7,M01,23,-7,1,10
MEM-2025-LOT7,M01,24,-7,1,10
MEM-2025-LOT7,M01,25,-7,1,10
MEM-2025-LOT7,M01,26,-7,1,10
MEM-2025-LOT7,M01,27,-7,4,30
MEM-2025-LOT7,M01,28,-7,1,10
MEM-2025-LOT7,M01,29,-7,2,21
MEM-2025-LOT7,M01,30,-7,2,31
MEM-2025-LOT7,M01,31,-7,2,22
MEM-2025-LOT7,M01,-32,-6,1,10
MEM-2025-LOT7,M01,-31,-6,4,31
MEM-2025-LOT7,M01,-30,-6,1,10
MEM-2025-LOT7,M01,-29,-6,1,10
MEM-2025-LOT7,M01,-28,-6,4,21
MEM-2025-LOT7,M01,-27,-6,1,10
MEM-2025-LOT7,M01,-26,-6,1,10
MEM-2025-LOT7,M01,-25,-6,1,10
MEM-2025-LOT7,M01,-24,-6,1,10
MEM-2025-LOT7,M01,-23,-6,1,10
MEM-2025-LOT7,M01,-22,-6,1,10
MEM-2025-LOT7,M01,-21,-6,1,10
MEM-2025-LOT7,M01,-20,-6,1,10
MEM-2025-LOT7,M01,-19,-6,1,10
MEM-2025-LOT7,M01,-18,-6,1,10
MEM-2025-LOT7,M01,-17,-6,1,10
MEM-2025-LOT7,M01,-16,-6,1,10
MEM-2025-LOT7,M01,-15,-6,1,10
MEM-2025-LOT7,M01,-14,-6,1,10
MEM-2025-LOT7,M01,-13,-6,1,10
MEM-2025-LOT7,M01,-12,-6,1,10
MEM-2025-LOT7,M01,-11,-6,1,10
MEM-2025-LOT7,M01,-10,-6,1,10
MEM-2025-LOT7,M01,-9,-6,1,10
MEM-2025-LOT7,M01,-8,-6,1,10
MEM-2025-LOT7,M01,-7,-6,1,10
MEM-2025-LOT7,M01,-6,-6,2,31
MEM-2025-LOT7,M01,-5,-6,1,10
MEM-2025-LOT7,M01,-4,-6,1,10
MEM-2025-LOT7,M01,-3,-6,1,10
MEM-2025-LOT7,M01,-2,-6,1,10
MEM-2025-LOT7,M01,-1,-6,1,10
MEM-2025-LOT7,M01,0,-6,1,10
MEM-2025-LOT7,M01,1,-6,1,10
MEM-2025-LOT7,M01,2,-6,1,10
MEM-2025-LOT7,M01,3,-6,1,10
MEM-2025-LOT7,M01,4,-6,1,10
MEM-2025-LOT7,M01,5,-6,1,10
MEM-2025-LOT7,M01,6,-6,1,10
MEM-2025-LOT7,M01,7,-6,1,10
MEM-2025-LOT7,M01,8,-6,1,10
MEM-2025-LOT7,M01,9,-6,1,10
MEM-2025-LOT7,M01,10,-6,1,10
MEM-2025-LOT7,M01,11,-6,1,10
MEM-2025-LOT7,M01,12,-6,1,10
MEM-2025-LOT7,M01,13,-6,1,10
MEM-2025-LOT7,M01,14,-6,1,10
MEM-2025-LOT7,M01,15,-6,1,10
MEM-2025-LOT7,M01,16,-6,1,10
MEM-2025-LOT7,M01,17,-6,1,10
MEM-2025-LOT7,M01,18,-6,1,10
MEM-2025-LOT7,M01,19,-6,1,10
MEM-2025-LOT7,M01,20,-6,1,10
MEM-2025-LOT7,M01,21,-6,2,22
MEM-2025-LOT7,M01,22,-6,1,10
MEM-2025-LOT7,M01,23,-6,1,10
MEM-2025-LOT7,M01,24,-6,1,10
MEM-2025-LOT7,M01,25,-6,1,10
MEM-2025-LOT7,M01,26,-6,1,10
MEM-2025-LOT7,M01,27,-6,1,10
MEM-2025-LOT7,M01,28,-6,2,21
MEM-2025-LOT7,M01,29,-6,3,22
MEM-2025-LOT7,M01,30,-6,2,20
MEM-2025-LOT7,M01,31,-6,2,31
MEM-2025-LOT7,M01,32,-6,1,10
MEM-2025-LOT7,M01,-32,-5,1,10
MEM-2025-LOT7,M01,-31,-5,2,30
MEM-2025-LOT7,M01,-30,-5,3,20
MEM-2025-LOT7,M01,-29,-5,2,22
MEM-2025-LOT7,M01,-28,-5,1,10
MEM-2025-LOT7,M01,-27,-5,1,10
MEM-2025-LOT7,M01,-26,-5,1,10
MEM-2025-LOT7,M01,-25,-5,1,10
MEM-2025-LOT7,M01,-24,-5,1,10
MEM-2025-LOT7,M01,-23,-5,1,10
MEM-2025-LOT7,M01,-22,-5,1,10
MEM-2025-LOT7,M01,-21,-5,1,10
MEM-2025-LOT7,M01,-20,-5,1,10
MEM-2025-LOT7,M01,-19,-5,1,10
MEM-2025-LOT7,M01,-18,-5,1,10
MEM-2025-LOT7,M01,-17,-5,1,10
MEM-2025-LOT7,M01,-16,-5,1,10
MEM-2025-LOT7,M01,-15,-5,1,10
MEM-2025-LOT7,M01,-14,-5,1,10
MEM-2025-LOT7,M01,-13,-5,1,10
MEM-2025-LOT7,M01,-12,-5,1,10
MEM-2025-LOT7,M01,-11,-5,1,10
MEM-2025-LOT7,M01,-10,-5,1,10
MEM-2025-LOT7,M01,-9,-5,1,10
MEM-2025-LOT7,M01,-8,-5,1,10
MEM-2025-LOT7,M01,-7,-5,1,10
MEM-2025-LOT7,M01,-6,-5,1,10
MEM-2025-LOT7,M01,-5,-5,1,10
MEM-2025-LOT7,M01,-4,-5,1,10
MEM-2025-LOT7,M01,-3,-5,1,10
MEM-2025-LOT7,M01,-2,-5,1,10
MEM-2025-LOT7,M01,-1,-5,1,10
MEM-2025-LOT7,M01,0,-5,1,10
MEM-2025-LOT7,M01,1,-5,1,10
MEM-2025-LOT7,M01,2,-5,2,21
MEM-2025-LOT7,M01,3,-5,1,10
MEM-2025-LOT7,M01,4,-5,1,10
MEM-2025-LOT7,M01,5,-5,4,20
MEM-2025-LOT7,M01,6,-5,3,22
MEM-2025-LOT7,M01,7,-5,1,10
MEM-2025-LOT7,M01,8,-5,1,10
MEM-2025-LOT7,M01,9,-5,1,10
MEM-2025-LOT7,M01,10,-5,1,10
MEM-2025-LOT7,M01,11,-5,1,10
MEM-2025-LOT7,M01,12,-5,1,10
MEM-2025-LOT7,M01,13,-5,2,31
MEM-2025-LOT7,M01,14,-5,1,10
MEM-2025-LOT7,M01,15,-5,1,10
MEM-2025-LOT7,M01,16,-5,1,10
MEM-2025-LOT7,M01,17,-5,1,10
MEM-2025-LOT7,M01,18,-5,1,10
MEM-2025-LOT7,M01,19,-5,1,10
MEM-2025-LOT7,M01,20,-5,1,10
MEM-2025-LOT7,M01,21,-5,1,10
MEM-2025-LOT7,M01,22,-5,1,10
MEM-2025-LOT7,M01,23,-5,1,10
MEM-2025-LOT7,M01,24,-5,1,10
MEM-2025-LOT7,M01,25,-5,1,10
MEM-2025-LOT7,M01,26,-5,1,10
MEM-2025-LOT7,M01,27,-5,1,10
MEM-2025-LOT7,M01,28,-5,1,10
MEM-2025-LOT7,M01,29,-5,2,30
MEM-2025-LOT7,M01,30,-5,2,22
MEM-2025-LOT7,M01,31,-5,1,10
MEM-2025-LOT7,M01,32,-5,2,21
MEM-2025-LOT7,M01,-32,-4,2,30
MEM-2025-LOT7,M01,-31,-4,1,10
MEM-2025-LOT7,M01,-30,-4,1,10
MEM-2025-LOT7,M01,-29,-4,1,10
MEM-2025-LOT7,M01,-28,-4,1,10
MEM-2025-LOT7,M01,-27,-4,1,10
MEM-2025-LOT7,M01,-26,-4,1,10
MEM-2025-LOT7,M01,-25,-4,2,31
MEM-2025-LOT7,M01,-24,-4,1,10
MEM-2025-LOT7,M01,-23,-4,1,10
MEM-2025-LOT7,M01,-22,-4,1,10
MEM-2025-LOT7,M01,-21,-4,1,10
MEM-2025-LOT7,M01,-20,-4,1,10
MEM-2025-LOT7,M01,-19,-4,1,10
MEM-2025-LOT7,M01,-18,-4,1,10
MEM-2025-LOT7,M01,-17,-4,1,10
MEM-2025-LOT7,M01,-16,-4,1,10
MEM-2025-LOT7,M01,-15,-4,2,21
MEM-2025-LOT7,M01,-14,-4,1,10
MEM-2025-LOT7,M01,-13,-4,1,10
MEM-2025-LOT7,M01,-12,-4,1,10
MEM-2025-LOT7,M01,-11,-4,1,10
MEM-2025-LOT7,M01,-10,-4,1,10
MEM-2025-LOT7,M01,-9,-4,1,10
MEM-2025-LOT7,M01,-8,-4,1,10
MEM-2025-LOT7,M01,-7,-4,1,10
MEM-2025-LOT7,M01,-6,-4,1,10
MEM-2025-LOT7,M01,-5,-4,1,10
MEM-2025-LOT7,M01,-4,-4,1,10
MEM-2025-LOT7,M01,-3,-4,1,10
MEM-2025-LOT7,M01,-2,-4,1,10
MEM-2025-LOT7,M01,-1,-4,1,10
MEM-2025-LOT7,M01,0,-4,1,10
MEM-2025-LOT7,M01,1,-4,1,10
MEM-2025-LOT7,M01,2,-4,1,10
MEM-2025-LOT7,M01,3,-4,2,22
MEM-2025-LOT7,M01,4,-4,1,10
MEM-2025-LOT7,M01,5,-4,1,10
MEM-2025-LOT7,M01,6,-4,1,10
MEM-2025-LOT7,M01,7,-4,1,10
MEM-2025-LOT7,M01,8,-4,1,10
MEM-2025-LOT7,M01,9,-4,1,10
MEM-2025-LOT7,M01,10,-4,1,10
MEM-2025-LOT7,M01,11,-4,1,10
MEM-2025-LOT7,M01,12,-4,1,10
MEM-2025-LOT7,M01,13,-4,1,10
MEM-2025-LOT7,M01,14,-4,1,10
MEM-2025-LOT7,M01,15,-4,1,10
MEM-2025-LOT7,M01,16,-4,1,10
MEM-2025-LOT7,M01,17,-4,1,10
MEM-2025-LOT7,M01,18,-4,1,10
MEM-2025-LOT7,M01,19,-4,1,10
MEM-2025-LOT7,M01,20,-4,1,10
MEM-2025-LOT7,M01,21,-4,1,10
MEM-2025-LOT7,M01,22,-4,1,10
MEM-2025-LOT7,M01,23,-4,1,10
MEM-2025-LOT7,M01,24,-4,1,10
MEM-2025-LOT7,M01,25,-4,1,10
MEM-2025-LOT7,M01,26,-4,1,10
MEM-2025-LOT7,M01,27,-4,1,10
MEM-2025-LOT7,M01,28,-4,2,31
MEM-2025-LOT7,M01,29,-4,1,10
MEM-2025-LOT7,M01,30,-4,2,21
MEM-2025-LOT7,M01,31,-4,2,22
MEM-2025-LOT7,M01,32,-4,1,10
MEM-2025-LOT7,M01,-32,-3,2,30
MEM-2025-LOT7,M01,-31,-3,2,30
MEM-2025-LOT7,M01,-30,-3,4,30
MEM-2025-LOT7,M01,-29,-3,1,10
MEM-2025-LOT7,M01,-28,-3,1,10
MEM-2025-LOT7,M01,-27,-3,1,10
MEM-2025-LOT7,M01,-26,-3,1,10
MEM-2025-LOT7,M01,-25,-3,1,10
MEM-2025-LOT7,M01,-24,-3,1,10
MEM-2025-LOT7,M01,-23,-3,1,10
MEM-2025-LOT7,M01,-22,-3,1,10
MEM-2025-LOT7,M01,-21,-3,1,10
MEM-2025-LOT7,M01,-20,-3,1,10
MEM-2025-LOT7,M01,-19,-3,1,10
MEM-2025-LOT7,M01,-18,-3,1,10
MEM-2025-LOT7,M01,-17,-3,1,10
MEM-2025-LOT7,M01,-16,-3,1,10
MEM-2025-LOT7,M01,-15,-3,1,10
MEM-2025-LOT7,M01,-14,-3,1,10
MEM-2025-LOT7,M01,-13,-3,1,10
MEM-2025-LOT7,M01,-12,-3,1,10
MEM-2025-LOT7,M01,-11,-3,2,30
MEM-2025-LOT7,M01,-10,-3,1,10
MEM-2025-LOT7,M01,-9,-3,1,10
MEM-2025-LOT7,M01,-8,-3,1,10
MEM-2025-LOT7,M01,-7,-3,1,10
MEM-2025-LOT7,M01,-6,-3,1,10
MEM-2025-LOT7,M01,-5,-3,1,10
MEM-2025-LOT7,M01,-4,-3,1,10
MEM-2025-LOT7,M01,-3,-3,1,10
MEM-2025-LOT7,M01,-2,-3,1,10
MEM-2025-LOT7,M01,-1,-3,1,10
MEM-2025-LOT7,M01,0,-3,1,10
MEM-2025-LOT7,M01,1,-3,1,10
MEM-2025-LOT7,M01,2,-3,1,10
MEM-2025-LOT7,M01,3,-3,2,31
MEM-2025-LOT7,M01,4,-3,1,10
MEM-2025-LOT7,M01,5,-3,1,10
MEM-2025-LOT7,M01,6,-3,1,10
MEM-2025-LOT7,M01,7,-3,1,10
MEM-2025-LOT7,M01,8,-3,1,10
MEM-2025-LOT7,M01,9,-3,1,10
MEM-2025-LOT7,M01,10,-3,1,10
MEM-2025-LOT7,M01,11,-3,1,10
MEM-2025-LOT7,M01,12,-3,1,10
MEM-2025-LOT7,M01,13,-3,1,10
MEM-2025-LOT7,M01,14,-3,1,10
MEM-2025-LOT7,M01,15,-3,1,10
MEM-2025-LOT7,M01,16,-3,1,10
MEM-2025-LOT7,M01,17,-3,1,10
MEM-2025-LOT7,M01,18,-3,1,10
MEM-2025-LOT7,M01,19,-3,1,10
MEM-2025-LOT7,M01,20,-3,1,10
MEM-2025-LOT7,M01,21,-3,1,10
MEM-2025-LOT7,M01,22,-3,3,30
MEM-2025-LOT7,M01,23,-3,1,10
MEM-2025-LOT7,M01,24,-3,1,10
MEM-2025-LOT7,M01,25,-3,1,10
MEM-2025-LOT7,M01,26,-3,1,10
MEM-2025-LOT7,M01,27,-3,1,10
MEM-2025-LOT7,M01,28,-3,1,10
MEM-2025-LOT7,M01,29,-3,1,10
MEM-2025-LOT7,M01,30,-3,1,10
MEM-2025-LOT7,M01,31,-3,1,10
MEM-2025-LOT7,M01,32,-3,2,30
MEM-2025-LOT7,M01,-32,-2,4,31
MEM-2025-LOT7,M01,-31,-2,1,10
MEM-2025-LOT7,M01,-30,-2,4,21
MEM-2025-LOT7,M01,-29,-2,1,10
MEM-2025-LOT7,M01,-28,-2,2,30
MEM-2025-LOT7,M01,-27,-2,1,10
MEM-2025-LOT7,M01,-26,-2,1,10
MEM-2025-LOT7,M01,-25,-2,1,10
MEM-2025-LOT7,M01,-24,-2,1,10
MEM-2025-LOT7,M01,-23,-2,1,10
MEM-2025-LOT7,M01,-22,-2,1,10
MEM-2025-LOT7,M01,-21,-2,1,10
MEM-2025-LOT7,M01,-20,-2,1,10
MEM-2025-LOT7,M01,-19,-2,1,10
MEM-2025-LOT7,M01,-18,-2,1,10
MEM-2025-LOT7,M01,-17,-2,1,10
MEM-2025-LOT7,M01,-16,-2,1,10
MEM-2025-LOT7,M01,-15,-2,1,10
MEM-2025-LOT7,M01,-14,-2,1,10
MEM-2025-LOT7,M01,-13,-2,1,10
MEM-2025-LOT7,M01,-12,-2,1,10
MEM-2025-LOT7,M01,-11,-2,1,10
MEM-2025-LOT7,M01,-10,-2,1,10
MEM-2025-LOT7,M01,-9,-2,1,10
MEM-2025-LOT7,M01,-8,-2,2,30
MEM-2025-LOT7,M01,-7,-2,1,10
MEM-2025-LOT7,M01,-6,-2,1,10
MEM-2025-LOT7,M01,-5,-2,1,10
MEM-2025-LOT7,M01,-4,-2,1,10
MEM-2025-LOT7,M01,-3,-2,1,10
MEM-2025-LOT7,M01,-2,-2,1,10
MEM-2025-LOT7,M01,-1,-2,1,10
MEM-2025-LOT7,M01,0,-2,1,10
MEM-2025-LOT7,M01,1,-2,1,10
MEM-2025-LOT7,M01,2,-2,1,10
MEM-2025-LOT7,M01,3,-2,1,10
MEM-2025-LOT7,M01,4,-2,1,10
MEM-2025-LOT7,M01,5,-2,1,10
MEM-2025-LOT7,M01,6,-2,1,10
MEM-2025-LOT7,M01,7,-2,1,10
MEM-2025-LOT7,M01,8,-2,1,10
MEM-2025-LOT7,M01,9,-2,1,10
MEM-2025-LOT7,M01,10,-2,1,10
MEM-2025-LOT7,M01,11,-2,1,10
MEM-2025-LOT7,M01,12,-2,1,10
MEM-2025-LOT7,M01,13,-2,1,10
MEM-2025-LOT7,M01,14,-2,1,10
MEM-2025-LOT7,M01,15,-2,1,10
MEM-2025-LOT7,M01,16,-2,1,10
MEM-2025-LOT7,M01,17,-2,1,10
MEM-2025-LOT7,M01,18,-2,1,10
MEM-2025-LOT7,M01,19,-2,1,10
MEM-2025-LOT7,M01,20,-2,1,10
MEM-2025-LOT7,M01,21,-2,1,10
MEM-2025-LOT7,M01,22,-2,1,10
MEM-2025-LOT7,M01,23,-2,1,10
MEM-2025-LOT7,M01,24,-2,1,10
MEM-2025-LOT7,M01,25,-2,1,10
MEM-2025-LOT7,M01,26,-2,1,10
MEM-2025-LOT7,M01,27,-2,1,10
MEM-2025-LOT7,M01,28,-2,2,22
MEM-2025-LOT7,M01,29,-2,2,31
MEM-2025-LOT7,M01,30,-2,2,21
MEM-2025-LOT7,M01,31,-2,2,20
MEM-2025-LOT7,M01,32,-2,1,10
MEM-2025-LOT7,M01,-32,-1,2,30
MEM-2025-LOT7,M01,-31,-1,1,10
MEM-2025-LOT7,M01,-30,-1,2,21
MEM-2025-LOT7,M01,-29,-1,3,21
MEM-2025-LOT7,M01,-28,-1,1,10
MEM-2025-LOT7,M01,-27,-1,1,10
MEM-2025-LOT7,M01,-26,-1,1,10
MEM-2025-LOT7,M01,-25,-1,1,10
MEM-2025-LOT7,M01,-24,-1,1,10
MEM-2025-LOT7,M01,-23,-1,1,10
MEM-2025-LOT7,M01,-22,-1,1,10
MEM-2025-LOT7,M01,-21,-1,1,10
MEM-2025-LOT7,M01,-20,-1,1,10
MEM-2025-LOT7,M01,-19,-1,1,10
MEM-2025-LOT7,M01,-18,-1,1,10
MEM-2025-LOT7,M01,-17,-1,1,10
MEM-2025-LOT7,M01,-16,-1,1,10
MEM-2025-LOT7,M01,-15,-1,1,10
MEM-2025-LOT7,M01,-14,-1,1,10
MEM-2025-LOT7,M01,-13,-1,1,10
MEM-2025-LOT7,M01,-12,-1,1,10
MEM-2025-LOT7,M01,-11,-1,1,10
MEM-2025-LOT7,M01,-10,-1,1,10
MEM-2025-LOT7,M01,-9,-1,1,10
MEM-2025-LOT7,M01,-8,-1,1,10
MEM-2025-LOT7,M01,-7,-1,1,10
MEM-2025-LOT7,M01,-6,-1,1,10
MEM-2025-LOT7,M01,-5,-1,1,10
MEM-2025-LOT7,M01,-4,-1,1,10
MEM-2025-LOT7,M01,-3,-1,1,10
MEM-2025-LOT7,M01,-2,-1,1,10
MEM-2025-LOT7,M01,-1,-1,1,10
MEM-2025-LOT7,M01,0,-1,1,10
MEM-2025-LOT7,M01,1,-1,1,10
MEM-2025-LOT7,M01,2,-1,1,10
MEM-2025-LOT7,M01,3,-1,1,10
MEM-2025-LOT7,M01,4,-1,1,10
MEM-2025-LOT7,M01,5,-1,1,10
MEM-2025-LOT7,M01,6,-1,1,10
MEM-2025-LOT7,M01,7,-1,1,10
MEM-2025-LOT7,M01,8,-1,1,10
MEM-2025-LOT7,M01,9,-1,1,10
MEM-2025-LOT7,M01,10,-1,1,10
MEM-2025-LOT7,M01,11,-1,1,10
MEM-2025-LOT7,M01,12,-1,1,10
MEM-2025-LOT7,M01,13,-1,1,10
MEM-2025-LOT7,M01,14,-1,1,10
MEM-2025-LOT7,M01,15,-1,1,10
MEM-2025-LOT7,M01,16,-1,1,10
MEM-2025-LOT7,M01,17,-1,1,10
MEM-2025-LOT7,M01,18,-1,1,10
MEM-2025-LOT7,M01,19,-1,1,10
MEM-2025-LOT7,M01,20,-1,1,10
MEM-2025-LOT7,M01,21,-1,1,10
MEM-2025-LOT7,M01,22,-1,1,10
MEM-2025-LOT7,M01,23,-1,1,10
MEM-2025-LOT7,M01,24,-1,1,10
MEM-2025-LOT7,M01,25,-1,1,10
MEM-2025-LOT7,M01,26,-1,1,10
MEM-2025-LOT7,M01,27,-1,1,10
MEM-2025-LOT7,M01,28,-1,2,20
MEM-2025-LOT7,M01,29,-1,1,10
MEM-2025-LOT7,M01,30,-1,2,21
MEM-2025-LOT7,M01,31,-1,1,10
MEM-2025-LOT7,M01,32,-1,2,20
MEM-2025-LOT7,M01,-32,0,3,31
MEM-2025-LOT7,M01,-31,0,1,10
MEM-2025-LOT7,M01,-30,0,4,20
MEM-2025-LOT7,M01,-29,0,4,21
MEM-2025-LOT7,M01,-28,0,1,10
MEM-2025-LOT7,M01,-27,0,1,10
MEM-2025-LOT7,M01,-26,0,1,10
MEM-2025-LOT7,M01,-25,0,1,10
MEM-2025-LOT7,M01,-24,0,1,10
MEM-2025-LOT7,M01,-23,0,1,10
MEM-2025-LOT7,M01,-22,0,1,10
MEM-2025-LOT7,M01,-21,0,1,10
MEM-2025-LOT7,M01,-20,0,1,10
MEM-2025-LOT7,M01,-19,0,1,10
MEM-2025-LOT7,M01,-18,0,1,10
MEM-2025-LOT7,M01,-17,0,1,10
MEM-2025-LOT7,M01,-16,0,1,10
MEM-2025-LOT7,M01,-15,0,1,10
MEM-2025-LOT7,M01,-14,0,1,10
MEM-2025-LOT7,M01,-13,0,1,10
MEM-2025-LOT7,M01,-12,0,1,10
MEM-2025-LOT7,M01,-11,0,1,10
MEM-2025-LOT7,M01,-10,0,1,10
MEM-2025-LOT7,M01,-9,0,1,10
MEM-2025-LOT7,M01,-8,0,1,10
MEM-2025-LOT7,M01,-7,0,1,10
MEM-2025-LOT7,M01,-6,0,1,10
MEM-2025-LOT7,M01,-5,0,1,10
MEM-2025-LOT7,M01,-4,0,1,10
MEM-2025-LOT7,M01,-3,0,1,10
MEM-2025-LOT7,M01,-2,0,1,10
MEM-2025-LOT7,M01,-1,0,1,10
MEM-2025-LOT7,M01,0,0,1,10
MEM-2025-LOT7,M01,1,0,1,10
MEM-2025-LOT7,M01,2,0,1,10
MEM-2025-LOT7,M01,3,0,1,10
MEM-2025-LOT7,M01,4,0,1,10
MEM-2025-LOT7,M01,5,0,1,10
MEM-2025-LOT7,M01,6,0,1,10
MEM-2025-LOT7,M01,7,0,1,10
MEM-2025-LOT7,M01,8,0,1,10
MEM-2025-LOT7,M01,9,0,1,10
MEM-2025-LOT7,M01,10,0,1,10
MEM-2025-LOT7,M01,11,0,1,10
MEM-2025-LOT7,M01,12,0,1,10
MEM-2025-LOT7,M01,13,0,1,10
MEM-2025-LOT7,M01,14,0,1,10
MEM-2025-LOT7,M01,15,0,1,10
MEM-2025-LOT7,M01,16,0,1,10
MEM-2025-LOT7,M01,17,0,1,10
MEM-2025-LOT7,M01,18,0,1,10
MEM-2025-LOT7,M01,19,0,1,10
MEM-2025-LOT7,M01,20,0,1,10
MEM-2025-LOT7,M01,21,0,1,10
MEM-2025-LOT7,M01,22,0,1,10
MEM-2025-LOT7,M01,23,0,1,10
MEM-2025-LOT7,M01,24,0,1,10
MEM-2025-LOT7,M01,25,0,1,10
MEM-2025-LOT7,M01,26,0,3,22
MEM-2025-LOT7,M01,27,0,1,10
MEM-2025-LOT7,M01,28,0,2,22
MEM-2025-LOT7,M01,29,0,1,10
MEM-2025-LOT7,M01,30,0,4,22
MEM-2025-LOT7,M01,31,0,1,10
MEM-2025-LOT7,M01,32,0,1,10
MEM-2025-LOT7,M01,-32,1,4,30
MEM-2025-LOT7,M01,-31,1,2,31
MEM-2025-LOT7,M01,-30,1,3,22
MEM-2025-LOT7,M01,-29,1,4,31
MEM-2025-LOT7,M01,-28,1,2,22
MEM-2025-LOT7,M01,-27,1,1,10
MEM-2025-LOT7,M01,-26,1,1,10
MEM-2025-LOT7,M01,-25,1,1,10
MEM-2025-LOT7,M01,-24,1,1,10
MEM-2025-LOT7,M01,-23,1,1,10
MEM-2025-LOT7,M01,-22,1,1,10
MEM-2025-LOT7,M01,-21,1,1,10
MEM-2025-LOT7,M01,-20,1,1,10
MEM-2025-LOT7,M01,-19,1,1,10
MEM-2025-LOT7,M01,-18,1,1,10
MEM-2025-LOT7,M01,-17,1,2,21
MEM-2025-LOT7,M01,-16,1,1,10
MEM-2025-LOT7,M01,-15,1,1,10
MEM-2025-LOT7,M01,-14,1,1,10
MEM-2025-LOT7,M01,-13,1,1,10
MEM-2025-LOT7,M01,-12,1,1,10
MEM-2025-LOT7,M01,-11,1,1,10
MEM-2025-LOT7,M01,-10,1,1,10
MEM-2025-LOT7,M01,-9,1,1,10
MEM-2025-LOT7,M01,-8,1,1,10
MEM-2025-LOT7,M01,-7,1,1,10
MEM-2025-LOT7,M01,-6,1,1,10
MEM-2025-LOT7,M01,-5,1,1,10
MEM-2025-LOT7,M01,-4,1,1,10
MEM-2025-LOT7,M01,-3,1,1,10
MEM-2025-LOT7,M01,-2,1,1,10
MEM-2025-LOT7,M01,-1,1,1,10
MEM-2025-LOT7,M01,0,1,1,10
MEM-2025-LOT7,M01,1,1,2,30
MEM-2025-LOT7,M01,2,1,1,10
MEM-2025-LOT7,M01,3,1,1,10
MEM-2025-LOT7,M01,4,1,1,10
MEM-2025-LOT7,M01,5,1,1,10
MEM-2025-LOT7,M01,6,1,1,10
MEM-2025-LOT7,M01,7,1,1,10
MEM-2025-LOT7,M01,8,1,1,10
MEM-2025-LOT7,M01,9,1,1,10
MEM-2025-LOT7,M01,10,1,1,10
MEM-2025-LOT7,M01,11,1,1,10
MEM-2025-LOT7,M01,12,1,1,10
MEM-2025-LOT7,M01,13,1,1,10
MEM-2025-LOT7,M01,14,1,1,10
MEM-2025-LOT7,M01,15,1,1,10
MEM-2025-LOT7,M01,16,1,1,10
MEM-2025-LOT7,M01,17,1,1,10
MEM-2025-LOT7,M01,18,1,1,10
MEM-2025-LOT7,M01,19,1,1,10
MEM-2025-LOT7,M01,20,1,1,10
MEM-2025-LOT7,M01,21,1,1,10
MEM-2025-LOT7,M01,22,1,1,10
MEM-2025-LOT7,M01,23,1,1,10
MEM-2025-LOT7,M01,24,1,1,10
MEM-2025-LOT7,M01,25,1,1,10
MEM-2025-LOT7,M01,26,1,1,10
MEM-2025-LOT7,M01,27,1,1,10
MEM-2025-LOT7,M01,28,1,1,10
MEM-2025-LOT7,M01,29,1,1,10
MEM-2025-LOT7,M01,30,1,2,22
MEM-2025-LOT7,M01,31,1,1,10
MEM-2025-LOT7,M01,32,1,1,10
MEM-2025-LOT7,M01,-32,2,3,20
MEM-2025-LOT7,M01,-31,2,1,10
MEM-2025-LOT7,M01,-30,2,1,10
MEM-2025-LOT7,M01,-29,2,2,30
MEM-2025-LOT7,M01,-28,2,1,10
MEM-2025-LOT7,M01,-27,2,1,10
MEM-2025-LOT7,M01,-26,2,1,10
MEM-2025-LOT7,M01,-25,2,1,10
MEM-2025-LOT7,M01,-24,2,1,10
MEM-2025-LOT7,M01,-23,2,1,10
MEM-2025-LOT7,M01,-22,2,1,10
MEM-2025-LOT7,M01,-21,2,1,10
MEM-2025-LOT7,M01,-20,2,1,10
MEM-2025-LOT7,M01,-19,2,1,10
MEM-2025-LOT7,M01,-18,2,1,10
MEM-2025-LOT7,M01,-17,2,1,10
MEM-2025-LOT7,M01,-16,2,1,10
MEM-2025-LOT7,M01,-15,2,1,10
MEM-2025-LOT7,M01,-14,2,1,10
MEM-2025-LOT7,M01,-13,2,1,10
MEM-2025-LOT7,M01,-12,2,1,10
MEM-2025-LOT7,M01,-11,2,1,10
MEM-2025-LOT7,M01,-10,2,1,10
MEM-2025-LOT7,M01,-9,2,1,10
MEM-2025-LOT7,M01,-8,2,1,10
MEM-2025-LOT7,M01,-7,2,1,10
MEM-2025-LOT7,M01,-6,2,1,10
MEM-2025-LOT7,M01,-5,2,1,10
MEM-2025-LOT7,M01,-4,2,1,10
MEM-2025-LOT7,M01,-3,2,1,10
MEM-2025-LOT7,M01,-2,2,1,10
MEM-2025-LOT7,M01,-1,2,1,10
MEM-2025-LOT7,M01,0,2,1,10
MEM-2025-LOT7,M01,1,2,1,10
MEM-2025-LOT7,M01,2,2,1,10
MEM-2025-LOT7,M01,3,2,1,10
MEM-2025-LOT7,M01,4,2,1,10
MEM-2025-LOT7,M01,5,2,1,10
MEM-2025-LOT7,M01,6,2,1,10
MEM-2025-LOT7,M01,7,2,1,10
MEM-2025-LOT7,M01,8,2,1,10
MEM-2025-LOT7,M01,9,2,1,10
MEM-2025-LOT7,M01,10,2,1,10
MEM-2025-LOT7,M01,11,2,1,10
MEM-2025-LOT7,M01,12,2,1,10
MEM-2025-LOT7,M01,13,2,1,10
MEM-2025-LOT7,M01,14,2,1,10
MEM-2025-LOT7,M01,15,2,1,10
MEM-2025-LOT7,M01,16,2,1,10
MEM-2025-LOT7,M01,17,2,1,10
MEM-2025-LOT7,M01,18,2,1,10
MEM-2025-LOT7,M01,19,2,1,10
MEM-2025-LOT7,M01,20,2,1,10
MEM-2025-LOT7,M01,21,2,1,10
MEM-2025-LOT7,M01,22,2,1,10
MEM-2025-LOT7,M01,23,2,1,10
MEM-2025-LOT7,M01,24,2,1,10
MEM-2025-LOT7,M01,25,2,1,10
MEM-2025-LOT7,M01,26,2,1,10
MEM-2025-LOT7,M01,27,2,1,10
MEM-2025-LOT7,M01,28,2,1,10
MEM-2025-LOT7,M01,29,2,2,20
MEM-2025-LOT7,M01,30,2,1,10
MEM-2025-LOT7,M01,31,2,3,20
MEM-2025-LOT7,M01,32,2,1,10
MEM-2025-LOT7,M01,-32,3,2,21
MEM-2025-LOT7,M01,-31,3,1,10
MEM-2025-LOT7,M01,-30,3,2,20
MEM-2025-LOT7,M01,-29,3,3,20
MEM-2025-LOT7,M01,-28,3,1,10
MEM-2025-LOT7,M01,-27,3,1,10
MEM-2025-LOT7,M01,-26,3,1,10
MEM-2025-LOT7,M01,-25,3,1,10
MEM-2025-LOT7,M01,-24,3,1,10
MEM-2025-LOT7,M01,-23,3,1,10
MEM-2025-LOT7,M01,-22,3,1,10
MEM-2025-LOT7,M01,-21,3,1,10
MEM-2025-LOT7,M01,-20,3,1,10
MEM-2025-LOT7,M01,-19,3,1,10
MEM-2025-LOT7,M01,-18,3,1,10
MEM-2025-LOT7,M01,-17,3,1,10
MEM-2025-LOT7,M01,-16,3,1,10
MEM-2025-LOT7,M01,-15,3,1,10
MEM-2025-LOT7,M01,-14,3,1,10
MEM-2025-LOT7,M01,-13,3,1,10
MEM-2025-LOT7,M01,-12,3,1,10
MEM-2025-LOT7,M01,-11,3,1,10
MEM-2025-LOT7,M01,-10,3,1,10
MEM-2025-LOT7,M01,-9,3,1,10
MEM-2025-LOT7,M01,-8,3,1,10
MEM-2025-LOT7,M01,-7,3,1,10
MEM-2025-LOT7,M01,-6,3,1,10
MEM-2025-LOT7,M01,-5,3,1,10
MEM-2025-LOT7,M01,-4,3,1,10
MEM-2025-LOT7,M01,-3,3,1,10
MEM-2025-LOT7,M01,-2,3,1,10
MEM-2025-LOT7,M01,-1,3,1,10
MEM-2025-LOT7,M01,0,3,1,10
MEM-2025-LOT7,M01,1,3,1,10
MEM-2025-LOT7,M01,2,3,1,10
MEM-2025-LOT7,M01,3,3,1,10
MEM-2025-LOT7,M01,4,3,1,10
MEM-2025-LOT7,M01,5,3,1,10
MEM-2025-LOT7,M01,6,3,1,10
MEM-2025-LOT7,M01,7,3,1,10
MEM-2025-LOT7,M01,8,3,1,10
MEM-2025-LOT7,M01,9,3,1,10
MEM-2025-LOT7,M01,10,3,1,10
MEM-2025-LOT7,M01,11,3,1,10
MEM-2025-LOT7,M01,12,3,1,10
MEM-2025-LOT7,M01,13,3,1,10
MEM-2025-LOT7,M01,14,3,1,10
MEM-2025-LOT7,M01,15,3,1,10
MEM-2025-LOT7,M01,16,3,1,10
MEM-2025-LOT7,M01,17,3,1,10
MEM-2025-LOT7,M01,18,3,1,10
MEM-2025-LOT7,M01,19,3,1,10
MEM-2025-LOT7,M01,20,3,1,10
MEM-2025-LOT7,M01,21,3,1,10
MEM-2025-LOT7,M01,22,3,1,10
MEM-2025-LOT7,M01,23,3,1,10
MEM-2025-LOT7,M01,24,3,1,10
MEM-2025-LOT7,M01,25,3,1,10
MEM-2025-LOT7,M01,26,3,1,10
MEM-2025-LOT7,M01,27,3,1,10
MEM-2025-LOT7,M01,28,3,2,31
MEM-2025-LOT7,M01,29,3,2,31
MEM-2025-LOT7,M01,30,3,1,10
MEM-2025-LOT7,M01,31,3,1,10
MEM-2025-LOT7,M01,32,3,1,10
MEM-2025-LOT7,M01,-32,4,1,10
MEM-2025-LOT7,M01,-31,4,1,10
MEM-2025-LOT7,M01,-30,4,1,10
MEM-2025-LOT7,M01,-29,4,2,20
MEM-2025-LOT7,M01,-28,4,4,31
MEM-2025-LOT7,M01,-27,4,1,10
MEM-2025-LOT7,M01,-26,4,1,10
MEM-2025-LOT7,M01,-25,4,1,10
MEM-2025-LOT7,M01,-24,4,1,10
MEM-2025-LOT7,M01,-23,4,1,10
MEM-2025-LOT7,M01,-22,4,1,10
MEM-2025-LOT7,M01,-21,4,1,10
MEM-2025-LOT7,M01,-20,4,1,10
MEM-2025-LOT7,M01,-19,4,1,10
MEM-2025-LOT7,M01,-18,4,1,10
MEM-2025-LOT7,M01,-17,4,1,10
MEM-2025-LOT7,M01,-16,4,1,10
MEM-2025-LOT7,M01,-15,4,1,10
MEM-2025-LOT7,M01,-14,4,1,10
MEM-2025-LOT7,M01,-13,4,1,10
MEM-2025-LOT7,M01,-12,4,1,10
MEM-2025-LOT7,M01,-11,4,1,10
MEM-2025-LOT7,M01,-10,4,1,10
MEM-2025-LOT7,M01,-9,4,1,10
MEM-2025-LOT7,M01,-8,4,1,10
MEM-2025-LOT7,M01,-7,4,1,10
MEM-2025-LOT7,M01,-6,4,1,10
MEM-2025-LOT7,M01,-5,4,1,10
MEM-2025-LOT7,M01,-4,4,1,10
MEM-2025-LOT7,M01,-3,4,1,10
MEM-2025-LOT7,M01,-2,4,1,10
MEM-2025-LOT7,M01,-1,4,1,10
MEM-2025-LOT7,M01,0,4,1,10
MEM-2025-LOT7,M01,1,4,1,10
MEM-2025-LOT7,M01,2,4,1,10
MEM-2025-LOT7,M01,3,4,1,10
MEM-2025-LOT7,M01,4,4,1,10
MEM-2025-LOT7,M01,5,4,1,10
MEM-2025-LOT7,M01,6,4,1,10
MEM-2025-LOT7,M01,7,4,1,10
MEM-2025-LOT7,M01,8,4,1,10
MEM-2025-LOT7,M01,9,4,1,10
MEM-2025-LOT7,M01,10,4,1,10
MEM-2025-LOT7,M01,11,4,1,10
MEM-2025-LOT7,M01,12,4,1,10
MEM-2025-LOT7,M01,13,4,1,10
MEM-2025-LOT7,M01,14,4,1,10
MEM-2025-LOT7,M01,15,4,1,10
MEM-2025-LOT7,M01,16,4,1,10
MEM-2025-LOT7,M01,17,4,1,10
MEM-2025-LOT7,M01,18,4,1,10
MEM-2025-LOT7,M01,19,4,1,10
MEM-2025-LOT7,M01,20,4,1,10
MEM-2025-LOT7,M01,21,4,1,10
MEM-2025-LOT7,M01,22,4,1,10
MEM-2025-LOT7,M01,23,4,1,10
MEM-2025-LOT7,M01,24,4,1,10
MEM-2025-LOT7,M01,25,4,1,10
MEM-2025-LOT7,M01,26,4,1,10
MEM-2025-LOT7,M01,27,4,1,10
MEM-2025-LOT7,M01,28,4,2,22
MEM-2025-LOT7,M01,29,4,1,10
MEM-2025-LOT7,M01,30,4,1,10
MEM-2025-LOT7,M01,31,4,2,31
MEM-2025-LOT7,M01,32,4,1,10
MEM-2025-LOT7,M01,-32,5,2,31
MEM-2025-LOT7,M01,-31,5,4,30
MEM-2025-LOT7,M01,-30,5,2,31
MEM-2025-LOT7,M01,-29,5,3,20
MEM-2025-LOT7,M01,-28,5,2,31
MEM-2025-LOT7,M01,-27,5,1,10
MEM-2025-LOT7,M01,-26,5,1,10
MEM-2025-LOT7,M01,-25,5,1,10
MEM-2025-LOT7,M01,-24,5,1,10
MEM-2025-LOT7,M01,-23,5,1,10
MEM-2025-LOT7,M01,-22,5,1,10
MEM-2025-LOT7,M01,-21,5,1,10
MEM-2025-LOT7,M01,-20,5,1,10
MEM-2025-LOT7,M01,-19,5,1,10
MEM-2025-LOT7,M01,-18,5,1,10
MEM-2025-LOT7,M01,-17,5,1,10
MEM-2025-LOT7,M01,-16,5,1,10
MEM-2025-LOT7,M01,-15,5,1,10
MEM-2025-LOT7,M01,-14,5,1,10
MEM-2025-LOT7,M01,-13,5,1,10
MEM-2025-LOT7,M01,-12,5,1,10
MEM-2025-LOT7,M01,-11,5,1,10
MEM-2025-LOT7,M01,-10,5,1,10
MEM-2025-LOT7,M01,-9,5,1,10
MEM-2025-LOT7,M01,-8,5,1,10
MEM-2025-LOT7,M01,-7,5,1,10
MEM-2025-LOT7,M01,-6,5,1,10
MEM-2025-LOT7,M01,-5,5,1,10
MEM-2025-LOT7,M01,-4,5,1,10
MEM-2025-LOT7,M01,-3,5,4,30
MEM-2025-LOT7,M01,-2,5,1,10
MEM-2025-LOT7,M01,-1,5,1,10
MEM-2025-LOT7,M01,0,5,1,10
MEM-2025-LOT7,M01,1,5,1,10
MEM-2025-LOT7,M01,2,5,3,31
MEM-2025-LOT7,M01,3,5,1,10
MEM-2025-LOT7,M01,4,5,1,10
MEM-2025-LOT7,M01,5,5,1,10
MEM-2025-LOT7,M01,6,5,1,10
MEM-2025-LOT7,M01,7,5,1,10
MEM-2025-LOT7,M01,8,5,1,10
MEM-2025-LOT7,M01,9,5,1,10
MEM-2025-LOT7,M01,10,5,2,20
MEM-2025-LOT7,M01,11,5,1,10
MEM-2025-LOT7,M01,12,5,1,10
MEM-2025-LOT7,M01,13,5,1,10
MEM-2025-LOT7,M01,14,5,1,10
MEM-2025-LOT7,M01,15,5,1,10
MEM-2025-LOT7,M01,16,5,2,31
MEM-2025-LOT7,M01,17,5,1,10
MEM-2025-LOT7,M01,18,5,1,10
MEM-2025-LOT7,M01,19,5,1,10
MEM-2025-LOT7,M01,20,5,1,10
MEM-2025-LOT7,M01,21,5,1,10
MEM-2025-LOT7,M01,22,5,1,10
MEM-2025-LOT7,M01,23,5,1,10
MEM-2025-LOT7,M01,24,5,1,10
MEM-2025-LOT7,M01,25,5,1,10
MEM-2025-LOT7,M01,26,5,1,10
MEM-2025-LOT7,M01,27,5,1,10
MEM-2025-LOT7,M01,28,5,1,10
MEM-2025-LOT7,M01,29,5,4,21
MEM-2025-LOT7,M01,30,5,2,20
MEM-2025-LOT7,M01,31,5,2,20
MEM-2025-LOT7,M01,32,5,3,31
MEM-2025-LOT7,M01,-32,6,3,20
MEM-2025-LOT7,M01,-31,6,1,10
MEM-2025-LOT7,M01,-30,6,1,10
MEM-2025-LOT7,M01,-29,6,3,30
MEM-2025-LOT7,M01,-28,6,1,10
MEM-2025-LOT7,M01,-27,6,1,10
MEM-2025-LOT7,M01,-26,6,1,10
MEM-2025-LOT7,M01,-25,6,1,10
MEM-2025-LOT7,M01,-24,6,1,10
MEM-2025-LOT7,M01,-23,6,1,10
MEM-2025-LOT7,M01,-22,6,1,10
MEM-2025-LOT7,M01,-21,6,1,10
MEM-2025-LOT7,M01,-20,6,1,10
MEM-2025-LOT7,M01,-19,6,1,10
MEM-2025-LOT7,M01,-18,6,1,10
MEM-2025-LOT7,M01,-17,6,1,10
MEM-2025-LOT7,M01,-16,6,2,22
MEM-2025-LOT7,M01,-15,6,1,10
MEM-2025-LOT7,M01,-14,6,1,10
MEM-2025-LOT7,M01,-13,6,1,10
MEM-2025-LOT7,M01,-12,6,1,10
MEM-2025-LOT7,M01,-11,6,1,10
MEM-2025-LOT7,M01,-10,6,1,10
MEM-2025-LOT7,M01,-9,6,1,10
MEM-2025-LOT7,M01,-8,6,1,10
MEM-2025-LOT7,M01,-7,6,1,10
MEM-2025-LOT7,M01,-6,6,1,10
MEM-2025-LOT7,M01,-5,6,1,10
MEM-2025-LOT7,M01,-4,6,1,10
MEM-2025-LOT7,M01,-3,6,1,10
MEM-2025-LOT7,M01,-2,6,1,10
MEM-2025-LOT7,M01,-1,6,1,10
MEM-2025-LOT7,M01,0,6,1,10
MEM-2025-LOT7,M01,1,6,1,10
MEM-2025-LOT7,M01,2,6,1,10
MEM-2025-LOT7,M01,3,6,1,10
MEM-2025-LOT7,M01,4,6,1,10
MEM-2025-LOT7,M01,5,6,1,10
MEM-2025-LOT7,M01,6,6,1,10
MEM-2025-LOT7,M01,7,6,1,10
MEM-2025-LOT7,M01,8,6,1,10
MEM-2025-LOT7,M01,9,6,1,10
MEM-2025-LOT7,M01,10,6,1,10
MEM-2025-LOT7,M01,11,6,1,10
MEM-2025-LOT7,M01,12,6,1,10
MEM-2025-LOT7,M01,13,6,1,10
MEM-2025-LOT7,M01,14,6,1,10
MEM-2025-LOT7,M01,15,6,1,10
MEM-2025-LOT7,M01,16,6,1,10
MEM-2025-LOT7,M01,17,6,1,10
MEM-2025-LOT7,M01,18,6,1,10
MEM-2025-LOT7,M01,19,6,1,10
MEM-2025-LOT7,M01,20,6,1,10
MEM-2025-LOT7,M01,21,6,1,10
MEM-2025-LOT7,M01,22,6,1,10
MEM-2025-LOT7,M01,23,6,1,10
MEM-2025-LOT7,M01,24,6,1,10
MEM-2025-LOT7,M01,25,6,1,10
MEM-2025-LOT7,M01,26,6,1,10
MEM-2025-LOT7,M01,27,6,1,10
MEM-2025-LOT7,M01,28,6,3,21
MEM-2025-LOT7,M01,29,6,2,31
MEM-2025-LOT7,M01,30,6,2,20
MEM-2025-LOT7,M01,31,6,4,31
MEM-2025-LOT7,M01,32,6,1,10
MEM-2025-LOT7,M01,-31,7,1,10
MEM-2025-LOT7,M01,-30,7,1,10
MEM-2025-LOT7,M01,-29,7,2,20
MEM-2025-LOT7,M01,-28,7,1,10
MEM-2025-LOT7,M01,-27,7,4,20
MEM-2025-LOT7,M01,-26,7,1,10
MEM-2025-LOT7,M01,-25,7,1,10
MEM-2025-LOT7,M01,-24,7,1,10
MEM-2025-LOT7,M01,-23,7,1,10
MEM-2025-LOT7,M01,-22,7,1,10
MEM-2025-LOT7,M01,-21,7,1,10
MEM-2025-LOT7,M01,-20,7,1,10
MEM-2025-LOT7,M01,-19,7,1,10
MEM-2025-LOT7,M01,-18,7,1,10
MEM-2025-LOT7,M01,-17,7,1,10
MEM-2025-LOT7,M01,-16,7,1,10
MEM-2025-LOT7,M01,-15,7,1,10
MEM-2025-LOT7,M01,-14,7,1,10
MEM-2025-LOT7,M01,-13,7,1,10
MEM-2025-LOT7,M01,-12,7,2,20
MEM-2025-LOT7,M01,-11,7,1,10
MEM-2025-LOT7,M01,-10,7,1,10
MEM-2025-LOT7,M01,-9,7,1,10
MEM-2025-LOT7,M01,-8,7,1,10
MEM-2025-LOT7,M01,-7,7,1,10
MEM-2025-LOT7,M01,-6,7,1,10
MEM-2025-LOT7,M01,-5,7,1,10
MEM-2025-LOT7,M01,-4,7,1,10
MEM-2025-LOT7,M01,-3,7,1,10
MEM-2025-LOT7,M01,-2,7,1,10
MEM-2025-LOT7,M01,-1,7,1,10
MEM-2025-LOT7,M01,0,7,1,10
MEM-2025-LOT7,M01,1,7,1,10
MEM-2025-LOT7,M01,2,7,1,10
MEM-2025-LOT7,M01,3,7,1,10
MEM-2025-LOT7,M01,4,7,1,10
MEM-2025-LOT7,M01,5,7,1,10
MEM-2025-LOT7,M01,6,7,2,30
MEM-2025-LOT7,M01,7,7,1,10
MEM-2025-LOT7,M01,8,7,2,30
MEM-2025-LOT7,M01,9,7,1,10
MEM-2025-LOT7,M01,10,7,1,10
MEM-2025-LOT7,M01,11,7,1,10
MEM-2025-LOT7,M01,12,7,1,10
MEM-2025-LOT7,M01,13,7,1,10
MEM-2025-LOT7,M01,14,7,1,10
MEM-2025-LOT7,M01,15,7,1,10
MEM-2025-LOT7,M01,16,7,1,10
MEM-2025-LOT7,M01,17,7,1,10
MEM-2025-LOT7,M01,18,7,1,10
MEM-2025-LOT7,M01,19,7,1,10
MEM-2025-LOT7,M01,20,7,1,10
MEM-2025-LOT7,M01,21,7,1,10
MEM-2025-LOT7,M01,22,7,1,10
MEM-2025-LOT7,M01,23,7,1,10
MEM-2025-LOT7,M01,24,7,1,10
MEM-2025-LOT7,M01,25,7,1,10
MEM-2025-LOT7,M01,26,7,1,10
MEM-2025-LOT7,M01,27,7,4,22
MEM-2025-LOT7,M01,28,7,1,10
MEM-2025-LOT7,M01,29,7,4,21
MEM-2025-LOT7,M01,30,7,1,10
MEM-2025-LOT7,M01,31,7,2,22
MEM-2025-LOT7,M01,-31,8,1,10
MEM-2025-LOT7,M01,-30,8,1,10
MEM-2025-LOT7,M01,-29,8,4,30
MEM-2025-LOT7,M01,-28,8,3,30
MEM-2025-LOT7,M01,-27,8,1,10
MEM-2025-LOT7,M01,-26,8,1,10
MEM-2025-LOT7,M01,-25,8,1,10
MEM-2025-LOT7,M01,-24,8,1,10
MEM-2025-LOT7,M01,-23,8,1,10
MEM-2025-LOT7,M01,-22,8,1,10
MEM-2025-LOT7,M01,-21,8,1,10
MEM-2025-LOT7,M01,-20,8,1,10
MEM-2025-LOT7,M01,-19,8,1,10
MEM-2025-LOT7,M01,-18,8,1,10
MEM-2025-LOT7,M01,-17,8,1,10
MEM-2025-LOT7,M01,-16,8,1,10
MEM-2025-LOT7,M01,-15,8,1,10
MEM-2025-LOT7,M01,-14,8,1,10
MEM-2025-LOT7,M01,-13,8,1,10
MEM-2025-LOT7,M01,-12,8,1,10
MEM-2025-LOT7,M01,-11,8,1,10
MEM-2025-LOT7,M01,-10,8,2,22
MEM-2025-LOT7,M01,-9,8,1,10
MEM-2025-LOT7,M01,-8,8,1,10
MEM-2025-LOT7,M01,-7,8,1,10
MEM-2025-LOT7,M01,-6,8,1,10
MEM-2025-LOT7,M01,-5,8,1,10
MEM-2025-LOT7,M01,-4,8,1,10
MEM-2025-LOT7,M01,-3,8,1,10
MEM-2025-LOT7,M01,-2,8,1,10
MEM-2025-LOT7,M01,-1,8,1,10
MEM-2025-LOT7,M01,0,8,1,10
MEM-2025-LOT7,M01,1,8,1,10
MEM-2025-LOT7,M01,2,8,1,10
MEM-2025-LOT7,M01,3,8,1,10
MEM-2025-LOT7,M01,4,8,1,10
MEM-2025-LOT7,M01,5,8,1,10
MEM-2025-LOT7,M01,6,8,1,10
MEM-2025-LOT7,M01,7,8,1,10
MEM-2025-LOT7,M01,8,8,1,10
MEM-2025-LOT7,M01,9,8,1,10
MEM-2025-LOT7,M01,10,8,1,10
MEM-2025-LOT7,M01,11,8,1,10
MEM-2025-LOT7,M01,12,8,1,10
MEM-2025-LOT7,M01,13,8,1,10
MEM-2025-LOT7,M01,14,8,1,10
MEM-2025-LOT7,M01,15,8,1,10
MEM-2025-LOT7,M01,16,8,1,10
MEM-2025-LOT7,M01,17,8,1,10
MEM-2025-LOT7,M01,18,8,1,10
MEM-2025-LOT7,M01,19,8,1,10
MEM-2025-LOT7,M01,20,8,1,10
MEM-2025-LOT7,M01,21,8,1,10
MEM-2025-LOT7,M01,22,8,1,10
MEM-2025-LOT7,M01,23,8,1,10
MEM-2025-LOT7,M01,24,8,1,10
MEM-2025-LOT7,M01,25,8,1,10
MEM-2025-LOT7,M01,26,8,1,10
MEM-2025-LOT7,M01,27,8,3,20
MEM-2025-LOT7,M01,28,8,1,10
MEM-2025-LOT7,M01,29,8,2,30
MEM-2025-LOT7,M01,30,8,1,10
MEM-2025-LOT7,M01,31,8,1,10
MEM-2025-LOT7,M01,-31,9,1,10
MEM-2025-LOT7,M01,-30,9,1,10
MEM-2025-LOT7,M01,-29,9,1,10
MEM-2025-LOT7,M01,-28,9,1,10
MEM-2025-LOT7,M01,-27,9,3,31
MEM-2025-LOT7,M01,-26,9,1,10
MEM-2025-LOT7,M01,-25,9,1,10
MEM-2025-LOT7,M01,-24,9,1,10
MEM-2025-LOT7,M01,-23,9,4,21
MEM-2025-LOT7,M01,-22,9,1,10
MEM-2025-LOT7,M01,-21,9,1,10
MEM-2025-LOT7,M01,-20,9,1,10
MEM-2025-LOT7,M01,-19,9,1,10
MEM-2025-LOT7,M01,-18,9,1,10
MEM-2025-LOT7,M01,-17,9,1,10
MEM-2025-LOT7,M01,-16,9,1,10
MEM-2025-LOT7,M01,-15,9,1,10
MEM-2025-LOT7,M01,-14,9,1,10
MEM-2025-LOT7,M01,-13,9,1,10
MEM-2025-LOT7,M01,-12,9,1,10
MEM-2025-LOT7,M01,-11,9,1,10
MEM-2025-LOT7,M01,-10,9,4,21
MEM-2025-LOT7,M01,-9,9,1,10
MEM-2025-LOT7,M01,-8,9,1,10
MEM-2025-LOT7,M01,-7,9,1,10
MEM-2025-LOT7,M01,-6,9,1,10
MEM-2025-LOT7,M01,-5,9,1,10
MEM-2025-LOT7,M01,-4,9,1,10
MEM-2025-LOT7,M01,-3,9,1,10
MEM-2025-LOT7,M01,-2,9,1,10
MEM-2025-LOT7,M01,-1,9,1,10
MEM-2025-LOT7,M01,0,9,1,10
MEM-2025-LOT7,M01,1,9,1,10
MEM-2025-LOT7,M01,2,9,1,10
MEM-2025-LOT7,M01,3,9,3,31
MEM-2025-LOT7,M01,4,9,1,10
MEM-2025-LOT7,M01,5,9,1,10
MEM-2025-LOT7,M01,6,9,1,10
MEM-2025-LOT7,M01,7,9,1,10
MEM-2025-LOT7,M01,8,9,1,10
MEM-2025-LOT7,M01,9,9,1,10
MEM-2025-LOT7,M01,10,9,1,10
MEM-2025-LOT7,M01,11,9,1,10
MEM-2025-LOT7,M01,12,9,1,10
MEM-2025-LOT7,M01,13,9,1,10
MEM-2025-LOT7,M01,14,9,1,10
MEM-2025-LOT7,M01,15,9,1,10
MEM-2025-LOT7,M01,16,9,1,10
MEM-2025-LOT7,M01,17,9,1,10
MEM-2025-LOT7,M01,18,9,1,10
MEM-2025-LOT7,M01,19,9,1,10
MEM-2025-LOT7,M01,20,9,1,10
MEM-2025-LOT7,M01,21,9,1,10
MEM-2025-LOT7,M01,22,9,2,22
MEM-2025-LOT7,M01,23,9,1,10
MEM-2025-LOT7,M01,24,9,1,10
MEM-2025-LOT7,M01,25,9,1,10
MEM-2025-LOT7,M01,26,9,1,10
MEM-2025-LOT7,M01,27,9,1,10
MEM-2025-LOT7,M01,28,9,1,10
MEM-2025-LOT7,M01,29,9,1,10
MEM-2025-LOT7,M01,30,9,2,22
MEM-2025-LOT7,M01,31,9,2,22
MEM-2025-LOT7,M01,-31,10,1,10
MEM-2025-LOT7,M01,-30,10,1,10
MEM-2025-LOT7,M01,-29,10,1,10
MEM-2025-LOT7,M01,-28,10,3,21
MEM-2025-LOT7,M01,-27,10,4,31
MEM-2025-LOT7,M01,-26,10,1,10
MEM-2025-LOT7,M01,-25,10,1,10
MEM-2025-LOT7,M01,-24,10,1,10
MEM-2025-LOT7,M01,-23,10,1,10
MEM-2025-LOT7,M01,-22,10,1,10
MEM-2025-LOT7,M01,-21,10,1,10
MEM-2025-LOT7,M01,-20,10,1,10
MEM-2025-LOT7,M01,-19,10,1,10
MEM-2025-LOT7,M01,-18,10,1,10
MEM-2025-LOT7,M01,-17,10,1,10
MEM-2025-LOT7,M01,-16,10,1,10
MEM-2025-LOT7,M01,-15,10,1,10
MEM-2025-LOT7,M01,-14,10,1,10
MEM-2025-LOT7,M01,-13,10,1,10
MEM-2025-LOT7,M01,-12,10,2,20
MEM-2025-LOT7,M01,-11,10,1,10
MEM-2025-LOT7,M01,-10,10,1,10
MEM-2025-LOT7,M01,-9,10,1,10
MEM-2025-LOT7,M01,-8,10,1,10
MEM-2025-LOT7,M01,-7,10,1,10
MEM-2025-LOT7,M01,-6,10,1,10
MEM-2025-LOT7,M01,-5,10,1,10
MEM-2025-LOT7,M01,-4,10,1,10
MEM-2025-LOT7,M01,-3,10,2,21
MEM-2025-LOT7,M01,-2,10,1,10
MEM-2025-LOT7,M01,-1,10,1,10
MEM-2025-LOT7,M01,0,10,1,10
MEM-2025-LOT7,M01,1,10,1,10
MEM-2025-LOT7,M01,2,10,1,10
MEM-2025-LOT7,M01,3,10,1,10
MEM-2025-LOT7,M01,4,10,1,10
MEM-2025-LOT7,M01,5,10,1,10
MEM-2025-LOT7,M01,6,10,1,10
MEM-2025-LOT7,M01,7,10,1,10
MEM-2025-LOT7,M01,8,10,1,10
MEM-2025-LOT7,M01,9,10,1,10
MEM-2025-LOT7,M01,10,10,1,10
MEM-2025-LOT7,M01,11,10,1,10
MEM-2025-LOT7,M01,12,10,1,10
MEM-2025-LOT7,M01,13,10,1,10
MEM-2025-LOT7,M01,14,10,1,10
MEM-2025-LOT7,M01,15,10,1,10
MEM-2025-LOT7,M01,16,10,1,10
MEM-2025-LOT7,M01,17,10,1,10
MEM-2025-LOT7,M01,18,10,1,10
MEM-2025-LOT7,M01,19,10,1,10
MEM-2025-LOT7,M01,20,10,1,10
MEM-2025-LOT7,M01,21,10,1,10
MEM-2025-LOT7,M01,22,10,1,10
MEM-2025-LOT7,M01,23,10,1,10
MEM-2025-LOT7,M01,24,10,1,10
MEM-2025-LOT7,M01,25,10,1,10
MEM-2025-LOT7,M01,26,10,1,10
MEM-2025-LOT7,M01,27,10,3,21
MEM-2025-LOT7,M01,28,10,2,21
MEM-2025-LOT7,M01,29,10,1,10
MEM-2025-LOT7,M01,30,10,4,21
MEM-2025-LOT7,M01,31,10,1,10
MEM-2025-LOT7,M01,-31,11,3,21
MEM-2025-LOT7,M01,-30,11,1,10
MEM-2025-LOT7,M01,-29,11,1,10
MEM-2025-LOT7,M01,-28,11,2,22
MEM-2025-LOT7,M01,-27,11,1,10
MEM-2025-LOT7,M01,-26,11,1,10
MEM-2025-LOT7,M01,-25,11,1,10
MEM-2025-LOT7,M01,-24,11,1,10
MEM-2025-LOT7,M01,-23,11,1,10
MEM-2025-LOT7,M01,-22,11,1,10
MEM-2025-LOT7,M01,-21,11,1,10
MEM-2025-LOT7,M01,-20,11,1,10
MEM-2025-LOT7,M01,-19,11,1,10
MEM-2025-LOT7,M01,-18,11,1,10
MEM-2025-LOT7,M01,-17,11,1,10
MEM-2025-LOT7,M01,-16,11,1,10
MEM-2025-LOT7,M01,-15,11,1,10
MEM-2025-LOT7,M01,-14,11,1,10
MEM-2025-LOT7,M01,-13,11,1,10
MEM-2025-LOT7,M01,-12,11,1,10
MEM-2025-LOT7,M01,-11,11,1,10
MEM-2025-LOT7,M01,-10,11,1,10
MEM-2025-LOT7,M01,-9,11,1,10
MEM-2025-LOT7,M01,-8,11,1,10
MEM-2025-LOT7,M01,-7,11,1,10
MEM-2025-LOT7,M01,-6,11,1,10
MEM-2025-LOT7,M01,-5,11,1,10
MEM-2025-LOT7,M01,-4,11,1,10
MEM-2025-LOT7,M01,-3,11,1,10
MEM-2025-LOT7,M01,-2,11,1,10
MEM-2025-LOT7,M01,-1,11,1,10
MEM-2025-LOT7,M01,0,11,1,10
MEM-2025-LOT7,M01,1,11,1,10
MEM-2025-LOT7,M01,2,11,1,10
MEM-2025-LOT7,M01,3,11,1,10
MEM-2025-LOT7,M01,4,11,1,10
MEM-2025-LOT7,M01,5,11,1,10
MEM-2025-LOT7,M01,6,11,1,10
MEM-2025-LOT7,M01,7,11,1,10
MEM-2025-LOT7,M01,8,11,1,10
MEM-2025-LOT7,M01,9,11,1,10
MEM-2025-LOT7,M01,10,11,1,10
MEM-2025-LOT7,M01,11,11,1,10
MEM-2025-LOT7,M01,12,11,4,20
MEM-2025-LOT7,M01,13,11,1,10
MEM-2025-LOT7,M01,14,11,1,10
MEM-2025-LOT7,M01,15,11,1,10
MEM-2025-LOT7,M01,16,11,1,10
MEM-2025-LOT7,M01,17,11,1,10
MEM-2025-LOT7,M01,18,11,1,10
MEM-2025-LOT7,M01,19,11,1,10
MEM-2025-LOT7,M01,20,11,1,10
MEM-2025-LOT7,M01,21,11,1,10
MEM-2025-LOT7,M01,22,11,1,10
MEM-2025-LOT7,M01,23,11,1,10
MEM-2025-LOT7,M01,24,11,1,10
MEM-2025-LOT7,M01,25,11,1,10
MEM-2025-LOT7,M01,26,11,1,10
MEM-2025-LOT7,M01,27,11,1,10
MEM-2025-LOT7,M01,28,11,4,21
MEM-2025-LOT7,M01,29,11,1,10
MEM-2025-LOT7,M01,30,11,1,10
MEM-2025-LOT7,M01,31,11,1,10
MEM-2025-LOT7,M01,-31,12,1,10
MEM-2025-LOT7,M01,-30,12,2,21
MEM-2025-LOT7,M01,-29,12,2,30
MEM-2025-LOT7,M01,-28,12,1,10
MEM-2025-LOT7,M01,-27,12,1,10
MEM-2025-LOT7,M01,-26,12,1,10
MEM-2025-LOT7,M01,-25,12,1,10
MEM-2025-LOT7,M01,-24,12,1,10
MEM-2025-LOT7,M01,-23,12,1,10
MEM-2025-LOT7,M01,-22,12,1,10
MEM-2025-LOT7,M01,-21,12,1,10
MEM-2025-LOT7,M01,-20,12,1,10
MEM-2025-LOT7,M01,-19,12,1,10
MEM-2025-LOT7,M01,-18,12,1,10
MEM-2025-LOT7,M01,-17,12,1,10
MEM-2025-LOT7,M01,-16,12,1,10
MEM-2025-LOT7,M01,-15,12,1,10
MEM-2025-LOT7,M01,-14,12,1,10
MEM-2025-LOT7,M01,-13,12,1,10
MEM-2025-LOT7,M01,-12,12,1,10
MEM-2025-LOT7,M01,-11,12,1,10
MEM-2025-LOT7,M01,-10,12,1,10
MEM-2025-LOT7,M01,-9,12,1,10
MEM-2025-LOT7,M01,-8,12,1,10
MEM-2025-LOT7,M01,-7,12,1,10
MEM-2025-LOT7,M01,-6,12,1,10
MEM-2025-LOT7,M01,-5,12,1,10
MEM-2025-LOT7,M01,-4,12,1,10
MEM-2025-LOT7,M01,-3,12,1,10
MEM-2025-LOT7,M01,-2,12,1,10
MEM-2025-LOT7,M01,-1,12,1,10
MEM-2025-LOT7,M01,0,12,1,10
MEM-2025-LOT7,M01,1,12,1,10
MEM-2025-LOT7,M01,2,12,1,10
MEM-2025-LOT7,M01,3,12,1,10
MEM-2025-LOT7,M01,4,12,4,20
MEM-2025-LOT7,M01,5,12,1,10
MEM-2025-LOT7,M01,6,12,1,10
MEM-2025-LOT7,M01,7,12,1,10
MEM-2025-LOT7,M01,8,12,1,10
MEM-2025-LOT7,M01,9,12,1,10
MEM-2025-LOT7,M01,10,12,1,10
MEM-2025-LOT7,M01,11,12,1,10
MEM-2025-LOT7,M01,12,12,1,10
MEM-2025-LOT7,M01,13,12,1,10
MEM-2025-LOT7,M01,14,12,1,10
MEM-2025-LOT7,M01,15,12,1,10
MEM-2025-LOT7,M01,16,12,1,10
MEM-2025-LOT7,M01,17,12,1,10
MEM-2025-LOT7,M01,18,12,1,10
MEM-2025-LOT7,M01,19,12,1,10
MEM-2025-LOT7,M01,20,12,1,10
MEM-2025-LOT7,M01,21,12,1,10
MEM-2025-LOT7,M01,22,12,1,10
MEM-2025-LOT7,M01,23,12,1,10
MEM-2025-LOT7,M01,24,12,1,10
MEM-2025-LOT7,M01,25,12,1,10
MEM-2025-LOT7,M01,26,12,1,10
MEM-2025-LOT7,M01,27,12,1,10
MEM-2025-LOT7,M01,28,12,2,22
MEM-2025-LOT7,M01,29,12,2,20
MEM-2025-LOT7,M01,30,12,2,21
MEM-2025-LOT7,M01,31,12,2,20
MEM-2025-LOT7,M01,-31,13,1,10
MEM-2025-LOT7,M01,-30,13,1,10
MEM-2025-LOT7,M01,-29,13,1,10
MEM-2025-LOT7,M01,-28,13,1,10
MEM-2025-LOT7,M01,-27,13,3,20
MEM-2025-LOT7,M01,-26,13,2,30
MEM-2025-LOT7,M01,-25,13,1,10
MEM-2025-LOT7,M01,-24,13,1,10
MEM-2025-LOT7,M01,-23,13,1,10
MEM-2025-LOT7,M01,-22,13,1,10
MEM-2025-LOT7,M01,-21,13,1,10
MEM-2025-LOT7,M01,-20,13,1,10
MEM-2025-LOT7,M01,-19,13,1,10
MEM-2025-LOT7,M01,-18,13,1,10
MEM-2025-LOT7,M01,-17,13,1,10
MEM-2025-LOT7,M01,-16,13,1,10
MEM-2025-LOT7,M01,-15,13,1,10
MEM-2025-LOT7,M01,-14,13,2,30
MEM-2025-LOT7,M01,-13,13,1,10
MEM-2025-LOT7,M01,-12,13,1,10
MEM-2025-LOT7,M01,-11,13,1,10
MEM-2025-LOT7,M01,-10,13,1,10
MEM-2025-LOT7,M01,-9,13,1,10
MEM-2025-LOT7,M01,-8,13,1,10
MEM-2025-LOT7,M01,-7,13,1,10
MEM-2025-LOT7,M01,-6,13,1,10
MEM-2025-LOT7,M01,-5,13,1,10
MEM-2025-LOT7,M01,-4,13,1,10
MEM-2025-LOT7,M01,-3,13,1,10
MEM-2025-LOT7,M01,-2,13,1,10
MEM-2025-LOT7,M01,-1,13,1,10
MEM-2025-LOT7,M01,0,13,3,20
MEM-2025-LOT7,M01,1,13,1,10
MEM-2025-LOT7,M01,2,13,1,10
MEM-2025-LOT7,M01,3,13,1,10
MEM-2025-LOT7,M01,4,13,1,10
MEM-2025-LOT7,M01,5,13,1,10
MEM-2025-LOT7,M01,6,13,1,10
MEM-2025-LOT7,M01,7,13,1,10
MEM-2025-LOT7,M01,8,13,1,10
MEM-2025-LOT7,M01,9,13,1,10
MEM-2025-LOT7,M01,10,13,1,10
MEM-2025-LOT7,M01,11,13,1,10
MEM-2025-LOT7,M01,12,13,1,10
MEM-2025-LOT7,M01,13,13,1,10
MEM-2025-LOT7,M01,14,13,1,10
MEM-2025-LOT7,M01,15,13,4,31
MEM-2025-LOT7,M01,16,13,1,10
MEM-2025-LOT7,M01,17,13,1,10
MEM-2025-LOT7,M01,18,13,1,10
MEM-2025-LOT7,M01,19,13,1,10
MEM-2025-LOT7,M01,20,13,1,10
MEM-2025-LOT7,M01,21,13,1,10
MEM-2025-LOT7,M01,22,13,1,10
MEM-2025-LOT7,M01,23,13,1,10
MEM-2025-LOT7,M01,24,13,1,10
MEM-2025-LOT7,M01,25,13,1,10
MEM-2025-LOT7,M01,26,13,2,30
MEM-2025-LOT7,M01,27,13,3,31
MEM-2025-LOT7,M01,28,13,1,10
MEM-2025-LOT7,M01,29,13,3,20
MEM-2025-LOT7,M01,30,13,1,10
MEM-2025-LOT7,M01,31,13,1,10
MEM-2025-LOT7,M01,-30,14,1,10
MEM-2025-LOT7,M01,-29,14,1,10
MEM-2025-LOT7,M01,-28,14,1,10
MEM-2025-LOT7,M01,-27,14,1,10
MEM-2025-LOT7,M01,-26,14,2,31
MEM-2025-LOT7,M01,-25,14,1,10
MEM-2025-LOT7,M01,-24,14,1,10
MEM-2025-LOT7,M01,-23,14,1,10
MEM-2025-LOT7,M01,-22,14,1,10
MEM-2025-LOT7,M01,-21,14,1,10
MEM-2025-LOT7,M01,-20,14,1,10
MEM-2025-LOT7,M01,-19,14,1,10
MEM-2025-LOT7,M01,-18,14,1,10
MEM-2025-LOT7,M01,-17,14,1,10
MEM-2025-LOT7,M01,-16,14,1,10
MEM-2025-LOT7,M01,-15,14,1,10
MEM-2025-LOT7,M01,-14,14,1,10
MEM-2025-LOT7,M01,-13,14,1,10
MEM-2025-LOT7,M01,-12,14,1,10
MEM-2025-LOT7,M01,-11,14,1,10
MEM-2025-LOT7,M01,-10,14,1,10
MEM-2025-LOT7,M01,-9,14,1,10
MEM-2025-LOT7,M01,-8,14,1,10
MEM-2025-LOT7,M01,-7,14,1,10
MEM-2025-LOT7,M01,-6,14,1,10
MEM-2025-LOT7,M01,-5,14,1,10
MEM-2025-LOT7,M01,-4,14,1,10
MEM-2025-LOT7,M01,-3,14,1,10
MEM-2025-LOT7,M01,-2,14,1,10
MEM-2025-LOT7,M01,-1,14,1,10
MEM-2025-LOT7,M01,0,14,1,10
MEM-2025-LOT7,M01,1,14,1,10
MEM-2025-LOT7,M01,2,14,1,10
MEM-2025-LOT7,M01,3,14,1,10
MEM-2025-LOT7,M01,4,14,1,10
MEM-2025-LOT7,M01,5,14,1,10
MEM-2025-LOT7,M01,6,14,1,10
MEM-2025-LOT7,M01,7,14,1,10
MEM-2025-LOT7,M01,8,14,1,10
MEM-2025-LOT7,M01,9,14,1,10
MEM-2025-LOT7,M01,10,14,1,10
MEM-2025-LOT7,M01,11,14,1,10
MEM-2025-LOT7,M01,12,14,1,10
MEM-2025-LOT7,M01,13,14,1,10
MEM-2025-LOT7,M01,14,14,1,10
MEM-2025-LOT7,M01,15,14,1,10
MEM-2025-LOT7,M01,16,14,1,10
MEM-2025-LOT7,M01,17,14,1,10
MEM-2025-LOT7,M01,18,14,1,10
MEM-2025-LOT7,M01,19,14,1,10
MEM-2025-LOT7,M01,20,14,1,10
MEM-2025-LOT7,M01,21,14,1,10
MEM-2025-LOT7,M01,22,14,1,10
MEM-2025-LOT7,M01,23,14,1,10
MEM-2025-LOT7,M01,24,14,1,10
MEM-2025-LOT7,M01,25,14,1,10
MEM-2025-LOT7,M01,26,14,4,30
MEM-2025-LOT7,M01,27,14,2,22
MEM-2025-LOT7,M01,28,14,1,10
MEM-2025-LOT7,M01,29,14,1,10
MEM-2025-LOT7,M01,30,14,4,20
MEM-2025-LOT7,M01,-30,15,2,31
MEM-2025-LOT7,M01,-29,15,4,30
MEM-2025-LOT7,M01,-28,15,1,10
MEM-2025-LOT7,M01,-27,15,1,10
MEM-2025-LOT7,M01,-26,15,1,10
MEM-2025-LOT7,M01,-25,15,1,10
MEM-2025-LOT7,M01,-24,15,1,10
MEM-2025-LOT7,M01,-23,15,1,10
MEM-2025-LOT7,M01,-22,15,1,10
MEM-2025-LOT7,M01,-21,15,1,10
MEM-2025-LOT7,M01,-20,15,1,10
MEM-2025-LOT7,M01,-19,15,1,10
MEM-2025-LOT7,M01,-18,15,1,10
MEM-2025-LOT7,M01,-17,15,1,10
MEM-2025-LOT7,M01,-16,15,1,10
MEM-2025-LOT7,M01,-15,15,1,10
MEM-2025-LOT7,M01,-14,15,1,10
MEM-2025-LOT7,M01,-13,15,1,10
MEM-2025-LOT7,M01,-12,15,1,10
MEM-2025-LOT7,M01,-11,15,1,10
MEM-2025-LOT7,M01,-10,15,1,10
MEM-2025-LOT7,M01,-9,15,1,10
MEM-2025-LOT7,M01,-8,15,1,10
MEM-2025-LOT7,M01,-7,15,1,10
MEM-2025-LOT7,M01,-6,15,1,10
MEM-2025-LOT7,M01,-5,15,1,10
MEM-2025-LOT7,M01,-4,15,1,10
MEM-2025-LOT7,M01,-3,15,3,20
MEM-2025-LOT7,M01,-2,15,1,10
MEM-2025-LOT7,M01,-1,15,1,10
MEM-2025-LOT7,M01,0,15,1,10
MEM-2025-LOT7,M01,1,15,1,10
MEM-2025-LOT7,M01,2,15,1,10
MEM-2025-LOT7,M01,3,15,1,10
MEM-2025-LOT7,M01,4,15,1,10
MEM-2025-LOT7,M01,5,15,1,10
MEM-2025-LOT7,M01,6,15,1,10
MEM-2025-LOT7,M01,7,15,1,10
MEM-2025-LOT7,M01,8,15,1,10
MEM-2025-LOT7,M01,9,15,1,10
MEM-2025-LOT7,M01,10,15,1,10
MEM-2025-LOT7,M01,11,15,2,30
MEM-2025-LOT7,M01,12,15,1,10
MEM-2025-LOT7,M01,13,15,1,10
MEM-2025-LOT7,M01,14,15,1,10
MEM-2025-LOT7,M01,15,15,1,10
MEM-2025-LOT7,M01,16,15,1,10
MEM-2025-LOT7,M01,17,15,1,10
MEM-2025-LOT7,M01,18,15,1,10
MEM-2025-LOT7,M01,19,15,1,10
MEM-2025-LOT7,M01,20,15,1,10
MEM-2025-LOT7,M01,21,15,1,10
MEM-2025-LOT7,M01,22,15,1,10
MEM-2025-LOT7,M01,23,15,1,10
MEM-2025-LOT7,M01,24,15,1,10
MEM-2025-LOT7,M01,25,15,1,10
MEM-2025-LOT7,M01,26,15,2,30
MEM-2025-LOT7,M01,27,15,1,10
MEM-2025-LOT7,M01,28,15,1,10
MEM-2025-LOT7,M01,29,15,1,10
MEM-2025-LOT7,M01,30,15,3,21
MEM-2025-LOT7,M01,-30,16,1,10
MEM-2025-LOT7,M01,-29,16,1,10
MEM-2025-LOT7,M01,-28,16,1,10
MEM-2025-LOT7,M01,-27,16,1,10
MEM-2025-LOT7,M01,-26,16,2,31
MEM-2025-LOT7,M01,-25,16,1,10
MEM-2025-LOT7,M01,-24,16,1,10
MEM-2025-LOT7,M01,-23,16,1,10
MEM-2025-LOT7,M01,-22,16,1,10
MEM-2025-LOT7,M01,-21,16,1,10
MEM-2025-LOT7,M01,-20,16,1,10
MEM-2025-LOT7,M01,-19,16,1,10
MEM-2025-LOT7,M01,-18,16,1,10
MEM-2025-LOT7,M01,-17,16,1,10
MEM-2025-LOT7,M01,-16,16,1,10
MEM-2025-LOT7,M01,-15,16,1,10
MEM-2025-LOT7,M01,-14,16,1,10
MEM-2025-LOT7,M01,-13,16,1,10
MEM-2025-LOT7,M01,-12,16,1,10
MEM-2025-LOT7,M01,-11,16,1,10
MEM-2025-LOT7,M01,-10,16,1,10
MEM-2025-LOT7,M01,-9,16,1,10
MEM-2025-LOT7,M01,-8,16,1,10
MEM-2025-LOT7,M01,-7,16,1,10
MEM-2025-LOT7,M01,-6,16,1,10
MEM-2025-LOT7,M01,-5,16,1,10
MEM-2025-LOT7,M01,-4,16,1,10
MEM-2025-LOT7,M01,-3,16,1,10
MEM-2025-LOT7,M01,-2,16,1,10
MEM-2025-LOT7,M01,-1,16,1,10
MEM-2025-LOT7,M01,0,16,1,10
MEM-2025-LOT7,M01,1,16,1,10
MEM-2025-LOT7,M01,2,16,1,10
MEM-2025-LOT7,M01,3,16,1,10
MEM-2025-LOT7,M01,4,16,1,10
MEM-2025-LOT7,M01,5,16,1,10
MEM-2025-LOT7,M01,6,16,1,10
MEM-2025-LOT7,M01,7,16,1,10
MEM-2025-LOT7,M01,8,16,1,10
MEM-2025-LOT7,M01,9,16,1,10
MEM-2025-LOT7,M01,10,16,1,10
MEM-2025-LOT7,M01,11,16,1,10
MEM-2025-LOT7,M01,12,16,1,10
MEM-2025-LOT7,M01,13,16,1,10
MEM-2025-LOT7,M01,14,16,1,10
MEM-2025-LOT7,M01,15,16,1,10
MEM-2025-LOT7,M01,16,16,1,10
MEM-2025-LOT7,M01,17,16,1,10
MEM-2025-LOT7,M01,18,16,1,10
MEM-2025-LOT7,M01,19,16,4,21
MEM-2025-LOT7,M01,20,16,1,10
MEM-2025-LOT7,M01,21,16,1,10
MEM-2025-LOT7,M01,22,16,1,10
MEM-2025-LOT7,M01,23,16,1,10
MEM-2025-LOT7,M01,24,16,1,10
MEM-2025-LOT7,M01,25,16,1,10
MEM-2025-LOT7,M01,26,16,1,10
MEM-2025-LOT7,M01,27,16,2,30
MEM-2025-LOT7,M01,28,16,1,10
MEM-2025-LOT7,M01,29,16,2,20
MEM-2025-LOT7,M01,30,16,2,31
MEM-2025-LOT7,M01,-30,17,1,10
MEM-2025-LOT7,M01,-29,17,2,30
MEM-2025-LOT7,M01,-28,17,3,21
MEM-2025-LOT7,M01,-27,17,2,22
MEM-2025-LOT7,M01,-26,17,1,10
MEM-2025-LOT7,M01,-25,17,1,10
MEM-2025-LOT7,M01,-24,17,1,10
MEM-2025-LOT7,M01,-23,17,1,10
MEM-2025-LOT7,M01,-22,17,1,10
MEM-2025-LOT7,M01,-21,17,1,10
MEM-2025-LOT7,M01,-20,17,1,10
MEM-2025-LOT7,M01,-19,17,1,10
MEM-2025-LOT7,M01,-18,17,1,10
MEM-2025-LOT7,M01,-17,17,1,10
MEM-2025-LOT7,M01,-16,17,1,10
MEM-2025-LOT7,M01,-15,17,1,10
MEM-2025-LOT7,M01,-14,17,1,10
MEM-2025-LOT7,M01,-13,17,4,22
MEM-2025-LOT7,M01,-12,17,1,10
MEM-2025-LOT7,M01,-11,17,1,10
MEM-2025-LOT7,M01,-10,17,1,10
MEM-2025-LOT7,M01,-9,17,1,10
MEM-2025-LOT7,M01,-8,17,1,10
MEM-2025-LOT7,M01,-7,17,1,10
MEM-2025-LOT7,M01,-6,17,1,10
MEM-2025-LOT7,M01,-5,17,1,10
MEM-2025-LOT7,M01,-4,17,1,10
MEM-2025-LOT7,M01,-3,17,1,10
MEM-2025-LOT7,M01,-2,17,1,10
MEM-2025-LOT7,M01,-1,17,1,10
MEM-2025-LOT7,M01,0,17,1,10
MEM-2025-LOT7,M01,1,17,1,10
MEM-2025-LOT7,M01,2,17,1,10
MEM-2025-LOT7,M01,3,17,1,10
MEM-2025-LOT7,M01,4,17,1,10
MEM-2025-LOT7,M01,5,17,1,10
MEM-2025-LOT7,M01,6,17,1,10
MEM-2025-LOT7,M01,7,17,1,10
MEM-2025-LOT7,M01,8,17,1,10
MEM-2025-LOT7,M01,9,17,1,10
MEM-2025-LOT7,M01,10,17,4,21
MEM-2025-LOT7,M01,11,17,1,10
MEM-2025-LOT7,M01,12,17,1,10
MEM-2025-LOT7,M01,13,17,1,10
MEM-2025-LOT7,M01,14,17,1,10
MEM-2025-LOT7,M01,15,17,1,10
MEM-2025-LOT7,M01,16,17,1,10
MEM-2025-LOT7,M01,17,17,1,10
MEM-2025-LOT7,M01,18,17,1,10
MEM-2025-LOT7,M01,19,17,1,10
MEM-2025-LOT7,M01,20,17,1,10
MEM-2025-LOT7,M01,21,17,1,10
MEM-2025-LOT7,M01,22,17,1,10
MEM-2025-LOT7,M01,23,17,1,10
MEM-2025-LOT7,M01,24,17,1,10
MEM-2025-LOT7,M01,25,17,4,22
MEM-2025-LOT7,M01,26,17,2,22
MEM-2025-LOT7,M01,27,17,1,10
MEM-2025-LOT7,M01,28,17,1,10
MEM-2025-LOT7,M01,29,17,1,10
MEM-2025-LOT7,M01,30,17,1,10
MEM-2025-LOT7,M01,-30,18,1,10
MEM-2025-LOT7,M01,-29,18,1,10
MEM-2025-LOT7,M01,-28,18,1,10
MEM-2025-LOT7,M01,-27,18,1,10
MEM-2025-LOT7,M01,-26,18,3,20
MEM-2025-LOT7,M01,-25,18,1,10
MEM-2025-LOT7,M01,-24,18,1,10
MEM-2025-LOT7,M01,-23,18,1,10
MEM-2025-LOT7,M01,-22,18,1,10
MEM-2025-LOT7,M01,-21,18,1,10
MEM-2025-LOT7,M01,-20,18,1,10
MEM-2025-LOT7,M01,-19,18,1,10
MEM-2025-LOT7,M01,-18,18,1,10
MEM-2025-LOT7,M01,-17,18,1,10
MEM-2025-LOT7,M01,-16,18,1,10
MEM-2025-LOT7,M01,-15,18,1,10
MEM-2025-LOT7,M01,-14,18,1,10
MEM-2025-LOT7,M01,-13,18,1,10
MEM-2025-LOT7,M01,-12,18,4,22
MEM-2025-LOT7,M01,-11,18,1,10
MEM-2025-LOT7,M01,-10,18,1,10
MEM-2025-LOT7,M01,-9,18,1,10
MEM-2025-LOT7,M01,-8,18,1,10
MEM-2025-LOT7,M01,-7,18,1,10
MEM-2025-LOT7,M01,-6,18,1,10
MEM-2025-LOT7,M01,-5,18,1,10
MEM-2025-LOT7,M01,-4,18,1,10
MEM-2025-LOT7,M01,-3,18,1,10
MEM-2025-LOT7,M01,-2,18,1,10
MEM-2025-LOT7,M01,-1,18,1,10
MEM-2025-LOT7,M01,0,18,1,10
MEM-2025-LOT7,M01,1,18,1,10
MEM-2025-LOT7,M01,2,18,1,10
MEM-2025-LOT7,M01,3,18,1,10
MEM-2025-LOT7,M01,4,18,1,10
MEM-2025-LOT7,M01,5,18,1,10
MEM-2025-LOT7,M01,6,18,1,10
MEM-2025-LOT7,M01,7,18,1,10
MEM-2025-LOT7,M01,8,18,1,10
MEM-2025-LOT7,M01,9,18,1,10
MEM-2025-LOT7,M01,10,18,1,10
MEM-2025-LOT7,M01,11,18,1,10
MEM-2025-LOT7,M01,12,18,1,10
MEM-2025-LOT7,M01,13,18,1,10
MEM-2025-LOT7,M01,14,18,1,10
MEM-2025-LOT7,M01,15,18,1,10
MEM-2025-LOT7,M01,16,18,1,10
MEM-2025-LOT7,M01,17,18,1,10
MEM-2025-LOT7,M01,18,18,1,10
MEM-2025-LOT7,M01,19,18,1,10
MEM-2025-LOT7,M01,20,18,1,10
MEM-2025-LOT7,M01,21,18,1,10
MEM-2025-LOT7,M01,22,18,1,10
MEM-2025-LOT7,M01,23,18,1,10
MEM-2025-LOT7,M01,24,18,1,10
MEM-2025-LOT7,M01,25,18,1,10
MEM-2025-LOT7,M01,26,18,2,21
MEM-2025-LOT7,M01,27,18,4,20
MEM-2025-LOT7,M01,28,18,1,10
MEM-2025-LOT7,M01,29,18,2,20
MEM-2025-LOT7,M01,30,18,4,22
MEM-2025-LOT7,M01,-29,19,1,10
MEM-2025-LOT7,M01,-28,19,4,20
MEM-2025-LOT7,M01,-27,19,1,10
MEM-2025-LOT7,M01,-26,19,1,10
MEM-2025-LOT7,M01,-25,19,2,22
MEM-2025-LOT7,M01,-24,19,1,10
MEM-2025-LOT7,M01,-23,19,1,10
MEM-2025-LOT7,M01,-22,19,1,10
MEM-2025-LOT7,M01,-21,19,1,10
MEM-2025-LOT7,M01,-20,19,1,10
MEM-2025-LOT7,M01,-19,19,1,10
MEM-2025-LOT7,M01,-18,19,2,21
MEM-2025-LOT7,M01,-17,19,1,10
MEM-2025-LOT7,M01,-16,19,1,10
MEM-2025-LOT7,M01,-15,19,1,10
MEM-2025-LOT7,M01,-14,19,1,10
MEM-2025-LOT7,M01,-13,19,1,10
MEM-2025-LOT7,M01,-12,19,1,10
MEM-2025-LOT7,M01,-11,19,1,10
MEM-2025-LOT7,M01,-10,19,1,10
MEM-2025-LOT7,M01,-9,19,4,30
MEM-2025-LOT7,M01,-8,19,1,10
MEM-2025-LOT7,M01,-7,19,1,10
MEM-2025-LOT7,M01,-6,19,1,10
MEM-2025-LOT7,M01,-5,19,1,10
MEM-2025-LOT7,M01,-4,19,1,10
MEM-2025-LOT7,M01,-3,19,1,10
MEM-2025-LOT7,M01,-2,19,1,10
MEM-2025-LOT7,M01,-1,19,1,10
MEM-2025-LOT7,M01,0,19,4,22
MEM-2025-LOT7,M01,1,19,3,20
MEM-2025-LOT7,M01,2,19,1,10
MEM-2025-LOT7,M01,3,19,1,10
MEM-2025-LOT7,M01,4,19,3,20
MEM-2025-LOT7,M01,5,19,1,10
MEM-2025-LOT7,M01,6,19,1,10
MEM-2025-LOT7,M01,7,19,1,10
MEM-2025-LOT7,M01,8,19,1,10
MEM-2025-LOT7,M01,9,19,1,10
MEM-2025-LOT7,M01,10,19,1,10
MEM-2025-LOT7,M01,11,19,1,10
MEM-2025-LOT7,M01,12,19,1,10
MEM-2025-LOT7,M01,13,19,1,10
MEM-2025-LOT7,M01,14,19,1,10
MEM-2025-LOT7,M01,15,19,1,10
MEM-2025-LOT7,M01,16,19,1,10
MEM-2025-LOT7,M01,17,19,1,10
MEM-2025-LOT7,M01,18,19,1,10
MEM-2025-LOT7,M01,19,19,1,10
MEM-2025-LOT7,M01,20,19,1,10
MEM-2025-LOT7,M01,21,19,1,10
MEM-2025-LOT7,M01,22,19,1,10
MEM-2025-LOT7,M01,23,19,1,10
MEM-2025-LOT7,M01,24,19,1,10
MEM-2025-LOT7,M01,25,19,1,10
MEM-2025-LOT7,M01,26,19,1,10
MEM-2025-LOT7,M01,27,19,4,31
MEM-2025-LOT7,M01,28,19,1,10
MEM-2025-LOT7,M01,29,19,1,10
MEM-2025-LOT7,M01,-29,20,3,30
MEM-2025-LOT7,M01,-28,20,1,10
MEM-2025-LOT7,M01,-27,20,1,10
MEM-2025-LOT7,M01,-26,20,4,30
MEM-2025-LOT7,M01,-25,20,3,22
MEM-2025-LOT7,M01,-24,20,1,10
MEM-2025-LOT7,M01,-23,20,1,10
MEM-2025-LOT7,M01,-22,20,1,10
MEM-2025-LOT7,M01,-21,20,1,10
MEM-2025-LOT7,M01,-20,20,1,10
MEM-2025-LOT7,M01,-19,20,1,10
MEM-2025-LOT7,M01,-18,20,1,10
MEM-2025-LOT7,M01,-17,20,1,10
MEM-2025-LOT7,M01,-16,20,1,10
MEM-2025-LOT7,M01,-15,20,1,10
MEM-2025-LOT7,M01,-14,20,1,10
MEM-2025-LOT7,M01,-13,20,1,10
MEM-2025-LOT7,M01,-12,20,1,10
MEM-2025-LOT7,M01,-11,20,1,10
MEM-2025-LOT7,M01,-10,20,1,10
MEM-2025-LOT7,M01,-9,20,1,10
MEM-2025-LOT7,M01,-8,20,1,10
MEM-2025-LOT7,M01,-7,20,1,10
MEM-2025-LOT7,M01,-6,20,1,10
MEM-2025-LOT7,M01,-5,20,1,10
MEM-2025-LOT7,M01,-4,20,1,10
MEM-2025-LOT7,M01,-3,20,1,10
MEM-2025-LOT7,M01,-2,20,1,10
MEM-2025-LOT7,M01,-1,20,1,10
MEM-2025-LOT7,M01,0,20,1,10
MEM-2025-LOT7,M01,1,20,1,10
MEM-2025-LOT7,M01,2,20,1,10
MEM-2025-LOT7,M01,3,20,1,10
MEM-2025-LOT7,M01,4,20,1,10
MEM-2025-LOT7,M01,5,20,1,10
MEM-2025-LOT7,M01,6,20,1,10
MEM-2025-LOT7,M01,7,20,1,10
MEM-2025-LOT7,M01,8,20,1,10
MEM-2025-LOT7,M01,9,20,1,10
MEM-2025-LOT7,M01,10,20,1,10
MEM-2025-LOT7,M01,11,20,1,10
MEM-2025-LOT7,M01,12,20,1,10
MEM-2025-LOT7,M01,13,20,1,10
MEM-2025-LOT7,M01,14,20,1,10
MEM-2025-LOT7,M01,15,20,1,10
MEM-2025-LOT7,M01,16,20,1,10
MEM-2025-LOT7,M01,17,20,1,10
MEM-2025-LOT7,M01,18,20,1,10
MEM-2025-LOT7,M01,19,20,1,10
MEM-2025-LOT7,M01,20,20,1,10
MEM-2025-LOT7,M01,21,20,1,10
MEM-2025-LOT7,M01,22,20,1,10
MEM-2025-LOT7,M01,23,20,1,10
MEM-2025-LOT7,M01,24,20,2,30
MEM-2025-LOT7,M01,25,20,2,22
MEM-2025-LOT7,M01,26,20,1,10
MEM-2025-LOT7,M01,27,20,2,21
MEM-2025-LOT7,M01,28,20,1,10
MEM-2025-LOT7,M01,29,20,2,30
MEM-2025-LOT7,M01,-29,21,1,10
MEM-2025-LOT7,M01,-28,21,2,30
MEM-2025-LOT7,M01,-27,21,2,22
MEM-2025-LOT7,M01,-26,21,1,10
MEM-2025-LOT7,M01,-25,21,2,20
MEM-2025-LOT7,M01,-24,21,1,10
MEM-2025-LOT7,M01,-23,21,2,20
MEM-2025-LOT7,M01,-22,21,1,10
MEM-2025-LOT7,M01,-21,21,1,10
MEM-2025-LOT7,M01,-20,21,1,10
MEM-2025-LOT7,M01,-19,21,1,10
MEM-2025-LOT7,M01,-18,21,1,10
MEM-2025-LOT7,M01,-17,21,1,10
MEM-2025-LOT7,M01,-16,21,1,10
MEM-2025-LOT7,M01,-15,21,1,10
MEM-2025-LOT7,M01,-14,21,1,10
MEM-2025-LOT7,M01,-13,21,1,10
MEM-2025-LOT7,M01,-12,21,1,10
MEM-2025-LOT7,M01,-11,21,1,10
MEM-2025-LOT7,M01,-10,21,1,10
MEM-2025-LOT7,M01,-9,21,1,10
MEM-2025-LOT7,M01,-8,21,1,10
MEM-2025-LOT7,M01,-7,21,1,10
MEM-2025-LOT7,M01,-6,21,1,10
MEM-2025-LOT7,M01,-5,21,1,10
MEM-2025-LOT7,M01,-4,21,1,10
MEM-2025-LOT7,M01,-3,21,1,10
MEM-2025-LOT7,M01,-2,21,1,10
MEM-2025-LOT7,M01,-1,21,1,10
MEM-2025-LOT7,M01,0,21,1,10
MEM-2025-LOT7,M01,1,21,1,10
MEM-2025-LOT7,M01,2,21,1,10
MEM-2025-LOT7,M01,3,21,1,10
MEM-2025-LOT7,M01,4,21,1,10
MEM-2025-LOT7,M01,5,21,1,10
MEM-2025-LOT7,M01,6,21,1,10
MEM-2025-LOT7,M01,7,21,1,10
MEM-2025-LOT7,M01,8,21,1,10
MEM-2025-LOT7,M01,9,21,1,10
MEM-2025-LOT7,M01,10,21,1,10
MEM-2025-LOT7,M01,11,21,1,10
MEM-2025-LOT7,M01,12,21,1,10
MEM-2025-LOT7,M01,13,21,1,10
MEM-2025-LOT7,M01,14,21,1,10
MEM-2025-LOT7,M01,15,21,1,10
MEM-2025-LOT7,M01,16,21,1,10
MEM-2025-LOT7,M01,17,21,1,10
MEM-2025-LOT7,M01,18,21,1,10
MEM-2025-LOT7,M01,19,21,1,10
MEM-2025-LOT7,M01,20,21,1,10
MEM-2025-LOT7,M01,21,21,1,10
MEM-2025-LOT7,M01,22,21,1,10
MEM-2025-LOT7,M01,23,21,1,10
MEM-2025-LOT7,M01,24,21,1,10
MEM-2025-LOT7,M01,25,21,3,20
MEM-2025-LOT7,M01,26,21,2,21
MEM-2025-LOT7,M01,27,21,2,30
MEM-2025-LOT7,M01,28,21,1,10
MEM-2025-LOT7,M01,29,21,2,22
MEM-2025-LOT7,M01,-28,22,2,31
MEM-2025-LOT7,M01,-27,22,4,30
MEM-2025-LOT7,M01,-26,22,1,10
MEM-2025-LOT7,M01,-25,22,1,10
MEM-2025-LOT7,M01,-24,22,1,10
MEM-2025-LOT7,M01,-23,22,1,10
MEM-2025-LOT7,M01,-22,22,1,10
MEM-2025-LOT7,M01,-21,22,1,10
MEM-2025-LOT7,M01,-20,22,1,10
MEM-2025-LOT7,M01,-19,22,1,10
MEM-2025-LOT7,M01,-18,22,1,10
MEM-2025-LOT7,M01,-17,22,1,10
MEM-2025-LOT7,M01,-16,22,1,10
MEM-2025-LOT7,M01,-15,22,1,10
MEM-2025-LOT7,M01,-14,22,1,10
MEM-2025-LOT7,M01,-13,22,1,10
MEM-2025-LOT7,M01,-12,22,1,10
MEM-2025-LOT7,M01,-11,22,1,10
MEM-2025-LOT7,M01,-10,22,1,10
MEM-2025-LOT7,M01,-9,22,1,10
MEM-2025-LOT7,M01,-8,22,1,10
MEM-2025-LOT7,M01,-7,22,1,10
MEM-2025-LOT7,M01,-6,22,1,10
MEM-2025-LOT7,M01,-5,22,1,10
MEM-2025-LOT7,M01,-4,22,1,10
MEM-2025-LOT7,M01,-3,22,1,10
MEM-2025-LOT7,M01,-2,22,1,10
MEM-2025-LOT7,M01,-1,22,1,10
MEM-2025-LOT7,M01,0,22,1,10
MEM-2025-LOT7,M01,1,22,1,10
MEM-2025-LOT7,M01,2,22,1,10
MEM-2025-LOT7,M01,3,22,1,10
MEM-2025-LOT7,M01,4,22,1,10
MEM-2025-LOT7,M01,5,22,1,10
MEM-2025-LOT7,M01,6,22,1,10
MEM-2025-LOT7,M01,7,22,1,10
MEM-2025-LOT7,M01,8,22,1,10
MEM-2025-LOT7,M01,9,22,1,10
MEM-2025-LOT7,M01,10,22,1,10
MEM-2025-LOT7,M01,11,22,1,10
MEM-2025-LOT7,M01,12,22,1,10
MEM-2025-LOT7,M01,13,22,1,10
MEM-2025-LOT7,M01,14,22,1,10
MEM-2025-LOT7,M01,15,22,1,10
MEM-2025-LOT7,M01,16,22,1,10
MEM-2025-LOT7,M01,17,22,1,10
MEM-2025-LOT7,M01,18,22,1,10
MEM-2025-LOT7,M01,19,22,1,10
MEM-2025-LOT7,M01,20,22,1,10
MEM-2025-LOT7,M01,21,22,1,10
MEM-2025-LOT7,M01,22,22,1,10
MEM-2025-LOT7,M01,23,22,1,10
MEM-2025-LOT7,M01,24,22,2,21
MEM-2025-LOT7,M01,25,22,4,21
MEM-2025-LOT7,M01,26,22,3,22
MEM-2025-LOT7,M01,27,22,2,22
MEM-2025-LOT7,M01,28,22,1,10
MEM-2025-LOT7,M01,-28,23,2,20
MEM-2025-LOT7,M01,-27,23,1,10
MEM-2025-LOT7,M01,-26,23,1,10
MEM-2025-LOT7,M01,-25,23,2,30
MEM-2025-LOT7,M01,-24,23,1,10
MEM-2025-LOT7,M01,-23,23,2,31
MEM-2025-LOT7,M01,-22,23,1,10
MEM-2025-LOT7,M01,-21,23,1,10
MEM-2025-LOT7,M01,-20,23,1,10
MEM-2025-LOT7,M01,-19,23,1,10
MEM-2025-LOT7,M01,-18,23,1,10
MEM-2025-LOT7,M01,-17,23,1,10
MEM-2025-LOT7,M01,-16,23,1,10
MEM-2025-LOT7,M01,-15,23,1,10
MEM-2025-LOT7,M01,-14,23,1,10
MEM-2025-LOT7,M01,-13,23,1,10
MEM-2025-LOT7,M01,-12,23,1,10
MEM-2025-LOT7,M01,-11,23,1,10
MEM-2025-LOT7,M01,-10,23,1,10
MEM-2025-LOT7,M01,-9,23,1,10
MEM-2025-LOT7,M01,-8,23,1,10
MEM-2025-LOT7,M01,-7,23,1,10
MEM-2025-LOT7,M01,-6,23,1,10
MEM-2025-LOT7,M01,-5,23,1,10
MEM-2025-LOT7,M01,-4,23,1,10
MEM-2025-LOT7,M01,-3,23,1,10
MEM-2025-LOT7,M01,-2,23,1,10
MEM-2025-LOT7,M01,-1,23,1,10
MEM-2025-LOT7,M01,0,23,1,10
MEM-2025-LOT7,M01,1,23,1,10
MEM-2025-LOT7,M01,2,23,1,10
MEM-2025-LOT7,M01,3,23,1,10
MEM-2025-LOT7,M01,4,23,1,10
MEM-2025-LOT7,M01,5,23,1,10
MEM-2025-LOT7,M01,6,23,1,10
MEM-2025-LOT7,M01,7,23,1,10
MEM-2025-LOT7,M01,8,23,1,10
MEM-2025-LOT7,M01,9,23,1,10
MEM-2025-LOT7,M01,10,23,1,10
MEM-2025-LOT7,M01,11,23,1,10
MEM-2025-LOT7,M01,12,23,1,10
MEM-2025-LOT7,M01,13,23,1,10
MEM-2025-LOT7,M01,14,23,1,10
MEM-2025-LOT7,M01,15,23,1,10
MEM-2025-LOT7,M01,16,23,1,10
MEM-2025-LOT7,M01,17,23,1,10
MEM-2025-LOT7,M01,18,23,1,10
MEM-2025-LOT7,M01,19,23,1,10
MEM-2025-LOT7,M01,20,23,1,10
MEM-2025-LOT7,M01,21,23,1,10
MEM-2025-LOT7,M01,22,23,1,10
MEM-2025-LOT7,M01,23,23,3,20
MEM-2025-LOT7,M01,24,23,2,31
MEM-2025-LOT7,M01,25,23,2,20
MEM-2025-LOT7,M01,26,23,1,10
MEM-2025-LOT7,M01,27,23,1,10
MEM-2025-LOT7,M01,28,23,2,22
MEM-2025-LOT7,M01,-28,24,1,10
MEM-2025-LOT7,M01,-27,24,1,10
MEM-2025-LOT7,M01,-26,24,1,10
MEM-2025-LOT7,M01,-25,24,1,10
MEM-2025-LOT7,M01,-24,24,2,21
MEM-2025-LOT7,M01,-23,24,2,22
MEM-2025-LOT7,M01,-22,24,1,10
MEM-2025-LOT7,M01,-21,24,1,10
MEM-2025-LOT7,M01,-20,24,1,10
MEM-2025-LOT7,M01,-19,24,1,10
MEM-2025-LOT7,M01,-18,24,1,10
MEM-2025-LOT7,M01,-17,24,1,10
MEM-2025-LOT7,M01,-16,24,1,10
MEM-2025-LOT7,M01,-15,24,1,10
MEM-2025-LOT7,M01,-14,24,1,10
MEM-2025-LOT7,M01,-13,24,1,10
MEM-2025-LOT7,M01,-12,24,1,10
MEM-2025-LOT7,M01,-11,24,1,10
MEM-2025-LOT7,M01,-10,24,1,10
MEM-2025-LOT7,M01,-9,24,1,10
MEM-2025-LOT7,M01,-8,24,1,10
MEM-2025-LOT7,M01,-7,24,2,30
MEM-2025-LOT7,M01,-6,24,1,10
MEM-2025-LOT7,M01,-5,24,1,10
MEM-2025-LOT7,M01,-4,24,1,10
MEM-2025-LOT7,M01,-3,24,1,10
MEM-2025-LOT7,M01,-2,24,1,10
MEM-2025-LOT7,M01,-1,24,1,10
MEM-2025-LOT7,M01,0,24,1,10
MEM-2025-LOT7,M01,1,24,1,10
MEM-2025-LOT7,M01,2,24,1,10
MEM-2025-LOT7,M01,3,24,1,10
MEM-2025-LOT7,M01,4,24,1,10
MEM-2025-LOT7,M01,5,24,1,10
MEM-2025-LOT7,M01,6,24,1,10
MEM-2025-LOT7,M01,7,24,1,10
MEM-2025-LOT7,M01,8,24,1,10
MEM-2025-LOT7,M01,9,24,1,10
MEM-2025-LOT7,M01,10,24,1,10
MEM-2025-LOT7,M01,11,24,1,10
MEM-2025-LOT7,M01,12,24,1,10
MEM-2025-LOT7,M01,13,24,1,10
MEM-2025-LOT7,M01,14,24,1,10
MEM-2025-LOT7,M01,15,24,1,10
MEM-2025-LOT7,M01,16,24,1,10
MEM-2025-LOT7,M01,17,24,1,10
MEM-2025-LOT7,M01,18,24,1,10
MEM-2025-LOT7,M01,19,24,1,10
MEM-2025-LOT7,M01,20,24,1,10
MEM-2025-LOT7,M01,21,24,1,10
MEM-2025-LOT7,M01,22,24,1,10
MEM-2025-LOT7,M01,23,24,1,10
MEM-2025-LOT7,M01,24,24,1,10
MEM-2025-LOT7,M01,25,24,3,22
MEM-2025-LOT7,M01,26,24,1,10
MEM-2025-LOT7,M01,27,24,1,10
MEM-2025-LOT7,M01,28,24,1,10
MEM-2025-LOT7,M01,-27,25,1,10
MEM-2025-LOT7,M01,-26,25,1,10
MEM-2025-LOT7,M01,-25,25,1,10
MEM-2025-LOT7,M01,-24,25,1,10
MEM-2025-LOT7,M01,-23,25,4,30
MEM-2025-LOT7,M01,-22,25,1,10
MEM-2025-LOT7,M01,-21,25,1,10
MEM-2025-LOT7,M01,-20,25,1,10
MEM-2025-LOT7,M01,-19,25,4,30
MEM-2025-LOT7,M01,-18,25,1,10
MEM-2025-LOT7,M01,-17,25,1,10
MEM-2025-LOT7,M01,-16,25,1,10
MEM-2025-LOT7,M01,-15,25,1,10
MEM-2025-LOT7,M01,-14,25,1,10
MEM-2025-LOT7,M01,-13,25,1,10
MEM-2025-LOT7,M01,-12,25,1,10
MEM-2025-LOT7,M01,-11,25,1,10
MEM-2025-LOT7,M01,-10,25,1,10
MEM-2025-LOT7,M01,-9,25,1,10
MEM-2025-LOT7,M01,-8,25,1,10
MEM-2025-LOT7,M01,-7,25,1,10
MEM-2025-LOT7,M01,-6,25,1,10
MEM-2025-LOT7,M01,-5,25,1,10
MEM-2025-LOT7,M01,-4,25,1,10
MEM-2025-LOT7,M01,-3,25,1,10
MEM-2025-LOT7,M01,-2,25,1,10
MEM-2025-LOT7,M01,-1,25,1,10
MEM-2025-LOT7,M01,0,25,1,10
MEM-2025-LOT7,M01,1,25,1,10
MEM-2025-LOT7,M01,2,25,1,10
MEM-2025-LOT7,M01,3,25,1,10
MEM-2025-LOT7,M01,4,25,1,10
MEM-2025-LOT7,M01,5,25,1,10
MEM-2025-LOT7,M01,6,25,1,10
MEM-2025-LOT7,M01,7,25,1,10
MEM-2025-LOT7,M01,8,25,1,10
MEM-2025-LOT7,M01,9,25,1,10
MEM-2025-LOT7,M01,10,25,2,20
MEM-2025-LOT7,M01,11,25,1,10
MEM-2025-LOT7,M01,12,25,1,10
MEM-2025-LOT7,M01,13,25,1,10
MEM-2025-LOT7,M01,14,25,1,10
MEM-2025-LOT7,M01,15,25,1,10
MEM-2025-LOT7,M01,16,25,1,10
MEM-2025-LOT7,M01,17,25,1,10
MEM-2025-LOT7,M01,18,25,1,10
MEM-2025-LOT7,M01,19,25,1,10
MEM-2025-LOT7,M01,20,25,1,10
MEM-2025-LOT7,M01,21,25,1,10
MEM-2025-LOT7,M01,22,25,2,30
MEM-2025-LOT7,M01,23,25,4,21
MEM-2025-LOT7,M01,24,25,1,10
MEM-2025-LOT7,M01,25,25,2,21
MEM-2025-LOT7,M01,26,25,1,10
MEM-2025-LOT7,M01,27,25,1,10
MEM-2025-LOT7,M01,-27,26,1,10
MEM-2025-LOT7,M01,-26,26,2,22
MEM-2025-LOT7,M01,-25,26,2,31
MEM-2025-LOT7,M01,-24,26,4,30
MEM-2025-LOT7,M01,-23,26,1,10
MEM-2025-LOT7,M01,-22,26,1,10
MEM-2025-LOT7,M01,-21,26,1,10
MEM-2025-LOT7,M01,-20,26,1,10
MEM-2025-LOT7,M01,-19,26,1,10
MEM-2025-LOT7,M01,-18,26,1,10
MEM-2025-LOT7,M01,-17,26,1,10
MEM-2025-LOT7,M01,-16,26,1,10
MEM-2025-LOT7,M01,-15,26,1,10
MEM-2025-LOT7,M01,-14,26,1,10
MEM-2025-LOT7,M01,-13,26,1,10
MEM-2025-LOT7,M01,-12,26,1,10
MEM-2025-LOT7,M01,-11,26,1,10
MEM-2025-LOT7,M01,-10,26,1,10
MEM-2025-LOT7,M01,-9,26,1,10
MEM-2025-LOT7,M01,-8,26,1,10
MEM-2025-LOT7,M01,-7,26,1,10
MEM-2025-LOT7,M01,-6,26,1,10
MEM-2025-LOT7,M01,-5,26,1,10
MEM-2025-LOT7,M01,-4,26,1,10
MEM-2025-LOT7,M01,-3,26,1,10
MEM-2025-LOT7,M01,-2,26,1,10
MEM-2025-LOT7,M01,-1,26,2,20
MEM-2025-LOT7,M01,0,26,1,10
MEM-2025-LOT7,M01,1,26,1,10
MEM-2025-LOT7,M01,2,26,1,10
MEM-2025-LOT7,M01,3,26,1,10
MEM-2025-LOT7,M01,4,26,1,10
MEM-2025-LOT7,M01,5,26,1,10
MEM-2025-LOT7,M01,6,26,1,10
MEM-2025-LOT7,M01,7,26,1,10
MEM-2025-LOT7,M01,8,26,1,10
MEM-2025-LOT7,M01,9,26,1,10
MEM-2025-LOT7,M01,10,26,1,10
MEM-2025-LOT7,M01,11,26,1,10
MEM-2025-LOT7,M01,12,26,1,10
MEM-2025-LOT7,M01,13,26,1,10
MEM-2025-LOT7,M01,14,26,1,10
MEM-2025-LOT7,M01,15,26,1,10
MEM-2025-LOT7,M01,16,26,1,10
MEM-2025-LOT7,M01,17,26,3,21
MEM-2025-LOT7,M01,18,26,1,10
MEM-2025-LOT7,M01,19,26,1,10
MEM-2025-LOT7,M01,20,26,1,10
MEM-2025-LOT7,M01,21,26,1,10
MEM-2025-LOT7,M01,22,26,1,10
MEM-2025-LOT7,M01,23,26,1,10
MEM-2025-LOT7,M01,24,26,1,10
MEM-2025-LOT7,M01,25,26,1,10
MEM-2025-LOT7,M01,26,26,1,10
MEM-2025-LOT7,M01,27,26,3,30
MEM-2025-LOT7,M01,-26,27,1,10
MEM-2025-LOT7,M01,-25,27,1,10
MEM-2025-LOT7,M01,-24,27,2,21
MEM-2025-LOT7,M01,-23,27,1,10
MEM-2025-LOT7,M01,-22,27,2,21
MEM-2025-LOT7,M01,-21,27,1,10
MEM-2025-LOT7,M01,-20,27,1,10
MEM-2025-LOT7,M01,-19,27,1,10
MEM-2025-LOT7,M01,-18,27,1,10
MEM-2025-LOT7,M01,-17,27,1,10
MEM-2025-LOT7,M01,-16,27,1,10
MEM-2025-LOT7,M01,-15,27,1,10
MEM-2025-LOT7,M01,-14,27,1,10
MEM-2025-LOT7,M01,-13,27,1,10
MEM-2025-LOT7,M01,-12,27,1,10
MEM-2025-LOT7,M01,-11,27,1,10
MEM-2025-LOT7,M01,-10,27,1,10
MEM-2025-LOT7,M01,-9,27,1,10
MEM-2025-LOT7,M01,-8,27,1,10
MEM-2025-LOT7,M01,-7,27,1,10
MEM-2025-LOT7,M01,-6,27,1,10
MEM-2025-LOT7,M01,-5,27,1,10
MEM-2025-LOT7,M01,-4,27,1,10
MEM-2025-LOT7,M01,-3,27,1,10
MEM-2025-LOT7,M01,-2,27,2,20
MEM-2025-LOT7,M01,-1,27,1,10
MEM-2025-LOT7,M01,0,27,1,10
MEM-2025-LOT7,M01,1,27,1,10
MEM-2025-LOT7,M01,2,27,1,10
MEM-2025-LOT7,M01,3,27,1,10
MEM-2025-LOT7,M01,4,27,1,10
MEM-2025-LOT7,M01,5,27,1,10
MEM-2025-LOT7,M01,6,27,4,30
MEM-2025-LOT7,M01,7,27,1,10
MEM-2025-LOT7,M01,8,27,1,10
MEM-2025-LOT7,M01,9,27,1,10
MEM-2025-LOT7,M01,10,27,1,10
MEM-2025-LOT7,M01,11,27,1,10
MEM-2025-LOT7,M01,12,27,1,10
MEM-2025-LOT7,M01,13,27,1,10
MEM-2025-LOT7,M01,14,27,1,10
MEM-2025-LOT7,M01,15,27,1,10
MEM-2025-LOT7,M01,16,27,1,10
MEM-2025-LOT7,M01,17,27,1,10
MEM-2025-LOT7,M01,18,27,1,10
MEM-2025-LOT7,M01,19,27,1,10
MEM-2025-LOT7,M01,20,27,1,10
MEM-2025-LOT7,M01,21,27,1,10
MEM-2025-LOT7,M01,22,27,1,10
MEM-2025-LOT7,M01,23,27,3,20
MEM-2025-LOT7,M01,24,27,2,21
MEM-2025-LOT7,M01,25,27,4,31
MEM-2025-LOT7,M01,26,27,2,30
MEM-2025-LOT7,M01,-26,28,2,22
MEM-2025-LOT7,M01,-25,28,3,30
MEM-2025-LOT7,M01,-24,28,2,31
MEM-2025-LOT7,M01,-23,28,2,20
MEM-2025-LOT7,M01,-22,28,1,10
MEM-2025-LOT7,M01,-21,28,1,10
MEM-2025-LOT7,M01,-20,28,2,20
MEM-2025-LOT7,M01,-19,28,1,10
MEM-2025-LOT7,M01,-18,28,2,20
MEM-2025-LOT7,M01,-17,28,1,10
MEM-2025-LOT7,M01,-16,28,1,10
MEM-2025-LOT7,M01,-15,28,1,10
MEM-2025-LOT7,M01,-14,28,1,10
MEM-2025-LOT7,M01,-13,28,1,10
MEM-2025-LOT7,M01,-12,28,1,10
MEM-2025-LOT7,M01,-11,28,1,10
MEM-2025-LOT7,M01,-10,28,1,10
MEM-2025-LOT7,M01,-9,28,1,10
MEM-2025-LOT7,M01,-8,28,1,10
MEM-2025-LOT7,M01,-7,28,1,10
MEM-2025-LOT7,M01,-6,28,1,10
MEM-2025-LOT7,M01,-5,28,1,10
MEM-2025-LOT7,M01,-4,28,1,10
MEM-2025-LOT7,M01,-3,28,1,10
MEM-2025-LOT7,M01,-2,28,1,10
MEM-2025-LOT7,M01,-1,28,1,10
MEM-2025-LOT7,M01,0,28,1,10
MEM-2025-LOT7,M01,1,28,1,10
MEM-2025-LOT7,M01,2,28,1,10
MEM-2025-LOT7,M01,3,28,1,10
MEM-2025-LOT7,M01,4,28,1,10
MEM-2025-LOT7,M01,5,28,1,10
MEM-2025-LOT7,M01,6,28,1,10
MEM-2025-LOT7,M01,7,28,1,10
MEM-2025-LOT7,M01,8,28,1,10
MEM-2025-LOT7,M01,9,28,1,10
MEM-2025-LOT7,M01,10,28,1,10
MEM-2025-LOT7,M01,11,28,1,10
MEM-2025-LOT7,M01,12,28,1,10
MEM-2025-LOT7,M01,13,28,1,10
MEM-2025-LOT7,M01,14,28,1,10
MEM-2025-LOT7,M01,15,28,3,20
MEM-2025-LOT7,M01,16,28,1,10
MEM-2025-LOT7,M01,17,28,1,10
MEM-2025-LOT7,M01,18,28,1,10
MEM-2025-LOT7,M01,19,28,1,10
MEM-2025-LOT7,M01,20,28,1,10
MEM-2025-LOT7,M01,21,28,1,10
MEM-2025-LOT7,M01,22,28,1,10
MEM-2025-LOT7,M01,23,28,2,31
MEM-2025-LOT7,M01,24,28,1,10
MEM-2025-LOT7,M01,25,28,1,10
MEM-2025-LOT7,M01,26,28,3,21
MEM-2025-LOT7,M01,-25,29,1,10
MEM-2025-LOT7,M01,-24,29,3,20
MEM-2025-LOT7,M01,-23,29,2,21
MEM-2025-LOT7,M01,-22,29,2,31
MEM-2025-LOT7,M01,-21,29,3,31
MEM-2025-LOT7,M01,-20,29,1,10
MEM-2025-LOT7,M01,-19,29,1,10
MEM-2025-LOT7,M01,-18,29,1,10
MEM-2025-LOT7,M01,-17,29,1,10
MEM-2025-LOT7,M01,-16,29,1,10
MEM-2025-LOT7,M01,-15,29,1,10
MEM-2025-LOT7,M01,-14,29,1,10
MEM-2025-LOT7,M01,-13,29,1,10
MEM-2025-LOT7,M01,-12,29,1,10
MEM-2025-LOT7,M01,-11,29,1,10
MEM-2025-LOT7,M01,-10,29,1,10
MEM-2025-LOT7,M01,-9,29,1,10
MEM-2025-LOT7,M01,-8,29,1,10
MEM-2025-LOT7,M01,-7,29,1,10
MEM-2025-LOT7,M01,-6,29,1,10
MEM-2025-LOT7,M01,-5,29,1,10
MEM-2025-LOT7,M01,-4,29,1,10
MEM-2025-LOT7,M01,-3,29,1,10
MEM-2025-LOT7,M01,-2,29,1,10
MEM-2025-LOT7,M01,-1,29,1,10
MEM-2025-LOT7,M01,0,29,1,10
MEM-2025-LOT7,M01,1,29,1,10
MEM-2025-LOT7,M01,2,29,1,10
MEM-2025-LOT7,M01,3,29,1,10
MEM-2025-LOT7,M01,4,29,1,10
MEM-2025-LOT7,M01,5,29,1,10
MEM-2025-LOT7,M01,6,29,1,10
MEM-2025-LOT7,M01,7,29,1,10
MEM-2025-LOT7,M01,8,29,1,10
MEM-2025-LOT7,M01,9,29,1,10
MEM-2025-LOT7,M01,10,29,1,10
MEM-2025-LOT7,M01,11,29,1,10
MEM-2025-LOT7,M01,12,29,1,10
MEM-2025-LOT7,M01,13,29,1,10
MEM-2025-LOT7,M01,14,29,1,10
MEM-2025-LOT7,M01,15,29,1,10
MEM-2025-LOT7,M01,16,29,1,10
MEM-2025-LOT7,M01,17,29,1,10
MEM-2025-LOT7,M01,18,29,1,10
MEM-2025-LOT7,M01,19,29,1,10
MEM-2025-LOT7,M01,20,29,4,31
MEM-2025-LOT7,M01,21,29,1,10
MEM-2025-LOT7,M01,22,29,1,10
MEM-2025-LOT7,M01,23,29,2,30
MEM-2025-LOT7,M01,24,29,1,10
MEM-2025-LOT7,M01,25,29,1,10
MEM-2025-LOT7,M01,-25,30,1,10
MEM-2025-LOT7,M01,-24,30,2,31
MEM-2025-LOT7,M01,-23,30,1,10
MEM-2025-LOT7,M01,-22,30,1,10
MEM-2025-LOT7,M01,-21,30,1,10
MEM-2025-LOT7,M01,-20,30,1,10
MEM-2025-LOT7,M01,-19,30,2,22
MEM-2025-LOT7,M01,-18,30,1,10
MEM-2025-LOT7,M01,-17,30,1,10
MEM-2025-LOT7,M01,-16,30,1,10
MEM-2025-LOT7,M01,-15,30,1,10
MEM-2025-LOT7,M01,-14,30,1,10
MEM-2025-LOT7,M01,-13,30,1,10
MEM-2025-LOT7,M01,-12,30,1,10
MEM-2025-LOT7,M01,-11,30,1,10
MEM-2025-LOT7,M01,-10,30,1,10
MEM-2025-LOT7,M01,-9,30,1,10
MEM-2025-LOT7,M01,-8,30,1,10
MEM-2025-LOT7,M01,-7,30,1,10
MEM-2025-LOT7,M01,-6,30,1,10
MEM-2025-LOT7,M01,-5,30,1,10
MEM-2025-LOT7,M01,-4,30,1,10
MEM-2025-LOT7,M01,-3,30,1,10
MEM-2025-LOT7,M01,-2,30,1,10
MEM-2025-LOT7,M01,-1,30,1,10
MEM-2025-LOT7,M01,0,30,1,10
MEM-2025-LOT7,M01,1,30,1,10
MEM-2025-LOT7,M01,2,30,1,10
MEM-2025-LOT7,M01,3,30,1,10
MEM-2025-LOT7,M01,4,30,1,10
MEM-2025-LOT7,M01,5,30,1,10
MEM-2025-LOT7,M01,6,30,1,10
MEM-2025-LOT7,M01,7,30,1,10
MEM-2025-LOT7,M01,8,30,1,10
MEM-2025-LOT7,M01,9,30,1,10
MEM-2025-LOT7,M01,10,30,1,10
MEM-2025-LOT7,M01,11,30,1,10
MEM-2025-LOT7,M01,12,30,1,10
MEM-2025-LOT7,M01,13,30,1,10
MEM-2025-LOT7,M01,14,30,1,10
MEM-2025-LOT7,M01,15,30,1,10
MEM-2025-LOT7,M01,16,30,1,10
MEM-2025-LOT7,M01,17,30,1,10
MEM-2025-LOT7,M01,18,30,1,10
MEM-2025-LOT7,M01,19,30,1,10
MEM-2025-LOT7,M01,20,30,3,31
MEM-2025-LOT7,M01,21,30,1,10
MEM-2025-LOT7,M01,22,30,2,31
MEM-2025-LOT7,M01,23,30,3,31
MEM-2025-LOT7,M01,24,30,2,22
MEM-2025-LOT7,M01,25,30,1,10
MEM-2025-LOT7,M01,-24,31,1,10
MEM-2025-LOT7,M01,-23,31,1,10
MEM-2025-LOT7,M01,-22,31,1,10
MEM-2025-LOT7,M01,-21,31,1,10
MEM-2025-LOT7,M01,-20,31,1,10
MEM-2025-LOT7,M01,-19,31,1,10
MEM-2025-LOT7,M01,-18,31,2,20
MEM-2025-LOT7,M01,-17,31,1,10
MEM-2025-LOT7,M01,-16,31,1,10
MEM-2025-LOT7,M01,-15,31,1,10
MEM-2025-LOT7,M01,-14,31,1,10
MEM-2025-LOT7,M01,-13,31,1,10
MEM-2025-LOT7,M01,-12,31,1,10
MEM-2025-LOT7,M01,-11,31,1,10
MEM-2025-LOT7,M01,-10,31,1,10
MEM-2025-LOT7,M01,-9,31,1,10
MEM-2025-LOT7,M01,-8,31,1,10
MEM-2025-LOT7,M01,-7,31,1,10
MEM-2025-LOT7,M01,-6,31,1,10
MEM-2025-LOT7,M01,-5,31,1,10
MEM-2025-LOT7,M01,-4,31,1,10
MEM-2025-LOT7,M01,-3,31,1,10
MEM-2025-LOT7,M01,-2,31,1,10
MEM-2025-LOT7,M01,-1,31,1,10
MEM-2025-LOT7,M01,0,31,1,10
MEM-2025-LOT7,M01,1,31,1,10
MEM-2025-LOT7,M01,2,31,3,30
MEM-2025-LOT7,M01,3,31,1,10
MEM-2025-LOT7,M01,4,31,1,10
MEM-2025-LOT7,M01,5,31,1,10
MEM-2025-LOT7,M01,6,31,1,10
MEM-2025-LOT7,M01,7,31,1,10
MEM-2025-LOT7,M01,8,31,1,10
MEM-2025-LOT7,M01,9,31,1,10
MEM-2025-LOT7,M01,10,31,1,10
MEM-2025-LOT7,M01,11,31,1,10
MEM-2025-LOT7,M01,12,31,1,10
MEM-2025-LOT7,M01,13,31,1,10
MEM-2025-LOT7,M01,14,31,1,10
MEM-2025-LOT7,M01,15,31,1,10
MEM-2025-LOT7,M01,16,31,1,10
MEM-2025-LOT7,M01,17,31,1,10
MEM-2025-LOT7,M01,18,31,1,10
MEM-2025-LOT7,M01,19,31,1,10
MEM-2025-LOT7,M01,20,31,1,10
MEM-2025-LOT7,M01,21,31,1,10
MEM-2025-LOT7,M01,22,31,1,10
MEM-2025-LOT7,M01,23,31,1,10
MEM-2025-LOT7,M01,24,31,2,30
MEM-2025-LOT7,M01,-24,32,4,31
MEM-2025-LOT7,M01,-23,32,1,10
MEM-2025-LOT7,M01,-22,32,1,10
MEM-2025-LOT7,M01,-21,32,1,10
MEM-2025-LOT7,M01,-20,32,1,10
MEM-2025-LOT7,M01,-19,32,1,10
MEM-2025-LOT7,M01,-18,32,1,10
MEM-2025-LOT7,M01,-17,32,1,10
MEM-2025-LOT7,M01,-16,32,1,10
MEM-2025-LOT7,M01,-15,32,1,10
MEM-2025-LOT7,M01,-14,32,1,10
MEM-2025-LOT7,M01,-13,32,1,10
MEM-2025-LOT7,M01,-12,32,1,10
MEM-2025-LOT7,M01,-11,32,1,10
MEM-2025-LOT7,M01,-10,32,1,10
MEM-2025-LOT7,M01,-9,32,1,10
MEM-2025-LOT7,M01,-8,32,1,10
MEM-2025-LOT7,M01,-7,32,1,10
MEM-2025-LOT7,M01,-6,32,1,10
MEM-2025-LOT7,M01,-5,32,1,10
MEM-2025-LOT7,M01,-4,32,1,10
MEM-2025-LOT7,M01,-3,32,1,10
MEM-2025-LOT7,M01,-2,32,1,10
MEM-2025-LOT7,M01,-1,32,4,21
MEM-2025-LOT7,M01,0,32,1,10
MEM-2025-LOT7,M01,1,32,1,10
MEM-2025-LOT7,M01,2,32,1,10
MEM-2025-LOT7,M01,3,32,1,10
MEM-2025-LOT7,M01,4,32,1,10
MEM-2025-LOT7,M01,5,32,1,10
MEM-2025-LOT7,M01,6,32,1,10
MEM-2025-LOT7,M01,7,32,1,10
MEM-2025-LOT7,M01,8,32,1,10
MEM-2025-LOT7,M01,9,32,3,21
MEM-2025-LOT7,M01,10,32,1,10
MEM-2025-LOT7,M01,11,32,1,10
MEM-2025-LOT7,M01,12,32,1,10
MEM-2025-LOT7,M01,13,32,1,10
MEM-2025-LOT7,M01,14,32,1,10
MEM-2025-LOT7,M01,15,32,1,10
MEM-2025-LOT7,M01,16,32,1,10
MEM-2025-LOT7,M01,17,32,4,20
MEM-2025-LOT7,M01,18,32,1,10
MEM-2025-LOT7,M01,19,32,3,20
MEM-2025-LOT7,M01,20,32,2,21
MEM-2025-LOT7,M01,21,32,2,21
MEM-2025-LOT7,M01,22,32,2,30
MEM-2025-LOT7,M01,23,32,1,10
MEM-2025-LOT7,M01,24,32,2,22
MEM-2025-LOT7,M01,-23,33,1,10
MEM-2025-LOT7,M01,-22,33,4,22
MEM-2025-LOT7,M01,-21,33,1,10
MEM-2025-LOT7,M01,-20,33,1,10
MEM-2025-LOT7,M01,-19,33,1,10
MEM-2025-LOT7,M01,-18,33,1,10
MEM-2025-LOT7,M01,-17,33,1,10
MEM-2025-LOT7,M01,-16,33,1,10
MEM-2025-LOT7,M01,-15,33,1,10
MEM-2025-LOT7,M01,-14,33,1,10
MEM-2025-LOT7,M01,-13,33,1,10
MEM-2025-LOT7,M01,-12,33,1,10
MEM-2025-LOT7,M01,-11,33,1,10
MEM-2025-LOT7,M01,-10,33,2,21
MEM-2025-LOT7,M01,-9,33,1,10
MEM-2025-LOT7,M01,-8,33,1,10
MEM-2025-LOT7,M01,-7,33,1,10
MEM-2025-LOT7,M01,-6,33,1,10
MEM-2025-LOT7,M01,-5,33,1,10
MEM-2025-LOT7,M01,-4,33,1,10
MEM-2025-LOT7,M01,-3,33,1,10
MEM-2025-LOT7,M01,-2,33,1,10
MEM-2025-LOT7,M01,-1,33,1,10
MEM-2025-LOT7,M01,0,33,1,10
MEM-2025-LOT7,M01,1,33,1,10
MEM-2025-LOT7,M01,2,33,1,10
MEM-2025-LOT7,M01,3,33,1,10
MEM-2025-LOT7,M01,4,33,1,10
MEM-2025-LOT7,M01,5,33,1,10
MEM-2025-LOT7,M01,6,33,1,10
MEM-2025-LOT7,M01,7,33,1,10
MEM-2025-LOT7,M01,8,33,1,10
MEM-2025-LOT7,M01,9,33,1,10
MEM-2025-LOT7,M01,10,33,1,10
MEM-2025-LOT7,M01,11,33,1,10
MEM-2025-LOT7,M01,12,33,1,10
MEM-2025-LOT7,M01,13,33,1,10
MEM-2025-LOT7,M01,14,33,1,10
MEM-2025-LOT7,M01,15,33,1,10
MEM-2025-LOT7,M01,16,33,1,10
MEM-2025-LOT7,M01,17,33,1,10
MEM-2025-LOT7,M01,18,33,2,21
MEM-2025-LOT7,M01,19,33,1,10
MEM-2025-LOT7,M01,20,33,4,31
MEM-2025-LOT7,M01,21,33,1,10
MEM-2025-LOT7,M01,22,33,2,22
MEM-2025-LOT7,M01,23,33,2,20
MEM-2025-LOT7,M01,-23,34,4,22
MEM-2025-LOT7,M01,-22,34,1,10
MEM-2025-LOT7,M01,-21,34,4,21
MEM-2025-LOT7,M01,-20,34,1,10
MEM-2025-LOT7,M01,-19,34,4,22
MEM-2025-LOT7,M01,-18,34,3,21
MEM-2025-LOT7,M01,-17,34,4,30
MEM-2025-LOT7,M01,-16,34,1,10
MEM-2025-LOT7,M01,-15,34,1,10
MEM-2025-LOT7,M01,-14,34,1,10
MEM-2025-LOT7,M01,-13,34,1,10
MEM-2025-LOT7,M01,-12,34,1,10
MEM-2025-LOT7,M01,-11,34,1,10
MEM-2025-LOT7,M01,-10,34,1,10
MEM-2025-LOT7,M01,-9,34,1,10
MEM-2025-LOT7,M01,-8,34,1,10
MEM-2025-LOT7,M01,-7,34,1,10
MEM-2025-LOT7,M01,-6,34,1,10
MEM-2025-LOT7,M01,-5,34,1,10
MEM-2025-LOT7,M01,-4,34,1,10
MEM-2025-LOT7,M01,-3,34,1,10
MEM-2025-LOT7,M01,-2,34,1,10
MEM-2025-LOT7,M01,-1,34,1,10
MEM-2025-LOT7,M01,0,34,1,10
MEM-2025-LOT7,M01,1,34,1,10
MEM-2025-LOT7,M01,2,34,1,10
MEM-2025-LOT7,M01,3,34,1,10
MEM-2025-LOT7,M01,4,34,1,10
MEM-2025-LOT7,M01,5,34,1,10
MEM-2025-LOT7,M01,6,34,1,10
MEM-2025-LOT7,M01,7,34,1,10
MEM-2025-LOT7,M01,8,34,1,10
MEM-2025-LOT7,M01,9,34,1,10
MEM-2025-LOT7,M01,10,34,1,10
MEM-2025-LOT7,M01,11,34,1,10
MEM-2025-LOT7,M01,12,34,1,10
MEM-2025-LOT7,M01,13,34,1,10
MEM-2025-LOT7,M01,14,34,1,10
MEM-2025-LOT7,M01,15,34,1,10
MEM-2025-LOT7,M01,16,34,1,10
MEM-2025-LOT7,M01,17,34,1,10
MEM-2025-LOT7,M01,18,34,1,10
MEM-2025-LOT7,M01,19,34,1,10
MEM-2025-LOT7,M01,20,34,2,31
MEM-2025-LOT7,M01,21,34,1,10
MEM-2025-LOT7,M01,22,34,2,22
MEM-2025-LOT7,M01,23,34,2,22
MEM-2025-LOT7,M01,-22,35,1,10
MEM-2025-LOT7,M01,-21,35,1,10
MEM-2025-LOT7,M01,-20,35,2,22
MEM-2025-LOT7,M01,-19,35,1,10
MEM-2025-LOT7,M01,-18,35,2,22
MEM-2025-LOT7,M01,-17,35,3,22
MEM-2025-LOT7,M01,-16,35,1,10
MEM-2025-LOT7,M01,-15,35,3,30
MEM-2025-LOT7,M01,-14,35,1,10
MEM-2025-LOT7,M01,-13,35,1,10
MEM-2025-LOT7,M01,-12,35,1,10
MEM-2025-LOT7,M01,-11,35,1,10
MEM-2025-LOT7,M01,-10,35,4,20
MEM-2025-LOT7,M01,-9,35,1,10
MEM-2025-LOT7,M01,-8,35,1,10
MEM-2025-LOT7,M01,-7,35,1,10
MEM-2025-LOT7,M01,-6,35,1,10
MEM-2025-LOT7,M01,-5,35,1,10
MEM-2025-LOT7,M01,-4,35,1,10
MEM-2025-LOT7,M01,-3,35,1,10
MEM-2025-LOT7,M01,-2,35,1,10
MEM-2025-LOT7,M01,-1,35,1,10
MEM-2025-LOT7,M01,0,35,2,21
MEM-2025-LOT7,M01,1,35,1,10
MEM-2025-LOT7,M01,2,35,1,10
MEM-2025-LOT7,M01,3,35,1,10
MEM-2025-LOT7,M01,4,35,1,10
MEM-2025-LOT7,M01,5,35,1,10
MEM-2025-LOT7,M01,6,35,1,10
MEM-2025-LOT7,M01,7,35,2,21
MEM-2025-LOT7,M01,8,35,1,10
MEM-2025-LOT7,M01,9,35,1,10
MEM-2025-LOT7,M01,10,35,1,10
MEM-2025-LOT7,M01,11,35,1,10
MEM-2025-LOT7,M01,12,35,1,10
MEM-2025-LOT7,M01,13,35,1,10
MEM-2025-LOT7,M01,14,35,1,10
MEM-2025-LOT7,M01,15,35,1,10
MEM-2025-LOT7,M01,16,35,1,10
MEM-2025-LOT7,M01,17,35,1,10
MEM-2025-LOT7,M01,18,35,1,10
MEM-2025-LOT7,M01,19,35,2,21
MEM-2025-LOT7,M01,20,35,2,30
MEM-2025-LOT7,M01,21,35,1,10
MEM-2025-LOT7,M01,22,35,2,22
MEM-2025-LOT7,M01,-21,36,2,22
MEM-2025-LOT7,M01,-20,36,1,10
MEM-2025-LOT7,M01,-19,36,1,10
MEM-2025-LOT7,M01,-18,36,2,20
MEM-2025-LOT7,M01,-17,36,2,30
MEM-2025-LOT7,M01,-16,36,2,21
MEM-2025-LOT7,M01,-15,36,1,10
MEM-2025-LOT7,M01,-14,36,1,10
MEM-2025-LOT7,M01,-13,36,1,10
MEM-2025-LOT7,M01,-12,36,1,10
MEM-2025-LOT7,M01,-11,36,1,10
MEM-2025-LOT7,M01,-10,36,1,10
MEM-2025-LOT7,M01,-9,36,1,10
MEM-2025-LOT7,M01,-8,36,1,10
MEM-2025-LOT7,M01,-7,36,1,10
MEM-2025-LOT7,M01,-6,36,1,10
MEM-2025-LOT7,M01,-5,36,1,10
MEM-2025-LOT7,M01,-4,36,1,10
MEM-2025-LOT7,M01,-3,36,1,10
MEM-2025-LOT7,M01,-2,36,1,10
MEM-2025-LOT7,M01,-1,36,1,10
MEM-2025-LOT7,M01,0,36,1,10
MEM-2025-LOT7,M01,1,36,1,10
MEM-2025-LOT7,M01,2,36,1,10
MEM-2025-LOT7,M01,3,36,1,10
MEM-2025-LOT7,M01,4,36,1,10
MEM-2025-LOT7,M01,5,36,1,10
MEM-2025-LOT7,M01,6,36,1,10
MEM-2025-LOT7,M01,7,36,1,10
MEM-2025-LOT7,M01,8,36,1,10
MEM-2025-LOT7,M01,9,36,1,10
MEM-2025-LOT7,M01,10,36,1,10
MEM-2025-LOT7,M01,11,36,1,10
MEM-2025-LOT7,M01,12,36,1,10
MEM-2025-LOT7,M01,13,36,1,10
MEM-2025-LOT7,M01,14,36,4,21
MEM-2025-LOT7,M01,15,36,2,22
MEM-2025-LOT7,M01,16,36,3,31
MEM-2025-LOT7,M01,17,36,1,10
MEM-2025-LOT7,M01,18,36,1,10
MEM-2025-LOT7,M01,19,36,1,10
MEM-2025-LOT7,M01,20,36,1,10
MEM-2025-LOT7,M01,21,36,3,20
MEM-2025-LOT7,M01,-20,37,1,10
MEM-2025-LOT7,M01,-19,37,2,22
MEM-2025-LOT7,M01,-18,37,1,10
MEM-2025-LOT7,M01,-17,37,1,10
MEM-2025-LOT7,M01,-16,37,2,20
MEM-2025-LOT7,M01,-15,37,1,10
MEM-2025-LOT7,M01,-14,37,3,31
MEM-2025-LOT7,M01,-13,37,1,10
MEM-2025-LOT7,M01,-12,37,3,22
MEM-2025-LOT7,M01,-11,37,1,10
MEM-2025-LOT7,M01,-10,37,1,10
MEM-2025-LOT7,M01,-9,37,1,10
MEM-2025-LOT7,M01,-8,37,1,10
MEM-2025-LOT7,M01,-7,37,1,10
MEM-2025-LOT7,M01,-6,37,1,10
MEM-2025-LOT7,M01,-5,37,1,10
MEM-2025-LOT7,M01,-4,37,1,10
MEM-2025-LOT7,M01,-3,37,1,10
MEM-2025-LOT7,M01,-2,37,1,10
MEM-2025-LOT7,M01,-1,37,4,20
MEM-2025-LOT7,M01,0,37,1,10
MEM-2025-LOT7,M01,1,37,1,10
MEM-2025-LOT7,M01,2,37,1,10
MEM-2025-LOT7,M01,3,37,1,10
MEM-2025-LOT7,M01,4,37,1,10
MEM-2025-LOT7,M01,5,37,1,10
MEM-2025-LOT7,M01,6,37,1,10
MEM-2025-LOT7,M01,7,37,1,10
MEM-2025-LOT7,M01,8,37,1,10
MEM-2025-LOT7,M01,9,37,1,10
MEM-2025-LOT7,M01,10,37,1,10
MEM-2025-LOT7,M01,11,37,1,10
MEM-2025-LOT7,M01,12,37,3,21
MEM-2025-LOT7,M01,13,37,1,10
MEM-2025-LOT7,M01,14,37,2,22
MEM-2025-LOT7,M01,15,37,2,22
MEM-2025-LOT7,M01,16,37,1,10
MEM-2025-LOT7,M01,17,37,1,10
MEM-2025-LOT7,M01,18,37,1,10
MEM-2025-LOT7,M01,19,37,1,10
MEM-2025-LOT7,M01,20,37,1,10
MEM-2025-LOT7,M01,-20,38,1,10
MEM-2025-LOT7,M01,-19,38,2,21
MEM-2025-LOT7,M01,-18,38,1,10
MEM-2025-LOT7,M01,-17,38,3,31
MEM-2025-LOT7,M01,-16,38,1,10
MEM-2025-LOT7,M01,-15,38,3,21
MEM-2025-LOT7,M01,-14,38,1,10
MEM-2025-LOT7,M01,-13,38,2,30
MEM-2025-LOT7,M01,-12,38,2,21
MEM-2025-LOT7,M01,-11,38,2,30
MEM-2025-LOT7,M01,-10,38,1,10
MEM-2025-LOT7,M01,-9,38,2,20
MEM-2025-LOT7,M01,-8,38,1,10
MEM-2025-LOT7,M01,-7,38,1,10
MEM-2025-LOT7,M01,-6,38,1,10
MEM-2025-LOT7,M01,-5,38,1,10
MEM-2025-LOT7,M01,-4,38,1,10
MEM-2025-LOT7,M01,-3,38,1,10
MEM-2025-LOT7,M01,-2,38,1,10
MEM-2025-LOT7,M01,-1,38,1,10
MEM-2025-LOT7,M01,0,38,1,10
MEM-2025-LOT7,M01,1,38,1,10
MEM-2025-LOT7,M01,2,38,1,10
MEM-2025-LOT7,M01,3,38,1,10
MEM-2025-LOT7,M01,4,38,1,10
MEM-2025-LOT7,M01,5,38,1,10
MEM-2025-LOT7,M01,6,38,2,31
MEM-2025-LOT7,M01,7,38,1,10
MEM-2025-LOT7,M01,8,38,1,10
MEM-2025-LOT7,M01,9,38,1,10
MEM-2025-LOT7,M01,10,38,1,10
MEM-2025-LOT7,M01,11,38,1,10
MEM-2025-LOT7,M01,12,38,1,10
MEM-2025-LOT7,M01,13,38,1,10
MEM-2025-LOT7,M01,14,38,1,10
MEM-2025-LOT7,M01,15,38,2,30
MEM-2025-LOT7,M01,16,38,2,21
MEM-2025-LOT7,M01,17,38,2,22
MEM-2025-LOT7,M01,18,38,2,20
MEM-2025-LOT7,M01,19,38,2,31
MEM-2025-LOT7,M01,20,38,2,31
MEM-2025-LOT7,M01,-19,39,1,10
MEM-2025-LOT7,M01,-18,39,2,21
MEM-2025-LOT7,M01,-17,39,4,22
MEM-2025-LOT7,M01,-16,39,4,22
MEM-2025-LOT7,M01,-15,39,1,10
MEM-2025-LOT7,M01,-14,39,1,10
MEM-2025-LOT7,M01,-13,39,2,22
MEM-2025-LOT7,M01,-12,39,2,30
MEM-2025-LOT7,M01,-11,39,2,21
MEM-2025-LOT7,M01,-10,39,2,31
MEM-2025-LOT7,M01,-9,39,1,10
MEM-2025-LOT7,M01,-8,39,1,10
MEM-2025-LOT7,M01,-7,39,1,10
MEM-2025-LOT7,M01,-6,39,1,10
MEM-2025-LOT7,M01,-5,39,1,10
MEM-2025-LOT7,M01,-4,39,1,10
MEM-2025-LOT7,M01,-3,39,1,10
MEM-2025-LOT7,M01,-2,39,1,10
MEM-2025-LOT7,M01,-1,39,1,10
MEM-2025-LOT7,M01,0,39,1,10
MEM-2025-LOT7,M01,1,39,1,10
MEM-2025-LOT7,M01,2,39,1,10
MEM-2025-LOT7,M01,3,39,1,10
MEM-2025-LOT7,M01,4,39,1,10
MEM-2025-LOT7,M01,5,39,1,10
MEM-2025-LOT7,M01,6,39,1,10
MEM-2025-LOT7,M01,7,39,1,10
MEM-2025-LOT7,M01,8,39,1,10
MEM-2025-LOT7,M01,9,39,3,22
MEM-2025-LOT7,M01,10,39,2,30
MEM-2025-LOT7,M01,11,39,3,21
MEM-2025-LOT7,M01,12,39,3,20
MEM-2025-LOT7,M01,13,39,1,10
MEM-2025-LOT7,M01,14,39,1,10
MEM-2025-LOT7,M01,15,39,2,30
MEM-2025-LOT7,M01,16,39,1,10
MEM-2025-LOT7,M01,17,39,1,10
MEM-2025-LOT7,M01,18,39,1,10
MEM-2025-LOT7,M01,19,39,1,10
MEM-2025-LOT7,M01,-18,40,3,22
MEM-2025-LOT7,M01,-17,40,2,21
MEM-2025-LOT7,M01,-16,40,2,31
MEM-2025-LOT7,M01,-15,40,1,10
MEM-2025-LOT7,M01,-14,40,1,10
MEM-2025-LOT7,M01,-13,40,1,10
MEM-2025-LOT7,M01,-12,40,2,21
MEM-2025-LOT7,M01,-11,40,1,10
MEM-2025-LOT7,M01,-10,40,4,30
MEM-2025-LOT7,M01,-9,40,2,20
MEM-2025-LOT7,M01,-8,40,4,22
MEM-2025-LOT7,M01,-7,40,3,31
MEM-2025-LOT7,M01,-6,40,1,10
MEM-2025-LOT7,M01,-5,40,1,10
MEM-2025-LOT7,M01,-4,40,1,10
MEM-2025-LOT7,M01,-3,40,1,10
MEM-2025-LOT7,M01,-2,40,1,10
MEM-2025-LOT7,M01,-1,40,1,10
MEM-2025-LOT7,M01,0,40,1,10
MEM-2025-LOT7,M01,1,40,1,10
MEM-2025-LOT7,M01,2,40,1,10
MEM-2025-LOT7,M01,3,40,1,10
MEM-2025-LOT7,M01,4,40,1,10
MEM-2025-LOT7,M01,5,40,1,10
MEM-2025-LOT7,M01,6,40,1,10
MEM-2025-LOT7,M01,7,40,3,20
MEM-2025-LOT7,M01,8,40,2,22
MEM-2025-LOT7,M01,9,40,1,10
MEM-2025-LOT7,M01,10,40,1,10
MEM-2025-LOT7,M01,11,40,4,20
MEM-2025-LOT7,M01,12,40,2,20
MEM-2025-LOT7,M01,13,40,1,10
MEM-2025-LOT7,M01,14,40,2,30
MEM-2025-LOT7,M01,15,40,1,10
MEM-2025-LOT7,M01,16,40,1,10
MEM-2025-LOT7,M01,17,40,2,22
MEM-2025-LOT7,M01,18,40,1,10
MEM-2025-LOT7,M01,-17,41,1,10
MEM-2025-LOT7,M01,-16,41,2,31
MEM-2025-LOT7,M01,-15,41,2,31
MEM-2025-LOT7,M01,-14,41,3,31
MEM-2025-LOT7,M01,-13,41,1,10
MEM-2025-LOT7,M01,-12,41,1,10
MEM-2025-LOT7,M01,-11,41,3,20
MEM-2025-LOT7,M01,-10,41,1,10
MEM-2025-LOT7,M01,-9,41,4,31
MEM-2025-LOT7,M01,-8,41,1,10
MEM-2025-LOT7,M01,-7,41,1,10
MEM-2025-LOT7,M01,-6,41,1,10
MEM-2025-LOT7,M01,-5,41,4,22
MEM-2025-LOT7,M01,-4,41,4,21
MEM-2025-LOT7,M01,-3,41,3,30
MEM-2025-LOT7,M01,-2,41,1,10
MEM-2025-LOT7,M01,-1,41,1,10
MEM-2025-LOT7,M01,0,41,1,10
MEM-2025-LOT7,M01,1,41,1,10
MEM-2025-LOT7,M01,2,41,3,21
MEM-2025-LOT7,M01,3,41,4,31
MEM-2025-LOT7,M01,4,41,1,10
MEM-2025-LOT7,M01,5,41,3,21
MEM-2025-LOT7,M01,6,41,3,30
MEM-2025-LOT7,M01,7,41,1,10
MEM-2025-LOT7,M01,8,41,2,31
MEM-2025-LOT7,M01,9,41,3,31
MEM-2025-LOT7,M01,10,41,1,10
MEM-2025-LOT7,M01,11,41,2,22
MEM-2025-LOT7,M01,12,41,3,20
MEM-2025-LOT7,M01,13,41,2,21
MEM-2025-LOT7,M01,14,41,2,22
MEM-2025-LOT7,M01,15,41,1,10
MEM-2025-LOT7,M01,16,41,2,31
MEM-2025-LOT7,M01,17,41,2,31
MEM-2025-LOT7,M01,-16,42,2,22
MEM-2025-LOT7,M01,-15,42,1,10
MEM-2025-LOT7,M01,-14,42,2,31
MEM-2025-LOT7,M01,-13,42,2,20
MEM-2025-LOT7,M01,-12,42,1,10
MEM-2025-LOT7,M01,-11,42,1,10
MEM-2025-LOT7,M01,-10,42,4,21
MEM-2025-LOT7,M01,-9,42,2,30
MEM-2025-LOT7,M01,-8,42,2,21
MEM-2025-LOT7,M01,-7,42,1,10
MEM-2025-LOT7,M01,-6,42,1,10
MEM-2025-LOT7,M01,-5,42,1,10
MEM-2025-LOT7,M01,-4,42,4,22
MEM-2025-LOT7,M01,-3,42,1,10
MEM-2025-LOT7,M01,-2,42,1,10
MEM-2025-LOT7,M01,-1,42,1,10
MEM-2025-LOT7,M01,0,42,2,20
MEM-2025-LOT7,M01,1,42,4,21
MEM-2025-LOT7,M01,2,42,1,10
MEM-2025-LOT7,M01,3,42,1,10
MEM-2025-LOT7,M01,4,42,1,10
MEM-2025-LOT7,M01,5,42,2,20
MEM-2025-LOT7,M01,6,42,1,10
MEM-2025-LOT7,M01,7,42,1,10
MEM-2025-LOT7,M01,8,42,1,10
MEM-2025-LOT7,M01,9,42,1,10
MEM-2025-LOT7,M01,10,42,1,10
MEM-2025-LOT7,M01,11,42,1,10
MEM-2025-LOT7,M01,12,42,4,31
MEM-2025-LOT7,M01,13,42,1,10
MEM-2025-LOT7,M01,14,42,1,10
MEM-2025-LOT7,M01,15,42,3,22
MEM-2025-LOT7,M01,16,42,1,10
MEM-2025-LOT7,M01,-14,43,2,22
MEM-2025-LOT7,M01,-13,43,1,10
MEM-2025-LOT7,M01,-12,43,2,20
MEM-2025-LOT7,M01,-11,43,1,10
MEM-2025-LOT7,M01,-10,43,1,10
MEM-2025-LOT7,M01,-9,43,3,31
MEM-2025-LOT7,M01,-8,43,1,10
MEM-2025-LOT7,M01,-7,43,2,31
MEM-2025-LOT7,M01,-6,43,2,30
MEM-2025-LOT7,M01,-5,43,1,10
MEM-2025-LOT7,M01,-4,43,2,22
MEM-2025-LOT7,M01,-3,43,1,10
MEM-2025-LOT7,M01,-2,43,3,21
MEM-2025-LOT7,M01,-1,43,2,30
MEM-2025-LOT7,M01,0,43,4,20
MEM-2025-LOT7,M01,1,43,2,31
MEM-2025-LOT7,M01,2,43,1,10
MEM-2025-LOT7,M01,3,43,1,10
MEM-2025-LOT7,M01,4,43,1,10
MEM-2025-LOT7,M01,5,43,1,10
MEM-2025-LOT7,M01,6,43,3,31
MEM-2025-LOT7,M01,7,43,4,22
MEM-2025-LOT7,M01,8,43,2,31
MEM-2025-LOT7,M01,9,43,1,10
MEM-2025-LOT7,M01,10,43,1,10
MEM-2025-LOT7,M01,11,43,1,10
MEM-2025-LOT7,M01,12,43,1,10
MEM-2025-LOT7,M01,13,43,1,10
MEM-2025-LOT7,M01,14,43,4,20
MEM-2025-LOT7,M01,-13,44,3,20
MEM-2025-LOT7,M01,-12,44,1,10
MEM-2025-LOT7,M01,-11,44,3,30
MEM-2025-LOT7,M01,-10,44,2,20
MEM-2025-LOT7,M01,-9,44,1,10
MEM-2025-LOT7,M01,-8,44,2,30
MEM-2025-LOT7,M01,-7,44,1,10
MEM-2025-LOT7,M01,-6,44,1,10
MEM-2025-LOT7,M01,-5,44,1,10
MEM-2025-LOT7,M01,-4,44,1,10
MEM-2025-LOT7,M01,-3,44,2,21
MEM-2025-LOT7,M01,-2,44,1,10
MEM-2025-LOT7,M01,-1,44,2,30
MEM-2025-LOT7,M01,0,44,1,10
MEM-2025-LOT7,M01,1,44,2,20
MEM-2025-LOT7,M01,2,44,1,10
MEM-2025-LOT7,M01,3,44,1,10
MEM-2025-LOT7,M01,4,44,1,10
MEM-2025-LOT7,M01,5,44,1,10
MEM-2025-LOT7,M01,6,44,3,21
MEM-2025-LOT7,M01,7,44,1,10
MEM-2025-LOT7,M01,8,44,1,10
MEM-2025-LOT7,M01,9,44,2,31
MEM-2025-LOT7,M01,10,44,1,10
MEM-2025-LOT7,M01,11,44,1,10
MEM-2025-LOT7,M01,12,44,2,31
MEM-2025-LOT7,M01,13,44,3,20
MEM-2025-LOT7,M01,-12,45,1,10
MEM-2025-LOT7,M01,-11,45,2,31
MEM-2025-LOT7,M01,-10,45,1,10
MEM-2025-LOT7,M01,-9,45,1,10
MEM-2025-LOT7,M01,-8,45,4,22
MEM-2025-LOT7,M01,-7,45,1,10
MEM-2025-LOT7,M01,-6,45,1,10
MEM-2025-LOT7,M01,-5,45,2,22
MEM-2025-LOT7,M01,-4,45,1,10
MEM-2025-LOT7,M01,-3,45,4,22
MEM-2025-LOT7,M01,-2,45,1,10
MEM-2025-LOT7,M01,-1,45,2,30
MEM-2025-LOT7,M01,0,45,1,10
MEM-2025-LOT7,M01,1,45,1,10
MEM-2025-LOT7,M01,2,45,4,31
MEM-2025-LOT7,M01,3,45,1,10
MEM-2025-LOT7,M01,4,45,1,10
MEM-2025-LOT7,M01,5,45,4,30
MEM-2025-LOT7,M01,6,45,1,10
MEM-2025-LOT7,M01,7,45,1,10
MEM-2025-LOT7,M01,8,45,1,10
MEM-2025-LOT7,M01,9,45,4,21
MEM-2025-LOT7,M01,10,45,1,10
MEM-2025-LOT7,M01,11,45,3,31
MEM-2025-LOT7,M01,12,45,2,21
MEM-2025-LOT7,M01,-10,46,1,10
MEM-2025-LOT7,M01,-9,46,2,31
MEM-2025-LOT7,M01,-8,46,3,31
MEM-2025-LOT7,M01,-7,46,1,10
MEM-2025-LOT7,M01,-6,46,1,10
MEM-2025-LOT7,M01,-5,46,1,10
MEM-2025-LOT7,M01,-4,46,1,10
MEM-2025-LOT7,M01,-3,46,1,10
MEM-2025-LOT7,M01,-2,46,1,10
MEM-2025-LOT7,M01,-1,46,1,10
MEM-2025-LOT7,M01,0,46,1,10
MEM-2025-LOT7,M01,1,46,1,10
MEM-2025-LOT7,M01,2,46,3,21
MEM-2025-LOT7,M01,3,46,1,10
MEM-2025-LOT7,M01,4,46,2,31
MEM-2025-LOT7,M01,5,46,1,10
MEM-2025-LOT7,M01,6,46,1,10
MEM-2025-LOT7,M01,7,46,4,22
MEM-2025-LOT7,M01,8,46,1,10
MEM-2025-LOT7,M01,9,46,1,10
MEM-2025-LOT7,M01,10,46,2,21
MEM-2025-LOT7,M01,-7,47,1,10
MEM-2025-LOT7,M01,-6,47,4,22
MEM-2025-LOT7,M01,-5,47,1,10
MEM-2025-LOT7,M01,-4,47,3,31
MEM-2025-LOT7,M01,-3,47,1,10
MEM-2025-LOT7,M01,-2,47,1,10
MEM-2025-LOT7,M01,-1,47,1,10
MEM-2025-LOT7,M01,0,47,2,22
MEM-2025-LOT7,M01,1,47,1,10
MEM-2025-LOT7,M01,2,47,1,10
MEM-2025-LOT7,M01,3,47,1,10
MEM-2025-LOT7,M01,4,47,2,22
MEM-2025-LOT7,M01,5,47,1,10
MEM-2025-LOT7,M01,6,47,3,30
MEM-2025-LOT7,M01,7,47,2,20
MEM-2025-LOT7,M01,-4,48,1,10
MEM-2025-LOT7,M01,-3,48,1,10
MEM-2025-LOT7,M01,-2,48,2,20
MEM-2025-LOT7,M01,-1,48,1,10
MEM-2025-LOT7,M01,0,48,2,22
MEM-2025-LOT7,M01,1,48,2,20
MEM-2025-LOT7,M01,2,48,2,31
MEM-2025-LOT7,M01,3,48,2,20
MEM-2025-LOT7,M01,4,48,1,10
MEM-2025-LOT7,M02,-4,-48,2,30
MEM-2025-LOT7,M02,-3,-48,1,10
MEM-2025-LOT7,M02,-2,-48,2,31
MEM-2025-LOT7,M02,-1,-48,1,10
MEM-2025-LOT7,M02,0,-48,1,10
MEM-2025-LOT7,M02,1,-48,2,20
MEM-2025-LOT7,M02,2,-48,2,20
MEM-2025-LOT7,M02,3,-48,3,31
MEM-2025-LOT7,M02,4,-48,2,22
MEM-2025-LOT7,M02,-7,-47,1,10
MEM-2025-LOT7,M02,-6,-47,1,10
MEM-2025-LOT7,M02,-5,-47,1,10
MEM-2025-LOT7,M02,-4,-47,1,10
MEM-2025-LOT7,M02,-3,-47,4,30
MEM-2025-LOT7,M02,-2,-47,1,10
MEM-2025-LOT7,M02,-1,-47,1,10
MEM-2025-LOT7,M02,0,-47,1,10
MEM-2025-LOT7,M02,1,-47,1,10
MEM-2025-LOT7,M02,2,-47,1,10
MEM-2025-LOT7,M02,3,-47,4,22
MEM-2025-LOT7,M02,4,-47,1,10
MEM-2025-LOT7,M02,5,-47,1,10
MEM-2025-LOT7,M02,6,-47,4,31
MEM-2025-LOT7,M02,7,-47,1,10
MEM-2025-LOT7,M02,-10,-46,1,10
MEM-2025-LOT7,M02,-9,-46,3,20
MEM-2025-LOT7,M02,-8,-46,1,10
MEM-2025-LOT7,M02,-7,-46,1,10
MEM-2025-LOT7,M02,-6,-46,1,10
MEM-2025-LOT7,M02,-5,-46,1,10
MEM-2025-LOT7,M02,-4,-46,4,22
MEM-2025-LOT7,M02,-3,-46,1,10
MEM-2025-LOT7,M02,-2,-46,1,10
MEM-2025-LOT7,M02,-1,-46,4,20
MEM-2025-LOT7,M02,0,-46,2,31
MEM-2025-LOT7,M02,1,-46,1,10
MEM-2025-LOT7,M02,2,-46,4,21
MEM-2025-LOT7,M02,3,-46,1,10
MEM-2025-LOT7,M02,4,-46,1,10
MEM-2025-LOT7,M02,5,-46,1,10
MEM-2025-LOT7,M02,6,-46,1,10
MEM-2025-LOT7,M02,7,-46,3,22
MEM-2025-LOT7,M02,8,-46,2,30
MEM-2025-LOT7,M02,9,-46,1,10
MEM-2025-LOT7,M02,10,-46,2,31
MEM-2025-LOT7,M02,-12,-45,1,10
MEM-2025-LOT7,M02,-11,-45,1,10
MEM-2025-LOT7,M02,-10,-45,4,20
MEM-2025-LOT7,M02,-9,-45,2,21
MEM-2025-LOT7,M02,-8,-45,1,10
MEM-2025-LOT7,M02,-7,-45,1,10
MEM-2025-LOT7,M02,-6,-45,3,30
MEM-2025-LOT7,M02,-5,-45,1,10
MEM-2025-LOT7,M02,-4,-45,1,10
MEM-2025-LOT7,M02,-3,-45,1,10
MEM-2025-LOT7,M02,-2,-45,1,10
MEM-2025-LOT7,M02,-1,-45,3,31
MEM-2025-LOT7,M02,0,-45,1,10
MEM-2025-LOT7,M02,1,-45,1,10
MEM-2025-LOT7,M02,2,-45,1,10
MEM-2025-LOT7,M02,3,-45,1,10
MEM-2025-LOT7,M02,4,-45,1,10
MEM-2025-LOT7,M02,5,-45,1,10
MEM-2025-LOT7,M02,6,-45,1,10
MEM-2025-LOT7,M02,7,-45,4,31
MEM-2025-LOT7,M02,8,-45,1,10
MEM-2025-LOT7,M02,9,-45,1,10
MEM-2025-LOT7,M02,10,-45,1,10
MEM-2025-LOT7,M02,11,-45,2,21
MEM-2025-LOT7,M02,12,-45,1,10
MEM-2025-LOT7,M02,-13,-44,2,31
MEM-2025-LOT7,M02,-12,-44,1,10
MEM-2025-LOT7,M02,-11,-44,2,30
MEM-2025-LOT7,M02,-10,-44,4,21
MEM-2025-LOT7,M02,-9,-44,1,10
MEM-2025-LOT7,M02,-8,-44,3,30
MEM-2025-LOT7,M02,-7,-44,3,22
MEM-2025-LOT7,M02,-6,-44,2,20
MEM-2025-LOT7,M02,-5,-44,2,21
MEM-2025-LOT7,M02,-4,-44,1,10
MEM-2025-LOT7,M02,-3,-44,1,10
MEM-2025-LOT7,M02,-2,-44,4,22
MEM-2025-LOT7,M02,-1,-44,2,30
MEM-2025-LOT7,M02,0,-44,4,21
MEM-2025-LOT7,M02,1,-44,1,10
MEM-2025-LOT7,M02,2,-44,1,10
MEM-2025-LOT7,M02,3,-44,1,10
MEM-2025-LOT7,M02,4,-44,2,31
MEM-2025-LOT7,M02,5,-44,1,10
MEM-2025-LOT7,M02,6,-44,1,10
MEM-2025-LOT7,M02,7,-44,1,10
MEM-2025-LOT7,M02,8,-44,1,10
MEM-2025-LOT7,M02,9,-44,2,30
MEM-2025-LOT7,M02,10,-44,1,10
MEM-2025-LOT7,M02,11,-44,2,21
MEM-2025-LOT7,M02,12,-44,4,21
MEM-2025-LOT7,M02,13,-44,1,10
MEM-2025-LOT7,M02,-14,-43,1,10
MEM-2025-LOT7,M02,-13,-43,1,10
MEM-2025-LOT7,M02,-12,-43,3,30
MEM-2025-LOT7,M02,-11,-43,2,22
MEM-2025-LOT7,M02,-10,-43,1,10
MEM-2025-LOT7,M02,-9,-43,1,10
MEM-2025-LOT7,M02,-8,-43,1,10
MEM-2025-LOT7,M02,-7,-43,1,10
MEM-2025-LOT7,M02,-6,-43,1,10
MEM-2025-LOT7,M02,-5,-43,2,30
MEM-2025-LOT7,M02,-4,-43,3,22
MEM-2025-LOT7,M02,-3,-43,1,10
MEM-2025-LOT7,M02,-2,-43,1,10
MEM-2025-LOT7,M02,-1,-43,1,10
MEM-2025-LOT7,M02,0,-43,1,10
MEM-2025-LOT7,M02,1,-43,2,31
MEM-2025-LOT7,M02,2,-43,2,30
MEM-2025-LOT7,M02,3,-43,1,10
MEM-2025-LOT7,M02,4,-43,2,30
MEM-2025-LOT7,M02,5,-43,2,30
MEM-2025-LOT7,M02,6,-43,1,10
MEM-2025-LOT7,M02,7,-43,1,10
MEM-2025-LOT7,M02,8,-43,3,20
MEM-2025-LOT7,M02,9,-43,1,10
MEM-2025-LOT7,M02,10,-43,1,10
MEM-2025-LOT7,M02,11,-43,1,10
MEM-2025-LOT7,M02,12,-43,1,10
MEM-2025-LOT7,M02,13,-43,2,30
MEM-2025-LOT7,M02,14,-43,2,20
MEM-2025-LOT7,M02,-16,-42,1,10
MEM-2025-LOT7,M02,-15,-42,1,10
MEM-2025-LOT7,M02,-14,-42,1,10
MEM-2025-LOT7,M02,-13,-42,2,30
MEM-2025-LOT7,M02,-12,-42,1,10
MEM-2025-LOT7,M02,-11,-42,2,22
MEM-2025-LOT7,M02,-10,-42,1,10
MEM-2025-LOT7,M02,-9,-42,1,10
MEM-2025-LOT7,M02,-8,-42,1,10
MEM-2025-LOT7,M02,-7,-42,1,10
MEM-2025-LOT7,M02,-6,-42,1,10
MEM-2025-LOT7,M02,-5,-42,1,10
MEM-2025-LOT7,M02,-4,-42,2,30
MEM-2025-LOT7,M02,-3,-42,1,10
MEM-2025-LOT7,M02,-2,-42,2,30
MEM-2025-LOT7,M02,-1,-42,2,20
MEM-2025-LOT7,M02,0,-42,1,10
MEM-2025-LOT7,M02,1,-42,2,30
MEM-2025-LOT7,M02,2,-42,1,10
MEM-2025-LOT7,M02,3,-42,1,10
MEM-2025-LOT7,M02,4,-42,3,20
MEM-2025-LOT7,M02,5,-42,2,21
MEM-2025-LOT7,M02,6,-42,4,20
MEM-2025-LOT7,M02,7,-42,1,10
MEM-2025-LOT7,M02,8,-42,4,22
MEM-2025-LOT7,M02,9,-42,4,22
MEM-2025-LOT7,M02,10,-42,1,10
MEM-2025-LOT7,M02,11,-42,1,10
MEM-2025-LOT7,M02,12,-42,1,10
MEM-2025-LOT7,M02,13,-42,1,10
MEM-2025-LOT7,M02,14,-42,1,10
MEM-2025-LOT7,M02,15,-42,2,22
MEM-2025-LOT7,M02,16,-42,2,30
MEM-2025-LOT7,M02,-17,-41,2,31
MEM-2025-LOT7,M02,-16,-41,1,10
MEM-2025-LOT7,M02,-15,-41,1,10
MEM-2025-LOT7,M02,-14,-41,2,30
MEM-2025-LOT7,M02,-13,-41,2,30
MEM-2025-LOT7,M02,-12,-41,1,10
MEM-2025-LOT7,M02,-11,-41,1,10
MEM-2025-LOT7,M02,-10,-41,2,21
MEM-2025-LOT7,M02,-9,-41,1,10
MEM-2025-LOT7,M02,-8,-41,2,31
MEM-2025-LOT7,M02,-7,-41,1,10
MEM-2025-LOT7,M02,-6,-41,1,10
MEM-2025-LOT7,M02,-5,-41,3,31
MEM-2025-LOT7,M02,-4,-41,1,10
MEM-2025-LOT7,M02,-3,-41,4,31
MEM-2025-LOT7,M02,-2,-41,1,10
MEM-2025-LOT7,M02,-1,-41,1,10
MEM-2025-LOT7,M02,0,-41,1,10
MEM-2025-LOT7,M02,1,-41,2,22
MEM-2025-LOT7,M02,2,-41,1,10
MEM-2025-LOT7,M02,3,-41,1,10
MEM-2025-LOT7,M02,4,-41,4,22
MEM-2025-LOT7,M02,5,-41,1,10
MEM-2025-LOT7,M02,6,-41,3,20
MEM-2025-LOT7,M02,7,-41,1,10
MEM-2025-LOT7,M02,8,-41,1,10
MEM-2025-LOT7,M02,9,-41,1,10
MEM-2025-LOT7,M02,10,-41,1,10
MEM-2025-LOT7,M02,11,-41,4,22
MEM-2025-LOT7,M02,12,-41,1,10
MEM-2025-LOT7,M02,13,-41,1,10
MEM-2025-LOT7,M02,14,-41,1,10
MEM-2025-LOT7,M02,15,-41,1,10
MEM-2025-LOT7,M02,16,-41,2,20
MEM-2025-LOT7,M02,17,-41,2,31
MEM-2025-LOT7,M02,-18,-40,1,10
MEM-2025-LOT7,M02,-17,-40,2,21
MEM-2025-LOT7,M02,-16,-40,1,10
MEM-2025-LOT7,M02,-15,-40,4,21
MEM-2025-LOT7,M02,-14,-40,1,10
MEM-2025-LOT7,M02,-13,-40,1,10
MEM-2025-LOT7,M02,-12,-40,2,30
MEM-2025-LOT7,M02,-11,-40,1,10
MEM-2025-LOT7,M02,-10,-40,3,22
MEM-2025-LOT7,M02,-9,-40,1,10
MEM-2025-LOT7,M02,-8,-40,1,10
MEM-2025-LOT7,M02,-7,-40,1,10
MEM-2025-LOT7,M02,-6,-40,2,20
MEM-2025-LOT7,M02,-5,-40,1,10
MEM-2025-LOT7,M02,-4,-40,1,10
MEM-2025-LOT7,M02,-3,-40,1,10
MEM-2025-LOT7,M02,-2,-40,1,10
MEM-2025-LOT7,M02,-1,-40,3,20
MEM-2025-LOT7,M02,0,-40,1,10
MEM-2025-LOT7,M02,1,-40,1,10
MEM-2025-LOT7,M02,2,-40,3,31
MEM-2025-LOT7,M02,3,-40,1,10
MEM-2025-LOT7,M02,4,-40,1,10
MEM-2025-LOT7,M02,5,-40,1,10
MEM-2025-LOT7,M02,6,-40,1,10
MEM-2025-LOT7,M02,7,-40,1,10
MEM-2025-LOT7,M02,8,-40,2,21
MEM-2025-LOT7,M02,9,-40,1,10
MEM-2025-LOT7,M02,10,-40,4,20
MEM-2025-LOT7,M02,11,-40,1,10
MEM-2025-LOT7,M02,12,-40,2,31
MEM-2025-LOT7,M02,13,-40,4,22
MEM-2025-LOT7,M02,14,-40,2,30
MEM-2025-LOT7,M02,15,-40,2,31
MEM-2025-LOT7,M02,16,-40,3,30
MEM-2025-LOT7,M02,17,-40,4,30
MEM-2025-LOT7,M02,18,-40,1,10
MEM-2025-LOT7,M02,-19,-39,2,22
MEM-2025-LOT7,M02,-18,-39,4,31
MEM-2025-LOT7,M02,-17,-39,3,20
MEM-2025-LOT7,M02,-16,-39,1,10
MEM-2025-LOT7,M02,-15,-39,3,30
MEM-2025-LOT7,M02,-14,-39,1,10
MEM-2025-LOT7,M02,-13,-39,1,10
MEM-2025-LOT7,M02,-12,-39,1,10
MEM-2025-LOT7,M02,-11,-39,4,21
MEM-2025-LOT7,M02,-10,-39,2,21
MEM-2025-LOT7,M02,-9,-39,1,10
MEM-2025-LOT7,M02,-8,-39,1,10
MEM-2025-LOT7,M02,-7,-39,1,10
MEM-2025-LOT7,M02,-6,-39,2,22
MEM-2025-LOT7,M02,-5,-39,4,21
MEM-2025-LOT7,M02,-4,-39,1,10
MEM-2025-LOT7,M02,-3,-39,1,10
MEM-2025-LOT7,M02,-2,-39,1,10
MEM-2025-LOT7,M02,-1,-39,1,10
MEM-2025-LOT7,M02,0,-39,1,10
MEM-2025-LOT7,M02,1,-39,1,10
MEM-2025-LOT7,M02,2,-39,1,10
MEM-2025-LOT7,M02,3,-39,1,10
MEM-2025-LOT7,M02,4,-39,1,10
MEM-2025-LOT7,M02,5,-39,1,10
MEM-2025-LOT7,M02,6,-39,2,21
MEM-2025-LOT7,M02,7,-39,1,10
MEM-2025-LOT7,M02,8,-39,3,31
MEM-2025-LOT7,M02,9,-39,1,10
MEM-2025-LOT7,M02,10,-39,2,20
MEM-2025-LOT7,M02,11,-39,1,10
MEM-2025-LOT7,M02,12,-39,1,10
MEM-2025-LOT7,M02,13,-39,3,31
MEM-2025-LOT7,M02,14,-39,2,22
MEM-2025-LOT7,M02,15,-39,1,10
MEM-2025-LOT7,M02,16,-39,2,31
MEM-2025-LOT7,M02,17,-39,1,10
MEM-2025-LOT7,M02,18,-39,2,31
MEM-2025-LOT7,M02,19,-39,2,31
MEM-2025-LOT7,M02,-20,-38,1,10
MEM-2025-LOT7,M02,-19,-38,1,10
MEM-2025-LOT7,M02,-18,-38,2,31
MEM-2025-LOT7,M02,-17,-38,1,10
MEM-2025-LOT7,M02,-16,-38,4,31
MEM-2025-LOT7,M02,-15,-38,2,31
MEM-2025-LOT7,M02,-14,-38,4,22
MEM-2025-LOT7,M02,-13,-38,1,10
MEM-2025-LOT7,M02,-12,-38,1,10
MEM-2025-LOT7,M02,-11,-38,4,31
MEM-2025-LOT7,M02,-10,-38,2,20
MEM-2025-LOT7,M02,-9,-38,3,20
MEM-2025-LOT7,M02,-8,-38,1,10
MEM-2025-LOT7,M02,-7,-38,1,10
MEM-2025-LOT7,M02,-6,-38,1,10
MEM-2025-LOT7,M02,-5,-38,1,10
MEM-2025-LOT7,M02,-4,-38,1,10
MEM-2025-LOT7,M02,-3,-38,1,10
MEM-2025-LOT7,M02,-2,-38,1,10
MEM-2025-LOT7,M02,-1,-38,1,10
MEM-2025-LOT7,M02,0,-38,1,10
MEM-2025-LOT7,M02,1,-38,1,10
MEM-2025-LOT7,M02,2,-38,1,10
MEM-2025-LOT7,M02,3,-38,1,10
MEM-2025-LOT7,M02,4,-38,1,10
MEM-2025-LOT7,M02,5,-38,1,10
MEM-2025-LOT7,M02,6,-38,1,10
MEM-2025-LOT7,M02,7,-38,1,10
MEM-2025-LOT7,M02,8,-38,2,21
MEM-2025-LOT7,M02,9,-38,1,10
MEM-2025-LOT7,M02,10,-38,2,21
MEM-2025-LOT7,M02,11,-38,3,30
MEM-2025-LOT7,M02,12,-38,1,10
MEM-2025-LOT7,M02,13,-38,1,10
MEM-2025-LOT7,M02,14,-38,2,20
MEM-2025-LOT7,M02,15,-38,2,22
MEM-2025-LOT7,M02,16,-38,3,20
MEM-2025-LOT7,M02,17,-38,1,10
MEM-2025-LOT7,M02,18,-38,1,10
MEM-2025-LOT7,M02,19,-38,2,20
MEM-2025-LOT7,M02,20,-38,4,22
MEM-2025-LOT7,M02,-20,-37,1,10
MEM-2025-LOT7,M02,-19,-37,1,10
MEM-2025-LOT7,M02,-18,-37,2,30
MEM-2025-LOT7,M02,-17,-37,1,10
MEM-2025-LOT7,M02,-16,-37,4,30
MEM-2025-LOT7,M02,-15,-37,1,10
MEM-2025-LOT7,M02,-14,-37,1,10
MEM-2025-LOT7,M02,-13,-37,2,20
MEM-2025-LOT7,M02,-12,-37,1,10
MEM-2025-LOT7,M02,-11,-37,1,10
MEM-2025-LOT7,M02,-10,-37,4,21
MEM-2025-LOT7,M02,-9,-37,1,10
MEM-2025-LOT7,M02,-8,-37,1,10
MEM-2025-LOT7,M02,-7,-37,1,10
MEM-2025-LOT7,M02,-6,-37,1,10
MEM-2025-LOT7,M02,-5,-37,1,10
MEM-2025-LOT7,M02,-4,-37,1,10
MEM-2025-LOT7,M02,-3,-37,1,10
MEM-2025-LOT7,M02,-2,-37,1,10
MEM-2025-LOT7,M02,-1,-37,1,10
MEM-2025-LOT7,M02,0,-37,1,10
MEM-2025-LOT7,M02,1,-37,1,10
MEM-2025-LOT7,M02,2,-37,1,10
MEM-2025-LOT7,M02,3,-37,1,10
MEM-2025-LOT7,M02,4,-37,1,10
MEM-2025-LOT7,M02,5,-37,1,10
MEM-2025-LOT7,M02,6,-37,1,10
MEM-2025-LOT7,M02,7,-37,1,10
MEM-2025-LOT7,M02,8,-37,1,10
MEM-2025-LOT7,M02,9,-37,1,10
MEM-2025-LOT7,M02,10,-37,4,21
MEM-2025-LOT7,M02,11,-37,1,10
MEM-2025-LOT7,M02,12,-37,3,30
MEM-2025-LOT7,M02,13,-37,1,10
MEM-2025-LOT7,M02,14,-37,4,22
MEM-2025-LOT7,M02,15,-37,1,10
MEM-2025-LOT7,M02,16,-37,3,20
MEM-2025-LOT7,M02,17,-37,2,22
MEM-2025-LOT7,M02,18,-37,1,10
MEM-2025-LOT7,M02,19,-37,4,30
MEM-2025-LOT7,M02,20,-37,2,31
MEM-2025-LOT7,M02,-21,-36,2,20
MEM-2025-LOT7,M02,-20,-36,1,10
MEM-2025-LOT7,M02,-19,-36,1,10
MEM-2025-LOT7,M02,-18,-36,1,10
MEM-2025-LOT7,M02,-17,-36,2,31
MEM-2025-LOT7,M02,-16,-36,1,10
MEM-2025-LOT7,M02,-15,-36,1,10
MEM-2025-LOT7,M02,-14,-36,2,21
MEM-2025-LOT7,M02,-13,-36,2,20
MEM-2025-LOT7,M02,-12,-36,1,10
MEM-2025-LOT7,M02,-11,-36,1,10
MEM-2025-LOT7,M02,-10,-36,1,10
MEM-2025-LOT7,M02,-9,-36,1,10
MEM-2025-LOT7,M02,-8,-36,1,10
MEM-2025-LOT7,M02,-7,-36,1,10
MEM-2025-LOT7,M02,-6,-36,1,10
MEM-2025-LOT7,M02,-5,-36,1,10
MEM-2025-LOT7,M02,-4,-36,1,10
MEM-2025-LOT7,M02,-3,-36,1,10
MEM-2025-LOT7,M02,-2,-36,1,10
MEM-2025-LOT7,M02,-1,-36,1,10
MEM-2025-LOT7,M02,0,-36,1,10
MEM-2025-LOT7,M02,1,-36,1,10
MEM-2025-LOT7,M02,2,-36,1,10
MEM-2025-LOT7,M02,3,-36,1,10
MEM-2025-LOT7,M02,4,-36,1,10
MEM-2025-LOT7,M02,5,-36,1,10
MEM-2025-LOT7,M02,6,-36,1,10
MEM-2025-LOT7,M02,7,-36,1,10
MEM-2025-LOT7,M02,8,-36,1,10
MEM-2025-LOT7,M02,9,-36,1,10
MEM-2025-LOT7,M02,10,-36,1,10
MEM-2025-LOT7,M02,11,-36,4,31
MEM-2025-LOT7,M02,12,-36,1,10
MEM-2025-LOT7,M02,13,-36,1,10
MEM-2025-LOT7,M02,14,-36,2,20
MEM-2025-LOT7,M02,15,-36,1,10
MEM-2025-LOT7,M02,16,-36,1,10
MEM-2025-LOT7,M02,17,-36,2,22
MEM-2025-LOT7,M02,18,-36,2,21
MEM-2025-LOT7,M02,19,-36,2,20
MEM-2025-LOT7,M02,20,-36,1,10
MEM-2025-LOT7,M02,21,-36,3,20
MEM-2025-LOT7,M02,-22,-35,1,10
MEM-2025-LOT7,M02,-21,-35,2,30
MEM-2025-LOT7,M02,-20,-35,1,10
MEM-2025-LOT7,M02,-19,-35,1,10
MEM-2025-LOT7,M02,-18,-35,2,21
MEM-2025-LOT7,M02,-17,-35,2,31
MEM-2025-LOT7,M02,-16,-35,2,31
MEM-2025-LOT7,M02,-15,-35,1,10
MEM-2025-LOT7,M02,-14,-35,2,22
MEM-2025-LOT7,M02,-13,-35,1,10
MEM-2025-LOT7,M02,-12,-35,1,10
MEM-2025-LOT7,M02,-11,-35,1,10
MEM-2025-LOT7,M02,-10,-35,1,10
MEM-2025-LOT7,M02,-9,-35,1,10
MEM-2025-LOT7,M02,-8,-35,1,10
MEM-2025-LOT7,M02,-7,-35,1,10
MEM-2025-LOT7,M02,-6,-35,1,10
MEM-2025-LOT7,M02,-5,-35,1,10
MEM-2025-LOT7,M02,-4,-35,1,10
MEM-2025-LOT7,M02,-3,-35,1,10
MEM-2025-LOT7,M02,-2,-35,1,10
MEM-2025-LOT7,M02,-1,-35,1,10
MEM-2025-LOT7,M02,0,-35,1,10
MEM-2025-LOT7,M02,1,-35,1,10
MEM-2025-LOT7,M02,2,-35,1,10
MEM-2025-LOT7,M02,3,-35,1,10
MEM-2025-LOT7,M02,4,-35,1,10
MEM-2025-LOT7,M02,5,-35,1,10
MEM-2025-LOT7,M02,6,-35,1,10
MEM-2025-LOT7,M02,7,-35,1,10
MEM-2025-LOT7,M02,8,-35,1,10
MEM-2025-LOT7,M02,9,-35,1,10
MEM-2025-LOT7,M02,10,-35,1,10
MEM-2025-LOT7,M02,11,-35,1,10
MEM-2025-LOT7,M02,12,-35,1,10
MEM-2025-LOT7,M02,13,-35,2,21
MEM-2025-LOT7,M02,14,-35,2,22
MEM-2025-LOT7,M02,15,-35,3,31
MEM-2025-LOT7,M02,16,-35,1,10
MEM-2025-LOT7,M02,17,-35,1,10
MEM-2025-LOT7,M02,18,-35,1,10
MEM-2025-LOT7,M02,19,-35,1,10
MEM-2025-LOT7,M02,20,-35,4,31
MEM-2025-LOT7,M02,21,-35,1,10
MEM-2025-LOT7,M02,22,-35,2,20
MEM-2025-LOT7,M02,-23,-34,2,30
MEM-2025-LOT7,M02,-22,-34,1,10
MEM-2025-LOT7,M02,-21,-34,1,10
MEM-2025-LOT7,M02,-20,-34,1,10
MEM-2025-LOT7,M02,-19,-34,1,10
MEM-2025-LOT7,M02,-18,-34,2,31
MEM-2025-LOT7,M02,-17,-34,3,20
MEM-2025-LOT7,M02,-16,-34,1,10
MEM-2025-LOT7,M02,-15,-34,1,10
MEM-2025-LOT7,M02,-14,-34,1,10
MEM-2025-LOT7,M02,-13,-34,1,10
MEM-2025-LOT7,M02,-12,-34,1,10
MEM-2025-LOT7,M02,-11,-34,1,10
MEM-2025-LOT7,M02,-10,-34,1,10
MEM-2025-LOT7,M02,-9,-34,1,10
MEM-2025-LOT7,M02,-8,-34,1,10
MEM-2025-LOT7,M02,-7,-34,1,10
MEM-2025-LOT7,M02,-6,-34,1,10
MEM-2025-LOT7,M02,-5,-34,1,10
MEM-2025-LOT7,M02,-4,-34,1,10
MEM-2025-LOT7,M02,-3,-34,1,10
MEM-2025-LOT7,M02,-2,-34,1,10
MEM-2025-LOT7,M02,-1,-34,1,10
MEM-2025-LOT7,M02,0,-34,1,10
MEM-2025-LOT7,M02,1,-34,1,10
MEM-2025-LOT7,M02,2,-34,1,10
MEM-2025-LOT7,M02,3,-34,1,10
MEM-2025-LOT7,M02,4,-34,1,10
MEM-2025-LOT7,M02,5,-34,1,10
MEM-2025-LOT7,M02,6,-34,1,10
MEM-2025-LOT7,M02,7,-34,1,10
MEM-2025-LOT7,M02,8,-34,1,10
MEM-2025-LOT7,M02,9,-34,1,10
MEM-2025-LOT7,M02,10,-34,1,10
MEM-2025-LOT7,M02,11,-34,1,10
MEM-2025-LOT7,M02,12,-34,1,10
MEM-2025-LOT7,M02,13,-34,1,10
MEM-2025-LOT7,M02,14,-34,2,22
MEM-2025-LOT7,M02,15,-34,1,10
MEM-2025-LOT7,M02,16,-34,1,10
MEM-2025-LOT7,M02,17,-34,4,20
MEM-2025-LOT7,M02,18,-34,4,31
MEM-2025-LOT7,M02,19,-34,1,10
MEM-2025-LOT7,M02,20,-34,1,10
MEM-2025-LOT7,M02,21,-34,2,30
MEM-2025-LOT7,M02,22,-34,1,10
MEM-2025-LOT7,M02,23,-34,1,10
MEM-2025-LOT7,M02,-23,-33,1,10
MEM-2025-LOT7,M02,-22,-33,1,10
MEM-2025-LOT7,M02,-21,-33,1,10
MEM-2025-LOT7,M02,-20,-33,3,30
MEM-2025-LOT7,M02,-19,-33,1,10
MEM-2025-LOT7,M02,-18,-33,1,10
MEM-2025-LOT7,M02,-17,-33,1,10
MEM-2025-LOT7,M02,-16,-33,1,10
MEM-2025-LOT7,M02,-15,-33,2,30
MEM-2025-LOT7,M02,-14,-33,1,10
MEM-2025-LOT7,M02,-13,-33,1,10
MEM-2025-LOT7,M02,-12,-33,1,10
MEM-2025-LOT7,M02,-11,-33,1,10
MEM-2025-LOT7,M02,-10,-33,1,10
MEM-2025-LOT7,M02,-9,-33,1,10
MEM-2025-LOT7,M02,-8,-33,1,10
MEM-2025-LOT7,M02,-7,-33,1,10
MEM-2025-LOT7,M02,-6,-33,1,10
MEM-2025-LOT7,M02,-5,-33,1,10
MEM-2025-LOT7,M02,-4,-33,1,10
MEM-2025-LOT7,M02,-3,-33,1,10
MEM-2025-LOT7,M02,-2,-33,1,10
MEM-2025-LOT7,M02,-1,-33,1,10
MEM-2025-LOT7,M02,0,-33,1,10
MEM-2025-LOT7,M02,1,-33,1,10
MEM-2025-LOT7,M02,2,-33,1,10
MEM-2025-LOT7,M02,3,-33,1,10
MEM-2025-LOT7,M02,4,-33,1,10
MEM-2025-LOT7,M02,5,-33,1,10
MEM-2025-LOT7,M02,6,-33,1,10
MEM-2025-LOT7,M02,7,-33,1,10
MEM-2025-LOT7,M02,8,-33,2,22
MEM-2025-LOT7,M02,9,-33,1,10
MEM-2025-LOT7,M02,10,-33,1,10
MEM-2025-LOT7,M02,11,-33,1,10
MEM-2025-LOT7,M02,12,-33,1,10
MEM-2025-LOT7,M02,13,-33,1,10
MEM-2025-LOT7,M02,14,-33,1,10
MEM-2025-LOT7,M02,15,-33,1,10
MEM-2025-LOT7,M02,16,-33,3,20
MEM-2025-LOT7,M02,17,-33,1,10
MEM-2025-LOT7,M02,18,-33,1,10
MEM-2025-LOT7,M02,19,-33,3,22
MEM-2025-LOT7,M02,20,-33,2,31
MEM-2025-LOT7,M02,21,-33,2,21
MEM-2025-LOT7,M02,22,-33,1,10
MEM-2025-LOT7,M02,23,-33,2,22
MEM-2025-LOT7,M02,-24,-32,1,10
MEM-2025-LOT7,M02,-23,-32,1,10
MEM-2025-LOT7,M02,-22,-32,2,30
MEM-2025-LOT7,M02,-21,-32,1,10
MEM-2025-LOT7,M02,-20,-32,1,10
MEM-2025-LOT7,M02,-19,-32,1,10
MEM-2025-LOT7,M02,-18,-32,1,10
MEM-2025-LOT7,M02,-17,-32,3,30
MEM-2025-LOT7,M02,-16,-32,1,10
MEM-2025-LOT7,M02,-15,-32,1,10
MEM-2025-LOT7,M02,-14,-32,1,10
MEM-2025-LOT7,M02,-13,-32,1,10
MEM-2025-LOT7,M02,-12,-32,1,10
MEM-2025-LOT7,M02,-11,-32,1,10
MEM-2025-LOT7,M02,-10,-32,1,10
MEM-2025-LOT7,M02,-9,-32,1,10
MEM-2025-LOT7,M02,-8,-32,1,10
MEM-2025-LOT7,M02,-7,-32,1,10
MEM-2025-LOT7,M02,-6,-32,1,10
MEM-2025-LOT7,M02,-5,-32,1,10
MEM-2025-LOT7,M02,-4,-32,2,30
MEM-2025-LOT7,M02,-3,-32,1,10
MEM-2025-LOT7,M02,-2,-32,1,10
MEM-2025-LOT7,M02,-1,-32,1,10
MEM-2025-LOT7,M02,0,-32,1,10
MEM-2025-LOT7,M02,1,-32,1,10
MEM-2025-LOT7,M02,2,-32,1,10
MEM-2025-LOT7,M02,3,-32,1,10
MEM-2025-LOT7,M02,4,-32,1,10
MEM-2025-LOT7,M02,5,-32,1,10
MEM-2025-LOT7,M02,6,-32,1,10
MEM-2025-LOT7,M02,7,-32,1,10
MEM-2025-LOT7,M02,8,-32,1,10
MEM-2025-LOT7,M02,9,-32,1,10
MEM-2025-LOT7,M02,10,-32,1,10
MEM-2025-LOT7,M02,11,-32,1,10
MEM-2025-LOT7,M02,12,-32,1,10
MEM-2025-LOT7,M02,13,-32,1,10
MEM-2025-LOT7,M02,14,-32,1,10
MEM-2025-LOT7,M02,15,-32,1,10
MEM-2025-LOT7,M02,16,-32,1,10
MEM-2025-LOT7,M02,17,-32,2,20
MEM-2025-LOT7,M02,18,-32,2,21
MEM-2025-LOT7,M02,19,-32,1,10
MEM-2025-LOT7,M02,20,-32,2,31
MEM-2025-LOT7,M02,21,-32,1,10
MEM-2025-LOT7,M02,22,-32,1,10
MEM-2025-LOT7,M02,23,-32,4,20
MEM-2025-LOT7,M02,24,-32,2,21
MEM-2025-LOT7,M02,-24,-31,1,10
MEM-2025-LOT7,M02,-23,-31,1,10
MEM-2025-LOT7,M02,-22,-31,1,10
MEM-2025-LOT7,M02,-21,-31,2,30
MEM-2025-LOT7,M02,-20,-31,1,10
MEM-2025-LOT7,M02,-19,-31,2,30
MEM-2025-LOT7,M02,-18,-31,3,30
MEM-2025-LOT7,M02,-17,-31,1,10
MEM-2025-LOT7,M02,-16,-31,1,10
MEM-2025-LOT7,M02,-15,-31,1,10
MEM-2025-LOT7,M02,-14,-31,1,10
MEM-2025-LOT7,M02,-13,-31,1,10
MEM-2025-LOT7,M02,-12,-31,1,10
MEM-2025-LOT7,M02,-11,-31,1,10
MEM-2025-LOT7,M02,-10,-31,1,10
MEM-2025-LOT7,M02,-9,-31,1,10
MEM-2025-LOT7,M02,-8,-31,1,10
MEM-2025-LOT7,M02,-7,-31,1,10
MEM-2025-LOT7,M02,-6,-31,1,10
MEM-2025-LOT7,M02,-5,-31,1,10
MEM-2025-LOT7,M02,-4,-31,1,10
MEM-2025-LOT7,M02,-3,-31,1,10
MEM-2025-LOT7,M02,-2,-31,1,10
MEM-2025-LOT7,M02,-1,-31,1,10
MEM-2025-LOT7,M02,0,-31,1,10
MEM-2025-LOT7,M02,1,-31,1,10
MEM-2025-LOT7,M02,2,-31,1,10
MEM-2025-LOT7,M02,3,-31,1,10
MEM-2025-LOT7,M02,4,-31,1,10
MEM-2025-LOT7,M02,5,-31,1,10
MEM-2025-LOT7,M02,6,-31,1,10
MEM-2025-LOT7,M02,7,-31,1,10
MEM-2025-LOT7,M02,8,-31,1,10
MEM-2025-LOT7,M02,9,-31,1,10
MEM-2025-LOT7,M02,10,-31,1,10
MEM-2025-LOT7,M02,11,-31,1,10
MEM-2025-LOT7,M02,12,-31,1,10
MEM-2025-LOT7,M02,13,-31,1,10
MEM-2025-LOT7,M02,14,-31,1,10
MEM-2025-LOT7,M02,15,-31,1,10
MEM-2025-LOT7,M02,16,-31,1,10
MEM-2025-LOT7,M02,17,-31,1,10
MEM-2025-LOT7,M02,18,-31,1,10
MEM-2025-LOT7,M02,19,-31,2,22
MEM-2025-LOT7,M02,20,-31,1,10
MEM-2025-LOT7,M02,21,-31,2,21
MEM-2025-LOT7,M02,22,-31,1,10
MEM-2025-LOT7,M02,23,-31,1,10
MEM-2025-LOT7,M02,24,-31,4,22
MEM-2025-LOT7,M02,-25,-30,4,21
MEM-2025-LOT7,M02,-24,-30,1,10
MEM-2025-LOT7,M02,-23,-30,1,10
MEM-2025-LOT7,M02,-22,-30,1,10
MEM-2025-LOT7,M02,-21,-30,2,20
MEM-2025-LOT7,M02,-20,-30,4,30
MEM-2025-LOT7,M02,-19,-30,1,10
MEM-2025-LOT7,M02,-18,-30,2,21
MEM-2025-LOT7,M02,-17,-30,1,10
MEM-2025-LOT7,M02,-16,-30,1,10
MEM-2025-LOT7,M02,-15,-30,1,10
MEM-2025-LOT7,M02,-14,-30,1,10
MEM-2025-LOT7,M02,-13,-30,1,10
MEM-2025-LOT7,M02,-12,-30,1,10
MEM-2025-LOT7,M02,-11,-30,1,10
MEM-2025-LOT7,M02,-10,-30,1,10
MEM-2025-LOT7,M02,-9,-30,1,10
MEM-2025-LOT7,M02,-8,-30,1,10
MEM-2025-LOT7,M02,-7,-30,1,10
MEM-2025-LOT7,M02,-6,-30,1,10
MEM-2025-LOT7,M02,-5,-30,1,10
MEM-2025-LOT7,M02,-4,-30,1,10
MEM-2025-LOT7,M02,-3,-30,1,10
MEM-2025-LOT7,M02,-2,-30,1,10
MEM-2025-LOT7,M02,-1,-30,1,10
MEM-2025-LOT7,M02,0,-30,1,10
MEM-2025-LOT7,M02,1,-30,1,10
MEM-2025-LOT7,M02,2,-30,1,10
MEM-2025-LOT7,M02,3,-30,1,10
MEM-2025-LOT7,M02,4,-30,1,10
MEM-2025-LOT7,M02,5,-30,1,10
MEM-2025-LOT7,M02,6,-30,1,10
MEM-2025-LOT7,M02,7,-30,1,10
MEM-2025-LOT7,M02,8,-30,1,10
MEM-2025-LOT7,M02,9,-30,1,10
MEM-2025-LOT7,M02,10,-30,1,10
MEM-2025-LOT7,M02,11,-30,1,10
MEM-2025-LOT7,M02,12,-30,1,10
MEM-2025-LOT7,M02,13,-30,1,10
MEM-2025-LOT7,M02,14,-30,1,10
MEM-2025-LOT7,M02,15,-30,1,10
MEM-2025-LOT7,M02,16,-30,1,10
MEM-2025-LOT7,M02,17,-30,1,10
MEM-2025-LOT7,M02,18,-30,1,10
MEM-2025-LOT7,M02,19,-30,1,10
MEM-2025-LOT7,M02,20,-30,2,31
MEM-2025-LOT7,M02,21,-30,2,30
MEM-2025-LOT7,M02,22,-30,2,20
MEM-2025-LOT7,M02,23,-30,2,21
MEM-2025-LOT7,M02,24,-30,4,20
MEM-2025-LOT7,M02,25,-30,1,10
MEM-2025-LOT7,M02,-25,-29,1,10
MEM-2025-LOT7,M02,-24,-29,1,10
MEM-2025-LOT7,M02,-23,-29,1,10
MEM-2025-LOT7,M02,-22,-29,1,10
MEM-2025-LOT7,M02,-21,-29,1,10
MEM-2025-LOT7,M02,-20,-29,2,30
MEM-2025-LOT7,M02,-19,-29,2,30
MEM-2025-LOT7,M02,-18,-29,1,10
MEM-2025-LOT7,M02,-17,-29,1,10
MEM-2025-LOT7,M02,-16,-29,1,10
MEM-2025-LOT7,M02,-15,-29,1,10
MEM-2025-LOT7,M02,-14,-29,1,10
MEM-2025-LOT7,M02,-13,-29,1,10
MEM-2025-LOT7,M02,-12,-29,1,10
MEM-2025-LOT7,M02,-11,-29,1,10
MEM-2025-LOT7,M02,-10,-29,1,10
MEM-2025-LOT7,M02,-9,-29,1,10
MEM-2025-LOT7,M02,-8,-29,1,10
MEM-2025-LOT7,M02,-7,-29,1,10
MEM-2025-LOT7,M02,-6,-29,1,10
MEM-2025-LOT7,M02,-5,-29,1,10
MEM-2025-LOT7,M02,-4,-29,1,10
MEM-2025-LOT7,M02,-3,-29,1,10
MEM-2025-LOT7,M02,-2,-29,1,10
MEM-2025-LOT7,M02,-1,-29,1,10
MEM-2025-LOT7,M02,0,-29,1,10
MEM-2025-LOT7,M02,1,-29,1,10
MEM-2025-LOT7,M02,2,-29,1,10
MEM-2025-LOT7,M02,3,-29,1,10
MEM-2025-LOT7,M02,4,-29,2,22
MEM-2025-LOT7,M02,5,-29,1,10
MEM-2025-LOT7,M02,6,-29,2,21
MEM-2025-LOT7,M02,7,-29,1,10
MEM-2025-LOT7,M02,8,-29,1,10
MEM-2025-LOT7,M02,9,-29,1,10
MEM-2025-LOT7,M02,10,-29,1,10
MEM-2025-LOT7,M02,11,-29,1,10
MEM-2025-LOT7,M02,12,-29,1,10
MEM-2025-LOT7,M02,13,-29,1,10
MEM-2025-LOT7,M02,14,-29,3,31
MEM-2025-LOT7,M02,15,-29,1,10
MEM-2025-LOT7,M02,16,-29,1,10
MEM-2025-LOT7,M02,17,-29,1,10
MEM-2025-LOT7,M02,18,-29,1,10
MEM-2025-LOT7,M02,19,-29,1,10
MEM-2025-LOT7,M02,20,-29,1,10
MEM-2025-LOT7,M02,21,-29,2,31
MEM-2025-LOT7,M02,22,-29,1,10
MEM-2025-LOT7,M02,23,-29,1,10
MEM-2025-LOT7,M02,24,-29,1,10
MEM-2025-LOT7,M02,25,-29,1,10
MEM-2025-LOT7,M02,-26,-28,4,31
MEM-2025-LOT7,M02,-25,-28,1,10
MEM-2025-LOT7,M02,-24,-28,2,20
MEM-2025-LOT7,M02,-23,-28,1,10
MEM-2025-LOT7,M02,-22,-28,1,10
MEM-2025-LOT7,M02,-21,-28,1,10
MEM-2025-LOT7,M02,-20,-28,1,10
MEM-2025-LOT7,M02,-19,-28,2,31
MEM-2025-LOT7,M02,-18,-28,1,10
MEM-2025-LOT7,M02,-17,-28,1,10
MEM-2025-LOT7,M02,-16,-28,1,10
MEM-2025-LOT7,M02,-15,-28,1,10
MEM-2025-LOT7,M02,-14,-28,1,10
MEM-2025-LOT7,M02,-13,-28,1,10
MEM-2025-LOT7,M02,-12,-28,1,10
MEM-2025-LOT7,M02,-11,-28,1,10
MEM-2025-LOT7,M02,-10,-28,1,10
MEM-2025-LOT7,M02,-9,-28,1,10
MEM-2025-LOT7,M02,-8,-28,1,10
MEM-2025-LOT7,M02,-7,-28,1,10
MEM-2025-LOT7,M02,-6,-28,1,10
MEM-2025-LOT7,M02,-5,-28,1,10
MEM-2025-LOT7,M02,-4,-28,1,10
MEM-2025-LOT7,M02,-3,-28,1,10
MEM-2025-LOT7,M02,-2,-28,1,10
MEM-2025-LOT7,M02,-1,-28,1,10
MEM-2025-LOT7,M02,0,-28,1,10
MEM-2025-LOT7,M02,1,-28,1,10
MEM-2025-LOT7,M02,2,-28,1,10
MEM-2025-LOT7,M02,3,-28,1,10
MEM-2025-LOT7,M02,4,-28,1,10
MEM-2025-LOT7,M02,5,-28,1,10
MEM-2025-LOT7,M02,6,-28,4,31
MEM-2025-LOT7,M02,7,-28,1,10
MEM-2025-LOT7,M02,8,-28,1,10
MEM-2025-LOT7,M02,9,-28,1,10
MEM-2025-LOT7,M02,10,-28,1,10
MEM-2025-LOT7,M02,11,-28,1,10
MEM-2025-LOT7,M02,12,-28,1,10
MEM-2025-LOT7,M02,13,-28,1,10
MEM-2025-LOT7,M02,14,-28,1,10
MEM-2025-LOT7,M02,15,-28,1,10
MEM-2025-LOT7,M02,16,-28,1,10
MEM-2025-LOT7,M02,17,-28,1,10
MEM-2025-LOT7,M02,18,-28,1,10
MEM-2025-LOT7,M02,19,-28,4,22
MEM-2025-LOT7,M02,20,-28,1,10
MEM-2025-LOT7,M02,21,-28,1,10
MEM-2025-LOT7,M02,22,-28,1,10
MEM-2025-LOT7,M02,23,-28,1,10
MEM-2025-LOT7,M02,24,-28,1,10
MEM-2025-LOT7,M02,25,-28,4,21
MEM-2025-LOT7,M02,26,-28,2,22
MEM-2025-LOT7,M02,-26,-27,3,30
MEM-2025-LOT7,M02,-25,-27,1,10
MEM-2025-LOT7,M02,-24,-27,4,22
MEM-2025-LOT7,M02,-23,-27,1,10
MEM-2025-LOT7,M02,-22,-27,2,30
MEM-2025-LOT7,M02,-21,-27,1,10
MEM-2025-LOT7,M02,-20,-27,1,10
MEM-2025-LOT7,M02,-19,-27,1,10
MEM-2025-LOT7,M02,-18,-27,1,10
MEM-2025-LOT7,M02,-17,-27,1,10
MEM-2025-LOT7,M02,-16,-27,1,10
MEM-2025-LOT7,M02,-15,-27,1,10
MEM-2025-LOT7,M02,-14,-27,1,10
MEM-2025-LOT7,M02,-13,-27,1,10
MEM-2025-LOT7,M02,-12,-27,1,10
MEM-2025-LOT7,M02,-11,-27,1,10
MEM-2025-LOT7,M02,-10,-27,1,10
MEM-2025-LOT7,M02,-9,-27,1,10
MEM-2025-LOT7,M02,-8,-27,1,10
MEM-2025-LOT7,M02,-7,-27,1,10
MEM-2025-LOT7,M02,-6,-27,1,10
MEM-2025-LOT7,M02,-5,-27,1,10
MEM-2025-LOT7,M02,-4,-27,1,10
MEM-2025-LOT7,M02,-3,-27,1,10
MEM-2025-LOT7,M02,-2,-27,1,10
MEM-2025-LOT7,M02,-1,-27,1,10
MEM-2025-LOT7,M02,0,-27,1,10
MEM-2025-LOT7,M02,1,-27,1,10
MEM-2025-LOT7,M02,2,-27,1,10
MEM-2025-LOT7,M02,3,-27,1,10
MEM-2025-LOT7,M02,4,-27,1,10
MEM-2025-LOT7,M02,5,-27,1,10
MEM-2025-LOT7,M02,6,-27,1,10
MEM-2025-LOT7,M02,7,-27,1,10
MEM-2025-LOT7,M02,8,-27,1,10
MEM-2025-LOT7,M02,9,-27,1,10
MEM-2025-LOT7,M02,10,-27,1,10
MEM-2025-LOT7,M02,11,-27,1,10
MEM-2025-LOT7,M02,12,-27,1,10
MEM-2025-LOT7,M02,13,-27,1,10
MEM-2025-LOT7,M02,14,-27,1,10
MEM-2025-LOT7,M02,15,-27,1,10
MEM-2025-LOT7,M02,16,-27,1,10
MEM-2025-LOT7,M02,17,-27,1,10
MEM-2025-LOT7,M02,18,-27,1,10
MEM-2025-LOT7,M02,19,-27,1,10
MEM-2025-LOT7,M02,20,-27,1,10
MEM-2025-LOT7,M02,21,-27,1,10
MEM-2025-LOT7,M02,22,-27,2,20
MEM-2025-LOT7,M02,23,-27,1,10
MEM-2025-LOT7,M02,24,-27,2,20
MEM-2025-LOT7,M02,25,-27,1,10
MEM-2025-LOT7,M02,26,-27,1,10
MEM-2025-LOT7,M02,-27,-26,1,10
MEM-2025-LOT7,M02,-26,-26,4,22
MEM-2025-LOT7,M02,-25,-26,2,21
MEM-2025-LOT7,M02,-24,-26,1,10
MEM-2025-LOT7,M02,-23,-26,1,10
MEM-2025-LOT7,M02,-22,-26,2,20
MEM-2025-LOT7,M02,-21,-26,3,22
MEM-2025-LOT7,M02,-20,-26,1,10
MEM-2025-LOT7,M02,-19,-26,1,10
MEM-2025-LOT7,M02,-18,-26,1,10
MEM-2025-LOT7,M02,-17,-26,1,10
MEM-2025-LOT7,M02,-16,-26,1,10
MEM-2025-LOT7,M02,-15,-26,1,10
MEM-2025-LOT7,M02,-14,-26,1,10
MEM-2025-LOT7,M02,-13,-26,1,10
MEM-2025-LOT7,M02,-12,-26,1,10
MEM-2025-LOT7,M02,-11,-26,1,10
MEM-2025-LOT7,M02,-10,-26,1,10
MEM-2025-LOT7,M02,-9,-26,1,10
MEM-2025-LOT7,M02,-8,-26,1,10
MEM-2025-LOT7,M02,-7,-26,1,10
MEM-2025-LOT7,M02,-6,-26,1,10
MEM-2025-LOT7,M02,-5,-26,1,10
MEM-2025-LOT7,M02,-4,-26,1,10
MEM-2025-LOT7,M02,-3,-26,1,10
MEM-2025-LOT7,M02,-2,-26,1,10
MEM-2025-LOT7,M02,-1,-26,1,10
MEM-2025-LOT7,M02,0,-26,1,10
MEM-2025-LOT7,M02,1,-26,1,10
MEM-2025-LOT7,M02,2,-26,1,10
MEM-2025-LOT7,M02,3,-26,3,31
MEM-2025-LOT7,M02,4,-26,1,10
MEM-2025-LOT7,M02,5,-26,1,10
MEM-2025-LOT7,M02,6,-26,1,10
MEM-2025-LOT7,M02,7,-26,2,30
MEM-2025-LOT7,M02,8,-26,1,10
MEM-2025-LOT7,M02,9,-26,1,10
MEM-2025-LOT7,M02,10,-26,1,10
MEM-2025-LOT7,M02,11,-26,1,10
MEM-2025-LOT7,M02,12,-26,1,10
MEM-2025-LOT7,M02,13,-26,1,10
MEM-2025-LOT7,M02,14,-26,1,10
MEM-2025-LOT7,M02,15,-26,1,10
MEM-2025-LOT7,M02,16,-26,1,10
MEM-2025-LOT7,M02,17,-26,2,30
MEM-2025-LOT7,M02,18,-26,1,10
MEM-2025-LOT7,M02,19,-26,1,10
MEM-2025-LOT7,M02,20,-26,2,31
MEM-2025-LOT7,M02,21,-26,1,10
MEM-2025-LOT7,M02,22,-26,2,22
MEM-2025-LOT7,M02,23,-26,3,30
MEM-2025-LOT7,M02,24,-26,2,30
MEM-2025-LOT7,M02,25,-26,4,31
MEM-2025-LOT7,M02,26,-26,1,10
MEM-2025-LOT7,M02,27,-26,1,10
MEM-2025-LOT7,M02,-27,-25,3,21
MEM-2025-LOT7,M02,-26,-25,2,30
MEM-2025-LOT7,M02,-25,-25,4,22
MEM-2025-LOT7,M02,-24,-25,3,21
MEM-2025-LOT7,M02,-23,-25,1,10
MEM-2025-LOT7,M02,-22,-25,4,20
MEM-2025-LOT7,M02,-21,-25,1,10
MEM-2025-LOT7,M02,-20,-25,1,10
MEM-2025-LOT7,M02,-19,-25,1,10
MEM-2025-LOT7,M02,-18,-25,1,10
MEM-2025-LOT7,M02,-17,-25,1,10
MEM-2025-LOT7,M02,-16,-25,1,10
MEM-2025-LOT7,M02,-15,-25,1,10
MEM-2025-LOT7,M02,-14,-25,1,10
MEM-2025-LOT7,M02,-13,-25,1,10
MEM-2025-LOT7,M02,-12,-25,1,10
MEM-2025-LOT7,M02,-11,-25,1,10
MEM-2025-LOT7,M02,-10,-25,1,10
MEM-2025-LOT7,M02,-9,-25,2,21
MEM-2025-LOT7,M02,-8,-25,1,10
MEM-2025-LOT7,M02,-7,-25,1,10
MEM-2025-LOT7,M02,-6,-25,1,10
MEM-2025-LOT7,M02,-5,-25,1,10
MEM-2025-LOT7,M02,-4,-25,1,10
MEM-2025-LOT7,M02,-3,-25,1,10
MEM-2025-LOT7,M02,-2,-25,1,10
MEM-2025-LOT7,M02,-1,-25,1,10
MEM-2025-LOT7,M02,0,-25,1,10
MEM-2025-LOT7,M02,1,-25,1,10
MEM-2025-LOT7,M02,2,-25,1,10
MEM-2025-LOT7,M02,3,-25,1,10
MEM-2025-LOT7,M02,4,-25,1,10
MEM-2025-LOT7,M02,5,-25,1,10
MEM-2025-LOT7,M02,6,-25,1,10
MEM-2025-LOT7,M02,7,-25,1,10
MEM-2025-LOT7,M02,8,-25,1,10
MEM-2025-LOT7,M02,9,-25,1,10
MEM-2025-LOT7,M02,10,-25,1,10
MEM-2025-LOT7,M02,11,-25,1,10
MEM-2025-LOT7,M02,12,-25,1,10
MEM-2025-LOT7,M02,13,-25,1,10
MEM-2025-LOT7,M02,14,-25,1,10
MEM-2025-LOT7,M02,15,-25,1,10
MEM-2025-LOT7,M02,16,-25,1,10
MEM-2025-LOT7,M02,17,-25,1,10
MEM-2025-LOT7,M02,18,-25,1,10
MEM-2025-LOT7,M02,19,-25,1,10
MEM-2025-LOT7,M02,20,-25,1,10
MEM-2025-LOT7,M02,21,-25,1,10
MEM-2025-LOT7,M02,22,-25,1,10
MEM-2025-LOT7,M02,23,-25,3,20
MEM-2025-LOT7,M02,24,-25,2,22
MEM-2025-LOT7,M02,25,-25,2,21
MEM-2025-LOT7,M02,26,-25,2,21
MEM-2025-LOT7,M02,27,-25,1,10
MEM-2025-LOT7,M02,-28,-24,1,10
MEM-2025-LOT7,M02,-27,-24,1,10
MEM-2025-LOT7,M02,-26,-24,1,10
MEM-2025-LOT7,M02,-25,-24,2,31
MEM-2025-LOT7,M02,-24,-24,4,21
MEM-2025-LOT7,M02,-23,-24,1,10
MEM-2025-LOT7,M02,-22,-24,1,10
MEM-2025-LOT7,M02,-21,-24,1,10
MEM-2025-LOT7,M02,-20,-24,1,10
MEM-2025-LOT7,M02,-19,-24,1,10
MEM-2025-LOT7,M02,-18,-24,1,10
MEM-2025-LOT7,M02,-17,-24,1,10
MEM-2025-LOT7,M02,-16,-24,3,30
MEM-2025-LOT7,M02,-15,-24,1,10
MEM-2025-LOT7,M02,-14,-24,1,10
MEM-2025-LOT7,M02,-13,-24,1,10
MEM-2025-LOT7,M02,-12,-24,1,10
MEM-2025-LOT7,M02,-11,-24,1,10
MEM-2025-LOT7,M02,-10,-24,1,10
MEM-2025-LOT7,M02,-9,-24,1,10
MEM-2025-LOT7,M02,-8,-24,1,10
MEM-2025-LOT7,M02,-7,-24,1,10
MEM-2025-LOT7,M02,-6,-24,2,22
MEM-2025-LOT7,M02,-5,-24,1,10
MEM-2025-LOT7,M02,-4,-24,1,10
MEM-2025-LOT7,M02,-3,-24,1,10
MEM-2025-LOT7,M02,-2,-24,1,10
MEM-2025-LOT7,M02,-1,-24,1,10
MEM-2025-LOT7,M02,0,-24,1,10
MEM-2025-LOT7,M02,1,-24,1,10
MEM-2025-LOT7,M02,2,-24,1,10
MEM-2025-LOT7,M02,3,-24,1,10
MEM-2025-LOT7,M02,4,-24,1,10
MEM-2025-LOT7,M02,5,-24,1,10
MEM-2025-LOT7,M02,6,-24,1,10
MEM-2025-LOT7,M02,7,-24,1,10
MEM-2025-LOT7,M02,8,-24,1,10
MEM-2025-LOT7,M02,9,-24,4,30
MEM-2025-LOT7,M02,10,-24,1,10
MEM-2025-LOT7,M02,11,-24,1,10
MEM-2025-LOT7,M02,12,-24,1,10
MEM-2025-LOT7,M02,13,-24,1,10
MEM-2025-LOT7,M02,14,-24,1,10
MEM-2025-LOT7,M02,15,-24,1,10
MEM-2025-LOT7,M02,16,-24,1,10
MEM-2025-LOT7,M02,17,-24,1,10
MEM-2025-LOT7,M02,18,-24,1,10
MEM-2025-LOT7,M02,19,-24,1,10
MEM-2025-LOT7,M02,20,-24,1,10
MEM-2025-LOT7,M02,21,-24,1,10
MEM-2025-LOT7,M02,22,-24,1,10
MEM-2025-LOT7,M02,23,-24,1,10
MEM-2025-LOT7,M02,24,-24,1,10
MEM-2025-LOT7,M02,25,-24,3,22
MEM-2025-LOT7,M02,26,-24,2,21
MEM-2025-LOT7,M02,27,-24,2,31
MEM-2025-LOT7,M02,28,-24,1,10
MEM-2025-LOT7,M02,-28,-23,2,22
MEM-2025-LOT7,M02,-27,-23,1,10
MEM-2025-LOT7,M02,-26,-23,1,10
MEM-2025-LOT7,M02,-25,-23,1,10
MEM-2025-LOT7,M02,-24,-23,1,10
MEM-2025-LOT7,M02,-23,-23,2,30
MEM-2025-LOT7,M02,-22,-23,1,10
MEM-2025-LOT7,M02,-21,-23,1,10
MEM-2025-LOT7,M02,-20,-23,1,10
MEM-2025-LOT7,M02,-19,-23,4,20
MEM-2025-LOT7,M02,-18,-23,1,10
MEM-2025-LOT7,M02,-17,-23,1,10
MEM-2025-LOT7,M02,-16,-23,3,31
MEM-2025-LOT7,M02,-15,-23,1,10
MEM-2025-LOT7,M02,-14,-23,1,10
MEM-2025-LOT7,M02,-13,-23,1,10
MEM-2025-LOT7,M02,-12,-23,1,10
MEM-2025-LOT7,M02,-11,-23,1,10
MEM-2025-LOT7,M02,-10,-23,1,10
MEM-2025-LOT7,M02,-9,-23,1,10
MEM-2025-LOT7,M02,-8,-23,1,10
MEM-2025-LOT7,M02,-7,-23,1,10
MEM-2025-LOT7,M02,-6,-23,1,10
MEM-2025-LOT7,M02,-5,-23,1,10
MEM-2025-LOT7,M02,-4,-23,2,22
MEM-2025-LOT7,M02,-3,-23,1,10
MEM-2025-LOT7,M02,-2,-23,1,10
MEM-2025-LOT7,M02,-1,-23,1,10
MEM-2025-LOT7,M02,0,-23,1,10
MEM-2025-LOT7,M02,1,-23,1,10
MEM-2025-LOT7,M02,2,-23,1,10
MEM-2025-LOT7,M02,3,-23,1,10
MEM-2025-LOT7,M02,4,-23,1,10
MEM-2025-LOT7,M02,5,-23,1,10
MEM-2025-LOT7,M02,6,-23,1,10
MEM-2025-LOT7,M02,7,-23,1,10
MEM-2025-LOT7,M02,8,-23,1,10
MEM-2025-LOT7,M02,9,-23,1,10
MEM-2025-LOT7,M02,10,-23,1,10
MEM-2025-LOT7,M02,11,-23,1,10
MEM-2025-LOT7,M02,12,-23,1,10
MEM-2025-LOT7,M02,13,-23,1,10
MEM-2025-LOT7,M02,14,-23,1,10
MEM-2025-LOT7,M02,15,-23,1,10
MEM-2025-LOT7,M02,16,-23,1,10
MEM-2025-LOT7,M02,17,-23,1,10
MEM-2025-LOT7,M02,18,-23,1,10
MEM-2025-LOT7,M02,19,-23,1,10
MEM-2025-LOT7,M02,20,-23,1,10
MEM-2025-LOT7,M02,21,-23,1,10
MEM-2025-LOT7,M02,22,-23,4,31
MEM-2025-LOT7,M02,23,-23,4,30
MEM-2025-LOT7,M02,24,-23,2,30
MEM-2025-LOT7,M02,25,-23,2,21
MEM-2025-LOT7,M02,26,-23,4,20
MEM-2025-LOT7,M02,27,-23,1,10
MEM-2025-LOT7,M02,28,-23,1,10
MEM-2025-LOT7,M02,-28,-22,1,10
MEM-2025-LOT7,M02,-27,-22,2,22
MEM-2025-LOT7,M02,-26,-22,2,22
MEM-2025-LOT7,M02,-25,-22,1,10
MEM-2025-LOT7,M02,-24,-22,3,22
MEM-2025-LOT7,M02,-23,-22,4,22
MEM-2025-LOT7,M02,-22,-22,1,10
MEM-2025-LOT7,M02,-21,-22,1,10
MEM-2025-LOT7,M02,-20,-22,1,10
MEM-2025-LOT7,M02,-19,-22,4,30
MEM-2025-LOT7,M02,-18,-22,1,10
MEM-2025-LOT7,M02,-17,-22,1,10
MEM-2025-LOT7,M02,-16,-22,1,10
MEM-2025-LOT7,M02,-15,-22,1,10
MEM-2025-LOT7,M02,-14,-22,1,10
MEM-2025-LOT7,M02,-13,-22,1,10
MEM-2025-LOT7,M02,-12,-22,1,10
MEM-2025-LOT7,M02,-11,-22,1,10
MEM-2025-LOT7,M02,-10,-22,1,10
MEM-2025-LOT7,M02,-9,-22,1,10
MEM-2025-LOT7,M02,-8,-22,1,10
MEM-2025-LOT7,M02,-7,-22,1,10
MEM-2025-LOT7,M02,-6,-22,1,10
MEM-2025-LOT7,M02,-5,-22,1,10
MEM-2025-LOT7,M02,-4,-22,1,10
MEM-2025-LOT7,M02,-3,-22,1,10
MEM-2025-LOT7,M02,-2,-22,1,10
MEM-2025-LOT7,M02,-1,-22,1,10
MEM-2025-LOT7,M02,0,-22,1,10
MEM-2025-LOT7,M02,1,-22,1,10
MEM-2025-LOT7,M02,2,-22,1,10
MEM-2025-LOT7,M02,3,-22,1,10
MEM-2025-LOT7,M02,4,-22,1,10
MEM-2025-LOT7,M02,5,-22,1,10
MEM-2025-LOT7,M02,6,-22,1,10
MEM-2025-LOT7,M02,7,-22,1,10
MEM-2025-LOT7,M02,8,-22,1,10
MEM-2025-LOT7,M02,9,-22,1,10
MEM-2025-LOT7,M02,10,-22,1,10
MEM-2025-LOT7,M02,11,-22,1,10
MEM-2025-LOT7,M02,12,-22,1,10
MEM-2025-LOT7,M02,13,-22,1,10
MEM-2025-LOT7,M02,14,-22,1,10
MEM-2025-LOT7,M02,15,-22,1,10
MEM-2025-LOT7,M02,16,-22,1,10
MEM-2025-LOT7,M02,17,-22,1,10
MEM-2025-LOT7,M02,18,-22,1,10
MEM-2025-LOT7,M02,19,-22,1,10
MEM-2025-LOT7,M02,20,-22,1,10
MEM-2025-LOT7,M02,21,-22,1,10
MEM-2025-LOT7,M02,22,-22,1,10
MEM-2025-LOT7,M02,23,-22,1,10
MEM-2025-LOT7,M02,24,-22,1,10
MEM-2025-LOT7,M02,25,-22,1,10
MEM-2025-LOT7,M02,26,-22,2,20
MEM-2025-LOT7,M02,27,-22,1,10
MEM-2025-LOT7,M02,28,-22,2,20
MEM-2025-LOT7,M02,-29,-21,2,21
MEM-2025-LOT7,M02,-28,-21,1,10
MEM-2025-LOT7,M02,-27,-21,1,10
MEM-2025-LOT7,M02,-26,-21,2,22
MEM-2025-LOT7,M02,-25,-21,4,21
MEM-2025-LOT7,M02,-24,-21,4,22
MEM-2025-LOT7,M02,-23,-21,1,10
MEM-2025-LOT7,M02,-22,-21,1,10
MEM-2025-LOT7,M02,-21,-21,1,10
MEM-2025-LOT7,M02,-20,-21,1,10
MEM-2025-LOT7,M02,-19,-21,1,10
MEM-2025-LOT7,M02,-18,-21,1,10
MEM-2025-LOT7,M02,-17,-21,1,10
MEM-2025-LOT7,M02,-16,-21,1,10
MEM-2025-LOT7,M02,-15,-21,1,10
MEM-2025-LOT7,M02,-14,-21,1,10
MEM-2025-LOT7,M02,-13,-21,1,10
MEM-2025-LOT7,M02,-12,-21,1,10
MEM-2025-LOT7,M02,-11,-21,1,10
MEM-2025-LOT7,M02,-10,-21,1,10
MEM-2025-LOT7,M02,-9,-21,3,31
MEM-2025-LOT7,M02,-8,-21,1,10
MEM-2025-LOT7,M02,-7,-21,1,10
MEM-2025-LOT7,M02,-6,-21,1,10
MEM-2025-LOT7,M02,-5,-21,1,10
MEM-2025-LOT7,M02,-4,-21,1,10
MEM-2025-LOT7,M02,-3,-21,1,10
MEM-2025-LOT7,M02,-2,-21,1,10
MEM-2025-LOT7,M02,-1,-21,1,10
MEM-2025-LOT7,M02,0,-21,1,10
MEM-2025-LOT7,M02,1,-21,1,10
MEM-2025-LOT7,M02,2,-21,1,10
MEM-2025-LOT7,M02,3,-21,1,10
MEM-2025-LOT7,M02,4,-21,1,10
MEM-2025-LOT7,M02,5,-21,1,10
MEM-2025-LOT7,M02,6,-21,1,10
MEM-2025-LOT7,M02,7,-21,1,10
MEM-2025-LOT7,M02,8,-21,1,10
MEM-2025-LOT7,M02,9,-21,1,10
MEM-2025-LOT7,M02,10,-21,1,10
MEM-2025-LOT7,M02,11,-21,1,10
MEM-2025-LOT7,M02,12,-21,1,10
MEM-2025-LOT7,M02,13,-21,1,10
MEM-2025-LOT7,M02,14,-21,1,10
MEM-2025-LOT7,M02,15,-21,1,10
MEM-2025-LOT7,M02,16,-21,1,10
MEM-2025-LOT7,M02,17,-21,1,10
MEM-2025-LOT7,M02,18,-21,1,10
MEM-2025-LOT7,M02,19,-21,1,10
MEM-2025-LOT7,M02,20,-21,1,10
MEM-2025-LOT7,M02,21,-21,1,10
MEM-2025-LOT7,M02,22,-21,1,10
MEM-2025-LOT7,M02,23,-21,2,30
MEM-2025-LOT7,M02,24,-21,4,30
MEM-2025-LOT7,M02,25,-21,2,22
MEM-2025-LOT7,M02,26,-21,3,31
MEM-2025-LOT7,M02,27,-21,2,20
MEM-2025-LOT7,M02,28,-21,4,31
MEM-2025-LOT7,M02,29,-21,1,10
MEM-2025-LOT7,M02,-29,-20,1,10
MEM-2025-LOT7,M02,-28,-20,1,10
MEM-2025-LOT7,M02,-27,-20,1,10
MEM-2025-LOT7,M02,-26,-20,2,20
MEM-2025-LOT7,M02,-25,-20,4,30
MEM-2025-LOT7,M02,-24,-20,1,10
MEM-2025-LOT7,M02,-23,-20,2,22
MEM-2025-LOT7,M02,-22,-20,1,10
MEM-2025-LOT7,M02,-21,-20,1,10
MEM-2025-LOT7,M02,-20,-20,1,10
MEM-2025-LOT7,M02,-19,-20,1,10
MEM-2025-LOT7,M02,-18,-20,1,10
MEM-2025-LOT7,M02,-17,-20,1,10
MEM-2025-LOT7,M02,-16,-20,1,10
MEM-2025-LOT7,M02,-15,-20,1,10
MEM-2025-LOT7,M02,-14,-20,1,10
MEM-2025-LOT7,M02,-13,-20,1,10
MEM-2025-LOT7,M02,-12,-20,1,10
MEM-2025-LOT7,M02,-11,-20,1,10
MEM-2025-LOT7,M02,-10,-20,1,10
MEM-2025-LOT7,M02,-9,-20,1,10
MEM-2025-LOT7,M02,-8,-20,1,10
MEM-2025-LOT7,M02,-7,-20,1,10
MEM-2025-LOT7,M02,-6,-20,1,10
MEM-2025-LOT7,M02,-5,-20,1,10
MEM-2025-LOT7,M02,-4,-20,1,10
MEM-2025-LOT7,M02,-3,-20,1,10
MEM-2025-LOT7,M02,-2,-20,1,10
MEM-2025-LOT7,M02,-1,-20,1,10
MEM-2025-LOT7,M02,0,-20,1,10
MEM-2025-LOT7,M02,1,-20,1,10
MEM-2025-LOT7,M02,2,-20,1,10
MEM-2025-LOT7,M02,3,-20,1,10
MEM-2025-LOT7,M02,4,-20,1,10
MEM-2025-LOT7,M02,5,-20,1,10
MEM-2025-LOT7,M02,6,-20,1,10
MEM-2025-LOT7,M02,7,-20,1,10
MEM-2025-LOT7,M02,8,-20,1,10
MEM-2025-LOT7,M02,9,-20,1,10
MEM-2025-LOT7,M02,10,-20,1,10
MEM-2025-LOT7,M02,11,-20,1,10
MEM-2025-LOT7,M02,12,-20,1,10
MEM-2025-LOT7,M02,13,-20,1,10
MEM-2025-LOT7,M02,14,-20,1,10
MEM-2025-LOT7,M02,15,-20,1,10
MEM-2025-LOT7,M02,16,-20,1,10
MEM-2025-LOT7,M02,17,-20,1,10
MEM-2025-LOT7,M02,18,-20,1,10
MEM-2025-LOT7,M02,19,-20,1,10
MEM-2025-LOT7,M02,20,-20,1,10
MEM-2025-LOT7,M02,21,-20,1,10
MEM-2025-LOT7,M02,22,-20,1,10
MEM-2025-LOT7,M02,23,-20,4,22
MEM-2025-LOT7,M02,24,-20,2,30
MEM-2025-LOT7,M02,25,-20,3,31
MEM-2025-LOT7,M02,26,-20,1,10
MEM-2025-LOT7,M02,27,-20,1,10
MEM-2025-LOT7,M02,28,-20,1,10
MEM-2025-LOT7,M02,29,-20,1,10
MEM-2025-LOT7,M02,-29,-19,2,21
MEM-2025-LOT7,M02,-28,-19,1,10
MEM-2025-LOT7,M02,-27,-19,2,22
MEM-2025-LOT7,M02,-26,-19,1,10
MEM-2025-LOT7,M02,-25,-19,2,20
MEM-2025-LOT7,M02,-24,-19,3,31
MEM-2025-LOT7,M02,-23,-19,1,10
MEM-2025-LOT7,M02,-22,-19,1,10
MEM-2025-LOT7,M02,-21,-19,1,10
MEM-2025-LOT7,M02,-20,-19,1,10
MEM-2025-LOT7,M02,-19,-19,4,22
MEM-2025-LOT7,M02,-18,-19,1,10
MEM-2025-LOT7,M02,-17,-19,1,10
MEM-2025-LOT7,M02,-16,-19,1,10
MEM-2025-LOT7,M02,-15,-19,1,10
MEM-2025-LOT7,M02,-14,-19,1,10
MEM-2025-LOT7,M02,-13,-19,1,10
MEM-2025-LOT7,M02,-12,-19,1,10
MEM-2025-LOT7,M02,-11,-19,1,10
MEM-2025-LOT7,M02,-10,-19,1,10
MEM-2025-LOT7,M02,-9,-19,1,10
MEM-2025-LOT7,M02,-8,-19,1,10
MEM-2025-LOT7,M02,-7,-19,1,10
MEM-2025-LOT7,M02,-6,-19,1,10
MEM-2025-LOT7,M02,-5,-19,1,10
MEM-2025-LOT7,M02,-4,-19,1,10
MEM-2025-LOT7,M02,-3,-19,1,10
MEM-2025-LOT7,M02,-2,-19,1,10
MEM-2025-LOT7,M02,-1,-19,1,10
MEM-2025-LOT7,M02,0,-19,1,10
MEM-2025-LOT7,M02,1,-19,1,10
MEM-2025-LOT7,M02,2,-19,1,10
MEM-2025-LOT7,M02,3,-19,1,10
MEM-2025-LOT7,M02,4,-19,1,10
MEM-2025-LOT7,M02,5,-19,1,10
MEM-2025-LOT7,M02,6,-19,1,10
MEM-2025-LOT7,M02,7,-19,1,10
MEM-2025-LOT7,M02,8,-19,1,10
MEM-2025-LOT7,M02,9,-19,1,10
MEM-2025-LOT7,M02,10,-19,1,10
MEM-2025-LOT7,M02,11,-19,1,10
MEM-2025-LOT7,M02,12,-19,1,10
MEM-2025-LOT7,M02,13,-19,1,10
MEM-2025-LOT7,M02,14,-19,1,10
MEM-2025-LOT7,M02,15,-19,1,10
MEM-2025-LOT7,M02,16,-19,1,10
MEM-2025-LOT7,M02,17,-19,1,10
MEM-2025-LOT7,M02,18,-19,1,10
MEM-2025-LOT7,M02,19,-19,1,10
MEM-2025-LOT7,M02,20,-19,1,10
MEM-2025-LOT7,M02,21,-19,1,10
MEM-2025-LOT7,M02,22,-19,1,10
MEM-2025-LOT7,M02,23,-19,1,10
MEM-2025-LOT7,M02,24,-19,4,30
MEM-2025-LOT7,M02,25,-19,1,10
MEM-2025-LOT7,M02,26,-19,1,10
MEM-2025-LOT7,M02,27,-19,1,10
MEM-2025-LOT7,M02,28,-19,1,10
MEM-2025-LOT7,M02,29,-19,4,31
MEM-2025-LOT7,M02,-30,-18,2,20
MEM-2025-LOT7,M02,-29,-18,2,22
MEM-2025-LOT7,M02,-28,-18,1,10
MEM-2025-LOT7,M02,-27,-18,3,20
MEM-2025-LOT7,M02,-26,-18,1,10
MEM-2025-LOT7,M02,-25,-18,1,10
MEM-2025-LOT7,M02,-24,-18,2,31
MEM-2025-LOT7,M02,-23,-18,1,10
MEM-2025-LOT7,M02,-22,-18,1,10
MEM-2025-LOT7,M02,-21,-18,1,10
MEM-2025-LOT7,M02,-20,-18,1,10
MEM-2025-LOT7,M02,-19,-18,1,10
MEM-2025-LOT7,M02,-18,-18,1,10
MEM-2025-LOT7,M02,-17,-18,1,10
MEM-2025-LOT7,M02,-16,-18,1,10
MEM-2025-LOT7,M02,-15,-18,1,10
MEM-2025-LOT7,M02,-14,-18,1,10
MEM-2025-LOT7,M02,-13,-18,1,10
MEM-2025-LOT7,M02,-12,-18,1,10
MEM-2025-LOT7,M02,-11,-18,1,10
MEM-2025-LOT7,M02,-10,-18,1,10
MEM-2025-LOT7,M02,-9,-18,1,10
MEM-2025-LOT7,M02,-8,-18,1,10
MEM-2025-LOT7,M02,-7,-18,1,10
MEM-2025-LOT7,M02,-6,-18,1,10
MEM-2025-LOT7,M02,-5,-18,1,10
MEM-2025-LOT7,M02,-4,-18,1,10
MEM-2025-LOT7,M02,-3,-18,1,10
MEM-2025-LOT7,M02,-2,-18,1,10
MEM-2025-LOT7,M02,-1,-18,3,31
MEM-2025-LOT7,M02,0,-18,1,10
MEM-2025-LOT7,M02,1,-18,1,10
MEM-2025-LOT7,M02,2,-18,1,10
MEM-2025-LOT7,M02,3,-18,1,10
MEM-2025-LOT7,M02,4,-18,1,10
MEM-2025-LOT7,M02,5,-18,1,10
MEM-2025-LOT7,M02,6,-18,1,10
MEM-2025-LOT7,M02,7,-18,1,10
MEM-2025-LOT7,M02,8,-18,1,10
MEM-2025-LOT7,M02,9,-18,1,10
MEM-2025-LOT7,M02,10,-18,1,10
MEM-2025-LOT7,M02,11,-18,1,10
MEM-2025-LOT7,M02,12,-18,1,10
MEM-2025-LOT7,M02,13,-18,1,10
MEM-2025-LOT7,M02,14,-18,1,10
MEM-2025-LOT7,M02,15,-18,1,10
MEM-2025-LOT7,M02,16,-18,1,10
MEM-2025-LOT7,M02,17,-18,1,10
MEM-2025-LOT7,M02,18,-18,1,10
MEM-2025-LOT7,M02,19,-18,1,10
MEM-2025-LOT7,M02,20,-18,1,10
MEM-2025-LOT7,M02,21,-18,1,10
MEM-2025-LOT7,M02,22,-18,1,10
MEM-2025-LOT7,M02,23,-18,1,10
MEM-2025-LOT7,M02,24,-18,1,10
MEM-2025-LOT7,M02,25,-18,2,31
MEM-2025-LOT7,M02,26,-18,1,10
MEM-2025-LOT7,M02,27,-18,1,10
MEM-2025-LOT7,M02,28,-18,2,30
MEM-2025-LOT7,M02,29,-18,1,10
MEM-2025-LOT7,M02,30,-18,1,10
MEM-2025-LOT7,M02,-30,-17,1,10
MEM-2025-LOT7,M02,-29,-17,3,22
MEM-2025-LOT7,M02,-28,-17,2,31
MEM-2025-LOT7,M02,-27,-17,2,31
MEM-2025-LOT7,M02,-26,-17,4,21
MEM-2025-LOT7,M02,-25,-17,4,22
MEM-2025-LOT7,M02,-24,-17,1,10
MEM-2025-LOT7,M02,-23,-17,1,10
MEM-2025-LOT7,M02,-22,-17,1,10
MEM-2025-LOT7,M02,-21,-17,1,10
MEM-2025-LOT7,M02,-20,-17,1,10
MEM-2025-LOT7,M02,-19,-17,1,10
MEM-2025-LOT7,M02,-18,-17,1,10
MEM-2025-LOT7,M02,-17,-17,1,10
MEM-2025-LOT7,M02,-16,-17,2,30
MEM-2025-LOT7,M02,-15,-17,1,10
MEM-2025-LOT7,M02,-14,-17,1,10
MEM-2025-LOT7,M02,-13,-17,1,10
MEM-2025-LOT7,M02,-12,-17,1,10
MEM-2025-LOT7,M02,-11,-17,1,10
MEM-2025-LOT7,M02,-10,-17,1,10
MEM-2025-LOT7,M02,-9,-17,1,10
MEM-2025-LOT7,M02,-8,-17,1,10
MEM-2025-LOT7,M02,-7,-17,1,10
MEM-2025-LOT7,M02,-6,-17,1,10
MEM-2025-LOT7,M02,-5,-17,1,10
MEM-2025-LOT7,M02,-4,-17,1,10
MEM-2025-LOT7,M02,-3,-17,1,10
MEM-2025-LOT7,M02,-2,-17,1,10
MEM-2025-LOT7,M02,-1,-17,1,10
MEM-2025-LOT7,M02,0,-17,1,10
MEM-2025-LOT7,M02,1,-17,1,10
MEM-2025-LOT7,M02,2,-17,1,10
MEM-2025-LOT7,M02,3,-17,1,10
MEM-2025-LOT7,M02,4,-17,1,10
MEM-2025-LOT7,M02,5,-17,1,10
MEM-2025-LOT7,M02,6,-17,1,10
MEM-2025-LOT7,M02,7,-17,1,10
MEM-2025-LOT7,M02,8,-17,1,10
MEM-2025-LOT7,M02,9,-17,1,10
MEM-2025-LOT7,M02,10,-17,1,10
MEM-2025-LOT7,M02,11,-17,1,10
MEM-2025-LOT7,M02,12,-17,1,10
MEM-2025-LOT7,M02,13,-17,1,10
MEM-2025-LOT7,M02,14,-17,1,10
MEM-2025-LOT7,M02,15,-17,1,10
MEM-2025-LOT7,M02,16,-17,1,10
MEM-2025-LOT7,M02,17,-17,1,10
MEM-2025-LOT7,M02,18,-17,1,10
MEM-2025-LOT7,M02,19,-17,1,10
MEM-2025-LOT7,M02,20,-17,1,10
MEM-2025-LOT7,M02,21,-17,1,10
MEM-2025-LOT7,M02,22,-17,1,10
MEM-2025-LOT7,M02,23,-17,1,10
MEM-2025-LOT7,M02,24,-17,1,10
MEM-2025-LOT7,M02,25,-17,1,10
MEM-2025-LOT7,M02,26,-17,4,20
MEM-2025-LOT7,M02,27,-17,1,10
MEM-2025-LOT7,M02,28,-17,1,10
MEM-2025-LOT7,M02,29,-17,3,31
MEM-2025-LOT7,M02,30,-17,4,31
MEM-2025-LOT7,M02,-30,-16,2,21
MEM-2025-LOT7,M02,-29,-16,1,10
MEM-2025-LOT7,M02,-28,-16,1,10
MEM-2025-LOT7,M02,-27,-16,2,20
MEM-2025-LOT7,M02,-26,-16,3,31
MEM-2025-LOT7,M02,-25,-16,4,31
MEM-2025-LOT7,M02,-24,-16,1,10
MEM-2025-LOT7,M02,-23,-16,1,10
MEM-2025-LOT7,M02,-22,-16,1,10
MEM-2025-LOT7,M02,-21,-16,1,10
MEM-2025-LOT7,M02,-20,-16,1,10
MEM-2025-LOT7,M02,-19,-16,1,10
MEM-2025-LOT7,M02,-18,-16,1,10
MEM-2025-LOT7,M02,-17,-16,1,10
MEM-2025-LOT7,M02,-16,-16,1,10
MEM-2025-LOT7,M02,-15,-16,1,10
MEM-2025-LOT7,M02,-14,-16,1,10
MEM-2025-LOT7,M02,-13,-16,1,10
MEM-2025-LOT7,M02,-12,-16,1,10
MEM-2025-LOT7,M02,-11,-16,1,10
MEM-2025-LOT7,M02,-10,-16,1,10
MEM-2025-LOT7,M02,-9,-16,1,10
MEM-2025-LOT7,M02,-8,-16,1,10
MEM-2025-LOT7,M02,-7,-16,1,10
MEM-2025-LOT7,M02,-6,-16,1,10
MEM-2025-LOT7,M02,-5,-16,1,10
MEM-2025-LOT7,M02,-4,-16,1,10
MEM-2025-LOT7,M02,-3,-16,1,10
MEM-2025-LOT7,M02,-2,-16,1,10
MEM-2025-LOT7,M02,-1,-16,1,10
MEM-2025-LOT7,M02,0,-16,1,10
MEM-2025-LOT7,M02,1,-16,1,10
MEM-2025-LOT7,M02,2,-16,1,10
MEM-2025-LOT7,M02,3,-16,1,10
MEM-2025-LOT7,M02,4,-16,1,10
MEM-2025-LOT7,M02,5,-16,1,10
MEM-2025-LOT7,M02,6,-16,1,10
MEM-2025-LOT7,M02,7,-16,1,10
MEM-2025-LOT7,M02,8,-16,1,10
MEM-2025-LOT7,M02,9,-16,1,10
MEM-2025-LOT7,M02,10,-16,1,10
MEM-2025-LOT7,M02,11,-16,1,10
MEM-2025-LOT7,M02,12,-16,1,10
MEM-2025-LOT7,M02,13,-16,1,10
MEM-2025-LOT7,M02,14,-16,1,10
MEM-2025-LOT7,M02,15,-16,1,10
MEM-2025-LOT7,M02,16,-16,1,10
MEM-2025-LOT7,M02,17,-16,4,21
MEM-2025-LOT7,M02,18,-16,1,10
MEM-2025-LOT7,M02,19,-16,1,10
MEM-2025-LOT7,M02,20,-16,1,10
MEM-2025-LOT7,M02,21,-16,1,10
MEM-2025-LOT7,M02,22,-16,1,10
MEM-2025-LOT7,M02,23,-16,1,10
MEM-2025-LOT7,M02,24,-16,1,10
MEM-2025-LOT7,M02,25,-16,3,20
MEM-2025-LOT7,M02,26,-16,1,10
MEM-2025-LOT7,M02,27,-16,1,10
MEM-2025-LOT7,M02,28,-16,4,20
MEM-2025-LOT7,M02,29,-16,2,21
MEM-2025-LOT7,M02,30,-16,1,10
MEM-2025-LOT7,M02,-30,-15,2,21
MEM-2025-LOT7,M02,-29,-15,2,20
MEM-2025-LOT7,M02,-28,-15,1,10
MEM-2025-LOT7,M02,-27,-15,2,22
MEM-2025-LOT7,M02,-26,-15,2,21
MEM-2025-LOT7,M02,-25,-15,2,20
MEM-2025-LOT7,M02,-24,-15,1,10
MEM-2025-LOT7,M02,-23,-15,1,10
MEM-2025-LOT7,M02,-22,-15,1,10
MEM-2025-LOT7,M02,-21,-15,1,10
MEM-2025-LOT7,M02,-20,-15,1,10
MEM-2025-LOT7,M02,-19,-15,1,10
MEM-2025-LOT7,M02,-18,-15,1,10
MEM-2025-LOT7,M02,-17,-15,1,10
MEM-2025-LOT7,M02,-16,-15,1,10
MEM-2025-LOT7,M02,-15,-15,1,10
MEM-2025-LOT7,M02,-14,-15,4,20
MEM-2025-LOT7,M02,-13,-15,1,10
MEM-2025-LOT7,M02,-12,-15,1,10
MEM-2025-LOT7,M02,-11,-15,1,10
MEM-2025-LOT7,M02,-10,-15,1,10
MEM-2025-LOT7,M02,-9,-15,1,10
MEM-2025-LOT7,M02,-8,-15,1,10
MEM-2025-LOT7,M02,-7,-15,1,10
MEM-2025-LOT7,M02,-6,-15,1,10
MEM-2025-LOT7,M02,-5,-15,1,10
MEM-2025-LOT7,M02,-4,-15,1,10
MEM-2025-LOT7,M02,-3,-15,1,10
MEM-2025-LOT7,M02,-2,-15,1,10
MEM-2025-LOT7,M02,-1,-15,1,10
MEM-2025-LOT7,M02,0,-15,1,10
MEM-2025-LOT7,M02,1,-15,1,10
MEM-2025-LOT7,M02,2,-15,1,10
MEM-2025-LOT7,M02,3,-15,1,10
MEM-2025-LOT7,M02,4,-15,1,10
MEM-2025-LOT7,M02,5,-15,1,10
MEM-2025-LOT7,M02,6,-15,1,10
MEM-2025-LOT7,M02,7,-15,1,10
MEM-2025-LOT7,M02,8,-15,1,10
MEM-2025-LOT7,M02,9,-15,1,10
MEM-2025-LOT7,M02,10,-15,1,10
MEM-2025-LOT7,M02,11,-15,1,10
MEM-2025-LOT7,M02,12,-15,1,10
MEM-2025-LOT7,M02,13,-15,1,10
MEM-2025-LOT7,M02,14,-15,1,10
MEM-2025-LOT7,M02,15,-15,3,30
MEM-2025-LOT7,M02,16,-15,1,10
MEM-2025-LOT7,M02,17,-15,1,10
MEM-2025-LOT7,M02,18,-15,1,10
MEM-2025-LOT7,M02,19,-15,1,10
MEM-2025-LOT7,M02,20,-15,1,10
MEM-2025-LOT7,M02,21,-15,1,10
MEM-2025-LOT7,M02,22,-15,1,10
MEM-2025-LOT7,M02,23,-15,2,31
MEM-2025-LOT7,M02,24,-15,1,10
MEM-2025-LOT7,M02,25,-15,1,10
MEM-2025-LOT7,M02,26,-15,1,10
MEM-2025-LOT7,M02,27,-15,2,30
MEM-2025-LOT7,M02,28,-15,1,10
MEM-2025-LOT7,M02,29,-15,1,10
MEM-2025-LOT7,M02,30,-15,3,21
MEM-2025-LOT7,M02,-30,-14,1,10
MEM-2025-LOT7,M02,-29,-14,4,21
MEM-2025-LOT7,M02,-28,-14,4,30
MEM-2025-LOT7,M02,-27,-14,2,31
MEM-2025-LOT7,M02,-26,-14,1,10
MEM-2025-LOT7,M02,-25,-14,4,22
MEM-2025-LOT7,M02,-24,-14,1,10
MEM-2025-LOT7,M02,-23,-14,1,10
MEM-2025-LOT7,M02,-22,-14,1,10
MEM-2025-LOT7,M02,-21,-14,1,10
MEM-2025-LOT7,M02,-20,-14,1,10
MEM-2025-LOT7,M02,-19,-14,1,10
MEM-2025-LOT7,M02,-18,-14,1,10
MEM-2025-LOT7,M02,-17,-14,1,10
MEM-2025-LOT7,M02,-16,-14,1,10
MEM-2025-LOT7,M02,-15,-14,1,10
MEM-2025-LOT7,M02,-14,-14,1,10
MEM-2025-LOT7,M02,-13,-14,1,10
MEM-2025-LOT7,M02,-12,-14,1,10
MEM-2025-LOT7,M02,-11,-14,1,10
MEM-2025-LOT7,M02,-10,-14,2,20
MEM-2025-LOT7,M02,-9,-14,1,10
MEM-2025-LOT7,M02,-8,-14,1,10
MEM-2025-LOT7,M02,-7,-14,1,10
MEM-2025-LOT7,M02,-6,-14,1,10
MEM-2025-LOT7,M02,-5,-14,1,10
MEM-2025-LOT7,M02,-4,-14,1,10
MEM-2025-LOT7,M02,-3,-14,1,10
MEM-2025-LOT7,M02,-2,-14,1,10
MEM-2025-LOT7,M02,-1,-14,1,10
MEM-2025-LOT7,M02,0,-14,1,10
MEM-2025-LOT7,M02,1,-14,1,10
MEM-2025-LOT7,M02,2,-14,1,10
MEM-2025-LOT7,M02,3,-14,1,10
MEM-2025-LOT7,M02,4,-14,1,10
MEM-2025-LOT7,M02,5,-14,1,10
MEM-2025-LOT7,M02,6,-14,1,10
MEM-2025-LOT7,M02,7,-14,1,10
MEM-2025-LOT7,M02,8,-14,1,10
MEM-2025-LOT7,M02,9,-14,1,10
MEM-2025-LOT7,M02,10,-14,1,10
MEM-2025-LOT7,M02,11,-14,1,10
MEM-2025-LOT7,M02,12,-14,1,10
MEM-2025-LOT7,M02,13,-14,1,10
MEM-2025-LOT7,M02,14,-14,1,10
MEM-2025-LOT7,M02,15,-14,2,31
MEM-2025-LOT7,M02,16,-14,1,10
MEM-2025-LOT7,M02,17,-14,1,10
MEM-2025-LOT7,M02,18,-14,1,10
MEM-2025-LOT7,M02,19,-14,1,10
MEM-2025-LOT7,M02,20,-14,1,10
MEM-2025-LOT7,M02,21,-14,1,10
MEM-2025-LOT7,M02,22,-14,3,31
MEM-2025-LOT7,M02,23,-14,1,10
MEM-2025-LOT7,M02,24,-14,1,10
MEM-2025-LOT7,M02,25,-14,2,22
MEM-2025-LOT7,M02,26,-14,2,22
MEM-2025-LOT7,M02,27,-14,4,21
MEM-2025-LOT7,M02,28,-14,2,20
MEM-2025-LOT7,M02,29,-14,4,30
MEM-2025-LOT7,M02,30,-14,1,10
MEM-2025-LOT7,M02,-31,-13,1,10
MEM-2025-LOT7,M02,-30,-13,3,21
MEM-2025-LOT7,M02,-29,-13,1,10
MEM-2025-LOT7,M02,-28,-13,1,10
MEM-2025-LOT7,M02,-27,-13,2,20
MEM-2025-LOT7,M02,-26,-13,1,10
MEM-2025-LOT7,M02,-25,-13,3,21
MEM-2025-LOT7,M02,-24,-13,1,10
MEM-2025-LOT7,M02,-23,-13,1,10
MEM-2025-LOT7,M02,-22,-13,1,10
MEM-2025-LOT7,M02,-21,-13,1,10
MEM-2025-LOT7,M02,-20,-13,1,10
MEM-2025-LOT7,M02,-19,-13,1,10
MEM-2025-LOT7,M02,-18,-13,1,10
MEM-2025-LOT7,M02,-17,-13,1,10
MEM-2025-LOT7,M02,-16,-13,1,10
MEM-2025-LOT7,M02,-15,-13,1,10
MEM-2025-LOT7,M02,-14,-13,1,10
MEM-2025-LOT7,M02,-13,-13,1,10
MEM-2025-LOT7,M02,-12,-13,1,10
MEM-2025-LOT7,M02,-11,-13,1,10
MEM-2025-LOT7,M02,-10,-13,1,10
MEM-2025-LOT7,M02,-9,-13,1,10
MEM-2025-LOT7,M02,-8,-13,1,10
MEM-2025-LOT7,M02,-7,-13,1,10
MEM-2025-LOT7,M02,-6,-13,1,10
MEM-2025-LOT7,M02,-5,-13,1,10
MEM-2025-LOT7,M02,-4,-13,1,10
MEM-2025-LOT7,M02,-3,-13,1,10
MEM-2025-LOT7,M02,-2,-13,1,10
MEM-2025-LOT7,M02,-1,-13,1,10
MEM-2025-LOT7,M02,0,-13,1,10
MEM-2025-LOT7,M02,1,-13,1,10
MEM-2025-LOT7,M02,2,-13,1,10
MEM-2025-LOT7,M02,3,-13,1,10
MEM-2025-LOT7,M02,4,-13,1,10
MEM-2025-LOT7,M02,5,-13,1,10
MEM-2025-LOT7,M02,6,-13,1,10
MEM-2025-LOT7,M02,7,-13,1,10
MEM-2025-LOT7,M02,8,-13,1,10
MEM-2025-LOT7,M02,9,-13,1,10
MEM-2025-LOT7,M02,10,-13,1,10
MEM-2025-LOT7,M02,11,-13,1,10
MEM-2025-LOT7,M02,12,-13,1,10
MEM-2025-LOT7,M02,13,-13,1,10
MEM-2025-LOT7,M02,14,-13,1,10
MEM-2025-LOT7,M02,15,-13,1,10
MEM-2025-LOT7,M02,16,-13,1,10
MEM-2025-LOT7,M02,17,-13,1,10
MEM-2025-LOT7,M02,18,-13,1,10
MEM-2025-LOT7,M02,19,-13,1,10
MEM-2025-LOT7,M02,20,-13,1,10
MEM-2025-LOT7,M02,21,-13,1,10
MEM-2025-LOT7,M02,22,-13,1,10
MEM-2025-LOT7,M02,23,-13,1,10
MEM-2025-LOT7,M02,24,-13,1,10
MEM-2025-LOT7,M02,25,-13,2,30
MEM-2025-LOT7,M02,26,-13,3,20
MEM-2025-LOT7,M02,27,-13,3,22
MEM-2025-LOT7,M02,28,-13,4,30
MEM-2025-LOT7,M02,29,-13,1,10
MEM-2025-LOT7,M02,30,-13,1,10
MEM-2025-LOT7,M02,31,-13,2,22
MEM-2025-LOT7,M02,-31,-12,1,10
MEM-2025-LOT7,M02,-30,-12,4,30
MEM-2025-LOT7,M02,-29,-12,2,20
MEM-2025-LOT7,M02,-28,-12,2,20
MEM-2025-LOT7,M02,-27,-12,1,10
MEM-2025-LOT7,M02,-26,-12,2,20
MEM-2025-LOT7,M02,-25,-12,1,10
MEM-2025-LOT7,M02,-24,-12,1,10
MEM-2025-LOT7,M02,-23,-12,1,10
MEM-2025-LOT7,M02,-22,-12,1,10
MEM-2025-LOT7,M02,-21,-12,1,10
MEM-2025-LOT7,M02,-20,-12,1,10
MEM-2025-LOT7,M02,-19,-12,1,10
MEM-2025-LOT7,M02,-18,-12,1,10
MEM-2025-LOT7,M02,-17,-12,1,10
MEM-2025-LOT7,M02,-16,-12,1,10
MEM-2025-LOT7,M02,-15,-12,1,10
MEM-2025-LOT7,M02,-14,-12,1,10
MEM-2025-LOT7,M02,-13,-12,1,10
MEM-2025-LOT7,M02,-12,-12,1,10
MEM-2025-LOT7,M02,-11,-12,1,10
MEM-2025-LOT7,M02,-10,-12,1,10
MEM-2025-LOT7,M02,-9,-12,1,10
MEM-2025-LOT7,M02,-8,-12,1,10
MEM-2025-LOT7,M02,-7,-12,1,10
MEM-2025-LOT7,M02,-6,-12,1,10
MEM-2025-LOT7,M02,-5,-12,1,10
MEM-2025-LOT7,M02,-4,-12,1,10
MEM-2025-LOT7,M02,-3,-12,1,10
MEM-2025-LOT7,M02,-2,-12,1,10
MEM-2025-LOT7,M02,-1,-12,1,10
MEM-2025-LOT7,M02,0,-12,1,10
MEM-2025-LOT7,M02,1,-12,1,10
MEM-2025-LOT7,M02,2,-12,1,10
MEM-2025-LOT7,M02,3,-12,1,10
MEM-2025-LOT7,M02,4,-12,1,10
MEM-2025-LOT7,M02,5,-12,2,22
MEM-2025-LOT7,M02,6,-12,1,10
MEM-2025-LOT7,M02,7,-12,1,10
MEM-2025-LOT7,M02,8,-12,1,10
MEM-2025-LOT7,M02,9,-12,1,10
MEM-2025-LOT7,M02,10,-12,1,10
MEM-2025-LOT7,M02,11,-12,1,10
MEM-2025-LOT7,M02,12,-12,1,10
MEM-2025-LOT7,M02,13,-12,2,22
MEM-2025-LOT7,M02,14,-12,1,10
MEM-2025-LOT7,M02,15,-12,1,10
MEM-2025-LOT7,M02,16,-12,1,10
MEM-2025-LOT7,M02,17,-12,1,10
MEM-2025-LOT7,M02,18,-12,1,10
MEM-2025-LOT7,M02,19,-12,1,10
MEM-2025-LOT7,M02,20,-12,1,10
MEM-2025-LOT7,M02,21,-12,1,10
MEM-2025-LOT7,M02,22,-12,1,10
MEM-2025-LOT7,M02,23,-12,1,10
MEM-2025-LOT7,M02,24,-12,1,10
MEM-2025-LOT7,M02,25,-12,1,10
MEM-2025-LOT7,M02,26,-12,1,10
MEM-2025-LOT7,M02,27,-12,1,10
MEM-2025-LOT7,M02,28,-12,1,10
MEM-2025-LOT7,M02,29,-12,1,10
MEM-2025-LOT7,M02,30,-12,1,10
MEM-2025-LOT7,M02,31,-12,2,21
MEM-2025-LOT7,M02,-31,-11,1,10
MEM-2025-LOT7,M02,-30,-11,1,10
MEM-2025-LOT7,M02,-29,-11,1,10
MEM-2025-LOT7,M02,-28,-11,2,22
MEM-2025-LOT7,M02,-27,-11,1,10
MEM-2025-LOT7,M02,-26,-11,1,10
MEM-2025-LOT7,M02,-25,-11,1,10
MEM-2025-LOT7,M02,-24,-11,1,10
MEM-2025-LOT7,M02,-23,-11,1,10
MEM-2025-LOT7,M02,-22,-11,1,10
MEM-2025-LOT7,M02,-21,-11,1,10
MEM-2025-LOT7,M02,-20,-11,1,10
MEM-2025-LOT7,M02,-19,-11,1,10
MEM-2025-LOT7,M02,-18,-11,1,10
MEM-2025-LOT7,M02,-17,-11,1,10
MEM-2025-LOT7,M02,-16,-11,1,10
MEM-2025-LOT7,M02,-15,-11,1,10
MEM-2025-LOT7,M02,-14,-11,1,10
MEM-2025-LOT7,M02,-13,-11,1,10
MEM-2025-LOT7,M02,-12,-11,1,10
MEM-2025-LOT7,M02,-11,-11,1,10
MEM-2025-LOT7,M02,-10,-11,1,10
MEM-2025-LOT7,M02,-9,-11,1,10
MEM-2025-LOT7,M02,-8,-11,1,10
MEM-2025-LOT7,M02,-7,-11,1,10
MEM-2025-LOT7,M02,-6,-11,1,10
MEM-2025-LOT7,M02,-5,-11,1,10
MEM-2025-LOT7,M02,-4,-11,2,30
MEM-2025-LOT7,M02,-3,-11,1,10
MEM-2025-LOT7,M02,-2,-11,1,10
MEM-2025-LOT7,M02,-1,-11,1,10
MEM-2025-LOT7,M02,0,-11,1,10
MEM-2025-LOT7,M02,1,-11,1,10
MEM-2025-LOT7,M02,2,-11,1,10
MEM-2025-LOT7,M02,3,-11,1,10
MEM-2025-LOT7,M02,4,-11,1,10
MEM-2025-LOT7,M02,5,-11,1,10
MEM-2025-LOT7,M02,6,-11,1,10
MEM-2025-LOT7,M02,7,-11,1,10
MEM-2025-LOT7,M02,8,-11,1,10
MEM-2025-LOT7,M02,9,-11,1,10
MEM-2025-LOT7,M02,10,-11,1,10
MEM-2025-LOT7,M02,11,-11,1,10
MEM-2025-LOT7,M02,12,-11,1,10
MEM-2025-LOT7,M02,13,-11,1,10
MEM-2025-LOT7,M02,14,-11,1,10
MEM-2025-LOT7,M02,15,-11,1,10
MEM-2025-LOT7,M02,16,-11,1,10
MEM-2025-LOT7,M02,17,-11,1,10
MEM-2025-LOT7,M02,18,-11,1,10
MEM-2025-LOT7,M02,19,-11,1,10
MEM-2025-LOT7,M02,20,-11,1,10
MEM-2025-LOT7,M02,21,-11,1,10
MEM-2025-LOT7,M02,22,-11,1,10
MEM-2025-LOT7,M02,23,-11,1,10
MEM-2025-LOT7,M02,24,-11,1,10
MEM-2025-LOT7,M02,25,-11,1,10
MEM-2025-LOT7,M02,26,-11,1,10
MEM-2025-LOT7,M02,27,-11,2,30
MEM-2025-LOT7,M02,28,-11,1,10
MEM-2025-LOT7,M02,29,-11,2,30
MEM-2025-LOT7,M02,30,-11,1,10
MEM-2025-LOT7,M02,31,-11,3,20
MEM-2025-LOT7,M02,-31,-10,2,30
MEM-2025-LOT7,M02,-30,-10,1,10
MEM-2025-LOT7,M02,-29,-10,3,22
MEM-2025-LOT7,M02,-28,-10,1,10
MEM-2025-LOT7,M02,-27,-10,1,10
MEM-2025-LOT7,M02,-26,-10,2,21
MEM-2025-LOT7,M02,-25,-10,1,10
MEM-2025-LOT7,M02,-24,-10,2,20
MEM-2025-LOT7,M02,-23,-10,1,10
MEM-2025-LOT7,M02,-22,-10,1,10
MEM-2025-LOT7,M02,-21,-10,1,10
MEM-2025-LOT7,M02,-20,-10,1,10
MEM-2025-LOT7,M02,-19,-10,1,10
MEM-2025-LOT7,M02,-18,-10,1,10
MEM-2025-LOT7,M02,-17,-10,1,10
MEM-2025-LOT7,M02,-16,-10,1,10
MEM-2025-LOT7,M02,-15,-10,1,10
MEM-2025-LOT7,M02,-14,-10,1,10
MEM-2025-LOT7,M02,-13,-10,1,10
MEM-2025-LOT7,M02,-12,-10,2,20
MEM-2025-LOT7,M02,-11,-10,1,10
MEM-2025-LOT7,M02,-10,-10,1,10
MEM-2025-LOT7,M02,-9,-10,1,10
MEM-2025-LOT7,M02,-8,-10,1,10
MEM-2025-LOT7,M02,-7,-10,1,10
MEM-2025-LOT7,M02,-6,-10,1,10
MEM-2025-LOT7,M02,-5,-10,1,10
MEM-2025-LOT7,M02,-4,-10,1,10
MEM-2025-LOT7,M02,-3,-10,1,10
MEM-2025-LOT7,M02,-2,-10,1,10
MEM-2025-LOT7,M02,-1,-10,1,10
MEM-2025-LOT7,M02,0,-10,1,10
MEM-2025-LOT7,M02,1,-10,1,10
MEM-2025-LOT7,M02,2,-10,1,10
MEM-2025-LOT7,M02,3,-10,1,10
MEM-2025-LOT7,M02,4,-10,1,10
MEM-2025-LOT7,M02,5,-10,1,10
MEM-2025-LOT7,M02,6,-10,1,10
MEM-2025-LOT7,M02,7,-10,1,10
MEM-2025-LOT7,M02,8,-10,1,10
MEM-2025-LOT7,M02,9,-10,1,10
MEM-2025-LOT7,M02,10,-10,1,10
MEM-2025-LOT7,M02,11,-10,1,10
MEM-2025-LOT7,M02,12,-10,1,10
MEM-2025-LOT7,M02,13,-10,1,10
MEM-2025-LOT7,M02,14,-10,1,10
MEM-2025-LOT7,M02,15,-10,1,10
MEM-2025-LOT7,M02,16,-10,1,10
MEM-2025-LOT7,M02,17,-10,1,10
MEM-2025-LOT7,M02,18,-10,1,10
MEM-2025-LOT7,M02,19,-10,1,10
MEM-2025-LOT7,M02,20,-10,1,10
MEM-2025-LOT7,M02,21,-10,1,10
MEM-2025-LOT7,M02,22,-10,1,10
MEM-2025-LOT7,M02,23,-10,1,10
MEM-2025-LOT7,M02,24,-10,1,10
MEM-2025-LOT7,M02,25,-10,2,20
MEM-2025-LOT7,M02,26,-10,2,21
MEM-2025-LOT7,M02,27,-10,1,10
MEM-2025-LOT7,M02,28,-10,4,31
MEM-2025-LOT7,M02,29,-10,1,10
MEM-2025-LOT7,M02,30,-10,1,10
MEM-2025-LOT7,M02,31,-10,1,10
MEM-2025-LOT7,M02,-31,-9,1,10
MEM-2025-LOT7,M02,-30,-9,1,10
MEM-2025-LOT7,M02,-29,-9,2,21
MEM-2025-LOT7,M02,-28,-9,1,10
MEM-2025-LOT7,M02,-27,-9,2,31
MEM-2025-LOT7,M02,-26,-9,2,31
MEM-2025-LOT7,M02,-25,-9,1,10
MEM-2025-LOT7,M02,-24,-9,1,10
MEM-2025-LOT7,M02,-23,-9,1,10
MEM-2025-LOT7,M02,-22,-9,1,10
MEM-2025-LOT7,M02,-21,-9,1,10
MEM-2025-LOT7,M02,-20,-9,1,10
MEM-2025-LOT7,M02,-19,-9,1,10
MEM-2025-LOT7,M02,-18,-9,1,10
MEM-2025-LOT7,M02,-17,-9,1,10
MEM-2025-LOT7,M02,-16,-9,1,10
MEM-2025-LOT7,M02,-15,-9,1,10
MEM-2025-LOT7,M02,-14,-9,1,10
MEM-2025-LOT7,M02,-13,-9,1,10
MEM-2025-LOT7,M02,-12,-9,1,10
MEM-2025-LOT7,M02,-11,-9,1,10
MEM-2025-LOT7,M02,-10,-9,4,30
MEM-2025-LOT7,M02,-9,-9,1,10
MEM-2025-LOT7,M02,-8,-9,1,10
MEM-2025-LOT7,M02,-7,-9,1,10
MEM-2025-LOT7,M02,-6,-9,1,10
MEM-2025-LOT7,M02,-5,-9,1,10
MEM-2025-LOT7,M02,-4,-9,1,10
MEM-2025-LOT7,M02,-3,-9,1,10
MEM-2025-LOT7,M02,-2,-9,4,22
MEM-2025-LOT7,M02,-1,-9,1,10
MEM-2025-LOT7,M02,0,-9,1,10
MEM-2025-LOT7,M02,1,-9,1,10
MEM-2025-LOT7,M02,2,-9,1,10
MEM-2025-LOT7,M02,3,-9,1,10
MEM-2025-LOT7,M02,4,-9,1,10
MEM-2025-LOT7,M02,5,-9,1,10
MEM-2025-LOT7,M02,6,-9,1,10
MEM-2025-LOT7,M02,7,-9,1,10
MEM-2025-LOT7,M02,8,-9,1,10
MEM-2025-LOT7,M02,9,-9,1,10
MEM-2025-LOT7,M02,10,-9,1,10
MEM-2025-LOT7,M02,11,-9,1,10
MEM-2025-LOT7,M02,12,-9,1,10
MEM-2025-LOT7,M02,13,-9,1,10
MEM-2025-LOT7,M02,14,-9,3,20
MEM-2025-LOT7,M02,15,-9,1,10
MEM-2025-LOT7,M02,16,-9,1,10
MEM-2025-LOT7,M02,17,-9,1,10
MEM-2025-LOT7,M02,18,-9,1,10
MEM-2025-LOT7,M02,19,-9,1,10
MEM-2025-LOT7,M02,20,-9,1,10
MEM-2025-LOT7,M02,21,-9,1,10
MEM-2025-LOT7,M02,22,-9,1,10
MEM-2025-LOT7,M02,23,-9,1,10
MEM-2025-LOT7,M02,24,-9,1,10
MEM-2025-LOT7,M02,25,-9,1,10
MEM-2025-LOT7,M02,26,-9,2,20
MEM-2025-LOT7,M02,27,-9,2,31
MEM-2025-LOT7,M02,28,-9,4,22
MEM-2025-LOT7,M02,29,-9,2,30
MEM-2025-LOT7,M02,30,-9,1,10
MEM-2025-LOT7,M02,31,-9,4,21
MEM-2025-LOT7,M02,-31,-8,1,10
MEM-2025-LOT7,M02,-30,-8,2,22
MEM-2025-LOT7,M02,-29,-8,1,10
MEM-2025-LOT7,M02,-28,-8,2,22
MEM-2025-LOT7,M02,-27,-8,4,31
MEM-2025-LOT7,M02,-26,-8,2,20
MEM-2025-LOT7,M02,-25,-8,1,10
MEM-2025-LOT7,M02,-24,-8,1,10
MEM-2025-LOT7,M02,-23,-8,1,10
MEM-2025-LOT7,M02,-22,-8,1,10
MEM-2025-LOT7,M02,-21,-8,1,10
MEM-2025-LOT7,M02,-20,-8,1,10
MEM-2025-LOT7,M02,-19,-8,1,10
MEM-2025-LOT7,M02,-18,-8,1,10
MEM-2025-LOT7,M02,-17,-8,1,10
MEM-2025-LOT7,M02,-16,-8,1,10
MEM-2025-LOT7,M02,-15,-8,1,10
MEM-2025-LOT7,M02,-14,-8,1,10
MEM-2025-LOT7,M02,-13,-8,1,10
MEM-2025-LOT7,M02,-12,-8,1,10
MEM-2025-LOT7,M02,-11,-8,1,10
MEM-2025-LOT7,M02,-10,-8,4,22
MEM-2025-LOT7,M02,-9,-8,1,10
MEM-2025-LOT7,M02,-8,-8,1,10
MEM-2025-LOT7,M02,-7,-8,1,10
MEM-2025-LOT7,M02,-6,-8,1,10
MEM-2025-LOT7,M02,-5,-8,1,10
MEM-2025-LOT7,M02,-4,-8,1,10
MEM-2025-LOT7,M02,-3,-8,1,10
MEM-2025-LOT7,M02,-2,-8,1,10
MEM-2025-LOT7,M02,-1,-8,2,20
MEM-2025-LOT7,M02,0,-8,1,10
MEM-2025-LOT7,M02,1,-8,1,10
MEM-2025-LOT7,M02,2,-8,1,10
MEM-2025-LOT7,M02,3,-8,1,10
MEM-2025-LOT7,M02,4,-8,1,10
MEM-2025-LOT7,M02,5,-8,1,10
MEM-2025-LOT7,M02,6,-8,1,10
MEM-2025-LOT7,M02,7,-8,1,10
MEM-2025-LOT7,M02,8,-8,1,10
MEM-2025-LOT7,M02,9,-8,1,10
MEM-2025-LOT7,M02,10,-8,1,10
MEM-2025-LOT7,M02,11,-8,1,10
MEM-2025-LOT7,M02,12,-8,1,10
MEM-2025-LOT7,M02,13,-8,1,10
MEM-2025-LOT7,M02,14,-8,1,10
MEM-2025-LOT7,M02,15,-8,1,10
MEM-2025-LOT7,M02,16,-8,1,10
MEM-2025-LOT7,M02,17,-8,1,10
MEM-2025-LOT7,M02,18,-8,1,10
MEM-2025-LOT7,M02,19,-8,1,10
MEM-2025-LOT7,M02,20,-8,1,10
MEM-2025-LOT7,M02,21,-8,2,22
MEM-2025-LOT7,M02,22,-8,1,10
MEM-2025-LOT7,M02,23,-8,1,10
MEM-2025-LOT7,M02,24,-8,1,10
MEM-2025-LOT7,M02,25,-8,1,10
MEM-2025-LOT7,M02,26,-8,1,10
MEM-2025-LOT7,M02,27,-8,2,20
MEM-2025-LOT7,M02,28,-8,1,10
MEM-2025-LOT7,M02,29,-8,1,10
MEM-2025-LOT7,M02,30,-8,3,22
MEM-2025-LOT7,M02,31,-8,1,10
MEM-2025-LOT7,M02,-31,-7,2,21
MEM-2025-LOT7,M02,-30,-7,1,10
MEM-2025-LOT7,M02,-29,-7,2,30
MEM-2025-LOT7,M02,-28,-7,4,21
MEM-2025-LOT7,M02,-27,-7,1,10
MEM-2025-LOT7,M02,-26,-7,1,10
MEM-2025-LOT7,M02,-25,-7,1,10
MEM-2025-LOT7,M02,-24,-7,1,10
MEM-2025-LOT7,M02,-23,-7,1,10
MEM-2025-LOT7,M02,-22,-7,1,10
MEM-2025-LOT7,M02,-21,-7,1,10
MEM-2025-LOT7,M02,-20,-7,1,10
MEM-2025-LOT7,M02,-19,-7,1,10
MEM-2025-LOT7,M02,-18,-7,1,10
MEM-2025-LOT7,M02,-17,-7,1,10
MEM-2025-LOT7,M02,-16,-7,1,10
MEM-2025-LOT7,M02,-15,-7,1,10
MEM-2025-LOT7,M02,-14,-7,1,10
MEM-2025-LOT7,M02,-13,-7,1,10
MEM-2025-LOT7,M02,-12,-7,1,10
MEM-2025-LOT7,M02,-11,-7,1,10
MEM-2025-LOT7,M02,-10,-7,1,10
MEM-2025-LOT7,M02,-9,-7,1,10
MEM-2025-LOT7,M02,-8,-7,1,10
MEM-2025-LOT7,M02,-7,-7,1,10
MEM-2025-LOT7,M02,-6,-7,1,10
MEM-2025-LOT7,M02,-5,-7,1,10
MEM-2025-LOT7,M02,-4,-7,1,10
MEM-2025-LOT7,M02,-3,-7,1,10
MEM-2025-LOT7,M02,-2,-7,1,10
MEM-2025-LOT7,M02,-1,-7,1,10
MEM-2025-LOT7,M02,0,-7,1,10
MEM-2025-LOT7,M02,1,-7,1,10
MEM-2025-LOT7,M02,2,-7,1,10
MEM-2025-LOT7,M02,3,-7,1,10
MEM-2025-LOT7,M02,4,-7,1,10
MEM-2025-LOT7,M02,5,-7,1,10
MEM-2025-LOT7,M02,6,-7,1,10
MEM-2025-LOT7,M02,7,-7,1,10
MEM-2025-LOT7,M02,8,-7,1,10
MEM-2025-LOT7,M02,9,-7,1,10
MEM-2025-LOT7,M02,10,-7,1,10
MEM-2025-LOT7,M02,11,-7,1,10
MEM-2025-LOT7,M02,12,-7,1,10
MEM-2025-LOT7,M02,13,-7,1,10
MEM-2025-LOT7,M02,14,-7,1,10
MEM-2025-LOT7,M02,15,-7,1,10
MEM-2025-LOT7,M02,16,-7,1,10
MEM-2025-LOT7,M02,17,-7,1,10
MEM-2025-LOT7,M02,18,-7,2,20
MEM-2025-LOT7,M02,19,-7,3,21
MEM-2025-LOT7,M02,20,-7,1,10
MEM-2025-LOT7,M02,21,-7,1,10
MEM-2025-LOT7,M02,22,-7,1,10
MEM-2025-LOT7,M02,23,-7,1,10
MEM-2025-LOT7,M02,24,-7,1,10
MEM-2025-LOT7,M02,25,-7,1,10
MEM-2025-LOT7,M02,26,-7,3,22
MEM-2025-LOT7,M02,27,-7,2,31
MEM-2025-LOT7,M02,28,-7,2,21
MEM-2025-LOT7,M02,29,-7,1,10
MEM-2025-LOT7,M02,30,-7,2,31
MEM-2025-LOT7,M02,31,-7,1,10
MEM-2025-LOT7,M02,-32,-6,1,10
MEM-2025-LOT7,M02,-31,-6,2,21
MEM-2025-LOT7,M02,-30,-6,4,20
MEM-2025-LOT7,M02,-29,-6,2,31
MEM-2025-LOT7,M02,-28,-6,2,21
MEM-2025-LOT7,M02,-27,-6,1,10
MEM-2025-LOT7,M02,-26,-6,1,10
MEM-2025-LOT7,M02,-25,-6,1,10
MEM-2025-LOT7,M02,-24,-6,1,10
MEM-2025-LOT7,M02,-23,-6,1,10
MEM-2025-LOT7,M02,-22,-6,1,10
MEM-2025-LOT7,M02,-21,-6,1,10
MEM-2025-LOT7,M02,-20,-6,1,10
MEM-2025-LOT7,M02,-19,-6,1,10
MEM-2025-LOT7,M02,-18,-6,1,10
MEM-2025-LOT7,M02,-17,-6,1,10
MEM-2025-LOT7,M02,-16,-6,1,10
MEM-2025-LOT7,M02,-15,-6,1,10
MEM-2025-LOT7,M02,-14,-6,1,10
MEM-2025-LOT7,M02,-13,-6,1,10
MEM-2025-LOT7,M02,-12,-6,1,10
MEM-2025-LOT7,M02,-11,-6,1,10
MEM-2025-LOT7,M02,-10,-6,1,10
MEM-2025-LOT7,M02,-9,-6,1,10
MEM-2025-LOT7,M02,-8,-6,1,10
MEM-2025-LOT7,M02,-7,-6,1,10
MEM-2025-LOT7,M02,-6,-6,1,10
MEM-2025-LOT7,M02,-5,-6,1,10
MEM-2025-LOT7,M02,-4,-6,1,10
MEM-2025-LOT7,M02,-3,-6,1,10
MEM-2025-LOT7,M02,-2,-6,1,10
MEM-2025-LOT7,M02,-1,-6,1,10
MEM-2025-LOT7,M02,0,-6,1,10
MEM-2025-LOT7,M02,1,-6,1,10
MEM-2025-LOT7,M02,2,-6,1,10
MEM-2025-LOT7,M02,3,-6,1,10
MEM-2025-LOT7,M02,4,-6,1,10
MEM-2025-LOT7,M02,5,-6,1,10
MEM-2025-LOT7,M02,6,-6,1,10
MEM-2025-LOT7,M02,7,-6,1,10
MEM-2025-LOT7,M02,8,-6,3,30
MEM-2025-LOT7,M02,9,-6,1,10
MEM-2025-LOT7,M02,10,-6,1,10
MEM-2025-LOT7,M02,11,-6,1,10
MEM-2025-LOT7,M02,12,-6,1,10
MEM-2025-LOT7,M02,13,-6,1,10
MEM-2025-LOT7,M02,14,-6,1,10
MEM-2025-LOT7,M02,15,-6,1,10
MEM-2025-LOT7,M02,16,-6,1,10
MEM-2025-LOT7,M02,17,-6,1,10
MEM-2025-LOT7,M02,18,-6,1,10
MEM-2025-LOT7,M02,19,-6,1,10
MEM-2025-LOT7,M02,20,-6,1,10
MEM-2025-LOT7,M02,21,-6,1,10
MEM-2025-LOT7,M02,22,-6,1,10
MEM-2025-LOT7,M02,23,-6,1,10
MEM-2025-LOT7,M02,24,-6,1,10
MEM-2025-LOT7,M02,25,-6,3,31
MEM-2025-LOT7,M02,26,-6,1,10
MEM-2025-LOT7,M02,27,-6,2,31
MEM-2025-LOT7,M02,28,-6,2,21
MEM-2025-LOT7,M02,29,-6,1,10
MEM-2025-LOT7,M02,30,-6,4,22
MEM-2025-LOT7,M02,31,-6,1,10
MEM-2025-LOT7,M02,32,-6,1,10
MEM-2025-LOT7,M02,-32,-5,4,30
MEM-2025-LOT7,M02,-31,-5,1,10
MEM-2025-LOT7,M02,-30,-5,1,10
MEM-2025-LOT7,M02,-29,-5,1,10
MEM-2025-LOT7,M02,-28,-5,1,10
MEM-2025-LOT7,M02,-27,-5,2,31
MEM-2025-LOT7,M02,-26,-5,1,10
MEM-2025-LOT7,M02,-25,-5,1,10
MEM-2025-LOT7,M02,-24,-5,1,10
MEM-2025-LOT7,M02,-23,-5,1,10
MEM-2025-LOT7,M02,-22,-5,1,10
MEM-2025-LOT7,M02,-21,-5,1,10
MEM-2025-LOT7,M02,-20,-5,1,10
MEM-2025-LOT7,M02,-19,-5,1,10
MEM-2025-LOT7,M02,-18,-5,1,10
MEM-2025-LOT7,M02,-17,-5,1,10
MEM-2025-LOT7,M02,-16,-5,1,10
MEM-2025-LOT7,M02,-15,-5,1,10
MEM-2025-LOT7,M02,-14,-5,1,10
MEM-2025-LOT7,M02,-13,-5,1,10
MEM-2025-LOT7,M02,-12,-5,1,10
MEM-2025-LOT7,M02,-11,-5,1,10
MEM-2025-LOT7,M02,-10,-5,1,10
MEM-2025-LOT7,M02,-9,-5,1,10
MEM-2025-LOT7,M02,-8,-5,1,10
MEM-2025-LOT7,M02,-7,-5,1,10
MEM-2025-LOT7,M02,-6,-5,1,10
MEM-2025-LOT7,M02,-5,-5,1,10
MEM-2025-LOT7,M02,-4,-5,1,10
MEM-2025-LOT7,M02,-3,-5,1,10
MEM-2025-LOT7,M02,-2,-5,1,10
MEM-2025-LOT7,M02,-1,-5,1,10
MEM-2025-LOT7,M02,0,-5,1,10
MEM-2025-LOT7,M02,1,-5,1,10
MEM-2025-LOT7,M02,2,-5,1,10
MEM-2025-LOT7,M02,3,-5,1,10
MEM-2025-LOT7,M02,4,-5,1,10
MEM-2025-LOT7,M02,5,-5,1,10
MEM-2025-LOT7,M02,6,-5,1,10
MEM-2025-LOT7,M02,7,-5,1,10
MEM-2025-LOT7,M02,8,-5,1,10
MEM-2025-LOT7,M02,9,-5,1,10
MEM-2025-LOT7,M02,10,-5,1,10
MEM-2025-LOT7,M02,11,-5,1,10
MEM-2025-LOT7,M02,12,-5,1,10
MEM-2025-LOT7,M02,13,-5,1,10
MEM-2025-LOT7,M02,14,-5,1,10
MEM-2025-LOT7,M02,15,-5,1,10
MEM-2025-LOT7,M02,16,-5,1,10
MEM-2025-LOT7,M02,17,-5,1,10
MEM-2025-LOT7,M02,18,-5,1,10
MEM-2025-LOT7,M02,19,-5,1,10
MEM-2025-LOT7,M02,20,-5,1,10
MEM-2025-LOT7,M02,21,-5,1,10
MEM-2025-LOT7,M02,22,-5,1,10
MEM-2025-LOT7,M02,23,-5,1,10
MEM-2025-LOT7,M02,24,-5,1,10
MEM-2025-LOT7,M02,25,-5,1,10
MEM-2025-LOT7,M02,26,-5,1,10
MEM-2025-LOT7,M02,27,-5,1,10
MEM-2025-LOT7,M02,28,-5,1,10
MEM-2025-LOT7,M02,29,-5,3,31
MEM-2025-LOT7,M02,30,-5,1,10
MEM-2025-LOT7,M02,31,-5,1,10
MEM-2025-LOT7,M02,32,-5,1,10
MEM-2025-LOT7,M02,-32,-4,1,10
MEM-2025-LOT7,M02,-31,-4,2,31
MEM-2025-LOT7,M02,-30,-4,2,20
MEM-2025-LOT7,M02,-29,-4,1,10
MEM-2025-LOT7,M02,-28,-4,1,10
MEM-2025-LOT7,M02,-27,-4,4,22
MEM-2025-LOT7,M02,-26,-4,1,10
MEM-2025-LOT7,M02,-25,-4,1,10
MEM-2025-LOT7,M02,-24,-4,1,10
MEM-2025-LOT7,M02,-23,-4,4,22
MEM-2025-LOT7,M02,-22,-4,1,10
MEM-2025-LOT7,M02,-21,-4,1,10
MEM-2025-LOT7,M02,-20,-4,1,10
MEM-2025-LOT7,M02,-19,-4,1,10
MEM-2025-LOT7,M02,-18,-4,1,10
MEM-2025-LOT7,M02,-17,-4,1,10
MEM-2025-LOT7,M02,-16,-4,1,10
MEM-2025-LOT7,M02,-15,-4,1,10
MEM-2025-LOT7,M02,-14,-4,1,10
MEM-2025-LOT7,M02,-13,-4,1,10
MEM-2025-LOT7,M02,-12,-4,1,10
MEM-2025-LOT7,M02,-11,-4,1,10
MEM-2025-LOT7,M02,-10,-4,1,10
MEM-2025-LOT7,M02,-9,-4,1,10
MEM-2025-LOT7,M02,-8,-4,1,10
MEM-2025-LOT7,M02,-7,-4,1,10
MEM-2025-LOT7,M02,-6,-4,1,10
MEM-2025-LOT7,M02,-5,-4,1,10
MEM-2025-LOT7,M02,-4,-4,1,10
MEM-2025-LOT7,M02,-3,-4,1,10
MEM-2025-LOT7,M02,-2,-4,1,10
MEM-2025-LOT7,M02,-1,-4,1,10
MEM-2025-LOT7,M02,0,-4,1,10
MEM-2025-LOT7,M02,1,-4,1,10
MEM-2025-LOT7,M02,2,-4,1,10
MEM-2025-LOT7,M02,3,-4,1,10
MEM-2025-LOT7,M02,4,-4,1,10
MEM-2025-LOT7,M02,5,-4,1,10
MEM-2025-LOT7,M02,6,-4,1,10
MEM-2025-LOT7,M02,7,-4,1,10
MEM-2025-LOT7,M02,8,-4,1,10
MEM-2025-LOT7,M02,9,-4,1,10
MEM-2025-LOT7,M02,10,-4,1,10
MEM-2025-LOT7,M02,11,-4,1,10
MEM-2025-LOT7,M02,12,-4,1,10
MEM-2025-LOT7,M02,13,-4,1,10
MEM-2025-LOT7,M02,14,-4,1,10
MEM-2025-LOT7,M02,15,-4,1,10
MEM-2025-LOT7,M02,16,-4,1,10
MEM-2025-LOT7,M02,17,-4,1,10
MEM-2025-LOT7,M02,18,-4,1,10
MEM-2025-LOT7,M02,19,-4,1,10
MEM-2025-LOT7,M02,20,-4,1,10
MEM-2025-LOT7,M02,21,-4,1,10
MEM-2025-LOT7,M02,22,-4,1,10
MEM-2025-LOT7,M02,23,-4,1,10
MEM-2025-LOT7,M02,24,-4,1,10
MEM-2025-LOT7,M02,25,-4,1,10
MEM-2025-LOT7,M02,26,-4,3,22
MEM-2025-LOT7,M02,27,-4,1,10
MEM-2025-LOT7,M02,28,-4,2,31
MEM-2025-LOT7,M02,29,-4,1,10
MEM-2025-LOT7,M02,30,-4,2,31
MEM-2025-LOT7,M02,31,-4,2,30
MEM-2025-LOT7,M02,32,-4,2,21
MEM-2025-LOT7,M02,-32,-3,4,21
MEM-2025-LOT7,M02,-31,-3,1,10
MEM-2025-LOT7,M02,-30,-3,1,10
MEM-2025-LOT7,M02,-29,-3,1,10
MEM-2025-LOT7,M02,-28,-3,1,10
MEM-2025-LOT7,M02,-27,-3,1,10
MEM-2025-LOT7,M02,-26,-3,1,10
MEM-2025-LOT7,M02,-25,-3,1,10
MEM-2025-LOT7,M02,-24,-3,1,10
MEM-2025-LOT7,M02,-23,-3,1,10
MEM-2025-LOT7,M02,-22,-3,1,10
MEM-2025-LOT7,M02,-21,-3,1,10
MEM-2025-LOT7,M02,-20,-3,1,10
MEM-2025-LOT7,M02,-19,-3,1,10
MEM-2025-LOT7,M02,-18,-3,1,10
MEM-2025-LOT7,M02,-17,-3,1,10
MEM-2025-LOT7,M02,-16,-3,1,10
MEM-2025-LOT7,M02,-15,-3,1,10
MEM-2025-LOT7,M02,-14,-3,1,10
MEM-2025-LOT7,M02,-13,-3,1,10
MEM-2025-LOT7,M02,-12,-3,1,10
MEM-2025-LOT7,M02,-11,-3,1,10
MEM-2025-LOT7,M02,-10,-3,1,10
MEM-2025-LOT7,M02,-9,-3,1,10
MEM-2025-LOT7,M02,-8,-3,1,10
MEM-2025-LOT7,M02,-7,-3,1,10
MEM-2025-LOT7,M02,-6,-3,1,10
MEM-2025-LOT7,M02,-5,-3,1,10
MEM-2025-LOT7,M02,-4,-3,1,10
MEM-2025-LOT7,M02,-3,-3,1,10
MEM-2025-LOT7,M02,-2,-3,1,10
MEM-2025-LOT7,M02,-1,-3,1,10
MEM-2025-LOT7,M02,0,-3,1,10
MEM-2025-LOT7,M02,1,-3,1,10
MEM-2025-LOT7,M02,2,-3,1,10
MEM-2025-LOT7,M02,3,-3,1,10
MEM-2025-LOT7,M02,4,-3,1,10
MEM-2025-LOT7,M02,5,-3,1,10
MEM-2025-LOT7,M02,6,-3,1,10
MEM-2025-LOT7,M02,7,-3,1,10
MEM-2025-LOT7,M02,8,-3,1,10
MEM-2025-LOT7,M02,9,-3,1,10
MEM-2025-LOT7,M02,10,-3,1,10
MEM-2025-LOT7,M02,11,-3,1,10
MEM-2025-LOT7,M02,12,-3,1,10
MEM-2025-LOT7,M02,13,-3,1,10
MEM-2025-LOT7,M02,14,-3,1,10
MEM-2025-LOT7,M02,15,-3,1,10
MEM-2025-LOT7,M02,16,-3,1,10
MEM-2025-LOT7,M02,17,-3,1,10
MEM-2025-LOT7,M02,18,-3,1,10
MEM-2025-LOT7,M02,19,-3,1,10
MEM-2025-LOT7,M02,20,-3,1,10
MEM-2025-LOT7,M02,21,-3,1,10
MEM-2025-LOT7,M02,22,-3,2,30
MEM-2025-LOT7,M02,23,-3,1,10
MEM-2025-LOT7,M02,24,-3,1,10
MEM-2025-LOT7,M02,25,-3,1,10
MEM-2025-LOT7,M02,26,-3,1,10
MEM-2025-LOT7,M02,27,-3,2,21
MEM-2025-LOT7,M02,28,-3,1,10
MEM-2025-LOT7,M02,29,-3,1,10
MEM-2025-LOT7,M02,30,-3,2,31
MEM-2025-LOT7,M02,31,-3,4,20
MEM-2025-LOT7,M02,32,-3,1,10
MEM-2025-LOT7,M02,-32,-2,3,21
MEM-2025-LOT7,M02,-31,-2,2,20
MEM-2025-LOT7,M02,-30,-2,1,10
MEM-2025-LOT7,M02,-29,-2,2,22
MEM-2025-LOT7,M02,-28,-2,1,10
MEM-2025-LOT7,M02,-27,-2,2,30
MEM-2025-LOT7,M02,-26,-2,1,10
MEM-2025-LOT7,M02,-25,-2,1,10
MEM-2025-LOT7,M02,-24,-2,1,10
MEM-2025-LOT7,M02,-23,-2,1,10
MEM-2025-LOT7,M02,-22,-2,1,10
MEM-2025-LOT7,M02,-21,-2,1,10
MEM-2025-LOT7,M02,-20,-2,2,31
MEM-2025-LOT7,M02,-19,-2,1,10
MEM-2025-LOT7,M02,-18,-2,1,10
MEM-2025-LOT7,M02,-17,-2,4,30
MEM-2025-LOT7,M02,-16,-2,1,10
MEM-2025-LOT7,M02,-15,-2,1,10
MEM-2025-LOT7,M02,-14,-2,1,10
MEM-2025-LOT7,M02,-13,-2,1,10
MEM-2025-LOT7,M02,-12,-2,1,10
MEM-2025-LOT7,M02,-11,-2,1,10
MEM-2025-LOT7,M02,-10,-2,1,10
MEM-2025-LOT7,M02,-9,-2,1,10
MEM-2025-LOT7,M02,-8,-2,1,10
MEM-2025-LOT7,M02,-7,-2,1,10
MEM-2025-LOT7,M02,-6,-2,1,10
MEM-2025-LOT7,M02,-5,-2,1,10
MEM-2025-LOT7,M02,-4,-2,1,10
MEM-2025-LOT7,M02,-3,-2,1,10
MEM-2025-LOT7,M02,-2,-2,1,10
MEM-2025-LOT7,M02,-1,-2,1,10
MEM-2025-LOT7,M02,0,-2,1,10
MEM-2025-LOT7,M02,1,-2,1,10
MEM-2025-LOT7,M02,2,-2,1,10
MEM-2025-LOT7,M02,3,-2,1,10
MEM-2025-LOT7,M02,4,-2,1,10
MEM-2025-LOT7,M02,5,-2,1,10
MEM-2025-LOT7,M02,6,-2,1,10
MEM-2025-LOT7,M02,7,-2,1,10
MEM-2025-LOT7,M02,8,-2,1,10
MEM-2025-LOT7,M02,9,-2,1,10
MEM-2025-LOT7,M02,10,-2,1,10
MEM-2025-LOT7,M02,11,-2,1,10
MEM-2025-LOT7,M02,12,-2,1,10
MEM-2025-LOT7,M02,13,-2,2,31
MEM-2025-LOT7,M02,14,-2,1,10
MEM-2025-LOT7,M02,15,-2,1,10
MEM-2025-LOT7,M02,16,-2,1,10
MEM-2025-LOT7,M02,17,-2,1,10
MEM-2025-LOT7,M02,18,-2,1,10
MEM-2025-LOT7,M02,19,-2,1,10
MEM-2025-LOT7,M02,20,-2,1,10
MEM-2025-LOT7,M02,21,-2,1,10
MEM-2025-LOT7,M02,22,-2,1,10
MEM-2025-LOT7,M02,23,-2,1,10
MEM-2025-LOT7,M02,24,-2,1,10
MEM-2025-LOT7,M02,25,-2,1,10
MEM-2025-LOT7,M02,26,-2,3,22
MEM-2025-LOT7,M02,27,-2,1,10
MEM-2025-LOT7,M02,28,-2,1,10
MEM-2025-LOT7,M02,29,-2,1,10
MEM-2025-LOT7,M02,30,-2,2,30
MEM-2025-LOT7,M02,31,-2,4,30
MEM-2025-LOT7,M02,32,-2,4,30
MEM-2025-LOT7,M02,-32,-1,1,10
MEM-2025-LOT7,M02,-31,-1,2,31
MEM-2025-LOT7,M02,-30,-1,1,10
MEM-2025-LOT7,M02,-29,-1,4,20
MEM-2025-LOT7,M02,-28,-1,2,21
MEM-2025-LOT7,M02,-27,-1,2,21
MEM-2025-LOT7,M02,-26,-1,1,10
MEM-2025-LOT7,M02,-25,-1,1,10
MEM-2025-LOT7,M02,-24,-1,1,10
MEM-2025-LOT7,M02,-23,-1,1,10
MEM-2025-LOT7,M02,-22,-1,1,10
MEM-2025-LOT7,M02,-21,-1,1,10
MEM-2025-LOT7,M02,-20,-1,1,10
MEM-2025-LOT7,M02,-19,-1,1,10
MEM-2025-LOT7,M02,-18,-1,1,10
MEM-2025-LOT7,M02,-17,-1,1,10
MEM-2025-LOT7,M02,-16,-1,1,10
MEM-2025-LOT7,M02,-15,-1,1,10
MEM-2025-LOT7,M02,-14,-1,1,10
MEM-2025-LOT7,M02,-13,-1,1,10
MEM-2025-LOT7,M02,-12,-1,1,10
MEM-2025-LOT7,M02,-11,-1,1,10
MEM-2025-LOT7,M02,-10,-1,1,10
MEM-2025-LOT7,M02,-9,-1,1,10
MEM-2025-LOT7,M02,-8,-1,1,10
MEM-2025-LOT7,M02,-7,-1,1,10
MEM-2025-LOT7,M02,-6,-1,1,10
MEM-2025-LOT7,M02,-5,-1,1,10
MEM-2025-LOT7,M02,-4,-1,1,10
MEM-2025-LOT7,M02,-3,-1,1,10
MEM-2025-LOT7,M02,-2,-1,1,10
MEM-2025-LOT7,M02,-1,-1,1,10
MEM-2025-LOT7,M02,0,-1,1,10
MEM-2025-LOT7,M02,1,-1,1,10
MEM-2025-LOT7,M02,2,-1,1,10
MEM-2025-LOT7,M02,3,-1,1,10
MEM-2025-LOT7,M02,4,-1,1,10
MEM-2025-LOT7,M02,5,-1,1,10
MEM-2025-LOT7,M02,6,-1,1,10
MEM-2025-LOT7,M02,7,-1,1,10
MEM-2025-LOT7,M02,8,-1,1,10
MEM-2025-LOT7,M02,9,-1,1,10
MEM-2025-LOT7,M02,10,-1,1,10
MEM-2025-LOT7,M02,11,-1,1,10
MEM-2025-LOT7,M02,12,-1,1,10
MEM-2025-LOT7,M02,13,-1,1,10
MEM-2025-LOT7,M02,14,-1,1,10
MEM-2025-LOT7,M02,15,-1,3,20
MEM-2025-LOT7,M02,16,-1,1,10
MEM-2025-LOT7,M02,17,-1,1,10
MEM-2025-LOT7,M02,18,-1,1,10
MEM-2025-LOT7,M02,19,-1,1,10
MEM-2025-LOT7,M02,20,-1,1,10
MEM-2025-LOT7,M02,21,-1,1,10
MEM-2025-LOT7,M02,22,-1,1,10
MEM-2025-LOT7,M02,23,-1,1,10
MEM-2025-LOT7,M02,24,-1,1,10
MEM-2025-LOT7,M02,25,-1,1,10
MEM-2025-LOT7,M02,26,-1,1,10
MEM-2025-LOT7,M02,27,-1,2,22
MEM-2025-LOT7,M02,28,-1,4,21
MEM-2025-LOT7,M02,29,-1,1,10
MEM-2025-LOT7,M02,30,-1,1,10
MEM-2025-LOT7,M02,31,-1,1,10
MEM-2025-LOT7,M02,32,-1,2,30
MEM-2025-LOT7,M02,-32,0,1,10
MEM-2025-LOT7,M02,-31,0,1,10
MEM-2025-LOT7,M02,-30,0,1,10
MEM-2025-LOT7,M02,-29,0,1,10
MEM-2025-LOT7,M02,-28,0,4,22
MEM-2025-LOT7,M02,-27,0,4,31
MEM-2025-LOT7,M02,-26,0,1,10
MEM-2025-LOT7,M02,-25,0,1,10
MEM-2025-LOT7,M02,-24,0,3,22
MEM-2025-LOT7,M02,-23,0,1,10
MEM-2025-LOT7,M02,-22,0,1,10
MEM-2025-LOT7,M02,-21,0,1,10
MEM-2025-LOT7,M02,-20,0,1,10
MEM-2025-LOT7,M02,-19,0,1,10
MEM-2025-LOT7,M02,-18,0,1,10
MEM-2025-LOT7,M02,-17,0,1,10
MEM-2025-LOT7,M02,-16,0,1,10
MEM-2025-LOT7,M02,-15,0,1,10
MEM-2025-LOT7,M02,-14,0,1,10
MEM-2025-LOT7,M02,-13,0,1,10
MEM-2025-LOT7,M02,-12,0,1,10
MEM-2025-LOT7,M02,-11,0,1,10
MEM-2025-LOT7,M02,-10,0,1,10
MEM-2025-LOT7,M02,-9,0,1,10
MEM-2025-LOT7,M02,-8,0,1,10
MEM-2025-LOT7,M02,-7,0,1,10
MEM-2025-LOT7,M02,-6,0,1,10
MEM-2025-LOT7,M02,-5,0,1,10
MEM-2025-LOT7,M02,-4,0,1,10
MEM-2025-LOT7,M02,-3,0,1,10
MEM-2025-LOT7,M02,-2,0,1,10
MEM-2025-LOT7,M02,-1,0,1,10
MEM-2025-LOT7,M02,0,0,1,10
MEM-2025-LOT7,M02,1,0,1,10
MEM-2025-LOT7,M02,2,0,1,10
MEM-2025-LOT7,M02,3,0,1,10
MEM-2025-LOT7,M02,4,0,1,10
MEM-2025-LOT7,M02,5,0,1,10
MEM-2025-LOT7,M02,6,0,1,10
MEM-2025-LOT7,M02,7,0,1,10
MEM-2025-LOT7,M02,8,0,1,10
MEM-2025-LOT7,M02,9,0,1,10
MEM-2025-LOT7,M02,10,0,1,10
MEM-2025-LOT7,M02,11,0,1,10
MEM-2025-LOT7,M02,12,0,1,10
MEM-2025-LOT7,M02,13,0,1,10
MEM-2025-LOT7,M02,14,0,1,10
MEM-2025-LOT7,M02,15,0,3,31
MEM-2025-LOT7,M02,16,0,1,10
MEM-2025-LOT7,M02,17,0,1,10
MEM-2025-LOT7,M02,18,0,1,10
MEM-2025-LOT7,M02,19,0,1,10
MEM-2025-LOT7,M02,20,0,1,10
MEM-2025-LOT7,M02,21,0,1,10
MEM-2025-LOT7,M02,22,0,1,10
MEM-2025-LOT7,M02,23,0,1,10
MEM-2025-LOT7,M02,24,0,1,10
MEM-2025-LOT7,M02,25,0,1,10
MEM-2025-LOT7,M02,26,0,1,10
MEM-2025-LOT7,M02,27,0,1,10
MEM-2025-LOT7,M02,28,0,1,10
MEM-2025-LOT7,M02,29,0,1,10
MEM-2025-LOT7,M02,30,0,2,22
MEM-2025-LOT7,M02,31,0,1,10
MEM-2025-LOT7,M02,32,0,3,21
MEM-2025-LOT7,M02,-32,1,1,10
MEM-2025-LOT7,M02,-31,1,4,30
MEM-2025-LOT7,M02,-30,1,1,10
MEM-2025-LOT7,M02,-29,1,1,10
MEM-2025-LOT7,M02,-28,1,1,10
MEM-2025-LOT7,M02,-27,1,2,31
MEM-2025-LOT7,M02,-26,1,1,10
MEM-2025-LOT7,M02,-25,1,1,10
MEM-2025-LOT7,M02,-24,1,1,10
MEM-2025-LOT7,M02,-23,1,1,10
MEM-2025-LOT7,M02,-22,1,1,10
MEM-2025-LOT7,M02,-21,1,1,10
MEM-2025-LOT7,M02,-20,1,1,10
MEM-2025-LOT7,M02,-19,1,1,10
MEM-2025-LOT7,M02,-18,1,1,10
MEM-2025-LOT7,M02,-17,1,1,10
MEM-2025-LOT7,M02,-16,1,1,10
MEM-2025-LOT7,M02,-15,1,1,10
MEM-2025-LOT7,M02,-14,1,1,10
MEM-2025-LOT7,M02,-13,1,1,10
MEM-2025-LOT7,M02,-12,1,1,10
MEM-2025-LOT7,M02,-11,1,1,10
MEM-2025-LOT7,M02,-10,1,1,10
MEM-2025-LOT7,M02,-9,1,1,10
MEM-2025-LOT7,M02,-8,1,1,10
MEM-2025-LOT7,M02,-7,1,1,10
MEM-2025-LOT7,M02,-6,1,1,10
MEM-2025-LOT7,M02,-5,1,4,31
MEM-2025-LOT7,M02,-4,1,1,10
MEM-2025-LOT7,M02,-3,1,1,10
MEM-2025-LOT7,M02,-2,1,1,10
MEM-2025-LOT7,M02,-1,1,1,10
MEM-2025-LOT7,M02,0,1,1,10
MEM-2025-LOT7,M02,1,1,1,10
MEM-2025-LOT7,M02,2,1,1,10
MEM-2025-LOT7,M02,3,1,1,10
MEM-2025-LOT7,M02,4,1,1,10
MEM-2025-LOT7,M02,5,1,1,10
MEM-2025-LOT7,M02,6,1,1,10
MEM-2025-LOT7,M02,7,1,3,30
MEM-2025-LOT7,M02,8,1,3,20
MEM-2025-LOT7,M02,9,1,1,10
MEM-2025-LOT7,M02,10,1,2,31
MEM-2025-LOT7,M02,11,1,1,10
MEM-2025-LOT7,M02,12,1,1,10
MEM-2025-LOT7,M02,13,1,1,10
MEM-2025-LOT7,M02,14,1,1,10
MEM-2025-LOT7,M02,15,1,1,10
MEM-2025-LOT7,M02,16,1,1,10
MEM-2025-LOT7,M02,17,1,1,10
MEM-2025-LOT7,M02,18,1,1,10
MEM-2025-LOT7,M02,19,1,1,10
MEM-2025-LOT7,M02,20,1,1,10
MEM-2025-LOT7,M02,21,1,1,10
MEM-2025-LOT7,M02,22,1,1,10
MEM-2025-LOT7,M02,23,1,4,21
MEM-2025-LOT7,M02,24,1,1,10
MEM-2025-LOT7,M02,25,1,1,10
MEM-2025-LOT7,M02,26,1,1,10
MEM-2025-LOT7,M02,27,1,2,21
MEM-2025-LOT7,M02,28,1,4,20
MEM-2025-LOT7,M02,29,1,2,21
MEM-2025-LOT7,M02,30,1,1,10
MEM-2025-LOT7,M02,31,1,1,10
MEM-2025-LOT7,M02,32,1,1,10
MEM-2025-LOT7,M02,-32,2,1,10
MEM-2025-LOT7,M02,-31,2,1,10
MEM-2025-LOT7,M02,-30,2,1,10
MEM-2025-LOT7,M02,-29,2,1,10
MEM-2025-LOT7,M02,-28,2,4,21
MEM-2025-LOT7,M02,-27,2,1,10
MEM-2025-LOT7,M02,-26,2,1,10
MEM-2025-LOT7,M02,-25,2,1,10
MEM-2025-LOT7,M02,-24,2,1,10
MEM-2025-LOT7,M02,-23,2,1,10
MEM-2025-LOT7,M02,-22,2,1,10
MEM-2025-LOT7,M02,-21,2,1,10
MEM-2025-LOT7,M02,-20,2,1,10
MEM-2025-LOT7,M02,-19,2,3,22
MEM-2025-LOT7,M02,-18,2,1,10
MEM-2025-LOT7,M02,-17,2,1,10
MEM-2025-LOT7,M02,-16,2,1,10
MEM-2025-LOT7,M02,-15,2,1,10
MEM-2025-LOT7,M02,-14,2,1,10
MEM-2025-LOT7,M02,-13,2,1,10
MEM-2025-LOT7,M02,-12,2,1,10
MEM-2025-LOT7,M02,-11,2,1,10
MEM-2025-LOT7,M02,-10,2,1,10
MEM-2025-LOT7,M02,-9,2,1,10
MEM-2025-LOT7,M02,-8,2,1,10
MEM-2025-LOT7,M02,-7,2,1,10
MEM-2025-LOT7,M02,-6,2,1,10
MEM-2025-LOT7,M02,-5,2,1,10
MEM-2025-LOT7,M02,-4,2,1,10
MEM-2025-LOT7,M02,-3,2,1,10
MEM-2025-LOT7,M02,-2,2,1,10
MEM-2025-LOT7,M02,-1,2,1,10
MEM-2025-LOT7,M02,0,2,1,10
MEM-2025-LOT7,M02,1,2,1,10
MEM-2025-LOT7,M02,2,2,1,10
MEM-2025-LOT7,M02,3,2,1,10
MEM-2025-LOT7,M02,4,2,1,10
MEM-2025-LOT7,M02,5,2,1,10
MEM-2025-LOT7,M02,6,2,1,10
MEM-2025-LOT7,M02,7,2,1,10
MEM-2025-LOT7,M02,8,2,1,10
MEM-2025-LOT7,M02,9,2,1,10
MEM-2025-LOT7,M02,10,2,1,10
MEM-2025-LOT7,M02,11,2,1,10
MEM-2025-LOT7,M02,12,2,1,10
MEM-2025-LOT7,M02,13,2,1,10
MEM-2025-LOT7,M02,14,2,1,10
MEM-2025-LOT7,M02,15,2,1,10
MEM-2025-LOT7,M02,16,2,1,10
MEM-2025-LOT7,M02,17,2,1,10
MEM-2025-LOT7,M02,18,2,1,10
MEM-2025-LOT7,M02,19,2,1,10
MEM-2025-LOT7,M02,20,2,1,10
MEM-2025-LOT7,M02,21,2,1,10
MEM-2025-LOT7,M02,22,2,1,10
MEM-2025-LOT7,M02,23,2,1,10
MEM-2025-LOT7,M02,24,2,1,10
MEM-2025-LOT7,M02,25,2,1,10
MEM-2025-LOT7,M02,26,2,1,10
MEM-2025-LOT7,M02,27,2,2,22
MEM-2025-LOT7,M02,28,2,1,10
MEM-2025-LOT7,M02,29,2,2,21
MEM-2025-LOT7,M02,30,2,2,22
MEM-2025-LOT7,M02,31,2,1,10
MEM-2025-LOT7,M02,32,2,2,22
MEM-2025-LOT7,M02,-32,3,3,22
MEM-2025-LOT7,M02,-31,3,3,30
MEM-2025-LOT7,M02,-30,3,2,30
MEM-2025-LOT7,M02,-29,3,2,31
MEM-2025-LOT7,M02,-28,3,1,10
MEM-2025-LOT7,M02,-27,3,3,30
MEM-2025-LOT7,M02,-26,3,1,10
MEM-2025-LOT7,M02,-25,3,1,10
MEM-2025-LOT7,M02,-24,3,1,10
MEM-2025-LOT7,M02,-23,3,1,10
MEM-2025-LOT7,M02,-22,3,1,10
MEM-2025-LOT7,M02,-21,3,1,10
MEM-2025-LOT7,M02,-20,3,1,10
MEM-2025-LOT7,M02,-19,3,1,10
MEM-2025-LOT7,M02,-18,3,1,10
MEM-2025-LOT7,M02,-17,3,1,10
MEM-2025-LOT7,M02,-16,3,1,10
MEM-2025-LOT7,M02,-15,3,1,10
MEM-2025-LOT7,M02,-14,3,1,10
MEM-2025-LOT7,M02,-13,3,1,10
MEM-2025-LOT7,M02,-12,3,1,10
MEM-2025-LOT7,M02,-11,3,1,10
MEM-2025-LOT7,M02,-10,3,1,10
MEM-2025-LOT7,M02,-9,3,1,10
MEM-2025-LOT7,M02,-8,3,1,10
MEM-2025-LOT7,M02,-7,3,1,10
MEM-2025-LOT7,M02,-6,3,1,10
MEM-2025-LOT7,M02,-5,3,1,10
MEM-2025-LOT7,M02,-4,3,2,31
MEM-2025-LOT7,M02,-3,3,1,10
MEM-2025-LOT7,M02,-2,3,1,10
MEM-2025-LOT7,M02,-1,3,1,10
MEM-2025-LOT7,M02,0,3,1,10
MEM-2025-LOT7,M02,1,3,1,10
MEM-2025-LOT7,M02,2,3,1,10
MEM-2025-LOT7,M02,3,3,1,10
MEM-2025-LOT7,M02,4,3,1,10
MEM-2025-LOT7,M02,5,3,1,10
MEM-2025-LOT7,M02,6,3,1,10
MEM-2025-LOT7,M02,7,3,1,10
MEM-2025-LOT7,M02,8,3,1,10
MEM-2025-LOT7,M02,9,3,1,10
MEM-2025-LOT7,M02,10,3,1,10
MEM-2025-LOT7,M02,11,3,1,10
MEM-2025-LOT7,M02,12,3,1,10
MEM-2025-LOT7,M02,13,3,1,10
MEM-2025-LOT7,M02,14,3,1,10
MEM-2025-LOT7,M02,15,3,1,10
MEM-2025-LOT7,M02,16,3,1,10
MEM-2025-LOT7,M02,17,3,1,10
MEM-2025-LOT7,M02,18,3,1,10
MEM-2025-LOT7,M02,19,3,1,10
MEM-2025-LOT7,M02,20,3,1,10
MEM-2025-LOT7,M02,21,3,1,10
MEM-2025-LOT7,M02,22,3,1,10
MEM-2025-LOT7,M02,23,3,1,10
MEM-2025-LOT7,M02,24,3,1,10
MEM-2025-LOT7,M02,25,3,1,10
MEM-2025-LOT7,M02,26,3,1,10
MEM-2025-LOT7,M02,27,3,1,10
MEM-2025-LOT7,M02,28,3,1,10
MEM-2025-LOT7,M02,29,3,2,30
MEM-2025-LOT7,M02,30,3,1,10
MEM-2025-LOT7,M02,31,3,3,31
MEM-2025-LOT7,M02,32,3,1,10
MEM-2025-LOT7,M02,-32,4,2,22
MEM-2025-LOT7,M02,-31,4,1,10
MEM-2025-LOT7,M02,-30,4,1,10
MEM-2025-LOT7,M02,-29,4,2,31
MEM-2025-LOT7,M02,-28,4,2,31
MEM-2025-LOT7,M02,-27,4,1,10
MEM-2025-LOT7,M02,-26,4,1,10
MEM-2025-LOT7,M02,-25,4,1,10
MEM-2025-LOT7,M02,-24,4,2,22
MEM-2025-LOT7,M02,-23,4,1,10
MEM-2025-LOT7,M02,-22,4,1,10
MEM-2025-LOT7,M02,-21,4,1,10
MEM-2025-LOT7,M02,-20,4,1,10
MEM-2025-LOT7,M02,-19,4,1,10
MEM-2025-LOT7,M02,-18,4,1,10
MEM-2025-LOT7,M02,-17,4,1,10
MEM-2025-LOT7,M02,-16,4,1,10
MEM-2025-LOT7,M02,-15,4,1,10
MEM-2025-LOT7,M02,-14,4,1,10
MEM-2025-LOT7,M02,-13,4,1,10
MEM-2025-LOT7,M02,-12,4,1,10
MEM-2025-LOT7,M02,-11,4,1,10
MEM-2025-LOT7,M02,-10,4,1,10
MEM-2025-LOT7,M02,-9,4,1,10
MEM-2025-LOT7,M02,-8,4,1,10
MEM-2025-LOT7,M02,-7,4,1,10
MEM-2025-LOT7,M02,-6,4,1,10
MEM-2025-LOT7,M02,-5,4,1,10
MEM-2025-LOT7,M02,-4,4,1,10
MEM-2025-LOT7,M02,-3,4,1,10
MEM-2025-LOT7,M02,-2,4,1,10
MEM-2025-LOT7,M02,-1,4,1,10
MEM-2025-LOT7,M02,0,4,1,10
MEM-2025-LOT7,M02,1,4,1,10
MEM-2025-LOT7,M02,2,4,1,10
MEM-2025-LOT7,M02,3,4,1,10
MEM-2025-LOT7,M02,4,4,1,10
MEM-2025-LOT7,M02,5,4,1,10
MEM-2025-LOT7,M02,6,4,1,10
MEM-2025-LOT7,M02,7,4,1,10
MEM-2025-LOT7,M02,8,4,1,10
MEM-2025-LOT7,M02,9,4,1,10
MEM-2025-LOT7,M02,10,4,1,10
MEM-2025-LOT7,M02,11,4,1,10
MEM-2025-LOT7,M02,12,4,1,10
MEM-2025-LOT7,M02,13,4,1,10
MEM-2025-LOT7,M02,14,4,1,10
MEM-2025-LOT7,M02,15,4,1,10
MEM-2025-LOT7,M02,16,4,1,10
MEM-2025-LOT7,M02,17,4,1,10
MEM-2025-LOT7,M02,18,4,1,10
MEM-2025-LOT7,M02,19,4,1,10
MEM-2025-LOT7,M02,20,4,1,10
MEM-2025-LOT7,M02,21,4,1,10
MEM-2025-LOT7,M02,22,4,1,10
MEM-2025-LOT7,M02,23,4,1,10
MEM-2025-LOT7,M02,24,4,1,10
MEM-2025-LOT7,M02,25,4,1,10
MEM-2025-LOT7,M02,26,4,1,10
MEM-2025-LOT7,M02,27,4,2,21
MEM-2025-LOT7,M02,28,4,3,31
MEM-2025-LOT7,M02,29,4,1,10
MEM-2025-LOT7,M02,30,4,1,10
MEM-2025-LOT7,M02,31,4,4,31
MEM-2025-LOT7,M02,32,4,1,10
MEM-2025-LOT7,M02,-32,5,1,10
MEM-2025-LOT7,M02,-31,5,1,10
MEM-2025-LOT7,M02,-30,5,2,20
MEM-2025-LOT7,M02,-29,5,4,21
MEM-2025-LOT7,M02,-28,5,1,10
MEM-2025-LOT7,M02,-27,5,4,30
MEM-2025-LOT7,M02,-26,5,1,10
MEM-2025-LOT7,M02,-25,5,1,10
MEM-2025-LOT7,M02,-24,5,1,10
MEM-2025-LOT7,M02,-23,5,1,10
MEM-2025-LOT7,M02,-22,5,1,10
MEM-2025-LOT7,M02,-21,5,1,10
MEM-2025-LOT7,M02,-20,5,1,10
MEM-2025-LOT7,M02,-19,5,1,10
MEM-2025-LOT7,M02,-18,5,1,10
MEM-2025-LOT7,M02,-17,5,1,10
MEM-2025-LOT7,M02,-16,5,1,10
MEM-2025-LOT7,M02,-15,5,1,10
MEM-2025-LOT7,M02,-14,5,1,10
MEM-2025-LOT7,M02,-13,5,1,10
MEM-2025-LOT7,M02,-12,5,1,10
MEM-2025-LOT7,M02,-11,5,1,10
MEM-2025-LOT7,M02,-10,5,1,10
MEM-2025-LOT7,M02,-9,5,1,10
MEM-2025-LOT7,M02,-8,5,1,10
MEM-2025-LOT7,M02,-7,5,1,10
MEM-2025-LOT7,M02,-6,5,1,10
MEM-2025-LOT7,M02,-5,5,1,10
MEM-2025-LOT7,M02,-4,5,1,10
MEM-2025-LOT7,M02,-3,5,1,10
MEM-2025-LOT7,M02,-2,5,1,10
MEM-2025-LOT7,M02,-1,5,1,10
MEM-2025-LOT7,M02,0,5,1,10
MEM-2025-LOT7,M02,1,5,1,10
MEM-2025-LOT7,M02,2,5,1,10
MEM-2025-LOT7,M02,3,5,1,10
MEM-2025-LOT7,M02,4,5,1,10
MEM-2025-LOT7,M02,5,5,1,10
MEM-2025-LOT7,M02,6,5,1,10
MEM-2025-LOT7,M02,7,5,1,10
MEM-2025-LOT7,M02,8,5,1,10
MEM-2025-LOT7,M02,9,5,1,10
MEM-2025-LOT7,M02,10,5,1,10
MEM-2025-LOT7,M02,11,5,1,10
MEM-2025-LOT7,M02,12,5,1,10
MEM-2025-LOT7,M02,13,5,1,10
MEM-2025-LOT7,M02,14,5,4,31
MEM-2025-LOT7,M02,15,5,1,10
MEM-2025-LOT7,M02,16,5,1,10
MEM-2025-LOT7,M02,17,5,1,10
MEM-2025-LOT7,M02,18,5,1,10
MEM-2025-LOT7,M02,19,5,1,10
MEM-2025-LOT7,M02,20,5,1,10
MEM-2025-LOT7,M02,21,5,1,10
MEM-2025-LOT7,M02,22,5,1,10
MEM-2025-LOT7,M02,23,5,1,10
MEM-2025-LOT7,M02,24,5,1,10
MEM-2025-LOT7,M02,25,5,1,10
MEM-2025-LOT7,M02,26,5,1,10
MEM-2025-LOT7,M02,27,5,2,30
MEM-2025-LOT7,M02,28,5,1,10
MEM-2025-LOT7,M02,29,5,4,31
MEM-2025-LOT7,M02,30,5,1,10
MEM-2025-LOT7,M02,31,5,1,10
MEM-2025-LOT7,M02,32,5,1,10
MEM-2025-LOT7,M02,-32,6,4,21
MEM-2025-LOT7,M02,-31,6,2,22
MEM-2025-LOT7,M02,-30,6,1,10
MEM-2025-LOT7,M02,-29,6,3,20
MEM-2025-LOT7,M02,-28,6,2,22
MEM-2025-LOT7,M02,-27,6,1,10
MEM-2025-LOT7,M02,-26,6,1,10
MEM-2025-LOT7,M02,-25,6,1,10
MEM-2025-LOT7,M02,-24,6,1,10
MEM-2025-LOT7,M02,-23,6,1,10
MEM-2025-LOT7,M02,-22,6,1,10
MEM-2025-LOT7,M02,-21,6,1,10
MEM-2025-LOT7,M02,-20,6,1,10
MEM-2025-LOT7,M02,-19,6,1,10
MEM-2025-LOT7,M02,-18,6,1,10
MEM-2025-LOT7,M02,-17,6,1,10
MEM-2025-LOT7,M02,-16,6,1,10
MEM-2025-LOT7,M02,-15,6,1,10
MEM-2025-LOT7,M02,-14,6,1,10
MEM-2025-LOT7,M02,-13,6,1,10
MEM-2025-LOT7,M02,-12,6,1,10
MEM-2025-LOT7,M02,-11,6,1,10
MEM-2025-LOT7,M02,-10,6,1,10
MEM-2025-LOT7,M02,-9,6,1,10
MEM-2025-LOT7,M02,-8,6,1,10
MEM-2025-LOT7,M02,-7,6,4,31
MEM-2025-LOT7,M02,-6,6,1,10
MEM-2025-LOT7,M02,-5,6,1,10
MEM-2025-LOT7,M02,-4,6,1,10
MEM-2025-LOT7,M02,-3,6,1,10
MEM-2025-LOT7,M02,-2,6,1,10
MEM-2025-LOT7,M02,-1,6,1,10
MEM-2025-LOT7,M02,0,6,1,10
MEM-2025-LOT7,M02,1,6,1,10
MEM-2025-LOT7,M02,2,6,1,10
MEM-2025-LOT7,M02,3,6,1,10
MEM-2025-LOT7,M02,4,6,1,10
MEM-2025-LOT7,M02,5,6,1,10
MEM-2025-LOT7,M02,6,6,1,10
MEM-2025-LOT7,M02,7,6,1,10
MEM-2025-LOT7,M02,8,6,1,10
MEM-2025-LOT7,M02,9,6,1,10
MEM-2025-LOT7,M02,10,6,1,10
MEM-2025-LOT7,M02,11,6,1,10
MEM-2025-LOT7,M02,12,6,1,10
MEM-2025-LOT7,M02,13,6,1,10
MEM-2025-LOT7,M02,14,6,1,10
MEM-2025-LOT7,M02,15,6,1,10
MEM-2025-LOT7,M02,16,6,1,10
MEM-2025-LOT7,M02,17,6,1,10
MEM-2025-LOT7,M02,18,6,1,10
MEM-2025-LOT7,M02,19,6,1,10
MEM-2025-LOT7,M02,20,6,1,10
MEM-2025-LOT7,M02,21,6,1,10
MEM-2025-LOT7,M02,22,6,1,10
MEM-2025-LOT7,M02,23,6,1,10
MEM-2025-LOT7,M02,24,6,1,10
MEM-2025-LOT7,M02,25,6,1,10
MEM-2025-LOT7,M02,26,6,1,10
MEM-2025-LOT7,M02,27,6,2,20
MEM-2025-LOT7,M02,28,6,1,10
MEM-2025-LOT7,M02,29,6,2,31
MEM-2025-LOT7,M02,30,6,1,10
MEM-2025-LOT7,M02,31,6,2,30
MEM-2025-LOT7,M02,32,6,1,10
MEM-2025-LOT7,M02,-31,7,1,10
MEM-2025-LOT7,M02,-30,7,1,10
MEM-2025-LOT7,M02,-29,7,4,30
MEM-2025-LOT7,M02,-28,7,1,10
MEM-2025-LOT7,M02,-27,7,2,30
MEM-2025-LOT7,M02,-26,7,1,10
MEM-2025-LOT7,M02,-25,7,1,10
MEM-2025-LOT7,M02,-24,7,1,10
MEM-2025-LOT7,M02,-23,7,1,10
MEM-2025-LOT7,M02,-22,7,1,10
MEM-2025-LOT7,M02,-21,7,1,10
MEM-2025-LOT7,M02,-20,7,4,21
MEM-2025-LOT7,M02,-19,7,1,10
MEM-2025-LOT7,M02,-18,7,1,10
MEM-2025-LOT7,M02,-17,7,1,10
MEM-2025-LOT7,M02,-16,7,1,10
MEM-2025-LOT7,M02,-15,7,1,10
MEM-2025-LOT7,M02,-14,7,1,10
MEM-2025-LOT7,M02,-13,7,1,10
MEM-2025-LOT7,M02,-12,7,1,10
MEM-2025-LOT7,M02,-11,7,1,10
MEM-2025-LOT7,M02,-10,7,1,10
MEM-2025-LOT7,M02,-9,7,1,10
MEM-2025-LOT7,M02,-8,7,1,10
MEM-2025-LOT7,M02,-7,7,1,10
MEM-2025-LOT7,M02,-6,7,2,31
MEM-2025-LOT7,M02,-5,7,1,10
MEM-2025-LOT7,M02,-4,7,1,10
MEM-2025-LOT7,M02,-3,7,1,10
MEM-2025-LOT7,M02,-2,7,1,10
MEM-2025-LOT7,M02,-1,7,1,10
MEM-2025-LOT7,M02,0,7,1,10
MEM-2025-LOT7,M02,1,7,1,10
MEM-2025-LOT7,M02,2,7,1,10
MEM-2025-LOT7,M02,3,7,1,10
MEM-2025-LOT7,M02,4,7,1,10
MEM-2025-LOT7,M02,5,7,1,10
MEM-2025-LOT7,M02,6,7,1,10
MEM-2025-LOT7,M02,7,7,1,10
MEM-2025-LOT7,M02,8,7,1,10
MEM-2025-LOT7,M02,9,7,1,10
MEM-2025-LOT7,M02,10,7,1,10
MEM-2025-LOT7,M02,11,7,3,21
MEM-2025-LOT7,M02,12,7,1,10
MEM-2025-LOT7,M02,13,7,1,10
MEM-2025-LOT7,M02,14,7,1,10
MEM-2025-LOT7,M02,15,7,1,10
MEM-2025-LOT7,M02,16,7,1,10
MEM-2025-LOT7,M02,17,7,1,10
MEM-2025-LOT7,M02,18,7,1,10
MEM-2025-LOT7,M02,19,7,1,10
MEM-2025-LOT7,M02,20,7,1,10
MEM-2025-LOT7,M02,21,7,1,10
MEM-2025-LOT7,M02,22,7,1,10
MEM-2025-LOT7,M02,23,7,1,10
MEM-2025-LOT7,M02,24,7,1,10
MEM-2025-LOT7,M02,25,7,1,10
MEM-2025-LOT7,M02,26,7,4,30
MEM-2025-LOT7,M02,27,7,2,21
MEM-2025-LOT7,M02,28,7,2,22
MEM-2025-LOT7,M02,29,7,2,20
MEM-2025-LOT7,M02,30,7,4,20
MEM-2025-LOT7,M02,31,7,1,10
MEM-2025-LOT7,M02,-31,8,1,10
MEM-2025-LOT7,M02,-30,8,1,10
MEM-2025-LOT7,M02,-29,8,1,10
MEM-2025-LOT7,M02,-28,8,2,31
MEM-2025-LOT7,M02,-27,8,1,10
MEM-2025-LOT7,M02,-26,8,1,10
MEM-2025-LOT7,M02,-25,8,1,10
MEM-2025-LOT7,M02,-24,8,1,10
MEM-2025-LOT7,M02,-23,8,1,10
MEM-2025-LOT7,M02,-22,8,1,10
MEM-2025-LOT7,M02,-21,8,1,10
MEM-2025-LOT7,M02,-20,8,1,10
MEM-2025-LOT7,M02,-19,8,1,10
MEM-2025-LOT7,M02,-18,8,1,10
MEM-2025-LOT7,M02,-17,8,1,10
MEM-2025-LOT7,M02,-16,8,1,10
MEM-2025-LOT7,M02,-15,8,1,10
MEM-2025-LOT7,M02,-14,8,1,10
MEM-2025-LOT7,M02,-13,8,1,10
MEM-2025-LOT7,M02,-12,8,1,10
MEM-2025-LOT7,M02,-11,8,1,10
MEM-2025-LOT7,M02,-10,8,1,10
MEM-2025-LOT7,M02,-9,8,1,10
MEM-2025-LOT7,M02,-8,8,3,30
MEM-2025-LOT7,M02,-7,8,1,10
MEM-2025-LOT7,M02,-6,8,1,10
MEM-2025-LOT7,M02,-5,8,1,10
MEM-2025-LOT7,M02,-4,8,1,10
MEM-2025-LOT7,M02,-3,8,1,10
MEM-2025-LOT7,M02,-2,8,1,10
MEM-2025-LOT7,M02,-1,8,1,10
MEM-2025-LOT7,M02,0,8,1,10
MEM-2025-LOT7,M02,1,8,1,10
MEM-2025-LOT7,M02,2,8,1,10
MEM-2025-LOT7,M02,3,8,1,10
MEM-2025-LOT7,M02,4,8,1,10
MEM-2025-LOT7,M02,5,8,1,10
MEM-2025-LOT7,M02,6,8,1,10
MEM-2025-LOT7,M02,7,8,1,10
MEM-2025-LOT7,M02,8,8,1,10
MEM-2025-LOT7,M02,9,8,1,10
MEM-2025-LOT7,M02,10,8,1,10
MEM-2025-LOT7,M02,11,8,1,10
MEM-2025-LOT7,M02,12,8,1,10
MEM-2025-LOT7,M02,13,8,1,10
MEM-2025-LOT7,M02,14,8,3,20
MEM-2025-LOT7,M02,15,8,1,10
MEM-2025-LOT7,M02,16,8,1,10
MEM-2025-LOT7,M02,17,8,1,10
MEM-2025-LOT7,M02,18,8,1,10
MEM-2025-LOT7,M02,19,8,1,10
MEM-2025-LOT7,M02,20,8,1,10
MEM-2025-LOT7,M02,21,8,1,10
MEM-2025-LOT7,M02,22,8,1,10
MEM-2025-LOT7,M02,23,8,1,10
MEM-2025-LOT7,M02,24,8,1,10
MEM-2025-LOT7,M02,25,8,1,10
MEM-2025-LOT7,M02,26,8,2,30
MEM-2025-LOT7,M02,27,8,1,10
MEM-2025-LOT7,M02,28,8,4,31
MEM-2025-LOT7,M02,29,8,1,10
MEM-2025-LOT7,M02,30,8,1,10
MEM-2025-LOT7,M02,31,8,4,22
MEM-2025-LOT7,M02,-31,9,1,10
MEM-2025-LOT7,M02,-30,9,1,10
MEM-2025-LOT7,M02,-29,9,1,10
MEM-2025-LOT7,M02,-28,9,2,20
MEM-2025-LOT7,M02,-27,9,1,10
MEM-2025-LOT7,M02,-26,9,1,10
MEM-2025-LOT7,M02,-25,9,1,10
MEM-2025-LOT7,M02,-24,9,1,10
MEM-2025-LOT7,M02,-23,9,1,10
MEM-2025-LOT7,M02,-22,9,1,10
MEM-2025-LOT7,M02,-21,9,1,10
MEM-2025-LOT7,M02,-20,9,1,10
MEM-2025-LOT7,M02,-19,9,4,20
MEM-2025-LOT7,M02,-18,9,1,10
MEM-2025-LOT7,M02,-17,9,1,10
MEM-2025-LOT7,M02,-16,9,1,10
MEM-2025-LOT7,M02,-15,9,1,10
MEM-2025-LOT7,M02,-14,9,1,10
MEM-2025-LOT7,M02,-13,9,1,10
MEM-2025-LOT7,M02,-12,9,1,10
MEM-2025-LOT7,M02,-11,9,4,21
MEM-2025-LOT7,M02,-10,9,1,10
MEM-2025-LOT7,M02,-9,9,1,10
MEM-2025-LOT7,M02,-8,9,1,10
MEM-2025-LOT7,M02,-7,9,1,10
MEM-2025-LOT7,M02,-6,9,1,10
MEM-2025-LOT7,M02,-5,9,1,10
MEM-2025-LOT7,M02,-4,9,1,10
MEM-2025-LOT7,M02,-3,9,1,10
MEM-2025-LOT7,M02,-2,9,1,10
MEM-2025-LOT7,M02,-1,9,1,10
MEM-2025-LOT7,M02,0,9,1,10
MEM-2025-LOT7,M02,1,9,1,10
MEM-2025-LOT7,M02,2,9,1,10
MEM-2025-LOT7,M02,3,9,1,10
MEM-2025-LOT7,M02,4,9,1,10
MEM-2025-LOT7,M02,5,9,1,10
MEM-2025-LOT7,M02,6,9,1,10
MEM-2025-LOT7,M02,7,9,1,10
MEM-2025-LOT7,M02,8,9,1,10
MEM-2025-LOT7,M02,9,9,1,10
MEM-2025-LOT7,M02,10,9,1,10
MEM-2025-LOT7,M02,11,9,1,10
MEM-2025-LOT7,M02,12,9,1,10
MEM-2025-LOT7,M02,13,9,1,10
MEM-2025-LOT7,M02,14,9,1,10
MEM-2025-LOT7,M02,15,9,1,10
MEM-2025-LOT7,M02,16,9,1,10
MEM-2025-LOT7,M02,17,9,1,10
MEM-2025-LOT7,M02,18,9,1,10
MEM-2025-LOT7,M02,19,9,1,10
MEM-2025-LOT7,M02,20,9,1,10
MEM-2025-LOT7,M02,21,9,1,10
MEM-2025-LOT7,M02,22,9,1,10
MEM-2025-LOT7,M02,23,9,1,10
MEM-2025-LOT7,M02,24,9,1,10
MEM-2025-LOT7,M02,25,9,1,10
MEM-2025-LOT7,M02,26,9,1,10
MEM-2025-LOT7,M02,27,9,2,20
MEM-2025-LOT7,M02,28,9,2,30
MEM-2025-LOT7,M02,29,9,1,10
MEM-2025-LOT7,M02,30,9,3,31
MEM-2025-LOT7,M02,31,9,1,10
MEM-2025-LOT7,M02,-31,10,1,10
MEM-2025-LOT7,M02,-30,10,3,22
MEM-2025-LOT7,M02,-29,10,4,22
MEM-2025-LOT7,M02,-28,10,1,10
MEM-2025-LOT7,M02,-27,10,1,10
MEM-2025-LOT7,M02,-26,10,1,10
MEM-2025-LOT7,M02,-25,10,1,10
MEM-2025-LOT7,M02,-24,10,1,10
MEM-2025-LOT7,M02,-23,10,1,10
MEM-2025-LOT7,M02,-22,10,1,10
MEM-2025-LOT7,M02,-21,10,1,10
MEM-2025-LOT7,M02,-20,10,1,10
MEM-2025-LOT7,M02,-19,10,1,10
MEM-2025-LOT7,M02,-18,10,1,10
MEM-2025-LOT7,M02,-17,10,1,10
MEM-2025-LOT7,M02,-16,10,1,10
MEM-2025-LOT7,M02,-15,10,1,10
MEM-2025-LOT7,M02,-14,10,1,10
MEM-2025-LOT7,M02,-13,10,1,10
MEM-2025-LOT7,M02,-12,10,1,10
MEM-2025-LOT7,M02,-11,10,1,10
MEM-2025-LOT7,M02,-10,10,1,10
MEM-2025-LOT7,M02,-9,10,1,10
MEM-2025-LOT7,M02,-8,10,1,10
MEM-2025-LOT7,M02,-7,10,1,10
MEM-2025-LOT7,M02,-6,10,1,10
MEM-2025-LOT7,M02,-5,10,1,10
MEM-2025-LOT7,M02,-4,10,1,10
MEM-2025-LOT7,M02,-3,10,1,10
MEM-2025-LOT7,M02,-2,10,1,10
MEM-2025-LOT7,M02,-1,10,1,10
MEM-2025-LOT7,M02,0,10,1,10
MEM-2025-LOT7,M02,1,10,1,10
MEM-2025-LOT7,M02,2,10,1,10
MEM-2025-LOT7,M02,3,10,1,10
MEM-2025-LOT7,M02,4,10,1,10
MEM-2025-LOT7,M02,5,10,1,10
MEM-2025-LOT7,M02,6,10,1,10
MEM-2025-LOT7,M02,7,10,1,10
MEM-2025-LOT7,M02,8,10,1,10
MEM-2025-LOT7,M02,9,10,3,20
MEM-2025-LOT7,M02,10,10,1,10
MEM-2025-LOT7,M02,11,10,1,10
MEM-2025-LOT7,M02,12,10,1,10
MEM-2025-LOT7,M02,13,10,1,10
MEM-2025-LOT7,M02,14,10,1,10
MEM-2025-LOT7,M02,15,10,1,10
MEM-2025-LOT7,M02,16,10,1,10
MEM-2025-LOT7,M02,17,10,1,10
MEM-2025-LOT7,M02,18,10,1,10
MEM-2025-LOT7,M02,19,10,1,10
MEM-2025-LOT7,M02,20,10,1,10
MEM-2025-LOT7,M02,21,10,1,10
MEM-2025-LOT7,M02,22,10,1,10
MEM-2025-LOT7,M02,23,10,1,10
MEM-2025-LOT7,M02,24,10,1,10
MEM-2025-LOT7,M02,25,10,1,10
MEM-2025-LOT7,M02,26,10,1,10
MEM-2025-LOT7,M02,27,10,1,10
MEM-2025-LOT7,M02,28,10,4,30
MEM-2025-LOT7,M02,29,10,1,10
MEM-2025-LOT7,M02,30,10,4,30
MEM-2025-LOT7,M02,31,10,2,30
MEM-2025-LOT7,M02,-31,11,4,22
MEM-2025-LOT7,M02,-30,11,1,10
MEM-2025-LOT7,M02,-29,11,1,10
MEM-2025-LOT7,M02,-28,11,2,20
MEM-2025-LOT7,M02,-27,11,1,10
MEM-2025-LOT7,M02,-26,11,2,30
MEM-2025-LOT7,M02,-25,11,1,10
MEM-2025-LOT7,M02,-24,11,1,10
MEM-2025-LOT7,M02,-23,11,1,10
MEM-2025-LOT7,M02,-22,11,1,10
MEM-2025-LOT7,M02,-21,11,1,10
MEM-2025-LOT7,M02,-20,11,3,31
MEM-2025-LOT7,M02,-19,11,1,10
MEM-2025-LOT7,M02,-18,11,1,10
MEM-2025-LOT7,M02,-17,11,1,10
MEM-2025-LOT7,M02,-16,11,1,10
MEM-2025-LOT7,M02,-15,11,1,10
MEM-2025-LOT7,M02,-14,11,1,10
MEM-2025-LOT7,M02,-13,11,1,10
MEM-2025-LOT7,M02,-12,11,1,10
MEM-2025-LOT7,M02,-11,11,1,10
MEM-2025-LOT7,M02,-10,11,1,10
MEM-2025-LOT7,M02,-9,11,1,10
MEM-2025-LOT7,M02,-8,11,1,10
MEM-2025-LOT7,M02,-7,11,1,10
MEM-2025-LOT7,M02,-6,11,1,10
MEM-2025-LOT7,M02,-5,11,1,10
MEM-2025-LOT7,M02,-4,11,1,10
MEM-2025-LOT7,M02,-3,11,1,10
MEM-2025-LOT7,M02,-2,11,1,10
MEM-2025-LOT7,M02,-1,11,1,10
MEM-2025-LOT7,M02,0,11,1,10
MEM-2025-LOT7,M02,1,11,1,10
MEM-2025-LOT7,M02,2,11,1,10
MEM-2025-LOT7,M02,3,11,1,10
MEM-2025-LOT7,M02,4,11,1,10
MEM-2025-LOT7,M02,5,11,1,10
MEM-2025-LOT7,M02,6,11,1,10
MEM-2025-LOT7,M02,7,11,1,10
MEM-2025-LOT7,M02,8,11,1,10
MEM-2025-LOT7,M02,9,11,1,10
MEM-2025-LOT7,M02,10,11,1,10
MEM-2025-LOT7,M02,11,11,1,10
MEM-2025-LOT7,M02,12,11,1,10
MEM-2025-LOT7,M02,13,11,1,10
MEM-2025-LOT7,M02,14,11,1,10
MEM-2025-LOT7,M02,15,11,1,10
MEM-2025-LOT7,M02,16,11,1,10
MEM-2025-LOT7,M02,17,11,1,10
MEM-2025-LOT7,M02,18,11,1,10
MEM-2025-LOT7,M02,19,11,1,10
MEM-2025-LOT7,M02,20,11,1,10
MEM-2025-LOT7,M02,21,11,1,10
MEM-2025-LOT7,M02,22,11,1,10
MEM-2025-LOT7,M02,23,11,1,10
MEM-2025-LOT7,M02,24,11,1,10
MEM-2025-LOT7,M02,25,11,1,10
MEM-2025-LOT7,M02,26,11,4,22
MEM-2025-LOT7,M02,27,11,1,10
MEM-2025-LOT7,M02,28,11,3,22
MEM-2025-LOT7,M02,29,11,3,20
MEM-2025-LOT7,M02,30,11,2,22
MEM-2025-LOT7,M02,31,11,1,10
MEM-2025-LOT7,M02,-31,12,2,20
MEM-2025-LOT7,M02,-30,12,1,10
MEM-2025-LOT7,M02,-29,12,1,10
MEM-2025-LOT7,M02,-28,12,1,10
MEM-2025-LOT7,M02,-27,12,1,10
MEM-2025-LOT7,M02,-26,12,2,31
MEM-2025-LOT7,M02,-25,12,1,10
MEM-2025-LOT7,M02,-24,12,1,10
MEM-2025-LOT7,M02,-23,12,1,10
MEM-2025-LOT7,M02,-22,12,1,10
MEM-2025-LOT7,M02,-21,12,1,10
MEM-2025-LOT7,M02,-20,12,1,10
MEM-2025-LOT7,M02,-19,12,1,10
MEM-2025-LOT7,M02,-18,12,1,10
MEM-2025-LOT7,M02,-17,12,1,10
MEM-2025-LOT7,M02,-16,12,4,31
MEM-2025-LOT7,M02,-15,12,1,10
MEM-2025-LOT7,M02,-14,12,1,10
MEM-2025-LOT7,M02,-13,12,1,10
MEM-2025-LOT7,M02,-12,12,1,10
MEM-2025-LOT7,M02,-11,12,1,10
MEM-2025-LOT7,M02,-10,12,1,10
MEM-2025-LOT7,M02,-9,12,1,10
MEM-2025-LOT7,M02,-8,12,2,30
MEM-2025-LOT7,M02,-7,12,4,22
MEM-2025-LOT7,M02,-6,12,1,10
MEM-2025-LOT7,M02,-5,12,1,10
MEM-2025-LOT7,M02,-4,12,1,10
MEM-2025-LOT7,M02,-3,12,1,10
MEM-2025-LOT7,M02,-2,12,1,10
MEM-2025-LOT7,M02,-1,12,1,10
MEM-2025-LOT7,M02,0,12,1,10
MEM-2025-LOT7,M02,1,12,1,10
MEM-2025-LOT7,M02,2,12,1,10
MEM-2025-LOT7,M02,3,12,1,10
MEM-2025-LOT7,M02,4,12,1,10
MEM-2025-LOT7,M02,5,12,1,10
MEM-2025-LOT7,M02,6,12,1,10
MEM-2025-LOT7,M02,7,12,1,10
MEM-2025-LOT7,M02,8,12,1,10
MEM-2025-LOT7,M02,9,12,1,10
MEM-2025-LOT7,M02,10,12,1,10
MEM-2025-LOT7,M02,11,12,1,10
MEM-2025-LOT7,M02,12,12,1,10
MEM-2025-LOT7,M02,13,12,1,10
MEM-2025-LOT7,M02,14,12,1,10
MEM-2025-LOT7,M02,15,12,1,10
MEM-2025-LOT7,M02,16,12,1,10
MEM-2025-LOT7,M02,17,12,1,10
MEM-2025-LOT7,M02,18,12,1,10
MEM-2025-LOT7,M02,19,12,1,10
MEM-2025-LOT7,M02,20,12,1,10
MEM-2025-LOT7,M02,21,12,1,10
MEM-2025-LOT7,M02,22,12,1,10
MEM-2025-LOT7,M02,23,12,1,10
MEM-2025-LOT7,M02,24,12,1,10
MEM-2025-LOT7,M02,25,12,1,10
MEM-2025-LOT7,M02,26,12,4,30
MEM-2025-LOT7,M02,27,12,4,30
MEM-2025-LOT7,M02,28,12,1,10
MEM-2025-LOT7,M02,29,12,1,10
MEM-2025-LOT7,M02,30,12,4,20
MEM-2025-LOT7,M02,31,12,4,21
MEM-2025-LOT7,M02,-31,13,2,22
MEM-2025-LOT7,M02,-30,13,1,10
MEM-2025-LOT7,M02,-29,13,3,21
MEM-2025-LOT7,M02,-28,13,1,10
MEM-2025-LOT7,M02,-27,13,3,21
MEM-2025-LOT7,M02,-26,13,1,10
MEM-2025-LOT7,M02,-25,13,1,10
MEM-2025-LOT7,M02,-24,13,1,10
MEM-2025-LOT7,M02,-23,13,1,10
MEM-2025-LOT7,M02,-22,13,1,10
MEM-2025-LOT7,M02,-21,13,1,10
MEM-2025-LOT7,M02,-20,13,1,10
MEM-2025-LOT7,M02,-19,13,1,10
MEM-2025-LOT7,M02,-18,13,1,10
MEM-2025-LOT7,M02,-17,13,1,10
MEM-2025-LOT7,M02,-16,13,1,10
MEM-2025-LOT7,M02,-15,13,1,10
MEM-2025-LOT7,M02,-14,13,1,10
MEM-2025-LOT7,M02,-13,13,1,10
MEM-2025-LOT7,M02,-12,13,1,10
MEM-2025-LOT7,M02,-11,13,1,10
MEM-2025-LOT7,M02,-10,13,1,10
MEM-2025-LOT7,M02,-9,13,1,10
MEM-2025-LOT7,M02,-8,13,3,22
MEM-2025-LOT7,M02,-7,13,1,10
MEM-2025-LOT7,M02,-6,13,1,10
MEM-2025-LOT7,M02,-5,13,1,10
MEM-2025-LOT7,M02,-4,13,1,10
MEM-2025-LOT7,M02,-3,13,1,10
MEM-2025-LOT7,M02,-2,13,1,10
MEM-2025-LOT7,M02,-1,13,1,10
MEM-2025-LOT7,M02,0,13,1,10
MEM-2025-LOT7,M02,1,13,1,10
MEM-2025-LOT7,M02,2,13,1,10
MEM-2025-LOT7,M02,3,13,1,10
MEM-2025-LOT7,M02,4,13,1,10
MEM-2025-LOT7,M02,5,13,1,10
MEM-2025-LOT7,M02,6,13,1,10
MEM-2025-LOT7,M02,7,13,1,10
MEM-2025-LOT7,M02,8,13,1,10
MEM-2025-LOT7,M02,9,13,1,10
MEM-2025-LOT7,M02,10,13,1,10
MEM-2025-LOT7,M02,11,13,1,10
MEM-2025-LOT7,M02,12,13,1,10
MEM-2025-LOT7,M02,13,13,1,10
MEM-2025-LOT7,M02,14,13,1,10
MEM-2025-LOT7,M02,15,13,1,10
MEM-2025-LOT7,M02,16,13,1,10
MEM-2025-LOT7,M02,17,13,1,10
MEM-2025-LOT7,M02,18,13,1,10
MEM-2025-LOT7,M02,19,13,1,10
MEM-2025-LOT7,M02,20,13,1,10
MEM-2025-LOT7,M02,21,13,1,10
MEM-2025-LOT7,M02,22,13,1,10
MEM-2025-LOT7,M02,23,13,1,10
MEM-2025-LOT7,M02,24,13,4,21
MEM-2025-LOT7,M02,25,13,1,10
MEM-2025-LOT7,M02,26,13,1,10
MEM-2025-LOT7,M02,27,13,2,22
MEM-2025-LOT7,M02,28,13,1,10
MEM-2025-LOT7,M02,29,13,1,10
MEM-2025-LOT7,M02,30,13,1,10
MEM-2025-LOT7,M02,31,13,1,10
MEM-2025-LOT7,M02,-30,14,2,20
MEM-2025-LOT7,M02,-29,14,1,10
MEM-2025-LOT7,M02,-28,14,1,10
MEM-2025-LOT7,M02,-27,14,4,30
MEM-2025-LOT7,M02,-26,14,4,30
MEM-2025-LOT7,M02,-25,14,1,10
MEM-2025-LOT7,M02,-24,14,1,10
MEM-2025-LOT7,M02,-23,14,1,10
MEM-2025-LOT7,M02,-22,14,1,10
MEM-2025-LOT7,M02,-21,14,1,10
MEM-2025-LOT7,M02,-20,14,1,10
MEM-2025-LOT7,M02,-19,14,1,10
MEM-2025-LOT7,M02,-18,14,1,10
MEM-2025-LOT7,M02,-17,14,1,10
MEM-2025-LOT7,M02,-16,14,1,10
MEM-2025-LOT7,M02,-15,14,1,10
MEM-2025-LOT7,M02,-14,14,1,10
MEM-2025-LOT7,M02,-13,14,1,10
MEM-2025-LOT7,M02,-12,14,1,10
MEM-2025-LOT7,M02,-11,14,1,10
MEM-2025-LOT7,M02,-10,14,1,10
MEM-2025-LOT7,M02,-9,14,1,10
MEM-2025-LOT7,M02,-8,14,1,10
MEM-2025-LOT7,M02,-7,14,1,10
MEM-2025-LOT7,M02,-6,14,1,10
MEM-2025-LOT7,M02,-5,14,1,10
MEM-2025-LOT7,M02,-4,14,1,10
MEM-2025-LOT7,M02,-3,14,1,10
MEM-2025-LOT7,M02,-2,14,1,10
MEM-2025-LOT7,M02,-1,14,1,10
MEM-2025-LOT7,M02,0,14,1,10
MEM-2025-LOT7,M02,1,14,1,10
MEM-2025-LOT7,M02,2,14,1,10
MEM-2025-LOT7,M02,3,14,1,10
MEM-2025-LOT7,M02,4,14,1,10
MEM-2025-LOT7,M02,5,14,1,10
MEM-2025-LOT7,M02,6,14,1,10
MEM-2025-LOT7,M02,7,14,1,10
MEM-2025-LOT7,M02,8,14,1,10
MEM-2025-LOT7,M02,9,14,1,10
MEM-2025-LOT7,M02,10,14,1,10
MEM-2025-LOT7,M02,11,14,1,10
MEM-2025-LOT7,M02,12,14,1,10
MEM-2025-LOT7,M02,13,14,1,10
MEM-2025-LOT7,M02,14,14,1,10
MEM-2025-LOT7,M02,15,14,1,10
MEM-2025-LOT7,M02,16,14,1,10
MEM-2025-LOT7,M02,17,14,1,10
MEM-2025-LOT7,M02,18,14,1,10
MEM-2025-LOT7,M02,19,14,1,10
MEM-2025-LOT7,M02,20,14,4,20
MEM-2025-LOT7,M02,21,14,1,10
MEM-2025-LOT7,M02,22,14,1,10
MEM-2025-LOT7,M02,23,14,1,10
MEM-2025-LOT7,M02,24,14,1,10
MEM-2025-LOT7,M02,25,14,1,10
MEM-2025-LOT7,M02,26,14,2,31
MEM-2025-LOT7,M02,27,14,1,10
MEM-2025-LOT7,M02,28,14,3,20
MEM-2025-LOT7,M02,29,14,1,10
MEM-2025-LOT7,M02,30,14,4,31
MEM-2025-LOT7,M02,-30,15,4,20
MEM-2025-LOT7,M02,-29,15,2,31
MEM-2025-LOT7,M02,-28,15,2,30
MEM-2025-LOT7,M02,-27,15,1,10
MEM-2025-LOT7,M02,-26,15,1,10
MEM-2025-LOT7,M02,-25,15,1,10
MEM-2025-LOT7,M02,-24,15,1,10
MEM-2025-LOT7,M02,-23,15,1,10
MEM-2025-LOT7,M02,-22,15,4,20
MEM-2025-LOT7,M02,-21,15,4,30
MEM-2025-LOT7,M02,-20,15,1,10
MEM-2025-LOT7,M02,-19,15,1,10
MEM-2025-LOT7,M02,-18,15,1,10
MEM-2025-LOT7,M02,-17,15,1,10
MEM-2025-LOT7,M02,-16,15,1,10
MEM-2025-LOT7,M02,-15,15,1,10
MEM-2025-LOT7,M02,-14,15,1,10
MEM-2025-LOT7,M02,-13,15,1,10
MEM-2025-LOT7,M02,-12,15,1,10
MEM-2025-LOT7,M02,-11,15,1,10
MEM-2025-LOT7,M02,-10,15,1,10
MEM-2025-LOT7,M02,-9,15,1,10
MEM-2025-LOT7,M02,-8,15,1,10
MEM-2025-LOT7,M02,-7,15,1,10
MEM-2025-LOT7,M02,-6,15,2,20
MEM-2025-LOT7,M02,-5,15,1,10
MEM-2025-LOT7,M02,-4,15,1,10
MEM-2025-LOT7,M02,-3,15,1,10
MEM-2025-LOT7,M02,-2,15,1,10
MEM-2025-LOT7,M02,-1,15,1,10
MEM-2025-LOT7,M02,0,15,1,10
MEM-2025-LOT7,M02,1,15,1,10
MEM-2025-LOT7,M02,2,15,1,10
MEM-2025-LOT7,M02,3,15,1,10
MEM-2025-LOT7,M02,4,15,1,10
MEM-2025-LOT7,M02,5,15,1,10
MEM-2025-LOT7,M02,6,15,1,10
MEM-2025-LOT7,M02,7,15,1,10
MEM-2025-LOT7,M02,8,15,1,10
MEM-2025-LOT7,M02,9,15,1,10
MEM-2025-LOT7,M02,10,15,1,10
MEM-2025-LOT7,M02,11,15,1,10
MEM-2025-LOT7,M02,12,15,1,10
MEM-2025-LOT7,M02,13,15,1,10
MEM-2025-LOT7,M02,14,15,1,10
MEM-2025-LOT7,M02,15,15,1,10
MEM-2025-LOT7,M02,16,15,1,10
MEM-2025-LOT7,M02,17,15,1,10
MEM-2025-LOT7,M02,18,15,1,10
MEM-2025-LOT7,M02,19,15,1,10
MEM-2025-LOT7,M02,20,15,1,10
MEM-2025-LOT7,M02,21,15,1,10
MEM-2025-LOT7,M02,22,15,1,10
MEM-2025-LOT7,M02,23,15,1,10
MEM-2025-LOT7,M02,24,15,1,10
MEM-2025-LOT7,M02,25,15,1,10
MEM-2025-LOT7,M02,26,15,2,22
MEM-2025-LOT7,M02,27,15,1,10
MEM-2025-LOT7,M02,28,15,3,22
MEM-2025-LOT7,M02,29,15,1,10
MEM-2025-LOT7,M02,30,15,1,10
MEM-2025-LOT7,M02,-30,16,1,10
MEM-2025-LOT7,M02,-29,16,4,30
MEM-2025-LOT7,M02,-28,16,4,22
MEM-2025-LOT7,M02,-27,16,2,20
MEM-2025-LOT7,M02,-26,16,1,10
MEM-2025-LOT7,M02,-25,16,4,21
MEM-2025-LOT7,M02,-24,16,1,10
MEM-2025-LOT7,M02,-23,16,1,10
MEM-2025-LOT7,M02,-22,16,1,10
MEM-2025-LOT7,M02,-21,16,1,10
MEM-2025-LOT7,M02,-20,16,1,10
MEM-2025-LOT7,M02,-19,16,1,10
MEM-2025-LOT7,M02,-18,16,1,10
MEM-2025-LOT7,M02,-17,16,1,10
MEM-2025-LOT7,M02,-16,16,1,10
MEM-2025-LOT7,M02,-15,16,1,10
MEM-2025-LOT7,M02,-14,16,1,10
MEM-2025-LOT7,M02,-13,16,1,10
MEM-2025-LOT7,M02,-12,16,1,10
MEM-2025-LOT7,M02,-11,16,1,10
MEM-2025-LOT7,M02,-10,16,1,10
MEM-2025-LOT7,M02,-9,16,1,10
MEM-2025-LOT7,M02,-8,16,1,10
MEM-2025-LOT7,M02,-7,16,1,10
MEM-2025-LOT7,M02,-6,16,1,10
MEM-2025-LOT7,M02,-5,16,2,30
MEM-2025-LOT7,M02,-4,16,1,10
MEM-2025-LOT7,M02,-3,16,1,10
MEM-2025-LOT7,M02,-2,16,1,10
MEM-2025-LOT7,M02,-1,16,1,10
MEM-2025-LOT7,M02,0,16,1,10
MEM-2025-LOT7,M02,1,16,1,10
MEM-2025-LOT7,M02,2,16,1,10
MEM-2025-LOT7,M02,3,16,1,10
MEM-2025-LOT7,M02,4,16,1,10
MEM-2025-LOT7,M02,5,16,1,10
MEM-2025-LOT7,M02,6,16,1,10
MEM-2025-LOT7,M02,7,16,1,10
MEM-2025-LOT7,M02,8,16,1,10
MEM-2025-LOT7,M02,9,16,3,21
MEM-2025-LOT7,M02,10,16,1,10
MEM-2025-LOT7,M02,11,16,1,10
MEM-2025-LOT7,M02,12,16,1,10
MEM-2025-LOT7,M02,13,16,1,10
MEM-2025-LOT7,M02,14,16,1,10
MEM-2025-LOT7,M02,15,16,1,10
MEM-2025-LOT7,M02,16,16,1,10
MEM-2025-LOT7,M02,17,16,1,10
MEM-2025-LOT7,M02,18,16,1,10
MEM-2025-LOT7,M02,19,16,1,10
MEM-2025-LOT7,M02,20,16,1,10
MEM-2025-LOT7,M02,21,16,1,10
MEM-2025-LOT7,M02,22,16,1,10
MEM-2025-LOT7,M02,23,16,1,10
MEM-2025-LOT7,M02,24,16,1,10
MEM-2025-LOT7,M02,25,16,2,30
MEM-2025-LOT7,M02,26,16,4,31
MEM-2025-LOT7,M02,27,16,1,10
MEM-2025-LOT7,M02,28,16,1,10
MEM-2025-LOT7,M02,29,16,1,10
MEM-2025-LOT7,M02,30,16,2,30
MEM-2025-LOT7,M02,-30,17,1,10
MEM-2025-LOT7,M02,-29,17,2,31
MEM-2025-LOT7,M02,-28,17,2,20
MEM-2025-LOT7,M02,-27,17,2,30
MEM-2025-LOT7,M02,-26,17,1,10
MEM-2025-LOT7,M02,-25,17,1,10
MEM-2025-LOT7,M02,-24,17,3,20
MEM-2025-LOT7,M02,-23,17,1,10
MEM-2025-LOT7,M02,-22,17,1,10
MEM-2025-LOT7,M02,-21,17,1,10
MEM-2025-LOT7,M02,-20,17,1,10
MEM-2025-LOT7,M02,-19,17,1,10
MEM-2025-LOT7,M02,-18,17,1,10
MEM-2025-LOT7,M02,-17,17,1,10
MEM-2025-LOT7,M02,-16,17,1,10
MEM-2025-LOT7,M02,-15,17,1,10
MEM-2025-LOT7,M02,-14,17,1,10
MEM-2025-LOT7,M02,-13,17,1,10
MEM-2025-LOT7,M02,-12,17,1,10
MEM-2025-LOT7,M02,-11,17,3,30
MEM-2025-LOT7,M02,-10,17,1,10
MEM-2025-LOT7,M02,-9,17,1,10
MEM-2025-LOT7,M02,-8,17,1,10
MEM-2025-LOT7,M02,-7,17,1,10
MEM-2025-LOT7,M02,-6,17,1,10
MEM-2025-LOT7,M02,-5,17,1,10
MEM-2025-LOT7,M02,-4,17,1,10
MEM-2025-LOT7,M02,-3,17,1,10
MEM-2025-LOT7,M02,-2,17,1,10
MEM-2025-LOT7,M02,-1,17,1,10
MEM-2025-LOT7,M02,0,17,1,10
MEM-2025-LOT7,M02,1,17,1,10
MEM-2025-LOT7,M02,2,17,1,10
MEM-2025-LOT7,M02,3,17,1,10
MEM-2025-LOT7,M02,4,17,1,10
MEM-2025-LOT7,M02,5,17,1,10
MEM-2025-LOT7,M02,6,17,1,10
MEM-2025-LOT7,M02,7,17,1,10
MEM-2025-LOT7,M02,8,17,1,10
MEM-2025-LOT7,M02,9,17,1,10
MEM-2025-LOT7,M02,10,17,1,10
MEM-2025-LOT7,M02,11,17,1,10
MEM-2025-LOT7,M02,12,17,1,10
MEM-2025-LOT7,M02,13,17,1,10
MEM-2025-LOT7,M02,14,17,1,10
MEM-2025-LOT7,M02,15,17,1,10
MEM-2025-LOT7,M02,16,17,1,10
MEM-2025-LOT7,M02,17,17,1,10
MEM-2025-LOT7,M02,18,17,1,10
MEM-2025-LOT7,M02,19,17,1,10
MEM-2025-LOT7,M02,20,17,1,10
MEM-2025-LOT7,M02,21,17,1,10
MEM-2025-LOT7,M02,22,17,1,10
MEM-2025-LOT7,M02,23,17,1,10
MEM-2025-LOT7,M02,24,17,2,21
MEM-2025-LOT7,M02,25,17,1,10
MEM-2025-LOT7,M02,26,17,1,10
MEM-2025-LOT7,M02,27,17,2,31
MEM-2025-LOT7,M02,28,17,1,10
MEM-2025-LOT7,M02,29,17,1,10
MEM-2025-LOT7,M02,30,17,1,10
MEM-2025-LOT7,M02,-30,18,1,10
MEM-2025-LOT7,M02,-29,18,2,31
MEM-2025-LOT7,M02,-28,18,3,30
MEM-2025-LOT7,M02,-27,18,2,21
MEM-2025-LOT7,M02,-26,18,1,10
MEM-2025-LOT7,M02,-25,18,2,20
MEM-2025-LOT7,M02,-24,18,2,30
MEM-2025-LOT7,M02,-23,18,1,10
MEM-2025-LOT7,M02,-22,18,1,10
MEM-2025-LOT7,M02,-21,18,1,10
MEM-2025-LOT7,M02,-20,18,1,10
MEM-2025-LOT7,M02,-19,18,1,10
MEM-2025-LOT7,M02,-18,18,1,10
MEM-2025-LOT7,M02,-17,18,1,10
MEM-2025-LOT7,M02,-16,18,1,10
MEM-2025-LOT7,M02,-15,18,1,10
MEM-2025-LOT7,M02,-14,18,1,10
MEM-2025-LOT7,M02,-13,18,1,10
MEM-2025-LOT7,M02,-12,18,1,10
MEM-2025-LOT7,M02,-11,18,1,10
MEM-2025-LOT7,M02,-10,18,1,10
MEM-2025-LOT7,M02,-9,18,1,10
MEM-2025-LOT7,M02,-8,18,1,10
MEM-2025-LOT7,M02,-7,18,1,10
MEM-2025-LOT7,M02,-6,18,1,10
MEM-2025-LOT7,M02,-5,18,1,10
MEM-2025-LOT7,M02,-4,18,1,10
MEM-2025-LOT7,M02,-3,18,1,10
MEM-2025-LOT7,M02,-2,18,1,10
MEM-2025-LOT7,M02,-1,18,1,10
MEM-2025-LOT7,M02,0,18,1,10
MEM-2025-LOT7,M02,1,18,1,10
MEM-2025-LOT7,M02,2,18,1,10
MEM-2025-LOT7,M02,3,18,1,10
MEM-2025-LOT7,M02,4,18,1,10
MEM-2025-LOT7,M02,5,18,1,10
MEM-2025-LOT7,M02,6,18,1,10
MEM-2025-LOT7,M02,7,18,1,10
MEM-2025-LOT7,M02,8,18,1,10
MEM-2025-LOT7,M02,9,18,1,10
MEM-2025-LOT7,M02,10,18,1,10
MEM-2025-LOT7,M02,11,18,1,10
MEM-2025-LOT7,M02,12,18,1,10
MEM-2025-LOT7,M02,13,18,1,10
MEM-2025-LOT7,M02,14,18,1,10
MEM-2025-LOT7,M02,15,18,1,10
MEM-2025-LOT7,M02,16,18,1,10
MEM-2025-LOT7,M02,17,18,1,10
MEM-2025-LOT7,M02,18,18,1,10
MEM-2025-LOT7,M02,19,18,1,10
MEM-2025-LOT7,M02,20,18,1,10
MEM-2025-LOT7,M02,21,18,1,10
MEM-2025-LOT7,M02,22,18,1,10
MEM-2025-LOT7,M02,23,18,1,10
MEM-2025-LOT7,M02,24,18,1,10
MEM-2025-LOT7,M02,25,18,2,30
MEM-2025-LOT7,M02,26,18,2,22
MEM-2025-LOT7,M02,27,18,2,21
MEM-2025-LOT7,M02,28,18,2,21
MEM-2025-LOT7,M02,29,18,3,30
MEM-2025-LOT7,M02,30,18,1,10
MEM-2025-LOT7,M02,-29,19,1,10
MEM-2025-LOT7,M02,-28,19,2,22
MEM-2025-LOT7,M02,-27,19,1,10
MEM-2025-LOT7,M02,-26,19,2,22
MEM-2025-LOT7,M02,-25,19,1,10
MEM-2025-LOT7,M02,-24,19,1,10
MEM-2025-LOT7,M02,-23,19,1,10
MEM-2025-LOT7,M02,-22,19,1,10
MEM-2025-LOT7,M02,-21,19,1,10
MEM-2025-LOT7,M02,-20,19,1,10
MEM-2025-LOT7,M02,-19,19,1,10
MEM-2025-LOT7,M02,-18,19,1,10
MEM-2025-LOT7,M02,-17,19,1,10
MEM-2025-LOT7,M02,-16,19,1,10
MEM-2025-LOT7,M02,-15,19,1,10
MEM-2025-LOT7,M02,-14,19,1,10
MEM-2025-LOT7,M02,-13,19,1,10
MEM-2025-LOT7,M02,-12,19,1,10
MEM-2025-LOT7,M02,-11,19,1,10
MEM-2025-LOT7,M02,-10,19,1,10
MEM-2025-LOT7,M02,-9,19,1,10
MEM-2025-LOT7,M02,-8,19,1,10
MEM-2025-LOT7,M02,-7,19,1,10
MEM-2025-LOT7,M02,-6,19,1,10
MEM-2025-LOT7,M02,-5,19,1,10
MEM-2025-LOT7,M02,-4,19,1,10
MEM-2025-LOT7,M02,-3,19,1,10
MEM-2025-LOT7,M02,-2,19,1,10
MEM-2025-LOT7,M02,-1,19,1,10
MEM-2025-LOT7,M02,0,19,1,10
MEM-2025-LOT7,M02,1,19,1,10
MEM-2025-LOT7,M02,2,19,1,10
MEM-2025-LOT7,M02,3,19,1,10
MEM-2025-LOT7,M02,4,19,1,10
MEM-2025-LOT7,M02,5,19,1,10
MEM-2025-LOT7,M02,6,19,1,10
MEM-2025-LOT7,M02,7,19,1,10
MEM-2025-LOT7,M02,8,19,1,10
MEM-2025-LOT7,M02,9,19,1,10
MEM-2025-LOT7,M02,10,19,1,10
MEM-2025-LOT7,M02,11,19,1,10
MEM-2025-LOT7,M02,12,19,1,10
MEM-2025-LOT7,M02,13,19,1,10
MEM-2025-LOT7,M02,14,19,1,10
MEM-2025-LOT7,M02,15,19,1,10
MEM-2025-LOT7,M02,16,19,1,10
MEM-2025-LOT7,M02,17,19,1,10
MEM-2025-LOT7,M02,18,19,1,10
MEM-2025-LOT7,M02,19,19,1,10
MEM-2025-LOT7,M02,20,19,1,10
MEM-2025-LOT7,M02,21,19,1,10
MEM-2025-LOT7,M02,22,19,1,10
MEM-2025-LOT7,M02,23,19,1,10
MEM-2025-LOT7,M02,24,19,1,10
MEM-2025-LOT7,M02,25,19,1,10
MEM-2025-LOT7,M02,26,19,2,31
MEM-2025-LOT7,M02,27,19,1,10
MEM-2025-LOT7,M02,28,19,2,21
MEM-2025-LOT7,M02,29,19,3,20
MEM-2025-LOT7,M02,-29,20,1,10
MEM-2025-LOT7,M02,-28,20,1,10
MEM-2025-LOT7,M02,-27,20,2,22
MEM-2025-LOT7,M02,-26,20,4,30
MEM-2025-LOT7,M02,-25,20,2,22
MEM-2025-LOT7,M02,-24,20,1,10
MEM-2025-LOT7,M02,-23,20,1,10
MEM-2025-LOT7,M02,-22,20,1,10
MEM-2025-LOT7,M02,-21,20,1,10
MEM-2025-LOT7,M02,-20,20,1,10
MEM-2025-LOT7,M02,-19,20,1,10
MEM-2025-LOT7,M02,-18,20,1,10
MEM-2025-LOT7,M02,-17,20,1,10
MEM-2025-LOT7,M02,-16,20,1,10
MEM-2025-LOT7,M02,-15,20,1,10
MEM-2025-LOT7,M02,-14,20,1,10
MEM-2025-LOT7,M02,-13,20,1,10
MEM-2025-LOT7,M02,-12,20,1,10
MEM-2025-LOT7,M02,-11,20,1,10
MEM-2025-LOT7,M02,-10,20,1,10
MEM-2025-LOT7,M02,-9,20,1,10
MEM-2025-LOT7,M02,-8,20,1,10
MEM-2025-LOT7,M02,-7,20,1,10
MEM-2025-LOT7,M02,-6,20,1,10
MEM-2025-LOT7,M02,-5,20,1,10
MEM-2025-LOT7,M02,-4,20,1,10
MEM-2025-LOT7,M02,-3,20,4,20
MEM-2025-LOT7,M02,-2,20,1,10
MEM-2025-LOT7,M02,-1,20,1,10
MEM-2025-LOT7,M02,0,20,1,10
MEM-2025-LOT7,M02,1,20,1,10
MEM-2025-LOT7,M02,2,20,1,10
MEM-2025-LOT7,M02,3,20,1,10
MEM-2025-LOT7,M02,4,20,1,10
MEM-2025-LOT7,M02,5,20,1,10
MEM-2025-LOT7,M02,6,20,1,10
MEM-2025-LOT7,M02,7,20,1,10
MEM-2025-LOT7,M02,8,20,1,10
MEM-2025-LOT7,M02,9,20,1,10
MEM-2025-LOT7,M02,10,20,1,10
MEM-2025-LOT7,M02,11,20,1,10
MEM-2025-LOT7,M02,12,20,1,10
MEM-2025-LOT7,M02,13,20,1,10
MEM-2025-LOT7,M02,14,20,1,10
MEM-2025-LOT7,M02,15,20,1,10
MEM-2025-LOT7,M02,16,20,1,10
MEM-2025-LOT7,M02,17,20,1,10
MEM-2025-LOT7,M02,18,20,1,10
MEM-2025-LOT7,M02,19,20,1,10
MEM-2025-LOT7,M02,20,20,1,10
MEM-2025-LOT7,M02,21,20,1,10
MEM-2025-LOT7,M02,22,20,1,10
MEM-2025-LOT7,M02,23,20,3,21
MEM-2025-LOT7,M02,24,20,2,30
MEM-2025-LOT7,M02,25,20,1,10
MEM-2025-LOT7,M02,26,20,1,10
MEM-2025-LOT7,M02,27,20,1,10
MEM-2025-LOT7,M02,28,20,1,10
MEM-2025-LOT7,M02,29,20,4,20
MEM-2025-LOT7,M02,-29,21,1,10
MEM-2025-LOT7,M02,-28,21,1,10
MEM-2025-LOT7,M02,-27,21,2,31
MEM-2025-LOT7,M02,-26,21,1,10
MEM-2025-LOT7,M02,-25,21,1,10
MEM-2025-LOT7,M02,-24,21,1,10
MEM-2025-LOT7,M02,-23,21,2,20
MEM-2025-LOT7,M02,-22,21,1,10
MEM-2025-LOT7,M02,-21,21,1,10
MEM-2025-LOT7,M02,-20,21,1,10
MEM-2025-LOT7,M02,-19,21,1,10
MEM-2025-LOT7,M02,-18,21,1,10
MEM-2025-LOT7,M02,-17,21,1,10
MEM-2025-LOT7,M02,-16,21,1,10
MEM-2025-LOT7,M02,-15,21,1,10
MEM-2025-LOT7,M02,-14,21,1,10
MEM-2025-LOT7,M02,-13,21,1,10
MEM-2025-LOT7,M02,-12,21,1,10
MEM-2025-LOT7,M02,-11,21,3,30
MEM-2025-LOT7,M02,-10,21,1,10
MEM-2025-LOT7,M02,-9,21,1,10
MEM-2025-LOT7,M02,-8,21,1,10
MEM-2025-LOT7,M02,-7,21,1,10
MEM-2025-LOT7,M02,-6,21,1,10
MEM-2025-LOT7,M02,-5,21,1,10
MEM-2025-LOT7,M02,-4,21,1,10
MEM-2025-LOT7,M02,-3,21,1,10
MEM-2025-LOT7,M02,-2,21,1,10
MEM-2025-LOT7,M02,-1,21,1,10
MEM-2025-LOT7,M02,0,21,1,10
MEM-2025-LOT7,M02,1,21,1,10
MEM-2025-LOT7,M02,2,21,1,10
MEM-2025-LOT7,M02,3,21,1,10
MEM-2025-LOT7,M02,4,21,1,10
MEM-2025-LOT7,M02,5,21,1,10
MEM-2025-LOT7,M02,6,21,1,10
MEM-2025-LOT7,M02,7,21,1,10
MEM-2025-LOT7,M02,8,21,1,10
MEM-2025-LOT7,M02,9,21,1,10
MEM-2025-LOT7,M02,10,21,1,10
MEM-2025-LOT7,M02,11,21,1,10
MEM-2025-LOT7,M02,12,21,1,10
MEM-2025-LOT7,M02,13,21,1,10
MEM-2025-LOT7,M02,14,21,1,10
MEM-2025-LOT7,M02,15,21,1,10
MEM-2025-LOT7,M02,16,21,1,10
MEM-2025-LOT7,M02,17,21,1,10
MEM-2025-LOT7,M02,18,21,1,10
MEM-2025-LOT7,M02,19,21,1,10
MEM-2025-LOT7,M02,20,21,1,10
MEM-2025-LOT7,M02,21,21,1,10
MEM-2025-LOT7,M02,22,21,1,10
MEM-2025-LOT7,M02,23,21,4,31
MEM-2025-LOT7,M02,24,21,2,22
MEM-2025-LOT7,M02,25,21,1,10
MEM-2025-LOT7,M02,26,21,2,20
MEM-2025-LOT7,M02,27,21,1,10
MEM-2025-LOT7,M02,28,21,1,10
MEM-2025-LOT7,M02,29,21,1,10
MEM-2025-LOT7,M02,-28,22,1,10
MEM-2025-LOT7,M02,-27,22,1,10
MEM-2025-LOT7,M02,-26,22,1,10
MEM-2025-LOT7,M02,-25,22,1,10
MEM-2025-LOT7,M02,-24,22,1,10
MEM-2025-LOT7,M02,-23,22,3,30
MEM-2025-LOT7,M02,-22,22,1,10
MEM-2025-LOT7,M02,-21,22,1,10
MEM-2025-LOT7,M02,-20,22,1,10
MEM-2025-LOT7,M02,-19,22,1,10
MEM-2025-LOT7,M02,-18,22,1,10
MEM-2025-LOT7,M02,-17,22,1,10
MEM-2025-LOT7,M02,-16,22,1,10
MEM-2025-LOT7,M02,-15,22,1,10
MEM-2025-LOT7,M02,-14,22,1,10
MEM-2025-LOT7,M02,-13,22,1,10
MEM-2025-LOT7,M02,-12,22,1,10
MEM-2025-LOT7,M02,-11,22,1,10
MEM-2025-LOT7,M02,-10,22,1,10
MEM-2025-LOT7,M02,-9,22,1,10
MEM-2025-LOT7,M02,-8,22,1,10
MEM-2025-LOT7,M02,-7,22,1,10
MEM-2025-LOT7,M02,-6,22,1,10
MEM-2025-LOT7,M02,-5,22,1,10
MEM-2025-LOT7,M02,-4,22,1,10
MEM-2025-LOT7,M02,-3,22,1,10
MEM-2025-LOT7,M02,-2,22,1,10
MEM-2025-LOT7,M02,-1,22,1,10
MEM-2025-LOT7,M02,0,22,1,10
MEM-2025-LOT7,M02,1,22,1,10
MEM-2025-LOT7,M02,2,22,1,10
MEM-2025-LOT7,M02,3,22,1,10
MEM-2025-LOT7,M02,4,22,1,10
MEM-2025-LOT7,M02,5,22,1,10
MEM-2025-LOT7,M02,6,22,1,10
MEM-2025-LOT7,M02,7,22,1,10
MEM-2025-LOT7,M02,8,22,1,10
MEM-2025-LOT7,M02,9,22,1,10
MEM-2025-LOT7,M02,10,22,1,10
MEM-2025-LOT7,M02,11,22,1,10
MEM-2025-LOT7,M02,12,22,1,10
MEM-2025-LOT7,M02,13,22,1,10
MEM-2025-LOT7,M02,14,22,1,10
MEM-2025-LOT7,M02,15,22,1,10
MEM-2025-LOT7,M02,16,22,1,10
MEM-2025-LOT7,M02,17,22,1,10
MEM-2025-LOT7,M02,18,22,3,30
MEM-2025-LOT7,M02,19,22,1,10
MEM-2025-LOT7,M02,20,22,1,10
MEM-2025-LOT7,M02,21,22,1,10
MEM-2025-LOT7,M02,22,22,4,30
MEM-2025-LOT7,M02,23,22,3,31
MEM-2025-LOT7,M02,24,22,4,21
MEM-2025-LOT7,M02,25,22,2,21
MEM-2025-LOT7,M02,26,22,3,30
MEM-2025-LOT7,M02,27,22,2,21
MEM-2025-LOT7,M02,28,22,1,10
MEM-2025-LOT7,M02,-28,23,1,10
MEM-2025-LOT7,M02,-27,23,1,10
MEM-2025-LOT7,M02,-26,23,3,22
MEM-2025-LOT7,M02,-25,23,1,10
MEM-2025-LOT7,M02,-24,23,1,10
MEM-2025-LOT7,M02,-23,23,1,10
MEM-2025-LOT7,M02,-22,23,1,10
MEM-2025-LOT7,M02,-21,23,1,10
MEM-2025-LOT7,M02,-20,23,1,10
MEM-2025-LOT7,M02,-19,23,1,10
MEM-2025-LOT7,M02,-18,23,1,10
MEM-2025-LOT7,M02,-17,23,1,10
MEM-2025-LOT7,M02,-16,23,1,10
MEM-2025-LOT7,M02,-15,23,1,10
MEM-2025-LOT7,M02,-14,23,1,10
MEM-2025-LOT7,M02,-13,23,1,10
MEM-2025-LOT7,M02,-12,23,1,10
MEM-2025-LOT7,M02,-11,23,1,10
MEM-2025-LOT7,M02,-10,23,1,10
MEM-2025-LOT7,M02,-9,23,1,10
MEM-2025-LOT7,M02,-8,23,1,10
MEM-2025-LOT7,M02,-7,23,1,10
MEM-2025-LOT7,M02,-6,23,2,20
MEM-2025-LOT7,M02,-5,23,1,10
MEM-2025-LOT7,M02,-4,23,1,10
MEM-2025-LOT7,M02,-3,23,1,10
MEM-2025-LOT7,M02,-2,23,1,10
MEM-2025-LOT7,M02,-1,23,1,10
MEM-2025-LOT7,M02,0,23,1,10
MEM-2025-LOT7,M02,1,23,1,10
MEM-2025-LOT7,M02,2,23,1,10
MEM-2025-LOT7,M02,3,23,1,10
MEM-2025-LOT7,M02,4,23,1,10
MEM-2025-LOT7,M02,5,23,1,10
MEM-2025-LOT7,M02,6,23,1,10
MEM-2025-LOT7,M02,7,23,1,10
MEM-2025-LOT7,M02,8,23,2,31
MEM-2025-LOT7,M02,9,23,1,10
MEM-2025-LOT7,M02,10,23,1,10
MEM-2025-LOT7,M02,11,23,1,10
MEM-2025-LOT7,M02,12,23,1,10
MEM-2025-LOT7,M02,13,23,1,10
MEM-2025-LOT7,M02,14,23,1,10
MEM-2025-LOT7,M02,15,23,1,10
MEM-2025-LOT7,M02,16,23,1,10
MEM-2025-LOT7,M02,17,23,1,10
MEM-2025-LOT7,M02,18,23,1,10
MEM-2025-LOT7,M02,19,23,1,10
MEM-2025-LOT7,M02,20,23,1,10
MEM-2025-LOT7,M02,21,23,1,10
MEM-2025-LOT7,M02,22,23,3,21
MEM-2025-LOT7,M02,23,23,1,10
MEM-2025-LOT7,M02,24,23,1,10
MEM-2025-LOT7,M02,25,23,1,10
MEM-2025-LOT7,M02,26,23,1,10
MEM-2025-LOT7,M02,27,23,3,20
MEM-2025-LOT7,M02,28,23,3,31
MEM-2025-LOT7,M02,-28,24,1,10
MEM-2025-LOT7,M02,-27,24,2,22
MEM-2025-LOT7,M02,-26,24,1,10
MEM-2025-LOT7,M02,-25,24,3,22
MEM-2025-LOT7,M02,-24,24,1,10
MEM-2025-LOT7,M02,-23,24,1,10
MEM-2025-LOT7,M02,-22,24,1,10
MEM-2025-LOT7,M02,-21,24,4,31
MEM-2025-LOT7,M02,-20,24,1,10
MEM-2025-LOT7,M02,-19,24,1,10
MEM-2025-LOT7,M02,-18,24,3,21
MEM-2025-LOT7,M02,-17,24,1,10
MEM-2025-LOT7,M02,-16,24,1,10
MEM-2025-LOT7,M02,-15,24,1,10
MEM-2025-LOT7,M02,-14,24,1,10
MEM-2025-LOT7,M02,-13,24,1,10
MEM-2025-LOT7,M02,-12,24,2,22
MEM-2025-LOT7,M02,-11,24,1,10
MEM-2025-LOT7,M02,-10,24,1,10
MEM-2025-LOT7,M02,-9,24,1,10
MEM-2025-LOT7,M02,-8,24,1,10
MEM-2025-LOT7,M02,-7,24,1,10
MEM-2025-LOT7,M02,-6,24,1,10
MEM-2025-LOT7,M02,-5,24,1,10
MEM-2025-LOT7,M02,-4,24,1,10
MEM-2025-LOT7,M02,-3,24,1,10
MEM-2025-LOT7,M02,-2,24,1,10
MEM-2025-LOT7,M02,-1,24,1,10
MEM-2025-LOT7,M02,0,24,1,10
MEM-2025-LOT7,M02,1,24,1,10
MEM-2025-LOT7,M02,2,24,1,10
MEM-2025-LOT7,M02,3,24,1,10
MEM-2025-LOT7,M02,4,24,1,10
MEM-2025-LOT7,M02,5,24,1,10
MEM-2025-LOT7,M02,6,24,1,10
MEM-2025-LOT7,M02,7,24,1,10
MEM-2025-LOT7,M02,8,24,1,10
MEM-2025-LOT7,M02,9,24,1,10
MEM-2025-LOT7,M02,10,24,1,10
MEM-2025-LOT7,M02,11,24,1,10
MEM-2025-LOT7,M02,12,24,1,10
MEM-2025-LOT7,M02,13,24,1,10
MEM-2025-LOT7,M02,14,24,1,10
MEM-2025-LOT7,M02,15,24,1,10
MEM-2025-LOT7,M02,16,24,1,10
MEM-2025-LOT7,M02,17,24,1,10
MEM-2025-LOT7,M02,18,24,1,10
MEM-2025-LOT7,M02,19,24,1,10
MEM-2025-LOT7,M02,20,24,1,10
MEM-2025-LOT7,M02,21,24,1,10
MEM-2025-LOT7,M02,22,24,2,22
MEM-2025-LOT7,M02,23,24,1,10
MEM-2025-LOT7,M02,24,24,4,31
MEM-2025-LOT7,M02,25,24,1,10
MEM-2025-LOT7,M02,26,24,2,30
MEM-2025-LOT7,M02,27,24,2,21
MEM-2025-LOT7,M02,28,24,1,10
MEM-2025-LOT7,M02,-27,25,1,10
MEM-2025-LOT7,M02,-26,25,1,10
MEM-2025-LOT7,M02,-25,25,1,10
MEM-2025-LOT7,M02,-24,25,1,10
MEM-2025-LOT7,M02,-23,25,1,10
MEM-2025-LOT7,M02,-22,25,2,22
MEM-2025-LOT7,M02,-21,25,1,10
MEM-2025-LOT7,M02,-20,25,1,10
MEM-2025-LOT7,M02,-19,25,1,10
MEM-2025-LOT7,M02,-18,25,1,10
MEM-2025-LOT7,M02,-17,25,1,10
MEM-2025-LOT7,M02,-16,25,1,10
MEM-2025-LOT7,M02,-15,25,1,10
MEM-2025-LOT7,M02,-14,25,1,10
MEM-2025-LOT7,M02,-13,25,1,10
MEM-2025-LOT7,M02,-12,25,1,10
MEM-2025-LOT7,M02,-11,25,1,10
MEM-2025-LOT7,M02,-10,25,1,10
MEM-2025-LOT7,M02,-9,25,1,10
MEM-2025-LOT7,M02,-8,25,1,10
MEM-2025-LOT7,M02,-7,25,1,10
MEM-2025-LOT7,M02,-6,25,1,10
MEM-2025-LOT7,M02,-5,25,1,10
MEM-2025-LOT7,M02,-4,25,1,10
MEM-2025-LOT7,M02,-3,25,1,10
MEM-2025-LOT7,M02,-2,25,1,10
MEM-2025-LOT7,M02,-1,25,1,10
MEM-2025-LOT7,M02,0,25,1,10
MEM-2025-LOT7,M02,1,25,1,10
MEM-2025-LOT7,M02,2,25,1,10
MEM-2025-LOT7,M02,3,25,1,10
MEM-2025-LOT7,M02,4,25,1,10
MEM-2025-LOT7,M02,5,25,1,10
MEM-2025-LOT7,M02,6,25,1,10
MEM-2025-LOT7,M02,7,25,1,10
MEM-2025-LOT7,M02,8,25,1,10
MEM-2025-LOT7,M02,9,25,1,10
MEM-2025-LOT7,M02,10,25,1,10
MEM-2025-LOT7,M02,11,25,1,10
MEM-2025-LOT7,M02,12,25,1,10
MEM-2025-LOT7,M02,13,25,1,10
MEM-2025-LOT7,M02,14,25,1,10
MEM-2025-LOT7,M02,15,25,1,10
MEM-2025-LOT7,M02,16,25,1,10
MEM-2025-LOT7,M02,17,25,1,10
MEM-2025-LOT7,M02,18,25,1,10
MEM-2025-LOT7,M02,19,25,1,10
MEM-2025-LOT7,M02,20,25,1,10
MEM-2025-LOT7,M02,21,25,1,10
MEM-2025-LOT7,M02,22,25,4,20
MEM-2025-LOT7,M02,23,25,1,10
MEM-2025-LOT7,M02,24,25,1,10
MEM-2025-LOT7,M02,25,25,2,20
MEM-2025-LOT7,M02,26,25,1,10
MEM-2025-LOT7,M02,27,25,1,10
MEM-2025-LOT7,M02,-27,26,1,10
MEM-2025-LOT7,M02,-26,26,2,22
MEM-2025-LOT7,M02,-25,26,3,30
MEM-2025-LOT7,M02,-24,26,1,10
MEM-2025-LOT7,M02,-23,26,4,21
MEM-2025-LOT7,M02,-22,26,3,30
MEM-2025-LOT7,M02,-21,26,1,10
MEM-2025-LOT7,M02,-20,26,4,31
MEM-2025-LOT7,M02,-19,26,1,10
MEM-2025-LOT7,M02,-18,26,1,10
MEM-2025-LOT7,M02,-17,26,1,10
MEM-2025-LOT7,M02,-16,26,1,10
MEM-2025-LOT7,M02,-15,26,1,10
MEM-2025-LOT7,M02,-14,26,1,10
MEM-2025-LOT7,M02,-13,26,1,10
MEM-2025-LOT7,M02,-12,26,1,10
MEM-2025-LOT7,M02,-11,26,1,10
MEM-2025-LOT7,M02,-10,26,1,10
MEM-2025-LOT7,M02,-9,26,1,10
MEM-2025-LOT7,M02,-8,26,1,10
MEM-2025-LOT7,M02,-7,26,1,10
MEM-2025-LOT7,M02,-6,26,1,10
MEM-2025-LOT7,M02,-5,26,1,10
MEM-2025-LOT7,M02,-4,26,1,10
MEM-2025-LOT7,M02,-3,26,1,10
MEM-2025-LOT7,M02,-2,26,1,10
MEM-2025-LOT7,M02,-1,26,1,10
MEM-2025-LOT7,M02,0,26,1,10
MEM-2025-LOT7,M02,1,26,1,10
MEM-2025-LOT7,M02,2,26,1,10
MEM-2025-LOT7,M02,3,26,1,10
MEM-2025-LOT7,M02,4,26,1,10
MEM-2025-LOT7,M02,5,26,1,10
MEM-2025-LOT7,M02,6,26,1,10
MEM-2025-LOT7,M02,7,26,1,10
MEM-2025-LOT7,M02,8,26,1,10
MEM-2025-LOT7,M02,9,26,1,10
MEM-2025-LOT7,M02,10,26,1,10
MEM-2025-LOT7,M02,11,26,1,10
MEM-2025-LOT7,M02,12,26,1,10
MEM-2025-LOT7,M02,13,26,1,10
MEM-2025-LOT7,M02,14,26,1,10
MEM-2025-LOT7,M02,15,26,1,10
MEM-2025-LOT7,M02,16,26,1,10
MEM-2025-LOT7,M02,17,26,1,10
MEM-2025-LOT7,M02,18,26,1,10
MEM-2025-LOT7,M02,19,26,1,10
MEM-2025-LOT7,M02,20,26,1,10
MEM-2025-LOT7,M02,21,26,1,10
MEM-2025-LOT7,M02,22,26,1,10
MEM-2025-LOT7,M02,23,26,3,31
MEM-2025-LOT7,M02,24,26,4,31
MEM-2025-LOT7,M02,25,26,1,10
MEM-2025-LOT7,M02,26,26,1,10
MEM-2025-LOT7,M02,27,26,1,10
MEM-2025-LOT7,M02,-26,27,1,10
MEM-2025-LOT7,M02,-25,27,2,22
MEM-2025-LOT7,M02,-24,27,1,10
MEM-2025-LOT7,M02,-23,27,2,21
MEM-2025-LOT7,M02,-22,27,2,20
MEM-2025-LOT7,M02,-21,27,2,31
MEM-2025-LOT7,M02,-20,27,2,20
MEM-2025-LOT7,M02,-19,27,1,10
MEM-2025-LOT7,M02,-18,27,1,10
MEM-2025-LOT7,M02,-17,27,1,10
MEM-2025-LOT7,M02,-16,27,1,10
MEM-2025-LOT7,M02,-15,27,1,10
MEM-2025-LOT7,M02,-14,27,1,10
MEM-2025-LOT7,M02,-13,27,1,10
MEM-2025-LOT7,M02,-12,27,1,10
MEM-2025-LOT7,M02,-11,27,1,10
MEM-2025-LOT7,M02,-10,27,1,10
MEM-2025-LOT7,M02,-9,27,1,10
MEM-2025-LOT7,M02,-8,27,1,10
MEM-2025-LOT7,M02,-7,27,1,10
MEM-2025-LOT7,M02,-6,27,1,10
MEM-2025-LOT7,M02,-5,27,1,10
MEM-2025-LOT7,M02,-4,27,1,10
MEM-2025-LOT7,M02,-3,27,1,10
MEM-2025-LOT7,M02,-2,27,1,10
MEM-2025-LOT7,M02,-1,27,1,10
MEM-2025-LOT7,M02,0,27,1,10
MEM-2025-LOT7,M02,1,27,1,10
MEM-2025-LOT7,M02,2,27,1,10
MEM-2025-LOT7,M02,3,27,1,10
MEM-2025-LOT7,M02,4,27,1,10
MEM-2025-LOT7,M02,5,27,1,10
MEM-2025-LOT7,M02,6,27,1,10
MEM-2025-LOT7,M02,7,27,1,10
MEM-2025-LOT7,M02,8,27,1,10
MEM-2025-LOT7,M02,9,27,1,10
MEM-2025-LOT7,M02,10,27,1,10
MEM-2025-LOT7,M02,11,27,3,20
MEM-2025-LOT7,M02,12,27,1,10
MEM-2025-LOT7,M02,13,27,1,10
MEM-2025-LOT7,M02,14,27,1,10
MEM-2025-LOT7,M02,15,27,1,10
MEM-2025-LOT7,M02,16,27,1,10
MEM-2025-LOT7,M02,17,27,1,10
MEM-2025-LOT7,M02,18,27,1,10
MEM-2025-LOT7,M02,19,27,1,10
MEM-2025-LOT7,M02,20,27,4,22
MEM-2025-LOT7,M02,21,27,1,10
MEM-2025-LOT7,M02,22,27,2,30
MEM-2025-LOT7,M02,23,27,1,10
MEM-2025-LOT7,M02,24,27,2,21
MEM-2025-LOT7,M02,25,27,1,10
MEM-2025-LOT7,M02,26,27,2,30
MEM-2025-LOT7,M02,-26,28,1,10
MEM-2025-LOT7,M02,-25,28,1,10
MEM-2025-LOT7,M02,-24,28,2,20
MEM-2025-LOT7,M02,-23,28,1,10
MEM-2025-LOT7,M02,-22,28,1,10
MEM-2025-LOT7,M02,-21,28,2,22
MEM-2025-LOT7,M02,-20,28,3,22
MEM-2025-LOT7,M02,-19,28,1,10
MEM-2025-LOT7,M02,-18,28,1,10
MEM-2025-LOT7,M02,-17,28,1,10
MEM-2025-LOT7,M02,-16,28,1,10
MEM-2025-LOT7,M02,-15,28,1,10
MEM-2025-LOT7,M02,-14,28,1,10
MEM-2025-LOT7,M02,-13,28,1,10
MEM-2025-LOT7,M02,-12,28,1,10
MEM-2025-LOT7,M02,-11,28,1,10
MEM-2025-LOT7,M02,-10,28,1,10
MEM-2025-LOT7,M02,-9,28,1,10
MEM-2025-LOT7,M02,-8,28,1,10
MEM-2025-LOT7,M02,-7,28,1,10
MEM-2025-LOT7,M02,-6,28,1,10
MEM-2025-LOT7,M02,-5,28,1,10
MEM-2025-LOT7,M02,-4,28,1,10
MEM-2025-LOT7,M02,-3,28,1,10
MEM-2025-LOT7,M02,-2,28,1,10
MEM-2025-LOT7,M02,-1,28,1,10
MEM-2025-LOT7,M02,0,28,1,10
MEM-2025-LOT7,M02,1,28,1,10
MEM-2025-LOT7,M02,2,28,1,10
MEM-2025-LOT7,M02,3,28,1,10
MEM-2025-LOT7,M02,4,28,1,10
MEM-2025-LOT7,M02,5,28,1,10
MEM-2025-LOT7,M02,6,28,1,10
MEM-2025-LOT7,M02,7,28,1,10
MEM-2025-LOT7,M02,8,28,1,10
MEM-2025-LOT7,M02,9,28,1,10
MEM-2025-LOT7,M02,10,28,1,10
MEM-2025-LOT7,M02,11,28,1,10
MEM-2025-LOT7,M02,12,28,1,10
MEM-2025-LOT7,M02,13,28,1,10
MEM-2025-LOT7,M02,14,28,1,10
MEM-2025-LOT7,M02,15,28,1,10
MEM-2025-LOT7,M02,16,28,1,10
MEM-2025-LOT7,M02,17,28,1,10
MEM-2025-LOT7,M02,18,28,1,10
MEM-2025-LOT7,M02,19,28,2,21
MEM-2025-LOT7,M02,20,28,1,10
MEM-2025-LOT7,M02,21,28,1,10
MEM-2025-LOT7,M02,22,28,3,31
MEM-2025-LOT7,M02,23,28,2,22
MEM-2025-LOT7,M02,24,28,1,10
MEM-2025-LOT7,M02,25,28,1,10
MEM-2025-LOT7,M02,26,28,1,10
MEM-2025-LOT7,M02,-25,29,3,22
MEM-2025-LOT7,M02,-24,29,2,30
MEM-2025-LOT7,M02,-23,29,4,30
MEM-2025-LOT7,M02,-22,29,2,20
MEM-2025-LOT7,M02,-21,29,1,10
MEM-2025-LOT7,M02,-20,29,4,20
MEM-2025-LOT7,M02,-19,29,1,10
MEM-2025-LOT7,M02,-18,29,2,20
MEM-2025-LOT7,M02,-17,29,1,10
MEM-2025-LOT7,M02,-16,29,1,10
MEM-2025-LOT7,M02,-15,29,1,10
MEM-2025-LOT7,M02,-14,29,1,10
MEM-2025-LOT7,M02,-13,29,1,10
MEM-2025-LOT7,M02,-12,29,1,10
MEM-2025-LOT7,M02,-11,29,1,10
MEM-2025-LOT7,M02,-10,29,1,10
MEM-2025-LOT7,M02,-9,29,1,10
MEM-2025-LOT7,M02,-8,29,1,10
MEM-2025-LOT7,M02,-7,29,1,10
MEM-2025-LOT7,M02,-6,29,1,10
MEM-2025-LOT7,M02,-5,29,1,10
MEM-2025-LOT7,M02,-4,29,1,10
MEM-2025-LOT7,M02,-3,29,1,10
MEM-2025-LOT7,M02,-2,29,1,10
MEM-2025-LOT7,M02,-1,29,1,10
MEM-2025-LOT7,M02,0,29,1,10
MEM-2025-LOT7,M02,1,29,1,10
MEM-2025-LOT7,M02,2,29,1,10
MEM-2025-LOT7,M02,3,29,1,10
MEM-2025-LOT7,M02,4,29,1,10
MEM-2025-LOT7,M02,5,29,1,10
MEM-2025-LOT7,M02,6,29,1,10
MEM-2025-LOT7,M02,7,29,1,10
MEM-2025-LOT7,M02,8,29,1,10
MEM-2025-LOT7,M02,9,29,1,10
MEM-2025-LOT7,M02,10,29,1,10
MEM-2025-LOT7,M02,11,29,1,10
MEM-2025-LOT7,M02,12,29,1,10
MEM-2025-LOT7,M02,13,29,1,10
MEM-2025-LOT7,M02,14,29,1,10
MEM-2025-LOT7,M02,15,29,1,10
MEM-2025-LOT7,M02,16,29,1,10
MEM-2025-LOT7,M02,17,29,1,10
MEM-2025-LOT7,M02,18,29,1,10
MEM-2025-LOT7,M02,19,29,4,22
MEM-2025-LOT7,M02,20,29,4,30
MEM-2025-LOT7,M02,21,29,2,30
MEM-2025-LOT7,M02,22,29,1,10
MEM-2025-LOT7,M02,23,29,3,31
MEM-2025-LOT7,M02,24,29,1,10
MEM-2025-LOT7,M02,25,29,1,10
MEM-2025-LOT7,M02,-25,30,1,10
MEM-2025-LOT7,M02,-24,30,1,10
MEM-2025-LOT7,M02,-23,30,2,30
MEM-2025-LOT7,M02,-22,30,1,10
MEM-2025-LOT7,M02,-21,30,1,10
MEM-2025-LOT7,M02,-20,30,1,10
MEM-2025-LOT7,M02,-19,30,2,30
MEM-2025-LOT7,M02,-18,30,2,30
MEM-2025-LOT7,M02,-17,30,1,10
MEM-2025-LOT7,M02,-16,30,1,10
MEM-2025-LOT7,M02,-15,30,1,10
MEM-2025-LOT7,M02,-14,30,1,10
MEM-2025-LOT7,M02,-13,30,1,10
MEM-2025-LOT7,M02,-12,30,1,10
MEM-2025-LOT7,M02,-11,30,1,10
MEM-2025-LOT7,M02,-10,30,1,10
MEM-2025-LOT7,M02,-9,30,1,10
MEM-2025-LOT7,M02,-8,30,1,10
MEM-2025-LOT7,M02,-7,30,1,10
MEM-2025-LOT7,M02,-6,30,1,10
MEM-2025-LOT7,M02,-5,30,1,10
MEM-2025-LOT7,M02,-4,30,1,10
MEM-2025-LOT7,M02,-3,30,1,10
MEM-2025-LOT7,M02,-2,30,1,10
MEM-2025-LOT7,M02,-1,30,1,10
MEM-2025-LOT7,M02,0,30,1,10
MEM-2025-LOT7,M02,1,30,1,10
MEM-2025-LOT7,M02,2,30,1,10
MEM-2025-LOT7,M02,3,30,1,10
MEM-2025-LOT7,M02,4,30,1,10
MEM-2025-LOT7,M02,5,30,1,10
MEM-2025-LOT7,M02,6,30,1,10
MEM-2025-LOT7,M02,7,30,1,10
MEM-2025-LOT7,M02,8,30,1,10
MEM-2025-LOT7,M02,9,30,1,10
MEM-2025-LOT7,M02,10,30,1,10
MEM-2025-LOT7,M02,11,30,1,10
MEM-2025-LOT7,M02,12,30,1,10
MEM-2025-LOT7,M02,13,30,1,10
MEM-2025-LOT7,M02,14,30,1,10
MEM-2025-LOT7,M02,15,30,1,10
MEM-2025-LOT7,M02,16,30,1,10
MEM-2025-LOT7,M02,17,30,1,10
MEM-2025-LOT7,M02,18,30,3,30
MEM-2025-LOT7,M02,19,30,3,30
MEM-2025-LOT7,M02,20,30,4,30
MEM-2025-LOT7,M02,21,30,1,10
MEM-2025-LOT7,M02,22,30,4,20
MEM-2025-LOT7,M02,23,30,1,10
MEM-2025-LOT7,M02,24,30,1,10
MEM-2025-LOT7,M02,25,30,1,10
MEM-2025-LOT7,M02,-24,31,1,10
MEM-2025-LOT7,M02,-23,31,1,10
MEM-2025-LOT7,M02,-22,31,1,10
MEM-2025-LOT7,M02,-21,31,1,10
MEM-2025-LOT7,M02,-20,31,3,21
MEM-2025-LOT7,M02,-19,31,3,22
MEM-2025-LOT7,M02,-18,31,1,10
MEM-2025-LOT7,M02,-17,31,1,10
MEM-2025-LOT7,M02,-16,31,1,10
MEM-2025-LOT7,M02,-15,31,1,10
MEM-2025-LOT7,M02,-14,31,1,10
MEM-2025-LOT7,M02,-13,31,1,10
MEM-2025-LOT7,M02,-12,31,1,10
MEM-2025-LOT7,M02,-11,31,1,10
MEM-2025-LOT7,M02,-10,31,1,10
MEM-2025-LOT7,M02,-9,31,1,10
MEM-2025-LOT7,M02,-8,31,1,10
MEM-2025-LOT7,M02,-7,31,1,10
MEM-2025-LOT7,M02,-6,31,1,10
MEM-2025-LOT7,M02,-5,31,1,10
MEM-2025-LOT7,M02,-4,31,1,10
MEM-2025-LOT7,M02,-3,31,1,10
MEM-2025-LOT7,M02,-2,31,1,10
MEM-2025-LOT7,M02,-1,31,1,10
MEM-2025-LOT7,M02,0,31,1,10
MEM-2025-LOT7,M02,1,31,1,10
MEM-2025-LOT7,M02,2,31,1,10
MEM-2025-LOT7,M02,3,31,1,10
MEM-2025-LOT7,M02,4,31,1,10
MEM-2025-LOT7,M02,5,31,4,20
MEM-2025-LOT7,M02,6,31,2,31
MEM-2025-LOT7,M02,7,31,1,10
MEM-2025-LOT7,M02,8,31,1,10
MEM-2025-LOT7,M02,9,31,1,10
MEM-2025-LOT7,M02,10,31,1,10
MEM-2025-LOT7,M02,11,31,1,10
MEM-2025-LOT7,M02,12,31,1,10
MEM-2025-LOT7,M02,13,31,1,10
MEM-2025-LOT7,M02,14,31,1,10
MEM-2025-LOT7,M02,15,31,1,10
MEM-2025-LOT7,M02,16,31,1,10
MEM-2025-LOT7,M02,17,31,1,10
MEM-2025-LOT7,M02,18,31,1,10
MEM-2025-LOT7,M02,19,31,3,30
MEM-2025-LOT7,M02,20,31,1,10
MEM-2025-LOT7,M02,21,31,2,20
MEM-2025-LOT7,M02,22,31,4,30
MEM-2025-LOT7,M02,23,31,4,21
MEM-2025-LOT7,M02,24,31,2,22
MEM-2025-LOT7,M02,-24,32,1,10
MEM-2025-LOT7,M02,-23,32,3,20
MEM-2025-LOT7,M02,-22,32,3,22
MEM-2025-LOT7,M02,-21,32,3,22
MEM-2025-LOT7,M02,-20,32,3,31
MEM-2025-LOT7,M02,-19,32,4,20
MEM-2025-LOT7,M02,-18,32,2,20
MEM-2025-LOT7,M02,-17,32,1,10
MEM-2025-LOT7,M02,-16,32,4,20
MEM-2025-LOT7,M02,-15,32,1,10
MEM-2025-LOT7,M02,-14,32,1,10
MEM-2025-LOT7,M02,-13,32,1,10
MEM-2025-LOT7,M02,-12,32,1,10
MEM-2025-LOT7,M02,-11,32,1,10
MEM-2025-LOT7,M02,-10,32,1,10
MEM-2025-LOT7,M02,-9,32,1,10
MEM-2025-LOT7,M02,-8,32,1,10
MEM-2025-LOT7,M02,-7,32,1,10
MEM-2025-LOT7,M02,-6,32,1,10
MEM-2025-LOT7,M02,-5,32,1,10
MEM-2025-LOT7,M02,-4,32,1,10
MEM-2025-LOT7,M02,-3,32,1,10
MEM-2025-LOT7,M02,-2,32,1,10
MEM-2025-LOT7,M02,-1,32,1,10
MEM-2025-LOT7,M02,0,32,1,10
MEM-2025-LOT7,M02,1,32,1,10
MEM-2025-LOT7,M02,2,32,1,10
MEM-2025-LOT7,M02,3,32,1,10
MEM-2025-LOT7,M02,4,32,1,10
MEM-2025-LOT7,M02,5,32,1,10
MEM-2025-LOT7,M02,6,32,1,10
MEM-2025-LOT7,M02,7,32,1,10
MEM-2025-LOT7,M02,8,32,1,10
MEM-2025-LOT7,M02,9,32,1,10
MEM-2025-LOT7,M02,10,32,1,10
MEM-2025-LOT7,M02,11,32,1,10
MEM-2025-LOT7,M02,12,32,1,10
MEM-2025-LOT7,M02,13,32,1,10
MEM-2025-LOT7,M02,14,32,1,10
MEM-2025-LOT7,M02,15,32,1,10
MEM-2025-LOT7,M02,16,32,1,10
MEM-2025-LOT7,M02,17,32,3,31
MEM-2025-LOT7,M02,18,32,2,31
MEM-2025-LOT7,M02,19,32,1,10
MEM-2025-LOT7,M02,20,32,2,31
MEM-2025-LOT7,M02,21,32,4,22
MEM-2025-LOT7,M02,22,32,4,21
MEM-2025-LOT7,M02,23,32,1,10
MEM-2025-LOT7,M02,24,32,4,21
MEM-2025-LOT7,M02,-23,33,1,10
MEM-2025-LOT7,M02,-22,33,2,31
MEM-2025-LOT7,M02,-21,33,3,30
MEM-2025-LOT7,M02,-20,33,1,10
MEM-2025-LOT7,M02,-19,33,3,21
MEM-2025-LOT7,M02,-18,33,1,10
MEM-2025-LOT7,M02,-17,33,2,20
MEM-2025-LOT7,M02,-16,33,1,10
MEM-2025-LOT7,M02,-15,33,2,31
MEM-2025-LOT7,M02,-14,33,1,10
MEM-2025-LOT7,M02,-13,33,1,10
MEM-2025-LOT7,M02,-12,33,1,10
MEM-2025-LOT7,M02,-11,33,4,31
MEM-2025-LOT7,M02,-10,33,1,10
MEM-2025-LOT7,M02,-9,33,1,10
MEM-2025-LOT7,M02,-8,33,1,10
MEM-2025-LOT7,M02,-7,33,1,10
MEM-2025-LOT7,M02,-6,33,1,10
MEM-2025-LOT7,M02,-5,33,1,10
MEM-2025-LOT7,M02,-4,33,1,10
MEM-2025-LOT7,M02,-3,33,1,10
MEM-2025-LOT7,M02,-2,33,1,10
MEM-2025-LOT7,M02,-1,33,1,10
MEM-2025-LOT7,M02,0,33,1,10
MEM-2025-LOT7,M02,1,33,1,10
MEM-2025-LOT7,M02,2,33,1,10
MEM-2025-LOT7,M02,3,33,1,10
MEM-2025-LOT7,M02,4,33,1,10
MEM-2025-LOT7,M02,5,33,1,10
MEM-2025-LOT7,M02,6,33,1,10
MEM-2025-LOT7,M02,7,33,1,10
MEM-2025-LOT7,M02,8,33,1,10
MEM-2025-LOT7,M02,9,33,1,10
MEM-2025-LOT7,M02,10,33,1,10
MEM-2025-LOT7,M02,11,33,1,10
MEM-2025-LOT7,M02,12,33,1,10
MEM-2025-LOT7,M02,13,33,1,10
MEM-2025-LOT7,M02,14,33,1,10
MEM-2025-LOT7,M02,15,33,1,10
MEM-2025-LOT7,M02,16,33,1,10
MEM-2025-LOT7,M02,17,33,3,22
MEM-2025-LOT7,M02,18,33,1,10
MEM-2025-LOT7,M02,19,33,1,10
MEM-2025-LOT7,M02,20,33,1,10
MEM-2025-LOT7,M02,21,33,1,10
MEM-2025-LOT7,M02,22,33,1,10
MEM-2025-LOT7,M02,23,33,1,10
MEM-2025-LOT7,M02,-23,34,2,31
MEM-2025-LOT7,M02,-22,34,1,10
MEM-2025-LOT7,M02,-21,34,2,20
MEM-2025-LOT7,M02,-20,34,2,30
MEM-2025-LOT7,M02,-19,34,2,21
MEM-2025-LOT7,M02,-18,34,2,21
MEM-2025-LOT7,M02,-17,34,2,20
MEM-2025-LOT7,M02,-16,34,1,10
MEM-2025-LOT7,M02,-15,34,2,20
MEM-2025-LOT7,M02,-14,34,3,21
MEM-2025-LOT7,M02,-13,34,1,10
MEM-2025-LOT7,M02,-12,34,1,10
MEM-2025-LOT7,M02,-11,34,1,10
MEM-2025-LOT7,M02,-10,34,1,10
MEM-2025-LOT7,M02,-9,34,3,31
MEM-2025-LOT7,M02,-8,34,1,10
MEM-2025-LOT7,M02,-7,34,1,10
MEM-2025-LOT7,M02,-6,34,1,10
MEM-2025-LOT7,M02,-5,34,1,10
MEM-2025-LOT7,M02,-4,34,1,10
MEM-2025-LOT7,M02,-3,34,1,10
MEM-2025-LOT7,M02,-2,34,1,10
MEM-2025-LOT7,M02,-1,34,1,10
MEM-2025-LOT7,M02,0,34,1,10
MEM-2025-LOT7,M02,1,34,1,10
MEM-2025-LOT7,M02,2,34,1,10
MEM-2025-LOT7,M02,3,34,1,10
MEM-2025-LOT7,M02,4,34,1,10
MEM-2025-LOT7,M02,5,34,1,10
MEM-2025-LOT7,M02,6,34,1,10
MEM-2025-LOT7,M02,7,34,1,10
MEM-2025-LOT7,M02,8,34,1,10
MEM-2025-LOT7,M02,9,34,1,10
MEM-2025-LOT7,M02,10,34,1,10
MEM-2025-LOT7,M02,11,34,2,31
MEM-2025-LOT7,M02,12,34,1,10
MEM-2025-LOT7,M02,13,34,1,10
MEM-2025-LOT7,M02,14,34,1,10
MEM-2025-LOT7,M02,15,34,3,22
MEM-2025-LOT7,M02,16,34,4,21
MEM-2025-LOT7,M02,17,34,3,20
MEM-2025-LOT7,M02,18,34,3,31
MEM-2025-LOT7,M02,19,34,1,10
MEM-2025-LOT7,M02,20,34,4,30
MEM-2025-LOT7,M02,21,34,1,10
MEM-2025-LOT7,M02,22,34,1,10
MEM-2025-LOT7,M02,23,34,1,10
MEM-2025-LOT7,M02,-22,35,2,22
MEM-2025-LOT7,M02,-21,35,2,20
MEM-2025-LOT7,M02,-20,35,1,10
MEM-2025-LOT7,M02,-19,35,1,10
MEM-2025-LOT7,M02,-18,35,1,10
MEM-2025-LOT7,M02,-17,35,3,31
MEM-2025-LOT7,M02,-16,35,4,22
MEM-2025-LOT7,M02,-15,35,1,10
MEM-2025-LOT7,M02,-14,35,1,10
MEM-2025-LOT7,M02,-13,35,1,10
MEM-2025-LOT7,M02,-12,35,1,10
MEM-2025-LOT7,M02,-11,35,1,10
MEM-2025-LOT7,M02,-10,35,1,10
MEM-2025-LOT7,M02,-9,35,1,10
MEM-2025-LOT7,M02,-8,35,1,10
MEM-2025-LOT7,M02,-7,35,1,10
MEM-2025-LOT7,M02,-6,35,1,10
MEM-2025-LOT7,M02,-5,35,1,10
MEM-2025-LOT7,M02,-4,35,1,10
MEM-2025-LOT7,M02,-3,35,1,10
MEM-2025-LOT7,M02,-2,35,1,10
MEM-2025-LOT7,M02,-1,35,1,10
MEM-2025-LOT7,M02,0,35,1,10
MEM-2025-LOT7,M02,1,35,1,10
MEM-2025-LOT7,M02,2,35,1,10
MEM-2025-LOT7,M02,3,35,1,10
MEM-2025-LOT7,M02,4,35,1,10
MEM-2025-LOT7,M02,5,35,1,10
MEM-2025-LOT7,M02,6,35,1,10
MEM-2025-LOT7,M02,7,35,1,10
MEM-2025-LOT7,M02,8,35,1,10
MEM-2025-LOT7,M02,9,35,1,10
MEM-2025-LOT7,M02,10,35,1,10
MEM-2025-LOT7,M02,11,35,1,10
MEM-2025-LOT7,M02,12,35,1,10
MEM-2025-LOT7,M02,13,35,2,22
MEM-2025-LOT7,M02,14,35,1,10
MEM-2025-LOT7,M02,15,35,1,10
MEM-2025-LOT7,M02,16,35,4,31
MEM-2025-LOT7,M02,17,35,1,10
MEM-2025-LOT7,M02,18,35,2,21
MEM-2025-LOT7,M02,19,35,2,31
MEM-2025-LOT7,M02,20,35,2,31
MEM-2025-LOT7,M02,21,35,1,10
MEM-2025-LOT7,M02,22,35,4,21
MEM-2025-LOT7,M02,-21,36,1,10
MEM-2025-LOT7,M02,-20,36,2,20
MEM-2025-LOT7,M02,-19,36,4,30
MEM-2025-LOT7,M02,-18,36,1,10
MEM-2025-LOT7,M02,-17,36,1,10
MEM-2025-LOT7,M02,-16,36,1,10
MEM-2025-LOT7,M02,-15,36,1,10
MEM-2025-LOT7,M02,-14,36,2,22
MEM-2025-LOT7,M02,-13,36,1,10
MEM-2025-LOT7,M02,-12,36,2,21
MEM-2025-LOT7,M02,-11,36,1,10
MEM-2025-LOT7,M02,-10,36,1,10
MEM-2025-LOT7,M02,-9,36,1,10
MEM-2025-LOT7,M02,-8,36,1,10
MEM-2025-LOT7,M02,-7,36,2,21
MEM-2025-LOT7,M02,-6,36,1,10
MEM-2025-LOT7,M02,-5,36,1,10
MEM-2025-LOT7,M02,-4,36,1,10
MEM-2025-LOT7,M02,-3,36,1,10
MEM-2025-LOT7,M02,-2,36,1,10
MEM-2025-LOT7,M02,-1,36,1,10
MEM-2025-LOT7,M02,0,36,1,10
MEM-2025-LOT7,M02,1,36,1,10
MEM-2025-LOT7,M02,2,36,1,10
MEM-2025-LOT7,M02,3,36,1,10
MEM-2025-LOT7,M02,4,36,1,10
MEM-2025-LOT7,M02,5,36,1,10
MEM-2025-LOT7,M02,6,36,1,10
MEM-2025-LOT7,M02,7,36,1,10
MEM-2025-LOT7,M02,8,36,1,10
MEM-2025-LOT7,M02,9,36,1,10
MEM-2025-LOT7,M02,10,36,1,10
MEM-2025-LOT7,M02,11,36,1,10
MEM-2025-LOT7,M02,12,36,1,10
MEM-2025-LOT7,M02,13,36,2,22
MEM-2025-LOT7,M02,14,36,4,20
MEM-2025-LOT7,M02,15,36,2,22
MEM-2025-LOT7,M02,16,36,1,10
MEM-2025-LOT7,M02,17,36,1,10
MEM-2025-LOT7,M02,18,36,1,10
MEM-2025-LOT7,M02,19,36,2,31
MEM-2025-LOT7,M02,20,36,1,10
MEM-2025-LOT7,M02,21,36,1,10
MEM-2025-LOT7,M02,-20,37,1,10
MEM-2025-LOT7,M02,-19,37,4,30
MEM-2025-LOT7,M02,-18,37,1,10
MEM-2025-LOT7,M02,-17,37,1,10
MEM-2025-LOT7,M02,-16,37,2,20
MEM-2025-LOT7,M02,-15,37,1,10
MEM-2025-LOT7,M02,-14,37,3,30
MEM-2025-LOT7,M02,-13,37,1,10
MEM-2025-LOT7,M02,-12,37,3,21
MEM-2025-LOT7,M02,-11,37,3,22
MEM-2025-LOT7,M02,-10,37,1,10
MEM-2025-LOT7,M02,-9,37,1,10
MEM-2025-LOT7,M02,-8,37,1,10
MEM-2025-LOT7,M02,-7,37,1,10
MEM-2025-LOT7,M02,-6,37,1,10
MEM-2025-LOT7,M02,-5,37,1,10
MEM-2025-LOT7,M02,-4,37,1,10
MEM-2025-LOT7,M02,-3,37,1,10
MEM-2025-LOT7,M02,-2,37,1,10
MEM-2025-LOT7,M02,-1,37,1,10
MEM-2025-LOT7,M02,0,37,1,10
MEM-2025-LOT7,M02,1,37,1,10
MEM-2025-LOT7,M02,2,37,1,10
MEM-2025-LOT7,M02,3,37,1,10
MEM-2025-LOT7,M02,4,37,1,10
MEM-2025-LOT7,M02,5,37,1,10
MEM-2025-LOT7,M02,6,37,1,10
MEM-2025-LOT7,M02,7,37,1,10
MEM-2025-LOT7,M02,8,37,1,10
MEM-2025-LOT7,M02,9,37,1,10
MEM-2025-LOT7,M02,10,37,1,10
MEM-2025-LOT7,M02,11,37,1,10
MEM-2025-LOT7,M02,12,37,4,22
MEM-2025-LOT7,M02,13,37,1,10
MEM-2025-LOT7,M02,14,37,1,10
MEM-2025-LOT7,M02,15,37,2,20
MEM-2025-LOT7,M02,16,37,2,22
MEM-2025-LOT7,M02,17,37,1,10
MEM-2025-LOT7,M02,18,37,1,10
MEM-2025-LOT7,M02,19,37,1,10
MEM-2025-LOT7,M02,20,37,1,10
MEM-2025-LOT7,M02,-20,38,2,22
MEM-2025-LOT7,M02,-19,38,4,21
MEM-2025-LOT7,M02,-18,38,1,10
MEM-2025-LOT7,M02,-17,38,4,20
MEM-2025-LOT7,M02,-16,38,1,10
MEM-2025-LOT7,M02,-15,38,1,10
MEM-2025-LOT7,M02,-14,38,1,10
MEM-2025-LOT7,M02,-13,38,2,30
MEM-2025-LOT7,M02,-12,38,3,21
MEM-2025-LOT7,M02,-11,38,2,22
MEM-2025-LOT7,M02,-10,38,3,30
MEM-2025-LOT7,M02,-9,38,1,10
MEM-2025-LOT7,M02,-8,38,1,10
MEM-2025-LOT7,M02,-7,38,1,10
MEM-2025-LOT7,M02,-6,38,1,10
MEM-2025-LOT7,M02,-5,38,1,10
MEM-2025-LOT7,M02,-4,38,1,10
MEM-2025-LOT7,M02,-3,38,1,10
MEM-2025-LOT7,M02,-2,38,1,10
MEM-2025-LOT7,M02,-1,38,1,10
MEM-2025-LOT7,M02,0,38,1,10
MEM-2025-LOT7,M02,1,38,1,10
MEM-2025-LOT7,M02,2,38,1,10
MEM-2025-LOT7,M02,3,38,1,10
MEM-2025-LOT7,M02,4,38,1,10
MEM-2025-LOT7,M02,5,38,2,31
MEM-2025-LOT7,M02,6,38,1,10
MEM-2025-LOT7,M02,7,38,1,10
MEM-2025-LOT7,M02,8,38,1,10
MEM-2025-LOT7,M02,9,38,2,22
MEM-2025-LOT7,M02,10,38,1,10
MEM-2025-LOT7,M02,11,38,1,10
MEM-2025-LOT7,M02,12,38,2,20
MEM-2025-LOT7,M02,13,38,2,21
MEM-2025-LOT7,M02,14,38,1,10
MEM-2025-LOT7,M02,15,38,1,10
MEM-2025-LOT7,M02,16,38,1,10
MEM-2025-LOT7,M02,17,38,2,20
MEM-2025-LOT7,M02,18,38,1,10
MEM-2025-LOT7,M02,19,38,1,10
MEM-2025-LOT7,M02,20,38,3,20
MEM-2025-LOT7,M02,-19,39,1,10
MEM-2025-LOT7,M02,-18,39,3,20
MEM-2025-LOT7,M02,-17,39,3,31
MEM-2025-LOT7,M02,-16,39,1,10
MEM-2025-LOT7,M02,-15,39,1,10
MEM-2025-LOT7,M02,-14,39,1,10
MEM-2025-LOT7,M02,-13,39,1,10
MEM-2025-LOT7,M02,-12,39,4,30
MEM-2025-LOT7,M02,-11,39,4,30
MEM-2025-LOT7,M02,-10,39,2,31
MEM-2025-LOT7,M02,-9,39,1,10
MEM-2025-LOT7,M02,-8,39,1,10
MEM-2025-LOT7,M02,-7,39,2,21
MEM-2025-LOT7,M02,-6,39,1,10
MEM-2025-LOT7,M02,-5,39,3,20
MEM-2025-LOT7,M02,-4,39,1,10
MEM-2025-LOT7,M02,-3,39,1,10
MEM-2025-LOT7,M02,-2,39,1,10
MEM-2025-LOT7,M02,-1,39,1,10
MEM-2025-LOT7,M02,0,39,1,10
MEM-2025-LOT7,M02,1,39,1,10
MEM-2025-LOT7,M02,2,39,1,10
MEM-2025-LOT7,M02,3,39,1,10
MEM-2025-LOT7,M02,4,39,1,10
MEM-2025-LOT7,M02,5,39,2,21
MEM-2025-LOT7,M02,6,39,1,10
MEM-2025-LOT7,M02,7,39,2,30
MEM-2025-LOT7,M02,8,39,1,10
MEM-2025-LOT7,M02,9,39,1,10
MEM-2025-LOT7,M02,10,39,1,10
MEM-2025-LOT7,M02,11,39,1,10
MEM-2025-LOT7,M02,12,39,1,10
MEM-2025-LOT7,M02,13,39,1,10
MEM-2025-LOT7,M02,14,39,2,31
MEM-2025-LOT7,M02,15,39,1,10
MEM-2025-LOT7,M02,16,39,3,30
MEM-2025-LOT7,M02,17,39,4,22
MEM-2025-LOT7,M02,18,39,1,10
MEM-2025-LOT7,M02,19,39,1,10
MEM-2025-LOT7,M02,-18,40,1,10
MEM-2025-LOT7,M02,-17,40,2,21
MEM-2025-LOT7,M02,-16,40,4,21
MEM-2025-LOT7,M02,-15,40,1,10
MEM-2025-LOT7,M02,-14,40,2,21
MEM-2025-LOT7,M02,-13,40,1,10
MEM-2025-LOT7,M02,-12,40,1,10
MEM-2025-LOT7,M02,-11,40,1,10
MEM-2025-LOT7,M02,-10,40,1,10
MEM-2025-LOT7,M02,-9,40,1,10
MEM-2025-LOT7,M02,-8,40,1,10
MEM-2025-LOT7,M02,-7,40,1,10
MEM-2025-LOT7,M02,-6,40,1,10
MEM-2025-LOT7,M02,-5,40,2,30
MEM-2025-LOT7,M02,-4,40,1,10
MEM-2025-LOT7,M02,-3,40,3,20
MEM-2025-LOT7,M02,-2,40,3,22
MEM-2025-LOT7,M02,-1,40,1,10
MEM-2025-LOT7,M02,0,40,1,10
MEM-2025-LOT7,M02,1,40,4,20
MEM-2025-LOT7,M02,2,40,2,30
MEM-2025-LOT7,M02,3,40,1,10
MEM-2025-LOT7,M02,4,40,2,20
MEM-2025-LOT7,M02,5,40,4,20
MEM-2025-LOT7,M02,6,40,1,10
MEM-2025-LOT7,M02,7,40,1,10
MEM-2025-LOT7,M02,8,40,1,10
MEM-2025-LOT7,M02,9,40,1,10
MEM-2025-LOT7,M02,10,40,4,20
MEM-2025-LOT7,M02,11,40,3,22
MEM-2025-LOT7,M02,12,40,2,20
MEM-2025-LOT7,M02,13,40,2,22
MEM-2025-LOT7,M02,14,40,1,10
MEM-2025-LOT7,M02,15,40,1,10
MEM-2025-LOT7,M02,16,40,2,22
MEM-2025-LOT7,M02,17,40,2,22
MEM-2025-LOT7,M02,18,40,1,10
MEM-2025-LOT7,M02,-17,41,2,31
MEM-2025-LOT7,M02,-16,41,4,22
MEM-2025-LOT7,M02,-15,41,2,22
MEM-2025-LOT7,M02,-14,41,2,20
MEM-2025-LOT7,M02,-13,41,1,10
MEM-2025-LOT7,M02,-12,41,2,31
MEM-2025-LOT7,M02,-11,41,1,10
MEM-2025-LOT7,M02,-10,41,3,22
MEM-2025-LOT7,M02,-9,41,1,10
MEM-2025-LOT7,M02,-8,41,1,10
MEM-2025-LOT7,M02,-7,41,1,10
MEM-2025-LOT7,M02,-6,41,1,10
MEM-2025-LOT7,M02,-5,41,2,30
MEM-2025-LOT7,M02,-4,41,1,10
MEM-2025-LOT7,M02,-3,41,1,10
MEM-2025-LOT7,M02,-2,41,1,10
MEM-2025-LOT7,M02,-1,41,4,22
MEM-2025-LOT7,M02,0,41,2,21
MEM-2025-LOT7,M02,1,41,2,21
MEM-2025-LOT7,M02,2,41,2,22
MEM-2025-LOT7,M02,3,41,1,10
MEM-2025-LOT7,M02,4,41,2,30
MEM-2025-LOT7,M02,5,41,1,10
MEM-2025-LOT7,M02,6,41,1,10
MEM-2025-LOT7,M02,7,41,1,10
MEM-2025-LOT7,M02,8,41,1,10
MEM-2025-LOT7,M02,9,41,1,10
MEM-2025-LOT7,M02,10,41,2,21
MEM-2025-LOT7,M02,11,41,4,31
MEM-2025-LOT7,M02,12,41,1,10
MEM-2025-LOT7,M02,13,41,1,10
MEM-2025-LOT7,M02,14,41,4,20
MEM-2025-LOT7,M02,15,41,2,30
MEM-2025-LOT7,M02,16,41,4,22
MEM-2025-LOT7,M02,17,41,1,10
MEM-2025-LOT7,M02,-16,42,1,10
MEM-2025-LOT7,M02,-15,42,4,20
MEM-2025-LOT7,M02,-14,42,1,10
MEM-2025-LOT7,M02,-13,42,2,22
MEM-2025-LOT7,M02,-12,42,1,10
MEM-2025-LOT7,M02,-11,42,1,10
MEM-2025-LOT7,M02,-10,42,4,21
MEM-2025-LOT7,M02,-9,42,1,10
MEM-2025-LOT7,M02,-8,42,2,31
MEM-2025-LOT7,M02,-7,42,1,10
MEM-2025-LOT7,M02,-6,42,1,10
MEM-2025-LOT7,M02,-5,42,2,21
MEM-2025-LOT7,M02,-4,42,1,10
MEM-2025-LOT7,M02,-3,42,2,21
MEM-2025-LOT7,M02,-2,42,4,31
MEM-2025-LOT7,M02,-1,42,1,10
MEM-2025-LOT7,M02,0,42,2,21
MEM-2025-LOT7,M02,1,42,2,20
MEM-2025-LOT7,M02,2,42,1,10
MEM-2025-LOT7,M02,3,42,1,10
MEM-2025-LOT7,M02,4,42,3,30
MEM-2025-LOT7,M02,5,42,1,10
MEM-2025-LOT7,M02,6,42,1,10
MEM-2025-LOT7,M02,7,42,4,31
MEM-2025-LOT7,M02,8,42,3,31
MEM-2025-LOT7,M02,9,42,2,21
MEM-2025-LOT7,M02,10,42,4,21
MEM-2025-LOT7,M02,11,42,2,31
MEM-2025-LOT7,M02,12,42,1,10
MEM-2025-LOT7,M02,13,42,2,20
MEM-2025-LOT7,M02,14,42,2,30
MEM-2025-LOT7,M02,15,42,1,10
MEM-2025-LOT7,M02,16,42,1,10
MEM-2025-LOT7,M02,-14,43,1,10
MEM-2025-LOT7,M02,-13,43,3,31
MEM-2025-LOT7,M02,-12,43,2,30
MEM-2025-LOT7,M02,-11,43,1,10
MEM-2025-LOT7,M02,-10,43,1,10
MEM-2025-LOT7,M02,-9,43,1,10
MEM-2025-LOT7,M02,-8,43,1,10
MEM-2025-LOT7,M02,-7,43,1,10
MEM-2025-LOT7,M02,-6,43,2,31
MEM-2025-LOT7,M02,-5,43,1,10
MEM-2025-LOT7,M02,-4,43,3,30
MEM-2025-LOT7,M02,-3,43,4,20
MEM-2025-LOT7,M02,-2,43,1,10
MEM-2025-LOT7,M02,-1,43,1,10
MEM-2025-LOT7,M02,0,43,4,30
MEM-2025-LOT7,M02,1,43,1,10
MEM-2025-LOT7,M02,2,43,4,20
MEM-2025-LOT7,M02,3,43,1,10
MEM-2025-LOT7,M02,4,43,4,21
MEM-2025-LOT7,M02,5,43,3,22
MEM-2025-LOT7,M02,6,43,1,10
MEM-2025-LOT7,M02,7,43,1,10
MEM-2025-LOT7,M02,8,43,2,20
MEM-2025-LOT7,M02,9,43,2,31
MEM-2025-LOT7,M02,10,43,4,31
MEM-2025-LOT7,M02,11,43,1,10
MEM-2025-LOT7,M02,12,43,3,20
MEM-2025-LOT7,M02,13,43,1,10
MEM-2025-LOT7,M02,14,43,1,10
MEM-2025-LOT7,M02,-13,44,3,31
MEM-2025-LOT7,M02,-12,44,1,10
MEM-2025-LOT7,M02,-11,44,1,10
MEM-2025-LOT7,M02,-10,44,1,10
MEM-2025-LOT7,M02,-9,44,1,10
MEM-2025-LOT7,M02,-8,44,1,10
MEM-2025-LOT7,M02,-7,44,1,10
MEM-2025-LOT7,M02,-6,44,1,10
MEM-2025-LOT7,M02,-5,44,1,10
MEM-2025-LOT7,M02,-4,44,1,10
MEM-2025-LOT7,M02,-3,44,1,10
MEM-2025-LOT7,M02,-2,44,1,10
MEM-2025-LOT7,M02,-1,44,2,20
MEM-2025-LOT7,M02,0,44,3,20
MEM-2025-LOT7,M02,1,44,2,21
MEM-2025-LOT7,M02,2,44,1,10
MEM-2025-LOT7,M02,3,44,1,10
MEM-2025-LOT7,M02,4,44,1,10
MEM-2025-LOT7,M02,5,44,1,10
MEM-2025-LOT7,M02,6,44,2,22
MEM-2025-LOT7,M02,7,44,3,21
MEM-2025-LOT7,M02,8,44,1,10
MEM-2025-LOT7,M02,9,44,4,31
MEM-2025-LOT7,M02,10,44,1,10
MEM-2025-LOT7,M02,11,44,1,10
MEM-2025-LOT7,M02,12,44,1,10
MEM-2025-LOT7,M02,13,44,4,20
MEM-2025-LOT7,M02,-12,45,1,10
MEM-2025-LOT7,M02,-11,45,1,10
MEM-2025-LOT7,M02,-10,45,1,10
MEM-2025-LOT7,M02,-9,45,3,30
MEM-2025-LOT7,M02,-8,45,2,22
MEM-2025-LOT7,M02,-7,45,3,20
MEM-2025-LOT7,M02,-6,45,1,10
MEM-2025-LOT7,M02,-5,45,1,10
MEM-2025-LOT7,M02,-4,45,1,10
MEM-2025-LOT7,M02,-3,45,2,22
MEM-2025-LOT7,M02,-2,45,4,30
MEM-2025-LOT7,M02,-1,45,1,10
MEM-2025-LOT7,M02,0,45,1,10
MEM-2025-LOT7,M02,1,45,1,10
MEM-2025-LOT7,M02,2,45,2,31
MEM-2025-LOT7,M02,3,45,1,10
MEM-2025-LOT7,M02,4,45,1,10
MEM-2025-LOT7,M02,5,45,2,30
MEM-2025-LOT7,M02,6,45,2,31
MEM-2025-LOT7,M02,7,45,2,31
MEM-2025-LOT7,M02,8,45,1,10
MEM-2025-LOT7,M02,9,45,2,20
MEM-2025-LOT7,M02,10,45,4,20
MEM-2025-LOT7,M02,11,45,1,10
MEM-2025-LOT7,M02,12,45,4,22
MEM-2025-LOT7,M02,-10,46,1,10
MEM-2025-LOT7,M02,-9,46,1,10
MEM-2025-LOT7,M02,-8,46,4,31
MEM-2025-LOT7,M02,-7,46,3,22
MEM-2025-LOT7,M02,-6,46,4,20
MEM-2025-LOT7,M02,-5,46,4,30
MEM-2025-LOT7,M02,-4,46,1,10
MEM-2025-LOT7,M02,-3,46,3,20
MEM-2025-LOT7,M02,-2,46,2,30
MEM-2025-LOT7,M02,-1,46,1,10
MEM-2025-LOT7,M02,0,46,3,20
MEM-2025-LOT7,M02,1,46,1,10
MEM-2025-LOT7,M02,2,46,4,20
MEM-2025-LOT7,M02,3,46,4,20
MEM-2025-LOT7,M02,4,46,1,10
MEM-2025-LOT7,M02,5,46,4,20
MEM-2025-LOT7,M02,6,46,1,10
MEM-2025-LOT7,M02,7,46,4,30
MEM-2025-LOT7,M02,8,46,2,30
MEM-2025-LOT7,M02,9,46,2,22
MEM-2025-LOT7,M02,10,46,1,10
MEM-2025-LOT7,M02,-7,47,1,10
MEM-2025-LOT7,M02,-6,47,1,10
MEM-2025-LOT7,M02,-5,47,3,30
MEM-2025-LOT7,M02,-4,47,1,10
MEM-2025-LOT7,M02,-3,47,1,10
MEM-2025-LOT7,M02,-2,47,1,10
MEM-2025-LOT7,M02,-1,47,4,21
MEM-2025-LOT7,M02,0,47,1,10
MEM-2025-LOT7,M02,1,47,1,10
MEM-2025-LOT7,M02,2,47,2,20
MEM-2025-LOT7,M02,3,47,1,10
MEM-2025-LOT7,M02,4,47,1,10
MEM-2025-LOT7,M02,5,47,2,31
MEM-2025-LOT7,M02,6,47,1,10
MEM-2025-LOT7,M02,7,47,2,30
MEM-2025-LOT7,M02,-4,48,1,10
MEM-2025-LOT7,M02,-3,48,4,21
MEM-2025-LOT7,M02,-2,48,3,22
MEM-2025-LOT7,M02,-1,48,1,10
MEM-2025-LOT7,M02,0,48,2,21
MEM-2025-LOT7,M02,1,48,1,10
MEM-2025-LOT7,M02,2,48,1,10
MEM-2025-LOT7,M02,3,48,1,10
MEM-2025-LOT7,M02,4,48,1,10
MEM-2025-LOT7,M03,-4,-48,4,20
MEM-2025-LOT7,M03,-3,-48,4,22
MEM-2025-LOT7,M03,-2,-48,1,10
MEM-2025-LOT7,M03,-1,-48,2,31
MEM-2025-LOT7,M03,0,-48,1,10
MEM-2025-LOT7,M03,1,-48,2,22
MEM-2025-LOT7,M03,2,-48,1,10
MEM-2025-LOT7,M03,3,-48,1,10
MEM-2025-LOT7,M03,4,-48,2,30
MEM-2025-LOT7,M03,-7,-47,1,10
MEM-2025-LOT7,M03,-6,-47,1,10
MEM-2025-LOT7,M03,-5,-47,2,31
MEM-2025-LOT7,M03,-4,-47,1,10
MEM-2025-LOT7,M03,-3,-47,1,10
MEM-2025-LOT7,M03,-2,-47,1,10
MEM-2025-LOT7,M03,-1,-47,1,10
MEM-2025-LOT7,M03,0,-47,1,10
MEM-2025-LOT7,M03,1,-47,1,10
MEM-2025-LOT7,M03,2,-47,1,10
MEM-2025-LOT7,M03,3,-47,2,31
MEM-2025-LOT7,M03,4,-47,1,10
MEM-2025-LOT7,M03,5,-47,2,21
MEM-2025-LOT7,M03,6,-47,2,31
MEM-2025-LOT7,M03,7,-47,3,20
MEM-2025-LOT7,M03,-10,-46,2,20
MEM-2025-LOT7,M03,-9,-46,3,21
MEM-2025-LOT7,M03,-8,-46,1,10
MEM-2025-LOT7,M03,-7,-46,2,20
MEM-2025-LOT7,M03,-6,-46,1,10
MEM-2025-LOT7,M03,-5,-46,1,10
MEM-2025-LOT7,M03,-4,-46,2,20
MEM-2025-LOT7,M03,-3,-46,1,10
MEM-2025-LOT7,M03,-2,-46,2,21
MEM-2025-LOT7,M03,-1,-46,4,22
MEM-2025-LOT7,M03,0,-46,1,10
MEM-2025-LOT7,M03,1,-46,2,20
MEM-2025-LOT7,M03,2,-46,2,22
MEM-2025-LOT7,M03,3,-46,1,10
MEM-2025-LOT7,M03,4,-46,1,10
MEM-2025-LOT7,M03,5,-46,2,30
MEM-2025-LOT7,M03,6,-46,4,20
MEM-2025-LOT7,M03,7,-46,4,22
MEM-2025-LOT7,M03,8,-46,3,31
MEM-2025-LOT7,M03,9,-46,1,10
MEM-2025-LOT7,M03,10,-46,1,10
MEM-2025-LOT7,M03,-12,-45,2,20
MEM-2025-LOT7,M03,-11,-45,1,10
MEM-2025-LOT7,M03,-10,-45,1,10
MEM-2025-LOT7,M03,-9,-45,4,22
MEM-2025-LOT7,M03,-8,-45,1,10
MEM-2025-LOT7,M03,-7,-45,1,10
MEM-2025-LOT7,M03,-6,-45,4,31
MEM-2025-LOT7,M03,-5,-45,1,10
MEM-2025-LOT7,M03,-4,-45,1,10
MEM-2025-LOT7,M03,-3,-45,1,10
MEM-2025-LOT7,M03,-2,-45,1,10
MEM-2025-LOT7,M03,-1,-45,1,10
MEM-2025-LOT7,M03,0,-45,2,21
MEM-2025-LOT7,M03,1,-45,1,10
MEM-2025-LOT7,M03,2,-45,1,10
MEM-2025-LOT7,M03,3,-45,3,22
MEM-2025-LOT7,M03,4,-45,2,30
MEM-2025-LOT7,M03,5,-45,1,10
MEM-2025-LOT7,M03,6,-45,1,10
MEM-2025-LOT7,M03,7,-45,1,10
MEM-2025-LOT7,M03,8,-45,1,10
MEM-2025-LOT7,M03,9,-45,1,10
MEM-2025-LOT7,M03,10,-45,2,20
MEM-2025-LOT7,M03,11,-45,1,10
MEM-2025-LOT7,M03,12,-45,2,21
MEM-2025-LOT7,M03,-13,-44,3,22
MEM-2025-LOT7,M03,-12,-44,1,10
MEM-2025-LOT7,M03,-11,-44,2,22
MEM-2025-LOT7,M03,-10,-44,1,10
MEM-2025-LOT7,M03,-9,-44,4,31
MEM-2025-LOT7,M03,-8,-44,2,30
MEM-2025-LOT7,M03,-7,-44,1,10
MEM-2025-LOT7,M03,-6,-44,2,21
MEM-2025-LOT7,M03,-5,-44,4,21
MEM-2025-LOT7,M03,-4,-44,1,10
MEM-2025-LOT7,M03,-3,-44,1,10
MEM-2025-LOT7,M03,-2,-44,1,10
MEM-2025-LOT7,M03,-1,-44,1,10
MEM-2025-LOT7,M03,0,-44,2,20
MEM-2025-LOT7,M03,1,-44,1,10
MEM-2025-LOT7,M03,2,-44,1,10
MEM-2025-LOT7,M03,3,-44,2,22
MEM-2025-LOT7,M03,4,-44,1,10
MEM-2025-LOT7,M03,5,-44,1,10
MEM-2025-LOT7,M03,6,-44,2,21
MEM-2025-LOT7,M03,7,-44,2,22
MEM-2025-LOT7,M03,8,-44,2,31
MEM-2025-LOT7,M03,9,-44,1,10
MEM-2025-LOT7,M03,10,-44,1,10
MEM-2025-LOT7,M03,11,-44,1,10
MEM-2025-LOT7,M03,12,-44,3,22
MEM-2025-LOT7,M03,13,-44,1,10
MEM-2025-LOT7,M03,-14,-43,1,10
MEM-2025-LOT7,M03,-13,-43,2,30
MEM-2025-LOT7,M03,-12,-43,4,30
MEM-2025-LOT7,M03,-11,-43,1,10
MEM-2025-LOT7,M03,-10,-43,1,10
MEM-2025-LOT7,M03,-9,-43,1,10
MEM-2025-LOT7,M03,-8,-43,1,10
MEM-2025-LOT7,M03,-7,-43,1,10
MEM-2025-LOT7,M03,-6,-43,2,20
MEM-2025-LOT7,M03,-5,-43,1,10
MEM-2025-LOT7,M03,-4,-43,1,10
MEM-2025-LOT7,M03,-3,-43,2,30
MEM-2025-LOT7,M03,-2,-43,2,30
MEM-2025-LOT7,M03,-1,-43,1,10
MEM-2025-LOT7,M03,0,-43,1,10
MEM-2025-LOT7,M03,1,-43,3,31
MEM-2025-LOT7,M03,2,-43,2,22
MEM-2025-LOT7,M03,3,-43,1,10
MEM-2025-LOT7,M03,4,-43,3,31
MEM-2025-LOT7,M03,5,-43,1,10
MEM-2025-LOT7,M03,6,-43,1,10
MEM-2025-LOT7,M03,7,-43,4,30
MEM-2025-LOT7,M03,8,-43,1,10
MEM-2025-LOT7,M03,9,-43,1,10
MEM-2025-LOT7,M03,10,-43,3,30
MEM-2025-LOT7,M03,11,-43,4,21
MEM-2025-LOT7,M03,12,-43,2,30
MEM-2025-LOT7,M03,13,-43,1,10
MEM-2025-LOT7,M03,14,-43,2,30
MEM-2025-LOT7,M03,-16,-42,3,30
MEM-2025-LOT7,M03,-15,-42,1,10
MEM-2025-LOT7,M03,-14,-42,1,10
MEM-2025-LOT7,M03,-13,-42,1,10
MEM-2025-LOT7,M03,-12,-42,3,30
MEM-2025-LOT7,M03,-11,-42,1,10
MEM-2025-LOT7,M03,-10,-42,3,30
MEM-2025-LOT7,M03,-9,-42,1,10
MEM-2025-LOT7,M03,-8,-42,1,10
MEM-2025-LOT7,M03,-7,-42,1,10
MEM-2025-LOT7,M03,-6,-42,1,10
MEM-2025-LOT7,M03,-5,-42,1,10
MEM-2025-LOT7,M03,-4,-42,2,30
MEM-2025-LOT7,M03,-3,-42,2,31
MEM-2025-LOT7,M03,-2,-42,2,30
MEM-2025-LOT7,M03,-1,-42,1,10
MEM-2025-LOT7,M03,0,-42,1,10
MEM-2025-LOT7,M03,1,-42,2,31
MEM-2025-LOT7,M03,2,-42,1,10
MEM-2025-LOT7,M03,3,-42,1,10
MEM-2025-LOT7,M03,4,-42,2,22
MEM-2025-LOT7,M03,5,-42,1,10
MEM-2025-LOT7,M03,6,-42,3,30
MEM-2025-LOT7,M03,7,-42,1,10
MEM-2025-LOT7,M03,8,-42,1,10
MEM-2025-LOT7,M03,9,-42,1,10
MEM-2025-LOT7,M03,10,-42,4,21
MEM-2025-LOT7,M03,11,-42,4,21
MEM-2025-LOT7,M03,12,-42,1,10
MEM-2025-LOT7,M03,13,-42,1,10
MEM-2025-LOT7,M03,14,-42,2,21
MEM-2025-LOT7,M03,15,-42,1,10
MEM-2025-LOT7,M03,16,-42,1,10
MEM-2025-LOT7,M03,-17,-41,2,21
MEM-2025-LOT7,M03,-16,-41,2,21
MEM-2025-LOT7,M03,-15,-41,1,10
MEM-2025-LOT7,M03,-14,-41,1,10
MEM-2025-LOT7,M03,-13,-41,1,10
MEM-2025-LOT7,M03,-12,-41,2,31
MEM-2025-LOT7,M03,-11,-41,3,20
MEM-2025-LOT7,M03,-10,-41,1,10
MEM-2025-LOT7,M03,-9,-41,1,10
MEM-2025-LOT7,M03,-8,-41,2,22
MEM-2025-LOT7,M03,-7,-41,1,10
MEM-2025-LOT7,M03,-6,-41,3,31
MEM-2025-LOT7,M03,-5,-41,1,10
MEM-2025-LOT7,M03,-4,-41,1,10
MEM-2025-LOT7,M03,-3,-41,2,30
MEM-2025-LOT7,M03,-2,-41,1,10
MEM-2025-LOT7,M03,-1,-41,1,10
MEM-2025-LOT7,M03,0,-41,1,10
MEM-2025-LOT7,M03,1,-41,2,22
MEM-2025-LOT7,M03,2,-41,2,20
MEM-2025-LOT7,M03,3,-41,1,10
MEM-2025-LOT7,M03,4,-41,1,10
MEM-2025-LOT7,M03,5,-41,3,22
MEM-2025-LOT7,M03,6,-41,2,21
MEM-2025-LOT7,M03,7,-41,2,30
MEM-2025-LOT7,M03,8,-41,1,10
MEM-2025-LOT7,M03,9,-41,3,21
MEM-2025-LOT7,M03,10,-41,1,10
MEM-2025-LOT7,M03,11,-41,1,10
MEM-2025-LOT7,M03,12,-41,1,10
MEM-2025-LOT7,M03,13,-41,4,30
MEM-2025-LOT7,M03,14,-41,1,10
MEM-2025-LOT7,M03,15,-41,1,10
MEM-2025-LOT7,M03,16,-41,2,31
MEM-2025-LOT7,M03,17,-41,3,30
MEM-2025-LOT7,M03,-18,-40,1,10
MEM-2025-LOT7,M03,-17,-40,2,20
MEM-2025-LOT7,M03,-16,-40,1,10
MEM-2025-LOT7,M03,-15,-40,1,10
MEM-2025-LOT7,M03,-14,-40,1,10
MEM-2025-LOT7,M03,-13,-40,1,10
MEM-2025-LOT7,M03,-12,-40,3,21
MEM-2025-LOT7,M03,-11,-40,4,22
MEM-2025-LOT7,M03,-10,-40,2,20
MEM-2025-LOT7,M03,-9,-40,1,10
MEM-2025-LOT7,M03,-8,-40,2,21
MEM-2025-LOT7,M03,-7,-40,1,10
MEM-2025-LOT7,M03,-6,-40,1,10
MEM-2025-LOT7,M03,-5,-40,2,22
MEM-2025-LOT7,M03,-4,-40,2,22
MEM-2025-LOT7,M03,-3,-40,2,21
MEM-2025-LOT7,M03,-2,-40,2,21
MEM-2025-LOT7,M03,-1,-40,1,10
MEM-2025-LOT7,M03,0,-40,2,31
MEM-2025-LOT7,M03,1,-40,1,10
MEM-2025-LOT7,M03,2,-40,2,22
MEM-2025-LOT7,M03,3,-40,1,10
MEM-2025-LOT7,M03,4,-40,1,10
MEM-2025-LOT7,M03,5,-40,2,30
MEM-2025-LOT7,M03,6,-40,2,22
MEM-2025-LOT7,M03,7,-40,1,10
MEM-2025-LOT7,M03,8,-40,3,21
MEM-2025-LOT7,M03,9,-40,3,21
MEM-2025-LOT7,M03,10,-40,1,10
MEM-2025-LOT7,M03,11,-40,1,10
MEM-2025-LOT7,M03,12,-40,2,22
MEM-2025-LOT7,M03,13,-40,3,30
MEM-2025-LOT7,M03,14,-40,2,22
MEM-2025-LOT7,M03,15,-40,1,10
MEM-2025-LOT7,M03,16,-40,1,10
MEM-2025-LOT7,M03,17,-40,2,30
MEM-2025-LOT7,M03,18,-40,1,10
MEM-2025-LOT7,M03,-19,-39,2,21
MEM-2025-LOT7,M03,-18,-39,3,31
MEM-2025-LOT7,M03,-17,-39,1,10
MEM-2025-LOT7,M03,-16,-39,1,10
MEM-2025-LOT7,M03,-15,-39,4,21
MEM-2025-LOT7,M03,-14,-39,1,10
MEM-2025-LOT7,M03,-13,-39,1,10
MEM-2025-LOT7,M03,-12,-39,2,20
MEM-2025-LOT7,M03,-11,-39,2,21
MEM-2025-LOT7,M03,-10,-39,3,22
MEM-2025-LOT7,M03,-9,-39,3,30
MEM-2025-LOT7,M03,-8,-39,1,10
MEM-2025-LOT7,M03,-7,-39,1,10
MEM-2025-LOT7,M03,-6,-39,1,10
MEM-2025-LOT7,M03,-5,-39,1,10
MEM-2025-LOT7,M03,-4,-39,4,21
MEM-2025-LOT7,M03,-3,-39,1,10
MEM-2025-LOT7,M03,-2,-39,1,10
MEM-2025-LOT7,M03,-1,-39,1,10
MEM-2025-LOT7,M03,0,-39,1,10
MEM-2025-LOT7,M03,1,-39,2,21
MEM-2025-LOT7,M03,2,-39,1,10
MEM-2025-LOT7,M03,3,-39,2,31
MEM-2025-LOT7,M03,4,-39,1,10
MEM-2025-LOT7,M03,5,-39,2,30
MEM-2025-LOT7,M03,6,-39,1,10
MEM-2025-LOT7,M03,7,-39,2,20
MEM-2025-LOT7,M03,8,-39,1,10
MEM-2025-LOT7,M03,9,-39,2,31
MEM-2025-LOT7,M03,10,-39,2,31
MEM-2025-LOT7,M03,11,-39,1,10
MEM-2025-LOT7,M03,12,-39,2,21
MEM-2025-LOT7,M03,13,-39,1,10
MEM-2025-LOT7,M03,14,-39,1,10
MEM-2025-LOT7,M03,15,-39,1,10
MEM-2025-LOT7,M03,16,-39,1,10
MEM-2025-LOT7,M03,17,-39,1,10
MEM-2025-LOT7,M03,18,-39,1,10
MEM-2025-LOT7,M03,19,-39,1,10
MEM-2025-LOT7,M03,-20,-38,3,31
MEM-2025-LOT7,M03,-19,-38,4,30
MEM-2025-LOT7,M03,-18,-38,1,10
MEM-2025-LOT7,M03,-17,-38,1,10
MEM-2025-LOT7,M03,-16,-38,3,22
MEM-2025-LOT7,M03,-15,-38,1,10
MEM-2025-LOT7,M03,-14,-38,2,22
MEM-2025-LOT7,M03,-13,-38,1,10
MEM-2025-LOT7,M03,-12,-38,1,10
MEM-2025-LOT7,M03,-11,-38,2,22
MEM-2025-LOT7,M03,-10,-38,1,10
MEM-2025-LOT7,M03,-9,-38,4,20
MEM-2025-LOT7,M03,-8,-38,1,10
MEM-2025-LOT7,M03,-7,-38,3,22
MEM-2025-LOT7,M03,-6,-38,1,10
MEM-2025-LOT7,M03,-5,-38,1,10
MEM-2025-LOT7,M03,-4,-38,1,10
MEM-2025-LOT7,M03,-3,-38,3,20
MEM-2025-LOT7,M03,-2,-38,1,10
MEM-2025-LOT7,M03,-1,-38,4,20
MEM-2025-LOT7,M03,0,-38,1,10
MEM-2025-LOT7,M03,1,-38,1,10
MEM-2025-LOT7,M03,2,-38,1,10
MEM-2025-LOT7,M03,3,-38,1,10
MEM-2025-LOT7,M03,4,-38,4,20
MEM-2025-LOT7,M03,5,-38,1,10
MEM-2025-LOT7,M03,6,-38,2,20
MEM-2025-LOT7,M03,7,-38,4,30
MEM-2025-LOT7,M03,8,-38,4,22
MEM-2025-LOT7,M03,9,-38,2,20
MEM-2025-LOT7,M03,10,-38,1,10
MEM-2025-LOT7,M03,11,-38,1,10
MEM-2025-LOT7,M03,12,-38,3,31
MEM-2025-LOT7,M03,13,-38,1,10
MEM-2025-LOT7,M03,14,-38,4,22
MEM-2025-LOT7,M03,15,-38,1,10
MEM-2025-LOT7,M03,16,-38,1,10
MEM-2025-LOT7,M03,17,-38,4,30
MEM-2025-LOT7,M03,18,-38,4,20
MEM-2025-LOT7,M03,19,-38,4,20
MEM-2025-LOT7,M03,20,-38,1,10
MEM-2025-LOT7,M03,-20,-37,2,30
MEM-2025-LOT7,M03,-19,-37,1,10
MEM-2025-LOT7,M03,-18,-37,4,22
MEM-2025-LOT7,M03,-17,-37,2,22
MEM-2025-LOT7,M03,-16,-37,2,30
MEM-2025-LOT7,M03,-15,-37,1,10
MEM-2025-LOT7,M03,-14,-37,1,10
MEM-2025-LOT7,M03,-13,-37,1,10
MEM-2025-LOT7,M03,-12,-37,1,10
MEM-2025-LOT7,M03,-11,-37,4,21
MEM-2025-LOT7,M03,-10,-37,2,22
MEM-2025-LOT7,M03,-9,-37,1,10
MEM-2025-LOT7,M03,-8,-37,1,10
MEM-2025-LOT7,M03,-7,-37,3,30
MEM-2025-LOT7,M03,-6,-37,4,31
MEM-2025-LOT7,M03,-5,-37,1,10
MEM-2025-LOT7,M03,-4,-37,1,10
MEM-2025-LOT7,M03,-3,-37,1,10
MEM-2025-LOT7,M03,-2,-37,1,10
MEM-2025-LOT7,M03,-1,-37,1,10
MEM-2025-LOT7,M03,0,-37,1,10
MEM-2025-LOT7,M03,1,-37,1,10
MEM-2025-LOT7,M03,2,-37,1,10
MEM-2025-LOT7,M03,3,-37,1,10
MEM-2025-LOT7,M03,4,-37,1,10
MEM-2025-LOT7,M03,5,-37,1,10
MEM-2025-LOT7,M03,6,-37,1,10
MEM-2025-LOT7,M03,7,-37,2,20
MEM-2025-LOT7,M03,8,-37,1,10
MEM-2025-LOT7,M03,9,-37,2,31
MEM-2025-LOT7,M03,10,-37,3,31
MEM-2025-LOT7,M03,11,-37,1,10
MEM-2025-LOT7,M03,12,-37,1,10
MEM-2025-LOT7,M03,13,-37,1,10
MEM-2025-LOT7,M03,14,-37,3,20
MEM-2025-LOT7,M03,15,-37,1,10
MEM-2025-LOT7,M03,16,-37,1,10
MEM-2025-LOT7,M03,17,-37,1,10
MEM-2025-LOT7,M03,18,-37,4,30
MEM-2025-LOT7,M03,19,-37,1,10
MEM-2025-LOT7,M03,20,-37,1,10
MEM-2025-LOT7,M03,-21,-36,4,20
MEM-2025-LOT7,M03,-20,-36,1,10
MEM-2025-LOT7,M03,-19,-36,1,10
MEM-2025-LOT7,M03,-18,-36,1,10
MEM-2025-LOT7,M03,-17,-36,2,31
MEM-2025-LOT7,M03,-16,-36,4,20
MEM-2025-LOT7,M03,-15,-36,2,31
MEM-2025-LOT7,M03,-14,-36,1,10
MEM-2025-LOT7,M03,-13,-36,1,10
MEM-2025-LOT7,M03,-12,-36,2,22
MEM-2025-LOT7,M03,-11,-36,2,30
MEM-2025-LOT7,M03,-10,-36,1,10
MEM-2025-LOT7,M03,-9,-36,2,31
MEM-2025-LOT7,M03,-8,-36,1,10
MEM-2025-LOT7,M03,-7,-36,1,10
MEM-2025-LOT7,M03,-6,-36,4,22
MEM-2025-LOT7,M03,-5,-36,1,10
MEM-2025-LOT7,M03,-4,-36,1,10
MEM-2025-LOT7,M03,-3,-36,1,10
MEM-2025-LOT7,M03,-2,-36,1,10
MEM-2025-LOT7,M03,-1,-36,1,10
MEM-2025-LOT7,M03,0,-36,1,10
MEM-2025-LOT7,M03,1,-36,1,10
MEM-2025-LOT7,M03,2,-36,1,10
MEM-2025-LOT7,M03,3,-36,1,10
MEM-2025-LOT7,M03,4,-36,1,10
MEM-2025-LOT7,M03,5,-36,1,10
MEM-2025-LOT7,M03,6,-36,1,10
MEM-2025-LOT7,M03,7,-36,1,10
MEM-2025-LOT7,M03,8,-36,1,10
MEM-2025-LOT7,M03,9,-36,2,21
MEM-2025-LOT7,M03,10,-36,1,10
MEM-2025-LOT7,M03,11,-36,1,10
MEM-2025-LOT7,M03,12,-36,3,31
MEM-2025-LOT7,M03,13,-36,2,31
MEM-2025-LOT7,M03,14,-36,1,10
MEM-2025-LOT7,M03,15,-36,1,10
MEM-2025-LOT7,M03,16,-36,1,10
MEM-2025-LOT7,M03,17,-36,1,10
MEM-2025-LOT7,M03,18,-36,4,21
MEM-2025-LOT7,M03,19,-36,1,10
MEM-2025-LOT7,M03,20,-36,1,10
MEM-2025-LOT7,M03,21,-36,2,21
MEM-2025-LOT7,M03,-22,-35,3,21
MEM-2025-LOT7,M03,-21,-35,2,22
MEM-2025-LOT7,M03,-20,-35,2,20
MEM-2025-LOT7,M03,-19,-35,4,22
MEM-2025-LOT7,M03,-18,-35,4,22
MEM-2025-LOT7,M03,-17,-35,3,20
MEM-2025-LOT7,M03,-16,-35,1,10
MEM-2025-LOT7,M03,-15,-35,1,10
MEM-2025-LOT7,M03,-14,-35,2,31
MEM-2025-LOT7,M03,-13,-35,4,22
MEM-2025-LOT7,M03,-12,-35,1,10
MEM-2025-LOT7,M03,-11,-35,1,10
MEM-2025-LOT7,M03,-10,-35,2,30
MEM-2025-LOT7,M03,-9,-35,1,10
MEM-2025-LOT7,M03,-8,-35,2,20
MEM-2025-LOT7,M03,-7,-35,1,10
MEM-2025-LOT7,M03,-6,-35,1,10
MEM-2025-LOT7,M03,-5,-35,1,10
MEM-2025-LOT7,M03,-4,-35,1,10
MEM-2025-LOT7,M03,-3,-35,1,10
MEM-2025-LOT7,M03,-2,-35,1,10
MEM-2025-LOT7,M03,-1,-35,1,10
MEM-2025-LOT7,M03,0,-35,1,10
MEM-2025-LOT7,M03,1,-35,1,10
MEM-2025-LOT7,M03,2,-35,1,10
MEM-2025-LOT7,M03,3,-35,1,10
MEM-2025-LOT7,M03,4,-35,1,10
MEM-2025-LOT7,M03,5,-35,1,10
MEM-2025-LOT7,M03,6,-35,2,20
MEM-2025-LOT7,M03,7,-35,1,10
MEM-2025-LOT7,M03,8,-35,1,10
MEM-2025-LOT7,M03,9,-35,1,10
MEM-2025-LOT7,M03,10,-35,4,21
MEM-2025-LOT7,M03,11,-35,1,10
MEM-2025-LOT7,M03,12,-35,1,10
MEM-2025-LOT7,M03,13,-35,1,10
MEM-2025-LOT7,M03,14,-35,1,10
MEM-2025-LOT7,M03,15,-35,4,20
MEM-2025-LOT7,M03,16,-35,2,21
MEM-2025-LOT7,M03,17,-35,1,10
MEM-2025-LOT7,M03,18,-35,2,30
MEM-2025-LOT7,M03,19,-35,3,21
MEM-2025-LOT7,M03,20,-35,1,10
MEM-2025-LOT7,M03,21,-35,1,10
MEM-2025-LOT7,M03,22,-35,1,10
MEM-2025-LOT7,M03,-23,-34,1,10
MEM-2025-LOT7,M03,-22,-34,4,20
MEM-2025-LOT7,M03,-21,-34,4,22
MEM-2025-LOT7,M03,-20,-34,1,10
MEM-2025-LOT7,M03,-19,-34,1,10
MEM-2025-LOT7,M03,-18,-34,2,31
MEM-2025-LOT7,M03,-17,-34,2,22
MEM-2025-LOT7,M03,-16,-34,4,31
MEM-2025-LOT7,M03,-15,-34,2,22
MEM-2025-LOT7,M03,-14,-34,1,10
MEM-2025-LOT7,M03,-13,-34,1,10
MEM-2025-LOT7,M03,-12,-34,1,10
MEM-2025-LOT7,M03,-11,-34,1,10
MEM-2025-LOT7,M03,-10,-34,1,10
MEM-2025-LOT7,M03,-9,-34,1,10
MEM-2025-LOT7,M03,-8,-34,1,10
MEM-2025-LOT7,M03,-7,-34,1,10
MEM-2025-LOT7,M03,-6,-34,1,10
MEM-2025-LOT7,M03,-5,-34,1,10
MEM-2025-LOT7,M03,-4,-34,1,10
MEM-2025-LOT7,M03,-3,-34,1,10
MEM-2025-LOT7,M03,-2,-34,1,10
MEM-2025-LOT7,M03,-1,-34,1,10
MEM-2025-LOT7,M03,0,-34,1,10
MEM-2025-LOT7,M03,1,-34,1,10
MEM-2025-LOT7,M03,2,-34,1,10
MEM-2025-LOT7,M03,3,-34,1,10
MEM-2025-LOT7,M03,4,-34,1,10
MEM-2025-LOT7,M03,5,-34,1,10
MEM-2025-LOT7,M03,6,-34,1,10
MEM-2025-LOT7,M03,7,-34,4,20
MEM-2025-LOT7,M03,8,-34,1,10
MEM-2025-LOT7,M03,9,-34,1,10
MEM-2025-LOT7,M03,10,-34,1,10
MEM-2025-LOT7,M03,11,-34,1,10
MEM-2025-LOT7,M03,12,-34,3,30
MEM-2025-LOT7,M03,13,-34,2,22
MEM-2025-LOT7,M03,14,-34,2,31
MEM-2025-LOT7,M03,15,-34,1,10
MEM-2025-LOT7,M03,16,-34,1,10
MEM-2025-LOT7,M03,17,-34,1,10
MEM-2025-LOT7,M03,18,-34,2,31
MEM-2025-LOT7,M03,19,-34,1,10
MEM-2025-LOT7,M03,20,-34,2,20
MEM-2025-LOT7,M03,21,-34,4,31
MEM-2025-LOT7,M03,22,-34,1,10
MEM-2025-LOT7,M03,23,-34,1,10
MEM-2025-LOT7,M03,-23,-33,2,22
MEM-2025-LOT7,M03,-22,-33,1,10
MEM-2025-LOT7,M03,-21,-33,1,10
MEM-2025-LOT7,M03,-20,-33,1,10
MEM-2025-LOT7,M03,-19,-33,3,20
MEM-2025-LOT7,M03,-18,-33,3,30
MEM-2025-LOT7,M03,-17,-33,2,31
MEM-2025-LOT7,M03,-16,-33,3,21
MEM-2025-LOT7,M03,-15,-33,1,10
MEM-2025-LOT7,M03,-14,-33,1,10
MEM-2025-LOT7,M03,-13,-33,1,10
MEM-2025-LOT7,M03,-12,-33,1,10
MEM-2025-LOT7,M03,-11,-33,1,10
MEM-2025-LOT7,M03,-10,-33,1,10
MEM-2025-LOT7,M03,-9,-33,2,31
MEM-2025-LOT7,M03,-8,-33,1,10
MEM-2025-LOT7,M03,-7,-33,1,10
MEM-2025-LOT7,M03,-6,-33,1,10
MEM-2025-LOT7,M03,-5,-33,1,10
MEM-2025-LOT7,M03,-4,-33,1,10
MEM-2025-LOT7,M03,-3,-33,1,10
MEM-2025-LOT7,M03,-2,-33,1,10
MEM-2025-LOT7,M03,-1,-33,1,10
MEM-2025-LOT7,M03,0,-33,1,10
MEM-2025-LOT7,M03,1,-33,1,10
MEM-2025-LOT7,M03,2,-33,1,10
MEM-2025-LOT7,M03,3,-33,1,10
MEM-2025-LOT7,M03,4,-33,1,10
MEM-2025-LOT7,M03,5,-33,1,10
MEM-2025-LOT7,M03,6,-33,1,10
MEM-2025-LOT7,M03,7,-33,1,10
MEM-2025-LOT7,M03,8,-33,1,10
MEM-2025-LOT7,M03,9,-33,1,10
MEM-2025-LOT7,M03,10,-33,1,10
MEM-2025-LOT7,M03,11,-33,1,10
MEM-2025-LOT7,M03,12,-33,1,10
MEM-2025-LOT7,M03,13,-33,1,10
MEM-2025-LOT7,M03,14,-33,1,10
MEM-2025-LOT7,M03,15,-33,3,30
MEM-2025-LOT7,M03,16,-33,2,20
MEM-2025-LOT7,M03,17,-33,1,10
MEM-2025-LOT7,M03,18,-33,1,10
MEM-2025-LOT7,M03,19,-33,1,10
MEM-2025-LOT7,M03,20,-33,1,10
MEM-2025-LOT7,M03,21,-33,2,21
MEM-2025-LOT7,M03,22,-33,3,30
MEM-2025-LOT7,M03,23,-33,1,10
MEM-2025-LOT7,M03,-24,-32,1,10
MEM-2025-LOT7,M03,-23,-32,1,10
MEM-2025-LOT7,M03,-22,-32,4,22
MEM-2025-LOT7,M03,-21,-32,3,31
MEM-2025-LOT7,M03,-20,-32,1,10
MEM-2025-LOT7,M03,-19,-32,1,10
MEM-2025-LOT7,M03,-18,-32,1,10
MEM-2025-LOT7,M03,-17,-32,1,10
MEM-2025-LOT7,M03,-16,-32,2,20
MEM-2025-LOT7,M03,-15,-32,1,10
MEM-2025-LOT7,M03,-14,-32,3,20
MEM-2025-LOT7,M03,-13,-32,1,10
MEM-2025-LOT7,M03,-12,-32,1,10
MEM-2025-LOT7,M03,-11,-32,1,10
MEM-2025-LOT7,M03,-10,-32,1,10
MEM-2025-LOT7,M03,-9,-32,1,10
MEM-2025-LOT7,M03,-8,-32,1,10
MEM-2025-LOT7,M03,-7,-32,1,10
MEM-2025-LOT7,M03,-6,-32,1,10
MEM-2025-LOT7,M03,-5,-32,1,10
MEM-2025-LOT7,M03,-4,-32,1,10
MEM-2025-LOT7,M03,-3,-32,1,10
MEM-2025-LOT7,M03,-2,-32,1,10
MEM-2025-LOT7,M03,-1,-32,1,10
MEM-2025-LOT7,M03,0,-32,1,10
MEM-2025-LOT7,M03,1,-32,1,10
MEM-2025-LOT7,M03,2,-32,1,10
MEM-2025-LOT7,M03,3,-32,1,10
MEM-2025-LOT7,M03,4,-32,1,10
MEM-2025-LOT7,M03,5,-32,1,10
MEM-2025-LOT7,M03,6,-32,1,10
MEM-2025-LOT7,M03,7,-32,1,10
MEM-2025-LOT7,M03,8,-32,1,10
MEM-2025-LOT7,M03,9,-32,1,10
MEM-2025-LOT7,M03,10,-32,1,10
MEM-2025-LOT7,M03,11,-32,1,10
MEM-2025-LOT7,M03,12,-32,1,10
MEM-2025-LOT7,M03,13,-32,1,10
MEM-2025-LOT7,M03,14,-32,1,10
MEM-2025-LOT7,M03,15,-32,4,21
MEM-2025-LOT7,M03,16,-32,1,10
MEM-2025-LOT7,M03,17,-32,1,10
MEM-2025-LOT7,M03,18,-32,1,10
MEM-2025-LOT7,M03,19,-32,2,30
MEM-2025-LOT7,M03,20,-32,1,10
MEM-2025-LOT7,M03,21,-32,2,30
MEM-2025-LOT7,M03,22,-32,1,10
MEM-2025-LOT7,M03,23,-32,2,20
MEM-2025-LOT7,M03,24,-32,1,10
MEM-2025-LOT7,M03,-24,-31,1,10
MEM-2025-LOT7,M03,-23,-31,2,22
MEM-2025-LOT7,M03,-22,-31,2,21
MEM-2025-LOT7,M03,-21,-31,1,10
MEM-2025-LOT7,M03,-20,-31,2,20
MEM-2025-LOT7,M03,-19,-31,1,10
MEM-2025-LOT7,M03,-18,-31,2,20
MEM-2025-LOT7,M03,-17,-31,2,30
MEM-2025-LOT7,M03,-16,-31,1,10
MEM-2025-LOT7,M03,-15,-31,2,21
MEM-2025-LOT7,M03,-14,-31,1,10
MEM-2025-LOT7,M03,-13,-31,1,10
MEM-2025-LOT7,M03,-12,-31,1,10
MEM-2025-LOT7,M03,-11,-31,1,10
MEM-2025-LOT7,M03,-10,-31,1,10
MEM-2025-LOT7,M03,-9,-31,1,10
MEM-2025-LOT7,M03,-8,-31,1,10
MEM-2025-LOT7,M03,-7,-31,1,10
MEM-2025-LOT7,M03,-6,-31,3,31
MEM-2025-LOT7,M03,-5,-31,1,10
MEM-2025-LOT7,M03,-4,-31,1,10
MEM-2025-LOT7,M03,-3,-31,1,10
MEM-2025-LOT7,M03,-2,-31,1,10
MEM-2025-LOT7,M03,-1,-31,1,10
MEM-2025-LOT7,M03,0,-31,1,10
MEM-2025-LOT7,M03,1,-31,1,10
MEM-2025-LOT7,M03,2,-31,1,10
MEM-2025-LOT7,M03,3,-31,1,10
MEM-2025-LOT7,M03,4,-31,3,20
MEM-2025-LOT7,M03,5,-31,1,10
MEM-2025-LOT7,M03,6,-31,1,10
MEM-2025-LOT7,M03,7,-31,1,10
MEM-2025-LOT7,M03,8,-31,1,10
MEM-2025-LOT7,M03,9,-31,1,10
MEM-2025-LOT7,M03,10,-31,1,10
MEM-2025-LOT7,M03,11,-31,1,10
MEM-2025-LOT7,M03,12,-31,2,31
MEM-2025-LOT7,M03,13,-31,1,10
MEM-2025-LOT7,M03,14,-31,1,10
MEM-2025-LOT7,M03,15,-31,1,10
MEM-2025-LOT7,M03,16,-31,2,21
MEM-2025-LOT7,M03,17,-31,2,21
MEM-2025-LOT7,M03,18,-31,1,10
MEM-2025-LOT7,M03,19,-31,1,10
MEM-2025-LOT7,M03,20,-31,4,22
MEM-2025-LOT7,M03,21,-31,3,30
MEM-2025-LOT7,M03,22,-31,1,10
MEM-2025-LOT7,M03,23,-31,3,21
MEM-2025-LOT7,M03,24,-31,3,20
MEM-2025-LOT7,M03,-25,-30,2,31
MEM-2025-LOT7,M03,-24,-30,1,10
MEM-2025-LOT7,M03,-23,-30,1,10
MEM-2025-LOT7,M03,-22,-30,1,10
MEM-2025-LOT7,M03,-21,-30,1,10
MEM-2025-LOT7,M03,-20,-30,2,20
MEM-2025-LOT7,M03,-19,-30,3,20
MEM-2025-LOT7,M03,-18,-30,1,10
MEM-2025-LOT7,M03,-17,-30,3,21
MEM-2025-LOT7,M03,-16,-30,1,10
MEM-2025-LOT7,M03,-15,-30,1,10
MEM-2025-LOT7,M03,-14,-30,1,10
MEM-2025-LOT7,M03,-13,-30,1,10
MEM-2025-LOT7,M03,-12,-30,1,10
MEM-2025-LOT7,M03,-11,-30,1,10
MEM-2025-LOT7,M03,-10,-30,1,10
MEM-2025-LOT7,M03,-9,-30,1,10
MEM-2025-LOT7,M03,-8,-30,1,10
MEM-2025-LOT7,M03,-7,-30,1,10
MEM-2025-LOT7,M03,-6,-30,1,10
MEM-2025-LOT7,M03,-5,-30,1,10
MEM-2025-LOT7,M03,-4,-30,1,10
MEM-2025-LOT7,M03,-3,-30,1,10
MEM-2025-LOT7,M03,-2,-30,1,10
MEM-2025-LOT7,M03,-1,-30,1,10
MEM-2025-LOT7,M03,0,-30,1,10
MEM-2025-LOT7,M03,1,-30,1,10
MEM-2025-LOT7,M03,2,-30,1,10
MEM-2025-LOT7,M03,3,-30,1,10
MEM-2025-LOT7,M03,4,-30,1,10
MEM-2025-LOT7,M03,5,-30,1,10
MEM-2025-LOT7,M03,6,-30,1,10
MEM-2025-LOT7,M03,7,-30,1,10
MEM-2025-LOT7,M03,8,-30,1,10
MEM-2025-LOT7,M03,9,-30,1,10
MEM-2025-LOT7,M03,10,-30,1,10
MEM-2025-LOT7,M03,11,-30,1,10
MEM-2025-LOT7,M03,12,-30,1,10
MEM-2025-LOT7,M03,13,-30,1,10
MEM-2025-LOT7,M03,14,-30,1,10
MEM-2025-LOT7,M03,15,-30,1,10
MEM-2025-LOT7,M03,16,-30,1,10
MEM-2025-LOT7,M03,17,-30,2,20
MEM-2025-LOT7,M03,18,-30,2,22
MEM-2025-LOT7,M03,19,-30,2,20
MEM-2025-LOT7,M03,20,-30,4,21
MEM-2025-LOT7,M03,21,-30,1,10
MEM-2025-LOT7,M03,22,-30,4,31
MEM-2025-LOT7,M03,23,-30,1,10
MEM-2025-LOT7,M03,24,-30,1,10
MEM-2025-LOT7,M03,25,-30,2,21
MEM-2025-LOT7,M03,-25,-29,1,10
MEM-2025-LOT7,M03,-24,-29,3,30
MEM-2025-LOT7,M03,-23,-29,1,10
MEM-2025-LOT7,M03,-22,-29,2,22
MEM-2025-LOT7,M03,-21,-29,1,10
MEM-2025-LOT7,M03,-20,-29,4,22
MEM-2025-LOT7,M03,-19,-29,4,20
MEM-2025-LOT7,M03,-18,-29,1,10
MEM-2025-LOT7,M03,-17,-29,1,10
MEM-2025-LOT7,M03,-16,-29,1,10
MEM-2025-LOT7,M03,-15,-29,1,10
MEM-2025-LOT7,M03,-14,-29,1,10
MEM-2025-LOT7,M03,-13,-29,1,10
MEM-2025-LOT7,M03,-12,-29,1,10
MEM-2025-LOT7,M03,-11,-29,1,10
MEM-2025-LOT7,M03,-10,-29,1,10
MEM-2025-LOT7,M03,-9,-29,1,10
MEM-2025-LOT7,M03,-8,-29,1,10
MEM-2025-LOT7,M03,-7,-29,1,10
MEM-2025-LOT7,M03,-6,-29,1,10
MEM-2025-LOT7,M03,-5,-29,1,10
MEM-2025-LOT7,M03,-4,-29,1,10
MEM-2025-LOT7,M03,-3,-29,1,10
MEM-2025-LOT7,M03,-2,-29,1,10
MEM-2025-LOT7,M03,-1,-29,1,10
MEM-2025-LOT7,M03,0,-29,1,10
MEM-2025-LOT7,M03,1,-29,1,10
MEM-2025-LOT7,M03,2,-29,1,10
MEM-2025-LOT7,M03,3,-29,1,10
MEM-2025-LOT7,M03,4,-29,1,10
MEM-2025-LOT7,M03,5,-29,1,10
MEM-2025-LOT7,M03,6,-29,1,10
MEM-2025-LOT7,M03,7,-29,1,10
MEM-2025-LOT7,M03,8,-29,1,10
MEM-2025-LOT7,M03,9,-29,1,10
MEM-2025-LOT7,M03,10,-29,1,10
MEM-2025-LOT7,M03,11,-29,1,10
MEM-2025-LOT7,M03,12,-29,1,10
MEM-2025-LOT7,M03,13,-29,1,10
MEM-2025-LOT7,M03,14,-29,1,10
MEM-2025-LOT7,M03,15,-29,1,10
MEM-2025-LOT7,M03,16,-29,1,10
MEM-2025-LOT7,M03,17,-29,1,10
MEM-2025-LOT7,M03,18,-29,3,21
MEM-2025-LOT7,M03,19,-29,1,10
MEM-2025-LOT7,M03,20,-29,1,10
MEM-2025-LOT7,M03,21,-29,1,10
MEM-2025-LOT7,M03,22,-29,4,21
MEM-2025-LOT7,M03,23,-29,2,31
MEM-2025-LOT7,M03,24,-29,1,10
MEM-2025-LOT7,M03,25,-29,3,20
MEM-2025-LOT7,M03,-26,-28,1,10
MEM-2025-LOT7,M03,-25,-28,2,31
MEM-2025-LOT7,M03,-24,-28,1,10
MEM-2025-LOT7,M03,-23,-28,1,10
MEM-2025-LOT7,M03,-22,-28,2,30
MEM-2025-LOT7,M03,-21,-28,2,30
MEM-2025-LOT7,M03,-20,-28,2,30
MEM-2025-LOT7,M03,-19,-28,2,21
MEM-2025-LOT7,M03,-18,-28,1,10
MEM-2025-LOT7,M03,-17,-28,1,10
MEM-2025-LOT7,M03,-16,-28,1,10
MEM-2025-LOT7,M03,-15,-28,1,10
MEM-2025-LOT7,M03,-14,-28,1,10
MEM-2025-LOT7,M03,-13,-28,4,31
MEM-2025-LOT7,M03,-12,-28,1,10
MEM-2025-LOT7,M03,-11,-28,1,10
MEM-2025-LOT7,M03,-10,-28,1,10
MEM-2025-LOT7,M03,-9,-28,1,10
MEM-2025-LOT7,M03,-8,-28,1,10
MEM-2025-LOT7,M03,-7,-28,1,10
MEM-2025-LOT7,M03,-6,-28,1,10
MEM-2025-LOT7,M03,-5,-28,1,10
MEM-2025-LOT7,M03,-4,-28,2,21
MEM-2025-LOT7,M03,-3,-28,1,10
MEM-2025-LOT7,M03,-2,-28,1,10
MEM-2025-LOT7,M03,-1,-28,1,10
MEM-2025-LOT7,M03,0,-28,1,10
MEM-2025-LOT7,M03,1,-28,1,10
MEM-2025-LOT7,M03,2,-28,1,10
MEM-2025-LOT7,M03,3,-28,1,10
MEM-2025-LOT7,M03,4,-28,1,10
MEM-2025-LOT7,M03,5,-28,1,10
MEM-2025-LOT7,M03,6,-28,1,10
MEM-2025-LOT7,M03,7,-28,1,10
MEM-2025-LOT7,M03,8,-28,1,10
MEM-2025-LOT7,M03,9,-28,1,10
MEM-2025-LOT7,M03,10,-28,1,10
MEM-2025-LOT7,M03,11,-28,1,10
MEM-2025-LOT7,M03,12,-28,1,10
MEM-2025-LOT7,M03,13,-28,1,10
MEM-2025-LOT7,M03,14,-28,1,10
MEM-2025-LOT7,M03,15,-28,1,10
MEM-2025-LOT7,M03,16,-28,1,10
MEM-2025-LOT7,M03,17,-28,1,10
MEM-2025-LOT7,M03,18,-28,3,30
MEM-2025-LOT7,M03,19,-28,2,22
MEM-2025-LOT7,M03,20,-28,1,10
MEM-2025-LOT7,M03,21,-28,1,10
MEM-2025-LOT7,M03,22,-28,1,10
MEM-2025-LOT7,M03,23,-28,4,22
MEM-2025-LOT7,M03,24,-28,1,10
MEM-2025-LOT7,M03,25,-28,1,10
MEM-2025-LOT7,M03,26,-28,1,10
MEM-2025-LOT7,M03,-26,-27,1,10
MEM-2025-LOT7,M03,-25,-27,2,31
MEM-2025-LOT7,M03,-24,-27,1,10
MEM-2025-LOT7,M03,-23,-27,2,21
MEM-2025-LOT7,M03,-22,-27,1,10
MEM-2025-LOT7,M03,-21,-27,4,20
MEM-2025-LOT7,M03,-20,-27,1,10
MEM-2025-LOT7,M03,-19,-27,4,22
MEM-2025-LOT7,M03,-18,-27,3,20
MEM-2025-LOT7,M03,-17,-27,1,10
MEM-2025-LOT7,M03,-16,-27,1,10
MEM-2025-LOT7,M03,-15,-27,1,10
MEM-2025-LOT7,M03,-14,-27,1,10
MEM-2025-LOT7,M03,-13,-27,1,10
MEM-2025-LOT7,M03,-12,-27,1,10
MEM-2025-LOT7,M03,-11,-27,1,10
MEM-2025-LOT7,M03,-10,-27,1,10
MEM-2025-LOT7,M03,-9,-27,1,10
MEM-2025-LOT7,M03,-8,-27,1,10
MEM-2025-LOT7,M03,-7,-27,1,10
MEM-2025-LOT7,M03,-6,-27,1,10
MEM-2025-LOT7,M03,-5,-27,1,10
MEM-2025-LOT7,M03,-4,-27,1,10
MEM-2025-LOT7,M03,-3,-27,1,10
MEM-2025-LOT7,M03,-2,-27,1,10
MEM-2025-LOT7,M03,-1,-27,1,10
MEM-2025-LOT7,M03,0,-27,1,10
MEM-2025-LOT7,M03,1,-27,1,10
MEM-2025-LOT7,M03,2,-27,1,10
MEM-2025-LOT7,M03,3,-27,1,10
MEM-2025-LOT7,M03,4,-27,1,10
MEM-2025-LOT7,M03,5,-27,1,10
MEM-2025-LOT7,M03,6,-27,1,10
MEM-2025-LOT7,M03,7,-27,1,10
MEM-2025-LOT7,M03,8,-27,1,10
MEM-2025-LOT7,M03,9,-27,1,10
MEM-2025-LOT7,M03,10,-27,1,10
MEM-2025-LOT7,M03,11,-27,1,10
MEM-2025-LOT7,M03,12,-27,1,10
MEM-2025-LOT7,M03,13,-27,1,10
MEM-2025-LOT7,M03,14,-27,1,10
MEM-2025-LOT7,M03,15,-27,1,10
MEM-2025-LOT7,M03,16,-27,1,10
MEM-2025-LOT7,M03,17,-27,1,10
MEM-2025-LOT7,M03,18,-27,1,10
MEM-2025-LOT7,M03,19,-27,1,10
MEM-2025-LOT7,M03,20,-27,1,10
MEM-2025-LOT7,M03,21,-27,2,21
MEM-2025-LOT7,M03,22,-27,1,10
MEM-2025-LOT7,M03,23,-27,1,10
MEM-2025-LOT7,M03,24,-27,2,20
MEM-2025-LOT7,M03,25,-27,1,10
MEM-2025-LOT7,M03,26,-27,4,20
MEM-2025-LOT7,M03,-27,-26,2,21
MEM-2025-LOT7,M03,-26,-26,2,20
MEM-2025-LOT7,M03,-25,-26,2,22
MEM-2025-LOT7,M03,-24,-26,1,10
MEM-2025-LOT7,M03,-23,-26,1,10
MEM-2025-LOT7,M03,-22,-26,1,10
MEM-2025-LOT7,M03,-21,-26,1,10
MEM-2025-LOT7,M03,-20,-26,2,31
MEM-2025-LOT7,M03,-19,-26,2,30
MEM-2025-LOT7,M03,-18,-26,1,10
MEM-2025-LOT7,M03,-17,-26,1,10
MEM-2025-LOT7,M03,-16,-26,1,10
MEM-2025-LOT7,M03,-15,-26,1,10
MEM-2025-LOT7,M03,-14,-26,1,10
MEM-2025-LOT7,M03,-13,-26,1,10
MEM-2025-LOT7,M03,-12,-26,1,10
MEM-2025-LOT7,M03,-11,-26,1,10
MEM-2025-LOT7,M03,-10,-26,1,10
MEM-2025-LOT7,M03,-9,-26,1,10
MEM-2025-LOT7,M03,-8,-26,1,10
MEM-2025-LOT7,M03,-7,-26,1,10
MEM-2025-LOT7,M03,-6,-26,1,10
MEM-2025-LOT7,M03,-5,-26,1,10
MEM-2025-LOT7,M03,-4,-26,1,10
MEM-2025-LOT7,M03,-3,-26,1,10
MEM-2025-LOT7,M03,-2,-26,1,10
MEM-2025-LOT7,M03,-1,-26,1,10
MEM-2025-LOT7,M03,0,-26,1,10
MEM-2025-LOT7,M03,1,-26,1,10
MEM-2025-LOT7,M03,2,-26,1,10
MEM-2025-LOT7,M03,3,-26,1,10
MEM-2025-LOT7,M03,4,-26,1,10
MEM-2025-LOT7,M03,5,-26,1,10
MEM-2025-LOT7,M03,6,-26,1,10
MEM-2025-LOT7,M03,7,-26,1,10
MEM-2025-LOT7,M03,8,-26,1,10
MEM-2025-LOT7,M03,9,-26,1,10
MEM-2025-LOT7,M03,10,-26,1,10
MEM-2025-LOT7,M03,11,-26,1,10
MEM-2025-LOT7,M03,12,-26,1,10
MEM-2025-LOT7,M03,13,-26,1,10
MEM-2025-LOT7,M03,14,-26,1,10
MEM-2025-LOT7,M03,15,-26,1,10
MEM-2025-LOT7,M03,16,-26,1,10
MEM-2025-LOT7,M03,17,-26,1,10
MEM-2025-LOT7,M03,18,-26,1,10
MEM-2025-LOT7,M03,19,-26,4,22
MEM-2025-LOT7,M03,20,-26,3,21
MEM-2025-LOT7,M03,21,-26,2,21
MEM-2025-LOT7,M03,22,-26,2,21
MEM-2025-LOT7,M03,23,-26,3,22
MEM-2025-LOT7,M03,24,-26,2,30
MEM-2025-LOT7,M03,25,-26,1,10
MEM-2025-LOT7,M03,26,-26,2,20
MEM-2025-LOT7,M03,27,-26,1,10
MEM-2025-LOT7,M03,-27,-25,4,30
MEM-2025-LOT7,M03,-26,-25,3,31
MEM-2025-LOT7,M03,-25,-25,1,10
MEM-2025-LOT7,M03,-24,-25,1,10
MEM-2025-LOT7,M03,-23,-25,1,10
MEM-2025-LOT7,M03,-22,-25,2,21
MEM-2025-LOT7,M03,-21,-25,1,10
MEM-2025-LOT7,M03,-20,-25,4,20
MEM-2025-LOT7,M03,-19,-25,1,10
MEM-2025-LOT7,M03,-18,-25,1,10
MEM-2025-LOT7,M03,-17,-25,1,10
MEM-2025-LOT7,M03,-16,-25,1,10
MEM-2025-LOT7,M03,-15,-25,1,10
MEM-2025-LOT7,M03,-14,-25,1,10
MEM-2025-LOT7,M03,-13,-25,1,10
MEM-2025-LOT7,M03,-12,-25,1,10
MEM-2025-LOT7,M03,-11,-25,1,10
MEM-2025-LOT7,M03,-10,-25,1,10
MEM-2025-LOT7,M03,-9,-25,1,10
MEM-2025-LOT7,M03,-8,-25,1,10
MEM-2025-LOT7,M03,-7,-25,1,10
MEM-2025-LOT7,M03,-6,-25,1,10
MEM-2025-LOT7,M03,-5,-25,1,10
MEM-2025-LOT7,M03,-4,-25,1,10
MEM-2025-LOT7,M03,-3,-25,1,10
MEM-2025-LOT7,M03,-2,-25,1,10
MEM-2025-LOT7,M03,-1,-25,1,10
MEM-2025-LOT7,M03,0,-25,1,10
MEM-2025-LOT7,M03,1,-25,1,10
MEM-2025-LOT7,M03,2,-25,1,10
MEM-2025-LOT7,M03,3,-25,1,10
MEM-2025-LOT7,M03,4,-25,1,10
MEM-2025-LOT7,M03,5,-25,1,10
MEM-2025-LOT7,M03,6,-25,1,10
MEM-2025-LOT7,M03,7,-25,1,10
MEM-2025-LOT7,M03,8,-25,1,10
MEM-2025-LOT7,M03,9,-25,1,10
MEM-2025-LOT7,M03,10,-25,1,10
MEM-2025-LOT7,M03,11,-25,1,10
MEM-2025-LOT7,M03,12,-25,1,10
MEM-2025-LOT7,M03,13,-25,1,10
MEM-2025-LOT7,M03,14,-25,1,10
MEM-2025-LOT7,M03,15,-25,1,10
MEM-2025-LOT7,M03,16,-25,1,10
MEM-2025-LOT7,M03,17,-25,1,10
MEM-2025-LOT7,M03,18,-25,1,10
MEM-2025-LOT7,M03,19,-25,1,10
MEM-2025-LOT7,M03,20,-25,4,22
MEM-2025-LOT7,M03,21,-25,1,10
MEM-2025-LOT7,M03,22,-25,3,22
MEM-2025-LOT7,M03,23,-25,1,10
MEM-2025-LOT7,M03,24,-25,1,10
MEM-2025-LOT7,M03,25,-25,2,21
MEM-2025-LOT7,M03,26,-25,2,21
MEM-2025-LOT7,M03,27,-25,1,10
MEM-2025-LOT7,M03,-28,-24,1,10
MEM-2025-LOT7,M03,-27,-24,4,22
MEM-2025-LOT7,M03,-26,-24,3,22
MEM-2025-LOT7,M03,-25,-24,1,10
MEM-2025-LOT7,M03,-24,-24,2,22
MEM-2025-LOT7,M03,-23,-24,1,10
MEM-2025-LOT7,M03,-22,-24,1,10
MEM-2025-LOT7,M03,-21,-24,4,21
MEM-2025-LOT7,M03,-20,-24,2,22
MEM-2025-LOT7,M03,-19,-24,1,10
MEM-2025-LOT7,M03,-18,-24,1,10
MEM-2025-LOT7,M03,-17,-24,1,10
MEM-2025-LOT7,M03,-16,-24,1,10
MEM-2025-LOT7,M03,-15,-24,1,10
MEM-2025-LOT7,M03,-14,-24,1,10
MEM-2025-LOT7,M03,-13,-24,1,10
MEM-2025-LOT7,M03,-12,-24,1,10
MEM-2025-LOT7,M03,-11,-24,1,10
MEM-2025-LOT7,M03,-10,-24,1,10
MEM-2025-LOT7,M03,-9,-24,1,10
MEM-2025-LOT7,M03,-8,-24,1,10
MEM-2025-LOT7,M03,-7,-24,2,21
MEM-2025-LOT7,M03,-6,-24,1,10
MEM-2025-LOT7,M03,-5,-24,1,10
MEM-2025-LOT7,M03,-4,-24,1,10
MEM-2025-LOT7,M03,-3,-24,1,10
MEM-2025-LOT7,M03,-2,-24,1,10
MEM-2025-LOT7,M03,-1,-24,1,10
MEM-2025-LOT7,M03,0,-24,1,10
MEM-2025-LOT7,M03,1,-24,1,10
MEM-2025-LOT7,M03,2,-24,1,10
MEM-2025-LOT7,M03,3,-24,1,10
MEM-2025-LOT7,M03,4,-24,1,10
MEM-2025-LOT7,M03,5,-24,1,10
MEM-2025-LOT7,M03,6,-24,1,10
MEM-2025-LOT7,M03,7,-24,1,10
MEM-2025-LOT7,M03,8,-24,1,10
MEM-2025-LOT7,M03,9,-24,1,10
MEM-2025-LOT7,M03,10,-24,1,10
MEM-2025-LOT7,M03,11,-24,1,10
MEM-2025-LOT7,M03,12,-24,1,10
MEM-2025-LOT7,M03,13,-24,1,10
MEM-2025-LOT7,M03,14,-24,1,10
MEM-2025-LOT7,M03,15,-24,1,10
MEM-2025-LOT7,M03,16,-24,1,10
MEM-2025-LOT7,M03,17,-24,1,10
MEM-2025-LOT7,M03,18,-24,1,10
MEM-2025-LOT7,M03,19,-24,1,10
MEM-2025-LOT7,M03,20,-24,2,20
MEM-2025-LOT7,M03,21,-24,1,10
MEM-2025-LOT7,M03,22,-24,3,31
MEM-2025-LOT7,M03,23,-24,1,10
MEM-2025-LOT7,M03,24,-24,1,10
MEM-2025-LOT7,M03,25,-24,2,20
MEM-2025-LOT7,M03,26,-24,1,10
MEM-2025-LOT7,M03,27,-24,3,30
MEM-2025-LOT7,M03,28,-24,1,10
MEM-2025-LOT7,M03,-28,-23,3,31
MEM-2025-LOT7,M03,-27,-23,1,10
MEM-2025-LOT7,M03,-26,-23,1,10
MEM-2025-LOT7,M03,-25,-23,1,10
MEM-2025-LOT7,M03,-24,-23,1,10
MEM-2025-LOT7,M03,-23,-23,2,30
MEM-2025-LOT7,M03,-22,-23,1,10
MEM-2025-LOT7,M03,-21,-23,1,10
MEM-2025-LOT7,M03,-20,-23,1,10
MEM-2025-LOT7,M03,-19,-23,1,10
MEM-2025-LOT7,M03,-18,-23,1,10
MEM-2025-LOT7,M03,-17,-23,1,10
MEM-2025-LOT7,M03,-16,-23,1,10
MEM-2025-LOT7,M03,-15,-23,4,20
MEM-2025-LOT7,M03,-14,-23,1,10
MEM-2025-LOT7,M03,-13,-23,1,10
MEM-2025-LOT7,M03,-12,-23,1,10
MEM-2025-LOT7,M03,-11,-23,1,10
MEM-2025-LOT7,M03,-10,-23,3,30
MEM-2025-LOT7,M03,-9,-23,2,20
MEM-2025-LOT7,M03,-8,-23,1,10
MEM-2025-LOT7,M03,-7,-23,1,10
MEM-2025-LOT7,M03,-6,-23,1,10
MEM-2025-LOT7,M03,-5,-23,1,10
MEM-2025-LOT7,M03,-4,-23,1,10
MEM-2025-LOT7,M03,-3,-23,1,10
MEM-2025-LOT7,M03,-2,-23,1,10
MEM-2025-LOT7,M03,-1,-23,1,10
MEM-2025-LOT7,M03,0,-23,1,10
MEM-2025-LOT7,M03,1,-23,1,10
MEM-2025-LOT7,M03,2,-23,1,10
MEM-2025-LOT7,M03,3,-23,1,10
MEM-2025-LOT7,M03,4,-23,1,10
MEM-2025-LOT7,M03,5,-23,1,10
MEM-2025-LOT7,M03,6,-23,1,10
MEM-2025-LOT7,M03,7,-23,1,10
MEM-2025-LOT7,M03,8,-23,1,10
MEM-2025-LOT7,M03,9,-23,1,10
MEM-2025-LOT7,M03,10,-23,1,10
MEM-2025-LOT7,M03,11,-23,1,10
MEM-2025-LOT7,M03,12,-23,1,10
MEM-2025-LOT7,M03,13,-23,1,10
MEM-2025-LOT7,M03,14,-23,1,10
MEM-2025-LOT7,M03,15,-23,1,10
MEM-2025-LOT7,M03,16,-23,1,10
MEM-2025-LOT7,M03,17,-23,1,10
MEM-2025-LOT7,M03,18,-23,1,10
MEM-2025-LOT7,M03,19,-23,1,10
MEM-2025-LOT7,M03,20,-23,1,10
MEM-2025-LOT7,M03,21,-23,2,31
MEM-2025-LOT7,M03,22,-23,2,22
MEM-2025-LOT7,M03,23,-23,2,20
MEM-2025-LOT7,M03,24,-23,2,31
MEM-2025-LOT7,M03,25,-23,1,10
MEM-2025-LOT7,M03,26,-23,2,30
MEM-2025-LOT7,M03,27,-23,3,31
MEM-2025-LOT7,M03,28,-23,3,22
MEM-2025-LOT7,M03,-28,-22,1,10
MEM-2025-LOT7,M03,-27,-22,4,20
MEM-2025-LOT7,M03,-26,-22,1,10
MEM-2025-LOT7,M03,-25,-22,1,10
MEM-2025-LOT7,M03,-24,-22,2,21
MEM-2025-LOT7,M03,-23,-22,1,10
MEM-2025-LOT7,M03,-22,-22,1,10
MEM-2025-LOT7,M03,-21,-22,1,10
MEM-2025-LOT7,M03,-20,-22,1,10
MEM-2025-LOT7,M03,-19,-22,1,10
MEM-2025-LOT7,M03,-18,-22,1,10
MEM-2025-LOT7,M03,-17,-22,1,10
MEM-2025-LOT7,M03,-16,-22,1,10
MEM-2025-LOT7,M03,-15,-22,1,10
MEM-2025-LOT7,M03,-14,-22,1,10
MEM-2025-LOT7,M03,-13,-22,1,10
MEM-2025-LOT7,M03,-12,-22,1,10
MEM-2025-LOT7,M03,-11,-22,2,22
MEM-2025-LOT7,M03,-10,-22,1,10
MEM-2025-LOT7,M03,-9,-22,1,10
MEM-2025-LOT7,M03,-8,-22,1,10
MEM-2025-LOT7,M03,-7,-22,1,10
MEM-2025-LOT7,M03,-6,-22,1,10
MEM-2025-LOT7,M03,-5,-22,1,10
MEM-2025-LOT7,M03,-4,-22,1,10
MEM-2025-LOT7,M03,-3,-22,1,10
MEM-2025-LOT7,M03,-2,-22,1,10
MEM-2025-LOT7,M03,-1,-22,1,10
MEM-2025-LOT7,M03,0,-22,1,10
MEM-2025-LOT7,M03,1,-22,1,10
MEM-2025-LOT7,M03,2,-22,1,10
MEM-2025-LOT7,M03,3,-22,1,10
MEM-2025-LOT7,M03,4,-22,1,10
MEM-2025-LOT7,M03,5,-22,1,10
MEM-2025-LOT7,M03,6,-22,1,10
MEM-2025-LOT7,M03,7,-22,1,10
MEM-2025-LOT7,M03,8,-22,1,10
MEM-2025-LOT7,M03,9,-22,1,10
MEM-2025-LOT7,M03,10,-22,1,10
MEM-2025-LOT7,M03,11,-22,1,10
MEM-2025-LOT7,M03,12,-22,1,10
MEM-2025-LOT7,M03,13,-22,1,10
MEM-2025-LOT7,M03,14,-22,1,10
MEM-2025-LOT7,M03,15,-22,1,10
MEM-2025-LOT7,M03,16,-22,1,10
MEM-2025-LOT7,M03,17,-22,1,10
MEM-2025-LOT7,M03,18,-22,1,10
MEM-2025-LOT7,M03,19,-22,1,10
MEM-2025-LOT7,M03,20,-22,1,10
MEM-2025-LOT7,M03,21,-22,4,21
MEM-2025-LOT7,M03,22,-22,1,10
MEM-2025-LOT7,M03,23,-22,1,10
MEM-2025-LOT7,M03,24,-22,1,10
MEM-2025-LOT7,M03,25,-22,4,21
MEM-2025-LOT7,M03,26,-22,1,10
MEM-2025-LOT7,M03,27,-22,2,21
MEM-2025-LOT7,M03,28,-22,3,20
MEM-2025-LOT7,M03,-29,-21,1,10
MEM-2025-LOT7,M03,-28,-21,1,10
MEM-2025-LOT7,M03,-27,-21,1,10
MEM-2025-LOT7,M03,-26,-21,2,22
MEM-2025-LOT7,M03,-25,-21,1,10
MEM-2025-LOT7,M03,-24,-21,1,10
MEM-2025-LOT7,M03,-23,-21,1,10
MEM-2025-LOT7,M03,-22,-21,3,22
MEM-2025-LOT7,M03,-21,-21,2,22
MEM-2025-LOT7,M03,-20,-21,1,10
MEM-2025-LOT7,M03,-19,-21,1,10
MEM-2025-LOT7,M03,-18,-21,1,10
MEM-2025-LOT7,M03,-17,-21,1,10
MEM-2025-LOT7,M03,-16,-21,1,10
MEM-2025-LOT7,M03,-15,-21,1,10
MEM-2025-LOT7,M03,-14,-21,1,10
MEM-2025-LOT7,M03,-13,-21,1,10
MEM-2025-LOT7,M03,-12,-21,1,10
MEM-2025-LOT7,M03,-11,-21,1,10
MEM-2025-LOT7,M03,-10,-21,1,10
MEM-2025-LOT7,M03,-9,-21,1,10
MEM-2025-LOT7,M03,-8,-21,1,10
MEM-2025-LOT7,M03,-7,-21,1,10
MEM-2025-LOT7,M03,-6,-21,1,10
MEM-2025-LOT7,M03,-5,-21,1,10
MEM-2025-LOT7,M03,-4,-21,1,10
MEM-2025-LOT7,M03,-3,-21,1,10
MEM-2025-LOT7,M03,-2,-21,1,10
MEM-2025-LOT7,M03,-1,-21,1,10
MEM-2025-LOT7,M03,0,-21,1,10
MEM-2025-LOT7,M03,1,-21,1,10
MEM-2025-LOT7,M03,2,-21,1,10
MEM-2025-LOT7,M03,3,-21,1,10
MEM-2025-LOT7,M03,4,-21,1,10
MEM-2025-LOT7,M03,5,-21,1,10
MEM-2025-LOT7,M03,6,-21,1,10
MEM-2025-LOT7,M03,7,-21,1,10
MEM-2025-LOT7,M03,8,-21,1,10
MEM-2025-LOT7,M03,9,-21,1,10
MEM-2025-LOT7,M03,10,-21,1,10
MEM-2025-LOT7,M03,11,-21,1,10
MEM-2025-LOT7,M03,12,-21,1,10
MEM-2025-LOT7,M03,13,-21,1,10
MEM-2025-LOT7,M03,14,-21,1,10
MEM-2025-LOT7,M03,15,-21,1,10
MEM-2025-LOT7,M03,16,-21,1,10
MEM-2025-LOT7,M03,17,-21,1,10
MEM-2025-LOT7,M03,18,-21,1,10
MEM-2025-LOT7,M03,19,-21,1,10
MEM-2025-LOT7,M03,20,-21,1,10
MEM-2025-LOT7,M03,21,-21,1,10
MEM-2025-LOT7,M03,22,-21,3,20
MEM-2025-LOT7,M03,23,-21,2,20
MEM-2025-LOT7,M03,24,-21,1,10
MEM-2025-LOT7,M03,25,-21,1,10
MEM-2025-LOT7,M03,26,-21,3,22
MEM-2025-LOT7,M03,27,-21,1,10
MEM-2025-LOT7,M03,28,-21,1,10
MEM-2025-LOT7,M03,29,-21,3,22
MEM-2025-LOT7,M03,-29,-20,3,31
MEM-2025-LOT7,M03,-28,-20,1,10
MEM-2025-LOT7,M03,-27,-20,3,30
MEM-2025-LOT7,M03,-26,-20,2,22
MEM-2025-LOT7,M03,-25,-20,2,31
MEM-2025-LOT7,M03,-24,-20,1,10
MEM-2025-LOT7,M03,-23,-20,1,10
MEM-2025-LOT7,M03,-22,-20,3,20
MEM-2025-LOT7,M03,-21,-20,1,10
MEM-2025-LOT7,M03,-20,-20,1,10
MEM-2025-LOT7,M03,-19,-20,1,10
MEM-2025-LOT7,M03,-18,-20,1,10
MEM-2025-LOT7,M03,-17,-20,1,10
MEM-2025-LOT7,M03,-16,-20,1,10
MEM-2025-LOT7,M03,-15,-20,1,10
MEM-2025-LOT7,M03,-14,-20,1,10
MEM-2025-LOT7,M03,-13,-20,1,10
MEM-2025-LOT7,M03,-12,-20,1,10
MEM-2025-LOT7,M03,-11,-20,1,10
MEM-2025-LOT7,M03,-10,-20,1,10
MEM-2025-LOT7,M03,-9,-20,1,10
MEM-2025-LOT7,M03,-8,-20,1,10
MEM-2025-LOT7,M03,-7,-20,1,10
MEM-2025-LOT7,M03,-6,-20,1,10
MEM-2025-LOT7,M03,-5,-20,1,10
MEM-2025-LOT7,M03,-4,-20,1,10
MEM-2025-LOT7,M03,-3,-20,1,10
MEM-2025-LOT7,M03,-2,-20,1,10
MEM-2025-LOT7,M03,-1,-20,1,10
MEM-2025-LOT7,M03,0,-20,1,10
MEM-2025-LOT7,M03,1,-20,1,10
MEM-2025-LOT7,M03,2,-20,1,10
MEM-2025-LOT7,M03,3,-20,1,10
MEM-2025-LOT7,M03,4,-20,1,10
MEM-2025-LOT7,M03,5,-20,1,10
MEM-2025-LOT7,M03,6,-20,1,10
MEM-2025-LOT7,M03,7,-20,1,10
MEM-2025-LOT7,M03,8,-20,1,10
MEM-2025-LOT7,M03,9,-20,1,10
MEM-2025-LOT7,M03,10,-20,1,10
MEM-2025-LOT7,M03,11,-20,1,10
MEM-2025-LOT7,M03,12,-20,1,10
MEM-2025-LOT7,M03,13,-20,1,10
MEM-2025-LOT7,M03,14,-20,1,10
MEM-2025-LOT7,M03,15,-20,1,10
MEM-2025-LOT7,M03,16,-20,1,10
MEM-2025-LOT7,M03,17,-20,1,10
MEM-2025-LOT7,M03,18,-20,1,10
MEM-2025-LOT7,M03,19,-20,1,10
MEM-2025-LOT7,M03,20,-20,1,10
MEM-2025-LOT7,M03,21,-20,1,10
MEM-2025-LOT7,M03,22,-20,1,10
MEM-2025-LOT7,M03,23,-20,3,22
MEM-2025-LOT7,M03,24,-20,1,10
MEM-2025-LOT7,M03,25,-20,2,22
MEM-2025-LOT7,M03,26,-20,1,10
MEM-2025-LOT7,M03,27,-20,1,10
MEM-2025-LOT7,M03,28,-20,1,10
MEM-2025-LOT7,M03,29,-20,1,10
MEM-2025-LOT7,M03,-29,-19,1,10
MEM-2025-LOT7,M03,-28,-19,1,10
MEM-2025-LOT7,M03,-27,-19,1,10
MEM-2025-LOT7,M03,-26,-19,2,31
MEM-2025-LOT7,M03,-25,-19,1,10
MEM-2025-LOT7,M03,-24,-19,3,22
MEM-2025-LOT7,M03,-23,-19,2,31
MEM-2025-LOT7,M03,-22,-19,1,10
MEM-2025-LOT7,M03,-21,-19,1,10
MEM-2025-LOT7,M03,-20,-19,1,10
MEM-2025-LOT7,M03,-19,-19,1,10
MEM-2025-LOT7,M03,-18,-19,1,10
MEM-2025-LOT7,M03,-17,-19,1,10
MEM-2025-LOT7,M03,-16,-19,1,10
MEM-2025-LOT7,M03,-15,-19,1,10
MEM-2025-LOT7,M03,-14,-19,1,10
MEM-2025-LOT7,M03,-13,-19,1,10
MEM-2025-LOT7,M03,-12,-19,1,10
MEM-2025-LOT7,M03,-11,-19,1,10
MEM-2025-LOT7,M03,-10,-19,1,10
MEM-2025-LOT7,M03,-9,-19,1,10
MEM-2025-LOT7,M03,-8,-19,1,10
MEM-2025-LOT7,M03,-7,-19,1,10
MEM-2025-LOT7,M03,-6,-19,1,10
MEM-2025-LOT7,M03,-5,-19,1,10
MEM-2025-LOT7,M03,-4,-19,1,10
MEM-2025-LOT7,M03,-3,-19,1,10
MEM-2025-LOT7,M03,-2,-19,1,10
MEM-2025-LOT7,M03,-1,-19,1,10
MEM-2025-LOT7,M03,0,-19,1,10
MEM-2025-LOT7,M03,1,-19,1,10
MEM-2025-LOT7,M03,2,-19,1,10
MEM-2025-LOT7,M03,3,-19,1,10
MEM-2025-LOT7,M03,4,-19,1,10
MEM-2025-LOT7,M03,5,-19,1,10
MEM-2025-LOT7,M03,6,-19,1,10
MEM-2025-LOT7,M03,7,-19,1,10
MEM-2025-LOT7,M03,8,-19,1,10
MEM-2025-LOT7,M03,9,-19,1,10
MEM-2025-LOT7,M03,10,-19,1,10
MEM-2025-LOT7,M03,11,-19,1,10
MEM-2025-LOT7,M03,12,-19,1,10
MEM-2025-LOT7,M03,13,-19,1,10
MEM-2025-LOT7,M03,14,-19,1,10
MEM-2025-LOT7,M03,15,-19,1,10
MEM-2025-LOT7,M03,16,-19,1,10
MEM-2025-LOT7,M03,17,-19,4,21
MEM-2025-LOT7,M03,18,-19,1,10
MEM-2025-LOT7,M03,19,-19,1,10
MEM-2025-LOT7,M03,20,-19,1,10
MEM-2025-LOT7,M03,21,-19,1,10
MEM-2025-LOT7,M03,22,-19,1,10
MEM-2025-LOT7,M03,23,-19,2,20
MEM-2025-LOT7,M03,24,-19,1,10
MEM-2025-LOT7,M03,25,-19,1,10
MEM-2025-LOT7,M03,26,-19,1,10
MEM-2025-LOT7,M03,27,-19,1,10
MEM-2025-LOT7,M03,28,-19,3,31
MEM-2025-LOT7,M03,29,-19,3,31
MEM-2025-LOT7,M03,-30,-18,4,21
MEM-2025-LOT7,M03,-29,-18,2,31
MEM-2025-LOT7,M03,-28,-18,3,30
MEM-2025-LOT7,M03,-27,-18,3,21
MEM-2025-LOT7,M03,-26,-18,1,10
MEM-2025-LOT7,M03,-25,-18,3,31
MEM-2025-LOT7,M03,-24,-18,1,10
MEM-2025-LOT7,M03,-23,-18,1,10
MEM-2025-LOT7,M03,-22,-18,1,10
MEM-2025-LOT7,M03,-21,-18,1,10
MEM-2025-LOT7,M03,-20,-18,1,10
MEM-2025-LOT7,M03,-19,-18,1,10
MEM-2025-LOT7,M03,-18,-18,1,10
MEM-2025-LOT7,M03,-17,-18,1,10
MEM-2025-LOT7,M03,-16,-18,1,10
MEM-2025-LOT7,M03,-15,-18,1,10
MEM-2025-LOT7,M03,-14,-18,1,10
MEM-2025-LOT7,M03,-13,-18,1,10
MEM-2025-LOT7,M03,-12,-18,1,10
MEM-2025-LOT7,M03,-11,-18,1,10
MEM-2025-LOT7,M03,-10,-18,1,10
MEM-2025-LOT7,M03,-9,-18,1,10
MEM-2025-LOT7,M03,-8,-18,1,10
MEM-2025-LOT7,M03,-7,-18,1,10
MEM-2025-LOT7,M03,-6,-18,1,10
MEM-2025-LOT7,M03,-5,-18,1,10
MEM-2025-LOT7,M03,-4,-18,1,10
MEM-2025-LOT7,M03,-3,-18,1,10
MEM-2025-LOT7,M03,-2,-18,1,10
MEM-2025-LOT7,M03,-1,-18,1,10
MEM-2025-LOT7,M03,0,-18,1,10
MEM-2025-LOT7,M03,1,-18,1,10
MEM-2025-LOT7,M03,2,-18,1,10
MEM-2025-LOT7,M03,3,-18,1,10
MEM-2025-LOT7,M03,4,-18,1,10
MEM-2025-LOT7,M03,5,-18,1,10
MEM-2025-LOT7,M03,6,-18,1,10
MEM-2025-LOT7,M03,7,-18,1,10
MEM-2025-LOT7,M03,8,-18,1,10
MEM-2025-LOT7,M03,9,-18,1,10
MEM-2025-LOT7,M03,10,-18,1,10
MEM-2025-LOT7,M03,11,-18,1,10
MEM-2025-LOT7,M03,12,-18,1,10
MEM-2025-LOT7,M03,13,-18,1,10
MEM-2025-LOT7,M03,14,-18,1,10
MEM-2025-LOT7,M03,15,-18,1,10
MEM-2025-LOT7,M03,16,-18,1,10
MEM-2025-LOT7,M03,17,-18,1,10
MEM-2025-LOT7,M03,18,-18,1,10
MEM-2025-LOT7,M03,19,-18,1,10
MEM-2025-LOT7,M03,20,-18,2,20
MEM-2025-LOT7,M03,21,-18,1,10
MEM-2025-LOT7,M03,22,-18,1,10
MEM-2025-LOT7,M03,23,-18,1,10
MEM-2025-LOT7,M03,24,-18,2,22
MEM-2025-LOT7,M03,25,-18,1,10
MEM-2025-LOT7,M03,26,-18,3,31
MEM-2025-LOT7,M03,27,-18,1,10
MEM-2025-LOT7,M03,28,-18,1,10
MEM-2025-LOT7,M03,29,-18,3,22
MEM-2025-LOT7,M03,30,-18,1,10
MEM-2025-LOT7,M03,-30,-17,2,30
MEM-2025-LOT7,M03,-29,-17,1,10
MEM-2025-LOT7,M03,-28,-17,2,22
MEM-2025-LOT7,M03,-27,-17,3,31
MEM-2025-LOT7,M03,-26,-17,2,22
MEM-2025-LOT7,M03,-25,-17,2,21
MEM-2025-LOT7,M03,-24,-17,1,10
MEM-2025-LOT7,M03,-23,-17,3,20
MEM-2025-LOT7,M03,-22,-17,1,10
MEM-2025-LOT7,M03,-21,-17,1,10
MEM-2025-LOT7,M03,-20,-17,1,10
MEM-2025-LOT7,M03,-19,-17,1,10
MEM-2025-LOT7,M03,-18,-17,1,10
MEM-2025-LOT7,M03,-17,-17,1,10
MEM-2025-LOT7,M03,-16,-17,1,10
MEM-2025-LOT7,M03,-15,-17,1,10
MEM-2025-LOT7,M03,-14,-17,1,10
MEM-2025-LOT7,M03,-13,-17,1,10
MEM-2025-LOT7,M03,-12,-17,1,10
MEM-2025-LOT7,M03,-11,-17,1,10
MEM-2025-LOT7,M03,-10,-17,1,10
MEM-2025-LOT7,M03,-9,-17,1,10
MEM-2025-LOT7,M03,-8,-17,2,20
MEM-2025-LOT7,M03,-7,-17,1,10
MEM-2025-LOT7,M03,-6,-17,1,10
MEM-2025-LOT7,M03,-5,-17,1,10
MEM-2025-LOT7,M03,-4,-17,1,10
MEM-2025-LOT7,M03,-3,-17,1,10
MEM-2025-LOT7,M03,-2,-17,1,10
MEM-2025-LOT7,M03,-1,-17,1,10
MEM-2025-LOT7,M03,0,-17,1,10
MEM-2025-LOT7,M03,1,-17,1,10
MEM-2025-LOT7,M03,2,-17,1,10
MEM-2025-LOT7,M03,3,-17,1,10
MEM-2025-LOT7,M03,4,-17,1,10
MEM-2025-LOT7,M03,5,-17,1,10
MEM-2025-LOT7,M03,6,-17,1,10
MEM-2025-LOT7,M03,7,-17,1,10
MEM-2025-LOT7,M03,8,-17,1,10
MEM-2025-LOT7,M03,9,-17,1,10
MEM-2025-LOT7,M03,10,-17,1,10
MEM-2025-LOT7,M03,11,-17,1,10
MEM-2025-LOT7,M03,12,-17,1,10
MEM-2025-LOT7,M03,13,-17,1,10
MEM-2025-LOT7,M03,14,-17,1,10
MEM-2025-LOT7,M03,15,-17,1,10
MEM-2025-LOT7,M03,16,-17,1,10
MEM-2025-LOT7,M03,17,-17,1,10
MEM-2025-LOT7,M03,18,-17,1,10
MEM-2025-LOT7,M03,19,-17,1,10
MEM-2025-LOT7,M03,20,-17,1,10
MEM-2025-LOT7,M03,21,-17,1,10
MEM-2025-LOT7,M03,22,-17,1,10
MEM-2025-LOT7,M03,23,-17,2,20
MEM-2025-LOT7,M03,24,-17,4,22
MEM-2025-LOT7,M03,25,-17,4,20
MEM-2025-LOT7,M03,26,-17,1,10
MEM-2025-LOT7,M03,27,-17,1,10
MEM-2025-LOT7,M03,28,-17,1,10
MEM-2025-LOT7,M03,29,-17,1,10
MEM-2025-LOT7,M03,30,-17,1,10
MEM-2025-LOT7,M03,-30,-16,1,10
MEM-2025-LOT7,M03,-29,-16,1,10
MEM-2025-LOT7,M03,-28,-16,2,31
MEM-2025-LOT7,M03,-27,-16,2,30
MEM-2025-LOT7,M03,-26,-16,2,30
MEM-2025-LOT7,M03,-25,-16,1,10
MEM-2025-LOT7,M03,-24,-16,2,22
MEM-2025-LOT7,M03,-23,-16,1,10
MEM-2025-LOT7,M03,-22,-16,1,10
MEM-2025-LOT7,M03,-21,-16,1,10
MEM-2025-LOT7,M03,-20,-16,1,10
MEM-2025-LOT7,M03,-19,-16,1,10
MEM-2025-LOT7,M03,-18,-16,1,10
MEM-2025-LOT7,M03,-17,-16,1,10
MEM-2025-LOT7,M03,-16,-16,1,10
MEM-2025-LOT7,M03,-15,-16,1,10
MEM-2025-LOT7,M03,-14,-16,1,10
MEM-2025-LOT7,M03,-13,-16,1,10
MEM-2025-LOT7,M03,-12,-16,1,10
MEM-2025-LOT7,M03,-11,-16,1,10
MEM-2025-LOT7,M03,-10,-16,1,10
MEM-2025-LOT7,M03,-9,-16,1,10
MEM-2025-LOT7,M03,-8,-16,1,10
MEM-2025-LOT7,M03,-7,-16,1,10
MEM-2025-LOT7,M03,-6,-16,1,10
MEM-2025-LOT7,M03,-5,-16,1,10
MEM-2025-LOT7,M03,-4,-16,1,10
MEM-2025-LOT7,M03,-3,-16,1,10
MEM-2025-LOT7,M03,-2,-16,1,10
MEM-2025-LOT7,M03,-1,-16,1,10
MEM-2025-LOT7,M03,0,-16,1,10
MEM-2025-LOT7,M03,1,-16,1,10
MEM-2025-LOT7,M03,2,-16,1,10
MEM-2025-LOT7,M03,3,-16,1,10
MEM-2025-LOT7,M03,4,-16,1,10
MEM-2025-LOT7,M03,5,-16,1,10
MEM-2025-LOT7,M03,6,-16,1,10
MEM-2025-LOT7,M03,7,-16,1,10
MEM-2025-LOT7,M03,8,-16,1,10
MEM-2025-LOT7,M03,9,-16,1,10
MEM-2025-LOT7,M03,10,-16,1,10
MEM-2025-LOT7,M03,11,-16,1,10
MEM-2025-LOT7,M03,12,-16,1,10
MEM-2025-LOT7,M03,13,-16,1,10
MEM-2025-LOT7,M03,14,-16,1,10
MEM-2025-LOT7,M03,15,-16,3,21
MEM-2025-LOT7,M03,16,-16,1,10
MEM-2025-LOT7,M03,17,-16,1,10
MEM-2025-LOT7,M03,18,-16,1,10
MEM-2025-LOT7,M03,19,-16,3,30
MEM-2025-LOT7,M03,20,-16,1,10
MEM-2025-LOT7,M03,21,-16,1,10
MEM-2025-LOT7,M03,22,-16,1,10
MEM-2025-LOT7,M03,23,-16,1,10
MEM-2025-LOT7,M03,24,-16,4,31
MEM-2025-LOT7,M03,25,-16,2,22
MEM-2025-LOT7,M03,26,-16,2,20
MEM-2025-LOT7,M03,27,-16,1,10
MEM-2025-LOT7,M03,28,-16,1,10
MEM-2025-LOT7,M03,29,-16,1,10
MEM-2025-LOT7,M03,30,-16,3,21
MEM-2025-LOT7,M03,-30,-15,2,22
MEM-2025-LOT7,M03,-29,-15,4,20
MEM-2025-LOT7,M03,-28,-15,2,22
MEM-2025-LOT7,M03,-27,-15,1,10
MEM-2025-LOT7,M03,-26,-15,1,10
MEM-2025-LOT7,M03,-25,-15,1,10
MEM-2025-LOT7,M03,-24,-15,1,10
MEM-2025-LOT7,M03,-23,-15,2,31
MEM-2025-LOT7,M03,-22,-15,1,10
MEM-2025-LOT7,M03,-21,-15,1,10
MEM-2025-LOT7,M03,-20,-15,1,10
MEM-2025-LOT7,M03,-19,-15,1,10
MEM-2025-LOT7,M03,-18,-15,1,10
MEM-2025-LOT7,M03,-17,-15,1,10
MEM-2025-LOT7,M03,-16,-15,1,10
MEM-2025-LOT7,M03,-15,-15,1,10
MEM-2025-LOT7,M03,-14,-15,1,10
MEM-2025-LOT7,M03,-13,-15,1,10
MEM-2025-LOT7,M03,-12,-15,1,10
MEM-2025-LOT7,M03,-11,-15,1,10
MEM-2025-LOT7,M03,-10,-15,1,10
MEM-2025-LOT7,M03,-9,-15,1,10
MEM-2025-LOT7,M03,-8,-15,1,10
MEM-2025-LOT7,M03,-7,-15,1,10
MEM-2025-LOT7,M03,-6,-15,1,10
MEM-2025-LOT7,M03,-5,-15,1,10
MEM-2025-LOT7,M03,-4,-15,1,10
MEM-2025-LOT7,M03,-3,-15,1,10
MEM-2025-LOT7,M03,-2,-15,1,10
MEM-2025-LOT7,M03,-1,-15,1,10
MEM-2025-LOT7,M03,0,-15,1,10
MEM-2025-LOT7,M03,1,-15,1,10
MEM-2025-LOT7,M03,2,-15,1,10
MEM-2025-LOT7,M03,3,-15,1,10
MEM-2025-LOT7,M03,4,-15,1,10
MEM-2025-LOT7,M03,5,-15,1,10
MEM-2025-LOT7,M03,6,-15,1,10
MEM-2025-LOT7,M03,7,-15,1,10
MEM-2025-LOT7,M03,8,-15,1,10
MEM-2025-LOT7,M03,9,-15,1,10
MEM-2025-LOT7,M03,10,-15,1,10
MEM-2025-LOT7,M03,11,-15,1,10
MEM-2025-LOT7,M03,12,-15,1,10
MEM-2025-LOT7,M03,13,-15,1,10
MEM-2025-LOT7,M03,14,-15,1,10
MEM-2025-LOT7,M03,15,-15,1,10
MEM-2025-LOT7,M03,16,-15,1,10
MEM-2025-LOT7,M03,17,-15,1,10
MEM-2025-LOT7,M03,18,-15,1,10
MEM-2025-LOT7,M03,19,-15,1,10
MEM-2025-LOT7,M03,20,-15,1,10
MEM-2025-LOT7,M03,21,-15,4,20
MEM-2025-LOT7,M03,22,-15,1,10
MEM-2025-LOT7,M03,23,-15,1,10
MEM-2025-LOT7,M03,24,-15,1,10
MEM-2025-LOT7,M03,25,-15,1,10
MEM-2025-LOT7,M03,26,-15,2,22
MEM-2025-LOT7,M03,27,-15,1,10
MEM-2025-LOT7,M03,28,-15,1,10
MEM-2025-LOT7,M03,29,-15,2,21
MEM-2025-LOT7,M03,30,-15,1,10
MEM-2025-LOT7,M03,-30,-14,2,22
MEM-2025-LOT7,M03,-29,-14,3,22
MEM-2025-LOT7,M03,-28,-14,1,10
MEM-2025-LOT7,M03,-27,-14,1,10
MEM-2025-LOT7,M03,-26,-14,4,22
MEM-2025-LOT7,M03,-25,-14,2,22
MEM-2025-LOT7,M03,-24,-14,1,10
MEM-2025-LOT7,M03,-23,-14,1,10
MEM-2025-LOT7,M03,-22,-14,1,10
MEM-2025-LOT7,M03,-21,-14,1,10
MEM-2025-LOT7,M03,-20,-14,1,10
MEM-2025-LOT7,M03,-19,-14,1,10
MEM-2025-LOT7,M03,-18,-14,1,10
MEM-2025-LOT7,M03,-17,-14,1,10
MEM-2025-LOT7,M03,-16,-14,1,10
MEM-2025-LOT7,M03,-15,-14,1,10
MEM-2025-LOT7,M03,-14,-14,1,10
MEM-2025-LOT7,M03,-13,-14,1,10
MEM-2025-LOT7,M03,-12,-14,1,10
MEM-2025-LOT7,M03,-11,-14,1,10
MEM-2025-LOT7,M03,-10,-14,1,10
MEM-2025-LOT7,M03,-9,-14,1,10
MEM-2025-LOT7,M03,-8,-14,1,10
MEM-2025-LOT7,M03,-7,-14,1,10
MEM-2025-LOT7,M03,-6,-14,1,10
MEM-2025-LOT7,M03,-5,-14,1,10
MEM-2025-LOT7,M03,-4,-14,1,10
MEM-2025-LOT7,M03,-3,-14,1,10
MEM-2025-LOT7,M03,-2,-14,1,10
MEM-2025-LOT7,M03,-1,-14,1,10
MEM-2025-LOT7,M03,0,-14,1,10
MEM-2025-LOT7,M03,1,-14,1,10
MEM-2025-LOT7,M03,2,-14,1,10
MEM-2025-LOT7,M03,3,-14,1,10
MEM-2025-LOT7,M03,4,-14,1,10
MEM-2025-LOT7,M03,5,-14,1,10
MEM-2025-LOT7,M03,6,-14,1,10
MEM-2025-LOT7,M03,7,-14,1,10
MEM-2025-LOT7,M03,8,-14,1,10
MEM-2025-LOT7,M03,9,-14,1,10
MEM-2025-LOT7,M03,10,-14,4,20
MEM-2025-LOT7,M03,11,-14,1,10
MEM-2025-LOT7,M03,12,-14,1,10
MEM-2025-LOT7,M03,13,-14,1,10
MEM-2025-LOT7,M03,14,-14,1,10
MEM-2025-LOT7,M03,15,-14,1,10
MEM-2025-LOT7,M03,16,-14,1,10
MEM-2025-LOT7,M03,17,-14,1,10
MEM-2025-LOT7,M03,18,-14,1,10
MEM-2025-LOT7,M03,19,-14,1,10
MEM-2025-LOT7,M03,20,-14,1,10
MEM-2025-LOT7,M03,21,-14,4,21
MEM-2025-LOT7,M03,22,-14,1,10
MEM-2025-LOT7,M03,23,-14,1,10
MEM-2025-LOT7,M03,24,-14,1,10
MEM-2025-LOT7,M03,25,-14,2,30
MEM-2025-LOT7,M03,26,-14,1,10
MEM-2025-LOT7,M03,27,-14,2,30
MEM-2025-LOT7,M03,28,-14,3,22
MEM-2025-LOT7,M03,29,-14,2,21
MEM-2025-LOT7,M03,30,-14,2,31
MEM-2025-LOT7,M03,-31,-13,1,10
MEM-2025-LOT7,M03,-30,-13,1,10
MEM-2025-LOT7,M03,-29,-13,1,10
MEM-2025-LOT7,M03,-28,-13,1,10
MEM-2025-LOT7,M03,-27,-13,1,10
MEM-2025-LOT7,M03,-26,-13,1,10
MEM-2025-LOT7,M03,-25,-13,1,10
MEM-2025-LOT7,M03,-24,-13,1,10
MEM-2025-LOT7,M03,-23,-13,1,10
MEM-2025-LOT7,M03,-22,-13,1,10
MEM-2025-LOT7,M03,-21,-13,1,10
MEM-2025-LOT7,M03,-20,-13,1,10
MEM-2025-LOT7,M03,-19,-13,1,10
MEM-2025-LOT7,M03,-18,-13,1,10
MEM-2025-LOT7,M03,-17,-13,1,10
MEM-2025-LOT7,M03,-16,-13,1,10
MEM-2025-LOT7,M03,-15,-13,4,31
MEM-2025-LOT7,M03,-14,-13,3,22
MEM-2025-LOT7,M03,-13,-13,1,10
MEM-2025-LOT7,M03,-12,-13,1,10
MEM-2025-LOT7,M03,-11,-13,1,10
MEM-2025-LOT7,M03,-10,-13,1,10
MEM-2025-LOT7,M03,-9,-13,1,10
MEM-2025-LOT7,M03,-8,-13,1,10
MEM-2025-LOT7,M03,-7,-13,1,10
MEM-2025-LOT7,M03,-6,-13,1,10
MEM-2025-LOT7,M03,-5,-13,1,10
MEM-2025-LOT7,M03,-4,-13,1,10
MEM-2025-LOT7,M03,-3,-13,1,10
MEM-2025-LOT7,M03,-2,-13,1,10
MEM-2025-LOT7,M03,-1,-13,1,10
MEM-2025-LOT7,M03,0,-13,1,10
MEM-2025-LOT7,M03,1,-13,1,10
MEM-2025-LOT7,M03,2,-13,1,10
MEM-2025-LOT7,M03,3,-13,1,10
MEM-2025-LOT7,M03,4,-13,1,10
MEM-2025-LOT7,M03,5,-13,1,10
MEM-2025-LOT7,M03,6,-13,1,10
MEM-2025-LOT7,M03,7,-13,1,10
MEM-2025-LOT7,M03,8,-13,1,10
MEM-2025-LOT7,M03,9,-13,1,10
MEM-2025-LOT7,M03,10,-13,1,10
MEM-2025-LOT7,M03,11,-13,1,10
MEM-2025-LOT7,M03,12,-13,1,10
MEM-2025-LOT7,M03,13,-13,1,10
MEM-2025-LOT7,M03,14,-13,1,10
MEM-2025-LOT7,M03,15,-13,1,10
MEM-2025-LOT7,M03,16,-13,1,10
MEM-2025-LOT7,M03,17,-13,1,10
MEM-2025-LOT7,M03,18,-13,1,10
MEM-2025-LOT7,M03,19,-13,1,10
MEM-2025-LOT7,M03,20,-13,1,10
MEM-2025-LOT7,M03,21,-13,1,10
MEM-2025-LOT7,M03,22,-13,1,10
MEM-2025-LOT7,M03,23,-13,1,10
MEM-2025-LOT7,M03,24,-13,1,10
MEM-2025-LOT7,M03,25,-13,1,10
MEM-2025-LOT7,M03,26,-13,1,10
MEM-2025-LOT7,M03,27,-13,2,21
MEM-2025-LOT7,M03,28,-13,4,30
MEM-2025-LOT7,M03,29,-13,4,31
MEM-2025-LOT7,M03,30,-13,3,31
MEM-2025-LOT7,M03,31,-13,1,10
MEM-2025-LOT7,M03,-31,-12,3,31
MEM-2025-LOT7,M03,-30,-12,1,10
MEM-2025-LOT7,M03,-29,-12,3,31
MEM-2025-LOT7,M03,-28,-12,2,31
MEM-2025-LOT7,M03,-27,-12,3,21
MEM-2025-LOT7,M03,-26,-12,1,10
MEM-2025-LOT7,M03,-25,-12,1,10
MEM-2025-LOT7,M03,-24,-12,1,10
MEM-2025-LOT7,M03,-23,-12,1,10
MEM-2025-LOT7,M03,-22,-12,1,10
MEM-2025-LOT7,M03,-21,-12,1,10
MEM-2025-LOT7,M03,-20,-12,1,10
MEM-2025-LOT7,M03,-19,-12,1,10
MEM-2025-LOT7,M03,-18,-12,1,10
MEM-2025-LOT7,M03,-17,-12,1,10
MEM-2025-LOT7,M03,-16,-12,4,31
MEM-2025-LOT7,M03,-15,-12,1,10
MEM-2025-LOT7,M03,-14,-12,1,10
MEM-2025-LOT7,M03,-13,-12,2,30
MEM-2025-LOT7,M03,-12,-12,1,10
MEM-2025-LOT7,M03,-11,-12,1,10
MEM-2025-LOT7,M03,-10,-12,1,10
MEM-2025-LOT7,M03,-9,-12,1,10
MEM-2025-LOT7,M03,-8,-12,1,10
MEM-2025-LOT7,M03,-7,-12,1,10
MEM-2025-LOT7,M03,-6,-12,1,10
MEM-2025-LOT7,M03,-5,-12,1,10
MEM-2025-LOT7,M03,-4,-12,2,30
MEM-2025-LOT7,M03,-3,-12,1,10
MEM-2025-LOT7,M03,-2,-12,1,10
MEM-2025-LOT7,M03,-1,-12,1,10
MEM-2025-LOT7,M03,0,-12,2,31
MEM-2025-LOT7,M03,1,-12,1,10
MEM-2025-LOT7,M03,2,-12,1,10
MEM-2025-LOT7,M03,3,-12,1,10
MEM-2025-LOT7,M03,4,-12,1,10
MEM-2025-LOT7,M03,5,-12,1,10
MEM-2025-LOT7,M03,6,-12,2,20
MEM-2025-LOT7,M03,7,-12,1,10
MEM-2025-LOT7,M03,8,-12,1,10
MEM-2025-LOT7,M03,9,-12,1,10
MEM-2025-LOT7,M03,10,-12,1,10
MEM-2025-LOT7,M03,11,-12,1,10
MEM-2025-LOT7,M03,12,-12,1,10
MEM-2025-LOT7,M03,13,-12,1,10
MEM-2025-LOT7,M03,14,-12,1,10
MEM-2025-LOT7,M03,15,-12,1,10
MEM-2025-LOT7,M03,16,-12,1,10
MEM-2025-LOT7,M03,17,-12,1,10
MEM-2025-LOT7,M03,18,-12,1,10
MEM-2025-LOT7,M03,19,-12,1,10
MEM-2025-LOT7,M03,20,-12,1,10
MEM-2025-LOT7,M03,21,-12,1,10
MEM-2025-LOT7,M03,22,-12,1,10
MEM-2025-LOT7,M03,23,-12,1,10
MEM-2025-LOT7,M03,24,-12,1,10
MEM-2025-LOT7,M03,25,-12,1,10
MEM-2025-LOT7,M03,26,-12,1,10
MEM-2025-LOT7,M03,27,-12,4,21
MEM-2025-LOT7,M03,28,-12,3,20
MEM-2025-LOT7,M03,29,-12,1,10
MEM-2025-LOT7,M03,30,-12,1,10
MEM-2025-LOT7,M03,31,-12,1,10
MEM-2025-LOT7,M03,-31,-11,1,10
MEM-2025-LOT7,M03,-30,-11,1,10
MEM-2025-LOT7,M03,-29,-11,1,10
MEM-2025-LOT7,M03,-28,-11,1,10
MEM-2025-LOT7,M03,-27,-11,3,22
MEM-2025-LOT7,M03,-26,-11,2,30
MEM-2025-LOT7,M03,-25,-11,4,22
MEM-2025-LOT7,M03,-24,-11,1,10
MEM-2025-LOT7,M03,-23,-11,1,10
MEM-2025-LOT7,M03,-22,-11,1,10
MEM-2025-LOT7,M03,-21,-11,1,10
MEM-2025-LOT7,M03,-20,-11,1,10
MEM-2025-LOT7,M03,-19,-11,1,10
MEM-2025-LOT7,M03,-18,-11,1,10
MEM-2025-LOT7,M03,-17,-11,1,10
MEM-2025-LOT7,M03,-16,-11,1,10
MEM-2025-LOT7,M03,-15,-11,1,10
MEM-2025-LOT7,M03,-14,-11,1,10
MEM-2025-LOT7,M03,-13,-11,1,10
MEM-2025-LOT7,M03,-12,-11,1,10
MEM-2025-LOT7,M03,-11,-11,1,10
MEM-2025-LOT7,M03,-10,-11,1,10
MEM-2025-LOT7,M03,-9,-11,1,10
MEM-2025-LOT7,M03,-8,-11,1,10
MEM-2025-LOT7,M03,-7,-11,1,10
MEM-2025-LOT7,M03,-6,-11,1,10
MEM-2025-LOT7,M03,-5,-11,1,10
MEM-2025-LOT7,M03,-4,-11,1,10
MEM-2025-LOT7,M03,-3,-11,1,10
MEM-2025-LOT7,M03,-2,-11,1,10
MEM-2025-LOT7,M03,-1,-11,2,30
MEM-2025-LOT7,M03,0,-11,1,10
MEM-2025-LOT7,M03,1,-11,1,10
MEM-2025-LOT7,M03,2,-11,1,10
MEM-2025-LOT7,M03,3,-11,1,10
MEM-2025-LOT7,M03,4,-11,1,10
MEM-2025-LOT7,M03,5,-11,1,10
MEM-2025-LOT7,M03,6,-11,1,10
MEM-2025-LOT7,M03,7,-11,1,10
MEM-2025-LOT7,M03,8,-11,1,10
MEM-2025-LOT7,M03,9,-11,1,10
MEM-2025-LOT7,M03,10,-11,1,10
MEM-2025-LOT7,M03,11,-11,1,10
MEM-2025-LOT7,M03,12,-11,1,10
MEM-2025-LOT7,M03,13,-11,1,10
MEM-2025-LOT7,M03,14,-11,1,10
MEM-2025-LOT7,M03,15,-11,1,10
MEM-2025-LOT7,M03,16,-11,1,10
MEM-2025-LOT7,M03,17,-11,1,10
MEM-2025-LOT7,M03,18,-11,1,10
MEM-2025-LOT7,M03,19,-11,1,10
MEM-2025-LOT7,M03,20,-11,1,10
MEM-2025-LOT7,M03,21,-11,1,10
MEM-2025-LOT7,M03,22,-11,1,10
MEM-2025-LOT7,M03,23,-11,1,10
MEM-2025-LOT7,M03,24,-11,1,10
MEM-2025-LOT7,M03,25,-11,1,10
MEM-2025-LOT7,M03,26,-11,1,10
MEM-2025-LOT7,M03,27,-11,1,10
MEM-2025-LOT7,M03,28,-11,1,10
MEM-2025-LOT7,M03,29,-11,3,31
MEM-2025-LOT7,M03,30,-11,3,30
MEM-2025-LOT7,M03,31,-11,1,10
MEM-2025-LOT7,M03,-31,-10,2,20
MEM-2025-LOT7,M03,-30,-10,1,10
MEM-2025-LOT7,M03,-29,-10,2,31
MEM-2025-LOT7,M03,-28,-10,2,21
MEM-2025-LOT7,M03,-27,-10,4,31
MEM-2025-LOT7,M03,-26,-10,2,30
MEM-2025-LOT7,M03,-25,-10,1,10
MEM-2025-LOT7,M03,-24,-10,1,10
MEM-2025-LOT7,M03,-23,-10,1,10
MEM-2025-LOT7,M03,-22,-10,1,10
MEM-2025-LOT7,M03,-21,-10,1,10
MEM-2025-LOT7,M03,-20,-10,1,10
MEM-2025-LOT7,M03,-19,-10,1,10
MEM-2025-LOT7,M03,-18,-10,1,10
MEM-2025-LOT7,M03,-17,-10,1,10
MEM-2025-LOT7,M03,-16,-10,1,10
MEM-2025-LOT7,M03,-15,-10,1,10
MEM-2025-LOT7,M03,-14,-10,1,10
MEM-2025-LOT7,M03,-13,-10,1,10
MEM-2025-LOT7,M03,-12,-10,1,10
MEM-2025-LOT7,M03,-11,-10,1,10
MEM-2025-LOT7,M03,-10,-10,1,10
MEM-2025-LOT7,M03,-9,-10,1,10
MEM-2025-LOT7,M03,-8,-10,1,10
MEM-2025-LOT7,M03,-7,-10,1,10
MEM-2025-LOT7,M03,-6,-10,1,10
MEM-2025-LOT7,M03,-5,-10,1,10
MEM-2025-LOT7,M03,-4,-10,1,10
MEM-2025-LOT7,M03,-3,-10,1,10
MEM-2025-LOT7,M03,-2,-10,1,10
MEM-2025-LOT7,M03,-1,-10,1,10
MEM-2025-LOT7,M03,0,-10,1,10
MEM-2025-LOT7,M03,1,-10,1,10
MEM-2025-LOT7,M03,2,-10,1,10
MEM-2025-LOT7,M03,3,-10,1,10
MEM-2025-LOT7,M03,4,-10,1,10
MEM-2025-LOT7,M03,5,-10,1,10
MEM-2025-LOT7,M03,6,-10,1,10
MEM-2025-LOT7,M03,7,-10,1,10
MEM-2025-LOT7,M03,8,-10,1,10
MEM-2025-LOT7,M03,9,-10,1,10
MEM-2025-LOT7,M03,10,-10,1,10
MEM-2025-LOT7,M03,11,-10,1,10
MEM-2025-LOT7,M03,12,-10,1,10
MEM-2025-LOT7,M03,13,-10,1,10
MEM-2025-LOT7,M03,14,-10,1,10
MEM-2025-LOT7,M03,15,-10,1,10
MEM-2025-LOT7,M03,16,-10,1,10
MEM-2025-LOT7,M03,17,-10,1,10
MEM-2025-LOT7,M03,18,-10,1,10
MEM-2025-LOT7,M03,19,-10,1,10
MEM-2025-LOT7,M03,20,-10,1,10
MEM-2025-LOT7,M03,21,-10,1,10
MEM-2025-LOT7,M03,22,-10,1,10
MEM-2025-LOT7,M03,23,-10,1,10
MEM-2025-LOT7,M03,24,-10,1,10
MEM-2025-LOT7,M03,25,-10,3,21
MEM-2025-LOT7,M03,26,-10,1,10
MEM-2025-LOT7,M03,27,-10,1,10
MEM-2025-LOT7,M03,28,-10,1,10
MEM-2025-LOT7,M03,29,-10,1,10
MEM-2025-LOT7,M03,30,-10,1,10
MEM-2025-LOT7,M03,31,-10,4,31
MEM-2025-LOT7,M03,-31,-9,1,10
MEM-2025-LOT7,M03,-30,-9,1,10
MEM-2025-LOT7,M03,-29,-9,1,10
MEM-2025-LOT7,M03,-28,-9,1,10
MEM-2025-LOT7,M03,-27,-9,1,10
MEM-2025-LOT7,M03,-26,-9,1,10
MEM-2025-LOT7,M03,-25,-9,2,20
MEM-2025-LOT7,M03,-24,-9,1,10
MEM-2025-LOT7,M03,-23,-9,1,10
MEM-2025-LOT7,M03,-22,-9,1,10
MEM-2025-LOT7,M03,-21,-9,1,10
MEM-2025-LOT7,M03,-20,-9,1,10
MEM-2025-LOT7,M03,-19,-9,1,10
MEM-2025-LOT7,M03,-18,-9,1,10
MEM-2025-LOT7,M03,-17,-9,1,10
MEM-2025-LOT7,M03,-16,-9,1,10
MEM-2025-LOT7,M03,-15,-9,1,10
MEM-2025-LOT7,M03,-14,-9,1,10
MEM-2025-LOT7,M03,-13,-9,1,10
MEM-2025-LOT7,M03,-12,-9,1,10
MEM-2025-LOT7,M03,-11,-9,1,10
MEM-2025-LOT7,M03,-10,-9,1,10
MEM-2025-LOT7,M03,-9,-9,1,10
MEM-2025-LOT7,M03,-8,-9,1,10
MEM-2025-LOT7,M03,-7,-9,1,10
MEM-2025-LOT7,M03,-6,-9,1,10
MEM-2025-LOT7,M03,-5,-9,1,10
MEM-2025-LOT7,M03,-4,-9,1,10
MEM-2025-LOT7,M03,-3,-9,1,10
MEM-2025-LOT7,M03,-2,-9,1,10
MEM-2025-LOT7,M03,-1,-9,1,10
MEM-2025-LOT7,M03,0,-9,1,10
MEM-2025-LOT7,M03,1,-9,1,10
MEM-2025-LOT7,M03,2,-9,1,10
MEM-2025-LOT7,M03,3,-9,1,10
MEM-2025-LOT7,M03,4,-9,1,10
MEM-2025-LOT7,M03,5,-9,1,10
MEM-2025-LOT7,M03,6,-9,1,10
MEM-2025-LOT7,M03,7,-9,1,10
MEM-2025-LOT7,M03,8,-9,1,10
MEM-2025-LOT7,M03,9,-9,1,10
MEM-2025-LOT7,M03,10,-9,1,10
MEM-2025-LOT7,M03,11,-9,1,10
MEM-2025-LOT7,M03,12,-9,1,10
MEM-2025-LOT7,M03,13,-9,1,10
MEM-2025-LOT7,M03,14,-9,1,10
MEM-2025-LOT7,M03,15,-9,1,10
MEM-2025-LOT7,M03,16,-9,1,10
MEM-2025-LOT7,M03,17,-9,1,10
MEM-2025-LOT7,M03,18,-9,1,10
MEM-2025-LOT7,M03,19,-9,1,10
MEM-2025-LOT7,M03,20,-9,1,10
MEM-2025-LOT7,M03,21,-9,1,10
MEM-2025-LOT7,M03,22,-9,1,10
MEM-2025-LOT7,M03,23,-9,1,10
MEM-2025-LOT7,M03,24,-9,1,10
MEM-2025-LOT7,M03,25,-9,1,10
MEM-2025-LOT7,M03,26,-9,2,31
MEM-2025-LOT7,M03,27,-9,1,10
MEM-2025-LOT7,M03,28,-9,1,10
MEM-2025-LOT7,M03,29,-9,1,10
MEM-2025-LOT7,M03,30,-9,1,10
MEM-2025-LOT7,M03,31,-9,1,10
MEM-2025-LOT7,M03,-31,-8,1,10
MEM-2025-LOT7,M03,-30,-8,4,20
MEM-2025-LOT7,M03,-29,-8,2,30
MEM-2025-LOT7,M03,-28,-8,1,10
MEM-2025-LOT7,M03,-27,-8,1,10
MEM-2025-LOT7,M03,-26,-8,1,10
MEM-2025-LOT7,M03,-25,-8,1,10
MEM-2025-LOT7,M03,-24,-8,1,10
MEM-2025-LOT7,M03,-23,-8,1,10
MEM-2025-LOT7,M03,-22,-8,1,10
MEM-2025-LOT7,M03,-21,-8,1,10
MEM-2025-LOT7,M03,-20,-8,1,10
MEM-2025-LOT7,M03,-19,-8,1,10
MEM-2025-LOT7,M03,-18,-8,1,10
MEM-2025-LOT7,M03,-17,-8,1,10
MEM-2025-LOT7,M03,-16,-8,1,10
MEM-2025-LOT7,M03,-15,-8,1,10
MEM-2025-LOT7,M03,-14,-8,1,10
MEM-2025-LOT7,M03,-13,-8,1,10
MEM-2025-LOT7,M03,-12,-8,1,10
MEM-2025-LOT7,M03,-11,-8,1,10
MEM-2025-LOT7,M03,-10,-8,1,10
MEM-2025-LOT7,M03,-9,-8,1,10
MEM-2025-LOT7,M03,-8,-8,1,10
MEM-2025-LOT7,M03,-7,-8,1,10
MEM-2025-LOT7,M03,-6,-8,1,10
MEM-2025-LOT7,M03,-5,-8,1,10
MEM-2025-LOT7,M03,-4,-8,1,10
MEM-2025-LOT7,M03,-3,-8,1,10
MEM-2025-LOT7,M03,-2,-8,1,10
MEM-2025-LOT7,M03,-1,-8,1,10
MEM-2025-LOT7,M03,0,-8,1,10
MEM-2025-LOT7,M03,1,-8,1,10
MEM-2025-LOT7,M03,2,-8,1,10
MEM-2025-LOT7,M03,3,-8,1,10
MEM-2025-LOT7,M03,4,-8,1,10
MEM-2025-LOT7,M03,5,-8,1,10
MEM-2025-LOT7,M03,6,-8,1,10
MEM-2025-LOT7,M03,7,-8,1,10
MEM-2025-LOT7,M03,8,-8,1,10
MEM-2025-LOT7,M03,9,-8,1,10
MEM-2025-LOT7,M03,10,-8,1,10
MEM-2025-LOT7,M03,11,-8,1,10
MEM-2025-LOT7,M03,12,-8,1,10
MEM-2025-LOT7,M03,13,-8,1,10
MEM-2025-LOT7,M03,14,-8,1,10
MEM-2025-LOT7,M03,15,-8,1,10
MEM-2025-LOT7,M03,16,-8,1,10
MEM-2025-LOT7,M03,17,-8,1,10
MEM-2025-LOT7,M03,18,-8,1,10
MEM-2025-LOT7,M03,19,-8,4,30
MEM-2025-LOT7,M03,20,-8,1,10
MEM-2025-LOT7,M03,21,-8,1,10
MEM-2025-LOT7,M03,22,-8,1,10
MEM-2025-LOT7,M03,23,-8,1,10
MEM-2025-LOT7,M03,24,-8,1,10
MEM-2025-LOT7,M03,25,-8,3,30
MEM-2025-LOT7,M03,26,-8,3,20
MEM-2025-LOT7,M03,27,-8,1,10
MEM-2025-LOT7,M03,28,-8,1,10
MEM-2025-LOT7,M03,29,-8,2,21
MEM-2025-LOT7,M03,30,-8,2,31
MEM-2025-LOT7,M03,31,-8,2,30
MEM-2025-LOT7,M03,-31,-7,1,10
MEM-2025-LOT7,M03,-30,-7,1,10
MEM-2025-LOT7,M03,-29,-7,2,30
MEM-2025-LOT7,M03,-28,-7,1,10
MEM-2025-LOT7,M03,-27,-7,3,22
MEM-2025-LOT7,M03,-26,-7,4,21
MEM-2025-LOT7,M03,-25,-7,1,10
MEM-2025-LOT7,M03,-24,-7,1,10
MEM-2025-LOT7,M03,-23,-7,1,10
MEM-2025-LOT7,M03,-22,-7,1,10
MEM-2025-LOT7,M03,-21,-7,1,10
MEM-2025-LOT7,M03,-20,-7,1,10
MEM-2025-LOT7,M03,-19,-7,1,10
MEM-2025-LOT7,M03,-18,-7,1,10
MEM-2025-LOT7,M03,-17,-7,1,10
MEM-2025-LOT7,M03,-16,-7,1,10
MEM-2025-LOT7,M03,-15,-7,1,10
MEM-2025-LOT7,M03,-14,-7,1,10
MEM-2025-LOT7,M03,-13,-7,1,10
MEM-2025-LOT7,M03,-12,-7,4,30
MEM-2025-LOT7,M03,-11,-7,1,10
MEM-2025-LOT7,M03,-10,-7,1,10
MEM-2025-LOT7,M03,-9,-7,1,10
MEM-2025-LOT7,M03,-8,-7,1,10
MEM-2025-LOT7,M03,-7,-7,1,10
MEM-2025-LOT7,M03,-6,-7,1,10
MEM-2025-LOT7,M03,-5,-7,1,10
MEM-2025-LOT7,M03,-4,-7,2,22
MEM-2025-LOT7,M03,-3,-7,1,10
MEM-2025-LOT7,M03,-2,-7,1,10
MEM-2025-LOT7,M03,-1,-7,1,10
MEM-2025-LOT7,M03,0,-7,1,10
MEM-2025-LOT7,M03,1,-7,1,10
MEM-2025-LOT7,M03,2,-7,1,10
MEM-2025-LOT7,M03,3,-7,1,10
MEM-2025-LOT7,M03,4,-7,1,10
MEM-2025-LOT7,M03,5,-7,1,10
MEM-2025-LOT7,M03,6,-7,1,10
MEM-2025-LOT7,M03,7,-7,1,10
MEM-2025-LOT7,M03,8,-7,1,10
MEM-2025-LOT7,M03,9,-7,1,10
MEM-2025-LOT7,M03,10,-7,1,10
MEM-2025-LOT7,M03,11,-7,4,20
MEM-2025-LOT7,M03,12,-7,1,10
MEM-2025-LOT7,M03,13,-7,1,10
MEM-2025-LOT7,M03,14,-7,1,10
MEM-2025-LOT7,M03,15,-7,1,10
MEM-2025-LOT7,M03,16,-7,1,10
MEM-2025-LOT7,M03,17,-7,1,10
MEM-2025-LOT7,M03,18,-7,1,10
MEM-2025-LOT7,M03,19,-7,4,31
MEM-2025-LOT7,M03,20,-7,1,10
MEM-2025-LOT7,M03,21,-7,1,10
MEM-2025-LOT7,M03,22,-7,1,10
MEM-2025-LOT7,M03,23,-7,1,10
MEM-2025-LOT7,M03,24,-7,1,10
MEM-2025-LOT7,M03,25,-7,2,31
MEM-2025-LOT7,M03,26,-7,3,31
MEM-2025-LOT7,M03,27,-7,1,10
MEM-2025-LOT7,M03,28,-7,2,21
MEM-2025-LOT7,M03,29,-7,1,10
MEM-2025-LOT7,M03,30,-7,1,10
MEM-2025-LOT7,M03,31,-7,2,21
MEM-2025-LOT7,M03,-32,-6,1,10
MEM-2025-LOT7,M03,-31,-6,1,10
MEM-2025-LOT7,M03,-30,-6,1,10
MEM-2025-LOT7,M03,-29,-6,1,10
MEM-2025-LOT7,M03,-28,-6,1,10
MEM-2025-LOT7,M03,-27,-6,1,10
MEM-2025-LOT7,M03,-26,-6,1,10
MEM-2025-LOT7,M03,-25,-6,1,10
MEM-2025-LOT7,M03,-24,-6,1,10
MEM-2025-LOT7,M03,-23,-6,2,31
MEM-2025-LOT7,M03,-22,-6,1,10
MEM-2025-LOT7,M03,-21,-6,1,10
MEM-2025-LOT7,M03,-20,-6,1,10
MEM-2025-LOT7,M03,-19,-6,1,10
MEM-2025-LOT7,M03,-18,-6,1,10
MEM-2025-LOT7,M03,-17,-6,1,10
MEM-2025-LOT7,M03,-16,-6,1,10
MEM-2025-LOT7,M03,-15,-6,3,20
MEM-2025-LOT7,M03,-14,-6,1,10
MEM-2025-LOT7,M03,-13,-6,1,10
MEM-2025-LOT7,M03,-12,-6,1,10
MEM-2025-LOT7,M03,-11,-6,1,10
MEM-2025-LOT7,M03,-10,-6,1,10
MEM-2025-LOT7,M03,-9,-6,1,10
MEM-2025-LOT7,M03,-8,-6,1,10
MEM-2025-LOT7,M03,-7,-6,1,10
MEM-2025-LOT7,M03,-6,-6,1,10
MEM-2025-LOT7,M03,-5,-6,1,10
MEM-2025-LOT7,M03,-4,-6,1,10
MEM-2025-LOT7,M03,-3,-6,1,10
MEM-2025-LOT7,M03,-2,-6,1,10
MEM-2025-LOT7,M03,-1,-6,1,10
MEM-2025-LOT7,M03,0,-6,1,10
MEM-2025-LOT7,M03,1,-6,1,10
MEM-2025-LOT7,M03,2,-6,1,10
MEM-2025-LOT7,M03,3,-6,1,10
MEM-2025-LOT7,M03,4,-6,1,10
MEM-2025-LOT7,M03,5,-6,1,10
MEM-2025-LOT7,M03,6,-6,1,10
MEM-2025-LOT7,M03,7,-6,1,10
MEM-2025-LOT7,M03,8,-6,1,10
MEM-2025-LOT7,M03,9,-6,1,10
MEM-2025-LOT7,M03,10,-6,4,30
MEM-2025-LOT7,M03,11,-6,1,10
MEM-2025-LOT7,M03,12,-6,1,10
MEM-2025-LOT7,M03,13,-6,1,10
MEM-2025-LOT7,M03,14,-6,1,10
MEM-2025-LOT7,M03,15,-6,1,10
MEM-2025-LOT7,M03,16,-6,1,10
MEM-2025-LOT7,M03,17,-6,1,10
MEM-2025-LOT7,M03,18,-6,1,10
MEM-2025-LOT7,M03,19,-6,1,10
MEM-2025-LOT7,M03,20,-6,1,10
MEM-2025-LOT7,M03,21,-6,1,10
MEM-2025-LOT7,M03,22,-6,1,10
MEM-2025-LOT7,M03,23,-6,1,10
MEM-2025-LOT7,M03,24,-6,1,10
MEM-2025-LOT7,M03,25,-6,1,10
MEM-2025-LOT7,M03,26,-6,2,22
MEM-2025-LOT7,M03,27,-6,1,10
MEM-2025-LOT7,M03,28,-6,1,10
MEM-2025-LOT7,M03,29,-6,1,10
MEM-2025-LOT7,M03,30,-6,2,22
MEM-2025-LOT7,M03,31,-6,3,30
MEM-2025-LOT7,M03,32,-6,1,10
MEM-2025-LOT7,M03,-32,-5,1,10
MEM-2025-LOT7,M03,-31,-5,4,31
MEM-2025-LOT7,M03,-30,-5,1,10
MEM-2025-LOT7,M03,-29,-5,1,10
MEM-2025-LOT7,M03,-28,-5,1,10
MEM-2025-LOT7,M03,-27,-5,1,10
MEM-2025-LOT7,M03,-26,-5,4,21
MEM-2025-LOT7,M03,-25,-5,1,10
MEM-2025-LOT7,M03,-24,-5,1,10
MEM-2025-LOT7,M03,-23,-5,1,10
MEM-2025-LOT7,M03,-22,-5,1,10
MEM-2025-LOT7,M03,-21,-5,1,10
MEM-2025-LOT7,M03,-20,-5,1,10
MEM-2025-LOT7,M03,-19,-5,1,10
MEM-2025-LOT7,M03,-18,-5,1,10
MEM-2025-LOT7,M03,-17,-5,1,10
MEM-2025-LOT7,M03,-16,-5,1,10
MEM-2025-LOT7,M03,-15,-5,1,10
MEM-2025-LOT7,M03,-14,-5,1,10
MEM-2025-LOT7,M03,-13,-5,1,10
MEM-2025-LOT7,M03,-12,-5,1,10
MEM-2025-LOT7,M03,-11,-5,1,10
MEM-2025-LOT7,M03,-10,-5,1,10
MEM-2025-LOT7,M03,-9,-5,1,10
MEM-2025-LOT7,M03,-8,-5,1,10
MEM-2025-LOT7,M03,-7,-5,2,20
MEM-2025-LOT7,M03,-6,-5,1,10
MEM-2025-LOT7,M03,-5,-5,1,10
MEM-2025-LOT7,M03,-4,-5,1,10
MEM-2025-LOT7,M03,-3,-5,1,10
MEM-2025-LOT7,M03,-2,-5,1,10
MEM-2025-LOT7,M03,-1,-5,1,10
MEM-2025-LOT7,M03,0,-5,1,10
MEM-2025-LOT7,M03,1,-5,1,10
MEM-2025-LOT7,M03,2,-5,1,10
MEM-2025-LOT7,M03,3,-5,1,10
MEM-2025-LOT7,M03,4,-5,1,10
MEM-2025-LOT7,M03,5,-5,1,10
MEM-2025-LOT7,M03,6,-5,1,10
MEM-2025-LOT7,M03,7,-5,1,10
MEM-2025-LOT7,M03,8,-5,1,10
MEM-2025-LOT7,M03,9,-5,1,10
MEM-2025-LOT7,M03,10,-5,1,10
MEM-2025-LOT7,M03,11,-5,1,10
MEM-2025-LOT7,M03,12,-5,1,10
MEM-2025-LOT7,M03,13,-5,1,10
MEM-2025-LOT7,M03,14,-5,1,10
MEM-2025-LOT7,M03,15,-5,1,10
MEM-2025-LOT7,M03,16,-5,1,10
MEM-2025-LOT7,M03,17,-5,1,10
MEM-2025-LOT7,M03,18,-5,1,10
MEM-2025-LOT7,M03,19,-5,1,10
MEM-2025-LOT7,M03,20,-5,1,10
MEM-2025-LOT7,M03,21,-5,1,10
MEM-2025-LOT7,M03,22,-5,1,10
MEM-2025-LOT7,M03,23,-5,1,10
MEM-2025-LOT7,M03,24,-5,1,10
MEM-2025-LOT7,M03,25,-5,1,10
MEM-2025-LOT7,M03,26,-5,2,21
MEM-2025-LOT7,M03,27,-5,1,10
MEM-2025-LOT7,M03,28,-5,1,10
MEM-2025-LOT7,M03,29,-5,2,22
MEM-2025-LOT7,M03,30,-5,1,10
MEM-2025-LOT7,M03,31,-5,1,10
MEM-2025-LOT7,M03,32,-5,4,31
MEM-2025-LOT7,M03,-32,-4,2,21
MEM-2025-LOT7,M03,-31,-4,3,22
MEM-2025-LOT7,M03,-30,-4,2,21
MEM-2025-LOT7,M03,-29,-4,1,10
MEM-2025-LOT7,M03,-28,-4,1,10
MEM-2025-LOT7,M03,-27,-4,2,31
MEM-2025-LOT7,M03,-26,-4,2,20
MEM-2025-LOT7,M03,-25,-4,1,10
MEM-2025-LOT7,M03,-24,-4,1,10
MEM-2025-LOT7,M03,-23,-4,1,10
MEM-2025-LOT7,M03,-22,-4,1,10
MEM-2025-LOT7,M03,-21,-4,1,10
MEM-2025-LOT7,M03,-20,-4,1,10
MEM-2025-LOT7,M03,-19,-4,1,10
MEM-2025-LOT7,M03,-18,-4,1,10
MEM-2025-LOT7,M03,-17,-4,1,10
MEM-2025-LOT7,M03,-16,-4,1,10
MEM-2025-LOT7,M03,-15,-4,1,10
MEM-2025-LOT7,M03,-14,-4,1,10
MEM-2025-LOT7,M03,-13,-4,1,10
MEM-2025-LOT7,M03,-12,-4,1,10
MEM-2025-LOT7,M03,-11,-4,1,10
MEM-2025-LOT7,M03,-10,-4,1,10
MEM-2025-LOT7,M03,-9,-4,1,10
MEM-2025-LOT7,M03,-8,-4,1,10
MEM-2025-LOT7,M03,-7,-4,1,10
MEM-2025-LOT7,M03,-6,-4,1,10
MEM-2025-LOT7,M03,-5,-4,1,10
MEM-2025-LOT7,M03,-4,-4,1,10
MEM-2025-LOT7,M03,-3,-4,1,10
MEM-2025-LOT7,M03,-2,-4,1,10
MEM-2025-LOT7,M03,-1,-4,1,10
MEM-2025-LOT7,M03,0,-4,1,10
MEM-2025-LOT7,M03,1,-4,1,10
MEM-2025-LOT7,M03,2,-4,2,30
MEM-2025-LOT7,M03,3,-4,1,10
MEM-2025-LOT7,M03,4,-4,2,21
MEM-2025-LOT7,M03,5,-4,1,10
MEM-2025-LOT7,M03,6,-4,1,10
MEM-2025-LOT7,M03,7,-4,1,10
MEM-2025-LOT7,M03,8,-4,1,10
MEM-2025-LOT7,M03,9,-4,1,10
MEM-2025-LOT7,M03,10,-4,1,10
MEM-2025-LOT7,M03,11,-4,1,10
MEM-2025-LOT7,M03,12,-4,1,10
MEM-2025-LOT7,M03,13,-4,1,10
MEM-2025-LOT7,M03,14,-4,1,10
MEM-2025-LOT7,M03,15,-4,1,10
MEM-2025-LOT7,M03,16,-4,1,10
MEM-2025-LOT7,M03,17,-4,1,10
MEM-2025-LOT7,M03,18,-4,1,10
MEM-2025-LOT7,M03,19,-4,1,10
MEM-2025-LOT7,M03,20,-4,1,10
MEM-2025-LOT7,M03,21,-4,1,10
MEM-2025-LOT7,M03,22,-4,1,10
MEM-2025-LOT7,M03,23,-4,1,10
MEM-2025-LOT7,M03,24,-4,1,10
MEM-2025-LOT7,M03,25,-4,1,10
MEM-2025-LOT7,M03,26,-4,3,22
MEM-2025-LOT7,M03,27,-4,1,10
MEM-2025-LOT7,M03,28,-4,1,10
MEM-2025-LOT7,M03,29,-4,1,10
MEM-2025-LOT7,M03,30,-4,1,10
MEM-2025-LOT7,M03,31,-4,4,22
MEM-2025-LOT7,M03,32,-4,2,22
MEM-2025-LOT7,M03,-32,-3,1,10
MEM-2025-LOT7,M03,-31,-3,1,10
MEM-2025-LOT7,M03,-30,-3,1,10
MEM-2025-LOT7,M03,-29,-3,2,22
MEM-2025-LOT7,M03,-28,-3,3,20
MEM-2025-LOT7,M03,-27,-3,4,20
MEM-2025-LOT7,M03,-26,-3,1,10
MEM-2025-LOT7,M03,-25,-3,1,10
MEM-2025-LOT7,M03,-24,-3,1,10
MEM-2025-LOT7,M03,-23,-3,1,10
MEM-2025-LOT7,M03,-22,-3,1,10
MEM-2025-LOT7,M03,-21,-3,1,10
MEM-2025-LOT7,M03,-20,-3,1,10
MEM-2025-LOT7,M03,-19,-3,1,10
MEM-2025-LOT7,M03,-18,-3,1,10
MEM-2025-LOT7,M03,-17,-3,2,30
MEM-2025-LOT7,M03,-16,-3,1,10
MEM-2025-LOT7,M03,-15,-3,1,10
MEM-2025-LOT7,M03,-14,-3,1,10
MEM-2025-LOT7,M03,-13,-3,1,10
MEM-2025-LOT7,M03,-12,-3,1,10
MEM-2025-LOT7,M03,-11,-3,1,10
MEM-2025-LOT7,M03,-10,-3,1,10
MEM-2025-LOT7,M03,-9,-3,1,10
MEM-2025-LOT7,M03,-8,-3,1,10
MEM-2025-LOT7,M03,-7,-3,1,10
MEM-2025-LOT7,M03,-6,-3,1,10
MEM-2025-LOT7,M03,-5,-3,4,20
MEM-2025-LOT7,M03,-4,-3,1,10
MEM-2025-LOT7,M03,-3,-3,1,10
MEM-2025-LOT7,M03,-2,-3,1,10
MEM-2025-LOT7,M03,-1,-3,1,10
MEM-2025-LOT7,M03,0,-3,1,10
MEM-2025-LOT7,M03,1,-3,1,10
MEM-2025-LOT7,M03,2,-3,1,10
MEM-2025-LOT7,M03,3,-3,1,10
MEM-2025-LOT7,M03,4,-3,1,10
MEM-2025-LOT7,M03,5,-3,1,10
MEM-2025-LOT7,M03,6,-3,1,10
MEM-2025-LOT7,M03,7,-3,1,10
MEM-2025-LOT7,M03,8,-3,1,10
MEM-2025-LOT7,M03,9,-3,1,10
MEM-2025-LOT7,M03,10,-3,1,10
MEM-2025-LOT7,M03,11,-3,1,10
MEM-2025-LOT7,M03,12,-3,1,10
MEM-2025-LOT7,M03,13,-3,1,10
MEM-2025-LOT7,M03,14,-3,1,10
MEM-2025-LOT7,M03,15,-3,1,10
MEM-2025-LOT7,M03,16,-3,1,10
MEM-2025-LOT7,M03,17,-3,1,10
MEM-2025-LOT7,M03,18,-3,1,10
MEM-2025-LOT7,M03,19,-3,1,10
MEM-2025-LOT7,M03,20,-3,1,10
MEM-2025-LOT7,M03,21,-3,1,10
MEM-2025-LOT7,M03,22,-3,1,10
MEM-2025-LOT7,M03,23,-3,1,10
MEM-2025-LOT7,M03,24,-3,1,10
MEM-2025-LOT7,M03,25,-3,1,10
MEM-2025-LOT7,M03,26,-3,1,10
MEM-2025-LOT7,M03,27,-3,4,21
MEM-2025-LOT7,M03,28,-3,1,10
MEM-2025-LOT7,M03,29,-3,4,22
MEM-2025-LOT7,M03,30,-3,1,10
MEM-2025-LOT7,M03,31,-3,1,10
MEM-2025-LOT7,M03,32,-3,1,10
MEM-2025-LOT7,M03,-32,-2,1,10
MEM-2025-LOT7,M03,-31,-2,3,20
MEM-2025-LOT7,M03,-30,-2,1,10
MEM-2025-LOT7,M03,-29,-2,4,21
MEM-2025-LOT7,M03,-28,-2,1,10
MEM-2025-LOT7,M03,-27,-2,4,20
MEM-2025-LOT7,M03,-26,-2,2,30
MEM-2025-LOT7,M03,-25,-2,1,10
MEM-2025-LOT7,M03,-24,-2,1,10
MEM-2025-LOT7,M03,-23,-2,1,10
MEM-2025-LOT7,M03,-22,-2,1,10
MEM-2025-LOT7,M03,-21,-2,1,10
MEM-2025-LOT7,M03,-20,-2,1,10
MEM-2025-LOT7,M03,-19,-2,1,10
MEM-2025-LOT7,M03,-18,-2,1,10
MEM-2025-LOT7,M03,-17,-2,2,21
MEM-2025-LOT7,M03,-16,-2,1,10
MEM-2025-LOT7,M03,-15,-2,1,10
MEM-2025-LOT7,M03,-14,-2,1,10
MEM-2025-LOT7,M03,-13,-2,1,10
MEM-2025-LOT7,M03,-12,-2,1,10
MEM-2025-LOT7,M03,-11,-2,1,10
MEM-2025-LOT7,M03,-10,-2,1,10
MEM-2025-LOT7,M03,-9,-2,1,10
MEM-2025-LOT7,M03,-8,-2,1,10
MEM-2025-LOT7,M03,-7,-2,1,10
MEM-2025-LOT7,M03,-6,-2,3,22
MEM-2025-LOT7,M03,-5,-2,1,10
MEM-2025-LOT7,M03,-4,-2,1,10
MEM-2025-LOT7,M03,-3,-2,1,10
MEM-2025-LOT7,M03,-2,-2,1,10
MEM-2025-LOT7,M03,-1,-2,1,10
MEM-2025-LOT7,M03,0,-2,1,10
MEM-2025-LOT7,M03,1,-2,1,10
MEM-2025-LOT7,M03,2,-2,1,10
MEM-2025-LOT7,M03,3,-2,1,10
MEM-2025-LOT7,M03,4,-2,1,10
MEM-2025-LOT7,M03,5,-2,1,10
MEM-2025-LOT7,M03,6,-2,1,10
MEM-2025-LOT7,M03,7,-2,1,10
MEM-2025-LOT7,M03,8,-2,1,10
MEM-2025-LOT7,M03,9,-2,1,10
MEM-2025-LOT7,M03,10,-2,1,10
MEM-2025-LOT7,M03,11,-2,1,10
MEM-2025-LOT7,M03,12,-2,1,10
MEM-2025-LOT7,M03,13,-2,1,10
MEM-2025-LOT7,M03,14,-2,1,10
MEM-2025-LOT7,M03,15,-2,1,10
MEM-2025-LOT7,M03,16,-2,1,10
MEM-2025-LOT7,M03,17,-2,1,10
MEM-2025-LOT7,M03,18,-2,1,10
MEM-2025-LOT7,M03,19,-2,1,10
MEM-2025-LOT7,M03,20,-2,1,10
MEM-2025-LOT7,M03,21,-2,1,10
MEM-2025-LOT7,M03,22,-2,1,10
MEM-2025-LOT7,M03,23,-2,1,10
MEM-2025-LOT7,M03,24,-2,1,10
MEM-2025-LOT7,M03,25,-2,1,10
MEM-2025-LOT7,M03,26,-2,1,10
MEM-2025-LOT7,M03,27,-2,4,21
MEM-2025-LOT7,M03,28,-2,2,21
MEM-2025-LOT7,M03,29,-2,1,10
MEM-2025-LOT7,M03,30,-2,1,10
MEM-2025-LOT7,M03,31,-2,4,31
MEM-2025-LOT7,M03,32,-2,1,10
MEM-2025-LOT7,M03,-32,-1,1,10
MEM-2025-LOT7,M03,-31,-1,3,22
MEM-2025-LOT7,M03,-30,-1,4,31
MEM-2025-LOT7,M03,-29,-1,1,10
MEM-2025-LOT7,M03,-28,-1,1,10
MEM-2025-LOT7,M03,-27,-1,1,10
MEM-2025-LOT7,M03,-26,-1,3,21
MEM-2025-LOT7,M03,-25,-1,1,10
MEM-2025-LOT7,M03,-24,-1,1,10
MEM-2025-LOT7,M03,-23,-1,1,10
MEM-2025-LOT7,M03,-22,-1,1,10
MEM-2025-LOT7,M03,-21,-1,1,10
MEM-2025-LOT7,M03,-20,-1,1,10
MEM-2025-LOT7,M03,-19,-1,1,10
MEM-2025-LOT7,M03,-18,-1,1,10
MEM-2025-LOT7,M03,-17,-1,1,10
MEM-2025-LOT7,M03,-16,-1,1,10
MEM-2025-LOT7,M03,-15,-1,1,10
MEM-2025-LOT7,M03,-14,-1,1,10
MEM-2025-LOT7,M03,-13,-1,1,10
MEM-2025-LOT7,M03,-12,-1,1,10
MEM-2025-LOT7,M03,-11,-1,1,10
MEM-2025-LOT7,M03,-10,-1,1,10
MEM-2025-LOT7,M03,-9,-1,1,10
MEM-2025-LOT7,M03,-8,-1,1,10
MEM-2025-LOT7,M03,-7,-1,1,10
MEM-2025-LOT7,M03,-6,-1,1,10
MEM-2025-LOT7,M03,-5,-1,1,10
MEM-2025-LOT7,M03,-4,-1,1,10
MEM-2025-LOT7,M03,-3,-1,1,10
MEM-2025-LOT7,M03,-2,-1,1,10
MEM-2025-LOT7,M03,-1,-1,1,10
MEM-2025-LOT7,M03,0,-1,1,10
MEM-2025-LOT7,M03,1,-1,1,10
MEM-2025-LOT7,M03,2,-1,1,10
MEM-2025-LOT7,M03,3,-1,1,10
MEM-2025-LOT7,M03,4,-1,1,10
MEM-2025-LOT7,M03,5,-1,1,10
MEM-2025-LOT7,M03,6,-1,1,10
MEM-2025-LOT7,M03,7,-1,1,10
MEM-2025-LOT7,M03,8,-1,1,10
MEM-2025-LOT7,M03,9,-1,1,10
MEM-2025-LOT7,M03,10,-1,1,10
MEM-2025-LOT7,M03,11,-1,1,10
MEM-2025-LOT7,M03,12,-1,1,10
MEM-2025-LOT7,M03,13,-1,1,10
MEM-2025-LOT7,M03,14,-1,1,10
MEM-2025-LOT7,M03,15,-1,1,10
MEM-2025-LOT7,M03,16,-1,1,10
MEM-2025-LOT7,M03,17,-1,1,10
MEM-2025-LOT7,M03,18,-1,1,10
MEM-2025-LOT7,M03,19,-1,1,10
MEM-2025-LOT7,M03,20,-1,1,10
MEM-2025-LOT7,M03,21,-1,1,10
MEM-2025-LOT7,M03,22,-1,1,10
MEM-2025-LOT7,M03,23,-1,1,10
MEM-2025-LOT7,M03,24,-1,1,10
MEM-2025-LOT7,M03,25,-1,1,10
MEM-2025-LOT7,M03,26,-1,1,10
MEM-2025-LOT7,M03,27,-1,1,10
MEM-2025-LOT7,M03,28,-1,1,10
MEM-2025-LOT7,M03,29,-1,2,20
MEM-2025-LOT7,M03,30,-1,1,10
MEM-2025-LOT7,M03,31,-1,1,10
MEM-2025-LOT7,M03,32,-1,2,20
MEM-2025-LOT7,M03,-32,0,2,21
MEM-2025-LOT7,M03,-31,0,2,30
MEM-2025-LOT7,M03,-30,0,2,20
MEM-2025-LOT7,M03,-29,0,1,10
MEM-2025-LOT7,M03,-28,0,1,10
MEM-2025-LOT7,M03,-27,0,1,10
MEM-2025-LOT7,M03,-26,0,2,30
MEM-2025-LOT7,M03,-25,0,1,10
MEM-2025-LOT7,M03,-24,0,1,10
MEM-2025-LOT7,M03,-23,0,1,10
MEM-2025-LOT7,M03,-22,0,1,10
MEM-2025-LOT7,M03,-21,0,1,10
MEM-2025-LOT7,M03,-20,0,1,10
MEM-2025-LOT7,M03,-19,0,1,10
MEM-2025-LOT7,M03,-18,0,1,10
MEM-2025-LOT7,M03,-17,0,1,10
MEM-2025-LOT7,M03,-16,0,1,10
MEM-2025-LOT7,M03,-15,0,1,10
MEM-2025-LOT7,M03,-14,0,1,10
MEM-2025-LOT7,M03,-13,0,1,10
MEM-2025-LOT7,M03,-12,0,1,10
MEM-2025-LOT7,M03,-11,0,1,10
MEM-2025-LOT7,M03,-10,0,1,10
MEM-2025-LOT7,M03,-9,0,1,10
MEM-2025-LOT7,M03,-8,0,1,10
MEM-2025-LOT7,M03,-7,0,1,10
MEM-2025-LOT7,M03,-6,0,1,10
MEM-2025-LOT7,M03,-5,0,1,10
MEM-2025-LOT7,M03,-4,0,1,10
MEM-2025-LOT7,M03,-3,0,1,10
MEM-2025-LOT7,M03,-2,0,1,10
MEM-2025-LOT7,M03,-1,0,1,10
MEM-2025-LOT7,M03,0,0,1,10
MEM-2025-LOT7,M03,1,0,1,10
MEM-2025-LOT7,M03,2,0,1,10
MEM-2025-LOT7,M03,3,0,1,10
MEM-2025-LOT7,M03,4,0,1,10
MEM-2025-LOT7,M03,5,0,1,10
MEM-2025-LOT7,M03,6,0,1,10
MEM-2025-LOT7,M03,7,0,1,10
MEM-2025-LOT7,M03,8,0,1,10
MEM-2025-LOT7,M03,9,0,1,10
MEM-2025-LOT7,M03,10,0,1,10
MEM-2025-LOT7,M03,11,0,1,10
MEM-2025-LOT7,M03,12,0,1,10
MEM-2025-LOT7,M03,13,0,1,10
MEM-2025-LOT7,M03,14,0,1,10
MEM-2025-LOT7,M03,15,0,1,10
MEM-2025-LOT7,M03,16,0,1,10
MEM-2025-LOT7,M03,17,0,1,10
MEM-2025-LOT7,M03,18,0,1,10
MEM-2025-LOT7,M03,19,0,1,10
MEM-2025-LOT7,M03,20,0,1,10
MEM-2025-LOT7,M03,21,0,1,10
MEM-2025-LOT7,M03,22,0,1,10
MEM-2025-LOT7,M03,23,0,1,10
MEM-2025-LOT7,M03,24,0,1,10
MEM-2025-LOT7,M03,25,0,1,10
MEM-2025-LOT7,M03,26,0,1,10
MEM-2025-LOT7,M03,27,0,1,10
MEM-2025-LOT7,M03,28,0,1,10
MEM-2025-LOT7,M03,29,0,2,22
MEM-2025-LOT7,M03,30,0,4,21
MEM-2025-LOT7,M03,31,0,2,21
MEM-2025-LOT7,M03,32,0,3,22
MEM-2025-LOT7,M03,-32,1,1,10
MEM-2025-LOT7,M03,-31,1,2,30
MEM-2025-LOT7,M03,-30,1,1,10
MEM-2025-LOT7,M03,-29,1,1,10
MEM-2025-LOT7,M03,-28,1,2,20
MEM-2025-LOT7,M03,-27,1,1,10
MEM-2025-LOT7,M03,-26,1,3,21
MEM-2025-LOT7,M03,-25,1,1,10
MEM-2025-LOT7,M03,-24,1,1,10
MEM-2025-LOT7,M03,-23,1,1,10
MEM-2025-LOT7,M03,-22,1,1,10
MEM-2025-LOT7,M03,-21,1,1,10
MEM-2025-LOT7,M03,-20,1,1,10
MEM-2025-LOT7,M03,-19,1,1,10
MEM-2025-LOT7,M03,-18,1,1,10
MEM-2025-LOT7,M03,-17,1,1,10
MEM-2025-LOT7,M03,-16,1,1,10
MEM-2025-LOT7,M03,-15,1,2,21
MEM-2025-LOT7,M03,-14,1,1,10
MEM-2025-LOT7,M03,-13,1,3,22
MEM-2025-LOT7,M03,-12,1,1,10
MEM-2025-LOT7,M03,-11,1,1,10
MEM-2025-LOT7,M03,-10,1,1,10
MEM-2025-LOT7,M03,-9,1,1,10
MEM-2025-LOT7,M03,-8,1,1,10
MEM-2025-LOT7,M03,-7,1,3,30
MEM-2025-LOT7,M03,-6,1,1,10
MEM-2025-LOT7,M03,-5,1,3,21
MEM-2025-LOT7,M03,-4,1,1,10
MEM-2025-LOT7,M03,-3,1,1,10
MEM-2025-LOT7,M03,-2,1,1,10
MEM-2025-LOT7,M03,-1,1,1,10
MEM-2025-LOT7,M03,0,1,1,10
MEM-2025-LOT7,M03,1,1,1,10
MEM-2025-LOT7,M03,2,1,1,10
MEM-2025-LOT7,M03,3,1,2,22
MEM-2025-LOT7,M03,4,1,1,10
MEM-2025-LOT7,M03,5,1,1,10
MEM-2025-LOT7,M03,6,1,1,10
MEM-2025-LOT7,M03,7,1,1,10
MEM-2025-LOT7,M03,8,1,1,10
MEM-2025-LOT7,M03,9,1,1,10
MEM-2025-LOT7,M03,10,1,1,10
MEM-2025-LOT7,M03,11,1,1,10
MEM-2025-LOT7,M03,12,1,1,10
MEM-2025-LOT7,M03,13,1,1,10
MEM-2025-LOT7,M03,14,1,1,10
MEM-2025-LOT7,M03,15,1,1,10
MEM-2025-LOT7,M03,16,1,1,10
MEM-2025-LOT7,M03,17,1,1,10
MEM-2025-LOT7,M03,18,1,1,10
MEM-2025-LOT7,M03,19,1,1,10
MEM-2025-LOT7,M03,20,1,1,10
MEM-2025-LOT7,M03,21,1,1,10
MEM-2025-LOT7,M03,22,1,1,10
MEM-2025-LOT7,M03,23,1,1,10
MEM-2025-LOT7,M03,24,1,1,10
MEM-2025-LOT7,M03,25,1,1,10
MEM-2025-LOT7,M03,26,1,1,10
MEM-2025-LOT7,M03,27,1,1,10
MEM-2025-LOT7,M03,28,1,2,21
MEM-2025-LOT7,M03,29,1,1,10
MEM-2025-LOT7,M03,30,1,1,10
MEM-2025-LOT7,M03,31,1,2,30
MEM-2025-LOT7,M03,32,1,1,10
MEM-2025-LOT7,M03,-32,2,2,22
MEM-2025-LOT7,M03,-31,2,1,10
MEM-2025-LOT7,M03,-30,2,3,20
MEM-2025-LOT7,M03,-29,2,1,10
MEM-2025-LOT7,M03,-28,2,4,22
MEM-2025-LOT7,M03,-27,2,2,22
MEM-2025-LOT7,M03,-26,2,3,21
MEM-2025-LOT7,M03,-25,2,1,10
MEM-2025-LOT7,M03,-24,2,1,10
MEM-2025-LOT7,M03,-23,2,1,10
MEM-2025-LOT7,M03,-22,2,1,10
MEM-2025-LOT7,M03,-21,2,1,10
MEM-2025-LOT7,M03,-20,2,1,10
MEM-2025-LOT7,M03,-19,2,1,10
MEM-2025-LOT7,M03,-18,2,1,10
MEM-2025-LOT7,M03,-17,2,1,10
MEM-2025-LOT7,M03,-16,2,1,10
MEM-2025-LOT7,M03,-15,2,1,10
MEM-2025-LOT7,M03,-14,2,1,10
MEM-2025-LOT7,M03,-13,2,1,10
MEM-2025-LOT7,M03,-12,2,1,10
MEM-2025-LOT7,M03,-11,2,1,10
MEM-2025-LOT7,M03,-10,2,2,20
MEM-2025-LOT7,M03,-9,2,1,10
MEM-2025-LOT7,M03,-8,2,1,10
MEM-2025-LOT7,M03,-7,2,1,10
MEM-2025-LOT7,M03,-6,2,1,10
MEM-2025-LOT7,M03,-5,2,1,10
MEM-2025-LOT7,M03,-4,2,1,10
MEM-2025-LOT7,M03,-3,2,1,10
MEM-2025-LOT7,M03,-2,2,1,10
MEM-2025-LOT7,M03,-1,2,1,10
MEM-2025-LOT7,M03,0,2,1,10
MEM-2025-LOT7,M03,1,2,1,10
MEM-2025-LOT7,M03,2,2,1,10
MEM-2025-LOT7,M03,3,2,1,10
MEM-2025-LOT7,M03,4,2,1,10
MEM-2025-LOT7,M03,5,2,1,10
MEM-2025-LOT7,M03,6,2,1,10
MEM-2025-LOT7,M03,7,2,1,10
MEM-2025-LOT7,M03,8,2,1,10
MEM-2025-LOT7,M03,9,2,1,10
MEM-2025-LOT7,M03,10,2,2,20
MEM-2025-LOT7,M03,11,2,1,10
MEM-2025-LOT7,M03,12,2,1,10
MEM-2025-LOT7,M03,13,2,1,10
MEM-2025-LOT7,M03,14,2,1,10
MEM-2025-LOT7,M03,15,2,1,10
MEM-2025-LOT7,M03,16,2,1,10
MEM-2025-LOT7,M03,17,2,2,20
MEM-2025-LOT7,M03,18,2,1,10
MEM-2025-LOT7,M03,19,2,2,20
MEM-2025-LOT7,M03,20,2,1,10
MEM-2025-LOT7,M03,21,2,1,10
MEM-2025-LOT7,M03,22,2,1,10
MEM-2025-LOT7,M03,23,2,1,10
MEM-2025-LOT7,M03,24,2,2,20
MEM-2025-LOT7,M03,25,2,1,10
MEM-2025-LOT7,M03,26,2,2,21
MEM-2025-LOT7,M03,27,2,3,20
MEM-2025-LOT7,M03,28,2,1,10
MEM-2025-LOT7,M03,29,2,2,31
MEM-2025-LOT7,M03,30,2,2,20
MEM-2025-LOT7,M03,31,2,3,22
MEM-2025-LOT7,M03,32,2,1,10
MEM-2025-LOT7,M03,-32,3,1,10
MEM-2025-LOT7,M03,-31,3,2,22
MEM-2025-LOT7,M03,-30,3,2,21
MEM-2025-LOT7,M03,-29,3,1,10
MEM-2025-LOT7,M03,-28,3,1,10
MEM-2025-LOT7,M03,-27,3,3,31
MEM-2025-LOT7,M03,-26,3,1,10
MEM-2025-LOT7,M03,-25,3,1,10
MEM-2025-LOT7,M03,-24,3,1,10
MEM-2025-LOT7,M03,-23,3,1,10
MEM-2025-LOT7,M03,-22,3,1,10
MEM-2025-LOT7,M03,-21,3,1,10
MEM-2025-LOT7,M03,-20,3,1,10
MEM-2025-LOT7,M03,-19,3,1,10
MEM-2025-LOT7,M03,-18,3,1,10
MEM-2025-LOT7,M03,-17,3,1,10
MEM-2025-LOT7,M03,-16,3,1,10
MEM-2025-LOT7,M03,-15,3,1,10
MEM-2025-LOT7,M03,-14,3,1,10
MEM-2025-LOT7,M03,-13,3,1,10
MEM-2025-LOT7,M03,-12,3,1,10
MEM-2025-LOT7,M03,-11,3,1,10
MEM-2025-LOT7,M03,-10,3,1,10
MEM-2025-LOT7,M03,-9,3,1,10
MEM-2025-LOT7,M03,-8,3,1,10
MEM-2025-LOT7,M03,-7,3,2,31
MEM-2025-LOT7,M03,-6,3,1,10
MEM-2025-LOT7,M03,-5,3,1,10
MEM-2025-LOT7,M03,-4,3,1,10
MEM-2025-LOT7,M03,-3,3,1,10
MEM-2025-LOT7,M03,-2,3,1,10
MEM-2025-LOT7,M03,-1,3,1,10
MEM-2025-LOT7,M03,0,3,1,10
MEM-2025-LOT7,M03,1,3,1,10
MEM-2025-LOT7,M03,2,3,1,10
MEM-2025-LOT7,M03,3,3,1,10
MEM-2025-LOT7,M03,4,3,1,10
MEM-2025-LOT7,M03,5,3,1,10
MEM-2025-LOT7,M03,6,3,1,10
MEM-2025-LOT7,M03,7,3,1,10
MEM-2025-LOT7,M03,8,3,1,10
MEM-2025-LOT7,M03,9,3,1,10
MEM-2025-LOT7,M03,10,3,1,10
MEM-2025-LOT7,M03,11,3,1,10
MEM-2025-LOT7,M03,12,3,1,10
MEM-2025-LOT7,M03,13,3,1,10
MEM-2025-LOT7,M03,14,3,1,10
MEM-2025-LOT7,M03,15,3,1,10
MEM-2025-LOT7,M03,16,3,1,10
MEM-2025-LOT7,M03,17,3,1,10
MEM-2025-LOT7,M03,18,3,1,10
MEM-2025-LOT7,M03,19,3,1,10
MEM-2025-LOT7,M03,20,3,1,10
MEM-2025-LOT7,M03,21,3,1,10
MEM-2025-LOT7,M03,22,3,2,31
MEM-2025-LOT7,M03,23,3,1,10
MEM-2025-LOT7,M03,24,3,1,10
MEM-2025-LOT7,M03,25,3,1,10
MEM-2025-LOT7,M03,26,3,3,31
MEM-2025-LOT7,M03,27,3,1,10
MEM-2025-LOT7,M03,28,3,2,21
MEM-2025-LOT7,M03,29,3,2,22
MEM-2025-LOT7,M03,30,3,1,10
MEM-2025-LOT7,M03,31,3,1,10
MEM-2025-LOT7,M03,32,3,1,10
MEM-2025-LOT7,M03,-32,4,2,30
MEM-2025-LOT7,M03,-31,4,1,10
MEM-2025-LOT7,M03,-30,4,3,30
MEM-2025-LOT7,M03,-29,4,1,10
MEM-2025-LOT7,M03,-28,4,1,10
MEM-2025-LOT7,M03,-27,4,2,20
MEM-2025-LOT7,M03,-26,4,2,21
MEM-2025-LOT7,M03,-25,4,1,10
MEM-2025-LOT7,M03,-24,4,1,10
MEM-2025-LOT7,M03,-23,4,1,10
MEM-2025-LOT7,M03,-22,4,1,10
MEM-2025-LOT7,M03,-21,4,1,10
MEM-2025-LOT7,M03,-20,4,1,10
MEM-2025-LOT7,M03,-19,4,1,10
MEM-2025-LOT7,M03,-18,4,1,10
MEM-2025-LOT7,M03,-17,4,1,10
MEM-2025-LOT7,M03,-16,4,1,10
MEM-2025-LOT7,M03,-15,4,1,10
MEM-2025-LOT7,M03,-14,4,1,10
MEM-2025-LOT7,M03,-13,4,1,10
MEM-2025-LOT7,M03,-12,4,1,10
MEM-2025-LOT7,M03,-11,4,1,10
MEM-2025-LOT7,M03,-10,4,1,10
MEM-2025-LOT7,M03,-9,4,1,10
MEM-2025-LOT7,M03,-8,4,1,10
MEM-2025-LOT7,M03,-7,4,1,10
MEM-2025-LOT7,M03,-6,4,1,10
MEM-2025-LOT7,M03,-5,4,1,10
MEM-2025-LOT7,M03,-4,4,1,10
MEM-2025-LOT7,M03,-3,4,1,10
MEM-2025-LOT7,M03,-2,4,1,10
MEM-2025-LOT7,M03,-1,4,1,10
MEM-2025-LOT7,M03,0,4,1,10
MEM-2025-LOT7,M03,1,4,1,10
MEM-2025-LOT7,M03,2,4,1,10
MEM-2025-LOT7,M03,3,4,1,10
MEM-2025-LOT7,M03,4,4,3,22
MEM-2025-LOT7,M03,5,4,1,10
MEM-2025-LOT7,M03,6,4,1,10
MEM-2025-LOT7,M03,7,4,1,10
MEM-2025-LOT7,M03,8,4,1,10
MEM-2025-LOT7,M03,9,4,1,10
MEM-2025-LOT7,M03,10,4,1,10
MEM-2025-LOT7,M03,11,4,1,10
MEM-2025-LOT7,M03,12,4,1,10
MEM-2025-LOT7,M03,13,4,1,10
MEM-2025-LOT7,M03,14,4,1,10
MEM-2025-LOT7,M03,15,4,1,10
MEM-2025-LOT7,M03,16,4,1,10
MEM-2025-LOT7,M03,17,4,1,10
MEM-2025-LOT7,M03,18,4,1,10
MEM-2025-LOT7,M03,19,4,1,10
MEM-2025-LOT7,M03,20,4,1,10
MEM-2025-LOT7,M03,21,4,1,10
MEM-2025-LOT7,M03,22,4,1,10
MEM-2025-LOT7,M03,23,4,1,10
MEM-2025-LOT7,M03,24,4,1,10
MEM-2025-LOT7,M03,25,4,1,10
MEM-2025-LOT7,M03,26,4,4,21
MEM-2025-LOT7,M03,27,4,3,30
MEM-2025-LOT7,M03,28,4,1,10
MEM-2025-LOT7,M03,29,4,1,10
MEM-2025-LOT7,M03,30,4,4,21
MEM-2025-LOT7,M03,31,4,1,10
MEM-2025-LOT7,M03,32,4,4,21
MEM-2025-LOT7,M03,-32,5,3,20
MEM-2025-LOT7,M03,-31,5,4,30
MEM-2025-LOT7,M03,-30,5,1,10
MEM-2025-LOT7,M03,-29,5,4,30
MEM-2025-LOT7,M03,-28,5,1,10
MEM-2025-LOT7,M03,-27,5,1,10
MEM-2025-LOT7,M03,-26,5,3,30
MEM-2025-LOT7,M03,-25,5,1,10
MEM-2025-LOT7,M03,-24,5,1,10
MEM-2025-LOT7,M03,-23,5,1,10
MEM-2025-LOT7,M03,-22,5,1,10
MEM-2025-LOT7,M03,-21,5,1,10
MEM-2025-LOT7,M03,-20,5,1,10
MEM-2025-LOT7,M03,-19,5,1,10
MEM-2025-LOT7,M03,-18,5,1,10
MEM-2025-LOT7,M03,-17,5,1,10
MEM-2025-LOT7,M03,-16,5,1,10
MEM-2025-LOT7,M03,-15,5,1,10
MEM-2025-LOT7,M03,-14,5,1,10
MEM-2025-LOT7,M03,-13,5,1,10
MEM-2025-LOT7,M03,-12,5,1,10
MEM-2025-LOT7,M03,-11,5,1,10
MEM-2025-LOT7,M03,-10,5,1,10
MEM-2025-LOT7,M03,-9,5,1,10
MEM-2025-LOT7,M03,-8,5,1,10
MEM-2025-LOT7,M03,-7,5,1,10
MEM-2025-LOT7,M03,-6,5,1,10
MEM-2025-LOT7,M03,-5,5,1,10
MEM-2025-LOT7,M03,-4,5,1,10
MEM-2025-LOT7,M03,-3,5,1,10
MEM-2025-LOT7,M03,-2,5,1,10
MEM-2025-LOT7,M03,-1,5,1,10
MEM-2025-LOT7,M03,0,5,1,10
MEM-2025-LOT7,M03,1,5,1,10
MEM-2025-LOT7,M03,2,5,1,10
MEM-2025-LOT7,M03,3,5,1,10
MEM-2025-LOT7,M03,4,5,1,10
MEM-2025-LOT7,M03,5,5,1,10
MEM-2025-LOT7,M03,6,5,1,10
MEM-2025-LOT7,M03,7,5,3,31
MEM-2025-LOT7,M03,8,5,1,10
MEM-2025-LOT7,M03,9,5,1,10
MEM-2025-LOT7,M03,10,5,1,10
MEM-2025-LOT7,M03,11,5,1,10
MEM-2025-LOT7,M03,12,5,1,10
MEM-2025-LOT7,M03,13,5,1,10
MEM-2025-LOT7,M03,14,5,1,10
MEM-2025-LOT7,M03,15,5,1,10
MEM-2025-LOT7,M03,16,5,1,10
MEM-2025-LOT7,M03,17,5,1,10
MEM-2025-LOT7,M03,18,5,1,10
MEM-2025-LOT7,M03,19,5,1,10
MEM-2025-LOT7,M03,20,5,1,10
MEM-2025-LOT7,M03,21,5,1,10
MEM-2025-LOT7,M03,22,5,1,10
MEM-2025-LOT7,M03,23,5,1,10
MEM-2025-LOT7,M03,24,5,1,10
MEM-2025-LOT7,M03,25,5,1,10
MEM-2025-LOT7,M03,26,5,1,10
MEM-2025-LOT7,M03,27,5,2,31
MEM-2025-LOT7,M03,28,5,1,10
MEM-2025-LOT7,M03,29,5,1,10
MEM-2025-LOT7,M03,30,5,2,20
MEM-2025-LOT7,M03,31,5,1,10
MEM-2025-LOT7,M03,32,5,2,22
MEM-2025-LOT7,M03,-32,6,1,10
MEM-2025-LOT7,M03,-31,6,1,10
MEM-2025-LOT7,M03,-30,6,2,22
MEM-2025-LOT7,M03,-29,6,1,10
MEM-2025-LOT7,M03,-28,6,1,10
MEM-2025-LOT7,M03,-27,6,2,22
MEM-2025-LOT7,M03,-26,6,1,10
MEM-2025-LOT7,M03,-25,6,1,10
MEM-2025-LOT7,M03,-24,6,1,10
MEM-2025-LOT7,M03,-23,6,1,10
MEM-2025-LOT7,M03,-22,6,1,10
MEM-2025-LOT7,M03,-21,6,1,10
MEM-2025-LOT7,M03,-20,6,1,10
MEM-2025-LOT7,M03,-19,6,1,10
MEM-2025-LOT7,M03,-18,6,1,10
MEM-2025-LOT7,M03,-17,6,1,10
MEM-2025-LOT7,M03,-16,6,1,10
MEM-2025-LOT7,M03,-15,6,1,10
MEM-2025-LOT7,M03,-14,6,1,10
MEM-2025-LOT7,M03,-13,6,1,10
MEM-2025-LOT7,M03,-12,6,1,10
MEM-2025-LOT7,M03,-11,6,1,10
MEM-2025-LOT7,M03,-10,6,1,10
MEM-2025-LOT7,M03,-9,6,1,10
MEM-2025-LOT7,M03,-8,6,1,10
MEM-2025-LOT7,M03,-7,6,1,10
MEM-2025-LOT7,M03,-6,6,1,10
MEM-2025-LOT7,M03,-5,6,1,10
MEM-2025-LOT7,M03,-4,6,1,10
MEM-2025-LOT7,M03,-3,6,1,10
MEM-2025-LOT7,M03,-2,6,1,10
MEM-2025-LOT7,M03,-1,6,1,10
MEM-2025-LOT7,M03,0,6,4,21
MEM-2025-LOT7,M03,1,6,4,31
MEM-2025-LOT7,M03,2,6,1,10
MEM-2025-LOT7,M03,3,6,1,10
MEM-2025-LOT7,M03,4,6,1,10
MEM-2025-LOT7,M03,5,6,1,10
MEM-2025-LOT7,M03,6,6,1,10
MEM-2025-LOT7,M03,7,6,1,10
MEM-2025-LOT7,M03,8,6,1,10
MEM-2025-LOT7,M03,9,6,1,10
MEM-2025-LOT7,M03,10,6,1,10
MEM-2025-LOT7,M03,11,6,1,10
MEM-2025-LOT7,M03,12,6,1,10
MEM-2025-LOT7,M03,13,6,1,10
MEM-2025-LOT7,M03,14,6,1,10
MEM-2025-LOT7,M03,15,6,1,10
MEM-2025-LOT7,M03,16,6,1,10
MEM-2025-LOT7,M03,17,6,1,10
MEM-2025-LOT7,M03,18,6,1,10
MEM-2025-LOT7,M03,19,6,1,10
MEM-2025-LOT7,M03,20,6,1,10
MEM-2025-LOT7,M03,21,6,1,10
MEM-2025-LOT7,M03,22,6,1,10
MEM-2025-LOT7,M03,23,6,1,10
MEM-2025-LOT7,M03,24,6,1,10
MEM-2025-LOT7,M03,25,6,1,10
MEM-2025-LOT7,M03,26,6,1,10
MEM-2025-LOT7,M03,27,6,4,30
MEM-2025-LOT7,M03,28,6,2,20
MEM-2025-LOT7,M03,29,6,1,10
MEM-2025-LOT7,M03,30,6,2,22
MEM-2025-LOT7,M03,31,6,1,10
MEM-2025-LOT7,M03,32,6,2,31
MEM-2025-LOT7,M03,-31,7,1,10
MEM-2025-LOT7,M03,-30,7,1,10
MEM-2025-LOT7,M03,-29,7,1,10
MEM-2025-LOT7,M03,-28,7,1,10
MEM-2025-LOT7,M03,-27,7,2,21
MEM-2025-LOT7,M03,-26,7,1,10
MEM-2025-LOT7,M03,-25,7,2,31
MEM-2025-LOT7,M03,-24,7,1,10
MEM-2025-LOT7,M03,-23,7,1,10
MEM-2025-LOT7,M03,-22,7,1,10
MEM-2025-LOT7,M03,-21,7,1,10
MEM-2025-LOT7,M03,-20,7,1,10
MEM-2025-LOT7,M03,-19,7,1,10
MEM-2025-LOT7,M03,-18,7,1,10
MEM-2025-LOT7,M03,-17,7,1,10
MEM-2025-LOT7,M03,-16,7,1,10
MEM-2025-LOT7,M03,-15,7,1,10
MEM-2025-LOT7,M03,-14,7,1,10
MEM-2025-LOT7,M03,-13,7,1,10
MEM-2025-LOT7,M03,-12,7,1,10
MEM-2025-LOT7,M03,-11,7,1,10
MEM-2025-LOT7,M03,-10,7,1,10
MEM-2025-LOT7,M03,-9,7,1,10
MEM-2025-LOT7,M03,-8,7,1,10
MEM-2025-LOT7,M03,-7,7,1,10
MEM-2025-LOT7,M03,-6,7,3,22
MEM-2025-LOT7,M03,-5,7,1,10
MEM-2025-LOT7,M03,-4,7,1,10
MEM-2025-LOT7,M03,-3,7,2,20
MEM-2025-LOT7,M03,-2,7,1,10
MEM-2025-LOT7,M03,-1,7,1,10
MEM-2025-LOT7,M03,0,7,1,10
MEM-2025-LOT7,M03,1,7,1,10
MEM-2025-LOT7,M03,2,7,1,10
MEM-2025-LOT7,M03,3,7,1,10
MEM-2025-LOT7,M03,4,7,1,10
MEM-2025-LOT7,M03,5,7,1,10
MEM-2025-LOT7,M03,6,7,1,10
MEM-2025-LOT7,M03,7,7,1,10
MEM-2025-LOT7,M03,8,7,1,10
MEM-2025-LOT7,M03,9,7,1,10
MEM-2025-LOT7,M03,10,7,1,10
MEM-2025-LOT7,M03,11,7,1,10
MEM-2025-LOT7,M03,12,7,1,10
MEM-2025-LOT7,M03,13,7,1,10
MEM-2025-LOT7,M03,14,7,1,10
MEM-2025-LOT7,M03,15,7,1,10
MEM-2025-LOT7,M03,16,7,1,10
MEM-2025-LOT7,M03,17,7,1,10
MEM-2025-LOT7,M03,18,7,1,10
MEM-2025-LOT7,M03,19,7,1,10
MEM-2025-LOT7,M03,20,7,1,10
MEM-2025-LOT7,M03,21,7,1,10
MEM-2025-LOT7,M03,22,7,1,10
MEM-2025-LOT7,M03,23,7,1,10
MEM-2025-LOT7,M03,24,7,1,10
MEM-2025-LOT7,M03,25,7,1,10
MEM-2025-LOT7,M03,26,7,1,10
MEM-2025-LOT7,M03,27,7,1,10
MEM-2025-LOT7,M03,28,7,1,10
MEM-2025-LOT7,M03,29,7,2,30
MEM-2025-LOT7,M03,30,7,1,10
MEM-2025-LOT7,M03,31,7,4,30
MEM-2025-LOT7,M03,-31,8,1,10
MEM-2025-LOT7,M03,-30,8,3,31
MEM-2025-LOT7,M03,-29,8,2,22
MEM-2025-LOT7,M03,-28,8,1,10
MEM-2025-LOT7,M03,-27,8,1,10
MEM-2025-LOT7,M03,-26,8,2,30
MEM-2025-LOT7,M03,-25,8,1,10
MEM-2025-LOT7,M03,-24,8,3,31
MEM-2025-LOT7,M03,-23,8,1,10
MEM-2025-LOT7,M03,-22,8,1,10
MEM-2025-LOT7,M03,-21,8,1,10
MEM-2025-LOT7,M03,-20,8,1,10
MEM-2025-LOT7,M03,-19,8,2,22
MEM-2025-LOT7,M03,-18,8,1,10
MEM-2025-LOT7,M03,-17,8,1,10
MEM-2025-LOT7,M03,-16,8,1,10
MEM-2025-LOT7,M03,-15,8,1,10
MEM-2025-LOT7,M03,-14,8,1,10
MEM-2025-LOT7,M03,-13,8,1,10
MEM-2025-LOT7,M03,-12,8,1,10
MEM-2025-LOT7,M03,-11,8,1,10
MEM-2025-LOT7,M03,-10,8,1,10
MEM-2025-LOT7,M03,-9,8,1,10
MEM-2025-LOT7,M03,-8,8,1,10
MEM-2025-LOT7,M03,-7,8,1,10
MEM-2025-LOT7,M03,-6,8,1,10
MEM-2025-LOT7,M03,-5,8,1,10
MEM-2025-LOT7,M03,-4,8,1,10
MEM-2025-LOT7,M03,-3,8,1,10
MEM-2025-LOT7,M03,-2,8,1,10
MEM-2025-LOT7,M03,-1,8,1,10
MEM-2025-LOT7,M03,0,8,1,10
MEM-2025-LOT7,M03,1,8,1,10
MEM-2025-LOT7,M03,2,8,1,10
MEM-2025-LOT7,M03,3,8,1,10
MEM-2025-LOT7,M03,4,8,1,10
MEM-2025-LOT7,M03,5,8,1,10
MEM-2025-LOT7,M03,6,8,1,10
MEM-2025-LOT7,M03,7,8,1,10
MEM-2025-LOT7,M03,8,8,1,10
MEM-2025-LOT7,M03,9,8,1,10
MEM-2025-LOT7,M03,10,8,1,10
MEM-2025-LOT7,M03,11,8,1,10
MEM-2025-LOT7,M03,12,8,1,10
MEM-2025-LOT7,M03,13,8,1,10
MEM-2025-LOT7,M03,14,8,1,10
MEM-2025-LOT7,M03,15,8,1,10
MEM-2025-LOT7,M03,16,8,1,10
MEM-2025-LOT7,M03,17,8,1,10
MEM-2025-LOT7,M03,18,8,1,10
MEM-2025-LOT7,M03,19,8,1,10
MEM-2025-LOT7,M03,20,8,1,10
MEM-2025-LOT7,M03,21,8,1,10
MEM-2025-LOT7,M03,22,8,1,10
MEM-2025-LOT7,M03,23,8,1,10
MEM-2025-LOT7,M03,24,8,1,10
MEM-2025-LOT7,M03,25,8,4,21
MEM-2025-LOT7,M03,26,8,1,10
MEM-2025-LOT7,M03,27,8,4,21
MEM-2025-LOT7,M03,28,8,1,10
MEM-2025-LOT7,M03,29,8,1,10
MEM-2025-LOT7,M03,30,8,1,10
MEM-2025-LOT7,M03,31,8,1,10
MEM-2025-LOT7,M03,-31,9,1,10
MEM-2025-LOT7,M03,-30,9,2,21
MEM-2025-LOT7,M03,-29,9,2,20
MEM-2025-LOT7,M03,-28,9,1,10
MEM-2025-LOT7,M03,-27,9,2,21
MEM-2025-LOT7,M03,-26,9,2,21
MEM-2025-LOT7,M03,-25,9,1,10
MEM-2025-LOT7,M03,-24,9,1,10
MEM-2025-LOT7,M03,-23,9,1,10
MEM-2025-LOT7,M03,-22,9,1,10
MEM-2025-LOT7,M03,-21,9,1,10
MEM-2025-LOT7,M03,-20,9,1,10
MEM-2025-LOT7,M03,-19,9,1,10
MEM-2025-LOT7,M03,-18,9,1,10
MEM-2025-LOT7,M03,-17,9,1,10
MEM-2025-LOT7,M03,-16,9,1,10
MEM-2025-LOT7,M03,-15,9,1,10
MEM-2025-LOT7,M03,-14,9,1,10
MEM-2025-LOT7,M03,-13,9,1,10
MEM-2025-LOT7,M03,-12,9,1,10
MEM-2025-LOT7,M03,-11,9,1,10
MEM-2025-LOT7,M03,-10,9,1,10
MEM-2025-LOT7,M03,-9,9,1,10
MEM-2025-LOT7,M03,-8,9,1,10
MEM-2025-LOT7,M03,-7,9,1,10
MEM-2025-LOT7,M03,-6,9,1,10
MEM-2025-LOT7,M03,-5,9,1,10
MEM-2025-LOT7,M03,-4,9,1,10
MEM-2025-LOT7,M03,-3,9,1,10
MEM-2025-LOT7,M03,-2,9,1,10
MEM-2025-LOT7,M03,-1,9,1,10
MEM-2025-LOT7,M03,0,9,1,10
MEM-2025-LOT7,M03,1,9,1,10
MEM-2025-LOT7,M03,2,9,1,10
MEM-2025-LOT7,M03,3,9,1,10
MEM-2025-LOT7,M03,4,9,1,10
MEM-2025-LOT7,M03,5,9,1,10
MEM-2025-LOT7,M03,6,9,1,10
MEM-2025-LOT7,M03,7,9,1,10
MEM-2025-LOT7,M03,8,9,1,10
MEM-2025-LOT7,M03,9,9,1,10
MEM-2025-LOT7,M03,10,9,1,10
MEM-2025-LOT7,M03,11,9,1,10
MEM-2025-LOT7,M03,12,9,1,10
MEM-2025-LOT7,M03,13,9,1,10
MEM-2025-LOT7,M03,14,9,1,10
MEM-2025-LOT7,M03,15,9,1,10
MEM-2025-LOT7,M03,16,9,1,10
MEM-2025-LOT7,M03,17,9,1,10
MEM-2025-LOT7,M03,18,9,1,10
MEM-2025-LOT7,M03,19,9,1,10
MEM-2025-LOT7,M03,20,9,1,10
MEM-2025-LOT7,M03,21,9,1,10
MEM-2025-LOT7,M03,22,9,1,10
MEM-2025-LOT7,M03,23,9,1,10
MEM-2025-LOT7,M03,24,9,1,10
MEM-2025-LOT7,M03,25,9,2,31
MEM-2025-LOT7,M03,26,9,3,20
MEM-2025-LOT7,M03,27,9,1,10
MEM-2025-LOT7,M03,28,9,1,10
MEM-2025-LOT7,M03,29,9,1,10
MEM-2025-LOT7,M03,30,9,1,10
MEM-2025-LOT7,M03,31,9,2,20
MEM-2025-LOT7,M03,-31,10,3,31
MEM-2025-LOT7,M03,-30,10,2,31
MEM-2025-LOT7,M03,-29,10,1,10
MEM-2025-LOT7,M03,-28,10,3,31
MEM-2025-LOT7,M03,-27,10,1,10
MEM-2025-LOT7,M03,-26,10,3,31
MEM-2025-LOT7,M03,-25,10,1,10
MEM-2025-LOT7,M03,-24,10,1,10
MEM-2025-LOT7,M03,-23,10,1,10
MEM-2025-LOT7,M03,-22,10,1,10
MEM-2025-LOT7,M03,-21,10,1,10
MEM-2025-LOT7,M03,-20,10,1,10
MEM-2025-LOT7,M03,-19,10,1,10
MEM-2025-LOT7,M03,-18,10,1,10
MEM-2025-LOT7,M03,-17,10,1,10
MEM-2025-LOT7,M03,-16,10,1,10
MEM-2025-LOT7,M03,-15,10,1,10
MEM-2025-LOT7,M03,-14,10,1,10
MEM-2025-LOT7,M03,-13,10,1,10
MEM-2025-LOT7,M03,-12,10,1,10
MEM-2025-LOT7,M03,-11,10,1,10
MEM-2025-LOT7,M03,-10,10,1,10
MEM-2025-LOT7,M03,-9,10,1,10
MEM-2025-LOT7,M03,-8,10,1,10
MEM-2025-LOT7,M03,-7,10,1,10
MEM-2025-LOT7,M03,-6,10,1,10
MEM-2025-LOT7,M03,-5,10,1,10
MEM-2025-LOT7,M03,-4,10,1,10
MEM-2025-LOT7,M03,-3,10,1,10
MEM-2025-LOT7,M03,-2,10,1,10
MEM-2025-LOT7,M03,-1,10,1,10
MEM-2025-LOT7,M03,0,10,1,10
MEM-2025-LOT7,M03,1,10,1,10
MEM-2025-LOT7,M03,2,10,1,10
MEM-2025-LOT7,M03,3,10,1,10
MEM-2025-LOT7,M03,4,10,1,10
MEM-2025-LOT7,M03,5,10,1,10
MEM-2025-LOT7,M03,6,10,1,10
MEM-2025-LOT7,M03,7,10,1,10
MEM-2025-LOT7,M03,8,10,1,10
MEM-2025-LOT7,M03,9,10,1,10
MEM-2025-LOT7,M03,10,10,1,10
MEM-2025-LOT7,M03,11,10,1,10
MEM-2025-LOT7,M03,12,10,1,10
MEM-2025-LOT7,M03,13,10,1,10
MEM-2025-LOT7,M03,14,10,1,10
MEM-2025-LOT7,M03,15,10,1,10
MEM-2025-LOT7,M03,16,10,1,10
MEM-2025-LOT7,M03,17,10,1,10
MEM-2025-LOT7,M03,18,10,1,10
MEM-2025-LOT7,M03,19,10,1,10
MEM-2025-LOT7,M03,20,10,1,10
MEM-2025-LOT7,M03,21,10,1,10
MEM-2025-LOT7,M03,22,10,1,10
MEM-2025-LOT7,M03,23,10,3,31
MEM-2025-LOT7,M03,24,10,1,10
MEM-2025-LOT7,M03,25,10,2,31
MEM-2025-LOT7,M03,26,10,1,10
MEM-2025-LOT7,M03,27,10,3,20
MEM-2025-LOT7,M03,28,10,1,10
MEM-2025-LOT7,M03,29,10,1,10
MEM-2025-LOT7,M03,30,10,1,10
MEM-2025-LOT7,M03,31,10,3,30
MEM-2025-LOT7,M03,-31,11,1,10
MEM-2025-LOT7,M03,-30,11,1,10
MEM-2025-LOT7,M03,-29,11,1,10
MEM-2025-LOT7,M03,-28,11,1,10
MEM-2025-LOT7,M03,-27,11,4,20
MEM-2025-LOT7,M03,-26,11,2,20
MEM-2025-LOT7,M03,-25,11,4,31
MEM-2025-LOT7,M03,-24,11,1,10
MEM-2025-LOT7,M03,-23,11,1,10
MEM-2025-LOT7,M03,-22,11,1,10
MEM-2025-LOT7,M03,-21,11,1,10
MEM-2025-LOT7,M03,-20,11,1,10
MEM-2025-LOT7,M03,-19,11,1,10
MEM-2025-LOT7,M03,-18,11,1,10
MEM-2025-LOT7,M03,-17,11,1,10
MEM-2025-LOT7,M03,-16,11,1,10
MEM-2025-LOT7,M03,-15,11,1,10
MEM-2025-LOT7,M03,-14,11,3,22
MEM-2025-LOT7,M03,-13,11,1,10
MEM-2025-LOT7,M03,-12,11,1,10
MEM-2025-LOT7,M03,-11,11,1,10
MEM-2025-LOT7,M03,-10,11,1,10
MEM-2025-LOT7,M03,-9,11,2,20
MEM-2025-LOT7,M03,-8,11,1,10
MEM-2025-LOT7,M03,-7,11,1,10
MEM-2025-LOT7,M03,-6,11,1,10
MEM-2025-LOT7,M03,-5,11,1,10
MEM-2025-LOT7,M03,-4,11,1,10
MEM-2025-LOT7,M03,-3,11,1,10
MEM-2025-LOT7,M03,-2,11,1,10
MEM-2025-LOT7,M03,-1,11,1,10
MEM-2025-LOT7,M03,0,11,1,10
MEM-2025-LOT7,M03,1,11,1,10
MEM-2025-LOT7,M03,2,11,1,10
MEM-2025-LOT7,M03,3,11,1,10
MEM-2025-LOT7,M03,4,11,1,10
MEM-2025-LOT7,M03,5,11,1,10
MEM-2025-LOT7,M03,6,11,1,10
MEM-2025-LOT7,M03,7,11,1,10
MEM-2025-LOT7,M03,8,11,1,10
MEM-2025-LOT7,M03,9,11,1,10
MEM-2025-LOT7,M03,10,11,1,10
MEM-2025-LOT7,M03,11,11,1,10
MEM-2025-LOT7,M03,12,11,4,31
MEM-2025-LOT7,M03,13,11,1,10
MEM-2025-LOT7,M03,14,11,1,10
MEM-2025-LOT7,M03,15,11,1,10
MEM-2025-LOT7,M03,16,11,1,10
MEM-2025-LOT7,M03,17,11,1,10
MEM-2025-LOT7,M03,18,11,1,10
MEM-2025-LOT7,M03,19,11,1,10
MEM-2025-LOT7,M03,20,11,1,10
MEM-2025-LOT7,M03,21,11,1,10
MEM-2025-LOT7,M03,22,11,1,10
MEM-2025-LOT7,M03,23,11,1,10
MEM-2025-LOT7,M03,24,11,1,10
MEM-2025-LOT7,M03,25,11,1,10
MEM-2025-LOT7,M03,26,11,1,10
MEM-2025-LOT7,M03,27,11,1,10
MEM-2025-LOT7,M03,28,11,2,20
MEM-2025-LOT7,M03,29,11,1,10
MEM-2025-LOT7,M03,30,11,1,10
MEM-2025-LOT7,M03,31,11,3,30
MEM-2025-LOT7,M03,-31,12,2,21
MEM-2025-LOT7,M03,-30,12,3,22
MEM-2025-LOT7,M03,-29,12,4,30
MEM-2025-LOT7,M03,-28,12,4,21
MEM-2025-LOT7,M03,-27,12,3,20
MEM-2025-LOT7,M03,-26,12,2,20
MEM-2025-LOT7,M03,-25,12,1,10
MEM-2025-LOT7,M03,-24,12,1,10
MEM-2025-LOT7,M03,-23,12,1,10
MEM-2025-LOT7,M03,-22,12,1,10
MEM-2025-LOT7,M03,-21,12,1,10
MEM-2025-LOT7,M03,-20,12,1,10
MEM-2025-LOT7,M03,-19,12,1,10
MEM-2025-LOT7,M03,-18,12,1,10
MEM-2025-LOT7,M03,-17,12,1,10
MEM-2025-LOT7,M03,-16,12,1,10
MEM-2025-LOT7,M03,-15,12,1,10
MEM-2025-LOT7,M03,-14,12,1,10
MEM-2025-LOT7,M03,-13,12,1,10
MEM-2025-LOT7,M03,-12,12,1,10
MEM-2025-LOT7,M03,-11,12,1,10
MEM-2025-LOT7,M03,-10,12,1,10
MEM-2025-LOT7,M03,-9,12,1,10
MEM-2025-LOT7,M03,-8,12,1,10
MEM-2025-LOT7,M03,-7,12,1,10
MEM-2025-LOT7,M03,-6,12,4,30
MEM-2025-LOT7,M03,-5,12,1,10
MEM-2025-LOT7,M03,-4,12,2,30
MEM-2025-LOT7,M03,-3,12,1,10
MEM-2025-LOT7,M03,-2,12,1,10
MEM-2025-LOT7,M03,-1,12,1,10
MEM-2025-LOT7,M03,0,12,1,10
MEM-2025-LOT7,M03,1,12,1,10
MEM-2025-LOT7,M03,2,12,1,10
MEM-2025-LOT7,M03,3,12,1,10
MEM-2025-LOT7,M03,4,12,1,10
MEM-2025-LOT7,M03,5,12,1,10
MEM-2025-LOT7,M03,6,12,1,10
MEM-2025-LOT7,M03,7,12,1,10
MEM-2025-LOT7,M03,8,12,1,10
MEM-2025-LOT7,M03,9,12,1,10
MEM-2025-LOT7,M03,10,12,1,10
MEM-2025-LOT7,M03,11,12,1,10
MEM-2025-LOT7,M03,12,12,1,10
MEM-2025-LOT7,M03,13,12,1,10
MEM-2025-LOT7,M03,14,12,1,10
MEM-2025-LOT7,M03,15,12,1,10
MEM-2025-LOT7,M03,16,12,1,10
MEM-2025-LOT7,M03,17,12,1,10
MEM-2025-LOT7,M03,18,12,1,10
MEM-2025-LOT7,M03,19,12,1,10
MEM-2025-LOT7,M03,20,12,1,10
MEM-2025-LOT7,M03,21,12,1,10
MEM-2025-LOT7,M03,22,12,1,10
MEM-2025-LOT7,M03,23,12,1,10
MEM-2025-LOT7,M03,24,12,1,10
MEM-2025-LOT7,M03,25,12,1,10
MEM-2025-LOT7,M03,26,12,2,21
MEM-2025-LOT7,M03,27,12,1,10
MEM-2025-LOT7,M03,28,12,1,10
MEM-2025-LOT7,M03,29,12,2,21
MEM-2025-LOT7,M03,30,12,1,10
MEM-2025-LOT7,M03,31,12,2,30
MEM-2025-LOT7,M03,-31,13,1,10
MEM-2025-LOT7,M03,-30,13,4,31
MEM-2025-LOT7,M03,-29,13,1,10
MEM-2025-LOT7,M03,-28,13,2,21
MEM-2025-LOT7,M03,-27,13,1,10
MEM-2025-LOT7,M03,-26,13,1,10
MEM-2025-LOT7,M03,-25,13,1,10
MEM-2025-LOT7,M03,-24,13,3,30
MEM-2025-LOT7,M03,-23,13,1,10
MEM-2025-LOT7,M03,-22,13,1,10
MEM-2025-LOT7,M03,-21,13,1,10
MEM-2025-LOT7,M03,-20,13,1,10
MEM-2025-LOT7,M03,-19,13,1,10
MEM-2025-LOT7,M03,-18,13,1,10
MEM-2025-LOT7,M03,-17,13,1,10
MEM-2025-LOT7,M03,-16,13,1,10
MEM-2025-LOT7,M03,-15,13,1,10
MEM-2025-LOT7,M03,-14,13,1,10
MEM-2025-LOT7,M03,-13,13,1,10
MEM-2025-LOT7,M03,-12,13,1,10
MEM-2025-LOT7,M03,-11,13,1,10
MEM-2025-LOT7,M03,-10,13,1,10
MEM-2025-LOT7,M03,-9,13,1,10
MEM-2025-LOT7,M03,-8,13,1,10
MEM-2025-LOT7,M03,-7,13,1,10
MEM-2025-LOT7,M03,-6,13,1,10
MEM-2025-LOT7,M03,-5,13,1,10
MEM-2025-LOT7,M03,-4,13,1,10
MEM-2025-LOT7,M03,-3,13,1,10
MEM-2025-LOT7,M03,-2,13,1,10
MEM-2025-LOT7,M03,-1,13,1,10
MEM-2025-LOT7,M03,0,13,1,10
MEM-2025-LOT7,M03,1,13,1,10
MEM-2025-LOT7,M03,2,13,1,10
MEM-2025-LOT7,M03,3,13,1,10
MEM-2025-LOT7,M03,4,13,1,10
MEM-2025-LOT7,M03,5,13,1,10
MEM-2025-LOT7,M03,6,13,1,10
MEM-2025-LOT7,M03,7,13,1,10
MEM-2025-LOT7,M03,8,13,1,10
MEM-2025-LOT7,M03,9,13,1,10
MEM-2025-LOT7,M03,10,13,1,10
MEM-2025-LOT7,M03,11,13,1,10
MEM-2025-LOT7,M03,12,13,1,10
MEM-2025-LOT7,M03,13,13,1,10
MEM-2025-LOT7,M03,14,13,1,10
MEM-2025-LOT7,M03,15,13,1,10
MEM-2025-LOT7,M03,16,13,1,10
MEM-2025-LOT7,M03,17,13,1,10
MEM-2025-LOT7,M03,18,13,1,10
MEM-2025-LOT7,M03,19,13,1,10
MEM-2025-LOT7,M03,20,13,1,10
MEM-2025-LOT7,M03,21,13,1,10
MEM-2025-LOT7,M03,22,13,1,10
MEM-2025-LOT7,M03,23,13,1,10
MEM-2025-LOT7,M03,24,13,2,22
MEM-2025-LOT7,M03,25,13,2,22
MEM-2025-LOT7,M03,26,13,2,21
MEM-2025-LOT7,M03,27,13,4,20
MEM-2025-LOT7,M03,28,13,1,10
MEM-2025-LOT7,M03,29,13,2,21
MEM-2025-LOT7,M03,30,13,1,10
MEM-2025-LOT7,M03,31,13,1,10
MEM-2025-LOT7,M03,-30,14,2,20
MEM-2025-LOT7,M03,-29,14,1,10
MEM-2025-LOT7,M03,-28,14,3,30
MEM-2025-LOT7,M03,-27,14,2,20
MEM-2025-LOT7,M03,-26,14,2,22
MEM-2025-LOT7,M03,-25,14,2,30
MEM-2025-LOT7,M03,-24,14,1,10
MEM-2025-LOT7,M03,-23,14,1,10
MEM-2025-LOT7,M03,-22,14,1,10
MEM-2025-LOT7,M03,-21,14,1,10
MEM-2025-LOT7,M03,-20,14,1,10
MEM-2025-LOT7,M03,-19,14,1,10
MEM-2025-LOT7,M03,-18,14,1,10
MEM-2025-LOT7,M03,-17,14,1,10
MEM-2025-LOT7,M03,-16,14,1,10
MEM-2025-LOT7,M03,-15,14,1,10
MEM-2025-LOT7,M03,-14,14,1,10
MEM-2025-LOT7,M03,-13,14,1,10
MEM-2025-LOT7,M03,-12,14,1,10
MEM-2025-LOT7,M03,-11,14,1,10
MEM-2025-LOT7,M03,-10,14,1,10
MEM-2025-LOT7,M03,-9,14,1,10
MEM-2025-LOT7,M03,-8,14,1,10
MEM-2025-LOT7,M03,-7,14,1,10
MEM-2025-LOT7,M03,-6,14,1,10
MEM-2025-LOT7,M03,-5,14,1,10
MEM-2025-LOT7,M03,-4,14,1,10
MEM-2025-LOT7,M03,-3,14,1,10
MEM-2025-LOT7,M03,-2,14,1,10
MEM-2025-LOT7,M03,-1,14,1,10
MEM-2025-LOT7,M03,0,14,1,10
MEM-2025-LOT7,M03,1,14,1,10
MEM-2025-LOT7,M03,2,14,1,10
MEM-2025-LOT7,M03,3,14,1,10
MEM-2025-LOT7,M03,4,14,1,10
MEM-2025-LOT7,M03,5,14,1,10
MEM-2025-LOT7,M03,6,14,1,10
MEM-2025-LOT7,M03,7,14,1,10
MEM-2025-LOT7,M03,8,14,1,10
MEM-2025-LOT7,M03,9,14,1,10
MEM-2025-LOT7,M03,10,14,1,10
MEM-2025-LOT7,M03,11,14,1,10
MEM-2025-LOT7,M03,12,14,1,10
MEM-2025-LOT7,M03,13,14,1,10
MEM-2025-LOT7,M03,14,14,1,10
MEM-2025-LOT7,M03,15,14,1,10
MEM-2025-LOT7,M03,16,14,1,10
MEM-2025-LOT7,M03,17,14,1,10
MEM-2025-LOT7,M03,18,14,1,10
MEM-2025-LOT7,M03,19,14,1,10
MEM-2025-LOT7,M03,20,14,1,10
MEM-2025-LOT7,M03,21,14,1,10
MEM-2025-LOT7,M03,22,14,1,10
MEM-2025-LOT7,M03,23,14,1,10
MEM-2025-LOT7,M03,24,14,1,10
MEM-2025-LOT7,M03,25,14,3,31
MEM-2025-LOT7,M03,26,14,1,10
MEM-2025-LOT7,M03,27,14,1,10
MEM-2025-LOT7,M03,28,14,2,30
MEM-2025-LOT7,M03,29,14,2,20
MEM-2025-LOT7,M03,30,14,1,10
MEM-2025-LOT7,M03,-30,15,2,20
MEM-2025-LOT7,M03,-29,15,1,10
MEM-2025-LOT7,M03,-28,15,2,30
MEM-2025-LOT7,M03,-27,15,1,10
MEM-2025-LOT7,M03,-26,15,3,22
MEM-2025-LOT7,M03,-25,15,1,10
MEM-2025-LOT7,M03,-24,15,3,30
MEM-2025-LOT7,M03,-23,15,1,10
MEM-2025-LOT7,M03,-22,15,1,10
MEM-2025-LOT7,M03,-21,15,1,10
MEM-2025-LOT7,M03,-20,15,1,10
MEM-2025-LOT7,M03,-19,15,1,10
MEM-2025-LOT7,M03,-18,15,1,10
MEM-2025-LOT7,M03,-17,15,1,10
MEM-2025-LOT7,M03,-16,15,1,10
MEM-2025-LOT7,M03,-15,15,2,20
MEM-2025-LOT7,M03,-14,15,1,10
MEM-2025-LOT7,M03,-13,15,1,10
MEM-2025-LOT7,M03,-12,15,1,10
MEM-2025-LOT7,M03,-11,15,1,10
MEM-2025-LOT7,M03,-10,15,1,10
MEM-2025-LOT7,M03,-9,15,1,10
MEM-2025-LOT7,M03,-8,15,1,10
MEM-2025-LOT7,M03,-7,15,1,10
MEM-2025-LOT7,M03,-6,15,1,10
MEM-2025-LOT7,M03,-5,15,1,10
MEM-2025-LOT7,M03,-4,15,1,10
MEM-2025-LOT7,M03,-3,15,1,10
MEM-2025-LOT7,M03,-2,15,1,10
MEM-2025-LOT7,M03,-1,15,1,10
MEM-2025-LOT7,M03,0,15,1,10
MEM-2025-LOT7,M03,1,15,1,10
MEM-2025-LOT7,M03,2,15,1,10
MEM-2025-LOT7,M03,3,15,2,22
MEM-2025-LOT7,M03,4,15,1,10
MEM-2025-LOT7,M03,5,15,1,10
MEM-2025-LOT7,M03,6,15,1,10
MEM-2025-LOT7,M03,7,15,1,10
MEM-2025-LOT7,M03,8,15,1,10
MEM-2025-LOT7,M03,9,15,1,10
MEM-2025-LOT7,M03,10,15,1,10
MEM-2025-LOT7,M03,11,15,1,10
MEM-2025-LOT7,M03,12,15,1,10
MEM-2025-LOT7,M03,13,15,1,10
MEM-2025-LOT7,M03,14,15,1,10
MEM-2025-LOT7,M03,15,15,1,10
MEM-2025-LOT7,M03,16,15,1,10
MEM-2025-LOT7,M03,17,15,1,10
MEM-2025-LOT7,M03,18,15,1,10
MEM-2025-LOT7,M03,19,15,1,10
MEM-2025-LOT7,M03,20,15,1,10
MEM-2025-LOT7,M03,21,15,1,10
MEM-2025-LOT7,M03,22,15,1,10
MEM-2025-LOT7,M03,23,15,1,10
MEM-2025-LOT7,M03,24,15,1,10
MEM-2025-LOT7,M03,25,15,4,21
MEM-2025-LOT7,M03,26,15,1,10
MEM-2025-LOT7,M03,27,15,1,10
MEM-2025-LOT7,M03,28,15,1,10
MEM-2025-LOT7,M03,29,15,1,10
MEM-2025-LOT7,M03,30,15,1,10
MEM-2025-LOT7,M03,-30,16,1,10
MEM-2025-LOT7,M03,-29,16,1,10
MEM-2025-LOT7,M03,-28,16,1,10
MEM-2025-LOT7,M03,-27,16,1,10
MEM-2025-LOT7,M03,-26,16,1,10
MEM-2025-LOT7,M03,-25,16,1,10
MEM-2025-LOT7,M03,-24,16,2,30
MEM-2025-LOT7,M03,-23,16,1,10
MEM-2025-LOT7,M03,-22,16,1,10
MEM-2025-LOT7,M03,-21,16,1,10
MEM-2025-LOT7,M03,-20,16,1,10
MEM-2025-LOT7,M03,-19,16,1,10
MEM-2025-LOT7,M03,-18,16,1,10
MEM-2025-LOT7,M03,-17,16,1,10
MEM-2025-LOT7,M03,-16,16,1,10
MEM-2025-LOT7,M03,-15,16,1,10
MEM-2025-LOT7,M03,-14,16,1,10
MEM-2025-LOT7,M03,-13,16,1,10
MEM-2025-LOT7,M03,-12,16,1,10
MEM-2025-LOT7,M03,-11,16,1,10
MEM-2025-LOT7,M03,-10,16,1,10
MEM-2025-LOT7,M03,-9,16,1,10
MEM-2025-LOT7,M03,-8,16,1,10
MEM-2025-LOT7,M03,-7,16,1,10
MEM-2025-LOT7,M03,-6,16,1,10
MEM-2025-LOT7,M03,-5,16,1,10
MEM-2025-LOT7,M03,-4,16,1,10
MEM-2025-LOT7,M03,-3,16,1,10
MEM-2025-LOT7,M03,-2,16,1,10
MEM-2025-LOT7,M03,-1,16,1,10
MEM-2025-LOT7,M03,0,16,1,10
MEM-2025-LOT7,M03,1,16,1,10
MEM-2025-LOT7,M03,2,16,1,10
MEM-2025-LOT7,M03,3,16,1,10
MEM-2025-LOT7,M03,4,16,1,10
MEM-2025-LOT7,M03,5,16,3,22
MEM-2025-LOT7,M03,6,16,1,10
MEM-2025-LOT7,M03,7,16,1,10
MEM-2025-LOT7,M03,8,16,1,10
MEM-2025-LOT7,M03,9,16,1,10
MEM-2025-LOT7,M03,10,16,1,10
MEM-2025-LOT7,M03,11,16,1,10
MEM-2025-LOT7,M03,12,16,1,10
MEM-2025-LOT7,M03,13,16,1,10
MEM-2025-LOT7,M03,14,16,1,10
MEM-2025-LOT7,M03,15,16,1,10
MEM-2025-LOT7,M03,16,16,1,10
MEM-2025-LOT7,M03,17,16,1,10
MEM-2025-LOT7,M03,18,16,1,10
MEM-2025-LOT7,M03,19,16,1,10
MEM-2025-LOT7,M03,20,16,1,10
MEM-2025-LOT7,M03,21,16,1,10
MEM-2025-LOT7,M03,22,16,1,10
MEM-2025-LOT7,M03,23,16,4,31
MEM-2025-LOT7,M03,24,16,2,31
MEM-2025-LOT7,M03,25,16,2,31
MEM-2025-LOT7,M03,26,16,1,10
MEM-2025-LOT7,M03,27,16,1,10
MEM-2025-LOT7,M03,28,16,1,10
MEM-2025-LOT7,M03,29,16,1,10
MEM-2025-LOT7,M03,30,16,1,10
MEM-2025-LOT7,M03,-30,17,4,20
MEM-2025-LOT7,M03,-29,17,1,10
MEM-2025-LOT7,M03,-28,17,1,10
MEM-2025-LOT7,M03,-27,17,4,30
MEM-2025-LOT7,M03,-26,17,1,10
MEM-2025-LOT7,M03,-25,17,2,20
MEM-2025-LOT7,M03,-24,17,2,22
MEM-2025-LOT7,M03,-23,17,2,22
MEM-2025-LOT7,M03,-22,17,1,10
MEM-2025-LOT7,M03,-21,17,1,10
MEM-2025-LOT7,M03,-20,17,1,10
MEM-2025-LOT7,M03,-19,17,1,10
MEM-2025-LOT7,M03,-18,17,1,10
MEM-2025-LOT7,M03,-17,17,1,10
MEM-2025-LOT7,M03,-16,17,1,10
MEM-2025-LOT7,M03,-15,17,1,10
MEM-2025-LOT7,M03,-14,17,1,10
MEM-2025-LOT7,M03,-13,17,1,10
MEM-2025-LOT7,M03,-12,17,1,10
MEM-2025-LOT7,M03,-11,17,1,10
MEM-2025-LOT7,M03,-10,17,1,10
MEM-2025-LOT7,M03,-9,17,1,10
MEM-2025-LOT7,M03,-8,17,1,10
MEM-2025-LOT7,M03,-7,17,1,10
MEM-2025-LOT7,M03,-6,17,1,10
MEM-2025-LOT7,M03,-5,17,1,10
MEM-2025-LOT7,M03,-4,17,1,10
MEM-2025-LOT7,M03,-3,17,1,10
MEM-2025-LOT7,M03,-2,17,1,10
MEM-2025-LOT7,M03,-1,17,3,22
MEM-2025-LOT7,M03,0,17,1,10
MEM-2025-LOT7,M03,1,17,1,10
MEM-2025-LOT7,M03,2,17,1,10
MEM-2025-LOT7,M03,3,17,1,10
MEM-2025-LOT7,M03,4,17,1,10
MEM-2025-LOT7,M03,5,17,1,10
MEM-2025-LOT7,M03,6,17,1,10
MEM-2025-LOT7,M03,7,17,1,10
MEM-2025-LOT7,M03,8,17,1,10
MEM-2025-LOT7,M03,9,17,1,10
MEM-2025-LOT7,M03,10,17,1,10
MEM-2025-LOT7,M03,11,17,1,10
MEM-2025-LOT7,M03,12,17,2,30
MEM-2025-LOT7,M03,13,17,1,10
MEM-2025-LOT7,M03,14,17,1,10
MEM-2025-LOT7,M03,15,17,1,10
MEM-2025-LOT7,M03,16,17,1,10
MEM-2025-LOT7,M03,17,17,1,10
MEM-2025-LOT7,M03,18,17,1,10
MEM-2025-LOT7,M03,19,17,1,10
MEM-2025-LOT7,M03,20,17,1,10
MEM-2025-LOT7,M03,21,17,1,10
MEM-2025-LOT7,M03,22,17,1,10
MEM-2025-LOT7,M03,23,17,4,30
MEM-2025-LOT7,M03,24,17,2,20
MEM-2025-LOT7,M03,25,17,2,30
MEM-2025-LOT7,M03,26,17,1,10
MEM-2025-LOT7,M03,27,17,2,31
MEM-2025-LOT7,M03,28,17,1,10
MEM-2025-LOT7,M03,29,17,1,10
MEM-2025-LOT7,M03,30,17,1,10
MEM-2025-LOT7,M03,-30,18,1,10
MEM-2025-LOT7,M03,-29,18,2,30
MEM-2025-LOT7,M03,-28,18,1,10
MEM-2025-LOT7,M03,-27,18,1,10
MEM-2025-LOT7,M03,-26,18,1,10
MEM-2025-LOT7,M03,-25,18,1,10
MEM-2025-LOT7,M03,-24,18,4,21
MEM-2025-LOT7,M03,-23,18,1,10
MEM-2025-LOT7,M03,-22,18,1,10
MEM-2025-LOT7,M03,-21,18,1,10
MEM-2025-LOT7,M03,-20,18,1,10
MEM-2025-LOT7,M03,-19,18,1,10
MEM-2025-LOT7,M03,-18,18,1,10
MEM-2025-LOT7,M03,-17,18,1,10
MEM-2025-LOT7,M03,-16,18,1,10
MEM-2025-LOT7,M03,-15,18,1,10
MEM-2025-LOT7,M03,-14,18,1,10
MEM-2025-LOT7,M03,-13,18,1,10
MEM-2025-LOT7,M03,-12,18,1,10
MEM-2025-LOT7,M03,-11,18,1,10
MEM-2025-LOT7,M03,-10,18,1,10
MEM-2025-LOT7,M03,-9,18,1,10
MEM-2025-LOT7,M03,-8,18,1,10
MEM-2025-LOT7,M03,-7,18,1,10
MEM-2025-LOT7,M03,-6,18,1,10
MEM-2025-LOT7,M03,-5,18,2,20
MEM-2025-LOT7,M03,-4,18,1,10
MEM-2025-LOT7,M03,-3,18,1,10
MEM-2025-LOT7,M03,-2,18,2,22
MEM-2025-LOT7,M03,-1,18,1,10
MEM-2025-LOT7,M03,0,18,1,10
MEM-2025-LOT7,M03,1,18,1,10
MEM-2025-LOT7,M03,2,18,1,10
MEM-2025-LOT7,M03,3,18,1,10
MEM-2025-LOT7,M03,4,18,1,10
MEM-2025-LOT7,M03,5,18,1,10
MEM-2025-LOT7,M03,6,18,1,10
MEM-2025-LOT7,M03,7,18,1,10
MEM-2025-LOT7,M03,8,18,1,10
MEM-2025-LOT7,M03,9,18,1,10
MEM-2025-LOT7,M03,10,18,1,10
MEM-2025-LOT7,M03,11,18,1,10
MEM-2025-LOT7,M03,12,18,2,21
MEM-2025-LOT7,M03,13,18,1,10
MEM-2025-LOT7,M03,14,18,1,10
MEM-2025-LOT7,M03,15,18,1,10
MEM-2025-LOT7,M03,16,18,1,10
MEM-2025-LOT7,M03,17,18,1,10
MEM-2025-LOT7,M03,18,18,1,10
MEM-2025-LOT7,M03,19,18,1,10
MEM-2025-LOT7,M03,20,18,4,22
MEM-2025-LOT7,M03,21,18,1,10
MEM-2025-LOT7,M03,22,18,1,10
MEM-2025-LOT7,M03,23,18,2,20
MEM-2025-LOT7,M03,24,18,1,10
MEM-2025-LOT7,M03,25,18,2,20
MEM-2025-LOT7,M03,26,18,2,21
MEM-2025-LOT7,M03,27,18,4,21
MEM-2025-LOT7,M03,28,18,1,10
MEM-2025-LOT7,M03,29,18,1,10
MEM-2025-LOT7,M03,30,18,1,10
MEM-2025-LOT7,M03,-29,19,1,10
MEM-2025-LOT7,M03,-28,19,4,20
MEM-2025-LOT7,M03,-27,19,1,10
MEM-2025-LOT7,M03,-26,19,2,20
MEM-2025-LOT7,M03,-25,19,1,10
MEM-2025-LOT7,M03,-24,19,3,20
MEM-2025-LOT7,M03,-23,19,1,10
MEM-2025-LOT7,M03,-22,19,2,22
MEM-2025-LOT7,M03,-21,19,1,10
MEM-2025-LOT7,M03,-20,19,1,10
MEM-2025-LOT7,M03,-19,19,1,10
MEM-2025-LOT7,M03,-18,19,1,10
MEM-2025-LOT7,M03,-17,19,1,10
MEM-2025-LOT7,M03,-16,19,1,10
MEM-2025-LOT7,M03,-15,19,1,10
MEM-2025-LOT7,M03,-14,19,1,10
MEM-2025-LOT7,M03,-13,19,1,10
MEM-2025-LOT7,M03,-12,19,1,10
MEM-2025-LOT7,M03,-11,19,1,10
MEM-2025-LOT7,M03,-10,19,1,10
MEM-2025-LOT7,M03,-9,19,1,10
MEM-2025-LOT7,M03,-8,19,1,10
MEM-2025-LOT7,M03,-7,19,1,10
MEM-2025-LOT7,M03,-6,19,1,10
MEM-2025-LOT7,M03,-5,19,2,30
MEM-2025-LOT7,M03,-4,19,1,10
MEM-2025-LOT7,M03,-3,19,1,10
MEM-2025-LOT7,M03,-2,19,1,10
MEM-2025-LOT7,M03,-1,19,1,10
MEM-2025-LOT7,M03,0,19,1,10
MEM-2025-LOT7,M03,1,19,1,10
MEM-2025-LOT7,M03,2,19,1,10
MEM-2025-LOT7,M03,3,19,1,10
MEM-2025-LOT7,M03,4,19,1,10
MEM-2025-LOT7,M03,5,19,1,10
MEM-2025-LOT7,M03,6,19,1,10
MEM-2025-LOT7,M03,7,19,1,10
MEM-2025-LOT7,M03,8,19,1,10
MEM-2025-LOT7,M03,9,19,1,10
MEM-2025-LOT7,M03,10,19,1,10
MEM-2025-LOT7,M03,11,19,1,10
MEM-2025-LOT7,M03,12,19,1,10
MEM-2025-LOT7,M03,13,19,1,10
MEM-2025-LOT7,M03,14,19,1,10
MEM-2025-LOT7,M03,15,19,1,10
MEM-2025-LOT7,M03,16,19,3,20
MEM-2025-LOT7,M03,17,19,1,10
MEM-2025-LOT7,M03,18,19,1,10
MEM-2025-LOT7,M03,19,19,1,10
MEM-2025-LOT7,M03,20,19,1,10
MEM-2025-LOT7,M03,21,19,1,10
MEM-2025-LOT7,M03,22,19,1,10
MEM-2025-LOT7,M03,23,19,2,21
MEM-2025-LOT7,M03,24,19,1,10
MEM-2025-LOT7,M03,25,19,1,10
MEM-2025-LOT7,M03,26,19,1,10
MEM-2025-LOT7,M03,27,19,4,20
MEM-2025-LOT7,M03,28,19,2,30
MEM-2025-LOT7,M03,29,19,1,10
MEM-2025-LOT7,M03,-29,20,2,31
MEM-2025-LOT7,M03,-28,20,2,30
MEM-2025-LOT7,M03,-27,20,1,10
MEM-2025-LOT7,M03,-26,20,1,10
MEM-2025-LOT7,M03,-25,20,1,10
MEM-2025-LOT7,M03,-24,20,2,22
MEM-2025-LOT7,M03,-23,20,1,10
MEM-2025-LOT7,M03,-22,20,1,10
MEM-2025-LOT7,M03,-21,20,1,10
MEM-2025-LOT7,M03,-20,20,1,10
MEM-2025-LOT7,M03,-19,20,1,10
MEM-2025-LOT7,M03,-18,20,1,10
MEM-2025-LOT7,M03,-17,20,1,10
MEM-2025-LOT7,M03,-16,20,1,10
MEM-2025-LOT7,M03,-15,20,1,10
MEM-2025-LOT7,M03,-14,20,1,10
MEM-2025-LOT7,M03,-13,20,1,10
MEM-2025-LOT7,M03,-12,20,1,10
MEM-2025-LOT7,M03,-11,20,1,10
MEM-2025-LOT7,M03,-10,20,1,10
MEM-2025-LOT7,M03,-9,20,1,10
MEM-2025-LOT7,M03,-8,20,1,10
MEM-2025-LOT7,M03,-7,20,1,10
MEM-2025-LOT7,M03,-6,20,1,10
MEM-2025-LOT7,M03,-5,20,1,10
MEM-2025-LOT7,M03,-4,20,1,10
MEM-2025-LOT7,M03,-3,20,1,10
MEM-2025-LOT7,M03,-2,20,1,10
MEM-2025-LOT7,M03,-1,20,1,10
MEM-2025-LOT7,M03,0,20,1,10
MEM-2025-LOT7,M03,1,20,1,10
MEM-2025-LOT7,M03,2,20,1,10
MEM-2025-LOT7,M03,3,20,1,10
MEM-2025-LOT7,M03,4,20,1,10
MEM-2025-LOT7,M03,5,20,1,10
MEM-2025-LOT7,M03,6,20,1,10
MEM-2025-LOT7,M03,7,20,1,10
MEM-2025-LOT7,M03,8,20,1,10
MEM-2025-LOT7,M03,9,20,1,10
MEM-2025-LOT7,M03,10,20,2,20
MEM-2025-LOT7,M03,11,20,1,10
MEM-2025-LOT7,M03,12,20,1,10
MEM-2025-LOT7,M03,13,20,1,10
MEM-2025-LOT7,M03,14,20,2,30
MEM-2025-LOT7,M03,15,20,1,10
MEM-2025-LOT7,M03,16,20,1,10
MEM-2025-LOT7,M03,17,20,1,10
MEM-2025-LOT7,M03,18,20,1,10
MEM-2025-LOT7,M03,19,20,1,10
MEM-2025-LOT7,M03,20,20,1,10
MEM-2025-LOT7,M03,21,20,1,10
MEM-2025-LOT7,M03,22,20,1,10
MEM-2025-LOT7,M03,23,20,4,21
MEM-2025-LOT7,M03,24,20,3,21
MEM-2025-LOT7,M03,25,20,2,30
MEM-2025-LOT7,M03,26,20,2,21
MEM-2025-LOT7,M03,27,20,1,10
MEM-2025-LOT7,M03,28,20,4,31
MEM-2025-LOT7,M03,29,20,2,30
MEM-2025-LOT7,M03,-29,21,1,10
MEM-2025-LOT7,M03,-28,21,1,10
MEM-2025-LOT7,M03,-27,21,3,20
MEM-2025-LOT7,M03,-26,21,1,10
MEM-2025-LOT7,M03,-25,21,2,22
MEM-2025-LOT7,M03,-24,21,3,30
MEM-2025-LOT7,M03,-23,21,1,10
MEM-2025-LOT7,M03,-22,21,4,21
MEM-2025-LOT7,M03,-21,21,1,10
MEM-2025-LOT7,M03,-20,21,1,10
MEM-2025-LOT7,M03,-19,21,1,10
MEM-2025-LOT7,M03,-18,21,1,10
MEM-2025-LOT7,M03,-17,21,1,10
MEM-2025-LOT7,M03,-16,21,1,10
MEM-2025-LOT7,M03,-15,21,1,10
MEM-2025-LOT7,M03,-14,21,1,10
MEM-2025-LOT7,M03,-13,21,1,10
MEM-2025-LOT7,M03,-12,21,1,10
MEM-2025-LOT7,M03,-11,21,1,10
MEM-2025-LOT7,M03,-10,21,1,10
MEM-2025-LOT7,M03,-9,21,1,10
MEM-2025-LOT7,M03,-8,21,1,10
MEM-2025-LOT7,M03,-7,21,1,10
MEM-2025-LOT7,M03,-6,21,1,10
MEM-2025-LOT7,M03,-5,21,1,10
MEM-2025-LOT7,M03,-4,21,1,10
MEM-2025-LOT7,M03,-3,21,1,10
MEM-2025-LOT7,M03,-2,21,1,10
MEM-2025-LOT7,M03,-1,21,1,10
MEM-2025-LOT7,M03,0,21,1,10
MEM-2025-LOT7,M03,1,21,1,10
MEM-2025-LOT7,M03,2,21,1,10
MEM-2025-LOT7,M03,3,21,1,10
MEM-2025-LOT7,M03,4,21,1,10
MEM-2025-LOT7,M03,5,21,1,10
MEM-2025-LOT7,M03,6,21,1,10
MEM-2025-LOT7,M03,7,21,1,10
MEM-2025-LOT7,M03,8,21,1,10
MEM-2025-LOT7,M03,9,21,1,10
MEM-2025-LOT7,M03,10,21,1,10
MEM-2025-LOT7,M03,11,21,1,10
MEM-2025-LOT7,M03,12,21,1,10
MEM-2025-LOT7,M03,13,21,1,10
MEM-2025-LOT7,M03,14,21,1,10
MEM-2025-LOT7,M03,15,21,1,10
MEM-2025-LOT7,M03,16,21,1,10
MEM-2025-LOT7,M03,17,21,1,10
MEM-2025-LOT7,M03,18,21,1,10
MEM-2025-LOT7,M03,19,21,1,10
MEM-2025-LOT7,M03,20,21,1,10
MEM-2025-LOT7,M03,21,21,1,10
MEM-2025-LOT7,M03,22,21,2,22
MEM-2025-LOT7,M03,23,21,1,10
MEM-2025-LOT7,M03,24,21,4,20
MEM-2025-LOT7,M03,25,21,2,31
MEM-2025-LOT7,M03,26,21,1,10
MEM-2025-LOT7,M03,27,21,2,22
MEM-2025-LOT7,M03,28,21,2,30
MEM-2025-LOT7,M03,29,21,2,21
MEM-2025-LOT7,M03,-28,22,3,31
MEM-2025-LOT7,M03,-27,22,2,21
MEM-2025-LOT7,M03,-26,22,1,10
MEM-2025-LOT7,M03,-25,22,4,21
MEM-2025-LOT7,M03,-24,22,2,21
MEM-2025-LOT7,M03,-23,22,2,31
MEM-2025-LOT7,M03,-22,22,2,30
MEM-2025-LOT7,M03,-21,22,2,20
MEM-2025-LOT7,M03,-20,22,1,10
MEM-2025-LOT7,M03,-19,22,1,10
MEM-2025-LOT7,M03,-18,22,1,10
MEM-2025-LOT7,M03,-17,22,1,10
MEM-2025-LOT7,M03,-16,22,1,10
MEM-2025-LOT7,M03,-15,22,1,10
MEM-2025-LOT7,M03,-14,22,1,10
MEM-2025-LOT7,M03,-13,22,1,10
MEM-2025-LOT7,M03,-12,22,1,10
MEM-2025-LOT7,M03,-11,22,1,10
MEM-2025-LOT7,M03,-10,22,1,10
MEM-2025-LOT7,M03,-9,22,1,10
MEM-2025-LOT7,M03,-8,22,1,10
MEM-2025-LOT7,M03,-7,22,1,10
MEM-2025-LOT7,M03,-6,22,1,10
MEM-2025-LOT7,M03,-5,22,1,10
MEM-2025-LOT7,M03,-4,22,1,10
MEM-2025-LOT7,M03,-3,22,1,10
MEM-2025-LOT7,M03,-2,22,1,10
MEM-2025-LOT7,M03,-1,22,1,10
MEM-2025-LOT7,M03,0,22,1,10
MEM-2025-LOT7,M03,1,22,1,10
MEM-2025-LOT7,M03,2,22,1,10
MEM-2025-LOT7,M03,3,22,1,10
MEM-2025-LOT7,M03,4,22,1,10
MEM-2025-LOT7,M03,5,22,1,10
MEM-2025-LOT7,M03,6,22,1,10
MEM-2025-LOT7,M03,7,22,1,10
MEM-2025-LOT7,M03,8,22,1,10
MEM-2025-LOT7,M03,9,22,1,10
MEM-2025-LOT7,M03,10,22,1,10
MEM-2025-LOT7,M03,11,22,1,10
MEM-2025-LOT7,M03,12,22,1,10
MEM-2025-LOT7,M03,13,22,1,10
MEM-2025-LOT7,M03,14,22,1,10
MEM-2025-LOT7,M03,15,22,1,10
MEM-2025-LOT7,M03,16,22,1,10
MEM-2025-LOT7,M03,17,22,1,10
MEM-2025-LOT7,M03,18,22,1,10
MEM-2025-LOT7,M03,19,22,1,10
MEM-2025-LOT7,M03,20,22,1,10
MEM-2025-LOT7,M03,21,22,1,10
MEM-2025-LOT7,M03,22,22,2,21
MEM-2025-LOT7,M03,23,22,1,10
MEM-2025-LOT7,M03,24,22,1,10
MEM-2025-LOT7,M03,25,22,1,10
MEM-2025-LOT7,M03,26,22,1,10
MEM-2025-LOT7,M03,27,22,2,21
MEM-2025-LOT7,M03,28,22,4,20
MEM-2025-LOT7,M03,-28,23,2,20
MEM-2025-LOT7,M03,-27,23,1,10
MEM-2025-LOT7,M03,-26,23,3,31
MEM-2025-LOT7,M03,-25,23,1,10
MEM-2025-LOT7,M03,-24,23,2,30
MEM-2025-LOT7,M03,-23,23,1,10
MEM-2025-LOT7,M03,-22,23,3,20
MEM-2025-LOT7,M03,-21,23,1,10
MEM-2025-LOT7,M03,-20,23,1,10
MEM-2025-LOT7,M03,-19,23,1,10
MEM-2025-LOT7,M03,-18,23,1,10
MEM-2025-LOT7,M03,-17,23,1,10
MEM-2025-LOT7,M03,-16,23,1,10
MEM-2025-LOT7,M03,-15,23,2,21
MEM-2025-LOT7,M03,-14,23,1,10
MEM-2025-LOT7,M03,-13,23,1,10
MEM-2025-LOT7,M03,-12,23,1,10
MEM-2025-LOT7,M03,-11,23,1,10
MEM-2025-LOT7,M03,-10,23,1,10
MEM-2025-LOT7,M03,-9,23,1,10
MEM-2025-LOT7,M03,-8,23,1,10
MEM-2025-LOT7,M03,-7,23,1,10
MEM-2025-LOT7,M03,-6,23,1,10
MEM-2025-LOT7,M03,-5,23,1,10
MEM-2025-LOT7,M03,-4,23,1,10
MEM-2025-LOT7,M03,-3,23,1,10
MEM-2025-LOT7,M03,-2,23,1,10
MEM-2025-LOT7,M03,-1,23,1,10
MEM-2025-LOT7,M03,0,23,1,10
MEM-2025-LOT7,M03,1,23,1,10
MEM-2025-LOT7,M03,2,23,1,10
MEM-2025-LOT7,M03,3,23,1,10
MEM-2025-LOT7,M03,4,23,1,10
MEM-2025-LOT7,M03,5,23,1,10
MEM-2025-LOT7,M03,6,23,1,10
MEM-2025-LOT7,M03,7,23,1,10
MEM-2025-LOT7,M03,8,23,1,10
MEM-2025-LOT7,M03,9,23,1,10
MEM-2025-LOT7,M03,10,23,1,10
MEM-2025-LOT7,M03,11,23,1,10
MEM-2025-LOT7,M03,12,23,1,10
MEM-2025-LOT7,M03,13,23,1,10
MEM-2025-LOT7,M03,14,23,1,10
MEM-2025-LOT7,M03,15,23,1,10
MEM-2025-LOT7,M03,16,23,1,10
MEM-2025-LOT7,M03,17,23,1,10
MEM-2025-LOT7,M03,18,23,1,10
MEM-2025-LOT7,M03,19,23,1,10
MEM-2025-LOT7,M03,20,23,1,10
MEM-2025-LOT7,M03,21,23,2,30
MEM-2025-LOT7,M03,22,23,1,10
MEM-2025-LOT7,M03,23,23,1,10
MEM-2025-LOT7,M03,24,23,4,31
MEM-2025-LOT7,M03,25,23,2,22
MEM-2025-LOT7,M03,26,23,1,10
MEM-2025-LOT7,M03,27,23,4,20
MEM-2025-LOT7,M03,28,23,4,30
MEM-2025-LOT7,M03,-28,24,1,10
MEM-2025-LOT7,M03,-27,24,3,31
MEM-2025-LOT7,M03,-26,24,1,10
MEM-2025-LOT7,M03,-25,24,1,10
MEM-2025-LOT7,M03,-24,24,2,21
MEM-2025-LOT7,M03,-23,24,1,10
MEM-2025-LOT7,M03,-22,24,1,10
MEM-2025-LOT7,M03,-21,24,1,10
MEM-2025-LOT7,M03,-20,24,1,10
MEM-2025-LOT7,M03,-19,24,1,10
MEM-2025-LOT7,M03,-18,24,1,10
MEM-2025-LOT7,M03,-17,24,1,10
MEM-2025-LOT7,M03,-16,24,1,10
MEM-2025-LOT7,M03,-15,24,1,10
MEM-2025-LOT7,M03,-14,24,1,10
MEM-2025-LOT7,M03,-13,24,1,10
MEM-2025-LOT7,M03,-12,24,1,10
MEM-2025-LOT7,M03,-11,24,1,10
MEM-2025-LOT7,M03,-10,24,1,10
MEM-2025-LOT7,M03,-9,24,1,10
MEM-2025-LOT7,M03,-8,24,1,10
MEM-2025-LOT7,M03,-7,24,1,10
MEM-2025-LOT7,M03,-6,24,1,10
MEM-2025-LOT7,M03,-5,24,1,10
MEM-2025-LOT7,M03,-4,24,1,10
MEM-2025-LOT7,M03,-3,24,1,10
MEM-2025-LOT7,M03,-2,24,1,10
MEM-2025-LOT7,M03,-1,24,1,10
MEM-2025-LOT7,M03,0,24,1,10
MEM-2025-LOT7,M03,1,24,1,10
MEM-2025-LOT7,M03,2,24,1,10
MEM-2025-LOT7,M03,3,24,1,10
MEM-2025-LOT7,M03,4,24,1,10
MEM-2025-LOT7,M03,5,24,1,10
MEM-2025-LOT7,M03,6,24,1,10
MEM-2025-LOT7,M03,7,24,1,10
MEM-2025-LOT7,M03,8,24,1,10
MEM-2025-LOT7,M03,9,24,1,10
MEM-2025-LOT7,M03,10,24,1,10
MEM-2025-LOT7,M03,11,24,1,10
MEM-2025-LOT7,M03,12,24,1,10
MEM-2025-LOT7,M03,13,24,1,10
MEM-2025-LOT7,M03,14,24,1,10
MEM-2025-LOT7,M03,15,24,1,10
MEM-2025-LOT7,M03,16,24,1,10
MEM-2025-LOT7,M03,17,24,1,10
MEM-2025-LOT7,M03,18,24,1,10
MEM-2025-LOT7,M03,19,24,1,10
MEM-2025-LOT7,M03,20,24,1,10
MEM-2025-LOT7,M03,21,24,4,21
MEM-2025-LOT7,M03,22,24,2,30
MEM-2025-LOT7,M03,23,24,2,30
MEM-2025-LOT7,M03,24,24,1,10
MEM-2025-LOT7,M03,25,24,1,10
MEM-2025-LOT7,M03,26,24,1,10
MEM-2025-LOT7,M03,27,24,4,31
MEM-2025-LOT7,M03,28,24,3,30
MEM-2025-LOT7,M03,-27,25,1,10
MEM-2025-LOT7,M03,-26,25,1,10
MEM-2025-LOT7,M03,-25,25,2,22
MEM-2025-LOT7,M03,-24,25,1,10
MEM-2025-LOT7,M03,-23,25,2,20
MEM-2025-LOT7,M03,-22,25,4,22
MEM-2025-LOT7,M03,-21,25,1,10
MEM-2025-LOT7,M03,-20,25,4,30
MEM-2025-LOT7,M03,-19,25,1,10
MEM-2025-LOT7,M03,-18,25,1,10
MEM-2025-LOT7,M03,-17,25,1,10
MEM-2025-LOT7,M03,-16,25,1,10
MEM-2025-LOT7,M03,-15,25,1,10
MEM-2025-LOT7,M03,-14,25,1,10
MEM-2025-LOT7,M03,-13,25,1,10
MEM-2025-LOT7,M03,-12,25,1,10
MEM-2025-LOT7,M03,-11,25,1,10
MEM-2025-LOT7,M03,-10,25,1,10
MEM-2025-LOT7,M03,-9,25,1,10
MEM-2025-LOT7,M03,-8,25,1,10
MEM-2025-LOT7,M03,-7,25,1,10
MEM-2025-LOT7,M03,-6,25,1,10
MEM-2025-LOT7,M03,-5,25,1,10
MEM-2025-LOT7,M03,-4,25,1,10
MEM-2025-LOT7,M03,-3,25,1,10
MEM-2025-LOT7,M03,-2,25,1,10
MEM-2025-LOT7,M03,-1,25,1,10
MEM-2025-LOT7,M03,0,25,1,10
MEM-2025-LOT7,M03,1,25,1,10
MEM-2025-LOT7,M03,2,25,1,10
MEM-2025-LOT7,M03,3,25,1,10
MEM-2025-LOT7,M03,4,25,1,10
MEM-2025-LOT7,M03,5,25,1,10
MEM-2025-LOT7,M03,6,25,1,10
MEM-2025-LOT7,M03,7,25,1,10
MEM-2025-LOT7,M03,8,25,1,10
MEM-2025-LOT7,M03,9,25,1,10
MEM-2025-LOT7,M03,10,25,1,10
MEM-2025-LOT7,M03,11,25,1,10
MEM-2025-LOT7,M03,12,25,1,10
MEM-2025-LOT7,M03,13,25,1,10
MEM-2025-LOT7,M03,14,25,1,10
MEM-2025-LOT7,M03,15,25,1,10
MEM-2025-LOT7,M03,16,25,1,10
MEM-2025-LOT7,M03,17,25,1,10
MEM-2025-LOT7,M03,18,25,1,10
MEM-2025-LOT7,M03,19,25,1,10
MEM-2025-LOT7,M03,20,25,1,10
MEM-2025-LOT7,M03,21,25,3,31
MEM-2025-LOT7,M03,22,25,1,10
MEM-2025-LOT7,M03,23,25,1,10
MEM-2025-LOT7,M03,24,25,1,10
MEM-2025-LOT7,M03,25,25,2,30
MEM-2025-LOT7,M03,26,25,1,10
MEM-2025-LOT7,M03,27,25,1,10
MEM-2025-LOT7,M03,-27,26,4,20
MEM-2025-LOT7,M03,-26,26,3,20
MEM-2025-LOT7,M03,-25,26,1,10
MEM-2025-LOT7,M03,-24,26,2,21
MEM-2025-LOT7,M03,-23,26,4,20
MEM-2025-LOT7,M03,-22,26,1,10
MEM-2025-LOT7,M03,-21,26,1,10
MEM-2025-LOT7,M03,-20,26,2,31
MEM-2025-LOT7,M03,-19,26,1,10
MEM-2025-LOT7,M03,-18,26,1,10
MEM-2025-LOT7,M03,-17,26,1,10
MEM-2025-LOT7,M03,-16,26,1,10
MEM-2025-LOT7,M03,-15,26,1,10
MEM-2025-LOT7,M03,-14,26,2,20
MEM-2025-LOT7,M03,-13,26,1,10
MEM-2025-LOT7,M03,-12,26,1,10
MEM-2025-LOT7,M03,-11,26,1,10
MEM-2025-LOT7,M03,-10,26,1,10
MEM-2025-LOT7,M03,-9,26,2,30
MEM-2025-LOT7,M03,-8,26,1,10
MEM-2025-LOT7,M03,-7,26,1,10
MEM-2025-LOT7,M03,-6,26,1,10
MEM-2025-LOT7,M03,-5,26,1,10
MEM-2025-LOT7,M03,-4,26,1,10
MEM-2025-LOT7,M03,-3,26,1,10
MEM-2025-LOT7,M03,-2,26,1,10
MEM-2025-LOT7,M03,-1,26,1,10
MEM-2025-LOT7,M03,0,26,1,10
MEM-2025-LOT7,M03,1,26,1,10
MEM-2025-LOT7,M03,2,26,1,10
MEM-2025-LOT7,M03,3,26,1,10
MEM-2025-LOT7,M03,4,26,1,10
MEM-2025-LOT7,M03,5,26,1,10
MEM-2025-LOT7,M03,6,26,1,10
MEM-2025-LOT7,M03,7,26,1,10
MEM-2025-LOT7,M03,8,26,4,30
MEM-2025-LOT7,M03,9,26,1,10
MEM-2025-LOT7,M03,10,26,1,10
MEM-2025-LOT7,M03,11,26,1,10
MEM-2025-LOT7,M03,12,26,1,10
MEM-2025-LOT7,M03,13,26,1,10
MEM-2025-LOT7,M03,14,26,1,10
MEM-2025-LOT7,M03,15,26,1,10
MEM-2025-LOT7,M03,16,26,1,10
MEM-2025-LOT7,M03,17,26,1,10
MEM-2025-LOT7,M03,18,26,1,10
MEM-2025-LOT7,M03,19,26,3,22
MEM-2025-LOT7,M03,20,26,2,30
MEM-2025-LOT7,M03,21,26,1,10
MEM-2025-LOT7,M03,22,26,1,10
MEM-2025-LOT7,M03,23,26,2,21
MEM-2025-LOT7,M03,24,26,1,10
MEM-2025-LOT7,M03,25,26,2,20
MEM-2025-LOT7,M03,26,26,1,10
MEM-2025-LOT7,M03,27,26,4,30
MEM-2025-LOT7,M03,-26,27,4,20
MEM-2025-LOT7,M03,-25,27,1,10
MEM-2025-LOT7,M03,-24,27,1,10
MEM-2025-LOT7,M03,-23,27,2,20
MEM-2025-LOT7,M03,-22,27,3,30
MEM-2025-LOT7,M03,-21,27,1,10
MEM-2025-LOT7,M03,-20,27,1,10
MEM-2025-LOT7,M03,-19,27,1,10
MEM-2025-LOT7,M03,-18,27,1,10
MEM-2025-LOT7,M03,-17,27,1,10
MEM-2025-LOT7,M03,-16,27,1,10
MEM-2025-LOT7,M03,-15,27,1,10
MEM-2025-LOT7,M03,-14,27,1,10
MEM-2025-LOT7,M03,-13,27,1,10
MEM-2025-LOT7,M03,-12,27,1,10
MEM-2025-LOT7,M03,-11,27,1,10
MEM-2025-LOT7,M03,-10,27,1,10
MEM-2025-LOT7,M03,-9,27,1,10
MEM-2025-LOT7,M03,-8,27,1,10
MEM-2025-LOT7,M03,-7,27,1,10
MEM-2025-LOT7,M03,-6,27,1,10
MEM-2025-LOT7,M03,-5,27,1,10
MEM-2025-LOT7,M03,-4,27,1,10
MEM-2025-LOT7,M03,-3,27,1,10
MEM-2025-LOT7,M03,-2,27,1,10
MEM-2025-LOT7,M03,-1,27,1,10
MEM-2025-LOT7,M03,0,27,1,10
MEM-2025-LOT7,M03,1,27,1,10
MEM-2025-LOT7,M03,2,27,1,10
MEM-2025-LOT7,M03,3,27,1,10
MEM-2025-LOT7,M03,4,27,1,10
MEM-2025-LOT7,M03,5,27,1,10
MEM-2025-LOT7,M03,6,27,1,10
MEM-2025-LOT7,M03,7,27,1,10
MEM-2025-LOT7,M03,8,27,1,10
MEM-2025-LOT7,M03,9,27,1,10
MEM-2025-LOT7,M03,10,27,1,10
MEM-2025-LOT7,M03,11,27,1,10
MEM-2025-LOT7,M03,12,27,1,10
MEM-2025-LOT7,M03,13,27,1,10
MEM-2025-LOT7,M03,14,27,1,10
MEM-2025-LOT7,M03,15,27,1,10
MEM-2025-LOT7,M03,16,27,1,10
MEM-2025-LOT7,M03,17,27,1,10
MEM-2025-LOT7,M03,18,27,2,21
MEM-2025-LOT7,M03,19,27,1,10
MEM-2025-LOT7,M03,20,27,2,20
MEM-2025-LOT7,M03,21,27,3,22
MEM-2025-LOT7,M03,22,27,1,10
MEM-2025-LOT7,M03,23,27,3,31
MEM-2025-LOT7,M03,24,27,1,10
MEM-2025-LOT7,M03,25,27,1,10
MEM-2025-LOT7,M03,26,27,1,10
MEM-2025-LOT7,M03,-26,28,1,10
MEM-2025-LOT7,M03,-25,28,2,21
MEM-2025-LOT7,M03,-24,28,1,10
MEM-2025-LOT7,M03,-23,28,1,10
MEM-2025-LOT7,M03,-22,28,4,30
MEM-2025-LOT7,M03,-21,28,2,20
MEM-2025-LOT7,M03,-20,28,2,30
MEM-2025-LOT7,M03,-19,28,1,10
MEM-2025-LOT7,M03,-18,28,1,10
MEM-2025-LOT7,M03,-17,28,1,10
MEM-2025-LOT7,M03,-16,28,1,10
MEM-2025-LOT7,M03,-15,28,1,10
MEM-2025-LOT7,M03,-14,28,1,10
MEM-2025-LOT7,M03,-13,28,1,10
MEM-2025-LOT7,M03,-12,28,1,10
MEM-2025-LOT7,M03,-11,28,1,10
MEM-2025-LOT7,M03,-10,28,1,10
MEM-2025-LOT7,M03,-9,28,1,10
MEM-2025-LOT7,M03,-8,28,1,10
MEM-2025-LOT7,M03,-7,28,1,10
MEM-2025-LOT7,M03,-6,28,1,10
MEM-2025-LOT7,M03,-5,28,1,10
MEM-2025-LOT7,M03,-4,28,1,10
MEM-2025-LOT7,M03,-3,28,1,10
MEM-2025-LOT7,M03,-2,28,1,10
MEM-2025-LOT7,M03,-1,28,1,10
MEM-2025-LOT7,M03,0,28,1,10
MEM-2025-LOT7,M03,1,28,1,10
MEM-2025-LOT7,M03,2,28,1,10
MEM-2025-LOT7,M03,3,28,1,10
MEM-2025-LOT7,M03,4,28,1,10
MEM-2025-LOT7,M03,5,28,1,10
MEM-2025-LOT7,M03,6,28,4,31
MEM-2025-LOT7,M03,7,28,1,10
MEM-2025-LOT7,M03,8,28,1,10
MEM-2025-LOT7,M03,9,28,1,10
MEM-2025-LOT7,M03,10,28,1,10
MEM-2025-LOT7,M03,11,28,1,10
MEM-2025-LOT7,M03,12,28,1,10
MEM-2025-LOT7,M03,13,28,1,10
MEM-2025-LOT7,M03,14,28,1,10
MEM-2025-LOT7,M03,15,28,1,10
MEM-2025-LOT7,M03,16,28,1,10
MEM-2025-LOT7,M03,17,28,1,10
MEM-2025-LOT7,M03,18,28,2,30
MEM-2025-LOT7,M03,19,28,1,10
MEM-2025-LOT7,M03,20,28,2,30
MEM-2025-LOT7,M03,21,28,2,30
MEM-2025-LOT7,M03,22,28,2,31
MEM-2025-LOT7,M03,23,28,1,10
MEM-2025-LOT7,M03,24,28,1,10
MEM-2025-LOT7,M03,25,28,1,10
MEM-2025-LOT7,M03,26,28,2,20
MEM-2025-LOT7,M03,-25,29,2,31
MEM-2025-LOT7,M03,-24,29,2,21
MEM-2025-LOT7,M03,-23,29,2,31
MEM-2025-LOT7,M03,-22,29,3,30
MEM-2025-LOT7,M03,-21,29,2,20
MEM-2025-LOT7,M03,-20,29,2,20
MEM-2025-LOT7,M03,-19,29,1,10
MEM-2025-LOT7,M03,-18,29,1,10
MEM-2025-LOT7,M03,-17,29,4,21
MEM-2025-LOT7,M03,-16,29,1,10
MEM-2025-LOT7,M03,-15,29,1,10
MEM-2025-LOT7,M03,-14,29,1,10
MEM-2025-LOT7,M03,-13,29,1,10
MEM-2025-LOT7,M03,-12,29,1,10
MEM-2025-LOT7,M03,-11,29,1,10
MEM-2025-LOT7,M03,-10,29,1,10
MEM-2025-LOT7,M03,-9,29,1,10
MEM-2025-LOT7,M03,-8,29,2,30
MEM-2025-LOT7,M03,-7,29,1,10
MEM-2025-LOT7,M03,-6,29,1,10
MEM-2025-LOT7,M03,-5,29,1,10
MEM-2025-LOT7,M03,-4,29,1,10
MEM-2025-LOT7,M03,-3,29,1,10
MEM-2025-LOT7,M03,-2,29,1,10
MEM-2025-LOT7,M03,-1,29,1,10
MEM-2025-LOT7,M03,0,29,1,10
MEM-2025-LOT7,M03,1,29,4,30
MEM-2025-LOT7,M03,2,29,1,10
MEM-2025-LOT7,M03,3,29,1,10
MEM-2025-LOT7,M03,4,29,1,10
MEM-2025-LOT7,M03,5,29,1,10
MEM-2025-LOT7,M03,6,29,1,10
MEM-2025-LOT7,M03,7,29,1,10
MEM-2025-LOT7,M03,8,29,1,10
MEM-2025-LOT7,M03,9,29,1,10
MEM-2025-LOT7,M03,10,29,1,10
MEM-2025-LOT7,M03,11,29,1,10
MEM-2025-LOT7,M03,12,29,1,10
MEM-2025-LOT7,M03,13,29,1,10
MEM-2025-LOT7,M03,14,29,1,10
MEM-2025-LOT7,M03,15,29,1,10
MEM-2025-LOT7,M03,16,29,1,10
MEM-2025-LOT7,M03,17,29,1,10
MEM-2025-LOT7,M03,18,29,2,21
MEM-2025-LOT7,M03,19,29,1,10
MEM-2025-LOT7,M03,20,29,1,10
MEM-2025-LOT7,M03,21,29,2,21
MEM-2025-LOT7,M03,22,29,3,30
MEM-2025-LOT7,M03,23,29,1,10
MEM-2025-LOT7,M03,24,29,1,10
MEM-2025-LOT7,M03,25,29,1,10
MEM-2025-LOT7,M03,-25,30,1,10
MEM-2025-LOT7,M03,-24,30,2,22
MEM-2025-LOT7,M03,-23,30,1,10
MEM-2025-LOT7,M03,-22,30,1,10
MEM-2025-LOT7,M03,-21,30,2,22
MEM-2025-LOT7,M03,-20,30,1,10
MEM-2025-LOT7,M03,-19,30,1,10
MEM-2025-LOT7,M03,-18,30,1,10
MEM-2025-LOT7,M03,-17,30,4,22
MEM-2025-LOT7,M03,-16,30,1,10
MEM-2025-LOT7,M03,-15,30,1,10
MEM-2025-LOT7,M03,-14,30,1,10
MEM-2025-LOT7,M03,-13,30,1,10
MEM-2025-LOT7,M03,-12,30,1,10
MEM-2025-LOT7,M03,-11,30,1,10
MEM-2025-LOT7,M03,-10,30,1,10
MEM-2025-LOT7,M03,-9,30,1,10
MEM-2025-LOT7,M03,-8,30,1,10
MEM-2025-LOT7,M03,-7,30,2,31
MEM-2025-LOT7,M03,-6,30,1,10
MEM-2025-LOT7,M03,-5,30,1,10
MEM-2025-LOT7,M03,-4,30,1,10
MEM-2025-LOT7,M03,-3,30,1,10
MEM-2025-LOT7,M03,-2,30,1,10
MEM-2025-LOT7,M03,-1,30,1,10
MEM-2025-LOT7,M03,0,30,1,10
MEM-2025-LOT7,M03,1,30,1,10
MEM-2025-LOT7,M03,2,30,1,10
MEM-2025-LOT7,M03,3,30,1,10
MEM-2025-LOT7,M03,4,30,4,20
MEM-2025-LOT7,M03,5,30,1,10
MEM-2025-LOT7,M03,6,30,1,10
MEM-2025-LOT7,M03,7,30,1,10
MEM-2025-LOT7,M03,8,30,1,10
MEM-2025-LOT7,M03,9,30,1,10
MEM-2025-LOT7,M03,10,30,1,10
MEM-2025-LOT7,M03,11,30,1,10
MEM-2025-LOT7,M03,12,30,1,10
MEM-2025-LOT7,M03,13,30,1,10
MEM-2025-LOT7,M03,14,30,1,10
MEM-2025-LOT7,M03,15,30,1,10
MEM-2025-LOT7,M03,16,30,2,22
MEM-2025-LOT7,M03,17,30,1,10
MEM-2025-LOT7,M03,18,30,3,20
MEM-2025-LOT7,M03,19,30,4,31
MEM-2025-LOT7,M03,20,30,1,10
MEM-2025-LOT7,M03,21,30,4,20
MEM-2025-LOT7,M03,22,30,2,20
MEM-2025-LOT7,M03,23,30,3,30
MEM-2025-LOT7,M03,24,30,1,10
MEM-2025-LOT7,M03,25,30,4,22
MEM-2025-LOT7,M03,-24,31,4,21
MEM-2025-LOT7,M03,-23,31,1,10
MEM-2025-LOT7,M03,-22,31,1,10
MEM-2025-LOT7,M03,-21,31,2,30
MEM-2025-LOT7,M03,-20,31,4,20
MEM-2025-LOT7,M03,-19,31,1,10
MEM-2025-LOT7,M03,-18,31,1,10
MEM-2025-LOT7,M03,-17,31,1,10
MEM-2025-LOT7,M03,-16,31,2,21
MEM-2025-LOT7,M03,-15,31,1,10
MEM-2025-LOT7,M03,-14,31,1,10
MEM-2025-LOT7,M03,-13,31,1,10
MEM-2025-LOT7,M03,-12,31,1,10
MEM-2025-LOT7,M03,-11,31,1,10
MEM-2025-LOT7,M03,-10,31,1,10
MEM-2025-LOT7,M03,-9,31,1,10
MEM-2025-LOT7,M03,-8,31,1,10
MEM-2025-LOT7,M03,-7,31,1,10
MEM-2025-LOT7,M03,-6,31,1,10
MEM-2025-LOT7,M03,-5,31,1,10
MEM-2025-LOT7,M03,-4,31,1,10
MEM-2025-LOT7,M03,-3,31,1,10
MEM-2025-LOT7,M03,-2,31,1,10
MEM-2025-LOT7,M03,-1,31,1,10
MEM-2025-LOT7,M03,0,31,1,10
MEM-2025-LOT7,M03,1,31,1,10
MEM-2025-LOT7,M03,2,31,1,10
MEM-2025-LOT7,M03,3,31,1,10
MEM-2025-LOT7,M03,4,31,1,10
MEM-2025-LOT7,M03,5,31,1,10
MEM-2025-LOT7,M03,6,31,1,10
MEM-2025-LOT7,M03,7,31,1,10
MEM-2025-LOT7,M03,8,31,1,10
MEM-2025-LOT7,M03,9,31,1,10
MEM-2025-LOT7,M03,10,31,1,10
MEM-2025-LOT7,M03,11,31,1,10
MEM-2025-LOT7,M03,12,31,1,10
MEM-2025-LOT7,M03,13,31,1,10
MEM-2025-LOT7,M03,14,31,1,10
MEM-2025-LOT7,M03,15,31,1,10
MEM-2025-LOT7,M03,16,31,1,10
MEM-2025-LOT7,M03,17,31,3,31
MEM-2025-LOT7,M03,18,31,2,31
MEM-2025-LOT7,M03,19,31,1,10
MEM-2025-LOT7,M03,20,31,1,10
MEM-2025-LOT7,M03,21,31,1,10
MEM-2025-LOT7,M03,22,31,3,20
MEM-2025-LOT7,M03,23,31,1,10
MEM-2025-LOT7,M03,24,31,1,10
MEM-2025-LOT7,M03,-24,32,1,10
MEM-2025-LOT7,M03,-23,32,1,10
MEM-2025-LOT7,M03,-22,32,2,20
MEM-2025-LOT7,M03,-21,32,1,10
MEM-2025-LOT7,M03,-20,32,1,10
MEM-2025-LOT7,M03,-19,32,1,10
MEM-2025-LOT7,M03,-18,32,1,10
MEM-2025-LOT7,M03,-17,32,1,10
MEM-2025-LOT7,M03,-16,32,1,10
MEM-2025-LOT7,M03,-15,32,4,20
MEM-2025-LOT7,M03,-14,32,2,22
MEM-2025-LOT7,M03,-13,32,1,10
MEM-2025-LOT7,M03,-12,32,1,10
MEM-2025-LOT7,M03,-11,32,1,10
MEM-2025-LOT7,M03,-10,32,1,10
MEM-2025-LOT7,M03,-9,32,1,10
MEM-2025-LOT7,M03,-8,32,1,10
MEM-2025-LOT7,M03,-7,32,2,21
MEM-2025-LOT7,M03,-6,32,1,10
MEM-2025-LOT7,M03,-5,32,1,10
MEM-2025-LOT7,M03,-4,32,1,10
MEM-2025-LOT7,M03,-3,32,1,10
MEM-2025-LOT7,M03,-2,32,1,10
MEM-2025-LOT7,M03,-1,32,1,10
MEM-2025-LOT7,M03,0,32,1,10
MEM-2025-LOT7,M03,1,32,1,10
MEM-2025-LOT7,M03,2,32,1,10
MEM-2025-LOT7,M03,3,32,1,10
MEM-2025-LOT7,M03,4,32,1,10
MEM-2025-LOT7,M03,5,32,1,10
MEM-2025-LOT7,M03,6,32,1,10
MEM-2025-LOT7,M03,7,32,1,10
MEM-2025-LOT7,M03,8,32,1,10
MEM-2025-LOT7,M03,9,32,1,10
MEM-2025-LOT7,M03,10,32,2,20
MEM-2025-LOT7,M03,11,32,1,10
MEM-2025-LOT7,M03,12,32,1,10
MEM-2025-LOT7,M03,13,32,1,10
MEM-2025-LOT7,M03,14,32,1,10
MEM-2025-LOT7,M03,15,32,1,10
MEM-2025-LOT7,M03,16,32,1,10
MEM-2025-LOT7,M03,17,32,1,10
MEM-2025-LOT7,M03,18,32,1,10
MEM-2025-LOT7,M03,19,32,2,22
MEM-2025-LOT7,M03,20,32,1,10
MEM-2025-LOT7,M03,21,32,2,21
MEM-2025-LOT7,M03,22,32,4,21
MEM-2025-LOT7,M03,23,32,1,10
MEM-2025-LOT7,M03,24,32,3,31
MEM-2025-LOT7,M03,-23,33,2,31
MEM-2025-LOT7,M03,-22,33,4,30
MEM-2025-LOT7,M03,-21,33,1,10
MEM-2025-LOT7,M03,-20,33,1,10
MEM-2025-LOT7,M03,-19,33,1,10
MEM-2025-LOT7,M03,-18,33,1,10
MEM-2025-LOT7,M03,-17,33,1,10
MEM-2025-LOT7,M03,-16,33,1,10
MEM-2025-LOT7,M03,-15,33,1,10
MEM-2025-LOT7,M03,-14,33,2,31
MEM-2025-LOT7,M03,-13,33,2,20
MEM-2025-LOT7,M03,-12,33,1,10
MEM-2025-LOT7,M03,-11,33,1,10
MEM-2025-LOT7,M03,-10,33,1,10
MEM-2025-LOT7,M03,-9,33,1,10
MEM-2025-LOT7,M03,-8,33,1,10
MEM-2025-LOT7,M03,-7,33,1,10
MEM-2025-LOT7,M03,-6,33,1,10
MEM-2025-LOT7,M03,-5,33,1,10
MEM-2025-LOT7,M03,-4,33,1,10
MEM-2025-LOT7,M03,-3,33,1,10
MEM-2025-LOT7,M03,-2,33,1,10
MEM-2025-LOT7,M03,-1,33,1,10
MEM-2025-LOT7,M03,0,33,1,10
MEM-2025-LOT7,M03,1,33,1,10
MEM-2025-LOT7,M03,2,33,1,10
MEM-2025-LOT7,M03,3,33,1,10
MEM-2025-LOT7,M03,4,33,1,10
MEM-2025-LOT7,M03,5,33,1,10
MEM-2025-LOT7,M03,6,33,1,10
MEM-2025-LOT7,M03,7,33,1,10
MEM-2025-LOT7,M03,8,33,1,10
MEM-2025-LOT7,M03,9,33,1,10
MEM-2025-LOT7,M03,10,33,1,10
MEM-2025-LOT7,M03,11,33,1,10
MEM-2025-LOT7,M03,12,33,1,10
MEM-2025-LOT7,M03,13,33,1,10
MEM-2025-LOT7,M03,14,33,1,10
MEM-2025-LOT7,M03,15,33,1,10
MEM-2025-LOT7,M03,16,33,1,10
MEM-2025-LOT7,M03,17,33,1,10
MEM-2025-LOT7,M03,18,33,4,30
MEM-2025-LOT7,M03,19,33,3,30
MEM-2025-LOT7,M03,20,33,1,10
MEM-2025-LOT7,M03,21,33,1,10
MEM-2025-LOT7,M03,22,33,2,31
MEM-2025-LOT7,M03,23,33,2,31
MEM-2025-LOT7,M03,-23,34,1,10
MEM-2025-LOT7,M03,-22,34,4,22
MEM-2025-LOT7,M03,-21,34,1,10
MEM-2025-LOT7,M03,-20,34,1,10
MEM-2025-LOT7,M03,-19,34,3,30
MEM-2025-LOT7,M03,-18,34,1,10
MEM-2025-LOT7,M03,-17,34,1,10
MEM-2025-LOT7,M03,-16,34,1,10
MEM-2025-LOT7,M03,-15,34,1,10
MEM-2025-LOT7,M03,-14,34,1,10
MEM-2025-LOT7,M03,-13,34,1,10
MEM-2025-LOT7,M03,-12,34,1,10
MEM-2025-LOT7,M03,-11,34,1,10
MEM-2025-LOT7,M03,-10,34,1,10
MEM-2025-LOT7,M03,-9,34,1,10
MEM-2025-LOT7,M03,-8,34,1,10
MEM-2025-LOT7,M03,-7,34,1,10
MEM-2025-LOT7,M03,-6,34,1,10
MEM-2025-LOT7,M03,-5,34,1,10
MEM-2025-LOT7,M03,-4,34,1,10
MEM-2025-LOT7,M03,-3,34,1,10
MEM-2025-LOT7,M03,-2,34,1,10
MEM-2025-LOT7,M03,-1,34,1,10
MEM-2025-LOT7,M03,0,34,1,10
MEM-2025-LOT7,M03,1,34,1,10
MEM-2025-LOT7,M03,2,34,1,10
MEM-2025-LOT7,M03,3,34,1,10
MEM-2025-LOT7,M03,4,34,1,10
MEM-2025-LOT7,M03,5,34,1,10
MEM-2025-LOT7,M03,6,34,1,10
MEM-2025-LOT7,M03,7,34,3,30
MEM-2025-LOT7,M03,8,34,1,10
MEM-2025-LOT7,M03,9,34,1,10
MEM-2025-LOT7,M03,10,34,1,10
MEM-2025-LOT7,M03,11,34,1,10
MEM-2025-LOT7,M03,12,34,1,10
MEM-2025-LOT7,M03,13,34,1,10
MEM-2025-LOT7,M03,14,34,4,22
MEM-2025-LOT7,M03,15,34,2,31
MEM-2025-LOT7,M03,16,34,1,10
MEM-2025-LOT7,M03,17,34,1,10
MEM-2025-LOT7,M03,18,34,1,10
MEM-2025-LOT7,M03,19,34,2,31
MEM-2025-LOT7,M03,20,34,1,10
MEM-2025-LOT7,M03,21,34,4,30
MEM-2025-LOT7,M03,22,34,1,10
MEM-2025-LOT7,M03,23,34,1,10
MEM-2025-LOT7,M03,-22,35,1,10
MEM-2025-LOT7,M03,-21,35,2,20
MEM-2025-LOT7,M03,-20,35,2,21
MEM-2025-LOT7,M03,-19,35,1,10
MEM-2025-LOT7,M03,-18,35,4,31
MEM-2025-LOT7,M03,-17,35,1,10
MEM-2025-LOT7,M03,-16,35,4,22
MEM-2025-LOT7,M03,-15,35,2,20
MEM-2025-LOT7,M03,-14,35,1,10
MEM-2025-LOT7,M03,-13,35,2,20
MEM-2025-LOT7,M03,-12,35,3,20
MEM-2025-LOT7,M03,-11,35,3,20
MEM-2025-LOT7,M03,-10,35,1,10
MEM-2025-LOT7,M03,-9,35,1,10
MEM-2025-LOT7,M03,-8,35,1,10
MEM-2025-LOT7,M03,-7,35,1,10
MEM-2025-LOT7,M03,-6,35,1,10
MEM-2025-LOT7,M03,-5,35,2,31
MEM-2025-LOT7,M03,-4,35,1,10
MEM-2025-LOT7,M03,-3,35,1,10
MEM-2025-LOT7,M03,-2,35,1,10
MEM-2025-LOT7,M03,-1,35,1,10
MEM-2025-LOT7,M03,0,35,1,10
MEM-2025-LOT7,M03,1,35,1,10
MEM-2025-LOT7,M03,2,35,1,10
MEM-2025-LOT7,M03,3,35,1,10
MEM-2025-LOT7,M03,4,35,2,22
MEM-2025-LOT7,M03,5,35,1,10
MEM-2025-LOT7,M03,6,35,1,10
MEM-2025-LOT7,M03,7,35,1,10
MEM-2025-LOT7,M03,8,35,4,22
MEM-2025-LOT7,M03,9,35,1,10
MEM-2025-LOT7,M03,10,35,3,30
MEM-2025-LOT7,M03,11,35,3,31
MEM-2025-LOT7,M03,12,35,2,21
MEM-2025-LOT7,M03,13,35,4,22
MEM-2025-LOT7,M03,14,35,1,10
MEM-2025-LOT7,M03,15,35,1,10
MEM-2025-LOT7,M03,16,35,2,22
MEM-2025-LOT7,M03,17,35,4,21
MEM-2025-LOT7,M03,18,35,2,22
MEM-2025-LOT7,M03,19,35,2,21
MEM-2025-LOT7,M03,20,35,2,20
MEM-2025-LOT7,M03,21,35,3,21
MEM-2025-LOT7,M03,22,35,1,10
MEM-2025-LOT7,M03,-21,36,1,10
MEM-2025-LOT7,M03,-20,36,2,22
MEM-2025-LOT7,M03,-19,36,1,10
MEM-2025-LOT7,M03,-18,36,2,22
MEM-2025-LOT7,M03,-17,36,3,31
MEM-2025-LOT7,M03,-16,36,3,30
MEM-2025-LOT7,M03,-15,36,2,21
MEM-2025-LOT7,M03,-14,36,3,20
MEM-2025-LOT7,M03,-13,36,1,10
MEM-2025-LOT7,M03,-12,36,2,22
MEM-2025-LOT7,M03,-11,36,1,10
MEM-2025-LOT7,M03,-10,36,1,10
MEM-2025-LOT7,M03,-9,36,4,21
MEM-2025-LOT7,M03,-8,36,1,10
MEM-2025-LOT7,M03,-7,36,1,10
MEM-2025-LOT7,M03,-6,36,1,10
MEM-2025-LOT7,M03,-5,36,1,10
MEM-2025-LOT7,M03,-4,36,1,10
MEM-2025-LOT7,M03,-3,36,1,10
MEM-2025-LOT7,M03,-2,36,1,10
MEM-2025-LOT7,M03,-1,36,1,10
MEM-2025-LOT7,M03,0,36,1,10
MEM-2025-LOT7,M03,1,36,1,10
MEM-2025-LOT7,M03,2,36,1,10
MEM-2025-LOT7,M03,3,36,1,10
MEM-2025-LOT7,M03,4,36,1,10
MEM-2025-LOT7,M03,5,36,1,10
MEM-2025-LOT7,M03,6,36,1,10
MEM-2025-LOT7,M03,7,36,1,10
MEM-2025-LOT7,M03,8,36,1,10
MEM-2025-LOT7,M03,9,36,1,10
MEM-2025-LOT7,M03,10,36,4,20
MEM-2025-LOT7,M03,11,36,1,10
MEM-2025-LOT7,M03,12,36,1,10
MEM-2025-LOT7,M03,13,36,1,10
MEM-2025-LOT7,M03,14,36,1,10
MEM-2025-LOT7,M03,15,36,1,10
MEM-2025-LOT7,M03,16,36,1,10
MEM-2025-LOT7,M03,17,36,1,10
MEM-2025-LOT7,M03,18,36,2,20
MEM-2025-LOT7,M03,19,36,3,31
MEM-2025-LOT7,M03,20,36,4,21
MEM-2025-LOT7,M03,21,36,1,10
MEM-2025-LOT7,M03,-20,37,4,30
MEM-2025-LOT7,M03,-19,37,1,10
MEM-2025-LOT7,M03,-18,37,1,10
MEM-2025-LOT7,M03,-17,37,1,10
MEM-2025-LOT7,M03,-16,37,2,22
MEM-2025-LOT7,M03,-15,37,3,21
MEM-2025-LOT7,M03,-14,37,4,21
MEM-2025-LOT7,M03,-13,37,2,31
MEM-2025-LOT7,M03,-12,37,1,10
MEM-2025-LOT7,M03,-11,37,2,31
MEM-2025-LOT7,M03,-10,37,1,10
MEM-2025-LOT7,M03,-9,37,2,22
MEM-2025-LOT7,M03,-8,37,4,30
MEM-2025-LOT7,M03,-7,37,3,21
MEM-2025-LOT7,M03,-6,37,1,10
MEM-2025-LOT7,M03,-5,37,1,10
MEM-2025-LOT7,M03,-4,37,1,10
MEM-2025-LOT7,M03,-3,37,1,10
MEM-2025-LOT7,M03,-2,37,1,10
MEM-2025-LOT7,M03,-1,37,1,10
MEM-2025-LOT7,M03,0,37,1,10
MEM-2025-LOT7,M03,1,37,1,10
MEM-2025-LOT7,M03,2,37,1,10
MEM-2025-LOT7,M03,3,37,1,10
MEM-2025-LOT7,M03,4,37,1,10
MEM-2025-LOT7,M03,5,37,1,10
MEM-2025-LOT7,M03,6,37,1,10
MEM-2025-LOT7,M03,7,37,2,21
MEM-2025-LOT7,M03,8,37,2,21
MEM-2025-LOT7,M03,9,37,2,31
MEM-2025-LOT7,M03,10,37,3,30
MEM-2025-LOT7,M03,11,37,1,10
MEM-2025-LOT7,M03,12,37,1,10
MEM-2025-LOT7,M03,13,37,2,22
MEM-2025-LOT7,M03,14,37,3,20
MEM-2025-LOT7,M03,15,37,1,10
MEM-2025-LOT7,M03,16,37,4,21
MEM-2025-LOT7,M03,17,37,2,20
MEM-2025-LOT7,M03,18,37,2,22
MEM-2025-LOT7,M03,19,37,3,31
MEM-2025-LOT7,M03,20,37,4,20
MEM-2025-LOT7,M03,-20,38,1,10
MEM-2025-LOT7,M03,-19,38,1,10
MEM-2025-LOT7,M03,-18,38,4,30
MEM-2025-LOT7,M03,-17,38,1,10
MEM-2025-LOT7,M03,-16,38,2,22
MEM-2025-LOT7,M03,-15,38,1,10
MEM-2025-LOT7,M03,-14,38,3,31
MEM-2025-LOT7,M03,-13,38,3,30
MEM-2025-LOT7,M03,-12,38,2,20
MEM-2025-LOT7,M03,-11,38,1,10
MEM-2025-LOT7,M03,-10,38,1,10
MEM-2025-LOT7,M03,-9,38,2,22
MEM-2025-LOT7,M03,-8,38,1,10
MEM-2025-LOT7,M03,-7,38,2,30
MEM-2025-LOT7,M03,-6,38,1,10
MEM-2025-LOT7,M03,-5,38,1,10
MEM-2025-LOT7,M03,-4,38,2,31
MEM-2025-LOT7,M03,-3,38,2,21
MEM-2025-LOT7,M03,-2,38,1,10
MEM-2025-LOT7,M03,-1,38,4,30
MEM-2025-LOT7,M03,0,38,4,30
MEM-2025-LOT7,M03,1,38,1,10
MEM-2025-LOT7,M03,2,38,2,22
MEM-2025-LOT7,M03,3,38,1,10
MEM-2025-LOT7,M03,4,38,2,31
MEM-2025-LOT7,M03,5,38,3,22
MEM-2025-LOT7,M03,6,38,2,20
MEM-2025-LOT7,M03,7,38,1,10
MEM-2025-LOT7,M03,8,38,1,10
MEM-2025-LOT7,M03,9,38,3,30
MEM-2025-LOT7,M03,10,38,2,22
MEM-2025-LOT7,M03,11,38,2,21
MEM-2025-LOT7,M03,12,38,1,10
MEM-2025-LOT7,M03,13,38,1,10
MEM-2025-LOT7,M03,14,38,1,10
MEM-2025-LOT7,M03,15,38,2,22
MEM-2025-LOT7,M03,16,38,1,10
MEM-2025-LOT7,M03,17,38,1,10
MEM-2025-LOT7,M03,18,38,1,10
MEM-2025-LOT7,M03,19,38,1,10
MEM-2025-LOT7,M03,20,38,1,10
MEM-2025-LOT7,M03,-19,39,1,10
MEM-2025-LOT7,M03,-18,39,1,10
MEM-2025-LOT7,M03,-17,39,1,10
MEM-2025-LOT7,M03,-16,39,2,31
MEM-2025-LOT7,M03,-15,39,1,10
MEM-2025-LOT7,M03,-14,39,1,10
MEM-2025-LOT7,M03,-13,39,1,10
MEM-2025-LOT7,M03,-12,39,1,10
MEM-2025-LOT7,M03,-11,39,2,22
MEM-2025-LOT7,M03,-10,39,1,10
MEM-2025-LOT7,M03,-9,39,4,20
MEM-2025-LOT7,M03,-8,39,1,10
MEM-2025-LOT7,M03,-7,39,2,21
MEM-2025-LOT7,M03,-6,39,3,31
MEM-2025-LOT7,M03,-5,39,1,10
MEM-2025-LOT7,M03,-4,39,1,10
MEM-2025-LOT7,M03,-3,39,3,30
MEM-2025-LOT7,M03,-2,39,1,10
MEM-2025-LOT7,M03,-1,39,3,20
MEM-2025-LOT7,M03,0,39,2,31
MEM-2025-LOT7,M03,1,39,1,10
MEM-2025-LOT7,M03,2,39,1,10
MEM-2025-LOT7,M03,3,39,1,10
MEM-2025-LOT7,M03,4,39,4,30
MEM-2025-LOT7,M03,5,39,2,22
MEM-2025-LOT7,M03,6,39,1,10
MEM-2025-LOT7,M03,7,39,1,10
MEM-2025-LOT7,M03,8,39,1,10
MEM-2025-LOT7,M03,9,39,3,30
MEM-2025-LOT7,M03,10,39,3,21
MEM-2025-LOT7,M03,11,39,2,22
MEM-2025-LOT7,M03,12,39,1,10
MEM-2025-LOT7,M03,13,39,2,30
MEM-2025-LOT7,M03,14,39,1,10
MEM-2025-LOT7,M03,15,39,1,10
MEM-2025-LOT7,M03,16,39,1,10
MEM-2025-LOT7,M03,17,39,2,21
MEM-2025-LOT7,M03,18,39,1,10
MEM-2025-LOT7,M03,19,39,1,10
MEM-2025-LOT7,M03,-18,40,1,10
MEM-2025-LOT7,M03,-17,40,2,21
MEM-2025-LOT7,M03,-16,40,1,10
MEM-2025-LOT7,M03,-15,40,3,30
MEM-2025-LOT7,M03,-14,40,1,10
MEM-2025-LOT7,M03,-13,40,1,10
MEM-2025-LOT7,M03,-12,40,1,10
MEM-2025-LOT7,M03,-11,40,1,10
MEM-2025-LOT7,M03,-10,40,1,10
MEM-2025-LOT7,M03,-9,40,2,30
MEM-2025-LOT7,M03,-8,40,3,22
MEM-2025-LOT7,M03,-7,40,1,10
MEM-2025-LOT7,M03,-6,40,4,31
MEM-2025-LOT7,M03,-5,40,2,30
MEM-2025-LOT7,M03,-4,40,1,10
MEM-2025-LOT7,M03,-3,40,3,30
MEM-2025-LOT7,M03,-2,40,2,21
MEM-2025-LOT7,M03,-1,40,2,21
MEM-2025-LOT7,M03,0,40,1,10
MEM-2025-LOT7,M03,1,40,1,10
MEM-2025-LOT7,M03,2,40,1,10
MEM-2025-LOT7,M03,3,40,2,31
MEM-2025-LOT7,M03,4,40,2,22
MEM-2025-LOT7,M03,5,40,3,21
MEM-2025-LOT7,M03,6,40,1,10
MEM-2025-LOT7,M03,7,40,4,30
MEM-2025-LOT7,M03,8,40,1,10
MEM-2025-LOT7,M03,9,40,3,30
MEM-2025-LOT7,M03,10,40,1,10
MEM-2025-LOT7,M03,11,40,2,20
MEM-2025-LOT7,M03,12,40,1,10
MEM-2025-LOT7,M03,13,40,1,10
MEM-2025-LOT7,M03,14,40,1,10
MEM-2025-LOT7,M03,15,40,4,20
MEM-2025-LOT7,M03,16,40,3,22
MEM-2025-LOT7,M03,17,40,1,10
MEM-2025-LOT7,M03,18,40,1,10
MEM-2025-LOT7,M03,-17,41,2,20
MEM-2025-LOT7,M03,-16,41,3,20
MEM-2025-LOT7,M03,-15,41,3,22
MEM-2025-LOT7,M03,-14,41,1,10
MEM-2025-LOT7,M03,-13,41,3,20
MEM-2025-LOT7,M03,-12,41,1,10
MEM-2025-LOT7,M03,-11,41,1,10
MEM-2025-LOT7,M03,-10,41,2,20
MEM-2025-LOT7,M03,-9,41,1,10
MEM-2025-LOT7,M03,-8,41,2,20
MEM-2025-LOT7,M03,-7,41,1,10
MEM-2025-LOT7,M03,-6,41,1,10
MEM-2025-LOT7,M03,-5,41,2,30
MEM-2025-LOT7,M03,-4,41,1,10
MEM-2025-LOT7,M03,-3,41,1,10
MEM-2025-LOT7,M03,-2,41,2,30
MEM-2025-LOT7,M03,-1,41,1,10
MEM-2025-LOT7,M03,0,41,1,10
MEM-2025-LOT7,M03,1,41,1,10
MEM-2025-LOT7,M03,2,41,1,10
MEM-2025-LOT7,M03,3,41,1,10
MEM-2025-LOT7,M03,4,41,2,22
MEM-2025-LOT7,M03,5,41,1,10
MEM-2025-LOT7,M03,6,41,4,20
MEM-2025-LOT7,M03,7,41,4,31
MEM-2025-LOT7,M03,8,41,2,20
MEM-2025-LOT7,M03,9,41,1,10
MEM-2025-LOT7,M03,10,41,1,10
MEM-2025-LOT7,M03,11,41,2,21
MEM-2025-LOT7,M03,12,41,1,10
MEM-2025-LOT7,M03,13,41,2,20
MEM-2025-LOT7,M03,14,41,1,10
MEM-2025-LOT7,M03,15,41,1,10
MEM-2025-LOT7,M03,16,41,1,10
MEM-2025-LOT7,M03,17,41,1,10
MEM-2025-LOT7,M03,-16,42,1,10
MEM-2025-LOT7,M03,-15,42,2,20
MEM-2025-LOT7,M03,-14,42,1,10
MEM-2025-LOT7,M03,-13,42,1,10
MEM-2025-LOT7,M03,-12,42,3,20
MEM-2025-LOT7,M03,-11,42,2,20
MEM-2025-LOT7,M03,-10,42,2,30
MEM-2025-LOT7,M03,-9,42,1,10
MEM-2025-LOT7,M03,-8,42,3,20
MEM-2025-LOT7,M03,-7,42,1,10
MEM-2025-LOT7,M03,-6,42,3,30
MEM-2025-LOT7,M03,-5,42,2,22
MEM-2025-LOT7,M03,-4,42,2,21
MEM-2025-LOT7,M03,-3,42,1,10
MEM-2025-LOT7,M03,-2,42,1,10
MEM-2025-LOT7,M03,-1,42,4,22
MEM-2025-LOT7,M03,0,42,1,10
MEM-2025-LOT7,M03,1,42,1,10
MEM-2025-LOT7,M03,2,42,2,31
MEM-2025-LOT7,M03,3,42,1,10
MEM-2025-LOT7,M03,4,42,2,22
MEM-2025-LOT7,M03,5,42,1,10
MEM-2025-LOT7,M03,6,42,1,10
MEM-2025-LOT7,M03,7,42,2,21
MEM-2025-LOT7,M03,8,42,1,10
MEM-2025-LOT7,M03,9,42,1,10
MEM-2025-LOT7,M03,10,42,2,30
MEM-2025-LOT7,M03,11,42,1,10
MEM-2025-LOT7,M03,12,42,3,20
MEM-2025-LOT7,M03,13,42,1,10
MEM-2025-LOT7,M03,14,42,1,10
MEM-2025-LOT7,M03,15,42,1,10
MEM-2025-LOT7,M03,16,42,2,30
MEM-2025-LOT7,M03,-14,43,1,10
MEM-2025-LOT7,M03,-13,43,2,22
MEM-2025-LOT7,M03,-12,43,1,10
MEM-2025-LOT7,M03,-11,43,1,10
MEM-2025-LOT7,M03,-10,43,1,10
MEM-2025-LOT7,M03,-9,43,4,22
MEM-2025-LOT7,M03,-8,43,2,31
MEM-2025-LOT7,M03,-7,43,1,10
MEM-2025-LOT7,M03,-6,43,1,10
MEM-2025-LOT7,M03,-5,43,1,10
MEM-2025-LOT7,M03,-4,43,1,10
MEM-2025-LOT7,M03,-3,43,1,10
MEM-2025-LOT7,M03,-2,43,4,30
MEM-2025-LOT7,M03,-1,43,3,21
MEM-2025-LOT7,M03,0,43,1,10
MEM-2025-LOT7,M03,1,43,2,22
MEM-2025-LOT7,M03,2,43,2,30
MEM-2025-LOT7,M03,3,43,4,22
MEM-2025-LOT7,M03,4,43,1,10
MEM-2025-LOT7,M03,5,43,1,10
MEM-2025-LOT7,M03,6,43,1,10
MEM-2025-LOT7,M03,7,43,1,10
MEM-2025-LOT7,M03,8,43,3,22
MEM-2025-LOT7,M03,9,43,1,10
MEM-2025-LOT7,M03,10,43,1,10
MEM-2025-LOT7,M03,11,43,1,10
MEM-2025-LOT7,M03,12,43,4,20
MEM-2025-LOT7,M03,13,43,2,30
MEM-2025-LOT7,M03,14,43,1,10
MEM-2025-LOT7,M03,-13,44,4,31
MEM-2025-LOT7,M03,-12,44,1,10
MEM-2025-LOT7,M03,-11,44,1,10
MEM-2025-LOT7,M03,-10,44,1,10
MEM-2025-LOT7,M03,-9,44,1,10
MEM-2025-LOT7,M03,-8,44,1,10
MEM-2025-LOT7,M03,-7,44,1,10
MEM-2025-LOT7,M03,-6,44,1,10
MEM-2025-LOT7,M03,-5,44,4,31
MEM-2025-LOT7,M03,-4,44,2,20
MEM-2025-LOT7,M03,-3,44,1,10
MEM-2025-LOT7,M03,-2,44,1,10
MEM-2025-LOT7,M03,-1,44,4,21
MEM-2025-LOT7,M03,0,44,1,10
MEM-2025-LOT7,M03,1,44,1,10
MEM-2025-LOT7,M03,2,44,1,10
MEM-2025-LOT7,M03,3,44,1,10
MEM-2025-LOT7,M03,4,44,1,10
MEM-2025-LOT7,M03,5,44,3,20
MEM-2025-LOT7,M03,6,44,4,31
MEM-2025-LOT7,M03,7,44,2,22
MEM-2025-LOT7,M03,8,44,1,10
MEM-2025-LOT7,M03,9,44,2,22
MEM-2025-LOT7,M03,10,44,1,10
MEM-2025-LOT7,M03,11,44,1,10
MEM-2025-LOT7,M03,12,44,1,10
MEM-2025-LOT7,M03,13,44,1,10
MEM-2025-LOT7,M03,-12,45,1,10
MEM-2025-LOT7,M03,-11,45,1,10
MEM-2025-LOT7,M03,-10,45,1,10
MEM-2025-LOT7,M03,-9,45,3,22
MEM-2025-LOT7,M03,-8,45,2,22
MEM-2025-LOT7,M03,-7,45,3,31
MEM-2025-LOT7,M03,-6,45,2,30
MEM-2025-LOT7,M03,-5,45,1,10
MEM-2025-LOT7,M03,-4,45,3,21
MEM-2025-LOT7,M03,-3,45,1,10
MEM-2025-LOT7,M03,-2,45,1,10
MEM-2025-LOT7,M03,-1,45,4,22
MEM-2025-LOT7,M03,0,45,3,21
MEM-2025-LOT7,M03,1,45,4,22
MEM-2025-LOT7,M03,2,45,2,30
MEM-2025-LOT7,M03,3,45,1,10
MEM-2025-LOT7,M03,4,45,2,31
MEM-2025-LOT7,M03,5,45,2,21
MEM-2025-LOT7,M03,6,45,2,30
MEM-2025-LOT7,M03,7,45,1,10
MEM-2025-LOT7,M03,8,45,3,21
MEM-2025-LOT7,M03,9,45,2,20
MEM-2025-LOT7,M03,10,45,3,20
MEM-2025-LOT7,M03,11,45,1,10
MEM-2025-LOT7,M03,12,45,1,10
MEM-2025-LOT7,M03,-10,46,2,30
MEM-2025-LOT7,M03,-9,46,1,10
MEM-2025-LOT7,M03,-8,46,1,10
MEM-2025-LOT7,M03,-7,46,1,10
MEM-2025-LOT7,M03,-6,46,1,10
MEM-2025-LOT7,M03,-5,46,1,10
MEM-2025-LOT7,M03,-4,46,1,10
MEM-2025-LOT7,M03,-3,46,1,10
MEM-2025-LOT7,M03,-2,46,1,10
MEM-2025-LOT7,M03,-1,46,1,10
MEM-2025-LOT7,M03,0,46,3,31
MEM-2025-LOT7,M03,1,46,3,31
MEM-2025-LOT7,M03,2,46,1,10
MEM-2025-LOT7,M03,3,46,1,10
MEM-2025-LOT7,M03,4,46,1,10
MEM-2025-LOT7,M03,5,46,1,10
MEM-2025-LOT7,M03,6,46,1,10
MEM-2025-LOT7,M03,7,46,1,10
MEM-2025-LOT7,M03,8,46,1,10
MEM-2025-LOT7,M03,9,46,1,10
MEM-2025-LOT7,M03,10,46,4,20
MEM-2025-LOT7,M03,-7,47,4,31
MEM-2025-LOT7,M03,-6,47,1,10
MEM-2025-LOT7,M03,-5,47,2,31
MEM-2025-LOT7,M03,-4,47,1,10
MEM-2025-LOT7,M03,-3,47,2,22
MEM-2025-LOT7,M03,-2,47,4,30
MEM-2025-LOT7,M03,-1,47,2,21
MEM-2025-LOT7,M03,0,47,1,10
MEM-2025-LOT7,M03,1,47,1,10
MEM-2025-LOT7,M03,2,47,1,10
MEM-2025-LOT7,M03,3,47,1,10
MEM-2025-LOT7,M03,4,47,2,31
MEM-2025-LOT7,M03,5,47,1,10
MEM-2025-LOT7,M03,6,47,1,10
MEM-2025-LOT7,M03,7,47,1,10
MEM-2025-LOT7,M03,-4,48,1,10
MEM-2025-LOT7,M03,-3,48,1,10
MEM-2025-LOT7,M03,-2,48,2,21
MEM-2025-LOT7,M03,-1,48,1,10
MEM-2025-LOT7,M03,0,48,4,22
MEM-2025-LOT7,M03,1,48,2,21
MEM-2025-LOT7,M03,2,48,2,22
MEM-2025-LOT7,M03,3,48,1,10
MEM-2025-LOT7,M03,4,48,3,22
MEM-2025-LOT7,M04,-4,-48,2,20
MEM-2025-LOT7,M04,-3,-48,1,10
MEM-2025-LOT7,M04,-2,-48,2,21
MEM-2025-LOT7,M04,-1,-48,1,10
MEM-2025-LOT7,M04,0,-48,1,10
MEM-2025-LOT7,M04,1,-48,2,22
MEM-2025-LOT7,M04,2,-48,1,10
MEM-2025-LOT7,M04,3,-48,2,30
MEM-2025-LOT7,M04,4,-48,1,10
MEM-2025-LOT7,M04,-7,-47,1,10
MEM-2025-LOT7,M04,-6,-47,1,10
MEM-2025-LOT7,M04,-5,-47,1,10
MEM-2025-LOT7,M04,-4,-47,1,10
MEM-2025-LOT7,M04,-3,-47,1,10
MEM-2025-LOT7,M04,-2,-47,1,10
MEM-2025-LOT7,M04,-1,-47,3,21
MEM-2025-LOT7,M04,0,-47,4,22
MEM-2025-LOT7,M04,1,-47,2,31
MEM-2025-LOT7,M04,2,-47,2,30
MEM-2025-LOT7,M04,3,-47,4,31
MEM-2025-LOT7,M04,4,-47,1,10
MEM-2025-LOT7,M04,5,-47,3,21
MEM-2025-LOT7,M04,6,-47,3,30
MEM-2025-LOT7,M04,7,-47,1,10
MEM-2025-LOT7,M04,-10,-46,1,10
MEM-2025-LOT7,M04,-9,-46,2,31
MEM-2025-LOT7,M04,-8,-46,1,10
MEM-2025-LOT7,M04,-7,-46,1,10
MEM-2025-LOT7,M04,-6,-46,3,21
MEM-2025-LOT7,M04,-5,-46,1,10
MEM-2025-LOT7,M04,-4,-46,1,10
MEM-2025-LOT7,M04,-3,-46,2,22
MEM-2025-LOT7,M04,-2,-46,2,21
MEM-2025-LOT7,M04,-1,-46,1,10
MEM-2025-LOT7,M04,0,-46,2,22
MEM-2025-LOT7,M04,1,-46,3,22
MEM-2025-LOT7,M04,2,-46,1,10
MEM-2025-LOT7,M04,3,-46,1,10
MEM-2025-LOT7,M04,4,-46,4,31
MEM-2025-LOT7,M04,5,-46,1,10
MEM-2025-LOT7,M04,6,-46,2,31
MEM-2025-LOT7,M04,7,-46,2,22
MEM-2025-LOT7,M04,8,-46,1,10
MEM-2025-LOT7,M04,9,-46,4,20
MEM-2025-LOT7,M04,10,-46,1,10
MEM-2025-LOT7,M04,-12,-45,2,31
MEM-2025-LOT7,M04,-11,-45,1,10
MEM-2025-LOT7,M04,-10,-45,2,22
MEM-2025-LOT7,M04,-9,-45,3,20
MEM-2025-LOT7,M04,-8,-45,4,31
MEM-2025-LOT7,M04,-7,-45,4,22
MEM-2025-LOT7,M04,-6,-45,1,10
MEM-2025-LOT7,M04,-5,-45,2,21
MEM-2025-LOT7,M04,-4,-45,2,22
MEM-2025-LOT7,M04,-3,-45,1,10
MEM-2025-LOT7,M04,-2,-45,1,10
MEM-2025-LOT7,M04,-1,-45,4,30
MEM-2025-LOT7,M04,0,-45,4,31
MEM-2025-LOT7,M04,1,-45,1,10
MEM-2025-LOT7,M04,2,-45,1,10
MEM-2025-LOT7,M04,3,-45,1,10
MEM-2025-LOT7,M04,4,-45,3,31
MEM-2025-LOT7,M04,5,-45,3,20
MEM-2025-LOT7,M04,6,-45,1,10
MEM-2025-LOT7,M04,7,-45,1,10
MEM-2025-LOT7,M04,8,-45,2,22
MEM-2025-LOT7,M04,9,-45,1,10
MEM-2025-LOT7,M04,10,-45,2,21
MEM-2025-LOT7,M04,11,-45,2,20
MEM-2025-LOT7,M04,12,-45,3,31
MEM-2025-LOT7,M04,-13,-44,3,20
MEM-2025-LOT7,M04,-12,-44,2,30
MEM-2025-LOT7,M04,-11,-44,2,31
MEM-2025-LOT7,M04,-10,-44,2,31
MEM-2025-LOT7,M04,-9,-44,1,10
MEM-2025-LOT7,M04,-8,-44,2,30
MEM-2025-LOT7,M04,-7,-44,1,10
MEM-2025-LOT7,M04,-6,-44,4,21
MEM-2025-LOT7,M04,-5,-44,1,10
MEM-2025-LOT7,M04,-4,-44,1,10
MEM-2025-LOT7,M04,-3,-44,2,20
MEM-2025-LOT7,M04,-2,-44,1,10
MEM-2025-LOT7,M04,-1,-44,2,22
MEM-2025-LOT7,M04,0,-44,1,10
MEM-2025-LOT7,M04,1,-44,1,10
MEM-2025-LOT7,M04,2,-44,2,30
MEM-2025-LOT7,M04,3,-44,4,31
MEM-2025-LOT7,M04,4,-44,1,10
MEM-2025-LOT7,M04,5,-44,1,10
MEM-2025-LOT7,M04,6,-44,1,10
MEM-2025-LOT7,M04,7,-44,1,10
MEM-2025-LOT7,M04,8,-44,2,22
MEM-2025-LOT7,M04,9,-44,4,22
MEM-2025-LOT7,M04,10,-44,4,21
MEM-2025-LOT7,M04,11,-44,2,31
MEM-2025-LOT7,M04,12,-44,1,10
MEM-2025-LOT7,M04,13,-44,2,30
MEM-2025-LOT7,M04,-14,-43,2,30
MEM-2025-LOT7,M04,-13,-43,3,30
MEM-2025-LOT7,M04,-12,-43,4,22
MEM-2025-LOT7,M04,-11,-43,3,20
MEM-2025-LOT7,M04,-10,-43,1,10
MEM-2025-LOT7,M04,-9,-43,1,10
MEM-2025-LOT7,M04,-8,-43,1,10
MEM-2025-LOT7,M04,-7,-43,1,10
MEM-2025-LOT7,M04,-6,-43,1,10
MEM-2025-LOT7,M04,-5,-43,1,10
MEM-2025-LOT7,M04,-4,-43,1,10
MEM-2025-LOT7,M04,-3,-43,1,10
MEM-2025-LOT7,M04,-2,-43,1,10
MEM-2025-LOT7,M04,-1,-43,3,30
MEM-2025-LOT7,M04,0,-43,4,21
MEM-2025-LOT7,M04,1,-43,1,10
MEM-2025-LOT7,M04,2,-43,4,22
MEM-2025-LOT7,M04,3,-43,2,30
MEM-2025-LOT7,M04,4,-43,1,10
MEM-2025-LOT7,M04,5,-43,2,22
MEM-2025-LOT7,M04,6,-43,1,10
MEM-2025-LOT7,M04,7,-43,1,10
MEM-2025-LOT7,M04,8,-43,3,30
MEM-2025-LOT7,M04,9,-43,2,22
MEM-2025-LOT7,M04,10,-43,1,10
MEM-2025-LOT7,M04,11,-43,2,30
MEM-2025-LOT7,M04,12,-43,2,31
MEM-2025-LOT7,M04,13,-43,1,10
MEM-2025-LOT7,M04,14,-43,2,22
MEM-2025-LOT7,M04,-16,-42,1,10
MEM-2025-LOT7,M04,-15,-42,3,31
MEM-2025-LOT7,M04,-14,-42,4,20
MEM-2025-LOT7,M04,-13,-42,3,30
MEM-2025-LOT7,M04,-12,-42,2,22
MEM-2025-LOT7,M04,-11,-42,2,21
MEM-2025-LOT7,M04,-10,-42,2,30
MEM-2025-LOT7,M04,-9,-42,2,20
MEM-2025-LOT7,M04,-8,-42,2,20
MEM-2025-LOT7,M04,-7,-42,3,30
MEM-2025-LOT7,M04,-6,-42,1,10
MEM-2025-LOT7,M04,-5,-42,3,21
MEM-2025-LOT7,M04,-4,-42,1,10
MEM-2025-LOT7,M04,-3,-42,1,10
MEM-2025-LOT7,M04,-2,-42,2,21
MEM-2025-LOT7,M04,-1,-42,1,10
MEM-2025-LOT7,M04,0,-42,1,10
MEM-2025-LOT7,M04,1,-42,1,10
MEM-2025-LOT7,M04,2,-42,2,20
MEM-2025-LOT7,M04,3,-42,1,10
MEM-2025-LOT7,M04,4,-42,1,10
MEM-2025-LOT7,M04,5,-42,1,10
MEM-2025-LOT7,M04,6,-42,2,30
MEM-2025-LOT7,M04,7,-42,4,31
MEM-2025-LOT7,M04,8,-42,2,21
MEM-2025-LOT7,M04,9,-42,1,10
MEM-2025-LOT7,M04,10,-42,2,20
MEM-2025-LOT7,M04,11,-42,1,10
MEM-2025-LOT7,M04,12,-42,1,10
MEM-2025-LOT7,M04,13,-42,2,20
MEM-2025-LOT7,M04,14,-42,2,21
MEM-2025-LOT7,M04,15,-42,4,30
MEM-2025-LOT7,M04,16,-42,1,10
MEM-2025-LOT7,M04,-17,-41,1,10
MEM-2025-LOT7,M04,-16,-41,2,22
MEM-2025-LOT7,M04,-15,-41,4,21
MEM-2025-LOT7,M04,-14,-41,2,22
MEM-2025-LOT7,M04,-13,-41,1,10
MEM-2025-LOT7,M04,-12,-41,1,10
MEM-2025-LOT7,M04,-11,-41,1,10
MEM-2025-LOT7,M04,-10,-41,2,30
MEM-2025-LOT7,M04,-9,-41,3,21
MEM-2025-LOT7,M04,-8,-41,3,30
MEM-2025-LOT7,M04,-7,-41,1,10
MEM-2025-LOT7,M04,-6,-41,1,10
MEM-2025-LOT7,M04,-5,-41,1,10
MEM-2025-LOT7,M04,-4,-41,2,21
MEM-2025-LOT7,M04,-3,-41,2,20
MEM-2025-LOT7,M04,-2,-41,1,10
MEM-2025-LOT7,M04,-1,-41,2,30
MEM-2025-LOT7,M04,0,-41,1,10
MEM-2025-LOT7,M04,1,-41,2,21
MEM-2025-LOT7,M04,2,-41,3,30
MEM-2025-LOT7,M04,3,-41,1,10
MEM-2025-LOT7,M04,4,-41,1,10
MEM-2025-LOT7,M04,5,-41,1,10
MEM-2025-LOT7,M04,6,-41,4,30
MEM-2025-LOT7,M04,7,-41,1,10
MEM-2025-LOT7,M04,8,-41,1,10
MEM-2025-LOT7,M04,9,-41,1,10
MEM-2025-LOT7,M04,10,-41,2,31
MEM-2025-LOT7,M04,11,-41,1,10
MEM-2025-LOT7,M04,12,-41,1,10
MEM-2025-LOT7,M04,13,-41,3,30
MEM-2025-LOT7,M04,14,-41,4,21
MEM-2025-LOT7,M04,15,-41,1,10
MEM-2025-LOT7,M04,16,-41,1,10
MEM-2025-LOT7,M04,17,-41,1,10
MEM-2025-LOT7,M04,-18,-40,4,30
MEM-2025-LOT7,M04,-17,-40,1,10
MEM-2025-LOT7,M04,-16,-40,2,30
MEM-2025-LOT7,M04,-15,-40,1,10
MEM-2025-LOT7,M04,-14,-40,1,10
MEM-2025-LOT7,M04,-13,-40,1,10
MEM-2025-LOT7,M04,-12,-40,4,30
MEM-2025-LOT7,M04,-11,-40,1,10
MEM-2025-LOT7,M04,-10,-40,4,30
MEM-2025-LOT7,M04,-9,-40,1,10
MEM-2025-LOT7,M04,-8,-40,4,31
MEM-2025-LOT7,M04,-7,-40,1,10
MEM-2025-LOT7,M04,-6,-40,2,30
MEM-2025-LOT7,M04,-5,-40,1,10
MEM-2025-LOT7,M04,-4,-40,1,10
MEM-2025-LOT7,M04,-3,-40,1,10
MEM-2025-LOT7,M04,-2,-40,1,10
MEM-2025-LOT7,M04,-1,-40,1,10
MEM-2025-LOT7,M04,0,-40,1,10
MEM-2025-LOT7,M04,1,-40,1,10
MEM-2025-LOT7,M04,2,-40,4,31
MEM-2025-LOT7,M04,3,-40,1,10
MEM-2025-LOT7,M04,4,-40,2,21
MEM-2025-LOT7,M04,5,-40,1,10
MEM-2025-LOT7,M04,6,-40,1,10
MEM-2025-LOT7,M04,7,-40,1,10
MEM-2025-LOT7,M04,8,-40,1,10
MEM-2025-LOT7,M04,9,-40,3,22
MEM-2025-LOT7,M04,10,-40,1,10
MEM-2025-LOT7,M04,11,-40,3,31
MEM-2025-LOT7,M04,12,-40,3,30
MEM-2025-LOT7,M04,13,-40,2,30
MEM-2025-LOT7,M04,14,-40,1,10
MEM-2025-LOT7,M04,15,-40,1,10
MEM-2025-LOT7,M04,16,-40,2,20
MEM-2025-LOT7,M04,17,-40,2,20
MEM-2025-LOT7,M04,18,-40,1,10
MEM-2025-LOT7,M04,-19,-39,2,20
MEM-2025-LOT7,M04,-18,-39,2,20
MEM-2025-LOT7,M04,-17,-39,1,10
MEM-2025-LOT7,M04,-16,-39,2,22
MEM-2025-LOT7,M04,-15,-39,2,31
MEM-2025-LOT7,M04,-14,-39,1,10
MEM-2025-LOT7,M04,-13,-39,3,22
MEM-2025-LOT7,M04,-12,-39,1,10
MEM-2025-LOT7,M04,-11,-39,1,10
MEM-2025-LOT7,M04,-10,-39,2,22
MEM-2025-LOT7,M04,-9,-39,1,10
MEM-2025-LOT7,M04,-8,-39,1,10
MEM-2025-LOT7,M04,-7,-39,1,10
MEM-2025-LOT7,M04,-6,-39,1,10
MEM-2025-LOT7,M04,-5,-39,4,30
MEM-2025-LOT7,M04,-4,-39,1,10
MEM-2025-LOT7,M04,-3,-39,1,10
MEM-2025-LOT7,M04,-2,-39,2,31
MEM-2025-LOT7,M04,-1,-39,3,22
MEM-2025-LOT7,M04,0,-39,2,30
MEM-2025-LOT7,M04,1,-39,1,10
MEM-2025-LOT7,M04,2,-39,4,20
MEM-2025-LOT7,M04,3,-39,1,10
MEM-2025-LOT7,M04,4,-39,1,10
MEM-2025-LOT7,M04,5,-39,2,30
MEM-2025-LOT7,M04,6,-39,1,10
MEM-2025-LOT7,M04,7,-39,4,31
MEM-2025-LOT7,M04,8,-39,1,10
MEM-2025-LOT7,M04,9,-39,2,20
MEM-2025-LOT7,M04,10,-39,2,21
MEM-2025-LOT7,M04,11,-39,1,10
MEM-2025-LOT7,M04,12,-39,1,10
MEM-2025-LOT7,M04,13,-39,2,20
MEM-2025-LOT7,M04,14,-39,1,10
MEM-2025-LOT7,M04,15,-39,1,10
MEM-2025-LOT7,M04,16,-39,2,20
MEM-2025-LOT7,M04,17,-39,2,20
MEM-2025-LOT7,M04,18,-39,1,10
MEM-2025-LOT7,M04,19,-39,1,10
MEM-2025-LOT7,M04,-20,-38,1,10
MEM-2025-LOT7,M04,-19,-38,1,10
MEM-2025-LOT7,M04,-18,-38,1,10
MEM-2025-LOT7,M04,-17,-38,1,10
MEM-2025-LOT7,M04,-16,-38,2,22
MEM-2025-LOT7,M04,-15,-38,2,31
MEM-2025-LOT7,M04,-14,-38,1,10
MEM-2025-LOT7,M04,-13,-38,1,10
MEM-2025-LOT7,M04,-12,-38,1,10
MEM-2025-LOT7,M04,-11,-38,3,31
MEM-2025-LOT7,M04,-10,-38,1,10
MEM-2025-LOT7,M04,-9,-38,1,10
MEM-2025-LOT7,M04,-8,-38,1,10
MEM-2025-LOT7,M04,-7,-38,1,10
MEM-2025-LOT7,M04,-6,-38,2,20
MEM-2025-LOT7,M04,-5,-38,3,30
MEM-2025-LOT7,M04,-4,-38,1,10
MEM-2025-LOT7,M04,-3,-38,1,10
MEM-2025-LOT7,M04,-2,-38,3,30
MEM-2025-LOT7,M04,-1,-38,2,22
MEM-2025-LOT7,M04,0,-38,1,10
MEM-2025-LOT7,M04,1,-38,1,10
MEM-2025-LOT7,M04,2,-38,3,30
MEM-2025-LOT7,M04,3,-38,1,10
MEM-2025-LOT7,M04,4,-38,1,10
MEM-2025-LOT7,M04,5,-38,1,10
MEM-2025-LOT7,M04,6,-38,1,10
MEM-2025-LOT7,M04,7,-38,1,10
MEM-2025-LOT7,M04,8,-38,4,21
MEM-2025-LOT7,M04,9,-38,2,21
MEM-2025-LOT7,M04,10,-38,1,10
MEM-2025-LOT7,M04,11,-38,1,10
MEM-2025-LOT7,M04,12,-38,2,21
MEM-2025-LOT7,M04,13,-38,2,31
MEM-2025-LOT7,M04,14,-38,1,10
MEM-2025-LOT7,M04,15,-38,2,20
MEM-2025-LOT7,M04,16,-38,1,10
MEM-2025-LOT7,M04,17,-38,1,10
MEM-2025-LOT7,M04,18,-38,1,10
MEM-2025-LOT7,M04,19,-38,3,21
MEM-2025-LOT7,M04,20,-38,2,22
MEM-2025-LOT7,M04,-20,-37,1,10
MEM-2025-LOT7,M04,-19,-37,1,10
MEM-2025-LOT7,M04,-18,-37,3,21
MEM-2025-LOT7,M04,-17,-37,1,10
MEM-2025-LOT7,M04,-16,-37,1,10
MEM-2025-LOT7,M04,-15,-37,2,22
MEM-2025-LOT7,M04,-14,-37,2,21
MEM-2025-LOT7,M04,-13,-37,1,10
MEM-2025-LOT7,M04,-12,-37,3,31
MEM-2025-LOT7,M04,-11,-37,1,10
MEM-2025-LOT7,M04,-10,-37,1,10
MEM-2025-LOT7,M04,-9,-37,3,22
MEM-2025-LOT7,M04,-8,-37,2,22
MEM-2025-LOT7,M04,-7,-37,1,10
MEM-2025-LOT7,M04,-6,-37,3,22
MEM-2025-LOT7,M04,-5,-37,1,10
MEM-2025-LOT7,M04,-4,-37,1,10
MEM-2025-LOT7,M04,-3,-37,4,21
MEM-2025-LOT7,M04,-2,-37,1,10
MEM-2025-LOT7,M04,-1,-37,4,21
MEM-2025-LOT7,M04,0,-37,1,10
MEM-2025-LOT7,M04,1,-37,3,31
MEM-2025-LOT7,M04,2,-37,1,10
MEM-2025-LOT7,M04,3,-37,3,21
MEM-2025-LOT7,M04,4,-37,4,22
MEM-2025-LOT7,M04,5,-37,2,30
MEM-2025-LOT7,M04,6,-37,1,10
MEM-2025-LOT7,M04,7,-37,2,21
MEM-2025-LOT7,M04,8,-37,2,30
MEM-2025-LOT7,M04,9,-37,3,22
MEM-2025-LOT7,M04,10,-37,1,10
MEM-2025-LOT7,M04,11,-37,1,10
MEM-2025-LOT7,M04,12,-37,1,10
MEM-2025-LOT7,M04,13,-37,1,10
MEM-2025-LOT7,M04,14,-37,1,10
MEM-2025-LOT7,M04,15,-37,2,20
MEM-2025-LOT7,M04,16,-37,1,10
MEM-2025-LOT7,M04,17,-37,4,20
MEM-2025-LOT7,M04,18,-37,1,10
MEM-2025-LOT7,M04,19,-37,1,10
MEM-2025-LOT7,M04,20,-37,2,30
MEM-2025-LOT7,M04,-21,-36,1,10
MEM-2025-LOT7,M04,-20,-36,1,10
MEM-2025-LOT7,M04,-19,-36,2,30
MEM-2025-LOT7,M04,-18,-36,2,21
MEM-2025-LOT7,M04,-17,-36,1,10
MEM-2025-LOT7,M04,-16,-36,1,10
MEM-2025-LOT7,M04,-15,-36,4,22
MEM-2025-LOT7,M04,-14,-36,3,30
MEM-2025-LOT7,M04,-13,-36,1,10
MEM-2025-LOT7,M04,-12,-36,2,31
MEM-2025-LOT7,M04,-11,-36,2,20
MEM-2025-LOT7,M04,-10,-36,1,10
MEM-2025-LOT7,M04,-9,-36,1,10
MEM-2025-LOT7,M04,-8,-36,4,31
MEM-2025-LOT7,M04,-7,-36,1,10
MEM-2025-LOT7,M04,-6,-36,1,10
MEM-2025-LOT7,M04,-5,-36,1,10
MEM-2025-LOT7,M04,-4,-36,2,20
MEM-2025-LOT7,M04,-3,-36,1,10
MEM-2025-LOT7,M04,-2,-36,1,10
MEM-2025-LOT7,M04,-1,-36,1,10
MEM-2025-LOT7,M04,0,-36,1,10
MEM-2025-LOT7,M04,1,-36,1,10
MEM-2025-LOT7,M04,2,-36,1,10
MEM-2025-LOT7,M04,3,-36,3,20
MEM-2025-LOT7,M04,4,-36,1,10
MEM-2025-LOT7,M04,5,-36,1,10
MEM-2025-LOT7,M04,6,-36,1,10
MEM-2025-LOT7,M04,7,-36,2,20
MEM-2025-LOT7,M04,8,-36,1,10
MEM-2025-LOT7,M04,9,-36,1,10
MEM-2025-LOT7,M04,10,-36,1,10
MEM-2025-LOT7,M04,11,-36,1,10
MEM-2025-LOT7,M04,12,-36,4,22
MEM-2025-LOT7,M04,13,-36,2,20
MEM-2025-LOT7,M04,14,-36,2,22
MEM-2025-LOT7,M04,15,-36,1,10
MEM-2025-LOT7,M04,16,-36,2,31
MEM-2025-LOT7,M04,17,-36,1,10
MEM-2025-LOT7,M04,18,-36,2,22
MEM-2025-LOT7,M04,19,-36,2,30
MEM-2025-LOT7,M04,20,-36,3,22
MEM-2025-LOT7,M04,21,-36,2,21
MEM-2025-LOT7,M04,-22,-35,1,10
MEM-2025-LOT7,M04,-21,-35,3,31
MEM-2025-LOT7,M04,-20,-35,4,31
MEM-2025-LOT7,M04,-19,-35,4,31
MEM-2025-LOT7,M04,-18,-35,1,10
MEM-2025-LOT7,M04,-17,-35,2,31
MEM-2025-LOT7,M04,-16,-35,1,10
MEM-2025-LOT7,M04,-15,-35,1,10
MEM-2025-LOT7,M04,-14,-35,1,10
MEM-2025-LOT7,M04,-13,-35,1,10
MEM-2025-LOT7,M04,-12,-35,1,10
MEM-2025-LOT7,M04,-11,-35,2,31
MEM-2025-LOT7,M04,-10,-35,1,10
MEM-2025-LOT7,M04,-9,-35,1,10
MEM-2025-LOT7,M04,-8,-35,2,31
MEM-2025-LOT7,M04,-7,-35,1,10
MEM-2025-LOT7,M04,-6,-35,1,10
MEM-2025-LOT7,M04,-5,-35,1,10
MEM-2025-LOT7,M04,-4,-35,1,10
MEM-2025-LOT7,M04,-3,-35,1,10
MEM-2025-LOT7,M04,-2,-35,1,10
MEM-2025-LOT7,M04,-1,-35,3,21
MEM-2025-LOT7,M04,0,-35,1,10
MEM-2025-LOT7,M04,1,-35,1,10
MEM-2025-LOT7,M04,2,-35,1,10
MEM-2025-LOT7,M04,3,-35,1,10
MEM-2025-LOT7,M04,4,-35,1,10
MEM-2025-LOT7,M04,5,-35,1,10
MEM-2025-LOT7,M04,6,-35,1,10
MEM-2025-LOT7,M04,7,-35,2,22
MEM-2025-LOT7,M04,8,-35,1,10
MEM-2025-LOT7,M04,9,-35,4,20
MEM-2025-LOT7,M04,10,-35,1,10
MEM-2025-LOT7,M04,11,-35,2,22
MEM-2025-LOT7,M04,12,-35,4,31
MEM-2025-LOT7,M04,13,-35,3,30
MEM-2025-LOT7,M04,14,-35,1,10
MEM-2025-LOT7,M04,15,-35,1,10
MEM-2025-LOT7,M04,16,-35,1,10
MEM-2025-LOT7,M04,17,-35,1,10
MEM-2025-LOT7,M04,18,-35,1,10
MEM-2025-LOT7,M04,19,-35,1,10
MEM-2025-LOT7,M04,20,-35,1,10
MEM-2025-LOT7,M04,21,-35,2,30
MEM-2025-LOT7,M04,22,-35,1,10
MEM-2025-LOT7,M04,-23,-34,1,10
MEM-2025-LOT7,M04,-22,-34,1,10
MEM-2025-LOT7,M04,-21,-34,2,20
MEM-2025-LOT7,M04,-20,-34,1,10
MEM-2025-LOT7,M04,-19,-34,2,31
MEM-2025-LOT7,M04,-18,-34,1,10
MEM-2025-LOT7,M04,-17,-34,1,10
MEM-2025-LOT7,M04,-16,-34,1,10
MEM-2025-LOT7,M04,-15,-34,2,21
MEM-2025-LOT7,M04,-14,-34,4,21
MEM-2025-LOT7,M04,-13,-34,3,30
MEM-2025-LOT7,M04,-12,-34,4,21
MEM-2025-LOT7,M04,-11,-34,1,10
MEM-2025-LOT7,M04,-10,-34,1,10
MEM-2025-LOT7,M04,-9,-34,1,10
MEM-2025-LOT7,M04,-8,-34,1,10
MEM-2025-LOT7,M04,-7,-34,1,10
MEM-2025-LOT7,M04,-6,-34,1,10
MEM-2025-LOT7,M04,-5,-34,1,10
MEM-2025-LOT7,M04,-4,-34,1,10
MEM-2025-LOT7,M04,-3,-34,1,10
MEM-2025-LOT7,M04,-2,-34,1,10
MEM-2025-LOT7,M04,-1,-34,1,10
MEM-2025-LOT7,M04,0,-34,1,10
MEM-2025-LOT7,M04,1,-34,1,10
MEM-2025-LOT7,M04,2,-34,1,10
MEM-2025-LOT7,M04,3,-34,1,10
MEM-2025-LOT7,M04,4,-34,1,10
MEM-2025-LOT7,M04,5,-34,1,10
MEM-2025-LOT7,M04,6,-34,1,10
MEM-2025-LOT7,M04,7,-34,1,10
MEM-2025-LOT7,M04,8,-34,1,10
MEM-2025-LOT7,M04,9,-34,1,10
MEM-2025-LOT7,M04,10,-34,1,10
MEM-2025-LOT7,M04,11,-34,3,31
MEM-2025-LOT7,M04,12,-34,1,10
MEM-2025-LOT7,M04,13,-34,1,10
MEM-2025-LOT7,M04,14,-34,1,10
MEM-2025-LOT7,M04,15,-34,1,10
MEM-2025-LOT7,M04,16,-34,2,20
MEM-2025-LOT7,M04,17,-34,3,21
MEM-2025-LOT7,M04,18,-34,2,30
MEM-2025-LOT7,M04,19,-34,1,10
MEM-2025-LOT7,M04,20,-34,4,30
MEM-2025-LOT7,M04,21,-34,1,10
MEM-2025-LOT7,M04,22,-34,4,20
MEM-2025-LOT7,M04,23,-34,1,10
MEM-2025-LOT7,M04,-23,-33,1,10
MEM-2025-LOT7,M04,-22,-33,3,22
MEM-2025-LOT7,M04,-21,-33,2,21
MEM-2025-LOT7,M04,-20,-33,1,10
MEM-2025-LOT7,M04,-19,-33,4,30
MEM-2025-LOT7,M04,-18,-33,2,21
MEM-2025-LOT7,M04,-17,-33,1,10
MEM-2025-LOT7,M04,-16,-33,1,10
MEM-2025-LOT7,M04,-15,-33,2,22
MEM-2025-LOT7,M04,-14,-33,1,10
MEM-2025-LOT7,M04,-13,-33,1,10
MEM-2025-LOT7,M04,-12,-33,2,22
MEM-2025-LOT7,M04,-11,-33,1,10
MEM-2025-LOT7,M04,-10,-33,1,10
MEM-2025-LOT7,M04,-9,-33,1,10
MEM-2025-LOT7,M04,-8,-33,1,10
MEM-2025-LOT7,M04,-7,-33,1,10
MEM-2025-LOT7,M04,-6,-33,1,10
MEM-2025-LOT7,M04,-5,-33,1,10
MEM-2025-LOT7,M04,-4,-33,1,10
MEM-2025-LOT7,M04,-3,-33,1,10
MEM-2025-LOT7,M04,-2,-33,1,10
MEM-2025-LOT7,M04,-1,-33,1,10
MEM-2025-LOT7,M04,0,-33,1,10
MEM-2025-LOT7,M04,1,-33,1,10
MEM-2025-LOT7,M04,2,-33,1,10
MEM-2025-LOT7,M04,3,-33,1,10
MEM-2025-LOT7,M04,4,-33,1,10
MEM-2025-LOT7,M04,5,-33,1,10
MEM-2025-LOT7,M04,6,-33,1,10
MEM-2025-LOT7,M04,7,-33,1,10
MEM-2025-LOT7,M04,8,-33,1,10
MEM-2025-LOT7,M04,9,-33,1,10
MEM-2025-LOT7,M04,10,-33,1,10
MEM-2025-LOT7,M04,11,-33,1,10
MEM-2025-LOT7,M04,12,-33,1,10
MEM-2025-LOT7,M04,13,-33,2,20
MEM-2025-LOT7,M04,14,-33,2,20
MEM-2025-LOT7,M04,15,-33,3,20
MEM-2025-LOT7,M04,16,-33,1,10
MEM-2025-LOT7,M04,17,-33,1,10
MEM-2025-LOT7,M04,18,-33,1,10
MEM-2025-LOT7,M04,19,-33,1,10
MEM-2025-LOT7,M04,20,-33,2,22
MEM-2025-LOT7,M04,21,-33,3,20
MEM-2025-LOT7,M04,22,-33,2,31
MEM-2025-LOT7,M04,23,-33,1,10
MEM-2025-LOT7,M04,-24,-32,2,22
MEM-2025-LOT7,M04,-23,-32,1,10
MEM-2025-LOT7,M04,-22,-32,2,31
MEM-2025-LOT7,M04,-21,-32,1,10
MEM-2025-LOT7,M04,-20,-32,1,10
MEM-2025-LOT7,M04,-19,-32,2,22
MEM-2025-LOT7,M04,-18,-32,1,10
MEM-2025-LOT7,M04,-17,-32,1,10
MEM-2025-LOT7,M04,-16,-32,1,10
MEM-2025-LOT7,M04,-15,-32,1,10
MEM-2025-LOT7,M04,-14,-32,3,22
MEM-2025-LOT7,M04,-13,-32,1,10
MEM-2025-LOT7,M04,-12,-32,1,10
MEM-2025-LOT7,M04,-11,-32,1,10
MEM-2025-LOT7,M04,-10,-32,1,10
MEM-2025-LOT7,M04,-9,-32,1,10
MEM-2025-LOT7,M04,-8,-32,1,10
MEM-2025-LOT7,M04,-7,-32,1,10
MEM-2025-LOT7,M04,-6,-32,1,10
MEM-2025-LOT7,M04,-5,-32,1,10
MEM-2025-LOT7,M04,-4,-32,1,10
MEM-2025-LOT7,M04,-3,-32,1,10
MEM-2025-LOT7,M04,-2,-32,1,10
MEM-2025-LOT7,M04,-1,-32,1,10
MEM-2025-LOT7,M04,0,-32,1,10
MEM-2025-LOT7,M04,1,-32,1,10
MEM-2025-LOT7,M04,2,-32,1,10
MEM-2025-LOT7,M04,3,-32,1,10
MEM-2025-LOT7,M04,4,-32,1,10
MEM-2025-LOT7,M04,5,-32,1,10
MEM-2025-LOT7,M04,6,-32,1,10
MEM-2025-LOT7,M04,7,-32,1,10
MEM-2025-LOT7,M04,8,-32,1,10
MEM-2025-LOT7,M04,9,-32,1,10
MEM-2025-LOT7,M04,10,-32,1,10
MEM-2025-LOT7,M04,11,-32,1,10
MEM-2025-LOT7,M04,12,-32,1,10
MEM-2025-LOT7,M04,13,-32,1,10
MEM-2025-LOT7,M04,14,-32,1,10
MEM-2025-LOT7,M04,15,-32,1,10
MEM-2025-LOT7,M04,16,-32,1,10
MEM-2025-LOT7,M04,17,-32,1,10
MEM-2025-LOT7,M04,18,-32,1,10
MEM-2025-LOT7,M04,19,-32,2,21
MEM-2025-LOT7,M04,20,-32,4,31
MEM-2025-LOT7,M04,21,-32,3,30
MEM-2025-LOT7,M04,22,-32,3,22
MEM-2025-LOT7,M04,23,-32,1,10
MEM-2025-LOT7,M04,24,-32,3,31
MEM-2025-LOT7,M04,-24,-31,4,31
MEM-2025-LOT7,M04,-23,-31,2,20
MEM-2025-LOT7,M04,-22,-31,2,21
MEM-2025-LOT7,M04,-21,-31,1,10
MEM-2025-LOT7,M04,-20,-31,1,10
MEM-2025-LOT7,M04,-19,-31,1,10
MEM-2025-LOT7,M04,-18,-31,2,22
MEM-2025-LOT7,M04,-17,-31,3,30
MEM-2025-LOT7,M04,-16,-31,1,10
MEM-2025-LOT7,M04,-15,-31,1,10
MEM-2025-LOT7,M04,-14,-31,1,10
MEM-2025-LOT7,M04,-13,-31,3,31
MEM-2025-LOT7,M04,-12,-31,1,10
MEM-2025-LOT7,M04,-11,-31,1,10
MEM-2025-LOT7,M04,-10,-31,1,10
MEM-2025-LOT7,M04,-9,-31,1,10
MEM-2025-LOT7,M04,-8,-31,1,10
MEM-2025-LOT7,M04,-7,-31,1,10
MEM-2025-LOT7,M04,-6,-31,1,10
MEM-2025-LOT7,M04,-5,-31,1,10
MEM-2025-LOT7,M04,-4,-31,2,30
MEM-2025-LOT7,M04,-3,-31,1,10
MEM-2025-LOT7,M04,-2,-31,1,10
MEM-2025-LOT7,M04,-1,-31,1,10
MEM-2025-LOT7,M04,0,-31,1,10
MEM-2025-LOT7,M04,1,-31,1,10
MEM-2025-LOT7,M04,2,-31,1,10
MEM-2025-LOT7,M04,3,-31,1,10
MEM-2025-LOT7,M04,4,-31,1,10
MEM-2025-LOT7,M04,5,-31,1,10
MEM-2025-LOT7,M04,6,-31,1,10
MEM-2025-LOT7,M04,7,-31,1,10
MEM-2025-LOT7,M04,8,-31,1,10
MEM-2025-LOT7,M04,9,-31,1,10
MEM-2025-LOT7,M04,10,-31,1,10
MEM-2025-LOT7,M04,11,-31,1,10
MEM-2025-LOT7,M04,12,-31,1,10
MEM-2025-LOT7,M04,13,-31,1,10
MEM-2025-LOT7,M04,14,-31,2,22
MEM-2025-LOT7,M04,15,-31,3,31
MEM-2025-LOT7,M04,16,-31,1,10
MEM-2025-LOT7,M04,17,-31,2,22
MEM-2025-LOT7,M04,18,-31,2,22
MEM-2025-LOT7,M04,19,-31,1,10
MEM-2025-LOT7,M04,20,-31,3,22
MEM-2025-LOT7,M04,21,-31,1,10
MEM-2025-LOT7,M04,22,-31,2,22
MEM-2025-LOT7,M04,23,-31,1,10
MEM-2025-LOT7,M04,24,-31,4,21
MEM-2025-LOT7,M04,-25,-30,3,21
MEM-2025-LOT7,M04,-24,-30,3,20
MEM-2025-LOT7,M04,-23,-30,3,31
MEM-2025-LOT7,M04,-22,-30,4,21
MEM-2025-LOT7,M04,-21,-30,1,10
MEM-2025-LOT7,M04,-20,-30,1,10
MEM-2025-LOT7,M04,-19,-30,1,10
MEM-2025-LOT7,M04,-18,-30,1,10
MEM-2025-LOT7,M04,-17,-30,2,30
MEM-2025-LOT7,M04,-16,-30,1,10
MEM-2025-LOT7,M04,-15,-30,2,20
MEM-2025-LOT7,M04,-14,-30,1,10
MEM-2025-LOT7,M04,-13,-30,1,10
MEM-2025-LOT7,M04,-12,-30,1,10
MEM-2025-LOT7,M04,-11,-30,1,10
MEM-2025-LOT7,M04,-10,-30,1,10
MEM-2025-LOT7,M04,-9,-30,1,10
MEM-2025-LOT7,M04,-8,-30,1,10
MEM-2025-LOT7,M04,-7,-30,1,10
MEM-2025-LOT7,M04,-6,-30,1,10
MEM-2025-LOT7,M04,-5,-30,1,10
MEM-2025-LOT7,M04,-4,-30,1,10
MEM-2025-LOT7,M04,-3,-30,1,10
MEM-2025-LOT7,M04,-2,-30,1,10
MEM-2025-LOT7,M04,-1,-30,1,10
MEM-2025-LOT7,M04,0,-30,1,10
MEM-2025-LOT7,M04,1,-30,1,10
MEM-2025-LOT7,M04,2,-30,1,10
MEM-2025-LOT7,M04,3,-30,1,10
MEM-2025-LOT7,M04,4,-30,1,10
MEM-2025-LOT7,M04,5,-30,1,10
MEM-2025-LOT7,M04,6,-30,1,10
MEM-2025-LOT7,M04,7,-30,1,10
MEM-2025-LOT7,M04,8,-30,1,10
MEM-2025-LOT7,M04,9,-30,1,10
MEM-2025-LOT7,M04,10,-30,1,10
MEM-2025-LOT7,M04,11,-30,1,10
MEM-2025-LOT7,M04,12,-30,1,10
MEM-2025-LOT7,M04,13,-30,1,10
MEM-2025-LOT7,M04,14,-30,2,22
MEM-2025-LOT7,M04,15,-30,1,10
MEM-2025-LOT7,M04,16,-30,1,10
MEM-2025-LOT7,M04,17,-30,1,10
MEM-2025-LOT7,M04,18,-30,1,10
MEM-2025-LOT7,M04,19,-30,1,10
MEM-2025-LOT7,M04,20,-30,1,10
MEM-2025-LOT7,M04,21,-30,1,10
MEM-2025-LOT7,M04,22,-30,1,10
MEM-2025-LOT7,M04,23,-30,2,31
MEM-2025-LOT7,M04,24,-30,1,10
MEM-2025-LOT7,M04,25,-30,2,31
MEM-2025-LOT7,M04,-25,-29,1,10
MEM-2025-LOT7,M04,-24,-29,1,10
MEM-2025-LOT7,M04,-23,-29,1,10
MEM-2025-LOT7,M04,-22,-29,3,30
MEM-2025-LOT7,M04,-21,-29,1,10
MEM-2025-LOT7,M04,-20,-29,2,31
MEM-2025-LOT7,M04,-19,-29,4,31
MEM-2025-LOT7,M04,-18,-29,2,21
MEM-2025-LOT7,M04,-17,-29,1,10
MEM-2025-LOT7,M04,-16,-29,1,10
MEM-2025-LOT7,M04,-15,-29,2,22
MEM-2025-LOT7,M04,-14,-29,1,10
MEM-2025-LOT7,M04,-13,-29,1,10
MEM-2025-LOT7,M04,-12,-29,1,10
MEM-2025-LOT7,M04,-11,-29,1,10
MEM-2025-LOT7,M04,-10,-29,1,10
MEM-2025-LOT7,M04,-9,-29,1,10
MEM-2025-LOT7,M04,-8,-29,1,10
MEM-2025-LOT7,M04,-7,-29,1,10
MEM-2025-LOT7,M04,-6,-29,1,10
MEM-2025-LOT7,M04,-5,-29,1,10
MEM-2025-LOT7,M04,-4,-29,1,10
MEM-2025-LOT7,M04,-3,-29,1,10
MEM-2025-LOT7,M04,-2,-29,1,10
MEM-2025-LOT7,M04,-1,-29,1,10
MEM-2025-LOT7,M04,0,-29,1,10
MEM-2025-LOT7,M04,1,-29,1,10
MEM-2025-LOT7,M04,2,-29,1,10
MEM-2025-LOT7,M04,3,-29,1,10
MEM-2025-LOT7,M04,4,-29,1,10
MEM-2025-LOT7,M04,5,-29,1,10
MEM-2025-LOT7,M04,6,-29,2,20
MEM-2025-LOT7,M04,7,-29,1,10
MEM-2025-LOT7,M04,8,-29,1,10
MEM-2025-LOT7,M04,9,-29,1,10
MEM-2025-LOT7,M04,10,-29,1,10
MEM-2025-LOT7,M04,11,-29,1,10
MEM-2025-LOT7,M04,12,-29,1,10
MEM-2025-LOT7,M04,13,-29,1,10
MEM-2025-LOT7,M04,14,-29,1,10
MEM-2025-LOT7,M04,15,-29,1,10
MEM-2025-LOT7,M04,16,-29,2,31
MEM-2025-LOT7,M04,17,-29,2,31
MEM-2025-LOT7,M04,18,-29,2,31
MEM-2025-LOT7,M04,19,-29,1,10
MEM-2025-LOT7,M04,20,-29,2,21
MEM-2025-LOT7,M04,21,-29,1,10
MEM-2025-LOT7,M04,22,-29,2,31
MEM-2025-LOT7,M04,23,-29,2,21
MEM-2025-LOT7,M04,24,-29,1,10
MEM-2025-LOT7,M04,25,-29,3,22
MEM-2025-LOT7,M04,-26,-28,1,10
MEM-2025-LOT7,M04,-25,-28,3,30
MEM-2025-LOT7,M04,-24,-28,4,31
MEM-2025-LOT7,M04,-23,-28,2,21
MEM-2025-LOT7,M04,-22,-28,2,20
MEM-2025-LOT7,M04,-21,-28,2,21
MEM-2025-LOT7,M04,-20,-28,1,10
MEM-2025-LOT7,M04,-19,-28,1,10
MEM-2025-LOT7,M04,-18,-28,1,10
MEM-2025-LOT7,M04,-17,-28,2,31
MEM-2025-LOT7,M04,-16,-28,2,22
MEM-2025-LOT7,M04,-15,-28,1,10
MEM-2025-LOT7,M04,-14,-28,1,10
MEM-2025-LOT7,M04,-13,-28,1,10
MEM-2025-LOT7,M04,-12,-28,1,10
MEM-2025-LOT7,M04,-11,-28,1,10
MEM-2025-LOT7,M04,-10,-28,1,10
MEM-2025-LOT7,M04,-9,-28,1,10
MEM-2025-LOT7,M04,-8,-28,1,10
MEM-2025-LOT7,M04,-7,-28,1,10
MEM-2025-LOT7,M04,-6,-28,1,10
MEM-2025-LOT7,M04,-5,-28,1,10
MEM-2025-LOT7,M04,-4,-28,1,10
MEM-2025-LOT7,M04,-3,-28,1,10
MEM-2025-LOT7,M04,-2,-28,1,10
MEM-2025-LOT7,M04,-1,-28,1,10
MEM-2025-LOT7,M04,0,-28,1,10
MEM-2025-LOT7,M04,1,-28,1,10
MEM-2025-LOT7,M04,2,-28,1,10
MEM-2025-LOT7,M04,3,-28,2,20
MEM-2025-LOT7,M04,4,-28,1,10
MEM-2025-LOT7,M04,5,-28,1,10
MEM-2025-LOT7,M04,6,-28,1,10
MEM-2025-LOT7,M04,7,-28,1,10
MEM-2025-LOT7,M04,8,-28,1,10
MEM-2025-LOT7,M04,9,-28,1,10
MEM-2025-LOT7,M04,10,-28,1,10
MEM-2025-LOT7,M04,11,-28,1,10
MEM-2025-LOT7,M04,12,-28,1,10
MEM-2025-LOT7,M04,13,-28,1,10
MEM-2025-LOT7,M04,14,-28,1,10
MEM-2025-LOT7,M04,15,-28,1,10
MEM-2025-LOT7,M04,16,-28,4,22
MEM-2025-LOT7,M04,17,-28,2,20
MEM-2025-LOT7,M04,18,-28,1,10
MEM-2025-LOT7,M04,19,-28,2,21
MEM-2025-LOT7,M04,20,-28,1,10
MEM-2025-LOT7,M04,21,-28,1,10
MEM-2025-LOT7,M04,22,-28,1,10
MEM-2025-LOT7,M04,23,-28,2,20
MEM-2025-LOT7,M04,24,-28,3,20
MEM-2025-LOT7,M04,25,-28,1,10
MEM-2025-LOT7,M04,26,-28,1,10
MEM-2025-LOT7,M04,-26,-27,3,20
MEM-2025-LOT7,M04,-25,-27,1,10
MEM-2025-LOT7,M04,-24,-27,1,10
MEM-2025-LOT7,M04,-23,-27,4,21
MEM-2025-LOT7,M04,-22,-27,1,10
MEM-2025-LOT7,M04,-21,-27,1,10
MEM-2025-LOT7,M04,-20,-27,1,10
MEM-2025-LOT7,M04,-19,-27,3,30
MEM-2025-LOT7,M04,-18,-27,1,10
MEM-2025-LOT7,M04,-17,-27,2,21
MEM-2025-LOT7,M04,-16,-27,1,10
MEM-2025-LOT7,M04,-15,-27,1,10
MEM-2025-LOT7,M04,-14,-27,1,10
MEM-2025-LOT7,M04,-13,-27,1,10
MEM-2025-LOT7,M04,-12,-27,1,10
MEM-2025-LOT7,M04,-11,-27,1,10
MEM-2025-LOT7,M04,-10,-27,1,10
MEM-2025-LOT7,M04,-9,-27,1,10
MEM-2025-LOT7,M04,-8,-27,1,10
MEM-2025-LOT7,M04,-7,-27,1,10
MEM-2025-LOT7,M04,-6,-27,1,10
MEM-2025-LOT7,M04,-5,-27,1,10
MEM-2025-LOT7,M04,-4,-27,1,10
MEM-2025-LOT7,M04,-3,-27,1,10
MEM-2025-LOT7,M04,-2,-27,1,10
MEM-2025-LOT7,M04,-1,-27,1,10
MEM-2025-LOT7,M04,0,-27,1,10
MEM-2025-LOT7,M04,1,-27,1,10
MEM-2025-LOT7,M04,2,-27,1,10
MEM-2025-LOT7,M04,3,-27,3,31
MEM-2025-LOT7,M04,4,-27,1,10
MEM-2025-LOT7,M04,5,-27,1,10
MEM-2025-LOT7,M04,6,-27,1,10
MEM-2025-LOT7,M04,7,-27,1,10
MEM-2025-LOT7,M04,8,-27,1,10
MEM-2025-LOT7,M04,9,-27,1,10
MEM-2025-LOT7,M04,10,-27,1,10
MEM-2025-LOT7,M04,11,-27,2,30
MEM-2025-LOT7,M04,12,-27,1,10
MEM-2025-LOT7,M04,13,-27,1,10
MEM-2025-LOT7,M04,14,-27,1,10
MEM-2025-LOT7,M04,15,-27,1,10
MEM-2025-LOT7,M04,16,-27,1,10
MEM-2025-LOT7,M04,17,-27,1,10
MEM-2025-LOT7,M04,18,-27,2,31
MEM-2025-LOT7,M04,19,-27,1,10
MEM-2025-LOT7,M04,20,-27,2,22
MEM-2025-LOT7,M04,21,-27,1,10
MEM-2025-LOT7,M04,22,-27,4,20
MEM-2025-LOT7,M04,23,-27,2,21
MEM-2025-LOT7,M04,24,-27,1,10
MEM-2025-LOT7,M04,25,-27,1,10
MEM-2025-LOT7,M04,26,-27,2,30
MEM-2025-LOT7,M04,-27,-26,1,10
MEM-2025-LOT7,M04,-26,-26,1,10
MEM-2025-LOT7,M04,-25,-26,1,10
MEM-2025-LOT7,M04,-24,-26,1,10
MEM-2025-LOT7,M04,-23,-26,2,31
MEM-2025-LOT7,M04,-22,-26,1,10
MEM-2025-LOT7,M04,-21,-26,2,21
MEM-2025-LOT7,M04,-20,-26,1,10
MEM-2025-LOT7,M04,-19,-26,3,20
MEM-2025-LOT7,M04,-18,-26,1,10
MEM-2025-LOT7,M04,-17,-26,1,10
MEM-2025-LOT7,M04,-16,-26,4,21
MEM-2025-LOT7,M04,-15,-26,1,10
MEM-2025-LOT7,M04,-14,-26,1,10
MEM-2025-LOT7,M04,-13,-26,1,10
MEM-2025-LOT7,M04,-12,-26,1,10
MEM-2025-LOT7,M04,-11,-26,1,10
MEM-2025-LOT7,M04,-10,-26,1,10
MEM-2025-LOT7,M04,-9,-26,1,10
MEM-2025-LOT7,M04,-8,-26,1,10
MEM-2025-LOT7,M04,-7,-26,1,10
MEM-2025-LOT7,M04,-6,-26,1,10
MEM-2025-LOT7,M04,-5,-26,1,10
MEM-2025-LOT7,M04,-4,-26,1,10
MEM-2025-LOT7,M04,-3,-26,1,10
MEM-2025-LOT7,M04,-2,-26,1,10
MEM-2025-LOT7,M04,-1,-26,1,10
MEM-2025-LOT7,M04,0,-26,1,10
MEM-2025-LOT7,M04,1,-26,1,10
MEM-2025-LOT7,M04,2,-26,1,10
MEM-2025-LOT7,M04,3,-26,1,10
MEM-2025-LOT7,M04,4,-26,1,10
MEM-2025-LOT7,M04,5,-26,1,10
MEM-2025-LOT7,M04,6,-26,1,10
MEM-2025-LOT7,M04,7,-26,1,10
MEM-2025-LOT7,M04,8,-26,1,10
MEM-2025-LOT7,M04,9,-26,1,10
MEM-2025-LOT7,M04,10,-26,1,10
MEM-2025-LOT7,M04,11,-26,1,10
MEM-2025-LOT7,M04,12,-26,1,10
MEM-2025-LOT7,M04,13,-26,1,10
MEM-2025-LOT7,M04,14,-26,1,10
MEM-2025-LOT7,M04,15,-26,1,10
MEM-2025-LOT7,M04,16,-26,1,10
MEM-2025-LOT7,M04,17,-26,1,10
MEM-2025-LOT7,M04,18,-26,2,22
MEM-2025-LOT7,M04,19,-26,2,31
MEM-2025-LOT7,M04,20,-26,1,10
MEM-2025-LOT7,M04,21,-26,3,20
MEM-2025-LOT7,M04,22,-26,1,10
MEM-2025-LOT7,M04,23,-26,1,10
MEM-2025-LOT7,M04,24,-26,4,22
MEM-2025-LOT7,M04,25,-26,2,20
MEM-2025-LOT7,M04,26,-26,2,22
MEM-2025-LOT7,M04,27,-26,1,10
MEM-2025-LOT7,M04,-27,-25,2,30
MEM-2025-LOT7,M04,-26,-25,1,10
MEM-2025-LOT7,M04,-25,-25,2,20
MEM-2025-LOT7,M04,-24,-25,1,10
MEM-2025-LOT7,M04,-23,-25,4,21
MEM-2025-LOT7,M04,-22,-25,1,10
MEM-2025-LOT7,M04,-21,-25,1,10
MEM-2025-LOT7,M04,-20,-25,4,30
MEM-2025-LOT7,M04,-19,-25,2,31
MEM-2025-LOT7,M04,-18,-25,1,10
MEM-2025-LOT7,M04,-17,-25,1,10
MEM-2025-LOT7,M04,-16,-25,1,10
MEM-2025-LOT7,M04,-15,-25,1,10
MEM-2025-LOT7,M04,-14,-25,1,10
MEM-2025-LOT7,M04,-13,-25,1,10
MEM-2025-LOT7,M04,-12,-25,1,10
MEM-2025-LOT7,M04,-11,-25,1,10
MEM-2025-LOT7,M04,-10,-25,1,10
MEM-2025-LOT7,M04,-9,-25,1,10
MEM-2025-LOT7,M04,-8,-25,1,10
MEM-2025-LOT7,M04,-7,-25,1,10
MEM-2025-LOT7,M04,-6,-25,1,10
MEM-2025-LOT7,M04,-5,-25,1,10
MEM-2025-LOT7,M04,-4,-25,1,10
MEM-2025-LOT7,M04,-3,-25,1,10
MEM-2025-LOT7,M04,-2,-25,1,10
MEM-2025-LOT7,M04,-1,-25,1,10
MEM-2025-LOT7,M04,0,-25,1,10
MEM-2025-LOT7,M04,1,-25,1,10
MEM-2025-LOT7,M04,2,-25,1,10
MEM-2025-LOT7,M04,3,-25,1,10
MEM-2025-LOT7,M04,4,-25,1,10
MEM-2025-LOT7,M04,5,-25,1,10
MEM-2025-LOT7,M04,6,-25,1,10
MEM-2025-LOT7,M04,7,-25,1,10
MEM-2025-LOT7,M04,8,-25,1,10
MEM-2025-LOT7,M04,9,-25,1,10
MEM-2025-LOT7,M04,10,-25,1,10
MEM-2025-LOT7,M04,11,-25,1,10
MEM-2025-LOT7,M04,12,-25,1,10
MEM-2025-LOT7,M04,13,-25,1,10
MEM-2025-LOT7,M04,14,-25,1,10
MEM-2025-LOT7,M04,15,-25,1,10
MEM-2025-LOT7,M04,16,-25,1,10
MEM-2025-LOT7,M04,17,-25,1,10
MEM-2025-LOT7,M04,18,-25,2,30
MEM-2025-LOT7,M04,19,-25,1,10
MEM-2025-LOT7,M04,20,-25,3,20
MEM-2025-LOT7,M04,21,-25,1,10
MEM-2025-LOT7,M04,22,-25,2,30
MEM-2025-LOT7,M04,23,-25,3,21
MEM-2025-LOT7,M04,24,-25,1,10
MEM-2025-LOT7,M04,25,-25,1,10
MEM-2025-LOT7,M04,26,-25,2,22
MEM-2025-LOT7,M04,27,-25,2,21
MEM-2025-LOT7,M04,-28,-24,1,10
MEM-2025-LOT7,M04,-27,-24,2,21
MEM-2025-LOT7,M04,-26,-24,3,22
MEM-2025-LOT7,M04,-25,-24,1,10
MEM-2025-LOT7,M04,-24,-24,1,10
MEM-2025-LOT7,M04,-23,-24,2,20
MEM-2025-LOT7,M04,-22,-24,1,10
MEM-2025-LOT7,M04,-21,-24,2,30
MEM-2025-LOT7,M04,-20,-24,1,10
MEM-2025-LOT7,M04,-19,-24,1,10
MEM-2025-LOT7,M04,-18,-24,1,10
MEM-2025-LOT7,M04,-17,-24,1,10
MEM-2025-LOT7,M04,-16,-24,1,10
MEM-2025-LOT7,M04,-15,-24,1,10
MEM-2025-LOT7,M04,-14,-24,1,10
MEM-2025-LOT7,M04,-13,-24,1,10
MEM-2025-LOT7,M04,-12,-24,3,31
MEM-2025-LOT7,M04,-11,-24,1,10
MEM-2025-LOT7,M04,-10,-24,1,10
MEM-2025-LOT7,M04,-9,-24,1,10
MEM-2025-LOT7,M04,-8,-24,1,10
MEM-2025-LOT7,M04,-7,-24,1,10
MEM-2025-LOT7,M04,-6,-24,1,10
MEM-2025-LOT7,M04,-5,-24,1,10
MEM-2025-LOT7,M04,-4,-24,1,10
MEM-2025-LOT7,M04,-3,-24,1,10
MEM-2025-LOT7,M04,-2,-24,1,10
MEM-2025-LOT7,M04,-1,-24,1,10
MEM-2025-LOT7,M04,0,-24,1,10
MEM-2025-LOT7,M04,1,-24,1,10
MEM-2025-LOT7,M04,2,-24,1,10
MEM-2025-LOT7,M04,3,-24,1,10
MEM-2025-LOT7,M04,4,-24,1,10
MEM-2025-LOT7,M04,5,-24,1,10
MEM-2025-LOT7,M04,6,-24,1,10
MEM-2025-LOT7,M04,7,-24,1,10
MEM-2025-LOT7,M04,8,-24,1,10
MEM-2025-LOT7,M04,9,-24,1,10
MEM-2025-LOT7,M04,10,-24,1,10
MEM-2025-LOT7,M04,11,-24,1,10
MEM-2025-LOT7,M04,12,-24,1,10
MEM-2025-LOT7,M04,13,-24,1,10
MEM-2025-LOT7,M04,14,-24,1,10
MEM-2025-LOT7,M04,15,-24,1,10
MEM-2025-LOT7,M04,16,-24,1,10
MEM-2025-LOT7,M04,17,-24,1,10
MEM-2025-LOT7,M04,18,-24,1,10
MEM-2025-LOT7,M04,19,-24,3,21
MEM-2025-LOT7,M04,20,-24,1,10
MEM-2025-LOT7,M04,21,-24,1,10
MEM-2025-LOT7,M04,22,-24,2,22
MEM-2025-LOT7,M04,23,-24,2,22
MEM-2025-LOT7,M04,24,-24,4,30
MEM-2025-LOT7,M04,25,-24,2,30
MEM-2025-LOT7,M04,26,-24,1,10
MEM-2025-LOT7,M04,27,-24,1,10
MEM-2025-LOT7,M04,28,-24,2,21
MEM-2025-LOT7,M04,-28,-23,1,10
MEM-2025-LOT7,M04,-27,-23,3,20
MEM-2025-LOT7,M04,-26,-23,1,10
MEM-2025-LOT7,M04,-25,-23,1,10
MEM-2025-LOT7,M04,-24,-23,1,10
MEM-2025-LOT7,M04,-23,-23,1,10
MEM-2025-LOT7,M04,-22,-23,1,10
MEM-2025-LOT7,M04,-21,-23,1,10
MEM-2025-LOT7,M04,-20,-23,1,10
MEM-2025-LOT7,M04,-19,-23,1,10
MEM-2025-LOT7,M04,-18,-23,1,10
MEM-2025-LOT7,M04,-17,-23,1,10
MEM-2025-LOT7,M04,-16,-23,1,10
MEM-2025-LOT7,M04,-15,-23,1,10
MEM-2025-LOT7,M04,-14,-23,1,10
MEM-2025-LOT7,M04,-13,-23,1,10
MEM-2025-LOT7,M04,-12,-23,1,10
MEM-2025-LOT7,M04,-11,-23,1,10
MEM-2025-LOT7,M04,-10,-23,1,10
MEM-2025-LOT7,M04,-9,-23,1,10
MEM-2025-LOT7,M04,-8,-23,1,10
MEM-2025-LOT7,M04,-7,-23,1,10
MEM-2025-LOT7,M04,-6,-23,1,10
MEM-2025-LOT7,M04,-5,-23,1,10
MEM-2025-LOT7,M04,-4,-23,1,10
MEM-2025-LOT7,M04,-3,-23,1,10
MEM-2025-LOT7,M04,-2,-23,1,10
MEM-2025-LOT7,M04,-1,-23,1,10
MEM-2025-LOT7,M04,0,-23,1,10
MEM-2025-LOT7,M04,1,-23,1,10
MEM-2025-LOT7,M04,2,-23,1,10
MEM-2025-LOT7,M04,3,-23,1,10
MEM-2025-LOT7,M04,4,-23,1,10
MEM-2025-LOT7,M04,5,-23,1,10
MEM-2025-LOT7,M04,6,-23,1,10
MEM-2025-LOT7,M04,7,-23,1,10
MEM-2025-LOT7,M04,8,-23,1,10
MEM-2025-LOT7,M04,9,-23,1,10
MEM-2025-LOT7,M04,10,-23,1,10
MEM-2025-LOT7,M04,11,-23,1,10
MEM-2025-LOT7,M04,12,-23,1,10
MEM-2025-LOT7,M04,13,-23,1,10
MEM-2025-LOT7,M04,14,-23,1,10
MEM-2025-LOT7,M04,15,-23,1,10
MEM-2025-LOT7,M04,16,-23,1,10
MEM-2025-LOT7,M04,17,-23,1,10
MEM-2025-LOT7,M04,18,-23,1,10
MEM-2025-LOT7,M04,19,-23,2,30
MEM-2025-LOT7,M04,20,-23,1,10
MEM-2025-LOT7,M04,21,-23,1,10
MEM-2025-LOT7,M04,22,-23,2,31
MEM-2025-LOT7,M04,23,-23,2,31
MEM-2025-LOT7,M04,24,-23,1,10
MEM-2025-LOT7,M04,25,-23,2,21
MEM-2025-LOT7,M04,26,-23,2,21
MEM-2025-LOT7,M04,27,-23,2,30
MEM-2025-LOT7,M04,28,-23,2,21
MEM-2025-LOT7,M04,-28,-22,2,21
MEM-2025-LOT7,M04,-27,-22,2,21
MEM-2025-LOT7,M04,-26,-22,4,20
MEM-2025-LOT7,M04,-25,-22,2,20
MEM-2025-LOT7,M04,-24,-22,1,10
MEM-2025-LOT7,M04,-23,-22,1,10
MEM-2025-LOT7,M04,-22,-22,1,10
MEM-2025-LOT7,M04,-21,-22,2,30
MEM-2025-LOT7,M04,-20,-22,2,22
MEM-2025-LOT7,M04,-19,-22,1,10
MEM-2025-LOT7,M04,-18,-22,1,10
MEM-2025-LOT7,M04,-17,-22,1,10
MEM-2025-LOT7,M04,-16,-22,1,10
MEM-2025-LOT7,M04,-15,-22,1,10
MEM-2025-LOT7,M04,-14,-22,1,10
MEM-2025-LOT7,M04,-13,-22,1,10
MEM-2025-LOT7,M04,-12,-22,1,10
MEM-2025-LOT7,M04,-11,-22,1,10
MEM-2025-LOT7,M04,-10,-22,1,10
MEM-2025-LOT7,M04,-9,-22,1,10
MEM-2025-LOT7,M04,-8,-22,1,10
MEM-2025-LOT7,M04,-7,-22,1,10
MEM-2025-LOT7,M04,-6,-22,1,10
MEM-2025-LOT7,M04,-5,-22,1,10
MEM-2025-LOT7,M04,-4,-22,1,10
MEM-2025-LOT7,M04,-3,-22,1,10
MEM-2025-LOT7,M04,-2,-22,1,10
MEM-2025-LOT7,M04,-1,-22,1,10
MEM-2025-LOT7,M04,0,-22,1,10
MEM-2025-LOT7,M04,1,-22,1,10
MEM-2025-LOT7,M04,2,-22,1,10
MEM-2025-LOT7,M04,3,-22,1,10
MEM-2025-LOT7,M04,4,-22,1,10
MEM-2025-LOT7,M04,5,-22,1,10
MEM-2025-LOT7,M04,6,-22,1,10
MEM-2025-LOT7,M04,7,-22,1,10
MEM-2025-LOT7,M04,8,-22,1,10
MEM-2025-LOT7,M04,9,-22,1,10
MEM-2025-LOT7,M04,10,-22,1,10
MEM-2025-LOT7,M04,11,-22,1,10
MEM-2025-LOT7,M04,12,-22,1,10
MEM-2025-LOT7,M04,13,-22,1,10
MEM-2025-LOT7,M04,14,-22,1,10
MEM-2025-LOT7,M04,15,-22,1,10
MEM-2025-LOT7,M04,16,-22,1,10
MEM-2025-LOT7,M04,17,-22,1,10
MEM-2025-LOT7,M04,18,-22,1,10
MEM-2025-LOT7,M04,19,-22,1,10
MEM-2025-LOT7,M04,20,-22,1,10
MEM-2025-LOT7,M04,21,-22,1,10
MEM-2025-LOT7,M04,22,-22,1,10
MEM-2025-LOT7,M04,23,-22,3,20
MEM-2025-LOT7,M04,24,-22,2,22
MEM-2025-LOT7,M04,25,-22,1,10
MEM-2025-LOT7,M04,26,-22,1,10
MEM-2025-LOT7,M04,27,-22,2,22
MEM-2025-LOT7,M04,28,-22,1,10
MEM-2025-LOT7,M04,-29,-21,2,30
MEM-2025-LOT7,M04,-28,-21,1,10
MEM-2025-LOT7,M04,-27,-21,4,22
MEM-2025-LOT7,M04,-26,-21,1,10
MEM-2025-LOT7,M04,-25,-21,2,21
MEM-2025-LOT7,M04,-24,-21,2,22
MEM-2025-LOT7,M04,-23,-21,1,10
MEM-2025-LOT7,M04,-22,-21,1,10
MEM-2025-LOT7,M04,-21,-21,2,22
MEM-2025-LOT7,M04,-20,-21,1,10
MEM-2025-LOT7,M04,-19,-21,1,10
MEM-2025-LOT7,M04,-18,-21,1,10
MEM-2025-LOT7,M04,-17,-21,1,10
MEM-2025-LOT7,M04,-16,-21,1,10
MEM-2025-LOT7,M04,-15,-21,1,10
MEM-2025-LOT7,M04,-14,-21,1,10
MEM-2025-LOT7,M04,-13,-21,1,10
MEM-2025-LOT7,M04,-12,-21,1,10
MEM-2025-LOT7,M04,-11,-21,1,10
MEM-2025-LOT7,M04,-10,-21,1,10
MEM-2025-LOT7,M04,-9,-21,1,10
MEM-2025-LOT7,M04,-8,-21,1,10
MEM-2025-LOT7,M04,-7,-21,1,10
MEM-2025-LOT7,M04,-6,-21,1,10
MEM-2025-LOT7,M04,-5,-21,1,10
MEM-2025-LOT7,M04,-4,-21,1,10
MEM-2025-LOT7,M04,-3,-21,1,10
MEM-2025-LOT7,M04,-2,-21,1,10
MEM-2025-LOT7,M04,-1,-21,1,10
MEM-2025-LOT7,M04,0,-21,1,10
MEM-2025-LOT7,M04,1,-21,1,10
MEM-2025-LOT7,M04,2,-21,1,10
MEM-2025-LOT7,M04,3,-21,1,10
MEM-2025-LOT7,M04,4,-21,1,10
MEM-2025-LOT7,M04,5,-21,1,10
MEM-2025-LOT7,M04,6,-21,1,10
MEM-2025-LOT7,M04,7,-21,1,10
MEM-2025-LOT7,M04,8,-21,1,10
MEM-2025-LOT7,M04,9,-21,1,10
MEM-2025-LOT7,M04,10,-21,1,10
MEM-2025-LOT7,M04,11,-21,1,10
MEM-2025-LOT7,M04,12,-21,1,10
MEM-2025-LOT7,M04,13,-21,1,10
MEM-2025-LOT7,M04,14,-21,1,10
MEM-2025-LOT7,M04,15,-21,1,10
MEM-2025-LOT7,M04,16,-21,1,10
MEM-2025-LOT7,M04,17,-21,1,10
MEM-2025-LOT7,M04,18,-21,1,10
MEM-2025-LOT7,M04,19,-21,1,10
MEM-2025-LOT7,M04,20,-21,4,22
MEM-2025-LOT7,M04,21,-21,2,20
MEM-2025-LOT7,M04,22,-21,1,10
MEM-2025-LOT7,M04,23,-21,1,10
MEM-2025-LOT7,M04,24,-21,2,30
MEM-2025-LOT7,M04,25,-21,1,10
MEM-2025-LOT7,M04,26,-21,1,10
MEM-2025-LOT7,M04,27,-21,1,10
MEM-2025-LOT7,M04,28,-21,1,10
MEM-2025-LOT7,M04,29,-21,1,10
MEM-2025-LOT7,M04,-29,-20,1,10
MEM-2025-LOT7,M04,-28,-20,1,10
MEM-2025-LOT7,M04,-27,-20,3,20
MEM-2025-LOT7,M04,-26,-20,3,20
MEM-2025-LOT7,M04,-25,-20,2,21
MEM-2025-LOT7,M04,-24,-20,2,20
MEM-2025-LOT7,M04,-23,-20,1,10
MEM-2025-LOT7,M04,-22,-20,2,20
MEM-2025-LOT7,M04,-21,-20,2,21
MEM-2025-LOT7,M04,-20,-20,1,10
MEM-2025-LOT7,M04,-19,-20,1,10
MEM-2025-LOT7,M04,-18,-20,1,10
MEM-2025-LOT7,M04,-17,-20,1,10
MEM-2025-LOT7,M04,-16,-20,1,10
MEM-2025-LOT7,M04,-15,-20,1,10
MEM-2025-LOT7,M04,-14,-20,1,10
MEM-2025-LOT7,M04,-13,-20,1,10
MEM-2025-LOT7,M04,-12,-20,1,10
MEM-2025-LOT7,M04,-11,-20,1,10
MEM-2025-LOT7,M04,-10,-20,1,10
MEM-2025-LOT7,M04,-9,-20,1,10
MEM-2025-LOT7,M04,-8,-20,1,10
MEM-2025-LOT7,M04,-7,-20,1,10
MEM-2025-LOT7,M04,-6,-20,1,10
MEM-2025-LOT7,M04,-5,-20,1,10
MEM-2025-LOT7,M04,-4,-20,1,10
MEM-2025-LOT7,M04,-3,-20,1,10
MEM-2025-LOT7,M04,-2,-20,1,10
MEM-2025-LOT7,M04,-1,-20,1,10
MEM-2025-LOT7,M04,0,-20,1,10
MEM-2025-LOT7,M04,1,-20,1,10
MEM-2025-LOT7,M04,2,-20,1,10
MEM-2025-LOT7,M04,3,-20,2,31
MEM-2025-LOT7,M04,4,-20,1,10
MEM-2025-LOT7,M04,5,-20,1,10
MEM-2025-LOT7,M04,6,-20,1,10
MEM-2025-LOT7,M04,7,-20,1,10
MEM-2025-LOT7,M04,8,-20,1,10
MEM-2025-LOT7,M04,9,-20,1,10
MEM-2025-LOT7,M04,10,-20,1,10
MEM-2025-LOT7,M04,11,-20,1,10
MEM-2025-LOT7,M04,12,-20,1,10
MEM-2025-LOT7,M04,13,-20,1,10
MEM-2025-LOT7,M04,14,-20,1,10
MEM-2025-LOT7,M04,15,-20,1,10
MEM-2025-LOT7,M04,16,-20,1,10
MEM-2025-LOT7,M04,17,-20,1,10
MEM-2025-LOT7,M04,18,-20,1,10
MEM-2025-LOT7,M04,19,-20,1,10
MEM-2025-LOT7,M04,20,-20,1,10
MEM-2025-LOT7,M04,21,-20,1,10
MEM-2025-LOT7,M04,22,-20,1,10
MEM-2025-LOT7,M04,23,-20,1,10
MEM-2025-LOT7,M04,24,-20,1,10
MEM-2025-LOT7,M04,25,-20,1,10
MEM-2025-LOT7,M04,26,-20,1,10
MEM-2025-LOT7,M04,27,-20,4,22
MEM-2025-LOT7,M04,28,-20,1,10
MEM-2025-LOT7,M04,29,-20,1,10
MEM-2025-LOT7,M04,-29,-19,2,22
MEM-2025-LOT7,M04,-28,-19,1,10
MEM-2025-LOT7,M04,-27,-19,2,31
MEM-2025-LOT7,M04,-26,-19,2,31
MEM-2025-LOT7,M04,-25,-19,1,10
MEM-2025-LOT7,M04,-24,-19,1,10
MEM-2025-LOT7,M04,-23,-19,1,10
MEM-2025-LOT7,M04,-22,-19,4,20
MEM-2025-LOT7,M04,-21,-19,4,30
MEM-2025-LOT7,M04,-20,-19,1,10
MEM-2025-LOT7,M04,-19,-19,1,10
MEM-2025-LOT7,M04,-18,-19,1,10
MEM-2025-LOT7,M04,-17,-19,1,10
MEM-2025-LOT7,M04,-16,-19,1,10
MEM-2025-LOT7,M04,-15,-19,1,10
MEM-2025-LOT7,M04,-14,-19,1,10
MEM-2025-LOT7,M04,-13,-19,1,10
MEM-2025-LOT7,M04,-12,-19,1,10
MEM-2025-LOT7,M04,-11,-19,1,10
MEM-2025-LOT7,M04,-10,-19,1,10
MEM-2025-LOT7,M04,-9,-19,1,10
MEM-2025-LOT7,M04,-8,-19,1,10
MEM-2025-LOT7,M04,-7,-19,1,10
MEM-2025-LOT7,M04,-6,-19,1,10
MEM-2025-LOT7,M04,-5,-19,1,10
MEM-2025-LOT7,M04,-4,-19,1,10
MEM-2025-LOT7,M04,-3,-19,1,10
MEM-2025-LOT7,M04,-2,-19,1,10
MEM-2025-LOT7,M04,-1,-19,1,10
MEM-2025-LOT7,M04,0,-19,1,10
MEM-2025-LOT7,M04,1,-19,1,10
MEM-2025-LOT7,M04,2,-19,1,10
MEM-2025-LOT7,M04,3,-19,1,10
MEM-2025-LOT7,M04,4,-19,1,10
MEM-2025-LOT7,M04,5,-19,1,10
MEM-2025-LOT7,M04,6,-19,1,10
MEM-2025-LOT7,M04,7,-19,1,10
MEM-2025-LOT7,M04,8,-19,1,10
MEM-2025-LOT7,M04,9,-19,1,10
MEM-2025-LOT7,M04,10,-19,1,10
MEM-2025-LOT7,M04,11,-19,1,10
MEM-2025-LOT7,M04,12,-19,1,10
MEM-2025-LOT7,M04,13,-19,1,10
MEM-2025-LOT7,M04,14,-19,1,10
MEM-2025-LOT7,M04,15,-19,1,10
MEM-2025-LOT7,M04,16,-19,1,10
MEM-2025-LOT7,M04,17,-19,1,10
MEM-2025-LOT7,M04,18,-19,1,10
MEM-2025-LOT7,M04,19,-19,1,10
MEM-2025-LOT7,M04,20,-19,1,10
MEM-2025-LOT7,M04,21,-19,2,31
MEM-2025-LOT7,M04,22,-19,2,31
MEM-2025-LOT7,M04,23,-19,1,10
MEM-2025-LOT7,M04,24,-19,1,10
MEM-2025-LOT7,M04,25,-19,1,10
MEM-2025-LOT7,M04,26,-19,1,10
MEM-2025-LOT7,M04,27,-19,3,20
MEM-2025-LOT7,M04,28,-19,2,30
MEM-2025-LOT7,M04,29,-19,1,10
MEM-2025-LOT7,M04,-30,-18,1,10
MEM-2025-LOT7,M04,-29,-18,1,10
MEM-2025-LOT7,M04,-28,-18,1,10
MEM-2025-LOT7,M04,-27,-18,1,10
MEM-2025-LOT7,M04,-26,-18,1,10
MEM-2025-LOT7,M04,-25,-18,1,10
MEM-2025-LOT7,M04,-24,-18,1,10
MEM-2025-LOT7,M04,-23,-18,1,10
MEM-2025-LOT7,M04,-22,-18,3,30
MEM-2025-LOT7,M04,-21,-18,1,10
MEM-2025-LOT7,M04,-20,-18,1,10
MEM-2025-LOT7,M04,-19,-18,1,10
MEM-2025-LOT7,M04,-18,-18,1,10
MEM-2025-LOT7,M04,-17,-18,1,10
MEM-2025-LOT7,M04,-16,-18,3,30
MEM-2025-LOT7,M04,-15,-18,1,10
MEM-2025-LOT7,M04,-14,-18,1,10
MEM-2025-LOT7,M04,-13,-18,1,10
MEM-2025-LOT7,M04,-12,-18,1,10
MEM-2025-LOT7,M04,-11,-18,1,10
MEM-2025-LOT7,M04,-10,-18,1,10
MEM-2025-LOT7,M04,-9,-18,1,10
MEM-2025-LOT7,M04,-8,-18,1,10
MEM-2025-LOT7,M04,-7,-18,1,10
MEM-2025-LOT7,M04,-6,-18,1,10
MEM-2025-LOT7,M04,-5,-18,1,10
MEM-2025-LOT7,M04,-4,-18,1,10
MEM-2025-LOT7,M04,-3,-18,1,10
MEM-2025-LOT7,M04,-2,-18,1,10
MEM-2025-LOT7,M04,-1,-18,1,10
MEM-2025-LOT7,M04,0,-18,1,10
MEM-2025-LOT7,M04,1,-18,1,10
MEM-2025-LOT7,M04,2,-18,1,10
MEM-2025-LOT7,M04,3,-18,1,10
MEM-2025-LOT7,M04,4,-18,2,20
MEM-2025-LOT7,M04,5,-18,1,10
MEM-2025-LOT7,M04,6,-18,1,10
MEM-2025-LOT7,M04,7,-18,1,10
MEM-2025-LOT7,M04,8,-18,1,10
MEM-2025-LOT7,M04,9,-18,1,10
MEM-2025-LOT7,M04,10,-18,1,10
MEM-2025-LOT7,M04,11,-18,1,10
MEM-2025-LOT7,M04,12,-18,1,10
MEM-2025-LOT7,M04,13,-18,1,10
MEM-2025-LOT7,M04,14,-18,1,10
MEM-2025-LOT7,M04,15,-18,1,10
MEM-2025-LOT7,M04,16,-18,1,10
MEM-2025-LOT7,M04,17,-18,1,10
MEM-2025-LOT7,M04,18,-18,1,10
MEM-2025-LOT7,M04,19,-18,1,10
MEM-2025-LOT7,M04,20,-18,1,10
MEM-2025-LOT7,M04,21,-18,1,10
MEM-2025-LOT7,M04,22,-18,3,21
MEM-2025-LOT7,M04,23,-18,1,10
MEM-2025-LOT7,M04,24,-18,2,30
MEM-2025-LOT7,M04,25,-18,2,30
MEM-2025-LOT7,M04,26,-18,1,10
MEM-2025-LOT7,M04,27,-18,3,30
MEM-2025-LOT7,M04,28,-18,2,22
MEM-2025-LOT7,M04,29,-18,1,10
MEM-2025-LOT7,M04,30,-18,1,10
MEM-2025-LOT7,M04,-30,-17,2,31
MEM-2025-LOT7,M04,-29,-17,2,21
MEM-2025-LOT7,M04,-28,-17,1,10
MEM-2025-LOT7,M04,-27,-17,1,10
MEM-2025-LOT7,M04,-26,-17,1,10
MEM-2025-LOT7,M04,-25,-17,1,10
MEM-2025-LOT7,M04,-24,-17,1,10
MEM-2025-LOT7,M04,-23,-17,1,10
MEM-2025-LOT7,M04,-22,-17,2,21
MEM-2025-LOT7,M04,-21,-17,1,10
MEM-2025-LOT7,M04,-20,-17,1,10
MEM-2025-LOT7,M04,-19,-17,1,10
MEM-2025-LOT7,M04,-18,-17,1,10
MEM-2025-LOT7,M04,-17,-17,1,10
MEM-2025-LOT7,M04,-16,-17,1,10
MEM-2025-LOT7,M04,-15,-17,1,10
MEM-2025-LOT7,M04,-14,-17,1,10
MEM-2025-LOT7,M04,-13,-17,1,10
MEM-2025-LOT7,M04,-12,-17,1,10
MEM-2025-LOT7,M04,-11,-17,2,20
MEM-2025-LOT7,M04,-10,-17,1,10
MEM-2025-LOT7,M04,-9,-17,1,10
MEM-2025-LOT7,M04,-8,-17,1,10
MEM-2025-LOT7,M04,-7,-17,1,10
MEM-2025-LOT7,M04,-6,-17,1,10
MEM-2025-LOT7,M04,-5,-17,1,10
MEM-2025-LOT7,M04,-4,-17,1,10
MEM-2025-LOT7,M04,-3,-17,1,10
MEM-2025-LOT7,M04,-2,-17,1,10
MEM-2025-LOT7,M04,-1,-17,1,10
MEM-2025-LOT7,M04,0,-17,1,10
MEM-2025-LOT7,M04,1,-17,1,10
MEM-2025-LOT7,M04,2,-17,1,10
MEM-2025-LOT7,M04,3,-17,1,10
MEM-2025-LOT7,M04,4,-17,1,10
MEM-2025-LOT7,M04,5,-17,1,10
MEM-2025-LOT7,M04,6,-17,1,10
MEM-2025-LOT7,M04,7,-17,1,10
MEM-2025-LOT7,M04,8,-17,1,10
MEM-2025-LOT7,M04,9,-17,1,10
MEM-2025-LOT7,M04,10,-17,1,10
MEM-2025-LOT7,M04,11,-17,1,10
MEM-2025-LOT7,M04,12,-17,1,10
MEM-2025-LOT7,M04,13,-17,1,10
MEM-2025-LOT7,M04,14,-17,1,10
MEM-2025-LOT7,M04,15,-17,1,10
MEM-2025-LOT7,M04,16,-17,1,10
MEM-2025-LOT7,M04,17,-17,1,10
MEM-2025-LOT7,M04,18,-17,1,10
MEM-2025-LOT7,M04,19,-17,1,10
MEM-2025-LOT7,M04,20,-17,1,10
MEM-2025-LOT7,M04,21,-17,1,10
MEM-2025-LOT7,M04,22,-17,2,20
MEM-2025-LOT7,M04,23,-17,1,10
MEM-2025-LOT7,M04,24,-17,4,30
MEM-2025-LOT7,M04,25,-17,4,22
MEM-2025-LOT7,M04,26,-17,3,22
MEM-2025-LOT7,M04,27,-17,2,22
MEM-2025-LOT7,M04,28,-17,1,10
MEM-2025-LOT7,M04,29,-17,2,22
MEM-2025-LOT7,M04,30,-17,1,10
MEM-2025-LOT7,M04,-30,-16,1,10
MEM-2025-LOT7,M04,-29,-16,4,21
MEM-2025-LOT7,M04,-28,-16,1,10
MEM-2025-LOT7,M04,-27,-16,1,10
MEM-2025-LOT7,M04,-26,-16,1,10
MEM-2025-LOT7,M04,-25,-16,1,10
MEM-2025-LOT7,M04,-24,-16,1,10
MEM-2025-LOT7,M04,-23,-16,1,10
MEM-2025-LOT7,M04,-22,-16,2,21
MEM-2025-LOT7,M04,-21,-16,1,10
MEM-2025-LOT7,M04,-20,-16,1,10
MEM-2025-LOT7,M04,-19,-16,1,10
MEM-2025-LOT7,M04,-18,-16,1,10
MEM-2025-LOT7,M04,-17,-16,4,30
MEM-2025-LOT7,M04,-16,-16,1,10
MEM-2025-LOT7,M04,-15,-16,1,10
MEM-2025-LOT7,M04,-14,-16,1,10
MEM-2025-LOT7,M04,-13,-16,1,10
MEM-2025-LOT7,M04,-12,-16,1,10
MEM-2025-LOT7,M04,-11,-16,1,10
MEM-2025-LOT7,M04,-10,-16,1,10
MEM-2025-LOT7,M04,-9,-16,1,10
MEM-2025-LOT7,M04,-8,-16,1,10
MEM-2025-LOT7,M04,-7,-16,1,10
MEM-2025-LOT7,M04,-6,-16,1,10
MEM-2025-LOT7,M04,-5,-16,2,20
MEM-2025-LOT7,M04,-4,-16,1,10
MEM-2025-LOT7,M04,-3,-16,1,10
MEM-2025-LOT7,M04,-2,-16,1,10
MEM-2025-LOT7,M04,-1,-16,1,10
MEM-2025-LOT7,M04,0,-16,1,10
MEM-2025-LOT7,M04,1,-16,1,10
MEM-2025-LOT7,M04,2,-16,1,10
MEM-2025-LOT7,M04,3,-16,1,10
MEM-2025-LOT7,M04,4,-16,1,10
MEM-2025-LOT7,M04,5,-16,1,10
MEM-2025-LOT7,M04,6,-16,1,10
MEM-2025-LOT7,M04,7,-16,1,10
MEM-2025-LOT7,M04,8,-16,1,10
MEM-2025-LOT7,M04,9,-16,1,10
MEM-2025-LOT7,M04,10,-16,1,10
MEM-2025-LOT7,M04,11,-16,1,10
MEM-2025-LOT7,M04,12,-16,1,10
MEM-2025-LOT7,M04,13,-16,1,10
MEM-2025-LOT7,M04,14,-16,1,10
MEM-2025-LOT7,M04,15,-16,1,10
MEM-2025-LOT7,M04,16,-16,1,10
MEM-2025-LOT7,M04,17,-16,1,10
MEM-2025-LOT7,M04,18,-16,1,10
MEM-2025-LOT7,M04,19,-16,1,10
MEM-2025-LOT7,M04,20,-16,1,10
MEM-2025-LOT7,M04,21,-16,1,10
MEM-2025-LOT7,M04,22,-16,1,10
MEM-2025-LOT7,M04,23,-16,4,20
MEM-2025-LOT7,M04,24,-16,3,20
MEM-2025-LOT7,M04,25,-16,2,20
MEM-2025-LOT7,M04,26,-16,3,22
MEM-2025-LOT7,M04,27,-16,2,21
MEM-2025-LOT7,M04,28,-16,1,10
MEM-2025-LOT7,M04,29,-16,2,22
MEM-2025-LOT7,M04,30,-16,4,31
MEM-2025-LOT7,M04,-30,-15,2,22
MEM-2025-LOT7,M04,-29,-15,3,31
MEM-2025-LOT7,M04,-28,-15,4,30
MEM-2025-LOT7,M04,-27,-15,2,31
MEM-2025-LOT7,M04,-26,-15,2,30
MEM-2025-LOT7,M04,-25,-15,1,10
MEM-2025-LOT7,M04,-24,-15,3,22
MEM-2025-LOT7,M04,-23,-15,1,10
MEM-2025-LOT7,M04,-22,-15,1,10
MEM-2025-LOT7,M04,-21,-15,1,10
MEM-2025-LOT7,M04,-20,-15,1,10
MEM-2025-LOT7,M04,-19,-15,1,10
MEM-2025-LOT7,M04,-18,-15,1,10
MEM-2025-LOT7,M04,-17,-15,1,10
MEM-2025-LOT7,M04,-16,-15,1,10
MEM-2025-LOT7,M04,-15,-15,1,10
MEM-2025-LOT7,M04,-14,-15,2,22
MEM-2025-LOT7,M04,-13,-15,1,10
MEM-2025-LOT7,M04,-12,-15,1,10
MEM-2025-LOT7,M04,-11,-15,1,10
MEM-2025-LOT7,M04,-10,-15,1,10
MEM-2025-LOT7,M04,-9,-15,1,10
MEM-2025-LOT7,M04,-8,-15,1,10
MEM-2025-LOT7,M04,-7,-15,1,10
MEM-2025-LOT7,M04,-6,-15,1,10
MEM-2025-LOT7,M04,-5,-15,1,10
MEM-2025-LOT7,M04,-4,-15,1,10
MEM-2025-LOT7,M04,-3,-15,1,10
MEM-2025-LOT7,M04,-2,-15,1,10
MEM-2025-LOT7,M04,-1,-15,1,10
MEM-2025-LOT7,M04,0,-15,1,10
MEM-2025-LOT7,M04,1,-15,1,10
MEM-2025-LOT7,M04,2,-15,1,10
MEM-2025-LOT7,M04,3,-15,1,10
MEM-2025-LOT7,M04,4,-15,1,10
MEM-2025-LOT7,M04,5,-15,1,10
MEM-2025-LOT7,M04,6,-15,1,10
MEM-2025-LOT7,M04,7,-15,1,10
MEM-2025-LOT7,M04,8,-15,1,10
MEM-2025-LOT7,M04,9,-15,1,10
MEM-2025-LOT7,M04,10,-15,1,10
MEM-2025-LOT7,M04,11,-15,1,10
MEM-2025-LOT7,M04,12,-15,1,10
MEM-2025-LOT7,M04,13,-15,1,10
MEM-2025-LOT7,M04,14,-15,4,20
MEM-2025-LOT7,M04,15,-15,1,10
MEM-2025-LOT7,M04,16,-15,1,10
MEM-2025-LOT7,M04,17,-15,1,10
MEM-2025-LOT7,M04,18,-15,1,10
MEM-2025-LOT7,M04,19,-15,1,10
MEM-2025-LOT7,M04,20,-15,1,10
MEM-2025-LOT7,M04,21,-15,1,10
MEM-2025-LOT7,M04,22,-15,1,10
MEM-2025-LOT7,M04,23,-15,1,10
MEM-2025-LOT7,M04,24,-15,1,10
MEM-2025-LOT7,M04,25,-15,1,10
MEM-2025-LOT7,M04,26,-15,4,20
MEM-2025-LOT7,M04,27,-15,1,10
MEM-2025-LOT7,M04,28,-15,1,10
MEM-2025-LOT7,M04,29,-15,1,10
MEM-2025-LOT7,M04,30,-15,1,10
MEM-2025-LOT7,M04,-30,-14,1,10
MEM-2025-LOT7,M04,-29,-14,2,20
MEM-2025-LOT7,M04,-28,-14,1,10
MEM-2025-LOT7,M04,-27,-14,2,21
MEM-2025-LOT7,M04,-26,-14,2,22
MEM-2025-LOT7,M04,-25,-14,3,22
MEM-2025-LOT7,M04,-24,-14,1,10
MEM-2025-LOT7,M04,-23,-14,2,20
MEM-2025-LOT7,M04,-22,-14,1,10
MEM-2025-LOT7,M04,-21,-14,1,10
MEM-2025-LOT7,M04,-20,-14,1,10
MEM-2025-LOT7,M04,-19,-14,1,10
MEM-2025-LOT7,M04,-18,-14,1,10
MEM-2025-LOT7,M04,-17,-14,1,10
MEM-2025-LOT7,M04,-16,-14,1,10
MEM-2025-LOT7,M04,-15,-14,1,10
MEM-2025-LOT7,M04,-14,-14,1,10
MEM-2025-LOT7,M04,-13,-14,1,10
MEM-2025-LOT7,M04,-12,-14,1,10
MEM-2025-LOT7,M04,-11,-14,1,10
MEM-2025-LOT7,M04,-10,-14,1,10
MEM-2025-LOT7,M04,-9,-14,1,10
MEM-2025-LOT7,M04,-8,-14,1,10
MEM-2025-LOT7,M04,-7,-14,1,10
MEM-2025-LOT7,M04,-6,-14,1,10
MEM-2025-LOT7,M04,-5,-14,1,10
MEM-2025-LOT7,M04,-4,-14,1,10
MEM-2025-LOT7,M04,-3,-14,1,10
MEM-2025-LOT7,M04,-2,-14,1,10
MEM-2025-LOT7,M04,-1,-14,1,10
MEM-2025-LOT7,M04,0,-14,1,10
MEM-2025-LOT7,M04,1,-14,1,10
MEM-2025-LOT7,M04,2,-14,1,10
MEM-2025-LOT7,M04,3,-14,1,10
MEM-2025-LOT7,M04,4,-14,1,10
MEM-2025-LOT7,M04,5,-14,1,10
MEM-2025-LOT7,M04,6,-14,1,10
MEM-2025-LOT7,M04,7,-14,1,10
MEM-2025-LOT7,M04,8,-14,1,10
MEM-2025-LOT7,M04,9,-14,1,10
MEM-2025-LOT7,M04,10,-14,1,10
MEM-2025-LOT7,M04,11,-14,1,10
MEM-2025-LOT7,M04,12,-14,1,10
MEM-2025-LOT7,M04,13,-14,1,10
MEM-2025-LOT7,M04,14,-14,1,10
MEM-2025-LOT7,M04,15,-14,1,10
MEM-2025-LOT7,M04,16,-14,1,10
MEM-2025-LOT7,M04,17,-14,1,10
MEM-2025-LOT7,M04,18,-14,1,10
MEM-2025-LOT7,M04,19,-14,1,10
MEM-2025-LOT7,M04,20,-14,1,10
MEM-2025-LOT7,M04,21,-14,1,10
MEM-2025-LOT7,M04,22,-14,3,31
MEM-2025-LOT7,M04,23,-14,1,10
MEM-2025-LOT7,M04,24,-14,2,31
MEM-2025-LOT7,M04,25,-14,2,21
MEM-2025-LOT7,M04,26,-14,1,10
MEM-2025-LOT7,M04,27,-14,2,20
MEM-2025-LOT7,M04,28,-14,1,10
MEM-2025-LOT7,M04,29,-14,1,10
MEM-2025-LOT7,M04,30,-14,1,10
MEM-2025-LOT7,M04,-31,-13,1,10
MEM-2025-LOT7,M04,-30,-13,1,10
MEM-2025-LOT7,M04,-29,-13,2,22
MEM-2025-LOT7,M04,-28,-13,1,10
MEM-2025-LOT7,M04,-27,-13,2,30
MEM-2025-LOT7,M04,-26,-13,1,10
MEM-2025-LOT7,M04,-25,-13,1,10
MEM-2025-LOT7,M04,-24,-13,1,10
MEM-2025-LOT7,M04,-23,-13,1,10
MEM-2025-LOT7,M04,-22,-13,1,10
MEM-2025-LOT7,M04,-21,-13,1,10
MEM-2025-LOT7,M04,-20,-13,1,10
MEM-2025-LOT7,M04,-19,-13,1,10
MEM-2025-LOT7,M04,-18,-13,1,10
MEM-2025-LOT7,M04,-17,-13,1,10
MEM-2025-LOT7,M04,-16,-13,1,10
MEM-2025-LOT7,M04,-15,-13,1,10
MEM-2025-LOT7,M04,-14,-13,1,10
MEM-2025-LOT7,M04,-13,-13,1,10
MEM-2025-LOT7,M04,-12,-13,1,10
MEM-2025-LOT7,M04,-11,-13,1,10
MEM-2025-LOT7,M04,-10,-13,1,10
MEM-2025-LOT7,M04,-9,-13,1,10
MEM-2025-LOT7,M04,-8,-13,1,10
MEM-2025-LOT7,M04,-7,-13,1,10
MEM-2025-LOT7,M04,-6,-13,1,10
MEM-2025-LOT7,M04,-5,-13,1,10
MEM-2025-LOT7,M04,-4,-13,3,21
MEM-2025-LOT7,M04,-3,-13,1,10
MEM-2025-LOT7,M04,-2,-13,1,10
MEM-2025-LOT7,M04,-1,-13,1,10
MEM-2025-LOT7,M04,0,-13,1,10
MEM-2025-LOT7,M04,1,-13,1,10
MEM-2025-LOT7,M04,2,-13,1,10
MEM-2025-LOT7,M04,3,-13,1,10
MEM-2025-LOT7,M04,4,-13,1,10
MEM-2025-LOT7,M04,5,-13,1,10
MEM-2025-LOT7,M04,6,-13,1,10
MEM-2025-LOT7,M04,7,-13,1,10
MEM-2025-LOT7,M04,8,-13,1,10
MEM-2025-LOT7,M04,9,-13,1,10
MEM-2025-LOT7,M04,10,-13,2,31
MEM-2025-LOT7,M04,11,-13,1,10
MEM-2025-LOT7,M04,12,-13,1,10
MEM-2025-LOT7,M04,13,-13,1,10
MEM-2025-LOT7,M04,14,-13,1,10
MEM-2025-LOT7,M04,15,-13,1,10
MEM-2025-LOT7,M04,16,-13,1,10
MEM-2025-LOT7,M04,17,-13,1,10
MEM-2025-LOT7,M04,18,-13,1,10
MEM-2025-LOT7,M04,19,-13,1,10
MEM-2025-LOT7,M04,20,-13,1,10
MEM-2025-LOT7,M04,21,-13,1,10
MEM-2025-LOT7,M04,22,-13,1,10
MEM-2025-LOT7,M04,23,-13,2,31
MEM-2025-LOT7,M04,24,-13,1,10
MEM-2025-LOT7,M04,25,-13,2,20
MEM-2025-LOT7,M04,26,-13,1,10
MEM-2025-LOT7,M04,27,-13,2,21
MEM-2025-LOT7,M04,28,-13,2,22
MEM-2025-LOT7,M04,29,-13,3,30
MEM-2025-LOT7,M04,30,-13,2,30
MEM-2025-LOT7,M04,31,-13,1,10
MEM-2025-LOT7,M04,-31,-12,1,10
MEM-2025-LOT7,M04,-30,-12,1,10
MEM-2025-LOT7,M04,-29,-12,1,10
MEM-2025-LOT7,M04,-28,-12,2,21
MEM-2025-LOT7,M04,-27,-12,2,30
MEM-2025-LOT7,M04,-26,-12,2,20
MEM-2025-LOT7,M04,-25,-12,1,10
MEM-2025-LOT7,M04,-24,-12,1,10
MEM-2025-LOT7,M04,-23,-12,2,20
MEM-2025-LOT7,M04,-22,-12,1,10
MEM-2025-LOT7,M04,-21,-12,1,10
MEM-2025-LOT7,M04,-20,-12,1,10
MEM-2025-LOT7,M04,-19,-12,1,10
MEM-2025-LOT7,M04,-18,-12,1,10
MEM-2025-LOT7,M04,-17,-12,1,10
MEM-2025-LOT7,M04,-16,-12,1,10
MEM-2025-LOT7,M04,-15,-12,1,10
MEM-2025-LOT7,M04,-14,-12,1,10
MEM-2025-LOT7,M04,-13,-12,1,10
MEM-2025-LOT7,M04,-12,-12,1,10
MEM-2025-LOT7,M04,-11,-12,1,10
MEM-2025-LOT7,M04,-10,-12,1,10
MEM-2025-LOT7,M04,-9,-12,1,10
MEM-2025-LOT7,M04,-8,-12,1,10
MEM-2025-LOT7,M04,-7,-12,3,22
MEM-2025-LOT7,M04,-6,-12,1,10
MEM-2025-LOT7,M04,-5,-12,1,10
MEM-2025-LOT7,M04,-4,-12,1,10
MEM-2025-LOT7,M04,-3,-12,1,10
MEM-2025-LOT7,M04,-2,-12,1,10
MEM-2025-LOT7,M04,-1,-12,1,10
MEM-2025-LOT7,M04,0,-12,1,10
MEM-2025-LOT7,M04,1,-12,1,10
MEM-2025-LOT7,M04,2,-12,1,10
MEM-2025-LOT7,M04,3,-12,1,10
MEM-2025-LOT7,M04,4,-12,1,10
MEM-2025-LOT7,M04,5,-12,1,10
MEM-2025-LOT7,M04,6,-12,1,10
MEM-2025-LOT7,M04,7,-12,1,10
MEM-2025-LOT7,M04,8,-12,1,10
MEM-2025-LOT7,M04,9,-12,1,10
MEM-2025-LOT7,M04,10,-12,1,10
MEM-2025-LOT7,M04,11,-12,1,10
MEM-2025-LOT7,M04,12,-12,1,10
MEM-2025-LOT7,M04,13,-12,1,10
MEM-2025-LOT7,M04,14,-12,1,10
MEM-2025-LOT7,M04,15,-12,1,10
MEM-2025-LOT7,M04,16,-12,1,10
MEM-2025-LOT7,M04,17,-12,1,10
MEM-2025-LOT7,M04,18,-12,1,10
MEM-2025-LOT7,M04,19,-12,1,10
MEM-2025-LOT7,M04,20,-12,1,10
MEM-2025-LOT7,M04,21,-12,1,10
MEM-2025-LOT7,M04,22,-12,1,10
MEM-2025-LOT7,M04,23,-12,2,31
MEM-2025-LOT7,M04,24,-12,1,10
MEM-2025-LOT7,M04,25,-12,3,30
MEM-2025-LOT7,M04,26,-12,1,10
MEM-2025-LOT7,M04,27,-12,1,10
MEM-2025-LOT7,M04,28,-12,1,10
MEM-2025-LOT7,M04,29,-12,1,10
MEM-2025-LOT7,M04,30,-12,1,10
MEM-2025-LOT7,M04,31,-12,1,10
MEM-2025-LOT7,M04,-31,-11,1,10
MEM-2025-LOT7,M04,-30,-11,1,10
MEM-2025-LOT7,M04,-29,-11,3,31
MEM-2025-LOT7,M04,-28,-11,1,10
MEM-2025-LOT7,M04,-27,-11,2,30
MEM-2025-LOT7,M04,-26,-11,4,31
MEM-2025-LOT7,M04,-25,-11,2,20
MEM-2025-LOT7,M04,-24,-11,2,22
MEM-2025-LOT7,M04,-23,-11,1,10
MEM-2025-LOT7,M04,-22,-11,1,10
MEM-2025-LOT7,M04,-21,-11,1,10
MEM-2025-LOT7,M04,-20,-11,1,10
MEM-2025-LOT7,M04,-19,-11,1,10
MEM-2025-LOT7,M04,-18,-11,1,10
MEM-2025-LOT7,M04,-17,-11,1,10
MEM-2025-LOT7,M04,-16,-11,1,10
MEM-2025-LOT7,M04,-15,-11,1,10
MEM-2025-LOT7,M04,-14,-11,1,10
MEM-2025-LOT7,M04,-13,-11,3,22
MEM-2025-LOT7,M04,-12,-11,1,10
MEM-2025-LOT7,M04,-11,-11,1,10
MEM-2025-LOT7,M04,-10,-11,1,10
MEM-2025-LOT7,M04,-9,-11,1,10
MEM-2025-LOT7,M04,-8,-11,1,10
MEM-2025-LOT7,M04,-7,-11,1,10
MEM-2025-LOT7,M04,-6,-11,1,10
MEM-2025-LOT7,M04,-5,-11,1,10
MEM-2025-LOT7,M04,-4,-11,1,10
MEM-2025-LOT7,M04,-3,-11,1,10
MEM-2025-LOT7,M04,-2,-11,1,10
MEM-2025-LOT7,M04,-1,-11,1,10
MEM-2025-LOT7,M04,0,-11,1,10
MEM-2025-LOT7,M04,1,-11,1,10
MEM-2025-LOT7,M04,2,-11,1,10
MEM-2025-LOT7,M04,3,-11,2,30
MEM-2025-LOT7,M04,4,-11,1,10
MEM-2025-LOT7,M04,5,-11,1,10
MEM-2025-LOT7,M04,6,-11,1,10
MEM-2025-LOT7,M04,7,-11,1,10
MEM-2025-LOT7,M04,8,-11,1,10
MEM-2025-LOT7,M04,9,-11,1,10
MEM-2025-LOT7,M04,10,-11,1,10
MEM-2025-LOT7,M04,11,-11,1,10
MEM-2025-LOT7,M04,12,-11,1,10
MEM-2025-LOT7,M04,13,-11,1,10
MEM-2025-LOT7,M04,14,-11,2,21
MEM-2025-LOT7,M04,15,-11,1,10
MEM-2025-LOT7,M04,16,-11,1,10
MEM-2025-LOT7,M04,17,-11,1,10
MEM-2025-LOT7,M04,18,-11,1,10
MEM-2025-LOT7,M04,19,-11,3,21
MEM-2025-LOT7,M04,20,-11,1,10
MEM-2025-LOT7,M04,21,-11,1,10
MEM-2025-LOT7,M04,22,-11,1,10
MEM-2025-LOT7,M04,23,-11,1,10
MEM-2025-LOT7,M04,24,-11,1,10
MEM-2025-LOT7,M04,25,-11,1,10
MEM-2025-LOT7,M04,26,-11,1,10
MEM-2025-LOT7,M04,27,-11,2,20
MEM-2025-LOT7,M04,28,-11,1,10
MEM-2025-LOT7,M04,29,-11,3,31
MEM-2025-LOT7,M04,30,-11,4,21
MEM-2025-LOT7,M04,31,-11,1,10
MEM-2025-LOT7,M04,-31,-10,2,21
MEM-2025-LOT7,M04,-30,-10,1,10
MEM-2025-LOT7,M04,-29,-10,1,10
MEM-2025-LOT7,M04,-28,-10,1,10
MEM-2025-LOT7,M04,-27,-10,2,20
MEM-2025-LOT7,M04,-26,-10,1,10
MEM-2025-LOT7,M04,-25,-10,1,10
MEM-2025-LOT7,M04,-24,-10,1,10
MEM-2025-LOT7,M04,-23,-10,1,10
MEM-2025-LOT7,M04,-22,-10,1,10
MEM-2025-LOT7,M04,-21,-10,1,10
MEM-2025-LOT7,M04,-20,-10,1,10
MEM-2025-LOT7,M04,-19,-10,1,10
MEM-2025-LOT7,M04,-18,-10,1,10
MEM-2025-LOT7,M04,-17,-10,1,10
MEM-2025-LOT7,M04,-16,-10,1,10
MEM-2025-LOT7,M04,-15,-10,1,10
MEM-2025-LOT7,M04,-14,-10,1,10
MEM-2025-LOT7,M04,-13,-10,1,10
MEM-2025-LOT7,M04,-12,-10,3,20
MEM-2025-LOT7,M04,-11,-10,1,10
MEM-2025-LOT7,M04,-10,-10,1,10
MEM-2025-LOT7,M04,-9,-10,1,10
MEM-2025-LOT7,M04,-8,-10,1,10
MEM-2025-LOT7,M04,-7,-10,1,10
MEM-2025-LOT7,M04,-6,-10,1,10
MEM-2025-LOT7,M04,-5,-10,1,10
MEM-2025-LOT7,M04,-4,-10,1,10
MEM-2025-LOT7,M04,-3,-10,1,10
MEM-2025-LOT7,M04,-2,-10,1,10
MEM-2025-LOT7,M04,-1,-10,1,10
MEM-2025-LOT7,M04,0,-10,1,10
MEM-2025-LOT7,M04,1,-10,1,10
MEM-2025-LOT7,M04,2,-10,1,10
MEM-2025-LOT7,M04,3,-10,1,10
MEM-2025-LOT7,M04,4,-10,1,10
MEM-2025-LOT7,M04,5,-10,1,10
MEM-2025-LOT7,M04,6,-10,1,10
MEM-2025-LOT7,M04,7,-10,1,10
MEM-2025-LOT7,M04,8,-10,1,10
MEM-2025-LOT7,M04,9,-10,1,10
MEM-2025-LOT7,M04,10,-10,1,10
MEM-2025-LOT7,M04,11,-10,1,10
MEM-2025-LOT7,M04,12,-10,1,10
MEM-2025-LOT7,M04,13,-10,1,10
MEM-2025-LOT7,M04,14,-10,1,10
MEM-2025-LOT7,M04,15,-10,1,10
MEM-2025-LOT7,M04,16,-10,1,10
MEM-2025-LOT7,M04,17,-10,1,10
MEM-2025-LOT7,M04,18,-10,1,10
MEM-2025-LOT7,M04,19,-10,1,10
MEM-2025-LOT7,M04,20,-10,1,10
MEM-2025-LOT7,M04,21,-10,1,10
MEM-2025-LOT7,M04,22,-10,1,10
MEM-2025-LOT7,M04,23,-10,1,10
MEM-2025-LOT7,M04,24,-10,1,10
MEM-2025-LOT7,M04,25,-10,3,20
MEM-2025-LOT7,M04,26,-10,3,30
MEM-2025-LOT7,M04,27,-10,1,10
MEM-2025-LOT7,M04,28,-10,1,10
MEM-2025-LOT7,M04,29,-10,1,10
MEM-2025-LOT7,M04,30,-10,3,21
MEM-2025-LOT7,M04,31,-10,1,10
MEM-2025-LOT7,M04,-31,-9,3,21
MEM-2025-LOT7,M04,-30,-9,1,10
MEM-2025-LOT7,M04,-29,-9,3,21
MEM-2025-LOT7,M04,-28,-9,3,21
MEM-2025-LOT7,M04,-27,-9,1,10
MEM-2025-LOT7,M04,-26,-9,1,10
MEM-2025-LOT7,M04,-25,-9,1,10
MEM-2025-LOT7,M04,-24,-9,1,10
MEM-2025-LOT7,M04,-23,-9,2,30
MEM-2025-LOT7,M04,-22,-9,1,10
MEM-2025-LOT7,M04,-21,-9,1,10
MEM-2025-LOT7,M04,-20,-9,1,10
MEM-2025-LOT7,M04,-19,-9,1,10
MEM-2025-LOT7,M04,-18,-9,1,10
MEM-2025-LOT7,M04,-17,-9,1,10
MEM-2025-LOT7,M04,-16,-9,1,10
MEM-2025-LOT7,M04,-15,-9,1,10
MEM-2025-LOT7,M04,-14,-9,1,10
MEM-2025-LOT7,M04,-13,-9,1,10
MEM-2025-LOT7,M04,-12,-9,1,10
MEM-2025-LOT7,M04,-11,-9,1,10
MEM-2025-LOT7,M04,-10,-9,1,10
MEM-2025-LOT7,M04,-9,-9,1,10
MEM-2025-LOT7,M04,-8,-9,1,10
MEM-2025-LOT7,M04,-7,-9,1,10
MEM-2025-LOT7,M04,-6,-9,1,10
MEM-2025-LOT7,M04,-5,-9,1,10
MEM-2025-LOT7,M04,-4,-9,1,10
MEM-2025-LOT7,M04,-3,-9,2,31
MEM-2025-LOT7,M04,-2,-9,1,10
MEM-2025-LOT7,M04,-1,-9,1,10
MEM-2025-LOT7,M04,0,-9,1,10
MEM-2025-LOT7,M04,1,-9,1,10
MEM-2025-LOT7,M04,2,-9,1,10
MEM-2025-LOT7,M04,3,-9,1,10
MEM-2025-LOT7,M04,4,-9,1,10
MEM-2025-LOT7,M04,5,-9,1,10
MEM-2025-LOT7,M04,6,-9,1,10
MEM-2025-LOT7,M04,7,-9,1,10
MEM-2025-LOT7,M04,8,-9,1,10
MEM-2025-LOT7,M04,9,-9,1,10
MEM-2025-LOT7,M04,10,-9,1,10
MEM-2025-LOT7,M04,11,-9,1,10
MEM-2025-LOT7,M04,12,-9,1,10
MEM-2025-LOT7,M04,13,-9,1,10
MEM-2025-LOT7,M04,14,-9,1,10
MEM-2025-LOT7,M04,15,-9,1,10
MEM-2025-LOT7,M04,16,-9,1,10
MEM-2025-LOT7,M04,17,-9,1,10
MEM-2025-LOT7,M04,18,-9,1,10
MEM-2025-LOT7,M04,19,-9,1,10
MEM-2025-LOT7,M04,20,-9,1,10
MEM-2025-LOT7,M04,21,-9,1,10
MEM-2025-LOT7,M04,22,-9,1,10
MEM-2025-LOT7,M04,23,-9,1,10
MEM-2025-LOT7,M04,24,-9,2,31
MEM-2025-LOT7,M04,25,-9,1,10
MEM-2025-LOT7,M04,26,-9,1,10
MEM-2025-LOT7,M04,27,-9,1,10
MEM-2025-LOT7,M04,28,-9,2,31
MEM-2025-LOT7,M04,29,-9,2,30
MEM-2025-LOT7,M04,30,-9,1,10
MEM-2025-LOT7,M04,31,-9,1,10
MEM-2025-LOT7,M04,-31,-8,1,10
MEM-2025-LOT7,M04,-30,-8,4,20
MEM-2025-LOT7,M04,-29,-8,1,10
MEM-2025-LOT7,M04,-28,-8,2,30
MEM-2025-LOT7,M04,-27,-8,1,10
MEM-2025-LOT7,M04,-26,-8,2,31
MEM-2025-LOT7,M04,-25,-8,2,20
MEM-2025-LOT7,M04,-24,-8,2,20
MEM-2025-LOT7,M04,-23,-8,1,10
MEM-2025-LOT7,M04,-22,-8,1,10
MEM-2025-LOT7,M04,-21,-8,1,10
MEM-2025-LOT7,M04,-20,-8,1,10
MEM-2025-LOT7,M04,-19,-8,1,10
MEM-2025-LOT7,M04,-18,-8,1,10
MEM-2025-LOT7,M04,-17,-8,1,10
MEM-2025-LOT7,M04,-16,-8,1,10
MEM-2025-LOT7,M04,-15,-8,1,10
MEM-2025-LOT7,M04,-14,-8,1,10
MEM-2025-LOT7,M04,-13,-8,1,10
MEM-2025-LOT7,M04,-12,-8,1,10
MEM-2025-LOT7,M04,-11,-8,1,10
MEM-2025-LOT7,M04,-10,-8,1,10
MEM-2025-LOT7,M04,-9,-8,1,10
MEM-2025-LOT7,M04,-8,-8,1,10
MEM-2025-LOT7,M04,-7,-8,1,10
MEM-2025-LOT7,M04,-6,-8,1,10
MEM-2025-LOT7,M04,-5,-8,1,10
MEM-2025-LOT7,M04,-4,-8,1,10
MEM-2025-LOT7,M04,-3,-8,1,10
MEM-2025-LOT7,M04,-2,-8,1,10
MEM-2025-LOT7,M04,-1,-8,1,10
MEM-2025-LOT7,M04,0,-8,1,10
MEM-2025-LOT7,M04,1,-8,1,10
MEM-2025-LOT7,M04,2,-8,1,10
MEM-2025-LOT7,M04,3,-8,1,10
MEM-2025-LOT7,M04,4,-8,1,10
MEM-2025-LOT7,M04,5,-8,1,10
MEM-2025-LOT7,M04,6,-8,1,10
MEM-2025-LOT7,M04,7,-8,1,10
MEM-2025-LOT7,M04,8,-8,1,10
MEM-2025-LOT7,M04,9,-8,1,10
MEM-2025-LOT7,M04,10,-8,1,10
MEM-2025-LOT7,M04,11,-8,1,10
MEM-2025-LOT7,M04,12,-8,1,10
MEM-2025-LOT7,M04,13,-8,1,10
MEM-2025-LOT7,M04,14,-8,1,10
MEM-2025-LOT7,M04,15,-8,1,10
MEM-2025-LOT7,M04,16,-8,1,10
MEM-2025-LOT7,M04,17,-8,1,10
MEM-2025-LOT7,M04,18,-8,1,10
MEM-2025-LOT7,M04,19,-8,3,20
MEM-2025-LOT7,M04,20,-8,1,10
MEM-2025-LOT7,M04,21,-8,1,10
MEM-2025-LOT7,M04,22,-8,1,10
MEM-2025-LOT7,M04,23,-8,1,10
MEM-2025-LOT7,M04,24,-8,2,21
MEM-2025-LOT7,M04,25,-8,1,10
MEM-2025-LOT7,M04,26,-8,1,10
MEM-2025-LOT7,M04,27,-8,1,10
MEM-2025-LOT7,M04,28,-8,1,10
MEM-2025-LOT7,M04,29,-8,4,20
MEM-2025-LOT7,M04,30,-8,2,20
MEM-2025-LOT7,M04,31,-8,1,10
MEM-2025-LOT7,M04,-31,-7,2,31
MEM-2025-LOT7,M04,-30,-7,4,20
MEM-2025-LOT7,M04,-29,-7,2,20
MEM-2025-LOT7,M04,-28,-7,1,10
MEM-2025-LOT7,M04,-27,-7,1,10
MEM-2025-LOT7,M04,-26,-7,1,10
MEM-2025-LOT7,M04,-25,-7,2,21
MEM-2025-LOT7,M04,-24,-7,3,22
MEM-2025-LOT7,M04,-23,-7,1,10
MEM-2025-LOT7,M04,-22,-7,1,10
MEM-2025-LOT7,M04,-21,-7,1,10
MEM-2025-LOT7,M04,-20,-7,1,10
MEM-2025-LOT7,M04,-19,-7,1,10
MEM-2025-LOT7,M04,-18,-7,1,10
MEM-2025-LOT7,M04,-17,-7,1,10
MEM-2025-LOT7,M04,-16,-7,1,10
MEM-2025-LOT7,M04,-15,-7,1,10
MEM-2025-LOT7,M04,-14,-7,1,10
MEM-2025-LOT7,M04,-13,-7,1,10
MEM-2025-LOT7,M04,-12,-7,1,10
MEM-2025-LOT7,M04,-11,-7,1,10
MEM-2025-LOT7,M04,-10,-7,1,10
MEM-2025-LOT7,M04,-9,-7,1,10
MEM-2025-LOT7,M04,-8,-7,1,10
MEM-2025-LOT7,M04,-7,-7,1,10
MEM-2025-LOT7,M04,-6,-7,1,10
MEM-2025-LOT7,M04,-5,-7,1,10
MEM-2025-LOT7,M04,-4,-7,1,10
MEM-2025-LOT7,M04,-3,-7,1,10
MEM-2025-LOT7,M04,-2,-7,1,10
MEM-2025-LOT7,M04,-1,-7,1,10
MEM-2025-LOT7,M04,0,-7,1,10
MEM-2025-LOT7,M04,1,-7,1,10
MEM-2025-LOT7,M04,2,-7,1,10
MEM-2025-LOT7,M04,3,-7,1,10
MEM-2025-LOT7,M04,4,-7,1,10
MEM-2025-LOT7,M04,5,-7,1,10
MEM-2025-LOT7,M04,6,-7,1,10
MEM-2025-LOT7,M04,7,-7,1,10
MEM-2025-LOT7,M04,8,-7,1,10
MEM-2025-LOT7,M04,9,-7,1,10
MEM-2025-LOT7,M04,10,-7,1,10
MEM-2025-LOT7,M04,11,-7,1,10
MEM-2025-LOT7,M04,12,-7,1,10
MEM-2025-LOT7,M04,13,-7,1,10
MEM-2025-LOT7,M04,14,-7,1,10
MEM-2025-LOT7,M04,15,-7,1,10
MEM-2025-LOT7,M04,16,-7,2,20
MEM-2025-LOT7,M04,17,-7,1,10
MEM-2025-LOT7,M04,18,-7,1,10
MEM-2025-LOT7,M04,19,-7,1,10
MEM-2025-LOT7,M04,20,-7,1,10
MEM-2025-LOT7,M04,21,-7,1,10
MEM-2025-LOT7,M04,22,-7,1,10
MEM-2025-LOT7,M04,23,-7,1,10
MEM-2025-LOT7,M04,24,-7,4,22
MEM-2025-LOT7,M04,25,-7,1,10
MEM-2025-LOT7,M04,26,-7,3,31
MEM-2025-LOT7,M04,27,-7,1,10
MEM-2025-LOT7,M04,28,-7,1,10
MEM-2025-LOT7,M04,29,-7,1,10
MEM-2025-LOT7,M04,30,-7,2,21
MEM-2025-LOT7,M04,31,-7,1,10
MEM-2025-LOT7,M04,-32,-6,2,31
MEM-2025-LOT7,M04,-31,-6,1,10
MEM-2025-LOT7,M04,-30,-6,1,10
MEM-2025-LOT7,M04,-29,-6,1,10
MEM-2025-LOT7,M04,-28,-6,2,21
MEM-2025-LOT7,M04,-27,-6,1,10
MEM-2025-LOT7,M04,-26,-6,1,10
MEM-2025-LOT7,M04,-25,-6,1,10
MEM-2025-LOT7,M04,-24,-6,1,10
MEM-2025-LOT7,M04,-23,-6,1,10
MEM-2025-LOT7,M04,-22,-6,1,10
MEM-2025-LOT7,M04,-21,-6,1,10
MEM-2025-LOT7,M04,-20,-6,1,10
MEM-2025-LOT7,M04,-19,-6,1,10
MEM-2025-LOT7,M04,-18,-6,1,10
MEM-2025-LOT7,M04,-17,-6,1,10
MEM-2025-LOT7,M04,-16,-6,1,10
MEM-2025-LOT7,M04,-15,-6,1,10
MEM-2025-LOT7,M04,-14,-6,1,10
MEM-2025-LOT7,M04,-13,-6,1,10
MEM-2025-LOT7,M04,-12,-6,1,10
MEM-2025-LOT7,M04,-11,-6,2,31
MEM-2025-LOT7,M04,-10,-6,1,10
MEM-2025-LOT7,M04,-9,-6,1,10
MEM-2025-LOT7,M04,-8,-6,1,10
MEM-2025-LOT7,M04,-7,-6,1,10
MEM-2025-LOT7,M04,-6,-6,1,10
MEM-2025-LOT7,M04,-5,-6,1,10
MEM-2025-LOT7,M04,-4,-6,1,10
MEM-2025-LOT7,M04,-3,-6,1,10
MEM-2025-LOT7,M04,-2,-6,1,10
MEM-2025-LOT7,M04,-1,-6,1,10
MEM-2025-LOT7,M04,0,-6,1,10
MEM-2025-LOT7,M04,1,-6,1,10
MEM-2025-LOT7,M04,2,-6,1,10
MEM-2025-LOT7,M04,3,-6,1,10
MEM-2025-LOT7,M04,4,-6,1,10
MEM-2025-LOT7,M04,5,-6,1,10
MEM-2025-LOT7,M04,6,-6,1,10
MEM-2025-LOT7,M04,7,-6,1,10
MEM-2025-LOT7,M04,8,-6,1,10
MEM-2025-LOT7,M04,9,-6,1,10
MEM-2025-LOT7,M04,10,-6,1,10
MEM-2025-LOT7,M04,11,-6,1,10
MEM-2025-LOT7,M04,12,-6,1,10
MEM-2025-LOT7,M04,13,-6,1,10
MEM-2025-LOT7,M04,14,-6,1,10
MEM-2025-LOT7,M04,15,-6,1,10
MEM-2025-LOT7,M04,16,-6,1,10
MEM-2025-LOT7,M04,17,-6,1,10
MEM-2025-LOT7,M04,18,-6,1,10
MEM-2025-LOT7,M04,19,-6,1,10
MEM-2025-LOT7,M04,20,-6,1,10
MEM-2025-LOT7,M04,21,-6,1,10
MEM-2025-LOT7,M04,22,-6,1,10
MEM-2025-LOT7,M04,23,-6,1,10
MEM-2025-LOT7,M04,24,-6,1,10
MEM-2025-LOT7,M04,25,-6,3,20
MEM-2025-LOT7,M04,26,-6,2,30
MEM-2025-LOT7,M04,27,-6,4,31
MEM-2025-LOT7,M04,28,-6,2,31
MEM-2025-LOT7,M04,29,-6,1,10
MEM-2025-LOT7,M04,30,-6,1,10
MEM-2025-LOT7,M04,31,-6,1,10
MEM-2025-LOT7,M04,32,-6,4,30
MEM-2025-LOT7,M04,-32,-5,1,10
MEM-2025-LOT7,M04,-31,-5,1,10
MEM-2025-LOT7,M04,-30,-5,3,30
MEM-2025-LOT7,M04,-29,-5,2,22
MEM-2025-LOT7,M04,-28,-5,1,10
MEM-2025-LOT7,M04,-27,-5,2,21
MEM-2025-LOT7,M04,-26,-5,3,20
MEM-2025-LOT7,M04,-25,-5,2,31
MEM-2025-LOT7,M04,-24,-5,1,10
MEM-2025-LOT7,M04,-23,-5,1,10
MEM-2025-LOT7,M04,-22,-5,1,10
MEM-2025-LOT7,M04,-21,-5,1,10
MEM-2025-LOT7,M04,-20,-5,1,10
MEM-2025-LOT7,M04,-19,-5,1,10
MEM-2025-LOT7,M04,-18,-5,1,10
MEM-2025-LOT7,M04,-17,-5,1,10
MEM-2025-LOT7,M04,-16,-5,1,10
MEM-2025-LOT7,M04,-15,-5,1,10
MEM-2025-LOT7,M04,-14,-5,1,10
MEM-2025-LOT7,M04,-13,-5,1,10
MEM-2025-LOT7,M04,-12,-5,1,10
MEM-2025-LOT7,M04,-11,-5,1,10
MEM-2025-LOT7,M04,-10,-5,1,10
MEM-2025-LOT7,M04,-9,-5,1,10
MEM-2025-LOT7,M04,-8,-5,1,10
MEM-2025-LOT7,M04,-7,-5,3,21
MEM-2025-LOT7,M04,-6,-5,1,10
MEM-2025-LOT7,M04,-5,-5,1,10
MEM-2025-LOT7,M04,-4,-5,1,10
MEM-2025-LOT7,M04,-3,-5,1,10
MEM-2025-LOT7,M04,-2,-5,2,30
MEM-2025-LOT7,M04,-1,-5,1,10
MEM-2025-LOT7,M04,0,-5,1,10
MEM-2025-LOT7,M04,1,-5,1,10
MEM-2025-LOT7,M04,2,-5,1,10
MEM-2025-LOT7,M04,3,-5,1,10
MEM-2025-LOT7,M04,4,-5,3,22
MEM-2025-LOT7,M04,5,-5,1,10
MEM-2025-LOT7,M04,6,-5,1,10
MEM-2025-LOT7,M04,7,-5,1,10
MEM-2025-LOT7,M04,8,-5,1,10
MEM-2025-LOT7,M04,9,-5,3,21
MEM-2025-LOT7,M04,10,-5,1,10
MEM-2025-LOT7,M04,11,-5,1,10
MEM-2025-LOT7,M04,12,-5,1,10
MEM-2025-LOT7,M04,13,-5,1,10
MEM-2025-LOT7,M04,14,-5,1,10
MEM-2025-LOT7,M04,15,-5,1,10
MEM-2025-LOT7,M04,16,-5,3,21
MEM-2025-LOT7,M04,17,-5,1,10
MEM-2025-LOT7,M04,18,-5,1,10
MEM-2025-LOT7,M04,19,-5,1,10
MEM-2025-LOT7,M04,20,-5,1,10
MEM-2025-LOT7,M04,21,-5,1,10
MEM-2025-LOT7,M04,22,-5,1,10
MEM-2025-LOT7,M04,23,-5,1,10
MEM-2025-LOT7,M04,24,-5,1,10
MEM-2025-LOT7,M04,25,-5,4,21
MEM-2025-LOT7,M04,26,-5,2,30
MEM-2025-LOT7,M04,27,-5,4,22
MEM-2025-LOT7,M04,28,-5,2,20
MEM-2025-LOT7,M04,29,-5,2,21
MEM-2025-LOT7,M04,30,-5,1,10
MEM-2025-LOT7,M04,31,-5,1,10
MEM-2025-LOT7,M04,32,-5,1,10
MEM-2025-LOT7,M04,-32,-4,2,20
MEM-2025-LOT7,M04,-31,-4,2,30
MEM-2025-LOT7,M04,-30,-4,2,20
MEM-2025-LOT7,M04,-29,-4,1,10
MEM-2025-LOT7,M04,-28,-4,2,31
MEM-2025-LOT7,M04,-27,-4,2,22
MEM-2025-LOT7,M04,-26,-4,1,10
MEM-2025-LOT7,M04,-25,-4,1,10
MEM-2025-LOT7,M04,-24,-4,1,10
MEM-2025-LOT7,M04,-23,-4,1,10
MEM-2025-LOT7,M04,-22,-4,1,10
MEM-2025-LOT7,M04,-21,-4,1,10
MEM-2025-LOT7,M04,-20,-4,1,10
MEM-2025-LOT7,M04,-19,-4,1,10
MEM-2025-LOT7,M04,-18,-4,1,10
MEM-2025-LOT7,M04,-17,-4,2,22
MEM-2025-LOT7,M04,-16,-4,1,10
MEM-2025-LOT7,M04,-15,-4,1,10
MEM-2025-LOT7,M04,-14,-4,1,10
MEM-2025-LOT7,M04,-13,-4,1,10
MEM-2025-LOT7,M04,-12,-4,1,10
MEM-2025-LOT7,M04,-11,-4,1,10
MEM-2025-LOT7,M04,-10,-4,1,10
MEM-2025-LOT7,M04,-9,-4,1,10
MEM-2025-LOT7,M04,-8,-4,1,10
MEM-2025-LOT7,M04,-7,-4,1,10
MEM-2025-LOT7,M04,-6,-4,1,10
MEM-2025-LOT7,M04,-5,-4,1,10
MEM-2025-LOT7,M04,-4,-4,1,10
MEM-2025-LOT7,M04,-3,-4,1,10
MEM-2025-LOT7,M04,-2,-4,1,10
MEM-2025-LOT7,M04,-1,-4,1,10
MEM-2025-LOT7,M04,0,-4,1,10
MEM-2025-LOT7,M04,1,-4,1,10
MEM-2025-LOT7,M04,2,-4,1,10
MEM-2025-LOT7,M04,3,-4,1,10
MEM-2025-LOT7,M04,4,-4,1,10
MEM-2025-LOT7,M04,5,-4,1,10
MEM-2025-LOT7,M04,6,-4,1,10
MEM-2025-LOT7,M04,7,-4,1,10
MEM-2025-LOT7,M04,8,-4,1,10
MEM-2025-LOT7,M04,9,-4,1,10
MEM-2025-LOT7,M04,10,-4,1,10
MEM-2025-LOT7,M04,11,-4,1,10
MEM-2025-LOT7,M04,12,-4,1,10
MEM-2025-LOT7,M04,13,-4,1,10
MEM-2025-LOT7,M04,14,-4,1,10
MEM-2025-LOT7,M04,15,-4,1,10
MEM-2025-LOT7,M04,16,-4,1,10
MEM-2025-LOT7,M04,17,-4,1,10
MEM-2025-LOT7,M04,18,-4,1,10
MEM-2025-LOT7,M04,19,-4,1,10
MEM-2025-LOT7,M04,20,-4,1,10
MEM-2025-LOT7,M04,21,-4,1,10
MEM-2025-LOT7,M04,22,-4,1,10
MEM-2025-LOT7,M04,23,-4,1,10
MEM-2025-LOT7,M04,24,-4,1,10
MEM-2025-LOT7,M04,25,-4,1,10
MEM-2025-LOT7,M04,26,-4,1,10
MEM-2025-LOT7,M04,27,-4,4,30
MEM-2025-LOT7,M04,28,-4,1,10
MEM-2025-LOT7,M04,29,-4,2,31
MEM-2025-LOT7,M04,30,-4,1,10
MEM-2025-LOT7,M04,31,-4,1,10
MEM-2025-LOT7,M04,32,-4,2,31
MEM-2025-LOT7,M04,-32,-3,4,31
MEM-2025-LOT7,M04,-31,-3,2,20
MEM-2025-LOT7,M04,-30,-3,1,10
MEM-2025-LOT7,M04,-29,-3,1,10
MEM-2025-LOT7,M04,-28,-3,1,10
MEM-2025-LOT7,M04,-27,-3,3,22
MEM-2025-LOT7,M04,-26,-3,2,31
MEM-2025-LOT7,M04,-25,-3,1,10
MEM-2025-LOT7,M04,-24,-3,1,10
MEM-2025-LOT7,M04,-23,-3,1,10
MEM-2025-LOT7,M04,-22,-3,1,10
MEM-2025-LOT7,M04,-21,-3,1,10
MEM-2025-LOT7,M04,-20,-3,1,10
MEM-2025-LOT7,M04,-19,-3,1,10
MEM-2025-LOT7,M04,-18,-3,1,10
MEM-2025-LOT7,M04,-17,-3,1,10
MEM-2025-LOT7,M04,-16,-3,1,10
MEM-2025-LOT7,M04,-15,-3,1,10
MEM-2025-LOT7,M04,-14,-3,1,10
MEM-2025-LOT7,M04,-13,-3,1,10
MEM-2025-LOT7,M04,-12,-3,1,10
MEM-2025-LOT7,M04,-11,-3,1,10
MEM-2025-LOT7,M04,-10,-3,1,10
MEM-2025-LOT7,M04,-9,-3,1,10
MEM-2025-LOT7,M04,-8,-3,1,10
MEM-2025-LOT7,M04,-7,-3,1,10
MEM-2025-LOT7,M04,-6,-3,1,10
MEM-2025-LOT7,M04,-5,-3,1,10
MEM-2025-LOT7,M04,-4,-3,1,10
MEM-2025-LOT7,M04,-3,-3,1,10
MEM-2025-LOT7,M04,-2,-3,1,10
MEM-2025-LOT7,M04,-1,-3,1,10
MEM-2025-LOT7,M04,0,-3,1,10
MEM-2025-LOT7,M04,1,-3,1,10
MEM-2025-LOT7,M04,2,-3,1,10
MEM-2025-LOT7,M04,3,-3,1,10
MEM-2025-LOT7,M04,4,-3,1,10
MEM-2025-LOT7,M04,5,-3,1,10
MEM-2025-LOT7,M04,6,-3,1,10
MEM-2025-LOT7,M04,7,-3,1,10
MEM-2025-LOT7,M04,8,-3,1,10
MEM-2025-LOT7,M04,9,-3,1,10
MEM-2025-LOT7,M04,10,-3,1,10
MEM-2025-LOT7,M04,11,-3,1,10
MEM-2025-LOT7,M04,12,-3,1,10
MEM-2025-LOT7,M04,13,-3,1,10
MEM-2025-LOT7,M04,14,-3,1,10
MEM-2025-LOT7,M04,15,-3,1,10
MEM-2025-LOT7,M04,16,-3,1,10
MEM-2025-LOT7,M04,17,-3,1,10
MEM-2025-LOT7,M04,18,-3,1,10
MEM-2025-LOT7,M04,19,-3,1,10
MEM-2025-LOT7,M04,20,-3,1,10
MEM-2025-LOT7,M04,21,-3,1,10
MEM-2025-LOT7,M04,22,-3,1,10
MEM-2025-LOT7,M04,23,-3,1,10
MEM-2025-LOT7,M04,24,-3,1,10
MEM-2025-LOT7,M04,25,-3,1,10
MEM-2025-LOT7,M04,26,-3,1,10
MEM-2025-LOT7,M04,27,-3,1,10
MEM-2025-LOT7,M04,28,-3,1,10
MEM-2025-LOT7,M04,29,-3,1,10
MEM-2025-LOT7,M04,30,-3,2,20
MEM-2025-LOT7,M04,31,-3,1,10
MEM-2025-LOT7,M04,32,-3,1,10
MEM-2025-LOT7,M04,-32,-2,4,31
MEM-2025-LOT7,M04,-31,-2,1,10
MEM-2025-LOT7,M04,-30,-2,2,22
MEM-2025-LOT7,M04,-29,-2,1,10
MEM-2025-LOT7,M04,-28,-2,3,30
MEM-2025-LOT7,M04,-27,-2,1,10
MEM-2025-LOT7,M04,-26,-2,2,21
MEM-2025-LOT7,M04,-25,-2,1,10
MEM-2025-LOT7,M04,-24,-2,1,10
MEM-2025-LOT7,M04,-23,-2,1,10
MEM-2025-LOT7,M04,-22,-2,1,10
MEM-2025-LOT7,M04,-21,-2,1,10
MEM-2025-LOT7,M04,-20,-2,1,10
MEM-2025-LOT7,M04,-19,-2,1,10
MEM-2025-LOT7,M04,-18,-2,1,10
MEM-2025-LOT7,M04,-17,-2,1,10
MEM-2025-LOT7,M04,-16,-2,1,10
MEM-2025-LOT7,M04,-15,-2,1,10
MEM-2025-LOT7,M04,-14,-2,1,10
MEM-2025-LOT7,M04,-13,-2,1,10
MEM-2025-LOT7,M04,-12,-2,1,10
MEM-2025-LOT7,M04,-11,-2,1,10
MEM-2025-LOT7,M04,-10,-2,1,10
MEM-2025-LOT7,M04,-9,-2,1,10
MEM-2025-LOT7,M04,-8,-2,1,10
MEM-2025-LOT7,M04,-7,-2,1,10
MEM-2025-LOT7,M04,-6,-2,1,10
MEM-2025-LOT7,M04,-5,-2,1,10
MEM-2025-LOT7,M04,-4,-2,1,10
MEM-2025-LOT7,M04,-3,-2,1,10
MEM-2025-LOT7,M04,-2,-2,1,10
MEM-2025-LOT7,M04,-1,-2,1,10
MEM-2025-LOT7,M04,0,-2,1,10
MEM-2025-LOT7,M04,1,-2,1,10
MEM-2025-LOT7,M04,2,-2,1,10
MEM-2025-LOT7,M04,3,-2,1,10
MEM-2025-LOT7,M04,4,-2,1,10
MEM-2025-LOT7,M04,5,-2,1,10
MEM-2025-LOT7,M04,6,-2,1,10
MEM-2025-LOT7,M04,7,-2,1,10
MEM-2025-LOT7,M04,8,-2,1,10
MEM-2025-LOT7,M04,9,-2,1,10
MEM-2025-LOT7,M04,10,-2,1,10
MEM-2025-LOT7,M04,11,-2,1,10
MEM-2025-LOT7,M04,12,-2,1,10
MEM-2025-LOT7,M04,13,-2,1,10
MEM-2025-LOT7,M04,14,-2,1,10
MEM-2025-LOT7,M04,15,-2,1,10
MEM-2025-LOT7,M04,16,-2,1,10
MEM-2025-LOT7,M04,17,-2,1,10
MEM-2025-LOT7,M04,18,-2,1,10
MEM-2025-LOT7,M04,19,-2,1,10
MEM-2025-LOT7,M04,20,-2,1,10
MEM-2025-LOT7,M04,21,-2,1,10
MEM-2025-LOT7,M04,22,-2,1,10
MEM-2025-LOT7,M04,23,-2,1,10
MEM-2025-LOT7,M04,24,-2,1,10
MEM-2025-LOT7,M04,25,-2,4,22
MEM-2025-LOT7,M04,26,-2,1,10
MEM-2025-LOT7,M04,27,-2,1,10
MEM-2025-LOT7,M04,28,-2,1,10
MEM-2025-LOT7,M04,29,-2,2,31
MEM-2025-LOT7,M04,30,-2,1,10
MEM-2025-LOT7,M04,31,-2,2,21
MEM-2025-LOT7,M04,32,-2,4,31
MEM-2025-LOT7,M04,-32,-1,1,10
MEM-2025-LOT7,M04,-31,-1,2,31
MEM-2025-LOT7,M04,-30,-1,3,22
MEM-2025-LOT7,M04,-29,-1,1,10
MEM-2025-LOT7,M04,-28,-1,2,31
MEM-2025-LOT7,M04,-27,-1,1,10
MEM-2025-LOT7,M04,-26,-1,1,10
MEM-2025-LOT7,M04,-25,-1,4,30
MEM-2025-LOT7,M04,-24,-1,1,10
MEM-2025-LOT7,M04,-23,-1,1,10
MEM-2025-LOT7,M04,-22,-1,1,10
MEM-2025-LOT7,M04,-21,-1,1,10
MEM-2025-LOT7,M04,-20,-1,1,10
MEM-2025-LOT7,M04,-19,-1,1,10
MEM-2025-LOT7,M04,-18,-1,1,10
MEM-2025-LOT7,M04,-17,-1,1,10
MEM-2025-LOT7,M04,-16,-1,1,10
MEM-2025-LOT7,M04,-15,-1,1,10
MEM-2025-LOT7,M04,-14,-1,1,10
MEM-2025-LOT7,M04,-13,-1,1,10
MEM-2025-LOT7,M04,-12,-1,1,10
MEM-2025-LOT7,M04,-11,-1,1,10
MEM-2025-LOT7,M04,-10,-1,1,10
MEM-2025-LOT7,M04,-9,-1,1,10
MEM-2025-LOT7,M04,-8,-1,1,10
MEM-2025-LOT7,M04,-7,-1,1,10
MEM-2025-LOT7,M04,-6,-1,1,10
MEM-2025-LOT7,M04,-5,-1,1,10
MEM-2025-LOT7,M04,-4,-1,1,10
MEM-2025-LOT7,M04,-3,-1,1,10
MEM-2025-LOT7,M04,-2,-1,1,10
MEM-2025-LOT7,M04,-1,-1,1,10
MEM-2025-LOT7,M04,0,-1,1,10
MEM-2025-LOT7,M04,1,-1,1,10
MEM-2025-LOT7,M04,2,-1,1,10
MEM-2025-LOT7,M04,3,-1,1,10
MEM-2025-LOT7,M04,4,-1,1,10
MEM-2025-LOT7,M04,5,-1,1,10
MEM-2025-LOT7,M04,6,-1,1,10
MEM-2025-LOT7,M04,7,-1,1,10
MEM-2025-LOT7,M04,8,-1,1,10
MEM-2025-LOT7,M04,9,-1,1,10
MEM-2025-LOT7,M04,10,-1,1,10
MEM-2025-LOT7,M04,11,-1,1,10
MEM-2025-LOT7,M04,12,-1,1,10
MEM-2025-LOT7,M04,13,-1,1,10
MEM-2025-LOT7,M04,14,-1,1,10
MEM-2025-LOT7,M04,15,-1,1,10
MEM-2025-LOT7,M04,16,-1,1,10
MEM-2025-LOT7,M04,17,-1,1,10
MEM-2025-LOT7,M04,18,-1,1,10
MEM-2025-LOT7,M04,19,-1,1,10
MEM-2025-LOT7,M04,20,-1,1,10
MEM-2025-LOT7,M04,21,-1,1,10
MEM-2025-LOT7,M04,22,-1,1,10
MEM-2025-LOT7,M04,23,-1,1,10
MEM-2025-LOT7,M04,24,-1,1,10
MEM-2025-LOT7,M04,25,-1,1,10
MEM-2025-LOT7,M04,26,-1,1,10
MEM-2025-LOT7,M04,27,-1,1,10
MEM-2025-LOT7,M04,28,-1,1,10
MEM-2025-LOT7,M04,29,-1,1,10
MEM-2025-LOT7,M04,30,-1,3,21
MEM-2025-LOT7,M04,31,-1,2,22
MEM-2025-LOT7,M04,32,-1,2,30
MEM-2025-LOT7,M04,-32,0,1,10
MEM-2025-LOT7,M04,-31,0,1,10
MEM-2025-LOT7,M04,-30,0,1,10
MEM-2025-LOT7,M04,-29,0,4,30
MEM-2025-LOT7,M04,-28,0,1,10
MEM-2025-LOT7,M04,-27,0,1,10
MEM-2025-LOT7,M04,-26,0,3,22
MEM-2025-LOT7,M04,-25,0,3,21
MEM-2025-LOT7,M04,-24,0,1,10
MEM-2025-LOT7,M04,-23,0,1,10
MEM-2025-LOT7,M04,-22,0,1,10
MEM-2025-LOT7,M04,-21,0,1,10
MEM-2025-LOT7,M04,-20,0,1,10
MEM-2025-LOT7,M04,-19,0,1,10
MEM-2025-LOT7,M04,-18,0,1,10
MEM-2025-LOT7,M04,-17,0,1,10
MEM-2025-LOT7,M04,-16,0,1,10
MEM-2025-LOT7,M04,-15,0,1,10
MEM-2025-LOT7,M04,-14,0,1,10
MEM-2025-LOT7,M04,-13,0,1,10
MEM-2025-LOT7,M04,-12,0,1,10
MEM-2025-LOT7,M04,-11,0,1,10
MEM-2025-LOT7,M04,-10,0,1,10
MEM-2025-LOT7,M04,-9,0,1,10
MEM-2025-LOT7,M04,-8,0,1,10
MEM-2025-LOT7,M04,-7,0,1,10
MEM-2025-LOT7,M04,-6,0,1,10
MEM-2025-LOT7,M04,-5,0,1,10
MEM-2025-LOT7,M04,-4,0,1,10
MEM-2025-LOT7,M04,-3,0,1,10
MEM-2025-LOT7,M04,-2,0,1,10
MEM-2025-LOT7,M04,-1,0,1,10
MEM-2025-LOT7,M04,0,0,1,10
MEM-2025-LOT7,M04,1,0,1,10
MEM-2025-LOT7,M04,2,0,1,10
MEM-2025-LOT7,M04,3,0,1,10
MEM-2025-LOT7,M04,4,0,1,10
MEM-2025-LOT7,M04,5,0,1,10
MEM-2025-LOT7,M04,6,0,1,10
MEM-2025-LOT7,M04,7,0,1,10
MEM-2025-LOT7,M04,8,0,1,10
MEM-2025-LOT7,M04,9,0,1,10
MEM-2025-LOT7,M04,10,0,1,10
MEM-2025-LOT7,M04,11,0,1,10
MEM-2025-LOT7,M04,12,0,1,10
MEM-2025-LOT7,M04,13,0,1,10
MEM-2025-LOT7,M04,14,0,1,10
MEM-2025-LOT7,M04,15,0,1,10
MEM-2025-LOT7,M04,16,0,1,10
MEM-2025-LOT7,M04,17,0,1,10
MEM-2025-LOT7,M04,18,0,1,10
MEM-2025-LOT7,M04,19,0,1,10
MEM-2025-LOT7,M04,20,0,1,10
MEM-2025-LOT7,M04,21,0,1,10
MEM-2025-LOT7,M04,22,0,1,10
MEM-2025-LOT7,M04,23,0,1,10
MEM-2025-LOT7,M04,24,0,1,10
MEM-2025-LOT7,M04,25,0,1,10
MEM-2025-LOT7,M04,26,0,3,21
MEM-2025-LOT7,M04,27,0,1,10
MEM-2025-LOT7,M04,28,0,1,10
MEM-2025-LOT7,M04,29,0,3,30
MEM-2025-LOT7,M04,30,0,1,10
MEM-2025-LOT7,M04,31,0,1,10
MEM-2025-LOT7,M04,32,0,3,20
MEM-2025-LOT7,M04,-32,1,1,10
MEM-2025-LOT7,M04,-31,1,1,10
MEM-2025-LOT7,M04,-30,1,1,10
MEM-2025-LOT7,M04,-29,1,1,10
MEM-2025-LOT7,M04,-28,1,3,20
MEM-2025-LOT7,M04,-27,1,1,10
MEM-2025-LOT7,M04,-26,1,2,20
MEM-2025-LOT7,M04,-25,1,2,30
MEM-2025-LOT7,M04,-24,1,1,10
MEM-2025-LOT7,M04,-23,1,1,10
MEM-2025-LOT7,M04,-22,1,1,10
MEM-2025-LOT7,M04,-21,1,1,10
MEM-2025-LOT7,M04,-20,1,1,10
MEM-2025-LOT7,M04,-19,1,1,10
MEM-2025-LOT7,M04,-18,1,1,10
MEM-2025-LOT7,M04,-17,1,1,10
MEM-2025-LOT7,M04,-16,1,1,10
MEM-2025-LOT7,M04,-15,1,1,10
MEM-2025-LOT7,M04,-14,1,1,10
MEM-2025-LOT7,M04,-13,1,1,10
MEM-2025-LOT7,M04,-12,1,1,10
MEM-2025-LOT7,M04,-11,1,1,10
MEM-2025-LOT7,M04,-10,1,1,10
MEM-2025-LOT7,M04,-9,1,1,10
MEM-2025-LOT7,M04,-8,1,1,10
MEM-2025-LOT7,M04,-7,1,1,10
MEM-2025-LOT7,M04,-6,1,1,10
MEM-2025-LOT7,M04,-5,1,1,10
MEM-2025-LOT7,M04,-4,1,1,10
MEM-2025-LOT7,M04,-3,1,1,10
MEM-2025-LOT7,M04,-2,1,1,10
MEM-2025-LOT7,M04,-1,1,1,10
MEM-2025-LOT7,M04,0,1,1,10
MEM-2025-LOT7,M04,1,1,2,30
MEM-2025-LOT7,M04,2,1,1,10
MEM-2025-LOT7,M04,3,1,1,10
MEM-2025-LOT7,M04,4,1,1,10
MEM-2025-LOT7,M04,5,1,1,10
MEM-2025-LOT7,M04,6,1,1,10
MEM-2025-LOT7,M04,7,1,1,10
MEM-2025-LOT7,M04,8,1,1,10
MEM-2025-LOT7,M04,9,1,1,10
MEM-2025-LOT7,M04,10,1,1,10
MEM-2025-LOT7,M04,11,1,1,10
MEM-2025-LOT7,M04,12,1,1,10
MEM-2025-LOT7,M04,13,1,1,10
MEM-2025-LOT7,M04,14,1,1,10
MEM-2025-LOT7,M04,15,1,1,10
MEM-2025-LOT7,M04,16,1,1,10
MEM-2025-LOT7,M04,17,1,1,10
MEM-2025-LOT7,M04,18,1,1,10
MEM-2025-LOT7,M04,19,1,1,10
MEM-2025-LOT7,M04,20,1,3,20
MEM-2025-LOT7,M04,21,1,1,10
MEM-2025-LOT7,M04,22,1,1,10
MEM-2025-LOT7,M04,23,1,1,10
MEM-2025-LOT7,M04,24,1,1,10
MEM-2025-LOT7,M04,25,1,1,10
MEM-2025-LOT7,M04,26,1,1,10
MEM-2025-LOT7,M04,27,1,1,10
MEM-2025-LOT7,M04,28,1,1,10
MEM-2025-LOT7,M04,29,1,1,10
MEM-2025-LOT7,M04,30,1,1,10
MEM-2025-LOT7,M04,31,1,1,10
MEM-2025-LOT7,M04,32,1,3,20
MEM-2025-LOT7,M04,-32,2,1,10
MEM-2025-LOT7,M04,-31,2,2,31
MEM-2025-LOT7,M04,-30,2,1,10
MEM-2025-LOT7,M04,-29,2,1,10
MEM-2025-LOT7,M04,-28,2,2,20
MEM-2025-LOT7,M04,-27,2,1,10
MEM-2025-LOT7,M04,-26,2,1,10
MEM-2025-LOT7,M04,-25,2,1,10
MEM-2025-LOT7,M04,-24,2,1,10
MEM-2025-LOT7,M04,-23,2,1,10
MEM-2025-LOT7,M04,-22,2,1,10
MEM-2025-LOT7,M04,-21,2,1,10
MEM-2025-LOT7,M04,-20,2,1,10
MEM-2025-LOT7,M04,-19,2,1,10
MEM-2025-LOT7,M04,-18,2,1,10
MEM-2025-LOT7,M04,-17,2,1,10
MEM-2025-LOT7,M04,-16,2,1,10
MEM-2025-LOT7,M04,-15,2,1,10
MEM-2025-LOT7,M04,-14,2,1,10
MEM-2025-LOT7,M04,-13,2,1,10
MEM-2025-LOT7,M04,-12,2,1,10
MEM-2025-LOT7,M04,-11,2,1,10
MEM-2025-LOT7,M04,-10,2,1,10
MEM-2025-LOT7,M04,-9,2,1,10
MEM-2025-LOT7,M04,-8,2,1,10
MEM-2025-LOT7,M04,-7,2,1,10
MEM-2025-LOT7,M04,-6,2,1,10
MEM-2025-LOT7,M04,-5,2,1,10
MEM-2025-LOT7,M04,-4,2,1,10
MEM-2025-LOT7,M04,-3,2,1,10
MEM-2025-LOT7,M04,-2,2,1,10
MEM-2025-LOT7,M04,-1,2,1,10
MEM-2025-LOT7,M04,0,2,1,10
MEM-2025-LOT7,M04,1,2,1,10
MEM-2025-LOT7,M04,2,2,1,10
MEM-2025-LOT7,M04,3,2,1,10
MEM-2025-LOT7,M04,4,2,1,10
MEM-2025-LOT7,M04,5,2,1,10
MEM-2025-LOT7,M04,6,2,1,10
MEM-2025-LOT7,M04,7,2,1,10
MEM-2025-LOT7,M04,8,2,1,10
MEM-2025-LOT7,M04,9,2,1,10
MEM-2025-LOT7,M04,10,2,1,10
MEM-2025-LOT7,M04,11,2,1,10
MEM-2025-LOT7,M04,12,2,1,10
MEM-2025-LOT7,M04,13,2,1,10
MEM-2025-LOT7,M04,14,2,1,10
MEM-2025-LOT7,M04,15,2,3,22
MEM-2025-LOT7,M04,16,2,1,10
MEM-2025-LOT7,M04,17,2,1,10
MEM-2025-LOT7,M04,18,2,1,10
MEM-2025-LOT7,M04,19,2,1,10
MEM-2025-LOT7,M04,20,2,1,10
MEM-2025-LOT7,M04,21,2,1,10
MEM-2025-LOT7,M04,22,2,1,10
MEM-2025-LOT7,M04,23,2,1,10
MEM-2025-LOT7,M04,24,2,1,10
MEM-2025-LOT7,M04,25,2,2,31
MEM-2025-LOT7,M04,26,2,1,10
MEM-2025-LOT7,M04,27,2,1,10
MEM-2025-LOT7,M04,28,2,1,10
MEM-2025-LOT7,M04,29,2,2,22
MEM-2025-LOT7,M04,30,2,2,30
MEM-2025-LOT7,M04,31,2,2,31
MEM-2025-LOT7,M04,32,2,1,10
MEM-2025-LOT7,M04,-32,3,2,30
MEM-2025-LOT7,M04,-31,3,2,22
MEM-2025-LOT7,M04,-30,3,2,22
MEM-2025-LOT7,M04,-29,3,1,10
MEM-2025-LOT7,M04,-28,3,1,10
MEM-2025-LOT7,M04,-27,3,1,10
MEM-2025-LOT7,M04,-26,3,1,10
MEM-2025-LOT7,M04,-25,3,2,21
MEM-2025-LOT7,M04,-24,3,1,10
MEM-2025-LOT7,M04,-23,3,1,10
MEM-2025-LOT7,M04,-22,3,1,10
MEM-2025-LOT7,M04,-21,3,1,10
MEM-2025-LOT7,M04,-20,3,1,10
MEM-2025-LOT7,M04,-19,3,1,10
MEM-2025-LOT7,M04,-18,3,1,10
MEM-2025-LOT7,M04,-17,3,4,22
MEM-2025-LOT7,M04,-16,3,1,10
MEM-2025-LOT7,M04,-15,3,1,10
MEM-2025-LOT7,M04,-14,3,1,10
MEM-2025-LOT7,M04,-13,3,1,10
MEM-2025-LOT7,M04,-12,3,1,10
MEM-2025-LOT7,M04,-11,3,1,10
MEM-2025-LOT7,M04,-10,3,1,10
MEM-2025-LOT7,M04,-9,3,1,10
MEM-2025-LOT7,M04,-8,3,1,10
MEM-2025-LOT7,M04,-7,3,1,10
MEM-2025-LOT7,M04,-6,3,1,10
MEM-2025-LOT7,M04,-5,3,1,10
MEM-2025-LOT7,M04,-4,3,1,10
MEM-2025-LOT7,M04,-3,3,1,10
MEM-2025-LOT7,M04,-2,3,1,10
MEM-2025-LOT7,M04,-1,3,1,10
MEM-2025-LOT7,M04,0,3,1,10
MEM-2025-LOT7,M04,1,3,1,10
MEM-2025-LOT7,M04,2,3,1,10
MEM-2025-LOT7,M04,3,3,1,10
MEM-2025-LOT7,M04,4,3,1,10
MEM-2025-LOT7,M04,5,3,1,10
MEM-2025-LOT7,M04,6,3,1,10
MEM-2025-LOT7,M04,7,3,1,10
MEM-2025-LOT7,M04,8,3,1,10
MEM-2025-LOT7,M04,9,3,1,10
MEM-2025-LOT7,M04,10,3,1,10
MEM-2025-LOT7,M04,11,3,1,10
MEM-2025-LOT7,M04,12,3,1,10
MEM-2025-LOT7,M04,13,3,1,10
MEM-2025-LOT7,M04,14,3,1,10
MEM-2025-LOT7,M04,15,3,1,10
MEM-2025-LOT7,M04,16,3,1,10
MEM-2025-LOT7,M04,17,3,1,10
MEM-2025-LOT7,M04,18,3,1,10
MEM-2025-LOT7,M04,19,3,1,10
MEM-2025-LOT7,M04,20,3,2,30
MEM-2025-LOT7,M04,21,3,1,10
MEM-2025-LOT7,M04,22,3,1,10
MEM-2025-LOT7,M04,23,3,1,10
MEM-2025-LOT7,M04,24,3,1,10
MEM-2025-LOT7,M04,25,3,2,31
MEM-2025-LOT7,M04,26,3,1,10
MEM-2025-LOT7,M04,27,3,2,31
MEM-2025-LOT7,M04,28,3,1,10
MEM-2025-LOT7,M04,29,3,3,22
MEM-2025-LOT7,M04,30,3,2,21
MEM-2025-LOT7,M04,31,3,1,10
MEM-2025-LOT7,M04,32,3,2,20
MEM-2025-LOT7,M04,-32,4,1,10
MEM-2025-LOT7,M04,-31,4,4,31
MEM-2025-LOT7,M04,-30,4,1,10
MEM-2025-LOT7,M04,-29,4,3,31
MEM-2025-LOT7,M04,-28,4,1,10
MEM-2025-LOT7,M04,-27,4,1,10
MEM-2025-LOT7,M04,-26,4,2,21
MEM-2025-LOT7,M04,-25,4,1,10
MEM-2025-LOT7,M04,-24,4,1,10
MEM-2025-LOT7,M04,-23,4,1,10
MEM-2025-LOT7,M04,-22,4,1,10
MEM-2025-LOT7,M04,-21,4,1,10
MEM-2025-LOT7,M04,-20,4,1,10
MEM-2025-LOT7,M04,-19,4,1,10
MEM-2025-LOT7,M04,-18,4,1,10
MEM-2025-LOT7,M04,-17,4,1,10
MEM-2025-LOT7,M04,-16,4,1,10
MEM-2025-LOT7,M04,-15,4,1,10
MEM-2025-LOT7,M04,-14,4,1,10
MEM-2025-LOT7,M04,-13,4,1,10
MEM-2025-LOT7,M04,-12,4,1,10
MEM-2025-LOT7,M04,-11,4,1,10
MEM-2025-LOT7,M04,-10,4,1,10
MEM-2025-LOT7,M04,-9,4,1,10
MEM-2025-LOT7,M04,-8,4,1,10
MEM-2025-LOT7,M04,-7,4,1,10
MEM-2025-LOT7,M04,-6,4,1,10
MEM-2025-LOT7,M04,-5,4,1,10
MEM-2025-LOT7,M04,-4,4,1,10
MEM-2025-LOT7,M04,-3,4,1,10
MEM-2025-LOT7,M04,-2,4,1,10
MEM-2025-LOT7,M04,-1,4,1,10
MEM-2025-LOT7,M04,0,4,1,10
MEM-2025-LOT7,M04,1,4,1,10
MEM-2025-LOT7,M04,2,4,1,10
MEM-2025-LOT7,M04,3,4,1,10
MEM-2025-LOT7,M04,4,4,1,10
MEM-2025-LOT7,M04,5,4,1,10
MEM-2025-LOT7,M04,6,4,1,10
MEM-2025-LOT7,M04,7,4,2,22
MEM-2025-LOT7,M04,8,4,1,10
MEM-2025-LOT7,M04,9,4,1,10
MEM-2025-LOT7,M04,10,4,1,10
MEM-2025-LOT7,M04,11,4,1,10
MEM-2025-LOT7,M04,12,4,1,10
MEM-2025-LOT7,M04,13,4,1,10
MEM-2025-LOT7,M04,14,4,1,10
MEM-2025-LOT7,M04,15,4,1,10
MEM-2025-LOT7,M04,16,4,1,10
MEM-2025-LOT7,M04,17,4,1,10
MEM-2025-LOT7,M04,18,4,1,10
MEM-2025-LOT7,M04,19,4,2,22
MEM-2025-LOT7,M04,20,4,1,10
MEM-2025-LOT7,M04,21,4,1,10
MEM-2025-LOT7,M04,22,4,1,10
MEM-2025-LOT7,M04,23,4,1,10
MEM-2025-LOT7,M04,24,4,1,10
MEM-2025-LOT7,M04,25,4,1,10
MEM-2025-LOT7,M04,26,4,2,20
MEM-2025-LOT7,M04,27,4,2,21
MEM-2025-LOT7,M04,28,4,3,21
MEM-2025-LOT7,M04,29,4,1,10
MEM-2025-LOT7,M04,30,4,1,10
MEM-2025-LOT7,M04,31,4,1,10
MEM-2025-LOT7,M04,32,4,2,31
MEM-2025-LOT7,M04,-32,5,1,10
MEM-2025-LOT7,M04,-31,5,2,21
MEM-2025-LOT7,M04,-30,5,1,10
MEM-2025-LOT7,M04,-29,5,2,22
MEM-2025-LOT7,M04,-28,5,2,21
MEM-2025-LOT7,M04,-27,5,4,20
MEM-2025-LOT7,M04,-26,5,2,22
MEM-2025-LOT7,M04,-25,5,2,31
MEM-2025-LOT7,M04,-24,5,1,10
MEM-2025-LOT7,M04,-23,5,1,10
MEM-2025-LOT7,M04,-22,5,1,10
MEM-2025-LOT7,M04,-21,5,1,10
MEM-2025-LOT7,M04,-20,5,1,10
MEM-2025-LOT7,M04,-19,5,1,10
MEM-2025-LOT7,M04,-18,5,1,10
MEM-2025-LOT7,M04,-17,5,1,10
MEM-2025-LOT7,M04,-16,5,1,10
MEM-2025-LOT7,M04,-15,5,1,10
MEM-2025-LOT7,M04,-14,5,1,10
MEM-2025-LOT7,M04,-13,5,1,10
MEM-2025-LOT7,M04,-12,5,1,10
MEM-2025-LOT7,M04,-11,5,1,10
MEM-2025-LOT7,M04,-10,5,1,10
MEM-2025-LOT7,M04,-9,5,1,10
MEM-2025-LOT7,M04,-8,5,1,10
MEM-2025-LOT7,M04,-7,5,1,10
MEM-2025-LOT7,M04,-6,5,1,10
MEM-2025-LOT7,M04,-5,5,1,10
MEM-2025-LOT7,M04,-4,5,1,10
MEM-2025-LOT7,M04,-3,5,1,10
MEM-2025-LOT7,M04,-2,5,1,10
MEM-2025-LOT7,M04,-1,5,2,30
MEM-2025-LOT7,M04,0,5,1,10
MEM-2025-LOT7,M04,1,5,1,10
MEM-2025-LOT7,M04,2,5,1,10
MEM-2025-LOT7,M04,3,5,1,10
MEM-2025-LOT7,M04,4,5,1,10
MEM-2025-LOT7,M04,5,5,1,10
MEM-2025-LOT7,M04,6,5,1,10
MEM-2025-LOT7,M04,7,5,1,10
MEM-2025-LOT7,M04,8,5,1,10
MEM-2025-LOT7,M04,9,5,1,10
MEM-2025-LOT7,M04,10,5,1,10
MEM-2025-LOT7,M04,11,5,1,10
MEM-2025-LOT7,M04,12,5,1,10
MEM-2025-LOT7,M04,13,5,1,10
MEM-2025-LOT7,M04,14,5,1,10
MEM-2025-LOT7,M04,15,5,1,10
MEM-2025-LOT7,M04,16,5,1,10
MEM-2025-LOT7,M04,17,5,1,10
MEM-2025-LOT7,M04,18,5,1,10
MEM-2025-LOT7,M04,19,5,1,10
MEM-2025-LOT7,M04,20,5,1,10
MEM-2025-LOT7,M04,21,5,1,10
MEM-2025-LOT7,M04,22,5,1,10
MEM-2025-LOT7,M04,23,5,1,10
MEM-2025-LOT7,M04,24,5,1,10
MEM-2025-LOT7,M04,25,5,1,10
MEM-2025-LOT7,M04,26,5,1,10
MEM-2025-LOT7,M04,27,5,1,10
MEM-2025-LOT7,M04,28,5,1,10
MEM-2025-LOT7,M04,29,5,2,31
MEM-2025-LOT7,M04,30,5,1,10
MEM-2025-LOT7,M04,31,5,1,10
MEM-2025-LOT7,M04,32,5,2,31
MEM-2025-LOT7,M04,-32,6,2,20
MEM-2025-LOT7,M04,-31,6,2,31
MEM-2025-LOT7,M04,-30,6,1,10
MEM-2025-LOT7,M04,-29,6,2,30
MEM-2025-LOT7,M04,-28,6,1,10
MEM-2025-LOT7,M04,-27,6,4,30
MEM-2025-LOT7,M04,-26,6,2,21
MEM-2025-LOT7,M04,-25,6,1,10
MEM-2025-LOT7,M04,-24,6,1,10
MEM-2025-LOT7,M04,-23,6,1,10
MEM-2025-LOT7,M04,-22,6,1,10
MEM-2025-LOT7,M04,-21,6,1,10
MEM-2025-LOT7,M04,-20,6,1,10
MEM-2025-LOT7,M04,-19,6,1,10
MEM-2025-LOT7,M04,-18,6,3,30
MEM-2025-LOT7,M04,-17,6,1,10
MEM-2025-LOT7,M04,-16,6,1,10
MEM-2025-LOT7,M04,-15,6,1,10
MEM-2025-LOT7,M04,-14,6,1,10
MEM-2025-LOT7,M04,-13,6,1,10
MEM-2025-LOT7,M04,-12,6,1,10
MEM-2025-LOT7,M04,-11,6,1,10
MEM-2025-LOT7,M04,-10,6,1,10
MEM-2025-LOT7,M04,-9,6,1,10
MEM-2025-LOT7,M04,-8,6,1,10
MEM-2025-LOT7,M04,-7,6,1,10
MEM-2025-LOT7,M04,-6,6,2,20
MEM-2025-LOT7,M04,-5,6,1,10
MEM-2025-LOT7,M04,-4,6,1,10
MEM-2025-LOT7,M04,-3,6,1,10
MEM-2025-LOT7,M04,-2,6,1,10
MEM-2025-LOT7,M04,-1,6,1,10
MEM-2025-LOT7,M04,0,6,1,10
MEM-2025-LOT7,M04,1,6,1,10
MEM-2025-LOT7,M04,2,6,1,10
MEM-2025-LOT7,M04,3,6,1,10
MEM-2025-LOT7,M04,4,6,1,10
MEM-2025-LOT7,M04,5,6,1,10
MEM-2025-LOT7,M04,6,6,1,10
MEM-2025-LOT7,M04,7,6,1,10
MEM-2025-LOT7,M04,8,6,1,10
MEM-2025-LOT7,M04,9,6,1,10
MEM-2025-LOT7,M04,10,6,1,10
MEM-2025-LOT7,M04,11,6,1,10
MEM-2025-LOT7,M04,12,6,1,10
MEM-2025-LOT7,M04,13,6,1,10
MEM-2025-LOT7,M04,14,6,1,10
MEM-2025-LOT7,M04,15,6,1,10
MEM-2025-LOT7,M04,16,6,1,10
MEM-2025-LOT7,M04,17,6,1,10
MEM-2025-LOT7,M04,18,6,1,10
MEM-2025-LOT7,M04,19,6,1,10
MEM-2025-LOT7,M04,20,6,1,10
MEM-2025-LOT7,M04,21,6,1,10
MEM-2025-LOT7,M04,22,6,1,10
MEM-2025-LOT7,M04,23,6,1,10
MEM-2025-LOT7,M04,24,6,1,10
MEM-2025-LOT7,M04,25,6,2,22
MEM-2025-LOT7,M04,26,6,1,10
MEM-2025-LOT7,M04,27,6,2,22
MEM-2025-LOT7,M04,28,6,2,20
MEM-2025-LOT7,M04,29,6,1,10
MEM-2025-LOT7,M04,30,6,1,10
MEM-2025-LOT7,M04,31,6,1,10
MEM-2025-LOT7,M04,32,6,2,21
MEM-2025-LOT7,M04,-31,7,4,20
MEM-2025-LOT7,M04,-30,7,1,10
MEM-2025-LOT7,M04,-29,7,3,22
MEM-2025-LOT7,M04,-28,7,2,20
MEM-2025-LOT7,M04,-27,7,1,10
MEM-2025-LOT7,M04,-26,7,1,10
MEM-2025-LOT7,M04,-25,7,1,10
MEM-2025-LOT7,M04,-24,7,2,21
MEM-2025-LOT7,M04,-23,7,1,10
MEM-2025-LOT7,M04,-22,7,1,10
MEM-2025-LOT7,M04,-21,7,1,10
MEM-2025-LOT7,M04,-20,7,1,10
MEM-2025-LOT7,M04,-19,7,1,10
MEM-2025-LOT7,M04,-18,7,1,10
MEM-2025-LOT7,M04,-17,7,1,10
MEM-2025-LOT7,M04,-16,7,1,10
MEM-2025-LOT7,M04,-15,7,1,10
MEM-2025-LOT7,M04,-14,7,1,10
MEM-2025-LOT7,M04,-13,7,1,10
MEM-2025-LOT7,M04,-12,7,1,10
MEM-2025-LOT7,M04,-11,7,1,10
MEM-2025-LOT7,M04,-10,7,1,10
MEM-2025-LOT7,M04,-9,7,1,10
MEM-2025-LOT7,M04,-8,7,1,10
MEM-2025-LOT7,M04,-7,7,4,20
MEM-2025-LOT7,M04,-6,7,1,10
MEM-2025-LOT7,M04,-5,7,1,10
MEM-2025-LOT7,M04,-4,7,1,10
MEM-2025-LOT7,M04,-3,7,1,10
MEM-2025-LOT7,M04,-2,7,1,10
MEM-2025-LOT7,M04,-1,7,1,10
MEM-2025-LOT7,M04,0,7,1,10
MEM-2025-LOT7,M04,1,7,1,10
MEM-2025-LOT7,M04,2,7,1,10
MEM-2025-LOT7,M04,3,7,1,10
MEM-2025-LOT7,M04,4,7,1,10
MEM-2025-LOT7,M04,5,7,1,10
MEM-2025-LOT7,M04,6,7,1,10
MEM-2025-LOT7,M04,7,7,1,10
MEM-2025-LOT7,M04,8,7,1,10
MEM-2025-LOT7,M04,9,7,1,10
MEM-2025-LOT7,M04,10,7,1,10
MEM-2025-LOT7,M04,11,7,1,10
MEM-2025-LOT7,M04,12,7,1,10
MEM-2025-LOT7,M04,13,7,2,20
MEM-2025-LOT7,M04,14,7,1,10
MEM-2025-LOT7,M04,15,7,1,10
MEM-2025-LOT7,M04,16,7,1,10
MEM-2025-LOT7,M04,17,7,1,10
MEM-2025-LOT7,M04,18,7,1,10
MEM-2025-LOT7,M04,19,7,1,10
MEM-2025-LOT7,M04,20,7,1,10
MEM-2025-LOT7,M04,21,7,1,10
MEM-2025-LOT7,M04,22,7,1,10
MEM-2025-LOT7,M04,23,7,1,10
MEM-2025-LOT7,M04,24,7,1,10
MEM-2025-LOT7,M04,25,7,1,10
MEM-2025-LOT7,M04,26,7,2,22
MEM-2025-LOT7,M04,27,7,2,21
MEM-2025-LOT7,M04,28,7,1,10
MEM-2025-LOT7,M04,29,7,2,30
MEM-2025-LOT7,M04,30,7,1,10
MEM-2025-LOT7,M04,31,7,1,10
MEM-2025-LOT7,M04,-31,8,1,10
MEM-2025-LOT7,M04,-30,8,2,21
MEM-2025-LOT7,M04,-29,8,4,21
MEM-2025-LOT7,M04,-28,8,3,22
MEM-2025-LOT7,M04,-27,8,2,30
MEM-2025-LOT7,M04,-26,8,1,10
MEM-2025-LOT7,M04,-25,8,3,22
MEM-2025-LOT7,M04,-24,8,1,10
MEM-2025-LOT7,M04,-23,8,1,10
MEM-2025-LOT7,M04,-22,8,1,10
MEM-2025-LOT7,M04,-21,8,1,10
MEM-2025-LOT7,M04,-20,8,1,10
MEM-2025-LOT7,M04,-19,8,1,10
MEM-2025-LOT7,M04,-18,8,1,10
MEM-2025-LOT7,M04,-17,8,1,10
MEM-2025-LOT7,M04,-16,8,1,10
MEM-2025-LOT7,M04,-15,8,1,10
MEM-2025-LOT7,M04,-14,8,1,10
MEM-2025-LOT7,M04,-13,8,1,10
MEM-2025-LOT7,M04,-12,8,1,10
MEM-2025-LOT7,M04,-11,8,1,10
MEM-2025-LOT7,M04,-10,8,1,10
MEM-2025-LOT7,M04,-9,8,1,10
MEM-2025-LOT7,M04,-8,8,1,10
MEM-2025-LOT7,M04,-7,8,1,10
MEM-2025-LOT7,M04,-6,8,1,10
MEM-2025-LOT7,M04,-5,8,1,10
MEM-2025-LOT7,M04,-4,8,1,10
MEM-2025-LOT7,M04,-3,8,1,10
MEM-2025-LOT7,M04,-2,8,1,10
MEM-2025-LOT7,M04,-1,8,3,22
MEM-2025-LOT7,M04,0,8,1,10
MEM-2025-LOT7,M04,1,8,1,10
MEM-2025-LOT7,M04,2,8,1,10
MEM-2025-LOT7,M04,3,8,1,10
MEM-2025-LOT7,M04,4,8,1,10
MEM-2025-LOT7,M04,5,8,1,10
MEM-2025-LOT7,M04,6,8,1,10
MEM-2025-LOT7,M04,7,8,4,31
MEM-2025-LOT7,M04,8,8,1,10
MEM-2025-LOT7,M04,9,8,1,10
MEM-2025-LOT7,M04,10,8,1,10
MEM-2025-LOT7,M04,11,8,1,10
MEM-2025-LOT7,M04,12,8,1,10
MEM-2025-LOT7,M04,13,8,1,10
MEM-2025-LOT7,M04,14,8,1,10
MEM-2025-LOT7,M04,15,8,1,10
MEM-2025-LOT7,M04,16,8,1,10
MEM-2025-LOT7,M04,17,8,1,10
MEM-2025-LOT7,M04,18,8,1,10
MEM-2025-LOT7,M04,19,8,1,10
MEM-2025-LOT7,M04,20,8,1,10
MEM-2025-LOT7,M04,21,8,1,10
MEM-2025-LOT7,M04,22,8,1,10
MEM-2025-LOT7,M04,23,8,1,10
MEM-2025-LOT7,M04,24,8,1,10
MEM-2025-LOT7,M04,25,8,2,31
MEM-2025-LOT7,M04,26,8,1,10
MEM-2025-LOT7,M04,27,8,1,10
MEM-2025-LOT7,M04,28,8,1,10
MEM-2025-LOT7,M04,29,8,2,21
MEM-2025-LOT7,M04,30,8,1,10
MEM-2025-LOT7,M04,31,8,2,21
MEM-2025-LOT7,M04,-31,9,2,30
MEM-2025-LOT7,M04,-30,9,1,10
MEM-2025-LOT7,M04,-29,9,1,10
MEM-2025-LOT7,M04,-28,9,3,22
MEM-2025-LOT7,M04,-27,9,1,10
MEM-2025-LOT7,M04,-26,9,1,10
MEM-2025-LOT7,M04,-25,9,3,31
MEM-2025-LOT7,M04,-24,9,1,10
MEM-2025-LOT7,M04,-23,9,1,10
MEM-2025-LOT7,M04,-22,9,1,10
MEM-2025-LOT7,M04,-21,9,1,10
MEM-2025-LOT7,M04,-20,9,1,10
MEM-2025-LOT7,M04,-19,9,1,10
MEM-2025-LOT7,M04,-18,9,1,10
MEM-2025-LOT7,M04,-17,9,1,10
MEM-2025-LOT7,M04,-16,9,1,10
MEM-2025-LOT7,M04,-15,9,1,10
MEM-2025-LOT7,M04,-14,9,1,10
MEM-2025-LOT7,M04,-13,9,1,10
MEM-2025-LOT7,M04,-12,9,2,30
MEM-2025-LOT7,M04,-11,9,1,10
MEM-2025-LOT7,M04,-10,9,2,21
MEM-2025-LOT7,M04,-9,9,1,10
MEM-2025-LOT7,M04,-8,9,1,10
MEM-2025-LOT7,M04,-7,9,1,10
MEM-2025-LOT7,M04,-6,9,1,10
MEM-2025-LOT7,M04,-5,9,1,10
MEM-2025-LOT7,M04,-4,9,1,10
MEM-2025-LOT7,M04,-3,9,1,10
MEM-2025-LOT7,M04,-2,9,1,10
MEM-2025-LOT7,M04,-1,9,1,10
MEM-2025-LOT7,M04,0,9,1,10
MEM-2025-LOT7,M04,1,9,1,10
MEM-2025-LOT7,M04,2,9,1,10
MEM-2025-LOT7,M04,3,9,1,10
MEM-2025-LOT7,M04,4,9,1,10
MEM-2025-LOT7,M04,5,9,1,10
MEM-2025-LOT7,M04,6,9,1,10
MEM-2025-LOT7,M04,7,9,1,10
MEM-2025-LOT7,M04,8,9,1,10
MEM-2025-LOT7,M04,9,9,1,10
MEM-2025-LOT7,M04,10,9,1,10
MEM-2025-LOT7,M04,11,9,1,10
MEM-2025-LOT7,M04,12,9,1,10
MEM-2025-LOT7,M04,13,9,1,10
MEM-2025-LOT7,M04,14,9,1,10
MEM-2025-LOT7,M04,15,9,1,10
MEM-2025-LOT7,M04,16,9,1,10
MEM-2025-LOT7,M04,17,9,1,10
MEM-2025-LOT7,M04,18,9,1,10
MEM-2025-LOT7,M04,19,9,1,10
MEM-2025-LOT7,M04,20,9,1,10
MEM-2025-LOT7,M04,21,9,1,10
MEM-2025-LOT7,M04,22,9,1,10
MEM-2025-LOT7,M04,23,9,1,10
MEM-2025-LOT7,M04,24,9,1,10
MEM-2025-LOT7,M04,25,9,1,10
MEM-2025-LOT7,M04,26,9,1,10
MEM-2025-LOT7,M04,27,9,1,10
MEM-2025-LOT7,M04,28,9,1,10
MEM-2025-LOT7,M04,29,9,2,21
MEM-2025-LOT7,M04,30,9,1,10
MEM-2025-LOT7,M04,31,9,1,10
MEM-2025-LOT7,M04,-31,10,1,10
MEM-2025-LOT7,M04,-30,10,1,10
MEM-2025-LOT7,M04,-29,10,1,10
MEM-2025-LOT7,M04,-28,10,1,10
MEM-2025-LOT7,M04,-27,10,1,10
MEM-2025-LOT7,M04,-26,10,3,21
MEM-2025-LOT7,M04,-25,10,1,10
MEM-2025-LOT7,M04,-24,10,2,21
MEM-2025-LOT7,M04,-23,10,1,10
MEM-2025-LOT7,M04,-22,10,1,10
MEM-2025-LOT7,M04,-21,10,1,10
MEM-2025-LOT7,M04,-20,10,1,10
MEM-2025-LOT7,M04,-19,10,1,10
MEM-2025-LOT7,M04,-18,10,1,10
MEM-2025-LOT7,M04,-17,10,1,10
MEM-2025-LOT7,M04,-16,10,1,10
MEM-2025-LOT7,M04,-15,10,1,10
MEM-2025-LOT7,M04,-14,10,1,10
MEM-2025-LOT7,M04,-13,10,1,10
MEM-2025-LOT7,M04,-12,10,1,10
MEM-2025-LOT7,M04,-11,10,1,10
MEM-2025-LOT7,M04,-10,10,1,10
MEM-2025-LOT7,M04,-9,10,1,10
MEM-2025-LOT7,M04,-8,10,1,10
MEM-2025-LOT7,M04,-7,10,1,10
MEM-2025-LOT7,M04,-6,10,1,10
MEM-2025-LOT7,M04,-5,10,1,10
MEM-2025-LOT7,M04,-4,10,1,10
MEM-2025-LOT7,M04,-3,10,1,10
MEM-2025-LOT7,M04,-2,10,1,10
MEM-2025-LOT7,M04,-1,10,1,10
MEM-2025-LOT7,M04,0,10,1,10
MEM-2025-LOT7,M04,1,10,1,10
MEM-2025-LOT7,M04,2,10,1,10
MEM-2025-LOT7,M04,3,10,1,10
MEM-2025-LOT7,M04,4,10,1,10
MEM-2025-LOT7,M04,5,10,1,10
MEM-2025-LOT7,M04,6,10,1,10
MEM-2025-LOT7,M04,7,10,1,10
MEM-2025-LOT7,M04,8,10,1,10
MEM-2025-LOT7,M04,9,10,1,10
MEM-2025-LOT7,M04,10,10,1,10
MEM-2025-LOT7,M04,11,10,1,10
MEM-2025-LOT7,M04,12,10,1,10
MEM-2025-LOT7,M04,13,10,1,10
MEM-2025-LOT7,M04,14,10,1,10
MEM-2025-LOT7,M04,15,10,1,10
MEM-2025-LOT7,M04,16,10,1,10
MEM-2025-LOT7,M04,17,10,1,10
MEM-2025-LOT7,M04,18,10,1,10
MEM-2025-LOT7,M04,19,10,1,10
MEM-2025-LOT7,M04,20,10,1,10
MEM-2025-LOT7,M04,21,10,1,10
MEM-2025-LOT7,M04,22,10,1,10
MEM-2025-LOT7,M04,23,10,1,10
MEM-2025-LOT7,M04,24,10,1,10
MEM-2025-LOT7,M04,25,10,1,10
MEM-2025-LOT7,M04,26,10,1,10
MEM-2025-LOT7,M04,27,10,1,10
MEM-2025-LOT7,M04,28,10,1,10
MEM-2025-LOT7,M04,29,10,3,20
MEM-2025-LOT7,M04,30,10,1,10
MEM-2025-LOT7,M04,31,10,2,21
MEM-2025-LOT7,M04,-31,11,2,31
MEM-2025-LOT7,M04,-30,11,2,22
MEM-2025-LOT7,M04,-29,11,4,21
MEM-2025-LOT7,M04,-28,11,2,21
MEM-2025-LOT7,M04,-27,11,1,10
MEM-2025-LOT7,M04,-26,11,1,10
MEM-2025-LOT7,M04,-25,11,1,10
MEM-2025-LOT7,M04,-24,11,1,10
MEM-2025-LOT7,M04,-23,11,1,10
MEM-2025-LOT7,M04,-22,11,1,10
MEM-2025-LOT7,M04,-21,11,1,10
MEM-2025-LOT7,M04,-20,11,1,10
MEM-2025-LOT7,M04,-19,11,1,10
MEM-2025-LOT7,M04,-18,11,1,10
MEM-2025-LOT7,M04,-17,11,1,10
MEM-2025-LOT7,M04,-16,11,1,10
MEM-2025-LOT7,M04,-15,11,1,10
MEM-2025-LOT7,M04,-14,11,1,10
MEM-2025-LOT7,M04,-13,11,1,10
MEM-2025-LOT7,M04,-12,11,1,10
MEM-2025-LOT7,M04,-11,11,1,10
MEM-2025-LOT7,M04,-10,11,1,10
MEM-2025-LOT7,M04,-9,11,1,10
MEM-2025-LOT7,M04,-8,11,1,10
MEM-2025-LOT7,M04,-7,11,1,10
MEM-2025-LOT7,M04,-6,11,1,10
MEM-2025-LOT7,M04,-5,11,1,10
MEM-2025-LOT7,M04,-4,11,1,10
MEM-2025-LOT7,M04,-3,11,1,10
MEM-2025-LOT7,M04,-2,11,1,10
MEM-2025-LOT7,M04,-1,11,1,10
MEM-2025-LOT7,M04,0,11,1,10
MEM-2025-LOT7,M04,1,11,1,10
MEM-2025-LOT7,M04,2,11,1,10
MEM-2025-LOT7,M04,3,11,1,10
MEM-2025-LOT7,M04,4,11,1,10
MEM-2025-LOT7,M04,5,11,1,10
MEM-2025-LOT7,M04,6,11,1,10
MEM-2025-LOT7,M04,7,11,1,10
MEM-2025-LOT7,M04,8,11,1,10
MEM-2025-LOT7,M04,9,11,1,10
MEM-2025-LOT7,M04,10,11,1,10
MEM-2025-LOT7,M04,11,11,1,10
MEM-2025-LOT7,M04,12,11,1,10
MEM-2025-LOT7,M04,13,11,4,20
MEM-2025-LOT7,M04,14,11,1,10
MEM-2025-LOT7,M04,15,11,1,10
MEM-2025-LOT7,M04,16,11,1,10
MEM-2025-LOT7,M04,17,11,2,22
MEM-2025-LOT7,M04,18,11,1,10
MEM-2025-LOT7,M04,19,11,1,10
MEM-2025-LOT7,M04,20,11,1,10
MEM-2025-LOT7,M04,21,11,1,10
MEM-2025-LOT7,M04,22,11,1,10
MEM-2025-LOT7,M04,23,11,1,10
MEM-2025-LOT7,M04,24,11,1,10
MEM-2025-LOT7,M04,25,11,2,31
MEM-2025-LOT7,M04,26,11,1,10
MEM-2025-LOT7,M04,27,11,2,20
MEM-2025-LOT7,M04,28,11,3,22
MEM-2025-LOT7,M04,29,11,1,10
MEM-2025-LOT7,M04,30,11,1,10
MEM-2025-LOT7,M04,31,11,3,21
MEM-2025-LOT7,M04,-31,12,1,10
MEM-2025-LOT7,M04,-30,12,2,31
MEM-2025-LOT7,M04,-29,12,1,10
MEM-2025-LOT7,M04,-28,12,2,22
MEM-2025-LOT7,M04,-27,12,2,31
MEM-2025-LOT7,M04,-26,12,2,21
MEM-2025-LOT7,M04,-25,12,1,10
MEM-2025-LOT7,M04,-24,12,1,10
MEM-2025-LOT7,M04,-23,12,2,30
MEM-2025-LOT7,M04,-22,12,1,10
MEM-2025-LOT7,M04,-21,12,1,10
MEM-2025-LOT7,M04,-20,12,1,10
MEM-2025-LOT7,M04,-19,12,1,10
MEM-2025-LOT7,M04,-18,12,1,10
MEM-2025-LOT7,M04,-17,12,1,10
MEM-2025-LOT7,M04,-16,12,1,10
MEM-2025-LOT7,M04,-15,12,1,10
MEM-2025-LOT7,M04,-14,12,1,10
MEM-2025-LOT7,M04,-13,12,1,10
MEM-2025-LOT7,M04,-12,12,1,10
MEM-2025-LOT7,M04,-11,12,1,10
MEM-2025-LOT7,M04,-10,12,1,10
MEM-2025-LOT7,M04,-9,12,1,10
MEM-2025-LOT7,M04,-8,12,1,10
MEM-2025-LOT7,M04,-7,12,1,10
MEM-2025-LOT7,M04,-6,12,1,10
MEM-2025-LOT7,M04,-5,12,1,10
MEM-2025-LOT7,M04,-4,12,1,10
MEM-2025-LOT7,M04,-3,12,1,10
MEM-2025-LOT7,M04,-2,12,1,10
MEM-2025-LOT7,M04,-1,12,1,10
MEM-2025-LOT7,M04,0,12,4,31
MEM-2025-LOT7,M04,1,12,1,10
MEM-2025-LOT7,M04,2,12,1,10
MEM-2025-LOT7,M04,3,12,1,10
MEM-2025-LOT7,M04,4,12,1,10
MEM-2025-LOT7,M04,5,12,1,10
MEM-2025-LOT7,M04,6,12,1,10
MEM-2025-LOT7,M04,7,12,1,10
MEM-2025-LOT7,M04,8,12,1,10
MEM-2025-LOT7,M04,9,12,1,10
MEM-2025-LOT7,M04,10,12,1,10
MEM-2025-LOT7,M04,11,12,1,10
MEM-2025-LOT7,M04,12,12,1,10
MEM-2025-LOT7,M04,13,12,1,10
MEM-2025-LOT7,M04,14,12,1,10
MEM-2025-LOT7,M04,15,12,1,10
MEM-2025-LOT7,M04,16,12,1,10
MEM-2025-LOT7,M04,17,12,1,10
MEM-2025-LOT7,M04,18,12,1,10
MEM-2025-LOT7,M04,19,12,1,10
MEM-2025-LOT7,M04,20,12,1,10
MEM-2025-LOT7,M04,21,12,1,10
MEM-2025-LOT7,M04,22,12,1,10
MEM-2025-LOT7,M04,23,12,3,22
MEM-2025-LOT7,M04,24,12,1,10
MEM-2025-LOT7,M04,25,12,1,10
MEM-2025-LOT7,M04,26,12,3,30
MEM-2025-LOT7,M04,27,12,1,10
MEM-2025-LOT7,M04,28,12,2,30
MEM-2025-LOT7,M04,29,12,1,10
MEM-2025-LOT7,M04,30,12,1,10
MEM-2025-LOT7,M04,31,12,1,10
MEM-2025-LOT7,M04,-31,13,1,10
MEM-2025-LOT7,M04,-30,13,1,10
MEM-2025-LOT7,M04,-29,13,1,10
MEM-2025-LOT7,M04,-28,13,2,30
MEM-2025-LOT7,M04,-27,13,4,30
MEM-2025-LOT7,M04,-26,13,1,10
MEM-2025-LOT7,M04,-25,13,3,30
MEM-2025-LOT7,M04,-24,13,1,10
MEM-2025-LOT7,M04,-23,13,1,10
MEM-2025-LOT7,M04,-22,13,1,10
MEM-2025-LOT7,M04,-21,13,1,10
MEM-2025-LOT7,M04,-20,13,1,10
MEM-2025-LOT7,M04,-19,13,1,10
MEM-2025-LOT7,M04,-18,13,1,10
MEM-2025-LOT7,M04,-17,13,1,10
MEM-2025-LOT7,M04,-16,13,1,10
MEM-2025-LOT7,M04,-15,13,1,10
MEM-2025-LOT7,M04,-14,13,2,20
MEM-2025-LOT7,M04,-13,13,1,10
MEM-2025-LOT7,M04,-12,13,1,10
MEM-2025-LOT7,M04,-11,13,1,10
MEM-2025-LOT7,M04,-10,13,1,10
MEM-2025-LOT7,M04,-9,13,1,10
MEM-2025-LOT7,M04,-8,13,1,10
MEM-2025-LOT7,M04,-7,13,1,10
MEM-2025-LOT7,M04,-6,13,1,10
MEM-2025-LOT7,M04,-5,13,1,10
MEM-2025-LOT7,M04,-4,13,1,10
MEM-2025-LOT7,M04,-3,13,1,10
MEM-2025-LOT7,M04,-2,13,1,10
MEM-2025-LOT7,M04,-1,13,1,10
MEM-2025-LOT7,M04,0,13,1,10
MEM-2025-LOT7,M04,1,13,1,10
MEM-2025-LOT7,M04,2,13,1,10
MEM-2025-LOT7,M04,3,13,1,10
MEM-2025-LOT7,M04,4,13,1,10
MEM-2025-LOT7,M04,5,13,1,10
MEM-2025-LOT7,M04,6,13,1,10
MEM-2025-LOT7,M04,7,13,1,10
MEM-2025-LOT7,M04,8,13,1,10
MEM-2025-LOT7,M04,9,13,1,10
MEM-2025-LOT7,M04,10,13,1,10
MEM-2025-LOT7,M04,11,13,1,10
MEM-2025-LOT7,M04,12,13,1,10
MEM-2025-LOT7,M04,13,13,1,10
MEM-2025-LOT7,M04,14,13,1,10
MEM-2025-LOT7,M04,15,13,1,10
MEM-2025-LOT7,M04,16,13,1,10
MEM-2025-LOT7,M04,17,13,1,10
MEM-2025-LOT7,M04,18,13,1,10
MEM-2025-LOT7,M04,19,13,1,10
MEM-2025-LOT7,M04,20,13,1,10
MEM-2025-LOT7,M04,21,13,1,10
MEM-2025-LOT7,M04,22,13,1,10
MEM-2025-LOT7,M04,23,13,1,10
MEM-2025-LOT7,M04,24,13,1,10
MEM-2025-LOT7,M04,25,13,1,10
MEM-2025-LOT7,M04,26,13,1,10
MEM-2025-LOT7,M04,27,13,3,22
MEM-2025-LOT7,M04,28,13,1,10
MEM-2025-LOT7,M04,29,13,1,10
MEM-2025-LOT7,M04,30,13,1,10
MEM-2025-LOT7,M04,31,13,2,21
MEM-2025-LOT7,M04,-30,14,4,31
MEM-2025-LOT7,M04,-29,14,1,10
MEM-2025-LOT7,M04,-28,14,1,10
MEM-2025-LOT7,M04,-27,14,1,10
MEM-2025-LOT7,M04,-26,14,3,30
MEM-2025-LOT7,M04,-25,14,1,10
MEM-2025-LOT7,M04,-24,14,4,21
MEM-2025-LOT7,M04,-23,14,1,10
MEM-2025-LOT7,M04,-22,14,1,10
MEM-2025-LOT7,M04,-21,14,2,20
MEM-2025-LOT7,M04,-20,14,1,10
MEM-2025-LOT7,M04,-19,14,1,10
MEM-2025-LOT7,M04,-18,14,1,10
MEM-2025-LOT7,M04,-17,14,1,10
MEM-2025-LOT7,M04,-16,14,1,10
MEM-2025-LOT7,M04,-15,14,1,10
MEM-2025-LOT7,M04,-14,14,1,10
MEM-2025-LOT7,M04,-13,14,1,10
MEM-2025-LOT7,M04,-12,14,3,21
MEM-2025-LOT7,M04,-11,14,1,10
MEM-2025-LOT7,M04,-10,14,1,10
MEM-2025-LOT7,M04,-9,14,1,10
MEM-2025-LOT7,M04,-8,14,1,10
MEM-2025-LOT7,M04,-7,14,1,10
MEM-2025-LOT7,M04,-6,14,1,10
MEM-2025-LOT7,M04,-5,14,1,10
MEM-2025-LOT7,M04,-4,14,1,10
MEM-2025-LOT7,M04,-3,14,1,10
MEM-2025-LOT7,M04,-2,14,1,10
MEM-2025-LOT7,M04,-1,14,1,10
MEM-2025-LOT7,M04,0,14,1,10
MEM-2025-LOT7,M04,1,14,1,10
MEM-2025-LOT7,M04,2,14,1,10
MEM-2025-LOT7,M04,3,14,1,10
MEM-2025-LOT7,M04,4,14,1,10
MEM-2025-LOT7,M04,5,14,1,10
MEM-2025-LOT7,M04,6,14,1,10
MEM-2025-LOT7,M04,7,14,1,10
MEM-2025-LOT7,M04,8,14,1,10
MEM-2025-LOT7,M04,9,14,1,10
MEM-2025-LOT7,M04,10,14,1,10
MEM-2025-LOT7,M04,11,14,1,10
MEM-2025-LOT7,M04,12,14,1,10
MEM-2025-LOT7,M04,13,14,1,10
MEM-2025-LOT7,M04,14,14,1,10
MEM-2025-LOT7,M04,15,14,1,10
MEM-2025-LOT7,M04,16,14,1,10
MEM-2025-LOT7,M04,17,14,1,10
MEM-2025-LOT7,M04,18,14,1,10
MEM-2025-LOT7,M04,19,14,1,10
MEM-2025-LOT7,M04,20,14,1,10
MEM-2025-LOT7,M04,21,14,1,10
MEM-2025-LOT7,M04,22,14,1,10
MEM-2025-LOT7,M04,23,14,1,10
MEM-2025-LOT7,M04,24,14,1,10
MEM-2025-LOT7,M04,25,14,1,10
MEM-2025-LOT7,M04,26,14,1,10
MEM-2025-LOT7,M04,27,14,1,10
MEM-2025-LOT7,M04,28,14,1,10
MEM-2025-LOT7,M04,29,14,1,10
MEM-2025-LOT7,M04,30,14,1,10
MEM-2025-LOT7,M04,-30,15,3,20
MEM-2025-LOT7,M04,-29,15,1,10
MEM-2025-LOT7,M04,-28,15,2,30
MEM-2025-LOT7,M04,-27,15,2,21
MEM-2025-LOT7,M04,-26,15,1,10
MEM-2025-LOT7,M04,-25,15,1,10
MEM-2025-LOT7,M04,-24,15,1,10
MEM-2025-LOT7,M04,-23,15,4,20
MEM-2025-LOT7,M04,-22,15,1,10
MEM-2025-LOT7,M04,-21,15,1,10
MEM-2025-LOT7,M04,-20,15,1,10
MEM-2025-LOT7,M04,-19,15,1,10
MEM-2025-LOT7,M04,-18,15,1,10
MEM-2025-LOT7,M04,-17,15,1,10
MEM-2025-LOT7,M04,-16,15,1,10
MEM-2025-LOT7,M04,-15,15,1,10
MEM-2025-LOT7,M04,-14,15,1,10
MEM-2025-LOT7,M04,-13,15,1,10
MEM-2025-LOT7,M04,-12,15,1,10
MEM-2025-LOT7,M04,-11,15,1,10
MEM-2025-LOT7,M04,-10,15,1,10
MEM-2025-LOT7,M04,-9,15,1,10
MEM-2025-LOT7,M04,-8,15,1,10
MEM-2025-LOT7,M04,-7,15,1,10
MEM-2025-LOT7,M04,-6,15,1,10
MEM-2025-LOT7,M04,-5,15,1,10
MEM-2025-LOT7,M04,-4,15,1,10
MEM-2025-LOT7,M04,-3,15,4,30
MEM-2025-LOT7,M04,-2,15,1,10
MEM-2025-LOT7,M04,-1,15,1,10
MEM-2025-LOT7,M04,0,15,1,10
MEM-2025-LOT7,M04,1,15,1,10
MEM-2025-LOT7,M04,2,15,1,10
MEM-2025-LOT7,M04,3,15,1,10
MEM-2025-LOT7,M04,4,15,1,10
MEM-2025-LOT7,M04,5,15,1,10
MEM-2025-LOT7,M04,6,15,1,10
MEM-2025-LOT7,M04,7,15,1,10
MEM-2025-LOT7,M04,8,15,1,10
MEM-2025-LOT7,M04,9,15,1,10
MEM-2025-LOT7,M04,10,15,1,10
MEM-2025-LOT7,M04,11,15,1,10
MEM-2025-LOT7,M04,12,15,1,10
MEM-2025-LOT7,M04,13,15,1,10
MEM-2025-LOT7,M04,14,15,1,10
MEM-2025-LOT7,M04,15,15,1,10
MEM-2025-LOT7,M04,16,15,1,10
MEM-2025-LOT7,M04,17,15,1,10
MEM-2025-LOT7,M04,18,15,1,10
MEM-2025-LOT7,M04,19,15,1,10
MEM-2025-LOT7,M04,20,15,1,10
MEM-2025-LOT7,M04,21,15,1,10
MEM-2025-LOT7,M04,22,15,2,21
MEM-2025-LOT7,M04,23,15,3,20
MEM-2025-LOT7,M04,24,15,1,10
MEM-2025-LOT7,M04,25,15,1,10
MEM-2025-LOT7,M04,26,15,2,21
MEM-2025-LOT7,M04,27,15,2,30
MEM-2025-LOT7,M04,28,15,2,20
MEM-2025-LOT7,M04,29,15,1,10
MEM-2025-LOT7,M04,30,15,2,22
MEM-2025-LOT7,M04,-30,16,1,10
MEM-2025-LOT7,M04,-29,16,1,10
MEM-2025-LOT7,M04,-28,16,1,10
MEM-2025-LOT7,M04,-27,16,1,10
MEM-2025-LOT7,M04,-26,16,1,10
MEM-2025-LOT7,M04,-25,16,1,10
MEM-2025-LOT7,M04,-24,16,1,10
MEM-2025-LOT7,M04,-23,16,1,10
MEM-2025-LOT7,M04,-22,16,3,20
MEM-2025-LOT7,M04,-21,16,1,10
MEM-2025-LOT7,M04,-20,16,1,10
MEM-2025-LOT7,M04,-19,16,1,10
MEM-2025-LOT7,M04,-18,16,1,10
MEM-2025-LOT7,M04,-17,16,1,10
MEM-2025-LOT7,M04,-16,16,1,10
MEM-2025-LOT7,M04,-15,16,1,10
MEM-2025-LOT7,M04,-14,16,1,10
MEM-2025-LOT7,M04,-13,16,1,10
MEM-2025-LOT7,M04,-12,16,1,10
MEM-2025-LOT7,M04,-11,16,1,10
MEM-2025-LOT7,M04,-10,16,1,10
MEM-2025-LOT7,M04,-9,16,1,10
MEM-2025-LOT7,M04,-8,16,1,10
MEM-2025-LOT7,M04,-7,16,1,10
MEM-2025-LOT7,M04,-6,16,1,10
MEM-2025-LOT7,M04,-5,16,1,10
MEM-2025-LOT7,M04,-4,16,1,10
MEM-2025-LOT7,M04,-3,16,1,10
MEM-2025-LOT7,M04,-2,16,1,10
MEM-2025-LOT7,M04,-1,16,1,10
MEM-2025-LOT7,M04,0,16,1,10
MEM-2025-LOT7,M04,1,16,1,10
MEM-2025-LOT7,M04,2,16,1,10
MEM-2025-LOT7,M04,3,16,1,10
MEM-2025-LOT7,M04,4,16,1,10
MEM-2025-LOT7,M04,5,16,1,10
MEM-2025-LOT7,M04,6,16,1,10
MEM-2025-LOT7,M04,7,16,1,10
MEM-2025-LOT7,M04,8,16,1,10
MEM-2025-LOT7,M04,9,16,1,10
MEM-2025-LOT7,M04,10,16,1,10
MEM-2025-LOT7,M04,11,16,1,10
MEM-2025-LOT7,M04,12,16,1,10
MEM-2025-LOT7,M04,13,16,1,10
MEM-2025-LOT7,M04,14,16,4,20
MEM-2025-LOT7,M04,15,16,1,10
MEM-2025-LOT7,M04,16,16,1,10
MEM-2025-LOT7,M04,17,16,1,10
MEM-2025-LOT7,M04,18,16,1,10
MEM-2025-LOT7,M04,19,16,1,10
MEM-2025-LOT7,M04,20,16,1,10
MEM-2025-LOT7,M04,21,16,1,10
MEM-2025-LOT7,M04,22,16,1,10
MEM-2025-LOT7,M04,23,16,2,31
MEM-2025-LOT7,M04,24,16,2,31
MEM-2025-LOT7,M04,25,16,1,10
MEM-2025-LOT7,M04,26,16,1,10
MEM-2025-LOT7,M04,27,16,2,22
MEM-2025-LOT7,M04,28,16,1,10
MEM-2025-LOT7,M04,29,16,2,21
MEM-2025-LOT7,M04,30,16,1,10
MEM-2025-LOT7,M04,-30,17,3,20
MEM-2025-LOT7,M04,-29,17,1,10
MEM-2025-LOT7,M04,-28,17,1,10
MEM-2025-LOT7,M04,-27,17,4,31
MEM-2025-LOT7,M04,-26,17,3,21
MEM-2025-LOT7,M04,-25,17,2,22
MEM-2025-LOT7,M04,-24,17,1,10
MEM-2025-LOT7,M04,-23,17,1,10
MEM-2025-LOT7,M04,-22,17,3,30
MEM-2025-LOT7,M04,-21,17,1,10
MEM-2025-LOT7,M04,-20,17,1,10
MEM-2025-LOT7,M04,-19,17,1,10
MEM-2025-LOT7,M04,-18,17,1,10
MEM-2025-LOT7,M04,-17,17,1,10
MEM-2025-LOT7,M04,-16,17,1,10
MEM-2025-LOT7,M04,-15,17,1,10
MEM-2025-LOT7,M04,-14,17,1,10
MEM-2025-LOT7,M04,-13,17,1,10
MEM-2025-LOT7,M04,-12,17,1,10
MEM-2025-LOT7,M04,-11,17,1,10
MEM-2025-LOT7,M04,-10,17,1,10
MEM-2025-LOT7,M04,-9,17,1,10
MEM-2025-LOT7,M04,-8,17,1,10
MEM-2025-LOT7,M04,-7,17,1,10
MEM-2025-LOT7,M04,-6,17,1,10
MEM-2025-LOT7,M04,-5,17,1,10
MEM-2025-LOT7,M04,-4,17,1,10
MEM-2025-LOT7,M04,-3,17,1,10
MEM-2025-LOT7,M04,-2,17,1,10
MEM-2025-LOT7,M04,-1,17,1,10
MEM-2025-LOT7,M04,0,17,1,10
MEM-2025-LOT7,M04,1,17,1,10
MEM-2025-LOT7,M04,2,17,1,10
MEM-2025-LOT7,M04,3,17,1,10
MEM-2025-LOT7,M04,4,17,1,10
MEM-2025-LOT7,M04,5,17,1,10
MEM-2025-LOT7,M04,6,17,1,10
MEM-2025-LOT7,M04,7,17,1,10
MEM-2025-LOT7,M04,8,17,1,10
MEM-2025-LOT7,M04,9,17,1,10
MEM-2025-LOT7,M04,10,17,1,10
MEM-2025-LOT7,M04,11,17,1,10
MEM-2025-LOT7,M04,12,17,1,10
MEM-2025-LOT7,M04,13,17,1,10
MEM-2025-LOT7,M04,14,17,1,10
MEM-2025-LOT7,M04,15,17,1,10
MEM-2025-LOT7,M04,16,17,1,10
MEM-2025-LOT7,M04,17,17,1,10
MEM-2025-LOT7,M04,18,17,1,10
MEM-2025-LOT7,M04,19,17,1,10
MEM-2025-LOT7,M04,20,17,1,10
MEM-2025-LOT7,M04,21,17,1,10
MEM-2025-LOT7,M04,22,17,2,21
MEM-2025-LOT7,M04,23,17,1,10
MEM-2025-LOT7,M04,24,17,4,30
MEM-2025-LOT7,M04,25,17,1,10
MEM-2025-LOT7,M04,26,17,3,21
MEM-2025-LOT7,M04,27,17,1,10
MEM-2025-LOT7,M04,28,17,1,10
MEM-2025-LOT7,M04,29,17,1,10
MEM-2025-LOT7,M04,30,17,1,10
MEM-2025-LOT7,M04,-30,18,2,20
MEM-2025-LOT7,M04,-29,18,2,22
MEM-2025-LOT7,M04,-28,18,1,10
MEM-2025-LOT7,M04,-27,18,3,20
MEM-2025-LOT7,M04,-26,18,1,10
MEM-2025-LOT7,M04,-25,18,1,10
MEM-2025-LOT7,M04,-24,18,1,10
MEM-2025-LOT7,M04,-23,18,4,22
MEM-2025-LOT7,M04,-22,18,2,21
MEM-2025-LOT7,M04,-21,18,1,10
MEM-2025-LOT7,M04,-20,18,1,10
MEM-2025-LOT7,M04,-19,18,1,10
MEM-2025-LOT7,M04,-18,18,1,10
MEM-2025-LOT7,M04,-17,18,1,10
MEM-2025-LOT7,M04,-16,18,1,10
MEM-2025-LOT7,M04,-15,18,1,10
MEM-2025-LOT7,M04,-14,18,1,10
MEM-2025-LOT7,M04,-13,18,1,10
MEM-2025-LOT7,M04,-12,18,1,10
MEM-2025-LOT7,M04,-11,18,1,10
MEM-2025-LOT7,M04,-10,18,1,10
MEM-2025-LOT7,M04,-9,18,1,10
MEM-2025-LOT7,M04,-8,18,1,10
MEM-2025-LOT7,M04,-7,18,1,10
MEM-2025-LOT7,M04,-6,18,1,10
MEM-2025-LOT7,M04,-5,18,1,10
MEM-2025-LOT7,M04,-4,18,1,10
MEM-2025-LOT7,M04,-3,18,2,30
MEM-2025-LOT7,M04,-2,18,1,10
MEM-2025-LOT7,M04,-1,18,1,10
MEM-2025-LOT7,M04,0,18,1,10
MEM-2025-LOT7,M04,1,18,1,10
MEM-2025-LOT7,M04,2,18,1,10
MEM-2025-LOT7,M04,3,18,1,10
MEM-2025-LOT7,M04,4,18,1,10
MEM-2025-LOT7,M04,5,18,1,10
MEM-2025-LOT7,M04,6,18,1,10
MEM-2025-LOT7,M04,7,18,1,10
MEM-2025-LOT7,M04,8,18,1,10
MEM-2025-LOT7,M04,9,18,1,10
MEM-2025-LOT7,M04,10,18,1,10
MEM-2025-LOT7,M04,11,18,1,10
MEM-2025-LOT7,M04,12,18,1,10
MEM-2025-LOT7,M04,13,18,1,10
MEM-2025-LOT7,M04,14,18,1,10
MEM-2025-LOT7,M04,15,18,1,10
MEM-2025-LOT7,M04,16,18,1,10
MEM-2025-LOT7,M04,17,18,1,10
MEM-2025-LOT7,M04,18,18,1,10
MEM-2025-LOT7,M04,19,18,2,31
MEM-2025-LOT7,M04,20,18,1,10
MEM-2025-LOT7,M04,21,18,2,31
MEM-2025-LOT7,M04,22,18,1,10
MEM-2025-LOT7,M04,23,18,4,20
MEM-2025-LOT7,M04,24,18,1,10
MEM-2025-LOT7,M04,25,18,1,10
MEM-2025-LOT7,M04,26,18,2,31
MEM-2025-LOT7,M04,27,18,3,21
MEM-2025-LOT7,M04,28,18,4,31
MEM-2025-LOT7,M04,29,18,1,10
MEM-2025-LOT7,M04,30,18,1,10
MEM-2025-LOT7,M04,-29,19,2,21
MEM-2025-LOT7,M04,-28,19,3,21
MEM-2025-LOT7,M04,-27,19,2,20
MEM-2025-LOT7,M04,-26,19,2,21
MEM-2025-LOT7,M04,-25,19,1,10
MEM-2025-LOT7,M04,-24,19,2,21
MEM-2025-LOT7,M04,-23,19,1,10
MEM-2025-LOT7,M04,-22,19,2,31
MEM-2025-LOT7,M04,-21,19,1,10
MEM-2025-LOT7,M04,-20,19,1,10
MEM-2025-LOT7,M04,-19,19,1,10
MEM-2025-LOT7,M04,-18,19,1,10
MEM-2025-LOT7,M04,-17,19,1,10
MEM-2025-LOT7,M04,-16,19,1,10
MEM-2025-LOT7,M04,-15,19,1,10
MEM-2025-LOT7,M04,-14,19,1,10
MEM-2025-LOT7,M04,-13,19,1,10
MEM-2025-LOT7,M04,-12,19,1,10
MEM-2025-LOT7,M04,-11,19,1,10
MEM-2025-LOT7,M04,-10,19,1,10
MEM-2025-LOT7,M04,-9,19,1,10
MEM-2025-LOT7,M04,-8,19,1,10
MEM-2025-LOT7,M04,-7,19,1,10
MEM-2025-LOT7,M04,-6,19,1,10
MEM-2025-LOT7,M04,-5,19,1,10
MEM-2025-LOT7,M04,-4,19,1,10
MEM-2025-LOT7,M04,-3,19,1,10
MEM-2025-LOT7,M04,-2,19,1,10
MEM-2025-LOT7,M04,-1,19,1,10
MEM-2025-LOT7,M04,0,19,1,10
MEM-2025-LOT7,M04,1,19,1,10
MEM-2025-LOT7,M04,2,19,1,10
MEM-2025-LOT7,M04,3,19,1,10
MEM-2025-LOT7,M04,4,19,1,10
MEM-2025-LOT7,M04,5,19,1,10
MEM-2025-LOT7,M04,6,19,1,10
MEM-2025-LOT7,M04,7,19,1,10
MEM-2025-LOT7,M04,8,19,1,10
MEM-2025-LOT7,M04,9,19,1,10
MEM-2025-LOT7,M04,10,19,1,10
MEM-2025-LOT7,M04,11,19,1,10
MEM-2025-LOT7,M04,12,19,1,10
MEM-2025-LOT7,M04,13,19,1,10
MEM-2025-LOT7,M04,14,19,1,10
MEM-2025-LOT7,M04,15,19,1,10
MEM-2025-LOT7,M04,16,19,1,10
MEM-2025-LOT7,M04,17,19,1,10
MEM-2025-LOT7,M04,18,19,4,30
MEM-2025-LOT7,M04,19,19,1,10
MEM-2025-LOT7,M04,20,19,1,10
MEM-2025-LOT7,M04,21,19,1,10
MEM-2025-LOT7,M04,22,19,2,21
MEM-2025-LOT7,M04,23,19,1,10
MEM-2025-LOT7,M04,24,19,2,20
MEM-2025-LOT7,M04,25,19,4,20
MEM-2025-LOT7,M04,26,19,1,10
MEM-2025-LOT7,M04,27,19,2,22
MEM-2025-LOT7,M04,28,19,1,10
MEM-2025-LOT7,M04,29,19,1,10
MEM-2025-LOT7,M04,-29,20,1,10
MEM-2025-LOT7,M04,-28,20,1,10
MEM-2025-LOT7,M04,-27,20,1,10
MEM-2025-LOT7,M04,-26,20,4,31
MEM-2025-LOT7,M04,-25,20,1,10
MEM-2025-LOT7,M04,-24,20,1,10
MEM-2025-LOT7,M04,-23,20,2,20
MEM-2025-LOT7,M04,-22,20,4,20
MEM-2025-LOT7,M04,-21,20,2,22
MEM-2025-LOT7,M04,-20,20,1,10
MEM-2025-LOT7,M04,-19,20,1,10
MEM-2025-LOT7,M04,-18,20,1,10
MEM-2025-LOT7,M04,-17,20,1,10
MEM-2025-LOT7,M04,-16,20,1,10
MEM-2025-LOT7,M04,-15,20,1,10
MEM-2025-LOT7,M04,-14,20,1,10
MEM-2025-LOT7,M04,-13,20,1,10
MEM-2025-LOT7,M04,-12,20,1,10
MEM-2025-LOT7,M04,-11,20,1,10
MEM-2025-LOT7,M04,-10,20,1,10
MEM-2025-LOT7,M04,-9,20,1,10
MEM-2025-LOT7,M04,-8,20,1,10
MEM-2025-LOT7,M04,-7,20,1,10
MEM-2025-LOT7,M04,-6,20,1,10
MEM-2025-LOT7,M04,-5,20,1,10
MEM-2025-LOT7,M04,-4,20,1,10
MEM-2025-LOT7,M04,-3,20,1,10
MEM-2025-LOT7,M04,-2,20,1,10
MEM-2025-LOT7,M04,-1,20,1,10
MEM-2025-LOT7,M04,0,20,1,10
MEM-2025-LOT7,M04,1,20,1,10
MEM-2025-LOT7,M04,2,20,1,10
MEM-2025-LOT7,M04,3,20,1,10
MEM-2025-LOT7,M04,4,20,1,10
MEM-2025-LOT7,M04,5,20,1,10
MEM-2025-LOT7,M04,6,20,1,10
MEM-2025-LOT7,M04,7,20,1,10
MEM-2025-LOT7,M04,8,20,1,10
MEM-2025-LOT7,M04,9,20,1,10
MEM-2025-LOT7,M04,10,20,1,10
MEM-2025-LOT7,M04,11,20,1,10
MEM-2025-LOT7,M04,12,20,1,10
MEM-2025-LOT7,M04,13,20,1,10
MEM-2025-LOT7,M04,14,20,1,10
MEM-2025-LOT7,M04,15,20,1,10
MEM-2025-LOT7,M04,16,20,1,10
MEM-2025-LOT7,M04,17,20,1,10
MEM-2025-LOT7,M04,18,20,1,10
MEM-2025-LOT7,M04,19,20,1,10
MEM-2025-LOT7,M04,20,20,1,10
MEM-2025-LOT7,M04,21,20,1,10
MEM-2025-LOT7,M04,22,20,1,10
MEM-2025-LOT7,M04,23,20,2,22
MEM-2025-LOT7,M04,24,20,1,10
MEM-2025-LOT7,M04,25,20,1,10
MEM-2025-LOT7,M04,26,20,3,21
MEM-2025-LOT7,M04,27,20,1,10
MEM-2025-LOT7,M04,28,20,1,10
MEM-2025-LOT7,M04,29,20,1,10
MEM-2025-LOT7,M04,-29,21,1,10
MEM-2025-LOT7,M04,-28,21,2,21
MEM-2025-LOT7,M04,-27,21,2,22
MEM-2025-LOT7,M04,-26,21,4,30
MEM-2025-LOT7,M04,-25,21,1,10
MEM-2025-LOT7,M04,-24,21,1,10
MEM-2025-LOT7,M04,-23,21,1,10
MEM-2025-LOT7,M04,-22,21,3,20
MEM-2025-LOT7,M04,-21,21,1,10
MEM-2025-LOT7,M04,-20,21,1,10
MEM-2025-LOT7,M04,-19,21,1,10
MEM-2025-LOT7,M04,-18,21,1,10
MEM-2025-LOT7,M04,-17,21,1,10
MEM-2025-LOT7,M04,-16,21,1,10
MEM-2025-LOT7,M04,-15,21,1,10
MEM-2025-LOT7,M04,-14,21,1,10
MEM-2025-LOT7,M04,-13,21,2,21
MEM-2025-LOT7,M04,-12,21,1,10
MEM-2025-LOT7,M04,-11,21,1,10
MEM-2025-LOT7,M04,-10,21,1,10
MEM-2025-LOT7,M04,-9,21,1,10
MEM-2025-LOT7,M04,-8,21,1,10
MEM-2025-LOT7,M04,-7,21,1,10
MEM-2025-LOT7,M04,-6,21,1,10
MEM-2025-LOT7,M04,-5,21,1,10
MEM-2025-LOT7,M04,-4,21,1,10
MEM-2025-LOT7,M04,-3,21,1,10
MEM-2025-LOT7,M04,-2,21,1,10
MEM-2025-LOT7,M04,-1,21,1,10
MEM-2025-LOT7,M04,0,21,1,10
MEM-2025-LOT7,M04,1,21,1,10
MEM-2025-LOT7,M04,2,21,1,10
MEM-2025-LOT7,M04,3,21,1,10
MEM-2025-LOT7,M04,4,21,1,10
MEM-2025-LOT7,M04,5,21,1,10
MEM-2025-LOT7,M04,6,21,1,10
MEM-2025-LOT7,M04,7,21,1,10
MEM-2025-LOT7,M04,8,21,1,10
MEM-2025-LOT7,M04,9,21,1,10
MEM-2025-LOT7,M04,10,21,1,10
MEM-2025-LOT7,M04,11,21,1,10
MEM-2025-LOT7,M04,12,21,1,10
MEM-2025-LOT7,M04,13,21,1,10
MEM-2025-LOT7,M04,14,21,1,10
MEM-2025-LOT7,M04,15,21,1,10
MEM-2025-LOT7,M04,16,21,1,10
MEM-2025-LOT7,M04,17,21,2,22
MEM-2025-LOT7,M04,18,21,1,10
MEM-2025-LOT7,M04,19,21,1,10
MEM-2025-LOT7,M04,20,21,2,22
MEM-2025-LOT7,M04,21,21,1,10
MEM-2025-LOT7,M04,22,21,1,10
MEM-2025-LOT7,M04,23,21,1,10
MEM-2025-LOT7,M04,24,21,3,20
MEM-2025-LOT7,M04,25,21,1,10
MEM-2025-LOT7,M04,26,21,1,10
MEM-2025-LOT7,M04,27,21,1,10
MEM-2025-LOT7,M04,28,21,2,21
MEM-2025-LOT7,M04,29,21,2,22
MEM-2025-LOT7,M04,-28,22,1,10
MEM-2025-LOT7,M04,-27,22,1,10
MEM-2025-LOT7,M04,-26,22,3,21
MEM-2025-LOT7,M04,-25,22,1,10
MEM-2025-LOT7,M04,-24,22,1,10
MEM-2025-LOT7,M04,-23,22,2,21
MEM-2025-LOT7,M04,-22,22,4,31
MEM-2025-LOT7,M04,-21,22,1,10
MEM-2025-LOT7,M04,-20,22,2,31
MEM-2025-LOT7,M04,-19,22,1,10
MEM-2025-LOT7,M04,-18,22,1,10
MEM-2025-LOT7,M04,-17,22,1,10
MEM-2025-LOT7,M04,-16,22,1,10
MEM-2025-LOT7,M04,-15,22,1,10
MEM-2025-LOT7,M04,-14,22,1,10
MEM-2025-LOT7,M04,-13,22,1,10
MEM-2025-LOT7,M04,-12,22,1,10
MEM-2025-LOT7,M04,-11,22,1,10
MEM-2025-LOT7,M04,-10,22,1,10
MEM-2025-LOT7,M04,-9,22,1,10
MEM-2025-LOT7,M04,-8,22,1,10
MEM-2025-LOT7,M04,-7,22,1,10
MEM-2025-LOT7,M04,-6,22,1,10
MEM-2025-LOT7,M04,-5,22,1,10
MEM-2025-LOT7,M04,-4,22,1,10
MEM-2025-LOT7,M04,-3,22,1,10
MEM-2025-LOT7,M04,-2,22,1,10
MEM-2025-LOT7,M04,-1,22,1,10
MEM-2025-LOT7,M04,0,22,1,10
MEM-2025-LOT7,M04,1,22,1,10
MEM-2025-LOT7,M04,2,22,3,31
MEM-2025-LOT7,M04,3,22,1,10
MEM-2025-LOT7,M04,4,22,1,10
MEM-2025-LOT7,M04,5,22,1,10
MEM-2025-LOT7,M04,6,22,3,20
MEM-2025-LOT7,M04,7,22,1,10
MEM-2025-LOT7,M04,8,22,1,10
MEM-2025-LOT7,M04,9,22,3,31
MEM-2025-LOT7,M04,10,22,1,10
MEM-2025-LOT7,M04,11,22,1,10
MEM-2025-LOT7,M04,12,22,1,10
MEM-2025-LOT7,M04,13,22,1,10
MEM-2025-LOT7,M04,14,22,1,10
MEM-2025-LOT7,M04,15,22,1,10
MEM-2025-LOT7,M04,16,22,1,10
MEM-2025-LOT7,M04,17,22,1,10
MEM-2025-LOT7,M04,18,22,1,10
MEM-2025-LOT7,M04,19,22,1,10
MEM-2025-LOT7,M04,20,22,1,10
MEM-2025-LOT7,M04,21,22,1,10
MEM-2025-LOT7,M04,22,22,2,22
MEM-2025-LOT7,M04,23,22,2,21
MEM-2025-LOT7,M04,24,22,2,22
MEM-2025-LOT7,M04,25,22,1,10
MEM-2025-LOT7,M04,26,22,1,10
MEM-2025-LOT7,M04,27,22,2,21
MEM-2025-LOT7,M04,28,22,1,10
MEM-2025-LOT7,M04,-28,23,2,30
MEM-2025-LOT7,M04,-27,23,2,21
MEM-2025-LOT7,M04,-26,23,4,20
MEM-2025-LOT7,M04,-25,23,2,30
MEM-2025-LOT7,M04,-24,23,2,30
MEM-2025-LOT7,M04,-23,23,1,10
MEM-2025-LOT7,M04,-22,23,2,31
MEM-2025-LOT7,M04,-21,23,1,10
MEM-2025-LOT7,M04,-20,23,1,10
MEM-2025-LOT7,M04,-19,23,1,10
MEM-2025-LOT7,M04,-18,23,1,10
MEM-2025-LOT7,M04,-17,23,1,10
MEM-2025-LOT7,M04,-16,23,1,10
MEM-2025-LOT7,M04,-15,23,1,10
MEM-2025-LOT7,M04,-14,23,1,10
MEM-2025-LOT7,M04,-13,23,1,10
MEM-2025-LOT7,M04,-12,23,1,10
MEM-2025-LOT7,M04,-11,23,1,10
MEM-2025-LOT7,M04,-10,23,1,10
MEM-2025-LOT7,M04,-9,23,1,10
MEM-2025-LOT7,M04,-8,23,1,10
MEM-2025-LOT7,M04,-7,23,1,10
MEM-2025-LOT7,M04,-6,23,1,10
MEM-2025-LOT7,M04,-5,23,1,10
MEM-2025-LOT7,M04,-4,23,1,10
MEM-2025-LOT7,M04,-3,23,1,10
MEM-2025-LOT7,M04,-2,23,1,10
MEM-2025-LOT7,M04,-1,23,1,10
MEM-2025-LOT7,M04,0,23,1,10
MEM-2025-LOT7,M04,1,23,1,10
MEM-2025-LOT7,M04,2,23,1,10
MEM-2025-LOT7,M04,3,23,1,10
MEM-2025-LOT7,M04,4,23,1,10
MEM-2025-LOT7,M04,5,23,1,10
MEM-2025-LOT7,M04,6,23,1,10
MEM-2025-LOT7,M04,7,23,1,10
MEM-2025-LOT7,M04,8,23,1,10
MEM-2025-LOT7,M04,9,23,1,10
MEM-2025-LOT7,M04,10,23,1,10
MEM-2025-LOT7,M04,11,23,1,10
MEM-2025-LOT7,M04,12,23,1,10
MEM-2025-LOT7,M04,13,23,1,10
MEM-2025-LOT7,M04,14,23,1,10
MEM-2025-LOT7,M04,15,23,1,10
MEM-2025-LOT7,M04,16,23,1,10
MEM-2025-LOT7,M04,17,23,1,10
MEM-2025-LOT7,M04,18,23,1,10
MEM-2025-LOT7,M04,19,23,1,10
MEM-2025-LOT7,M04,20,23,1,10
MEM-2025-LOT7,M04,21,23,1,10
MEM-2025-LOT7,M04,22,23,1,10
MEM-2025-LOT7,M04,23,23,2,31
MEM-2025-LOT7,M04,24,23,2,20
MEM-2025-LOT7,M04,25,23,1,10
MEM-2025-LOT7,M04,26,23,1,10
MEM-2025-LOT7,M04,27,23,1,10
MEM-2025-LOT7,M04,28,23,1,10
MEM-2025-LOT7,M04,-28,24,1,10
MEM-2025-LOT7,M04,-27,24,1,10
MEM-2025-LOT7,M04,-26,24,1,10
MEM-2025-LOT7,M04,-25,24,1,10
MEM-2025-LOT7,M04,-24,24,1,10
MEM-2025-LOT7,M04,-23,24,1,10
MEM-2025-LOT7,M04,-22,24,4,20
MEM-2025-LOT7,M04,-21,24,3,21
MEM-2025-LOT7,M04,-20,24,1,10
MEM-2025-LOT7,M04,-19,24,1,10
MEM-2025-LOT7,M04,-18,24,1,10
MEM-2025-LOT7,M04,-17,24,1,10
MEM-2025-LOT7,M04,-16,24,1,10
MEM-2025-LOT7,M04,-15,24,1,10
MEM-2025-LOT7,M04,-14,24,1,10
MEM-2025-LOT7,M04,-13,24,2,20
MEM-2025-LOT7,M04,-12,24,1,10
MEM-2025-LOT7,M04,-11,24,1,10
MEM-2025-LOT7,M04,-10,24,1,10
MEM-2025-LOT7,M04,-9,24,1,10
MEM-2025-LOT7,M04,-8,24,1,10
MEM-2025-LOT7,M04,-7,24,1,10
MEM-2025-LOT7,M04,-6,24,1,10
MEM-2025-LOT7,M04,-5,24,1,10
MEM-2025-LOT7,M04,-4,24,1,10
MEM-2025-LOT7,M04,-3,24,1,10
MEM-2025-LOT7,M04,-2,24,1,10
MEM-2025-LOT7,M04,-1,24,1,10
MEM-2025-LOT7,M04,0,24,1,10
MEM-2025-LOT7,M04,1,24,1,10
MEM-2025-LOT7,M04,2,24,1,10
MEM-2025-LOT7,M04,3,24,1,10
MEM-2025-LOT7,M04,4,24,1,10
MEM-2025-LOT7,M04,5,24,1,10
MEM-2025-LOT7,M04,6,24,1,10
MEM-2025-LOT7,M04,7,24,1,10
MEM-2025-LOT7,M04,8,24,1,10
MEM-2025-LOT7,M04,9,24,1,10
MEM-2025-LOT7,M04,10,24,1,10
MEM-2025-LOT7,M04,11,24,1,10
MEM-2025-LOT7,M04,12,24,1,10
MEM-2025-LOT7,M04,13,24,1,10
MEM-2025-LOT7,M04,14,24,1,10
MEM-2025-LOT7,M04,15,24,1,10
MEM-2025-LOT7,M04,16,24,1,10
MEM-2025-LOT7,M04,17,24,1,10
MEM-2025-LOT7,M04,18,24,1,10
MEM-2025-LOT7,M04,19,24,1,10
MEM-2025-LOT7,M04,20,24,1,10
MEM-2025-LOT7,M04,21,24,2,21
MEM-2025-LOT7,M04,22,24,1,10
MEM-2025-LOT7,M04,23,24,2,20
MEM-2025-LOT7,M04,24,24,1,10
MEM-2025-LOT7,M04,25,24,2,22
MEM-2025-LOT7,M04,26,24,1,10
MEM-2025-LOT7,M04,27,24,1,10
MEM-2025-LOT7,M04,28,24,1,10
MEM-2025-LOT7,M04,-27,25,1,10
MEM-2025-LOT7,M04,-26,25,4,22
MEM-2025-LOT7,M04,-25,25,1,10
MEM-2025-LOT7,M04,-24,25,1,10
MEM-2025-LOT7,M04,-23,25,2,30
MEM-2025-LOT7,M04,-22,25,1,10
MEM-2025-LOT7,M04,-21,25,1,10
MEM-2025-LOT7,M04,-20,25,3,20
MEM-2025-LOT7,M04,-19,25,1,10
MEM-2025-LOT7,M04,-18,25,2,21
MEM-2025-LOT7,M04,-17,25,1,10
MEM-2025-LOT7,M04,-16,25,1,10
MEM-2025-LOT7,M04,-15,25,1,10
MEM-2025-LOT7,M04,-14,25,1,10
MEM-2025-LOT7,M04,-13,25,1,10
MEM-2025-LOT7,M04,-12,25,1,10
MEM-2025-LOT7,M04,-11,25,1,10
MEM-2025-LOT7,M04,-10,25,1,10
MEM-2025-LOT7,M04,-9,25,1,10
MEM-2025-LOT7,M04,-8,25,1,10
MEM-2025-LOT7,M04,-7,25,1,10
MEM-2025-LOT7,M04,-6,25,1,10
MEM-2025-LOT7,M04,-5,25,1,10
MEM-2025-LOT7,M04,-4,25,1,10
MEM-2025-LOT7,M04,-3,25,1,10
MEM-2025-LOT7,M04,-2,25,1,10
MEM-2025-LOT7,M04,-1,25,1,10
MEM-2025-LOT7,M04,0,25,1,10
MEM-2025-LOT7,M04,1,25,1,10
MEM-2025-LOT7,M04,2,25,1,10
MEM-2025-LOT7,M04,3,25,1,10
MEM-2025-LOT7,M04,4,25,1,10
MEM-2025-LOT7,M04,5,25,1,10
MEM-2025-LOT7,M04,6,25,1,10
MEM-2025-LOT7,M04,7,25,1,10
MEM-2025-LOT7,M04,8,25,1,10
MEM-2025-LOT7,M04,9,25,1,10
MEM-2025-LOT7,M04,10,25,1,10
MEM-2025-LOT7,M04,11,25,1,10
MEM-2025-LOT7,M04,12,25,1,10
MEM-2025-LOT7,M04,13,25,1,10
MEM-2025-LOT7,M04,14,25,1,10
MEM-2025-LOT7,M04,15,25,1,10
MEM-2025-LOT7,M04,16,25,1,10
MEM-2025-LOT7,M04,17,25,1,10
MEM-2025-LOT7,M04,18,25,1,10
MEM-2025-LOT7,M04,19,25,1,10
MEM-2025-LOT7,M04,20,25,1,10
MEM-2025-LOT7,M04,21,25,1,10
MEM-2025-LOT7,M04,22,25,2,21
MEM-2025-LOT7,M04,23,25,2,30
MEM-2025-LOT7,M04,24,25,1,10
MEM-2025-LOT7,M04,25,25,1,10
MEM-2025-LOT7,M04,26,25,2,31
MEM-2025-LOT7,M04,27,25,1,10
MEM-2025-LOT7,M04,-27,26,1,10
MEM-2025-LOT7,M04,-26,26,3,22
MEM-2025-LOT7,M04,-25,26,3,21
MEM-2025-LOT7,M04,-24,26,2,20
MEM-2025-LOT7,M04,-23,26,1,10
MEM-2025-LOT7,M04,-22,26,1,10
MEM-2025-LOT7,M04,-21,26,2,31
MEM-2025-LOT7,M04,-20,26,3,22
MEM-2025-LOT7,M04,-19,26,4,30
MEM-2025-LOT7,M04,-18,26,4,31
MEM-2025-LOT7,M04,-17,26,1,10
MEM-2025-LOT7,M04,-16,26,1,10
MEM-2025-LOT7,M04,-15,26,1,10
MEM-2025-LOT7,M04,-14,26,1,10
MEM-2025-LOT7,M04,-13,26,1,10
MEM-2025-LOT7,M04,-12,26,1,10
MEM-2025-LOT7,M04,-11,26,1,10
MEM-2025-LOT7,M04,-10,26,1,10
MEM-2025-LOT7,M04,-9,26,1,10
MEM-2025-LOT7,M04,-8,26,1,10
MEM-2025-LOT7,M04,-7,26,1,10
MEM-2025-LOT7,M04,-6,26,1,10
MEM-2025-LOT7,M04,-5,26,1,10
MEM-2025-LOT7,M04,-4,26,1,10
MEM-2025-LOT7,M04,-3,26,1,10
MEM-2025-LOT7,M04,-2,26,1,10
MEM-2025-LOT7,M04,-1,26,1,10
MEM-2025-LOT7,M04,0,26,1,10
MEM-2025-LOT7,M04,1,26,1,10
MEM-2025-LOT7,M04,2,26,1,10
MEM-2025-LOT7,M04,3,26,1,10
MEM-2025-LOT7,M04,4,26,1,10
MEM-2025-LOT7,M04,5,26,1,10
MEM-2025-LOT7,M04,6,26,1,10
MEM-2025-LOT7,M04,7,26,1,10
MEM-2025-LOT7,M04,8,26,1,10
MEM-2025-LOT7,M04,9,26,1,10
MEM-2025-LOT7,M04,10,26,1,10
MEM-2025-LOT7,M04,11,26,1,10
MEM-2025-LOT7,M04,12,26,1,10
MEM-2025-LOT7,M04,13,26,1,10
MEM-2025-LOT7,M04,14,26,1,10
MEM-2025-LOT7,M04,15,26,1,10
MEM-2025-LOT7,M04,16,26,1,10
MEM-2025-LOT7,M04,17,26,1,10
MEM-2025-LOT7,M04,18,26,2,21
MEM-2025-LOT7,M04,19,26,1,10
MEM-2025-LOT7,M04,20,26,2,22
MEM-2025-LOT7,M04,21,26,1,10
MEM-2025-LOT7,M04,22,26,1,10
MEM-2025-LOT7,M04,23,26,4,30
MEM-2025-LOT7,M04,24,26,1,10
MEM-2025-LOT7,M04,25,26,1,10
MEM-2025-LOT7,M04,26,26,2,30
MEM-2025-LOT7,M04,27,26,4,21
MEM-2025-LOT7,M04,-26,27,3,22
MEM-2025-LOT7,M04,-25,27,3,20
MEM-2025-LOT7,M04,-24,27,2,30
MEM-2025-LOT7,M04,-23,27,1,10
MEM-2025-LOT7,M04,-22,27,1,10
MEM-2025-LOT7,M04,-21,27,2,21
MEM-2025-LOT7,M04,-20,27,2,31
MEM-2025-LOT7,M04,-19,27,4,31
MEM-2025-LOT7,M04,-18,27,1,10
MEM-2025-LOT7,M04,-17,27,4,31
MEM-2025-LOT7,M04,-16,27,1,10
MEM-2025-LOT7,M04,-15,27,1,10
MEM-2025-LOT7,M04,-14,27,1,10
MEM-2025-LOT7,M04,-13,27,1,10
MEM-2025-LOT7,M04,-12,27,1,10
MEM-2025-LOT7,M04,-11,27,1,10
MEM-2025-LOT7,M04,-10,27,1,10
MEM-2025-LOT7,M04,-9,27,1,10
MEM-2025-LOT7,M04,-8,27,1,10
MEM-2025-LOT7,M04,-7,27,1,10
MEM-2025-LOT7,M04,-6,27,1,10
MEM-2025-LOT7,M04,-5,27,1,10
MEM-2025-LOT7,M04,-4,27,1,10
MEM-2025-LOT7,M04,-3,27,1,10
MEM-2025-LOT7,M04,-2,27,1,10
MEM-2025-LOT7,M04,-1,27,1,10
MEM-2025-LOT7,M04,0,27,1,10
MEM-2025-LOT7,M04,1,27,1,10
MEM-2025-LOT7,M04,2,27,1,10
MEM-2025-LOT7,M04,3,27,1,10
MEM-2025-LOT7,M04,4,27,1,10
MEM-2025-LOT7,M04,5,27,1,10
MEM-2025-LOT7,M04,6,27,1,10
MEM-2025-LOT7,M04,7,27,3,21
MEM-2025-LOT7,M04,8,27,1,10
MEM-2025-LOT7,M04,9,27,1,10
MEM-2025-LOT7,M04,10,27,1,10
MEM-2025-LOT7,M04,11,27,1,10
MEM-2025-LOT7,M04,12,27,1,10
MEM-2025-LOT7,M04,13,27,1,10
MEM-2025-LOT7,M04,14,27,1,10
MEM-2025-LOT7,M04,15,27,1,10
MEM-2025-LOT7,M04,16,27,1,10
MEM-2025-LOT7,M04,17,27,2,30
MEM-2025-LOT7,M04,18,27,1,10
MEM-2025-LOT7,M04,19,27,3,22
MEM-2025-LOT7,M04,20,27,3,30
MEM-2025-LOT7,M04,21,27,1,10
MEM-2025-LOT7,M04,22,27,4,30
MEM-2025-LOT7,M04,23,27,1,10
MEM-2025-LOT7,M04,24,27,1,10
MEM-2025-LOT7,M04,25,27,3,20
MEM-2025-LOT7,M04,26,27,1,10
MEM-2025-LOT7,M04,-26,28,3,31
MEM-2025-LOT7,M04,-25,28,1,10
MEM-2025-LOT7,M04,-24,28,2,22
MEM-2025-LOT7,M04,-23,28,3,22
MEM-2025-LOT7,M04,-22,28,1,10
MEM-2025-LOT7,M04,-21,28,1,10
MEM-2025-LOT7,M04,-20,28,3,20
MEM-2025-LOT7,M04,-19,28,2,20
MEM-2025-LOT7,M04,-18,28,2,21
MEM-2025-LOT7,M04,-17,28,2,20
MEM-2025-LOT7,M04,-16,28,2,30
MEM-2025-LOT7,M04,-15,28,1,10
MEM-2025-LOT7,M04,-14,28,1,10
MEM-2025-LOT7,M04,-13,28,1,10
MEM-2025-LOT7,M04,-12,28,1,10
MEM-2025-LOT7,M04,-11,28,1,10
MEM-2025-LOT7,M04,-10,28,1,10
MEM-2025-LOT7,M04,-9,28,1,10
MEM-2025-LOT7,M04,-8,28,1,10
MEM-2025-LOT7,M04,-7,28,1,10
MEM-2025-LOT7,M04,-6,28,1,10
MEM-2025-LOT7,M04,-5,28,1,10
MEM-2025-LOT7,M04,-4,28,1,10
MEM-2025-LOT7,M04,-3,28,1,10
MEM-2025-LOT7,M04,-2,28,1,10
MEM-2025-LOT7,M04,-1,28,1,10
MEM-2025-LOT7,M04,0,28,1,10
MEM-2025-LOT7,M04,1,28,1,10
MEM-2025-LOT7,M04,2,28,1,10
MEM-2025-LOT7,M04,3,28,1,10
MEM-2025-LOT7,M04,4,28,1,10
MEM-2025-LOT7,M04,5,28,1,10
MEM-2025-LOT7,M04,6,28,1,10
MEM-2025-LOT7,M04,7,28,1,10
MEM-2025-LOT7,M04,8,28,1,10
MEM-2025-LOT7,M04,9,28,1,10
MEM-2025-LOT7,M04,10,28,1,10
MEM-2025-LOT7,M04,11,28,1,10
MEM-2025-LOT7,M04,12,28,1,10
MEM-2025-LOT7,M04,13,28,1,10
MEM-2025-LOT7,M04,14,28,1,10
MEM-2025-LOT7,M04,15,28,1,10
MEM-2025-LOT7,M04,16,28,1,10
MEM-2025-LOT7,M04,17,28,2,21
MEM-2025-LOT7,M04,18,28,2,22
MEM-2025-LOT7,M04,19,28,2,31
MEM-2025-LOT7,M04,20,28,2,30
MEM-2025-LOT7,M04,21,28,3,31
MEM-2025-LOT7,M04,22,28,1,10
MEM-2025-LOT7,M04,23,28,1,10
MEM-2025-LOT7,M04,24,28,1,10
MEM-2025-LOT7,M04,25,28,4,20
MEM-2025-LOT7,M04,26,28,2,30
MEM-2025-LOT7,M04,-25,29,1,10
MEM-2025-LOT7,M04,-24,29,1,10
MEM-2025-LOT7,M04,-23,29,1,10
MEM-2025-LOT7,M04,-22,29,2,22
MEM-2025-LOT7,M04,-21,29,1,10
MEM-2025-LOT7,M04,-20,29,3,21
MEM-2025-LOT7,M04,-19,29,1,10
MEM-2025-LOT7,M04,-18,29,1,10
MEM-2025-LOT7,M04,-17,29,1,10
MEM-2025-LOT7,M04,-16,29,2,21
MEM-2025-LOT7,M04,-15,29,3,21
MEM-2025-LOT7,M04,-14,29,2,31
MEM-2025-LOT7,M04,-13,29,1,10
MEM-2025-LOT7,M04,-12,29,1,10
MEM-2025-LOT7,M04,-11,29,1,10
MEM-2025-LOT7,M04,-10,29,1,10
MEM-2025-LOT7,M04,-9,29,1,10
MEM-2025-LOT7,M04,-8,29,1,10
MEM-2025-LOT7,M04,-7,29,1,10
MEM-2025-LOT7,M04,-6,29,1,10
MEM-2025-LOT7,M04,-5,29,1,10
MEM-2025-LOT7,M04,-4,29,1,10
MEM-2025-LOT7,M04,-3,29,1,10
MEM-2025-LOT7,M04,-2,29,1,10
MEM-2025-LOT7,M04,-1,29,1,10
MEM-2025-LOT7,M04,0,29,1,10
MEM-2025-LOT7,M04,1,29,1,10
MEM-2025-LOT7,M04,2,29,1,10
MEM-2025-LOT7,M04,3,29,1,10
MEM-2025-LOT7,M04,4,29,1,10
MEM-2025-LOT7,M04,5,29,1,10
MEM-2025-LOT7,M04,6,29,1,10
MEM-2025-LOT7,M04,7,29,1,10
MEM-2025-LOT7,M04,8,29,1,10
MEM-2025-LOT7,M04,9,29,1,10
MEM-2025-LOT7,M04,10,29,1,10
MEM-2025-LOT7,M04,11,29,1,10
MEM-2025-LOT7,M04,12,29,1,10
MEM-2025-LOT7,M04,13,29,1,10
MEM-2025-LOT7,M04,14,29,1,10
MEM-2025-LOT7,M04,15,29,2,20
MEM-2025-LOT7,M04,16,29,1,10
MEM-2025-LOT7,M04,17,29,3,22
MEM-2025-LOT7,M04,18,29,1,10
MEM-2025-LOT7,M04,19,29,4,21
MEM-2025-LOT7,M04,20,29,1,10
MEM-2025-LOT7,M04,21,29,3,30
MEM-2025-LOT7,M04,22,29,1,10
MEM-2025-LOT7,M04,23,29,1,10
MEM-2025-LOT7,M04,24,29,1,10
MEM-2025-LOT7,M04,25,29,1,10
MEM-2025-LOT7,M04,-25,30,2,31
MEM-2025-LOT7,M04,-24,30,1,10
MEM-2025-LOT7,M04,-23,30,2,20
MEM-2025-LOT7,M04,-22,30,3,30
MEM-2025-LOT7,M04,-21,30,1,10
MEM-2025-LOT7,M04,-20,30,1,10
MEM-2025-LOT7,M04,-19,30,1,10
MEM-2025-LOT7,M04,-18,30,2,31
MEM-2025-LOT7,M04,-17,30,1,10
MEM-2025-LOT7,M04,-16,30,1,10
MEM-2025-LOT7,M04,-15,30,4,21
MEM-2025-LOT7,M04,-14,30,3,30
MEM-2025-LOT7,M04,-13,30,1,10
MEM-2025-LOT7,M04,-12,30,1,10
MEM-2025-LOT7,M04,-11,30,1,10
MEM-2025-LOT7,M04,-10,30,1,10
MEM-2025-LOT7,M04,-9,30,1,10
MEM-2025-LOT7,M04,-8,30,1,10
MEM-2025-LOT7,M04,-7,30,1,10
MEM-2025-LOT7,M04,-6,30,1,10
MEM-2025-LOT7,M04,-5,30,1,10
MEM-2025-LOT7,M04,-4,30,1,10
MEM-2025-LOT7,M04,-3,30,1,10
MEM-2025-LOT7,M04,-2,30,1,10
MEM-2025-LOT7,M04,-1,30,1,10
MEM-2025-LOT7,M04,0,30,1,10
MEM-2025-LOT7,M04,1,30,1,10
MEM-2025-LOT7,M04,2,30,1,10
MEM-2025-LOT7,M04,3,30,1,10
MEM-2025-LOT7,M04,4,30,1,10
MEM-2025-LOT7,M04,5,30,1,10
MEM-2025-LOT7,M04,6,30,1,10
MEM-2025-LOT7,M04,7,30,1,10
MEM-2025-LOT7,M04,8,30,1,10
MEM-2025-LOT7,M04,9,30,1,10
MEM-2025-LOT7,M04,10,30,1,10
MEM-2025-LOT7,M04,11,30,1,10
MEM-2025-LOT7,M04,12,30,1,10
MEM-2025-LOT7,M04,13,30,1,10
MEM-2025-LOT7,M04,14,30,1,10
MEM-2025-LOT7,M04,15,30,1,10
MEM-2025-LOT7,M04,16,30,4,31
MEM-2025-LOT7,M04,17,30,4,21
MEM-2025-LOT7,M04,18,30,1,10
MEM-2025-LOT7,M04,19,30,1,10
MEM-2025-LOT7,M04,20,30,1,10
MEM-2025-LOT7,M04,21,30,2,30
MEM-2025-LOT7,M04,22,30,1,10
MEM-2025-LOT7,M04,23,30,2,31
MEM-2025-LOT7,M04,24,30,1,10
MEM-2025-LOT7,M04,25,30,2,30
MEM-2025-LOT7,M04,-24,31,1,10
MEM-2025-LOT7,M04,-23,31,2,22
MEM-2025-LOT7,M04,-22,31,1,10
MEM-2025-LOT7,M04,-21,31,1,10
MEM-2025-LOT7,M04,-20,31,2,30
MEM-2025-LOT7,M04,-19,31,2,21
MEM-2025-LOT7,M04,-18,31,1,10
MEM-2025-LOT7,M04,-17,31,2,22
MEM-2025-LOT7,M04,-16,31,1,10
MEM-2025-LOT7,M04,-15,31,4,30
MEM-2025-LOT7,M04,-14,31,3,20
MEM-2025-LOT7,M04,-13,31,1,10
MEM-2025-LOT7,M04,-12,31,1,10
MEM-2025-LOT7,M04,-11,31,1,10
MEM-2025-LOT7,M04,-10,31,1,10
MEM-2025-LOT7,M04,-9,31,1,10
MEM-2025-LOT7,M04,-8,31,1,10
MEM-2025-LOT7,M04,-7,31,1,10
MEM-2025-LOT7,M04,-6,31,1,10
MEM-2025-LOT7,M04,-5,31,1,10
MEM-2025-LOT7,M04,-4,31,1,10
MEM-2025-LOT7,M04,-3,31,1,10
MEM-2025-LOT7,M04,-2,31,1,10
MEM-2025-LOT7,M04,-1,31,1,10
MEM-2025-LOT7,M04,0,31,1,10
MEM-2025-LOT7,M04,1,31,1,10
MEM-2025-LOT7,M04,2,31,1,10
MEM-2025-LOT7,M04,3,31,1,10
MEM-2025-LOT7,M04,4,31,1,10
MEM-2025-LOT7,M04,5,31,1,10
MEM-2025-LOT7,M04,6,31,1,10
MEM-2025-LOT7,M04,7,31,1,10
MEM-2025-LOT7,M04,8,31,1,10
MEM-2025-LOT7,M04,9,31,1,10
MEM-2025-LOT7,M04,10,31,1,10
MEM-2025-LOT7,M04,11,31,1,10
MEM-2025-LOT7,M04,12,31,1,10
MEM-2025-LOT7,M04,13,31,1,10
MEM-2025-LOT7,M04,14,31,1,10
MEM-2025-LOT7,M04,15,31,1,10
MEM-2025-LOT7,M04,16,31,1,10
MEM-2025-LOT7,M04,17,31,2,20
MEM-2025-LOT7,M04,18,31,1,10
MEM-2025-LOT7,M04,19,31,3,22
MEM-2025-LOT7,M04,20,31,3,20
MEM-2025-LOT7,M04,21,31,4,30
MEM-2025-LOT7,M04,22,31,1,10
MEM-2025-LOT7,M04,23,31,1,10
MEM-2025-LOT7,M04,24,31,2,30
MEM-2025-LOT7,M04,-24,32,2,30
MEM-2025-LOT7,M04,-23,32,1,10
MEM-2025-LOT7,M04,-22,32,1,10
MEM-2025-LOT7,M04,-21,32,3,22
MEM-2025-LOT7,M04,-20,32,1,10
MEM-2025-LOT7,M04,-19,32,1,10
MEM-2025-LOT7,M04,-18,32,2,22
MEM-2025-LOT7,M04,-17,32,1,10
MEM-2025-LOT7,M04,-16,32,1,10
MEM-2025-LOT7,M04,-15,32,2,31
MEM-2025-LOT7,M04,-14,32,2,20
MEM-2025-LOT7,M04,-13,32,2,21
MEM-2025-LOT7,M04,-12,32,1,10
MEM-2025-LOT7,M04,-11,32,1,10
MEM-2025-LOT7,M04,-10,32,1,10
MEM-2025-LOT7,M04,-9,32,1,10
MEM-2025-LOT7,M04,-8,32,1,10
MEM-2025-LOT7,M04,-7,32,1,10
MEM-2025-LOT7,M04,-6,32,1,10
MEM-2025-LOT7,M04,-5,32,1,10
MEM-2025-LOT7,M04,-4,32,1,10
MEM-2025-LOT7,M04,-3,32,1,10
MEM-2025-LOT7,M04,-2,32,1,10
MEM-2025-LOT7,M04,-1,32,1,10
MEM-2025-LOT7,M04,0,32,1,10
MEM-2025-LOT7,M04,1,32,1,10
MEM-2025-LOT7,M04,2,32,1,10
MEM-2025-LOT7,M04,3,32,2,21
MEM-2025-LOT7,M04,4,32,1,10
MEM-2025-LOT7,M04,5,32,1,10
MEM-2025-LOT7,M04,6,32,1,10
MEM-2025-LOT7,M04,7,32,1,10
MEM-2025-LOT7,M04,8,32,1,10
MEM-2025-LOT7,M04,9,32,1,10
MEM-2025-LOT7,M04,10,32,1,10
MEM-2025-LOT7,M04,11,32,1,10
MEM-2025-LOT7,M04,12,32,1,10
MEM-2025-LOT7,M04,13,32,3,30
MEM-2025-LOT7,M04,14,32,4,31
MEM-2025-LOT7,M04,15,32,1,10
MEM-2025-LOT7,M04,16,32,2,31
MEM-2025-LOT7,M04,17,32,1,10
MEM-2025-LOT7,M04,18,32,1,10
MEM-2025-LOT7,M04,19,32,2,22
MEM-2025-LOT7,M04,20,32,4,20
MEM-2025-LOT7,M04,21,32,1,10
MEM-2025-LOT7,M04,22,32,1,10
MEM-2025-LOT7,M04,23,32,1,10
MEM-2025-LOT7,M04,24,32,2,21
MEM-2025-LOT7,M04,-23,33,1,10
MEM-2025-LOT7,M04,-22,33,4,21
MEM-2025-LOT7,M04,-21,33,1,10
MEM-2025-LOT7,M04,-20,33,1,10
MEM-2025-LOT7,M04,-19,33,2,31
MEM-2025-LOT7,M04,-18,33,4,31
MEM-2025-LOT7,M04,-17,33,1,10
MEM-2025-LOT7,M04,-16,33,1,10
MEM-2025-LOT7,M04,-15,33,2,30
MEM-2025-LOT7,M04,-14,33,3,22
MEM-2025-LOT7,M04,-13,33,1,10
MEM-2025-LOT7,M04,-12,33,1,10
MEM-2025-LOT7,M04,-11,33,1,10
MEM-2025-LOT7,M04,-10,33,1,10
MEM-2025-LOT7,M04,-9,33,1,10
MEM-2025-LOT7,M04,-8,33,1,10
MEM-2025-LOT7,M04,-7,33,1,10
MEM-2025-LOT7,M04,-6,33,1,10
MEM-2025-LOT7,M04,-5,33,1,10
MEM-2025-LOT7,M04,-4,33,1,10
MEM-2025-LOT7,M04,-3,33,1,10
MEM-2025-LOT7,M04,-2,33,1,10
MEM-2025-LOT7,M04,-1,33,2,20
MEM-2025-LOT7,M04,0,33,1,10
MEM-2025-LOT7,M04,1,33,1,10
MEM-2025-LOT7,M04,2,33,1,10
MEM-2025-LOT7,M04,3,33,1,10
MEM-2025-LOT7,M04,4,33,1,10
MEM-2025-LOT7,M04,5,33,1,10
MEM-2025-LOT7,M04,6,33,1,10
MEM-2025-LOT7,M04,7,33,1,10
MEM-2025-LOT7,M04,8,33,1,10
MEM-2025-LOT7,M04,9,33,1,10
MEM-2025-LOT7,M04,10,33,1,10
MEM-2025-LOT7,M04,11,33,1,10
MEM-2025-LOT7,M04,12,33,2,30
MEM-2025-LOT7,M04,13,33,2,21
MEM-2025-LOT7,M04,14,33,4,22
MEM-2025-LOT7,M04,15,33,1,10
MEM-2025-LOT7,M04,16,33,4,30
MEM-2025-LOT7,M04,17,33,1,10
MEM-2025-LOT7,M04,18,33,1,10
MEM-2025-LOT7,M04,19,33,4,21
MEM-2025-LOT7,M04,20,33,1,10
MEM-2025-LOT7,M04,21,33,1,10
MEM-2025-LOT7,M04,22,33,2,22
MEM-2025-LOT7,M04,23,33,1,10
MEM-2025-LOT7,M04,-23,34,2,22
MEM-2025-LOT7,M04,-22,34,2,21
MEM-2025-LOT7,M04,-21,34,2,20
MEM-2025-LOT7,M04,-20,34,1,10
MEM-2025-LOT7,M04,-19,34,1,10
MEM-2025-LOT7,M04,-18,34,2,22
MEM-2025-LOT7,M04,-17,34,4,21
MEM-2025-LOT7,M04,-16,34,3,20
MEM-2025-LOT7,M04,-15,34,1,10
MEM-2025-LOT7,M04,-14,34,2,20
MEM-2025-LOT7,M04,-13,34,3,20
MEM-2025-LOT7,M04,-12,34,1,10
MEM-2025-LOT7,M04,-11,34,1,10
MEM-2025-LOT7,M04,-10,34,1,10
MEM-2025-LOT7,M04,-9,34,1,10
MEM-2025-LOT7,M04,-8,34,1,10
MEM-2025-LOT7,M04,-7,34,1,10
MEM-2025-LOT7,M04,-6,34,1,10
MEM-2025-LOT7,M04,-5,34,1,10
MEM-2025-LOT7,M04,-4,34,1,10
MEM-2025-LOT7,M04,-3,34,1,10
MEM-2025-LOT7,M04,-2,34,1,10
MEM-2025-LOT7,M04,-1,34,1,10
MEM-2025-LOT7,M04,0,34,1,10
MEM-2025-LOT7,M04,1,34,1,10
MEM-2025-LOT7,M04,2,34,1,10
MEM-2025-LOT7,M04,3,34,2,31
MEM-2025-LOT7,M04,4,34,1,10
MEM-2025-LOT7,M04,5,34,1,10
MEM-2025-LOT7,M04,6,34,2,21
MEM-2025-LOT7,M04,7,34,2,22
MEM-2025-LOT7,M04,8,34,1,10
MEM-2025-LOT7,M04,9,34,1,10
MEM-2025-LOT7,M04,10,34,3,31
MEM-2025-LOT7,M04,11,34,1,10
MEM-2025-LOT7,M04,12,34,1,10
MEM-2025-LOT7,M04,13,34,1,10
MEM-2025-LOT7,M04,14,34,4,22
MEM-2025-LOT7,M04,15,34,1,10
MEM-2025-LOT7,M04,16,34,1,10
MEM-2025-LOT7,M04,17,34,3,20
MEM-2025-LOT7,M04,18,34,1,10
MEM-2025-LOT7,M04,19,34,4,20
MEM-2025-LOT7,M04,20,34,1,10
MEM-2025-LOT7,M04,21,34,1,10
MEM-2025-LOT7,M04,22,34,1,10
MEM-2025-LOT7,M04,23,34,4,20
MEM-2025-LOT7,M04,-22,35,1,10
MEM-2025-LOT7,M04,-21,35,1,10
MEM-2025-LOT7,M04,-20,35,4,22
MEM-2025-LOT7,M04,-19,35,2,22
MEM-2025-LOT7,M04,-18,35,3,31
MEM-2025-LOT7,M04,-17,35,2,22
MEM-2025-LOT7,M04,-16,35,1,10
MEM-2025-LOT7,M04,-15,35,1,10
MEM-2025-LOT7,M04,-14,35,1,10
MEM-2025-LOT7,M04,-13,35,4,30
MEM-2025-LOT7,M04,-12,35,2,21
MEM-2025-LOT7,M04,-11,35,3,22
MEM-2025-LOT7,M04,-10,35,1,10
MEM-2025-LOT7,M04,-9,35,1,10
MEM-2025-LOT7,M04,-8,35,1,10
MEM-2025-LOT7,M04,-7,35,1,10
MEM-2025-LOT7,M04,-6,35,1,10
MEM-2025-LOT7,M04,-5,35,1,10
MEM-2025-LOT7,M04,-4,35,1,10
MEM-2025-LOT7,M04,-3,35,1,10
MEM-2025-LOT7,M04,-2,35,1,10
MEM-2025-LOT7,M04,-1,35,1,10
MEM-2025-LOT7,M04,0,35,1,10
MEM-2025-LOT7,M04,1,35,1,10
MEM-2025-LOT7,M04,2,35,1,10
MEM-2025-LOT7,M04,3,35,1,10
MEM-2025-LOT7,M04,4,35,1,10
MEM-2025-LOT7,M04,5,35,1,10
MEM-2025-LOT7,M04,6,35,1,10
MEM-2025-LOT7,M04,7,35,1,10
MEM-2025-LOT7,M04,8,35,3,20
MEM-2025-LOT7,M04,9,35,4,22
MEM-2025-LOT7,M04,10,35,2,21
MEM-2025-LOT7,M04,11,35,3,31
MEM-2025-LOT7,M04,12,35,2,30
MEM-2025-LOT7,M04,13,35,1,10
MEM-2025-LOT7,M04,14,35,1,10
MEM-2025-LOT7,M04,15,35,1,10
MEM-2025-LOT7,M04,16,35,1,10
MEM-2025-LOT7,M04,17,35,1,10
MEM-2025-LOT7,M04,18,35,2,20
MEM-2025-LOT7,M04,19,35,2,22
MEM-2025-LOT7,M04,20,35,1,10
MEM-2025-LOT7,M04,21,35,1,10
MEM-2025-LOT7,M04,22,35,2,20
MEM-2025-LOT7,M04,-21,36,4,21
MEM-2025-LOT7,M04,-20,36,1,10
MEM-2025-LOT7,M04,-19,36,4,20
MEM-2025-LOT7,M04,-18,36,3,20
MEM-2025-LOT7,M04,-17,36,3,31
MEM-2025-LOT7,M04,-16,36,1,10
MEM-2025-LOT7,M04,-15,36,3,22
MEM-2025-LOT7,M04,-14,36,1,10
MEM-2025-LOT7,M04,-13,36,3,30
MEM-2025-LOT7,M04,-12,36,1,10
MEM-2025-LOT7,M04,-11,36,1,10
MEM-2025-LOT7,M04,-10,36,1,10
MEM-2025-LOT7,M04,-9,36,3,20
MEM-2025-LOT7,M04,-8,36,1,10
MEM-2025-LOT7,M04,-7,36,1,10
MEM-2025-LOT7,M04,-6,36,3,20
MEM-2025-LOT7,M04,-5,36,2,31
MEM-2025-LOT7,M04,-4,36,1,10
MEM-2025-LOT7,M04,-3,36,1,10
MEM-2025-LOT7,M04,-2,36,1,10
MEM-2025-LOT7,M04,-1,36,1,10
MEM-2025-LOT7,M04,0,36,1,10
MEM-2025-LOT7,M04,1,36,1,10
MEM-2025-LOT7,M04,2,36,1,10
MEM-2025-LOT7,M04,3,36,1,10
MEM-2025-LOT7,M04,4,36,1,10
MEM-2025-LOT7,M04,5,36,2,20
MEM-2025-LOT7,M04,6,36,2,30
MEM-2025-LOT7,M04,7,36,1,10
MEM-2025-LOT7,M04,8,36,1,10
MEM-2025-LOT7,M04,9,36,2,31
MEM-2025-LOT7,M04,10,36,1,10
MEM-2025-LOT7,M04,11,36,2,20
MEM-2025-LOT7,M04,12,36,2,22
MEM-2025-LOT7,M04,13,36,2,22
MEM-2025-LOT7,M04,14,36,2,31
MEM-2025-LOT7,M04,15,36,2,22
MEM-2025-LOT7,M04,16,36,2,20
MEM-2025-LOT7,M04,17,36,1,10
MEM-2025-LOT7,M04,18,36,1,10
MEM-2025-LOT7,M04,19,36,2,31
MEM-2025-LOT7,M04,20,36,1,10
MEM-2025-LOT7,M04,21,36,2,22
MEM-2025-LOT7,M04,-20,37,2,30
MEM-2025-LOT7,M04,-19,37,1,10
MEM-2025-LOT7,M04,-18,37,2,30
MEM-2025-LOT7,M04,-17,37,3,30
MEM-2025-LOT7,M04,-16,37,1,10
MEM-2025-LOT7,M04,-15,37,3,31
MEM-2025-LOT7,M04,-14,37,3,20
MEM-2025-LOT7,M04,-13,37,2,31
MEM-2025-LOT7,M04,-12,37,2,31
MEM-2025-LOT7,M04,-11,37,3,31
MEM-2025-LOT7,M04,-10,37,4,30
MEM-2025-LOT7,M04,-9,37,1,10
MEM-2025-LOT7,M04,-8,37,4,21
MEM-2025-LOT7,M04,-7,37,2,31
MEM-2025-LOT7,M04,-6,37,3,20
MEM-2025-LOT7,M04,-5,37,2,20
MEM-2025-LOT7,M04,-4,37,4,21
MEM-2025-LOT7,M04,-3,37,1,10
MEM-2025-LOT7,M04,-2,37,1,10
MEM-2025-LOT7,M04,-1,37,1,10
MEM-2025-LOT7,M04,0,37,1,10
MEM-2025-LOT7,M04,1,37,2,30
MEM-2025-LOT7,M04,2,37,1,10
MEM-2025-LOT7,M04,3,37,2,30
MEM-2025-LOT7,M04,4,37,1,10
MEM-2025-LOT7,M04,5,37,1,10
MEM-2025-LOT7,M04,6,37,2,20
MEM-2025-LOT7,M04,7,37,3,22
MEM-2025-LOT7,M04,8,37,2,22
MEM-2025-LOT7,M04,9,37,1,10
MEM-2025-LOT7,M04,10,37,1,10
MEM-2025-LOT7,M04,11,37,1,10
MEM-2025-LOT7,M04,12,37,4,30
MEM-2025-LOT7,M04,13,37,2,20
MEM-2025-LOT7,M04,14,37,1,10
MEM-2025-LOT7,M04,15,37,2,21
MEM-2025-LOT7,M04,16,37,3,21
MEM-2025-LOT7,M04,17,37,1,10
MEM-2025-LOT7,M04,18,37,2,20
MEM-2025-LOT7,M04,19,37,2,22
MEM-2025-LOT7,M04,20,37,2,30
MEM-2025-LOT7,M04,-20,38,1,10
MEM-2025-LOT7,M04,-19,38,1,10
MEM-2025-LOT7,M04,-18,38,2,31
MEM-2025-LOT7,M04,-17,38,1,10
MEM-2025-LOT7,M04,-16,38,1,10
MEM-2025-LOT7,M04,-15,38,1,10
MEM-2025-LOT7,M04,-14,38,2,22
MEM-2025-LOT7,M04,-13,38,2,20
MEM-2025-LOT7,M04,-12,38,2,20
MEM-2025-LOT7,M04,-11,38,1,10
MEM-2025-LOT7,M04,-10,38,1,10
MEM-2025-LOT7,M04,-9,38,1,10
MEM-2025-LOT7,M04,-8,38,3,31
MEM-2025-LOT7,M04,-7,38,1,10
MEM-2025-LOT7,M04,-6,38,1,10
MEM-2025-LOT7,M04,-5,38,1,10
MEM-2025-LOT7,M04,-4,38,2,20
MEM-2025-LOT7,M04,-3,38,2,22
MEM-2025-LOT7,M04,-2,38,1,10
MEM-2025-LOT7,M04,-1,38,1,10
MEM-2025-LOT7,M04,0,38,2,20
MEM-2025-LOT7,M04,1,38,3,30
MEM-2025-LOT7,M04,2,38,4,31
MEM-2025-LOT7,M04,3,38,2,21
MEM-2025-LOT7,M04,4,38,1,10
MEM-2025-LOT7,M04,5,38,1,10
MEM-2025-LOT7,M04,6,38,2,21
MEM-2025-LOT7,M04,7,38,1,10
MEM-2025-LOT7,M04,8,38,1,10
MEM-2025-LOT7,M04,9,38,2,30
MEM-2025-LOT7,M04,10,38,1,10
MEM-2025-LOT7,M04,11,38,1,10
MEM-2025-LOT7,M04,12,38,1,10
MEM-2025-LOT7,M04,13,38,2,22
MEM-2025-LOT7,M04,14,38,1,10
MEM-2025-LOT7,M04,15,38,2,20
MEM-2025-LOT7,M04,16,38,1,10
MEM-2025-LOT7,M04,17,38,1,10
MEM-2025-LOT7,M04,18,38,4,22
MEM-2025-LOT7,M04,19,38,1,10
MEM-2025-LOT7,M04,20,38,3,22
MEM-2025-LOT7,M04,-19,39,1,10
MEM-2025-LOT7,M04,-18,39,1,10
MEM-2025-LOT7,M04,-17,39,4,20
MEM-2025-LOT7,M04,-16,39,2,22
MEM-2025-LOT7,M04,-15,39,1,10
MEM-2025-LOT7,M04,-14,39,1,10
MEM-2025-LOT7,M04,-13,39,1,10
MEM-2025-LOT7,M04,-12,39,2,30
MEM-2025-LOT7,M04,-11,39,1,10
MEM-2025-LOT7,M04,-10,39,1,10
MEM-2025-LOT7,M04,-9,39,1,10
MEM-2025-LOT7,M04,-8,39,1,10
MEM-2025-LOT7,M04,-7,39,1,10
MEM-2025-LOT7,M04,-6,39,1,10
MEM-2025-LOT7,M04,-5,39,4,30
MEM-2025-LOT7,M04,-4,39,4,22
MEM-2025-LOT7,M04,-3,39,1,10
MEM-2025-LOT7,M04,-2,39,2,21
MEM-2025-LOT7,M04,-1,39,1,10
MEM-2025-LOT7,M04,0,39,3,21
MEM-2025-LOT7,M04,1,39,1,10
MEM-2025-LOT7,M04,2,39,1,10
MEM-2025-LOT7,M04,3,39,2,31
MEM-2025-LOT7,M04,4,39,1,10
MEM-2025-LOT7,M04,5,39,1,10
MEM-2025-LOT7,M04,6,39,1,10
MEM-2025-LOT7,M04,7,39,2,20
MEM-2025-LOT7,M04,8,39,1,10
MEM-2025-LOT7,M04,9,39,2,31
MEM-2025-LOT7,M04,10,39,1,10
MEM-2025-LOT7,M04,11,39,2,22
MEM-2025-LOT7,M04,12,39,2,22
MEM-2025-LOT7,M04,13,39,1,10
MEM-2025-LOT7,M04,14,39,2,20
MEM-2025-LOT7,M04,15,39,1,10
MEM-2025-LOT7,M04,16,39,1,10
MEM-2025-LOT7,M04,17,39,1,10
MEM-2025-LOT7,M04,18,39,3,22
MEM-2025-LOT7,M04,19,39,1,10
MEM-2025-LOT7,M04,-18,40,1,10
MEM-2025-LOT7,M04,-17,40,1,10
MEM-2025-LOT7,M04,-16,40,1,10
MEM-2025-LOT7,M04,-15,40,1,10
MEM-2025-LOT7,M04,-14,40,2,22
MEM-2025-LOT7,M04,-13,40,3,21
MEM-2025-LOT7,M04,-12,40,1,10
MEM-2025-LOT7,M04,-11,40,3,21
MEM-2025-LOT7,M04,-10,40,1,10
MEM-2025-LOT7,M04,-9,40,1,10
MEM-2025-LOT7,M04,-8,40,1,10
MEM-2025-LOT7,M04,-7,40,3,21
MEM-2025-LOT7,M04,-6,40,2,22
MEM-2025-LOT7,M04,-5,40,2,20
MEM-2025-LOT7,M04,-4,40,2,31
MEM-2025-LOT7,M04,-3,40,4,30
MEM-2025-LOT7,M04,-2,40,1,10
MEM-2025-LOT7,M04,-1,40,1,10
MEM-2025-LOT7,M04,0,40,1,10
MEM-2025-LOT7,M04,1,40,1,10
MEM-2025-LOT7,M04,2,40,2,30
MEM-2025-LOT7,M04,3,40,1,10
MEM-2025-LOT7,M04,4,40,1,10
MEM-2025-LOT7,M04,5,40,1,10
MEM-2025-LOT7,M04,6,40,1,10
MEM-2025-LOT7,M04,7,40,2,31
MEM-2025-LOT7,M04,8,40,2,31
MEM-2025-LOT7,M04,9,40,4,31
MEM-2025-LOT7,M04,10,40,1,10
MEM-2025-LOT7,M04,11,40,1,10
MEM-2025-LOT7,M04,12,40,3,22
MEM-2025-LOT7,M04,13,40,3,22
MEM-2025-LOT7,M04,14,40,2,20
MEM-2025-LOT7,M04,15,40,2,30
MEM-2025-LOT7,M04,16,40,2,20
MEM-2025-LOT7,M04,17,40,1,10
MEM-2025-LOT7,M04,18,40,1,10
MEM-2025-LOT7,M04,-17,41,1,10
MEM-2025-LOT7,M04,-16,41,2,22
MEM-2025-LOT7,M04,-15,41,3,31
MEM-2025-LOT7,M04,-14,41,1,10
MEM-2025-LOT7,M04,-13,41,1,10
MEM-2025-LOT7,M04,-12,41,4,22
MEM-2025-LOT7,M04,-11,41,1,10
MEM-2025-LOT7,M04,-10,41,1,10
MEM-2025-LOT7,M04,-9,41,1,10
MEM-2025-LOT7,M04,-8,41,1,10
MEM-2025-LOT7,M04,-7,41,2,20
MEM-2025-LOT7,M04,-6,41,2,21
MEM-2025-LOT7,M04,-5,41,2,20
MEM-2025-LOT7,M04,-4,41,3,22
MEM-2025-LOT7,M04,-3,41,2,30
MEM-2025-LOT7,M04,-2,41,4,22
MEM-2025-LOT7,M04,-1,41,2,30
MEM-2025-LOT7,M04,0,41,1,10
MEM-2025-LOT7,M04,1,41,1,10
MEM-2025-LOT7,M04,2,41,1,10
MEM-2025-LOT7,M04,3,41,4,31
MEM-2025-LOT7,M04,4,41,1,10
MEM-2025-LOT7,M04,5,41,4,30
MEM-2025-LOT7,M04,6,41,2,30
MEM-2025-LOT7,M04,7,41,3,22
MEM-2025-LOT7,M04,8,41,1,10
MEM-2025-LOT7,M04,9,41,1,10
MEM-2025-LOT7,M04,10,41,2,20
MEM-2025-LOT7,M04,11,41,2,22
MEM-2025-LOT7,M04,12,41,1,10
MEM-2025-LOT7,M04,13,41,1,10
MEM-2025-LOT7,M04,14,41,1,10
MEM-2025-LOT7,M04,15,41,1,10
MEM-2025-LOT7,M04,16,41,1,10
MEM-2025-LOT7,M04,17,41,2,22
MEM-2025-LOT7,M04,-16,42,2,20
MEM-2025-LOT7,M04,-15,42,3,21
MEM-2025-LOT7,M04,-14,42,1,10
MEM-2025-LOT7,M04,-13,42,1,10
MEM-2025-LOT7,M04,-12,42,1,10
MEM-2025-LOT7,M04,-11,42,2,21
MEM-2025-LOT7,M04,-10,42,1,10
MEM-2025-LOT7,M04,-9,42,1,10
MEM-2025-LOT7,M04,-8,42,1,10
MEM-2025-LOT7,M04,-7,42,1,10
MEM-2025-LOT7,M04,-6,42,2,21
MEM-2025-LOT7,M04,-5,42,2,21
MEM-2025-LOT7,M04,-4,42,3,31
MEM-2025-LOT7,M04,-3,42,3,20
MEM-2025-LOT7,M04,-2,42,1,10
MEM-2025-LOT7,M04,-1,42,1,10
MEM-2025-LOT7,M04,0,42,4,30
MEM-2025-LOT7,M04,1,42,1,10
MEM-2025-LOT7,M04,2,42,3,20
MEM-2025-LOT7,M04,3,42,1,10
MEM-2025-LOT7,M04,4,42,1,10
MEM-2025-LOT7,M04,5,42,1,10
MEM-2025-LOT7,M04,6,42,1,10
MEM-2025-LOT7,M04,7,42,4,20
MEM-2025-LOT7,M04,8,42,1,10
MEM-2025-LOT7,M04,9,42,1,10
MEM-2025-LOT7,M04,10,42,2,30
MEM-2025-LOT7,M04,11,42,1,10
MEM-2025-LOT7,M04,12,42,3,31
MEM-2025-LOT7,M04,13,42,1,10
MEM-2025-LOT7,M04,14,42,1,10
MEM-2025-LOT7,M04,15,42,2,30
MEM-2025-LOT7,M04,16,42,1,10
MEM-2025-LOT7,M04,-14,43,2,20
MEM-2025-LOT7,M04,-13,43,2,21
MEM-2025-LOT7,M04,-12,43,3,20
MEM-2025-LOT7,M04,-11,43,3,21
MEM-2025-LOT7,M04,-10,43,2,31
MEM-2025-LOT7,M04,-9,43,4,31
MEM-2025-LOT7,M04,-8,43,1,10
MEM-2025-LOT7,M04,-7,43,3,21
MEM-2025-LOT7,M04,-6,43,4,20
MEM-2025-LOT7,M04,-5,43,2,20
MEM-2025-LOT7,M04,-4,43,1,10
MEM-2025-LOT7,M04,-3,43,1,10
MEM-2025-LOT7,M04,-2,43,2,31
MEM-2025-LOT7,M04,-1,43,1,10
MEM-2025-LOT7,M04,0,43,3,20
MEM-2025-LOT7,M04,1,43,1,10
MEM-2025-LOT7,M04,2,43,2,30
MEM-2025-LOT7,M04,3,43,1,10
MEM-2025-LOT7,M04,4,43,1,10
MEM-2025-LOT7,M04,5,43,3,31
MEM-2025-LOT7,M04,6,43,1,10
MEM-2025-LOT7,M04,7,43,1,10
MEM-2025-LOT7,M04,8,43,1,10
MEM-2025-LOT7,M04,9,43,1,10
MEM-2025-LOT7,M04,10,43,1,10
MEM-2025-LOT7,M04,11,43,2,30
MEM-2025-LOT7,M04,12,43,1,10
MEM-2025-LOT7,M04,13,43,1,10
MEM-2025-LOT7,M04,14,43,1,10
MEM-2025-LOT7,M04,-13,44,1,10
MEM-2025-LOT7,M04,-12,44,2,21
MEM-2025-LOT7,M04,-11,44,1,10
MEM-2025-LOT7,M04,-10,44,1,10
MEM-2025-LOT7,M04,-9,44,2,30
MEM-2025-LOT7,M04,-8,44,2,22
MEM-2025-LOT7,M04,-7,44,1,10
MEM-2025-LOT7,M04,-6,44,1,10
MEM-2025-LOT7,M04,-5,44,1,10
MEM-2025-LOT7,M04,-4,44,1,10
MEM-2025-LOT7,M04,-3,44,2,30
MEM-2025-LOT7,M04,-2,44,2,21
MEM-2025-LOT7,M04,-1,44,1,10
MEM-2025-LOT7,M04,0,44,1,10
MEM-2025-LOT7,M04,1,44,4,20
MEM-2025-LOT7,M04,2,44,3,22
MEM-2025-LOT7,M04,3,44,2,31
MEM-2025-LOT7,M04,4,44,1,10
MEM-2025-LOT7,M04,5,44,1,10
MEM-2025-LOT7,M04,6,44,1,10
MEM-2025-LOT7,M04,7,44,1,10
MEM-2025-LOT7,M04,8,44,2,20
MEM-2025-LOT7,M04,9,44,4,30
MEM-2025-LOT7,M04,10,44,2,21
MEM-2025-LOT7,M04,11,44,4,22
MEM-2025-LOT7,M04,12,44,1,10
MEM-2025-LOT7,M04,13,44,2,22
MEM-2025-LOT7,M04,-12,45,1,10
MEM-2025-LOT7,M04,-11,45,1,10
MEM-2025-LOT7,M04,-10,45,3,21
MEM-2025-LOT7,M04,-9,45,4,31
MEM-2025-LOT7,M04,-8,45,3,31
MEM-2025-LOT7,M04,-7,45,3,22
MEM-2025-LOT7,M04,-6,45,1,10
MEM-2025-LOT7,M04,-5,45,3,30
MEM-2025-LOT7,M04,-4,45,1,10
MEM-2025-LOT7,M04,-3,45,1,10
MEM-2025-LOT7,M04,-2,45,2,21
MEM-2025-LOT7,M04,-1,45,3,22
MEM-2025-LOT7,M04,0,45,2,22
MEM-2025-LOT7,M04,1,45,1,10
MEM-2025-LOT7,M04,2,45,3,31
MEM-2025-LOT7,M04,3,45,1,10
MEM-2025-LOT7,M04,4,45,1,10
MEM-2025-LOT7,M04,5,45,2,20
MEM-2025-LOT7,M04,6,45,4,20
MEM-2025-LOT7,M04,7,45,2,22
MEM-2025-LOT7,M04,8,45,2,20
MEM-2025-LOT7,M04,9,45,1,10
MEM-2025-LOT7,M04,10,45,1,10
MEM-2025-LOT7,M04,11,45,2,22
MEM-2025-LOT7,M04,12,45,3,30
MEM-2025-LOT7,M04,-10,46,4,20
MEM-2025-LOT7,M04,-9,46,1,10
MEM-2025-LOT7,M04,-8,46,1,10
MEM-2025-LOT7,M04,-7,46,4,21
MEM-2025-LOT7,M04,-6,46,4,22
MEM-2025-LOT7,M04,-5,46,4,21
MEM-2025-LOT7,M04,-4,46,1,10
MEM-2025-LOT7,M04,-3,46,1,10
MEM-2025-LOT7,M04,-2,46,3,30
MEM-2025-LOT7,M04,-1,46,3,22
MEM-2025-LOT7,M04,0,46,3,31
MEM-2025-LOT7,M04,1,46,2,22
MEM-2025-LOT7,M04,2,46,1,10
MEM-2025-LOT7,M04,3,46,1,10
MEM-2025-LOT7,M04,4,46,1,10
MEM-2025-LOT7,M04,5,46,2,30
MEM-2025-LOT7,M04,6,46,2,30
MEM-2025-LOT7,M04,7,46,1,10
MEM-2025-LOT7,M04,8,46,3,31
MEM-2025-LOT7,M04,9,46,1,10
MEM-2025-LOT7,M04,10,46,1,10
MEM-2025-LOT7,M04,-7,47,1,10
MEM-2025-LOT7,M04,-6,47,2,31
MEM-2025-LOT7,M04,-5,47,1,10
MEM-2025-LOT7,M04,-4,47,1,10
MEM-2025-LOT7,M04,-3,47,2,31
MEM-2025-LOT7,M04,-2,47,1,10
MEM-2025-LOT7,M04,-1,47,1,10
MEM-2025-LOT7,M04,0,47,1,10
MEM-2025-LOT7,M04,1,47,1,10
MEM-2025-LOT7,M04,2,47,1,10
MEM-2025-LOT7,M04,3,47,1,10
MEM-2025-LOT7,M04,4,47,4,22
MEM-2025-LOT7,M04,5,47,1,10
MEM-2025-LOT7,M04,6,47,1,10
MEM-2025-LOT7,M04,7,47,1,10
MEM-2025-LOT7,M04,-4,48,4,21
MEM-2025-LOT7,M04,-3,48,1,10
MEM-2025-LOT7,M04,-2,48,2,31
MEM-2025-LOT7,M04,-1,48,1,10
MEM-2025-LOT7,M04,0,48,4,20
MEM-2025-LOT7,M04,1,48,1,10
MEM-2025-LOT7,M04,2,48,1,10
MEM-2025-LOT7,M04,3,48,1,10
MEM-2025-LOT7,M04,4,48,2,20
MEM-2025-LOT7,M05,-4,-48,4,22
MEM-2025-LOT7,M05,-3,-48,1,10
MEM-2025-LOT7,M05,-2,-48,3,30
MEM-2025-LOT7,M05,-1,-48,1,10
MEM-2025-LOT7,M05,0,-48,1,10
MEM-2025-LOT7,M05,1,-48,3,31
MEM-2025-LOT7,M05,2,-48,2,21
MEM-2025-LOT7,M05,3,-48,3,30
MEM-2025-LOT7,M05,4,-48,1,10
MEM-2025-LOT7,M05,-7,-47,2,21
MEM-2025-LOT7,M05,-6,-47,2,30
MEM-2025-LOT7,M05,-5,-47,1,10
MEM-2025-LOT7,M05,-4,-47,1,10
MEM-2025-LOT7,M05,-3,-47,1,10
MEM-2025-LOT7,M05,-2,-47,1,10
MEM-2025-LOT7,M05,-1,-47,2,30
MEM-2025-LOT7,M05,0,-47,2,30
MEM-2025-LOT7,M05,1,-47,1,10
MEM-2025-LOT7,M05,2,-47,2,31
MEM-2025-LOT7,M05,3,-47,2,30
MEM-2025-LOT7,M05,4,-47,3,21
MEM-2025-LOT7,M05,5,-47,2,31
MEM-2025-LOT7,M05,6,-47,1,10
MEM-2025-LOT7,M05,7,-47,3,20
MEM-2025-LOT7,M05,-10,-46,2,30
MEM-2025-LOT7,M05,-9,-46,1,10
MEM-2025-LOT7,M05,-8,-46,1,10
MEM-2025-LOT7,M05,-7,-46,4,30
MEM-2025-LOT7,M05,-6,-46,3,30
MEM-2025-LOT7,M05,-5,-46,1,10
MEM-2025-LOT7,M05,-4,-46,3,30
MEM-2025-LOT7,M05,-3,-46,1,10
MEM-2025-LOT7,M05,-2,-46,1,10
MEM-2025-LOT7,M05,-1,-46,2,21
MEM-2025-LOT7,M05,0,-46,2,31
MEM-2025-LOT7,M05,1,-46,1,10
MEM-2025-LOT7,M05,2,-46,4,31
MEM-2025-LOT7,M05,3,-46,1,10
MEM-2025-LOT7,M05,4,-46,1,10
MEM-2025-LOT7,M05,5,-46,4,22
MEM-2025-LOT7,M05,6,-46,1,10
MEM-2025-LOT7,M05,7,-46,2,31
MEM-2025-LOT7,M05,8,-46,2,20
MEM-2025-LOT7,M05,9,-46,2,20
MEM-2025-LOT7,M05,10,-46,1,10
MEM-2025-LOT7,M05,-12,-45,1,10
MEM-2025-LOT7,M05,-11,-45,1,10
MEM-2025-LOT7,M05,-10,-45,1,10
MEM-2025-LOT7,M05,-9,-45,3,30
MEM-2025-LOT7,M05,-8,-45,2,22
MEM-2025-LOT7,M05,-7,-45,1,10
MEM-2025-LOT7,M05,-6,-45,2,22
MEM-2025-LOT7,M05,-5,-45,1,10
MEM-2025-LOT7,M05,-4,-45,1,10
MEM-2025-LOT7,M05,-3,-45,1,10
MEM-2025-LOT7,M05,-2,-45,3,22
MEM-2025-LOT7,M05,-1,-45,4,22
MEM-2025-LOT7,M05,0,-45,1,10
MEM-2025-LOT7,M05,1,-45,1,10
MEM-2025-LOT7,M05,2,-45,1,10
MEM-2025-LOT7,M05,3,-45,4,31
MEM-2025-LOT7,M05,4,-45,1,10
MEM-2025-LOT7,M05,5,-45,1,10
MEM-2025-LOT7,M05,6,-45,1,10
MEM-2025-LOT7,M05,7,-45,1,10
MEM-2025-LOT7,M05,8,-45,1,10
MEM-2025-LOT7,M05,9,-45,2,22
MEM-2025-LOT7,M05,10,-45,1,10
MEM-2025-LOT7,M05,11,-45,1,10
MEM-2025-LOT7,M05,12,-45,1,10
MEM-2025-LOT7,M05,-13,-44,2,21
MEM-2025-LOT7,M05,-12,-44,1,10
MEM-2025-LOT7,M05,-11,-44,1,10
MEM-2025-LOT7,M05,-10,-44,2,22
MEM-2025-LOT7,M05,-9,-44,1,10
MEM-2025-LOT7,M05,-8,-44,2,22
MEM-2025-LOT7,M05,-7,-44,1,10
MEM-2025-LOT7,M05,-6,-44,1,10
MEM-2025-LOT7,M05,-5,-44,3,31
MEM-2025-LOT7,M05,-4,-44,1,10
MEM-2025-LOT7,M05,-3,-44,1,10
MEM-2025-LOT7,M05,-2,-44,1,10
MEM-2025-LOT7,M05,-1,-44,1,10
MEM-2025-LOT7,M05,0,-44,1,10
MEM-2025-LOT7,M05,1,-44,2,20
MEM-2025-LOT7,M05,2,-44,1,10
MEM-2025-LOT7,M05,3,-44,1,10
MEM-2025-LOT7,M05,4,-44,1,10
MEM-2025-LOT7,M05,5,-44,4,31
MEM-2025-LOT7,M05,6,-44,2,30
MEM-2025-LOT7,M05,7,-44,2,31
MEM-2025-LOT7,M05,8,-44,1,10
MEM-2025-LOT7,M05,9,-44,4,22
MEM-2025-LOT7,M05,10,-44,1,10
MEM-2025-LOT7,M05,11,-44,2,22
MEM-2025-LOT7,M05,12,-44,1,10
MEM-2025-LOT7,M05,13,-44,1,10
MEM-2025-LOT7,M05,-14,-43,3,21
MEM-2025-LOT7,M05,-13,-43,1,10
MEM-2025-LOT7,M05,-12,-43,1,10
MEM-2025-LOT7,M05,-11,-43,1,10
MEM-2025-LOT7,M05,-10,-43,2,22
MEM-2025-LOT7,M05,-9,-43,2,22
MEM-2025-LOT7,M05,-8,-43,2,22
MEM-2025-LOT7,M05,-7,-43,1,10
MEM-2025-LOT7,M05,-6,-43,2,20
MEM-2025-LOT7,M05,-5,-43,1,10
MEM-2025-LOT7,M05,-4,-43,1,10
MEM-2025-LOT7,M05,-3,-43,1,10
MEM-2025-LOT7,M05,-2,-43,3,31
MEM-2025-LOT7,M05,-1,-43,1,10
MEM-2025-LOT7,M05,0,-43,1,10
MEM-2025-LOT7,M05,1,-43,1,10
MEM-2025-LOT7,M05,2,-43,2,20
MEM-2025-LOT7,M05,3,-43,1,10
MEM-2025-LOT7,M05,4,-43,1,10
MEM-2025-LOT7,M05,5,-43,2,21
MEM-2025-LOT7,M05,6,-43,1,10
MEM-2025-LOT7,M05,7,-43,1,10
MEM-2025-LOT7,M05,8,-43,2,22
MEM-2025-LOT7,M05,9,-43,2,31
MEM-2025-LOT7,M05,10,-43,1,10
MEM-2025-LOT7,M05,11,-43,1,10
MEM-2025-LOT7,M05,12,-43,3,31
MEM-2025-LOT7,M05,13,-43,3,31
MEM-2025-LOT7,M05,14,-43,3,31
MEM-2025-LOT7,M05,-16,-42,2,21
MEM-2025-LOT7,M05,-15,-42,1,10
MEM-2025-LOT7,M05,-14,-42,1,10
MEM-2025-LOT7,M05,-13,-42,1,10
MEM-2025-LOT7,M05,-12,-42,1,10
MEM-2025-LOT7,M05,-11,-42,1,10
MEM-2025-LOT7,M05,-10,-42,4,20
MEM-2025-LOT7,M05,-9,-42,1,10
MEM-2025-LOT7,M05,-8,-42,1,10
MEM-2025-LOT7,M05,-7,-42,4,22
MEM-2025-LOT7,M05,-6,-42,2,31
MEM-2025-LOT7,M05,-5,-42,1,10
MEM-2025-LOT7,M05,-4,-42,1,10
MEM-2025-LOT7,M05,-3,-42,1,10
MEM-2025-LOT7,M05,-2,-42,2,20
MEM-2025-LOT7,M05,-1,-42,1,10
MEM-2025-LOT7,M05,0,-42,1,10
MEM-2025-LOT7,M05,1,-42,1,10
MEM-2025-LOT7,M05,2,-42,1,10
MEM-2025-LOT7,M05,3,-42,2,30
MEM-2025-LOT7,M05,4,-42,1,10
MEM-2025-LOT7,M05,5,-42,2,22
MEM-2025-LOT7,M05,6,-42,1,10
MEM-2025-LOT7,M05,7,-42,1,10
MEM-2025-LOT7,M05,8,-42,1,10
MEM-2025-LOT7,M05,9,-42,2,30
MEM-2025-LOT7,M05,10,-42,3,21
MEM-2025-LOT7,M05,11,-42,3,31
MEM-2025-LOT7,M05,12,-42,1,10
MEM-2025-LOT7,M05,13,-42,1,10
MEM-2025-LOT7,M05,14,-42,1,10
MEM-2025-LOT7,M05,15,-42,1,10
MEM-2025-LOT7,M05,16,-42,2,22
MEM-2025-LOT7,M05,-17,-41,1,10
MEM-2025-LOT7,M05,-16,-41,1,10
MEM-2025-LOT7,M05,-15,-41,1,10
MEM-2025-LOT7,M05,-14,-41,2,31
MEM-2025-LOT7,M05,-13,-41,1,10
MEM-2025-LOT7,M05,-12,-41,1,10
MEM-2025-LOT7,M05,-11,-41,3,31
MEM-2025-LOT7,M05,-10,-41,1,10
MEM-2025-LOT7,M05,-9,-41,1,10
MEM-2025-LOT7,M05,-8,-41,2,20
MEM-2025-LOT7,M05,-7,-41,1,10
MEM-2025-LOT7,M05,-6,-41,2,22
MEM-2025-LOT7,M05,-5,-41,1,10
MEM-2025-LOT7,M05,-4,-41,1,10
MEM-2025-LOT7,M05,-3,-41,1,10
MEM-2025-LOT7,M05,-2,-41,2,20
MEM-2025-LOT7,M05,-1,-41,1,10
MEM-2025-LOT7,M05,0,-41,1,10
MEM-2025-LOT7,M05,1,-41,1,10
MEM-2025-LOT7,M05,2,-41,1,10
MEM-2025-LOT7,M05,3,-41,3,22
MEM-2025-LOT7,M05,4,-41,1,10
MEM-2025-LOT7,M05,5,-41,2,20
MEM-2025-LOT7,M05,6,-41,1,10
MEM-2025-LOT7,M05,7,-41,3,20
MEM-2025-LOT7,M05,8,-41,4,22
MEM-2025-LOT7,M05,9,-41,2,21
MEM-2025-LOT7,M05,10,-41,1,10
MEM-2025-LOT7,M05,11,-41,2,20
MEM-2025-LOT7,M05,12,-41,1,10
MEM-2025-LOT7,M05,13,-41,4,20
MEM-2025-LOT7,M05,14,-41,2,31
MEM-2025-LOT7,M05,15,-41,3,31
MEM-2025-LOT7,M05,16,-41,1,10
MEM-2025-LOT7,M05,17,-41,1,10
MEM-2025-LOT7,M05,-18,-40,4,21
MEM-2025-LOT7,M05,-17,-40,1,10
MEM-2025-LOT7,M05,-16,-40,2,20
MEM-2025-LOT7,M05,-15,-40,2,21
MEM-2025-LOT7,M05,-14,-40,2,31
MEM-2025-LOT7,M05,-13,-40,3,21
MEM-2025-LOT7,M05,-12,-40,1,10
MEM-2025-LOT7,M05,-11,-40,2,30
MEM-2025-LOT7,M05,-10,-40,1,10
MEM-2025-LOT7,M05,-9,-40,1,10
MEM-2025-LOT7,M05,-8,-40,1,10
MEM-2025-LOT7,M05,-7,-40,1,10
MEM-2025-LOT7,M05,-6,-40,1,10
MEM-2025-LOT7,M05,-5,-40,1,10
MEM-2025-LOT7,M05,-4,-40,1,10
MEM-2025-LOT7,M05,-3,-40,1,10
MEM-2025-LOT7,M05,-2,-40,3,31
MEM-2025-LOT7,M05,-1,-40,2,20
MEM-2025-LOT7,M05,0,-40,1,10
MEM-2025-LOT7,M05,1,-40,2,20
MEM-2025-LOT7,M05,2,-40,1,10
MEM-2025-LOT7,M05,3,-40,1,10
MEM-2025-LOT7,M05,4,-40,1,10
MEM-2025-LOT7,M05,5,-40,1,10
MEM-2025-LOT7,M05,6,-40,2,20
MEM-2025-LOT7,M05,7,-40,1,10
MEM-2025-LOT7,M05,8,-40,4,30
MEM-2025-LOT7,M05,9,-40,1,10
MEM-2025-LOT7,M05,10,-40,1,10
MEM-2025-LOT7,M05,11,-40,1,10
MEM-2025-LOT7,M05,12,-40,2,30
MEM-2025-LOT7,M05,13,-40,1,10
MEM-2025-LOT7,M05,14,-40,2,30
MEM-2025-LOT7,M05,15,-40,1,10
MEM-2025-LOT7,M05,16,-40,1,10
MEM-2025-LOT7,M05,17,-40,1,10
MEM-2025-LOT7,M05,18,-40,1,10
MEM-2025-LOT7,M05,-19,-39,2,20
MEM-2025-LOT7,M05,-18,-39,1,10
MEM-2025-LOT7,M05,-17,-39,1,10
MEM-2025-LOT7,M05,-16,-39,1,10
MEM-2025-LOT7,M05,-15,-39,1,10
MEM-2025-LOT7,M05,-14,-39,2,21
MEM-2025-LOT7,M05,-13,-39,1,10
MEM-2025-LOT7,M05,-12,-39,3,31
MEM-2025-LOT7,M05,-11,-39,1,10
MEM-2025-LOT7,M05,-10,-39,2,22
MEM-2025-LOT7,M05,-9,-39,1,10
MEM-2025-LOT7,M05,-8,-39,2,30
MEM-2025-LOT7,M05,-7,-39,4,30
MEM-2025-LOT7,M05,-6,-39,2,30
MEM-2025-LOT7,M05,-5,-39,1,10
MEM-2025-LOT7,M05,-4,-39,4,30
MEM-2025-LOT7,M05,-3,-39,1,10
MEM-2025-LOT7,M05,-2,-39,1,10
MEM-2025-LOT7,M05,-1,-39,1,10
MEM-2025-LOT7,M05,0,-39,1,10
MEM-2025-LOT7,M05,1,-39,4,20
MEM-2025-LOT7,M05,2,-39,2,31
MEM-2025-LOT7,M05,3,-39,4,30
MEM-2025-LOT7,M05,4,-39,2,21
MEM-2025-LOT7,M05,5,-39,1,10
MEM-2025-LOT7,M05,6,-39,1,10
MEM-2025-LOT7,M05,7,-39,1,10
MEM-2025-LOT7,M05,8,-39,3,30
MEM-2025-LOT7,M05,9,-39,3,20
MEM-2025-LOT7,M05,10,-39,1,10
MEM-2025-LOT7,M05,11,-39,1,10
MEM-2025-LOT7,M05,12,-39,2,20
MEM-2025-LOT7,M05,13,-39,1,10
MEM-2025-LOT7,M05,14,-39,4,22
MEM-2025-LOT7,M05,15,-39,2,22
MEM-2025-LOT7,M05,16,-39,1,10
MEM-2025-LOT7,M05,17,-39,1,10
MEM-2025-LOT7,M05,18,-39,2,21
MEM-2025-LOT7,M05,19,-39,1,10
MEM-2025-LOT7,M05,-20,-38,1,10
MEM-2025-LOT7,M05,-19,-38,1,10
MEM-2025-LOT7,M05,-18,-38,2,30
MEM-2025-LOT7,M05,-17,-38,1,10
MEM-2025-LOT7,M05,-16,-38,2,21
MEM-2025-LOT7,M05,-15,-38,1,10
MEM-2025-LOT7,M05,-14,-38,1,10
MEM-2025-LOT7,M05,-13,-38,2,20
MEM-2025-LOT7,M05,-12,-38,2,22
MEM-2025-LOT7,M05,-11,-38,1,10
MEM-2025-LOT7,M05,-10,-38,4,21
MEM-2025-LOT7,M05,-9,-38,2,20
MEM-2025-LOT7,M05,-8,-38,1,10
MEM-2025-LOT7,M05,-7,-38,1,10
MEM-2025-LOT7,M05,-6,-38,1,10
MEM-2025-LOT7,M05,-5,-38,1,10
MEM-2025-LOT7,M05,-4,-38,3,20
MEM-2025-LOT7,M05,-3,-38,4,22
MEM-2025-LOT7,M05,-2,-38,1,10
MEM-2025-LOT7,M05,-1,-38,1,10
MEM-2025-LOT7,M05,0,-38,1,10
MEM-2025-LOT7,M05,1,-38,1,10
MEM-2025-LOT7,M05,2,-38,1,10
MEM-2025-LOT7,M05,3,-38,1,10
MEM-2025-LOT7,M05,4,-38,1,10
MEM-2025-LOT7,M05,5,-38,1,10
MEM-2025-LOT7,M05,6,-38,1,10
MEM-2025-LOT7,M05,7,-38,2,21
MEM-2025-LOT7,M05,8,-38,2,30
MEM-2025-LOT7,M05,9,-38,4,21
MEM-2025-LOT7,M05,10,-38,1,10
MEM-2025-LOT7,M05,11,-38,4,21
MEM-2025-LOT7,M05,12,-38,2,22
MEM-2025-LOT7,M05,13,-38,3,22
MEM-2025-LOT7,M05,14,-38,1,10
MEM-2025-LOT7,M05,15,-38,1,10
MEM-2025-LOT7,M05,16,-38,1,10
MEM-2025-LOT7,M05,17,-38,1,10
MEM-2025-LOT7,M05,18,-38,4,22
MEM-2025-LOT7,M05,19,-38,2,22
MEM-2025-LOT7,M05,20,-38,1,10
MEM-2025-LOT7,M05,-20,-37,2,31
MEM-2025-LOT7,M05,-19,-37,2,31
MEM-2025-LOT7,M05,-18,-37,4,21
MEM-2025-LOT7,M05,-17,-37,1,10
MEM-2025-LOT7,M05,-16,-37,2,20
MEM-2025-LOT7,M05,-15,-37,1,10
MEM-2025-LOT7,M05,-14,-37,1,10
MEM-2025-LOT7,M05,-13,-37,1,10
MEM-2025-LOT7,M05,-12,-37,1,10
MEM-2025-LOT7,M05,-11,-37,3,31
MEM-2025-LOT7,M05,-10,-37,1,10
MEM-2025-LOT7,M05,-9,-37,2,21
MEM-2025-LOT7,M05,-8,-37,1,10
MEM-2025-LOT7,M05,-7,-37,1,10
MEM-2025-LOT7,M05,-6,-37,3,21
MEM-2025-LOT7,M05,-5,-37,1,10
MEM-2025-LOT7,M05,-4,-37,1,10
MEM-2025-LOT7,M05,-3,-37,2,31
MEM-2025-LOT7,M05,-2,-37,1,10
MEM-2025-LOT7,M05,-1,-37,1,10
MEM-2025-LOT7,M05,0,-37,1,10
MEM-2025-LOT7,M05,1,-37,4,22
MEM-2025-LOT7,M05,2,-37,1,10
MEM-2025-LOT7,M05,3,-37,2,30
MEM-2025-LOT7,M05,4,-37,3,22
MEM-2025-LOT7,M05,5,-37,2,30
MEM-2025-LOT7,M05,6,-37,3,20
MEM-2025-LOT7,M05,7,-37,1,10
MEM-2025-LOT7,M05,8,-37,2,21
MEM-2025-LOT7,M05,9,-37,1,10
MEM-2025-LOT7,M05,10,-37,3,30
MEM-2025-LOT7,M05,11,-37,2,21
MEM-2025-LOT7,M05,12,-37,2,31
MEM-2025-LOT7,M05,13,-37,1,10
MEM-2025-LOT7,M05,14,-37,2,22
MEM-2025-LOT7,M05,15,-37,1,10
MEM-2025-LOT7,M05,16,-37,1,10
MEM-2025-LOT7,M05,17,-37,2,30
MEM-2025-LOT7,M05,18,-37,1,10
MEM-2025-LOT7,M05,19,-37,1,10
MEM-2025-LOT7,M05,20,-37,1,10
MEM-2025-LOT7,M05,-21,-36,1,10
MEM-2025-LOT7,M05,-20,-36,1,10
MEM-2025-LOT7,M05,-19,-36,2,20
MEM-2025-LOT7,M05,-18,-36,2,31
MEM-2025-LOT7,M05,-17,-36,3,30
MEM-2025-LOT7,M05,-16,-36,1,10
MEM-2025-LOT7,M05,-15,-36,1,10
MEM-2025-LOT7,M05,-14,-36,1,10
MEM-2025-LOT7,M05,-13,-36,2,22
MEM-2025-LOT7,M05,-12,-36,1,10
MEM-2025-LOT7,M05,-11,-36,2,22
MEM-2025-LOT7,M05,-10,-36,1,10
MEM-2025-LOT7,M05,-9,-36,2,20
MEM-2025-LOT7,M05,-8,-36,3,22
MEM-2025-LOT7,M05,-7,-36,2,22
MEM-2025-LOT7,M05,-6,-36,1,10
MEM-2025-LOT7,M05,-5,-36,1,10
MEM-2025-LOT7,M05,-4,-36,1,10
MEM-2025-LOT7,M05,-3,-36,1,10
MEM-2025-LOT7,M05,-2,-36,4,30
MEM-2025-LOT7,M05,-1,-36,1,10
MEM-2025-LOT7,M05,0,-36,2,22
MEM-2025-LOT7,M05,1,-36,1,10
MEM-2025-LOT7,M05,2,-36,2,21
MEM-2025-LOT7,M05,3,-36,1,10
MEM-2025-LOT7,M05,4,-36,2,30
MEM-2025-LOT7,M05,5,-36,1,10
MEM-2025-LOT7,M05,6,-36,1,10
MEM-2025-LOT7,M05,7,-36,2,20
MEM-2025-LOT7,M05,8,-36,1,10
MEM-2025-LOT7,M05,9,-36,1,10
MEM-2025-LOT7,M05,10,-36,1,10
MEM-2025-LOT7,M05,11,-36,1,10
MEM-2025-LOT7,M05,12,-36,1,10
MEM-2025-LOT7,M05,13,-36,1,10
MEM-2025-LOT7,M05,14,-36,2,30
MEM-2025-LOT7,M05,15,-36,2,30
MEM-2025-LOT7,M05,16,-36,4,21
MEM-2025-LOT7,M05,17,-36,1,10
MEM-2025-LOT7,M05,18,-36,2,20
MEM-2025-LOT7,M05,19,-36,2,20
MEM-2025-LOT7,M05,20,-36,1,10
MEM-2025-LOT7,M05,21,-36,4,30
MEM-2025-LOT7,M05,-22,-35,3,31
MEM-2025-LOT7,M05,-21,-35,1,10
MEM-2025-LOT7,M05,-20,-35,4,21
MEM-2025-LOT7,M05,-19,-35,3,22
MEM-2025-LOT7,M05,-18,-35,2,21
MEM-2025-LOT7,M05,-17,-35,4,22
MEM-2025-LOT7,M05,-16,-35,1,10
MEM-2025-LOT7,M05,-15,-35,1,10
MEM-2025-LOT7,M05,-14,-35,1,10
MEM-2025-LOT7,M05,-13,-35,1,10
MEM-2025-LOT7,M05,-12,-35,2,22
MEM-2025-LOT7,M05,-11,-35,2,22
MEM-2025-LOT7,M05,-10,-35,3,31
MEM-2025-LOT7,M05,-9,-35,2,31
MEM-2025-LOT7,M05,-8,-35,1,10
MEM-2025-LOT7,M05,-7,-35,1,10
MEM-2025-LOT7,M05,-6,-35,3,30
MEM-2025-LOT7,M05,-5,-35,2,30
MEM-2025-LOT7,M05,-4,-35,2,21
MEM-2025-LOT7,M05,-3,-35,4,31
MEM-2025-LOT7,M05,-2,-35,2,30
MEM-2025-LOT7,M05,-1,-35,1,10
MEM-2025-LOT7,M05,0,-35,1,10
MEM-2025-LOT7,M05,1,-35,2,22
MEM-2025-LOT7,M05,2,-35,1,10
MEM-2025-LOT7,M05,3,-35,1,10
MEM-2025-LOT7,M05,4,-35,4,20
MEM-2025-LOT7,M05,5,-35,1,10
MEM-2025-LOT7,M05,6,-35,2,22
MEM-2025-LOT7,M05,7,-35,1,10
MEM-2025-LOT7,M05,8,-35,1,10
MEM-2025-LOT7,M05,9,-35,1,10
MEM-2025-LOT7,M05,10,-35,1,10
MEM-2025-LOT7,M05,11,-35,3,22
MEM-2025-LOT7,M05,12,-35,2,30
MEM-2025-LOT7,M05,13,-35,1,10
MEM-2025-LOT7,M05,14,-35,2,21
MEM-2025-LOT7,M05,15,-35,1,10
MEM-2025-LOT7,M05,16,-35,1,10
MEM-2025-LOT7,M05,17,-35,1,10
MEM-2025-LOT7,M05,18,-35,1,10
MEM-2025-LOT7,M05,19,-35,4,21
MEM-2025-LOT7,M05,20,-35,1,10
MEM-2025-LOT7,M05,21,-35,1,10
MEM-2025-LOT7,M05,22,-35,1,10
MEM-2025-LOT7,M05,-23,-34,1,10
MEM-2025-LOT7,M05,-22,-34,1,10
MEM-2025-LOT7,M05,-21,-34,3,30
MEM-2025-LOT7,M05,-20,-34,2,22
MEM-2025-LOT7,M05,-19,-34,2,20
MEM-2025-LOT7,M05,-18,-34,1,10
MEM-2025-LOT7,M05,-17,-34,1,10
MEM-2025-LOT7,M05,-16,-34,1,10
MEM-2025-LOT7,M05,-15,-34,4,21
MEM-2025-LOT7,M05,-14,-34,2,20
MEM-2025-LOT7,M05,-13,-34,2,20
MEM-2025-LOT7,M05,-12,-34,3,20
MEM-2025-LOT7,M05,-11,-34,3,22
MEM-2025-LOT7,M05,-10,-34,2,20
MEM-2025-LOT7,M05,-9,-34,1,10
MEM-2025-LOT7,M05,-8,-34,1,10
MEM-2025-LOT7,M05,-7,-34,2,22
MEM-2025-LOT7,M05,-6,-34,3,30
MEM-2025-LOT7,M05,-5,-34,1,10
MEM-2025-LOT7,M05,-4,-34,1,10
MEM-2025-LOT7,M05,-3,-34,1,10
MEM-2025-LOT7,M05,-2,-34,1,10
MEM-2025-LOT7,M05,-1,-34,1,10
MEM-2025-LOT7,M05,0,-34,1,10
MEM-2025-LOT7,M05,1,-34,1,10
MEM-2025-LOT7,M05,2,-34,1,10
MEM-2025-LOT7,M05,3,-34,1,10
MEM-2025-LOT7,M05,4,-34,1,10
MEM-2025-LOT7,M05,5,-34,1,10
MEM-2025-LOT7,M05,6,-34,1,10
MEM-2025-LOT7,M05,7,-34,1,10
MEM-2025-LOT7,M05,8,-34,1,10
MEM-2025-LOT7,M05,9,-34,1,10
MEM-2025-LOT7,M05,10,-34,2,22
MEM-2025-LOT7,M05,11,-34,1,10
MEM-2025-LOT7,M05,12,-34,1,10
MEM-2025-LOT7,M05,13,-34,2,21
MEM-2025-LOT7,M05,14,-34,4,22
MEM-2025-LOT7,M05,15,-34,1,10
MEM-2025-LOT7,M05,16,-34,3,21
MEM-2025-LOT7,M05,17,-34,1,10
MEM-2025-LOT7,M05,18,-34,1,10
MEM-2025-LOT7,M05,19,-34,2,30
MEM-2025-LOT7,M05,20,-34,1,10
MEM-2025-LOT7,M05,21,-34,1,10
MEM-2025-LOT7,M05,22,-34,1,10
MEM-2025-LOT7,M05,23,-34,1,10
MEM-2025-LOT7,M05,-23,-33,3,22
MEM-2025-LOT7,M05,-22,-33,3,22
MEM-2025-LOT7,M05,-21,-33,1,10
MEM-2025-LOT7,M05,-20,-33,1,10
MEM-2025-LOT7,M05,-19,-33,4,21
MEM-2025-LOT7,M05,-18,-33,1,10
MEM-2025-LOT7,M05,-17,-33,2,21
MEM-2025-LOT7,M05,-16,-33,4,20
MEM-2025-LOT7,M05,-15,-33,1,10
MEM-2025-LOT7,M05,-14,-33,1,10
MEM-2025-LOT7,M05,-13,-33,1,10
MEM-2025-LOT7,M05,-12,-33,1,10
MEM-2025-LOT7,M05,-11,-33,1,10
MEM-2025-LOT7,M05,-10,-33,4,21
MEM-2025-LOT7,M05,-9,-33,2,21
MEM-2025-LOT7,M05,-8,-33,1,10
MEM-2025-LOT7,M05,-7,-33,1,10
MEM-2025-LOT7,M05,-6,-33,1,10
MEM-2025-LOT7,M05,-5,-33,1,10
MEM-2025-LOT7,M05,-4,-33,1,10
MEM-2025-LOT7,M05,-3,-33,1,10
MEM-2025-LOT7,M05,-2,-33,1,10
MEM-2025-LOT7,M05,-1,-33,1,10
MEM-2025-LOT7,M05,0,-33,1,10
MEM-2025-LOT7,M05,1,-33,1,10
MEM-2025-LOT7,M05,2,-33,1,10
MEM-2025-LOT7,M05,3,-33,1,10
MEM-2025-LOT7,M05,4,-33,1,10
MEM-2025-LOT7,M05,5,-33,1,10
MEM-2025-LOT7,M05,6,-33,1,10
MEM-2025-LOT7,M05,7,-33,1,10
MEM-2025-LOT7,M05,8,-33,4,21
MEM-2025-LOT7,M05,9,-33,1,10
MEM-2025-LOT7,M05,10,-33,1,10
MEM-2025-LOT7,M05,11,-33,2,22
MEM-2025-LOT7,M05,12,-33,1,10
MEM-2025-LOT7,M05,13,-33,1,10
MEM-2025-LOT7,M05,14,-33,2,22
MEM-2025-LOT7,M05,15,-33,4,21
MEM-2025-LOT7,M05,16,-33,2,21
MEM-2025-LOT7,M05,17,-33,1,10
MEM-2025-LOT7,M05,18,-33,1,10
MEM-2025-LOT7,M05,19,-33,2,20
MEM-2025-LOT7,M05,20,-33,2,30
MEM-2025-LOT7,M05,21,-33,1,10
MEM-2025-LOT7,M05,22,-33,2,30
MEM-2025-LOT7,M05,23,-33,1,10
MEM-2025-LOT7,M05,-24,-32,1,10
MEM-2025-LOT7,M05,-23,-32,1,10
MEM-2025-LOT7,M05,-22,-32,1,10
MEM-2025-LOT7,M05,-21,-32,4,31
MEM-2025-LOT7,M05,-20,-32,1,10
MEM-2025-LOT7,M05,-19,-32,4,20
MEM-2025-LOT7,M05,-18,-32,4,22
MEM-2025-LOT7,M05,-17,-32,2,22
MEM-2025-LOT7,M05,-16,-32,4,31
MEM-2025-LOT7,M05,-15,-32,2,20
MEM-2025-LOT7,M05,-14,-32,2,20
MEM-2025-LOT7,M05,-13,-32,2,22
MEM-2025-LOT7,M05,-12,-32,4,20
MEM-2025-LOT7,M05,-11,-32,2,22
MEM-2025-LOT7,M05,-10,-32,1,10
MEM-2025-LOT7,M05,-9,-32,1,10
MEM-2025-LOT7,M05,-8,-32,1,10
MEM-2025-LOT7,M05,-7,-32,1,10
MEM-2025-LOT7,M05,-6,-32,1,10
MEM-2025-LOT7,M05,-5,-32,1,10
MEM-2025-LOT7,M05,-4,-32,1,10
MEM-2025-LOT7,M05,-3,-32,1,10
MEM-2025-LOT7,M05,-2,-32,1,10
MEM-2025-LOT7,M05,-1,-32,1,10
MEM-2025-LOT7,M05,0,-32,1,10
MEM-2025-LOT7,M05,1,-32,1,10
MEM-2025-LOT7,M05,2,-32,1,10
MEM-2025-LOT7,M05,3,-32,1,10
MEM-2025-LOT7,M05,4,-32,1,10
MEM-2025-LOT7,M05,5,-32,1,10
MEM-2025-LOT7,M05,6,-32,1,10
MEM-2025-LOT7,M05,7,-32,1,10
MEM-2025-LOT7,M05,8,-32,1,10
MEM-2025-LOT7,M05,9,-32,1,10
MEM-2025-LOT7,M05,10,-32,1,10
MEM-2025-LOT7,M05,11,-32,2,21
MEM-2025-LOT7,M05,12,-32,1,10
MEM-2025-LOT7,M05,13,-32,1,10
MEM-2025-LOT7,M05,14,-32,3,21
MEM-2025-LOT7,M05,15,-32,1,10
MEM-2025-LOT7,M05,16,-32,1,10
MEM-2025-LOT7,M05,17,-32,1,10
MEM-2025-LOT7,M05,18,-32,1,10
MEM-2025-LOT7,M05,19,-32,1,10
MEM-2025-LOT7,M05,20,-32,1,10
MEM-2025-LOT7,M05,21,-32,1,10
MEM-2025-LOT7,M05,22,-32,1,10
MEM-2025-LOT7,M05,23,-32,2,20
MEM-2025-LOT7,M05,24,-32,1,10
MEM-2025-LOT7,M05,-24,-31,1,10
MEM-2025-LOT7,M05,-23,-31,4,22
MEM-2025-LOT7,M05,-22,-31,1,10
MEM-2025-LOT7,M05,-21,-31,3,31
MEM-2025-LOT7,M05,-20,-31,4,30
MEM-2025-LOT7,M05,-19,-31,1,10
MEM-2025-LOT7,M05,-18,-31,3,22
MEM-2025-LOT7,M05,-17,-31,1,10
MEM-2025-LOT7,M05,-16,-31,2,31
MEM-2025-LOT7,M05,-15,-31,4,21
MEM-2025-LOT7,M05,-14,-31,4,31
MEM-2025-LOT7,M05,-13,-31,2,30
MEM-2025-LOT7,M05,-12,-31,4,20
MEM-2025-LOT7,M05,-11,-31,1,10
MEM-2025-LOT7,M05,-10,-31,1,10
MEM-2025-LOT7,M05,-9,-31,1,10
MEM-2025-LOT7,M05,-8,-31,1,10
MEM-2025-LOT7,M05,-7,-31,1,10
MEM-2025-LOT7,M05,-6,-31,1,10
MEM-2025-LOT7,M05,-5,-31,1,10
MEM-2025-LOT7,M05,-4,-31,1,10
MEM-2025-LOT7,M05,-3,-31,4,20
MEM-2025-LOT7,M05,-2,-31,1,10
MEM-2025-LOT7,M05,-1,-31,1,10
MEM-2025-LOT7,M05,0,-31,1,10
MEM-2025-LOT7,M05,1,-31,1,10
MEM-2025-LOT7,M05,2,-31,1,10
MEM-2025-LOT7,M05,3,-31,1,10
MEM-2025-LOT7,M05,4,-31,1,10
MEM-2025-LOT7,M05,5,-31,1,10
MEM-2025-LOT7,M05,6,-31,1,10
MEM-2025-LOT7,M05,7,-31,1,10
MEM-2025-LOT7,M05,8,-31,1,10
MEM-2025-LOT7,M05,9,-31,1,10
MEM-2025-LOT7,M05,10,-31,1,10
MEM-2025-LOT7,M05,11,-31,2,21
MEM-2025-LOT7,M05,12,-31,2,21
MEM-2025-LOT7,M05,13,-31,1,10
MEM-2025-LOT7,M05,14,-31,1,10
MEM-2025-LOT7,M05,15,-31,1,10
MEM-2025-LOT7,M05,16,-31,1,10
MEM-2025-LOT7,M05,17,-31,1,10
MEM-2025-LOT7,M05,18,-31,1,10
MEM-2025-LOT7,M05,19,-31,1,10
MEM-2025-LOT7,M05,20,-31,1,10
MEM-2025-LOT7,M05,21,-31,1,10
MEM-2025-LOT7,M05,22,-31,1,10
MEM-2025-LOT7,M05,23,-31,1,10
MEM-2025-LOT7,M05,24,-31,4,21
MEM-2025-LOT7,M05,-25,-30,1,10
MEM-2025-LOT7,M05,-24,-30,3,22
MEM-2025-LOT7,M05,-23,-30,4,30
MEM-2025-LOT7,M05,-22,-30,1,10
MEM-2025-LOT7,M05,-21,-30,1,10
MEM-2025-LOT7,M05,-20,-30,1,10
MEM-2025-LOT7,M05,-19,-30,1,10
MEM-2025-LOT7,M05,-18,-30,1,10
MEM-2025-LOT7,M05,-17,-30,4,22
MEM-2025-LOT7,M05,-16,-30,2,22
MEM-2025-LOT7,M05,-15,-30,1,10
MEM-2025-LOT7,M05,-14,-30,2,20
MEM-2025-LOT7,M05,-13,-30,1,10
MEM-2025-LOT7,M05,-12,-30,1,10
MEM-2025-LOT7,M05,-11,-30,1,10
MEM-2025-LOT7,M05,-10,-30,1,10
MEM-2025-LOT7,M05,-9,-30,1,10
MEM-2025-LOT7,M05,-8,-30,1,10
MEM-2025-LOT7,M05,-7,-30,1,10
MEM-2025-LOT7,M05,-6,-30,1,10
MEM-2025-LOT7,M05,-5,-30,1,10
MEM-2025-LOT7,M05,-4,-30,1,10
MEM-2025-LOT7,M05,-3,-30,1,10
MEM-2025-LOT7,M05,-2,-30,1,10
MEM-2025-LOT7,M05,-1,-30,1,10
MEM-2025-LOT7,M05,0,-30,1,10
MEM-2025-LOT7,M05,1,-30,1,10
MEM-2025-LOT7,M05,2,-30,1,10
MEM-2025-LOT7,M05,3,-30,1,10
MEM-2025-LOT7,M05,4,-30,1,10
MEM-2025-LOT7,M05,5,-30,1,10
MEM-2025-LOT7,M05,6,-30,1,10
MEM-2025-LOT7,M05,7,-30,1,10
MEM-2025-LOT7,M05,8,-30,1,10
MEM-2025-LOT7,M05,9,-30,1,10
MEM-2025-LOT7,M05,10,-30,1,10
MEM-2025-LOT7,M05,11,-30,1,10
MEM-2025-LOT7,M05,12,-30,1,10
MEM-2025-LOT7,M05,13,-30,2,21
MEM-2025-LOT7,M05,14,-30,2,22
MEM-2025-LOT7,M05,15,-30,2,30
MEM-2025-LOT7,M05,16,-30,1,10
MEM-2025-LOT7,M05,17,-30,1,10
MEM-2025-LOT7,M05,18,-30,1,10
MEM-2025-LOT7,M05,19,-30,1,10
MEM-2025-LOT7,M05,20,-30,4,31
MEM-2025-LOT7,M05,21,-30,4,20
MEM-2025-LOT7,M05,22,-30,1,10
MEM-2025-LOT7,M05,23,-30,1,10
MEM-2025-LOT7,M05,24,-30,2,21
MEM-2025-LOT7,M05,25,-30,1,10
MEM-2025-LOT7,M05,-25,-29,1,10
MEM-2025-LOT7,M05,-24,-29,1,10
MEM-2025-LOT7,M05,-23,-29,1,10
MEM-2025-LOT7,M05,-22,-29,3,31
MEM-2025-LOT7,M05,-21,-29,1,10
MEM-2025-LOT7,M05,-20,-29,1,10
MEM-2025-LOT7,M05,-19,-29,2,20
MEM-2025-LOT7,M05,-18,-29,1,10
MEM-2025-LOT7,M05,-17,-29,1,10
MEM-2025-LOT7,M05,-16,-29,1,10
MEM-2025-LOT7,M05,-15,-29,3,30
MEM-2025-LOT7,M05,-14,-29,4,31
MEM-2025-LOT7,M05,-13,-29,1,10
MEM-2025-LOT7,M05,-12,-29,1,10
MEM-2025-LOT7,M05,-11,-29,1,10
MEM-2025-LOT7,M05,-10,-29,1,10
MEM-2025-LOT7,M05,-9,-29,1,10
MEM-2025-LOT7,M05,-8,-29,1,10
MEM-2025-LOT7,M05,-7,-29,1,10
MEM-2025-LOT7,M05,-6,-29,1,10
MEM-2025-LOT7,M05,-5,-29,1,10
MEM-2025-LOT7,M05,-4,-29,1,10
MEM-2025-LOT7,M05,-3,-29,1,10
MEM-2025-LOT7,M05,-2,-29,1,10
MEM-2025-LOT7,M05,-1,-29,1,10
MEM-2025-LOT7,M05,0,-29,1,10
MEM-2025-LOT7,M05,1,-29,1,10
MEM-2025-LOT7,M05,2,-29,1,10
MEM-2025-LOT7,M05,3,-29,1,10
MEM-2025-LOT7,M05,4,-29,1,10
MEM-2025-LOT7,M05,5,-29,1,10
MEM-2025-LOT7,M05,6,-29,1,10
MEM-2025-LOT7,M05,7,-29,1,10
MEM-2025-LOT7,M05,8,-29,1,10
MEM-2025-LOT7,M05,9,-29,1,10
MEM-2025-LOT7,M05,10,-29,1,10
MEM-2025-LOT7,M05,11,-29,1,10
MEM-2025-LOT7,M05,12,-29,1,10
MEM-2025-LOT7,M05,13,-29,2,20
MEM-2025-LOT7,M05,14,-29,3,21
MEM-2025-LOT7,M05,15,-29,1,10
MEM-2025-LOT7,M05,16,-29,4,31
MEM-2025-LOT7,M05,17,-29,2,21
MEM-2025-LOT7,M05,18,-29,4,22
MEM-2025-LOT7,M05,19,-29,1,10
MEM-2025-LOT7,M05,20,-29,1,10
MEM-2025-LOT7,M05,21,-29,1,10
MEM-2025-LOT7,M05,22,-29,2,22
MEM-2025-LOT7,M05,23,-29,1,10
MEM-2025-LOT7,M05,24,-29,2,21
MEM-2025-LOT7,M05,25,-29,3,21
MEM-2025-LOT7,M05,-26,-28,2,30
MEM-2025-LOT7,M05,-25,-28,1,10
MEM-2025-LOT7,M05,-24,-28,2,21
MEM-2025-LOT7,M05,-23,-28,1,10
MEM-2025-LOT7,M05,-22,-28,1,10
MEM-2025-LOT7,M05,-21,-28,3,31
MEM-2025-LOT7,M05,-20,-28,1,10
MEM-2025-LOT7,M05,-19,-28,1,10
MEM-2025-LOT7,M05,-18,-28,1,10
MEM-2025-LOT7,M05,-17,-28,1,10
MEM-2025-LOT7,M05,-16,-28,1,10
MEM-2025-LOT7,M05,-15,-28,1,10
MEM-2025-LOT7,M05,-14,-28,1,10
MEM-2025-LOT7,M05,-13,-28,1,10
MEM-2025-LOT7,M05,-12,-28,1,10
MEM-2025-LOT7,M05,-11,-28,1,10
MEM-2025-LOT7,M05,-10,-28,1,10
MEM-2025-LOT7,M05,-9,-28,1,10
MEM-2025-LOT7,M05,-8,-28,1,10
MEM-2025-LOT7,M05,-7,-28,1,10
MEM-2025-LOT7,M05,-6,-28,1,10
MEM-2025-LOT7,M05,-5,-28,1,10
MEM-2025-LOT7,M05,-4,-28,1,10
MEM-2025-LOT7,M05,-3,-28,1,10
MEM-2025-LOT7,M05,-2,-28,1,10
MEM-2025-LOT7,M05,-1,-28,1,10
MEM-2025-LOT7,M05,0,-28,1,10
MEM-2025-LOT7,M05,1,-28,1,10
MEM-2025-LOT7,M05,2,-28,1,10
MEM-2025-LOT7,M05,3,-28,1,10
MEM-2025-LOT7,M05,4,-28,1,10
MEM-2025-LOT7,M05,5,-28,1,10
MEM-2025-LOT7,M05,6,-28,1,10
MEM-2025-LOT7,M05,7,-28,1,10
MEM-2025-LOT7,M05,8,-28,1,10
MEM-2025-LOT7,M05,9,-28,1,10
MEM-2025-LOT7,M05,10,-28,1,10
MEM-2025-LOT7,M05,11,-28,1,10
MEM-2025-LOT7,M05,12,-28,1,10
MEM-2025-LOT7,M05,13,-28,1,10
MEM-2025-LOT7,M05,14,-28,1,10
MEM-2025-LOT7,M05,15,-28,1,10
MEM-2025-LOT7,M05,16,-28,1,10
MEM-2025-LOT7,M05,17,-28,1,10
MEM-2025-LOT7,M05,18,-28,2,22
MEM-2025-LOT7,M05,19,-28,3,20
MEM-2025-LOT7,M05,20,-28,3,21
MEM-2025-LOT7,M05,21,-28,4,20
MEM-2025-LOT7,M05,22,-28,1,10
MEM-2025-LOT7,M05,23,-28,3,20
MEM-2025-LOT7,M05,24,-28,1,10
MEM-2025-LOT7,M05,25,-28,4,20
MEM-2025-LOT7,M05,26,-28,1,10
MEM-2025-LOT7,M05,-26,-27,1,10
MEM-2025-LOT7,M05,-25,-27,1,10
MEM-2025-LOT7,M05,-24,-27,1,10
MEM-2025-LOT7,M05,-23,-27,1,10
MEM-2025-LOT7,M05,-22,-27,1,10
MEM-2025-LOT7,M05,-21,-27,1,10
MEM-2025-LOT7,M05,-20,-27,1,10
MEM-2025-LOT7,M05,-19,-27,2,21
MEM-2025-LOT7,M05,-18,-27,2,20
MEM-2025-LOT7,M05,-17,-27,1,10
MEM-2025-LOT7,M05,-16,-27,1,10
MEM-2025-LOT7,M05,-15,-27,2,20
MEM-2025-LOT7,M05,-14,-27,1,10
MEM-2025-LOT7,M05,-13,-27,1,10
MEM-2025-LOT7,M05,-12,-27,1,10
MEM-2025-LOT7,M05,-11,-27,1,10
MEM-2025-LOT7,M05,-10,-27,1,10
MEM-2025-LOT7,M05,-9,-27,1,10
MEM-2025-LOT7,M05,-8,-27,1,10
MEM-2025-LOT7,M05,-7,-27,1,10
MEM-2025-LOT7,M05,-6,-27,1,10
MEM-2025-LOT7,M05,-5,-27,1,10
MEM-2025-LOT7,M05,-4,-27,1,10
MEM-2025-LOT7,M05,-3,-27,1,10
MEM-2025-LOT7,M05,-2,-27,1,10
MEM-2025-LOT7,M05,-1,-27,1,10
MEM-2025-LOT7,M05,0,-27,1,10
MEM-2025-LOT7,M05,1,-27,1,10
MEM-2025-LOT7,M05,2,-27,1,10
MEM-2025-LOT7,M05,3,-27,1,10
MEM-2025-LOT7,M05,4,-27,1,10
MEM-2025-LOT7,M05,5,-27,1,10
MEM-2025-LOT7,M05,6,-27,1,10
MEM-2025-LOT7,M05,7,-27,1,10
MEM-2025-LOT7,M05,8,-27,1,10
MEM-2025-LOT7,M05,9,-27,1,10
MEM-2025-LOT7,M05,10,-27,1,10
MEM-2025-LOT7,M05,11,-27,1,10
MEM-2025-LOT7,M05,12,-27,1,10
MEM-2025-LOT7,M05,13,-27,1,10
MEM-2025-LOT7,M05,14,-27,1,10
MEM-2025-LOT7,M05,15,-27,1,10
MEM-2025-LOT7,M05,16,-27,1,10
MEM-2025-LOT7,M05,17,-27,1,10
MEM-2025-LOT7,M05,18,-27,1,10
MEM-2025-LOT7,M05,19,-27,2,21
MEM-2025-LOT7,M05,20,-27,2,20
MEM-2025-LOT7,M05,21,-27,1,10
MEM-2025-LOT7,M05,22,-27,4,30
MEM-2025-LOT7,M05,23,-27,1,10
MEM-2025-LOT7,M05,24,-27,2,22
MEM-2025-LOT7,M05,25,-27,1,10
MEM-2025-LOT7,M05,26,-27,1,10
MEM-2025-LOT7,M05,-27,-26,4,30
MEM-2025-LOT7,M05,-26,-26,1,10
MEM-2025-LOT7,M05,-25,-26,4,20
MEM-2025-LOT7,M05,-24,-26,4,31
MEM-2025-LOT7,M05,-23,-26,2,31
MEM-2025-LOT7,M05,-22,-26,1,10
MEM-2025-LOT7,M05,-21,-26,2,21
MEM-2025-LOT7,M05,-20,-26,2,20
MEM-2025-LOT7,M05,-19,-26,1,10
MEM-2025-LOT7,M05,-18,-26,4,31
MEM-2025-LOT7,M05,-17,-26,4,30
MEM-2025-LOT7,M05,-16,-26,1,10
MEM-2025-LOT7,M05,-15,-26,1,10
MEM-2025-LOT7,M05,-14,-26,1,10
MEM-2025-LOT7,M05,-13,-26,1,10
MEM-2025-LOT7,M05,-12,-26,1,10
MEM-2025-LOT7,M05,-11,-26,1,10
MEM-2025-LOT7,M05,-10,-26,1,10
MEM-2025-LOT7,M05,-9,-26,1,10
MEM-2025-LOT7,M05,-8,-26,1,10
MEM-2025-LOT7,M05,-7,-26,1,10
MEM-2025-LOT7,M05,-6,-26,1,10
MEM-2025-LOT7,M05,-5,-26,1,10
MEM-2025-LOT7,M05,-4,-26,1,10
MEM-2025-LOT7,M05,-3,-26,1,10
MEM-2025-LOT7,M05,-2,-26,1,10
MEM-2025-LOT7,M05,-1,-26,1,10
MEM-2025-LOT7,M05,0,-26,1,10
MEM-2025-LOT7,M05,1,-26,1,10
MEM-2025-LOT7,M05,2,-26,1,10
MEM-2025-LOT7,M05,3,-26,1,10
MEM-2025-LOT7,M05,4,-26,1,10
MEM-2025-LOT7,M05,5,-26,1,10
MEM-2025-LOT7,M05,6,-26,1,10
MEM-2025-LOT7,M05,7,-26,1,10
MEM-2025-LOT7,M05,8,-26,1,10
MEM-2025-LOT7,M05,9,-26,1,10
MEM-2025-LOT7,M05,10,-26,1,10
MEM-2025-LOT7,M05,11,-26,1,10
MEM-2025-LOT7,M05,12,-26,1,10
MEM-2025-LOT7,M05,13,-26,1,10
MEM-2025-LOT7,M05,14,-26,1,10
MEM-2025-LOT7,M05,15,-26,1,10
MEM-2025-LOT7,M05,16,-26,1,10
MEM-2025-LOT7,M05,17,-26,1,10
MEM-2025-LOT7,M05,18,-26,2,20
MEM-2025-LOT7,M05,19,-26,2,21
MEM-2025-LOT7,M05,20,-26,1,10
MEM-2025-LOT7,M05,21,-26,3,21
MEM-2025-LOT7,M05,22,-26,1,10
MEM-2025-LOT7,M05,23,-26,2,22
MEM-2025-LOT7,M05,24,-26,1,10
MEM-2025-LOT7,M05,25,-26,4,20
MEM-2025-LOT7,M05,26,-26,4,30
MEM-2025-LOT7,M05,27,-26,4,22
MEM-2025-LOT7,M05,-27,-25,1,10
MEM-2025-LOT7,M05,-26,-25,1,10
MEM-2025-LOT7,M05,-25,-25,1,10
MEM-2025-LOT7,M05,-24,-25,1,10
MEM-2025-LOT7,M05,-23,-25,3,21
MEM-2025-LOT7,M05,-22,-25,1,10
MEM-2025-LOT7,M05,-21,-25,4,30
MEM-2025-LOT7,M05,-20,-25,4,22
MEM-2025-LOT7,M05,-19,-25,1,10
MEM-2025-LOT7,M05,-18,-25,2,31
MEM-2025-LOT7,M05,-17,-25,2,20
MEM-2025-LOT7,M05,-16,-25,1,10
MEM-2025-LOT7,M05,-15,-25,1,10
MEM-2025-LOT7,M05,-14,-25,1,10
MEM-2025-LOT7,M05,-13,-25,1,10
MEM-2025-LOT7,M05,-12,-25,1,10
MEM-2025-LOT7,M05,-11,-25,1,10
MEM-2025-LOT7,M05,-10,-25,1,10
MEM-2025-LOT7,M05,-9,-25,1,10
MEM-2025-LOT7,M05,-8,-25,1,10
MEM-2025-LOT7,M05,-7,-25,1,10
MEM-2025-LOT7,M05,-6,-25,1,10
MEM-2025-LOT7,M05,-5,-25,1,10
MEM-2025-LOT7,M05,-4,-25,1,10
MEM-2025-LOT7,M05,-3,-25,1,10
MEM-2025-LOT7,M05,-2,-25,1,10
MEM-2025-LOT7,M05,-1,-25,1,10
MEM-2025-LOT7,M05,0,-25,1,10
MEM-2025-LOT7,M05,1,-25,1,10
MEM-2025-LOT7,M05,2,-25,1,10
MEM-2025-LOT7,M05,3,-25,1,10
MEM-2025-LOT7,M05,4,-25,1,10
MEM-2025-LOT7,M05,5,-25,1,10
MEM-2025-LOT7,M05,6,-25,1,10
MEM-2025-LOT7,M05,7,-25,1,10
MEM-2025-LOT7,M05,8,-25,1,10
MEM-2025-LOT7,M05,9,-25,1,10
MEM-2025-LOT7,M05,10,-25,1,10
MEM-2025-LOT7,M05,11,-25,1,10
MEM-2025-LOT7,M05,12,-25,1,10
MEM-2025-LOT7,M05,13,-25,1,10
MEM-2025-LOT7,M05,14,-25,1,10
MEM-2025-LOT7,M05,15,-25,1,10
MEM-2025-LOT7,M05,16,-25,1,10
MEM-2025-LOT7,M05,17,-25,1,10
MEM-2025-LOT7,M05,18,-25,1,10
MEM-2025-LOT7,M05,19,-25,1,10
MEM-2025-LOT7,M05,20,-25,1,10
MEM-2025-LOT7,M05,21,-25,1,10
MEM-2025-LOT7,M05,22,-25,1,10
MEM-2025-LOT7,M05,23,-25,1,10
MEM-2025-LOT7,M05,24,-25,1,10
MEM-2025-LOT7,M05,25,-25,2,30
MEM-2025-LOT7,M05,26,-25,1,10
MEM-2025-LOT7,M05,27,-25,2,21
MEM-2025-LOT7,M05,-28,-24,1,10
MEM-2025-LOT7,M05,-27,-24,1,10
MEM-2025-LOT7,M05,-26,-24,1,10
MEM-2025-LOT7,M05,-25,-24,1,10
MEM-2025-LOT7,M05,-24,-24,1,10
MEM-2025-LOT7,M05,-23,-24,1,10
MEM-2025-LOT7,M05,-22,-24,4,22
MEM-2025-LOT7,M05,-21,-24,1,10
MEM-2025-LOT7,M05,-20,-24,2,31
MEM-2025-LOT7,M05,-19,-24,1,10
MEM-2025-LOT7,M05,-18,-24,4,20
MEM-2025-LOT7,M05,-17,-24,2,31
MEM-2025-LOT7,M05,-16,-24,1,10
MEM-2025-LOT7,M05,-15,-24,1,10
MEM-2025-LOT7,M05,-14,-24,1,10
MEM-2025-LOT7,M05,-13,-24,1,10
MEM-2025-LOT7,M05,-12,-24,1,10
MEM-2025-LOT7,M05,-11,-24,1,10
MEM-2025-LOT7,M05,-10,-24,1,10
MEM-2025-LOT7,M05,-9,-24,1,10
MEM-2025-LOT7,M05,-8,-24,1,10
MEM-2025-LOT7,M05,-7,-24,1,10
MEM-2025-LOT7,M05,-6,-24,1,10
MEM-2025-LOT7,M05,-5,-24,1,10
MEM-2025-LOT7,M05,-4,-24,1,10
MEM-2025-LOT7,M05,-3,-24,1,10
MEM-2025-LOT7,M05,-2,-24,1,10
MEM-2025-LOT7,M05,-1,-24,1,10
MEM-2025-LOT7,M05,0,-24,1,10
MEM-2025-LOT7,M05,1,-24,1,10
MEM-2025-LOT7,M05,2,-24,1,10
MEM-2025-LOT7,M05,3,-24,1,10
MEM-2025-LOT7,M05,4,-24,1,10
MEM-2025-LOT7,M05,5,-24,1,10
MEM-2025-LOT7,M05,6,-24,1,10
MEM-2025-LOT7,M05,7,-24,2,31
MEM-2025-LOT7,M05,8,-24,1,10
MEM-2025-LOT7,M05,9,-24,1,10
MEM-2025-LOT7,M05,10,-24,1,10
MEM-2025-LOT7,M05,11,-24,1,10
MEM-2025-LOT7,M05,12,-24,1,10
MEM-2025-LOT7,M05,13,-24,1,10
MEM-2025-LOT7,M05,14,-24,1,10
MEM-2025-LOT7,M05,15,-24,1,10
MEM-2025-LOT7,M05,16,-24,1,10
MEM-2025-LOT7,M05,17,-24,1,10
MEM-2025-LOT7,M05,18,-24,1,10
MEM-2025-LOT7,M05,19,-24,1,10
MEM-2025-LOT7,M05,20,-24,1,10
MEM-2025-LOT7,M05,21,-24,2,31
MEM-2025-LOT7,M05,22,-24,1,10
MEM-2025-LOT7,M05,23,-24,1,10
MEM-2025-LOT7,M05,24,-24,1,10
MEM-2025-LOT7,M05,25,-24,1,10
MEM-2025-LOT7,M05,26,-24,3,20
MEM-2025-LOT7,M05,27,-24,1,10
MEM-2025-LOT7,M05,28,-24,2,20
MEM-2025-LOT7,M05,-28,-23,1,10
MEM-2025-LOT7,M05,-27,-23,1,10
MEM-2025-LOT7,M05,-26,-23,2,31
MEM-2025-LOT7,M05,-25,-23,3,31
MEM-2025-LOT7,M05,-24,-23,1,10
MEM-2025-LOT7,M05,-23,-23,2,20
MEM-2025-LOT7,M05,-22,-23,2,20
MEM-2025-LOT7,M05,-21,-23,3,20
MEM-2025-LOT7,M05,-20,-23,1,10
MEM-2025-LOT7,M05,-19,-23,1,10
MEM-2025-LOT7,M05,-18,-23,1,10
MEM-2025-LOT7,M05,-17,-23,1,10
MEM-2025-LOT7,M05,-16,-23,1,10
MEM-2025-LOT7,M05,-15,-23,1,10
MEM-2025-LOT7,M05,-14,-23,1,10
MEM-2025-LOT7,M05,-13,-23,1,10
MEM-2025-LOT7,M05,-12,-23,1,10
MEM-2025-LOT7,M05,-11,-23,1,10
MEM-2025-LOT7,M05,-10,-23,1,10
MEM-2025-LOT7,M05,-9,-23,1,10
MEM-2025-LOT7,M05,-8,-23,1,10
MEM-2025-LOT7,M05,-7,-23,1,10
MEM-2025-LOT7,M05,-6,-23,1,10
MEM-2025-LOT7,M05,-5,-23,1,10
MEM-2025-LOT7,M05,-4,-23,1,10
MEM-2025-LOT7,M05,-3,-23,1,10
MEM-2025-LOT7,M05,-2,-23,1,10
MEM-2025-LOT7,M05,-1,-23,1,10
MEM-2025-LOT7,M05,0,-23,1,10
MEM-2025-LOT7,M05,1,-23,1,10
MEM-2025-LOT7,M05,2,-23,1,10
MEM-2025-LOT7,M05,3,-23,1,10
MEM-2025-LOT7,M05,4,-23,1,10
MEM-2025-LOT7,M05,5,-23,1,10
MEM-2025-LOT7,M05,6,-23,1,10
MEM-2025-LOT7,M05,7,-23,1,10
MEM-2025-LOT7,M05,8,-23,1,10
MEM-2025-LOT7,M05,9,-23,1,10
MEM-2025-LOT7,M05,10,-23,4,30
MEM-2025-LOT7,M05,11,-23,1,10
MEM-2025-LOT7,M05,12,-23,1,10
MEM-2025-LOT7,M05,13,-23,1,10
MEM-2025-LOT7,M05,14,-23,1,10
MEM-2025-LOT7,M05,15,-23,1,10
MEM-2025-LOT7,M05,16,-23,1,10
MEM-2025-LOT7,M05,17,-23,1,10
MEM-2025-LOT7,M05,18,-23,1,10
MEM-2025-LOT7,M05,19,-23,1,10
MEM-2025-LOT7,M05,20,-23,2,20
MEM-2025-LOT7,M05,21,-23,4,20
MEM-2025-LOT7,M05,22,-23,3,20
MEM-2025-LOT7,M05,23,-23,4,31
MEM-2025-LOT7,M05,24,-23,1,10
MEM-2025-LOT7,M05,25,-23,1,10
MEM-2025-LOT7,M05,26,-23,4,22
MEM-2025-LOT7,M05,27,-23,1,10
MEM-2025-LOT7,M05,28,-23,1,10
MEM-2025-LOT7,M05,-28,-22,1,10
MEM-2025-LOT7,M05,-27,-22,2,21
MEM-2025-LOT7,M05,-26,-22,1,10
MEM-2025-LOT7,M05,-25,-22,1,10
MEM-2025-LOT7,M05,-24,-22,1,10
MEM-2025-LOT7,M05,-23,-22,1,10
MEM-2025-LOT7,M05,-22,-22,1,10
MEM-2025-LOT7,M05,-21,-22,2,21
MEM-2025-LOT7,M05,-20,-22,1,10
MEM-2025-LOT7,M05,-19,-22,1,10
MEM-2025-LOT7,M05,-18,-22,1,10
MEM-2025-LOT7,M05,-17,-22,1,10
MEM-2025-LOT7,M05,-16,-22,1,10
MEM-2025-LOT7,M05,-15,-22,1,10
MEM-2025-LOT7,M05,-14,-22,1,10
MEM-2025-LOT7,M05,-13,-22,1,10
MEM-2025-LOT7,M05,-12,-22,1,10
MEM-2025-LOT7,M05,-11,-22,1,10
MEM-2025-LOT7,M05,-10,-22,1,10
MEM-2025-LOT7,M05,-9,-22,1,10
MEM-2025-LOT7,M05,-8,-22,1,10
MEM-2025-LOT7,M05,-7,-22,1,10
MEM-2025-LOT7,M05,-6,-22,1,10
MEM-2025-LOT7,M05,-5,-22,2,20
MEM-2025-LOT7,M05,-4,-22,1,10
MEM-2025-LOT7,M05,-3,-22,1,10
MEM-2025-LOT7,M05,-2,-22,3,22
MEM-2025-LOT7,M05,-1,-22,1,10
MEM-2025-LOT7,M05,0,-22,1,10
MEM-2025-LOT7,M05,1,-22,1,10
MEM-2025-LOT7,M05,2,-22,1,10
MEM-2025-LOT7,M05,3,-22,1,10
MEM-2025-LOT7,M05,4,-22,1,10
MEM-2025-LOT7,M05,5,-22,1,10
MEM-2025-LOT7,M05,6,-22,1,10
MEM-2025-LOT7,M05,7,-22,1,10
MEM-2025-LOT7,M05,8,-22,1,10
MEM-2025-LOT7,M05,9,-22,1,10
MEM-2025-LOT7,M05,10,-22,1,10
MEM-2025-LOT7,M05,11,-22,1,10
MEM-2025-LOT7,M05,12,-22,1,10
MEM-2025-LOT7,M05,13,-22,1,10
MEM-2025-LOT7,M05,14,-22,1,10
MEM-2025-LOT7,M05,15,-22,1,10
MEM-2025-LOT7,M05,16,-22,1,10
MEM-2025-LOT7,M05,17,-22,1,10
MEM-2025-LOT7,M05,18,-22,1,10
MEM-2025-LOT7,M05,19,-22,1,10
MEM-2025-LOT7,M05,20,-22,2,31
MEM-2025-LOT7,M05,21,-22,2,20
MEM-2025-LOT7,M05,22,-22,2,31
MEM-2025-LOT7,M05,23,-22,2,31
MEM-2025-LOT7,M05,24,-22,1,10
MEM-2025-LOT7,M05,25,-22,1,10
MEM-2025-LOT7,M05,26,-22,4,31
MEM-2025-LOT7,M05,27,-22,2,30
MEM-2025-LOT7,M05,28,-22,2,30
MEM-2025-LOT7,M05,-29,-21,2,20
MEM-2025-LOT7,M05,-28,-21,2,20
MEM-2025-LOT7,M05,-27,-21,4,21
MEM-2025-LOT7,M05,-26,-21,1,10
MEM-2025-LOT7,M05,-25,-21,2,21
MEM-2025-LOT7,M05,-24,-21,1,10
MEM-2025-LOT7,M05,-23,-21,4,22
MEM-2025-LOT7,M05,-22,-21,1,10
MEM-2025-LOT7,M05,-21,-21,4,22
MEM-2025-LOT7,M05,-20,-21,4,20
MEM-2025-LOT7,M05,-19,-21,1,10
MEM-2025-LOT7,M05,-18,-21,1,10
MEM-2025-LOT7,M05,-17,-21,1,10
MEM-2025-LOT7,M05,-16,-21,1,10
MEM-2025-LOT7,M05,-15,-21,1,10
MEM-2025-LOT7,M05,-14,-21,1,10
MEM-2025-LOT7,M05,-13,-21,1,10
MEM-2025-LOT7,M05,-12,-21,1,10
MEM-2025-LOT7,M05,-11,-21,1,10
MEM-2025-LOT7,M05,-10,-21,1,10
MEM-2025-LOT7,M05,-9,-21,1,10
MEM-2025-LOT7,M05,-8,-21,1,10
MEM-2025-LOT7,M05,-7,-21,1,10
MEM-2025-LOT7,M05,-6,-21,1,10
MEM-2025-LOT7,M05,-5,-21,1,10
MEM-2025-LOT7,M05,-4,-21,1,10
MEM-2025-LOT7,M05,-3,-21,1,10
MEM-2025-LOT7,M05,-2,-21,1,10
MEM-2025-LOT7,M05,-1,-21,1,10
MEM-2025-LOT7,M05,0,-21,1,10
MEM-2025-LOT7,M05,1,-21,1,10
MEM-2025-LOT7,M05,2,-21,1,10
MEM-2025-LOT7,M05,3,-21,1,10
MEM-2025-LOT7,M05,4,-21,1,10
MEM-2025-LOT7,M05,5,-21,1,10
MEM-2025-LOT7,M05,6,-21,1,10
MEM-2025-LOT7,M05,7,-21,1,10
MEM-2025-LOT7,M05,8,-21,1,10
MEM-2025-LOT7,M05,9,-21,1,10
MEM-2025-LOT7,M05,10,-21,1,10
MEM-2025-LOT7,M05,11,-21,1,10
MEM-2025-LOT7,M05,12,-21,1,10
MEM-2025-LOT7,M05,13,-21,1,10
MEM-2025-LOT7,M05,14,-21,3,21
MEM-2025-LOT7,M05,15,-21,1,10
MEM-2025-LOT7,M05,16,-21,1,10
MEM-2025-LOT7,M05,17,-21,1,10
MEM-2025-LOT7,M05,18,-21,1,10
MEM-2025-LOT7,M05,19,-21,1,10
MEM-2025-LOT7,M05,20,-21,1,10
MEM-2025-LOT7,M05,21,-21,1,10
MEM-2025-LOT7,M05,22,-21,2,20
MEM-2025-LOT7,M05,23,-21,1,10
MEM-2025-LOT7,M05,24,-21,1,10
MEM-2025-LOT7,M05,25,-21,2,31
MEM-2025-LOT7,M05,26,-21,1,10
MEM-2025-LOT7,M05,27,-21,2,21
MEM-2025-LOT7,M05,28,-21,1,10
MEM-2025-LOT7,M05,29,-21,1,10
MEM-2025-LOT7,M05,-29,-20,1,10
MEM-2025-LOT7,M05,-28,-20,1,10
MEM-2025-LOT7,M05,-27,-20,1,10
MEM-2025-LOT7,M05,-26,-20,1,10
MEM-2025-LOT7,M05,-25,-20,4,30
MEM-2025-LOT7,M05,-24,-20,1,10
MEM-2025-LOT7,M05,-23,-20,4,22
MEM-2025-LOT7,M05,-22,-20,2,30
MEM-2025-LOT7,M05,-21,-20,1,10
MEM-2025-LOT7,M05,-20,-20,4,20
MEM-2025-LOT7,M05,-19,-20,1,10
MEM-2025-LOT7,M05,-18,-20,1,10
MEM-2025-LOT7,M05,-17,-20,1,10
MEM-2025-LOT7,M05,-16,-20,1,10
MEM-2025-LOT7,M05,-15,-20,1,10
MEM-2025-LOT7,M05,-14,-20,1,10
MEM-2025-LOT7,M05,-13,-20,1,10
MEM-2025-LOT7,M05,-12,-20,1,10
MEM-2025-LOT7,M05,-11,-20,1,10
MEM-2025-LOT7,M05,-10,-20,1,10
MEM-2025-LOT7,M05,-9,-20,1,10
MEM-2025-LOT7,M05,-8,-20,1,10
MEM-2025-LOT7,M05,-7,-20,1,10
MEM-2025-LOT7,M05,-6,-20,1,10
MEM-2025-LOT7,M05,-5,-20,1,10
MEM-2025-LOT7,M05,-4,-20,1,10
MEM-2025-LOT7,M05,-3,-20,1,10
MEM-2025-LOT7,M05,-2,-20,1,10
MEM-2025-LOT7,M05,-1,-20,1,10
MEM-2025-LOT7,M05,0,-20,1,10
MEM-2025-LOT7,M05,1,-20,1,10
MEM-2025-LOT7,M05,2,-20,1,10
MEM-2025-LOT7,M05,3,-20,1,10
MEM-2025-LOT7,M05,4,-20,1,10
MEM-2025-LOT7,M05,5,-20,1,10
MEM-2025-LOT7,M05,6,-20,1,10
MEM-2025-LOT7,M05,7,-20,1,10
MEM-2025-LOT7,M05,8,-20,1,10
MEM-2025-LOT7,M05,9,-20,1,10
MEM-2025-LOT7,M05,10,-20,1,10
MEM-2025-LOT7,M05,11,-20,1,10
MEM-2025-LOT7,M05,12,-20,1,10
MEM-2025-LOT7,M05,13,-20,1,10
MEM-2025-LOT7,M05,14,-20,1,10
MEM-2025-LOT7,M05,15,-20,1,10
MEM-2025-LOT7,M05,16,-20,1,10
MEM-2025-LOT7,M05,17,-20,1,10
MEM-2025-LOT7,M05,18,-20,1,10
MEM-2025-LOT7,M05,19,-20,1,10
MEM-2025-LOT7,M05,20,-20,2,30
MEM-2025-LOT7,M05,21,-20,1,10
MEM-2025-LOT7,M05,22,-20,1,10
MEM-2025-LOT7,M05,23,-20,1,10
MEM-2025-LOT7,M05,24,-20,3,21
MEM-2025-LOT7,M05,25,-20,1,10
MEM-2025-LOT7,M05,26,-20,1,10
MEM-2025-LOT7,M05,27,-20,3,20
MEM-2025-LOT7,M05,28,-20,1,10
MEM-2025-LOT7,M05,29,-20,1,10
MEM-2025-LOT7,M05,-29,-19,2,30
MEM-2025-LOT7,M05,-28,-19,1,10
MEM-2025-LOT7,M05,-27,-19,2,31
MEM-2025-LOT7,M05,-26,-19,4,20
MEM-2025-LOT7,M05,-25,-19,1,10
MEM-2025-LOT7,M05,-24,-19,1,10
MEM-2025-LOT7,M05,-23,-19,2,21
MEM-2025-LOT7,M05,-22,-19,3,22
MEM-2025-LOT7,M05,-21,-19,1,10
MEM-2025-LOT7,M05,-20,-19,2,20
MEM-2025-LOT7,M05,-19,-19,1,10
MEM-2025-LOT7,M05,-18,-19,2,21
MEM-2025-LOT7,M05,-17,-19,1,10
MEM-2025-LOT7,M05,-16,-19,1,10
MEM-2025-LOT7,M05,-15,-19,1,10
MEM-2025-LOT7,M05,-14,-19,1,10
MEM-2025-LOT7,M05,-13,-19,1,10
MEM-2025-LOT7,M05,-12,-19,1,10
MEM-2025-LOT7,M05,-11,-19,1,10
MEM-2025-LOT7,M05,-10,-19,1,10
MEM-2025-LOT7,M05,-9,-19,1,10
MEM-2025-LOT7,M05,-8,-19,1,10
MEM-2025-LOT7,M05,-7,-19,2,20
MEM-2025-LOT7,M05,-6,-19,1,10
MEM-2025-LOT7,M05,-5,-19,1,10
MEM-2025-LOT7,M05,-4,-19,1,10
MEM-2025-LOT7,M05,-3,-19,1,10
MEM-2025-LOT7,M05,-2,-19,1,10
MEM-2025-LOT7,M05,-1,-19,1,10
MEM-2025-LOT7,M05,0,-19,1,10
MEM-2025-LOT7,M05,1,-19,1,10
MEM-2025-LOT7,M05,2,-19,1,10
MEM-2025-LOT7,M05,3,-19,1,10
MEM-2025-LOT7,M05,4,-19,1,10
MEM-2025-LOT7,M05,5,-19,1,10
MEM-2025-LOT7,M05,6,-19,2,31
MEM-2025-LOT7,M05,7,-19,1,10
MEM-2025-LOT7,M05,8,-19,1,10
MEM-2025-LOT7,M05,9,-19,1,10
MEM-2025-LOT7,M05,10,-19,1,10
MEM-2025-LOT7,M05,11,-19,1,10
MEM-2025-LOT7,M05,12,-19,1,10
MEM-2025-LOT7,M05,13,-19,1,10
MEM-2025-LOT7,M05,14,-19,1,10
MEM-2025-LOT7,M05,15,-19,1,10
MEM-2025-LOT7,M05,16,-19,1,10
MEM-2025-LOT7,M05,17,-19,1,10
MEM-2025-LOT7,M05,18,-19,1,10
MEM-2025-LOT7,M05,19,-19,1,10
MEM-2025-LOT7,M05,20,-19,1,10
MEM-2025-LOT7,M05,21,-19,2,31
MEM-2025-LOT7,M05,22,-19,2,30
MEM-2025-LOT7,M05,23,-19,1,10
MEM-2025-LOT7,M05,24,-19,1,10
MEM-2025-LOT7,M05,25,-19,1,10
MEM-2025-LOT7,M05,26,-19,2,21
MEM-2025-LOT7,M05,27,-19,1,10
MEM-2025-LOT7,M05,28,-19,1,10
MEM-2025-LOT7,M05,29,-19,1,10
MEM-2025-LOT7,M05,-30,-18,2,22
MEM-2025-LOT7,M05,-29,-18,4,20
MEM-2025-LOT7,M05,-28,-18,3,30
MEM-2025-LOT7,M05,-27,-18,1,10
MEM-2025-LOT7,M05,-26,-18,3,22
MEM-2025-LOT7,M05,-25,-18,4,31
MEM-2025-LOT7,M05,-24,-18,1,10
MEM-2025-LOT7,M05,-23,-18,1,10
MEM-2025-LOT7,M05,-22,-18,2,22
MEM-2025-LOT7,M05,-21,-18,1,10
MEM-2025-LOT7,M05,-20,-18,1,10
MEM-2025-LOT7,M05,-19,-18,1,10
MEM-2025-LOT7,M05,-18,-18,1,10
MEM-2025-LOT7,M05,-17,-18,1,10
MEM-2025-LOT7,M05,-16,-18,1,10
MEM-2025-LOT7,M05,-15,-18,1,10
MEM-2025-LOT7,M05,-14,-18,1,10
MEM-2025-LOT7,M05,-13,-18,1,10
MEM-2025-LOT7,M05,-12,-18,1,10
MEM-2025-LOT7,M05,-11,-18,1,10
MEM-2025-LOT7,M05,-10,-18,1,10
MEM-2025-LOT7,M05,-9,-18,1,10
MEM-2025-LOT7,M05,-8,-18,1,10
MEM-2025-LOT7,M05,-7,-18,1,10
MEM-2025-LOT7,M05,-6,-18,1,10
MEM-2025-LOT7,M05,-5,-18,1,10
MEM-2025-LOT7,M05,-4,-18,4,21
MEM-2025-LOT7,M05,-3,-18,1,10
MEM-2025-LOT7,M05,-2,-18,1,10
MEM-2025-LOT7,M05,-1,-18,1,10
MEM-2025-LOT7,M05,0,-18,1,10
MEM-2025-LOT7,M05,1,-18,1,10
MEM-2025-LOT7,M05,2,-18,1,10
MEM-2025-LOT7,M05,3,-18,1,10
MEM-2025-LOT7,M05,4,-18,1,10
MEM-2025-LOT7,M05,5,-18,1,10
MEM-2025-LOT7,M05,6,-18,1,10
MEM-2025-LOT7,M05,7,-18,1,10
MEM-2025-LOT7,M05,8,-18,1,10
MEM-2025-LOT7,M05,9,-18,1,10
MEM-2025-LOT7,M05,10,-18,1,10
MEM-2025-LOT7,M05,11,-18,1,10
MEM-2025-LOT7,M05,12,-18,1,10
MEM-2025-LOT7,M05,13,-18,1,10
MEM-2025-LOT7,M05,14,-18,1,10
MEM-2025-LOT7,M05,15,-18,1,10
MEM-2025-LOT7,M05,16,-18,1,10
MEM-2025-LOT7,M05,17,-18,1,10
MEM-2025-LOT7,M05,18,-18,1,10
MEM-2025-LOT7,M05,19,-18,1,10
MEM-2025-LOT7,M05,20,-18,1,10
MEM-2025-LOT7,M05,21,-18,4,20
MEM-2025-LOT7,M05,22,-18,2,20
MEM-2025-LOT7,M05,23,-18,1,10
MEM-2025-LOT7,M05,24,-18,1,10
MEM-2025-LOT7,M05,25,-18,2,21
MEM-2025-LOT7,M05,26,-18,3,21
MEM-2025-LOT7,M05,27,-18,1,10
MEM-2025-LOT7,M05,28,-18,4,21
MEM-2025-LOT7,M05,29,-18,2,20
MEM-2025-LOT7,M05,30,-18,1,10
MEM-2025-LOT7,M05,-30,-17,1,10
MEM-2025-LOT7,M05,-29,-17,1,10
MEM-2025-LOT7,M05,-28,-17,1,10
MEM-2025-LOT7,M05,-27,-17,1,10
MEM-2025-LOT7,M05,-26,-17,1,10
MEM-2025-LOT7,M05,-25,-17,1,10
MEM-2025-LOT7,M05,-24,-17,1,10
MEM-2025-LOT7,M05,-23,-17,1,10
MEM-2025-LOT7,M05,-22,-17,3,30
MEM-2025-LOT7,M05,-21,-17,1,10
MEM-2025-LOT7,M05,-20,-17,1,10
MEM-2025-LOT7,M05,-19,-17,1,10
MEM-2025-LOT7,M05,-18,-17,1,10
MEM-2025-LOT7,M05,-17,-17,1,10
MEM-2025-LOT7,M05,-16,-17,1,10
MEM-2025-LOT7,M05,-15,-17,1,10
MEM-2025-LOT7,M05,-14,-17,1,10
MEM-2025-LOT7,M05,-13,-17,1,10
MEM-2025-LOT7,M05,-12,-17,1,10
MEM-2025-LOT7,M05,-11,-17,1,10
MEM-2025-LOT7,M05,-10,-17,1,10
MEM-2025-LOT7,M05,-9,-17,1,10
MEM-2025-LOT7,M05,-8,-17,1,10
MEM-2025-LOT7,M05,-7,-17,1,10
MEM-2025-LOT7,M05,-6,-17,1,10
MEM-2025-LOT7,M05,-5,-17,1,10
MEM-2025-LOT7,M05,-4,-17,1,10
MEM-2025-LOT7,M05,-3,-17,1,10
MEM-2025-LOT7,M05,-2,-17,1,10
MEM-2025-LOT7,M05,-1,-17,1,10
MEM-2025-LOT7,M05,0,-17,1,10
MEM-2025-LOT7,M05,1,-17,1,10
MEM-2025-LOT7,M05,2,-17,1,10
MEM-2025-LOT7,M05,3,-17,1,10
MEM-2025-LOT7,M05,4,-17,1,10
MEM-2025-LOT7,M05,5,-17,1,10
MEM-2025-LOT7,M05,6,-17,1,10
MEM-2025-LOT7,M05,7,-17,1,10
MEM-2025-LOT7,M05,8,-17,1,10
MEM-2025-LOT7,M05,9,-17,1,10
MEM-2025-LOT7,M05,10,-17,1,10
MEM-2025-LOT7,M05,11,-17,1,10
MEM-2025-LOT7,M05,12,-17,1,10
MEM-2025-LOT7,M05,13,-17,1,10
MEM-2025-LOT7,M05,14,-17,1,10
MEM-2025-LOT7,M05,15,-17,1,10
MEM-2025-LOT7,M05,16,-17,1,10
MEM-2025-LOT7,M05,17,-17,1,10
MEM-2025-LOT7,M05,18,-17,1,10
MEM-2025-LOT7,M05,19,-17,1,10
MEM-2025-LOT7,M05,20,-17,1,10
MEM-2025-LOT7,M05,21,-17,1,10
MEM-2025-LOT7,M05,22,-17,1,10
MEM-2025-LOT7,M05,23,-17,3,21
MEM-2025-LOT7,M05,24,-17,1,10
MEM-2025-LOT7,M05,25,-17,2,31
MEM-2025-LOT7,M05,26,-17,1,10
MEM-2025-LOT7,M05,27,-17,3,22
MEM-2025-LOT7,M05,28,-17,2,22
MEM-2025-LOT7,M05,29,-17,1,10
MEM-2025-LOT7,M05,30,-17,3,22
MEM-2025-LOT7,M05,-30,-16,1,10
MEM-2025-LOT7,M05,-29,-16,1,10
MEM-2025-LOT7,M05,-28,-16,4,22
MEM-2025-LOT7,M05,-27,-16,1,10
MEM-2025-LOT7,M05,-26,-16,1,10
MEM-2025-LOT7,M05,-25,-16,1,10
MEM-2025-LOT7,M05,-24,-16,1,10
MEM-2025-LOT7,M05,-23,-16,2,31
MEM-2025-LOT7,M05,-22,-16,4,21
MEM-2025-LOT7,M05,-21,-16,3,20
MEM-2025-LOT7,M05,-20,-16,1,10
MEM-2025-LOT7,M05,-19,-16,1,10
MEM-2025-LOT7,M05,-18,-16,1,10
MEM-2025-LOT7,M05,-17,-16,1,10
MEM-2025-LOT7,M05,-16,-16,1,10
MEM-2025-LOT7,M05,-15,-16,1,10
MEM-2025-LOT7,M05,-14,-16,1,10
MEM-2025-LOT7,M05,-13,-16,1,10
MEM-2025-LOT7,M05,-12,-16,1,10
MEM-2025-LOT7,M05,-11,-16,1,10
MEM-2025-LOT7,M05,-10,-16,1,10
MEM-2025-LOT7,M05,-9,-16,1,10
MEM-2025-LOT7,M05,-8,-16,1,10
MEM-2025-LOT7,M05,-7,-16,1,10
MEM-2025-LOT7,M05,-6,-16,1,10
MEM-2025-LOT7,M05,-5,-16,1,10
MEM-2025-LOT7,M05,-4,-16,1,10
MEM-2025-LOT7,M05,-3,-16,1,10
MEM-2025-LOT7,M05,-2,-16,1,10
MEM-2025-LOT7,M05,-1,-16,1,10
MEM-2025-LOT7,M05,0,-16,1,10
MEM-2025-LOT7,M05,1,-16,1,10
MEM-2025-LOT7,M05,2,-16,1,10
MEM-2025-LOT7,M05,3,-16,1,10
MEM-2025-LOT7,M05,4,-16,1,10
MEM-2025-LOT7,M05,5,-16,1,10
MEM-2025-LOT7,M05,6,-16,1,10
MEM-2025-LOT7,M05,7,-16,1,10
MEM-2025-LOT7,M05,8,-16,1,10
MEM-2025-LOT7,M05,9,-16,1,10
MEM-2025-LOT7,M05,10,-16,3,20
MEM-2025-LOT7,M05,11,-16,1,10
MEM-2025-LOT7,M05,12,-16,1,10
MEM-2025-LOT7,M05,13,-16,1,10
MEM-2025-LOT7,M05,14,-16,1,10
MEM-2025-LOT7,M05,15,-16,1,10
MEM-2025-LOT7,M05,16,-16,1,10
MEM-2025-LOT7,M05,17,-16,1,10
MEM-2025-LOT7,M05,18,-16,1,10
MEM-2025-LOT7,M05,19,-16,1,10
MEM-2025-LOT7,M05,20,-16,1,10
MEM-2025-LOT7,M05,21,-16,1,10
MEM-2025-LOT7,M05,22,-16,4,20
MEM-2025-LOT7,M05,23,-16,1,10
MEM-2025-LOT7,M05,24,-16,1,10
MEM-2025-LOT7,M05,25,-16,2,31
MEM-2025-LOT7,M05,26,-16,3,22
MEM-2025-LOT7,M05,27,-16,1,10
MEM-2025-LOT7,M05,28,-16,1,10
MEM-2025-LOT7,M05,29,-16,1,10
MEM-2025-LOT7,M05,30,-16,1,10
MEM-2025-LOT7,M05,-30,-15,2,20
MEM-2025-LOT7,M05,-29,-15,1,10
MEM-2025-LOT7,M05,-28,-15,3,22
MEM-2025-LOT7,M05,-27,-15,2,30
MEM-2025-LOT7,M05,-26,-15,2,22
MEM-2025-LOT7,M05,-25,-15,1,10
MEM-2025-LOT7,M05,-24,-15,1,10
MEM-2025-LOT7,M05,-23,-15,1,10
MEM-2025-LOT7,M05,-22,-15,1,10
MEM-2025-LOT7,M05,-21,-15,1,10
MEM-2025-LOT7,M05,-20,-15,1,10
MEM-2025-LOT7,M05,-19,-15,1,10
MEM-2025-LOT7,M05,-18,-15,1,10
MEM-2025-LOT7,M05,-17,-15,1,10
MEM-2025-LOT7,M05,-16,-15,1,10
MEM-2025-LOT7,M05,-15,-15,1,10
MEM-2025-LOT7,M05,-14,-15,1,10
MEM-2025-LOT7,M05,-13,-15,1,10
MEM-2025-LOT7,M05,-12,-15,1,10
MEM-2025-LOT7,M05,-11,-15,1,10
MEM-2025-LOT7,M05,-10,-15,1,10
MEM-2025-LOT7,M05,-9,-15,1,10
MEM-2025-LOT7,M05,-8,-15,1,10
MEM-2025-LOT7,M05,-7,-15,1,10
MEM-2025-LOT7,M05,-6,-15,1,10
MEM-2025-LOT7,M05,-5,-15,1,10
MEM-2025-LOT7,M05,-4,-15,1,10
MEM-2025-LOT7,M05,-3,-15,1,10
MEM-2025-LOT7,M05,-2,-15,1,10
MEM-2025-LOT7,M05,-1,-15,1,10
MEM-2025-LOT7,M05,0,-15,1,10
MEM-2025-LOT7,M05,1,-15,1,10
MEM-2025-LOT7,M05,2,-15,1,10
MEM-2025-LOT7,M05,3,-15,1,10
MEM-2025-LOT7,M05,4,-15,1,10
MEM-2025-LOT7,M05,5,-15,1,10
MEM-2025-LOT7,M05,6,-15,1,10
MEM-2025-LOT7,M05,7,-15,1,10
MEM-2025-LOT7,M05,8,-15,1,10
MEM-2025-LOT7,M05,9,-15,1,10
MEM-2025-LOT7,M05,10,-15,1,10
MEM-2025-LOT7,M05,11,-15,1,10
MEM-2025-LOT7,M05,12,-15,1,10
MEM-2025-LOT7,M05,13,-15,1,10
MEM-2025-LOT7,M05,14,-15,1,10
MEM-2025-LOT7,M05,15,-15,1,10
MEM-2025-LOT7,M05,16,-15,1,10
MEM-2025-LOT7,M05,17,-15,1,10
MEM-2025-LOT7,M05,18,-15,1,10
MEM-2025-LOT7,M05,19,-15,1,10
MEM-2025-LOT7,M05,20,-15,1,10
MEM-2025-LOT7,M05,21,-15,1,10
MEM-2025-LOT7,M05,22,-15,1,10
MEM-2025-LOT7,M05,23,-15,4,30
MEM-2025-LOT7,M05,24,-15,2,22
MEM-2025-LOT7,M05,25,-15,1,10
MEM-2025-LOT7,M05,26,-15,2,31
MEM-2025-LOT7,M05,27,-15,2,22
MEM-2025-LOT7,M05,28,-15,2,30
MEM-2025-LOT7,M05,29,-15,1,10
MEM-2025-LOT7,M05,30,-15,3,22
MEM-2025-LOT7,M05,-30,-14,4,21
MEM-2025-LOT7,M05,-29,-14,4,31
MEM-2025-LOT7,M05,-28,-14,4,21
MEM-2025-LOT7,M05,-27,-14,1,10
MEM-2025-LOT7,M05,-26,-14,1,10
MEM-2025-LOT7,M05,-25,-14,2,21
MEM-2025-LOT7,M05,-24,-14,1,10
MEM-2025-LOT7,M05,-23,-14,1,10
MEM-2025-LOT7,M05,-22,-14,3,30
MEM-2025-LOT7,M05,-21,-14,1,10
MEM-2025-LOT7,M05,-20,-14,1,10
MEM-2025-LOT7,M05,-19,-14,1,10
MEM-2025-LOT7,M05,-18,-14,1,10
MEM-2025-LOT7,M05,-17,-14,1,10
MEM-2025-LOT7,M05,-16,-14,1,10
MEM-2025-LOT7,M05,-15,-14,1,10
MEM-2025-LOT7,M05,-14,-14,1,10
MEM-2025-LOT7,M05,-13,-14,1,10
MEM-2025-LOT7,M05,-12,-14,1,10
MEM-2025-LOT7,M05,-11,-14,1,10
MEM-2025-LOT7,M05,-10,-14,1,10
MEM-2025-LOT7,M05,-9,-14,1,10
MEM-2025-LOT7,M05,-8,-14,1,10
MEM-2025-LOT7,M05,-7,-14,1,10
MEM-2025-LOT7,M05,-6,-14,1,10
MEM-2025-LOT7,M05,-5,-14,1,10
MEM-2025-LOT7,M05,-4,-14,1,10
MEM-2025-LOT7,M05,-3,-14,1,10
MEM-2025-LOT7,M05,-2,-14,1,10
MEM-2025-LOT7,M05,-1,-14,1,10
MEM-2025-LOT7,M05,0,-14,1,10
MEM-2025-LOT7,M05,1,-14,1,10
MEM-2025-LOT7,M05,2,-14,1,10
MEM-2025-LOT7,M05,3,-14,1,10
MEM-2025-LOT7,M05,4,-14,1,10
MEM-2025-LOT7,M05,5,-14,1,10
MEM-2025-LOT7,M05,6,-14,1,10
MEM-2025-LOT7,M05,7,-14,1,10
MEM-2025-LOT7,M05,8,-14,1,10
MEM-2025-LOT7,M05,9,-14,1,10
MEM-2025-LOT7,M05,10,-14,1,10
MEM-2025-LOT7,M05,11,-14,1,10
MEM-2025-LOT7,M05,12,-14,1,10
MEM-2025-LOT7,M05,13,-14,2,20
MEM-2025-LOT7,M05,14,-14,1,10
MEM-2025-LOT7,M05,15,-14,1,10
MEM-2025-LOT7,M05,16,-14,1,10
MEM-2025-LOT7,M05,17,-14,1,10
MEM-2025-LOT7,M05,18,-14,1,10
MEM-2025-LOT7,M05,19,-14,1,10
MEM-2025-LOT7,M05,20,-14,1,10
MEM-2025-LOT7,M05,21,-14,1,10
MEM-2025-LOT7,M05,22,-14,3,31
MEM-2025-LOT7,M05,23,-14,1,10
MEM-2025-LOT7,M05,24,-14,1,10
MEM-2025-LOT7,M05,25,-14,1,10
MEM-2025-LOT7,M05,26,-14,1,10
MEM-2025-LOT7,M05,27,-14,2,22
MEM-2025-LOT7,M05,28,-14,1,10
MEM-2025-LOT7,M05,29,-14,2,21
MEM-2025-LOT7,M05,30,-14,1,10
MEM-2025-LOT7,M05,-31,-13,2,22
MEM-2025-LOT7,M05,-30,-13,3,22
MEM-2025-LOT7,M05,-29,-13,1,10
MEM-2025-LOT7,M05,-28,-13,1,10
MEM-2025-LOT7,M05,-27,-13,3,30
MEM-2025-LOT7,M05,-26,-13,1,10
MEM-2025-LOT7,M05,-25,-13,4,31
MEM-2025-LOT7,M05,-24,-13,1,10
MEM-2025-LOT7,M05,-23,-13,4,20
MEM-2025-LOT7,M05,-22,-13,1,10
MEM-2025-LOT7,M05,-21,-13,1,10
MEM-2025-LOT7,M05,-20,-13,1,10
MEM-2025-LOT7,M05,-19,-13,1,10
MEM-2025-LOT7,M05,-18,-13,1,10
MEM-2025-LOT7,M05,-17,-13,1,10
MEM-2025-LOT7,M05,-16,-13,1,10
MEM-2025-LOT7,M05,-15,-13,1,10
MEM-2025-LOT7,M05,-14,-13,1,10
MEM-2025-LOT7,M05,-13,-13,1,10
MEM-2025-LOT7,M05,-12,-13,1,10
MEM-2025-LOT7,M05,-11,-13,1,10
MEM-2025-LOT7,M05,-10,-13,1,10
MEM-2025-LOT7,M05,-9,-13,1,10
MEM-2025-LOT7,M05,-8,-13,1,10
MEM-2025-LOT7,M05,-7,-13,1,10
MEM-2025-LOT7,M05,-6,-13,1,10
MEM-2025-LOT7,M05,-5,-13,1,10
MEM-2025-LOT7,M05,-4,-13,1,10
MEM-2025-LOT7,M05,-3,-13,1,10
MEM-2025-LOT7,M05,-2,-13,1,10
MEM-2025-LOT7,M05,-1,-13,1,10
MEM-2025-LOT7,M05,0,-13,1,10
MEM-2025-LOT7,M05,1,-13,1,10
MEM-2025-LOT7,M05,2,-13,1,10
MEM-2025-LOT7,M05,3,-13,1,10
MEM-2025-LOT7,M05,4,-13,1,10
MEM-2025-LOT7,M05,5,-13,1,10
MEM-2025-LOT7,M05,6,-13,1,10
MEM-2025-LOT7,M05,7,-13,1,10
MEM-2025-LOT7,M05,8,-13,1,10
MEM-2025-LOT7,M05,9,-13,1,10
MEM-2025-LOT7,M05,10,-13,1,10
MEM-2025-LOT7,M05,11,-13,1,10
MEM-2025-LOT7,M05,12,-13,1,10
MEM-2025-LOT7,M05,13,-13,1,10
MEM-2025-LOT7,M05,14,-13,1,10
MEM-2025-LOT7,M05,15,-13,1,10
MEM-2025-LOT7,M05,16,-13,1,10
MEM-2025-LOT7,M05,17,-13,1,10
MEM-2025-LOT7,M05,18,-13,1,10
MEM-2025-LOT7,M05,19,-13,1,10
MEM-2025-LOT7,M05,20,-13,1,10
MEM-2025-LOT7,M05,21,-13,1,10
MEM-2025-LOT7,M05,22,-13,2,20
MEM-2025-LOT7,M05,23,-13,2,31
MEM-2025-LOT7,M05,24,-13,1,10
MEM-2025-LOT7,M05,25,-13,1,10
MEM-2025-LOT7,M05,26,-13,3,20
MEM-2025-LOT7,M05,27,-13,3,22
MEM-2025-LOT7,M05,28,-13,2,31
MEM-2025-LOT7,M05,29,-13,2,22
MEM-2025-LOT7,M05,30,-13,2,30
MEM-2025-LOT7,M05,31,-13,1,10
MEM-2025-LOT7,M05,-31,-12,1,10
MEM-2025-LOT7,M05,-30,-12,1,10
MEM-2025-LOT7,M05,-29,-12,1,10
MEM-2025-LOT7,M05,-28,-12,1,10
MEM-2025-LOT7,M05,-27,-12,1,10
MEM-2025-LOT7,M05,-26,-12,3,21
MEM-2025-LOT7,M05,-25,-12,4,30
MEM-2025-LOT7,M05,-24,-12,1,10
MEM-2025-LOT7,M05,-23,-12,2,20
MEM-2025-LOT7,M05,-22,-12,2,31
MEM-2025-LOT7,M05,-21,-12,1,10
MEM-2025-LOT7,M05,-20,-12,1,10
MEM-2025-LOT7,M05,-19,-12,1,10
MEM-2025-LOT7,M05,-18,-12,1,10
MEM-2025-LOT7,M05,-17,-12,1,10
MEM-2025-LOT7,M05,-16,-12,1,10
MEM-2025-LOT7,M05,-15,-12,1,10
MEM-2025-LOT7,M05,-14,-12,1,10
MEM-2025-LOT7,M05,-13,-12,1,10
MEM-2025-LOT7,M05,-12,-12,1,10
MEM-2025-LOT7,M05,-11,-12,1,10
MEM-2025-LOT7,M05,-10,-12,1,10
MEM-2025-LOT7,M05,-9,-12,1,10
MEM-2025-LOT7,M05,-8,-12,1,10
MEM-2025-LOT7,M05,-7,-12,1,10
MEM-2025-LOT7,M05,-6,-12,1,10
MEM-2025-LOT7,M05,-5,-12,1,10
MEM-2025-LOT7,M05,-4,-12,1,10
MEM-2025-LOT7,M05,-3,-12,1,10
MEM-2025-LOT7,M05,-2,-12,1,10
MEM-2025-LOT7,M05,-1,-12,1,10
MEM-2025-LOT7,M05,0,-12,1,10
MEM-2025-LOT7,M05,1,-12,1,10
MEM-2025-LOT7,M05,2,-12,1,10
MEM-2025-LOT7,M05,3,-12,1,10
MEM-2025-LOT7,M05,4,-12,1,10
MEM-2025-LOT7,M05,5,-12,1,10
MEM-2025-LOT7,M05,6,-12,1,10
MEM-2025-LOT7,M05,7,-12,1,10
MEM-2025-LOT7,M05,8,-12,1,10
MEM-2025-LOT7,M05,9,-12,1,10
MEM-2025-LOT7,M05,10,-12,1,10
MEM-2025-LOT7,M05,11,-12,3,21
MEM-2025-LOT7,M05,12,-12,1,10
MEM-2025-LOT7,M05,13,-12,1,10
MEM-2025-LOT7,M05,14,-12,1,10
MEM-2025-LOT7,M05,15,-12,1,10
MEM-2025-LOT7,M05,16,-12,1,10
MEM-2025-LOT7,M05,17,-12,1,10
MEM-2025-LOT7,M05,18,-12,1,10
MEM-2025-LOT7,M05,19,-12,1,10
MEM-2025-LOT7,M05,20,-12,1,10
MEM-2025-LOT7,M05,21,-12,2,22
MEM-2025-LOT7,M05,22,-12,1,10
MEM-2025-LOT7,M05,23,-12,1,10
MEM-2025-LOT7,M05,24,-12,4,22
MEM-2025-LOT7,M05,25,-12,2,20
MEM-2025-LOT7,M05,26,-12,1,10
MEM-2025-LOT7,M05,27,-12,2,30
MEM-2025-LOT7,M05,28,-12,2,30
MEM-2025-LOT7,M05,29,-12,1,10
MEM-2025-LOT7,M05,30,-12,1,10
MEM-2025-LOT7,M05,31,-12,2,31
MEM-2025-LOT7,M05,-31,-11,1,10
MEM-2025-LOT7,M05,-30,-11,1,10
MEM-2025-LOT7,M05,-29,-11,4,22
MEM-2025-LOT7,M05,-28,-11,1,10
MEM-2025-LOT7,M05,-27,-11,3,30
MEM-2025-LOT7,M05,-26,-11,2,20
MEM-2025-LOT7,M05,-25,-11,2,31
MEM-2025-LOT7,M05,-24,-11,1,10
MEM-2025-LOT7,M05,-23,-11,2,22
MEM-2025-LOT7,M05,-22,-11,1,10
MEM-2025-LOT7,M05,-21,-11,1,10
MEM-2025-LOT7,M05,-20,-11,1,10
MEM-2025-LOT7,M05,-19,-11,1,10
MEM-2025-LOT7,M05,-18,-11,1,10
MEM-2025-LOT7,M05,-17,-11,1,10
MEM-2025-LOT7,M05,-16,-11,1,10
MEM-2025-LOT7,M05,-15,-11,1,10
MEM-2025-LOT7,M05,-14,-11,1,10
MEM-2025-LOT7,M05,-13,-11,1,10
MEM-2025-LOT7,M05,-12,-11,1,10
MEM-2025-LOT7,M05,-11,-11,1,10
MEM-2025-LOT7,M05,-10,-11,1,10
MEM-2025-LOT7,M05,-9,-11,1,10
MEM-2025-LOT7,M05,-8,-11,1,10
MEM-2025-LOT7,M05,-7,-11,1,10
MEM-2025-LOT7,M05,-6,-11,1,10
MEM-2025-LOT7,M05,-5,-11,1,10
MEM-2025-LOT7,M05,-4,-11,1,10
MEM-2025-LOT7,M05,-3,-11,1,10
MEM-2025-LOT7,M05,-2,-11,1,10
MEM-2025-LOT7,M05,-1,-11,1,10
MEM-2025-LOT7,M05,0,-11,1,10
MEM-2025-LOT7,M05,1,-11,1,10
MEM-2025-LOT7,M05,2,-11,2,30
MEM-2025-LOT7,M05,3,-11,1,10
MEM-2025-LOT7,M05,4,-11,1,10
MEM-2025-LOT7,M05,5,-11,1,10
MEM-2025-LOT7,M05,6,-11,1,10
MEM-2025-LOT7,M05,7,-11,1,10
MEM-2025-LOT7,M05,8,-11,2,30
MEM-2025-LOT7,M05,9,-11,1,10
MEM-2025-LOT7,M05,10,-11,1,10
MEM-2025-LOT7,M05,11,-11,1,10
MEM-2025-LOT7,M05,12,-11,1,10
MEM-2025-LOT7,M05,13,-11,3,31
MEM-2025-LOT7,M05,14,-11,1,10
MEM-2025-LOT7,M05,15,-11,1,10
MEM-2025-LOT7,M05,16,-11,1,10
MEM-2025-LOT7,M05,17,-11,1,10
MEM-2025-LOT7,M05,18,-11,1,10
MEM-2025-LOT7,M05,19,-11,1,10
MEM-2025-LOT7,M05,20,-11,1,10
MEM-2025-LOT7,M05,21,-11,1,10
MEM-2025-LOT7,M05,22,-11,1,10
MEM-2025-LOT7,M05,23,-11,2,21
MEM-2025-LOT7,M05,24,-11,3,22
MEM-2025-LOT7,M05,25,-11,1,10
MEM-2025-LOT7,M05,26,-11,4,31
MEM-2025-LOT7,M05,27,-11,2,20
MEM-2025-LOT7,M05,28,-11,2,20
MEM-2025-LOT7,M05,29,-11,3,31
MEM-2025-LOT7,M05,30,-11,1,10
MEM-2025-LOT7,M05,31,-11,1,10
MEM-2025-LOT7,M05,-31,-10,2,22
MEM-2025-LOT7,M05,-30,-10,1,10
MEM-2025-LOT7,M05,-29,-10,2,30
MEM-2025-LOT7,M05,-28,-10,1,10
MEM-2025-LOT7,M05,-27,-10,2,22
MEM-2025-LOT7,M05,-26,-10,3,21
MEM-2025-LOT7,M05,-25,-10,3,30
MEM-2025-LOT7,M05,-24,-10,1,10
MEM-2025-LOT7,M05,-23,-10,1,10
MEM-2025-LOT7,M05,-22,-10,1,10
MEM-2025-LOT7,M05,-21,-10,1,10
MEM-2025-LOT7,M05,-20,-10,1,10
MEM-2025-LOT7,M05,-19,-10,1,10
MEM-2025-LOT7,M05,-18,-10,1,10
MEM-2025-LOT7,M05,-17,-10,1,10
MEM-2025-LOT7,M05,-16,-10,1,10
MEM-2025-LOT7,M05,-15,-10,1,10
MEM-2025-LOT7,M05,-14,-10,1,10
MEM-2025-LOT7,M05,-13,-10,1,10
MEM-2025-LOT7,M05,-12,-10,1,10
MEM-2025-LOT7,M05,-11,-10,1,10
MEM-2025-LOT7,M05,-10,-10,1,10
MEM-2025-LOT7,M05,-9,-10,1,10
MEM-2025-LOT7,M05,-8,-10,1,10
MEM-2025-LOT7,M05,-7,-10,1,10
MEM-2025-LOT7,M05,-6,-10,1,10
MEM-2025-LOT7,M05,-5,-10,1,10
MEM-2025-LOT7,M05,-4,-10,1,10
MEM-2025-LOT7,M05,-3,-10,1,10
MEM-2025-LOT7,M05,-2,-10,1,10
MEM-2025-LOT7,M05,-1,-10,1,10
MEM-2025-LOT7,M05,0,-10,1,10
MEM-2025-LOT7,M05,1,-10,1,10
MEM-2025-LOT7,M05,2,-10,1,10
MEM-2025-LOT7,M05,3,-10,1,10
MEM-2025-LOT7,M05,4,-10,1,10
MEM-2025-LOT7,M05,5,-10,1,10
MEM-2025-LOT7,M05,6,-10,1,10
MEM-2025-LOT7,M05,7,-10,1,10
MEM-2025-LOT7,M05,8,-10,1,10
MEM-2025-LOT7,M05,9,-10,4,31
MEM-2025-LOT7,M05,10,-10,1,10
MEM-2025-LOT7,M05,11,-10,1,10
MEM-2025-LOT7,M05,12,-10,1,10
MEM-2025-LOT7,M05,13,-10,1,10
MEM-2025-LOT7,M05,14,-10,1,10
MEM-2025-LOT7,M05,15,-10,1,10
MEM-2025-LOT7,M05,16,-10,1,10
MEM-2025-LOT7,M05,17,-10,1,10
MEM-2025-LOT7,M05,18,-10,1,10
MEM-2025-LOT7,M05,19,-10,1,10
MEM-2025-LOT7,M05,20,-10,2,31
MEM-2025-LOT7,M05,21,-10,1,10
MEM-2025-LOT7,M05,22,-10,1,10
MEM-2025-LOT7,M05,23,-10,2,21
MEM-2025-LOT7,M05,24,-10,3,22
MEM-2025-LOT7,M05,25,-10,1,10
MEM-2025-LOT7,M05,26,-10,2,31
MEM-2025-LOT7,M05,27,-10,3,21
MEM-2025-LOT7,M05,28,-10,1,10
MEM-2025-LOT7,M05,29,-10,3,20
MEM-2025-LOT7,M05,30,-10,1,10
MEM-2025-LOT7,M05,31,-10,3,21
MEM-2025-LOT7,M05,-31,-9,2,31
MEM-2025-LOT7,M05,-30,-9,3,22
MEM-2025-LOT7,M05,-29,-9,3,21
MEM-2025-LOT7,M05,-28,-9,1,10
MEM-2025-LOT7,M05,-27,-9,1,10
MEM-2025-LOT7,M05,-26,-9,4,21
MEM-2025-LOT7,M05,-25,-9,4,20
MEM-2025-LOT7,M05,-24,-9,1,10
MEM-2025-LOT7,M05,-23,-9,3,30
MEM-2025-LOT7,M05,-22,-9,1,10
MEM-2025-LOT7,M05,-21,-9,1,10
MEM-2025-LOT7,M05,-20,-9,1,10
MEM-2025-LOT7,M05,-19,-9,1,10
MEM-2025-LOT7,M05,-18,-9,1,10
MEM-2025-LOT7,M05,-17,-9,1,10
MEM-2025-LOT7,M05,-16,-9,1,10
MEM-2025-LOT7,M05,-15,-9,1,10
MEM-2025-LOT7,M05,-14,-9,1,10
MEM-2025-LOT7,M05,-13,-9,1,10
MEM-2025-LOT7,M05,-12,-9,1,10
MEM-2025-LOT7,M05,-11,-9,1,10
MEM-2025-LOT7,M05,-10,-9,1,10
MEM-2025-LOT7,M05,-9,-9,1,10
MEM-2025-LOT7,M05,-8,-9,1,10
MEM-2025-LOT7,M05,-7,-9,1,10
MEM-2025-LOT7,M05,-6,-9,1,10
MEM-2025-LOT7,M05,-5,-9,1,10
MEM-2025-LOT7,M05,-4,-9,1,10
MEM-2025-LOT7,M05,-3,-9,1,10
MEM-2025-LOT7,M05,-2,-9,1,10
MEM-2025-LOT7,M05,-1,-9,1,10
MEM-2025-LOT7,M05,0,-9,1,10
MEM-2025-LOT7,M05,1,-9,1,10
MEM-2025-LOT7,M05,2,-9,1,10
MEM-2025-LOT7,M05,3,-9,1,10
MEM-2025-LOT7,M05,4,-9,1,10
MEM-2025-LOT7,M05,5,-9,1,10
MEM-2025-LOT7,M05,6,-9,1,10
MEM-2025-LOT7,M05,7,-9,1,10
MEM-2025-LOT7,M05,8,-9,1,10
MEM-2025-LOT7,M05,9,-9,2,22
MEM-2025-LOT7,M05,10,-9,1,10
MEM-2025-LOT7,M05,11,-9,1,10
MEM-2025-LOT7,M05,12,-9,1,10
MEM-2025-LOT7,M05,13,-9,2,20
MEM-2025-LOT7,M05,14,-9,1,10
MEM-2025-LOT7,M05,15,-9,1,10
MEM-2025-LOT7,M05,16,-9,1,10
MEM-2025-LOT7,M05,17,-9,1,10
MEM-2025-LOT7,M05,18,-9,1,10
MEM-2025-LOT7,M05,19,-9,1,10
MEM-2025-LOT7,M05,20,-9,1,10
MEM-2025-LOT7,M05,21,-9,1,10
MEM-2025-LOT7,M05,22,-9,1,10
MEM-2025-LOT7,M05,23,-9,1,10
MEM-2025-LOT7,M05,24,-9,1,10
MEM-2025-LOT7,M05,25,-9,1,10
MEM-2025-LOT7,M05,26,-9,2,22
MEM-2025-LOT7,M05,27,-9,1,10
MEM-2025-LOT7,M05,28,-9,1,10
MEM-2025-LOT7,M05,29,-9,1,10
MEM-2025-LOT7,M05,30,-9,1,10
MEM-2025-LOT7,M05,31,-9,2,21
MEM-2025-LOT7,M05,-31,-8,1,10
MEM-2025-LOT7,M05,-30,-8,1,10
MEM-2025-LOT7,M05,-29,-8,2,30
MEM-2025-LOT7,M05,-28,-8,1,10
MEM-2025-LOT7,M05,-27,-8,1,10
MEM-2025-LOT7,M05,-26,-8,1,10
MEM-2025-LOT7,M05,-25,-8,1,10
MEM-2025-LOT7,M05,-24,-8,1,10
MEM-2025-LOT7,M05,-23,-8,2,31
MEM-2025-LOT7,M05,-22,-8,1,10
MEM-2025-LOT7,M05,-21,-8,1,10
MEM-2025-LOT7,M05,-20,-8,1,10
MEM-2025-LOT7,M05,-19,-8,1,10
MEM-2025-LOT7,M05,-18,-8,1,10
MEM-2025-LOT7,M05,-17,-8,1,10
MEM-2025-LOT7,M05,-16,-8,1,10
MEM-2025-LOT7,M05,-15,-8,1,10
MEM-2025-LOT7,M05,-14,-8,1,10
MEM-2025-LOT7,M05,-13,-8,1,10
MEM-2025-LOT7,M05,-12,-8,1,10
MEM-2025-LOT7,M05,-11,-8,1,10
MEM-2025-LOT7,M05,-10,-8,1,10
MEM-2025-LOT7,M05,-9,-8,1,10
MEM-2025-LOT7,M05,-8,-8,1,10
MEM-2025-LOT7,M05,-7,-8,1,10
MEM-2025-LOT7,M05,-6,-8,1,10
MEM-2025-LOT7,M05,-5,-8,1,10
MEM-2025-LOT7,M05,-4,-8,1,10
MEM-2025-LOT7,M05,-3,-8,1,10
MEM-2025-LOT7,M05,-2,-8,1,10
MEM-2025-LOT7,M05,-1,-8,1,10
MEM-2025-LOT7,M05,0,-8,1,10
MEM-2025-LOT7,M05,1,-8,1,10
MEM-2025-LOT7,M05,2,-8,1,10
MEM-2025-LOT7,M05,3,-8,1,10
MEM-2025-LOT7,M05,4,-8,1,10
MEM-2025-LOT7,M05,5,-8,1,10
MEM-2025-LOT7,M05,6,-8,1,10
MEM-2025-LOT7,M05,7,-8,1,10
MEM-2025-LOT7,M05,8,-8,1,10
MEM-2025-LOT7,M05,9,-8,1,10
MEM-2025-LOT7,M05,10,-8,1,10
MEM-2025-LOT7,M05,11,-8,1,10
MEM-2025-LOT7,M05,12,-8,1,10
MEM-2025-LOT7,M05,13,-8,1,10
MEM-2025-LOT7,M05,14,-8,2,20
MEM-2025-LOT7,M05,15,-8,1,10
MEM-2025-LOT7,M05,16,-8,1,10
MEM-2025-LOT7,M05,17,-8,1,10
MEM-2025-LOT7,M05,18,-8,1,10
MEM-2025-LOT7,M05,19,-8,1,10
MEM-2025-LOT7,M05,20,-8,1,10
MEM-2025-LOT7,M05,21,-8,1,10
MEM-2025-LOT7,M05,22,-8,1,10
MEM-2025-LOT7,M05,23,-8,2,22
MEM-2025-LOT7,M05,24,-8,2,30
MEM-2025-LOT7,M05,25,-8,1,10
MEM-2025-LOT7,M05,26,-8,1,10
MEM-2025-LOT7,M05,27,-8,1,10
MEM-2025-LOT7,M05,28,-8,1,10
MEM-2025-LOT7,M05,29,-8,2,30
MEM-2025-LOT7,M05,30,-8,3,30
MEM-2025-LOT7,M05,31,-8,4,21
MEM-2025-LOT7,M05,-31,-7,2,20
MEM-2025-LOT7,M05,-30,-7,1,10
MEM-2025-LOT7,M05,-29,-7,1,10
MEM-2025-LOT7,M05,-28,-7,1,10
MEM-2025-LOT7,M05,-27,-7,2,20
MEM-2025-LOT7,M05,-26,-7,4,20
MEM-2025-LOT7,M05,-25,-7,1,10
MEM-2025-LOT7,M05,-24,-7,3,22
MEM-2025-LOT7,M05,-23,-7,1,10
MEM-2025-LOT7,M05,-22,-7,1,10
MEM-2025-LOT7,M05,-21,-7,1,10
MEM-2025-LOT7,M05,-20,-7,1,10
MEM-2025-LOT7,M05,-19,-7,1,10
MEM-2025-LOT7,M05,-18,-7,1,10
MEM-2025-LOT7,M05,-17,-7,1,10
MEM-2025-LOT7,M05,-16,-7,1,10
MEM-2025-LOT7,M05,-15,-7,1,10
MEM-2025-LOT7,M05,-14,-7,1,10
MEM-2025-LOT7,M05,-13,-7,1,10
MEM-2025-LOT7,M05,-12,-7,1,10
MEM-2025-LOT7,M05,-11,-7,1,10
MEM-2025-LOT7,M05,-10,-7,3,31
MEM-2025-LOT7,M05,-9,-7,1,10
MEM-2025-LOT7,M05,-8,-7,1,10
MEM-2025-LOT7,M05,-7,-7,1,10
MEM-2025-LOT7,M05,-6,-7,2,21
MEM-2025-LOT7,M05,-5,-7,1,10
MEM-2025-LOT7,M05,-4,-7,1,10
MEM-2025-LOT7,M05,-3,-7,1,10
MEM-2025-LOT7,M05,-2,-7,4,31
MEM-2025-LOT7,M05,-1,-7,1,10
MEM-2025-LOT7,M05,0,-7,1,10
MEM-2025-LOT7,M05,1,-7,1,10
MEM-2025-LOT7,M05,2,-7,1,10
MEM-2025-LOT7,M05,3,-7,1,10
MEM-2025-LOT7,M05,4,-7,1,10
MEM-2025-LOT7,M05,5,-7,1,10
MEM-2025-LOT7,M05,6,-7,1,10
MEM-2025-LOT7,M05,7,-7,1,10
MEM-2025-LOT7,M05,8,-7,1,10
MEM-2025-LOT7,M05,9,-7,1,10
MEM-2025-LOT7,M05,10,-7,1,10
MEM-2025-LOT7,M05,11,-7,1,10
MEM-2025-LOT7,M05,12,-7,1,10
MEM-2025-LOT7,M05,13,-7,1,10
MEM-2025-LOT7,M05,14,-7,1,10
MEM-2025-LOT7,M05,15,-7,1,10
MEM-2025-LOT7,M05,16,-7,1,10
MEM-2025-LOT7,M05,17,-7,1,10
MEM-2025-LOT7,M05,18,-7,1,10
MEM-2025-LOT7,M05,19,-7,1,10
MEM-2025-LOT7,M05,20,-7,2,20
MEM-2025-LOT7,M05,21,-7,1,10
MEM-2025-LOT7,M05,22,-7,1,10
MEM-2025-LOT7,M05,23,-7,1,10
MEM-2025-LOT7,M05,24,-7,1,10
MEM-2025-LOT7,M05,25,-7,1,10
MEM-2025-LOT7,M05,26,-7,3,22
MEM-2025-LOT7,M05,27,-7,1,10
MEM-2025-LOT7,M05,28,-7,4,30
MEM-2025-LOT7,M05,29,-7,1,10
MEM-2025-LOT7,M05,30,-7,1,10
MEM-2025-LOT7,M05,31,-7,1,10
MEM-2025-LOT7,M05,-32,-6,2,21
MEM-2025-LOT7,M05,-31,-6,1,10
MEM-2025-LOT7,M05,-30,-6,1,10
MEM-2025-LOT7,M05,-29,-6,2,22
MEM-2025-LOT7,M05,-28,-6,1,10
MEM-2025-LOT7,M05,-27,-6,1,10
MEM-2025-LOT7,M05,-26,-6,3,31
MEM-2025-LOT7,M05,-25,-6,1,10
MEM-2025-LOT7,M05,-24,-6,4,20
MEM-2025-LOT7,M05,-23,-6,1,10
MEM-2025-LOT7,M05,-22,-6,1,10
MEM-2025-LOT7,M05,-21,-6,2,30
MEM-2025-LOT7,M05,-20,-6,1,10
MEM-2025-LOT7,M05,-19,-6,3,20
MEM-2025-LOT7,M05,-18,-6,1,10
MEM-2025-LOT7,M05,-17,-6,1,10
MEM-2025-LOT7,M05,-16,-6,1,10
MEM-2025-LOT7,M05,-15,-6,1,10
MEM-2025-LOT7,M05,-14,-6,1,10
MEM-2025-LOT7,M05,-13,-6,1,10
MEM-2025-LOT7,M05,-12,-6,1,10
MEM-2025-LOT7,M05,-11,-6,1,10
MEM-2025-LOT7,M05,-10,-6,1,10
MEM-2025-LOT7,M05,-9,-6,1,10
MEM-2025-LOT7,M05,-8,-6,1,10
MEM-2025-LOT7,M05,-7,-6,1,10
MEM-2025-LOT7,M05,-6,-6,1,10
MEM-2025-LOT7,M05,-5,-6,1,10
MEM-2025-LOT7,M05,-4,-6,1,10
MEM-2025-LOT7,M05,-3,-6,1,10
MEM-2025-LOT7,M05,-2,-6,1,10
MEM-2025-LOT7,M05,-1,-6,1,10
MEM-2025-LOT7,M05,0,-6,1,10
MEM-2025-LOT7,M05,1,-6,1,10
MEM-2025-LOT7,M05,2,-6,1,10
MEM-2025-LOT7,M05,3,-6,1,10
MEM-2025-LOT7,M05,4,-6,1,10
MEM-2025-LOT7,M05,5,-6,1,10
MEM-2025-LOT7,M05,6,-6,1,10
MEM-2025-LOT7,M05,7,-6,1,10
MEM-2025-LOT7,M05,8,-6,1,10
MEM-2025-LOT7,M05,9,-6,1,10
MEM-2025-LOT7,M05,10,-6,1,10
MEM-2025-LOT7,M05,11,-6,1,10
MEM-2025-LOT7,M05,12,-6,1,10
MEM-2025-LOT7,M05,13,-6,1,10
MEM-2025-LOT7,M05,14,-6,1,10
MEM-2025-LOT7,M05,15,-6,1,10
MEM-2025-LOT7,M05,16,-6,1,10
MEM-2025-LOT7,M05,17,-6,1,10
MEM-2025-LOT7,M05,18,-6,1,10
MEM-2025-LOT7,M05,19,-6,1,10
MEM-2025-LOT7,M05,20,-6,1,10
MEM-2025-LOT7,M05,21,-6,1,10
MEM-2025-LOT7,M05,22,-6,1,10
MEM-2025-LOT7,M05,23,-6,3,21
MEM-2025-LOT7,M05,24,-6,4,30
MEM-2025-LOT7,M05,25,-6,1,10
MEM-2025-LOT7,M05,26,-6,4,21
MEM-2025-LOT7,M05,27,-6,1,10
MEM-2025-LOT7,M05,28,-6,4,21
MEM-2025-LOT7,M05,29,-6,2,22
MEM-2025-LOT7,M05,30,-6,4,20
MEM-2025-LOT7,M05,31,-6,2,21
MEM-2025-LOT7,M05,32,-6,1,10
MEM-2025-LOT7,M05,-32,-5,2,20
MEM-2025-LOT7,M05,-31,-5,1,10
MEM-2025-LOT7,M05,-30,-5,4,22
MEM-2025-LOT7,M05,-29,-5,1,10
MEM-2025-LOT7,M05,-28,-5,2,31
MEM-2025-LOT7,M05,-27,-5,3,31
MEM-2025-LOT7,M05,-26,-5,2,30
MEM-2025-LOT7,M05,-25,-5,1,10
MEM-2025-LOT7,M05,-24,-5,4,30
MEM-2025-LOT7,M05,-23,-5,1,10
MEM-2025-LOT7,M05,-22,-5,1,10
MEM-2025-LOT7,M05,-21,-5,1,10
MEM-2025-LOT7,M05,-20,-5,1,10
MEM-2025-LOT7,M05,-19,-5,1,10
MEM-2025-LOT7,M05,-18,-5,1,10
MEM-2025-LOT7,M05,-17,-5,1,10
MEM-2025-LOT7,M05,-16,-5,3,21
MEM-2025-LOT7,M05,-15,-5,1,10
MEM-2025-LOT7,M05,-14,-5,1,10
MEM-2025-LOT7,M05,-13,-5,1,10
MEM-2025-LOT7,M05,-12,-5,2,21
MEM-2025-LOT7,M05,-11,-5,1,10
MEM-2025-LOT7,M05,-10,-5,1,10
MEM-2025-LOT7,M05,-9,-5,1,10
MEM-2025-LOT7,M05,-8,-5,1,10
MEM-2025-LOT7,M05,-7,-5,1,10
MEM-2025-LOT7,M05,-6,-5,1,10
MEM-2025-LOT7,M05,-5,-5,1,10
MEM-2025-LOT7,M05,-4,-5,1,10
MEM-2025-LOT7,M05,-3,-5,1,10
MEM-2025-LOT7,M05,-2,-5,1,10
MEM-2025-LOT7,M05,-1,-5,1,10
MEM-2025-LOT7,M05,0,-5,1,10
MEM-2025-LOT7,M05,1,-5,1,10
MEM-2025-LOT7,M05,2,-5,1,10
MEM-2025-LOT7,M05,3,-5,1,10
MEM-2025-LOT7,M05,4,-5,1,10
MEM-2025-LOT7,M05,5,-5,1,10
MEM-2025-LOT7,M05,6,-5,1,10
MEM-2025-LOT7,M05,7,-5,1,10
MEM-2025-LOT7,M05,8,-5,1,10
MEM-2025-LOT7,M05,9,-5,1,10
MEM-2025-LOT7,M05,10,-5,1,10
MEM-2025-LOT7,M05,11,-5,1,10
MEM-2025-LOT7,M05,12,-5,1,10
MEM-2025-LOT7,M05,13,-5,1,10
MEM-2025-LOT7,M05,14,-5,1,10
MEM-2025-LOT7,M05,15,-5,1,10
MEM-2025-LOT7,M05,16,-5,1,10
MEM-2025-LOT7,M05,17,-5,1,10
MEM-2025-LOT7,M05,18,-5,1,10
MEM-2025-LOT7,M05,19,-5,2,20
MEM-2025-LOT7,M05,20,-5,1,10
MEM-2025-LOT7,M05,21,-5,1,10
MEM-2025-LOT7,M05,22,-5,1,10
MEM-2025-LOT7,M05,23,-5,1,10
MEM-2025-LOT7,M05,24,-5,1,10
MEM-2025-LOT7,M05,25,-5,2,30
MEM-2025-LOT7,M05,26,-5,1,10
MEM-2025-LOT7,M05,27,-5,1,10
MEM-2025-LOT7,M05,28,-5,1,10
MEM-2025-LOT7,M05,29,-5,1,10
MEM-2025-LOT7,M05,30,-5,1,10
MEM-2025-LOT7,M05,31,-5,2,20
MEM-2025-LOT7,M05,32,-5,1,10
MEM-2025-LOT7,M05,-32,-4,1,10
MEM-2025-LOT7,M05,-31,-4,1,10
MEM-2025-LOT7,M05,-30,-4,1,10
MEM-2025-LOT7,M05,-29,-4,3,21
MEM-2025-LOT7,M05,-28,-4,1,10
MEM-2025-LOT7,M05,-27,-4,2,21
MEM-2025-LOT7,M05,-26,-4,1,10
MEM-2025-LOT7,M05,-25,-4,1,10
MEM-2025-LOT7,M05,-24,-4,4,22
MEM-2025-LOT7,M05,-23,-4,1,10
MEM-2025-LOT7,M05,-22,-4,1,10
MEM-2025-LOT7,M05,-21,-4,1,10
MEM-2025-LOT7,M05,-20,-4,1,10
MEM-2025-LOT7,M05,-19,-4,1,10
MEM-2025-LOT7,M05,-18,-4,1,10
MEM-2025-LOT7,M05,-17,-4,1,10
MEM-2025-LOT7,M05,-16,-4,1,10
MEM-2025-LOT7,M05,-15,-4,1,10
MEM-2025-LOT7,M05,-14,-4,1,10
MEM-2025-LOT7,M05,-13,-4,1,10
MEM-2025-LOT7,M05,-12,-4,1,10
MEM-2025-LOT7,M05,-11,-4,1,10
MEM-2025-LOT7,M05,-10,-4,1,10
MEM-2025-LOT7,M05,-9,-4,1,10
MEM-2025-LOT7,M05,-8,-4,1,10
MEM-2025-LOT7,M05,-7,-4,1,10
MEM-2025-LOT7,M05,-6,-4,1,10
MEM-2025-LOT7,M05,-5,-4,1,10
MEM-2025-LOT7,M05,-4,-4,1,10
MEM-2025-LOT7,M05,-3,-4,1,10
MEM-2025-LOT7,M05,-2,-4,1,10
MEM-2025-LOT7,M05,-1,-4,1,10
MEM-2025-LOT7,M05,0,-4,1,10
MEM-2025-LOT7,M05,1,-4,1,10
MEM-2025-LOT7,M05,2,-4,1,10
MEM-2025-LOT7,M05,3,-4,1,10
MEM-2025-LOT7,M05,4,-4,1,10
MEM-2025-LOT7,M05,5,-4,1,10
MEM-2025-LOT7,M05,6,-4,1,10
MEM-2025-LOT7,M05,7,-4,1,10
MEM-2025-LOT7,M05,8,-4,1,10
MEM-2025-LOT7,M05,9,-4,1,10
MEM-2025-LOT7,M05,10,-4,1,10
MEM-2025-LOT7,M05,11,-4,1,10
MEM-2025-LOT7,M05,12,-4,1,10
MEM-2025-LOT7,M05,13,-4,1,10
MEM-2025-LOT7,M05,14,-4,1,10
MEM-2025-LOT7,M05,15,-4,4,22
MEM-2025-LOT7,M05,16,-4,1,10
MEM-2025-LOT7,M05,17,-4,1,10
MEM-2025-LOT7,M05,18,-4,1,10
MEM-2025-LOT7,M05,19,-4,1,10
MEM-2025-LOT7,M05,20,-4,1,10
MEM-2025-LOT7,M05,21,-4,1,10
MEM-2025-LOT7,M05,22,-4,1,10
MEM-2025-LOT7,M05,23,-4,1,10
MEM-2025-LOT7,M05,24,-4,2,22
MEM-2025-LOT7,M05,25,-4,2,21
MEM-2025-LOT7,M05,26,-4,2,30
MEM-2025-LOT7,M05,27,-4,1,10
MEM-2025-LOT7,M05,28,-4,3,21
MEM-2025-LOT7,M05,29,-4,2,20
MEM-2025-LOT7,M05,30,-4,1,10
MEM-2025-LOT7,M05,31,-4,2,22
MEM-2025-LOT7,M05,32,-4,2,21
MEM-2025-LOT7,M05,-32,-3,1,10
MEM-2025-LOT7,M05,-31,-3,1,10
MEM-2025-LOT7,M05,-30,-3,1,10
MEM-2025-LOT7,M05,-29,-3,1,10
MEM-2025-LOT7,M05,-28,-3,4,30
MEM-2025-LOT7,M05,-27,-3,2,30
MEM-2025-LOT7,M05,-26,-3,1,10
MEM-2025-LOT7,M05,-25,-3,4,30
MEM-2025-LOT7,M05,-24,-3,2,22
MEM-2025-LOT7,M05,-23,-3,1,10
MEM-2025-LOT7,M05,-22,-3,1,10
MEM-2025-LOT7,M05,-21,-3,1,10
MEM-2025-LOT7,M05,-20,-3,1,10
MEM-2025-LOT7,M05,-19,-3,1,10
MEM-2025-LOT7,M05,-18,-3,1,10
MEM-2025-LOT7,M05,-17,-3,1,10
MEM-2025-LOT7,M05,-16,-3,1,10
MEM-2025-LOT7,M05,-15,-3,1,10
MEM-2025-LOT7,M05,-14,-3,1,10
MEM-2025-LOT7,M05,-13,-3,1,10
MEM-2025-LOT7,M05,-12,-3,1,10
MEM-2025-LOT7,M05,-11,-3,1,10
MEM-2025-LOT7,M05,-10,-3,1,10
MEM-2025-LOT7,M05,-9,-3,1,10
MEM-2025-LOT7,M05,-8,-3,1,10
MEM-2025-LOT7,M05,-7,-3,1,10
MEM-2025-LOT7,M05,-6,-3,1,10
MEM-2025-LOT7,M05,-5,-3,1,10
MEM-2025-LOT7,M05,-4,-3,1,10
MEM-2025-LOT7,M05,-3,-3,1,10
MEM-2025-LOT7,M05,-2,-3,1,10
MEM-2025-LOT7,M05,-1,-3,1,10
MEM-2025-LOT7,M05,0,-3,1,10
MEM-2025-LOT7,M05,1,-3,1,10
MEM-2025-LOT7,M05,2,-3,1,10
MEM-2025-LOT7,M05,3,-3,1,10
MEM-2025-LOT7,M05,4,-3,1,10
MEM-2025-LOT7,M05,5,-3,1,10
MEM-2025-LOT7,M05,6,-3,1,10
MEM-2025-LOT7,M05,7,-3,1,10
MEM-2025-LOT7,M05,8,-3,1,10
MEM-2025-LOT7,M05,9,-3,1,10
MEM-2025-LOT7,M05,10,-3,1,10
MEM-2025-LOT7,M05,11,-3,1,10
MEM-2025-LOT7,M05,12,-3,1,10
MEM-2025-LOT7,M05,13,-3,1,10
MEM-2025-LOT7,M05,14,-3,1,10
MEM-2025-LOT7,M05,15,-3,1,10
MEM-2025-LOT7,M05,16,-3,1,10
MEM-2025-LOT7,M05,17,-3,1,10
MEM-2025-LOT7,M05,18,-3,1,10
MEM-2025-LOT7,M05,19,-3,1,10
MEM-2025-LOT7,M05,20,-3,1,10
MEM-2025-LOT7,M05,21,-3,1,10
MEM-2025-LOT7,M05,22,-3,1,10
MEM-2025-LOT7,M05,23,-3,1,10
MEM-2025-LOT7,M05,24,-3,1,10
MEM-2025-LOT7,M05,25,-3,2,30
MEM-2025-LOT7,M05,26,-3,2,20
MEM-2025-LOT7,M05,27,-3,4,30
MEM-2025-LOT7,M05,28,-3,1,10
MEM-2025-LOT7,M05,29,-3,2,22
MEM-2025-LOT7,M05,30,-3,1,10
MEM-2025-LOT7,M05,31,-3,4,20
MEM-2025-LOT7,M05,32,-3,1,10
MEM-2025-LOT7,M05,-32,-2,1,10
MEM-2025-LOT7,M05,-31,-2,2,22
MEM-2025-LOT7,M05,-30,-2,1,10
MEM-2025-LOT7,M05,-29,-2,2,21
MEM-2025-LOT7,M05,-28,-2,2,21
MEM-2025-LOT7,M05,-27,-2,2,20
MEM-2025-LOT7,M05,-26,-2,2,21
MEM-2025-LOT7,M05,-25,-2,2,22
MEM-2025-LOT7,M05,-24,-2,1,10
MEM-2025-LOT7,M05,-23,-2,1,10
MEM-2025-LOT7,M05,-22,-2,1,10
MEM-2025-LOT7,M05,-21,-2,1,10
MEM-2025-LOT7,M05,-20,-2,1,10
MEM-2025-LOT7,M05,-19,-2,1,10
MEM-2025-LOT7,M05,-18,-2,1,10
MEM-2025-LOT7,M05,-17,-2,1,10
MEM-2025-LOT7,M05,-16,-2,1,10
MEM-2025-LOT7,M05,-15,-2,1,10
MEM-2025-LOT7,M05,-14,-2,1,10
MEM-2025-LOT7,M05,-13,-2,1,10
MEM-2025-LOT7,M05,-12,-2,1,10
MEM-2025-LOT7,M05,-11,-2,1,10
MEM-2025-LOT7,M05,-10,-2,1,10
MEM-2025-LOT7,M05,-9,-2,1,10
MEM-2025-LOT7,M05,-8,-2,1,10
MEM-2025-LOT7,M05,-7,-2,1,10
MEM-2025-LOT7,M05,-6,-2,1,10
MEM-2025-LOT7,M05,-5,-2,1,10
MEM-2025-LOT7,M05,-4,-2,1,10
MEM-2025-LOT7,M05,-3,-2,1,10
MEM-2025-LOT7,M05,-2,-2,1,10
MEM-2025-LOT7,M05,-1,-2,1,10
MEM-2025-LOT7,M05,0,-2,4,21
MEM-2025-LOT7,M05,1,-2,1,10
MEM-2025-LOT7,M05,2,-2,1,10
MEM-2025-LOT7,M05,3,-2,1,10
MEM-2025-LOT7,M05,4,-2,1,10
MEM-2025-LOT7,M05,5,-2,1,10
MEM-2025-LOT7,M05,6,-2,1,10
MEM-2025-LOT7,M05,7,-2,1,10
MEM-2025-LOT7,M05,8,-2,1,10
MEM-2025-LOT7,M05,9,-2,1,10
MEM-2025-LOT7,M05,10,-2,1,10
MEM-2025-LOT7,M05,11,-2,1,10
MEM-2025-LOT7,M05,12,-2,1,10
MEM-2025-LOT7,M05,13,-2,1,10
MEM-2025-LOT7,M05,14,-2,1,10
MEM-2025-LOT7,M05,15,-2,1,10
MEM-2025-LOT7,M05,16,-2,1,10
MEM-2025-LOT7,M05,17,-2,1,10
MEM-2025-LOT7,M05,18,-2,1,10
MEM-2025-LOT7,M05,19,-2,1,10
MEM-2025-LOT7,M05,20,-2,1,10
MEM-2025-LOT7,M05,21,-2,1,10
MEM-2025-LOT7,M05,22,-2,1,10
MEM-2025-LOT7,M05,23,-2,1,10
MEM-2025-LOT7,M05,24,-2,3,22
MEM-2025-LOT7,M05,25,-2,4,20
MEM-2025-LOT7,M05,26,-2,1,10
MEM-2025-LOT7,M05,27,-2,1,10
MEM-2025-LOT7,M05,28,-2,2,20
MEM-2025-LOT7,M05,29,-2,1,10
MEM-2025-LOT7,M05,30,-2,1,10
MEM-2025-LOT7,M05,31,-2,4,31
MEM-2025-LOT7,M05,32,-2,2,21
MEM-2025-LOT7,M05,-32,-1,2,21
MEM-2025-LOT7,M05,-31,-1,1,10
MEM-2025-LOT7,M05,-30,-1,2,20
MEM-2025-LOT7,M05,-29,-1,1,10
MEM-2025-LOT7,M05,-28,-1,1,10
MEM-2025-LOT7,M05,-27,-1,4,31
MEM-2025-LOT7,M05,-26,-1,4,20
MEM-2025-LOT7,M05,-25,-1,1,10
MEM-2025-LOT7,M05,-24,-1,1,10
MEM-2025-LOT7,M05,-23,-1,1,10
MEM-2025-LOT7,M05,-22,-1,1,10
MEM-2025-LOT7,M05,-21,-1,1,10
MEM-2025-LOT7,M05,-20,-1,1,10
MEM-2025-LOT7,M05,-19,-1,1,10
MEM-2025-LOT7,M05,-18,-1,1,10
MEM-2025-LOT7,M05,-17,-1,1,10
MEM-2025-LOT7,M05,-16,-1,1,10
MEM-2025-LOT7,M05,-15,-1,1,10
MEM-2025-LOT7,M05,-14,-1,1,10
MEM-2025-LOT7,M05,-13,-1,1,10
MEM-2025-LOT7,M05,-12,-1,1,10
MEM-2025-LOT7,M05,-11,-1,1,10
MEM-2025-LOT7,M05,-10,-1,1,10
MEM-2025-LOT7,M05,-9,-1,1,10
MEM-2025-LOT7,M05,-8,-1,1,10
MEM-2025-LOT7,M05,-7,-1,1,10
MEM-2025-LOT7,M05,-6,-1,1,10
MEM-2025-LOT7,M05,-5,-1,1,10
MEM-2025-LOT7,M05,-4,-1,1,10
MEM-2025-LOT7,M05,-3,-1,1,10
MEM-2025-LOT7,M05,-2,-1,1,10
MEM-2025-LOT7,M05,-1,-1,1,10
MEM-2025-LOT7,M05,0,-1,1,10
MEM-2025-LOT7,M05,1,-1,1,10
MEM-2025-LOT7,M05,2,-1,1,10
MEM-2025-LOT7,M05,3,-1,1,10
MEM-2025-LOT7,M05,4,-1,1,10
MEM-2025-LOT7,M05,5,-1,1,10
MEM-2025-LOT7,M05,6,-1,1,10
MEM-2025-LOT7,M05,7,-1,1,10
MEM-2025-LOT7,M05,8,-1,1,10
MEM-2025-LOT7,M05,9,-1,1,10
MEM-2025-LOT7,M05,10,-1,1,10
MEM-2025-LOT7,M05,11,-1,1,10
MEM-2025-LOT7,M05,12,-1,1,10
MEM-2025-LOT7,M05,13,-1,1,10
MEM-2025-LOT7,M05,14,-1,1,10
MEM-2025-LOT7,M05,15,-1,1,10
MEM-2025-LOT7,M05,16,-1,1,10
MEM-2025-LOT7,M05,17,-1,1,10
MEM-2025-LOT7,M05,18,-1,1,10
MEM-2025-LOT7,M05,19,-1,1,10
MEM-2025-LOT7,M05,20,-1,1,10
MEM-2025-LOT7,M05,21,-1,1,10
MEM-2025-LOT7,M05,22,-1,1,10
MEM-2025-LOT7,M05,23,-1,1,10
MEM-2025-LOT7,M05,24,-1,1,10
MEM-2025-LOT7,M05,25,-1,1,10
MEM-2025-LOT7,M05,26,-1,2,22
MEM-2025-LOT7,M05,27,-1,1,10
MEM-2025-LOT7,M05,28,-1,4,21
MEM-2025-LOT7,M05,29,-1,3,20
MEM-2025-LOT7,M05,30,-1,4,21
MEM-2025-LOT7,M05,31,-1,1,10
MEM-2025-LOT7,M05,32,-1,4,20
MEM-2025-LOT7,M05,-32,0,4,20
MEM-2025-LOT7,M05,-31,0,1,10
MEM-2025-LOT7,M05,-30,0,4,21
MEM-2025-LOT7,M05,-29,0,1,10
MEM-2025-LOT7,M05,-28,0,1,10
MEM-2025-LOT7,M05,-27,0,3,30
MEM-2025-LOT7,M05,-26,0,1,10
MEM-2025-LOT7,M05,-25,0,1,10
MEM-2025-LOT7,M05,-24,0,2,30
MEM-2025-LOT7,M05,-23,0,1,10
MEM-2025-LOT7,M05,-22,0,1,10
MEM-2025-LOT7,M05,-21,0,1,10
MEM-2025-LOT7,M05,-20,0,1,10
MEM-2025-LOT7,M05,-19,0,1,10
MEM-2025-LOT7,M05,-18,0,1,10
MEM-2025-LOT7,M05,-17,0,1,10
MEM-2025-LOT7,M05,-16,0,1,10
MEM-2025-LOT7,M05,-15,0,1,10
MEM-2025-LOT7,M05,-14,0,1,10
MEM-2025-LOT7,M05,-13,0,1,10
MEM-2025-LOT7,M05,-12,0,1,10
MEM-2025-LOT7,M05,-11,0,1,10
MEM-2025-LOT7,M05,-10,0,1,10
MEM-2025-LOT7,M05,-9,0,1,10
MEM-2025-LOT7,M05,-8,0,1,10
MEM-2025-LOT7,M05,-7,0,1,10
MEM-2025-LOT7,M05,-6,0,1,10
MEM-2025-LOT7,M05,-5,0,2,30
MEM-2025-LOT7,M05,-4,0,1,10
MEM-2025-LOT7,M05,-3,0,1,10
MEM-2025-LOT7,M05,-2,0,1,10
MEM-2025-LOT7,M05,-1,0,1,10
MEM-2025-LOT7,M05,0,0,1,10
MEM-2025-LOT7,M05,1,0,1,10
MEM-2025-LOT7,M05,2,0,1,10
MEM-2025-LOT7,M05,3,0,1,10
MEM-2025-LOT7,M05,4,0,1,10
MEM-2025-LOT7,M05,5,0,1,10
MEM-2025-LOT7,M05,6,0,1,10
MEM-2025-LOT7,M05,7,0,1,10
MEM-2025-LOT7,M05,8,0,1,10
MEM-2025-LOT7,M05,9,0,1,10
MEM-2025-LOT7,M05,10,0,1,10
MEM-2025-LOT7,M05,11,0,1,10
MEM-2025-LOT7,M05,12,0,1,10
MEM-2025-LOT7,M05,13,0,1,10
MEM-2025-LOT7,M05,14,0,1,10
MEM-2025-LOT7,M05,15,0,1,10
MEM-2025-LOT7,M05,16,0,1,10
MEM-2025-LOT7,M05,17,0,1,10
MEM-2025-LOT7,M05,18,0,1,10
MEM-2025-LOT7,M05,19,0,1,10
MEM-2025-LOT7,M05,20,0,1,10
MEM-2025-LOT7,M05,21,0,1,10
MEM-2025-LOT7,M05,22,0,1,10
MEM-2025-LOT7,M05,23,0,1,10
MEM-2025-LOT7,M05,24,0,1,10
MEM-2025-LOT7,M05,25,0,1,10
MEM-2025-LOT7,M05,26,0,1,10
MEM-2025-LOT7,M05,27,0,1,10
MEM-2025-LOT7,M05,28,0,2,20
MEM-2025-LOT7,M05,29,0,4,21
MEM-2025-LOT7,M05,30,0,4,31
MEM-2025-LOT7,M05,31,0,2,20
MEM-2025-LOT7,M05,32,0,1,10
MEM-2025-LOT7,M05,-32,1,2,31
MEM-2025-LOT7,M05,-31,1,2,20
MEM-2025-LOT7,M05,-30,1,1,10
MEM-2025-LOT7,M05,-29,1,3,30
MEM-2025-LOT7,M05,-28,1,2,21
MEM-2025-LOT7,M05,-27,1,1,10
MEM-2025-LOT7,M05,-26,1,1,10
MEM-2025-LOT7,M05,-25,1,1,10
MEM-2025-LOT7,M05,-24,1,1,10
MEM-2025-LOT7,M05,-23,1,1,10
MEM-2025-LOT7,M05,-22,1,1,10
MEM-2025-LOT7,M05,-21,1,1,10
MEM-2025-LOT7,M05,-20,1,1,10
MEM-2025-LOT7,M05,-19,1,2,22
MEM-2025-LOT7,M05,-18,1,1,10
MEM-2025-LOT7,M05,-17,1,1,10
MEM-2025-LOT7,M05,-16,1,1,10
MEM-2025-LOT7,M05,-15,1,1,10
MEM-2025-LOT7,M05,-14,1,1,10
MEM-2025-LOT7,M05,-13,1,1,10
MEM-2025-LOT7,M05,-12,1,1,10
MEM-2025-LOT7,M05,-11,1,1,10
MEM-2025-LOT7,M05,-10,1,1,10
MEM-2025-LOT7,M05,-9,1,1,10
MEM-2025-LOT7,M05,-8,1,1,10
MEM-2025-LOT7,M05,-7,1,1,10
MEM-2025-LOT7,M05,-6,1,1,10
MEM-2025-LOT7,M05,-5,1,1,10
MEM-2025-LOT7,M05,-4,1,1,10
MEM-2025-LOT7,M05,-3,1,1,10
MEM-2025-LOT7,M05,-2,1,1,10
MEM-2025-LOT7,M05,-1,1,1,10
MEM-2025-LOT7,M05,0,1,1,10
MEM-2025-LOT7,M05,1,1,1,10
MEM-2025-LOT7,M05,2,1,1,10
MEM-2025-LOT7,M05,3,1,1,10
MEM-2025-LOT7,M05,4,1,1,10
MEM-2025-LOT7,M05,5,1,1,10
MEM-2025-LOT7,M05,6,1,1,10
MEM-2025-LOT7,M05,7,1,1,10
MEM-2025-LOT7,M05,8,1,1,10
MEM-2025-LOT7,M05,9,1,2,20
MEM-2025-LOT7,M05,10,1,1,10
MEM-2025-LOT7,M05,11,1,1,10
MEM-2025-LOT7,M05,12,1,1,10
MEM-2025-LOT7,M05,13,1,1,10
MEM-2025-LOT7,M05,14,1,1,10
MEM-2025-LOT7,M05,15,1,1,10
MEM-2025-LOT7,M05,16,1,1,10
MEM-2025-LOT7,M05,17,1,1,10
MEM-2025-LOT7,M05,18,1,1,10
MEM-2025-LOT7,M05,19,1,1,10
MEM-2025-LOT7,M05,20,1,2,22
MEM-2025-LOT7,M05,21,1,1,10
MEM-2025-LOT7,M05,22,1,1,10
MEM-2025-LOT7,M05,23,1,1,10
MEM-2025-LOT7,M05,24,1,1,10
MEM-2025-LOT7,M05,25,1,2,30
MEM-2025-LOT7,M05,26,1,1,10
MEM-2025-LOT7,M05,27,1,1,10
MEM-2025-LOT7,M05,28,1,3,22
MEM-2025-LOT7,M05,29,1,1,10
MEM-2025-LOT7,M05,30,1,1,10
MEM-2025-LOT7,M05,31,1,2,21
MEM-2025-LOT7,M05,32,1,3,22
MEM-2025-LOT7,M05,-32,2,1,10
MEM-2025-LOT7,M05,-31,2,1,10
MEM-2025-LOT7,M05,-30,2,1,10
MEM-2025-LOT7,M05,-29,2,1,10
MEM-2025-LOT7,M05,-28,2,1,10
MEM-2025-LOT7,M05,-27,2,1,10
MEM-2025-LOT7,M05,-26,2,1,10
MEM-2025-LOT7,M05,-25,2,1,10
MEM-2025-LOT7,M05,-24,2,1,10
MEM-2025-LOT7,M05,-23,2,1,10
MEM-2025-LOT7,M05,-22,2,1,10
MEM-2025-LOT7,M05,-21,2,1,10
MEM-2025-LOT7,M05,-20,2,1,10
MEM-2025-LOT7,M05,-19,2,1,10
MEM-2025-LOT7,M05,-18,2,1,10
MEM-2025-LOT7,M05,-17,2,1,10
MEM-2025-LOT7,M05,-16,2,1,10
MEM-2025-LOT7,M05,-15,2,1,10
MEM-2025-LOT7,M05,-14,2,1,10
MEM-2025-LOT7,M05,-13,2,1,10
MEM-2025-LOT7,M05,-12,2,1,10
MEM-2025-LOT7,M05,-11,2,1,10
MEM-2025-LOT7,M05,-10,2,1,10
MEM-2025-LOT7,M05,-9,2,1,10
MEM-2025-LOT7,M05,-8,2,1,10
MEM-2025-LOT7,M05,-7,2,1,10
MEM-2025-LOT7,M05,-6,2,1,10
MEM-2025-LOT7,M05,-5,2,1,10
MEM-2025-LOT7,M05,-4,2,1,10
MEM-2025-LOT7,M05,-3,2,1,10
MEM-2025-LOT7,M05,-2,2,1,10
MEM-2025-LOT7,M05,-1,2,1,10
MEM-2025-LOT7,M05,0,2,1,10
MEM-2025-LOT7,M05,1,2,1,10
MEM-2025-LOT7,M05,2,2,1,10
MEM-2025-LOT7,M05,3,2,1,10
MEM-2025-LOT7,M05,4,2,1,10
MEM-2025-LOT7,M05,5,2,1,10
MEM-2025-LOT7,M05,6,2,1,10
MEM-2025-LOT7,M05,7,2,1,10
MEM-2025-LOT7,M05,8,2,3,21
MEM-2025-LOT7,M05,9,2,1,10
MEM-2025-LOT7,M05,10,2,1,10
MEM-2025-LOT7,M05,11,2,1,10
MEM-2025-LOT7,M05,12,2,1,10
MEM-2025-LOT7,M05,13,2,1,10
MEM-2025-LOT7,M05,14,2,1,10
MEM-2025-LOT7,M05,15,2,1,10
MEM-2025-LOT7,M05,16,2,1,10
MEM-2025-LOT7,M05,17,2,1,10
MEM-2025-LOT7,M05,18,2,1,10
MEM-2025-LOT7,M05,19,2,1,10
MEM-2025-LOT7,M05,20,2,1,10
MEM-2025-LOT7,M05,21,2,1,10
MEM-2025-LOT7,M05,22,2,1,10
MEM-2025-LOT7,M05,23,2,1,10
MEM-2025-LOT7,M05,24,2,4,22
MEM-2025-LOT7,M05,25,2,1,10
MEM-2025-LOT7,M05,26,2,1,10
MEM-2025-LOT7,M05,27,2,1,10
MEM-2025-LOT7,M05,28,2,1,10
MEM-2025-LOT7,M05,29,2,4,30
MEM-2025-LOT7,M05,30,2,4,20
MEM-2025-LOT7,M05,31,2,1,10
MEM-2025-LOT7,M05,32,2,4,20
MEM-2025-LOT7,M05,-32,3,1,10
MEM-2025-LOT7,M05,-31,3,1,10
MEM-2025-LOT7,M05,-30,3,3,20
MEM-2025-LOT7,M05,-29,3,4,21
MEM-2025-LOT7,M05,-28,3,4,30
MEM-2025-LOT7,M05,-27,3,1,10
MEM-2025-LOT7,M05,-26,3,1,10
MEM-2025-LOT7,M05,-25,3,1,10
MEM-2025-LOT7,M05,-24,3,4,22
MEM-2025-LOT7,M05,-23,3,1,10
MEM-2025-LOT7,M05,-22,3,1,10
MEM-2025-LOT7,M05,-21,3,1,10
MEM-2025-LOT7,M05,-20,3,1,10
MEM-2025-LOT7,M05,-19,3,1,10
MEM-2025-LOT7,M05,-18,3,1,10
MEM-2025-LOT7,M05,-17,3,1,10
MEM-2025-LOT7,M05,-16,3,1,10
MEM-2025-LOT7,M05,-15,3,1,10
MEM-2025-LOT7,M05,-14,3,1,10
MEM-2025-LOT7,M05,-13,3,1,10
MEM-2025-LOT7,M05,-12,3,1,10
MEM-2025-LOT7,M05,-11,3,1,10
MEM-2025-LOT7,M05,-10,3,1,10
MEM-2025-LOT7,M05,-9,3,1,10
MEM-2025-LOT7,M05,-8,3,1,10
MEM-2025-LOT7,M05,-7,3,1,10
MEM-2025-LOT7,M05,-6,3,1,10
MEM-2025-LOT7,M05,-5,3,1,10
MEM-2025-LOT7,M05,-4,3,1,10
MEM-2025-LOT7,M05,-3,3,2,31
MEM-2025-LOT7,M05,-2,3,4,20
MEM-2025-LOT7,M05,-1,3,1,10
MEM-2025-LOT7,M05,0,3,1,10
MEM-2025-LOT7,M05,1,3,2,20
MEM-2025-LOT7,M05,2,3,2,30
MEM-2025-LOT7,M05,3,3,1,10
MEM-2025-LOT7,M05,4,3,1,10
MEM-2025-LOT7,M05,5,3,1,10
MEM-2025-LOT7,M05,6,3,1,10
MEM-2025-LOT7,M05,7,3,1,10
MEM-2025-LOT7,M05,8,3,1,10
MEM-2025-LOT7,M05,9,3,1,10
MEM-2025-LOT7,M05,10,3,1,10
MEM-2025-LOT7,M05,11,3,1,10
MEM-2025-LOT7,M05,12,3,1,10
MEM-2025-LOT7,M05,13,3,1,10
MEM-2025-LOT7,M05,14,3,1,10
MEM-2025-LOT7,M05,15,3,1,10
MEM-2025-LOT7,M05,16,3,1,10
MEM-2025-LOT7,M05,17,3,1,10
MEM-2025-LOT7,M05,18,3,1,10
MEM-2025-LOT7,M05,19,3,1,10
MEM-2025-LOT7,M05,20,3,1,10
MEM-2025-LOT7,M05,21,3,1,10
MEM-2025-LOT7,M05,22,3,1,10
MEM-2025-LOT7,M05,23,3,1,10
MEM-2025-LOT7,M05,24,3,1,10
MEM-2025-LOT7,M05,25,3,1,10
MEM-2025-LOT7,M05,26,3,2,22
MEM-2025-LOT7,M05,27,3,1,10
MEM-2025-LOT7,M05,28,3,2,31
MEM-2025-LOT7,M05,29,3,1,10
MEM-2025-LOT7,M05,30,3,1,10
MEM-2025-LOT7,M05,31,3,1,10
MEM-2025-LOT7,M05,32,3,4,21
MEM-2025-LOT7,M05,-32,4,4,20
MEM-2025-LOT7,M05,-31,4,4,22
MEM-2025-LOT7,M05,-30,4,1,10
MEM-2025-LOT7,M05,-29,4,2,31
MEM-2025-LOT7,M05,-28,4,1,10
MEM-2025-LOT7,M05,-27,4,2,31
MEM-2025-LOT7,M05,-26,4,1,10
MEM-2025-LOT7,M05,-25,4,4,20
MEM-2025-LOT7,M05,-24,4,3,30
MEM-2025-LOT7,M05,-23,4,3,22
MEM-2025-LOT7,M05,-22,4,1,10
MEM-2025-LOT7,M05,-21,4,1,10
MEM-2025-LOT7,M05,-20,4,1,10
MEM-2025-LOT7,M05,-19,4,1,10
MEM-2025-LOT7,M05,-18,4,1,10
MEM-2025-LOT7,M05,-17,4,1,10
MEM-2025-LOT7,M05,-16,4,1,10
MEM-2025-LOT7,M05,-15,4,1,10
MEM-2025-LOT7,M05,-14,4,1,10
MEM-2025-LOT7,M05,-13,4,1,10
MEM-2025-LOT7,M05,-12,4,1,10
MEM-2025-LOT7,M05,-11,4,1,10
MEM-2025-LOT7,M05,-10,4,1,10
MEM-2025-LOT7,M05,-9,4,1,10
MEM-2025-LOT7,M05,-8,4,1,10
MEM-2025-LOT7,M05,-7,4,1,10
MEM-2025-LOT7,M05,-6,4,1,10
MEM-2025-LOT7,M05,-5,4,1,10
MEM-2025-LOT7,M05,-4,4,1,10
MEM-2025-LOT7,M05,-3,4,1,10
MEM-2025-LOT7,M05,-2,4,1,10
MEM-2025-LOT7,M05,-1,4,1,10
MEM-2025-LOT7,M05,0,4,1,10
MEM-2025-LOT7,M05,1,4,1,10
MEM-2025-LOT7,M05,2,4,1,10
MEM-2025-LOT7,M05,3,4,1,10
MEM-2025-LOT7,M05,4,4,1,10
MEM-2025-LOT7,M05,5,4,1,10
MEM-2025-LOT7,M05,6,4,1,10
MEM-2025-LOT7,M05,7,4,1,10
MEM-2025-LOT7,M05,8,4,1,10
MEM-2025-LOT7,M05,9,4,1,10
MEM-2025-LOT7,M05,10,4,1,10
MEM-2025-LOT7,M05,11,4,1,10
MEM-2025-LOT7,M05,12,4,1,10
MEM-2025-LOT7,M05,13,4,1,10
MEM-2025-LOT7,M05,14,4,1,10
MEM-2025-LOT7,M05,15,4,1,10
MEM-2025-LOT7,M05,16,4,1,10
MEM-2025-LOT7,M05,17,4,1,10
MEM-2025-LOT7,M05,18,4,1,10
MEM-2025-LOT7,M05,19,4,1,10
MEM-2025-LOT7,M05,20,4,1,10
MEM-2025-LOT7,M05,21,4,1,10
MEM-2025-LOT7,M05,22,4,1,10
MEM-2025-LOT7,M05,23,4,1,10
MEM-2025-LOT7,M05,24,4,2,20
MEM-2025-LOT7,M05,25,4,1,10
MEM-2025-LOT7,M05,26,4,1,10
MEM-2025-LOT7,M05,27,4,3,21
MEM-2025-LOT7,M05,28,4,2,20
MEM-2025-LOT7,M05,29,4,2,22
MEM-2025-LOT7,M05,30,4,1,10
MEM-2025-LOT7,M05,31,4,1,10
MEM-2025-LOT7,M05,32,4,1,10
MEM-2025-LOT7,M05,-32,5,3,30
MEM-2025-LOT7,M05,-31,5,1,10
MEM-2025-LOT7,M05,-30,5,1,10
MEM-2025-LOT7,M05,-29,5,2,22
MEM-2025-LOT7,M05,-28,5,2,31
MEM-2025-LOT7,M05,-27,5,1,10
MEM-2025-LOT7,M05,-26,5,3,22
MEM-2025-LOT7,M05,-25,5,1,10
MEM-2025-LOT7,M05,-24,5,1,10
MEM-2025-LOT7,M05,-23,5,1,10
MEM-2025-LOT7,M05,-22,5,1,10
MEM-2025-LOT7,M05,-21,5,1,10
MEM-2025-LOT7,M05,-20,5,1,10
MEM-2025-LOT7,M05,-19,5,1,10
MEM-2025-LOT7,M05,-18,5,1,10
MEM-2025-LOT7,M05,-17,5,1,10
MEM-2025-LOT7,M05,-16,5,1,10
MEM-2025-LOT7,M05,-15,5,1,10
MEM-2025-LOT7,M05,-14,5,1,10
MEM-2025-LOT7,M05,-13,5,1,10
MEM-2025-LOT7,M05,-12,5,1,10
MEM-2025-LOT7,M05,-11,5,1,10
MEM-2025-LOT7,M05,-10,5,1,10
MEM-2025-LOT7,M05,-9,5,1,10
MEM-2025-LOT7,M05,-8,5,1,10
MEM-2025-LOT7,M05,-7,5,1,10
MEM-2025-LOT7,M05,-6,5,1,10
MEM-2025-LOT7,M05,-5,5,1,10
MEM-2025-LOT7,M05,-4,5,1,10
MEM-2025-LOT7,M05,-3,5,1,10
MEM-2025-LOT7,M05,-2,5,1,10
MEM-2025-LOT7,M05,-1,5,1,10
MEM-2025-LOT7,M05,0,5,1,10
MEM-2025-LOT7,M05,1,5,1,10
MEM-2025-LOT7,M05,2,5,1,10
MEM-2025-LOT7,M05,3,5,1,10
MEM-2025-LOT7,M05,4,5,1,10
MEM-2025-LOT7,M05,5,5,1,10
MEM-2025-LOT7,M05,6,5,1,10
MEM-2025-LOT7,M05,7,5,1,10
MEM-2025-LOT7,M05,8,5,1,10
MEM-2025-LOT7,M05,9,5,1,10
MEM-2025-LOT7,M05,10,5,1,10
MEM-2025-LOT7,M05,11,5,1,10
MEM-2025-LOT7,M05,12,5,1,10
MEM-2025-LOT7,M05,13,5,1,10
MEM-2025-LOT7,M05,14,5,1,10
MEM-2025-LOT7,M05,15,5,1,10
MEM-2025-LOT7,M05,16,5,1,10
MEM-2025-LOT7,M05,17,5,1,10
MEM-2025-LOT7,M05,18,5,1,10
MEM-2025-LOT7,M05,19,5,1,10
MEM-2025-LOT7,M05,20,5,1,10
MEM-2025-LOT7,M05,21,5,1,10
MEM-2025-LOT7,M05,22,5,1,10
MEM-2025-LOT7,M05,23,5,1,10
MEM-2025-LOT7,M05,24,5,2,20
MEM-2025-LOT7,M05,25,5,2,21
MEM-2025-LOT7,M05,26,5,3,22
MEM-2025-LOT7,M05,27,5,3,30
MEM-2025-LOT7,M05,28,5,1,10
MEM-2025-LOT7,M05,29,5,2,30
MEM-2025-LOT7,M05,30,5,1,10
MEM-2025-LOT7,M05,31,5,1,10
MEM-2025-LOT7,M05,32,5,1,10
MEM-2025-LOT7,M05,-32,6,1,10
MEM-2025-LOT7,M05,-31,6,1,10
MEM-2025-LOT7,M05,-30,6,1,10
MEM-2025-LOT7,M05,-29,6,1,10
MEM-2025-LOT7,M05,-28,6,3,31
MEM-2025-LOT7,M05,-27,6,1,10
MEM-2025-LOT7,M05,-26,6,1,10
MEM-2025-LOT7,M05,-25,6,4,22
MEM-2025-LOT7,M05,-24,6,3,31
MEM-2025-LOT7,M05,-23,6,2,30
MEM-2025-LOT7,M05,-22,6,1,10
MEM-2025-LOT7,M05,-21,6,1,10
MEM-2025-LOT7,M05,-20,6,1,10
MEM-2025-LOT7,M05,-19,6,1,10
MEM-2025-LOT7,M05,-18,6,1,10
MEM-2025-LOT7,M05,-17,6,1,10
MEM-2025-LOT7,M05,-16,6,1,10
MEM-2025-LOT7,M05,-15,6,1,10
MEM-2025-LOT7,M05,-14,6,1,10
MEM-2025-LOT7,M05,-13,6,1,10
MEM-2025-LOT7,M05,-12,6,1,10
MEM-2025-LOT7,M05,-11,6,1,10
MEM-2025-LOT7,M05,-10,6,1,10
MEM-2025-LOT7,M05,-9,6,1,10
MEM-2025-LOT7,M05,-8,6,1,10
MEM-2025-LOT7,M05,-7,6,1,10
MEM-2025-LOT7,M05,-6,6,1,10
MEM-2025-LOT7,M05,-5,6,1,10
MEM-2025-LOT7,M05,-4,6,1,10
MEM-2025-LOT7,M05,-3,6,1,10
MEM-2025-LOT7,M05,-2,6,1,10
MEM-2025-LOT7,M05,-1,6,1,10
MEM-2025-LOT7,M05,0,6,1,10
MEM-2025-LOT7,M05,1,6,1,10
MEM-2025-LOT7,M05,2,6,1,10
MEM-2025-LOT7,M05,3,6,1,10
MEM-2025-LOT7,M05,4,6,1,10
MEM-2025-LOT7,M05,5,6,1,10
MEM-2025-LOT7,M05,6,6,1,10
MEM-2025-LOT7,M05,7,6,1,10
MEM-2025-LOT7,M05,8,6,1,10
MEM-2025-LOT7,M05,9,6,1,10
MEM-2025-LOT7,M05,10,6,1,10
MEM-2025-LOT7,M05,11,6,1,10
MEM-2025-LOT7,M05,12,6,1,10
MEM-2025-LOT7,M05,13,6,1,10
MEM-2025-LOT7,M05,14,6,1,10
MEM-2025-LOT7,M05,15,6,1,10
MEM-2025-LOT7,M05,16,6,1,10
MEM-2025-LOT7,M05,17,6,1,10
MEM-2025-LOT7,M05,18,6,1,10
MEM-2025-LOT7,M05,19,6,1,10
MEM-2025-LOT7,M05,20,6,1,10
MEM-2025-LOT7,M05,21,6,1,10
MEM-2025-LOT7,M05,22,6,1,10
MEM-2025-LOT7,M05,23,6,3,31
MEM-2025-LOT7,M05,24,6,1,10
MEM-2025-LOT7,M05,25,6,1,10
MEM-2025-LOT7,M05,26,6,1,10
MEM-2025-LOT7,M05,27,6,2,20
MEM-2025-LOT7,M05,28,6,2,22
MEM-2025-LOT7,M05,29,6,3,22
MEM-2025-LOT7,M05,30,6,2,30
MEM-2025-LOT7,M05,31,6,2,21
MEM-2025-LOT7,M05,32,6,3,22
MEM-2025-LOT7,M05,-31,7,4,22
MEM-2025-LOT7,M05,-30,7,2,21
MEM-2025-LOT7,M05,-29,7,2,22
MEM-2025-LOT7,M05,-28,7,2,30
MEM-2025-LOT7,M05,-27,7,1,10
MEM-2025-LOT7,M05,-26,7,2,30
MEM-2025-LOT7,M05,-25,7,1,10
MEM-2025-LOT7,M05,-24,7,1,10
MEM-2025-LOT7,M05,-23,7,3,31
MEM-2025-LOT7,M05,-22,7,1,10
MEM-2025-LOT7,M05,-21,7,1,10
MEM-2025-LOT7,M05,-20,7,1,10
MEM-2025-LOT7,M05,-19,7,1,10
MEM-2025-LOT7,M05,-18,7,1,10
MEM-2025-LOT7,M05,-17,7,1,10
MEM-2025-LOT7,M05,-16,7,1,10
MEM-2025-LOT7,M05,-15,7,1,10
MEM-2025-LOT7,M05,-14,7,1,10
MEM-2025-LOT7,M05,-13,7,1,10
MEM-2025-LOT7,M05,-12,7,1,10
MEM-2025-LOT7,M05,-11,7,1,10
MEM-2025-LOT7,M05,-10,7,4,30
MEM-2025-LOT7,M05,-9,7,1,10
MEM-2025-LOT7,M05,-8,7,1,10
MEM-2025-LOT7,M05,-7,7,1,10
MEM-2025-LOT7,M05,-6,7,1,10
MEM-2025-LOT7,M05,-5,7,1,10
MEM-2025-LOT7,M05,-4,7,1,10
MEM-2025-LOT7,M05,-3,7,1,10
MEM-2025-LOT7,M05,-2,7,1,10
MEM-2025-LOT7,M05,-1,7,1,10
MEM-2025-LOT7,M05,0,7,1,10
MEM-2025-LOT7,M05,1,7,1,10
MEM-2025-LOT7,M05,2,7,1,10
MEM-2025-LOT7,M05,3,7,1,10
MEM-2025-LOT7,M05,4,7,1,10
MEM-2025-LOT7,M05,5,7,1,10
MEM-2025-LOT7,M05,6,7,1,10
MEM-2025-LOT7,M05,7,7,1,10
MEM-2025-LOT7,M05,8,7,1,10
MEM-2025-LOT7,M05,9,7,1,10
MEM-2025-LOT7,M05,10,7,1,10
MEM-2025-LOT7,M05,11,7,1,10
MEM-2025-LOT7,M05,12,7,1,10
MEM-2025-LOT7,M05,13,7,1,10
MEM-2025-LOT7,M05,14,7,1,10
MEM-2025-LOT7,M05,15,7,1,10
MEM-2025-LOT7,M05,16,7,1,10
MEM-2025-LOT7,M05,17,7,1,10
MEM-2025-LOT7,M05,18,7,1,10
MEM-2025-LOT7,M05,19,7,1,10
MEM-2025-LOT7,M05,20,7,1,10
MEM-2025-LOT7,M05,21,7,1,10
MEM-2025-LOT7,M05,22,7,2,20
MEM-2025-LOT7,M05,23,7,1,10
MEM-2025-LOT7,M05,24,7,1,10
MEM-2025-LOT7,M05,25,7,1,10
MEM-2025-LOT7,M05,26,7,2,30
MEM-2025-LOT7,M05,27,7,4,22
MEM-2025-LOT7,M05,28,7,3,21
MEM-2025-LOT7,M05,29,7,2,22
MEM-2025-LOT7,M05,30,7,1,10
MEM-2025-LOT7,M05,31,7,4,31
MEM-2025-LOT7,M05,-31,8,2,21
MEM-2025-LOT7,M05,-30,8,3,31
MEM-2025-LOT7,M05,-29,8,1,10
MEM-2025-LOT7,M05,-28,8,2,20
MEM-2025-LOT7,M05,-27,8,1,10
MEM-2025-LOT7,M05,-26,8,1,10
MEM-2025-LOT7,M05,-25,8,2,20
MEM-2025-LOT7,M05,-24,8,2,22
MEM-2025-LOT7,M05,-23,8,1,10
MEM-2025-LOT7,M05,-22,8,4,22
MEM-2025-LOT7,M05,-21,8,1,10
MEM-2025-LOT7,M05,-20,8,1,10
MEM-2025-LOT7,M05,-19,8,1,10
MEM-2025-LOT7,M05,-18,8,1,10
MEM-2025-LOT7,M05,-17,8,1,10
MEM-2025-LOT7,M05,-16,8,1,10
MEM-2025-LOT7,M05,-15,8,1,10
MEM-2025-LOT7,M05,-14,8,1,10
MEM-2025-LOT7,M05,-13,8,1,10
MEM-2025-LOT7,M05,-12,8,1,10
MEM-2025-LOT7,M05,-11,8,1,10
MEM-2025-LOT7,M05,-10,8,1,10
MEM-2025-LOT7,M05,-9,8,4,20
MEM-2025-LOT7,M05,-8,8,1,10
MEM-2025-LOT7,M05,-7,8,1,10
MEM-2025-LOT7,M05,-6,8,1,10
MEM-2025-LOT7,M05,-5,8,1,10
MEM-2025-LOT7,M05,-4,8,1,10
MEM-2025-LOT7,M05,-3,8,1,10
MEM-2025-LOT7,M05,-2,8,1,10
MEM-2025-LOT7,M05,-1,8,1,10
MEM-2025-LOT7,M05,0,8,1,10
MEM-2025-LOT7,M05,1,8,1,10
MEM-2025-LOT7,M05,2,8,1,10
MEM-2025-LOT7,M05,3,8,1,10
MEM-2025-LOT7,M05,4,8,1,10
MEM-2025-LOT7,M05,5,8,1,10
MEM-2025-LOT7,M05,6,8,1,10
MEM-2025-LOT7,M05,7,8,1,10
MEM-2025-LOT7,M05,8,8,1,10
MEM-2025-LOT7,M05,9,8,1,10
MEM-2025-LOT7,M05,10,8,1,10
MEM-2025-LOT7,M05,11,8,1,10
MEM-2025-LOT7,M05,12,8,1,10
MEM-2025-LOT7,M05,13,8,1,10
MEM-2025-LOT7,M05,14,8,1,10
MEM-2025-LOT7,M05,15,8,1,10
MEM-2025-LOT7,M05,16,8,1,10
MEM-2025-LOT7,M05,17,8,1,10
MEM-2025-LOT7,M05,18,8,1,10
MEM-2025-LOT7,M05,19,8,1,10
MEM-2025-LOT7,M05,20,8,1,10
MEM-2025-LOT7,M05,21,8,1,10
MEM-2025-LOT7,M05,22,8,1,10
MEM-2025-LOT7,M05,23,8,3,21
MEM-2025-LOT7,M05,24,8,1,10
MEM-2025-LOT7,M05,25,8,2,22
MEM-2025-LOT7,M05,26,8,1,10
MEM-2025-LOT7,M05,27,8,4,31
MEM-2025-LOT7,M05,28,8,2,22
MEM-2025-LOT7,M05,29,8,2,21
MEM-2025-LOT7,M05,30,8,1,10
MEM-2025-LOT7,M05,31,8,3,22
MEM-2025-LOT7,M05,-31,9,1,10
MEM-2025-LOT7,M05,-30,9,1,10
MEM-2025-LOT7,M05,-29,9,4,21
MEM-2025-LOT7,M05,-28,9,1,10
MEM-2025-LOT7,M05,-27,9,2,30
MEM-2025-LOT7,M05,-26,9,1,10
MEM-2025-LOT7,M05,-25,9,1,10
MEM-2025-LOT7,M05,-24,9,2,31
MEM-2025-LOT7,M05,-23,9,3,20
MEM-2025-LOT7,M05,-22,9,1,10
MEM-2025-LOT7,M05,-21,9,1,10
MEM-2025-LOT7,M05,-20,9,1,10
MEM-2025-LOT7,M05,-19,9,1,10
MEM-2025-LOT7,M05,-18,9,1,10
MEM-2025-LOT7,M05,-17,9,1,10
MEM-2025-LOT7,M05,-16,9,1,10
MEM-2025-LOT7,M05,-15,9,1,10
MEM-2025-LOT7,M05,-14,9,1,10
MEM-2025-LOT7,M05,-13,9,1,10
MEM-2025-LOT7,M05,-12,9,1,10
MEM-2025-LOT7,M05,-11,9,1,10
MEM-2025-LOT7,M05,-10,9,1,10
MEM-2025-LOT7,M05,-9,9,1,10
MEM-2025-LOT7,M05,-8,9,1,10
MEM-2025-LOT7,M05,-7,9,1,10
MEM-2025-LOT7,M05,-6,9,1,10
MEM-2025-LOT7,M05,-5,9,1,10
MEM-2025-LOT7,M05,-4,9,1,10
MEM-2025-LOT7,M05,-3,9,1,10
MEM-2025-LOT7,M05,-2,9,1,10
MEM-2025-LOT7,M05,-1,9,1,10
MEM-2025-LOT7,M05,0,9,1,10
MEM-2025-LOT7,M05,1,9,4,20
MEM-2025-LOT7,M05,2,9,1,10
MEM-2025-LOT7,M05,3,9,1,10
MEM-2025-LOT7,M05,4,9,1,10
MEM-2025-LOT7,M05,5,9,1,10
MEM-2025-LOT7,M05,6,9,1,10
MEM-2025-LOT7,M05,7,9,1,10
MEM-2025-LOT7,M05,8,9,1,10
MEM-2025-LOT7,M05,9,9,1,10
MEM-2025-LOT7,M05,10,9,1,10
MEM-2025-LOT7,M05,11,9,1,10
MEM-2025-LOT7,M05,12,9,1,10
MEM-2025-LOT7,M05,13,9,1,10
MEM-2025-LOT7,M05,14,9,1,10
MEM-2025-LOT7,M05,15,9,1,10
MEM-2025-LOT7,M05,16,9,1,10
MEM-2025-LOT7,M05,17,9,1,10
MEM-2025-LOT7,M05,18,9,1,10
MEM-2025-LOT7,M05,19,9,1,10
MEM-2025-LOT7,M05,20,9,1,10
MEM-2025-LOT7,M05,21,9,1,10
MEM-2025-LOT7,M05,22,9,1,10
MEM-2025-LOT7,M05,23,9,2,31
MEM-2025-LOT7,M05,24,9,2,20
MEM-2025-LOT7,M05,25,9,1,10
MEM-2025-LOT7,M05,26,9,4,20
MEM-2025-LOT7,M05,27,9,1,10
MEM-2025-LOT7,M05,28,9,2,31
MEM-2025-LOT7,M05,29,9,1,10
MEM-2025-LOT7,M05,30,9,2,30
MEM-2025-LOT7,M05,31,9,1,10
MEM-2025-LOT7,M05,-31,10,4,31
MEM-2025-LOT7,M05,-30,10,2,30
MEM-2025-LOT7,M05,-29,10,1,10
MEM-2025-LOT7,M05,-28,10,3,21
MEM-2025-LOT7,M05,-27,10,2,31
MEM-2025-LOT7,M05,-26,10,1,10
MEM-2025-LOT7,M05,-25,10,1,10
MEM-2025-LOT7,M05,-24,10,3,22
MEM-2025-LOT7,M05,-23,10,2,20
MEM-2025-LOT7,M05,-22,10,1,10
MEM-2025-LOT7,M05,-21,10,1,10
MEM-2025-LOT7,M05,-20,10,1,10
MEM-2025-LOT7,M05,-19,10,1,10
MEM-2025-LOT7,M05,-18,10,1,10
MEM-2025-LOT7,M05,-17,10,1,10
MEM-2025-LOT7,M05,-16,10,1,10
MEM-2025-LOT7,M05,-15,10,1,10
MEM-2025-LOT7,M05,-14,10,1,10
MEM-2025-LOT7,M05,-13,10,1,10
MEM-2025-LOT7,M05,-12,10,1,10
MEM-2025-LOT7,M05,-11,10,1,10
MEM-2025-LOT7,M05,-10,10,1,10
MEM-2025-LOT7,M05,-9,10,1,10
MEM-2025-LOT7,M05,-8,10,1,10
MEM-2025-LOT7,M05,-7,10,1,10
MEM-2025-LOT7,M05,-6,10,1,10
MEM-2025-LOT7,M05,-5,10,1,10
MEM-2025-LOT7,M05,-4,10,1,10
MEM-2025-LOT7,M05,-3,10,1,10
MEM-2025-LOT7,M05,-2,10,1,10
MEM-2025-LOT7,M05,-1,10,1,10
MEM-2025-LOT7,M05,0,10,1,10
MEM-2025-LOT7,M05,1,10,1,10
MEM-2025-LOT7,M05,2,10,1,10
MEM-2025-LOT7,M05,3,10,1,10
MEM-2025-LOT7,M05,4,10,1,10
MEM-2025-LOT7,M05,5,10,1,10
MEM-2025-LOT7,M05,6,10,1,10
MEM-2025-LOT7,M05,7,10,1,10
MEM-2025-LOT7,M05,8,10,2,30
MEM-2025-LOT7,M05,9,10,1,10
MEM-2025-LOT7,M05,10,10,1,10
MEM-2025-LOT7,M05,11,10,1,10
MEM-2025-LOT7,M05,12,10,1,10
MEM-2025-LOT7,M05,13,10,1,10
MEM-2025-LOT7,M05,14,10,1,10
MEM-2025-LOT7,M05,15,10,1,10
MEM-2025-LOT7,M05,16,10,1,10
MEM-2025-LOT7,M05,17,10,1,10
MEM-2025-LOT7,M05,18,10,1,10
MEM-2025-LOT7,M05,19,10,1,10
MEM-2025-LOT7,M05,20,10,1,10
MEM-2025-LOT7,M05,21,10,1,10
MEM-2025-LOT7,M05,22,10,1,10
MEM-2025-LOT7,M05,23,10,1,10
MEM-2025-LOT7,M05,24,10,4,21
MEM-2025-LOT7,M05,25,10,2,30
MEM-2025-LOT7,M05,26,10,1,10
MEM-2025-LOT7,M05,27,10,1,10
MEM-2025-LOT7,M05,28,10,1,10
MEM-2025-LOT7,M05,29,10,2,22
MEM-2025-LOT7,M05,30,10,4,30
MEM-2025-LOT7,M05,31,10,2,31
MEM-2025-LOT7,M05,-31,11,1,10
MEM-2025-LOT7,M05,-30,11,2,22
MEM-2025-LOT7,M05,-29,11,1,10
MEM-2025-LOT7,M05,-28,11,3,31
MEM-2025-LOT7,M05,-27,11,1,10
MEM-2025-LOT7,M05,-26,11,1,10
MEM-2025-LOT7,M05,-25,11,1,10
MEM-2025-LOT7,M05,-24,11,2,31
MEM-2025-LOT7,M05,-23,11,2,22
MEM-2025-LOT7,M05,-22,11,1,10
MEM-2025-LOT7,M05,-21,11,1,10
MEM-2025-LOT7,M05,-20,11,1,10
MEM-2025-LOT7,M05,-19,11,1,10
MEM-2025-LOT7,M05,-18,11,1,10
MEM-2025-LOT7,M05,-17,11,1,10
MEM-2025-LOT7,M05,-16,11,1,10
MEM-2025-LOT7,M05,-15,11,1,10
MEM-2025-LOT7,M05,-14,11,2,20
MEM-2025-LOT7,M05,-13,11,1,10
MEM-2025-LOT7,M05,-12,11,1,10
MEM-2025-LOT7,M05,-11,11,1,10
MEM-2025-LOT7,M05,-10,11,1,10
MEM-2025-LOT7,M05,-9,11,1,10
MEM-2025-LOT7,M05,-8,11,1,10
MEM-2025-LOT7,M05,-7,11,1,10
MEM-2025-LOT7,M05,-6,11,1,10
MEM-2025-LOT7,M05,-5,11,1,10
MEM-2025-LOT7,M05,-4,11,1,10
MEM-2025-LOT7,M05,-3,11,1,10
MEM-2025-LOT7,M05,-2,11,1,10
MEM-2025-LOT7,M05,-1,11,1,10
MEM-2025-LOT7,M05,0,11,1,10
MEM-2025-LOT7,M05,1,11,1,10
MEM-2025-LOT7,M05,2,11,1,10
MEM-2025-LOT7,M05,3,11,1,10
MEM-2025-LOT7,M05,4,11,1,10
MEM-2025-LOT7,M05,5,11,1,10
MEM-2025-LOT7,M05,6,11,1,10
MEM-2025-LOT7,M05,7,11,1,10
MEM-2025-LOT7,M05,8,11,1,10
MEM-2025-LOT7,M05,9,11,1,10
MEM-2025-LOT7,M05,10,11,1,10
MEM-2025-LOT7,M05,11,11,1,10
MEM-2025-LOT7,M05,12,11,1,10
MEM-2025-LOT7,M05,13,11,1,10
MEM-2025-LOT7,M05,14,11,1,10
MEM-2025-LOT7,M05,15,11,1,10
MEM-2025-LOT7,M05,16,11,1,10
MEM-2025-LOT7,M05,17,11,1,10
MEM-2025-LOT7,M05,18,11,1,10
MEM-2025-LOT7,M05,19,11,1,10
MEM-2025-LOT7,M05,20,11,1,10
MEM-2025-LOT7,M05,21,11,1,10
MEM-2025-LOT7,M05,22,11,1,10
MEM-2025-LOT7,M05,23,11,1,10
MEM-2025-LOT7,M05,24,11,2,31
MEM-2025-LOT7,M05,25,11,1,10
MEM-2025-LOT7,M05,26,11,1,10
MEM-2025-LOT7,M05,27,11,1,10
MEM-2025-LOT7,M05,28,11,3,31
MEM-2025-LOT7,M05,29,11,1,10
MEM-2025-LOT7,M05,30,11,1,10
MEM-2025-LOT7,M05,31,11,2,31
MEM-2025-LOT7,M05,-31,12,1,10
MEM-2025-LOT7,M05,-30,12,4,22
MEM-2025-LOT7,M05,-29,12,1,10
MEM-2025-LOT7,M05,-28,12,2,30
MEM-2025-LOT7,M05,-27,12,4,30
MEM-2025-LOT7,M05,-26,12,2,31
MEM-2025-LOT7,M05,-25,12,2,31
MEM-2025-LOT7,M05,-24,12,2,22
MEM-2025-LOT7,M05,-23,12,1,10
MEM-2025-LOT7,M05,-22,12,1,10
MEM-2025-LOT7,M05,-21,12,1,10
MEM-2025-LOT7,M05,-20,12,1,10
MEM-2025-LOT7,M05,-19,12,1,10
MEM-2025-LOT7,M05,-18,12,1,10
MEM-2025-LOT7,M05,-17,12,1,10
MEM-2025-LOT7,M05,-16,12,1,10
MEM-2025-LOT7,M05,-15,12,1,10
MEM-2025-LOT7,M05,-14,12,1,10
MEM-2025-LOT7,M05,-13,12,1,10
MEM-2025-LOT7,M05,-12,12,1,10
MEM-2025-LOT7,M05,-11,12,1,10
MEM-2025-LOT7,M05,-10,12,1,10
MEM-2025-LOT7,M05,-9,12,1,10
MEM-2025-LOT7,M05,-8,12,1,10
MEM-2025-LOT7,M05,-7,12,1,10
MEM-2025-LOT7,M05,-6,12,1,10
MEM-2025-LOT7,M05,-5,12,1,10
MEM-2025-LOT7,M05,-4,12,1,10
MEM-2025-LOT7,M05,-3,12,1,10
MEM-2025-LOT7,M05,-2,12,1,10
MEM-2025-LOT7,M05,-1,12,1,10
MEM-2025-LOT7,M05,0,12,1,10
MEM-2025-LOT7,M05,1,12,1,10
MEM-2025-LOT7,M05,2,12,1,10
MEM-2025-LOT7,M05,3,12,1,10
MEM-2025-LOT7,M05,4,12,1,10
MEM-2025-LOT7,M05,5,12,1,10
MEM-2025-LOT7,M05,6,12,1,10
MEM-2025-LOT7,M05,7,12,1,10
MEM-2025-LOT7,M05,8,12,1,10
MEM-2025-LOT7,M05,9,12,1,10
MEM-2025-LOT7,M05,10,12,1,10
MEM-2025-LOT7,M05,11,12,1,10
MEM-2025-LOT7,M05,12,12,1,10
MEM-2025-LOT7,M05,13,12,1,10
MEM-2025-LOT7,M05,14,12,1,10
MEM-2025-LOT7,M05,15,12,1,10
MEM-2025-LOT7,M05,16,12,1,10
MEM-2025-LOT7,M05,17,12,1,10
MEM-2025-LOT7,M05,18,12,1,10
MEM-2025-LOT7,M05,19,12,1,10
MEM-2025-LOT7,M05,20,12,1,10
MEM-2025-LOT7,M05,21,12,1,10
MEM-2025-LOT7,M05,22,12,1,10
MEM-2025-LOT7,M05,23,12,1,10
MEM-2025-LOT7,M05,24,12,1,10
MEM-2025-LOT7,M05,25,12,1,10
MEM-2025-LOT7,M05,26,12,1,10
MEM-2025-LOT7,M05,27,12,1,10
MEM-2025-LOT7,M05,28,12,4,22
MEM-2025-LOT7,M05,29,12,2,21
MEM-2025-LOT7,M05,30,12,1,10
MEM-2025-LOT7,M05,31,12,2,21
MEM-2025-LOT7,M05,-31,13,1,10
MEM-2025-LOT7,M05,-30,13,1,10
MEM-2025-LOT7,M05,-29,13,1,10
MEM-2025-LOT7,M05,-28,13,2,20
MEM-2025-LOT7,M05,-27,13,1,10
MEM-2025-LOT7,M05,-26,13,3,20
MEM-2025-LOT7,M05,-25,13,1,10
MEM-2025-LOT7,M05,-24,13,1,10
MEM-2025-LOT7,M05,-23,13,2,21
MEM-2025-LOT7,M05,-22,13,1,10
MEM-2025-LOT7,M05,-21,13,1,10
MEM-2025-LOT7,M05,-20,13,1,10
MEM-2025-LOT7,M05,-19,13,1,10
MEM-2025-LOT7,M05,-18,13,1,10
MEM-2025-LOT7,M05,-17,13,1,10
MEM-2025-LOT7,M05,-16,13,1,10
MEM-2025-LOT7,M05,-15,13,1,10
MEM-2025-LOT7,M05,-14,13,1,10
MEM-2025-LOT7,M05,-13,13,1,10
MEM-2025-LOT7,M05,-12,13,1,10
MEM-2025-LOT7,M05,-11,13,1,10
MEM-2025-LOT7,M05,-10,13,1,10
MEM-2025-LOT7,M05,-9,13,1,10
MEM-2025-LOT7,M05,-8,13,1,10
MEM-2025-LOT7,M05,-7,13,1,10
MEM-2025-LOT7,M05,-6,13,1,10
MEM-2025-LOT7,M05,-5,13,1,10
MEM-2025-LOT7,M05,-4,13,1,10
MEM-2025-LOT7,M05,-3,13,1,10
MEM-2025-LOT7,M05,-2,13,1,10
MEM-2025-LOT7,M05,-1,13,1,10
MEM-2025-LOT7,M05,0,13,1,10
MEM-2025-LOT7,M05,1,13,1,10
MEM-2025-LOT7,M05,2,13,1,10
MEM-2025-LOT7,M05,3,13,1,10
MEM-2025-LOT7,M05,4,13,1,10
MEM-2025-LOT7,M05,5,13,1,10
MEM-2025-LOT7,M05,6,13,1,10
MEM-2025-LOT7,M05,7,13,1,10
MEM-2025-LOT7,M05,8,13,1,10
MEM-2025-LOT7,M05,9,13,1,10
MEM-2025-LOT7,M05,10,13,1,10
MEM-2025-LOT7,M05,11,13,1,10
MEM-2025-LOT7,M05,12,13,1,10
MEM-2025-LOT7,M05,13,13,1,10
MEM-2025-LOT7,M05,14,13,1,10
MEM-2025-LOT7,M05,15,13,1,10
MEM-2025-LOT7,M05,16,13,1,10
MEM-2025-LOT7,M05,17,13,1,10
MEM-2025-LOT7,M05,18,13,1,10
MEM-2025-LOT7,M05,19,13,2,22
MEM-2025-LOT7,M05,20,13,1,10
MEM-2025-LOT7,M05,21,13,1,10
MEM-2025-LOT7,M05,22,13,1,10
MEM-2025-LOT7,M05,23,13,1,10
MEM-2025-LOT7,M05,24,13,1,10
MEM-2025-LOT7,M05,25,13,1,10
MEM-2025-LOT7,M05,26,13,3,21
MEM-2025-LOT7,M05,27,13,4,22
MEM-2025-LOT7,M05,28,13,1,10
MEM-2025-LOT7,M05,29,13,1,10
MEM-2025-LOT7,M05,30,13,3,22
MEM-2025-LOT7,M05,31,13,2,21
MEM-2025-LOT7,M05,-30,14,2,30
MEM-2025-LOT7,M05,-29,14,1,10
MEM-2025-LOT7,M05,-28,14,4,31
MEM-2025-LOT7,M05,-27,14,3,31
MEM-2025-LOT7,M05,-26,14,1,10
MEM-2025-LOT7,M05,-25,14,1,10
MEM-2025-LOT7,M05,-24,14,1,10
MEM-2025-LOT7,M05,-23,14,2,31
MEM-2025-LOT7,M05,-22,14,1,10
MEM-2025-LOT7,M05,-21,14,1,10
MEM-2025-LOT7,M05,-20,14,1,10
MEM-2025-LOT7,M05,-19,14,1,10
MEM-2025-LOT7,M05,-18,14,1,10
MEM-2025-LOT7,M05,-17,14,2,31
MEM-2025-LOT7,M05,-16,14,1,10
MEM-2025-LOT7,M05,-15,14,1,10
MEM-2025-LOT7,M05,-14,14,1,10
MEM-2025-LOT7,M05,-13,14,1,10
MEM-2025-LOT7,M05,-12,14,1,10
MEM-2025-LOT7,M05,-11,14,1,10
MEM-2025-LOT7,M05,-10,14,1,10
MEM-2025-LOT7,M05,-9,14,1,10
MEM-2025-LOT7,M05,-8,14,1,10
MEM-2025-LOT7,M05,-7,14,1,10
MEM-2025-LOT7,M05,-6,14,1,10
MEM-2025-LOT7,M05,-5,14,1,10
MEM-2025-LOT7,M05,-4,14,1,10
MEM-2025-LOT7,M05,-3,14,1,10
MEM-2025-LOT7,M05,-2,14,1,10
MEM-2025-LOT7,M05,-1,14,1,10
MEM-2025-LOT7,M05,0,14,1,10
MEM-2025-LOT7,M05,1,14,1,10
MEM-2025-LOT7,M05,2,14,1,10
MEM-2025-LOT7,M05,3,14,1,10
MEM-2025-LOT7,M05,4,14,1,10
MEM-2025-LOT7,M05,5,14,1,10
MEM-2025-LOT7,M05,6,14,1,10
MEM-2025-LOT7,M05,7,14,1,10
MEM-2025-LOT7,M05,8,14,1,10
MEM-2025-LOT7,M05,9,14,1,10
MEM-2025-LOT7,M05,10,14,1,10
MEM-2025-LOT7,M05,11,14,1,10
MEM-2025-LOT7,M05,12,14,1,10
MEM-2025-LOT7,M05,13,14,1,10
MEM-2025-LOT7,M05,14,14,1,10
MEM-2025-LOT7,M05,15,14,1,10
MEM-2025-LOT7,M05,16,14,1,10
MEM-2025-LOT7,M05,17,14,1,10
MEM-2025-LOT7,M05,18,14,1,10
MEM-2025-LOT7,M05,19,14,1,10
MEM-2025-LOT7,M05,20,14,1,10
MEM-2025-LOT7,M05,21,14,1,10
MEM-2025-LOT7,M05,22,14,1,10
MEM-2025-LOT7,M05,23,14,1,10
MEM-2025-LOT7,M05,24,14,4,30
MEM-2025-LOT7,M05,25,14,1,10
MEM-2025-LOT7,M05,26,14,2,21
MEM-2025-LOT7,M05,27,14,2,20
MEM-2025-LOT7,M05,28,14,1,10
MEM-2025-LOT7,M05,29,14,2,30
MEM-2025-LOT7,M05,30,14,1,10
MEM-2025-LOT7,M05,-30,15,2,22
MEM-2025-LOT7,M05,-29,15,2,30
MEM-2025-LOT7,M05,-28,15,2,22
MEM-2025-LOT7,M05,-27,15,1,10
MEM-2025-LOT7,M05,-26,15,2,31
MEM-2025-LOT7,M05,-25,15,1,10
MEM-2025-LOT7,M05,-24,15,1,10
MEM-2025-LOT7,M05,-23,15,1,10
MEM-2025-LOT7,M05,-22,15,2,20
MEM-2025-LOT7,M05,-21,15,1,10
MEM-2025-LOT7,M05,-20,15,1,10
MEM-2025-LOT7,M05,-19,15,1,10
MEM-2025-LOT7,M05,-18,15,1,10
MEM-2025-LOT7,M05,-17,15,1,10
MEM-2025-LOT7,M05,-16,15,1,10
MEM-2025-LOT7,M05,-15,15,1,10
MEM-2025-LOT7,M05,-14,15,1,10
MEM-2025-LOT7,M05,-13,15,1,10
MEM-2025-LOT7,M05,-12,15,1,10
MEM-2025-LOT7,M05,-11,15,1,10
MEM-2025-LOT7,M05,-10,15,1,10
MEM-2025-LOT7,M05,-9,15,1,10
MEM-2025-LOT7,M05,-8,15,1,10
MEM-2025-LOT7,M05,-7,15,3,31
MEM-2025-LOT7,M05,-6,15,1,10
MEM-2025-LOT7,M05,-5,15,1,10
MEM-2025-LOT7,M05,-4,15,1,10
MEM-2025-LOT7,M05,-3,15,1,10
MEM-2025-LOT7,M05,-2,15,1,10
MEM-2025-LOT7,M05,-1,15,1,10
MEM-2025-LOT7,M05,0,15,1,10
MEM-2025-LOT7,M05,1,15,1,10
MEM-2025-LOT7,M05,2,15,1,10
MEM-2025-LOT7,M05,3,15,1,10
MEM-2025-LOT7,M05,4,15,1,10
MEM-2025-LOT7,M05,5,15,1,10
MEM-2025-LOT7,M05,6,15,1,10
MEM-2025-LOT7,M05,7,15,1,10
MEM-2025-LOT7,M05,8,15,1,10
MEM-2025-LOT7,M05,9,15,1,10
MEM-2025-LOT7,M05,10,15,1,10
MEM-2025-LOT7,M05,11,15,1,10
MEM-2025-LOT7,M05,12,15,1,10
MEM-2025-LOT7,M05,13,15,1,10
MEM-2025-LOT7,M05,14,15,1,10
MEM-2025-LOT7,M05,15,15,1,10
MEM-2025-LOT7,M05,16,15,1,10
MEM-2025-LOT7,M05,17,15,1,10
MEM-2025-LOT7,M05,18,15,1,10
MEM-2025-LOT7,M05,19,15,1,10
MEM-2025-LOT7,M05,20,15,1,10
MEM-2025-LOT7,M05,21,15,1,10
MEM-2025-LOT7,M05,22,15,1,10
MEM-2025-LOT7,M05,23,15,3,31
MEM-2025-LOT7,M05,24,15,1,10
MEM-2025-LOT7,M05,25,15,1,10
MEM-2025-LOT7,M05,26,15,2,31
MEM-2025-LOT7,M05,27,15,2,22
MEM-2025-LOT7,M05,28,15,1,10
MEM-2025-LOT7,M05,29,15,2,31
MEM-2025-LOT7,M05,30,15,3,30
MEM-2025-LOT7,M05,-30,16,1,10
MEM-2025-LOT7,M05,-29,16,2,22
MEM-2025-LOT7,M05,-28,16,4,21
MEM-2025-LOT7,M05,-27,16,2,30
MEM-2025-LOT7,M05,-26,16,1,10
MEM-2025-LOT7,M05,-25,16,3,22
MEM-2025-LOT7,M05,-24,16,1,10
MEM-2025-LOT7,M05,-23,16,1,10
MEM-2025-LOT7,M05,-22,16,1,10
MEM-2025-LOT7,M05,-21,16,2,31
MEM-2025-LOT7,M05,-20,16,1,10
MEM-2025-LOT7,M05,-19,16,1,10
MEM-2025-LOT7,M05,-18,16,1,10
MEM-2025-LOT7,M05,-17,16,1,10
MEM-2025-LOT7,M05,-16,16,1,10
MEM-2025-LOT7,M05,-15,16,1,10
MEM-2025-LOT7,M05,-14,16,1,10
MEM-2025-LOT7,M05,-13,16,1,10
MEM-2025-LOT7,M05,-12,16,1,10
MEM-2025-LOT7,M05,-11,16,1,10
MEM-2025-LOT7,M05,-10,16,1,10
MEM-2025-LOT7,M05,-9,16,1,10
MEM-2025-LOT7,M05,-8,16,1,10
MEM-2025-LOT7,M05,-7,16,1,10
MEM-2025-LOT7,M05,-6,16,1,10
MEM-2025-LOT7,M05,-5,16,1,10
MEM-2025-LOT7,M05,-4,16,1,10
MEM-2025-LOT7,M05,-3,16,1,10
MEM-2025-LOT7,M05,-2,16,1,10
MEM-2025-LOT7,M05,-1,16,1,10
MEM-2025-LOT7,M05,0,16,1,10
MEM-2025-LOT7,M05,1,16,1,10
MEM-2025-LOT7,M05,2,16,1,10
MEM-2025-LOT7,M05,3,16,1,10
MEM-2025-LOT7,M05,4,16,1,10
MEM-2025-LOT7,M05,5,16,1,10
MEM-2025-LOT7,M05,6,16,1,10
MEM-2025-LOT7,M05,7,16,1,10
MEM-2025-LOT7,M05,8,16,1,10
MEM-2025-LOT7,M05,9,16,1,10
MEM-2025-LOT7,M05,10,16,1,10
MEM-2025-LOT7,M05,11,16,1,10
MEM-2025-LOT7,M05,12,16,1,10
MEM-2025-LOT7,M05,13,16,1,10
MEM-2025-LOT7,M05,14,16,1,10
MEM-2025-LOT7,M05,15,16,1,10
MEM-2025-LOT7,M05,16,16,1,10
MEM-2025-LOT7,M05,17,16,1,10
MEM-2025-LOT7,M05,18,16,1,10
MEM-2025-LOT7,M05,19,16,1,10
MEM-2025-LOT7,M05,20,16,1,10
MEM-2025-LOT7,M05,21,16,1,10
MEM-2025-LOT7,M05,22,16,2,20
MEM-2025-LOT7,M05,23,16,2,30
MEM-2025-LOT7,M05,24,16,3,20
MEM-2025-LOT7,M05,25,16,2,31
MEM-2025-LOT7,M05,26,16,1,10
MEM-2025-LOT7,M05,27,16,3,22
MEM-2025-LOT7,M05,28,16,2,30
MEM-2025-LOT7,M05,29,16,4,22
MEM-2025-LOT7,M05,30,16,1,10
MEM-2025-LOT7,M05,-30,17,1,10
MEM-2025-LOT7,M05,-29,17,1,10
MEM-2025-LOT7,M05,-28,17,1,10
MEM-2025-LOT7,M05,-27,17,1,10
MEM-2025-LOT7,M05,-26,17,1,10
MEM-2025-LOT7,M05,-25,17,2,30
MEM-2025-LOT7,M05,-24,17,4,20
MEM-2025-LOT7,M05,-23,17,1,10
MEM-2025-LOT7,M05,-22,17,1,10
MEM-2025-LOT7,M05,-21,17,1,10
MEM-2025-LOT7,M05,-20,17,1,10
MEM-2025-LOT7,M05,-19,17,1,10
MEM-2025-LOT7,M05,-18,17,1,10
MEM-2025-LOT7,M05,-17,17,1,10
MEM-2025-LOT7,M05,-16,17,1,10
MEM-2025-LOT7,M05,-15,17,1,10
MEM-2025-LOT7,M05,-14,17,1,10
MEM-2025-LOT7,M05,-13,17,1,10
MEM-2025-LOT7,M05,-12,17,1,10
MEM-2025-LOT7,M05,-11,17,1,10
MEM-2025-LOT7,M05,-10,17,2,21
MEM-2025-LOT7,M05,-9,17,1,10
MEM-2025-LOT7,M05,-8,17,1,10
MEM-2025-LOT7,M05,-7,17,1,10
MEM-2025-LOT7,M05,-6,17,1,10
MEM-2025-LOT7,M05,-5,17,1,10
MEM-2025-LOT7,M05,-4,17,1,10
MEM-2025-LOT7,M05,-3,17,1,10
MEM-2025-LOT7,M05,-2,17,1,10
MEM-2025-LOT7,M05,-1,17,1,10
MEM-2025-LOT7,M05,0,17,1,10
MEM-2025-LOT7,M05,1,17,1,10
MEM-2025-LOT7,M05,2,17,1,10
MEM-2025-LOT7,M05,3,17,1,10
MEM-2025-LOT7,M05,4,17,1,10
MEM-2025-LOT7,M05,5,17,1,10
MEM-2025-LOT7,M05,6,17,1,10
MEM-2025-LOT7,M05,7,17,1,10
MEM-2025-LOT7,M05,8,17,1,10
MEM-2025-LOT7,M05,9,17,1,10
MEM-2025-LOT7,M05,10,17,1,10
MEM-2025-LOT7,M05,11,17,1,10
MEM-2025-LOT7,M05,12,17,1,10
MEM-2025-LOT7,M05,13,17,1,10
MEM-2025-LOT7,M05,14,17,1,10
MEM-2025-LOT7,M05,15,17,1,10
MEM-2025-LOT7,M05,16,17,1,10
MEM-2025-LOT7,M05,17,17,1,10
MEM-2025-LOT7,M05,18,17,1,10
MEM-2025-LOT7,M05,19,17,1,10
MEM-2025-LOT7,M05,20,17,1,10
MEM-2025-LOT7,M05,21,17,1,10
MEM-2025-LOT7,M05,22,17,3,22
MEM-2025-LOT7,M05,23,17,1,10
MEM-2025-LOT7,M05,24,17,3,20
MEM-2025-LOT7,M05,25,17,1,10
MEM-2025-LOT7,M05,26,17,1,10
MEM-2025-LOT7,M05,27,17,2,20
MEM-2025-LOT7,M05,28,17,3,21
MEM-2025-LOT7,M05,29,17,1,10
MEM-2025-LOT7,M05,30,17,1,10
MEM-2025-LOT7,M05,-30,18,1,10
MEM-2025-LOT7,M05,-29,18,4,21
MEM-2025-LOT7,M05,-28,18,1,10
MEM-2025-LOT7,M05,-27,18,1,10
MEM-2025-LOT7,M05,-26,18,1,10
MEM-2025-LOT7,M05,-25,18,1,10
MEM-2025-LOT7,M05,-24,18,1,10
MEM-2025-LOT7,M05,-23,18,3,20
MEM-2025-LOT7,M05,-22,18,1,10
MEM-2025-LOT7,M05,-21,18,2,21
MEM-2025-LOT7,M05,-20,18,1,10
MEM-2025-LOT7,M05,-19,18,1,10
MEM-2025-LOT7,M05,-18,18,1,10
MEM-2025-LOT7,M05,-17,18,1,10
MEM-2025-LOT7,M05,-16,18,1,10
MEM-2025-LOT7,M05,-15,18,1,10
MEM-2025-LOT7,M05,-14,18,1,10
MEM-2025-LOT7,M05,-13,18,1,10
MEM-2025-LOT7,M05,-12,18,1,10
MEM-2025-LOT7,M05,-11,18,1,10
MEM-2025-LOT7,M05,-10,18,1,10
MEM-2025-LOT7,M05,-9,18,1,10
MEM-2025-LOT7,M05,-8,18,1,10
MEM-2025-LOT7,M05,-7,18,1,10
MEM-2025-LOT7,M05,-6,18,1,10
MEM-2025-LOT7,M05,-5,18,1,10
MEM-2025-LOT7,M05,-4,18,1,10
MEM-2025-LOT7,M05,-3,18,1,10
MEM-2025-LOT7,M05,-2,18,1,10
MEM-2025-LOT7,M05,-1,18,1,10
MEM-2025-LOT7,M05,0,18,1,10
MEM-2025-LOT7,M05,1,18,1,10
MEM-2025-LOT7,M05,2,18,1,10
MEM-2025-LOT7,M05,3,18,1,10
MEM-2025-LOT7,M05,4,18,2,20
MEM-2025-LOT7,M05,5,18,1,10
MEM-2025-LOT7,M05,6,18,1,10
MEM-2025-LOT7,M05,7,18,1,10
MEM-2025-LOT7,M05,8,18,1,10
MEM-2025-LOT7,M05,9,18,1,10
MEM-2025-LOT7,M05,10,18,1,10
MEM-2025-LOT7,M05,11,18,1,10
MEM-2025-LOT7,M05,12,18,1,10
MEM-2025-LOT7,M05,13,18,1,10
MEM-2025-LOT7,M05,14,18,1,10
MEM-2025-LOT7,M05,15,18,1,10
MEM-2025-LOT7,M05,16,18,1,10
MEM-2025-LOT7,M05,17,18,1,10
MEM-2025-LOT7,M05,18,18,1,10
MEM-2025-LOT7,M05,19,18,1,10
MEM-2025-LOT7,M05,20,18,1,10
MEM-2025-LOT7,M05,21,18,1,10
MEM-2025-LOT7,M05,22,18,1,10
MEM-2025-LOT7,M05,23,18,3,30
MEM-2025-LOT7,M05,24,18,3,21
MEM-2025-LOT7,M05,25,18,3,21
MEM-2025-LOT7,M05,26,18,2,20
MEM-2025-LOT7,M05,27,18,1,10
MEM-2025-LOT7,M05,28,18,2,31
MEM-2025-LOT7,M05,29,18,3,30
MEM-2025-LOT7,M05,30,18,1,10
MEM-2025-LOT7,M05,-29,19,3,20
MEM-2025-LOT7,M05,-28,19,1,10
MEM-2025-LOT7,M05,-27,19,1,10
MEM-2025-LOT7,M05,-26,19,2,30
MEM-2025-LOT7,M05,-25,19,1,10
MEM-2025-LOT7,M05,-24,19,1,10
MEM-2025-LOT7,M05,-23,19,4,30
MEM-2025-LOT7,M05,-22,19,1,10
MEM-2025-LOT7,M05,-21,19,1,10
MEM-2025-LOT7,M05,-20,19,2,20
MEM-2025-LOT7,M05,-19,19,1,10
MEM-2025-LOT7,M05,-18,19,1,10
MEM-2025-LOT7,M05,-17,19,1,10
MEM-2025-LOT7,M05,-16,19,1,10
MEM-2025-LOT7,M05,-15,19,1,10
MEM-2025-LOT7,M05,-14,19,1,10
MEM-2025-LOT7,M05,-13,19,2,30
MEM-2025-LOT7,M05,-12,19,1,10
MEM-2025-LOT7,M05,-11,19,1,10
MEM-2025-LOT7,M05,-10,19,1,10
MEM-2025-LOT7,M05,-9,19,1,10
MEM-2025-LOT7,M05,-8,19,1,10
MEM-2025-LOT7,M05,-7,19,1,10
MEM-2025-LOT7,M05,-6,19,1,10
MEM-2025-LOT7,M05,-5,19,1,10
MEM-2025-LOT7,M05,-4,19,1,10
MEM-2025-LOT7,M05,-3,19,1,10
MEM-2025-LOT7,M05,-2,19,1,10
MEM-2025-LOT7,M05,-1,19,1,10
MEM-2025-LOT7,M05,0,19,1,10
MEM-2025-LOT7,M05,1,19,1,10
MEM-2025-LOT7,M05,2,19,1,10
MEM-2025-LOT7,M05,3,19,1,10
MEM-2025-LOT7,M05,4,19,1,10
MEM-2025-LOT7,M05,5,19,1,10
MEM-2025-LOT7,M05,6,19,1,10
MEM-2025-LOT7,M05,7,19,1,10
MEM-2025-LOT7,M05,8,19,1,10
MEM-2025-LOT7,M05,9,19,1,10
MEM-2025-LOT7,M05,10,19,1,10
MEM-2025-LOT7,M05,11,19,1,10
MEM-2025-LOT7,M05,12,19,1,10
MEM-2025-LOT7,M05,13,19,1,10
MEM-2025-LOT7,M05,14,19,1,10
MEM-2025-LOT7,M05,15,19,1,10
MEM-2025-LOT7,M05,16,19,1,10
MEM-2025-LOT7,M05,17,19,1,10
MEM-2025-LOT7,M05,18,19,1,10
MEM-2025-LOT7,M05,19,19,1,10
MEM-2025-LOT7,M05,20,19,3,20
MEM-2025-LOT7,M05,21,19,4,20
MEM-2025-LOT7,M05,22,19,2,30
MEM-2025-LOT7,M05,23,19,1,10
MEM-2025-LOT7,M05,24,19,1,10
MEM-2025-LOT7,M05,25,19,2,22
MEM-2025-LOT7,M05,26,19,3,22
MEM-2025-LOT7,M05,27,19,2,22
MEM-2025-LOT7,M05,28,19,2,30
MEM-2025-LOT7,M05,29,19,1,10
MEM-2025-LOT7,M05,-29,20,2,20
MEM-2025-LOT7,M05,-28,20,3,20
MEM-2025-LOT7,M05,-27,20,1,10
MEM-2025-LOT7,M05,-26,20,1,10
MEM-2025-LOT7,M05,-25,20,1,10
MEM-2025-LOT7,M05,-24,20,2,30
MEM-2025-LOT7,M05,-23,20,2,30
MEM-2025-LOT7,M05,-22,20,2,30
MEM-2025-LOT7,M05,-21,20,1,10
MEM-2025-LOT7,M05,-20,20,2,31
MEM-2025-LOT7,M05,-19,20,1,10
MEM-2025-LOT7,M05,-18,20,1,10
MEM-2025-LOT7,M05,-17,20,1,10
MEM-2025-LOT7,M05,-16,20,1,10
MEM-2025-LOT7,M05,-15,20,1,10
MEM-2025-LOT7,M05,-14,20,1,10
MEM-2025-LOT7,M05,-13,20,1,10
MEM-2025-LOT7,M05,-12,20,1,10
MEM-2025-LOT7,M05,-11,20,1,10
MEM-2025-LOT7,M05,-10,20,1,10
MEM-2025-LOT7,M05,-9,20,3,21
MEM-2025-LOT7,M05,-8,20,1,10
MEM-2025-LOT7,M05,-7,20,1,10
MEM-2025-LOT7,M05,-6,20,1,10
MEM-2025-LOT7,M05,-5,20,1,10
MEM-2025-LOT7,M05,-4,20,1,10
MEM-2025-LOT7,M05,-3,20,1,10
MEM-2025-LOT7,M05,-2,20,1,10
MEM-2025-LOT7,M05,-1,20,1,10
MEM-2025-LOT7,M05,0,20,1,10
MEM-2025-LOT7,M05,1,20,1,10
MEM-2025-LOT7,M05,2,20,1,10
MEM-2025-LOT7,M05,3,20,1,10
MEM-2025-LOT7,M05,4,20,1,10
MEM-2025-LOT7,M05,5,20,1,10
MEM-2025-LOT7,M05,6,20,1,10
MEM-2025-LOT7,M05,7,20,1,10
MEM-2025-LOT7,M05,8,20,1,10
MEM-2025-LOT7,M05,9,20,2,31
MEM-2025-LOT7,M05,10,20,1,10
MEM-2025-LOT7,M05,11,20,1,10
MEM-2025-LOT7,M05,12,20,1,10
MEM-2025-LOT7,M05,13,20,1,10
MEM-2025-LOT7,M05,14,20,4,22
MEM-2025-LOT7,M05,15,20,1,10
MEM-2025-LOT7,M05,16,20,1,10
MEM-2025-LOT7,M05,17,20,1,10
MEM-2025-LOT7,M05,18,20,1,10
MEM-2025-LOT7,M05,19,20,1,10
MEM-2025-LOT7,M05,20,20,1,10
MEM-2025-LOT7,M05,21,20,2,30
MEM-2025-LOT7,M05,22,20,4,30
MEM-2025-LOT7,M05,23,20,1,10
MEM-2025-LOT7,M05,24,20,2,20
MEM-2025-LOT7,M05,25,20,1,10
MEM-2025-LOT7,M05,26,20,1,10
MEM-2025-LOT7,M05,27,20,3,30
MEM-2025-LOT7,M05,28,20,1,10
MEM-2025-LOT7,M05,29,20,1,10
MEM-2025-LOT7,M05,-29,21,1,10
MEM-2025-LOT7,M05,-28,21,2,22
MEM-2025-LOT7,M05,-27,21,2,21
MEM-2025-LOT7,M05,-26,21,1,10
MEM-2025-LOT7,M05,-25,21,1,10
MEM-2025-LOT7,M05,-24,21,2,21
MEM-2025-LOT7,M05,-23,21,3,20
MEM-2025-LOT7,M05,-22,21,2,30
MEM-2025-LOT7,M05,-21,21,2,20
MEM-2025-LOT7,M05,-20,21,2,30
MEM-2025-LOT7,M05,-19,21,1,10
MEM-2025-LOT7,M05,-18,21,1,10
MEM-2025-LOT7,M05,-17,21,1,10
MEM-2025-LOT7,M05,-16,21,1,10
MEM-2025-LOT7,M05,-15,21,1,10
MEM-2025-LOT7,M05,-14,21,1,10
MEM-2025-LOT7,M05,-13,21,1,10
MEM-2025-LOT7,M05,-12,21,1,10
MEM-2025-LOT7,M05,-11,21,1,10
MEM-2025-LOT7,M05,-10,21,1,10
MEM-2025-LOT7,M05,-9,21,1,10
MEM-2025-LOT7,M05,-8,21,1,10
MEM-2025-LOT7,M05,-7,21,1,10
MEM-2025-LOT7,M05,-6,21,1,10
MEM-2025-LOT7,M05,-5,21,1,10
MEM-2025-LOT7,M05,-4,21,1,10
MEM-2025-LOT7,M05,-3,21,1,10
MEM-2025-LOT7,M05,-2,21,1,10
MEM-2025-LOT7,M05,-1,21,1,10
MEM-2025-LOT7,M05,0,21,1,10
MEM-2025-LOT7,M05,1,21,1,10
MEM-2025-LOT7,M05,2,21,1,10
MEM-2025-LOT7,M05,3,21,1,10
MEM-2025-LOT7,M05,4,21,2,21
MEM-2025-LOT7,M05,5,21,1,10
MEM-2025-LOT7,M05,6,21,1,10
MEM-2025-LOT7,M05,7,21,1,10
MEM-2025-LOT7,M05,8,21,1,10
MEM-2025-LOT7,M05,9,21,1,10
MEM-2025-LOT7,M05,10,21,1,10
MEM-2025-LOT7,M05,11,21,1,10
MEM-2025-LOT7,M05,12,21,1,10
MEM-2025-LOT7,M05,13,21,1,10
MEM-2025-LOT7,M05,14,21,1,10
MEM-2025-LOT7,M05,15,21,3,30
MEM-2025-LOT7,M05,16,21,1,10
MEM-2025-LOT7,M05,17,21,1,10
MEM-2025-LOT7,M05,18,21,1,10
MEM-2025-LOT7,M05,19,21,1,10
MEM-2025-LOT7,M05,20,21,1,10
MEM-2025-LOT7,M05,21,21,4,31
MEM-2025-LOT7,M05,22,21,1,10
MEM-2025-LOT7,M05,23,21,1,10
MEM-2025-LOT7,M05,24,21,4,21
MEM-2025-LOT7,M05,25,21,1,10
MEM-2025-LOT7,M05,26,21,1,10
MEM-2025-LOT7,M05,27,21,4,31
MEM-2025-LOT7,M05,28,21,1,10
MEM-2025-LOT7,M05,29,21,1,10
MEM-2025-LOT7,M05,-28,22,2,22
MEM-2025-LOT7,M05,-27,22,1,10
MEM-2025-LOT7,M05,-26,22,1,10
MEM-2025-LOT7,M05,-25,22,1,10
MEM-2025-LOT7,M05,-24,22,1,10
MEM-2025-LOT7,M05,-23,22,4,30
MEM-2025-LOT7,M05,-22,22,1,10
MEM-2025-LOT7,M05,-21,22,4,30
MEM-2025-LOT7,M05,-20,22,1,10
MEM-2025-LOT7,M05,-19,22,3,20
MEM-2025-LOT7,M05,-18,22,1,10
MEM-2025-LOT7,M05,-17,22,1,10
MEM-2025-LOT7,M05,-16,22,1,10
MEM-2025-LOT7,M05,-15,22,1,10
MEM-2025-LOT7,M05,-14,22,1,10
MEM-2025-LOT7,M05,-13,22,1,10
MEM-2025-LOT7,M05,-12,22,1,10
MEM-2025-LOT7,M05,-11,22,1,10
MEM-2025-LOT7,M05,-10,22,1,10
MEM-2025-LOT7,M05,-9,22,1,10
MEM-2025-LOT7,M05,-8,22,1,10
MEM-2025-LOT7,M05,-7,22,1,10
MEM-2025-LOT7,M05,-6,22,1,10
MEM-2025-LOT7,M05,-5,22,1,10
MEM-2025-LOT7,M05,-4,22,1,10
MEM-2025-LOT7,M05,-3,22,1,10
MEM-2025-LOT7,M05,-2,22,1,10
MEM-2025-LOT7,M05,-1,22,1,10
MEM-2025-LOT7,M05,0,22,1,10
MEM-2025-LOT7,M05,1,22,1,10
MEM-2025-LOT7,M05,2,22,1,10
MEM-2025-LOT7,M05,3,22,1,10
MEM-2025-LOT7,M05,4,22,1,10
MEM-2025-LOT7,M05,5,22,1,10
MEM-2025-LOT7,M05,6,22,1,10
MEM-2025-LOT7,M05,7,22,1,10
MEM-2025-LOT7,M05,8,22,1,10
MEM-2025-LOT7,M05,9,22,1,10
MEM-2025-LOT7,M05,10,22,1,10
MEM-2025-LOT7,M05,11,22,1,10
MEM-2025-LOT7,M05,12,22,1,10
MEM-2025-LOT7,M05,13,22,1,10
MEM-2025-LOT7,M05,14,22,1,10
MEM-2025-LOT7,M05,15,22,1,10
MEM-2025-LOT7,M05,16,22,2,22
MEM-2025-LOT7,M05,17,22,1,10
MEM-2025-LOT7,M05,18,22,1,10
MEM-2025-LOT7,M05,19,22,1,10
MEM-2025-LOT7,M05,20,22,1,10
MEM-2025-LOT7,M05,21,22,2,20
MEM-2025-LOT7,M05,22,22,1,10
MEM-2025-LOT7,M05,23,22,1,10
MEM-2025-LOT7,M05,24,22,1,10
MEM-2025-LOT7,M05,25,22,1,10
MEM-2025-LOT7,M05,26,22,4,21
MEM-2025-LOT7,M05,27,22,1,10
MEM-2025-LOT7,M05,28,22,1,10
MEM-2025-LOT7,M05,-28,23,1,10
MEM-2025-LOT7,M05,-27,23,2,31
MEM-2025-LOT7,M05,-26,23,2,31
MEM-2025-LOT7,M05,-25,23,1,10
MEM-2025-LOT7,M05,-24,23,1,10
MEM-2025-LOT7,M05,-23,23,1,10
MEM-2025-LOT7,M05,-22,23,2,22
MEM-2025-LOT7,M05,-21,23,1,10
MEM-2025-LOT7,M05,-20,23,1,10
MEM-2025-LOT7,M05,-19,23,1,10
MEM-2025-LOT7,M05,-18,23,3,21
MEM-2025-LOT7,M05,-17,23,1,10
MEM-2025-LOT7,M05,-16,23,1,10
MEM-2025-LOT7,M05,-15,23,1,10
MEM-2025-LOT7,M05,-14,23,1,10
MEM-2025-LOT7,M05,-13,23,1,10
MEM-2025-LOT7,M05,-12,23,1,10
MEM-2025-LOT7,M05,-11,23,1,10
MEM-2025-LOT7,M05,-10,23,1,10
MEM-2025-LOT7,M05,-9,23,1,10
MEM-2025-LOT7,M05,-8,23,1,10
MEM-2025-LOT7,M05,-7,23,1,10
MEM-2025-LOT7,M05,-6,23,1,10
MEM-2025-LOT7,M05,-5,23,1,10
MEM-2025-LOT7,M05,-4,23,1,10
MEM-2025-LOT7,M05,-3,23,1,10
MEM-2025-LOT7,M05,-2,23,1,10
MEM-2025-LOT7,M05,-1,23,1,10
MEM-2025-LOT7,M05,0,23,1,10
MEM-2025-LOT7,M05,1,23,1,10
MEM-2025-LOT7,M05,2,23,1,10
MEM-2025-LOT7,M05,3,23,1,10
MEM-2025-LOT7,M05,4,23,1,10
MEM-2025-LOT7,M05,5,23,1,10
MEM-2025-LOT7,M05,6,23,1,10
MEM-2025-LOT7,M05,7,23,1,10
MEM-2025-LOT7,M05,8,23,1,10
MEM-2025-LOT7,M05,9,23,1,10
MEM-2025-LOT7,M05,10,23,1,10
MEM-2025-LOT7,M05,11,23,1,10
MEM-2025-LOT7,M05,12,23,1,10
MEM-2025-LOT7,M05,13,23,1,10
MEM-2025-LOT7,M05,14,23,1,10
MEM-2025-LOT7,M05,15,23,1,10
MEM-2025-LOT7,M05,16,23,1,10
MEM-2025-LOT7,M05,17,23,1,10
MEM-2025-LOT7,M05,18,23,3,20
MEM-2025-LOT7,M05,19,23,1,10
MEM-2025-LOT7,M05,20,23,1,10
MEM-2025-LOT7,M05,21,23,3,22
MEM-2025-LOT7,M05,22,23,1,10
MEM-2025-LOT7,M05,23,23,1,10
MEM-2025-LOT7,M05,24,23,1,10
MEM-2025-LOT7,M05,25,23,1,10
MEM-2025-LOT7,M05,26,23,1,10
MEM-2025-LOT7,M05,27,23,1,10
MEM-2025-LOT7,M05,28,23,1,10
MEM-2025-LOT7,M05,-28,24,4,30
MEM-2025-LOT7,M05,-27,24,2,20
MEM-2025-LOT7,M05,-26,24,1,10
MEM-2025-LOT7,M05,-25,24,4,31
MEM-2025-LOT7,M05,-24,24,2,30
MEM-2025-LOT7,M05,-23,24,1,10
MEM-2025-LOT7,M05,-22,24,4,31
MEM-2025-LOT7,M05,-21,24,3,31
MEM-2025-LOT7,M05,-20,24,1,10
MEM-2025-LOT7,M05,-19,24,1,10
MEM-2025-LOT7,M05,-18,24,1,10
MEM-2025-LOT7,M05,-17,24,4,21
MEM-2025-LOT7,M05,-16,24,1,10
MEM-2025-LOT7,M05,-15,24,1,10
MEM-2025-LOT7,M05,-14,24,1,10
MEM-2025-LOT7,M05,-13,24,1,10
MEM-2025-LOT7,M05,-12,24,1,10
MEM-2025-LOT7,M05,-11,24,1,10
MEM-2025-LOT7,M05,-10,24,1,10
MEM-2025-LOT7,M05,-9,24,1,10
MEM-2025-LOT7,M05,-8,24,1,10
MEM-2025-LOT7,M05,-7,24,1,10
MEM-2025-LOT7,M05,-6,24,1,10
MEM-2025-LOT7,M05,-5,24,4,30
MEM-2025-LOT7,M05,-4,24,1,10
MEM-2025-LOT7,M05,-3,24,1,10
MEM-2025-LOT7,M05,-2,24,1,10
MEM-2025-LOT7,M05,-1,24,1,10
MEM-2025-LOT7,M05,0,24,1,10
MEM-2025-LOT7,M05,1,24,1,10
MEM-2025-LOT7,M05,2,24,1,10
MEM-2025-LOT7,M05,3,24,1,10
MEM-2025-LOT7,M05,4,24,1,10
MEM-2025-LOT7,M05,5,24,1,10
MEM-2025-LOT7,M05,6,24,1,10
MEM-2025-LOT7,M05,7,24,1,10
MEM-2025-LOT7,M05,8,24,1,10
MEM-2025-LOT7,M05,9,24,1,10
MEM-2025-LOT7,M05,10,24,1,10
MEM-2025-LOT7,M05,11,24,1,10
MEM-2025-LOT7,M05,12,24,1,10
MEM-2025-LOT7,M05,13,24,1,10
MEM-2025-LOT7,M05,14,24,1,10
MEM-2025-LOT7,M05,15,24,1,10
MEM-2025-LOT7,M05,16,24,1,10
MEM-2025-LOT7,M05,17,24,1,10
MEM-2025-LOT7,M05,18,24,1,10
MEM-2025-LOT7,M05,19,24,1,10
MEM-2025-LOT7,M05,20,24,3,22
MEM-2025-LOT7,M05,21,24,3,22
MEM-2025-LOT7,M05,22,24,1,10
MEM-2025-LOT7,M05,23,24,1,10
MEM-2025-LOT7,M05,24,24,1,10
MEM-2025-LOT7,M05,25,24,1,10
MEM-2025-LOT7,M05,26,24,2,31
MEM-2025-LOT7,M05,27,24,1,10
MEM-2025-LOT7,M05,28,24,1,10
MEM-2025-LOT7,M05,-27,25,1,10
MEM-2025-LOT7,M05,-26,25,1,10
MEM-2025-LOT7,M05,-25,25,1,10
MEM-2025-LOT7,M05,-24,25,1,10
MEM-2025-LOT7,M05,-23,25,1,10
MEM-2025-LOT7,M05,-22,25,1,10
MEM-2025-LOT7,M05,-21,25,1,10
MEM-2025-LOT7,M05,-20,25,4,22
MEM-2025-LOT7,M05,-19,25,4,30
MEM-2025-LOT7,M05,-18,25,4,20
MEM-2025-LOT7,M05,-17,25,1,10
MEM-2025-LOT7,M05,-16,25,1,10
MEM-2025-LOT7,M05,-15,25,1,10
MEM-2025-LOT7,M05,-14,25,1,10
MEM-2025-LOT7,M05,-13,25,1,10
MEM-2025-LOT7,M05,-12,25,1,10
MEM-2025-LOT7,M05,-11,25,1,10
MEM-2025-LOT7,M05,-10,25,1,10
MEM-2025-LOT7,M05,-9,25,1,10
MEM-2025-LOT7,M05,-8,25,1,10
MEM-2025-LOT7,M05,-7,25,1,10
MEM-2025-LOT7,M05,-6,25,1,10
MEM-2025-LOT7,M05,-5,25,1,10
MEM-2025-LOT7,M05,-4,25,1,10
MEM-2025-LOT7,M05,-3,25,1,10
MEM-2025-LOT7,M05,-2,25,1,10
MEM-2025-LOT7,M05,-1,25,1,10
MEM-2025-LOT7,M05,0,25,1,10
MEM-2025-LOT7,M05,1,25,1,10
MEM-2025-LOT7,M05,2,25,1,10
MEM-2025-LOT7,M05,3,25,1,10
MEM-2025-LOT7,M05,4,25,1,10
MEM-2025-LOT7,M05,5,25,1,10
MEM-2025-LOT7,M05,6,25,1,10
MEM-2025-LOT7,M05,7,25,1,10
MEM-2025-LOT7,M05,8,25,1,10
MEM-2025-LOT7,M05,9,25,1,10
MEM-2025-LOT7,M05,10,25,1,10
MEM-2025-LOT7,M05,11,25,1,10
MEM-2025-LOT7,M05,12,25,1,10
MEM-2025-LOT7,M05,13,25,1,10
MEM-2025-LOT7,M05,14,25,1,10
MEM-2025-LOT7,M05,15,25,1,10
MEM-2025-LOT7,M05,16,25,1,10
MEM-2025-LOT7,M05,17,25,4,30
MEM-2025-LOT7,M05,18,25,2,20
MEM-2025-LOT7,M05,19,25,2,22
MEM-2025-LOT7,M05,20,25,1,10
MEM-2025-LOT7,M05,21,25,2,22
MEM-2025-LOT7,M05,22,25,1,10
MEM-2025-LOT7,M05,23,25,1,10
MEM-2025-LOT7,M05,24,25,2,20
MEM-2025-LOT7,M05,25,25,1,10
MEM-2025-LOT7,M05,26,25,1,10
MEM-2025-LOT7,M05,27,25,1,10
MEM-2025-LOT7,M05,-27,26,3,20
MEM-2025-LOT7,M05,-26,26,1,10
MEM-2025-LOT7,M05,-25,26,1,10
MEM-2025-LOT7,M05,-24,26,1,10
MEM-2025-LOT7,M05,-23,26,1,10
MEM-2025-LOT7,M05,-22,26,2,21
MEM-2025-LOT7,M05,-21,26,4,30
MEM-2025-LOT7,M05,-20,26,1,10
MEM-2025-LOT7,M05,-19,26,1,10
MEM-2025-LOT7,M05,-18,26,1,10
MEM-2025-LOT7,M05,-17,26,2,20
MEM-2025-LOT7,M05,-16,26,4,21
MEM-2025-LOT7,M05,-15,26,1,10
MEM-2025-LOT7,M05,-14,26,1,10
MEM-2025-LOT7,M05,-13,26,1,10
MEM-2025-LOT7,M05,-12,26,1,10
MEM-2025-LOT7,M05,-11,26,1,10
MEM-2025-LOT7,M05,-10,26,1,10
MEM-2025-LOT7,M05,-9,26,1,10
MEM-2025-LOT7,M05,-8,26,1,10
MEM-2025-LOT7,M05,-7,26,1,10
MEM-2025-LOT7,M05,-6,26,1,10
MEM-2025-LOT7,M05,-5,26,1,10
MEM-2025-LOT7,M05,-4,26,1,10
MEM-2025-LOT7,M05,-3,26,1,10
MEM-2025-LOT7,M05,-2,26,1,10
MEM-2025-LOT7,M05,-1,26,1,10
MEM-2025-LOT7,M05,0,26,1,10
MEM-2025-LOT7,M05,1,26,1,10
MEM-2025-LOT7,M05,2,26,1,10
MEM-2025-LOT7,M05,3,26,1,10
MEM-2025-LOT7,M05,4,26,1,10
MEM-2025-LOT7,M05,5,26,1,10
MEM-2025-LOT7,M05,6,26,1,10
MEM-2025-LOT7,M05,7,26,1,10
MEM-2025-LOT7,M05,8,26,1,10
MEM-2025-LOT7,M05,9,26,1,10
MEM-2025-LOT7,M05,10,26,1,10
MEM-2025-LOT7,M05,11,26,1,10
MEM-2025-LOT7,M05,12,26,1,10
MEM-2025-LOT7,M05,13,26,1,10
MEM-2025-LOT7,M05,14,26,1,10
MEM-2025-LOT7,M05,15,26,1,10
MEM-2025-LOT7,M05,16,26,1,10
MEM-2025-LOT7,M05,17,26,4,21
MEM-2025-LOT7,M05,18,26,1,10
MEM-2025-LOT7,M05,19,26,2,20
MEM-2025-LOT7,M05,20,26,2,30
MEM-2025-LOT7,M05,21,26,1,10
MEM-2025-LOT7,M05,22,26,4,31
MEM-2025-LOT7,M05,23,26,2,31
MEM-2025-LOT7,M05,24,26,1,10
MEM-2025-LOT7,M05,25,26,2,22
MEM-2025-LOT7,M05,26,26,1,10
MEM-2025-LOT7,M05,27,26,1,10
MEM-2025-LOT7,M05,-26,27,1,10
MEM-2025-LOT7,M05,-25,27,2,30
MEM-2025-LOT7,M05,-24,27,1,10
MEM-2025-LOT7,M05,-23,27,1,10
MEM-2025-LOT7,M05,-22,27,1,10
MEM-2025-LOT7,M05,-21,27,1,10
MEM-2025-LOT7,M05,-20,27,1,10
MEM-2025-LOT7,M05,-19,27,2,20
MEM-2025-LOT7,M05,-18,27,1,10
MEM-2025-LOT7,M05,-17,27,1,10
MEM-2025-LOT7,M05,-16,27,4,30
MEM-2025-LOT7,M05,-15,27,2,22
MEM-2025-LOT7,M05,-14,27,1,10
MEM-2025-LOT7,M05,-13,27,1,10
MEM-2025-LOT7,M05,-12,27,1,10
MEM-2025-LOT7,M05,-11,27,1,10
MEM-2025-LOT7,M05,-10,27,1,10
MEM-2025-LOT7,M05,-9,27,1,10
MEM-2025-LOT7,M05,-8,27,1,10
MEM-2025-LOT7,M05,-7,27,1,10
MEM-2025-LOT7,M05,-6,27,1,10
MEM-2025-LOT7,M05,-5,27,1,10
MEM-2025-LOT7,M05,-4,27,1,10
MEM-2025-LOT7,M05,-3,27,1,10
MEM-2025-LOT7,M05,-2,27,1,10
MEM-2025-LOT7,M05,-1,27,1,10
MEM-2025-LOT7,M05,0,27,1,10
MEM-2025-LOT7,M05,1,27,1,10
MEM-2025-LOT7,M05,2,27,1,10
MEM-2025-LOT7,M05,3,27,1,10
MEM-2025-LOT7,M05,4,27,1,10
MEM-2025-LOT7,M05,5,27,1,10
MEM-2025-LOT7,M05,6,27,1,10
MEM-2025-LOT7,M05,7,27,1,10
MEM-2025-LOT7,M05,8,27,1,10
MEM-2025-LOT7,M05,9,27,1,10
MEM-2025-LOT7,M05,10,27,1,10
MEM-2025-LOT7,M05,11,27,1,10
MEM-2025-LOT7,M05,12,27,1,10
MEM-2025-LOT7,M05,13,27,1,10
MEM-2025-LOT7,M05,14,27,1,10
MEM-2025-LOT7,M05,15,27,1,10
MEM-2025-LOT7,M05,16,27,3,31
MEM-2025-LOT7,M05,17,27,2,21
MEM-2025-LOT7,M05,18,27,3,21
MEM-2025-LOT7,M05,19,27,1,10
MEM-2025-LOT7,M05,20,27,3,20
MEM-2025-LOT7,M05,21,27,1,10
MEM-2025-LOT7,M05,22,27,2,30
MEM-2025-LOT7,M05,23,27,1,10
MEM-2025-LOT7,M05,24,27,2,30
MEM-2025-LOT7,M05,25,27,1,10
MEM-2025-LOT7,M05,26,27,2,31
MEM-2025-LOT7,M05,-26,28,2,30
MEM-2025-LOT7,M05,-25,28,2,30
MEM-2025-LOT7,M05,-24,28,1,10
MEM-2025-LOT7,M05,-23,28,2,22
MEM-2025-LOT7,M05,-22,28,1,10
MEM-2025-LOT7,M05,-21,28,3,21
MEM-2025-LOT7,M05,-20,28,1,10
MEM-2025-LOT7,M05,-19,28,1,10
MEM-2025-LOT7,M05,-18,28,1,10
MEM-2025-LOT7,M05,-17,28,1,10
MEM-2025-LOT7,M05,-16,28,1,10
MEM-2025-LOT7,M05,-15,28,1,10
MEM-2025-LOT7,M05,-14,28,1,10
MEM-2025-LOT7,M05,-13,28,1,10
MEM-2025-LOT7,M05,-12,28,2,21
MEM-2025-LOT7,M05,-11,28,1,10
MEM-2025-LOT7,M05,-10,28,1,10
MEM-2025-LOT7,M05,-9,28,1,10
MEM-2025-LOT7,M05,-8,28,1,10
MEM-2025-LOT7,M05,-7,28,1,10
MEM-2025-LOT7,M05,-6,28,1,10
MEM-2025-LOT7,M05,-5,28,1,10
MEM-2025-LOT7,M05,-4,28,1,10
MEM-2025-LOT7,M05,-3,28,1,10
MEM-2025-LOT7,M05,-2,28,1,10
MEM-2025-LOT7,M05,-1,28,1,10
MEM-2025-LOT7,M05,0,28,1,10
MEM-2025-LOT7,M05,1,28,2,21
MEM-2025-LOT7,M05,2,28,1,10
MEM-2025-LOT7,M05,3,28,1,10
MEM-2025-LOT7,M05,4,28,1,10
MEM-2025-LOT7,M05,5,28,1,10
MEM-2025-LOT7,M05,6,28,1,10
MEM-2025-LOT7,M05,7,28,1,10
MEM-2025-LOT7,M05,8,28,1,10
MEM-2025-LOT7,M05,9,28,1,10
MEM-2025-LOT7,M05,10,28,1,10
MEM-2025-LOT7,M05,11,28,1,10
MEM-2025-LOT7,M05,12,28,1,10
MEM-2025-LOT7,M05,13,28,1,10
MEM-2025-LOT7,M05,14,28,1,10
MEM-2025-LOT7,M05,15,28,1,10
MEM-2025-LOT7,M05,16,28,2,30
MEM-2025-LOT7,M05,17,28,3,22
MEM-2025-LOT7,M05,18,28,4,31
MEM-2025-LOT7,M05,19,28,1,10
MEM-2025-LOT7,M05,20,28,1,10
MEM-2025-LOT7,M05,21,28,4,20
MEM-2025-LOT7,M05,22,28,1,10
MEM-2025-LOT7,M05,23,28,4,22
MEM-2025-LOT7,M05,24,28,1,10
MEM-2025-LOT7,M05,25,28,2,20
MEM-2025-LOT7,M05,26,28,2,31
MEM-2025-LOT7,M05,-25,29,1,10
MEM-2025-LOT7,M05,-24,29,1,10
MEM-2025-LOT7,M05,-23,29,1,10
MEM-2025-LOT7,M05,-22,29,1,10
MEM-2025-LOT7,M05,-21,29,1,10
MEM-2025-LOT7,M05,-20,29,1,10
MEM-2025-LOT7,M05,-19,29,2,31
MEM-2025-LOT7,M05,-18,29,1,10
MEM-2025-LOT7,M05,-17,29,3,21
MEM-2025-LOT7,M05,-16,29,1,10
MEM-2025-LOT7,M05,-15,29,1,10
MEM-2025-LOT7,M05,-14,29,4,30
MEM-2025-LOT7,M05,-13,29,1,10
MEM-2025-LOT7,M05,-12,29,1,10
MEM-2025-LOT7,M05,-11,29,1,10
MEM-2025-LOT7,M05,-10,29,1,10
MEM-2025-LOT7,M05,-9,29,1,10
MEM-2025-LOT7,M05,-8,29,1,10
MEM-2025-LOT7,M05,-7,29,1,10
MEM-2025-LOT7,M05,-6,29,1,10
MEM-2025-LOT7,M05,-5,29,1,10
MEM-2025-LOT7,M05,-4,29,1,10
MEM-2025-LOT7,M05,-3,29,1,10
MEM-2025-LOT7,M05,-2,29,1,10
MEM-2025-LOT7,M05,-1,29,1,10
MEM-2025-LOT7,M05,0,29,1,10
MEM-2025-LOT7,M05,1,29,1,10
MEM-2025-LOT7,M05,2,29,1,10
MEM-2025-LOT7,M05,3,29,1,10
MEM-2025-LOT7,M05,4,29,1,10
MEM-2025-LOT7,M05,5,29,1,10
MEM-2025-LOT7,M05,6,29,1,10
MEM-2025-LOT7,M05,7,29,1,10
MEM-2025-LOT7,M05,8,29,1,10
MEM-2025-LOT7,M05,9,29,1,10
MEM-2025-LOT7,M05,10,29,1,10
MEM-2025-LOT7,M05,11,29,1,10
MEM-2025-LOT7,M05,12,29,1,10
MEM-2025-LOT7,M05,13,29,1,10
MEM-2025-LOT7,M05,14,29,1,10
MEM-2025-LOT7,M05,15,29,2,20
MEM-2025-LOT7,M05,16,29,2,20
MEM-2025-LOT7,M05,17,29,1,10
MEM-2025-LOT7,M05,18,29,4,31
MEM-2025-LOT7,M05,19,29,1,10
MEM-2025-LOT7,M05,20,29,3,20
MEM-2025-LOT7,M05,21,29,3,22
MEM-2025-LOT7,M05,22,29,2,21
MEM-2025-LOT7,M05,23,29,1,10
MEM-2025-LOT7,M05,24,29,1,10
MEM-2025-LOT7,M05,25,29,1,10
MEM-2025-LOT7,M05,-25,30,2,20
MEM-2025-LOT7,M05,-24,30,3,31
MEM-2025-LOT7,M05,-23,30,2,20
MEM-2025-LOT7,M05,-22,30,3,22
MEM-2025-LOT7,M05,-21,30,1,10
MEM-2025-LOT7,M05,-20,30,1,10
MEM-2025-LOT7,M05,-19,30,1,10
MEM-2025-LOT7,M05,-18,30,1,10
MEM-2025-LOT7,M05,-17,30,2,20
MEM-2025-LOT7,M05,-16,30,1,10
MEM-2025-LOT7,M05,-15,30,1,10
MEM-2025-LOT7,M05,-14,30,1,10
MEM-2025-LOT7,M05,-13,30,3,31
MEM-2025-LOT7,M05,-12,30,1,10
MEM-2025-LOT7,M05,-11,30,1,10
MEM-2025-LOT7,M05,-10,30,1,10
MEM-2025-LOT7,M05,-9,30,1,10
MEM-2025-LOT7,M05,-8,30,1,10
MEM-2025-LOT7,M05,-7,30,1,10
MEM-2025-LOT7,M05,-6,30,1,10
MEM-2025-LOT7,M05,-5,30,1,10
MEM-2025-LOT7,M05,-4,30,1,10
MEM-2025-LOT7,M05,-3,30,2,22
MEM-2025-LOT7,M05,-2,30,1,10
MEM-2025-LOT7,M05,-1,30,1,10
MEM-2025-LOT7,M05,0,30,1,10
MEM-2025-LOT7,M05,1,30,1,10
MEM-2025-LOT7,M05,2,30,2,31
MEM-2025-LOT7,M05,3,30,1,10
MEM-2025-LOT7,M05,4,30,1,10
MEM-2025-LOT7,M05,5,30,1,10
MEM-2025-LOT7,M05,6,30,1,10
MEM-2025-LOT7,M05,7,30,1,10
MEM-2025-LOT7,M05,8,30,1,10
MEM-2025-LOT7,M05,9,30,1,10
MEM-2025-LOT7,M05,10,30,1,10
MEM-2025-LOT7,M05,11,30,1,10
MEM-2025-LOT7,M05,12,30,1,10
MEM-2025-LOT7,M05,13,30,2,22
MEM-2025-LOT7,M05,14,30,1,10
MEM-2025-LOT7,M05,15,30,2,21
MEM-2025-LOT7,M05,16,30,1,10
MEM-2025-LOT7,M05,17,30,1,10
MEM-2025-LOT7,M05,18,30,1,10
MEM-2025-LOT7,M05,19,30,1,10
MEM-2025-LOT7,M05,20,30,3,20
MEM-2025-LOT7,M05,21,30,3,31
MEM-2025-LOT7,M05,22,30,2,20
MEM-2025-LOT7,M05,23,30,1,10
MEM-2025-LOT7,M05,24,30,1,10
MEM-2025-LOT7,M05,25,30,1,10
MEM-2025-LOT7,M05,-24,31,1,10
MEM-2025-LOT7,M05,-23,31,1,10
MEM-2025-LOT7,M05,-22,31,1,10
MEM-2025-LOT7,M05,-21,31,1,10
MEM-2025-LOT7,M05,-20,31,1,10
MEM-2025-LOT7,M05,-19,31,1,10
MEM-2025-LOT7,M05,-18,31,1,10
MEM-2025-LOT7,M05,-17,31,1,10
MEM-2025-LOT7,M05,-16,31,1,10
MEM-2025-LOT7,M05,-15,31,1,10
MEM-2025-LOT7,M05,-14,31,2,31
MEM-2025-LOT7,M05,-13,31,1,10
MEM-2025-LOT7,M05,-12,31,1,10
MEM-2025-LOT7,M05,-11,31,2,22
MEM-2025-LOT7,M05,-10,31,1,10
MEM-2025-LOT7,M05,-9,31,1,10
MEM-2025-LOT7,M05,-8,31,1,10
MEM-2025-LOT7,M05,-7,31,1,10
MEM-2025-LOT7,M05,-6,31,1,10
MEM-2025-LOT7,M05,-5,31,1,10
MEM-2025-LOT7,M05,-4,31,1,10
MEM-2025-LOT7,M05,-3,31,1,10
MEM-2025-LOT7,M05,-2,31,1,10
MEM-2025-LOT7,M05,-1,31,1,10
MEM-2025-LOT7,M05,0,31,1,10
MEM-2025-LOT7,M05,1,31,1,10
MEM-2025-LOT7,M05,2,31,1,10
MEM-2025-LOT7,M05,3,31,1,10
MEM-2025-LOT7,M05,4,31,1,10
MEM-2025-LOT7,M05,5,31,1,10
MEM-2025-LOT7,M05,6,31,1,10
MEM-2025-LOT7,M05,7,31,1,10
MEM-2025-LOT7,M05,8,31,1,10
MEM-2025-LOT7,M05,9,31,1,10
MEM-2025-LOT7,M05,10,31,1,10
MEM-2025-LOT7,M05,11,31,1,10
MEM-2025-LOT7,M05,12,31,3,30
MEM-2025-LOT7,M05,13,31,1,10
MEM-2025-LOT7,M05,14,31,1,10
MEM-2025-LOT7,M05,15,31,2,22
MEM-2025-LOT7,M05,16,31,1,10
MEM-2025-LOT7,M05,17,31,1,10
MEM-2025-LOT7,M05,18,31,2,30
MEM-2025-LOT7,M05,19,31,4,20
MEM-2025-LOT7,M05,20,31,1,10
MEM-2025-LOT7,M05,21,31,1,10
MEM-2025-LOT7,M05,22,31,1,10
MEM-2025-LOT7,M05,23,31,2,31
MEM-2025-LOT7,M05,24,31,2,31
MEM-2025-LOT7,M05,-24,32,1,10
MEM-2025-LOT7,M05,-23,32,1,10
MEM-2025-LOT7,M05,-22,32,3,22
MEM-2025-LOT7,M05,-21,32,1,10
MEM-2025-LOT7,M05,-20,32,1,10
MEM-2025-LOT7,M05,-19,32,1,10
MEM-2025-LOT7,M05,-18,32,1,10
MEM-2025-LOT7,M05,-17,32,3,30
MEM-2025-LOT7,M05,-16,32,4,31
MEM-2025-LOT7,M05,-15,32,1,10
MEM-2025-LOT7,M05,-14,32,1,10
MEM-2025-LOT7,M05,-13,32,2,22
MEM-2025-LOT7,M05,-12,32,3,20
MEM-2025-LOT7,M05,-11,32,3,22
MEM-2025-LOT7,M05,-10,32,1,10
MEM-2025-LOT7,M05,-9,32,1,10
MEM-2025-LOT7,M05,-8,32,1,10
MEM-2025-LOT7,M05,-7,32,1,10
MEM-2025-LOT7,M05,-6,32,1,10
MEM-2025-LOT7,M05,-5,32,1,10
MEM-2025-LOT7,M05,-4,32,1,10
MEM-2025-LOT7,M05,-3,32,4,30
MEM-2025-LOT7,M05,-2,32,1,10
MEM-2025-LOT7,M05,-1,32,1,10
MEM-2025-LOT7,M05,0,32,1,10
MEM-2025-LOT7,M05,1,32,1,10
MEM-2025-LOT7,M05,2,32,1,10
MEM-2025-LOT7,M05,3,32,1,10
MEM-2025-LOT7,M05,4,32,1,10
MEM-2025-LOT7,M05,5,32,3,31
MEM-2025-LOT7,M05,6,32,1,10
MEM-2025-LOT7,M05,7,32,1,10
MEM-2025-LOT7,M05,8,32,1,10
MEM-2025-LOT7,M05,9,32,1,10
MEM-2025-LOT7,M05,10,32,1,10
MEM-2025-LOT7,M05,11,32,4,20
MEM-2025-LOT7,M05,12,32,1,10
MEM-2025-LOT7,M05,13,32,2,31
MEM-2025-LOT7,M05,14,32,1,10
MEM-2025-LOT7,M05,15,32,1,10
MEM-2025-LOT7,M05,16,32,1,10
MEM-2025-LOT7,M05,17,32,2,30
MEM-2025-LOT7,M05,18,32,4,22
MEM-2025-LOT7,M05,19,32,1,10
MEM-2025-LOT7,M05,20,32,1,10
MEM-2025-LOT7,M05,21,32,1,10
MEM-2025-LOT7,M05,22,32,2,21
MEM-2025-LOT7,M05,23,32,1,10
MEM-2025-LOT7,M05,24,32,2,31
MEM-2025-LOT7,M05,-23,33,4,30
MEM-2025-LOT7,M05,-22,33,2,30
MEM-2025-LOT7,M05,-21,33,1,10
MEM-2025-LOT7,M05,-20,33,1,10
MEM-2025-LOT7,M05,-19,33,1,10
MEM-2025-LOT7,M05,-18,33,4,31
MEM-2025-LOT7,M05,-17,33,1,10
MEM-2025-LOT7,M05,-16,33,2,20
MEM-2025-LOT7,M05,-15,33,2,20
MEM-2025-LOT7,M05,-14,33,2,31
MEM-2025-LOT7,M05,-13,33,1,10
MEM-2025-LOT7,M05,-12,33,2,30
MEM-2025-LOT7,M05,-11,33,1,10
MEM-2025-LOT7,M05,-10,33,3,31
MEM-2025-LOT7,M05,-9,33,2,30
MEM-2025-LOT7,M05,-8,33,1,10
MEM-2025-LOT7,M05,-7,33,1,10
MEM-2025-LOT7,M05,-6,33,1,10
MEM-2025-LOT7,M05,-5,33,1,10
MEM-2025-LOT7,M05,-4,33,1,10
MEM-2025-LOT7,M05,-3,33,1,10
MEM-2025-LOT7,M05,-2,33,1,10
MEM-2025-LOT7,M05,-1,33,1,10
MEM-2025-LOT7,M05,0,33,1,10
MEM-2025-LOT7,M05,1,33,1,10
MEM-2025-LOT7,M05,2,33,1,10
MEM-2025-LOT7,M05,3,33,1,10
MEM-2025-LOT7,M05,4,33,2,31
MEM-2025-LOT7,M05,5,33,1,10
MEM-2025-LOT7,M05,6,33,1,10
MEM-2025-LOT7,M05,7,33,1,10
MEM-2025-LOT7,M05,8,33,1,10
MEM-2025-LOT7,M05,9,33,3,31
MEM-2025-LOT7,M05,10,33,1,10
MEM-2025-LOT7,M05,11,33,3,31
MEM-2025-LOT7,M05,12,33,4,20
MEM-2025-LOT7,M05,13,33,1,10
MEM-2025-LOT7,M05,14,33,1,10
MEM-2025-LOT7,M05,15,33,1,10
MEM-2025-LOT7,M05,16,33,1,10
MEM-2025-LOT7,M05,17,33,1,10
MEM-2025-LOT7,M05,18,33,3,21
MEM-2025-LOT7,M05,19,33,2,31
MEM-2025-LOT7,M05,20,33,1,10
MEM-2025-LOT7,M05,21,33,1,10
MEM-2025-LOT7,M05,22,33,1,10
MEM-2025-LOT7,M05,23,33,4,22
MEM-2025-LOT7,M05,-23,34,1,10
MEM-2025-LOT7,M05,-22,34,1,10
MEM-2025-LOT7,M05,-21,34,1,10
MEM-2025-LOT7,M05,-20,34,1,10
MEM-2025-LOT7,M05,-19,34,1,10
MEM-2025-LOT7,M05,-18,34,1,10
MEM-2025-LOT7,M05,-17,34,1,10
MEM-2025-LOT7,M05,-16,34,2,22
MEM-2025-LOT7,M05,-15,34,3,30
MEM-2025-LOT7,M05,-14,34,2,21
MEM-2025-LOT7,M05,-13,34,2,21
MEM-2025-LOT7,M05,-12,34,4,22
MEM-2025-LOT7,M05,-11,34,1,10
MEM-2025-LOT7,M05,-10,34,2,22
MEM-2025-LOT7,M05,-9,34,1,10
MEM-2025-LOT7,M05,-8,34,1,10
MEM-2025-LOT7,M05,-7,34,4,21
MEM-2025-LOT7,M05,-6,34,1,10
MEM-2025-LOT7,M05,-5,34,1,10
MEM-2025-LOT7,M05,-4,34,4,31
MEM-2025-LOT7,M05,-3,34,1,10
MEM-2025-LOT7,M05,-2,34,1,10
MEM-2025-LOT7,M05,-1,34,1,10
MEM-2025-LOT7,M05,0,34,1,10
MEM-2025-LOT7,M05,1,34,1,10
MEM-2025-LOT7,M05,2,34,1,10
MEM-2025-LOT7,M05,3,34,1,10
MEM-2025-LOT7,M05,4,34,1,10
MEM-2025-LOT7,M05,5,34,1,10
MEM-2025-LOT7,M05,6,34,3,22
MEM-2025-LOT7,M05,7,34,1,10
MEM-2025-LOT7,M05,8,34,1,10
MEM-2025-LOT7,M05,9,34,2,20
MEM-2025-LOT7,M05,10,34,4,20
MEM-2025-LOT7,M05,11,34,1,10
MEM-2025-LOT7,M05,12,34,1,10
MEM-2025-LOT7,M05,13,34,1,10
MEM-2025-LOT7,M05,14,34,2,20
MEM-2025-LOT7,M05,15,34,2,30
MEM-2025-LOT7,M05,16,34,1,10
MEM-2025-LOT7,M05,17,34,1,10
MEM-2025-LOT7,M05,18,34,3,21
MEM-2025-LOT7,M05,19,34,2,21
MEM-2025-LOT7,M05,20,34,1,10
MEM-2025-LOT7,M05,21,34,3,30
MEM-2025-LOT7,M05,22,34,2,30
MEM-2025-LOT7,M05,23,34,1,10
MEM-2025-LOT7,M05,-22,35,2,20
MEM-2025-LOT7,M05,-21,35,1,10
MEM-2025-LOT7,M05,-20,35,1,10
MEM-2025-LOT7,M05,-19,35,2,20
MEM-2025-LOT7,M05,-18,35,1,10
MEM-2025-LOT7,M05,-17,35,1,10
MEM-2025-LOT7,M05,-16,35,1,10
MEM-2025-LOT7,M05,-15,35,1,10
MEM-2025-LOT7,M05,-14,35,2,20
MEM-2025-LOT7,M05,-13,35,1,10
MEM-2025-LOT7,M05,-12,35,4,21
MEM-2025-LOT7,M05,-11,35,1,10
MEM-2025-LOT7,M05,-10,35,1,10
MEM-2025-LOT7,M05,-9,35,1,10
MEM-2025-LOT7,M05,-8,35,2,22
MEM-2025-LOT7,M05,-7,35,1,10
MEM-2025-LOT7,M05,-6,35,2,21
MEM-2025-LOT7,M05,-5,35,4,30
MEM-2025-LOT7,M05,-4,35,3,22
MEM-2025-LOT7,M05,-3,35,2,21
MEM-2025-LOT7,M05,-2,35,1,10
MEM-2025-LOT7,M05,-1,35,1,10
MEM-2025-LOT7,M05,0,35,1,10
MEM-2025-LOT7,M05,1,35,2,30
MEM-2025-LOT7,M05,2,35,1,10
MEM-2025-LOT7,M05,3,35,1,10
MEM-2025-LOT7,M05,4,35,1,10
MEM-2025-LOT7,M05,5,35,2,30
MEM-2025-LOT7,M05,6,35,1,10
MEM-2025-LOT7,M05,7,35,1,10
MEM-2025-LOT7,M05,8,35,1,10
MEM-2025-LOT7,M05,9,35,2,20
MEM-2025-LOT7,M05,10,35,1,10
MEM-2025-LOT7,M05,11,35,1,10
MEM-2025-LOT7,M05,12,35,1,10
MEM-2025-LOT7,M05,13,35,2,21
MEM-2025-LOT7,M05,14,35,1,10
MEM-2025-LOT7,M05,15,35,1,10
MEM-2025-LOT7,M05,16,35,1,10
MEM-2025-LOT7,M05,17,35,2,31
MEM-2025-LOT7,M05,18,35,4,30
MEM-2025-LOT7,M05,19,35,2,21
MEM-2025-LOT7,M05,20,35,4,20
MEM-2025-LOT7,M05,21,35,2,31
MEM-2025-LOT7,M05,22,35,2,21
MEM-2025-LOT7,M05,-21,36,1,10
MEM-2025-LOT7,M05,-20,36,1,10
MEM-2025-LOT7,M05,-19,36,3,31
MEM-2025-LOT7,M05,-18,36,1,10
MEM-2025-LOT7,M05,-17,36,1,10
MEM-2025-LOT7,M05,-16,36,1,10
MEM-2025-LOT7,M05,-15,36,1,10
MEM-2025-LOT7,M05,-14,36,1,10
MEM-2025-LOT7,M05,-13,36,3,31
MEM-2025-LOT7,M05,-12,36,2,20
MEM-2025-LOT7,M05,-11,36,1,10
MEM-2025-LOT7,M05,-10,36,1,10
MEM-2025-LOT7,M05,-9,36,1,10
MEM-2025-LOT7,M05,-8,36,1,10
MEM-2025-LOT7,M05,-7,36,4,20
MEM-2025-LOT7,M05,-6,36,2,31
MEM-2025-LOT7,M05,-5,36,1,10
MEM-2025-LOT7,M05,-4,36,2,20
MEM-2025-LOT7,M05,-3,36,2,30
MEM-2025-LOT7,M05,-2,36,1,10
MEM-2025-LOT7,M05,-1,36,2,22
MEM-2025-LOT7,M05,0,36,1,10
MEM-2025-LOT7,M05,1,36,2,22
MEM-2025-LOT7,M05,2,36,4,30
MEM-2025-LOT7,M05,3,36,1,10
MEM-2025-LOT7,M05,4,36,1,10
MEM-2025-LOT7,M05,5,36,2,22
MEM-2025-LOT7,M05,6,36,1,10
MEM-2025-LOT7,M05,7,36,1,10
MEM-2025-LOT7,M05,8,36,4,21
MEM-2025-LOT7,M05,9,36,2,22
MEM-2025-LOT7,M05,10,36,2,20
MEM-2025-LOT7,M05,11,36,2,30
MEM-2025-LOT7,M05,12,36,1,10
MEM-2025-LOT7,M05,13,36,2,22
MEM-2025-LOT7,M05,14,36,3,20
MEM-2025-LOT7,M05,15,36,1,10
MEM-2025-LOT7,M05,16,36,1,10
MEM-2025-LOT7,M05,17,36,1,10
MEM-2025-LOT7,M05,18,36,3,20
MEM-2025-LOT7,M05,19,36,4,20
MEM-2025-LOT7,M05,20,36,2,31
MEM-2025-LOT7,M05,21,36,1,10
MEM-2025-LOT7,M05,-20,37,1,10
MEM-2025-LOT7,M05,-19,37,1,10
MEM-2025-LOT7,M05,-18,37,2,30
MEM-2025-LOT7,M05,-17,37,4,21
MEM-2025-LOT7,M05,-16,37,1,10
MEM-2025-LOT7,M05,-15,37,2,31
MEM-2025-LOT7,M05,-14,37,1,10
MEM-2025-LOT7,M05,-13,37,2,22
MEM-2025-LOT7,M05,-12,37,2,30
MEM-2025-LOT7,M05,-11,37,1,10
MEM-2025-LOT7,M05,-10,37,1,10
MEM-2025-LOT7,M05,-9,37,2,21
MEM-2025-LOT7,M05,-8,37,1,10
MEM-2025-LOT7,M05,-7,37,1,10
MEM-2025-LOT7,M05,-6,37,4,21
MEM-2025-LOT7,M05,-5,37,1,10
MEM-2025-LOT7,M05,-4,37,1,10
MEM-2025-LOT7,M05,-3,37,1,10
MEM-2025-LOT7,M05,-2,37,3,30
MEM-2025-LOT7,M05,-1,37,1,10
MEM-2025-LOT7,M05,0,37,1,10
MEM-2025-LOT7,M05,1,37,3,22
MEM-2025-LOT7,M05,2,37,1,10
MEM-2025-LOT7,M05,3,37,1,10
MEM-2025-LOT7,M05,4,37,3,21
MEM-2025-LOT7,M05,5,37,2,31
MEM-2025-LOT7,M05,6,37,1,10
MEM-2025-LOT7,M05,7,37,1,10
MEM-2025-LOT7,M05,8,37,1,10
MEM-2025-LOT7,M05,9,37,1,10
MEM-2025-LOT7,M05,10,37,1,10
MEM-2025-LOT7,M05,11,37,1,10
MEM-2025-LOT7,M05,12,37,2,21
MEM-2025-LOT7,M05,13,37,1,10
MEM-2025-LOT7,M05,14,37,4,22
MEM-2025-LOT7,M05,15,37,2,22
MEM-2025-LOT7,M05,16,37,1,10
MEM-2025-LOT7,M05,17,37,1,10
MEM-2025-LOT7,M05,18,37,1,10
MEM-2025-LOT7,M05,19,37,1,10
MEM-2025-LOT7,M05,20,37,2,31
MEM-2025-LOT7,M05,-20,38,2,20
MEM-2025-LOT7,M05,-19,38,1,10
MEM-2025-LOT7,M05,-18,38,2,21
MEM-2025-LOT7,M05,-17,38,1,10
MEM-2025-LOT7,M05,-16,38,1,10
MEM-2025-LOT7,M05,-15,38,1,10
MEM-2025-LOT7,M05,-14,38,1,10
MEM-2025-LOT7,M05,-13,38,1,10
MEM-2025-LOT7,M05,-12,38,1,10
MEM-2025-LOT7,M05,-11,38,3,22
MEM-2025-LOT7,M05,-10,38,1,10
MEM-2025-LOT7,M05,-9,38,2,21
MEM-2025-LOT7,M05,-8,38,2,20
MEM-2025-LOT7,M05,-7,38,1,10
MEM-2025-LOT7,M05,-6,38,2,21
MEM-2025-LOT7,M05,-5,38,2,30
MEM-2025-LOT7,M05,-4,38,2,22
MEM-2025-LOT7,M05,-3,38,1,10
MEM-2025-LOT7,M05,-2,38,1,10
MEM-2025-LOT7,M05,-1,38,1,10
MEM-2025-LOT7,M05,0,38,4,30
MEM-2025-LOT7,M05,1,38,1,10
MEM-2025-LOT7,M05,2,38,4,20
MEM-2025-LOT7,M05,3,38,1,10
MEM-2025-LOT7,M05,4,38,2,30
MEM-2025-LOT7,M05,5,38,1,10
MEM-2025-LOT7,M05,6,38,1,10
MEM-2025-LOT7,M05,7,38,2,30
MEM-2025-LOT7,M05,8,38,1,10
MEM-2025-LOT7,M05,9,38,1,10
MEM-2025-LOT7,M05,10,38,1,10
MEM-2025-LOT7,M05,11,38,2,21
MEM-2025-LOT7,M05,12,38,2,30
MEM-2025-LOT7,M05,13,38,3,20
MEM-2025-LOT7,M05,14,38,2,22
MEM-2025-LOT7,M05,15,38,1,10
MEM-2025-LOT7,M05,16,38,1,10
MEM-2025-LOT7,M05,17,38,2,31
MEM-2025-LOT7,M05,18,38,2,20
MEM-2025-LOT7,M05,19,38,4,20
MEM-2025-LOT7,M05,20,38,2,20
MEM-2025-LOT7,M05,-19,39,1,10
MEM-2025-LOT7,M05,-18,39,2,20
MEM-2025-LOT7,M05,-17,39,1,10
MEM-2025-LOT7,M05,-16,39,3,21
MEM-2025-LOT7,M05,-15,39,4,30
MEM-2025-LOT7,M05,-14,39,4,22
MEM-2025-LOT7,M05,-13,39,2,31
MEM-2025-LOT7,M05,-12,39,2,30
MEM-2025-LOT7,M05,-11,39,1,10
MEM-2025-LOT7,M05,-10,39,1,10
MEM-2025-LOT7,M05,-9,39,2,30
MEM-2025-LOT7,M05,-8,39,1,10
MEM-2025-LOT7,M05,-7,39,4,22
MEM-2025-LOT7,M05,-6,39,1,10
MEM-2025-LOT7,M05,-5,39,1,10
MEM-2025-LOT7,M05,-4,39,1,10
MEM-2025-LOT7,M05,-3,39,2,30
MEM-2025-LOT7,M05,-2,39,1,10
MEM-2025-LOT7,M05,-1,39,1,10
MEM-2025-LOT7,M05,0,39,1,10
MEM-2025-LOT7,M05,1,39,1,10
MEM-2025-LOT7,M05,2,39,2,20
MEM-2025-LOT7,M05,3,39,1,10
MEM-2025-LOT7,M05,4,39,1,10
MEM-2025-LOT7,M05,5,39,2,20
MEM-2025-LOT7,M05,6,39,1,10
MEM-2025-LOT7,M05,7,39,2,31
MEM-2025-LOT7,M05,8,39,1,10
MEM-2025-LOT7,M05,9,39,1,10
MEM-2025-LOT7,M05,10,39,1,10
MEM-2025-LOT7,M05,11,39,1,10
MEM-2025-LOT7,M05,12,39,2,31
MEM-2025-LOT7,M05,13,39,1,10
MEM-2025-LOT7,M05,14,39,1,10
MEM-2025-LOT7,M05,15,39,1,10
MEM-2025-LOT7,M05,16,39,2,22
MEM-2025-LOT7,M05,17,39,1,10
MEM-2025-LOT7,M05,18,39,1,10
MEM-2025-LOT7,M05,19,39,1,10
MEM-2025-LOT7,M05,-18,40,4,20
MEM-2025-LOT7,M05,-17,40,2,31
MEM-2025-LOT7,M05,-16,40,1,10
MEM-2025-LOT7,M05,-15,40,1,10
MEM-2025-LOT7,M05,-14,40,1,10
MEM-2025-LOT7,M05,-13,40,1,10
MEM-2025-LOT7,M05,-12,40,1,10
MEM-2025-LOT7,M05,-11,40,1,10
MEM-2025-LOT7,M05,-10,40,1,10
MEM-2025-LOT7,M05,-9,40,2,30
MEM-2025-LOT7,M05,-8,40,3,21
MEM-2025-LOT7,M05,-7,40,2,30
MEM-2025-LOT7,M05,-6,40,1,10
MEM-2025-LOT7,M05,-5,40,2,21
MEM-2025-LOT7,M05,-4,40,1,10
MEM-2025-LOT7,M05,-3,40,1,10
MEM-2025-LOT7,M05,-2,40,3,31
MEM-2025-LOT7,M05,-1,40,1,10
MEM-2025-LOT7,M05,0,40,1,10
MEM-2025-LOT7,M05,1,40,4,22
MEM-2025-LOT7,M05,2,40,2,22
MEM-2025-LOT7,M05,3,40,1,10
MEM-2025-LOT7,M05,4,40,2,30
MEM-2025-LOT7,M05,5,40,1,10
MEM-2025-LOT7,M05,6,40,1,10
MEM-2025-LOT7,M05,7,40,1,10
MEM-2025-LOT7,M05,8,40,1,10
MEM-2025-LOT7,M05,9,40,4,21
MEM-2025-LOT7,M05,10,40,1,10
MEM-2025-LOT7,M05,11,40,1,10
MEM-2025-LOT7,M05,12,40,1,10
MEM-2025-LOT7,M05,13,40,4,21
MEM-2025-LOT7,M05,14,40,1,10
MEM-2025-LOT7,M05,15,40,2,30
MEM-2025-LOT7,M05,16,40,1,10
MEM-2025-LOT7,M05,17,40,1,10
MEM-2025-LOT7,M05,18,40,2,22
MEM-2025-LOT7,M05,-17,41,1,10
MEM-2025-LOT7,M05,-16,41,1,10
MEM-2025-LOT7,M05,-15,41,4,21
MEM-2025-LOT7,M05,-14,41,1,10
MEM-2025-LOT7,M05,-13,41,3,20
MEM-2025-LOT7,M05,-12,41,4,20
MEM-2025-LOT7,M05,-11,41,1,10
MEM-2025-LOT7,M05,-10,41,1,10
MEM-2025-LOT7,M05,-9,41,1,10
MEM-2025-LOT7,M05,-8,41,1,10
MEM-2025-LOT7,M05,-7,41,2,21
MEM-2025-LOT7,M05,-6,41,1,10
MEM-2025-LOT7,M05,-5,41,1,10
MEM-2025-LOT7,M05,-4,41,3,20
MEM-2025-LOT7,M05,-3,41,1,10
MEM-2025-LOT7,M05,-2,41,3,31
MEM-2025-LOT7,M05,-1,41,1,10
MEM-2025-LOT7,M05,0,41,1,10
MEM-2025-LOT7,M05,1,41,1,10
MEM-2025-LOT7,M05,2,41,2,21
MEM-2025-LOT7,M05,3,41,4,22
MEM-2025-LOT7,M05,4,41,4,22
MEM-2025-LOT7,M05,5,41,1,10
MEM-2025-LOT7,M05,6,41,1,10
MEM-2025-LOT7,M05,7,41,1,10
MEM-2025-LOT7,M05,8,41,3,22
MEM-2025-LOT7,M05,9,41,2,22
MEM-2025-LOT7,M05,10,41,3,21
MEM-2025-LOT7,M05,11,41,1,10
MEM-2025-LOT7,M05,12,41,1,10
MEM-2025-LOT7,M05,13,41,2,22
MEM-2025-LOT7,M05,14,41,2,22
MEM-2025-LOT7,M05,15,41,1,10
MEM-2025-LOT7,M05,16,41,1,10
MEM-2025-LOT7,M05,17,41,1,10
MEM-2025-LOT7,M05,-16,42,1,10
MEM-2025-LOT7,M05,-15,42,1,10
MEM-2025-LOT7,M05,-14,42,2,30
MEM-2025-LOT7,M05,-13,42,1,10
MEM-2025-LOT7,M05,-12,42,1,10
MEM-2025-LOT7,M05,-11,42,1,10
MEM-2025-LOT7,M05,-10,42,3,31
MEM-2025-LOT7,M05,-9,42,3,20
MEM-2025-LOT7,M05,-8,42,1,10
MEM-2025-LOT7,M05,-7,42,1,10
MEM-2025-LOT7,M05,-6,42,3,20
MEM-2025-LOT7,M05,-5,42,1,10
MEM-2025-LOT7,M05,-4,42,1,10
MEM-2025-LOT7,M05,-3,42,1,10
MEM-2025-LOT7,M05,-2,42,3,21
MEM-2025-LOT7,M05,-1,42,1,10
MEM-2025-LOT7,M05,0,42,1,10
MEM-2025-LOT7,M05,1,42,2,31
MEM-2025-LOT7,M05,2,42,1,10
MEM-2025-LOT7,M05,3,42,1,10
MEM-2025-LOT7,M05,4,42,4,20
MEM-2025-LOT7,M05,5,42,1,10
MEM-2025-LOT7,M05,6,42,2,21
MEM-2025-LOT7,M05,7,42,1,10
MEM-2025-LOT7,M05,8,42,1,10
MEM-2025-LOT7,M05,9,42,1,10
MEM-2025-LOT7,M05,10,42,3,21
MEM-2025-LOT7,M05,11,42,1,10
MEM-2025-LOT7,M05,12,42,3,20
MEM-2025-LOT7,M05,13,42,1,10
MEM-2025-LOT7,M05,14,42,2,20
MEM-2025-LOT7,M05,15,42,1,10
MEM-2025-LOT7,M05,16,42,2,21
MEM-2025-LOT7,M05,-14,43,1,10
MEM-2025-LOT7,M05,-13,43,1,10
MEM-2025-LOT7,M05,-12,43,1,10
MEM-2025-LOT7,M05,-11,43,1,10
MEM-2025-LOT7,M05,-10,43,2,21
MEM-2025-LOT7,M05,-9,43,1,10
MEM-2025-LOT7,M05,-8,43,1,10
MEM-2025-LOT7,M05,-7,43,1,10
MEM-2025-LOT7,M05,-6,43,2,22
MEM-2025-LOT7,M05,-5,43,1,10
MEM-2025-LOT7,M05,-4,43,2,22
MEM-2025-LOT7,M05,-3,43,3,21
MEM-2025-LOT7,M05,-2,43,3,30
MEM-2025-LOT7,M05,-1,43,1,10
MEM-2025-LOT7,M05,0,43,2,20
MEM-2025-LOT7,M05,1,43,1,10
MEM-2025-LOT7,M05,2,43,1,10
MEM-2025-LOT7,M05,3,43,2,20
MEM-2025-LOT7,M05,4,43,1,10
MEM-2025-LOT7,M05,5,43,1,10
MEM-2025-LOT7,M05,6,43,2,31
MEM-2025-LOT7,M05,7,43,1,10
MEM-2025-LOT7,M05,8,43,2,21
MEM-2025-LOT7,M05,9,43,1,10
MEM-2025-LOT7,M05,10,43,1,10
MEM-2025-LOT7,M05,11,43,2,22
MEM-2025-LOT7,M05,12,43,3,30
MEM-2025-LOT7,M05,13,43,1,10
MEM-2025-LOT7,M05,14,43,1,10
MEM-2025-LOT7,M05,-13,44,2,20
MEM-2025-LOT7,M05,-12,44,3,31
MEM-2025-LOT7,M05,-11,44,1,10
MEM-2025-LOT7,M05,-10,44,2,22
MEM-2025-LOT7,M05,-9,44,4,22
MEM-2025-LOT7,M05,-8,44,2,31
MEM-2025-LOT7,M05,-7,44,4,22
MEM-2025-LOT7,M05,-6,44,1,10
MEM-2025-LOT7,M05,-5,44,2,21
MEM-2025-LOT7,M05,-4,44,1,10
MEM-2025-LOT7,M05,-3,44,1,10
MEM-2025-LOT7,M05,-2,44,2,31
MEM-2025-LOT7,M05,-1,44,1,10
MEM-2025-LOT7,M05,0,44,1,10
MEM-2025-LOT7,M05,1,44,1,10
MEM-2025-LOT7,M05,2,44,1,10
MEM-2025-LOT7,M05,3,44,1,10
MEM-2025-LOT7,M05,4,44,1,10
MEM-2025-LOT7,M05,5,44,1,10
MEM-2025-LOT7,M05,6,44,1,10
MEM-2025-LOT7,M05,7,44,1,10
MEM-2025-LOT7,M05,8,44,2,30
MEM-2025-LOT7,M05,9,44,1,10
MEM-2025-LOT7,M05,10,44,2,20
MEM-2025-LOT7,M05,11,44,1,10
MEM-2025-LOT7,M05,12,44,1,10
MEM-2025-LOT7,M05,13,44,1,10
MEM-2025-LOT7,M05,-12,45,1,10
MEM-2025-LOT7,M05,-11,45,1,10
MEM-2025-LOT7,M05,-10,45,3,21
MEM-2025-LOT7,M05,-9,45,3,30
MEM-2025-LOT7,M05,-8,45,1,10
MEM-2025-LOT7,M05,-7,45,3,30
MEM-2025-LOT7,M05,-6,45,3,21
MEM-2025-LOT7,M05,-5,45,3,31
MEM-2025-LOT7,M05,-4,45,1,10
MEM-2025-LOT7,M05,-3,45,1,10
MEM-2025-LOT7,M05,-2,45,3,21
MEM-2025-LOT7,M05,-1,45,4,21
MEM-2025-LOT7,M05,0,45,4,21
MEM-2025-LOT7,M05,1,45,4,21
MEM-2025-LOT7,M05,2,45,2,31
MEM-2025-LOT7,M05,3,45,2,30
MEM-2025-LOT7,M05,4,45,1,10
MEM-2025-LOT7,M05,5,45,1,10
MEM-2025-LOT7,M05,6,45,1,10
MEM-2025-LOT7,M05,7,45,1,10
MEM-2025-LOT7,M05,8,45,2,31
MEM-2025-LOT7,M05,9,45,1,10
MEM-2025-LOT7,M05,10,45,1,10
MEM-2025-LOT7,M05,11,45,1,10
MEM-2025-LOT7,M05,12,45,3,20
MEM-2025-LOT7,M05,-10,46,2,20
MEM-2025-LOT7,M05,-9,46,1,10
MEM-2025-LOT7,M05,-8,46,1,10
MEM-2025-LOT7,M05,-7,46,1,10
MEM-2025-LOT7,M05,-6,46,2,31
MEM-2025-LOT7,M05,-5,46,1,10
MEM-2025-LOT7,M05,-4,46,1,10
MEM-2025-LOT7,M05,-3,46,1,10
MEM-2025-LOT7,M05,-2,46,1,10
MEM-2025-LOT7,M05,-1,46,1,10
MEM-2025-LOT7,M05,0,46,2,20
MEM-2025-LOT7,M05,1,46,1,10
MEM-2025-LOT7,M05,2,46,3,22
MEM-2025-LOT7,M05,3,46,3,30
MEM-2025-LOT7,M05,4,46,1,10
MEM-2025-LOT7,M05,5,46,1,10
MEM-2025-LOT7,M05,6,46,2,20
MEM-2025-LOT7,M05,7,46,1,10
MEM-2025-LOT7,M05,8,46,4,30
MEM-2025-LOT7,M05,9,46,4,20
MEM-2025-LOT7,M05,10,46,1,10
MEM-2025-LOT7,M05,-7,47,2,22
MEM-2025-LOT7,M05,-6,47,4,22
MEM-2025-LOT7,M05,-5,47,1,10
MEM-2025-LOT7,M05,-4,47,1,10
MEM-2025-LOT7,M05,-3,47,1,10
MEM-2025-LOT7,M05,-2,47,2,30
MEM-2025-LOT7,M05,-1,47,1,10
MEM-2025-LOT7,M05,0,47,1,10
MEM-2025-LOT7,M05,1,47,1,10
MEM-2025-LOT7,M05,2,47,2,21
MEM-2025-LOT7,M05,3,47,1,10
MEM-2025-LOT7,M05,4,47,1,10
MEM-2025-LOT7,M05,5,47,1,10
MEM-2025-LOT7,M05,6,47,1,10
MEM-2025-LOT7,M05,7,47,1,10
MEM-2025-LOT7,M05,-4,48,1,10
MEM-2025-LOT7,M05,-3,48,2,30
MEM-2025-LOT7,M05,-2,48,1,10
MEM-2025-LOT7,M05,-1,48,1,10
MEM-2025-LOT7,M05,0,48,1,10
MEM-2025-LOT7,M05,1,48,1,10
MEM-2025-LOT7,M05,2,48,2,31
MEM-2025-LOT7,M05,3,48,1,10
MEM-2025-LOT7,M05,4,48,1,10
MEM-2025-LOT7,M06,-4,-48,1,10
MEM-2025-LOT7,M06,-3,-48,2,31
MEM-2025-LOT7,M06,-2,-48,1,10
MEM-2025-LOT7,M06,-1,-48,2,30
MEM-2025-LOT7,M06,0,-48,1,10
MEM-2025-LOT7,M06,1,-48,1,10
MEM-2025-LOT7,M06,2,-48,1,10
MEM-2025-LOT7,M06,3,-48,2,20
MEM-2025-LOT7,M06,4,-48,1,10
MEM-2025-LOT7,M06,-7,-47,1,10
MEM-2025-LOT7,M06,-6,-47,1,10
MEM-2025-LOT7,M06,-5,-47,1,10
MEM-2025-LOT7,M06,-4,-47,4,22
MEM-2025-LOT7,M06,-3,-47,1,10
MEM-2025-LOT7,M06,-2,-47,1,10
MEM-2025-LOT7,M06,-1,-47,1,10
MEM-2025-LOT7,M06,0,-47,2,30
MEM-2025-LOT7,M06,1,-47,2,31
MEM-2025-LOT7,M06,2,-47,2,30
MEM-2025-LOT7,M06,3,-47,1,10
MEM-2025-LOT7,M06,4,-47,1,10
MEM-2025-LOT7,M06,5,-47,3,21
MEM-2025-LOT7,M06,6,-47,2,30
MEM-2025-LOT7,M06,7,-47,1,10
MEM-2025-LOT7,M06,-10,-46,2,30
MEM-2025-LOT7,M06,-9,-46,4,30
MEM-2025-LOT7,M06,-8,-46,3,30
MEM-2025-LOT7,M06,-7,-46,3,31
MEM-2025-LOT7,M06,-6,-46,1,10
MEM-2025-LOT7,M06,-5,-46,3,30
MEM-2025-LOT7,M06,-4,-46,2,30
MEM-2025-LOT7,M06,-3,-46,1,10
MEM-2025-LOT7,M06,-2,-46,3,22
MEM-2025-LOT7,M06,-1,-46,3,21
MEM-2025-LOT7,M06,0,-46,1,10
MEM-2025-LOT7,M06,1,-46,4,31
MEM-2025-LOT7,M06,2,-46,3,31
MEM-2025-LOT7,M06,3,-46,4,31
MEM-2025-LOT7,M06,4,-46,1,10
MEM-2025-LOT7,M06,5,-46,2,30
MEM-2025-LOT7,M06,6,-46,1,10
MEM-2025-LOT7,M06,7,-46,1,10
MEM-2025-LOT7,M06,8,-46,4,22
MEM-2025-LOT7,M06,9,-46,4,31
MEM-2025-LOT7,M06,10,-46,1,10
MEM-2025-LOT7,M06,-12,-45,1,10
MEM-2025-LOT7,M06,-11,-45,1,10
MEM-2025-LOT7,M06,-10,-45,1,10
MEM-2025-LOT7,M06,-9,-45,1,10
MEM-2025-LOT7,M06,-8,-45,4,22
MEM-2025-LOT7,M06,-7,-45,1,10
MEM-2025-LOT7,M06,-6,-45,4,31
MEM-2025-LOT7,M06,-5,-45,3,31
MEM-2025-LOT7,M06,-4,-45,3,22
MEM-2025-LOT7,M06,-3,-45,2,31
MEM-2025-LOT7,M06,-2,-45,4,31
MEM-2025-LOT7,M06,-1,-45,1,10
MEM-2025-LOT7,M06,0,-45,1,10
MEM-2025-LOT7,M06,1,-45,2,30
MEM-2025-LOT7,M06,2,-45,1,10
MEM-2025-LOT7,M06,3,-45,1,10
MEM-2025-LOT7,M06,4,-45,4,20
MEM-2025-LOT7,M06,5,-45,1,10
MEM-2025-LOT7,M06,6,-45,2,22
MEM-2025-LOT7,M06,7,-45,2,20
MEM-2025-LOT7,M06,8,-45,1,10
MEM-2025-LOT7,M06,9,-45,3,20
MEM-2025-LOT7,M06,10,-45,1,10
MEM-2025-LOT7,M06,11,-45,1,10
MEM-2025-LOT7,M06,12,-45,1,10
MEM-2025-LOT7,M06,-13,-44,2,22
MEM-2025-LOT7,M06,-12,-44,1,10
MEM-2025-LOT7,M06,-11,-44,1,10
MEM-2025-LOT7,M06,-10,-44,2,21
MEM-2025-LOT7,M06,-9,-44,2,31
MEM-2025-LOT7,M06,-8,-44,1,10
MEM-2025-LOT7,M06,-7,-44,2,22
MEM-2025-LOT7,M06,-6,-44,3,21
MEM-2025-LOT7,M06,-5,-44,2,22
MEM-2025-LOT7,M06,-4,-44,1,10
MEM-2025-LOT7,M06,-3,-44,2,22
MEM-2025-LOT7,M06,-2,-44,1,10
MEM-2025-LOT7,M06,-1,-44,3,30
MEM-2025-LOT7,M06,0,-44,1,10
MEM-2025-LOT7,M06,1,-44,2,31
MEM-2025-LOT7,M06,2,-44,2,31
MEM-2025-LOT7,M06,3,-44,2,30
MEM-2025-LOT7,M06,4,-44,4,20
MEM-2025-LOT7,M06,5,-44,2,30
MEM-2025-LOT7,M06,6,-44,1,10
MEM-2025-LOT7,M06,7,-44,1,10
MEM-2025-LOT7,M06,8,-44,1,10
MEM-2025-LOT7,M06,9,-44,1,10
MEM-2025-LOT7,M06,10,-44,1,10
MEM-2025-LOT7,M06,11,-44,1,10
MEM-2025-LOT7,M06,12,-44,1,10
MEM-2025-LOT7,M06,13,-44,1,10
MEM-2025-LOT7,M06,-14,-43,1,10
MEM-2025-LOT7,M06,-13,-43,1,10
MEM-2025-LOT7,M06,-12,-43,1,10
MEM-2025-LOT7,M06,-11,-43,1,10
MEM-2025-LOT7,M06,-10,-43,1,10
MEM-2025-LOT7,M06,-9,-43,4,31
MEM-2025-LOT7,M06,-8,-43,4,22
MEM-2025-LOT7,M06,-7,-43,1,10
MEM-2025-LOT7,M06,-6,-43,1,10
MEM-2025-LOT7,M06,-5,-43,3,30
MEM-2025-LOT7,M06,-4,-43,1,10
MEM-2025-LOT7,M06,-3,-43,2,21
MEM-2025-LOT7,M06,-2,-43,2,31
MEM-2025-LOT7,M06,-1,-43,1,10
MEM-2025-LOT7,M06,0,-43,2,20
MEM-2025-LOT7,M06,1,-43,1,10
MEM-2025-LOT7,M06,2,-43,3,21
MEM-2025-LOT7,M06,3,-43,3,30
MEM-2025-LOT7,M06,4,-43,3,20
MEM-2025-LOT7,M06,5,-43,4,31
MEM-2025-LOT7,M06,6,-43,1,10
MEM-2025-LOT7,M06,7,-43,1,10
MEM-2025-LOT7,M06,8,-43,4,31
MEM-2025-LOT7,M06,9,-43,1,10
MEM-2025-LOT7,M06,10,-43,1,10
MEM-2025-LOT7,M06,11,-43,1,10
MEM-2025-LOT7,M06,12,-43,1,10
MEM-2025-LOT7,M06,13,-43,2,31
MEM-2025-LOT7,M06,14,-43,1,10
MEM-2025-LOT7,M06,-16,-42,4,22
MEM-2025-LOT7,M06,-15,-42,1,10
MEM-2025-LOT7,M06,-14,-42,2,31
MEM-2025-LOT7,M06,-13,-42,1,10
MEM-2025-LOT7,M06,-12,-42,2,21
MEM-2025-LOT7,M06,-11,-42,2,20
MEM-2025-LOT7,M06,-10,-42,4,31
MEM-2025-LOT7,M06,-9,-42,2,31
MEM-2025-LOT7,M06,-8,-42,1,10
MEM-2025-LOT7,M06,-7,-42,3,20
MEM-2025-LOT7,M06,-6,-42,1,10
MEM-2025-LOT7,M06,-5,-42,1,10
MEM-2025-LOT7,M06,-4,-42,1,10
MEM-2025-LOT7,M06,-3,-42,1,10
MEM-2025-LOT7,M06,-2,-42,1,10
MEM-2025-LOT7,M06,-1,-42,1,10
MEM-2025-LOT7,M06,0,-42,1,10
MEM-2025-LOT7,M06,1,-42,1,10
MEM-2025-LOT7,M06,2,-42,1,10
MEM-2025-LOT7,M06,3,-42,1,10
MEM-2025-LOT7,M06,4,-42,1,10
MEM-2025-LOT7,M06,5,-42,2,30
MEM-2025-LOT7,M06,6,-42,2,22
MEM-2025-LOT7,M06,7,-42,4,22
MEM-2025-LOT7,M06,8,-42,3,21
MEM-2025-LOT7,M06,9,-42,1,10
MEM-2025-LOT7,M06,10,-42,2,20
MEM-2025-LOT7,M06,11,-42,4,21
MEM-2025-LOT7,M06,12,-42,1,10
MEM-2025-LOT7,M06,13,-42,1,10
MEM-2025-LOT7,M06,14,-42,1,10
MEM-2025-LOT7,M06,15,-42,1,10
MEM-2025-LOT7,M06,16,-42,2,30
MEM-2025-LOT7,M06,-17,-41,2,31
MEM-2025-LOT7,M06,-16,-41,1,10
MEM-2025-LOT7,M06,-15,-41,1,10
MEM-2025-LOT7,M06,-14,-41,4,31
MEM-2025-LOT7,M06,-13,-41,2,21
MEM-2025-LOT7,M06,-12,-41,1,10
MEM-2025-LOT7,M06,-11,-41,1,10
MEM-2025-LOT7,M06,-10,-41,1,10
MEM-2025-LOT7,M06,-9,-41,3,22
MEM-2025-LOT7,M06,-8,-41,1,10
MEM-2025-LOT7,M06,-7,-41,1,10
MEM-2025-LOT7,M06,-6,-41,2,20
MEM-2025-LOT7,M06,-5,-41,1,10
MEM-2025-LOT7,M06,-4,-41,1,10
MEM-2025-LOT7,M06,-3,-41,1,10
MEM-2025-LOT7,M06,-2,-41,1,10
MEM-2025-LOT7,M06,-1,-41,4,22
MEM-2025-LOT7,M06,0,-41,1,10
MEM-2025-LOT7,M06,1,-41,1,10
MEM-2025-LOT7,M06,2,-41,1,10
MEM-2025-LOT7,M06,3,-41,1,10
MEM-2025-LOT7,M06,4,-41,2,30
MEM-2025-LOT7,M06,5,-41,1,10
MEM-2025-LOT7,M06,6,-41,1,10
MEM-2025-LOT7,M06,7,-41,1,10
MEM-2025-LOT7,M06,8,-41,2,20
MEM-2025-LOT7,M06,9,-41,4,20
MEM-2025-LOT7,M06,10,-41,2,22
MEM-2025-LOT7,M06,11,-41,1,10
MEM-2025-LOT7,M06,12,-41,1,10
MEM-2025-LOT7,M06,13,-41,2,30
MEM-2025-LOT7,M06,14,-41,3,31
MEM-2025-LOT7,M06,15,-41,2,21
MEM-2025-LOT7,M06,16,-41,2,31
MEM-2025-LOT7,M06,17,-41,1,10
MEM-2025-LOT7,M06,-18,-40,2,21
MEM-2025-LOT7,M06,-17,-40,3,31
MEM-2025-LOT7,M06,-16,-40,1,10
MEM-2025-LOT7,M06,-15,-40,1,10
MEM-2025-LOT7,M06,-14,-40,1,10
MEM-2025-LOT7,M06,-13,-40,3,31
MEM-2025-LOT7,M06,-12,-40,1,10
MEM-2025-LOT7,M06,-11,-40,1,10
MEM-2025-LOT7,M06,-10,-40,4,31
MEM-2025-LOT7,M06,-9,-40,1,10
MEM-2025-LOT7,M06,-8,-40,1,10
MEM-2025-LOT7,M06,-7,-40,2,31
MEM-2025-LOT7,M06,-6,-40,4,30
MEM-2025-LOT7,M06,-5,-40,1,10
MEM-2025-LOT7,M06,-4,-40,4,20
MEM-2025-LOT7,M06,-3,-40,1,10
MEM-2025-LOT7,M06,-2,-40,4,31
MEM-2025-LOT7,M06,-1,-40,3,22
MEM-2025-LOT7,M06,0,-40,3,31
MEM-2025-LOT7,M06,1,-40,1,10
MEM-2025-LOT7,M06,2,-40,2,22
MEM-2025-LOT7,M06,3,-40,1,10
MEM-2025-LOT7,M06,4,-40,1,10
MEM-2025-LOT7,M06,5,-40,3,22
MEM-2025-LOT7,M06,6,-40,4,30
MEM-2025-LOT7,M06,7,-40,2,30
MEM-2025-LOT7,M06,8,-40,1,10
MEM-2025-LOT7,M06,9,-40,4,31
MEM-2025-LOT7,M06,10,-40,2,31
MEM-2025-LOT7,M06,11,-40,1,10
MEM-2025-LOT7,M06,12,-40,3,21
MEM-2025-LOT7,M06,13,-40,1,10
MEM-2025-LOT7,M06,14,-40,1,10
MEM-2025-LOT7,M06,15,-40,4,20
MEM-2025-LOT7,M06,16,-40,1,10
MEM-2025-LOT7,M06,17,-40,1,10
MEM-2025-LOT7,M06,18,-40,2,21
MEM-2025-LOT7,M06,-19,-39,4,21
MEM-2025-LOT7,M06,-18,-39,3,30
MEM-2025-LOT7,M06,-17,-39,1,10
MEM-2025-LOT7,M06,-16,-39,1,10
MEM-2025-LOT7,M06,-15,-39,1,10
MEM-2025-LOT7,M06,-14,-39,1,10
MEM-2025-LOT7,M06,-13,-39,2,31
MEM-2025-LOT7,M06,-12,-39,1,10
MEM-2025-LOT7,M06,-11,-39,2,30
MEM-2025-LOT7,M06,-10,-39,1,10
MEM-2025-LOT7,M06,-9,-39,1,10
MEM-2025-LOT7,M06,-8,-39,1,10
MEM-2025-LOT7,M06,-7,-39,1,10
MEM-2025-LOT7,M06,-6,-39,1,10
MEM-2025-LOT7,M06,-5,-39,3,21
MEM-2025-LOT7,M06,-4,-39,2,31
MEM-2025-LOT7,M06,-3,-39,4,22
MEM-2025-LOT7,M06,-2,-39,3,30
MEM-2025-LOT7,M06,-1,-39,1,10
MEM-2025-LOT7,M06,0,-39,1,10
MEM-2025-LOT7,M06,1,-39,2,21
MEM-2025-LOT7,M06,2,-39,1,10
MEM-2025-LOT7,M06,3,-39,2,22
MEM-2025-LOT7,M06,4,-39,1,10
MEM-2025-LOT7,M06,5,-39,1,10
MEM-2025-LOT7,M06,6,-39,4,20
MEM-2025-LOT7,M06,7,-39,1,10
MEM-2025-LOT7,M06,8,-39,1,10
MEM-2025-LOT7,M06,9,-39,2,31
MEM-2025-LOT7,M06,10,-39,1,10
MEM-2025-LOT7,M06,11,-39,2,20
MEM-2025-LOT7,M06,12,-39,1,10
MEM-2025-LOT7,M06,13,-39,2,30
MEM-2025-LOT7,M06,14,-39,1,10
MEM-2025-LOT7,M06,15,-39,2,21
MEM-2025-LOT7,M06,16,-39,1,10
MEM-2025-LOT7,M06,17,-39,1,10
MEM-2025-LOT7,M06,18,-39,2,30
MEM-2025-LOT7,M06,19,-39,1,10
MEM-2025-LOT7,M06,-20,-38,1,10
MEM-2025-LOT7,M06,-19,-38,2,22
MEM-2025-LOT7,M06,-18,-38,2,21
MEM-2025-LOT7,M06,-17,-38,1,10
MEM-2025-LOT7,M06,-16,-38,1,10
MEM-2025-LOT7,M06,-15,-38,1,10
MEM-2025-LOT7,M06,-14,-38,2,21
MEM-2025-LOT7,M06,-13,-38,1,10
MEM-2025-LOT7,M06,-12,-38,1,10
MEM-2025-LOT7,M06,-11,-38,1,10
MEM-2025-LOT7,M06,-10,-38,1,10
MEM-2025-LOT7,M06,-9,-38,1,10
MEM-2025-LOT7,M06,-8,-38,4,21
MEM-2025-LOT7,M06,-7,-38,3,30
MEM-2025-LOT7,M06,-6,-38,1,10
MEM-2025-LOT7,M06,-5,-38,2,21
MEM-2025-LOT7,M06,-4,-38,1,10
MEM-2025-LOT7,M06,-3,-38,1,10
MEM-2025-LOT7,M06,-2,-38,1,10
MEM-2025-LOT7,M06,-1,-38,1,10
MEM-2025-LOT7,M06,0,-38,2,20
MEM-2025-LOT7,M06,1,-38,1,10
MEM-2025-LOT7,M06,2,-38,1,10
MEM-2025-LOT7,M06,3,-38,3,31
MEM-2025-LOT7,M06,4,-38,1,10
MEM-2025-LOT7,M06,5,-38,4,20
MEM-2025-LOT7,M06,6,-38,2,31
MEM-2025-LOT7,M06,7,-38,2,20
MEM-2025-LOT7,M06,8,-38,1,10
MEM-2025-LOT7,M06,9,-38,1,10
MEM-2025-LOT7,M06,10,-38,1,10
MEM-2025-LOT7,M06,11,-38,3,31
MEM-2025-LOT7,M06,12,-38,1,10
MEM-2025-LOT7,M06,13,-38,1,10
MEM-2025-LOT7,M06,14,-38,2,22
MEM-2025-LOT7,M06,15,-38,2,21
MEM-2025-LOT7,M06,16,-38,1,10
MEM-2025-LOT7,M06,17,-38,2,20
MEM-2025-LOT7,M06,18,-38,3,22
MEM-2025-LOT7,M06,19,-38,4,31
MEM-2025-LOT7,M06,20,-38,2,20
MEM-2025-LOT7,M06,-20,-37,2,20
MEM-2025-LOT7,M06,-19,-37,1,10
MEM-2025-LOT7,M06,-18,-37,2,21
MEM-2025-LOT7,M06,-17,-37,1,10
MEM-2025-LOT7,M06,-16,-37,1,10
MEM-2025-LOT7,M06,-15,-37,2,31
MEM-2025-LOT7,M06,-14,-37,1,10
MEM-2025-LOT7,M06,-13,-37,2,21
MEM-2025-LOT7,M06,-12,-37,1,10
MEM-2025-LOT7,M06,-11,-37,1,10
MEM-2025-LOT7,M06,-10,-37,3,22
MEM-2025-LOT7,M06,-9,-37,2,30
MEM-2025-LOT7,M06,-8,-37,1,10
MEM-2025-LOT7,M06,-7,-37,1,10
MEM-2025-LOT7,M06,-6,-37,2,30
MEM-2025-LOT7,M06,-5,-37,4,20
MEM-2025-LOT7,M06,-4,-37,1,10
MEM-2025-LOT7,M06,-3,-37,1,10
MEM-2025-LOT7,M06,-2,-37,4,30
MEM-2025-LOT7,M06,-1,-37,1,10
MEM-2025-LOT7,M06,0,-37,1,10
MEM-2025-LOT7,M06,1,-37,2,30
MEM-2025-LOT7,M06,2,-37,1,10
MEM-2025-LOT7,M06,3,-37,1,10
MEM-2025-LOT7,M06,4,-37,1,10
MEM-2025-LOT7,M06,5,-37,1,10
MEM-2025-LOT7,M06,6,-37,2,21
MEM-2025-LOT7,M06,7,-37,1,10
MEM-2025-LOT7,M06,8,-37,1,10
MEM-2025-LOT7,M06,9,-37,1,10
MEM-2025-LOT7,M06,10,-37,2,20
MEM-2025-LOT7,M06,11,-37,1,10
MEM-2025-LOT7,M06,12,-37,1,10
MEM-2025-LOT7,M06,13,-37,1,10
MEM-2025-LOT7,M06,14,-37,1,10
MEM-2025-LOT7,M06,15,-37,1,10
MEM-2025-LOT7,M06,16,-37,2,30
MEM-2025-LOT7,M06,17,-37,1,10
MEM-2025-LOT7,M06,18,-37,2,21
MEM-2025-LOT7,M06,19,-37,1,10
MEM-2025-LOT7,M06,20,-37,2,20
MEM-2025-LOT7,M06,-21,-36,1,10
MEM-2025-LOT7,M06,-20,-36,4,22
MEM-2025-LOT7,M06,-19,-36,1,10
MEM-2025-LOT7,M06,-18,-36,2,30
MEM-2025-LOT7,M06,-17,-36,3,30
MEM-2025-LOT7,M06,-16,-36,2,30
MEM-2025-LOT7,M06,-15,-36,1,10
MEM-2025-LOT7,M06,-14,-36,4,30
MEM-2025-LOT7,M06,-13,-36,1,10
MEM-2025-LOT7,M06,-12,-36,1,10
MEM-2025-LOT7,M06,-11,-36,4,30
MEM-2025-LOT7,M06,-10,-36,1,10
MEM-2025-LOT7,M06,-9,-36,3,21
MEM-2025-LOT7,M06,-8,-36,1,10
MEM-2025-LOT7,M06,-7,-36,1,10
MEM-2025-LOT7,M06,-6,-36,1,10
MEM-2025-LOT7,M06,-5,-36,2,21
MEM-2025-LOT7,M06,-4,-36,1,10
MEM-2025-LOT7,M06,-3,-36,1,10
MEM-2025-LOT7,M06,-2,-36,4,20
MEM-2025-LOT7,M06,-1,-36,2,22
MEM-2025-LOT7,M06,0,-36,1,10
MEM-2025-LOT7,M06,1,-36,1,10
MEM-2025-LOT7,M06,2,-36,4,30
MEM-2025-LOT7,M06,3,-36,2,21
MEM-2025-LOT7,M06,4,-36,1,10
MEM-2025-LOT7,M06,5,-36,2,30
MEM-2025-LOT7,M06,6,-36,1,10
MEM-2025-LOT7,M06,7,-36,1,10
MEM-2025-LOT7,M06,8,-36,2,31
MEM-2025-LOT7,M06,9,-36,4,21
MEM-2025-LOT7,M06,10,-36,4,20
MEM-2025-LOT7,M06,11,-36,2,22
MEM-2025-LOT7,M06,12,-36,1,10
MEM-2025-LOT7,M06,13,-36,2,21
MEM-2025-LOT7,M06,14,-36,1,10
MEM-2025-LOT7,M06,15,-36,4,31
MEM-2025-LOT7,M06,16,-36,1,10
MEM-2025-LOT7,M06,17,-36,1,10
MEM-2025-LOT7,M06,18,-36,4,31
MEM-2025-LOT7,M06,19,-36,3,20
MEM-2025-LOT7,M06,20,-36,1,10
MEM-2025-LOT7,M06,21,-36,4,31
MEM-2025-LOT7,M06,-22,-35,2,31
MEM-2025-LOT7,M06,-21,-35,2,31
MEM-2025-LOT7,M06,-20,-35,1,10
MEM-2025-LOT7,M06,-19,-35,4,21
MEM-2025-LOT7,M06,-18,-35,1,10
MEM-2025-LOT7,M06,-17,-35,1,10
MEM-2025-LOT7,M06,-16,-35,2,30
MEM-2025-LOT7,M06,-15,-35,1,10
MEM-2025-LOT7,M06,-14,-35,2,31
MEM-2025-LOT7,M06,-13,-35,1,10
MEM-2025-LOT7,M06,-12,-35,3,30
MEM-2025-LOT7,M06,-11,-35,1,10
MEM-2025-LOT7,M06,-10,-35,3,22
MEM-2025-LOT7,M06,-9,-35,2,22
MEM-2025-LOT7,M06,-8,-35,3,22
MEM-2025-LOT7,M06,-7,-35,1,10
MEM-2025-LOT7,M06,-6,-35,4,22
MEM-2025-LOT7,M06,-5,-35,2,30
MEM-2025-LOT7,M06,-4,-35,1,10
MEM-2025-LOT7,M06,-3,-35,1,10
MEM-2025-LOT7,M06,-2,-35,1,10
MEM-2025-LOT7,M06,-1,-35,1,10
MEM-2025-LOT7,M06,0,-35,1,10
MEM-2025-LOT7,M06,1,-35,3,31
MEM-2025-LOT7,M06,2,-35,4,22
MEM-2025-LOT7,M06,3,-35,1,10
MEM-2025-LOT7,M06,4,-35,1,10
MEM-2025-LOT7,M06,5,-35,2,21
MEM-2025-LOT7,M06,6,-35,1,10
MEM-2025-LOT7,M06,7,-35,1,10
MEM-2025-LOT7,M06,8,-35,1,10
MEM-2025-LOT7,M06,9,-35,4,31
MEM-2025-LOT7,M06,10,-35,3,30
MEM-2025-LOT7,M06,11,-35,2,20
MEM-2025-LOT7,M06,12,-35,1,10
MEM-2025-LOT7,M06,13,-35,4,30
MEM-2025-LOT7,M06,14,-35,2,20
MEM-2025-LOT7,M06,15,-35,1,10
MEM-2025-LOT7,M06,16,-35,1,10
MEM-2025-LOT7,M06,17,-35,1,10
MEM-2025-LOT7,M06,18,-35,1,10
MEM-2025-LOT7,M06,19,-35,2,22
MEM-2025-LOT7,M06,20,-35,1,10
MEM-2025-LOT7,M06,21,-35,1,10
MEM-2025-LOT7,M06,22,-35,1,10
MEM-2025-LOT7,M06,-23,-34,1,10
MEM-2025-LOT7,M06,-22,-34,1,10
MEM-2025-LOT7,M06,-21,-34,4,20
MEM-2025-LOT7,M06,-20,-34,1,10
MEM-2025-LOT7,M06,-19,-34,1,10
MEM-2025-LOT7,M06,-18,-34,1,10
MEM-2025-LOT7,M06,-17,-34,1,10
MEM-2025-LOT7,M06,-16,-34,1,10
MEM-2025-LOT7,M06,-15,-34,4,21
MEM-2025-LOT7,M06,-14,-34,1,10
MEM-2025-LOT7,M06,-13,-34,4,20
MEM-2025-LOT7,M06,-12,-34,4,22
MEM-2025-LOT7,M06,-11,-34,4,20
MEM-2025-LOT7,M06,-10,-34,1,10
MEM-2025-LOT7,M06,-9,-34,1,10
MEM-2025-LOT7,M06,-8,-34,1,10
MEM-2025-LOT7,M06,-7,-34,2,21
MEM-2025-LOT7,M06,-6,-34,1,10
MEM-2025-LOT7,M06,-5,-34,2,21
MEM-2025-LOT7,M06,-4,-34,1,10
MEM-2025-LOT7,M06,-3,-34,2,20
MEM-2025-LOT7,M06,-2,-34,2,21
MEM-2025-LOT7,M06,-1,-34,1,10
MEM-2025-LOT7,M06,0,-34,1,10
MEM-2025-LOT7,M06,1,-34,3,21
MEM-2025-LOT7,M06,2,-34,1,10
MEM-2025-LOT7,M06,3,-34,1,10
MEM-2025-LOT7,M06,4,-34,1,10
MEM-2025-LOT7,M06,5,-34,3,30
MEM-2025-LOT7,M06,6,-34,4,20
MEM-2025-LOT7,M06,7,-34,2,30
MEM-2025-LOT7,M06,8,-34,1,10
MEM-2025-LOT7,M06,9,-34,1,10
MEM-2025-LOT7,M06,10,-34,4,30
MEM-2025-LOT7,M06,11,-34,3,22
MEM-2025-LOT7,M06,12,-34,4,22
MEM-2025-LOT7,M06,13,-34,1,10
MEM-2025-LOT7,M06,14,-34,4,20
MEM-2025-LOT7,M06,15,-34,2,22
MEM-2025-LOT7,M06,16,-34,2,21
MEM-2025-LOT7,M06,17,-34,3,22
MEM-2025-LOT7,M06,18,-34,3,20
MEM-2025-LOT7,M06,19,-34,1,10
MEM-2025-LOT7,M06,20,-34,1,10
MEM-2025-LOT7,M06,21,-34,1,10
MEM-2025-LOT7,M06,22,-34,1,10
MEM-2025-LOT7,M06,23,-34,2,21
MEM-2025-LOT7,M06,-23,-33,2,22
MEM-2025-LOT7,M06,-22,-33,3,30
MEM-2025-LOT7,M06,-21,-33,2,31
MEM-2025-LOT7,M06,-20,-33,1,10
MEM-2025-LOT7,M06,-19,-33,1,10
MEM-2025-LOT7,M06,-18,-33,4,31
MEM-2025-LOT7,M06,-17,-33,1,10
MEM-2025-LOT7,M06,-16,-33,1,10
MEM-2025-LOT7,M06,-15,-33,1,10
MEM-2025-LOT7,M06,-14,-33,1,10
MEM-2025-LOT7,M06,-13,-33,1,10
MEM-2025-LOT7,M06,-12,-33,3,31
MEM-2025-LOT7,M06,-11,-33,3,31
MEM-2025-LOT7,M06,-10,-33,3,22
MEM-2025-LOT7,M06,-9,-33,3,30
MEM-2025-LOT7,M06,-8,-33,1,10
MEM-2025-LOT7,M06,-7,-33,2,31
MEM-2025-LOT7,M06,-6,-33,3,22
MEM-2025-LOT7,M06,-5,-33,1,10
MEM-2025-LOT7,M06,-4,-33,2,20
MEM-2025-LOT7,M06,-3,-33,1,10
MEM-2025-LOT7,M06,-2,-33,1,10
MEM-2025-LOT7,M06,-1,-33,1,10
MEM-2025-LOT7,M06,0,-33,1,10
MEM-2025-LOT7,M06,1,-33,1,10
MEM-2025-LOT7,M06,2,-33,1,10
MEM-2025-LOT7,M06,3,-33,1,10
MEM-2025-LOT7,M06,4,-33,2,21
MEM-2025-LOT7,M06,5,-33,1,10
MEM-2025-LOT7,M06,6,-33,1,10
MEM-2025-LOT7,M06,7,-33,1,10
MEM-2025-LOT7,M06,8,-33,4,21
MEM-2025-LOT7,M06,9,-33,1,10
MEM-2025-LOT7,M06,10,-33,3,22
MEM-2025-LOT7,M06,11,-33,2,30
MEM-2025-LOT7,M06,12,-33,1,10
MEM-2025-LOT7,M06,13,-33,1,10
MEM-2025-LOT7,M06,14,-33,4,30
MEM-2025-LOT7,M06,15,-33,2,22
MEM-2025-LOT7,M06,16,-33,1,10
MEM-2025-LOT7,M06,17,-33,2,20
MEM-2025-LOT7,M06,18,-33,1,10
MEM-2025-LOT7,M06,19,-33,1,10
MEM-2025-LOT7,M06,20,-33,1,10
MEM-2025-LOT7,M06,21,-33,1,10
MEM-2025-LOT7,M06,22,-33,3,22
MEM-2025-LOT7,M06,23,-33,3,30
MEM-2025-LOT7,M06,-24,-32,1,10
MEM-2025-LOT7,M06,-23,-32,1,10
MEM-2025-LOT7,M06,-22,-32,2,31
MEM-2025-LOT7,M06,-21,-32,3,30
MEM-2025-LOT7,M06,-20,-32,2,30
MEM-2025-LOT7,M06,-19,-32,1,10
MEM-2025-LOT7,M06,-18,-32,3,30
MEM-2025-LOT7,M06,-17,-32,2,31
MEM-2025-LOT7,M06,-16,-32,1,10
MEM-2025-LOT7,M06,-15,-32,2,21
MEM-2025-LOT7,M06,-14,-32,1,10
MEM-2025-LOT7,M06,-13,-32,2,31
MEM-2025-LOT7,M06,-12,-32,2,21
MEM-2025-LOT7,M06,-11,-32,1,10
MEM-2025-LOT7,M06,-10,-32,2,30
MEM-2025-LOT7,M06,-9,-32,3,21
MEM-2025-LOT7,M06,-8,-32,3,22
MEM-2025-LOT7,M06,-7,-32,1,10
MEM-2025-LOT7,M06,-6,-32,1,10
MEM-2025-LOT7,M06,-5,-32,1,10
MEM-2025-LOT7,M06,-4,-32,2,21
MEM-2025-LOT7,M06,-3,-32,1,10
MEM-2025-LOT7,M06,-2,-32,1,10
MEM-2025-LOT7,M06,-1,-32,1,10
MEM-2025-LOT7,M06,0,-32,1,10
MEM-2025-LOT7,M06,1,-32,1,10
MEM-2025-LOT7,M06,2,-32,1,10
MEM-2025-LOT7,M06,3,-32,1,10
MEM-2025-LOT7,M06,4,-32,3,31
MEM-2025-LOT7,M06,5,-32,1,10
MEM-2025-LOT7,M06,6,-32,1,10
MEM-2025-LOT7,M06,7,-32,4,21
MEM-2025-LOT7,M06,8,-32,4,21
MEM-2025-LOT7,M06,9,-32,1,10
MEM-2025-LOT7,M06,10,-32,2,21
MEM-2025-LOT7,M06,11,-32,1,10
MEM-2025-LOT7,M06,12,-32,1,10
MEM-2025-LOT7,M06,13,-32,4,22
MEM-2025-LOT7,M06,14,-32,1,10
MEM-2025-LOT7,M06,15,-32,4,22
MEM-2025-LOT7,M06,16,-32,4,20
MEM-2025-LOT7,M06,17,-32,1,10
MEM-2025-LOT7,M06,18,-32,2,30
MEM-2025-LOT7,M06,19,-32,2,31
MEM-2025-LOT7,M06,20,-32,4,30
MEM-2025-LOT7,M06,21,-32,3,20
MEM-2025-LOT7,M06,22,-32,3,30
MEM-2025-LOT7,M06,23,-32,4,21
MEM-2025-LOT7,M06,24,-32,2,22
MEM-2025-LOT7,M06,-24,-31,1,10
MEM-2025-LOT7,M06,-23,-31,2,31
MEM-2025-LOT7,M06,-22,-31,1,10
MEM-2025-LOT7,M06,-21,-31,2,22
MEM-2025-LOT7,M06,-20,-31,1,10
MEM-2025-LOT7,M06,-19,-31,3,20
MEM-2025-LOT7,M06,-18,-31,1,10
MEM-2025-LOT7,M06,-17,-31,1,10
MEM-2025-LOT7,M06,-16,-31,2,31
MEM-2025-LOT7,M06,-15,-31,1,10
MEM-2025-LOT7,M06,-14,-31,1,10
MEM-2025-LOT7,M06,-13,-31,2,31
MEM-2025-LOT7,M06,-12,-31,1,10
MEM-2025-LOT7,M06,-11,-31,1,10
MEM-2025-LOT7,M06,-10,-31,1,10
MEM-2025-LOT7,M06,-9,-31,2,31
MEM-2025-LOT7,M06,-8,-31,1,10
MEM-2025-LOT7,M06,-7,-31,1,10
MEM-2025-LOT7,M06,-6,-31,1,10
MEM-2025-LOT7,M06,-5,-31,1,10
MEM-2025-LOT7,M06,-4,-31,1,10
MEM-2025-LOT7,M06,-3,-31,1,10
MEM-2025-LOT7,M06,-2,-31,1,10
MEM-2025-LOT7,M06,-1,-31,1,10
MEM-2025-LOT7,M06,0,-31,1,10
MEM-2025-LOT7,M06,1,-31,1,10
MEM-2025-LOT7,M06,2,-31,1,10
MEM-2025-LOT7,M06,3,-31,1,10
MEM-2025-LOT7,M06,4,-31,1,10
MEM-2025-LOT7,M06,5,-31,1,10
MEM-2025-LOT7,M06,6,-31,1,10
MEM-2025-LOT7,M06,7,-31,1,10
MEM-2025-LOT7,M06,8,-31,1,10
MEM-2025-LOT7,M06,9,-31,1,10
MEM-2025-LOT7,M06,10,-31,1,10
MEM-2025-LOT7,M06,11,-31,1,10
MEM-2025-LOT7,M06,12,-31,1,10
MEM-2025-LOT7,M06,13,-31,1,10
MEM-2025-LOT7,M06,14,-31,1,10
MEM-2025-LOT7,M06,15,-31,1,10
MEM-2025-LOT7,M06,16,-31,3,22
MEM-2025-LOT7,M06,17,-31,2,21
MEM-2025-LOT7,M06,18,-31,1,10
MEM-2025-LOT7,M06,19,-31,1,10
MEM-2025-LOT7,M06,20,-31,2,22
MEM-2025-LOT7,M06,21,-31,3,31
MEM-2025-LOT7,M06,22,-31,1,10
MEM-2025-LOT7,M06,23,-31,1,10
MEM-2025-LOT7,M06,24,-31,1,10
MEM-2025-LOT7,M06,-25,-30,1,10
MEM-2025-LOT7,M06,-24,-30,2,31
MEM-2025-LOT7,M06,-23,-30,1,10
MEM-2025-LOT7,M06,-22,-30,1,10
MEM-2025-LOT7,M06,-21,-30,1,10
MEM-2025-LOT7,M06,-20,-30,4,31
MEM-2025-LOT7,M06,-19,-30,1,10
MEM-2025-LOT7,M06,-18,-30,2,21
MEM-2025-LOT7,M06,-17,-30,2,31
MEM-2025-LOT7,M06,-16,-30,1,10
MEM-2025-LOT7,M06,-15,-30,4,21
MEM-2025-LOT7,M06,-14,-30,1,10
MEM-2025-LOT7,M06,-13,-30,3,20
MEM-2025-LOT7,M06,-12,-30,2,31
MEM-2025-LOT7,M06,-11,-30,1,10
MEM-2025-LOT7,M06,-10,-30,1,10
MEM-2025-LOT7,M06,-9,-30,1,10
MEM-2025-LOT7,M06,-8,-30,1,10
MEM-2025-LOT7,M06,-7,-30,1,10
MEM-2025-LOT7,M06,-6,-30,1,10
MEM-2025-LOT7,M06,-5,-30,1,10
MEM-2025-LOT7,M06,-4,-30,1,10
MEM-2025-LOT7,M06,-3,-30,1,10
MEM-2025-LOT7,M06,-2,-30,1,10
MEM-2025-LOT7,M06,-1,-30,1,10
MEM-2025-LOT7,M06,0,-30,1,10
MEM-2025-LOT7,M06,1,-30,1,10
MEM-2025-LOT7,M06,2,-30,1,10
MEM-2025-LOT7,M06,3,-30,1,10
MEM-2025-LOT7,M06,4,-30,1,10
MEM-2025-LOT7,M06,5,-30,1,10
MEM-2025-LOT7,M06,6,-30,1,10
MEM-2025-LOT7,M06,7,-30,1,10
MEM-2025-LOT7,M06,8,-30,1,10
MEM-2025-LOT7,M06,9,-30,1,10
MEM-2025-LOT7,M06,10,-30,1,10
MEM-2025-LOT7,M06,11,-30,4,31
MEM-2025-LOT7,M06,12,-30,1,10
MEM-2025-LOT7,M06,13,-30,2,21
MEM-2025-LOT7,M06,14,-30,4,21
MEM-2025-LOT7,M06,15,-30,1,10
MEM-2025-LOT7,M06,16,-30,1,10
MEM-2025-LOT7,M06,17,-30,1,10
MEM-2025-LOT7,M06,18,-30,1,10
MEM-2025-LOT7,M06,19,-30,1,10
MEM-2025-LOT7,M06,20,-30,1,10
MEM-2025-LOT7,M06,21,-30,1,10
MEM-2025-LOT7,M06,22,-30,1,10
MEM-2025-LOT7,M06,23,-30,4,21
MEM-2025-LOT7,M06,24,-30,4,22
MEM-2025-LOT7,M06,25,-30,1,10
MEM-2025-LOT7,M06,-25,-29,1,10
MEM-2025-LOT7,M06,-24,-29,1,10
MEM-2025-LOT7,M06,-23,-29,1,10
MEM-2025-LOT7,M06,-22,-29,2,20
MEM-2025-LOT7,M06,-21,-29,3,30
MEM-2025-LOT7,M06,-20,-29,2,20
MEM-2025-LOT7,M06,-19,-29,4,20
MEM-2025-LOT7,M06,-18,-29,1,10
MEM-2025-LOT7,M06,-17,-29,2,21
MEM-2025-LOT7,M06,-16,-29,1,10
MEM-2025-LOT7,M06,-15,-29,1,10
MEM-2025-LOT7,M06,-14,-29,3,20
MEM-2025-LOT7,M06,-13,-29,1,10
MEM-2025-LOT7,M06,-12,-29,3,20
MEM-2025-LOT7,M06,-11,-29,1,10
MEM-2025-LOT7,M06,-10,-29,1,10
MEM-2025-LOT7,M06,-9,-29,1,10
MEM-2025-LOT7,M06,-8,-29,1,10
MEM-2025-LOT7,M06,-7,-29,1,10
MEM-2025-LOT7,M06,-6,-29,1,10
MEM-2025-LOT7,M06,-5,-29,1,10
MEM-2025-LOT7,M06,-4,-29,1,10
MEM-2025-LOT7,M06,-3,-29,1,10
MEM-2025-LOT7,M06,-2,-29,1,10
MEM-2025-LOT7,M06,-1,-29,1,10
MEM-2025-LOT7,M06,0,-29,1,10
MEM-2025-LOT7,M06,1,-29,1,10
MEM-2025-LOT7,M06,2,-29,1,10
MEM-2025-LOT7,M06,3,-29,1,10
MEM-2025-LOT7,M06,4,-29,1,10
MEM-2025-LOT7,M06,5,-29,1,10
MEM-2025-LOT7,M06,6,-29,1,10
MEM-2025-LOT7,M06,7,-29,1,10
MEM-2025-LOT7,M06,8,-29,1,10
MEM-2025-LOT7,M06,9,-29,1,10
MEM-2025-LOT7,M06,10,-29,1,10
MEM-2025-LOT7,M06,11,-29,1,10
MEM-2025-LOT7,M06,12,-29,1,10
MEM-2025-LOT7,M06,13,-29,1,10
MEM-2025-LOT7,M06,14,-29,4,30
MEM-2025-LOT7,M06,15,-29,2,21
MEM-2025-LOT7,M06,16,-29,1,10
MEM-2025-LOT7,M06,17,-29,3,21
MEM-2025-LOT7,M06,18,-29,1,10
MEM-2025-LOT7,M06,19,-29,2,22
MEM-2025-LOT7,M06,20,-29,1,10
MEM-2025-LOT7,M06,21,-29,2,31
MEM-2025-LOT7,M06,22,-29,2,30
MEM-2025-LOT7,M06,23,-29,1,10
MEM-2025-LOT7,M06,24,-29,1,10
MEM-2025-LOT7,M06,25,-29,1,10
MEM-2025-LOT7,M06,-26,-28,1,10
MEM-2025-LOT7,M06,-25,-28,1,10
MEM-2025-LOT7,M06,-24,-28,2,21
MEM-2025-LOT7,M06,-23,-28,4,31
MEM-2025-LOT7,M06,-22,-28,2,20
MEM-2025-LOT7,M06,-21,-28,1,10
MEM-2025-LOT7,M06,-20,-28,1,10
MEM-2025-LOT7,M06,-19,-28,1,10
MEM-2025-LOT7,M06,-18,-28,2,22
MEM-2025-LOT7,M06,-17,-28,2,20
MEM-2025-LOT7,M06,-16,-28,1,10
MEM-2025-LOT7,M06,-15,-28,4,20
MEM-2025-LOT7,M06,-14,-28,1,10
MEM-2025-LOT7,M06,-13,-28,1,10
MEM-2025-LOT7,M06,-12,-28,1,10
MEM-2025-LOT7,M06,-11,-28,1,10
MEM-2025-LOT7,M06,-10,-28,1,10
MEM-2025-LOT7,M06,-9,-28,1,10
MEM-2025-LOT7,M06,-8,-28,1,10
MEM-2025-LOT7,M06,-7,-28,1,10
MEM-2025-LOT7,M06,-6,-28,1,10
MEM-2025-LOT7,M06,-5,-28,1,10
MEM-2025-LOT7,M06,-4,-28,1,10
MEM-2025-LOT7,M06,-3,-28,1,10
MEM-2025-LOT7,M06,-2,-28,1,10
MEM-2025-LOT7,M06,-1,-28,1,10
MEM-2025-LOT7,M06,0,-28,1,10
MEM-2025-LOT7,M06,1,-28,1,10
MEM-2025-LOT7,M06,2,-28,1,10
MEM-2025-LOT7,M06,3,-28,1,10
MEM-2025-LOT7,M06,4,-28,1,10
MEM-2025-LOT7,M06,5,-28,1,10
MEM-2025-LOT7,M06,6,-28,1,10
MEM-2025-LOT7,M06,7,-28,1,10
MEM-2025-LOT7,M06,8,-28,1,10
MEM-2025-LOT7,M06,9,-28,1,10
MEM-2025-LOT7,M06,10,-28,1,10
MEM-2025-LOT7,M06,11,-28,1,10
MEM-2025-LOT7,M06,12,-28,1,10
MEM-2025-LOT7,M06,13,-28,1,10
MEM-2025-LOT7,M06,14,-28,1,10
MEM-2025-LOT7,M06,15,-28,4,22
MEM-2025-LOT7,M06,16,-28,3,21
MEM-2025-LOT7,M06,17,-28,2,21
MEM-2025-LOT7,M06,18,-28,1,10
MEM-2025-LOT7,M06,19,-28,4,30
MEM-2025-LOT7,M06,20,-28,3,30
MEM-2025-LOT7,M06,21,-28,2,22
MEM-2025-LOT7,M06,22,-28,1,10
MEM-2025-LOT7,M06,23,-28,4,21
MEM-2025-LOT7,M06,24,-28,1,10
MEM-2025-LOT7,M06,25,-28,4,31
MEM-2025-LOT7,M06,26,-28,3,21
MEM-2025-LOT7,M06,-26,-27,1,10
MEM-2025-LOT7,M06,-25,-27,2,22
MEM-2025-LOT7,M06,-24,-27,1,10
MEM-2025-LOT7,M06,-23,-27,4,21
MEM-2025-LOT7,M06,-22,-27,2,20
MEM-2025-LOT7,M06,-21,-27,4,20
MEM-2025-LOT7,M06,-20,-27,2,22
MEM-2025-LOT7,M06,-19,-27,4,22
MEM-2025-LOT7,M06,-18,-27,1,10
MEM-2025-LOT7,M06,-17,-27,3,22
MEM-2025-LOT7,M06,-16,-27,1,10
MEM-2025-LOT7,M06,-15,-27,2,31
MEM-2025-LOT7,M06,-14,-27,1,10
MEM-2025-LOT7,M06,-13,-27,1,10
MEM-2025-LOT7,M06,-12,-27,1,10
MEM-2025-LOT7,M06,-11,-27,1,10
MEM-2025-LOT7,M06,-10,-27,1,10
MEM-2025-LOT7,M06,-9,-27,3,22
MEM-2025-LOT7,M06,-8,-27,1,10
MEM-2025-LOT7,M06,-7,-27,1,10
MEM-2025-LOT7,M06,-6,-27,1,10
MEM-2025-LOT7,M06,-5,-27,1,10
MEM-2025-LOT7,M06,-4,-27,1,10
MEM-2025-LOT7,M06,-3,-27,1,10
MEM-2025-LOT7,M06,-2,-27,1,10
MEM-2025-LOT7,M06,-1,-27,1,10
MEM-2025-LOT7,M06,0,-27,1,10
MEM-2025-LOT7,M06,1,-27,1,10
MEM-2025-LOT7,M06,2,-27,1,10
MEM-2025-LOT7,M06,3,-27,1,10
MEM-2025-LOT7,M06,4,-27,1,10
MEM-2025-LOT7,M06,5,-27,1,10
MEM-2025-LOT7,M06,6,-27,1,10
MEM-2025-LOT7,M06,7,-27,1,10
MEM-2025-LOT7,M06,8,-27,1,10
MEM-2025-LOT7,M06,9,-27,1,10
MEM-2025-LOT7,M06,10,-27,1,10
MEM-2025-LOT7,M06,11,-27,1,10
MEM-2025-LOT7,M06,12,-27,1,10
MEM-2025-LOT7,M06,13,-27,1,10
MEM-2025-LOT7,M06,14,-27,1,10
MEM-2025-LOT7,M06,15,-27,1,10
MEM-2025-LOT7,M06,16,-27,1,10
MEM-2025-LOT7,M06,17,-27,2,20
MEM-2025-LOT7,M06,18,-27,1,10
MEM-2025-LOT7,M06,19,-27,2,21
MEM-2025-LOT7,M06,20,-27,1,10
MEM-2025-LOT7,M06,21,-27,1,10
MEM-2025-LOT7,M06,22,-27,1,10
MEM-2025-LOT7,M06,23,-27,2,21
MEM-2025-LOT7,M06,24,-27,2,31
MEM-2025-LOT7,M06,25,-27,2,20
MEM-2025-LOT7,M06,26,-27,1,10
MEM-2025-LOT7,M06,-27,-26,2,30
MEM-2025-LOT7,M06,-26,-26,2,21
MEM-2025-LOT7,M06,-25,-26,4,21
MEM-2025-LOT7,M06,-24,-26,4,20
MEM-2025-LOT7,M06,-23,-26,4,30
MEM-2025-LOT7,M06,-22,-26,3,31
MEM-2025-LOT7,M06,-21,-26,4,30
MEM-2025-LOT7,M06,-20,-26,2,21
MEM-2025-LOT7,M06,-19,-26,2,22
MEM-2025-LOT7,M06,-18,-26,1,10
MEM-2025-LOT7,M06,-17,-26,2,20
MEM-2025-LOT7,M06,-16,-26,1,10
MEM-2025-LOT7,M06,-15,-26,2,31
MEM-2025-LOT7,M06,-14,-26,1,10
MEM-2025-LOT7,M06,-13,-26,1,10
MEM-2025-LOT7,M06,-12,-26,3,22
MEM-2025-LOT7,M06,-11,-26,1,10
MEM-2025-LOT7,M06,-10,-26,1,10
MEM-2025-LOT7,M06,-9,-26,1,10
MEM-2025-LOT7,M06,-8,-26,1,10
MEM-2025-LOT7,M06,-7,-26,1,10
MEM-2025-LOT7,M06,-6,-26,1,10
MEM-2025-LOT7,M06,-5,-26,1,10
MEM-2025-LOT7,M06,-4,-26,1,10
MEM-2025-LOT7,M06,-3,-26,1,10
MEM-2025-LOT7,M06,-2,-26,1,10
MEM-2025-LOT7,M06,-1,-26,1,10
MEM-2025-LOT7,M06,0,-26,1,10
MEM-2025-LOT7,M06,1,-26,1,10
MEM-2025-LOT7,M06,2,-26,1,10
MEM-2025-LOT7,M06,3,-26,1,10
MEM-2025-LOT7,M06,4,-26,1,10
MEM-2025-LOT7,M06,5,-26,1,10
MEM-2025-LOT7,M06,6,-26,1,10
MEM-2025-LOT7,M06,7,-26,1,10
MEM-2025-LOT7,M06,8,-26,1,10
MEM-2025-LOT7,M06,9,-26,1,10
MEM-2025-LOT7,M06,10,-26,1,10
MEM-2025-LOT7,M06,11,-26,2,21
MEM-2025-LOT7,M06,12,-26,1,10
MEM-2025-LOT7,M06,13,-26,1,10
MEM-2025-LOT7,M06,14,-26,1,10
MEM-2025-LOT7,M06,15,-26,1,10
MEM-2025-LOT7,M06,16,-26,1,10
MEM-2025-LOT7,M06,17,-26,1,10
MEM-2025-LOT7,M06,18,-26,2,22
MEM-2025-LOT7,M06,19,-26,1,10
MEM-2025-LOT7,M06,20,-26,4,21
MEM-2025-LOT7,M06,21,-26,2,22
MEM-2025-LOT7,M06,22,-26,4,31
MEM-2025-LOT7,M06,23,-26,1,10
MEM-2025-LOT7,M06,24,-26,2,20
MEM-2025-LOT7,M06,25,-26,1,10
MEM-2025-LOT7,M06,26,-26,4,30
MEM-2025-LOT7,M06,27,-26,4,31
MEM-2025-LOT7,M06,-27,-25,4,20
MEM-2025-LOT7,M06,-26,-25,1,10
MEM-2025-LOT7,M06,-25,-25,1,10
MEM-2025-LOT7,M06,-24,-25,1,10
MEM-2025-LOT7,M06,-23,-25,4,30
MEM-2025-LOT7,M06,-22,-25,1,10
MEM-2025-LOT7,M06,-21,-25,4,21
MEM-2025-LOT7,M06,-20,-25,1,10
MEM-2025-LOT7,M06,-19,-25,2,21
MEM-2025-LOT7,M06,-18,-25,3,20
MEM-2025-LOT7,M06,-17,-25,1,10
MEM-2025-LOT7,M06,-16,-25,4,22
MEM-2025-LOT7,M06,-15,-25,1,10
MEM-2025-LOT7,M06,-14,-25,1,10
MEM-2025-LOT7,M06,-13,-25,1,10
MEM-2025-LOT7,M06,-12,-25,1,10
MEM-2025-LOT7,M06,-11,-25,1,10
MEM-2025-LOT7,M06,-10,-25,1,10
MEM-2025-LOT7,M06,-9,-25,1,10
MEM-2025-LOT7,M06,-8,-25,1,10
MEM-2025-LOT7,M06,-7,-25,1,10
MEM-2025-LOT7,M06,-6,-25,1,10
MEM-2025-LOT7,M06,-5,-25,1,10
MEM-2025-LOT7,M06,-4,-25,1,10
MEM-2025-LOT7,M06,-3,-25,1,10
MEM-2025-LOT7,M06,-2,-25,1,10
MEM-2025-LOT7,M06,-1,-25,1,10
MEM-2025-LOT7,M06,0,-25,4,20
MEM-2025-LOT7,M06,1,-25,1,10
MEM-2025-LOT7,M06,2,-25,1,10
MEM-2025-LOT7,M06,3,-25,1,10
MEM-2025-LOT7,M06,4,-25,1,10
MEM-2025-LOT7,M06,5,-25,1,10
MEM-2025-LOT7,M06,6,-25,1,10
MEM-2025-LOT7,M06,7,-25,1,10
MEM-2025-LOT7,M06,8,-25,1,10
MEM-2025-LOT7,M06,9,-25,1,10
MEM-2025-LOT7,M06,10,-25,1,10
MEM-2025-LOT7,M06,11,-25,1,10
MEM-2025-LOT7,M06,12,-25,1,10
MEM-2025-LOT7,M06,13,-25,1,10
MEM-2025-LOT7,M06,14,-25,1,10
MEM-2025-LOT7,M06,15,-25,1,10
MEM-2025-LOT7,M06,16,-25,1,10
MEM-2025-LOT7,M06,17,-25,1,10
MEM-2025-LOT7,M06,18,-25,2,20
MEM-2025-LOT7,M06,19,-25,4,21
MEM-2025-LOT7,M06,20,-25,2,20
MEM-2025-LOT7,M06,21,-25,1,10
MEM-2025-LOT7,M06,22,-25,1,10
MEM-2025-LOT7,M06,23,-25,4,31
MEM-2025-LOT7,M06,24,-25,3,22
MEM-2025-LOT7,M06,25,-25,2,31
MEM-2025-LOT7,M06,26,-25,1,10
MEM-2025-LOT7,M06,27,-25,4,31
MEM-2025-LOT7,M06,-28,-24,3,31
MEM-2025-LOT7,M06,-27,-24,2,21
MEM-2025-LOT7,M06,-26,-24,1,10
MEM-2025-LOT7,M06,-25,-24,3,31
MEM-2025-LOT7,M06,-24,-24,4,22
MEM-2025-LOT7,M06,-23,-24,1,10
MEM-2025-LOT7,M06,-22,-24,4,22
MEM-2025-LOT7,M06,-21,-24,1,10
MEM-2025-LOT7,M06,-20,-24,3,30
MEM-2025-LOT7,M06,-19,-24,2,20
MEM-2025-LOT7,M06,-18,-24,1,10
MEM-2025-LOT7,M06,-17,-24,1,10
MEM-2025-LOT7,M06,-16,-24,2,20
MEM-2025-LOT7,M06,-15,-24,1,10
MEM-2025-LOT7,M06,-14,-24,1,10
MEM-2025-LOT7,M06,-13,-24,1,10
MEM-2025-LOT7,M06,-12,-24,1,10
MEM-2025-LOT7,M06,-11,-24,1,10
MEM-2025-LOT7,M06,-10,-24,1,10
MEM-2025-LOT7,M06,-9,-24,2,21
MEM-2025-LOT7,M06,-8,-24,1,10
MEM-2025-LOT7,M06,-7,-24,1,10
MEM-2025-LOT7,M06,-6,-24,1,10
MEM-2025-LOT7,M06,-5,-24,1,10
MEM-2025-LOT7,M06,-4,-24,1,10
MEM-2025-LOT7,M06,-3,-24,1,10
MEM-2025-LOT7,M06,-2,-24,1,10
MEM-2025-LOT7,M06,-1,-24,1,10
MEM-2025-LOT7,M06,0,-24,1,10
MEM-2025-LOT7,M06,1,-24,1,10
MEM-2025-LOT7,M06,2,-24,1,10
MEM-2025-LOT7,M06,3,-24,1,10
MEM-2025-LOT7,M06,4,-24,1,10
MEM-2025-LOT7,M06,5,-24,1,10
MEM-2025-LOT7,M06,6,-24,1,10
MEM-2025-LOT7,M06,7,-24,1,10
MEM-2025-LOT7,M06,8,-24,1,10
MEM-2025-LOT7,M06,9,-24,1,10
MEM-2025-LOT7,M06,10,-24,1,10
MEM-2025-LOT7,M06,11,-24,1,10
MEM-2025-LOT7,M06,12,-24,1,10
MEM-2025-LOT7,M06,13,-24,1,10
MEM-2025-LOT7,M06,14,-24,1,10
MEM-2025-LOT7,M06,15,-24,1,10
MEM-2025-LOT7,M06,16,-24,3,20
MEM-2025-LOT7,M06,17,-24,1,10
MEM-2025-LOT7,M06,18,-24,2,22
MEM-2025-LOT7,M06,19,-24,2,20
MEM-2025-LOT7,M06,20,-24,4,31
MEM-2025-LOT7,M06,21,-24,1,10
MEM-2025-LOT7,M06,22,-24,4,30
MEM-2025-LOT7,M06,23,-24,3,22
MEM-2025-LOT7,M06,24,-24,1,10
MEM-2025-LOT7,M06,25,-24,1,10
MEM-2025-LOT7,M06,26,-24,1,10
MEM-2025-LOT7,M06,27,-24,2,31
MEM-2025-LOT7,M06,28,-24,1,10
MEM-2025-LOT7,M06,-28,-23,2,20
MEM-2025-LOT7,M06,-27,-23,4,30
MEM-2025-LOT7,M06,-26,-23,2,30
MEM-2025-LOT7,M06,-25,-23,1,10
MEM-2025-LOT7,M06,-24,-23,1,10
MEM-2025-LOT7,M06,-23,-23,4,20
MEM-2025-LOT7,M06,-22,-23,1,10
MEM-2025-LOT7,M06,-21,-23,4,30
MEM-2025-LOT7,M06,-20,-23,4,21
MEM-2025-LOT7,M06,-19,-23,1,10
MEM-2025-LOT7,M06,-18,-23,1,10
MEM-2025-LOT7,M06,-17,-23,1,10
MEM-2025-LOT7,M06,-16,-23,1,10
MEM-2025-LOT7,M06,-15,-23,1,10
MEM-2025-LOT7,M06,-14,-23,1,10
MEM-2025-LOT7,M06,-13,-23,4,31
MEM-2025-LOT7,M06,-12,-23,1,10
MEM-2025-LOT7,M06,-11,-23,1,10
MEM-2025-LOT7,M06,-10,-23,1,10
MEM-2025-LOT7,M06,-9,-23,1,10
MEM-2025-LOT7,M06,-8,-23,1,10
MEM-2025-LOT7,M06,-7,-23,1,10
MEM-2025-LOT7,M06,-6,-23,1,10
MEM-2025-LOT7,M06,-5,-23,1,10
MEM-2025-LOT7,M06,-4,-23,1,10
MEM-2025-LOT7,M06,-3,-23,1,10
MEM-2025-LOT7,M06,-2,-23,1,10
MEM-2025-LOT7,M06,-1,-23,1,10
MEM-2025-LOT7,M06,0,-23,1,10
MEM-2025-LOT7,M06,1,-23,1,10
MEM-2025-LOT7,M06,2,-23,1,10
MEM-2025-LOT7,M06,3,-23,1,10
MEM-2025-LOT7,M06,4,-23,1,10
MEM-2025-LOT7,M06,5,-23,1,10
MEM-2025-LOT7,M06,6,-23,1,10
MEM-2025-LOT7,M06,7,-23,1,10
MEM-2025-LOT7,M06,8,-23,1,10
MEM-2025-LOT7,M06,9,-23,1,10
MEM-2025-LOT7,M06,10,-23,1,10
MEM-2025-LOT7,M06,11,-23,1,10
MEM-2025-LOT7,M06,12,-23,1,10
MEM-2025-LOT7,M06,13,-23,1,10
MEM-2025-LOT7,M06,14,-23,1,10
MEM-2025-LOT7,M06,15,-23,1,10
MEM-2025-LOT7,M06,16,-23,1,10
MEM-2025-LOT7,M06,17,-23,1,10
MEM-2025-LOT7,M06,18,-23,1,10
MEM-2025-LOT7,M06,19,-23,1,10
MEM-2025-LOT7,M06,20,-23,2,31
MEM-2025-LOT7,M06,21,-23,2,31
MEM-2025-LOT7,M06,22,-23,1,10
MEM-2025-LOT7,M06,23,-23,1,10
MEM-2025-LOT7,M06,24,-23,2,20
MEM-2025-LOT7,M06,25,-23,4,22
MEM-2025-LOT7,M06,26,-23,3,22
MEM-2025-LOT7,M06,27,-23,2,20
MEM-2025-LOT7,M06,28,-23,1,10
MEM-2025-LOT7,M06,-28,-22,4,22
MEM-2025-LOT7,M06,-27,-22,1,10
MEM-2025-LOT7,M06,-26,-22,1,10
MEM-2025-LOT7,M06,-25,-22,4,21
MEM-2025-LOT7,M06,-24,-22,3,21
MEM-2025-LOT7,M06,-23,-22,2,21
MEM-2025-LOT7,M06,-22,-22,3,22
MEM-2025-LOT7,M06,-21,-22,1,10
MEM-2025-LOT7,M06,-20,-22,1,10
MEM-2025-LOT7,M06,-19,-22,4,20
MEM-2025-LOT7,M06,-18,-22,1,10
MEM-2025-LOT7,M06,-17,-22,1,10
MEM-2025-LOT7,M06,-16,-22,1,10
MEM-2025-LOT7,M06,-15,-22,1,10
MEM-2025-LOT7,M06,-14,-22,1,10
MEM-2025-LOT7,M06,-13,-22,1,10
MEM-2025-LOT7,M06,-12,-22,1,10
MEM-2025-LOT7,M06,-11,-22,1,10
MEM-2025-LOT7,M06,-10,-22,3,30
MEM-2025-LOT7,M06,-9,-22,1,10
MEM-2025-LOT7,M06,-8,-22,1,10
MEM-2025-LOT7,M06,-7,-22,1,10
MEM-2025-LOT7,M06,-6,-22,1,10
MEM-2025-LOT7,M06,-5,-22,1,10
MEM-2025-LOT7,M06,-4,-22,1,10
MEM-2025-LOT7,M06,-3,-22,1,10
MEM-2025-LOT7,M06,-2,-22,2,31
MEM-2025-LOT7,M06,-1,-22,1,10
MEM-2025-LOT7,M06,0,-22,1,10
MEM-2025-LOT7,M06,1,-22,1,10
MEM-2025-LOT7,M06,2,-22,1,10
MEM-2025-LOT7,M06,3,-22,1,10
MEM-2025-LOT7,M06,4,-22,1,10
MEM-2025-LOT7,M06,5,-22,1,10
MEM-2025-LOT7,M06,6,-22,1,10
MEM-2025-LOT7,M06,7,-22,1,10
MEM-2025-LOT7,M06,8,-22,1,10
MEM-2025-LOT7,M06,9,-22,1,10
MEM-2025-LOT7,M06,10,-22,1,10
MEM-2025-LOT7,M06,11,-22,1,10
MEM-2025-LOT7,M06,12,-22,1,10
MEM-2025-LOT7,M06,13,-22,1,10
MEM-2025-LOT7,M06,14,-22,1,10
MEM-2025-LOT7,M06,15,-22,1,10
MEM-2025-LOT7,M06,16,-22,1,10
MEM-2025-LOT7,M06,17,-22,3,20
MEM-2025-LOT7,M06,18,-22,1,10
MEM-2025-LOT7,M06,19,-22,3,31
MEM-2025-LOT7,M06,20,-22,1,10
MEM-2025-LOT7,M06,21,-22,1,10
MEM-2025-LOT7,M06,22,-22,3,22
MEM-2025-LOT7,M06,23,-22,1,10
MEM-2025-LOT7,M06,24,-22,1,10
MEM-2025-LOT7,M06,25,-22,1,10
MEM-2025-LOT7,M06,26,-22,1,10
MEM-2025-LOT7,M06,27,-22,2,20
MEM-2025-LOT7,M06,28,-22,1,10
MEM-2025-LOT7,M06,-29,-21,2,20
MEM-2025-LOT7,M06,-28,-21,1,10
MEM-2025-LOT7,M06,-27,-21,4,22
MEM-2025-LOT7,M06,-26,-21,4,20
MEM-2025-LOT7,M06,-25,-21,2,21
MEM-2025-LOT7,M06,-24,-21,2,31
MEM-2025-LOT7,M06,-23,-21,1,10
MEM-2025-LOT7,M06,-22,-21,1,10
MEM-2025-LOT7,M06,-21,-21,1,10
MEM-2025-LOT7,M06,-20,-21,1,10
MEM-2025-LOT7,M06,-19,-21,1,10
MEM-2025-LOT7,M06,-18,-21,1,10
MEM-2025-LOT7,M06,-17,-21,1,10
MEM-2025-LOT7,M06,-16,-21,1,10
MEM-2025-LOT7,M06,-15,-21,1,10
MEM-2025-LOT7,M06,-14,-21,1,10
MEM-2025-LOT7,M06,-13,-21,1,10
MEM-2025-LOT7,M06,-12,-21,1,10
MEM-2025-LOT7,M06,-11,-21,1,10
MEM-2025-LOT7,M06,-10,-21,1,10
MEM-2025-LOT7,M06,-9,-21,1,10
MEM-2025-LOT7,M06,-8,-21,1,10
MEM-2025-LOT7,M06,-7,-21,1,10
MEM-2025-LOT7,M06,-6,-21,1,10
MEM-2025-LOT7,M06,-5,-21,1,10
MEM-2025-LOT7,M06,-4,-21,1,10
MEM-2025-LOT7,M06,-3,-21,1,10
MEM-2025-LOT7,M06,-2,-21,1,10
MEM-2025-LOT7,M06,-1,-21,1,10
MEM-2025-LOT7,M06,0,-21,1,10
MEM-2025-LOT7,M06,1,-21,1,10
MEM-2025-LOT7,M06,2,-21,1,10
MEM-2025-LOT7,M06,3,-21,1,10
MEM-2025-LOT7,M06,4,-21,1,10
MEM-2025-LOT7,M06,5,-21,1,10
MEM-2025-LOT7,M06,6,-21,1,10
MEM-2025-LOT7,M06,7,-21,1,10
MEM-2025-LOT7,M06,8,-21,1,10
MEM-2025-LOT7,M06,9,-21,1,10
MEM-2025-LOT7,M06,10,-21,1,10
MEM-2025-LOT7,M06,11,-21,1,10
MEM-2025-LOT7,M06,12,-21,1,10
MEM-2025-LOT7,M06,13,-21,1,10
MEM-2025-LOT7,M06,14,-21,1,10
MEM-2025-LOT7,M06,15,-21,1,10
MEM-2025-LOT7,M06,16,-21,1,10
MEM-2025-LOT7,M06,17,-21,1,10
MEM-2025-LOT7,M06,18,-21,1,10
MEM-2025-LOT7,M06,19,-21,1,10
MEM-2025-LOT7,M06,20,-21,3,22
MEM-2025-LOT7,M06,21,-21,1,10
MEM-2025-LOT7,M06,22,-21,1,10
MEM-2025-LOT7,M06,23,-21,2,20
MEM-2025-LOT7,M06,24,-21,4,20
MEM-2025-LOT7,M06,25,-21,1,10
MEM-2025-LOT7,M06,26,-21,1,10
MEM-2025-LOT7,M06,27,-21,1,10
MEM-2025-LOT7,M06,28,-21,4,20
MEM-2025-LOT7,M06,29,-21,1,10
MEM-2025-LOT7,M06,-29,-20,1,10
MEM-2025-LOT7,M06,-28,-20,1,10
MEM-2025-LOT7,M06,-27,-20,2,21
MEM-2025-LOT7,M06,-26,-20,1,10
MEM-2025-LOT7,M06,-25,-20,1,10
MEM-2025-LOT7,M06,-24,-20,4,20
MEM-2025-LOT7,M06,-23,-20,1,10
MEM-2025-LOT7,M06,-22,-20,2,22
MEM-2025-LOT7,M06,-21,-20,1,10
MEM-2025-LOT7,M06,-20,-20,1,10
MEM-2025-LOT7,M06,-19,-20,1,10
MEM-2025-LOT7,M06,-18,-20,1,10
MEM-2025-LOT7,M06,-17,-20,1,10
MEM-2025-LOT7,M06,-16,-20,1,10
MEM-2025-LOT7,M06,-15,-20,1,10
MEM-2025-LOT7,M06,-14,-20,1,10
MEM-2025-LOT7,M06,-13,-20,1,10
MEM-2025-LOT7,M06,-12,-20,1,10
MEM-2025-LOT7,M06,-11,-20,1,10
MEM-2025-LOT7,M06,-10,-20,1,10
MEM-2025-LOT7,M06,-9,-20,1,10
MEM-2025-LOT7,M06,-8,-20,1,10
MEM-2025-LOT7,M06,-7,-20,1,10
MEM-2025-LOT7,M06,-6,-20,1,10
MEM-2025-LOT7,M06,-5,-20,1,10
MEM-2025-LOT7,M06,-4,-20,1,10
MEM-2025-LOT7,M06,-3,-20,1,10
MEM-2025-LOT7,M06,-2,-20,1,10
MEM-2025-LOT7,M06,-1,-20,1,10
MEM-2025-LOT7,M06,0,-20,1,10
MEM-2025-LOT7,M06,1,-20,1,10
MEM-2025-LOT7,M06,2,-20,1,10
MEM-2025-LOT7,M06,3,-20,1,10
MEM-2025-LOT7,M06,4,-20,1,10
MEM-2025-LOT7,M06,5,-20,1,10
MEM-2025-LOT7,M06,6,-20,1,10
MEM-2025-LOT7,M06,7,-20,1,10
MEM-2025-LOT7,M06,8,-20,1,10
MEM-2025-LOT7,M06,9,-20,1,10
MEM-2025-LOT7,M06,10,-20,1,10
MEM-2025-LOT7,M06,11,-20,1,10
MEM-2025-LOT7,M06,12,-20,1,10
MEM-2025-LOT7,M06,13,-20,1,10
MEM-2025-LOT7,M06,14,-20,1,10
MEM-2025-LOT7,M06,15,-20,1,10
MEM-2025-LOT7,M06,16,-20,1,10
MEM-2025-LOT7,M06,17,-20,1,10
MEM-2025-LOT7,M06,18,-20,1,10
MEM-2025-LOT7,M06,19,-20,3,31
MEM-2025-LOT7,M06,20,-20,1,10
MEM-2025-LOT7,M06,21,-20,1,10
MEM-2025-LOT7,M06,22,-20,2,22
MEM-2025-LOT7,M06,23,-20,1,10
MEM-2025-LOT7,M06,24,-20,1,10
MEM-2025-LOT7,M06,25,-20,3,31
MEM-2025-LOT7,M06,26,-20,3,30
MEM-2025-LOT7,M06,27,-20,4,20
MEM-2025-LOT7,M06,28,-20,1,10
MEM-2025-LOT7,M06,29,-20,1,10
MEM-2025-LOT7,M06,-29,-19,2,20
MEM-2025-LOT7,M06,-28,-19,2,20
MEM-2025-LOT7,M06,-27,-19,2,30
MEM-2025-LOT7,M06,-26,-19,1,10
MEM-2025-LOT7,M06,-25,-19,4,21
MEM-2025-LOT7,M06,-24,-19,1,10
MEM-2025-LOT7,M06,-23,-19,1,10
MEM-2025-LOT7,M06,-22,-19,2,21
MEM-2025-LOT7,M06,-21,-19,3,21
MEM-2025-LOT7,M06,-20,-19,1,10
MEM-2025-LOT7,M06,-19,-19,1,10
MEM-2025-LOT7,M06,-18,-19,1,10
MEM-2025-LOT7,M06,-17,-19,1,10
MEM-2025-LOT7,M06,-16,-19,1,10
MEM-2025-LOT7,M06,-15,-19,1,10
MEM-2025-LOT7,M06,-14,-19,1,10
MEM-2025-LOT7,M06,-13,-19,1,10
MEM-2025-LOT7,M06,-12,-19,1,10
MEM-2025-LOT7,M06,-11,-19,1,10
MEM-2025-LOT7,M06,-10,-19,1,10
MEM-2025-LOT7,M06,-9,-19,1,10
MEM-2025-LOT7,M06,-8,-19,1,10
MEM-2025-LOT7,M06,-7,-19,1,10
MEM-2025-LOT7,M06,-6,-19,1,10
MEM-2025-LOT7,M06,-5,-19,1,10
MEM-2025-LOT7,M06,-4,-19,1,10
MEM-2025-LOT7,M06,-3,-19,1,10
MEM-2025-LOT7,M06,-2,-19,1,10
MEM-2025-LOT7,M06,-1,-19,1,10
MEM-2025-LOT7,M06,0,-19,1,10
MEM-2025-LOT7,M06,1,-19,1,10
MEM-2025-LOT7,M06,2,-19,1,10
MEM-2025-LOT7,M06,3,-19,1,10
MEM-2025-LOT7,M06,4,-19,2,20
MEM-2025-LOT7,M06,5,-19,1,10
MEM-2025-LOT7,M06,6,-19,1,10
MEM-2025-LOT7,M06,7,-19,1,10
MEM-2025-LOT7,M06,8,-19,4,31
MEM-2025-LOT7,M06,9,-19,1,10
MEM-2025-LOT7,M06,10,-19,1,10
MEM-2025-LOT7,M06,11,-19,1,10
MEM-2025-LOT7,M06,12,-19,1,10
MEM-2025-LOT7,M06,13,-19,1,10
MEM-2025-LOT7,M06,14,-19,1,10
MEM-2025-LOT7,M06,15,-19,1,10
MEM-2025-LOT7,M06,16,-19,1,10
MEM-2025-LOT7,M06,17,-19,1,10
MEM-2025-LOT7,M06,18,-19,1,10
MEM-2025-LOT7,M06,19,-19,2,30
MEM-2025-LOT7,M06,20,-19,1,10
MEM-2025-LOT7,M06,21,-19,2,31
MEM-2025-LOT7,M06,22,-19,2,30
MEM-2025-LOT7,M06,23,-19,4,20
MEM-2025-LOT7,M06,24,-19,2,30
MEM-2025-LOT7,M06,25,-19,1,10
MEM-2025-LOT7,M06,26,-19,1,10
MEM-2025-LOT7,M06,27,-19,4,31
MEM-2025-LOT7,M06,28,-19,1,10
MEM-2025-LOT7,M06,29,-19,1,10
MEM-2025-LOT7,M06,-30,-18,1,10
MEM-2025-LOT7,M06,-29,-18,1,10
MEM-2025-LOT7,M06,-28,-18,1,10
MEM-2025-LOT7,M06,-27,-18,2,31
MEM-2025-LOT7,M06,-26,-18,1,10
MEM-2025-LOT7,M06,-25,-18,1,10
MEM-2025-LOT7,M06,-24,-18,3,30
MEM-2025-LOT7,M06,-23,-18,1,10
MEM-2025-LOT7,M06,-22,-18,2,30
MEM-2025-LOT7,M06,-21,-18,4,31
MEM-2025-LOT7,M06,-20,-18,4,31
MEM-2025-LOT7,M06,-19,-18,3,20
MEM-2025-LOT7,M06,-18,-18,1,10
MEM-2025-LOT7,M06,-17,-18,1,10
MEM-2025-LOT7,M06,-16,-18,1,10
MEM-2025-LOT7,M06,-15,-18,1,10
MEM-2025-LOT7,M06,-14,-18,1,10
MEM-2025-LOT7,M06,-13,-18,1,10
MEM-2025-LOT7,M06,-12,-18,1,10
MEM-2025-LOT7,M06,-11,-18,1,10
MEM-2025-LOT7,M06,-10,-18,1,10
MEM-2025-LOT7,M06,-9,-18,1,10
MEM-2025-LOT7,M06,-8,-18,1,10
MEM-2025-LOT7,M06,-7,-18,1,10
MEM-2025-LOT7,M06,-6,-18,1,10
MEM-2025-LOT7,M06,-5,-18,1,10
MEM-2025-LOT7,M06,-4,-18,1,10
MEM-2025-LOT7,M06,-3,-18,1,10
MEM-2025-LOT7,M06,-2,-18,1,10
MEM-2025-LOT7,M06,-1,-18,1,10
MEM-2025-LOT7,M06,0,-18,1,10
MEM-2025-LOT7,M06,1,-18,1,10
MEM-2025-LOT7,M06,2,-18,1,10
MEM-2025-LOT7,M06,3,-18,1,10
MEM-2025-LOT7,M06,4,-18,1,10
MEM-2025-LOT7,M06,5,-18,1,10
MEM-2025-LOT7,M06,6,-18,1,10
MEM-2025-LOT7,M06,7,-18,1,10
MEM-2025-LOT7,M06,8,-18,1,10
MEM-2025-LOT7,M06,9,-18,1,10
MEM-2025-LOT7,M06,10,-18,1,10
MEM-2025-LOT7,M06,11,-18,1,10
MEM-2025-LOT7,M06,12,-18,1,10
MEM-2025-LOT7,M06,13,-18,1,10
MEM-2025-LOT7,M06,14,-18,1,10
MEM-2025-LOT7,M06,15,-18,1,10
MEM-2025-LOT7,M06,16,-18,1,10
MEM-2025-LOT7,M06,17,-18,1,10
MEM-2025-LOT7,M06,18,-18,1,10
MEM-2025-LOT7,M06,19,-18,2,21
MEM-2025-LOT7,M06,20,-18,1,10
MEM-2025-LOT7,M06,21,-18,1,10
MEM-2025-LOT7,M06,22,-18,2,21
MEM-2025-LOT7,M06,23,-18,4,20
MEM-2025-LOT7,M06,24,-18,4,20
MEM-2025-LOT7,M06,25,-18,4,30
MEM-2025-LOT7,M06,26,-18,3,31
MEM-2025-LOT7,M06,27,-18,1,10
MEM-2025-LOT7,M06,28,-18,1,10
MEM-2025-LOT7,M06,29,-18,1,10
MEM-2025-LOT7,M06,30,-18,3,30
MEM-2025-LOT7,M06,-30,-17,1,10
MEM-2025-LOT7,M06,-29,-17,2,30
MEM-2025-LOT7,M06,-28,-17,2,30
MEM-2025-LOT7,M06,-27,-17,2,20
MEM-2025-LOT7,M06,-26,-17,1,10
MEM-2025-LOT7,M06,-25,-17,1,10
MEM-2025-LOT7,M06,-24,-17,3,22
MEM-2025-LOT7,M06,-23,-17,4,31
MEM-2025-LOT7,M06,-22,-17,4,20
MEM-2025-LOT7,M06,-21,-17,1,10
MEM-2025-LOT7,M06,-20,-17,1,10
MEM-2025-LOT7,M06,-19,-17,1,10
MEM-2025-LOT7,M06,-18,-17,1,10
MEM-2025-LOT7,M06,-17,-17,1,10
MEM-2025-LOT7,M06,-16,-17,1,10
MEM-2025-LOT7,M06,-15,-17,1,10
MEM-2025-LOT7,M06,-14,-17,1,10
MEM-2025-LOT7,M06,-13,-17,1,10
MEM-2025-LOT7,M06,-12,-17,1,10
MEM-2025-LOT7,M06,-11,-17,4,20
MEM-2025-LOT7,M06,-10,-17,1,10
MEM-2025-LOT7,M06,-9,-17,1,10
MEM-2025-LOT7,M06,-8,-17,1,10
MEM-2025-LOT7,M06,-7,-17,1,10
MEM-2025-LOT7,M06,-6,-17,1,10
MEM-2025-LOT7,M06,-5,-17,1,10
MEM-2025-LOT7,M06,-4,-17,1,10
MEM-2025-LOT7,M06,-3,-17,1,10
MEM-2025-LOT7,M06,-2,-17,1,10
MEM-2025-LOT7,M06,-1,-17,1,10
MEM-2025-LOT7,M06,0,-17,1,10
MEM-2025-LOT7,M06,1,-17,1,10
MEM-2025-LOT7,M06,2,-17,1,10
MEM-2025-LOT7,M06,3,-17,1,10
MEM-2025-LOT7,M06,4,-17,1,10
MEM-2025-LOT7,M06,5,-17,1,10
MEM-2025-LOT7,M06,6,-17,1,10
MEM-2025-LOT7,M06,7,-17,1,10
MEM-2025-LOT7,M06,8,-17,1,10
MEM-2025-LOT7,M06,9,-17,1,10
MEM-2025-LOT7,M06,10,-17,1,10
MEM-2025-LOT7,M06,11,-17,1,10
MEM-2025-LOT7,M06,12,-17,1,10
MEM-2025-LOT7,M06,13,-17,1,10
MEM-2025-LOT7,M06,14,-17,1,10
MEM-2025-LOT7,M06,15,-17,1,10
MEM-2025-LOT7,M06,16,-17,1,10
MEM-2025-LOT7,M06,17,-17,1,10
MEM-2025-LOT7,M06,18,-17,1,10
MEM-2025-LOT7,M06,19,-17,1,10
MEM-2025-LOT7,M06,20,-17,2,22
MEM-2025-LOT7,M06,21,-17,1,10
MEM-2025-LOT7,M06,22,-17,1,10
MEM-2025-LOT7,M06,23,-17,2,20
MEM-2025-LOT7,M06,24,-17,1,10
MEM-2025-LOT7,M06,25,-17,4,20
MEM-2025-LOT7,M06,26,-17,1,10
MEM-2025-LOT7,M06,27,-17,1,10
MEM-2025-LOT7,M06,28,-17,2,20
MEM-2025-LOT7,M06,29,-17,1,10
MEM-2025-LOT7,M06,30,-17,2,31
MEM-2025-LOT7,M06,-30,-16,2,20
MEM-2025-LOT7,M06,-29,-16,2,31
MEM-2025-LOT7,M06,-28,-16,1,10
MEM-2025-LOT7,M06,-27,-16,1,10
MEM-2025-LOT7,M06,-26,-16,1,10
MEM-2025-LOT7,M06,-25,-16,2,21
MEM-2025-LOT7,M06,-24,-16,1,10
MEM-2025-LOT7,M06,-23,-16,2,30
MEM-2025-LOT7,M06,-22,-16,1,10
MEM-2025-LOT7,M06,-21,-16,1,10
MEM-2025-LOT7,M06,-20,-16,2,20
MEM-2025-LOT7,M06,-19,-16,1,10
MEM-2025-LOT7,M06,-18,-16,1,10
MEM-2025-LOT7,M06,-17,-16,1,10
MEM-2025-LOT7,M06,-16,-16,1,10
MEM-2025-LOT7,M06,-15,-16,1,10
MEM-2025-LOT7,M06,-14,-16,1,10
MEM-2025-LOT7,M06,-13,-16,1,10
MEM-2025-LOT7,M06,-12,-16,1,10
MEM-2025-LOT7,M06,-11,-16,1,10
MEM-2025-LOT7,M06,-10,-16,1,10
MEM-2025-LOT7,M06,-9,-16,1,10
MEM-2025-LOT7,M06,-8,-16,1,10
MEM-2025-LOT7,M06,-7,-16,1,10
MEM-2025-LOT7,M06,-6,-16,1,10
MEM-2025-LOT7,M06,-5,-16,1,10
MEM-2025-LOT7,M06,-4,-16,1,10
MEM-2025-LOT7,M06,-3,-16,1,10
MEM-2025-LOT7,M06,-2,-16,1,10
MEM-2025-LOT7,M06,-1,-16,1,10
MEM-2025-LOT7,M06,0,-16,1,10
MEM-2025-LOT7,M06,1,-16,1,10
MEM-2025-LOT7,M06,2,-16,1,10
MEM-2025-LOT7,M06,3,-16,1,10
MEM-2025-LOT7,M06,4,-16,1,10
MEM-2025-LOT7,M06,5,-16,1,10
MEM-2025-LOT7,M06,6,-16,1,10
MEM-2025-LOT7,M06,7,-16,1,10
MEM-2025-LOT7,M06,8,-16,1,10
MEM-2025-LOT7,M06,9,-16,1,10
MEM-2025-LOT7,M06,10,-16,1,10
MEM-2025-LOT7,M06,11,-16,1,10
MEM-2025-LOT7,M06,12,-16,1,10
MEM-2025-LOT7,M06,13,-16,1,10
MEM-2025-LOT7,M06,14,-16,1,10
MEM-2025-LOT7,M06,15,-16,1,10
MEM-2025-LOT7,M06,16,-16,1,10
MEM-2025-LOT7,M06,17,-16,1,10
MEM-2025-LOT7,M06,18,-16,1,10
MEM-2025-LOT7,M06,19,-16,1,10
MEM-2025-LOT7,M06,20,-16,1,10
MEM-2025-LOT7,M06,21,-16,1,10
MEM-2025-LOT7,M06,22,-16,1,10
MEM-2025-LOT7,M06,23,-16,1,10
MEM-2025-LOT7,M06,24,-16,1,10
MEM-2025-LOT7,M06,25,-16,1,10
MEM-2025-LOT7,M06,26,-16,3,20
MEM-2025-LOT7,M06,27,-16,1,10
MEM-2025-LOT7,M06,28,-16,3,30
MEM-2025-LOT7,M06,29,-16,1,10
MEM-2025-LOT7,M06,30,-16,4,30
MEM-2025-LOT7,M06,-30,-15,1,10
MEM-2025-LOT7,M06,-29,-15,1,10
MEM-2025-LOT7,M06,-28,-15,1,10
MEM-2025-LOT7,M06,-27,-15,1,10
MEM-2025-LOT7,M06,-26,-15,1,10
MEM-2025-LOT7,M06,-25,-15,1,10
MEM-2025-LOT7,M06,-24,-15,2,31
MEM-2025-LOT7,M06,-23,-15,1,10
MEM-2025-LOT7,M06,-22,-15,1,10
MEM-2025-LOT7,M06,-21,-15,4,20
MEM-2025-LOT7,M06,-20,-15,2,20
MEM-2025-LOT7,M06,-19,-15,1,10
MEM-2025-LOT7,M06,-18,-15,1,10
MEM-2025-LOT7,M06,-17,-15,1,10
MEM-2025-LOT7,M06,-16,-15,1,10
MEM-2025-LOT7,M06,-15,-15,1,10
MEM-2025-LOT7,M06,-14,-15,1,10
MEM-2025-LOT7,M06,-13,-15,1,10
MEM-2025-LOT7,M06,-12,-15,1,10
MEM-2025-LOT7,M06,-11,-15,1,10
MEM-2025-LOT7,M06,-10,-15,2,30
MEM-2025-LOT7,M06,-9,-15,4,31
MEM-2025-LOT7,M06,-8,-15,1,10
MEM-2025-LOT7,M06,-7,-15,1,10
MEM-2025-LOT7,M06,-6,-15,1,10
MEM-2025-LOT7,M06,-5,-15,3,31
MEM-2025-LOT7,M06,-4,-15,1,10
MEM-2025-LOT7,M06,-3,-15,1,10
MEM-2025-LOT7,M06,-2,-15,1,10
MEM-2025-LOT7,M06,-1,-15,1,10
MEM-2025-LOT7,M06,0,-15,1,10
MEM-2025-LOT7,M06,1,-15,1,10
MEM-2025-LOT7,M06,2,-15,1,10
MEM-2025-LOT7,M06,3,-15,1,10
MEM-2025-LOT7,M06,4,-15,1,10
MEM-2025-LOT7,M06,5,-15,1,10
MEM-2025-LOT7,M06,6,-15,1,10
MEM-2025-LOT7,M06,7,-15,1,10
MEM-2025-LOT7,M06,8,-15,1,10
MEM-2025-LOT7,M06,9,-15,1,10
MEM-2025-LOT7,M06,10,-15,1,10
MEM-2025-LOT7,M06,11,-15,1,10
MEM-2025-LOT7,M06,12,-15,1,10
MEM-2025-LOT7,M06,13,-15,1,10
MEM-2025-LOT7,M06,14,-15,1,10
MEM-2025-LOT7,M06,15,-15,1,10
MEM-2025-LOT7,M06,16,-15,1,10
MEM-2025-LOT7,M06,17,-15,1,10
MEM-2025-LOT7,M06,18,-15,1,10
MEM-2025-LOT7,M06,19,-15,1,10
MEM-2025-LOT7,M06,20,-15,3,30
MEM-2025-LOT7,M06,21,-15,2,22
MEM-2025-LOT7,M06,22,-15,1,10
MEM-2025-LOT7,M06,23,-15,1,10
MEM-2025-LOT7,M06,24,-15,1,10
MEM-2025-LOT7,M06,25,-15,3,22
MEM-2025-LOT7,M06,26,-15,1,10
MEM-2025-LOT7,M06,27,-15,1,10
MEM-2025-LOT7,M06,28,-15,4,31
MEM-2025-LOT7,M06,29,-15,2,22
MEM-2025-LOT7,M06,30,-15,2,30
MEM-2025-LOT7,M06,-30,-14,3,21
MEM-2025-LOT7,M06,-29,-14,2,31
MEM-2025-LOT7,M06,-28,-14,1,10
MEM-2025-LOT7,M06,-27,-14,1,10
MEM-2025-LOT7,M06,-26,-14,2,31
MEM-2025-LOT7,M06,-25,-14,3,30
MEM-2025-LOT7,M06,-24,-14,1,10
MEM-2025-LOT7,M06,-23,-14,1,10
MEM-2025-LOT7,M06,-22,-14,2,21
MEM-2025-LOT7,M06,-21,-14,1,10
MEM-2025-LOT7,M06,-20,-14,1,10
MEM-2025-LOT7,M06,-19,-14,1,10
MEM-2025-LOT7,M06,-18,-14,1,10
MEM-2025-LOT7,M06,-17,-14,1,10
MEM-2025-LOT7,M06,-16,-14,1,10
MEM-2025-LOT7,M06,-15,-14,2,30
MEM-2025-LOT7,M06,-14,-14,1,10
MEM-2025-LOT7,M06,-13,-14,1,10
MEM-2025-LOT7,M06,-12,-14,1,10
MEM-2025-LOT7,M06,-11,-14,1,10
MEM-2025-LOT7,M06,-10,-14,1,10
MEM-2025-LOT7,M06,-9,-14,1,10
MEM-2025-LOT7,M06,-8,-14,1,10
MEM-2025-LOT7,M06,-7,-14,1,10
MEM-2025-LOT7,M06,-6,-14,1,10
MEM-2025-LOT7,M06,-5,-14,1,10
MEM-2025-LOT7,M06,-4,-14,1,10
MEM-2025-LOT7,M06,-3,-14,1,10
MEM-2025-LOT7,M06,-2,-14,1,10
MEM-2025-LOT7,M06,-1,-14,1,10
MEM-2025-LOT7,M06,0,-14,2,20
MEM-2025-LOT7,M06,1,-14,2,31
MEM-2025-LOT7,M06,2,-14,1,10
MEM-2025-LOT7,M06,3,-14,1,10
MEM-2025-LOT7,M06,4,-14,1,10
MEM-2025-LOT7,M06,5,-14,1,10
MEM-2025-LOT7,M06,6,-14,1,10
MEM-2025-LOT7,M06,7,-14,1,10
MEM-2025-LOT7,M06,8,-14,1,10
MEM-2025-LOT7,M06,9,-14,1,10
MEM-2025-LOT7,M06,10,-14,1,10
MEM-2025-LOT7,M06,11,-14,1,10
MEM-2025-LOT7,M06,12,-14,4,21
MEM-2025-LOT7,M06,13,-14,1,10
MEM-2025-LOT7,M06,14,-14,1,10
MEM-2025-LOT7,M06,15,-14,1,10
MEM-2025-LOT7,M06,16,-14,1,10
MEM-2025-LOT7,M06,17,-14,3,31
MEM-2025-LOT7,M06,18,-14,1,10
MEM-2025-LOT7,M06,19,-14,1,10
MEM-2025-LOT7,M06,20,-14,1,10
MEM-2025-LOT7,M06,21,-14,1,10
MEM-2025-LOT7,M06,22,-14,3,21
MEM-2025-LOT7,M06,23,-14,1,10
MEM-2025-LOT7,M06,24,-14,2,31
MEM-2025-LOT7,M06,25,-14,1,10
MEM-2025-LOT7,M06,26,-14,1,10
MEM-2025-LOT7,M06,27,-14,1,10
MEM-2025-LOT7,M06,28,-14,3,22
MEM-2025-LOT7,M06,29,-14,1,10
MEM-2025-LOT7,M06,30,-14,1,10
MEM-2025-LOT7,M06,-31,-13,3,30
MEM-2025-LOT7,M06,-30,-13,3,22
MEM-2025-LOT7,M06,-29,-13,3,22
MEM-2025-LOT7,M06,-28,-13,1,10
MEM-2025-LOT7,M06,-27,-13,3,20
MEM-2025-LOT7,M06,-26,-13,2,20
MEM-2025-LOT7,M06,-25,-13,1,10
MEM-2025-LOT7,M06,-24,-13,1,10
MEM-2025-LOT7,M06,-23,-13,1,10
MEM-2025-LOT7,M06,-22,-13,2,31
MEM-2025-LOT7,M06,-21,-13,2,21
MEM-2025-LOT7,M06,-20,-13,1,10
MEM-2025-LOT7,M06,-19,-13,1,10
MEM-2025-LOT7,M06,-18,-13,1,10
MEM-2025-LOT7,M06,-17,-13,1,10
MEM-2025-LOT7,M06,-16,-13,1,10
MEM-2025-LOT7,M06,-15,-13,1,10
MEM-2025-LOT7,M06,-14,-13,1,10
MEM-2025-LOT7,M06,-13,-13,1,10
MEM-2025-LOT7,M06,-12,-13,1,10
MEM-2025-LOT7,M06,-11,-13,1,10
MEM-2025-LOT7,M06,-10,-13,1,10
MEM-2025-LOT7,M06,-9,-13,1,10
MEM-2025-LOT7,M06,-8,-13,1,10
MEM-2025-LOT7,M06,-7,-13,1,10
MEM-2025-LOT7,M06,-6,-13,1,10
MEM-2025-LOT7,M06,-5,-13,1,10
MEM-2025-LOT7,M06,-4,-13,1,10
MEM-2025-LOT7,M06,-3,-13,1,10
MEM-2025-LOT7,M06,-2,-13,1,10
MEM-2025-LOT7,M06,-1,-13,1,10
MEM-2025-LOT7,M06,0,-13,1,10
MEM-2025-LOT7,M06,1,-13,1,10
MEM-2025-LOT7,M06,2,-13,1,10
MEM-2025-LOT7,M06,3,-13,1,10
MEM-2025-LOT7,M06,4,-13,1,10
MEM-2025-LOT7,M06,5,-13,1,10
MEM-2025-LOT7,M06,6,-13,1,10
MEM-2025-LOT7,M06,7,-13,1,10
MEM-2025-LOT7,M06,8,-13,1,10
MEM-2025-LOT7,M06,9,-13,1,10
MEM-2025-LOT7,M06,10,-13,1,10
MEM-2025-LOT7,M06,11,-13,1,10
MEM-2025-LOT7,M06,12,-13,1,10
MEM-2025-LOT7,M06,13,-13,1,10
MEM-2025-LOT7,M06,14,-13,1,10
MEM-2025-LOT7,M06,15,-13,1,10
MEM-2025-LOT7,M06,16,-13,1,10
MEM-2025-LOT7,M06,17,-13,1,10
MEM-2025-LOT7,M06,18,-13,1,10
MEM-2025-LOT7,M06,19,-13,1,10
MEM-2025-LOT7,M06,20,-13,1,10
MEM-2025-LOT7,M06,21,-13,4,31
MEM-2025-LOT7,M06,22,-13,3,30
MEM-2025-LOT7,M06,23,-13,2,30
MEM-2025-LOT7,M06,24,-13,2,31
MEM-2025-LOT7,M06,25,-13,3,30
MEM-2025-LOT7,M06,26,-13,1,10
MEM-2025-LOT7,M06,27,-13,3,30
MEM-2025-LOT7,M06,28,-13,2,31
MEM-2025-LOT7,M06,29,-13,1,10
MEM-2025-LOT7,M06,30,-13,1,10
MEM-2025-LOT7,M06,31,-13,1,10
MEM-2025-LOT7,M06,-31,-12,2,21
MEM-2025-LOT7,M06,-30,-12,1,10
MEM-2025-LOT7,M06,-29,-12,2,31
MEM-2025-LOT7,M06,-28,-12,1,10
MEM-2025-LOT7,M06,-27,-12,2,31
MEM-2025-LOT7,M06,-26,-12,4,22
MEM-2025-LOT7,M06,-25,-12,1,10
MEM-2025-LOT7,M06,-24,-12,1,10
MEM-2025-LOT7,M06,-23,-12,2,22
MEM-2025-LOT7,M06,-22,-12,1,10
MEM-2025-LOT7,M06,-21,-12,1,10
MEM-2025-LOT7,M06,-20,-12,1,10
MEM-2025-LOT7,M06,-19,-12,1,10
MEM-2025-LOT7,M06,-18,-12,1,10
MEM-2025-LOT7,M06,-17,-12,1,10
MEM-2025-LOT7,M06,-16,-12,1,10
MEM-2025-LOT7,M06,-15,-12,1,10
MEM-2025-LOT7,M06,-14,-12,1,10
MEM-2025-LOT7,M06,-13,-12,1,10
MEM-2025-LOT7,M06,-12,-12,1,10
MEM-2025-LOT7,M06,-11,-12,1,10
MEM-2025-LOT7,M06,-10,-12,1,10
MEM-2025-LOT7,M06,-9,-12,1,10
MEM-2025-LOT7,M06,-8,-12,1,10
MEM-2025-LOT7,M06,-7,-12,1,10
MEM-2025-LOT7,M06,-6,-12,1,10
MEM-2025-LOT7,M06,-5,-12,1,10
MEM-2025-LOT7,M06,-4,-12,1,10
MEM-2025-LOT7,M06,-3,-12,1,10
MEM-2025-LOT7,M06,-2,-12,1,10
MEM-2025-LOT7,M06,-1,-12,3,31
MEM-2025-LOT7,M06,0,-12,1,10
MEM-2025-LOT7,M06,1,-12,1,10
MEM-2025-LOT7,M06,2,-12,1,10
MEM-2025-LOT7,M06,3,-12,1,10
MEM-2025-LOT7,M06,4,-12,2,22
MEM-2025-LOT7,M06,5,-12,1,10
MEM-2025-LOT7,M06,6,-12,1,10
MEM-2025-LOT7,M06,7,-12,1,10
MEM-2025-LOT7,M06,8,-12,1,10
MEM-2025-LOT7,M06,9,-12,1,10
MEM-2025-LOT7,M06,10,-12,1,10
MEM-2025-LOT7,M06,11,-12,1,10
MEM-2025-LOT7,M06,12,-12,1,10
MEM-2025-LOT7,M06,13,-12,1,10
MEM-2025-LOT7,M06,14,-12,1,10
MEM-2025-LOT7,M06,15,-12,1,10
MEM-2025-LOT7,M06,16,-12,1,10
MEM-2025-LOT7,M06,17,-12,1,10
MEM-2025-LOT7,M06,18,-12,1,10
MEM-2025-LOT7,M06,19,-12,1,10
MEM-2025-LOT7,M06,20,-12,1,10
MEM-2025-LOT7,M06,21,-12,1,10
MEM-2025-LOT7,M06,22,-12,1,10
MEM-2025-LOT7,M06,23,-12,4,31
MEM-2025-LOT7,M06,24,-12,2,21
MEM-2025-LOT7,M06,25,-12,1,10
MEM-2025-LOT7,M06,26,-12,4,20
MEM-2025-LOT7,M06,27,-12,3,20
MEM-2025-LOT7,M06,28,-12,3,21
MEM-2025-LOT7,M06,29,-12,3,31
MEM-2025-LOT7,M06,30,-12,2,21
MEM-2025-LOT7,M06,31,-12,1,10
MEM-2025-LOT7,M06,-31,-11,2,30
MEM-2025-LOT7,M06,-30,-11,1,10
MEM-2025-LOT7,M06,-29,-11,3,31
MEM-2025-LOT7,M06,-28,-11,1,10
MEM-2025-LOT7,M06,-27,-11,2,21
MEM-2025-LOT7,M06,-26,-11,3,31
MEM-2025-LOT7,M06,-25,-11,1,10
MEM-2025-LOT7,M06,-24,-11,1,10
MEM-2025-LOT7,M06,-23,-11,3,30
MEM-2025-LOT7,M06,-22,-11,3,22
MEM-2025-LOT7,M06,-21,-11,1,10
MEM-2025-LOT7,M06,-20,-11,1,10
MEM-2025-LOT7,M06,-19,-11,1,10
MEM-2025-LOT7,M06,-18,-11,1,10
MEM-2025-LOT7,M06,-17,-11,1,10
MEM-2025-LOT7,M06,-16,-11,1,10
MEM-2025-LOT7,M06,-15,-11,1,10
MEM-2025-LOT7,M06,-14,-11,1,10
MEM-2025-LOT7,M06,-13,-11,1,10
MEM-2025-LOT7,M06,-12,-11,1,10
MEM-2025-LOT7,M06,-11,-11,1,10
MEM-2025-LOT7,M06,-10,-11,1,10
MEM-2025-LOT7,M06,-9,-11,1,10
MEM-2025-LOT7,M06,-8,-11,1,10
MEM-2025-LOT7,M06,-7,-11,4,31
MEM-2025-LOT7,M06,-6,-11,1,10
MEM-2025-LOT7,M06,-5,-11,1,10
MEM-2025-LOT7,M06,-4,-11,1,10
MEM-2025-LOT7,M06,-3,-11,1,10
MEM-2025-LOT7,M06,-2,-11,1,10
MEM-2025-LOT7,M06,-1,-11,1,10
MEM-2025-LOT7,M06,0,-11,1,10
MEM-2025-LOT7,M06,1,-11,1,10
MEM-2025-LOT7,M06,2,-11,1,10
MEM-2025-LOT7,M06,3,-11,1,10
MEM-2025-LOT7,M06,4,-11,4,31
MEM-2025-LOT7,M06,5,-11,1,10
MEM-2025-LOT7,M06,6,-11,1,10
MEM-2025-LOT7,M06,7,-11,1,10
MEM-2025-LOT7,M06,8,-11,1,10
MEM-2025-LOT7,M06,9,-11,1,10
MEM-2025-LOT7,M06,10,-11,1,10
MEM-2025-LOT7,M06,11,-11,1,10
MEM-2025-LOT7,M06,12,-11,1,10
MEM-2025-LOT7,M06,13,-11,1,10
MEM-2025-LOT7,M06,14,-11,1,10
MEM-2025-LOT7,M06,15,-11,1,10
MEM-2025-LOT7,M06,16,-11,1,10
MEM-2025-LOT7,M06,17,-11,1,10
MEM-2025-LOT7,M06,18,-11,1,10
MEM-2025-LOT7,M06,19,-11,1,10
MEM-2025-LOT7,M06,20,-11,1,10
MEM-2025-LOT7,M06,21,-11,1,10
MEM-2025-LOT7,M06,22,-11,1,10
MEM-2025-LOT7,M06,23,-11,1,10
MEM-2025-LOT7,M06,24,-11,3,22
MEM-2025-LOT7,M06,25,-11,3,21
MEM-2025-LOT7,M06,26,-11,1,10
MEM-2025-LOT7,M06,27,-11,1,10
MEM-2025-LOT7,M06,28,-11,4,20
MEM-2025-LOT7,M06,29,-11,1,10
MEM-2025-LOT7,M06,30,-11,2,22
MEM-2025-LOT7,M06,31,-11,4,31
MEM-2025-LOT7,M06,-31,-10,1,10
MEM-2025-LOT7,M06,-30,-10,1,10
MEM-2025-LOT7,M06,-29,-10,2,21
MEM-2025-LOT7,M06,-28,-10,1,10
MEM-2025-LOT7,M06,-27,-10,1,10
MEM-2025-LOT7,M06,-26,-10,1,10
MEM-2025-LOT7,M06,-25,-10,2,31
MEM-2025-LOT7,M06,-24,-10,2,22
MEM-2025-LOT7,M06,-23,-10,1,10
MEM-2025-LOT7,M06,-22,-10,2,21
MEM-2025-LOT7,M06,-21,-10,1,10
MEM-2025-LOT7,M06,-20,-10,1,10
MEM-2025-LOT7,M06,-19,-10,1,10
MEM-2025-LOT7,M06,-18,-10,2,22
MEM-2025-LOT7,M06,-17,-10,1,10
MEM-2025-LOT7,M06,-16,-10,1,10
MEM-2025-LOT7,M06,-15,-10,1,10
MEM-2025-LOT7,M06,-14,-10,1,10
MEM-2025-LOT7,M06,-13,-10,1,10
MEM-2025-LOT7,M06,-12,-10,1,10
MEM-2025-LOT7,M06,-11,-10,1,10
MEM-2025-LOT7,M06,-10,-10,1,10
MEM-2025-LOT7,M06,-9,-10,1,10
MEM-2025-LOT7,M06,-8,-10,1,10
MEM-2025-LOT7,M06,-7,-10,1,10
MEM-2025-LOT7,M06,-6,-10,1,10
MEM-2025-LOT7,M06,-5,-10,1,10
MEM-2025-LOT7,M06,-4,-10,1,10
MEM-2025-LOT7,M06,-3,-10,1,10
MEM-2025-LOT7,M06,-2,-10,1,10
MEM-2025-LOT7,M06,-1,-10,1,10
MEM-2025-LOT7,M06,0,-10,1,10
MEM-2025-LOT7,M06,1,-10,1,10
MEM-2025-LOT7,M06,2,-10,1,10
MEM-2025-LOT7,M06,3,-10,1,10
MEM-2025-LOT7,M06,4,-10,1,10
MEM-2025-LOT7,M06,5,-10,1,10
MEM-2025-LOT7,M06,6,-10,1,10
MEM-2025-LOT7,M06,7,-10,3,30
MEM-2025-LOT7,M06,8,-10,1,10
MEM-2025-LOT7,M06,9,-10,1,10
MEM-2025-LOT7,M06,10,-10,1,10
MEM-2025-LOT7,M06,11,-10,4,31
MEM-2025-LOT7,M06,12,-10,1,10
MEM-2025-LOT7,M06,13,-10,1,10
MEM-2025-LOT7,M06,14,-10,1,10
MEM-2025-LOT7,M06,15,-10,1,10
MEM-2025-LOT7,M06,16,-10,1,10
MEM-2025-LOT7,M06,17,-10,1,10
MEM-2025-LOT7,M06,18,-10,1,10
MEM-2025-LOT7,M06,19,-10,1,10
MEM-2025-LOT7,M06,20,-10,1,10
MEM-2025-LOT7,M06,21,-10,1,10
MEM-2025-LOT7,M06,22,-10,2,22
MEM-2025-LOT7,M06,23,-10,2,20
MEM-2025-LOT7,M06,24,-10,2,31
MEM-2025-LOT7,M06,25,-10,1,10
MEM-2025-LOT7,M06,26,-10,2,30
MEM-2025-LOT7,M06,27,-10,1,10
MEM-2025-LOT7,M06,28,-10,3,21
MEM-2025-LOT7,M06,29,-10,4,22
MEM-2025-LOT7,M06,30,-10,3,22
MEM-2025-LOT7,M06,31,-10,3,20
MEM-2025-LOT7,M06,-31,-9,2,21
MEM-2025-LOT7,M06,-30,-9,1,10
MEM-2025-LOT7,M06,-29,-9,2,30
MEM-2025-LOT7,M06,-28,-9,1,10
MEM-2025-LOT7,M06,-27,-9,2,20
MEM-2025-LOT7,M06,-26,-9,1,10
MEM-2025-LOT7,M06,-25,-9,3,30
MEM-2025-LOT7,M06,-24,-9,4,21
MEM-2025-LOT7,M06,-23,-9,1,10
MEM-2025-LOT7,M06,-22,-9,2,30
MEM-2025-LOT7,M06,-21,-9,2,21
MEM-2025-LOT7,M06,-20,-9,1,10
MEM-2025-LOT7,M06,-19,-9,1,10
MEM-2025-LOT7,M06,-18,-9,1,10
MEM-2025-LOT7,M06,-17,-9,1,10
MEM-2025-LOT7,M06,-16,-9,1,10
MEM-2025-LOT7,M06,-15,-9,1,10
MEM-2025-LOT7,M06,-14,-9,1,10
MEM-2025-LOT7,M06,-13,-9,1,10
MEM-2025-LOT7,M06,-12,-9,1,10
MEM-2025-LOT7,M06,-11,-9,1,10
MEM-2025-LOT7,M06,-10,-9,1,10
MEM-2025-LOT7,M06,-9,-9,1,10
MEM-2025-LOT7,M06,-8,-9,1,10
MEM-2025-LOT7,M06,-7,-9,1,10
MEM-2025-LOT7,M06,-6,-9,1,10
MEM-2025-LOT7,M06,-5,-9,1,10
MEM-2025-LOT7,M06,-4,-9,1,10
MEM-2025-LOT7,M06,-3,-9,1,10
MEM-2025-LOT7,M06,-2,-9,1,10
MEM-2025-LOT7,M06,-1,-9,1,10
MEM-2025-LOT7,M06,0,-9,1,10
MEM-2025-LOT7,M06,1,-9,1,10
MEM-2025-LOT7,M06,2,-9,1,10
MEM-2025-LOT7,M06,3,-9,1,10
MEM-2025-LOT7,M06,4,-9,1,10
MEM-2025-LOT7,M06,5,-9,1,10
MEM-2025-LOT7,M06,6,-9,1,10
MEM-2025-LOT7,M06,7,-9,1,10
MEM-2025-LOT7,M06,8,-9,1,10
MEM-2025-LOT7,M06,9,-9,1,10
MEM-2025-LOT7,M06,10,-9,1,10
MEM-2025-LOT7,M06,11,-9,1,10
MEM-2025-LOT7,M06,12,-9,1,10
MEM-2025-LOT7,M06,13,-9,1,10
MEM-2025-LOT7,M06,14,-9,1,10
MEM-2025-LOT7,M06,15,-9,1,10
MEM-2025-LOT7,M06,16,-9,1,10
MEM-2025-LOT7,M06,17,-9,1,10
MEM-2025-LOT7,M06,18,-9,1,10
MEM-2025-LOT7,M06,19,-9,1,10
MEM-2025-LOT7,M06,20,-9,1,10
MEM-2025-LOT7,M06,21,-9,1,10
MEM-2025-LOT7,M06,22,-9,2,31
MEM-2025-LOT7,M06,23,-9,1,10
MEM-2025-LOT7,M06,24,-9,4,22
MEM-2025-LOT7,M06,25,-9,1,10
MEM-2025-LOT7,M06,26,-9,1,10
MEM-2025-LOT7,M06,27,-9,4,30
MEM-2025-LOT7,M06,28,-9,2,31
MEM-2025-LOT7,M06,29,-9,1,10
MEM-2025-LOT7,M06,30,-9,1,10
MEM-2025-LOT7,M06,31,-9,3,21
MEM-2025-LOT7,M06,-31,-8,1,10
MEM-2025-LOT7,M06,-30,-8,1,10
MEM-2025-LOT7,M06,-29,-8,1,10
MEM-2025-LOT7,M06,-28,-8,1,10
MEM-2025-LOT7,M06,-27,-8,1,10
MEM-2025-LOT7,M06,-26,-8,4,20
MEM-2025-LOT7,M06,-25,-8,1,10
MEM-2025-LOT7,M06,-24,-8,2,20
MEM-2025-LOT7,M06,-23,-8,2,20
MEM-2025-LOT7,M06,-22,-8,2,30
MEM-2025-LOT7,M06,-21,-8,1,10
MEM-2025-LOT7,M06,-20,-8,1,10
MEM-2025-LOT7,M06,-19,-8,1,10
MEM-2025-LOT7,M06,-18,-8,1,10
MEM-2025-LOT7,M06,-17,-8,1,10
MEM-2025-LOT7,M06,-16,-8,3,30
MEM-2025-LOT7,M06,-15,-8,1,10
MEM-2025-LOT7,M06,-14,-8,1,10
MEM-2025-LOT7,M06,-13,-8,1,10
MEM-2025-LOT7,M06,-12,-8,1,10
MEM-2025-LOT7,M06,-11,-8,1,10
MEM-2025-LOT7,M06,-10,-8,1,10
MEM-2025-LOT7,M06,-9,-8,1,10
MEM-2025-LOT7,M06,-8,-8,1,10
MEM-2025-LOT7,M06,-7,-8,1,10
MEM-2025-LOT7,M06,-6,-8,1,10
MEM-2025-LOT7,M06,-5,-8,1,10
MEM-2025-LOT7,M06,-4,-8,1,10
MEM-2025-LOT7,M06,-3,-8,1,10
MEM-2025-LOT7,M06,-2,-8,1,10
MEM-2025-LOT7,M06,-1,-8,1,10
MEM-2025-LOT7,M06,0,-8,1,10
MEM-2025-LOT7,M06,1,-8,1,10
MEM-2025-LOT7,M06,2,-8,1,10
MEM-2025-LOT7,M06,3,-8,1,10
MEM-2025-LOT7,M06,4,-8,1,10
MEM-2025-LOT7,M06,5,-8,1,10
MEM-2025-LOT7,M06,6,-8,1,10
MEM-2025-LOT7,M06,7,-8,1,10
MEM-2025-LOT7,M06,8,-8,1,10
MEM-2025-LOT7,M06,9,-8,1,10
MEM-2025-LOT7,M06,10,-8,1,10
MEM-2025-LOT7,M06,11,-8,1,10
MEM-2025-LOT7,M06,12,-8,1,10
MEM-2025-LOT7,M06,13,-8,1,10
MEM-2025-LOT7,M06,14,-8,1,10
MEM-2025-LOT7,M06,15,-8,1,10
MEM-2025-LOT7,M06,16,-8,1,10
MEM-2025-LOT7,M06,17,-8,2,31
MEM-2025-LOT7,M06,18,-8,1,10
MEM-2025-LOT7,M06,19,-8,1,10
MEM-2025-LOT7,M06,20,-8,1,10
MEM-2025-LOT7,M06,21,-8,1,10
MEM-2025-LOT7,M06,22,-8,4,31
MEM-2025-LOT7,M06,23,-8,1,10
MEM-2025-LOT7,M06,24,-8,1,10
MEM-2025-LOT7,M06,25,-8,2,30
MEM-2025-LOT7,M06,26,-8,4,31
MEM-2025-LOT7,M06,27,-8,1,10
MEM-2025-LOT7,M06,28,-8,2,31
MEM-2025-LOT7,M06,29,-8,4,21
MEM-2025-LOT7,M06,30,-8,4,30
MEM-2025-LOT7,M06,31,-8,2,22
MEM-2025-LOT7,M06,-31,-7,2,22
MEM-2025-LOT7,M06,-30,-7,2,21
MEM-2025-LOT7,M06,-29,-7,1,10
MEM-2025-LOT7,M06,-28,-7,1,10
MEM-2025-LOT7,M06,-27,-7,1,10
MEM-2025-LOT7,M06,-26,-7,1,10
MEM-2025-LOT7,M06,-25,-7,2,30
MEM-2025-LOT7,M06,-24,-7,1,10
MEM-2025-LOT7,M06,-23,-7,2,21
MEM-2025-LOT7,M06,-22,-7,1,10
MEM-2025-LOT7,M06,-21,-7,1,10
MEM-2025-LOT7,M06,-20,-7,1,10
MEM-2025-LOT7,M06,-19,-7,1,10
MEM-2025-LOT7,M06,-18,-7,1,10
MEM-2025-LOT7,M06,-17,-7,1,10
MEM-2025-LOT7,M06,-16,-7,1,10
MEM-2025-LOT7,M06,-15,-7,1,10
MEM-2025-LOT7,M06,-14,-7,1,10
MEM-2025-LOT7,M06,-13,-7,1,10
MEM-2025-LOT7,M06,-12,-7,1,10
MEM-2025-LOT7,M06,-11,-7,1,10
MEM-2025-LOT7,M06,-10,-7,1,10
MEM-2025-LOT7,M06,-9,-7,1,10
MEM-2025-LOT7,M06,-8,-7,1,10
MEM-2025-LOT7,M06,-7,-7,1,10
MEM-2025-LOT7,M06,-6,-7,1,10
MEM-2025-LOT7,M06,-5,-7,1,10
MEM-2025-LOT7,M06,-4,-7,1,10
MEM-2025-LOT7,M06,-3,-7,1,10
MEM-2025-LOT7,M06,-2,-7,1,10
MEM-2025-LOT7,M06,-1,-7,1,10
MEM-2025-LOT7,M06,0,-7,1,10
MEM-2025-LOT7,M06,1,-7,1,10
MEM-2025-LOT7,M06,2,-7,1,10
MEM-2025-LOT7,M06,3,-7,1,10
MEM-2025-LOT7,M06,4,-7,1,10
MEM-2025-LOT7,M06,5,-7,1,10
MEM-2025-LOT7,M06,6,-7,1,10
MEM-2025-LOT7,M06,7,-7,1,10
MEM-2025-LOT7,M06,8,-7,1,10
MEM-2025-LOT7,M06,9,-7,1,10
MEM-2025-LOT7,M06,10,-7,1,10
MEM-2025-LOT7,M06,11,-7,1,10
MEM-2025-LOT7,M06,12,-7,1,10
MEM-2025-LOT7,M06,13,-7,2,20
MEM-2025-LOT7,M06,14,-7,1,10
MEM-2025-LOT7,M06,15,-7,1,10
MEM-2025-LOT7,M06,16,-7,1,10
MEM-2025-LOT7,M06,17,-7,1,10
MEM-2025-LOT7,M06,18,-7,1,10
MEM-2025-LOT7,M06,19,-7,1,10
MEM-2025-LOT7,M06,20,-7,1,10
MEM-2025-LOT7,M06,21,-7,1,10
MEM-2025-LOT7,M06,22,-7,1,10
MEM-2025-LOT7,M06,23,-7,1,10
MEM-2025-LOT7,M06,24,-7,1,10
MEM-2025-LOT7,M06,25,-7,2,22
MEM-2025-LOT7,M06,26,-7,3,22
MEM-2025-LOT7,M06,27,-7,2,22
MEM-2025-LOT7,M06,28,-7,1,10
MEM-2025-LOT7,M06,29,-7,1,10
MEM-2025-LOT7,M06,30,-7,2,21
MEM-2025-LOT7,M06,31,-7,3,31
MEM-2025-LOT7,M06,-32,-6,1,10
MEM-2025-LOT7,M06,-31,-6,4,31
MEM-2025-LOT7,M06,-30,-6,3,22
MEM-2025-LOT7,M06,-29,-6,4,22
MEM-2025-LOT7,M06,-28,-6,2,20
MEM-2025-LOT7,M06,-27,-6,1,10
MEM-2025-LOT7,M06,-26,-6,1,10
MEM-2025-LOT7,M06,-25,-6,3,30
MEM-2025-LOT7,M06,-24,-6,1,10
MEM-2025-LOT7,M06,-23,-6,3,21
MEM-2025-LOT7,M06,-22,-6,1,10
MEM-2025-LOT7,M06,-21,-6,1,10
MEM-2025-LOT7,M06,-20,-6,1,10
MEM-2025-LOT7,M06,-19,-6,1,10
MEM-2025-LOT7,M06,-18,-6,1,10
MEM-2025-LOT7,M06,-17,-6,1,10
MEM-2025-LOT7,M06,-16,-6,1,10
MEM-2025-LOT7,M06,-15,-6,1,10
MEM-2025-LOT7,M06,-14,-6,1,10
MEM-2025-LOT7,M06,-13,-6,1,10
MEM-2025-LOT7,M06,-12,-6,1,10
MEM-2025-LOT7,M06,-11,-6,1,10
MEM-2025-LOT7,M06,-10,-6,1,10
MEM-2025-LOT7,M06,-9,-6,1,10
MEM-2025-LOT7,M06,-8,-6,1,10
MEM-2025-LOT7,M06,-7,-6,1,10
MEM-2025-LOT7,M06,-6,-6,1,10
MEM-2025-LOT7,M06,-5,-6,1,10
MEM-2025-LOT7,M06,-4,-6,1,10
MEM-2025-LOT7,M06,-3,-6,1,10
MEM-2025-LOT7,M06,-2,-6,1,10
MEM-2025-LOT7,M06,-1,-6,1,10
MEM-2025-LOT7,M06,0,-6,1,10
MEM-2025-LOT7,M06,1,-6,1,10
MEM-2025-LOT7,M06,2,-6,1,10
MEM-2025-LOT7,M06,3,-6,1,10
MEM-2025-LOT7,M06,4,-6,1,10
MEM-2025-LOT7,M06,5,-6,1,10
MEM-2025-LOT7,M06,6,-6,1,10
MEM-2025-LOT7,M06,7,-6,1,10
MEM-2025-LOT7,M06,8,-6,1,10
MEM-2025-LOT7,M06,9,-6,4,31
MEM-2025-LOT7,M06,10,-6,1,10
MEM-2025-LOT7,M06,11,-6,1,10
MEM-2025-LOT7,M06,12,-6,1,10
MEM-2025-LOT7,M06,13,-6,1,10
MEM-2025-LOT7,M06,14,-6,1,10
MEM-2025-LOT7,M06,15,-6,2,20
MEM-2025-LOT7,M06,16,-6,1,10
MEM-2025-LOT7,M06,17,-6,1,10
MEM-2025-LOT7,M06,18,-6,1,10
MEM-2025-LOT7,M06,19,-6,1,10
MEM-2025-LOT7,M06,20,-6,1,10
MEM-2025-LOT7,M06,21,-6,1,10
MEM-2025-LOT7,M06,22,-6,2,22
MEM-2025-LOT7,M06,23,-6,1,10
MEM-2025-LOT7,M06,24,-6,1,10
MEM-2025-LOT7,M06,25,-6,1,10
MEM-2025-LOT7,M06,26,-6,2,20
MEM-2025-LOT7,M06,27,-6,1,10
MEM-2025-LOT7,M06,28,-6,2,22
MEM-2025-LOT7,M06,29,-6,1,10
MEM-2025-LOT7,M06,30,-6,3,20
MEM-2025-LOT7,M06,31,-6,1,10
MEM-2025-LOT7,M06,32,-6,4,21
MEM-2025-LOT7,M06,-32,-5,2,20
MEM-2025-LOT7,M06,-31,-5,1,10
MEM-2025-LOT7,M06,-30,-5,4,30
MEM-2025-LOT7,M06,-29,-5,1,10
MEM-2025-LOT7,M06,-28,-5,1,10
MEM-2025-LOT7,M06,-27,-5,1,10
MEM-2025-LOT7,M06,-26,-5,1,10
MEM-2025-LOT7,M06,-25,-5,1,10
MEM-2025-LOT7,M06,-24,-5,4,20
MEM-2025-LOT7,M06,-23,-5,2,20
MEM-2025-LOT7,M06,-22,-5,1,10
MEM-2025-LOT7,M06,-21,-5,1,10
MEM-2025-LOT7,M06,-20,-5,1,10
MEM-2025-LOT7,M06,-19,-5,1,10
MEM-2025-LOT7,M06,-18,-5,1,10
MEM-2025-LOT7,M06,-17,-5,1,10
MEM-2025-LOT7,M06,-16,-5,1,10
MEM-2025-LOT7,M06,-15,-5,1,10
MEM-2025-LOT7,M06,-14,-5,1,10
MEM-2025-LOT7,M06,-13,-5,1,10
MEM-2025-LOT7,M06,-12,-5,1,10
MEM-2025-LOT7,M06,-11,-5,1,10
MEM-2025-LOT7,M06,-10,-5,1,10
MEM-2025-LOT7,M06,-9,-5,1,10
MEM-2025-LOT7,M06,-8,-5,1,10
MEM-2025-LOT7,M06,-7,-5,1,10
MEM-2025-LOT7,M06,-6,-5,1,10
MEM-2025-LOT7,M06,-5,-5,1,10
MEM-2025-LOT7,M06,-4,-5,1,10
MEM-2025-LOT7,M06,-3,-5,1,10
MEM-2025-LOT7,M06,-2,-5,1,10
MEM-2025-LOT7,M06,-1,-5,1,10
MEM-2025-LOT7,M06,0,-5,1,10
MEM-2025-LOT7,M06,1,-5,1,10
MEM-2025-LOT7,M06,2,-5,1,10
MEM-2025-LOT7,M06,3,-5,1,10
MEM-2025-LOT7,M06,4,-5,1,10
MEM-2025-LOT7,M06,5,-5,1,10
MEM-2025-LOT7,M06,6,-5,1,10
MEM-2025-LOT7,M06,7,-5,1,10
MEM-2025-LOT7,M06,8,-5,1,10
MEM-2025-LOT7,M06,9,-5,1,10
MEM-2025-LOT7,M06,10,-5,1,10
MEM-2025-LOT7,M06,11,-5,1,10
MEM-2025-LOT7,M06,12,-5,1,10
MEM-2025-LOT7,M06,13,-5,1,10
MEM-2025-LOT7,M06,14,-5,1,10
MEM-2025-LOT7,M06,15,-5,1,10
MEM-2025-LOT7,M06,16,-5,1,10
MEM-2025-LOT7,M06,17,-5,1,10
MEM-2025-LOT7,M06,18,-5,1,10
MEM-2025-LOT7,M06,19,-5,1,10
MEM-2025-LOT7,M06,20,-5,1,10
MEM-2025-LOT7,M06,21,-5,1,10
MEM-2025-LOT7,M06,22,-5,4,21
MEM-2025-LOT7,M06,23,-5,2,31
MEM-2025-LOT7,M06,24,-5,2,20
MEM-2025-LOT7,M06,25,-5,2,30
MEM-2025-LOT7,M06,26,-5,4,21
MEM-2025-LOT7,M06,27,-5,4,21
MEM-2025-LOT7,M06,28,-5,2,22
MEM-2025-LOT7,M06,29,-5,1,10
MEM-2025-LOT7,M06,30,-5,1,10
MEM-2025-LOT7,M06,31,-5,1,10
MEM-2025-LOT7,M06,32,-5,2,20
MEM-2025-LOT7,M06,-32,-4,1,10
MEM-2025-LOT7,M06,-31,-4,1,10
MEM-2025-LOT7,M06,-30,-4,1,10
MEM-2025-LOT7,M06,-29,-4,4,21
MEM-2025-LOT7,M06,-28,-4,1,10
MEM-2025-LOT7,M06,-27,-4,4,20
MEM-2025-LOT7,M06,-26,-4,1,10
MEM-2025-LOT7,M06,-25,-4,4,31
MEM-2025-LOT7,M06,-24,-4,4,22
MEM-2025-LOT7,M06,-23,-4,4,22
MEM-2025-LOT7,M06,-22,-4,1,10
MEM-2025-LOT7,M06,-21,-4,1,10
MEM-2025-LOT7,M06,-20,-4,1,10
MEM-2025-LOT7,M06,-19,-4,1,10
MEM-2025-LOT7,M06,-18,-4,1,10
MEM-2025-LOT7,M06,-17,-4,1,10
MEM-2025-LOT7,M06,-16,-4,1,10
MEM-2025-LOT7,M06,-15,-4,1,10
MEM-2025-LOT7,M06,-14,-4,1,10
MEM-2025-LOT7,M06,-13,-4,1,10
MEM-2025-LOT7,M06,-12,-4,1,10
MEM-2025-LOT7,M06,-11,-4,1,10
MEM-2025-LOT7,M06,-10,-4,1,10
MEM-2025-LOT7,M06,-9,-4,1,10
MEM-2025-LOT7,M06,-8,-4,1,10
MEM-2025-LOT7,M06,-7,-4,1,10
MEM-2025-LOT7,M06,-6,-4,1,10
MEM-2025-LOT7,M06,-5,-4,1,10
MEM-2025-LOT7,M06,-4,-4,1,10
MEM-2025-LOT7,M06,-3,-4,1,10
MEM-2025-LOT7,M06,-2,-4,1,10
MEM-2025-LOT7,M06,-1,-4,1,10
MEM-2025-LOT7,M06,0,-4,2,21
MEM-2025-LOT7,M06,1,-4,1,10
MEM-2025-LOT7,M06,2,-4,1,10
MEM-2025-LOT7,M06,3,-4,1,10
MEM-2025-LOT7,M06,4,-4,1,10
MEM-2025-LOT7,M06,5,-4,1,10
MEM-2025-LOT7,M06,6,-4,1,10
MEM-2025-LOT7,M06,7,-4,1,10
MEM-2025-LOT7,M06,8,-4,1,10
MEM-2025-LOT7,M06,9,-4,1,10
MEM-2025-LOT7,M06,10,-4,1,10
MEM-2025-LOT7,M06,11,-4,1,10
MEM-2025-LOT7,M06,12,-4,1,10
MEM-2025-LOT7,M06,13,-4,1,10
MEM-2025-LOT7,M06,14,-4,1,10
MEM-2025-LOT7,M06,15,-4,1,10
MEM-2025-LOT7,M06,16,-4,1,10
MEM-2025-LOT7,M06,17,-4,1,10
MEM-2025-LOT7,M06,18,-4,1,10
MEM-2025-LOT7,M06,19,-4,1,10
MEM-2025-LOT7,M06,20,-4,1,10
MEM-2025-LOT7,M06,21,-4,1,10
MEM-2025-LOT7,M06,22,-4,1,10
MEM-2025-LOT7,M06,23,-4,1,10
MEM-2025-LOT7,M06,24,-4,1,10
MEM-2025-LOT7,M06,25,-4,1,10
MEM-2025-LOT7,M06,26,-4,2,30
MEM-2025-LOT7,M06,27,-4,1,10
MEM-2025-LOT7,M06,28,-4,4,30
MEM-2025-LOT7,M06,29,-4,2,20
MEM-2025-LOT7,M06,30,-4,1,10
MEM-2025-LOT7,M06,31,-4,1,10
MEM-2025-LOT7,M06,32,-4,1,10
MEM-2025-LOT7,M06,-32,-3,2,30
MEM-2025-LOT7,M06,-31,-3,1,10
MEM-2025-LOT7,M06,-30,-3,1,10
MEM-2025-LOT7,M06,-29,-3,2,21
MEM-2025-LOT7,M06,-28,-3,1,10
MEM-2025-LOT7,M06,-27,-3,1,10
MEM-2025-LOT7,M06,-26,-3,1,10
MEM-2025-LOT7,M06,-25,-3,3,20
MEM-2025-LOT7,M06,-24,-3,1,10
MEM-2025-LOT7,M06,-23,-3,1,10
MEM-2025-LOT7,M06,-22,-3,1,10
MEM-2025-LOT7,M06,-21,-3,1,10
MEM-2025-LOT7,M06,-20,-3,1,10
MEM-2025-LOT7,M06,-19,-3,1,10
MEM-2025-LOT7,M06,-18,-3,1,10
MEM-2025-LOT7,M06,-17,-3,1,10
MEM-2025-LOT7,M06,-16,-3,1,10
MEM-2025-LOT7,M06,-15,-3,2,31
MEM-2025-LOT7,M06,-14,-3,1,10
MEM-2025-LOT7,M06,-13,-3,1,10
MEM-2025-LOT7,M06,-12,-3,1,10
MEM-2025-LOT7,M06,-11,-3,1,10
MEM-2025-LOT7,M06,-10,-3,1,10
MEM-2025-LOT7,M06,-9,-3,1,10
MEM-2025-LOT7,M06,-8,-3,1,10
MEM-2025-LOT7,M06,-7,-3,1,10
MEM-2025-LOT7,M06,-6,-3,1,10
MEM-2025-LOT7,M06,-5,-3,1,10
MEM-2025-LOT7,M06,-4,-3,1,10
MEM-2025-LOT7,M06,-3,-3,1,10
MEM-2025-LOT7,M06,-2,-3,1,10
MEM-2025-LOT7,M06,-1,-3,1,10
MEM-2025-LOT7,M06,0,-3,1,10
MEM-2025-LOT7,M06,1,-3,1,10
MEM-2025-LOT7,M06,2,-3,1,10
MEM-2025-LOT7,M06,3,-3,1,10
MEM-2025-LOT7,M06,4,-3,1,10
MEM-2025-LOT7,M06,5,-3,2,30
MEM-2025-LOT7,M06,6,-3,1,10
MEM-2025-LOT7,M06,7,-3,1,10
MEM-2025-LOT7,M06,8,-3,1,10
MEM-2025-LOT7,M06,9,-3,1,10
MEM-2025-LOT7,M06,10,-3,1,10
MEM-2025-LOT7,M06,11,-3,1,10
MEM-2025-LOT7,M06,12,-3,1,10
MEM-2025-LOT7,M06,13,-3,1,10
MEM-2025-LOT7,M06,14,-3,1,10
MEM-2025-LOT7,M06,15,-3,1,10
MEM-2025-LOT7,M06,16,-3,1,10
MEM-2025-LOT7,M06,17,-3,1,10
MEM-2025-LOT7,M06,18,-3,1,10
MEM-2025-LOT7,M06,19,-3,1,10
MEM-2025-LOT7,M06,20,-3,1,10
MEM-2025-LOT7,M06,21,-3,1,10
MEM-2025-LOT7,M06,22,-3,1,10
MEM-2025-LOT7,M06,23,-3,1,10
MEM-2025-LOT7,M06,24,-3,1,10
MEM-2025-LOT7,M06,25,-3,1,10
MEM-2025-LOT7,M06,26,-3,2,22
MEM-2025-LOT7,M06,27,-3,4,20
MEM-2025-LOT7,M06,28,-3,2,20
MEM-2025-LOT7,M06,29,-3,1,10
MEM-2025-LOT7,M06,30,-3,1,10
MEM-2025-LOT7,M06,31,-3,3,31
MEM-2025-LOT7,M06,32,-3,2,22
MEM-2025-LOT7,M06,-32,-2,4,20
MEM-2025-LOT7,M06,-31,-2,2,30
MEM-2025-LOT7,M06,-30,-2,1,10
MEM-2025-LOT7,M06,-29,-2,1,10
MEM-2025-LOT7,M06,-28,-2,3,31
MEM-2025-LOT7,M06,-27,-2,4,22
MEM-2025-LOT7,M06,-26,-2,2,30
MEM-2025-LOT7,M06,-25,-2,2,22
MEM-2025-LOT7,M06,-24,-2,1,10
MEM-2025-LOT7,M06,-23,-2,4,20
MEM-2025-LOT7,M06,-22,-2,1,10
MEM-2025-LOT7,M06,-21,-2,1,10
MEM-2025-LOT7,M06,-20,-2,1,10
MEM-2025-LOT7,M06,-19,-2,1,10
MEM-2025-LOT7,M06,-18,-2,1,10
MEM-2025-LOT7,M06,-17,-2,1,10
MEM-2025-LOT7,M06,-16,-2,3,21
MEM-2025-LOT7,M06,-15,-2,1,10
MEM-2025-LOT7,M06,-14,-2,1,10
MEM-2025-LOT7,M06,-13,-2,1,10
MEM-2025-LOT7,M06,-12,-2,1,10
MEM-2025-LOT7,M06,-11,-2,1,10
MEM-2025-LOT7,M06,-10,-2,1,10
MEM-2025-LOT7,M06,-9,-2,2,30
MEM-2025-LOT7,M06,-8,-2,1,10
MEM-2025-LOT7,M06,-7,-2,1,10
MEM-2025-LOT7,M06,-6,-2,1,10
MEM-2025-LOT7,M06,-5,-2,1,10
MEM-2025-LOT7,M06,-4,-2,1,10
MEM-2025-LOT7,M06,-3,-2,1,10
MEM-2025-LOT7,M06,-2,-2,1,10
MEM-2025-LOT7,M06,-1,-2,1,10
MEM-2025-LOT7,M06,0,-2,1,10
MEM-2025-LOT7,M06,1,-2,1,10
MEM-2025-LOT7,M06,2,-2,1,10
MEM-2025-LOT7,M06,3,-2,1,10
MEM-2025-LOT7,M06,4,-2,1,10
MEM-2025-LOT7,M06,5,-2,1,10
MEM-2025-LOT7,M06,6,-2,1,10
MEM-2025-LOT7,M06,7,-2,1,10
MEM-2025-LOT7,M06,8,-2,1,10
MEM-2025-LOT7,M06,9,-2,1,10
MEM-2025-LOT7,M06,10,-2,1,10
MEM-2025-LOT7,M06,11,-2,1,10
MEM-2025-LOT7,M06,12,-2,1,10
MEM-2025-LOT7,M06,13,-2,1,10
MEM-2025-LOT7,M06,14,-2,1,10
MEM-2025-LOT7,M06,15,-2,1,10
MEM-2025-LOT7,M06,16,-2,1,10
MEM-2025-LOT7,M06,17,-2,1,10
MEM-2025-LOT7,M06,18,-2,1,10
MEM-2025-LOT7,M06,19,-2,1,10
MEM-2025-LOT7,M06,20,-2,1,10
MEM-2025-LOT7,M06,21,-2,1,10
MEM-2025-LOT7,M06,22,-2,1,10
MEM-2025-LOT7,M06,23,-2,1,10
MEM-2025-LOT7,M06,24,-2,2,31
MEM-2025-LOT7,M06,25,-2,1,10
MEM-2025-LOT7,M06,26,-2,4,31
MEM-2025-LOT7,M06,27,-2,2,20
MEM-2025-LOT7,M06,28,-2,1,10
MEM-2025-LOT7,M06,29,-2,1,10
MEM-2025-LOT7,M06,30,-2,1,10
MEM-2025-LOT7,M06,31,-2,1,10
MEM-2025-LOT7,M06,32,-2,1,10
MEM-2025-LOT7,M06,-32,-1,1,10
MEM-2025-LOT7,M06,-31,-1,2,21
MEM-2025-LOT7,M06,-30,-1,4,30
MEM-2025-LOT7,M06,-29,-1,2,30
MEM-2025-LOT7,M06,-28,-1,2,21
MEM-2025-LOT7,M06,-27,-1,1,10
MEM-2025-LOT7,M06,-26,-1,1,10
MEM-2025-LOT7,M06,-25,-1,2,20
MEM-2025-LOT7,M06,-24,-1,1,10
MEM-2025-LOT7,M06,-23,-1,1,10
MEM-2025-LOT7,M06,-22,-1,1,10
MEM-2025-LOT7,M06,-21,-1,1,10
MEM-2025-LOT7,M06,-20,-1,1,10
MEM-2025-LOT7,M06,-19,-1,1,10
MEM-2025-LOT7,M06,-18,-1,1,10
MEM-2025-LOT7,M06,-17,-1,1,10
MEM-2025-LOT7,M06,-16,-1,1,10
MEM-2025-LOT7,M06,-15,-1,1,10
MEM-2025-LOT7,M06,-14,-1,1,10
MEM-2025-LOT7,M06,-13,-1,1,10
MEM-2025-LOT7,M06,-12,-1,2,30
MEM-2025-LOT7,M06,-11,-1,1,10
MEM-2025-LOT7,M06,-10,-1,1,10
MEM-2025-LOT7,M06,-9,-1,1,10
MEM-2025-LOT7,M06,-8,-1,1,10
MEM-2025-LOT7,M06,-7,-1,1,10
MEM-2025-LOT7,M06,-6,-1,1,10
MEM-2025-LOT7,M06,-5,-1,1,10
MEM-2025-LOT7,M06,-4,-1,1,10
MEM-2025-LOT7,M06,-3,-1,1,10
MEM-2025-LOT7,M06,-2,-1,1,10
MEM-2025-LOT7,M06,-1,-1,1,10
MEM-2025-LOT7,M06,0,-1,1,10
MEM-2025-LOT7,M06,1,-1,1,10
MEM-2025-LOT7,M06,2,-1,2,20
MEM-2025-LOT7,M06,3,-1,1,10
MEM-2025-LOT7,M06,4,-1,1,10
MEM-2025-LOT7,M06,5,-1,1,10
MEM-2025-LOT7,M06,6,-1,2,31
MEM-2025-LOT7,M06,7,-1,1,10
MEM-2025-LOT7,M06,8,-1,1,10
MEM-2025-LOT7,M06,9,-1,1,10
MEM-2025-LOT7,M06,10,-1,1,10
MEM-2025-LOT7,M06,11,-1,1,10
MEM-2025-LOT7,M06,12,-1,1,10
MEM-2025-LOT7,M06,13,-1,1,10
MEM-2025-LOT7,M06,14,-1,1,10
MEM-2025-LOT7,M06,15,-1,1,10
MEM-2025-LOT7,M06,16,-1,1,10
MEM-2025-LOT7,M06,17,-1,1,10
MEM-2025-LOT7,M06,18,-1,1,10
MEM-2025-LOT7,M06,19,-1,1,10
MEM-2025-LOT7,M06,20,-1,1,10
MEM-2025-LOT7,M06,21,-1,1,10
MEM-2025-LOT7,M06,22,-1,1,10
MEM-2025-LOT7,M06,23,-1,2,22
MEM-2025-LOT7,M06,24,-1,2,22
MEM-2025-LOT7,M06,25,-1,4,30
MEM-2025-LOT7,M06,26,-1,2,21
MEM-2025-LOT7,M06,27,-1,1,10
MEM-2025-LOT7,M06,28,-1,1,10
MEM-2025-LOT7,M06,29,-1,1,10
MEM-2025-LOT7,M06,30,-1,2,20
MEM-2025-LOT7,M06,31,-1,2,20
MEM-2025-LOT7,M06,32,-1,1,10
MEM-2025-LOT7,M06,-32,0,4,20
MEM-2025-LOT7,M06,-31,0,4,21
MEM-2025-LOT7,M06,-30,0,1,10
MEM-2025-LOT7,M06,-29,0,1,10
MEM-2025-LOT7,M06,-28,0,2,22
MEM-2025-LOT7,M06,-27,0,4,31
MEM-2025-LOT7,M06,-26,0,1,10
MEM-2025-LOT7,M06,-25,0,2,20
MEM-2025-LOT7,M06,-24,0,1,10
MEM-2025-LOT7,M06,-23,0,1,10
MEM-2025-LOT7,M06,-22,0,1,10
MEM-2025-LOT7,M06,-21,0,1,10
MEM-2025-LOT7,M06,-20,0,2,22
MEM-2025-LOT7,M06,-19,0,1,10
MEM-2025-LOT7,M06,-18,0,1,10
MEM-2025-LOT7,M06,-17,0,2,31
MEM-2025-LOT7,M06,-16,0,1,10
MEM-2025-LOT7,M06,-15,0,1,10
MEM-2025-LOT7,M06,-14,0,1,10
MEM-2025-LOT7,M06,-13,0,1,10
MEM-2025-LOT7,M06,-12,0,1,10
MEM-2025-LOT7,M06,-11,0,1,10
MEM-2025-LOT7,M06,-10,0,1,10
MEM-2025-LOT7,M06,-9,0,1,10
MEM-2025-LOT7,M06,-8,0,1,10
MEM-2025-LOT7,M06,-7,0,1,10
MEM-2025-LOT7,M06,-6,0,1,10
MEM-2025-LOT7,M06,-5,0,1,10
MEM-2025-LOT7,M06,-4,0,1,10
MEM-2025-LOT7,M06,-3,0,1,10
MEM-2025-LOT7,M06,-2,0,1,10
MEM-2025-LOT7,M06,-1,0,1,10
MEM-2025-LOT7,M06,0,0,1,10
MEM-2025-LOT7,M06,1,0,1,10
MEM-2025-LOT7,M06,2,0,1,10
MEM-2025-LOT7,M06,3,0,1,10
MEM-2025-LOT7,M06,4,0,1,10
MEM-2025-LOT7,M06,5,0,1,10
MEM-2025-LOT7,M06,6,0,1,10
MEM-2025-LOT7,M06,7,0,1,10
MEM-2025-LOT7,M06,8,0,1,10
MEM-2025-LOT7,M06,9,0,1,10
MEM-2025-LOT7,M06,10,0,1,10
MEM-2025-LOT7,M06,11,0,1,10
MEM-2025-LOT7,M06,12,0,1,10
MEM-2025-LOT7,M06,13,0,1,10
MEM-2025-LOT7,M06,14,0,1,10
MEM-2025-LOT7,M06,15,0,1,10
MEM-2025-LOT7,M06,16,0,1,10
MEM-2025-LOT7,M06,17,0,1,10
MEM-2025-LOT7,M06,18,0,1,10
MEM-2025-LOT7,M06,19,0,1,10
MEM-2025-LOT7,M06,20,0,1,10
MEM-2025-LOT7,M06,21,0,1,10
MEM-2025-LOT7,M06,22,0,1,10
MEM-2025-LOT7,M06,23,0,1,10
MEM-2025-LOT7,M06,24,0,1,10
MEM-2025-LOT7,M06,25,0,1,10
MEM-2025-LOT7,M06,26,0,2,31
MEM-2025-LOT7,M06,27,0,1,10
MEM-2025-LOT7,M06,28,0,1,10
MEM-2025-LOT7,M06,29,0,3,30
MEM-2025-LOT7,M06,30,0,1,10
MEM-2025-LOT7,M06,31,0,2,20
MEM-2025-LOT7,M06,32,0,4,21
MEM-2025-LOT7,M06,-32,1,1,10
MEM-2025-LOT7,M06,-31,1,3,22
MEM-2025-LOT7,M06,-30,1,1,10
MEM-2025-LOT7,M06,-29,1,2,31
MEM-2025-LOT7,M06,-28,1,1,10
MEM-2025-LOT7,M06,-27,1,1,10
MEM-2025-LOT7,M06,-26,1,1,10
MEM-2025-LOT7,M06,-25,1,2,20
MEM-2025-LOT7,M06,-24,1,1,10
MEM-2025-LOT7,M06,-23,1,2,30
MEM-2025-LOT7,M06,-22,1,1,10
MEM-2025-LOT7,M06,-21,1,1,10
MEM-2025-LOT7,M06,-20,1,1,10
MEM-2025-LOT7,M06,-19,1,1,10
MEM-2025-LOT7,M06,-18,1,1,10
MEM-2025-LOT7,M06,-17,1,3,21
MEM-2025-LOT7,M06,-16,1,1,10
MEM-2025-LOT7,M06,-15,1,1,10
MEM-2025-LOT7,M06,-14,1,1,10
MEM-2025-LOT7,M06,-13,1,1,10
MEM-2025-LOT7,M06,-12,1,1,10
MEM-2025-LOT7,M06,-11,1,1,10
MEM-2025-LOT7,M06,-10,1,1,10
MEM-2025-LOT7,M06,-9,1,2,21
MEM-2025-LOT7,M06,-8,1,1,10
MEM-2025-LOT7,M06,-7,1,1,10
MEM-2025-LOT7,M06,-6,1,1,10
MEM-2025-LOT7,M06,-5,1,1,10
MEM-2025-LOT7,M06,-4,1,1,10
MEM-2025-LOT7,M06,-3,1,1,10
MEM-2025-LOT7,M06,-2,1,1,10
MEM-2025-LOT7,M06,-1,1,1,10
MEM-2025-LOT7,M06,0,1,1,10
MEM-2025-LOT7,M06,1,1,1,10
MEM-2025-LOT7,M06,2,1,1,10
MEM-2025-LOT7,M06,3,1,1,10
MEM-2025-LOT7,M06,4,1,1,10
MEM-2025-LOT7,M06,5,1,1,10
MEM-2025-LOT7,M06,6,1,1,10
MEM-2025-LOT7,M06,7,1,1,10
MEM-2025-LOT7,M06,8,1,1,10
MEM-2025-LOT7,M06,9,1,1,10
MEM-2025-LOT7,M06,10,1,1,10
MEM-2025-LOT7,M06,11,1,1,10
MEM-2025-LOT7,M06,12,1,1,10
MEM-2025-LOT7,M06,13,1,1,10
MEM-2025-LOT7,M06,14,1,1,10
MEM-2025-LOT7,M06,15,1,1,10
MEM-2025-LOT7,M06,16,1,1,10
MEM-2025-LOT7,M06,17,1,1,10
MEM-2025-LOT7,M06,18,1,1,10
MEM-2025-LOT7,M06,19,1,1,10
MEM-2025-LOT7,M06,20,1,1,10
MEM-2025-LOT7,M06,21,1,1,10
MEM-2025-LOT7,M06,22,1,1,10
MEM-2025-LOT7,M06,23,1,1,10
MEM-2025-LOT7,M06,24,1,1,10
MEM-2025-LOT7,M06,25,1,1,10
MEM-2025-LOT7,M06,26,1,1,10
MEM-2025-LOT7,M06,27,1,1,10
MEM-2025-LOT7,M06,28,1,3,30
MEM-2025-LOT7,M06,29,1,1,10
MEM-2025-LOT7,M06,30,1,1,10
MEM-2025-LOT7,M06,31,1,1,10
MEM-2025-LOT7,M06,32,1,2,21
MEM-2025-LOT7,M06,-32,2,2,31
MEM-2025-LOT7,M06,-31,2,1,10
MEM-2025-LOT7,M06,-30,2,1,10
MEM-2025-LOT7,M06,-29,2,1,10
MEM-2025-LOT7,M06,-28,2,1,10
MEM-2025-LOT7,M06,-27,2,4,31
MEM-2025-LOT7,M06,-26,2,3,30
MEM-2025-LOT7,M06,-25,2,1,10
MEM-2025-LOT7,M06,-24,2,1,10
MEM-2025-LOT7,M06,-23,2,1,10
MEM-2025-LOT7,M06,-22,2,1,10
MEM-2025-LOT7,M06,-21,2,1,10
MEM-2025-LOT7,M06,-20,2,1,10
MEM-2025-LOT7,M06,-19,2,1,10
MEM-2025-LOT7,M06,-18,2,1,10
MEM-2025-LOT7,M06,-17,2,1,10
MEM-2025-LOT7,M06,-16,2,1,10
MEM-2025-LOT7,M06,-15,2,1,10
MEM-2025-LOT7,M06,-14,2,1,10
MEM-2025-LOT7,M06,-13,2,1,10
MEM-2025-LOT7,M06,-12,2,1,10
MEM-2025-LOT7,M06,-11,2,1,10
MEM-2025-LOT7,M06,-10,2,1,10
MEM-2025-LOT7,M06,-9,2,1,10
MEM-2025-LOT7,M06,-8,2,1,10
MEM-2025-LOT7,M06,-7,2,1,10
MEM-2025-LOT7,M06,-6,2,1,10
MEM-2025-LOT7,M06,-5,2,1,10
MEM-2025-LOT7,M06,-4,2,1,10
MEM-2025-LOT7,M06,-3,2,1,10
MEM-2025-LOT7,M06,-2,2,1,10
MEM-2025-LOT7,M06,-1,2,1,10
MEM-2025-LOT7,M06,0,2,1,10
MEM-2025-LOT7,M06,1,2,1,10
MEM-2025-LOT7,M06,2,2,1,10
MEM-2025-LOT7,M06,3,2,1,10
MEM-2025-LOT7,M06,4,2,1,10
MEM-2025-LOT7,M06,5,2,1,10
MEM-2025-LOT7,M06,6,2,1,10
MEM-2025-LOT7,M06,7,2,1,10
MEM-2025-LOT7,M06,8,2,1,10
MEM-2025-LOT7,M06,9,2,1,10
MEM-2025-LOT7,M06,10,2,1,10
MEM-2025-LOT7,M06,11,2,1,10
MEM-2025-LOT7,M06,12,2,1,10
MEM-2025-LOT7,M06,13,2,1,10
MEM-2025-LOT7,M06,14,2,1,10
MEM-2025-LOT7,M06,15,2,1,10
MEM-2025-LOT7,M06,16,2,1,10
MEM-2025-LOT7,M06,17,2,1,10
MEM-2025-LOT7,M06,18,2,1,10
MEM-2025-LOT7,M06,19,2,1,10
MEM-2025-LOT7,M06,20,2,1,10
MEM-2025-LOT7,M06,21,2,1,10
MEM-2025-LOT7,M06,22,2,1,10
MEM-2025-LOT7,M06,23,2,1,10
MEM-2025-LOT7,M06,24,2,2,31
MEM-2025-LOT7,M06,25,2,1,10
MEM-2025-LOT7,M06,26,2,3,22
MEM-2025-LOT7,M06,27,2,4,22
MEM-2025-LOT7,M06,28,2,2,30
MEM-2025-LOT7,M06,29,2,2,21
MEM-2025-LOT7,M06,30,2,4,20
MEM-2025-LOT7,M06,31,2,1,10
MEM-2025-LOT7,M06,32,2,4,31
MEM-2025-LOT7,M06,-32,3,1,10
MEM-2025-LOT7,M06,-31,3,1,10
MEM-2025-LOT7,M06,-30,3,2,31
MEM-2025-LOT7,M06,-29,3,1,10
MEM-2025-LOT7,M06,-28,3,1,10
MEM-2025-LOT7,M06,-27,3,1,10
MEM-2025-LOT7,M06,-26,3,2,20
MEM-2025-LOT7,M06,-25,3,1,10
MEM-2025-LOT7,M06,-24,3,1,10
MEM-2025-LOT7,M06,-23,3,2,30
MEM-2025-LOT7,M06,-22,3,1,10
MEM-2025-LOT7,M06,-21,3,1,10
MEM-2025-LOT7,M06,-20,3,1,10
MEM-2025-LOT7,M06,-19,3,1,10
MEM-2025-LOT7,M06,-18,3,1,10
MEM-2025-LOT7,M06,-17,3,1,10
MEM-2025-LOT7,M06,-16,3,1,10
MEM-2025-LOT7,M06,-15,3,1,10
MEM-2025-LOT7,M06,-14,3,1,10
MEM-2025-LOT7,M06,-13,3,1,10
MEM-2025-LOT7,M06,-12,3,1,10
MEM-2025-LOT7,M06,-11,3,1,10
MEM-2025-LOT7,M06,-10,3,1,10
MEM-2025-LOT7,M06,-9,3,1,10
MEM-2025-LOT7,M06,-8,3,1,10
MEM-2025-LOT7,M06,-7,3,1,10
MEM-2025-LOT7,M06,-6,3,1,10
MEM-2025-LOT7,M06,-5,3,1,10
MEM-2025-LOT7,M06,-4,3,1,10
MEM-2025-LOT7,M06,-3,3,1,10
MEM-2025-LOT7,M06,-2,3,1,10
MEM-2025-LOT7,M06,-1,3,1,10
MEM-2025-LOT7,M06,0,3,1,10
MEM-2025-LOT7,M06,1,3,1,10
MEM-2025-LOT7,M06,2,3,1,10
MEM-2025-LOT7,M06,3,3,1,10
MEM-2025-LOT7,M06,4,3,1,10
MEM-2025-LOT7,M06,5,3,1,10
MEM-2025-LOT7,M06,6,3,1,10
MEM-2025-LOT7,M06,7,3,1,10
MEM-2025-LOT7,M06,8,3,1,10
MEM-2025-LOT7,M06,9,3,1,10
MEM-2025-LOT7,M06,10,3,1,10
MEM-2025-LOT7,M06,11,3,4,30
MEM-2025-LOT7,M06,12,3,1,10
MEM-2025-LOT7,M06,13,3,1,10
MEM-2025-LOT7,M06,14,3,1,10
MEM-2025-LOT7,M06,15,3,1,10
MEM-2025-LOT7,M06,16,3,1,10
MEM-2025-LOT7,M06,17,3,1,10
MEM-2025-LOT7,M06,18,3,1,10
MEM-2025-LOT7,M06,19,3,1,10
MEM-2025-LOT7,M06,20,3,1,10
MEM-2025-LOT7,M06,21,3,1,10
MEM-2025-LOT7,M06,22,3,1,10
MEM-2025-LOT7,M06,23,3,1,10
MEM-2025-LOT7,M06,24,3,2,31
MEM-2025-LOT7,M06,25,3,2,21
MEM-2025-LOT7,M06,26,3,1,10
MEM-2025-LOT7,M06,27,3,1,10
MEM-2025-LOT7,M06,28,3,1,10
MEM-2025-LOT7,M06,29,3,3,30
MEM-2025-LOT7,M06,30,3,3,22
MEM-2025-LOT7,M06,31,3,1,10
MEM-2025-LOT7,M06,32,3,2,21
MEM-2025-LOT7,M06,-32,4,1,10
MEM-2025-LOT7,M06,-31,4,1,10
MEM-2025-LOT7,M06,-30,4,3,30
MEM-2025-LOT7,M06,-29,4,1,10
MEM-2025-LOT7,M06,-28,4,1,10
MEM-2025-LOT7,M06,-27,4,2,30
MEM-2025-LOT7,M06,-26,4,1,10
MEM-2025-LOT7,M06,-25,4,1,10
MEM-2025-LOT7,M06,-24,4,1,10
MEM-2025-LOT7,M06,-23,4,2,30
MEM-2025-LOT7,M06,-22,4,1,10
MEM-2025-LOT7,M06,-21,4,2,22
MEM-2025-LOT7,M06,-20,4,1,10
MEM-2025-LOT7,M06,-19,4,1,10
MEM-2025-LOT7,M06,-18,4,1,10
MEM-2025-LOT7,M06,-17,4,1,10
MEM-2025-LOT7,M06,-16,4,1,10
MEM-2025-LOT7,M06,-15,4,1,10
MEM-2025-LOT7,M06,-14,4,1,10
MEM-2025-LOT7,M06,-13,4,1,10
MEM-2025-LOT7,M06,-12,4,1,10
MEM-2025-LOT7,M06,-11,4,1,10
MEM-2025-LOT7,M06,-10,4,1,10
MEM-2025-LOT7,M06,-9,4,1,10
MEM-2025-LOT7,M06,-8,4,1,10
MEM-2025-LOT7,M06,-7,4,1,10
MEM-2025-LOT7,M06,-6,4,1,10
MEM-2025-LOT7,M06,-5,4,1,10
MEM-2025-LOT7,M06,-4,4,1,10
MEM-2025-LOT7,M06,-3,4,1,10
MEM-2025-LOT7,M06,-2,4,1,10
MEM-2025-LOT7,M06,-1,4,1,10
MEM-2025-LOT7,M06,0,4,1,10
MEM-2025-LOT7,M06,1,4,1,10
MEM-2025-LOT7,M06,2,4,1,10
MEM-2025-LOT7,M06,3,4,1,10
MEM-2025-LOT7,M06,4,4,1,10
MEM-2025-LOT7,M06,5,4,1,10
MEM-2025-LOT7,M06,6,4,1,10
MEM-2025-LOT7,M06,7,4,1,10
MEM-2025-LOT7,M06,8,4,1,10
MEM-2025-LOT7,M06,9,4,1,10
MEM-2025-LOT7,M06,10,4,1,10
MEM-2025-LOT7,M06,11,4,1,10
MEM-2025-LOT7,M06,12,4,1,10
MEM-2025-LOT7,M06,13,4,1,10
MEM-2025-LOT7,M06,14,4,1,10
MEM-2025-LOT7,M06,15,4,1,10
MEM-2025-LOT7,M06,16,4,1,10
MEM-2025-LOT7,M06,17,4,1,10
MEM-2025-LOT7,M06,18,4,1,10
MEM-2025-LOT7,M06,19,4,1,10
MEM-2025-LOT7,M06,20,4,1,10
MEM-2025-LOT7,M06,21,4,1,10
MEM-2025-LOT7,M06,22,4,1,10
MEM-2025-LOT7,M06,23,4,1,10
MEM-2025-LOT7,M06,24,4,4,20
MEM-2025-LOT7,M06,25,4,1,10
MEM-2025-LOT7,M06,26,4,2,30
MEM-2025-LOT7,M06,27,4,1,10
MEM-2025-LOT7,M06,28,4,1,10
MEM-2025-LOT7,M06,29,4,1,10
MEM-2025-LOT7,M06,30,4,1,10
MEM-2025-LOT7,M06,31,4,2,20
MEM-2025-LOT7,M06,32,4,1,10
MEM-2025-LOT7,M06,-32,5,1,10
MEM-2025-LOT7,M06,-31,5,1,10
MEM-2025-LOT7,M06,-30,5,1,10
MEM-2025-LOT7,M06,-29,5,1,10
MEM-2025-LOT7,M06,-28,5,1,10
MEM-2025-LOT7,M06,-27,5,2,31
MEM-2025-LOT7,M06,-26,5,1,10
MEM-2025-LOT7,M06,-25,5,4,31
MEM-2025-LOT7,M06,-24,5,1,10
MEM-2025-LOT7,M06,-23,5,1,10
MEM-2025-LOT7,M06,-22,5,1,10
MEM-2025-LOT7,M06,-21,5,1,10
MEM-2025-LOT7,M06,-20,5,1,10
MEM-2025-LOT7,M06,-19,5,1,10
MEM-2025-LOT7,M06,-18,5,1,10
MEM-2025-LOT7,M06,-17,5,1,10
MEM-2025-LOT7,M06,-16,5,1,10
MEM-2025-LOT7,M06,-15,5,1,10
MEM-2025-LOT7,M06,-14,5,1,10
MEM-2025-LOT7,M06,-13,5,1,10
MEM-2025-LOT7,M06,-12,5,1,10
MEM-2025-LOT7,M06,-11,5,1,10
MEM-2025-LOT7,M06,-10,5,1,10
MEM-2025-LOT7,M06,-9,5,1,10
MEM-2025-LOT7,M06,-8,5,1,10
MEM-2025-LOT7,M06,-7,5,1,10
MEM-2025-LOT7,M06,-6,5,1,10
MEM-2025-LOT7,M06,-5,5,1,10
MEM-2025-LOT7,M06,-4,5,1,10
MEM-2025-LOT7,M06,-3,5,1,10
MEM-2025-LOT7,M06,-2,5,1,10
MEM-2025-LOT7,M06,-1,5,1,10
MEM-2025-LOT7,M06,0,5,1,10
MEM-2025-LOT7,M06,1,5,1,10
MEM-2025-LOT7,M06,2,5,1,10
MEM-2025-LOT7,M06,3,5,1,10
MEM-2025-LOT7,M06,4,5,2,22
MEM-2025-LOT7,M06,5,5,1,10
MEM-2025-LOT7,M06,6,5,1,10
MEM-2025-LOT7,M06,7,5,1,10
MEM-2025-LOT7,M06,8,5,1,10
MEM-2025-LOT7,M06,9,5,1,10
MEM-2025-LOT7,M06,10,5,1,10
MEM-2025-LOT7,M06,11,5,1,10
MEM-2025-LOT7,M06,12,5,1,10
MEM-2025-LOT7,M06,13,5,1,10
MEM-2025-LOT7,M06,14,5,1,10
MEM-2025-LOT7,M06,15,5,1,10
MEM-2025-LOT7,M06,16,5,1,10
MEM-2025-LOT7,M06,17,5,1,10
MEM-2025-LOT7,M06,18,5,1,10
MEM-2025-LOT7,M06,19,5,1,10
MEM-2025-LOT7,M06,20,5,1,10
MEM-2025-LOT7,M06,21,5,1,10
MEM-2025-LOT7,M06,22,5,1,10
MEM-2025-LOT7,M06,23,5,1,10
MEM-2025-LOT7,M06,24,5,2,30
MEM-2025-LOT7,M06,25,5,2,22
MEM-2025-LOT7,M06,26,5,2,31
MEM-2025-LOT7,M06,27,5,1,10
MEM-2025-LOT7,M06,28,5,1,10
MEM-2025-LOT7,M06,29,5,2,30
MEM-2025-LOT7,M06,30,5,4,31
MEM-2025-LOT7,M06,31,5,3,20
MEM-2025-LOT7,M06,32,5,2,31
MEM-2025-LOT7,M06,-32,6,1,10
MEM-2025-LOT7,M06,-31,6,1,10
MEM-2025-LOT7,M06,-30,6,1,10
MEM-2025-LOT7,M06,-29,6,4,21
MEM-2025-LOT7,M06,-28,6,1,10
MEM-2025-LOT7,M06,-27,6,1,10
MEM-2025-LOT7,M06,-26,6,2,30
MEM-2025-LOT7,M06,-25,6,4,31
MEM-2025-LOT7,M06,-24,6,2,22
MEM-2025-LOT7,M06,-23,6,1,10
MEM-2025-LOT7,M06,-22,6,1,10
MEM-2025-LOT7,M06,-21,6,1,10
MEM-2025-LOT7,M06,-20,6,1,10
MEM-2025-LOT7,M06,-19,6,1,10
MEM-2025-LOT7,M06,-18,6,1,10
MEM-2025-LOT7,M06,-17,6,1,10
MEM-2025-LOT7,M06,-16,6,1,10
MEM-2025-LOT7,M06,-15,6,1,10
MEM-2025-LOT7,M06,-14,6,1,10
MEM-2025-LOT7,M06,-13,6,1,10
MEM-2025-LOT7,M06,-12,6,1,10
MEM-2025-LOT7,M06,-11,6,1,10
MEM-2025-LOT7,M06,-10,6,1,10
MEM-2025-LOT7,M06,-9,6,1,10
MEM-2025-LOT7,M06,-8,6,1,10
MEM-2025-LOT7,M06,-7,6,1,10
MEM-2025-LOT7,M06,-6,6,1,10
MEM-2025-LOT7,M06,-5,6,1,10
MEM-2025-LOT7,M06,-4,6,1,10
MEM-2025-LOT7,M06,-3,6,1,10
MEM-2025-LOT7,M06,-2,6,1,10
MEM-2025-LOT7,M06,-1,6,1,10
MEM-2025-LOT7,M06,0,6,1,10
MEM-2025-LOT7,M06,1,6,1,10
MEM-2025-LOT7,M06,2,6,1,10
MEM-2025-LOT7,M06,3,6,1,10
MEM-2025-LOT7,M06,4,6,1,10
MEM-2025-LOT7,M06,5,6,1,10
MEM-2025-LOT7,M06,6,6,1,10
MEM-2025-LOT7,M06,7,6,1,10
MEM-2025-LOT7,M06,8,6,1,10
MEM-2025-LOT7,M06,9,6,1,10
MEM-2025-LOT7,M06,10,6,1,10
MEM-2025-LOT7,M06,11,6,4,21
MEM-2025-LOT7,M06,12,6,1,10
MEM-2025-LOT7,M06,13,6,1,10
MEM-2025-LOT7,M06,14,6,1,10
MEM-2025-LOT7,M06,15,6,1,10
MEM-2025-LOT7,M06,16,6,1,10
MEM-2025-LOT7,M06,17,6,1,10
MEM-2025-LOT7,M06,18,6,1,10
MEM-2025-LOT7,M06,19,6,1,10
MEM-2025-LOT7,M06,20,6,1,10
MEM-2025-LOT7,M06,21,6,1,10
MEM-2025-LOT7,M06,22,6,1,10
MEM-2025-LOT7,M06,23,6,2,22
MEM-2025-LOT7,M06,24,6,1,10
MEM-2025-LOT7,M06,25,6,3,30
MEM-2025-LOT7,M06,26,6,3,20
MEM-2025-LOT7,M06,27,6,1,10
MEM-2025-LOT7,M06,28,6,1,10
MEM-2025-LOT7,M06,29,6,1,10
MEM-2025-LOT7,M06,30,6,1,10
MEM-2025-LOT7,M06,31,6,1,10
MEM-2025-LOT7,M06,32,6,2,22
MEM-2025-LOT7,M06,-31,7,1,10
MEM-2025-LOT7,M06,-30,7,1,10
MEM-2025-LOT7,M06,-29,7,1,10
MEM-2025-LOT7,M06,-28,7,3,20
MEM-2025-LOT7,M06,-27,7,1,10
MEM-2025-LOT7,M06,-26,7,2,31
MEM-2025-LOT7,M06,-25,7,2,30
MEM-2025-LOT7,M06,-24,7,1,10
MEM-2025-LOT7,M06,-23,7,1,10
MEM-2025-LOT7,M06,-22,7,1,10
MEM-2025-LOT7,M06,-21,7,1,10
MEM-2025-LOT7,M06,-20,7,1,10
MEM-2025-LOT7,M06,-19,7,1,10
MEM-2025-LOT7,M06,-18,7,1,10
MEM-2025-LOT7,M06,-17,7,1,10
MEM-2025-LOT7,M06,-16,7,1,10
MEM-2025-LOT7,M06,-15,7,1,10
MEM-2025-LOT7,M06,-14,7,1,10
MEM-2025-LOT7,M06,-13,7,1,10
MEM-2025-LOT7,M06,-12,7,1,10
MEM-2025-LOT7,M06,-11,7,1,10
MEM-2025-LOT7,M06,-10,7,1,10
MEM-2025-LOT7,M06,-9,7,1,10
MEM-2025-LOT7,M06,-8,7,1,10
MEM-2025-LOT7,M06,-7,7,1,10
MEM-2025-LOT7,M06,-6,7,1,10
MEM-2025-LOT7,M06,-5,7,1,10
MEM-2025-LOT7,M06,-4,7,1,10
MEM-2025-LOT7,M06,-3,7,1,10
MEM-2025-LOT7,M06,-2,7,1,10
MEM-2025-LOT7,M06,-1,7,1,10
MEM-2025-LOT7,M06,0,7,1,10
MEM-2025-LOT7,M06,1,7,1,10
MEM-2025-LOT7,M06,2,7,1,10
MEM-2025-LOT7,M06,3,7,1,10
MEM-2025-LOT7,M06,4,7,1,10
MEM-2025-LOT7,M06,5,7,1,10
MEM-2025-LOT7,M06,6,7,1,10
MEM-2025-LOT7,M06,7,7,1,10
MEM-2025-LOT7,M06,8,7,1,10
MEM-2025-LOT7,M06,9,7,1,10
MEM-2025-LOT7,M06,10,7,1,10
MEM-2025-LOT7,M06,11,7,1,10
MEM-2025-LOT7,M06,12,7,1,10
MEM-2025-LOT7,M06,13,7,1,10
MEM-2025-LOT7,M06,14,7,1,10
MEM-2025-LOT7,M06,15,7,1,10
MEM-2025-LOT7,M06,16,7,1,10
MEM-2025-LOT7,M06,17,7,1,10
MEM-2025-LOT7,M06,18,7,1,10
MEM-2025-LOT7,M06,19,7,1,10
MEM-2025-LOT7,M06,20,7,1,10
MEM-2025-LOT7,M06,21,7,1,10
MEM-2025-LOT7,M06,22,7,2,31
MEM-2025-LOT7,M06,23,7,1,10
MEM-2025-LOT7,M06,24,7,2,31
MEM-2025-LOT7,M06,25,7,1,10
MEM-2025-LOT7,M06,26,7,1,10
MEM-2025-LOT7,M06,27,7,2,30
MEM-2025-LOT7,M06,28,7,1,10
MEM-2025-LOT7,M06,29,7,1,10
MEM-2025-LOT7,M06,30,7,1,10
MEM-2025-LOT7,M06,31,7,1,10
MEM-2025-LOT7,M06,-31,8,2,30
MEM-2025-LOT7,M06,-30,8,1,10
MEM-2025-LOT7,M06,-29,8,4,20
MEM-2025-LOT7,M06,-28,8,2,20
MEM-2025-LOT7,M06,-27,8,1,10
MEM-2025-LOT7,M06,-26,8,1,10
MEM-2025-LOT7,M06,-25,8,1,10
MEM-2025-LOT7,M06,-24,8,1,10
MEM-2025-LOT7,M06,-23,8,1,10
MEM-2025-LOT7,M06,-22,8,4,22
MEM-2025-LOT7,M06,-21,8,1,10
MEM-2025-LOT7,M06,-20,8,1,10
MEM-2025-LOT7,M06,-19,8,1,10
MEM-2025-LOT7,M06,-18,8,1,10
MEM-2025-LOT7,M06,-17,8,1,10
MEM-2025-LOT7,M06,-16,8,1,10
MEM-2025-LOT7,M06,-15,8,1,10
MEM-2025-LOT7,M06,-14,8,1,10
MEM-2025-LOT7,M06,-13,8,1,10
MEM-2025-LOT7,M06,-12,8,1,10
MEM-2025-LOT7,M06,-11,8,1,10
MEM-2025-LOT7,M06,-10,8,1,10
MEM-2025-LOT7,M06,-9,8,1,10
MEM-2025-LOT7,M06,-8,8,1,10
MEM-2025-LOT7,M06,-7,8,1,10
MEM-2025-LOT7,M06,-6,8,1,10
MEM-2025-LOT7,M06,-5,8,1,10
MEM-2025-LOT7,M06,-4,8,1,10
MEM-2025-LOT7,M06,-3,8,1,10
MEM-2025-LOT7,M06,-2,8,1,10
MEM-2025-LOT7,M06,-1,8,1,10
MEM-2025-LOT7,M06,0,8,1,10
MEM-2025-LOT7,M06,1,8,1,10
MEM-2025-LOT7,M06,2,8,1,10
MEM-2025-LOT7,M06,3,8,3,20
MEM-2025-LOT7,M06,4,8,1,10
MEM-2025-LOT7,M06,5,8,1,10
MEM-2025-LOT7,M06,6,8,1,10
MEM-2025-LOT7,M06,7,8,1,10
MEM-2025-LOT7,M06,8,8,1,10
MEM-2025-LOT7,M06,9,8,1,10
MEM-2025-LOT7,M06,10,8,1,10
MEM-2025-LOT7,M06,11,8,1,10
MEM-2025-LOT7,M06,12,8,1,10
MEM-2025-LOT7,M06,13,8,1,10
MEM-2025-LOT7,M06,14,8,1,10
MEM-2025-LOT7,M06,15,8,1,10
MEM-2025-LOT7,M06,16,8,1,10
MEM-2025-LOT7,M06,17,8,1,10
MEM-2025-LOT7,M06,18,8,1,10
MEM-2025-LOT7,M06,19,8,1,10
MEM-2025-LOT7,M06,20,8,1,10
MEM-2025-LOT7,M06,21,8,1,10
MEM-2025-LOT7,M06,22,8,1,10
MEM-2025-LOT7,M06,23,8,1,10
MEM-2025-LOT7,M06,24,8,2,21
MEM-2025-LOT7,M06,25,8,1,10
MEM-2025-LOT7,M06,26,8,2,22
MEM-2025-LOT7,M06,27,8,2,31
MEM-2025-LOT7,M06,28,8,2,30
MEM-2025-LOT7,M06,29,8,4,30
MEM-2025-LOT7,M06,30,8,1,10
MEM-2025-LOT7,M06,31,8,1,10
MEM-2025-LOT7,M06,-31,9,1,10
MEM-2025-LOT7,M06,-30,9,1,10
MEM-2025-LOT7,M06,-29,9,2,22
MEM-2025-LOT7,M06,-28,9,3,22
MEM-2025-LOT7,M06,-27,9,1,10
MEM-2025-LOT7,M06,-26,9,1,10
MEM-2025-LOT7,M06,-25,9,2,21
MEM-2025-LOT7,M06,-24,9,1,10
MEM-2025-LOT7,M06,-23,9,2,22
MEM-2025-LOT7,M06,-22,9,2,22
MEM-2025-LOT7,M06,-21,9,1,10
MEM-2025-LOT7,M06,-20,9,1,10
MEM-2025-LOT7,M06,-19,9,1,10
MEM-2025-LOT7,M06,-18,9,1,10
MEM-2025-LOT7,M06,-17,9,2,20
MEM-2025-LOT7,M06,-16,9,1,10
MEM-2025-LOT7,M06,-15,9,1,10
MEM-2025-LOT7,M06,-14,9,1,10
MEM-2025-LOT7,M06,-13,9,1,10
MEM-2025-LOT7,M06,-12,9,1,10
MEM-2025-LOT7,M06,-11,9,1,10
MEM-2025-LOT7,M06,-10,9,1,10
MEM-2025-LOT7,M06,-9,9,1,10
MEM-2025-LOT7,M06,-8,9,1,10
MEM-2025-LOT7,M06,-7,9,1,10
MEM-2025-LOT7,M06,-6,9,1,10
MEM-2025-LOT7,M06,-5,9,1,10
MEM-2025-LOT7,M06,-4,9,1,10
MEM-2025-LOT7,M06,-3,9,1,10
MEM-2025-LOT7,M06,-2,9,1,10
MEM-2025-LOT7,M06,-1,9,1,10
MEM-2025-LOT7,M06,0,9,1,10
MEM-2025-LOT7,M06,1,9,1,10
MEM-2025-LOT7,M06,2,9,1,10
MEM-2025-LOT7,M06,3,9,1,10
MEM-2025-LOT7,M06,4,9,1,10
MEM-2025-LOT7,M06,5,9,3,22
MEM-2025-LOT7,M06,6,9,1,10
MEM-2025-LOT7,M06,7,9,1,10
MEM-2025-LOT7,M06,8,9,1,10
MEM-2025-LOT7,M06,9,9,1,10
MEM-2025-LOT7,M06,10,9,1,10
MEM-2025-LOT7,M06,11,9,1,10
MEM-2025-LOT7,M06,12,9,2,30
MEM-2025-LOT7,M06,13,9,1,10
MEM-2025-LOT7,M06,14,9,1,10
MEM-2025-LOT7,M06,15,9,1,10
MEM-2025-LOT7,M06,16,9,1,10
MEM-2025-LOT7,M06,17,9,1,10
MEM-2025-LOT7,M06,18,9,1,10
MEM-2025-LOT7,M06,19,9,1,10
MEM-2025-LOT7,M06,20,9,1,10
MEM-2025-LOT7,M06,21,9,1,10
MEM-2025-LOT7,M06,22,9,1,10
MEM-2025-LOT7,M06,23,9,3,20
MEM-2025-LOT7,M06,24,9,1,10
MEM-2025-LOT7,M06,25,9,1,10
MEM-2025-LOT7,M06,26,9,1,10
MEM-2025-LOT7,M06,27,9,3,21
MEM-2025-LOT7,M06,28,9,2,31
MEM-2025-LOT7,M06,29,9,2,31
MEM-2025-LOT7,M06,30,9,1,10
MEM-2025-LOT7,M06,31,9,1,10
MEM-2025-LOT7,M06,-31,10,1,10
MEM-2025-LOT7,M06,-30,10,2,22
MEM-2025-LOT7,M06,-29,10,1,10
MEM-2025-LOT7,M06,-28,10,1,10
MEM-2025-LOT7,M06,-27,10,1,10
MEM-2025-LOT7,M06,-26,10,1,10
MEM-2025-LOT7,M06,-25,10,3,31
MEM-2025-LOT7,M06,-24,10,3,31
MEM-2025-LOT7,M06,-23,10,1,10
MEM-2025-LOT7,M06,-22,10,1,10
MEM-2025-LOT7,M06,-21,10,1,10
MEM-2025-LOT7,M06,-20,10,2,31
MEM-2025-LOT7,M06,-19,10,1,10
MEM-2025-LOT7,M06,-18,10,1,10
MEM-2025-LOT7,M06,-17,10,1,10
MEM-2025-LOT7,M06,-16,10,1,10
MEM-2025-LOT7,M06,-15,10,1,10
MEM-2025-LOT7,M06,-14,10,1,10
MEM-2025-LOT7,M06,-13,10,1,10
MEM-2025-LOT7,M06,-12,10,1,10
MEM-2025-LOT7,M06,-11,10,1,10
MEM-2025-LOT7,M06,-10,10,1,10
MEM-2025-LOT7,M06,-9,10,1,10
MEM-2025-LOT7,M06,-8,10,1,10
MEM-2025-LOT7,M06,-7,10,1,10
MEM-2025-LOT7,M06,-6,10,1,10
MEM-2025-LOT7,M06,-5,10,1,10
MEM-2025-LOT7,M06,-4,10,1,10
MEM-2025-LOT7,M06,-3,10,1,10
MEM-2025-LOT7,M06,-2,10,1,10
MEM-2025-LOT7,M06,-1,10,1,10
MEM-2025-LOT7,M06,0,10,1,10
MEM-2025-LOT7,M06,1,10,1,10
MEM-2025-LOT7,M06,2,10,1,10
MEM-2025-LOT7,M06,3,10,1,10
MEM-2025-LOT7,M06,4,10,1,10
MEM-2025-LOT7,M06,5,10,1,10
MEM-2025-LOT7,M06,6,10,1,10
MEM-2025-LOT7,M06,7,10,1,10
MEM-2025-LOT7,M06,8,10,1,10
MEM-2025-LOT7,M06,9,10,1,10
MEM-2025-LOT7,M06,10,10,1,10
MEM-2025-LOT7,M06,11,10,1,10
MEM-2025-LOT7,M06,12,10,1,10
MEM-2025-LOT7,M06,13,10,1,10
MEM-2025-LOT7,M06,14,10,1,10
MEM-2025-LOT7,M06,15,10,1,10
MEM-2025-LOT7,M06,16,10,1,10
MEM-2025-LOT7,M06,17,10,1,10
MEM-2025-LOT7,M06,18,10,1,10
MEM-2025-LOT7,M06,19,10,1,10
MEM-2025-LOT7,M06,20,10,1,10
MEM-2025-LOT7,M06,21,10,1,10
MEM-2025-LOT7,M06,22,10,3,20
MEM-2025-LOT7,M06,23,10,1,10
MEM-2025-LOT7,M06,24,10,1,10
MEM-2025-LOT7,M06,25,10,2,21
MEM-2025-LOT7,M06,26,10,2,22
MEM-2025-LOT7,M06,27,10,1,10
MEM-2025-LOT7,M06,28,10,4,20
MEM-2025-LOT7,M06,29,10,2,20
MEM-2025-LOT7,M06,30,10,2,31
MEM-2025-LOT7,M06,31,10,1,10
MEM-2025-LOT7,M06,-31,11,1,10
MEM-2025-LOT7,M06,-30,11,1,10
MEM-2025-LOT7,M06,-29,11,4,21
MEM-2025-LOT7,M06,-28,11,3,22
MEM-2025-LOT7,M06,-27,11,3,31
MEM-2025-LOT7,M06,-26,11,1,10
MEM-2025-LOT7,M06,-25,11,2,22
MEM-2025-LOT7,M06,-24,11,2,20
MEM-2025-LOT7,M06,-23,11,1,10
MEM-2025-LOT7,M06,-22,11,1,10
MEM-2025-LOT7,M06,-21,11,1,10
MEM-2025-LOT7,M06,-20,11,1,10
MEM-2025-LOT7,M06,-19,11,1,10
MEM-2025-LOT7,M06,-18,11,1,10
MEM-2025-LOT7,M06,-17,11,1,10
MEM-2025-LOT7,M06,-16,11,1,10
MEM-2025-LOT7,M06,-15,11,1,10
MEM-2025-LOT7,M06,-14,11,1,10
MEM-2025-LOT7,M06,-13,11,1,10
MEM-2025-LOT7,M06,-12,11,1,10
MEM-2025-LOT7,M06,-11,11,1,10
MEM-2025-LOT7,M06,-10,11,1,10
MEM-2025-LOT7,M06,-9,11,1,10
MEM-2025-LOT7,M06,-8,11,1,10
MEM-2025-LOT7,M06,-7,11,1,10
MEM-2025-LOT7,M06,-6,11,1,10
MEM-2025-LOT7,M06,-5,11,1,10
MEM-2025-LOT7,M06,-4,11,1,10
MEM-2025-LOT7,M06,-3,11,1,10
MEM-2025-LOT7,M06,-2,11,1,10
MEM-2025-LOT7,M06,-1,11,1,10
MEM-2025-LOT7,M06,0,11,1,10
MEM-2025-LOT7,M06,1,11,1,10
MEM-2025-LOT7,M06,2,11,1,10
MEM-2025-LOT7,M06,3,11,1,10
MEM-2025-LOT7,M06,4,11,1,10
MEM-2025-LOT7,M06,5,11,1,10
MEM-2025-LOT7,M06,6,11,1,10
MEM-2025-LOT7,M06,7,11,1,10
MEM-2025-LOT7,M06,8,11,1,10
MEM-2025-LOT7,M06,9,11,1,10
MEM-2025-LOT7,M06,10,11,1,10
MEM-2025-LOT7,M06,11,11,1,10
MEM-2025-LOT7,M06,12,11,1,10
MEM-2025-LOT7,M06,13,11,1,10
MEM-2025-LOT7,M06,14,11,1,10
MEM-2025-LOT7,M06,15,11,1,10
MEM-2025-LOT7,M06,16,11,1,10
MEM-2025-LOT7,M06,17,11,1,10
MEM-2025-LOT7,M06,18,11,1,10
MEM-2025-LOT7,M06,19,11,1,10
MEM-2025-LOT7,M06,20,11,1,10
MEM-2025-LOT7,M06,21,11,1,10
MEM-2025-LOT7,M06,22,11,2,31
MEM-2025-LOT7,M06,23,11,2,22
MEM-2025-LOT7,M06,24,11,1,10
MEM-2025-LOT7,M06,25,11,2,21
MEM-2025-LOT7,M06,26,11,1,10
MEM-2025-LOT7,M06,27,11,4,30
MEM-2025-LOT7,M06,28,11,4,21
MEM-2025-LOT7,M06,29,11,3,20
MEM-2025-LOT7,M06,30,11,1,10
MEM-2025-LOT7,M06,31,11,1,10
MEM-2025-LOT7,M06,-31,12,4,30
MEM-2025-LOT7,M06,-30,12,1,10
MEM-2025-LOT7,M06,-29,12,1,10
MEM-2025-LOT7,M06,-28,12,4,30
MEM-2025-LOT7,M06,-27,12,2,30
MEM-2025-LOT7,M06,-26,12,2,21
MEM-2025-LOT7,M06,-25,12,4,22
MEM-2025-LOT7,M06,-24,12,2,21
MEM-2025-LOT7,M06,-23,12,4,22
MEM-2025-LOT7,M06,-22,12,1,10
MEM-2025-LOT7,M06,-21,12,1,10
MEM-2025-LOT7,M06,-20,12,1,10
MEM-2025-LOT7,M06,-19,12,1,10
MEM-2025-LOT7,M06,-18,12,1,10
MEM-2025-LOT7,M06,-17,12,1,10
MEM-2025-LOT7,M06,-16,12,1,10
MEM-2025-LOT7,M06,-15,12,1,10
MEM-2025-LOT7,M06,-14,12,1,10
MEM-2025-LOT7,M06,-13,12,1,10
MEM-2025-LOT7,M06,-12,12,1,10
MEM-2025-LOT7,M06,-11,12,1,10
MEM-2025-LOT7,M06,-10,12,1,10
MEM-2025-LOT7,M06,-9,12,1,10
MEM-2025-LOT7,M06,-8,12,1,10
MEM-2025-LOT7,M06,-7,12,1,10
MEM-2025-LOT7,M06,-6,12,1,10
MEM-2025-LOT7,M06,-5,12,1,10
MEM-2025-LOT7,M06,-4,12,1,10
MEM-2025-LOT7,M06,-3,12,1,10
MEM-2025-LOT7,M06,-2,12,1,10
MEM-2025-LOT7,M06,-1,12,1,10
MEM-2025-LOT7,M06,0,12,1,10
MEM-2025-LOT7,M06,1,12,1,10
MEM-2025-LOT7,M06,2,12,1,10
MEM-2025-LOT7,M06,3,12,1,10
MEM-2025-LOT7,M06,4,12,1,10
MEM-2025-LOT7,M06,5,12,2,20
MEM-2025-LOT7,M06,6,12,1,10
MEM-2025-LOT7,M06,7,12,1,10
MEM-2025-LOT7,M06,8,12,1,10
MEM-2025-LOT7,M06,9,12,1,10
MEM-2025-LOT7,M06,10,12,1,10
MEM-2025-LOT7,M06,11,12,1,10
MEM-2025-LOT7,M06,12,12,1,10
MEM-2025-LOT7,M06,13,12,1,10
MEM-2025-LOT7,M06,14,12,1,10
MEM-2025-LOT7,M06,15,12,1,10
MEM-2025-LOT7,M06,16,12,1,10
MEM-2025-LOT7,M06,17,12,1,10
MEM-2025-LOT7,M06,18,12,1,10
MEM-2025-LOT7,M06,19,12,1,10
MEM-2025-LOT7,M06,20,12,1,10
MEM-2025-LOT7,M06,21,12,1,10
MEM-2025-LOT7,M06,22,12,3,31
MEM-2025-LOT7,M06,23,12,2,22
MEM-2025-LOT7,M06,24,12,1,10
MEM-2025-LOT7,M06,25,12,1,10
MEM-2025-LOT7,M06,26,12,1,10
MEM-2025-LOT7,M06,27,12,1,10
MEM-2025-LOT7,M06,28,12,1,10
MEM-2025-LOT7,M06,29,12,4,22
MEM-2025-LOT7,M06,30,12,1,10
MEM-2025-LOT7,M06,31,12,4,22
MEM-2025-LOT7,M06,-31,13,4,31
MEM-2025-LOT7,M06,-30,13,1,10
MEM-2025-LOT7,M06,-29,13,1,10
MEM-2025-LOT7,M06,-28,13,2,20
MEM-2025-LOT7,M06,-27,13,2,21
MEM-2025-LOT7,M06,-26,13,1,10
MEM-2025-LOT7,M06,-25,13,1,10
MEM-2025-LOT7,M06,-24,13,1,10
MEM-2025-LOT7,M06,-23,13,3,22
MEM-2025-LOT7,M06,-22,13,1,10
MEM-2025-LOT7,M06,-21,13,3,20
MEM-2025-LOT7,M06,-20,13,1,10
MEM-2025-LOT7,M06,-19,13,1,10
MEM-2025-LOT7,M06,-18,13,1,10
MEM-2025-LOT7,M06,-17,13,2,31
MEM-2025-LOT7,M06,-16,13,1,10
MEM-2025-LOT7,M06,-15,13,1,10
MEM-2025-LOT7,M06,-14,13,1,10
MEM-2025-LOT7,M06,-13,13,1,10
MEM-2025-LOT7,M06,-12,13,1,10
MEM-2025-LOT7,M06,-11,13,1,10
MEM-2025-LOT7,M06,-10,13,1,10
MEM-2025-LOT7,M06,-9,13,1,10
MEM-2025-LOT7,M06,-8,13,1,10
MEM-2025-LOT7,M06,-7,13,1,10
MEM-2025-LOT7,M06,-6,13,1,10
MEM-2025-LOT7,M06,-5,13,1,10
MEM-2025-LOT7,M06,-4,13,1,10
MEM-2025-LOT7,M06,-3,13,1,10
MEM-2025-LOT7,M06,-2,13,1,10
MEM-2025-LOT7,M06,-1,13,1,10
MEM-2025-LOT7,M06,0,13,1,10
MEM-2025-LOT7,M06,1,13,1,10
MEM-2025-LOT7,M06,2,13,1,10
MEM-2025-LOT7,M06,3,13,1,10
MEM-2025-LOT7,M06,4,13,1,10
MEM-2025-LOT7,M06,5,13,1,10
MEM-2025-LOT7,M06,6,13,1,10
MEM-2025-LOT7,M06,7,13,1,10
MEM-2025-LOT7,M06,8,13,1,10
MEM-2025-LOT7,M06,9,13,1,10
MEM-2025-LOT7,M06,10,13,1,10
MEM-2025-LOT7,M06,11,13,2,30
MEM-2025-LOT7,M06,12,13,1,10
MEM-2025-LOT7,M06,13,13,1,10
MEM-2025-LOT7,M06,14,13,1,10
MEM-2025-LOT7,M06,15,13,1,10
MEM-2025-LOT7,M06,16,13,1,10
MEM-2025-LOT7,M06,17,13,1,10
MEM-2025-LOT7,M06,18,13,1,10
MEM-2025-LOT7,M06,19,13,1,10
MEM-2025-LOT7,M06,20,13,1,10
MEM-2025-LOT7,M06,21,13,1,10
MEM-2025-LOT7,M06,22,13,1,10
MEM-2025-LOT7,M06,23,13,4,22
MEM-2025-LOT7,M06,24,13,3,21
MEM-2025-LOT7,M06,25,13,1,10
MEM-2025-LOT7,M06,26,13,2,21
MEM-2025-LOT7,M06,27,13,1,10
MEM-2025-LOT7,M06,28,13,2,30
MEM-2025-LOT7,M06,29,13,2,31
MEM-2025-LOT7,M06,30,13,1,10
MEM-2025-LOT7,M06,31,13,2,30
MEM-2025-LOT7,M06,-30,14,1,10
MEM-2025-LOT7,M06,-29,14,1,10
MEM-2025-LOT7,M06,-28,14,2,22
MEM-2025-LOT7,M06,-27,14,3,22
MEM-2025-LOT7,M06,-26,14,2,30
MEM-2025-LOT7,M06,-25,14,1,10
MEM-2025-LOT7,M06,-24,14,1,10
MEM-2025-LOT7,M06,-23,14,2,20
MEM-2025-LOT7,M06,-22,14,4,30
MEM-2025-LOT7,M06,-21,14,1,10
MEM-2025-LOT7,M06,-20,14,1,10
MEM-2025-LOT7,M06,-19,14,1,10
MEM-2025-LOT7,M06,-18,14,1,10
MEM-2025-LOT7,M06,-17,14,1,10
MEM-2025-LOT7,M06,-16,14,1,10
MEM-2025-LOT7,M06,-15,14,1,10
MEM-2025-LOT7,M06,-14,14,1,10
MEM-2025-LOT7,M06,-13,14,1,10
MEM-2025-LOT7,M06,-12,14,1,10
MEM-2025-LOT7,M06,-11,14,1,10
MEM-2025-LOT7,M06,-10,14,2,20
MEM-2025-LOT7,M06,-9,14,1,10
MEM-2025-LOT7,M06,-8,14,1,10
MEM-2025-LOT7,M06,-7,14,1,10
MEM-2025-LOT7,M06,-6,14,1,10
MEM-2025-LOT7,M06,-5,14,1,10
MEM-2025-LOT7,M06,-4,14,1,10
MEM-2025-LOT7,M06,-3,14,1,10
MEM-2025-LOT7,M06,-2,14,1,10
MEM-2025-LOT7,M06,-1,14,1,10
MEM-2025-LOT7,M06,0,14,1,10
MEM-2025-LOT7,M06,1,14,1,10
MEM-2025-LOT7,M06,2,14,1,10
MEM-2025-LOT7,M06,3,14,1,10
MEM-2025-LOT7,M06,4,14,1,10
MEM-2025-LOT7,M06,5,14,1,10
MEM-2025-LOT7,M06,6,14,1,10
MEM-2025-LOT7,M06,7,14,1,10
MEM-2025-LOT7,M06,8,14,1,10
MEM-2025-LOT7,M06,9,14,1,10
MEM-2025-LOT7,M06,10,14,4,20
MEM-2025-LOT7,M06,11,14,2,22
MEM-2025-LOT7,M06,12,14,1,10
MEM-2025-LOT7,M06,13,14,1,10
MEM-2025-LOT7,M06,14,14,1,10
MEM-2025-LOT7,M06,15,14,2,31
MEM-2025-LOT7,M06,16,14,1,10
MEM-2025-LOT7,M06,17,14,1,10
MEM-2025-LOT7,M06,18,14,1,10
MEM-2025-LOT7,M06,19,14,1,10
MEM-2025-LOT7,M06,20,14,1,10
MEM-2025-LOT7,M06,21,14,1,10
MEM-2025-LOT7,M06,22,14,3,31
MEM-2025-LOT7,M06,23,14,2,30
MEM-2025-LOT7,M06,24,14,1,10
MEM-2025-LOT7,M06,25,14,2,21
MEM-2025-LOT7,M06,26,14,1,10
MEM-2025-LOT7,M06,27,14,1,10
MEM-2025-LOT7,M06,28,14,2,22
MEM-2025-LOT7,M06,29,14,1,10
MEM-2025-LOT7,M06,30,14,3,31
MEM-2025-LOT7,M06,-30,15,1,10
MEM-2025-LOT7,M06,-29,15,1,10
MEM-2025-LOT7,M06,-28,15,1,10
MEM-2025-LOT7,M06,-27,15,4,31
MEM-2025-LOT7,M06,-26,15,1,10
MEM-2025-LOT7,M06,-25,15,1,10
MEM-2025-LOT7,M06,-24,15,1,10
MEM-2025-LOT7,M06,-23,15,1,10
MEM-2025-LOT7,M06,-22,15,4,20
MEM-2025-LOT7,M06,-21,15,2,20
MEM-2025-LOT7,M06,-20,15,2,31
MEM-2025-LOT7,M06,-19,15,1,10
MEM-2025-LOT7,M06,-18,15,1,10
MEM-2025-LOT7,M06,-17,15,1,10
MEM-2025-LOT7,M06,-16,15,1,10
MEM-2025-LOT7,M06,-15,15,1,10
MEM-2025-LOT7,M06,-14,15,1,10
MEM-2025-LOT7,M06,-13,15,1,10
MEM-2025-LOT7,M06,-12,15,1,10
MEM-2025-LOT7,M06,-11,15,1,10
MEM-2025-LOT7,M06,-10,15,1,10
MEM-2025-LOT7,M06,-9,15,1,10
MEM-2025-LOT7,M06,-8,15,1,10
MEM-2025-LOT7,M06,-7,15,1,10
MEM-2025-LOT7,M06,-6,15,1,10
MEM-2025-LOT7,M06,-5,15,1,10
MEM-2025-LOT7,M06,-4,15,1,10
MEM-2025-LOT7,M06,-3,15,1,10
MEM-2025-LOT7,M06,-2,15,1,10
MEM-2025-LOT7,M06,-1,15,1,10
MEM-2025-LOT7,M06,0,15,1,10
MEM-2025-LOT7,M06,1,15,1,10
MEM-2025-LOT7,M06,2,15,1,10
MEM-2025-LOT7,M06,3,15,1,10
MEM-2025-LOT7,M06,4,15,1,10
MEM-2025-LOT7,M06,5,15,1,10
MEM-2025-LOT7,M06,6,15,1,10
MEM-2025-LOT7,M06,7,15,1,10
MEM-2025-LOT7,M06,8,15,1,10
MEM-2025-LOT7,M06,9,15,1,10
MEM-2025-LOT7,M06,10,15,1,10
MEM-2025-LOT7,M06,11,15,1,10
MEM-2025-LOT7,M06,12,15,1,10
MEM-2025-LOT7,M06,13,15,1,10
MEM-2025-LOT7,M06,14,15,1,10
MEM-2025-LOT7,M06,15,15,1,10
MEM-2025-LOT7,M06,16,15,1,10
MEM-2025-LOT7,M06,17,15,1,10
MEM-2025-LOT7,M06,18,15,1,10
MEM-2025-LOT7,M06,19,15,1,10
MEM-2025-LOT7,M06,20,15,1,10
MEM-2025-LOT7,M06,21,15,4,21
MEM-2025-LOT7,M06,22,15,1,10
MEM-2025-LOT7,M06,23,15,4,30
MEM-2025-LOT7,M06,24,15,1,10
MEM-2025-LOT7,M06,25,15,1,10
MEM-2025-LOT7,M06,26,15,1,10
MEM-2025-LOT7,M06,27,15,1,10
MEM-2025-LOT7,M06,28,15,4,20
MEM-2025-LOT7,M06,29,15,2,22
MEM-2025-LOT7,M06,30,15,1,10
MEM-2025-LOT7,M06,-30,16,1,10
MEM-2025-LOT7,M06,-29,16,1,10
MEM-2025-LOT7,M06,-28,16,2,31
MEM-2025-LOT7,M06,-27,16,4,22
MEM-2025-LOT7,M06,-26,16,1,10
MEM-2025-LOT7,M06,-25,16,2,22
MEM-2025-LOT7,M06,-24,16,2,20
MEM-2025-LOT7,M06,-23,16,1,10
MEM-2025-LOT7,M06,-22,16,2,31
MEM-2025-LOT7,M06,-21,16,4,21
MEM-2025-LOT7,M06,-20,16,2,30
MEM-2025-LOT7,M06,-19,16,1,10
MEM-2025-LOT7,M06,-18,16,1,10
MEM-2025-LOT7,M06,-17,16,1,10
MEM-2025-LOT7,M06,-16,16,1,10
MEM-2025-LOT7,M06,-15,16,1,10
MEM-2025-LOT7,M06,-14,16,1,10
MEM-2025-LOT7,M06,-13,16,1,10
MEM-2025-LOT7,M06,-12,16,1,10
MEM-2025-LOT7,M06,-11,16,1,10
MEM-2025-LOT7,M06,-10,16,1,10
MEM-2025-LOT7,M06,-9,16,2,21
MEM-2025-LOT7,M06,-8,16,1,10
MEM-2025-LOT7,M06,-7,16,1,10
MEM-2025-LOT7,M06,-6,16,1,10
MEM-2025-LOT7,M06,-5,16,1,10
MEM-2025-LOT7,M06,-4,16,1,10
MEM-2025-LOT7,M06,-3,16,1,10
MEM-2025-LOT7,M06,-2,16,1,10
MEM-2025-LOT7,M06,-1,16,1,10
MEM-2025-LOT7,M06,0,16,1,10
MEM-2025-LOT7,M06,1,16,1,10
MEM-2025-LOT7,M06,2,16,1,10
MEM-2025-LOT7,M06,3,16,1,10
MEM-2025-LOT7,M06,4,16,1,10
MEM-2025-LOT7,M06,5,16,1,10
MEM-2025-LOT7,M06,6,16,1,10
MEM-2025-LOT7,M06,7,16,1,10
MEM-2025-LOT7,M06,8,16,1,10
MEM-2025-LOT7,M06,9,16,1,10
MEM-2025-LOT7,M06,10,16,1,10
MEM-2025-LOT7,M06,11,16,1,10
MEM-2025-LOT7,M06,12,16,1,10
MEM-2025-LOT7,M06,13,16,1,10
MEM-2025-LOT7,M06,14,16,1,10
MEM-2025-LOT7,M06,15,16,1,10
MEM-2025-LOT7,M06,16,16,1,10
MEM-2025-LOT7,M06,17,16,1,10
MEM-2025-LOT7,M06,18,16,1,10
MEM-2025-LOT7,M06,19,16,1,10
MEM-2025-LOT7,M06,20,16,2,31
MEM-2025-LOT7,M06,21,16,1,10
MEM-2025-LOT7,M06,22,16,1,10
MEM-2025-LOT7,M06,23,16,3,20
MEM-2025-LOT7,M06,24,16,1,10
MEM-2025-LOT7,M06,25,16,4,20
MEM-2025-LOT7,M06,26,16,4,31
MEM-2025-LOT7,M06,27,16,1,10
MEM-2025-LOT7,M06,28,16,2,30
MEM-2025-LOT7,M06,29,16,1,10
MEM-2025-LOT7,M06,30,16,2,30
MEM-2025-LOT7,M06,-30,17,1,10
MEM-2025-LOT7,M06,-29,17,2,20
MEM-2025-LOT7,M06,-28,17,1,10
MEM-2025-LOT7,M06,-27,17,2,20
MEM-2025-LOT7,M06,-26,17,4,21
MEM-2025-LOT7,M06,-25,17,1,10
MEM-2025-LOT7,M06,-24,17,1,10
MEM-2025-LOT7,M06,-23,17,2,22
MEM-2025-LOT7,M06,-22,17,2,31
MEM-2025-LOT7,M06,-21,17,1,10
MEM-2025-LOT7,M06,-20,17,1,10
MEM-2025-LOT7,M06,-19,17,1,10
MEM-2025-LOT7,M06,-18,17,1,10
MEM-2025-LOT7,M06,-17,17,1,10
MEM-2025-LOT7,M06,-16,17,1,10
MEM-2025-LOT7,M06,-15,17,1,10
MEM-2025-LOT7,M06,-14,17,1,10
MEM-2025-LOT7,M06,-13,17,1,10
MEM-2025-LOT7,M06,-12,17,1,10
MEM-2025-LOT7,M06,-11,17,1,10
MEM-2025-LOT7,M06,-10,17,1,10
MEM-2025-LOT7,M06,-9,17,1,10
MEM-2025-LOT7,M06,-8,17,1,10
MEM-2025-LOT7,M06,-7,17,1,10
MEM-2025-LOT7,M06,-6,17,1,10
MEM-2025-LOT7,M06,-5,17,1,10
MEM-2025-LOT7,M06,-4,17,1,10
MEM-2025-LOT7,M06,-3,17,1,10
MEM-2025-LOT7,M06,-2,17,1,10
MEM-2025-LOT7,M06,-1,17,1,10
MEM-2025-LOT7,M06,0,17,1,10
MEM-2025-LOT7,M06,1,17,1,10
MEM-2025-LOT7,M06,2,17,1,10
MEM-2025-LOT7,M06,3,17,1,10
MEM-2025-LOT7,M06,4,17,1,10
MEM-2025-LOT7,M06,5,17,1,10
MEM-2025-LOT7,M06,6,17,1,10
MEM-2025-LOT7,M06,7,17,1,10
MEM-2025-LOT7,M06,8,17,1,10
MEM-2025-LOT7,M06,9,17,1,10
MEM-2025-LOT7,M06,10,17,1,10
MEM-2025-LOT7,M06,11,17,1,10
MEM-2025-LOT7,M06,12,17,1,10
MEM-2025-LOT7,M06,13,17,1,10
MEM-2025-LOT7,M06,14,17,1,10
MEM-2025-LOT7,M06,15,17,1,10
MEM-2025-LOT7,M06,16,17,1,10
MEM-2025-LOT7,M06,17,17,1,10
MEM-2025-LOT7,M06,18,17,1,10
MEM-2025-LOT7,M06,19,17,1,10
MEM-2025-LOT7,M06,20,17,2,31
MEM-2025-LOT7,M06,21,17,2,30
MEM-2025-LOT7,M06,22,17,1,10
MEM-2025-LOT7,M06,23,17,3,30
MEM-2025-LOT7,M06,24,17,1,10
MEM-2025-LOT7,M06,25,17,1,10
MEM-2025-LOT7,M06,26,17,3,31
MEM-2025-LOT7,M06,27,17,1,10
MEM-2025-LOT7,M06,28,17,1,10
MEM-2025-LOT7,M06,29,17,3,20
MEM-2025-LOT7,M06,30,17,1,10
MEM-2025-LOT7,M06,-30,18,3,30
MEM-2025-LOT7,M06,-29,18,1,10
MEM-2025-LOT7,M06,-28,18,2,22
MEM-2025-LOT7,M06,-27,18,2,31
MEM-2025-LOT7,M06,-26,18,3,22
MEM-2025-LOT7,M06,-25,18,3,20
MEM-2025-LOT7,M06,-24,18,1,10
MEM-2025-LOT7,M06,-23,18,1,10
MEM-2025-LOT7,M06,-22,18,1,10
MEM-2025-LOT7,M06,-21,18,2,22
MEM-2025-LOT7,M06,-20,18,2,31
MEM-2025-LOT7,M06,-19,18,2,20
MEM-2025-LOT7,M06,-18,18,1,10
MEM-2025-LOT7,M06,-17,18,1,10
MEM-2025-LOT7,M06,-16,18,1,10
MEM-2025-LOT7,M06,-15,18,1,10
MEM-2025-LOT7,M06,-14,18,1,10
MEM-2025-LOT7,M06,-13,18,1,10
MEM-2025-LOT7,M06,-12,18,1,10
MEM-2025-LOT7,M06,-11,18,1,10
MEM-2025-LOT7,M06,-10,18,1,10
MEM-2025-LOT7,M06,-9,18,1,10
MEM-2025-LOT7,M06,-8,18,1,10
MEM-2025-LOT7,M06,-7,18,1,10
MEM-2025-LOT7,M06,-6,18,3,21
MEM-2025-LOT7,M06,-5,18,1,10
MEM-2025-LOT7,M06,-4,18,1,10
MEM-2025-LOT7,M06,-3,18,1,10
MEM-2025-LOT7,M06,-2,18,1,10
MEM-2025-LOT7,M06,-1,18,1,10
MEM-2025-LOT7,M06,0,18,1,10
MEM-2025-LOT7,M06,1,18,2,31
MEM-2025-LOT7,M06,2,18,1,10
MEM-2025-LOT7,M06,3,18,1,10
MEM-2025-LOT7,M06,4,18,1,10
MEM-2025-LOT7,M06,5,18,1,10
MEM-2025-LOT7,M06,6,18,2,30
MEM-2025-LOT7,M06,7,18,1,10
MEM-2025-LOT7,M06,8,18,1,10
MEM-2025-LOT7,M06,9,18,1,10
MEM-2025-LOT7,M06,10,18,1,10
MEM-2025-LOT7,M06,11,18,1,10
MEM-2025-LOT7,M06,12,18,1,10
MEM-2025-LOT7,M06,13,18,1,10
MEM-2025-LOT7,M06,14,18,3,21
MEM-2025-LOT7,M06,15,18,1,10
MEM-2025-LOT7,M06,16,18,1,10
MEM-2025-LOT7,M06,17,18,1,10
MEM-2025-LOT7,M06,18,18,1,10
MEM-2025-LOT7,M06,19,18,2,21
MEM-2025-LOT7,M06,20,18,1,10
MEM-2025-LOT7,M06,21,18,1,10
MEM-2025-LOT7,M06,22,18,1,10
MEM-2025-LOT7,M06,23,18,3,22
MEM-2025-LOT7,M06,24,18,4,31
MEM-2025-LOT7,M06,25,18,1,10
MEM-2025-LOT7,M06,26,18,2,31
MEM-2025-LOT7,M06,27,18,2,31
MEM-2025-LOT7,M06,28,18,2,20
MEM-2025-LOT7,M06,29,18,1,10
MEM-2025-LOT7,M06,30,18,1,10
MEM-2025-LOT7,M06,-29,19,4,31
MEM-2025-LOT7,M06,-28,19,1,10
MEM-2025-LOT7,M06,-27,19,1,10
MEM-2025-LOT7,M06,-26,19,1,10
MEM-2025-LOT7,M06,-25,19,3,30
MEM-2025-LOT7,M06,-24,19,1,10
MEM-2025-LOT7,M06,-23,19,4,20
MEM-2025-LOT7,M06,-22,19,2,20
MEM-2025-LOT7,M06,-21,19,2,31
MEM-2025-LOT7,M06,-20,19,1,10
MEM-2025-LOT7,M06,-19,19,1,10
MEM-2025-LOT7,M06,-18,19,1,10
MEM-2025-LOT7,M06,-17,19,1,10
MEM-2025-LOT7,M06,-16,19,1,10
MEM-2025-LOT7,M06,-15,19,1,10
MEM-2025-LOT7,M06,-14,19,1,10
MEM-2025-LOT7,M06,-13,19,1,10
MEM-2025-LOT7,M06,-12,19,1,10
MEM-2025-LOT7,M06,-11,19,1,10
MEM-2025-LOT7,M06,-10,19,1,10
MEM-2025-LOT7,M06,-9,19,1,10
MEM-2025-LOT7,M06,-8,19,1,10
MEM-2025-LOT7,M06,-7,19,1,10
MEM-2025-LOT7,M06,-6,19,1,10
MEM-2025-LOT7,M06,-5,19,1,10
MEM-2025-LOT7,M06,-4,19,1,10
MEM-2025-LOT7,M06,-3,19,1,10
MEM-2025-LOT7,M06,-2,19,1,10
MEM-2025-LOT7,M06,-1,19,1,10
MEM-2025-LOT7,M06,0,19,1,10
MEM-2025-LOT7,M06,1,19,1,10
MEM-2025-LOT7,M06,2,19,1,10
MEM-2025-LOT7,M06,3,19,1,10
MEM-2025-LOT7,M06,4,19,1,10
MEM-2025-LOT7,M06,5,19,1,10
MEM-2025-LOT7,M06,6,19,1,10
MEM-2025-LOT7,M06,7,19,1,10
MEM-2025-LOT7,M06,8,19,1,10
MEM-2025-LOT7,M06,9,19,1,10
MEM-2025-LOT7,M06,10,19,1,10
MEM-2025-LOT7,M06,11,19,1,10
MEM-2025-LOT7,M06,12,19,1,10
MEM-2025-LOT7,M06,13,19,1,10
MEM-2025-LOT7,M06,14,19,1,10
MEM-2025-LOT7,M06,15,19,1,10
MEM-2025-LOT7,M06,16,19,1,10
MEM-2025-LOT7,M06,17,19,1,10
MEM-2025-LOT7,M06,18,19,1,10
MEM-2025-LOT7,M06,19,19,4,31
MEM-2025-LOT7,M06,20,19,1,10
MEM-2025-LOT7,M06,21,19,1,10
MEM-2025-LOT7,M06,22,19,2,31
MEM-2025-LOT7,M06,23,19,1,10
MEM-2025-LOT7,M06,24,19,1,10
MEM-2025-LOT7,M06,25,19,4,31
MEM-2025-LOT7,M06,26,19,1,10
MEM-2025-LOT7,M06,27,19,1,10
MEM-2025-LOT7,M06,28,19,2,31
MEM-2025-LOT7,M06,29,19,3,31
MEM-2025-LOT7,M06,-29,20,1,10
MEM-2025-LOT7,M06,-28,20,2,22
MEM-2025-LOT7,M06,-27,20,3,21
MEM-2025-LOT7,M06,-26,20,1,10
MEM-2025-LOT7,M06,-25,20,4,31
MEM-2025-LOT7,M06,-24,20,2,30
MEM-2025-LOT7,M06,-23,20,1,10
MEM-2025-LOT7,M06,-22,20,1,10
MEM-2025-LOT7,M06,-21,20,1,10
MEM-2025-LOT7,M06,-20,20,1,10
MEM-2025-LOT7,M06,-19,20,1,10
MEM-2025-LOT7,M06,-18,20,4,20
MEM-2025-LOT7,M06,-17,20,1,10
MEM-2025-LOT7,M06,-16,20,3,31
MEM-2025-LOT7,M06,-15,20,2,31
MEM-2025-LOT7,M06,-14,20,1,10
MEM-2025-LOT7,M06,-13,20,1,10
MEM-2025-LOT7,M06,-12,20,1,10
MEM-2025-LOT7,M06,-11,20,3,22
MEM-2025-LOT7,M06,-10,20,1,10
MEM-2025-LOT7,M06,-9,20,1,10
MEM-2025-LOT7,M06,-8,20,1,10
MEM-2025-LOT7,M06,-7,20,1,10
MEM-2025-LOT7,M06,-6,20,1,10
MEM-2025-LOT7,M06,-5,20,1,10
MEM-2025-LOT7,M06,-4,20,1,10
MEM-2025-LOT7,M06,-3,20,1,10
MEM-2025-LOT7,M06,-2,20,1,10
MEM-2025-LOT7,M06,-1,20,1,10
MEM-2025-LOT7,M06,0,20,1,10
MEM-2025-LOT7,M06,1,20,1,10
MEM-2025-LOT7,M06,2,20,1,10
MEM-2025-LOT7,M06,3,20,1,10
MEM-2025-LOT7,M06,4,20,1,10
MEM-2025-LOT7,M06,5,20,1,10
MEM-2025-LOT7,M06,6,20,1,10
MEM-2025-LOT7,M06,7,20,1,10
MEM-2025-LOT7,M06,8,20,1,10
MEM-2025-LOT7,M06,9,20,1,10
MEM-2025-LOT7,M06,10,20,1,10
MEM-2025-LOT7,M06,11,20,2,21
MEM-2025-LOT7,M06,12,20,1,10
MEM-2025-LOT7,M06,13,20,1,10
MEM-2025-LOT7,M06,14,20,1,10
MEM-2025-LOT7,M06,15,20,1,10
MEM-2025-LOT7,M06,16,20,1,10
MEM-2025-LOT7,M06,17,20,1,10
MEM-2025-LOT7,M06,18,20,1,10
MEM-2025-LOT7,M06,19,20,2,21
MEM-2025-LOT7,M06,20,20,1,10
MEM-2025-LOT7,M06,21,20,2,31
MEM-2025-LOT7,M06,22,20,3,21
MEM-2025-LOT7,M06,23,20,1,10
MEM-2025-LOT7,M06,24,20,1,10
MEM-2025-LOT7,M06,25,20,1,10
MEM-2025-LOT7,M06,26,20,2,31
MEM-2025-LOT7,M06,27,20,1,10
MEM-2025-LOT7,M06,28,20,3,31
MEM-2025-LOT7,M06,29,20,2,20
MEM-2025-LOT7,M06,-29,21,1,10
MEM-2025-LOT7,M06,-28,21,3,31
MEM-2025-LOT7,M06,-27,21,1,10
MEM-2025-LOT7,M06,-26,21,4,20
MEM-2025-LOT7,M06,-25,21,3,31
MEM-2025-LOT7,M06,-24,21,1,10
MEM-2025-LOT7,M06,-23,21,2,31
MEM-2025-LOT7,M06,-22,21,1,10
MEM-2025-LOT7,M06,-21,21,1,10
MEM-2025-LOT7,M06,-20,21,1,10
MEM-2025-LOT7,M06,-19,21,1,10
MEM-2025-LOT7,M06,-18,21,1,10
MEM-2025-LOT7,M06,-17,21,1,10
MEM-2025-LOT7,M06,-16,21,1,10
MEM-2025-LOT7,M06,-15,21,1,10
MEM-2025-LOT7,M06,-14,21,1,10
MEM-2025-LOT7,M06,-13,21,1,10
MEM-2025-LOT7,M06,-12,21,1,10
MEM-2025-LOT7,M06,-11,21,1,10
MEM-2025-LOT7,M06,-10,21,1,10
MEM-2025-LOT7,M06,-9,21,1,10
MEM-2025-LOT7,M06,-8,21,1,10
MEM-2025-LOT7,M06,-7,21,1,10
MEM-2025-LOT7,M06,-6,21,1,10
MEM-2025-LOT7,M06,-5,21,1,10
MEM-2025-LOT7,M06,-4,21,1,10
MEM-2025-LOT7,M06,-3,21,1,10
MEM-2025-LOT7,M06,-2,21,1,10
MEM-2025-LOT7,M06,-1,21,1,10
MEM-2025-LOT7,M06,0,21,1,10
MEM-2025-LOT7,M06,1,21,1,10
MEM-2025-LOT7,M06,2,21,1,10
MEM-2025-LOT7,M06,3,21,1,10
MEM-2025-LOT7,M06,4,21,1,10
MEM-2025-LOT7,M06,5,21,1,10
MEM-2025-LOT7,M06,6,21,1,10
MEM-2025-LOT7,M06,7,21,1,10
MEM-2025-LOT7,M06,8,21,1,10
MEM-2025-LOT7,M06,9,21,1,10
MEM-2025-LOT7,M06,10,21,1,10
MEM-2025-LOT7,M06,11,21,1,10
MEM-2025-LOT7,M06,12,21,1,10
MEM-2025-LOT7,M06,13,21,1,10
MEM-2025-LOT7,M06,14,21,2,20
MEM-2025-LOT7,M06,15,21,1,10
MEM-2025-LOT7,M06,16,21,1,10
MEM-2025-LOT7,M06,17,21,1,10
MEM-2025-LOT7,M06,18,21,2,31
MEM-2025-LOT7,M06,19,21,2,20
MEM-2025-LOT7,M06,20,21,1,10
MEM-2025-LOT7,M06,21,21,1,10
MEM-2025-LOT7,M06,22,21,2,30
MEM-2025-LOT7,M06,23,21,4,30
MEM-2025-LOT7,M06,24,21,2,31
MEM-2025-LOT7,M06,25,21,1,10
MEM-2025-LOT7,M06,26,21,4,22
MEM-2025-LOT7,M06,27,21,1,10
MEM-2025-LOT7,M06,28,21,1,10
MEM-2025-LOT7,M06,29,21,2,22
MEM-2025-LOT7,M06,-28,22,1,10
MEM-2025-LOT7,M06,-27,22,1,10
MEM-2025-LOT7,M06,-26,22,3,22
MEM-2025-LOT7,M06,-25,22,1,10
MEM-2025-LOT7,M06,-24,22,1,10
MEM-2025-LOT7,M06,-23,22,1,10
MEM-2025-LOT7,M06,-22,22,2,30
MEM-2025-LOT7,M06,-21,22,1,10
MEM-2025-LOT7,M06,-20,22,4,21
MEM-2025-LOT7,M06,-19,22,1,10
MEM-2025-LOT7,M06,-18,22,2,20
MEM-2025-LOT7,M06,-17,22,1,10
MEM-2025-LOT7,M06,-16,22,1,10
MEM-2025-LOT7,M06,-15,22,1,10
MEM-2025-LOT7,M06,-14,22,1,10
MEM-2025-LOT7,M06,-13,22,1,10
MEM-2025-LOT7,M06,-12,22,1,10
MEM-2025-LOT7,M06,-11,22,1,10
MEM-2025-LOT7,M06,-10,22,1,10
MEM-2025-LOT7,M06,-9,22,1,10
MEM-2025-LOT7,M06,-8,22,1,10
MEM-2025-LOT7,M06,-7,22,3,20
MEM-2025-LOT7,M06,-6,22,1,10
MEM-2025-LOT7,M06,-5,22,1,10
MEM-2025-LOT7,M06,-4,22,1,10
MEM-2025-LOT7,M06,-3,22,1,10
MEM-2025-LOT7,M06,-2,22,1,10
MEM-2025-LOT7,M06,-1,22,1,10
MEM-2025-LOT7,M06,0,22,1,10
MEM-2025-LOT7,M06,1,22,1,10
MEM-2025-LOT7,M06,2,22,1,10
MEM-2025-LOT7,M06,3,22,1,10
MEM-2025-LOT7,M06,4,22,1,10
MEM-2025-LOT7,M06,5,22,1,10
MEM-2025-LOT7,M06,6,22,1,10
MEM-2025-LOT7,M06,7,22,4,31
MEM-2025-LOT7,M06,8,22,1,10
MEM-2025-LOT7,M06,9,22,1,10
MEM-2025-LOT7,M06,10,22,1,10
MEM-2025-LOT7,M06,11,22,1,10
MEM-2025-LOT7,M06,12,22,1,10
MEM-2025-LOT7,M06,13,22,2,21
MEM-2025-LOT7,M06,14,22,1,10
MEM-2025-LOT7,M06,15,22,1,10
MEM-2025-LOT7,M06,16,22,1,10
MEM-2025-LOT7,M06,17,22,1,10
MEM-2025-LOT7,M06,18,22,1,10
MEM-2025-LOT7,M06,19,22,1,10
MEM-2025-LOT7,M06,20,22,1,10
MEM-2025-LOT7,M06,21,22,2,21
MEM-2025-LOT7,M06,22,22,3,20
MEM-2025-LOT7,M06,23,22,1,10
MEM-2025-LOT7,M06,24,22,1,10
MEM-2025-LOT7,M06,25,22,1,10
MEM-2025-LOT7,M06,26,22,2,31
MEM-2025-LOT7,M06,27,22,1,10
MEM-2025-LOT7,M06,28,22,1,10
MEM-2025-LOT7,M06,-28,23,3,22
MEM-2025-LOT7,M06,-27,23,4,30
MEM-2025-LOT7,M06,-26,23,1,10
MEM-2025-LOT7,M06,-25,23,4,30
MEM-2025-LOT7,M06,-24,23,2,20
MEM-2025-LOT7,M06,-23,23,1,10
MEM-2025-LOT7,M06,-22,23,1,10
MEM-2025-LOT7,M06,-21,23,1,10
MEM-2025-LOT7,M06,-20,23,2,31
MEM-2025-LOT7,M06,-19,23,1,10
MEM-2025-LOT7,M06,-18,23,1,10
MEM-2025-LOT7,M06,-17,23,1,10
MEM-2025-LOT7,M06,-16,23,1,10
MEM-2025-LOT7,M06,-15,23,1,10
MEM-2025-LOT7,M06,-14,23,1,10
MEM-2025-LOT7,M06,-13,23,1,10
MEM-2025-LOT7,M06,-12,23,1,10
MEM-2025-LOT7,M06,-11,23,1,10
MEM-2025-LOT7,M06,-10,23,1,10
MEM-2025-LOT7,M06,-9,23,1,10
MEM-2025-LOT7,M06,-8,23,1,10
MEM-2025-LOT7,M06,-7,23,1,10
MEM-2025-LOT7,M06,-6,23,1,10
MEM-2025-LOT7,M06,-5,23,1,10
MEM-2025-LOT7,M06,-4,23,1,10
MEM-2025-LOT7,M06,-3,23,1,10
MEM-2025-LOT7,M06,-2,23,1,10
MEM-2025-LOT7,M06,-1,23,1,10
MEM-2025-LOT7,M06,0,23,1,10
MEM-2025-LOT7,M06,1,23,1,10
MEM-2025-LOT7,M06,2,23,1,10
MEM-2025-LOT7,M06,3,23,1,10
MEM-2025-LOT7,M06,4,23,1,10
MEM-2025-LOT7,M06,5,23,1,10
MEM-2025-LOT7,M06,6,23,1,10
MEM-2025-LOT7,M06,7,23,1,10
MEM-2025-LOT7,M06,8,23,1,10
MEM-2025-LOT7,M06,9,23,1,10
MEM-2025-LOT7,M06,10,23,1,10
MEM-2025-LOT7,M06,11,23,1,10
MEM-2025-LOT7,M06,12,23,1,10
MEM-2025-LOT7,M06,13,23,1,10
MEM-2025-LOT7,M06,14,23,1,10
MEM-2025-LOT7,M06,15,23,1,10
MEM-2025-LOT7,M06,16,23,1,10
MEM-2025-LOT7,M06,17,23,1,10
MEM-2025-LOT7,M06,18,23,1,10
MEM-2025-LOT7,M06,19,23,2,21
MEM-2025-LOT7,M06,20,23,3,22
MEM-2025-LOT7,M06,21,23,1,10
MEM-2025-LOT7,M06,22,23,1,10
MEM-2025-LOT7,M06,23,23,2,31
MEM-2025-LOT7,M06,24,23,1,10
MEM-2025-LOT7,M06,25,23,2,30
MEM-2025-LOT7,M06,26,23,2,31
MEM-2025-LOT7,M06,27,23,1,10
MEM-2025-LOT7,M06,28,23,1,10
MEM-2025-LOT7,M06,-28,24,3,20
MEM-2025-LOT7,M06,-27,24,2,31
MEM-2025-LOT7,M06,-26,24,1,10
MEM-2025-LOT7,M06,-25,24,4,20
MEM-2025-LOT7,M06,-24,24,2,21
MEM-2025-LOT7,M06,-23,24,1,10
MEM-2025-LOT7,M06,-22,24,1,10
MEM-2025-LOT7,M06,-21,24,1,10
MEM-2025-LOT7,M06,-20,24,1,10
MEM-2025-LOT7,M06,-19,24,1,10
MEM-2025-LOT7,M06,-18,24,3,22
MEM-2025-LOT7,M06,-17,24,1,10
MEM-2025-LOT7,M06,-16,24,1,10
MEM-2025-LOT7,M06,-15,24,1,10
MEM-2025-LOT7,M06,-14,24,1,10
MEM-2025-LOT7,M06,-13,24,1,10
MEM-2025-LOT7,M06,-12,24,1,10
MEM-2025-LOT7,M06,-11,24,1,10
MEM-2025-LOT7,M06,-10,24,1,10
MEM-2025-LOT7,M06,-9,24,1,10
MEM-2025-LOT7,M06,-8,24,1,10
MEM-2025-LOT7,M06,-7,24,1,10
MEM-2025-LOT7,M06,-6,24,4,31
MEM-2025-LOT7,M06,-5,24,1,10
MEM-2025-LOT7,M06,-4,24,1,10
MEM-2025-LOT7,M06,-3,24,1,10
MEM-2025-LOT7,M06,-2,24,1,10
MEM-2025-LOT7,M06,-1,24,1,10
MEM-2025-LOT7,M06,0,24,1,10
MEM-2025-LOT7,M06,1,24,1,10
MEM-2025-LOT7,M06,2,24,1,10
MEM-2025-LOT7,M06,3,24,1,10
MEM-2025-LOT7,M06,4,24,1,10
MEM-2025-LOT7,M06,5,24,1,10
MEM-2025-LOT7,M06,6,24,1,10
MEM-2025-LOT7,M06,7,24,1,10
MEM-2025-LOT7,M06,8,24,1,10
MEM-2025-LOT7,M06,9,24,1,10
MEM-2025-LOT7,M06,10,24,1,10
MEM-2025-LOT7,M06,11,24,1,10
MEM-2025-LOT7,M06,12,24,1,10
MEM-2025-LOT7,M06,13,24,1,10
MEM-2025-LOT7,M06,14,24,1,10
MEM-2025-LOT7,M06,15,24,1,10
MEM-2025-LOT7,M06,16,24,2,31
MEM-2025-LOT7,M06,17,24,2,31
MEM-2025-LOT7,M06,18,24,1,10
MEM-2025-LOT7,M06,19,24,1,10
MEM-2025-LOT7,M06,20,24,1,10
MEM-2025-LOT7,M06,21,24,1,10
MEM-2025-LOT7,M06,22,24,2,30
MEM-2025-LOT7,M06,23,24,3,22
MEM-2025-LOT7,M06,24,24,1,10
MEM-2025-LOT7,M06,25,24,3,22
MEM-2025-LOT7,M06,26,24,1,10
MEM-2025-LOT7,M06,27,24,1,10
MEM-2025-LOT7,M06,28,24,3,20
MEM-2025-LOT7,M06,-27,25,1,10
MEM-2025-LOT7,M06,-26,25,1,10
MEM-2025-LOT7,M06,-25,25,2,20
MEM-2025-LOT7,M06,-24,25,2,31
MEM-2025-LOT7,M06,-23,25,1,10
MEM-2025-LOT7,M06,-22,25,1,10
MEM-2025-LOT7,M06,-21,25,3,30
MEM-2025-LOT7,M06,-20,25,1,10
MEM-2025-LOT7,M06,-19,25,1,10
MEM-2025-LOT7,M06,-18,25,3,22
MEM-2025-LOT7,M06,-17,25,1,10
MEM-2025-LOT7,M06,-16,25,1,10
MEM-2025-LOT7,M06,-15,25,2,31
MEM-2025-LOT7,M06,-14,25,1,10
MEM-2025-LOT7,M06,-13,25,1,10
MEM-2025-LOT7,M06,-12,25,1,10
MEM-2025-LOT7,M06,-11,25,1,10
MEM-2025-LOT7,M06,-10,25,1,10
MEM-2025-LOT7,M06,-9,25,1,10
MEM-2025-LOT7,M06,-8,25,1,10
MEM-2025-LOT7,M06,-7,25,1,10
MEM-2025-LOT7,M06,-6,25,1,10
MEM-2025-LOT7,M06,-5,25,1,10
MEM-2025-LOT7,M06,-4,25,1,10
MEM-2025-LOT7,M06,-3,25,1,10
MEM-2025-LOT7,M06,-2,25,1,10
MEM-2025-LOT7,M06,-1,25,1,10
MEM-2025-LOT7,M06,0,25,1,10
MEM-2025-LOT7,M06,1,25,1,10
MEM-2025-LOT7,M06,2,25,1,10
MEM-2025-LOT7,M06,3,25,1,10
MEM-2025-LOT7,M06,4,25,1,10
MEM-2025-LOT7,M06,5,25,1,10
MEM-2025-LOT7,M06,6,25,2,30
MEM-2025-LOT7,M06,7,25,1,10
MEM-2025-LOT7,M06,8,25,1,10
MEM-2025-LOT7,M06,9,25,1,10
MEM-2025-LOT7,M06,10,25,1,10
MEM-2025-LOT7,M06,11,25,1,10
MEM-2025-LOT7,M06,12,25,1,10
MEM-2025-LOT7,M06,13,25,1,10
MEM-2025-LOT7,M06,14,25,1,10
MEM-2025-LOT7,M06,15,25,2,20
MEM-2025-LOT7,M06,16,25,1,10
MEM-2025-LOT7,M06,17,25,3,21
MEM-2025-LOT7,M06,18,25,2,22
MEM-2025-LOT7,M06,19,25,1,10
MEM-2025-LOT7,M06,20,25,2,22
MEM-2025-LOT7,M06,21,25,1,10
MEM-2025-LOT7,M06,22,25,2,31
MEM-2025-LOT7,M06,23,25,1,10
MEM-2025-LOT7,M06,24,25,2,30
MEM-2025-LOT7,M06,25,25,1,10
MEM-2025-LOT7,M06,26,25,1,10
MEM-2025-LOT7,M06,27,25,1,10
MEM-2025-LOT7,M06,-27,26,1,10
MEM-2025-LOT7,M06,-26,26,3,20
MEM-2025-LOT7,M06,-25,26,1,10
MEM-2025-LOT7,M06,-24,26,3,21
MEM-2025-LOT7,M06,-23,26,2,30
MEM-2025-LOT7,M06,-22,26,3,21
MEM-2025-LOT7,M06,-21,26,1,10
MEM-2025-LOT7,M06,-20,26,1,10
MEM-2025-LOT7,M06,-19,26,1,10
MEM-2025-LOT7,M06,-18,26,2,31
MEM-2025-LOT7,M06,-17,26,3,20
MEM-2025-LOT7,M06,-16,26,2,21
MEM-2025-LOT7,M06,-15,26,3,31
MEM-2025-LOT7,M06,-14,26,1,10
MEM-2025-LOT7,M06,-13,26,1,10
MEM-2025-LOT7,M06,-12,26,1,10
MEM-2025-LOT7,M06,-11,26,1,10
MEM-2025-LOT7,M06,-10,26,1,10
MEM-2025-LOT7,M06,-9,26,1,10
MEM-2025-LOT7,M06,-8,26,1,10
MEM-2025-LOT7,M06,-7,26,1,10
MEM-2025-LOT7,M06,-6,26,1,10
MEM-2025-LOT7,M06,-5,26,1,10
MEM-2025-LOT7,M06,-4,26,1,10
MEM-2025-LOT7,M06,-3,26,1,10
MEM-2025-LOT7,M06,-2,26,1,10
MEM-2025-LOT7,M06,-1,26,1,10
MEM-2025-LOT7,M06,0,26,1,10
MEM-2025-LOT7,M06,1,26,1,10
MEM-2025-LOT7,M06,2,26,1,10
MEM-2025-LOT7,M06,3,26,1,10
MEM-2025-LOT7,M06,4,26,1,10
MEM-2025-LOT7,M06,5,26,1,10
MEM-2025-LOT7,M06,6,26,1,10
MEM-2025-LOT7,M06,7,26,1,10
MEM-2025-LOT7,M06,8,26,1,10
MEM-2025-LOT7,M06,9,26,1,10
MEM-2025-LOT7,M06,10,26,1,10
MEM-2025-LOT7,M06,11,26,1,10
MEM-2025-LOT7,M06,12,26,1,10
MEM-2025-LOT7,M06,13,26,1,10
MEM-2025-LOT7,M06,14,26,1,10
MEM-2025-LOT7,M06,15,26,1,10
MEM-2025-LOT7,M06,16,26,1,10
MEM-2025-LOT7,M06,17,26,1,10
MEM-2025-LOT7,M06,18,26,1,10
MEM-2025-LOT7,M06,19,26,1,10
MEM-2025-LOT7,M06,20,26,2,21
MEM-2025-LOT7,M06,21,26,1,10
MEM-2025-LOT7,M06,22,26,1,10
MEM-2025-LOT7,M06,23,26,1,10
MEM-2025-LOT7,M06,24,26,2,20
MEM-2025-LOT7,M06,25,26,1,10
MEM-2025-LOT7,M06,26,26,1,10
MEM-2025-LOT7,M06,27,26,1,10
MEM-2025-LOT7,M06,-26,27,1,10
MEM-2025-LOT7,M06,-25,27,4,31
MEM-2025-LOT7,M06,-24,27,3,21
MEM-2025-LOT7,M06,-23,27,4,20
MEM-2025-LOT7,M06,-22,27,2,30
MEM-2025-LOT7,M06,-21,27,2,30
MEM-2025-LOT7,M06,-20,27,2,31
MEM-2025-LOT7,M06,-19,27,3,22
MEM-2025-LOT7,M06,-18,27,1,10
MEM-2025-LOT7,M06,-17,27,1,10
MEM-2025-LOT7,M06,-16,27,2,20
MEM-2025-LOT7,M06,-15,27,1,10
MEM-2025-LOT7,M06,-14,27,2,21
MEM-2025-LOT7,M06,-13,27,1,10
MEM-2025-LOT7,M06,-12,27,1,10
MEM-2025-LOT7,M06,-11,27,2,30
MEM-2025-LOT7,M06,-10,27,1,10
MEM-2025-LOT7,M06,-9,27,1,10
MEM-2025-LOT7,M06,-8,27,1,10
MEM-2025-LOT7,M06,-7,27,1,10
MEM-2025-LOT7,M06,-6,27,1,10
MEM-2025-LOT7,M06,-5,27,1,10
MEM-2025-LOT7,M06,-4,27,1,10
MEM-2025-LOT7,M06,-3,27,1,10
MEM-2025-LOT7,M06,-2,27,1,10
MEM-2025-LOT7,M06,-1,27,1,10
MEM-2025-LOT7,M06,0,27,1,10
MEM-2025-LOT7,M06,1,27,1,10
MEM-2025-LOT7,M06,2,27,1,10
MEM-2025-LOT7,M06,3,27,1,10
MEM-2025-LOT7,M06,4,27,2,21
MEM-2025-LOT7,M06,5,27,1,10
MEM-2025-LOT7,M06,6,27,1,10
MEM-2025-LOT7,M06,7,27,1,10
MEM-2025-LOT7,M06,8,27,1,10
MEM-2025-LOT7,M06,9,27,1,10
MEM-2025-LOT7,M06,10,27,1,10
MEM-2025-LOT7,M06,11,27,1,10
MEM-2025-LOT7,M06,12,27,1,10
MEM-2025-LOT7,M06,13,27,1,10
MEM-2025-LOT7,M06,14,27,1,10
MEM-2025-LOT7,M06,15,27,1,10
MEM-2025-LOT7,M06,16,27,3,31
MEM-2025-LOT7,M06,17,27,1,10
MEM-2025-LOT7,M06,18,27,2,30
MEM-2025-LOT7,M06,19,27,1,10
MEM-2025-LOT7,M06,20,27,2,31
MEM-2025-LOT7,M06,21,27,1,10
MEM-2025-LOT7,M06,22,27,2,20
MEM-2025-LOT7,M06,23,27,1,10
MEM-2025-LOT7,M06,24,27,4,22
MEM-2025-LOT7,M06,25,27,2,30
MEM-2025-LOT7,M06,26,27,1,10
MEM-2025-LOT7,M06,-26,28,2,20
MEM-2025-LOT7,M06,-25,28,3,21
MEM-2025-LOT7,M06,-24,28,1,10
MEM-2025-LOT7,M06,-23,28,1,10
MEM-2025-LOT7,M06,-22,28,1,10
MEM-2025-LOT7,M06,-21,28,2,22
MEM-2025-LOT7,M06,-20,28,1,10
MEM-2025-LOT7,M06,-19,28,3,20
MEM-2025-LOT7,M06,-18,28,1,10
MEM-2025-LOT7,M06,-17,28,2,30
MEM-2025-LOT7,M06,-16,28,4,22
MEM-2025-LOT7,M06,-15,28,2,22
MEM-2025-LOT7,M06,-14,28,1,10
MEM-2025-LOT7,M06,-13,28,1,10
MEM-2025-LOT7,M06,-12,28,1,10
MEM-2025-LOT7,M06,-11,28,1,10
MEM-2025-LOT7,M06,-10,28,1,10
MEM-2025-LOT7,M06,-9,28,1,10
MEM-2025-LOT7,M06,-8,28,1,10
MEM-2025-LOT7,M06,-7,28,1,10
MEM-2025-LOT7,M06,-6,28,1,10
MEM-2025-LOT7,M06,-5,28,1,10
MEM-2025-LOT7,M06,-4,28,1,10
MEM-2025-LOT7,M06,-3,28,1,10
MEM-2025-LOT7,M06,-2,28,1,10
MEM-2025-LOT7,M06,-1,28,1,10
MEM-2025-LOT7,M06,0,28,1,10
MEM-2025-LOT7,M06,1,28,1,10
MEM-2025-LOT7,M06,2,28,1,10
MEM-2025-LOT7,M06,3,28,1,10
MEM-2025-LOT7,M06,4,28,1,10
MEM-2025-LOT7,M06,5,28,1,10
MEM-2025-LOT7,M06,6,28,1,10
MEM-2025-LOT7,M06,7,28,1,10
MEM-2025-LOT7,M06,8,28,1,10
MEM-2025-LOT7,M06,9,28,1,10
MEM-2025-LOT7,M06,10,28,1,10
MEM-2025-LOT7,M06,11,28,1,10
MEM-2025-LOT7,M06,12,28,1,10
MEM-2025-LOT7,M06,13,28,3,30
MEM-2025-LOT7,M06,14,28,2,22
MEM-2025-LOT7,M06,15,28,2,30
MEM-2025-LOT7,M06,16,28,3,21
MEM-2025-LOT7,M06,17,28,4,20
MEM-2025-LOT7,M06,18,28,2,22
MEM-2025-LOT7,M06,19,28,4,21
MEM-2025-LOT7,M06,20,28,1,10
MEM-2025-LOT7,M06,21,28,1,10
MEM-2025-LOT7,M06,22,28,2,22
MEM-2025-LOT7,M06,23,28,2,22
MEM-2025-LOT7,M06,24,28,1,10
MEM-2025-LOT7,M06,25,28,1,10
MEM-2025-LOT7,M06,26,28,1,10
MEM-2025-LOT7,M06,-25,29,1,10
MEM-2025-LOT7,M06,-24,29,3,21
MEM-2025-LOT7,M06,-23,29,2,30
MEM-2025-LOT7,M06,-22,29,1,10
MEM-2025-LOT7,M06,-21,29,1,10
MEM-2025-LOT7,M06,-20,29,2,22
MEM-2025-LOT7,M06,-19,29,2,31
MEM-2025-LOT7,M06,-18,29,4,22
MEM-2025-LOT7,M06,-17,29,2,22
MEM-2025-LOT7,M06,-16,29,2,31
MEM-2025-LOT7,M06,-15,29,2,31
MEM-2025-LOT7,M06,-14,29,2,22
MEM-2025-LOT7,M06,-13,29,1,10
MEM-2025-LOT7,M06,-12,29,1,10
MEM-2025-LOT7,M06,-11,29,1,10
MEM-2025-LOT7,M06,-10,29,1,10
MEM-2025-LOT7,M06,-9,29,1,10
MEM-2025-LOT7,M06,-8,29,1,10
MEM-2025-LOT7,M06,-7,29,1,10
MEM-2025-LOT7,M06,-6,29,1,10
MEM-2025-LOT7,M06,-5,29,1,10
MEM-2025-LOT7,M06,-4,29,1,10
MEM-2025-LOT7,M06,-3,29,1,10
MEM-2025-LOT7,M06,-2,29,1,10
MEM-2025-LOT7,M06,-1,29,1,10
MEM-2025-LOT7,M06,0,29,1,10
MEM-2025-LOT7,M06,1,29,1,10
MEM-2025-LOT7,M06,2,29,1,10
MEM-2025-LOT7,M06,3,29,1,10
MEM-2025-LOT7,M06,4,29,1,10
MEM-2025-LOT7,M06,5,29,1,10
MEM-2025-LOT7,M06,6,29,1,10
MEM-2025-LOT7,M06,7,29,1,10
MEM-2025-LOT7,M06,8,29,1,10
MEM-2025-LOT7,M06,9,29,1,10
MEM-2025-LOT7,M06,10,29,1,10
MEM-2025-LOT7,M06,11,29,1,10
MEM-2025-LOT7,M06,12,29,3,30
MEM-2025-LOT7,M06,13,29,1,10
MEM-2025-LOT7,M06,14,29,1,10
MEM-2025-LOT7,M06,15,29,3,30
MEM-2025-LOT7,M06,16,29,2,20
MEM-2025-LOT7,M06,17,29,1,10
MEM-2025-LOT7,M06,18,29,1,10
MEM-2025-LOT7,M06,19,29,2,22
MEM-2025-LOT7,M06,20,29,2,21
MEM-2025-LOT7,M06,21,29,3,30
MEM-2025-LOT7,M06,22,29,4,20
MEM-2025-LOT7,M06,23,29,2,22
MEM-2025-LOT7,M06,24,29,2,22
MEM-2025-LOT7,M06,25,29,1,10
MEM-2025-LOT7,M06,-25,30,1,10
MEM-2025-LOT7,M06,-24,30,1,10
MEM-2025-LOT7,M06,-23,30,1,10
MEM-2025-LOT7,M06,-22,30,2,30
MEM-2025-LOT7,M06,-21,30,1,10
MEM-2025-LOT7,M06,-20,30,2,22
MEM-2025-LOT7,M06,-19,30,1,10
MEM-2025-LOT7,M06,-18,30,2,30
MEM-2025-LOT7,M06,-17,30,1,10
MEM-2025-LOT7,M06,-16,30,1,10
MEM-2025-LOT7,M06,-15,30,1,10
MEM-2025-LOT7,M06,-14,30,3,30
MEM-2025-LOT7,M06,-13,30,3,31
MEM-2025-LOT7,M06,-12,30,2,21
MEM-2025-LOT7,M06,-11,30,3,30
MEM-2025-LOT7,M06,-10,30,2,22
MEM-2025-LOT7,M06,-9,30,1,10
MEM-2025-LOT7,M06,-8,30,1,10
MEM-2025-LOT7,M06,-7,30,1,10
MEM-2025-LOT7,M06,-6,30,1,10
MEM-2025-LOT7,M06,-5,30,1,10
MEM-2025-LOT7,M06,-4,30,1,10
MEM-2025-LOT7,M06,-3,30,1,10
MEM-2025-LOT7,M06,-2,30,1,10
MEM-2025-LOT7,M06,-1,30,1,10
MEM-2025-LOT7,M06,0,30,1,10
MEM-2025-LOT7,M06,1,30,1,10
MEM-2025-LOT7,M06,2,30,1,10
MEM-2025-LOT7,M06,3,30,1,10
MEM-2025-LOT7,M06,4,30,1,10
MEM-2025-LOT7,M06,5,30,1,10
MEM-2025-LOT7,M06,6,30,1,10
MEM-2025-LOT7,M06,7,30,1,10
MEM-2025-LOT7,M06,8,30,1,10
MEM-2025-LOT7,M06,9,30,1,10
MEM-2025-LOT7,M06,10,30,3,30
MEM-2025-LOT7,M06,11,30,2,22
MEM-2025-LOT7,M06,12,30,1,10
MEM-2025-LOT7,M06,13,30,1,10
MEM-2025-LOT7,M06,14,30,3,22
MEM-2025-LOT7,M06,15,30,2,22
MEM-2025-LOT7,M06,16,30,1,10
MEM-2025-LOT7,M06,17,30,1,10
MEM-2025-LOT7,M06,18,30,1,10
MEM-2025-LOT7,M06,19,30,2,22
MEM-2025-LOT7,M06,20,30,1,10
MEM-2025-LOT7,M06,21,30,1,10
MEM-2025-LOT7,M06,22,30,2,30
MEM-2025-LOT7,M06,23,30,1,10
MEM-2025-LOT7,M06,24,30,2,21
MEM-2025-LOT7,M06,25,30,4,30
MEM-2025-LOT7,M06,-24,31,1,10
MEM-2025-LOT7,M06,-23,31,2,21
MEM-2025-LOT7,M06,-22,31,2,30
MEM-2025-LOT7,M06,-21,31,2,20
MEM-2025-LOT7,M06,-20,31,3,22
MEM-2025-LOT7,M06,-19,31,4,22
MEM-2025-LOT7,M06,-18,31,3,22
MEM-2025-LOT7,M06,-17,31,1,10
MEM-2025-LOT7,M06,-16,31,2,31
MEM-2025-LOT7,M06,-15,31,1,10
MEM-2025-LOT7,M06,-14,31,1,10
MEM-2025-LOT7,M06,-13,31,1,10
MEM-2025-LOT7,M06,-12,31,2,30
MEM-2025-LOT7,M06,-11,31,4,20
MEM-2025-LOT7,M06,-10,31,1,10
MEM-2025-LOT7,M06,-9,31,1,10
MEM-2025-LOT7,M06,-8,31,1,10
MEM-2025-LOT7,M06,-7,31,1,10
MEM-2025-LOT7,M06,-6,31,1,10
MEM-2025-LOT7,M06,-5,31,1,10
MEM-2025-LOT7,M06,-4,31,1,10
MEM-2025-LOT7,M06,-3,31,1,10
MEM-2025-LOT7,M06,-2,31,1,10
MEM-2025-LOT7,M06,-1,31,1,10
MEM-2025-LOT7,M06,0,31,1,10
MEM-2025-LOT7,M06,1,31,1,10
MEM-2025-LOT7,M06,2,31,1,10
MEM-2025-LOT7,M06,3,31,1,10
MEM-2025-LOT7,M06,4,31,1,10
MEM-2025-LOT7,M06,5,31,1,10
MEM-2025-LOT7,M06,6,31,1,10
MEM-2025-LOT7,M06,7,31,1,10
MEM-2025-LOT7,M06,8,31,1,10
MEM-2025-LOT7,M06,9,31,3,21
MEM-2025-LOT7,M06,10,31,1,10
MEM-2025-LOT7,M06,11,31,4,30
MEM-2025-LOT7,M06,12,31,1,10
MEM-2025-LOT7,M06,13,31,4,20
MEM-2025-LOT7,M06,14,31,1,10
MEM-2025-LOT7,M06,15,31,1,10
MEM-2025-LOT7,M06,16,31,2,22
MEM-2025-LOT7,M06,17,31,1,10
MEM-2025-LOT7,M06,18,31,1,10
MEM-2025-LOT7,M06,19,31,1,10
MEM-2025-LOT7,M06,20,31,1,10
MEM-2025-LOT7,M06,21,31,2,20
MEM-2025-LOT7,M06,22,31,1,10
MEM-2025-LOT7,M06,23,31,2,30
MEM-2025-LOT7,M06,24,31,2,22
MEM-2025-LOT7,M06,-24,32,1,10
MEM-2025-LOT7,M06,-23,32,2,30
MEM-2025-LOT7,M06,-22,32,2,20
MEM-2025-LOT7,M06,-21,32,4,20
MEM-2025-LOT7,M06,-20,32,1,10
MEM-2025-LOT7,M06,-19,32,2,20
MEM-2025-LOT7,M06,-18,32,1,10
MEM-2025-LOT7,M06,-17,32,2,31
MEM-2025-LOT7,M06,-16,32,2,31
MEM-2025-LOT7,M06,-15,32,2,21
MEM-2025-LOT7,M06,-14,32,2,31
MEM-2025-LOT7,M06,-13,32,2,21
MEM-2025-LOT7,M06,-12,32,2,20
MEM-2025-LOT7,M06,-11,32,2,31
MEM-2025-LOT7,M06,-10,32,4,31
MEM-2025-LOT7,M06,-9,32,1,10
MEM-2025-LOT7,M06,-8,32,2,20
MEM-2025-LOT7,M06,-7,32,4,31
MEM-2025-LOT7,M06,-6,32,1,10
MEM-2025-LOT7,M06,-5,32,1,10
MEM-2025-LOT7,M06,-4,32,1,10
MEM-2025-LOT7,M06,-3,32,1,10
MEM-2025-LOT7,M06,-2,32,1,10
MEM-2025-LOT7,M06,-1,32,1,10
MEM-2025-LOT7,M06,0,32,1,10
MEM-2025-LOT7,M06,1,32,1,10
MEM-2025-LOT7,M06,2,32,1,10
MEM-2025-LOT7,M06,3,32,1,10
MEM-2025-LOT7,M06,4,32,1,10
MEM-2025-LOT7,M06,5,32,1,10
MEM-2025-LOT7,M06,6,32,1,10
MEM-2025-LOT7,M06,7,32,1,10
MEM-2025-LOT7,M06,8,32,2,31
MEM-2025-LOT7,M06,9,32,1,10
MEM-2025-LOT7,M06,10,32,3,31
MEM-2025-LOT7,M06,11,32,1,10
MEM-2025-LOT7,M06,12,32,3,21
MEM-2025-LOT7,M06,13,32,4,21
MEM-2025-LOT7,M06,14,32,1,10
MEM-2025-LOT7,M06,15,32,2,30
MEM-2025-LOT7,M06,16,32,1,10
MEM-2025-LOT7,M06,17,32,1,10
MEM-2025-LOT7,M06,18,32,1,10
MEM-2025-LOT7,M06,19,32,1,10
MEM-2025-LOT7,M06,20,32,1,10
MEM-2025-LOT7,M06,21,32,1,10
MEM-2025-LOT7,M06,22,32,1,10
MEM-2025-LOT7,M06,23,32,2,20
MEM-2025-LOT7,M06,24,32,1,10
MEM-2025-LOT7,M06,-23,33,2,30
MEM-2025-LOT7,M06,-22,33,1,10
MEM-2025-LOT7,M06,-21,33,1,10
MEM-2025-LOT7,M06,-20,33,2,20
MEM-2025-LOT7,M06,-19,33,1,10
MEM-2025-LOT7,M06,-18,33,1,10
MEM-2025-LOT7,M06,-17,33,1,10
MEM-2025-LOT7,M06,-16,33,3,21
MEM-2025-LOT7,M06,-15,33,1,10
MEM-2025-LOT7,M06,-14,33,1,10
MEM-2025-LOT7,M06,-13,33,1,10
MEM-2025-LOT7,M06,-12,33,1,10
MEM-2025-LOT7,M06,-11,33,1,10
MEM-2025-LOT7,M06,-10,33,1,10
MEM-2025-LOT7,M06,-9,33,1,10
MEM-2025-LOT7,M06,-8,33,4,30
MEM-2025-LOT7,M06,-7,33,2,22
MEM-2025-LOT7,M06,-6,33,2,30
MEM-2025-LOT7,M06,-5,33,1,10
MEM-2025-LOT7,M06,-4,33,1,10
MEM-2025-LOT7,M06,-3,33,1,10
MEM-2025-LOT7,M06,-2,33,1,10
MEM-2025-LOT7,M06,-1,33,1,10
MEM-2025-LOT7,M06,0,33,1,10
MEM-2025-LOT7,M06,1,33,1,10
MEM-2025-LOT7,M06,2,33,1,10
MEM-2025-LOT7,M06,3,33,1,10
MEM-2025-LOT7,M06,4,33,1,10
MEM-2025-LOT7,M06,5,33,2,21
MEM-2025-LOT7,M06,6,33,4,30
MEM-2025-LOT7,M06,7,33,1,10
MEM-2025-LOT7,M06,8,33,2,20
MEM-2025-LOT7,M06,9,33,1,10
MEM-2025-LOT7,M06,10,33,2,22
MEM-2025-LOT7,M06,11,33,2,30
MEM-2025-LOT7,M06,12,33,1,10
MEM-2025-LOT7,M06,13,33,1,10
MEM-2025-LOT7,M06,14,33,1,10
MEM-2025-LOT7,M06,15,33,2,21
MEM-2025-LOT7,M06,16,33,4,22
MEM-2025-LOT7,M06,17,33,3,21
MEM-2025-LOT7,M06,18,33,1,10
MEM-2025-LOT7,M06,19,33,1,10
MEM-2025-LOT7,M06,20,33,1,10
MEM-2025-LOT7,M06,21,33,2,20
MEM-2025-LOT7,M06,22,33,2,20
MEM-2025-LOT7,M06,23,33,1,10
MEM-2025-LOT7,M06,-23,34,1,10
MEM-2025-LOT7,M06,-22,34,1,10
MEM-2025-LOT7,M06,-21,34,1,10
MEM-2025-LOT7,M06,-20,34,3,30
MEM-2025-LOT7,M06,-19,34,2,22
MEM-2025-LOT7,M06,-18,34,1,10
MEM-2025-LOT7,M06,-17,34,1,10
MEM-2025-LOT7,M06,-16,34,2,22
MEM-2025-LOT7,M06,-15,34,1,10
MEM-2025-LOT7,M06,-14,34,1,10
MEM-2025-LOT7,M06,-13,34,1,10
MEM-2025-LOT7,M06,-12,34,3,22
MEM-2025-LOT7,M06,-11,34,1,10
MEM-2025-LOT7,M06,-10,34,1,10
MEM-2025-LOT7,M06,-9,34,3,31
MEM-2025-LOT7,M06,-8,34,1,10
MEM-2025-LOT7,M06,-7,34,1,10
MEM-2025-LOT7,M06,-6,34,1,10
MEM-2025-LOT7,M06,-5,34,1,10
MEM-2025-LOT7,M06,-4,34,1,10
MEM-2025-LOT7,M06,-3,34,2,20
MEM-2025-LOT7,M06,-2,34,4,20
MEM-2025-LOT7,M06,-1,34,1,10
MEM-2025-LOT7,M06,0,34,2,21
MEM-2025-LOT7,M06,1,34,2,21
MEM-2025-LOT7,M06,2,34,1,10
MEM-2025-LOT7,M06,3,34,1,10
MEM-2025-LOT7,M06,4,34,2,20
MEM-2025-LOT7,M06,5,34,1,10
MEM-2025-LOT7,M06,6,34,2,30
MEM-2025-LOT7,M06,7,34,1,10
MEM-2025-LOT7,M06,8,34,4,30
MEM-2025-LOT7,M06,9,34,3,21
MEM-2025-LOT7,M06,10,34,3,31
MEM-2025-LOT7,M06,11,34,2,31
MEM-2025-LOT7,M06,12,34,1,10
MEM-2025-LOT7,M06,13,34,1,10
MEM-2025-LOT7,M06,14,34,1,10
MEM-2025-LOT7,M06,15,34,1,10
MEM-2025-LOT7,M06,16,34,1,10
MEM-2025-LOT7,M06,17,34,2,21
MEM-2025-LOT7,M06,18,34,1,10
MEM-2025-LOT7,M06,19,34,2,31
MEM-2025-LOT7,M06,20,34,1,10
MEM-2025-LOT7,M06,21,34,2,20
MEM-2025-LOT7,M06,22,34,4,30
MEM-2025-LOT7,M06,23,34,1,10
MEM-2025-LOT7,M06,-22,35,1,10
MEM-2025-LOT7,M06,-21,35,1,10
MEM-2025-LOT7,M06,-20,35,2,22
MEM-2025-LOT7,M06,-19,35,2,20
MEM-2025-LOT7,M06,-18,35,2,22
MEM-2025-LOT7,M06,-17,35,4,31
MEM-2025-LOT7,M06,-16,35,1,10
MEM-2025-LOT7,M06,-15,35,1,10
MEM-2025-LOT7,M06,-14,35,1,10
MEM-2025-LOT7,M06,-13,35,1,10
MEM-2025-LOT7,M06,-12,35,4,31
MEM-2025-LOT7,M06,-11,35,1,10
MEM-2025-LOT7,M06,-10,35,1,10
MEM-2025-LOT7,M06,-9,35,3,31
MEM-2025-LOT7,M06,-8,35,2,20
MEM-2025-LOT7,M06,-7,35,1,10
MEM-2025-LOT7,M06,-6,35,1,10
MEM-2025-LOT7,M06,-5,35,4,22
MEM-2025-LOT7,M06,-4,35,1,10
MEM-2025-LOT7,M06,-3,35,1,10
MEM-2025-LOT7,M06,-2,35,1,10
MEM-2025-LOT7,M06,-1,35,2,30
MEM-2025-LOT7,M06,0,35,2,21
MEM-2025-LOT7,M06,1,35,1,10
MEM-2025-LOT7,M06,2,35,2,22
MEM-2025-LOT7,M06,3,35,1,10
MEM-2025-LOT7,M06,4,35,2,22
MEM-2025-LOT7,M06,5,35,4,20
MEM-2025-LOT7,M06,6,35,1,10
MEM-2025-LOT7,M06,7,35,1,10
MEM-2025-LOT7,M06,8,35,4,21
MEM-2025-LOT7,M06,9,35,1,10
MEM-2025-LOT7,M06,10,35,3,20
MEM-2025-LOT7,M06,11,35,1,10
MEM-2025-LOT7,M06,12,35,3,20
MEM-2025-LOT7,M06,13,35,2,31
MEM-2025-LOT7,M06,14,35,3,20
MEM-2025-LOT7,M06,15,35,1,10
MEM-2025-LOT7,M06,16,35,2,22
MEM-2025-LOT7,M06,17,35,3,31
MEM-2025-LOT7,M06,18,35,1,10
MEM-2025-LOT7,M06,19,35,1,10
MEM-2025-LOT7,M06,20,35,1,10
MEM-2025-LOT7,M06,21,35,1,10
MEM-2025-LOT7,M06,22,35,1,10
MEM-2025-LOT7,M06,-21,36,1,10
MEM-2025-LOT7,M06,-20,36,2,21
MEM-2025-LOT7,M06,-19,36,2,31
MEM-2025-LOT7,M06,-18,36,1,10
MEM-2025-LOT7,M06,-17,36,1,10
MEM-2025-LOT7,M06,-16,36,4,21
MEM-2025-LOT7,M06,-15,36,2,31
MEM-2025-LOT7,M06,-14,36,3,21
MEM-2025-LOT7,M06,-13,36,1,10
MEM-2025-LOT7,M06,-12,36,1,10
MEM-2025-LOT7,M06,-11,36,1,10
MEM-2025-LOT7,M06,-10,36,1,10
MEM-2025-LOT7,M06,-9,36,1,10
MEM-2025-LOT7,M06,-8,36,2,31
MEM-2025-LOT7,M06,-7,36,1,10
MEM-2025-LOT7,M06,-6,36,1,10
MEM-2025-LOT7,M06,-5,36,1,10
MEM-2025-LOT7,M06,-4,36,2,20
MEM-2025-LOT7,M06,-3,36,1,10
MEM-2025-LOT7,M06,-2,36,4,31
MEM-2025-LOT7,M06,-1,36,2,31
MEM-2025-LOT7,M06,0,36,3,31
MEM-2025-LOT7,M06,1,36,2,21
MEM-2025-LOT7,M06,2,36,3,22
MEM-2025-LOT7,M06,3,36,1,10
MEM-2025-LOT7,M06,4,36,3,21
MEM-2025-LOT7,M06,5,36,2,22
MEM-2025-LOT7,M06,6,36,1,10
MEM-2025-LOT7,M06,7,36,1,10
MEM-2025-LOT7,M06,8,36,1,10
MEM-2025-LOT7,M06,9,36,3,20
MEM-2025-LOT7,M06,10,36,1,10
MEM-2025-LOT7,M06,11,36,1,10
MEM-2025-LOT7,M06,12,36,4,20
MEM-2025-LOT7,M06,13,36,1,10
MEM-2025-LOT7,M06,14,36,1,10
MEM-2025-LOT7,M06,15,36,1,10
MEM-2025-LOT7,M06,16,36,1,10
MEM-2025-LOT7,M06,17,36,1,10
MEM-2025-LOT7,M06,18,36,1,10
MEM-2025-LOT7,M06,19,36,1,10
MEM-2025-LOT7,M06,20,36,4,21
MEM-2025-LOT7,M06,21,36,1,10
MEM-2025-LOT7,M06,-20,37,4,21
MEM-2025-LOT7,M06,-19,37,2,22
MEM-2025-LOT7,M06,-18,37,1,10
MEM-2025-LOT7,M06,-17,37,4,30
MEM-2025-LOT7,M06,-16,37,4,21
MEM-2025-LOT7,M06,-15,37,2,21
MEM-2025-LOT7,M06,-14,37,2,20
MEM-2025-LOT7,M06,-13,37,1,10
MEM-2025-LOT7,M06,-12,37,2,30
MEM-2025-LOT7,M06,-11,37,1,10
MEM-2025-LOT7,M06,-10,37,1,10
MEM-2025-LOT7,M06,-9,37,4,20
MEM-2025-LOT7,M06,-8,37,2,22
MEM-2025-LOT7,M06,-7,37,2,20
MEM-2025-LOT7,M06,-6,37,1,10
MEM-2025-LOT7,M06,-5,37,2,22
MEM-2025-LOT7,M06,-4,37,1,10
MEM-2025-LOT7,M06,-3,37,1,10
MEM-2025-LOT7,M06,-2,37,1,10
MEM-2025-LOT7,M06,-1,37,1,10
MEM-2025-LOT7,M06,0,37,2,21
MEM-2025-LOT7,M06,1,37,3,22
MEM-2025-LOT7,M06,2,37,1,10
MEM-2025-LOT7,M06,3,37,3,20
MEM-2025-LOT7,M06,4,37,3,30
MEM-2025-LOT7,M06,5,37,3,31
MEM-2025-LOT7,M06,6,37,1,10
MEM-2025-LOT7,M06,7,37,1,10
MEM-2025-LOT7,M06,8,37,1,10
MEM-2025-LOT7,M06,9,37,4,31
MEM-2025-LOT7,M06,10,37,1,10
MEM-2025-LOT7,M06,11,37,1,10
MEM-2025-LOT7,M06,12,37,3,22
MEM-2025-LOT7,M06,13,37,2,31
MEM-2025-LOT7,M06,14,37,4,20
MEM-2025-LOT7,M06,15,37,1,10
MEM-2025-LOT7,M06,16,37,2,31
MEM-2025-LOT7,M06,17,37,1,10
MEM-2025-LOT7,M06,18,37,2,31
MEM-2025-LOT7,M06,19,37,4,30
MEM-2025-LOT7,M06,20,37,3,31
MEM-2025-LOT7,M06,-20,38,2,20
MEM-2025-LOT7,M06,-19,38,1,10
MEM-2025-LOT7,M06,-18,38,1,10
MEM-2025-LOT7,M06,-17,38,1,10
MEM-2025-LOT7,M06,-16,38,1,10
MEM-2025-LOT7,M06,-15,38,1,10
MEM-2025-LOT7,M06,-14,38,1,10
MEM-2025-LOT7,M06,-13,38,1,10
MEM-2025-LOT7,M06,-12,38,1,10
MEM-2025-LOT7,M06,-11,38,3,20
MEM-2025-LOT7,M06,-10,38,2,30
MEM-2025-LOT7,M06,-9,38,1,10
MEM-2025-LOT7,M06,-8,38,1,10
MEM-2025-LOT7,M06,-7,38,3,31
MEM-2025-LOT7,M06,-6,38,1,10
MEM-2025-LOT7,M06,-5,38,4,31
MEM-2025-LOT7,M06,-4,38,3,21
MEM-2025-LOT7,M06,-3,38,1,10
MEM-2025-LOT7,M06,-2,38,2,22
MEM-2025-LOT7,M06,-1,38,2,20
MEM-2025-LOT7,M06,0,38,1,10
MEM-2025-LOT7,M06,1,38,1,10
MEM-2025-LOT7,M06,2,38,1,10
MEM-2025-LOT7,M06,3,38,2,30
MEM-2025-LOT7,M06,4,38,2,21
MEM-2025-LOT7,M06,5,38,2,31
MEM-2025-LOT7,M06,6,38,1,10
MEM-2025-LOT7,M06,7,38,1,10
MEM-2025-LOT7,M06,8,38,2,21
MEM-2025-LOT7,M06,9,38,1,10
MEM-2025-LOT7,M06,10,38,2,30
MEM-2025-LOT7,M06,11,38,1,10
MEM-2025-LOT7,M06,12,38,4,31
MEM-2025-LOT7,M06,13,38,2,31
MEM-2025-LOT7,M06,14,38,1,10
MEM-2025-LOT7,M06,15,38,1,10
MEM-2025-LOT7,M06,16,38,1,10
MEM-2025-LOT7,M06,17,38,2,30
MEM-2025-LOT7,M06,18,38,1,10
MEM-2025-LOT7,M06,19,38,1,10
MEM-2025-LOT7,M06,20,38,1,10
MEM-2025-LOT7,M06,-19,39,4,21
MEM-2025-LOT7,M06,-18,39,1,10
MEM-2025-LOT7,M06,-17,39,2,30
MEM-2025-LOT7,M06,-16,39,2,31
MEM-2025-LOT7,M06,-15,39,1,10
MEM-2025-LOT7,M06,-14,39,1,10
MEM-2025-LOT7,M06,-13,39,2,20
MEM-2025-LOT7,M06,-12,39,4,22
MEM-2025-LOT7,M06,-11,39,4,30
MEM-2025-LOT7,M06,-10,39,1,10
MEM-2025-LOT7,M06,-9,39,1,10
MEM-2025-LOT7,M06,-8,39,2,20
MEM-2025-LOT7,M06,-7,39,1,10
MEM-2025-LOT7,M06,-6,39,4,20
MEM-2025-LOT7,M06,-5,39,3,20
MEM-2025-LOT7,M06,-4,39,1,10
MEM-2025-LOT7,M06,-3,39,1,10
MEM-2025-LOT7,M06,-2,39,2,21
MEM-2025-LOT7,M06,-1,39,2,30
MEM-2025-LOT7,M06,0,39,4,21
MEM-2025-LOT7,M06,1,39,1,10
MEM-2025-LOT7,M06,2,39,3,30
MEM-2025-LOT7,M06,3,39,1,10
MEM-2025-LOT7,M06,4,39,2,30
MEM-2025-LOT7,M06,5,39,2,30
MEM-2025-LOT7,M06,6,39,3,31
MEM-2025-LOT7,M06,7,39,1,10
MEM-2025-LOT7,M06,8,39,2,21
MEM-2025-LOT7,M06,9,39,1,10
MEM-2025-LOT7,M06,10,39,2,21
MEM-2025-LOT7,M06,11,39,1,10
MEM-2025-LOT7,M06,12,39,2,22
MEM-2025-LOT7,M06,13,39,1,10
MEM-2025-LOT7,M06,14,39,2,21
MEM-2025-LOT7,M06,15,39,1,10
MEM-2025-LOT7,M06,16,39,1,10
MEM-2025-LOT7,M06,17,39,1,10
MEM-2025-LOT7,M06,18,39,1,10
MEM-2025-LOT7,M06,19,39,1,10
MEM-2025-LOT7,M06,-18,40,1,10
MEM-2025-LOT7,M06,-17,40,1,10
MEM-2025-LOT7,M06,-16,40,1,10
MEM-2025-LOT7,M06,-15,40,1,10
MEM-2025-LOT7,M06,-14,40,1,10
MEM-2025-LOT7,M06,-13,40,2,31
MEM-2025-LOT7,M06,-12,40,3,21
MEM-2025-LOT7,M06,-11,40,1,10
MEM-2025-LOT7,M06,-10,40,3,20
MEM-2025-LOT7,M06,-9,40,2,21
MEM-2025-LOT7,M06,-8,40,2,21
MEM-2025-LOT7,M06,-7,40,2,22
MEM-2025-LOT7,M06,-6,40,1,10
MEM-2025-LOT7,M06,-5,40,1,10
MEM-2025-LOT7,M06,-4,40,1,10
MEM-2025-LOT7,M06,-3,40,1,10
MEM-2025-LOT7,M06,-2,40,1,10
MEM-2025-LOT7,M06,-1,40,4,30
MEM-2025-LOT7,M06,0,40,1,10
MEM-2025-LOT7,M06,1,40,1,10
MEM-2025-LOT7,M06,2,40,2,31
MEM-2025-LOT7,M06,3,40,1,10
MEM-2025-LOT7,M06,4,40,1,10
MEM-2025-LOT7,M06,5,40,2,21
MEM-2025-LOT7,M06,6,40,1,10
MEM-2025-LOT7,M06,7,40,2,20
MEM-2025-LOT7,M06,8,40,1,10
MEM-2025-LOT7,M06,9,40,1,10
MEM-2025-LOT7,M06,10,40,2,31
MEM-2025-LOT7,M06,11,40,1,10
MEM-2025-LOT7,M06,12,40,1,10
MEM-2025-LOT7,M06,13,40,3,30
MEM-2025-LOT7,M06,14,40,1,10
MEM-2025-LOT7,M06,15,40,1,10
MEM-2025-LOT7,M06,16,40,2,31
MEM-2025-LOT7,M06,17,40,1,10
MEM-2025-LOT7,M06,18,40,4,31
MEM-2025-LOT7,M06,-17,41,2,22
MEM-2025-LOT7,M06,-16,41,1,10
MEM-2025-LOT7,M06,-15,41,1,10
MEM-2025-LOT7,M06,-14,41,4,21
MEM-2025-LOT7,M06,-13,41,3,21
MEM-2025-LOT7,M06,-12,41,1,10
MEM-2025-LOT7,M06,-11,41,2,21
MEM-2025-LOT7,M06,-10,41,1,10
MEM-2025-LOT7,M06,-9,41,1,10
MEM-2025-LOT7,M06,-8,41,1,10
MEM-2025-LOT7,M06,-7,41,3,30
MEM-2025-LOT7,M06,-6,41,1,10
MEM-2025-LOT7,M06,-5,41,1,10
MEM-2025-LOT7,M06,-4,41,3,31
MEM-2025-LOT7,M06,-3,41,4,20
MEM-2025-LOT7,M06,-2,41,2,20
MEM-2025-LOT7,M06,-1,41,1,10
MEM-2025-LOT7,M06,0,41,4,30
MEM-2025-LOT7,M06,1,41,4,30
MEM-2025-LOT7,M06,2,41,1,10
MEM-2025-LOT7,M06,3,41,1,10
MEM-2025-LOT7,M06,4,41,1,10
MEM-2025-LOT7,M06,5,41,3,21
MEM-2025-LOT7,M06,6,41,4,30
MEM-2025-LOT7,M06,7,41,1,10
MEM-2025-LOT7,M06,8,41,1,10
MEM-2025-LOT7,M06,9,41,3,30
MEM-2025-LOT7,M06,10,41,1,10
MEM-2025-LOT7,M06,11,41,1,10
MEM-2025-LOT7,M06,12,41,1,10
MEM-2025-LOT7,M06,13,41,2,22
MEM-2025-LOT7,M06,14,41,1,10
MEM-2025-LOT7,M06,15,41,1,10
MEM-2025-LOT7,M06,16,41,2,21
MEM-2025-LOT7,M06,17,41,2,31
MEM-2025-LOT7,M06,-16,42,4,21
MEM-2025-LOT7,M06,-15,42,3,30
MEM-2025-LOT7,M06,-14,42,1,10
MEM-2025-LOT7,M06,-13,42,1,10
MEM-2025-LOT7,M06,-12,42,4,30
MEM-2025-LOT7,M06,-11,42,1,10
MEM-2025-LOT7,M06,-10,42,1,10
MEM-2025-LOT7,M06,-9,42,2,21
MEM-2025-LOT7,M06,-8,42,1,10
MEM-2025-LOT7,M06,-7,42,1,10
MEM-2025-LOT7,M06,-6,42,2,22
MEM-2025-LOT7,M06,-5,42,3,31
MEM-2025-LOT7,M06,-4,42,1,10
MEM-2025-LOT7,M06,-3,42,1,10
MEM-2025-LOT7,M06,-2,42,1,10
MEM-2025-LOT7,M06,-1,42,1,10
MEM-2025-LOT7,M06,0,42,4,21
MEM-2025-LOT7,M06,1,42,3,21
MEM-2025-LOT7,M06,2,42,1,10
MEM-2025-LOT7,M06,3,42,1,10
MEM-2025-LOT7,M06,4,42,1,10
MEM-2025-LOT7,M06,5,42,2,21
MEM-2025-LOT7,M06,6,42,3,22
MEM-2025-LOT7,M06,7,42,1,10
MEM-2025-LOT7,M06,8,42,1,10
MEM-2025-LOT7,M06,9,42,4,20
MEM-2025-LOT7,M06,10,42,3,20
MEM-2025-LOT7,M06,11,42,1,10
MEM-2025-LOT7,M06,12,42,1,10
MEM-2025-LOT7,M06,13,42,2,31
MEM-2025-LOT7,M06,14,42,3,20
MEM-2025-LOT7,M06,15,42,2,30
MEM-2025-LOT7,M06,16,42,1,10
MEM-2025-LOT7,M06,-14,43,2,30
MEM-2025-LOT7,M06,-13,43,2,21
MEM-2025-LOT7,M06,-12,43,4,30
MEM-2025-LOT7,M06,-11,43,1,10
MEM-2025-LOT7,M06,-10,43,1,10
MEM-2025-LOT7,M06,-9,43,1,10
MEM-2025-LOT7,M06,-8,43,4,21
MEM-2025-LOT7,M06,-7,43,2,31
MEM-2025-LOT7,M06,-6,43,2,31
MEM-2025-LOT7,M06,-5,43,3,22
MEM-2025-LOT7,M06,-4,43,4,22
MEM-2025-LOT7,M06,-3,43,1,10
MEM-2025-LOT7,M06,-2,43,1,10
MEM-2025-LOT7,M06,-1,43,2,22
MEM-2025-LOT7,M06,0,43,1,10
MEM-2025-LOT7,M06,1,43,1,10
MEM-2025-LOT7,M06,2,43,4,31
MEM-2025-LOT7,M06,3,43,4,31
MEM-2025-LOT7,M06,4,43,2,21
MEM-2025-LOT7,M06,5,43,4,30
MEM-2025-LOT7,M06,6,43,1,10
MEM-2025-LOT7,M06,7,43,4,20
MEM-2025-LOT7,M06,8,43,2,31
MEM-2025-LOT7,M06,9,43,4,31
MEM-2025-LOT7,M06,10,43,2,30
MEM-2025-LOT7,M06,11,43,1,10
MEM-2025-LOT7,M06,12,43,4,21
MEM-2025-LOT7,M06,13,43,2,31
MEM-2025-LOT7,M06,14,43,1,10
MEM-2025-LOT7,M06,-13,44,1,10
MEM-2025-LOT7,M06,-12,44,4,21
MEM-2025-LOT7,M06,-11,44,3,31
MEM-2025-LOT7,M06,-10,44,1,10
MEM-2025-LOT7,M06,-9,44,1,10
MEM-2025-LOT7,M06,-8,44,2,21
MEM-2025-LOT7,M06,-7,44,2,31
MEM-2025-LOT7,M06,-6,44,3,21
MEM-2025-LOT7,M06,-5,44,1,10
MEM-2025-LOT7,M06,-4,44,1,10
MEM-2025-LOT7,M06,-3,44,3,30
MEM-2025-LOT7,M06,-2,44,1,10
MEM-2025-LOT7,M06,-1,44,1,10
MEM-2025-LOT7,M06,0,44,3,31
MEM-2025-LOT7,M06,1,44,1,10
MEM-2025-LOT7,M06,2,44,2,20
MEM-2025-LOT7,M06,3,44,1,10
MEM-2025-LOT7,M06,4,44,2,22
MEM-2025-LOT7,M06,5,44,2,31
MEM-2025-LOT7,M06,6,44,1,10
MEM-2025-LOT7,M06,7,44,2,21
MEM-2025-LOT7,M06,8,44,1,10
MEM-2025-LOT7,M06,9,44,3,31
MEM-2025-LOT7,M06,10,44,1,10
MEM-2025-LOT7,M06,11,44,1,10
MEM-2025-LOT7,M06,12,44,1,10
MEM-2025-LOT7,M06,13,44,2,21
MEM-2025-LOT7,M06,-12,45,1,10
MEM-2025-LOT7,M06,-11,45,1,10
MEM-2025-LOT7,M06,-10,45,3,21
MEM-2025-LOT7,M06,-9,45,2,21
MEM-2025-LOT7,M06,-8,45,2,20
MEM-2025-LOT7,M06,-7,45,2,21
MEM-2025-LOT7,M06,-6,45,1,10
MEM-2025-LOT7,M06,-5,45,1,10
MEM-2025-LOT7,M06,-4,45,1,10
MEM-2025-LOT7,M06,-3,45,3,20
MEM-2025-LOT7,M06,-2,45,1,10
MEM-2025-LOT7,M06,-1,45,3,20
MEM-2025-LOT7,M06,0,45,1,10
MEM-2025-LOT7,M06,1,45,4,31
MEM-2025-LOT7,M06,2,45,1,10
MEM-2025-LOT7,M06,3,45,1,10
MEM-2025-LOT7,M06,4,45,2,30
MEM-2025-LOT7,M06,5,45,1,10
MEM-2025-LOT7,M06,6,45,1,10
MEM-2025-LOT7,M06,7,45,4,31
MEM-2025-LOT7,M06,8,45,1,10
MEM-2025-LOT7,M06,9,45,1,10
MEM-2025-LOT7,M06,10,45,2,20
MEM-2025-LOT7,M06,11,45,2,31
MEM-2025-LOT7,M06,12,45,4,20
MEM-2025-LOT7,M06,-10,46,1,10
MEM-2025-LOT7,M06,-9,46,1,10
MEM-2025-LOT7,M06,-8,46,3,31
MEM-2025-LOT7,M06,-7,46,1,10
MEM-2025-LOT7,M06,-6,46,2,31
MEM-2025-LOT7,M06,-5,46,1,10
MEM-2025-LOT7,M06,-4,46,2,22
MEM-2025-LOT7,M06,-3,46,3,20
MEM-2025-LOT7,M06,-2,46,2,31
MEM-2025-LOT7,M06,-1,46,3,21
MEM-2025-LOT7,M06,0,46,1,10
MEM-2025-LOT7,M06,1,46,1,10
MEM-2025-LOT7,M06,2,46,1,10
MEM-2025-LOT7,M06,3,46,3,31
MEM-2025-LOT7,M06,4,46,1,10
MEM-2025-LOT7,M06,5,46,1,10
MEM-2025-LOT7,M06,6,46,1,10
MEM-2025-LOT7,M06,7,46,1,10
MEM-2025-LOT7,M06,8,46,1,10
MEM-2025-LOT7,M06,9,46,4,31
MEM-2025-LOT7,M06,10,46,1,10
MEM-2025-LOT7,M06,-7,47,4,31
MEM-2025-LOT7,M06,-6,47,3,21
MEM-2025-LOT7,M06,-5,47,1,10
MEM-2025-LOT7,M06,-4,47,1,10
MEM-2025-LOT7,M06,-3,47,2,30
MEM-2025-LOT7,M06,-2,47,1,10
MEM-2025-LOT7,M06,-1,47,1,10
MEM-2025-LOT7,M06,0,47,1,10
MEM-2025-LOT7,M06,1,47,1,10
MEM-2025-LOT7,M06,2,47,1,10
MEM-2025-LOT7,M06,3,47,1,10
MEM-2025-LOT7,M06,4,47,1,10
MEM-2025-LOT7,M06,5,47,1,10
MEM-2025-LOT7,M06,6,47,4,21
MEM-2025-LOT7,M06,7,47,1,10
MEM-2025-LOT7,M06,-4,48,1,10
MEM-2025-LOT7,M06,-3,48,1,10
MEM-2025-LOT7,M06,-2,48,1,10
MEM-2025-LOT7,M06,-1,48,1,10
MEM-2025-LOT7,M06,0,48,1,10
MEM-2025-LOT7,M06,1,48,1,10
MEM-2025-LOT7,M06,2,48,4,30
MEM-2025-LOT7,M06,3,48,4,22
MEM-2025-LOT7,M06,4,48,1,10
